gpu,model,scheme,build,kernel,M,N,K,ms,tflops
780m,1b,4w,cand,sarc_linear_q4gsw_coopmat_sweep_t128x256k32g42s32f32c_texture3d_texture2d_half,2048,2048,2048,1.6404,10.473
780m,1b,4w,cand,sarc_linear_q4gsw_coopmat_t128x128k32g42s32f32c_texture3d_texture2d_half,2048,512,2048,0.4504,9.535
780m,1b,4w,cand,sarc_linear_q4gsw_coopmat_t128x128k32g42s32f32c_texture3d_texture2d_half,2048,512,2048,0.4497,9.55
780m,1b,4w,cand,sarc_linear_q4gsw_coopmat_sweep_t128x256k32g42s32f32c_texture3d_texture2d_half,2048,2048,2048,1.6211,10.598
780m,1b,4w,cand,sarc_linear_q4gsw_coopmat_sweep_t128x256k32g42s32f32c_texture3d_texture2d_half,2048,8192,2048,6.2579,10.981
780m,1b,4w,cand,sarc_linear_q4gsw_coopmat_sweep_t128x256k32g42s32f32c_texture3d_texture2d_half,2048,8192,2048,6.2362,11.019
780m,1b,4w,cand,sarc_linear_q4gsw_coopmat_sweep_t128x256k32g42s32f32c_texture3d_texture2d_half,2048,2048,8192,6.367,10.793
780m,1b,4w,cand,sarc_linear_q4gsw_coopmat_sweep_t128x256k32g42s32f32c_texture3d_texture2d_half,2048,2048,2048,1.6538,10.388
780m,1b,4w,cand,sarc_linear_q4gsw_coopmat_t128x128k32g42s32f32c_texture3d_texture2d_half,2048,512,2048,0.4484,9.578
780m,1b,4w,cand,sarc_linear_q4gsw_coopmat_t128x128k32g42s32f32c_texture3d_texture2d_half,2048,512,2048,0.4637,9.263
780m,1b,4w,cand,sarc_linear_q4gsw_coopmat_sweep_t128x256k32g42s32f32c_texture3d_texture2d_half,2048,2048,2048,1.6293,10.544
780m,1b,4w,cand,sarc_linear_q4gsw_coopmat_sweep_t128x256k32g42s32f32c_texture3d_texture2d_half,2048,8192,2048,6.2472,11.0
780m,1b,4w,cand,sarc_linear_q4gsw_coopmat_sweep_t128x256k32g42s32f32c_texture3d_texture2d_half,2048,8192,2048,6.2376,11.017
780m,1b,4w,cand,sarc_linear_q4gsw_coopmat_sweep_t128x256k32g42s32f32c_texture3d_texture2d_half,2048,2048,8192,6.4559,10.644
780m,1b,4w,cand,sarc_linear_q4gsw_coopmat_sweep_t128x256k32g42s32f32c_texture3d_texture2d_half,2048,2048,2048,1.6708,10.282
780m,1b,4w,cand,sarc_linear_q4gsw_coopmat_t128x128k32g42s32f32c_texture3d_texture2d_half,2048,512,2048,0.4627,9.283
780m,1b,4w,cand,sarc_linear_q4gsw_coopmat_t128x128k32g42s32f32c_texture3d_texture2d_half,2048,512,2048,0.4654,9.229
780m,1b,4w,cand,sarc_linear_q4gsw_coopmat_sweep_t128x256k32g42s32f32c_texture3d_texture2d_half,2048,2048,2048,1.653,10.393
780m,1b,4w,cand,sarc_linear_q4gsw_coopmat_sweep_t128x256k32g42s32f32c_texture3d_texture2d_half,2048,8192,2048,6.2478,10.999
780m,1b,4w,cand,sarc_linear_q4gsw_coopmat_sweep_t128x256k32g42s32f32c_texture3d_texture2d_half,2048,8192,2048,6.2671,10.965
780m,1b,4w,cand,sarc_linear_q4gsw_coopmat_sweep_t128x256k32g42s32f32c_texture3d_texture2d_half,2048,2048,8192,6.3975,10.742
780m,1b,4w,cand,sarc_linear_q4gsw_coopmat_sweep_t128x256k32g42s32f32c_texture3d_texture2d_half,2048,2048,2048,1.6667,10.308
780m,1b,4w,cand,sarc_linear_q4gsw_coopmat_t128x128k32g42s32f32c_texture3d_texture2d_half,2048,512,2048,0.4661,9.215
780m,1b,4w,cand,sarc_linear_q4gsw_coopmat_t128x128k32g42s32f32c_texture3d_texture2d_half,2048,512,2048,0.4573,9.392
780m,1b,4w,cand,sarc_linear_q4gsw_coopmat_sweep_t128x256k32g42s32f32c_texture3d_texture2d_half,2048,2048,2048,1.6488,10.42
780m,1b,4w,cand,sarc_linear_q4gsw_coopmat_sweep_t128x256k32g42s32f32c_texture3d_texture2d_half,2048,8192,2048,6.2372,11.018
780m,1b,4w,cand,sarc_linear_q4gsw_coopmat_sweep_t128x256k32g42s32f32c_texture3d_texture2d_half,2048,8192,2048,6.2509,10.994
780m,1b,4w,cand,sarc_linear_q4gsw_coopmat_sweep_t128x256k32g42s32f32c_texture3d_texture2d_half,2048,2048,8192,6.4313,10.685
780m,1b,4w,cand,sarc_linear_q4gsw_coopmat_sweep_t128x256k32g42s32f32c_texture3d_texture2d_half,2048,2048,2048,1.7009,10.1
780m,1b,4w,cand,sarc_linear_q4gsw_coopmat_t128x128k32g42s32f32c_texture3d_texture2d_half,2048,512,2048,0.4616,9.304
780m,1b,4w,cand,sarc_linear_q4gsw_coopmat_t128x128k32g42s32f32c_texture3d_texture2d_half,2048,512,2048,0.4596,9.346
780m,1b,4w,cand,sarc_linear_q4gsw_coopmat_sweep_t128x256k32g42s32f32c_texture3d_texture2d_half,2048,2048,2048,1.6416,10.466
780m,1b,4w,cand,sarc_linear_q4gsw_coopmat_sweep_t128x256k32g42s32f32c_texture3d_texture2d_half,2048,8192,2048,6.3074,10.895
780m,1b,4w,cand,sarc_linear_q4gsw_coopmat_sweep_t128x256k32g42s32f32c_texture3d_texture2d_half,2048,8192,2048,6.2286,11.033
780m,1b,4w,cand,sarc_linear_q4gsw_coopmat_sweep_t128x256k32g42s32f32c_texture3d_texture2d_half,2048,2048,8192,6.431,10.686
780m,1b,4w,cand,sarc_linear_q4gsw_coopmat_sweep_t128x256k32g42s32f32c_texture3d_texture2d_half,2048,2048,2048,1.6994,10.11
780m,1b,4w,cand,sarc_linear_q4gsw_coopmat_t128x128k32g42s32f32c_texture3d_texture2d_half,2048,512,2048,0.4632,9.272
780m,1b,4w,cand,sarc_linear_q4gsw_coopmat_t128x128k32g42s32f32c_texture3d_texture2d_half,2048,512,2048,0.4666,9.205
780m,1b,4w,cand,sarc_linear_q4gsw_coopmat_sweep_t128x256k32g42s32f32c_texture3d_texture2d_half,2048,2048,2048,1.6423,10.461
780m,1b,4w,cand,sarc_linear_q4gsw_coopmat_sweep_t128x256k32g42s32f32c_texture3d_texture2d_half,2048,8192,2048,6.2478,10.999
780m,1b,4w,cand,sarc_linear_q4gsw_coopmat_sweep_t128x256k32g42s32f32c_texture3d_texture2d_half,2048,8192,2048,6.2323,11.026
780m,1b,4w,cand,sarc_linear_q4gsw_coopmat_sweep_t128x256k32g42s32f32c_texture3d_texture2d_half,2048,2048,8192,6.4367,10.676
780m,1b,4w,cand,sarc_linear_q4gsw_coopmat_sweep_t128x256k32g42s32f32c_texture3d_texture2d_half,2048,2048,2048,1.6922,10.153
780m,1b,4w,cand,sarc_linear_q4gsw_coopmat_t128x128k32g42s32f32c_texture3d_texture2d_half,2048,512,2048,0.459,9.358
780m,1b,4w,cand,sarc_linear_q4gsw_coopmat_t128x128k32g42s32f32c_texture3d_texture2d_half,2048,512,2048,0.464,9.256
780m,1b,4w,cand,sarc_linear_q4gsw_coopmat_sweep_t128x256k32g42s32f32c_texture3d_texture2d_half,2048,2048,2048,1.6354,10.505
780m,1b,4w,cand,sarc_linear_q4gsw_coopmat_sweep_t128x256k32g42s32f32c_texture3d_texture2d_half,2048,8192,2048,6.2876,10.929
780m,1b,4w,cand,sarc_linear_q4gsw_coopmat_sweep_t128x256k32g42s32f32c_texture3d_texture2d_half,2048,8192,2048,6.2909,10.924
780m,1b,4w,cand,sarc_linear_q4gsw_coopmat_sweep_t128x256k32g42s32f32c_texture3d_texture2d_half,2048,2048,8192,6.4411,10.669
780m,1b,4w,cand,sarc_linear_q4gsw_coopmat_sweep_t128x256k32g42s32f32c_texture3d_texture2d_half,2048,2048,2048,1.6714,10.278
780m,1b,4w,cand,sarc_linear_q4gsw_coopmat_t128x128k32g42s32f32c_texture3d_texture2d_half,2048,512,2048,0.4641,9.254
780m,1b,4w,cand,sarc_linear_q4gsw_coopmat_t128x128k32g42s32f32c_texture3d_texture2d_half,2048,512,2048,0.46,9.337
780m,1b,4w,cand,sarc_linear_q4gsw_coopmat_sweep_t128x256k32g42s32f32c_texture3d_texture2d_half,2048,2048,2048,1.6578,10.363
780m,1b,4w,cand,sarc_linear_q4gsw_coopmat_sweep_t128x256k32g42s32f32c_texture3d_texture2d_half,2048,8192,2048,6.253,10.99
780m,1b,4w,cand,sarc_linear_q4gsw_coopmat_sweep_t128x256k32g42s32f32c_texture3d_texture2d_half,2048,8192,2048,6.2322,11.027
780m,1b,4w,cand,sarc_linear_q4gsw_coopmat_sweep_t128x256k32g42s32f32c_texture3d_texture2d_half,2048,2048,8192,6.4336,10.681
780m,1b,4w,cand,sarc_linear_q4gsw_coopmat_sweep_t128x256k32g42s32f32c_texture3d_texture2d_half,2048,2048,2048,1.7045,10.079
780m,1b,4w,cand,sarc_linear_q4gsw_coopmat_t128x128k32g42s32f32c_texture3d_texture2d_half,2048,512,2048,0.4646,9.244
780m,1b,4w,cand,sarc_linear_q4gsw_coopmat_t128x128k32g42s32f32c_texture3d_texture2d_half,2048,512,2048,0.4584,9.369
780m,1b,4w,cand,sarc_linear_q4gsw_coopmat_sweep_t128x256k32g42s32f32c_texture3d_texture2d_half,2048,2048,2048,1.6228,10.587
780m,1b,4w,cand,sarc_linear_q4gsw_coopmat_sweep_t128x256k32g42s32f32c_texture3d_texture2d_half,2048,8192,2048,6.2529,10.99
780m,1b,4w,cand,sarc_linear_q4gsw_coopmat_sweep_t128x256k32g42s32f32c_texture3d_texture2d_half,2048,8192,2048,6.259,10.979
780m,1b,4w,cand,sarc_linear_q4gsw_coopmat_sweep_t128x256k32g42s32f32c_texture3d_texture2d_half,2048,2048,8192,6.4616,10.635
780m,1b,4w,cand,sarc_linear_q4gsw_coopmat_sweep_t128x256k32g42s32f32c_texture3d_texture2d_half,2048,2048,2048,1.6821,10.213
780m,1b,4w,cand,sarc_linear_q4gsw_coopmat_t128x128k32g42s32f32c_texture3d_texture2d_half,2048,512,2048,0.4615,9.307
780m,1b,4w,cand,sarc_linear_q4gsw_coopmat_t128x128k32g42s32f32c_texture3d_texture2d_half,2048,512,2048,0.4637,9.263
780m,1b,4w,cand,sarc_linear_q4gsw_coopmat_sweep_t128x256k32g42s32f32c_texture3d_texture2d_half,2048,2048,2048,1.6295,10.543
780m,1b,4w,cand,sarc_linear_q4gsw_coopmat_sweep_t128x256k32g42s32f32c_texture3d_texture2d_half,2048,8192,2048,6.2749,10.951
780m,1b,4w,cand,sarc_linear_q4gsw_coopmat_sweep_t128x256k32g42s32f32c_texture3d_texture2d_half,2048,8192,2048,6.2868,10.931
780m,1b,4w,cand,sarc_linear_q4gsw_coopmat_sweep_t128x256k32g42s32f32c_texture3d_texture2d_half,2048,2048,8192,6.4167,10.709
780m,1b,4w,cand,sarc_linear_q4gsw_coopmat_sweep_t128x256k32g42s32f32c_texture3d_texture2d_half,2048,2048,2048,1.6749,10.257
780m,1b,4w,cand,sarc_linear_q4gsw_coopmat_t128x128k32g42s32f32c_texture3d_texture2d_half,2048,512,2048,0.4612,9.313
780m,1b,4w,cand,sarc_linear_q4gsw_coopmat_t128x128k32g42s32f32c_texture3d_texture2d_half,2048,512,2048,0.4585,9.367
780m,1b,4w,cand,sarc_linear_q4gsw_coopmat_sweep_t128x256k32g42s32f32c_texture3d_texture2d_half,2048,2048,2048,1.6547,10.382
780m,1b,4w,cand,sarc_linear_q4gsw_coopmat_sweep_t128x256k32g42s32f32c_texture3d_texture2d_half,2048,8192,2048,6.2599,10.978
780m,1b,4w,cand,sarc_linear_q4gsw_coopmat_sweep_t128x256k32g42s32f32c_texture3d_texture2d_half,2048,8192,2048,6.288,10.929
780m,1b,4w,cand,sarc_linear_q4gsw_coopmat_sweep_t128x256k32g42s32f32c_texture3d_texture2d_half,2048,2048,8192,6.4089,10.723
780m,1b,4w,cand,sarc_linear_q4gsw_coopmat_sweep_t128x256k32g42s32f32c_texture3d_texture2d_half,2048,2048,2048,1.6964,10.127
780m,1b,4w,cand,sarc_linear_q4gsw_coopmat_t128x128k32g42s32f32c_texture3d_texture2d_half,2048,512,2048,0.461,9.317
780m,1b,4w,cand,sarc_linear_q4gsw_coopmat_t128x128k32g42s32f32c_texture3d_texture2d_half,2048,512,2048,0.4652,9.233
780m,1b,4w,cand,sarc_linear_q4gsw_coopmat_sweep_t128x256k32g42s32f32c_texture3d_texture2d_half,2048,2048,2048,1.6131,10.65
780m,1b,4w,cand,sarc_linear_q4gsw_coopmat_sweep_t128x256k32g42s32f32c_texture3d_texture2d_half,2048,8192,2048,6.2318,11.027
780m,1b,4w,cand,sarc_linear_q4gsw_coopmat_sweep_t128x256k32g42s32f32c_texture3d_texture2d_half,2048,8192,2048,6.2647,10.969
780m,1b,4w,cand,sarc_linear_q4gsw_coopmat_sweep_t128x256k32g42s32f32c_texture3d_texture2d_half,2048,2048,8192,6.4368,10.676
780m,1b,4w,cand,sarc_linear_q4gsw_coopmat_sweep_t128x256k32g42s32f32c_texture3d_texture2d_half,2048,2048,2048,1.6863,10.188
780m,1b,4w,cand,sarc_linear_q4gsw_coopmat_t128x128k32g42s32f32c_texture3d_texture2d_half,2048,512,2048,0.4609,9.319
780m,1b,4w,cand,sarc_linear_q4gsw_coopmat_t128x128k32g42s32f32c_texture3d_texture2d_half,2048,512,2048,0.4646,9.244
780m,1b,4w,cand,sarc_linear_q4gsw_coopmat_sweep_t128x256k32g42s32f32c_texture3d_texture2d_half,2048,2048,2048,1.6298,10.541
780m,1b,4w,cand,sarc_linear_q4gsw_coopmat_sweep_t128x256k32g42s32f32c_texture3d_texture2d_half,2048,8192,2048,6.2579,10.981
780m,1b,4w,cand,sarc_linear_q4gsw_coopmat_sweep_t128x256k32g42s32f32c_texture3d_texture2d_half,2048,8192,2048,6.2605,10.977
780m,1b,4w,cand,sarc_linear_q4gsw_coopmat_sweep_t128x256k32g42s32f32c_texture3d_texture2d_half,2048,2048,8192,6.4207,10.703
780m,1b,4w,cand,sarc_linear_q4gsw_coopmat_sweep_t128x256k32g42s32f32c_texture3d_texture2d_half,2048,2048,2048,1.6888,10.173
780m,1b,4w,cand,sarc_linear_q4gsw_coopmat_t128x128k32g42s32f32c_texture3d_texture2d_half,2048,512,2048,0.4571,9.397
780m,1b,4w,cand,sarc_linear_q4gsw_coopmat_t128x128k32g42s32f32c_texture3d_texture2d_half,2048,512,2048,0.4637,9.262
780m,1b,4w,cand,sarc_linear_q4gsw_coopmat_sweep_t128x256k32g42s32f32c_texture3d_texture2d_half,2048,2048,2048,1.6209,10.599
780m,1b,4w,cand,sarc_linear_q4gsw_coopmat_sweep_t128x256k32g42s32f32c_texture3d_texture2d_half,2048,8192,2048,6.3009,10.906
780m,1b,4w,cand,sarc_linear_q4gsw_coopmat_sweep_t128x256k32g42s32f32c_texture3d_texture2d_half,2048,8192,2048,6.2742,10.953
780m,1b,4w,cand,sarc_linear_q4gsw_coopmat_sweep_t128x256k32g42s32f32c_texture3d_texture2d_half,2048,2048,8192,6.427,10.692
780m,1b,4w,cand,sarc_linear_q4gsw_coopmat_sweep_t128x256k32g42s32f32c_texture3d_texture2d_half,2048,2048,2048,1.6698,10.289
780m,1b,4w,cand,sarc_linear_q4gsw_coopmat_t128x128k32g42s32f32c_texture3d_texture2d_half,2048,512,2048,0.4578,9.383
780m,1b,4w,cand,sarc_linear_q4gsw_coopmat_t128x128k32g42s32f32c_texture3d_texture2d_half,2048,512,2048,0.462,9.296
780m,1b,4w,cand,sarc_linear_q4gsw_coopmat_sweep_t128x256k32g42s32f32c_texture3d_texture2d_half,2048,2048,2048,1.6164,10.628
780m,1b,4w,cand,sarc_linear_q4gsw_coopmat_sweep_t128x256k32g42s32f32c_texture3d_texture2d_half,2048,8192,2048,6.2429,11.008
780m,1b,4w,cand,sarc_linear_q4gsw_coopmat_sweep_t128x256k32g42s32f32c_texture3d_texture2d_half,2048,8192,2048,6.2566,10.984
780m,1b,4w,cand,sarc_linear_q4gsw_coopmat_sweep_t128x256k32g42s32f32c_texture3d_texture2d_half,2048,2048,8192,6.4103,10.72
780m,1b,4w,cand,sarc_linear_q4gsw_coopmat_sweep_t128x256k32g42s32f32c_texture3d_texture2d_half,2048,2048,2048,1.669,10.293
780m,1b,4w,cand,sarc_linear_q4gsw_coopmat_t128x128k32g42s32f32c_texture3d_texture2d_half,2048,512,2048,0.46,9.338
780m,1b,4w,cand,sarc_linear_q4gsw_coopmat_t128x128k32g42s32f32c_texture3d_texture2d_half,2048,512,2048,0.4627,9.283
780m,1b,4w,cand,sarc_linear_q4gsw_coopmat_sweep_t128x256k32g42s32f32c_texture3d_texture2d_half,2048,2048,2048,1.6237,10.581
780m,1b,4w,cand,sarc_linear_q4gsw_coopmat_sweep_t128x256k32g42s32f32c_texture3d_texture2d_half,2048,8192,2048,6.272,10.957
780m,1b,4w,cand,sarc_linear_q4gsw_coopmat_sweep_t128x256k32g42s32f32c_texture3d_texture2d_half,2048,8192,2048,6.2473,11.0
780m,1b,4w,cand,sarc_linear_q4gsw_coopmat_sweep_t128x256k32g42s32f32c_texture3d_texture2d_half,2048,2048,8192,6.4224,10.7
780m,1b,4w,parent,sarc_linear_q4gsw_coopmat_sweep_t128x256k32g42s32f32c_texture3d_texture2d_half,2048,2048,2048,1.6388,10.483
780m,1b,4w,parent,sarc_linear_q4gsw_coopmat_t128x128k32g42s32f32c_texture3d_texture2d_half,2048,512,2048,0.445,9.652
780m,1b,4w,parent,sarc_linear_q4gsw_coopmat_t128x128k32g42s32f32c_texture3d_texture2d_half,2048,512,2048,0.4424,9.707
780m,1b,4w,parent,sarc_linear_q4gsw_coopmat_sweep_t128x256k32g42s32f32c_texture3d_texture2d_half,2048,2048,2048,1.6275,10.556
780m,1b,4w,parent,sarc_linear_q4gsw_coopmat_sweep_t128x256k32g42s32f32c_texture3d_texture2d_half,2048,8192,2048,6.2017,11.081
780m,1b,4w,parent,sarc_linear_q4gsw_coopmat_sweep_t128x256k32g42s32f32c_texture3d_texture2d_half,2048,8192,2048,6.2186,11.051
780m,1b,4w,parent,sarc_linear_q4gsw_coopmat_sweep_t128x256k32g42s32f32c_texture3d_texture2d_half,2048,2048,8192,6.2709,10.959
780m,1b,4w,parent,sarc_linear_q4gsw_coopmat_sweep_t128x256k32g42s32f32c_texture3d_texture2d_half,2048,2048,2048,1.6253,10.57
780m,1b,4w,parent,sarc_linear_q4gsw_coopmat_t128x128k32g42s32f32c_texture3d_texture2d_half,2048,512,2048,0.4473,9.602
780m,1b,4w,parent,sarc_linear_q4gsw_coopmat_t128x128k32g42s32f32c_texture3d_texture2d_half,2048,512,2048,0.4538,9.464
780m,1b,4w,parent,sarc_linear_q4gsw_coopmat_sweep_t128x256k32g42s32f32c_texture3d_texture2d_half,2048,2048,2048,1.6387,10.484
780m,1b,4w,parent,sarc_linear_q4gsw_coopmat_sweep_t128x256k32g42s32f32c_texture3d_texture2d_half,2048,8192,2048,6.3098,10.891
780m,1b,4w,parent,sarc_linear_q4gsw_coopmat_sweep_t128x256k32g42s32f32c_texture3d_texture2d_half,2048,8192,2048,6.2162,11.055
780m,1b,4w,parent,sarc_linear_q4gsw_coopmat_sweep_t128x256k32g42s32f32c_texture3d_texture2d_half,2048,2048,8192,6.3262,10.863
780m,1b,4w,parent,sarc_linear_q4gsw_coopmat_sweep_t128x256k32g42s32f32c_texture3d_texture2d_half,2048,2048,2048,1.6189,10.612
780m,1b,4w,parent,sarc_linear_q4gsw_coopmat_t128x128k32g42s32f32c_texture3d_texture2d_half,2048,512,2048,0.4476,9.596
780m,1b,4w,parent,sarc_linear_q4gsw_coopmat_t128x128k32g42s32f32c_texture3d_texture2d_half,2048,512,2048,0.4482,9.583
780m,1b,4w,parent,sarc_linear_q4gsw_coopmat_sweep_t128x256k32g42s32f32c_texture3d_texture2d_half,2048,2048,2048,1.6223,10.59
780m,1b,4w,parent,sarc_linear_q4gsw_coopmat_sweep_t128x256k32g42s32f32c_texture3d_texture2d_half,2048,8192,2048,6.2414,11.01
780m,1b,4w,parent,sarc_linear_q4gsw_coopmat_sweep_t128x256k32g42s32f32c_texture3d_texture2d_half,2048,8192,2048,6.1842,11.112
780m,1b,4w,parent,sarc_linear_q4gsw_coopmat_sweep_t128x256k32g42s32f32c_texture3d_texture2d_half,2048,2048,8192,6.313,10.885
780m,1b,4w,parent,sarc_linear_q4gsw_coopmat_sweep_t128x256k32g42s32f32c_texture3d_texture2d_half,2048,2048,2048,1.6344,10.511
780m,1b,4w,parent,sarc_linear_q4gsw_coopmat_t128x128k32g42s32f32c_texture3d_texture2d_half,2048,512,2048,0.4488,9.571
780m,1b,4w,parent,sarc_linear_q4gsw_coopmat_t128x128k32g42s32f32c_texture3d_texture2d_half,2048,512,2048,0.4416,9.726
780m,1b,4w,parent,sarc_linear_q4gsw_coopmat_sweep_t128x256k32g42s32f32c_texture3d_texture2d_half,2048,2048,2048,1.6566,10.371
780m,1b,4w,parent,sarc_linear_q4gsw_coopmat_sweep_t128x256k32g42s32f32c_texture3d_texture2d_half,2048,8192,2048,6.2583,10.98
780m,1b,4w,parent,sarc_linear_q4gsw_coopmat_sweep_t128x256k32g42s32f32c_texture3d_texture2d_half,2048,8192,2048,6.195,11.093
780m,1b,4w,parent,sarc_linear_q4gsw_coopmat_sweep_t128x256k32g42s32f32c_texture3d_texture2d_half,2048,2048,8192,6.3203,10.873
780m,1b,4w,parent,sarc_linear_q4gsw_coopmat_sweep_t128x256k32g42s32f32c_texture3d_texture2d_half,2048,2048,2048,1.6257,10.568
780m,1b,4w,parent,sarc_linear_q4gsw_coopmat_t128x128k32g42s32f32c_texture3d_texture2d_half,2048,512,2048,0.4548,9.444
780m,1b,4w,parent,sarc_linear_q4gsw_coopmat_t128x128k32g42s32f32c_texture3d_texture2d_half,2048,512,2048,0.4492,9.561
780m,1b,4w,parent,sarc_linear_q4gsw_coopmat_sweep_t128x256k32g42s32f32c_texture3d_texture2d_half,2048,2048,2048,1.6537,10.389
780m,1b,4w,parent,sarc_linear_q4gsw_coopmat_sweep_t128x256k32g42s32f32c_texture3d_texture2d_half,2048,8192,2048,6.3232,10.868
780m,1b,4w,parent,sarc_linear_q4gsw_coopmat_sweep_t128x256k32g42s32f32c_texture3d_texture2d_half,2048,8192,2048,6.1975,11.088
780m,1b,4w,parent,sarc_linear_q4gsw_coopmat_sweep_t128x256k32g42s32f32c_texture3d_texture2d_half,2048,2048,8192,6.3366,10.845
780m,1b,4w,parent,sarc_linear_q4gsw_coopmat_sweep_t128x256k32g42s32f32c_texture3d_texture2d_half,2048,2048,2048,1.6259,10.567
780m,1b,4w,parent,sarc_linear_q4gsw_coopmat_t128x128k32g42s32f32c_texture3d_texture2d_half,2048,512,2048,0.4523,9.495
780m,1b,4w,parent,sarc_linear_q4gsw_coopmat_t128x128k32g42s32f32c_texture3d_texture2d_half,2048,512,2048,0.457,9.398
780m,1b,4w,parent,sarc_linear_q4gsw_coopmat_sweep_t128x256k32g42s32f32c_texture3d_texture2d_half,2048,2048,2048,1.6305,10.536
780m,1b,4w,parent,sarc_linear_q4gsw_coopmat_sweep_t128x256k32g42s32f32c_texture3d_texture2d_half,2048,8192,2048,6.2197,11.049
780m,1b,4w,parent,sarc_linear_q4gsw_coopmat_sweep_t128x256k32g42s32f32c_texture3d_texture2d_half,2048,8192,2048,6.2221,11.044
780m,1b,4w,parent,sarc_linear_q4gsw_coopmat_sweep_t128x256k32g42s32f32c_texture3d_texture2d_half,2048,2048,8192,6.3602,10.805
780m,1b,4w,parent,sarc_linear_q4gsw_coopmat_sweep_t128x256k32g42s32f32c_texture3d_texture2d_half,2048,2048,2048,1.6433,10.455
780m,1b,4w,parent,sarc_linear_q4gsw_coopmat_t128x128k32g42s32f32c_texture3d_texture2d_half,2048,512,2048,0.4476,9.596
780m,1b,4w,parent,sarc_linear_q4gsw_coopmat_t128x128k32g42s32f32c_texture3d_texture2d_half,2048,512,2048,0.4502,9.541
780m,1b,4w,parent,sarc_linear_q4gsw_coopmat_sweep_t128x256k32g42s32f32c_texture3d_texture2d_half,2048,2048,2048,1.6599,10.35
780m,1b,4w,parent,sarc_linear_q4gsw_coopmat_sweep_t128x256k32g42s32f32c_texture3d_texture2d_half,2048,8192,2048,6.3212,10.871
780m,1b,4w,parent,sarc_linear_q4gsw_coopmat_sweep_t128x256k32g42s32f32c_texture3d_texture2d_half,2048,8192,2048,6.2162,11.055
780m,1b,4w,parent,sarc_linear_q4gsw_coopmat_sweep_t128x256k32g42s32f32c_texture3d_texture2d_half,2048,2048,8192,6.2768,10.948
780m,1b,4w,parent,sarc_linear_q4gsw_coopmat_sweep_t128x256k32g42s32f32c_texture3d_texture2d_half,2048,2048,2048,1.6379,10.489
780m,1b,4w,parent,sarc_linear_q4gsw_coopmat_t128x128k32g42s32f32c_texture3d_texture2d_half,2048,512,2048,0.4449,9.653
780m,1b,4w,parent,sarc_linear_q4gsw_coopmat_t128x128k32g42s32f32c_texture3d_texture2d_half,2048,512,2048,0.4467,9.615
780m,1b,4w,parent,sarc_linear_q4gsw_coopmat_sweep_t128x256k32g42s32f32c_texture3d_texture2d_half,2048,2048,2048,1.6277,10.555
780m,1b,4w,parent,sarc_linear_q4gsw_coopmat_sweep_t128x256k32g42s32f32c_texture3d_texture2d_half,2048,8192,2048,6.2934,10.919
780m,1b,4w,parent,sarc_linear_q4gsw_coopmat_sweep_t128x256k32g42s32f32c_texture3d_texture2d_half,2048,8192,2048,6.2052,11.075
780m,1b,4w,parent,sarc_linear_q4gsw_coopmat_sweep_t128x256k32g42s32f32c_texture3d_texture2d_half,2048,2048,8192,6.3212,10.871
780m,1b,4w,parent,sarc_linear_q4gsw_coopmat_sweep_t128x256k32g42s32f32c_texture3d_texture2d_half,2048,2048,2048,1.6253,10.57
780m,1b,4w,parent,sarc_linear_q4gsw_coopmat_t128x128k32g42s32f32c_texture3d_texture2d_half,2048,512,2048,0.4528,9.485
780m,1b,4w,parent,sarc_linear_q4gsw_coopmat_t128x128k32g42s32f32c_texture3d_texture2d_half,2048,512,2048,0.453,9.482
780m,1b,4w,parent,sarc_linear_q4gsw_coopmat_sweep_t128x256k32g42s32f32c_texture3d_texture2d_half,2048,2048,2048,1.6607,10.345
780m,1b,4w,parent,sarc_linear_q4gsw_coopmat_sweep_t128x256k32g42s32f32c_texture3d_texture2d_half,2048,8192,2048,6.2118,11.063
780m,1b,4w,parent,sarc_linear_q4gsw_coopmat_sweep_t128x256k32g42s32f32c_texture3d_texture2d_half,2048,8192,2048,6.182,11.116
780m,1b,4w,parent,sarc_linear_q4gsw_coopmat_sweep_t128x256k32g42s32f32c_texture3d_texture2d_half,2048,2048,8192,6.3146,10.883
780m,1b,4w,parent,sarc_linear_q4gsw_coopmat_sweep_t128x256k32g42s32f32c_texture3d_texture2d_half,2048,2048,2048,1.6177,10.62
780m,1b,4w,parent,sarc_linear_q4gsw_coopmat_t128x128k32g42s32f32c_texture3d_texture2d_half,2048,512,2048,0.4558,9.422
780m,1b,4w,parent,sarc_linear_q4gsw_coopmat_t128x128k32g42s32f32c_texture3d_texture2d_half,2048,512,2048,0.4571,9.396
780m,1b,4w,parent,sarc_linear_q4gsw_coopmat_sweep_t128x256k32g42s32f32c_texture3d_texture2d_half,2048,2048,2048,1.6224,10.589
780m,1b,4w,parent,sarc_linear_q4gsw_coopmat_sweep_t128x256k32g42s32f32c_texture3d_texture2d_half,2048,8192,2048,6.3248,10.865
780m,1b,4w,parent,sarc_linear_q4gsw_coopmat_sweep_t128x256k32g42s32f32c_texture3d_texture2d_half,2048,8192,2048,6.2508,10.994
780m,1b,4w,parent,sarc_linear_q4gsw_coopmat_sweep_t128x256k32g42s32f32c_texture3d_texture2d_half,2048,2048,8192,6.3029,10.903
780m,1b,4w,parent,sarc_linear_q4gsw_coopmat_sweep_t128x256k32g42s32f32c_texture3d_texture2d_half,2048,2048,2048,1.6322,10.526
780m,1b,4w,parent,sarc_linear_q4gsw_coopmat_t128x128k32g42s32f32c_texture3d_texture2d_half,2048,512,2048,0.4458,9.635
780m,1b,4w,parent,sarc_linear_q4gsw_coopmat_t128x128k32g42s32f32c_texture3d_texture2d_half,2048,512,2048,0.4596,9.346
780m,1b,4w,parent,sarc_linear_q4gsw_coopmat_sweep_t128x256k32g42s32f32c_texture3d_texture2d_half,2048,2048,2048,1.6236,10.581
780m,1b,4w,parent,sarc_linear_q4gsw_coopmat_sweep_t128x256k32g42s32f32c_texture3d_texture2d_half,2048,8192,2048,6.2249,11.039
780m,1b,4w,parent,sarc_linear_q4gsw_coopmat_sweep_t128x256k32g42s32f32c_texture3d_texture2d_half,2048,8192,2048,6.2148,11.057
780m,1b,4w,parent,sarc_linear_q4gsw_coopmat_sweep_t128x256k32g42s32f32c_texture3d_texture2d_half,2048,2048,8192,6.3254,10.864
780m,1b,4w,parent,sarc_linear_q4gsw_coopmat_sweep_t128x256k32g42s32f32c_texture3d_texture2d_half,2048,2048,2048,1.635,10.508
780m,1b,4w,parent,sarc_linear_q4gsw_coopmat_t128x128k32g42s32f32c_texture3d_texture2d_half,2048,512,2048,0.456,9.418
780m,1b,4w,parent,sarc_linear_q4gsw_coopmat_t128x128k32g42s32f32c_texture3d_texture2d_half,2048,512,2048,0.4523,9.496
780m,1b,4w,parent,sarc_linear_q4gsw_coopmat_sweep_t128x256k32g42s32f32c_texture3d_texture2d_half,2048,2048,2048,1.6334,10.518
780m,1b,4w,parent,sarc_linear_q4gsw_coopmat_sweep_t128x256k32g42s32f32c_texture3d_texture2d_half,2048,8192,2048,6.3017,10.905
780m,1b,4w,parent,sarc_linear_q4gsw_coopmat_sweep_t128x256k32g42s32f32c_texture3d_texture2d_half,2048,8192,2048,6.2114,11.064
780m,1b,4w,parent,sarc_linear_q4gsw_coopmat_sweep_t128x256k32g42s32f32c_texture3d_texture2d_half,2048,2048,8192,6.3198,10.874
780m,1b,4w,parent,sarc_linear_q4gsw_coopmat_sweep_t128x256k32g42s32f32c_texture3d_texture2d_half,2048,2048,2048,1.6116,10.66
780m,1b,4w,parent,sarc_linear_q4gsw_coopmat_t128x128k32g42s32f32c_texture3d_texture2d_half,2048,512,2048,0.4486,9.573
780m,1b,4w,parent,sarc_linear_q4gsw_coopmat_t128x128k32g42s32f32c_texture3d_texture2d_half,2048,512,2048,0.4504,9.536
780m,1b,4w,parent,sarc_linear_q4gsw_coopmat_sweep_t128x256k32g42s32f32c_texture3d_texture2d_half,2048,2048,2048,1.6463,10.436
780m,1b,4w,parent,sarc_linear_q4gsw_coopmat_sweep_t128x256k32g42s32f32c_texture3d_texture2d_half,2048,8192,2048,6.2994,10.909
780m,1b,4w,parent,sarc_linear_q4gsw_coopmat_sweep_t128x256k32g42s32f32c_texture3d_texture2d_half,2048,8192,2048,6.2308,11.029
780m,1b,4w,parent,sarc_linear_q4gsw_coopmat_sweep_t128x256k32g42s32f32c_texture3d_texture2d_half,2048,2048,8192,6.2968,10.913
780m,1b,4w,parent,sarc_linear_q4gsw_coopmat_sweep_t128x256k32g42s32f32c_texture3d_texture2d_half,2048,2048,2048,1.6136,10.647
780m,1b,4w,parent,sarc_linear_q4gsw_coopmat_t128x128k32g42s32f32c_texture3d_texture2d_half,2048,512,2048,0.451,9.522
780m,1b,4w,parent,sarc_linear_q4gsw_coopmat_t128x128k32g42s32f32c_texture3d_texture2d_half,2048,512,2048,0.4544,9.452
780m,1b,4w,parent,sarc_linear_q4gsw_coopmat_sweep_t128x256k32g42s32f32c_texture3d_texture2d_half,2048,2048,2048,1.6335,10.517
780m,1b,4w,parent,sarc_linear_q4gsw_coopmat_sweep_t128x256k32g42s32f32c_texture3d_texture2d_half,2048,8192,2048,6.2516,10.992
780m,1b,4w,parent,sarc_linear_q4gsw_coopmat_sweep_t128x256k32g42s32f32c_texture3d_texture2d_half,2048,8192,2048,6.2088,11.068
780m,1b,4w,parent,sarc_linear_q4gsw_coopmat_sweep_t128x256k32g42s32f32c_texture3d_texture2d_half,2048,2048,8192,6.275,10.951
780m,1b,4w,parent,sarc_linear_q4gsw_coopmat_sweep_t128x256k32g42s32f32c_texture3d_texture2d_half,2048,2048,2048,1.6395,10.479
780m,1b,4w,parent,sarc_linear_q4gsw_coopmat_t128x128k32g42s32f32c_texture3d_texture2d_half,2048,512,2048,0.4494,9.558
780m,1b,4w,parent,sarc_linear_q4gsw_coopmat_t128x128k32g42s32f32c_texture3d_texture2d_half,2048,512,2048,0.4449,9.654
780m,1b,4w,parent,sarc_linear_q4gsw_coopmat_sweep_t128x256k32g42s32f32c_texture3d_texture2d_half,2048,2048,2048,1.6457,10.439
780m,1b,4w,parent,sarc_linear_q4gsw_coopmat_sweep_t128x256k32g42s32f32c_texture3d_texture2d_half,2048,8192,2048,6.1986,11.086
780m,1b,4w,parent,sarc_linear_q4gsw_coopmat_sweep_t128x256k32g42s32f32c_texture3d_texture2d_half,2048,8192,2048,6.2405,11.012
780m,1b,4w,parent,sarc_linear_q4gsw_coopmat_sweep_t128x256k32g42s32f32c_texture3d_texture2d_half,2048,2048,8192,6.2872,10.93
780m,1b,4w,parent,sarc_linear_q4gsw_coopmat_sweep_t128x256k32g42s32f32c_texture3d_texture2d_half,2048,2048,2048,1.629,10.547
780m,1b,4w,parent,sarc_linear_q4gsw_coopmat_t128x128k32g42s32f32c_texture3d_texture2d_half,2048,512,2048,0.4485,9.577
780m,1b,4w,parent,sarc_linear_q4gsw_coopmat_t128x128k32g42s32f32c_texture3d_texture2d_half,2048,512,2048,0.4512,9.518
780m,1b,4w,parent,sarc_linear_q4gsw_coopmat_sweep_t128x256k32g42s32f32c_texture3d_texture2d_half,2048,2048,2048,1.644,10.45
780m,1b,4w,parent,sarc_linear_q4gsw_coopmat_sweep_t128x256k32g42s32f32c_texture3d_texture2d_half,2048,8192,2048,6.2805,10.942
780m,1b,4w,parent,sarc_linear_q4gsw_coopmat_sweep_t128x256k32g42s32f32c_texture3d_texture2d_half,2048,8192,2048,6.2349,11.022
780m,1b,4w,parent,sarc_linear_q4gsw_coopmat_sweep_t128x256k32g42s32f32c_texture3d_texture2d_half,2048,2048,8192,6.3186,10.876
780m,1b,8da4w,cand,sarc_dev_linear_dq8ca_coopmat_zpg_bt_t128x64k32g22s32_texture3d_texture2d_half,2048,2048,2048,1.5476,11.101
780m,1b,8da4w,cand,sarc_dev_linear_dq8ca_coopmat_zpg_bt_t128x64k32g22s32_texture3d_texture2d_half,2048,512,2048,0.4027,10.666
780m,1b,8da4w,cand,sarc_dev_linear_dq8ca_coopmat_zpg_bt_t128x64k32g22s32_texture3d_texture2d_half,2048,512,2048,0.403,10.657
780m,1b,8da4w,cand,sarc_dev_linear_dq8ca_coopmat_zpg_bt_t128x64k32g22s32_texture3d_texture2d_half,2048,2048,2048,1.5325,11.21
780m,1b,8da4w,cand,sarc_dev_linear_dq8ca_coopmat_zpg_bt_t128x64k32g22s32_texture3d_texture2d_half,2048,8192,2048,6.0034,11.447
780m,1b,8da4w,cand,sarc_dev_linear_dq8ca_coopmat_zpg_bt_t128x64k32g22s32_texture3d_texture2d_half,2048,8192,2048,6.0124,11.43
780m,1b,8da4w,cand,sarc_dev_linear_dq8ca_coopmat_zpg_bt_t128x64k32g22s32_texture3d_texture2d_half,2048,2048,8192,6.0128,11.429
780m,1b,8da4w,cand,sarc_dev_linear_dq8ca_coopmat_zpg_bt_t128x64k32g22s32_texture3d_texture2d_half,2048,2048,2048,1.536,11.185
780m,1b,8da4w,cand,sarc_dev_linear_dq8ca_coopmat_zpg_bt_t128x64k32g22s32_texture3d_texture2d_half,2048,512,2048,0.4019,10.686
780m,1b,8da4w,cand,sarc_dev_linear_dq8ca_coopmat_zpg_bt_t128x64k32g22s32_texture3d_texture2d_half,2048,512,2048,0.4029,10.661
780m,1b,8da4w,cand,sarc_dev_linear_dq8ca_coopmat_zpg_bt_t128x64k32g22s32_texture3d_texture2d_half,2048,2048,2048,1.5354,11.189
780m,1b,8da4w,cand,sarc_dev_linear_dq8ca_coopmat_zpg_bt_t128x64k32g22s32_texture3d_texture2d_half,2048,8192,2048,6.0109,11.432
780m,1b,8da4w,cand,sarc_dev_linear_dq8ca_coopmat_zpg_bt_t128x64k32g22s32_texture3d_texture2d_half,2048,8192,2048,6.0152,11.424
780m,1b,8da4w,cand,sarc_dev_linear_dq8ca_coopmat_zpg_bt_t128x64k32g22s32_texture3d_texture2d_half,2048,2048,8192,6.0107,11.433
780m,1b,8da4w,cand,sarc_dev_linear_dq8ca_coopmat_zpg_bt_t128x64k32g22s32_texture3d_texture2d_half,2048,2048,2048,1.5328,11.208
780m,1b,8da4w,cand,sarc_dev_linear_dq8ca_coopmat_zpg_bt_t128x64k32g22s32_texture3d_texture2d_half,2048,512,2048,0.4034,10.647
780m,1b,8da4w,cand,sarc_dev_linear_dq8ca_coopmat_zpg_bt_t128x64k32g22s32_texture3d_texture2d_half,2048,512,2048,0.4048,10.611
780m,1b,8da4w,cand,sarc_dev_linear_dq8ca_coopmat_zpg_bt_t128x64k32g22s32_texture3d_texture2d_half,2048,2048,2048,1.5336,11.202
780m,1b,8da4w,cand,sarc_dev_linear_dq8ca_coopmat_zpg_bt_t128x64k32g22s32_texture3d_texture2d_half,2048,8192,2048,6.0017,11.45
780m,1b,8da4w,cand,sarc_dev_linear_dq8ca_coopmat_zpg_bt_t128x64k32g22s32_texture3d_texture2d_half,2048,8192,2048,6.0074,11.439
780m,1b,8da4w,cand,sarc_dev_linear_dq8ca_coopmat_zpg_bt_t128x64k32g22s32_texture3d_texture2d_half,2048,2048,8192,6.0011,11.451
780m,1b,8da4w,cand,sarc_dev_linear_dq8ca_coopmat_zpg_bt_t128x64k32g22s32_texture3d_texture2d_half,2048,2048,2048,1.5341,11.199
780m,1b,8da4w,cand,sarc_dev_linear_dq8ca_coopmat_zpg_bt_t128x64k32g22s32_texture3d_texture2d_half,2048,512,2048,0.4037,10.638
780m,1b,8da4w,cand,sarc_dev_linear_dq8ca_coopmat_zpg_bt_t128x64k32g22s32_texture3d_texture2d_half,2048,512,2048,0.4028,10.664
780m,1b,8da4w,cand,sarc_dev_linear_dq8ca_coopmat_zpg_bt_t128x64k32g22s32_texture3d_texture2d_half,2048,2048,2048,1.5411,11.148
780m,1b,8da4w,cand,sarc_dev_linear_dq8ca_coopmat_zpg_bt_t128x64k32g22s32_texture3d_texture2d_half,2048,8192,2048,6.0187,11.418
780m,1b,8da4w,cand,sarc_dev_linear_dq8ca_coopmat_zpg_bt_t128x64k32g22s32_texture3d_texture2d_half,2048,8192,2048,6.0143,11.426
780m,1b,8da4w,cand,sarc_dev_linear_dq8ca_coopmat_zpg_bt_t128x64k32g22s32_texture3d_texture2d_half,2048,2048,8192,6.0154,11.424
780m,1b,8da4w,cand,sarc_dev_linear_dq8ca_coopmat_zpg_bt_t128x64k32g22s32_texture3d_texture2d_half,2048,2048,2048,1.534,11.2
780m,1b,8da4w,cand,sarc_dev_linear_dq8ca_coopmat_zpg_bt_t128x64k32g22s32_texture3d_texture2d_half,2048,512,2048,0.4044,10.62
780m,1b,8da4w,cand,sarc_dev_linear_dq8ca_coopmat_zpg_bt_t128x64k32g22s32_texture3d_texture2d_half,2048,512,2048,0.3976,10.801
780m,1b,8da4w,cand,sarc_dev_linear_dq8ca_coopmat_zpg_bt_t128x64k32g22s32_texture3d_texture2d_half,2048,2048,2048,1.5318,11.216
780m,1b,8da4w,cand,sarc_dev_linear_dq8ca_coopmat_zpg_bt_t128x64k32g22s32_texture3d_texture2d_half,2048,8192,2048,6.0137,11.427
780m,1b,8da4w,cand,sarc_dev_linear_dq8ca_coopmat_zpg_bt_t128x64k32g22s32_texture3d_texture2d_half,2048,8192,2048,6.0195,11.416
780m,1b,8da4w,cand,sarc_dev_linear_dq8ca_coopmat_zpg_bt_t128x64k32g22s32_texture3d_texture2d_half,2048,2048,8192,6.0117,11.431
780m,1b,8da4w,cand,sarc_dev_linear_dq8ca_coopmat_zpg_bt_t128x64k32g22s32_texture3d_texture2d_half,2048,2048,2048,1.5366,11.181
780m,1b,8da4w,cand,sarc_dev_linear_dq8ca_coopmat_zpg_bt_t128x64k32g22s32_texture3d_texture2d_half,2048,512,2048,0.4041,10.629
780m,1b,8da4w,cand,sarc_dev_linear_dq8ca_coopmat_zpg_bt_t128x64k32g22s32_texture3d_texture2d_half,2048,512,2048,0.4031,10.655
780m,1b,8da4w,cand,sarc_dev_linear_dq8ca_coopmat_zpg_bt_t128x64k32g22s32_texture3d_texture2d_half,2048,2048,2048,1.5333,11.205
780m,1b,8da4w,cand,sarc_dev_linear_dq8ca_coopmat_zpg_bt_t128x64k32g22s32_texture3d_texture2d_half,2048,8192,2048,6.0058,11.442
780m,1b,8da4w,cand,sarc_dev_linear_dq8ca_coopmat_zpg_bt_t128x64k32g22s32_texture3d_texture2d_half,2048,8192,2048,6.0182,11.419
780m,1b,8da4w,cand,sarc_dev_linear_dq8ca_coopmat_zpg_bt_t128x64k32g22s32_texture3d_texture2d_half,2048,2048,8192,6.0114,11.432
780m,1b,8da4w,cand,sarc_dev_linear_dq8ca_coopmat_zpg_bt_t128x64k32g22s32_texture3d_texture2d_half,2048,2048,2048,1.5332,11.205
780m,1b,8da4w,cand,sarc_dev_linear_dq8ca_coopmat_zpg_bt_t128x64k32g22s32_texture3d_texture2d_half,2048,512,2048,0.402,10.683
780m,1b,8da4w,cand,sarc_dev_linear_dq8ca_coopmat_zpg_bt_t128x64k32g22s32_texture3d_texture2d_half,2048,512,2048,0.4027,10.665
780m,1b,8da4w,cand,sarc_dev_linear_dq8ca_coopmat_zpg_bt_t128x64k32g22s32_texture3d_texture2d_half,2048,2048,2048,1.5335,11.203
780m,1b,8da4w,cand,sarc_dev_linear_dq8ca_coopmat_zpg_bt_t128x64k32g22s32_texture3d_texture2d_half,2048,8192,2048,6.0076,11.439
780m,1b,8da4w,cand,sarc_dev_linear_dq8ca_coopmat_zpg_bt_t128x64k32g22s32_texture3d_texture2d_half,2048,8192,2048,6.0188,11.418
780m,1b,8da4w,cand,sarc_dev_linear_dq8ca_coopmat_zpg_bt_t128x64k32g22s32_texture3d_texture2d_half,2048,2048,8192,6.0098,11.434
780m,1b,8da4w,cand,sarc_dev_linear_dq8ca_coopmat_zpg_bt_t128x64k32g22s32_texture3d_texture2d_half,2048,2048,2048,1.5317,11.216
780m,1b,8da4w,cand,sarc_dev_linear_dq8ca_coopmat_zpg_bt_t128x64k32g22s32_texture3d_texture2d_half,2048,512,2048,0.4028,10.664
780m,1b,8da4w,cand,sarc_dev_linear_dq8ca_coopmat_zpg_bt_t128x64k32g22s32_texture3d_texture2d_half,2048,512,2048,0.4044,10.621
780m,1b,8da4w,cand,sarc_dev_linear_dq8ca_coopmat_zpg_bt_t128x64k32g22s32_texture3d_texture2d_half,2048,2048,2048,1.5307,11.223
780m,1b,8da4w,cand,sarc_dev_linear_dq8ca_coopmat_zpg_bt_t128x64k32g22s32_texture3d_texture2d_half,2048,8192,2048,6.0055,11.443
780m,1b,8da4w,cand,sarc_dev_linear_dq8ca_coopmat_zpg_bt_t128x64k32g22s32_texture3d_texture2d_half,2048,8192,2048,6.0125,11.429
780m,1b,8da4w,cand,sarc_dev_linear_dq8ca_coopmat_zpg_bt_t128x64k32g22s32_texture3d_texture2d_half,2048,2048,8192,6.0174,11.42
780m,1b,8da4w,cand,sarc_dev_linear_dq8ca_coopmat_zpg_bt_t128x64k32g22s32_texture3d_texture2d_half,2048,2048,2048,1.5349,11.193
780m,1b,8da4w,cand,sarc_dev_linear_dq8ca_coopmat_zpg_bt_t128x64k32g22s32_texture3d_texture2d_half,2048,512,2048,0.4028,10.663
780m,1b,8da4w,cand,sarc_dev_linear_dq8ca_coopmat_zpg_bt_t128x64k32g22s32_texture3d_texture2d_half,2048,512,2048,0.4029,10.66
780m,1b,8da4w,cand,sarc_dev_linear_dq8ca_coopmat_zpg_bt_t128x64k32g22s32_texture3d_texture2d_half,2048,2048,2048,1.5352,11.191
780m,1b,8da4w,cand,sarc_dev_linear_dq8ca_coopmat_zpg_bt_t128x64k32g22s32_texture3d_texture2d_half,2048,8192,2048,6.0115,11.431
780m,1b,8da4w,cand,sarc_dev_linear_dq8ca_coopmat_zpg_bt_t128x64k32g22s32_texture3d_texture2d_half,2048,8192,2048,6.013,11.428
780m,1b,8da4w,cand,sarc_dev_linear_dq8ca_coopmat_zpg_bt_t128x64k32g22s32_texture3d_texture2d_half,2048,2048,8192,6.0115,11.431
780m,1b,8da4w,cand,sarc_dev_linear_dq8ca_coopmat_zpg_bt_t128x64k32g22s32_texture3d_texture2d_half,2048,2048,2048,1.5366,11.18
780m,1b,8da4w,cand,sarc_dev_linear_dq8ca_coopmat_zpg_bt_t128x64k32g22s32_texture3d_texture2d_half,2048,512,2048,0.4034,10.646
780m,1b,8da4w,cand,sarc_dev_linear_dq8ca_coopmat_zpg_bt_t128x64k32g22s32_texture3d_texture2d_half,2048,512,2048,0.4019,10.686
780m,1b,8da4w,cand,sarc_dev_linear_dq8ca_coopmat_zpg_bt_t128x64k32g22s32_texture3d_texture2d_half,2048,2048,2048,1.5361,11.184
780m,1b,8da4w,cand,sarc_dev_linear_dq8ca_coopmat_zpg_bt_t128x64k32g22s32_texture3d_texture2d_half,2048,8192,2048,6.0104,11.434
780m,1b,8da4w,cand,sarc_dev_linear_dq8ca_coopmat_zpg_bt_t128x64k32g22s32_texture3d_texture2d_half,2048,8192,2048,6.0083,11.437
780m,1b,8da4w,cand,sarc_dev_linear_dq8ca_coopmat_zpg_bt_t128x64k32g22s32_texture3d_texture2d_half,2048,2048,8192,6.0238,11.408
780m,1b,8da4w,cand,sarc_dev_linear_dq8ca_coopmat_zpg_bt_t128x64k32g22s32_texture3d_texture2d_half,2048,2048,2048,1.5305,11.225
780m,1b,8da4w,cand,sarc_dev_linear_dq8ca_coopmat_zpg_bt_t128x64k32g22s32_texture3d_texture2d_half,2048,512,2048,0.4018,10.689
780m,1b,8da4w,cand,sarc_dev_linear_dq8ca_coopmat_zpg_bt_t128x64k32g22s32_texture3d_texture2d_half,2048,512,2048,0.4046,10.616
780m,1b,8da4w,cand,sarc_dev_linear_dq8ca_coopmat_zpg_bt_t128x64k32g22s32_texture3d_texture2d_half,2048,2048,2048,1.5322,11.212
780m,1b,8da4w,cand,sarc_dev_linear_dq8ca_coopmat_zpg_bt_t128x64k32g22s32_texture3d_texture2d_half,2048,8192,2048,6.0088,11.436
780m,1b,8da4w,cand,sarc_dev_linear_dq8ca_coopmat_zpg_bt_t128x64k32g22s32_texture3d_texture2d_half,2048,8192,2048,6.0164,11.422
780m,1b,8da4w,cand,sarc_dev_linear_dq8ca_coopmat_zpg_bt_t128x64k32g22s32_texture3d_texture2d_half,2048,2048,8192,6.0133,11.428
780m,1b,8da4w,cand,sarc_dev_linear_dq8ca_coopmat_zpg_bt_t128x64k32g22s32_texture3d_texture2d_half,2048,2048,2048,1.5349,11.193
780m,1b,8da4w,cand,sarc_dev_linear_dq8ca_coopmat_zpg_bt_t128x64k32g22s32_texture3d_texture2d_half,2048,512,2048,0.405,10.605
780m,1b,8da4w,cand,sarc_dev_linear_dq8ca_coopmat_zpg_bt_t128x64k32g22s32_texture3d_texture2d_half,2048,512,2048,0.4043,10.624
780m,1b,8da4w,cand,sarc_dev_linear_dq8ca_coopmat_zpg_bt_t128x64k32g22s32_texture3d_texture2d_half,2048,2048,2048,1.5324,11.211
780m,1b,8da4w,cand,sarc_dev_linear_dq8ca_coopmat_zpg_bt_t128x64k32g22s32_texture3d_texture2d_half,2048,8192,2048,6.0147,11.425
780m,1b,8da4w,cand,sarc_dev_linear_dq8ca_coopmat_zpg_bt_t128x64k32g22s32_texture3d_texture2d_half,2048,8192,2048,6.0052,11.443
780m,1b,8da4w,cand,sarc_dev_linear_dq8ca_coopmat_zpg_bt_t128x64k32g22s32_texture3d_texture2d_half,2048,2048,8192,6.0063,11.441
780m,1b,8da4w,cand,sarc_dev_linear_dq8ca_coopmat_zpg_bt_t128x64k32g22s32_texture3d_texture2d_half,2048,2048,2048,1.5339,11.2
780m,1b,8da4w,cand,sarc_dev_linear_dq8ca_coopmat_zpg_bt_t128x64k32g22s32_texture3d_texture2d_half,2048,512,2048,0.4017,10.693
780m,1b,8da4w,cand,sarc_dev_linear_dq8ca_coopmat_zpg_bt_t128x64k32g22s32_texture3d_texture2d_half,2048,512,2048,0.4026,10.667
780m,1b,8da4w,cand,sarc_dev_linear_dq8ca_coopmat_zpg_bt_t128x64k32g22s32_texture3d_texture2d_half,2048,2048,2048,1.5376,11.173
780m,1b,8da4w,cand,sarc_dev_linear_dq8ca_coopmat_zpg_bt_t128x64k32g22s32_texture3d_texture2d_half,2048,8192,2048,6.0113,11.432
780m,1b,8da4w,cand,sarc_dev_linear_dq8ca_coopmat_zpg_bt_t128x64k32g22s32_texture3d_texture2d_half,2048,8192,2048,6.0085,11.437
780m,1b,8da4w,cand,sarc_dev_linear_dq8ca_coopmat_zpg_bt_t128x64k32g22s32_texture3d_texture2d_half,2048,2048,8192,6.0062,11.441
780m,1b,8da4w,cand,sarc_dev_linear_dq8ca_coopmat_zpg_bt_t128x64k32g22s32_texture3d_texture2d_half,2048,2048,2048,1.5317,11.216
780m,1b,8da4w,cand,sarc_dev_linear_dq8ca_coopmat_zpg_bt_t128x64k32g22s32_texture3d_texture2d_half,2048,512,2048,0.3986,10.775
780m,1b,8da4w,cand,sarc_dev_linear_dq8ca_coopmat_zpg_bt_t128x64k32g22s32_texture3d_texture2d_half,2048,512,2048,0.4044,10.621
780m,1b,8da4w,cand,sarc_dev_linear_dq8ca_coopmat_zpg_bt_t128x64k32g22s32_texture3d_texture2d_half,2048,2048,2048,1.5382,11.169
780m,1b,8da4w,cand,sarc_dev_linear_dq8ca_coopmat_zpg_bt_t128x64k32g22s32_texture3d_texture2d_half,2048,8192,2048,6.0092,11.436
780m,1b,8da4w,cand,sarc_dev_linear_dq8ca_coopmat_zpg_bt_t128x64k32g22s32_texture3d_texture2d_half,2048,8192,2048,6.0105,11.433
780m,1b,8da4w,cand,sarc_dev_linear_dq8ca_coopmat_zpg_bt_t128x64k32g22s32_texture3d_texture2d_half,2048,2048,8192,6.0176,11.42
780m,1b,8da4w,cand,sarc_dev_linear_dq8ca_coopmat_zpg_bt_t128x64k32g22s32_texture3d_texture2d_half,2048,2048,2048,1.5358,11.186
780m,1b,8da4w,cand,sarc_dev_linear_dq8ca_coopmat_zpg_bt_t128x64k32g22s32_texture3d_texture2d_half,2048,512,2048,0.4046,10.616
780m,1b,8da4w,cand,sarc_dev_linear_dq8ca_coopmat_zpg_bt_t128x64k32g22s32_texture3d_texture2d_half,2048,512,2048,0.405,10.606
780m,1b,8da4w,cand,sarc_dev_linear_dq8ca_coopmat_zpg_bt_t128x64k32g22s32_texture3d_texture2d_half,2048,2048,2048,1.5353,11.19
780m,1b,8da4w,cand,sarc_dev_linear_dq8ca_coopmat_zpg_bt_t128x64k32g22s32_texture3d_texture2d_half,2048,8192,2048,6.0085,11.437
780m,1b,8da4w,cand,sarc_dev_linear_dq8ca_coopmat_zpg_bt_t128x64k32g22s32_texture3d_texture2d_half,2048,8192,2048,6.009,11.436
780m,1b,8da4w,cand,sarc_dev_linear_dq8ca_coopmat_zpg_bt_t128x64k32g22s32_texture3d_texture2d_half,2048,2048,8192,6.0072,11.44
780m,1b,8da4w,cand,sarc_dev_linear_dq8ca_coopmat_zpg_bt_t128x64k32g22s32_texture3d_texture2d_half,2048,2048,2048,1.5334,11.204
780m,1b,8da4w,cand,sarc_dev_linear_dq8ca_coopmat_zpg_bt_t128x64k32g22s32_texture3d_texture2d_half,2048,512,2048,0.4026,10.667
780m,1b,8da4w,cand,sarc_dev_linear_dq8ca_coopmat_zpg_bt_t128x64k32g22s32_texture3d_texture2d_half,2048,512,2048,0.4029,10.661
780m,1b,8da4w,cand,sarc_dev_linear_dq8ca_coopmat_zpg_bt_t128x64k32g22s32_texture3d_texture2d_half,2048,2048,2048,1.538,11.17
780m,1b,8da4w,cand,sarc_dev_linear_dq8ca_coopmat_zpg_bt_t128x64k32g22s32_texture3d_texture2d_half,2048,8192,2048,6.0128,11.429
780m,1b,8da4w,cand,sarc_dev_linear_dq8ca_coopmat_zpg_bt_t128x64k32g22s32_texture3d_texture2d_half,2048,8192,2048,6.0137,11.427
780m,1b,8da4w,cand,sarc_dev_linear_dq8ca_coopmat_zpg_bt_t128x64k32g22s32_texture3d_texture2d_half,2048,2048,8192,6.0088,11.436
780m,1b,8da4w,parent,sarc_dev_linear_dq8ca_coopmat_zpg_bt_t128x64k32g22s32_texture3d_texture2d_half,2048,2048,2048,1.548,11.098
780m,1b,8da4w,parent,sarc_dev_linear_dq8ca_coopmat_zpg_bt_t128x64k32g22s32_texture3d_texture2d_half,2048,512,2048,0.406,10.58
780m,1b,8da4w,parent,sarc_dev_linear_dq8ca_coopmat_zpg_bt_t128x64k32g22s32_texture3d_texture2d_half,2048,512,2048,0.4044,10.62
780m,1b,8da4w,parent,sarc_dev_linear_dq8ca_coopmat_zpg_bt_t128x64k32g22s32_texture3d_texture2d_half,2048,2048,2048,1.5352,11.191
780m,1b,8da4w,parent,sarc_dev_linear_dq8ca_coopmat_zpg_bt_t128x64k32g22s32_texture3d_texture2d_half,2048,8192,2048,6.01,11.434
780m,1b,8da4w,parent,sarc_dev_linear_dq8ca_coopmat_zpg_bt_t128x64k32g22s32_texture3d_texture2d_half,2048,8192,2048,6.0027,11.448
780m,1b,8da4w,parent,sarc_dev_linear_dq8ca_coopmat_zpg_bt_t128x64k32g22s32_texture3d_texture2d_half,2048,2048,8192,5.9961,11.461
780m,1b,8da4w,parent,sarc_dev_linear_dq8ca_coopmat_zpg_bt_t128x64k32g22s32_texture3d_texture2d_half,2048,2048,2048,1.5319,11.215
780m,1b,8da4w,parent,sarc_dev_linear_dq8ca_coopmat_zpg_bt_t128x64k32g22s32_texture3d_texture2d_half,2048,512,2048,0.403,10.657
780m,1b,8da4w,parent,sarc_dev_linear_dq8ca_coopmat_zpg_bt_t128x64k32g22s32_texture3d_texture2d_half,2048,512,2048,0.4037,10.64
780m,1b,8da4w,parent,sarc_dev_linear_dq8ca_coopmat_zpg_bt_t128x64k32g22s32_texture3d_texture2d_half,2048,2048,2048,1.5326,11.21
780m,1b,8da4w,parent,sarc_dev_linear_dq8ca_coopmat_zpg_bt_t128x64k32g22s32_texture3d_texture2d_half,2048,8192,2048,5.9973,11.458
780m,1b,8da4w,parent,sarc_dev_linear_dq8ca_coopmat_zpg_bt_t128x64k32g22s32_texture3d_texture2d_half,2048,8192,2048,6.0137,11.427
780m,1b,8da4w,parent,sarc_dev_linear_dq8ca_coopmat_zpg_bt_t128x64k32g22s32_texture3d_texture2d_half,2048,2048,8192,5.9969,11.459
780m,1b,8da4w,parent,sarc_dev_linear_dq8ca_coopmat_zpg_bt_t128x64k32g22s32_texture3d_texture2d_half,2048,2048,2048,1.5316,11.217
780m,1b,8da4w,parent,sarc_dev_linear_dq8ca_coopmat_zpg_bt_t128x64k32g22s32_texture3d_texture2d_half,2048,512,2048,0.4026,10.667
780m,1b,8da4w,parent,sarc_dev_linear_dq8ca_coopmat_zpg_bt_t128x64k32g22s32_texture3d_texture2d_half,2048,512,2048,0.4019,10.686
780m,1b,8da4w,parent,sarc_dev_linear_dq8ca_coopmat_zpg_bt_t128x64k32g22s32_texture3d_texture2d_half,2048,2048,2048,1.5362,11.184
780m,1b,8da4w,parent,sarc_dev_linear_dq8ca_coopmat_zpg_bt_t128x64k32g22s32_texture3d_texture2d_half,2048,8192,2048,6.0015,11.45
780m,1b,8da4w,parent,sarc_dev_linear_dq8ca_coopmat_zpg_bt_t128x64k32g22s32_texture3d_texture2d_half,2048,8192,2048,6.0101,11.434
780m,1b,8da4w,parent,sarc_dev_linear_dq8ca_coopmat_zpg_bt_t128x64k32g22s32_texture3d_texture2d_half,2048,2048,8192,6.0047,11.444
780m,1b,8da4w,parent,sarc_dev_linear_dq8ca_coopmat_zpg_bt_t128x64k32g22s32_texture3d_texture2d_half,2048,2048,2048,1.5349,11.193
780m,1b,8da4w,parent,sarc_dev_linear_dq8ca_coopmat_zpg_bt_t128x64k32g22s32_texture3d_texture2d_half,2048,512,2048,0.4045,10.618
780m,1b,8da4w,parent,sarc_dev_linear_dq8ca_coopmat_zpg_bt_t128x64k32g22s32_texture3d_texture2d_half,2048,512,2048,0.4035,10.644
780m,1b,8da4w,parent,sarc_dev_linear_dq8ca_coopmat_zpg_bt_t128x64k32g22s32_texture3d_texture2d_half,2048,2048,2048,1.5323,11.212
780m,1b,8da4w,parent,sarc_dev_linear_dq8ca_coopmat_zpg_bt_t128x64k32g22s32_texture3d_texture2d_half,2048,8192,2048,5.9945,11.464
780m,1b,8da4w,parent,sarc_dev_linear_dq8ca_coopmat_zpg_bt_t128x64k32g22s32_texture3d_texture2d_half,2048,8192,2048,6.0041,11.445
780m,1b,8da4w,parent,sarc_dev_linear_dq8ca_coopmat_zpg_bt_t128x64k32g22s32_texture3d_texture2d_half,2048,2048,8192,6.0064,11.441
780m,1b,8da4w,parent,sarc_dev_linear_dq8ca_coopmat_zpg_bt_t128x64k32g22s32_texture3d_texture2d_half,2048,2048,2048,1.5356,11.187
780m,1b,8da4w,parent,sarc_dev_linear_dq8ca_coopmat_zpg_bt_t128x64k32g22s32_texture3d_texture2d_half,2048,512,2048,0.4033,10.65
780m,1b,8da4w,parent,sarc_dev_linear_dq8ca_coopmat_zpg_bt_t128x64k32g22s32_texture3d_texture2d_half,2048,512,2048,0.3979,10.795
780m,1b,8da4w,parent,sarc_dev_linear_dq8ca_coopmat_zpg_bt_t128x64k32g22s32_texture3d_texture2d_half,2048,2048,2048,1.5331,11.206
780m,1b,8da4w,parent,sarc_dev_linear_dq8ca_coopmat_zpg_bt_t128x64k32g22s32_texture3d_texture2d_half,2048,8192,2048,5.9988,11.456
780m,1b,8da4w,parent,sarc_dev_linear_dq8ca_coopmat_zpg_bt_t128x64k32g22s32_texture3d_texture2d_half,2048,8192,2048,6.0013,11.451
780m,1b,8da4w,parent,sarc_dev_linear_dq8ca_coopmat_zpg_bt_t128x64k32g22s32_texture3d_texture2d_half,2048,2048,8192,6.0148,11.425
780m,1b,8da4w,parent,sarc_dev_linear_dq8ca_coopmat_zpg_bt_t128x64k32g22s32_texture3d_texture2d_half,2048,2048,2048,1.5367,11.18
780m,1b,8da4w,parent,sarc_dev_linear_dq8ca_coopmat_zpg_bt_t128x64k32g22s32_texture3d_texture2d_half,2048,512,2048,0.4052,10.601
780m,1b,8da4w,parent,sarc_dev_linear_dq8ca_coopmat_zpg_bt_t128x64k32g22s32_texture3d_texture2d_half,2048,512,2048,0.4048,10.61
780m,1b,8da4w,parent,sarc_dev_linear_dq8ca_coopmat_zpg_bt_t128x64k32g22s32_texture3d_texture2d_half,2048,2048,2048,1.5319,11.215
780m,1b,8da4w,parent,sarc_dev_linear_dq8ca_coopmat_zpg_bt_t128x64k32g22s32_texture3d_texture2d_half,2048,8192,2048,6.0071,11.44
780m,1b,8da4w,parent,sarc_dev_linear_dq8ca_coopmat_zpg_bt_t128x64k32g22s32_texture3d_texture2d_half,2048,8192,2048,6.0134,11.428
780m,1b,8da4w,parent,sarc_dev_linear_dq8ca_coopmat_zpg_bt_t128x64k32g22s32_texture3d_texture2d_half,2048,2048,8192,6.0044,11.445
780m,1b,8da4w,parent,sarc_dev_linear_dq8ca_coopmat_zpg_bt_t128x64k32g22s32_texture3d_texture2d_half,2048,2048,2048,1.5323,11.212
780m,1b,8da4w,parent,sarc_dev_linear_dq8ca_coopmat_zpg_bt_t128x64k32g22s32_texture3d_texture2d_half,2048,512,2048,0.4013,10.702
780m,1b,8da4w,parent,sarc_dev_linear_dq8ca_coopmat_zpg_bt_t128x64k32g22s32_texture3d_texture2d_half,2048,512,2048,0.4036,10.642
780m,1b,8da4w,parent,sarc_dev_linear_dq8ca_coopmat_zpg_bt_t128x64k32g22s32_texture3d_texture2d_half,2048,2048,2048,1.532,11.214
780m,1b,8da4w,parent,sarc_dev_linear_dq8ca_coopmat_zpg_bt_t128x64k32g22s32_texture3d_texture2d_half,2048,8192,2048,6.0131,11.428
780m,1b,8da4w,parent,sarc_dev_linear_dq8ca_coopmat_zpg_bt_t128x64k32g22s32_texture3d_texture2d_half,2048,8192,2048,5.9914,11.47
780m,1b,8da4w,parent,sarc_dev_linear_dq8ca_coopmat_zpg_bt_t128x64k32g22s32_texture3d_texture2d_half,2048,2048,8192,5.997,11.459
780m,1b,8da4w,parent,sarc_dev_linear_dq8ca_coopmat_zpg_bt_t128x64k32g22s32_texture3d_texture2d_half,2048,2048,2048,1.5302,11.227
780m,1b,8da4w,parent,sarc_dev_linear_dq8ca_coopmat_zpg_bt_t128x64k32g22s32_texture3d_texture2d_half,2048,512,2048,0.4026,10.668
780m,1b,8da4w,parent,sarc_dev_linear_dq8ca_coopmat_zpg_bt_t128x64k32g22s32_texture3d_texture2d_half,2048,512,2048,0.4046,10.615
780m,1b,8da4w,parent,sarc_dev_linear_dq8ca_coopmat_zpg_bt_t128x64k32g22s32_texture3d_texture2d_half,2048,2048,2048,1.5349,11.193
780m,1b,8da4w,parent,sarc_dev_linear_dq8ca_coopmat_zpg_bt_t128x64k32g22s32_texture3d_texture2d_half,2048,8192,2048,6.0178,11.419
780m,1b,8da4w,parent,sarc_dev_linear_dq8ca_coopmat_zpg_bt_t128x64k32g22s32_texture3d_texture2d_half,2048,8192,2048,6.0164,11.422
780m,1b,8da4w,parent,sarc_dev_linear_dq8ca_coopmat_zpg_bt_t128x64k32g22s32_texture3d_texture2d_half,2048,2048,8192,5.9937,11.465
780m,1b,8da4w,parent,sarc_dev_linear_dq8ca_coopmat_zpg_bt_t128x64k32g22s32_texture3d_texture2d_half,2048,2048,2048,1.5336,11.202
780m,1b,8da4w,parent,sarc_dev_linear_dq8ca_coopmat_zpg_bt_t128x64k32g22s32_texture3d_texture2d_half,2048,512,2048,0.4031,10.655
780m,1b,8da4w,parent,sarc_dev_linear_dq8ca_coopmat_zpg_bt_t128x64k32g22s32_texture3d_texture2d_half,2048,512,2048,0.4036,10.642
780m,1b,8da4w,parent,sarc_dev_linear_dq8ca_coopmat_zpg_bt_t128x64k32g22s32_texture3d_texture2d_half,2048,2048,2048,1.5323,11.212
780m,1b,8da4w,parent,sarc_dev_linear_dq8ca_coopmat_zpg_bt_t128x64k32g22s32_texture3d_texture2d_half,2048,8192,2048,6.0123,11.43
780m,1b,8da4w,parent,sarc_dev_linear_dq8ca_coopmat_zpg_bt_t128x64k32g22s32_texture3d_texture2d_half,2048,8192,2048,6.0108,11.433
780m,1b,8da4w,parent,sarc_dev_linear_dq8ca_coopmat_zpg_bt_t128x64k32g22s32_texture3d_texture2d_half,2048,2048,8192,6.0157,11.423
780m,1b,8da4w,parent,sarc_dev_linear_dq8ca_coopmat_zpg_bt_t128x64k32g22s32_texture3d_texture2d_half,2048,2048,2048,1.5345,11.196
780m,1b,8da4w,parent,sarc_dev_linear_dq8ca_coopmat_zpg_bt_t128x64k32g22s32_texture3d_texture2d_half,2048,512,2048,0.4019,10.687
780m,1b,8da4w,parent,sarc_dev_linear_dq8ca_coopmat_zpg_bt_t128x64k32g22s32_texture3d_texture2d_half,2048,512,2048,0.403,10.657
780m,1b,8da4w,parent,sarc_dev_linear_dq8ca_coopmat_zpg_bt_t128x64k32g22s32_texture3d_texture2d_half,2048,2048,2048,1.534,11.199
780m,1b,8da4w,parent,sarc_dev_linear_dq8ca_coopmat_zpg_bt_t128x64k32g22s32_texture3d_texture2d_half,2048,8192,2048,6.008,11.438
780m,1b,8da4w,parent,sarc_dev_linear_dq8ca_coopmat_zpg_bt_t128x64k32g22s32_texture3d_texture2d_half,2048,8192,2048,6.0102,11.434
780m,1b,8da4w,parent,sarc_dev_linear_dq8ca_coopmat_zpg_bt_t128x64k32g22s32_texture3d_texture2d_half,2048,2048,8192,5.9969,11.459
780m,1b,8da4w,parent,sarc_dev_linear_dq8ca_coopmat_zpg_bt_t128x64k32g22s32_texture3d_texture2d_half,2048,2048,2048,1.5326,11.21
780m,1b,8da4w,parent,sarc_dev_linear_dq8ca_coopmat_zpg_bt_t128x64k32g22s32_texture3d_texture2d_half,2048,512,2048,0.4021,10.681
780m,1b,8da4w,parent,sarc_dev_linear_dq8ca_coopmat_zpg_bt_t128x64k32g22s32_texture3d_texture2d_half,2048,512,2048,0.4042,10.626
780m,1b,8da4w,parent,sarc_dev_linear_dq8ca_coopmat_zpg_bt_t128x64k32g22s32_texture3d_texture2d_half,2048,2048,2048,1.5318,11.216
780m,1b,8da4w,parent,sarc_dev_linear_dq8ca_coopmat_zpg_bt_t128x64k32g22s32_texture3d_texture2d_half,2048,8192,2048,5.9985,11.456
780m,1b,8da4w,parent,sarc_dev_linear_dq8ca_coopmat_zpg_bt_t128x64k32g22s32_texture3d_texture2d_half,2048,8192,2048,6.0099,11.434
780m,1b,8da4w,parent,sarc_dev_linear_dq8ca_coopmat_zpg_bt_t128x64k32g22s32_texture3d_texture2d_half,2048,2048,8192,5.9894,11.473
780m,1b,8da4w,parent,sarc_dev_linear_dq8ca_coopmat_zpg_bt_t128x64k32g22s32_texture3d_texture2d_half,2048,2048,2048,1.532,11.214
780m,1b,8da4w,parent,sarc_dev_linear_dq8ca_coopmat_zpg_bt_t128x64k32g22s32_texture3d_texture2d_half,2048,512,2048,0.4028,10.664
780m,1b,8da4w,parent,sarc_dev_linear_dq8ca_coopmat_zpg_bt_t128x64k32g22s32_texture3d_texture2d_half,2048,512,2048,0.4045,10.618
780m,1b,8da4w,parent,sarc_dev_linear_dq8ca_coopmat_zpg_bt_t128x64k32g22s32_texture3d_texture2d_half,2048,2048,2048,1.5361,11.184
780m,1b,8da4w,parent,sarc_dev_linear_dq8ca_coopmat_zpg_bt_t128x64k32g22s32_texture3d_texture2d_half,2048,8192,2048,6.0144,11.426
780m,1b,8da4w,parent,sarc_dev_linear_dq8ca_coopmat_zpg_bt_t128x64k32g22s32_texture3d_texture2d_half,2048,8192,2048,6.0114,11.432
780m,1b,8da4w,parent,sarc_dev_linear_dq8ca_coopmat_zpg_bt_t128x64k32g22s32_texture3d_texture2d_half,2048,2048,8192,6.0202,11.415
780m,1b,8da4w,parent,sarc_dev_linear_dq8ca_coopmat_zpg_bt_t128x64k32g22s32_texture3d_texture2d_half,2048,2048,2048,1.5339,11.2
780m,1b,8da4w,parent,sarc_dev_linear_dq8ca_coopmat_zpg_bt_t128x64k32g22s32_texture3d_texture2d_half,2048,512,2048,0.4036,10.641
780m,1b,8da4w,parent,sarc_dev_linear_dq8ca_coopmat_zpg_bt_t128x64k32g22s32_texture3d_texture2d_half,2048,512,2048,0.403,10.656
780m,1b,8da4w,parent,sarc_dev_linear_dq8ca_coopmat_zpg_bt_t128x64k32g22s32_texture3d_texture2d_half,2048,2048,2048,1.5369,11.178
780m,1b,8da4w,parent,sarc_dev_linear_dq8ca_coopmat_zpg_bt_t128x64k32g22s32_texture3d_texture2d_half,2048,8192,2048,6.012,11.43
780m,1b,8da4w,parent,sarc_dev_linear_dq8ca_coopmat_zpg_bt_t128x64k32g22s32_texture3d_texture2d_half,2048,8192,2048,6.004,11.446
780m,1b,8da4w,parent,sarc_dev_linear_dq8ca_coopmat_zpg_bt_t128x64k32g22s32_texture3d_texture2d_half,2048,2048,8192,6.0014,11.451
780m,1b,8da4w,parent,sarc_dev_linear_dq8ca_coopmat_zpg_bt_t128x64k32g22s32_texture3d_texture2d_half,2048,2048,2048,1.5317,11.216
780m,1b,8da4w,parent,sarc_dev_linear_dq8ca_coopmat_zpg_bt_t128x64k32g22s32_texture3d_texture2d_half,2048,512,2048,0.3965,10.832
780m,1b,8da4w,parent,sarc_dev_linear_dq8ca_coopmat_zpg_bt_t128x64k32g22s32_texture3d_texture2d_half,2048,512,2048,0.4054,10.594
780m,1b,8da4w,parent,sarc_dev_linear_dq8ca_coopmat_zpg_bt_t128x64k32g22s32_texture3d_texture2d_half,2048,2048,2048,1.5348,11.194
780m,1b,8da4w,parent,sarc_dev_linear_dq8ca_coopmat_zpg_bt_t128x64k32g22s32_texture3d_texture2d_half,2048,8192,2048,6.0138,11.427
780m,1b,8da4w,parent,sarc_dev_linear_dq8ca_coopmat_zpg_bt_t128x64k32g22s32_texture3d_texture2d_half,2048,8192,2048,5.9975,11.458
780m,1b,8da4w,parent,sarc_dev_linear_dq8ca_coopmat_zpg_bt_t128x64k32g22s32_texture3d_texture2d_half,2048,2048,8192,6.0004,11.452
780m,1b,8da4w,parent,sarc_dev_linear_dq8ca_coopmat_zpg_bt_t128x64k32g22s32_texture3d_texture2d_half,2048,2048,2048,1.5343,11.197
780m,1b,8da4w,parent,sarc_dev_linear_dq8ca_coopmat_zpg_bt_t128x64k32g22s32_texture3d_texture2d_half,2048,512,2048,0.4064,10.568
780m,1b,8da4w,parent,sarc_dev_linear_dq8ca_coopmat_zpg_bt_t128x64k32g22s32_texture3d_texture2d_half,2048,512,2048,0.4042,10.626
780m,1b,8da4w,parent,sarc_dev_linear_dq8ca_coopmat_zpg_bt_t128x64k32g22s32_texture3d_texture2d_half,2048,2048,2048,1.5334,11.204
780m,1b,8da4w,parent,sarc_dev_linear_dq8ca_coopmat_zpg_bt_t128x64k32g22s32_texture3d_texture2d_half,2048,8192,2048,6.0156,11.424
780m,1b,8da4w,parent,sarc_dev_linear_dq8ca_coopmat_zpg_bt_t128x64k32g22s32_texture3d_texture2d_half,2048,8192,2048,6.0081,11.438
780m,1b,8da4w,parent,sarc_dev_linear_dq8ca_coopmat_zpg_bt_t128x64k32g22s32_texture3d_texture2d_half,2048,2048,8192,5.9997,11.454
780m,1b,8da4w,parent,sarc_dev_linear_dq8ca_coopmat_zpg_bt_t128x64k32g22s32_texture3d_texture2d_half,2048,2048,2048,1.5344,11.196
780m,1b,8da4w,parent,sarc_dev_linear_dq8ca_coopmat_zpg_bt_t128x64k32g22s32_texture3d_texture2d_half,2048,512,2048,0.4027,10.665
780m,1b,8da4w,parent,sarc_dev_linear_dq8ca_coopmat_zpg_bt_t128x64k32g22s32_texture3d_texture2d_half,2048,512,2048,0.4017,10.691
780m,1b,8da4w,parent,sarc_dev_linear_dq8ca_coopmat_zpg_bt_t128x64k32g22s32_texture3d_texture2d_half,2048,2048,2048,1.533,11.207
780m,1b,8da4w,parent,sarc_dev_linear_dq8ca_coopmat_zpg_bt_t128x64k32g22s32_texture3d_texture2d_half,2048,8192,2048,5.9975,11.458
780m,1b,8da4w,parent,sarc_dev_linear_dq8ca_coopmat_zpg_bt_t128x64k32g22s32_texture3d_texture2d_half,2048,8192,2048,6.0195,11.416
780m,1b,8da4w,parent,sarc_dev_linear_dq8ca_coopmat_zpg_bt_t128x64k32g22s32_texture3d_texture2d_half,2048,2048,8192,5.9901,11.472
780m,3b,4w,cand,sarc_linear_q4gsw_coopmat_sweep_t128x256k32g42s32f32c_texture3d_texture2d_half,2048,3072,3072,3.5476,10.896
780m,3b,4w,cand,sarc_linear_q4gsw_coopmat_sweep_t128x256k32g42s32f32c_texture3d_texture2d_half,2048,1024,3072,1.2285,10.488
780m,3b,4w,cand,sarc_linear_q4gsw_coopmat_sweep_t128x256k32g42s32f32c_texture3d_texture2d_half,2048,1024,3072,1.24,10.391
780m,3b,4w,cand,sarc_linear_q4gsw_coopmat_sweep_t128x256k32g42s32f32c_texture3d_texture2d_half,2048,3072,3072,3.5302,10.95
780m,3b,4w,cand,sarc_linear_q4gsw_coopmat_sweep_t128x256k32g42s32f32c_texture3d_texture2d_half,2048,8192,3072,9.4122,10.952
780m,3b,4w,cand,sarc_linear_q4gsw_coopmat_sweep_t128x256k32g42s32f32c_texture3d_texture2d_half,2048,8192,3072,9.4478,10.91
780m,3b,4w,cand,sarc_linear_q4gsw_coopmat_sweep_t128x256k32g42s32f32c_texture3d_texture2d_half,2048,3072,8192,9.5233,10.824
780m,3b,4w,cand,sarc_linear_q4gsw_coopmat_sweep_t128x256k32g42s32f32c_texture3d_texture2d_half,2048,3072,3072,3.7084,10.424
780m,3b,4w,cand,sarc_linear_q4gsw_coopmat_sweep_t128x256k32g42s32f32c_texture3d_texture2d_half,2048,1024,3072,1.2918,9.975
780m,3b,4w,cand,sarc_linear_q4gsw_coopmat_sweep_t128x256k32g42s32f32c_texture3d_texture2d_half,2048,1024,3072,1.2925,9.969
780m,3b,4w,cand,sarc_linear_q4gsw_coopmat_sweep_t128x256k32g42s32f32c_texture3d_texture2d_half,2048,3072,3072,3.5267,10.961
780m,3b,4w,cand,sarc_linear_q4gsw_coopmat_sweep_t128x256k32g42s32f32c_texture3d_texture2d_half,2048,8192,3072,9.5104,10.839
780m,3b,4w,cand,sarc_linear_q4gsw_coopmat_sweep_t128x256k32g42s32f32c_texture3d_texture2d_half,2048,8192,3072,9.4625,10.893
780m,3b,4w,cand,sarc_linear_q4gsw_coopmat_sweep_t128x256k32g42s32f32c_texture3d_texture2d_half,2048,3072,8192,9.5638,10.778
780m,3b,4w,cand,sarc_linear_q4gsw_coopmat_sweep_t128x256k32g42s32f32c_texture3d_texture2d_half,2048,3072,3072,3.7538,10.297
780m,3b,4w,cand,sarc_linear_q4gsw_coopmat_sweep_t128x256k32g42s32f32c_texture3d_texture2d_half,2048,1024,3072,1.314,9.806
780m,3b,4w,cand,sarc_linear_q4gsw_coopmat_sweep_t128x256k32g42s32f32c_texture3d_texture2d_half,2048,1024,3072,1.3102,9.834
780m,3b,4w,cand,sarc_linear_q4gsw_coopmat_sweep_t128x256k32g42s32f32c_texture3d_texture2d_half,2048,3072,3072,3.5171,10.99
780m,3b,4w,cand,sarc_linear_q4gsw_coopmat_sweep_t128x256k32g42s32f32c_texture3d_texture2d_half,2048,8192,3072,9.5287,10.818
780m,3b,4w,cand,sarc_linear_q4gsw_coopmat_sweep_t128x256k32g42s32f32c_texture3d_texture2d_half,2048,8192,3072,9.4659,10.89
780m,3b,4w,cand,sarc_linear_q4gsw_coopmat_sweep_t128x256k32g42s32f32c_texture3d_texture2d_half,2048,3072,8192,9.503,10.847
780m,3b,4w,cand,sarc_linear_q4gsw_coopmat_sweep_t128x256k32g42s32f32c_texture3d_texture2d_half,2048,3072,3072,3.6665,10.543
780m,3b,4w,cand,sarc_linear_q4gsw_coopmat_sweep_t128x256k32g42s32f32c_texture3d_texture2d_half,2048,1024,3072,1.2804,10.063
780m,3b,4w,cand,sarc_linear_q4gsw_coopmat_sweep_t128x256k32g42s32f32c_texture3d_texture2d_half,2048,1024,3072,1.2721,10.129
780m,3b,4w,cand,sarc_linear_q4gsw_coopmat_sweep_t128x256k32g42s32f32c_texture3d_texture2d_half,2048,3072,3072,3.5404,10.918
780m,3b,4w,cand,sarc_linear_q4gsw_coopmat_sweep_t128x256k32g42s32f32c_texture3d_texture2d_half,2048,8192,3072,9.4477,10.91
780m,3b,4w,cand,sarc_linear_q4gsw_coopmat_sweep_t128x256k32g42s32f32c_texture3d_texture2d_half,2048,8192,3072,9.5188,10.829
780m,3b,4w,cand,sarc_linear_q4gsw_coopmat_sweep_t128x256k32g42s32f32c_texture3d_texture2d_half,2048,3072,8192,9.5203,10.827
780m,3b,4w,cand,sarc_linear_q4gsw_coopmat_sweep_t128x256k32g42s32f32c_texture3d_texture2d_half,2048,3072,3072,3.6999,10.447
780m,3b,4w,cand,sarc_linear_q4gsw_coopmat_sweep_t128x256k32g42s32f32c_texture3d_texture2d_half,2048,1024,3072,1.288,10.004
780m,3b,4w,cand,sarc_linear_q4gsw_coopmat_sweep_t128x256k32g42s32f32c_texture3d_texture2d_half,2048,1024,3072,1.3007,9.906
780m,3b,4w,cand,sarc_linear_q4gsw_coopmat_sweep_t128x256k32g42s32f32c_texture3d_texture2d_half,2048,3072,3072,3.521,10.978
780m,3b,4w,cand,sarc_linear_q4gsw_coopmat_sweep_t128x256k32g42s32f32c_texture3d_texture2d_half,2048,8192,3072,9.369,11.002
780m,3b,4w,cand,sarc_linear_q4gsw_coopmat_sweep_t128x256k32g42s32f32c_texture3d_texture2d_half,2048,8192,3072,9.5608,10.781
780m,3b,4w,cand,sarc_linear_q4gsw_coopmat_sweep_t128x256k32g42s32f32c_texture3d_texture2d_half,2048,3072,8192,9.5096,10.84
780m,3b,4w,cand,sarc_linear_q4gsw_coopmat_sweep_t128x256k32g42s32f32c_texture3d_texture2d_half,2048,3072,3072,3.7017,10.442
780m,3b,4w,cand,sarc_linear_q4gsw_coopmat_sweep_t128x256k32g42s32f32c_texture3d_texture2d_half,2048,1024,3072,1.289,9.996
780m,3b,4w,cand,sarc_linear_q4gsw_coopmat_sweep_t128x256k32g42s32f32c_texture3d_texture2d_half,2048,1024,3072,1.3008,9.905
780m,3b,4w,cand,sarc_linear_q4gsw_coopmat_sweep_t128x256k32g42s32f32c_texture3d_texture2d_half,2048,3072,3072,3.5259,10.963
780m,3b,4w,cand,sarc_linear_q4gsw_coopmat_sweep_t128x256k32g42s32f32c_texture3d_texture2d_half,2048,8192,3072,9.3759,10.994
780m,3b,4w,cand,sarc_linear_q4gsw_coopmat_sweep_t128x256k32g42s32f32c_texture3d_texture2d_half,2048,8192,3072,9.5161,10.832
780m,3b,4w,cand,sarc_linear_q4gsw_coopmat_sweep_t128x256k32g42s32f32c_texture3d_texture2d_half,2048,3072,8192,9.5373,10.808
780m,3b,4w,cand,sarc_linear_q4gsw_coopmat_sweep_t128x256k32g42s32f32c_texture3d_texture2d_half,2048,3072,3072,3.6808,10.502
780m,3b,4w,cand,sarc_linear_q4gsw_coopmat_sweep_t128x256k32g42s32f32c_texture3d_texture2d_half,2048,1024,3072,1.289,9.996
780m,3b,4w,cand,sarc_linear_q4gsw_coopmat_sweep_t128x256k32g42s32f32c_texture3d_texture2d_half,2048,1024,3072,1.2859,10.02
780m,3b,4w,cand,sarc_linear_q4gsw_coopmat_sweep_t128x256k32g42s32f32c_texture3d_texture2d_half,2048,3072,3072,3.5076,11.02
780m,3b,4w,cand,sarc_linear_q4gsw_coopmat_sweep_t128x256k32g42s32f32c_texture3d_texture2d_half,2048,8192,3072,9.5188,10.829
780m,3b,4w,cand,sarc_linear_q4gsw_coopmat_sweep_t128x256k32g42s32f32c_texture3d_texture2d_half,2048,8192,3072,9.57,10.771
780m,3b,4w,cand,sarc_linear_q4gsw_coopmat_sweep_t128x256k32g42s32f32c_texture3d_texture2d_half,2048,3072,8192,9.5298,10.816
780m,3b,4w,cand,sarc_linear_q4gsw_coopmat_sweep_t128x256k32g42s32f32c_texture3d_texture2d_half,2048,3072,3072,3.6763,10.515
780m,3b,4w,cand,sarc_linear_q4gsw_coopmat_sweep_t128x256k32g42s32f32c_texture3d_texture2d_half,2048,1024,3072,1.2783,10.08
780m,3b,4w,cand,sarc_linear_q4gsw_coopmat_sweep_t128x256k32g42s32f32c_texture3d_texture2d_half,2048,1024,3072,1.2869,10.013
780m,3b,4w,cand,sarc_linear_q4gsw_coopmat_sweep_t128x256k32g42s32f32c_texture3d_texture2d_half,2048,3072,3072,3.5345,10.936
780m,3b,4w,cand,sarc_linear_q4gsw_coopmat_sweep_t128x256k32g42s32f32c_texture3d_texture2d_half,2048,8192,3072,9.5506,10.793
780m,3b,4w,cand,sarc_linear_q4gsw_coopmat_sweep_t128x256k32g42s32f32c_texture3d_texture2d_half,2048,8192,3072,9.5437,10.801
780m,3b,4w,cand,sarc_linear_q4gsw_coopmat_sweep_t128x256k32g42s32f32c_texture3d_texture2d_half,2048,3072,8192,9.5122,10.837
780m,3b,4w,cand,sarc_linear_q4gsw_coopmat_sweep_t128x256k32g42s32f32c_texture3d_texture2d_half,2048,3072,3072,3.6912,10.472
780m,3b,4w,cand,sarc_linear_q4gsw_coopmat_sweep_t128x256k32g42s32f32c_texture3d_texture2d_half,2048,1024,3072,1.2782,10.081
780m,3b,4w,cand,sarc_linear_q4gsw_coopmat_sweep_t128x256k32g42s32f32c_texture3d_texture2d_half,2048,1024,3072,1.2939,9.958
780m,3b,4w,cand,sarc_linear_q4gsw_coopmat_sweep_t128x256k32g42s32f32c_texture3d_texture2d_half,2048,3072,3072,3.5232,10.972
780m,3b,4w,cand,sarc_linear_q4gsw_coopmat_sweep_t128x256k32g42s32f32c_texture3d_texture2d_half,2048,8192,3072,9.4479,10.91
780m,3b,4w,cand,sarc_linear_q4gsw_coopmat_sweep_t128x256k32g42s32f32c_texture3d_texture2d_half,2048,8192,3072,9.5369,10.808
780m,3b,4w,cand,sarc_linear_q4gsw_coopmat_sweep_t128x256k32g42s32f32c_texture3d_texture2d_half,2048,3072,8192,9.5327,10.813
780m,3b,4w,cand,sarc_linear_q4gsw_coopmat_sweep_t128x256k32g42s32f32c_texture3d_texture2d_half,2048,3072,3072,3.6637,10.551
780m,3b,4w,cand,sarc_linear_q4gsw_coopmat_sweep_t128x256k32g42s32f32c_texture3d_texture2d_half,2048,1024,3072,1.2904,9.986
780m,3b,4w,cand,sarc_linear_q4gsw_coopmat_sweep_t128x256k32g42s32f32c_texture3d_texture2d_half,2048,1024,3072,1.2856,10.022
780m,3b,4w,cand,sarc_linear_q4gsw_coopmat_sweep_t128x256k32g42s32f32c_texture3d_texture2d_half,2048,3072,3072,3.5105,11.011
780m,3b,4w,cand,sarc_linear_q4gsw_coopmat_sweep_t128x256k32g42s32f32c_texture3d_texture2d_half,2048,8192,3072,9.4235,10.939
780m,3b,4w,cand,sarc_linear_q4gsw_coopmat_sweep_t128x256k32g42s32f32c_texture3d_texture2d_half,2048,8192,3072,9.6154,10.72
780m,3b,4w,cand,sarc_linear_q4gsw_coopmat_sweep_t128x256k32g42s32f32c_texture3d_texture2d_half,2048,3072,8192,9.5238,10.823
780m,3b,4w,cand,sarc_linear_q4gsw_coopmat_sweep_t128x256k32g42s32f32c_texture3d_texture2d_half,2048,3072,3072,3.69,10.476
780m,3b,4w,cand,sarc_linear_q4gsw_coopmat_sweep_t128x256k32g42s32f32c_texture3d_texture2d_half,2048,1024,3072,1.2954,9.947
780m,3b,4w,cand,sarc_linear_q4gsw_coopmat_sweep_t128x256k32g42s32f32c_texture3d_texture2d_half,2048,1024,3072,1.2908,9.982
780m,3b,4w,cand,sarc_linear_q4gsw_coopmat_sweep_t128x256k32g42s32f32c_texture3d_texture2d_half,2048,3072,3072,3.521,10.978
780m,3b,4w,cand,sarc_linear_q4gsw_coopmat_sweep_t128x256k32g42s32f32c_texture3d_texture2d_half,2048,8192,3072,9.5392,10.806
780m,3b,4w,cand,sarc_linear_q4gsw_coopmat_sweep_t128x256k32g42s32f32c_texture3d_texture2d_half,2048,8192,3072,9.5508,10.793
780m,3b,4w,cand,sarc_linear_q4gsw_coopmat_sweep_t128x256k32g42s32f32c_texture3d_texture2d_half,2048,3072,8192,9.5471,10.797
780m,3b,4w,cand,sarc_linear_q4gsw_coopmat_sweep_t128x256k32g42s32f32c_texture3d_texture2d_half,2048,3072,3072,3.6886,10.48
780m,3b,4w,cand,sarc_linear_q4gsw_coopmat_sweep_t128x256k32g42s32f32c_texture3d_texture2d_half,2048,1024,3072,1.2778,10.083
780m,3b,4w,cand,sarc_linear_q4gsw_coopmat_sweep_t128x256k32g42s32f32c_texture3d_texture2d_half,2048,1024,3072,1.2977,9.929
780m,3b,4w,cand,sarc_linear_q4gsw_coopmat_sweep_t128x256k32g42s32f32c_texture3d_texture2d_half,2048,3072,3072,3.5381,10.925
780m,3b,4w,cand,sarc_linear_q4gsw_coopmat_sweep_t128x256k32g42s32f32c_texture3d_texture2d_half,2048,8192,3072,9.4818,10.871
780m,3b,4w,cand,sarc_linear_q4gsw_coopmat_sweep_t128x256k32g42s32f32c_texture3d_texture2d_half,2048,8192,3072,9.4936,10.858
780m,3b,4w,cand,sarc_linear_q4gsw_coopmat_sweep_t128x256k32g42s32f32c_texture3d_texture2d_half,2048,3072,8192,9.5282,10.818
780m,3b,4w,cand,sarc_linear_q4gsw_coopmat_sweep_t128x256k32g42s32f32c_texture3d_texture2d_half,2048,3072,3072,3.6799,10.504
780m,3b,4w,cand,sarc_linear_q4gsw_coopmat_sweep_t128x256k32g42s32f32c_texture3d_texture2d_half,2048,1024,3072,1.2991,9.918
780m,3b,4w,cand,sarc_linear_q4gsw_coopmat_sweep_t128x256k32g42s32f32c_texture3d_texture2d_half,2048,1024,3072,1.2975,9.931
780m,3b,4w,cand,sarc_linear_q4gsw_coopmat_sweep_t128x256k32g42s32f32c_texture3d_texture2d_half,2048,3072,3072,3.5274,10.958
780m,3b,4w,cand,sarc_linear_q4gsw_coopmat_sweep_t128x256k32g42s32f32c_texture3d_texture2d_half,2048,8192,3072,9.4994,10.851
780m,3b,4w,cand,sarc_linear_q4gsw_coopmat_sweep_t128x256k32g42s32f32c_texture3d_texture2d_half,2048,8192,3072,9.487,10.865
780m,3b,4w,cand,sarc_linear_q4gsw_coopmat_sweep_t128x256k32g42s32f32c_texture3d_texture2d_half,2048,3072,8192,9.548,10.796
780m,3b,4w,cand,sarc_linear_q4gsw_coopmat_sweep_t128x256k32g42s32f32c_texture3d_texture2d_half,2048,3072,3072,3.6911,10.472
780m,3b,4w,cand,sarc_linear_q4gsw_coopmat_sweep_t128x256k32g42s32f32c_texture3d_texture2d_half,2048,1024,3072,1.2932,9.963
780m,3b,4w,cand,sarc_linear_q4gsw_coopmat_sweep_t128x256k32g42s32f32c_texture3d_texture2d_half,2048,1024,3072,1.2905,9.984
780m,3b,4w,cand,sarc_linear_q4gsw_coopmat_sweep_t128x256k32g42s32f32c_texture3d_texture2d_half,2048,3072,3072,3.5342,10.937
780m,3b,4w,cand,sarc_linear_q4gsw_coopmat_sweep_t128x256k32g42s32f32c_texture3d_texture2d_half,2048,8192,3072,9.4862,10.866
780m,3b,4w,cand,sarc_linear_q4gsw_coopmat_sweep_t128x256k32g42s32f32c_texture3d_texture2d_half,2048,8192,3072,9.5676,10.774
780m,3b,4w,cand,sarc_linear_q4gsw_coopmat_sweep_t128x256k32g42s32f32c_texture3d_texture2d_half,2048,3072,8192,9.5244,10.823
780m,3b,4w,cand,sarc_linear_q4gsw_coopmat_sweep_t128x256k32g42s32f32c_texture3d_texture2d_half,2048,3072,3072,3.6878,10.482
780m,3b,4w,cand,sarc_linear_q4gsw_coopmat_sweep_t128x256k32g42s32f32c_texture3d_texture2d_half,2048,1024,3072,1.2979,9.927
780m,3b,4w,cand,sarc_linear_q4gsw_coopmat_sweep_t128x256k32g42s32f32c_texture3d_texture2d_half,2048,1024,3072,1.3034,9.885
780m,3b,4w,cand,sarc_linear_q4gsw_coopmat_sweep_t128x256k32g42s32f32c_texture3d_texture2d_half,2048,3072,3072,3.4845,11.093
780m,3b,4w,cand,sarc_linear_q4gsw_coopmat_sweep_t128x256k32g42s32f32c_texture3d_texture2d_half,2048,8192,3072,9.475,10.879
780m,3b,4w,cand,sarc_linear_q4gsw_coopmat_sweep_t128x256k32g42s32f32c_texture3d_texture2d_half,2048,8192,3072,9.5432,10.801
780m,3b,4w,cand,sarc_linear_q4gsw_coopmat_sweep_t128x256k32g42s32f32c_texture3d_texture2d_half,2048,3072,8192,9.6002,10.737
780m,3b,4w,cand,sarc_linear_q4gsw_coopmat_sweep_t128x256k32g42s32f32c_texture3d_texture2d_half,2048,3072,3072,3.6966,10.457
780m,3b,4w,cand,sarc_linear_q4gsw_coopmat_sweep_t128x256k32g42s32f32c_texture3d_texture2d_half,2048,1024,3072,1.2958,9.944
780m,3b,4w,cand,sarc_linear_q4gsw_coopmat_sweep_t128x256k32g42s32f32c_texture3d_texture2d_half,2048,1024,3072,1.2898,9.99
780m,3b,4w,cand,sarc_linear_q4gsw_coopmat_sweep_t128x256k32g42s32f32c_texture3d_texture2d_half,2048,3072,3072,3.5237,10.97
780m,3b,4w,cand,sarc_linear_q4gsw_coopmat_sweep_t128x256k32g42s32f32c_texture3d_texture2d_half,2048,8192,3072,9.4184,10.944
780m,3b,4w,cand,sarc_linear_q4gsw_coopmat_sweep_t128x256k32g42s32f32c_texture3d_texture2d_half,2048,8192,3072,9.5054,10.844
780m,3b,4w,cand,sarc_linear_q4gsw_coopmat_sweep_t128x256k32g42s32f32c_texture3d_texture2d_half,2048,3072,8192,9.5631,10.779
780m,3b,4w,cand,sarc_linear_q4gsw_coopmat_sweep_t128x256k32g42s32f32c_texture3d_texture2d_half,2048,3072,3072,3.7248,10.378
780m,3b,4w,cand,sarc_linear_q4gsw_coopmat_sweep_t128x256k32g42s32f32c_texture3d_texture2d_half,2048,1024,3072,1.3023,9.894
780m,3b,4w,cand,sarc_linear_q4gsw_coopmat_sweep_t128x256k32g42s32f32c_texture3d_texture2d_half,2048,1024,3072,1.3018,9.897
780m,3b,4w,cand,sarc_linear_q4gsw_coopmat_sweep_t128x256k32g42s32f32c_texture3d_texture2d_half,2048,3072,3072,3.5367,10.93
780m,3b,4w,cand,sarc_linear_q4gsw_coopmat_sweep_t128x256k32g42s32f32c_texture3d_texture2d_half,2048,8192,3072,9.4205,10.942
780m,3b,4w,cand,sarc_linear_q4gsw_coopmat_sweep_t128x256k32g42s32f32c_texture3d_texture2d_half,2048,8192,3072,9.5592,10.783
780m,3b,4w,cand,sarc_linear_q4gsw_coopmat_sweep_t128x256k32g42s32f32c_texture3d_texture2d_half,2048,3072,8192,9.5838,10.756
780m,3b,4w,cand,sarc_linear_q4gsw_coopmat_sweep_t128x256k32g42s32f32c_texture3d_texture2d_half,2048,3072,3072,3.7157,10.403
780m,3b,4w,cand,sarc_linear_q4gsw_coopmat_sweep_t128x256k32g42s32f32c_texture3d_texture2d_half,2048,1024,3072,1.2987,9.922
780m,3b,4w,cand,sarc_linear_q4gsw_coopmat_sweep_t128x256k32g42s32f32c_texture3d_texture2d_half,2048,1024,3072,1.3025,9.893
780m,3b,4w,cand,sarc_linear_q4gsw_coopmat_sweep_t128x256k32g42s32f32c_texture3d_texture2d_half,2048,3072,3072,3.5315,10.946
780m,3b,4w,cand,sarc_linear_q4gsw_coopmat_sweep_t128x256k32g42s32f32c_texture3d_texture2d_half,2048,8192,3072,9.5081,10.841
780m,3b,4w,cand,sarc_linear_q4gsw_coopmat_sweep_t128x256k32g42s32f32c_texture3d_texture2d_half,2048,8192,3072,9.558,10.785
780m,3b,4w,cand,sarc_linear_q4gsw_coopmat_sweep_t128x256k32g42s32f32c_texture3d_texture2d_half,2048,3072,8192,9.5478,10.796
780m,3b,4w,cand,sarc_linear_q4gsw_coopmat_sweep_t128x256k32g42s32f32c_texture3d_texture2d_half,2048,3072,3072,3.6933,10.466
780m,3b,4w,cand,sarc_linear_q4gsw_coopmat_sweep_t128x256k32g42s32f32c_texture3d_texture2d_half,2048,1024,3072,1.297,9.934
780m,3b,4w,cand,sarc_linear_q4gsw_coopmat_sweep_t128x256k32g42s32f32c_texture3d_texture2d_half,2048,1024,3072,1.3038,9.882
780m,3b,4w,cand,sarc_linear_q4gsw_coopmat_sweep_t128x256k32g42s32f32c_texture3d_texture2d_half,2048,3072,3072,3.4903,11.075
780m,3b,4w,cand,sarc_linear_q4gsw_coopmat_sweep_t128x256k32g42s32f32c_texture3d_texture2d_half,2048,8192,3072,9.4566,10.9
780m,3b,4w,cand,sarc_linear_q4gsw_coopmat_sweep_t128x256k32g42s32f32c_texture3d_texture2d_half,2048,8192,3072,9.6195,10.716
780m,3b,4w,cand,sarc_linear_q4gsw_coopmat_sweep_t128x256k32g42s32f32c_texture3d_texture2d_half,2048,3072,8192,9.5958,10.742
780m,3b,4w,cand,sarc_linear_q4gsw_coopmat_sweep_t128x256k32g42s32f32c_texture3d_texture2d_half,2048,3072,3072,3.7037,10.437
780m,3b,4w,cand,sarc_linear_q4gsw_coopmat_sweep_t128x256k32g42s32f32c_texture3d_texture2d_half,2048,1024,3072,1.2909,9.981
780m,3b,4w,cand,sarc_linear_q4gsw_coopmat_sweep_t128x256k32g42s32f32c_texture3d_texture2d_half,2048,1024,3072,1.2993,9.917
780m,3b,4w,cand,sarc_linear_q4gsw_coopmat_sweep_t128x256k32g42s32f32c_texture3d_texture2d_half,2048,3072,3072,3.5068,11.023
780m,3b,4w,cand,sarc_linear_q4gsw_coopmat_sweep_t128x256k32g42s32f32c_texture3d_texture2d_half,2048,8192,3072,9.4473,10.911
780m,3b,4w,cand,sarc_linear_q4gsw_coopmat_sweep_t128x256k32g42s32f32c_texture3d_texture2d_half,2048,8192,3072,9.5584,10.784
780m,3b,4w,cand,sarc_linear_q4gsw_coopmat_sweep_t128x256k32g42s32f32c_texture3d_texture2d_half,2048,3072,8192,9.5541,10.789
780m,3b,4w,cand,sarc_linear_q4gsw_coopmat_sweep_t128x256k32g42s32f32c_texture3d_texture2d_half,2048,3072,3072,3.7276,10.37
780m,3b,4w,cand,sarc_linear_q4gsw_coopmat_sweep_t128x256k32g42s32f32c_texture3d_texture2d_half,2048,1024,3072,1.2967,9.937
780m,3b,4w,cand,sarc_linear_q4gsw_coopmat_sweep_t128x256k32g42s32f32c_texture3d_texture2d_half,2048,1024,3072,1.3093,9.841
780m,3b,4w,cand,sarc_linear_q4gsw_coopmat_sweep_t128x256k32g42s32f32c_texture3d_texture2d_half,2048,3072,3072,3.5443,10.906
780m,3b,4w,cand,sarc_linear_q4gsw_coopmat_sweep_t128x256k32g42s32f32c_texture3d_texture2d_half,2048,8192,3072,9.3817,10.987
780m,3b,4w,cand,sarc_linear_q4gsw_coopmat_sweep_t128x256k32g42s32f32c_texture3d_texture2d_half,2048,8192,3072,9.5221,10.825
780m,3b,4w,cand,sarc_linear_q4gsw_coopmat_sweep_t128x256k32g42s32f32c_texture3d_texture2d_half,2048,3072,8192,9.5512,10.792
780m,3b,4w,cand,sarc_linear_q4gsw_coopmat_sweep_t128x256k32g42s32f32c_texture3d_texture2d_half,2048,3072,3072,3.6984,10.452
780m,3b,4w,cand,sarc_linear_q4gsw_coopmat_sweep_t128x256k32g42s32f32c_texture3d_texture2d_half,2048,1024,3072,1.3023,9.894
780m,3b,4w,cand,sarc_linear_q4gsw_coopmat_sweep_t128x256k32g42s32f32c_texture3d_texture2d_half,2048,1024,3072,1.2992,9.918
780m,3b,4w,cand,sarc_linear_q4gsw_coopmat_sweep_t128x256k32g42s32f32c_texture3d_texture2d_half,2048,3072,3072,3.5174,10.99
780m,3b,4w,cand,sarc_linear_q4gsw_coopmat_sweep_t128x256k32g42s32f32c_texture3d_texture2d_half,2048,8192,3072,9.4436,10.915
780m,3b,4w,cand,sarc_linear_q4gsw_coopmat_sweep_t128x256k32g42s32f32c_texture3d_texture2d_half,2048,8192,3072,9.6062,10.731
780m,3b,4w,cand,sarc_linear_q4gsw_coopmat_sweep_t128x256k32g42s32f32c_texture3d_texture2d_half,2048,3072,8192,9.5451,10.799
780m,3b,4w,cand,sarc_linear_q4gsw_coopmat_sweep_t128x256k32g42s32f32c_texture3d_texture2d_half,2048,3072,3072,3.7194,10.393
780m,3b,4w,cand,sarc_linear_q4gsw_coopmat_sweep_t128x256k32g42s32f32c_texture3d_texture2d_half,2048,1024,3072,1.3104,9.833
780m,3b,4w,cand,sarc_linear_q4gsw_coopmat_sweep_t128x256k32g42s32f32c_texture3d_texture2d_half,2048,1024,3072,1.3071,9.857
780m,3b,4w,cand,sarc_linear_q4gsw_coopmat_sweep_t128x256k32g42s32f32c_texture3d_texture2d_half,2048,3072,3072,3.5747,10.813
780m,3b,4w,cand,sarc_linear_q4gsw_coopmat_sweep_t128x256k32g42s32f32c_texture3d_texture2d_half,2048,8192,3072,9.4991,10.851
780m,3b,4w,cand,sarc_linear_q4gsw_coopmat_sweep_t128x256k32g42s32f32c_texture3d_texture2d_half,2048,8192,3072,9.5825,10.757
780m,3b,4w,cand,sarc_linear_q4gsw_coopmat_sweep_t128x256k32g42s32f32c_texture3d_texture2d_half,2048,3072,8192,9.5331,10.813
780m,3b,4w,cand,sarc_linear_q4gsw_coopmat_sweep_t128x256k32g42s32f32c_texture3d_texture2d_half,2048,3072,3072,3.7248,10.378
780m,3b,4w,cand,sarc_linear_q4gsw_coopmat_sweep_t128x256k32g42s32f32c_texture3d_texture2d_half,2048,1024,3072,1.3064,9.863
780m,3b,4w,cand,sarc_linear_q4gsw_coopmat_sweep_t128x256k32g42s32f32c_texture3d_texture2d_half,2048,1024,3072,1.2916,9.976
780m,3b,4w,cand,sarc_linear_q4gsw_coopmat_sweep_t128x256k32g42s32f32c_texture3d_texture2d_half,2048,3072,3072,3.5249,10.966
780m,3b,4w,cand,sarc_linear_q4gsw_coopmat_sweep_t128x256k32g42s32f32c_texture3d_texture2d_half,2048,8192,3072,9.4892,10.863
780m,3b,4w,cand,sarc_linear_q4gsw_coopmat_sweep_t128x256k32g42s32f32c_texture3d_texture2d_half,2048,8192,3072,9.6346,10.699
780m,3b,4w,cand,sarc_linear_q4gsw_coopmat_sweep_t128x256k32g42s32f32c_texture3d_texture2d_half,2048,3072,8192,9.6066,10.73
780m,3b,4w,cand,sarc_linear_q4gsw_coopmat_sweep_t128x256k32g42s32f32c_texture3d_texture2d_half,2048,3072,3072,3.7042,10.435
780m,3b,4w,cand,sarc_linear_q4gsw_coopmat_sweep_t128x256k32g42s32f32c_texture3d_texture2d_half,2048,1024,3072,1.2996,9.915
780m,3b,4w,cand,sarc_linear_q4gsw_coopmat_sweep_t128x256k32g42s32f32c_texture3d_texture2d_half,2048,1024,3072,1.2924,9.969
780m,3b,4w,cand,sarc_linear_q4gsw_coopmat_sweep_t128x256k32g42s32f32c_texture3d_texture2d_half,2048,3072,3072,3.5245,10.967
780m,3b,4w,cand,sarc_linear_q4gsw_coopmat_sweep_t128x256k32g42s32f32c_texture3d_texture2d_half,2048,8192,3072,9.4394,10.92
780m,3b,4w,cand,sarc_linear_q4gsw_coopmat_sweep_t128x256k32g42s32f32c_texture3d_texture2d_half,2048,8192,3072,9.6455,10.687
780m,3b,4w,cand,sarc_linear_q4gsw_coopmat_sweep_t128x256k32g42s32f32c_texture3d_texture2d_half,2048,3072,8192,9.534,10.812
780m,3b,4w,cand,sarc_linear_q4gsw_coopmat_sweep_t128x256k32g42s32f32c_texture3d_texture2d_half,2048,3072,3072,3.7082,10.424
780m,3b,4w,cand,sarc_linear_q4gsw_coopmat_sweep_t128x256k32g42s32f32c_texture3d_texture2d_half,2048,1024,3072,1.2916,9.976
780m,3b,4w,cand,sarc_linear_q4gsw_coopmat_sweep_t128x256k32g42s32f32c_texture3d_texture2d_half,2048,1024,3072,1.2908,9.982
780m,3b,4w,cand,sarc_linear_q4gsw_coopmat_sweep_t128x256k32g42s32f32c_texture3d_texture2d_half,2048,3072,3072,3.5571,10.867
780m,3b,4w,cand,sarc_linear_q4gsw_coopmat_sweep_t128x256k32g42s32f32c_texture3d_texture2d_half,2048,8192,3072,9.4882,10.864
780m,3b,4w,cand,sarc_linear_q4gsw_coopmat_sweep_t128x256k32g42s32f32c_texture3d_texture2d_half,2048,8192,3072,9.4948,10.856
780m,3b,4w,cand,sarc_linear_q4gsw_coopmat_sweep_t128x256k32g42s32f32c_texture3d_texture2d_half,2048,3072,8192,9.5975,10.74
780m,3b,4w,cand,sarc_linear_q4gsw_coopmat_sweep_t128x256k32g42s32f32c_texture3d_texture2d_half,2048,3072,3072,3.7334,10.354
780m,3b,4w,cand,sarc_linear_q4gsw_coopmat_sweep_t128x256k32g42s32f32c_texture3d_texture2d_half,2048,1024,3072,1.2954,9.946
780m,3b,4w,cand,sarc_linear_q4gsw_coopmat_sweep_t128x256k32g42s32f32c_texture3d_texture2d_half,2048,1024,3072,1.2967,9.937
780m,3b,4w,cand,sarc_linear_q4gsw_coopmat_sweep_t128x256k32g42s32f32c_texture3d_texture2d_half,2048,3072,3072,3.5157,10.995
780m,3b,4w,cand,sarc_linear_q4gsw_coopmat_sweep_t128x256k32g42s32f32c_texture3d_texture2d_half,2048,8192,3072,9.4427,10.916
780m,3b,4w,cand,sarc_linear_q4gsw_coopmat_sweep_t128x256k32g42s32f32c_texture3d_texture2d_half,2048,8192,3072,9.512,10.837
780m,3b,4w,cand,sarc_linear_q4gsw_coopmat_sweep_t128x256k32g42s32f32c_texture3d_texture2d_half,2048,3072,8192,9.5428,10.802
780m,3b,4w,cand,sarc_linear_q4gsw_coopmat_sweep_t128x256k32g42s32f32c_texture3d_texture2d_half,2048,3072,3072,3.7096,10.42
780m,3b,4w,cand,sarc_linear_q4gsw_coopmat_sweep_t128x256k32g42s32f32c_texture3d_texture2d_half,2048,1024,3072,1.3071,9.858
780m,3b,4w,cand,sarc_linear_q4gsw_coopmat_sweep_t128x256k32g42s32f32c_texture3d_texture2d_half,2048,1024,3072,1.3003,9.909
780m,3b,4w,cand,sarc_linear_q4gsw_coopmat_sweep_t128x256k32g42s32f32c_texture3d_texture2d_half,2048,3072,3072,3.5223,10.974
780m,3b,4w,cand,sarc_linear_q4gsw_coopmat_sweep_t128x256k32g42s32f32c_texture3d_texture2d_half,2048,8192,3072,9.5322,10.814
780m,3b,4w,cand,sarc_linear_q4gsw_coopmat_sweep_t128x256k32g42s32f32c_texture3d_texture2d_half,2048,8192,3072,9.459,10.897
780m,3b,4w,cand,sarc_linear_q4gsw_coopmat_sweep_t128x256k32g42s32f32c_texture3d_texture2d_half,2048,3072,8192,9.5809,10.759
780m,3b,4w,parent,sarc_linear_q4gsw_coopmat_sweep_t128x256k32g42s32f32c_texture3d_texture2d_half,2048,3072,3072,3.5757,10.81
780m,3b,4w,parent,sarc_linear_q4gsw_coopmat_sweep_t128x256k32g42s32f32c_texture3d_texture2d_half,2048,1024,3072,1.2375,10.412
780m,3b,4w,parent,sarc_linear_q4gsw_coopmat_sweep_t128x256k32g42s32f32c_texture3d_texture2d_half,2048,1024,3072,1.2314,10.464
780m,3b,4w,parent,sarc_linear_q4gsw_coopmat_sweep_t128x256k32g42s32f32c_texture3d_texture2d_half,2048,3072,3072,3.5688,10.831
780m,3b,4w,parent,sarc_linear_q4gsw_coopmat_sweep_t128x256k32g42s32f32c_texture3d_texture2d_half,2048,8192,3072,9.3729,10.998
780m,3b,4w,parent,sarc_linear_q4gsw_coopmat_sweep_t128x256k32g42s32f32c_texture3d_texture2d_half,2048,8192,3072,9.403,10.962
780m,3b,4w,parent,sarc_linear_q4gsw_coopmat_sweep_t128x256k32g42s32f32c_texture3d_texture2d_half,2048,3072,8192,9.2375,11.159
780m,3b,4w,parent,sarc_linear_q4gsw_coopmat_sweep_t128x256k32g42s32f32c_texture3d_texture2d_half,2048,3072,3072,3.5938,10.756
780m,3b,4w,parent,sarc_linear_q4gsw_coopmat_sweep_t128x256k32g42s32f32c_texture3d_texture2d_half,2048,1024,3072,1.2553,10.264
780m,3b,4w,parent,sarc_linear_q4gsw_coopmat_sweep_t128x256k32g42s32f32c_texture3d_texture2d_half,2048,1024,3072,1.2641,10.193
780m,3b,4w,parent,sarc_linear_q4gsw_coopmat_sweep_t128x256k32g42s32f32c_texture3d_texture2d_half,2048,3072,3072,3.5264,10.962
780m,3b,4w,parent,sarc_linear_q4gsw_coopmat_sweep_t128x256k32g42s32f32c_texture3d_texture2d_half,2048,8192,3072,9.5423,10.802
780m,3b,4w,parent,sarc_linear_q4gsw_coopmat_sweep_t128x256k32g42s32f32c_texture3d_texture2d_half,2048,8192,3072,9.3544,11.019
780m,3b,4w,parent,sarc_linear_q4gsw_coopmat_sweep_t128x256k32g42s32f32c_texture3d_texture2d_half,2048,3072,8192,9.2868,11.1
780m,3b,4w,parent,sarc_linear_q4gsw_coopmat_sweep_t128x256k32g42s32f32c_texture3d_texture2d_half,2048,3072,3072,3.6108,10.705
780m,3b,4w,parent,sarc_linear_q4gsw_coopmat_sweep_t128x256k32g42s32f32c_texture3d_texture2d_half,2048,1024,3072,1.2718,10.131
780m,3b,4w,parent,sarc_linear_q4gsw_coopmat_sweep_t128x256k32g42s32f32c_texture3d_texture2d_half,2048,1024,3072,1.2566,10.254
780m,3b,4w,parent,sarc_linear_q4gsw_coopmat_sweep_t128x256k32g42s32f32c_texture3d_texture2d_half,2048,3072,3072,3.5505,10.887
780m,3b,4w,parent,sarc_linear_q4gsw_coopmat_sweep_t128x256k32g42s32f32c_texture3d_texture2d_half,2048,8192,3072,9.3758,10.994
780m,3b,4w,parent,sarc_linear_q4gsw_coopmat_sweep_t128x256k32g42s32f32c_texture3d_texture2d_half,2048,8192,3072,9.3028,11.08
780m,3b,4w,parent,sarc_linear_q4gsw_coopmat_sweep_t128x256k32g42s32f32c_texture3d_texture2d_half,2048,3072,8192,9.2522,11.141
780m,3b,4w,parent,sarc_linear_q4gsw_coopmat_sweep_t128x256k32g42s32f32c_texture3d_texture2d_half,2048,3072,3072,3.5646,10.844
780m,3b,4w,parent,sarc_linear_q4gsw_coopmat_sweep_t128x256k32g42s32f32c_texture3d_texture2d_half,2048,1024,3072,1.2534,10.28
780m,3b,4w,parent,sarc_linear_q4gsw_coopmat_sweep_t128x256k32g42s32f32c_texture3d_texture2d_half,2048,1024,3072,1.2698,10.147
780m,3b,4w,parent,sarc_linear_q4gsw_coopmat_sweep_t128x256k32g42s32f32c_texture3d_texture2d_half,2048,3072,3072,3.5732,10.818
780m,3b,4w,parent,sarc_linear_q4gsw_coopmat_sweep_t128x256k32g42s32f32c_texture3d_texture2d_half,2048,8192,3072,9.4146,10.949
780m,3b,4w,parent,sarc_linear_q4gsw_coopmat_sweep_t128x256k32g42s32f32c_texture3d_texture2d_half,2048,8192,3072,9.3549,11.019
780m,3b,4w,parent,sarc_linear_q4gsw_coopmat_sweep_t128x256k32g42s32f32c_texture3d_texture2d_half,2048,3072,8192,9.215,11.186
780m,3b,4w,parent,sarc_linear_q4gsw_coopmat_sweep_t128x256k32g42s32f32c_texture3d_texture2d_half,2048,3072,3072,3.6228,10.67
780m,3b,4w,parent,sarc_linear_q4gsw_coopmat_sweep_t128x256k32g42s32f32c_texture3d_texture2d_half,2048,1024,3072,1.2587,10.237
780m,3b,4w,parent,sarc_linear_q4gsw_coopmat_sweep_t128x256k32g42s32f32c_texture3d_texture2d_half,2048,1024,3072,1.257,10.251
780m,3b,4w,parent,sarc_linear_q4gsw_coopmat_sweep_t128x256k32g42s32f32c_texture3d_texture2d_half,2048,3072,3072,3.5084,11.018
780m,3b,4w,parent,sarc_linear_q4gsw_coopmat_sweep_t128x256k32g42s32f32c_texture3d_texture2d_half,2048,8192,3072,9.4426,10.916
780m,3b,4w,parent,sarc_linear_q4gsw_coopmat_sweep_t128x256k32g42s32f32c_texture3d_texture2d_half,2048,8192,3072,9.3615,11.011
780m,3b,4w,parent,sarc_linear_q4gsw_coopmat_sweep_t128x256k32g42s32f32c_texture3d_texture2d_half,2048,3072,8192,9.2492,11.145
780m,3b,4w,parent,sarc_linear_q4gsw_coopmat_sweep_t128x256k32g42s32f32c_texture3d_texture2d_half,2048,3072,3072,3.6335,10.638
780m,3b,4w,parent,sarc_linear_q4gsw_coopmat_sweep_t128x256k32g42s32f32c_texture3d_texture2d_half,2048,1024,3072,1.2679,10.162
780m,3b,4w,parent,sarc_linear_q4gsw_coopmat_sweep_t128x256k32g42s32f32c_texture3d_texture2d_half,2048,1024,3072,1.264,10.193
780m,3b,4w,parent,sarc_linear_q4gsw_coopmat_sweep_t128x256k32g42s32f32c_texture3d_texture2d_half,2048,3072,3072,3.5614,10.854
780m,3b,4w,parent,sarc_linear_q4gsw_coopmat_sweep_t128x256k32g42s32f32c_texture3d_texture2d_half,2048,8192,3072,9.4987,10.852
780m,3b,4w,parent,sarc_linear_q4gsw_coopmat_sweep_t128x256k32g42s32f32c_texture3d_texture2d_half,2048,8192,3072,9.3431,11.033
780m,3b,4w,parent,sarc_linear_q4gsw_coopmat_sweep_t128x256k32g42s32f32c_texture3d_texture2d_half,2048,3072,8192,9.2284,11.17
780m,3b,4w,parent,sarc_linear_q4gsw_coopmat_sweep_t128x256k32g42s32f32c_texture3d_texture2d_half,2048,3072,3072,3.6138,10.696
780m,3b,4w,parent,sarc_linear_q4gsw_coopmat_sweep_t128x256k32g42s32f32c_texture3d_texture2d_half,2048,1024,3072,1.259,10.234
780m,3b,4w,parent,sarc_linear_q4gsw_coopmat_sweep_t128x256k32g42s32f32c_texture3d_texture2d_half,2048,1024,3072,1.2683,10.159
780m,3b,4w,parent,sarc_linear_q4gsw_coopmat_sweep_t128x256k32g42s32f32c_texture3d_texture2d_half,2048,3072,3072,3.5164,10.993
780m,3b,4w,parent,sarc_linear_q4gsw_coopmat_sweep_t128x256k32g42s32f32c_texture3d_texture2d_half,2048,8192,3072,9.3493,11.025
780m,3b,4w,parent,sarc_linear_q4gsw_coopmat_sweep_t128x256k32g42s32f32c_texture3d_texture2d_half,2048,8192,3072,9.3726,10.998
780m,3b,4w,parent,sarc_linear_q4gsw_coopmat_sweep_t128x256k32g42s32f32c_texture3d_texture2d_half,2048,3072,8192,9.2163,11.184
780m,3b,4w,parent,sarc_linear_q4gsw_coopmat_sweep_t128x256k32g42s32f32c_texture3d_texture2d_half,2048,3072,3072,3.5636,10.847
780m,3b,4w,parent,sarc_linear_q4gsw_coopmat_sweep_t128x256k32g42s32f32c_texture3d_texture2d_half,2048,1024,3072,1.2429,10.367
780m,3b,4w,parent,sarc_linear_q4gsw_coopmat_sweep_t128x256k32g42s32f32c_texture3d_texture2d_half,2048,1024,3072,1.2593,10.232
780m,3b,4w,parent,sarc_linear_q4gsw_coopmat_sweep_t128x256k32g42s32f32c_texture3d_texture2d_half,2048,3072,3072,3.5172,10.99
780m,3b,4w,parent,sarc_linear_q4gsw_coopmat_sweep_t128x256k32g42s32f32c_texture3d_texture2d_half,2048,8192,3072,9.3531,11.021
780m,3b,4w,parent,sarc_linear_q4gsw_coopmat_sweep_t128x256k32g42s32f32c_texture3d_texture2d_half,2048,8192,3072,9.3606,11.012
780m,3b,4w,parent,sarc_linear_q4gsw_coopmat_sweep_t128x256k32g42s32f32c_texture3d_texture2d_half,2048,3072,8192,9.2519,11.141
780m,3b,4w,parent,sarc_linear_q4gsw_coopmat_sweep_t128x256k32g42s32f32c_texture3d_texture2d_half,2048,3072,3072,3.583,10.788
780m,3b,4w,parent,sarc_linear_q4gsw_coopmat_sweep_t128x256k32g42s32f32c_texture3d_texture2d_half,2048,1024,3072,1.2714,10.135
780m,3b,4w,parent,sarc_linear_q4gsw_coopmat_sweep_t128x256k32g42s32f32c_texture3d_texture2d_half,2048,1024,3072,1.2639,10.194
780m,3b,4w,parent,sarc_linear_q4gsw_coopmat_sweep_t128x256k32g42s32f32c_texture3d_texture2d_half,2048,3072,3072,3.5356,10.933
780m,3b,4w,parent,sarc_linear_q4gsw_coopmat_sweep_t128x256k32g42s32f32c_texture3d_texture2d_half,2048,8192,3072,9.4263,10.935
780m,3b,4w,parent,sarc_linear_q4gsw_coopmat_sweep_t128x256k32g42s32f32c_texture3d_texture2d_half,2048,8192,3072,9.4398,10.92
780m,3b,4w,parent,sarc_linear_q4gsw_coopmat_sweep_t128x256k32g42s32f32c_texture3d_texture2d_half,2048,3072,8192,9.2316,11.166
780m,3b,4w,parent,sarc_linear_q4gsw_coopmat_sweep_t128x256k32g42s32f32c_texture3d_texture2d_half,2048,3072,3072,3.6104,10.706
780m,3b,4w,parent,sarc_linear_q4gsw_coopmat_sweep_t128x256k32g42s32f32c_texture3d_texture2d_half,2048,1024,3072,1.2751,10.105
780m,3b,4w,parent,sarc_linear_q4gsw_coopmat_sweep_t128x256k32g42s32f32c_texture3d_texture2d_half,2048,1024,3072,1.2693,10.151
780m,3b,4w,parent,sarc_linear_q4gsw_coopmat_sweep_t128x256k32g42s32f32c_texture3d_texture2d_half,2048,3072,3072,3.5482,10.894
780m,3b,4w,parent,sarc_linear_q4gsw_coopmat_sweep_t128x256k32g42s32f32c_texture3d_texture2d_half,2048,8192,3072,9.3969,10.969
780m,3b,4w,parent,sarc_linear_q4gsw_coopmat_sweep_t128x256k32g42s32f32c_texture3d_texture2d_half,2048,8192,3072,9.3246,11.055
780m,3b,4w,parent,sarc_linear_q4gsw_coopmat_sweep_t128x256k32g42s32f32c_texture3d_texture2d_half,2048,3072,8192,9.2667,11.124
780m,3b,4w,parent,sarc_linear_q4gsw_coopmat_sweep_t128x256k32g42s32f32c_texture3d_texture2d_half,2048,3072,3072,3.6058,10.72
780m,3b,4w,parent,sarc_linear_q4gsw_coopmat_sweep_t128x256k32g42s32f32c_texture3d_texture2d_half,2048,1024,3072,1.2706,10.141
780m,3b,4w,parent,sarc_linear_q4gsw_coopmat_sweep_t128x256k32g42s32f32c_texture3d_texture2d_half,2048,1024,3072,1.2667,10.172
780m,3b,4w,parent,sarc_linear_q4gsw_coopmat_sweep_t128x256k32g42s32f32c_texture3d_texture2d_half,2048,3072,3072,3.5515,10.884
780m,3b,4w,parent,sarc_linear_q4gsw_coopmat_sweep_t128x256k32g42s32f32c_texture3d_texture2d_half,2048,8192,3072,9.4142,10.949
780m,3b,4w,parent,sarc_linear_q4gsw_coopmat_sweep_t128x256k32g42s32f32c_texture3d_texture2d_half,2048,8192,3072,9.4461,10.912
780m,3b,4w,parent,sarc_linear_q4gsw_coopmat_sweep_t128x256k32g42s32f32c_texture3d_texture2d_half,2048,3072,8192,9.202,11.202
780m,3b,4w,parent,sarc_linear_q4gsw_coopmat_sweep_t128x256k32g42s32f32c_texture3d_texture2d_half,2048,3072,3072,3.5765,10.808
780m,3b,4w,parent,sarc_linear_q4gsw_coopmat_sweep_t128x256k32g42s32f32c_texture3d_texture2d_half,2048,1024,3072,1.2574,10.247
780m,3b,4w,parent,sarc_linear_q4gsw_coopmat_sweep_t128x256k32g42s32f32c_texture3d_texture2d_half,2048,1024,3072,1.2668,10.172
780m,3b,4w,parent,sarc_linear_q4gsw_coopmat_sweep_t128x256k32g42s32f32c_texture3d_texture2d_half,2048,3072,3072,3.5191,10.984
780m,3b,4w,parent,sarc_linear_q4gsw_coopmat_sweep_t128x256k32g42s32f32c_texture3d_texture2d_half,2048,8192,3072,9.3835,10.985
780m,3b,4w,parent,sarc_linear_q4gsw_coopmat_sweep_t128x256k32g42s32f32c_texture3d_texture2d_half,2048,8192,3072,9.322,11.058
780m,3b,4w,parent,sarc_linear_q4gsw_coopmat_sweep_t128x256k32g42s32f32c_texture3d_texture2d_half,2048,3072,8192,9.2653,11.125
780m,3b,4w,parent,sarc_linear_q4gsw_coopmat_sweep_t128x256k32g42s32f32c_texture3d_texture2d_half,2048,3072,3072,3.639,10.622
780m,3b,4w,parent,sarc_linear_q4gsw_coopmat_sweep_t128x256k32g42s32f32c_texture3d_texture2d_half,2048,1024,3072,1.2656,10.181
780m,3b,4w,parent,sarc_linear_q4gsw_coopmat_sweep_t128x256k32g42s32f32c_texture3d_texture2d_half,2048,1024,3072,1.2608,10.219
780m,3b,4w,parent,sarc_linear_q4gsw_coopmat_sweep_t128x256k32g42s32f32c_texture3d_texture2d_half,2048,3072,3072,3.502,11.038
780m,3b,4w,parent,sarc_linear_q4gsw_coopmat_sweep_t128x256k32g42s32f32c_texture3d_texture2d_half,2048,8192,3072,9.3735,10.997
780m,3b,4w,parent,sarc_linear_q4gsw_coopmat_sweep_t128x256k32g42s32f32c_texture3d_texture2d_half,2048,8192,3072,9.3804,10.989
780m,3b,4w,parent,sarc_linear_q4gsw_coopmat_sweep_t128x256k32g42s32f32c_texture3d_texture2d_half,2048,3072,8192,9.3064,11.076
780m,3b,4w,parent,sarc_linear_q4gsw_coopmat_sweep_t128x256k32g42s32f32c_texture3d_texture2d_half,2048,3072,3072,3.5747,10.813
780m,3b,4w,parent,sarc_linear_q4gsw_coopmat_sweep_t128x256k32g42s32f32c_texture3d_texture2d_half,2048,1024,3072,1.2498,10.31
780m,3b,4w,parent,sarc_linear_q4gsw_coopmat_sweep_t128x256k32g42s32f32c_texture3d_texture2d_half,2048,1024,3072,1.2503,10.305
780m,3b,4w,parent,sarc_linear_q4gsw_coopmat_sweep_t128x256k32g42s32f32c_texture3d_texture2d_half,2048,3072,3072,3.5349,10.935
780m,3b,4w,parent,sarc_linear_q4gsw_coopmat_sweep_t128x256k32g42s32f32c_texture3d_texture2d_half,2048,8192,3072,9.3741,10.996
780m,3b,4w,parent,sarc_linear_q4gsw_coopmat_sweep_t128x256k32g42s32f32c_texture3d_texture2d_half,2048,8192,3072,9.3888,10.979
780m,3b,4w,parent,sarc_linear_q4gsw_coopmat_sweep_t128x256k32g42s32f32c_texture3d_texture2d_half,2048,3072,8192,9.2613,11.13
780m,3b,4w,parent,sarc_linear_q4gsw_coopmat_sweep_t128x256k32g42s32f32c_texture3d_texture2d_half,2048,3072,3072,3.5729,10.819
780m,3b,4w,parent,sarc_linear_q4gsw_coopmat_sweep_t128x256k32g42s32f32c_texture3d_texture2d_half,2048,1024,3072,1.2721,10.129
780m,3b,4w,parent,sarc_linear_q4gsw_coopmat_sweep_t128x256k32g42s32f32c_texture3d_texture2d_half,2048,1024,3072,1.273,10.121
780m,3b,4w,parent,sarc_linear_q4gsw_coopmat_sweep_t128x256k32g42s32f32c_texture3d_texture2d_half,2048,3072,3072,3.5589,10.861
780m,3b,4w,parent,sarc_linear_q4gsw_coopmat_sweep_t128x256k32g42s32f32c_texture3d_texture2d_half,2048,8192,3072,9.5119,10.837
780m,3b,4w,parent,sarc_linear_q4gsw_coopmat_sweep_t128x256k32g42s32f32c_texture3d_texture2d_half,2048,8192,3072,9.4079,10.957
780m,3b,4w,parent,sarc_linear_q4gsw_coopmat_sweep_t128x256k32g42s32f32c_texture3d_texture2d_half,2048,3072,8192,9.2952,11.09
780m,3b,4w,parent,sarc_linear_q4gsw_coopmat_sweep_t128x256k32g42s32f32c_texture3d_texture2d_half,2048,3072,3072,3.6168,10.687
780m,3b,4w,parent,sarc_linear_q4gsw_coopmat_sweep_t128x256k32g42s32f32c_texture3d_texture2d_half,2048,1024,3072,1.2792,10.072
780m,3b,4w,parent,sarc_linear_q4gsw_coopmat_sweep_t128x256k32g42s32f32c_texture3d_texture2d_half,2048,1024,3072,1.2711,10.137
780m,3b,4w,parent,sarc_linear_q4gsw_coopmat_sweep_t128x256k32g42s32f32c_texture3d_texture2d_half,2048,3072,3072,3.5583,10.863
780m,3b,4w,parent,sarc_linear_q4gsw_coopmat_sweep_t128x256k32g42s32f32c_texture3d_texture2d_half,2048,8192,3072,9.4552,10.902
780m,3b,4w,parent,sarc_linear_q4gsw_coopmat_sweep_t128x256k32g42s32f32c_texture3d_texture2d_half,2048,8192,3072,9.2864,11.1
780m,3b,4w,parent,sarc_linear_q4gsw_coopmat_sweep_t128x256k32g42s32f32c_texture3d_texture2d_half,2048,3072,8192,9.2763,11.112
780m,3b,4w,parent,sarc_linear_q4gsw_coopmat_sweep_t128x256k32g42s32f32c_texture3d_texture2d_half,2048,3072,3072,3.599,10.74
780m,3b,4w,parent,sarc_linear_q4gsw_coopmat_sweep_t128x256k32g42s32f32c_texture3d_texture2d_half,2048,1024,3072,1.2659,10.179
780m,3b,4w,parent,sarc_linear_q4gsw_coopmat_sweep_t128x256k32g42s32f32c_texture3d_texture2d_half,2048,1024,3072,1.2652,10.184
780m,3b,4w,parent,sarc_linear_q4gsw_coopmat_sweep_t128x256k32g42s32f32c_texture3d_texture2d_half,2048,3072,3072,3.5395,10.921
780m,3b,4w,parent,sarc_linear_q4gsw_coopmat_sweep_t128x256k32g42s32f32c_texture3d_texture2d_half,2048,8192,3072,9.364,11.008
780m,3b,4w,parent,sarc_linear_q4gsw_coopmat_sweep_t128x256k32g42s32f32c_texture3d_texture2d_half,2048,8192,3072,9.3923,10.975
780m,3b,4w,parent,sarc_linear_q4gsw_coopmat_sweep_t128x256k32g42s32f32c_texture3d_texture2d_half,2048,3072,8192,9.2869,11.099
780m,3b,4w,parent,sarc_linear_q4gsw_coopmat_sweep_t128x256k32g42s32f32c_texture3d_texture2d_half,2048,3072,3072,3.6426,10.612
780m,3b,4w,parent,sarc_linear_q4gsw_coopmat_sweep_t128x256k32g42s32f32c_texture3d_texture2d_half,2048,1024,3072,1.2645,10.19
780m,3b,4w,parent,sarc_linear_q4gsw_coopmat_sweep_t128x256k32g42s32f32c_texture3d_texture2d_half,2048,1024,3072,1.2832,10.041
780m,3b,4w,parent,sarc_linear_q4gsw_coopmat_sweep_t128x256k32g42s32f32c_texture3d_texture2d_half,2048,3072,3072,3.5498,10.889
780m,3b,4w,parent,sarc_linear_q4gsw_coopmat_sweep_t128x256k32g42s32f32c_texture3d_texture2d_half,2048,8192,3072,9.4102,10.954
780m,3b,4w,parent,sarc_linear_q4gsw_coopmat_sweep_t128x256k32g42s32f32c_texture3d_texture2d_half,2048,8192,3072,9.3647,11.007
780m,3b,4w,parent,sarc_linear_q4gsw_coopmat_sweep_t128x256k32g42s32f32c_texture3d_texture2d_half,2048,3072,8192,9.3183,11.062
780m,3b,4w,parent,sarc_linear_q4gsw_coopmat_sweep_t128x256k32g42s32f32c_texture3d_texture2d_half,2048,3072,3072,3.6,10.737
780m,3b,4w,parent,sarc_linear_q4gsw_coopmat_sweep_t128x256k32g42s32f32c_texture3d_texture2d_half,2048,1024,3072,1.2631,10.201
780m,3b,4w,parent,sarc_linear_q4gsw_coopmat_sweep_t128x256k32g42s32f32c_texture3d_texture2d_half,2048,1024,3072,1.2582,10.24
780m,3b,4w,parent,sarc_linear_q4gsw_coopmat_sweep_t128x256k32g42s32f32c_texture3d_texture2d_half,2048,3072,3072,3.5227,10.973
780m,3b,4w,parent,sarc_linear_q4gsw_coopmat_sweep_t128x256k32g42s32f32c_texture3d_texture2d_half,2048,8192,3072,9.4346,10.926
780m,3b,4w,parent,sarc_linear_q4gsw_coopmat_sweep_t128x256k32g42s32f32c_texture3d_texture2d_half,2048,8192,3072,9.4132,10.951
780m,3b,4w,parent,sarc_linear_q4gsw_coopmat_sweep_t128x256k32g42s32f32c_texture3d_texture2d_half,2048,3072,8192,9.2514,11.142
780m,3b,4w,parent,sarc_linear_q4gsw_coopmat_sweep_t128x256k32g42s32f32c_texture3d_texture2d_half,2048,3072,3072,3.6107,10.706
780m,3b,4w,parent,sarc_linear_q4gsw_coopmat_sweep_t128x256k32g42s32f32c_texture3d_texture2d_half,2048,1024,3072,1.2736,10.117
780m,3b,4w,parent,sarc_linear_q4gsw_coopmat_sweep_t128x256k32g42s32f32c_texture3d_texture2d_half,2048,1024,3072,1.2722,10.128
780m,3b,4w,parent,sarc_linear_q4gsw_coopmat_sweep_t128x256k32g42s32f32c_texture3d_texture2d_half,2048,3072,3072,3.5223,10.974
780m,3b,4w,parent,sarc_linear_q4gsw_coopmat_sweep_t128x256k32g42s32f32c_texture3d_texture2d_half,2048,8192,3072,9.4594,10.897
780m,3b,4w,parent,sarc_linear_q4gsw_coopmat_sweep_t128x256k32g42s32f32c_texture3d_texture2d_half,2048,8192,3072,9.4078,10.957
780m,3b,4w,parent,sarc_linear_q4gsw_coopmat_sweep_t128x256k32g42s32f32c_texture3d_texture2d_half,2048,3072,8192,9.2702,11.119
780m,3b,4w,parent,sarc_linear_q4gsw_coopmat_sweep_t128x256k32g42s32f32c_texture3d_texture2d_half,2048,3072,3072,3.6296,10.65
780m,3b,4w,parent,sarc_linear_q4gsw_coopmat_sweep_t128x256k32g42s32f32c_texture3d_texture2d_half,2048,1024,3072,1.2746,10.109
780m,3b,4w,parent,sarc_linear_q4gsw_coopmat_sweep_t128x256k32g42s32f32c_texture3d_texture2d_half,2048,1024,3072,1.28,10.066
780m,3b,4w,parent,sarc_linear_q4gsw_coopmat_sweep_t128x256k32g42s32f32c_texture3d_texture2d_half,2048,3072,3072,3.5363,10.931
780m,3b,4w,parent,sarc_linear_q4gsw_coopmat_sweep_t128x256k32g42s32f32c_texture3d_texture2d_half,2048,8192,3072,9.3768,10.993
780m,3b,4w,parent,sarc_linear_q4gsw_coopmat_sweep_t128x256k32g42s32f32c_texture3d_texture2d_half,2048,8192,3072,9.3195,11.061
780m,3b,4w,parent,sarc_linear_q4gsw_coopmat_sweep_t128x256k32g42s32f32c_texture3d_texture2d_half,2048,3072,8192,9.2762,11.112
780m,3b,4w,parent,sarc_linear_q4gsw_coopmat_sweep_t128x256k32g42s32f32c_texture3d_texture2d_half,2048,3072,3072,3.633,10.64
780m,3b,4w,parent,sarc_linear_q4gsw_coopmat_sweep_t128x256k32g42s32f32c_texture3d_texture2d_half,2048,1024,3072,1.2766,10.093
780m,3b,4w,parent,sarc_linear_q4gsw_coopmat_sweep_t128x256k32g42s32f32c_texture3d_texture2d_half,2048,1024,3072,1.2745,10.11
780m,3b,4w,parent,sarc_linear_q4gsw_coopmat_sweep_t128x256k32g42s32f32c_texture3d_texture2d_half,2048,3072,3072,3.5213,10.977
780m,3b,4w,parent,sarc_linear_q4gsw_coopmat_sweep_t128x256k32g42s32f32c_texture3d_texture2d_half,2048,8192,3072,9.3664,11.005
780m,3b,4w,parent,sarc_linear_q4gsw_coopmat_sweep_t128x256k32g42s32f32c_texture3d_texture2d_half,2048,8192,3072,9.3652,11.007
780m,3b,4w,parent,sarc_linear_q4gsw_coopmat_sweep_t128x256k32g42s32f32c_texture3d_texture2d_half,2048,3072,8192,9.2709,11.119
780m,3b,4w,parent,sarc_linear_q4gsw_coopmat_sweep_t128x256k32g42s32f32c_texture3d_texture2d_half,2048,3072,3072,3.6156,10.691
780m,3b,4w,parent,sarc_linear_q4gsw_coopmat_sweep_t128x256k32g42s32f32c_texture3d_texture2d_half,2048,1024,3072,1.2729,10.123
780m,3b,4w,parent,sarc_linear_q4gsw_coopmat_sweep_t128x256k32g42s32f32c_texture3d_texture2d_half,2048,1024,3072,1.2709,10.139
780m,3b,4w,parent,sarc_linear_q4gsw_coopmat_sweep_t128x256k32g42s32f32c_texture3d_texture2d_half,2048,3072,3072,3.5326,10.942
780m,3b,4w,parent,sarc_linear_q4gsw_coopmat_sweep_t128x256k32g42s32f32c_texture3d_texture2d_half,2048,8192,3072,9.3938,10.973
780m,3b,4w,parent,sarc_linear_q4gsw_coopmat_sweep_t128x256k32g42s32f32c_texture3d_texture2d_half,2048,8192,3072,9.354,11.02
780m,3b,4w,parent,sarc_linear_q4gsw_coopmat_sweep_t128x256k32g42s32f32c_texture3d_texture2d_half,2048,3072,8192,9.3257,11.053
780m,3b,4w,parent,sarc_linear_q4gsw_coopmat_sweep_t128x256k32g42s32f32c_texture3d_texture2d_half,2048,3072,3072,3.6269,10.658
780m,3b,4w,parent,sarc_linear_q4gsw_coopmat_sweep_t128x256k32g42s32f32c_texture3d_texture2d_half,2048,1024,3072,1.2771,10.089
780m,3b,4w,parent,sarc_linear_q4gsw_coopmat_sweep_t128x256k32g42s32f32c_texture3d_texture2d_half,2048,1024,3072,1.2697,10.148
780m,3b,4w,parent,sarc_linear_q4gsw_coopmat_sweep_t128x256k32g42s32f32c_texture3d_texture2d_half,2048,3072,3072,3.521,10.978
780m,3b,4w,parent,sarc_linear_q4gsw_coopmat_sweep_t128x256k32g42s32f32c_texture3d_texture2d_half,2048,8192,3072,9.3912,10.976
780m,3b,4w,parent,sarc_linear_q4gsw_coopmat_sweep_t128x256k32g42s32f32c_texture3d_texture2d_half,2048,8192,3072,9.3654,11.006
780m,3b,4w,parent,sarc_linear_q4gsw_coopmat_sweep_t128x256k32g42s32f32c_texture3d_texture2d_half,2048,3072,8192,9.2981,11.086
780m,3b,4w,parent,sarc_linear_q4gsw_coopmat_sweep_t128x256k32g42s32f32c_texture3d_texture2d_half,2048,3072,3072,3.5928,10.759
780m,3b,4w,parent,sarc_linear_q4gsw_coopmat_sweep_t128x256k32g42s32f32c_texture3d_texture2d_half,2048,1024,3072,1.2478,10.326
780m,3b,4w,parent,sarc_linear_q4gsw_coopmat_sweep_t128x256k32g42s32f32c_texture3d_texture2d_half,2048,1024,3072,1.2707,10.14
780m,3b,4w,parent,sarc_linear_q4gsw_coopmat_sweep_t128x256k32g42s32f32c_texture3d_texture2d_half,2048,3072,3072,3.5614,10.854
780m,3b,4w,parent,sarc_linear_q4gsw_coopmat_sweep_t128x256k32g42s32f32c_texture3d_texture2d_half,2048,8192,3072,9.496,10.855
780m,3b,4w,parent,sarc_linear_q4gsw_coopmat_sweep_t128x256k32g42s32f32c_texture3d_texture2d_half,2048,8192,3072,9.3591,11.014
780m,3b,4w,parent,sarc_linear_q4gsw_coopmat_sweep_t128x256k32g42s32f32c_texture3d_texture2d_half,2048,3072,8192,9.3097,11.072
780m,3b,4w,parent,sarc_linear_q4gsw_coopmat_sweep_t128x256k32g42s32f32c_texture3d_texture2d_half,2048,3072,3072,3.5753,10.812
780m,3b,4w,parent,sarc_linear_q4gsw_coopmat_sweep_t128x256k32g42s32f32c_texture3d_texture2d_half,2048,1024,3072,1.2622,10.209
780m,3b,4w,parent,sarc_linear_q4gsw_coopmat_sweep_t128x256k32g42s32f32c_texture3d_texture2d_half,2048,1024,3072,1.2615,10.214
780m,3b,4w,parent,sarc_linear_q4gsw_coopmat_sweep_t128x256k32g42s32f32c_texture3d_texture2d_half,2048,3072,3072,3.5103,11.012
780m,3b,4w,parent,sarc_linear_q4gsw_coopmat_sweep_t128x256k32g42s32f32c_texture3d_texture2d_half,2048,8192,3072,9.3652,11.007
780m,3b,4w,parent,sarc_linear_q4gsw_coopmat_sweep_t128x256k32g42s32f32c_texture3d_texture2d_half,2048,8192,3072,9.3318,11.046
780m,3b,4w,parent,sarc_linear_q4gsw_coopmat_sweep_t128x256k32g42s32f32c_texture3d_texture2d_half,2048,3072,8192,9.3021,11.081
780m,3b,4w,parent,sarc_linear_q4gsw_coopmat_sweep_t128x256k32g42s32f32c_texture3d_texture2d_half,2048,3072,3072,3.6512,10.587
780m,3b,4w,parent,sarc_linear_q4gsw_coopmat_sweep_t128x256k32g42s32f32c_texture3d_texture2d_half,2048,1024,3072,1.2732,10.12
780m,3b,4w,parent,sarc_linear_q4gsw_coopmat_sweep_t128x256k32g42s32f32c_texture3d_texture2d_half,2048,1024,3072,1.2768,10.091
780m,3b,4w,parent,sarc_linear_q4gsw_coopmat_sweep_t128x256k32g42s32f32c_texture3d_texture2d_half,2048,3072,3072,3.5292,10.953
780m,3b,4w,parent,sarc_linear_q4gsw_coopmat_sweep_t128x256k32g42s32f32c_texture3d_texture2d_half,2048,8192,3072,9.4612,10.895
780m,3b,4w,parent,sarc_linear_q4gsw_coopmat_sweep_t128x256k32g42s32f32c_texture3d_texture2d_half,2048,8192,3072,9.4374,10.922
780m,3b,4w,parent,sarc_linear_q4gsw_coopmat_sweep_t128x256k32g42s32f32c_texture3d_texture2d_half,2048,3072,8192,9.1686,11.243
780m,3b,4w,parent,sarc_linear_q4gsw_coopmat_sweep_t128x256k32g42s32f32c_texture3d_texture2d_half,2048,3072,3072,3.5968,10.747
780m,3b,4w,parent,sarc_linear_q4gsw_coopmat_sweep_t128x256k32g42s32f32c_texture3d_texture2d_half,2048,1024,3072,1.2667,10.172
780m,3b,4w,parent,sarc_linear_q4gsw_coopmat_sweep_t128x256k32g42s32f32c_texture3d_texture2d_half,2048,1024,3072,1.2687,10.156
780m,3b,4w,parent,sarc_linear_q4gsw_coopmat_sweep_t128x256k32g42s32f32c_texture3d_texture2d_half,2048,3072,3072,3.5202,10.981
780m,3b,4w,parent,sarc_linear_q4gsw_coopmat_sweep_t128x256k32g42s32f32c_texture3d_texture2d_half,2048,8192,3072,9.4108,10.953
780m,3b,4w,parent,sarc_linear_q4gsw_coopmat_sweep_t128x256k32g42s32f32c_texture3d_texture2d_half,2048,8192,3072,9.4336,10.927
780m,3b,4w,parent,sarc_linear_q4gsw_coopmat_sweep_t128x256k32g42s32f32c_texture3d_texture2d_half,2048,3072,8192,9.3404,11.036
780m,3b,8da4w,cand,sarc_dev_linear_dq8ca_coopmat_zpg_bt_t128x64k32g22s32_texture3d_texture2d_half,2048,3072,3072,3.6098,10.708
780m,3b,8da4w,cand,sarc_dev_linear_dq8ca_coopmat_zpg_bt_t128x64k32g22s32_texture3d_texture2d_half,2048,1024,3072,1.1543,11.162
780m,3b,8da4w,cand,sarc_dev_linear_dq8ca_coopmat_zpg_bt_t128x64k32g22s32_texture3d_texture2d_half,2048,1024,3072,1.2676,10.164
780m,3b,8da4w,cand,sarc_dev_linear_dq8ca_coopmat_zpg_bt_t128x64k32g22s32_texture3d_texture2d_half,2048,3072,3072,3.3656,11.485
780m,3b,8da4w,cand,sarc_dev_linear_dq8ca_coopmat_zpg_bt_t128x64k32g22s32_texture3d_texture2d_half,2048,8192,3072,8.9184,11.558
780m,3b,8da4w,cand,sarc_dev_linear_dq8ca_coopmat_zpg_bt_t128x64k32g22s32_texture3d_texture2d_half,2048,8192,3072,9.384,10.985
780m,3b,8da4w,cand,sarc_dev_linear_dq8ca_coopmat_zpg_bt_t128x64k32g22s32_texture3d_texture2d_half,2048,3072,8192,9.0623,11.375
780m,3b,8da4w,cand,sarc_dev_linear_dq8ca_coopmat_zpg_bt_t128x64k32g22s32_texture3d_texture2d_half,2048,3072,3072,3.5952,10.752
780m,3b,8da4w,cand,sarc_dev_linear_dq8ca_coopmat_zpg_bt_t128x64k32g22s32_texture3d_texture2d_half,2048,1024,3072,1.1489,11.215
780m,3b,8da4w,cand,sarc_dev_linear_dq8ca_coopmat_zpg_bt_t128x64k32g22s32_texture3d_texture2d_half,2048,1024,3072,1.2812,10.057
780m,3b,8da4w,cand,sarc_dev_linear_dq8ca_coopmat_zpg_bt_t128x64k32g22s32_texture3d_texture2d_half,2048,3072,3072,3.3612,11.5
780m,3b,8da4w,cand,sarc_dev_linear_dq8ca_coopmat_zpg_bt_t128x64k32g22s32_texture3d_texture2d_half,2048,8192,3072,8.9247,11.55
780m,3b,8da4w,cand,sarc_dev_linear_dq8ca_coopmat_zpg_bt_t128x64k32g22s32_texture3d_texture2d_half,2048,8192,3072,9.4152,10.948
780m,3b,8da4w,cand,sarc_dev_linear_dq8ca_coopmat_zpg_bt_t128x64k32g22s32_texture3d_texture2d_half,2048,3072,8192,9.1422,11.275
780m,3b,8da4w,cand,sarc_dev_linear_dq8ca_coopmat_zpg_bt_t128x64k32g22s32_texture3d_texture2d_half,2048,3072,3072,3.6017,10.732
780m,3b,8da4w,cand,sarc_dev_linear_dq8ca_coopmat_zpg_bt_t128x64k32g22s32_texture3d_texture2d_half,2048,1024,3072,1.1495,11.209
780m,3b,8da4w,cand,sarc_dev_linear_dq8ca_coopmat_zpg_bt_t128x64k32g22s32_texture3d_texture2d_half,2048,1024,3072,1.2815,10.055
780m,3b,8da4w,cand,sarc_dev_linear_dq8ca_coopmat_zpg_bt_t128x64k32g22s32_texture3d_texture2d_half,2048,3072,3072,3.3656,11.485
780m,3b,8da4w,cand,sarc_dev_linear_dq8ca_coopmat_zpg_bt_t128x64k32g22s32_texture3d_texture2d_half,2048,8192,3072,8.9143,11.563
780m,3b,8da4w,cand,sarc_dev_linear_dq8ca_coopmat_zpg_bt_t128x64k32g22s32_texture3d_texture2d_half,2048,8192,3072,9.399,10.967
780m,3b,8da4w,cand,sarc_dev_linear_dq8ca_coopmat_zpg_bt_t128x64k32g22s32_texture3d_texture2d_half,2048,3072,8192,9.0586,11.379
780m,3b,8da4w,cand,sarc_dev_linear_dq8ca_coopmat_zpg_bt_t128x64k32g22s32_texture3d_texture2d_half,2048,3072,3072,3.5888,10.771
780m,3b,8da4w,cand,sarc_dev_linear_dq8ca_coopmat_zpg_bt_t128x64k32g22s32_texture3d_texture2d_half,2048,1024,3072,1.1448,11.256
780m,3b,8da4w,cand,sarc_dev_linear_dq8ca_coopmat_zpg_bt_t128x64k32g22s32_texture3d_texture2d_half,2048,1024,3072,1.2691,10.153
780m,3b,8da4w,cand,sarc_dev_linear_dq8ca_coopmat_zpg_bt_t128x64k32g22s32_texture3d_texture2d_half,2048,3072,3072,3.3667,11.482
780m,3b,8da4w,cand,sarc_dev_linear_dq8ca_coopmat_zpg_bt_t128x64k32g22s32_texture3d_texture2d_half,2048,8192,3072,8.9216,11.554
780m,3b,8da4w,cand,sarc_dev_linear_dq8ca_coopmat_zpg_bt_t128x64k32g22s32_texture3d_texture2d_half,2048,8192,3072,9.3494,11.025
780m,3b,8da4w,cand,sarc_dev_linear_dq8ca_coopmat_zpg_bt_t128x64k32g22s32_texture3d_texture2d_half,2048,3072,8192,9.0608,11.376
780m,3b,8da4w,cand,sarc_dev_linear_dq8ca_coopmat_zpg_bt_t128x64k32g22s32_texture3d_texture2d_half,2048,3072,3072,3.5821,10.791
780m,3b,8da4w,cand,sarc_dev_linear_dq8ca_coopmat_zpg_bt_t128x64k32g22s32_texture3d_texture2d_half,2048,1024,3072,1.1438,11.265
780m,3b,8da4w,cand,sarc_dev_linear_dq8ca_coopmat_zpg_bt_t128x64k32g22s32_texture3d_texture2d_half,2048,1024,3072,1.2431,10.365
780m,3b,8da4w,cand,sarc_dev_linear_dq8ca_coopmat_zpg_bt_t128x64k32g22s32_texture3d_texture2d_half,2048,3072,3072,3.3685,11.475
780m,3b,8da4w,cand,sarc_dev_linear_dq8ca_coopmat_zpg_bt_t128x64k32g22s32_texture3d_texture2d_half,2048,8192,3072,8.9208,11.555
780m,3b,8da4w,cand,sarc_dev_linear_dq8ca_coopmat_zpg_bt_t128x64k32g22s32_texture3d_texture2d_half,2048,8192,3072,9.4042,10.961
780m,3b,8da4w,cand,sarc_dev_linear_dq8ca_coopmat_zpg_bt_t128x64k32g22s32_texture3d_texture2d_half,2048,3072,8192,9.0724,11.362
780m,3b,8da4w,cand,sarc_dev_linear_dq8ca_coopmat_zpg_bt_t128x64k32g22s32_texture3d_texture2d_half,2048,3072,3072,3.614,10.696
780m,3b,8da4w,cand,sarc_dev_linear_dq8ca_coopmat_zpg_bt_t128x64k32g22s32_texture3d_texture2d_half,2048,1024,3072,1.1514,11.19
780m,3b,8da4w,cand,sarc_dev_linear_dq8ca_coopmat_zpg_bt_t128x64k32g22s32_texture3d_texture2d_half,2048,1024,3072,1.2762,10.097
780m,3b,8da4w,cand,sarc_dev_linear_dq8ca_coopmat_zpg_bt_t128x64k32g22s32_texture3d_texture2d_half,2048,3072,3072,3.3655,11.486
780m,3b,8da4w,cand,sarc_dev_linear_dq8ca_coopmat_zpg_bt_t128x64k32g22s32_texture3d_texture2d_half,2048,8192,3072,8.9224,11.553
780m,3b,8da4w,cand,sarc_dev_linear_dq8ca_coopmat_zpg_bt_t128x64k32g22s32_texture3d_texture2d_half,2048,8192,3072,9.381,10.988
780m,3b,8da4w,cand,sarc_dev_linear_dq8ca_coopmat_zpg_bt_t128x64k32g22s32_texture3d_texture2d_half,2048,3072,8192,9.0874,11.343
780m,3b,8da4w,cand,sarc_dev_linear_dq8ca_coopmat_zpg_bt_t128x64k32g22s32_texture3d_texture2d_half,2048,3072,3072,3.6138,10.696
780m,3b,8da4w,cand,sarc_dev_linear_dq8ca_coopmat_zpg_bt_t128x64k32g22s32_texture3d_texture2d_half,2048,1024,3072,1.1503,11.201
780m,3b,8da4w,cand,sarc_dev_linear_dq8ca_coopmat_zpg_bt_t128x64k32g22s32_texture3d_texture2d_half,2048,1024,3072,1.2797,10.069
780m,3b,8da4w,cand,sarc_dev_linear_dq8ca_coopmat_zpg_bt_t128x64k32g22s32_texture3d_texture2d_half,2048,3072,3072,3.3644,11.489
780m,3b,8da4w,cand,sarc_dev_linear_dq8ca_coopmat_zpg_bt_t128x64k32g22s32_texture3d_texture2d_half,2048,8192,3072,8.924,11.551
780m,3b,8da4w,cand,sarc_dev_linear_dq8ca_coopmat_zpg_bt_t128x64k32g22s32_texture3d_texture2d_half,2048,8192,3072,9.4082,10.956
780m,3b,8da4w,cand,sarc_dev_linear_dq8ca_coopmat_zpg_bt_t128x64k32g22s32_texture3d_texture2d_half,2048,3072,8192,9.0531,11.386
780m,3b,8da4w,cand,sarc_dev_linear_dq8ca_coopmat_zpg_bt_t128x64k32g22s32_texture3d_texture2d_half,2048,3072,3072,3.607,10.717
780m,3b,8da4w,cand,sarc_dev_linear_dq8ca_coopmat_zpg_bt_t128x64k32g22s32_texture3d_texture2d_half,2048,1024,3072,1.1474,11.23
780m,3b,8da4w,cand,sarc_dev_linear_dq8ca_coopmat_zpg_bt_t128x64k32g22s32_texture3d_texture2d_half,2048,1024,3072,1.2611,10.217
780m,3b,8da4w,cand,sarc_dev_linear_dq8ca_coopmat_zpg_bt_t128x64k32g22s32_texture3d_texture2d_half,2048,3072,3072,3.3654,11.486
780m,3b,8da4w,cand,sarc_dev_linear_dq8ca_coopmat_zpg_bt_t128x64k32g22s32_texture3d_texture2d_half,2048,8192,3072,8.9215,11.554
780m,3b,8da4w,cand,sarc_dev_linear_dq8ca_coopmat_zpg_bt_t128x64k32g22s32_texture3d_texture2d_half,2048,8192,3072,9.4057,10.959
780m,3b,8da4w,cand,sarc_dev_linear_dq8ca_coopmat_zpg_bt_t128x64k32g22s32_texture3d_texture2d_half,2048,3072,8192,9.0615,11.375
780m,3b,8da4w,cand,sarc_dev_linear_dq8ca_coopmat_zpg_bt_t128x64k32g22s32_texture3d_texture2d_half,2048,3072,3072,3.5904,10.766
780m,3b,8da4w,cand,sarc_dev_linear_dq8ca_coopmat_zpg_bt_t128x64k32g22s32_texture3d_texture2d_half,2048,1024,3072,1.1508,11.197
780m,3b,8da4w,cand,sarc_dev_linear_dq8ca_coopmat_zpg_bt_t128x64k32g22s32_texture3d_texture2d_half,2048,1024,3072,1.264,10.193
780m,3b,8da4w,cand,sarc_dev_linear_dq8ca_coopmat_zpg_bt_t128x64k32g22s32_texture3d_texture2d_half,2048,3072,3072,3.3636,11.492
780m,3b,8da4w,cand,sarc_dev_linear_dq8ca_coopmat_zpg_bt_t128x64k32g22s32_texture3d_texture2d_half,2048,8192,3072,8.9249,11.55
780m,3b,8da4w,cand,sarc_dev_linear_dq8ca_coopmat_zpg_bt_t128x64k32g22s32_texture3d_texture2d_half,2048,8192,3072,9.4404,10.919
780m,3b,8da4w,cand,sarc_dev_linear_dq8ca_coopmat_zpg_bt_t128x64k32g22s32_texture3d_texture2d_half,2048,3072,8192,9.0624,11.374
780m,3b,8da4w,cand,sarc_dev_linear_dq8ca_coopmat_zpg_bt_t128x64k32g22s32_texture3d_texture2d_half,2048,3072,3072,3.5864,10.778
780m,3b,8da4w,cand,sarc_dev_linear_dq8ca_coopmat_zpg_bt_t128x64k32g22s32_texture3d_texture2d_half,2048,1024,3072,1.1479,11.225
780m,3b,8da4w,cand,sarc_dev_linear_dq8ca_coopmat_zpg_bt_t128x64k32g22s32_texture3d_texture2d_half,2048,1024,3072,1.2659,10.179
780m,3b,8da4w,cand,sarc_dev_linear_dq8ca_coopmat_zpg_bt_t128x64k32g22s32_texture3d_texture2d_half,2048,3072,3072,3.369,11.474
780m,3b,8da4w,cand,sarc_dev_linear_dq8ca_coopmat_zpg_bt_t128x64k32g22s32_texture3d_texture2d_half,2048,8192,3072,8.9234,11.552
780m,3b,8da4w,cand,sarc_dev_linear_dq8ca_coopmat_zpg_bt_t128x64k32g22s32_texture3d_texture2d_half,2048,8192,3072,9.4436,10.915
780m,3b,8da4w,cand,sarc_dev_linear_dq8ca_coopmat_zpg_bt_t128x64k32g22s32_texture3d_texture2d_half,2048,3072,8192,9.0661,11.37
780m,3b,8da4w,cand,sarc_dev_linear_dq8ca_coopmat_zpg_bt_t128x64k32g22s32_texture3d_texture2d_half,2048,3072,3072,3.5877,10.774
780m,3b,8da4w,cand,sarc_dev_linear_dq8ca_coopmat_zpg_bt_t128x64k32g22s32_texture3d_texture2d_half,2048,1024,3072,1.1438,11.265
780m,3b,8da4w,cand,sarc_dev_linear_dq8ca_coopmat_zpg_bt_t128x64k32g22s32_texture3d_texture2d_half,2048,1024,3072,1.2762,10.097
780m,3b,8da4w,cand,sarc_dev_linear_dq8ca_coopmat_zpg_bt_t128x64k32g22s32_texture3d_texture2d_half,2048,3072,3072,3.3678,11.478
780m,3b,8da4w,cand,sarc_dev_linear_dq8ca_coopmat_zpg_bt_t128x64k32g22s32_texture3d_texture2d_half,2048,8192,3072,8.9236,11.551
780m,3b,8da4w,cand,sarc_dev_linear_dq8ca_coopmat_zpg_bt_t128x64k32g22s32_texture3d_texture2d_half,2048,8192,3072,9.4521,10.905
780m,3b,8da4w,cand,sarc_dev_linear_dq8ca_coopmat_zpg_bt_t128x64k32g22s32_texture3d_texture2d_half,2048,3072,8192,9.0752,11.358
780m,3b,8da4w,cand,sarc_dev_linear_dq8ca_coopmat_zpg_bt_t128x64k32g22s32_texture3d_texture2d_half,2048,3072,3072,3.5762,10.809
780m,3b,8da4w,cand,sarc_dev_linear_dq8ca_coopmat_zpg_bt_t128x64k32g22s32_texture3d_texture2d_half,2048,1024,3072,1.1528,11.177
780m,3b,8da4w,cand,sarc_dev_linear_dq8ca_coopmat_zpg_bt_t128x64k32g22s32_texture3d_texture2d_half,2048,1024,3072,1.2622,10.208
780m,3b,8da4w,cand,sarc_dev_linear_dq8ca_coopmat_zpg_bt_t128x64k32g22s32_texture3d_texture2d_half,2048,3072,3072,3.3674,11.479
780m,3b,8da4w,cand,sarc_dev_linear_dq8ca_coopmat_zpg_bt_t128x64k32g22s32_texture3d_texture2d_half,2048,8192,3072,8.9146,11.563
780m,3b,8da4w,cand,sarc_dev_linear_dq8ca_coopmat_zpg_bt_t128x64k32g22s32_texture3d_texture2d_half,2048,8192,3072,9.4226,10.94
780m,3b,8da4w,cand,sarc_dev_linear_dq8ca_coopmat_zpg_bt_t128x64k32g22s32_texture3d_texture2d_half,2048,3072,8192,9.0624,11.374
780m,3b,8da4w,cand,sarc_dev_linear_dq8ca_coopmat_zpg_bt_t128x64k32g22s32_texture3d_texture2d_half,2048,3072,3072,3.593,10.758
780m,3b,8da4w,cand,sarc_dev_linear_dq8ca_coopmat_zpg_bt_t128x64k32g22s32_texture3d_texture2d_half,2048,1024,3072,1.1502,11.202
780m,3b,8da4w,cand,sarc_dev_linear_dq8ca_coopmat_zpg_bt_t128x64k32g22s32_texture3d_texture2d_half,2048,1024,3072,1.2817,10.053
780m,3b,8da4w,cand,sarc_dev_linear_dq8ca_coopmat_zpg_bt_t128x64k32g22s32_texture3d_texture2d_half,2048,3072,3072,3.368,11.477
780m,3b,8da4w,cand,sarc_dev_linear_dq8ca_coopmat_zpg_bt_t128x64k32g22s32_texture3d_texture2d_half,2048,8192,3072,8.9114,11.567
780m,3b,8da4w,cand,sarc_dev_linear_dq8ca_coopmat_zpg_bt_t128x64k32g22s32_texture3d_texture2d_half,2048,8192,3072,9.3604,11.012
780m,3b,8da4w,cand,sarc_dev_linear_dq8ca_coopmat_zpg_bt_t128x64k32g22s32_texture3d_texture2d_half,2048,3072,8192,9.068,11.367
780m,3b,8da4w,cand,sarc_dev_linear_dq8ca_coopmat_zpg_bt_t128x64k32g22s32_texture3d_texture2d_half,2048,3072,3072,3.6114,10.704
780m,3b,8da4w,cand,sarc_dev_linear_dq8ca_coopmat_zpg_bt_t128x64k32g22s32_texture3d_texture2d_half,2048,1024,3072,1.1672,11.039
780m,3b,8da4w,cand,sarc_dev_linear_dq8ca_coopmat_zpg_bt_t128x64k32g22s32_texture3d_texture2d_half,2048,1024,3072,1.2744,10.111
780m,3b,8da4w,cand,sarc_dev_linear_dq8ca_coopmat_zpg_bt_t128x64k32g22s32_texture3d_texture2d_half,2048,3072,3072,3.3683,11.476
780m,3b,8da4w,cand,sarc_dev_linear_dq8ca_coopmat_zpg_bt_t128x64k32g22s32_texture3d_texture2d_half,2048,8192,3072,8.921,11.555
780m,3b,8da4w,cand,sarc_dev_linear_dq8ca_coopmat_zpg_bt_t128x64k32g22s32_texture3d_texture2d_half,2048,8192,3072,9.4007,10.965
780m,3b,8da4w,cand,sarc_dev_linear_dq8ca_coopmat_zpg_bt_t128x64k32g22s32_texture3d_texture2d_half,2048,3072,8192,9.0646,11.372
780m,3b,8da4w,cand,sarc_dev_linear_dq8ca_coopmat_zpg_bt_t128x64k32g22s32_texture3d_texture2d_half,2048,3072,3072,3.5758,10.81
780m,3b,8da4w,cand,sarc_dev_linear_dq8ca_coopmat_zpg_bt_t128x64k32g22s32_texture3d_texture2d_half,2048,1024,3072,1.1474,11.229
780m,3b,8da4w,cand,sarc_dev_linear_dq8ca_coopmat_zpg_bt_t128x64k32g22s32_texture3d_texture2d_half,2048,1024,3072,1.2667,10.172
780m,3b,8da4w,cand,sarc_dev_linear_dq8ca_coopmat_zpg_bt_t128x64k32g22s32_texture3d_texture2d_half,2048,3072,3072,3.3674,11.479
780m,3b,8da4w,cand,sarc_dev_linear_dq8ca_coopmat_zpg_bt_t128x64k32g22s32_texture3d_texture2d_half,2048,8192,3072,8.9213,11.554
780m,3b,8da4w,cand,sarc_dev_linear_dq8ca_coopmat_zpg_bt_t128x64k32g22s32_texture3d_texture2d_half,2048,8192,3072,9.455,10.902
780m,3b,8da4w,cand,sarc_dev_linear_dq8ca_coopmat_zpg_bt_t128x64k32g22s32_texture3d_texture2d_half,2048,3072,8192,9.0758,11.358
780m,3b,8da4w,cand,sarc_dev_linear_dq8ca_coopmat_zpg_bt_t128x64k32g22s32_texture3d_texture2d_half,2048,3072,3072,3.5898,10.768
780m,3b,8da4w,cand,sarc_dev_linear_dq8ca_coopmat_zpg_bt_t128x64k32g22s32_texture3d_texture2d_half,2048,1024,3072,1.1487,11.217
780m,3b,8da4w,cand,sarc_dev_linear_dq8ca_coopmat_zpg_bt_t128x64k32g22s32_texture3d_texture2d_half,2048,1024,3072,1.2656,10.181
780m,3b,8da4w,cand,sarc_dev_linear_dq8ca_coopmat_zpg_bt_t128x64k32g22s32_texture3d_texture2d_half,2048,3072,3072,3.3592,11.507
780m,3b,8da4w,cand,sarc_dev_linear_dq8ca_coopmat_zpg_bt_t128x64k32g22s32_texture3d_texture2d_half,2048,8192,3072,8.9188,11.558
780m,3b,8da4w,cand,sarc_dev_linear_dq8ca_coopmat_zpg_bt_t128x64k32g22s32_texture3d_texture2d_half,2048,8192,3072,9.3791,10.99
780m,3b,8da4w,cand,sarc_dev_linear_dq8ca_coopmat_zpg_bt_t128x64k32g22s32_texture3d_texture2d_half,2048,3072,8192,9.1004,11.327
780m,3b,8da4w,cand,sarc_dev_linear_dq8ca_coopmat_zpg_bt_t128x64k32g22s32_texture3d_texture2d_half,2048,3072,3072,3.605,10.723
780m,3b,8da4w,cand,sarc_dev_linear_dq8ca_coopmat_zpg_bt_t128x64k32g22s32_texture3d_texture2d_half,2048,1024,3072,1.1525,11.18
780m,3b,8da4w,cand,sarc_dev_linear_dq8ca_coopmat_zpg_bt_t128x64k32g22s32_texture3d_texture2d_half,2048,1024,3072,1.2541,10.274
780m,3b,8da4w,cand,sarc_dev_linear_dq8ca_coopmat_zpg_bt_t128x64k32g22s32_texture3d_texture2d_half,2048,3072,3072,3.3638,11.492
780m,3b,8da4w,cand,sarc_dev_linear_dq8ca_coopmat_zpg_bt_t128x64k32g22s32_texture3d_texture2d_half,2048,8192,3072,8.9152,11.562
780m,3b,8da4w,cand,sarc_dev_linear_dq8ca_coopmat_zpg_bt_t128x64k32g22s32_texture3d_texture2d_half,2048,8192,3072,9.4028,10.963
780m,3b,8da4w,cand,sarc_dev_linear_dq8ca_coopmat_zpg_bt_t128x64k32g22s32_texture3d_texture2d_half,2048,3072,8192,9.0765,11.357
780m,3b,8da4w,cand,sarc_dev_linear_dq8ca_coopmat_zpg_bt_t128x64k32g22s32_texture3d_texture2d_half,2048,3072,3072,3.7584,10.285
780m,3b,8da4w,cand,sarc_dev_linear_dq8ca_coopmat_zpg_bt_t128x64k32g22s32_texture3d_texture2d_half,2048,1024,3072,1.1527,11.178
780m,3b,8da4w,cand,sarc_dev_linear_dq8ca_coopmat_zpg_bt_t128x64k32g22s32_texture3d_texture2d_half,2048,1024,3072,1.2746,10.109
780m,3b,8da4w,cand,sarc_dev_linear_dq8ca_coopmat_zpg_bt_t128x64k32g22s32_texture3d_texture2d_half,2048,3072,3072,3.3637,11.492
780m,3b,8da4w,cand,sarc_dev_linear_dq8ca_coopmat_zpg_bt_t128x64k32g22s32_texture3d_texture2d_half,2048,8192,3072,8.908,11.571
780m,3b,8da4w,cand,sarc_dev_linear_dq8ca_coopmat_zpg_bt_t128x64k32g22s32_texture3d_texture2d_half,2048,8192,3072,9.4266,10.935
780m,3b,8da4w,cand,sarc_dev_linear_dq8ca_coopmat_zpg_bt_t128x64k32g22s32_texture3d_texture2d_half,2048,3072,8192,9.0805,11.352
780m,3b,8da4w,cand,sarc_dev_linear_dq8ca_coopmat_zpg_bt_t128x64k32g22s32_texture3d_texture2d_half,2048,3072,3072,3.6216,10.673
780m,3b,8da4w,cand,sarc_dev_linear_dq8ca_coopmat_zpg_bt_t128x64k32g22s32_texture3d_texture2d_half,2048,1024,3072,1.1583,11.124
780m,3b,8da4w,cand,sarc_dev_linear_dq8ca_coopmat_zpg_bt_t128x64k32g22s32_texture3d_texture2d_half,2048,1024,3072,1.2931,9.964
780m,3b,8da4w,cand,sarc_dev_linear_dq8ca_coopmat_zpg_bt_t128x64k32g22s32_texture3d_texture2d_half,2048,3072,3072,3.3633,11.493
780m,3b,8da4w,cand,sarc_dev_linear_dq8ca_coopmat_zpg_bt_t128x64k32g22s32_texture3d_texture2d_half,2048,8192,3072,8.9156,11.562
780m,3b,8da4w,cand,sarc_dev_linear_dq8ca_coopmat_zpg_bt_t128x64k32g22s32_texture3d_texture2d_half,2048,8192,3072,9.3851,10.983
780m,3b,8da4w,cand,sarc_dev_linear_dq8ca_coopmat_zpg_bt_t128x64k32g22s32_texture3d_texture2d_half,2048,3072,8192,9.0712,11.363
780m,3b,8da4w,cand,sarc_dev_linear_dq8ca_coopmat_zpg_bt_t128x64k32g22s32_texture3d_texture2d_half,2048,3072,3072,3.6116,10.703
780m,3b,8da4w,cand,sarc_dev_linear_dq8ca_coopmat_zpg_bt_t128x64k32g22s32_texture3d_texture2d_half,2048,1024,3072,1.1497,11.207
780m,3b,8da4w,cand,sarc_dev_linear_dq8ca_coopmat_zpg_bt_t128x64k32g22s32_texture3d_texture2d_half,2048,1024,3072,1.2755,10.102
780m,3b,8da4w,cand,sarc_dev_linear_dq8ca_coopmat_zpg_bt_t128x64k32g22s32_texture3d_texture2d_half,2048,3072,3072,3.3614,11.5
780m,3b,8da4w,cand,sarc_dev_linear_dq8ca_coopmat_zpg_bt_t128x64k32g22s32_texture3d_texture2d_half,2048,8192,3072,8.9105,11.568
780m,3b,8da4w,cand,sarc_dev_linear_dq8ca_coopmat_zpg_bt_t128x64k32g22s32_texture3d_texture2d_half,2048,8192,3072,9.3729,10.998
780m,3b,8da4w,cand,sarc_dev_linear_dq8ca_coopmat_zpg_bt_t128x64k32g22s32_texture3d_texture2d_half,2048,3072,8192,9.0822,11.35
780m,3b,8da4w,cand,sarc_dev_linear_dq8ca_coopmat_zpg_bt_t128x64k32g22s32_texture3d_texture2d_half,2048,3072,3072,3.6164,10.689
780m,3b,8da4w,cand,sarc_dev_linear_dq8ca_coopmat_zpg_bt_t128x64k32g22s32_texture3d_texture2d_half,2048,1024,3072,1.1564,11.143
780m,3b,8da4w,cand,sarc_dev_linear_dq8ca_coopmat_zpg_bt_t128x64k32g22s32_texture3d_texture2d_half,2048,1024,3072,1.2649,10.187
780m,3b,8da4w,cand,sarc_dev_linear_dq8ca_coopmat_zpg_bt_t128x64k32g22s32_texture3d_texture2d_half,2048,3072,3072,3.3654,11.486
780m,3b,8da4w,cand,sarc_dev_linear_dq8ca_coopmat_zpg_bt_t128x64k32g22s32_texture3d_texture2d_half,2048,8192,3072,8.9144,11.563
780m,3b,8da4w,cand,sarc_dev_linear_dq8ca_coopmat_zpg_bt_t128x64k32g22s32_texture3d_texture2d_half,2048,8192,3072,9.4212,10.941
780m,3b,8da4w,cand,sarc_dev_linear_dq8ca_coopmat_zpg_bt_t128x64k32g22s32_texture3d_texture2d_half,2048,3072,8192,9.0612,11.376
780m,3b,8da4w,cand,sarc_dev_linear_dq8ca_coopmat_zpg_bt_t128x64k32g22s32_texture3d_texture2d_half,2048,3072,3072,3.6153,10.692
780m,3b,8da4w,cand,sarc_dev_linear_dq8ca_coopmat_zpg_bt_t128x64k32g22s32_texture3d_texture2d_half,2048,1024,3072,1.1552,11.153
780m,3b,8da4w,cand,sarc_dev_linear_dq8ca_coopmat_zpg_bt_t128x64k32g22s32_texture3d_texture2d_half,2048,1024,3072,1.2678,10.163
780m,3b,8da4w,cand,sarc_dev_linear_dq8ca_coopmat_zpg_bt_t128x64k32g22s32_texture3d_texture2d_half,2048,3072,3072,3.37,11.47
780m,3b,8da4w,cand,sarc_dev_linear_dq8ca_coopmat_zpg_bt_t128x64k32g22s32_texture3d_texture2d_half,2048,8192,3072,8.9248,11.55
780m,3b,8da4w,cand,sarc_dev_linear_dq8ca_coopmat_zpg_bt_t128x64k32g22s32_texture3d_texture2d_half,2048,8192,3072,9.3795,10.99
780m,3b,8da4w,cand,sarc_dev_linear_dq8ca_coopmat_zpg_bt_t128x64k32g22s32_texture3d_texture2d_half,2048,3072,8192,9.0772,11.356
780m,3b,8da4w,cand,sarc_dev_linear_dq8ca_coopmat_zpg_bt_t128x64k32g22s32_texture3d_texture2d_half,2048,3072,3072,3.6271,10.657
780m,3b,8da4w,cand,sarc_dev_linear_dq8ca_coopmat_zpg_bt_t128x64k32g22s32_texture3d_texture2d_half,2048,1024,3072,1.1593,11.114
780m,3b,8da4w,cand,sarc_dev_linear_dq8ca_coopmat_zpg_bt_t128x64k32g22s32_texture3d_texture2d_half,2048,1024,3072,1.2846,10.03
780m,3b,8da4w,cand,sarc_dev_linear_dq8ca_coopmat_zpg_bt_t128x64k32g22s32_texture3d_texture2d_half,2048,3072,3072,3.364,11.491
780m,3b,8da4w,cand,sarc_dev_linear_dq8ca_coopmat_zpg_bt_t128x64k32g22s32_texture3d_texture2d_half,2048,8192,3072,8.9244,11.55
780m,3b,8da4w,cand,sarc_dev_linear_dq8ca_coopmat_zpg_bt_t128x64k32g22s32_texture3d_texture2d_half,2048,8192,3072,9.4387,10.921
780m,3b,8da4w,cand,sarc_dev_linear_dq8ca_coopmat_zpg_bt_t128x64k32g22s32_texture3d_texture2d_half,2048,3072,8192,9.1135,11.311
780m,3b,8da4w,cand,sarc_dev_linear_dq8ca_coopmat_zpg_bt_t128x64k32g22s32_texture3d_texture2d_half,2048,3072,3072,3.6538,10.579
780m,3b,8da4w,cand,sarc_dev_linear_dq8ca_coopmat_zpg_bt_t128x64k32g22s32_texture3d_texture2d_half,2048,1024,3072,1.167,11.041
780m,3b,8da4w,cand,sarc_dev_linear_dq8ca_coopmat_zpg_bt_t128x64k32g22s32_texture3d_texture2d_half,2048,1024,3072,1.296,9.942
780m,3b,8da4w,cand,sarc_dev_linear_dq8ca_coopmat_zpg_bt_t128x64k32g22s32_texture3d_texture2d_half,2048,3072,3072,3.3661,11.484
780m,3b,8da4w,cand,sarc_dev_linear_dq8ca_coopmat_zpg_bt_t128x64k32g22s32_texture3d_texture2d_half,2048,8192,3072,8.9179,11.559
780m,3b,8da4w,cand,sarc_dev_linear_dq8ca_coopmat_zpg_bt_t128x64k32g22s32_texture3d_texture2d_half,2048,8192,3072,9.4247,10.937
780m,3b,8da4w,cand,sarc_dev_linear_dq8ca_coopmat_zpg_bt_t128x64k32g22s32_texture3d_texture2d_half,2048,3072,8192,9.0726,11.362
780m,3b,8da4w,cand,sarc_dev_linear_dq8ca_coopmat_zpg_bt_t128x64k32g22s32_texture3d_texture2d_half,2048,3072,3072,3.6119,10.702
780m,3b,8da4w,cand,sarc_dev_linear_dq8ca_coopmat_zpg_bt_t128x64k32g22s32_texture3d_texture2d_half,2048,1024,3072,1.1546,11.16
780m,3b,8da4w,cand,sarc_dev_linear_dq8ca_coopmat_zpg_bt_t128x64k32g22s32_texture3d_texture2d_half,2048,1024,3072,1.2629,10.202
780m,3b,8da4w,cand,sarc_dev_linear_dq8ca_coopmat_zpg_bt_t128x64k32g22s32_texture3d_texture2d_half,2048,3072,3072,3.3638,11.492
780m,3b,8da4w,cand,sarc_dev_linear_dq8ca_coopmat_zpg_bt_t128x64k32g22s32_texture3d_texture2d_half,2048,8192,3072,8.9333,11.539
780m,3b,8da4w,cand,sarc_dev_linear_dq8ca_coopmat_zpg_bt_t128x64k32g22s32_texture3d_texture2d_half,2048,8192,3072,9.3896,10.978
780m,3b,8da4w,cand,sarc_dev_linear_dq8ca_coopmat_zpg_bt_t128x64k32g22s32_texture3d_texture2d_half,2048,3072,8192,9.0849,11.346
780m,3b,8da4w,cand,sarc_dev_linear_dq8ca_coopmat_zpg_bt_t128x64k32g22s32_texture3d_texture2d_half,2048,3072,3072,3.5985,10.742
780m,3b,8da4w,cand,sarc_dev_linear_dq8ca_coopmat_zpg_bt_t128x64k32g22s32_texture3d_texture2d_half,2048,1024,3072,1.1611,11.097
780m,3b,8da4w,cand,sarc_dev_linear_dq8ca_coopmat_zpg_bt_t128x64k32g22s32_texture3d_texture2d_half,2048,1024,3072,1.2813,10.056
780m,3b,8da4w,cand,sarc_dev_linear_dq8ca_coopmat_zpg_bt_t128x64k32g22s32_texture3d_texture2d_half,2048,3072,3072,3.3652,11.487
780m,3b,8da4w,cand,sarc_dev_linear_dq8ca_coopmat_zpg_bt_t128x64k32g22s32_texture3d_texture2d_half,2048,8192,3072,8.9231,11.552
780m,3b,8da4w,cand,sarc_dev_linear_dq8ca_coopmat_zpg_bt_t128x64k32g22s32_texture3d_texture2d_half,2048,8192,3072,9.3455,11.03
780m,3b,8da4w,cand,sarc_dev_linear_dq8ca_coopmat_zpg_bt_t128x64k32g22s32_texture3d_texture2d_half,2048,3072,8192,9.0762,11.357
780m,3b,8da4w,cand,sarc_dev_linear_dq8ca_coopmat_zpg_bt_t128x64k32g22s32_texture3d_texture2d_half,2048,3072,3072,3.594,10.755
780m,3b,8da4w,cand,sarc_dev_linear_dq8ca_coopmat_zpg_bt_t128x64k32g22s32_texture3d_texture2d_half,2048,1024,3072,1.1538,11.168
780m,3b,8da4w,cand,sarc_dev_linear_dq8ca_coopmat_zpg_bt_t128x64k32g22s32_texture3d_texture2d_half,2048,1024,3072,1.2765,10.094
780m,3b,8da4w,cand,sarc_dev_linear_dq8ca_coopmat_zpg_bt_t128x64k32g22s32_texture3d_texture2d_half,2048,3072,3072,3.3658,11.485
780m,3b,8da4w,cand,sarc_dev_linear_dq8ca_coopmat_zpg_bt_t128x64k32g22s32_texture3d_texture2d_half,2048,8192,3072,8.9204,11.555
780m,3b,8da4w,cand,sarc_dev_linear_dq8ca_coopmat_zpg_bt_t128x64k32g22s32_texture3d_texture2d_half,2048,8192,3072,9.4336,10.927
780m,3b,8da4w,cand,sarc_dev_linear_dq8ca_coopmat_zpg_bt_t128x64k32g22s32_texture3d_texture2d_half,2048,3072,8192,9.1087,11.317
780m,3b,8da4w,cand,sarc_dev_linear_dq8ca_coopmat_zpg_bt_t128x64k32g22s32_texture3d_texture2d_half,2048,3072,3072,3.6507,10.588
780m,3b,8da4w,cand,sarc_dev_linear_dq8ca_coopmat_zpg_bt_t128x64k32g22s32_texture3d_texture2d_half,2048,1024,3072,1.1733,10.982
780m,3b,8da4w,cand,sarc_dev_linear_dq8ca_coopmat_zpg_bt_t128x64k32g22s32_texture3d_texture2d_half,2048,1024,3072,1.3026,9.892
780m,3b,8da4w,cand,sarc_dev_linear_dq8ca_coopmat_zpg_bt_t128x64k32g22s32_texture3d_texture2d_half,2048,3072,3072,3.3675,11.479
780m,3b,8da4w,cand,sarc_dev_linear_dq8ca_coopmat_zpg_bt_t128x64k32g22s32_texture3d_texture2d_half,2048,8192,3072,8.9255,11.549
780m,3b,8da4w,cand,sarc_dev_linear_dq8ca_coopmat_zpg_bt_t128x64k32g22s32_texture3d_texture2d_half,2048,8192,3072,9.407,10.958
780m,3b,8da4w,cand,sarc_dev_linear_dq8ca_coopmat_zpg_bt_t128x64k32g22s32_texture3d_texture2d_half,2048,3072,8192,9.0884,11.342
780m,3b,8da4w,parent,sarc_dev_linear_dq8ca_coopmat_zpg_bt_t128x64k32g22s32_texture3d_texture2d_half,2048,3072,3072,3.6079,10.714
780m,3b,8da4w,parent,sarc_dev_linear_dq8ca_coopmat_zpg_bt_t128x64k32g22s32_texture3d_texture2d_half,2048,1024,3072,1.1576,11.131
780m,3b,8da4w,parent,sarc_dev_linear_dq8ca_coopmat_zpg_bt_t128x64k32g22s32_texture3d_texture2d_half,2048,1024,3072,1.1542,11.164
780m,3b,8da4w,parent,sarc_dev_linear_dq8ca_coopmat_zpg_bt_t128x64k32g22s32_texture3d_texture2d_half,2048,3072,3072,3.364,11.491
780m,3b,8da4w,parent,sarc_dev_linear_dq8ca_coopmat_zpg_bt_t128x64k32g22s32_texture3d_texture2d_half,2048,8192,3072,8.9048,11.576
780m,3b,8da4w,parent,sarc_dev_linear_dq8ca_coopmat_zpg_bt_t128x64k32g22s32_texture3d_texture2d_half,2048,8192,3072,9.3393,11.037
780m,3b,8da4w,parent,sarc_dev_linear_dq8ca_coopmat_zpg_bt_t128x64k32g22s32_texture3d_texture2d_half,2048,3072,8192,9.0317,11.413
780m,3b,8da4w,parent,sarc_dev_linear_dq8ca_coopmat_zpg_bt_t128x64k32g22s32_texture3d_texture2d_half,2048,3072,3072,3.517,10.991
780m,3b,8da4w,parent,sarc_dev_linear_dq8ca_coopmat_zpg_bt_t128x64k32g22s32_texture3d_texture2d_half,2048,1024,3072,1.1462,11.242
780m,3b,8da4w,parent,sarc_dev_linear_dq8ca_coopmat_zpg_bt_t128x64k32g22s32_texture3d_texture2d_half,2048,1024,3072,1.1499,11.205
780m,3b,8da4w,parent,sarc_dev_linear_dq8ca_coopmat_zpg_bt_t128x64k32g22s32_texture3d_texture2d_half,2048,3072,3072,3.3658,11.485
780m,3b,8da4w,parent,sarc_dev_linear_dq8ca_coopmat_zpg_bt_t128x64k32g22s32_texture3d_texture2d_half,2048,8192,3072,8.9223,11.553
780m,3b,8da4w,parent,sarc_dev_linear_dq8ca_coopmat_zpg_bt_t128x64k32g22s32_texture3d_texture2d_half,2048,8192,3072,9.3705,11.0
780m,3b,8da4w,parent,sarc_dev_linear_dq8ca_coopmat_zpg_bt_t128x64k32g22s32_texture3d_texture2d_half,2048,3072,8192,9.0516,11.388
780m,3b,8da4w,parent,sarc_dev_linear_dq8ca_coopmat_zpg_bt_t128x64k32g22s32_texture3d_texture2d_half,2048,3072,3072,3.5152,10.996
780m,3b,8da4w,parent,sarc_dev_linear_dq8ca_coopmat_zpg_bt_t128x64k32g22s32_texture3d_texture2d_half,2048,1024,3072,1.1477,11.227
780m,3b,8da4w,parent,sarc_dev_linear_dq8ca_coopmat_zpg_bt_t128x64k32g22s32_texture3d_texture2d_half,2048,1024,3072,1.1459,11.245
780m,3b,8da4w,parent,sarc_dev_linear_dq8ca_coopmat_zpg_bt_t128x64k32g22s32_texture3d_texture2d_half,2048,3072,3072,3.3666,11.482
780m,3b,8da4w,parent,sarc_dev_linear_dq8ca_coopmat_zpg_bt_t128x64k32g22s32_texture3d_texture2d_half,2048,8192,3072,8.9038,11.577
780m,3b,8da4w,parent,sarc_dev_linear_dq8ca_coopmat_zpg_bt_t128x64k32g22s32_texture3d_texture2d_half,2048,8192,3072,9.3701,11.001
780m,3b,8da4w,parent,sarc_dev_linear_dq8ca_coopmat_zpg_bt_t128x64k32g22s32_texture3d_texture2d_half,2048,3072,8192,9.054,11.385
780m,3b,8da4w,parent,sarc_dev_linear_dq8ca_coopmat_zpg_bt_t128x64k32g22s32_texture3d_texture2d_half,2048,3072,3072,3.5139,11.0
780m,3b,8da4w,parent,sarc_dev_linear_dq8ca_coopmat_zpg_bt_t128x64k32g22s32_texture3d_texture2d_half,2048,1024,3072,1.1472,11.231
780m,3b,8da4w,parent,sarc_dev_linear_dq8ca_coopmat_zpg_bt_t128x64k32g22s32_texture3d_texture2d_half,2048,1024,3072,1.1459,11.244
780m,3b,8da4w,parent,sarc_dev_linear_dq8ca_coopmat_zpg_bt_t128x64k32g22s32_texture3d_texture2d_half,2048,3072,3072,3.3651,11.487
780m,3b,8da4w,parent,sarc_dev_linear_dq8ca_coopmat_zpg_bt_t128x64k32g22s32_texture3d_texture2d_half,2048,8192,3072,8.9056,11.575
780m,3b,8da4w,parent,sarc_dev_linear_dq8ca_coopmat_zpg_bt_t128x64k32g22s32_texture3d_texture2d_half,2048,8192,3072,9.4066,10.958
780m,3b,8da4w,parent,sarc_dev_linear_dq8ca_coopmat_zpg_bt_t128x64k32g22s32_texture3d_texture2d_half,2048,3072,8192,9.0677,11.368
780m,3b,8da4w,parent,sarc_dev_linear_dq8ca_coopmat_zpg_bt_t128x64k32g22s32_texture3d_texture2d_half,2048,3072,3072,3.5193,10.984
780m,3b,8da4w,parent,sarc_dev_linear_dq8ca_coopmat_zpg_bt_t128x64k32g22s32_texture3d_texture2d_half,2048,1024,3072,1.1482,11.221
780m,3b,8da4w,parent,sarc_dev_linear_dq8ca_coopmat_zpg_bt_t128x64k32g22s32_texture3d_texture2d_half,2048,1024,3072,1.1402,11.301
780m,3b,8da4w,parent,sarc_dev_linear_dq8ca_coopmat_zpg_bt_t128x64k32g22s32_texture3d_texture2d_half,2048,3072,3072,3.3571,11.514
780m,3b,8da4w,parent,sarc_dev_linear_dq8ca_coopmat_zpg_bt_t128x64k32g22s32_texture3d_texture2d_half,2048,8192,3072,8.912,11.566
780m,3b,8da4w,parent,sarc_dev_linear_dq8ca_coopmat_zpg_bt_t128x64k32g22s32_texture3d_texture2d_half,2048,8192,3072,9.3809,10.988
780m,3b,8da4w,parent,sarc_dev_linear_dq8ca_coopmat_zpg_bt_t128x64k32g22s32_texture3d_texture2d_half,2048,3072,8192,9.0769,11.356
780m,3b,8da4w,parent,sarc_dev_linear_dq8ca_coopmat_zpg_bt_t128x64k32g22s32_texture3d_texture2d_half,2048,3072,3072,3.5077,11.02
780m,3b,8da4w,parent,sarc_dev_linear_dq8ca_coopmat_zpg_bt_t128x64k32g22s32_texture3d_texture2d_half,2048,1024,3072,1.144,11.263
780m,3b,8da4w,parent,sarc_dev_linear_dq8ca_coopmat_zpg_bt_t128x64k32g22s32_texture3d_texture2d_half,2048,1024,3072,1.1448,11.255
780m,3b,8da4w,parent,sarc_dev_linear_dq8ca_coopmat_zpg_bt_t128x64k32g22s32_texture3d_texture2d_half,2048,3072,3072,3.3657,11.485
780m,3b,8da4w,parent,sarc_dev_linear_dq8ca_coopmat_zpg_bt_t128x64k32g22s32_texture3d_texture2d_half,2048,8192,3072,8.9076,11.572
780m,3b,8da4w,parent,sarc_dev_linear_dq8ca_coopmat_zpg_bt_t128x64k32g22s32_texture3d_texture2d_half,2048,8192,3072,9.428,10.933
780m,3b,8da4w,parent,sarc_dev_linear_dq8ca_coopmat_zpg_bt_t128x64k32g22s32_texture3d_texture2d_half,2048,3072,8192,9.0831,11.348
780m,3b,8da4w,parent,sarc_dev_linear_dq8ca_coopmat_zpg_bt_t128x64k32g22s32_texture3d_texture2d_half,2048,3072,3072,3.5312,10.947
780m,3b,8da4w,parent,sarc_dev_linear_dq8ca_coopmat_zpg_bt_t128x64k32g22s32_texture3d_texture2d_half,2048,1024,3072,1.1457,11.247
780m,3b,8da4w,parent,sarc_dev_linear_dq8ca_coopmat_zpg_bt_t128x64k32g22s32_texture3d_texture2d_half,2048,1024,3072,1.149,11.214
780m,3b,8da4w,parent,sarc_dev_linear_dq8ca_coopmat_zpg_bt_t128x64k32g22s32_texture3d_texture2d_half,2048,3072,3072,3.3689,11.474
780m,3b,8da4w,parent,sarc_dev_linear_dq8ca_coopmat_zpg_bt_t128x64k32g22s32_texture3d_texture2d_half,2048,8192,3072,8.9134,11.564
780m,3b,8da4w,parent,sarc_dev_linear_dq8ca_coopmat_zpg_bt_t128x64k32g22s32_texture3d_texture2d_half,2048,8192,3072,9.401,10.965
780m,3b,8da4w,parent,sarc_dev_linear_dq8ca_coopmat_zpg_bt_t128x64k32g22s32_texture3d_texture2d_half,2048,3072,8192,9.0579,11.38
780m,3b,8da4w,parent,sarc_dev_linear_dq8ca_coopmat_zpg_bt_t128x64k32g22s32_texture3d_texture2d_half,2048,3072,3072,3.506,11.025
780m,3b,8da4w,parent,sarc_dev_linear_dq8ca_coopmat_zpg_bt_t128x64k32g22s32_texture3d_texture2d_half,2048,1024,3072,1.1456,11.248
780m,3b,8da4w,parent,sarc_dev_linear_dq8ca_coopmat_zpg_bt_t128x64k32g22s32_texture3d_texture2d_half,2048,1024,3072,1.1472,11.231
780m,3b,8da4w,parent,sarc_dev_linear_dq8ca_coopmat_zpg_bt_t128x64k32g22s32_texture3d_texture2d_half,2048,3072,3072,3.3668,11.481
780m,3b,8da4w,parent,sarc_dev_linear_dq8ca_coopmat_zpg_bt_t128x64k32g22s32_texture3d_texture2d_half,2048,8192,3072,8.9075,11.572
780m,3b,8da4w,parent,sarc_dev_linear_dq8ca_coopmat_zpg_bt_t128x64k32g22s32_texture3d_texture2d_half,2048,8192,3072,9.4099,10.954
780m,3b,8da4w,parent,sarc_dev_linear_dq8ca_coopmat_zpg_bt_t128x64k32g22s32_texture3d_texture2d_half,2048,3072,8192,9.0507,11.389
780m,3b,8da4w,parent,sarc_dev_linear_dq8ca_coopmat_zpg_bt_t128x64k32g22s32_texture3d_texture2d_half,2048,3072,3072,3.517,10.991
780m,3b,8da4w,parent,sarc_dev_linear_dq8ca_coopmat_zpg_bt_t128x64k32g22s32_texture3d_texture2d_half,2048,1024,3072,1.1465,11.239
780m,3b,8da4w,parent,sarc_dev_linear_dq8ca_coopmat_zpg_bt_t128x64k32g22s32_texture3d_texture2d_half,2048,1024,3072,1.1464,11.239
780m,3b,8da4w,parent,sarc_dev_linear_dq8ca_coopmat_zpg_bt_t128x64k32g22s32_texture3d_texture2d_half,2048,3072,3072,3.3642,11.49
780m,3b,8da4w,parent,sarc_dev_linear_dq8ca_coopmat_zpg_bt_t128x64k32g22s32_texture3d_texture2d_half,2048,8192,3072,8.914,11.564
780m,3b,8da4w,parent,sarc_dev_linear_dq8ca_coopmat_zpg_bt_t128x64k32g22s32_texture3d_texture2d_half,2048,8192,3072,9.3547,11.019
780m,3b,8da4w,parent,sarc_dev_linear_dq8ca_coopmat_zpg_bt_t128x64k32g22s32_texture3d_texture2d_half,2048,3072,8192,9.0586,11.379
780m,3b,8da4w,parent,sarc_dev_linear_dq8ca_coopmat_zpg_bt_t128x64k32g22s32_texture3d_texture2d_half,2048,3072,3072,3.5238,10.97
780m,3b,8da4w,parent,sarc_dev_linear_dq8ca_coopmat_zpg_bt_t128x64k32g22s32_texture3d_texture2d_half,2048,1024,3072,1.1476,11.228
780m,3b,8da4w,parent,sarc_dev_linear_dq8ca_coopmat_zpg_bt_t128x64k32g22s32_texture3d_texture2d_half,2048,1024,3072,1.1426,11.277
780m,3b,8da4w,parent,sarc_dev_linear_dq8ca_coopmat_zpg_bt_t128x64k32g22s32_texture3d_texture2d_half,2048,3072,3072,3.3676,11.478
780m,3b,8da4w,parent,sarc_dev_linear_dq8ca_coopmat_zpg_bt_t128x64k32g22s32_texture3d_texture2d_half,2048,8192,3072,8.9196,11.556
780m,3b,8da4w,parent,sarc_dev_linear_dq8ca_coopmat_zpg_bt_t128x64k32g22s32_texture3d_texture2d_half,2048,8192,3072,9.3668,11.005
780m,3b,8da4w,parent,sarc_dev_linear_dq8ca_coopmat_zpg_bt_t128x64k32g22s32_texture3d_texture2d_half,2048,3072,8192,9.0564,11.382
780m,3b,8da4w,parent,sarc_dev_linear_dq8ca_coopmat_zpg_bt_t128x64k32g22s32_texture3d_texture2d_half,2048,3072,3072,3.5004,11.043
780m,3b,8da4w,parent,sarc_dev_linear_dq8ca_coopmat_zpg_bt_t128x64k32g22s32_texture3d_texture2d_half,2048,1024,3072,1.1439,11.264
780m,3b,8da4w,parent,sarc_dev_linear_dq8ca_coopmat_zpg_bt_t128x64k32g22s32_texture3d_texture2d_half,2048,1024,3072,1.1468,11.236
780m,3b,8da4w,parent,sarc_dev_linear_dq8ca_coopmat_zpg_bt_t128x64k32g22s32_texture3d_texture2d_half,2048,3072,3072,3.3617,11.499
780m,3b,8da4w,parent,sarc_dev_linear_dq8ca_coopmat_zpg_bt_t128x64k32g22s32_texture3d_texture2d_half,2048,8192,3072,8.9095,11.57
780m,3b,8da4w,parent,sarc_dev_linear_dq8ca_coopmat_zpg_bt_t128x64k32g22s32_texture3d_texture2d_half,2048,8192,3072,9.3682,11.003
780m,3b,8da4w,parent,sarc_dev_linear_dq8ca_coopmat_zpg_bt_t128x64k32g22s32_texture3d_texture2d_half,2048,3072,8192,9.0586,11.379
780m,3b,8da4w,parent,sarc_dev_linear_dq8ca_coopmat_zpg_bt_t128x64k32g22s32_texture3d_texture2d_half,2048,3072,3072,3.5162,10.993
780m,3b,8da4w,parent,sarc_dev_linear_dq8ca_coopmat_zpg_bt_t128x64k32g22s32_texture3d_texture2d_half,2048,1024,3072,1.1445,11.258
780m,3b,8da4w,parent,sarc_dev_linear_dq8ca_coopmat_zpg_bt_t128x64k32g22s32_texture3d_texture2d_half,2048,1024,3072,1.1476,11.227
780m,3b,8da4w,parent,sarc_dev_linear_dq8ca_coopmat_zpg_bt_t128x64k32g22s32_texture3d_texture2d_half,2048,3072,3072,3.3669,11.481
780m,3b,8da4w,parent,sarc_dev_linear_dq8ca_coopmat_zpg_bt_t128x64k32g22s32_texture3d_texture2d_half,2048,8192,3072,8.9048,11.576
780m,3b,8da4w,parent,sarc_dev_linear_dq8ca_coopmat_zpg_bt_t128x64k32g22s32_texture3d_texture2d_half,2048,8192,3072,9.3546,11.019
780m,3b,8da4w,parent,sarc_dev_linear_dq8ca_coopmat_zpg_bt_t128x64k32g22s32_texture3d_texture2d_half,2048,3072,8192,9.0578,11.38
780m,3b,8da4w,parent,sarc_dev_linear_dq8ca_coopmat_zpg_bt_t128x64k32g22s32_texture3d_texture2d_half,2048,3072,3072,3.5142,11.0
780m,3b,8da4w,parent,sarc_dev_linear_dq8ca_coopmat_zpg_bt_t128x64k32g22s32_texture3d_texture2d_half,2048,1024,3072,1.1471,11.232
780m,3b,8da4w,parent,sarc_dev_linear_dq8ca_coopmat_zpg_bt_t128x64k32g22s32_texture3d_texture2d_half,2048,1024,3072,1.147,11.233
780m,3b,8da4w,parent,sarc_dev_linear_dq8ca_coopmat_zpg_bt_t128x64k32g22s32_texture3d_texture2d_half,2048,3072,3072,3.3648,11.488
780m,3b,8da4w,parent,sarc_dev_linear_dq8ca_coopmat_zpg_bt_t128x64k32g22s32_texture3d_texture2d_half,2048,8192,3072,8.9124,11.566
780m,3b,8da4w,parent,sarc_dev_linear_dq8ca_coopmat_zpg_bt_t128x64k32g22s32_texture3d_texture2d_half,2048,8192,3072,9.3607,11.012
780m,3b,8da4w,parent,sarc_dev_linear_dq8ca_coopmat_zpg_bt_t128x64k32g22s32_texture3d_texture2d_half,2048,3072,8192,9.0541,11.385
780m,3b,8da4w,parent,sarc_dev_linear_dq8ca_coopmat_zpg_bt_t128x64k32g22s32_texture3d_texture2d_half,2048,3072,3072,3.5052,11.028
780m,3b,8da4w,parent,sarc_dev_linear_dq8ca_coopmat_zpg_bt_t128x64k32g22s32_texture3d_texture2d_half,2048,1024,3072,1.1521,11.184
780m,3b,8da4w,parent,sarc_dev_linear_dq8ca_coopmat_zpg_bt_t128x64k32g22s32_texture3d_texture2d_half,2048,1024,3072,1.1474,11.23
780m,3b,8da4w,parent,sarc_dev_linear_dq8ca_coopmat_zpg_bt_t128x64k32g22s32_texture3d_texture2d_half,2048,3072,3072,3.3679,11.477
780m,3b,8da4w,parent,sarc_dev_linear_dq8ca_coopmat_zpg_bt_t128x64k32g22s32_texture3d_texture2d_half,2048,8192,3072,8.9122,11.566
780m,3b,8da4w,parent,sarc_dev_linear_dq8ca_coopmat_zpg_bt_t128x64k32g22s32_texture3d_texture2d_half,2048,8192,3072,9.4256,10.936
780m,3b,8da4w,parent,sarc_dev_linear_dq8ca_coopmat_zpg_bt_t128x64k32g22s32_texture3d_texture2d_half,2048,3072,8192,9.0803,11.352
780m,3b,8da4w,parent,sarc_dev_linear_dq8ca_coopmat_zpg_bt_t128x64k32g22s32_texture3d_texture2d_half,2048,3072,3072,3.513,11.003
780m,3b,8da4w,parent,sarc_dev_linear_dq8ca_coopmat_zpg_bt_t128x64k32g22s32_texture3d_texture2d_half,2048,1024,3072,1.1459,11.245
780m,3b,8da4w,parent,sarc_dev_linear_dq8ca_coopmat_zpg_bt_t128x64k32g22s32_texture3d_texture2d_half,2048,1024,3072,1.1495,11.209
780m,3b,8da4w,parent,sarc_dev_linear_dq8ca_coopmat_zpg_bt_t128x64k32g22s32_texture3d_texture2d_half,2048,3072,3072,3.3721,11.463
780m,3b,8da4w,parent,sarc_dev_linear_dq8ca_coopmat_zpg_bt_t128x64k32g22s32_texture3d_texture2d_half,2048,8192,3072,8.9147,11.563
780m,3b,8da4w,parent,sarc_dev_linear_dq8ca_coopmat_zpg_bt_t128x64k32g22s32_texture3d_texture2d_half,2048,8192,3072,9.3698,11.001
780m,3b,8da4w,parent,sarc_dev_linear_dq8ca_coopmat_zpg_bt_t128x64k32g22s32_texture3d_texture2d_half,2048,3072,8192,9.0576,11.38
780m,3b,8da4w,parent,sarc_dev_linear_dq8ca_coopmat_zpg_bt_t128x64k32g22s32_texture3d_texture2d_half,2048,3072,3072,3.5136,11.002
780m,3b,8da4w,parent,sarc_dev_linear_dq8ca_coopmat_zpg_bt_t128x64k32g22s32_texture3d_texture2d_half,2048,1024,3072,1.1458,11.246
780m,3b,8da4w,parent,sarc_dev_linear_dq8ca_coopmat_zpg_bt_t128x64k32g22s32_texture3d_texture2d_half,2048,1024,3072,1.1466,11.237
780m,3b,8da4w,parent,sarc_dev_linear_dq8ca_coopmat_zpg_bt_t128x64k32g22s32_texture3d_texture2d_half,2048,3072,3072,3.3609,11.501
780m,3b,8da4w,parent,sarc_dev_linear_dq8ca_coopmat_zpg_bt_t128x64k32g22s32_texture3d_texture2d_half,2048,8192,3072,8.9034,11.577
780m,3b,8da4w,parent,sarc_dev_linear_dq8ca_coopmat_zpg_bt_t128x64k32g22s32_texture3d_texture2d_half,2048,8192,3072,9.3646,11.007
780m,3b,8da4w,parent,sarc_dev_linear_dq8ca_coopmat_zpg_bt_t128x64k32g22s32_texture3d_texture2d_half,2048,3072,8192,9.0853,11.346
780m,3b,8da4w,parent,sarc_dev_linear_dq8ca_coopmat_zpg_bt_t128x64k32g22s32_texture3d_texture2d_half,2048,3072,3072,3.5061,11.025
780m,3b,8da4w,parent,sarc_dev_linear_dq8ca_coopmat_zpg_bt_t128x64k32g22s32_texture3d_texture2d_half,2048,1024,3072,1.1454,11.249
780m,3b,8da4w,parent,sarc_dev_linear_dq8ca_coopmat_zpg_bt_t128x64k32g22s32_texture3d_texture2d_half,2048,1024,3072,1.1452,11.251
780m,3b,8da4w,parent,sarc_dev_linear_dq8ca_coopmat_zpg_bt_t128x64k32g22s32_texture3d_texture2d_half,2048,3072,3072,3.3682,11.476
780m,3b,8da4w,parent,sarc_dev_linear_dq8ca_coopmat_zpg_bt_t128x64k32g22s32_texture3d_texture2d_half,2048,8192,3072,8.9089,11.57
780m,3b,8da4w,parent,sarc_dev_linear_dq8ca_coopmat_zpg_bt_t128x64k32g22s32_texture3d_texture2d_half,2048,8192,3072,9.4199,10.943
780m,3b,8da4w,parent,sarc_dev_linear_dq8ca_coopmat_zpg_bt_t128x64k32g22s32_texture3d_texture2d_half,2048,3072,8192,9.066,11.37
780m,3b,8da4w,parent,sarc_dev_linear_dq8ca_coopmat_zpg_bt_t128x64k32g22s32_texture3d_texture2d_half,2048,3072,3072,3.5166,10.992
780m,3b,8da4w,parent,sarc_dev_linear_dq8ca_coopmat_zpg_bt_t128x64k32g22s32_texture3d_texture2d_half,2048,1024,3072,1.1454,11.249
780m,3b,8da4w,parent,sarc_dev_linear_dq8ca_coopmat_zpg_bt_t128x64k32g22s32_texture3d_texture2d_half,2048,1024,3072,1.1446,11.257
780m,3b,8da4w,parent,sarc_dev_linear_dq8ca_coopmat_zpg_bt_t128x64k32g22s32_texture3d_texture2d_half,2048,3072,3072,3.3613,11.5
780m,3b,8da4w,parent,sarc_dev_linear_dq8ca_coopmat_zpg_bt_t128x64k32g22s32_texture3d_texture2d_half,2048,8192,3072,8.9174,11.559
780m,3b,8da4w,parent,sarc_dev_linear_dq8ca_coopmat_zpg_bt_t128x64k32g22s32_texture3d_texture2d_half,2048,8192,3072,9.3803,10.989
780m,3b,8da4w,parent,sarc_dev_linear_dq8ca_coopmat_zpg_bt_t128x64k32g22s32_texture3d_texture2d_half,2048,3072,8192,9.0678,11.368
780m,3b,8da4w,parent,sarc_dev_linear_dq8ca_coopmat_zpg_bt_t128x64k32g22s32_texture3d_texture2d_half,2048,3072,3072,3.522,10.975
780m,3b,8da4w,parent,sarc_dev_linear_dq8ca_coopmat_zpg_bt_t128x64k32g22s32_texture3d_texture2d_half,2048,1024,3072,1.1477,11.227
780m,3b,8da4w,parent,sarc_dev_linear_dq8ca_coopmat_zpg_bt_t128x64k32g22s32_texture3d_texture2d_half,2048,1024,3072,1.148,11.224
780m,3b,8da4w,parent,sarc_dev_linear_dq8ca_coopmat_zpg_bt_t128x64k32g22s32_texture3d_texture2d_half,2048,3072,3072,3.3659,11.484
780m,3b,8da4w,parent,sarc_dev_linear_dq8ca_coopmat_zpg_bt_t128x64k32g22s32_texture3d_texture2d_half,2048,8192,3072,8.925,11.55
780m,3b,8da4w,parent,sarc_dev_linear_dq8ca_coopmat_zpg_bt_t128x64k32g22s32_texture3d_texture2d_half,2048,8192,3072,9.4063,10.959
780m,3b,8da4w,parent,sarc_dev_linear_dq8ca_coopmat_zpg_bt_t128x64k32g22s32_texture3d_texture2d_half,2048,3072,8192,9.0556,11.383
780m,3b,8da4w,parent,sarc_dev_linear_dq8ca_coopmat_zpg_bt_t128x64k32g22s32_texture3d_texture2d_half,2048,3072,3072,3.5166,10.992
780m,3b,8da4w,parent,sarc_dev_linear_dq8ca_coopmat_zpg_bt_t128x64k32g22s32_texture3d_texture2d_half,2048,1024,3072,1.1464,11.24
780m,3b,8da4w,parent,sarc_dev_linear_dq8ca_coopmat_zpg_bt_t128x64k32g22s32_texture3d_texture2d_half,2048,1024,3072,1.145,11.253
780m,3b,8da4w,parent,sarc_dev_linear_dq8ca_coopmat_zpg_bt_t128x64k32g22s32_texture3d_texture2d_half,2048,3072,3072,3.3722,11.463
780m,3b,8da4w,parent,sarc_dev_linear_dq8ca_coopmat_zpg_bt_t128x64k32g22s32_texture3d_texture2d_half,2048,8192,3072,8.9019,11.579
780m,3b,8da4w,parent,sarc_dev_linear_dq8ca_coopmat_zpg_bt_t128x64k32g22s32_texture3d_texture2d_half,2048,8192,3072,9.3826,10.986
780m,3b,8da4w,parent,sarc_dev_linear_dq8ca_coopmat_zpg_bt_t128x64k32g22s32_texture3d_texture2d_half,2048,3072,8192,9.0426,11.399
780m,3b,8da4w,parent,sarc_dev_linear_dq8ca_coopmat_zpg_bt_t128x64k32g22s32_texture3d_texture2d_half,2048,3072,3072,3.5004,11.043
780m,3b,8da4w,parent,sarc_dev_linear_dq8ca_coopmat_zpg_bt_t128x64k32g22s32_texture3d_texture2d_half,2048,1024,3072,1.1475,11.228
780m,3b,8da4w,parent,sarc_dev_linear_dq8ca_coopmat_zpg_bt_t128x64k32g22s32_texture3d_texture2d_half,2048,1024,3072,1.1458,11.246
780m,3b,8da4w,parent,sarc_dev_linear_dq8ca_coopmat_zpg_bt_t128x64k32g22s32_texture3d_texture2d_half,2048,3072,3072,3.3625,11.496
780m,3b,8da4w,parent,sarc_dev_linear_dq8ca_coopmat_zpg_bt_t128x64k32g22s32_texture3d_texture2d_half,2048,8192,3072,8.9,11.582
780m,3b,8da4w,parent,sarc_dev_linear_dq8ca_coopmat_zpg_bt_t128x64k32g22s32_texture3d_texture2d_half,2048,8192,3072,9.3519,11.022
780m,3b,8da4w,parent,sarc_dev_linear_dq8ca_coopmat_zpg_bt_t128x64k32g22s32_texture3d_texture2d_half,2048,3072,8192,9.0504,11.389
780m,3b,8da4w,parent,sarc_dev_linear_dq8ca_coopmat_zpg_bt_t128x64k32g22s32_texture3d_texture2d_half,2048,3072,3072,3.5139,11.0
780m,3b,8da4w,parent,sarc_dev_linear_dq8ca_coopmat_zpg_bt_t128x64k32g22s32_texture3d_texture2d_half,2048,1024,3072,1.1474,11.23
780m,3b,8da4w,parent,sarc_dev_linear_dq8ca_coopmat_zpg_bt_t128x64k32g22s32_texture3d_texture2d_half,2048,1024,3072,1.1465,11.238
780m,3b,8da4w,parent,sarc_dev_linear_dq8ca_coopmat_zpg_bt_t128x64k32g22s32_texture3d_texture2d_half,2048,3072,3072,3.3648,11.488
780m,3b,8da4w,parent,sarc_dev_linear_dq8ca_coopmat_zpg_bt_t128x64k32g22s32_texture3d_texture2d_half,2048,8192,3072,8.9018,11.58
780m,3b,8da4w,parent,sarc_dev_linear_dq8ca_coopmat_zpg_bt_t128x64k32g22s32_texture3d_texture2d_half,2048,8192,3072,9.3973,10.969
780m,3b,8da4w,parent,sarc_dev_linear_dq8ca_coopmat_zpg_bt_t128x64k32g22s32_texture3d_texture2d_half,2048,3072,8192,9.0508,11.389
780m,3b,8da4w,parent,sarc_dev_linear_dq8ca_coopmat_zpg_bt_t128x64k32g22s32_texture3d_texture2d_half,2048,3072,3072,3.5128,11.004
780m,3b,8da4w,parent,sarc_dev_linear_dq8ca_coopmat_zpg_bt_t128x64k32g22s32_texture3d_texture2d_half,2048,1024,3072,1.1477,11.227
780m,3b,8da4w,parent,sarc_dev_linear_dq8ca_coopmat_zpg_bt_t128x64k32g22s32_texture3d_texture2d_half,2048,1024,3072,1.1465,11.238
780m,3b,8da4w,parent,sarc_dev_linear_dq8ca_coopmat_zpg_bt_t128x64k32g22s32_texture3d_texture2d_half,2048,3072,3072,3.3645,11.489
780m,3b,8da4w,parent,sarc_dev_linear_dq8ca_coopmat_zpg_bt_t128x64k32g22s32_texture3d_texture2d_half,2048,8192,3072,8.9171,11.56
780m,3b,8da4w,parent,sarc_dev_linear_dq8ca_coopmat_zpg_bt_t128x64k32g22s32_texture3d_texture2d_half,2048,8192,3072,9.3638,11.008
780m,3b,8da4w,parent,sarc_dev_linear_dq8ca_coopmat_zpg_bt_t128x64k32g22s32_texture3d_texture2d_half,2048,3072,8192,9.0437,11.398
780m,3b,8da4w,parent,sarc_dev_linear_dq8ca_coopmat_zpg_bt_t128x64k32g22s32_texture3d_texture2d_half,2048,3072,3072,3.52,10.981
780m,3b,8da4w,parent,sarc_dev_linear_dq8ca_coopmat_zpg_bt_t128x64k32g22s32_texture3d_texture2d_half,2048,1024,3072,1.148,11.224
780m,3b,8da4w,parent,sarc_dev_linear_dq8ca_coopmat_zpg_bt_t128x64k32g22s32_texture3d_texture2d_half,2048,1024,3072,1.1454,11.249
780m,3b,8da4w,parent,sarc_dev_linear_dq8ca_coopmat_zpg_bt_t128x64k32g22s32_texture3d_texture2d_half,2048,3072,3072,3.3642,11.49
780m,3b,8da4w,parent,sarc_dev_linear_dq8ca_coopmat_zpg_bt_t128x64k32g22s32_texture3d_texture2d_half,2048,8192,3072,8.9247,11.55
780m,3b,8da4w,parent,sarc_dev_linear_dq8ca_coopmat_zpg_bt_t128x64k32g22s32_texture3d_texture2d_half,2048,8192,3072,9.3794,10.99
780m,3b,8da4w,parent,sarc_dev_linear_dq8ca_coopmat_zpg_bt_t128x64k32g22s32_texture3d_texture2d_half,2048,3072,8192,9.0762,11.357
780m,3b,8da4w,parent,sarc_dev_linear_dq8ca_coopmat_zpg_bt_t128x64k32g22s32_texture3d_texture2d_half,2048,3072,3072,3.505,11.028
780m,3b,8da4w,parent,sarc_dev_linear_dq8ca_coopmat_zpg_bt_t128x64k32g22s32_texture3d_texture2d_half,2048,1024,3072,1.1451,11.252
780m,3b,8da4w,parent,sarc_dev_linear_dq8ca_coopmat_zpg_bt_t128x64k32g22s32_texture3d_texture2d_half,2048,1024,3072,1.147,11.234
780m,3b,8da4w,parent,sarc_dev_linear_dq8ca_coopmat_zpg_bt_t128x64k32g22s32_texture3d_texture2d_half,2048,3072,3072,3.3643,11.49
780m,3b,8da4w,parent,sarc_dev_linear_dq8ca_coopmat_zpg_bt_t128x64k32g22s32_texture3d_texture2d_half,2048,8192,3072,8.909,11.57
780m,3b,8da4w,parent,sarc_dev_linear_dq8ca_coopmat_zpg_bt_t128x64k32g22s32_texture3d_texture2d_half,2048,8192,3072,9.4684,10.887
780m,3b,8da4w,parent,sarc_dev_linear_dq8ca_coopmat_zpg_bt_t128x64k32g22s32_texture3d_texture2d_half,2048,3072,8192,9.0456,11.396
780m,3b,8da4w,parent,sarc_dev_linear_dq8ca_coopmat_zpg_bt_t128x64k32g22s32_texture3d_texture2d_half,2048,3072,3072,3.4981,11.05
780m,3b,8da4w,parent,sarc_dev_linear_dq8ca_coopmat_zpg_bt_t128x64k32g22s32_texture3d_texture2d_half,2048,1024,3072,1.1449,11.254
780m,3b,8da4w,parent,sarc_dev_linear_dq8ca_coopmat_zpg_bt_t128x64k32g22s32_texture3d_texture2d_half,2048,1024,3072,1.1484,11.219
780m,3b,8da4w,parent,sarc_dev_linear_dq8ca_coopmat_zpg_bt_t128x64k32g22s32_texture3d_texture2d_half,2048,3072,3072,3.359,11.508
780m,3b,8da4w,parent,sarc_dev_linear_dq8ca_coopmat_zpg_bt_t128x64k32g22s32_texture3d_texture2d_half,2048,8192,3072,8.9212,11.554
780m,3b,8da4w,parent,sarc_dev_linear_dq8ca_coopmat_zpg_bt_t128x64k32g22s32_texture3d_texture2d_half,2048,8192,3072,9.4128,10.951
780m,3b,8da4w,parent,sarc_dev_linear_dq8ca_coopmat_zpg_bt_t128x64k32g22s32_texture3d_texture2d_half,2048,3072,8192,9.0614,11.376
780m,3b,8da4w,parent,sarc_dev_linear_dq8ca_coopmat_zpg_bt_t128x64k32g22s32_texture3d_texture2d_half,2048,3072,3072,3.5226,10.973
780m,3b,8da4w,parent,sarc_dev_linear_dq8ca_coopmat_zpg_bt_t128x64k32g22s32_texture3d_texture2d_half,2048,1024,3072,1.1456,11.248
780m,3b,8da4w,parent,sarc_dev_linear_dq8ca_coopmat_zpg_bt_t128x64k32g22s32_texture3d_texture2d_half,2048,1024,3072,1.145,11.254
780m,3b,8da4w,parent,sarc_dev_linear_dq8ca_coopmat_zpg_bt_t128x64k32g22s32_texture3d_texture2d_half,2048,3072,3072,3.3616,11.499
780m,3b,8da4w,parent,sarc_dev_linear_dq8ca_coopmat_zpg_bt_t128x64k32g22s32_texture3d_texture2d_half,2048,8192,3072,8.902,11.579
780m,3b,8da4w,parent,sarc_dev_linear_dq8ca_coopmat_zpg_bt_t128x64k32g22s32_texture3d_texture2d_half,2048,8192,3072,9.328,11.05
780m,3b,8da4w,parent,sarc_dev_linear_dq8ca_coopmat_zpg_bt_t128x64k32g22s32_texture3d_texture2d_half,2048,3072,8192,9.0841,11.347
780m,3b,8da4w,parent,sarc_dev_linear_dq8ca_coopmat_zpg_bt_t128x64k32g22s32_texture3d_texture2d_half,2048,3072,3072,3.509,11.016
780m,3b,8da4w,parent,sarc_dev_linear_dq8ca_coopmat_zpg_bt_t128x64k32g22s32_texture3d_texture2d_half,2048,1024,3072,1.1459,11.245
780m,3b,8da4w,parent,sarc_dev_linear_dq8ca_coopmat_zpg_bt_t128x64k32g22s32_texture3d_texture2d_half,2048,1024,3072,1.1454,11.249
780m,3b,8da4w,parent,sarc_dev_linear_dq8ca_coopmat_zpg_bt_t128x64k32g22s32_texture3d_texture2d_half,2048,3072,3072,3.3651,11.487
780m,3b,8da4w,parent,sarc_dev_linear_dq8ca_coopmat_zpg_bt_t128x64k32g22s32_texture3d_texture2d_half,2048,8192,3072,8.9129,11.565
780m,3b,8da4w,parent,sarc_dev_linear_dq8ca_coopmat_zpg_bt_t128x64k32g22s32_texture3d_texture2d_half,2048,8192,3072,9.3647,11.007
780m,3b,8da4w,parent,sarc_dev_linear_dq8ca_coopmat_zpg_bt_t128x64k32g22s32_texture3d_texture2d_half,2048,3072,8192,9.0383,11.405
780m,8b,4w,cand,sarc_linear_q4gsw_coopmat_sweep_t128x256k32g42s32f32c_texture3d_texture2d_half,2048,4096,4096,6.454,10.648
780m,8b,4w,cand,sarc_linear_q4gsw_coopmat_sweep_t128x256k32g42s32f32c_texture3d_texture2d_half,2048,1024,4096,1.7616,9.752
780m,8b,4w,cand,sarc_linear_q4gsw_coopmat_sweep_t128x256k32g42s32f32c_texture3d_texture2d_half,2048,1024,4096,1.715,10.017
780m,8b,4w,cand,sarc_linear_q4gsw_coopmat_sweep_t128x256k32g42s32f32c_texture3d_texture2d_half,2048,4096,4096,6.6182,10.383
780m,8b,4w,cand,sarc_linear_q4gsw_coopmat_sweep_t128x256k32g42s32f32c_texture3d_texture2d_half,2048,14336,4096,23.498,10.236
780m,8b,4w,cand,sarc_linear_q4gsw_coopmat_sweep_t128x256k32g42s32f32c_texture3d_texture2d_half,2048,14336,4096,23.4728,10.247
780m,8b,4w,cand,sarc_linear_q4gsw_coopmat_sweep_t128x256k32g42s32f32c_texture3d_texture2d_half,2048,4096,14336,23.5569,10.21
780m,8b,4w,cand,sarc_linear_q4gsw_coopmat_sweep_t128x256k32g42s32f32c_texture3d_texture2d_half,2048,4096,4096,6.8092,10.092
780m,8b,4w,cand,sarc_linear_q4gsw_coopmat_sweep_t128x256k32g42s32f32c_texture3d_texture2d_half,2048,1024,4096,1.8332,9.372
780m,8b,4w,cand,sarc_linear_q4gsw_coopmat_sweep_t128x256k32g42s32f32c_texture3d_texture2d_half,2048,1024,4096,1.7816,9.643
780m,8b,4w,cand,sarc_linear_q4gsw_coopmat_sweep_t128x256k32g42s32f32c_texture3d_texture2d_half,2048,4096,4096,6.63,10.365
780m,8b,4w,cand,sarc_linear_q4gsw_coopmat_sweep_t128x256k32g42s32f32c_texture3d_texture2d_half,2048,14336,4096,23.1775,10.377
780m,8b,4w,cand,sarc_linear_q4gsw_coopmat_sweep_t128x256k32g42s32f32c_texture3d_texture2d_half,2048,14336,4096,23.6582,10.166
780m,8b,4w,cand,sarc_linear_q4gsw_coopmat_sweep_t128x256k32g42s32f32c_texture3d_texture2d_half,2048,4096,14336,23.3178,10.315
780m,8b,4w,cand,sarc_linear_q4gsw_coopmat_sweep_t128x256k32g42s32f32c_texture3d_texture2d_half,2048,4096,4096,6.898,9.962
780m,8b,4w,cand,sarc_linear_q4gsw_coopmat_sweep_t128x256k32g42s32f32c_texture3d_texture2d_half,2048,1024,4096,1.8247,9.415
780m,8b,4w,cand,sarc_linear_q4gsw_coopmat_sweep_t128x256k32g42s32f32c_texture3d_texture2d_half,2048,1024,4096,1.758,9.772
780m,8b,4w,cand,sarc_linear_q4gsw_coopmat_sweep_t128x256k32g42s32f32c_texture3d_texture2d_half,2048,4096,4096,6.639,10.351
780m,8b,4w,cand,sarc_linear_q4gsw_coopmat_sweep_t128x256k32g42s32f32c_texture3d_texture2d_half,2048,14336,4096,23.2682,10.337
780m,8b,4w,cand,sarc_linear_q4gsw_coopmat_sweep_t128x256k32g42s32f32c_texture3d_texture2d_half,2048,14336,4096,23.4122,10.273
780m,8b,4w,cand,sarc_linear_q4gsw_coopmat_sweep_t128x256k32g42s32f32c_texture3d_texture2d_half,2048,4096,14336,23.3348,10.307
780m,8b,4w,cand,sarc_linear_q4gsw_coopmat_sweep_t128x256k32g42s32f32c_texture3d_texture2d_half,2048,4096,4096,6.8122,10.088
780m,8b,4w,cand,sarc_linear_q4gsw_coopmat_sweep_t128x256k32g42s32f32c_texture3d_texture2d_half,2048,1024,4096,1.8228,9.425
780m,8b,4w,cand,sarc_linear_q4gsw_coopmat_sweep_t128x256k32g42s32f32c_texture3d_texture2d_half,2048,1024,4096,1.7712,9.7
780m,8b,4w,cand,sarc_linear_q4gsw_coopmat_sweep_t128x256k32g42s32f32c_texture3d_texture2d_half,2048,4096,4096,6.6404,10.349
780m,8b,4w,cand,sarc_linear_q4gsw_coopmat_sweep_t128x256k32g42s32f32c_texture3d_texture2d_half,2048,14336,4096,23.167,10.382
780m,8b,4w,cand,sarc_linear_q4gsw_coopmat_sweep_t128x256k32g42s32f32c_texture3d_texture2d_half,2048,14336,4096,23.2701,10.336
780m,8b,4w,cand,sarc_linear_q4gsw_coopmat_sweep_t128x256k32g42s32f32c_texture3d_texture2d_half,2048,4096,14336,23.2156,10.36
780m,8b,4w,cand,sarc_linear_q4gsw_coopmat_sweep_t128x256k32g42s32f32c_texture3d_texture2d_half,2048,4096,4096,6.8283,10.064
780m,8b,4w,cand,sarc_linear_q4gsw_coopmat_sweep_t128x256k32g42s32f32c_texture3d_texture2d_half,2048,1024,4096,1.8117,9.483
780m,8b,4w,cand,sarc_linear_q4gsw_coopmat_sweep_t128x256k32g42s32f32c_texture3d_texture2d_half,2048,1024,4096,1.7632,9.743
780m,8b,4w,cand,sarc_linear_q4gsw_coopmat_sweep_t128x256k32g42s32f32c_texture3d_texture2d_half,2048,4096,4096,6.641,10.348
780m,8b,4w,cand,sarc_linear_q4gsw_coopmat_sweep_t128x256k32g42s32f32c_texture3d_texture2d_half,2048,14336,4096,23.5044,10.233
780m,8b,4w,cand,sarc_linear_q4gsw_coopmat_sweep_t128x256k32g42s32f32c_texture3d_texture2d_half,2048,14336,4096,23.2433,10.348
780m,8b,4w,cand,sarc_linear_q4gsw_coopmat_sweep_t128x256k32g42s32f32c_texture3d_texture2d_half,2048,4096,14336,23.3656,10.294
780m,8b,4w,cand,sarc_linear_q4gsw_coopmat_sweep_t128x256k32g42s32f32c_texture3d_texture2d_half,2048,4096,4096,6.8501,10.032
780m,8b,4w,cand,sarc_linear_q4gsw_coopmat_sweep_t128x256k32g42s32f32c_texture3d_texture2d_half,2048,1024,4096,1.8148,9.466
780m,8b,4w,cand,sarc_linear_q4gsw_coopmat_sweep_t128x256k32g42s32f32c_texture3d_texture2d_half,2048,1024,4096,1.7513,9.81
780m,8b,4w,cand,sarc_linear_q4gsw_coopmat_sweep_t128x256k32g42s32f32c_texture3d_texture2d_half,2048,4096,4096,6.6506,10.333
780m,8b,4w,cand,sarc_linear_q4gsw_coopmat_sweep_t128x256k32g42s32f32c_texture3d_texture2d_half,2048,14336,4096,23.4174,10.271
780m,8b,4w,cand,sarc_linear_q4gsw_coopmat_sweep_t128x256k32g42s32f32c_texture3d_texture2d_half,2048,14336,4096,23.5579,10.21
780m,8b,4w,cand,sarc_linear_q4gsw_coopmat_sweep_t128x256k32g42s32f32c_texture3d_texture2d_half,2048,4096,14336,23.2756,10.334
780m,8b,4w,cand,sarc_linear_q4gsw_coopmat_sweep_t128x256k32g42s32f32c_texture3d_texture2d_half,2048,4096,4096,6.8035,10.101
780m,8b,4w,cand,sarc_linear_q4gsw_coopmat_sweep_t128x256k32g42s32f32c_texture3d_texture2d_half,2048,1024,4096,1.8205,9.437
780m,8b,4w,cand,sarc_linear_q4gsw_coopmat_sweep_t128x256k32g42s32f32c_texture3d_texture2d_half,2048,1024,4096,1.7687,9.713
780m,8b,4w,cand,sarc_linear_q4gsw_coopmat_sweep_t128x256k32g42s32f32c_texture3d_texture2d_half,2048,4096,4096,6.6408,10.348
780m,8b,4w,cand,sarc_linear_q4gsw_coopmat_sweep_t128x256k32g42s32f32c_texture3d_texture2d_half,2048,14336,4096,23.3866,10.284
780m,8b,4w,cand,sarc_linear_q4gsw_coopmat_sweep_t128x256k32g42s32f32c_texture3d_texture2d_half,2048,14336,4096,23.1191,10.403
780m,8b,4w,cand,sarc_linear_q4gsw_coopmat_sweep_t128x256k32g42s32f32c_texture3d_texture2d_half,2048,4096,14336,23.3917,10.282
780m,8b,4w,cand,sarc_linear_q4gsw_coopmat_sweep_t128x256k32g42s32f32c_texture3d_texture2d_half,2048,4096,4096,6.8258,10.068
780m,8b,4w,cand,sarc_linear_q4gsw_coopmat_sweep_t128x256k32g42s32f32c_texture3d_texture2d_half,2048,1024,4096,1.8004,9.542
780m,8b,4w,cand,sarc_linear_q4gsw_coopmat_sweep_t128x256k32g42s32f32c_texture3d_texture2d_half,2048,1024,4096,1.7482,9.827
780m,8b,4w,cand,sarc_linear_q4gsw_coopmat_sweep_t128x256k32g42s32f32c_texture3d_texture2d_half,2048,4096,4096,6.6564,10.324
780m,8b,4w,cand,sarc_linear_q4gsw_coopmat_sweep_t128x256k32g42s32f32c_texture3d_texture2d_half,2048,14336,4096,23.5029,10.234
780m,8b,4w,cand,sarc_linear_q4gsw_coopmat_sweep_t128x256k32g42s32f32c_texture3d_texture2d_half,2048,14336,4096,23.4008,10.278
780m,8b,4w,cand,sarc_linear_q4gsw_coopmat_sweep_t128x256k32g42s32f32c_texture3d_texture2d_half,2048,4096,14336,23.236,10.351
780m,8b,4w,cand,sarc_linear_q4gsw_coopmat_sweep_t128x256k32g42s32f32c_texture3d_texture2d_half,2048,4096,4096,6.7534,10.176
780m,8b,4w,cand,sarc_linear_q4gsw_coopmat_sweep_t128x256k32g42s32f32c_texture3d_texture2d_half,2048,1024,4096,1.8254,9.411
780m,8b,4w,cand,sarc_linear_q4gsw_coopmat_sweep_t128x256k32g42s32f32c_texture3d_texture2d_half,2048,1024,4096,1.7598,9.763
780m,8b,4w,cand,sarc_linear_q4gsw_coopmat_sweep_t128x256k32g42s32f32c_texture3d_texture2d_half,2048,4096,4096,6.6384,10.352
780m,8b,4w,cand,sarc_linear_q4gsw_coopmat_sweep_t128x256k32g42s32f32c_texture3d_texture2d_half,2048,14336,4096,23.0871,10.418
780m,8b,4w,cand,sarc_linear_q4gsw_coopmat_sweep_t128x256k32g42s32f32c_texture3d_texture2d_half,2048,14336,4096,23.1277,10.4
780m,8b,4w,cand,sarc_linear_q4gsw_coopmat_sweep_t128x256k32g42s32f32c_texture3d_texture2d_half,2048,4096,14336,23.3785,10.288
780m,8b,4w,cand,sarc_linear_q4gsw_coopmat_sweep_t128x256k32g42s32f32c_texture3d_texture2d_half,2048,4096,4096,6.7848,10.128
780m,8b,4w,cand,sarc_linear_q4gsw_coopmat_sweep_t128x256k32g42s32f32c_texture3d_texture2d_half,2048,1024,4096,1.8148,9.467
780m,8b,4w,cand,sarc_linear_q4gsw_coopmat_sweep_t128x256k32g42s32f32c_texture3d_texture2d_half,2048,1024,4096,1.776,9.674
780m,8b,4w,cand,sarc_linear_q4gsw_coopmat_sweep_t128x256k32g42s32f32c_texture3d_texture2d_half,2048,4096,4096,6.6345,10.358
780m,8b,4w,cand,sarc_linear_q4gsw_coopmat_sweep_t128x256k32g42s32f32c_texture3d_texture2d_half,2048,14336,4096,23.3741,10.29
780m,8b,4w,cand,sarc_linear_q4gsw_coopmat_sweep_t128x256k32g42s32f32c_texture3d_texture2d_half,2048,14336,4096,23.0829,10.42
780m,8b,4w,cand,sarc_linear_q4gsw_coopmat_sweep_t128x256k32g42s32f32c_texture3d_texture2d_half,2048,4096,14336,23.3225,10.313
780m,8b,4w,cand,sarc_linear_q4gsw_coopmat_sweep_t128x256k32g42s32f32c_texture3d_texture2d_half,2048,4096,4096,6.7042,10.25
780m,8b,4w,cand,sarc_linear_q4gsw_coopmat_sweep_t128x256k32g42s32f32c_texture3d_texture2d_half,2048,1024,4096,1.803,9.528
780m,8b,4w,cand,sarc_linear_q4gsw_coopmat_sweep_t128x256k32g42s32f32c_texture3d_texture2d_half,2048,1024,4096,1.7602,9.76
780m,8b,4w,cand,sarc_linear_q4gsw_coopmat_sweep_t128x256k32g42s32f32c_texture3d_texture2d_half,2048,4096,4096,6.6209,10.379
780m,8b,4w,cand,sarc_linear_q4gsw_coopmat_sweep_t128x256k32g42s32f32c_texture3d_texture2d_half,2048,14336,4096,23.3786,10.288
780m,8b,4w,cand,sarc_linear_q4gsw_coopmat_sweep_t128x256k32g42s32f32c_texture3d_texture2d_half,2048,14336,4096,23.1505,10.389
780m,8b,4w,cand,sarc_linear_q4gsw_coopmat_sweep_t128x256k32g42s32f32c_texture3d_texture2d_half,2048,4096,14336,23.556,10.211
780m,8b,4w,cand,sarc_linear_q4gsw_coopmat_sweep_t128x256k32g42s32f32c_texture3d_texture2d_half,2048,4096,4096,6.8317,10.059
780m,8b,4w,cand,sarc_linear_q4gsw_coopmat_sweep_t128x256k32g42s32f32c_texture3d_texture2d_half,2048,1024,4096,1.8212,9.433
780m,8b,4w,cand,sarc_linear_q4gsw_coopmat_sweep_t128x256k32g42s32f32c_texture3d_texture2d_half,2048,1024,4096,1.7546,9.792
780m,8b,4w,cand,sarc_linear_q4gsw_coopmat_sweep_t128x256k32g42s32f32c_texture3d_texture2d_half,2048,4096,4096,6.5691,10.461
780m,8b,4w,cand,sarc_linear_q4gsw_coopmat_sweep_t128x256k32g42s32f32c_texture3d_texture2d_half,2048,14336,4096,23.0175,10.449
780m,8b,4w,cand,sarc_linear_q4gsw_coopmat_sweep_t128x256k32g42s32f32c_texture3d_texture2d_half,2048,14336,4096,23.318,10.315
780m,8b,4w,cand,sarc_linear_q4gsw_coopmat_sweep_t128x256k32g42s32f32c_texture3d_texture2d_half,2048,4096,14336,23.3601,10.296
780m,8b,4w,cand,sarc_linear_q4gsw_coopmat_sweep_t128x256k32g42s32f32c_texture3d_texture2d_half,2048,4096,4096,6.7175,10.23
780m,8b,4w,cand,sarc_linear_q4gsw_coopmat_sweep_t128x256k32g42s32f32c_texture3d_texture2d_half,2048,1024,4096,1.8082,9.501
780m,8b,4w,cand,sarc_linear_q4gsw_coopmat_sweep_t128x256k32g42s32f32c_texture3d_texture2d_half,2048,1024,4096,1.7594,9.764
780m,8b,4w,cand,sarc_linear_q4gsw_coopmat_sweep_t128x256k32g42s32f32c_texture3d_texture2d_half,2048,4096,4096,6.6123,10.393
780m,8b,4w,cand,sarc_linear_q4gsw_coopmat_sweep_t128x256k32g42s32f32c_texture3d_texture2d_half,2048,14336,4096,23.3554,10.298
780m,8b,4w,cand,sarc_linear_q4gsw_coopmat_sweep_t128x256k32g42s32f32c_texture3d_texture2d_half,2048,14336,4096,23.5098,10.231
780m,8b,4w,cand,sarc_linear_q4gsw_coopmat_sweep_t128x256k32g42s32f32c_texture3d_texture2d_half,2048,4096,14336,23.3298,10.309
780m,8b,4w,cand,sarc_linear_q4gsw_coopmat_sweep_t128x256k32g42s32f32c_texture3d_texture2d_half,2048,4096,4096,6.7902,10.12
780m,8b,4w,cand,sarc_linear_q4gsw_coopmat_sweep_t128x256k32g42s32f32c_texture3d_texture2d_half,2048,1024,4096,1.8324,9.376
780m,8b,4w,cand,sarc_linear_q4gsw_coopmat_sweep_t128x256k32g42s32f32c_texture3d_texture2d_half,2048,1024,4096,1.7775,9.665
780m,8b,4w,cand,sarc_linear_q4gsw_coopmat_sweep_t128x256k32g42s32f32c_texture3d_texture2d_half,2048,4096,4096,6.578,10.447
780m,8b,4w,cand,sarc_linear_q4gsw_coopmat_sweep_t128x256k32g42s32f32c_texture3d_texture2d_half,2048,14336,4096,23.1269,10.4
780m,8b,4w,cand,sarc_linear_q4gsw_coopmat_sweep_t128x256k32g42s32f32c_texture3d_texture2d_half,2048,14336,4096,23.1873,10.373
780m,8b,4w,cand,sarc_linear_q4gsw_coopmat_sweep_t128x256k32g42s32f32c_texture3d_texture2d_half,2048,4096,14336,23.382,10.286
780m,8b,4w,cand,sarc_linear_q4gsw_coopmat_sweep_t128x256k32g42s32f32c_texture3d_texture2d_half,2048,4096,4096,6.7382,10.198
780m,8b,4w,cand,sarc_linear_q4gsw_coopmat_sweep_t128x256k32g42s32f32c_texture3d_texture2d_half,2048,1024,4096,1.852,9.276
780m,8b,4w,cand,sarc_linear_q4gsw_coopmat_sweep_t128x256k32g42s32f32c_texture3d_texture2d_half,2048,1024,4096,1.7545,9.792
780m,8b,4w,cand,sarc_linear_q4gsw_coopmat_sweep_t128x256k32g42s32f32c_texture3d_texture2d_half,2048,4096,4096,6.5773,10.448
780m,8b,4w,cand,sarc_linear_q4gsw_coopmat_sweep_t128x256k32g42s32f32c_texture3d_texture2d_half,2048,14336,4096,23.5109,10.23
780m,8b,4w,cand,sarc_linear_q4gsw_coopmat_sweep_t128x256k32g42s32f32c_texture3d_texture2d_half,2048,14336,4096,23.5521,10.212
780m,8b,4w,cand,sarc_linear_q4gsw_coopmat_sweep_t128x256k32g42s32f32c_texture3d_texture2d_half,2048,4096,14336,23.391,10.283
780m,8b,4w,cand,sarc_linear_q4gsw_coopmat_sweep_t128x256k32g42s32f32c_texture3d_texture2d_half,2048,4096,4096,6.7708,10.149
780m,8b,4w,cand,sarc_linear_q4gsw_coopmat_sweep_t128x256k32g42s32f32c_texture3d_texture2d_half,2048,1024,4096,1.8277,9.4
780m,8b,4w,cand,sarc_linear_q4gsw_coopmat_sweep_t128x256k32g42s32f32c_texture3d_texture2d_half,2048,1024,4096,1.7488,9.824
780m,8b,4w,cand,sarc_linear_q4gsw_coopmat_sweep_t128x256k32g42s32f32c_texture3d_texture2d_half,2048,4096,4096,6.6341,10.358
780m,8b,4w,cand,sarc_linear_q4gsw_coopmat_sweep_t128x256k32g42s32f32c_texture3d_texture2d_half,2048,14336,4096,23.7231,10.139
780m,8b,4w,cand,sarc_linear_q4gsw_coopmat_sweep_t128x256k32g42s32f32c_texture3d_texture2d_half,2048,14336,4096,23.7823,10.113
780m,8b,4w,cand,sarc_linear_q4gsw_coopmat_sweep_t128x256k32g42s32f32c_texture3d_texture2d_half,2048,4096,14336,23.4123,10.273
780m,8b,4w,cand,sarc_linear_q4gsw_coopmat_sweep_t128x256k32g42s32f32c_texture3d_texture2d_half,2048,4096,4096,6.743,10.191
780m,8b,4w,cand,sarc_linear_q4gsw_coopmat_sweep_t128x256k32g42s32f32c_texture3d_texture2d_half,2048,1024,4096,1.8527,9.273
780m,8b,4w,cand,sarc_linear_q4gsw_coopmat_sweep_t128x256k32g42s32f32c_texture3d_texture2d_half,2048,1024,4096,1.7435,9.854
780m,8b,4w,cand,sarc_linear_q4gsw_coopmat_sweep_t128x256k32g42s32f32c_texture3d_texture2d_half,2048,4096,4096,6.6548,10.326
780m,8b,4w,cand,sarc_linear_q4gsw_coopmat_sweep_t128x256k32g42s32f32c_texture3d_texture2d_half,2048,14336,4096,23.7096,10.144
780m,8b,4w,cand,sarc_linear_q4gsw_coopmat_sweep_t128x256k32g42s32f32c_texture3d_texture2d_half,2048,14336,4096,23.7271,10.137
780m,8b,4w,cand,sarc_linear_q4gsw_coopmat_sweep_t128x256k32g42s32f32c_texture3d_texture2d_half,2048,4096,14336,23.4581,10.253
780m,8b,4w,cand,sarc_linear_q4gsw_coopmat_sweep_t128x256k32g42s32f32c_texture3d_texture2d_half,2048,4096,4096,6.9338,9.911
780m,8b,4w,cand,sarc_linear_q4gsw_coopmat_sweep_t128x256k32g42s32f32c_texture3d_texture2d_half,2048,1024,4096,1.825,9.414
780m,8b,4w,cand,sarc_linear_q4gsw_coopmat_sweep_t128x256k32g42s32f32c_texture3d_texture2d_half,2048,1024,4096,1.7564,9.782
780m,8b,4w,cand,sarc_linear_q4gsw_coopmat_sweep_t128x256k32g42s32f32c_texture3d_texture2d_half,2048,4096,4096,6.7259,10.217
780m,8b,4w,cand,sarc_linear_q4gsw_coopmat_sweep_t128x256k32g42s32f32c_texture3d_texture2d_half,2048,14336,4096,23.4361,10.263
780m,8b,4w,cand,sarc_linear_q4gsw_coopmat_sweep_t128x256k32g42s32f32c_texture3d_texture2d_half,2048,14336,4096,23.5569,10.21
780m,8b,4w,cand,sarc_linear_q4gsw_coopmat_sweep_t128x256k32g42s32f32c_texture3d_texture2d_half,2048,4096,14336,23.4249,10.268
780m,8b,4w,cand,sarc_linear_q4gsw_coopmat_sweep_t128x256k32g42s32f32c_texture3d_texture2d_half,2048,4096,4096,6.8169,10.081
780m,8b,4w,cand,sarc_linear_q4gsw_coopmat_sweep_t128x256k32g42s32f32c_texture3d_texture2d_half,2048,1024,4096,1.8218,9.43
780m,8b,4w,cand,sarc_linear_q4gsw_coopmat_sweep_t128x256k32g42s32f32c_texture3d_texture2d_half,2048,1024,4096,1.7808,9.647
780m,8b,4w,cand,sarc_linear_q4gsw_coopmat_sweep_t128x256k32g42s32f32c_texture3d_texture2d_half,2048,4096,4096,6.632,10.362
780m,8b,4w,cand,sarc_linear_q4gsw_coopmat_sweep_t128x256k32g42s32f32c_texture3d_texture2d_half,2048,14336,4096,23.5236,10.225
780m,8b,4w,cand,sarc_linear_q4gsw_coopmat_sweep_t128x256k32g42s32f32c_texture3d_texture2d_half,2048,14336,4096,23.4907,10.239
780m,8b,4w,cand,sarc_linear_q4gsw_coopmat_sweep_t128x256k32g42s32f32c_texture3d_texture2d_half,2048,4096,14336,23.1507,10.389
780m,8b,4w,cand,sarc_linear_q4gsw_coopmat_sweep_t128x256k32g42s32f32c_texture3d_texture2d_half,2048,4096,4096,6.8442,10.04
780m,8b,4w,cand,sarc_linear_q4gsw_coopmat_sweep_t128x256k32g42s32f32c_texture3d_texture2d_half,2048,1024,4096,1.8449,9.312
780m,8b,4w,cand,sarc_linear_q4gsw_coopmat_sweep_t128x256k32g42s32f32c_texture3d_texture2d_half,2048,1024,4096,1.8079,9.503
780m,8b,4w,cand,sarc_linear_q4gsw_coopmat_sweep_t128x256k32g42s32f32c_texture3d_texture2d_half,2048,4096,4096,6.5957,10.419
780m,8b,4w,cand,sarc_linear_q4gsw_coopmat_sweep_t128x256k32g42s32f32c_texture3d_texture2d_half,2048,14336,4096,22.2963,10.787
780m,8b,4w,cand,sarc_linear_q4gsw_coopmat_sweep_t128x256k32g42s32f32c_texture3d_texture2d_half,2048,14336,4096,23.8588,10.081
780m,8b,4w,cand,sarc_linear_q4gsw_coopmat_sweep_t128x256k32g42s32f32c_texture3d_texture2d_half,2048,4096,14336,23.2564,10.342
780m,8b,4w,cand,sarc_linear_q4gsw_coopmat_sweep_t128x256k32g42s32f32c_texture3d_texture2d_half,2048,4096,4096,6.8597,10.018
780m,8b,4w,cand,sarc_linear_q4gsw_coopmat_sweep_t128x256k32g42s32f32c_texture3d_texture2d_half,2048,1024,4096,1.8516,9.279
780m,8b,4w,cand,sarc_linear_q4gsw_coopmat_sweep_t128x256k32g42s32f32c_texture3d_texture2d_half,2048,1024,4096,1.7731,9.689
780m,8b,4w,cand,sarc_linear_q4gsw_coopmat_sweep_t128x256k32g42s32f32c_texture3d_texture2d_half,2048,4096,4096,6.6013,10.41
780m,8b,4w,cand,sarc_linear_q4gsw_coopmat_sweep_t128x256k32g42s32f32c_texture3d_texture2d_half,2048,14336,4096,23.1385,10.395
780m,8b,4w,cand,sarc_linear_q4gsw_coopmat_sweep_t128x256k32g42s32f32c_texture3d_texture2d_half,2048,14336,4096,22.4298,10.723
780m,8b,4w,cand,sarc_linear_q4gsw_coopmat_sweep_t128x256k32g42s32f32c_texture3d_texture2d_half,2048,4096,14336,22.5838,10.65
780m,8b,4w,cand,sarc_linear_q4gsw_coopmat_sweep_t128x256k32g42s32f32c_texture3d_texture2d_half,2048,4096,4096,6.8246,10.069
780m,8b,4w,cand,sarc_linear_q4gsw_coopmat_sweep_t128x256k32g42s32f32c_texture3d_texture2d_half,2048,1024,4096,1.813,9.476
780m,8b,4w,cand,sarc_linear_q4gsw_coopmat_sweep_t128x256k32g42s32f32c_texture3d_texture2d_half,2048,1024,4096,1.7986,9.552
780m,8b,4w,cand,sarc_linear_q4gsw_coopmat_sweep_t128x256k32g42s32f32c_texture3d_texture2d_half,2048,4096,4096,6.6058,10.403
780m,8b,4w,cand,sarc_linear_q4gsw_coopmat_sweep_t128x256k32g42s32f32c_texture3d_texture2d_half,2048,14336,4096,22.2543,10.808
780m,8b,4w,cand,sarc_linear_q4gsw_coopmat_sweep_t128x256k32g42s32f32c_texture3d_texture2d_half,2048,14336,4096,23.6233,10.181
780m,8b,4w,cand,sarc_linear_q4gsw_coopmat_sweep_t128x256k32g42s32f32c_texture3d_texture2d_half,2048,4096,14336,23.3061,10.32
780m,8b,4w,cand,sarc_linear_q4gsw_coopmat_sweep_t128x256k32g42s32f32c_texture3d_texture2d_half,2048,4096,4096,6.8422,10.043
780m,8b,4w,cand,sarc_linear_q4gsw_coopmat_sweep_t128x256k32g42s32f32c_texture3d_texture2d_half,2048,1024,4096,1.8404,9.335
780m,8b,4w,cand,sarc_linear_q4gsw_coopmat_sweep_t128x256k32g42s32f32c_texture3d_texture2d_half,2048,1024,4096,1.8048,9.519
780m,8b,4w,cand,sarc_linear_q4gsw_coopmat_sweep_t128x256k32g42s32f32c_texture3d_texture2d_half,2048,4096,4096,6.5408,10.506
780m,8b,4w,cand,sarc_linear_q4gsw_coopmat_sweep_t128x256k32g42s32f32c_texture3d_texture2d_half,2048,14336,4096,23.4828,10.242
780m,8b,4w,cand,sarc_linear_q4gsw_coopmat_sweep_t128x256k32g42s32f32c_texture3d_texture2d_half,2048,14336,4096,22.4501,10.713
780m,8b,4w,cand,sarc_linear_q4gsw_coopmat_sweep_t128x256k32g42s32f32c_texture3d_texture2d_half,2048,4096,14336,23.2044,10.365
780m,8b,4w,cand,sarc_linear_q4gsw_coopmat_sweep_t128x256k32g42s32f32c_texture3d_texture2d_half,2048,4096,4096,6.9794,9.846
780m,8b,4w,cand,sarc_linear_q4gsw_coopmat_sweep_t128x256k32g42s32f32c_texture3d_texture2d_half,2048,1024,4096,1.8264,9.406
780m,8b,4w,cand,sarc_linear_q4gsw_coopmat_sweep_t128x256k32g42s32f32c_texture3d_texture2d_half,2048,1024,4096,1.7981,9.555
780m,8b,4w,cand,sarc_linear_q4gsw_coopmat_sweep_t128x256k32g42s32f32c_texture3d_texture2d_half,2048,4096,4096,6.6214,10.378
780m,8b,4w,cand,sarc_linear_q4gsw_coopmat_sweep_t128x256k32g42s32f32c_texture3d_texture2d_half,2048,14336,4096,23.2925,10.326
780m,8b,4w,cand,sarc_linear_q4gsw_coopmat_sweep_t128x256k32g42s32f32c_texture3d_texture2d_half,2048,14336,4096,23.7219,10.139
780m,8b,4w,cand,sarc_linear_q4gsw_coopmat_sweep_t128x256k32g42s32f32c_texture3d_texture2d_half,2048,4096,14336,22.5044,10.688
780m,8b,4w,cand,sarc_linear_q4gsw_coopmat_sweep_t128x256k32g42s32f32c_texture3d_texture2d_half,2048,4096,4096,6.9159,9.936
780m,8b,4w,cand,sarc_linear_q4gsw_coopmat_sweep_t128x256k32g42s32f32c_texture3d_texture2d_half,2048,1024,4096,1.8158,9.461
780m,8b,4w,cand,sarc_linear_q4gsw_coopmat_sweep_t128x256k32g42s32f32c_texture3d_texture2d_half,2048,1024,4096,1.7589,9.768
780m,8b,4w,cand,sarc_linear_q4gsw_coopmat_sweep_t128x256k32g42s32f32c_texture3d_texture2d_half,2048,4096,4096,6.6313,10.363
780m,8b,4w,cand,sarc_linear_q4gsw_coopmat_sweep_t128x256k32g42s32f32c_texture3d_texture2d_half,2048,14336,4096,23.3017,10.322
780m,8b,4w,cand,sarc_linear_q4gsw_coopmat_sweep_t128x256k32g42s32f32c_texture3d_texture2d_half,2048,14336,4096,23.455,10.254
780m,8b,4w,cand,sarc_linear_q4gsw_coopmat_sweep_t128x256k32g42s32f32c_texture3d_texture2d_half,2048,4096,14336,22.5144,10.683
780m,8b,4w,cand,sarc_linear_q4gsw_coopmat_sweep_t128x256k32g42s32f32c_texture3d_texture2d_half,2048,4096,4096,6.8577,10.021
780m,8b,4w,cand,sarc_linear_q4gsw_coopmat_sweep_t128x256k32g42s32f32c_texture3d_texture2d_half,2048,1024,4096,1.8153,9.464
780m,8b,4w,cand,sarc_linear_q4gsw_coopmat_sweep_t128x256k32g42s32f32c_texture3d_texture2d_half,2048,1024,4096,1.7876,9.611
780m,8b,4w,cand,sarc_linear_q4gsw_coopmat_sweep_t128x256k32g42s32f32c_texture3d_texture2d_half,2048,4096,4096,6.472,10.618
780m,8b,4w,cand,sarc_linear_q4gsw_coopmat_sweep_t128x256k32g42s32f32c_texture3d_texture2d_half,2048,14336,4096,23.3909,10.283
780m,8b,4w,cand,sarc_linear_q4gsw_coopmat_sweep_t128x256k32g42s32f32c_texture3d_texture2d_half,2048,14336,4096,23.3777,10.288
780m,8b,4w,cand,sarc_linear_q4gsw_coopmat_sweep_t128x256k32g42s32f32c_texture3d_texture2d_half,2048,4096,14336,22.9914,10.461
780m,8b,4w,cand,sarc_linear_q4gsw_coopmat_sweep_t128x256k32g42s32f32c_texture3d_texture2d_half,2048,4096,4096,6.9038,9.954
780m,8b,4w,cand,sarc_linear_q4gsw_coopmat_sweep_t128x256k32g42s32f32c_texture3d_texture2d_half,2048,1024,4096,1.815,9.465
780m,8b,4w,cand,sarc_linear_q4gsw_coopmat_sweep_t128x256k32g42s32f32c_texture3d_texture2d_half,2048,1024,4096,1.7582,9.771
780m,8b,4w,cand,sarc_linear_q4gsw_coopmat_sweep_t128x256k32g42s32f32c_texture3d_texture2d_half,2048,4096,4096,6.7723,10.147
780m,8b,4w,cand,sarc_linear_q4gsw_coopmat_sweep_t128x256k32g42s32f32c_texture3d_texture2d_half,2048,14336,4096,23.3417,10.304
780m,8b,4w,cand,sarc_linear_q4gsw_coopmat_sweep_t128x256k32g42s32f32c_texture3d_texture2d_half,2048,14336,4096,23.5767,10.202
780m,8b,4w,cand,sarc_linear_q4gsw_coopmat_sweep_t128x256k32g42s32f32c_texture3d_texture2d_half,2048,4096,14336,22.5977,10.643
780m,8b,4w,cand,sarc_linear_q4gsw_coopmat_sweep_t128x256k32g42s32f32c_texture3d_texture2d_half,2048,4096,4096,6.5612,10.474
780m,8b,4w,cand,sarc_linear_q4gsw_coopmat_sweep_t128x256k32g42s32f32c_texture3d_texture2d_half,2048,1024,4096,1.8418,9.328
780m,8b,4w,cand,sarc_linear_q4gsw_coopmat_sweep_t128x256k32g42s32f32c_texture3d_texture2d_half,2048,1024,4096,1.8238,9.42
780m,8b,4w,cand,sarc_linear_q4gsw_coopmat_sweep_t128x256k32g42s32f32c_texture3d_texture2d_half,2048,4096,4096,6.5657,10.466
780m,8b,4w,cand,sarc_linear_q4gsw_coopmat_sweep_t128x256k32g42s32f32c_texture3d_texture2d_half,2048,14336,4096,22.32,10.776
780m,8b,4w,cand,sarc_linear_q4gsw_coopmat_sweep_t128x256k32g42s32f32c_texture3d_texture2d_half,2048,14336,4096,22.5718,10.656
780m,8b,4w,cand,sarc_linear_q4gsw_coopmat_sweep_t128x256k32g42s32f32c_texture3d_texture2d_half,2048,4096,14336,23.3899,10.283
780m,8b,4w,cand,sarc_linear_q4gsw_coopmat_sweep_t128x256k32g42s32f32c_texture3d_texture2d_half,2048,4096,4096,6.8892,9.975
780m,8b,4w,cand,sarc_linear_q4gsw_coopmat_sweep_t128x256k32g42s32f32c_texture3d_texture2d_half,2048,1024,4096,1.8054,9.516
780m,8b,4w,cand,sarc_linear_q4gsw_coopmat_sweep_t128x256k32g42s32f32c_texture3d_texture2d_half,2048,1024,4096,1.7459,9.84
780m,8b,4w,cand,sarc_linear_q4gsw_coopmat_sweep_t128x256k32g42s32f32c_texture3d_texture2d_half,2048,4096,4096,6.7121,10.238
780m,8b,4w,cand,sarc_linear_q4gsw_coopmat_sweep_t128x256k32g42s32f32c_texture3d_texture2d_half,2048,14336,4096,23.6588,10.166
780m,8b,4w,cand,sarc_linear_q4gsw_coopmat_sweep_t128x256k32g42s32f32c_texture3d_texture2d_half,2048,14336,4096,23.3635,10.295
780m,8b,4w,cand,sarc_linear_q4gsw_coopmat_sweep_t128x256k32g42s32f32c_texture3d_texture2d_half,2048,4096,14336,22.4542,10.712
780m,8b,4w,cand,sarc_linear_q4gsw_coopmat_sweep_t128x256k32g42s32f32c_texture3d_texture2d_half,2048,4096,4096,6.9671,9.863
780m,8b,4w,cand,sarc_linear_q4gsw_coopmat_sweep_t128x256k32g42s32f32c_texture3d_texture2d_half,2048,1024,4096,1.83,9.388
780m,8b,4w,cand,sarc_linear_q4gsw_coopmat_sweep_t128x256k32g42s32f32c_texture3d_texture2d_half,2048,1024,4096,1.8168,9.456
780m,8b,4w,cand,sarc_linear_q4gsw_coopmat_sweep_t128x256k32g42s32f32c_texture3d_texture2d_half,2048,4096,4096,6.5732,10.454
780m,8b,4w,cand,sarc_linear_q4gsw_coopmat_sweep_t128x256k32g42s32f32c_texture3d_texture2d_half,2048,14336,4096,23.5837,10.198
780m,8b,4w,cand,sarc_linear_q4gsw_coopmat_sweep_t128x256k32g42s32f32c_texture3d_texture2d_half,2048,14336,4096,23.6789,10.157
780m,8b,4w,cand,sarc_linear_q4gsw_coopmat_sweep_t128x256k32g42s32f32c_texture3d_texture2d_half,2048,4096,14336,22.458,10.71
780m,8b,4w,cand,sarc_linear_q4gsw_coopmat_sweep_t128x256k32g42s32f32c_texture3d_texture2d_half,2048,4096,4096,6.925,9.923
780m,8b,4w,cand,sarc_linear_q4gsw_coopmat_sweep_t128x256k32g42s32f32c_texture3d_texture2d_half,2048,1024,4096,1.8209,9.435
780m,8b,4w,cand,sarc_linear_q4gsw_coopmat_sweep_t128x256k32g42s32f32c_texture3d_texture2d_half,2048,1024,4096,1.8138,9.472
780m,8b,4w,cand,sarc_linear_q4gsw_coopmat_sweep_t128x256k32g42s32f32c_texture3d_texture2d_half,2048,4096,4096,6.5522,10.488
780m,8b,4w,cand,sarc_linear_q4gsw_coopmat_sweep_t128x256k32g42s32f32c_texture3d_texture2d_half,2048,14336,4096,23.4578,10.253
780m,8b,4w,cand,sarc_linear_q4gsw_coopmat_sweep_t128x256k32g42s32f32c_texture3d_texture2d_half,2048,14336,4096,23.1935,10.37
780m,8b,4w,cand,sarc_linear_q4gsw_coopmat_sweep_t128x256k32g42s32f32c_texture3d_texture2d_half,2048,4096,14336,22.9887,10.462
780m,8b,4w,cand,sarc_linear_q4gsw_coopmat_sweep_t128x256k32g42s32f32c_texture3d_texture2d_half,2048,4096,4096,6.8796,9.989
780m,8b,4w,cand,sarc_linear_q4gsw_coopmat_sweep_t128x256k32g42s32f32c_texture3d_texture2d_half,2048,1024,4096,1.8309,9.383
780m,8b,4w,cand,sarc_linear_q4gsw_coopmat_sweep_t128x256k32g42s32f32c_texture3d_texture2d_half,2048,1024,4096,1.7938,9.577
780m,8b,4w,cand,sarc_linear_q4gsw_coopmat_sweep_t128x256k32g42s32f32c_texture3d_texture2d_half,2048,4096,4096,6.5583,10.478
780m,8b,4w,cand,sarc_linear_q4gsw_coopmat_sweep_t128x256k32g42s32f32c_texture3d_texture2d_half,2048,14336,4096,23.315,10.316
780m,8b,4w,cand,sarc_linear_q4gsw_coopmat_sweep_t128x256k32g42s32f32c_texture3d_texture2d_half,2048,14336,4096,22.5676,10.658
780m,8b,4w,cand,sarc_linear_q4gsw_coopmat_sweep_t128x256k32g42s32f32c_texture3d_texture2d_half,2048,4096,14336,23.2756,10.333
780m,8b,4w,parent,sarc_linear_q4gsw_coopmat_sweep_t128x256k32g42s32f32c_texture3d_texture2d_half,2048,4096,4096,6.438,10.674
780m,8b,4w,parent,sarc_linear_q4gsw_coopmat_sweep_t128x256k32g42s32f32c_texture3d_texture2d_half,2048,1024,4096,1.6807,10.222
780m,8b,4w,parent,sarc_linear_q4gsw_coopmat_sweep_t128x256k32g42s32f32c_texture3d_texture2d_half,2048,1024,4096,1.6846,10.198
780m,8b,4w,parent,sarc_linear_q4gsw_coopmat_sweep_t128x256k32g42s32f32c_texture3d_texture2d_half,2048,4096,4096,6.5359,10.514
780m,8b,4w,parent,sarc_linear_q4gsw_coopmat_sweep_t128x256k32g42s32f32c_texture3d_texture2d_half,2048,14336,4096,23.1258,10.4
780m,8b,4w,parent,sarc_linear_q4gsw_coopmat_sweep_t128x256k32g42s32f32c_texture3d_texture2d_half,2048,14336,4096,23.2087,10.363
780m,8b,4w,parent,sarc_linear_q4gsw_coopmat_sweep_t128x256k32g42s32f32c_texture3d_texture2d_half,2048,4096,14336,23.1199,10.403
780m,8b,4w,parent,sarc_linear_q4gsw_coopmat_sweep_t128x256k32g42s32f32c_texture3d_texture2d_half,2048,4096,4096,6.6184,10.383
780m,8b,4w,parent,sarc_linear_q4gsw_coopmat_sweep_t128x256k32g42s32f32c_texture3d_texture2d_half,2048,1024,4096,1.726,9.954
780m,8b,4w,parent,sarc_linear_q4gsw_coopmat_sweep_t128x256k32g42s32f32c_texture3d_texture2d_half,2048,1024,4096,1.7224,9.974
780m,8b,4w,parent,sarc_linear_q4gsw_coopmat_sweep_t128x256k32g42s32f32c_texture3d_texture2d_half,2048,4096,4096,6.6228,10.376
780m,8b,4w,parent,sarc_linear_q4gsw_coopmat_sweep_t128x256k32g42s32f32c_texture3d_texture2d_half,2048,14336,4096,23.3614,10.296
780m,8b,4w,parent,sarc_linear_q4gsw_coopmat_sweep_t128x256k32g42s32f32c_texture3d_texture2d_half,2048,14336,4096,23.0676,10.427
780m,8b,4w,parent,sarc_linear_q4gsw_coopmat_sweep_t128x256k32g42s32f32c_texture3d_texture2d_half,2048,4096,14336,23.1688,10.381
780m,8b,4w,parent,sarc_linear_q4gsw_coopmat_sweep_t128x256k32g42s32f32c_texture3d_texture2d_half,2048,4096,4096,6.6153,10.388
780m,8b,4w,parent,sarc_linear_q4gsw_coopmat_sweep_t128x256k32g42s32f32c_texture3d_texture2d_half,2048,1024,4096,1.714,10.023
780m,8b,4w,parent,sarc_linear_q4gsw_coopmat_sweep_t128x256k32g42s32f32c_texture3d_texture2d_half,2048,1024,4096,1.7191,9.993
780m,8b,4w,parent,sarc_linear_q4gsw_coopmat_sweep_t128x256k32g42s32f32c_texture3d_texture2d_half,2048,4096,4096,6.5726,10.455
780m,8b,4w,parent,sarc_linear_q4gsw_coopmat_sweep_t128x256k32g42s32f32c_texture3d_texture2d_half,2048,14336,4096,22.786,10.556
780m,8b,4w,parent,sarc_linear_q4gsw_coopmat_sweep_t128x256k32g42s32f32c_texture3d_texture2d_half,2048,14336,4096,23.0957,10.414
780m,8b,4w,parent,sarc_linear_q4gsw_coopmat_sweep_t128x256k32g42s32f32c_texture3d_texture2d_half,2048,4096,14336,22.9848,10.464
780m,8b,4w,parent,sarc_linear_q4gsw_coopmat_sweep_t128x256k32g42s32f32c_texture3d_texture2d_half,2048,4096,4096,6.6464,10.339
780m,8b,4w,parent,sarc_linear_q4gsw_coopmat_sweep_t128x256k32g42s32f32c_texture3d_texture2d_half,2048,1024,4096,1.7172,10.005
780m,8b,4w,parent,sarc_linear_q4gsw_coopmat_sweep_t128x256k32g42s32f32c_texture3d_texture2d_half,2048,1024,4096,1.7276,9.944
780m,8b,4w,parent,sarc_linear_q4gsw_coopmat_sweep_t128x256k32g42s32f32c_texture3d_texture2d_half,2048,4096,4096,6.5948,10.42
780m,8b,4w,parent,sarc_linear_q4gsw_coopmat_sweep_t128x256k32g42s32f32c_texture3d_texture2d_half,2048,14336,4096,23.2244,10.356
780m,8b,4w,parent,sarc_linear_q4gsw_coopmat_sweep_t128x256k32g42s32f32c_texture3d_texture2d_half,2048,14336,4096,23.0208,10.448
780m,8b,4w,parent,sarc_linear_q4gsw_coopmat_sweep_t128x256k32g42s32f32c_texture3d_texture2d_half,2048,4096,14336,22.9173,10.495
780m,8b,4w,parent,sarc_linear_q4gsw_coopmat_sweep_t128x256k32g42s32f32c_texture3d_texture2d_half,2048,4096,4096,6.6452,10.341
780m,8b,4w,parent,sarc_linear_q4gsw_coopmat_sweep_t128x256k32g42s32f32c_texture3d_texture2d_half,2048,1024,4096,1.724,9.965
780m,8b,4w,parent,sarc_linear_q4gsw_coopmat_sweep_t128x256k32g42s32f32c_texture3d_texture2d_half,2048,1024,4096,1.7245,9.962
780m,8b,4w,parent,sarc_linear_q4gsw_coopmat_sweep_t128x256k32g42s32f32c_texture3d_texture2d_half,2048,4096,4096,6.4772,10.609
780m,8b,4w,parent,sarc_linear_q4gsw_coopmat_sweep_t128x256k32g42s32f32c_texture3d_texture2d_half,2048,14336,4096,23.1291,10.399
780m,8b,4w,parent,sarc_linear_q4gsw_coopmat_sweep_t128x256k32g42s32f32c_texture3d_texture2d_half,2048,14336,4096,23.245,10.347
780m,8b,4w,parent,sarc_linear_q4gsw_coopmat_sweep_t128x256k32g42s32f32c_texture3d_texture2d_half,2048,4096,14336,22.9366,10.486
780m,8b,4w,parent,sarc_linear_q4gsw_coopmat_sweep_t128x256k32g42s32f32c_texture3d_texture2d_half,2048,4096,4096,6.6864,10.278
780m,8b,4w,parent,sarc_linear_q4gsw_coopmat_sweep_t128x256k32g42s32f32c_texture3d_texture2d_half,2048,1024,4096,1.7232,9.97
780m,8b,4w,parent,sarc_linear_q4gsw_coopmat_sweep_t128x256k32g42s32f32c_texture3d_texture2d_half,2048,1024,4096,1.7273,9.946
780m,8b,4w,parent,sarc_linear_q4gsw_coopmat_sweep_t128x256k32g42s32f32c_texture3d_texture2d_half,2048,4096,4096,6.5632,10.47
780m,8b,4w,parent,sarc_linear_q4gsw_coopmat_sweep_t128x256k32g42s32f32c_texture3d_texture2d_half,2048,14336,4096,23.0793,10.421
780m,8b,4w,parent,sarc_linear_q4gsw_coopmat_sweep_t128x256k32g42s32f32c_texture3d_texture2d_half,2048,14336,4096,23.1623,10.384
780m,8b,4w,parent,sarc_linear_q4gsw_coopmat_sweep_t128x256k32g42s32f32c_texture3d_texture2d_half,2048,4096,14336,23.0564,10.432
780m,8b,4w,parent,sarc_linear_q4gsw_coopmat_sweep_t128x256k32g42s32f32c_texture3d_texture2d_half,2048,4096,4096,6.6242,10.374
780m,8b,4w,parent,sarc_linear_q4gsw_coopmat_sweep_t128x256k32g42s32f32c_texture3d_texture2d_half,2048,1024,4096,1.7192,9.993
780m,8b,4w,parent,sarc_linear_q4gsw_coopmat_sweep_t128x256k32g42s32f32c_texture3d_texture2d_half,2048,1024,4096,1.711,10.041
780m,8b,4w,parent,sarc_linear_q4gsw_coopmat_sweep_t128x256k32g42s32f32c_texture3d_texture2d_half,2048,4096,4096,6.5835,10.438
780m,8b,4w,parent,sarc_linear_q4gsw_coopmat_sweep_t128x256k32g42s32f32c_texture3d_texture2d_half,2048,14336,4096,23.1865,10.373
780m,8b,4w,parent,sarc_linear_q4gsw_coopmat_sweep_t128x256k32g42s32f32c_texture3d_texture2d_half,2048,14336,4096,23.0317,10.443
780m,8b,4w,parent,sarc_linear_q4gsw_coopmat_sweep_t128x256k32g42s32f32c_texture3d_texture2d_half,2048,4096,14336,23.0441,10.437
780m,8b,4w,parent,sarc_linear_q4gsw_coopmat_sweep_t128x256k32g42s32f32c_texture3d_texture2d_half,2048,4096,4096,6.653,10.329
780m,8b,4w,parent,sarc_linear_q4gsw_coopmat_sweep_t128x256k32g42s32f32c_texture3d_texture2d_half,2048,1024,4096,1.7027,10.09
780m,8b,4w,parent,sarc_linear_q4gsw_coopmat_sweep_t128x256k32g42s32f32c_texture3d_texture2d_half,2048,1024,4096,1.7039,10.083
780m,8b,4w,parent,sarc_linear_q4gsw_coopmat_sweep_t128x256k32g42s32f32c_texture3d_texture2d_half,2048,4096,4096,6.6373,10.354
780m,8b,4w,parent,sarc_linear_q4gsw_coopmat_sweep_t128x256k32g42s32f32c_texture3d_texture2d_half,2048,14336,4096,23.151,10.389
780m,8b,4w,parent,sarc_linear_q4gsw_coopmat_sweep_t128x256k32g42s32f32c_texture3d_texture2d_half,2048,14336,4096,23.1402,10.394
780m,8b,4w,parent,sarc_linear_q4gsw_coopmat_sweep_t128x256k32g42s32f32c_texture3d_texture2d_half,2048,4096,14336,22.916,10.496
780m,8b,4w,parent,sarc_linear_q4gsw_coopmat_sweep_t128x256k32g42s32f32c_texture3d_texture2d_half,2048,4096,4096,6.6684,10.305
780m,8b,4w,parent,sarc_linear_q4gsw_coopmat_sweep_t128x256k32g42s32f32c_texture3d_texture2d_half,2048,1024,4096,1.7246,9.961
780m,8b,4w,parent,sarc_linear_q4gsw_coopmat_sweep_t128x256k32g42s32f32c_texture3d_texture2d_half,2048,1024,4096,1.7307,9.926
780m,8b,4w,parent,sarc_linear_q4gsw_coopmat_sweep_t128x256k32g42s32f32c_texture3d_texture2d_half,2048,4096,4096,6.6053,10.404
780m,8b,4w,parent,sarc_linear_q4gsw_coopmat_sweep_t128x256k32g42s32f32c_texture3d_texture2d_half,2048,14336,4096,22.9322,10.488
780m,8b,4w,parent,sarc_linear_q4gsw_coopmat_sweep_t128x256k32g42s32f32c_texture3d_texture2d_half,2048,14336,4096,23.1224,10.402
780m,8b,4w,parent,sarc_linear_q4gsw_coopmat_sweep_t128x256k32g42s32f32c_texture3d_texture2d_half,2048,4096,14336,23.0137,10.451
780m,8b,4w,parent,sarc_linear_q4gsw_coopmat_sweep_t128x256k32g42s32f32c_texture3d_texture2d_half,2048,4096,4096,6.5724,10.456
780m,8b,4w,parent,sarc_linear_q4gsw_coopmat_sweep_t128x256k32g42s32f32c_texture3d_texture2d_half,2048,1024,4096,1.7258,9.954
780m,8b,4w,parent,sarc_linear_q4gsw_coopmat_sweep_t128x256k32g42s32f32c_texture3d_texture2d_half,2048,1024,4096,1.7204,9.986
780m,8b,4w,parent,sarc_linear_q4gsw_coopmat_sweep_t128x256k32g42s32f32c_texture3d_texture2d_half,2048,4096,4096,6.5898,10.428
780m,8b,4w,parent,sarc_linear_q4gsw_coopmat_sweep_t128x256k32g42s32f32c_texture3d_texture2d_half,2048,14336,4096,22.8142,10.542
780m,8b,4w,parent,sarc_linear_q4gsw_coopmat_sweep_t128x256k32g42s32f32c_texture3d_texture2d_half,2048,14336,4096,23.1914,10.371
780m,8b,4w,parent,sarc_linear_q4gsw_coopmat_sweep_t128x256k32g42s32f32c_texture3d_texture2d_half,2048,4096,14336,22.9496,10.48
780m,8b,4w,parent,sarc_linear_q4gsw_coopmat_sweep_t128x256k32g42s32f32c_texture3d_texture2d_half,2048,4096,4096,6.6128,10.392
780m,8b,4w,parent,sarc_linear_q4gsw_coopmat_sweep_t128x256k32g42s32f32c_texture3d_texture2d_half,2048,1024,4096,1.7359,9.897
780m,8b,4w,parent,sarc_linear_q4gsw_coopmat_sweep_t128x256k32g42s32f32c_texture3d_texture2d_half,2048,1024,4096,1.7253,9.958
780m,8b,4w,parent,sarc_linear_q4gsw_coopmat_sweep_t128x256k32g42s32f32c_texture3d_texture2d_half,2048,4096,4096,6.5041,10.566
780m,8b,4w,parent,sarc_linear_q4gsw_coopmat_sweep_t128x256k32g42s32f32c_texture3d_texture2d_half,2048,14336,4096,22.9616,10.475
780m,8b,4w,parent,sarc_linear_q4gsw_coopmat_sweep_t128x256k32g42s32f32c_texture3d_texture2d_half,2048,14336,4096,23.111,10.407
780m,8b,4w,parent,sarc_linear_q4gsw_coopmat_sweep_t128x256k32g42s32f32c_texture3d_texture2d_half,2048,4096,14336,22.9631,10.474
780m,8b,4w,parent,sarc_linear_q4gsw_coopmat_sweep_t128x256k32g42s32f32c_texture3d_texture2d_half,2048,4096,4096,6.6858,10.278
780m,8b,4w,parent,sarc_linear_q4gsw_coopmat_sweep_t128x256k32g42s32f32c_texture3d_texture2d_half,2048,1024,4096,1.7382,9.883
780m,8b,4w,parent,sarc_linear_q4gsw_coopmat_sweep_t128x256k32g42s32f32c_texture3d_texture2d_half,2048,1024,4096,1.7231,9.97
780m,8b,4w,parent,sarc_linear_q4gsw_coopmat_sweep_t128x256k32g42s32f32c_texture3d_texture2d_half,2048,4096,4096,6.5907,10.427
780m,8b,4w,parent,sarc_linear_q4gsw_coopmat_sweep_t128x256k32g42s32f32c_texture3d_texture2d_half,2048,14336,4096,23.1924,10.371
780m,8b,4w,parent,sarc_linear_q4gsw_coopmat_sweep_t128x256k32g42s32f32c_texture3d_texture2d_half,2048,14336,4096,23.2258,10.356
780m,8b,4w,parent,sarc_linear_q4gsw_coopmat_sweep_t128x256k32g42s32f32c_texture3d_texture2d_half,2048,4096,14336,22.9254,10.491
780m,8b,4w,parent,sarc_linear_q4gsw_coopmat_sweep_t128x256k32g42s32f32c_texture3d_texture2d_half,2048,4096,4096,6.6648,10.311
780m,8b,4w,parent,sarc_linear_q4gsw_coopmat_sweep_t128x256k32g42s32f32c_texture3d_texture2d_half,2048,1024,4096,1.7281,9.942
780m,8b,4w,parent,sarc_linear_q4gsw_coopmat_sweep_t128x256k32g42s32f32c_texture3d_texture2d_half,2048,1024,4096,1.7288,9.937
780m,8b,4w,parent,sarc_linear_q4gsw_coopmat_sweep_t128x256k32g42s32f32c_texture3d_texture2d_half,2048,4096,4096,6.5264,10.529
780m,8b,4w,parent,sarc_linear_q4gsw_coopmat_sweep_t128x256k32g42s32f32c_texture3d_texture2d_half,2048,14336,4096,23.171,10.38
780m,8b,4w,parent,sarc_linear_q4gsw_coopmat_sweep_t128x256k32g42s32f32c_texture3d_texture2d_half,2048,14336,4096,23.1606,10.385
780m,8b,4w,parent,sarc_linear_q4gsw_coopmat_sweep_t128x256k32g42s32f32c_texture3d_texture2d_half,2048,4096,14336,22.9889,10.462
780m,8b,4w,parent,sarc_linear_q4gsw_coopmat_sweep_t128x256k32g42s32f32c_texture3d_texture2d_half,2048,4096,4096,6.6394,10.35
780m,8b,4w,parent,sarc_linear_q4gsw_coopmat_sweep_t128x256k32g42s32f32c_texture3d_texture2d_half,2048,1024,4096,1.7248,9.96
780m,8b,4w,parent,sarc_linear_q4gsw_coopmat_sweep_t128x256k32g42s32f32c_texture3d_texture2d_half,2048,1024,4096,1.7254,9.957
780m,8b,4w,parent,sarc_linear_q4gsw_coopmat_sweep_t128x256k32g42s32f32c_texture3d_texture2d_half,2048,4096,4096,6.5855,10.435
780m,8b,4w,parent,sarc_linear_q4gsw_coopmat_sweep_t128x256k32g42s32f32c_texture3d_texture2d_half,2048,14336,4096,22.8936,10.506
780m,8b,4w,parent,sarc_linear_q4gsw_coopmat_sweep_t128x256k32g42s32f32c_texture3d_texture2d_half,2048,14336,4096,23.2286,10.354
780m,8b,4w,parent,sarc_linear_q4gsw_coopmat_sweep_t128x256k32g42s32f32c_texture3d_texture2d_half,2048,4096,14336,22.9828,10.465
780m,8b,4w,parent,sarc_linear_q4gsw_coopmat_sweep_t128x256k32g42s32f32c_texture3d_texture2d_half,2048,4096,4096,6.6964,10.262
780m,8b,4w,parent,sarc_linear_q4gsw_coopmat_sweep_t128x256k32g42s32f32c_texture3d_texture2d_half,2048,1024,4096,1.7232,9.97
780m,8b,4w,parent,sarc_linear_q4gsw_coopmat_sweep_t128x256k32g42s32f32c_texture3d_texture2d_half,2048,1024,4096,1.7181,9.999
780m,8b,4w,parent,sarc_linear_q4gsw_coopmat_sweep_t128x256k32g42s32f32c_texture3d_texture2d_half,2048,4096,4096,6.5646,10.468
780m,8b,4w,parent,sarc_linear_q4gsw_coopmat_sweep_t128x256k32g42s32f32c_texture3d_texture2d_half,2048,14336,4096,23.2719,10.335
780m,8b,4w,parent,sarc_linear_q4gsw_coopmat_sweep_t128x256k32g42s32f32c_texture3d_texture2d_half,2048,14336,4096,23.2406,10.349
780m,8b,4w,parent,sarc_linear_q4gsw_coopmat_sweep_t128x256k32g42s32f32c_texture3d_texture2d_half,2048,4096,14336,23.0699,10.426
780m,8b,4w,parent,sarc_linear_q4gsw_coopmat_sweep_t128x256k32g42s32f32c_texture3d_texture2d_half,2048,4096,4096,6.68,10.287
780m,8b,4w,parent,sarc_linear_q4gsw_coopmat_sweep_t128x256k32g42s32f32c_texture3d_texture2d_half,2048,1024,4096,1.7306,9.927
780m,8b,4w,parent,sarc_linear_q4gsw_coopmat_sweep_t128x256k32g42s32f32c_texture3d_texture2d_half,2048,1024,4096,1.7279,9.943
780m,8b,4w,parent,sarc_linear_q4gsw_coopmat_sweep_t128x256k32g42s32f32c_texture3d_texture2d_half,2048,4096,4096,6.5771,10.448
780m,8b,4w,parent,sarc_linear_q4gsw_coopmat_sweep_t128x256k32g42s32f32c_texture3d_texture2d_half,2048,14336,4096,23.266,10.338
780m,8b,4w,parent,sarc_linear_q4gsw_coopmat_sweep_t128x256k32g42s32f32c_texture3d_texture2d_half,2048,14336,4096,23.1711,10.38
780m,8b,4w,parent,sarc_linear_q4gsw_coopmat_sweep_t128x256k32g42s32f32c_texture3d_texture2d_half,2048,4096,14336,23.2961,10.324
780m,8b,4w,parent,sarc_linear_q4gsw_coopmat_sweep_t128x256k32g42s32f32c_texture3d_texture2d_half,2048,4096,4096,6.5916,10.425
780m,8b,4w,parent,sarc_linear_q4gsw_coopmat_sweep_t128x256k32g42s32f32c_texture3d_texture2d_half,2048,1024,4096,1.7249,9.96
780m,8b,4w,parent,sarc_linear_q4gsw_coopmat_sweep_t128x256k32g42s32f32c_texture3d_texture2d_half,2048,1024,4096,1.7081,10.058
780m,8b,4w,parent,sarc_linear_q4gsw_coopmat_sweep_t128x256k32g42s32f32c_texture3d_texture2d_half,2048,4096,4096,6.643,10.345
780m,8b,4w,parent,sarc_linear_q4gsw_coopmat_sweep_t128x256k32g42s32f32c_texture3d_texture2d_half,2048,14336,4096,23.3746,10.29
780m,8b,4w,parent,sarc_linear_q4gsw_coopmat_sweep_t128x256k32g42s32f32c_texture3d_texture2d_half,2048,14336,4096,23.3618,10.295
780m,8b,4w,parent,sarc_linear_q4gsw_coopmat_sweep_t128x256k32g42s32f32c_texture3d_texture2d_half,2048,4096,14336,23.1622,10.384
780m,8b,4w,parent,sarc_linear_q4gsw_coopmat_sweep_t128x256k32g42s32f32c_texture3d_texture2d_half,2048,4096,4096,6.6722,10.299
780m,8b,4w,parent,sarc_linear_q4gsw_coopmat_sweep_t128x256k32g42s32f32c_texture3d_texture2d_half,2048,1024,4096,1.7651,9.733
780m,8b,4w,parent,sarc_linear_q4gsw_coopmat_sweep_t128x256k32g42s32f32c_texture3d_texture2d_half,2048,1024,4096,1.7374,9.888
780m,8b,4w,parent,sarc_linear_q4gsw_coopmat_sweep_t128x256k32g42s32f32c_texture3d_texture2d_half,2048,4096,4096,6.5198,10.54
780m,8b,4w,parent,sarc_linear_q4gsw_coopmat_sweep_t128x256k32g42s32f32c_texture3d_texture2d_half,2048,14336,4096,23.326,10.311
780m,8b,4w,parent,sarc_linear_q4gsw_coopmat_sweep_t128x256k32g42s32f32c_texture3d_texture2d_half,2048,14336,4096,22.9685,10.472
780m,8b,4w,parent,sarc_linear_q4gsw_coopmat_sweep_t128x256k32g42s32f32c_texture3d_texture2d_half,2048,4096,14336,22.1325,10.867
780m,8b,4w,parent,sarc_linear_q4gsw_coopmat_sweep_t128x256k32g42s32f32c_texture3d_texture2d_half,2048,4096,4096,6.7539,10.175
780m,8b,4w,parent,sarc_linear_q4gsw_coopmat_sweep_t128x256k32g42s32f32c_texture3d_texture2d_half,2048,1024,4096,1.7563,9.782
780m,8b,4w,parent,sarc_linear_q4gsw_coopmat_sweep_t128x256k32g42s32f32c_texture3d_texture2d_half,2048,1024,4096,1.7795,9.654
780m,8b,4w,parent,sarc_linear_q4gsw_coopmat_sweep_t128x256k32g42s32f32c_texture3d_texture2d_half,2048,4096,4096,6.5306,10.523
780m,8b,4w,parent,sarc_linear_q4gsw_coopmat_sweep_t128x256k32g42s32f32c_texture3d_texture2d_half,2048,14336,4096,23.2051,10.365
780m,8b,4w,parent,sarc_linear_q4gsw_coopmat_sweep_t128x256k32g42s32f32c_texture3d_texture2d_half,2048,14336,4096,23.2136,10.361
780m,8b,4w,parent,sarc_linear_q4gsw_coopmat_sweep_t128x256k32g42s32f32c_texture3d_texture2d_half,2048,4096,14336,23.1933,10.37
780m,8b,4w,parent,sarc_linear_q4gsw_coopmat_sweep_t128x256k32g42s32f32c_texture3d_texture2d_half,2048,4096,4096,6.6649,10.311
780m,8b,4w,parent,sarc_linear_q4gsw_coopmat_sweep_t128x256k32g42s32f32c_texture3d_texture2d_half,2048,1024,4096,1.7364,9.894
780m,8b,4w,parent,sarc_linear_q4gsw_coopmat_sweep_t128x256k32g42s32f32c_texture3d_texture2d_half,2048,1024,4096,1.724,9.965
780m,8b,4w,parent,sarc_linear_q4gsw_coopmat_sweep_t128x256k32g42s32f32c_texture3d_texture2d_half,2048,4096,4096,6.5204,10.539
780m,8b,4w,parent,sarc_linear_q4gsw_coopmat_sweep_t128x256k32g42s32f32c_texture3d_texture2d_half,2048,14336,4096,23.288,10.328
780m,8b,4w,parent,sarc_linear_q4gsw_coopmat_sweep_t128x256k32g42s32f32c_texture3d_texture2d_half,2048,14336,4096,23.2225,10.357
780m,8b,4w,parent,sarc_linear_q4gsw_coopmat_sweep_t128x256k32g42s32f32c_texture3d_texture2d_half,2048,4096,14336,22.9082,10.499
780m,8b,4w,parent,sarc_linear_q4gsw_coopmat_sweep_t128x256k32g42s32f32c_texture3d_texture2d_half,2048,4096,4096,6.6566,10.323
780m,8b,4w,parent,sarc_linear_q4gsw_coopmat_sweep_t128x256k32g42s32f32c_texture3d_texture2d_half,2048,1024,4096,1.7378,9.886
780m,8b,4w,parent,sarc_linear_q4gsw_coopmat_sweep_t128x256k32g42s32f32c_texture3d_texture2d_half,2048,1024,4096,1.7281,9.941
780m,8b,4w,parent,sarc_linear_q4gsw_coopmat_sweep_t128x256k32g42s32f32c_texture3d_texture2d_half,2048,4096,4096,6.4421,10.667
780m,8b,4w,parent,sarc_linear_q4gsw_coopmat_sweep_t128x256k32g42s32f32c_texture3d_texture2d_half,2048,14336,4096,23.1922,10.371
780m,8b,4w,parent,sarc_linear_q4gsw_coopmat_sweep_t128x256k32g42s32f32c_texture3d_texture2d_half,2048,14336,4096,23.0732,10.424
780m,8b,4w,parent,sarc_linear_q4gsw_coopmat_sweep_t128x256k32g42s32f32c_texture3d_texture2d_half,2048,4096,14336,23.0454,10.437
780m,8b,4w,parent,sarc_linear_q4gsw_coopmat_sweep_t128x256k32g42s32f32c_texture3d_texture2d_half,2048,4096,4096,6.6856,10.279
780m,8b,4w,parent,sarc_linear_q4gsw_coopmat_sweep_t128x256k32g42s32f32c_texture3d_texture2d_half,2048,1024,4096,1.7344,9.905
780m,8b,4w,parent,sarc_linear_q4gsw_coopmat_sweep_t128x256k32g42s32f32c_texture3d_texture2d_half,2048,1024,4096,1.72,9.989
780m,8b,4w,parent,sarc_linear_q4gsw_coopmat_sweep_t128x256k32g42s32f32c_texture3d_texture2d_half,2048,4096,4096,6.5562,10.482
780m,8b,4w,parent,sarc_linear_q4gsw_coopmat_sweep_t128x256k32g42s32f32c_texture3d_texture2d_half,2048,14336,4096,21.9782,10.943
780m,8b,4w,parent,sarc_linear_q4gsw_coopmat_sweep_t128x256k32g42s32f32c_texture3d_texture2d_half,2048,14336,4096,22.151,10.858
780m,8b,4w,parent,sarc_linear_q4gsw_coopmat_sweep_t128x256k32g42s32f32c_texture3d_texture2d_half,2048,4096,14336,22.909,10.499
780m,8b,4w,parent,sarc_linear_q4gsw_coopmat_sweep_t128x256k32g42s32f32c_texture3d_texture2d_half,2048,4096,4096,6.688,10.275
780m,8b,4w,parent,sarc_linear_q4gsw_coopmat_sweep_t128x256k32g42s32f32c_texture3d_texture2d_half,2048,1024,4096,1.7367,9.892
780m,8b,4w,parent,sarc_linear_q4gsw_coopmat_sweep_t128x256k32g42s32f32c_texture3d_texture2d_half,2048,1024,4096,1.7366,9.893
780m,8b,4w,parent,sarc_linear_q4gsw_coopmat_sweep_t128x256k32g42s32f32c_texture3d_texture2d_half,2048,4096,4096,6.5476,10.495
780m,8b,4w,parent,sarc_linear_q4gsw_coopmat_sweep_t128x256k32g42s32f32c_texture3d_texture2d_half,2048,14336,4096,22.278,10.796
780m,8b,4w,parent,sarc_linear_q4gsw_coopmat_sweep_t128x256k32g42s32f32c_texture3d_texture2d_half,2048,14336,4096,23.1724,10.379
780m,8b,4w,parent,sarc_linear_q4gsw_coopmat_sweep_t128x256k32g42s32f32c_texture3d_texture2d_half,2048,4096,14336,23.0512,10.434
780m,8b,4w,parent,sarc_linear_q4gsw_coopmat_sweep_t128x256k32g42s32f32c_texture3d_texture2d_half,2048,4096,4096,6.6925,10.268
780m,8b,4w,parent,sarc_linear_q4gsw_coopmat_sweep_t128x256k32g42s32f32c_texture3d_texture2d_half,2048,1024,4096,1.7158,10.013
780m,8b,4w,parent,sarc_linear_q4gsw_coopmat_sweep_t128x256k32g42s32f32c_texture3d_texture2d_half,2048,1024,4096,1.7404,9.871
780m,8b,4w,parent,sarc_linear_q4gsw_coopmat_sweep_t128x256k32g42s32f32c_texture3d_texture2d_half,2048,4096,4096,6.5715,10.457
780m,8b,4w,parent,sarc_linear_q4gsw_coopmat_sweep_t128x256k32g42s32f32c_texture3d_texture2d_half,2048,14336,4096,22.0302,10.918
780m,8b,4w,parent,sarc_linear_q4gsw_coopmat_sweep_t128x256k32g42s32f32c_texture3d_texture2d_half,2048,14336,4096,23.4761,10.245
780m,8b,4w,parent,sarc_linear_q4gsw_coopmat_sweep_t128x256k32g42s32f32c_texture3d_texture2d_half,2048,4096,14336,22.037,10.914
780m,8b,4w,parent,sarc_linear_q4gsw_coopmat_sweep_t128x256k32g42s32f32c_texture3d_texture2d_half,2048,4096,4096,6.7494,10.182
780m,8b,4w,parent,sarc_linear_q4gsw_coopmat_sweep_t128x256k32g42s32f32c_texture3d_texture2d_half,2048,1024,4096,1.7454,9.843
780m,8b,4w,parent,sarc_linear_q4gsw_coopmat_sweep_t128x256k32g42s32f32c_texture3d_texture2d_half,2048,1024,4096,1.7478,9.829
780m,8b,4w,parent,sarc_linear_q4gsw_coopmat_sweep_t128x256k32g42s32f32c_texture3d_texture2d_half,2048,4096,4096,6.6151,10.388
780m,8b,4w,parent,sarc_linear_q4gsw_coopmat_sweep_t128x256k32g42s32f32c_texture3d_texture2d_half,2048,14336,4096,21.9377,10.964
780m,8b,4w,parent,sarc_linear_q4gsw_coopmat_sweep_t128x256k32g42s32f32c_texture3d_texture2d_half,2048,14336,4096,23.3552,10.298
780m,8b,4w,parent,sarc_linear_q4gsw_coopmat_sweep_t128x256k32g42s32f32c_texture3d_texture2d_half,2048,4096,14336,22.1929,10.838
780m,8b,4w,parent,sarc_linear_q4gsw_coopmat_sweep_t128x256k32g42s32f32c_texture3d_texture2d_half,2048,4096,4096,6.6448,10.342
780m,8b,4w,parent,sarc_linear_q4gsw_coopmat_sweep_t128x256k32g42s32f32c_texture3d_texture2d_half,2048,1024,4096,1.7452,9.844
780m,8b,4w,parent,sarc_linear_q4gsw_coopmat_sweep_t128x256k32g42s32f32c_texture3d_texture2d_half,2048,1024,4096,1.7334,9.911
780m,8b,4w,parent,sarc_linear_q4gsw_coopmat_sweep_t128x256k32g42s32f32c_texture3d_texture2d_half,2048,4096,4096,6.67,10.303
780m,8b,4w,parent,sarc_linear_q4gsw_coopmat_sweep_t128x256k32g42s32f32c_texture3d_texture2d_half,2048,14336,4096,22.0552,10.905
780m,8b,4w,parent,sarc_linear_q4gsw_coopmat_sweep_t128x256k32g42s32f32c_texture3d_texture2d_half,2048,14336,4096,23.4426,10.26
780m,8b,4w,parent,sarc_linear_q4gsw_coopmat_sweep_t128x256k32g42s32f32c_texture3d_texture2d_half,2048,4096,14336,22.8815,10.511
780m,8b,4w,parent,sarc_linear_q4gsw_coopmat_sweep_t128x256k32g42s32f32c_texture3d_texture2d_half,2048,4096,4096,6.6405,10.349
780m,8b,4w,parent,sarc_linear_q4gsw_coopmat_sweep_t128x256k32g42s32f32c_texture3d_texture2d_half,2048,1024,4096,1.7336,9.91
780m,8b,4w,parent,sarc_linear_q4gsw_coopmat_sweep_t128x256k32g42s32f32c_texture3d_texture2d_half,2048,1024,4096,1.7493,9.821
780m,8b,4w,parent,sarc_linear_q4gsw_coopmat_sweep_t128x256k32g42s32f32c_texture3d_texture2d_half,2048,4096,4096,6.6564,10.324
780m,8b,4w,parent,sarc_linear_q4gsw_coopmat_sweep_t128x256k32g42s32f32c_texture3d_texture2d_half,2048,14336,4096,23.0558,10.432
780m,8b,4w,parent,sarc_linear_q4gsw_coopmat_sweep_t128x256k32g42s32f32c_texture3d_texture2d_half,2048,14336,4096,23.0722,10.425
780m,8b,4w,parent,sarc_linear_q4gsw_coopmat_sweep_t128x256k32g42s32f32c_texture3d_texture2d_half,2048,4096,14336,23.0008,10.457
780m,8b,4w,parent,sarc_linear_q4gsw_coopmat_sweep_t128x256k32g42s32f32c_texture3d_texture2d_half,2048,4096,4096,6.6752,10.295
780m,8b,4w,parent,sarc_linear_q4gsw_coopmat_sweep_t128x256k32g42s32f32c_texture3d_texture2d_half,2048,1024,4096,1.7403,9.872
780m,8b,4w,parent,sarc_linear_q4gsw_coopmat_sweep_t128x256k32g42s32f32c_texture3d_texture2d_half,2048,1024,4096,1.753,9.8
780m,8b,4w,parent,sarc_linear_q4gsw_coopmat_sweep_t128x256k32g42s32f32c_texture3d_texture2d_half,2048,4096,4096,6.573,10.455
780m,8b,4w,parent,sarc_linear_q4gsw_coopmat_sweep_t128x256k32g42s32f32c_texture3d_texture2d_half,2048,14336,4096,23.2152,10.36
780m,8b,4w,parent,sarc_linear_q4gsw_coopmat_sweep_t128x256k32g42s32f32c_texture3d_texture2d_half,2048,14336,4096,23.107,10.409
780m,8b,4w,parent,sarc_linear_q4gsw_coopmat_sweep_t128x256k32g42s32f32c_texture3d_texture2d_half,2048,4096,14336,22.9308,10.489
780m,8b,4w,parent,sarc_linear_q4gsw_coopmat_sweep_t128x256k32g42s32f32c_texture3d_texture2d_half,2048,4096,4096,6.7184,10.229
780m,8b,4w,parent,sarc_linear_q4gsw_coopmat_sweep_t128x256k32g42s32f32c_texture3d_texture2d_half,2048,1024,4096,1.7332,9.912
780m,8b,4w,parent,sarc_linear_q4gsw_coopmat_sweep_t128x256k32g42s32f32c_texture3d_texture2d_half,2048,1024,4096,1.7264,9.951
780m,8b,4w,parent,sarc_linear_q4gsw_coopmat_sweep_t128x256k32g42s32f32c_texture3d_texture2d_half,2048,4096,4096,6.5239,10.534
780m,8b,4w,parent,sarc_linear_q4gsw_coopmat_sweep_t128x256k32g42s32f32c_texture3d_texture2d_half,2048,14336,4096,22.028,10.919
780m,8b,4w,parent,sarc_linear_q4gsw_coopmat_sweep_t128x256k32g42s32f32c_texture3d_texture2d_half,2048,14336,4096,22.2792,10.796
780m,8b,4w,parent,sarc_linear_q4gsw_coopmat_sweep_t128x256k32g42s32f32c_texture3d_texture2d_half,2048,4096,14336,22.9211,10.493
780m,8b,4w,parent,sarc_linear_q4gsw_coopmat_sweep_t128x256k32g42s32f32c_texture3d_texture2d_half,2048,4096,4096,6.759,10.167
780m,8b,4w,parent,sarc_linear_q4gsw_coopmat_sweep_t128x256k32g42s32f32c_texture3d_texture2d_half,2048,1024,4096,1.772,9.695
780m,8b,4w,parent,sarc_linear_q4gsw_coopmat_sweep_t128x256k32g42s32f32c_texture3d_texture2d_half,2048,1024,4096,1.7269,9.948
780m,8b,4w,parent,sarc_linear_q4gsw_coopmat_sweep_t128x256k32g42s32f32c_texture3d_texture2d_half,2048,4096,4096,6.5003,10.572
780m,8b,4w,parent,sarc_linear_q4gsw_coopmat_sweep_t128x256k32g42s32f32c_texture3d_texture2d_half,2048,14336,4096,22.0194,10.923
780m,8b,4w,parent,sarc_linear_q4gsw_coopmat_sweep_t128x256k32g42s32f32c_texture3d_texture2d_half,2048,14336,4096,23.2643,10.338
780m,8b,4w,parent,sarc_linear_q4gsw_coopmat_sweep_t128x256k32g42s32f32c_texture3d_texture2d_half,2048,4096,14336,22.7305,10.581
780m,8b,4w,parent,sarc_linear_q4gsw_coopmat_sweep_t128x256k32g42s32f32c_texture3d_texture2d_half,2048,4096,4096,6.692,10.269
780m,8b,4w,parent,sarc_linear_q4gsw_coopmat_sweep_t128x256k32g42s32f32c_texture3d_texture2d_half,2048,1024,4096,1.7695,9.709
780m,8b,4w,parent,sarc_linear_q4gsw_coopmat_sweep_t128x256k32g42s32f32c_texture3d_texture2d_half,2048,1024,4096,1.7789,9.657
780m,8b,4w,parent,sarc_linear_q4gsw_coopmat_sweep_t128x256k32g42s32f32c_texture3d_texture2d_half,2048,4096,4096,6.4155,10.711
780m,8b,4w,parent,sarc_linear_q4gsw_coopmat_sweep_t128x256k32g42s32f32c_texture3d_texture2d_half,2048,14336,4096,23.1976,10.368
780m,8b,4w,parent,sarc_linear_q4gsw_coopmat_sweep_t128x256k32g42s32f32c_texture3d_texture2d_half,2048,14336,4096,23.1814,10.375
780m,8b,4w,parent,sarc_linear_q4gsw_coopmat_sweep_t128x256k32g42s32f32c_texture3d_texture2d_half,2048,4096,14336,22.8466,10.528
780m,8b,4w,parent,sarc_linear_q4gsw_coopmat_sweep_t128x256k32g42s32f32c_texture3d_texture2d_half,2048,4096,4096,6.7329,10.207
780m,8b,4w,parent,sarc_linear_q4gsw_coopmat_sweep_t128x256k32g42s32f32c_texture3d_texture2d_half,2048,1024,4096,1.7372,9.89
780m,8b,4w,parent,sarc_linear_q4gsw_coopmat_sweep_t128x256k32g42s32f32c_texture3d_texture2d_half,2048,1024,4096,1.7314,9.923
780m,8b,4w,parent,sarc_linear_q4gsw_coopmat_sweep_t128x256k32g42s32f32c_texture3d_texture2d_half,2048,4096,4096,6.5728,10.455
780m,8b,4w,parent,sarc_linear_q4gsw_coopmat_sweep_t128x256k32g42s32f32c_texture3d_texture2d_half,2048,14336,4096,23.1824,10.375
780m,8b,4w,parent,sarc_linear_q4gsw_coopmat_sweep_t128x256k32g42s32f32c_texture3d_texture2d_half,2048,14336,4096,23.3622,10.295
780m,8b,4w,parent,sarc_linear_q4gsw_coopmat_sweep_t128x256k32g42s32f32c_texture3d_texture2d_half,2048,4096,14336,22.3296,10.771
780m,8b,8da4w,cand,sarc_dev_linear_dq8ca_coopmat_zpg_bt_t128x64k32g22s32_texture3d_texture2d_half,2048,4096,4096,6.2802,10.942
780m,8b,8da4w,cand,sarc_dev_linear_dq8ca_coopmat_zpg_bt_t128x64k32g22s32_texture3d_texture2d_half,2048,1024,4096,1.681,10.22
780m,8b,8da4w,cand,sarc_dev_linear_dq8ca_coopmat_zpg_bt_t128x64k32g22s32_texture3d_texture2d_half,2048,1024,4096,1.649,10.418
780m,8b,8da4w,cand,sarc_dev_linear_dq8ca_coopmat_zpg_bt_t128x64k32g22s32_texture3d_texture2d_half,2048,4096,4096,6.24,11.013
780m,8b,8da4w,cand,sarc_dev_linear_dq8ca_coopmat_zpg_bt_t128x64k32g22s32_texture3d_texture2d_half,2048,14336,4096,21.8409,11.012
780m,8b,8da4w,cand,sarc_dev_linear_dq8ca_coopmat_zpg_bt_t128x64k32g22s32_texture3d_texture2d_half,2048,14336,4096,21.8521,11.007
780m,8b,8da4w,cand,sarc_dev_linear_dq8ca_coopmat_zpg_bt_t128x64k32g22s32_texture3d_texture2d_half,2048,4096,14336,21.7998,11.033
780m,8b,8da4w,cand,sarc_dev_linear_dq8ca_coopmat_zpg_bt_t128x64k32g22s32_texture3d_texture2d_half,2048,4096,4096,6.2937,10.919
780m,8b,8da4w,cand,sarc_dev_linear_dq8ca_coopmat_zpg_bt_t128x64k32g22s32_texture3d_texture2d_half,2048,1024,4096,1.6871,10.183
780m,8b,8da4w,cand,sarc_dev_linear_dq8ca_coopmat_zpg_bt_t128x64k32g22s32_texture3d_texture2d_half,2048,1024,4096,1.6686,10.296
780m,8b,8da4w,cand,sarc_dev_linear_dq8ca_coopmat_zpg_bt_t128x64k32g22s32_texture3d_texture2d_half,2048,4096,4096,6.3177,10.877
780m,8b,8da4w,cand,sarc_dev_linear_dq8ca_coopmat_zpg_bt_t128x64k32g22s32_texture3d_texture2d_half,2048,14336,4096,21.9678,10.949
780m,8b,8da4w,cand,sarc_dev_linear_dq8ca_coopmat_zpg_bt_t128x64k32g22s32_texture3d_texture2d_half,2048,14336,4096,21.9084,10.978
780m,8b,8da4w,cand,sarc_dev_linear_dq8ca_coopmat_zpg_bt_t128x64k32g22s32_texture3d_texture2d_half,2048,4096,14336,21.7446,11.061
780m,8b,8da4w,cand,sarc_dev_linear_dq8ca_coopmat_zpg_bt_t128x64k32g22s32_texture3d_texture2d_half,2048,4096,4096,6.3399,10.839
780m,8b,8da4w,cand,sarc_dev_linear_dq8ca_coopmat_zpg_bt_t128x64k32g22s32_texture3d_texture2d_half,2048,1024,4096,1.6569,10.369
780m,8b,8da4w,cand,sarc_dev_linear_dq8ca_coopmat_zpg_bt_t128x64k32g22s32_texture3d_texture2d_half,2048,1024,4096,1.6882,10.176
780m,8b,8da4w,cand,sarc_dev_linear_dq8ca_coopmat_zpg_bt_t128x64k32g22s32_texture3d_texture2d_half,2048,4096,4096,6.287,10.93
780m,8b,8da4w,cand,sarc_dev_linear_dq8ca_coopmat_zpg_bt_t128x64k32g22s32_texture3d_texture2d_half,2048,14336,4096,21.8181,11.024
780m,8b,8da4w,cand,sarc_dev_linear_dq8ca_coopmat_zpg_bt_t128x64k32g22s32_texture3d_texture2d_half,2048,14336,4096,21.7764,11.045
780m,8b,8da4w,cand,sarc_dev_linear_dq8ca_coopmat_zpg_bt_t128x64k32g22s32_texture3d_texture2d_half,2048,4096,14336,21.8215,11.022
780m,8b,8da4w,cand,sarc_dev_linear_dq8ca_coopmat_zpg_bt_t128x64k32g22s32_texture3d_texture2d_half,2048,4096,4096,6.318,10.877
780m,8b,8da4w,cand,sarc_dev_linear_dq8ca_coopmat_zpg_bt_t128x64k32g22s32_texture3d_texture2d_half,2048,1024,4096,1.6609,10.344
780m,8b,8da4w,cand,sarc_dev_linear_dq8ca_coopmat_zpg_bt_t128x64k32g22s32_texture3d_texture2d_half,2048,1024,4096,1.7034,10.085
780m,8b,8da4w,cand,sarc_dev_linear_dq8ca_coopmat_zpg_bt_t128x64k32g22s32_texture3d_texture2d_half,2048,4096,4096,6.2683,10.963
780m,8b,8da4w,cand,sarc_dev_linear_dq8ca_coopmat_zpg_bt_t128x64k32g22s32_texture3d_texture2d_half,2048,14336,4096,21.9267,10.969
780m,8b,8da4w,cand,sarc_dev_linear_dq8ca_coopmat_zpg_bt_t128x64k32g22s32_texture3d_texture2d_half,2048,14336,4096,21.7508,11.058
780m,8b,8da4w,cand,sarc_dev_linear_dq8ca_coopmat_zpg_bt_t128x64k32g22s32_texture3d_texture2d_half,2048,4096,14336,21.8174,11.024
780m,8b,8da4w,cand,sarc_dev_linear_dq8ca_coopmat_zpg_bt_t128x64k32g22s32_texture3d_texture2d_half,2048,4096,4096,6.3627,10.8
780m,8b,8da4w,cand,sarc_dev_linear_dq8ca_coopmat_zpg_bt_t128x64k32g22s32_texture3d_texture2d_half,2048,1024,4096,1.6897,10.167
780m,8b,8da4w,cand,sarc_dev_linear_dq8ca_coopmat_zpg_bt_t128x64k32g22s32_texture3d_texture2d_half,2048,1024,4096,1.6256,10.568
780m,8b,8da4w,cand,sarc_dev_linear_dq8ca_coopmat_zpg_bt_t128x64k32g22s32_texture3d_texture2d_half,2048,4096,4096,6.2946,10.917
780m,8b,8da4w,cand,sarc_dev_linear_dq8ca_coopmat_zpg_bt_t128x64k32g22s32_texture3d_texture2d_half,2048,14336,4096,21.8552,11.005
780m,8b,8da4w,cand,sarc_dev_linear_dq8ca_coopmat_zpg_bt_t128x64k32g22s32_texture3d_texture2d_half,2048,14336,4096,21.8516,11.007
780m,8b,8da4w,cand,sarc_dev_linear_dq8ca_coopmat_zpg_bt_t128x64k32g22s32_texture3d_texture2d_half,2048,4096,14336,21.8953,10.985
780m,8b,8da4w,cand,sarc_dev_linear_dq8ca_coopmat_zpg_bt_t128x64k32g22s32_texture3d_texture2d_half,2048,4096,4096,6.3378,10.843
780m,8b,8da4w,cand,sarc_dev_linear_dq8ca_coopmat_zpg_bt_t128x64k32g22s32_texture3d_texture2d_half,2048,1024,4096,1.6875,10.181
780m,8b,8da4w,cand,sarc_dev_linear_dq8ca_coopmat_zpg_bt_t128x64k32g22s32_texture3d_texture2d_half,2048,1024,4096,1.6583,10.36
780m,8b,8da4w,cand,sarc_dev_linear_dq8ca_coopmat_zpg_bt_t128x64k32g22s32_texture3d_texture2d_half,2048,4096,4096,6.2596,10.978
780m,8b,8da4w,cand,sarc_dev_linear_dq8ca_coopmat_zpg_bt_t128x64k32g22s32_texture3d_texture2d_half,2048,14336,4096,21.7901,11.038
780m,8b,8da4w,cand,sarc_dev_linear_dq8ca_coopmat_zpg_bt_t128x64k32g22s32_texture3d_texture2d_half,2048,14336,4096,21.793,11.037
780m,8b,8da4w,cand,sarc_dev_linear_dq8ca_coopmat_zpg_bt_t128x64k32g22s32_texture3d_texture2d_half,2048,4096,14336,21.8122,11.027
780m,8b,8da4w,cand,sarc_dev_linear_dq8ca_coopmat_zpg_bt_t128x64k32g22s32_texture3d_texture2d_half,2048,4096,4096,6.4311,10.685
780m,8b,8da4w,cand,sarc_dev_linear_dq8ca_coopmat_zpg_bt_t128x64k32g22s32_texture3d_texture2d_half,2048,1024,4096,1.6674,10.303
780m,8b,8da4w,cand,sarc_dev_linear_dq8ca_coopmat_zpg_bt_t128x64k32g22s32_texture3d_texture2d_half,2048,1024,4096,1.6711,10.281
780m,8b,8da4w,cand,sarc_dev_linear_dq8ca_coopmat_zpg_bt_t128x64k32g22s32_texture3d_texture2d_half,2048,4096,4096,6.2513,10.993
780m,8b,8da4w,cand,sarc_dev_linear_dq8ca_coopmat_zpg_bt_t128x64k32g22s32_texture3d_texture2d_half,2048,14336,4096,21.8743,10.995
780m,8b,8da4w,cand,sarc_dev_linear_dq8ca_coopmat_zpg_bt_t128x64k32g22s32_texture3d_texture2d_half,2048,14336,4096,21.84,11.013
780m,8b,8da4w,cand,sarc_dev_linear_dq8ca_coopmat_zpg_bt_t128x64k32g22s32_texture3d_texture2d_half,2048,4096,14336,21.858,11.004
780m,8b,8da4w,cand,sarc_dev_linear_dq8ca_coopmat_zpg_bt_t128x64k32g22s32_texture3d_texture2d_half,2048,4096,4096,6.3588,10.807
780m,8b,8da4w,cand,sarc_dev_linear_dq8ca_coopmat_zpg_bt_t128x64k32g22s32_texture3d_texture2d_half,2048,1024,4096,1.68,10.226
780m,8b,8da4w,cand,sarc_dev_linear_dq8ca_coopmat_zpg_bt_t128x64k32g22s32_texture3d_texture2d_half,2048,1024,4096,1.6814,10.218
780m,8b,8da4w,cand,sarc_dev_linear_dq8ca_coopmat_zpg_bt_t128x64k32g22s32_texture3d_texture2d_half,2048,4096,4096,6.2578,10.981
780m,8b,8da4w,cand,sarc_dev_linear_dq8ca_coopmat_zpg_bt_t128x64k32g22s32_texture3d_texture2d_half,2048,14336,4096,21.9416,10.962
780m,8b,8da4w,cand,sarc_dev_linear_dq8ca_coopmat_zpg_bt_t128x64k32g22s32_texture3d_texture2d_half,2048,14336,4096,21.6927,11.088
780m,8b,8da4w,cand,sarc_dev_linear_dq8ca_coopmat_zpg_bt_t128x64k32g22s32_texture3d_texture2d_half,2048,4096,14336,22.0303,10.918
780m,8b,8da4w,cand,sarc_dev_linear_dq8ca_coopmat_zpg_bt_t128x64k32g22s32_texture3d_texture2d_half,2048,4096,4096,6.3738,10.781
780m,8b,8da4w,cand,sarc_dev_linear_dq8ca_coopmat_zpg_bt_t128x64k32g22s32_texture3d_texture2d_half,2048,1024,4096,1.6844,10.199
780m,8b,8da4w,cand,sarc_dev_linear_dq8ca_coopmat_zpg_bt_t128x64k32g22s32_texture3d_texture2d_half,2048,1024,4096,1.6964,10.127
780m,8b,8da4w,cand,sarc_dev_linear_dq8ca_coopmat_zpg_bt_t128x64k32g22s32_texture3d_texture2d_half,2048,4096,4096,6.2303,11.03
780m,8b,8da4w,cand,sarc_dev_linear_dq8ca_coopmat_zpg_bt_t128x64k32g22s32_texture3d_texture2d_half,2048,14336,4096,21.9183,10.973
780m,8b,8da4w,cand,sarc_dev_linear_dq8ca_coopmat_zpg_bt_t128x64k32g22s32_texture3d_texture2d_half,2048,14336,4096,21.7011,11.083
780m,8b,8da4w,cand,sarc_dev_linear_dq8ca_coopmat_zpg_bt_t128x64k32g22s32_texture3d_texture2d_half,2048,4096,14336,21.849,11.008
780m,8b,8da4w,cand,sarc_dev_linear_dq8ca_coopmat_zpg_bt_t128x64k32g22s32_texture3d_texture2d_half,2048,4096,4096,6.3465,10.828
780m,8b,8da4w,cand,sarc_dev_linear_dq8ca_coopmat_zpg_bt_t128x64k32g22s32_texture3d_texture2d_half,2048,1024,4096,1.6891,10.171
780m,8b,8da4w,cand,sarc_dev_linear_dq8ca_coopmat_zpg_bt_t128x64k32g22s32_texture3d_texture2d_half,2048,1024,4096,1.6702,10.286
780m,8b,8da4w,cand,sarc_dev_linear_dq8ca_coopmat_zpg_bt_t128x64k32g22s32_texture3d_texture2d_half,2048,4096,4096,6.2652,10.969
780m,8b,8da4w,cand,sarc_dev_linear_dq8ca_coopmat_zpg_bt_t128x64k32g22s32_texture3d_texture2d_half,2048,14336,4096,21.914,10.976
780m,8b,8da4w,cand,sarc_dev_linear_dq8ca_coopmat_zpg_bt_t128x64k32g22s32_texture3d_texture2d_half,2048,14336,4096,21.8077,11.029
780m,8b,8da4w,cand,sarc_dev_linear_dq8ca_coopmat_zpg_bt_t128x64k32g22s32_texture3d_texture2d_half,2048,4096,14336,21.8956,10.985
780m,8b,8da4w,cand,sarc_dev_linear_dq8ca_coopmat_zpg_bt_t128x64k32g22s32_texture3d_texture2d_half,2048,4096,4096,6.4046,10.73
780m,8b,8da4w,cand,sarc_dev_linear_dq8ca_coopmat_zpg_bt_t128x64k32g22s32_texture3d_texture2d_half,2048,1024,4096,1.6909,10.16
780m,8b,8da4w,cand,sarc_dev_linear_dq8ca_coopmat_zpg_bt_t128x64k32g22s32_texture3d_texture2d_half,2048,1024,4096,1.6869,10.184
780m,8b,8da4w,cand,sarc_dev_linear_dq8ca_coopmat_zpg_bt_t128x64k32g22s32_texture3d_texture2d_half,2048,4096,4096,6.2725,10.956
780m,8b,8da4w,cand,sarc_dev_linear_dq8ca_coopmat_zpg_bt_t128x64k32g22s32_texture3d_texture2d_half,2048,14336,4096,21.8769,10.994
780m,8b,8da4w,cand,sarc_dev_linear_dq8ca_coopmat_zpg_bt_t128x64k32g22s32_texture3d_texture2d_half,2048,14336,4096,21.8108,11.027
780m,8b,8da4w,cand,sarc_dev_linear_dq8ca_coopmat_zpg_bt_t128x64k32g22s32_texture3d_texture2d_half,2048,4096,14336,21.8304,11.018
780m,8b,8da4w,cand,sarc_dev_linear_dq8ca_coopmat_zpg_bt_t128x64k32g22s32_texture3d_texture2d_half,2048,4096,4096,6.3756,10.779
780m,8b,8da4w,cand,sarc_dev_linear_dq8ca_coopmat_zpg_bt_t128x64k32g22s32_texture3d_texture2d_half,2048,1024,4096,1.6816,10.216
780m,8b,8da4w,cand,sarc_dev_linear_dq8ca_coopmat_zpg_bt_t128x64k32g22s32_texture3d_texture2d_half,2048,1024,4096,1.6547,10.382
780m,8b,8da4w,cand,sarc_dev_linear_dq8ca_coopmat_zpg_bt_t128x64k32g22s32_texture3d_texture2d_half,2048,4096,4096,6.2982,10.911
780m,8b,8da4w,cand,sarc_dev_linear_dq8ca_coopmat_zpg_bt_t128x64k32g22s32_texture3d_texture2d_half,2048,14336,4096,21.9098,10.978
780m,8b,8da4w,cand,sarc_dev_linear_dq8ca_coopmat_zpg_bt_t128x64k32g22s32_texture3d_texture2d_half,2048,14336,4096,21.8147,11.025
780m,8b,8da4w,cand,sarc_dev_linear_dq8ca_coopmat_zpg_bt_t128x64k32g22s32_texture3d_texture2d_half,2048,4096,14336,21.9023,10.981
780m,8b,8da4w,cand,sarc_dev_linear_dq8ca_coopmat_zpg_bt_t128x64k32g22s32_texture3d_texture2d_half,2048,4096,4096,6.3994,10.738
780m,8b,8da4w,cand,sarc_dev_linear_dq8ca_coopmat_zpg_bt_t128x64k32g22s32_texture3d_texture2d_half,2048,1024,4096,1.6824,10.212
780m,8b,8da4w,cand,sarc_dev_linear_dq8ca_coopmat_zpg_bt_t128x64k32g22s32_texture3d_texture2d_half,2048,1024,4096,1.7054,10.074
780m,8b,8da4w,cand,sarc_dev_linear_dq8ca_coopmat_zpg_bt_t128x64k32g22s32_texture3d_texture2d_half,2048,4096,4096,6.2558,10.985
780m,8b,8da4w,cand,sarc_dev_linear_dq8ca_coopmat_zpg_bt_t128x64k32g22s32_texture3d_texture2d_half,2048,14336,4096,21.874,10.996
780m,8b,8da4w,cand,sarc_dev_linear_dq8ca_coopmat_zpg_bt_t128x64k32g22s32_texture3d_texture2d_half,2048,14336,4096,21.8164,11.025
780m,8b,8da4w,cand,sarc_dev_linear_dq8ca_coopmat_zpg_bt_t128x64k32g22s32_texture3d_texture2d_half,2048,4096,14336,21.9073,10.979
780m,8b,8da4w,cand,sarc_dev_linear_dq8ca_coopmat_zpg_bt_t128x64k32g22s32_texture3d_texture2d_half,2048,4096,4096,6.3742,10.781
780m,8b,8da4w,cand,sarc_dev_linear_dq8ca_coopmat_zpg_bt_t128x64k32g22s32_texture3d_texture2d_half,2048,1024,4096,1.6682,10.298
780m,8b,8da4w,cand,sarc_dev_linear_dq8ca_coopmat_zpg_bt_t128x64k32g22s32_texture3d_texture2d_half,2048,1024,4096,1.6638,10.326
780m,8b,8da4w,cand,sarc_dev_linear_dq8ca_coopmat_zpg_bt_t128x64k32g22s32_texture3d_texture2d_half,2048,4096,4096,6.2554,10.986
780m,8b,8da4w,cand,sarc_dev_linear_dq8ca_coopmat_zpg_bt_t128x64k32g22s32_texture3d_texture2d_half,2048,14336,4096,21.8862,10.989
780m,8b,8da4w,cand,sarc_dev_linear_dq8ca_coopmat_zpg_bt_t128x64k32g22s32_texture3d_texture2d_half,2048,14336,4096,21.7322,11.067
780m,8b,8da4w,cand,sarc_dev_linear_dq8ca_coopmat_zpg_bt_t128x64k32g22s32_texture3d_texture2d_half,2048,4096,14336,21.8259,11.02
780m,8b,8da4w,cand,sarc_dev_linear_dq8ca_coopmat_zpg_bt_t128x64k32g22s32_texture3d_texture2d_half,2048,4096,4096,6.3247,10.865
780m,8b,8da4w,cand,sarc_dev_linear_dq8ca_coopmat_zpg_bt_t128x64k32g22s32_texture3d_texture2d_half,2048,1024,4096,1.6728,10.27
780m,8b,8da4w,cand,sarc_dev_linear_dq8ca_coopmat_zpg_bt_t128x64k32g22s32_texture3d_texture2d_half,2048,1024,4096,1.699,10.112
780m,8b,8da4w,cand,sarc_dev_linear_dq8ca_coopmat_zpg_bt_t128x64k32g22s32_texture3d_texture2d_half,2048,4096,4096,6.2712,10.958
780m,8b,8da4w,cand,sarc_dev_linear_dq8ca_coopmat_zpg_bt_t128x64k32g22s32_texture3d_texture2d_half,2048,14336,4096,21.8683,10.998
780m,8b,8da4w,cand,sarc_dev_linear_dq8ca_coopmat_zpg_bt_t128x64k32g22s32_texture3d_texture2d_half,2048,14336,4096,21.4236,11.227
780m,8b,8da4w,cand,sarc_dev_linear_dq8ca_coopmat_zpg_bt_t128x64k32g22s32_texture3d_texture2d_half,2048,4096,14336,21.6489,11.11
780m,8b,8da4w,cand,sarc_dev_linear_dq8ca_coopmat_zpg_bt_t128x64k32g22s32_texture3d_texture2d_half,2048,4096,4096,6.4519,10.651
780m,8b,8da4w,cand,sarc_dev_linear_dq8ca_coopmat_zpg_bt_t128x64k32g22s32_texture3d_texture2d_half,2048,1024,4096,1.6948,10.137
780m,8b,8da4w,cand,sarc_dev_linear_dq8ca_coopmat_zpg_bt_t128x64k32g22s32_texture3d_texture2d_half,2048,1024,4096,1.693,10.148
780m,8b,8da4w,cand,sarc_dev_linear_dq8ca_coopmat_zpg_bt_t128x64k32g22s32_texture3d_texture2d_half,2048,4096,4096,6.2646,10.969
780m,8b,8da4w,cand,sarc_dev_linear_dq8ca_coopmat_zpg_bt_t128x64k32g22s32_texture3d_texture2d_half,2048,14336,4096,21.3757,11.252
780m,8b,8da4w,cand,sarc_dev_linear_dq8ca_coopmat_zpg_bt_t128x64k32g22s32_texture3d_texture2d_half,2048,14336,4096,21.2554,11.316
780m,8b,8da4w,cand,sarc_dev_linear_dq8ca_coopmat_zpg_bt_t128x64k32g22s32_texture3d_texture2d_half,2048,4096,14336,21.7423,11.062
780m,8b,8da4w,cand,sarc_dev_linear_dq8ca_coopmat_zpg_bt_t128x64k32g22s32_texture3d_texture2d_half,2048,4096,4096,6.4078,10.724
780m,8b,8da4w,cand,sarc_dev_linear_dq8ca_coopmat_zpg_bt_t128x64k32g22s32_texture3d_texture2d_half,2048,1024,4096,1.6904,10.163
780m,8b,8da4w,cand,sarc_dev_linear_dq8ca_coopmat_zpg_bt_t128x64k32g22s32_texture3d_texture2d_half,2048,1024,4096,1.6796,10.228
780m,8b,8da4w,cand,sarc_dev_linear_dq8ca_coopmat_zpg_bt_t128x64k32g22s32_texture3d_texture2d_half,2048,4096,4096,6.2409,11.011
780m,8b,8da4w,cand,sarc_dev_linear_dq8ca_coopmat_zpg_bt_t128x64k32g22s32_texture3d_texture2d_half,2048,14336,4096,22.0011,10.932
780m,8b,8da4w,cand,sarc_dev_linear_dq8ca_coopmat_zpg_bt_t128x64k32g22s32_texture3d_texture2d_half,2048,14336,4096,21.7471,11.06
780m,8b,8da4w,cand,sarc_dev_linear_dq8ca_coopmat_zpg_bt_t128x64k32g22s32_texture3d_texture2d_half,2048,4096,14336,21.6768,11.096
780m,8b,8da4w,cand,sarc_dev_linear_dq8ca_coopmat_zpg_bt_t128x64k32g22s32_texture3d_texture2d_half,2048,4096,4096,6.4354,10.678
780m,8b,8da4w,cand,sarc_dev_linear_dq8ca_coopmat_zpg_bt_t128x64k32g22s32_texture3d_texture2d_half,2048,1024,4096,1.7155,10.015
780m,8b,8da4w,cand,sarc_dev_linear_dq8ca_coopmat_zpg_bt_t128x64k32g22s32_texture3d_texture2d_half,2048,1024,4096,1.703,10.088
780m,8b,8da4w,cand,sarc_dev_linear_dq8ca_coopmat_zpg_bt_t128x64k32g22s32_texture3d_texture2d_half,2048,4096,4096,6.2907,10.924
780m,8b,8da4w,cand,sarc_dev_linear_dq8ca_coopmat_zpg_bt_t128x64k32g22s32_texture3d_texture2d_half,2048,14336,4096,21.6914,11.088
780m,8b,8da4w,cand,sarc_dev_linear_dq8ca_coopmat_zpg_bt_t128x64k32g22s32_texture3d_texture2d_half,2048,14336,4096,21.3816,11.249
780m,8b,8da4w,cand,sarc_dev_linear_dq8ca_coopmat_zpg_bt_t128x64k32g22s32_texture3d_texture2d_half,2048,4096,14336,21.5854,11.143
780m,8b,8da4w,cand,sarc_dev_linear_dq8ca_coopmat_zpg_bt_t128x64k32g22s32_texture3d_texture2d_half,2048,4096,4096,6.3966,10.743
780m,8b,8da4w,cand,sarc_dev_linear_dq8ca_coopmat_zpg_bt_t128x64k32g22s32_texture3d_texture2d_half,2048,1024,4096,1.7099,10.047
780m,8b,8da4w,cand,sarc_dev_linear_dq8ca_coopmat_zpg_bt_t128x64k32g22s32_texture3d_texture2d_half,2048,1024,4096,1.6814,10.218
780m,8b,8da4w,cand,sarc_dev_linear_dq8ca_coopmat_zpg_bt_t128x64k32g22s32_texture3d_texture2d_half,2048,4096,4096,6.3334,10.85
780m,8b,8da4w,cand,sarc_dev_linear_dq8ca_coopmat_zpg_bt_t128x64k32g22s32_texture3d_texture2d_half,2048,14336,4096,22.0995,10.883
780m,8b,8da4w,cand,sarc_dev_linear_dq8ca_coopmat_zpg_bt_t128x64k32g22s32_texture3d_texture2d_half,2048,14336,4096,22.0113,10.927
780m,8b,8da4w,cand,sarc_dev_linear_dq8ca_coopmat_zpg_bt_t128x64k32g22s32_texture3d_texture2d_half,2048,4096,14336,21.544,11.164
780m,8b,8da4w,cand,sarc_dev_linear_dq8ca_coopmat_zpg_bt_t128x64k32g22s32_texture3d_texture2d_half,2048,4096,4096,6.4578,10.641
780m,8b,8da4w,cand,sarc_dev_linear_dq8ca_coopmat_zpg_bt_t128x64k32g22s32_texture3d_texture2d_half,2048,1024,4096,1.6946,10.138
780m,8b,8da4w,cand,sarc_dev_linear_dq8ca_coopmat_zpg_bt_t128x64k32g22s32_texture3d_texture2d_half,2048,1024,4096,1.714,10.023
780m,8b,8da4w,cand,sarc_dev_linear_dq8ca_coopmat_zpg_bt_t128x64k32g22s32_texture3d_texture2d_half,2048,4096,4096,6.2883,10.928
780m,8b,8da4w,cand,sarc_dev_linear_dq8ca_coopmat_zpg_bt_t128x64k32g22s32_texture3d_texture2d_half,2048,14336,4096,21.8374,11.014
780m,8b,8da4w,cand,sarc_dev_linear_dq8ca_coopmat_zpg_bt_t128x64k32g22s32_texture3d_texture2d_half,2048,14336,4096,21.7542,11.056
780m,8b,8da4w,cand,sarc_dev_linear_dq8ca_coopmat_zpg_bt_t128x64k32g22s32_texture3d_texture2d_half,2048,4096,14336,22.1383,10.864
780m,8b,8da4w,cand,sarc_dev_linear_dq8ca_coopmat_zpg_bt_t128x64k32g22s32_texture3d_texture2d_half,2048,4096,4096,6.342,10.836
780m,8b,8da4w,cand,sarc_dev_linear_dq8ca_coopmat_zpg_bt_t128x64k32g22s32_texture3d_texture2d_half,2048,1024,4096,1.6677,10.301
780m,8b,8da4w,cand,sarc_dev_linear_dq8ca_coopmat_zpg_bt_t128x64k32g22s32_texture3d_texture2d_half,2048,1024,4096,1.673,10.269
780m,8b,8da4w,cand,sarc_dev_linear_dq8ca_coopmat_zpg_bt_t128x64k32g22s32_texture3d_texture2d_half,2048,4096,4096,6.3362,10.846
780m,8b,8da4w,cand,sarc_dev_linear_dq8ca_coopmat_zpg_bt_t128x64k32g22s32_texture3d_texture2d_half,2048,14336,4096,21.6728,11.098
780m,8b,8da4w,cand,sarc_dev_linear_dq8ca_coopmat_zpg_bt_t128x64k32g22s32_texture3d_texture2d_half,2048,14336,4096,21.4426,11.217
780m,8b,8da4w,cand,sarc_dev_linear_dq8ca_coopmat_zpg_bt_t128x64k32g22s32_texture3d_texture2d_half,2048,4096,14336,21.4736,11.201
780m,8b,8da4w,cand,sarc_dev_linear_dq8ca_coopmat_zpg_bt_t128x64k32g22s32_texture3d_texture2d_half,2048,4096,4096,6.4037,10.731
780m,8b,8da4w,cand,sarc_dev_linear_dq8ca_coopmat_zpg_bt_t128x64k32g22s32_texture3d_texture2d_half,2048,1024,4096,1.7056,10.072
780m,8b,8da4w,cand,sarc_dev_linear_dq8ca_coopmat_zpg_bt_t128x64k32g22s32_texture3d_texture2d_half,2048,1024,4096,1.6964,10.127
780m,8b,8da4w,cand,sarc_dev_linear_dq8ca_coopmat_zpg_bt_t128x64k32g22s32_texture3d_texture2d_half,2048,4096,4096,6.2455,11.003
780m,8b,8da4w,cand,sarc_dev_linear_dq8ca_coopmat_zpg_bt_t128x64k32g22s32_texture3d_texture2d_half,2048,14336,4096,21.6152,11.127
780m,8b,8da4w,cand,sarc_dev_linear_dq8ca_coopmat_zpg_bt_t128x64k32g22s32_texture3d_texture2d_half,2048,14336,4096,22.0436,10.911
780m,8b,8da4w,cand,sarc_dev_linear_dq8ca_coopmat_zpg_bt_t128x64k32g22s32_texture3d_texture2d_half,2048,4096,14336,21.4768,11.199
780m,8b,8da4w,cand,sarc_dev_linear_dq8ca_coopmat_zpg_bt_t128x64k32g22s32_texture3d_texture2d_half,2048,4096,4096,6.4662,10.627
780m,8b,8da4w,cand,sarc_dev_linear_dq8ca_coopmat_zpg_bt_t128x64k32g22s32_texture3d_texture2d_half,2048,1024,4096,1.7091,10.052
780m,8b,8da4w,cand,sarc_dev_linear_dq8ca_coopmat_zpg_bt_t128x64k32g22s32_texture3d_texture2d_half,2048,1024,4096,1.68,10.226
780m,8b,8da4w,cand,sarc_dev_linear_dq8ca_coopmat_zpg_bt_t128x64k32g22s32_texture3d_texture2d_half,2048,4096,4096,6.2419,11.009
780m,8b,8da4w,cand,sarc_dev_linear_dq8ca_coopmat_zpg_bt_t128x64k32g22s32_texture3d_texture2d_half,2048,14336,4096,21.7273,11.07
780m,8b,8da4w,cand,sarc_dev_linear_dq8ca_coopmat_zpg_bt_t128x64k32g22s32_texture3d_texture2d_half,2048,14336,4096,22.0268,10.919
780m,8b,8da4w,cand,sarc_dev_linear_dq8ca_coopmat_zpg_bt_t128x64k32g22s32_texture3d_texture2d_half,2048,4096,14336,21.4333,11.222
780m,8b,8da4w,cand,sarc_dev_linear_dq8ca_coopmat_zpg_bt_t128x64k32g22s32_texture3d_texture2d_half,2048,4096,4096,6.4621,10.634
780m,8b,8da4w,cand,sarc_dev_linear_dq8ca_coopmat_zpg_bt_t128x64k32g22s32_texture3d_texture2d_half,2048,1024,4096,1.7094,10.05
780m,8b,8da4w,cand,sarc_dev_linear_dq8ca_coopmat_zpg_bt_t128x64k32g22s32_texture3d_texture2d_half,2048,1024,4096,1.6932,10.147
780m,8b,8da4w,cand,sarc_dev_linear_dq8ca_coopmat_zpg_bt_t128x64k32g22s32_texture3d_texture2d_half,2048,4096,4096,6.2896,10.926
780m,8b,8da4w,cand,sarc_dev_linear_dq8ca_coopmat_zpg_bt_t128x64k32g22s32_texture3d_texture2d_half,2048,14336,4096,21.8262,11.02
780m,8b,8da4w,cand,sarc_dev_linear_dq8ca_coopmat_zpg_bt_t128x64k32g22s32_texture3d_texture2d_half,2048,14336,4096,21.3069,11.288
780m,8b,8da4w,cand,sarc_dev_linear_dq8ca_coopmat_zpg_bt_t128x64k32g22s32_texture3d_texture2d_half,2048,4096,14336,22.0386,10.914
780m,8b,8da4w,cand,sarc_dev_linear_dq8ca_coopmat_zpg_bt_t128x64k32g22s32_texture3d_texture2d_half,2048,4096,4096,6.4143,10.713
780m,8b,8da4w,cand,sarc_dev_linear_dq8ca_coopmat_zpg_bt_t128x64k32g22s32_texture3d_texture2d_half,2048,1024,4096,1.6496,10.415
780m,8b,8da4w,cand,sarc_dev_linear_dq8ca_coopmat_zpg_bt_t128x64k32g22s32_texture3d_texture2d_half,2048,1024,4096,1.7106,10.043
780m,8b,8da4w,cand,sarc_dev_linear_dq8ca_coopmat_zpg_bt_t128x64k32g22s32_texture3d_texture2d_half,2048,4096,4096,6.3135,10.884
780m,8b,8da4w,cand,sarc_dev_linear_dq8ca_coopmat_zpg_bt_t128x64k32g22s32_texture3d_texture2d_half,2048,14336,4096,22.2166,10.826
780m,8b,8da4w,cand,sarc_dev_linear_dq8ca_coopmat_zpg_bt_t128x64k32g22s32_texture3d_texture2d_half,2048,14336,4096,22.0834,10.891
780m,8b,8da4w,cand,sarc_dev_linear_dq8ca_coopmat_zpg_bt_t128x64k32g22s32_texture3d_texture2d_half,2048,4096,14336,21.5626,11.154
780m,8b,8da4w,cand,sarc_dev_linear_dq8ca_coopmat_zpg_bt_t128x64k32g22s32_texture3d_texture2d_half,2048,4096,4096,6.4032,10.732
780m,8b,8da4w,cand,sarc_dev_linear_dq8ca_coopmat_zpg_bt_t128x64k32g22s32_texture3d_texture2d_half,2048,1024,4096,1.6859,10.19
780m,8b,8da4w,cand,sarc_dev_linear_dq8ca_coopmat_zpg_bt_t128x64k32g22s32_texture3d_texture2d_half,2048,1024,4096,1.686,10.19
780m,8b,8da4w,cand,sarc_dev_linear_dq8ca_coopmat_zpg_bt_t128x64k32g22s32_texture3d_texture2d_half,2048,4096,4096,6.2784,10.945
780m,8b,8da4w,cand,sarc_dev_linear_dq8ca_coopmat_zpg_bt_t128x64k32g22s32_texture3d_texture2d_half,2048,14336,4096,21.7868,11.04
780m,8b,8da4w,cand,sarc_dev_linear_dq8ca_coopmat_zpg_bt_t128x64k32g22s32_texture3d_texture2d_half,2048,14336,4096,21.9126,10.976
780m,8b,8da4w,cand,sarc_dev_linear_dq8ca_coopmat_zpg_bt_t128x64k32g22s32_texture3d_texture2d_half,2048,4096,14336,21.8252,11.02
780m,8b,8da4w,cand,sarc_dev_linear_dq8ca_coopmat_zpg_bt_t128x64k32g22s32_texture3d_texture2d_half,2048,4096,4096,6.4711,10.619
780m,8b,8da4w,cand,sarc_dev_linear_dq8ca_coopmat_zpg_bt_t128x64k32g22s32_texture3d_texture2d_half,2048,1024,4096,1.6806,10.223
780m,8b,8da4w,cand,sarc_dev_linear_dq8ca_coopmat_zpg_bt_t128x64k32g22s32_texture3d_texture2d_half,2048,1024,4096,1.6702,10.286
780m,8b,8da4w,cand,sarc_dev_linear_dq8ca_coopmat_zpg_bt_t128x64k32g22s32_texture3d_texture2d_half,2048,4096,4096,6.273,10.955
780m,8b,8da4w,cand,sarc_dev_linear_dq8ca_coopmat_zpg_bt_t128x64k32g22s32_texture3d_texture2d_half,2048,14336,4096,21.6554,11.107
780m,8b,8da4w,cand,sarc_dev_linear_dq8ca_coopmat_zpg_bt_t128x64k32g22s32_texture3d_texture2d_half,2048,14336,4096,21.8311,11.017
780m,8b,8da4w,cand,sarc_dev_linear_dq8ca_coopmat_zpg_bt_t128x64k32g22s32_texture3d_texture2d_half,2048,4096,14336,21.4652,11.205
780m,8b,8da4w,cand,sarc_dev_linear_dq8ca_coopmat_zpg_bt_t128x64k32g22s32_texture3d_texture2d_half,2048,4096,4096,6.3958,10.744
780m,8b,8da4w,cand,sarc_dev_linear_dq8ca_coopmat_zpg_bt_t128x64k32g22s32_texture3d_texture2d_half,2048,1024,4096,1.6963,10.128
780m,8b,8da4w,cand,sarc_dev_linear_dq8ca_coopmat_zpg_bt_t128x64k32g22s32_texture3d_texture2d_half,2048,1024,4096,1.6696,10.29
780m,8b,8da4w,cand,sarc_dev_linear_dq8ca_coopmat_zpg_bt_t128x64k32g22s32_texture3d_texture2d_half,2048,4096,4096,6.2792,10.944
780m,8b,8da4w,cand,sarc_dev_linear_dq8ca_coopmat_zpg_bt_t128x64k32g22s32_texture3d_texture2d_half,2048,14336,4096,21.5036,11.185
780m,8b,8da4w,cand,sarc_dev_linear_dq8ca_coopmat_zpg_bt_t128x64k32g22s32_texture3d_texture2d_half,2048,14336,4096,21.2998,11.292
780m,8b,8da4w,cand,sarc_dev_linear_dq8ca_coopmat_zpg_bt_t128x64k32g22s32_texture3d_texture2d_half,2048,4096,14336,21.8151,11.025
780m,8b,8da4w,cand,sarc_dev_linear_dq8ca_coopmat_zpg_bt_t128x64k32g22s32_texture3d_texture2d_half,2048,4096,4096,6.3659,10.795
780m,8b,8da4w,cand,sarc_dev_linear_dq8ca_coopmat_zpg_bt_t128x64k32g22s32_texture3d_texture2d_half,2048,1024,4096,1.6677,10.302
780m,8b,8da4w,cand,sarc_dev_linear_dq8ca_coopmat_zpg_bt_t128x64k32g22s32_texture3d_texture2d_half,2048,1024,4096,1.6902,10.165
780m,8b,8da4w,cand,sarc_dev_linear_dq8ca_coopmat_zpg_bt_t128x64k32g22s32_texture3d_texture2d_half,2048,4096,4096,6.281,10.941
780m,8b,8da4w,cand,sarc_dev_linear_dq8ca_coopmat_zpg_bt_t128x64k32g22s32_texture3d_texture2d_half,2048,14336,4096,21.5614,11.155
780m,8b,8da4w,cand,sarc_dev_linear_dq8ca_coopmat_zpg_bt_t128x64k32g22s32_texture3d_texture2d_half,2048,14336,4096,21.8638,11.001
780m,8b,8da4w,cand,sarc_dev_linear_dq8ca_coopmat_zpg_bt_t128x64k32g22s32_texture3d_texture2d_half,2048,4096,14336,21.825,11.02
780m,8b,8da4w,cand,sarc_dev_linear_dq8ca_coopmat_zpg_bt_t128x64k32g22s32_texture3d_texture2d_half,2048,4096,4096,6.4465,10.66
780m,8b,8da4w,cand,sarc_dev_linear_dq8ca_coopmat_zpg_bt_t128x64k32g22s32_texture3d_texture2d_half,2048,1024,4096,1.709,10.053
780m,8b,8da4w,cand,sarc_dev_linear_dq8ca_coopmat_zpg_bt_t128x64k32g22s32_texture3d_texture2d_half,2048,1024,4096,1.6998,10.107
780m,8b,8da4w,cand,sarc_dev_linear_dq8ca_coopmat_zpg_bt_t128x64k32g22s32_texture3d_texture2d_half,2048,4096,4096,6.2684,10.963
780m,8b,8da4w,cand,sarc_dev_linear_dq8ca_coopmat_zpg_bt_t128x64k32g22s32_texture3d_texture2d_half,2048,14336,4096,21.6115,11.129
780m,8b,8da4w,cand,sarc_dev_linear_dq8ca_coopmat_zpg_bt_t128x64k32g22s32_texture3d_texture2d_half,2048,14336,4096,22.0604,10.903
780m,8b,8da4w,cand,sarc_dev_linear_dq8ca_coopmat_zpg_bt_t128x64k32g22s32_texture3d_texture2d_half,2048,4096,14336,21.6809,11.094
780m,8b,8da4w,cand,sarc_dev_linear_dq8ca_coopmat_zpg_bt_t128x64k32g22s32_texture3d_texture2d_half,2048,4096,4096,6.5062,10.562
780m,8b,8da4w,cand,sarc_dev_linear_dq8ca_coopmat_zpg_bt_t128x64k32g22s32_texture3d_texture2d_half,2048,1024,4096,1.7052,10.075
780m,8b,8da4w,cand,sarc_dev_linear_dq8ca_coopmat_zpg_bt_t128x64k32g22s32_texture3d_texture2d_half,2048,1024,4096,1.725,9.96
780m,8b,8da4w,cand,sarc_dev_linear_dq8ca_coopmat_zpg_bt_t128x64k32g22s32_texture3d_texture2d_half,2048,4096,4096,6.2409,11.011
780m,8b,8da4w,cand,sarc_dev_linear_dq8ca_coopmat_zpg_bt_t128x64k32g22s32_texture3d_texture2d_half,2048,14336,4096,21.2452,11.321
780m,8b,8da4w,cand,sarc_dev_linear_dq8ca_coopmat_zpg_bt_t128x64k32g22s32_texture3d_texture2d_half,2048,14336,4096,22.0459,10.91
780m,8b,8da4w,cand,sarc_dev_linear_dq8ca_coopmat_zpg_bt_t128x64k32g22s32_texture3d_texture2d_half,2048,4096,14336,21.6692,11.1
780m,8b,8da4w,cand,sarc_dev_linear_dq8ca_coopmat_zpg_bt_t128x64k32g22s32_texture3d_texture2d_half,2048,4096,4096,6.5366,10.513
780m,8b,8da4w,cand,sarc_dev_linear_dq8ca_coopmat_zpg_bt_t128x64k32g22s32_texture3d_texture2d_half,2048,1024,4096,1.7012,10.098
780m,8b,8da4w,cand,sarc_dev_linear_dq8ca_coopmat_zpg_bt_t128x64k32g22s32_texture3d_texture2d_half,2048,1024,4096,1.687,10.184
780m,8b,8da4w,cand,sarc_dev_linear_dq8ca_coopmat_zpg_bt_t128x64k32g22s32_texture3d_texture2d_half,2048,4096,4096,6.2361,11.02
780m,8b,8da4w,cand,sarc_dev_linear_dq8ca_coopmat_zpg_bt_t128x64k32g22s32_texture3d_texture2d_half,2048,14336,4096,21.9482,10.958
780m,8b,8da4w,cand,sarc_dev_linear_dq8ca_coopmat_zpg_bt_t128x64k32g22s32_texture3d_texture2d_half,2048,14336,4096,21.8691,10.998
780m,8b,8da4w,cand,sarc_dev_linear_dq8ca_coopmat_zpg_bt_t128x64k32g22s32_texture3d_texture2d_half,2048,4096,14336,21.4954,11.189
780m,8b,8da4w,parent,sarc_dev_linear_dq8ca_coopmat_zpg_bt_t128x64k32g22s32_texture3d_texture2d_half,2048,4096,4096,6.2814,10.94
780m,8b,8da4w,parent,sarc_dev_linear_dq8ca_coopmat_zpg_bt_t128x64k32g22s32_texture3d_texture2d_half,2048,1024,4096,1.6744,10.261
780m,8b,8da4w,parent,sarc_dev_linear_dq8ca_coopmat_zpg_bt_t128x64k32g22s32_texture3d_texture2d_half,2048,1024,4096,1.6392,10.481
780m,8b,8da4w,parent,sarc_dev_linear_dq8ca_coopmat_zpg_bt_t128x64k32g22s32_texture3d_texture2d_half,2048,4096,4096,6.186,11.109
780m,8b,8da4w,parent,sarc_dev_linear_dq8ca_coopmat_zpg_bt_t128x64k32g22s32_texture3d_texture2d_half,2048,14336,4096,21.8204,11.023
780m,8b,8da4w,parent,sarc_dev_linear_dq8ca_coopmat_zpg_bt_t128x64k32g22s32_texture3d_texture2d_half,2048,14336,4096,21.7907,11.038
780m,8b,8da4w,parent,sarc_dev_linear_dq8ca_coopmat_zpg_bt_t128x64k32g22s32_texture3d_texture2d_half,2048,4096,14336,21.4649,11.205
780m,8b,8da4w,parent,sarc_dev_linear_dq8ca_coopmat_zpg_bt_t128x64k32g22s32_texture3d_texture2d_half,2048,4096,4096,6.3298,10.856
780m,8b,8da4w,parent,sarc_dev_linear_dq8ca_coopmat_zpg_bt_t128x64k32g22s32_texture3d_texture2d_half,2048,1024,4096,1.6614,10.341
780m,8b,8da4w,parent,sarc_dev_linear_dq8ca_coopmat_zpg_bt_t128x64k32g22s32_texture3d_texture2d_half,2048,1024,4096,1.6819,10.215
780m,8b,8da4w,parent,sarc_dev_linear_dq8ca_coopmat_zpg_bt_t128x64k32g22s32_texture3d_texture2d_half,2048,4096,4096,6.168,11.141
780m,8b,8da4w,parent,sarc_dev_linear_dq8ca_coopmat_zpg_bt_t128x64k32g22s32_texture3d_texture2d_half,2048,14336,4096,21.7621,11.052
780m,8b,8da4w,parent,sarc_dev_linear_dq8ca_coopmat_zpg_bt_t128x64k32g22s32_texture3d_texture2d_half,2048,14336,4096,21.8428,11.011
780m,8b,8da4w,parent,sarc_dev_linear_dq8ca_coopmat_zpg_bt_t128x64k32g22s32_texture3d_texture2d_half,2048,4096,14336,21.5267,11.173
780m,8b,8da4w,parent,sarc_dev_linear_dq8ca_coopmat_zpg_bt_t128x64k32g22s32_texture3d_texture2d_half,2048,4096,4096,6.2704,10.959
780m,8b,8da4w,parent,sarc_dev_linear_dq8ca_coopmat_zpg_bt_t128x64k32g22s32_texture3d_texture2d_half,2048,1024,4096,1.6701,10.287
780m,8b,8da4w,parent,sarc_dev_linear_dq8ca_coopmat_zpg_bt_t128x64k32g22s32_texture3d_texture2d_half,2048,1024,4096,1.6605,10.346
780m,8b,8da4w,parent,sarc_dev_linear_dq8ca_coopmat_zpg_bt_t128x64k32g22s32_texture3d_texture2d_half,2048,4096,4096,6.2111,11.064
780m,8b,8da4w,parent,sarc_dev_linear_dq8ca_coopmat_zpg_bt_t128x64k32g22s32_texture3d_texture2d_half,2048,14336,4096,21.7157,11.076
780m,8b,8da4w,parent,sarc_dev_linear_dq8ca_coopmat_zpg_bt_t128x64k32g22s32_texture3d_texture2d_half,2048,14336,4096,21.8083,11.029
780m,8b,8da4w,parent,sarc_dev_linear_dq8ca_coopmat_zpg_bt_t128x64k32g22s32_texture3d_texture2d_half,2048,4096,14336,21.5667,11.152
780m,8b,8da4w,parent,sarc_dev_linear_dq8ca_coopmat_zpg_bt_t128x64k32g22s32_texture3d_texture2d_half,2048,4096,4096,6.2982,10.911
780m,8b,8da4w,parent,sarc_dev_linear_dq8ca_coopmat_zpg_bt_t128x64k32g22s32_texture3d_texture2d_half,2048,1024,4096,1.6691,10.293
780m,8b,8da4w,parent,sarc_dev_linear_dq8ca_coopmat_zpg_bt_t128x64k32g22s32_texture3d_texture2d_half,2048,1024,4096,1.6701,10.287
780m,8b,8da4w,parent,sarc_dev_linear_dq8ca_coopmat_zpg_bt_t128x64k32g22s32_texture3d_texture2d_half,2048,4096,4096,6.2258,11.038
780m,8b,8da4w,parent,sarc_dev_linear_dq8ca_coopmat_zpg_bt_t128x64k32g22s32_texture3d_texture2d_half,2048,14336,4096,21.6513,11.109
780m,8b,8da4w,parent,sarc_dev_linear_dq8ca_coopmat_zpg_bt_t128x64k32g22s32_texture3d_texture2d_half,2048,14336,4096,21.802,11.032
780m,8b,8da4w,parent,sarc_dev_linear_dq8ca_coopmat_zpg_bt_t128x64k32g22s32_texture3d_texture2d_half,2048,4096,14336,21.5146,11.179
780m,8b,8da4w,parent,sarc_dev_linear_dq8ca_coopmat_zpg_bt_t128x64k32g22s32_texture3d_texture2d_half,2048,4096,4096,6.3321,10.853
780m,8b,8da4w,parent,sarc_dev_linear_dq8ca_coopmat_zpg_bt_t128x64k32g22s32_texture3d_texture2d_half,2048,1024,4096,1.6608,10.344
780m,8b,8da4w,parent,sarc_dev_linear_dq8ca_coopmat_zpg_bt_t128x64k32g22s32_texture3d_texture2d_half,2048,1024,4096,1.6598,10.351
780m,8b,8da4w,parent,sarc_dev_linear_dq8ca_coopmat_zpg_bt_t128x64k32g22s32_texture3d_texture2d_half,2048,4096,4096,6.2079,11.07
780m,8b,8da4w,parent,sarc_dev_linear_dq8ca_coopmat_zpg_bt_t128x64k32g22s32_texture3d_texture2d_half,2048,14336,4096,21.7485,11.059
780m,8b,8da4w,parent,sarc_dev_linear_dq8ca_coopmat_zpg_bt_t128x64k32g22s32_texture3d_texture2d_half,2048,14336,4096,21.7544,11.056
780m,8b,8da4w,parent,sarc_dev_linear_dq8ca_coopmat_zpg_bt_t128x64k32g22s32_texture3d_texture2d_half,2048,4096,14336,21.5455,11.163
780m,8b,8da4w,parent,sarc_dev_linear_dq8ca_coopmat_zpg_bt_t128x64k32g22s32_texture3d_texture2d_half,2048,4096,4096,6.2872,10.93
780m,8b,8da4w,parent,sarc_dev_linear_dq8ca_coopmat_zpg_bt_t128x64k32g22s32_texture3d_texture2d_half,2048,1024,4096,1.6535,10.39
780m,8b,8da4w,parent,sarc_dev_linear_dq8ca_coopmat_zpg_bt_t128x64k32g22s32_texture3d_texture2d_half,2048,1024,4096,1.643,10.457
780m,8b,8da4w,parent,sarc_dev_linear_dq8ca_coopmat_zpg_bt_t128x64k32g22s32_texture3d_texture2d_half,2048,4096,4096,6.1932,11.096
780m,8b,8da4w,parent,sarc_dev_linear_dq8ca_coopmat_zpg_bt_t128x64k32g22s32_texture3d_texture2d_half,2048,14336,4096,21.652,11.108
780m,8b,8da4w,parent,sarc_dev_linear_dq8ca_coopmat_zpg_bt_t128x64k32g22s32_texture3d_texture2d_half,2048,14336,4096,21.7145,11.076
780m,8b,8da4w,parent,sarc_dev_linear_dq8ca_coopmat_zpg_bt_t128x64k32g22s32_texture3d_texture2d_half,2048,4096,14336,21.4656,11.205
780m,8b,8da4w,parent,sarc_dev_linear_dq8ca_coopmat_zpg_bt_t128x64k32g22s32_texture3d_texture2d_half,2048,4096,4096,6.3071,10.896
780m,8b,8da4w,parent,sarc_dev_linear_dq8ca_coopmat_zpg_bt_t128x64k32g22s32_texture3d_texture2d_half,2048,1024,4096,1.6469,10.432
780m,8b,8da4w,parent,sarc_dev_linear_dq8ca_coopmat_zpg_bt_t128x64k32g22s32_texture3d_texture2d_half,2048,1024,4096,1.6686,10.296
780m,8b,8da4w,parent,sarc_dev_linear_dq8ca_coopmat_zpg_bt_t128x64k32g22s32_texture3d_texture2d_half,2048,4096,4096,6.186,11.109
780m,8b,8da4w,parent,sarc_dev_linear_dq8ca_coopmat_zpg_bt_t128x64k32g22s32_texture3d_texture2d_half,2048,14336,4096,21.7459,11.06
780m,8b,8da4w,parent,sarc_dev_linear_dq8ca_coopmat_zpg_bt_t128x64k32g22s32_texture3d_texture2d_half,2048,14336,4096,21.8011,11.032
780m,8b,8da4w,parent,sarc_dev_linear_dq8ca_coopmat_zpg_bt_t128x64k32g22s32_texture3d_texture2d_half,2048,4096,14336,21.5326,11.17
780m,8b,8da4w,parent,sarc_dev_linear_dq8ca_coopmat_zpg_bt_t128x64k32g22s32_texture3d_texture2d_half,2048,4096,4096,6.3277,10.86
780m,8b,8da4w,parent,sarc_dev_linear_dq8ca_coopmat_zpg_bt_t128x64k32g22s32_texture3d_texture2d_half,2048,1024,4096,1.6765,10.248
780m,8b,8da4w,parent,sarc_dev_linear_dq8ca_coopmat_zpg_bt_t128x64k32g22s32_texture3d_texture2d_half,2048,1024,4096,1.653,10.393
780m,8b,8da4w,parent,sarc_dev_linear_dq8ca_coopmat_zpg_bt_t128x64k32g22s32_texture3d_texture2d_half,2048,4096,4096,6.189,11.103
780m,8b,8da4w,parent,sarc_dev_linear_dq8ca_coopmat_zpg_bt_t128x64k32g22s32_texture3d_texture2d_half,2048,14336,4096,21.6727,11.098
780m,8b,8da4w,parent,sarc_dev_linear_dq8ca_coopmat_zpg_bt_t128x64k32g22s32_texture3d_texture2d_half,2048,14336,4096,21.7806,11.043
780m,8b,8da4w,parent,sarc_dev_linear_dq8ca_coopmat_zpg_bt_t128x64k32g22s32_texture3d_texture2d_half,2048,4096,14336,21.6487,11.11
780m,8b,8da4w,parent,sarc_dev_linear_dq8ca_coopmat_zpg_bt_t128x64k32g22s32_texture3d_texture2d_half,2048,4096,4096,6.3838,10.765
780m,8b,8da4w,parent,sarc_dev_linear_dq8ca_coopmat_zpg_bt_t128x64k32g22s32_texture3d_texture2d_half,2048,1024,4096,1.68,10.226
780m,8b,8da4w,parent,sarc_dev_linear_dq8ca_coopmat_zpg_bt_t128x64k32g22s32_texture3d_texture2d_half,2048,1024,4096,1.6689,10.294
780m,8b,8da4w,parent,sarc_dev_linear_dq8ca_coopmat_zpg_bt_t128x64k32g22s32_texture3d_texture2d_half,2048,4096,4096,6.1838,11.113
780m,8b,8da4w,parent,sarc_dev_linear_dq8ca_coopmat_zpg_bt_t128x64k32g22s32_texture3d_texture2d_half,2048,14336,4096,21.8115,11.027
780m,8b,8da4w,parent,sarc_dev_linear_dq8ca_coopmat_zpg_bt_t128x64k32g22s32_texture3d_texture2d_half,2048,14336,4096,21.7846,11.041
780m,8b,8da4w,parent,sarc_dev_linear_dq8ca_coopmat_zpg_bt_t128x64k32g22s32_texture3d_texture2d_half,2048,4096,14336,21.5275,11.173
780m,8b,8da4w,parent,sarc_dev_linear_dq8ca_coopmat_zpg_bt_t128x64k32g22s32_texture3d_texture2d_half,2048,4096,4096,6.2886,10.928
780m,8b,8da4w,parent,sarc_dev_linear_dq8ca_coopmat_zpg_bt_t128x64k32g22s32_texture3d_texture2d_half,2048,1024,4096,1.6577,10.364
780m,8b,8da4w,parent,sarc_dev_linear_dq8ca_coopmat_zpg_bt_t128x64k32g22s32_texture3d_texture2d_half,2048,1024,4096,1.6805,10.223
780m,8b,8da4w,parent,sarc_dev_linear_dq8ca_coopmat_zpg_bt_t128x64k32g22s32_texture3d_texture2d_half,2048,4096,4096,6.1897,11.102
780m,8b,8da4w,parent,sarc_dev_linear_dq8ca_coopmat_zpg_bt_t128x64k32g22s32_texture3d_texture2d_half,2048,14336,4096,21.8159,11.025
780m,8b,8da4w,parent,sarc_dev_linear_dq8ca_coopmat_zpg_bt_t128x64k32g22s32_texture3d_texture2d_half,2048,14336,4096,21.6838,11.092
780m,8b,8da4w,parent,sarc_dev_linear_dq8ca_coopmat_zpg_bt_t128x64k32g22s32_texture3d_texture2d_half,2048,4096,14336,21.5688,11.151
780m,8b,8da4w,parent,sarc_dev_linear_dq8ca_coopmat_zpg_bt_t128x64k32g22s32_texture3d_texture2d_half,2048,4096,4096,6.3207,10.872
780m,8b,8da4w,parent,sarc_dev_linear_dq8ca_coopmat_zpg_bt_t128x64k32g22s32_texture3d_texture2d_half,2048,1024,4096,1.6408,10.47
780m,8b,8da4w,parent,sarc_dev_linear_dq8ca_coopmat_zpg_bt_t128x64k32g22s32_texture3d_texture2d_half,2048,1024,4096,1.6669,10.306
780m,8b,8da4w,parent,sarc_dev_linear_dq8ca_coopmat_zpg_bt_t128x64k32g22s32_texture3d_texture2d_half,2048,4096,4096,6.2215,11.045
780m,8b,8da4w,parent,sarc_dev_linear_dq8ca_coopmat_zpg_bt_t128x64k32g22s32_texture3d_texture2d_half,2048,14336,4096,21.724,11.072
780m,8b,8da4w,parent,sarc_dev_linear_dq8ca_coopmat_zpg_bt_t128x64k32g22s32_texture3d_texture2d_half,2048,14336,4096,21.7725,11.047
780m,8b,8da4w,parent,sarc_dev_linear_dq8ca_coopmat_zpg_bt_t128x64k32g22s32_texture3d_texture2d_half,2048,4096,14336,21.5192,11.177
780m,8b,8da4w,parent,sarc_dev_linear_dq8ca_coopmat_zpg_bt_t128x64k32g22s32_texture3d_texture2d_half,2048,4096,4096,6.2609,10.976
780m,8b,8da4w,parent,sarc_dev_linear_dq8ca_coopmat_zpg_bt_t128x64k32g22s32_texture3d_texture2d_half,2048,1024,4096,1.6636,10.327
780m,8b,8da4w,parent,sarc_dev_linear_dq8ca_coopmat_zpg_bt_t128x64k32g22s32_texture3d_texture2d_half,2048,1024,4096,1.6552,10.379
780m,8b,8da4w,parent,sarc_dev_linear_dq8ca_coopmat_zpg_bt_t128x64k32g22s32_texture3d_texture2d_half,2048,4096,4096,6.1942,11.094
780m,8b,8da4w,parent,sarc_dev_linear_dq8ca_coopmat_zpg_bt_t128x64k32g22s32_texture3d_texture2d_half,2048,14336,4096,21.6843,11.092
780m,8b,8da4w,parent,sarc_dev_linear_dq8ca_coopmat_zpg_bt_t128x64k32g22s32_texture3d_texture2d_half,2048,14336,4096,21.8216,11.022
780m,8b,8da4w,parent,sarc_dev_linear_dq8ca_coopmat_zpg_bt_t128x64k32g22s32_texture3d_texture2d_half,2048,4096,14336,21.539,11.167
780m,8b,8da4w,parent,sarc_dev_linear_dq8ca_coopmat_zpg_bt_t128x64k32g22s32_texture3d_texture2d_half,2048,4096,4096,6.3511,10.82
780m,8b,8da4w,parent,sarc_dev_linear_dq8ca_coopmat_zpg_bt_t128x64k32g22s32_texture3d_texture2d_half,2048,1024,4096,1.6712,10.28
780m,8b,8da4w,parent,sarc_dev_linear_dq8ca_coopmat_zpg_bt_t128x64k32g22s32_texture3d_texture2d_half,2048,1024,4096,1.688,10.178
780m,8b,8da4w,parent,sarc_dev_linear_dq8ca_coopmat_zpg_bt_t128x64k32g22s32_texture3d_texture2d_half,2048,4096,4096,6.1901,11.102
780m,8b,8da4w,parent,sarc_dev_linear_dq8ca_coopmat_zpg_bt_t128x64k32g22s32_texture3d_texture2d_half,2048,14336,4096,21.6908,11.088
780m,8b,8da4w,parent,sarc_dev_linear_dq8ca_coopmat_zpg_bt_t128x64k32g22s32_texture3d_texture2d_half,2048,14336,4096,21.7462,11.06
780m,8b,8da4w,parent,sarc_dev_linear_dq8ca_coopmat_zpg_bt_t128x64k32g22s32_texture3d_texture2d_half,2048,4096,14336,21.575,11.148
780m,8b,8da4w,parent,sarc_dev_linear_dq8ca_coopmat_zpg_bt_t128x64k32g22s32_texture3d_texture2d_half,2048,4096,4096,6.3184,10.876
780m,8b,8da4w,parent,sarc_dev_linear_dq8ca_coopmat_zpg_bt_t128x64k32g22s32_texture3d_texture2d_half,2048,1024,4096,1.6356,10.503
780m,8b,8da4w,parent,sarc_dev_linear_dq8ca_coopmat_zpg_bt_t128x64k32g22s32_texture3d_texture2d_half,2048,1024,4096,1.6542,10.386
780m,8b,8da4w,parent,sarc_dev_linear_dq8ca_coopmat_zpg_bt_t128x64k32g22s32_texture3d_texture2d_half,2048,4096,4096,6.2175,11.053
780m,8b,8da4w,parent,sarc_dev_linear_dq8ca_coopmat_zpg_bt_t128x64k32g22s32_texture3d_texture2d_half,2048,14336,4096,21.7637,11.051
780m,8b,8da4w,parent,sarc_dev_linear_dq8ca_coopmat_zpg_bt_t128x64k32g22s32_texture3d_texture2d_half,2048,14336,4096,21.8137,11.026
780m,8b,8da4w,parent,sarc_dev_linear_dq8ca_coopmat_zpg_bt_t128x64k32g22s32_texture3d_texture2d_half,2048,4096,14336,21.539,11.167
780m,8b,8da4w,parent,sarc_dev_linear_dq8ca_coopmat_zpg_bt_t128x64k32g22s32_texture3d_texture2d_half,2048,4096,4096,6.2793,10.944
780m,8b,8da4w,parent,sarc_dev_linear_dq8ca_coopmat_zpg_bt_t128x64k32g22s32_texture3d_texture2d_half,2048,1024,4096,1.6499,10.413
780m,8b,8da4w,parent,sarc_dev_linear_dq8ca_coopmat_zpg_bt_t128x64k32g22s32_texture3d_texture2d_half,2048,1024,4096,1.6553,10.379
780m,8b,8da4w,parent,sarc_dev_linear_dq8ca_coopmat_zpg_bt_t128x64k32g22s32_texture3d_texture2d_half,2048,4096,4096,6.1812,11.118
780m,8b,8da4w,parent,sarc_dev_linear_dq8ca_coopmat_zpg_bt_t128x64k32g22s32_texture3d_texture2d_half,2048,14336,4096,21.8369,11.014
780m,8b,8da4w,parent,sarc_dev_linear_dq8ca_coopmat_zpg_bt_t128x64k32g22s32_texture3d_texture2d_half,2048,14336,4096,21.2364,11.326
780m,8b,8da4w,parent,sarc_dev_linear_dq8ca_coopmat_zpg_bt_t128x64k32g22s32_texture3d_texture2d_half,2048,4096,14336,21.365,11.258
780m,8b,8da4w,parent,sarc_dev_linear_dq8ca_coopmat_zpg_bt_t128x64k32g22s32_texture3d_texture2d_half,2048,4096,4096,6.3453,10.83
780m,8b,8da4w,parent,sarc_dev_linear_dq8ca_coopmat_zpg_bt_t128x64k32g22s32_texture3d_texture2d_half,2048,1024,4096,1.6805,10.223
780m,8b,8da4w,parent,sarc_dev_linear_dq8ca_coopmat_zpg_bt_t128x64k32g22s32_texture3d_texture2d_half,2048,1024,4096,1.6822,10.213
780m,8b,8da4w,parent,sarc_dev_linear_dq8ca_coopmat_zpg_bt_t128x64k32g22s32_texture3d_texture2d_half,2048,4096,4096,6.1929,11.097
780m,8b,8da4w,parent,sarc_dev_linear_dq8ca_coopmat_zpg_bt_t128x64k32g22s32_texture3d_texture2d_half,2048,14336,4096,21.6932,11.087
780m,8b,8da4w,parent,sarc_dev_linear_dq8ca_coopmat_zpg_bt_t128x64k32g22s32_texture3d_texture2d_half,2048,14336,4096,21.9249,10.97
780m,8b,8da4w,parent,sarc_dev_linear_dq8ca_coopmat_zpg_bt_t128x64k32g22s32_texture3d_texture2d_half,2048,4096,14336,21.291,11.297
780m,8b,8da4w,parent,sarc_dev_linear_dq8ca_coopmat_zpg_bt_t128x64k32g22s32_texture3d_texture2d_half,2048,4096,4096,6.3218,10.87
780m,8b,8da4w,parent,sarc_dev_linear_dq8ca_coopmat_zpg_bt_t128x64k32g22s32_texture3d_texture2d_half,2048,1024,4096,1.666,10.312
780m,8b,8da4w,parent,sarc_dev_linear_dq8ca_coopmat_zpg_bt_t128x64k32g22s32_texture3d_texture2d_half,2048,1024,4096,1.6602,10.348
780m,8b,8da4w,parent,sarc_dev_linear_dq8ca_coopmat_zpg_bt_t128x64k32g22s32_texture3d_texture2d_half,2048,4096,4096,6.2202,11.048
780m,8b,8da4w,parent,sarc_dev_linear_dq8ca_coopmat_zpg_bt_t128x64k32g22s32_texture3d_texture2d_half,2048,14336,4096,21.2709,11.307
780m,8b,8da4w,parent,sarc_dev_linear_dq8ca_coopmat_zpg_bt_t128x64k32g22s32_texture3d_texture2d_half,2048,14336,4096,21.6191,11.125
780m,8b,8da4w,parent,sarc_dev_linear_dq8ca_coopmat_zpg_bt_t128x64k32g22s32_texture3d_texture2d_half,2048,4096,14336,21.3192,11.282
780m,8b,8da4w,parent,sarc_dev_linear_dq8ca_coopmat_zpg_bt_t128x64k32g22s32_texture3d_texture2d_half,2048,4096,4096,6.4134,10.715
780m,8b,8da4w,parent,sarc_dev_linear_dq8ca_coopmat_zpg_bt_t128x64k32g22s32_texture3d_texture2d_half,2048,1024,4096,1.6778,10.24
780m,8b,8da4w,parent,sarc_dev_linear_dq8ca_coopmat_zpg_bt_t128x64k32g22s32_texture3d_texture2d_half,2048,1024,4096,1.6726,10.272
780m,8b,8da4w,parent,sarc_dev_linear_dq8ca_coopmat_zpg_bt_t128x64k32g22s32_texture3d_texture2d_half,2048,4096,4096,6.2176,11.052
780m,8b,8da4w,parent,sarc_dev_linear_dq8ca_coopmat_zpg_bt_t128x64k32g22s32_texture3d_texture2d_half,2048,14336,4096,21.7636,11.051
780m,8b,8da4w,parent,sarc_dev_linear_dq8ca_coopmat_zpg_bt_t128x64k32g22s32_texture3d_texture2d_half,2048,14336,4096,21.245,11.321
780m,8b,8da4w,parent,sarc_dev_linear_dq8ca_coopmat_zpg_bt_t128x64k32g22s32_texture3d_texture2d_half,2048,4096,14336,21.9476,10.959
780m,8b,8da4w,parent,sarc_dev_linear_dq8ca_coopmat_zpg_bt_t128x64k32g22s32_texture3d_texture2d_half,2048,4096,4096,6.385,10.763
780m,8b,8da4w,parent,sarc_dev_linear_dq8ca_coopmat_zpg_bt_t128x64k32g22s32_texture3d_texture2d_half,2048,1024,4096,1.6343,10.512
780m,8b,8da4w,parent,sarc_dev_linear_dq8ca_coopmat_zpg_bt_t128x64k32g22s32_texture3d_texture2d_half,2048,1024,4096,1.6826,10.21
780m,8b,8da4w,parent,sarc_dev_linear_dq8ca_coopmat_zpg_bt_t128x64k32g22s32_texture3d_texture2d_half,2048,4096,4096,6.2269,11.036
780m,8b,8da4w,parent,sarc_dev_linear_dq8ca_coopmat_zpg_bt_t128x64k32g22s32_texture3d_texture2d_half,2048,14336,4096,21.7643,11.051
780m,8b,8da4w,parent,sarc_dev_linear_dq8ca_coopmat_zpg_bt_t128x64k32g22s32_texture3d_texture2d_half,2048,14336,4096,21.6468,11.111
780m,8b,8da4w,parent,sarc_dev_linear_dq8ca_coopmat_zpg_bt_t128x64k32g22s32_texture3d_texture2d_half,2048,4096,14336,21.6635,11.102
780m,8b,8da4w,parent,sarc_dev_linear_dq8ca_coopmat_zpg_bt_t128x64k32g22s32_texture3d_texture2d_half,2048,4096,4096,6.3797,10.772
780m,8b,8da4w,parent,sarc_dev_linear_dq8ca_coopmat_zpg_bt_t128x64k32g22s32_texture3d_texture2d_half,2048,1024,4096,1.6886,10.174
780m,8b,8da4w,parent,sarc_dev_linear_dq8ca_coopmat_zpg_bt_t128x64k32g22s32_texture3d_texture2d_half,2048,1024,4096,1.6739,10.263
780m,8b,8da4w,parent,sarc_dev_linear_dq8ca_coopmat_zpg_bt_t128x64k32g22s32_texture3d_texture2d_half,2048,4096,4096,6.1716,11.135
780m,8b,8da4w,parent,sarc_dev_linear_dq8ca_coopmat_zpg_bt_t128x64k32g22s32_texture3d_texture2d_half,2048,14336,4096,21.0764,11.412
780m,8b,8da4w,parent,sarc_dev_linear_dq8ca_coopmat_zpg_bt_t128x64k32g22s32_texture3d_texture2d_half,2048,14336,4096,21.346,11.268
780m,8b,8da4w,parent,sarc_dev_linear_dq8ca_coopmat_zpg_bt_t128x64k32g22s32_texture3d_texture2d_half,2048,4096,14336,21.4863,11.194
780m,8b,8da4w,parent,sarc_dev_linear_dq8ca_coopmat_zpg_bt_t128x64k32g22s32_texture3d_texture2d_half,2048,4096,4096,6.4031,10.732
780m,8b,8da4w,parent,sarc_dev_linear_dq8ca_coopmat_zpg_bt_t128x64k32g22s32_texture3d_texture2d_half,2048,1024,4096,1.6447,10.445
780m,8b,8da4w,parent,sarc_dev_linear_dq8ca_coopmat_zpg_bt_t128x64k32g22s32_texture3d_texture2d_half,2048,1024,4096,1.6717,10.277
780m,8b,8da4w,parent,sarc_dev_linear_dq8ca_coopmat_zpg_bt_t128x64k32g22s32_texture3d_texture2d_half,2048,4096,4096,6.2399,11.013
780m,8b,8da4w,parent,sarc_dev_linear_dq8ca_coopmat_zpg_bt_t128x64k32g22s32_texture3d_texture2d_half,2048,14336,4096,21.661,11.104
780m,8b,8da4w,parent,sarc_dev_linear_dq8ca_coopmat_zpg_bt_t128x64k32g22s32_texture3d_texture2d_half,2048,14336,4096,21.5492,11.161
780m,8b,8da4w,parent,sarc_dev_linear_dq8ca_coopmat_zpg_bt_t128x64k32g22s32_texture3d_texture2d_half,2048,4096,14336,21.2904,11.297
780m,8b,8da4w,parent,sarc_dev_linear_dq8ca_coopmat_zpg_bt_t128x64k32g22s32_texture3d_texture2d_half,2048,4096,4096,6.2966,10.914
780m,8b,8da4w,parent,sarc_dev_linear_dq8ca_coopmat_zpg_bt_t128x64k32g22s32_texture3d_texture2d_half,2048,1024,4096,1.701,10.1
780m,8b,8da4w,parent,sarc_dev_linear_dq8ca_coopmat_zpg_bt_t128x64k32g22s32_texture3d_texture2d_half,2048,1024,4096,1.6582,10.361
780m,8b,8da4w,parent,sarc_dev_linear_dq8ca_coopmat_zpg_bt_t128x64k32g22s32_texture3d_texture2d_half,2048,4096,4096,6.2047,11.075
780m,8b,8da4w,parent,sarc_dev_linear_dq8ca_coopmat_zpg_bt_t128x64k32g22s32_texture3d_texture2d_half,2048,14336,4096,21.4854,11.194
780m,8b,8da4w,parent,sarc_dev_linear_dq8ca_coopmat_zpg_bt_t128x64k32g22s32_texture3d_texture2d_half,2048,14336,4096,21.2701,11.308
780m,8b,8da4w,parent,sarc_dev_linear_dq8ca_coopmat_zpg_bt_t128x64k32g22s32_texture3d_texture2d_half,2048,4096,14336,21.3426,11.269
780m,8b,8da4w,parent,sarc_dev_linear_dq8ca_coopmat_zpg_bt_t128x64k32g22s32_texture3d_texture2d_half,2048,4096,4096,6.3924,10.75
780m,8b,8da4w,parent,sarc_dev_linear_dq8ca_coopmat_zpg_bt_t128x64k32g22s32_texture3d_texture2d_half,2048,1024,4096,1.6567,10.37
780m,8b,8da4w,parent,sarc_dev_linear_dq8ca_coopmat_zpg_bt_t128x64k32g22s32_texture3d_texture2d_half,2048,1024,4096,1.6672,10.305
780m,8b,8da4w,parent,sarc_dev_linear_dq8ca_coopmat_zpg_bt_t128x64k32g22s32_texture3d_texture2d_half,2048,4096,4096,6.2504,10.994
780m,8b,8da4w,parent,sarc_dev_linear_dq8ca_coopmat_zpg_bt_t128x64k32g22s32_texture3d_texture2d_half,2048,14336,4096,21.6084,11.131
780m,8b,8da4w,parent,sarc_dev_linear_dq8ca_coopmat_zpg_bt_t128x64k32g22s32_texture3d_texture2d_half,2048,14336,4096,21.533,11.17
780m,8b,8da4w,parent,sarc_dev_linear_dq8ca_coopmat_zpg_bt_t128x64k32g22s32_texture3d_texture2d_half,2048,4096,14336,21.4868,11.194
780m,8b,8da4w,parent,sarc_dev_linear_dq8ca_coopmat_zpg_bt_t128x64k32g22s32_texture3d_texture2d_half,2048,4096,4096,6.3884,10.757
780m,8b,8da4w,parent,sarc_dev_linear_dq8ca_coopmat_zpg_bt_t128x64k32g22s32_texture3d_texture2d_half,2048,1024,4096,1.6954,10.133
780m,8b,8da4w,parent,sarc_dev_linear_dq8ca_coopmat_zpg_bt_t128x64k32g22s32_texture3d_texture2d_half,2048,1024,4096,1.6804,10.223
780m,8b,8da4w,parent,sarc_dev_linear_dq8ca_coopmat_zpg_bt_t128x64k32g22s32_texture3d_texture2d_half,2048,4096,4096,6.309,10.892
780m,8b,8da4w,parent,sarc_dev_linear_dq8ca_coopmat_zpg_bt_t128x64k32g22s32_texture3d_texture2d_half,2048,14336,4096,21.8916,10.987
780m,8b,8da4w,parent,sarc_dev_linear_dq8ca_coopmat_zpg_bt_t128x64k32g22s32_texture3d_texture2d_half,2048,14336,4096,21.6974,11.085
780m,8b,8da4w,parent,sarc_dev_linear_dq8ca_coopmat_zpg_bt_t128x64k32g22s32_texture3d_texture2d_half,2048,4096,14336,21.5526,11.16
780m,8b,8da4w,parent,sarc_dev_linear_dq8ca_coopmat_zpg_bt_t128x64k32g22s32_texture3d_texture2d_half,2048,4096,4096,6.376,10.778
780m,8b,8da4w,parent,sarc_dev_linear_dq8ca_coopmat_zpg_bt_t128x64k32g22s32_texture3d_texture2d_half,2048,1024,4096,1.6659,10.313
780m,8b,8da4w,parent,sarc_dev_linear_dq8ca_coopmat_zpg_bt_t128x64k32g22s32_texture3d_texture2d_half,2048,1024,4096,1.6604,10.347
780m,8b,8da4w,parent,sarc_dev_linear_dq8ca_coopmat_zpg_bt_t128x64k32g22s32_texture3d_texture2d_half,2048,4096,4096,6.2636,10.971
780m,8b,8da4w,parent,sarc_dev_linear_dq8ca_coopmat_zpg_bt_t128x64k32g22s32_texture3d_texture2d_half,2048,14336,4096,21.5566,11.158
780m,8b,8da4w,parent,sarc_dev_linear_dq8ca_coopmat_zpg_bt_t128x64k32g22s32_texture3d_texture2d_half,2048,14336,4096,22.0629,10.901
780m,8b,8da4w,parent,sarc_dev_linear_dq8ca_coopmat_zpg_bt_t128x64k32g22s32_texture3d_texture2d_half,2048,4096,14336,21.7438,11.061
780m,8b,8da4w,parent,sarc_dev_linear_dq8ca_coopmat_zpg_bt_t128x64k32g22s32_texture3d_texture2d_half,2048,4096,4096,6.3514,10.82
780m,8b,8da4w,parent,sarc_dev_linear_dq8ca_coopmat_zpg_bt_t128x64k32g22s32_texture3d_texture2d_half,2048,1024,4096,1.6854,10.193
780m,8b,8da4w,parent,sarc_dev_linear_dq8ca_coopmat_zpg_bt_t128x64k32g22s32_texture3d_texture2d_half,2048,1024,4096,1.6699,10.288
780m,8b,8da4w,parent,sarc_dev_linear_dq8ca_coopmat_zpg_bt_t128x64k32g22s32_texture3d_texture2d_half,2048,4096,4096,6.2225,11.044
780m,8b,8da4w,parent,sarc_dev_linear_dq8ca_coopmat_zpg_bt_t128x64k32g22s32_texture3d_texture2d_half,2048,14336,4096,21.8854,10.99
780m,8b,8da4w,parent,sarc_dev_linear_dq8ca_coopmat_zpg_bt_t128x64k32g22s32_texture3d_texture2d_half,2048,14336,4096,21.3376,11.272
780m,8b,8da4w,parent,sarc_dev_linear_dq8ca_coopmat_zpg_bt_t128x64k32g22s32_texture3d_texture2d_half,2048,4096,14336,21.6548,11.107
780m,8b,8da4w,parent,sarc_dev_linear_dq8ca_coopmat_zpg_bt_t128x64k32g22s32_texture3d_texture2d_half,2048,4096,4096,6.3633,10.799
780m,8b,8da4w,parent,sarc_dev_linear_dq8ca_coopmat_zpg_bt_t128x64k32g22s32_texture3d_texture2d_half,2048,1024,4096,1.7079,10.059
780m,8b,8da4w,parent,sarc_dev_linear_dq8ca_coopmat_zpg_bt_t128x64k32g22s32_texture3d_texture2d_half,2048,1024,4096,1.6732,10.267
780m,8b,8da4w,parent,sarc_dev_linear_dq8ca_coopmat_zpg_bt_t128x64k32g22s32_texture3d_texture2d_half,2048,4096,4096,6.1852,11.11
780m,8b,8da4w,parent,sarc_dev_linear_dq8ca_coopmat_zpg_bt_t128x64k32g22s32_texture3d_texture2d_half,2048,14336,4096,21.5093,11.182
780m,8b,8da4w,parent,sarc_dev_linear_dq8ca_coopmat_zpg_bt_t128x64k32g22s32_texture3d_texture2d_half,2048,14336,4096,21.0339,11.435
780m,8b,8da4w,parent,sarc_dev_linear_dq8ca_coopmat_zpg_bt_t128x64k32g22s32_texture3d_texture2d_half,2048,4096,14336,21.7119,11.078
780m,8b,8da4w,parent,sarc_dev_linear_dq8ca_coopmat_zpg_bt_t128x64k32g22s32_texture3d_texture2d_half,2048,4096,4096,6.3464,10.828
780m,8b,8da4w,parent,sarc_dev_linear_dq8ca_coopmat_zpg_bt_t128x64k32g22s32_texture3d_texture2d_half,2048,1024,4096,1.648,10.424
780m,8b,8da4w,parent,sarc_dev_linear_dq8ca_coopmat_zpg_bt_t128x64k32g22s32_texture3d_texture2d_half,2048,1024,4096,1.6949,10.136
780m,8b,8da4w,parent,sarc_dev_linear_dq8ca_coopmat_zpg_bt_t128x64k32g22s32_texture3d_texture2d_half,2048,4096,4096,6.2088,11.068
780m,8b,8da4w,parent,sarc_dev_linear_dq8ca_coopmat_zpg_bt_t128x64k32g22s32_texture3d_texture2d_half,2048,14336,4096,21.7414,11.063
780m,8b,8da4w,parent,sarc_dev_linear_dq8ca_coopmat_zpg_bt_t128x64k32g22s32_texture3d_texture2d_half,2048,14336,4096,21.5744,11.148
780m,8b,8da4w,parent,sarc_dev_linear_dq8ca_coopmat_zpg_bt_t128x64k32g22s32_texture3d_texture2d_half,2048,4096,14336,21.4355,11.221
780m,8b,8da4w,parent,sarc_dev_linear_dq8ca_coopmat_zpg_bt_t128x64k32g22s32_texture3d_texture2d_half,2048,4096,4096,6.3869,10.759
780m,8b,8da4w,parent,sarc_dev_linear_dq8ca_coopmat_zpg_bt_t128x64k32g22s32_texture3d_texture2d_half,2048,1024,4096,1.6613,10.341
780m,8b,8da4w,parent,sarc_dev_linear_dq8ca_coopmat_zpg_bt_t128x64k32g22s32_texture3d_texture2d_half,2048,1024,4096,1.6633,10.329
780m,8b,8da4w,parent,sarc_dev_linear_dq8ca_coopmat_zpg_bt_t128x64k32g22s32_texture3d_texture2d_half,2048,4096,4096,6.2081,11.069
780m,8b,8da4w,parent,sarc_dev_linear_dq8ca_coopmat_zpg_bt_t128x64k32g22s32_texture3d_texture2d_half,2048,14336,4096,21.9315,10.967
780m,8b,8da4w,parent,sarc_dev_linear_dq8ca_coopmat_zpg_bt_t128x64k32g22s32_texture3d_texture2d_half,2048,14336,4096,21.1179,11.389
780m,8b,8da4w,parent,sarc_dev_linear_dq8ca_coopmat_zpg_bt_t128x64k32g22s32_texture3d_texture2d_half,2048,4096,14336,21.7454,11.061
780m,8b,8da4w,parent,sarc_dev_linear_dq8ca_coopmat_zpg_bt_t128x64k32g22s32_texture3d_texture2d_half,2048,4096,4096,6.4477,10.658
780m,8b,8da4w,parent,sarc_dev_linear_dq8ca_coopmat_zpg_bt_t128x64k32g22s32_texture3d_texture2d_half,2048,1024,4096,1.6821,10.213
780m,8b,8da4w,parent,sarc_dev_linear_dq8ca_coopmat_zpg_bt_t128x64k32g22s32_texture3d_texture2d_half,2048,1024,4096,1.6513,10.404
780m,8b,8da4w,parent,sarc_dev_linear_dq8ca_coopmat_zpg_bt_t128x64k32g22s32_texture3d_texture2d_half,2048,4096,4096,6.2435,11.007
780m,8b,8da4w,parent,sarc_dev_linear_dq8ca_coopmat_zpg_bt_t128x64k32g22s32_texture3d_texture2d_half,2048,14336,4096,21.625,11.122
780m,8b,8da4w,parent,sarc_dev_linear_dq8ca_coopmat_zpg_bt_t128x64k32g22s32_texture3d_texture2d_half,2048,14336,4096,21.7624,11.052
780m,8b,8da4w,parent,sarc_dev_linear_dq8ca_coopmat_zpg_bt_t128x64k32g22s32_texture3d_texture2d_half,2048,4096,14336,21.4884,11.193
780m,8b,8da4w,parent,sarc_dev_linear_dq8ca_coopmat_zpg_bt_t128x64k32g22s32_texture3d_texture2d_half,2048,4096,4096,6.3803,10.771
780m,8b,8da4w,parent,sarc_dev_linear_dq8ca_coopmat_zpg_bt_t128x64k32g22s32_texture3d_texture2d_half,2048,1024,4096,1.6729,10.27
780m,8b,8da4w,parent,sarc_dev_linear_dq8ca_coopmat_zpg_bt_t128x64k32g22s32_texture3d_texture2d_half,2048,1024,4096,1.6864,10.187
780m,8b,8da4w,parent,sarc_dev_linear_dq8ca_coopmat_zpg_bt_t128x64k32g22s32_texture3d_texture2d_half,2048,4096,4096,6.2433,11.007
780m,8b,8da4w,parent,sarc_dev_linear_dq8ca_coopmat_zpg_bt_t128x64k32g22s32_texture3d_texture2d_half,2048,14336,4096,21.79,11.038
780m,8b,8da4w,parent,sarc_dev_linear_dq8ca_coopmat_zpg_bt_t128x64k32g22s32_texture3d_texture2d_half,2048,14336,4096,21.3181,11.282
780m,8b,8da4w,parent,sarc_dev_linear_dq8ca_coopmat_zpg_bt_t128x64k32g22s32_texture3d_texture2d_half,2048,4096,14336,21.6636,11.102
780m,8b,8da4w,parent,sarc_dev_linear_dq8ca_coopmat_zpg_bt_t128x64k32g22s32_texture3d_texture2d_half,2048,4096,4096,6.4523,10.65
780m,8b,8da4w,parent,sarc_dev_linear_dq8ca_coopmat_zpg_bt_t128x64k32g22s32_texture3d_texture2d_half,2048,1024,4096,1.685,10.196
780m,8b,8da4w,parent,sarc_dev_linear_dq8ca_coopmat_zpg_bt_t128x64k32g22s32_texture3d_texture2d_half,2048,1024,4096,1.6794,10.23
780m,8b,8da4w,parent,sarc_dev_linear_dq8ca_coopmat_zpg_bt_t128x64k32g22s32_texture3d_texture2d_half,2048,4096,4096,6.2396,11.013
780m,8b,8da4w,parent,sarc_dev_linear_dq8ca_coopmat_zpg_bt_t128x64k32g22s32_texture3d_texture2d_half,2048,14336,4096,21.3757,11.252
780m,8b,8da4w,parent,sarc_dev_linear_dq8ca_coopmat_zpg_bt_t128x64k32g22s32_texture3d_texture2d_half,2048,14336,4096,21.4913,11.191
780m,8b,8da4w,parent,sarc_dev_linear_dq8ca_coopmat_zpg_bt_t128x64k32g22s32_texture3d_texture2d_half,2048,4096,14336,21.5308,11.171
