
=== Compute Shader Performance Benchmark ===
MiniPC no-WMMA baseline: Llama 3.1 8B / 3.2 3B / 3.2 1B, 4w/8da4w, prefill(M=2048)/decode(M=1), tiled/coop dispatch only
----------------------------------------------------------------------
Executing 192 test cases for LlamaBaselineBench
----------------------------------------------------------------------
transpose_cast_contig_to_vectorized_4x4_half..     (1024,512,1)    (2,16,1)                                                                                                                  975.053 μs                                 
q4gsw_linear_gemm__tin__w_4x8_nc_texture3d_h..     (256,1024,1)    (1,128,1)                                                                                                               16659.568 μs                                 
et_vk.linear_q4gsw.default                                                     llama-3.1-8b_4w_prefill_texture3d_wq_M2048                                                [2048x4096]       17634.621 μs       3896.850 GFLOP/s  SKIPPED
transpose_cast_contig_to_vectorized_4x4_half..     (1024,512,1)    (2,16,1)                                                                                                                  961.917 μs                                 
q4gsw_linear_gemm__tin__w_4x8_nc_texture3d_h..     (256,1024,1)    (1,128,1)                                                                                                               16759.932 μs                                 
et_vk.linear_q4gsw.default                                                     llama-3.1-8b_4w_prefill_texture3d_wo_M2048                                                [2048x4096]       17721.850 μs       3877.669 GFLOP/s  SKIPPED
transpose_cast_contig_to_vectorized_half_buf..     (4096,512,1)    (8,8,1)                                                                                                                  1166.851 μs                                 
q4gsw_linear_gemm__tin__w_4x8_nc_buffer_half       (256,1024,1)    (1,128,1)                                                                                                               16518.693 μs                                 
et_vk.linear_q4gsw.default                                                     llama-3.1-8b_4w_prefill_buffer_wq_M2048                                                   [2048x4096]       17685.543 μs       3885.630 GFLOP/s  SKIPPED
transpose_cast_contig_to_vectorized_half_buf..     (4096,512,1)    (8,8,1)                                                                                                                  1177.355 μs                                 
q4gsw_linear_gemm__tin__w_4x8_nc_buffer_half       (256,1024,1)    (1,128,1)                                                                                                               16510.213 μs                                 
et_vk.linear_q4gsw.default                                                     llama-3.1-8b_4w_prefill_buffer_wo_M2048                                                   [2048x4096]       17687.566 μs       3885.185 GFLOP/s  SKIPPED
transpose_cast_contig_to_vectorized_4x4_half..     (1024,512,1)    (2,16,1)                                                                                                                  984.009 μs                                 
q4gsw_linear_gemm__tin__w_4x8_nc_texture3d_h..     (256,256,1)     (1,128,1)                                                                                                                4187.996 μs                                 
et_vk.linear_q4gsw.default                                                     llama-3.1-8b_4w_prefill_texture3d_wk_M2048                                                [2048x4096]        5172.005 μs       3321.704 GFLOP/s  SKIPPED
transpose_cast_contig_to_vectorized_4x4_half..     (1024,512,1)    (2,16,1)                                                                                                                  963.331 μs                                 
q4gsw_linear_gemm__tin__w_4x8_nc_texture3d_h..     (256,256,1)     (1,128,1)                                                                                                                4154.077 μs                                 
et_vk.linear_q4gsw.default                                                     llama-3.1-8b_4w_prefill_texture3d_wv_M2048                                                [2048x4096]        5117.409 μs       3357.142 GFLOP/s  SKIPPED
transpose_cast_contig_to_vectorized_half_buf..     (4096,512,1)    (8,8,1)                                                                                                                  1184.565 μs                                 
q4gsw_linear_gemm__tin__w_4x8_nc_buffer_half       (256,256,1)     (1,128,1)                                                                                                                4126.427 μs                                 
et_vk.linear_q4gsw.default                                                     llama-3.1-8b_4w_prefill_buffer_wk_M2048                                                   [2048x4096]        5310.992 μs       3234.776 GFLOP/s  SKIPPED
transpose_cast_contig_to_vectorized_half_buf..     (4096,512,1)    (8,8,1)                                                                                                                  1176.085 μs                                 
q4gsw_linear_gemm__tin__w_4x8_nc_buffer_half       (256,256,1)     (1,128,1)                                                                                                                4118.561 μs                                 
et_vk.linear_q4gsw.default                                                     llama-3.1-8b_4w_prefill_buffer_wv_M2048                                                   [2048x4096]        5294.645 μs       3244.763 GFLOP/s  SKIPPED
transpose_cast_contig_to_vectorized_4x4_half..     (1024,512,1)    (2,16,1)                                                                                                                  952.744 μs                                 
q4gsw_linear_gemm__tin__w_4x8_nc_texture3d_h..     (256,3584,1)    (1,128,1)                                                                                                               58067.793 μs                                 
et_vk.linear_q4gsw.default                                                     llama-3.1-8b_4w_prefill_texture3d_w1_gate_M2048                                           [2048x4096]       59020.539 μs       4075.161 GFLOP/s  SKIPPED
transpose_cast_contig_to_vectorized_4x4_half..     (1024,512,1)    (2,16,1)                                                                                                                  977.592 μs                                 
q4gsw_linear_gemm__tin__w_4x8_nc_texture3d_h..     (256,3584,1)    (1,128,1)                                                                                                               59094.352 μs                                 
et_vk.linear_q4gsw.default                                                     llama-3.1-8b_4w_prefill_texture3d_w3_up_M2048                                             [2048x4096]       60071.945 μs       4003.835 GFLOP/s  SKIPPED
transpose_cast_contig_to_vectorized_half_buf..     (4096,512,1)    (8,8,1)                                                                                                                  1190.544 μs                                 
q4gsw_linear_gemm__tin__w_4x8_nc_buffer_half       (256,3584,1)    (1,128,1)                                                                                                               58187.227 μs                                 
et_vk.linear_q4gsw.default                                                     llama-3.1-8b_4w_prefill_buffer_w1_gate_M2048                                              [2048x4096]       59377.770 μs       4050.643 GFLOP/s  SKIPPED
transpose_cast_contig_to_vectorized_half_buf..     (4096,512,1)    (8,8,1)                                                                                                                  1178.640 μs                                 
q4gsw_linear_gemm__tin__w_4x8_nc_buffer_half       (256,3584,1)    (1,128,1)                                                                                                               58206.117 μs                                 
et_vk.linear_q4gsw.default                                                     llama-3.1-8b_4w_prefill_buffer_w3_up_M2048                                                [2048x4096]       59384.762 μs       4050.167 GFLOP/s  SKIPPED
transpose_cast_contig_to_vectorized_4x4_half..     (3584,512,1)    (2,16,1)                                                                                                                 4055.560 μs                                 
q4gsw_linear_gemm__tin__w_4x8_nc_texture3d_h..     (256,1024,1)    (1,128,1)                                                                                                               59067.508 μs                                 
et_vk.linear_q4gsw.default                                                     llama-3.1-8b_4w_prefill_texture3d_w2_down_M2048                                          [2048x14336]       63123.062 μs       3810.306 GFLOP/s  SKIPPED
transpose_cast_contig_to_vectorized_half_buf..     (14336,512,1)   (8,8,1)                                                                                                                  4936.816 μs                                 
q4gsw_linear_gemm__tin__w_4x8_nc_buffer_half       (256,1024,1)    (1,128,1)                                                                                                               59387.980 μs                                 
et_vk.linear_q4gsw.default                                                     llama-3.1-8b_4w_prefill_buffer_w2_down_M2048                                             [2048x14336]       64324.801 μs       3739.120 GFLOP/s  SKIPPED
transpose_cast_contig_to_vectorized_4x4_half..     (1024,512,1)    (2,16,1)                                                                                                                  965.240 μs                                 
q4gsw_linear_gemm__tin__w_4x8_nc_texture3d_h..     (256,32064,1)   (1,128,1)                                                                                                              534699.312 μs                                 
et_vk.linear_q4gsw.default                                                     llama-3.1-8b_4w_prefill_texture3d_lm_head_M2048                                           [2048x4096]      535664.562 μs       4017.026 GFLOP/s  SKIPPED
transpose_cast_contig_to_vectorized_half_buf..     (4096,512,1)    (8,8,1)                                                                                                                  1217.640 μs                                 
q4gsw_linear_gemm__tin__w_4x8_nc_buffer_half       (256,32064,1)   (1,128,1)                                                                                                              529186.500 μs                                 
et_vk.linear_q4gsw.default                                                     llama-3.1-8b_4w_prefill_buffer_lm_head_M2048                                              [2048x4096]      530404.125 μs       4056.866 GFLOP/s  SKIPPED
q4gsw_linear_gemv_coop__w_4x8_nc_buffer_g4w1..     (128,4,16)      (1,4,16)    llama-3.1-8b_4w_decode_texture3d_wq_M1                                                       [1x4096]         121.247 μs        276.744 GFLOP/s  SKIPPED
q4gsw_linear_gemv_coop__w_4x8_nc_buffer_g4w1..     (128,4,16)      (1,4,16)    llama-3.1-8b_4w_decode_texture3d_wo_M1                                                       [1x4096]         119.890 μs        279.876 GFLOP/s  SKIPPED
q4gsw_linear_gemv_coop__w_4x8_nc_buffer_g4w1..     (128,4,16)      (1,4,16)    llama-3.1-8b_4w_decode_buffer_wq_M1                                                          [1x4096]         120.373 μs        278.754 GFLOP/s  SKIPPED
q4gsw_linear_gemv_coop__w_4x8_nc_buffer_g4w1..     (128,4,16)      (1,4,16)    llama-3.1-8b_4w_decode_buffer_wo_M1                                                          [1x4096]         120.256 μs        279.025 GFLOP/s  SKIPPED
q4gsw_linear_gemv_coop__w_4x8_nc_buffer_g1w6..     (128,1,64)      (1,1,64)    llama-3.1-8b_4w_decode_texture3d_wk_M1                                                       [1x4096]          42.691 μs        196.498 GFLOP/s  SKIPPED
q4gsw_linear_gemv_coop__w_4x8_nc_buffer_g1w6..     (128,1,64)      (1,1,64)    llama-3.1-8b_4w_decode_texture3d_wv_M1                                                       [1x4096]          35.956 μs        233.300 GFLOP/s  SKIPPED
q4gsw_linear_gemv_coop__w_4x8_nc_buffer_g1w6..     (128,1,64)      (1,1,64)    llama-3.1-8b_4w_decode_buffer_wk_M1                                                          [1x4096]          35.658 μs        235.254 GFLOP/s  SKIPPED
q4gsw_linear_gemv_coop__w_4x8_nc_buffer_g1w6..     (128,1,64)      (1,1,64)    llama-3.1-8b_4w_decode_buffer_wv_M1                                                          [1x4096]          34.814 μs        240.957 GFLOP/s  SKIPPED
q4gsw_linear_gemv_coop__w_4x8_nc_buffer_g8w8..     (224,8,8)       (1,8,8)     llama-3.1-8b_4w_decode_texture3d_w1_gate_M1                                                  [1x4096]         395.737 μs        296.764 GFLOP/s  SKIPPED
q4gsw_linear_gemv_coop__w_4x8_nc_buffer_g8w8..     (224,8,8)       (1,8,8)     llama-3.1-8b_4w_decode_texture3d_w3_up_M1                                                    [1x4096]         396.519 μs        296.179 GFLOP/s  SKIPPED
q4gsw_linear_gemv_coop__w_4x8_nc_buffer_g8w8..     (224,8,8)       (1,8,8)     llama-3.1-8b_4w_decode_buffer_w1_gate_M1                                                     [1x4096]         397.971 μs        295.098 GFLOP/s  SKIPPED
q4gsw_linear_gemv_coop__w_4x8_nc_buffer_g8w8..     (224,8,8)       (1,8,8)     llama-3.1-8b_4w_decode_buffer_w3_up_M1                                                       [1x4096]         398.738 μs        294.530 GFLOP/s  SKIPPED
q4gsw_linear_gemv_coop__w_4x8_nc_buffer_g4w1..     (128,4,16)      (1,4,16)    llama-3.1-8b_4w_decode_texture3d_w2_down_M1                                                 [1x14336]         418.644 μs        280.526 GFLOP/s  SKIPPED
q4gsw_linear_gemv_coop__w_4x8_nc_buffer_g4w1..     (128,4,16)      (1,4,16)    llama-3.1-8b_4w_decode_buffer_w2_down_M1                                                    [1x14336]         423.147 μs        277.541 GFLOP/s  SKIPPED
q4gsw_linear_gemv_coop__w_4x8_nc_buffer_g8w8..     (2004,8,8)      (1,8,8)     llama-3.1-8b_4w_decode_texture3d_lm_head_M1                                                  [1x4096]        3835.488 μs        273.935 GFLOP/s  SKIPPED
q4gsw_linear_gemv_coop__w_4x8_nc_buffer_g8w8..     (2004,8,8)      (1,8,8)     llama-3.1-8b_4w_decode_buffer_lm_head_M1                                                     [1x4096]        3758.161 μs        279.571 GFLOP/s  SKIPPED
quantize_and_pack_4h4w_with_group_sums_o4w16..     (128,512,1)     (4,1,16)                                                                                                                  337.004 μs                                 
linear_dq8ca_q4gsw_tiled_texture3d_texture2d..     (512,512,1)     (8,8,1)                                                                                                                 13358.838 μs                                 
et_vk.linear_dq8ca_q4gsw.default                                               llama-3.1-8b_8da4w_prefill_texture3d_wq_M2048                                             [2048x4096]       13695.842 μs       5017.543 GFLOP/s  SKIPPED
quantize_and_pack_4h4w_with_group_sums_o4w16..     (128,512,1)     (4,1,16)                                                                                                                  335.177 μs                                 
linear_dq8ca_q4gsw_tiled_texture3d_texture2d..     (512,512,1)     (8,8,1)                                                                                                                 13191.502 μs                                 
et_vk.linear_dq8ca_q4gsw.default                                               llama-3.1-8b_8da4w_prefill_texture3d_wo_M2048                                             [2048x4096]       13526.680 μs       5080.292 GFLOP/s  SKIPPED
quantize_and_pack_4h4w_with_group_sums_o4w16..     (128,512,1)     (4,1,16)                                                                                                                  336.786 μs                                 
linear_dq8ca_q4gsw_tiled_buffer_texture2d_half     (512,512,1)     (8,8,1)                                                                                                                 12952.753 μs                                 
et_vk.linear_dq8ca_q4gsw.default                                               llama-3.1-8b_8da4w_prefill_buffer_wq_M2048                                                [2048x4096]       13289.541 μs       5170.944 GFLOP/s  SKIPPED
quantize_and_pack_4h4w_with_group_sums_o4w16..     (128,512,1)     (4,1,16)                                                                                                                  337.313 μs                                 
linear_dq8ca_q4gsw_tiled_buffer_texture2d_half     (512,512,1)     (8,8,1)                                                                                                                 12954.745 μs                                 
et_vk.linear_dq8ca_q4gsw.default                                               llama-3.1-8b_8da4w_prefill_buffer_wo_M2048                                                [2048x4096]       13292.060 μs       5169.964 GFLOP/s  SKIPPED
quantize_and_pack_4h4w_with_group_sums_o4w16..     (128,512,1)     (4,1,16)                                                                                                                  338.415 μs                                 
linear_dq8ca_q4gsw_tiled_texture3d_texture2d..     (128,512,1)     (8,8,1)                                                                                                                  3281.091 μs                                 
et_vk.linear_dq8ca_q4gsw.default                                               llama-3.1-8b_8da4w_prefill_texture3d_wk_M2048                                             [2048x4096]        3619.505 μs       4746.469 GFLOP/s  SKIPPED
quantize_and_pack_4h4w_with_group_sums_o4w16..     (128,512,1)     (4,1,16)                                                                                                                  337.114 μs                                 
linear_dq8ca_q4gsw_tiled_texture3d_texture2d..     (128,512,1)     (8,8,1)                                                                                                                  3197.628 μs                                 
et_vk.linear_dq8ca_q4gsw.default                                               llama-3.1-8b_8da4w_prefill_texture3d_wv_M2048                                             [2048x4096]        3534.743 μs       4860.288 GFLOP/s  SKIPPED
quantize_and_pack_4h4w_with_group_sums_o4w16..     (128,512,1)     (4,1,16)                                                                                                                  339.570 μs                                 
linear_dq8ca_q4gsw_tiled_buffer_texture2d_half     (128,512,1)     (8,8,1)                                                                                                                  3161.689 μs                                 
et_vk.linear_dq8ca_q4gsw.default                                               llama-3.1-8b_8da4w_prefill_buffer_wk_M2048                                                [2048x4096]        3501.259 μs       4906.769 GFLOP/s  SKIPPED
quantize_and_pack_4h4w_with_group_sums_o4w16..     (128,512,1)     (4,1,16)                                                                                                                  340.439 μs                                 
linear_dq8ca_q4gsw_tiled_buffer_texture2d_half     (128,512,1)     (8,8,1)                                                                                                                  3189.446 μs                                 
et_vk.linear_dq8ca_q4gsw.default                                               llama-3.1-8b_8da4w_prefill_buffer_wv_M2048                                                [2048x4096]        3529.885 μs       4866.977 GFLOP/s  SKIPPED
quantize_and_pack_4h4w_with_group_sums_o4w16..     (128,512,1)     (4,1,16)                                                                                                                  338.324 μs                                 
linear_dq8ca_q4gsw_tiled_texture3d_texture2d..     (1792,512,1)    (8,8,1)                                                                                                                 46150.105 μs                                 
et_vk.linear_dq8ca_q4gsw.default                                               llama-3.1-8b_8da4w_prefill_texture3d_w1_gate_M2048                                        [2048x4096]       46488.430 μs       5173.721 GFLOP/s  SKIPPED
quantize_and_pack_4h4w_with_group_sums_o4w16..     (128,512,1)     (4,1,16)                                                                                                                  336.128 μs                                 
linear_dq8ca_q4gsw_tiled_texture3d_texture2d..     (1792,512,1)    (8,8,1)                                                                                                                 45911.320 μs                                 
et_vk.linear_dq8ca_q4gsw.default                                               llama-3.1-8b_8da4w_prefill_texture3d_w3_up_M2048                                          [2048x4096]       46247.445 μs       5200.680 GFLOP/s  SKIPPED
quantize_and_pack_4h4w_with_group_sums_o4w16..     (128,512,1)     (4,1,16)                                                                                                                  342.656 μs                                 
linear_dq8ca_q4gsw_tiled_buffer_texture2d_half     (1792,512,1)    (8,8,1)                                                                                                                 45996.488 μs                                 
et_vk.linear_dq8ca_q4gsw.default                                               llama-3.1-8b_8da4w_prefill_buffer_w1_gate_M2048                                           [2048x4096]       46339.145 μs       5190.389 GFLOP/s  SKIPPED
quantize_and_pack_4h4w_with_group_sums_o4w16..     (128,512,1)     (4,1,16)                                                                                                                  341.420 μs                                 
linear_dq8ca_q4gsw_tiled_buffer_texture2d_half     (1792,512,1)    (8,8,1)                                                                                                                 45740.852 μs                                 
et_vk.linear_dq8ca_q4gsw.default                                               llama-3.1-8b_8da4w_prefill_buffer_w3_up_M2048                                             [2048x4096]       46082.273 μs       5219.321 GFLOP/s  SKIPPED
quantize_and_pack_4h4w_with_group_sums_o4w16..     (448,512,1)     (4,1,16)                                                                                                                 1283.920 μs                                 
linear_dq8ca_q4gsw_tiled_texture3d_texture2d..     (512,512,1)     (8,8,1)                                                                                                                 45707.066 μs                                 
et_vk.linear_dq8ca_q4gsw.default                                               llama-3.1-8b_8da4w_prefill_texture3d_w2_down_M2048                                       [2048x14336]       46990.988 μs       5118.390 GFLOP/s  SKIPPED
quantize_and_pack_4h4w_with_group_sums_o4w16..     (448,512,1)     (4,1,16)                                                                                                                 1272.320 μs                                 
linear_dq8ca_q4gsw_tiled_buffer_texture2d_half     (512,512,1)     (8,8,1)                                                                                                                 44763.324 μs                                 
et_vk.linear_dq8ca_q4gsw.default                                               llama-3.1-8b_8da4w_prefill_buffer_w2_down_M2048                                          [2048x14336]       46035.641 μs       5224.608 GFLOP/s  SKIPPED
quantize_and_pack_4h4w_with_group_sums_o4w16..     (128,512,1)     (4,1,16)                                                                                                                  340.040 μs                                 
linear_dq8ca_q4gsw_tiled_texture3d_texture2d..     (16032,512,1)   (8,8,1)                                                                                                                408054.719 μs                                 
et_vk.linear_dq8ca_q4gsw.default                                               llama-3.1-8b_8da4w_prefill_texture3d_lm_head_M2048                                        [2048x4096]      408394.750 μs       5268.869 GFLOP/s  SKIPPED
quantize_and_pack_4h4w_with_group_sums_o4w16..     (128,512,1)     (4,1,16)                                                                                                                  352.440 μs                                 
linear_dq8ca_q4gsw_tiled_buffer_texture2d_half     (16032,512,1)   (8,8,1)                                                                                                                412036.719 μs                                 
et_vk.linear_dq8ca_q4gsw.default                                               llama-3.1-8b_8da4w_prefill_buffer_lm_head_M2048                                           [2048x4096]      412389.156 μs       5217.835 GFLOP/s  SKIPPED
linear_dq8ca_q4gsw_coop_texture3d_texture2d_..     (512,1,1)       (1,1,64)    llama-3.1-8b_8da4w_decode_texture3d_wq_M1                                                    [1x4096]         111.445 μs        301.086 GFLOP/s  SKIPPED
linear_dq8ca_q4gsw_coop_texture3d_texture2d_..     (512,1,1)       (1,1,64)    llama-3.1-8b_8da4w_decode_texture3d_wo_M1                                                    [1x4096]         112.758 μs        297.579 GFLOP/s  SKIPPED
linear_dq8ca_q4gsw_coop_buffer_texture2d_half      (512,1,1)       (1,1,64)    llama-3.1-8b_8da4w_decode_buffer_wq_M1                                                       [1x4096]         115.952 μs        289.383 GFLOP/s  SKIPPED
linear_dq8ca_q4gsw_coop_buffer_texture2d_half      (512,1,1)       (1,1,64)    llama-3.1-8b_8da4w_decode_buffer_wo_M1                                                       [1x4096]         115.780 μs        289.813 GFLOP/s  SKIPPED
linear_dq8ca_q4gsw_coop_texture3d_texture2d_..     (128,1,1)       (1,1,64)    llama-3.1-8b_8da4w_decode_texture3d_wk_M1                                                    [1x4096]          28.974 μs        289.527 GFLOP/s  SKIPPED
linear_dq8ca_q4gsw_coop_texture3d_texture2d_..     (128,1,1)       (1,1,64)    llama-3.1-8b_8da4w_decode_texture3d_wv_M1                                                    [1x4096]          28.129 μs        298.218 GFLOP/s  SKIPPED
linear_dq8ca_q4gsw_coop_buffer_texture2d_half      (128,1,1)       (1,1,64)    llama-3.1-8b_8da4w_decode_buffer_wk_M1                                                       [1x4096]          29.778 μs        281.706 GFLOP/s  SKIPPED
linear_dq8ca_q4gsw_coop_buffer_texture2d_half      (128,1,1)       (1,1,64)    llama-3.1-8b_8da4w_decode_buffer_wv_M1                                                       [1x4096]          34.257 μs        244.870 GFLOP/s  SKIPPED
linear_dq8ca_q4gsw_coop_texture3d_texture2d_..     (1792,1,1)      (1,1,64)    llama-3.1-8b_8da4w_decode_texture3d_w1_gate_M1                                               [1x4096]         388.759 μs        302.091 GFLOP/s  SKIPPED
linear_dq8ca_q4gsw_coop_texture3d_texture2d_..     (1792,1,1)      (1,1,64)    llama-3.1-8b_8da4w_decode_texture3d_w3_up_M1                                                 [1x4096]         391.898 μs        299.671 GFLOP/s  SKIPPED
linear_dq8ca_q4gsw_coop_buffer_texture2d_half      (1792,1,1)      (1,1,64)    llama-3.1-8b_8da4w_decode_buffer_w1_gate_M1                                                  [1x4096]         390.835 μs        300.486 GFLOP/s  SKIPPED
linear_dq8ca_q4gsw_coop_buffer_texture2d_half      (1792,1,1)      (1,1,64)    llama-3.1-8b_8da4w_decode_buffer_w3_up_M1                                                    [1x4096]         392.409 μs        299.281 GFLOP/s  SKIPPED
linear_dq8ca_q4gsw_coop_texture3d_texture2d_..     (512,1,1)       (1,1,64)    llama-3.1-8b_8da4w_decode_texture3d_w2_down_M1                                              [1x14336]         418.871 μs        280.374 GFLOP/s  SKIPPED
linear_dq8ca_q4gsw_coop_buffer_texture2d_half      (512,1,1)       (1,1,64)    llama-3.1-8b_8da4w_decode_buffer_w2_down_M1                                                 [1x14336]         428.351 μs        274.169 GFLOP/s  SKIPPED
linear_dq8ca_q4gsw_coop_texture3d_texture2d_..     (16032,1,1)     (1,1,64)    llama-3.1-8b_8da4w_decode_texture3d_lm_head_M1                                               [1x4096]        3543.058 μs        296.544 GFLOP/s  SKIPPED
linear_dq8ca_q4gsw_coop_buffer_texture2d_half      (16032,1,1)     (1,1,64)    llama-3.1-8b_8da4w_decode_buffer_lm_head_M1                                                  [1x4096]        3598.922 μs        291.941 GFLOP/s  SKIPPED
transpose_cast_contig_to_vectorized_4x4_half..     (768,512,1)     (2,16,1)                                                                                                                  643.131 μs                                 
q4gsw_linear_gemm__tin__w_4x8_nc_texture3d_h..     (256,768,1)     (1,128,1)                                                                                                                9956.151 μs                                 
et_vk.linear_q4gsw.default                                                     llama-3.2-3b_4w_prefill_texture3d_wq_M2048                                                [2048x3072]       10599.283 μs       3646.917 GFLOP/s  SKIPPED
transpose_cast_contig_to_vectorized_4x4_half..     (768,512,1)     (2,16,1)                                                                                                                  627.419 μs                                 
q4gsw_linear_gemm__tin__w_4x8_nc_texture3d_h..     (256,768,1)     (1,128,1)                                                                                                                9749.427 μs                                 
et_vk.linear_q4gsw.default                                                     llama-3.2-3b_4w_prefill_texture3d_wo_M2048                                                [2048x3072]       10376.844 μs       3725.093 GFLOP/s  SKIPPED
transpose_cast_contig_to_vectorized_half_buf..     (3072,512,1)    (8,8,1)                                                                                                                   669.883 μs                                 
q4gsw_linear_gemm__tin__w_4x8_nc_buffer_half       (256,768,1)     (1,128,1)                                                                                                                9905.299 μs                                 
et_vk.linear_q4gsw.default                                                     llama-3.2-3b_4w_prefill_buffer_wq_M2048                                                   [2048x3072]       10575.182 μs       3655.229 GFLOP/s  SKIPPED
transpose_cast_contig_to_vectorized_half_buf..     (3072,512,1)    (8,8,1)                                                                                                                   671.027 μs                                 
q4gsw_linear_gemm__tin__w_4x8_nc_buffer_half       (256,768,1)     (1,128,1)                                                                                                               10022.115 μs                                 
et_vk.linear_q4gsw.default                                                     llama-3.2-3b_4w_prefill_buffer_wo_M2048                                                   [2048x3072]       10693.143 μs       3614.906 GFLOP/s  SKIPPED
transpose_cast_contig_to_vectorized_4x4_half..     (768,512,1)     (2,16,1)                                                                                                                  623.195 μs                                 
q4gsw_linear_gemm__tin__w_4x8_nc_texture3d_h..     (256,256,1)     (1,128,1)                                                                                                                3244.076 μs                                 
et_vk.linear_q4gsw.default                                                     llama-3.2-3b_4w_prefill_texture3d_wk_M2048                                                [2048x3072]        3867.271 μs       3331.782 GFLOP/s  SKIPPED
transpose_cast_contig_to_vectorized_4x4_half..     (768,512,1)     (2,16,1)                                                                                                                  623.318 μs                                 
q4gsw_linear_gemm__tin__w_4x8_nc_texture3d_h..     (256,256,1)     (1,128,1)                                                                                                                3241.460 μs                                 
et_vk.linear_q4gsw.default                                                     llama-3.2-3b_4w_prefill_texture3d_wv_M2048                                                [2048x3072]        3864.779 μs       3333.930 GFLOP/s  SKIPPED
transpose_cast_contig_to_vectorized_half_buf..     (3072,512,1)    (8,8,1)                                                                                                                   664.013 μs                                 
q4gsw_linear_gemm__tin__w_4x8_nc_buffer_half       (256,256,1)     (1,128,1)                                                                                                                3258.416 μs                                 
et_vk.linear_q4gsw.default                                                     llama-3.2-3b_4w_prefill_buffer_wk_M2048                                                   [2048x3072]        3922.429 μs       3284.929 GFLOP/s  SKIPPED
transpose_cast_contig_to_vectorized_half_buf..     (3072,512,1)    (8,8,1)                                                                                                                   671.242 μs                                 
q4gsw_linear_gemm__tin__w_4x8_nc_buffer_half       (256,256,1)     (1,128,1)                                                                                                                3328.514 μs                                 
et_vk.linear_q4gsw.default                                                     llama-3.2-3b_4w_prefill_buffer_wv_M2048                                                   [2048x3072]        3999.756 μs       3221.422 GFLOP/s  SKIPPED
transpose_cast_contig_to_vectorized_4x4_half..     (768,512,1)     (2,16,1)                                                                                                                  633.715 μs                                 
q4gsw_linear_gemm__tin__w_4x8_nc_texture3d_h..     (256,2048,1)    (1,128,1)                                                                                                               27320.059 μs                                 
et_vk.linear_q4gsw.default                                                     llama-3.2-3b_4w_prefill_texture3d_w1_gate_M2048                                           [2048x3072]       27953.771 μs       3687.489 GFLOP/s  SKIPPED
transpose_cast_contig_to_vectorized_4x4_half..     (768,512,1)     (2,16,1)                                                                                                                  631.048 μs                                 
q4gsw_linear_gemm__tin__w_4x8_nc_texture3d_h..     (256,2048,1)    (1,128,1)                                                                                                               26813.373 μs                                 
et_vk.linear_q4gsw.default                                                     llama-3.2-3b_4w_prefill_texture3d_w3_up_M2048                                             [2048x3072]       27444.422 μs       3755.926 GFLOP/s  SKIPPED
transpose_cast_contig_to_vectorized_half_buf..     (3072,512,1)    (8,8,1)                                                                                                                   648.960 μs                                 
q4gsw_linear_gemm__tin__w_4x8_nc_buffer_half       (256,2048,1)    (1,128,1)                                                                                                               27005.373 μs                                 
et_vk.linear_q4gsw.default                                                     llama-3.2-3b_4w_prefill_buffer_w1_gate_M2048                                              [2048x3072]       27654.332 μs       3727.417 GFLOP/s  SKIPPED
transpose_cast_contig_to_vectorized_half_buf..     (3072,512,1)    (8,8,1)                                                                                                                   660.155 μs                                 
q4gsw_linear_gemm__tin__w_4x8_nc_buffer_half       (256,2048,1)    (1,128,1)                                                                                                               26969.365 μs                                 
et_vk.linear_q4gsw.default                                                     llama-3.2-3b_4w_prefill_buffer_w3_up_M2048                                                [2048x3072]       27629.520 μs       3730.764 GFLOP/s  SKIPPED
transpose_cast_contig_to_vectorized_4x4_half..     (2048,512,1)    (2,16,1)                                                                                                                 2195.288 μs                                 
q4gsw_linear_gemm__tin__w_4x8_nc_texture3d_h..     (256,768,1)     (1,128,1)                                                                                                               26540.629 μs                                 
et_vk.linear_q4gsw.default                                                     llama-3.2-3b_4w_prefill_texture3d_w2_down_M2048                                           [2048x8192]       28735.916 μs       3587.121 GFLOP/s  SKIPPED
transpose_cast_contig_to_vectorized_half_buf..     (8192,512,1)    (8,8,1)                                                                                                                  2625.368 μs                                 
q4gsw_linear_gemm__tin__w_4x8_nc_buffer_half       (256,768,1)     (1,128,1)                                                                                                               27499.709 μs                                 
et_vk.linear_q4gsw.default                                                     llama-3.2-3b_4w_prefill_buffer_w2_down_M2048                                              [2048x8192]       30125.074 μs       3421.708 GFLOP/s  SKIPPED
transpose_cast_contig_to_vectorized_4x4_half..     (768,512,1)     (2,16,1)                                                                                                                  634.152 μs                                 
q4gsw_linear_gemm__tin__w_4x8_nc_texture3d_h..     (256,32064,1)   (1,128,1)                                                                                                              434392.688 μs                                 
et_vk.linear_q4gsw.default                                                     llama-3.2-3b_4w_prefill_texture3d_lm_head_M2048                                           [2048x3072]      435026.906 μs       3709.734 GFLOP/s  SKIPPED
transpose_cast_contig_to_vectorized_half_buf..     (3072,512,1)    (8,8,1)                                                                                                                   704.208 μs                                 
q4gsw_linear_gemm__tin__w_4x8_nc_buffer_half       (256,32064,1)   (1,128,1)                                                                                                              439951.812 μs                                 
et_vk.linear_q4gsw.default                                                     llama-3.2-3b_4w_prefill_buffer_lm_head_M2048                                              [2048x3072]      440656.000 μs       3662.344 GFLOP/s  SKIPPED
q4gsw_linear_gemv_coop__w_4x8_nc_buffer_g4w1..     (96,4,16)       (1,4,16)    llama-3.2-3b_4w_decode_texture3d_wq_M1                                                       [1x3072]          70.597 μs        267.354 GFLOP/s  SKIPPED
q4gsw_linear_gemv_coop__w_4x8_nc_buffer_g4w1..     (96,4,16)       (1,4,16)    llama-3.2-3b_4w_decode_texture3d_wo_M1                                                       [1x3072]          71.810 μs        262.836 GFLOP/s  SKIPPED
q4gsw_linear_gemv_coop__w_4x8_nc_buffer_g4w1..     (96,4,16)       (1,4,16)    llama-3.2-3b_4w_decode_buffer_wq_M1                                                          [1x3072]          70.841 μs        266.432 GFLOP/s  SKIPPED
q4gsw_linear_gemv_coop__w_4x8_nc_buffer_g4w1..     (96,4,16)       (1,4,16)    llama-3.2-3b_4w_decode_buffer_wo_M1                                                          [1x3072]          72.482 μs        260.402 GFLOP/s  SKIPPED
q4gsw_linear_gemv_coop__w_4x8_nc_buffer_g1w6..     (128,1,64)      (1,1,64)    llama-3.2-3b_4w_decode_texture3d_wk_M1                                                       [1x3072]          27.259 μs        230.804 GFLOP/s  SKIPPED
q4gsw_linear_gemv_coop__w_4x8_nc_buffer_g1w6..     (128,1,64)      (1,1,64)    llama-3.2-3b_4w_decode_texture3d_wv_M1                                                       [1x3072]          26.591 μs        236.601 GFLOP/s  SKIPPED
q4gsw_linear_gemv_coop__w_4x8_nc_buffer_g1w6..     (128,1,64)      (1,1,64)    llama-3.2-3b_4w_decode_buffer_wk_M1                                                          [1x3072]          27.071 μs        232.410 GFLOP/s  SKIPPED
q4gsw_linear_gemv_coop__w_4x8_nc_buffer_g1w6..     (128,1,64)      (1,1,64)    llama-3.2-3b_4w_decode_buffer_wv_M1                                                          [1x3072]          26.821 μs        234.570 GFLOP/s  SKIPPED
q4gsw_linear_gemv_coop__w_4x8_nc_buffer_g8w8..     (128,8,8)       (1,8,8)     llama-3.2-3b_4w_decode_texture3d_w1_gate_M1                                                  [1x3072]         182.993 μs        275.046 GFLOP/s  SKIPPED
q4gsw_linear_gemv_coop__w_4x8_nc_buffer_g8w8..     (128,8,8)       (1,8,8)     llama-3.2-3b_4w_decode_texture3d_w3_up_M1                                                    [1x3072]         183.282 μs        274.613 GFLOP/s  SKIPPED
q4gsw_linear_gemv_coop__w_4x8_nc_buffer_g8w8..     (128,8,8)       (1,8,8)     llama-3.2-3b_4w_decode_buffer_w1_gate_M1                                                     [1x3072]         183.394 μs        274.446 GFLOP/s  SKIPPED
q4gsw_linear_gemv_coop__w_4x8_nc_buffer_g8w8..     (128,8,8)       (1,8,8)     llama-3.2-3b_4w_decode_buffer_w3_up_M1                                                       [1x3072]         181.537 μs        277.253 GFLOP/s  SKIPPED
q4gsw_linear_gemv_coop__w_4x8_nc_buffer_g4w1..     (96,4,16)       (1,4,16)    llama-3.2-3b_4w_decode_texture3d_w2_down_M1                                                  [1x8192]         183.960 μs        273.601 GFLOP/s  SKIPPED
q4gsw_linear_gemv_coop__w_4x8_nc_buffer_g4w1..     (96,4,16)       (1,4,16)    llama-3.2-3b_4w_decode_buffer_w2_down_M1                                                     [1x8192]         189.669 μs        265.366 GFLOP/s  SKIPPED
q4gsw_linear_gemv_coop__w_4x8_nc_buffer_g8w8..     (2004,8,8)      (1,8,8)     llama-3.2-3b_4w_decode_texture3d_lm_head_M1                                                  [1x3072]        2829.542 μs        278.492 GFLOP/s  SKIPPED
q4gsw_linear_gemv_coop__w_4x8_nc_buffer_g8w8..     (2004,8,8)      (1,8,8)     llama-3.2-3b_4w_decode_buffer_lm_head_M1                                                     [1x3072]        2842.097 μs        277.262 GFLOP/s  SKIPPED
quantize_and_pack_4h4w_with_group_sums_o4w16..     (96,512,1)      (4,1,16)                                                                                                                  256.994 μs                                 
linear_dq8ca_q4gsw_tiled_texture3d_texture2d..     (384,512,1)     (8,8,1)                                                                                                                  7582.545 μs                                 
et_vk.linear_dq8ca_q4gsw.default                                               llama-3.2-3b_8da4w_prefill_texture3d_wq_M2048                                             [2048x3072]        7839.540 μs       4930.736 GFLOP/s  SKIPPED
quantize_and_pack_4h4w_with_group_sums_o4w16..     (96,512,1)      (4,1,16)                                                                                                                  260.478 μs                                 
linear_dq8ca_q4gsw_tiled_texture3d_texture2d..     (384,512,1)     (8,8,1)                                                                                                                  7507.279 μs                                 
et_vk.linear_dq8ca_q4gsw.default                                               llama-3.2-3b_8da4w_prefill_texture3d_wo_M2048                                             [2048x3072]        7767.756 μs       4976.302 GFLOP/s  SKIPPED
quantize_and_pack_4h4w_with_group_sums_o4w16..     (96,512,1)      (4,1,16)                                                                                                                  252.538 μs                                 
linear_dq8ca_q4gsw_tiled_buffer_texture2d_half     (384,512,1)     (8,8,1)                                                                                                                  7466.758 μs                                 
et_vk.linear_dq8ca_q4gsw.default                                               llama-3.2-3b_8da4w_prefill_buffer_wq_M2048                                                [2048x3072]        7719.298 μs       5007.542 GFLOP/s  SKIPPED
quantize_and_pack_4h4w_with_group_sums_o4w16..     (96,512,1)      (4,1,16)                                                                                                                  252.588 μs                                 
linear_dq8ca_q4gsw_tiled_buffer_texture2d_half     (384,512,1)     (8,8,1)                                                                                                                  7447.927 μs                                 
et_vk.linear_dq8ca_q4gsw.default                                               llama-3.2-3b_8da4w_prefill_buffer_wo_M2048                                                [2048x3072]        7700.515 μs       5019.756 GFLOP/s  SKIPPED
quantize_and_pack_4h4w_with_group_sums_o4w16..     (96,512,1)      (4,1,16)                                                                                                                  259.171 μs                                 
linear_dq8ca_q4gsw_tiled_texture3d_texture2d..     (128,512,1)     (8,8,1)                                                                                                                  2395.824 μs                                 
et_vk.linear_dq8ca_q4gsw.default                                               llama-3.2-3b_8da4w_prefill_texture3d_wk_M2048                                             [2048x3072]        2654.996 μs       4853.079 GFLOP/s  SKIPPED
quantize_and_pack_4h4w_with_group_sums_o4w16..     (96,512,1)      (4,1,16)                                                                                                                  263.765 μs                                 
linear_dq8ca_q4gsw_tiled_texture3d_texture2d..     (128,512,1)     (8,8,1)                                                                                                                  2513.170 μs                                 
et_vk.linear_dq8ca_q4gsw.default                                               llama-3.2-3b_8da4w_prefill_texture3d_wv_M2048                                             [2048x3072]        2776.935 μs       4639.972 GFLOP/s  SKIPPED
quantize_and_pack_4h4w_with_group_sums_o4w16..     (96,512,1)      (4,1,16)                                                                                                                  257.801 μs                                 
linear_dq8ca_q4gsw_tiled_buffer_texture2d_half     (128,512,1)     (8,8,1)                                                                                                                  2396.633 μs                                 
et_vk.linear_dq8ca_q4gsw.default                                               llama-3.2-3b_8da4w_prefill_buffer_wk_M2048                                                [2048x3072]        2654.434 μs       4854.104 GFLOP/s  SKIPPED
quantize_and_pack_4h4w_with_group_sums_o4w16..     (96,512,1)      (4,1,16)                                                                                                                  257.531 μs                                 
linear_dq8ca_q4gsw_tiled_buffer_texture2d_half     (128,512,1)     (8,8,1)                                                                                                                  2399.664 μs                                 
et_vk.linear_dq8ca_q4gsw.default                                               llama-3.2-3b_8da4w_prefill_buffer_wv_M2048                                                [2048x3072]        2657.195 μs       4849.062 GFLOP/s  SKIPPED
quantize_and_pack_4h4w_with_group_sums_o4w16..     (96,512,1)      (4,1,16)                                                                                                                  255.333 μs                                 
linear_dq8ca_q4gsw_tiled_texture3d_texture2d..     (1024,512,1)    (8,8,1)                                                                                                                 19922.701 μs                                 
et_vk.linear_dq8ca_q4gsw.default                                               llama-3.2-3b_8da4w_prefill_texture3d_w1_gate_M2048                                        [2048x3072]       20178.035 μs       5108.486 GFLOP/s  SKIPPED
quantize_and_pack_4h4w_with_group_sums_o4w16..     (96,512,1)      (4,1,16)                                                                                                                  255.309 μs                                 
linear_dq8ca_q4gsw_tiled_texture3d_texture2d..     (1024,512,1)    (8,8,1)                                                                                                                 20145.717 μs                                 
et_vk.linear_dq8ca_q4gsw.default                                               llama-3.2-3b_8da4w_prefill_texture3d_w3_up_M2048                                          [2048x3072]       20401.027 μs       5052.648 GFLOP/s  SKIPPED
quantize_and_pack_4h4w_with_group_sums_o4w16..     (96,512,1)      (4,1,16)                                                                                                                  255.853 μs                                 
linear_dq8ca_q4gsw_tiled_buffer_texture2d_half     (1024,512,1)    (8,8,1)                                                                                                                 20292.586 μs                                 
et_vk.linear_dq8ca_q4gsw.default                                               llama-3.2-3b_8da4w_prefill_buffer_w1_gate_M2048                                           [2048x3072]       20548.439 μs       5016.401 GFLOP/s  SKIPPED
quantize_and_pack_4h4w_with_group_sums_o4w16..     (96,512,1)      (4,1,16)                                                                                                                  255.595 μs                                 
linear_dq8ca_q4gsw_tiled_buffer_texture2d_half     (1024,512,1)    (8,8,1)                                                                                                                 20391.482 μs                                 
et_vk.linear_dq8ca_q4gsw.default                                               llama-3.2-3b_8da4w_prefill_buffer_w3_up_M2048                                             [2048x3072]       20647.082 μs       4992.435 GFLOP/s  SKIPPED
quantize_and_pack_4h4w_with_group_sums_o4w16..     (256,512,1)     (4,1,16)                                                                                                                  695.907 μs                                 
linear_dq8ca_q4gsw_tiled_texture3d_texture2d..     (384,512,1)     (8,8,1)                                                                                                                 20319.941 μs                                 
et_vk.linear_dq8ca_q4gsw.default                                               llama-3.2-3b_8da4w_prefill_texture3d_w2_down_M2048                                        [2048x8192]       21015.848 μs       4904.833 GFLOP/s  SKIPPED
quantize_and_pack_4h4w_with_group_sums_o4w16..     (256,512,1)     (4,1,16)                                                                                                                  693.646 μs                                 
linear_dq8ca_q4gsw_tiled_buffer_texture2d_half     (384,512,1)     (8,8,1)                                                                                                                 20245.838 μs                                 
et_vk.linear_dq8ca_q4gsw.default                                               llama-3.2-3b_8da4w_prefill_buffer_w2_down_M2048                                           [2048x8192]       20939.488 μs       4922.719 GFLOP/s  SKIPPED
quantize_and_pack_4h4w_with_group_sums_o4w16..     (96,512,1)      (4,1,16)                                                                                                                  271.344 μs                                 
linear_dq8ca_q4gsw_tiled_texture3d_texture2d..     (16032,512,1)   (8,8,1)                                                                                                                319186.031 μs                                 
et_vk.linear_dq8ca_q4gsw.default                                               llama-3.2-3b_8da4w_prefill_texture3d_lm_head_M2048                                        [2048x3072]      319457.375 μs       5051.797 GFLOP/s  SKIPPED
quantize_and_pack_4h4w_with_group_sums_o4w16..     (96,512,1)      (4,1,16)                                                                                                                  263.616 μs                                 
linear_dq8ca_q4gsw_tiled_buffer_texture2d_half     (16032,512,1)   (8,8,1)                                                                                                                315421.562 μs                                 
et_vk.linear_dq8ca_q4gsw.default                                               llama-3.2-3b_8da4w_prefill_buffer_lm_head_M2048                                           [2048x3072]      315685.188 μs       5112.163 GFLOP/s  SKIPPED
linear_dq8ca_q4gsw_coop_texture3d_texture2d_..     (384,1,1)       (1,1,64)    llama-3.2-3b_8da4w_decode_texture3d_wq_M1                                                    [1x3072]          67.015 μs        281.646 GFLOP/s  SKIPPED
linear_dq8ca_q4gsw_coop_texture3d_texture2d_..     (384,1,1)       (1,1,64)    llama-3.2-3b_8da4w_decode_texture3d_wo_M1                                                    [1x3072]          66.309 μs        284.643 GFLOP/s  SKIPPED
linear_dq8ca_q4gsw_coop_buffer_texture2d_half      (384,1,1)       (1,1,64)    llama-3.2-3b_8da4w_decode_buffer_wq_M1                                                       [1x3072]          65.046 μs        290.169 GFLOP/s  SKIPPED
linear_dq8ca_q4gsw_coop_buffer_texture2d_half      (384,1,1)       (1,1,64)    llama-3.2-3b_8da4w_decode_buffer_wo_M1                                                       [1x3072]          64.613 μs        292.116 GFLOP/s  SKIPPED
linear_dq8ca_q4gsw_coop_texture3d_texture2d_..     (128,1,1)       (1,1,64)    llama-3.2-3b_8da4w_decode_texture3d_wk_M1                                                    [1x3072]          19.465 μs        323.225 GFLOP/s  SKIPPED
linear_dq8ca_q4gsw_coop_texture3d_texture2d_..     (128,1,1)       (1,1,64)    llama-3.2-3b_8da4w_decode_texture3d_wv_M1                                                    [1x3072]          15.419 μs        408.036 GFLOP/s  SKIPPED
linear_dq8ca_q4gsw_coop_buffer_texture2d_half      (128,1,1)       (1,1,64)    llama-3.2-3b_8da4w_decode_buffer_wk_M1                                                       [1x3072]          22.933 μs        274.345 GFLOP/s  SKIPPED
linear_dq8ca_q4gsw_coop_buffer_texture2d_half      (128,1,1)       (1,1,64)    llama-3.2-3b_8da4w_decode_buffer_wv_M1                                                       [1x3072]          23.283 μs        270.213 GFLOP/s  SKIPPED
linear_dq8ca_q4gsw_coop_texture3d_texture2d_..     (1024,1,1)      (1,1,64)    llama-3.2-3b_8da4w_decode_texture3d_w1_gate_M1                                               [1x3072]         169.870 μs        296.296 GFLOP/s  SKIPPED
linear_dq8ca_q4gsw_coop_texture3d_texture2d_..     (1024,1,1)      (1,1,64)    llama-3.2-3b_8da4w_decode_texture3d_w3_up_M1                                                 [1x3072]         169.731 μs        296.538 GFLOP/s  SKIPPED
linear_dq8ca_q4gsw_coop_buffer_texture2d_half      (1024,1,1)      (1,1,64)    llama-3.2-3b_8da4w_decode_buffer_w1_gate_M1                                                  [1x3072]         171.491 μs        293.494 GFLOP/s  SKIPPED
linear_dq8ca_q4gsw_coop_buffer_texture2d_half      (1024,1,1)      (1,1,64)    llama-3.2-3b_8da4w_decode_buffer_w3_up_M1                                                    [1x3072]         170.086 μs        295.919 GFLOP/s  SKIPPED
linear_dq8ca_q4gsw_coop_texture3d_texture2d_..     (384,1,1)       (1,1,64)    llama-3.2-3b_8da4w_decode_texture3d_w2_down_M1                                               [1x8192]         175.017 μs        287.582 GFLOP/s  SKIPPED
linear_dq8ca_q4gsw_coop_buffer_texture2d_half      (384,1,1)       (1,1,64)    llama-3.2-3b_8da4w_decode_buffer_w2_down_M1                                                  [1x8192]         177.927 μs        282.878 GFLOP/s  SKIPPED
linear_dq8ca_q4gsw_coop_texture3d_texture2d_..     (16032,1,1)     (1,1,64)    llama-3.2-3b_8da4w_decode_texture3d_lm_head_M1                                               [1x3072]        2712.335 μs        290.526 GFLOP/s  SKIPPED
linear_dq8ca_q4gsw_coop_buffer_texture2d_half      (16032,1,1)     (1,1,64)    llama-3.2-3b_8da4w_decode_buffer_lm_head_M1                                                  [1x3072]        2780.742 μs        283.379 GFLOP/s  SKIPPED
transpose_cast_contig_to_vectorized_4x4_half..     (512,512,1)     (2,16,1)                                                                                                                  254.024 μs                                 
q4gsw_linear_gemm__tin__w_4x8_nc_texture3d_h..     (256,512,1)     (1,128,1)                                                                                                                4663.036 μs                                 
et_vk.linear_q4gsw.default                                                     llama-3.2-1b_4w_prefill_texture3d_wq_M2048                                                [2048x2048]        4917.062 μs       3493.930 GFLOP/s  SKIPPED
transpose_cast_contig_to_vectorized_4x4_half..     (512,512,1)     (2,16,1)                                                                                                                  254.379 μs                                 
q4gsw_linear_gemm__tin__w_4x8_nc_texture3d_h..     (256,512,1)     (1,128,1)                                                                                                                4676.137 μs                                 
et_vk.linear_q4gsw.default                                                     llama-3.2-1b_4w_prefill_texture3d_wo_M2048                                                [2048x2048]        4930.517 μs       3484.395 GFLOP/s  SKIPPED
transpose_cast_contig_to_vectorized_half_buf..     (2048,512,1)    (8,8,1)                                                                                                                   326.563 μs                                 
q4gsw_linear_gemm__tin__w_4x8_nc_buffer_half       (256,512,1)     (1,128,1)                                                                                                                4602.573 μs                                 
et_vk.linear_q4gsw.default                                                     llama-3.2-1b_4w_prefill_buffer_wq_M2048                                                   [2048x2048]        4929.136 μs       3485.372 GFLOP/s  SKIPPED
transpose_cast_contig_to_vectorized_half_buf..     (2048,512,1)    (8,8,1)                                                                                                                   326.422 μs                                 
q4gsw_linear_gemm__tin__w_4x8_nc_buffer_half       (256,512,1)     (1,128,1)                                                                                                                4568.601 μs                                 
et_vk.linear_q4gsw.default                                                     llama-3.2-1b_4w_prefill_buffer_wo_M2048                                                   [2048x2048]        4895.023 μs       3509.660 GFLOP/s  SKIPPED
transpose_cast_contig_to_vectorized_4x4_half..     (512,512,1)     (2,16,1)                                                                                                                  250.739 μs                                 
q4gsw_linear_gemm__tin__w_4x8_nc_texture3d_h..     (256,128,1)     (1,128,1)                                                                                                                1152.114 μs                                 
et_vk.linear_q4gsw.default                                                     llama-3.2-1b_4w_prefill_texture3d_wk_M2048                                                [2048x2048]        1402.854 μs       3061.594 GFLOP/s  SKIPPED
transpose_cast_contig_to_vectorized_4x4_half..     (512,512,1)     (2,16,1)                                                                                                                  253.074 μs                                 
q4gsw_linear_gemm__tin__w_4x8_nc_texture3d_h..     (256,128,1)     (1,128,1)                                                                                                                1186.946 μs                                 
et_vk.linear_q4gsw.default                                                     llama-3.2-1b_4w_prefill_texture3d_wv_M2048                                                [2048x2048]        1440.020 μs       2982.575 GFLOP/s  SKIPPED
transpose_cast_contig_to_vectorized_half_buf..     (2048,512,1)    (8,8,1)                                                                                                                   326.423 μs                                 
q4gsw_linear_gemm__tin__w_4x8_nc_buffer_half       (256,128,1)     (1,128,1)                                                                                                                1143.100 μs                                 
et_vk.linear_q4gsw.default                                                     llama-3.2-1b_4w_prefill_buffer_wk_M2048                                                   [2048x2048]        1469.523 μs       2922.695 GFLOP/s  SKIPPED
transpose_cast_contig_to_vectorized_half_buf..     (2048,512,1)    (8,8,1)                                                                                                                   332.055 μs                                 
q4gsw_linear_gemm__tin__w_4x8_nc_buffer_half       (256,128,1)     (1,128,1)                                                                                                                1157.997 μs                                 
et_vk.linear_q4gsw.default                                                     llama-3.2-1b_4w_prefill_buffer_wv_M2048                                                   [2048x2048]        1490.051 μs       2882.429 GFLOP/s  SKIPPED
transpose_cast_contig_to_vectorized_4x4_half..     (512,512,1)     (2,16,1)                                                                                                                  249.430 μs                                 
q4gsw_linear_gemm__tin__w_4x8_nc_texture3d_h..     (256,2048,1)    (1,128,1)                                                                                                               18727.023 μs                                 
et_vk.linear_q4gsw.default                                                     llama-3.2-1b_4w_prefill_texture3d_w1_gate_M2048                                           [2048x2048]       18976.453 μs       3621.302 GFLOP/s  SKIPPED
transpose_cast_contig_to_vectorized_4x4_half..     (512,512,1)     (2,16,1)                                                                                                                  252.584 μs                                 
q4gsw_linear_gemm__tin__w_4x8_nc_texture3d_h..     (256,2048,1)    (1,128,1)                                                                                                               19218.826 μs                                 
et_vk.linear_q4gsw.default                                                     llama-3.2-1b_4w_prefill_texture3d_w3_up_M2048                                             [2048x2048]       19471.410 μs       3529.250 GFLOP/s  SKIPPED
transpose_cast_contig_to_vectorized_half_buf..     (2048,512,1)    (8,8,1)                                                                                                                   333.056 μs                                 
q4gsw_linear_gemm__tin__w_4x8_nc_buffer_half       (256,2048,1)    (1,128,1)                                                                                                               19480.934 μs                                 
et_vk.linear_q4gsw.default                                                     llama-3.2-1b_4w_prefill_buffer_w1_gate_M2048                                              [2048x2048]       19813.990 μs       3468.230 GFLOP/s  SKIPPED
transpose_cast_contig_to_vectorized_half_buf..     (2048,512,1)    (8,8,1)                                                                                                                   329.048 μs                                 
q4gsw_linear_gemm__tin__w_4x8_nc_buffer_half       (256,2048,1)    (1,128,1)                                                                                                               19222.342 μs                                 
et_vk.linear_q4gsw.default                                                     llama-3.2-1b_4w_prefill_buffer_w3_up_M2048                                                [2048x2048]       19551.391 μs       3514.812 GFLOP/s  SKIPPED
transpose_cast_contig_to_vectorized_4x4_half..     (2048,512,1)    (2,16,1)                                                                                                                 2177.075 μs                                 
q4gsw_linear_gemm__tin__w_4x8_nc_texture3d_h..     (256,512,1)     (1,128,1)                                                                                                               17826.664 μs                                 
et_vk.linear_q4gsw.default                                                     llama-3.2-1b_4w_prefill_texture3d_w2_down_M2048                                           [2048x8192]       20003.738 μs       3435.332 GFLOP/s  SKIPPED
transpose_cast_contig_to_vectorized_half_buf..     (8192,512,1)    (8,8,1)                                                                                                                  2615.232 μs                                 
q4gsw_linear_gemm__tin__w_4x8_nc_buffer_half       (256,512,1)     (1,128,1)                                                                                                               17994.752 μs                                 
et_vk.linear_q4gsw.default                                                     llama-3.2-1b_4w_prefill_buffer_w2_down_M2048                                              [2048x8192]       20609.980 μs       3334.281 GFLOP/s  SKIPPED
transpose_cast_contig_to_vectorized_4x4_half..     (512,512,1)     (2,16,1)                                                                                                                  246.960 μs                                 
q4gsw_linear_gemm__tin__w_4x8_nc_texture3d_h..     (256,32064,1)   (1,128,1)                                                                                                              298250.562 μs                                 
et_vk.linear_q4gsw.default                                                     llama-3.2-1b_4w_prefill_texture3d_lm_head_M2048                                           [2048x2048]      298497.531 μs       3604.349 GFLOP/s  SKIPPED
transpose_cast_contig_to_vectorized_half_buf..     (2048,512,1)    (8,8,1)                                                                                                                   342.720 μs                                 
q4gsw_linear_gemm__tin__w_4x8_nc_buffer_half       (256,32064,1)   (1,128,1)                                                                                                              299992.031 μs                                 
et_vk.linear_q4gsw.default                                                     llama-3.2-1b_4w_prefill_buffer_lm_head_M2048                                              [2048x2048]      300334.750 μs       3582.300 GFLOP/s  SKIPPED
q4gsw_linear_gemv_coop__w_4x8_nc_buffer_g4w1..     (64,4,16)       (1,4,16)    llama-3.2-1b_4w_decode_texture3d_wq_M1                                                       [1x2048]          33.729 μs        248.703 GFLOP/s  SKIPPED
q4gsw_linear_gemv_coop__w_4x8_nc_buffer_g4w1..     (64,4,16)       (1,4,16)    llama-3.2-1b_4w_decode_texture3d_wo_M1                                                       [1x2048]          34.058 μs        246.305 GFLOP/s  SKIPPED
q4gsw_linear_gemv_coop__w_4x8_nc_buffer_g4w1..     (64,4,16)       (1,4,16)    llama-3.2-1b_4w_decode_buffer_wq_M1                                                          [1x2048]          35.751 μs        234.639 GFLOP/s  SKIPPED
q4gsw_linear_gemv_coop__w_4x8_nc_buffer_g4w1..     (64,4,16)       (1,4,16)    llama-3.2-1b_4w_decode_buffer_wo_M1                                                          [1x2048]          34.099 μs        246.011 GFLOP/s  SKIPPED
q4gsw_linear_gemv_coop__w_4x8_nc_buffer_g1w6..     (64,1,64)       (1,1,64)    llama-3.2-1b_4w_decode_texture3d_wk_M1                                                       [1x2048]          15.425 μs        135.962 GFLOP/s  SKIPPED
q4gsw_linear_gemv_coop__w_4x8_nc_buffer_g1w6..     (64,1,64)       (1,1,64)    llama-3.2-1b_4w_decode_texture3d_wv_M1                                                       [1x2048]          13.331 μs        157.317 GFLOP/s  SKIPPED
q4gsw_linear_gemv_coop__w_4x8_nc_buffer_g1w6..     (64,1,64)       (1,1,64)    llama-3.2-1b_4w_decode_buffer_wk_M1                                                          [1x2048]          13.243 μs        158.362 GFLOP/s  SKIPPED
q4gsw_linear_gemv_coop__w_4x8_nc_buffer_g1w6..     (64,1,64)       (1,1,64)    llama-3.2-1b_4w_decode_buffer_wv_M1                                                          [1x2048]          13.259 μs        158.165 GFLOP/s  SKIPPED
q4gsw_linear_gemv_coop__w_4x8_nc_buffer_g8w8..     (128,8,8)       (1,8,8)     llama-3.2-1b_4w_decode_texture3d_w1_gate_M1                                                  [1x2048]         122.031 μs        274.967 GFLOP/s  SKIPPED
q4gsw_linear_gemv_coop__w_4x8_nc_buffer_g8w8..     (128,8,8)       (1,8,8)     llama-3.2-1b_4w_decode_texture3d_w3_up_M1                                                    [1x2048]         123.266 μs        272.211 GFLOP/s  SKIPPED
q4gsw_linear_gemv_coop__w_4x8_nc_buffer_g8w8..     (128,8,8)       (1,8,8)     llama-3.2-1b_4w_decode_buffer_w1_gate_M1                                                     [1x2048]         123.451 μs        271.803 GFLOP/s  SKIPPED
q4gsw_linear_gemv_coop__w_4x8_nc_buffer_g8w8..     (128,8,8)       (1,8,8)     llama-3.2-1b_4w_decode_buffer_w3_up_M1                                                       [1x2048]         121.924 μs        275.207 GFLOP/s  SKIPPED
q4gsw_linear_gemv_coop__w_4x8_nc_buffer_g4w1..     (64,4,16)       (1,4,16)    llama-3.2-1b_4w_decode_texture3d_w2_down_M1                                                  [1x8192]         129.284 μs        259.541 GFLOP/s  SKIPPED
q4gsw_linear_gemv_coop__w_4x8_nc_buffer_g4w1..     (64,4,16)       (1,4,16)    llama-3.2-1b_4w_decode_buffer_w2_down_M1                                                     [1x8192]         129.103 μs        259.904 GFLOP/s  SKIPPED
q4gsw_linear_gemv_coop__w_4x8_nc_buffer_g8w8..     (2004,8,8)      (1,8,8)     llama-3.2-1b_4w_decode_texture3d_lm_head_M1                                                  [1x2048]        1948.310 μs        269.637 GFLOP/s  SKIPPED
q4gsw_linear_gemv_coop__w_4x8_nc_buffer_g8w8..     (2004,8,8)      (1,8,8)     llama-3.2-1b_4w_decode_buffer_lm_head_M1                                                     [1x2048]        1890.386 μs        277.899 GFLOP/s  SKIPPED
quantize_and_pack_4h4w_with_group_sums_o4w16..     (64,512,1)      (4,1,16)                                                                                                                  165.923 μs                                 
linear_dq8ca_q4gsw_tiled_texture3d_texture2d..     (256,512,1)     (8,8,1)                                                                                                                  3409.745 μs                                 
et_vk.linear_dq8ca_q4gsw.default                                               llama-3.2-1b_8da4w_prefill_texture3d_wq_M2048                                             [2048x2048]        3575.667 μs       4804.661 GFLOP/s  SKIPPED
quantize_and_pack_4h4w_with_group_sums_o4w16..     (64,512,1)      (4,1,16)                                                                                                                  166.321 μs                                 
linear_dq8ca_q4gsw_tiled_texture3d_texture2d..     (256,512,1)     (8,8,1)                                                                                                                  3435.416 μs                                 
et_vk.linear_dq8ca_q4gsw.default                                               llama-3.2-1b_8da4w_prefill_texture3d_wo_M2048                                             [2048x2048]        3601.736 μs       4769.885 GFLOP/s  SKIPPED
quantize_and_pack_4h4w_with_group_sums_o4w16..     (64,512,1)      (4,1,16)                                                                                                                  165.979 μs                                 
linear_dq8ca_q4gsw_tiled_buffer_texture2d_half     (256,512,1)     (8,8,1)                                                                                                                  3431.124 μs                                 
et_vk.linear_dq8ca_q4gsw.default                                               llama-3.2-1b_8da4w_prefill_buffer_wq_M2048                                                [2048x2048]        3597.102 μs       4776.030 GFLOP/s  SKIPPED
quantize_and_pack_4h4w_with_group_sums_o4w16..     (64,512,1)      (4,1,16)                                                                                                                  166.081 μs                                 
linear_dq8ca_q4gsw_tiled_buffer_texture2d_half     (256,512,1)     (8,8,1)                                                                                                                  3376.896 μs                                 
et_vk.linear_dq8ca_q4gsw.default                                               llama-3.2-1b_8da4w_prefill_buffer_wo_M2048                                                [2048x2048]        3542.977 μs       4848.992 GFLOP/s  SKIPPED
quantize_and_pack_4h4w_with_group_sums_o4w16..     (64,512,1)      (4,1,16)                                                                                                                  168.880 μs                                 
linear_dq8ca_q4gsw_tiled_texture3d_texture2d..     (64,512,1)      (8,8,1)                                                                                                                   815.523 μs                                 
et_vk.linear_dq8ca_q4gsw.default                                               llama-3.2-1b_8da4w_prefill_texture3d_wk_M2048                                             [2048x2048]         984.403 μs       4363.019 GFLOP/s  SKIPPED
quantize_and_pack_4h4w_with_group_sums_o4w16..     (64,512,1)      (4,1,16)                                                                                                                  169.664 μs                                 
linear_dq8ca_q4gsw_tiled_texture3d_texture2d..     (64,512,1)      (8,8,1)                                                                                                                   827.852 μs                                 
et_vk.linear_dq8ca_q4gsw.default                                               llama-3.2-1b_8da4w_prefill_texture3d_wv_M2048                                             [2048x2048]         997.515 μs       4305.665 GFLOP/s  SKIPPED
quantize_and_pack_4h4w_with_group_sums_o4w16..     (64,512,1)      (4,1,16)                                                                                                                  171.528 μs                                 
linear_dq8ca_q4gsw_tiled_buffer_texture2d_half     (64,512,1)      (8,8,1)                                                                                                                   840.696 μs                                 
et_vk.linear_dq8ca_q4gsw.default                                               llama-3.2-1b_8da4w_prefill_buffer_wk_M2048                                                [2048x2048]        1012.224 μs       4243.098 GFLOP/s  SKIPPED
quantize_and_pack_4h4w_with_group_sums_o4w16..     (64,512,1)      (4,1,16)                                                                                                                  170.264 μs                                 
linear_dq8ca_q4gsw_tiled_buffer_texture2d_half     (64,512,1)      (8,8,1)                                                                                                                   843.321 μs                                 
et_vk.linear_dq8ca_q4gsw.default                                               llama-3.2-1b_8da4w_prefill_buffer_wv_M2048                                                [2048x2048]        1013.585 μs       4237.401 GFLOP/s  SKIPPED
quantize_and_pack_4h4w_with_group_sums_o4w16..     (64,512,1)      (4,1,16)                                                                                                                  171.242 μs                                 
linear_dq8ca_q4gsw_tiled_texture3d_texture2d..     (1024,512,1)    (8,8,1)                                                                                                                 13806.631 μs                                 
et_vk.linear_dq8ca_q4gsw.default                                               llama-3.2-1b_8da4w_prefill_texture3d_w1_gate_M2048                                        [2048x2048]       13977.872 μs       4916.304 GFLOP/s  SKIPPED
quantize_and_pack_4h4w_with_group_sums_o4w16..     (64,512,1)      (4,1,16)                                                                                                                  167.310 μs                                 
linear_dq8ca_q4gsw_tiled_texture3d_texture2d..     (1024,512,1)    (8,8,1)                                                                                                                 13801.848 μs                                 
et_vk.linear_dq8ca_q4gsw.default                                               llama-3.2-1b_8da4w_prefill_texture3d_w3_up_M2048                                          [2048x2048]       13969.156 μs       4919.372 GFLOP/s  SKIPPED
quantize_and_pack_4h4w_with_group_sums_o4w16..     (64,512,1)      (4,1,16)                                                                                                                  167.774 μs                                 
linear_dq8ca_q4gsw_tiled_buffer_texture2d_half     (1024,512,1)    (8,8,1)                                                                                                                 13761.937 μs                                 
et_vk.linear_dq8ca_q4gsw.default                                               llama-3.2-1b_8da4w_prefill_buffer_w1_gate_M2048                                           [2048x2048]       13929.711 μs       4933.302 GFLOP/s  SKIPPED
quantize_and_pack_4h4w_with_group_sums_o4w16..     (64,512,1)      (4,1,16)                                                                                                                  168.101 μs                                 
linear_dq8ca_q4gsw_tiled_buffer_texture2d_half     (1024,512,1)    (8,8,1)                                                                                                                 14070.638 μs                                 
et_vk.linear_dq8ca_q4gsw.default                                               llama-3.2-1b_8da4w_prefill_buffer_w3_up_M2048                                             [2048x2048]       14238.739 μs       4826.233 GFLOP/s  SKIPPED
quantize_and_pack_4h4w_with_group_sums_o4w16..     (256,512,1)     (4,1,16)                                                                                                                  696.027 μs                                 
linear_dq8ca_q4gsw_tiled_texture3d_texture2d..     (256,512,1)     (8,8,1)                                                                                                                 13738.926 μs                                 
et_vk.linear_dq8ca_q4gsw.default                                               llama-3.2-1b_8da4w_prefill_texture3d_w2_down_M2048                                        [2048x8192]       14434.951 μs       4760.631 GFLOP/s  SKIPPED
quantize_and_pack_4h4w_with_group_sums_o4w16..     (256,512,1)     (4,1,16)                                                                                                                  689.743 μs                                 
linear_dq8ca_q4gsw_tiled_buffer_texture2d_half     (256,512,1)     (8,8,1)                                                                                                                 13659.128 μs                                 
et_vk.linear_dq8ca_q4gsw.default                                               llama-3.2-1b_8da4w_prefill_buffer_w2_down_M2048                                           [2048x8192]       14348.873 μs       4789.190 GFLOP/s  SKIPPED
quantize_and_pack_4h4w_with_group_sums_o4w16..     (64,512,1)      (4,1,16)                                                                                                                  172.976 μs                                 
linear_dq8ca_q4gsw_tiled_texture3d_texture2d..     (16032,512,1)   (8,8,1)                                                                                                                214215.703 μs                                 
et_vk.linear_dq8ca_q4gsw.default                                               llama-3.2-1b_8da4w_prefill_texture3d_lm_head_M2048                                        [2048x2048]      214388.703 μs       5018.405 GFLOP/s  SKIPPED
quantize_and_pack_4h4w_with_group_sums_o4w16..     (64,512,1)      (4,1,16)                                                                                                                  171.552 μs                                 
linear_dq8ca_q4gsw_tiled_buffer_texture2d_half     (16032,512,1)   (8,8,1)                                                                                                                212398.906 μs                                 
et_vk.linear_dq8ca_q4gsw.default                                               llama-3.2-1b_8da4w_prefill_buffer_lm_head_M2048                                           [2048x2048]      212570.453 μs       5061.330 GFLOP/s  SKIPPED
linear_dq8ca_q4gsw_coop_texture3d_texture2d_..     (256,1,1)       (1,1,64)    llama-3.2-1b_8da4w_decode_texture3d_wq_M1                                                    [1x2048]          28.727 μs        292.012 GFLOP/s  SKIPPED
linear_dq8ca_q4gsw_coop_texture3d_texture2d_..     (256,1,1)       (1,1,64)    llama-3.2-1b_8da4w_decode_texture3d_wo_M1                                                    [1x2048]          28.906 μs        290.200 GFLOP/s  SKIPPED
linear_dq8ca_q4gsw_coop_buffer_texture2d_half      (256,1,1)       (1,1,64)    llama-3.2-1b_8da4w_decode_buffer_wq_M1                                                       [1x2048]          30.889 μs        271.573 GFLOP/s  SKIPPED
linear_dq8ca_q4gsw_coop_buffer_texture2d_half      (256,1,1)       (1,1,64)    llama-3.2-1b_8da4w_decode_buffer_wo_M1                                                       [1x2048]          30.859 μs        271.839 GFLOP/s  SKIPPED
linear_dq8ca_q4gsw_coop_texture3d_texture2d_..     (64,1,1)        (1,1,64)    llama-3.2-1b_8da4w_decode_texture3d_wk_M1                                                    [1x2048]           7.377 μs        284.286 GFLOP/s  SKIPPED
linear_dq8ca_q4gsw_coop_texture3d_texture2d_..     (64,1,1)        (1,1,64)    llama-3.2-1b_8da4w_decode_texture3d_wv_M1                                                    [1x2048]           7.389 μs        283.809 GFLOP/s  SKIPPED
linear_dq8ca_q4gsw_coop_buffer_texture2d_half      (64,1,1)        (1,1,64)    llama-3.2-1b_8da4w_decode_buffer_wk_M1                                                       [1x2048]           9.298 μs        225.541 GFLOP/s  SKIPPED
linear_dq8ca_q4gsw_coop_buffer_texture2d_half      (64,1,1)        (1,1,64)    llama-3.2-1b_8da4w_decode_buffer_wv_M1                                                       [1x2048]           9.297 μs        225.569 GFLOP/s  SKIPPED
linear_dq8ca_q4gsw_coop_texture3d_texture2d_..     (1024,1,1)      (1,1,64)    llama-3.2-1b_8da4w_decode_texture3d_w1_gate_M1                                               [1x2048]         112.443 μs        298.413 GFLOP/s  SKIPPED
linear_dq8ca_q4gsw_coop_texture3d_texture2d_..     (1024,1,1)      (1,1,64)    llama-3.2-1b_8da4w_decode_texture3d_w3_up_M1                                                 [1x2048]         112.149 μs        299.195 GFLOP/s  SKIPPED
linear_dq8ca_q4gsw_coop_buffer_texture2d_half      (1024,1,1)      (1,1,64)    llama-3.2-1b_8da4w_decode_buffer_w1_gate_M1                                                  [1x2048]         112.177 μs        299.119 GFLOP/s  SKIPPED
linear_dq8ca_q4gsw_coop_buffer_texture2d_half      (1024,1,1)      (1,1,64)    llama-3.2-1b_8da4w_decode_buffer_w3_up_M1                                                    [1x2048]         113.214 μs        296.381 GFLOP/s  SKIPPED
linear_dq8ca_q4gsw_coop_texture3d_texture2d_..     (256,1,1)       (1,1,64)    llama-3.2-1b_8da4w_decode_texture3d_w2_down_M1                                               [1x8192]         112.767 μs        297.556 GFLOP/s  SKIPPED
linear_dq8ca_q4gsw_coop_buffer_texture2d_half      (256,1,1)       (1,1,64)    llama-3.2-1b_8da4w_decode_buffer_w2_down_M1                                                  [1x8192]         114.767 μs        292.371 GFLOP/s  SKIPPED
linear_dq8ca_q4gsw_coop_texture3d_texture2d_..     (16032,1,1)     (1,1,64)    llama-3.2-1b_8da4w_decode_texture3d_lm_head_M1                                               [1x2048]        1745.290 μs        301.002 GFLOP/s  SKIPPED
linear_dq8ca_q4gsw_coop_buffer_texture2d_half      (16032,1,1)     (1,1,64)    llama-3.2-1b_8da4w_decode_buffer_lm_head_M1                                                  [1x2048]        1797.220 μs        292.305 GFLOP/s  SKIPPED
----------------------------------------------------------------------
Completed 192 test cases
RESULT,llama-3.1-8b,4w,prefill,texture3d,wq,2048,4096,4096,17634.621,419.581,5,q4gsw_linear_gemm__tin__w_4x8_nc_texture3d_half
RESULT,llama-3.1-8b,4w,prefill,texture3d,wo,2048,4096,4096,17721.850,139.402,5,q4gsw_linear_gemm__tin__w_4x8_nc_texture3d_half
RESULT,llama-3.1-8b,4w,prefill,buffer,wq,2048,4096,4096,17685.543,101.281,5,q4gsw_linear_gemm__tin__w_4x8_nc_buffer_half
RESULT,llama-3.1-8b,4w,prefill,buffer,wo,2048,4096,4096,17687.566,110.239,5,q4gsw_linear_gemm__tin__w_4x8_nc_buffer_half
RESULT,llama-3.1-8b,4w,prefill,texture3d,wk,2048,4096,1024,5172.005,99.181,5,q4gsw_linear_gemm__tin__w_4x8_nc_texture3d_half
RESULT,llama-3.1-8b,4w,prefill,texture3d,wv,2048,4096,1024,5117.409,45.591,5,q4gsw_linear_gemm__tin__w_4x8_nc_texture3d_half
RESULT,llama-3.1-8b,4w,prefill,buffer,wk,2048,4096,1024,5310.992,32.431,5,q4gsw_linear_gemm__tin__w_4x8_nc_buffer_half
RESULT,llama-3.1-8b,4w,prefill,buffer,wv,2048,4096,1024,5294.645,24.903,5,q4gsw_linear_gemm__tin__w_4x8_nc_buffer_half
RESULT,llama-3.1-8b,4w,prefill,texture3d,w1_gate,2048,4096,14336,59020.539,683.951,5,q4gsw_linear_gemm__tin__w_4x8_nc_texture3d_half
RESULT,llama-3.1-8b,4w,prefill,texture3d,w3_up,2048,4096,14336,60071.945,2187.521,5,q4gsw_linear_gemm__tin__w_4x8_nc_texture3d_half
RESULT,llama-3.1-8b,4w,prefill,buffer,w1_gate,2048,4096,14336,59377.770,755.172,5,q4gsw_linear_gemm__tin__w_4x8_nc_buffer_half
RESULT,llama-3.1-8b,4w,prefill,buffer,w3_up,2048,4096,14336,59384.762,438.851,5,q4gsw_linear_gemm__tin__w_4x8_nc_buffer_half
RESULT,llama-3.1-8b,4w,prefill,texture3d,w2_down,2048,14336,4096,63123.062,662.876,5,q4gsw_linear_gemm__tin__w_4x8_nc_texture3d_half
RESULT,llama-3.1-8b,4w,prefill,buffer,w2_down,2048,14336,4096,64324.801,1501.536,5,q4gsw_linear_gemm__tin__w_4x8_nc_buffer_half
RESULT,llama-3.1-8b,4w,prefill,texture3d,lm_head,2048,4096,128256,535664.562,6933.221,5,q4gsw_linear_gemm__tin__w_4x8_nc_texture3d_half
RESULT,llama-3.1-8b,4w,prefill,buffer,lm_head,2048,4096,128256,530404.125,4837.828,5,q4gsw_linear_gemm__tin__w_4x8_nc_buffer_half
RESULT,llama-3.1-8b,4w,decode,texture3d,wq,1,4096,4096,121.247,2.298,5,q4gsw_linear_gemv_coop__w_4x8_nc_buffer_g4w16_texture3d_half
RESULT,llama-3.1-8b,4w,decode,texture3d,wo,1,4096,4096,119.890,0.276,5,q4gsw_linear_gemv_coop__w_4x8_nc_buffer_g4w16_texture3d_half
RESULT,llama-3.1-8b,4w,decode,buffer,wq,1,4096,4096,120.373,0.434,5,q4gsw_linear_gemv_coop__w_4x8_nc_buffer_g4w16_buffer_half
RESULT,llama-3.1-8b,4w,decode,buffer,wo,1,4096,4096,120.256,0.626,5,q4gsw_linear_gemv_coop__w_4x8_nc_buffer_g4w16_buffer_half
RESULT,llama-3.1-8b,4w,decode,texture3d,wk,1,4096,1024,42.691,0.313,5,q4gsw_linear_gemv_coop__w_4x8_nc_buffer_g1w64_texture3d_half
RESULT,llama-3.1-8b,4w,decode,texture3d,wv,1,4096,1024,35.956,1.011,5,q4gsw_linear_gemv_coop__w_4x8_nc_buffer_g1w64_texture3d_half
RESULT,llama-3.1-8b,4w,decode,buffer,wk,1,4096,1024,35.658,0.220,5,q4gsw_linear_gemv_coop__w_4x8_nc_buffer_g1w64_buffer_half
RESULT,llama-3.1-8b,4w,decode,buffer,wv,1,4096,1024,34.814,0.166,5,q4gsw_linear_gemv_coop__w_4x8_nc_buffer_g1w64_buffer_half
RESULT,llama-3.1-8b,4w,decode,texture3d,w1_gate,1,4096,14336,395.737,0.790,5,q4gsw_linear_gemv_coop__w_4x8_nc_buffer_g8w8_texture3d_half
RESULT,llama-3.1-8b,4w,decode,texture3d,w3_up,1,4096,14336,396.519,0.753,5,q4gsw_linear_gemv_coop__w_4x8_nc_buffer_g8w8_texture3d_half
RESULT,llama-3.1-8b,4w,decode,buffer,w1_gate,1,4096,14336,397.971,3.765,5,q4gsw_linear_gemv_coop__w_4x8_nc_buffer_g8w8_buffer_half
RESULT,llama-3.1-8b,4w,decode,buffer,w3_up,1,4096,14336,398.738,2.644,5,q4gsw_linear_gemv_coop__w_4x8_nc_buffer_g8w8_buffer_half
RESULT,llama-3.1-8b,4w,decode,texture3d,w2_down,1,14336,4096,418.644,2.731,5,q4gsw_linear_gemv_coop__w_4x8_nc_buffer_g4w16_texture3d_half
RESULT,llama-3.1-8b,4w,decode,buffer,w2_down,1,14336,4096,423.147,7.090,5,q4gsw_linear_gemv_coop__w_4x8_nc_buffer_g4w16_buffer_half
RESULT,llama-3.1-8b,4w,decode,texture3d,lm_head,1,4096,128256,3835.488,95.116,5,q4gsw_linear_gemv_coop__w_4x8_nc_buffer_g8w8_texture3d_half
RESULT,llama-3.1-8b,4w,decode,buffer,lm_head,1,4096,128256,3758.161,21.686,5,q4gsw_linear_gemv_coop__w_4x8_nc_buffer_g8w8_buffer_half
RESULT,llama-3.1-8b,8da4w,prefill,texture3d,wq,2048,4096,4096,13695.842,259.170,5,linear_dq8ca_q4gsw_tiled_texture3d_texture2d_half
RESULT,llama-3.1-8b,8da4w,prefill,texture3d,wo,2048,4096,4096,13526.680,175.663,5,linear_dq8ca_q4gsw_tiled_texture3d_texture2d_half
RESULT,llama-3.1-8b,8da4w,prefill,buffer,wq,2048,4096,4096,13289.541,70.726,5,linear_dq8ca_q4gsw_tiled_buffer_texture2d_half
RESULT,llama-3.1-8b,8da4w,prefill,buffer,wo,2048,4096,4096,13292.060,83.763,5,linear_dq8ca_q4gsw_tiled_buffer_texture2d_half
RESULT,llama-3.1-8b,8da4w,prefill,texture3d,wk,2048,4096,1024,3619.505,110.354,5,linear_dq8ca_q4gsw_tiled_texture3d_texture2d_half
RESULT,llama-3.1-8b,8da4w,prefill,texture3d,wv,2048,4096,1024,3534.743,27.561,5,linear_dq8ca_q4gsw_tiled_texture3d_texture2d_half
RESULT,llama-3.1-8b,8da4w,prefill,buffer,wk,2048,4096,1024,3501.259,15.782,5,linear_dq8ca_q4gsw_tiled_buffer_texture2d_half
RESULT,llama-3.1-8b,8da4w,prefill,buffer,wv,2048,4096,1024,3529.885,40.603,5,linear_dq8ca_q4gsw_tiled_buffer_texture2d_half
RESULT,llama-3.1-8b,8da4w,prefill,texture3d,w1_gate,2048,4096,14336,46488.430,1023.168,5,linear_dq8ca_q4gsw_tiled_texture3d_texture2d_half
RESULT,llama-3.1-8b,8da4w,prefill,texture3d,w3_up,2048,4096,14336,46247.445,647.296,5,linear_dq8ca_q4gsw_tiled_texture3d_texture2d_half
RESULT,llama-3.1-8b,8da4w,prefill,buffer,w1_gate,2048,4096,14336,46339.145,1071.436,5,linear_dq8ca_q4gsw_tiled_buffer_texture2d_half
RESULT,llama-3.1-8b,8da4w,prefill,buffer,w3_up,2048,4096,14336,46082.273,647.498,5,linear_dq8ca_q4gsw_tiled_buffer_texture2d_half
RESULT,llama-3.1-8b,8da4w,prefill,texture3d,w2_down,2048,14336,4096,46990.988,257.251,5,linear_dq8ca_q4gsw_tiled_texture3d_texture2d_half
RESULT,llama-3.1-8b,8da4w,prefill,buffer,w2_down,2048,14336,4096,46035.641,506.235,5,linear_dq8ca_q4gsw_tiled_buffer_texture2d_half
RESULT,llama-3.1-8b,8da4w,prefill,texture3d,lm_head,2048,4096,128256,408394.750,2769.333,5,linear_dq8ca_q4gsw_tiled_texture3d_texture2d_half
RESULT,llama-3.1-8b,8da4w,prefill,buffer,lm_head,2048,4096,128256,412389.156,3150.120,5,linear_dq8ca_q4gsw_tiled_buffer_texture2d_half
RESULT,llama-3.1-8b,8da4w,decode,texture3d,wq,1,4096,4096,111.445,0.541,5,linear_dq8ca_q4gsw_coop_texture3d_texture2d_half
RESULT,llama-3.1-8b,8da4w,decode,texture3d,wo,1,4096,4096,112.758,0.651,5,linear_dq8ca_q4gsw_coop_texture3d_texture2d_half
RESULT,llama-3.1-8b,8da4w,decode,buffer,wq,1,4096,4096,115.952,0.472,5,linear_dq8ca_q4gsw_coop_buffer_texture2d_half
RESULT,llama-3.1-8b,8da4w,decode,buffer,wo,1,4096,4096,115.780,0.890,5,linear_dq8ca_q4gsw_coop_buffer_texture2d_half
RESULT,llama-3.1-8b,8da4w,decode,texture3d,wk,1,4096,1024,28.974,2.923,5,linear_dq8ca_q4gsw_coop_texture3d_texture2d_half
RESULT,llama-3.1-8b,8da4w,decode,texture3d,wv,1,4096,1024,28.129,0.100,5,linear_dq8ca_q4gsw_coop_texture3d_texture2d_half
RESULT,llama-3.1-8b,8da4w,decode,buffer,wk,1,4096,1024,29.778,0.092,5,linear_dq8ca_q4gsw_coop_buffer_texture2d_half
RESULT,llama-3.1-8b,8da4w,decode,buffer,wv,1,4096,1024,34.257,2.332,5,linear_dq8ca_q4gsw_coop_buffer_texture2d_half
RESULT,llama-3.1-8b,8da4w,decode,texture3d,w1_gate,1,4096,14336,388.759,0.604,5,linear_dq8ca_q4gsw_coop_texture3d_texture2d_half
RESULT,llama-3.1-8b,8da4w,decode,texture3d,w3_up,1,4096,14336,391.898,4.513,5,linear_dq8ca_q4gsw_coop_texture3d_texture2d_half
RESULT,llama-3.1-8b,8da4w,decode,buffer,w1_gate,1,4096,14336,390.835,1.575,5,linear_dq8ca_q4gsw_coop_buffer_texture2d_half
RESULT,llama-3.1-8b,8da4w,decode,buffer,w3_up,1,4096,14336,392.409,5.024,5,linear_dq8ca_q4gsw_coop_buffer_texture2d_half
RESULT,llama-3.1-8b,8da4w,decode,texture3d,w2_down,1,14336,4096,418.871,4.060,5,linear_dq8ca_q4gsw_coop_texture3d_texture2d_half
RESULT,llama-3.1-8b,8da4w,decode,buffer,w2_down,1,14336,4096,428.351,0.291,5,linear_dq8ca_q4gsw_coop_buffer_texture2d_half
RESULT,llama-3.1-8b,8da4w,decode,texture3d,lm_head,1,4096,128256,3543.058,34.529,5,linear_dq8ca_q4gsw_coop_texture3d_texture2d_half
RESULT,llama-3.1-8b,8da4w,decode,buffer,lm_head,1,4096,128256,3598.922,12.324,5,linear_dq8ca_q4gsw_coop_buffer_texture2d_half
RESULT,llama-3.2-3b,4w,prefill,texture3d,wq,2048,3072,3072,10599.283,383.793,5,q4gsw_linear_gemm__tin__w_4x8_nc_texture3d_half
RESULT,llama-3.2-3b,4w,prefill,texture3d,wo,2048,3072,3072,10376.844,185.167,5,q4gsw_linear_gemm__tin__w_4x8_nc_texture3d_half
RESULT,llama-3.2-3b,4w,prefill,buffer,wq,2048,3072,3072,10575.182,274.941,5,q4gsw_linear_gemm__tin__w_4x8_nc_buffer_half
RESULT,llama-3.2-3b,4w,prefill,buffer,wo,2048,3072,3072,10693.143,253.475,5,q4gsw_linear_gemm__tin__w_4x8_nc_buffer_half
RESULT,llama-3.2-3b,4w,prefill,texture3d,wk,2048,3072,1024,3867.271,17.509,5,q4gsw_linear_gemm__tin__w_4x8_nc_texture3d_half
RESULT,llama-3.2-3b,4w,prefill,texture3d,wv,2048,3072,1024,3864.779,13.284,5,q4gsw_linear_gemm__tin__w_4x8_nc_texture3d_half
RESULT,llama-3.2-3b,4w,prefill,buffer,wk,2048,3072,1024,3922.429,35.329,5,q4gsw_linear_gemm__tin__w_4x8_nc_buffer_half
RESULT,llama-3.2-3b,4w,prefill,buffer,wv,2048,3072,1024,3999.756,98.127,5,q4gsw_linear_gemm__tin__w_4x8_nc_buffer_half
RESULT,llama-3.2-3b,4w,prefill,texture3d,w1_gate,2048,3072,8192,27953.771,1280.324,5,q4gsw_linear_gemm__tin__w_4x8_nc_texture3d_half
RESULT,llama-3.2-3b,4w,prefill,texture3d,w3_up,2048,3072,8192,27444.422,807.546,5,q4gsw_linear_gemm__tin__w_4x8_nc_texture3d_half
RESULT,llama-3.2-3b,4w,prefill,buffer,w1_gate,2048,3072,8192,27654.332,359.906,5,q4gsw_linear_gemm__tin__w_4x8_nc_buffer_half
RESULT,llama-3.2-3b,4w,prefill,buffer,w3_up,2048,3072,8192,27629.520,596.713,5,q4gsw_linear_gemm__tin__w_4x8_nc_buffer_half
RESULT,llama-3.2-3b,4w,prefill,texture3d,w2_down,2048,8192,3072,28735.916,584.912,5,q4gsw_linear_gemm__tin__w_4x8_nc_texture3d_half
RESULT,llama-3.2-3b,4w,prefill,buffer,w2_down,2048,8192,3072,30125.074,526.132,5,q4gsw_linear_gemm__tin__w_4x8_nc_buffer_half
RESULT,llama-3.2-3b,4w,prefill,texture3d,lm_head,2048,3072,128256,435026.906,7084.185,5,q4gsw_linear_gemm__tin__w_4x8_nc_texture3d_half
RESULT,llama-3.2-3b,4w,prefill,buffer,lm_head,2048,3072,128256,440656.000,7743.689,5,q4gsw_linear_gemm__tin__w_4x8_nc_buffer_half
RESULT,llama-3.2-3b,4w,decode,texture3d,wq,1,3072,3072,70.597,0.312,5,q4gsw_linear_gemv_coop__w_4x8_nc_buffer_g4w16_texture3d_half
RESULT,llama-3.2-3b,4w,decode,texture3d,wo,1,3072,3072,71.810,0.478,5,q4gsw_linear_gemv_coop__w_4x8_nc_buffer_g4w16_texture3d_half
RESULT,llama-3.2-3b,4w,decode,buffer,wq,1,3072,3072,70.841,0.628,5,q4gsw_linear_gemv_coop__w_4x8_nc_buffer_g4w16_buffer_half
RESULT,llama-3.2-3b,4w,decode,buffer,wo,1,3072,3072,72.482,0.331,5,q4gsw_linear_gemv_coop__w_4x8_nc_buffer_g4w16_buffer_half
RESULT,llama-3.2-3b,4w,decode,texture3d,wk,1,3072,1024,27.259,1.153,5,q4gsw_linear_gemv_coop__w_4x8_nc_buffer_g1w64_texture3d_half
RESULT,llama-3.2-3b,4w,decode,texture3d,wv,1,3072,1024,26.591,0.066,5,q4gsw_linear_gemv_coop__w_4x8_nc_buffer_g1w64_texture3d_half
RESULT,llama-3.2-3b,4w,decode,buffer,wk,1,3072,1024,27.071,0.850,5,q4gsw_linear_gemv_coop__w_4x8_nc_buffer_g1w64_buffer_half
RESULT,llama-3.2-3b,4w,decode,buffer,wv,1,3072,1024,26.821,0.093,5,q4gsw_linear_gemv_coop__w_4x8_nc_buffer_g1w64_buffer_half
RESULT,llama-3.2-3b,4w,decode,texture3d,w1_gate,1,3072,8192,182.993,1.724,5,q4gsw_linear_gemv_coop__w_4x8_nc_buffer_g8w8_texture3d_half
RESULT,llama-3.2-3b,4w,decode,texture3d,w3_up,1,3072,8192,183.282,1.352,5,q4gsw_linear_gemv_coop__w_4x8_nc_buffer_g8w8_texture3d_half
RESULT,llama-3.2-3b,4w,decode,buffer,w1_gate,1,3072,8192,183.394,2.575,5,q4gsw_linear_gemv_coop__w_4x8_nc_buffer_g8w8_buffer_half
RESULT,llama-3.2-3b,4w,decode,buffer,w3_up,1,3072,8192,181.537,0.242,5,q4gsw_linear_gemv_coop__w_4x8_nc_buffer_g8w8_buffer_half
RESULT,llama-3.2-3b,4w,decode,texture3d,w2_down,1,8192,3072,183.960,0.648,5,q4gsw_linear_gemv_coop__w_4x8_nc_buffer_g4w16_texture3d_half
RESULT,llama-3.2-3b,4w,decode,buffer,w2_down,1,8192,3072,189.669,1.198,5,q4gsw_linear_gemv_coop__w_4x8_nc_buffer_g4w16_buffer_half
RESULT,llama-3.2-3b,4w,decode,texture3d,lm_head,1,3072,128256,2829.542,24.089,5,q4gsw_linear_gemv_coop__w_4x8_nc_buffer_g8w8_texture3d_half
RESULT,llama-3.2-3b,4w,decode,buffer,lm_head,1,3072,128256,2842.097,22.613,5,q4gsw_linear_gemv_coop__w_4x8_nc_buffer_g8w8_buffer_half
RESULT,llama-3.2-3b,8da4w,prefill,texture3d,wq,2048,3072,3072,7839.540,163.003,5,linear_dq8ca_q4gsw_tiled_texture3d_texture2d_half
RESULT,llama-3.2-3b,8da4w,prefill,texture3d,wo,2048,3072,3072,7767.756,160.443,5,linear_dq8ca_q4gsw_tiled_texture3d_texture2d_half
RESULT,llama-3.2-3b,8da4w,prefill,buffer,wq,2048,3072,3072,7719.298,92.077,5,linear_dq8ca_q4gsw_tiled_buffer_texture2d_half
RESULT,llama-3.2-3b,8da4w,prefill,buffer,wo,2048,3072,3072,7700.515,25.169,5,linear_dq8ca_q4gsw_tiled_buffer_texture2d_half
RESULT,llama-3.2-3b,8da4w,prefill,texture3d,wk,2048,3072,1024,2654.996,65.183,5,linear_dq8ca_q4gsw_tiled_texture3d_texture2d_half
RESULT,llama-3.2-3b,8da4w,prefill,texture3d,wv,2048,3072,1024,2776.935,65.906,5,linear_dq8ca_q4gsw_tiled_texture3d_texture2d_half
RESULT,llama-3.2-3b,8da4w,prefill,buffer,wk,2048,3072,1024,2654.434,36.011,5,linear_dq8ca_q4gsw_tiled_buffer_texture2d_half
RESULT,llama-3.2-3b,8da4w,prefill,buffer,wv,2048,3072,1024,2657.195,12.715,5,linear_dq8ca_q4gsw_tiled_buffer_texture2d_half
RESULT,llama-3.2-3b,8da4w,prefill,texture3d,w1_gate,2048,3072,8192,20178.035,173.440,5,linear_dq8ca_q4gsw_tiled_texture3d_texture2d_half
RESULT,llama-3.2-3b,8da4w,prefill,texture3d,w3_up,2048,3072,8192,20401.027,133.301,5,linear_dq8ca_q4gsw_tiled_texture3d_texture2d_half
RESULT,llama-3.2-3b,8da4w,prefill,buffer,w1_gate,2048,3072,8192,20548.439,287.583,5,linear_dq8ca_q4gsw_tiled_buffer_texture2d_half
RESULT,llama-3.2-3b,8da4w,prefill,buffer,w3_up,2048,3072,8192,20647.082,257.860,5,linear_dq8ca_q4gsw_tiled_buffer_texture2d_half
RESULT,llama-3.2-3b,8da4w,prefill,texture3d,w2_down,2048,8192,3072,21015.848,339.519,5,linear_dq8ca_q4gsw_tiled_texture3d_texture2d_half
RESULT,llama-3.2-3b,8da4w,prefill,buffer,w2_down,2048,8192,3072,20939.488,645.919,5,linear_dq8ca_q4gsw_tiled_buffer_texture2d_half
RESULT,llama-3.2-3b,8da4w,prefill,texture3d,lm_head,2048,3072,128256,319457.375,6047.359,5,linear_dq8ca_q4gsw_tiled_texture3d_texture2d_half
RESULT,llama-3.2-3b,8da4w,prefill,buffer,lm_head,2048,3072,128256,315685.188,5369.378,5,linear_dq8ca_q4gsw_tiled_buffer_texture2d_half
RESULT,llama-3.2-3b,8da4w,decode,texture3d,wq,1,3072,3072,67.015,1.596,5,linear_dq8ca_q4gsw_coop_texture3d_texture2d_half
RESULT,llama-3.2-3b,8da4w,decode,texture3d,wo,1,3072,3072,66.309,0.544,5,linear_dq8ca_q4gsw_coop_texture3d_texture2d_half
RESULT,llama-3.2-3b,8da4w,decode,buffer,wq,1,3072,3072,65.046,0.763,5,linear_dq8ca_q4gsw_coop_buffer_texture2d_half
RESULT,llama-3.2-3b,8da4w,decode,buffer,wo,1,3072,3072,64.613,0.526,5,linear_dq8ca_q4gsw_coop_buffer_texture2d_half
RESULT,llama-3.2-3b,8da4w,decode,texture3d,wk,1,3072,1024,19.465,2.555,5,linear_dq8ca_q4gsw_coop_texture3d_texture2d_half
RESULT,llama-3.2-3b,8da4w,decode,texture3d,wv,1,3072,1024,15.419,0.592,5,linear_dq8ca_q4gsw_coop_texture3d_texture2d_half
RESULT,llama-3.2-3b,8da4w,decode,buffer,wk,1,3072,1024,22.933,0.103,5,linear_dq8ca_q4gsw_coop_buffer_texture2d_half
RESULT,llama-3.2-3b,8da4w,decode,buffer,wv,1,3072,1024,23.283,0.250,5,linear_dq8ca_q4gsw_coop_buffer_texture2d_half
RESULT,llama-3.2-3b,8da4w,decode,texture3d,w1_gate,1,3072,8192,169.870,0.623,5,linear_dq8ca_q4gsw_coop_texture3d_texture2d_half
RESULT,llama-3.2-3b,8da4w,decode,texture3d,w3_up,1,3072,8192,169.731,0.867,5,linear_dq8ca_q4gsw_coop_texture3d_texture2d_half
RESULT,llama-3.2-3b,8da4w,decode,buffer,w1_gate,1,3072,8192,171.491,1.687,5,linear_dq8ca_q4gsw_coop_buffer_texture2d_half
RESULT,llama-3.2-3b,8da4w,decode,buffer,w3_up,1,3072,8192,170.086,0.646,5,linear_dq8ca_q4gsw_coop_buffer_texture2d_half
RESULT,llama-3.2-3b,8da4w,decode,texture3d,w2_down,1,8192,3072,175.017,0.604,5,linear_dq8ca_q4gsw_coop_texture3d_texture2d_half
RESULT,llama-3.2-3b,8da4w,decode,buffer,w2_down,1,8192,3072,177.927,2.079,5,linear_dq8ca_q4gsw_coop_buffer_texture2d_half
RESULT,llama-3.2-3b,8da4w,decode,texture3d,lm_head,1,3072,128256,2712.335,7.559,5,linear_dq8ca_q4gsw_coop_texture3d_texture2d_half
RESULT,llama-3.2-3b,8da4w,decode,buffer,lm_head,1,3072,128256,2780.742,23.845,5,linear_dq8ca_q4gsw_coop_buffer_texture2d_half
RESULT,llama-3.2-1b,4w,prefill,texture3d,wq,2048,2048,2048,4917.062,232.397,5,q4gsw_linear_gemm__tin__w_4x8_nc_texture3d_half
RESULT,llama-3.2-1b,4w,prefill,texture3d,wo,2048,2048,2048,4930.517,239.709,5,q4gsw_linear_gemm__tin__w_4x8_nc_texture3d_half
RESULT,llama-3.2-1b,4w,prefill,buffer,wq,2048,2048,2048,4929.136,122.410,5,q4gsw_linear_gemm__tin__w_4x8_nc_buffer_half
RESULT,llama-3.2-1b,4w,prefill,buffer,wo,2048,2048,2048,4895.023,96.972,5,q4gsw_linear_gemm__tin__w_4x8_nc_buffer_half
RESULT,llama-3.2-1b,4w,prefill,texture3d,wk,2048,2048,512,1402.854,21.297,5,q4gsw_linear_gemm__tin__w_4x8_nc_texture3d_half
RESULT,llama-3.2-1b,4w,prefill,texture3d,wv,2048,2048,512,1440.020,42.733,5,q4gsw_linear_gemm__tin__w_4x8_nc_texture3d_half
RESULT,llama-3.2-1b,4w,prefill,buffer,wk,2048,2048,512,1469.523,7.398,5,q4gsw_linear_gemm__tin__w_4x8_nc_buffer_half
RESULT,llama-3.2-1b,4w,prefill,buffer,wv,2048,2048,512,1490.051,23.462,5,q4gsw_linear_gemm__tin__w_4x8_nc_buffer_half
RESULT,llama-3.2-1b,4w,prefill,texture3d,w1_gate,2048,2048,8192,18976.453,264.373,5,q4gsw_linear_gemm__tin__w_4x8_nc_texture3d_half
RESULT,llama-3.2-1b,4w,prefill,texture3d,w3_up,2048,2048,8192,19471.410,800.573,5,q4gsw_linear_gemm__tin__w_4x8_nc_texture3d_half
RESULT,llama-3.2-1b,4w,prefill,buffer,w1_gate,2048,2048,8192,19813.990,1035.185,5,q4gsw_linear_gemm__tin__w_4x8_nc_buffer_half
RESULT,llama-3.2-1b,4w,prefill,buffer,w3_up,2048,2048,8192,19551.391,1062.376,5,q4gsw_linear_gemm__tin__w_4x8_nc_buffer_half
RESULT,llama-3.2-1b,4w,prefill,texture3d,w2_down,2048,8192,2048,20003.738,214.674,5,q4gsw_linear_gemm__tin__w_4x8_nc_texture3d_half
RESULT,llama-3.2-1b,4w,prefill,buffer,w2_down,2048,8192,2048,20609.980,342.503,5,q4gsw_linear_gemm__tin__w_4x8_nc_buffer_half
RESULT,llama-3.2-1b,4w,prefill,texture3d,lm_head,2048,2048,128256,298497.531,5955.000,5,q4gsw_linear_gemm__tin__w_4x8_nc_texture3d_half
RESULT,llama-3.2-1b,4w,prefill,buffer,lm_head,2048,2048,128256,300334.750,4721.606,5,q4gsw_linear_gemm__tin__w_4x8_nc_buffer_half
RESULT,llama-3.2-1b,4w,decode,texture3d,wq,1,2048,2048,33.729,0.255,5,q4gsw_linear_gemv_coop__w_4x8_nc_buffer_g4w16_texture3d_half
RESULT,llama-3.2-1b,4w,decode,texture3d,wo,1,2048,2048,34.058,0.409,5,q4gsw_linear_gemv_coop__w_4x8_nc_buffer_g4w16_texture3d_half
RESULT,llama-3.2-1b,4w,decode,buffer,wq,1,2048,2048,35.751,3.589,5,q4gsw_linear_gemv_coop__w_4x8_nc_buffer_g4w16_buffer_half
RESULT,llama-3.2-1b,4w,decode,buffer,wo,1,2048,2048,34.099,0.252,5,q4gsw_linear_gemv_coop__w_4x8_nc_buffer_g4w16_buffer_half
RESULT,llama-3.2-1b,4w,decode,texture3d,wk,1,2048,512,15.425,0.090,5,q4gsw_linear_gemv_coop__w_4x8_nc_buffer_g1w64_texture3d_half
RESULT,llama-3.2-1b,4w,decode,texture3d,wv,1,2048,512,13.331,1.260,5,q4gsw_linear_gemv_coop__w_4x8_nc_buffer_g1w64_texture3d_half
RESULT,llama-3.2-1b,4w,decode,buffer,wk,1,2048,512,13.243,0.062,5,q4gsw_linear_gemv_coop__w_4x8_nc_buffer_g1w64_buffer_half
RESULT,llama-3.2-1b,4w,decode,buffer,wv,1,2048,512,13.259,0.076,5,q4gsw_linear_gemv_coop__w_4x8_nc_buffer_g1w64_buffer_half
RESULT,llama-3.2-1b,4w,decode,texture3d,w1_gate,1,2048,8192,122.031,0.524,5,q4gsw_linear_gemv_coop__w_4x8_nc_buffer_g8w8_texture3d_half
RESULT,llama-3.2-1b,4w,decode,texture3d,w3_up,1,2048,8192,123.266,1.987,5,q4gsw_linear_gemv_coop__w_4x8_nc_buffer_g8w8_texture3d_half
RESULT,llama-3.2-1b,4w,decode,buffer,w1_gate,1,2048,8192,123.451,0.820,5,q4gsw_linear_gemv_coop__w_4x8_nc_buffer_g8w8_buffer_half
RESULT,llama-3.2-1b,4w,decode,buffer,w3_up,1,2048,8192,121.924,0.185,5,q4gsw_linear_gemv_coop__w_4x8_nc_buffer_g8w8_buffer_half
RESULT,llama-3.2-1b,4w,decode,texture3d,w2_down,1,8192,2048,129.284,0.821,5,q4gsw_linear_gemv_coop__w_4x8_nc_buffer_g4w16_texture3d_half
RESULT,llama-3.2-1b,4w,decode,buffer,w2_down,1,8192,2048,129.103,0.390,5,q4gsw_linear_gemv_coop__w_4x8_nc_buffer_g4w16_buffer_half
RESULT,llama-3.2-1b,4w,decode,texture3d,lm_head,1,2048,128256,1948.310,17.533,5,q4gsw_linear_gemv_coop__w_4x8_nc_buffer_g8w8_texture3d_half
RESULT,llama-3.2-1b,4w,decode,buffer,lm_head,1,2048,128256,1890.386,10.600,5,q4gsw_linear_gemv_coop__w_4x8_nc_buffer_g8w8_buffer_half
RESULT,llama-3.2-1b,8da4w,prefill,texture3d,wq,2048,2048,2048,3575.667,42.854,5,linear_dq8ca_q4gsw_tiled_texture3d_texture2d_half
RESULT,llama-3.2-1b,8da4w,prefill,texture3d,wo,2048,2048,2048,3601.736,63.829,5,linear_dq8ca_q4gsw_tiled_texture3d_texture2d_half
RESULT,llama-3.2-1b,8da4w,prefill,buffer,wq,2048,2048,2048,3597.102,79.226,5,linear_dq8ca_q4gsw_tiled_buffer_texture2d_half
RESULT,llama-3.2-1b,8da4w,prefill,buffer,wo,2048,2048,2048,3542.977,65.898,5,linear_dq8ca_q4gsw_tiled_buffer_texture2d_half
RESULT,llama-3.2-1b,8da4w,prefill,texture3d,wk,2048,2048,512,984.403,6.892,5,linear_dq8ca_q4gsw_tiled_texture3d_texture2d_half
RESULT,llama-3.2-1b,8da4w,prefill,texture3d,wv,2048,2048,512,997.515,10.428,5,linear_dq8ca_q4gsw_tiled_texture3d_texture2d_half
RESULT,llama-3.2-1b,8da4w,prefill,buffer,wk,2048,2048,512,1012.224,29.184,5,linear_dq8ca_q4gsw_tiled_buffer_texture2d_half
RESULT,llama-3.2-1b,8da4w,prefill,buffer,wv,2048,2048,512,1013.585,36.764,5,linear_dq8ca_q4gsw_tiled_buffer_texture2d_half
RESULT,llama-3.2-1b,8da4w,prefill,texture3d,w1_gate,2048,2048,8192,13977.872,330.011,5,linear_dq8ca_q4gsw_tiled_texture3d_texture2d_half
RESULT,llama-3.2-1b,8da4w,prefill,texture3d,w3_up,2048,2048,8192,13969.156,189.176,5,linear_dq8ca_q4gsw_tiled_texture3d_texture2d_half
RESULT,llama-3.2-1b,8da4w,prefill,buffer,w1_gate,2048,2048,8192,13929.711,239.683,5,linear_dq8ca_q4gsw_tiled_buffer_texture2d_half
RESULT,llama-3.2-1b,8da4w,prefill,buffer,w3_up,2048,2048,8192,14238.739,514.524,5,linear_dq8ca_q4gsw_tiled_buffer_texture2d_half
RESULT,llama-3.2-1b,8da4w,prefill,texture3d,w2_down,2048,8192,2048,14434.951,203.610,5,linear_dq8ca_q4gsw_tiled_texture3d_texture2d_half
RESULT,llama-3.2-1b,8da4w,prefill,buffer,w2_down,2048,8192,2048,14348.873,253.060,5,linear_dq8ca_q4gsw_tiled_buffer_texture2d_half
RESULT,llama-3.2-1b,8da4w,prefill,texture3d,lm_head,2048,2048,128256,214388.703,4618.109,5,linear_dq8ca_q4gsw_tiled_texture3d_texture2d_half
RESULT,llama-3.2-1b,8da4w,prefill,buffer,lm_head,2048,2048,128256,212570.453,6692.507,5,linear_dq8ca_q4gsw_tiled_buffer_texture2d_half
RESULT,llama-3.2-1b,8da4w,decode,texture3d,wq,1,2048,2048,28.727,0.170,5,linear_dq8ca_q4gsw_coop_texture3d_texture2d_half
RESULT,llama-3.2-1b,8da4w,decode,texture3d,wo,1,2048,2048,28.906,0.369,5,linear_dq8ca_q4gsw_coop_texture3d_texture2d_half
RESULT,llama-3.2-1b,8da4w,decode,buffer,wq,1,2048,2048,30.889,0.419,5,linear_dq8ca_q4gsw_coop_buffer_texture2d_half
RESULT,llama-3.2-1b,8da4w,decode,buffer,wo,1,2048,2048,30.859,0.925,5,linear_dq8ca_q4gsw_coop_buffer_texture2d_half
RESULT,llama-3.2-1b,8da4w,decode,texture3d,wk,1,2048,512,7.377,0.034,5,linear_dq8ca_q4gsw_coop_texture3d_texture2d_half
RESULT,llama-3.2-1b,8da4w,decode,texture3d,wv,1,2048,512,7.389,0.034,5,linear_dq8ca_q4gsw_coop_texture3d_texture2d_half
RESULT,llama-3.2-1b,8da4w,decode,buffer,wk,1,2048,512,9.298,0.145,5,linear_dq8ca_q4gsw_coop_buffer_texture2d_half
RESULT,llama-3.2-1b,8da4w,decode,buffer,wv,1,2048,512,9.297,0.090,5,linear_dq8ca_q4gsw_coop_buffer_texture2d_half
RESULT,llama-3.2-1b,8da4w,decode,texture3d,w1_gate,1,2048,8192,112.443,0.594,5,linear_dq8ca_q4gsw_coop_texture3d_texture2d_half
RESULT,llama-3.2-1b,8da4w,decode,texture3d,w3_up,1,2048,8192,112.149,0.598,5,linear_dq8ca_q4gsw_coop_texture3d_texture2d_half
RESULT,llama-3.2-1b,8da4w,decode,buffer,w1_gate,1,2048,8192,112.177,1.251,5,linear_dq8ca_q4gsw_coop_buffer_texture2d_half
RESULT,llama-3.2-1b,8da4w,decode,buffer,w3_up,1,2048,8192,113.214,2.884,5,linear_dq8ca_q4gsw_coop_buffer_texture2d_half
RESULT,llama-3.2-1b,8da4w,decode,texture3d,w2_down,1,8192,2048,112.767,1.087,5,linear_dq8ca_q4gsw_coop_texture3d_texture2d_half
RESULT,llama-3.2-1b,8da4w,decode,buffer,w2_down,1,8192,2048,114.767,1.182,5,linear_dq8ca_q4gsw_coop_buffer_texture2d_half
RESULT,llama-3.2-1b,8da4w,decode,texture3d,lm_head,1,2048,128256,1745.290,2.438,5,linear_dq8ca_q4gsw_coop_texture3d_texture2d_half
RESULT,llama-3.2-1b,8da4w,decode,buffer,lm_head,1,2048,128256,1797.220,15.991,5,linear_dq8ca_q4gsw_coop_buffer_texture2d_half
