{"op_code":0,"worker_id":"3b6d5499-f8a5-4f0a-9bd7-efd5a746ddcc-127641663555456","study_name":"q4gsw_nvidia-geforce-rtx-4070-ti-super","directions":[2]}
{"op_code":4,"worker_id":"3b6d5499-f8a5-4f0a-9bd7-efd5a746ddcc-127641663555456","study_id":0,"datetime_start":null,"state":4,"value":null,"values":null,"distributions":{},"params":{},"user_attrs":{},"system_attrs":{"fixed_params":{"m":128,"n":128,"k":16,"gx":2,"gy":2,"sub":32}},"intermediate_values":{}}
{"op_code":4,"worker_id":"3b6d5499-f8a5-4f0a-9bd7-efd5a746ddcc-127641663555456","study_id":0,"datetime_start":null,"state":4,"value":null,"values":null,"distributions":{},"params":{},"user_attrs":{},"system_attrs":{"fixed_params":{"m":128,"n":64,"k":32,"gx":2,"gy":2,"sub":32}},"intermediate_values":{}}
{"op_code":4,"worker_id":"3b6d5499-f8a5-4f0a-9bd7-efd5a746ddcc-127641663555456","study_id":0,"datetime_start":null,"state":4,"value":null,"values":null,"distributions":{},"params":{},"user_attrs":{},"system_attrs":{"fixed_params":{"m":128,"n":64,"k":16,"gx":2,"gy":2,"sub":32}},"intermediate_values":{}}
{"op_code":6,"worker_id":"3b6d5499-f8a5-4f0a-9bd7-efd5a746ddcc-127641663555456","trial_id":0,"state":0,"values":null,"datetime_start":"2026-09-17T21:31:01.445386+00:00"}
{"op_code":5,"worker_id":"3b6d5499-f8a5-4f0a-9bd7-efd5a746ddcc-127641663555456","trial_id":0,"param_name":"m","param_value_internal":3,"distribution":"{\"name\": \"CategoricalDistribution\", \"attributes\": {\"choices\": [16, 32, 64, 128, 256]}}"}
{"op_code":5,"worker_id":"3b6d5499-f8a5-4f0a-9bd7-efd5a746ddcc-127641663555456","trial_id":0,"param_name":"n","param_value_internal":3,"distribution":"{\"name\": \"CategoricalDistribution\", \"attributes\": {\"choices\": [16, 32, 64, 128, 256]}}"}
{"op_code":5,"worker_id":"3b6d5499-f8a5-4f0a-9bd7-efd5a746ddcc-127641663555456","trial_id":0,"param_name":"k","param_value_internal":0,"distribution":"{\"name\": \"CategoricalDistribution\", \"attributes\": {\"choices\": [16, 32, 64, 128]}}"}
{"op_code":5,"worker_id":"3b6d5499-f8a5-4f0a-9bd7-efd5a746ddcc-127641663555456","trial_id":0,"param_name":"gx","param_value_internal":1,"distribution":"{\"name\": \"CategoricalDistribution\", \"attributes\": {\"choices\": [1, 2, 4, 8]}}"}
{"op_code":5,"worker_id":"3b6d5499-f8a5-4f0a-9bd7-efd5a746ddcc-127641663555456","trial_id":0,"param_name":"gy","param_value_internal":1,"distribution":"{\"name\": \"CategoricalDistribution\", \"attributes\": {\"choices\": [1, 2, 4, 8]}}"}
{"op_code":5,"worker_id":"3b6d5499-f8a5-4f0a-9bd7-efd5a746ddcc-127641663555456","trial_id":0,"param_name":"sub","param_value_internal":0,"distribution":"{\"name\": \"CategoricalDistribution\", \"attributes\": {\"choices\": [32]}}"}
{"op_code":8,"worker_id":"3b6d5499-f8a5-4f0a-9bd7-efd5a746ddcc-127641663555456","trial_id":0,"user_attr":{"token":"tsweep_t128x128k16g22s32"}}
{"op_code":6,"worker_id":"3b6d5499-f8a5-4f0a-9bd7-efd5a746ddcc-127641663555456","trial_id":1,"state":0,"values":null,"datetime_start":"2026-09-17T21:31:01.460508+00:00"}
{"op_code":5,"worker_id":"3b6d5499-f8a5-4f0a-9bd7-efd5a746ddcc-127641663555456","trial_id":1,"param_name":"m","param_value_internal":3,"distribution":"{\"name\": \"CategoricalDistribution\", \"attributes\": {\"choices\": [16, 32, 64, 128, 256]}}"}
{"op_code":5,"worker_id":"3b6d5499-f8a5-4f0a-9bd7-efd5a746ddcc-127641663555456","trial_id":1,"param_name":"n","param_value_internal":2,"distribution":"{\"name\": \"CategoricalDistribution\", \"attributes\": {\"choices\": [16, 32, 64, 128, 256]}}"}
{"op_code":5,"worker_id":"3b6d5499-f8a5-4f0a-9bd7-efd5a746ddcc-127641663555456","trial_id":1,"param_name":"k","param_value_internal":1,"distribution":"{\"name\": \"CategoricalDistribution\", \"attributes\": {\"choices\": [16, 32, 64, 128]}}"}
{"op_code":5,"worker_id":"3b6d5499-f8a5-4f0a-9bd7-efd5a746ddcc-127641663555456","trial_id":1,"param_name":"gx","param_value_internal":1,"distribution":"{\"name\": \"CategoricalDistribution\", \"attributes\": {\"choices\": [1, 2, 4, 8]}}"}
{"op_code":5,"worker_id":"3b6d5499-f8a5-4f0a-9bd7-efd5a746ddcc-127641663555456","trial_id":1,"param_name":"gy","param_value_internal":1,"distribution":"{\"name\": \"CategoricalDistribution\", \"attributes\": {\"choices\": [1, 2, 4, 8]}}"}
{"op_code":5,"worker_id":"3b6d5499-f8a5-4f0a-9bd7-efd5a746ddcc-127641663555456","trial_id":1,"param_name":"sub","param_value_internal":0,"distribution":"{\"name\": \"CategoricalDistribution\", \"attributes\": {\"choices\": [32]}}"}
{"op_code":8,"worker_id":"3b6d5499-f8a5-4f0a-9bd7-efd5a746ddcc-127641663555456","trial_id":1,"user_attr":{"token":"tsweep_t128x64k32g22s32"}}
{"op_code":6,"worker_id":"3b6d5499-f8a5-4f0a-9bd7-efd5a746ddcc-127641663555456","trial_id":2,"state":0,"values":null,"datetime_start":"2026-09-17T21:31:01.472252+00:00"}
{"op_code":5,"worker_id":"3b6d5499-f8a5-4f0a-9bd7-efd5a746ddcc-127641663555456","trial_id":2,"param_name":"m","param_value_internal":3,"distribution":"{\"name\": \"CategoricalDistribution\", \"attributes\": {\"choices\": [16, 32, 64, 128, 256]}}"}
{"op_code":5,"worker_id":"3b6d5499-f8a5-4f0a-9bd7-efd5a746ddcc-127641663555456","trial_id":2,"param_name":"n","param_value_internal":2,"distribution":"{\"name\": \"CategoricalDistribution\", \"attributes\": {\"choices\": [16, 32, 64, 128, 256]}}"}
{"op_code":5,"worker_id":"3b6d5499-f8a5-4f0a-9bd7-efd5a746ddcc-127641663555456","trial_id":2,"param_name":"k","param_value_internal":0,"distribution":"{\"name\": \"CategoricalDistribution\", \"attributes\": {\"choices\": [16, 32, 64, 128]}}"}
{"op_code":5,"worker_id":"3b6d5499-f8a5-4f0a-9bd7-efd5a746ddcc-127641663555456","trial_id":2,"param_name":"gx","param_value_internal":1,"distribution":"{\"name\": \"CategoricalDistribution\", \"attributes\": {\"choices\": [1, 2, 4, 8]}}"}
{"op_code":5,"worker_id":"3b6d5499-f8a5-4f0a-9bd7-efd5a746ddcc-127641663555456","trial_id":2,"param_name":"gy","param_value_internal":1,"distribution":"{\"name\": \"CategoricalDistribution\", \"attributes\": {\"choices\": [1, 2, 4, 8]}}"}
{"op_code":5,"worker_id":"3b6d5499-f8a5-4f0a-9bd7-efd5a746ddcc-127641663555456","trial_id":2,"param_name":"sub","param_value_internal":0,"distribution":"{\"name\": \"CategoricalDistribution\", \"attributes\": {\"choices\": [32]}}"}
{"op_code":8,"worker_id":"3b6d5499-f8a5-4f0a-9bd7-efd5a746ddcc-127641663555456","trial_id":2,"user_attr":{"token":"tsweep_t128x64k16g22s32"}}
{"op_code":6,"worker_id":"3b6d5499-f8a5-4f0a-9bd7-efd5a746ddcc-127641663555456","trial_id":0,"state":1,"values":[19787.9],"datetime_complete":"2026-09-17T21:31:21.603173+00:00"}
{"op_code":6,"worker_id":"3b6d5499-f8a5-4f0a-9bd7-efd5a746ddcc-127641663555456","trial_id":1,"state":1,"values":[18618.2],"datetime_complete":"2026-09-17T21:31:29.069194+00:00"}
{"op_code":6,"worker_id":"3b6d5499-f8a5-4f0a-9bd7-efd5a746ddcc-127641663555456","trial_id":2,"state":1,"values":[18876.0],"datetime_complete":"2026-09-17T21:31:36.121363+00:00"}
{"op_code":4,"worker_id":"3b6d5499-f8a5-4f0a-9bd7-efd5a746ddcc-127641663555456","study_id":0,"datetime_start":"2026-09-17T21:31:36.123623+00:00"}
{"op_code":5,"worker_id":"3b6d5499-f8a5-4f0a-9bd7-efd5a746ddcc-127641663555456","trial_id":3,"param_name":"m","param_value_internal":2,"distribution":"{\"name\": \"CategoricalDistribution\", \"attributes\": {\"choices\": [16, 32, 64, 128, 256]}}"}
{"op_code":5,"worker_id":"3b6d5499-f8a5-4f0a-9bd7-efd5a746ddcc-127641663555456","trial_id":3,"param_name":"n","param_value_internal":3,"distribution":"{\"name\": \"CategoricalDistribution\", \"attributes\": {\"choices\": [16, 32, 64, 128, 256]}}"}
{"op_code":5,"worker_id":"3b6d5499-f8a5-4f0a-9bd7-efd5a746ddcc-127641663555456","trial_id":3,"param_name":"k","param_value_internal":0,"distribution":"{\"name\": \"CategoricalDistribution\", \"attributes\": {\"choices\": [16, 32, 64, 128]}}"}
{"op_code":5,"worker_id":"3b6d5499-f8a5-4f0a-9bd7-efd5a746ddcc-127641663555456","trial_id":3,"param_name":"gx","param_value_internal":3,"distribution":"{\"name\": \"CategoricalDistribution\", \"attributes\": {\"choices\": [1, 2, 4, 8]}}"}
{"op_code":5,"worker_id":"3b6d5499-f8a5-4f0a-9bd7-efd5a746ddcc-127641663555456","trial_id":3,"param_name":"gy","param_value_internal":2,"distribution":"{\"name\": \"CategoricalDistribution\", \"attributes\": {\"choices\": [1, 2, 4, 8]}}"}
{"op_code":5,"worker_id":"3b6d5499-f8a5-4f0a-9bd7-efd5a746ddcc-127641663555456","trial_id":3,"param_name":"sub","param_value_internal":0,"distribution":"{\"name\": \"CategoricalDistribution\", \"attributes\": {\"choices\": [32]}}"}
{"op_code":6,"worker_id":"3b6d5499-f8a5-4f0a-9bd7-efd5a746ddcc-127641663555456","trial_id":3,"state":2,"values":null,"datetime_complete":"2026-09-17T21:31:36.134525+00:00"}
{"op_code":4,"worker_id":"3b6d5499-f8a5-4f0a-9bd7-efd5a746ddcc-127641663555456","study_id":0,"datetime_start":"2026-09-17T21:31:36.136135+00:00"}
{"op_code":5,"worker_id":"3b6d5499-f8a5-4f0a-9bd7-efd5a746ddcc-127641663555456","trial_id":4,"param_name":"m","param_value_internal":0,"distribution":"{\"name\": \"CategoricalDistribution\", \"attributes\": {\"choices\": [16, 32, 64, 128, 256]}}"}
{"op_code":5,"worker_id":"3b6d5499-f8a5-4f0a-9bd7-efd5a746ddcc-127641663555456","trial_id":4,"param_name":"n","param_value_internal":3,"distribution":"{\"name\": \"CategoricalDistribution\", \"attributes\": {\"choices\": [16, 32, 64, 128, 256]}}"}
{"op_code":5,"worker_id":"3b6d5499-f8a5-4f0a-9bd7-efd5a746ddcc-127641663555456","trial_id":4,"param_name":"k","param_value_internal":1,"distribution":"{\"name\": \"CategoricalDistribution\", \"attributes\": {\"choices\": [16, 32, 64, 128]}}"}
{"op_code":5,"worker_id":"3b6d5499-f8a5-4f0a-9bd7-efd5a746ddcc-127641663555456","trial_id":4,"param_name":"gx","param_value_internal":0,"distribution":"{\"name\": \"CategoricalDistribution\", \"attributes\": {\"choices\": [1, 2, 4, 8]}}"}
{"op_code":5,"worker_id":"3b6d5499-f8a5-4f0a-9bd7-efd5a746ddcc-127641663555456","trial_id":4,"param_name":"gy","param_value_internal":2,"distribution":"{\"name\": \"CategoricalDistribution\", \"attributes\": {\"choices\": [1, 2, 4, 8]}}"}
{"op_code":5,"worker_id":"3b6d5499-f8a5-4f0a-9bd7-efd5a746ddcc-127641663555456","trial_id":4,"param_name":"sub","param_value_internal":0,"distribution":"{\"name\": \"CategoricalDistribution\", \"attributes\": {\"choices\": [32]}}"}
{"op_code":6,"worker_id":"3b6d5499-f8a5-4f0a-9bd7-efd5a746ddcc-127641663555456","trial_id":4,"state":2,"values":null,"datetime_complete":"2026-09-17T21:31:36.146570+00:00"}
{"op_code":4,"worker_id":"3b6d5499-f8a5-4f0a-9bd7-efd5a746ddcc-127641663555456","study_id":0,"datetime_start":"2026-09-17T21:31:36.148074+00:00"}
{"op_code":5,"worker_id":"3b6d5499-f8a5-4f0a-9bd7-efd5a746ddcc-127641663555456","trial_id":5,"param_name":"m","param_value_internal":3,"distribution":"{\"name\": \"CategoricalDistribution\", \"attributes\": {\"choices\": [16, 32, 64, 128, 256]}}"}
{"op_code":5,"worker_id":"3b6d5499-f8a5-4f0a-9bd7-efd5a746ddcc-127641663555456","trial_id":5,"param_name":"n","param_value_internal":1,"distribution":"{\"name\": \"CategoricalDistribution\", \"attributes\": {\"choices\": [16, 32, 64, 128, 256]}}"}
{"op_code":5,"worker_id":"3b6d5499-f8a5-4f0a-9bd7-efd5a746ddcc-127641663555456","trial_id":5,"param_name":"k","param_value_internal":3,"distribution":"{\"name\": \"CategoricalDistribution\", \"attributes\": {\"choices\": [16, 32, 64, 128]}}"}
{"op_code":5,"worker_id":"3b6d5499-f8a5-4f0a-9bd7-efd5a746ddcc-127641663555456","trial_id":5,"param_name":"gx","param_value_internal":0,"distribution":"{\"name\": \"CategoricalDistribution\", \"attributes\": {\"choices\": [1, 2, 4, 8]}}"}
{"op_code":5,"worker_id":"3b6d5499-f8a5-4f0a-9bd7-efd5a746ddcc-127641663555456","trial_id":5,"param_name":"gy","param_value_internal":3,"distribution":"{\"name\": \"CategoricalDistribution\", \"attributes\": {\"choices\": [1, 2, 4, 8]}}"}
{"op_code":5,"worker_id":"3b6d5499-f8a5-4f0a-9bd7-efd5a746ddcc-127641663555456","trial_id":5,"param_name":"sub","param_value_internal":0,"distribution":"{\"name\": \"CategoricalDistribution\", \"attributes\": {\"choices\": [32]}}"}
{"op_code":6,"worker_id":"3b6d5499-f8a5-4f0a-9bd7-efd5a746ddcc-127641663555456","trial_id":5,"state":2,"values":null,"datetime_complete":"2026-09-17T21:31:36.158455+00:00"}
{"op_code":4,"worker_id":"3b6d5499-f8a5-4f0a-9bd7-efd5a746ddcc-127641663555456","study_id":0,"datetime_start":"2026-09-17T21:31:36.159921+00:00"}
{"op_code":5,"worker_id":"3b6d5499-f8a5-4f0a-9bd7-efd5a746ddcc-127641663555456","trial_id":6,"param_name":"m","param_value_internal":1,"distribution":"{\"name\": \"CategoricalDistribution\", \"attributes\": {\"choices\": [16, 32, 64, 128, 256]}}"}
{"op_code":5,"worker_id":"3b6d5499-f8a5-4f0a-9bd7-efd5a746ddcc-127641663555456","trial_id":6,"param_name":"n","param_value_internal":1,"distribution":"{\"name\": \"CategoricalDistribution\", \"attributes\": {\"choices\": [16, 32, 64, 128, 256]}}"}
{"op_code":5,"worker_id":"3b6d5499-f8a5-4f0a-9bd7-efd5a746ddcc-127641663555456","trial_id":6,"param_name":"k","param_value_internal":1,"distribution":"{\"name\": \"CategoricalDistribution\", \"attributes\": {\"choices\": [16, 32, 64, 128]}}"}
{"op_code":5,"worker_id":"3b6d5499-f8a5-4f0a-9bd7-efd5a746ddcc-127641663555456","trial_id":6,"param_name":"gx","param_value_internal":0,"distribution":"{\"name\": \"CategoricalDistribution\", \"attributes\": {\"choices\": [1, 2, 4, 8]}}"}
{"op_code":5,"worker_id":"3b6d5499-f8a5-4f0a-9bd7-efd5a746ddcc-127641663555456","trial_id":6,"param_name":"gy","param_value_internal":0,"distribution":"{\"name\": \"CategoricalDistribution\", \"attributes\": {\"choices\": [1, 2, 4, 8]}}"}
{"op_code":5,"worker_id":"3b6d5499-f8a5-4f0a-9bd7-efd5a746ddcc-127641663555456","trial_id":6,"param_name":"sub","param_value_internal":0,"distribution":"{\"name\": \"CategoricalDistribution\", \"attributes\": {\"choices\": [32]}}"}
{"op_code":8,"worker_id":"3b6d5499-f8a5-4f0a-9bd7-efd5a746ddcc-127641663555456","trial_id":6,"user_attr":{"token":"tsweep_t32x32k32g11s32"}}
{"op_code":4,"worker_id":"3b6d5499-f8a5-4f0a-9bd7-efd5a746ddcc-127641663555456","study_id":0,"datetime_start":"2026-09-17T21:31:36.171766+00:00"}
{"op_code":5,"worker_id":"3b6d5499-f8a5-4f0a-9bd7-efd5a746ddcc-127641663555456","trial_id":7,"param_name":"m","param_value_internal":4,"distribution":"{\"name\": \"CategoricalDistribution\", \"attributes\": {\"choices\": [16, 32, 64, 128, 256]}}"}
{"op_code":5,"worker_id":"3b6d5499-f8a5-4f0a-9bd7-efd5a746ddcc-127641663555456","trial_id":7,"param_name":"n","param_value_internal":1,"distribution":"{\"name\": \"CategoricalDistribution\", \"attributes\": {\"choices\": [16, 32, 64, 128, 256]}}"}
{"op_code":5,"worker_id":"3b6d5499-f8a5-4f0a-9bd7-efd5a746ddcc-127641663555456","trial_id":7,"param_name":"k","param_value_internal":0,"distribution":"{\"name\": \"CategoricalDistribution\", \"attributes\": {\"choices\": [16, 32, 64, 128]}}"}
{"op_code":5,"worker_id":"3b6d5499-f8a5-4f0a-9bd7-efd5a746ddcc-127641663555456","trial_id":7,"param_name":"gx","param_value_internal":1,"distribution":"{\"name\": \"CategoricalDistribution\", \"attributes\": {\"choices\": [1, 2, 4, 8]}}"}
{"op_code":5,"worker_id":"3b6d5499-f8a5-4f0a-9bd7-efd5a746ddcc-127641663555456","trial_id":7,"param_name":"gy","param_value_internal":3,"distribution":"{\"name\": \"CategoricalDistribution\", \"attributes\": {\"choices\": [1, 2, 4, 8]}}"}
{"op_code":5,"worker_id":"3b6d5499-f8a5-4f0a-9bd7-efd5a746ddcc-127641663555456","trial_id":7,"param_name":"sub","param_value_internal":0,"distribution":"{\"name\": \"CategoricalDistribution\", \"attributes\": {\"choices\": [32]}}"}
{"op_code":6,"worker_id":"3b6d5499-f8a5-4f0a-9bd7-efd5a746ddcc-127641663555456","trial_id":7,"state":2,"values":null,"datetime_complete":"2026-09-17T21:31:36.182169+00:00"}
{"op_code":4,"worker_id":"3b6d5499-f8a5-4f0a-9bd7-efd5a746ddcc-127641663555456","study_id":0,"datetime_start":"2026-09-17T21:31:36.183695+00:00"}
{"op_code":5,"worker_id":"3b6d5499-f8a5-4f0a-9bd7-efd5a746ddcc-127641663555456","trial_id":8,"param_name":"m","param_value_internal":2,"distribution":"{\"name\": \"CategoricalDistribution\", \"attributes\": {\"choices\": [16, 32, 64, 128, 256]}}"}
{"op_code":5,"worker_id":"3b6d5499-f8a5-4f0a-9bd7-efd5a746ddcc-127641663555456","trial_id":8,"param_name":"n","param_value_internal":4,"distribution":"{\"name\": \"CategoricalDistribution\", \"attributes\": {\"choices\": [16, 32, 64, 128, 256]}}"}
{"op_code":5,"worker_id":"3b6d5499-f8a5-4f0a-9bd7-efd5a746ddcc-127641663555456","trial_id":8,"param_name":"k","param_value_internal":3,"distribution":"{\"name\": \"CategoricalDistribution\", \"attributes\": {\"choices\": [16, 32, 64, 128]}}"}
{"op_code":5,"worker_id":"3b6d5499-f8a5-4f0a-9bd7-efd5a746ddcc-127641663555456","trial_id":8,"param_name":"gx","param_value_internal":0,"distribution":"{\"name\": \"CategoricalDistribution\", \"attributes\": {\"choices\": [1, 2, 4, 8]}}"}
{"op_code":5,"worker_id":"3b6d5499-f8a5-4f0a-9bd7-efd5a746ddcc-127641663555456","trial_id":8,"param_name":"gy","param_value_internal":3,"distribution":"{\"name\": \"CategoricalDistribution\", \"attributes\": {\"choices\": [1, 2, 4, 8]}}"}
{"op_code":5,"worker_id":"3b6d5499-f8a5-4f0a-9bd7-efd5a746ddcc-127641663555456","trial_id":8,"param_name":"sub","param_value_internal":0,"distribution":"{\"name\": \"CategoricalDistribution\", \"attributes\": {\"choices\": [32]}}"}
{"op_code":6,"worker_id":"3b6d5499-f8a5-4f0a-9bd7-efd5a746ddcc-127641663555456","trial_id":8,"state":2,"values":null,"datetime_complete":"2026-09-17T21:31:36.194083+00:00"}
{"op_code":4,"worker_id":"3b6d5499-f8a5-4f0a-9bd7-efd5a746ddcc-127641663555456","study_id":0,"datetime_start":"2026-09-17T21:31:36.195539+00:00"}
{"op_code":5,"worker_id":"3b6d5499-f8a5-4f0a-9bd7-efd5a746ddcc-127641663555456","trial_id":9,"param_name":"m","param_value_internal":2,"distribution":"{\"name\": \"CategoricalDistribution\", \"attributes\": {\"choices\": [16, 32, 64, 128, 256]}}"}
{"op_code":5,"worker_id":"3b6d5499-f8a5-4f0a-9bd7-efd5a746ddcc-127641663555456","trial_id":9,"param_name":"n","param_value_internal":2,"distribution":"{\"name\": \"CategoricalDistribution\", \"attributes\": {\"choices\": [16, 32, 64, 128, 256]}}"}
{"op_code":5,"worker_id":"3b6d5499-f8a5-4f0a-9bd7-efd5a746ddcc-127641663555456","trial_id":9,"param_name":"k","param_value_internal":1,"distribution":"{\"name\": \"CategoricalDistribution\", \"attributes\": {\"choices\": [16, 32, 64, 128]}}"}
{"op_code":5,"worker_id":"3b6d5499-f8a5-4f0a-9bd7-efd5a746ddcc-127641663555456","trial_id":9,"param_name":"gx","param_value_internal":2,"distribution":"{\"name\": \"CategoricalDistribution\", \"attributes\": {\"choices\": [1, 2, 4, 8]}}"}
{"op_code":5,"worker_id":"3b6d5499-f8a5-4f0a-9bd7-efd5a746ddcc-127641663555456","trial_id":9,"param_name":"gy","param_value_internal":0,"distribution":"{\"name\": \"CategoricalDistribution\", \"attributes\": {\"choices\": [1, 2, 4, 8]}}"}
{"op_code":5,"worker_id":"3b6d5499-f8a5-4f0a-9bd7-efd5a746ddcc-127641663555456","trial_id":9,"param_name":"sub","param_value_internal":0,"distribution":"{\"name\": \"CategoricalDistribution\", \"attributes\": {\"choices\": [32]}}"}
{"op_code":8,"worker_id":"3b6d5499-f8a5-4f0a-9bd7-efd5a746ddcc-127641663555456","trial_id":9,"user_attr":{"token":"tsweep_t64x64k32g41s32"}}
{"op_code":4,"worker_id":"3b6d5499-f8a5-4f0a-9bd7-efd5a746ddcc-127641663555456","study_id":0,"datetime_start":"2026-09-17T21:31:36.206990+00:00"}
{"op_code":5,"worker_id":"3b6d5499-f8a5-4f0a-9bd7-efd5a746ddcc-127641663555456","trial_id":10,"param_name":"m","param_value_internal":2,"distribution":"{\"name\": \"CategoricalDistribution\", \"attributes\": {\"choices\": [16, 32, 64, 128, 256]}}"}
{"op_code":5,"worker_id":"3b6d5499-f8a5-4f0a-9bd7-efd5a746ddcc-127641663555456","trial_id":10,"param_name":"n","param_value_internal":3,"distribution":"{\"name\": \"CategoricalDistribution\", \"attributes\": {\"choices\": [16, 32, 64, 128, 256]}}"}
{"op_code":5,"worker_id":"3b6d5499-f8a5-4f0a-9bd7-efd5a746ddcc-127641663555456","trial_id":10,"param_name":"k","param_value_internal":3,"distribution":"{\"name\": \"CategoricalDistribution\", \"attributes\": {\"choices\": [16, 32, 64, 128]}}"}
{"op_code":5,"worker_id":"3b6d5499-f8a5-4f0a-9bd7-efd5a746ddcc-127641663555456","trial_id":10,"param_name":"gx","param_value_internal":1,"distribution":"{\"name\": \"CategoricalDistribution\", \"attributes\": {\"choices\": [1, 2, 4, 8]}}"}
{"op_code":5,"worker_id":"3b6d5499-f8a5-4f0a-9bd7-efd5a746ddcc-127641663555456","trial_id":10,"param_name":"gy","param_value_internal":2,"distribution":"{\"name\": \"CategoricalDistribution\", \"attributes\": {\"choices\": [1, 2, 4, 8]}}"}
{"op_code":5,"worker_id":"3b6d5499-f8a5-4f0a-9bd7-efd5a746ddcc-127641663555456","trial_id":10,"param_name":"sub","param_value_internal":0,"distribution":"{\"name\": \"CategoricalDistribution\", \"attributes\": {\"choices\": [32]}}"}
{"op_code":6,"worker_id":"3b6d5499-f8a5-4f0a-9bd7-efd5a746ddcc-127641663555456","trial_id":10,"state":2,"values":null,"datetime_complete":"2026-09-17T21:31:36.217378+00:00"}
{"op_code":4,"worker_id":"3b6d5499-f8a5-4f0a-9bd7-efd5a746ddcc-127641663555456","study_id":0,"datetime_start":"2026-09-17T21:31:36.218875+00:00"}
{"op_code":5,"worker_id":"3b6d5499-f8a5-4f0a-9bd7-efd5a746ddcc-127641663555456","trial_id":11,"param_name":"m","param_value_internal":3,"distribution":"{\"name\": \"CategoricalDistribution\", \"attributes\": {\"choices\": [16, 32, 64, 128, 256]}}"}
{"op_code":5,"worker_id":"3b6d5499-f8a5-4f0a-9bd7-efd5a746ddcc-127641663555456","trial_id":11,"param_name":"n","param_value_internal":3,"distribution":"{\"name\": \"CategoricalDistribution\", \"attributes\": {\"choices\": [16, 32, 64, 128, 256]}}"}
{"op_code":5,"worker_id":"3b6d5499-f8a5-4f0a-9bd7-efd5a746ddcc-127641663555456","trial_id":11,"param_name":"k","param_value_internal":1,"distribution":"{\"name\": \"CategoricalDistribution\", \"attributes\": {\"choices\": [16, 32, 64, 128]}}"}
{"op_code":5,"worker_id":"3b6d5499-f8a5-4f0a-9bd7-efd5a746ddcc-127641663555456","trial_id":11,"param_name":"gx","param_value_internal":0,"distribution":"{\"name\": \"CategoricalDistribution\", \"attributes\": {\"choices\": [1, 2, 4, 8]}}"}
{"op_code":5,"worker_id":"3b6d5499-f8a5-4f0a-9bd7-efd5a746ddcc-127641663555456","trial_id":11,"param_name":"gy","param_value_internal":3,"distribution":"{\"name\": \"CategoricalDistribution\", \"attributes\": {\"choices\": [1, 2, 4, 8]}}"}
{"op_code":5,"worker_id":"3b6d5499-f8a5-4f0a-9bd7-efd5a746ddcc-127641663555456","trial_id":11,"param_name":"sub","param_value_internal":0,"distribution":"{\"name\": \"CategoricalDistribution\", \"attributes\": {\"choices\": [32]}}"}
{"op_code":6,"worker_id":"3b6d5499-f8a5-4f0a-9bd7-efd5a746ddcc-127641663555456","trial_id":11,"state":2,"values":null,"datetime_complete":"2026-09-17T21:31:36.229683+00:00"}
{"op_code":4,"worker_id":"3b6d5499-f8a5-4f0a-9bd7-efd5a746ddcc-127641663555456","study_id":0,"datetime_start":"2026-09-17T21:31:36.231168+00:00"}
{"op_code":9,"worker_id":"3b6d5499-f8a5-4f0a-9bd7-efd5a746ddcc-127641663555456","trial_id":12,"system_attr":{"tpe:relative_params:0":"{\"gx\": 2, \"gy\": 2, \"k\": 64, \"m\": 32, \"n\": 128}"}}
{"op_code":5,"worker_id":"3b6d5499-f8a5-4f0a-9bd7-efd5a746ddcc-127641663555456","trial_id":12,"param_name":"m","param_value_internal":1,"distribution":"{\"name\": \"CategoricalDistribution\", \"attributes\": {\"choices\": [16, 32, 64, 128, 256]}}"}
{"op_code":5,"worker_id":"3b6d5499-f8a5-4f0a-9bd7-efd5a746ddcc-127641663555456","trial_id":12,"param_name":"n","param_value_internal":3,"distribution":"{\"name\": \"CategoricalDistribution\", \"attributes\": {\"choices\": [16, 32, 64, 128, 256]}}"}
{"op_code":5,"worker_id":"3b6d5499-f8a5-4f0a-9bd7-efd5a746ddcc-127641663555456","trial_id":12,"param_name":"k","param_value_internal":2,"distribution":"{\"name\": \"CategoricalDistribution\", \"attributes\": {\"choices\": [16, 32, 64, 128]}}"}
{"op_code":5,"worker_id":"3b6d5499-f8a5-4f0a-9bd7-efd5a746ddcc-127641663555456","trial_id":12,"param_name":"gx","param_value_internal":1,"distribution":"{\"name\": \"CategoricalDistribution\", \"attributes\": {\"choices\": [1, 2, 4, 8]}}"}
{"op_code":5,"worker_id":"3b6d5499-f8a5-4f0a-9bd7-efd5a746ddcc-127641663555456","trial_id":12,"param_name":"gy","param_value_internal":1,"distribution":"{\"name\": \"CategoricalDistribution\", \"attributes\": {\"choices\": [1, 2, 4, 8]}}"}
{"op_code":5,"worker_id":"3b6d5499-f8a5-4f0a-9bd7-efd5a746ddcc-127641663555456","trial_id":12,"param_name":"sub","param_value_internal":0,"distribution":"{\"name\": \"CategoricalDistribution\", \"attributes\": {\"choices\": [32]}}"}
{"op_code":6,"worker_id":"3b6d5499-f8a5-4f0a-9bd7-efd5a746ddcc-127641663555456","trial_id":12,"state":2,"values":null,"datetime_complete":"2026-09-17T21:31:36.243689+00:00"}
{"op_code":4,"worker_id":"3b6d5499-f8a5-4f0a-9bd7-efd5a746ddcc-127641663555456","study_id":0,"datetime_start":"2026-09-17T21:31:36.245241+00:00"}
{"op_code":9,"worker_id":"3b6d5499-f8a5-4f0a-9bd7-efd5a746ddcc-127641663555456","trial_id":13,"system_attr":{"tpe:relative_params:0":"{\"gx\": 2, \"gy\": 1, \"k\": 16, \"m\": 128, \"n\": 64}"}}
{"op_code":5,"worker_id":"3b6d5499-f8a5-4f0a-9bd7-efd5a746ddcc-127641663555456","trial_id":13,"param_name":"m","param_value_internal":3,"distribution":"{\"name\": \"CategoricalDistribution\", \"attributes\": {\"choices\": [16, 32, 64, 128, 256]}}"}
{"op_code":5,"worker_id":"3b6d5499-f8a5-4f0a-9bd7-efd5a746ddcc-127641663555456","trial_id":13,"param_name":"n","param_value_internal":2,"distribution":"{\"name\": \"CategoricalDistribution\", \"attributes\": {\"choices\": [16, 32, 64, 128, 256]}}"}
{"op_code":5,"worker_id":"3b6d5499-f8a5-4f0a-9bd7-efd5a746ddcc-127641663555456","trial_id":13,"param_name":"k","param_value_internal":0,"distribution":"{\"name\": \"CategoricalDistribution\", \"attributes\": {\"choices\": [16, 32, 64, 128]}}"}
{"op_code":5,"worker_id":"3b6d5499-f8a5-4f0a-9bd7-efd5a746ddcc-127641663555456","trial_id":13,"param_name":"gx","param_value_internal":1,"distribution":"{\"name\": \"CategoricalDistribution\", \"attributes\": {\"choices\": [1, 2, 4, 8]}}"}
{"op_code":5,"worker_id":"3b6d5499-f8a5-4f0a-9bd7-efd5a746ddcc-127641663555456","trial_id":13,"param_name":"gy","param_value_internal":0,"distribution":"{\"name\": \"CategoricalDistribution\", \"attributes\": {\"choices\": [1, 2, 4, 8]}}"}
{"op_code":5,"worker_id":"3b6d5499-f8a5-4f0a-9bd7-efd5a746ddcc-127641663555456","trial_id":13,"param_name":"sub","param_value_internal":0,"distribution":"{\"name\": \"CategoricalDistribution\", \"attributes\": {\"choices\": [32]}}"}
{"op_code":8,"worker_id":"3b6d5499-f8a5-4f0a-9bd7-efd5a746ddcc-127641663555456","trial_id":13,"user_attr":{"token":"tsweep_t128x64k16g21s32"}}
{"op_code":6,"worker_id":"3b6d5499-f8a5-4f0a-9bd7-efd5a746ddcc-127641663555456","trial_id":6,"state":1,"values":[14473.65],"datetime_complete":"2026-09-17T21:31:58.122431+00:00"}
{"op_code":6,"worker_id":"3b6d5499-f8a5-4f0a-9bd7-efd5a746ddcc-127641663555456","trial_id":9,"state":1,"values":[17430.1],"datetime_complete":"2026-09-17T21:32:05.087055+00:00"}
{"op_code":6,"worker_id":"3b6d5499-f8a5-4f0a-9bd7-efd5a746ddcc-127641663555456","trial_id":13,"state":1,"values":[18789.0],"datetime_complete":"2026-09-17T21:32:12.945442+00:00"}
{"op_code":0,"worker_id":"c750b157-6928-49ad-a4ef-d8fb47df51df-132802756511616","study_name":"q4gsw_nvidia-geforce-rtx-4070-ti-super","directions":[2]}
{"op_code":4,"worker_id":"c750b157-6928-49ad-a4ef-d8fb47df51df-132802756511616","study_id":0,"datetime_start":"2026-09-17T21:40:13.762999+00:00"}
{"op_code":9,"worker_id":"c750b157-6928-49ad-a4ef-d8fb47df51df-132802756511616","trial_id":14,"system_attr":{"tpe:relative_params:0":"{\"gx\": 2, \"gy\": 2, \"k\": 16, \"m\": 128, \"n\": 128}"}}
{"op_code":5,"worker_id":"c750b157-6928-49ad-a4ef-d8fb47df51df-132802756511616","trial_id":14,"param_name":"m","param_value_internal":3,"distribution":"{\"name\": \"CategoricalDistribution\", \"attributes\": {\"choices\": [16, 32, 64, 128, 256]}}"}
{"op_code":5,"worker_id":"c750b157-6928-49ad-a4ef-d8fb47df51df-132802756511616","trial_id":14,"param_name":"n","param_value_internal":3,"distribution":"{\"name\": \"CategoricalDistribution\", \"attributes\": {\"choices\": [16, 32, 64, 128, 256]}}"}
{"op_code":5,"worker_id":"c750b157-6928-49ad-a4ef-d8fb47df51df-132802756511616","trial_id":14,"param_name":"k","param_value_internal":0,"distribution":"{\"name\": \"CategoricalDistribution\", \"attributes\": {\"choices\": [16, 32, 64, 128]}}"}
{"op_code":5,"worker_id":"c750b157-6928-49ad-a4ef-d8fb47df51df-132802756511616","trial_id":14,"param_name":"gx","param_value_internal":1,"distribution":"{\"name\": \"CategoricalDistribution\", \"attributes\": {\"choices\": [1, 2, 4, 8]}}"}
{"op_code":5,"worker_id":"c750b157-6928-49ad-a4ef-d8fb47df51df-132802756511616","trial_id":14,"param_name":"gy","param_value_internal":1,"distribution":"{\"name\": \"CategoricalDistribution\", \"attributes\": {\"choices\": [1, 2, 4, 8]}}"}
{"op_code":5,"worker_id":"c750b157-6928-49ad-a4ef-d8fb47df51df-132802756511616","trial_id":14,"param_name":"sub","param_value_internal":0,"distribution":"{\"name\": \"CategoricalDistribution\", \"attributes\": {\"choices\": [32]}}"}
{"op_code":6,"worker_id":"c750b157-6928-49ad-a4ef-d8fb47df51df-132802756511616","trial_id":14,"state":2,"values":null,"datetime_complete":"2026-09-17T21:40:13.778782+00:00"}
{"op_code":4,"worker_id":"c750b157-6928-49ad-a4ef-d8fb47df51df-132802756511616","study_id":0,"datetime_start":"2026-09-17T21:40:13.780290+00:00"}
{"op_code":9,"worker_id":"c750b157-6928-49ad-a4ef-d8fb47df51df-132802756511616","trial_id":15,"system_attr":{"tpe:relative_params:0":"{\"gx\": 8, \"gy\": 2, \"k\": 16, \"m\": 256, \"n\": 64}"}}
{"op_code":5,"worker_id":"c750b157-6928-49ad-a4ef-d8fb47df51df-132802756511616","trial_id":15,"param_name":"m","param_value_internal":4,"distribution":"{\"name\": \"CategoricalDistribution\", \"attributes\": {\"choices\": [16, 32, 64, 128, 256]}}"}
{"op_code":5,"worker_id":"c750b157-6928-49ad-a4ef-d8fb47df51df-132802756511616","trial_id":15,"param_name":"n","param_value_internal":2,"distribution":"{\"name\": \"CategoricalDistribution\", \"attributes\": {\"choices\": [16, 32, 64, 128, 256]}}"}
{"op_code":5,"worker_id":"c750b157-6928-49ad-a4ef-d8fb47df51df-132802756511616","trial_id":15,"param_name":"k","param_value_internal":0,"distribution":"{\"name\": \"CategoricalDistribution\", \"attributes\": {\"choices\": [16, 32, 64, 128]}}"}
{"op_code":5,"worker_id":"c750b157-6928-49ad-a4ef-d8fb47df51df-132802756511616","trial_id":15,"param_name":"gx","param_value_internal":3,"distribution":"{\"name\": \"CategoricalDistribution\", \"attributes\": {\"choices\": [1, 2, 4, 8]}}"}
{"op_code":5,"worker_id":"c750b157-6928-49ad-a4ef-d8fb47df51df-132802756511616","trial_id":15,"param_name":"gy","param_value_internal":1,"distribution":"{\"name\": \"CategoricalDistribution\", \"attributes\": {\"choices\": [1, 2, 4, 8]}}"}
{"op_code":5,"worker_id":"c750b157-6928-49ad-a4ef-d8fb47df51df-132802756511616","trial_id":15,"param_name":"sub","param_value_internal":0,"distribution":"{\"name\": \"CategoricalDistribution\", \"attributes\": {\"choices\": [32]}}"}
{"op_code":6,"worker_id":"c750b157-6928-49ad-a4ef-d8fb47df51df-132802756511616","trial_id":15,"state":2,"values":null,"datetime_complete":"2026-09-17T21:40:13.792334+00:00"}
{"op_code":4,"worker_id":"c750b157-6928-49ad-a4ef-d8fb47df51df-132802756511616","study_id":0,"datetime_start":"2026-09-17T21:40:13.793827+00:00"}
{"op_code":9,"worker_id":"c750b157-6928-49ad-a4ef-d8fb47df51df-132802756511616","trial_id":16,"system_attr":{"tpe:relative_params:0":"{\"gx\": 2, \"gy\": 4, \"k\": 64, \"m\": 128, \"n\": 32}"}}
{"op_code":5,"worker_id":"c750b157-6928-49ad-a4ef-d8fb47df51df-132802756511616","trial_id":16,"param_name":"m","param_value_internal":3,"distribution":"{\"name\": \"CategoricalDistribution\", \"attributes\": {\"choices\": [16, 32, 64, 128, 256]}}"}
{"op_code":5,"worker_id":"c750b157-6928-49ad-a4ef-d8fb47df51df-132802756511616","trial_id":16,"param_name":"n","param_value_internal":1,"distribution":"{\"name\": \"CategoricalDistribution\", \"attributes\": {\"choices\": [16, 32, 64, 128, 256]}}"}
{"op_code":5,"worker_id":"c750b157-6928-49ad-a4ef-d8fb47df51df-132802756511616","trial_id":16,"param_name":"k","param_value_internal":2,"distribution":"{\"name\": \"CategoricalDistribution\", \"attributes\": {\"choices\": [16, 32, 64, 128]}}"}
{"op_code":5,"worker_id":"c750b157-6928-49ad-a4ef-d8fb47df51df-132802756511616","trial_id":16,"param_name":"gx","param_value_internal":1,"distribution":"{\"name\": \"CategoricalDistribution\", \"attributes\": {\"choices\": [1, 2, 4, 8]}}"}
{"op_code":5,"worker_id":"c750b157-6928-49ad-a4ef-d8fb47df51df-132802756511616","trial_id":16,"param_name":"gy","param_value_internal":2,"distribution":"{\"name\": \"CategoricalDistribution\", \"attributes\": {\"choices\": [1, 2, 4, 8]}}"}
{"op_code":5,"worker_id":"c750b157-6928-49ad-a4ef-d8fb47df51df-132802756511616","trial_id":16,"param_name":"sub","param_value_internal":0,"distribution":"{\"name\": \"CategoricalDistribution\", \"attributes\": {\"choices\": [32]}}"}
{"op_code":6,"worker_id":"c750b157-6928-49ad-a4ef-d8fb47df51df-132802756511616","trial_id":16,"state":2,"values":null,"datetime_complete":"2026-09-17T21:40:13.805680+00:00"}
{"op_code":4,"worker_id":"c750b157-6928-49ad-a4ef-d8fb47df51df-132802756511616","study_id":0,"datetime_start":"2026-09-17T21:40:13.807136+00:00"}
{"op_code":9,"worker_id":"c750b157-6928-49ad-a4ef-d8fb47df51df-132802756511616","trial_id":17,"system_attr":{"tpe:relative_params:0":"{\"gx\": 8, \"gy\": 2, \"k\": 16, \"m\": 128, \"n\": 16}"}}
{"op_code":5,"worker_id":"c750b157-6928-49ad-a4ef-d8fb47df51df-132802756511616","trial_id":17,"param_name":"m","param_value_internal":3,"distribution":"{\"name\": \"CategoricalDistribution\", \"attributes\": {\"choices\": [16, 32, 64, 128, 256]}}"}
{"op_code":5,"worker_id":"c750b157-6928-49ad-a4ef-d8fb47df51df-132802756511616","trial_id":17,"param_name":"n","param_value_internal":0,"distribution":"{\"name\": \"CategoricalDistribution\", \"attributes\": {\"choices\": [16, 32, 64, 128, 256]}}"}
{"op_code":5,"worker_id":"c750b157-6928-49ad-a4ef-d8fb47df51df-132802756511616","trial_id":17,"param_name":"k","param_value_internal":0,"distribution":"{\"name\": \"CategoricalDistribution\", \"attributes\": {\"choices\": [16, 32, 64, 128]}}"}
{"op_code":5,"worker_id":"c750b157-6928-49ad-a4ef-d8fb47df51df-132802756511616","trial_id":17,"param_name":"gx","param_value_internal":3,"distribution":"{\"name\": \"CategoricalDistribution\", \"attributes\": {\"choices\": [1, 2, 4, 8]}}"}
{"op_code":5,"worker_id":"c750b157-6928-49ad-a4ef-d8fb47df51df-132802756511616","trial_id":17,"param_name":"gy","param_value_internal":1,"distribution":"{\"name\": \"CategoricalDistribution\", \"attributes\": {\"choices\": [1, 2, 4, 8]}}"}
{"op_code":5,"worker_id":"c750b157-6928-49ad-a4ef-d8fb47df51df-132802756511616","trial_id":17,"param_name":"sub","param_value_internal":0,"distribution":"{\"name\": \"CategoricalDistribution\", \"attributes\": {\"choices\": [32]}}"}
{"op_code":6,"worker_id":"c750b157-6928-49ad-a4ef-d8fb47df51df-132802756511616","trial_id":17,"state":2,"values":null,"datetime_complete":"2026-09-17T21:40:13.819364+00:00"}
{"op_code":4,"worker_id":"c750b157-6928-49ad-a4ef-d8fb47df51df-132802756511616","study_id":0,"datetime_start":"2026-09-17T21:40:13.820824+00:00"}
{"op_code":9,"worker_id":"c750b157-6928-49ad-a4ef-d8fb47df51df-132802756511616","trial_id":18,"system_attr":{"tpe:relative_params:0":"{\"gx\": 2, \"gy\": 2, \"k\": 16, \"m\": 64, \"n\": 256}"}}
{"op_code":5,"worker_id":"c750b157-6928-49ad-a4ef-d8fb47df51df-132802756511616","trial_id":18,"param_name":"m","param_value_internal":2,"distribution":"{\"name\": \"CategoricalDistribution\", \"attributes\": {\"choices\": [16, 32, 64, 128, 256]}}"}
{"op_code":5,"worker_id":"c750b157-6928-49ad-a4ef-d8fb47df51df-132802756511616","trial_id":18,"param_name":"n","param_value_internal":4,"distribution":"{\"name\": \"CategoricalDistribution\", \"attributes\": {\"choices\": [16, 32, 64, 128, 256]}}"}
{"op_code":5,"worker_id":"c750b157-6928-49ad-a4ef-d8fb47df51df-132802756511616","trial_id":18,"param_name":"k","param_value_internal":0,"distribution":"{\"name\": \"CategoricalDistribution\", \"attributes\": {\"choices\": [16, 32, 64, 128]}}"}
{"op_code":5,"worker_id":"c750b157-6928-49ad-a4ef-d8fb47df51df-132802756511616","trial_id":18,"param_name":"gx","param_value_internal":1,"distribution":"{\"name\": \"CategoricalDistribution\", \"attributes\": {\"choices\": [1, 2, 4, 8]}}"}
{"op_code":5,"worker_id":"c750b157-6928-49ad-a4ef-d8fb47df51df-132802756511616","trial_id":18,"param_name":"gy","param_value_internal":1,"distribution":"{\"name\": \"CategoricalDistribution\", \"attributes\": {\"choices\": [1, 2, 4, 8]}}"}
{"op_code":5,"worker_id":"c750b157-6928-49ad-a4ef-d8fb47df51df-132802756511616","trial_id":18,"param_name":"sub","param_value_internal":0,"distribution":"{\"name\": \"CategoricalDistribution\", \"attributes\": {\"choices\": [32]}}"}
{"op_code":8,"worker_id":"c750b157-6928-49ad-a4ef-d8fb47df51df-132802756511616","trial_id":18,"user_attr":{"token":"tsweep_t64x256k16g22s32"}}
{"op_code":4,"worker_id":"c750b157-6928-49ad-a4ef-d8fb47df51df-132802756511616","study_id":0,"datetime_start":"2026-09-17T21:40:13.834007+00:00"}
{"op_code":9,"worker_id":"c750b157-6928-49ad-a4ef-d8fb47df51df-132802756511616","trial_id":19,"system_attr":{"tpe:relative_params:0":"{\"gx\": 1, \"gy\": 2, \"k\": 64, \"m\": 128, \"n\": 64}"}}
{"op_code":5,"worker_id":"c750b157-6928-49ad-a4ef-d8fb47df51df-132802756511616","trial_id":19,"param_name":"m","param_value_internal":3,"distribution":"{\"name\": \"CategoricalDistribution\", \"attributes\": {\"choices\": [16, 32, 64, 128, 256]}}"}
{"op_code":5,"worker_id":"c750b157-6928-49ad-a4ef-d8fb47df51df-132802756511616","trial_id":19,"param_name":"n","param_value_internal":2,"distribution":"{\"name\": \"CategoricalDistribution\", \"attributes\": {\"choices\": [16, 32, 64, 128, 256]}}"}
{"op_code":5,"worker_id":"c750b157-6928-49ad-a4ef-d8fb47df51df-132802756511616","trial_id":19,"param_name":"k","param_value_internal":2,"distribution":"{\"name\": \"CategoricalDistribution\", \"attributes\": {\"choices\": [16, 32, 64, 128]}}"}
{"op_code":5,"worker_id":"c750b157-6928-49ad-a4ef-d8fb47df51df-132802756511616","trial_id":19,"param_name":"gx","param_value_internal":0,"distribution":"{\"name\": \"CategoricalDistribution\", \"attributes\": {\"choices\": [1, 2, 4, 8]}}"}
{"op_code":5,"worker_id":"c750b157-6928-49ad-a4ef-d8fb47df51df-132802756511616","trial_id":19,"param_name":"gy","param_value_internal":1,"distribution":"{\"name\": \"CategoricalDistribution\", \"attributes\": {\"choices\": [1, 2, 4, 8]}}"}
{"op_code":5,"worker_id":"c750b157-6928-49ad-a4ef-d8fb47df51df-132802756511616","trial_id":19,"param_name":"sub","param_value_internal":0,"distribution":"{\"name\": \"CategoricalDistribution\", \"attributes\": {\"choices\": [32]}}"}
{"op_code":6,"worker_id":"c750b157-6928-49ad-a4ef-d8fb47df51df-132802756511616","trial_id":19,"state":2,"values":null,"datetime_complete":"2026-09-17T21:40:13.846011+00:00"}
{"op_code":4,"worker_id":"c750b157-6928-49ad-a4ef-d8fb47df51df-132802756511616","study_id":0,"datetime_start":"2026-09-17T21:40:13.847573+00:00"}
{"op_code":9,"worker_id":"c750b157-6928-49ad-a4ef-d8fb47df51df-132802756511616","trial_id":20,"system_attr":{"tpe:relative_params:0":"{\"gx\": 4, \"gy\": 2, \"k\": 32, \"m\": 256, \"n\": 128}"}}
{"op_code":5,"worker_id":"c750b157-6928-49ad-a4ef-d8fb47df51df-132802756511616","trial_id":20,"param_name":"m","param_value_internal":4,"distribution":"{\"name\": \"CategoricalDistribution\", \"attributes\": {\"choices\": [16, 32, 64, 128, 256]}}"}
{"op_code":5,"worker_id":"c750b157-6928-49ad-a4ef-d8fb47df51df-132802756511616","trial_id":20,"param_name":"n","param_value_internal":3,"distribution":"{\"name\": \"CategoricalDistribution\", \"attributes\": {\"choices\": [16, 32, 64, 128, 256]}}"}
{"op_code":5,"worker_id":"c750b157-6928-49ad-a4ef-d8fb47df51df-132802756511616","trial_id":20,"param_name":"k","param_value_internal":1,"distribution":"{\"name\": \"CategoricalDistribution\", \"attributes\": {\"choices\": [16, 32, 64, 128]}}"}
{"op_code":5,"worker_id":"c750b157-6928-49ad-a4ef-d8fb47df51df-132802756511616","trial_id":20,"param_name":"gx","param_value_internal":2,"distribution":"{\"name\": \"CategoricalDistribution\", \"attributes\": {\"choices\": [1, 2, 4, 8]}}"}
{"op_code":5,"worker_id":"c750b157-6928-49ad-a4ef-d8fb47df51df-132802756511616","trial_id":20,"param_name":"gy","param_value_internal":1,"distribution":"{\"name\": \"CategoricalDistribution\", \"attributes\": {\"choices\": [1, 2, 4, 8]}}"}
{"op_code":5,"worker_id":"c750b157-6928-49ad-a4ef-d8fb47df51df-132802756511616","trial_id":20,"param_name":"sub","param_value_internal":0,"distribution":"{\"name\": \"CategoricalDistribution\", \"attributes\": {\"choices\": [32]}}"}
{"op_code":6,"worker_id":"c750b157-6928-49ad-a4ef-d8fb47df51df-132802756511616","trial_id":20,"state":2,"values":null,"datetime_complete":"2026-09-17T21:40:13.859652+00:00"}
{"op_code":4,"worker_id":"c750b157-6928-49ad-a4ef-d8fb47df51df-132802756511616","study_id":0,"datetime_start":"2026-09-17T21:40:13.861157+00:00"}
{"op_code":9,"worker_id":"c750b157-6928-49ad-a4ef-d8fb47df51df-132802756511616","trial_id":21,"system_attr":{"tpe:relative_params:0":"{\"gx\": 2, \"gy\": 2, \"k\": 128, \"m\": 256, \"n\": 16}"}}
{"op_code":5,"worker_id":"c750b157-6928-49ad-a4ef-d8fb47df51df-132802756511616","trial_id":21,"param_name":"m","param_value_internal":4,"distribution":"{\"name\": \"CategoricalDistribution\", \"attributes\": {\"choices\": [16, 32, 64, 128, 256]}}"}
{"op_code":5,"worker_id":"c750b157-6928-49ad-a4ef-d8fb47df51df-132802756511616","trial_id":21,"param_name":"n","param_value_internal":0,"distribution":"{\"name\": \"CategoricalDistribution\", \"attributes\": {\"choices\": [16, 32, 64, 128, 256]}}"}
{"op_code":5,"worker_id":"c750b157-6928-49ad-a4ef-d8fb47df51df-132802756511616","trial_id":21,"param_name":"k","param_value_internal":3,"distribution":"{\"name\": \"CategoricalDistribution\", \"attributes\": {\"choices\": [16, 32, 64, 128]}}"}
{"op_code":5,"worker_id":"c750b157-6928-49ad-a4ef-d8fb47df51df-132802756511616","trial_id":21,"param_name":"gx","param_value_internal":1,"distribution":"{\"name\": \"CategoricalDistribution\", \"attributes\": {\"choices\": [1, 2, 4, 8]}}"}
{"op_code":5,"worker_id":"c750b157-6928-49ad-a4ef-d8fb47df51df-132802756511616","trial_id":21,"param_name":"gy","param_value_internal":1,"distribution":"{\"name\": \"CategoricalDistribution\", \"attributes\": {\"choices\": [1, 2, 4, 8]}}"}
{"op_code":5,"worker_id":"c750b157-6928-49ad-a4ef-d8fb47df51df-132802756511616","trial_id":21,"param_name":"sub","param_value_internal":0,"distribution":"{\"name\": \"CategoricalDistribution\", \"attributes\": {\"choices\": [32]}}"}
{"op_code":6,"worker_id":"c750b157-6928-49ad-a4ef-d8fb47df51df-132802756511616","trial_id":21,"state":2,"values":null,"datetime_complete":"2026-09-17T21:40:13.872852+00:00"}
{"op_code":4,"worker_id":"c750b157-6928-49ad-a4ef-d8fb47df51df-132802756511616","study_id":0,"datetime_start":"2026-09-17T21:40:13.874304+00:00"}
{"op_code":9,"worker_id":"c750b157-6928-49ad-a4ef-d8fb47df51df-132802756511616","trial_id":22,"system_attr":{"tpe:relative_params:0":"{\"gx\": 2, \"gy\": 1, \"k\": 16, \"m\": 128, \"n\": 32}"}}
{"op_code":5,"worker_id":"c750b157-6928-49ad-a4ef-d8fb47df51df-132802756511616","trial_id":22,"param_name":"m","param_value_internal":3,"distribution":"{\"name\": \"CategoricalDistribution\", \"attributes\": {\"choices\": [16, 32, 64, 128, 256]}}"}
{"op_code":5,"worker_id":"c750b157-6928-49ad-a4ef-d8fb47df51df-132802756511616","trial_id":22,"param_name":"n","param_value_internal":1,"distribution":"{\"name\": \"CategoricalDistribution\", \"attributes\": {\"choices\": [16, 32, 64, 128, 256]}}"}
{"op_code":5,"worker_id":"c750b157-6928-49ad-a4ef-d8fb47df51df-132802756511616","trial_id":22,"param_name":"k","param_value_internal":0,"distribution":"{\"name\": \"CategoricalDistribution\", \"attributes\": {\"choices\": [16, 32, 64, 128]}}"}
{"op_code":5,"worker_id":"c750b157-6928-49ad-a4ef-d8fb47df51df-132802756511616","trial_id":22,"param_name":"gx","param_value_internal":1,"distribution":"{\"name\": \"CategoricalDistribution\", \"attributes\": {\"choices\": [1, 2, 4, 8]}}"}
{"op_code":5,"worker_id":"c750b157-6928-49ad-a4ef-d8fb47df51df-132802756511616","trial_id":22,"param_name":"gy","param_value_internal":0,"distribution":"{\"name\": \"CategoricalDistribution\", \"attributes\": {\"choices\": [1, 2, 4, 8]}}"}
{"op_code":5,"worker_id":"c750b157-6928-49ad-a4ef-d8fb47df51df-132802756511616","trial_id":22,"param_name":"sub","param_value_internal":0,"distribution":"{\"name\": \"CategoricalDistribution\", \"attributes\": {\"choices\": [32]}}"}
{"op_code":8,"worker_id":"c750b157-6928-49ad-a4ef-d8fb47df51df-132802756511616","trial_id":22,"user_attr":{"token":"tsweep_t128x32k16g21s32"}}
{"op_code":4,"worker_id":"c750b157-6928-49ad-a4ef-d8fb47df51df-132802756511616","study_id":0,"datetime_start":"2026-09-17T21:40:13.887517+00:00"}
{"op_code":9,"worker_id":"c750b157-6928-49ad-a4ef-d8fb47df51df-132802756511616","trial_id":23,"system_attr":{"tpe:relative_params:0":"{\"gx\": 2, \"gy\": 2, \"k\": 16, \"m\": 16, \"n\": 64}"}}
{"op_code":5,"worker_id":"c750b157-6928-49ad-a4ef-d8fb47df51df-132802756511616","trial_id":23,"param_name":"m","param_value_internal":0,"distribution":"{\"name\": \"CategoricalDistribution\", \"attributes\": {\"choices\": [16, 32, 64, 128, 256]}}"}
{"op_code":5,"worker_id":"c750b157-6928-49ad-a4ef-d8fb47df51df-132802756511616","trial_id":23,"param_name":"n","param_value_internal":2,"distribution":"{\"name\": \"CategoricalDistribution\", \"attributes\": {\"choices\": [16, 32, 64, 128, 256]}}"}
{"op_code":5,"worker_id":"c750b157-6928-49ad-a4ef-d8fb47df51df-132802756511616","trial_id":23,"param_name":"k","param_value_internal":0,"distribution":"{\"name\": \"CategoricalDistribution\", \"attributes\": {\"choices\": [16, 32, 64, 128]}}"}
{"op_code":5,"worker_id":"c750b157-6928-49ad-a4ef-d8fb47df51df-132802756511616","trial_id":23,"param_name":"gx","param_value_internal":1,"distribution":"{\"name\": \"CategoricalDistribution\", \"attributes\": {\"choices\": [1, 2, 4, 8]}}"}
{"op_code":5,"worker_id":"c750b157-6928-49ad-a4ef-d8fb47df51df-132802756511616","trial_id":23,"param_name":"gy","param_value_internal":1,"distribution":"{\"name\": \"CategoricalDistribution\", \"attributes\": {\"choices\": [1, 2, 4, 8]}}"}
{"op_code":5,"worker_id":"c750b157-6928-49ad-a4ef-d8fb47df51df-132802756511616","trial_id":23,"param_name":"sub","param_value_internal":0,"distribution":"{\"name\": \"CategoricalDistribution\", \"attributes\": {\"choices\": [32]}}"}
{"op_code":6,"worker_id":"c750b157-6928-49ad-a4ef-d8fb47df51df-132802756511616","trial_id":23,"state":2,"values":null,"datetime_complete":"2026-09-17T21:40:13.899225+00:00"}
{"op_code":4,"worker_id":"c750b157-6928-49ad-a4ef-d8fb47df51df-132802756511616","study_id":0,"datetime_start":"2026-09-17T21:40:13.900717+00:00"}
{"op_code":9,"worker_id":"c750b157-6928-49ad-a4ef-d8fb47df51df-132802756511616","trial_id":24,"system_attr":{"tpe:relative_params:0":"{\"gx\": 8, \"gy\": 1, \"k\": 16, \"m\": 128, \"n\": 64}"}}
{"op_code":5,"worker_id":"c750b157-6928-49ad-a4ef-d8fb47df51df-132802756511616","trial_id":24,"param_name":"m","param_value_internal":3,"distribution":"{\"name\": \"CategoricalDistribution\", \"attributes\": {\"choices\": [16, 32, 64, 128, 256]}}"}
{"op_code":5,"worker_id":"c750b157-6928-49ad-a4ef-d8fb47df51df-132802756511616","trial_id":24,"param_name":"n","param_value_internal":2,"distribution":"{\"name\": \"CategoricalDistribution\", \"attributes\": {\"choices\": [16, 32, 64, 128, 256]}}"}
{"op_code":5,"worker_id":"c750b157-6928-49ad-a4ef-d8fb47df51df-132802756511616","trial_id":24,"param_name":"k","param_value_internal":0,"distribution":"{\"name\": \"CategoricalDistribution\", \"attributes\": {\"choices\": [16, 32, 64, 128]}}"}
{"op_code":5,"worker_id":"c750b157-6928-49ad-a4ef-d8fb47df51df-132802756511616","trial_id":24,"param_name":"gx","param_value_internal":3,"distribution":"{\"name\": \"CategoricalDistribution\", \"attributes\": {\"choices\": [1, 2, 4, 8]}}"}
{"op_code":5,"worker_id":"c750b157-6928-49ad-a4ef-d8fb47df51df-132802756511616","trial_id":24,"param_name":"gy","param_value_internal":0,"distribution":"{\"name\": \"CategoricalDistribution\", \"attributes\": {\"choices\": [1, 2, 4, 8]}}"}
{"op_code":5,"worker_id":"c750b157-6928-49ad-a4ef-d8fb47df51df-132802756511616","trial_id":24,"param_name":"sub","param_value_internal":0,"distribution":"{\"name\": \"CategoricalDistribution\", \"attributes\": {\"choices\": [32]}}"}
{"op_code":6,"worker_id":"c750b157-6928-49ad-a4ef-d8fb47df51df-132802756511616","trial_id":24,"state":2,"values":null,"datetime_complete":"2026-09-17T21:40:13.912468+00:00"}
{"op_code":4,"worker_id":"c750b157-6928-49ad-a4ef-d8fb47df51df-132802756511616","study_id":0,"datetime_start":"2026-09-17T21:40:13.913938+00:00"}
{"op_code":9,"worker_id":"c750b157-6928-49ad-a4ef-d8fb47df51df-132802756511616","trial_id":25,"system_attr":{"tpe:relative_params:0":"{\"gx\": 2, \"gy\": 8, \"k\": 16, \"m\": 128, \"n\": 64}"}}
{"op_code":5,"worker_id":"c750b157-6928-49ad-a4ef-d8fb47df51df-132802756511616","trial_id":25,"param_name":"m","param_value_internal":3,"distribution":"{\"name\": \"CategoricalDistribution\", \"attributes\": {\"choices\": [16, 32, 64, 128, 256]}}"}
{"op_code":5,"worker_id":"c750b157-6928-49ad-a4ef-d8fb47df51df-132802756511616","trial_id":25,"param_name":"n","param_value_internal":2,"distribution":"{\"name\": \"CategoricalDistribution\", \"attributes\": {\"choices\": [16, 32, 64, 128, 256]}}"}
{"op_code":5,"worker_id":"c750b157-6928-49ad-a4ef-d8fb47df51df-132802756511616","trial_id":25,"param_name":"k","param_value_internal":0,"distribution":"{\"name\": \"CategoricalDistribution\", \"attributes\": {\"choices\": [16, 32, 64, 128]}}"}
{"op_code":5,"worker_id":"c750b157-6928-49ad-a4ef-d8fb47df51df-132802756511616","trial_id":25,"param_name":"gx","param_value_internal":1,"distribution":"{\"name\": \"CategoricalDistribution\", \"attributes\": {\"choices\": [1, 2, 4, 8]}}"}
{"op_code":5,"worker_id":"c750b157-6928-49ad-a4ef-d8fb47df51df-132802756511616","trial_id":25,"param_name":"gy","param_value_internal":3,"distribution":"{\"name\": \"CategoricalDistribution\", \"attributes\": {\"choices\": [1, 2, 4, 8]}}"}
{"op_code":5,"worker_id":"c750b157-6928-49ad-a4ef-d8fb47df51df-132802756511616","trial_id":25,"param_name":"sub","param_value_internal":0,"distribution":"{\"name\": \"CategoricalDistribution\", \"attributes\": {\"choices\": [32]}}"}
{"op_code":6,"worker_id":"c750b157-6928-49ad-a4ef-d8fb47df51df-132802756511616","trial_id":25,"state":2,"values":null,"datetime_complete":"2026-09-17T21:40:13.926090+00:00"}
{"op_code":4,"worker_id":"c750b157-6928-49ad-a4ef-d8fb47df51df-132802756511616","study_id":0,"datetime_start":"2026-09-17T21:40:13.927579+00:00"}
{"op_code":9,"worker_id":"c750b157-6928-49ad-a4ef-d8fb47df51df-132802756511616","trial_id":26,"system_attr":{"tpe:relative_params:0":"{\"gx\": 4, \"gy\": 2, \"k\": 16, \"m\": 128, \"n\": 64}"}}
{"op_code":5,"worker_id":"c750b157-6928-49ad-a4ef-d8fb47df51df-132802756511616","trial_id":26,"param_name":"m","param_value_internal":3,"distribution":"{\"name\": \"CategoricalDistribution\", \"attributes\": {\"choices\": [16, 32, 64, 128, 256]}}"}
{"op_code":5,"worker_id":"c750b157-6928-49ad-a4ef-d8fb47df51df-132802756511616","trial_id":26,"param_name":"n","param_value_internal":2,"distribution":"{\"name\": \"CategoricalDistribution\", \"attributes\": {\"choices\": [16, 32, 64, 128, 256]}}"}
{"op_code":5,"worker_id":"c750b157-6928-49ad-a4ef-d8fb47df51df-132802756511616","trial_id":26,"param_name":"k","param_value_internal":0,"distribution":"{\"name\": \"CategoricalDistribution\", \"attributes\": {\"choices\": [16, 32, 64, 128]}}"}
{"op_code":5,"worker_id":"c750b157-6928-49ad-a4ef-d8fb47df51df-132802756511616","trial_id":26,"param_name":"gx","param_value_internal":2,"distribution":"{\"name\": \"CategoricalDistribution\", \"attributes\": {\"choices\": [1, 2, 4, 8]}}"}
{"op_code":5,"worker_id":"c750b157-6928-49ad-a4ef-d8fb47df51df-132802756511616","trial_id":26,"param_name":"gy","param_value_internal":1,"distribution":"{\"name\": \"CategoricalDistribution\", \"attributes\": {\"choices\": [1, 2, 4, 8]}}"}
{"op_code":5,"worker_id":"c750b157-6928-49ad-a4ef-d8fb47df51df-132802756511616","trial_id":26,"param_name":"sub","param_value_internal":0,"distribution":"{\"name\": \"CategoricalDistribution\", \"attributes\": {\"choices\": [32]}}"}
{"op_code":6,"worker_id":"c750b157-6928-49ad-a4ef-d8fb47df51df-132802756511616","trial_id":26,"state":2,"values":null,"datetime_complete":"2026-09-17T21:40:13.939484+00:00"}
{"op_code":4,"worker_id":"c750b157-6928-49ad-a4ef-d8fb47df51df-132802756511616","study_id":0,"datetime_start":"2026-09-17T21:40:13.940971+00:00"}
{"op_code":9,"worker_id":"c750b157-6928-49ad-a4ef-d8fb47df51df-132802756511616","trial_id":27,"system_attr":{"tpe:relative_params:0":"{\"gx\": 2, \"gy\": 1, \"k\": 128, \"m\": 128, \"n\": 64}"}}
{"op_code":5,"worker_id":"c750b157-6928-49ad-a4ef-d8fb47df51df-132802756511616","trial_id":27,"param_name":"m","param_value_internal":3,"distribution":"{\"name\": \"CategoricalDistribution\", \"attributes\": {\"choices\": [16, 32, 64, 128, 256]}}"}
{"op_code":5,"worker_id":"c750b157-6928-49ad-a4ef-d8fb47df51df-132802756511616","trial_id":27,"param_name":"n","param_value_internal":2,"distribution":"{\"name\": \"CategoricalDistribution\", \"attributes\": {\"choices\": [16, 32, 64, 128, 256]}}"}
{"op_code":5,"worker_id":"c750b157-6928-49ad-a4ef-d8fb47df51df-132802756511616","trial_id":27,"param_name":"k","param_value_internal":3,"distribution":"{\"name\": \"CategoricalDistribution\", \"attributes\": {\"choices\": [16, 32, 64, 128]}}"}
{"op_code":5,"worker_id":"c750b157-6928-49ad-a4ef-d8fb47df51df-132802756511616","trial_id":27,"param_name":"gx","param_value_internal":1,"distribution":"{\"name\": \"CategoricalDistribution\", \"attributes\": {\"choices\": [1, 2, 4, 8]}}"}
{"op_code":5,"worker_id":"c750b157-6928-49ad-a4ef-d8fb47df51df-132802756511616","trial_id":27,"param_name":"gy","param_value_internal":0,"distribution":"{\"name\": \"CategoricalDistribution\", \"attributes\": {\"choices\": [1, 2, 4, 8]}}"}
{"op_code":5,"worker_id":"c750b157-6928-49ad-a4ef-d8fb47df51df-132802756511616","trial_id":27,"param_name":"sub","param_value_internal":0,"distribution":"{\"name\": \"CategoricalDistribution\", \"attributes\": {\"choices\": [32]}}"}
{"op_code":6,"worker_id":"c750b157-6928-49ad-a4ef-d8fb47df51df-132802756511616","trial_id":27,"state":2,"values":null,"datetime_complete":"2026-09-17T21:40:13.953035+00:00"}
{"op_code":4,"worker_id":"c750b157-6928-49ad-a4ef-d8fb47df51df-132802756511616","study_id":0,"datetime_start":"2026-09-17T21:40:13.954521+00:00"}
{"op_code":9,"worker_id":"c750b157-6928-49ad-a4ef-d8fb47df51df-132802756511616","trial_id":28,"system_attr":{"tpe:relative_params:0":"{\"gx\": 2, \"gy\": 1, \"k\": 32, \"m\": 128, \"n\": 256}"}}
{"op_code":5,"worker_id":"c750b157-6928-49ad-a4ef-d8fb47df51df-132802756511616","trial_id":28,"param_name":"m","param_value_internal":3,"distribution":"{\"name\": \"CategoricalDistribution\", \"attributes\": {\"choices\": [16, 32, 64, 128, 256]}}"}
{"op_code":5,"worker_id":"c750b157-6928-49ad-a4ef-d8fb47df51df-132802756511616","trial_id":28,"param_name":"n","param_value_internal":4,"distribution":"{\"name\": \"CategoricalDistribution\", \"attributes\": {\"choices\": [16, 32, 64, 128, 256]}}"}
{"op_code":5,"worker_id":"c750b157-6928-49ad-a4ef-d8fb47df51df-132802756511616","trial_id":28,"param_name":"k","param_value_internal":1,"distribution":"{\"name\": \"CategoricalDistribution\", \"attributes\": {\"choices\": [16, 32, 64, 128]}}"}
{"op_code":5,"worker_id":"c750b157-6928-49ad-a4ef-d8fb47df51df-132802756511616","trial_id":28,"param_name":"gx","param_value_internal":1,"distribution":"{\"name\": \"CategoricalDistribution\", \"attributes\": {\"choices\": [1, 2, 4, 8]}}"}
{"op_code":5,"worker_id":"c750b157-6928-49ad-a4ef-d8fb47df51df-132802756511616","trial_id":28,"param_name":"gy","param_value_internal":0,"distribution":"{\"name\": \"CategoricalDistribution\", \"attributes\": {\"choices\": [1, 2, 4, 8]}}"}
{"op_code":5,"worker_id":"c750b157-6928-49ad-a4ef-d8fb47df51df-132802756511616","trial_id":28,"param_name":"sub","param_value_internal":0,"distribution":"{\"name\": \"CategoricalDistribution\", \"attributes\": {\"choices\": [32]}}"}
{"op_code":6,"worker_id":"c750b157-6928-49ad-a4ef-d8fb47df51df-132802756511616","trial_id":28,"state":2,"values":null,"datetime_complete":"2026-09-17T21:40:13.966512+00:00"}
{"op_code":4,"worker_id":"c750b157-6928-49ad-a4ef-d8fb47df51df-132802756511616","study_id":0,"datetime_start":"2026-09-17T21:40:13.967935+00:00"}
{"op_code":9,"worker_id":"c750b157-6928-49ad-a4ef-d8fb47df51df-132802756511616","trial_id":29,"system_attr":{"tpe:relative_params:0":"{\"gx\": 2, \"gy\": 1, \"k\": 16, \"m\": 32, \"n\": 256}"}}
{"op_code":5,"worker_id":"c750b157-6928-49ad-a4ef-d8fb47df51df-132802756511616","trial_id":29,"param_name":"m","param_value_internal":1,"distribution":"{\"name\": \"CategoricalDistribution\", \"attributes\": {\"choices\": [16, 32, 64, 128, 256]}}"}
{"op_code":5,"worker_id":"c750b157-6928-49ad-a4ef-d8fb47df51df-132802756511616","trial_id":29,"param_name":"n","param_value_internal":4,"distribution":"{\"name\": \"CategoricalDistribution\", \"attributes\": {\"choices\": [16, 32, 64, 128, 256]}}"}
{"op_code":5,"worker_id":"c750b157-6928-49ad-a4ef-d8fb47df51df-132802756511616","trial_id":29,"param_name":"k","param_value_internal":0,"distribution":"{\"name\": \"CategoricalDistribution\", \"attributes\": {\"choices\": [16, 32, 64, 128]}}"}
{"op_code":5,"worker_id":"c750b157-6928-49ad-a4ef-d8fb47df51df-132802756511616","trial_id":29,"param_name":"gx","param_value_internal":1,"distribution":"{\"name\": \"CategoricalDistribution\", \"attributes\": {\"choices\": [1, 2, 4, 8]}}"}
{"op_code":5,"worker_id":"c750b157-6928-49ad-a4ef-d8fb47df51df-132802756511616","trial_id":29,"param_name":"gy","param_value_internal":0,"distribution":"{\"name\": \"CategoricalDistribution\", \"attributes\": {\"choices\": [1, 2, 4, 8]}}"}
{"op_code":5,"worker_id":"c750b157-6928-49ad-a4ef-d8fb47df51df-132802756511616","trial_id":29,"param_name":"sub","param_value_internal":0,"distribution":"{\"name\": \"CategoricalDistribution\", \"attributes\": {\"choices\": [32]}}"}
{"op_code":8,"worker_id":"c750b157-6928-49ad-a4ef-d8fb47df51df-132802756511616","trial_id":29,"user_attr":{"token":"tsweep_t32x256k16g21s32"}}
{"op_code":4,"worker_id":"c750b157-6928-49ad-a4ef-d8fb47df51df-132802756511616","study_id":0,"datetime_start":"2026-09-17T21:40:13.981110+00:00"}
{"op_code":9,"worker_id":"c750b157-6928-49ad-a4ef-d8fb47df51df-132802756511616","trial_id":30,"system_attr":{"tpe:relative_params:0":"{\"gx\": 2, \"gy\": 4, \"k\": 64, \"m\": 256, \"n\": 64}"}}
{"op_code":5,"worker_id":"c750b157-6928-49ad-a4ef-d8fb47df51df-132802756511616","trial_id":30,"param_name":"m","param_value_internal":4,"distribution":"{\"name\": \"CategoricalDistribution\", \"attributes\": {\"choices\": [16, 32, 64, 128, 256]}}"}
{"op_code":5,"worker_id":"c750b157-6928-49ad-a4ef-d8fb47df51df-132802756511616","trial_id":30,"param_name":"n","param_value_internal":2,"distribution":"{\"name\": \"CategoricalDistribution\", \"attributes\": {\"choices\": [16, 32, 64, 128, 256]}}"}
{"op_code":5,"worker_id":"c750b157-6928-49ad-a4ef-d8fb47df51df-132802756511616","trial_id":30,"param_name":"k","param_value_internal":2,"distribution":"{\"name\": \"CategoricalDistribution\", \"attributes\": {\"choices\": [16, 32, 64, 128]}}"}
{"op_code":5,"worker_id":"c750b157-6928-49ad-a4ef-d8fb47df51df-132802756511616","trial_id":30,"param_name":"gx","param_value_internal":1,"distribution":"{\"name\": \"CategoricalDistribution\", \"attributes\": {\"choices\": [1, 2, 4, 8]}}"}
{"op_code":5,"worker_id":"c750b157-6928-49ad-a4ef-d8fb47df51df-132802756511616","trial_id":30,"param_name":"gy","param_value_internal":2,"distribution":"{\"name\": \"CategoricalDistribution\", \"attributes\": {\"choices\": [1, 2, 4, 8]}}"}
{"op_code":5,"worker_id":"c750b157-6928-49ad-a4ef-d8fb47df51df-132802756511616","trial_id":30,"param_name":"sub","param_value_internal":0,"distribution":"{\"name\": \"CategoricalDistribution\", \"attributes\": {\"choices\": [32]}}"}
{"op_code":6,"worker_id":"c750b157-6928-49ad-a4ef-d8fb47df51df-132802756511616","trial_id":30,"state":2,"values":null,"datetime_complete":"2026-09-17T21:40:13.992802+00:00"}
{"op_code":4,"worker_id":"c750b157-6928-49ad-a4ef-d8fb47df51df-132802756511616","study_id":0,"datetime_start":"2026-09-17T21:40:13.994231+00:00"}
{"op_code":9,"worker_id":"c750b157-6928-49ad-a4ef-d8fb47df51df-132802756511616","trial_id":31,"system_attr":{"tpe:relative_params:0":"{\"gx\": 2, \"gy\": 1, \"k\": 16, \"m\": 64, \"n\": 64}"}}
{"op_code":5,"worker_id":"c750b157-6928-49ad-a4ef-d8fb47df51df-132802756511616","trial_id":31,"param_name":"m","param_value_internal":2,"distribution":"{\"name\": \"CategoricalDistribution\", \"attributes\": {\"choices\": [16, 32, 64, 128, 256]}}"}
{"op_code":5,"worker_id":"c750b157-6928-49ad-a4ef-d8fb47df51df-132802756511616","trial_id":31,"param_name":"n","param_value_internal":2,"distribution":"{\"name\": \"CategoricalDistribution\", \"attributes\": {\"choices\": [16, 32, 64, 128, 256]}}"}
{"op_code":5,"worker_id":"c750b157-6928-49ad-a4ef-d8fb47df51df-132802756511616","trial_id":31,"param_name":"k","param_value_internal":0,"distribution":"{\"name\": \"CategoricalDistribution\", \"attributes\": {\"choices\": [16, 32, 64, 128]}}"}
{"op_code":5,"worker_id":"c750b157-6928-49ad-a4ef-d8fb47df51df-132802756511616","trial_id":31,"param_name":"gx","param_value_internal":1,"distribution":"{\"name\": \"CategoricalDistribution\", \"attributes\": {\"choices\": [1, 2, 4, 8]}}"}
{"op_code":5,"worker_id":"c750b157-6928-49ad-a4ef-d8fb47df51df-132802756511616","trial_id":31,"param_name":"gy","param_value_internal":0,"distribution":"{\"name\": \"CategoricalDistribution\", \"attributes\": {\"choices\": [1, 2, 4, 8]}}"}
{"op_code":5,"worker_id":"c750b157-6928-49ad-a4ef-d8fb47df51df-132802756511616","trial_id":31,"param_name":"sub","param_value_internal":0,"distribution":"{\"name\": \"CategoricalDistribution\", \"attributes\": {\"choices\": [32]}}"}
{"op_code":8,"worker_id":"c750b157-6928-49ad-a4ef-d8fb47df51df-132802756511616","trial_id":31,"user_attr":{"token":"tsweep_t64x64k16g21s32"}}
{"op_code":4,"worker_id":"c750b157-6928-49ad-a4ef-d8fb47df51df-132802756511616","study_id":0,"datetime_start":"2026-09-17T21:40:14.007496+00:00"}
{"op_code":9,"worker_id":"c750b157-6928-49ad-a4ef-d8fb47df51df-132802756511616","trial_id":32,"system_attr":{"tpe:relative_params:0":"{\"gx\": 2, \"gy\": 4, \"k\": 16, \"m\": 128, \"n\": 64}"}}
{"op_code":5,"worker_id":"c750b157-6928-49ad-a4ef-d8fb47df51df-132802756511616","trial_id":32,"param_name":"m","param_value_internal":3,"distribution":"{\"name\": \"CategoricalDistribution\", \"attributes\": {\"choices\": [16, 32, 64, 128, 256]}}"}
{"op_code":5,"worker_id":"c750b157-6928-49ad-a4ef-d8fb47df51df-132802756511616","trial_id":32,"param_name":"n","param_value_internal":2,"distribution":"{\"name\": \"CategoricalDistribution\", \"attributes\": {\"choices\": [16, 32, 64, 128, 256]}}"}
{"op_code":5,"worker_id":"c750b157-6928-49ad-a4ef-d8fb47df51df-132802756511616","trial_id":32,"param_name":"k","param_value_internal":0,"distribution":"{\"name\": \"CategoricalDistribution\", \"attributes\": {\"choices\": [16, 32, 64, 128]}}"}
{"op_code":5,"worker_id":"c750b157-6928-49ad-a4ef-d8fb47df51df-132802756511616","trial_id":32,"param_name":"gx","param_value_internal":1,"distribution":"{\"name\": \"CategoricalDistribution\", \"attributes\": {\"choices\": [1, 2, 4, 8]}}"}
{"op_code":5,"worker_id":"c750b157-6928-49ad-a4ef-d8fb47df51df-132802756511616","trial_id":32,"param_name":"gy","param_value_internal":2,"distribution":"{\"name\": \"CategoricalDistribution\", \"attributes\": {\"choices\": [1, 2, 4, 8]}}"}
{"op_code":5,"worker_id":"c750b157-6928-49ad-a4ef-d8fb47df51df-132802756511616","trial_id":32,"param_name":"sub","param_value_internal":0,"distribution":"{\"name\": \"CategoricalDistribution\", \"attributes\": {\"choices\": [32]}}"}
{"op_code":6,"worker_id":"c750b157-6928-49ad-a4ef-d8fb47df51df-132802756511616","trial_id":32,"state":2,"values":null,"datetime_complete":"2026-09-17T21:40:14.019325+00:00"}
{"op_code":4,"worker_id":"c750b157-6928-49ad-a4ef-d8fb47df51df-132802756511616","study_id":0,"datetime_start":"2026-09-17T21:40:14.020774+00:00"}
{"op_code":9,"worker_id":"c750b157-6928-49ad-a4ef-d8fb47df51df-132802756511616","trial_id":33,"system_attr":{"tpe:relative_params:0":"{\"gx\": 4, \"gy\": 8, \"k\": 64, \"m\": 128, \"n\": 256}"}}
{"op_code":5,"worker_id":"c750b157-6928-49ad-a4ef-d8fb47df51df-132802756511616","trial_id":33,"param_name":"m","param_value_internal":3,"distribution":"{\"name\": \"CategoricalDistribution\", \"attributes\": {\"choices\": [16, 32, 64, 128, 256]}}"}
{"op_code":5,"worker_id":"c750b157-6928-49ad-a4ef-d8fb47df51df-132802756511616","trial_id":33,"param_name":"n","param_value_internal":4,"distribution":"{\"name\": \"CategoricalDistribution\", \"attributes\": {\"choices\": [16, 32, 64, 128, 256]}}"}
{"op_code":5,"worker_id":"c750b157-6928-49ad-a4ef-d8fb47df51df-132802756511616","trial_id":33,"param_name":"k","param_value_internal":2,"distribution":"{\"name\": \"CategoricalDistribution\", \"attributes\": {\"choices\": [16, 32, 64, 128]}}"}
{"op_code":5,"worker_id":"c750b157-6928-49ad-a4ef-d8fb47df51df-132802756511616","trial_id":33,"param_name":"gx","param_value_internal":2,"distribution":"{\"name\": \"CategoricalDistribution\", \"attributes\": {\"choices\": [1, 2, 4, 8]}}"}
{"op_code":5,"worker_id":"c750b157-6928-49ad-a4ef-d8fb47df51df-132802756511616","trial_id":33,"param_name":"gy","param_value_internal":3,"distribution":"{\"name\": \"CategoricalDistribution\", \"attributes\": {\"choices\": [1, 2, 4, 8]}}"}
{"op_code":5,"worker_id":"c750b157-6928-49ad-a4ef-d8fb47df51df-132802756511616","trial_id":33,"param_name":"sub","param_value_internal":0,"distribution":"{\"name\": \"CategoricalDistribution\", \"attributes\": {\"choices\": [32]}}"}
{"op_code":6,"worker_id":"c750b157-6928-49ad-a4ef-d8fb47df51df-132802756511616","trial_id":33,"state":2,"values":null,"datetime_complete":"2026-09-17T21:40:14.032768+00:00"}
{"op_code":4,"worker_id":"c750b157-6928-49ad-a4ef-d8fb47df51df-132802756511616","study_id":0,"datetime_start":"2026-09-17T21:40:14.034197+00:00"}
{"op_code":9,"worker_id":"c750b157-6928-49ad-a4ef-d8fb47df51df-132802756511616","trial_id":34,"system_attr":{"tpe:relative_params:0":"{\"gx\": 1, \"gy\": 1, \"k\": 16, \"m\": 256, \"n\": 64}"}}
{"op_code":5,"worker_id":"c750b157-6928-49ad-a4ef-d8fb47df51df-132802756511616","trial_id":34,"param_name":"m","param_value_internal":4,"distribution":"{\"name\": \"CategoricalDistribution\", \"attributes\": {\"choices\": [16, 32, 64, 128, 256]}}"}
{"op_code":5,"worker_id":"c750b157-6928-49ad-a4ef-d8fb47df51df-132802756511616","trial_id":34,"param_name":"n","param_value_internal":2,"distribution":"{\"name\": \"CategoricalDistribution\", \"attributes\": {\"choices\": [16, 32, 64, 128, 256]}}"}
{"op_code":5,"worker_id":"c750b157-6928-49ad-a4ef-d8fb47df51df-132802756511616","trial_id":34,"param_name":"k","param_value_internal":0,"distribution":"{\"name\": \"CategoricalDistribution\", \"attributes\": {\"choices\": [16, 32, 64, 128]}}"}
{"op_code":5,"worker_id":"c750b157-6928-49ad-a4ef-d8fb47df51df-132802756511616","trial_id":34,"param_name":"gx","param_value_internal":0,"distribution":"{\"name\": \"CategoricalDistribution\", \"attributes\": {\"choices\": [1, 2, 4, 8]}}"}
{"op_code":5,"worker_id":"c750b157-6928-49ad-a4ef-d8fb47df51df-132802756511616","trial_id":34,"param_name":"gy","param_value_internal":0,"distribution":"{\"name\": \"CategoricalDistribution\", \"attributes\": {\"choices\": [1, 2, 4, 8]}}"}
{"op_code":5,"worker_id":"c750b157-6928-49ad-a4ef-d8fb47df51df-132802756511616","trial_id":34,"param_name":"sub","param_value_internal":0,"distribution":"{\"name\": \"CategoricalDistribution\", \"attributes\": {\"choices\": [32]}}"}
{"op_code":8,"worker_id":"c750b157-6928-49ad-a4ef-d8fb47df51df-132802756511616","trial_id":34,"user_attr":{"token":"tsweep_t256x64k16g11s32"}}
{"op_code":4,"worker_id":"c750b157-6928-49ad-a4ef-d8fb47df51df-132802756511616","study_id":0,"datetime_start":"2026-09-17T21:40:14.047406+00:00"}
{"op_code":9,"worker_id":"c750b157-6928-49ad-a4ef-d8fb47df51df-132802756511616","trial_id":35,"system_attr":{"tpe:relative_params:0":"{\"gx\": 8, \"gy\": 2, \"k\": 128, \"m\": 128, \"n\": 128}"}}
{"op_code":5,"worker_id":"c750b157-6928-49ad-a4ef-d8fb47df51df-132802756511616","trial_id":35,"param_name":"m","param_value_internal":3,"distribution":"{\"name\": \"CategoricalDistribution\", \"attributes\": {\"choices\": [16, 32, 64, 128, 256]}}"}
{"op_code":5,"worker_id":"c750b157-6928-49ad-a4ef-d8fb47df51df-132802756511616","trial_id":35,"param_name":"n","param_value_internal":3,"distribution":"{\"name\": \"CategoricalDistribution\", \"attributes\": {\"choices\": [16, 32, 64, 128, 256]}}"}
{"op_code":5,"worker_id":"c750b157-6928-49ad-a4ef-d8fb47df51df-132802756511616","trial_id":35,"param_name":"k","param_value_internal":3,"distribution":"{\"name\": \"CategoricalDistribution\", \"attributes\": {\"choices\": [16, 32, 64, 128]}}"}
{"op_code":5,"worker_id":"c750b157-6928-49ad-a4ef-d8fb47df51df-132802756511616","trial_id":35,"param_name":"gx","param_value_internal":3,"distribution":"{\"name\": \"CategoricalDistribution\", \"attributes\": {\"choices\": [1, 2, 4, 8]}}"}
{"op_code":5,"worker_id":"c750b157-6928-49ad-a4ef-d8fb47df51df-132802756511616","trial_id":35,"param_name":"gy","param_value_internal":1,"distribution":"{\"name\": \"CategoricalDistribution\", \"attributes\": {\"choices\": [1, 2, 4, 8]}}"}
{"op_code":5,"worker_id":"c750b157-6928-49ad-a4ef-d8fb47df51df-132802756511616","trial_id":35,"param_name":"sub","param_value_internal":0,"distribution":"{\"name\": \"CategoricalDistribution\", \"attributes\": {\"choices\": [32]}}"}
{"op_code":6,"worker_id":"c750b157-6928-49ad-a4ef-d8fb47df51df-132802756511616","trial_id":35,"state":2,"values":null,"datetime_complete":"2026-09-17T21:40:14.059078+00:00"}
{"op_code":4,"worker_id":"c750b157-6928-49ad-a4ef-d8fb47df51df-132802756511616","study_id":0,"datetime_start":"2026-09-17T21:40:14.060529+00:00"}
{"op_code":9,"worker_id":"c750b157-6928-49ad-a4ef-d8fb47df51df-132802756511616","trial_id":36,"system_attr":{"tpe:relative_params:0":"{\"gx\": 2, \"gy\": 2, \"k\": 32, \"m\": 128, \"n\": 64}"}}
{"op_code":5,"worker_id":"c750b157-6928-49ad-a4ef-d8fb47df51df-132802756511616","trial_id":36,"param_name":"m","param_value_internal":3,"distribution":"{\"name\": \"CategoricalDistribution\", \"attributes\": {\"choices\": [16, 32, 64, 128, 256]}}"}
{"op_code":5,"worker_id":"c750b157-6928-49ad-a4ef-d8fb47df51df-132802756511616","trial_id":36,"param_name":"n","param_value_internal":2,"distribution":"{\"name\": \"CategoricalDistribution\", \"attributes\": {\"choices\": [16, 32, 64, 128, 256]}}"}
{"op_code":5,"worker_id":"c750b157-6928-49ad-a4ef-d8fb47df51df-132802756511616","trial_id":36,"param_name":"k","param_value_internal":1,"distribution":"{\"name\": \"CategoricalDistribution\", \"attributes\": {\"choices\": [16, 32, 64, 128]}}"}
{"op_code":5,"worker_id":"c750b157-6928-49ad-a4ef-d8fb47df51df-132802756511616","trial_id":36,"param_name":"gx","param_value_internal":1,"distribution":"{\"name\": \"CategoricalDistribution\", \"attributes\": {\"choices\": [1, 2, 4, 8]}}"}
{"op_code":5,"worker_id":"c750b157-6928-49ad-a4ef-d8fb47df51df-132802756511616","trial_id":36,"param_name":"gy","param_value_internal":1,"distribution":"{\"name\": \"CategoricalDistribution\", \"attributes\": {\"choices\": [1, 2, 4, 8]}}"}
{"op_code":5,"worker_id":"c750b157-6928-49ad-a4ef-d8fb47df51df-132802756511616","trial_id":36,"param_name":"sub","param_value_internal":0,"distribution":"{\"name\": \"CategoricalDistribution\", \"attributes\": {\"choices\": [32]}}"}
{"op_code":6,"worker_id":"c750b157-6928-49ad-a4ef-d8fb47df51df-132802756511616","trial_id":36,"state":2,"values":null,"datetime_complete":"2026-09-17T21:40:14.072047+00:00"}
{"op_code":4,"worker_id":"c750b157-6928-49ad-a4ef-d8fb47df51df-132802756511616","study_id":0,"datetime_start":"2026-09-17T21:40:14.073456+00:00"}
{"op_code":9,"worker_id":"c750b157-6928-49ad-a4ef-d8fb47df51df-132802756511616","trial_id":37,"system_attr":{"tpe:relative_params:0":"{\"gx\": 2, \"gy\": 2, \"k\": 64, \"m\": 128, \"n\": 16}"}}
{"op_code":5,"worker_id":"c750b157-6928-49ad-a4ef-d8fb47df51df-132802756511616","trial_id":37,"param_name":"m","param_value_internal":3,"distribution":"{\"name\": \"CategoricalDistribution\", \"attributes\": {\"choices\": [16, 32, 64, 128, 256]}}"}
{"op_code":5,"worker_id":"c750b157-6928-49ad-a4ef-d8fb47df51df-132802756511616","trial_id":37,"param_name":"n","param_value_internal":0,"distribution":"{\"name\": \"CategoricalDistribution\", \"attributes\": {\"choices\": [16, 32, 64, 128, 256]}}"}
{"op_code":5,"worker_id":"c750b157-6928-49ad-a4ef-d8fb47df51df-132802756511616","trial_id":37,"param_name":"k","param_value_internal":2,"distribution":"{\"name\": \"CategoricalDistribution\", \"attributes\": {\"choices\": [16, 32, 64, 128]}}"}
{"op_code":5,"worker_id":"c750b157-6928-49ad-a4ef-d8fb47df51df-132802756511616","trial_id":37,"param_name":"gx","param_value_internal":1,"distribution":"{\"name\": \"CategoricalDistribution\", \"attributes\": {\"choices\": [1, 2, 4, 8]}}"}
{"op_code":5,"worker_id":"c750b157-6928-49ad-a4ef-d8fb47df51df-132802756511616","trial_id":37,"param_name":"gy","param_value_internal":1,"distribution":"{\"name\": \"CategoricalDistribution\", \"attributes\": {\"choices\": [1, 2, 4, 8]}}"}
{"op_code":5,"worker_id":"c750b157-6928-49ad-a4ef-d8fb47df51df-132802756511616","trial_id":37,"param_name":"sub","param_value_internal":0,"distribution":"{\"name\": \"CategoricalDistribution\", \"attributes\": {\"choices\": [32]}}"}
{"op_code":6,"worker_id":"c750b157-6928-49ad-a4ef-d8fb47df51df-132802756511616","trial_id":37,"state":2,"values":null,"datetime_complete":"2026-09-17T21:40:14.085137+00:00"}
{"op_code":4,"worker_id":"c750b157-6928-49ad-a4ef-d8fb47df51df-132802756511616","study_id":0,"datetime_start":"2026-09-17T21:40:14.086602+00:00"}
{"op_code":9,"worker_id":"c750b157-6928-49ad-a4ef-d8fb47df51df-132802756511616","trial_id":38,"system_attr":{"tpe:relative_params:0":"{\"gx\": 2, \"gy\": 2, \"k\": 32, \"m\": 32, \"n\": 16}"}}
{"op_code":5,"worker_id":"c750b157-6928-49ad-a4ef-d8fb47df51df-132802756511616","trial_id":38,"param_name":"m","param_value_internal":1,"distribution":"{\"name\": \"CategoricalDistribution\", \"attributes\": {\"choices\": [16, 32, 64, 128, 256]}}"}
{"op_code":5,"worker_id":"c750b157-6928-49ad-a4ef-d8fb47df51df-132802756511616","trial_id":38,"param_name":"n","param_value_internal":0,"distribution":"{\"name\": \"CategoricalDistribution\", \"attributes\": {\"choices\": [16, 32, 64, 128, 256]}}"}
{"op_code":5,"worker_id":"c750b157-6928-49ad-a4ef-d8fb47df51df-132802756511616","trial_id":38,"param_name":"k","param_value_internal":1,"distribution":"{\"name\": \"CategoricalDistribution\", \"attributes\": {\"choices\": [16, 32, 64, 128]}}"}
{"op_code":5,"worker_id":"c750b157-6928-49ad-a4ef-d8fb47df51df-132802756511616","trial_id":38,"param_name":"gx","param_value_internal":1,"distribution":"{\"name\": \"CategoricalDistribution\", \"attributes\": {\"choices\": [1, 2, 4, 8]}}"}
{"op_code":5,"worker_id":"c750b157-6928-49ad-a4ef-d8fb47df51df-132802756511616","trial_id":38,"param_name":"gy","param_value_internal":1,"distribution":"{\"name\": \"CategoricalDistribution\", \"attributes\": {\"choices\": [1, 2, 4, 8]}}"}
{"op_code":5,"worker_id":"c750b157-6928-49ad-a4ef-d8fb47df51df-132802756511616","trial_id":38,"param_name":"sub","param_value_internal":0,"distribution":"{\"name\": \"CategoricalDistribution\", \"attributes\": {\"choices\": [32]}}"}
{"op_code":6,"worker_id":"c750b157-6928-49ad-a4ef-d8fb47df51df-132802756511616","trial_id":38,"state":2,"values":null,"datetime_complete":"2026-09-17T21:40:14.098758+00:00"}
{"op_code":4,"worker_id":"c750b157-6928-49ad-a4ef-d8fb47df51df-132802756511616","study_id":0,"datetime_start":"2026-09-17T21:40:14.100246+00:00"}
{"op_code":9,"worker_id":"c750b157-6928-49ad-a4ef-d8fb47df51df-132802756511616","trial_id":39,"system_attr":{"tpe:relative_params:0":"{\"gx\": 2, \"gy\": 2, \"k\": 16, \"m\": 128, \"n\": 64}"}}
{"op_code":5,"worker_id":"c750b157-6928-49ad-a4ef-d8fb47df51df-132802756511616","trial_id":39,"param_name":"m","param_value_internal":3,"distribution":"{\"name\": \"CategoricalDistribution\", \"attributes\": {\"choices\": [16, 32, 64, 128, 256]}}"}
{"op_code":5,"worker_id":"c750b157-6928-49ad-a4ef-d8fb47df51df-132802756511616","trial_id":39,"param_name":"n","param_value_internal":2,"distribution":"{\"name\": \"CategoricalDistribution\", \"attributes\": {\"choices\": [16, 32, 64, 128, 256]}}"}
{"op_code":5,"worker_id":"c750b157-6928-49ad-a4ef-d8fb47df51df-132802756511616","trial_id":39,"param_name":"k","param_value_internal":0,"distribution":"{\"name\": \"CategoricalDistribution\", \"attributes\": {\"choices\": [16, 32, 64, 128]}}"}
{"op_code":5,"worker_id":"c750b157-6928-49ad-a4ef-d8fb47df51df-132802756511616","trial_id":39,"param_name":"gx","param_value_internal":1,"distribution":"{\"name\": \"CategoricalDistribution\", \"attributes\": {\"choices\": [1, 2, 4, 8]}}"}
{"op_code":5,"worker_id":"c750b157-6928-49ad-a4ef-d8fb47df51df-132802756511616","trial_id":39,"param_name":"gy","param_value_internal":1,"distribution":"{\"name\": \"CategoricalDistribution\", \"attributes\": {\"choices\": [1, 2, 4, 8]}}"}
{"op_code":5,"worker_id":"c750b157-6928-49ad-a4ef-d8fb47df51df-132802756511616","trial_id":39,"param_name":"sub","param_value_internal":0,"distribution":"{\"name\": \"CategoricalDistribution\", \"attributes\": {\"choices\": [32]}}"}
{"op_code":6,"worker_id":"c750b157-6928-49ad-a4ef-d8fb47df51df-132802756511616","trial_id":39,"state":2,"values":null,"datetime_complete":"2026-09-17T21:40:14.112319+00:00"}
{"op_code":4,"worker_id":"c750b157-6928-49ad-a4ef-d8fb47df51df-132802756511616","study_id":0,"datetime_start":"2026-09-17T21:40:14.113791+00:00"}
{"op_code":9,"worker_id":"c750b157-6928-49ad-a4ef-d8fb47df51df-132802756511616","trial_id":40,"system_attr":{"tpe:relative_params:0":"{\"gx\": 2, \"gy\": 2, \"k\": 128, \"m\": 128, \"n\": 32}"}}
{"op_code":5,"worker_id":"c750b157-6928-49ad-a4ef-d8fb47df51df-132802756511616","trial_id":40,"param_name":"m","param_value_internal":3,"distribution":"{\"name\": \"CategoricalDistribution\", \"attributes\": {\"choices\": [16, 32, 64, 128, 256]}}"}
{"op_code":5,"worker_id":"c750b157-6928-49ad-a4ef-d8fb47df51df-132802756511616","trial_id":40,"param_name":"n","param_value_internal":1,"distribution":"{\"name\": \"CategoricalDistribution\", \"attributes\": {\"choices\": [16, 32, 64, 128, 256]}}"}
{"op_code":5,"worker_id":"c750b157-6928-49ad-a4ef-d8fb47df51df-132802756511616","trial_id":40,"param_name":"k","param_value_internal":3,"distribution":"{\"name\": \"CategoricalDistribution\", \"attributes\": {\"choices\": [16, 32, 64, 128]}}"}
{"op_code":5,"worker_id":"c750b157-6928-49ad-a4ef-d8fb47df51df-132802756511616","trial_id":40,"param_name":"gx","param_value_internal":1,"distribution":"{\"name\": \"CategoricalDistribution\", \"attributes\": {\"choices\": [1, 2, 4, 8]}}"}
{"op_code":5,"worker_id":"c750b157-6928-49ad-a4ef-d8fb47df51df-132802756511616","trial_id":40,"param_name":"gy","param_value_internal":1,"distribution":"{\"name\": \"CategoricalDistribution\", \"attributes\": {\"choices\": [1, 2, 4, 8]}}"}
{"op_code":5,"worker_id":"c750b157-6928-49ad-a4ef-d8fb47df51df-132802756511616","trial_id":40,"param_name":"sub","param_value_internal":0,"distribution":"{\"name\": \"CategoricalDistribution\", \"attributes\": {\"choices\": [32]}}"}
{"op_code":6,"worker_id":"c750b157-6928-49ad-a4ef-d8fb47df51df-132802756511616","trial_id":40,"state":2,"values":null,"datetime_complete":"2026-09-17T21:40:14.125903+00:00"}
{"op_code":4,"worker_id":"c750b157-6928-49ad-a4ef-d8fb47df51df-132802756511616","study_id":0,"datetime_start":"2026-09-17T21:40:14.127440+00:00"}
{"op_code":9,"worker_id":"c750b157-6928-49ad-a4ef-d8fb47df51df-132802756511616","trial_id":41,"system_attr":{"tpe:relative_params:0":"{\"gx\": 2, \"gy\": 4, \"k\": 32, \"m\": 128, \"n\": 128}"}}
{"op_code":5,"worker_id":"c750b157-6928-49ad-a4ef-d8fb47df51df-132802756511616","trial_id":41,"param_name":"m","param_value_internal":3,"distribution":"{\"name\": \"CategoricalDistribution\", \"attributes\": {\"choices\": [16, 32, 64, 128, 256]}}"}
{"op_code":5,"worker_id":"c750b157-6928-49ad-a4ef-d8fb47df51df-132802756511616","trial_id":41,"param_name":"n","param_value_internal":3,"distribution":"{\"name\": \"CategoricalDistribution\", \"attributes\": {\"choices\": [16, 32, 64, 128, 256]}}"}
{"op_code":5,"worker_id":"c750b157-6928-49ad-a4ef-d8fb47df51df-132802756511616","trial_id":41,"param_name":"k","param_value_internal":1,"distribution":"{\"name\": \"CategoricalDistribution\", \"attributes\": {\"choices\": [16, 32, 64, 128]}}"}
{"op_code":5,"worker_id":"c750b157-6928-49ad-a4ef-d8fb47df51df-132802756511616","trial_id":41,"param_name":"gx","param_value_internal":1,"distribution":"{\"name\": \"CategoricalDistribution\", \"attributes\": {\"choices\": [1, 2, 4, 8]}}"}
{"op_code":5,"worker_id":"c750b157-6928-49ad-a4ef-d8fb47df51df-132802756511616","trial_id":41,"param_name":"gy","param_value_internal":2,"distribution":"{\"name\": \"CategoricalDistribution\", \"attributes\": {\"choices\": [1, 2, 4, 8]}}"}
{"op_code":5,"worker_id":"c750b157-6928-49ad-a4ef-d8fb47df51df-132802756511616","trial_id":41,"param_name":"sub","param_value_internal":0,"distribution":"{\"name\": \"CategoricalDistribution\", \"attributes\": {\"choices\": [32]}}"}
{"op_code":6,"worker_id":"c750b157-6928-49ad-a4ef-d8fb47df51df-132802756511616","trial_id":41,"state":2,"values":null,"datetime_complete":"2026-09-17T21:40:14.143013+00:00"}
{"op_code":4,"worker_id":"c750b157-6928-49ad-a4ef-d8fb47df51df-132802756511616","study_id":0,"datetime_start":"2026-09-17T21:40:14.144710+00:00"}
{"op_code":9,"worker_id":"c750b157-6928-49ad-a4ef-d8fb47df51df-132802756511616","trial_id":42,"system_attr":{"tpe:relative_params:0":"{\"gx\": 2, \"gy\": 8, \"k\": 32, \"m\": 16, \"n\": 64}"}}
{"op_code":5,"worker_id":"c750b157-6928-49ad-a4ef-d8fb47df51df-132802756511616","trial_id":42,"param_name":"m","param_value_internal":0,"distribution":"{\"name\": \"CategoricalDistribution\", \"attributes\": {\"choices\": [16, 32, 64, 128, 256]}}"}
{"op_code":5,"worker_id":"c750b157-6928-49ad-a4ef-d8fb47df51df-132802756511616","trial_id":42,"param_name":"n","param_value_internal":2,"distribution":"{\"name\": \"CategoricalDistribution\", \"attributes\": {\"choices\": [16, 32, 64, 128, 256]}}"}
{"op_code":5,"worker_id":"c750b157-6928-49ad-a4ef-d8fb47df51df-132802756511616","trial_id":42,"param_name":"k","param_value_internal":1,"distribution":"{\"name\": \"CategoricalDistribution\", \"attributes\": {\"choices\": [16, 32, 64, 128]}}"}
{"op_code":5,"worker_id":"c750b157-6928-49ad-a4ef-d8fb47df51df-132802756511616","trial_id":42,"param_name":"gx","param_value_internal":1,"distribution":"{\"name\": \"CategoricalDistribution\", \"attributes\": {\"choices\": [1, 2, 4, 8]}}"}
{"op_code":5,"worker_id":"c750b157-6928-49ad-a4ef-d8fb47df51df-132802756511616","trial_id":42,"param_name":"gy","param_value_internal":3,"distribution":"{\"name\": \"CategoricalDistribution\", \"attributes\": {\"choices\": [1, 2, 4, 8]}}"}
{"op_code":5,"worker_id":"c750b157-6928-49ad-a4ef-d8fb47df51df-132802756511616","trial_id":42,"param_name":"sub","param_value_internal":0,"distribution":"{\"name\": \"CategoricalDistribution\", \"attributes\": {\"choices\": [32]}}"}
{"op_code":6,"worker_id":"c750b157-6928-49ad-a4ef-d8fb47df51df-132802756511616","trial_id":42,"state":2,"values":null,"datetime_complete":"2026-09-17T21:40:14.158049+00:00"}
{"op_code":4,"worker_id":"c750b157-6928-49ad-a4ef-d8fb47df51df-132802756511616","study_id":0,"datetime_start":"2026-09-17T21:40:14.159658+00:00"}
{"op_code":9,"worker_id":"c750b157-6928-49ad-a4ef-d8fb47df51df-132802756511616","trial_id":43,"system_attr":{"tpe:relative_params:0":"{\"gx\": 2, \"gy\": 8, \"k\": 16, \"m\": 64, \"n\": 128}"}}
{"op_code":5,"worker_id":"c750b157-6928-49ad-a4ef-d8fb47df51df-132802756511616","trial_id":43,"param_name":"m","param_value_internal":2,"distribution":"{\"name\": \"CategoricalDistribution\", \"attributes\": {\"choices\": [16, 32, 64, 128, 256]}}"}
{"op_code":5,"worker_id":"c750b157-6928-49ad-a4ef-d8fb47df51df-132802756511616","trial_id":43,"param_name":"n","param_value_internal":3,"distribution":"{\"name\": \"CategoricalDistribution\", \"attributes\": {\"choices\": [16, 32, 64, 128, 256]}}"}
{"op_code":5,"worker_id":"c750b157-6928-49ad-a4ef-d8fb47df51df-132802756511616","trial_id":43,"param_name":"k","param_value_internal":0,"distribution":"{\"name\": \"CategoricalDistribution\", \"attributes\": {\"choices\": [16, 32, 64, 128]}}"}
{"op_code":5,"worker_id":"c750b157-6928-49ad-a4ef-d8fb47df51df-132802756511616","trial_id":43,"param_name":"gx","param_value_internal":1,"distribution":"{\"name\": \"CategoricalDistribution\", \"attributes\": {\"choices\": [1, 2, 4, 8]}}"}
{"op_code":5,"worker_id":"c750b157-6928-49ad-a4ef-d8fb47df51df-132802756511616","trial_id":43,"param_name":"gy","param_value_internal":3,"distribution":"{\"name\": \"CategoricalDistribution\", \"attributes\": {\"choices\": [1, 2, 4, 8]}}"}
{"op_code":5,"worker_id":"c750b157-6928-49ad-a4ef-d8fb47df51df-132802756511616","trial_id":43,"param_name":"sub","param_value_internal":0,"distribution":"{\"name\": \"CategoricalDistribution\", \"attributes\": {\"choices\": [32]}}"}
{"op_code":6,"worker_id":"c750b157-6928-49ad-a4ef-d8fb47df51df-132802756511616","trial_id":43,"state":2,"values":null,"datetime_complete":"2026-09-17T21:40:14.172260+00:00"}
{"op_code":4,"worker_id":"c750b157-6928-49ad-a4ef-d8fb47df51df-132802756511616","study_id":0,"datetime_start":"2026-09-17T21:40:14.173863+00:00"}
{"op_code":9,"worker_id":"c750b157-6928-49ad-a4ef-d8fb47df51df-132802756511616","trial_id":44,"system_attr":{"tpe:relative_params:0":"{\"gx\": 4, \"gy\": 1, \"k\": 16, \"m\": 128, \"n\": 128}"}}
{"op_code":5,"worker_id":"c750b157-6928-49ad-a4ef-d8fb47df51df-132802756511616","trial_id":44,"param_name":"m","param_value_internal":3,"distribution":"{\"name\": \"CategoricalDistribution\", \"attributes\": {\"choices\": [16, 32, 64, 128, 256]}}"}
{"op_code":5,"worker_id":"c750b157-6928-49ad-a4ef-d8fb47df51df-132802756511616","trial_id":44,"param_name":"n","param_value_internal":3,"distribution":"{\"name\": \"CategoricalDistribution\", \"attributes\": {\"choices\": [16, 32, 64, 128, 256]}}"}
{"op_code":5,"worker_id":"c750b157-6928-49ad-a4ef-d8fb47df51df-132802756511616","trial_id":44,"param_name":"k","param_value_internal":0,"distribution":"{\"name\": \"CategoricalDistribution\", \"attributes\": {\"choices\": [16, 32, 64, 128]}}"}
{"op_code":5,"worker_id":"c750b157-6928-49ad-a4ef-d8fb47df51df-132802756511616","trial_id":44,"param_name":"gx","param_value_internal":2,"distribution":"{\"name\": \"CategoricalDistribution\", \"attributes\": {\"choices\": [1, 2, 4, 8]}}"}
{"op_code":5,"worker_id":"c750b157-6928-49ad-a4ef-d8fb47df51df-132802756511616","trial_id":44,"param_name":"gy","param_value_internal":0,"distribution":"{\"name\": \"CategoricalDistribution\", \"attributes\": {\"choices\": [1, 2, 4, 8]}}"}
{"op_code":5,"worker_id":"c750b157-6928-49ad-a4ef-d8fb47df51df-132802756511616","trial_id":44,"param_name":"sub","param_value_internal":0,"distribution":"{\"name\": \"CategoricalDistribution\", \"attributes\": {\"choices\": [32]}}"}
{"op_code":8,"worker_id":"c750b157-6928-49ad-a4ef-d8fb47df51df-132802756511616","trial_id":44,"user_attr":{"token":"tsweep_t128x128k16g41s32"}}
{"op_code":4,"worker_id":"c750b157-6928-49ad-a4ef-d8fb47df51df-132802756511616","study_id":0,"datetime_start":"2026-09-17T21:40:14.188036+00:00"}
{"op_code":9,"worker_id":"c750b157-6928-49ad-a4ef-d8fb47df51df-132802756511616","trial_id":45,"system_attr":{"tpe:relative_params:0":"{\"gx\": 2, \"gy\": 1, \"k\": 32, \"m\": 32, \"n\": 64}"}}
{"op_code":5,"worker_id":"c750b157-6928-49ad-a4ef-d8fb47df51df-132802756511616","trial_id":45,"param_name":"m","param_value_internal":1,"distribution":"{\"name\": \"CategoricalDistribution\", \"attributes\": {\"choices\": [16, 32, 64, 128, 256]}}"}
{"op_code":5,"worker_id":"c750b157-6928-49ad-a4ef-d8fb47df51df-132802756511616","trial_id":45,"param_name":"n","param_value_internal":2,"distribution":"{\"name\": \"CategoricalDistribution\", \"attributes\": {\"choices\": [16, 32, 64, 128, 256]}}"}
{"op_code":5,"worker_id":"c750b157-6928-49ad-a4ef-d8fb47df51df-132802756511616","trial_id":45,"param_name":"k","param_value_internal":1,"distribution":"{\"name\": \"CategoricalDistribution\", \"attributes\": {\"choices\": [16, 32, 64, 128]}}"}
{"op_code":5,"worker_id":"c750b157-6928-49ad-a4ef-d8fb47df51df-132802756511616","trial_id":45,"param_name":"gx","param_value_internal":1,"distribution":"{\"name\": \"CategoricalDistribution\", \"attributes\": {\"choices\": [1, 2, 4, 8]}}"}
{"op_code":5,"worker_id":"c750b157-6928-49ad-a4ef-d8fb47df51df-132802756511616","trial_id":45,"param_name":"gy","param_value_internal":0,"distribution":"{\"name\": \"CategoricalDistribution\", \"attributes\": {\"choices\": [1, 2, 4, 8]}}"}
{"op_code":5,"worker_id":"c750b157-6928-49ad-a4ef-d8fb47df51df-132802756511616","trial_id":45,"param_name":"sub","param_value_internal":0,"distribution":"{\"name\": \"CategoricalDistribution\", \"attributes\": {\"choices\": [32]}}"}
{"op_code":8,"worker_id":"c750b157-6928-49ad-a4ef-d8fb47df51df-132802756511616","trial_id":45,"user_attr":{"token":"tsweep_t32x64k32g21s32"}}
{"op_code":4,"worker_id":"c750b157-6928-49ad-a4ef-d8fb47df51df-132802756511616","study_id":0,"datetime_start":"2026-09-17T21:40:14.201853+00:00"}
{"op_code":9,"worker_id":"c750b157-6928-49ad-a4ef-d8fb47df51df-132802756511616","trial_id":46,"system_attr":{"tpe:relative_params:0":"{\"gx\": 1, \"gy\": 2, \"k\": 16, \"m\": 256, \"n\": 128}"}}
{"op_code":5,"worker_id":"c750b157-6928-49ad-a4ef-d8fb47df51df-132802756511616","trial_id":46,"param_name":"m","param_value_internal":4,"distribution":"{\"name\": \"CategoricalDistribution\", \"attributes\": {\"choices\": [16, 32, 64, 128, 256]}}"}
{"op_code":5,"worker_id":"c750b157-6928-49ad-a4ef-d8fb47df51df-132802756511616","trial_id":46,"param_name":"n","param_value_internal":3,"distribution":"{\"name\": \"CategoricalDistribution\", \"attributes\": {\"choices\": [16, 32, 64, 128, 256]}}"}
{"op_code":5,"worker_id":"c750b157-6928-49ad-a4ef-d8fb47df51df-132802756511616","trial_id":46,"param_name":"k","param_value_internal":0,"distribution":"{\"name\": \"CategoricalDistribution\", \"attributes\": {\"choices\": [16, 32, 64, 128]}}"}
{"op_code":5,"worker_id":"c750b157-6928-49ad-a4ef-d8fb47df51df-132802756511616","trial_id":46,"param_name":"gx","param_value_internal":0,"distribution":"{\"name\": \"CategoricalDistribution\", \"attributes\": {\"choices\": [1, 2, 4, 8]}}"}
{"op_code":5,"worker_id":"c750b157-6928-49ad-a4ef-d8fb47df51df-132802756511616","trial_id":46,"param_name":"gy","param_value_internal":1,"distribution":"{\"name\": \"CategoricalDistribution\", \"attributes\": {\"choices\": [1, 2, 4, 8]}}"}
{"op_code":5,"worker_id":"c750b157-6928-49ad-a4ef-d8fb47df51df-132802756511616","trial_id":46,"param_name":"sub","param_value_internal":0,"distribution":"{\"name\": \"CategoricalDistribution\", \"attributes\": {\"choices\": [32]}}"}
{"op_code":8,"worker_id":"c750b157-6928-49ad-a4ef-d8fb47df51df-132802756511616","trial_id":46,"user_attr":{"token":"tsweep_t256x128k16g12s32"}}
{"op_code":4,"worker_id":"c750b157-6928-49ad-a4ef-d8fb47df51df-132802756511616","study_id":0,"datetime_start":"2026-09-17T21:40:14.215872+00:00"}
{"op_code":9,"worker_id":"c750b157-6928-49ad-a4ef-d8fb47df51df-132802756511616","trial_id":47,"system_attr":{"tpe:relative_params:0":"{\"gx\": 2, \"gy\": 4, \"k\": 32, \"m\": 64, \"n\": 64}"}}
{"op_code":5,"worker_id":"c750b157-6928-49ad-a4ef-d8fb47df51df-132802756511616","trial_id":47,"param_name":"m","param_value_internal":2,"distribution":"{\"name\": \"CategoricalDistribution\", \"attributes\": {\"choices\": [16, 32, 64, 128, 256]}}"}
{"op_code":5,"worker_id":"c750b157-6928-49ad-a4ef-d8fb47df51df-132802756511616","trial_id":47,"param_name":"n","param_value_internal":2,"distribution":"{\"name\": \"CategoricalDistribution\", \"attributes\": {\"choices\": [16, 32, 64, 128, 256]}}"}
{"op_code":5,"worker_id":"c750b157-6928-49ad-a4ef-d8fb47df51df-132802756511616","trial_id":47,"param_name":"k","param_value_internal":1,"distribution":"{\"name\": \"CategoricalDistribution\", \"attributes\": {\"choices\": [16, 32, 64, 128]}}"}
{"op_code":5,"worker_id":"c750b157-6928-49ad-a4ef-d8fb47df51df-132802756511616","trial_id":47,"param_name":"gx","param_value_internal":1,"distribution":"{\"name\": \"CategoricalDistribution\", \"attributes\": {\"choices\": [1, 2, 4, 8]}}"}
{"op_code":5,"worker_id":"c750b157-6928-49ad-a4ef-d8fb47df51df-132802756511616","trial_id":47,"param_name":"gy","param_value_internal":2,"distribution":"{\"name\": \"CategoricalDistribution\", \"attributes\": {\"choices\": [1, 2, 4, 8]}}"}
{"op_code":5,"worker_id":"c750b157-6928-49ad-a4ef-d8fb47df51df-132802756511616","trial_id":47,"param_name":"sub","param_value_internal":0,"distribution":"{\"name\": \"CategoricalDistribution\", \"attributes\": {\"choices\": [32]}}"}
{"op_code":8,"worker_id":"c750b157-6928-49ad-a4ef-d8fb47df51df-132802756511616","trial_id":47,"user_attr":{"token":"tsweep_t64x64k32g24s32"}}
{"op_code":4,"worker_id":"c750b157-6928-49ad-a4ef-d8fb47df51df-132802756511616","study_id":0,"datetime_start":"2026-09-17T21:40:14.230805+00:00"}
{"op_code":9,"worker_id":"c750b157-6928-49ad-a4ef-d8fb47df51df-132802756511616","trial_id":48,"system_attr":{"tpe:relative_params:0":"{\"gx\": 2, \"gy\": 1, \"k\": 64, \"m\": 128, \"n\": 128}"}}
{"op_code":5,"worker_id":"c750b157-6928-49ad-a4ef-d8fb47df51df-132802756511616","trial_id":48,"param_name":"m","param_value_internal":3,"distribution":"{\"name\": \"CategoricalDistribution\", \"attributes\": {\"choices\": [16, 32, 64, 128, 256]}}"}
{"op_code":5,"worker_id":"c750b157-6928-49ad-a4ef-d8fb47df51df-132802756511616","trial_id":48,"param_name":"n","param_value_internal":3,"distribution":"{\"name\": \"CategoricalDistribution\", \"attributes\": {\"choices\": [16, 32, 64, 128, 256]}}"}
{"op_code":5,"worker_id":"c750b157-6928-49ad-a4ef-d8fb47df51df-132802756511616","trial_id":48,"param_name":"k","param_value_internal":2,"distribution":"{\"name\": \"CategoricalDistribution\", \"attributes\": {\"choices\": [16, 32, 64, 128]}}"}
{"op_code":5,"worker_id":"c750b157-6928-49ad-a4ef-d8fb47df51df-132802756511616","trial_id":48,"param_name":"gx","param_value_internal":1,"distribution":"{\"name\": \"CategoricalDistribution\", \"attributes\": {\"choices\": [1, 2, 4, 8]}}"}
{"op_code":5,"worker_id":"c750b157-6928-49ad-a4ef-d8fb47df51df-132802756511616","trial_id":48,"param_name":"gy","param_value_internal":0,"distribution":"{\"name\": \"CategoricalDistribution\", \"attributes\": {\"choices\": [1, 2, 4, 8]}}"}
{"op_code":5,"worker_id":"c750b157-6928-49ad-a4ef-d8fb47df51df-132802756511616","trial_id":48,"param_name":"sub","param_value_internal":0,"distribution":"{\"name\": \"CategoricalDistribution\", \"attributes\": {\"choices\": [32]}}"}
{"op_code":6,"worker_id":"c750b157-6928-49ad-a4ef-d8fb47df51df-132802756511616","trial_id":48,"state":2,"values":null,"datetime_complete":"2026-09-17T21:40:14.243967+00:00"}
{"op_code":4,"worker_id":"c750b157-6928-49ad-a4ef-d8fb47df51df-132802756511616","study_id":0,"datetime_start":"2026-09-17T21:40:14.245586+00:00"}
{"op_code":9,"worker_id":"c750b157-6928-49ad-a4ef-d8fb47df51df-132802756511616","trial_id":49,"system_attr":{"tpe:relative_params:0":"{\"gx\": 8, \"gy\": 8, \"k\": 32, \"m\": 128, \"n\": 64}"}}
{"op_code":5,"worker_id":"c750b157-6928-49ad-a4ef-d8fb47df51df-132802756511616","trial_id":49,"param_name":"m","param_value_internal":3,"distribution":"{\"name\": \"CategoricalDistribution\", \"attributes\": {\"choices\": [16, 32, 64, 128, 256]}}"}
{"op_code":5,"worker_id":"c750b157-6928-49ad-a4ef-d8fb47df51df-132802756511616","trial_id":49,"param_name":"n","param_value_internal":2,"distribution":"{\"name\": \"CategoricalDistribution\", \"attributes\": {\"choices\": [16, 32, 64, 128, 256]}}"}
{"op_code":5,"worker_id":"c750b157-6928-49ad-a4ef-d8fb47df51df-132802756511616","trial_id":49,"param_name":"k","param_value_internal":1,"distribution":"{\"name\": \"CategoricalDistribution\", \"attributes\": {\"choices\": [16, 32, 64, 128]}}"}
{"op_code":5,"worker_id":"c750b157-6928-49ad-a4ef-d8fb47df51df-132802756511616","trial_id":49,"param_name":"gx","param_value_internal":3,"distribution":"{\"name\": \"CategoricalDistribution\", \"attributes\": {\"choices\": [1, 2, 4, 8]}}"}
{"op_code":5,"worker_id":"c750b157-6928-49ad-a4ef-d8fb47df51df-132802756511616","trial_id":49,"param_name":"gy","param_value_internal":3,"distribution":"{\"name\": \"CategoricalDistribution\", \"attributes\": {\"choices\": [1, 2, 4, 8]}}"}
{"op_code":5,"worker_id":"c750b157-6928-49ad-a4ef-d8fb47df51df-132802756511616","trial_id":49,"param_name":"sub","param_value_internal":0,"distribution":"{\"name\": \"CategoricalDistribution\", \"attributes\": {\"choices\": [32]}}"}
{"op_code":6,"worker_id":"c750b157-6928-49ad-a4ef-d8fb47df51df-132802756511616","trial_id":49,"state":2,"values":null,"datetime_complete":"2026-09-17T21:40:14.259413+00:00"}
{"op_code":4,"worker_id":"c750b157-6928-49ad-a4ef-d8fb47df51df-132802756511616","study_id":0,"datetime_start":"2026-09-17T21:40:14.261122+00:00"}
{"op_code":9,"worker_id":"c750b157-6928-49ad-a4ef-d8fb47df51df-132802756511616","trial_id":50,"system_attr":{"tpe:relative_params:0":"{\"gx\": 4, \"gy\": 1, \"k\": 32, \"m\": 64, \"n\": 16}"}}
{"op_code":5,"worker_id":"c750b157-6928-49ad-a4ef-d8fb47df51df-132802756511616","trial_id":50,"param_name":"m","param_value_internal":2,"distribution":"{\"name\": \"CategoricalDistribution\", \"attributes\": {\"choices\": [16, 32, 64, 128, 256]}}"}
{"op_code":5,"worker_id":"c750b157-6928-49ad-a4ef-d8fb47df51df-132802756511616","trial_id":50,"param_name":"n","param_value_internal":0,"distribution":"{\"name\": \"CategoricalDistribution\", \"attributes\": {\"choices\": [16, 32, 64, 128, 256]}}"}
{"op_code":5,"worker_id":"c750b157-6928-49ad-a4ef-d8fb47df51df-132802756511616","trial_id":50,"param_name":"k","param_value_internal":1,"distribution":"{\"name\": \"CategoricalDistribution\", \"attributes\": {\"choices\": [16, 32, 64, 128]}}"}
{"op_code":5,"worker_id":"c750b157-6928-49ad-a4ef-d8fb47df51df-132802756511616","trial_id":50,"param_name":"gx","param_value_internal":2,"distribution":"{\"name\": \"CategoricalDistribution\", \"attributes\": {\"choices\": [1, 2, 4, 8]}}"}
{"op_code":5,"worker_id":"c750b157-6928-49ad-a4ef-d8fb47df51df-132802756511616","trial_id":50,"param_name":"gy","param_value_internal":0,"distribution":"{\"name\": \"CategoricalDistribution\", \"attributes\": {\"choices\": [1, 2, 4, 8]}}"}
{"op_code":5,"worker_id":"c750b157-6928-49ad-a4ef-d8fb47df51df-132802756511616","trial_id":50,"param_name":"sub","param_value_internal":0,"distribution":"{\"name\": \"CategoricalDistribution\", \"attributes\": {\"choices\": [32]}}"}
{"op_code":6,"worker_id":"c750b157-6928-49ad-a4ef-d8fb47df51df-132802756511616","trial_id":50,"state":2,"values":null,"datetime_complete":"2026-09-17T21:40:14.275966+00:00"}
{"op_code":4,"worker_id":"c750b157-6928-49ad-a4ef-d8fb47df51df-132802756511616","study_id":0,"datetime_start":"2026-09-17T21:40:14.277611+00:00"}
{"op_code":9,"worker_id":"c750b157-6928-49ad-a4ef-d8fb47df51df-132802756511616","trial_id":51,"system_attr":{"tpe:relative_params:0":"{\"gx\": 8, \"gy\": 1, \"k\": 32, \"m\": 256, \"n\": 64}"}}
{"op_code":5,"worker_id":"c750b157-6928-49ad-a4ef-d8fb47df51df-132802756511616","trial_id":51,"param_name":"m","param_value_internal":4,"distribution":"{\"name\": \"CategoricalDistribution\", \"attributes\": {\"choices\": [16, 32, 64, 128, 256]}}"}
{"op_code":5,"worker_id":"c750b157-6928-49ad-a4ef-d8fb47df51df-132802756511616","trial_id":51,"param_name":"n","param_value_internal":2,"distribution":"{\"name\": \"CategoricalDistribution\", \"attributes\": {\"choices\": [16, 32, 64, 128, 256]}}"}
{"op_code":5,"worker_id":"c750b157-6928-49ad-a4ef-d8fb47df51df-132802756511616","trial_id":51,"param_name":"k","param_value_internal":1,"distribution":"{\"name\": \"CategoricalDistribution\", \"attributes\": {\"choices\": [16, 32, 64, 128]}}"}
{"op_code":5,"worker_id":"c750b157-6928-49ad-a4ef-d8fb47df51df-132802756511616","trial_id":51,"param_name":"gx","param_value_internal":3,"distribution":"{\"name\": \"CategoricalDistribution\", \"attributes\": {\"choices\": [1, 2, 4, 8]}}"}
{"op_code":5,"worker_id":"c750b157-6928-49ad-a4ef-d8fb47df51df-132802756511616","trial_id":51,"param_name":"gy","param_value_internal":0,"distribution":"{\"name\": \"CategoricalDistribution\", \"attributes\": {\"choices\": [1, 2, 4, 8]}}"}
{"op_code":5,"worker_id":"c750b157-6928-49ad-a4ef-d8fb47df51df-132802756511616","trial_id":51,"param_name":"sub","param_value_internal":0,"distribution":"{\"name\": \"CategoricalDistribution\", \"attributes\": {\"choices\": [32]}}"}
{"op_code":6,"worker_id":"c750b157-6928-49ad-a4ef-d8fb47df51df-132802756511616","trial_id":51,"state":2,"values":null,"datetime_complete":"2026-09-17T21:40:14.291132+00:00"}
{"op_code":4,"worker_id":"c750b157-6928-49ad-a4ef-d8fb47df51df-132802756511616","study_id":0,"datetime_start":"2026-09-17T21:40:14.292759+00:00"}
{"op_code":9,"worker_id":"c750b157-6928-49ad-a4ef-d8fb47df51df-132802756511616","trial_id":52,"system_attr":{"tpe:relative_params:0":"{\"gx\": 4, \"gy\": 1, \"k\": 128, \"m\": 32, \"n\": 64}"}}
{"op_code":5,"worker_id":"c750b157-6928-49ad-a4ef-d8fb47df51df-132802756511616","trial_id":52,"param_name":"m","param_value_internal":1,"distribution":"{\"name\": \"CategoricalDistribution\", \"attributes\": {\"choices\": [16, 32, 64, 128, 256]}}"}
{"op_code":5,"worker_id":"c750b157-6928-49ad-a4ef-d8fb47df51df-132802756511616","trial_id":52,"param_name":"n","param_value_internal":2,"distribution":"{\"name\": \"CategoricalDistribution\", \"attributes\": {\"choices\": [16, 32, 64, 128, 256]}}"}
{"op_code":5,"worker_id":"c750b157-6928-49ad-a4ef-d8fb47df51df-132802756511616","trial_id":52,"param_name":"k","param_value_internal":3,"distribution":"{\"name\": \"CategoricalDistribution\", \"attributes\": {\"choices\": [16, 32, 64, 128]}}"}
{"op_code":5,"worker_id":"c750b157-6928-49ad-a4ef-d8fb47df51df-132802756511616","trial_id":52,"param_name":"gx","param_value_internal":2,"distribution":"{\"name\": \"CategoricalDistribution\", \"attributes\": {\"choices\": [1, 2, 4, 8]}}"}
{"op_code":5,"worker_id":"c750b157-6928-49ad-a4ef-d8fb47df51df-132802756511616","trial_id":52,"param_name":"gy","param_value_internal":0,"distribution":"{\"name\": \"CategoricalDistribution\", \"attributes\": {\"choices\": [1, 2, 4, 8]}}"}
{"op_code":5,"worker_id":"c750b157-6928-49ad-a4ef-d8fb47df51df-132802756511616","trial_id":52,"param_name":"sub","param_value_internal":0,"distribution":"{\"name\": \"CategoricalDistribution\", \"attributes\": {\"choices\": [32]}}"}
{"op_code":6,"worker_id":"c750b157-6928-49ad-a4ef-d8fb47df51df-132802756511616","trial_id":52,"state":2,"values":null,"datetime_complete":"2026-09-17T21:40:14.306503+00:00"}
{"op_code":4,"worker_id":"c750b157-6928-49ad-a4ef-d8fb47df51df-132802756511616","study_id":0,"datetime_start":"2026-09-17T21:40:14.308148+00:00"}
{"op_code":9,"worker_id":"c750b157-6928-49ad-a4ef-d8fb47df51df-132802756511616","trial_id":53,"system_attr":{"tpe:relative_params:0":"{\"gx\": 4, \"gy\": 1, \"k\": 32, \"m\": 64, \"n\": 64}"}}
{"op_code":5,"worker_id":"c750b157-6928-49ad-a4ef-d8fb47df51df-132802756511616","trial_id":53,"param_name":"m","param_value_internal":2,"distribution":"{\"name\": \"CategoricalDistribution\", \"attributes\": {\"choices\": [16, 32, 64, 128, 256]}}"}
{"op_code":5,"worker_id":"c750b157-6928-49ad-a4ef-d8fb47df51df-132802756511616","trial_id":53,"param_name":"n","param_value_internal":2,"distribution":"{\"name\": \"CategoricalDistribution\", \"attributes\": {\"choices\": [16, 32, 64, 128, 256]}}"}
{"op_code":5,"worker_id":"c750b157-6928-49ad-a4ef-d8fb47df51df-132802756511616","trial_id":53,"param_name":"k","param_value_internal":1,"distribution":"{\"name\": \"CategoricalDistribution\", \"attributes\": {\"choices\": [16, 32, 64, 128]}}"}
{"op_code":5,"worker_id":"c750b157-6928-49ad-a4ef-d8fb47df51df-132802756511616","trial_id":53,"param_name":"gx","param_value_internal":2,"distribution":"{\"name\": \"CategoricalDistribution\", \"attributes\": {\"choices\": [1, 2, 4, 8]}}"}
{"op_code":5,"worker_id":"c750b157-6928-49ad-a4ef-d8fb47df51df-132802756511616","trial_id":53,"param_name":"gy","param_value_internal":0,"distribution":"{\"name\": \"CategoricalDistribution\", \"attributes\": {\"choices\": [1, 2, 4, 8]}}"}
{"op_code":5,"worker_id":"c750b157-6928-49ad-a4ef-d8fb47df51df-132802756511616","trial_id":53,"param_name":"sub","param_value_internal":0,"distribution":"{\"name\": \"CategoricalDistribution\", \"attributes\": {\"choices\": [32]}}"}
{"op_code":6,"worker_id":"c750b157-6928-49ad-a4ef-d8fb47df51df-132802756511616","trial_id":53,"state":2,"values":null,"datetime_complete":"2026-09-17T21:40:14.321640+00:00"}
{"op_code":4,"worker_id":"c750b157-6928-49ad-a4ef-d8fb47df51df-132802756511616","study_id":0,"datetime_start":"2026-09-17T21:40:14.323337+00:00"}
{"op_code":9,"worker_id":"c750b157-6928-49ad-a4ef-d8fb47df51df-132802756511616","trial_id":54,"system_attr":{"tpe:relative_params:0":"{\"gx\": 2, \"gy\": 1, \"k\": 16, \"m\": 16, \"n\": 128}"}}
{"op_code":5,"worker_id":"c750b157-6928-49ad-a4ef-d8fb47df51df-132802756511616","trial_id":54,"param_name":"m","param_value_internal":0,"distribution":"{\"name\": \"CategoricalDistribution\", \"attributes\": {\"choices\": [16, 32, 64, 128, 256]}}"}
{"op_code":5,"worker_id":"c750b157-6928-49ad-a4ef-d8fb47df51df-132802756511616","trial_id":54,"param_name":"n","param_value_internal":3,"distribution":"{\"name\": \"CategoricalDistribution\", \"attributes\": {\"choices\": [16, 32, 64, 128, 256]}}"}
{"op_code":5,"worker_id":"c750b157-6928-49ad-a4ef-d8fb47df51df-132802756511616","trial_id":54,"param_name":"k","param_value_internal":0,"distribution":"{\"name\": \"CategoricalDistribution\", \"attributes\": {\"choices\": [16, 32, 64, 128]}}"}
{"op_code":5,"worker_id":"c750b157-6928-49ad-a4ef-d8fb47df51df-132802756511616","trial_id":54,"param_name":"gx","param_value_internal":1,"distribution":"{\"name\": \"CategoricalDistribution\", \"attributes\": {\"choices\": [1, 2, 4, 8]}}"}
{"op_code":5,"worker_id":"c750b157-6928-49ad-a4ef-d8fb47df51df-132802756511616","trial_id":54,"param_name":"gy","param_value_internal":0,"distribution":"{\"name\": \"CategoricalDistribution\", \"attributes\": {\"choices\": [1, 2, 4, 8]}}"}
{"op_code":5,"worker_id":"c750b157-6928-49ad-a4ef-d8fb47df51df-132802756511616","trial_id":54,"param_name":"sub","param_value_internal":0,"distribution":"{\"name\": \"CategoricalDistribution\", \"attributes\": {\"choices\": [32]}}"}
{"op_code":6,"worker_id":"c750b157-6928-49ad-a4ef-d8fb47df51df-132802756511616","trial_id":54,"state":2,"values":null,"datetime_complete":"2026-09-17T21:40:14.337013+00:00"}
{"op_code":4,"worker_id":"c750b157-6928-49ad-a4ef-d8fb47df51df-132802756511616","study_id":0,"datetime_start":"2026-09-17T21:40:14.338659+00:00"}
{"op_code":9,"worker_id":"c750b157-6928-49ad-a4ef-d8fb47df51df-132802756511616","trial_id":55,"system_attr":{"tpe:relative_params:0":"{\"gx\": 8, \"gy\": 2, \"k\": 32, \"m\": 64, \"n\": 32}"}}
{"op_code":5,"worker_id":"c750b157-6928-49ad-a4ef-d8fb47df51df-132802756511616","trial_id":55,"param_name":"m","param_value_internal":2,"distribution":"{\"name\": \"CategoricalDistribution\", \"attributes\": {\"choices\": [16, 32, 64, 128, 256]}}"}
{"op_code":5,"worker_id":"c750b157-6928-49ad-a4ef-d8fb47df51df-132802756511616","trial_id":55,"param_name":"n","param_value_internal":1,"distribution":"{\"name\": \"CategoricalDistribution\", \"attributes\": {\"choices\": [16, 32, 64, 128, 256]}}"}
{"op_code":5,"worker_id":"c750b157-6928-49ad-a4ef-d8fb47df51df-132802756511616","trial_id":55,"param_name":"k","param_value_internal":1,"distribution":"{\"name\": \"CategoricalDistribution\", \"attributes\": {\"choices\": [16, 32, 64, 128]}}"}
{"op_code":5,"worker_id":"c750b157-6928-49ad-a4ef-d8fb47df51df-132802756511616","trial_id":55,"param_name":"gx","param_value_internal":3,"distribution":"{\"name\": \"CategoricalDistribution\", \"attributes\": {\"choices\": [1, 2, 4, 8]}}"}
{"op_code":5,"worker_id":"c750b157-6928-49ad-a4ef-d8fb47df51df-132802756511616","trial_id":55,"param_name":"gy","param_value_internal":1,"distribution":"{\"name\": \"CategoricalDistribution\", \"attributes\": {\"choices\": [1, 2, 4, 8]}}"}
{"op_code":5,"worker_id":"c750b157-6928-49ad-a4ef-d8fb47df51df-132802756511616","trial_id":55,"param_name":"sub","param_value_internal":0,"distribution":"{\"name\": \"CategoricalDistribution\", \"attributes\": {\"choices\": [32]}}"}
{"op_code":6,"worker_id":"c750b157-6928-49ad-a4ef-d8fb47df51df-132802756511616","trial_id":55,"state":2,"values":null,"datetime_complete":"2026-09-17T21:40:14.351961+00:00"}
{"op_code":4,"worker_id":"c750b157-6928-49ad-a4ef-d8fb47df51df-132802756511616","study_id":0,"datetime_start":"2026-09-17T21:40:14.353562+00:00"}
{"op_code":9,"worker_id":"c750b157-6928-49ad-a4ef-d8fb47df51df-132802756511616","trial_id":56,"system_attr":{"tpe:relative_params:0":"{\"gx\": 1, \"gy\": 2, \"k\": 32, \"m\": 256, \"n\": 64}"}}
{"op_code":5,"worker_id":"c750b157-6928-49ad-a4ef-d8fb47df51df-132802756511616","trial_id":56,"param_name":"m","param_value_internal":4,"distribution":"{\"name\": \"CategoricalDistribution\", \"attributes\": {\"choices\": [16, 32, 64, 128, 256]}}"}
{"op_code":5,"worker_id":"c750b157-6928-49ad-a4ef-d8fb47df51df-132802756511616","trial_id":56,"param_name":"n","param_value_internal":2,"distribution":"{\"name\": \"CategoricalDistribution\", \"attributes\": {\"choices\": [16, 32, 64, 128, 256]}}"}
{"op_code":5,"worker_id":"c750b157-6928-49ad-a4ef-d8fb47df51df-132802756511616","trial_id":56,"param_name":"k","param_value_internal":1,"distribution":"{\"name\": \"CategoricalDistribution\", \"attributes\": {\"choices\": [16, 32, 64, 128]}}"}
{"op_code":5,"worker_id":"c750b157-6928-49ad-a4ef-d8fb47df51df-132802756511616","trial_id":56,"param_name":"gx","param_value_internal":0,"distribution":"{\"name\": \"CategoricalDistribution\", \"attributes\": {\"choices\": [1, 2, 4, 8]}}"}
{"op_code":5,"worker_id":"c750b157-6928-49ad-a4ef-d8fb47df51df-132802756511616","trial_id":56,"param_name":"gy","param_value_internal":1,"distribution":"{\"name\": \"CategoricalDistribution\", \"attributes\": {\"choices\": [1, 2, 4, 8]}}"}
{"op_code":5,"worker_id":"c750b157-6928-49ad-a4ef-d8fb47df51df-132802756511616","trial_id":56,"param_name":"sub","param_value_internal":0,"distribution":"{\"name\": \"CategoricalDistribution\", \"attributes\": {\"choices\": [32]}}"}
{"op_code":6,"worker_id":"c750b157-6928-49ad-a4ef-d8fb47df51df-132802756511616","trial_id":56,"state":2,"values":null,"datetime_complete":"2026-09-17T21:40:14.367064+00:00"}
{"op_code":4,"worker_id":"c750b157-6928-49ad-a4ef-d8fb47df51df-132802756511616","study_id":0,"datetime_start":"2026-09-17T21:40:14.368709+00:00"}
{"op_code":9,"worker_id":"c750b157-6928-49ad-a4ef-d8fb47df51df-132802756511616","trial_id":57,"system_attr":{"tpe:relative_params:0":"{\"gx\": 4, \"gy\": 2, \"k\": 64, \"m\": 64, \"n\": 64}"}}
{"op_code":5,"worker_id":"c750b157-6928-49ad-a4ef-d8fb47df51df-132802756511616","trial_id":57,"param_name":"m","param_value_internal":2,"distribution":"{\"name\": \"CategoricalDistribution\", \"attributes\": {\"choices\": [16, 32, 64, 128, 256]}}"}
{"op_code":5,"worker_id":"c750b157-6928-49ad-a4ef-d8fb47df51df-132802756511616","trial_id":57,"param_name":"n","param_value_internal":2,"distribution":"{\"name\": \"CategoricalDistribution\", \"attributes\": {\"choices\": [16, 32, 64, 128, 256]}}"}
{"op_code":5,"worker_id":"c750b157-6928-49ad-a4ef-d8fb47df51df-132802756511616","trial_id":57,"param_name":"k","param_value_internal":2,"distribution":"{\"name\": \"CategoricalDistribution\", \"attributes\": {\"choices\": [16, 32, 64, 128]}}"}
{"op_code":5,"worker_id":"c750b157-6928-49ad-a4ef-d8fb47df51df-132802756511616","trial_id":57,"param_name":"gx","param_value_internal":2,"distribution":"{\"name\": \"CategoricalDistribution\", \"attributes\": {\"choices\": [1, 2, 4, 8]}}"}
{"op_code":5,"worker_id":"c750b157-6928-49ad-a4ef-d8fb47df51df-132802756511616","trial_id":57,"param_name":"gy","param_value_internal":1,"distribution":"{\"name\": \"CategoricalDistribution\", \"attributes\": {\"choices\": [1, 2, 4, 8]}}"}
{"op_code":5,"worker_id":"c750b157-6928-49ad-a4ef-d8fb47df51df-132802756511616","trial_id":57,"param_name":"sub","param_value_internal":0,"distribution":"{\"name\": \"CategoricalDistribution\", \"attributes\": {\"choices\": [32]}}"}
{"op_code":8,"worker_id":"c750b157-6928-49ad-a4ef-d8fb47df51df-132802756511616","trial_id":57,"user_attr":{"token":"tsweep_t64x64k64g42s32"}}
{"op_code":4,"worker_id":"c750b157-6928-49ad-a4ef-d8fb47df51df-132802756511616","study_id":0,"datetime_start":"2026-09-17T21:40:14.383709+00:00"}
{"op_code":9,"worker_id":"c750b157-6928-49ad-a4ef-d8fb47df51df-132802756511616","trial_id":58,"system_attr":{"tpe:relative_params:0":"{\"gx\": 2, \"gy\": 1, \"k\": 16, \"m\": 128, \"n\": 64}"}}
{"op_code":5,"worker_id":"c750b157-6928-49ad-a4ef-d8fb47df51df-132802756511616","trial_id":58,"param_name":"m","param_value_internal":3,"distribution":"{\"name\": \"CategoricalDistribution\", \"attributes\": {\"choices\": [16, 32, 64, 128, 256]}}"}
{"op_code":5,"worker_id":"c750b157-6928-49ad-a4ef-d8fb47df51df-132802756511616","trial_id":58,"param_name":"n","param_value_internal":2,"distribution":"{\"name\": \"CategoricalDistribution\", \"attributes\": {\"choices\": [16, 32, 64, 128, 256]}}"}
{"op_code":5,"worker_id":"c750b157-6928-49ad-a4ef-d8fb47df51df-132802756511616","trial_id":58,"param_name":"k","param_value_internal":0,"distribution":"{\"name\": \"CategoricalDistribution\", \"attributes\": {\"choices\": [16, 32, 64, 128]}}"}
{"op_code":5,"worker_id":"c750b157-6928-49ad-a4ef-d8fb47df51df-132802756511616","trial_id":58,"param_name":"gx","param_value_internal":1,"distribution":"{\"name\": \"CategoricalDistribution\", \"attributes\": {\"choices\": [1, 2, 4, 8]}}"}
{"op_code":5,"worker_id":"c750b157-6928-49ad-a4ef-d8fb47df51df-132802756511616","trial_id":58,"param_name":"gy","param_value_internal":0,"distribution":"{\"name\": \"CategoricalDistribution\", \"attributes\": {\"choices\": [1, 2, 4, 8]}}"}
{"op_code":5,"worker_id":"c750b157-6928-49ad-a4ef-d8fb47df51df-132802756511616","trial_id":58,"param_name":"sub","param_value_internal":0,"distribution":"{\"name\": \"CategoricalDistribution\", \"attributes\": {\"choices\": [32]}}"}
{"op_code":6,"worker_id":"c750b157-6928-49ad-a4ef-d8fb47df51df-132802756511616","trial_id":58,"state":2,"values":null,"datetime_complete":"2026-09-17T21:40:14.397260+00:00"}
{"op_code":4,"worker_id":"c750b157-6928-49ad-a4ef-d8fb47df51df-132802756511616","study_id":0,"datetime_start":"2026-09-17T21:40:14.398929+00:00"}
{"op_code":9,"worker_id":"c750b157-6928-49ad-a4ef-d8fb47df51df-132802756511616","trial_id":59,"system_attr":{"tpe:relative_params:0":"{\"gx\": 8, \"gy\": 2, \"k\": 16, \"m\": 32, \"n\": 128}"}}
{"op_code":5,"worker_id":"c750b157-6928-49ad-a4ef-d8fb47df51df-132802756511616","trial_id":59,"param_name":"m","param_value_internal":1,"distribution":"{\"name\": \"CategoricalDistribution\", \"attributes\": {\"choices\": [16, 32, 64, 128, 256]}}"}
{"op_code":5,"worker_id":"c750b157-6928-49ad-a4ef-d8fb47df51df-132802756511616","trial_id":59,"param_name":"n","param_value_internal":3,"distribution":"{\"name\": \"CategoricalDistribution\", \"attributes\": {\"choices\": [16, 32, 64, 128, 256]}}"}
{"op_code":5,"worker_id":"c750b157-6928-49ad-a4ef-d8fb47df51df-132802756511616","trial_id":59,"param_name":"k","param_value_internal":0,"distribution":"{\"name\": \"CategoricalDistribution\", \"attributes\": {\"choices\": [16, 32, 64, 128]}}"}
{"op_code":5,"worker_id":"c750b157-6928-49ad-a4ef-d8fb47df51df-132802756511616","trial_id":59,"param_name":"gx","param_value_internal":3,"distribution":"{\"name\": \"CategoricalDistribution\", \"attributes\": {\"choices\": [1, 2, 4, 8]}}"}
{"op_code":5,"worker_id":"c750b157-6928-49ad-a4ef-d8fb47df51df-132802756511616","trial_id":59,"param_name":"gy","param_value_internal":1,"distribution":"{\"name\": \"CategoricalDistribution\", \"attributes\": {\"choices\": [1, 2, 4, 8]}}"}
{"op_code":5,"worker_id":"c750b157-6928-49ad-a4ef-d8fb47df51df-132802756511616","trial_id":59,"param_name":"sub","param_value_internal":0,"distribution":"{\"name\": \"CategoricalDistribution\", \"attributes\": {\"choices\": [32]}}"}
{"op_code":6,"worker_id":"c750b157-6928-49ad-a4ef-d8fb47df51df-132802756511616","trial_id":59,"state":2,"values":null,"datetime_complete":"2026-09-17T21:40:14.412508+00:00"}
{"op_code":4,"worker_id":"c750b157-6928-49ad-a4ef-d8fb47df51df-132802756511616","study_id":0,"datetime_start":"2026-09-17T21:40:14.414225+00:00"}
{"op_code":9,"worker_id":"c750b157-6928-49ad-a4ef-d8fb47df51df-132802756511616","trial_id":60,"system_attr":{"tpe:relative_params:0":"{\"gx\": 4, \"gy\": 2, \"k\": 32, \"m\": 16, \"n\": 64}"}}
{"op_code":5,"worker_id":"c750b157-6928-49ad-a4ef-d8fb47df51df-132802756511616","trial_id":60,"param_name":"m","param_value_internal":0,"distribution":"{\"name\": \"CategoricalDistribution\", \"attributes\": {\"choices\": [16, 32, 64, 128, 256]}}"}
{"op_code":5,"worker_id":"c750b157-6928-49ad-a4ef-d8fb47df51df-132802756511616","trial_id":60,"param_name":"n","param_value_internal":2,"distribution":"{\"name\": \"CategoricalDistribution\", \"attributes\": {\"choices\": [16, 32, 64, 128, 256]}}"}
{"op_code":5,"worker_id":"c750b157-6928-49ad-a4ef-d8fb47df51df-132802756511616","trial_id":60,"param_name":"k","param_value_internal":1,"distribution":"{\"name\": \"CategoricalDistribution\", \"attributes\": {\"choices\": [16, 32, 64, 128]}}"}
{"op_code":5,"worker_id":"c750b157-6928-49ad-a4ef-d8fb47df51df-132802756511616","trial_id":60,"param_name":"gx","param_value_internal":2,"distribution":"{\"name\": \"CategoricalDistribution\", \"attributes\": {\"choices\": [1, 2, 4, 8]}}"}
{"op_code":5,"worker_id":"c750b157-6928-49ad-a4ef-d8fb47df51df-132802756511616","trial_id":60,"param_name":"gy","param_value_internal":1,"distribution":"{\"name\": \"CategoricalDistribution\", \"attributes\": {\"choices\": [1, 2, 4, 8]}}"}
{"op_code":5,"worker_id":"c750b157-6928-49ad-a4ef-d8fb47df51df-132802756511616","trial_id":60,"param_name":"sub","param_value_internal":0,"distribution":"{\"name\": \"CategoricalDistribution\", \"attributes\": {\"choices\": [32]}}"}
{"op_code":6,"worker_id":"c750b157-6928-49ad-a4ef-d8fb47df51df-132802756511616","trial_id":60,"state":2,"values":null,"datetime_complete":"2026-09-17T21:40:14.427488+00:00"}
{"op_code":4,"worker_id":"c750b157-6928-49ad-a4ef-d8fb47df51df-132802756511616","study_id":0,"datetime_start":"2026-09-17T21:40:14.429106+00:00"}
{"op_code":9,"worker_id":"c750b157-6928-49ad-a4ef-d8fb47df51df-132802756511616","trial_id":61,"system_attr":{"tpe:relative_params:0":"{\"gx\": 1, \"gy\": 1, \"k\": 32, \"m\": 32, \"n\": 32}"}}
{"op_code":5,"worker_id":"c750b157-6928-49ad-a4ef-d8fb47df51df-132802756511616","trial_id":61,"param_name":"m","param_value_internal":1,"distribution":"{\"name\": \"CategoricalDistribution\", \"attributes\": {\"choices\": [16, 32, 64, 128, 256]}}"}
{"op_code":5,"worker_id":"c750b157-6928-49ad-a4ef-d8fb47df51df-132802756511616","trial_id":61,"param_name":"n","param_value_internal":1,"distribution":"{\"name\": \"CategoricalDistribution\", \"attributes\": {\"choices\": [16, 32, 64, 128, 256]}}"}
{"op_code":5,"worker_id":"c750b157-6928-49ad-a4ef-d8fb47df51df-132802756511616","trial_id":61,"param_name":"k","param_value_internal":1,"distribution":"{\"name\": \"CategoricalDistribution\", \"attributes\": {\"choices\": [16, 32, 64, 128]}}"}
{"op_code":5,"worker_id":"c750b157-6928-49ad-a4ef-d8fb47df51df-132802756511616","trial_id":61,"param_name":"gx","param_value_internal":0,"distribution":"{\"name\": \"CategoricalDistribution\", \"attributes\": {\"choices\": [1, 2, 4, 8]}}"}
{"op_code":5,"worker_id":"c750b157-6928-49ad-a4ef-d8fb47df51df-132802756511616","trial_id":61,"param_name":"gy","param_value_internal":0,"distribution":"{\"name\": \"CategoricalDistribution\", \"attributes\": {\"choices\": [1, 2, 4, 8]}}"}
{"op_code":5,"worker_id":"c750b157-6928-49ad-a4ef-d8fb47df51df-132802756511616","trial_id":61,"param_name":"sub","param_value_internal":0,"distribution":"{\"name\": \"CategoricalDistribution\", \"attributes\": {\"choices\": [32]}}"}
{"op_code":6,"worker_id":"c750b157-6928-49ad-a4ef-d8fb47df51df-132802756511616","trial_id":61,"state":2,"values":null,"datetime_complete":"2026-09-17T21:40:14.442926+00:00"}
{"op_code":4,"worker_id":"c750b157-6928-49ad-a4ef-d8fb47df51df-132802756511616","study_id":0,"datetime_start":"2026-09-17T21:40:14.444626+00:00"}
{"op_code":9,"worker_id":"c750b157-6928-49ad-a4ef-d8fb47df51df-132802756511616","trial_id":62,"system_attr":{"tpe:relative_params:0":"{\"gx\": 4, \"gy\": 1, \"k\": 128, \"m\": 64, \"n\": 128}"}}
{"op_code":5,"worker_id":"c750b157-6928-49ad-a4ef-d8fb47df51df-132802756511616","trial_id":62,"param_name":"m","param_value_internal":2,"distribution":"{\"name\": \"CategoricalDistribution\", \"attributes\": {\"choices\": [16, 32, 64, 128, 256]}}"}
{"op_code":5,"worker_id":"c750b157-6928-49ad-a4ef-d8fb47df51df-132802756511616","trial_id":62,"param_name":"n","param_value_internal":3,"distribution":"{\"name\": \"CategoricalDistribution\", \"attributes\": {\"choices\": [16, 32, 64, 128, 256]}}"}
{"op_code":5,"worker_id":"c750b157-6928-49ad-a4ef-d8fb47df51df-132802756511616","trial_id":62,"param_name":"k","param_value_internal":3,"distribution":"{\"name\": \"CategoricalDistribution\", \"attributes\": {\"choices\": [16, 32, 64, 128]}}"}
{"op_code":5,"worker_id":"c750b157-6928-49ad-a4ef-d8fb47df51df-132802756511616","trial_id":62,"param_name":"gx","param_value_internal":2,"distribution":"{\"name\": \"CategoricalDistribution\", \"attributes\": {\"choices\": [1, 2, 4, 8]}}"}
{"op_code":5,"worker_id":"c750b157-6928-49ad-a4ef-d8fb47df51df-132802756511616","trial_id":62,"param_name":"gy","param_value_internal":0,"distribution":"{\"name\": \"CategoricalDistribution\", \"attributes\": {\"choices\": [1, 2, 4, 8]}}"}
{"op_code":5,"worker_id":"c750b157-6928-49ad-a4ef-d8fb47df51df-132802756511616","trial_id":62,"param_name":"sub","param_value_internal":0,"distribution":"{\"name\": \"CategoricalDistribution\", \"attributes\": {\"choices\": [32]}}"}
{"op_code":6,"worker_id":"c750b157-6928-49ad-a4ef-d8fb47df51df-132802756511616","trial_id":62,"state":2,"values":null,"datetime_complete":"2026-09-17T21:40:14.458864+00:00"}
{"op_code":4,"worker_id":"c750b157-6928-49ad-a4ef-d8fb47df51df-132802756511616","study_id":0,"datetime_start":"2026-09-17T21:40:14.460615+00:00"}
{"op_code":9,"worker_id":"c750b157-6928-49ad-a4ef-d8fb47df51df-132802756511616","trial_id":63,"system_attr":{"tpe:relative_params:0":"{\"gx\": 1, \"gy\": 2, \"k\": 32, \"m\": 32, \"n\": 128}"}}
{"op_code":5,"worker_id":"c750b157-6928-49ad-a4ef-d8fb47df51df-132802756511616","trial_id":63,"param_name":"m","param_value_internal":1,"distribution":"{\"name\": \"CategoricalDistribution\", \"attributes\": {\"choices\": [16, 32, 64, 128, 256]}}"}
{"op_code":5,"worker_id":"c750b157-6928-49ad-a4ef-d8fb47df51df-132802756511616","trial_id":63,"param_name":"n","param_value_internal":3,"distribution":"{\"name\": \"CategoricalDistribution\", \"attributes\": {\"choices\": [16, 32, 64, 128, 256]}}"}
{"op_code":5,"worker_id":"c750b157-6928-49ad-a4ef-d8fb47df51df-132802756511616","trial_id":63,"param_name":"k","param_value_internal":1,"distribution":"{\"name\": \"CategoricalDistribution\", \"attributes\": {\"choices\": [16, 32, 64, 128]}}"}
{"op_code":5,"worker_id":"c750b157-6928-49ad-a4ef-d8fb47df51df-132802756511616","trial_id":63,"param_name":"gx","param_value_internal":0,"distribution":"{\"name\": \"CategoricalDistribution\", \"attributes\": {\"choices\": [1, 2, 4, 8]}}"}
{"op_code":5,"worker_id":"c750b157-6928-49ad-a4ef-d8fb47df51df-132802756511616","trial_id":63,"param_name":"gy","param_value_internal":1,"distribution":"{\"name\": \"CategoricalDistribution\", \"attributes\": {\"choices\": [1, 2, 4, 8]}}"}
{"op_code":5,"worker_id":"c750b157-6928-49ad-a4ef-d8fb47df51df-132802756511616","trial_id":63,"param_name":"sub","param_value_internal":0,"distribution":"{\"name\": \"CategoricalDistribution\", \"attributes\": {\"choices\": [32]}}"}
{"op_code":8,"worker_id":"c750b157-6928-49ad-a4ef-d8fb47df51df-132802756511616","trial_id":63,"user_attr":{"token":"tsweep_t32x128k32g12s32"}}
{"op_code":4,"worker_id":"c750b157-6928-49ad-a4ef-d8fb47df51df-132802756511616","study_id":0,"datetime_start":"2026-09-17T21:40:14.475563+00:00"}
{"op_code":9,"worker_id":"c750b157-6928-49ad-a4ef-d8fb47df51df-132802756511616","trial_id":64,"system_attr":{"tpe:relative_params:0":"{\"gx\": 2, \"gy\": 2, \"k\": 32, \"m\": 256, \"n\": 256}"}}
{"op_code":5,"worker_id":"c750b157-6928-49ad-a4ef-d8fb47df51df-132802756511616","trial_id":64,"param_name":"m","param_value_internal":4,"distribution":"{\"name\": \"CategoricalDistribution\", \"attributes\": {\"choices\": [16, 32, 64, 128, 256]}}"}
{"op_code":5,"worker_id":"c750b157-6928-49ad-a4ef-d8fb47df51df-132802756511616","trial_id":64,"param_name":"n","param_value_internal":4,"distribution":"{\"name\": \"CategoricalDistribution\", \"attributes\": {\"choices\": [16, 32, 64, 128, 256]}}"}
{"op_code":5,"worker_id":"c750b157-6928-49ad-a4ef-d8fb47df51df-132802756511616","trial_id":64,"param_name":"k","param_value_internal":1,"distribution":"{\"name\": \"CategoricalDistribution\", \"attributes\": {\"choices\": [16, 32, 64, 128]}}"}
{"op_code":5,"worker_id":"c750b157-6928-49ad-a4ef-d8fb47df51df-132802756511616","trial_id":64,"param_name":"gx","param_value_internal":1,"distribution":"{\"name\": \"CategoricalDistribution\", \"attributes\": {\"choices\": [1, 2, 4, 8]}}"}
{"op_code":5,"worker_id":"c750b157-6928-49ad-a4ef-d8fb47df51df-132802756511616","trial_id":64,"param_name":"gy","param_value_internal":1,"distribution":"{\"name\": \"CategoricalDistribution\", \"attributes\": {\"choices\": [1, 2, 4, 8]}}"}
{"op_code":5,"worker_id":"c750b157-6928-49ad-a4ef-d8fb47df51df-132802756511616","trial_id":64,"param_name":"sub","param_value_internal":0,"distribution":"{\"name\": \"CategoricalDistribution\", \"attributes\": {\"choices\": [32]}}"}
{"op_code":6,"worker_id":"c750b157-6928-49ad-a4ef-d8fb47df51df-132802756511616","trial_id":64,"state":2,"values":null,"datetime_complete":"2026-09-17T21:40:14.488932+00:00"}
{"op_code":4,"worker_id":"c750b157-6928-49ad-a4ef-d8fb47df51df-132802756511616","study_id":0,"datetime_start":"2026-09-17T21:40:14.490518+00:00"}
{"op_code":9,"worker_id":"c750b157-6928-49ad-a4ef-d8fb47df51df-132802756511616","trial_id":65,"system_attr":{"tpe:relative_params:0":"{\"gx\": 1, \"gy\": 1, \"k\": 16, \"m\": 128, \"n\": 16}"}}
{"op_code":5,"worker_id":"c750b157-6928-49ad-a4ef-d8fb47df51df-132802756511616","trial_id":65,"param_name":"m","param_value_internal":3,"distribution":"{\"name\": \"CategoricalDistribution\", \"attributes\": {\"choices\": [16, 32, 64, 128, 256]}}"}
{"op_code":5,"worker_id":"c750b157-6928-49ad-a4ef-d8fb47df51df-132802756511616","trial_id":65,"param_name":"n","param_value_internal":0,"distribution":"{\"name\": \"CategoricalDistribution\", \"attributes\": {\"choices\": [16, 32, 64, 128, 256]}}"}
{"op_code":5,"worker_id":"c750b157-6928-49ad-a4ef-d8fb47df51df-132802756511616","trial_id":65,"param_name":"k","param_value_internal":0,"distribution":"{\"name\": \"CategoricalDistribution\", \"attributes\": {\"choices\": [16, 32, 64, 128]}}"}
{"op_code":5,"worker_id":"c750b157-6928-49ad-a4ef-d8fb47df51df-132802756511616","trial_id":65,"param_name":"gx","param_value_internal":0,"distribution":"{\"name\": \"CategoricalDistribution\", \"attributes\": {\"choices\": [1, 2, 4, 8]}}"}
{"op_code":5,"worker_id":"c750b157-6928-49ad-a4ef-d8fb47df51df-132802756511616","trial_id":65,"param_name":"gy","param_value_internal":0,"distribution":"{\"name\": \"CategoricalDistribution\", \"attributes\": {\"choices\": [1, 2, 4, 8]}}"}
{"op_code":5,"worker_id":"c750b157-6928-49ad-a4ef-d8fb47df51df-132802756511616","trial_id":65,"param_name":"sub","param_value_internal":0,"distribution":"{\"name\": \"CategoricalDistribution\", \"attributes\": {\"choices\": [32]}}"}
{"op_code":8,"worker_id":"c750b157-6928-49ad-a4ef-d8fb47df51df-132802756511616","trial_id":65,"user_attr":{"token":"tsweep_t128x16k16g11s32"}}
{"op_code":4,"worker_id":"c750b157-6928-49ad-a4ef-d8fb47df51df-132802756511616","study_id":0,"datetime_start":"2026-09-17T21:40:14.505624+00:00"}
{"op_code":9,"worker_id":"c750b157-6928-49ad-a4ef-d8fb47df51df-132802756511616","trial_id":66,"system_attr":{"tpe:relative_params:0":"{\"gx\": 1, \"gy\": 1, \"k\": 16, \"m\": 16, \"n\": 32}"}}
{"op_code":5,"worker_id":"c750b157-6928-49ad-a4ef-d8fb47df51df-132802756511616","trial_id":66,"param_name":"m","param_value_internal":0,"distribution":"{\"name\": \"CategoricalDistribution\", \"attributes\": {\"choices\": [16, 32, 64, 128, 256]}}"}
{"op_code":5,"worker_id":"c750b157-6928-49ad-a4ef-d8fb47df51df-132802756511616","trial_id":66,"param_name":"n","param_value_internal":1,"distribution":"{\"name\": \"CategoricalDistribution\", \"attributes\": {\"choices\": [16, 32, 64, 128, 256]}}"}
{"op_code":5,"worker_id":"c750b157-6928-49ad-a4ef-d8fb47df51df-132802756511616","trial_id":66,"param_name":"k","param_value_internal":0,"distribution":"{\"name\": \"CategoricalDistribution\", \"attributes\": {\"choices\": [16, 32, 64, 128]}}"}
{"op_code":5,"worker_id":"c750b157-6928-49ad-a4ef-d8fb47df51df-132802756511616","trial_id":66,"param_name":"gx","param_value_internal":0,"distribution":"{\"name\": \"CategoricalDistribution\", \"attributes\": {\"choices\": [1, 2, 4, 8]}}"}
{"op_code":5,"worker_id":"c750b157-6928-49ad-a4ef-d8fb47df51df-132802756511616","trial_id":66,"param_name":"gy","param_value_internal":0,"distribution":"{\"name\": \"CategoricalDistribution\", \"attributes\": {\"choices\": [1, 2, 4, 8]}}"}
{"op_code":5,"worker_id":"c750b157-6928-49ad-a4ef-d8fb47df51df-132802756511616","trial_id":66,"param_name":"sub","param_value_internal":0,"distribution":"{\"name\": \"CategoricalDistribution\", \"attributes\": {\"choices\": [32]}}"}
{"op_code":8,"worker_id":"c750b157-6928-49ad-a4ef-d8fb47df51df-132802756511616","trial_id":66,"user_attr":{"token":"tsweep_t16x32k16g11s32"}}
{"op_code":4,"worker_id":"c750b157-6928-49ad-a4ef-d8fb47df51df-132802756511616","study_id":0,"datetime_start":"2026-09-17T21:40:14.521616+00:00"}
{"op_code":9,"worker_id":"c750b157-6928-49ad-a4ef-d8fb47df51df-132802756511616","trial_id":67,"system_attr":{"tpe:relative_params:0":"{\"gx\": 4, \"gy\": 1, \"k\": 64, \"m\": 256, \"n\": 64}"}}
{"op_code":5,"worker_id":"c750b157-6928-49ad-a4ef-d8fb47df51df-132802756511616","trial_id":67,"param_name":"m","param_value_internal":4,"distribution":"{\"name\": \"CategoricalDistribution\", \"attributes\": {\"choices\": [16, 32, 64, 128, 256]}}"}
{"op_code":5,"worker_id":"c750b157-6928-49ad-a4ef-d8fb47df51df-132802756511616","trial_id":67,"param_name":"n","param_value_internal":2,"distribution":"{\"name\": \"CategoricalDistribution\", \"attributes\": {\"choices\": [16, 32, 64, 128, 256]}}"}
{"op_code":5,"worker_id":"c750b157-6928-49ad-a4ef-d8fb47df51df-132802756511616","trial_id":67,"param_name":"k","param_value_internal":2,"distribution":"{\"name\": \"CategoricalDistribution\", \"attributes\": {\"choices\": [16, 32, 64, 128]}}"}
{"op_code":5,"worker_id":"c750b157-6928-49ad-a4ef-d8fb47df51df-132802756511616","trial_id":67,"param_name":"gx","param_value_internal":2,"distribution":"{\"name\": \"CategoricalDistribution\", \"attributes\": {\"choices\": [1, 2, 4, 8]}}"}
{"op_code":5,"worker_id":"c750b157-6928-49ad-a4ef-d8fb47df51df-132802756511616","trial_id":67,"param_name":"gy","param_value_internal":0,"distribution":"{\"name\": \"CategoricalDistribution\", \"attributes\": {\"choices\": [1, 2, 4, 8]}}"}
{"op_code":5,"worker_id":"c750b157-6928-49ad-a4ef-d8fb47df51df-132802756511616","trial_id":67,"param_name":"sub","param_value_internal":0,"distribution":"{\"name\": \"CategoricalDistribution\", \"attributes\": {\"choices\": [32]}}"}
{"op_code":6,"worker_id":"c750b157-6928-49ad-a4ef-d8fb47df51df-132802756511616","trial_id":67,"state":2,"values":null,"datetime_complete":"2026-09-17T21:40:14.534849+00:00"}
{"op_code":4,"worker_id":"c750b157-6928-49ad-a4ef-d8fb47df51df-132802756511616","study_id":0,"datetime_start":"2026-09-17T21:40:14.536463+00:00"}
{"op_code":9,"worker_id":"c750b157-6928-49ad-a4ef-d8fb47df51df-132802756511616","trial_id":68,"system_attr":{"tpe:relative_params:0":"{\"gx\": 1, \"gy\": 8, \"k\": 64, \"m\": 32, \"n\": 32}"}}
{"op_code":5,"worker_id":"c750b157-6928-49ad-a4ef-d8fb47df51df-132802756511616","trial_id":68,"param_name":"m","param_value_internal":1,"distribution":"{\"name\": \"CategoricalDistribution\", \"attributes\": {\"choices\": [16, 32, 64, 128, 256]}}"}
{"op_code":5,"worker_id":"c750b157-6928-49ad-a4ef-d8fb47df51df-132802756511616","trial_id":68,"param_name":"n","param_value_internal":1,"distribution":"{\"name\": \"CategoricalDistribution\", \"attributes\": {\"choices\": [16, 32, 64, 128, 256]}}"}
{"op_code":5,"worker_id":"c750b157-6928-49ad-a4ef-d8fb47df51df-132802756511616","trial_id":68,"param_name":"k","param_value_internal":2,"distribution":"{\"name\": \"CategoricalDistribution\", \"attributes\": {\"choices\": [16, 32, 64, 128]}}"}
{"op_code":5,"worker_id":"c750b157-6928-49ad-a4ef-d8fb47df51df-132802756511616","trial_id":68,"param_name":"gx","param_value_internal":0,"distribution":"{\"name\": \"CategoricalDistribution\", \"attributes\": {\"choices\": [1, 2, 4, 8]}}"}
{"op_code":5,"worker_id":"c750b157-6928-49ad-a4ef-d8fb47df51df-132802756511616","trial_id":68,"param_name":"gy","param_value_internal":3,"distribution":"{\"name\": \"CategoricalDistribution\", \"attributes\": {\"choices\": [1, 2, 4, 8]}}"}
{"op_code":5,"worker_id":"c750b157-6928-49ad-a4ef-d8fb47df51df-132802756511616","trial_id":68,"param_name":"sub","param_value_internal":0,"distribution":"{\"name\": \"CategoricalDistribution\", \"attributes\": {\"choices\": [32]}}"}
{"op_code":6,"worker_id":"c750b157-6928-49ad-a4ef-d8fb47df51df-132802756511616","trial_id":68,"state":2,"values":null,"datetime_complete":"2026-09-17T21:40:14.549900+00:00"}
{"op_code":4,"worker_id":"c750b157-6928-49ad-a4ef-d8fb47df51df-132802756511616","study_id":0,"datetime_start":"2026-09-17T21:40:14.551610+00:00"}
{"op_code":9,"worker_id":"c750b157-6928-49ad-a4ef-d8fb47df51df-132802756511616","trial_id":69,"system_attr":{"tpe:relative_params:0":"{\"gx\": 1, \"gy\": 4, \"k\": 32, \"m\": 128, \"n\": 64}"}}
{"op_code":5,"worker_id":"c750b157-6928-49ad-a4ef-d8fb47df51df-132802756511616","trial_id":69,"param_name":"m","param_value_internal":3,"distribution":"{\"name\": \"CategoricalDistribution\", \"attributes\": {\"choices\": [16, 32, 64, 128, 256]}}"}
{"op_code":5,"worker_id":"c750b157-6928-49ad-a4ef-d8fb47df51df-132802756511616","trial_id":69,"param_name":"n","param_value_internal":2,"distribution":"{\"name\": \"CategoricalDistribution\", \"attributes\": {\"choices\": [16, 32, 64, 128, 256]}}"}
{"op_code":5,"worker_id":"c750b157-6928-49ad-a4ef-d8fb47df51df-132802756511616","trial_id":69,"param_name":"k","param_value_internal":1,"distribution":"{\"name\": \"CategoricalDistribution\", \"attributes\": {\"choices\": [16, 32, 64, 128]}}"}
{"op_code":5,"worker_id":"c750b157-6928-49ad-a4ef-d8fb47df51df-132802756511616","trial_id":69,"param_name":"gx","param_value_internal":0,"distribution":"{\"name\": \"CategoricalDistribution\", \"attributes\": {\"choices\": [1, 2, 4, 8]}}"}
{"op_code":5,"worker_id":"c750b157-6928-49ad-a4ef-d8fb47df51df-132802756511616","trial_id":69,"param_name":"gy","param_value_internal":2,"distribution":"{\"name\": \"CategoricalDistribution\", \"attributes\": {\"choices\": [1, 2, 4, 8]}}"}
{"op_code":5,"worker_id":"c750b157-6928-49ad-a4ef-d8fb47df51df-132802756511616","trial_id":69,"param_name":"sub","param_value_internal":0,"distribution":"{\"name\": \"CategoricalDistribution\", \"attributes\": {\"choices\": [32]}}"}
{"op_code":8,"worker_id":"c750b157-6928-49ad-a4ef-d8fb47df51df-132802756511616","trial_id":69,"user_attr":{"token":"tsweep_t128x64k32g14s32"}}
{"op_code":4,"worker_id":"c750b157-6928-49ad-a4ef-d8fb47df51df-132802756511616","study_id":0,"datetime_start":"2026-09-17T21:40:14.567015+00:00"}
{"op_code":9,"worker_id":"c750b157-6928-49ad-a4ef-d8fb47df51df-132802756511616","trial_id":70,"system_attr":{"tpe:relative_params:0":"{\"gx\": 1, \"gy\": 1, \"k\": 128, \"m\": 32, \"n\": 256}"}}
{"op_code":5,"worker_id":"c750b157-6928-49ad-a4ef-d8fb47df51df-132802756511616","trial_id":70,"param_name":"m","param_value_internal":1,"distribution":"{\"name\": \"CategoricalDistribution\", \"attributes\": {\"choices\": [16, 32, 64, 128, 256]}}"}
{"op_code":5,"worker_id":"c750b157-6928-49ad-a4ef-d8fb47df51df-132802756511616","trial_id":70,"param_name":"n","param_value_internal":4,"distribution":"{\"name\": \"CategoricalDistribution\", \"attributes\": {\"choices\": [16, 32, 64, 128, 256]}}"}
{"op_code":5,"worker_id":"c750b157-6928-49ad-a4ef-d8fb47df51df-132802756511616","trial_id":70,"param_name":"k","param_value_internal":3,"distribution":"{\"name\": \"CategoricalDistribution\", \"attributes\": {\"choices\": [16, 32, 64, 128]}}"}
{"op_code":5,"worker_id":"c750b157-6928-49ad-a4ef-d8fb47df51df-132802756511616","trial_id":70,"param_name":"gx","param_value_internal":0,"distribution":"{\"name\": \"CategoricalDistribution\", \"attributes\": {\"choices\": [1, 2, 4, 8]}}"}
{"op_code":5,"worker_id":"c750b157-6928-49ad-a4ef-d8fb47df51df-132802756511616","trial_id":70,"param_name":"gy","param_value_internal":0,"distribution":"{\"name\": \"CategoricalDistribution\", \"attributes\": {\"choices\": [1, 2, 4, 8]}}"}
{"op_code":5,"worker_id":"c750b157-6928-49ad-a4ef-d8fb47df51df-132802756511616","trial_id":70,"param_name":"sub","param_value_internal":0,"distribution":"{\"name\": \"CategoricalDistribution\", \"attributes\": {\"choices\": [32]}}"}
{"op_code":6,"worker_id":"c750b157-6928-49ad-a4ef-d8fb47df51df-132802756511616","trial_id":70,"state":2,"values":null,"datetime_complete":"2026-09-17T21:40:14.580881+00:00"}
{"op_code":4,"worker_id":"c750b157-6928-49ad-a4ef-d8fb47df51df-132802756511616","study_id":0,"datetime_start":"2026-09-17T21:40:14.582646+00:00"}
{"op_code":9,"worker_id":"c750b157-6928-49ad-a4ef-d8fb47df51df-132802756511616","trial_id":71,"system_attr":{"tpe:relative_params:0":"{\"gx\": 4, \"gy\": 1, \"k\": 32, \"m\": 128, \"n\": 32}"}}
{"op_code":5,"worker_id":"c750b157-6928-49ad-a4ef-d8fb47df51df-132802756511616","trial_id":71,"param_name":"m","param_value_internal":3,"distribution":"{\"name\": \"CategoricalDistribution\", \"attributes\": {\"choices\": [16, 32, 64, 128, 256]}}"}
{"op_code":5,"worker_id":"c750b157-6928-49ad-a4ef-d8fb47df51df-132802756511616","trial_id":71,"param_name":"n","param_value_internal":1,"distribution":"{\"name\": \"CategoricalDistribution\", \"attributes\": {\"choices\": [16, 32, 64, 128, 256]}}"}
{"op_code":5,"worker_id":"c750b157-6928-49ad-a4ef-d8fb47df51df-132802756511616","trial_id":71,"param_name":"k","param_value_internal":1,"distribution":"{\"name\": \"CategoricalDistribution\", \"attributes\": {\"choices\": [16, 32, 64, 128]}}"}
{"op_code":5,"worker_id":"c750b157-6928-49ad-a4ef-d8fb47df51df-132802756511616","trial_id":71,"param_name":"gx","param_value_internal":2,"distribution":"{\"name\": \"CategoricalDistribution\", \"attributes\": {\"choices\": [1, 2, 4, 8]}}"}
{"op_code":5,"worker_id":"c750b157-6928-49ad-a4ef-d8fb47df51df-132802756511616","trial_id":71,"param_name":"gy","param_value_internal":0,"distribution":"{\"name\": \"CategoricalDistribution\", \"attributes\": {\"choices\": [1, 2, 4, 8]}}"}
{"op_code":5,"worker_id":"c750b157-6928-49ad-a4ef-d8fb47df51df-132802756511616","trial_id":71,"param_name":"sub","param_value_internal":0,"distribution":"{\"name\": \"CategoricalDistribution\", \"attributes\": {\"choices\": [32]}}"}
{"op_code":6,"worker_id":"c750b157-6928-49ad-a4ef-d8fb47df51df-132802756511616","trial_id":71,"state":2,"values":null,"datetime_complete":"2026-09-17T21:40:14.597000+00:00"}
{"op_code":4,"worker_id":"c750b157-6928-49ad-a4ef-d8fb47df51df-132802756511616","study_id":0,"datetime_start":"2026-09-17T21:40:14.598672+00:00"}
{"op_code":9,"worker_id":"c750b157-6928-49ad-a4ef-d8fb47df51df-132802756511616","trial_id":72,"system_attr":{"tpe:relative_params:0":"{\"gx\": 2, \"gy\": 4, \"k\": 32, \"m\": 32, \"n\": 32}"}}
{"op_code":5,"worker_id":"c750b157-6928-49ad-a4ef-d8fb47df51df-132802756511616","trial_id":72,"param_name":"m","param_value_internal":1,"distribution":"{\"name\": \"CategoricalDistribution\", \"attributes\": {\"choices\": [16, 32, 64, 128, 256]}}"}
{"op_code":5,"worker_id":"c750b157-6928-49ad-a4ef-d8fb47df51df-132802756511616","trial_id":72,"param_name":"n","param_value_internal":1,"distribution":"{\"name\": \"CategoricalDistribution\", \"attributes\": {\"choices\": [16, 32, 64, 128, 256]}}"}
{"op_code":5,"worker_id":"c750b157-6928-49ad-a4ef-d8fb47df51df-132802756511616","trial_id":72,"param_name":"k","param_value_internal":1,"distribution":"{\"name\": \"CategoricalDistribution\", \"attributes\": {\"choices\": [16, 32, 64, 128]}}"}
{"op_code":5,"worker_id":"c750b157-6928-49ad-a4ef-d8fb47df51df-132802756511616","trial_id":72,"param_name":"gx","param_value_internal":1,"distribution":"{\"name\": \"CategoricalDistribution\", \"attributes\": {\"choices\": [1, 2, 4, 8]}}"}
{"op_code":5,"worker_id":"c750b157-6928-49ad-a4ef-d8fb47df51df-132802756511616","trial_id":72,"param_name":"gy","param_value_internal":2,"distribution":"{\"name\": \"CategoricalDistribution\", \"attributes\": {\"choices\": [1, 2, 4, 8]}}"}
{"op_code":5,"worker_id":"c750b157-6928-49ad-a4ef-d8fb47df51df-132802756511616","trial_id":72,"param_name":"sub","param_value_internal":0,"distribution":"{\"name\": \"CategoricalDistribution\", \"attributes\": {\"choices\": [32]}}"}
{"op_code":6,"worker_id":"c750b157-6928-49ad-a4ef-d8fb47df51df-132802756511616","trial_id":72,"state":2,"values":null,"datetime_complete":"2026-09-17T21:40:14.612257+00:00"}
{"op_code":4,"worker_id":"c750b157-6928-49ad-a4ef-d8fb47df51df-132802756511616","study_id":0,"datetime_start":"2026-09-17T21:40:14.613880+00:00"}
{"op_code":9,"worker_id":"c750b157-6928-49ad-a4ef-d8fb47df51df-132802756511616","trial_id":73,"system_attr":{"tpe:relative_params:0":"{\"gx\": 2, \"gy\": 2, \"k\": 16, \"m\": 128, \"n\": 256}"}}
{"op_code":5,"worker_id":"c750b157-6928-49ad-a4ef-d8fb47df51df-132802756511616","trial_id":73,"param_name":"m","param_value_internal":3,"distribution":"{\"name\": \"CategoricalDistribution\", \"attributes\": {\"choices\": [16, 32, 64, 128, 256]}}"}
{"op_code":5,"worker_id":"c750b157-6928-49ad-a4ef-d8fb47df51df-132802756511616","trial_id":73,"param_name":"n","param_value_internal":4,"distribution":"{\"name\": \"CategoricalDistribution\", \"attributes\": {\"choices\": [16, 32, 64, 128, 256]}}"}
{"op_code":5,"worker_id":"c750b157-6928-49ad-a4ef-d8fb47df51df-132802756511616","trial_id":73,"param_name":"k","param_value_internal":0,"distribution":"{\"name\": \"CategoricalDistribution\", \"attributes\": {\"choices\": [16, 32, 64, 128]}}"}
{"op_code":5,"worker_id":"c750b157-6928-49ad-a4ef-d8fb47df51df-132802756511616","trial_id":73,"param_name":"gx","param_value_internal":1,"distribution":"{\"name\": \"CategoricalDistribution\", \"attributes\": {\"choices\": [1, 2, 4, 8]}}"}
{"op_code":5,"worker_id":"c750b157-6928-49ad-a4ef-d8fb47df51df-132802756511616","trial_id":73,"param_name":"gy","param_value_internal":1,"distribution":"{\"name\": \"CategoricalDistribution\", \"attributes\": {\"choices\": [1, 2, 4, 8]}}"}
{"op_code":5,"worker_id":"c750b157-6928-49ad-a4ef-d8fb47df51df-132802756511616","trial_id":73,"param_name":"sub","param_value_internal":0,"distribution":"{\"name\": \"CategoricalDistribution\", \"attributes\": {\"choices\": [32]}}"}
{"op_code":8,"worker_id":"c750b157-6928-49ad-a4ef-d8fb47df51df-132802756511616","trial_id":73,"user_attr":{"token":"tsweep_t128x256k16g22s32"}}
{"op_code":4,"worker_id":"c750b157-6928-49ad-a4ef-d8fb47df51df-132802756511616","study_id":0,"datetime_start":"2026-09-17T21:40:14.628980+00:00"}
{"op_code":9,"worker_id":"c750b157-6928-49ad-a4ef-d8fb47df51df-132802756511616","trial_id":74,"system_attr":{"tpe:relative_params:0":"{\"gx\": 1, \"gy\": 1, \"k\": 64, \"m\": 64, \"n\": 64}"}}
{"op_code":5,"worker_id":"c750b157-6928-49ad-a4ef-d8fb47df51df-132802756511616","trial_id":74,"param_name":"m","param_value_internal":2,"distribution":"{\"name\": \"CategoricalDistribution\", \"attributes\": {\"choices\": [16, 32, 64, 128, 256]}}"}
{"op_code":5,"worker_id":"c750b157-6928-49ad-a4ef-d8fb47df51df-132802756511616","trial_id":74,"param_name":"n","param_value_internal":2,"distribution":"{\"name\": \"CategoricalDistribution\", \"attributes\": {\"choices\": [16, 32, 64, 128, 256]}}"}
{"op_code":5,"worker_id":"c750b157-6928-49ad-a4ef-d8fb47df51df-132802756511616","trial_id":74,"param_name":"k","param_value_internal":2,"distribution":"{\"name\": \"CategoricalDistribution\", \"attributes\": {\"choices\": [16, 32, 64, 128]}}"}
{"op_code":5,"worker_id":"c750b157-6928-49ad-a4ef-d8fb47df51df-132802756511616","trial_id":74,"param_name":"gx","param_value_internal":0,"distribution":"{\"name\": \"CategoricalDistribution\", \"attributes\": {\"choices\": [1, 2, 4, 8]}}"}
{"op_code":5,"worker_id":"c750b157-6928-49ad-a4ef-d8fb47df51df-132802756511616","trial_id":74,"param_name":"gy","param_value_internal":0,"distribution":"{\"name\": \"CategoricalDistribution\", \"attributes\": {\"choices\": [1, 2, 4, 8]}}"}
{"op_code":5,"worker_id":"c750b157-6928-49ad-a4ef-d8fb47df51df-132802756511616","trial_id":74,"param_name":"sub","param_value_internal":0,"distribution":"{\"name\": \"CategoricalDistribution\", \"attributes\": {\"choices\": [32]}}"}
{"op_code":8,"worker_id":"c750b157-6928-49ad-a4ef-d8fb47df51df-132802756511616","trial_id":74,"user_attr":{"token":"tsweep_t64x64k64g11s32"}}
{"op_code":6,"worker_id":"c750b157-6928-49ad-a4ef-d8fb47df51df-132802756511616","trial_id":18,"state":1,"values":[18703.6],"datetime_complete":"2026-09-17T21:40:37.963719+00:00"}
{"op_code":6,"worker_id":"c750b157-6928-49ad-a4ef-d8fb47df51df-132802756511616","trial_id":22,"state":1,"values":[16516.1],"datetime_complete":"2026-09-17T21:40:45.259929+00:00"}
{"op_code":6,"worker_id":"c750b157-6928-49ad-a4ef-d8fb47df51df-132802756511616","trial_id":29,"state":2,"values":null,"datetime_complete":"2026-09-17T21:40:48.037058+00:00"}
{"op_code":6,"worker_id":"c750b157-6928-49ad-a4ef-d8fb47df51df-132802756511616","trial_id":31,"state":1,"values":[18123.9],"datetime_complete":"2026-09-17T21:40:55.197614+00:00"}
{"op_code":6,"worker_id":"c750b157-6928-49ad-a4ef-d8fb47df51df-132802756511616","trial_id":34,"state":1,"values":[8480.369999999999],"datetime_complete":"2026-09-17T21:41:07.540639+00:00"}
{"op_code":6,"worker_id":"c750b157-6928-49ad-a4ef-d8fb47df51df-132802756511616","trial_id":44,"state":1,"values":[19504.8],"datetime_complete":"2026-09-17T21:41:14.935426+00:00"}
{"op_code":6,"worker_id":"c750b157-6928-49ad-a4ef-d8fb47df51df-132802756511616","trial_id":45,"state":1,"values":[15814.9],"datetime_complete":"2026-09-17T21:41:22.191769+00:00"}
{"op_code":6,"worker_id":"c750b157-6928-49ad-a4ef-d8fb47df51df-132802756511616","trial_id":46,"state":1,"values":[12337.3],"datetime_complete":"2026-09-17T21:41:32.119903+00:00"}
{"op_code":6,"worker_id":"c750b157-6928-49ad-a4ef-d8fb47df51df-132802756511616","trial_id":47,"state":1,"values":[16126.0],"datetime_complete":"2026-09-17T21:41:38.761168+00:00"}
{"op_code":6,"worker_id":"c750b157-6928-49ad-a4ef-d8fb47df51df-132802756511616","trial_id":57,"state":1,"values":[16786.9],"datetime_complete":"2026-09-17T21:41:49.078873+00:00"}
{"op_code":6,"worker_id":"c750b157-6928-49ad-a4ef-d8fb47df51df-132802756511616","trial_id":63,"state":1,"values":[15515.2],"datetime_complete":"2026-09-17T21:41:56.866281+00:00"}
{"op_code":6,"worker_id":"c750b157-6928-49ad-a4ef-d8fb47df51df-132802756511616","trial_id":65,"state":1,"values":[12449.95],"datetime_complete":"2026-09-17T21:42:04.549399+00:00"}
{"op_code":6,"worker_id":"c750b157-6928-49ad-a4ef-d8fb47df51df-132802756511616","trial_id":66,"state":1,"values":[12721.0],"datetime_complete":"2026-09-17T21:42:11.306587+00:00"}
{"op_code":6,"worker_id":"c750b157-6928-49ad-a4ef-d8fb47df51df-132802756511616","trial_id":69,"state":1,"values":[18123.9],"datetime_complete":"2026-09-17T21:42:18.530749+00:00"}
{"op_code":6,"worker_id":"c750b157-6928-49ad-a4ef-d8fb47df51df-132802756511616","trial_id":73,"state":1,"values":[19883.5],"datetime_complete":"2026-09-17T21:42:26.410199+00:00"}
{"op_code":6,"worker_id":"c750b157-6928-49ad-a4ef-d8fb47df51df-132802756511616","trial_id":74,"state":1,"values":[9351.6],"datetime_complete":"2026-09-17T21:42:34.975496+00:00"}
{"op_code":4,"worker_id":"c750b157-6928-49ad-a4ef-d8fb47df51df-132802756511616","study_id":0,"datetime_start":"2026-09-17T21:42:34.980210+00:00"}
{"op_code":9,"worker_id":"c750b157-6928-49ad-a4ef-d8fb47df51df-132802756511616","trial_id":75,"system_attr":{"tpe:relative_params:0":"{\"gx\": 4, \"gy\": 2, \"k\": 16, \"m\": 64, \"n\": 256}"}}
{"op_code":5,"worker_id":"c750b157-6928-49ad-a4ef-d8fb47df51df-132802756511616","trial_id":75,"param_name":"m","param_value_internal":2,"distribution":"{\"name\": \"CategoricalDistribution\", \"attributes\": {\"choices\": [16, 32, 64, 128, 256]}}"}
{"op_code":5,"worker_id":"c750b157-6928-49ad-a4ef-d8fb47df51df-132802756511616","trial_id":75,"param_name":"n","param_value_internal":4,"distribution":"{\"name\": \"CategoricalDistribution\", \"attributes\": {\"choices\": [16, 32, 64, 128, 256]}}"}
{"op_code":5,"worker_id":"c750b157-6928-49ad-a4ef-d8fb47df51df-132802756511616","trial_id":75,"param_name":"k","param_value_internal":0,"distribution":"{\"name\": \"CategoricalDistribution\", \"attributes\": {\"choices\": [16, 32, 64, 128]}}"}
{"op_code":5,"worker_id":"c750b157-6928-49ad-a4ef-d8fb47df51df-132802756511616","trial_id":75,"param_name":"gx","param_value_internal":2,"distribution":"{\"name\": \"CategoricalDistribution\", \"attributes\": {\"choices\": [1, 2, 4, 8]}}"}
{"op_code":5,"worker_id":"c750b157-6928-49ad-a4ef-d8fb47df51df-132802756511616","trial_id":75,"param_name":"gy","param_value_internal":1,"distribution":"{\"name\": \"CategoricalDistribution\", \"attributes\": {\"choices\": [1, 2, 4, 8]}}"}
{"op_code":5,"worker_id":"c750b157-6928-49ad-a4ef-d8fb47df51df-132802756511616","trial_id":75,"param_name":"sub","param_value_internal":0,"distribution":"{\"name\": \"CategoricalDistribution\", \"attributes\": {\"choices\": [32]}}"}
{"op_code":6,"worker_id":"c750b157-6928-49ad-a4ef-d8fb47df51df-132802756511616","trial_id":75,"state":2,"values":null,"datetime_complete":"2026-09-17T21:42:34.993128+00:00"}
{"op_code":4,"worker_id":"c750b157-6928-49ad-a4ef-d8fb47df51df-132802756511616","study_id":0,"datetime_start":"2026-09-17T21:42:34.994617+00:00"}
{"op_code":9,"worker_id":"c750b157-6928-49ad-a4ef-d8fb47df51df-132802756511616","trial_id":76,"system_attr":{"tpe:relative_params:0":"{\"gx\": 2, \"gy\": 2, \"k\": 128, \"m\": 64, \"n\": 256}"}}
{"op_code":5,"worker_id":"c750b157-6928-49ad-a4ef-d8fb47df51df-132802756511616","trial_id":76,"param_name":"m","param_value_internal":2,"distribution":"{\"name\": \"CategoricalDistribution\", \"attributes\": {\"choices\": [16, 32, 64, 128, 256]}}"}
{"op_code":5,"worker_id":"c750b157-6928-49ad-a4ef-d8fb47df51df-132802756511616","trial_id":76,"param_name":"n","param_value_internal":4,"distribution":"{\"name\": \"CategoricalDistribution\", \"attributes\": {\"choices\": [16, 32, 64, 128, 256]}}"}
{"op_code":5,"worker_id":"c750b157-6928-49ad-a4ef-d8fb47df51df-132802756511616","trial_id":76,"param_name":"k","param_value_internal":3,"distribution":"{\"name\": \"CategoricalDistribution\", \"attributes\": {\"choices\": [16, 32, 64, 128]}}"}
{"op_code":5,"worker_id":"c750b157-6928-49ad-a4ef-d8fb47df51df-132802756511616","trial_id":76,"param_name":"gx","param_value_internal":1,"distribution":"{\"name\": \"CategoricalDistribution\", \"attributes\": {\"choices\": [1, 2, 4, 8]}}"}
{"op_code":5,"worker_id":"c750b157-6928-49ad-a4ef-d8fb47df51df-132802756511616","trial_id":76,"param_name":"gy","param_value_internal":1,"distribution":"{\"name\": \"CategoricalDistribution\", \"attributes\": {\"choices\": [1, 2, 4, 8]}}"}
{"op_code":5,"worker_id":"c750b157-6928-49ad-a4ef-d8fb47df51df-132802756511616","trial_id":76,"param_name":"sub","param_value_internal":0,"distribution":"{\"name\": \"CategoricalDistribution\", \"attributes\": {\"choices\": [32]}}"}
{"op_code":6,"worker_id":"c750b157-6928-49ad-a4ef-d8fb47df51df-132802756511616","trial_id":76,"state":2,"values":null,"datetime_complete":"2026-09-17T21:42:35.007512+00:00"}
{"op_code":4,"worker_id":"c750b157-6928-49ad-a4ef-d8fb47df51df-132802756511616","study_id":0,"datetime_start":"2026-09-17T21:42:35.009045+00:00"}
{"op_code":9,"worker_id":"c750b157-6928-49ad-a4ef-d8fb47df51df-132802756511616","trial_id":77,"system_attr":{"tpe:relative_params:0":"{\"gx\": 1, \"gy\": 2, \"k\": 128, \"m\": 128, \"n\": 256}"}}
{"op_code":5,"worker_id":"c750b157-6928-49ad-a4ef-d8fb47df51df-132802756511616","trial_id":77,"param_name":"m","param_value_internal":3,"distribution":"{\"name\": \"CategoricalDistribution\", \"attributes\": {\"choices\": [16, 32, 64, 128, 256]}}"}
{"op_code":5,"worker_id":"c750b157-6928-49ad-a4ef-d8fb47df51df-132802756511616","trial_id":77,"param_name":"n","param_value_internal":4,"distribution":"{\"name\": \"CategoricalDistribution\", \"attributes\": {\"choices\": [16, 32, 64, 128, 256]}}"}
{"op_code":5,"worker_id":"c750b157-6928-49ad-a4ef-d8fb47df51df-132802756511616","trial_id":77,"param_name":"k","param_value_internal":3,"distribution":"{\"name\": \"CategoricalDistribution\", \"attributes\": {\"choices\": [16, 32, 64, 128]}}"}
{"op_code":5,"worker_id":"c750b157-6928-49ad-a4ef-d8fb47df51df-132802756511616","trial_id":77,"param_name":"gx","param_value_internal":0,"distribution":"{\"name\": \"CategoricalDistribution\", \"attributes\": {\"choices\": [1, 2, 4, 8]}}"}
{"op_code":5,"worker_id":"c750b157-6928-49ad-a4ef-d8fb47df51df-132802756511616","trial_id":77,"param_name":"gy","param_value_internal":1,"distribution":"{\"name\": \"CategoricalDistribution\", \"attributes\": {\"choices\": [1, 2, 4, 8]}}"}
{"op_code":5,"worker_id":"c750b157-6928-49ad-a4ef-d8fb47df51df-132802756511616","trial_id":77,"param_name":"sub","param_value_internal":0,"distribution":"{\"name\": \"CategoricalDistribution\", \"attributes\": {\"choices\": [32]}}"}
{"op_code":6,"worker_id":"c750b157-6928-49ad-a4ef-d8fb47df51df-132802756511616","trial_id":77,"state":2,"values":null,"datetime_complete":"2026-09-17T21:42:35.021934+00:00"}
{"op_code":4,"worker_id":"c750b157-6928-49ad-a4ef-d8fb47df51df-132802756511616","study_id":0,"datetime_start":"2026-09-17T21:42:35.023625+00:00"}
{"op_code":9,"worker_id":"c750b157-6928-49ad-a4ef-d8fb47df51df-132802756511616","trial_id":78,"system_attr":{"tpe:relative_params:0":"{\"gx\": 4, \"gy\": 1, \"k\": 16, \"m\": 128, \"n\": 128}"}}
{"op_code":5,"worker_id":"c750b157-6928-49ad-a4ef-d8fb47df51df-132802756511616","trial_id":78,"param_name":"m","param_value_internal":3,"distribution":"{\"name\": \"CategoricalDistribution\", \"attributes\": {\"choices\": [16, 32, 64, 128, 256]}}"}
{"op_code":5,"worker_id":"c750b157-6928-49ad-a4ef-d8fb47df51df-132802756511616","trial_id":78,"param_name":"n","param_value_internal":3,"distribution":"{\"name\": \"CategoricalDistribution\", \"attributes\": {\"choices\": [16, 32, 64, 128, 256]}}"}
{"op_code":5,"worker_id":"c750b157-6928-49ad-a4ef-d8fb47df51df-132802756511616","trial_id":78,"param_name":"k","param_value_internal":0,"distribution":"{\"name\": \"CategoricalDistribution\", \"attributes\": {\"choices\": [16, 32, 64, 128]}}"}
{"op_code":5,"worker_id":"c750b157-6928-49ad-a4ef-d8fb47df51df-132802756511616","trial_id":78,"param_name":"gx","param_value_internal":2,"distribution":"{\"name\": \"CategoricalDistribution\", \"attributes\": {\"choices\": [1, 2, 4, 8]}}"}
{"op_code":5,"worker_id":"c750b157-6928-49ad-a4ef-d8fb47df51df-132802756511616","trial_id":78,"param_name":"gy","param_value_internal":0,"distribution":"{\"name\": \"CategoricalDistribution\", \"attributes\": {\"choices\": [1, 2, 4, 8]}}"}
{"op_code":5,"worker_id":"c750b157-6928-49ad-a4ef-d8fb47df51df-132802756511616","trial_id":78,"param_name":"sub","param_value_internal":0,"distribution":"{\"name\": \"CategoricalDistribution\", \"attributes\": {\"choices\": [32]}}"}
{"op_code":6,"worker_id":"c750b157-6928-49ad-a4ef-d8fb47df51df-132802756511616","trial_id":78,"state":2,"values":null,"datetime_complete":"2026-09-17T21:42:35.036995+00:00"}
{"op_code":4,"worker_id":"c750b157-6928-49ad-a4ef-d8fb47df51df-132802756511616","study_id":0,"datetime_start":"2026-09-17T21:42:35.038609+00:00"}
{"op_code":9,"worker_id":"c750b157-6928-49ad-a4ef-d8fb47df51df-132802756511616","trial_id":79,"system_attr":{"tpe:relative_params:0":"{\"gx\": 2, \"gy\": 2, \"k\": 16, \"m\": 128, \"n\": 256}"}}
{"op_code":5,"worker_id":"c750b157-6928-49ad-a4ef-d8fb47df51df-132802756511616","trial_id":79,"param_name":"m","param_value_internal":3,"distribution":"{\"name\": \"CategoricalDistribution\", \"attributes\": {\"choices\": [16, 32, 64, 128, 256]}}"}
{"op_code":5,"worker_id":"c750b157-6928-49ad-a4ef-d8fb47df51df-132802756511616","trial_id":79,"param_name":"n","param_value_internal":4,"distribution":"{\"name\": \"CategoricalDistribution\", \"attributes\": {\"choices\": [16, 32, 64, 128, 256]}}"}
{"op_code":5,"worker_id":"c750b157-6928-49ad-a4ef-d8fb47df51df-132802756511616","trial_id":79,"param_name":"k","param_value_internal":0,"distribution":"{\"name\": \"CategoricalDistribution\", \"attributes\": {\"choices\": [16, 32, 64, 128]}}"}
{"op_code":5,"worker_id":"c750b157-6928-49ad-a4ef-d8fb47df51df-132802756511616","trial_id":79,"param_name":"gx","param_value_internal":1,"distribution":"{\"name\": \"CategoricalDistribution\", \"attributes\": {\"choices\": [1, 2, 4, 8]}}"}
{"op_code":5,"worker_id":"c750b157-6928-49ad-a4ef-d8fb47df51df-132802756511616","trial_id":79,"param_name":"gy","param_value_internal":1,"distribution":"{\"name\": \"CategoricalDistribution\", \"attributes\": {\"choices\": [1, 2, 4, 8]}}"}
{"op_code":5,"worker_id":"c750b157-6928-49ad-a4ef-d8fb47df51df-132802756511616","trial_id":79,"param_name":"sub","param_value_internal":0,"distribution":"{\"name\": \"CategoricalDistribution\", \"attributes\": {\"choices\": [32]}}"}
{"op_code":6,"worker_id":"c750b157-6928-49ad-a4ef-d8fb47df51df-132802756511616","trial_id":79,"state":2,"values":null,"datetime_complete":"2026-09-17T21:42:35.052018+00:00"}
{"op_code":4,"worker_id":"c750b157-6928-49ad-a4ef-d8fb47df51df-132802756511616","study_id":0,"datetime_start":"2026-09-17T21:42:35.053733+00:00"}
{"op_code":9,"worker_id":"c750b157-6928-49ad-a4ef-d8fb47df51df-132802756511616","trial_id":80,"system_attr":{"tpe:relative_params:0":"{\"gx\": 2, \"gy\": 2, \"k\": 16, \"m\": 64, \"n\": 256}"}}
{"op_code":5,"worker_id":"c750b157-6928-49ad-a4ef-d8fb47df51df-132802756511616","trial_id":80,"param_name":"m","param_value_internal":2,"distribution":"{\"name\": \"CategoricalDistribution\", \"attributes\": {\"choices\": [16, 32, 64, 128, 256]}}"}
{"op_code":5,"worker_id":"c750b157-6928-49ad-a4ef-d8fb47df51df-132802756511616","trial_id":80,"param_name":"n","param_value_internal":4,"distribution":"{\"name\": \"CategoricalDistribution\", \"attributes\": {\"choices\": [16, 32, 64, 128, 256]}}"}
{"op_code":5,"worker_id":"c750b157-6928-49ad-a4ef-d8fb47df51df-132802756511616","trial_id":80,"param_name":"k","param_value_internal":0,"distribution":"{\"name\": \"CategoricalDistribution\", \"attributes\": {\"choices\": [16, 32, 64, 128]}}"}
{"op_code":5,"worker_id":"c750b157-6928-49ad-a4ef-d8fb47df51df-132802756511616","trial_id":80,"param_name":"gx","param_value_internal":1,"distribution":"{\"name\": \"CategoricalDistribution\", \"attributes\": {\"choices\": [1, 2, 4, 8]}}"}
{"op_code":5,"worker_id":"c750b157-6928-49ad-a4ef-d8fb47df51df-132802756511616","trial_id":80,"param_name":"gy","param_value_internal":1,"distribution":"{\"name\": \"CategoricalDistribution\", \"attributes\": {\"choices\": [1, 2, 4, 8]}}"}
{"op_code":5,"worker_id":"c750b157-6928-49ad-a4ef-d8fb47df51df-132802756511616","trial_id":80,"param_name":"sub","param_value_internal":0,"distribution":"{\"name\": \"CategoricalDistribution\", \"attributes\": {\"choices\": [32]}}"}
{"op_code":6,"worker_id":"c750b157-6928-49ad-a4ef-d8fb47df51df-132802756511616","trial_id":80,"state":2,"values":null,"datetime_complete":"2026-09-17T21:42:35.067467+00:00"}
{"op_code":4,"worker_id":"c750b157-6928-49ad-a4ef-d8fb47df51df-132802756511616","study_id":0,"datetime_start":"2026-09-17T21:42:35.069186+00:00"}
{"op_code":9,"worker_id":"c750b157-6928-49ad-a4ef-d8fb47df51df-132802756511616","trial_id":81,"system_attr":{"tpe:relative_params:0":"{\"gx\": 2, \"gy\": 1, \"k\": 16, \"m\": 64, \"n\": 64}"}}
{"op_code":5,"worker_id":"c750b157-6928-49ad-a4ef-d8fb47df51df-132802756511616","trial_id":81,"param_name":"m","param_value_internal":2,"distribution":"{\"name\": \"CategoricalDistribution\", \"attributes\": {\"choices\": [16, 32, 64, 128, 256]}}"}
{"op_code":5,"worker_id":"c750b157-6928-49ad-a4ef-d8fb47df51df-132802756511616","trial_id":81,"param_name":"n","param_value_internal":2,"distribution":"{\"name\": \"CategoricalDistribution\", \"attributes\": {\"choices\": [16, 32, 64, 128, 256]}}"}
{"op_code":5,"worker_id":"c750b157-6928-49ad-a4ef-d8fb47df51df-132802756511616","trial_id":81,"param_name":"k","param_value_internal":0,"distribution":"{\"name\": \"CategoricalDistribution\", \"attributes\": {\"choices\": [16, 32, 64, 128]}}"}
{"op_code":5,"worker_id":"c750b157-6928-49ad-a4ef-d8fb47df51df-132802756511616","trial_id":81,"param_name":"gx","param_value_internal":1,"distribution":"{\"name\": \"CategoricalDistribution\", \"attributes\": {\"choices\": [1, 2, 4, 8]}}"}
{"op_code":5,"worker_id":"c750b157-6928-49ad-a4ef-d8fb47df51df-132802756511616","trial_id":81,"param_name":"gy","param_value_internal":0,"distribution":"{\"name\": \"CategoricalDistribution\", \"attributes\": {\"choices\": [1, 2, 4, 8]}}"}
{"op_code":5,"worker_id":"c750b157-6928-49ad-a4ef-d8fb47df51df-132802756511616","trial_id":81,"param_name":"sub","param_value_internal":0,"distribution":"{\"name\": \"CategoricalDistribution\", \"attributes\": {\"choices\": [32]}}"}
{"op_code":6,"worker_id":"c750b157-6928-49ad-a4ef-d8fb47df51df-132802756511616","trial_id":81,"state":2,"values":null,"datetime_complete":"2026-09-17T21:42:35.083077+00:00"}
{"op_code":4,"worker_id":"c750b157-6928-49ad-a4ef-d8fb47df51df-132802756511616","study_id":0,"datetime_start":"2026-09-17T21:42:35.084750+00:00"}
{"op_code":9,"worker_id":"c750b157-6928-49ad-a4ef-d8fb47df51df-132802756511616","trial_id":82,"system_attr":{"tpe:relative_params:0":"{\"gx\": 2, \"gy\": 4, \"k\": 128, \"m\": 128, \"n\": 256}"}}
{"op_code":5,"worker_id":"c750b157-6928-49ad-a4ef-d8fb47df51df-132802756511616","trial_id":82,"param_name":"m","param_value_internal":3,"distribution":"{\"name\": \"CategoricalDistribution\", \"attributes\": {\"choices\": [16, 32, 64, 128, 256]}}"}
{"op_code":5,"worker_id":"c750b157-6928-49ad-a4ef-d8fb47df51df-132802756511616","trial_id":82,"param_name":"n","param_value_internal":4,"distribution":"{\"name\": \"CategoricalDistribution\", \"attributes\": {\"choices\": [16, 32, 64, 128, 256]}}"}
{"op_code":5,"worker_id":"c750b157-6928-49ad-a4ef-d8fb47df51df-132802756511616","trial_id":82,"param_name":"k","param_value_internal":3,"distribution":"{\"name\": \"CategoricalDistribution\", \"attributes\": {\"choices\": [16, 32, 64, 128]}}"}
{"op_code":5,"worker_id":"c750b157-6928-49ad-a4ef-d8fb47df51df-132802756511616","trial_id":82,"param_name":"gx","param_value_internal":1,"distribution":"{\"name\": \"CategoricalDistribution\", \"attributes\": {\"choices\": [1, 2, 4, 8]}}"}
{"op_code":5,"worker_id":"c750b157-6928-49ad-a4ef-d8fb47df51df-132802756511616","trial_id":82,"param_name":"gy","param_value_internal":2,"distribution":"{\"name\": \"CategoricalDistribution\", \"attributes\": {\"choices\": [1, 2, 4, 8]}}"}
{"op_code":5,"worker_id":"c750b157-6928-49ad-a4ef-d8fb47df51df-132802756511616","trial_id":82,"param_name":"sub","param_value_internal":0,"distribution":"{\"name\": \"CategoricalDistribution\", \"attributes\": {\"choices\": [32]}}"}
{"op_code":6,"worker_id":"c750b157-6928-49ad-a4ef-d8fb47df51df-132802756511616","trial_id":82,"state":2,"values":null,"datetime_complete":"2026-09-17T21:42:35.098621+00:00"}
{"op_code":4,"worker_id":"c750b157-6928-49ad-a4ef-d8fb47df51df-132802756511616","study_id":0,"datetime_start":"2026-09-17T21:42:35.100295+00:00"}
{"op_code":9,"worker_id":"c750b157-6928-49ad-a4ef-d8fb47df51df-132802756511616","trial_id":83,"system_attr":{"tpe:relative_params:0":"{\"gx\": 1, \"gy\": 4, \"k\": 32, \"m\": 128, \"n\": 64}"}}
{"op_code":5,"worker_id":"c750b157-6928-49ad-a4ef-d8fb47df51df-132802756511616","trial_id":83,"param_name":"m","param_value_internal":3,"distribution":"{\"name\": \"CategoricalDistribution\", \"attributes\": {\"choices\": [16, 32, 64, 128, 256]}}"}
{"op_code":5,"worker_id":"c750b157-6928-49ad-a4ef-d8fb47df51df-132802756511616","trial_id":83,"param_name":"n","param_value_internal":2,"distribution":"{\"name\": \"CategoricalDistribution\", \"attributes\": {\"choices\": [16, 32, 64, 128, 256]}}"}
{"op_code":5,"worker_id":"c750b157-6928-49ad-a4ef-d8fb47df51df-132802756511616","trial_id":83,"param_name":"k","param_value_internal":1,"distribution":"{\"name\": \"CategoricalDistribution\", \"attributes\": {\"choices\": [16, 32, 64, 128]}}"}
{"op_code":5,"worker_id":"c750b157-6928-49ad-a4ef-d8fb47df51df-132802756511616","trial_id":83,"param_name":"gx","param_value_internal":0,"distribution":"{\"name\": \"CategoricalDistribution\", \"attributes\": {\"choices\": [1, 2, 4, 8]}}"}
{"op_code":5,"worker_id":"c750b157-6928-49ad-a4ef-d8fb47df51df-132802756511616","trial_id":83,"param_name":"gy","param_value_internal":2,"distribution":"{\"name\": \"CategoricalDistribution\", \"attributes\": {\"choices\": [1, 2, 4, 8]}}"}
{"op_code":5,"worker_id":"c750b157-6928-49ad-a4ef-d8fb47df51df-132802756511616","trial_id":83,"param_name":"sub","param_value_internal":0,"distribution":"{\"name\": \"CategoricalDistribution\", \"attributes\": {\"choices\": [32]}}"}
{"op_code":6,"worker_id":"c750b157-6928-49ad-a4ef-d8fb47df51df-132802756511616","trial_id":83,"state":2,"values":null,"datetime_complete":"2026-09-17T21:42:35.114010+00:00"}
{"op_code":4,"worker_id":"c750b157-6928-49ad-a4ef-d8fb47df51df-132802756511616","study_id":0,"datetime_start":"2026-09-17T21:42:35.115599+00:00"}
{"op_code":9,"worker_id":"c750b157-6928-49ad-a4ef-d8fb47df51df-132802756511616","trial_id":84,"system_attr":{"tpe:relative_params:0":"{\"gx\": 4, \"gy\": 1, \"k\": 16, \"m\": 16, \"n\": 64}"}}
{"op_code":5,"worker_id":"c750b157-6928-49ad-a4ef-d8fb47df51df-132802756511616","trial_id":84,"param_name":"m","param_value_internal":0,"distribution":"{\"name\": \"CategoricalDistribution\", \"attributes\": {\"choices\": [16, 32, 64, 128, 256]}}"}
{"op_code":5,"worker_id":"c750b157-6928-49ad-a4ef-d8fb47df51df-132802756511616","trial_id":84,"param_name":"n","param_value_internal":2,"distribution":"{\"name\": \"CategoricalDistribution\", \"attributes\": {\"choices\": [16, 32, 64, 128, 256]}}"}
{"op_code":5,"worker_id":"c750b157-6928-49ad-a4ef-d8fb47df51df-132802756511616","trial_id":84,"param_name":"k","param_value_internal":0,"distribution":"{\"name\": \"CategoricalDistribution\", \"attributes\": {\"choices\": [16, 32, 64, 128]}}"}
{"op_code":5,"worker_id":"c750b157-6928-49ad-a4ef-d8fb47df51df-132802756511616","trial_id":84,"param_name":"gx","param_value_internal":2,"distribution":"{\"name\": \"CategoricalDistribution\", \"attributes\": {\"choices\": [1, 2, 4, 8]}}"}
{"op_code":5,"worker_id":"c750b157-6928-49ad-a4ef-d8fb47df51df-132802756511616","trial_id":84,"param_name":"gy","param_value_internal":0,"distribution":"{\"name\": \"CategoricalDistribution\", \"attributes\": {\"choices\": [1, 2, 4, 8]}}"}
{"op_code":5,"worker_id":"c750b157-6928-49ad-a4ef-d8fb47df51df-132802756511616","trial_id":84,"param_name":"sub","param_value_internal":0,"distribution":"{\"name\": \"CategoricalDistribution\", \"attributes\": {\"choices\": [32]}}"}
{"op_code":6,"worker_id":"c750b157-6928-49ad-a4ef-d8fb47df51df-132802756511616","trial_id":84,"state":2,"values":null,"datetime_complete":"2026-09-17T21:42:35.129116+00:00"}
{"op_code":4,"worker_id":"c750b157-6928-49ad-a4ef-d8fb47df51df-132802756511616","study_id":0,"datetime_start":"2026-09-17T21:42:35.130739+00:00"}
{"op_code":9,"worker_id":"c750b157-6928-49ad-a4ef-d8fb47df51df-132802756511616","trial_id":85,"system_attr":{"tpe:relative_params:0":"{\"gx\": 1, \"gy\": 2, \"k\": 16, \"m\": 32, \"n\": 64}"}}
{"op_code":5,"worker_id":"c750b157-6928-49ad-a4ef-d8fb47df51df-132802756511616","trial_id":85,"param_name":"m","param_value_internal":1,"distribution":"{\"name\": \"CategoricalDistribution\", \"attributes\": {\"choices\": [16, 32, 64, 128, 256]}}"}
{"op_code":5,"worker_id":"c750b157-6928-49ad-a4ef-d8fb47df51df-132802756511616","trial_id":85,"param_name":"n","param_value_internal":2,"distribution":"{\"name\": \"CategoricalDistribution\", \"attributes\": {\"choices\": [16, 32, 64, 128, 256]}}"}
{"op_code":5,"worker_id":"c750b157-6928-49ad-a4ef-d8fb47df51df-132802756511616","trial_id":85,"param_name":"k","param_value_internal":0,"distribution":"{\"name\": \"CategoricalDistribution\", \"attributes\": {\"choices\": [16, 32, 64, 128]}}"}
{"op_code":5,"worker_id":"c750b157-6928-49ad-a4ef-d8fb47df51df-132802756511616","trial_id":85,"param_name":"gx","param_value_internal":0,"distribution":"{\"name\": \"CategoricalDistribution\", \"attributes\": {\"choices\": [1, 2, 4, 8]}}"}
{"op_code":5,"worker_id":"c750b157-6928-49ad-a4ef-d8fb47df51df-132802756511616","trial_id":85,"param_name":"gy","param_value_internal":1,"distribution":"{\"name\": \"CategoricalDistribution\", \"attributes\": {\"choices\": [1, 2, 4, 8]}}"}
{"op_code":5,"worker_id":"c750b157-6928-49ad-a4ef-d8fb47df51df-132802756511616","trial_id":85,"param_name":"sub","param_value_internal":0,"distribution":"{\"name\": \"CategoricalDistribution\", \"attributes\": {\"choices\": [32]}}"}
{"op_code":8,"worker_id":"c750b157-6928-49ad-a4ef-d8fb47df51df-132802756511616","trial_id":85,"user_attr":{"token":"tsweep_t32x64k16g12s32"}}
{"op_code":4,"worker_id":"c750b157-6928-49ad-a4ef-d8fb47df51df-132802756511616","study_id":0,"datetime_start":"2026-09-17T21:42:35.145505+00:00"}
{"op_code":9,"worker_id":"c750b157-6928-49ad-a4ef-d8fb47df51df-132802756511616","trial_id":86,"system_attr":{"tpe:relative_params:0":"{\"gx\": 2, \"gy\": 2, \"k\": 64, \"m\": 128, \"n\": 64}"}}
{"op_code":5,"worker_id":"c750b157-6928-49ad-a4ef-d8fb47df51df-132802756511616","trial_id":86,"param_name":"m","param_value_internal":3,"distribution":"{\"name\": \"CategoricalDistribution\", \"attributes\": {\"choices\": [16, 32, 64, 128, 256]}}"}
{"op_code":5,"worker_id":"c750b157-6928-49ad-a4ef-d8fb47df51df-132802756511616","trial_id":86,"param_name":"n","param_value_internal":2,"distribution":"{\"name\": \"CategoricalDistribution\", \"attributes\": {\"choices\": [16, 32, 64, 128, 256]}}"}
{"op_code":5,"worker_id":"c750b157-6928-49ad-a4ef-d8fb47df51df-132802756511616","trial_id":86,"param_name":"k","param_value_internal":2,"distribution":"{\"name\": \"CategoricalDistribution\", \"attributes\": {\"choices\": [16, 32, 64, 128]}}"}
{"op_code":5,"worker_id":"c750b157-6928-49ad-a4ef-d8fb47df51df-132802756511616","trial_id":86,"param_name":"gx","param_value_internal":1,"distribution":"{\"name\": \"CategoricalDistribution\", \"attributes\": {\"choices\": [1, 2, 4, 8]}}"}
{"op_code":5,"worker_id":"c750b157-6928-49ad-a4ef-d8fb47df51df-132802756511616","trial_id":86,"param_name":"gy","param_value_internal":1,"distribution":"{\"name\": \"CategoricalDistribution\", \"attributes\": {\"choices\": [1, 2, 4, 8]}}"}
{"op_code":5,"worker_id":"c750b157-6928-49ad-a4ef-d8fb47df51df-132802756511616","trial_id":86,"param_name":"sub","param_value_internal":0,"distribution":"{\"name\": \"CategoricalDistribution\", \"attributes\": {\"choices\": [32]}}"}
{"op_code":6,"worker_id":"c750b157-6928-49ad-a4ef-d8fb47df51df-132802756511616","trial_id":86,"state":2,"values":null,"datetime_complete":"2026-09-17T21:42:35.158827+00:00"}
{"op_code":4,"worker_id":"c750b157-6928-49ad-a4ef-d8fb47df51df-132802756511616","study_id":0,"datetime_start":"2026-09-17T21:42:35.160447+00:00"}
{"op_code":9,"worker_id":"c750b157-6928-49ad-a4ef-d8fb47df51df-132802756511616","trial_id":87,"system_attr":{"tpe:relative_params:0":"{\"gx\": 2, \"gy\": 2, \"k\": 16, \"m\": 64, \"n\": 32}"}}
{"op_code":5,"worker_id":"c750b157-6928-49ad-a4ef-d8fb47df51df-132802756511616","trial_id":87,"param_name":"m","param_value_internal":2,"distribution":"{\"name\": \"CategoricalDistribution\", \"attributes\": {\"choices\": [16, 32, 64, 128, 256]}}"}
{"op_code":5,"worker_id":"c750b157-6928-49ad-a4ef-d8fb47df51df-132802756511616","trial_id":87,"param_name":"n","param_value_internal":1,"distribution":"{\"name\": \"CategoricalDistribution\", \"attributes\": {\"choices\": [16, 32, 64, 128, 256]}}"}
{"op_code":5,"worker_id":"c750b157-6928-49ad-a4ef-d8fb47df51df-132802756511616","trial_id":87,"param_name":"k","param_value_internal":0,"distribution":"{\"name\": \"CategoricalDistribution\", \"attributes\": {\"choices\": [16, 32, 64, 128]}}"}
{"op_code":5,"worker_id":"c750b157-6928-49ad-a4ef-d8fb47df51df-132802756511616","trial_id":87,"param_name":"gx","param_value_internal":1,"distribution":"{\"name\": \"CategoricalDistribution\", \"attributes\": {\"choices\": [1, 2, 4, 8]}}"}
{"op_code":5,"worker_id":"c750b157-6928-49ad-a4ef-d8fb47df51df-132802756511616","trial_id":87,"param_name":"gy","param_value_internal":1,"distribution":"{\"name\": \"CategoricalDistribution\", \"attributes\": {\"choices\": [1, 2, 4, 8]}}"}
{"op_code":5,"worker_id":"c750b157-6928-49ad-a4ef-d8fb47df51df-132802756511616","trial_id":87,"param_name":"sub","param_value_internal":0,"distribution":"{\"name\": \"CategoricalDistribution\", \"attributes\": {\"choices\": [32]}}"}
{"op_code":6,"worker_id":"c750b157-6928-49ad-a4ef-d8fb47df51df-132802756511616","trial_id":87,"state":2,"values":null,"datetime_complete":"2026-09-17T21:42:35.173905+00:00"}
{"op_code":4,"worker_id":"c750b157-6928-49ad-a4ef-d8fb47df51df-132802756511616","study_id":0,"datetime_start":"2026-09-17T21:42:35.175594+00:00"}
{"op_code":9,"worker_id":"c750b157-6928-49ad-a4ef-d8fb47df51df-132802756511616","trial_id":88,"system_attr":{"tpe:relative_params:0":"{\"gx\": 1, \"gy\": 4, \"k\": 64, \"m\": 128, \"n\": 128}"}}
{"op_code":5,"worker_id":"c750b157-6928-49ad-a4ef-d8fb47df51df-132802756511616","trial_id":88,"param_name":"m","param_value_internal":3,"distribution":"{\"name\": \"CategoricalDistribution\", \"attributes\": {\"choices\": [16, 32, 64, 128, 256]}}"}
{"op_code":5,"worker_id":"c750b157-6928-49ad-a4ef-d8fb47df51df-132802756511616","trial_id":88,"param_name":"n","param_value_internal":3,"distribution":"{\"name\": \"CategoricalDistribution\", \"attributes\": {\"choices\": [16, 32, 64, 128, 256]}}"}
{"op_code":5,"worker_id":"c750b157-6928-49ad-a4ef-d8fb47df51df-132802756511616","trial_id":88,"param_name":"k","param_value_internal":2,"distribution":"{\"name\": \"CategoricalDistribution\", \"attributes\": {\"choices\": [16, 32, 64, 128]}}"}
{"op_code":5,"worker_id":"c750b157-6928-49ad-a4ef-d8fb47df51df-132802756511616","trial_id":88,"param_name":"gx","param_value_internal":0,"distribution":"{\"name\": \"CategoricalDistribution\", \"attributes\": {\"choices\": [1, 2, 4, 8]}}"}
{"op_code":5,"worker_id":"c750b157-6928-49ad-a4ef-d8fb47df51df-132802756511616","trial_id":88,"param_name":"gy","param_value_internal":2,"distribution":"{\"name\": \"CategoricalDistribution\", \"attributes\": {\"choices\": [1, 2, 4, 8]}}"}
{"op_code":5,"worker_id":"c750b157-6928-49ad-a4ef-d8fb47df51df-132802756511616","trial_id":88,"param_name":"sub","param_value_internal":0,"distribution":"{\"name\": \"CategoricalDistribution\", \"attributes\": {\"choices\": [32]}}"}
{"op_code":6,"worker_id":"c750b157-6928-49ad-a4ef-d8fb47df51df-132802756511616","trial_id":88,"state":2,"values":null,"datetime_complete":"2026-09-17T21:42:35.189411+00:00"}
{"op_code":4,"worker_id":"c750b157-6928-49ad-a4ef-d8fb47df51df-132802756511616","study_id":0,"datetime_start":"2026-09-17T21:42:35.191055+00:00"}
{"op_code":9,"worker_id":"c750b157-6928-49ad-a4ef-d8fb47df51df-132802756511616","trial_id":89,"system_attr":{"tpe:relative_params:0":"{\"gx\": 4, \"gy\": 1, \"k\": 16, \"m\": 32, \"n\": 128}"}}
{"op_code":5,"worker_id":"c750b157-6928-49ad-a4ef-d8fb47df51df-132802756511616","trial_id":89,"param_name":"m","param_value_internal":1,"distribution":"{\"name\": \"CategoricalDistribution\", \"attributes\": {\"choices\": [16, 32, 64, 128, 256]}}"}
{"op_code":5,"worker_id":"c750b157-6928-49ad-a4ef-d8fb47df51df-132802756511616","trial_id":89,"param_name":"n","param_value_internal":3,"distribution":"{\"name\": \"CategoricalDistribution\", \"attributes\": {\"choices\": [16, 32, 64, 128, 256]}}"}
{"op_code":5,"worker_id":"c750b157-6928-49ad-a4ef-d8fb47df51df-132802756511616","trial_id":89,"param_name":"k","param_value_internal":0,"distribution":"{\"name\": \"CategoricalDistribution\", \"attributes\": {\"choices\": [16, 32, 64, 128]}}"}
{"op_code":5,"worker_id":"c750b157-6928-49ad-a4ef-d8fb47df51df-132802756511616","trial_id":89,"param_name":"gx","param_value_internal":2,"distribution":"{\"name\": \"CategoricalDistribution\", \"attributes\": {\"choices\": [1, 2, 4, 8]}}"}
{"op_code":5,"worker_id":"c750b157-6928-49ad-a4ef-d8fb47df51df-132802756511616","trial_id":89,"param_name":"gy","param_value_internal":0,"distribution":"{\"name\": \"CategoricalDistribution\", \"attributes\": {\"choices\": [1, 2, 4, 8]}}"}
{"op_code":5,"worker_id":"c750b157-6928-49ad-a4ef-d8fb47df51df-132802756511616","trial_id":89,"param_name":"sub","param_value_internal":0,"distribution":"{\"name\": \"CategoricalDistribution\", \"attributes\": {\"choices\": [32]}}"}
{"op_code":6,"worker_id":"c750b157-6928-49ad-a4ef-d8fb47df51df-132802756511616","trial_id":89,"state":2,"values":null,"datetime_complete":"2026-09-17T21:42:35.204337+00:00"}
{"op_code":4,"worker_id":"c750b157-6928-49ad-a4ef-d8fb47df51df-132802756511616","study_id":0,"datetime_start":"2026-09-17T21:42:35.205905+00:00"}
{"op_code":9,"worker_id":"c750b157-6928-49ad-a4ef-d8fb47df51df-132802756511616","trial_id":90,"system_attr":{"tpe:relative_params:0":"{\"gx\": 4, \"gy\": 4, \"k\": 16, \"m\": 64, \"n\": 64}"}}
{"op_code":5,"worker_id":"c750b157-6928-49ad-a4ef-d8fb47df51df-132802756511616","trial_id":90,"param_name":"m","param_value_internal":2,"distribution":"{\"name\": \"CategoricalDistribution\", \"attributes\": {\"choices\": [16, 32, 64, 128, 256]}}"}
{"op_code":5,"worker_id":"c750b157-6928-49ad-a4ef-d8fb47df51df-132802756511616","trial_id":90,"param_name":"n","param_value_internal":2,"distribution":"{\"name\": \"CategoricalDistribution\", \"attributes\": {\"choices\": [16, 32, 64, 128, 256]}}"}
{"op_code":5,"worker_id":"c750b157-6928-49ad-a4ef-d8fb47df51df-132802756511616","trial_id":90,"param_name":"k","param_value_internal":0,"distribution":"{\"name\": \"CategoricalDistribution\", \"attributes\": {\"choices\": [16, 32, 64, 128]}}"}
{"op_code":5,"worker_id":"c750b157-6928-49ad-a4ef-d8fb47df51df-132802756511616","trial_id":90,"param_name":"gx","param_value_internal":2,"distribution":"{\"name\": \"CategoricalDistribution\", \"attributes\": {\"choices\": [1, 2, 4, 8]}}"}
{"op_code":5,"worker_id":"c750b157-6928-49ad-a4ef-d8fb47df51df-132802756511616","trial_id":90,"param_name":"gy","param_value_internal":2,"distribution":"{\"name\": \"CategoricalDistribution\", \"attributes\": {\"choices\": [1, 2, 4, 8]}}"}
{"op_code":5,"worker_id":"c750b157-6928-49ad-a4ef-d8fb47df51df-132802756511616","trial_id":90,"param_name":"sub","param_value_internal":0,"distribution":"{\"name\": \"CategoricalDistribution\", \"attributes\": {\"choices\": [32]}}"}
{"op_code":6,"worker_id":"c750b157-6928-49ad-a4ef-d8fb47df51df-132802756511616","trial_id":90,"state":2,"values":null,"datetime_complete":"2026-09-17T21:42:35.219198+00:00"}
{"op_code":4,"worker_id":"c750b157-6928-49ad-a4ef-d8fb47df51df-132802756511616","study_id":0,"datetime_start":"2026-09-17T21:42:35.220789+00:00"}
{"op_code":9,"worker_id":"c750b157-6928-49ad-a4ef-d8fb47df51df-132802756511616","trial_id":91,"system_attr":{"tpe:relative_params:0":"{\"gx\": 4, \"gy\": 4, \"k\": 16, \"m\": 128, \"n\": 128}"}}
{"op_code":5,"worker_id":"c750b157-6928-49ad-a4ef-d8fb47df51df-132802756511616","trial_id":91,"param_name":"m","param_value_internal":3,"distribution":"{\"name\": \"CategoricalDistribution\", \"attributes\": {\"choices\": [16, 32, 64, 128, 256]}}"}
{"op_code":5,"worker_id":"c750b157-6928-49ad-a4ef-d8fb47df51df-132802756511616","trial_id":91,"param_name":"n","param_value_internal":3,"distribution":"{\"name\": \"CategoricalDistribution\", \"attributes\": {\"choices\": [16, 32, 64, 128, 256]}}"}
{"op_code":5,"worker_id":"c750b157-6928-49ad-a4ef-d8fb47df51df-132802756511616","trial_id":91,"param_name":"k","param_value_internal":0,"distribution":"{\"name\": \"CategoricalDistribution\", \"attributes\": {\"choices\": [16, 32, 64, 128]}}"}
{"op_code":5,"worker_id":"c750b157-6928-49ad-a4ef-d8fb47df51df-132802756511616","trial_id":91,"param_name":"gx","param_value_internal":2,"distribution":"{\"name\": \"CategoricalDistribution\", \"attributes\": {\"choices\": [1, 2, 4, 8]}}"}
{"op_code":5,"worker_id":"c750b157-6928-49ad-a4ef-d8fb47df51df-132802756511616","trial_id":91,"param_name":"gy","param_value_internal":2,"distribution":"{\"name\": \"CategoricalDistribution\", \"attributes\": {\"choices\": [1, 2, 4, 8]}}"}
{"op_code":5,"worker_id":"c750b157-6928-49ad-a4ef-d8fb47df51df-132802756511616","trial_id":91,"param_name":"sub","param_value_internal":0,"distribution":"{\"name\": \"CategoricalDistribution\", \"attributes\": {\"choices\": [32]}}"}
{"op_code":6,"worker_id":"c750b157-6928-49ad-a4ef-d8fb47df51df-132802756511616","trial_id":91,"state":2,"values":null,"datetime_complete":"2026-09-17T21:42:35.234023+00:00"}
{"op_code":4,"worker_id":"c750b157-6928-49ad-a4ef-d8fb47df51df-132802756511616","study_id":0,"datetime_start":"2026-09-17T21:42:35.235662+00:00"}
{"op_code":9,"worker_id":"c750b157-6928-49ad-a4ef-d8fb47df51df-132802756511616","trial_id":92,"system_attr":{"tpe:relative_params:0":"{\"gx\": 4, \"gy\": 4, \"k\": 32, \"m\": 32, \"n\": 64}"}}
{"op_code":5,"worker_id":"c750b157-6928-49ad-a4ef-d8fb47df51df-132802756511616","trial_id":92,"param_name":"m","param_value_internal":1,"distribution":"{\"name\": \"CategoricalDistribution\", \"attributes\": {\"choices\": [16, 32, 64, 128, 256]}}"}
{"op_code":5,"worker_id":"c750b157-6928-49ad-a4ef-d8fb47df51df-132802756511616","trial_id":92,"param_name":"n","param_value_internal":2,"distribution":"{\"name\": \"CategoricalDistribution\", \"attributes\": {\"choices\": [16, 32, 64, 128, 256]}}"}
{"op_code":5,"worker_id":"c750b157-6928-49ad-a4ef-d8fb47df51df-132802756511616","trial_id":92,"param_name":"k","param_value_internal":1,"distribution":"{\"name\": \"CategoricalDistribution\", \"attributes\": {\"choices\": [16, 32, 64, 128]}}"}
{"op_code":5,"worker_id":"c750b157-6928-49ad-a4ef-d8fb47df51df-132802756511616","trial_id":92,"param_name":"gx","param_value_internal":2,"distribution":"{\"name\": \"CategoricalDistribution\", \"attributes\": {\"choices\": [1, 2, 4, 8]}}"}
{"op_code":5,"worker_id":"c750b157-6928-49ad-a4ef-d8fb47df51df-132802756511616","trial_id":92,"param_name":"gy","param_value_internal":2,"distribution":"{\"name\": \"CategoricalDistribution\", \"attributes\": {\"choices\": [1, 2, 4, 8]}}"}
{"op_code":5,"worker_id":"c750b157-6928-49ad-a4ef-d8fb47df51df-132802756511616","trial_id":92,"param_name":"sub","param_value_internal":0,"distribution":"{\"name\": \"CategoricalDistribution\", \"attributes\": {\"choices\": [32]}}"}
{"op_code":6,"worker_id":"c750b157-6928-49ad-a4ef-d8fb47df51df-132802756511616","trial_id":92,"state":2,"values":null,"datetime_complete":"2026-09-17T21:42:35.249134+00:00"}
{"op_code":4,"worker_id":"c750b157-6928-49ad-a4ef-d8fb47df51df-132802756511616","study_id":0,"datetime_start":"2026-09-17T21:42:35.250756+00:00"}
{"op_code":9,"worker_id":"c750b157-6928-49ad-a4ef-d8fb47df51df-132802756511616","trial_id":93,"system_attr":{"tpe:relative_params:0":"{\"gx\": 4, \"gy\": 8, \"k\": 32, \"m\": 64, \"n\": 64}"}}
{"op_code":5,"worker_id":"c750b157-6928-49ad-a4ef-d8fb47df51df-132802756511616","trial_id":93,"param_name":"m","param_value_internal":2,"distribution":"{\"name\": \"CategoricalDistribution\", \"attributes\": {\"choices\": [16, 32, 64, 128, 256]}}"}
{"op_code":5,"worker_id":"c750b157-6928-49ad-a4ef-d8fb47df51df-132802756511616","trial_id":93,"param_name":"n","param_value_internal":2,"distribution":"{\"name\": \"CategoricalDistribution\", \"attributes\": {\"choices\": [16, 32, 64, 128, 256]}}"}
{"op_code":5,"worker_id":"c750b157-6928-49ad-a4ef-d8fb47df51df-132802756511616","trial_id":93,"param_name":"k","param_value_internal":1,"distribution":"{\"name\": \"CategoricalDistribution\", \"attributes\": {\"choices\": [16, 32, 64, 128]}}"}
{"op_code":5,"worker_id":"c750b157-6928-49ad-a4ef-d8fb47df51df-132802756511616","trial_id":93,"param_name":"gx","param_value_internal":2,"distribution":"{\"name\": \"CategoricalDistribution\", \"attributes\": {\"choices\": [1, 2, 4, 8]}}"}
{"op_code":5,"worker_id":"c750b157-6928-49ad-a4ef-d8fb47df51df-132802756511616","trial_id":93,"param_name":"gy","param_value_internal":3,"distribution":"{\"name\": \"CategoricalDistribution\", \"attributes\": {\"choices\": [1, 2, 4, 8]}}"}
{"op_code":5,"worker_id":"c750b157-6928-49ad-a4ef-d8fb47df51df-132802756511616","trial_id":93,"param_name":"sub","param_value_internal":0,"distribution":"{\"name\": \"CategoricalDistribution\", \"attributes\": {\"choices\": [32]}}"}
{"op_code":6,"worker_id":"c750b157-6928-49ad-a4ef-d8fb47df51df-132802756511616","trial_id":93,"state":2,"values":null,"datetime_complete":"2026-09-17T21:42:35.264603+00:00"}
{"op_code":4,"worker_id":"c750b157-6928-49ad-a4ef-d8fb47df51df-132802756511616","study_id":0,"datetime_start":"2026-09-17T21:42:35.266285+00:00"}
{"op_code":9,"worker_id":"c750b157-6928-49ad-a4ef-d8fb47df51df-132802756511616","trial_id":94,"system_attr":{"tpe:relative_params:0":"{\"gx\": 2, \"gy\": 2, \"k\": 32, \"m\": 128, \"n\": 128}"}}
{"op_code":5,"worker_id":"c750b157-6928-49ad-a4ef-d8fb47df51df-132802756511616","trial_id":94,"param_name":"m","param_value_internal":3,"distribution":"{\"name\": \"CategoricalDistribution\", \"attributes\": {\"choices\": [16, 32, 64, 128, 256]}}"}
{"op_code":5,"worker_id":"c750b157-6928-49ad-a4ef-d8fb47df51df-132802756511616","trial_id":94,"param_name":"n","param_value_internal":3,"distribution":"{\"name\": \"CategoricalDistribution\", \"attributes\": {\"choices\": [16, 32, 64, 128, 256]}}"}
{"op_code":5,"worker_id":"c750b157-6928-49ad-a4ef-d8fb47df51df-132802756511616","trial_id":94,"param_name":"k","param_value_internal":1,"distribution":"{\"name\": \"CategoricalDistribution\", \"attributes\": {\"choices\": [16, 32, 64, 128]}}"}
{"op_code":5,"worker_id":"c750b157-6928-49ad-a4ef-d8fb47df51df-132802756511616","trial_id":94,"param_name":"gx","param_value_internal":1,"distribution":"{\"name\": \"CategoricalDistribution\", \"attributes\": {\"choices\": [1, 2, 4, 8]}}"}
{"op_code":5,"worker_id":"c750b157-6928-49ad-a4ef-d8fb47df51df-132802756511616","trial_id":94,"param_name":"gy","param_value_internal":1,"distribution":"{\"name\": \"CategoricalDistribution\", \"attributes\": {\"choices\": [1, 2, 4, 8]}}"}
{"op_code":5,"worker_id":"c750b157-6928-49ad-a4ef-d8fb47df51df-132802756511616","trial_id":94,"param_name":"sub","param_value_internal":0,"distribution":"{\"name\": \"CategoricalDistribution\", \"attributes\": {\"choices\": [32]}}"}
{"op_code":8,"worker_id":"c750b157-6928-49ad-a4ef-d8fb47df51df-132802756511616","trial_id":94,"user_attr":{"token":"tsweep_t128x128k32g22s32"}}
{"op_code":4,"worker_id":"c750b157-6928-49ad-a4ef-d8fb47df51df-132802756511616","study_id":0,"datetime_start":"2026-09-17T21:42:35.281138+00:00"}
{"op_code":9,"worker_id":"c750b157-6928-49ad-a4ef-d8fb47df51df-132802756511616","trial_id":95,"system_attr":{"tpe:relative_params:0":"{\"gx\": 8, \"gy\": 8, \"k\": 16, \"m\": 128, \"n\": 128}"}}
{"op_code":5,"worker_id":"c750b157-6928-49ad-a4ef-d8fb47df51df-132802756511616","trial_id":95,"param_name":"m","param_value_internal":3,"distribution":"{\"name\": \"CategoricalDistribution\", \"attributes\": {\"choices\": [16, 32, 64, 128, 256]}}"}
{"op_code":5,"worker_id":"c750b157-6928-49ad-a4ef-d8fb47df51df-132802756511616","trial_id":95,"param_name":"n","param_value_internal":3,"distribution":"{\"name\": \"CategoricalDistribution\", \"attributes\": {\"choices\": [16, 32, 64, 128, 256]}}"}
{"op_code":5,"worker_id":"c750b157-6928-49ad-a4ef-d8fb47df51df-132802756511616","trial_id":95,"param_name":"k","param_value_internal":0,"distribution":"{\"name\": \"CategoricalDistribution\", \"attributes\": {\"choices\": [16, 32, 64, 128]}}"}
{"op_code":5,"worker_id":"c750b157-6928-49ad-a4ef-d8fb47df51df-132802756511616","trial_id":95,"param_name":"gx","param_value_internal":3,"distribution":"{\"name\": \"CategoricalDistribution\", \"attributes\": {\"choices\": [1, 2, 4, 8]}}"}
{"op_code":5,"worker_id":"c750b157-6928-49ad-a4ef-d8fb47df51df-132802756511616","trial_id":95,"param_name":"gy","param_value_internal":3,"distribution":"{\"name\": \"CategoricalDistribution\", \"attributes\": {\"choices\": [1, 2, 4, 8]}}"}
{"op_code":5,"worker_id":"c750b157-6928-49ad-a4ef-d8fb47df51df-132802756511616","trial_id":95,"param_name":"sub","param_value_internal":0,"distribution":"{\"name\": \"CategoricalDistribution\", \"attributes\": {\"choices\": [32]}}"}
{"op_code":6,"worker_id":"c750b157-6928-49ad-a4ef-d8fb47df51df-132802756511616","trial_id":95,"state":2,"values":null,"datetime_complete":"2026-09-17T21:42:35.294611+00:00"}
{"op_code":4,"worker_id":"c750b157-6928-49ad-a4ef-d8fb47df51df-132802756511616","study_id":0,"datetime_start":"2026-09-17T21:42:35.296206+00:00"}
{"op_code":9,"worker_id":"c750b157-6928-49ad-a4ef-d8fb47df51df-132802756511616","trial_id":96,"system_attr":{"tpe:relative_params:0":"{\"gx\": 8, \"gy\": 4, \"k\": 16, \"m\": 64, \"n\": 256}"}}
{"op_code":5,"worker_id":"c750b157-6928-49ad-a4ef-d8fb47df51df-132802756511616","trial_id":96,"param_name":"m","param_value_internal":2,"distribution":"{\"name\": \"CategoricalDistribution\", \"attributes\": {\"choices\": [16, 32, 64, 128, 256]}}"}
{"op_code":5,"worker_id":"c750b157-6928-49ad-a4ef-d8fb47df51df-132802756511616","trial_id":96,"param_name":"n","param_value_internal":4,"distribution":"{\"name\": \"CategoricalDistribution\", \"attributes\": {\"choices\": [16, 32, 64, 128, 256]}}"}
{"op_code":5,"worker_id":"c750b157-6928-49ad-a4ef-d8fb47df51df-132802756511616","trial_id":96,"param_name":"k","param_value_internal":0,"distribution":"{\"name\": \"CategoricalDistribution\", \"attributes\": {\"choices\": [16, 32, 64, 128]}}"}
{"op_code":5,"worker_id":"c750b157-6928-49ad-a4ef-d8fb47df51df-132802756511616","trial_id":96,"param_name":"gx","param_value_internal":3,"distribution":"{\"name\": \"CategoricalDistribution\", \"attributes\": {\"choices\": [1, 2, 4, 8]}}"}
{"op_code":5,"worker_id":"c750b157-6928-49ad-a4ef-d8fb47df51df-132802756511616","trial_id":96,"param_name":"gy","param_value_internal":2,"distribution":"{\"name\": \"CategoricalDistribution\", \"attributes\": {\"choices\": [1, 2, 4, 8]}}"}
{"op_code":5,"worker_id":"c750b157-6928-49ad-a4ef-d8fb47df51df-132802756511616","trial_id":96,"param_name":"sub","param_value_internal":0,"distribution":"{\"name\": \"CategoricalDistribution\", \"attributes\": {\"choices\": [32]}}"}
{"op_code":6,"worker_id":"c750b157-6928-49ad-a4ef-d8fb47df51df-132802756511616","trial_id":96,"state":2,"values":null,"datetime_complete":"2026-09-17T21:42:35.310023+00:00"}
{"op_code":4,"worker_id":"c750b157-6928-49ad-a4ef-d8fb47df51df-132802756511616","study_id":0,"datetime_start":"2026-09-17T21:42:35.311628+00:00"}
{"op_code":9,"worker_id":"c750b157-6928-49ad-a4ef-d8fb47df51df-132802756511616","trial_id":97,"system_attr":{"tpe:relative_params:0":"{\"gx\": 1, \"gy\": 4, \"k\": 16, \"m\": 128, \"n\": 256}"}}
{"op_code":5,"worker_id":"c750b157-6928-49ad-a4ef-d8fb47df51df-132802756511616","trial_id":97,"param_name":"m","param_value_internal":3,"distribution":"{\"name\": \"CategoricalDistribution\", \"attributes\": {\"choices\": [16, 32, 64, 128, 256]}}"}
{"op_code":5,"worker_id":"c750b157-6928-49ad-a4ef-d8fb47df51df-132802756511616","trial_id":97,"param_name":"n","param_value_internal":4,"distribution":"{\"name\": \"CategoricalDistribution\", \"attributes\": {\"choices\": [16, 32, 64, 128, 256]}}"}
{"op_code":5,"worker_id":"c750b157-6928-49ad-a4ef-d8fb47df51df-132802756511616","trial_id":97,"param_name":"k","param_value_internal":0,"distribution":"{\"name\": \"CategoricalDistribution\", \"attributes\": {\"choices\": [16, 32, 64, 128]}}"}
{"op_code":5,"worker_id":"c750b157-6928-49ad-a4ef-d8fb47df51df-132802756511616","trial_id":97,"param_name":"gx","param_value_internal":0,"distribution":"{\"name\": \"CategoricalDistribution\", \"attributes\": {\"choices\": [1, 2, 4, 8]}}"}
{"op_code":5,"worker_id":"c750b157-6928-49ad-a4ef-d8fb47df51df-132802756511616","trial_id":97,"param_name":"gy","param_value_internal":2,"distribution":"{\"name\": \"CategoricalDistribution\", \"attributes\": {\"choices\": [1, 2, 4, 8]}}"}
{"op_code":5,"worker_id":"c750b157-6928-49ad-a4ef-d8fb47df51df-132802756511616","trial_id":97,"param_name":"sub","param_value_internal":0,"distribution":"{\"name\": \"CategoricalDistribution\", \"attributes\": {\"choices\": [32]}}"}
{"op_code":6,"worker_id":"c750b157-6928-49ad-a4ef-d8fb47df51df-132802756511616","trial_id":97,"state":2,"values":null,"datetime_complete":"2026-09-17T21:42:35.325021+00:00"}
{"op_code":4,"worker_id":"c750b157-6928-49ad-a4ef-d8fb47df51df-132802756511616","study_id":0,"datetime_start":"2026-09-17T21:42:35.326721+00:00"}
{"op_code":9,"worker_id":"c750b157-6928-49ad-a4ef-d8fb47df51df-132802756511616","trial_id":98,"system_attr":{"tpe:relative_params:0":"{\"gx\": 2, \"gy\": 8, \"k\": 16, \"m\": 128, \"n\": 256}"}}
{"op_code":5,"worker_id":"c750b157-6928-49ad-a4ef-d8fb47df51df-132802756511616","trial_id":98,"param_name":"m","param_value_internal":3,"distribution":"{\"name\": \"CategoricalDistribution\", \"attributes\": {\"choices\": [16, 32, 64, 128, 256]}}"}
{"op_code":5,"worker_id":"c750b157-6928-49ad-a4ef-d8fb47df51df-132802756511616","trial_id":98,"param_name":"n","param_value_internal":4,"distribution":"{\"name\": \"CategoricalDistribution\", \"attributes\": {\"choices\": [16, 32, 64, 128, 256]}}"}
{"op_code":5,"worker_id":"c750b157-6928-49ad-a4ef-d8fb47df51df-132802756511616","trial_id":98,"param_name":"k","param_value_internal":0,"distribution":"{\"name\": \"CategoricalDistribution\", \"attributes\": {\"choices\": [16, 32, 64, 128]}}"}
{"op_code":5,"worker_id":"c750b157-6928-49ad-a4ef-d8fb47df51df-132802756511616","trial_id":98,"param_name":"gx","param_value_internal":1,"distribution":"{\"name\": \"CategoricalDistribution\", \"attributes\": {\"choices\": [1, 2, 4, 8]}}"}
{"op_code":5,"worker_id":"c750b157-6928-49ad-a4ef-d8fb47df51df-132802756511616","trial_id":98,"param_name":"gy","param_value_internal":3,"distribution":"{\"name\": \"CategoricalDistribution\", \"attributes\": {\"choices\": [1, 2, 4, 8]}}"}
{"op_code":5,"worker_id":"c750b157-6928-49ad-a4ef-d8fb47df51df-132802756511616","trial_id":98,"param_name":"sub","param_value_internal":0,"distribution":"{\"name\": \"CategoricalDistribution\", \"attributes\": {\"choices\": [32]}}"}
{"op_code":6,"worker_id":"c750b157-6928-49ad-a4ef-d8fb47df51df-132802756511616","trial_id":98,"state":2,"values":null,"datetime_complete":"2026-09-17T21:42:35.341573+00:00"}
{"op_code":4,"worker_id":"c750b157-6928-49ad-a4ef-d8fb47df51df-132802756511616","study_id":0,"datetime_start":"2026-09-17T21:42:35.343382+00:00"}
{"op_code":9,"worker_id":"c750b157-6928-49ad-a4ef-d8fb47df51df-132802756511616","trial_id":99,"system_attr":{"tpe:relative_params:0":"{\"gx\": 2, \"gy\": 4, \"k\": 16, \"m\": 64, \"n\": 16}"}}
{"op_code":5,"worker_id":"c750b157-6928-49ad-a4ef-d8fb47df51df-132802756511616","trial_id":99,"param_name":"m","param_value_internal":2,"distribution":"{\"name\": \"CategoricalDistribution\", \"attributes\": {\"choices\": [16, 32, 64, 128, 256]}}"}
{"op_code":5,"worker_id":"c750b157-6928-49ad-a4ef-d8fb47df51df-132802756511616","trial_id":99,"param_name":"n","param_value_internal":0,"distribution":"{\"name\": \"CategoricalDistribution\", \"attributes\": {\"choices\": [16, 32, 64, 128, 256]}}"}
{"op_code":5,"worker_id":"c750b157-6928-49ad-a4ef-d8fb47df51df-132802756511616","trial_id":99,"param_name":"k","param_value_internal":0,"distribution":"{\"name\": \"CategoricalDistribution\", \"attributes\": {\"choices\": [16, 32, 64, 128]}}"}
{"op_code":5,"worker_id":"c750b157-6928-49ad-a4ef-d8fb47df51df-132802756511616","trial_id":99,"param_name":"gx","param_value_internal":1,"distribution":"{\"name\": \"CategoricalDistribution\", \"attributes\": {\"choices\": [1, 2, 4, 8]}}"}
{"op_code":5,"worker_id":"c750b157-6928-49ad-a4ef-d8fb47df51df-132802756511616","trial_id":99,"param_name":"gy","param_value_internal":2,"distribution":"{\"name\": \"CategoricalDistribution\", \"attributes\": {\"choices\": [1, 2, 4, 8]}}"}
{"op_code":5,"worker_id":"c750b157-6928-49ad-a4ef-d8fb47df51df-132802756511616","trial_id":99,"param_name":"sub","param_value_internal":0,"distribution":"{\"name\": \"CategoricalDistribution\", \"attributes\": {\"choices\": [32]}}"}
{"op_code":6,"worker_id":"c750b157-6928-49ad-a4ef-d8fb47df51df-132802756511616","trial_id":99,"state":2,"values":null,"datetime_complete":"2026-09-17T21:42:35.357199+00:00"}
{"op_code":4,"worker_id":"c750b157-6928-49ad-a4ef-d8fb47df51df-132802756511616","study_id":0,"datetime_start":"2026-09-17T21:42:35.358864+00:00"}
{"op_code":9,"worker_id":"c750b157-6928-49ad-a4ef-d8fb47df51df-132802756511616","trial_id":100,"system_attr":{"tpe:relative_params:0":"{\"gx\": 2, \"gy\": 2, \"k\": 16, \"m\": 32, \"n\": 256}"}}
{"op_code":5,"worker_id":"c750b157-6928-49ad-a4ef-d8fb47df51df-132802756511616","trial_id":100,"param_name":"m","param_value_internal":1,"distribution":"{\"name\": \"CategoricalDistribution\", \"attributes\": {\"choices\": [16, 32, 64, 128, 256]}}"}
{"op_code":5,"worker_id":"c750b157-6928-49ad-a4ef-d8fb47df51df-132802756511616","trial_id":100,"param_name":"n","param_value_internal":4,"distribution":"{\"name\": \"CategoricalDistribution\", \"attributes\": {\"choices\": [16, 32, 64, 128, 256]}}"}
{"op_code":5,"worker_id":"c750b157-6928-49ad-a4ef-d8fb47df51df-132802756511616","trial_id":100,"param_name":"k","param_value_internal":0,"distribution":"{\"name\": \"CategoricalDistribution\", \"attributes\": {\"choices\": [16, 32, 64, 128]}}"}
{"op_code":5,"worker_id":"c750b157-6928-49ad-a4ef-d8fb47df51df-132802756511616","trial_id":100,"param_name":"gx","param_value_internal":1,"distribution":"{\"name\": \"CategoricalDistribution\", \"attributes\": {\"choices\": [1, 2, 4, 8]}}"}
{"op_code":5,"worker_id":"c750b157-6928-49ad-a4ef-d8fb47df51df-132802756511616","trial_id":100,"param_name":"gy","param_value_internal":1,"distribution":"{\"name\": \"CategoricalDistribution\", \"attributes\": {\"choices\": [1, 2, 4, 8]}}"}
{"op_code":5,"worker_id":"c750b157-6928-49ad-a4ef-d8fb47df51df-132802756511616","trial_id":100,"param_name":"sub","param_value_internal":0,"distribution":"{\"name\": \"CategoricalDistribution\", \"attributes\": {\"choices\": [32]}}"}
{"op_code":6,"worker_id":"c750b157-6928-49ad-a4ef-d8fb47df51df-132802756511616","trial_id":100,"state":2,"values":null,"datetime_complete":"2026-09-17T21:42:35.372753+00:00"}
{"op_code":4,"worker_id":"c750b157-6928-49ad-a4ef-d8fb47df51df-132802756511616","study_id":0,"datetime_start":"2026-09-17T21:42:35.374527+00:00"}
{"op_code":9,"worker_id":"c750b157-6928-49ad-a4ef-d8fb47df51df-132802756511616","trial_id":101,"system_attr":{"tpe:relative_params:0":"{\"gx\": 4, \"gy\": 1, \"k\": 32, \"m\": 16, \"n\": 128}"}}
{"op_code":5,"worker_id":"c750b157-6928-49ad-a4ef-d8fb47df51df-132802756511616","trial_id":101,"param_name":"m","param_value_internal":0,"distribution":"{\"name\": \"CategoricalDistribution\", \"attributes\": {\"choices\": [16, 32, 64, 128, 256]}}"}
{"op_code":5,"worker_id":"c750b157-6928-49ad-a4ef-d8fb47df51df-132802756511616","trial_id":101,"param_name":"n","param_value_internal":3,"distribution":"{\"name\": \"CategoricalDistribution\", \"attributes\": {\"choices\": [16, 32, 64, 128, 256]}}"}
{"op_code":5,"worker_id":"c750b157-6928-49ad-a4ef-d8fb47df51df-132802756511616","trial_id":101,"param_name":"k","param_value_internal":1,"distribution":"{\"name\": \"CategoricalDistribution\", \"attributes\": {\"choices\": [16, 32, 64, 128]}}"}
{"op_code":5,"worker_id":"c750b157-6928-49ad-a4ef-d8fb47df51df-132802756511616","trial_id":101,"param_name":"gx","param_value_internal":2,"distribution":"{\"name\": \"CategoricalDistribution\", \"attributes\": {\"choices\": [1, 2, 4, 8]}}"}
{"op_code":5,"worker_id":"c750b157-6928-49ad-a4ef-d8fb47df51df-132802756511616","trial_id":101,"param_name":"gy","param_value_internal":0,"distribution":"{\"name\": \"CategoricalDistribution\", \"attributes\": {\"choices\": [1, 2, 4, 8]}}"}
{"op_code":5,"worker_id":"c750b157-6928-49ad-a4ef-d8fb47df51df-132802756511616","trial_id":101,"param_name":"sub","param_value_internal":0,"distribution":"{\"name\": \"CategoricalDistribution\", \"attributes\": {\"choices\": [32]}}"}
{"op_code":6,"worker_id":"c750b157-6928-49ad-a4ef-d8fb47df51df-132802756511616","trial_id":101,"state":2,"values":null,"datetime_complete":"2026-09-17T21:42:35.388261+00:00"}
{"op_code":4,"worker_id":"c750b157-6928-49ad-a4ef-d8fb47df51df-132802756511616","study_id":0,"datetime_start":"2026-09-17T21:42:35.389850+00:00"}
{"op_code":9,"worker_id":"c750b157-6928-49ad-a4ef-d8fb47df51df-132802756511616","trial_id":102,"system_attr":{"tpe:relative_params:0":"{\"gx\": 1, \"gy\": 2, \"k\": 16, \"m\": 128, \"n\": 128}"}}
{"op_code":5,"worker_id":"c750b157-6928-49ad-a4ef-d8fb47df51df-132802756511616","trial_id":102,"param_name":"m","param_value_internal":3,"distribution":"{\"name\": \"CategoricalDistribution\", \"attributes\": {\"choices\": [16, 32, 64, 128, 256]}}"}
{"op_code":5,"worker_id":"c750b157-6928-49ad-a4ef-d8fb47df51df-132802756511616","trial_id":102,"param_name":"n","param_value_internal":3,"distribution":"{\"name\": \"CategoricalDistribution\", \"attributes\": {\"choices\": [16, 32, 64, 128, 256]}}"}
{"op_code":5,"worker_id":"c750b157-6928-49ad-a4ef-d8fb47df51df-132802756511616","trial_id":102,"param_name":"k","param_value_internal":0,"distribution":"{\"name\": \"CategoricalDistribution\", \"attributes\": {\"choices\": [16, 32, 64, 128]}}"}
{"op_code":5,"worker_id":"c750b157-6928-49ad-a4ef-d8fb47df51df-132802756511616","trial_id":102,"param_name":"gx","param_value_internal":0,"distribution":"{\"name\": \"CategoricalDistribution\", \"attributes\": {\"choices\": [1, 2, 4, 8]}}"}
{"op_code":5,"worker_id":"c750b157-6928-49ad-a4ef-d8fb47df51df-132802756511616","trial_id":102,"param_name":"gy","param_value_internal":1,"distribution":"{\"name\": \"CategoricalDistribution\", \"attributes\": {\"choices\": [1, 2, 4, 8]}}"}
{"op_code":5,"worker_id":"c750b157-6928-49ad-a4ef-d8fb47df51df-132802756511616","trial_id":102,"param_name":"sub","param_value_internal":0,"distribution":"{\"name\": \"CategoricalDistribution\", \"attributes\": {\"choices\": [32]}}"}
{"op_code":8,"worker_id":"c750b157-6928-49ad-a4ef-d8fb47df51df-132802756511616","trial_id":102,"user_attr":{"token":"tsweep_t128x128k16g12s32"}}
{"op_code":4,"worker_id":"c750b157-6928-49ad-a4ef-d8fb47df51df-132802756511616","study_id":0,"datetime_start":"2026-09-17T21:42:35.404739+00:00"}
{"op_code":9,"worker_id":"c750b157-6928-49ad-a4ef-d8fb47df51df-132802756511616","trial_id":103,"system_attr":{"tpe:relative_params:0":"{\"gx\": 1, \"gy\": 4, \"k\": 32, \"m\": 128, \"n\": 32}"}}
{"op_code":5,"worker_id":"c750b157-6928-49ad-a4ef-d8fb47df51df-132802756511616","trial_id":103,"param_name":"m","param_value_internal":3,"distribution":"{\"name\": \"CategoricalDistribution\", \"attributes\": {\"choices\": [16, 32, 64, 128, 256]}}"}
{"op_code":5,"worker_id":"c750b157-6928-49ad-a4ef-d8fb47df51df-132802756511616","trial_id":103,"param_name":"n","param_value_internal":1,"distribution":"{\"name\": \"CategoricalDistribution\", \"attributes\": {\"choices\": [16, 32, 64, 128, 256]}}"}
{"op_code":5,"worker_id":"c750b157-6928-49ad-a4ef-d8fb47df51df-132802756511616","trial_id":103,"param_name":"k","param_value_internal":1,"distribution":"{\"name\": \"CategoricalDistribution\", \"attributes\": {\"choices\": [16, 32, 64, 128]}}"}
{"op_code":5,"worker_id":"c750b157-6928-49ad-a4ef-d8fb47df51df-132802756511616","trial_id":103,"param_name":"gx","param_value_internal":0,"distribution":"{\"name\": \"CategoricalDistribution\", \"attributes\": {\"choices\": [1, 2, 4, 8]}}"}
{"op_code":5,"worker_id":"c750b157-6928-49ad-a4ef-d8fb47df51df-132802756511616","trial_id":103,"param_name":"gy","param_value_internal":2,"distribution":"{\"name\": \"CategoricalDistribution\", \"attributes\": {\"choices\": [1, 2, 4, 8]}}"}
{"op_code":5,"worker_id":"c750b157-6928-49ad-a4ef-d8fb47df51df-132802756511616","trial_id":103,"param_name":"sub","param_value_internal":0,"distribution":"{\"name\": \"CategoricalDistribution\", \"attributes\": {\"choices\": [32]}}"}
{"op_code":8,"worker_id":"c750b157-6928-49ad-a4ef-d8fb47df51df-132802756511616","trial_id":103,"user_attr":{"token":"tsweep_t128x32k32g14s32"}}
{"op_code":4,"worker_id":"c750b157-6928-49ad-a4ef-d8fb47df51df-132802756511616","study_id":0,"datetime_start":"2026-09-17T21:42:35.419823+00:00"}
{"op_code":9,"worker_id":"c750b157-6928-49ad-a4ef-d8fb47df51df-132802756511616","trial_id":104,"system_attr":{"tpe:relative_params:0":"{\"gx\": 2, \"gy\": 1, \"k\": 16, \"m\": 64, \"n\": 256}"}}
{"op_code":5,"worker_id":"c750b157-6928-49ad-a4ef-d8fb47df51df-132802756511616","trial_id":104,"param_name":"m","param_value_internal":2,"distribution":"{\"name\": \"CategoricalDistribution\", \"attributes\": {\"choices\": [16, 32, 64, 128, 256]}}"}
{"op_code":5,"worker_id":"c750b157-6928-49ad-a4ef-d8fb47df51df-132802756511616","trial_id":104,"param_name":"n","param_value_internal":4,"distribution":"{\"name\": \"CategoricalDistribution\", \"attributes\": {\"choices\": [16, 32, 64, 128, 256]}}"}
{"op_code":5,"worker_id":"c750b157-6928-49ad-a4ef-d8fb47df51df-132802756511616","trial_id":104,"param_name":"k","param_value_internal":0,"distribution":"{\"name\": \"CategoricalDistribution\", \"attributes\": {\"choices\": [16, 32, 64, 128]}}"}
{"op_code":5,"worker_id":"c750b157-6928-49ad-a4ef-d8fb47df51df-132802756511616","trial_id":104,"param_name":"gx","param_value_internal":1,"distribution":"{\"name\": \"CategoricalDistribution\", \"attributes\": {\"choices\": [1, 2, 4, 8]}}"}
{"op_code":5,"worker_id":"c750b157-6928-49ad-a4ef-d8fb47df51df-132802756511616","trial_id":104,"param_name":"gy","param_value_internal":0,"distribution":"{\"name\": \"CategoricalDistribution\", \"attributes\": {\"choices\": [1, 2, 4, 8]}}"}
{"op_code":5,"worker_id":"c750b157-6928-49ad-a4ef-d8fb47df51df-132802756511616","trial_id":104,"param_name":"sub","param_value_internal":0,"distribution":"{\"name\": \"CategoricalDistribution\", \"attributes\": {\"choices\": [32]}}"}
{"op_code":8,"worker_id":"c750b157-6928-49ad-a4ef-d8fb47df51df-132802756511616","trial_id":104,"user_attr":{"token":"tsweep_t64x256k16g21s32"}}
{"op_code":4,"worker_id":"c750b157-6928-49ad-a4ef-d8fb47df51df-132802756511616","study_id":0,"datetime_start":"2026-09-17T21:42:35.435488+00:00"}
{"op_code":9,"worker_id":"c750b157-6928-49ad-a4ef-d8fb47df51df-132802756511616","trial_id":105,"system_attr":{"tpe:relative_params:0":"{\"gx\": 8, \"gy\": 2, \"k\": 16, \"m\": 128, \"n\": 64}"}}
{"op_code":5,"worker_id":"c750b157-6928-49ad-a4ef-d8fb47df51df-132802756511616","trial_id":105,"param_name":"m","param_value_internal":3,"distribution":"{\"name\": \"CategoricalDistribution\", \"attributes\": {\"choices\": [16, 32, 64, 128, 256]}}"}
{"op_code":5,"worker_id":"c750b157-6928-49ad-a4ef-d8fb47df51df-132802756511616","trial_id":105,"param_name":"n","param_value_internal":2,"distribution":"{\"name\": \"CategoricalDistribution\", \"attributes\": {\"choices\": [16, 32, 64, 128, 256]}}"}
{"op_code":5,"worker_id":"c750b157-6928-49ad-a4ef-d8fb47df51df-132802756511616","trial_id":105,"param_name":"k","param_value_internal":0,"distribution":"{\"name\": \"CategoricalDistribution\", \"attributes\": {\"choices\": [16, 32, 64, 128]}}"}
{"op_code":5,"worker_id":"c750b157-6928-49ad-a4ef-d8fb47df51df-132802756511616","trial_id":105,"param_name":"gx","param_value_internal":3,"distribution":"{\"name\": \"CategoricalDistribution\", \"attributes\": {\"choices\": [1, 2, 4, 8]}}"}
{"op_code":5,"worker_id":"c750b157-6928-49ad-a4ef-d8fb47df51df-132802756511616","trial_id":105,"param_name":"gy","param_value_internal":1,"distribution":"{\"name\": \"CategoricalDistribution\", \"attributes\": {\"choices\": [1, 2, 4, 8]}}"}
{"op_code":5,"worker_id":"c750b157-6928-49ad-a4ef-d8fb47df51df-132802756511616","trial_id":105,"param_name":"sub","param_value_internal":0,"distribution":"{\"name\": \"CategoricalDistribution\", \"attributes\": {\"choices\": [32]}}"}
{"op_code":6,"worker_id":"c750b157-6928-49ad-a4ef-d8fb47df51df-132802756511616","trial_id":105,"state":2,"values":null,"datetime_complete":"2026-09-17T21:42:35.449133+00:00"}
{"op_code":4,"worker_id":"c750b157-6928-49ad-a4ef-d8fb47df51df-132802756511616","study_id":0,"datetime_start":"2026-09-17T21:42:35.450751+00:00"}
{"op_code":9,"worker_id":"c750b157-6928-49ad-a4ef-d8fb47df51df-132802756511616","trial_id":106,"system_attr":{"tpe:relative_params:0":"{\"gx\": 4, \"gy\": 2, \"k\": 64, \"m\": 64, \"n\": 64}"}}
{"op_code":5,"worker_id":"c750b157-6928-49ad-a4ef-d8fb47df51df-132802756511616","trial_id":106,"param_name":"m","param_value_internal":2,"distribution":"{\"name\": \"CategoricalDistribution\", \"attributes\": {\"choices\": [16, 32, 64, 128, 256]}}"}
{"op_code":5,"worker_id":"c750b157-6928-49ad-a4ef-d8fb47df51df-132802756511616","trial_id":106,"param_name":"n","param_value_internal":2,"distribution":"{\"name\": \"CategoricalDistribution\", \"attributes\": {\"choices\": [16, 32, 64, 128, 256]}}"}
{"op_code":5,"worker_id":"c750b157-6928-49ad-a4ef-d8fb47df51df-132802756511616","trial_id":106,"param_name":"k","param_value_internal":2,"distribution":"{\"name\": \"CategoricalDistribution\", \"attributes\": {\"choices\": [16, 32, 64, 128]}}"}
{"op_code":5,"worker_id":"c750b157-6928-49ad-a4ef-d8fb47df51df-132802756511616","trial_id":106,"param_name":"gx","param_value_internal":2,"distribution":"{\"name\": \"CategoricalDistribution\", \"attributes\": {\"choices\": [1, 2, 4, 8]}}"}
{"op_code":5,"worker_id":"c750b157-6928-49ad-a4ef-d8fb47df51df-132802756511616","trial_id":106,"param_name":"gy","param_value_internal":1,"distribution":"{\"name\": \"CategoricalDistribution\", \"attributes\": {\"choices\": [1, 2, 4, 8]}}"}
{"op_code":5,"worker_id":"c750b157-6928-49ad-a4ef-d8fb47df51df-132802756511616","trial_id":106,"param_name":"sub","param_value_internal":0,"distribution":"{\"name\": \"CategoricalDistribution\", \"attributes\": {\"choices\": [32]}}"}
{"op_code":6,"worker_id":"c750b157-6928-49ad-a4ef-d8fb47df51df-132802756511616","trial_id":106,"state":2,"values":null,"datetime_complete":"2026-09-17T21:42:35.464083+00:00"}
{"op_code":4,"worker_id":"c750b157-6928-49ad-a4ef-d8fb47df51df-132802756511616","study_id":0,"datetime_start":"2026-09-17T21:42:35.465686+00:00"}
{"op_code":9,"worker_id":"c750b157-6928-49ad-a4ef-d8fb47df51df-132802756511616","trial_id":107,"system_attr":{"tpe:relative_params:0":"{\"gx\": 1, \"gy\": 2, \"k\": 64, \"m\": 64, \"n\": 256}"}}
{"op_code":5,"worker_id":"c750b157-6928-49ad-a4ef-d8fb47df51df-132802756511616","trial_id":107,"param_name":"m","param_value_internal":2,"distribution":"{\"name\": \"CategoricalDistribution\", \"attributes\": {\"choices\": [16, 32, 64, 128, 256]}}"}
{"op_code":5,"worker_id":"c750b157-6928-49ad-a4ef-d8fb47df51df-132802756511616","trial_id":107,"param_name":"n","param_value_internal":4,"distribution":"{\"name\": \"CategoricalDistribution\", \"attributes\": {\"choices\": [16, 32, 64, 128, 256]}}"}
{"op_code":5,"worker_id":"c750b157-6928-49ad-a4ef-d8fb47df51df-132802756511616","trial_id":107,"param_name":"k","param_value_internal":2,"distribution":"{\"name\": \"CategoricalDistribution\", \"attributes\": {\"choices\": [16, 32, 64, 128]}}"}
{"op_code":5,"worker_id":"c750b157-6928-49ad-a4ef-d8fb47df51df-132802756511616","trial_id":107,"param_name":"gx","param_value_internal":0,"distribution":"{\"name\": \"CategoricalDistribution\", \"attributes\": {\"choices\": [1, 2, 4, 8]}}"}
{"op_code":5,"worker_id":"c750b157-6928-49ad-a4ef-d8fb47df51df-132802756511616","trial_id":107,"param_name":"gy","param_value_internal":1,"distribution":"{\"name\": \"CategoricalDistribution\", \"attributes\": {\"choices\": [1, 2, 4, 8]}}"}
{"op_code":5,"worker_id":"c750b157-6928-49ad-a4ef-d8fb47df51df-132802756511616","trial_id":107,"param_name":"sub","param_value_internal":0,"distribution":"{\"name\": \"CategoricalDistribution\", \"attributes\": {\"choices\": [32]}}"}
{"op_code":6,"worker_id":"c750b157-6928-49ad-a4ef-d8fb47df51df-132802756511616","trial_id":107,"state":2,"values":null,"datetime_complete":"2026-09-17T21:42:35.479377+00:00"}
{"op_code":4,"worker_id":"c750b157-6928-49ad-a4ef-d8fb47df51df-132802756511616","study_id":0,"datetime_start":"2026-09-17T21:42:35.481034+00:00"}
{"op_code":9,"worker_id":"c750b157-6928-49ad-a4ef-d8fb47df51df-132802756511616","trial_id":108,"system_attr":{"tpe:relative_params:0":"{\"gx\": 1, \"gy\": 2, \"k\": 32, \"m\": 128, \"n\": 16}"}}
{"op_code":5,"worker_id":"c750b157-6928-49ad-a4ef-d8fb47df51df-132802756511616","trial_id":108,"param_name":"m","param_value_internal":3,"distribution":"{\"name\": \"CategoricalDistribution\", \"attributes\": {\"choices\": [16, 32, 64, 128, 256]}}"}
{"op_code":5,"worker_id":"c750b157-6928-49ad-a4ef-d8fb47df51df-132802756511616","trial_id":108,"param_name":"n","param_value_internal":0,"distribution":"{\"name\": \"CategoricalDistribution\", \"attributes\": {\"choices\": [16, 32, 64, 128, 256]}}"}
{"op_code":5,"worker_id":"c750b157-6928-49ad-a4ef-d8fb47df51df-132802756511616","trial_id":108,"param_name":"k","param_value_internal":1,"distribution":"{\"name\": \"CategoricalDistribution\", \"attributes\": {\"choices\": [16, 32, 64, 128]}}"}
{"op_code":5,"worker_id":"c750b157-6928-49ad-a4ef-d8fb47df51df-132802756511616","trial_id":108,"param_name":"gx","param_value_internal":0,"distribution":"{\"name\": \"CategoricalDistribution\", \"attributes\": {\"choices\": [1, 2, 4, 8]}}"}
{"op_code":5,"worker_id":"c750b157-6928-49ad-a4ef-d8fb47df51df-132802756511616","trial_id":108,"param_name":"gy","param_value_internal":1,"distribution":"{\"name\": \"CategoricalDistribution\", \"attributes\": {\"choices\": [1, 2, 4, 8]}}"}
{"op_code":5,"worker_id":"c750b157-6928-49ad-a4ef-d8fb47df51df-132802756511616","trial_id":108,"param_name":"sub","param_value_internal":0,"distribution":"{\"name\": \"CategoricalDistribution\", \"attributes\": {\"choices\": [32]}}"}
{"op_code":8,"worker_id":"c750b157-6928-49ad-a4ef-d8fb47df51df-132802756511616","trial_id":108,"user_attr":{"token":"tsweep_t128x16k32g12s32"}}
{"op_code":4,"worker_id":"c750b157-6928-49ad-a4ef-d8fb47df51df-132802756511616","study_id":0,"datetime_start":"2026-09-17T21:42:35.496942+00:00"}
{"op_code":9,"worker_id":"c750b157-6928-49ad-a4ef-d8fb47df51df-132802756511616","trial_id":109,"system_attr":{"tpe:relative_params:0":"{\"gx\": 2, \"gy\": 2, \"k\": 16, \"m\": 256, \"n\": 128}"}}
{"op_code":5,"worker_id":"c750b157-6928-49ad-a4ef-d8fb47df51df-132802756511616","trial_id":109,"param_name":"m","param_value_internal":4,"distribution":"{\"name\": \"CategoricalDistribution\", \"attributes\": {\"choices\": [16, 32, 64, 128, 256]}}"}
{"op_code":5,"worker_id":"c750b157-6928-49ad-a4ef-d8fb47df51df-132802756511616","trial_id":109,"param_name":"n","param_value_internal":3,"distribution":"{\"name\": \"CategoricalDistribution\", \"attributes\": {\"choices\": [16, 32, 64, 128, 256]}}"}
{"op_code":5,"worker_id":"c750b157-6928-49ad-a4ef-d8fb47df51df-132802756511616","trial_id":109,"param_name":"k","param_value_internal":0,"distribution":"{\"name\": \"CategoricalDistribution\", \"attributes\": {\"choices\": [16, 32, 64, 128]}}"}
{"op_code":5,"worker_id":"c750b157-6928-49ad-a4ef-d8fb47df51df-132802756511616","trial_id":109,"param_name":"gx","param_value_internal":1,"distribution":"{\"name\": \"CategoricalDistribution\", \"attributes\": {\"choices\": [1, 2, 4, 8]}}"}
{"op_code":5,"worker_id":"c750b157-6928-49ad-a4ef-d8fb47df51df-132802756511616","trial_id":109,"param_name":"gy","param_value_internal":1,"distribution":"{\"name\": \"CategoricalDistribution\", \"attributes\": {\"choices\": [1, 2, 4, 8]}}"}
{"op_code":5,"worker_id":"c750b157-6928-49ad-a4ef-d8fb47df51df-132802756511616","trial_id":109,"param_name":"sub","param_value_internal":0,"distribution":"{\"name\": \"CategoricalDistribution\", \"attributes\": {\"choices\": [32]}}"}
{"op_code":8,"worker_id":"c750b157-6928-49ad-a4ef-d8fb47df51df-132802756511616","trial_id":109,"user_attr":{"token":"tsweep_t256x128k16g22s32"}}
{"op_code":4,"worker_id":"c750b157-6928-49ad-a4ef-d8fb47df51df-132802756511616","study_id":0,"datetime_start":"2026-09-17T21:42:35.512601+00:00"}
{"op_code":9,"worker_id":"c750b157-6928-49ad-a4ef-d8fb47df51df-132802756511616","trial_id":110,"system_attr":{"tpe:relative_params:0":"{\"gx\": 2, \"gy\": 2, \"k\": 32, \"m\": 64, \"n\": 64}"}}
{"op_code":5,"worker_id":"c750b157-6928-49ad-a4ef-d8fb47df51df-132802756511616","trial_id":110,"param_name":"m","param_value_internal":2,"distribution":"{\"name\": \"CategoricalDistribution\", \"attributes\": {\"choices\": [16, 32, 64, 128, 256]}}"}
{"op_code":5,"worker_id":"c750b157-6928-49ad-a4ef-d8fb47df51df-132802756511616","trial_id":110,"param_name":"n","param_value_internal":2,"distribution":"{\"name\": \"CategoricalDistribution\", \"attributes\": {\"choices\": [16, 32, 64, 128, 256]}}"}
{"op_code":5,"worker_id":"c750b157-6928-49ad-a4ef-d8fb47df51df-132802756511616","trial_id":110,"param_name":"k","param_value_internal":1,"distribution":"{\"name\": \"CategoricalDistribution\", \"attributes\": {\"choices\": [16, 32, 64, 128]}}"}
{"op_code":5,"worker_id":"c750b157-6928-49ad-a4ef-d8fb47df51df-132802756511616","trial_id":110,"param_name":"gx","param_value_internal":1,"distribution":"{\"name\": \"CategoricalDistribution\", \"attributes\": {\"choices\": [1, 2, 4, 8]}}"}
{"op_code":5,"worker_id":"c750b157-6928-49ad-a4ef-d8fb47df51df-132802756511616","trial_id":110,"param_name":"gy","param_value_internal":1,"distribution":"{\"name\": \"CategoricalDistribution\", \"attributes\": {\"choices\": [1, 2, 4, 8]}}"}
{"op_code":5,"worker_id":"c750b157-6928-49ad-a4ef-d8fb47df51df-132802756511616","trial_id":110,"param_name":"sub","param_value_internal":0,"distribution":"{\"name\": \"CategoricalDistribution\", \"attributes\": {\"choices\": [32]}}"}
{"op_code":8,"worker_id":"c750b157-6928-49ad-a4ef-d8fb47df51df-132802756511616","trial_id":110,"user_attr":{"token":"tsweep_t64x64k32g22s32"}}
{"op_code":4,"worker_id":"c750b157-6928-49ad-a4ef-d8fb47df51df-132802756511616","study_id":0,"datetime_start":"2026-09-17T21:42:35.527903+00:00"}
{"op_code":9,"worker_id":"c750b157-6928-49ad-a4ef-d8fb47df51df-132802756511616","trial_id":111,"system_attr":{"tpe:relative_params:0":"{\"gx\": 4, \"gy\": 2, \"k\": 128, \"m\": 64, \"n\": 64}"}}
{"op_code":5,"worker_id":"c750b157-6928-49ad-a4ef-d8fb47df51df-132802756511616","trial_id":111,"param_name":"m","param_value_internal":2,"distribution":"{\"name\": \"CategoricalDistribution\", \"attributes\": {\"choices\": [16, 32, 64, 128, 256]}}"}
{"op_code":5,"worker_id":"c750b157-6928-49ad-a4ef-d8fb47df51df-132802756511616","trial_id":111,"param_name":"n","param_value_internal":2,"distribution":"{\"name\": \"CategoricalDistribution\", \"attributes\": {\"choices\": [16, 32, 64, 128, 256]}}"}
{"op_code":5,"worker_id":"c750b157-6928-49ad-a4ef-d8fb47df51df-132802756511616","trial_id":111,"param_name":"k","param_value_internal":3,"distribution":"{\"name\": \"CategoricalDistribution\", \"attributes\": {\"choices\": [16, 32, 64, 128]}}"}
{"op_code":5,"worker_id":"c750b157-6928-49ad-a4ef-d8fb47df51df-132802756511616","trial_id":111,"param_name":"gx","param_value_internal":2,"distribution":"{\"name\": \"CategoricalDistribution\", \"attributes\": {\"choices\": [1, 2, 4, 8]}}"}
{"op_code":5,"worker_id":"c750b157-6928-49ad-a4ef-d8fb47df51df-132802756511616","trial_id":111,"param_name":"gy","param_value_internal":1,"distribution":"{\"name\": \"CategoricalDistribution\", \"attributes\": {\"choices\": [1, 2, 4, 8]}}"}
{"op_code":5,"worker_id":"c750b157-6928-49ad-a4ef-d8fb47df51df-132802756511616","trial_id":111,"param_name":"sub","param_value_internal":0,"distribution":"{\"name\": \"CategoricalDistribution\", \"attributes\": {\"choices\": [32]}}"}
{"op_code":6,"worker_id":"c750b157-6928-49ad-a4ef-d8fb47df51df-132802756511616","trial_id":111,"state":2,"values":null,"datetime_complete":"2026-09-17T21:42:35.541661+00:00"}
{"op_code":4,"worker_id":"c750b157-6928-49ad-a4ef-d8fb47df51df-132802756511616","study_id":0,"datetime_start":"2026-09-17T21:42:35.543299+00:00"}
{"op_code":9,"worker_id":"c750b157-6928-49ad-a4ef-d8fb47df51df-132802756511616","trial_id":112,"system_attr":{"tpe:relative_params:0":"{\"gx\": 2, \"gy\": 1, \"k\": 16, \"m\": 32, \"n\": 64}"}}
{"op_code":5,"worker_id":"c750b157-6928-49ad-a4ef-d8fb47df51df-132802756511616","trial_id":112,"param_name":"m","param_value_internal":1,"distribution":"{\"name\": \"CategoricalDistribution\", \"attributes\": {\"choices\": [16, 32, 64, 128, 256]}}"}
{"op_code":5,"worker_id":"c750b157-6928-49ad-a4ef-d8fb47df51df-132802756511616","trial_id":112,"param_name":"n","param_value_internal":2,"distribution":"{\"name\": \"CategoricalDistribution\", \"attributes\": {\"choices\": [16, 32, 64, 128, 256]}}"}
{"op_code":5,"worker_id":"c750b157-6928-49ad-a4ef-d8fb47df51df-132802756511616","trial_id":112,"param_name":"k","param_value_internal":0,"distribution":"{\"name\": \"CategoricalDistribution\", \"attributes\": {\"choices\": [16, 32, 64, 128]}}"}
{"op_code":5,"worker_id":"c750b157-6928-49ad-a4ef-d8fb47df51df-132802756511616","trial_id":112,"param_name":"gx","param_value_internal":1,"distribution":"{\"name\": \"CategoricalDistribution\", \"attributes\": {\"choices\": [1, 2, 4, 8]}}"}
{"op_code":5,"worker_id":"c750b157-6928-49ad-a4ef-d8fb47df51df-132802756511616","trial_id":112,"param_name":"gy","param_value_internal":0,"distribution":"{\"name\": \"CategoricalDistribution\", \"attributes\": {\"choices\": [1, 2, 4, 8]}}"}
{"op_code":5,"worker_id":"c750b157-6928-49ad-a4ef-d8fb47df51df-132802756511616","trial_id":112,"param_name":"sub","param_value_internal":0,"distribution":"{\"name\": \"CategoricalDistribution\", \"attributes\": {\"choices\": [32]}}"}
{"op_code":8,"worker_id":"c750b157-6928-49ad-a4ef-d8fb47df51df-132802756511616","trial_id":112,"user_attr":{"token":"tsweep_t32x64k16g21s32"}}
{"op_code":4,"worker_id":"c750b157-6928-49ad-a4ef-d8fb47df51df-132802756511616","study_id":0,"datetime_start":"2026-09-17T21:42:35.558518+00:00"}
{"op_code":9,"worker_id":"c750b157-6928-49ad-a4ef-d8fb47df51df-132802756511616","trial_id":113,"system_attr":{"tpe:relative_params:0":"{\"gx\": 2, \"gy\": 2, \"k\": 16, \"m\": 128, \"n\": 16}"}}
{"op_code":5,"worker_id":"c750b157-6928-49ad-a4ef-d8fb47df51df-132802756511616","trial_id":113,"param_name":"m","param_value_internal":3,"distribution":"{\"name\": \"CategoricalDistribution\", \"attributes\": {\"choices\": [16, 32, 64, 128, 256]}}"}
{"op_code":5,"worker_id":"c750b157-6928-49ad-a4ef-d8fb47df51df-132802756511616","trial_id":113,"param_name":"n","param_value_internal":0,"distribution":"{\"name\": \"CategoricalDistribution\", \"attributes\": {\"choices\": [16, 32, 64, 128, 256]}}"}
{"op_code":5,"worker_id":"c750b157-6928-49ad-a4ef-d8fb47df51df-132802756511616","trial_id":113,"param_name":"k","param_value_internal":0,"distribution":"{\"name\": \"CategoricalDistribution\", \"attributes\": {\"choices\": [16, 32, 64, 128]}}"}
{"op_code":5,"worker_id":"c750b157-6928-49ad-a4ef-d8fb47df51df-132802756511616","trial_id":113,"param_name":"gx","param_value_internal":1,"distribution":"{\"name\": \"CategoricalDistribution\", \"attributes\": {\"choices\": [1, 2, 4, 8]}}"}
{"op_code":5,"worker_id":"c750b157-6928-49ad-a4ef-d8fb47df51df-132802756511616","trial_id":113,"param_name":"gy","param_value_internal":1,"distribution":"{\"name\": \"CategoricalDistribution\", \"attributes\": {\"choices\": [1, 2, 4, 8]}}"}
{"op_code":5,"worker_id":"c750b157-6928-49ad-a4ef-d8fb47df51df-132802756511616","trial_id":113,"param_name":"sub","param_value_internal":0,"distribution":"{\"name\": \"CategoricalDistribution\", \"attributes\": {\"choices\": [32]}}"}
{"op_code":6,"worker_id":"c750b157-6928-49ad-a4ef-d8fb47df51df-132802756511616","trial_id":113,"state":2,"values":null,"datetime_complete":"2026-09-17T21:42:35.572376+00:00"}
{"op_code":4,"worker_id":"c750b157-6928-49ad-a4ef-d8fb47df51df-132802756511616","study_id":0,"datetime_start":"2026-09-17T21:42:35.573965+00:00"}
{"op_code":9,"worker_id":"c750b157-6928-49ad-a4ef-d8fb47df51df-132802756511616","trial_id":114,"system_attr":{"tpe:relative_params:0":"{\"gx\": 2, \"gy\": 1, \"k\": 64, \"m\": 64, \"n\": 16}"}}
{"op_code":5,"worker_id":"c750b157-6928-49ad-a4ef-d8fb47df51df-132802756511616","trial_id":114,"param_name":"m","param_value_internal":2,"distribution":"{\"name\": \"CategoricalDistribution\", \"attributes\": {\"choices\": [16, 32, 64, 128, 256]}}"}
{"op_code":5,"worker_id":"c750b157-6928-49ad-a4ef-d8fb47df51df-132802756511616","trial_id":114,"param_name":"n","param_value_internal":0,"distribution":"{\"name\": \"CategoricalDistribution\", \"attributes\": {\"choices\": [16, 32, 64, 128, 256]}}"}
{"op_code":5,"worker_id":"c750b157-6928-49ad-a4ef-d8fb47df51df-132802756511616","trial_id":114,"param_name":"k","param_value_internal":2,"distribution":"{\"name\": \"CategoricalDistribution\", \"attributes\": {\"choices\": [16, 32, 64, 128]}}"}
{"op_code":5,"worker_id":"c750b157-6928-49ad-a4ef-d8fb47df51df-132802756511616","trial_id":114,"param_name":"gx","param_value_internal":1,"distribution":"{\"name\": \"CategoricalDistribution\", \"attributes\": {\"choices\": [1, 2, 4, 8]}}"}
{"op_code":5,"worker_id":"c750b157-6928-49ad-a4ef-d8fb47df51df-132802756511616","trial_id":114,"param_name":"gy","param_value_internal":0,"distribution":"{\"name\": \"CategoricalDistribution\", \"attributes\": {\"choices\": [1, 2, 4, 8]}}"}
{"op_code":5,"worker_id":"c750b157-6928-49ad-a4ef-d8fb47df51df-132802756511616","trial_id":114,"param_name":"sub","param_value_internal":0,"distribution":"{\"name\": \"CategoricalDistribution\", \"attributes\": {\"choices\": [32]}}"}
{"op_code":6,"worker_id":"c750b157-6928-49ad-a4ef-d8fb47df51df-132802756511616","trial_id":114,"state":2,"values":null,"datetime_complete":"2026-09-17T21:42:35.587508+00:00"}
{"op_code":4,"worker_id":"c750b157-6928-49ad-a4ef-d8fb47df51df-132802756511616","study_id":0,"datetime_start":"2026-09-17T21:42:35.589074+00:00"}
{"op_code":9,"worker_id":"c750b157-6928-49ad-a4ef-d8fb47df51df-132802756511616","trial_id":115,"system_attr":{"tpe:relative_params:0":"{\"gx\": 8, \"gy\": 1, \"k\": 128, \"m\": 64, \"n\": 64}"}}
{"op_code":5,"worker_id":"c750b157-6928-49ad-a4ef-d8fb47df51df-132802756511616","trial_id":115,"param_name":"m","param_value_internal":2,"distribution":"{\"name\": \"CategoricalDistribution\", \"attributes\": {\"choices\": [16, 32, 64, 128, 256]}}"}
{"op_code":5,"worker_id":"c750b157-6928-49ad-a4ef-d8fb47df51df-132802756511616","trial_id":115,"param_name":"n","param_value_internal":2,"distribution":"{\"name\": \"CategoricalDistribution\", \"attributes\": {\"choices\": [16, 32, 64, 128, 256]}}"}
{"op_code":5,"worker_id":"c750b157-6928-49ad-a4ef-d8fb47df51df-132802756511616","trial_id":115,"param_name":"k","param_value_internal":3,"distribution":"{\"name\": \"CategoricalDistribution\", \"attributes\": {\"choices\": [16, 32, 64, 128]}}"}
{"op_code":5,"worker_id":"c750b157-6928-49ad-a4ef-d8fb47df51df-132802756511616","trial_id":115,"param_name":"gx","param_value_internal":3,"distribution":"{\"name\": \"CategoricalDistribution\", \"attributes\": {\"choices\": [1, 2, 4, 8]}}"}
{"op_code":5,"worker_id":"c750b157-6928-49ad-a4ef-d8fb47df51df-132802756511616","trial_id":115,"param_name":"gy","param_value_internal":0,"distribution":"{\"name\": \"CategoricalDistribution\", \"attributes\": {\"choices\": [1, 2, 4, 8]}}"}
{"op_code":5,"worker_id":"c750b157-6928-49ad-a4ef-d8fb47df51df-132802756511616","trial_id":115,"param_name":"sub","param_value_internal":0,"distribution":"{\"name\": \"CategoricalDistribution\", \"attributes\": {\"choices\": [32]}}"}
{"op_code":6,"worker_id":"c750b157-6928-49ad-a4ef-d8fb47df51df-132802756511616","trial_id":115,"state":2,"values":null,"datetime_complete":"2026-09-17T21:42:35.602627+00:00"}
{"op_code":4,"worker_id":"c750b157-6928-49ad-a4ef-d8fb47df51df-132802756511616","study_id":0,"datetime_start":"2026-09-17T21:42:35.604213+00:00"}
{"op_code":9,"worker_id":"c750b157-6928-49ad-a4ef-d8fb47df51df-132802756511616","trial_id":116,"system_attr":{"tpe:relative_params:0":"{\"gx\": 8, \"gy\": 2, \"k\": 64, \"m\": 64, \"n\": 128}"}}
{"op_code":5,"worker_id":"c750b157-6928-49ad-a4ef-d8fb47df51df-132802756511616","trial_id":116,"param_name":"m","param_value_internal":2,"distribution":"{\"name\": \"CategoricalDistribution\", \"attributes\": {\"choices\": [16, 32, 64, 128, 256]}}"}
{"op_code":5,"worker_id":"c750b157-6928-49ad-a4ef-d8fb47df51df-132802756511616","trial_id":116,"param_name":"n","param_value_internal":3,"distribution":"{\"name\": \"CategoricalDistribution\", \"attributes\": {\"choices\": [16, 32, 64, 128, 256]}}"}
{"op_code":5,"worker_id":"c750b157-6928-49ad-a4ef-d8fb47df51df-132802756511616","trial_id":116,"param_name":"k","param_value_internal":2,"distribution":"{\"name\": \"CategoricalDistribution\", \"attributes\": {\"choices\": [16, 32, 64, 128]}}"}
{"op_code":5,"worker_id":"c750b157-6928-49ad-a4ef-d8fb47df51df-132802756511616","trial_id":116,"param_name":"gx","param_value_internal":3,"distribution":"{\"name\": \"CategoricalDistribution\", \"attributes\": {\"choices\": [1, 2, 4, 8]}}"}
{"op_code":5,"worker_id":"c750b157-6928-49ad-a4ef-d8fb47df51df-132802756511616","trial_id":116,"param_name":"gy","param_value_internal":1,"distribution":"{\"name\": \"CategoricalDistribution\", \"attributes\": {\"choices\": [1, 2, 4, 8]}}"}
{"op_code":5,"worker_id":"c750b157-6928-49ad-a4ef-d8fb47df51df-132802756511616","trial_id":116,"param_name":"sub","param_value_internal":0,"distribution":"{\"name\": \"CategoricalDistribution\", \"attributes\": {\"choices\": [32]}}"}
{"op_code":6,"worker_id":"c750b157-6928-49ad-a4ef-d8fb47df51df-132802756511616","trial_id":116,"state":2,"values":null,"datetime_complete":"2026-09-17T21:42:35.617743+00:00"}
{"op_code":4,"worker_id":"c750b157-6928-49ad-a4ef-d8fb47df51df-132802756511616","study_id":0,"datetime_start":"2026-09-17T21:42:35.619466+00:00"}
{"op_code":9,"worker_id":"c750b157-6928-49ad-a4ef-d8fb47df51df-132802756511616","trial_id":117,"system_attr":{"tpe:relative_params:0":"{\"gx\": 4, \"gy\": 2, \"k\": 32, \"m\": 128, \"n\": 64}"}}
{"op_code":5,"worker_id":"c750b157-6928-49ad-a4ef-d8fb47df51df-132802756511616","trial_id":117,"param_name":"m","param_value_internal":3,"distribution":"{\"name\": \"CategoricalDistribution\", \"attributes\": {\"choices\": [16, 32, 64, 128, 256]}}"}
{"op_code":5,"worker_id":"c750b157-6928-49ad-a4ef-d8fb47df51df-132802756511616","trial_id":117,"param_name":"n","param_value_internal":2,"distribution":"{\"name\": \"CategoricalDistribution\", \"attributes\": {\"choices\": [16, 32, 64, 128, 256]}}"}
{"op_code":5,"worker_id":"c750b157-6928-49ad-a4ef-d8fb47df51df-132802756511616","trial_id":117,"param_name":"k","param_value_internal":1,"distribution":"{\"name\": \"CategoricalDistribution\", \"attributes\": {\"choices\": [16, 32, 64, 128]}}"}
{"op_code":5,"worker_id":"c750b157-6928-49ad-a4ef-d8fb47df51df-132802756511616","trial_id":117,"param_name":"gx","param_value_internal":2,"distribution":"{\"name\": \"CategoricalDistribution\", \"attributes\": {\"choices\": [1, 2, 4, 8]}}"}
{"op_code":5,"worker_id":"c750b157-6928-49ad-a4ef-d8fb47df51df-132802756511616","trial_id":117,"param_name":"gy","param_value_internal":1,"distribution":"{\"name\": \"CategoricalDistribution\", \"attributes\": {\"choices\": [1, 2, 4, 8]}}"}
{"op_code":5,"worker_id":"c750b157-6928-49ad-a4ef-d8fb47df51df-132802756511616","trial_id":117,"param_name":"sub","param_value_internal":0,"distribution":"{\"name\": \"CategoricalDistribution\", \"attributes\": {\"choices\": [32]}}"}
{"op_code":8,"worker_id":"c750b157-6928-49ad-a4ef-d8fb47df51df-132802756511616","trial_id":117,"user_attr":{"token":"tsweep_t128x64k32g42s32"}}
{"op_code":4,"worker_id":"c750b157-6928-49ad-a4ef-d8fb47df51df-132802756511616","study_id":0,"datetime_start":"2026-09-17T21:42:35.634953+00:00"}
{"op_code":9,"worker_id":"c750b157-6928-49ad-a4ef-d8fb47df51df-132802756511616","trial_id":118,"system_attr":{"tpe:relative_params:0":"{\"gx\": 2, \"gy\": 1, \"k\": 32, \"m\": 128, \"n\": 64}"}}
{"op_code":5,"worker_id":"c750b157-6928-49ad-a4ef-d8fb47df51df-132802756511616","trial_id":118,"param_name":"m","param_value_internal":3,"distribution":"{\"name\": \"CategoricalDistribution\", \"attributes\": {\"choices\": [16, 32, 64, 128, 256]}}"}
{"op_code":5,"worker_id":"c750b157-6928-49ad-a4ef-d8fb47df51df-132802756511616","trial_id":118,"param_name":"n","param_value_internal":2,"distribution":"{\"name\": \"CategoricalDistribution\", \"attributes\": {\"choices\": [16, 32, 64, 128, 256]}}"}
{"op_code":5,"worker_id":"c750b157-6928-49ad-a4ef-d8fb47df51df-132802756511616","trial_id":118,"param_name":"k","param_value_internal":1,"distribution":"{\"name\": \"CategoricalDistribution\", \"attributes\": {\"choices\": [16, 32, 64, 128]}}"}
{"op_code":5,"worker_id":"c750b157-6928-49ad-a4ef-d8fb47df51df-132802756511616","trial_id":118,"param_name":"gx","param_value_internal":1,"distribution":"{\"name\": \"CategoricalDistribution\", \"attributes\": {\"choices\": [1, 2, 4, 8]}}"}
{"op_code":5,"worker_id":"c750b157-6928-49ad-a4ef-d8fb47df51df-132802756511616","trial_id":118,"param_name":"gy","param_value_internal":0,"distribution":"{\"name\": \"CategoricalDistribution\", \"attributes\": {\"choices\": [1, 2, 4, 8]}}"}
{"op_code":5,"worker_id":"c750b157-6928-49ad-a4ef-d8fb47df51df-132802756511616","trial_id":118,"param_name":"sub","param_value_internal":0,"distribution":"{\"name\": \"CategoricalDistribution\", \"attributes\": {\"choices\": [32]}}"}
{"op_code":8,"worker_id":"c750b157-6928-49ad-a4ef-d8fb47df51df-132802756511616","trial_id":118,"user_attr":{"token":"tsweep_t128x64k32g21s32"}}
{"op_code":4,"worker_id":"c750b157-6928-49ad-a4ef-d8fb47df51df-132802756511616","study_id":0,"datetime_start":"2026-09-17T21:42:35.650451+00:00"}
{"op_code":9,"worker_id":"c750b157-6928-49ad-a4ef-d8fb47df51df-132802756511616","trial_id":119,"system_attr":{"tpe:relative_params:0":"{\"gx\": 1, \"gy\": 4, \"k\": 32, \"m\": 256, \"n\": 256}"}}
{"op_code":5,"worker_id":"c750b157-6928-49ad-a4ef-d8fb47df51df-132802756511616","trial_id":119,"param_name":"m","param_value_internal":4,"distribution":"{\"name\": \"CategoricalDistribution\", \"attributes\": {\"choices\": [16, 32, 64, 128, 256]}}"}
{"op_code":5,"worker_id":"c750b157-6928-49ad-a4ef-d8fb47df51df-132802756511616","trial_id":119,"param_name":"n","param_value_internal":4,"distribution":"{\"name\": \"CategoricalDistribution\", \"attributes\": {\"choices\": [16, 32, 64, 128, 256]}}"}
{"op_code":5,"worker_id":"c750b157-6928-49ad-a4ef-d8fb47df51df-132802756511616","trial_id":119,"param_name":"k","param_value_internal":1,"distribution":"{\"name\": \"CategoricalDistribution\", \"attributes\": {\"choices\": [16, 32, 64, 128]}}"}
{"op_code":5,"worker_id":"c750b157-6928-49ad-a4ef-d8fb47df51df-132802756511616","trial_id":119,"param_name":"gx","param_value_internal":0,"distribution":"{\"name\": \"CategoricalDistribution\", \"attributes\": {\"choices\": [1, 2, 4, 8]}}"}
{"op_code":5,"worker_id":"c750b157-6928-49ad-a4ef-d8fb47df51df-132802756511616","trial_id":119,"param_name":"gy","param_value_internal":2,"distribution":"{\"name\": \"CategoricalDistribution\", \"attributes\": {\"choices\": [1, 2, 4, 8]}}"}
{"op_code":5,"worker_id":"c750b157-6928-49ad-a4ef-d8fb47df51df-132802756511616","trial_id":119,"param_name":"sub","param_value_internal":0,"distribution":"{\"name\": \"CategoricalDistribution\", \"attributes\": {\"choices\": [32]}}"}
{"op_code":6,"worker_id":"c750b157-6928-49ad-a4ef-d8fb47df51df-132802756511616","trial_id":119,"state":2,"values":null,"datetime_complete":"2026-09-17T21:42:35.664872+00:00"}
{"op_code":4,"worker_id":"c750b157-6928-49ad-a4ef-d8fb47df51df-132802756511616","study_id":0,"datetime_start":"2026-09-17T21:42:35.666498+00:00"}
{"op_code":9,"worker_id":"c750b157-6928-49ad-a4ef-d8fb47df51df-132802756511616","trial_id":120,"system_attr":{"tpe:relative_params:0":"{\"gx\": 4, \"gy\": 2, \"k\": 64, \"m\": 64, \"n\": 32}"}}
{"op_code":5,"worker_id":"c750b157-6928-49ad-a4ef-d8fb47df51df-132802756511616","trial_id":120,"param_name":"m","param_value_internal":2,"distribution":"{\"name\": \"CategoricalDistribution\", \"attributes\": {\"choices\": [16, 32, 64, 128, 256]}}"}
{"op_code":5,"worker_id":"c750b157-6928-49ad-a4ef-d8fb47df51df-132802756511616","trial_id":120,"param_name":"n","param_value_internal":1,"distribution":"{\"name\": \"CategoricalDistribution\", \"attributes\": {\"choices\": [16, 32, 64, 128, 256]}}"}
{"op_code":5,"worker_id":"c750b157-6928-49ad-a4ef-d8fb47df51df-132802756511616","trial_id":120,"param_name":"k","param_value_internal":2,"distribution":"{\"name\": \"CategoricalDistribution\", \"attributes\": {\"choices\": [16, 32, 64, 128]}}"}
{"op_code":5,"worker_id":"c750b157-6928-49ad-a4ef-d8fb47df51df-132802756511616","trial_id":120,"param_name":"gx","param_value_internal":2,"distribution":"{\"name\": \"CategoricalDistribution\", \"attributes\": {\"choices\": [1, 2, 4, 8]}}"}
{"op_code":5,"worker_id":"c750b157-6928-49ad-a4ef-d8fb47df51df-132802756511616","trial_id":120,"param_name":"gy","param_value_internal":1,"distribution":"{\"name\": \"CategoricalDistribution\", \"attributes\": {\"choices\": [1, 2, 4, 8]}}"}
{"op_code":5,"worker_id":"c750b157-6928-49ad-a4ef-d8fb47df51df-132802756511616","trial_id":120,"param_name":"sub","param_value_internal":0,"distribution":"{\"name\": \"CategoricalDistribution\", \"attributes\": {\"choices\": [32]}}"}
{"op_code":6,"worker_id":"c750b157-6928-49ad-a4ef-d8fb47df51df-132802756511616","trial_id":120,"state":2,"values":null,"datetime_complete":"2026-09-17T21:42:35.679863+00:00"}
{"op_code":4,"worker_id":"c750b157-6928-49ad-a4ef-d8fb47df51df-132802756511616","study_id":0,"datetime_start":"2026-09-17T21:42:35.681517+00:00"}
{"op_code":9,"worker_id":"c750b157-6928-49ad-a4ef-d8fb47df51df-132802756511616","trial_id":121,"system_attr":{"tpe:relative_params:0":"{\"gx\": 2, \"gy\": 2, \"k\": 16, \"m\": 128, \"n\": 128}"}}
{"op_code":5,"worker_id":"c750b157-6928-49ad-a4ef-d8fb47df51df-132802756511616","trial_id":121,"param_name":"m","param_value_internal":3,"distribution":"{\"name\": \"CategoricalDistribution\", \"attributes\": {\"choices\": [16, 32, 64, 128, 256]}}"}
{"op_code":5,"worker_id":"c750b157-6928-49ad-a4ef-d8fb47df51df-132802756511616","trial_id":121,"param_name":"n","param_value_internal":3,"distribution":"{\"name\": \"CategoricalDistribution\", \"attributes\": {\"choices\": [16, 32, 64, 128, 256]}}"}
{"op_code":5,"worker_id":"c750b157-6928-49ad-a4ef-d8fb47df51df-132802756511616","trial_id":121,"param_name":"k","param_value_internal":0,"distribution":"{\"name\": \"CategoricalDistribution\", \"attributes\": {\"choices\": [16, 32, 64, 128]}}"}
{"op_code":5,"worker_id":"c750b157-6928-49ad-a4ef-d8fb47df51df-132802756511616","trial_id":121,"param_name":"gx","param_value_internal":1,"distribution":"{\"name\": \"CategoricalDistribution\", \"attributes\": {\"choices\": [1, 2, 4, 8]}}"}
{"op_code":5,"worker_id":"c750b157-6928-49ad-a4ef-d8fb47df51df-132802756511616","trial_id":121,"param_name":"gy","param_value_internal":1,"distribution":"{\"name\": \"CategoricalDistribution\", \"attributes\": {\"choices\": [1, 2, 4, 8]}}"}
{"op_code":5,"worker_id":"c750b157-6928-49ad-a4ef-d8fb47df51df-132802756511616","trial_id":121,"param_name":"sub","param_value_internal":0,"distribution":"{\"name\": \"CategoricalDistribution\", \"attributes\": {\"choices\": [32]}}"}
{"op_code":6,"worker_id":"c750b157-6928-49ad-a4ef-d8fb47df51df-132802756511616","trial_id":121,"state":2,"values":null,"datetime_complete":"2026-09-17T21:42:35.695652+00:00"}
{"op_code":4,"worker_id":"c750b157-6928-49ad-a4ef-d8fb47df51df-132802756511616","study_id":0,"datetime_start":"2026-09-17T21:42:35.697232+00:00"}
{"op_code":9,"worker_id":"c750b157-6928-49ad-a4ef-d8fb47df51df-132802756511616","trial_id":122,"system_attr":{"tpe:relative_params:0":"{\"gx\": 2, \"gy\": 2, \"k\": 32, \"m\": 128, \"n\": 32}"}}
{"op_code":5,"worker_id":"c750b157-6928-49ad-a4ef-d8fb47df51df-132802756511616","trial_id":122,"param_name":"m","param_value_internal":3,"distribution":"{\"name\": \"CategoricalDistribution\", \"attributes\": {\"choices\": [16, 32, 64, 128, 256]}}"}
{"op_code":5,"worker_id":"c750b157-6928-49ad-a4ef-d8fb47df51df-132802756511616","trial_id":122,"param_name":"n","param_value_internal":1,"distribution":"{\"name\": \"CategoricalDistribution\", \"attributes\": {\"choices\": [16, 32, 64, 128, 256]}}"}
{"op_code":5,"worker_id":"c750b157-6928-49ad-a4ef-d8fb47df51df-132802756511616","trial_id":122,"param_name":"k","param_value_internal":1,"distribution":"{\"name\": \"CategoricalDistribution\", \"attributes\": {\"choices\": [16, 32, 64, 128]}}"}
{"op_code":5,"worker_id":"c750b157-6928-49ad-a4ef-d8fb47df51df-132802756511616","trial_id":122,"param_name":"gx","param_value_internal":1,"distribution":"{\"name\": \"CategoricalDistribution\", \"attributes\": {\"choices\": [1, 2, 4, 8]}}"}
{"op_code":5,"worker_id":"c750b157-6928-49ad-a4ef-d8fb47df51df-132802756511616","trial_id":122,"param_name":"gy","param_value_internal":1,"distribution":"{\"name\": \"CategoricalDistribution\", \"attributes\": {\"choices\": [1, 2, 4, 8]}}"}
{"op_code":5,"worker_id":"c750b157-6928-49ad-a4ef-d8fb47df51df-132802756511616","trial_id":122,"param_name":"sub","param_value_internal":0,"distribution":"{\"name\": \"CategoricalDistribution\", \"attributes\": {\"choices\": [32]}}"}
{"op_code":8,"worker_id":"c750b157-6928-49ad-a4ef-d8fb47df51df-132802756511616","trial_id":122,"user_attr":{"token":"tsweep_t128x32k32g22s32"}}
{"op_code":4,"worker_id":"c750b157-6928-49ad-a4ef-d8fb47df51df-132802756511616","study_id":0,"datetime_start":"2026-09-17T21:42:35.712285+00:00"}
{"op_code":9,"worker_id":"c750b157-6928-49ad-a4ef-d8fb47df51df-132802756511616","trial_id":123,"system_attr":{"tpe:relative_params:0":"{\"gx\": 4, \"gy\": 1, \"k\": 16, \"m\": 128, \"n\": 256}"}}
{"op_code":5,"worker_id":"c750b157-6928-49ad-a4ef-d8fb47df51df-132802756511616","trial_id":123,"param_name":"m","param_value_internal":3,"distribution":"{\"name\": \"CategoricalDistribution\", \"attributes\": {\"choices\": [16, 32, 64, 128, 256]}}"}
{"op_code":5,"worker_id":"c750b157-6928-49ad-a4ef-d8fb47df51df-132802756511616","trial_id":123,"param_name":"n","param_value_internal":4,"distribution":"{\"name\": \"CategoricalDistribution\", \"attributes\": {\"choices\": [16, 32, 64, 128, 256]}}"}
{"op_code":5,"worker_id":"c750b157-6928-49ad-a4ef-d8fb47df51df-132802756511616","trial_id":123,"param_name":"k","param_value_internal":0,"distribution":"{\"name\": \"CategoricalDistribution\", \"attributes\": {\"choices\": [16, 32, 64, 128]}}"}
{"op_code":5,"worker_id":"c750b157-6928-49ad-a4ef-d8fb47df51df-132802756511616","trial_id":123,"param_name":"gx","param_value_internal":2,"distribution":"{\"name\": \"CategoricalDistribution\", \"attributes\": {\"choices\": [1, 2, 4, 8]}}"}
{"op_code":5,"worker_id":"c750b157-6928-49ad-a4ef-d8fb47df51df-132802756511616","trial_id":123,"param_name":"gy","param_value_internal":0,"distribution":"{\"name\": \"CategoricalDistribution\", \"attributes\": {\"choices\": [1, 2, 4, 8]}}"}
{"op_code":5,"worker_id":"c750b157-6928-49ad-a4ef-d8fb47df51df-132802756511616","trial_id":123,"param_name":"sub","param_value_internal":0,"distribution":"{\"name\": \"CategoricalDistribution\", \"attributes\": {\"choices\": [32]}}"}
{"op_code":8,"worker_id":"c750b157-6928-49ad-a4ef-d8fb47df51df-132802756511616","trial_id":123,"user_attr":{"token":"tsweep_t128x256k16g41s32"}}
{"op_code":4,"worker_id":"c750b157-6928-49ad-a4ef-d8fb47df51df-132802756511616","study_id":0,"datetime_start":"2026-09-17T21:42:35.727284+00:00"}
{"op_code":9,"worker_id":"c750b157-6928-49ad-a4ef-d8fb47df51df-132802756511616","trial_id":124,"system_attr":{"tpe:relative_params:0":"{\"gx\": 2, \"gy\": 1, \"k\": 16, \"m\": 128, \"n\": 32}"}}
{"op_code":5,"worker_id":"c750b157-6928-49ad-a4ef-d8fb47df51df-132802756511616","trial_id":124,"param_name":"m","param_value_internal":3,"distribution":"{\"name\": \"CategoricalDistribution\", \"attributes\": {\"choices\": [16, 32, 64, 128, 256]}}"}
{"op_code":5,"worker_id":"c750b157-6928-49ad-a4ef-d8fb47df51df-132802756511616","trial_id":124,"param_name":"n","param_value_internal":1,"distribution":"{\"name\": \"CategoricalDistribution\", \"attributes\": {\"choices\": [16, 32, 64, 128, 256]}}"}
{"op_code":5,"worker_id":"c750b157-6928-49ad-a4ef-d8fb47df51df-132802756511616","trial_id":124,"param_name":"k","param_value_internal":0,"distribution":"{\"name\": \"CategoricalDistribution\", \"attributes\": {\"choices\": [16, 32, 64, 128]}}"}
{"op_code":5,"worker_id":"c750b157-6928-49ad-a4ef-d8fb47df51df-132802756511616","trial_id":124,"param_name":"gx","param_value_internal":1,"distribution":"{\"name\": \"CategoricalDistribution\", \"attributes\": {\"choices\": [1, 2, 4, 8]}}"}
{"op_code":5,"worker_id":"c750b157-6928-49ad-a4ef-d8fb47df51df-132802756511616","trial_id":124,"param_name":"gy","param_value_internal":0,"distribution":"{\"name\": \"CategoricalDistribution\", \"attributes\": {\"choices\": [1, 2, 4, 8]}}"}
{"op_code":5,"worker_id":"c750b157-6928-49ad-a4ef-d8fb47df51df-132802756511616","trial_id":124,"param_name":"sub","param_value_internal":0,"distribution":"{\"name\": \"CategoricalDistribution\", \"attributes\": {\"choices\": [32]}}"}
{"op_code":6,"worker_id":"c750b157-6928-49ad-a4ef-d8fb47df51df-132802756511616","trial_id":124,"state":2,"values":null,"datetime_complete":"2026-09-17T21:42:35.741159+00:00"}
{"op_code":4,"worker_id":"c750b157-6928-49ad-a4ef-d8fb47df51df-132802756511616","study_id":0,"datetime_start":"2026-09-17T21:42:35.742890+00:00"}
{"op_code":9,"worker_id":"c750b157-6928-49ad-a4ef-d8fb47df51df-132802756511616","trial_id":125,"system_attr":{"tpe:relative_params:0":"{\"gx\": 2, \"gy\": 2, \"k\": 16, \"m\": 16, \"n\": 256}"}}
{"op_code":5,"worker_id":"c750b157-6928-49ad-a4ef-d8fb47df51df-132802756511616","trial_id":125,"param_name":"m","param_value_internal":0,"distribution":"{\"name\": \"CategoricalDistribution\", \"attributes\": {\"choices\": [16, 32, 64, 128, 256]}}"}
{"op_code":5,"worker_id":"c750b157-6928-49ad-a4ef-d8fb47df51df-132802756511616","trial_id":125,"param_name":"n","param_value_internal":4,"distribution":"{\"name\": \"CategoricalDistribution\", \"attributes\": {\"choices\": [16, 32, 64, 128, 256]}}"}
{"op_code":5,"worker_id":"c750b157-6928-49ad-a4ef-d8fb47df51df-132802756511616","trial_id":125,"param_name":"k","param_value_internal":0,"distribution":"{\"name\": \"CategoricalDistribution\", \"attributes\": {\"choices\": [16, 32, 64, 128]}}"}
{"op_code":5,"worker_id":"c750b157-6928-49ad-a4ef-d8fb47df51df-132802756511616","trial_id":125,"param_name":"gx","param_value_internal":1,"distribution":"{\"name\": \"CategoricalDistribution\", \"attributes\": {\"choices\": [1, 2, 4, 8]}}"}
{"op_code":5,"worker_id":"c750b157-6928-49ad-a4ef-d8fb47df51df-132802756511616","trial_id":125,"param_name":"gy","param_value_internal":1,"distribution":"{\"name\": \"CategoricalDistribution\", \"attributes\": {\"choices\": [1, 2, 4, 8]}}"}
{"op_code":5,"worker_id":"c750b157-6928-49ad-a4ef-d8fb47df51df-132802756511616","trial_id":125,"param_name":"sub","param_value_internal":0,"distribution":"{\"name\": \"CategoricalDistribution\", \"attributes\": {\"choices\": [32]}}"}
{"op_code":6,"worker_id":"c750b157-6928-49ad-a4ef-d8fb47df51df-132802756511616","trial_id":125,"state":2,"values":null,"datetime_complete":"2026-09-17T21:42:35.757213+00:00"}
{"op_code":4,"worker_id":"c750b157-6928-49ad-a4ef-d8fb47df51df-132802756511616","study_id":0,"datetime_start":"2026-09-17T21:42:35.758909+00:00"}
{"op_code":9,"worker_id":"c750b157-6928-49ad-a4ef-d8fb47df51df-132802756511616","trial_id":126,"system_attr":{"tpe:relative_params:0":"{\"gx\": 8, \"gy\": 4, \"k\": 32, \"m\": 128, \"n\": 64}"}}
{"op_code":5,"worker_id":"c750b157-6928-49ad-a4ef-d8fb47df51df-132802756511616","trial_id":126,"param_name":"m","param_value_internal":3,"distribution":"{\"name\": \"CategoricalDistribution\", \"attributes\": {\"choices\": [16, 32, 64, 128, 256]}}"}
{"op_code":5,"worker_id":"c750b157-6928-49ad-a4ef-d8fb47df51df-132802756511616","trial_id":126,"param_name":"n","param_value_internal":2,"distribution":"{\"name\": \"CategoricalDistribution\", \"attributes\": {\"choices\": [16, 32, 64, 128, 256]}}"}
{"op_code":5,"worker_id":"c750b157-6928-49ad-a4ef-d8fb47df51df-132802756511616","trial_id":126,"param_name":"k","param_value_internal":1,"distribution":"{\"name\": \"CategoricalDistribution\", \"attributes\": {\"choices\": [16, 32, 64, 128]}}"}
{"op_code":5,"worker_id":"c750b157-6928-49ad-a4ef-d8fb47df51df-132802756511616","trial_id":126,"param_name":"gx","param_value_internal":3,"distribution":"{\"name\": \"CategoricalDistribution\", \"attributes\": {\"choices\": [1, 2, 4, 8]}}"}
{"op_code":5,"worker_id":"c750b157-6928-49ad-a4ef-d8fb47df51df-132802756511616","trial_id":126,"param_name":"gy","param_value_internal":2,"distribution":"{\"name\": \"CategoricalDistribution\", \"attributes\": {\"choices\": [1, 2, 4, 8]}}"}
{"op_code":5,"worker_id":"c750b157-6928-49ad-a4ef-d8fb47df51df-132802756511616","trial_id":126,"param_name":"sub","param_value_internal":0,"distribution":"{\"name\": \"CategoricalDistribution\", \"attributes\": {\"choices\": [32]}}"}
{"op_code":6,"worker_id":"c750b157-6928-49ad-a4ef-d8fb47df51df-132802756511616","trial_id":126,"state":2,"values":null,"datetime_complete":"2026-09-17T21:42:35.772614+00:00"}
{"op_code":4,"worker_id":"c750b157-6928-49ad-a4ef-d8fb47df51df-132802756511616","study_id":0,"datetime_start":"2026-09-17T21:42:35.774229+00:00"}
{"op_code":9,"worker_id":"c750b157-6928-49ad-a4ef-d8fb47df51df-132802756511616","trial_id":127,"system_attr":{"tpe:relative_params:0":"{\"gx\": 1, \"gy\": 4, \"k\": 64, \"m\": 32, \"n\": 64}"}}
{"op_code":5,"worker_id":"c750b157-6928-49ad-a4ef-d8fb47df51df-132802756511616","trial_id":127,"param_name":"m","param_value_internal":1,"distribution":"{\"name\": \"CategoricalDistribution\", \"attributes\": {\"choices\": [16, 32, 64, 128, 256]}}"}
{"op_code":5,"worker_id":"c750b157-6928-49ad-a4ef-d8fb47df51df-132802756511616","trial_id":127,"param_name":"n","param_value_internal":2,"distribution":"{\"name\": \"CategoricalDistribution\", \"attributes\": {\"choices\": [16, 32, 64, 128, 256]}}"}
{"op_code":5,"worker_id":"c750b157-6928-49ad-a4ef-d8fb47df51df-132802756511616","trial_id":127,"param_name":"k","param_value_internal":2,"distribution":"{\"name\": \"CategoricalDistribution\", \"attributes\": {\"choices\": [16, 32, 64, 128]}}"}
{"op_code":5,"worker_id":"c750b157-6928-49ad-a4ef-d8fb47df51df-132802756511616","trial_id":127,"param_name":"gx","param_value_internal":0,"distribution":"{\"name\": \"CategoricalDistribution\", \"attributes\": {\"choices\": [1, 2, 4, 8]}}"}
{"op_code":5,"worker_id":"c750b157-6928-49ad-a4ef-d8fb47df51df-132802756511616","trial_id":127,"param_name":"gy","param_value_internal":2,"distribution":"{\"name\": \"CategoricalDistribution\", \"attributes\": {\"choices\": [1, 2, 4, 8]}}"}
{"op_code":5,"worker_id":"c750b157-6928-49ad-a4ef-d8fb47df51df-132802756511616","trial_id":127,"param_name":"sub","param_value_internal":0,"distribution":"{\"name\": \"CategoricalDistribution\", \"attributes\": {\"choices\": [32]}}"}
{"op_code":6,"worker_id":"c750b157-6928-49ad-a4ef-d8fb47df51df-132802756511616","trial_id":127,"state":2,"values":null,"datetime_complete":"2026-09-17T21:42:35.788508+00:00"}
{"op_code":4,"worker_id":"c750b157-6928-49ad-a4ef-d8fb47df51df-132802756511616","study_id":0,"datetime_start":"2026-09-17T21:42:35.790294+00:00"}
{"op_code":9,"worker_id":"c750b157-6928-49ad-a4ef-d8fb47df51df-132802756511616","trial_id":128,"system_attr":{"tpe:relative_params:0":"{\"gx\": 4, \"gy\": 2, \"k\": 64, \"m\": 128, \"n\": 128}"}}
{"op_code":5,"worker_id":"c750b157-6928-49ad-a4ef-d8fb47df51df-132802756511616","trial_id":128,"param_name":"m","param_value_internal":3,"distribution":"{\"name\": \"CategoricalDistribution\", \"attributes\": {\"choices\": [16, 32, 64, 128, 256]}}"}
{"op_code":5,"worker_id":"c750b157-6928-49ad-a4ef-d8fb47df51df-132802756511616","trial_id":128,"param_name":"n","param_value_internal":3,"distribution":"{\"name\": \"CategoricalDistribution\", \"attributes\": {\"choices\": [16, 32, 64, 128, 256]}}"}
{"op_code":5,"worker_id":"c750b157-6928-49ad-a4ef-d8fb47df51df-132802756511616","trial_id":128,"param_name":"k","param_value_internal":2,"distribution":"{\"name\": \"CategoricalDistribution\", \"attributes\": {\"choices\": [16, 32, 64, 128]}}"}
{"op_code":5,"worker_id":"c750b157-6928-49ad-a4ef-d8fb47df51df-132802756511616","trial_id":128,"param_name":"gx","param_value_internal":2,"distribution":"{\"name\": \"CategoricalDistribution\", \"attributes\": {\"choices\": [1, 2, 4, 8]}}"}
{"op_code":5,"worker_id":"c750b157-6928-49ad-a4ef-d8fb47df51df-132802756511616","trial_id":128,"param_name":"gy","param_value_internal":1,"distribution":"{\"name\": \"CategoricalDistribution\", \"attributes\": {\"choices\": [1, 2, 4, 8]}}"}
{"op_code":5,"worker_id":"c750b157-6928-49ad-a4ef-d8fb47df51df-132802756511616","trial_id":128,"param_name":"sub","param_value_internal":0,"distribution":"{\"name\": \"CategoricalDistribution\", \"attributes\": {\"choices\": [32]}}"}
{"op_code":6,"worker_id":"c750b157-6928-49ad-a4ef-d8fb47df51df-132802756511616","trial_id":128,"state":2,"values":null,"datetime_complete":"2026-09-17T21:42:35.804673+00:00"}
{"op_code":4,"worker_id":"c750b157-6928-49ad-a4ef-d8fb47df51df-132802756511616","study_id":0,"datetime_start":"2026-09-17T21:42:35.806292+00:00"}
{"op_code":9,"worker_id":"c750b157-6928-49ad-a4ef-d8fb47df51df-132802756511616","trial_id":129,"system_attr":{"tpe:relative_params:0":"{\"gx\": 4, \"gy\": 2, \"k\": 16, \"m\": 128, \"n\": 32}"}}
{"op_code":5,"worker_id":"c750b157-6928-49ad-a4ef-d8fb47df51df-132802756511616","trial_id":129,"param_name":"m","param_value_internal":3,"distribution":"{\"name\": \"CategoricalDistribution\", \"attributes\": {\"choices\": [16, 32, 64, 128, 256]}}"}
{"op_code":5,"worker_id":"c750b157-6928-49ad-a4ef-d8fb47df51df-132802756511616","trial_id":129,"param_name":"n","param_value_internal":1,"distribution":"{\"name\": \"CategoricalDistribution\", \"attributes\": {\"choices\": [16, 32, 64, 128, 256]}}"}
{"op_code":5,"worker_id":"c750b157-6928-49ad-a4ef-d8fb47df51df-132802756511616","trial_id":129,"param_name":"k","param_value_internal":0,"distribution":"{\"name\": \"CategoricalDistribution\", \"attributes\": {\"choices\": [16, 32, 64, 128]}}"}
{"op_code":5,"worker_id":"c750b157-6928-49ad-a4ef-d8fb47df51df-132802756511616","trial_id":129,"param_name":"gx","param_value_internal":2,"distribution":"{\"name\": \"CategoricalDistribution\", \"attributes\": {\"choices\": [1, 2, 4, 8]}}"}
{"op_code":5,"worker_id":"c750b157-6928-49ad-a4ef-d8fb47df51df-132802756511616","trial_id":129,"param_name":"gy","param_value_internal":1,"distribution":"{\"name\": \"CategoricalDistribution\", \"attributes\": {\"choices\": [1, 2, 4, 8]}}"}
{"op_code":5,"worker_id":"c750b157-6928-49ad-a4ef-d8fb47df51df-132802756511616","trial_id":129,"param_name":"sub","param_value_internal":0,"distribution":"{\"name\": \"CategoricalDistribution\", \"attributes\": {\"choices\": [32]}}"}
{"op_code":6,"worker_id":"c750b157-6928-49ad-a4ef-d8fb47df51df-132802756511616","trial_id":129,"state":2,"values":null,"datetime_complete":"2026-09-17T21:42:35.820790+00:00"}
{"op_code":4,"worker_id":"c750b157-6928-49ad-a4ef-d8fb47df51df-132802756511616","study_id":0,"datetime_start":"2026-09-17T21:42:35.822545+00:00"}
{"op_code":9,"worker_id":"c750b157-6928-49ad-a4ef-d8fb47df51df-132802756511616","trial_id":130,"system_attr":{"tpe:relative_params:0":"{\"gx\": 2, \"gy\": 2, \"k\": 16, \"m\": 64, \"n\": 64}"}}
{"op_code":5,"worker_id":"c750b157-6928-49ad-a4ef-d8fb47df51df-132802756511616","trial_id":130,"param_name":"m","param_value_internal":2,"distribution":"{\"name\": \"CategoricalDistribution\", \"attributes\": {\"choices\": [16, 32, 64, 128, 256]}}"}
{"op_code":5,"worker_id":"c750b157-6928-49ad-a4ef-d8fb47df51df-132802756511616","trial_id":130,"param_name":"n","param_value_internal":2,"distribution":"{\"name\": \"CategoricalDistribution\", \"attributes\": {\"choices\": [16, 32, 64, 128, 256]}}"}
{"op_code":5,"worker_id":"c750b157-6928-49ad-a4ef-d8fb47df51df-132802756511616","trial_id":130,"param_name":"k","param_value_internal":0,"distribution":"{\"name\": \"CategoricalDistribution\", \"attributes\": {\"choices\": [16, 32, 64, 128]}}"}
{"op_code":5,"worker_id":"c750b157-6928-49ad-a4ef-d8fb47df51df-132802756511616","trial_id":130,"param_name":"gx","param_value_internal":1,"distribution":"{\"name\": \"CategoricalDistribution\", \"attributes\": {\"choices\": [1, 2, 4, 8]}}"}
{"op_code":5,"worker_id":"c750b157-6928-49ad-a4ef-d8fb47df51df-132802756511616","trial_id":130,"param_name":"gy","param_value_internal":1,"distribution":"{\"name\": \"CategoricalDistribution\", \"attributes\": {\"choices\": [1, 2, 4, 8]}}"}
{"op_code":5,"worker_id":"c750b157-6928-49ad-a4ef-d8fb47df51df-132802756511616","trial_id":130,"param_name":"sub","param_value_internal":0,"distribution":"{\"name\": \"CategoricalDistribution\", \"attributes\": {\"choices\": [32]}}"}
{"op_code":8,"worker_id":"c750b157-6928-49ad-a4ef-d8fb47df51df-132802756511616","trial_id":130,"user_attr":{"token":"tsweep_t64x64k16g22s32"}}
{"op_code":4,"worker_id":"c750b157-6928-49ad-a4ef-d8fb47df51df-132802756511616","study_id":0,"datetime_start":"2026-09-17T21:42:35.838843+00:00"}
{"op_code":9,"worker_id":"c750b157-6928-49ad-a4ef-d8fb47df51df-132802756511616","trial_id":131,"system_attr":{"tpe:relative_params:0":"{\"gx\": 4, \"gy\": 4, \"k\": 64, \"m\": 16, \"n\": 64}"}}
{"op_code":5,"worker_id":"c750b157-6928-49ad-a4ef-d8fb47df51df-132802756511616","trial_id":131,"param_name":"m","param_value_internal":0,"distribution":"{\"name\": \"CategoricalDistribution\", \"attributes\": {\"choices\": [16, 32, 64, 128, 256]}}"}
{"op_code":5,"worker_id":"c750b157-6928-49ad-a4ef-d8fb47df51df-132802756511616","trial_id":131,"param_name":"n","param_value_internal":2,"distribution":"{\"name\": \"CategoricalDistribution\", \"attributes\": {\"choices\": [16, 32, 64, 128, 256]}}"}
{"op_code":5,"worker_id":"c750b157-6928-49ad-a4ef-d8fb47df51df-132802756511616","trial_id":131,"param_name":"k","param_value_internal":2,"distribution":"{\"name\": \"CategoricalDistribution\", \"attributes\": {\"choices\": [16, 32, 64, 128]}}"}
{"op_code":5,"worker_id":"c750b157-6928-49ad-a4ef-d8fb47df51df-132802756511616","trial_id":131,"param_name":"gx","param_value_internal":2,"distribution":"{\"name\": \"CategoricalDistribution\", \"attributes\": {\"choices\": [1, 2, 4, 8]}}"}
{"op_code":5,"worker_id":"c750b157-6928-49ad-a4ef-d8fb47df51df-132802756511616","trial_id":131,"param_name":"gy","param_value_internal":2,"distribution":"{\"name\": \"CategoricalDistribution\", \"attributes\": {\"choices\": [1, 2, 4, 8]}}"}
{"op_code":5,"worker_id":"c750b157-6928-49ad-a4ef-d8fb47df51df-132802756511616","trial_id":131,"param_name":"sub","param_value_internal":0,"distribution":"{\"name\": \"CategoricalDistribution\", \"attributes\": {\"choices\": [32]}}"}
{"op_code":6,"worker_id":"c750b157-6928-49ad-a4ef-d8fb47df51df-132802756511616","trial_id":131,"state":2,"values":null,"datetime_complete":"2026-09-17T21:42:35.853849+00:00"}
{"op_code":4,"worker_id":"c750b157-6928-49ad-a4ef-d8fb47df51df-132802756511616","study_id":0,"datetime_start":"2026-09-17T21:42:35.855633+00:00"}
{"op_code":9,"worker_id":"c750b157-6928-49ad-a4ef-d8fb47df51df-132802756511616","trial_id":132,"system_attr":{"tpe:relative_params:0":"{\"gx\": 8, \"gy\": 1, \"k\": 64, \"m\": 128, \"n\": 32}"}}
{"op_code":5,"worker_id":"c750b157-6928-49ad-a4ef-d8fb47df51df-132802756511616","trial_id":132,"param_name":"m","param_value_internal":3,"distribution":"{\"name\": \"CategoricalDistribution\", \"attributes\": {\"choices\": [16, 32, 64, 128, 256]}}"}
{"op_code":5,"worker_id":"c750b157-6928-49ad-a4ef-d8fb47df51df-132802756511616","trial_id":132,"param_name":"n","param_value_internal":1,"distribution":"{\"name\": \"CategoricalDistribution\", \"attributes\": {\"choices\": [16, 32, 64, 128, 256]}}"}
{"op_code":5,"worker_id":"c750b157-6928-49ad-a4ef-d8fb47df51df-132802756511616","trial_id":132,"param_name":"k","param_value_internal":2,"distribution":"{\"name\": \"CategoricalDistribution\", \"attributes\": {\"choices\": [16, 32, 64, 128]}}"}
{"op_code":5,"worker_id":"c750b157-6928-49ad-a4ef-d8fb47df51df-132802756511616","trial_id":132,"param_name":"gx","param_value_internal":3,"distribution":"{\"name\": \"CategoricalDistribution\", \"attributes\": {\"choices\": [1, 2, 4, 8]}}"}
{"op_code":5,"worker_id":"c750b157-6928-49ad-a4ef-d8fb47df51df-132802756511616","trial_id":132,"param_name":"gy","param_value_internal":0,"distribution":"{\"name\": \"CategoricalDistribution\", \"attributes\": {\"choices\": [1, 2, 4, 8]}}"}
{"op_code":5,"worker_id":"c750b157-6928-49ad-a4ef-d8fb47df51df-132802756511616","trial_id":132,"param_name":"sub","param_value_internal":0,"distribution":"{\"name\": \"CategoricalDistribution\", \"attributes\": {\"choices\": [32]}}"}
{"op_code":6,"worker_id":"c750b157-6928-49ad-a4ef-d8fb47df51df-132802756511616","trial_id":132,"state":2,"values":null,"datetime_complete":"2026-09-17T21:42:35.870003+00:00"}
{"op_code":4,"worker_id":"c750b157-6928-49ad-a4ef-d8fb47df51df-132802756511616","study_id":0,"datetime_start":"2026-09-17T21:42:35.871707+00:00"}
{"op_code":9,"worker_id":"c750b157-6928-49ad-a4ef-d8fb47df51df-132802756511616","trial_id":133,"system_attr":{"tpe:relative_params:0":"{\"gx\": 2, \"gy\": 8, \"k\": 32, \"m\": 128, \"n\": 16}"}}
{"op_code":5,"worker_id":"c750b157-6928-49ad-a4ef-d8fb47df51df-132802756511616","trial_id":133,"param_name":"m","param_value_internal":3,"distribution":"{\"name\": \"CategoricalDistribution\", \"attributes\": {\"choices\": [16, 32, 64, 128, 256]}}"}
{"op_code":5,"worker_id":"c750b157-6928-49ad-a4ef-d8fb47df51df-132802756511616","trial_id":133,"param_name":"n","param_value_internal":0,"distribution":"{\"name\": \"CategoricalDistribution\", \"attributes\": {\"choices\": [16, 32, 64, 128, 256]}}"}
{"op_code":5,"worker_id":"c750b157-6928-49ad-a4ef-d8fb47df51df-132802756511616","trial_id":133,"param_name":"k","param_value_internal":1,"distribution":"{\"name\": \"CategoricalDistribution\", \"attributes\": {\"choices\": [16, 32, 64, 128]}}"}
{"op_code":5,"worker_id":"c750b157-6928-49ad-a4ef-d8fb47df51df-132802756511616","trial_id":133,"param_name":"gx","param_value_internal":1,"distribution":"{\"name\": \"CategoricalDistribution\", \"attributes\": {\"choices\": [1, 2, 4, 8]}}"}
{"op_code":5,"worker_id":"c750b157-6928-49ad-a4ef-d8fb47df51df-132802756511616","trial_id":133,"param_name":"gy","param_value_internal":3,"distribution":"{\"name\": \"CategoricalDistribution\", \"attributes\": {\"choices\": [1, 2, 4, 8]}}"}
{"op_code":5,"worker_id":"c750b157-6928-49ad-a4ef-d8fb47df51df-132802756511616","trial_id":133,"param_name":"sub","param_value_internal":0,"distribution":"{\"name\": \"CategoricalDistribution\", \"attributes\": {\"choices\": [32]}}"}
{"op_code":6,"worker_id":"c750b157-6928-49ad-a4ef-d8fb47df51df-132802756511616","trial_id":133,"state":2,"values":null,"datetime_complete":"2026-09-17T21:42:35.885961+00:00"}
{"op_code":4,"worker_id":"c750b157-6928-49ad-a4ef-d8fb47df51df-132802756511616","study_id":0,"datetime_start":"2026-09-17T21:42:35.887585+00:00"}
{"op_code":9,"worker_id":"c750b157-6928-49ad-a4ef-d8fb47df51df-132802756511616","trial_id":134,"system_attr":{"tpe:relative_params:0":"{\"gx\": 4, \"gy\": 4, \"k\": 32, \"m\": 64, \"n\": 256}"}}
{"op_code":5,"worker_id":"c750b157-6928-49ad-a4ef-d8fb47df51df-132802756511616","trial_id":134,"param_name":"m","param_value_internal":2,"distribution":"{\"name\": \"CategoricalDistribution\", \"attributes\": {\"choices\": [16, 32, 64, 128, 256]}}"}
{"op_code":5,"worker_id":"c750b157-6928-49ad-a4ef-d8fb47df51df-132802756511616","trial_id":134,"param_name":"n","param_value_internal":4,"distribution":"{\"name\": \"CategoricalDistribution\", \"attributes\": {\"choices\": [16, 32, 64, 128, 256]}}"}
{"op_code":5,"worker_id":"c750b157-6928-49ad-a4ef-d8fb47df51df-132802756511616","trial_id":134,"param_name":"k","param_value_internal":1,"distribution":"{\"name\": \"CategoricalDistribution\", \"attributes\": {\"choices\": [16, 32, 64, 128]}}"}
{"op_code":5,"worker_id":"c750b157-6928-49ad-a4ef-d8fb47df51df-132802756511616","trial_id":134,"param_name":"gx","param_value_internal":2,"distribution":"{\"name\": \"CategoricalDistribution\", \"attributes\": {\"choices\": [1, 2, 4, 8]}}"}
{"op_code":5,"worker_id":"c750b157-6928-49ad-a4ef-d8fb47df51df-132802756511616","trial_id":134,"param_name":"gy","param_value_internal":2,"distribution":"{\"name\": \"CategoricalDistribution\", \"attributes\": {\"choices\": [1, 2, 4, 8]}}"}
{"op_code":5,"worker_id":"c750b157-6928-49ad-a4ef-d8fb47df51df-132802756511616","trial_id":134,"param_name":"sub","param_value_internal":0,"distribution":"{\"name\": \"CategoricalDistribution\", \"attributes\": {\"choices\": [32]}}"}
{"op_code":6,"worker_id":"c750b157-6928-49ad-a4ef-d8fb47df51df-132802756511616","trial_id":134,"state":2,"values":null,"datetime_complete":"2026-09-17T21:42:35.901920+00:00"}
{"op_code":4,"worker_id":"c750b157-6928-49ad-a4ef-d8fb47df51df-132802756511616","study_id":0,"datetime_start":"2026-09-17T21:42:35.903508+00:00"}
{"op_code":9,"worker_id":"c750b157-6928-49ad-a4ef-d8fb47df51df-132802756511616","trial_id":135,"system_attr":{"tpe:relative_params:0":"{\"gx\": 2, \"gy\": 4, \"k\": 32, \"m\": 64, \"n\": 64}"}}
{"op_code":5,"worker_id":"c750b157-6928-49ad-a4ef-d8fb47df51df-132802756511616","trial_id":135,"param_name":"m","param_value_internal":2,"distribution":"{\"name\": \"CategoricalDistribution\", \"attributes\": {\"choices\": [16, 32, 64, 128, 256]}}"}
{"op_code":5,"worker_id":"c750b157-6928-49ad-a4ef-d8fb47df51df-132802756511616","trial_id":135,"param_name":"n","param_value_internal":2,"distribution":"{\"name\": \"CategoricalDistribution\", \"attributes\": {\"choices\": [16, 32, 64, 128, 256]}}"}
{"op_code":5,"worker_id":"c750b157-6928-49ad-a4ef-d8fb47df51df-132802756511616","trial_id":135,"param_name":"k","param_value_internal":1,"distribution":"{\"name\": \"CategoricalDistribution\", \"attributes\": {\"choices\": [16, 32, 64, 128]}}"}
{"op_code":5,"worker_id":"c750b157-6928-49ad-a4ef-d8fb47df51df-132802756511616","trial_id":135,"param_name":"gx","param_value_internal":1,"distribution":"{\"name\": \"CategoricalDistribution\", \"attributes\": {\"choices\": [1, 2, 4, 8]}}"}
{"op_code":5,"worker_id":"c750b157-6928-49ad-a4ef-d8fb47df51df-132802756511616","trial_id":135,"param_name":"gy","param_value_internal":2,"distribution":"{\"name\": \"CategoricalDistribution\", \"attributes\": {\"choices\": [1, 2, 4, 8]}}"}
{"op_code":5,"worker_id":"c750b157-6928-49ad-a4ef-d8fb47df51df-132802756511616","trial_id":135,"param_name":"sub","param_value_internal":0,"distribution":"{\"name\": \"CategoricalDistribution\", \"attributes\": {\"choices\": [32]}}"}
{"op_code":6,"worker_id":"c750b157-6928-49ad-a4ef-d8fb47df51df-132802756511616","trial_id":135,"state":2,"values":null,"datetime_complete":"2026-09-17T21:42:35.917237+00:00"}
{"op_code":4,"worker_id":"c750b157-6928-49ad-a4ef-d8fb47df51df-132802756511616","study_id":0,"datetime_start":"2026-09-17T21:42:35.918891+00:00"}
{"op_code":9,"worker_id":"c750b157-6928-49ad-a4ef-d8fb47df51df-132802756511616","trial_id":136,"system_attr":{"tpe:relative_params:0":"{\"gx\": 1, \"gy\": 1, \"k\": 32, \"m\": 64, \"n\": 64}"}}
{"op_code":5,"worker_id":"c750b157-6928-49ad-a4ef-d8fb47df51df-132802756511616","trial_id":136,"param_name":"m","param_value_internal":2,"distribution":"{\"name\": \"CategoricalDistribution\", \"attributes\": {\"choices\": [16, 32, 64, 128, 256]}}"}
{"op_code":5,"worker_id":"c750b157-6928-49ad-a4ef-d8fb47df51df-132802756511616","trial_id":136,"param_name":"n","param_value_internal":2,"distribution":"{\"name\": \"CategoricalDistribution\", \"attributes\": {\"choices\": [16, 32, 64, 128, 256]}}"}
{"op_code":5,"worker_id":"c750b157-6928-49ad-a4ef-d8fb47df51df-132802756511616","trial_id":136,"param_name":"k","param_value_internal":1,"distribution":"{\"name\": \"CategoricalDistribution\", \"attributes\": {\"choices\": [16, 32, 64, 128]}}"}
{"op_code":5,"worker_id":"c750b157-6928-49ad-a4ef-d8fb47df51df-132802756511616","trial_id":136,"param_name":"gx","param_value_internal":0,"distribution":"{\"name\": \"CategoricalDistribution\", \"attributes\": {\"choices\": [1, 2, 4, 8]}}"}
{"op_code":5,"worker_id":"c750b157-6928-49ad-a4ef-d8fb47df51df-132802756511616","trial_id":136,"param_name":"gy","param_value_internal":0,"distribution":"{\"name\": \"CategoricalDistribution\", \"attributes\": {\"choices\": [1, 2, 4, 8]}}"}
{"op_code":5,"worker_id":"c750b157-6928-49ad-a4ef-d8fb47df51df-132802756511616","trial_id":136,"param_name":"sub","param_value_internal":0,"distribution":"{\"name\": \"CategoricalDistribution\", \"attributes\": {\"choices\": [32]}}"}
{"op_code":8,"worker_id":"c750b157-6928-49ad-a4ef-d8fb47df51df-132802756511616","trial_id":136,"user_attr":{"token":"tsweep_t64x64k32g11s32"}}
{"op_code":4,"worker_id":"c750b157-6928-49ad-a4ef-d8fb47df51df-132802756511616","study_id":0,"datetime_start":"2026-09-17T21:42:35.934510+00:00"}
{"op_code":9,"worker_id":"c750b157-6928-49ad-a4ef-d8fb47df51df-132802756511616","trial_id":137,"system_attr":{"tpe:relative_params:0":"{\"gx\": 4, \"gy\": 2, \"k\": 64, \"m\": 32, \"n\": 64}"}}
{"op_code":5,"worker_id":"c750b157-6928-49ad-a4ef-d8fb47df51df-132802756511616","trial_id":137,"param_name":"m","param_value_internal":1,"distribution":"{\"name\": \"CategoricalDistribution\", \"attributes\": {\"choices\": [16, 32, 64, 128, 256]}}"}
{"op_code":5,"worker_id":"c750b157-6928-49ad-a4ef-d8fb47df51df-132802756511616","trial_id":137,"param_name":"n","param_value_internal":2,"distribution":"{\"name\": \"CategoricalDistribution\", \"attributes\": {\"choices\": [16, 32, 64, 128, 256]}}"}
{"op_code":5,"worker_id":"c750b157-6928-49ad-a4ef-d8fb47df51df-132802756511616","trial_id":137,"param_name":"k","param_value_internal":2,"distribution":"{\"name\": \"CategoricalDistribution\", \"attributes\": {\"choices\": [16, 32, 64, 128]}}"}
{"op_code":5,"worker_id":"c750b157-6928-49ad-a4ef-d8fb47df51df-132802756511616","trial_id":137,"param_name":"gx","param_value_internal":2,"distribution":"{\"name\": \"CategoricalDistribution\", \"attributes\": {\"choices\": [1, 2, 4, 8]}}"}
{"op_code":5,"worker_id":"c750b157-6928-49ad-a4ef-d8fb47df51df-132802756511616","trial_id":137,"param_name":"gy","param_value_internal":1,"distribution":"{\"name\": \"CategoricalDistribution\", \"attributes\": {\"choices\": [1, 2, 4, 8]}}"}
{"op_code":5,"worker_id":"c750b157-6928-49ad-a4ef-d8fb47df51df-132802756511616","trial_id":137,"param_name":"sub","param_value_internal":0,"distribution":"{\"name\": \"CategoricalDistribution\", \"attributes\": {\"choices\": [32]}}"}
{"op_code":8,"worker_id":"c750b157-6928-49ad-a4ef-d8fb47df51df-132802756511616","trial_id":137,"user_attr":{"token":"tsweep_t32x64k64g42s32"}}
{"op_code":6,"worker_id":"c750b157-6928-49ad-a4ef-d8fb47df51df-132802756511616","trial_id":85,"state":1,"values":[16063.0],"datetime_complete":"2026-09-17T21:42:59.692175+00:00"}
{"op_code":6,"worker_id":"c750b157-6928-49ad-a4ef-d8fb47df51df-132802756511616","trial_id":94,"state":1,"values":[18789.0],"datetime_complete":"2026-09-17T21:43:11.335845+00:00"}
{"op_code":6,"worker_id":"c750b157-6928-49ad-a4ef-d8fb47df51df-132802756511616","trial_id":102,"state":1,"values":[18618.2],"datetime_complete":"2026-09-17T21:43:20.101933+00:00"}
{"op_code":6,"worker_id":"c750b157-6928-49ad-a4ef-d8fb47df51df-132802756511616","trial_id":103,"state":1,"values":[15693.7],"datetime_complete":"2026-09-17T21:43:27.156846+00:00"}
{"op_code":6,"worker_id":"c750b157-6928-49ad-a4ef-d8fb47df51df-132802756511616","trial_id":104,"state":2,"values":null,"datetime_complete":"2026-09-17T21:43:30.287360+00:00"}
{"op_code":6,"worker_id":"c750b157-6928-49ad-a4ef-d8fb47df51df-132802756511616","trial_id":108,"state":1,"values":[11941.8],"datetime_complete":"2026-09-17T21:43:37.688871+00:00"}
{"op_code":6,"worker_id":"c750b157-6928-49ad-a4ef-d8fb47df51df-132802756511616","trial_id":109,"state":1,"values":[19883.5],"datetime_complete":"2026-09-17T21:43:45.596035+00:00"}
{"op_code":6,"worker_id":"c750b157-6928-49ad-a4ef-d8fb47df51df-132802756511616","trial_id":110,"state":1,"values":[17357.199999999997],"datetime_complete":"2026-09-17T21:43:52.525231+00:00"}
{"op_code":6,"worker_id":"c750b157-6928-49ad-a4ef-d8fb47df51df-132802756511616","trial_id":112,"state":1,"values":[16319.0],"datetime_complete":"2026-09-17T21:43:59.423239+00:00"}
{"op_code":6,"worker_id":"c750b157-6928-49ad-a4ef-d8fb47df51df-132802756511616","trial_id":117,"state":1,"values":[18285.7],"datetime_complete":"2026-09-17T21:44:06.252594+00:00"}
{"op_code":6,"worker_id":"c750b157-6928-49ad-a4ef-d8fb47df51df-132802756511616","trial_id":118,"state":1,"values":[17964.9],"datetime_complete":"2026-09-17T21:44:18.223684+00:00"}
{"op_code":6,"worker_id":"c750b157-6928-49ad-a4ef-d8fb47df51df-132802756511616","trial_id":122,"state":1,"values":[15574.400000000001],"datetime_complete":"2026-09-17T21:44:25.262102+00:00"}
{"op_code":6,"worker_id":"c750b157-6928-49ad-a4ef-d8fb47df51df-132802756511616","trial_id":123,"state":1,"values":[19980.95],"datetime_complete":"2026-09-17T21:44:33.093900+00:00"}
{"op_code":6,"worker_id":"c750b157-6928-49ad-a4ef-d8fb47df51df-132802756511616","trial_id":130,"state":1,"values":[17964.9],"datetime_complete":"2026-09-17T21:44:39.791655+00:00"}
{"op_code":6,"worker_id":"c750b157-6928-49ad-a4ef-d8fb47df51df-132802756511616","trial_id":136,"state":1,"values":[16718.65],"datetime_complete":"2026-09-17T21:44:48.542178+00:00"}
{"op_code":6,"worker_id":"c750b157-6928-49ad-a4ef-d8fb47df51df-132802756511616","trial_id":137,"state":1,"values":[15398.5],"datetime_complete":"2026-09-17T21:44:55.234927+00:00"}
{"op_code":4,"worker_id":"c750b157-6928-49ad-a4ef-d8fb47df51df-132802756511616","study_id":0,"datetime_start":"2026-09-17T21:44:55.239839+00:00"}
{"op_code":9,"worker_id":"c750b157-6928-49ad-a4ef-d8fb47df51df-132802756511616","trial_id":138,"system_attr":{"tpe:relative_params:0":"{\"gx\": 4, \"gy\": 2, \"k\": 32, \"m\": 128, \"n\": 64}"}}
{"op_code":5,"worker_id":"c750b157-6928-49ad-a4ef-d8fb47df51df-132802756511616","trial_id":138,"param_name":"m","param_value_internal":3,"distribution":"{\"name\": \"CategoricalDistribution\", \"attributes\": {\"choices\": [16, 32, 64, 128, 256]}}"}
{"op_code":5,"worker_id":"c750b157-6928-49ad-a4ef-d8fb47df51df-132802756511616","trial_id":138,"param_name":"n","param_value_internal":2,"distribution":"{\"name\": \"CategoricalDistribution\", \"attributes\": {\"choices\": [16, 32, 64, 128, 256]}}"}
{"op_code":5,"worker_id":"c750b157-6928-49ad-a4ef-d8fb47df51df-132802756511616","trial_id":138,"param_name":"k","param_value_internal":1,"distribution":"{\"name\": \"CategoricalDistribution\", \"attributes\": {\"choices\": [16, 32, 64, 128]}}"}
{"op_code":5,"worker_id":"c750b157-6928-49ad-a4ef-d8fb47df51df-132802756511616","trial_id":138,"param_name":"gx","param_value_internal":2,"distribution":"{\"name\": \"CategoricalDistribution\", \"attributes\": {\"choices\": [1, 2, 4, 8]}}"}
{"op_code":5,"worker_id":"c750b157-6928-49ad-a4ef-d8fb47df51df-132802756511616","trial_id":138,"param_name":"gy","param_value_internal":1,"distribution":"{\"name\": \"CategoricalDistribution\", \"attributes\": {\"choices\": [1, 2, 4, 8]}}"}
{"op_code":5,"worker_id":"c750b157-6928-49ad-a4ef-d8fb47df51df-132802756511616","trial_id":138,"param_name":"sub","param_value_internal":0,"distribution":"{\"name\": \"CategoricalDistribution\", \"attributes\": {\"choices\": [32]}}"}
{"op_code":6,"worker_id":"c750b157-6928-49ad-a4ef-d8fb47df51df-132802756511616","trial_id":138,"state":2,"values":null,"datetime_complete":"2026-09-17T21:44:55.253648+00:00"}
{"op_code":4,"worker_id":"c750b157-6928-49ad-a4ef-d8fb47df51df-132802756511616","study_id":0,"datetime_start":"2026-09-17T21:44:55.255287+00:00"}
{"op_code":9,"worker_id":"c750b157-6928-49ad-a4ef-d8fb47df51df-132802756511616","trial_id":139,"system_attr":{"tpe:relative_params:0":"{\"gx\": 2, \"gy\": 2, \"k\": 16, \"m\": 256, \"n\": 128}"}}
{"op_code":5,"worker_id":"c750b157-6928-49ad-a4ef-d8fb47df51df-132802756511616","trial_id":139,"param_name":"m","param_value_internal":4,"distribution":"{\"name\": \"CategoricalDistribution\", \"attributes\": {\"choices\": [16, 32, 64, 128, 256]}}"}
{"op_code":5,"worker_id":"c750b157-6928-49ad-a4ef-d8fb47df51df-132802756511616","trial_id":139,"param_name":"n","param_value_internal":3,"distribution":"{\"name\": \"CategoricalDistribution\", \"attributes\": {\"choices\": [16, 32, 64, 128, 256]}}"}
{"op_code":5,"worker_id":"c750b157-6928-49ad-a4ef-d8fb47df51df-132802756511616","trial_id":139,"param_name":"k","param_value_internal":0,"distribution":"{\"name\": \"CategoricalDistribution\", \"attributes\": {\"choices\": [16, 32, 64, 128]}}"}
{"op_code":5,"worker_id":"c750b157-6928-49ad-a4ef-d8fb47df51df-132802756511616","trial_id":139,"param_name":"gx","param_value_internal":1,"distribution":"{\"name\": \"CategoricalDistribution\", \"attributes\": {\"choices\": [1, 2, 4, 8]}}"}
{"op_code":5,"worker_id":"c750b157-6928-49ad-a4ef-d8fb47df51df-132802756511616","trial_id":139,"param_name":"gy","param_value_internal":1,"distribution":"{\"name\": \"CategoricalDistribution\", \"attributes\": {\"choices\": [1, 2, 4, 8]}}"}
{"op_code":5,"worker_id":"c750b157-6928-49ad-a4ef-d8fb47df51df-132802756511616","trial_id":139,"param_name":"sub","param_value_internal":0,"distribution":"{\"name\": \"CategoricalDistribution\", \"attributes\": {\"choices\": [32]}}"}
{"op_code":6,"worker_id":"c750b157-6928-49ad-a4ef-d8fb47df51df-132802756511616","trial_id":139,"state":2,"values":null,"datetime_complete":"2026-09-17T21:44:55.268289+00:00"}
{"op_code":4,"worker_id":"c750b157-6928-49ad-a4ef-d8fb47df51df-132802756511616","study_id":0,"datetime_start":"2026-09-17T21:44:55.269797+00:00"}
{"op_code":9,"worker_id":"c750b157-6928-49ad-a4ef-d8fb47df51df-132802756511616","trial_id":140,"system_attr":{"tpe:relative_params:0":"{\"gx\": 2, \"gy\": 2, \"k\": 32, \"m\": 128, \"n\": 128}"}}
{"op_code":5,"worker_id":"c750b157-6928-49ad-a4ef-d8fb47df51df-132802756511616","trial_id":140,"param_name":"m","param_value_internal":3,"distribution":"{\"name\": \"CategoricalDistribution\", \"attributes\": {\"choices\": [16, 32, 64, 128, 256]}}"}
{"op_code":5,"worker_id":"c750b157-6928-49ad-a4ef-d8fb47df51df-132802756511616","trial_id":140,"param_name":"n","param_value_internal":3,"distribution":"{\"name\": \"CategoricalDistribution\", \"attributes\": {\"choices\": [16, 32, 64, 128, 256]}}"}
{"op_code":5,"worker_id":"c750b157-6928-49ad-a4ef-d8fb47df51df-132802756511616","trial_id":140,"param_name":"k","param_value_internal":1,"distribution":"{\"name\": \"CategoricalDistribution\", \"attributes\": {\"choices\": [16, 32, 64, 128]}}"}
{"op_code":5,"worker_id":"c750b157-6928-49ad-a4ef-d8fb47df51df-132802756511616","trial_id":140,"param_name":"gx","param_value_internal":1,"distribution":"{\"name\": \"CategoricalDistribution\", \"attributes\": {\"choices\": [1, 2, 4, 8]}}"}
{"op_code":5,"worker_id":"c750b157-6928-49ad-a4ef-d8fb47df51df-132802756511616","trial_id":140,"param_name":"gy","param_value_internal":1,"distribution":"{\"name\": \"CategoricalDistribution\", \"attributes\": {\"choices\": [1, 2, 4, 8]}}"}
{"op_code":5,"worker_id":"c750b157-6928-49ad-a4ef-d8fb47df51df-132802756511616","trial_id":140,"param_name":"sub","param_value_internal":0,"distribution":"{\"name\": \"CategoricalDistribution\", \"attributes\": {\"choices\": [32]}}"}
{"op_code":6,"worker_id":"c750b157-6928-49ad-a4ef-d8fb47df51df-132802756511616","trial_id":140,"state":2,"values":null,"datetime_complete":"2026-09-17T21:44:55.282477+00:00"}
{"op_code":4,"worker_id":"c750b157-6928-49ad-a4ef-d8fb47df51df-132802756511616","study_id":0,"datetime_start":"2026-09-17T21:44:55.284141+00:00"}
{"op_code":9,"worker_id":"c750b157-6928-49ad-a4ef-d8fb47df51df-132802756511616","trial_id":141,"system_attr":{"tpe:relative_params:0":"{\"gx\": 1, \"gy\": 2, \"k\": 16, \"m\": 128, \"n\": 128}"}}
{"op_code":5,"worker_id":"c750b157-6928-49ad-a4ef-d8fb47df51df-132802756511616","trial_id":141,"param_name":"m","param_value_internal":3,"distribution":"{\"name\": \"CategoricalDistribution\", \"attributes\": {\"choices\": [16, 32, 64, 128, 256]}}"}
{"op_code":5,"worker_id":"c750b157-6928-49ad-a4ef-d8fb47df51df-132802756511616","trial_id":141,"param_name":"n","param_value_internal":3,"distribution":"{\"name\": \"CategoricalDistribution\", \"attributes\": {\"choices\": [16, 32, 64, 128, 256]}}"}
{"op_code":5,"worker_id":"c750b157-6928-49ad-a4ef-d8fb47df51df-132802756511616","trial_id":141,"param_name":"k","param_value_internal":0,"distribution":"{\"name\": \"CategoricalDistribution\", \"attributes\": {\"choices\": [16, 32, 64, 128]}}"}
{"op_code":5,"worker_id":"c750b157-6928-49ad-a4ef-d8fb47df51df-132802756511616","trial_id":141,"param_name":"gx","param_value_internal":0,"distribution":"{\"name\": \"CategoricalDistribution\", \"attributes\": {\"choices\": [1, 2, 4, 8]}}"}
{"op_code":5,"worker_id":"c750b157-6928-49ad-a4ef-d8fb47df51df-132802756511616","trial_id":141,"param_name":"gy","param_value_internal":1,"distribution":"{\"name\": \"CategoricalDistribution\", \"attributes\": {\"choices\": [1, 2, 4, 8]}}"}
{"op_code":5,"worker_id":"c750b157-6928-49ad-a4ef-d8fb47df51df-132802756511616","trial_id":141,"param_name":"sub","param_value_internal":0,"distribution":"{\"name\": \"CategoricalDistribution\", \"attributes\": {\"choices\": [32]}}"}
{"op_code":6,"worker_id":"c750b157-6928-49ad-a4ef-d8fb47df51df-132802756511616","trial_id":141,"state":2,"values":null,"datetime_complete":"2026-09-17T21:44:55.296910+00:00"}
{"op_code":4,"worker_id":"c750b157-6928-49ad-a4ef-d8fb47df51df-132802756511616","study_id":0,"datetime_start":"2026-09-17T21:44:55.298420+00:00"}
{"op_code":9,"worker_id":"c750b157-6928-49ad-a4ef-d8fb47df51df-132802756511616","trial_id":142,"system_attr":{"tpe:relative_params:0":"{\"gx\": 4, \"gy\": 1, \"k\": 32, \"m\": 128, \"n\": 64}"}}
{"op_code":5,"worker_id":"c750b157-6928-49ad-a4ef-d8fb47df51df-132802756511616","trial_id":142,"param_name":"m","param_value_internal":3,"distribution":"{\"name\": \"CategoricalDistribution\", \"attributes\": {\"choices\": [16, 32, 64, 128, 256]}}"}
{"op_code":5,"worker_id":"c750b157-6928-49ad-a4ef-d8fb47df51df-132802756511616","trial_id":142,"param_name":"n","param_value_internal":2,"distribution":"{\"name\": \"CategoricalDistribution\", \"attributes\": {\"choices\": [16, 32, 64, 128, 256]}}"}
{"op_code":5,"worker_id":"c750b157-6928-49ad-a4ef-d8fb47df51df-132802756511616","trial_id":142,"param_name":"k","param_value_internal":1,"distribution":"{\"name\": \"CategoricalDistribution\", \"attributes\": {\"choices\": [16, 32, 64, 128]}}"}
{"op_code":5,"worker_id":"c750b157-6928-49ad-a4ef-d8fb47df51df-132802756511616","trial_id":142,"param_name":"gx","param_value_internal":2,"distribution":"{\"name\": \"CategoricalDistribution\", \"attributes\": {\"choices\": [1, 2, 4, 8]}}"}
{"op_code":5,"worker_id":"c750b157-6928-49ad-a4ef-d8fb47df51df-132802756511616","trial_id":142,"param_name":"gy","param_value_internal":0,"distribution":"{\"name\": \"CategoricalDistribution\", \"attributes\": {\"choices\": [1, 2, 4, 8]}}"}
{"op_code":5,"worker_id":"c750b157-6928-49ad-a4ef-d8fb47df51df-132802756511616","trial_id":142,"param_name":"sub","param_value_internal":0,"distribution":"{\"name\": \"CategoricalDistribution\", \"attributes\": {\"choices\": [32]}}"}
{"op_code":8,"worker_id":"c750b157-6928-49ad-a4ef-d8fb47df51df-132802756511616","trial_id":142,"user_attr":{"token":"tsweep_t128x64k32g41s32"}}
{"op_code":4,"worker_id":"c750b157-6928-49ad-a4ef-d8fb47df51df-132802756511616","study_id":0,"datetime_start":"2026-09-17T21:44:55.312217+00:00"}
{"op_code":9,"worker_id":"c750b157-6928-49ad-a4ef-d8fb47df51df-132802756511616","trial_id":143,"system_attr":{"tpe:relative_params:0":"{\"gx\": 4, \"gy\": 1, \"k\": 128, \"m\": 128, \"n\": 256}"}}
{"op_code":5,"worker_id":"c750b157-6928-49ad-a4ef-d8fb47df51df-132802756511616","trial_id":143,"param_name":"m","param_value_internal":3,"distribution":"{\"name\": \"CategoricalDistribution\", \"attributes\": {\"choices\": [16, 32, 64, 128, 256]}}"}
{"op_code":5,"worker_id":"c750b157-6928-49ad-a4ef-d8fb47df51df-132802756511616","trial_id":143,"param_name":"n","param_value_internal":4,"distribution":"{\"name\": \"CategoricalDistribution\", \"attributes\": {\"choices\": [16, 32, 64, 128, 256]}}"}
{"op_code":5,"worker_id":"c750b157-6928-49ad-a4ef-d8fb47df51df-132802756511616","trial_id":143,"param_name":"k","param_value_internal":3,"distribution":"{\"name\": \"CategoricalDistribution\", \"attributes\": {\"choices\": [16, 32, 64, 128]}}"}
{"op_code":5,"worker_id":"c750b157-6928-49ad-a4ef-d8fb47df51df-132802756511616","trial_id":143,"param_name":"gx","param_value_internal":2,"distribution":"{\"name\": \"CategoricalDistribution\", \"attributes\": {\"choices\": [1, 2, 4, 8]}}"}
{"op_code":5,"worker_id":"c750b157-6928-49ad-a4ef-d8fb47df51df-132802756511616","trial_id":143,"param_name":"gy","param_value_internal":0,"distribution":"{\"name\": \"CategoricalDistribution\", \"attributes\": {\"choices\": [1, 2, 4, 8]}}"}
{"op_code":5,"worker_id":"c750b157-6928-49ad-a4ef-d8fb47df51df-132802756511616","trial_id":143,"param_name":"sub","param_value_internal":0,"distribution":"{\"name\": \"CategoricalDistribution\", \"attributes\": {\"choices\": [32]}}"}
{"op_code":6,"worker_id":"c750b157-6928-49ad-a4ef-d8fb47df51df-132802756511616","trial_id":143,"state":2,"values":null,"datetime_complete":"2026-09-17T21:44:55.325370+00:00"}
{"op_code":4,"worker_id":"c750b157-6928-49ad-a4ef-d8fb47df51df-132802756511616","study_id":0,"datetime_start":"2026-09-17T21:44:55.326819+00:00"}
{"op_code":9,"worker_id":"c750b157-6928-49ad-a4ef-d8fb47df51df-132802756511616","trial_id":144,"system_attr":{"tpe:relative_params:0":"{\"gx\": 2, \"gy\": 1, \"k\": 32, \"m\": 128, \"n\": 64}"}}
{"op_code":5,"worker_id":"c750b157-6928-49ad-a4ef-d8fb47df51df-132802756511616","trial_id":144,"param_name":"m","param_value_internal":3,"distribution":"{\"name\": \"CategoricalDistribution\", \"attributes\": {\"choices\": [16, 32, 64, 128, 256]}}"}
{"op_code":5,"worker_id":"c750b157-6928-49ad-a4ef-d8fb47df51df-132802756511616","trial_id":144,"param_name":"n","param_value_internal":2,"distribution":"{\"name\": \"CategoricalDistribution\", \"attributes\": {\"choices\": [16, 32, 64, 128, 256]}}"}
{"op_code":5,"worker_id":"c750b157-6928-49ad-a4ef-d8fb47df51df-132802756511616","trial_id":144,"param_name":"k","param_value_internal":1,"distribution":"{\"name\": \"CategoricalDistribution\", \"attributes\": {\"choices\": [16, 32, 64, 128]}}"}
{"op_code":5,"worker_id":"c750b157-6928-49ad-a4ef-d8fb47df51df-132802756511616","trial_id":144,"param_name":"gx","param_value_internal":1,"distribution":"{\"name\": \"CategoricalDistribution\", \"attributes\": {\"choices\": [1, 2, 4, 8]}}"}
{"op_code":5,"worker_id":"c750b157-6928-49ad-a4ef-d8fb47df51df-132802756511616","trial_id":144,"param_name":"gy","param_value_internal":0,"distribution":"{\"name\": \"CategoricalDistribution\", \"attributes\": {\"choices\": [1, 2, 4, 8]}}"}
{"op_code":5,"worker_id":"c750b157-6928-49ad-a4ef-d8fb47df51df-132802756511616","trial_id":144,"param_name":"sub","param_value_internal":0,"distribution":"{\"name\": \"CategoricalDistribution\", \"attributes\": {\"choices\": [32]}}"}
{"op_code":6,"worker_id":"c750b157-6928-49ad-a4ef-d8fb47df51df-132802756511616","trial_id":144,"state":2,"values":null,"datetime_complete":"2026-09-17T21:44:55.339552+00:00"}
{"op_code":4,"worker_id":"c750b157-6928-49ad-a4ef-d8fb47df51df-132802756511616","study_id":0,"datetime_start":"2026-09-17T21:44:55.341179+00:00"}
{"op_code":9,"worker_id":"c750b157-6928-49ad-a4ef-d8fb47df51df-132802756511616","trial_id":145,"system_attr":{"tpe:relative_params:0":"{\"gx\": 2, \"gy\": 1, \"k\": 16, \"m\": 128, \"n\": 128}"}}
{"op_code":5,"worker_id":"c750b157-6928-49ad-a4ef-d8fb47df51df-132802756511616","trial_id":145,"param_name":"m","param_value_internal":3,"distribution":"{\"name\": \"CategoricalDistribution\", \"attributes\": {\"choices\": [16, 32, 64, 128, 256]}}"}
{"op_code":5,"worker_id":"c750b157-6928-49ad-a4ef-d8fb47df51df-132802756511616","trial_id":145,"param_name":"n","param_value_internal":3,"distribution":"{\"name\": \"CategoricalDistribution\", \"attributes\": {\"choices\": [16, 32, 64, 128, 256]}}"}
{"op_code":5,"worker_id":"c750b157-6928-49ad-a4ef-d8fb47df51df-132802756511616","trial_id":145,"param_name":"k","param_value_internal":0,"distribution":"{\"name\": \"CategoricalDistribution\", \"attributes\": {\"choices\": [16, 32, 64, 128]}}"}
{"op_code":5,"worker_id":"c750b157-6928-49ad-a4ef-d8fb47df51df-132802756511616","trial_id":145,"param_name":"gx","param_value_internal":1,"distribution":"{\"name\": \"CategoricalDistribution\", \"attributes\": {\"choices\": [1, 2, 4, 8]}}"}
{"op_code":5,"worker_id":"c750b157-6928-49ad-a4ef-d8fb47df51df-132802756511616","trial_id":145,"param_name":"gy","param_value_internal":0,"distribution":"{\"name\": \"CategoricalDistribution\", \"attributes\": {\"choices\": [1, 2, 4, 8]}}"}
{"op_code":5,"worker_id":"c750b157-6928-49ad-a4ef-d8fb47df51df-132802756511616","trial_id":145,"param_name":"sub","param_value_internal":0,"distribution":"{\"name\": \"CategoricalDistribution\", \"attributes\": {\"choices\": [32]}}"}
{"op_code":8,"worker_id":"c750b157-6928-49ad-a4ef-d8fb47df51df-132802756511616","trial_id":145,"user_attr":{"token":"tsweep_t128x128k16g21s32"}}
{"op_code":4,"worker_id":"c750b157-6928-49ad-a4ef-d8fb47df51df-132802756511616","study_id":0,"datetime_start":"2026-09-17T21:44:55.355649+00:00"}
{"op_code":9,"worker_id":"c750b157-6928-49ad-a4ef-d8fb47df51df-132802756511616","trial_id":146,"system_attr":{"tpe:relative_params:0":"{\"gx\": 2, \"gy\": 4, \"k\": 32, \"m\": 128, \"n\": 64}"}}
{"op_code":5,"worker_id":"c750b157-6928-49ad-a4ef-d8fb47df51df-132802756511616","trial_id":146,"param_name":"m","param_value_internal":3,"distribution":"{\"name\": \"CategoricalDistribution\", \"attributes\": {\"choices\": [16, 32, 64, 128, 256]}}"}
{"op_code":5,"worker_id":"c750b157-6928-49ad-a4ef-d8fb47df51df-132802756511616","trial_id":146,"param_name":"n","param_value_internal":2,"distribution":"{\"name\": \"CategoricalDistribution\", \"attributes\": {\"choices\": [16, 32, 64, 128, 256]}}"}
{"op_code":5,"worker_id":"c750b157-6928-49ad-a4ef-d8fb47df51df-132802756511616","trial_id":146,"param_name":"k","param_value_internal":1,"distribution":"{\"name\": \"CategoricalDistribution\", \"attributes\": {\"choices\": [16, 32, 64, 128]}}"}
{"op_code":5,"worker_id":"c750b157-6928-49ad-a4ef-d8fb47df51df-132802756511616","trial_id":146,"param_name":"gx","param_value_internal":1,"distribution":"{\"name\": \"CategoricalDistribution\", \"attributes\": {\"choices\": [1, 2, 4, 8]}}"}
{"op_code":5,"worker_id":"c750b157-6928-49ad-a4ef-d8fb47df51df-132802756511616","trial_id":146,"param_name":"gy","param_value_internal":2,"distribution":"{\"name\": \"CategoricalDistribution\", \"attributes\": {\"choices\": [1, 2, 4, 8]}}"}
{"op_code":5,"worker_id":"c750b157-6928-49ad-a4ef-d8fb47df51df-132802756511616","trial_id":146,"param_name":"sub","param_value_internal":0,"distribution":"{\"name\": \"CategoricalDistribution\", \"attributes\": {\"choices\": [32]}}"}
{"op_code":8,"worker_id":"c750b157-6928-49ad-a4ef-d8fb47df51df-132802756511616","trial_id":146,"user_attr":{"token":"tsweep_t128x64k32g24s32"}}
{"op_code":4,"worker_id":"c750b157-6928-49ad-a4ef-d8fb47df51df-132802756511616","study_id":0,"datetime_start":"2026-09-17T21:44:55.370513+00:00"}
{"op_code":9,"worker_id":"c750b157-6928-49ad-a4ef-d8fb47df51df-132802756511616","trial_id":147,"system_attr":{"tpe:relative_params:0":"{\"gx\": 4, \"gy\": 8, \"k\": 16, \"m\": 128, \"n\": 256}"}}
{"op_code":5,"worker_id":"c750b157-6928-49ad-a4ef-d8fb47df51df-132802756511616","trial_id":147,"param_name":"m","param_value_internal":3,"distribution":"{\"name\": \"CategoricalDistribution\", \"attributes\": {\"choices\": [16, 32, 64, 128, 256]}}"}
{"op_code":5,"worker_id":"c750b157-6928-49ad-a4ef-d8fb47df51df-132802756511616","trial_id":147,"param_name":"n","param_value_internal":4,"distribution":"{\"name\": \"CategoricalDistribution\", \"attributes\": {\"choices\": [16, 32, 64, 128, 256]}}"}
{"op_code":5,"worker_id":"c750b157-6928-49ad-a4ef-d8fb47df51df-132802756511616","trial_id":147,"param_name":"k","param_value_internal":0,"distribution":"{\"name\": \"CategoricalDistribution\", \"attributes\": {\"choices\": [16, 32, 64, 128]}}"}
{"op_code":5,"worker_id":"c750b157-6928-49ad-a4ef-d8fb47df51df-132802756511616","trial_id":147,"param_name":"gx","param_value_internal":2,"distribution":"{\"name\": \"CategoricalDistribution\", \"attributes\": {\"choices\": [1, 2, 4, 8]}}"}
{"op_code":5,"worker_id":"c750b157-6928-49ad-a4ef-d8fb47df51df-132802756511616","trial_id":147,"param_name":"gy","param_value_internal":3,"distribution":"{\"name\": \"CategoricalDistribution\", \"attributes\": {\"choices\": [1, 2, 4, 8]}}"}
{"op_code":5,"worker_id":"c750b157-6928-49ad-a4ef-d8fb47df51df-132802756511616","trial_id":147,"param_name":"sub","param_value_internal":0,"distribution":"{\"name\": \"CategoricalDistribution\", \"attributes\": {\"choices\": [32]}}"}
{"op_code":6,"worker_id":"c750b157-6928-49ad-a4ef-d8fb47df51df-132802756511616","trial_id":147,"state":2,"values":null,"datetime_complete":"2026-09-17T21:44:55.383937+00:00"}
{"op_code":4,"worker_id":"c750b157-6928-49ad-a4ef-d8fb47df51df-132802756511616","study_id":0,"datetime_start":"2026-09-17T21:44:55.385460+00:00"}
{"op_code":9,"worker_id":"c750b157-6928-49ad-a4ef-d8fb47df51df-132802756511616","trial_id":148,"system_attr":{"tpe:relative_params:0":"{\"gx\": 8, \"gy\": 2, \"k\": 64, \"m\": 128, \"n\": 256}"}}
{"op_code":5,"worker_id":"c750b157-6928-49ad-a4ef-d8fb47df51df-132802756511616","trial_id":148,"param_name":"m","param_value_internal":3,"distribution":"{\"name\": \"CategoricalDistribution\", \"attributes\": {\"choices\": [16, 32, 64, 128, 256]}}"}
{"op_code":5,"worker_id":"c750b157-6928-49ad-a4ef-d8fb47df51df-132802756511616","trial_id":148,"param_name":"n","param_value_internal":4,"distribution":"{\"name\": \"CategoricalDistribution\", \"attributes\": {\"choices\": [16, 32, 64, 128, 256]}}"}
{"op_code":5,"worker_id":"c750b157-6928-49ad-a4ef-d8fb47df51df-132802756511616","trial_id":148,"param_name":"k","param_value_internal":2,"distribution":"{\"name\": \"CategoricalDistribution\", \"attributes\": {\"choices\": [16, 32, 64, 128]}}"}
{"op_code":5,"worker_id":"c750b157-6928-49ad-a4ef-d8fb47df51df-132802756511616","trial_id":148,"param_name":"gx","param_value_internal":3,"distribution":"{\"name\": \"CategoricalDistribution\", \"attributes\": {\"choices\": [1, 2, 4, 8]}}"}
{"op_code":5,"worker_id":"c750b157-6928-49ad-a4ef-d8fb47df51df-132802756511616","trial_id":148,"param_name":"gy","param_value_internal":1,"distribution":"{\"name\": \"CategoricalDistribution\", \"attributes\": {\"choices\": [1, 2, 4, 8]}}"}
{"op_code":5,"worker_id":"c750b157-6928-49ad-a4ef-d8fb47df51df-132802756511616","trial_id":148,"param_name":"sub","param_value_internal":0,"distribution":"{\"name\": \"CategoricalDistribution\", \"attributes\": {\"choices\": [32]}}"}
{"op_code":6,"worker_id":"c750b157-6928-49ad-a4ef-d8fb47df51df-132802756511616","trial_id":148,"state":2,"values":null,"datetime_complete":"2026-09-17T21:44:55.398129+00:00"}
{"op_code":4,"worker_id":"c750b157-6928-49ad-a4ef-d8fb47df51df-132802756511616","study_id":0,"datetime_start":"2026-09-17T21:44:55.399566+00:00"}
{"op_code":9,"worker_id":"c750b157-6928-49ad-a4ef-d8fb47df51df-132802756511616","trial_id":149,"system_attr":{"tpe:relative_params:0":"{\"gx\": 1, \"gy\": 1, \"k\": 16, \"m\": 128, \"n\": 256}"}}
{"op_code":5,"worker_id":"c750b157-6928-49ad-a4ef-d8fb47df51df-132802756511616","trial_id":149,"param_name":"m","param_value_internal":3,"distribution":"{\"name\": \"CategoricalDistribution\", \"attributes\": {\"choices\": [16, 32, 64, 128, 256]}}"}
{"op_code":5,"worker_id":"c750b157-6928-49ad-a4ef-d8fb47df51df-132802756511616","trial_id":149,"param_name":"n","param_value_internal":4,"distribution":"{\"name\": \"CategoricalDistribution\", \"attributes\": {\"choices\": [16, 32, 64, 128, 256]}}"}
{"op_code":5,"worker_id":"c750b157-6928-49ad-a4ef-d8fb47df51df-132802756511616","trial_id":149,"param_name":"k","param_value_internal":0,"distribution":"{\"name\": \"CategoricalDistribution\", \"attributes\": {\"choices\": [16, 32, 64, 128]}}"}
{"op_code":5,"worker_id":"c750b157-6928-49ad-a4ef-d8fb47df51df-132802756511616","trial_id":149,"param_name":"gx","param_value_internal":0,"distribution":"{\"name\": \"CategoricalDistribution\", \"attributes\": {\"choices\": [1, 2, 4, 8]}}"}
{"op_code":5,"worker_id":"c750b157-6928-49ad-a4ef-d8fb47df51df-132802756511616","trial_id":149,"param_name":"gy","param_value_internal":0,"distribution":"{\"name\": \"CategoricalDistribution\", \"attributes\": {\"choices\": [1, 2, 4, 8]}}"}
{"op_code":5,"worker_id":"c750b157-6928-49ad-a4ef-d8fb47df51df-132802756511616","trial_id":149,"param_name":"sub","param_value_internal":0,"distribution":"{\"name\": \"CategoricalDistribution\", \"attributes\": {\"choices\": [32]}}"}
{"op_code":8,"worker_id":"c750b157-6928-49ad-a4ef-d8fb47df51df-132802756511616","trial_id":149,"user_attr":{"token":"tsweep_t128x256k16g11s32"}}
{"op_code":4,"worker_id":"c750b157-6928-49ad-a4ef-d8fb47df51df-132802756511616","study_id":0,"datetime_start":"2026-09-17T21:44:55.413421+00:00"}
{"op_code":9,"worker_id":"c750b157-6928-49ad-a4ef-d8fb47df51df-132802756511616","trial_id":150,"system_attr":{"tpe:relative_params:0":"{\"gx\": 2, \"gy\": 1, \"k\": 16, \"m\": 256, \"n\": 64}"}}
{"op_code":5,"worker_id":"c750b157-6928-49ad-a4ef-d8fb47df51df-132802756511616","trial_id":150,"param_name":"m","param_value_internal":4,"distribution":"{\"name\": \"CategoricalDistribution\", \"attributes\": {\"choices\": [16, 32, 64, 128, 256]}}"}
{"op_code":5,"worker_id":"c750b157-6928-49ad-a4ef-d8fb47df51df-132802756511616","trial_id":150,"param_name":"n","param_value_internal":2,"distribution":"{\"name\": \"CategoricalDistribution\", \"attributes\": {\"choices\": [16, 32, 64, 128, 256]}}"}
{"op_code":5,"worker_id":"c750b157-6928-49ad-a4ef-d8fb47df51df-132802756511616","trial_id":150,"param_name":"k","param_value_internal":0,"distribution":"{\"name\": \"CategoricalDistribution\", \"attributes\": {\"choices\": [16, 32, 64, 128]}}"}
{"op_code":5,"worker_id":"c750b157-6928-49ad-a4ef-d8fb47df51df-132802756511616","trial_id":150,"param_name":"gx","param_value_internal":1,"distribution":"{\"name\": \"CategoricalDistribution\", \"attributes\": {\"choices\": [1, 2, 4, 8]}}"}
{"op_code":5,"worker_id":"c750b157-6928-49ad-a4ef-d8fb47df51df-132802756511616","trial_id":150,"param_name":"gy","param_value_internal":0,"distribution":"{\"name\": \"CategoricalDistribution\", \"attributes\": {\"choices\": [1, 2, 4, 8]}}"}
{"op_code":5,"worker_id":"c750b157-6928-49ad-a4ef-d8fb47df51df-132802756511616","trial_id":150,"param_name":"sub","param_value_internal":0,"distribution":"{\"name\": \"CategoricalDistribution\", \"attributes\": {\"choices\": [32]}}"}
{"op_code":8,"worker_id":"c750b157-6928-49ad-a4ef-d8fb47df51df-132802756511616","trial_id":150,"user_attr":{"token":"tsweep_t256x64k16g21s32"}}
{"op_code":4,"worker_id":"c750b157-6928-49ad-a4ef-d8fb47df51df-132802756511616","study_id":0,"datetime_start":"2026-09-17T21:44:55.426994+00:00"}
{"op_code":9,"worker_id":"c750b157-6928-49ad-a4ef-d8fb47df51df-132802756511616","trial_id":151,"system_attr":{"tpe:relative_params:0":"{\"gx\": 4, \"gy\": 1, \"k\": 16, \"m\": 128, \"n\": 256}"}}
{"op_code":5,"worker_id":"c750b157-6928-49ad-a4ef-d8fb47df51df-132802756511616","trial_id":151,"param_name":"m","param_value_internal":3,"distribution":"{\"name\": \"CategoricalDistribution\", \"attributes\": {\"choices\": [16, 32, 64, 128, 256]}}"}
{"op_code":5,"worker_id":"c750b157-6928-49ad-a4ef-d8fb47df51df-132802756511616","trial_id":151,"param_name":"n","param_value_internal":4,"distribution":"{\"name\": \"CategoricalDistribution\", \"attributes\": {\"choices\": [16, 32, 64, 128, 256]}}"}
{"op_code":5,"worker_id":"c750b157-6928-49ad-a4ef-d8fb47df51df-132802756511616","trial_id":151,"param_name":"k","param_value_internal":0,"distribution":"{\"name\": \"CategoricalDistribution\", \"attributes\": {\"choices\": [16, 32, 64, 128]}}"}
{"op_code":5,"worker_id":"c750b157-6928-49ad-a4ef-d8fb47df51df-132802756511616","trial_id":151,"param_name":"gx","param_value_internal":2,"distribution":"{\"name\": \"CategoricalDistribution\", \"attributes\": {\"choices\": [1, 2, 4, 8]}}"}
{"op_code":5,"worker_id":"c750b157-6928-49ad-a4ef-d8fb47df51df-132802756511616","trial_id":151,"param_name":"gy","param_value_internal":0,"distribution":"{\"name\": \"CategoricalDistribution\", \"attributes\": {\"choices\": [1, 2, 4, 8]}}"}
{"op_code":5,"worker_id":"c750b157-6928-49ad-a4ef-d8fb47df51df-132802756511616","trial_id":151,"param_name":"sub","param_value_internal":0,"distribution":"{\"name\": \"CategoricalDistribution\", \"attributes\": {\"choices\": [32]}}"}
{"op_code":6,"worker_id":"c750b157-6928-49ad-a4ef-d8fb47df51df-132802756511616","trial_id":151,"state":2,"values":null,"datetime_complete":"2026-09-17T21:44:55.439472+00:00"}
{"op_code":4,"worker_id":"c750b157-6928-49ad-a4ef-d8fb47df51df-132802756511616","study_id":0,"datetime_start":"2026-09-17T21:44:55.440979+00:00"}
{"op_code":9,"worker_id":"c750b157-6928-49ad-a4ef-d8fb47df51df-132802756511616","trial_id":152,"system_attr":{"tpe:relative_params:0":"{\"gx\": 4, \"gy\": 1, \"k\": 16, \"m\": 128, \"n\": 64}"}}
{"op_code":5,"worker_id":"c750b157-6928-49ad-a4ef-d8fb47df51df-132802756511616","trial_id":152,"param_name":"m","param_value_internal":3,"distribution":"{\"name\": \"CategoricalDistribution\", \"attributes\": {\"choices\": [16, 32, 64, 128, 256]}}"}
{"op_code":5,"worker_id":"c750b157-6928-49ad-a4ef-d8fb47df51df-132802756511616","trial_id":152,"param_name":"n","param_value_internal":2,"distribution":"{\"name\": \"CategoricalDistribution\", \"attributes\": {\"choices\": [16, 32, 64, 128, 256]}}"}
{"op_code":5,"worker_id":"c750b157-6928-49ad-a4ef-d8fb47df51df-132802756511616","trial_id":152,"param_name":"k","param_value_internal":0,"distribution":"{\"name\": \"CategoricalDistribution\", \"attributes\": {\"choices\": [16, 32, 64, 128]}}"}
{"op_code":5,"worker_id":"c750b157-6928-49ad-a4ef-d8fb47df51df-132802756511616","trial_id":152,"param_name":"gx","param_value_internal":2,"distribution":"{\"name\": \"CategoricalDistribution\", \"attributes\": {\"choices\": [1, 2, 4, 8]}}"}
{"op_code":5,"worker_id":"c750b157-6928-49ad-a4ef-d8fb47df51df-132802756511616","trial_id":152,"param_name":"gy","param_value_internal":0,"distribution":"{\"name\": \"CategoricalDistribution\", \"attributes\": {\"choices\": [1, 2, 4, 8]}}"}
{"op_code":5,"worker_id":"c750b157-6928-49ad-a4ef-d8fb47df51df-132802756511616","trial_id":152,"param_name":"sub","param_value_internal":0,"distribution":"{\"name\": \"CategoricalDistribution\", \"attributes\": {\"choices\": [32]}}"}
{"op_code":8,"worker_id":"c750b157-6928-49ad-a4ef-d8fb47df51df-132802756511616","trial_id":152,"user_attr":{"token":"tsweep_t128x64k16g41s32"}}
{"op_code":4,"worker_id":"c750b157-6928-49ad-a4ef-d8fb47df51df-132802756511616","study_id":0,"datetime_start":"2026-09-17T21:44:55.454847+00:00"}
{"op_code":9,"worker_id":"c750b157-6928-49ad-a4ef-d8fb47df51df-132802756511616","trial_id":153,"system_attr":{"tpe:relative_params:0":"{\"gx\": 2, \"gy\": 2, \"k\": 128, \"m\": 128, \"n\": 64}"}}
{"op_code":5,"worker_id":"c750b157-6928-49ad-a4ef-d8fb47df51df-132802756511616","trial_id":153,"param_name":"m","param_value_internal":3,"distribution":"{\"name\": \"CategoricalDistribution\", \"attributes\": {\"choices\": [16, 32, 64, 128, 256]}}"}
{"op_code":5,"worker_id":"c750b157-6928-49ad-a4ef-d8fb47df51df-132802756511616","trial_id":153,"param_name":"n","param_value_internal":2,"distribution":"{\"name\": \"CategoricalDistribution\", \"attributes\": {\"choices\": [16, 32, 64, 128, 256]}}"}
{"op_code":5,"worker_id":"c750b157-6928-49ad-a4ef-d8fb47df51df-132802756511616","trial_id":153,"param_name":"k","param_value_internal":3,"distribution":"{\"name\": \"CategoricalDistribution\", \"attributes\": {\"choices\": [16, 32, 64, 128]}}"}
{"op_code":5,"worker_id":"c750b157-6928-49ad-a4ef-d8fb47df51df-132802756511616","trial_id":153,"param_name":"gx","param_value_internal":1,"distribution":"{\"name\": \"CategoricalDistribution\", \"attributes\": {\"choices\": [1, 2, 4, 8]}}"}
{"op_code":5,"worker_id":"c750b157-6928-49ad-a4ef-d8fb47df51df-132802756511616","trial_id":153,"param_name":"gy","param_value_internal":1,"distribution":"{\"name\": \"CategoricalDistribution\", \"attributes\": {\"choices\": [1, 2, 4, 8]}}"}
{"op_code":5,"worker_id":"c750b157-6928-49ad-a4ef-d8fb47df51df-132802756511616","trial_id":153,"param_name":"sub","param_value_internal":0,"distribution":"{\"name\": \"CategoricalDistribution\", \"attributes\": {\"choices\": [32]}}"}
{"op_code":6,"worker_id":"c750b157-6928-49ad-a4ef-d8fb47df51df-132802756511616","trial_id":153,"state":2,"values":null,"datetime_complete":"2026-09-17T21:44:55.467221+00:00"}
{"op_code":4,"worker_id":"c750b157-6928-49ad-a4ef-d8fb47df51df-132802756511616","study_id":0,"datetime_start":"2026-09-17T21:44:55.468716+00:00"}
{"op_code":9,"worker_id":"c750b157-6928-49ad-a4ef-d8fb47df51df-132802756511616","trial_id":154,"system_attr":{"tpe:relative_params:0":"{\"gx\": 8, \"gy\": 2, \"k\": 16, \"m\": 256, \"n\": 256}"}}
{"op_code":5,"worker_id":"c750b157-6928-49ad-a4ef-d8fb47df51df-132802756511616","trial_id":154,"param_name":"m","param_value_internal":4,"distribution":"{\"name\": \"CategoricalDistribution\", \"attributes\": {\"choices\": [16, 32, 64, 128, 256]}}"}
{"op_code":5,"worker_id":"c750b157-6928-49ad-a4ef-d8fb47df51df-132802756511616","trial_id":154,"param_name":"n","param_value_internal":4,"distribution":"{\"name\": \"CategoricalDistribution\", \"attributes\": {\"choices\": [16, 32, 64, 128, 256]}}"}
{"op_code":5,"worker_id":"c750b157-6928-49ad-a4ef-d8fb47df51df-132802756511616","trial_id":154,"param_name":"k","param_value_internal":0,"distribution":"{\"name\": \"CategoricalDistribution\", \"attributes\": {\"choices\": [16, 32, 64, 128]}}"}
{"op_code":5,"worker_id":"c750b157-6928-49ad-a4ef-d8fb47df51df-132802756511616","trial_id":154,"param_name":"gx","param_value_internal":3,"distribution":"{\"name\": \"CategoricalDistribution\", \"attributes\": {\"choices\": [1, 2, 4, 8]}}"}
{"op_code":5,"worker_id":"c750b157-6928-49ad-a4ef-d8fb47df51df-132802756511616","trial_id":154,"param_name":"gy","param_value_internal":1,"distribution":"{\"name\": \"CategoricalDistribution\", \"attributes\": {\"choices\": [1, 2, 4, 8]}}"}
{"op_code":5,"worker_id":"c750b157-6928-49ad-a4ef-d8fb47df51df-132802756511616","trial_id":154,"param_name":"sub","param_value_internal":0,"distribution":"{\"name\": \"CategoricalDistribution\", \"attributes\": {\"choices\": [32]}}"}
{"op_code":6,"worker_id":"c750b157-6928-49ad-a4ef-d8fb47df51df-132802756511616","trial_id":154,"state":2,"values":null,"datetime_complete":"2026-09-17T21:44:55.480952+00:00"}
{"op_code":4,"worker_id":"c750b157-6928-49ad-a4ef-d8fb47df51df-132802756511616","study_id":0,"datetime_start":"2026-09-17T21:44:55.482491+00:00"}
{"op_code":9,"worker_id":"c750b157-6928-49ad-a4ef-d8fb47df51df-132802756511616","trial_id":155,"system_attr":{"tpe:relative_params:0":"{\"gx\": 4, \"gy\": 1, \"k\": 16, \"m\": 256, \"n\": 128}"}}
{"op_code":5,"worker_id":"c750b157-6928-49ad-a4ef-d8fb47df51df-132802756511616","trial_id":155,"param_name":"m","param_value_internal":4,"distribution":"{\"name\": \"CategoricalDistribution\", \"attributes\": {\"choices\": [16, 32, 64, 128, 256]}}"}
{"op_code":5,"worker_id":"c750b157-6928-49ad-a4ef-d8fb47df51df-132802756511616","trial_id":155,"param_name":"n","param_value_internal":3,"distribution":"{\"name\": \"CategoricalDistribution\", \"attributes\": {\"choices\": [16, 32, 64, 128, 256]}}"}
{"op_code":5,"worker_id":"c750b157-6928-49ad-a4ef-d8fb47df51df-132802756511616","trial_id":155,"param_name":"k","param_value_internal":0,"distribution":"{\"name\": \"CategoricalDistribution\", \"attributes\": {\"choices\": [16, 32, 64, 128]}}"}
{"op_code":5,"worker_id":"c750b157-6928-49ad-a4ef-d8fb47df51df-132802756511616","trial_id":155,"param_name":"gx","param_value_internal":2,"distribution":"{\"name\": \"CategoricalDistribution\", \"attributes\": {\"choices\": [1, 2, 4, 8]}}"}
{"op_code":5,"worker_id":"c750b157-6928-49ad-a4ef-d8fb47df51df-132802756511616","trial_id":155,"param_name":"gy","param_value_internal":0,"distribution":"{\"name\": \"CategoricalDistribution\", \"attributes\": {\"choices\": [1, 2, 4, 8]}}"}
{"op_code":5,"worker_id":"c750b157-6928-49ad-a4ef-d8fb47df51df-132802756511616","trial_id":155,"param_name":"sub","param_value_internal":0,"distribution":"{\"name\": \"CategoricalDistribution\", \"attributes\": {\"choices\": [32]}}"}
{"op_code":8,"worker_id":"c750b157-6928-49ad-a4ef-d8fb47df51df-132802756511616","trial_id":155,"user_attr":{"token":"tsweep_t256x128k16g41s32"}}
{"op_code":4,"worker_id":"c750b157-6928-49ad-a4ef-d8fb47df51df-132802756511616","study_id":0,"datetime_start":"2026-09-17T21:44:55.496839+00:00"}
{"op_code":9,"worker_id":"c750b157-6928-49ad-a4ef-d8fb47df51df-132802756511616","trial_id":156,"system_attr":{"tpe:relative_params:0":"{\"gx\": 2, \"gy\": 2, \"k\": 32, \"m\": 256, \"n\": 128}"}}
{"op_code":5,"worker_id":"c750b157-6928-49ad-a4ef-d8fb47df51df-132802756511616","trial_id":156,"param_name":"m","param_value_internal":4,"distribution":"{\"name\": \"CategoricalDistribution\", \"attributes\": {\"choices\": [16, 32, 64, 128, 256]}}"}
{"op_code":5,"worker_id":"c750b157-6928-49ad-a4ef-d8fb47df51df-132802756511616","trial_id":156,"param_name":"n","param_value_internal":3,"distribution":"{\"name\": \"CategoricalDistribution\", \"attributes\": {\"choices\": [16, 32, 64, 128, 256]}}"}
{"op_code":5,"worker_id":"c750b157-6928-49ad-a4ef-d8fb47df51df-132802756511616","trial_id":156,"param_name":"k","param_value_internal":1,"distribution":"{\"name\": \"CategoricalDistribution\", \"attributes\": {\"choices\": [16, 32, 64, 128]}}"}
{"op_code":5,"worker_id":"c750b157-6928-49ad-a4ef-d8fb47df51df-132802756511616","trial_id":156,"param_name":"gx","param_value_internal":1,"distribution":"{\"name\": \"CategoricalDistribution\", \"attributes\": {\"choices\": [1, 2, 4, 8]}}"}
{"op_code":5,"worker_id":"c750b157-6928-49ad-a4ef-d8fb47df51df-132802756511616","trial_id":156,"param_name":"gy","param_value_internal":1,"distribution":"{\"name\": \"CategoricalDistribution\", \"attributes\": {\"choices\": [1, 2, 4, 8]}}"}
{"op_code":5,"worker_id":"c750b157-6928-49ad-a4ef-d8fb47df51df-132802756511616","trial_id":156,"param_name":"sub","param_value_internal":0,"distribution":"{\"name\": \"CategoricalDistribution\", \"attributes\": {\"choices\": [32]}}"}
{"op_code":6,"worker_id":"c750b157-6928-49ad-a4ef-d8fb47df51df-132802756511616","trial_id":156,"state":2,"values":null,"datetime_complete":"2026-09-17T21:44:55.510271+00:00"}
{"op_code":4,"worker_id":"c750b157-6928-49ad-a4ef-d8fb47df51df-132802756511616","study_id":0,"datetime_start":"2026-09-17T21:44:55.511765+00:00"}
{"op_code":9,"worker_id":"c750b157-6928-49ad-a4ef-d8fb47df51df-132802756511616","trial_id":157,"system_attr":{"tpe:relative_params:0":"{\"gx\": 2, \"gy\": 2, \"k\": 32, \"m\": 16, \"n\": 128}"}}
{"op_code":5,"worker_id":"c750b157-6928-49ad-a4ef-d8fb47df51df-132802756511616","trial_id":157,"param_name":"m","param_value_internal":0,"distribution":"{\"name\": \"CategoricalDistribution\", \"attributes\": {\"choices\": [16, 32, 64, 128, 256]}}"}
{"op_code":5,"worker_id":"c750b157-6928-49ad-a4ef-d8fb47df51df-132802756511616","trial_id":157,"param_name":"n","param_value_internal":3,"distribution":"{\"name\": \"CategoricalDistribution\", \"attributes\": {\"choices\": [16, 32, 64, 128, 256]}}"}
{"op_code":5,"worker_id":"c750b157-6928-49ad-a4ef-d8fb47df51df-132802756511616","trial_id":157,"param_name":"k","param_value_internal":1,"distribution":"{\"name\": \"CategoricalDistribution\", \"attributes\": {\"choices\": [16, 32, 64, 128]}}"}
{"op_code":5,"worker_id":"c750b157-6928-49ad-a4ef-d8fb47df51df-132802756511616","trial_id":157,"param_name":"gx","param_value_internal":1,"distribution":"{\"name\": \"CategoricalDistribution\", \"attributes\": {\"choices\": [1, 2, 4, 8]}}"}
{"op_code":5,"worker_id":"c750b157-6928-49ad-a4ef-d8fb47df51df-132802756511616","trial_id":157,"param_name":"gy","param_value_internal":1,"distribution":"{\"name\": \"CategoricalDistribution\", \"attributes\": {\"choices\": [1, 2, 4, 8]}}"}
{"op_code":5,"worker_id":"c750b157-6928-49ad-a4ef-d8fb47df51df-132802756511616","trial_id":157,"param_name":"sub","param_value_internal":0,"distribution":"{\"name\": \"CategoricalDistribution\", \"attributes\": {\"choices\": [32]}}"}
{"op_code":6,"worker_id":"c750b157-6928-49ad-a4ef-d8fb47df51df-132802756511616","trial_id":157,"state":2,"values":null,"datetime_complete":"2026-09-17T21:44:55.525457+00:00"}
{"op_code":4,"worker_id":"c750b157-6928-49ad-a4ef-d8fb47df51df-132802756511616","study_id":0,"datetime_start":"2026-09-17T21:44:55.526902+00:00"}
{"op_code":9,"worker_id":"c750b157-6928-49ad-a4ef-d8fb47df51df-132802756511616","trial_id":158,"system_attr":{"tpe:relative_params:0":"{\"gx\": 4, \"gy\": 2, \"k\": 32, \"m\": 128, \"n\": 256}"}}
{"op_code":5,"worker_id":"c750b157-6928-49ad-a4ef-d8fb47df51df-132802756511616","trial_id":158,"param_name":"m","param_value_internal":3,"distribution":"{\"name\": \"CategoricalDistribution\", \"attributes\": {\"choices\": [16, 32, 64, 128, 256]}}"}
{"op_code":5,"worker_id":"c750b157-6928-49ad-a4ef-d8fb47df51df-132802756511616","trial_id":158,"param_name":"n","param_value_internal":4,"distribution":"{\"name\": \"CategoricalDistribution\", \"attributes\": {\"choices\": [16, 32, 64, 128, 256]}}"}
{"op_code":5,"worker_id":"c750b157-6928-49ad-a4ef-d8fb47df51df-132802756511616","trial_id":158,"param_name":"k","param_value_internal":1,"distribution":"{\"name\": \"CategoricalDistribution\", \"attributes\": {\"choices\": [16, 32, 64, 128]}}"}
{"op_code":5,"worker_id":"c750b157-6928-49ad-a4ef-d8fb47df51df-132802756511616","trial_id":158,"param_name":"gx","param_value_internal":2,"distribution":"{\"name\": \"CategoricalDistribution\", \"attributes\": {\"choices\": [1, 2, 4, 8]}}"}
{"op_code":5,"worker_id":"c750b157-6928-49ad-a4ef-d8fb47df51df-132802756511616","trial_id":158,"param_name":"gy","param_value_internal":1,"distribution":"{\"name\": \"CategoricalDistribution\", \"attributes\": {\"choices\": [1, 2, 4, 8]}}"}
{"op_code":5,"worker_id":"c750b157-6928-49ad-a4ef-d8fb47df51df-132802756511616","trial_id":158,"param_name":"sub","param_value_internal":0,"distribution":"{\"name\": \"CategoricalDistribution\", \"attributes\": {\"choices\": [32]}}"}
{"op_code":6,"worker_id":"c750b157-6928-49ad-a4ef-d8fb47df51df-132802756511616","trial_id":158,"state":2,"values":null,"datetime_complete":"2026-09-17T21:44:55.539290+00:00"}
{"op_code":4,"worker_id":"c750b157-6928-49ad-a4ef-d8fb47df51df-132802756511616","study_id":0,"datetime_start":"2026-09-17T21:44:55.540746+00:00"}
{"op_code":9,"worker_id":"c750b157-6928-49ad-a4ef-d8fb47df51df-132802756511616","trial_id":159,"system_attr":{"tpe:relative_params:0":"{\"gx\": 2, \"gy\": 2, \"k\": 16, \"m\": 64, \"n\": 64}"}}
{"op_code":5,"worker_id":"c750b157-6928-49ad-a4ef-d8fb47df51df-132802756511616","trial_id":159,"param_name":"m","param_value_internal":2,"distribution":"{\"name\": \"CategoricalDistribution\", \"attributes\": {\"choices\": [16, 32, 64, 128, 256]}}"}
{"op_code":5,"worker_id":"c750b157-6928-49ad-a4ef-d8fb47df51df-132802756511616","trial_id":159,"param_name":"n","param_value_internal":2,"distribution":"{\"name\": \"CategoricalDistribution\", \"attributes\": {\"choices\": [16, 32, 64, 128, 256]}}"}
{"op_code":5,"worker_id":"c750b157-6928-49ad-a4ef-d8fb47df51df-132802756511616","trial_id":159,"param_name":"k","param_value_internal":0,"distribution":"{\"name\": \"CategoricalDistribution\", \"attributes\": {\"choices\": [16, 32, 64, 128]}}"}
{"op_code":5,"worker_id":"c750b157-6928-49ad-a4ef-d8fb47df51df-132802756511616","trial_id":159,"param_name":"gx","param_value_internal":1,"distribution":"{\"name\": \"CategoricalDistribution\", \"attributes\": {\"choices\": [1, 2, 4, 8]}}"}
{"op_code":5,"worker_id":"c750b157-6928-49ad-a4ef-d8fb47df51df-132802756511616","trial_id":159,"param_name":"gy","param_value_internal":1,"distribution":"{\"name\": \"CategoricalDistribution\", \"attributes\": {\"choices\": [1, 2, 4, 8]}}"}
{"op_code":5,"worker_id":"c750b157-6928-49ad-a4ef-d8fb47df51df-132802756511616","trial_id":159,"param_name":"sub","param_value_internal":0,"distribution":"{\"name\": \"CategoricalDistribution\", \"attributes\": {\"choices\": [32]}}"}
{"op_code":6,"worker_id":"c750b157-6928-49ad-a4ef-d8fb47df51df-132802756511616","trial_id":159,"state":2,"values":null,"datetime_complete":"2026-09-17T21:44:55.553914+00:00"}
{"op_code":4,"worker_id":"c750b157-6928-49ad-a4ef-d8fb47df51df-132802756511616","study_id":0,"datetime_start":"2026-09-17T21:44:55.555364+00:00"}
{"op_code":9,"worker_id":"c750b157-6928-49ad-a4ef-d8fb47df51df-132802756511616","trial_id":160,"system_attr":{"tpe:relative_params:0":"{\"gx\": 8, \"gy\": 1, \"k\": 16, \"m\": 128, \"n\": 256}"}}
{"op_code":5,"worker_id":"c750b157-6928-49ad-a4ef-d8fb47df51df-132802756511616","trial_id":160,"param_name":"m","param_value_internal":3,"distribution":"{\"name\": \"CategoricalDistribution\", \"attributes\": {\"choices\": [16, 32, 64, 128, 256]}}"}
{"op_code":5,"worker_id":"c750b157-6928-49ad-a4ef-d8fb47df51df-132802756511616","trial_id":160,"param_name":"n","param_value_internal":4,"distribution":"{\"name\": \"CategoricalDistribution\", \"attributes\": {\"choices\": [16, 32, 64, 128, 256]}}"}
{"op_code":5,"worker_id":"c750b157-6928-49ad-a4ef-d8fb47df51df-132802756511616","trial_id":160,"param_name":"k","param_value_internal":0,"distribution":"{\"name\": \"CategoricalDistribution\", \"attributes\": {\"choices\": [16, 32, 64, 128]}}"}
{"op_code":5,"worker_id":"c750b157-6928-49ad-a4ef-d8fb47df51df-132802756511616","trial_id":160,"param_name":"gx","param_value_internal":3,"distribution":"{\"name\": \"CategoricalDistribution\", \"attributes\": {\"choices\": [1, 2, 4, 8]}}"}
{"op_code":5,"worker_id":"c750b157-6928-49ad-a4ef-d8fb47df51df-132802756511616","trial_id":160,"param_name":"gy","param_value_internal":0,"distribution":"{\"name\": \"CategoricalDistribution\", \"attributes\": {\"choices\": [1, 2, 4, 8]}}"}
{"op_code":5,"worker_id":"c750b157-6928-49ad-a4ef-d8fb47df51df-132802756511616","trial_id":160,"param_name":"sub","param_value_internal":0,"distribution":"{\"name\": \"CategoricalDistribution\", \"attributes\": {\"choices\": [32]}}"}
{"op_code":8,"worker_id":"c750b157-6928-49ad-a4ef-d8fb47df51df-132802756511616","trial_id":160,"user_attr":{"token":"tsweep_t128x256k16g81s32"}}
{"op_code":4,"worker_id":"c750b157-6928-49ad-a4ef-d8fb47df51df-132802756511616","study_id":0,"datetime_start":"2026-09-17T21:44:55.569552+00:00"}
{"op_code":9,"worker_id":"c750b157-6928-49ad-a4ef-d8fb47df51df-132802756511616","trial_id":161,"system_attr":{"tpe:relative_params:0":"{\"gx\": 1, \"gy\": 4, \"k\": 128, \"m\": 128, \"n\": 64}"}}
{"op_code":5,"worker_id":"c750b157-6928-49ad-a4ef-d8fb47df51df-132802756511616","trial_id":161,"param_name":"m","param_value_internal":3,"distribution":"{\"name\": \"CategoricalDistribution\", \"attributes\": {\"choices\": [16, 32, 64, 128, 256]}}"}
{"op_code":5,"worker_id":"c750b157-6928-49ad-a4ef-d8fb47df51df-132802756511616","trial_id":161,"param_name":"n","param_value_internal":2,"distribution":"{\"name\": \"CategoricalDistribution\", \"attributes\": {\"choices\": [16, 32, 64, 128, 256]}}"}
{"op_code":5,"worker_id":"c750b157-6928-49ad-a4ef-d8fb47df51df-132802756511616","trial_id":161,"param_name":"k","param_value_internal":3,"distribution":"{\"name\": \"CategoricalDistribution\", \"attributes\": {\"choices\": [16, 32, 64, 128]}}"}
{"op_code":5,"worker_id":"c750b157-6928-49ad-a4ef-d8fb47df51df-132802756511616","trial_id":161,"param_name":"gx","param_value_internal":0,"distribution":"{\"name\": \"CategoricalDistribution\", \"attributes\": {\"choices\": [1, 2, 4, 8]}}"}
{"op_code":5,"worker_id":"c750b157-6928-49ad-a4ef-d8fb47df51df-132802756511616","trial_id":161,"param_name":"gy","param_value_internal":2,"distribution":"{\"name\": \"CategoricalDistribution\", \"attributes\": {\"choices\": [1, 2, 4, 8]}}"}
{"op_code":5,"worker_id":"c750b157-6928-49ad-a4ef-d8fb47df51df-132802756511616","trial_id":161,"param_name":"sub","param_value_internal":0,"distribution":"{\"name\": \"CategoricalDistribution\", \"attributes\": {\"choices\": [32]}}"}
{"op_code":6,"worker_id":"c750b157-6928-49ad-a4ef-d8fb47df51df-132802756511616","trial_id":161,"state":2,"values":null,"datetime_complete":"2026-09-17T21:44:55.582472+00:00"}
{"op_code":4,"worker_id":"c750b157-6928-49ad-a4ef-d8fb47df51df-132802756511616","study_id":0,"datetime_start":"2026-09-17T21:44:55.583987+00:00"}
{"op_code":9,"worker_id":"c750b157-6928-49ad-a4ef-d8fb47df51df-132802756511616","trial_id":162,"system_attr":{"tpe:relative_params:0":"{\"gx\": 2, \"gy\": 8, \"k\": 16, \"m\": 64, \"n\": 64}"}}
{"op_code":5,"worker_id":"c750b157-6928-49ad-a4ef-d8fb47df51df-132802756511616","trial_id":162,"param_name":"m","param_value_internal":2,"distribution":"{\"name\": \"CategoricalDistribution\", \"attributes\": {\"choices\": [16, 32, 64, 128, 256]}}"}
{"op_code":5,"worker_id":"c750b157-6928-49ad-a4ef-d8fb47df51df-132802756511616","trial_id":162,"param_name":"n","param_value_internal":2,"distribution":"{\"name\": \"CategoricalDistribution\", \"attributes\": {\"choices\": [16, 32, 64, 128, 256]}}"}
{"op_code":5,"worker_id":"c750b157-6928-49ad-a4ef-d8fb47df51df-132802756511616","trial_id":162,"param_name":"k","param_value_internal":0,"distribution":"{\"name\": \"CategoricalDistribution\", \"attributes\": {\"choices\": [16, 32, 64, 128]}}"}
{"op_code":5,"worker_id":"c750b157-6928-49ad-a4ef-d8fb47df51df-132802756511616","trial_id":162,"param_name":"gx","param_value_internal":1,"distribution":"{\"name\": \"CategoricalDistribution\", \"attributes\": {\"choices\": [1, 2, 4, 8]}}"}
{"op_code":5,"worker_id":"c750b157-6928-49ad-a4ef-d8fb47df51df-132802756511616","trial_id":162,"param_name":"gy","param_value_internal":3,"distribution":"{\"name\": \"CategoricalDistribution\", \"attributes\": {\"choices\": [1, 2, 4, 8]}}"}
{"op_code":5,"worker_id":"c750b157-6928-49ad-a4ef-d8fb47df51df-132802756511616","trial_id":162,"param_name":"sub","param_value_internal":0,"distribution":"{\"name\": \"CategoricalDistribution\", \"attributes\": {\"choices\": [32]}}"}
{"op_code":6,"worker_id":"c750b157-6928-49ad-a4ef-d8fb47df51df-132802756511616","trial_id":162,"state":2,"values":null,"datetime_complete":"2026-09-17T21:44:55.596464+00:00"}
{"op_code":4,"worker_id":"c750b157-6928-49ad-a4ef-d8fb47df51df-132802756511616","study_id":0,"datetime_start":"2026-09-17T21:44:55.598044+00:00"}
{"op_code":9,"worker_id":"c750b157-6928-49ad-a4ef-d8fb47df51df-132802756511616","trial_id":163,"system_attr":{"tpe:relative_params:0":"{\"gx\": 1, \"gy\": 2, \"k\": 128, \"m\": 128, \"n\": 128}"}}
{"op_code":5,"worker_id":"c750b157-6928-49ad-a4ef-d8fb47df51df-132802756511616","trial_id":163,"param_name":"m","param_value_internal":3,"distribution":"{\"name\": \"CategoricalDistribution\", \"attributes\": {\"choices\": [16, 32, 64, 128, 256]}}"}
{"op_code":5,"worker_id":"c750b157-6928-49ad-a4ef-d8fb47df51df-132802756511616","trial_id":163,"param_name":"n","param_value_internal":3,"distribution":"{\"name\": \"CategoricalDistribution\", \"attributes\": {\"choices\": [16, 32, 64, 128, 256]}}"}
{"op_code":5,"worker_id":"c750b157-6928-49ad-a4ef-d8fb47df51df-132802756511616","trial_id":163,"param_name":"k","param_value_internal":3,"distribution":"{\"name\": \"CategoricalDistribution\", \"attributes\": {\"choices\": [16, 32, 64, 128]}}"}
{"op_code":5,"worker_id":"c750b157-6928-49ad-a4ef-d8fb47df51df-132802756511616","trial_id":163,"param_name":"gx","param_value_internal":0,"distribution":"{\"name\": \"CategoricalDistribution\", \"attributes\": {\"choices\": [1, 2, 4, 8]}}"}
{"op_code":5,"worker_id":"c750b157-6928-49ad-a4ef-d8fb47df51df-132802756511616","trial_id":163,"param_name":"gy","param_value_internal":1,"distribution":"{\"name\": \"CategoricalDistribution\", \"attributes\": {\"choices\": [1, 2, 4, 8]}}"}
{"op_code":5,"worker_id":"c750b157-6928-49ad-a4ef-d8fb47df51df-132802756511616","trial_id":163,"param_name":"sub","param_value_internal":0,"distribution":"{\"name\": \"CategoricalDistribution\", \"attributes\": {\"choices\": [32]}}"}
{"op_code":6,"worker_id":"c750b157-6928-49ad-a4ef-d8fb47df51df-132802756511616","trial_id":163,"state":2,"values":null,"datetime_complete":"2026-09-17T21:44:55.610532+00:00"}
{"op_code":4,"worker_id":"c750b157-6928-49ad-a4ef-d8fb47df51df-132802756511616","study_id":0,"datetime_start":"2026-09-17T21:44:55.612144+00:00"}
{"op_code":9,"worker_id":"c750b157-6928-49ad-a4ef-d8fb47df51df-132802756511616","trial_id":164,"system_attr":{"tpe:relative_params:0":"{\"gx\": 1, \"gy\": 2, \"k\": 32, \"m\": 128, \"n\": 64}"}}
{"op_code":5,"worker_id":"c750b157-6928-49ad-a4ef-d8fb47df51df-132802756511616","trial_id":164,"param_name":"m","param_value_internal":3,"distribution":"{\"name\": \"CategoricalDistribution\", \"attributes\": {\"choices\": [16, 32, 64, 128, 256]}}"}
{"op_code":5,"worker_id":"c750b157-6928-49ad-a4ef-d8fb47df51df-132802756511616","trial_id":164,"param_name":"n","param_value_internal":2,"distribution":"{\"name\": \"CategoricalDistribution\", \"attributes\": {\"choices\": [16, 32, 64, 128, 256]}}"}
{"op_code":5,"worker_id":"c750b157-6928-49ad-a4ef-d8fb47df51df-132802756511616","trial_id":164,"param_name":"k","param_value_internal":1,"distribution":"{\"name\": \"CategoricalDistribution\", \"attributes\": {\"choices\": [16, 32, 64, 128]}}"}
{"op_code":5,"worker_id":"c750b157-6928-49ad-a4ef-d8fb47df51df-132802756511616","trial_id":164,"param_name":"gx","param_value_internal":0,"distribution":"{\"name\": \"CategoricalDistribution\", \"attributes\": {\"choices\": [1, 2, 4, 8]}}"}
{"op_code":5,"worker_id":"c750b157-6928-49ad-a4ef-d8fb47df51df-132802756511616","trial_id":164,"param_name":"gy","param_value_internal":1,"distribution":"{\"name\": \"CategoricalDistribution\", \"attributes\": {\"choices\": [1, 2, 4, 8]}}"}
{"op_code":5,"worker_id":"c750b157-6928-49ad-a4ef-d8fb47df51df-132802756511616","trial_id":164,"param_name":"sub","param_value_internal":0,"distribution":"{\"name\": \"CategoricalDistribution\", \"attributes\": {\"choices\": [32]}}"}
{"op_code":8,"worker_id":"c750b157-6928-49ad-a4ef-d8fb47df51df-132802756511616","trial_id":164,"user_attr":{"token":"tsweep_t128x64k32g12s32"}}
{"op_code":4,"worker_id":"c750b157-6928-49ad-a4ef-d8fb47df51df-132802756511616","study_id":0,"datetime_start":"2026-09-17T21:44:55.625999+00:00"}
{"op_code":9,"worker_id":"c750b157-6928-49ad-a4ef-d8fb47df51df-132802756511616","trial_id":165,"system_attr":{"tpe:relative_params:0":"{\"gx\": 2, \"gy\": 1, \"k\": 32, \"m\": 256, \"n\": 16}"}}
{"op_code":5,"worker_id":"c750b157-6928-49ad-a4ef-d8fb47df51df-132802756511616","trial_id":165,"param_name":"m","param_value_internal":4,"distribution":"{\"name\": \"CategoricalDistribution\", \"attributes\": {\"choices\": [16, 32, 64, 128, 256]}}"}
{"op_code":5,"worker_id":"c750b157-6928-49ad-a4ef-d8fb47df51df-132802756511616","trial_id":165,"param_name":"n","param_value_internal":0,"distribution":"{\"name\": \"CategoricalDistribution\", \"attributes\": {\"choices\": [16, 32, 64, 128, 256]}}"}
{"op_code":5,"worker_id":"c750b157-6928-49ad-a4ef-d8fb47df51df-132802756511616","trial_id":165,"param_name":"k","param_value_internal":1,"distribution":"{\"name\": \"CategoricalDistribution\", \"attributes\": {\"choices\": [16, 32, 64, 128]}}"}
{"op_code":5,"worker_id":"c750b157-6928-49ad-a4ef-d8fb47df51df-132802756511616","trial_id":165,"param_name":"gx","param_value_internal":1,"distribution":"{\"name\": \"CategoricalDistribution\", \"attributes\": {\"choices\": [1, 2, 4, 8]}}"}
{"op_code":5,"worker_id":"c750b157-6928-49ad-a4ef-d8fb47df51df-132802756511616","trial_id":165,"param_name":"gy","param_value_internal":0,"distribution":"{\"name\": \"CategoricalDistribution\", \"attributes\": {\"choices\": [1, 2, 4, 8]}}"}
{"op_code":5,"worker_id":"c750b157-6928-49ad-a4ef-d8fb47df51df-132802756511616","trial_id":165,"param_name":"sub","param_value_internal":0,"distribution":"{\"name\": \"CategoricalDistribution\", \"attributes\": {\"choices\": [32]}}"}
{"op_code":6,"worker_id":"c750b157-6928-49ad-a4ef-d8fb47df51df-132802756511616","trial_id":165,"state":2,"values":null,"datetime_complete":"2026-09-17T21:44:55.638506+00:00"}
{"op_code":4,"worker_id":"c750b157-6928-49ad-a4ef-d8fb47df51df-132802756511616","study_id":0,"datetime_start":"2026-09-17T21:44:55.639982+00:00"}
{"op_code":9,"worker_id":"c750b157-6928-49ad-a4ef-d8fb47df51df-132802756511616","trial_id":166,"system_attr":{"tpe:relative_params:0":"{\"gx\": 8, \"gy\": 1, \"k\": 16, \"m\": 64, \"n\": 64}"}}
{"op_code":5,"worker_id":"c750b157-6928-49ad-a4ef-d8fb47df51df-132802756511616","trial_id":166,"param_name":"m","param_value_internal":2,"distribution":"{\"name\": \"CategoricalDistribution\", \"attributes\": {\"choices\": [16, 32, 64, 128, 256]}}"}
{"op_code":5,"worker_id":"c750b157-6928-49ad-a4ef-d8fb47df51df-132802756511616","trial_id":166,"param_name":"n","param_value_internal":2,"distribution":"{\"name\": \"CategoricalDistribution\", \"attributes\": {\"choices\": [16, 32, 64, 128, 256]}}"}
{"op_code":5,"worker_id":"c750b157-6928-49ad-a4ef-d8fb47df51df-132802756511616","trial_id":166,"param_name":"k","param_value_internal":0,"distribution":"{\"name\": \"CategoricalDistribution\", \"attributes\": {\"choices\": [16, 32, 64, 128]}}"}
{"op_code":5,"worker_id":"c750b157-6928-49ad-a4ef-d8fb47df51df-132802756511616","trial_id":166,"param_name":"gx","param_value_internal":3,"distribution":"{\"name\": \"CategoricalDistribution\", \"attributes\": {\"choices\": [1, 2, 4, 8]}}"}
{"op_code":5,"worker_id":"c750b157-6928-49ad-a4ef-d8fb47df51df-132802756511616","trial_id":166,"param_name":"gy","param_value_internal":0,"distribution":"{\"name\": \"CategoricalDistribution\", \"attributes\": {\"choices\": [1, 2, 4, 8]}}"}
{"op_code":5,"worker_id":"c750b157-6928-49ad-a4ef-d8fb47df51df-132802756511616","trial_id":166,"param_name":"sub","param_value_internal":0,"distribution":"{\"name\": \"CategoricalDistribution\", \"attributes\": {\"choices\": [32]}}"}
{"op_code":6,"worker_id":"c750b157-6928-49ad-a4ef-d8fb47df51df-132802756511616","trial_id":166,"state":2,"values":null,"datetime_complete":"2026-09-17T21:44:55.652829+00:00"}
{"op_code":4,"worker_id":"c750b157-6928-49ad-a4ef-d8fb47df51df-132802756511616","study_id":0,"datetime_start":"2026-09-17T21:44:55.654277+00:00"}
{"op_code":9,"worker_id":"c750b157-6928-49ad-a4ef-d8fb47df51df-132802756511616","trial_id":167,"system_attr":{"tpe:relative_params:0":"{\"gx\": 1, \"gy\": 2, \"k\": 16, \"m\": 128, \"n\": 64}"}}
{"op_code":5,"worker_id":"c750b157-6928-49ad-a4ef-d8fb47df51df-132802756511616","trial_id":167,"param_name":"m","param_value_internal":3,"distribution":"{\"name\": \"CategoricalDistribution\", \"attributes\": {\"choices\": [16, 32, 64, 128, 256]}}"}
{"op_code":5,"worker_id":"c750b157-6928-49ad-a4ef-d8fb47df51df-132802756511616","trial_id":167,"param_name":"n","param_value_internal":2,"distribution":"{\"name\": \"CategoricalDistribution\", \"attributes\": {\"choices\": [16, 32, 64, 128, 256]}}"}
{"op_code":5,"worker_id":"c750b157-6928-49ad-a4ef-d8fb47df51df-132802756511616","trial_id":167,"param_name":"k","param_value_internal":0,"distribution":"{\"name\": \"CategoricalDistribution\", \"attributes\": {\"choices\": [16, 32, 64, 128]}}"}
{"op_code":5,"worker_id":"c750b157-6928-49ad-a4ef-d8fb47df51df-132802756511616","trial_id":167,"param_name":"gx","param_value_internal":0,"distribution":"{\"name\": \"CategoricalDistribution\", \"attributes\": {\"choices\": [1, 2, 4, 8]}}"}
{"op_code":5,"worker_id":"c750b157-6928-49ad-a4ef-d8fb47df51df-132802756511616","trial_id":167,"param_name":"gy","param_value_internal":1,"distribution":"{\"name\": \"CategoricalDistribution\", \"attributes\": {\"choices\": [1, 2, 4, 8]}}"}
{"op_code":5,"worker_id":"c750b157-6928-49ad-a4ef-d8fb47df51df-132802756511616","trial_id":167,"param_name":"sub","param_value_internal":0,"distribution":"{\"name\": \"CategoricalDistribution\", \"attributes\": {\"choices\": [32]}}"}
{"op_code":8,"worker_id":"c750b157-6928-49ad-a4ef-d8fb47df51df-132802756511616","trial_id":167,"user_attr":{"token":"tsweep_t128x64k16g12s32"}}
{"op_code":4,"worker_id":"c750b157-6928-49ad-a4ef-d8fb47df51df-132802756511616","study_id":0,"datetime_start":"2026-09-17T21:44:55.668103+00:00"}
{"op_code":9,"worker_id":"c750b157-6928-49ad-a4ef-d8fb47df51df-132802756511616","trial_id":168,"system_attr":{"tpe:relative_params:0":"{\"gx\": 2, \"gy\": 2, \"k\": 32, \"m\": 32, \"n\": 64}"}}
{"op_code":5,"worker_id":"c750b157-6928-49ad-a4ef-d8fb47df51df-132802756511616","trial_id":168,"param_name":"m","param_value_internal":1,"distribution":"{\"name\": \"CategoricalDistribution\", \"attributes\": {\"choices\": [16, 32, 64, 128, 256]}}"}
{"op_code":5,"worker_id":"c750b157-6928-49ad-a4ef-d8fb47df51df-132802756511616","trial_id":168,"param_name":"n","param_value_internal":2,"distribution":"{\"name\": \"CategoricalDistribution\", \"attributes\": {\"choices\": [16, 32, 64, 128, 256]}}"}
{"op_code":5,"worker_id":"c750b157-6928-49ad-a4ef-d8fb47df51df-132802756511616","trial_id":168,"param_name":"k","param_value_internal":1,"distribution":"{\"name\": \"CategoricalDistribution\", \"attributes\": {\"choices\": [16, 32, 64, 128]}}"}
{"op_code":5,"worker_id":"c750b157-6928-49ad-a4ef-d8fb47df51df-132802756511616","trial_id":168,"param_name":"gx","param_value_internal":1,"distribution":"{\"name\": \"CategoricalDistribution\", \"attributes\": {\"choices\": [1, 2, 4, 8]}}"}
{"op_code":5,"worker_id":"c750b157-6928-49ad-a4ef-d8fb47df51df-132802756511616","trial_id":168,"param_name":"gy","param_value_internal":1,"distribution":"{\"name\": \"CategoricalDistribution\", \"attributes\": {\"choices\": [1, 2, 4, 8]}}"}
{"op_code":5,"worker_id":"c750b157-6928-49ad-a4ef-d8fb47df51df-132802756511616","trial_id":168,"param_name":"sub","param_value_internal":0,"distribution":"{\"name\": \"CategoricalDistribution\", \"attributes\": {\"choices\": [32]}}"}
{"op_code":8,"worker_id":"c750b157-6928-49ad-a4ef-d8fb47df51df-132802756511616","trial_id":168,"user_attr":{"token":"tsweep_t32x64k32g22s32"}}
{"op_code":4,"worker_id":"c750b157-6928-49ad-a4ef-d8fb47df51df-132802756511616","study_id":0,"datetime_start":"2026-09-17T21:44:55.682260+00:00"}
{"op_code":9,"worker_id":"c750b157-6928-49ad-a4ef-d8fb47df51df-132802756511616","trial_id":169,"system_attr":{"tpe:relative_params:0":"{\"gx\": 2, \"gy\": 4, \"k\": 16, \"m\": 256, \"n\": 128}"}}
{"op_code":5,"worker_id":"c750b157-6928-49ad-a4ef-d8fb47df51df-132802756511616","trial_id":169,"param_name":"m","param_value_internal":4,"distribution":"{\"name\": \"CategoricalDistribution\", \"attributes\": {\"choices\": [16, 32, 64, 128, 256]}}"}
{"op_code":5,"worker_id":"c750b157-6928-49ad-a4ef-d8fb47df51df-132802756511616","trial_id":169,"param_name":"n","param_value_internal":3,"distribution":"{\"name\": \"CategoricalDistribution\", \"attributes\": {\"choices\": [16, 32, 64, 128, 256]}}"}
{"op_code":5,"worker_id":"c750b157-6928-49ad-a4ef-d8fb47df51df-132802756511616","trial_id":169,"param_name":"k","param_value_internal":0,"distribution":"{\"name\": \"CategoricalDistribution\", \"attributes\": {\"choices\": [16, 32, 64, 128]}}"}
{"op_code":5,"worker_id":"c750b157-6928-49ad-a4ef-d8fb47df51df-132802756511616","trial_id":169,"param_name":"gx","param_value_internal":1,"distribution":"{\"name\": \"CategoricalDistribution\", \"attributes\": {\"choices\": [1, 2, 4, 8]}}"}
{"op_code":5,"worker_id":"c750b157-6928-49ad-a4ef-d8fb47df51df-132802756511616","trial_id":169,"param_name":"gy","param_value_internal":2,"distribution":"{\"name\": \"CategoricalDistribution\", \"attributes\": {\"choices\": [1, 2, 4, 8]}}"}
{"op_code":5,"worker_id":"c750b157-6928-49ad-a4ef-d8fb47df51df-132802756511616","trial_id":169,"param_name":"sub","param_value_internal":0,"distribution":"{\"name\": \"CategoricalDistribution\", \"attributes\": {\"choices\": [32]}}"}
{"op_code":6,"worker_id":"c750b157-6928-49ad-a4ef-d8fb47df51df-132802756511616","trial_id":169,"state":2,"values":null,"datetime_complete":"2026-09-17T21:44:55.694785+00:00"}
{"op_code":4,"worker_id":"c750b157-6928-49ad-a4ef-d8fb47df51df-132802756511616","study_id":0,"datetime_start":"2026-09-17T21:44:55.696283+00:00"}
{"op_code":9,"worker_id":"c750b157-6928-49ad-a4ef-d8fb47df51df-132802756511616","trial_id":170,"system_attr":{"tpe:relative_params:0":"{\"gx\": 2, \"gy\": 2, \"k\": 16, \"m\": 64, \"n\": 128}"}}
{"op_code":5,"worker_id":"c750b157-6928-49ad-a4ef-d8fb47df51df-132802756511616","trial_id":170,"param_name":"m","param_value_internal":2,"distribution":"{\"name\": \"CategoricalDistribution\", \"attributes\": {\"choices\": [16, 32, 64, 128, 256]}}"}
{"op_code":5,"worker_id":"c750b157-6928-49ad-a4ef-d8fb47df51df-132802756511616","trial_id":170,"param_name":"n","param_value_internal":3,"distribution":"{\"name\": \"CategoricalDistribution\", \"attributes\": {\"choices\": [16, 32, 64, 128, 256]}}"}
{"op_code":5,"worker_id":"c750b157-6928-49ad-a4ef-d8fb47df51df-132802756511616","trial_id":170,"param_name":"k","param_value_internal":0,"distribution":"{\"name\": \"CategoricalDistribution\", \"attributes\": {\"choices\": [16, 32, 64, 128]}}"}
{"op_code":5,"worker_id":"c750b157-6928-49ad-a4ef-d8fb47df51df-132802756511616","trial_id":170,"param_name":"gx","param_value_internal":1,"distribution":"{\"name\": \"CategoricalDistribution\", \"attributes\": {\"choices\": [1, 2, 4, 8]}}"}
{"op_code":5,"worker_id":"c750b157-6928-49ad-a4ef-d8fb47df51df-132802756511616","trial_id":170,"param_name":"gy","param_value_internal":1,"distribution":"{\"name\": \"CategoricalDistribution\", \"attributes\": {\"choices\": [1, 2, 4, 8]}}"}
{"op_code":5,"worker_id":"c750b157-6928-49ad-a4ef-d8fb47df51df-132802756511616","trial_id":170,"param_name":"sub","param_value_internal":0,"distribution":"{\"name\": \"CategoricalDistribution\", \"attributes\": {\"choices\": [32]}}"}
{"op_code":8,"worker_id":"c750b157-6928-49ad-a4ef-d8fb47df51df-132802756511616","trial_id":170,"user_attr":{"token":"tsweep_t64x128k16g22s32"}}
{"op_code":4,"worker_id":"c750b157-6928-49ad-a4ef-d8fb47df51df-132802756511616","study_id":0,"datetime_start":"2026-09-17T21:44:55.710249+00:00"}
{"op_code":9,"worker_id":"c750b157-6928-49ad-a4ef-d8fb47df51df-132802756511616","trial_id":171,"system_attr":{"tpe:relative_params:0":"{\"gx\": 4, \"gy\": 1, \"k\": 16, \"m\": 128, \"n\": 16}"}}
{"op_code":5,"worker_id":"c750b157-6928-49ad-a4ef-d8fb47df51df-132802756511616","trial_id":171,"param_name":"m","param_value_internal":3,"distribution":"{\"name\": \"CategoricalDistribution\", \"attributes\": {\"choices\": [16, 32, 64, 128, 256]}}"}
{"op_code":5,"worker_id":"c750b157-6928-49ad-a4ef-d8fb47df51df-132802756511616","trial_id":171,"param_name":"n","param_value_internal":0,"distribution":"{\"name\": \"CategoricalDistribution\", \"attributes\": {\"choices\": [16, 32, 64, 128, 256]}}"}
{"op_code":5,"worker_id":"c750b157-6928-49ad-a4ef-d8fb47df51df-132802756511616","trial_id":171,"param_name":"k","param_value_internal":0,"distribution":"{\"name\": \"CategoricalDistribution\", \"attributes\": {\"choices\": [16, 32, 64, 128]}}"}
{"op_code":5,"worker_id":"c750b157-6928-49ad-a4ef-d8fb47df51df-132802756511616","trial_id":171,"param_name":"gx","param_value_internal":2,"distribution":"{\"name\": \"CategoricalDistribution\", \"attributes\": {\"choices\": [1, 2, 4, 8]}}"}
{"op_code":5,"worker_id":"c750b157-6928-49ad-a4ef-d8fb47df51df-132802756511616","trial_id":171,"param_name":"gy","param_value_internal":0,"distribution":"{\"name\": \"CategoricalDistribution\", \"attributes\": {\"choices\": [1, 2, 4, 8]}}"}
{"op_code":5,"worker_id":"c750b157-6928-49ad-a4ef-d8fb47df51df-132802756511616","trial_id":171,"param_name":"sub","param_value_internal":0,"distribution":"{\"name\": \"CategoricalDistribution\", \"attributes\": {\"choices\": [32]}}"}
{"op_code":6,"worker_id":"c750b157-6928-49ad-a4ef-d8fb47df51df-132802756511616","trial_id":171,"state":2,"values":null,"datetime_complete":"2026-09-17T21:44:55.722569+00:00"}
{"op_code":4,"worker_id":"c750b157-6928-49ad-a4ef-d8fb47df51df-132802756511616","study_id":0,"datetime_start":"2026-09-17T21:44:55.724327+00:00"}
{"op_code":9,"worker_id":"c750b157-6928-49ad-a4ef-d8fb47df51df-132802756511616","trial_id":172,"system_attr":{"tpe:relative_params:0":"{\"gx\": 2, \"gy\": 2, \"k\": 16, \"m\": 256, \"n\": 32}"}}
{"op_code":5,"worker_id":"c750b157-6928-49ad-a4ef-d8fb47df51df-132802756511616","trial_id":172,"param_name":"m","param_value_internal":4,"distribution":"{\"name\": \"CategoricalDistribution\", \"attributes\": {\"choices\": [16, 32, 64, 128, 256]}}"}
{"op_code":5,"worker_id":"c750b157-6928-49ad-a4ef-d8fb47df51df-132802756511616","trial_id":172,"param_name":"n","param_value_internal":1,"distribution":"{\"name\": \"CategoricalDistribution\", \"attributes\": {\"choices\": [16, 32, 64, 128, 256]}}"}
{"op_code":5,"worker_id":"c750b157-6928-49ad-a4ef-d8fb47df51df-132802756511616","trial_id":172,"param_name":"k","param_value_internal":0,"distribution":"{\"name\": \"CategoricalDistribution\", \"attributes\": {\"choices\": [16, 32, 64, 128]}}"}
{"op_code":5,"worker_id":"c750b157-6928-49ad-a4ef-d8fb47df51df-132802756511616","trial_id":172,"param_name":"gx","param_value_internal":1,"distribution":"{\"name\": \"CategoricalDistribution\", \"attributes\": {\"choices\": [1, 2, 4, 8]}}"}
{"op_code":5,"worker_id":"c750b157-6928-49ad-a4ef-d8fb47df51df-132802756511616","trial_id":172,"param_name":"gy","param_value_internal":1,"distribution":"{\"name\": \"CategoricalDistribution\", \"attributes\": {\"choices\": [1, 2, 4, 8]}}"}
{"op_code":5,"worker_id":"c750b157-6928-49ad-a4ef-d8fb47df51df-132802756511616","trial_id":172,"param_name":"sub","param_value_internal":0,"distribution":"{\"name\": \"CategoricalDistribution\", \"attributes\": {\"choices\": [32]}}"}
{"op_code":6,"worker_id":"c750b157-6928-49ad-a4ef-d8fb47df51df-132802756511616","trial_id":172,"state":2,"values":null,"datetime_complete":"2026-09-17T21:44:55.737124+00:00"}
{"op_code":4,"worker_id":"c750b157-6928-49ad-a4ef-d8fb47df51df-132802756511616","study_id":0,"datetime_start":"2026-09-17T21:44:55.738651+00:00"}
{"op_code":9,"worker_id":"c750b157-6928-49ad-a4ef-d8fb47df51df-132802756511616","trial_id":173,"system_attr":{"tpe:relative_params:0":"{\"gx\": 8, \"gy\": 2, \"k\": 32, \"m\": 128, \"n\": 64}"}}
{"op_code":5,"worker_id":"c750b157-6928-49ad-a4ef-d8fb47df51df-132802756511616","trial_id":173,"param_name":"m","param_value_internal":3,"distribution":"{\"name\": \"CategoricalDistribution\", \"attributes\": {\"choices\": [16, 32, 64, 128, 256]}}"}
{"op_code":5,"worker_id":"c750b157-6928-49ad-a4ef-d8fb47df51df-132802756511616","trial_id":173,"param_name":"n","param_value_internal":2,"distribution":"{\"name\": \"CategoricalDistribution\", \"attributes\": {\"choices\": [16, 32, 64, 128, 256]}}"}
{"op_code":5,"worker_id":"c750b157-6928-49ad-a4ef-d8fb47df51df-132802756511616","trial_id":173,"param_name":"k","param_value_internal":1,"distribution":"{\"name\": \"CategoricalDistribution\", \"attributes\": {\"choices\": [16, 32, 64, 128]}}"}
{"op_code":5,"worker_id":"c750b157-6928-49ad-a4ef-d8fb47df51df-132802756511616","trial_id":173,"param_name":"gx","param_value_internal":3,"distribution":"{\"name\": \"CategoricalDistribution\", \"attributes\": {\"choices\": [1, 2, 4, 8]}}"}
{"op_code":5,"worker_id":"c750b157-6928-49ad-a4ef-d8fb47df51df-132802756511616","trial_id":173,"param_name":"gy","param_value_internal":1,"distribution":"{\"name\": \"CategoricalDistribution\", \"attributes\": {\"choices\": [1, 2, 4, 8]}}"}
{"op_code":5,"worker_id":"c750b157-6928-49ad-a4ef-d8fb47df51df-132802756511616","trial_id":173,"param_name":"sub","param_value_internal":0,"distribution":"{\"name\": \"CategoricalDistribution\", \"attributes\": {\"choices\": [32]}}"}
{"op_code":6,"worker_id":"c750b157-6928-49ad-a4ef-d8fb47df51df-132802756511616","trial_id":173,"state":2,"values":null,"datetime_complete":"2026-09-17T21:44:55.752641+00:00"}
{"op_code":4,"worker_id":"c750b157-6928-49ad-a4ef-d8fb47df51df-132802756511616","study_id":0,"datetime_start":"2026-09-17T21:44:55.754133+00:00"}
{"op_code":9,"worker_id":"c750b157-6928-49ad-a4ef-d8fb47df51df-132802756511616","trial_id":174,"system_attr":{"tpe:relative_params:0":"{\"gx\": 4, \"gy\": 2, \"k\": 32, \"m\": 256, \"n\": 64}"}}
{"op_code":5,"worker_id":"c750b157-6928-49ad-a4ef-d8fb47df51df-132802756511616","trial_id":174,"param_name":"m","param_value_internal":4,"distribution":"{\"name\": \"CategoricalDistribution\", \"attributes\": {\"choices\": [16, 32, 64, 128, 256]}}"}
{"op_code":5,"worker_id":"c750b157-6928-49ad-a4ef-d8fb47df51df-132802756511616","trial_id":174,"param_name":"n","param_value_internal":2,"distribution":"{\"name\": \"CategoricalDistribution\", \"attributes\": {\"choices\": [16, 32, 64, 128, 256]}}"}
{"op_code":5,"worker_id":"c750b157-6928-49ad-a4ef-d8fb47df51df-132802756511616","trial_id":174,"param_name":"k","param_value_internal":1,"distribution":"{\"name\": \"CategoricalDistribution\", \"attributes\": {\"choices\": [16, 32, 64, 128]}}"}
{"op_code":5,"worker_id":"c750b157-6928-49ad-a4ef-d8fb47df51df-132802756511616","trial_id":174,"param_name":"gx","param_value_internal":2,"distribution":"{\"name\": \"CategoricalDistribution\", \"attributes\": {\"choices\": [1, 2, 4, 8]}}"}
{"op_code":5,"worker_id":"c750b157-6928-49ad-a4ef-d8fb47df51df-132802756511616","trial_id":174,"param_name":"gy","param_value_internal":1,"distribution":"{\"name\": \"CategoricalDistribution\", \"attributes\": {\"choices\": [1, 2, 4, 8]}}"}
{"op_code":5,"worker_id":"c750b157-6928-49ad-a4ef-d8fb47df51df-132802756511616","trial_id":174,"param_name":"sub","param_value_internal":0,"distribution":"{\"name\": \"CategoricalDistribution\", \"attributes\": {\"choices\": [32]}}"}
{"op_code":6,"worker_id":"c750b157-6928-49ad-a4ef-d8fb47df51df-132802756511616","trial_id":174,"state":2,"values":null,"datetime_complete":"2026-09-17T21:44:55.767077+00:00"}
{"op_code":4,"worker_id":"c750b157-6928-49ad-a4ef-d8fb47df51df-132802756511616","study_id":0,"datetime_start":"2026-09-17T21:44:55.768649+00:00"}
{"op_code":9,"worker_id":"c750b157-6928-49ad-a4ef-d8fb47df51df-132802756511616","trial_id":175,"system_attr":{"tpe:relative_params:0":"{\"gx\": 2, \"gy\": 1, \"k\": 64, \"m\": 128, \"n\": 64}"}}
{"op_code":5,"worker_id":"c750b157-6928-49ad-a4ef-d8fb47df51df-132802756511616","trial_id":175,"param_name":"m","param_value_internal":3,"distribution":"{\"name\": \"CategoricalDistribution\", \"attributes\": {\"choices\": [16, 32, 64, 128, 256]}}"}
{"op_code":5,"worker_id":"c750b157-6928-49ad-a4ef-d8fb47df51df-132802756511616","trial_id":175,"param_name":"n","param_value_internal":2,"distribution":"{\"name\": \"CategoricalDistribution\", \"attributes\": {\"choices\": [16, 32, 64, 128, 256]}}"}
{"op_code":5,"worker_id":"c750b157-6928-49ad-a4ef-d8fb47df51df-132802756511616","trial_id":175,"param_name":"k","param_value_internal":2,"distribution":"{\"name\": \"CategoricalDistribution\", \"attributes\": {\"choices\": [16, 32, 64, 128]}}"}
{"op_code":5,"worker_id":"c750b157-6928-49ad-a4ef-d8fb47df51df-132802756511616","trial_id":175,"param_name":"gx","param_value_internal":1,"distribution":"{\"name\": \"CategoricalDistribution\", \"attributes\": {\"choices\": [1, 2, 4, 8]}}"}
{"op_code":5,"worker_id":"c750b157-6928-49ad-a4ef-d8fb47df51df-132802756511616","trial_id":175,"param_name":"gy","param_value_internal":0,"distribution":"{\"name\": \"CategoricalDistribution\", \"attributes\": {\"choices\": [1, 2, 4, 8]}}"}
{"op_code":5,"worker_id":"c750b157-6928-49ad-a4ef-d8fb47df51df-132802756511616","trial_id":175,"param_name":"sub","param_value_internal":0,"distribution":"{\"name\": \"CategoricalDistribution\", \"attributes\": {\"choices\": [32]}}"}
{"op_code":6,"worker_id":"c750b157-6928-49ad-a4ef-d8fb47df51df-132802756511616","trial_id":175,"state":2,"values":null,"datetime_complete":"2026-09-17T21:44:55.781247+00:00"}
{"op_code":4,"worker_id":"c750b157-6928-49ad-a4ef-d8fb47df51df-132802756511616","study_id":0,"datetime_start":"2026-09-17T21:44:55.782743+00:00"}
{"op_code":9,"worker_id":"c750b157-6928-49ad-a4ef-d8fb47df51df-132802756511616","trial_id":176,"system_attr":{"tpe:relative_params:0":"{\"gx\": 2, \"gy\": 1, \"k\": 16, \"m\": 16, \"n\": 64}"}}
{"op_code":5,"worker_id":"c750b157-6928-49ad-a4ef-d8fb47df51df-132802756511616","trial_id":176,"param_name":"m","param_value_internal":0,"distribution":"{\"name\": \"CategoricalDistribution\", \"attributes\": {\"choices\": [16, 32, 64, 128, 256]}}"}
{"op_code":5,"worker_id":"c750b157-6928-49ad-a4ef-d8fb47df51df-132802756511616","trial_id":176,"param_name":"n","param_value_internal":2,"distribution":"{\"name\": \"CategoricalDistribution\", \"attributes\": {\"choices\": [16, 32, 64, 128, 256]}}"}
{"op_code":5,"worker_id":"c750b157-6928-49ad-a4ef-d8fb47df51df-132802756511616","trial_id":176,"param_name":"k","param_value_internal":0,"distribution":"{\"name\": \"CategoricalDistribution\", \"attributes\": {\"choices\": [16, 32, 64, 128]}}"}
{"op_code":5,"worker_id":"c750b157-6928-49ad-a4ef-d8fb47df51df-132802756511616","trial_id":176,"param_name":"gx","param_value_internal":1,"distribution":"{\"name\": \"CategoricalDistribution\", \"attributes\": {\"choices\": [1, 2, 4, 8]}}"}
{"op_code":5,"worker_id":"c750b157-6928-49ad-a4ef-d8fb47df51df-132802756511616","trial_id":176,"param_name":"gy","param_value_internal":0,"distribution":"{\"name\": \"CategoricalDistribution\", \"attributes\": {\"choices\": [1, 2, 4, 8]}}"}
{"op_code":5,"worker_id":"c750b157-6928-49ad-a4ef-d8fb47df51df-132802756511616","trial_id":176,"param_name":"sub","param_value_internal":0,"distribution":"{\"name\": \"CategoricalDistribution\", \"attributes\": {\"choices\": [32]}}"}
{"op_code":6,"worker_id":"c750b157-6928-49ad-a4ef-d8fb47df51df-132802756511616","trial_id":176,"state":2,"values":null,"datetime_complete":"2026-09-17T21:44:55.796570+00:00"}
{"op_code":4,"worker_id":"c750b157-6928-49ad-a4ef-d8fb47df51df-132802756511616","study_id":0,"datetime_start":"2026-09-17T21:44:55.798125+00:00"}
{"op_code":9,"worker_id":"c750b157-6928-49ad-a4ef-d8fb47df51df-132802756511616","trial_id":177,"system_attr":{"tpe:relative_params:0":"{\"gx\": 1, \"gy\": 8, \"k\": 32, \"m\": 128, \"n\": 64}"}}
{"op_code":5,"worker_id":"c750b157-6928-49ad-a4ef-d8fb47df51df-132802756511616","trial_id":177,"param_name":"m","param_value_internal":3,"distribution":"{\"name\": \"CategoricalDistribution\", \"attributes\": {\"choices\": [16, 32, 64, 128, 256]}}"}
{"op_code":5,"worker_id":"c750b157-6928-49ad-a4ef-d8fb47df51df-132802756511616","trial_id":177,"param_name":"n","param_value_internal":2,"distribution":"{\"name\": \"CategoricalDistribution\", \"attributes\": {\"choices\": [16, 32, 64, 128, 256]}}"}
{"op_code":5,"worker_id":"c750b157-6928-49ad-a4ef-d8fb47df51df-132802756511616","trial_id":177,"param_name":"k","param_value_internal":1,"distribution":"{\"name\": \"CategoricalDistribution\", \"attributes\": {\"choices\": [16, 32, 64, 128]}}"}
{"op_code":5,"worker_id":"c750b157-6928-49ad-a4ef-d8fb47df51df-132802756511616","trial_id":177,"param_name":"gx","param_value_internal":0,"distribution":"{\"name\": \"CategoricalDistribution\", \"attributes\": {\"choices\": [1, 2, 4, 8]}}"}
{"op_code":5,"worker_id":"c750b157-6928-49ad-a4ef-d8fb47df51df-132802756511616","trial_id":177,"param_name":"gy","param_value_internal":3,"distribution":"{\"name\": \"CategoricalDistribution\", \"attributes\": {\"choices\": [1, 2, 4, 8]}}"}
{"op_code":5,"worker_id":"c750b157-6928-49ad-a4ef-d8fb47df51df-132802756511616","trial_id":177,"param_name":"sub","param_value_internal":0,"distribution":"{\"name\": \"CategoricalDistribution\", \"attributes\": {\"choices\": [32]}}"}
{"op_code":8,"worker_id":"c750b157-6928-49ad-a4ef-d8fb47df51df-132802756511616","trial_id":177,"user_attr":{"token":"tsweep_t128x64k32g18s32"}}
{"op_code":4,"worker_id":"c750b157-6928-49ad-a4ef-d8fb47df51df-132802756511616","study_id":0,"datetime_start":"2026-09-17T21:44:55.812038+00:00"}
{"op_code":9,"worker_id":"c750b157-6928-49ad-a4ef-d8fb47df51df-132802756511616","trial_id":178,"system_attr":{"tpe:relative_params:0":"{\"gx\": 4, \"gy\": 1, \"k\": 16, \"m\": 32, \"n\": 256}"}}
{"op_code":5,"worker_id":"c750b157-6928-49ad-a4ef-d8fb47df51df-132802756511616","trial_id":178,"param_name":"m","param_value_internal":1,"distribution":"{\"name\": \"CategoricalDistribution\", \"attributes\": {\"choices\": [16, 32, 64, 128, 256]}}"}
{"op_code":5,"worker_id":"c750b157-6928-49ad-a4ef-d8fb47df51df-132802756511616","trial_id":178,"param_name":"n","param_value_internal":4,"distribution":"{\"name\": \"CategoricalDistribution\", \"attributes\": {\"choices\": [16, 32, 64, 128, 256]}}"}
{"op_code":5,"worker_id":"c750b157-6928-49ad-a4ef-d8fb47df51df-132802756511616","trial_id":178,"param_name":"k","param_value_internal":0,"distribution":"{\"name\": \"CategoricalDistribution\", \"attributes\": {\"choices\": [16, 32, 64, 128]}}"}
{"op_code":5,"worker_id":"c750b157-6928-49ad-a4ef-d8fb47df51df-132802756511616","trial_id":178,"param_name":"gx","param_value_internal":2,"distribution":"{\"name\": \"CategoricalDistribution\", \"attributes\": {\"choices\": [1, 2, 4, 8]}}"}
{"op_code":5,"worker_id":"c750b157-6928-49ad-a4ef-d8fb47df51df-132802756511616","trial_id":178,"param_name":"gy","param_value_internal":0,"distribution":"{\"name\": \"CategoricalDistribution\", \"attributes\": {\"choices\": [1, 2, 4, 8]}}"}
{"op_code":5,"worker_id":"c750b157-6928-49ad-a4ef-d8fb47df51df-132802756511616","trial_id":178,"param_name":"sub","param_value_internal":0,"distribution":"{\"name\": \"CategoricalDistribution\", \"attributes\": {\"choices\": [32]}}"}
{"op_code":6,"worker_id":"c750b157-6928-49ad-a4ef-d8fb47df51df-132802756511616","trial_id":178,"state":2,"values":null,"datetime_complete":"2026-09-17T21:44:55.824528+00:00"}
{"op_code":4,"worker_id":"c750b157-6928-49ad-a4ef-d8fb47df51df-132802756511616","study_id":0,"datetime_start":"2026-09-17T21:44:55.826030+00:00"}
{"op_code":9,"worker_id":"c750b157-6928-49ad-a4ef-d8fb47df51df-132802756511616","trial_id":179,"system_attr":{"tpe:relative_params:0":"{\"gx\": 2, \"gy\": 1, \"k\": 32, \"m\": 64, \"n\": 64}"}}
{"op_code":5,"worker_id":"c750b157-6928-49ad-a4ef-d8fb47df51df-132802756511616","trial_id":179,"param_name":"m","param_value_internal":2,"distribution":"{\"name\": \"CategoricalDistribution\", \"attributes\": {\"choices\": [16, 32, 64, 128, 256]}}"}
{"op_code":5,"worker_id":"c750b157-6928-49ad-a4ef-d8fb47df51df-132802756511616","trial_id":179,"param_name":"n","param_value_internal":2,"distribution":"{\"name\": \"CategoricalDistribution\", \"attributes\": {\"choices\": [16, 32, 64, 128, 256]}}"}
{"op_code":5,"worker_id":"c750b157-6928-49ad-a4ef-d8fb47df51df-132802756511616","trial_id":179,"param_name":"k","param_value_internal":1,"distribution":"{\"name\": \"CategoricalDistribution\", \"attributes\": {\"choices\": [16, 32, 64, 128]}}"}
{"op_code":5,"worker_id":"c750b157-6928-49ad-a4ef-d8fb47df51df-132802756511616","trial_id":179,"param_name":"gx","param_value_internal":1,"distribution":"{\"name\": \"CategoricalDistribution\", \"attributes\": {\"choices\": [1, 2, 4, 8]}}"}
{"op_code":5,"worker_id":"c750b157-6928-49ad-a4ef-d8fb47df51df-132802756511616","trial_id":179,"param_name":"gy","param_value_internal":0,"distribution":"{\"name\": \"CategoricalDistribution\", \"attributes\": {\"choices\": [1, 2, 4, 8]}}"}
{"op_code":5,"worker_id":"c750b157-6928-49ad-a4ef-d8fb47df51df-132802756511616","trial_id":179,"param_name":"sub","param_value_internal":0,"distribution":"{\"name\": \"CategoricalDistribution\", \"attributes\": {\"choices\": [32]}}"}
{"op_code":8,"worker_id":"c750b157-6928-49ad-a4ef-d8fb47df51df-132802756511616","trial_id":179,"user_attr":{"token":"tsweep_t64x64k32g21s32"}}
{"op_code":4,"worker_id":"c750b157-6928-49ad-a4ef-d8fb47df51df-132802756511616","study_id":0,"datetime_start":"2026-09-17T21:44:55.840030+00:00"}
{"op_code":9,"worker_id":"c750b157-6928-49ad-a4ef-d8fb47df51df-132802756511616","trial_id":180,"system_attr":{"tpe:relative_params:0":"{\"gx\": 1, \"gy\": 1, \"k\": 16, \"m\": 128, \"n\": 128}"}}
{"op_code":5,"worker_id":"c750b157-6928-49ad-a4ef-d8fb47df51df-132802756511616","trial_id":180,"param_name":"m","param_value_internal":3,"distribution":"{\"name\": \"CategoricalDistribution\", \"attributes\": {\"choices\": [16, 32, 64, 128, 256]}}"}
{"op_code":5,"worker_id":"c750b157-6928-49ad-a4ef-d8fb47df51df-132802756511616","trial_id":180,"param_name":"n","param_value_internal":3,"distribution":"{\"name\": \"CategoricalDistribution\", \"attributes\": {\"choices\": [16, 32, 64, 128, 256]}}"}
{"op_code":5,"worker_id":"c750b157-6928-49ad-a4ef-d8fb47df51df-132802756511616","trial_id":180,"param_name":"k","param_value_internal":0,"distribution":"{\"name\": \"CategoricalDistribution\", \"attributes\": {\"choices\": [16, 32, 64, 128]}}"}
{"op_code":5,"worker_id":"c750b157-6928-49ad-a4ef-d8fb47df51df-132802756511616","trial_id":180,"param_name":"gx","param_value_internal":0,"distribution":"{\"name\": \"CategoricalDistribution\", \"attributes\": {\"choices\": [1, 2, 4, 8]}}"}
{"op_code":5,"worker_id":"c750b157-6928-49ad-a4ef-d8fb47df51df-132802756511616","trial_id":180,"param_name":"gy","param_value_internal":0,"distribution":"{\"name\": \"CategoricalDistribution\", \"attributes\": {\"choices\": [1, 2, 4, 8]}}"}
{"op_code":5,"worker_id":"c750b157-6928-49ad-a4ef-d8fb47df51df-132802756511616","trial_id":180,"param_name":"sub","param_value_internal":0,"distribution":"{\"name\": \"CategoricalDistribution\", \"attributes\": {\"choices\": [32]}}"}
{"op_code":8,"worker_id":"c750b157-6928-49ad-a4ef-d8fb47df51df-132802756511616","trial_id":180,"user_attr":{"token":"tsweep_t128x128k16g11s32"}}
{"op_code":4,"worker_id":"c750b157-6928-49ad-a4ef-d8fb47df51df-132802756511616","study_id":0,"datetime_start":"2026-09-17T21:44:55.853988+00:00"}
{"op_code":9,"worker_id":"c750b157-6928-49ad-a4ef-d8fb47df51df-132802756511616","trial_id":181,"system_attr":{"tpe:relative_params:0":"{\"gx\": 2, \"gy\": 2, \"k\": 16, \"m\": 256, \"n\": 64}"}}
{"op_code":5,"worker_id":"c750b157-6928-49ad-a4ef-d8fb47df51df-132802756511616","trial_id":181,"param_name":"m","param_value_internal":4,"distribution":"{\"name\": \"CategoricalDistribution\", \"attributes\": {\"choices\": [16, 32, 64, 128, 256]}}"}
{"op_code":5,"worker_id":"c750b157-6928-49ad-a4ef-d8fb47df51df-132802756511616","trial_id":181,"param_name":"n","param_value_internal":2,"distribution":"{\"name\": \"CategoricalDistribution\", \"attributes\": {\"choices\": [16, 32, 64, 128, 256]}}"}
{"op_code":5,"worker_id":"c750b157-6928-49ad-a4ef-d8fb47df51df-132802756511616","trial_id":181,"param_name":"k","param_value_internal":0,"distribution":"{\"name\": \"CategoricalDistribution\", \"attributes\": {\"choices\": [16, 32, 64, 128]}}"}
{"op_code":5,"worker_id":"c750b157-6928-49ad-a4ef-d8fb47df51df-132802756511616","trial_id":181,"param_name":"gx","param_value_internal":1,"distribution":"{\"name\": \"CategoricalDistribution\", \"attributes\": {\"choices\": [1, 2, 4, 8]}}"}
{"op_code":5,"worker_id":"c750b157-6928-49ad-a4ef-d8fb47df51df-132802756511616","trial_id":181,"param_name":"gy","param_value_internal":1,"distribution":"{\"name\": \"CategoricalDistribution\", \"attributes\": {\"choices\": [1, 2, 4, 8]}}"}
{"op_code":5,"worker_id":"c750b157-6928-49ad-a4ef-d8fb47df51df-132802756511616","trial_id":181,"param_name":"sub","param_value_internal":0,"distribution":"{\"name\": \"CategoricalDistribution\", \"attributes\": {\"choices\": [32]}}"}
{"op_code":8,"worker_id":"c750b157-6928-49ad-a4ef-d8fb47df51df-132802756511616","trial_id":181,"user_attr":{"token":"tsweep_t256x64k16g22s32"}}
{"op_code":6,"worker_id":"c750b157-6928-49ad-a4ef-d8fb47df51df-132802756511616","trial_id":142,"state":1,"values":[18204.800000000003],"datetime_complete":"2026-09-17T21:45:20.268794+00:00"}
{"op_code":6,"worker_id":"c750b157-6928-49ad-a4ef-d8fb47df51df-132802756511616","trial_id":145,"state":1,"values":[19598.55],"datetime_complete":"2026-09-17T21:45:28.832195+00:00"}
{"op_code":6,"worker_id":"c750b157-6928-49ad-a4ef-d8fb47df51df-132802756511616","trial_id":146,"state":1,"values":[17579.75],"datetime_complete":"2026-09-17T21:45:39.295303+00:00"}
{"op_code":6,"worker_id":"c750b157-6928-49ad-a4ef-d8fb47df51df-132802756511616","trial_id":149,"state":2,"values":null,"datetime_complete":"2026-09-17T21:45:47.238779+00:00"}
{"op_code":6,"worker_id":"c750b157-6928-49ad-a4ef-d8fb47df51df-132802756511616","trial_id":150,"state":1,"values":[18368.1],"datetime_complete":"2026-09-17T21:45:56.181255+00:00"}
{"op_code":6,"worker_id":"c750b157-6928-49ad-a4ef-d8fb47df51df-132802756511616","trial_id":152,"state":1,"values":[18534.35],"datetime_complete":"2026-09-17T21:46:03.323055+00:00"}
{"op_code":6,"worker_id":"c750b157-6928-49ad-a4ef-d8fb47df51df-132802756511616","trial_id":155,"state":1,"values":[19692.3],"datetime_complete":"2026-09-17T21:46:11.378018+00:00"}
{"op_code":6,"worker_id":"c750b157-6928-49ad-a4ef-d8fb47df51df-132802756511616","trial_id":160,"state":1,"values":[19787.9],"datetime_complete":"2026-09-17T21:46:18.634887+00:00"}
{"op_code":6,"worker_id":"c750b157-6928-49ad-a4ef-d8fb47df51df-132802756511616","trial_id":164,"state":1,"values":[18123.9],"datetime_complete":"2026-09-17T21:46:26.835875+00:00"}
{"op_code":6,"worker_id":"c750b157-6928-49ad-a4ef-d8fb47df51df-132802756511616","trial_id":167,"state":1,"values":[18963.0],"datetime_complete":"2026-09-17T21:46:34.400384+00:00"}
{"op_code":6,"worker_id":"c750b157-6928-49ad-a4ef-d8fb47df51df-132802756511616","trial_id":168,"state":1,"values":[15283.6],"datetime_complete":"2026-09-17T21:46:41.229083+00:00"}
{"op_code":6,"worker_id":"c750b157-6928-49ad-a4ef-d8fb47df51df-132802756511616","trial_id":170,"state":1,"values":[18963.0],"datetime_complete":"2026-09-17T21:46:51.790404+00:00"}
{"op_code":6,"worker_id":"c750b157-6928-49ad-a4ef-d8fb47df51df-132802756511616","trial_id":177,"state":1,"values":[17655.2],"datetime_complete":"2026-09-17T21:46:58.562184+00:00"}
{"op_code":6,"worker_id":"c750b157-6928-49ad-a4ef-d8fb47df51df-132802756511616","trial_id":179,"state":1,"values":[17355.9],"datetime_complete":"2026-09-17T21:47:06.223637+00:00"}
{"op_code":6,"worker_id":"c750b157-6928-49ad-a4ef-d8fb47df51df-132802756511616","trial_id":180,"state":2,"values":null,"datetime_complete":"2026-09-17T21:47:12.493602+00:00"}
{"op_code":6,"worker_id":"c750b157-6928-49ad-a4ef-d8fb47df51df-132802756511616","trial_id":181,"state":1,"values":[18876.0],"datetime_complete":"2026-09-17T21:47:19.867446+00:00"}
