{"op_code":0,"worker_id":"e2ae7316-e1e9-4803-8ea4-8681ffe6ab66-131047698626432","study_name":"dq8ca_nvidia-geforce-rtx-4070-ti-super","directions":[2]}
{"op_code":4,"worker_id":"e2ae7316-e1e9-4803-8ea4-8681ffe6ab66-131047698626432","study_id":0,"datetime_start":null,"state":4,"value":null,"values":null,"distributions":{},"params":{},"user_attrs":{},"system_attrs":{"fixed_params":{"m":128,"n":64,"k":32,"gx":4,"gy":2,"sub":32}},"intermediate_values":{}}
{"op_code":4,"worker_id":"e2ae7316-e1e9-4803-8ea4-8681ffe6ab66-131047698626432","study_id":0,"datetime_start":null,"state":4,"value":null,"values":null,"distributions":{},"params":{},"user_attrs":{},"system_attrs":{"fixed_params":{"m":64,"n":128,"k":32,"gx":4,"gy":1,"sub":32}},"intermediate_values":{}}
{"op_code":6,"worker_id":"e2ae7316-e1e9-4803-8ea4-8681ffe6ab66-131047698626432","trial_id":0,"state":0,"values":null,"datetime_start":"2026-09-17T22:14:56.922856+00:00"}
{"op_code":5,"worker_id":"e2ae7316-e1e9-4803-8ea4-8681ffe6ab66-131047698626432","trial_id":0,"param_name":"m","param_value_internal":3,"distribution":"{\"name\": \"CategoricalDistribution\", \"attributes\": {\"choices\": [16, 32, 64, 128, 256]}}"}
{"op_code":5,"worker_id":"e2ae7316-e1e9-4803-8ea4-8681ffe6ab66-131047698626432","trial_id":0,"param_name":"n","param_value_internal":2,"distribution":"{\"name\": \"CategoricalDistribution\", \"attributes\": {\"choices\": [16, 32, 64, 128, 256]}}"}
{"op_code":5,"worker_id":"e2ae7316-e1e9-4803-8ea4-8681ffe6ab66-131047698626432","trial_id":0,"param_name":"k","param_value_internal":1,"distribution":"{\"name\": \"CategoricalDistribution\", \"attributes\": {\"choices\": [16, 32, 64, 128]}}"}
{"op_code":5,"worker_id":"e2ae7316-e1e9-4803-8ea4-8681ffe6ab66-131047698626432","trial_id":0,"param_name":"gx","param_value_internal":2,"distribution":"{\"name\": \"CategoricalDistribution\", \"attributes\": {\"choices\": [1, 2, 4, 8]}}"}
{"op_code":5,"worker_id":"e2ae7316-e1e9-4803-8ea4-8681ffe6ab66-131047698626432","trial_id":0,"param_name":"gy","param_value_internal":1,"distribution":"{\"name\": \"CategoricalDistribution\", \"attributes\": {\"choices\": [1, 2, 4, 8]}}"}
{"op_code":5,"worker_id":"e2ae7316-e1e9-4803-8ea4-8681ffe6ab66-131047698626432","trial_id":0,"param_name":"sub","param_value_internal":0,"distribution":"{\"name\": \"CategoricalDistribution\", \"attributes\": {\"choices\": [32]}}"}
{"op_code":8,"worker_id":"e2ae7316-e1e9-4803-8ea4-8681ffe6ab66-131047698626432","trial_id":0,"user_attr":{"token":"tsweep_t128x64k32g42s32"}}
{"op_code":6,"worker_id":"e2ae7316-e1e9-4803-8ea4-8681ffe6ab66-131047698626432","trial_id":1,"state":0,"values":null,"datetime_start":"2026-09-17T22:14:56.938189+00:00"}
{"op_code":5,"worker_id":"e2ae7316-e1e9-4803-8ea4-8681ffe6ab66-131047698626432","trial_id":1,"param_name":"m","param_value_internal":2,"distribution":"{\"name\": \"CategoricalDistribution\", \"attributes\": {\"choices\": [16, 32, 64, 128, 256]}}"}
{"op_code":5,"worker_id":"e2ae7316-e1e9-4803-8ea4-8681ffe6ab66-131047698626432","trial_id":1,"param_name":"n","param_value_internal":3,"distribution":"{\"name\": \"CategoricalDistribution\", \"attributes\": {\"choices\": [16, 32, 64, 128, 256]}}"}
{"op_code":5,"worker_id":"e2ae7316-e1e9-4803-8ea4-8681ffe6ab66-131047698626432","trial_id":1,"param_name":"k","param_value_internal":1,"distribution":"{\"name\": \"CategoricalDistribution\", \"attributes\": {\"choices\": [16, 32, 64, 128]}}"}
{"op_code":5,"worker_id":"e2ae7316-e1e9-4803-8ea4-8681ffe6ab66-131047698626432","trial_id":1,"param_name":"gx","param_value_internal":2,"distribution":"{\"name\": \"CategoricalDistribution\", \"attributes\": {\"choices\": [1, 2, 4, 8]}}"}
{"op_code":5,"worker_id":"e2ae7316-e1e9-4803-8ea4-8681ffe6ab66-131047698626432","trial_id":1,"param_name":"gy","param_value_internal":0,"distribution":"{\"name\": \"CategoricalDistribution\", \"attributes\": {\"choices\": [1, 2, 4, 8]}}"}
{"op_code":5,"worker_id":"e2ae7316-e1e9-4803-8ea4-8681ffe6ab66-131047698626432","trial_id":1,"param_name":"sub","param_value_internal":0,"distribution":"{\"name\": \"CategoricalDistribution\", \"attributes\": {\"choices\": [32]}}"}
{"op_code":8,"worker_id":"e2ae7316-e1e9-4803-8ea4-8681ffe6ab66-131047698626432","trial_id":1,"user_attr":{"token":"tsweep_t64x128k32g41s32"}}
{"op_code":4,"worker_id":"e2ae7316-e1e9-4803-8ea4-8681ffe6ab66-131047698626432","study_id":0,"datetime_start":"2026-09-17T22:14:56.950052+00:00"}
{"op_code":5,"worker_id":"e2ae7316-e1e9-4803-8ea4-8681ffe6ab66-131047698626432","trial_id":2,"param_name":"m","param_value_internal":2,"distribution":"{\"name\": \"CategoricalDistribution\", \"attributes\": {\"choices\": [16, 32, 64, 128, 256]}}"}
{"op_code":5,"worker_id":"e2ae7316-e1e9-4803-8ea4-8681ffe6ab66-131047698626432","trial_id":2,"param_name":"n","param_value_internal":3,"distribution":"{\"name\": \"CategoricalDistribution\", \"attributes\": {\"choices\": [16, 32, 64, 128, 256]}}"}
{"op_code":5,"worker_id":"e2ae7316-e1e9-4803-8ea4-8681ffe6ab66-131047698626432","trial_id":2,"param_name":"k","param_value_internal":0,"distribution":"{\"name\": \"CategoricalDistribution\", \"attributes\": {\"choices\": [16, 32, 64, 128]}}"}
{"op_code":5,"worker_id":"e2ae7316-e1e9-4803-8ea4-8681ffe6ab66-131047698626432","trial_id":2,"param_name":"gx","param_value_internal":3,"distribution":"{\"name\": \"CategoricalDistribution\", \"attributes\": {\"choices\": [1, 2, 4, 8]}}"}
{"op_code":5,"worker_id":"e2ae7316-e1e9-4803-8ea4-8681ffe6ab66-131047698626432","trial_id":2,"param_name":"gy","param_value_internal":2,"distribution":"{\"name\": \"CategoricalDistribution\", \"attributes\": {\"choices\": [1, 2, 4, 8]}}"}
{"op_code":5,"worker_id":"e2ae7316-e1e9-4803-8ea4-8681ffe6ab66-131047698626432","trial_id":2,"param_name":"sub","param_value_internal":0,"distribution":"{\"name\": \"CategoricalDistribution\", \"attributes\": {\"choices\": [32]}}"}
{"op_code":6,"worker_id":"e2ae7316-e1e9-4803-8ea4-8681ffe6ab66-131047698626432","trial_id":2,"state":2,"values":null,"datetime_complete":"2026-09-17T22:14:56.960323+00:00"}
{"op_code":4,"worker_id":"e2ae7316-e1e9-4803-8ea4-8681ffe6ab66-131047698626432","study_id":0,"datetime_start":"2026-09-17T22:14:56.961805+00:00"}
{"op_code":5,"worker_id":"e2ae7316-e1e9-4803-8ea4-8681ffe6ab66-131047698626432","trial_id":3,"param_name":"m","param_value_internal":0,"distribution":"{\"name\": \"CategoricalDistribution\", \"attributes\": {\"choices\": [16, 32, 64, 128, 256]}}"}
{"op_code":5,"worker_id":"e2ae7316-e1e9-4803-8ea4-8681ffe6ab66-131047698626432","trial_id":3,"param_name":"n","param_value_internal":3,"distribution":"{\"name\": \"CategoricalDistribution\", \"attributes\": {\"choices\": [16, 32, 64, 128, 256]}}"}
{"op_code":5,"worker_id":"e2ae7316-e1e9-4803-8ea4-8681ffe6ab66-131047698626432","trial_id":3,"param_name":"k","param_value_internal":1,"distribution":"{\"name\": \"CategoricalDistribution\", \"attributes\": {\"choices\": [16, 32, 64, 128]}}"}
{"op_code":5,"worker_id":"e2ae7316-e1e9-4803-8ea4-8681ffe6ab66-131047698626432","trial_id":3,"param_name":"gx","param_value_internal":0,"distribution":"{\"name\": \"CategoricalDistribution\", \"attributes\": {\"choices\": [1, 2, 4, 8]}}"}
{"op_code":5,"worker_id":"e2ae7316-e1e9-4803-8ea4-8681ffe6ab66-131047698626432","trial_id":3,"param_name":"gy","param_value_internal":2,"distribution":"{\"name\": \"CategoricalDistribution\", \"attributes\": {\"choices\": [1, 2, 4, 8]}}"}
{"op_code":5,"worker_id":"e2ae7316-e1e9-4803-8ea4-8681ffe6ab66-131047698626432","trial_id":3,"param_name":"sub","param_value_internal":0,"distribution":"{\"name\": \"CategoricalDistribution\", \"attributes\": {\"choices\": [32]}}"}
{"op_code":6,"worker_id":"e2ae7316-e1e9-4803-8ea4-8681ffe6ab66-131047698626432","trial_id":3,"state":2,"values":null,"datetime_complete":"2026-09-17T22:14:56.971720+00:00"}
{"op_code":4,"worker_id":"e2ae7316-e1e9-4803-8ea4-8681ffe6ab66-131047698626432","study_id":0,"datetime_start":"2026-09-17T22:14:56.973156+00:00"}
{"op_code":5,"worker_id":"e2ae7316-e1e9-4803-8ea4-8681ffe6ab66-131047698626432","trial_id":4,"param_name":"m","param_value_internal":3,"distribution":"{\"name\": \"CategoricalDistribution\", \"attributes\": {\"choices\": [16, 32, 64, 128, 256]}}"}
{"op_code":5,"worker_id":"e2ae7316-e1e9-4803-8ea4-8681ffe6ab66-131047698626432","trial_id":4,"param_name":"n","param_value_internal":1,"distribution":"{\"name\": \"CategoricalDistribution\", \"attributes\": {\"choices\": [16, 32, 64, 128, 256]}}"}
{"op_code":5,"worker_id":"e2ae7316-e1e9-4803-8ea4-8681ffe6ab66-131047698626432","trial_id":4,"param_name":"k","param_value_internal":3,"distribution":"{\"name\": \"CategoricalDistribution\", \"attributes\": {\"choices\": [16, 32, 64, 128]}}"}
{"op_code":5,"worker_id":"e2ae7316-e1e9-4803-8ea4-8681ffe6ab66-131047698626432","trial_id":4,"param_name":"gx","param_value_internal":0,"distribution":"{\"name\": \"CategoricalDistribution\", \"attributes\": {\"choices\": [1, 2, 4, 8]}}"}
{"op_code":5,"worker_id":"e2ae7316-e1e9-4803-8ea4-8681ffe6ab66-131047698626432","trial_id":4,"param_name":"gy","param_value_internal":3,"distribution":"{\"name\": \"CategoricalDistribution\", \"attributes\": {\"choices\": [1, 2, 4, 8]}}"}
{"op_code":5,"worker_id":"e2ae7316-e1e9-4803-8ea4-8681ffe6ab66-131047698626432","trial_id":4,"param_name":"sub","param_value_internal":0,"distribution":"{\"name\": \"CategoricalDistribution\", \"attributes\": {\"choices\": [32]}}"}
{"op_code":6,"worker_id":"e2ae7316-e1e9-4803-8ea4-8681ffe6ab66-131047698626432","trial_id":4,"state":2,"values":null,"datetime_complete":"2026-09-17T22:14:56.983407+00:00"}
{"op_code":4,"worker_id":"e2ae7316-e1e9-4803-8ea4-8681ffe6ab66-131047698626432","study_id":0,"datetime_start":"2026-09-17T22:14:56.984995+00:00"}
{"op_code":5,"worker_id":"e2ae7316-e1e9-4803-8ea4-8681ffe6ab66-131047698626432","trial_id":5,"param_name":"m","param_value_internal":1,"distribution":"{\"name\": \"CategoricalDistribution\", \"attributes\": {\"choices\": [16, 32, 64, 128, 256]}}"}
{"op_code":5,"worker_id":"e2ae7316-e1e9-4803-8ea4-8681ffe6ab66-131047698626432","trial_id":5,"param_name":"n","param_value_internal":1,"distribution":"{\"name\": \"CategoricalDistribution\", \"attributes\": {\"choices\": [16, 32, 64, 128, 256]}}"}
{"op_code":5,"worker_id":"e2ae7316-e1e9-4803-8ea4-8681ffe6ab66-131047698626432","trial_id":5,"param_name":"k","param_value_internal":1,"distribution":"{\"name\": \"CategoricalDistribution\", \"attributes\": {\"choices\": [16, 32, 64, 128]}}"}
{"op_code":5,"worker_id":"e2ae7316-e1e9-4803-8ea4-8681ffe6ab66-131047698626432","trial_id":5,"param_name":"gx","param_value_internal":0,"distribution":"{\"name\": \"CategoricalDistribution\", \"attributes\": {\"choices\": [1, 2, 4, 8]}}"}
{"op_code":5,"worker_id":"e2ae7316-e1e9-4803-8ea4-8681ffe6ab66-131047698626432","trial_id":5,"param_name":"gy","param_value_internal":0,"distribution":"{\"name\": \"CategoricalDistribution\", \"attributes\": {\"choices\": [1, 2, 4, 8]}}"}
{"op_code":5,"worker_id":"e2ae7316-e1e9-4803-8ea4-8681ffe6ab66-131047698626432","trial_id":5,"param_name":"sub","param_value_internal":0,"distribution":"{\"name\": \"CategoricalDistribution\", \"attributes\": {\"choices\": [32]}}"}
{"op_code":8,"worker_id":"e2ae7316-e1e9-4803-8ea4-8681ffe6ab66-131047698626432","trial_id":5,"user_attr":{"token":"tsweep_t32x32k32g11s32"}}
{"op_code":4,"worker_id":"e2ae7316-e1e9-4803-8ea4-8681ffe6ab66-131047698626432","study_id":0,"datetime_start":"2026-09-17T22:14:56.997020+00:00"}
{"op_code":5,"worker_id":"e2ae7316-e1e9-4803-8ea4-8681ffe6ab66-131047698626432","trial_id":6,"param_name":"m","param_value_internal":4,"distribution":"{\"name\": \"CategoricalDistribution\", \"attributes\": {\"choices\": [16, 32, 64, 128, 256]}}"}
{"op_code":5,"worker_id":"e2ae7316-e1e9-4803-8ea4-8681ffe6ab66-131047698626432","trial_id":6,"param_name":"n","param_value_internal":1,"distribution":"{\"name\": \"CategoricalDistribution\", \"attributes\": {\"choices\": [16, 32, 64, 128, 256]}}"}
{"op_code":5,"worker_id":"e2ae7316-e1e9-4803-8ea4-8681ffe6ab66-131047698626432","trial_id":6,"param_name":"k","param_value_internal":0,"distribution":"{\"name\": \"CategoricalDistribution\", \"attributes\": {\"choices\": [16, 32, 64, 128]}}"}
{"op_code":5,"worker_id":"e2ae7316-e1e9-4803-8ea4-8681ffe6ab66-131047698626432","trial_id":6,"param_name":"gx","param_value_internal":1,"distribution":"{\"name\": \"CategoricalDistribution\", \"attributes\": {\"choices\": [1, 2, 4, 8]}}"}
{"op_code":5,"worker_id":"e2ae7316-e1e9-4803-8ea4-8681ffe6ab66-131047698626432","trial_id":6,"param_name":"gy","param_value_internal":3,"distribution":"{\"name\": \"CategoricalDistribution\", \"attributes\": {\"choices\": [1, 2, 4, 8]}}"}
{"op_code":5,"worker_id":"e2ae7316-e1e9-4803-8ea4-8681ffe6ab66-131047698626432","trial_id":6,"param_name":"sub","param_value_internal":0,"distribution":"{\"name\": \"CategoricalDistribution\", \"attributes\": {\"choices\": [32]}}"}
{"op_code":6,"worker_id":"e2ae7316-e1e9-4803-8ea4-8681ffe6ab66-131047698626432","trial_id":6,"state":2,"values":null,"datetime_complete":"2026-09-17T22:14:57.007177+00:00"}
{"op_code":4,"worker_id":"e2ae7316-e1e9-4803-8ea4-8681ffe6ab66-131047698626432","study_id":0,"datetime_start":"2026-09-17T22:14:57.008673+00:00"}
{"op_code":5,"worker_id":"e2ae7316-e1e9-4803-8ea4-8681ffe6ab66-131047698626432","trial_id":7,"param_name":"m","param_value_internal":2,"distribution":"{\"name\": \"CategoricalDistribution\", \"attributes\": {\"choices\": [16, 32, 64, 128, 256]}}"}
{"op_code":5,"worker_id":"e2ae7316-e1e9-4803-8ea4-8681ffe6ab66-131047698626432","trial_id":7,"param_name":"n","param_value_internal":4,"distribution":"{\"name\": \"CategoricalDistribution\", \"attributes\": {\"choices\": [16, 32, 64, 128, 256]}}"}
{"op_code":5,"worker_id":"e2ae7316-e1e9-4803-8ea4-8681ffe6ab66-131047698626432","trial_id":7,"param_name":"k","param_value_internal":3,"distribution":"{\"name\": \"CategoricalDistribution\", \"attributes\": {\"choices\": [16, 32, 64, 128]}}"}
{"op_code":5,"worker_id":"e2ae7316-e1e9-4803-8ea4-8681ffe6ab66-131047698626432","trial_id":7,"param_name":"gx","param_value_internal":0,"distribution":"{\"name\": \"CategoricalDistribution\", \"attributes\": {\"choices\": [1, 2, 4, 8]}}"}
{"op_code":5,"worker_id":"e2ae7316-e1e9-4803-8ea4-8681ffe6ab66-131047698626432","trial_id":7,"param_name":"gy","param_value_internal":3,"distribution":"{\"name\": \"CategoricalDistribution\", \"attributes\": {\"choices\": [1, 2, 4, 8]}}"}
{"op_code":5,"worker_id":"e2ae7316-e1e9-4803-8ea4-8681ffe6ab66-131047698626432","trial_id":7,"param_name":"sub","param_value_internal":0,"distribution":"{\"name\": \"CategoricalDistribution\", \"attributes\": {\"choices\": [32]}}"}
{"op_code":6,"worker_id":"e2ae7316-e1e9-4803-8ea4-8681ffe6ab66-131047698626432","trial_id":7,"state":2,"values":null,"datetime_complete":"2026-09-17T22:14:57.019135+00:00"}
{"op_code":4,"worker_id":"e2ae7316-e1e9-4803-8ea4-8681ffe6ab66-131047698626432","study_id":0,"datetime_start":"2026-09-17T22:14:57.020708+00:00"}
{"op_code":5,"worker_id":"e2ae7316-e1e9-4803-8ea4-8681ffe6ab66-131047698626432","trial_id":8,"param_name":"m","param_value_internal":2,"distribution":"{\"name\": \"CategoricalDistribution\", \"attributes\": {\"choices\": [16, 32, 64, 128, 256]}}"}
{"op_code":5,"worker_id":"e2ae7316-e1e9-4803-8ea4-8681ffe6ab66-131047698626432","trial_id":8,"param_name":"n","param_value_internal":2,"distribution":"{\"name\": \"CategoricalDistribution\", \"attributes\": {\"choices\": [16, 32, 64, 128, 256]}}"}
{"op_code":5,"worker_id":"e2ae7316-e1e9-4803-8ea4-8681ffe6ab66-131047698626432","trial_id":8,"param_name":"k","param_value_internal":1,"distribution":"{\"name\": \"CategoricalDistribution\", \"attributes\": {\"choices\": [16, 32, 64, 128]}}"}
{"op_code":5,"worker_id":"e2ae7316-e1e9-4803-8ea4-8681ffe6ab66-131047698626432","trial_id":8,"param_name":"gx","param_value_internal":2,"distribution":"{\"name\": \"CategoricalDistribution\", \"attributes\": {\"choices\": [1, 2, 4, 8]}}"}
{"op_code":5,"worker_id":"e2ae7316-e1e9-4803-8ea4-8681ffe6ab66-131047698626432","trial_id":8,"param_name":"gy","param_value_internal":0,"distribution":"{\"name\": \"CategoricalDistribution\", \"attributes\": {\"choices\": [1, 2, 4, 8]}}"}
{"op_code":5,"worker_id":"e2ae7316-e1e9-4803-8ea4-8681ffe6ab66-131047698626432","trial_id":8,"param_name":"sub","param_value_internal":0,"distribution":"{\"name\": \"CategoricalDistribution\", \"attributes\": {\"choices\": [32]}}"}
{"op_code":8,"worker_id":"e2ae7316-e1e9-4803-8ea4-8681ffe6ab66-131047698626432","trial_id":8,"user_attr":{"token":"tsweep_t64x64k32g41s32"}}
{"op_code":4,"worker_id":"e2ae7316-e1e9-4803-8ea4-8681ffe6ab66-131047698626432","study_id":0,"datetime_start":"2026-09-17T22:14:57.032716+00:00"}
{"op_code":5,"worker_id":"e2ae7316-e1e9-4803-8ea4-8681ffe6ab66-131047698626432","trial_id":9,"param_name":"m","param_value_internal":2,"distribution":"{\"name\": \"CategoricalDistribution\", \"attributes\": {\"choices\": [16, 32, 64, 128, 256]}}"}
{"op_code":5,"worker_id":"e2ae7316-e1e9-4803-8ea4-8681ffe6ab66-131047698626432","trial_id":9,"param_name":"n","param_value_internal":3,"distribution":"{\"name\": \"CategoricalDistribution\", \"attributes\": {\"choices\": [16, 32, 64, 128, 256]}}"}
{"op_code":5,"worker_id":"e2ae7316-e1e9-4803-8ea4-8681ffe6ab66-131047698626432","trial_id":9,"param_name":"k","param_value_internal":3,"distribution":"{\"name\": \"CategoricalDistribution\", \"attributes\": {\"choices\": [16, 32, 64, 128]}}"}
{"op_code":5,"worker_id":"e2ae7316-e1e9-4803-8ea4-8681ffe6ab66-131047698626432","trial_id":9,"param_name":"gx","param_value_internal":1,"distribution":"{\"name\": \"CategoricalDistribution\", \"attributes\": {\"choices\": [1, 2, 4, 8]}}"}
{"op_code":5,"worker_id":"e2ae7316-e1e9-4803-8ea4-8681ffe6ab66-131047698626432","trial_id":9,"param_name":"gy","param_value_internal":2,"distribution":"{\"name\": \"CategoricalDistribution\", \"attributes\": {\"choices\": [1, 2, 4, 8]}}"}
{"op_code":5,"worker_id":"e2ae7316-e1e9-4803-8ea4-8681ffe6ab66-131047698626432","trial_id":9,"param_name":"sub","param_value_internal":0,"distribution":"{\"name\": \"CategoricalDistribution\", \"attributes\": {\"choices\": [32]}}"}
{"op_code":6,"worker_id":"e2ae7316-e1e9-4803-8ea4-8681ffe6ab66-131047698626432","trial_id":9,"state":2,"values":null,"datetime_complete":"2026-09-17T22:14:57.042797+00:00"}
{"op_code":4,"worker_id":"e2ae7316-e1e9-4803-8ea4-8681ffe6ab66-131047698626432","study_id":0,"datetime_start":"2026-09-17T22:14:57.044294+00:00"}
{"op_code":5,"worker_id":"e2ae7316-e1e9-4803-8ea4-8681ffe6ab66-131047698626432","trial_id":10,"param_name":"m","param_value_internal":3,"distribution":"{\"name\": \"CategoricalDistribution\", \"attributes\": {\"choices\": [16, 32, 64, 128, 256]}}"}
{"op_code":5,"worker_id":"e2ae7316-e1e9-4803-8ea4-8681ffe6ab66-131047698626432","trial_id":10,"param_name":"n","param_value_internal":3,"distribution":"{\"name\": \"CategoricalDistribution\", \"attributes\": {\"choices\": [16, 32, 64, 128, 256]}}"}
{"op_code":5,"worker_id":"e2ae7316-e1e9-4803-8ea4-8681ffe6ab66-131047698626432","trial_id":10,"param_name":"k","param_value_internal":1,"distribution":"{\"name\": \"CategoricalDistribution\", \"attributes\": {\"choices\": [16, 32, 64, 128]}}"}
{"op_code":5,"worker_id":"e2ae7316-e1e9-4803-8ea4-8681ffe6ab66-131047698626432","trial_id":10,"param_name":"gx","param_value_internal":0,"distribution":"{\"name\": \"CategoricalDistribution\", \"attributes\": {\"choices\": [1, 2, 4, 8]}}"}
{"op_code":5,"worker_id":"e2ae7316-e1e9-4803-8ea4-8681ffe6ab66-131047698626432","trial_id":10,"param_name":"gy","param_value_internal":3,"distribution":"{\"name\": \"CategoricalDistribution\", \"attributes\": {\"choices\": [1, 2, 4, 8]}}"}
{"op_code":5,"worker_id":"e2ae7316-e1e9-4803-8ea4-8681ffe6ab66-131047698626432","trial_id":10,"param_name":"sub","param_value_internal":0,"distribution":"{\"name\": \"CategoricalDistribution\", \"attributes\": {\"choices\": [32]}}"}
{"op_code":6,"worker_id":"e2ae7316-e1e9-4803-8ea4-8681ffe6ab66-131047698626432","trial_id":10,"state":2,"values":null,"datetime_complete":"2026-09-17T22:14:57.054610+00:00"}
{"op_code":4,"worker_id":"e2ae7316-e1e9-4803-8ea4-8681ffe6ab66-131047698626432","study_id":0,"datetime_start":"2026-09-17T22:14:57.056104+00:00"}
{"op_code":5,"worker_id":"e2ae7316-e1e9-4803-8ea4-8681ffe6ab66-131047698626432","trial_id":11,"param_name":"m","param_value_internal":2,"distribution":"{\"name\": \"CategoricalDistribution\", \"attributes\": {\"choices\": [16, 32, 64, 128, 256]}}"}
{"op_code":5,"worker_id":"e2ae7316-e1e9-4803-8ea4-8681ffe6ab66-131047698626432","trial_id":11,"param_name":"n","param_value_internal":1,"distribution":"{\"name\": \"CategoricalDistribution\", \"attributes\": {\"choices\": [16, 32, 64, 128, 256]}}"}
{"op_code":5,"worker_id":"e2ae7316-e1e9-4803-8ea4-8681ffe6ab66-131047698626432","trial_id":11,"param_name":"k","param_value_internal":1,"distribution":"{\"name\": \"CategoricalDistribution\", \"attributes\": {\"choices\": [16, 32, 64, 128]}}"}
{"op_code":5,"worker_id":"e2ae7316-e1e9-4803-8ea4-8681ffe6ab66-131047698626432","trial_id":11,"param_name":"gx","param_value_internal":0,"distribution":"{\"name\": \"CategoricalDistribution\", \"attributes\": {\"choices\": [1, 2, 4, 8]}}"}
{"op_code":5,"worker_id":"e2ae7316-e1e9-4803-8ea4-8681ffe6ab66-131047698626432","trial_id":11,"param_name":"gy","param_value_internal":0,"distribution":"{\"name\": \"CategoricalDistribution\", \"attributes\": {\"choices\": [1, 2, 4, 8]}}"}
{"op_code":5,"worker_id":"e2ae7316-e1e9-4803-8ea4-8681ffe6ab66-131047698626432","trial_id":11,"param_name":"sub","param_value_internal":0,"distribution":"{\"name\": \"CategoricalDistribution\", \"attributes\": {\"choices\": [32]}}"}
{"op_code":8,"worker_id":"e2ae7316-e1e9-4803-8ea4-8681ffe6ab66-131047698626432","trial_id":11,"user_attr":{"token":"tsweep_t64x32k32g11s32"}}
{"op_code":4,"worker_id":"e2ae7316-e1e9-4803-8ea4-8681ffe6ab66-131047698626432","study_id":0,"datetime_start":"2026-09-17T22:14:57.067454+00:00"}
{"op_code":5,"worker_id":"e2ae7316-e1e9-4803-8ea4-8681ffe6ab66-131047698626432","trial_id":12,"param_name":"m","param_value_internal":2,"distribution":"{\"name\": \"CategoricalDistribution\", \"attributes\": {\"choices\": [16, 32, 64, 128, 256]}}"}
{"op_code":5,"worker_id":"e2ae7316-e1e9-4803-8ea4-8681ffe6ab66-131047698626432","trial_id":12,"param_name":"n","param_value_internal":0,"distribution":"{\"name\": \"CategoricalDistribution\", \"attributes\": {\"choices\": [16, 32, 64, 128, 256]}}"}
{"op_code":5,"worker_id":"e2ae7316-e1e9-4803-8ea4-8681ffe6ab66-131047698626432","trial_id":12,"param_name":"k","param_value_internal":0,"distribution":"{\"name\": \"CategoricalDistribution\", \"attributes\": {\"choices\": [16, 32, 64, 128]}}"}
{"op_code":5,"worker_id":"e2ae7316-e1e9-4803-8ea4-8681ffe6ab66-131047698626432","trial_id":12,"param_name":"gx","param_value_internal":3,"distribution":"{\"name\": \"CategoricalDistribution\", \"attributes\": {\"choices\": [1, 2, 4, 8]}}"}
{"op_code":5,"worker_id":"e2ae7316-e1e9-4803-8ea4-8681ffe6ab66-131047698626432","trial_id":12,"param_name":"gy","param_value_internal":2,"distribution":"{\"name\": \"CategoricalDistribution\", \"attributes\": {\"choices\": [1, 2, 4, 8]}}"}
{"op_code":5,"worker_id":"e2ae7316-e1e9-4803-8ea4-8681ffe6ab66-131047698626432","trial_id":12,"param_name":"sub","param_value_internal":0,"distribution":"{\"name\": \"CategoricalDistribution\", \"attributes\": {\"choices\": [32]}}"}
{"op_code":6,"worker_id":"e2ae7316-e1e9-4803-8ea4-8681ffe6ab66-131047698626432","trial_id":12,"state":2,"values":null,"datetime_complete":"2026-09-17T22:14:57.077217+00:00"}
{"op_code":4,"worker_id":"e2ae7316-e1e9-4803-8ea4-8681ffe6ab66-131047698626432","study_id":0,"datetime_start":"2026-09-17T22:14:57.078663+00:00"}
{"op_code":5,"worker_id":"e2ae7316-e1e9-4803-8ea4-8681ffe6ab66-131047698626432","trial_id":13,"param_name":"m","param_value_internal":0,"distribution":"{\"name\": \"CategoricalDistribution\", \"attributes\": {\"choices\": [16, 32, 64, 128, 256]}}"}
{"op_code":5,"worker_id":"e2ae7316-e1e9-4803-8ea4-8681ffe6ab66-131047698626432","trial_id":13,"param_name":"n","param_value_internal":2,"distribution":"{\"name\": \"CategoricalDistribution\", \"attributes\": {\"choices\": [16, 32, 64, 128, 256]}}"}
{"op_code":5,"worker_id":"e2ae7316-e1e9-4803-8ea4-8681ffe6ab66-131047698626432","trial_id":13,"param_name":"k","param_value_internal":2,"distribution":"{\"name\": \"CategoricalDistribution\", \"attributes\": {\"choices\": [16, 32, 64, 128]}}"}
{"op_code":5,"worker_id":"e2ae7316-e1e9-4803-8ea4-8681ffe6ab66-131047698626432","trial_id":13,"param_name":"gx","param_value_internal":0,"distribution":"{\"name\": \"CategoricalDistribution\", \"attributes\": {\"choices\": [1, 2, 4, 8]}}"}
{"op_code":5,"worker_id":"e2ae7316-e1e9-4803-8ea4-8681ffe6ab66-131047698626432","trial_id":13,"param_name":"gy","param_value_internal":3,"distribution":"{\"name\": \"CategoricalDistribution\", \"attributes\": {\"choices\": [1, 2, 4, 8]}}"}
{"op_code":5,"worker_id":"e2ae7316-e1e9-4803-8ea4-8681ffe6ab66-131047698626432","trial_id":13,"param_name":"sub","param_value_internal":0,"distribution":"{\"name\": \"CategoricalDistribution\", \"attributes\": {\"choices\": [32]}}"}
{"op_code":6,"worker_id":"e2ae7316-e1e9-4803-8ea4-8681ffe6ab66-131047698626432","trial_id":13,"state":2,"values":null,"datetime_complete":"2026-09-17T22:14:57.088953+00:00"}
{"op_code":4,"worker_id":"e2ae7316-e1e9-4803-8ea4-8681ffe6ab66-131047698626432","study_id":0,"datetime_start":"2026-09-17T22:14:57.090506+00:00"}
{"op_code":5,"worker_id":"e2ae7316-e1e9-4803-8ea4-8681ffe6ab66-131047698626432","trial_id":14,"param_name":"m","param_value_internal":0,"distribution":"{\"name\": \"CategoricalDistribution\", \"attributes\": {\"choices\": [16, 32, 64, 128, 256]}}"}
{"op_code":5,"worker_id":"e2ae7316-e1e9-4803-8ea4-8681ffe6ab66-131047698626432","trial_id":14,"param_name":"n","param_value_internal":0,"distribution":"{\"name\": \"CategoricalDistribution\", \"attributes\": {\"choices\": [16, 32, 64, 128, 256]}}"}
{"op_code":5,"worker_id":"e2ae7316-e1e9-4803-8ea4-8681ffe6ab66-131047698626432","trial_id":14,"param_name":"k","param_value_internal":0,"distribution":"{\"name\": \"CategoricalDistribution\", \"attributes\": {\"choices\": [16, 32, 64, 128]}}"}
{"op_code":5,"worker_id":"e2ae7316-e1e9-4803-8ea4-8681ffe6ab66-131047698626432","trial_id":14,"param_name":"gx","param_value_internal":1,"distribution":"{\"name\": \"CategoricalDistribution\", \"attributes\": {\"choices\": [1, 2, 4, 8]}}"}
{"op_code":5,"worker_id":"e2ae7316-e1e9-4803-8ea4-8681ffe6ab66-131047698626432","trial_id":14,"param_name":"gy","param_value_internal":3,"distribution":"{\"name\": \"CategoricalDistribution\", \"attributes\": {\"choices\": [1, 2, 4, 8]}}"}
{"op_code":5,"worker_id":"e2ae7316-e1e9-4803-8ea4-8681ffe6ab66-131047698626432","trial_id":14,"param_name":"sub","param_value_internal":0,"distribution":"{\"name\": \"CategoricalDistribution\", \"attributes\": {\"choices\": [32]}}"}
{"op_code":6,"worker_id":"e2ae7316-e1e9-4803-8ea4-8681ffe6ab66-131047698626432","trial_id":14,"state":2,"values":null,"datetime_complete":"2026-09-17T22:14:57.100540+00:00"}
{"op_code":4,"worker_id":"e2ae7316-e1e9-4803-8ea4-8681ffe6ab66-131047698626432","study_id":0,"datetime_start":"2026-09-17T22:14:57.102006+00:00"}
{"op_code":9,"worker_id":"e2ae7316-e1e9-4803-8ea4-8681ffe6ab66-131047698626432","trial_id":15,"system_attr":{"tpe:relative_params:0":"{\"gx\": 8, \"gy\": 2, \"k\": 64, \"m\": 32, \"n\": 128}"}}
{"op_code":5,"worker_id":"e2ae7316-e1e9-4803-8ea4-8681ffe6ab66-131047698626432","trial_id":15,"param_name":"m","param_value_internal":1,"distribution":"{\"name\": \"CategoricalDistribution\", \"attributes\": {\"choices\": [16, 32, 64, 128, 256]}}"}
{"op_code":5,"worker_id":"e2ae7316-e1e9-4803-8ea4-8681ffe6ab66-131047698626432","trial_id":15,"param_name":"n","param_value_internal":3,"distribution":"{\"name\": \"CategoricalDistribution\", \"attributes\": {\"choices\": [16, 32, 64, 128, 256]}}"}
{"op_code":5,"worker_id":"e2ae7316-e1e9-4803-8ea4-8681ffe6ab66-131047698626432","trial_id":15,"param_name":"k","param_value_internal":2,"distribution":"{\"name\": \"CategoricalDistribution\", \"attributes\": {\"choices\": [16, 32, 64, 128]}}"}
{"op_code":5,"worker_id":"e2ae7316-e1e9-4803-8ea4-8681ffe6ab66-131047698626432","trial_id":15,"param_name":"gx","param_value_internal":3,"distribution":"{\"name\": \"CategoricalDistribution\", \"attributes\": {\"choices\": [1, 2, 4, 8]}}"}
{"op_code":5,"worker_id":"e2ae7316-e1e9-4803-8ea4-8681ffe6ab66-131047698626432","trial_id":15,"param_name":"gy","param_value_internal":1,"distribution":"{\"name\": \"CategoricalDistribution\", \"attributes\": {\"choices\": [1, 2, 4, 8]}}"}
{"op_code":5,"worker_id":"e2ae7316-e1e9-4803-8ea4-8681ffe6ab66-131047698626432","trial_id":15,"param_name":"sub","param_value_internal":0,"distribution":"{\"name\": \"CategoricalDistribution\", \"attributes\": {\"choices\": [32]}}"}
{"op_code":8,"worker_id":"e2ae7316-e1e9-4803-8ea4-8681ffe6ab66-131047698626432","trial_id":15,"user_attr":{"token":"tsweep_t32x128k64g82s32"}}
{"op_code":4,"worker_id":"e2ae7316-e1e9-4803-8ea4-8681ffe6ab66-131047698626432","study_id":0,"datetime_start":"2026-09-17T22:14:57.115475+00:00"}
{"op_code":9,"worker_id":"e2ae7316-e1e9-4803-8ea4-8681ffe6ab66-131047698626432","trial_id":16,"system_attr":{"tpe:relative_params:0":"{\"gx\": 8, \"gy\": 4, \"k\": 16, \"m\": 256, \"n\": 128}"}}
{"op_code":5,"worker_id":"e2ae7316-e1e9-4803-8ea4-8681ffe6ab66-131047698626432","trial_id":16,"param_name":"m","param_value_internal":4,"distribution":"{\"name\": \"CategoricalDistribution\", \"attributes\": {\"choices\": [16, 32, 64, 128, 256]}}"}
{"op_code":5,"worker_id":"e2ae7316-e1e9-4803-8ea4-8681ffe6ab66-131047698626432","trial_id":16,"param_name":"n","param_value_internal":3,"distribution":"{\"name\": \"CategoricalDistribution\", \"attributes\": {\"choices\": [16, 32, 64, 128, 256]}}"}
{"op_code":5,"worker_id":"e2ae7316-e1e9-4803-8ea4-8681ffe6ab66-131047698626432","trial_id":16,"param_name":"k","param_value_internal":0,"distribution":"{\"name\": \"CategoricalDistribution\", \"attributes\": {\"choices\": [16, 32, 64, 128]}}"}
{"op_code":5,"worker_id":"e2ae7316-e1e9-4803-8ea4-8681ffe6ab66-131047698626432","trial_id":16,"param_name":"gx","param_value_internal":3,"distribution":"{\"name\": \"CategoricalDistribution\", \"attributes\": {\"choices\": [1, 2, 4, 8]}}"}
{"op_code":5,"worker_id":"e2ae7316-e1e9-4803-8ea4-8681ffe6ab66-131047698626432","trial_id":16,"param_name":"gy","param_value_internal":2,"distribution":"{\"name\": \"CategoricalDistribution\", \"attributes\": {\"choices\": [1, 2, 4, 8]}}"}
{"op_code":5,"worker_id":"e2ae7316-e1e9-4803-8ea4-8681ffe6ab66-131047698626432","trial_id":16,"param_name":"sub","param_value_internal":0,"distribution":"{\"name\": \"CategoricalDistribution\", \"attributes\": {\"choices\": [32]}}"}
{"op_code":6,"worker_id":"e2ae7316-e1e9-4803-8ea4-8681ffe6ab66-131047698626432","trial_id":16,"state":2,"values":null,"datetime_complete":"2026-09-17T22:14:57.127847+00:00"}
{"op_code":4,"worker_id":"e2ae7316-e1e9-4803-8ea4-8681ffe6ab66-131047698626432","study_id":0,"datetime_start":"2026-09-17T22:14:57.129283+00:00"}
{"op_code":9,"worker_id":"e2ae7316-e1e9-4803-8ea4-8681ffe6ab66-131047698626432","trial_id":17,"system_attr":{"tpe:relative_params:0":"{\"gx\": 4, \"gy\": 4, \"k\": 64, \"m\": 16, \"n\": 128}"}}
{"op_code":5,"worker_id":"e2ae7316-e1e9-4803-8ea4-8681ffe6ab66-131047698626432","trial_id":17,"param_name":"m","param_value_internal":0,"distribution":"{\"name\": \"CategoricalDistribution\", \"attributes\": {\"choices\": [16, 32, 64, 128, 256]}}"}
{"op_code":5,"worker_id":"e2ae7316-e1e9-4803-8ea4-8681ffe6ab66-131047698626432","trial_id":17,"param_name":"n","param_value_internal":3,"distribution":"{\"name\": \"CategoricalDistribution\", \"attributes\": {\"choices\": [16, 32, 64, 128, 256]}}"}
{"op_code":5,"worker_id":"e2ae7316-e1e9-4803-8ea4-8681ffe6ab66-131047698626432","trial_id":17,"param_name":"k","param_value_internal":2,"distribution":"{\"name\": \"CategoricalDistribution\", \"attributes\": {\"choices\": [16, 32, 64, 128]}}"}
{"op_code":5,"worker_id":"e2ae7316-e1e9-4803-8ea4-8681ffe6ab66-131047698626432","trial_id":17,"param_name":"gx","param_value_internal":2,"distribution":"{\"name\": \"CategoricalDistribution\", \"attributes\": {\"choices\": [1, 2, 4, 8]}}"}
{"op_code":5,"worker_id":"e2ae7316-e1e9-4803-8ea4-8681ffe6ab66-131047698626432","trial_id":17,"param_name":"gy","param_value_internal":2,"distribution":"{\"name\": \"CategoricalDistribution\", \"attributes\": {\"choices\": [1, 2, 4, 8]}}"}
{"op_code":5,"worker_id":"e2ae7316-e1e9-4803-8ea4-8681ffe6ab66-131047698626432","trial_id":17,"param_name":"sub","param_value_internal":0,"distribution":"{\"name\": \"CategoricalDistribution\", \"attributes\": {\"choices\": [32]}}"}
{"op_code":6,"worker_id":"e2ae7316-e1e9-4803-8ea4-8681ffe6ab66-131047698626432","trial_id":17,"state":2,"values":null,"datetime_complete":"2026-09-17T22:14:57.140926+00:00"}
{"op_code":4,"worker_id":"e2ae7316-e1e9-4803-8ea4-8681ffe6ab66-131047698626432","study_id":0,"datetime_start":"2026-09-17T22:14:57.142369+00:00"}
{"op_code":9,"worker_id":"e2ae7316-e1e9-4803-8ea4-8681ffe6ab66-131047698626432","trial_id":18,"system_attr":{"tpe:relative_params:0":"{\"gx\": 1, \"gy\": 4, \"k\": 32, \"m\": 16, \"n\": 128}"}}
{"op_code":5,"worker_id":"e2ae7316-e1e9-4803-8ea4-8681ffe6ab66-131047698626432","trial_id":18,"param_name":"m","param_value_internal":0,"distribution":"{\"name\": \"CategoricalDistribution\", \"attributes\": {\"choices\": [16, 32, 64, 128, 256]}}"}
{"op_code":5,"worker_id":"e2ae7316-e1e9-4803-8ea4-8681ffe6ab66-131047698626432","trial_id":18,"param_name":"n","param_value_internal":3,"distribution":"{\"name\": \"CategoricalDistribution\", \"attributes\": {\"choices\": [16, 32, 64, 128, 256]}}"}
{"op_code":5,"worker_id":"e2ae7316-e1e9-4803-8ea4-8681ffe6ab66-131047698626432","trial_id":18,"param_name":"k","param_value_internal":1,"distribution":"{\"name\": \"CategoricalDistribution\", \"attributes\": {\"choices\": [16, 32, 64, 128]}}"}
{"op_code":5,"worker_id":"e2ae7316-e1e9-4803-8ea4-8681ffe6ab66-131047698626432","trial_id":18,"param_name":"gx","param_value_internal":0,"distribution":"{\"name\": \"CategoricalDistribution\", \"attributes\": {\"choices\": [1, 2, 4, 8]}}"}
{"op_code":5,"worker_id":"e2ae7316-e1e9-4803-8ea4-8681ffe6ab66-131047698626432","trial_id":18,"param_name":"gy","param_value_internal":2,"distribution":"{\"name\": \"CategoricalDistribution\", \"attributes\": {\"choices\": [1, 2, 4, 8]}}"}
{"op_code":5,"worker_id":"e2ae7316-e1e9-4803-8ea4-8681ffe6ab66-131047698626432","trial_id":18,"param_name":"sub","param_value_internal":0,"distribution":"{\"name\": \"CategoricalDistribution\", \"attributes\": {\"choices\": [32]}}"}
{"op_code":6,"worker_id":"e2ae7316-e1e9-4803-8ea4-8681ffe6ab66-131047698626432","trial_id":18,"state":2,"values":null,"datetime_complete":"2026-09-17T22:14:57.154459+00:00"}
{"op_code":4,"worker_id":"e2ae7316-e1e9-4803-8ea4-8681ffe6ab66-131047698626432","study_id":0,"datetime_start":"2026-09-17T22:14:57.155880+00:00"}
{"op_code":9,"worker_id":"e2ae7316-e1e9-4803-8ea4-8681ffe6ab66-131047698626432","trial_id":19,"system_attr":{"tpe:relative_params:0":"{\"gx\": 1, \"gy\": 4, \"k\": 16, \"m\": 64, \"n\": 128}"}}
{"op_code":5,"worker_id":"e2ae7316-e1e9-4803-8ea4-8681ffe6ab66-131047698626432","trial_id":19,"param_name":"m","param_value_internal":2,"distribution":"{\"name\": \"CategoricalDistribution\", \"attributes\": {\"choices\": [16, 32, 64, 128, 256]}}"}
{"op_code":5,"worker_id":"e2ae7316-e1e9-4803-8ea4-8681ffe6ab66-131047698626432","trial_id":19,"param_name":"n","param_value_internal":3,"distribution":"{\"name\": \"CategoricalDistribution\", \"attributes\": {\"choices\": [16, 32, 64, 128, 256]}}"}
{"op_code":5,"worker_id":"e2ae7316-e1e9-4803-8ea4-8681ffe6ab66-131047698626432","trial_id":19,"param_name":"k","param_value_internal":0,"distribution":"{\"name\": \"CategoricalDistribution\", \"attributes\": {\"choices\": [16, 32, 64, 128]}}"}
{"op_code":5,"worker_id":"e2ae7316-e1e9-4803-8ea4-8681ffe6ab66-131047698626432","trial_id":19,"param_name":"gx","param_value_internal":0,"distribution":"{\"name\": \"CategoricalDistribution\", \"attributes\": {\"choices\": [1, 2, 4, 8]}}"}
{"op_code":5,"worker_id":"e2ae7316-e1e9-4803-8ea4-8681ffe6ab66-131047698626432","trial_id":19,"param_name":"gy","param_value_internal":2,"distribution":"{\"name\": \"CategoricalDistribution\", \"attributes\": {\"choices\": [1, 2, 4, 8]}}"}
{"op_code":5,"worker_id":"e2ae7316-e1e9-4803-8ea4-8681ffe6ab66-131047698626432","trial_id":19,"param_name":"sub","param_value_internal":0,"distribution":"{\"name\": \"CategoricalDistribution\", \"attributes\": {\"choices\": [32]}}"}
{"op_code":6,"worker_id":"e2ae7316-e1e9-4803-8ea4-8681ffe6ab66-131047698626432","trial_id":19,"state":2,"values":null,"datetime_complete":"2026-09-17T22:14:57.167602+00:00"}
{"op_code":4,"worker_id":"e2ae7316-e1e9-4803-8ea4-8681ffe6ab66-131047698626432","study_id":0,"datetime_start":"2026-09-17T22:14:57.169082+00:00"}
{"op_code":9,"worker_id":"e2ae7316-e1e9-4803-8ea4-8681ffe6ab66-131047698626432","trial_id":20,"system_attr":{"tpe:relative_params:0":"{\"gx\": 8, \"gy\": 1, \"k\": 16, \"m\": 64, \"n\": 128}"}}
{"op_code":5,"worker_id":"e2ae7316-e1e9-4803-8ea4-8681ffe6ab66-131047698626432","trial_id":20,"param_name":"m","param_value_internal":2,"distribution":"{\"name\": \"CategoricalDistribution\", \"attributes\": {\"choices\": [16, 32, 64, 128, 256]}}"}
{"op_code":5,"worker_id":"e2ae7316-e1e9-4803-8ea4-8681ffe6ab66-131047698626432","trial_id":20,"param_name":"n","param_value_internal":3,"distribution":"{\"name\": \"CategoricalDistribution\", \"attributes\": {\"choices\": [16, 32, 64, 128, 256]}}"}
{"op_code":5,"worker_id":"e2ae7316-e1e9-4803-8ea4-8681ffe6ab66-131047698626432","trial_id":20,"param_name":"k","param_value_internal":0,"distribution":"{\"name\": \"CategoricalDistribution\", \"attributes\": {\"choices\": [16, 32, 64, 128]}}"}
{"op_code":5,"worker_id":"e2ae7316-e1e9-4803-8ea4-8681ffe6ab66-131047698626432","trial_id":20,"param_name":"gx","param_value_internal":3,"distribution":"{\"name\": \"CategoricalDistribution\", \"attributes\": {\"choices\": [1, 2, 4, 8]}}"}
{"op_code":5,"worker_id":"e2ae7316-e1e9-4803-8ea4-8681ffe6ab66-131047698626432","trial_id":20,"param_name":"gy","param_value_internal":0,"distribution":"{\"name\": \"CategoricalDistribution\", \"attributes\": {\"choices\": [1, 2, 4, 8]}}"}
{"op_code":5,"worker_id":"e2ae7316-e1e9-4803-8ea4-8681ffe6ab66-131047698626432","trial_id":20,"param_name":"sub","param_value_internal":0,"distribution":"{\"name\": \"CategoricalDistribution\", \"attributes\": {\"choices\": [32]}}"}
{"op_code":6,"worker_id":"e2ae7316-e1e9-4803-8ea4-8681ffe6ab66-131047698626432","trial_id":20,"state":2,"values":null,"datetime_complete":"2026-09-17T22:14:57.180652+00:00"}
{"op_code":4,"worker_id":"e2ae7316-e1e9-4803-8ea4-8681ffe6ab66-131047698626432","study_id":0,"datetime_start":"2026-09-17T22:14:57.182159+00:00"}
{"op_code":9,"worker_id":"e2ae7316-e1e9-4803-8ea4-8681ffe6ab66-131047698626432","trial_id":21,"system_attr":{"tpe:relative_params:0":"{\"gx\": 8, \"gy\": 4, \"k\": 32, \"m\": 64, \"n\": 128}"}}
{"op_code":5,"worker_id":"e2ae7316-e1e9-4803-8ea4-8681ffe6ab66-131047698626432","trial_id":21,"param_name":"m","param_value_internal":2,"distribution":"{\"name\": \"CategoricalDistribution\", \"attributes\": {\"choices\": [16, 32, 64, 128, 256]}}"}
{"op_code":5,"worker_id":"e2ae7316-e1e9-4803-8ea4-8681ffe6ab66-131047698626432","trial_id":21,"param_name":"n","param_value_internal":3,"distribution":"{\"name\": \"CategoricalDistribution\", \"attributes\": {\"choices\": [16, 32, 64, 128, 256]}}"}
{"op_code":5,"worker_id":"e2ae7316-e1e9-4803-8ea4-8681ffe6ab66-131047698626432","trial_id":21,"param_name":"k","param_value_internal":1,"distribution":"{\"name\": \"CategoricalDistribution\", \"attributes\": {\"choices\": [16, 32, 64, 128]}}"}
{"op_code":5,"worker_id":"e2ae7316-e1e9-4803-8ea4-8681ffe6ab66-131047698626432","trial_id":21,"param_name":"gx","param_value_internal":3,"distribution":"{\"name\": \"CategoricalDistribution\", \"attributes\": {\"choices\": [1, 2, 4, 8]}}"}
{"op_code":5,"worker_id":"e2ae7316-e1e9-4803-8ea4-8681ffe6ab66-131047698626432","trial_id":21,"param_name":"gy","param_value_internal":2,"distribution":"{\"name\": \"CategoricalDistribution\", \"attributes\": {\"choices\": [1, 2, 4, 8]}}"}
{"op_code":5,"worker_id":"e2ae7316-e1e9-4803-8ea4-8681ffe6ab66-131047698626432","trial_id":21,"param_name":"sub","param_value_internal":0,"distribution":"{\"name\": \"CategoricalDistribution\", \"attributes\": {\"choices\": [32]}}"}
{"op_code":8,"worker_id":"e2ae7316-e1e9-4803-8ea4-8681ffe6ab66-131047698626432","trial_id":21,"user_attr":{"token":"tsweep_t64x128k32g84s32"}}
{"op_code":4,"worker_id":"e2ae7316-e1e9-4803-8ea4-8681ffe6ab66-131047698626432","study_id":0,"datetime_start":"2026-09-17T22:14:57.195410+00:00"}
{"op_code":9,"worker_id":"e2ae7316-e1e9-4803-8ea4-8681ffe6ab66-131047698626432","trial_id":22,"system_attr":{"tpe:relative_params:0":"{\"gx\": 4, \"gy\": 4, \"k\": 16, \"m\": 64, \"n\": 32}"}}
{"op_code":5,"worker_id":"e2ae7316-e1e9-4803-8ea4-8681ffe6ab66-131047698626432","trial_id":22,"param_name":"m","param_value_internal":2,"distribution":"{\"name\": \"CategoricalDistribution\", \"attributes\": {\"choices\": [16, 32, 64, 128, 256]}}"}
{"op_code":5,"worker_id":"e2ae7316-e1e9-4803-8ea4-8681ffe6ab66-131047698626432","trial_id":22,"param_name":"n","param_value_internal":1,"distribution":"{\"name\": \"CategoricalDistribution\", \"attributes\": {\"choices\": [16, 32, 64, 128, 256]}}"}
{"op_code":5,"worker_id":"e2ae7316-e1e9-4803-8ea4-8681ffe6ab66-131047698626432","trial_id":22,"param_name":"k","param_value_internal":0,"distribution":"{\"name\": \"CategoricalDistribution\", \"attributes\": {\"choices\": [16, 32, 64, 128]}}"}
{"op_code":5,"worker_id":"e2ae7316-e1e9-4803-8ea4-8681ffe6ab66-131047698626432","trial_id":22,"param_name":"gx","param_value_internal":2,"distribution":"{\"name\": \"CategoricalDistribution\", \"attributes\": {\"choices\": [1, 2, 4, 8]}}"}
{"op_code":5,"worker_id":"e2ae7316-e1e9-4803-8ea4-8681ffe6ab66-131047698626432","trial_id":22,"param_name":"gy","param_value_internal":2,"distribution":"{\"name\": \"CategoricalDistribution\", \"attributes\": {\"choices\": [1, 2, 4, 8]}}"}
{"op_code":5,"worker_id":"e2ae7316-e1e9-4803-8ea4-8681ffe6ab66-131047698626432","trial_id":22,"param_name":"sub","param_value_internal":0,"distribution":"{\"name\": \"CategoricalDistribution\", \"attributes\": {\"choices\": [32]}}"}
{"op_code":6,"worker_id":"e2ae7316-e1e9-4803-8ea4-8681ffe6ab66-131047698626432","trial_id":22,"state":2,"values":null,"datetime_complete":"2026-09-17T22:14:57.207095+00:00"}
{"op_code":4,"worker_id":"e2ae7316-e1e9-4803-8ea4-8681ffe6ab66-131047698626432","study_id":0,"datetime_start":"2026-09-17T22:14:57.208522+00:00"}
{"op_code":9,"worker_id":"e2ae7316-e1e9-4803-8ea4-8681ffe6ab66-131047698626432","trial_id":23,"system_attr":{"tpe:relative_params:0":"{\"gx\": 1, \"gy\": 4, \"k\": 64, \"m\": 256, \"n\": 256}"}}
{"op_code":5,"worker_id":"e2ae7316-e1e9-4803-8ea4-8681ffe6ab66-131047698626432","trial_id":23,"param_name":"m","param_value_internal":4,"distribution":"{\"name\": \"CategoricalDistribution\", \"attributes\": {\"choices\": [16, 32, 64, 128, 256]}}"}
{"op_code":5,"worker_id":"e2ae7316-e1e9-4803-8ea4-8681ffe6ab66-131047698626432","trial_id":23,"param_name":"n","param_value_internal":4,"distribution":"{\"name\": \"CategoricalDistribution\", \"attributes\": {\"choices\": [16, 32, 64, 128, 256]}}"}
{"op_code":5,"worker_id":"e2ae7316-e1e9-4803-8ea4-8681ffe6ab66-131047698626432","trial_id":23,"param_name":"k","param_value_internal":2,"distribution":"{\"name\": \"CategoricalDistribution\", \"attributes\": {\"choices\": [16, 32, 64, 128]}}"}
{"op_code":5,"worker_id":"e2ae7316-e1e9-4803-8ea4-8681ffe6ab66-131047698626432","trial_id":23,"param_name":"gx","param_value_internal":0,"distribution":"{\"name\": \"CategoricalDistribution\", \"attributes\": {\"choices\": [1, 2, 4, 8]}}"}
{"op_code":5,"worker_id":"e2ae7316-e1e9-4803-8ea4-8681ffe6ab66-131047698626432","trial_id":23,"param_name":"gy","param_value_internal":2,"distribution":"{\"name\": \"CategoricalDistribution\", \"attributes\": {\"choices\": [1, 2, 4, 8]}}"}
{"op_code":5,"worker_id":"e2ae7316-e1e9-4803-8ea4-8681ffe6ab66-131047698626432","trial_id":23,"param_name":"sub","param_value_internal":0,"distribution":"{\"name\": \"CategoricalDistribution\", \"attributes\": {\"choices\": [32]}}"}
{"op_code":6,"worker_id":"e2ae7316-e1e9-4803-8ea4-8681ffe6ab66-131047698626432","trial_id":23,"state":2,"values":null,"datetime_complete":"2026-09-17T22:14:57.220244+00:00"}
{"op_code":4,"worker_id":"e2ae7316-e1e9-4803-8ea4-8681ffe6ab66-131047698626432","study_id":0,"datetime_start":"2026-09-17T22:14:57.221646+00:00"}
{"op_code":9,"worker_id":"e2ae7316-e1e9-4803-8ea4-8681ffe6ab66-131047698626432","trial_id":24,"system_attr":{"tpe:relative_params:0":"{\"gx\": 4, \"gy\": 4, \"k\": 32, \"m\": 32, \"n\": 16}"}}
{"op_code":5,"worker_id":"e2ae7316-e1e9-4803-8ea4-8681ffe6ab66-131047698626432","trial_id":24,"param_name":"m","param_value_internal":1,"distribution":"{\"name\": \"CategoricalDistribution\", \"attributes\": {\"choices\": [16, 32, 64, 128, 256]}}"}
{"op_code":5,"worker_id":"e2ae7316-e1e9-4803-8ea4-8681ffe6ab66-131047698626432","trial_id":24,"param_name":"n","param_value_internal":0,"distribution":"{\"name\": \"CategoricalDistribution\", \"attributes\": {\"choices\": [16, 32, 64, 128, 256]}}"}
{"op_code":5,"worker_id":"e2ae7316-e1e9-4803-8ea4-8681ffe6ab66-131047698626432","trial_id":24,"param_name":"k","param_value_internal":1,"distribution":"{\"name\": \"CategoricalDistribution\", \"attributes\": {\"choices\": [16, 32, 64, 128]}}"}
{"op_code":5,"worker_id":"e2ae7316-e1e9-4803-8ea4-8681ffe6ab66-131047698626432","trial_id":24,"param_name":"gx","param_value_internal":2,"distribution":"{\"name\": \"CategoricalDistribution\", \"attributes\": {\"choices\": [1, 2, 4, 8]}}"}
{"op_code":5,"worker_id":"e2ae7316-e1e9-4803-8ea4-8681ffe6ab66-131047698626432","trial_id":24,"param_name":"gy","param_value_internal":2,"distribution":"{\"name\": \"CategoricalDistribution\", \"attributes\": {\"choices\": [1, 2, 4, 8]}}"}
{"op_code":5,"worker_id":"e2ae7316-e1e9-4803-8ea4-8681ffe6ab66-131047698626432","trial_id":24,"param_name":"sub","param_value_internal":0,"distribution":"{\"name\": \"CategoricalDistribution\", \"attributes\": {\"choices\": [32]}}"}
{"op_code":6,"worker_id":"e2ae7316-e1e9-4803-8ea4-8681ffe6ab66-131047698626432","trial_id":24,"state":2,"values":null,"datetime_complete":"2026-09-17T22:14:57.233593+00:00"}
{"op_code":4,"worker_id":"e2ae7316-e1e9-4803-8ea4-8681ffe6ab66-131047698626432","study_id":0,"datetime_start":"2026-09-17T22:14:57.235013+00:00"}
{"op_code":9,"worker_id":"e2ae7316-e1e9-4803-8ea4-8681ffe6ab66-131047698626432","trial_id":25,"system_attr":{"tpe:relative_params:0":"{\"gx\": 8, \"gy\": 4, \"k\": 32, \"m\": 16, \"n\": 256}"}}
{"op_code":5,"worker_id":"e2ae7316-e1e9-4803-8ea4-8681ffe6ab66-131047698626432","trial_id":25,"param_name":"m","param_value_internal":0,"distribution":"{\"name\": \"CategoricalDistribution\", \"attributes\": {\"choices\": [16, 32, 64, 128, 256]}}"}
{"op_code":5,"worker_id":"e2ae7316-e1e9-4803-8ea4-8681ffe6ab66-131047698626432","trial_id":25,"param_name":"n","param_value_internal":4,"distribution":"{\"name\": \"CategoricalDistribution\", \"attributes\": {\"choices\": [16, 32, 64, 128, 256]}}"}
{"op_code":5,"worker_id":"e2ae7316-e1e9-4803-8ea4-8681ffe6ab66-131047698626432","trial_id":25,"param_name":"k","param_value_internal":1,"distribution":"{\"name\": \"CategoricalDistribution\", \"attributes\": {\"choices\": [16, 32, 64, 128]}}"}
{"op_code":5,"worker_id":"e2ae7316-e1e9-4803-8ea4-8681ffe6ab66-131047698626432","trial_id":25,"param_name":"gx","param_value_internal":3,"distribution":"{\"name\": \"CategoricalDistribution\", \"attributes\": {\"choices\": [1, 2, 4, 8]}}"}
{"op_code":5,"worker_id":"e2ae7316-e1e9-4803-8ea4-8681ffe6ab66-131047698626432","trial_id":25,"param_name":"gy","param_value_internal":2,"distribution":"{\"name\": \"CategoricalDistribution\", \"attributes\": {\"choices\": [1, 2, 4, 8]}}"}
{"op_code":5,"worker_id":"e2ae7316-e1e9-4803-8ea4-8681ffe6ab66-131047698626432","trial_id":25,"param_name":"sub","param_value_internal":0,"distribution":"{\"name\": \"CategoricalDistribution\", \"attributes\": {\"choices\": [32]}}"}
{"op_code":6,"worker_id":"e2ae7316-e1e9-4803-8ea4-8681ffe6ab66-131047698626432","trial_id":25,"state":2,"values":null,"datetime_complete":"2026-09-17T22:14:57.247217+00:00"}
{"op_code":4,"worker_id":"e2ae7316-e1e9-4803-8ea4-8681ffe6ab66-131047698626432","study_id":0,"datetime_start":"2026-09-17T22:14:57.248721+00:00"}
{"op_code":9,"worker_id":"e2ae7316-e1e9-4803-8ea4-8681ffe6ab66-131047698626432","trial_id":26,"system_attr":{"tpe:relative_params:0":"{\"gx\": 1, \"gy\": 2, \"k\": 128, \"m\": 16, \"n\": 128}"}}
{"op_code":5,"worker_id":"e2ae7316-e1e9-4803-8ea4-8681ffe6ab66-131047698626432","trial_id":26,"param_name":"m","param_value_internal":0,"distribution":"{\"name\": \"CategoricalDistribution\", \"attributes\": {\"choices\": [16, 32, 64, 128, 256]}}"}
{"op_code":5,"worker_id":"e2ae7316-e1e9-4803-8ea4-8681ffe6ab66-131047698626432","trial_id":26,"param_name":"n","param_value_internal":3,"distribution":"{\"name\": \"CategoricalDistribution\", \"attributes\": {\"choices\": [16, 32, 64, 128, 256]}}"}
{"op_code":5,"worker_id":"e2ae7316-e1e9-4803-8ea4-8681ffe6ab66-131047698626432","trial_id":26,"param_name":"k","param_value_internal":3,"distribution":"{\"name\": \"CategoricalDistribution\", \"attributes\": {\"choices\": [16, 32, 64, 128]}}"}
{"op_code":5,"worker_id":"e2ae7316-e1e9-4803-8ea4-8681ffe6ab66-131047698626432","trial_id":26,"param_name":"gx","param_value_internal":0,"distribution":"{\"name\": \"CategoricalDistribution\", \"attributes\": {\"choices\": [1, 2, 4, 8]}}"}
{"op_code":5,"worker_id":"e2ae7316-e1e9-4803-8ea4-8681ffe6ab66-131047698626432","trial_id":26,"param_name":"gy","param_value_internal":1,"distribution":"{\"name\": \"CategoricalDistribution\", \"attributes\": {\"choices\": [1, 2, 4, 8]}}"}
{"op_code":5,"worker_id":"e2ae7316-e1e9-4803-8ea4-8681ffe6ab66-131047698626432","trial_id":26,"param_name":"sub","param_value_internal":0,"distribution":"{\"name\": \"CategoricalDistribution\", \"attributes\": {\"choices\": [32]}}"}
{"op_code":6,"worker_id":"e2ae7316-e1e9-4803-8ea4-8681ffe6ab66-131047698626432","trial_id":26,"state":2,"values":null,"datetime_complete":"2026-09-17T22:14:57.260861+00:00"}
{"op_code":4,"worker_id":"e2ae7316-e1e9-4803-8ea4-8681ffe6ab66-131047698626432","study_id":0,"datetime_start":"2026-09-17T22:14:57.262432+00:00"}
{"op_code":9,"worker_id":"e2ae7316-e1e9-4803-8ea4-8681ffe6ab66-131047698626432","trial_id":27,"system_attr":{"tpe:relative_params:0":"{\"gx\": 8, \"gy\": 4, \"k\": 16, \"m\": 32, \"n\": 32}"}}
{"op_code":5,"worker_id":"e2ae7316-e1e9-4803-8ea4-8681ffe6ab66-131047698626432","trial_id":27,"param_name":"m","param_value_internal":1,"distribution":"{\"name\": \"CategoricalDistribution\", \"attributes\": {\"choices\": [16, 32, 64, 128, 256]}}"}
{"op_code":5,"worker_id":"e2ae7316-e1e9-4803-8ea4-8681ffe6ab66-131047698626432","trial_id":27,"param_name":"n","param_value_internal":1,"distribution":"{\"name\": \"CategoricalDistribution\", \"attributes\": {\"choices\": [16, 32, 64, 128, 256]}}"}
{"op_code":5,"worker_id":"e2ae7316-e1e9-4803-8ea4-8681ffe6ab66-131047698626432","trial_id":27,"param_name":"k","param_value_internal":0,"distribution":"{\"name\": \"CategoricalDistribution\", \"attributes\": {\"choices\": [16, 32, 64, 128]}}"}
{"op_code":5,"worker_id":"e2ae7316-e1e9-4803-8ea4-8681ffe6ab66-131047698626432","trial_id":27,"param_name":"gx","param_value_internal":3,"distribution":"{\"name\": \"CategoricalDistribution\", \"attributes\": {\"choices\": [1, 2, 4, 8]}}"}
{"op_code":5,"worker_id":"e2ae7316-e1e9-4803-8ea4-8681ffe6ab66-131047698626432","trial_id":27,"param_name":"gy","param_value_internal":2,"distribution":"{\"name\": \"CategoricalDistribution\", \"attributes\": {\"choices\": [1, 2, 4, 8]}}"}
{"op_code":5,"worker_id":"e2ae7316-e1e9-4803-8ea4-8681ffe6ab66-131047698626432","trial_id":27,"param_name":"sub","param_value_internal":0,"distribution":"{\"name\": \"CategoricalDistribution\", \"attributes\": {\"choices\": [32]}}"}
{"op_code":6,"worker_id":"e2ae7316-e1e9-4803-8ea4-8681ffe6ab66-131047698626432","trial_id":27,"state":2,"values":null,"datetime_complete":"2026-09-17T22:14:57.274627+00:00"}
{"op_code":4,"worker_id":"e2ae7316-e1e9-4803-8ea4-8681ffe6ab66-131047698626432","study_id":0,"datetime_start":"2026-09-17T22:14:57.276119+00:00"}
{"op_code":9,"worker_id":"e2ae7316-e1e9-4803-8ea4-8681ffe6ab66-131047698626432","trial_id":28,"system_attr":{"tpe:relative_params:0":"{\"gx\": 1, \"gy\": 8, \"k\": 128, \"m\": 32, \"n\": 32}"}}
{"op_code":5,"worker_id":"e2ae7316-e1e9-4803-8ea4-8681ffe6ab66-131047698626432","trial_id":28,"param_name":"m","param_value_internal":1,"distribution":"{\"name\": \"CategoricalDistribution\", \"attributes\": {\"choices\": [16, 32, 64, 128, 256]}}"}
{"op_code":5,"worker_id":"e2ae7316-e1e9-4803-8ea4-8681ffe6ab66-131047698626432","trial_id":28,"param_name":"n","param_value_internal":1,"distribution":"{\"name\": \"CategoricalDistribution\", \"attributes\": {\"choices\": [16, 32, 64, 128, 256]}}"}
{"op_code":5,"worker_id":"e2ae7316-e1e9-4803-8ea4-8681ffe6ab66-131047698626432","trial_id":28,"param_name":"k","param_value_internal":3,"distribution":"{\"name\": \"CategoricalDistribution\", \"attributes\": {\"choices\": [16, 32, 64, 128]}}"}
{"op_code":5,"worker_id":"e2ae7316-e1e9-4803-8ea4-8681ffe6ab66-131047698626432","trial_id":28,"param_name":"gx","param_value_internal":0,"distribution":"{\"name\": \"CategoricalDistribution\", \"attributes\": {\"choices\": [1, 2, 4, 8]}}"}
{"op_code":5,"worker_id":"e2ae7316-e1e9-4803-8ea4-8681ffe6ab66-131047698626432","trial_id":28,"param_name":"gy","param_value_internal":3,"distribution":"{\"name\": \"CategoricalDistribution\", \"attributes\": {\"choices\": [1, 2, 4, 8]}}"}
{"op_code":5,"worker_id":"e2ae7316-e1e9-4803-8ea4-8681ffe6ab66-131047698626432","trial_id":28,"param_name":"sub","param_value_internal":0,"distribution":"{\"name\": \"CategoricalDistribution\", \"attributes\": {\"choices\": [32]}}"}
{"op_code":6,"worker_id":"e2ae7316-e1e9-4803-8ea4-8681ffe6ab66-131047698626432","trial_id":28,"state":2,"values":null,"datetime_complete":"2026-09-17T22:14:57.288672+00:00"}
{"op_code":4,"worker_id":"e2ae7316-e1e9-4803-8ea4-8681ffe6ab66-131047698626432","study_id":0,"datetime_start":"2026-09-17T22:14:57.290183+00:00"}
{"op_code":9,"worker_id":"e2ae7316-e1e9-4803-8ea4-8681ffe6ab66-131047698626432","trial_id":29,"system_attr":{"tpe:relative_params:0":"{\"gx\": 1, \"gy\": 4, \"k\": 128, \"m\": 128, \"n\": 32}"}}
{"op_code":5,"worker_id":"e2ae7316-e1e9-4803-8ea4-8681ffe6ab66-131047698626432","trial_id":29,"param_name":"m","param_value_internal":3,"distribution":"{\"name\": \"CategoricalDistribution\", \"attributes\": {\"choices\": [16, 32, 64, 128, 256]}}"}
{"op_code":5,"worker_id":"e2ae7316-e1e9-4803-8ea4-8681ffe6ab66-131047698626432","trial_id":29,"param_name":"n","param_value_internal":1,"distribution":"{\"name\": \"CategoricalDistribution\", \"attributes\": {\"choices\": [16, 32, 64, 128, 256]}}"}
{"op_code":5,"worker_id":"e2ae7316-e1e9-4803-8ea4-8681ffe6ab66-131047698626432","trial_id":29,"param_name":"k","param_value_internal":3,"distribution":"{\"name\": \"CategoricalDistribution\", \"attributes\": {\"choices\": [16, 32, 64, 128]}}"}
{"op_code":5,"worker_id":"e2ae7316-e1e9-4803-8ea4-8681ffe6ab66-131047698626432","trial_id":29,"param_name":"gx","param_value_internal":0,"distribution":"{\"name\": \"CategoricalDistribution\", \"attributes\": {\"choices\": [1, 2, 4, 8]}}"}
{"op_code":5,"worker_id":"e2ae7316-e1e9-4803-8ea4-8681ffe6ab66-131047698626432","trial_id":29,"param_name":"gy","param_value_internal":2,"distribution":"{\"name\": \"CategoricalDistribution\", \"attributes\": {\"choices\": [1, 2, 4, 8]}}"}
{"op_code":5,"worker_id":"e2ae7316-e1e9-4803-8ea4-8681ffe6ab66-131047698626432","trial_id":29,"param_name":"sub","param_value_internal":0,"distribution":"{\"name\": \"CategoricalDistribution\", \"attributes\": {\"choices\": [32]}}"}
{"op_code":8,"worker_id":"e2ae7316-e1e9-4803-8ea4-8681ffe6ab66-131047698626432","trial_id":29,"user_attr":{"token":"tsweep_t128x32k128g14s32"}}
{"op_code":4,"worker_id":"e2ae7316-e1e9-4803-8ea4-8681ffe6ab66-131047698626432","study_id":0,"datetime_start":"2026-09-17T22:14:57.304214+00:00"}
{"op_code":9,"worker_id":"e2ae7316-e1e9-4803-8ea4-8681ffe6ab66-131047698626432","trial_id":30,"system_attr":{"tpe:relative_params:0":"{\"gx\": 1, \"gy\": 8, \"k\": 128, \"m\": 128, \"n\": 64}"}}
{"op_code":5,"worker_id":"e2ae7316-e1e9-4803-8ea4-8681ffe6ab66-131047698626432","trial_id":30,"param_name":"m","param_value_internal":3,"distribution":"{\"name\": \"CategoricalDistribution\", \"attributes\": {\"choices\": [16, 32, 64, 128, 256]}}"}
{"op_code":5,"worker_id":"e2ae7316-e1e9-4803-8ea4-8681ffe6ab66-131047698626432","trial_id":30,"param_name":"n","param_value_internal":2,"distribution":"{\"name\": \"CategoricalDistribution\", \"attributes\": {\"choices\": [16, 32, 64, 128, 256]}}"}
{"op_code":5,"worker_id":"e2ae7316-e1e9-4803-8ea4-8681ffe6ab66-131047698626432","trial_id":30,"param_name":"k","param_value_internal":3,"distribution":"{\"name\": \"CategoricalDistribution\", \"attributes\": {\"choices\": [16, 32, 64, 128]}}"}
{"op_code":5,"worker_id":"e2ae7316-e1e9-4803-8ea4-8681ffe6ab66-131047698626432","trial_id":30,"param_name":"gx","param_value_internal":0,"distribution":"{\"name\": \"CategoricalDistribution\", \"attributes\": {\"choices\": [1, 2, 4, 8]}}"}
{"op_code":5,"worker_id":"e2ae7316-e1e9-4803-8ea4-8681ffe6ab66-131047698626432","trial_id":30,"param_name":"gy","param_value_internal":3,"distribution":"{\"name\": \"CategoricalDistribution\", \"attributes\": {\"choices\": [1, 2, 4, 8]}}"}
{"op_code":5,"worker_id":"e2ae7316-e1e9-4803-8ea4-8681ffe6ab66-131047698626432","trial_id":30,"param_name":"sub","param_value_internal":0,"distribution":"{\"name\": \"CategoricalDistribution\", \"attributes\": {\"choices\": [32]}}"}
{"op_code":6,"worker_id":"e2ae7316-e1e9-4803-8ea4-8681ffe6ab66-131047698626432","trial_id":30,"state":2,"values":null,"datetime_complete":"2026-09-17T22:14:57.318198+00:00"}
{"op_code":4,"worker_id":"e2ae7316-e1e9-4803-8ea4-8681ffe6ab66-131047698626432","study_id":0,"datetime_start":"2026-09-17T22:14:57.319772+00:00"}
{"op_code":9,"worker_id":"e2ae7316-e1e9-4803-8ea4-8681ffe6ab66-131047698626432","trial_id":31,"system_attr":{"tpe:relative_params:0":"{\"gx\": 2, \"gy\": 8, \"k\": 128, \"m\": 128, \"n\": 32}"}}
{"op_code":5,"worker_id":"e2ae7316-e1e9-4803-8ea4-8681ffe6ab66-131047698626432","trial_id":31,"param_name":"m","param_value_internal":3,"distribution":"{\"name\": \"CategoricalDistribution\", \"attributes\": {\"choices\": [16, 32, 64, 128, 256]}}"}
{"op_code":5,"worker_id":"e2ae7316-e1e9-4803-8ea4-8681ffe6ab66-131047698626432","trial_id":31,"param_name":"n","param_value_internal":1,"distribution":"{\"name\": \"CategoricalDistribution\", \"attributes\": {\"choices\": [16, 32, 64, 128, 256]}}"}
{"op_code":5,"worker_id":"e2ae7316-e1e9-4803-8ea4-8681ffe6ab66-131047698626432","trial_id":31,"param_name":"k","param_value_internal":3,"distribution":"{\"name\": \"CategoricalDistribution\", \"attributes\": {\"choices\": [16, 32, 64, 128]}}"}
{"op_code":5,"worker_id":"e2ae7316-e1e9-4803-8ea4-8681ffe6ab66-131047698626432","trial_id":31,"param_name":"gx","param_value_internal":1,"distribution":"{\"name\": \"CategoricalDistribution\", \"attributes\": {\"choices\": [1, 2, 4, 8]}}"}
{"op_code":5,"worker_id":"e2ae7316-e1e9-4803-8ea4-8681ffe6ab66-131047698626432","trial_id":31,"param_name":"gy","param_value_internal":3,"distribution":"{\"name\": \"CategoricalDistribution\", \"attributes\": {\"choices\": [1, 2, 4, 8]}}"}
{"op_code":5,"worker_id":"e2ae7316-e1e9-4803-8ea4-8681ffe6ab66-131047698626432","trial_id":31,"param_name":"sub","param_value_internal":0,"distribution":"{\"name\": \"CategoricalDistribution\", \"attributes\": {\"choices\": [32]}}"}
{"op_code":6,"worker_id":"e2ae7316-e1e9-4803-8ea4-8681ffe6ab66-131047698626432","trial_id":31,"state":2,"values":null,"datetime_complete":"2026-09-17T22:14:57.332263+00:00"}
{"op_code":4,"worker_id":"e2ae7316-e1e9-4803-8ea4-8681ffe6ab66-131047698626432","study_id":0,"datetime_start":"2026-09-17T22:14:57.333793+00:00"}
{"op_code":9,"worker_id":"e2ae7316-e1e9-4803-8ea4-8681ffe6ab66-131047698626432","trial_id":32,"system_attr":{"tpe:relative_params:0":"{\"gx\": 2, \"gy\": 4, \"k\": 16, \"m\": 64, \"n\": 256}"}}
{"op_code":5,"worker_id":"e2ae7316-e1e9-4803-8ea4-8681ffe6ab66-131047698626432","trial_id":32,"param_name":"m","param_value_internal":2,"distribution":"{\"name\": \"CategoricalDistribution\", \"attributes\": {\"choices\": [16, 32, 64, 128, 256]}}"}
{"op_code":5,"worker_id":"e2ae7316-e1e9-4803-8ea4-8681ffe6ab66-131047698626432","trial_id":32,"param_name":"n","param_value_internal":4,"distribution":"{\"name\": \"CategoricalDistribution\", \"attributes\": {\"choices\": [16, 32, 64, 128, 256]}}"}
{"op_code":5,"worker_id":"e2ae7316-e1e9-4803-8ea4-8681ffe6ab66-131047698626432","trial_id":32,"param_name":"k","param_value_internal":0,"distribution":"{\"name\": \"CategoricalDistribution\", \"attributes\": {\"choices\": [16, 32, 64, 128]}}"}
{"op_code":5,"worker_id":"e2ae7316-e1e9-4803-8ea4-8681ffe6ab66-131047698626432","trial_id":32,"param_name":"gx","param_value_internal":1,"distribution":"{\"name\": \"CategoricalDistribution\", \"attributes\": {\"choices\": [1, 2, 4, 8]}}"}
{"op_code":5,"worker_id":"e2ae7316-e1e9-4803-8ea4-8681ffe6ab66-131047698626432","trial_id":32,"param_name":"gy","param_value_internal":2,"distribution":"{\"name\": \"CategoricalDistribution\", \"attributes\": {\"choices\": [1, 2, 4, 8]}}"}
{"op_code":5,"worker_id":"e2ae7316-e1e9-4803-8ea4-8681ffe6ab66-131047698626432","trial_id":32,"param_name":"sub","param_value_internal":0,"distribution":"{\"name\": \"CategoricalDistribution\", \"attributes\": {\"choices\": [32]}}"}
{"op_code":6,"worker_id":"e2ae7316-e1e9-4803-8ea4-8681ffe6ab66-131047698626432","trial_id":32,"state":2,"values":null,"datetime_complete":"2026-09-17T22:14:57.346468+00:00"}
{"op_code":4,"worker_id":"e2ae7316-e1e9-4803-8ea4-8681ffe6ab66-131047698626432","study_id":0,"datetime_start":"2026-09-17T22:14:57.348044+00:00"}
{"op_code":9,"worker_id":"e2ae7316-e1e9-4803-8ea4-8681ffe6ab66-131047698626432","trial_id":33,"system_attr":{"tpe:relative_params:0":"{\"gx\": 1, \"gy\": 8, \"k\": 16, \"m\": 128, \"n\": 32}"}}
{"op_code":5,"worker_id":"e2ae7316-e1e9-4803-8ea4-8681ffe6ab66-131047698626432","trial_id":33,"param_name":"m","param_value_internal":3,"distribution":"{\"name\": \"CategoricalDistribution\", \"attributes\": {\"choices\": [16, 32, 64, 128, 256]}}"}
{"op_code":5,"worker_id":"e2ae7316-e1e9-4803-8ea4-8681ffe6ab66-131047698626432","trial_id":33,"param_name":"n","param_value_internal":1,"distribution":"{\"name\": \"CategoricalDistribution\", \"attributes\": {\"choices\": [16, 32, 64, 128, 256]}}"}
{"op_code":5,"worker_id":"e2ae7316-e1e9-4803-8ea4-8681ffe6ab66-131047698626432","trial_id":33,"param_name":"k","param_value_internal":0,"distribution":"{\"name\": \"CategoricalDistribution\", \"attributes\": {\"choices\": [16, 32, 64, 128]}}"}
{"op_code":5,"worker_id":"e2ae7316-e1e9-4803-8ea4-8681ffe6ab66-131047698626432","trial_id":33,"param_name":"gx","param_value_internal":0,"distribution":"{\"name\": \"CategoricalDistribution\", \"attributes\": {\"choices\": [1, 2, 4, 8]}}"}
{"op_code":5,"worker_id":"e2ae7316-e1e9-4803-8ea4-8681ffe6ab66-131047698626432","trial_id":33,"param_name":"gy","param_value_internal":3,"distribution":"{\"name\": \"CategoricalDistribution\", \"attributes\": {\"choices\": [1, 2, 4, 8]}}"}
{"op_code":5,"worker_id":"e2ae7316-e1e9-4803-8ea4-8681ffe6ab66-131047698626432","trial_id":33,"param_name":"sub","param_value_internal":0,"distribution":"{\"name\": \"CategoricalDistribution\", \"attributes\": {\"choices\": [32]}}"}
{"op_code":6,"worker_id":"e2ae7316-e1e9-4803-8ea4-8681ffe6ab66-131047698626432","trial_id":33,"state":2,"values":null,"datetime_complete":"2026-09-17T22:14:57.361002+00:00"}
{"op_code":4,"worker_id":"e2ae7316-e1e9-4803-8ea4-8681ffe6ab66-131047698626432","study_id":0,"datetime_start":"2026-09-17T22:14:57.362559+00:00"}
{"op_code":9,"worker_id":"e2ae7316-e1e9-4803-8ea4-8681ffe6ab66-131047698626432","trial_id":34,"system_attr":{"tpe:relative_params:0":"{\"gx\": 4, \"gy\": 8, \"k\": 64, \"m\": 128, \"n\": 256}"}}
{"op_code":5,"worker_id":"e2ae7316-e1e9-4803-8ea4-8681ffe6ab66-131047698626432","trial_id":34,"param_name":"m","param_value_internal":3,"distribution":"{\"name\": \"CategoricalDistribution\", \"attributes\": {\"choices\": [16, 32, 64, 128, 256]}}"}
{"op_code":5,"worker_id":"e2ae7316-e1e9-4803-8ea4-8681ffe6ab66-131047698626432","trial_id":34,"param_name":"n","param_value_internal":4,"distribution":"{\"name\": \"CategoricalDistribution\", \"attributes\": {\"choices\": [16, 32, 64, 128, 256]}}"}
{"op_code":5,"worker_id":"e2ae7316-e1e9-4803-8ea4-8681ffe6ab66-131047698626432","trial_id":34,"param_name":"k","param_value_internal":2,"distribution":"{\"name\": \"CategoricalDistribution\", \"attributes\": {\"choices\": [16, 32, 64, 128]}}"}
{"op_code":5,"worker_id":"e2ae7316-e1e9-4803-8ea4-8681ffe6ab66-131047698626432","trial_id":34,"param_name":"gx","param_value_internal":2,"distribution":"{\"name\": \"CategoricalDistribution\", \"attributes\": {\"choices\": [1, 2, 4, 8]}}"}
{"op_code":5,"worker_id":"e2ae7316-e1e9-4803-8ea4-8681ffe6ab66-131047698626432","trial_id":34,"param_name":"gy","param_value_internal":3,"distribution":"{\"name\": \"CategoricalDistribution\", \"attributes\": {\"choices\": [1, 2, 4, 8]}}"}
{"op_code":5,"worker_id":"e2ae7316-e1e9-4803-8ea4-8681ffe6ab66-131047698626432","trial_id":34,"param_name":"sub","param_value_internal":0,"distribution":"{\"name\": \"CategoricalDistribution\", \"attributes\": {\"choices\": [32]}}"}
{"op_code":6,"worker_id":"e2ae7316-e1e9-4803-8ea4-8681ffe6ab66-131047698626432","trial_id":34,"state":2,"values":null,"datetime_complete":"2026-09-17T22:14:57.375221+00:00"}
{"op_code":4,"worker_id":"e2ae7316-e1e9-4803-8ea4-8681ffe6ab66-131047698626432","study_id":0,"datetime_start":"2026-09-17T22:14:57.376793+00:00"}
{"op_code":9,"worker_id":"e2ae7316-e1e9-4803-8ea4-8681ffe6ab66-131047698626432","trial_id":35,"system_attr":{"tpe:relative_params:0":"{\"gx\": 4, \"gy\": 1, \"k\": 128, \"m\": 16, \"n\": 32}"}}
{"op_code":5,"worker_id":"e2ae7316-e1e9-4803-8ea4-8681ffe6ab66-131047698626432","trial_id":35,"param_name":"m","param_value_internal":0,"distribution":"{\"name\": \"CategoricalDistribution\", \"attributes\": {\"choices\": [16, 32, 64, 128, 256]}}"}
{"op_code":5,"worker_id":"e2ae7316-e1e9-4803-8ea4-8681ffe6ab66-131047698626432","trial_id":35,"param_name":"n","param_value_internal":1,"distribution":"{\"name\": \"CategoricalDistribution\", \"attributes\": {\"choices\": [16, 32, 64, 128, 256]}}"}
{"op_code":5,"worker_id":"e2ae7316-e1e9-4803-8ea4-8681ffe6ab66-131047698626432","trial_id":35,"param_name":"k","param_value_internal":3,"distribution":"{\"name\": \"CategoricalDistribution\", \"attributes\": {\"choices\": [16, 32, 64, 128]}}"}
{"op_code":5,"worker_id":"e2ae7316-e1e9-4803-8ea4-8681ffe6ab66-131047698626432","trial_id":35,"param_name":"gx","param_value_internal":2,"distribution":"{\"name\": \"CategoricalDistribution\", \"attributes\": {\"choices\": [1, 2, 4, 8]}}"}
{"op_code":5,"worker_id":"e2ae7316-e1e9-4803-8ea4-8681ffe6ab66-131047698626432","trial_id":35,"param_name":"gy","param_value_internal":0,"distribution":"{\"name\": \"CategoricalDistribution\", \"attributes\": {\"choices\": [1, 2, 4, 8]}}"}
{"op_code":5,"worker_id":"e2ae7316-e1e9-4803-8ea4-8681ffe6ab66-131047698626432","trial_id":35,"param_name":"sub","param_value_internal":0,"distribution":"{\"name\": \"CategoricalDistribution\", \"attributes\": {\"choices\": [32]}}"}
{"op_code":6,"worker_id":"e2ae7316-e1e9-4803-8ea4-8681ffe6ab66-131047698626432","trial_id":35,"state":2,"values":null,"datetime_complete":"2026-09-17T22:14:57.389676+00:00"}
{"op_code":4,"worker_id":"e2ae7316-e1e9-4803-8ea4-8681ffe6ab66-131047698626432","study_id":0,"datetime_start":"2026-09-17T22:14:57.391209+00:00"}
{"op_code":9,"worker_id":"e2ae7316-e1e9-4803-8ea4-8681ffe6ab66-131047698626432","trial_id":36,"system_attr":{"tpe:relative_params:0":"{\"gx\": 2, \"gy\": 4, \"k\": 32, \"m\": 16, \"n\": 32}"}}
{"op_code":5,"worker_id":"e2ae7316-e1e9-4803-8ea4-8681ffe6ab66-131047698626432","trial_id":36,"param_name":"m","param_value_internal":0,"distribution":"{\"name\": \"CategoricalDistribution\", \"attributes\": {\"choices\": [16, 32, 64, 128, 256]}}"}
{"op_code":5,"worker_id":"e2ae7316-e1e9-4803-8ea4-8681ffe6ab66-131047698626432","trial_id":36,"param_name":"n","param_value_internal":1,"distribution":"{\"name\": \"CategoricalDistribution\", \"attributes\": {\"choices\": [16, 32, 64, 128, 256]}}"}
{"op_code":5,"worker_id":"e2ae7316-e1e9-4803-8ea4-8681ffe6ab66-131047698626432","trial_id":36,"param_name":"k","param_value_internal":1,"distribution":"{\"name\": \"CategoricalDistribution\", \"attributes\": {\"choices\": [16, 32, 64, 128]}}"}
{"op_code":5,"worker_id":"e2ae7316-e1e9-4803-8ea4-8681ffe6ab66-131047698626432","trial_id":36,"param_name":"gx","param_value_internal":1,"distribution":"{\"name\": \"CategoricalDistribution\", \"attributes\": {\"choices\": [1, 2, 4, 8]}}"}
{"op_code":5,"worker_id":"e2ae7316-e1e9-4803-8ea4-8681ffe6ab66-131047698626432","trial_id":36,"param_name":"gy","param_value_internal":2,"distribution":"{\"name\": \"CategoricalDistribution\", \"attributes\": {\"choices\": [1, 2, 4, 8]}}"}
{"op_code":5,"worker_id":"e2ae7316-e1e9-4803-8ea4-8681ffe6ab66-131047698626432","trial_id":36,"param_name":"sub","param_value_internal":0,"distribution":"{\"name\": \"CategoricalDistribution\", \"attributes\": {\"choices\": [32]}}"}
{"op_code":6,"worker_id":"e2ae7316-e1e9-4803-8ea4-8681ffe6ab66-131047698626432","trial_id":36,"state":2,"values":null,"datetime_complete":"2026-09-17T22:14:57.404194+00:00"}
{"op_code":4,"worker_id":"e2ae7316-e1e9-4803-8ea4-8681ffe6ab66-131047698626432","study_id":0,"datetime_start":"2026-09-17T22:14:57.405794+00:00"}
{"op_code":9,"worker_id":"e2ae7316-e1e9-4803-8ea4-8681ffe6ab66-131047698626432","trial_id":37,"system_attr":{"tpe:relative_params:0":"{\"gx\": 4, \"gy\": 8, \"k\": 128, \"m\": 128, \"n\": 16}"}}
{"op_code":5,"worker_id":"e2ae7316-e1e9-4803-8ea4-8681ffe6ab66-131047698626432","trial_id":37,"param_name":"m","param_value_internal":3,"distribution":"{\"name\": \"CategoricalDistribution\", \"attributes\": {\"choices\": [16, 32, 64, 128, 256]}}"}
{"op_code":5,"worker_id":"e2ae7316-e1e9-4803-8ea4-8681ffe6ab66-131047698626432","trial_id":37,"param_name":"n","param_value_internal":0,"distribution":"{\"name\": \"CategoricalDistribution\", \"attributes\": {\"choices\": [16, 32, 64, 128, 256]}}"}
{"op_code":5,"worker_id":"e2ae7316-e1e9-4803-8ea4-8681ffe6ab66-131047698626432","trial_id":37,"param_name":"k","param_value_internal":3,"distribution":"{\"name\": \"CategoricalDistribution\", \"attributes\": {\"choices\": [16, 32, 64, 128]}}"}
{"op_code":5,"worker_id":"e2ae7316-e1e9-4803-8ea4-8681ffe6ab66-131047698626432","trial_id":37,"param_name":"gx","param_value_internal":2,"distribution":"{\"name\": \"CategoricalDistribution\", \"attributes\": {\"choices\": [1, 2, 4, 8]}}"}
{"op_code":5,"worker_id":"e2ae7316-e1e9-4803-8ea4-8681ffe6ab66-131047698626432","trial_id":37,"param_name":"gy","param_value_internal":3,"distribution":"{\"name\": \"CategoricalDistribution\", \"attributes\": {\"choices\": [1, 2, 4, 8]}}"}
{"op_code":5,"worker_id":"e2ae7316-e1e9-4803-8ea4-8681ffe6ab66-131047698626432","trial_id":37,"param_name":"sub","param_value_internal":0,"distribution":"{\"name\": \"CategoricalDistribution\", \"attributes\": {\"choices\": [32]}}"}
{"op_code":6,"worker_id":"e2ae7316-e1e9-4803-8ea4-8681ffe6ab66-131047698626432","trial_id":37,"state":2,"values":null,"datetime_complete":"2026-09-17T22:14:57.419137+00:00"}
{"op_code":4,"worker_id":"e2ae7316-e1e9-4803-8ea4-8681ffe6ab66-131047698626432","study_id":0,"datetime_start":"2026-09-17T22:14:57.420790+00:00"}
{"op_code":9,"worker_id":"e2ae7316-e1e9-4803-8ea4-8681ffe6ab66-131047698626432","trial_id":38,"system_attr":{"tpe:relative_params:0":"{\"gx\": 8, \"gy\": 4, \"k\": 128, \"m\": 64, \"n\": 64}"}}
{"op_code":5,"worker_id":"e2ae7316-e1e9-4803-8ea4-8681ffe6ab66-131047698626432","trial_id":38,"param_name":"m","param_value_internal":2,"distribution":"{\"name\": \"CategoricalDistribution\", \"attributes\": {\"choices\": [16, 32, 64, 128, 256]}}"}
{"op_code":5,"worker_id":"e2ae7316-e1e9-4803-8ea4-8681ffe6ab66-131047698626432","trial_id":38,"param_name":"n","param_value_internal":2,"distribution":"{\"name\": \"CategoricalDistribution\", \"attributes\": {\"choices\": [16, 32, 64, 128, 256]}}"}
{"op_code":5,"worker_id":"e2ae7316-e1e9-4803-8ea4-8681ffe6ab66-131047698626432","trial_id":38,"param_name":"k","param_value_internal":3,"distribution":"{\"name\": \"CategoricalDistribution\", \"attributes\": {\"choices\": [16, 32, 64, 128]}}"}
{"op_code":5,"worker_id":"e2ae7316-e1e9-4803-8ea4-8681ffe6ab66-131047698626432","trial_id":38,"param_name":"gx","param_value_internal":3,"distribution":"{\"name\": \"CategoricalDistribution\", \"attributes\": {\"choices\": [1, 2, 4, 8]}}"}
{"op_code":5,"worker_id":"e2ae7316-e1e9-4803-8ea4-8681ffe6ab66-131047698626432","trial_id":38,"param_name":"gy","param_value_internal":2,"distribution":"{\"name\": \"CategoricalDistribution\", \"attributes\": {\"choices\": [1, 2, 4, 8]}}"}
{"op_code":5,"worker_id":"e2ae7316-e1e9-4803-8ea4-8681ffe6ab66-131047698626432","trial_id":38,"param_name":"sub","param_value_internal":0,"distribution":"{\"name\": \"CategoricalDistribution\", \"attributes\": {\"choices\": [32]}}"}
{"op_code":6,"worker_id":"e2ae7316-e1e9-4803-8ea4-8681ffe6ab66-131047698626432","trial_id":38,"state":2,"values":null,"datetime_complete":"2026-09-17T22:14:57.434086+00:00"}
{"op_code":4,"worker_id":"e2ae7316-e1e9-4803-8ea4-8681ffe6ab66-131047698626432","study_id":0,"datetime_start":"2026-09-17T22:14:57.435745+00:00"}
{"op_code":9,"worker_id":"e2ae7316-e1e9-4803-8ea4-8681ffe6ab66-131047698626432","trial_id":39,"system_attr":{"tpe:relative_params:0":"{\"gx\": 2, \"gy\": 8, \"k\": 16, \"m\": 256, \"n\": 64}"}}
{"op_code":5,"worker_id":"e2ae7316-e1e9-4803-8ea4-8681ffe6ab66-131047698626432","trial_id":39,"param_name":"m","param_value_internal":4,"distribution":"{\"name\": \"CategoricalDistribution\", \"attributes\": {\"choices\": [16, 32, 64, 128, 256]}}"}
{"op_code":5,"worker_id":"e2ae7316-e1e9-4803-8ea4-8681ffe6ab66-131047698626432","trial_id":39,"param_name":"n","param_value_internal":2,"distribution":"{\"name\": \"CategoricalDistribution\", \"attributes\": {\"choices\": [16, 32, 64, 128, 256]}}"}
{"op_code":5,"worker_id":"e2ae7316-e1e9-4803-8ea4-8681ffe6ab66-131047698626432","trial_id":39,"param_name":"k","param_value_internal":0,"distribution":"{\"name\": \"CategoricalDistribution\", \"attributes\": {\"choices\": [16, 32, 64, 128]}}"}
{"op_code":5,"worker_id":"e2ae7316-e1e9-4803-8ea4-8681ffe6ab66-131047698626432","trial_id":39,"param_name":"gx","param_value_internal":1,"distribution":"{\"name\": \"CategoricalDistribution\", \"attributes\": {\"choices\": [1, 2, 4, 8]}}"}
{"op_code":5,"worker_id":"e2ae7316-e1e9-4803-8ea4-8681ffe6ab66-131047698626432","trial_id":39,"param_name":"gy","param_value_internal":3,"distribution":"{\"name\": \"CategoricalDistribution\", \"attributes\": {\"choices\": [1, 2, 4, 8]}}"}
{"op_code":5,"worker_id":"e2ae7316-e1e9-4803-8ea4-8681ffe6ab66-131047698626432","trial_id":39,"param_name":"sub","param_value_internal":0,"distribution":"{\"name\": \"CategoricalDistribution\", \"attributes\": {\"choices\": [32]}}"}
{"op_code":6,"worker_id":"e2ae7316-e1e9-4803-8ea4-8681ffe6ab66-131047698626432","trial_id":39,"state":2,"values":null,"datetime_complete":"2026-09-17T22:14:57.449402+00:00"}
{"op_code":4,"worker_id":"e2ae7316-e1e9-4803-8ea4-8681ffe6ab66-131047698626432","study_id":0,"datetime_start":"2026-09-17T22:14:57.451079+00:00"}
{"op_code":9,"worker_id":"e2ae7316-e1e9-4803-8ea4-8681ffe6ab66-131047698626432","trial_id":40,"system_attr":{"tpe:relative_params:0":"{\"gx\": 2, \"gy\": 1, \"k\": 64, \"m\": 256, \"n\": 32}"}}
{"op_code":5,"worker_id":"e2ae7316-e1e9-4803-8ea4-8681ffe6ab66-131047698626432","trial_id":40,"param_name":"m","param_value_internal":4,"distribution":"{\"name\": \"CategoricalDistribution\", \"attributes\": {\"choices\": [16, 32, 64, 128, 256]}}"}
{"op_code":5,"worker_id":"e2ae7316-e1e9-4803-8ea4-8681ffe6ab66-131047698626432","trial_id":40,"param_name":"n","param_value_internal":1,"distribution":"{\"name\": \"CategoricalDistribution\", \"attributes\": {\"choices\": [16, 32, 64, 128, 256]}}"}
{"op_code":5,"worker_id":"e2ae7316-e1e9-4803-8ea4-8681ffe6ab66-131047698626432","trial_id":40,"param_name":"k","param_value_internal":2,"distribution":"{\"name\": \"CategoricalDistribution\", \"attributes\": {\"choices\": [16, 32, 64, 128]}}"}
{"op_code":5,"worker_id":"e2ae7316-e1e9-4803-8ea4-8681ffe6ab66-131047698626432","trial_id":40,"param_name":"gx","param_value_internal":1,"distribution":"{\"name\": \"CategoricalDistribution\", \"attributes\": {\"choices\": [1, 2, 4, 8]}}"}
{"op_code":5,"worker_id":"e2ae7316-e1e9-4803-8ea4-8681ffe6ab66-131047698626432","trial_id":40,"param_name":"gy","param_value_internal":0,"distribution":"{\"name\": \"CategoricalDistribution\", \"attributes\": {\"choices\": [1, 2, 4, 8]}}"}
{"op_code":5,"worker_id":"e2ae7316-e1e9-4803-8ea4-8681ffe6ab66-131047698626432","trial_id":40,"param_name":"sub","param_value_internal":0,"distribution":"{\"name\": \"CategoricalDistribution\", \"attributes\": {\"choices\": [32]}}"}
{"op_code":8,"worker_id":"e2ae7316-e1e9-4803-8ea4-8681ffe6ab66-131047698626432","trial_id":40,"user_attr":{"token":"tsweep_t256x32k64g21s32"}}
{"op_code":4,"worker_id":"e2ae7316-e1e9-4803-8ea4-8681ffe6ab66-131047698626432","study_id":0,"datetime_start":"2026-09-17T22:14:57.466413+00:00"}
{"op_code":9,"worker_id":"e2ae7316-e1e9-4803-8ea4-8681ffe6ab66-131047698626432","trial_id":41,"system_attr":{"tpe:relative_params:0":"{\"gx\": 2, \"gy\": 8, \"k\": 64, \"m\": 256, \"n\": 128}"}}
{"op_code":5,"worker_id":"e2ae7316-e1e9-4803-8ea4-8681ffe6ab66-131047698626432","trial_id":41,"param_name":"m","param_value_internal":4,"distribution":"{\"name\": \"CategoricalDistribution\", \"attributes\": {\"choices\": [16, 32, 64, 128, 256]}}"}
{"op_code":5,"worker_id":"e2ae7316-e1e9-4803-8ea4-8681ffe6ab66-131047698626432","trial_id":41,"param_name":"n","param_value_internal":3,"distribution":"{\"name\": \"CategoricalDistribution\", \"attributes\": {\"choices\": [16, 32, 64, 128, 256]}}"}
{"op_code":5,"worker_id":"e2ae7316-e1e9-4803-8ea4-8681ffe6ab66-131047698626432","trial_id":41,"param_name":"k","param_value_internal":2,"distribution":"{\"name\": \"CategoricalDistribution\", \"attributes\": {\"choices\": [16, 32, 64, 128]}}"}
{"op_code":5,"worker_id":"e2ae7316-e1e9-4803-8ea4-8681ffe6ab66-131047698626432","trial_id":41,"param_name":"gx","param_value_internal":1,"distribution":"{\"name\": \"CategoricalDistribution\", \"attributes\": {\"choices\": [1, 2, 4, 8]}}"}
{"op_code":5,"worker_id":"e2ae7316-e1e9-4803-8ea4-8681ffe6ab66-131047698626432","trial_id":41,"param_name":"gy","param_value_internal":3,"distribution":"{\"name\": \"CategoricalDistribution\", \"attributes\": {\"choices\": [1, 2, 4, 8]}}"}
{"op_code":5,"worker_id":"e2ae7316-e1e9-4803-8ea4-8681ffe6ab66-131047698626432","trial_id":41,"param_name":"sub","param_value_internal":0,"distribution":"{\"name\": \"CategoricalDistribution\", \"attributes\": {\"choices\": [32]}}"}
{"op_code":6,"worker_id":"e2ae7316-e1e9-4803-8ea4-8681ffe6ab66-131047698626432","trial_id":41,"state":2,"values":null,"datetime_complete":"2026-09-17T22:14:57.479614+00:00"}
{"op_code":4,"worker_id":"e2ae7316-e1e9-4803-8ea4-8681ffe6ab66-131047698626432","study_id":0,"datetime_start":"2026-09-17T22:14:57.481270+00:00"}
{"op_code":9,"worker_id":"e2ae7316-e1e9-4803-8ea4-8681ffe6ab66-131047698626432","trial_id":42,"system_attr":{"tpe:relative_params:0":"{\"gx\": 2, \"gy\": 8, \"k\": 16, \"m\": 256, \"n\": 32}"}}
{"op_code":5,"worker_id":"e2ae7316-e1e9-4803-8ea4-8681ffe6ab66-131047698626432","trial_id":42,"param_name":"m","param_value_internal":4,"distribution":"{\"name\": \"CategoricalDistribution\", \"attributes\": {\"choices\": [16, 32, 64, 128, 256]}}"}
{"op_code":5,"worker_id":"e2ae7316-e1e9-4803-8ea4-8681ffe6ab66-131047698626432","trial_id":42,"param_name":"n","param_value_internal":1,"distribution":"{\"name\": \"CategoricalDistribution\", \"attributes\": {\"choices\": [16, 32, 64, 128, 256]}}"}
{"op_code":5,"worker_id":"e2ae7316-e1e9-4803-8ea4-8681ffe6ab66-131047698626432","trial_id":42,"param_name":"k","param_value_internal":0,"distribution":"{\"name\": \"CategoricalDistribution\", \"attributes\": {\"choices\": [16, 32, 64, 128]}}"}
{"op_code":5,"worker_id":"e2ae7316-e1e9-4803-8ea4-8681ffe6ab66-131047698626432","trial_id":42,"param_name":"gx","param_value_internal":1,"distribution":"{\"name\": \"CategoricalDistribution\", \"attributes\": {\"choices\": [1, 2, 4, 8]}}"}
{"op_code":5,"worker_id":"e2ae7316-e1e9-4803-8ea4-8681ffe6ab66-131047698626432","trial_id":42,"param_name":"gy","param_value_internal":3,"distribution":"{\"name\": \"CategoricalDistribution\", \"attributes\": {\"choices\": [1, 2, 4, 8]}}"}
{"op_code":5,"worker_id":"e2ae7316-e1e9-4803-8ea4-8681ffe6ab66-131047698626432","trial_id":42,"param_name":"sub","param_value_internal":0,"distribution":"{\"name\": \"CategoricalDistribution\", \"attributes\": {\"choices\": [32]}}"}
{"op_code":6,"worker_id":"e2ae7316-e1e9-4803-8ea4-8681ffe6ab66-131047698626432","trial_id":42,"state":2,"values":null,"datetime_complete":"2026-09-17T22:14:57.494864+00:00"}
{"op_code":4,"worker_id":"e2ae7316-e1e9-4803-8ea4-8681ffe6ab66-131047698626432","study_id":0,"datetime_start":"2026-09-17T22:14:57.496561+00:00"}
{"op_code":9,"worker_id":"e2ae7316-e1e9-4803-8ea4-8681ffe6ab66-131047698626432","trial_id":43,"system_attr":{"tpe:relative_params:0":"{\"gx\": 8, \"gy\": 8, \"k\": 16, \"m\": 128, \"n\": 128}"}}
{"op_code":5,"worker_id":"e2ae7316-e1e9-4803-8ea4-8681ffe6ab66-131047698626432","trial_id":43,"param_name":"m","param_value_internal":3,"distribution":"{\"name\": \"CategoricalDistribution\", \"attributes\": {\"choices\": [16, 32, 64, 128, 256]}}"}
{"op_code":5,"worker_id":"e2ae7316-e1e9-4803-8ea4-8681ffe6ab66-131047698626432","trial_id":43,"param_name":"n","param_value_internal":3,"distribution":"{\"name\": \"CategoricalDistribution\", \"attributes\": {\"choices\": [16, 32, 64, 128, 256]}}"}
{"op_code":5,"worker_id":"e2ae7316-e1e9-4803-8ea4-8681ffe6ab66-131047698626432","trial_id":43,"param_name":"k","param_value_internal":0,"distribution":"{\"name\": \"CategoricalDistribution\", \"attributes\": {\"choices\": [16, 32, 64, 128]}}"}
{"op_code":5,"worker_id":"e2ae7316-e1e9-4803-8ea4-8681ffe6ab66-131047698626432","trial_id":43,"param_name":"gx","param_value_internal":3,"distribution":"{\"name\": \"CategoricalDistribution\", \"attributes\": {\"choices\": [1, 2, 4, 8]}}"}
{"op_code":5,"worker_id":"e2ae7316-e1e9-4803-8ea4-8681ffe6ab66-131047698626432","trial_id":43,"param_name":"gy","param_value_internal":3,"distribution":"{\"name\": \"CategoricalDistribution\", \"attributes\": {\"choices\": [1, 2, 4, 8]}}"}
{"op_code":5,"worker_id":"e2ae7316-e1e9-4803-8ea4-8681ffe6ab66-131047698626432","trial_id":43,"param_name":"sub","param_value_internal":0,"distribution":"{\"name\": \"CategoricalDistribution\", \"attributes\": {\"choices\": [32]}}"}
{"op_code":6,"worker_id":"e2ae7316-e1e9-4803-8ea4-8681ffe6ab66-131047698626432","trial_id":43,"state":2,"values":null,"datetime_complete":"2026-09-17T22:14:57.510120+00:00"}
{"op_code":4,"worker_id":"e2ae7316-e1e9-4803-8ea4-8681ffe6ab66-131047698626432","study_id":0,"datetime_start":"2026-09-17T22:14:57.511785+00:00"}
{"op_code":9,"worker_id":"e2ae7316-e1e9-4803-8ea4-8681ffe6ab66-131047698626432","trial_id":44,"system_attr":{"tpe:relative_params:0":"{\"gx\": 2, \"gy\": 8, \"k\": 16, \"m\": 64, \"n\": 128}"}}
{"op_code":5,"worker_id":"e2ae7316-e1e9-4803-8ea4-8681ffe6ab66-131047698626432","trial_id":44,"param_name":"m","param_value_internal":2,"distribution":"{\"name\": \"CategoricalDistribution\", \"attributes\": {\"choices\": [16, 32, 64, 128, 256]}}"}
{"op_code":5,"worker_id":"e2ae7316-e1e9-4803-8ea4-8681ffe6ab66-131047698626432","trial_id":44,"param_name":"n","param_value_internal":3,"distribution":"{\"name\": \"CategoricalDistribution\", \"attributes\": {\"choices\": [16, 32, 64, 128, 256]}}"}
{"op_code":5,"worker_id":"e2ae7316-e1e9-4803-8ea4-8681ffe6ab66-131047698626432","trial_id":44,"param_name":"k","param_value_internal":0,"distribution":"{\"name\": \"CategoricalDistribution\", \"attributes\": {\"choices\": [16, 32, 64, 128]}}"}
{"op_code":5,"worker_id":"e2ae7316-e1e9-4803-8ea4-8681ffe6ab66-131047698626432","trial_id":44,"param_name":"gx","param_value_internal":1,"distribution":"{\"name\": \"CategoricalDistribution\", \"attributes\": {\"choices\": [1, 2, 4, 8]}}"}
{"op_code":5,"worker_id":"e2ae7316-e1e9-4803-8ea4-8681ffe6ab66-131047698626432","trial_id":44,"param_name":"gy","param_value_internal":3,"distribution":"{\"name\": \"CategoricalDistribution\", \"attributes\": {\"choices\": [1, 2, 4, 8]}}"}
{"op_code":5,"worker_id":"e2ae7316-e1e9-4803-8ea4-8681ffe6ab66-131047698626432","trial_id":44,"param_name":"sub","param_value_internal":0,"distribution":"{\"name\": \"CategoricalDistribution\", \"attributes\": {\"choices\": [32]}}"}
{"op_code":6,"worker_id":"e2ae7316-e1e9-4803-8ea4-8681ffe6ab66-131047698626432","trial_id":44,"state":2,"values":null,"datetime_complete":"2026-09-17T22:14:57.525146+00:00"}
{"op_code":4,"worker_id":"e2ae7316-e1e9-4803-8ea4-8681ffe6ab66-131047698626432","study_id":0,"datetime_start":"2026-09-17T22:14:57.526859+00:00"}
{"op_code":9,"worker_id":"e2ae7316-e1e9-4803-8ea4-8681ffe6ab66-131047698626432","trial_id":45,"system_attr":{"tpe:relative_params:0":"{\"gx\": 2, \"gy\": 1, \"k\": 16, \"m\": 128, \"n\": 16}"}}
{"op_code":5,"worker_id":"e2ae7316-e1e9-4803-8ea4-8681ffe6ab66-131047698626432","trial_id":45,"param_name":"m","param_value_internal":3,"distribution":"{\"name\": \"CategoricalDistribution\", \"attributes\": {\"choices\": [16, 32, 64, 128, 256]}}"}
{"op_code":5,"worker_id":"e2ae7316-e1e9-4803-8ea4-8681ffe6ab66-131047698626432","trial_id":45,"param_name":"n","param_value_internal":0,"distribution":"{\"name\": \"CategoricalDistribution\", \"attributes\": {\"choices\": [16, 32, 64, 128, 256]}}"}
{"op_code":5,"worker_id":"e2ae7316-e1e9-4803-8ea4-8681ffe6ab66-131047698626432","trial_id":45,"param_name":"k","param_value_internal":0,"distribution":"{\"name\": \"CategoricalDistribution\", \"attributes\": {\"choices\": [16, 32, 64, 128]}}"}
{"op_code":5,"worker_id":"e2ae7316-e1e9-4803-8ea4-8681ffe6ab66-131047698626432","trial_id":45,"param_name":"gx","param_value_internal":1,"distribution":"{\"name\": \"CategoricalDistribution\", \"attributes\": {\"choices\": [1, 2, 4, 8]}}"}
{"op_code":5,"worker_id":"e2ae7316-e1e9-4803-8ea4-8681ffe6ab66-131047698626432","trial_id":45,"param_name":"gy","param_value_internal":0,"distribution":"{\"name\": \"CategoricalDistribution\", \"attributes\": {\"choices\": [1, 2, 4, 8]}}"}
{"op_code":5,"worker_id":"e2ae7316-e1e9-4803-8ea4-8681ffe6ab66-131047698626432","trial_id":45,"param_name":"sub","param_value_internal":0,"distribution":"{\"name\": \"CategoricalDistribution\", \"attributes\": {\"choices\": [32]}}"}
{"op_code":6,"worker_id":"e2ae7316-e1e9-4803-8ea4-8681ffe6ab66-131047698626432","trial_id":45,"state":2,"values":null,"datetime_complete":"2026-09-17T22:14:57.540705+00:00"}
{"op_code":4,"worker_id":"e2ae7316-e1e9-4803-8ea4-8681ffe6ab66-131047698626432","study_id":0,"datetime_start":"2026-09-17T22:14:57.542428+00:00"}
{"op_code":9,"worker_id":"e2ae7316-e1e9-4803-8ea4-8681ffe6ab66-131047698626432","trial_id":46,"system_attr":{"tpe:relative_params:0":"{\"gx\": 1, \"gy\": 1, \"k\": 32, \"m\": 16, \"n\": 256}"}}
{"op_code":5,"worker_id":"e2ae7316-e1e9-4803-8ea4-8681ffe6ab66-131047698626432","trial_id":46,"param_name":"m","param_value_internal":0,"distribution":"{\"name\": \"CategoricalDistribution\", \"attributes\": {\"choices\": [16, 32, 64, 128, 256]}}"}
{"op_code":5,"worker_id":"e2ae7316-e1e9-4803-8ea4-8681ffe6ab66-131047698626432","trial_id":46,"param_name":"n","param_value_internal":4,"distribution":"{\"name\": \"CategoricalDistribution\", \"attributes\": {\"choices\": [16, 32, 64, 128, 256]}}"}
{"op_code":5,"worker_id":"e2ae7316-e1e9-4803-8ea4-8681ffe6ab66-131047698626432","trial_id":46,"param_name":"k","param_value_internal":1,"distribution":"{\"name\": \"CategoricalDistribution\", \"attributes\": {\"choices\": [16, 32, 64, 128]}}"}
{"op_code":5,"worker_id":"e2ae7316-e1e9-4803-8ea4-8681ffe6ab66-131047698626432","trial_id":46,"param_name":"gx","param_value_internal":0,"distribution":"{\"name\": \"CategoricalDistribution\", \"attributes\": {\"choices\": [1, 2, 4, 8]}}"}
{"op_code":5,"worker_id":"e2ae7316-e1e9-4803-8ea4-8681ffe6ab66-131047698626432","trial_id":46,"param_name":"gy","param_value_internal":0,"distribution":"{\"name\": \"CategoricalDistribution\", \"attributes\": {\"choices\": [1, 2, 4, 8]}}"}
{"op_code":5,"worker_id":"e2ae7316-e1e9-4803-8ea4-8681ffe6ab66-131047698626432","trial_id":46,"param_name":"sub","param_value_internal":0,"distribution":"{\"name\": \"CategoricalDistribution\", \"attributes\": {\"choices\": [32]}}"}
{"op_code":8,"worker_id":"e2ae7316-e1e9-4803-8ea4-8681ffe6ab66-131047698626432","trial_id":46,"user_attr":{"token":"tsweep_t16x256k32g11s32"}}
{"op_code":4,"worker_id":"e2ae7316-e1e9-4803-8ea4-8681ffe6ab66-131047698626432","study_id":0,"datetime_start":"2026-09-17T22:14:57.557526+00:00"}
{"op_code":9,"worker_id":"e2ae7316-e1e9-4803-8ea4-8681ffe6ab66-131047698626432","trial_id":47,"system_attr":{"tpe:relative_params:0":"{\"gx\": 1, \"gy\": 1, \"k\": 32, \"m\": 256, \"n\": 128}"}}
{"op_code":5,"worker_id":"e2ae7316-e1e9-4803-8ea4-8681ffe6ab66-131047698626432","trial_id":47,"param_name":"m","param_value_internal":4,"distribution":"{\"name\": \"CategoricalDistribution\", \"attributes\": {\"choices\": [16, 32, 64, 128, 256]}}"}
{"op_code":5,"worker_id":"e2ae7316-e1e9-4803-8ea4-8681ffe6ab66-131047698626432","trial_id":47,"param_name":"n","param_value_internal":3,"distribution":"{\"name\": \"CategoricalDistribution\", \"attributes\": {\"choices\": [16, 32, 64, 128, 256]}}"}
{"op_code":5,"worker_id":"e2ae7316-e1e9-4803-8ea4-8681ffe6ab66-131047698626432","trial_id":47,"param_name":"k","param_value_internal":1,"distribution":"{\"name\": \"CategoricalDistribution\", \"attributes\": {\"choices\": [16, 32, 64, 128]}}"}
{"op_code":5,"worker_id":"e2ae7316-e1e9-4803-8ea4-8681ffe6ab66-131047698626432","trial_id":47,"param_name":"gx","param_value_internal":0,"distribution":"{\"name\": \"CategoricalDistribution\", \"attributes\": {\"choices\": [1, 2, 4, 8]}}"}
{"op_code":5,"worker_id":"e2ae7316-e1e9-4803-8ea4-8681ffe6ab66-131047698626432","trial_id":47,"param_name":"gy","param_value_internal":0,"distribution":"{\"name\": \"CategoricalDistribution\", \"attributes\": {\"choices\": [1, 2, 4, 8]}}"}
{"op_code":5,"worker_id":"e2ae7316-e1e9-4803-8ea4-8681ffe6ab66-131047698626432","trial_id":47,"param_name":"sub","param_value_internal":0,"distribution":"{\"name\": \"CategoricalDistribution\", \"attributes\": {\"choices\": [32]}}"}
{"op_code":8,"worker_id":"e2ae7316-e1e9-4803-8ea4-8681ffe6ab66-131047698626432","trial_id":47,"user_attr":{"token":"tsweep_t256x128k32g11s32"}}
{"op_code":4,"worker_id":"e2ae7316-e1e9-4803-8ea4-8681ffe6ab66-131047698626432","study_id":0,"datetime_start":"2026-09-17T22:14:57.572839+00:00"}
{"op_code":9,"worker_id":"e2ae7316-e1e9-4803-8ea4-8681ffe6ab66-131047698626432","trial_id":48,"system_attr":{"tpe:relative_params:0":"{\"gx\": 1, \"gy\": 8, \"k\": 128, \"m\": 256, \"n\": 16}"}}
{"op_code":5,"worker_id":"e2ae7316-e1e9-4803-8ea4-8681ffe6ab66-131047698626432","trial_id":48,"param_name":"m","param_value_internal":4,"distribution":"{\"name\": \"CategoricalDistribution\", \"attributes\": {\"choices\": [16, 32, 64, 128, 256]}}"}
{"op_code":5,"worker_id":"e2ae7316-e1e9-4803-8ea4-8681ffe6ab66-131047698626432","trial_id":48,"param_name":"n","param_value_internal":0,"distribution":"{\"name\": \"CategoricalDistribution\", \"attributes\": {\"choices\": [16, 32, 64, 128, 256]}}"}
{"op_code":5,"worker_id":"e2ae7316-e1e9-4803-8ea4-8681ffe6ab66-131047698626432","trial_id":48,"param_name":"k","param_value_internal":3,"distribution":"{\"name\": \"CategoricalDistribution\", \"attributes\": {\"choices\": [16, 32, 64, 128]}}"}
{"op_code":5,"worker_id":"e2ae7316-e1e9-4803-8ea4-8681ffe6ab66-131047698626432","trial_id":48,"param_name":"gx","param_value_internal":0,"distribution":"{\"name\": \"CategoricalDistribution\", \"attributes\": {\"choices\": [1, 2, 4, 8]}}"}
{"op_code":5,"worker_id":"e2ae7316-e1e9-4803-8ea4-8681ffe6ab66-131047698626432","trial_id":48,"param_name":"gy","param_value_internal":3,"distribution":"{\"name\": \"CategoricalDistribution\", \"attributes\": {\"choices\": [1, 2, 4, 8]}}"}
{"op_code":5,"worker_id":"e2ae7316-e1e9-4803-8ea4-8681ffe6ab66-131047698626432","trial_id":48,"param_name":"sub","param_value_internal":0,"distribution":"{\"name\": \"CategoricalDistribution\", \"attributes\": {\"choices\": [32]}}"}
{"op_code":6,"worker_id":"e2ae7316-e1e9-4803-8ea4-8681ffe6ab66-131047698626432","trial_id":48,"state":2,"values":null,"datetime_complete":"2026-09-17T22:14:57.586810+00:00"}
{"op_code":4,"worker_id":"e2ae7316-e1e9-4803-8ea4-8681ffe6ab66-131047698626432","study_id":0,"datetime_start":"2026-09-17T22:14:57.588566+00:00"}
{"op_code":9,"worker_id":"e2ae7316-e1e9-4803-8ea4-8681ffe6ab66-131047698626432","trial_id":49,"system_attr":{"tpe:relative_params:0":"{\"gx\": 1, \"gy\": 4, \"k\": 16, \"m\": 16, \"n\": 32}"}}
{"op_code":5,"worker_id":"e2ae7316-e1e9-4803-8ea4-8681ffe6ab66-131047698626432","trial_id":49,"param_name":"m","param_value_internal":0,"distribution":"{\"name\": \"CategoricalDistribution\", \"attributes\": {\"choices\": [16, 32, 64, 128, 256]}}"}
{"op_code":5,"worker_id":"e2ae7316-e1e9-4803-8ea4-8681ffe6ab66-131047698626432","trial_id":49,"param_name":"n","param_value_internal":1,"distribution":"{\"name\": \"CategoricalDistribution\", \"attributes\": {\"choices\": [16, 32, 64, 128, 256]}}"}
{"op_code":5,"worker_id":"e2ae7316-e1e9-4803-8ea4-8681ffe6ab66-131047698626432","trial_id":49,"param_name":"k","param_value_internal":0,"distribution":"{\"name\": \"CategoricalDistribution\", \"attributes\": {\"choices\": [16, 32, 64, 128]}}"}
{"op_code":5,"worker_id":"e2ae7316-e1e9-4803-8ea4-8681ffe6ab66-131047698626432","trial_id":49,"param_name":"gx","param_value_internal":0,"distribution":"{\"name\": \"CategoricalDistribution\", \"attributes\": {\"choices\": [1, 2, 4, 8]}}"}
{"op_code":5,"worker_id":"e2ae7316-e1e9-4803-8ea4-8681ffe6ab66-131047698626432","trial_id":49,"param_name":"gy","param_value_internal":2,"distribution":"{\"name\": \"CategoricalDistribution\", \"attributes\": {\"choices\": [1, 2, 4, 8]}}"}
{"op_code":5,"worker_id":"e2ae7316-e1e9-4803-8ea4-8681ffe6ab66-131047698626432","trial_id":49,"param_name":"sub","param_value_internal":0,"distribution":"{\"name\": \"CategoricalDistribution\", \"attributes\": {\"choices\": [32]}}"}
{"op_code":6,"worker_id":"e2ae7316-e1e9-4803-8ea4-8681ffe6ab66-131047698626432","trial_id":49,"state":2,"values":null,"datetime_complete":"2026-09-17T22:14:57.602401+00:00"}
{"op_code":4,"worker_id":"e2ae7316-e1e9-4803-8ea4-8681ffe6ab66-131047698626432","study_id":0,"datetime_start":"2026-09-17T22:14:57.604120+00:00"}
{"op_code":9,"worker_id":"e2ae7316-e1e9-4803-8ea4-8681ffe6ab66-131047698626432","trial_id":50,"system_attr":{"tpe:relative_params:0":"{\"gx\": 8, \"gy\": 8, \"k\": 128, \"m\": 64, \"n\": 32}"}}
{"op_code":5,"worker_id":"e2ae7316-e1e9-4803-8ea4-8681ffe6ab66-131047698626432","trial_id":50,"param_name":"m","param_value_internal":2,"distribution":"{\"name\": \"CategoricalDistribution\", \"attributes\": {\"choices\": [16, 32, 64, 128, 256]}}"}
{"op_code":5,"worker_id":"e2ae7316-e1e9-4803-8ea4-8681ffe6ab66-131047698626432","trial_id":50,"param_name":"n","param_value_internal":1,"distribution":"{\"name\": \"CategoricalDistribution\", \"attributes\": {\"choices\": [16, 32, 64, 128, 256]}}"}
{"op_code":5,"worker_id":"e2ae7316-e1e9-4803-8ea4-8681ffe6ab66-131047698626432","trial_id":50,"param_name":"k","param_value_internal":3,"distribution":"{\"name\": \"CategoricalDistribution\", \"attributes\": {\"choices\": [16, 32, 64, 128]}}"}
{"op_code":5,"worker_id":"e2ae7316-e1e9-4803-8ea4-8681ffe6ab66-131047698626432","trial_id":50,"param_name":"gx","param_value_internal":3,"distribution":"{\"name\": \"CategoricalDistribution\", \"attributes\": {\"choices\": [1, 2, 4, 8]}}"}
{"op_code":5,"worker_id":"e2ae7316-e1e9-4803-8ea4-8681ffe6ab66-131047698626432","trial_id":50,"param_name":"gy","param_value_internal":3,"distribution":"{\"name\": \"CategoricalDistribution\", \"attributes\": {\"choices\": [1, 2, 4, 8]}}"}
{"op_code":5,"worker_id":"e2ae7316-e1e9-4803-8ea4-8681ffe6ab66-131047698626432","trial_id":50,"param_name":"sub","param_value_internal":0,"distribution":"{\"name\": \"CategoricalDistribution\", \"attributes\": {\"choices\": [32]}}"}
{"op_code":6,"worker_id":"e2ae7316-e1e9-4803-8ea4-8681ffe6ab66-131047698626432","trial_id":50,"state":2,"values":null,"datetime_complete":"2026-09-17T22:14:57.623745+00:00"}
{"op_code":4,"worker_id":"e2ae7316-e1e9-4803-8ea4-8681ffe6ab66-131047698626432","study_id":0,"datetime_start":"2026-09-17T22:14:57.625906+00:00"}
{"op_code":9,"worker_id":"e2ae7316-e1e9-4803-8ea4-8681ffe6ab66-131047698626432","trial_id":51,"system_attr":{"tpe:relative_params:0":"{\"gx\": 2, \"gy\": 4, \"k\": 16, \"m\": 128, \"n\": 128}"}}
{"op_code":5,"worker_id":"e2ae7316-e1e9-4803-8ea4-8681ffe6ab66-131047698626432","trial_id":51,"param_name":"m","param_value_internal":3,"distribution":"{\"name\": \"CategoricalDistribution\", \"attributes\": {\"choices\": [16, 32, 64, 128, 256]}}"}
{"op_code":5,"worker_id":"e2ae7316-e1e9-4803-8ea4-8681ffe6ab66-131047698626432","trial_id":51,"param_name":"n","param_value_internal":3,"distribution":"{\"name\": \"CategoricalDistribution\", \"attributes\": {\"choices\": [16, 32, 64, 128, 256]}}"}
{"op_code":5,"worker_id":"e2ae7316-e1e9-4803-8ea4-8681ffe6ab66-131047698626432","trial_id":51,"param_name":"k","param_value_internal":0,"distribution":"{\"name\": \"CategoricalDistribution\", \"attributes\": {\"choices\": [16, 32, 64, 128]}}"}
{"op_code":5,"worker_id":"e2ae7316-e1e9-4803-8ea4-8681ffe6ab66-131047698626432","trial_id":51,"param_name":"gx","param_value_internal":1,"distribution":"{\"name\": \"CategoricalDistribution\", \"attributes\": {\"choices\": [1, 2, 4, 8]}}"}
{"op_code":5,"worker_id":"e2ae7316-e1e9-4803-8ea4-8681ffe6ab66-131047698626432","trial_id":51,"param_name":"gy","param_value_internal":2,"distribution":"{\"name\": \"CategoricalDistribution\", \"attributes\": {\"choices\": [1, 2, 4, 8]}}"}
{"op_code":5,"worker_id":"e2ae7316-e1e9-4803-8ea4-8681ffe6ab66-131047698626432","trial_id":51,"param_name":"sub","param_value_internal":0,"distribution":"{\"name\": \"CategoricalDistribution\", \"attributes\": {\"choices\": [32]}}"}
{"op_code":6,"worker_id":"e2ae7316-e1e9-4803-8ea4-8681ffe6ab66-131047698626432","trial_id":51,"state":2,"values":null,"datetime_complete":"2026-09-17T22:14:57.640981+00:00"}
{"op_code":4,"worker_id":"e2ae7316-e1e9-4803-8ea4-8681ffe6ab66-131047698626432","study_id":0,"datetime_start":"2026-09-17T22:14:57.642751+00:00"}
{"op_code":9,"worker_id":"e2ae7316-e1e9-4803-8ea4-8681ffe6ab66-131047698626432","trial_id":52,"system_attr":{"tpe:relative_params:0":"{\"gx\": 1, \"gy\": 8, \"k\": 16, \"m\": 64, \"n\": 256}"}}
{"op_code":5,"worker_id":"e2ae7316-e1e9-4803-8ea4-8681ffe6ab66-131047698626432","trial_id":52,"param_name":"m","param_value_internal":2,"distribution":"{\"name\": \"CategoricalDistribution\", \"attributes\": {\"choices\": [16, 32, 64, 128, 256]}}"}
{"op_code":5,"worker_id":"e2ae7316-e1e9-4803-8ea4-8681ffe6ab66-131047698626432","trial_id":52,"param_name":"n","param_value_internal":4,"distribution":"{\"name\": \"CategoricalDistribution\", \"attributes\": {\"choices\": [16, 32, 64, 128, 256]}}"}
{"op_code":5,"worker_id":"e2ae7316-e1e9-4803-8ea4-8681ffe6ab66-131047698626432","trial_id":52,"param_name":"k","param_value_internal":0,"distribution":"{\"name\": \"CategoricalDistribution\", \"attributes\": {\"choices\": [16, 32, 64, 128]}}"}
{"op_code":5,"worker_id":"e2ae7316-e1e9-4803-8ea4-8681ffe6ab66-131047698626432","trial_id":52,"param_name":"gx","param_value_internal":0,"distribution":"{\"name\": \"CategoricalDistribution\", \"attributes\": {\"choices\": [1, 2, 4, 8]}}"}
{"op_code":5,"worker_id":"e2ae7316-e1e9-4803-8ea4-8681ffe6ab66-131047698626432","trial_id":52,"param_name":"gy","param_value_internal":3,"distribution":"{\"name\": \"CategoricalDistribution\", \"attributes\": {\"choices\": [1, 2, 4, 8]}}"}
{"op_code":5,"worker_id":"e2ae7316-e1e9-4803-8ea4-8681ffe6ab66-131047698626432","trial_id":52,"param_name":"sub","param_value_internal":0,"distribution":"{\"name\": \"CategoricalDistribution\", \"attributes\": {\"choices\": [32]}}"}
{"op_code":6,"worker_id":"e2ae7316-e1e9-4803-8ea4-8681ffe6ab66-131047698626432","trial_id":52,"state":2,"values":null,"datetime_complete":"2026-09-17T22:14:57.657650+00:00"}
{"op_code":4,"worker_id":"e2ae7316-e1e9-4803-8ea4-8681ffe6ab66-131047698626432","study_id":0,"datetime_start":"2026-09-17T22:14:57.659403+00:00"}
{"op_code":9,"worker_id":"e2ae7316-e1e9-4803-8ea4-8681ffe6ab66-131047698626432","trial_id":53,"system_attr":{"tpe:relative_params:0":"{\"gx\": 8, \"gy\": 4, \"k\": 16, \"m\": 64, \"n\": 128}"}}
{"op_code":5,"worker_id":"e2ae7316-e1e9-4803-8ea4-8681ffe6ab66-131047698626432","trial_id":53,"param_name":"m","param_value_internal":2,"distribution":"{\"name\": \"CategoricalDistribution\", \"attributes\": {\"choices\": [16, 32, 64, 128, 256]}}"}
{"op_code":5,"worker_id":"e2ae7316-e1e9-4803-8ea4-8681ffe6ab66-131047698626432","trial_id":53,"param_name":"n","param_value_internal":3,"distribution":"{\"name\": \"CategoricalDistribution\", \"attributes\": {\"choices\": [16, 32, 64, 128, 256]}}"}
{"op_code":5,"worker_id":"e2ae7316-e1e9-4803-8ea4-8681ffe6ab66-131047698626432","trial_id":53,"param_name":"k","param_value_internal":0,"distribution":"{\"name\": \"CategoricalDistribution\", \"attributes\": {\"choices\": [16, 32, 64, 128]}}"}
{"op_code":5,"worker_id":"e2ae7316-e1e9-4803-8ea4-8681ffe6ab66-131047698626432","trial_id":53,"param_name":"gx","param_value_internal":3,"distribution":"{\"name\": \"CategoricalDistribution\", \"attributes\": {\"choices\": [1, 2, 4, 8]}}"}
{"op_code":5,"worker_id":"e2ae7316-e1e9-4803-8ea4-8681ffe6ab66-131047698626432","trial_id":53,"param_name":"gy","param_value_internal":2,"distribution":"{\"name\": \"CategoricalDistribution\", \"attributes\": {\"choices\": [1, 2, 4, 8]}}"}
{"op_code":5,"worker_id":"e2ae7316-e1e9-4803-8ea4-8681ffe6ab66-131047698626432","trial_id":53,"param_name":"sub","param_value_internal":0,"distribution":"{\"name\": \"CategoricalDistribution\", \"attributes\": {\"choices\": [32]}}"}
{"op_code":6,"worker_id":"e2ae7316-e1e9-4803-8ea4-8681ffe6ab66-131047698626432","trial_id":53,"state":2,"values":null,"datetime_complete":"2026-09-17T22:14:57.673888+00:00"}
{"op_code":4,"worker_id":"e2ae7316-e1e9-4803-8ea4-8681ffe6ab66-131047698626432","study_id":0,"datetime_start":"2026-09-17T22:14:57.675621+00:00"}
{"op_code":9,"worker_id":"e2ae7316-e1e9-4803-8ea4-8681ffe6ab66-131047698626432","trial_id":54,"system_attr":{"tpe:relative_params:0":"{\"gx\": 1, \"gy\": 1, \"k\": 128, \"m\": 64, \"n\": 256}"}}
{"op_code":5,"worker_id":"e2ae7316-e1e9-4803-8ea4-8681ffe6ab66-131047698626432","trial_id":54,"param_name":"m","param_value_internal":2,"distribution":"{\"name\": \"CategoricalDistribution\", \"attributes\": {\"choices\": [16, 32, 64, 128, 256]}}"}
{"op_code":5,"worker_id":"e2ae7316-e1e9-4803-8ea4-8681ffe6ab66-131047698626432","trial_id":54,"param_name":"n","param_value_internal":4,"distribution":"{\"name\": \"CategoricalDistribution\", \"attributes\": {\"choices\": [16, 32, 64, 128, 256]}}"}
{"op_code":5,"worker_id":"e2ae7316-e1e9-4803-8ea4-8681ffe6ab66-131047698626432","trial_id":54,"param_name":"k","param_value_internal":3,"distribution":"{\"name\": \"CategoricalDistribution\", \"attributes\": {\"choices\": [16, 32, 64, 128]}}"}
{"op_code":5,"worker_id":"e2ae7316-e1e9-4803-8ea4-8681ffe6ab66-131047698626432","trial_id":54,"param_name":"gx","param_value_internal":0,"distribution":"{\"name\": \"CategoricalDistribution\", \"attributes\": {\"choices\": [1, 2, 4, 8]}}"}
{"op_code":5,"worker_id":"e2ae7316-e1e9-4803-8ea4-8681ffe6ab66-131047698626432","trial_id":54,"param_name":"gy","param_value_internal":0,"distribution":"{\"name\": \"CategoricalDistribution\", \"attributes\": {\"choices\": [1, 2, 4, 8]}}"}
{"op_code":5,"worker_id":"e2ae7316-e1e9-4803-8ea4-8681ffe6ab66-131047698626432","trial_id":54,"param_name":"sub","param_value_internal":0,"distribution":"{\"name\": \"CategoricalDistribution\", \"attributes\": {\"choices\": [32]}}"}
{"op_code":6,"worker_id":"e2ae7316-e1e9-4803-8ea4-8681ffe6ab66-131047698626432","trial_id":54,"state":2,"values":null,"datetime_complete":"2026-09-17T22:14:57.689648+00:00"}
{"op_code":4,"worker_id":"e2ae7316-e1e9-4803-8ea4-8681ffe6ab66-131047698626432","study_id":0,"datetime_start":"2026-09-17T22:14:57.691248+00:00"}
{"op_code":9,"worker_id":"e2ae7316-e1e9-4803-8ea4-8681ffe6ab66-131047698626432","trial_id":55,"system_attr":{"tpe:relative_params:0":"{\"gx\": 1, \"gy\": 8, \"k\": 128, \"m\": 64, \"n\": 256}"}}
{"op_code":5,"worker_id":"e2ae7316-e1e9-4803-8ea4-8681ffe6ab66-131047698626432","trial_id":55,"param_name":"m","param_value_internal":2,"distribution":"{\"name\": \"CategoricalDistribution\", \"attributes\": {\"choices\": [16, 32, 64, 128, 256]}}"}
{"op_code":5,"worker_id":"e2ae7316-e1e9-4803-8ea4-8681ffe6ab66-131047698626432","trial_id":55,"param_name":"n","param_value_internal":4,"distribution":"{\"name\": \"CategoricalDistribution\", \"attributes\": {\"choices\": [16, 32, 64, 128, 256]}}"}
{"op_code":5,"worker_id":"e2ae7316-e1e9-4803-8ea4-8681ffe6ab66-131047698626432","trial_id":55,"param_name":"k","param_value_internal":3,"distribution":"{\"name\": \"CategoricalDistribution\", \"attributes\": {\"choices\": [16, 32, 64, 128]}}"}
{"op_code":5,"worker_id":"e2ae7316-e1e9-4803-8ea4-8681ffe6ab66-131047698626432","trial_id":55,"param_name":"gx","param_value_internal":0,"distribution":"{\"name\": \"CategoricalDistribution\", \"attributes\": {\"choices\": [1, 2, 4, 8]}}"}
{"op_code":5,"worker_id":"e2ae7316-e1e9-4803-8ea4-8681ffe6ab66-131047698626432","trial_id":55,"param_name":"gy","param_value_internal":3,"distribution":"{\"name\": \"CategoricalDistribution\", \"attributes\": {\"choices\": [1, 2, 4, 8]}}"}
{"op_code":5,"worker_id":"e2ae7316-e1e9-4803-8ea4-8681ffe6ab66-131047698626432","trial_id":55,"param_name":"sub","param_value_internal":0,"distribution":"{\"name\": \"CategoricalDistribution\", \"attributes\": {\"choices\": [32]}}"}
{"op_code":6,"worker_id":"e2ae7316-e1e9-4803-8ea4-8681ffe6ab66-131047698626432","trial_id":55,"state":2,"values":null,"datetime_complete":"2026-09-17T22:14:57.704832+00:00"}
{"op_code":4,"worker_id":"e2ae7316-e1e9-4803-8ea4-8681ffe6ab66-131047698626432","study_id":0,"datetime_start":"2026-09-17T22:14:57.706502+00:00"}
{"op_code":9,"worker_id":"e2ae7316-e1e9-4803-8ea4-8681ffe6ab66-131047698626432","trial_id":56,"system_attr":{"tpe:relative_params:0":"{\"gx\": 4, \"gy\": 4, \"k\": 32, \"m\": 128, \"n\": 128}"}}
{"op_code":5,"worker_id":"e2ae7316-e1e9-4803-8ea4-8681ffe6ab66-131047698626432","trial_id":56,"param_name":"m","param_value_internal":3,"distribution":"{\"name\": \"CategoricalDistribution\", \"attributes\": {\"choices\": [16, 32, 64, 128, 256]}}"}
{"op_code":5,"worker_id":"e2ae7316-e1e9-4803-8ea4-8681ffe6ab66-131047698626432","trial_id":56,"param_name":"n","param_value_internal":3,"distribution":"{\"name\": \"CategoricalDistribution\", \"attributes\": {\"choices\": [16, 32, 64, 128, 256]}}"}
{"op_code":5,"worker_id":"e2ae7316-e1e9-4803-8ea4-8681ffe6ab66-131047698626432","trial_id":56,"param_name":"k","param_value_internal":1,"distribution":"{\"name\": \"CategoricalDistribution\", \"attributes\": {\"choices\": [16, 32, 64, 128]}}"}
{"op_code":5,"worker_id":"e2ae7316-e1e9-4803-8ea4-8681ffe6ab66-131047698626432","trial_id":56,"param_name":"gx","param_value_internal":2,"distribution":"{\"name\": \"CategoricalDistribution\", \"attributes\": {\"choices\": [1, 2, 4, 8]}}"}
{"op_code":5,"worker_id":"e2ae7316-e1e9-4803-8ea4-8681ffe6ab66-131047698626432","trial_id":56,"param_name":"gy","param_value_internal":2,"distribution":"{\"name\": \"CategoricalDistribution\", \"attributes\": {\"choices\": [1, 2, 4, 8]}}"}
{"op_code":5,"worker_id":"e2ae7316-e1e9-4803-8ea4-8681ffe6ab66-131047698626432","trial_id":56,"param_name":"sub","param_value_internal":0,"distribution":"{\"name\": \"CategoricalDistribution\", \"attributes\": {\"choices\": [32]}}"}
{"op_code":8,"worker_id":"e2ae7316-e1e9-4803-8ea4-8681ffe6ab66-131047698626432","trial_id":56,"user_attr":{"token":"tsweep_t128x128k32g44s32"}}
{"op_code":4,"worker_id":"e2ae7316-e1e9-4803-8ea4-8681ffe6ab66-131047698626432","study_id":0,"datetime_start":"2026-09-17T22:14:57.722254+00:00"}
{"op_code":9,"worker_id":"e2ae7316-e1e9-4803-8ea4-8681ffe6ab66-131047698626432","trial_id":57,"system_attr":{"tpe:relative_params:0":"{\"gx\": 2, \"gy\": 8, \"k\": 32, \"m\": 256, \"n\": 256}"}}
{"op_code":5,"worker_id":"e2ae7316-e1e9-4803-8ea4-8681ffe6ab66-131047698626432","trial_id":57,"param_name":"m","param_value_internal":4,"distribution":"{\"name\": \"CategoricalDistribution\", \"attributes\": {\"choices\": [16, 32, 64, 128, 256]}}"}
{"op_code":5,"worker_id":"e2ae7316-e1e9-4803-8ea4-8681ffe6ab66-131047698626432","trial_id":57,"param_name":"n","param_value_internal":4,"distribution":"{\"name\": \"CategoricalDistribution\", \"attributes\": {\"choices\": [16, 32, 64, 128, 256]}}"}
{"op_code":5,"worker_id":"e2ae7316-e1e9-4803-8ea4-8681ffe6ab66-131047698626432","trial_id":57,"param_name":"k","param_value_internal":1,"distribution":"{\"name\": \"CategoricalDistribution\", \"attributes\": {\"choices\": [16, 32, 64, 128]}}"}
{"op_code":5,"worker_id":"e2ae7316-e1e9-4803-8ea4-8681ffe6ab66-131047698626432","trial_id":57,"param_name":"gx","param_value_internal":1,"distribution":"{\"name\": \"CategoricalDistribution\", \"attributes\": {\"choices\": [1, 2, 4, 8]}}"}
{"op_code":5,"worker_id":"e2ae7316-e1e9-4803-8ea4-8681ffe6ab66-131047698626432","trial_id":57,"param_name":"gy","param_value_internal":3,"distribution":"{\"name\": \"CategoricalDistribution\", \"attributes\": {\"choices\": [1, 2, 4, 8]}}"}
{"op_code":5,"worker_id":"e2ae7316-e1e9-4803-8ea4-8681ffe6ab66-131047698626432","trial_id":57,"param_name":"sub","param_value_internal":0,"distribution":"{\"name\": \"CategoricalDistribution\", \"attributes\": {\"choices\": [32]}}"}
{"op_code":6,"worker_id":"e2ae7316-e1e9-4803-8ea4-8681ffe6ab66-131047698626432","trial_id":57,"state":2,"values":null,"datetime_complete":"2026-09-17T22:14:57.735645+00:00"}
{"op_code":4,"worker_id":"e2ae7316-e1e9-4803-8ea4-8681ffe6ab66-131047698626432","study_id":0,"datetime_start":"2026-09-17T22:14:57.737303+00:00"}
{"op_code":9,"worker_id":"e2ae7316-e1e9-4803-8ea4-8681ffe6ab66-131047698626432","trial_id":58,"system_attr":{"tpe:relative_params:0":"{\"gx\": 1, \"gy\": 2, \"k\": 128, \"m\": 128, \"n\": 256}"}}
{"op_code":5,"worker_id":"e2ae7316-e1e9-4803-8ea4-8681ffe6ab66-131047698626432","trial_id":58,"param_name":"m","param_value_internal":3,"distribution":"{\"name\": \"CategoricalDistribution\", \"attributes\": {\"choices\": [16, 32, 64, 128, 256]}}"}
{"op_code":5,"worker_id":"e2ae7316-e1e9-4803-8ea4-8681ffe6ab66-131047698626432","trial_id":58,"param_name":"n","param_value_internal":4,"distribution":"{\"name\": \"CategoricalDistribution\", \"attributes\": {\"choices\": [16, 32, 64, 128, 256]}}"}
{"op_code":5,"worker_id":"e2ae7316-e1e9-4803-8ea4-8681ffe6ab66-131047698626432","trial_id":58,"param_name":"k","param_value_internal":3,"distribution":"{\"name\": \"CategoricalDistribution\", \"attributes\": {\"choices\": [16, 32, 64, 128]}}"}
{"op_code":5,"worker_id":"e2ae7316-e1e9-4803-8ea4-8681ffe6ab66-131047698626432","trial_id":58,"param_name":"gx","param_value_internal":0,"distribution":"{\"name\": \"CategoricalDistribution\", \"attributes\": {\"choices\": [1, 2, 4, 8]}}"}
{"op_code":5,"worker_id":"e2ae7316-e1e9-4803-8ea4-8681ffe6ab66-131047698626432","trial_id":58,"param_name":"gy","param_value_internal":1,"distribution":"{\"name\": \"CategoricalDistribution\", \"attributes\": {\"choices\": [1, 2, 4, 8]}}"}
{"op_code":5,"worker_id":"e2ae7316-e1e9-4803-8ea4-8681ffe6ab66-131047698626432","trial_id":58,"param_name":"sub","param_value_internal":0,"distribution":"{\"name\": \"CategoricalDistribution\", \"attributes\": {\"choices\": [32]}}"}
{"op_code":6,"worker_id":"e2ae7316-e1e9-4803-8ea4-8681ffe6ab66-131047698626432","trial_id":58,"state":2,"values":null,"datetime_complete":"2026-09-17T22:14:57.750507+00:00"}
{"op_code":4,"worker_id":"e2ae7316-e1e9-4803-8ea4-8681ffe6ab66-131047698626432","study_id":0,"datetime_start":"2026-09-17T22:14:57.752060+00:00"}
{"op_code":9,"worker_id":"e2ae7316-e1e9-4803-8ea4-8681ffe6ab66-131047698626432","trial_id":59,"system_attr":{"tpe:relative_params:0":"{\"gx\": 1, \"gy\": 2, \"k\": 32, \"m\": 16, \"n\": 16}"}}
{"op_code":5,"worker_id":"e2ae7316-e1e9-4803-8ea4-8681ffe6ab66-131047698626432","trial_id":59,"param_name":"m","param_value_internal":0,"distribution":"{\"name\": \"CategoricalDistribution\", \"attributes\": {\"choices\": [16, 32, 64, 128, 256]}}"}
{"op_code":5,"worker_id":"e2ae7316-e1e9-4803-8ea4-8681ffe6ab66-131047698626432","trial_id":59,"param_name":"n","param_value_internal":0,"distribution":"{\"name\": \"CategoricalDistribution\", \"attributes\": {\"choices\": [16, 32, 64, 128, 256]}}"}
{"op_code":5,"worker_id":"e2ae7316-e1e9-4803-8ea4-8681ffe6ab66-131047698626432","trial_id":59,"param_name":"k","param_value_internal":1,"distribution":"{\"name\": \"CategoricalDistribution\", \"attributes\": {\"choices\": [16, 32, 64, 128]}}"}
{"op_code":5,"worker_id":"e2ae7316-e1e9-4803-8ea4-8681ffe6ab66-131047698626432","trial_id":59,"param_name":"gx","param_value_internal":0,"distribution":"{\"name\": \"CategoricalDistribution\", \"attributes\": {\"choices\": [1, 2, 4, 8]}}"}
{"op_code":5,"worker_id":"e2ae7316-e1e9-4803-8ea4-8681ffe6ab66-131047698626432","trial_id":59,"param_name":"gy","param_value_internal":1,"distribution":"{\"name\": \"CategoricalDistribution\", \"attributes\": {\"choices\": [1, 2, 4, 8]}}"}
{"op_code":5,"worker_id":"e2ae7316-e1e9-4803-8ea4-8681ffe6ab66-131047698626432","trial_id":59,"param_name":"sub","param_value_internal":0,"distribution":"{\"name\": \"CategoricalDistribution\", \"attributes\": {\"choices\": [32]}}"}
{"op_code":6,"worker_id":"e2ae7316-e1e9-4803-8ea4-8681ffe6ab66-131047698626432","trial_id":59,"state":2,"values":null,"datetime_complete":"2026-09-17T22:14:57.765034+00:00"}
{"op_code":4,"worker_id":"e2ae7316-e1e9-4803-8ea4-8681ffe6ab66-131047698626432","study_id":0,"datetime_start":"2026-09-17T22:14:57.766594+00:00"}
{"op_code":9,"worker_id":"e2ae7316-e1e9-4803-8ea4-8681ffe6ab66-131047698626432","trial_id":60,"system_attr":{"tpe:relative_params:0":"{\"gx\": 8, \"gy\": 2, \"k\": 16, \"m\": 64, \"n\": 32}"}}
{"op_code":5,"worker_id":"e2ae7316-e1e9-4803-8ea4-8681ffe6ab66-131047698626432","trial_id":60,"param_name":"m","param_value_internal":2,"distribution":"{\"name\": \"CategoricalDistribution\", \"attributes\": {\"choices\": [16, 32, 64, 128, 256]}}"}
{"op_code":5,"worker_id":"e2ae7316-e1e9-4803-8ea4-8681ffe6ab66-131047698626432","trial_id":60,"param_name":"n","param_value_internal":1,"distribution":"{\"name\": \"CategoricalDistribution\", \"attributes\": {\"choices\": [16, 32, 64, 128, 256]}}"}
{"op_code":5,"worker_id":"e2ae7316-e1e9-4803-8ea4-8681ffe6ab66-131047698626432","trial_id":60,"param_name":"k","param_value_internal":0,"distribution":"{\"name\": \"CategoricalDistribution\", \"attributes\": {\"choices\": [16, 32, 64, 128]}}"}
{"op_code":5,"worker_id":"e2ae7316-e1e9-4803-8ea4-8681ffe6ab66-131047698626432","trial_id":60,"param_name":"gx","param_value_internal":3,"distribution":"{\"name\": \"CategoricalDistribution\", \"attributes\": {\"choices\": [1, 2, 4, 8]}}"}
{"op_code":5,"worker_id":"e2ae7316-e1e9-4803-8ea4-8681ffe6ab66-131047698626432","trial_id":60,"param_name":"gy","param_value_internal":1,"distribution":"{\"name\": \"CategoricalDistribution\", \"attributes\": {\"choices\": [1, 2, 4, 8]}}"}
{"op_code":5,"worker_id":"e2ae7316-e1e9-4803-8ea4-8681ffe6ab66-131047698626432","trial_id":60,"param_name":"sub","param_value_internal":0,"distribution":"{\"name\": \"CategoricalDistribution\", \"attributes\": {\"choices\": [32]}}"}
{"op_code":6,"worker_id":"e2ae7316-e1e9-4803-8ea4-8681ffe6ab66-131047698626432","trial_id":60,"state":2,"values":null,"datetime_complete":"2026-09-17T22:14:57.779210+00:00"}
{"op_code":4,"worker_id":"e2ae7316-e1e9-4803-8ea4-8681ffe6ab66-131047698626432","study_id":0,"datetime_start":"2026-09-17T22:14:57.780726+00:00"}
{"op_code":9,"worker_id":"e2ae7316-e1e9-4803-8ea4-8681ffe6ab66-131047698626432","trial_id":61,"system_attr":{"tpe:relative_params:0":"{\"gx\": 1, \"gy\": 8, \"k\": 32, \"m\": 256, \"n\": 32}"}}
{"op_code":5,"worker_id":"e2ae7316-e1e9-4803-8ea4-8681ffe6ab66-131047698626432","trial_id":61,"param_name":"m","param_value_internal":4,"distribution":"{\"name\": \"CategoricalDistribution\", \"attributes\": {\"choices\": [16, 32, 64, 128, 256]}}"}
{"op_code":5,"worker_id":"e2ae7316-e1e9-4803-8ea4-8681ffe6ab66-131047698626432","trial_id":61,"param_name":"n","param_value_internal":1,"distribution":"{\"name\": \"CategoricalDistribution\", \"attributes\": {\"choices\": [16, 32, 64, 128, 256]}}"}
{"op_code":5,"worker_id":"e2ae7316-e1e9-4803-8ea4-8681ffe6ab66-131047698626432","trial_id":61,"param_name":"k","param_value_internal":1,"distribution":"{\"name\": \"CategoricalDistribution\", \"attributes\": {\"choices\": [16, 32, 64, 128]}}"}
{"op_code":5,"worker_id":"e2ae7316-e1e9-4803-8ea4-8681ffe6ab66-131047698626432","trial_id":61,"param_name":"gx","param_value_internal":0,"distribution":"{\"name\": \"CategoricalDistribution\", \"attributes\": {\"choices\": [1, 2, 4, 8]}}"}
{"op_code":5,"worker_id":"e2ae7316-e1e9-4803-8ea4-8681ffe6ab66-131047698626432","trial_id":61,"param_name":"gy","param_value_internal":3,"distribution":"{\"name\": \"CategoricalDistribution\", \"attributes\": {\"choices\": [1, 2, 4, 8]}}"}
{"op_code":5,"worker_id":"e2ae7316-e1e9-4803-8ea4-8681ffe6ab66-131047698626432","trial_id":61,"param_name":"sub","param_value_internal":0,"distribution":"{\"name\": \"CategoricalDistribution\", \"attributes\": {\"choices\": [32]}}"}
{"op_code":8,"worker_id":"e2ae7316-e1e9-4803-8ea4-8681ffe6ab66-131047698626432","trial_id":61,"user_attr":{"token":"tsweep_t256x32k32g18s32"}}
{"op_code":4,"worker_id":"e2ae7316-e1e9-4803-8ea4-8681ffe6ab66-131047698626432","study_id":0,"datetime_start":"2026-09-17T22:14:57.794874+00:00"}
{"op_code":9,"worker_id":"e2ae7316-e1e9-4803-8ea4-8681ffe6ab66-131047698626432","trial_id":62,"system_attr":{"tpe:relative_params:0":"{\"gx\": 1, \"gy\": 4, \"k\": 32, \"m\": 32, \"n\": 128}"}}
{"op_code":5,"worker_id":"e2ae7316-e1e9-4803-8ea4-8681ffe6ab66-131047698626432","trial_id":62,"param_name":"m","param_value_internal":1,"distribution":"{\"name\": \"CategoricalDistribution\", \"attributes\": {\"choices\": [16, 32, 64, 128, 256]}}"}
{"op_code":5,"worker_id":"e2ae7316-e1e9-4803-8ea4-8681ffe6ab66-131047698626432","trial_id":62,"param_name":"n","param_value_internal":3,"distribution":"{\"name\": \"CategoricalDistribution\", \"attributes\": {\"choices\": [16, 32, 64, 128, 256]}}"}
{"op_code":5,"worker_id":"e2ae7316-e1e9-4803-8ea4-8681ffe6ab66-131047698626432","trial_id":62,"param_name":"k","param_value_internal":1,"distribution":"{\"name\": \"CategoricalDistribution\", \"attributes\": {\"choices\": [16, 32, 64, 128]}}"}
{"op_code":5,"worker_id":"e2ae7316-e1e9-4803-8ea4-8681ffe6ab66-131047698626432","trial_id":62,"param_name":"gx","param_value_internal":0,"distribution":"{\"name\": \"CategoricalDistribution\", \"attributes\": {\"choices\": [1, 2, 4, 8]}}"}
{"op_code":5,"worker_id":"e2ae7316-e1e9-4803-8ea4-8681ffe6ab66-131047698626432","trial_id":62,"param_name":"gy","param_value_internal":2,"distribution":"{\"name\": \"CategoricalDistribution\", \"attributes\": {\"choices\": [1, 2, 4, 8]}}"}
{"op_code":5,"worker_id":"e2ae7316-e1e9-4803-8ea4-8681ffe6ab66-131047698626432","trial_id":62,"param_name":"sub","param_value_internal":0,"distribution":"{\"name\": \"CategoricalDistribution\", \"attributes\": {\"choices\": [32]}}"}
{"op_code":6,"worker_id":"e2ae7316-e1e9-4803-8ea4-8681ffe6ab66-131047698626432","trial_id":62,"state":2,"values":null,"datetime_complete":"2026-09-17T22:14:57.807610+00:00"}
{"op_code":4,"worker_id":"e2ae7316-e1e9-4803-8ea4-8681ffe6ab66-131047698626432","study_id":0,"datetime_start":"2026-09-17T22:14:57.809352+00:00"}
{"op_code":9,"worker_id":"e2ae7316-e1e9-4803-8ea4-8681ffe6ab66-131047698626432","trial_id":63,"system_attr":{"tpe:relative_params:0":"{\"gx\": 4, \"gy\": 8, \"k\": 128, \"m\": 32, \"n\": 256}"}}
{"op_code":5,"worker_id":"e2ae7316-e1e9-4803-8ea4-8681ffe6ab66-131047698626432","trial_id":63,"param_name":"m","param_value_internal":1,"distribution":"{\"name\": \"CategoricalDistribution\", \"attributes\": {\"choices\": [16, 32, 64, 128, 256]}}"}
{"op_code":5,"worker_id":"e2ae7316-e1e9-4803-8ea4-8681ffe6ab66-131047698626432","trial_id":63,"param_name":"n","param_value_internal":4,"distribution":"{\"name\": \"CategoricalDistribution\", \"attributes\": {\"choices\": [16, 32, 64, 128, 256]}}"}
{"op_code":5,"worker_id":"e2ae7316-e1e9-4803-8ea4-8681ffe6ab66-131047698626432","trial_id":63,"param_name":"k","param_value_internal":3,"distribution":"{\"name\": \"CategoricalDistribution\", \"attributes\": {\"choices\": [16, 32, 64, 128]}}"}
{"op_code":5,"worker_id":"e2ae7316-e1e9-4803-8ea4-8681ffe6ab66-131047698626432","trial_id":63,"param_name":"gx","param_value_internal":2,"distribution":"{\"name\": \"CategoricalDistribution\", \"attributes\": {\"choices\": [1, 2, 4, 8]}}"}
{"op_code":5,"worker_id":"e2ae7316-e1e9-4803-8ea4-8681ffe6ab66-131047698626432","trial_id":63,"param_name":"gy","param_value_internal":3,"distribution":"{\"name\": \"CategoricalDistribution\", \"attributes\": {\"choices\": [1, 2, 4, 8]}}"}
{"op_code":5,"worker_id":"e2ae7316-e1e9-4803-8ea4-8681ffe6ab66-131047698626432","trial_id":63,"param_name":"sub","param_value_internal":0,"distribution":"{\"name\": \"CategoricalDistribution\", \"attributes\": {\"choices\": [32]}}"}
{"op_code":6,"worker_id":"e2ae7316-e1e9-4803-8ea4-8681ffe6ab66-131047698626432","trial_id":63,"state":2,"values":null,"datetime_complete":"2026-09-17T22:14:57.822639+00:00"}
{"op_code":4,"worker_id":"e2ae7316-e1e9-4803-8ea4-8681ffe6ab66-131047698626432","study_id":0,"datetime_start":"2026-09-17T22:14:57.824188+00:00"}
{"op_code":9,"worker_id":"e2ae7316-e1e9-4803-8ea4-8681ffe6ab66-131047698626432","trial_id":64,"system_attr":{"tpe:relative_params:0":"{\"gx\": 4, \"gy\": 4, \"k\": 128, \"m\": 64, \"n\": 128}"}}
{"op_code":5,"worker_id":"e2ae7316-e1e9-4803-8ea4-8681ffe6ab66-131047698626432","trial_id":64,"param_name":"m","param_value_internal":2,"distribution":"{\"name\": \"CategoricalDistribution\", \"attributes\": {\"choices\": [16, 32, 64, 128, 256]}}"}
{"op_code":5,"worker_id":"e2ae7316-e1e9-4803-8ea4-8681ffe6ab66-131047698626432","trial_id":64,"param_name":"n","param_value_internal":3,"distribution":"{\"name\": \"CategoricalDistribution\", \"attributes\": {\"choices\": [16, 32, 64, 128, 256]}}"}
{"op_code":5,"worker_id":"e2ae7316-e1e9-4803-8ea4-8681ffe6ab66-131047698626432","trial_id":64,"param_name":"k","param_value_internal":3,"distribution":"{\"name\": \"CategoricalDistribution\", \"attributes\": {\"choices\": [16, 32, 64, 128]}}"}
{"op_code":5,"worker_id":"e2ae7316-e1e9-4803-8ea4-8681ffe6ab66-131047698626432","trial_id":64,"param_name":"gx","param_value_internal":2,"distribution":"{\"name\": \"CategoricalDistribution\", \"attributes\": {\"choices\": [1, 2, 4, 8]}}"}
{"op_code":5,"worker_id":"e2ae7316-e1e9-4803-8ea4-8681ffe6ab66-131047698626432","trial_id":64,"param_name":"gy","param_value_internal":2,"distribution":"{\"name\": \"CategoricalDistribution\", \"attributes\": {\"choices\": [1, 2, 4, 8]}}"}
{"op_code":5,"worker_id":"e2ae7316-e1e9-4803-8ea4-8681ffe6ab66-131047698626432","trial_id":64,"param_name":"sub","param_value_internal":0,"distribution":"{\"name\": \"CategoricalDistribution\", \"attributes\": {\"choices\": [32]}}"}
{"op_code":6,"worker_id":"e2ae7316-e1e9-4803-8ea4-8681ffe6ab66-131047698626432","trial_id":64,"state":2,"values":null,"datetime_complete":"2026-09-17T22:14:57.836837+00:00"}
{"op_code":4,"worker_id":"e2ae7316-e1e9-4803-8ea4-8681ffe6ab66-131047698626432","study_id":0,"datetime_start":"2026-09-17T22:14:57.838379+00:00"}
{"op_code":9,"worker_id":"e2ae7316-e1e9-4803-8ea4-8681ffe6ab66-131047698626432","trial_id":65,"system_attr":{"tpe:relative_params:0":"{\"gx\": 2, \"gy\": 1, \"k\": 128, \"m\": 64, \"n\": 128}"}}
{"op_code":5,"worker_id":"e2ae7316-e1e9-4803-8ea4-8681ffe6ab66-131047698626432","trial_id":65,"param_name":"m","param_value_internal":2,"distribution":"{\"name\": \"CategoricalDistribution\", \"attributes\": {\"choices\": [16, 32, 64, 128, 256]}}"}
{"op_code":5,"worker_id":"e2ae7316-e1e9-4803-8ea4-8681ffe6ab66-131047698626432","trial_id":65,"param_name":"n","param_value_internal":3,"distribution":"{\"name\": \"CategoricalDistribution\", \"attributes\": {\"choices\": [16, 32, 64, 128, 256]}}"}
{"op_code":5,"worker_id":"e2ae7316-e1e9-4803-8ea4-8681ffe6ab66-131047698626432","trial_id":65,"param_name":"k","param_value_internal":3,"distribution":"{\"name\": \"CategoricalDistribution\", \"attributes\": {\"choices\": [16, 32, 64, 128]}}"}
{"op_code":5,"worker_id":"e2ae7316-e1e9-4803-8ea4-8681ffe6ab66-131047698626432","trial_id":65,"param_name":"gx","param_value_internal":1,"distribution":"{\"name\": \"CategoricalDistribution\", \"attributes\": {\"choices\": [1, 2, 4, 8]}}"}
{"op_code":5,"worker_id":"e2ae7316-e1e9-4803-8ea4-8681ffe6ab66-131047698626432","trial_id":65,"param_name":"gy","param_value_internal":0,"distribution":"{\"name\": \"CategoricalDistribution\", \"attributes\": {\"choices\": [1, 2, 4, 8]}}"}
{"op_code":5,"worker_id":"e2ae7316-e1e9-4803-8ea4-8681ffe6ab66-131047698626432","trial_id":65,"param_name":"sub","param_value_internal":0,"distribution":"{\"name\": \"CategoricalDistribution\", \"attributes\": {\"choices\": [32]}}"}
{"op_code":6,"worker_id":"e2ae7316-e1e9-4803-8ea4-8681ffe6ab66-131047698626432","trial_id":65,"state":2,"values":null,"datetime_complete":"2026-09-17T22:14:57.851054+00:00"}
{"op_code":4,"worker_id":"e2ae7316-e1e9-4803-8ea4-8681ffe6ab66-131047698626432","study_id":0,"datetime_start":"2026-09-17T22:14:57.852571+00:00"}
{"op_code":9,"worker_id":"e2ae7316-e1e9-4803-8ea4-8681ffe6ab66-131047698626432","trial_id":66,"system_attr":{"tpe:relative_params:0":"{\"gx\": 2, \"gy\": 4, \"k\": 128, \"m\": 32, \"n\": 128}"}}
{"op_code":5,"worker_id":"e2ae7316-e1e9-4803-8ea4-8681ffe6ab66-131047698626432","trial_id":66,"param_name":"m","param_value_internal":1,"distribution":"{\"name\": \"CategoricalDistribution\", \"attributes\": {\"choices\": [16, 32, 64, 128, 256]}}"}
{"op_code":5,"worker_id":"e2ae7316-e1e9-4803-8ea4-8681ffe6ab66-131047698626432","trial_id":66,"param_name":"n","param_value_internal":3,"distribution":"{\"name\": \"CategoricalDistribution\", \"attributes\": {\"choices\": [16, 32, 64, 128, 256]}}"}
{"op_code":5,"worker_id":"e2ae7316-e1e9-4803-8ea4-8681ffe6ab66-131047698626432","trial_id":66,"param_name":"k","param_value_internal":3,"distribution":"{\"name\": \"CategoricalDistribution\", \"attributes\": {\"choices\": [16, 32, 64, 128]}}"}
{"op_code":5,"worker_id":"e2ae7316-e1e9-4803-8ea4-8681ffe6ab66-131047698626432","trial_id":66,"param_name":"gx","param_value_internal":1,"distribution":"{\"name\": \"CategoricalDistribution\", \"attributes\": {\"choices\": [1, 2, 4, 8]}}"}
{"op_code":5,"worker_id":"e2ae7316-e1e9-4803-8ea4-8681ffe6ab66-131047698626432","trial_id":66,"param_name":"gy","param_value_internal":2,"distribution":"{\"name\": \"CategoricalDistribution\", \"attributes\": {\"choices\": [1, 2, 4, 8]}}"}
{"op_code":5,"worker_id":"e2ae7316-e1e9-4803-8ea4-8681ffe6ab66-131047698626432","trial_id":66,"param_name":"sub","param_value_internal":0,"distribution":"{\"name\": \"CategoricalDistribution\", \"attributes\": {\"choices\": [32]}}"}
{"op_code":6,"worker_id":"e2ae7316-e1e9-4803-8ea4-8681ffe6ab66-131047698626432","trial_id":66,"state":2,"values":null,"datetime_complete":"2026-09-17T22:14:57.864755+00:00"}
{"op_code":4,"worker_id":"e2ae7316-e1e9-4803-8ea4-8681ffe6ab66-131047698626432","study_id":0,"datetime_start":"2026-09-17T22:14:57.866205+00:00"}
{"op_code":9,"worker_id":"e2ae7316-e1e9-4803-8ea4-8681ffe6ab66-131047698626432","trial_id":67,"system_attr":{"tpe:relative_params:0":"{\"gx\": 8, \"gy\": 8, \"k\": 64, \"m\": 64, \"n\": 256}"}}
{"op_code":5,"worker_id":"e2ae7316-e1e9-4803-8ea4-8681ffe6ab66-131047698626432","trial_id":67,"param_name":"m","param_value_internal":2,"distribution":"{\"name\": \"CategoricalDistribution\", \"attributes\": {\"choices\": [16, 32, 64, 128, 256]}}"}
{"op_code":5,"worker_id":"e2ae7316-e1e9-4803-8ea4-8681ffe6ab66-131047698626432","trial_id":67,"param_name":"n","param_value_internal":4,"distribution":"{\"name\": \"CategoricalDistribution\", \"attributes\": {\"choices\": [16, 32, 64, 128, 256]}}"}
{"op_code":5,"worker_id":"e2ae7316-e1e9-4803-8ea4-8681ffe6ab66-131047698626432","trial_id":67,"param_name":"k","param_value_internal":2,"distribution":"{\"name\": \"CategoricalDistribution\", \"attributes\": {\"choices\": [16, 32, 64, 128]}}"}
{"op_code":5,"worker_id":"e2ae7316-e1e9-4803-8ea4-8681ffe6ab66-131047698626432","trial_id":67,"param_name":"gx","param_value_internal":3,"distribution":"{\"name\": \"CategoricalDistribution\", \"attributes\": {\"choices\": [1, 2, 4, 8]}}"}
{"op_code":5,"worker_id":"e2ae7316-e1e9-4803-8ea4-8681ffe6ab66-131047698626432","trial_id":67,"param_name":"gy","param_value_internal":3,"distribution":"{\"name\": \"CategoricalDistribution\", \"attributes\": {\"choices\": [1, 2, 4, 8]}}"}
{"op_code":5,"worker_id":"e2ae7316-e1e9-4803-8ea4-8681ffe6ab66-131047698626432","trial_id":67,"param_name":"sub","param_value_internal":0,"distribution":"{\"name\": \"CategoricalDistribution\", \"attributes\": {\"choices\": [32]}}"}
{"op_code":6,"worker_id":"e2ae7316-e1e9-4803-8ea4-8681ffe6ab66-131047698626432","trial_id":67,"state":2,"values":null,"datetime_complete":"2026-09-17T22:14:57.878971+00:00"}
{"op_code":4,"worker_id":"e2ae7316-e1e9-4803-8ea4-8681ffe6ab66-131047698626432","study_id":0,"datetime_start":"2026-09-17T22:14:57.880479+00:00"}
{"op_code":9,"worker_id":"e2ae7316-e1e9-4803-8ea4-8681ffe6ab66-131047698626432","trial_id":68,"system_attr":{"tpe:relative_params:0":"{\"gx\": 1, \"gy\": 8, \"k\": 128, \"m\": 128, \"n\": 32}"}}
{"op_code":5,"worker_id":"e2ae7316-e1e9-4803-8ea4-8681ffe6ab66-131047698626432","trial_id":68,"param_name":"m","param_value_internal":3,"distribution":"{\"name\": \"CategoricalDistribution\", \"attributes\": {\"choices\": [16, 32, 64, 128, 256]}}"}
{"op_code":5,"worker_id":"e2ae7316-e1e9-4803-8ea4-8681ffe6ab66-131047698626432","trial_id":68,"param_name":"n","param_value_internal":1,"distribution":"{\"name\": \"CategoricalDistribution\", \"attributes\": {\"choices\": [16, 32, 64, 128, 256]}}"}
{"op_code":5,"worker_id":"e2ae7316-e1e9-4803-8ea4-8681ffe6ab66-131047698626432","trial_id":68,"param_name":"k","param_value_internal":3,"distribution":"{\"name\": \"CategoricalDistribution\", \"attributes\": {\"choices\": [16, 32, 64, 128]}}"}
{"op_code":5,"worker_id":"e2ae7316-e1e9-4803-8ea4-8681ffe6ab66-131047698626432","trial_id":68,"param_name":"gx","param_value_internal":0,"distribution":"{\"name\": \"CategoricalDistribution\", \"attributes\": {\"choices\": [1, 2, 4, 8]}}"}
{"op_code":5,"worker_id":"e2ae7316-e1e9-4803-8ea4-8681ffe6ab66-131047698626432","trial_id":68,"param_name":"gy","param_value_internal":3,"distribution":"{\"name\": \"CategoricalDistribution\", \"attributes\": {\"choices\": [1, 2, 4, 8]}}"}
{"op_code":5,"worker_id":"e2ae7316-e1e9-4803-8ea4-8681ffe6ab66-131047698626432","trial_id":68,"param_name":"sub","param_value_internal":0,"distribution":"{\"name\": \"CategoricalDistribution\", \"attributes\": {\"choices\": [32]}}"}
{"op_code":6,"worker_id":"e2ae7316-e1e9-4803-8ea4-8681ffe6ab66-131047698626432","trial_id":68,"state":2,"values":null,"datetime_complete":"2026-09-17T22:14:57.892419+00:00"}
{"op_code":4,"worker_id":"e2ae7316-e1e9-4803-8ea4-8681ffe6ab66-131047698626432","study_id":0,"datetime_start":"2026-09-17T22:14:57.893857+00:00"}
{"op_code":9,"worker_id":"e2ae7316-e1e9-4803-8ea4-8681ffe6ab66-131047698626432","trial_id":69,"system_attr":{"tpe:relative_params:0":"{\"gx\": 2, \"gy\": 4, \"k\": 128, \"m\": 64, \"n\": 128}"}}
{"op_code":5,"worker_id":"e2ae7316-e1e9-4803-8ea4-8681ffe6ab66-131047698626432","trial_id":69,"param_name":"m","param_value_internal":2,"distribution":"{\"name\": \"CategoricalDistribution\", \"attributes\": {\"choices\": [16, 32, 64, 128, 256]}}"}
{"op_code":5,"worker_id":"e2ae7316-e1e9-4803-8ea4-8681ffe6ab66-131047698626432","trial_id":69,"param_name":"n","param_value_internal":3,"distribution":"{\"name\": \"CategoricalDistribution\", \"attributes\": {\"choices\": [16, 32, 64, 128, 256]}}"}
{"op_code":5,"worker_id":"e2ae7316-e1e9-4803-8ea4-8681ffe6ab66-131047698626432","trial_id":69,"param_name":"k","param_value_internal":3,"distribution":"{\"name\": \"CategoricalDistribution\", \"attributes\": {\"choices\": [16, 32, 64, 128]}}"}
{"op_code":5,"worker_id":"e2ae7316-e1e9-4803-8ea4-8681ffe6ab66-131047698626432","trial_id":69,"param_name":"gx","param_value_internal":1,"distribution":"{\"name\": \"CategoricalDistribution\", \"attributes\": {\"choices\": [1, 2, 4, 8]}}"}
{"op_code":5,"worker_id":"e2ae7316-e1e9-4803-8ea4-8681ffe6ab66-131047698626432","trial_id":69,"param_name":"gy","param_value_internal":2,"distribution":"{\"name\": \"CategoricalDistribution\", \"attributes\": {\"choices\": [1, 2, 4, 8]}}"}
{"op_code":5,"worker_id":"e2ae7316-e1e9-4803-8ea4-8681ffe6ab66-131047698626432","trial_id":69,"param_name":"sub","param_value_internal":0,"distribution":"{\"name\": \"CategoricalDistribution\", \"attributes\": {\"choices\": [32]}}"}
{"op_code":6,"worker_id":"e2ae7316-e1e9-4803-8ea4-8681ffe6ab66-131047698626432","trial_id":69,"state":2,"values":null,"datetime_complete":"2026-09-17T22:14:57.905789+00:00"}
{"op_code":4,"worker_id":"e2ae7316-e1e9-4803-8ea4-8681ffe6ab66-131047698626432","study_id":0,"datetime_start":"2026-09-17T22:14:57.907256+00:00"}
{"op_code":9,"worker_id":"e2ae7316-e1e9-4803-8ea4-8681ffe6ab66-131047698626432","trial_id":70,"system_attr":{"tpe:relative_params:0":"{\"gx\": 2, \"gy\": 2, \"k\": 16, \"m\": 256, \"n\": 32}"}}
{"op_code":5,"worker_id":"e2ae7316-e1e9-4803-8ea4-8681ffe6ab66-131047698626432","trial_id":70,"param_name":"m","param_value_internal":4,"distribution":"{\"name\": \"CategoricalDistribution\", \"attributes\": {\"choices\": [16, 32, 64, 128, 256]}}"}
{"op_code":5,"worker_id":"e2ae7316-e1e9-4803-8ea4-8681ffe6ab66-131047698626432","trial_id":70,"param_name":"n","param_value_internal":1,"distribution":"{\"name\": \"CategoricalDistribution\", \"attributes\": {\"choices\": [16, 32, 64, 128, 256]}}"}
{"op_code":5,"worker_id":"e2ae7316-e1e9-4803-8ea4-8681ffe6ab66-131047698626432","trial_id":70,"param_name":"k","param_value_internal":0,"distribution":"{\"name\": \"CategoricalDistribution\", \"attributes\": {\"choices\": [16, 32, 64, 128]}}"}
{"op_code":5,"worker_id":"e2ae7316-e1e9-4803-8ea4-8681ffe6ab66-131047698626432","trial_id":70,"param_name":"gx","param_value_internal":1,"distribution":"{\"name\": \"CategoricalDistribution\", \"attributes\": {\"choices\": [1, 2, 4, 8]}}"}
{"op_code":5,"worker_id":"e2ae7316-e1e9-4803-8ea4-8681ffe6ab66-131047698626432","trial_id":70,"param_name":"gy","param_value_internal":1,"distribution":"{\"name\": \"CategoricalDistribution\", \"attributes\": {\"choices\": [1, 2, 4, 8]}}"}
{"op_code":5,"worker_id":"e2ae7316-e1e9-4803-8ea4-8681ffe6ab66-131047698626432","trial_id":70,"param_name":"sub","param_value_internal":0,"distribution":"{\"name\": \"CategoricalDistribution\", \"attributes\": {\"choices\": [32]}}"}
{"op_code":6,"worker_id":"e2ae7316-e1e9-4803-8ea4-8681ffe6ab66-131047698626432","trial_id":70,"state":2,"values":null,"datetime_complete":"2026-09-17T22:14:57.918928+00:00"}
{"op_code":4,"worker_id":"e2ae7316-e1e9-4803-8ea4-8681ffe6ab66-131047698626432","study_id":0,"datetime_start":"2026-09-17T22:14:57.920377+00:00"}
{"op_code":9,"worker_id":"e2ae7316-e1e9-4803-8ea4-8681ffe6ab66-131047698626432","trial_id":71,"system_attr":{"tpe:relative_params:0":"{\"gx\": 1, \"gy\": 4, \"k\": 64, \"m\": 16, \"n\": 128}"}}
{"op_code":5,"worker_id":"e2ae7316-e1e9-4803-8ea4-8681ffe6ab66-131047698626432","trial_id":71,"param_name":"m","param_value_internal":0,"distribution":"{\"name\": \"CategoricalDistribution\", \"attributes\": {\"choices\": [16, 32, 64, 128, 256]}}"}
{"op_code":5,"worker_id":"e2ae7316-e1e9-4803-8ea4-8681ffe6ab66-131047698626432","trial_id":71,"param_name":"n","param_value_internal":3,"distribution":"{\"name\": \"CategoricalDistribution\", \"attributes\": {\"choices\": [16, 32, 64, 128, 256]}}"}
{"op_code":5,"worker_id":"e2ae7316-e1e9-4803-8ea4-8681ffe6ab66-131047698626432","trial_id":71,"param_name":"k","param_value_internal":2,"distribution":"{\"name\": \"CategoricalDistribution\", \"attributes\": {\"choices\": [16, 32, 64, 128]}}"}
{"op_code":5,"worker_id":"e2ae7316-e1e9-4803-8ea4-8681ffe6ab66-131047698626432","trial_id":71,"param_name":"gx","param_value_internal":0,"distribution":"{\"name\": \"CategoricalDistribution\", \"attributes\": {\"choices\": [1, 2, 4, 8]}}"}
{"op_code":5,"worker_id":"e2ae7316-e1e9-4803-8ea4-8681ffe6ab66-131047698626432","trial_id":71,"param_name":"gy","param_value_internal":2,"distribution":"{\"name\": \"CategoricalDistribution\", \"attributes\": {\"choices\": [1, 2, 4, 8]}}"}
{"op_code":5,"worker_id":"e2ae7316-e1e9-4803-8ea4-8681ffe6ab66-131047698626432","trial_id":71,"param_name":"sub","param_value_internal":0,"distribution":"{\"name\": \"CategoricalDistribution\", \"attributes\": {\"choices\": [32]}}"}
{"op_code":6,"worker_id":"e2ae7316-e1e9-4803-8ea4-8681ffe6ab66-131047698626432","trial_id":71,"state":2,"values":null,"datetime_complete":"2026-09-17T22:14:57.932262+00:00"}
{"op_code":4,"worker_id":"e2ae7316-e1e9-4803-8ea4-8681ffe6ab66-131047698626432","study_id":0,"datetime_start":"2026-09-17T22:14:57.933720+00:00"}
{"op_code":9,"worker_id":"e2ae7316-e1e9-4803-8ea4-8681ffe6ab66-131047698626432","trial_id":72,"system_attr":{"tpe:relative_params:0":"{\"gx\": 2, \"gy\": 2, \"k\": 128, \"m\": 64, \"n\": 64}"}}
{"op_code":5,"worker_id":"e2ae7316-e1e9-4803-8ea4-8681ffe6ab66-131047698626432","trial_id":72,"param_name":"m","param_value_internal":2,"distribution":"{\"name\": \"CategoricalDistribution\", \"attributes\": {\"choices\": [16, 32, 64, 128, 256]}}"}
{"op_code":5,"worker_id":"e2ae7316-e1e9-4803-8ea4-8681ffe6ab66-131047698626432","trial_id":72,"param_name":"n","param_value_internal":2,"distribution":"{\"name\": \"CategoricalDistribution\", \"attributes\": {\"choices\": [16, 32, 64, 128, 256]}}"}
{"op_code":5,"worker_id":"e2ae7316-e1e9-4803-8ea4-8681ffe6ab66-131047698626432","trial_id":72,"param_name":"k","param_value_internal":3,"distribution":"{\"name\": \"CategoricalDistribution\", \"attributes\": {\"choices\": [16, 32, 64, 128]}}"}
{"op_code":5,"worker_id":"e2ae7316-e1e9-4803-8ea4-8681ffe6ab66-131047698626432","trial_id":72,"param_name":"gx","param_value_internal":1,"distribution":"{\"name\": \"CategoricalDistribution\", \"attributes\": {\"choices\": [1, 2, 4, 8]}}"}
{"op_code":5,"worker_id":"e2ae7316-e1e9-4803-8ea4-8681ffe6ab66-131047698626432","trial_id":72,"param_name":"gy","param_value_internal":1,"distribution":"{\"name\": \"CategoricalDistribution\", \"attributes\": {\"choices\": [1, 2, 4, 8]}}"}
{"op_code":5,"worker_id":"e2ae7316-e1e9-4803-8ea4-8681ffe6ab66-131047698626432","trial_id":72,"param_name":"sub","param_value_internal":0,"distribution":"{\"name\": \"CategoricalDistribution\", \"attributes\": {\"choices\": [32]}}"}
{"op_code":8,"worker_id":"e2ae7316-e1e9-4803-8ea4-8681ffe6ab66-131047698626432","trial_id":72,"user_attr":{"token":"tsweep_t64x64k128g22s32"}}
{"op_code":4,"worker_id":"e2ae7316-e1e9-4803-8ea4-8681ffe6ab66-131047698626432","study_id":0,"datetime_start":"2026-09-17T22:14:57.946778+00:00"}
{"op_code":9,"worker_id":"e2ae7316-e1e9-4803-8ea4-8681ffe6ab66-131047698626432","trial_id":73,"system_attr":{"tpe:relative_params:0":"{\"gx\": 2, \"gy\": 8, \"k\": 32, \"m\": 16, \"n\": 128}"}}
{"op_code":5,"worker_id":"e2ae7316-e1e9-4803-8ea4-8681ffe6ab66-131047698626432","trial_id":73,"param_name":"m","param_value_internal":0,"distribution":"{\"name\": \"CategoricalDistribution\", \"attributes\": {\"choices\": [16, 32, 64, 128, 256]}}"}
{"op_code":5,"worker_id":"e2ae7316-e1e9-4803-8ea4-8681ffe6ab66-131047698626432","trial_id":73,"param_name":"n","param_value_internal":3,"distribution":"{\"name\": \"CategoricalDistribution\", \"attributes\": {\"choices\": [16, 32, 64, 128, 256]}}"}
{"op_code":5,"worker_id":"e2ae7316-e1e9-4803-8ea4-8681ffe6ab66-131047698626432","trial_id":73,"param_name":"k","param_value_internal":1,"distribution":"{\"name\": \"CategoricalDistribution\", \"attributes\": {\"choices\": [16, 32, 64, 128]}}"}
{"op_code":5,"worker_id":"e2ae7316-e1e9-4803-8ea4-8681ffe6ab66-131047698626432","trial_id":73,"param_name":"gx","param_value_internal":1,"distribution":"{\"name\": \"CategoricalDistribution\", \"attributes\": {\"choices\": [1, 2, 4, 8]}}"}
{"op_code":5,"worker_id":"e2ae7316-e1e9-4803-8ea4-8681ffe6ab66-131047698626432","trial_id":73,"param_name":"gy","param_value_internal":3,"distribution":"{\"name\": \"CategoricalDistribution\", \"attributes\": {\"choices\": [1, 2, 4, 8]}}"}
{"op_code":5,"worker_id":"e2ae7316-e1e9-4803-8ea4-8681ffe6ab66-131047698626432","trial_id":73,"param_name":"sub","param_value_internal":0,"distribution":"{\"name\": \"CategoricalDistribution\", \"attributes\": {\"choices\": [32]}}"}
{"op_code":6,"worker_id":"e2ae7316-e1e9-4803-8ea4-8681ffe6ab66-131047698626432","trial_id":73,"state":2,"values":null,"datetime_complete":"2026-09-17T22:14:57.958638+00:00"}
{"op_code":4,"worker_id":"e2ae7316-e1e9-4803-8ea4-8681ffe6ab66-131047698626432","study_id":0,"datetime_start":"2026-09-17T22:14:57.960143+00:00"}
{"op_code":9,"worker_id":"e2ae7316-e1e9-4803-8ea4-8681ffe6ab66-131047698626432","trial_id":74,"system_attr":{"tpe:relative_params:0":"{\"gx\": 4, \"gy\": 1, \"k\": 32, \"m\": 16, \"n\": 128}"}}
{"op_code":5,"worker_id":"e2ae7316-e1e9-4803-8ea4-8681ffe6ab66-131047698626432","trial_id":74,"param_name":"m","param_value_internal":0,"distribution":"{\"name\": \"CategoricalDistribution\", \"attributes\": {\"choices\": [16, 32, 64, 128, 256]}}"}
{"op_code":5,"worker_id":"e2ae7316-e1e9-4803-8ea4-8681ffe6ab66-131047698626432","trial_id":74,"param_name":"n","param_value_internal":3,"distribution":"{\"name\": \"CategoricalDistribution\", \"attributes\": {\"choices\": [16, 32, 64, 128, 256]}}"}
{"op_code":5,"worker_id":"e2ae7316-e1e9-4803-8ea4-8681ffe6ab66-131047698626432","trial_id":74,"param_name":"k","param_value_internal":1,"distribution":"{\"name\": \"CategoricalDistribution\", \"attributes\": {\"choices\": [16, 32, 64, 128]}}"}
{"op_code":5,"worker_id":"e2ae7316-e1e9-4803-8ea4-8681ffe6ab66-131047698626432","trial_id":74,"param_name":"gx","param_value_internal":2,"distribution":"{\"name\": \"CategoricalDistribution\", \"attributes\": {\"choices\": [1, 2, 4, 8]}}"}
{"op_code":5,"worker_id":"e2ae7316-e1e9-4803-8ea4-8681ffe6ab66-131047698626432","trial_id":74,"param_name":"gy","param_value_internal":0,"distribution":"{\"name\": \"CategoricalDistribution\", \"attributes\": {\"choices\": [1, 2, 4, 8]}}"}
{"op_code":5,"worker_id":"e2ae7316-e1e9-4803-8ea4-8681ffe6ab66-131047698626432","trial_id":74,"param_name":"sub","param_value_internal":0,"distribution":"{\"name\": \"CategoricalDistribution\", \"attributes\": {\"choices\": [32]}}"}
{"op_code":8,"worker_id":"e2ae7316-e1e9-4803-8ea4-8681ffe6ab66-131047698626432","trial_id":74,"user_attr":{"token":"tsweep_t16x128k32g41s32"}}
{"op_code":4,"worker_id":"e2ae7316-e1e9-4803-8ea4-8681ffe6ab66-131047698626432","study_id":0,"datetime_start":"2026-09-17T22:14:57.973120+00:00"}
{"op_code":9,"worker_id":"e2ae7316-e1e9-4803-8ea4-8681ffe6ab66-131047698626432","trial_id":75,"system_attr":{"tpe:relative_params:0":"{\"gx\": 2, \"gy\": 8, \"k\": 64, \"m\": 32, \"n\": 32}"}}
{"op_code":5,"worker_id":"e2ae7316-e1e9-4803-8ea4-8681ffe6ab66-131047698626432","trial_id":75,"param_name":"m","param_value_internal":1,"distribution":"{\"name\": \"CategoricalDistribution\", \"attributes\": {\"choices\": [16, 32, 64, 128, 256]}}"}
{"op_code":5,"worker_id":"e2ae7316-e1e9-4803-8ea4-8681ffe6ab66-131047698626432","trial_id":75,"param_name":"n","param_value_internal":1,"distribution":"{\"name\": \"CategoricalDistribution\", \"attributes\": {\"choices\": [16, 32, 64, 128, 256]}}"}
{"op_code":5,"worker_id":"e2ae7316-e1e9-4803-8ea4-8681ffe6ab66-131047698626432","trial_id":75,"param_name":"k","param_value_internal":2,"distribution":"{\"name\": \"CategoricalDistribution\", \"attributes\": {\"choices\": [16, 32, 64, 128]}}"}
{"op_code":5,"worker_id":"e2ae7316-e1e9-4803-8ea4-8681ffe6ab66-131047698626432","trial_id":75,"param_name":"gx","param_value_internal":1,"distribution":"{\"name\": \"CategoricalDistribution\", \"attributes\": {\"choices\": [1, 2, 4, 8]}}"}
{"op_code":5,"worker_id":"e2ae7316-e1e9-4803-8ea4-8681ffe6ab66-131047698626432","trial_id":75,"param_name":"gy","param_value_internal":3,"distribution":"{\"name\": \"CategoricalDistribution\", \"attributes\": {\"choices\": [1, 2, 4, 8]}}"}
{"op_code":5,"worker_id":"e2ae7316-e1e9-4803-8ea4-8681ffe6ab66-131047698626432","trial_id":75,"param_name":"sub","param_value_internal":0,"distribution":"{\"name\": \"CategoricalDistribution\", \"attributes\": {\"choices\": [32]}}"}
{"op_code":6,"worker_id":"e2ae7316-e1e9-4803-8ea4-8681ffe6ab66-131047698626432","trial_id":75,"state":2,"values":null,"datetime_complete":"2026-09-17T22:14:57.984609+00:00"}
{"op_code":4,"worker_id":"e2ae7316-e1e9-4803-8ea4-8681ffe6ab66-131047698626432","study_id":0,"datetime_start":"2026-09-17T22:14:57.986108+00:00"}
{"op_code":9,"worker_id":"e2ae7316-e1e9-4803-8ea4-8681ffe6ab66-131047698626432","trial_id":76,"system_attr":{"tpe:relative_params:0":"{\"gx\": 1, \"gy\": 8, \"k\": 64, \"m\": 128, \"n\": 128}"}}
{"op_code":5,"worker_id":"e2ae7316-e1e9-4803-8ea4-8681ffe6ab66-131047698626432","trial_id":76,"param_name":"m","param_value_internal":3,"distribution":"{\"name\": \"CategoricalDistribution\", \"attributes\": {\"choices\": [16, 32, 64, 128, 256]}}"}
{"op_code":5,"worker_id":"e2ae7316-e1e9-4803-8ea4-8681ffe6ab66-131047698626432","trial_id":76,"param_name":"n","param_value_internal":3,"distribution":"{\"name\": \"CategoricalDistribution\", \"attributes\": {\"choices\": [16, 32, 64, 128, 256]}}"}
{"op_code":5,"worker_id":"e2ae7316-e1e9-4803-8ea4-8681ffe6ab66-131047698626432","trial_id":76,"param_name":"k","param_value_internal":2,"distribution":"{\"name\": \"CategoricalDistribution\", \"attributes\": {\"choices\": [16, 32, 64, 128]}}"}
{"op_code":5,"worker_id":"e2ae7316-e1e9-4803-8ea4-8681ffe6ab66-131047698626432","trial_id":76,"param_name":"gx","param_value_internal":0,"distribution":"{\"name\": \"CategoricalDistribution\", \"attributes\": {\"choices\": [1, 2, 4, 8]}}"}
{"op_code":5,"worker_id":"e2ae7316-e1e9-4803-8ea4-8681ffe6ab66-131047698626432","trial_id":76,"param_name":"gy","param_value_internal":3,"distribution":"{\"name\": \"CategoricalDistribution\", \"attributes\": {\"choices\": [1, 2, 4, 8]}}"}
{"op_code":5,"worker_id":"e2ae7316-e1e9-4803-8ea4-8681ffe6ab66-131047698626432","trial_id":76,"param_name":"sub","param_value_internal":0,"distribution":"{\"name\": \"CategoricalDistribution\", \"attributes\": {\"choices\": [32]}}"}
{"op_code":6,"worker_id":"e2ae7316-e1e9-4803-8ea4-8681ffe6ab66-131047698626432","trial_id":76,"state":2,"values":null,"datetime_complete":"2026-09-17T22:14:57.998165+00:00"}
{"op_code":4,"worker_id":"e2ae7316-e1e9-4803-8ea4-8681ffe6ab66-131047698626432","study_id":0,"datetime_start":"2026-09-17T22:14:57.999606+00:00"}
{"op_code":9,"worker_id":"e2ae7316-e1e9-4803-8ea4-8681ffe6ab66-131047698626432","trial_id":77,"system_attr":{"tpe:relative_params:0":"{\"gx\": 4, \"gy\": 8, \"k\": 16, \"m\": 256, \"n\": 32}"}}
{"op_code":5,"worker_id":"e2ae7316-e1e9-4803-8ea4-8681ffe6ab66-131047698626432","trial_id":77,"param_name":"m","param_value_internal":4,"distribution":"{\"name\": \"CategoricalDistribution\", \"attributes\": {\"choices\": [16, 32, 64, 128, 256]}}"}
{"op_code":5,"worker_id":"e2ae7316-e1e9-4803-8ea4-8681ffe6ab66-131047698626432","trial_id":77,"param_name":"n","param_value_internal":1,"distribution":"{\"name\": \"CategoricalDistribution\", \"attributes\": {\"choices\": [16, 32, 64, 128, 256]}}"}
{"op_code":5,"worker_id":"e2ae7316-e1e9-4803-8ea4-8681ffe6ab66-131047698626432","trial_id":77,"param_name":"k","param_value_internal":0,"distribution":"{\"name\": \"CategoricalDistribution\", \"attributes\": {\"choices\": [16, 32, 64, 128]}}"}
{"op_code":5,"worker_id":"e2ae7316-e1e9-4803-8ea4-8681ffe6ab66-131047698626432","trial_id":77,"param_name":"gx","param_value_internal":2,"distribution":"{\"name\": \"CategoricalDistribution\", \"attributes\": {\"choices\": [1, 2, 4, 8]}}"}
{"op_code":5,"worker_id":"e2ae7316-e1e9-4803-8ea4-8681ffe6ab66-131047698626432","trial_id":77,"param_name":"gy","param_value_internal":3,"distribution":"{\"name\": \"CategoricalDistribution\", \"attributes\": {\"choices\": [1, 2, 4, 8]}}"}
{"op_code":5,"worker_id":"e2ae7316-e1e9-4803-8ea4-8681ffe6ab66-131047698626432","trial_id":77,"param_name":"sub","param_value_internal":0,"distribution":"{\"name\": \"CategoricalDistribution\", \"attributes\": {\"choices\": [32]}}"}
{"op_code":6,"worker_id":"e2ae7316-e1e9-4803-8ea4-8681ffe6ab66-131047698626432","trial_id":77,"state":2,"values":null,"datetime_complete":"2026-09-17T22:14:58.011593+00:00"}
{"op_code":4,"worker_id":"e2ae7316-e1e9-4803-8ea4-8681ffe6ab66-131047698626432","study_id":0,"datetime_start":"2026-09-17T22:14:58.013025+00:00"}
{"op_code":9,"worker_id":"e2ae7316-e1e9-4803-8ea4-8681ffe6ab66-131047698626432","trial_id":78,"system_attr":{"tpe:relative_params:0":"{\"gx\": 2, \"gy\": 4, \"k\": 32, \"m\": 256, \"n\": 128}"}}
{"op_code":5,"worker_id":"e2ae7316-e1e9-4803-8ea4-8681ffe6ab66-131047698626432","trial_id":78,"param_name":"m","param_value_internal":4,"distribution":"{\"name\": \"CategoricalDistribution\", \"attributes\": {\"choices\": [16, 32, 64, 128, 256]}}"}
{"op_code":5,"worker_id":"e2ae7316-e1e9-4803-8ea4-8681ffe6ab66-131047698626432","trial_id":78,"param_name":"n","param_value_internal":3,"distribution":"{\"name\": \"CategoricalDistribution\", \"attributes\": {\"choices\": [16, 32, 64, 128, 256]}}"}
{"op_code":5,"worker_id":"e2ae7316-e1e9-4803-8ea4-8681ffe6ab66-131047698626432","trial_id":78,"param_name":"k","param_value_internal":1,"distribution":"{\"name\": \"CategoricalDistribution\", \"attributes\": {\"choices\": [16, 32, 64, 128]}}"}
{"op_code":5,"worker_id":"e2ae7316-e1e9-4803-8ea4-8681ffe6ab66-131047698626432","trial_id":78,"param_name":"gx","param_value_internal":1,"distribution":"{\"name\": \"CategoricalDistribution\", \"attributes\": {\"choices\": [1, 2, 4, 8]}}"}
{"op_code":5,"worker_id":"e2ae7316-e1e9-4803-8ea4-8681ffe6ab66-131047698626432","trial_id":78,"param_name":"gy","param_value_internal":2,"distribution":"{\"name\": \"CategoricalDistribution\", \"attributes\": {\"choices\": [1, 2, 4, 8]}}"}
{"op_code":5,"worker_id":"e2ae7316-e1e9-4803-8ea4-8681ffe6ab66-131047698626432","trial_id":78,"param_name":"sub","param_value_internal":0,"distribution":"{\"name\": \"CategoricalDistribution\", \"attributes\": {\"choices\": [32]}}"}
{"op_code":8,"worker_id":"e2ae7316-e1e9-4803-8ea4-8681ffe6ab66-131047698626432","trial_id":78,"user_attr":{"token":"tsweep_t256x128k32g24s32"}}
{"op_code":6,"worker_id":"e2ae7316-e1e9-4803-8ea4-8681ffe6ab66-131047698626432","trial_id":0,"state":1,"values":[18450.5],"datetime_complete":"2026-09-17T22:15:07.666227+00:00"}
{"op_code":6,"worker_id":"e2ae7316-e1e9-4803-8ea4-8681ffe6ab66-131047698626432","trial_id":1,"state":1,"values":[13837.8],"datetime_complete":"2026-09-17T22:15:13.510664+00:00"}
{"op_code":6,"worker_id":"e2ae7316-e1e9-4803-8ea4-8681ffe6ab66-131047698626432","trial_id":5,"state":1,"values":[9505.99],"datetime_complete":"2026-09-17T22:15:19.521989+00:00"}
{"op_code":6,"worker_id":"e2ae7316-e1e9-4803-8ea4-8681ffe6ab66-131047698626432","trial_id":8,"state":1,"values":[16516.1],"datetime_complete":"2026-09-17T22:15:25.143225+00:00"}
{"op_code":6,"worker_id":"e2ae7316-e1e9-4803-8ea4-8681ffe6ab66-131047698626432","trial_id":11,"state":1,"values":[10584.05],"datetime_complete":"2026-09-17T22:15:31.192591+00:00"}
{"op_code":6,"worker_id":"e2ae7316-e1e9-4803-8ea4-8681ffe6ab66-131047698626432","trial_id":15,"state":1,"values":[15003.849999999999],"datetime_complete":"2026-09-17T22:15:36.752095+00:00"}
{"op_code":6,"worker_id":"e2ae7316-e1e9-4803-8ea4-8681ffe6ab66-131047698626432","trial_id":21,"state":1,"values":[15283.6],"datetime_complete":"2026-09-17T22:15:42.345871+00:00"}
{"op_code":6,"worker_id":"e2ae7316-e1e9-4803-8ea4-8681ffe6ab66-131047698626432","trial_id":29,"state":1,"values":[14524.8],"datetime_complete":"2026-09-17T22:15:48.165375+00:00"}
{"op_code":6,"worker_id":"e2ae7316-e1e9-4803-8ea4-8681ffe6ab66-131047698626432","trial_id":40,"state":1,"values":[12227.0],"datetime_complete":"2026-09-17T22:15:58.926050+00:00"}
{"op_code":6,"worker_id":"e2ae7316-e1e9-4803-8ea4-8681ffe6ab66-131047698626432","trial_id":46,"state":2,"values":null,"datetime_complete":"2026-09-17T22:16:06.512452+00:00"}
{"op_code":6,"worker_id":"e2ae7316-e1e9-4803-8ea4-8681ffe6ab66-131047698626432","trial_id":47,"state":2,"values":null,"datetime_complete":"2026-09-17T22:16:29.900118+00:00"}
{"op_code":6,"worker_id":"e2ae7316-e1e9-4803-8ea4-8681ffe6ab66-131047698626432","trial_id":56,"state":1,"values":[19051.6],"datetime_complete":"2026-09-17T22:16:35.456465+00:00"}
{"op_code":6,"worker_id":"e2ae7316-e1e9-4803-8ea4-8681ffe6ab66-131047698626432","trial_id":61,"state":1,"values":[16786.9],"datetime_complete":"2026-09-17T22:16:41.029948+00:00"}
{"op_code":6,"worker_id":"e2ae7316-e1e9-4803-8ea4-8681ffe6ab66-131047698626432","trial_id":72,"state":1,"values":[12263.5],"datetime_complete":"2026-09-17T22:16:46.826768+00:00"}
{"op_code":6,"worker_id":"e2ae7316-e1e9-4803-8ea4-8681ffe6ab66-131047698626432","trial_id":74,"state":1,"values":[9570.09],"datetime_complete":"2026-09-17T22:16:52.686444+00:00"}
{"op_code":6,"worker_id":"e2ae7316-e1e9-4803-8ea4-8681ffe6ab66-131047698626432","trial_id":78,"state":1,"values":[16516.1],"datetime_complete":"2026-09-17T22:16:58.644602+00:00"}
{"op_code":4,"worker_id":"e2ae7316-e1e9-4803-8ea4-8681ffe6ab66-131047698626432","study_id":0,"datetime_start":"2026-09-17T22:16:58.647462+00:00"}
{"op_code":9,"worker_id":"e2ae7316-e1e9-4803-8ea4-8681ffe6ab66-131047698626432","trial_id":79,"system_attr":{"tpe:relative_params:0":"{\"gx\": 4, \"gy\": 1, \"k\": 32, \"m\": 64, \"n\": 64}"}}
{"op_code":5,"worker_id":"e2ae7316-e1e9-4803-8ea4-8681ffe6ab66-131047698626432","trial_id":79,"param_name":"m","param_value_internal":2,"distribution":"{\"name\": \"CategoricalDistribution\", \"attributes\": {\"choices\": [16, 32, 64, 128, 256]}}"}
{"op_code":5,"worker_id":"e2ae7316-e1e9-4803-8ea4-8681ffe6ab66-131047698626432","trial_id":79,"param_name":"n","param_value_internal":2,"distribution":"{\"name\": \"CategoricalDistribution\", \"attributes\": {\"choices\": [16, 32, 64, 128, 256]}}"}
{"op_code":5,"worker_id":"e2ae7316-e1e9-4803-8ea4-8681ffe6ab66-131047698626432","trial_id":79,"param_name":"k","param_value_internal":1,"distribution":"{\"name\": \"CategoricalDistribution\", \"attributes\": {\"choices\": [16, 32, 64, 128]}}"}
{"op_code":5,"worker_id":"e2ae7316-e1e9-4803-8ea4-8681ffe6ab66-131047698626432","trial_id":79,"param_name":"gx","param_value_internal":2,"distribution":"{\"name\": \"CategoricalDistribution\", \"attributes\": {\"choices\": [1, 2, 4, 8]}}"}
{"op_code":5,"worker_id":"e2ae7316-e1e9-4803-8ea4-8681ffe6ab66-131047698626432","trial_id":79,"param_name":"gy","param_value_internal":0,"distribution":"{\"name\": \"CategoricalDistribution\", \"attributes\": {\"choices\": [1, 2, 4, 8]}}"}
{"op_code":5,"worker_id":"e2ae7316-e1e9-4803-8ea4-8681ffe6ab66-131047698626432","trial_id":79,"param_name":"sub","param_value_internal":0,"distribution":"{\"name\": \"CategoricalDistribution\", \"attributes\": {\"choices\": [32]}}"}
{"op_code":6,"worker_id":"e2ae7316-e1e9-4803-8ea4-8681ffe6ab66-131047698626432","trial_id":79,"state":2,"values":null,"datetime_complete":"2026-09-17T22:16:58.661788+00:00"}
{"op_code":4,"worker_id":"e2ae7316-e1e9-4803-8ea4-8681ffe6ab66-131047698626432","study_id":0,"datetime_start":"2026-09-17T22:16:58.663366+00:00"}
{"op_code":9,"worker_id":"e2ae7316-e1e9-4803-8ea4-8681ffe6ab66-131047698626432","trial_id":80,"system_attr":{"tpe:relative_params:0":"{\"gx\": 4, \"gy\": 4, \"k\": 32, \"m\": 128, \"n\": 128}"}}
{"op_code":5,"worker_id":"e2ae7316-e1e9-4803-8ea4-8681ffe6ab66-131047698626432","trial_id":80,"param_name":"m","param_value_internal":3,"distribution":"{\"name\": \"CategoricalDistribution\", \"attributes\": {\"choices\": [16, 32, 64, 128, 256]}}"}
{"op_code":5,"worker_id":"e2ae7316-e1e9-4803-8ea4-8681ffe6ab66-131047698626432","trial_id":80,"param_name":"n","param_value_internal":3,"distribution":"{\"name\": \"CategoricalDistribution\", \"attributes\": {\"choices\": [16, 32, 64, 128, 256]}}"}
{"op_code":5,"worker_id":"e2ae7316-e1e9-4803-8ea4-8681ffe6ab66-131047698626432","trial_id":80,"param_name":"k","param_value_internal":1,"distribution":"{\"name\": \"CategoricalDistribution\", \"attributes\": {\"choices\": [16, 32, 64, 128]}}"}
{"op_code":5,"worker_id":"e2ae7316-e1e9-4803-8ea4-8681ffe6ab66-131047698626432","trial_id":80,"param_name":"gx","param_value_internal":2,"distribution":"{\"name\": \"CategoricalDistribution\", \"attributes\": {\"choices\": [1, 2, 4, 8]}}"}
{"op_code":5,"worker_id":"e2ae7316-e1e9-4803-8ea4-8681ffe6ab66-131047698626432","trial_id":80,"param_name":"gy","param_value_internal":2,"distribution":"{\"name\": \"CategoricalDistribution\", \"attributes\": {\"choices\": [1, 2, 4, 8]}}"}
{"op_code":5,"worker_id":"e2ae7316-e1e9-4803-8ea4-8681ffe6ab66-131047698626432","trial_id":80,"param_name":"sub","param_value_internal":0,"distribution":"{\"name\": \"CategoricalDistribution\", \"attributes\": {\"choices\": [32]}}"}
{"op_code":6,"worker_id":"e2ae7316-e1e9-4803-8ea4-8681ffe6ab66-131047698626432","trial_id":80,"state":2,"values":null,"datetime_complete":"2026-09-17T22:16:58.676858+00:00"}
{"op_code":4,"worker_id":"e2ae7316-e1e9-4803-8ea4-8681ffe6ab66-131047698626432","study_id":0,"datetime_start":"2026-09-17T22:16:58.678475+00:00"}
{"op_code":9,"worker_id":"e2ae7316-e1e9-4803-8ea4-8681ffe6ab66-131047698626432","trial_id":81,"system_attr":{"tpe:relative_params:0":"{\"gx\": 8, \"gy\": 2, \"k\": 64, \"m\": 32, \"n\": 128}"}}
{"op_code":5,"worker_id":"e2ae7316-e1e9-4803-8ea4-8681ffe6ab66-131047698626432","trial_id":81,"param_name":"m","param_value_internal":1,"distribution":"{\"name\": \"CategoricalDistribution\", \"attributes\": {\"choices\": [16, 32, 64, 128, 256]}}"}
{"op_code":5,"worker_id":"e2ae7316-e1e9-4803-8ea4-8681ffe6ab66-131047698626432","trial_id":81,"param_name":"n","param_value_internal":3,"distribution":"{\"name\": \"CategoricalDistribution\", \"attributes\": {\"choices\": [16, 32, 64, 128, 256]}}"}
{"op_code":5,"worker_id":"e2ae7316-e1e9-4803-8ea4-8681ffe6ab66-131047698626432","trial_id":81,"param_name":"k","param_value_internal":2,"distribution":"{\"name\": \"CategoricalDistribution\", \"attributes\": {\"choices\": [16, 32, 64, 128]}}"}
{"op_code":5,"worker_id":"e2ae7316-e1e9-4803-8ea4-8681ffe6ab66-131047698626432","trial_id":81,"param_name":"gx","param_value_internal":3,"distribution":"{\"name\": \"CategoricalDistribution\", \"attributes\": {\"choices\": [1, 2, 4, 8]}}"}
{"op_code":5,"worker_id":"e2ae7316-e1e9-4803-8ea4-8681ffe6ab66-131047698626432","trial_id":81,"param_name":"gy","param_value_internal":1,"distribution":"{\"name\": \"CategoricalDistribution\", \"attributes\": {\"choices\": [1, 2, 4, 8]}}"}
{"op_code":5,"worker_id":"e2ae7316-e1e9-4803-8ea4-8681ffe6ab66-131047698626432","trial_id":81,"param_name":"sub","param_value_internal":0,"distribution":"{\"name\": \"CategoricalDistribution\", \"attributes\": {\"choices\": [32]}}"}
{"op_code":6,"worker_id":"e2ae7316-e1e9-4803-8ea4-8681ffe6ab66-131047698626432","trial_id":81,"state":2,"values":null,"datetime_complete":"2026-09-17T22:16:58.691603+00:00"}
{"op_code":4,"worker_id":"e2ae7316-e1e9-4803-8ea4-8681ffe6ab66-131047698626432","study_id":0,"datetime_start":"2026-09-17T22:16:58.693159+00:00"}
{"op_code":9,"worker_id":"e2ae7316-e1e9-4803-8ea4-8681ffe6ab66-131047698626432","trial_id":82,"system_attr":{"tpe:relative_params:0":"{\"gx\": 4, \"gy\": 2, \"k\": 32, \"m\": 128, \"n\": 64}"}}
{"op_code":5,"worker_id":"e2ae7316-e1e9-4803-8ea4-8681ffe6ab66-131047698626432","trial_id":82,"param_name":"m","param_value_internal":3,"distribution":"{\"name\": \"CategoricalDistribution\", \"attributes\": {\"choices\": [16, 32, 64, 128, 256]}}"}
{"op_code":5,"worker_id":"e2ae7316-e1e9-4803-8ea4-8681ffe6ab66-131047698626432","trial_id":82,"param_name":"n","param_value_internal":2,"distribution":"{\"name\": \"CategoricalDistribution\", \"attributes\": {\"choices\": [16, 32, 64, 128, 256]}}"}
{"op_code":5,"worker_id":"e2ae7316-e1e9-4803-8ea4-8681ffe6ab66-131047698626432","trial_id":82,"param_name":"k","param_value_internal":1,"distribution":"{\"name\": \"CategoricalDistribution\", \"attributes\": {\"choices\": [16, 32, 64, 128]}}"}
{"op_code":5,"worker_id":"e2ae7316-e1e9-4803-8ea4-8681ffe6ab66-131047698626432","trial_id":82,"param_name":"gx","param_value_internal":2,"distribution":"{\"name\": \"CategoricalDistribution\", \"attributes\": {\"choices\": [1, 2, 4, 8]}}"}
{"op_code":5,"worker_id":"e2ae7316-e1e9-4803-8ea4-8681ffe6ab66-131047698626432","trial_id":82,"param_name":"gy","param_value_internal":1,"distribution":"{\"name\": \"CategoricalDistribution\", \"attributes\": {\"choices\": [1, 2, 4, 8]}}"}
{"op_code":5,"worker_id":"e2ae7316-e1e9-4803-8ea4-8681ffe6ab66-131047698626432","trial_id":82,"param_name":"sub","param_value_internal":0,"distribution":"{\"name\": \"CategoricalDistribution\", \"attributes\": {\"choices\": [32]}}"}
{"op_code":6,"worker_id":"e2ae7316-e1e9-4803-8ea4-8681ffe6ab66-131047698626432","trial_id":82,"state":2,"values":null,"datetime_complete":"2026-09-17T22:16:58.705971+00:00"}
{"op_code":4,"worker_id":"e2ae7316-e1e9-4803-8ea4-8681ffe6ab66-131047698626432","study_id":0,"datetime_start":"2026-09-17T22:16:58.707539+00:00"}
{"op_code":9,"worker_id":"e2ae7316-e1e9-4803-8ea4-8681ffe6ab66-131047698626432","trial_id":83,"system_attr":{"tpe:relative_params:0":"{\"gx\": 8, \"gy\": 4, \"k\": 32, \"m\": 64, \"n\": 128}"}}
{"op_code":5,"worker_id":"e2ae7316-e1e9-4803-8ea4-8681ffe6ab66-131047698626432","trial_id":83,"param_name":"m","param_value_internal":2,"distribution":"{\"name\": \"CategoricalDistribution\", \"attributes\": {\"choices\": [16, 32, 64, 128, 256]}}"}
{"op_code":5,"worker_id":"e2ae7316-e1e9-4803-8ea4-8681ffe6ab66-131047698626432","trial_id":83,"param_name":"n","param_value_internal":3,"distribution":"{\"name\": \"CategoricalDistribution\", \"attributes\": {\"choices\": [16, 32, 64, 128, 256]}}"}
{"op_code":5,"worker_id":"e2ae7316-e1e9-4803-8ea4-8681ffe6ab66-131047698626432","trial_id":83,"param_name":"k","param_value_internal":1,"distribution":"{\"name\": \"CategoricalDistribution\", \"attributes\": {\"choices\": [16, 32, 64, 128]}}"}
{"op_code":5,"worker_id":"e2ae7316-e1e9-4803-8ea4-8681ffe6ab66-131047698626432","trial_id":83,"param_name":"gx","param_value_internal":3,"distribution":"{\"name\": \"CategoricalDistribution\", \"attributes\": {\"choices\": [1, 2, 4, 8]}}"}
{"op_code":5,"worker_id":"e2ae7316-e1e9-4803-8ea4-8681ffe6ab66-131047698626432","trial_id":83,"param_name":"gy","param_value_internal":2,"distribution":"{\"name\": \"CategoricalDistribution\", \"attributes\": {\"choices\": [1, 2, 4, 8]}}"}
{"op_code":5,"worker_id":"e2ae7316-e1e9-4803-8ea4-8681ffe6ab66-131047698626432","trial_id":83,"param_name":"sub","param_value_internal":0,"distribution":"{\"name\": \"CategoricalDistribution\", \"attributes\": {\"choices\": [32]}}"}
{"op_code":6,"worker_id":"e2ae7316-e1e9-4803-8ea4-8681ffe6ab66-131047698626432","trial_id":83,"state":2,"values":null,"datetime_complete":"2026-09-17T22:16:58.719991+00:00"}
{"op_code":4,"worker_id":"e2ae7316-e1e9-4803-8ea4-8681ffe6ab66-131047698626432","study_id":0,"datetime_start":"2026-09-17T22:16:58.721522+00:00"}
{"op_code":9,"worker_id":"e2ae7316-e1e9-4803-8ea4-8681ffe6ab66-131047698626432","trial_id":84,"system_attr":{"tpe:relative_params:0":"{\"gx\": 1, \"gy\": 8, \"k\": 32, \"m\": 256, \"n\": 32}"}}
{"op_code":5,"worker_id":"e2ae7316-e1e9-4803-8ea4-8681ffe6ab66-131047698626432","trial_id":84,"param_name":"m","param_value_internal":4,"distribution":"{\"name\": \"CategoricalDistribution\", \"attributes\": {\"choices\": [16, 32, 64, 128, 256]}}"}
{"op_code":5,"worker_id":"e2ae7316-e1e9-4803-8ea4-8681ffe6ab66-131047698626432","trial_id":84,"param_name":"n","param_value_internal":1,"distribution":"{\"name\": \"CategoricalDistribution\", \"attributes\": {\"choices\": [16, 32, 64, 128, 256]}}"}
{"op_code":5,"worker_id":"e2ae7316-e1e9-4803-8ea4-8681ffe6ab66-131047698626432","trial_id":84,"param_name":"k","param_value_internal":1,"distribution":"{\"name\": \"CategoricalDistribution\", \"attributes\": {\"choices\": [16, 32, 64, 128]}}"}
{"op_code":5,"worker_id":"e2ae7316-e1e9-4803-8ea4-8681ffe6ab66-131047698626432","trial_id":84,"param_name":"gx","param_value_internal":0,"distribution":"{\"name\": \"CategoricalDistribution\", \"attributes\": {\"choices\": [1, 2, 4, 8]}}"}
{"op_code":5,"worker_id":"e2ae7316-e1e9-4803-8ea4-8681ffe6ab66-131047698626432","trial_id":84,"param_name":"gy","param_value_internal":3,"distribution":"{\"name\": \"CategoricalDistribution\", \"attributes\": {\"choices\": [1, 2, 4, 8]}}"}
{"op_code":5,"worker_id":"e2ae7316-e1e9-4803-8ea4-8681ffe6ab66-131047698626432","trial_id":84,"param_name":"sub","param_value_internal":0,"distribution":"{\"name\": \"CategoricalDistribution\", \"attributes\": {\"choices\": [32]}}"}
{"op_code":6,"worker_id":"e2ae7316-e1e9-4803-8ea4-8681ffe6ab66-131047698626432","trial_id":84,"state":2,"values":null,"datetime_complete":"2026-09-17T22:16:58.733777+00:00"}
{"op_code":4,"worker_id":"e2ae7316-e1e9-4803-8ea4-8681ffe6ab66-131047698626432","study_id":0,"datetime_start":"2026-09-17T22:16:58.735278+00:00"}
{"op_code":9,"worker_id":"e2ae7316-e1e9-4803-8ea4-8681ffe6ab66-131047698626432","trial_id":85,"system_attr":{"tpe:relative_params:0":"{\"gx\": 4, \"gy\": 4, \"k\": 128, \"m\": 128, \"n\": 32}"}}
{"op_code":5,"worker_id":"e2ae7316-e1e9-4803-8ea4-8681ffe6ab66-131047698626432","trial_id":85,"param_name":"m","param_value_internal":3,"distribution":"{\"name\": \"CategoricalDistribution\", \"attributes\": {\"choices\": [16, 32, 64, 128, 256]}}"}
{"op_code":5,"worker_id":"e2ae7316-e1e9-4803-8ea4-8681ffe6ab66-131047698626432","trial_id":85,"param_name":"n","param_value_internal":1,"distribution":"{\"name\": \"CategoricalDistribution\", \"attributes\": {\"choices\": [16, 32, 64, 128, 256]}}"}
{"op_code":5,"worker_id":"e2ae7316-e1e9-4803-8ea4-8681ffe6ab66-131047698626432","trial_id":85,"param_name":"k","param_value_internal":3,"distribution":"{\"name\": \"CategoricalDistribution\", \"attributes\": {\"choices\": [16, 32, 64, 128]}}"}
{"op_code":5,"worker_id":"e2ae7316-e1e9-4803-8ea4-8681ffe6ab66-131047698626432","trial_id":85,"param_name":"gx","param_value_internal":2,"distribution":"{\"name\": \"CategoricalDistribution\", \"attributes\": {\"choices\": [1, 2, 4, 8]}}"}
{"op_code":5,"worker_id":"e2ae7316-e1e9-4803-8ea4-8681ffe6ab66-131047698626432","trial_id":85,"param_name":"gy","param_value_internal":2,"distribution":"{\"name\": \"CategoricalDistribution\", \"attributes\": {\"choices\": [1, 2, 4, 8]}}"}
{"op_code":5,"worker_id":"e2ae7316-e1e9-4803-8ea4-8681ffe6ab66-131047698626432","trial_id":85,"param_name":"sub","param_value_internal":0,"distribution":"{\"name\": \"CategoricalDistribution\", \"attributes\": {\"choices\": [32]}}"}
{"op_code":6,"worker_id":"e2ae7316-e1e9-4803-8ea4-8681ffe6ab66-131047698626432","trial_id":85,"state":2,"values":null,"datetime_complete":"2026-09-17T22:16:58.748167+00:00"}
{"op_code":4,"worker_id":"e2ae7316-e1e9-4803-8ea4-8681ffe6ab66-131047698626432","study_id":0,"datetime_start":"2026-09-17T22:16:58.749712+00:00"}
{"op_code":9,"worker_id":"e2ae7316-e1e9-4803-8ea4-8681ffe6ab66-131047698626432","trial_id":86,"system_attr":{"tpe:relative_params:0":"{\"gx\": 1, \"gy\": 4, \"k\": 32, \"m\": 128, \"n\": 32}"}}
{"op_code":5,"worker_id":"e2ae7316-e1e9-4803-8ea4-8681ffe6ab66-131047698626432","trial_id":86,"param_name":"m","param_value_internal":3,"distribution":"{\"name\": \"CategoricalDistribution\", \"attributes\": {\"choices\": [16, 32, 64, 128, 256]}}"}
{"op_code":5,"worker_id":"e2ae7316-e1e9-4803-8ea4-8681ffe6ab66-131047698626432","trial_id":86,"param_name":"n","param_value_internal":1,"distribution":"{\"name\": \"CategoricalDistribution\", \"attributes\": {\"choices\": [16, 32, 64, 128, 256]}}"}
{"op_code":5,"worker_id":"e2ae7316-e1e9-4803-8ea4-8681ffe6ab66-131047698626432","trial_id":86,"param_name":"k","param_value_internal":1,"distribution":"{\"name\": \"CategoricalDistribution\", \"attributes\": {\"choices\": [16, 32, 64, 128]}}"}
{"op_code":5,"worker_id":"e2ae7316-e1e9-4803-8ea4-8681ffe6ab66-131047698626432","trial_id":86,"param_name":"gx","param_value_internal":0,"distribution":"{\"name\": \"CategoricalDistribution\", \"attributes\": {\"choices\": [1, 2, 4, 8]}}"}
{"op_code":5,"worker_id":"e2ae7316-e1e9-4803-8ea4-8681ffe6ab66-131047698626432","trial_id":86,"param_name":"gy","param_value_internal":2,"distribution":"{\"name\": \"CategoricalDistribution\", \"attributes\": {\"choices\": [1, 2, 4, 8]}}"}
{"op_code":5,"worker_id":"e2ae7316-e1e9-4803-8ea4-8681ffe6ab66-131047698626432","trial_id":86,"param_name":"sub","param_value_internal":0,"distribution":"{\"name\": \"CategoricalDistribution\", \"attributes\": {\"choices\": [32]}}"}
{"op_code":8,"worker_id":"e2ae7316-e1e9-4803-8ea4-8681ffe6ab66-131047698626432","trial_id":86,"user_attr":{"token":"tsweep_t128x32k32g14s32"}}
{"op_code":4,"worker_id":"e2ae7316-e1e9-4803-8ea4-8681ffe6ab66-131047698626432","study_id":0,"datetime_start":"2026-09-17T22:16:58.763852+00:00"}
{"op_code":9,"worker_id":"e2ae7316-e1e9-4803-8ea4-8681ffe6ab66-131047698626432","trial_id":87,"system_attr":{"tpe:relative_params:0":"{\"gx\": 4, \"gy\": 1, \"k\": 32, \"m\": 64, \"n\": 128}"}}
{"op_code":5,"worker_id":"e2ae7316-e1e9-4803-8ea4-8681ffe6ab66-131047698626432","trial_id":87,"param_name":"m","param_value_internal":2,"distribution":"{\"name\": \"CategoricalDistribution\", \"attributes\": {\"choices\": [16, 32, 64, 128, 256]}}"}
{"op_code":5,"worker_id":"e2ae7316-e1e9-4803-8ea4-8681ffe6ab66-131047698626432","trial_id":87,"param_name":"n","param_value_internal":3,"distribution":"{\"name\": \"CategoricalDistribution\", \"attributes\": {\"choices\": [16, 32, 64, 128, 256]}}"}
{"op_code":5,"worker_id":"e2ae7316-e1e9-4803-8ea4-8681ffe6ab66-131047698626432","trial_id":87,"param_name":"k","param_value_internal":1,"distribution":"{\"name\": \"CategoricalDistribution\", \"attributes\": {\"choices\": [16, 32, 64, 128]}}"}
{"op_code":5,"worker_id":"e2ae7316-e1e9-4803-8ea4-8681ffe6ab66-131047698626432","trial_id":87,"param_name":"gx","param_value_internal":2,"distribution":"{\"name\": \"CategoricalDistribution\", \"attributes\": {\"choices\": [1, 2, 4, 8]}}"}
{"op_code":5,"worker_id":"e2ae7316-e1e9-4803-8ea4-8681ffe6ab66-131047698626432","trial_id":87,"param_name":"gy","param_value_internal":0,"distribution":"{\"name\": \"CategoricalDistribution\", \"attributes\": {\"choices\": [1, 2, 4, 8]}}"}
{"op_code":5,"worker_id":"e2ae7316-e1e9-4803-8ea4-8681ffe6ab66-131047698626432","trial_id":87,"param_name":"sub","param_value_internal":0,"distribution":"{\"name\": \"CategoricalDistribution\", \"attributes\": {\"choices\": [32]}}"}
{"op_code":6,"worker_id":"e2ae7316-e1e9-4803-8ea4-8681ffe6ab66-131047698626432","trial_id":87,"state":2,"values":null,"datetime_complete":"2026-09-17T22:16:58.776511+00:00"}
{"op_code":4,"worker_id":"e2ae7316-e1e9-4803-8ea4-8681ffe6ab66-131047698626432","study_id":0,"datetime_start":"2026-09-17T22:16:58.778081+00:00"}
{"op_code":9,"worker_id":"e2ae7316-e1e9-4803-8ea4-8681ffe6ab66-131047698626432","trial_id":88,"system_attr":{"tpe:relative_params:0":"{\"gx\": 2, \"gy\": 4, \"k\": 32, \"m\": 256, \"n\": 16}"}}
{"op_code":5,"worker_id":"e2ae7316-e1e9-4803-8ea4-8681ffe6ab66-131047698626432","trial_id":88,"param_name":"m","param_value_internal":4,"distribution":"{\"name\": \"CategoricalDistribution\", \"attributes\": {\"choices\": [16, 32, 64, 128, 256]}}"}
{"op_code":5,"worker_id":"e2ae7316-e1e9-4803-8ea4-8681ffe6ab66-131047698626432","trial_id":88,"param_name":"n","param_value_internal":0,"distribution":"{\"name\": \"CategoricalDistribution\", \"attributes\": {\"choices\": [16, 32, 64, 128, 256]}}"}
{"op_code":5,"worker_id":"e2ae7316-e1e9-4803-8ea4-8681ffe6ab66-131047698626432","trial_id":88,"param_name":"k","param_value_internal":1,"distribution":"{\"name\": \"CategoricalDistribution\", \"attributes\": {\"choices\": [16, 32, 64, 128]}}"}
{"op_code":5,"worker_id":"e2ae7316-e1e9-4803-8ea4-8681ffe6ab66-131047698626432","trial_id":88,"param_name":"gx","param_value_internal":1,"distribution":"{\"name\": \"CategoricalDistribution\", \"attributes\": {\"choices\": [1, 2, 4, 8]}}"}
{"op_code":5,"worker_id":"e2ae7316-e1e9-4803-8ea4-8681ffe6ab66-131047698626432","trial_id":88,"param_name":"gy","param_value_internal":2,"distribution":"{\"name\": \"CategoricalDistribution\", \"attributes\": {\"choices\": [1, 2, 4, 8]}}"}
{"op_code":5,"worker_id":"e2ae7316-e1e9-4803-8ea4-8681ffe6ab66-131047698626432","trial_id":88,"param_name":"sub","param_value_internal":0,"distribution":"{\"name\": \"CategoricalDistribution\", \"attributes\": {\"choices\": [32]}}"}
{"op_code":6,"worker_id":"e2ae7316-e1e9-4803-8ea4-8681ffe6ab66-131047698626432","trial_id":88,"state":2,"values":null,"datetime_complete":"2026-09-17T22:16:58.790837+00:00"}
{"op_code":4,"worker_id":"e2ae7316-e1e9-4803-8ea4-8681ffe6ab66-131047698626432","study_id":0,"datetime_start":"2026-09-17T22:16:58.792373+00:00"}
{"op_code":9,"worker_id":"e2ae7316-e1e9-4803-8ea4-8681ffe6ab66-131047698626432","trial_id":89,"system_attr":{"tpe:relative_params:0":"{\"gx\": 1, \"gy\": 4, \"k\": 32, \"m\": 64, \"n\": 64}"}}
{"op_code":5,"worker_id":"e2ae7316-e1e9-4803-8ea4-8681ffe6ab66-131047698626432","trial_id":89,"param_name":"m","param_value_internal":2,"distribution":"{\"name\": \"CategoricalDistribution\", \"attributes\": {\"choices\": [16, 32, 64, 128, 256]}}"}
{"op_code":5,"worker_id":"e2ae7316-e1e9-4803-8ea4-8681ffe6ab66-131047698626432","trial_id":89,"param_name":"n","param_value_internal":2,"distribution":"{\"name\": \"CategoricalDistribution\", \"attributes\": {\"choices\": [16, 32, 64, 128, 256]}}"}
{"op_code":5,"worker_id":"e2ae7316-e1e9-4803-8ea4-8681ffe6ab66-131047698626432","trial_id":89,"param_name":"k","param_value_internal":1,"distribution":"{\"name\": \"CategoricalDistribution\", \"attributes\": {\"choices\": [16, 32, 64, 128]}}"}
{"op_code":5,"worker_id":"e2ae7316-e1e9-4803-8ea4-8681ffe6ab66-131047698626432","trial_id":89,"param_name":"gx","param_value_internal":0,"distribution":"{\"name\": \"CategoricalDistribution\", \"attributes\": {\"choices\": [1, 2, 4, 8]}}"}
{"op_code":5,"worker_id":"e2ae7316-e1e9-4803-8ea4-8681ffe6ab66-131047698626432","trial_id":89,"param_name":"gy","param_value_internal":2,"distribution":"{\"name\": \"CategoricalDistribution\", \"attributes\": {\"choices\": [1, 2, 4, 8]}}"}
{"op_code":5,"worker_id":"e2ae7316-e1e9-4803-8ea4-8681ffe6ab66-131047698626432","trial_id":89,"param_name":"sub","param_value_internal":0,"distribution":"{\"name\": \"CategoricalDistribution\", \"attributes\": {\"choices\": [32]}}"}
{"op_code":8,"worker_id":"e2ae7316-e1e9-4803-8ea4-8681ffe6ab66-131047698626432","trial_id":89,"user_attr":{"token":"tsweep_t64x64k32g14s32"}}
{"op_code":4,"worker_id":"e2ae7316-e1e9-4803-8ea4-8681ffe6ab66-131047698626432","study_id":0,"datetime_start":"2026-09-17T22:16:58.806896+00:00"}
{"op_code":9,"worker_id":"e2ae7316-e1e9-4803-8ea4-8681ffe6ab66-131047698626432","trial_id":90,"system_attr":{"tpe:relative_params:0":"{\"gx\": 2, \"gy\": 4, \"k\": 32, \"m\": 256, \"n\": 128}"}}
{"op_code":5,"worker_id":"e2ae7316-e1e9-4803-8ea4-8681ffe6ab66-131047698626432","trial_id":90,"param_name":"m","param_value_internal":4,"distribution":"{\"name\": \"CategoricalDistribution\", \"attributes\": {\"choices\": [16, 32, 64, 128, 256]}}"}
{"op_code":5,"worker_id":"e2ae7316-e1e9-4803-8ea4-8681ffe6ab66-131047698626432","trial_id":90,"param_name":"n","param_value_internal":3,"distribution":"{\"name\": \"CategoricalDistribution\", \"attributes\": {\"choices\": [16, 32, 64, 128, 256]}}"}
{"op_code":5,"worker_id":"e2ae7316-e1e9-4803-8ea4-8681ffe6ab66-131047698626432","trial_id":90,"param_name":"k","param_value_internal":1,"distribution":"{\"name\": \"CategoricalDistribution\", \"attributes\": {\"choices\": [16, 32, 64, 128]}}"}
{"op_code":5,"worker_id":"e2ae7316-e1e9-4803-8ea4-8681ffe6ab66-131047698626432","trial_id":90,"param_name":"gx","param_value_internal":1,"distribution":"{\"name\": \"CategoricalDistribution\", \"attributes\": {\"choices\": [1, 2, 4, 8]}}"}
{"op_code":5,"worker_id":"e2ae7316-e1e9-4803-8ea4-8681ffe6ab66-131047698626432","trial_id":90,"param_name":"gy","param_value_internal":2,"distribution":"{\"name\": \"CategoricalDistribution\", \"attributes\": {\"choices\": [1, 2, 4, 8]}}"}
{"op_code":5,"worker_id":"e2ae7316-e1e9-4803-8ea4-8681ffe6ab66-131047698626432","trial_id":90,"param_name":"sub","param_value_internal":0,"distribution":"{\"name\": \"CategoricalDistribution\", \"attributes\": {\"choices\": [32]}}"}
{"op_code":6,"worker_id":"e2ae7316-e1e9-4803-8ea4-8681ffe6ab66-131047698626432","trial_id":90,"state":2,"values":null,"datetime_complete":"2026-09-17T22:16:58.819955+00:00"}
{"op_code":4,"worker_id":"e2ae7316-e1e9-4803-8ea4-8681ffe6ab66-131047698626432","study_id":0,"datetime_start":"2026-09-17T22:16:58.821565+00:00"}
{"op_code":9,"worker_id":"e2ae7316-e1e9-4803-8ea4-8681ffe6ab66-131047698626432","trial_id":91,"system_attr":{"tpe:relative_params:0":"{\"gx\": 1, \"gy\": 4, \"k\": 128, \"m\": 128, \"n\": 32}"}}
{"op_code":5,"worker_id":"e2ae7316-e1e9-4803-8ea4-8681ffe6ab66-131047698626432","trial_id":91,"param_name":"m","param_value_internal":3,"distribution":"{\"name\": \"CategoricalDistribution\", \"attributes\": {\"choices\": [16, 32, 64, 128, 256]}}"}
{"op_code":5,"worker_id":"e2ae7316-e1e9-4803-8ea4-8681ffe6ab66-131047698626432","trial_id":91,"param_name":"n","param_value_internal":1,"distribution":"{\"name\": \"CategoricalDistribution\", \"attributes\": {\"choices\": [16, 32, 64, 128, 256]}}"}
{"op_code":5,"worker_id":"e2ae7316-e1e9-4803-8ea4-8681ffe6ab66-131047698626432","trial_id":91,"param_name":"k","param_value_internal":3,"distribution":"{\"name\": \"CategoricalDistribution\", \"attributes\": {\"choices\": [16, 32, 64, 128]}}"}
{"op_code":5,"worker_id":"e2ae7316-e1e9-4803-8ea4-8681ffe6ab66-131047698626432","trial_id":91,"param_name":"gx","param_value_internal":0,"distribution":"{\"name\": \"CategoricalDistribution\", \"attributes\": {\"choices\": [1, 2, 4, 8]}}"}
{"op_code":5,"worker_id":"e2ae7316-e1e9-4803-8ea4-8681ffe6ab66-131047698626432","trial_id":91,"param_name":"gy","param_value_internal":2,"distribution":"{\"name\": \"CategoricalDistribution\", \"attributes\": {\"choices\": [1, 2, 4, 8]}}"}
{"op_code":5,"worker_id":"e2ae7316-e1e9-4803-8ea4-8681ffe6ab66-131047698626432","trial_id":91,"param_name":"sub","param_value_internal":0,"distribution":"{\"name\": \"CategoricalDistribution\", \"attributes\": {\"choices\": [32]}}"}
{"op_code":6,"worker_id":"e2ae7316-e1e9-4803-8ea4-8681ffe6ab66-131047698626432","trial_id":91,"state":2,"values":null,"datetime_complete":"2026-09-17T22:16:58.834833+00:00"}
{"op_code":4,"worker_id":"e2ae7316-e1e9-4803-8ea4-8681ffe6ab66-131047698626432","study_id":0,"datetime_start":"2026-09-17T22:16:58.836513+00:00"}
{"op_code":9,"worker_id":"e2ae7316-e1e9-4803-8ea4-8681ffe6ab66-131047698626432","trial_id":92,"system_attr":{"tpe:relative_params:0":"{\"gx\": 4, \"gy\": 2, \"k\": 32, \"m\": 64, \"n\": 256}"}}
{"op_code":5,"worker_id":"e2ae7316-e1e9-4803-8ea4-8681ffe6ab66-131047698626432","trial_id":92,"param_name":"m","param_value_internal":2,"distribution":"{\"name\": \"CategoricalDistribution\", \"attributes\": {\"choices\": [16, 32, 64, 128, 256]}}"}
{"op_code":5,"worker_id":"e2ae7316-e1e9-4803-8ea4-8681ffe6ab66-131047698626432","trial_id":92,"param_name":"n","param_value_internal":4,"distribution":"{\"name\": \"CategoricalDistribution\", \"attributes\": {\"choices\": [16, 32, 64, 128, 256]}}"}
{"op_code":5,"worker_id":"e2ae7316-e1e9-4803-8ea4-8681ffe6ab66-131047698626432","trial_id":92,"param_name":"k","param_value_internal":1,"distribution":"{\"name\": \"CategoricalDistribution\", \"attributes\": {\"choices\": [16, 32, 64, 128]}}"}
{"op_code":5,"worker_id":"e2ae7316-e1e9-4803-8ea4-8681ffe6ab66-131047698626432","trial_id":92,"param_name":"gx","param_value_internal":2,"distribution":"{\"name\": \"CategoricalDistribution\", \"attributes\": {\"choices\": [1, 2, 4, 8]}}"}
{"op_code":5,"worker_id":"e2ae7316-e1e9-4803-8ea4-8681ffe6ab66-131047698626432","trial_id":92,"param_name":"gy","param_value_internal":1,"distribution":"{\"name\": \"CategoricalDistribution\", \"attributes\": {\"choices\": [1, 2, 4, 8]}}"}
{"op_code":5,"worker_id":"e2ae7316-e1e9-4803-8ea4-8681ffe6ab66-131047698626432","trial_id":92,"param_name":"sub","param_value_internal":0,"distribution":"{\"name\": \"CategoricalDistribution\", \"attributes\": {\"choices\": [32]}}"}
{"op_code":8,"worker_id":"e2ae7316-e1e9-4803-8ea4-8681ffe6ab66-131047698626432","trial_id":92,"user_attr":{"token":"tsweep_t64x256k32g42s32"}}
{"op_code":4,"worker_id":"e2ae7316-e1e9-4803-8ea4-8681ffe6ab66-131047698626432","study_id":0,"datetime_start":"2026-09-17T22:16:58.851505+00:00"}
{"op_code":9,"worker_id":"e2ae7316-e1e9-4803-8ea4-8681ffe6ab66-131047698626432","trial_id":93,"system_attr":{"tpe:relative_params:0":"{\"gx\": 8, \"gy\": 2, \"k\": 32, \"m\": 256, \"n\": 64}"}}
{"op_code":5,"worker_id":"e2ae7316-e1e9-4803-8ea4-8681ffe6ab66-131047698626432","trial_id":93,"param_name":"m","param_value_internal":4,"distribution":"{\"name\": \"CategoricalDistribution\", \"attributes\": {\"choices\": [16, 32, 64, 128, 256]}}"}
{"op_code":5,"worker_id":"e2ae7316-e1e9-4803-8ea4-8681ffe6ab66-131047698626432","trial_id":93,"param_name":"n","param_value_internal":2,"distribution":"{\"name\": \"CategoricalDistribution\", \"attributes\": {\"choices\": [16, 32, 64, 128, 256]}}"}
{"op_code":5,"worker_id":"e2ae7316-e1e9-4803-8ea4-8681ffe6ab66-131047698626432","trial_id":93,"param_name":"k","param_value_internal":1,"distribution":"{\"name\": \"CategoricalDistribution\", \"attributes\": {\"choices\": [16, 32, 64, 128]}}"}
{"op_code":5,"worker_id":"e2ae7316-e1e9-4803-8ea4-8681ffe6ab66-131047698626432","trial_id":93,"param_name":"gx","param_value_internal":3,"distribution":"{\"name\": \"CategoricalDistribution\", \"attributes\": {\"choices\": [1, 2, 4, 8]}}"}
{"op_code":5,"worker_id":"e2ae7316-e1e9-4803-8ea4-8681ffe6ab66-131047698626432","trial_id":93,"param_name":"gy","param_value_internal":1,"distribution":"{\"name\": \"CategoricalDistribution\", \"attributes\": {\"choices\": [1, 2, 4, 8]}}"}
{"op_code":5,"worker_id":"e2ae7316-e1e9-4803-8ea4-8681ffe6ab66-131047698626432","trial_id":93,"param_name":"sub","param_value_internal":0,"distribution":"{\"name\": \"CategoricalDistribution\", \"attributes\": {\"choices\": [32]}}"}
{"op_code":6,"worker_id":"e2ae7316-e1e9-4803-8ea4-8681ffe6ab66-131047698626432","trial_id":93,"state":2,"values":null,"datetime_complete":"2026-09-17T22:16:58.865131+00:00"}
{"op_code":4,"worker_id":"e2ae7316-e1e9-4803-8ea4-8681ffe6ab66-131047698626432","study_id":0,"datetime_start":"2026-09-17T22:16:58.866738+00:00"}
{"op_code":9,"worker_id":"e2ae7316-e1e9-4803-8ea4-8681ffe6ab66-131047698626432","trial_id":94,"system_attr":{"tpe:relative_params:0":"{\"gx\": 2, \"gy\": 2, \"k\": 16, \"m\": 64, \"n\": 64}"}}
{"op_code":5,"worker_id":"e2ae7316-e1e9-4803-8ea4-8681ffe6ab66-131047698626432","trial_id":94,"param_name":"m","param_value_internal":2,"distribution":"{\"name\": \"CategoricalDistribution\", \"attributes\": {\"choices\": [16, 32, 64, 128, 256]}}"}
{"op_code":5,"worker_id":"e2ae7316-e1e9-4803-8ea4-8681ffe6ab66-131047698626432","trial_id":94,"param_name":"n","param_value_internal":2,"distribution":"{\"name\": \"CategoricalDistribution\", \"attributes\": {\"choices\": [16, 32, 64, 128, 256]}}"}
{"op_code":5,"worker_id":"e2ae7316-e1e9-4803-8ea4-8681ffe6ab66-131047698626432","trial_id":94,"param_name":"k","param_value_internal":0,"distribution":"{\"name\": \"CategoricalDistribution\", \"attributes\": {\"choices\": [16, 32, 64, 128]}}"}
{"op_code":5,"worker_id":"e2ae7316-e1e9-4803-8ea4-8681ffe6ab66-131047698626432","trial_id":94,"param_name":"gx","param_value_internal":1,"distribution":"{\"name\": \"CategoricalDistribution\", \"attributes\": {\"choices\": [1, 2, 4, 8]}}"}
{"op_code":5,"worker_id":"e2ae7316-e1e9-4803-8ea4-8681ffe6ab66-131047698626432","trial_id":94,"param_name":"gy","param_value_internal":1,"distribution":"{\"name\": \"CategoricalDistribution\", \"attributes\": {\"choices\": [1, 2, 4, 8]}}"}
{"op_code":5,"worker_id":"e2ae7316-e1e9-4803-8ea4-8681ffe6ab66-131047698626432","trial_id":94,"param_name":"sub","param_value_internal":0,"distribution":"{\"name\": \"CategoricalDistribution\", \"attributes\": {\"choices\": [32]}}"}
{"op_code":6,"worker_id":"e2ae7316-e1e9-4803-8ea4-8681ffe6ab66-131047698626432","trial_id":94,"state":2,"values":null,"datetime_complete":"2026-09-17T22:16:58.880187+00:00"}
{"op_code":4,"worker_id":"e2ae7316-e1e9-4803-8ea4-8681ffe6ab66-131047698626432","study_id":0,"datetime_start":"2026-09-17T22:16:58.881867+00:00"}
{"op_code":9,"worker_id":"e2ae7316-e1e9-4803-8ea4-8681ffe6ab66-131047698626432","trial_id":95,"system_attr":{"tpe:relative_params:0":"{\"gx\": 2, \"gy\": 2, \"k\": 128, \"m\": 16, \"n\": 64}"}}
{"op_code":5,"worker_id":"e2ae7316-e1e9-4803-8ea4-8681ffe6ab66-131047698626432","trial_id":95,"param_name":"m","param_value_internal":0,"distribution":"{\"name\": \"CategoricalDistribution\", \"attributes\": {\"choices\": [16, 32, 64, 128, 256]}}"}
{"op_code":5,"worker_id":"e2ae7316-e1e9-4803-8ea4-8681ffe6ab66-131047698626432","trial_id":95,"param_name":"n","param_value_internal":2,"distribution":"{\"name\": \"CategoricalDistribution\", \"attributes\": {\"choices\": [16, 32, 64, 128, 256]}}"}
{"op_code":5,"worker_id":"e2ae7316-e1e9-4803-8ea4-8681ffe6ab66-131047698626432","trial_id":95,"param_name":"k","param_value_internal":3,"distribution":"{\"name\": \"CategoricalDistribution\", \"attributes\": {\"choices\": [16, 32, 64, 128]}}"}
{"op_code":5,"worker_id":"e2ae7316-e1e9-4803-8ea4-8681ffe6ab66-131047698626432","trial_id":95,"param_name":"gx","param_value_internal":1,"distribution":"{\"name\": \"CategoricalDistribution\", \"attributes\": {\"choices\": [1, 2, 4, 8]}}"}
{"op_code":5,"worker_id":"e2ae7316-e1e9-4803-8ea4-8681ffe6ab66-131047698626432","trial_id":95,"param_name":"gy","param_value_internal":1,"distribution":"{\"name\": \"CategoricalDistribution\", \"attributes\": {\"choices\": [1, 2, 4, 8]}}"}
{"op_code":5,"worker_id":"e2ae7316-e1e9-4803-8ea4-8681ffe6ab66-131047698626432","trial_id":95,"param_name":"sub","param_value_internal":0,"distribution":"{\"name\": \"CategoricalDistribution\", \"attributes\": {\"choices\": [32]}}"}
{"op_code":6,"worker_id":"e2ae7316-e1e9-4803-8ea4-8681ffe6ab66-131047698626432","trial_id":95,"state":2,"values":null,"datetime_complete":"2026-09-17T22:16:58.895486+00:00"}
{"op_code":4,"worker_id":"e2ae7316-e1e9-4803-8ea4-8681ffe6ab66-131047698626432","study_id":0,"datetime_start":"2026-09-17T22:16:58.897040+00:00"}
{"op_code":9,"worker_id":"e2ae7316-e1e9-4803-8ea4-8681ffe6ab66-131047698626432","trial_id":96,"system_attr":{"tpe:relative_params:0":"{\"gx\": 2, \"gy\": 4, \"k\": 32, \"m\": 128, \"n\": 64}"}}
{"op_code":5,"worker_id":"e2ae7316-e1e9-4803-8ea4-8681ffe6ab66-131047698626432","trial_id":96,"param_name":"m","param_value_internal":3,"distribution":"{\"name\": \"CategoricalDistribution\", \"attributes\": {\"choices\": [16, 32, 64, 128, 256]}}"}
{"op_code":5,"worker_id":"e2ae7316-e1e9-4803-8ea4-8681ffe6ab66-131047698626432","trial_id":96,"param_name":"n","param_value_internal":2,"distribution":"{\"name\": \"CategoricalDistribution\", \"attributes\": {\"choices\": [16, 32, 64, 128, 256]}}"}
{"op_code":5,"worker_id":"e2ae7316-e1e9-4803-8ea4-8681ffe6ab66-131047698626432","trial_id":96,"param_name":"k","param_value_internal":1,"distribution":"{\"name\": \"CategoricalDistribution\", \"attributes\": {\"choices\": [16, 32, 64, 128]}}"}
{"op_code":5,"worker_id":"e2ae7316-e1e9-4803-8ea4-8681ffe6ab66-131047698626432","trial_id":96,"param_name":"gx","param_value_internal":1,"distribution":"{\"name\": \"CategoricalDistribution\", \"attributes\": {\"choices\": [1, 2, 4, 8]}}"}
{"op_code":5,"worker_id":"e2ae7316-e1e9-4803-8ea4-8681ffe6ab66-131047698626432","trial_id":96,"param_name":"gy","param_value_internal":2,"distribution":"{\"name\": \"CategoricalDistribution\", \"attributes\": {\"choices\": [1, 2, 4, 8]}}"}
{"op_code":5,"worker_id":"e2ae7316-e1e9-4803-8ea4-8681ffe6ab66-131047698626432","trial_id":96,"param_name":"sub","param_value_internal":0,"distribution":"{\"name\": \"CategoricalDistribution\", \"attributes\": {\"choices\": [32]}}"}
{"op_code":8,"worker_id":"e2ae7316-e1e9-4803-8ea4-8681ffe6ab66-131047698626432","trial_id":96,"user_attr":{"token":"tsweep_t128x64k32g24s32"}}
{"op_code":4,"worker_id":"e2ae7316-e1e9-4803-8ea4-8681ffe6ab66-131047698626432","study_id":0,"datetime_start":"2026-09-17T22:16:58.911995+00:00"}
{"op_code":9,"worker_id":"e2ae7316-e1e9-4803-8ea4-8681ffe6ab66-131047698626432","trial_id":97,"system_attr":{"tpe:relative_params:0":"{\"gx\": 8, \"gy\": 2, \"k\": 128, \"m\": 64, \"n\": 64}"}}
{"op_code":5,"worker_id":"e2ae7316-e1e9-4803-8ea4-8681ffe6ab66-131047698626432","trial_id":97,"param_name":"m","param_value_internal":2,"distribution":"{\"name\": \"CategoricalDistribution\", \"attributes\": {\"choices\": [16, 32, 64, 128, 256]}}"}
{"op_code":5,"worker_id":"e2ae7316-e1e9-4803-8ea4-8681ffe6ab66-131047698626432","trial_id":97,"param_name":"n","param_value_internal":2,"distribution":"{\"name\": \"CategoricalDistribution\", \"attributes\": {\"choices\": [16, 32, 64, 128, 256]}}"}
{"op_code":5,"worker_id":"e2ae7316-e1e9-4803-8ea4-8681ffe6ab66-131047698626432","trial_id":97,"param_name":"k","param_value_internal":3,"distribution":"{\"name\": \"CategoricalDistribution\", \"attributes\": {\"choices\": [16, 32, 64, 128]}}"}
{"op_code":5,"worker_id":"e2ae7316-e1e9-4803-8ea4-8681ffe6ab66-131047698626432","trial_id":97,"param_name":"gx","param_value_internal":3,"distribution":"{\"name\": \"CategoricalDistribution\", \"attributes\": {\"choices\": [1, 2, 4, 8]}}"}
{"op_code":5,"worker_id":"e2ae7316-e1e9-4803-8ea4-8681ffe6ab66-131047698626432","trial_id":97,"param_name":"gy","param_value_internal":1,"distribution":"{\"name\": \"CategoricalDistribution\", \"attributes\": {\"choices\": [1, 2, 4, 8]}}"}
{"op_code":5,"worker_id":"e2ae7316-e1e9-4803-8ea4-8681ffe6ab66-131047698626432","trial_id":97,"param_name":"sub","param_value_internal":0,"distribution":"{\"name\": \"CategoricalDistribution\", \"attributes\": {\"choices\": [32]}}"}
{"op_code":6,"worker_id":"e2ae7316-e1e9-4803-8ea4-8681ffe6ab66-131047698626432","trial_id":97,"state":2,"values":null,"datetime_complete":"2026-09-17T22:16:58.925732+00:00"}
{"op_code":4,"worker_id":"e2ae7316-e1e9-4803-8ea4-8681ffe6ab66-131047698626432","study_id":0,"datetime_start":"2026-09-17T22:16:58.927320+00:00"}
{"op_code":9,"worker_id":"e2ae7316-e1e9-4803-8ea4-8681ffe6ab66-131047698626432","trial_id":98,"system_attr":{"tpe:relative_params:0":"{\"gx\": 2, \"gy\": 2, \"k\": 128, \"m\": 64, \"n\": 32}"}}
{"op_code":5,"worker_id":"e2ae7316-e1e9-4803-8ea4-8681ffe6ab66-131047698626432","trial_id":98,"param_name":"m","param_value_internal":2,"distribution":"{\"name\": \"CategoricalDistribution\", \"attributes\": {\"choices\": [16, 32, 64, 128, 256]}}"}
{"op_code":5,"worker_id":"e2ae7316-e1e9-4803-8ea4-8681ffe6ab66-131047698626432","trial_id":98,"param_name":"n","param_value_internal":1,"distribution":"{\"name\": \"CategoricalDistribution\", \"attributes\": {\"choices\": [16, 32, 64, 128, 256]}}"}
{"op_code":5,"worker_id":"e2ae7316-e1e9-4803-8ea4-8681ffe6ab66-131047698626432","trial_id":98,"param_name":"k","param_value_internal":3,"distribution":"{\"name\": \"CategoricalDistribution\", \"attributes\": {\"choices\": [16, 32, 64, 128]}}"}
{"op_code":5,"worker_id":"e2ae7316-e1e9-4803-8ea4-8681ffe6ab66-131047698626432","trial_id":98,"param_name":"gx","param_value_internal":1,"distribution":"{\"name\": \"CategoricalDistribution\", \"attributes\": {\"choices\": [1, 2, 4, 8]}}"}
{"op_code":5,"worker_id":"e2ae7316-e1e9-4803-8ea4-8681ffe6ab66-131047698626432","trial_id":98,"param_name":"gy","param_value_internal":1,"distribution":"{\"name\": \"CategoricalDistribution\", \"attributes\": {\"choices\": [1, 2, 4, 8]}}"}
{"op_code":5,"worker_id":"e2ae7316-e1e9-4803-8ea4-8681ffe6ab66-131047698626432","trial_id":98,"param_name":"sub","param_value_internal":0,"distribution":"{\"name\": \"CategoricalDistribution\", \"attributes\": {\"choices\": [32]}}"}
{"op_code":8,"worker_id":"e2ae7316-e1e9-4803-8ea4-8681ffe6ab66-131047698626432","trial_id":98,"user_attr":{"token":"tsweep_t64x32k128g22s32"}}
{"op_code":4,"worker_id":"e2ae7316-e1e9-4803-8ea4-8681ffe6ab66-131047698626432","study_id":0,"datetime_start":"2026-09-17T22:16:58.942032+00:00"}
{"op_code":9,"worker_id":"e2ae7316-e1e9-4803-8ea4-8681ffe6ab66-131047698626432","trial_id":99,"system_attr":{"tpe:relative_params:0":"{\"gx\": 2, \"gy\": 2, \"k\": 128, \"m\": 64, \"n\": 64}"}}
{"op_code":5,"worker_id":"e2ae7316-e1e9-4803-8ea4-8681ffe6ab66-131047698626432","trial_id":99,"param_name":"m","param_value_internal":2,"distribution":"{\"name\": \"CategoricalDistribution\", \"attributes\": {\"choices\": [16, 32, 64, 128, 256]}}"}
{"op_code":5,"worker_id":"e2ae7316-e1e9-4803-8ea4-8681ffe6ab66-131047698626432","trial_id":99,"param_name":"n","param_value_internal":2,"distribution":"{\"name\": \"CategoricalDistribution\", \"attributes\": {\"choices\": [16, 32, 64, 128, 256]}}"}
{"op_code":5,"worker_id":"e2ae7316-e1e9-4803-8ea4-8681ffe6ab66-131047698626432","trial_id":99,"param_name":"k","param_value_internal":3,"distribution":"{\"name\": \"CategoricalDistribution\", \"attributes\": {\"choices\": [16, 32, 64, 128]}}"}
{"op_code":5,"worker_id":"e2ae7316-e1e9-4803-8ea4-8681ffe6ab66-131047698626432","trial_id":99,"param_name":"gx","param_value_internal":1,"distribution":"{\"name\": \"CategoricalDistribution\", \"attributes\": {\"choices\": [1, 2, 4, 8]}}"}
{"op_code":5,"worker_id":"e2ae7316-e1e9-4803-8ea4-8681ffe6ab66-131047698626432","trial_id":99,"param_name":"gy","param_value_internal":1,"distribution":"{\"name\": \"CategoricalDistribution\", \"attributes\": {\"choices\": [1, 2, 4, 8]}}"}
{"op_code":5,"worker_id":"e2ae7316-e1e9-4803-8ea4-8681ffe6ab66-131047698626432","trial_id":99,"param_name":"sub","param_value_internal":0,"distribution":"{\"name\": \"CategoricalDistribution\", \"attributes\": {\"choices\": [32]}}"}
{"op_code":6,"worker_id":"e2ae7316-e1e9-4803-8ea4-8681ffe6ab66-131047698626432","trial_id":99,"state":2,"values":null,"datetime_complete":"2026-09-17T22:16:58.955568+00:00"}
{"op_code":4,"worker_id":"e2ae7316-e1e9-4803-8ea4-8681ffe6ab66-131047698626432","study_id":0,"datetime_start":"2026-09-17T22:16:58.957375+00:00"}
{"op_code":9,"worker_id":"e2ae7316-e1e9-4803-8ea4-8681ffe6ab66-131047698626432","trial_id":100,"system_attr":{"tpe:relative_params:0":"{\"gx\": 4, \"gy\": 8, \"k\": 32, \"m\": 256, \"n\": 128}"}}
{"op_code":5,"worker_id":"e2ae7316-e1e9-4803-8ea4-8681ffe6ab66-131047698626432","trial_id":100,"param_name":"m","param_value_internal":4,"distribution":"{\"name\": \"CategoricalDistribution\", \"attributes\": {\"choices\": [16, 32, 64, 128, 256]}}"}
{"op_code":5,"worker_id":"e2ae7316-e1e9-4803-8ea4-8681ffe6ab66-131047698626432","trial_id":100,"param_name":"n","param_value_internal":3,"distribution":"{\"name\": \"CategoricalDistribution\", \"attributes\": {\"choices\": [16, 32, 64, 128, 256]}}"}
{"op_code":5,"worker_id":"e2ae7316-e1e9-4803-8ea4-8681ffe6ab66-131047698626432","trial_id":100,"param_name":"k","param_value_internal":1,"distribution":"{\"name\": \"CategoricalDistribution\", \"attributes\": {\"choices\": [16, 32, 64, 128]}}"}
{"op_code":5,"worker_id":"e2ae7316-e1e9-4803-8ea4-8681ffe6ab66-131047698626432","trial_id":100,"param_name":"gx","param_value_internal":2,"distribution":"{\"name\": \"CategoricalDistribution\", \"attributes\": {\"choices\": [1, 2, 4, 8]}}"}
{"op_code":5,"worker_id":"e2ae7316-e1e9-4803-8ea4-8681ffe6ab66-131047698626432","trial_id":100,"param_name":"gy","param_value_internal":3,"distribution":"{\"name\": \"CategoricalDistribution\", \"attributes\": {\"choices\": [1, 2, 4, 8]}}"}
{"op_code":5,"worker_id":"e2ae7316-e1e9-4803-8ea4-8681ffe6ab66-131047698626432","trial_id":100,"param_name":"sub","param_value_internal":0,"distribution":"{\"name\": \"CategoricalDistribution\", \"attributes\": {\"choices\": [32]}}"}
{"op_code":6,"worker_id":"e2ae7316-e1e9-4803-8ea4-8681ffe6ab66-131047698626432","trial_id":100,"state":2,"values":null,"datetime_complete":"2026-09-17T22:16:58.971003+00:00"}
{"op_code":4,"worker_id":"e2ae7316-e1e9-4803-8ea4-8681ffe6ab66-131047698626432","study_id":0,"datetime_start":"2026-09-17T22:16:58.972627+00:00"}
{"op_code":9,"worker_id":"e2ae7316-e1e9-4803-8ea4-8681ffe6ab66-131047698626432","trial_id":101,"system_attr":{"tpe:relative_params:0":"{\"gx\": 4, \"gy\": 1, \"k\": 32, \"m\": 128, \"n\": 64}"}}
{"op_code":5,"worker_id":"e2ae7316-e1e9-4803-8ea4-8681ffe6ab66-131047698626432","trial_id":101,"param_name":"m","param_value_internal":3,"distribution":"{\"name\": \"CategoricalDistribution\", \"attributes\": {\"choices\": [16, 32, 64, 128, 256]}}"}
{"op_code":5,"worker_id":"e2ae7316-e1e9-4803-8ea4-8681ffe6ab66-131047698626432","trial_id":101,"param_name":"n","param_value_internal":2,"distribution":"{\"name\": \"CategoricalDistribution\", \"attributes\": {\"choices\": [16, 32, 64, 128, 256]}}"}
{"op_code":5,"worker_id":"e2ae7316-e1e9-4803-8ea4-8681ffe6ab66-131047698626432","trial_id":101,"param_name":"k","param_value_internal":1,"distribution":"{\"name\": \"CategoricalDistribution\", \"attributes\": {\"choices\": [16, 32, 64, 128]}}"}
{"op_code":5,"worker_id":"e2ae7316-e1e9-4803-8ea4-8681ffe6ab66-131047698626432","trial_id":101,"param_name":"gx","param_value_internal":2,"distribution":"{\"name\": \"CategoricalDistribution\", \"attributes\": {\"choices\": [1, 2, 4, 8]}}"}
{"op_code":5,"worker_id":"e2ae7316-e1e9-4803-8ea4-8681ffe6ab66-131047698626432","trial_id":101,"param_name":"gy","param_value_internal":0,"distribution":"{\"name\": \"CategoricalDistribution\", \"attributes\": {\"choices\": [1, 2, 4, 8]}}"}
{"op_code":5,"worker_id":"e2ae7316-e1e9-4803-8ea4-8681ffe6ab66-131047698626432","trial_id":101,"param_name":"sub","param_value_internal":0,"distribution":"{\"name\": \"CategoricalDistribution\", \"attributes\": {\"choices\": [32]}}"}
{"op_code":8,"worker_id":"e2ae7316-e1e9-4803-8ea4-8681ffe6ab66-131047698626432","trial_id":101,"user_attr":{"token":"tsweep_t128x64k32g41s32"}}
{"op_code":4,"worker_id":"e2ae7316-e1e9-4803-8ea4-8681ffe6ab66-131047698626432","study_id":0,"datetime_start":"2026-09-17T22:16:58.987469+00:00"}
{"op_code":9,"worker_id":"e2ae7316-e1e9-4803-8ea4-8681ffe6ab66-131047698626432","trial_id":102,"system_attr":{"tpe:relative_params:0":"{\"gx\": 2, \"gy\": 1, \"k\": 32, \"m\": 128, \"n\": 128}"}}
{"op_code":5,"worker_id":"e2ae7316-e1e9-4803-8ea4-8681ffe6ab66-131047698626432","trial_id":102,"param_name":"m","param_value_internal":3,"distribution":"{\"name\": \"CategoricalDistribution\", \"attributes\": {\"choices\": [16, 32, 64, 128, 256]}}"}
{"op_code":5,"worker_id":"e2ae7316-e1e9-4803-8ea4-8681ffe6ab66-131047698626432","trial_id":102,"param_name":"n","param_value_internal":3,"distribution":"{\"name\": \"CategoricalDistribution\", \"attributes\": {\"choices\": [16, 32, 64, 128, 256]}}"}
{"op_code":5,"worker_id":"e2ae7316-e1e9-4803-8ea4-8681ffe6ab66-131047698626432","trial_id":102,"param_name":"k","param_value_internal":1,"distribution":"{\"name\": \"CategoricalDistribution\", \"attributes\": {\"choices\": [16, 32, 64, 128]}}"}
{"op_code":5,"worker_id":"e2ae7316-e1e9-4803-8ea4-8681ffe6ab66-131047698626432","trial_id":102,"param_name":"gx","param_value_internal":1,"distribution":"{\"name\": \"CategoricalDistribution\", \"attributes\": {\"choices\": [1, 2, 4, 8]}}"}
{"op_code":5,"worker_id":"e2ae7316-e1e9-4803-8ea4-8681ffe6ab66-131047698626432","trial_id":102,"param_name":"gy","param_value_internal":0,"distribution":"{\"name\": \"CategoricalDistribution\", \"attributes\": {\"choices\": [1, 2, 4, 8]}}"}
{"op_code":5,"worker_id":"e2ae7316-e1e9-4803-8ea4-8681ffe6ab66-131047698626432","trial_id":102,"param_name":"sub","param_value_internal":0,"distribution":"{\"name\": \"CategoricalDistribution\", \"attributes\": {\"choices\": [32]}}"}
{"op_code":8,"worker_id":"e2ae7316-e1e9-4803-8ea4-8681ffe6ab66-131047698626432","trial_id":102,"user_attr":{"token":"tsweep_t128x128k32g21s32"}}
{"op_code":4,"worker_id":"e2ae7316-e1e9-4803-8ea4-8681ffe6ab66-131047698626432","study_id":0,"datetime_start":"2026-09-17T22:16:59.002067+00:00"}
{"op_code":9,"worker_id":"e2ae7316-e1e9-4803-8ea4-8681ffe6ab66-131047698626432","trial_id":103,"system_attr":{"tpe:relative_params:0":"{\"gx\": 4, \"gy\": 4, \"k\": 32, \"m\": 256, \"n\": 64}"}}
{"op_code":5,"worker_id":"e2ae7316-e1e9-4803-8ea4-8681ffe6ab66-131047698626432","trial_id":103,"param_name":"m","param_value_internal":4,"distribution":"{\"name\": \"CategoricalDistribution\", \"attributes\": {\"choices\": [16, 32, 64, 128, 256]}}"}
{"op_code":5,"worker_id":"e2ae7316-e1e9-4803-8ea4-8681ffe6ab66-131047698626432","trial_id":103,"param_name":"n","param_value_internal":2,"distribution":"{\"name\": \"CategoricalDistribution\", \"attributes\": {\"choices\": [16, 32, 64, 128, 256]}}"}
{"op_code":5,"worker_id":"e2ae7316-e1e9-4803-8ea4-8681ffe6ab66-131047698626432","trial_id":103,"param_name":"k","param_value_internal":1,"distribution":"{\"name\": \"CategoricalDistribution\", \"attributes\": {\"choices\": [16, 32, 64, 128]}}"}
{"op_code":5,"worker_id":"e2ae7316-e1e9-4803-8ea4-8681ffe6ab66-131047698626432","trial_id":103,"param_name":"gx","param_value_internal":2,"distribution":"{\"name\": \"CategoricalDistribution\", \"attributes\": {\"choices\": [1, 2, 4, 8]}}"}
{"op_code":5,"worker_id":"e2ae7316-e1e9-4803-8ea4-8681ffe6ab66-131047698626432","trial_id":103,"param_name":"gy","param_value_internal":2,"distribution":"{\"name\": \"CategoricalDistribution\", \"attributes\": {\"choices\": [1, 2, 4, 8]}}"}
{"op_code":5,"worker_id":"e2ae7316-e1e9-4803-8ea4-8681ffe6ab66-131047698626432","trial_id":103,"param_name":"sub","param_value_internal":0,"distribution":"{\"name\": \"CategoricalDistribution\", \"attributes\": {\"choices\": [32]}}"}
{"op_code":8,"worker_id":"e2ae7316-e1e9-4803-8ea4-8681ffe6ab66-131047698626432","trial_id":103,"user_attr":{"token":"tsweep_t256x64k32g44s32"}}
{"op_code":4,"worker_id":"e2ae7316-e1e9-4803-8ea4-8681ffe6ab66-131047698626432","study_id":0,"datetime_start":"2026-09-17T22:16:59.016881+00:00"}
{"op_code":9,"worker_id":"e2ae7316-e1e9-4803-8ea4-8681ffe6ab66-131047698626432","trial_id":104,"system_attr":{"tpe:relative_params:0":"{\"gx\": 8, \"gy\": 2, \"k\": 32, \"m\": 128, \"n\": 16}"}}
{"op_code":5,"worker_id":"e2ae7316-e1e9-4803-8ea4-8681ffe6ab66-131047698626432","trial_id":104,"param_name":"m","param_value_internal":3,"distribution":"{\"name\": \"CategoricalDistribution\", \"attributes\": {\"choices\": [16, 32, 64, 128, 256]}}"}
{"op_code":5,"worker_id":"e2ae7316-e1e9-4803-8ea4-8681ffe6ab66-131047698626432","trial_id":104,"param_name":"n","param_value_internal":0,"distribution":"{\"name\": \"CategoricalDistribution\", \"attributes\": {\"choices\": [16, 32, 64, 128, 256]}}"}
{"op_code":5,"worker_id":"e2ae7316-e1e9-4803-8ea4-8681ffe6ab66-131047698626432","trial_id":104,"param_name":"k","param_value_internal":1,"distribution":"{\"name\": \"CategoricalDistribution\", \"attributes\": {\"choices\": [16, 32, 64, 128]}}"}
{"op_code":5,"worker_id":"e2ae7316-e1e9-4803-8ea4-8681ffe6ab66-131047698626432","trial_id":104,"param_name":"gx","param_value_internal":3,"distribution":"{\"name\": \"CategoricalDistribution\", \"attributes\": {\"choices\": [1, 2, 4, 8]}}"}
{"op_code":5,"worker_id":"e2ae7316-e1e9-4803-8ea4-8681ffe6ab66-131047698626432","trial_id":104,"param_name":"gy","param_value_internal":1,"distribution":"{\"name\": \"CategoricalDistribution\", \"attributes\": {\"choices\": [1, 2, 4, 8]}}"}
{"op_code":5,"worker_id":"e2ae7316-e1e9-4803-8ea4-8681ffe6ab66-131047698626432","trial_id":104,"param_name":"sub","param_value_internal":0,"distribution":"{\"name\": \"CategoricalDistribution\", \"attributes\": {\"choices\": [32]}}"}
{"op_code":6,"worker_id":"e2ae7316-e1e9-4803-8ea4-8681ffe6ab66-131047698626432","trial_id":104,"state":2,"values":null,"datetime_complete":"2026-09-17T22:16:59.030108+00:00"}
{"op_code":4,"worker_id":"e2ae7316-e1e9-4803-8ea4-8681ffe6ab66-131047698626432","study_id":0,"datetime_start":"2026-09-17T22:16:59.031728+00:00"}
{"op_code":9,"worker_id":"e2ae7316-e1e9-4803-8ea4-8681ffe6ab66-131047698626432","trial_id":105,"system_attr":{"tpe:relative_params:0":"{\"gx\": 8, \"gy\": 1, \"k\": 32, \"m\": 64, \"n\": 256}"}}
{"op_code":5,"worker_id":"e2ae7316-e1e9-4803-8ea4-8681ffe6ab66-131047698626432","trial_id":105,"param_name":"m","param_value_internal":2,"distribution":"{\"name\": \"CategoricalDistribution\", \"attributes\": {\"choices\": [16, 32, 64, 128, 256]}}"}
{"op_code":5,"worker_id":"e2ae7316-e1e9-4803-8ea4-8681ffe6ab66-131047698626432","trial_id":105,"param_name":"n","param_value_internal":4,"distribution":"{\"name\": \"CategoricalDistribution\", \"attributes\": {\"choices\": [16, 32, 64, 128, 256]}}"}
{"op_code":5,"worker_id":"e2ae7316-e1e9-4803-8ea4-8681ffe6ab66-131047698626432","trial_id":105,"param_name":"k","param_value_internal":1,"distribution":"{\"name\": \"CategoricalDistribution\", \"attributes\": {\"choices\": [16, 32, 64, 128]}}"}
{"op_code":5,"worker_id":"e2ae7316-e1e9-4803-8ea4-8681ffe6ab66-131047698626432","trial_id":105,"param_name":"gx","param_value_internal":3,"distribution":"{\"name\": \"CategoricalDistribution\", \"attributes\": {\"choices\": [1, 2, 4, 8]}}"}
{"op_code":5,"worker_id":"e2ae7316-e1e9-4803-8ea4-8681ffe6ab66-131047698626432","trial_id":105,"param_name":"gy","param_value_internal":0,"distribution":"{\"name\": \"CategoricalDistribution\", \"attributes\": {\"choices\": [1, 2, 4, 8]}}"}
{"op_code":5,"worker_id":"e2ae7316-e1e9-4803-8ea4-8681ffe6ab66-131047698626432","trial_id":105,"param_name":"sub","param_value_internal":0,"distribution":"{\"name\": \"CategoricalDistribution\", \"attributes\": {\"choices\": [32]}}"}
{"op_code":8,"worker_id":"e2ae7316-e1e9-4803-8ea4-8681ffe6ab66-131047698626432","trial_id":105,"user_attr":{"token":"tsweep_t64x256k32g81s32"}}
{"op_code":4,"worker_id":"e2ae7316-e1e9-4803-8ea4-8681ffe6ab66-131047698626432","study_id":0,"datetime_start":"2026-09-17T22:16:59.046764+00:00"}
{"op_code":9,"worker_id":"e2ae7316-e1e9-4803-8ea4-8681ffe6ab66-131047698626432","trial_id":106,"system_attr":{"tpe:relative_params:0":"{\"gx\": 4, \"gy\": 2, \"k\": 16, \"m\": 32, \"n\": 128}"}}
{"op_code":5,"worker_id":"e2ae7316-e1e9-4803-8ea4-8681ffe6ab66-131047698626432","trial_id":106,"param_name":"m","param_value_internal":1,"distribution":"{\"name\": \"CategoricalDistribution\", \"attributes\": {\"choices\": [16, 32, 64, 128, 256]}}"}
{"op_code":5,"worker_id":"e2ae7316-e1e9-4803-8ea4-8681ffe6ab66-131047698626432","trial_id":106,"param_name":"n","param_value_internal":3,"distribution":"{\"name\": \"CategoricalDistribution\", \"attributes\": {\"choices\": [16, 32, 64, 128, 256]}}"}
{"op_code":5,"worker_id":"e2ae7316-e1e9-4803-8ea4-8681ffe6ab66-131047698626432","trial_id":106,"param_name":"k","param_value_internal":0,"distribution":"{\"name\": \"CategoricalDistribution\", \"attributes\": {\"choices\": [16, 32, 64, 128]}}"}
{"op_code":5,"worker_id":"e2ae7316-e1e9-4803-8ea4-8681ffe6ab66-131047698626432","trial_id":106,"param_name":"gx","param_value_internal":2,"distribution":"{\"name\": \"CategoricalDistribution\", \"attributes\": {\"choices\": [1, 2, 4, 8]}}"}
{"op_code":5,"worker_id":"e2ae7316-e1e9-4803-8ea4-8681ffe6ab66-131047698626432","trial_id":106,"param_name":"gy","param_value_internal":1,"distribution":"{\"name\": \"CategoricalDistribution\", \"attributes\": {\"choices\": [1, 2, 4, 8]}}"}
{"op_code":5,"worker_id":"e2ae7316-e1e9-4803-8ea4-8681ffe6ab66-131047698626432","trial_id":106,"param_name":"sub","param_value_internal":0,"distribution":"{\"name\": \"CategoricalDistribution\", \"attributes\": {\"choices\": [32]}}"}
{"op_code":6,"worker_id":"e2ae7316-e1e9-4803-8ea4-8681ffe6ab66-131047698626432","trial_id":106,"state":2,"values":null,"datetime_complete":"2026-09-17T22:16:59.061687+00:00"}
{"op_code":4,"worker_id":"e2ae7316-e1e9-4803-8ea4-8681ffe6ab66-131047698626432","study_id":0,"datetime_start":"2026-09-17T22:16:59.063297+00:00"}
{"op_code":9,"worker_id":"e2ae7316-e1e9-4803-8ea4-8681ffe6ab66-131047698626432","trial_id":107,"system_attr":{"tpe:relative_params:0":"{\"gx\": 4, \"gy\": 1, \"k\": 64, \"m\": 64, \"n\": 128}"}}
{"op_code":5,"worker_id":"e2ae7316-e1e9-4803-8ea4-8681ffe6ab66-131047698626432","trial_id":107,"param_name":"m","param_value_internal":2,"distribution":"{\"name\": \"CategoricalDistribution\", \"attributes\": {\"choices\": [16, 32, 64, 128, 256]}}"}
{"op_code":5,"worker_id":"e2ae7316-e1e9-4803-8ea4-8681ffe6ab66-131047698626432","trial_id":107,"param_name":"n","param_value_internal":3,"distribution":"{\"name\": \"CategoricalDistribution\", \"attributes\": {\"choices\": [16, 32, 64, 128, 256]}}"}
{"op_code":5,"worker_id":"e2ae7316-e1e9-4803-8ea4-8681ffe6ab66-131047698626432","trial_id":107,"param_name":"k","param_value_internal":2,"distribution":"{\"name\": \"CategoricalDistribution\", \"attributes\": {\"choices\": [16, 32, 64, 128]}}"}
{"op_code":5,"worker_id":"e2ae7316-e1e9-4803-8ea4-8681ffe6ab66-131047698626432","trial_id":107,"param_name":"gx","param_value_internal":2,"distribution":"{\"name\": \"CategoricalDistribution\", \"attributes\": {\"choices\": [1, 2, 4, 8]}}"}
{"op_code":5,"worker_id":"e2ae7316-e1e9-4803-8ea4-8681ffe6ab66-131047698626432","trial_id":107,"param_name":"gy","param_value_internal":0,"distribution":"{\"name\": \"CategoricalDistribution\", \"attributes\": {\"choices\": [1, 2, 4, 8]}}"}
{"op_code":5,"worker_id":"e2ae7316-e1e9-4803-8ea4-8681ffe6ab66-131047698626432","trial_id":107,"param_name":"sub","param_value_internal":0,"distribution":"{\"name\": \"CategoricalDistribution\", \"attributes\": {\"choices\": [32]}}"}
{"op_code":8,"worker_id":"e2ae7316-e1e9-4803-8ea4-8681ffe6ab66-131047698626432","trial_id":107,"user_attr":{"token":"tsweep_t64x128k64g41s32"}}
{"op_code":4,"worker_id":"e2ae7316-e1e9-4803-8ea4-8681ffe6ab66-131047698626432","study_id":0,"datetime_start":"2026-09-17T22:16:59.078783+00:00"}
{"op_code":9,"worker_id":"e2ae7316-e1e9-4803-8ea4-8681ffe6ab66-131047698626432","trial_id":108,"system_attr":{"tpe:relative_params:0":"{\"gx\": 2, \"gy\": 2, \"k\": 32, \"m\": 32, \"n\": 128}"}}
{"op_code":5,"worker_id":"e2ae7316-e1e9-4803-8ea4-8681ffe6ab66-131047698626432","trial_id":108,"param_name":"m","param_value_internal":1,"distribution":"{\"name\": \"CategoricalDistribution\", \"attributes\": {\"choices\": [16, 32, 64, 128, 256]}}"}
{"op_code":5,"worker_id":"e2ae7316-e1e9-4803-8ea4-8681ffe6ab66-131047698626432","trial_id":108,"param_name":"n","param_value_internal":3,"distribution":"{\"name\": \"CategoricalDistribution\", \"attributes\": {\"choices\": [16, 32, 64, 128, 256]}}"}
{"op_code":5,"worker_id":"e2ae7316-e1e9-4803-8ea4-8681ffe6ab66-131047698626432","trial_id":108,"param_name":"k","param_value_internal":1,"distribution":"{\"name\": \"CategoricalDistribution\", \"attributes\": {\"choices\": [16, 32, 64, 128]}}"}
{"op_code":5,"worker_id":"e2ae7316-e1e9-4803-8ea4-8681ffe6ab66-131047698626432","trial_id":108,"param_name":"gx","param_value_internal":1,"distribution":"{\"name\": \"CategoricalDistribution\", \"attributes\": {\"choices\": [1, 2, 4, 8]}}"}
{"op_code":5,"worker_id":"e2ae7316-e1e9-4803-8ea4-8681ffe6ab66-131047698626432","trial_id":108,"param_name":"gy","param_value_internal":1,"distribution":"{\"name\": \"CategoricalDistribution\", \"attributes\": {\"choices\": [1, 2, 4, 8]}}"}
{"op_code":5,"worker_id":"e2ae7316-e1e9-4803-8ea4-8681ffe6ab66-131047698626432","trial_id":108,"param_name":"sub","param_value_internal":0,"distribution":"{\"name\": \"CategoricalDistribution\", \"attributes\": {\"choices\": [32]}}"}
{"op_code":8,"worker_id":"e2ae7316-e1e9-4803-8ea4-8681ffe6ab66-131047698626432","trial_id":108,"user_attr":{"token":"tsweep_t32x128k32g22s32"}}
{"op_code":4,"worker_id":"e2ae7316-e1e9-4803-8ea4-8681ffe6ab66-131047698626432","study_id":0,"datetime_start":"2026-09-17T22:16:59.094363+00:00"}
{"op_code":9,"worker_id":"e2ae7316-e1e9-4803-8ea4-8681ffe6ab66-131047698626432","trial_id":109,"system_attr":{"tpe:relative_params:0":"{\"gx\": 4, \"gy\": 2, \"k\": 128, \"m\": 32, \"n\": 64}"}}
{"op_code":5,"worker_id":"e2ae7316-e1e9-4803-8ea4-8681ffe6ab66-131047698626432","trial_id":109,"param_name":"m","param_value_internal":1,"distribution":"{\"name\": \"CategoricalDistribution\", \"attributes\": {\"choices\": [16, 32, 64, 128, 256]}}"}
{"op_code":5,"worker_id":"e2ae7316-e1e9-4803-8ea4-8681ffe6ab66-131047698626432","trial_id":109,"param_name":"n","param_value_internal":2,"distribution":"{\"name\": \"CategoricalDistribution\", \"attributes\": {\"choices\": [16, 32, 64, 128, 256]}}"}
{"op_code":5,"worker_id":"e2ae7316-e1e9-4803-8ea4-8681ffe6ab66-131047698626432","trial_id":109,"param_name":"k","param_value_internal":3,"distribution":"{\"name\": \"CategoricalDistribution\", \"attributes\": {\"choices\": [16, 32, 64, 128]}}"}
{"op_code":5,"worker_id":"e2ae7316-e1e9-4803-8ea4-8681ffe6ab66-131047698626432","trial_id":109,"param_name":"gx","param_value_internal":2,"distribution":"{\"name\": \"CategoricalDistribution\", \"attributes\": {\"choices\": [1, 2, 4, 8]}}"}
{"op_code":5,"worker_id":"e2ae7316-e1e9-4803-8ea4-8681ffe6ab66-131047698626432","trial_id":109,"param_name":"gy","param_value_internal":1,"distribution":"{\"name\": \"CategoricalDistribution\", \"attributes\": {\"choices\": [1, 2, 4, 8]}}"}
{"op_code":5,"worker_id":"e2ae7316-e1e9-4803-8ea4-8681ffe6ab66-131047698626432","trial_id":109,"param_name":"sub","param_value_internal":0,"distribution":"{\"name\": \"CategoricalDistribution\", \"attributes\": {\"choices\": [32]}}"}
{"op_code":8,"worker_id":"e2ae7316-e1e9-4803-8ea4-8681ffe6ab66-131047698626432","trial_id":109,"user_attr":{"token":"tsweep_t32x64k128g42s32"}}
{"op_code":4,"worker_id":"e2ae7316-e1e9-4803-8ea4-8681ffe6ab66-131047698626432","study_id":0,"datetime_start":"2026-09-17T22:16:59.109508+00:00"}
{"op_code":9,"worker_id":"e2ae7316-e1e9-4803-8ea4-8681ffe6ab66-131047698626432","trial_id":110,"system_attr":{"tpe:relative_params:0":"{\"gx\": 8, \"gy\": 1, \"k\": 64, \"m\": 32, \"n\": 128}"}}
{"op_code":5,"worker_id":"e2ae7316-e1e9-4803-8ea4-8681ffe6ab66-131047698626432","trial_id":110,"param_name":"m","param_value_internal":1,"distribution":"{\"name\": \"CategoricalDistribution\", \"attributes\": {\"choices\": [16, 32, 64, 128, 256]}}"}
{"op_code":5,"worker_id":"e2ae7316-e1e9-4803-8ea4-8681ffe6ab66-131047698626432","trial_id":110,"param_name":"n","param_value_internal":3,"distribution":"{\"name\": \"CategoricalDistribution\", \"attributes\": {\"choices\": [16, 32, 64, 128, 256]}}"}
{"op_code":5,"worker_id":"e2ae7316-e1e9-4803-8ea4-8681ffe6ab66-131047698626432","trial_id":110,"param_name":"k","param_value_internal":2,"distribution":"{\"name\": \"CategoricalDistribution\", \"attributes\": {\"choices\": [16, 32, 64, 128]}}"}
{"op_code":5,"worker_id":"e2ae7316-e1e9-4803-8ea4-8681ffe6ab66-131047698626432","trial_id":110,"param_name":"gx","param_value_internal":3,"distribution":"{\"name\": \"CategoricalDistribution\", \"attributes\": {\"choices\": [1, 2, 4, 8]}}"}
{"op_code":5,"worker_id":"e2ae7316-e1e9-4803-8ea4-8681ffe6ab66-131047698626432","trial_id":110,"param_name":"gy","param_value_internal":0,"distribution":"{\"name\": \"CategoricalDistribution\", \"attributes\": {\"choices\": [1, 2, 4, 8]}}"}
{"op_code":5,"worker_id":"e2ae7316-e1e9-4803-8ea4-8681ffe6ab66-131047698626432","trial_id":110,"param_name":"sub","param_value_internal":0,"distribution":"{\"name\": \"CategoricalDistribution\", \"attributes\": {\"choices\": [32]}}"}
{"op_code":8,"worker_id":"e2ae7316-e1e9-4803-8ea4-8681ffe6ab66-131047698626432","trial_id":110,"user_attr":{"token":"tsweep_t32x128k64g81s32"}}
{"op_code":4,"worker_id":"e2ae7316-e1e9-4803-8ea4-8681ffe6ab66-131047698626432","study_id":0,"datetime_start":"2026-09-17T22:16:59.124562+00:00"}
{"op_code":9,"worker_id":"e2ae7316-e1e9-4803-8ea4-8681ffe6ab66-131047698626432","trial_id":111,"system_attr":{"tpe:relative_params:0":"{\"gx\": 1, \"gy\": 2, \"k\": 32, \"m\": 32, \"n\": 64}"}}
{"op_code":5,"worker_id":"e2ae7316-e1e9-4803-8ea4-8681ffe6ab66-131047698626432","trial_id":111,"param_name":"m","param_value_internal":1,"distribution":"{\"name\": \"CategoricalDistribution\", \"attributes\": {\"choices\": [16, 32, 64, 128, 256]}}"}
{"op_code":5,"worker_id":"e2ae7316-e1e9-4803-8ea4-8681ffe6ab66-131047698626432","trial_id":111,"param_name":"n","param_value_internal":2,"distribution":"{\"name\": \"CategoricalDistribution\", \"attributes\": {\"choices\": [16, 32, 64, 128, 256]}}"}
{"op_code":5,"worker_id":"e2ae7316-e1e9-4803-8ea4-8681ffe6ab66-131047698626432","trial_id":111,"param_name":"k","param_value_internal":1,"distribution":"{\"name\": \"CategoricalDistribution\", \"attributes\": {\"choices\": [16, 32, 64, 128]}}"}
{"op_code":5,"worker_id":"e2ae7316-e1e9-4803-8ea4-8681ffe6ab66-131047698626432","trial_id":111,"param_name":"gx","param_value_internal":0,"distribution":"{\"name\": \"CategoricalDistribution\", \"attributes\": {\"choices\": [1, 2, 4, 8]}}"}
{"op_code":5,"worker_id":"e2ae7316-e1e9-4803-8ea4-8681ffe6ab66-131047698626432","trial_id":111,"param_name":"gy","param_value_internal":1,"distribution":"{\"name\": \"CategoricalDistribution\", \"attributes\": {\"choices\": [1, 2, 4, 8]}}"}
{"op_code":5,"worker_id":"e2ae7316-e1e9-4803-8ea4-8681ffe6ab66-131047698626432","trial_id":111,"param_name":"sub","param_value_internal":0,"distribution":"{\"name\": \"CategoricalDistribution\", \"attributes\": {\"choices\": [32]}}"}
{"op_code":8,"worker_id":"e2ae7316-e1e9-4803-8ea4-8681ffe6ab66-131047698626432","trial_id":111,"user_attr":{"token":"tsweep_t32x64k32g12s32"}}
{"op_code":4,"worker_id":"e2ae7316-e1e9-4803-8ea4-8681ffe6ab66-131047698626432","study_id":0,"datetime_start":"2026-09-17T22:16:59.140066+00:00"}
{"op_code":9,"worker_id":"e2ae7316-e1e9-4803-8ea4-8681ffe6ab66-131047698626432","trial_id":112,"system_attr":{"tpe:relative_params:0":"{\"gx\": 4, \"gy\": 1, \"k\": 16, \"m\": 64, \"n\": 64}"}}
{"op_code":5,"worker_id":"e2ae7316-e1e9-4803-8ea4-8681ffe6ab66-131047698626432","trial_id":112,"param_name":"m","param_value_internal":2,"distribution":"{\"name\": \"CategoricalDistribution\", \"attributes\": {\"choices\": [16, 32, 64, 128, 256]}}"}
{"op_code":5,"worker_id":"e2ae7316-e1e9-4803-8ea4-8681ffe6ab66-131047698626432","trial_id":112,"param_name":"n","param_value_internal":2,"distribution":"{\"name\": \"CategoricalDistribution\", \"attributes\": {\"choices\": [16, 32, 64, 128, 256]}}"}
{"op_code":5,"worker_id":"e2ae7316-e1e9-4803-8ea4-8681ffe6ab66-131047698626432","trial_id":112,"param_name":"k","param_value_internal":0,"distribution":"{\"name\": \"CategoricalDistribution\", \"attributes\": {\"choices\": [16, 32, 64, 128]}}"}
{"op_code":5,"worker_id":"e2ae7316-e1e9-4803-8ea4-8681ffe6ab66-131047698626432","trial_id":112,"param_name":"gx","param_value_internal":2,"distribution":"{\"name\": \"CategoricalDistribution\", \"attributes\": {\"choices\": [1, 2, 4, 8]}}"}
{"op_code":5,"worker_id":"e2ae7316-e1e9-4803-8ea4-8681ffe6ab66-131047698626432","trial_id":112,"param_name":"gy","param_value_internal":0,"distribution":"{\"name\": \"CategoricalDistribution\", \"attributes\": {\"choices\": [1, 2, 4, 8]}}"}
{"op_code":5,"worker_id":"e2ae7316-e1e9-4803-8ea4-8681ffe6ab66-131047698626432","trial_id":112,"param_name":"sub","param_value_internal":0,"distribution":"{\"name\": \"CategoricalDistribution\", \"attributes\": {\"choices\": [32]}}"}
{"op_code":6,"worker_id":"e2ae7316-e1e9-4803-8ea4-8681ffe6ab66-131047698626432","trial_id":112,"state":2,"values":null,"datetime_complete":"2026-09-17T22:16:59.153983+00:00"}
{"op_code":4,"worker_id":"e2ae7316-e1e9-4803-8ea4-8681ffe6ab66-131047698626432","study_id":0,"datetime_start":"2026-09-17T22:16:59.155573+00:00"}
{"op_code":9,"worker_id":"e2ae7316-e1e9-4803-8ea4-8681ffe6ab66-131047698626432","trial_id":113,"system_attr":{"tpe:relative_params:0":"{\"gx\": 4, \"gy\": 4, \"k\": 64, \"m\": 128, \"n\": 64}"}}
{"op_code":5,"worker_id":"e2ae7316-e1e9-4803-8ea4-8681ffe6ab66-131047698626432","trial_id":113,"param_name":"m","param_value_internal":3,"distribution":"{\"name\": \"CategoricalDistribution\", \"attributes\": {\"choices\": [16, 32, 64, 128, 256]}}"}
{"op_code":5,"worker_id":"e2ae7316-e1e9-4803-8ea4-8681ffe6ab66-131047698626432","trial_id":113,"param_name":"n","param_value_internal":2,"distribution":"{\"name\": \"CategoricalDistribution\", \"attributes\": {\"choices\": [16, 32, 64, 128, 256]}}"}
{"op_code":5,"worker_id":"e2ae7316-e1e9-4803-8ea4-8681ffe6ab66-131047698626432","trial_id":113,"param_name":"k","param_value_internal":2,"distribution":"{\"name\": \"CategoricalDistribution\", \"attributes\": {\"choices\": [16, 32, 64, 128]}}"}
{"op_code":5,"worker_id":"e2ae7316-e1e9-4803-8ea4-8681ffe6ab66-131047698626432","trial_id":113,"param_name":"gx","param_value_internal":2,"distribution":"{\"name\": \"CategoricalDistribution\", \"attributes\": {\"choices\": [1, 2, 4, 8]}}"}
{"op_code":5,"worker_id":"e2ae7316-e1e9-4803-8ea4-8681ffe6ab66-131047698626432","trial_id":113,"param_name":"gy","param_value_internal":2,"distribution":"{\"name\": \"CategoricalDistribution\", \"attributes\": {\"choices\": [1, 2, 4, 8]}}"}
{"op_code":5,"worker_id":"e2ae7316-e1e9-4803-8ea4-8681ffe6ab66-131047698626432","trial_id":113,"param_name":"sub","param_value_internal":0,"distribution":"{\"name\": \"CategoricalDistribution\", \"attributes\": {\"choices\": [32]}}"}
{"op_code":8,"worker_id":"e2ae7316-e1e9-4803-8ea4-8681ffe6ab66-131047698626432","trial_id":113,"user_attr":{"token":"tsweep_t128x64k64g44s32"}}
{"op_code":4,"worker_id":"e2ae7316-e1e9-4803-8ea4-8681ffe6ab66-131047698626432","study_id":0,"datetime_start":"2026-09-17T22:16:59.171693+00:00"}
{"op_code":9,"worker_id":"e2ae7316-e1e9-4803-8ea4-8681ffe6ab66-131047698626432","trial_id":114,"system_attr":{"tpe:relative_params:0":"{\"gx\": 4, \"gy\": 1, \"k\": 128, \"m\": 64, \"n\": 16}"}}
{"op_code":5,"worker_id":"e2ae7316-e1e9-4803-8ea4-8681ffe6ab66-131047698626432","trial_id":114,"param_name":"m","param_value_internal":2,"distribution":"{\"name\": \"CategoricalDistribution\", \"attributes\": {\"choices\": [16, 32, 64, 128, 256]}}"}
{"op_code":5,"worker_id":"e2ae7316-e1e9-4803-8ea4-8681ffe6ab66-131047698626432","trial_id":114,"param_name":"n","param_value_internal":0,"distribution":"{\"name\": \"CategoricalDistribution\", \"attributes\": {\"choices\": [16, 32, 64, 128, 256]}}"}
{"op_code":5,"worker_id":"e2ae7316-e1e9-4803-8ea4-8681ffe6ab66-131047698626432","trial_id":114,"param_name":"k","param_value_internal":3,"distribution":"{\"name\": \"CategoricalDistribution\", \"attributes\": {\"choices\": [16, 32, 64, 128]}}"}
{"op_code":5,"worker_id":"e2ae7316-e1e9-4803-8ea4-8681ffe6ab66-131047698626432","trial_id":114,"param_name":"gx","param_value_internal":2,"distribution":"{\"name\": \"CategoricalDistribution\", \"attributes\": {\"choices\": [1, 2, 4, 8]}}"}
{"op_code":5,"worker_id":"e2ae7316-e1e9-4803-8ea4-8681ffe6ab66-131047698626432","trial_id":114,"param_name":"gy","param_value_internal":0,"distribution":"{\"name\": \"CategoricalDistribution\", \"attributes\": {\"choices\": [1, 2, 4, 8]}}"}
{"op_code":5,"worker_id":"e2ae7316-e1e9-4803-8ea4-8681ffe6ab66-131047698626432","trial_id":114,"param_name":"sub","param_value_internal":0,"distribution":"{\"name\": \"CategoricalDistribution\", \"attributes\": {\"choices\": [32]}}"}
{"op_code":6,"worker_id":"e2ae7316-e1e9-4803-8ea4-8681ffe6ab66-131047698626432","trial_id":114,"state":2,"values":null,"datetime_complete":"2026-09-17T22:16:59.186014+00:00"}
{"op_code":4,"worker_id":"e2ae7316-e1e9-4803-8ea4-8681ffe6ab66-131047698626432","study_id":0,"datetime_start":"2026-09-17T22:16:59.187779+00:00"}
{"op_code":9,"worker_id":"e2ae7316-e1e9-4803-8ea4-8681ffe6ab66-131047698626432","trial_id":115,"system_attr":{"tpe:relative_params:0":"{\"gx\": 8, \"gy\": 2, \"k\": 64, \"m\": 32, \"n\": 16}"}}
{"op_code":5,"worker_id":"e2ae7316-e1e9-4803-8ea4-8681ffe6ab66-131047698626432","trial_id":115,"param_name":"m","param_value_internal":1,"distribution":"{\"name\": \"CategoricalDistribution\", \"attributes\": {\"choices\": [16, 32, 64, 128, 256]}}"}
{"op_code":5,"worker_id":"e2ae7316-e1e9-4803-8ea4-8681ffe6ab66-131047698626432","trial_id":115,"param_name":"n","param_value_internal":0,"distribution":"{\"name\": \"CategoricalDistribution\", \"attributes\": {\"choices\": [16, 32, 64, 128, 256]}}"}
{"op_code":5,"worker_id":"e2ae7316-e1e9-4803-8ea4-8681ffe6ab66-131047698626432","trial_id":115,"param_name":"k","param_value_internal":2,"distribution":"{\"name\": \"CategoricalDistribution\", \"attributes\": {\"choices\": [16, 32, 64, 128]}}"}
{"op_code":5,"worker_id":"e2ae7316-e1e9-4803-8ea4-8681ffe6ab66-131047698626432","trial_id":115,"param_name":"gx","param_value_internal":3,"distribution":"{\"name\": \"CategoricalDistribution\", \"attributes\": {\"choices\": [1, 2, 4, 8]}}"}
{"op_code":5,"worker_id":"e2ae7316-e1e9-4803-8ea4-8681ffe6ab66-131047698626432","trial_id":115,"param_name":"gy","param_value_internal":1,"distribution":"{\"name\": \"CategoricalDistribution\", \"attributes\": {\"choices\": [1, 2, 4, 8]}}"}
{"op_code":5,"worker_id":"e2ae7316-e1e9-4803-8ea4-8681ffe6ab66-131047698626432","trial_id":115,"param_name":"sub","param_value_internal":0,"distribution":"{\"name\": \"CategoricalDistribution\", \"attributes\": {\"choices\": [32]}}"}
{"op_code":6,"worker_id":"e2ae7316-e1e9-4803-8ea4-8681ffe6ab66-131047698626432","trial_id":115,"state":2,"values":null,"datetime_complete":"2026-09-17T22:16:59.201819+00:00"}
{"op_code":4,"worker_id":"e2ae7316-e1e9-4803-8ea4-8681ffe6ab66-131047698626432","study_id":0,"datetime_start":"2026-09-17T22:16:59.203492+00:00"}
{"op_code":9,"worker_id":"e2ae7316-e1e9-4803-8ea4-8681ffe6ab66-131047698626432","trial_id":116,"system_attr":{"tpe:relative_params:0":"{\"gx\": 2, \"gy\": 1, \"k\": 64, \"m\": 256, \"n\": 32}"}}
{"op_code":5,"worker_id":"e2ae7316-e1e9-4803-8ea4-8681ffe6ab66-131047698626432","trial_id":116,"param_name":"m","param_value_internal":4,"distribution":"{\"name\": \"CategoricalDistribution\", \"attributes\": {\"choices\": [16, 32, 64, 128, 256]}}"}
{"op_code":5,"worker_id":"e2ae7316-e1e9-4803-8ea4-8681ffe6ab66-131047698626432","trial_id":116,"param_name":"n","param_value_internal":1,"distribution":"{\"name\": \"CategoricalDistribution\", \"attributes\": {\"choices\": [16, 32, 64, 128, 256]}}"}
{"op_code":5,"worker_id":"e2ae7316-e1e9-4803-8ea4-8681ffe6ab66-131047698626432","trial_id":116,"param_name":"k","param_value_internal":2,"distribution":"{\"name\": \"CategoricalDistribution\", \"attributes\": {\"choices\": [16, 32, 64, 128]}}"}
{"op_code":5,"worker_id":"e2ae7316-e1e9-4803-8ea4-8681ffe6ab66-131047698626432","trial_id":116,"param_name":"gx","param_value_internal":1,"distribution":"{\"name\": \"CategoricalDistribution\", \"attributes\": {\"choices\": [1, 2, 4, 8]}}"}
{"op_code":5,"worker_id":"e2ae7316-e1e9-4803-8ea4-8681ffe6ab66-131047698626432","trial_id":116,"param_name":"gy","param_value_internal":0,"distribution":"{\"name\": \"CategoricalDistribution\", \"attributes\": {\"choices\": [1, 2, 4, 8]}}"}
{"op_code":5,"worker_id":"e2ae7316-e1e9-4803-8ea4-8681ffe6ab66-131047698626432","trial_id":116,"param_name":"sub","param_value_internal":0,"distribution":"{\"name\": \"CategoricalDistribution\", \"attributes\": {\"choices\": [32]}}"}
{"op_code":6,"worker_id":"e2ae7316-e1e9-4803-8ea4-8681ffe6ab66-131047698626432","trial_id":116,"state":2,"values":null,"datetime_complete":"2026-09-17T22:16:59.217398+00:00"}
{"op_code":4,"worker_id":"e2ae7316-e1e9-4803-8ea4-8681ffe6ab66-131047698626432","study_id":0,"datetime_start":"2026-09-17T22:16:59.219030+00:00"}
{"op_code":9,"worker_id":"e2ae7316-e1e9-4803-8ea4-8681ffe6ab66-131047698626432","trial_id":117,"system_attr":{"tpe:relative_params:0":"{\"gx\": 8, \"gy\": 4, \"k\": 32, \"m\": 128, \"n\": 128}"}}
{"op_code":5,"worker_id":"e2ae7316-e1e9-4803-8ea4-8681ffe6ab66-131047698626432","trial_id":117,"param_name":"m","param_value_internal":3,"distribution":"{\"name\": \"CategoricalDistribution\", \"attributes\": {\"choices\": [16, 32, 64, 128, 256]}}"}
{"op_code":5,"worker_id":"e2ae7316-e1e9-4803-8ea4-8681ffe6ab66-131047698626432","trial_id":117,"param_name":"n","param_value_internal":3,"distribution":"{\"name\": \"CategoricalDistribution\", \"attributes\": {\"choices\": [16, 32, 64, 128, 256]}}"}
{"op_code":5,"worker_id":"e2ae7316-e1e9-4803-8ea4-8681ffe6ab66-131047698626432","trial_id":117,"param_name":"k","param_value_internal":1,"distribution":"{\"name\": \"CategoricalDistribution\", \"attributes\": {\"choices\": [16, 32, 64, 128]}}"}
{"op_code":5,"worker_id":"e2ae7316-e1e9-4803-8ea4-8681ffe6ab66-131047698626432","trial_id":117,"param_name":"gx","param_value_internal":3,"distribution":"{\"name\": \"CategoricalDistribution\", \"attributes\": {\"choices\": [1, 2, 4, 8]}}"}
{"op_code":5,"worker_id":"e2ae7316-e1e9-4803-8ea4-8681ffe6ab66-131047698626432","trial_id":117,"param_name":"gy","param_value_internal":2,"distribution":"{\"name\": \"CategoricalDistribution\", \"attributes\": {\"choices\": [1, 2, 4, 8]}}"}
{"op_code":5,"worker_id":"e2ae7316-e1e9-4803-8ea4-8681ffe6ab66-131047698626432","trial_id":117,"param_name":"sub","param_value_internal":0,"distribution":"{\"name\": \"CategoricalDistribution\", \"attributes\": {\"choices\": [32]}}"}
{"op_code":8,"worker_id":"e2ae7316-e1e9-4803-8ea4-8681ffe6ab66-131047698626432","trial_id":117,"user_attr":{"token":"tsweep_t128x128k32g84s32"}}
{"op_code":6,"worker_id":"e2ae7316-e1e9-4803-8ea4-8681ffe6ab66-131047698626432","trial_id":86,"state":1,"values":[16925.6],"datetime_complete":"2026-09-17T22:17:24.993657+00:00"}
{"op_code":6,"worker_id":"e2ae7316-e1e9-4803-8ea4-8681ffe6ab66-131047698626432","trial_id":89,"state":1,"values":[15398.5],"datetime_complete":"2026-09-17T22:17:30.666467+00:00"}
{"op_code":6,"worker_id":"e2ae7316-e1e9-4803-8ea4-8681ffe6ab66-131047698626432","trial_id":92,"state":1,"values":[12642.0],"datetime_complete":"2026-09-17T22:17:36.518091+00:00"}
{"op_code":6,"worker_id":"e2ae7316-e1e9-4803-8ea4-8681ffe6ab66-131047698626432","trial_id":96,"state":1,"values":[18451.95],"datetime_complete":"2026-09-17T22:17:42.152625+00:00"}
{"op_code":6,"worker_id":"e2ae7316-e1e9-4803-8ea4-8681ffe6ab66-131047698626432","trial_id":98,"state":1,"values":[12337.3],"datetime_complete":"2026-09-17T22:17:47.914857+00:00"}
{"op_code":6,"worker_id":"e2ae7316-e1e9-4803-8ea4-8681ffe6ab66-131047698626432","trial_id":101,"state":1,"values":[17138.4],"datetime_complete":"2026-09-17T22:17:53.711323+00:00"}
{"op_code":6,"worker_id":"e2ae7316-e1e9-4803-8ea4-8681ffe6ab66-131047698626432","trial_id":102,"state":2,"values":null,"datetime_complete":"2026-09-17T22:18:00.877006+00:00"}
{"op_code":6,"worker_id":"e2ae7316-e1e9-4803-8ea4-8681ffe6ab66-131047698626432","trial_id":103,"state":1,"values":[18044.4],"datetime_complete":"2026-09-17T22:18:06.458143+00:00"}
{"op_code":6,"worker_id":"e2ae7316-e1e9-4803-8ea4-8681ffe6ab66-131047698626432","trial_id":105,"state":1,"values":[12681.25],"datetime_complete":"2026-09-17T22:18:16.351002+00:00"}
{"op_code":6,"worker_id":"e2ae7316-e1e9-4803-8ea4-8681ffe6ab66-131047698626432","trial_id":107,"state":1,"values":[15753.8],"datetime_complete":"2026-09-17T22:18:22.167579+00:00"}
{"op_code":6,"worker_id":"e2ae7316-e1e9-4803-8ea4-8681ffe6ab66-131047698626432","trial_id":108,"state":1,"values":[12047.1],"datetime_complete":"2026-09-17T22:18:27.980119+00:00"}
{"op_code":6,"worker_id":"e2ae7316-e1e9-4803-8ea4-8681ffe6ab66-131047698626432","trial_id":109,"state":1,"values":[11130.4],"datetime_complete":"2026-09-17T22:18:33.727799+00:00"}
{"op_code":6,"worker_id":"e2ae7316-e1e9-4803-8ea4-8681ffe6ab66-131047698626432","trial_id":110,"state":1,"values":[12487.8],"datetime_complete":"2026-09-17T22:18:39.438728+00:00"}
{"op_code":6,"worker_id":"e2ae7316-e1e9-4803-8ea4-8681ffe6ab66-131047698626432","trial_id":111,"state":1,"values":[11770.1],"datetime_complete":"2026-09-17T22:18:45.308617+00:00"}
{"op_code":6,"worker_id":"e2ae7316-e1e9-4803-8ea4-8681ffe6ab66-131047698626432","trial_id":113,"state":1,"values":[17283.0],"datetime_complete":"2026-09-17T22:18:50.871121+00:00"}
{"op_code":6,"worker_id":"e2ae7316-e1e9-4803-8ea4-8681ffe6ab66-131047698626432","trial_id":117,"state":1,"values":[18703.6],"datetime_complete":"2026-09-17T22:18:56.394690+00:00"}
