gpu,model,scheme,build,kernel,M,N,K,ms,tflops
b580,1b,4w,cand,sarc_linear_q4gsw_coopmat_t128x128k16g44s16m8fli_texture3d_texture2d_half,2048,2048,2048,0.3914,43.899
b580,1b,4w,cand,sarc_linear_q4gsw_coopmat_t128x128k16g44s16m8fli_texture3d_texture2d_half,2048,512,2048,0.1384,31.039
b580,1b,4w,cand,sarc_linear_q4gsw_coopmat_t128x128k16g44s16m8fli_texture3d_texture2d_half,2048,512,2048,0.1296,33.144
b580,1b,4w,cand,sarc_linear_q4gsw_coopmat_t128x128k16g44s16m8fli_texture3d_texture2d_half,2048,2048,2048,0.3911,43.928
b580,1b,4w,cand,sarc_linear_q4gsw_coopmat_t128x128k16g44s16m8fli_texture3d_texture2d_half,2048,8192,2048,1.4392,47.75
b580,1b,4w,cand,sarc_linear_q4gsw_coopmat_t128x128k16g44s16m8fli_texture3d_texture2d_half,2048,8192,2048,1.4353,47.878
b580,1b,4w,cand,sarc_linear_q4gsw_coopmat_t128x128k16g44s16m8fli_texture3d_texture2d_half,2048,2048,8192,1.5731,43.684
b580,1b,4w,cand,sarc_linear_q4gsw_coopmat_t128x128k16g44s16m8fli_texture3d_texture2d_half,2048,2048,2048,0.3932,43.69
b580,1b,4w,cand,sarc_linear_q4gsw_coopmat_t128x128k16g44s16m8fli_texture3d_texture2d_half,2048,512,2048,0.1393,30.831
b580,1b,4w,cand,sarc_linear_q4gsw_coopmat_t128x128k16g44s16m8fli_texture3d_texture2d_half,2048,512,2048,0.1306,32.893
b580,1b,4w,cand,sarc_linear_q4gsw_coopmat_t128x128k16g44s16m8fli_texture3d_texture2d_half,2048,2048,2048,0.3898,44.074
b580,1b,4w,cand,sarc_linear_q4gsw_coopmat_t128x128k16g44s16m8fli_texture3d_texture2d_half,2048,8192,2048,1.4383,47.779
b580,1b,4w,cand,sarc_linear_q4gsw_coopmat_t128x128k16g44s16m8fli_texture3d_texture2d_half,2048,8192,2048,1.4388,47.762
b580,1b,4w,cand,sarc_linear_q4gsw_coopmat_t128x128k16g44s16m8fli_texture3d_texture2d_half,2048,2048,8192,1.5643,43.931
b580,1b,4w,cand,sarc_linear_q4gsw_coopmat_t128x128k16g44s16m8fli_texture3d_texture2d_half,2048,2048,2048,0.3924,43.777
b580,1b,4w,cand,sarc_linear_q4gsw_coopmat_t128x128k16g44s16m8fli_texture3d_texture2d_half,2048,512,2048,0.1395,30.785
b580,1b,4w,cand,sarc_linear_q4gsw_coopmat_t128x128k16g44s16m8fli_texture3d_texture2d_half,2048,512,2048,0.1303,32.959
b580,1b,4w,cand,sarc_linear_q4gsw_coopmat_t128x128k16g44s16m8fli_texture3d_texture2d_half,2048,2048,2048,0.3899,44.063
b580,1b,4w,cand,sarc_linear_q4gsw_coopmat_t128x128k16g44s16m8fli_texture3d_texture2d_half,2048,8192,2048,1.4412,47.681
b580,1b,4w,cand,sarc_linear_q4gsw_coopmat_t128x128k16g44s16m8fli_texture3d_texture2d_half,2048,8192,2048,1.4374,47.809
b580,1b,4w,cand,sarc_linear_q4gsw_coopmat_t128x128k16g44s16m8fli_texture3d_texture2d_half,2048,2048,8192,1.5614,44.013
b580,1b,4w,cand,sarc_linear_q4gsw_coopmat_t128x128k16g44s16m8fli_texture3d_texture2d_half,2048,2048,2048,0.3903,44.022
b580,1b,4w,cand,sarc_linear_q4gsw_coopmat_t128x128k16g44s16m8fli_texture3d_texture2d_half,2048,512,2048,0.1398,30.716
b580,1b,4w,cand,sarc_linear_q4gsw_coopmat_t128x128k16g44s16m8fli_texture3d_texture2d_half,2048,512,2048,0.1304,32.933
b580,1b,4w,cand,sarc_linear_q4gsw_coopmat_t128x128k16g44s16m8fli_texture3d_texture2d_half,2048,2048,2048,0.392,43.829
b580,1b,4w,cand,sarc_linear_q4gsw_coopmat_t128x128k16g44s16m8fli_texture3d_texture2d_half,2048,8192,2048,1.4417,47.666
b580,1b,4w,cand,sarc_linear_q4gsw_coopmat_t128x128k16g44s16m8fli_texture3d_texture2d_half,2048,8192,2048,1.4312,48.014
b580,1b,4w,cand,sarc_linear_q4gsw_coopmat_t128x128k16g44s16m8fli_texture3d_texture2d_half,2048,2048,8192,1.557,44.135
b580,1b,4w,cand,sarc_linear_q4gsw_coopmat_t128x128k16g44s16m8fli_texture3d_texture2d_half,2048,2048,2048,0.391,43.934
b580,1b,4w,cand,sarc_linear_q4gsw_coopmat_t128x128k16g44s16m8fli_texture3d_texture2d_half,2048,512,2048,0.1409,30.478
b580,1b,4w,cand,sarc_linear_q4gsw_coopmat_t128x128k16g44s16m8fli_texture3d_texture2d_half,2048,512,2048,0.1295,33.158
b580,1b,4w,cand,sarc_linear_q4gsw_coopmat_t128x128k16g44s16m8fli_texture3d_texture2d_half,2048,2048,2048,0.3904,44.01
b580,1b,4w,cand,sarc_linear_q4gsw_coopmat_t128x128k16g44s16m8fli_texture3d_texture2d_half,2048,8192,2048,1.4489,47.428
b580,1b,4w,cand,sarc_linear_q4gsw_coopmat_t128x128k16g44s16m8fli_texture3d_texture2d_half,2048,8192,2048,1.4393,47.745
b580,1b,4w,cand,sarc_linear_q4gsw_coopmat_t128x128k16g44s16m8fli_texture3d_texture2d_half,2048,2048,8192,1.5734,43.675
b580,1b,4w,cand,sarc_linear_q4gsw_coopmat_t128x128k16g44s16m8fli_texture3d_texture2d_half,2048,2048,2048,0.3909,43.951
b580,1b,4w,cand,sarc_linear_q4gsw_coopmat_t128x128k16g44s16m8fli_texture3d_texture2d_half,2048,512,2048,0.139,30.888
b580,1b,4w,cand,sarc_linear_q4gsw_coopmat_t128x128k16g44s16m8fli_texture3d_texture2d_half,2048,512,2048,0.1307,32.854
b580,1b,4w,cand,sarc_linear_q4gsw_coopmat_t128x128k16g44s16m8fli_texture3d_texture2d_half,2048,2048,2048,0.3901,44.039
b580,1b,4w,cand,sarc_linear_q4gsw_coopmat_t128x128k16g44s16m8fli_texture3d_texture2d_half,2048,8192,2048,1.4341,47.918
b580,1b,4w,cand,sarc_linear_q4gsw_coopmat_t128x128k16g44s16m8fli_texture3d_texture2d_half,2048,8192,2048,1.4444,47.578
b580,1b,4w,cand,sarc_linear_q4gsw_coopmat_t128x128k16g44s16m8fli_texture3d_texture2d_half,2048,2048,8192,1.5811,43.464
b580,1b,4w,cand,sarc_linear_q4gsw_coopmat_t128x128k16g44s16m8fli_texture3d_texture2d_half,2048,2048,2048,0.3903,44.022
b580,1b,4w,cand,sarc_linear_q4gsw_coopmat_t128x128k16g44s16m8fli_texture3d_texture2d_half,2048,512,2048,0.1397,30.739
b580,1b,4w,cand,sarc_linear_q4gsw_coopmat_t128x128k16g44s16m8fli_texture3d_texture2d_half,2048,512,2048,0.1298,33.078
b580,1b,4w,cand,sarc_linear_q4gsw_coopmat_t128x128k16g44s16m8fli_texture3d_texture2d_half,2048,2048,2048,0.3916,43.87
b580,1b,4w,cand,sarc_linear_q4gsw_coopmat_t128x128k16g44s16m8fli_texture3d_texture2d_half,2048,8192,2048,1.4459,47.528
b580,1b,4w,cand,sarc_linear_q4gsw_coopmat_t128x128k16g44s16m8fli_texture3d_texture2d_half,2048,8192,2048,1.4393,47.747
b580,1b,4w,cand,sarc_linear_q4gsw_coopmat_t128x128k16g44s16m8fli_texture3d_texture2d_half,2048,2048,8192,1.5645,43.924
b580,1b,4w,cand,sarc_linear_q4gsw_coopmat_t128x128k16g44s16m8fli_texture3d_texture2d_half,2048,2048,2048,0.3913,43.905
b580,1b,4w,cand,sarc_linear_q4gsw_coopmat_t128x128k16g44s16m8fli_texture3d_texture2d_half,2048,512,2048,0.1401,30.648
b580,1b,4w,cand,sarc_linear_q4gsw_coopmat_t128x128k16g44s16m8fli_texture3d_texture2d_half,2048,512,2048,0.1302,32.985
b580,1b,4w,cand,sarc_linear_q4gsw_coopmat_t128x128k16g44s16m8fli_texture3d_texture2d_half,2048,2048,2048,0.3913,43.905
b580,1b,4w,cand,sarc_linear_q4gsw_coopmat_t128x128k16g44s16m8fli_texture3d_texture2d_half,2048,8192,2048,1.4737,46.63
b580,1b,4w,cand,sarc_linear_q4gsw_coopmat_t128x128k16g44s16m8fli_texture3d_texture2d_half,2048,8192,2048,1.4342,47.916
b580,1b,4w,cand,sarc_linear_q4gsw_coopmat_t128x128k16g44s16m8fli_texture3d_texture2d_half,2048,2048,8192,1.562,43.995
b580,1b,4w,cand,sarc_linear_q4gsw_coopmat_t128x128k16g44s16m8fli_texture3d_texture2d_half,2048,2048,2048,0.3907,43.975
b580,1b,4w,cand,sarc_linear_q4gsw_coopmat_t128x128k16g44s16m8fli_texture3d_texture2d_half,2048,512,2048,0.1407,30.534
b580,1b,4w,cand,sarc_linear_q4gsw_coopmat_t128x128k16g44s16m8fli_texture3d_texture2d_half,2048,512,2048,0.1292,33.251
b580,1b,4w,cand,sarc_linear_q4gsw_coopmat_t128x128k16g44s16m8fli_texture3d_texture2d_half,2048,2048,2048,0.3898,44.069
b580,1b,4w,cand,sarc_linear_q4gsw_coopmat_t128x128k16g44s16m8fli_texture3d_texture2d_half,2048,8192,2048,1.4686,46.793
b580,1b,4w,cand,sarc_linear_q4gsw_coopmat_t128x128k16g44s16m8fli_texture3d_texture2d_half,2048,8192,2048,1.4366,47.835
b580,1b,4w,cand,sarc_linear_q4gsw_coopmat_t128x128k16g44s16m8fli_texture3d_texture2d_half,2048,2048,8192,1.5715,43.729
b580,1b,4w,cand,sarc_linear_q4gsw_coopmat_t128x128k16g44s16m8fli_texture3d_texture2d_half,2048,2048,2048,0.3913,43.905
b580,1b,4w,cand,sarc_linear_q4gsw_coopmat_t128x128k16g44s16m8fli_texture3d_texture2d_half,2048,512,2048,0.1715,25.037
b580,1b,4w,cand,sarc_linear_q4gsw_coopmat_t128x128k16g44s16m8fli_texture3d_texture2d_half,2048,512,2048,0.1302,32.999
b580,1b,4w,cand,sarc_linear_q4gsw_coopmat_t128x128k16g44s16m8fli_texture3d_texture2d_half,2048,2048,2048,0.3913,43.905
b580,1b,4w,cand,sarc_linear_q4gsw_coopmat_t128x128k16g44s16m8fli_texture3d_texture2d_half,2048,8192,2048,1.4656,46.889
b580,1b,4w,cand,sarc_linear_q4gsw_coopmat_t128x128k16g44s16m8fli_texture3d_texture2d_half,2048,8192,2048,1.4411,47.686
b580,1b,4w,cand,sarc_linear_q4gsw_coopmat_t128x128k16g44s16m8fli_texture3d_texture2d_half,2048,2048,8192,1.5721,43.711
b580,1b,4w,cand,sarc_linear_q4gsw_coopmat_t128x128k16g44s16m8fli_texture3d_texture2d_half,2048,2048,2048,0.3929,43.73
b580,1b,4w,cand,sarc_linear_q4gsw_coopmat_t128x128k16g44s16m8fli_texture3d_texture2d_half,2048,512,2048,0.1392,30.854
b580,1b,4w,cand,sarc_linear_q4gsw_coopmat_t128x128k16g44s16m8fli_texture3d_texture2d_half,2048,512,2048,0.1305,32.92
b580,1b,4w,cand,sarc_linear_q4gsw_coopmat_t128x128k16g44s16m8fli_texture3d_texture2d_half,2048,2048,2048,0.3888,44.192
b580,1b,4w,cand,sarc_linear_q4gsw_coopmat_t128x128k16g44s16m8fli_texture3d_texture2d_half,2048,8192,2048,1.4814,46.389
b580,1b,4w,cand,sarc_linear_q4gsw_coopmat_t128x128k16g44s16m8fli_texture3d_texture2d_half,2048,8192,2048,1.4384,47.774
b580,1b,4w,cand,sarc_linear_q4gsw_coopmat_t128x128k16g44s16m8fli_texture3d_texture2d_half,2048,2048,8192,1.5594,44.069
b580,1b,4w,cand,sarc_linear_q4gsw_coopmat_t128x128k16g44s16m8fli_texture3d_texture2d_half,2048,2048,2048,0.389,44.169
b580,1b,4w,cand,sarc_linear_q4gsw_coopmat_t128x128k16g44s16m8fli_texture3d_texture2d_half,2048,512,2048,0.1392,30.865
b580,1b,4w,cand,sarc_linear_q4gsw_coopmat_t128x128k16g44s16m8fli_texture3d_texture2d_half,2048,512,2048,0.1309,32.802
b580,1b,4w,cand,sarc_linear_q4gsw_coopmat_t128x128k16g44s16m8fli_texture3d_texture2d_half,2048,2048,2048,0.408,42.103
b580,1b,4w,cand,sarc_linear_q4gsw_coopmat_t128x128k16g44s16m8fli_texture3d_texture2d_half,2048,8192,2048,1.4697,46.758
b580,1b,4w,cand,sarc_linear_q4gsw_coopmat_t128x128k16g44s16m8fli_texture3d_texture2d_half,2048,8192,2048,1.4435,47.607
b580,1b,4w,cand,sarc_linear_q4gsw_coopmat_t128x128k16g44s16m8fli_texture3d_texture2d_half,2048,2048,8192,1.5959,43.061
b580,1b,4w,cand,sarc_linear_q4gsw_coopmat_t128x128k16g44s16m8fli_texture3d_texture2d_half,2048,2048,2048,0.3896,44.098
b580,1b,4w,cand,sarc_linear_q4gsw_coopmat_t128x128k16g44s16m8fli_texture3d_texture2d_half,2048,512,2048,0.1385,31.004
b580,1b,4w,cand,sarc_linear_q4gsw_coopmat_t128x128k16g44s16m8fli_texture3d_texture2d_half,2048,512,2048,0.1301,33.025
b580,1b,4w,cand,sarc_linear_q4gsw_coopmat_t128x128k16g44s16m8fli_texture3d_texture2d_half,2048,2048,2048,0.4073,42.178
b580,1b,4w,cand,sarc_linear_q4gsw_coopmat_t128x128k16g44s16m8fli_texture3d_texture2d_half,2048,8192,2048,1.4385,47.772
b580,1b,4w,cand,sarc_linear_q4gsw_coopmat_t128x128k16g44s16m8fli_texture3d_texture2d_half,2048,8192,2048,1.4328,47.963
b580,1b,4w,cand,sarc_linear_q4gsw_coopmat_t128x128k16g44s16m8fli_texture3d_texture2d_half,2048,2048,8192,1.5694,43.788
b580,1b,4w,cand,sarc_linear_q4gsw_coopmat_t128x128k16g44s16m8fli_texture3d_texture2d_half,2048,2048,2048,0.3922,43.806
b580,1b,4w,cand,sarc_linear_q4gsw_coopmat_t128x128k16g44s16m8fli_texture3d_texture2d_half,2048,512,2048,0.1398,30.728
b580,1b,4w,cand,sarc_linear_q4gsw_coopmat_t128x128k16g44s16m8fli_texture3d_texture2d_half,2048,512,2048,0.1298,33.091
b580,1b,4w,cand,sarc_linear_q4gsw_coopmat_t128x128k16g44s16m8fli_texture3d_texture2d_half,2048,2048,2048,0.3928,43.742
b580,1b,4w,cand,sarc_linear_q4gsw_coopmat_t128x128k16g44s16m8fli_texture3d_texture2d_half,2048,8192,2048,1.4403,47.712
b580,1b,4w,cand,sarc_linear_q4gsw_coopmat_t128x128k16g44s16m8fli_texture3d_texture2d_half,2048,8192,2048,1.4431,47.619
b580,1b,4w,cand,sarc_linear_q4gsw_coopmat_t128x128k16g44s16m8fli_texture3d_texture2d_half,2048,2048,8192,1.5611,44.02
b580,1b,4w,cand,sarc_linear_q4gsw_coopmat_t128x128k16g44s16m8fli_texture3d_texture2d_half,2048,2048,2048,0.4234,40.578
b580,1b,4w,cand,sarc_linear_q4gsw_coopmat_t128x128k16g44s16m8fli_texture3d_texture2d_half,2048,512,2048,0.1407,30.523
b580,1b,4w,cand,sarc_linear_q4gsw_coopmat_t128x128k16g44s16m8fli_texture3d_texture2d_half,2048,512,2048,0.1288,33.358
b580,1b,4w,cand,sarc_linear_q4gsw_coopmat_t128x128k16g44s16m8fli_texture3d_texture2d_half,2048,2048,2048,0.3909,43.951
b580,1b,4w,cand,sarc_linear_q4gsw_coopmat_t128x128k16g44s16m8fli_texture3d_texture2d_half,2048,8192,2048,1.4792,46.457
b580,1b,4w,cand,sarc_linear_q4gsw_coopmat_t128x128k16g44s16m8fli_texture3d_texture2d_half,2048,8192,2048,1.44,47.722
b580,1b,4w,cand,sarc_linear_q4gsw_coopmat_t128x128k16g44s16m8fli_texture3d_texture2d_half,2048,2048,8192,1.5683,43.817
b580,1b,4w,cand,sarc_linear_q4gsw_coopmat_t128x128k16g44s16m8fli_texture3d_texture2d_half,2048,2048,2048,0.3902,44.033
b580,1b,4w,cand,sarc_linear_q4gsw_coopmat_t128x128k16g44s16m8fli_texture3d_texture2d_half,2048,512,2048,0.1411,30.444
b580,1b,4w,cand,sarc_linear_q4gsw_coopmat_t128x128k16g44s16m8fli_texture3d_texture2d_half,2048,512,2048,0.1298,33.091
b580,1b,4w,cand,sarc_linear_q4gsw_coopmat_t128x128k16g44s16m8fli_texture3d_texture2d_half,2048,2048,2048,0.3912,43.916
b580,1b,4w,cand,sarc_linear_q4gsw_coopmat_t128x128k16g44s16m8fli_texture3d_texture2d_half,2048,8192,2048,1.4694,46.768
b580,1b,4w,cand,sarc_linear_q4gsw_coopmat_t128x128k16g44s16m8fli_texture3d_texture2d_half,2048,8192,2048,1.4368,47.829
b580,1b,4w,cand,sarc_linear_q4gsw_coopmat_t128x128k16g44s16m8fli_texture3d_texture2d_half,2048,2048,8192,1.5685,43.813
b580,1b,4w,parent,sarc_linear_q4gsw_coopmat_t128x128k16g44s16m8fli_texture3d_texture2d_half,2048,2048,2048,0.3935,43.661
b580,1b,4w,parent,sarc_linear_q4gsw_coopmat_t128x128k16g44s16m8fli_texture3d_texture2d_half,2048,512,2048,0.1384,31.028
b580,1b,4w,parent,sarc_linear_q4gsw_coopmat_t128x128k16g44s16m8fli_texture3d_texture2d_half,2048,512,2048,0.1296,33.144
b580,1b,4w,parent,sarc_linear_q4gsw_coopmat_t128x128k16g44s16m8fli_texture3d_texture2d_half,2048,2048,2048,0.3902,44.033
b580,1b,4w,parent,sarc_linear_q4gsw_coopmat_t128x128k16g44s16m8fli_texture3d_texture2d_half,2048,8192,2048,1.436,47.854
b580,1b,4w,parent,sarc_linear_q4gsw_coopmat_t128x128k16g44s16m8fli_texture3d_texture2d_half,2048,8192,2048,1.4398,47.729
b580,1b,4w,parent,sarc_linear_q4gsw_coopmat_t128x128k16g44s16m8fli_texture3d_texture2d_half,2048,2048,8192,1.5753,43.623
b580,1b,4w,parent,sarc_linear_q4gsw_coopmat_t128x128k16g44s16m8fli_texture3d_texture2d_half,2048,2048,2048,0.3891,44.157
b580,1b,4w,parent,sarc_linear_q4gsw_coopmat_t128x128k16g44s16m8fli_texture3d_texture2d_half,2048,512,2048,0.1408,30.512
b580,1b,4w,parent,sarc_linear_q4gsw_coopmat_t128x128k16g44s16m8fli_texture3d_texture2d_half,2048,512,2048,0.1299,33.065
b580,1b,4w,parent,sarc_linear_q4gsw_coopmat_t128x128k16g44s16m8fli_texture3d_texture2d_half,2048,2048,2048,0.3923,43.788
b580,1b,4w,parent,sarc_linear_q4gsw_coopmat_t128x128k16g44s16m8fli_texture3d_texture2d_half,2048,8192,2048,1.4458,47.53
b580,1b,4w,parent,sarc_linear_q4gsw_coopmat_t128x128k16g44s16m8fli_texture3d_texture2d_half,2048,8192,2048,1.4436,47.604
b580,1b,4w,parent,sarc_linear_q4gsw_coopmat_t128x128k16g44s16m8fli_texture3d_texture2d_half,2048,2048,8192,1.564,43.938
b580,1b,4w,parent,sarc_linear_q4gsw_coopmat_t128x128k16g44s16m8fli_texture3d_texture2d_half,2048,2048,2048,0.39,44.051
b580,1b,4w,parent,sarc_linear_q4gsw_coopmat_t128x128k16g44s16m8fli_texture3d_texture2d_half,2048,512,2048,0.1384,31.039
b580,1b,4w,parent,sarc_linear_q4gsw_coopmat_t128x128k16g44s16m8fli_texture3d_texture2d_half,2048,512,2048,0.1297,33.104
b580,1b,4w,parent,sarc_linear_q4gsw_coopmat_t128x128k16g44s16m8fli_texture3d_texture2d_half,2048,2048,2048,0.3905,43.998
b580,1b,4w,parent,sarc_linear_q4gsw_coopmat_t128x128k16g44s16m8fli_texture3d_texture2d_half,2048,8192,2048,1.4389,47.757
b580,1b,4w,parent,sarc_linear_q4gsw_coopmat_t128x128k16g44s16m8fli_texture3d_texture2d_half,2048,8192,2048,1.4381,47.786
b580,1b,4w,parent,sarc_linear_q4gsw_coopmat_t128x128k16g44s16m8fli_texture3d_texture2d_half,2048,2048,8192,1.572,43.714
b580,1b,4w,parent,sarc_linear_q4gsw_coopmat_t128x128k16g44s16m8fli_texture3d_texture2d_half,2048,2048,2048,0.3893,44.127
b580,1b,4w,parent,sarc_linear_q4gsw_coopmat_t128x128k16g44s16m8fli_texture3d_texture2d_half,2048,512,2048,0.1384,31.028
b580,1b,4w,parent,sarc_linear_q4gsw_coopmat_t128x128k16g44s16m8fli_texture3d_texture2d_half,2048,512,2048,0.1306,32.893
b580,1b,4w,parent,sarc_linear_q4gsw_coopmat_t128x128k16g44s16m8fli_texture3d_texture2d_half,2048,2048,2048,0.3917,43.858
b580,1b,4w,parent,sarc_linear_q4gsw_coopmat_t128x128k16g44s16m8fli_texture3d_texture2d_half,2048,8192,2048,1.4418,47.664
b580,1b,4w,parent,sarc_linear_q4gsw_coopmat_t128x128k16g44s16m8fli_texture3d_texture2d_half,2048,8192,2048,1.4328,47.963
b580,1b,4w,parent,sarc_linear_q4gsw_coopmat_t128x128k16g44s16m8fli_texture3d_texture2d_half,2048,2048,8192,1.5621,43.991
b580,1b,4w,parent,sarc_linear_q4gsw_coopmat_t128x128k16g44s16m8fli_texture3d_texture2d_half,2048,2048,2048,0.3901,44.045
b580,1b,4w,parent,sarc_linear_q4gsw_coopmat_t128x128k16g44s16m8fli_texture3d_texture2d_half,2048,512,2048,0.1386,30.993
b580,1b,4w,parent,sarc_linear_q4gsw_coopmat_t128x128k16g44s16m8fli_texture3d_texture2d_half,2048,512,2048,0.1298,33.091
b580,1b,4w,parent,sarc_linear_q4gsw_coopmat_t128x128k16g44s16m8fli_texture3d_texture2d_half,2048,2048,2048,0.389,44.163
b580,1b,4w,parent,sarc_linear_q4gsw_coopmat_t128x128k16g44s16m8fli_texture3d_texture2d_half,2048,8192,2048,1.4449,47.559
b580,1b,4w,parent,sarc_linear_q4gsw_coopmat_t128x128k16g44s16m8fli_texture3d_texture2d_half,2048,8192,2048,1.4364,47.842
b580,1b,4w,parent,sarc_linear_q4gsw_coopmat_t128x128k16g44s16m8fli_texture3d_texture2d_half,2048,2048,8192,1.5685,43.813
b580,1b,4w,parent,sarc_linear_q4gsw_coopmat_t128x128k16g44s16m8fli_texture3d_texture2d_half,2048,2048,2048,0.3901,44.045
b580,1b,4w,parent,sarc_linear_q4gsw_coopmat_t128x128k16g44s16m8fli_texture3d_texture2d_half,2048,512,2048,0.1386,30.981
b580,1b,4w,parent,sarc_linear_q4gsw_coopmat_t128x128k16g44s16m8fli_texture3d_texture2d_half,2048,512,2048,0.1307,32.854
b580,1b,4w,parent,sarc_linear_q4gsw_coopmat_t128x128k16g44s16m8fli_texture3d_texture2d_half,2048,2048,2048,0.3886,44.21
b580,1b,4w,parent,sarc_linear_q4gsw_coopmat_t128x128k16g44s16m8fli_texture3d_texture2d_half,2048,8192,2048,1.4423,47.645
b580,1b,4w,parent,sarc_linear_q4gsw_coopmat_t128x128k16g44s16m8fli_texture3d_texture2d_half,2048,8192,2048,1.4344,47.909
b580,1b,4w,parent,sarc_linear_q4gsw_coopmat_t128x128k16g44s16m8fli_texture3d_texture2d_half,2048,2048,8192,1.5744,43.648
b580,1b,4w,parent,sarc_linear_q4gsw_coopmat_t128x128k16g44s16m8fli_texture3d_texture2d_half,2048,2048,2048,0.3909,43.945
b580,1b,4w,parent,sarc_linear_q4gsw_coopmat_t128x128k16g44s16m8fli_texture3d_texture2d_half,2048,512,2048,0.1397,30.75
b580,1b,4w,parent,sarc_linear_q4gsw_coopmat_t128x128k16g44s16m8fli_texture3d_texture2d_half,2048,512,2048,0.1298,33.091
b580,1b,4w,parent,sarc_linear_q4gsw_coopmat_t128x128k16g44s16m8fli_texture3d_texture2d_half,2048,2048,2048,0.3894,44.116
b580,1b,4w,parent,sarc_linear_q4gsw_coopmat_t128x128k16g44s16m8fli_texture3d_texture2d_half,2048,8192,2048,1.4422,47.65
b580,1b,4w,parent,sarc_linear_q4gsw_coopmat_t128x128k16g44s16m8fli_texture3d_texture2d_half,2048,8192,2048,1.4381,47.785
b580,1b,4w,parent,sarc_linear_q4gsw_coopmat_t128x128k16g44s16m8fli_texture3d_texture2d_half,2048,2048,8192,1.5664,43.871
b580,1b,4w,parent,sarc_linear_q4gsw_coopmat_t128x128k16g44s16m8fli_texture3d_texture2d_half,2048,2048,2048,0.3914,43.899
b580,1b,4w,parent,sarc_linear_q4gsw_coopmat_t128x128k16g44s16m8fli_texture3d_texture2d_half,2048,512,2048,0.1386,30.981
b580,1b,4w,parent,sarc_linear_q4gsw_coopmat_t128x128k16g44s16m8fli_texture3d_texture2d_half,2048,512,2048,0.1295,33.158
b580,1b,4w,parent,sarc_linear_q4gsw_coopmat_t128x128k16g44s16m8fli_texture3d_texture2d_half,2048,2048,2048,0.3899,44.057
b580,1b,4w,parent,sarc_linear_q4gsw_coopmat_t128x128k16g44s16m8fli_texture3d_texture2d_half,2048,8192,2048,1.4452,47.549
b580,1b,4w,parent,sarc_linear_q4gsw_coopmat_t128x128k16g44s16m8fli_texture3d_texture2d_half,2048,8192,2048,1.4324,47.975
b580,1b,4w,parent,sarc_linear_q4gsw_coopmat_t128x128k16g44s16m8fli_texture3d_texture2d_half,2048,2048,8192,1.5657,43.891
b580,1b,4w,parent,sarc_linear_q4gsw_coopmat_t128x128k16g44s16m8fli_texture3d_texture2d_half,2048,2048,2048,0.3909,43.945
b580,1b,4w,parent,sarc_linear_q4gsw_coopmat_t128x128k16g44s16m8fli_texture3d_texture2d_half,2048,512,2048,0.1407,30.534
b580,1b,4w,parent,sarc_linear_q4gsw_coopmat_t128x128k16g44s16m8fli_texture3d_texture2d_half,2048,512,2048,0.1296,33.131
b580,1b,4w,parent,sarc_linear_q4gsw_coopmat_t128x128k16g44s16m8fli_texture3d_texture2d_half,2048,2048,2048,0.3933,43.684
b580,1b,4w,parent,sarc_linear_q4gsw_coopmat_t128x128k16g44s16m8fli_texture3d_texture2d_half,2048,8192,2048,1.436,47.854
b580,1b,4w,parent,sarc_linear_q4gsw_coopmat_t128x128k16g44s16m8fli_texture3d_texture2d_half,2048,8192,2048,1.4351,47.883
b580,1b,4w,parent,sarc_linear_q4gsw_coopmat_t128x128k16g44s16m8fli_texture3d_texture2d_half,2048,2048,8192,1.5746,43.644
b580,1b,4w,parent,sarc_linear_q4gsw_coopmat_t128x128k16g44s16m8fli_texture3d_texture2d_half,2048,2048,2048,0.392,43.829
b580,1b,4w,parent,sarc_linear_q4gsw_coopmat_t128x128k16g44s16m8fli_texture3d_texture2d_half,2048,512,2048,0.1407,30.523
b580,1b,4w,parent,sarc_linear_q4gsw_coopmat_t128x128k16g44s16m8fli_texture3d_texture2d_half,2048,512,2048,0.1305,32.907
b580,1b,4w,parent,sarc_linear_q4gsw_coopmat_t128x128k16g44s16m8fli_texture3d_texture2d_half,2048,2048,2048,0.3878,44.299
b580,1b,4w,parent,sarc_linear_q4gsw_coopmat_t128x128k16g44s16m8fli_texture3d_texture2d_half,2048,8192,2048,1.4381,47.785
b580,1b,4w,parent,sarc_linear_q4gsw_coopmat_t128x128k16g44s16m8fli_texture3d_texture2d_half,2048,8192,2048,1.435,47.888
b580,1b,4w,parent,sarc_linear_q4gsw_coopmat_t128x128k16g44s16m8fli_texture3d_texture2d_half,2048,2048,8192,1.5769,43.579
b580,1b,4w,parent,sarc_linear_q4gsw_coopmat_t128x128k16g44s16m8fli_texture3d_texture2d_half,2048,2048,2048,0.3916,43.875
b580,1b,4w,parent,sarc_linear_q4gsw_coopmat_t128x128k16g44s16m8fli_texture3d_texture2d_half,2048,512,2048,0.1394,30.808
b580,1b,4w,parent,sarc_linear_q4gsw_coopmat_t128x128k16g44s16m8fli_texture3d_texture2d_half,2048,512,2048,0.1304,32.933
b580,1b,4w,parent,sarc_linear_q4gsw_coopmat_t128x128k16g44s16m8fli_texture3d_texture2d_half,2048,2048,2048,0.3914,43.899
b580,1b,4w,parent,sarc_linear_q4gsw_coopmat_t128x128k16g44s16m8fli_texture3d_texture2d_half,2048,8192,2048,1.4517,47.338
b580,1b,4w,parent,sarc_linear_q4gsw_coopmat_t128x128k16g44s16m8fli_texture3d_texture2d_half,2048,8192,2048,1.4343,47.911
b580,1b,4w,parent,sarc_linear_q4gsw_coopmat_t128x128k16g44s16m8fli_texture3d_texture2d_half,2048,2048,8192,1.5751,43.628
b580,1b,4w,parent,sarc_linear_q4gsw_coopmat_t128x128k16g44s16m8fli_texture3d_texture2d_half,2048,2048,2048,0.3895,44.104
b580,1b,4w,parent,sarc_linear_q4gsw_coopmat_t128x128k16g44s16m8fli_texture3d_texture2d_half,2048,512,2048,0.1411,30.444
b580,1b,4w,parent,sarc_linear_q4gsw_coopmat_t128x128k16g44s16m8fli_texture3d_texture2d_half,2048,512,2048,0.1314,32.698
b580,1b,4w,parent,sarc_linear_q4gsw_coopmat_t128x128k16g44s16m8fli_texture3d_texture2d_half,2048,2048,2048,0.3909,43.951
b580,1b,4w,parent,sarc_linear_q4gsw_coopmat_t128x128k16g44s16m8fli_texture3d_texture2d_half,2048,8192,2048,1.4383,47.778
b580,1b,4w,parent,sarc_linear_q4gsw_coopmat_t128x128k16g44s16m8fli_texture3d_texture2d_half,2048,8192,2048,1.4448,47.563
b580,1b,4w,parent,sarc_linear_q4gsw_coopmat_t128x128k16g44s16m8fli_texture3d_texture2d_half,2048,2048,8192,1.5667,43.864
b580,1b,4w,parent,sarc_linear_q4gsw_coopmat_t128x128k16g44s16m8fli_texture3d_texture2d_half,2048,2048,2048,0.3914,43.899
b580,1b,4w,parent,sarc_linear_q4gsw_coopmat_t128x128k16g44s16m8fli_texture3d_texture2d_half,2048,512,2048,0.1398,30.728
b580,1b,4w,parent,sarc_linear_q4gsw_coopmat_t128x128k16g44s16m8fli_texture3d_texture2d_half,2048,512,2048,0.1305,32.92
b580,1b,4w,parent,sarc_linear_q4gsw_coopmat_t128x128k16g44s16m8fli_texture3d_texture2d_half,2048,2048,2048,0.3928,43.742
b580,1b,4w,parent,sarc_linear_q4gsw_coopmat_t128x128k16g44s16m8fli_texture3d_texture2d_half,2048,8192,2048,1.4452,47.549
b580,1b,4w,parent,sarc_linear_q4gsw_coopmat_t128x128k16g44s16m8fli_texture3d_texture2d_half,2048,8192,2048,1.4312,48.015
b580,1b,4w,parent,sarc_linear_q4gsw_coopmat_t128x128k16g44s16m8fli_texture3d_texture2d_half,2048,2048,8192,1.5699,43.772
b580,1b,4w,parent,sarc_linear_q4gsw_coopmat_t128x128k16g44s16m8fli_texture3d_texture2d_half,2048,2048,2048,0.3936,43.649
b580,1b,4w,parent,sarc_linear_q4gsw_coopmat_t128x128k16g44s16m8fli_texture3d_texture2d_half,2048,512,2048,0.1383,31.063
b580,1b,4w,parent,sarc_linear_q4gsw_coopmat_t128x128k16g44s16m8fli_texture3d_texture2d_half,2048,512,2048,0.1303,32.959
b580,1b,4w,parent,sarc_linear_q4gsw_coopmat_t128x128k16g44s16m8fli_texture3d_texture2d_half,2048,2048,2048,0.3925,43.765
b580,1b,4w,parent,sarc_linear_q4gsw_coopmat_t128x128k16g44s16m8fli_texture3d_texture2d_half,2048,8192,2048,1.4372,47.816
b580,1b,4w,parent,sarc_linear_q4gsw_coopmat_t128x128k16g44s16m8fli_texture3d_texture2d_half,2048,8192,2048,1.4315,48.007
b580,1b,4w,parent,sarc_linear_q4gsw_coopmat_t128x128k16g44s16m8fli_texture3d_texture2d_half,2048,2048,8192,1.5701,43.768
b580,1b,4w,parent,sarc_linear_q4gsw_coopmat_t128x128k16g44s16m8fli_texture3d_texture2d_half,2048,2048,2048,0.3911,43.928
b580,1b,4w,parent,sarc_linear_q4gsw_coopmat_t128x128k16g44s16m8fli_texture3d_texture2d_half,2048,512,2048,0.1379,31.145
b580,1b,4w,parent,sarc_linear_q4gsw_coopmat_t128x128k16g44s16m8fli_texture3d_texture2d_half,2048,512,2048,0.1297,33.118
b580,1b,4w,parent,sarc_linear_q4gsw_coopmat_t128x128k16g44s16m8fli_texture3d_texture2d_half,2048,2048,2048,0.3894,44.122
b580,1b,4w,parent,sarc_linear_q4gsw_coopmat_t128x128k16g44s16m8fli_texture3d_texture2d_half,2048,8192,2048,1.451,47.362
b580,1b,4w,parent,sarc_linear_q4gsw_coopmat_t128x128k16g44s16m8fli_texture3d_texture2d_half,2048,8192,2048,1.4313,48.012
b580,1b,4w,parent,sarc_linear_q4gsw_coopmat_t128x128k16g44s16m8fli_texture3d_texture2d_half,2048,2048,8192,1.5726,43.697
b580,1b,4w,parent,sarc_linear_q4gsw_coopmat_t128x128k16g44s16m8fli_texture3d_texture2d_half,2048,2048,2048,0.3908,43.963
b580,1b,4w,parent,sarc_linear_q4gsw_coopmat_t128x128k16g44s16m8fli_texture3d_texture2d_half,2048,512,2048,0.1407,30.523
b580,1b,4w,parent,sarc_linear_q4gsw_coopmat_t128x128k16g44s16m8fli_texture3d_texture2d_half,2048,512,2048,0.1298,33.078
b580,1b,4w,parent,sarc_linear_q4gsw_coopmat_t128x128k16g44s16m8fli_texture3d_texture2d_half,2048,2048,2048,0.3923,43.788
b580,1b,4w,parent,sarc_linear_q4gsw_coopmat_t128x128k16g44s16m8fli_texture3d_texture2d_half,2048,8192,2048,1.4359,47.859
b580,1b,4w,parent,sarc_linear_q4gsw_coopmat_t128x128k16g44s16m8fli_texture3d_texture2d_half,2048,8192,2048,1.4368,47.828
b580,1b,4w,parent,sarc_linear_q4gsw_coopmat_t128x128k16g44s16m8fli_texture3d_texture2d_half,2048,2048,8192,1.5647,43.918
b580,1b,8da4w,cand,sarc_linear_dq8ca_coopmat_zpg_t256x64k32g48s16m8_texture3d_texture2d_half,2048,2048,2048,0.3112,55.211
b580,1b,8da4w,cand,sarc_linear_dq8ca_coopmat_zpg_t256x64k32g48s16m8_texture3d_texture2d_half,2048,512,2048,0.1033,41.568
b580,1b,8da4w,cand,sarc_linear_dq8ca_coopmat_zpg_t256x64k32g48s16m8_texture3d_texture2d_half,2048,512,2048,0.1016,42.292
b580,1b,8da4w,cand,sarc_linear_dq8ca_coopmat_zpg_t256x64k32g48s16m8_texture3d_texture2d_half,2048,2048,2048,0.3109,55.257
b580,1b,8da4w,cand,sarc_linear_dq8ca_coopmat_zpg_t256x64k32g48s16m8_texture3d_texture2d_half,2048,8192,2048,1.2273,55.995
b580,1b,8da4w,cand,sarc_linear_dq8ca_coopmat_zpg_t256x64k32g48s16m8_texture3d_texture2d_half,2048,8192,2048,1.228,55.959
b580,1b,8da4w,cand,sarc_linear_dq8ca_coopmat_zpg_t256x64k32g48s16m8_texture3d_texture2d_half,2048,2048,8192,1.3386,51.335
b580,1b,8da4w,cand,sarc_linear_dq8ca_coopmat_zpg_t256x64k32g48s16m8_texture3d_texture2d_half,2048,2048,2048,0.3132,54.844
b580,1b,8da4w,cand,sarc_linear_dq8ca_coopmat_zpg_t256x64k32g48s16m8_texture3d_texture2d_half,2048,512,2048,0.0982,43.748
b580,1b,8da4w,cand,sarc_linear_dq8ca_coopmat_zpg_t256x64k32g48s16m8_texture3d_texture2d_half,2048,512,2048,0.0961,44.67
b580,1b,8da4w,cand,sarc_linear_dq8ca_coopmat_zpg_t256x64k32g48s16m8_texture3d_texture2d_half,2048,2048,2048,0.3092,55.564
b580,1b,8da4w,cand,sarc_linear_dq8ca_coopmat_zpg_t256x64k32g48s16m8_texture3d_texture2d_half,2048,8192,2048,1.2225,56.214
b580,1b,8da4w,cand,sarc_linear_dq8ca_coopmat_zpg_t256x64k32g48s16m8_texture3d_texture2d_half,2048,8192,2048,1.2379,55.512
b580,1b,8da4w,cand,sarc_linear_dq8ca_coopmat_zpg_t256x64k32g48s16m8_texture3d_texture2d_half,2048,2048,8192,1.3406,51.26
b580,1b,8da4w,cand,sarc_linear_dq8ca_coopmat_zpg_t256x64k32g48s16m8_texture3d_texture2d_half,2048,2048,2048,0.3127,54.945
b580,1b,8da4w,cand,sarc_linear_dq8ca_coopmat_zpg_t256x64k32g48s16m8_texture3d_texture2d_half,2048,512,2048,0.0973,44.145
b580,1b,8da4w,cand,sarc_linear_dq8ca_coopmat_zpg_t256x64k32g48s16m8_texture3d_texture2d_half,2048,512,2048,0.0965,44.502
b580,1b,8da4w,cand,sarc_linear_dq8ca_coopmat_zpg_t256x64k32g48s16m8_texture3d_texture2d_half,2048,2048,2048,0.3123,55.018
b580,1b,8da4w,cand,sarc_linear_dq8ca_coopmat_zpg_t256x64k32g48s16m8_texture3d_texture2d_half,2048,8192,2048,1.25,54.974
b580,1b,8da4w,cand,sarc_linear_dq8ca_coopmat_zpg_t256x64k32g48s16m8_texture3d_texture2d_half,2048,8192,2048,1.2304,55.853
b580,1b,8da4w,cand,sarc_linear_dq8ca_coopmat_zpg_t256x64k32g48s16m8_texture3d_texture2d_half,2048,2048,8192,1.3462,51.046
b580,1b,8da4w,cand,sarc_linear_dq8ca_coopmat_zpg_t256x64k32g48s16m8_texture3d_texture2d_half,2048,2048,2048,0.3122,55.027
b580,1b,8da4w,cand,sarc_linear_dq8ca_coopmat_zpg_t256x64k32g48s16m8_texture3d_texture2d_half,2048,512,2048,0.098,43.841
b580,1b,8da4w,cand,sarc_linear_dq8ca_coopmat_zpg_t256x64k32g48s16m8_texture3d_texture2d_half,2048,512,2048,0.0966,44.478
b580,1b,8da4w,cand,sarc_linear_dq8ca_coopmat_zpg_t256x64k32g48s16m8_texture3d_texture2d_half,2048,2048,2048,0.3091,55.582
b580,1b,8da4w,cand,sarc_linear_dq8ca_coopmat_zpg_t256x64k32g48s16m8_texture3d_texture2d_half,2048,8192,2048,1.218,56.42
b580,1b,8da4w,cand,sarc_linear_dq8ca_coopmat_zpg_t256x64k32g48s16m8_texture3d_texture2d_half,2048,8192,2048,1.2184,56.403
b580,1b,8da4w,cand,sarc_linear_dq8ca_coopmat_zpg_t256x64k32g48s16m8_texture3d_texture2d_half,2048,2048,8192,1.3395,51.302
b580,1b,8da4w,cand,sarc_linear_dq8ca_coopmat_zpg_t256x64k32g48s16m8_texture3d_texture2d_half,2048,2048,2048,0.3118,55.1
b580,1b,8da4w,cand,sarc_linear_dq8ca_coopmat_zpg_t256x64k32g48s16m8_texture3d_texture2d_half,2048,512,2048,0.0974,44.098
b580,1b,8da4w,cand,sarc_linear_dq8ca_coopmat_zpg_t256x64k32g48s16m8_texture3d_texture2d_half,2048,512,2048,0.0947,45.357
b580,1b,8da4w,cand,sarc_linear_dq8ca_coopmat_zpg_t256x64k32g48s16m8_texture3d_texture2d_half,2048,2048,2048,0.3098,55.461
b580,1b,8da4w,cand,sarc_linear_dq8ca_coopmat_zpg_t256x64k32g48s16m8_texture3d_texture2d_half,2048,8192,2048,1.236,55.599
b580,1b,8da4w,cand,sarc_linear_dq8ca_coopmat_zpg_t256x64k32g48s16m8_texture3d_texture2d_half,2048,8192,2048,1.2265,56.03
b580,1b,8da4w,cand,sarc_linear_dq8ca_coopmat_zpg_t256x64k32g48s16m8_texture3d_texture2d_half,2048,2048,8192,1.3204,52.045
b580,1b,8da4w,cand,sarc_linear_dq8ca_coopmat_zpg_t256x64k32g48s16m8_texture3d_texture2d_half,2048,2048,2048,0.3094,55.526
b580,1b,8da4w,cand,sarc_linear_dq8ca_coopmat_zpg_t256x64k32g48s16m8_texture3d_texture2d_half,2048,512,2048,0.0989,43.426
b580,1b,8da4w,cand,sarc_linear_dq8ca_coopmat_zpg_t256x64k32g48s16m8_texture3d_texture2d_half,2048,512,2048,0.096,44.719
b580,1b,8da4w,cand,sarc_linear_dq8ca_coopmat_zpg_t256x64k32g48s16m8_texture3d_texture2d_half,2048,2048,2048,0.3109,55.257
b580,1b,8da4w,cand,sarc_linear_dq8ca_coopmat_zpg_t256x64k32g48s16m8_texture3d_texture2d_half,2048,8192,2048,1.2423,55.315
b580,1b,8da4w,cand,sarc_linear_dq8ca_coopmat_zpg_t256x64k32g48s16m8_texture3d_texture2d_half,2048,8192,2048,1.2198,56.336
b580,1b,8da4w,cand,sarc_linear_dq8ca_coopmat_zpg_t256x64k32g48s16m8_texture3d_texture2d_half,2048,2048,8192,1.3454,51.076
b580,1b,8da4w,cand,sarc_linear_dq8ca_coopmat_zpg_t256x64k32g48s16m8_texture3d_texture2d_half,2048,2048,2048,0.3131,54.872
b580,1b,8da4w,cand,sarc_linear_dq8ca_coopmat_zpg_t256x64k32g48s16m8_texture3d_texture2d_half,2048,512,2048,0.0993,43.266
b580,1b,8da4w,cand,sarc_linear_dq8ca_coopmat_zpg_t256x64k32g48s16m8_texture3d_texture2d_half,2048,512,2048,0.0961,44.67
b580,1b,8da4w,cand,sarc_linear_dq8ca_coopmat_zpg_t256x64k32g48s16m8_texture3d_texture2d_half,2048,2048,2048,0.3105,55.322
b580,1b,8da4w,cand,sarc_linear_dq8ca_coopmat_zpg_t256x64k32g48s16m8_texture3d_texture2d_half,2048,8192,2048,1.2208,56.29
b580,1b,8da4w,cand,sarc_linear_dq8ca_coopmat_zpg_t256x64k32g48s16m8_texture3d_texture2d_half,2048,8192,2048,1.2249,56.104
b580,1b,8da4w,cand,sarc_linear_dq8ca_coopmat_zpg_t256x64k32g48s16m8_texture3d_texture2d_half,2048,2048,8192,1.3391,51.319
b580,1b,8da4w,cand,sarc_linear_dq8ca_coopmat_zpg_t256x64k32g48s16m8_texture3d_texture2d_half,2048,2048,2048,0.3123,55.009
b580,1b,8da4w,cand,sarc_linear_dq8ca_coopmat_zpg_t256x64k32g48s16m8_texture3d_texture2d_half,2048,512,2048,0.097,44.287
b580,1b,8da4w,cand,sarc_linear_dq8ca_coopmat_zpg_t256x64k32g48s16m8_texture3d_texture2d_half,2048,512,2048,0.0985,43.586
b580,1b,8da4w,cand,sarc_linear_dq8ca_coopmat_zpg_t256x64k32g48s16m8_texture3d_texture2d_half,2048,2048,2048,0.3111,55.229
b580,1b,8da4w,cand,sarc_linear_dq8ca_coopmat_zpg_t256x64k32g48s16m8_texture3d_texture2d_half,2048,8192,2048,1.2412,55.364
b580,1b,8da4w,cand,sarc_linear_dq8ca_coopmat_zpg_t256x64k32g48s16m8_texture3d_texture2d_half,2048,8192,2048,1.2378,55.517
b580,1b,8da4w,cand,sarc_linear_dq8ca_coopmat_zpg_t256x64k32g48s16m8_texture3d_texture2d_half,2048,2048,8192,1.34,51.282
b580,1b,8da4w,cand,sarc_linear_dq8ca_coopmat_zpg_t256x64k32g48s16m8_texture3d_texture2d_half,2048,2048,2048,0.3112,55.202
b580,1b,8da4w,cand,sarc_linear_dq8ca_coopmat_zpg_t256x64k32g48s16m8_texture3d_texture2d_half,2048,512,2048,0.0984,43.655
b580,1b,8da4w,cand,sarc_linear_dq8ca_coopmat_zpg_t256x64k32g48s16m8_texture3d_texture2d_half,2048,512,2048,0.0963,44.622
b580,1b,8da4w,cand,sarc_linear_dq8ca_coopmat_zpg_t256x64k32g48s16m8_texture3d_texture2d_half,2048,2048,2048,0.3097,55.47
b580,1b,8da4w,cand,sarc_linear_dq8ca_coopmat_zpg_t256x64k32g48s16m8_texture3d_texture2d_half,2048,8192,2048,1.2309,55.827
b580,1b,8da4w,cand,sarc_linear_dq8ca_coopmat_zpg_t256x64k32g48s16m8_texture3d_texture2d_half,2048,8192,2048,1.2315,55.801
b580,1b,8da4w,cand,sarc_linear_dq8ca_coopmat_zpg_t256x64k32g48s16m8_texture3d_texture2d_half,2048,2048,8192,1.357,50.641
b580,1b,8da4w,cand,sarc_linear_dq8ca_coopmat_zpg_t256x64k32g48s16m8_texture3d_texture2d_half,2048,2048,2048,0.3134,54.817
b580,1b,8da4w,cand,sarc_linear_dq8ca_coopmat_zpg_t256x64k32g48s16m8_texture3d_texture2d_half,2048,512,2048,0.0973,44.122
b580,1b,8da4w,cand,sarc_linear_dq8ca_coopmat_zpg_t256x64k32g48s16m8_texture3d_texture2d_half,2048,512,2048,0.0976,44.027
b580,1b,8da4w,cand,sarc_linear_dq8ca_coopmat_zpg_t256x64k32g48s16m8_texture3d_texture2d_half,2048,2048,2048,0.31,55.424
b580,1b,8da4w,cand,sarc_linear_dq8ca_coopmat_zpg_t256x64k32g48s16m8_texture3d_texture2d_half,2048,8192,2048,1.2434,55.266
b580,1b,8da4w,cand,sarc_linear_dq8ca_coopmat_zpg_t256x64k32g48s16m8_texture3d_texture2d_half,2048,8192,2048,1.2234,56.171
b580,1b,8da4w,cand,sarc_linear_dq8ca_coopmat_zpg_t256x64k32g48s16m8_texture3d_texture2d_half,2048,2048,8192,1.3542,50.746
b580,1b,8da4w,cand,sarc_linear_dq8ca_coopmat_zpg_t256x64k32g48s16m8_texture3d_texture2d_half,2048,2048,2048,0.3133,54.835
b580,1b,8da4w,cand,sarc_linear_dq8ca_coopmat_zpg_t256x64k32g48s16m8_texture3d_texture2d_half,2048,512,2048,0.0978,43.934
b580,1b,8da4w,cand,sarc_linear_dq8ca_coopmat_zpg_t256x64k32g48s16m8_texture3d_texture2d_half,2048,512,2048,0.0978,43.91
b580,1b,8da4w,cand,sarc_linear_dq8ca_coopmat_zpg_t256x64k32g48s16m8_texture3d_texture2d_half,2048,2048,2048,0.3132,54.844
b580,1b,8da4w,cand,sarc_linear_dq8ca_coopmat_zpg_t256x64k32g48s16m8_texture3d_texture2d_half,2048,8192,2048,1.2384,55.491
b580,1b,8da4w,cand,sarc_linear_dq8ca_coopmat_zpg_t256x64k32g48s16m8_texture3d_texture2d_half,2048,8192,2048,1.2258,56.059
b580,1b,8da4w,cand,sarc_linear_dq8ca_coopmat_zpg_t256x64k32g48s16m8_texture3d_texture2d_half,2048,2048,8192,1.3225,51.961
b580,1b,8da4w,cand,sarc_linear_dq8ca_coopmat_zpg_t256x64k32g48s16m8_texture3d_texture2d_half,2048,2048,2048,0.3131,54.872
b580,1b,8da4w,cand,sarc_linear_dq8ca_coopmat_zpg_t256x64k32g48s16m8_texture3d_texture2d_half,2048,512,2048,0.097,44.287
b580,1b,8da4w,cand,sarc_linear_dq8ca_coopmat_zpg_t256x64k32g48s16m8_texture3d_texture2d_half,2048,512,2048,0.097,44.263
b580,1b,8da4w,cand,sarc_linear_dq8ca_coopmat_zpg_t256x64k32g48s16m8_texture3d_texture2d_half,2048,2048,2048,0.3091,55.573
b580,1b,8da4w,cand,sarc_linear_dq8ca_coopmat_zpg_t256x64k32g48s16m8_texture3d_texture2d_half,2048,8192,2048,1.2367,55.566
b580,1b,8da4w,cand,sarc_linear_dq8ca_coopmat_zpg_t256x64k32g48s16m8_texture3d_texture2d_half,2048,8192,2048,1.2268,56.016
b580,1b,8da4w,cand,sarc_linear_dq8ca_coopmat_zpg_t256x64k32g48s16m8_texture3d_texture2d_half,2048,2048,8192,1.3304,51.652
b580,1b,8da4w,cand,sarc_linear_dq8ca_coopmat_zpg_t256x64k32g48s16m8_texture3d_texture2d_half,2048,2048,2048,0.3111,55.22
b580,1b,8da4w,cand,sarc_linear_dq8ca_coopmat_zpg_t256x64k32g48s16m8_texture3d_texture2d_half,2048,512,2048,0.0983,43.701
b580,1b,8da4w,cand,sarc_linear_dq8ca_coopmat_zpg_t256x64k32g48s16m8_texture3d_texture2d_half,2048,512,2048,0.0954,45.036
b580,1b,8da4w,cand,sarc_linear_dq8ca_coopmat_zpg_t256x64k32g48s16m8_texture3d_texture2d_half,2048,2048,2048,0.311,55.248
b580,1b,8da4w,cand,sarc_linear_dq8ca_coopmat_zpg_t256x64k32g48s16m8_texture3d_texture2d_half,2048,8192,2048,1.232,55.78
b580,1b,8da4w,cand,sarc_linear_dq8ca_coopmat_zpg_t256x64k32g48s16m8_texture3d_texture2d_half,2048,8192,2048,1.2218,56.242
b580,1b,8da4w,cand,sarc_linear_dq8ca_coopmat_zpg_t256x64k32g48s16m8_texture3d_texture2d_half,2048,2048,8192,1.3583,50.591
b580,1b,8da4w,cand,sarc_linear_dq8ca_coopmat_zpg_t256x64k32g48s16m8_texture3d_texture2d_half,2048,2048,2048,0.3111,55.22
b580,1b,8da4w,cand,sarc_linear_dq8ca_coopmat_zpg_t256x64k32g48s16m8_texture3d_texture2d_half,2048,512,2048,0.0951,45.159
b580,1b,8da4w,cand,sarc_linear_dq8ca_coopmat_zpg_t256x64k32g48s16m8_texture3d_texture2d_half,2048,512,2048,0.0961,44.695
b580,1b,8da4w,cand,sarc_linear_dq8ca_coopmat_zpg_t256x64k32g48s16m8_texture3d_texture2d_half,2048,2048,2048,0.3101,55.405
b580,1b,8da4w,cand,sarc_linear_dq8ca_coopmat_zpg_t256x64k32g48s16m8_texture3d_texture2d_half,2048,8192,2048,1.2269,56.009
b580,1b,8da4w,cand,sarc_linear_dq8ca_coopmat_zpg_t256x64k32g48s16m8_texture3d_texture2d_half,2048,8192,2048,1.2251,56.092
b580,1b,8da4w,cand,sarc_linear_dq8ca_coopmat_zpg_t256x64k32g48s16m8_texture3d_texture2d_half,2048,2048,8192,1.3355,51.457
b580,1b,8da4w,cand,sarc_linear_dq8ca_coopmat_zpg_t256x64k32g48s16m8_texture3d_texture2d_half,2048,2048,2048,0.3101,55.396
b580,1b,8da4w,cand,sarc_linear_dq8ca_coopmat_zpg_t256x64k32g48s16m8_texture3d_texture2d_half,2048,512,2048,0.098,43.817
b580,1b,8da4w,cand,sarc_linear_dq8ca_coopmat_zpg_t256x64k32g48s16m8_texture3d_texture2d_half,2048,512,2048,0.0965,44.502
b580,1b,8da4w,cand,sarc_linear_dq8ca_coopmat_zpg_t256x64k32g48s16m8_texture3d_texture2d_half,2048,2048,2048,0.3104,55.35
b580,1b,8da4w,cand,sarc_linear_dq8ca_coopmat_zpg_t256x64k32g48s16m8_texture3d_texture2d_half,2048,8192,2048,1.2274,55.987
b580,1b,8da4w,cand,sarc_linear_dq8ca_coopmat_zpg_t256x64k32g48s16m8_texture3d_texture2d_half,2048,8192,2048,1.2255,56.073
b580,1b,8da4w,cand,sarc_linear_dq8ca_coopmat_zpg_t256x64k32g48s16m8_texture3d_texture2d_half,2048,2048,8192,1.3256,51.839
b580,1b,8da4w,cand,sarc_linear_dq8ca_coopmat_zpg_t256x64k32g48s16m8_texture3d_texture2d_half,2048,2048,2048,0.3122,55.027
b580,1b,8da4w,cand,sarc_linear_dq8ca_coopmat_zpg_t256x64k32g48s16m8_texture3d_texture2d_half,2048,512,2048,0.097,44.263
b580,1b,8da4w,cand,sarc_linear_dq8ca_coopmat_zpg_t256x64k32g48s16m8_texture3d_texture2d_half,2048,512,2048,0.0966,44.478
b580,1b,8da4w,cand,sarc_linear_dq8ca_coopmat_zpg_t256x64k32g48s16m8_texture3d_texture2d_half,2048,2048,2048,0.3106,55.303
b580,1b,8da4w,cand,sarc_linear_dq8ca_coopmat_zpg_t256x64k32g48s16m8_texture3d_texture2d_half,2048,8192,2048,1.2287,55.931
b580,1b,8da4w,cand,sarc_linear_dq8ca_coopmat_zpg_t256x64k32g48s16m8_texture3d_texture2d_half,2048,8192,2048,1.2262,56.042
b580,1b,8da4w,cand,sarc_linear_dq8ca_coopmat_zpg_t256x64k32g48s16m8_texture3d_texture2d_half,2048,2048,8192,1.3427,51.178
b580,1b,8da4w,parent,sarc_linear_dq8ca_coopmat_zpg_t256x64k32g48s16m8_texture3d_texture2d_half,2048,2048,2048,0.3112,55.202
b580,1b,8da4w,parent,sarc_linear_dq8ca_coopmat_zpg_t256x64k32g48s16m8_texture3d_texture2d_half,2048,512,2048,0.0972,44.192
b580,1b,8da4w,parent,sarc_linear_dq8ca_coopmat_zpg_t256x64k32g48s16m8_texture3d_texture2d_half,2048,512,2048,0.0954,45.011
b580,1b,8da4w,parent,sarc_linear_dq8ca_coopmat_zpg_t256x64k32g48s16m8_texture3d_texture2d_half,2048,2048,2048,0.3126,54.963
b580,1b,8da4w,parent,sarc_linear_dq8ca_coopmat_zpg_t256x64k32g48s16m8_texture3d_texture2d_half,2048,8192,2048,1.225,56.099
b580,1b,8da4w,parent,sarc_linear_dq8ca_coopmat_zpg_t256x64k32g48s16m8_texture3d_texture2d_half,2048,8192,2048,1.2286,55.933
b580,1b,8da4w,parent,sarc_linear_dq8ca_coopmat_zpg_t256x64k32g48s16m8_texture3d_texture2d_half,2048,2048,8192,1.3382,51.351
b580,1b,8da4w,parent,sarc_linear_dq8ca_coopmat_zpg_t256x64k32g48s16m8_texture3d_texture2d_half,2048,2048,2048,0.3098,55.452
b580,1b,8da4w,parent,sarc_linear_dq8ca_coopmat_zpg_t256x64k32g48s16m8_texture3d_texture2d_half,2048,512,2048,0.0971,44.24
b580,1b,8da4w,parent,sarc_linear_dq8ca_coopmat_zpg_t256x64k32g48s16m8_texture3d_texture2d_half,2048,512,2048,0.0962,44.646
b580,1b,8da4w,parent,sarc_linear_dq8ca_coopmat_zpg_t256x64k32g48s16m8_texture3d_texture2d_half,2048,2048,2048,0.3101,55.396
b580,1b,8da4w,parent,sarc_linear_dq8ca_coopmat_zpg_t256x64k32g48s16m8_texture3d_texture2d_half,2048,8192,2048,1.227,56.006
b580,1b,8da4w,parent,sarc_linear_dq8ca_coopmat_zpg_t256x64k32g48s16m8_texture3d_texture2d_half,2048,8192,2048,1.2325,55.758
b580,1b,8da4w,parent,sarc_linear_dq8ca_coopmat_zpg_t256x64k32g48s16m8_texture3d_texture2d_half,2048,2048,8192,1.3484,50.965
b580,1b,8da4w,parent,sarc_linear_dq8ca_coopmat_zpg_t256x64k32g48s16m8_texture3d_texture2d_half,2048,2048,2048,0.3124,54.99
b580,1b,8da4w,parent,sarc_linear_dq8ca_coopmat_zpg_t256x64k32g48s16m8_texture3d_texture2d_half,2048,512,2048,0.0969,44.335
b580,1b,8da4w,parent,sarc_linear_dq8ca_coopmat_zpg_t256x64k32g48s16m8_texture3d_texture2d_half,2048,512,2048,0.0965,44.526
b580,1b,8da4w,parent,sarc_linear_dq8ca_coopmat_zpg_t256x64k32g48s16m8_texture3d_texture2d_half,2048,2048,2048,0.31,55.424
b580,1b,8da4w,parent,sarc_linear_dq8ca_coopmat_zpg_t256x64k32g48s16m8_texture3d_texture2d_half,2048,8192,2048,1.2354,55.627
b580,1b,8da4w,parent,sarc_linear_dq8ca_coopmat_zpg_t256x64k32g48s16m8_texture3d_texture2d_half,2048,8192,2048,1.2288,55.926
b580,1b,8da4w,parent,sarc_linear_dq8ca_coopmat_zpg_t256x64k32g48s16m8_texture3d_texture2d_half,2048,2048,8192,1.3365,51.419
b580,1b,8da4w,parent,sarc_linear_dq8ca_coopmat_zpg_t256x64k32g48s16m8_texture3d_texture2d_half,2048,2048,2048,0.314,54.708
b580,1b,8da4w,parent,sarc_linear_dq8ca_coopmat_zpg_t256x64k32g48s16m8_texture3d_texture2d_half,2048,512,2048,0.0966,44.478
b580,1b,8da4w,parent,sarc_linear_dq8ca_coopmat_zpg_t256x64k32g48s16m8_texture3d_texture2d_half,2048,512,2048,0.0969,44.311
b580,1b,8da4w,parent,sarc_linear_dq8ca_coopmat_zpg_t256x64k32g48s16m8_texture3d_texture2d_half,2048,2048,2048,0.3096,55.489
b580,1b,8da4w,parent,sarc_linear_dq8ca_coopmat_zpg_t256x64k32g48s16m8_texture3d_texture2d_half,2048,8192,2048,1.2177,56.432
b580,1b,8da4w,parent,sarc_linear_dq8ca_coopmat_zpg_t256x64k32g48s16m8_texture3d_texture2d_half,2048,8192,2048,1.2322,55.77
b580,1b,8da4w,parent,sarc_linear_dq8ca_coopmat_zpg_t256x64k32g48s16m8_texture3d_texture2d_half,2048,2048,8192,1.3369,51.403
b580,1b,8da4w,parent,sarc_linear_dq8ca_coopmat_zpg_t256x64k32g48s16m8_texture3d_texture2d_half,2048,2048,2048,0.3078,55.817
b580,1b,8da4w,parent,sarc_linear_dq8ca_coopmat_zpg_t256x64k32g48s16m8_texture3d_texture2d_half,2048,512,2048,0.0974,44.074
b580,1b,8da4w,parent,sarc_linear_dq8ca_coopmat_zpg_t256x64k32g48s16m8_texture3d_texture2d_half,2048,512,2048,0.0949,45.258
b580,1b,8da4w,parent,sarc_linear_dq8ca_coopmat_zpg_t256x64k32g48s16m8_texture3d_texture2d_half,2048,2048,2048,0.3088,55.629
b580,1b,8da4w,parent,sarc_linear_dq8ca_coopmat_zpg_t256x64k32g48s16m8_texture3d_texture2d_half,2048,8192,2048,1.2323,55.763
b580,1b,8da4w,parent,sarc_linear_dq8ca_coopmat_zpg_t256x64k32g48s16m8_texture3d_texture2d_half,2048,8192,2048,1.2283,55.945
b580,1b,8da4w,parent,sarc_linear_dq8ca_coopmat_zpg_t256x64k32g48s16m8_texture3d_texture2d_half,2048,2048,8192,1.3272,51.776
b580,1b,8da4w,parent,sarc_linear_dq8ca_coopmat_zpg_t256x64k32g48s16m8_texture3d_texture2d_half,2048,2048,2048,0.3158,54.393
b580,1b,8da4w,parent,sarc_linear_dq8ca_coopmat_zpg_t256x64k32g48s16m8_texture3d_texture2d_half,2048,512,2048,0.0977,43.981
b580,1b,8da4w,parent,sarc_linear_dq8ca_coopmat_zpg_t256x64k32g48s16m8_texture3d_texture2d_half,2048,512,2048,0.0965,44.502
b580,1b,8da4w,parent,sarc_linear_dq8ca_coopmat_zpg_t256x64k32g48s16m8_texture3d_texture2d_half,2048,2048,2048,0.3102,55.387
b580,1b,8da4w,parent,sarc_linear_dq8ca_coopmat_zpg_t256x64k32g48s16m8_texture3d_texture2d_half,2048,8192,2048,1.2369,55.559
b580,1b,8da4w,parent,sarc_linear_dq8ca_coopmat_zpg_t256x64k32g48s16m8_texture3d_texture2d_half,2048,8192,2048,1.2235,56.168
b580,1b,8da4w,parent,sarc_linear_dq8ca_coopmat_zpg_t256x64k32g48s16m8_texture3d_texture2d_half,2048,2048,8192,1.3532,50.781
b580,1b,8da4w,parent,sarc_linear_dq8ca_coopmat_zpg_t256x64k32g48s16m8_texture3d_texture2d_half,2048,2048,2048,0.3107,55.294
b580,1b,8da4w,parent,sarc_linear_dq8ca_coopmat_zpg_t256x64k32g48s16m8_texture3d_texture2d_half,2048,512,2048,0.0971,44.216
b580,1b,8da4w,parent,sarc_linear_dq8ca_coopmat_zpg_t256x64k32g48s16m8_texture3d_texture2d_half,2048,512,2048,0.0959,44.767
b580,1b,8da4w,parent,sarc_linear_dq8ca_coopmat_zpg_t256x64k32g48s16m8_texture3d_texture2d_half,2048,2048,2048,0.3097,55.47
b580,1b,8da4w,parent,sarc_linear_dq8ca_coopmat_zpg_t256x64k32g48s16m8_texture3d_texture2d_half,2048,8192,2048,1.2204,56.307
b580,1b,8da4w,parent,sarc_linear_dq8ca_coopmat_zpg_t256x64k32g48s16m8_texture3d_texture2d_half,2048,8192,2048,1.2241,56.137
b580,1b,8da4w,parent,sarc_linear_dq8ca_coopmat_zpg_t256x64k32g48s16m8_texture3d_texture2d_half,2048,2048,8192,1.3284,51.729
b580,1b,8da4w,parent,sarc_linear_dq8ca_coopmat_zpg_t256x64k32g48s16m8_texture3d_texture2d_half,2048,2048,2048,0.3128,54.926
b580,1b,8da4w,parent,sarc_linear_dq8ca_coopmat_zpg_t256x64k32g48s16m8_texture3d_texture2d_half,2048,512,2048,0.0971,44.216
b580,1b,8da4w,parent,sarc_linear_dq8ca_coopmat_zpg_t256x64k32g48s16m8_texture3d_texture2d_half,2048,512,2048,0.0969,44.335
b580,1b,8da4w,parent,sarc_linear_dq8ca_coopmat_zpg_t256x64k32g48s16m8_texture3d_texture2d_half,2048,2048,2048,0.3123,55.009
b580,1b,8da4w,parent,sarc_linear_dq8ca_coopmat_zpg_t256x64k32g48s16m8_texture3d_texture2d_half,2048,8192,2048,1.2251,56.092
b580,1b,8da4w,parent,sarc_linear_dq8ca_coopmat_zpg_t256x64k32g48s16m8_texture3d_texture2d_half,2048,8192,2048,1.2196,56.346
b580,1b,8da4w,parent,sarc_linear_dq8ca_coopmat_zpg_t256x64k32g48s16m8_texture3d_texture2d_half,2048,2048,8192,1.3286,51.723
b580,1b,8da4w,parent,sarc_linear_dq8ca_coopmat_zpg_t256x64k32g48s16m8_texture3d_texture2d_half,2048,2048,2048,0.3079,55.789
b580,1b,8da4w,parent,sarc_linear_dq8ca_coopmat_zpg_t256x64k32g48s16m8_texture3d_texture2d_half,2048,512,2048,0.098,43.841
b580,1b,8da4w,parent,sarc_linear_dq8ca_coopmat_zpg_t256x64k32g48s16m8_texture3d_texture2d_half,2048,512,2048,0.0966,44.478
b580,1b,8da4w,parent,sarc_linear_dq8ca_coopmat_zpg_t256x64k32g48s16m8_texture3d_texture2d_half,2048,2048,2048,0.3095,55.517
b580,1b,8da4w,parent,sarc_linear_dq8ca_coopmat_zpg_t256x64k32g48s16m8_texture3d_texture2d_half,2048,8192,2048,1.2333,55.721
b580,1b,8da4w,parent,sarc_linear_dq8ca_coopmat_zpg_t256x64k32g48s16m8_texture3d_texture2d_half,2048,8192,2048,1.2186,56.394
b580,1b,8da4w,parent,sarc_linear_dq8ca_coopmat_zpg_t256x64k32g48s16m8_texture3d_texture2d_half,2048,2048,8192,1.3557,50.69
b580,1b,8da4w,parent,sarc_linear_dq8ca_coopmat_zpg_t256x64k32g48s16m8_texture3d_texture2d_half,2048,2048,2048,0.3092,55.564
b580,1b,8da4w,parent,sarc_linear_dq8ca_coopmat_zpg_t256x64k32g48s16m8_texture3d_texture2d_half,2048,512,2048,0.0964,44.574
b580,1b,8da4w,parent,sarc_linear_dq8ca_coopmat_zpg_t256x64k32g48s16m8_texture3d_texture2d_half,2048,512,2048,0.0974,44.074
b580,1b,8da4w,parent,sarc_linear_dq8ca_coopmat_zpg_t256x64k32g48s16m8_texture3d_texture2d_half,2048,2048,2048,0.3082,55.751
b580,1b,8da4w,parent,sarc_linear_dq8ca_coopmat_zpg_t256x64k32g48s16m8_texture3d_texture2d_half,2048,8192,2048,1.2312,55.817
b580,1b,8da4w,parent,sarc_linear_dq8ca_coopmat_zpg_t256x64k32g48s16m8_texture3d_texture2d_half,2048,8192,2048,1.2313,55.813
b580,1b,8da4w,parent,sarc_linear_dq8ca_coopmat_zpg_t256x64k32g48s16m8_texture3d_texture2d_half,2048,2048,8192,1.3531,50.787
b580,1b,8da4w,parent,sarc_linear_dq8ca_coopmat_zpg_t256x64k32g48s16m8_texture3d_texture2d_half,2048,2048,2048,0.3089,55.62
b580,1b,8da4w,parent,sarc_linear_dq8ca_coopmat_zpg_t256x64k32g48s16m8_texture3d_texture2d_half,2048,512,2048,0.0974,44.098
b580,1b,8da4w,parent,sarc_linear_dq8ca_coopmat_zpg_t256x64k32g48s16m8_texture3d_texture2d_half,2048,512,2048,0.0969,44.311
b580,1b,8da4w,parent,sarc_linear_dq8ca_coopmat_zpg_t256x64k32g48s16m8_texture3d_texture2d_half,2048,2048,2048,0.31,55.424
b580,1b,8da4w,parent,sarc_linear_dq8ca_coopmat_zpg_t256x64k32g48s16m8_texture3d_texture2d_half,2048,8192,2048,1.225,56.099
b580,1b,8da4w,parent,sarc_linear_dq8ca_coopmat_zpg_t256x64k32g48s16m8_texture3d_texture2d_half,2048,8192,2048,1.2254,56.08
b580,1b,8da4w,parent,sarc_linear_dq8ca_coopmat_zpg_t256x64k32g48s16m8_texture3d_texture2d_half,2048,2048,8192,1.3278,51.756
b580,1b,8da4w,parent,sarc_linear_dq8ca_coopmat_zpg_t256x64k32g48s16m8_texture3d_texture2d_half,2048,2048,2048,0.3102,55.387
b580,1b,8da4w,parent,sarc_linear_dq8ca_coopmat_zpg_t256x64k32g48s16m8_texture3d_texture2d_half,2048,512,2048,0.0968,44.358
b580,1b,8da4w,parent,sarc_linear_dq8ca_coopmat_zpg_t256x64k32g48s16m8_texture3d_texture2d_half,2048,512,2048,0.0965,44.526
b580,1b,8da4w,parent,sarc_linear_dq8ca_coopmat_zpg_t256x64k32g48s16m8_texture3d_texture2d_half,2048,2048,2048,0.3117,55.11
b580,1b,8da4w,parent,sarc_linear_dq8ca_coopmat_zpg_t256x64k32g48s16m8_texture3d_texture2d_half,2048,8192,2048,1.2289,55.921
b580,1b,8da4w,parent,sarc_linear_dq8ca_coopmat_zpg_t256x64k32g48s16m8_texture3d_texture2d_half,2048,8192,2048,1.2371,55.55
b580,1b,8da4w,parent,sarc_linear_dq8ca_coopmat_zpg_t256x64k32g48s16m8_texture3d_texture2d_half,2048,2048,8192,1.3288,51.715
b580,1b,8da4w,parent,sarc_linear_dq8ca_coopmat_zpg_t256x64k32g48s16m8_texture3d_texture2d_half,2048,2048,2048,0.3105,55.322
b580,1b,8da4w,parent,sarc_linear_dq8ca_coopmat_zpg_t256x64k32g48s16m8_texture3d_texture2d_half,2048,512,2048,0.0968,44.382
b580,1b,8da4w,parent,sarc_linear_dq8ca_coopmat_zpg_t256x64k32g48s16m8_texture3d_texture2d_half,2048,512,2048,0.0966,44.478
b580,1b,8da4w,parent,sarc_linear_dq8ca_coopmat_zpg_t256x64k32g48s16m8_texture3d_texture2d_half,2048,2048,2048,0.3099,55.443
b580,1b,8da4w,parent,sarc_linear_dq8ca_coopmat_zpg_t256x64k32g48s16m8_texture3d_texture2d_half,2048,8192,2048,1.232,55.78
b580,1b,8da4w,parent,sarc_linear_dq8ca_coopmat_zpg_t256x64k32g48s16m8_texture3d_texture2d_half,2048,8192,2048,1.2228,56.199
b580,1b,8da4w,parent,sarc_linear_dq8ca_coopmat_zpg_t256x64k32g48s16m8_texture3d_texture2d_half,2048,2048,8192,1.3441,51.125
b580,1b,8da4w,parent,sarc_linear_dq8ca_coopmat_zpg_t256x64k32g48s16m8_texture3d_texture2d_half,2048,2048,2048,0.3082,55.742
b580,1b,8da4w,parent,sarc_linear_dq8ca_coopmat_zpg_t256x64k32g48s16m8_texture3d_texture2d_half,2048,512,2048,0.0951,45.159
b580,1b,8da4w,parent,sarc_linear_dq8ca_coopmat_zpg_t256x64k32g48s16m8_texture3d_texture2d_half,2048,512,2048,0.0967,44.43
b580,1b,8da4w,parent,sarc_linear_dq8ca_coopmat_zpg_t256x64k32g48s16m8_texture3d_texture2d_half,2048,2048,2048,0.3095,55.508
b580,1b,8da4w,parent,sarc_linear_dq8ca_coopmat_zpg_t256x64k32g48s16m8_texture3d_texture2d_half,2048,8192,2048,1.2252,56.087
b580,1b,8da4w,parent,sarc_linear_dq8ca_coopmat_zpg_t256x64k32g48s16m8_texture3d_texture2d_half,2048,8192,2048,1.2265,56.03
b580,1b,8da4w,parent,sarc_linear_dq8ca_coopmat_zpg_t256x64k32g48s16m8_texture3d_texture2d_half,2048,2048,8192,1.3364,51.421
b580,1b,8da4w,parent,sarc_linear_dq8ca_coopmat_zpg_t256x64k32g48s16m8_texture3d_texture2d_half,2048,2048,2048,0.3087,55.657
b580,1b,8da4w,parent,sarc_linear_dq8ca_coopmat_zpg_t256x64k32g48s16m8_texture3d_texture2d_half,2048,512,2048,0.0966,44.454
b580,1b,8da4w,parent,sarc_linear_dq8ca_coopmat_zpg_t256x64k32g48s16m8_texture3d_texture2d_half,2048,512,2048,0.0954,45.036
b580,1b,8da4w,parent,sarc_linear_dq8ca_coopmat_zpg_t256x64k32g48s16m8_texture3d_texture2d_half,2048,2048,2048,0.3109,55.257
b580,1b,8da4w,parent,sarc_linear_dq8ca_coopmat_zpg_t256x64k32g48s16m8_texture3d_texture2d_half,2048,8192,2048,1.233,55.732
b580,1b,8da4w,parent,sarc_linear_dq8ca_coopmat_zpg_t256x64k32g48s16m8_texture3d_texture2d_half,2048,8192,2048,1.2268,56.014
b580,1b,8da4w,parent,sarc_linear_dq8ca_coopmat_zpg_t256x64k32g48s16m8_texture3d_texture2d_half,2048,2048,8192,1.3303,51.657
b580,1b,8da4w,parent,sarc_linear_dq8ca_coopmat_zpg_t256x64k32g48s16m8_texture3d_texture2d_half,2048,2048,2048,0.3151,54.518
b580,1b,8da4w,parent,sarc_linear_dq8ca_coopmat_zpg_t256x64k32g48s16m8_texture3d_texture2d_half,2048,512,2048,0.0973,44.145
b580,1b,8da4w,parent,sarc_linear_dq8ca_coopmat_zpg_t256x64k32g48s16m8_texture3d_texture2d_half,2048,512,2048,0.0958,44.84
b580,1b,8da4w,parent,sarc_linear_dq8ca_coopmat_zpg_t256x64k32g48s16m8_texture3d_texture2d_half,2048,2048,2048,0.3095,55.517
b580,1b,8da4w,parent,sarc_linear_dq8ca_coopmat_zpg_t256x64k32g48s16m8_texture3d_texture2d_half,2048,8192,2048,1.2274,55.99
b580,1b,8da4w,parent,sarc_linear_dq8ca_coopmat_zpg_t256x64k32g48s16m8_texture3d_texture2d_half,2048,8192,2048,1.2379,55.512
b580,1b,8da4w,parent,sarc_linear_dq8ca_coopmat_zpg_t256x64k32g48s16m8_texture3d_texture2d_half,2048,2048,8192,1.338,51.361
b580,3b,4w,cand,sarc_linear_q4gsw_coopmat_t128x128k16g44s16m8fli_texture3d_texture2d_half,2048,3072,3072,0.9156,42.22
b580,3b,4w,cand,sarc_linear_q4gsw_coopmat_t128x128k16g44s16m8fli_texture3d_texture2d_half,2048,1024,3072,0.3717,34.66
b580,3b,4w,cand,sarc_linear_q4gsw_coopmat_t128x128k16g44s16m8fli_texture3d_texture2d_half,2048,1024,3072,0.3214,40.095
b580,3b,4w,cand,sarc_linear_q4gsw_coopmat_t128x128k16g44s16m8fli_texture3d_texture2d_half,2048,3072,3072,0.8528,45.327
b580,3b,4w,cand,sarc_linear_q4gsw_coopmat_t128x128k16g44s16m8fli_texture3d_texture2d_half,2048,8192,3072,2.2423,45.97
b580,3b,4w,cand,sarc_linear_q4gsw_coopmat_t128x128k16g44s16m8fli_texture3d_texture2d_half,2048,8192,3072,2.2696,45.416
b580,3b,4w,cand,sarc_linear_q4gsw_coopmat_t128x128k16g44s16m8fli_texture3d_texture2d_half,2048,3072,8192,2.3493,43.877
b580,3b,4w,cand,sarc_linear_q4gsw_coopmat_t128x128k16g44s16m8fli_texture3d_texture2d_half,2048,3072,3072,0.8536,45.283
b580,3b,4w,cand,sarc_linear_q4gsw_coopmat_t128x128k16g44s16m8fli_texture3d_texture2d_half,2048,1024,3072,0.3236,39.811
b580,3b,4w,cand,sarc_linear_q4gsw_coopmat_t128x128k16g44s16m8fli_texture3d_texture2d_half,2048,1024,3072,0.3212,40.121
b580,3b,4w,cand,sarc_linear_q4gsw_coopmat_t128x128k16g44s16m8fli_texture3d_texture2d_half,2048,3072,3072,0.8544,45.241
b580,3b,4w,cand,sarc_linear_q4gsw_coopmat_t128x128k16g44s16m8fli_texture3d_texture2d_half,2048,8192,3072,2.2884,45.045
b580,3b,4w,cand,sarc_linear_q4gsw_coopmat_t128x128k16g44s16m8fli_texture3d_texture2d_half,2048,8192,3072,2.2394,46.029
b580,3b,4w,cand,sarc_linear_q4gsw_coopmat_t128x128k16g44s16m8fli_texture3d_texture2d_half,2048,3072,8192,2.3256,44.324
b580,3b,4w,cand,sarc_linear_q4gsw_coopmat_t128x128k16g44s16m8fli_texture3d_texture2d_half,2048,3072,3072,0.8535,45.288
b580,3b,4w,cand,sarc_linear_q4gsw_coopmat_t128x128k16g44s16m8fli_texture3d_texture2d_half,2048,1024,3072,0.3253,39.614
b580,3b,4w,cand,sarc_linear_q4gsw_coopmat_t128x128k16g44s16m8fli_texture3d_texture2d_half,2048,1024,3072,0.3388,38.027
b580,3b,4w,cand,sarc_linear_q4gsw_coopmat_t128x128k16g44s16m8fli_texture3d_texture2d_half,2048,3072,3072,0.8523,45.352
b580,3b,4w,cand,sarc_linear_q4gsw_coopmat_t128x128k16g44s16m8fli_texture3d_texture2d_half,2048,8192,3072,2.228,46.264
b580,3b,4w,cand,sarc_linear_q4gsw_coopmat_t128x128k16g44s16m8fli_texture3d_texture2d_half,2048,8192,3072,2.228,46.264
b580,3b,4w,cand,sarc_linear_q4gsw_coopmat_t128x128k16g44s16m8fli_texture3d_texture2d_half,2048,3072,8192,2.3266,44.305
b580,3b,4w,cand,sarc_linear_q4gsw_coopmat_t128x128k16g44s16m8fli_texture3d_texture2d_half,2048,3072,3072,0.8715,44.356
b580,3b,4w,cand,sarc_linear_q4gsw_coopmat_t128x128k16g44s16m8fli_texture3d_texture2d_half,2048,1024,3072,0.326,39.519
b580,3b,4w,cand,sarc_linear_q4gsw_coopmat_t128x128k16g44s16m8fli_texture3d_texture2d_half,2048,1024,3072,0.3203,40.232
b580,3b,4w,cand,sarc_linear_q4gsw_coopmat_t128x128k16g44s16m8fli_texture3d_texture2d_half,2048,3072,3072,0.8537,45.28
b580,3b,4w,cand,sarc_linear_q4gsw_coopmat_t128x128k16g44s16m8fli_texture3d_texture2d_half,2048,8192,3072,2.2511,45.791
b580,3b,4w,cand,sarc_linear_q4gsw_coopmat_t128x128k16g44s16m8fli_texture3d_texture2d_half,2048,8192,3072,2.243,45.957
b580,3b,4w,cand,sarc_linear_q4gsw_coopmat_t128x128k16g44s16m8fli_texture3d_texture2d_half,2048,3072,8192,2.356,43.752
b580,3b,4w,cand,sarc_linear_q4gsw_coopmat_t128x128k16g44s16m8fli_texture3d_texture2d_half,2048,3072,3072,0.8498,45.485
b580,3b,4w,cand,sarc_linear_q4gsw_coopmat_t128x128k16g44s16m8fli_texture3d_texture2d_half,2048,1024,3072,0.3246,39.69
b580,3b,4w,cand,sarc_linear_q4gsw_coopmat_t128x128k16g44s16m8fli_texture3d_texture2d_half,2048,1024,3072,0.3236,39.818
b580,3b,4w,cand,sarc_linear_q4gsw_coopmat_t128x128k16g44s16m8fli_texture3d_texture2d_half,2048,3072,3072,0.8484,45.56
b580,3b,4w,cand,sarc_linear_q4gsw_coopmat_t128x128k16g44s16m8fli_texture3d_texture2d_half,2048,8192,3072,2.2595,45.621
b580,3b,4w,cand,sarc_linear_q4gsw_coopmat_t128x128k16g44s16m8fli_texture3d_texture2d_half,2048,8192,3072,2.2437,45.942
b580,3b,4w,cand,sarc_linear_q4gsw_coopmat_t128x128k16g44s16m8fli_texture3d_texture2d_half,2048,3072,8192,2.3636,43.612
b580,3b,4w,cand,sarc_linear_q4gsw_coopmat_t128x128k16g44s16m8fli_texture3d_texture2d_half,2048,3072,3072,0.8572,45.096
b580,3b,4w,cand,sarc_linear_q4gsw_coopmat_t128x128k16g44s16m8fli_texture3d_texture2d_half,2048,1024,3072,0.326,39.519
b580,3b,4w,cand,sarc_linear_q4gsw_coopmat_t128x128k16g44s16m8fli_texture3d_texture2d_half,2048,1024,3072,0.3267,39.438
b580,3b,4w,cand,sarc_linear_q4gsw_coopmat_t128x128k16g44s16m8fli_texture3d_texture2d_half,2048,3072,3072,0.8542,45.255
b580,3b,4w,cand,sarc_linear_q4gsw_coopmat_t128x128k16g44s16m8fli_texture3d_texture2d_half,2048,8192,3072,2.2517,45.779
b580,3b,4w,cand,sarc_linear_q4gsw_coopmat_t128x128k16g44s16m8fli_texture3d_texture2d_half,2048,8192,3072,2.2596,45.619
b580,3b,4w,cand,sarc_linear_q4gsw_coopmat_t128x128k16g44s16m8fli_texture3d_texture2d_half,2048,3072,8192,2.3529,43.81
b580,3b,4w,cand,sarc_linear_q4gsw_coopmat_t128x128k16g44s16m8fli_texture3d_texture2d_half,2048,3072,3072,0.8715,44.353
b580,3b,4w,cand,sarc_linear_q4gsw_coopmat_t128x128k16g44s16m8fli_texture3d_texture2d_half,2048,1024,3072,0.3266,39.456
b580,3b,4w,cand,sarc_linear_q4gsw_coopmat_t128x128k16g44s16m8fli_texture3d_texture2d_half,2048,1024,3072,0.3203,40.225
b580,3b,4w,cand,sarc_linear_q4gsw_coopmat_t128x128k16g44s16m8fli_texture3d_texture2d_half,2048,3072,3072,0.852,45.368
b580,3b,4w,cand,sarc_linear_q4gsw_coopmat_t128x128k16g44s16m8fli_texture3d_texture2d_half,2048,8192,3072,2.2678,45.453
b580,3b,4w,cand,sarc_linear_q4gsw_coopmat_t128x128k16g44s16m8fli_texture3d_texture2d_half,2048,8192,3072,2.2262,46.303
b580,3b,4w,cand,sarc_linear_q4gsw_coopmat_t128x128k16g44s16m8fli_texture3d_texture2d_half,2048,3072,8192,2.3566,43.74
b580,3b,4w,cand,sarc_linear_q4gsw_coopmat_t128x128k16g44s16m8fli_texture3d_texture2d_half,2048,3072,3072,0.8519,45.377
b580,3b,4w,cand,sarc_linear_q4gsw_coopmat_t128x128k16g44s16m8fli_texture3d_texture2d_half,2048,1024,3072,0.3239,39.786
b580,3b,4w,cand,sarc_linear_q4gsw_coopmat_t128x128k16g44s16m8fli_texture3d_texture2d_half,2048,1024,3072,0.3226,39.946
b580,3b,4w,cand,sarc_linear_q4gsw_coopmat_t128x128k16g44s16m8fli_texture3d_texture2d_half,2048,3072,3072,0.8514,45.399
b580,3b,4w,cand,sarc_linear_q4gsw_coopmat_t128x128k16g44s16m8fli_texture3d_texture2d_half,2048,8192,3072,2.255,45.712
b580,3b,4w,cand,sarc_linear_q4gsw_coopmat_t128x128k16g44s16m8fli_texture3d_texture2d_half,2048,8192,3072,2.2297,46.231
b580,3b,4w,cand,sarc_linear_q4gsw_coopmat_t128x128k16g44s16m8fli_texture3d_texture2d_half,2048,3072,8192,2.3592,43.693
b580,3b,4w,cand,sarc_linear_q4gsw_coopmat_t128x128k16g44s16m8fli_texture3d_texture2d_half,2048,3072,3072,0.8512,45.413
b580,3b,4w,cand,sarc_linear_q4gsw_coopmat_t128x128k16g44s16m8fli_texture3d_texture2d_half,2048,1024,3072,0.3445,37.402
b580,3b,4w,cand,sarc_linear_q4gsw_coopmat_t128x128k16g44s16m8fli_texture3d_texture2d_half,2048,1024,3072,0.3221,40.004
b580,3b,4w,cand,sarc_linear_q4gsw_coopmat_t128x128k16g44s16m8fli_texture3d_texture2d_half,2048,3072,3072,0.8578,45.063
b580,3b,4w,cand,sarc_linear_q4gsw_coopmat_t128x128k16g44s16m8fli_texture3d_texture2d_half,2048,8192,3072,2.2593,45.624
b580,3b,4w,cand,sarc_linear_q4gsw_coopmat_t128x128k16g44s16m8fli_texture3d_texture2d_half,2048,8192,3072,2.2448,45.918
b580,3b,4w,cand,sarc_linear_q4gsw_coopmat_t128x128k16g44s16m8fli_texture3d_texture2d_half,2048,3072,8192,2.3669,43.551
b580,3b,4w,cand,sarc_linear_q4gsw_coopmat_t128x128k16g44s16m8fli_texture3d_texture2d_half,2048,3072,3072,0.8576,45.071
b580,3b,4w,cand,sarc_linear_q4gsw_coopmat_t128x128k16g44s16m8fli_texture3d_texture2d_half,2048,1024,3072,0.3461,37.233
b580,3b,4w,cand,sarc_linear_q4gsw_coopmat_t128x128k16g44s16m8fli_texture3d_texture2d_half,2048,1024,3072,0.3222,39.985
b580,3b,4w,cand,sarc_linear_q4gsw_coopmat_t128x128k16g44s16m8fli_texture3d_texture2d_half,2048,3072,3072,0.8568,45.115
b580,3b,4w,cand,sarc_linear_q4gsw_coopmat_t128x128k16g44s16m8fli_texture3d_texture2d_half,2048,8192,3072,2.2844,45.124
b580,3b,4w,cand,sarc_linear_q4gsw_coopmat_t128x128k16g44s16m8fli_texture3d_texture2d_half,2048,8192,3072,2.2569,45.673
b580,3b,4w,cand,sarc_linear_q4gsw_coopmat_t128x128k16g44s16m8fli_texture3d_texture2d_half,2048,3072,8192,2.3629,43.623
b580,3b,4w,cand,sarc_linear_q4gsw_coopmat_t128x128k16g44s16m8fli_texture3d_texture2d_half,2048,3072,3072,0.8558,45.167
b580,3b,4w,cand,sarc_linear_q4gsw_coopmat_t128x128k16g44s16m8fli_texture3d_texture2d_half,2048,1024,3072,0.3449,37.362
b580,3b,4w,cand,sarc_linear_q4gsw_coopmat_t128x128k16g44s16m8fli_texture3d_texture2d_half,2048,1024,3072,0.3238,39.799
b580,3b,4w,cand,sarc_linear_q4gsw_coopmat_t128x128k16g44s16m8fli_texture3d_texture2d_half,2048,3072,3072,0.8646,44.711
b580,3b,4w,cand,sarc_linear_q4gsw_coopmat_t128x128k16g44s16m8fli_texture3d_texture2d_half,2048,8192,3072,2.2695,45.419
b580,3b,4w,cand,sarc_linear_q4gsw_coopmat_t128x128k16g44s16m8fli_texture3d_texture2d_half,2048,8192,3072,2.208,46.685
b580,3b,4w,cand,sarc_linear_q4gsw_coopmat_t128x128k16g44s16m8fli_texture3d_texture2d_half,2048,3072,8192,2.3645,43.594
b580,3b,4w,cand,sarc_linear_q4gsw_coopmat_t128x128k16g44s16m8fli_texture3d_texture2d_half,2048,3072,3072,0.8524,45.349
b580,3b,4w,cand,sarc_linear_q4gsw_coopmat_t128x128k16g44s16m8fli_texture3d_texture2d_half,2048,1024,3072,0.346,37.244
b580,3b,4w,cand,sarc_linear_q4gsw_coopmat_t128x128k16g44s16m8fli_texture3d_texture2d_half,2048,1024,3072,0.3231,39.882
b580,3b,4w,cand,sarc_linear_q4gsw_coopmat_t128x128k16g44s16m8fli_texture3d_texture2d_half,2048,3072,3072,0.8695,44.457
b580,3b,4w,cand,sarc_linear_q4gsw_coopmat_t128x128k16g44s16m8fli_texture3d_texture2d_half,2048,8192,3072,2.2812,45.186
b580,3b,4w,cand,sarc_linear_q4gsw_coopmat_t128x128k16g44s16m8fli_texture3d_texture2d_half,2048,8192,3072,2.2912,44.989
b580,3b,4w,cand,sarc_linear_q4gsw_coopmat_t128x128k16g44s16m8fli_texture3d_texture2d_half,2048,3072,8192,2.3678,43.533
b580,3b,4w,cand,sarc_linear_q4gsw_coopmat_t128x128k16g44s16m8fli_texture3d_texture2d_half,2048,3072,3072,0.8607,44.911
b580,3b,4w,cand,sarc_linear_q4gsw_coopmat_t128x128k16g44s16m8fli_texture3d_texture2d_half,2048,1024,3072,0.3271,39.387
b580,3b,4w,cand,sarc_linear_q4gsw_coopmat_t128x128k16g44s16m8fli_texture3d_texture2d_half,2048,1024,3072,0.3414,37.738
b580,3b,4w,cand,sarc_linear_q4gsw_coopmat_t128x128k16g44s16m8fli_texture3d_texture2d_half,2048,3072,3072,0.8663,44.622
b580,3b,4w,cand,sarc_linear_q4gsw_coopmat_t128x128k16g44s16m8fli_texture3d_texture2d_half,2048,8192,3072,2.2806,45.198
b580,3b,4w,cand,sarc_linear_q4gsw_coopmat_t128x128k16g44s16m8fli_texture3d_texture2d_half,2048,8192,3072,2.2777,45.256
b580,3b,4w,cand,sarc_linear_q4gsw_coopmat_t128x128k16g44s16m8fli_texture3d_texture2d_half,2048,3072,8192,2.344,43.976
b580,3b,4w,cand,sarc_linear_q4gsw_coopmat_t128x128k16g44s16m8fli_texture3d_texture2d_half,2048,3072,3072,0.866,44.638
b580,3b,4w,cand,sarc_linear_q4gsw_coopmat_t128x128k16g44s16m8fli_texture3d_texture2d_half,2048,1024,3072,0.3275,39.344
b580,3b,4w,cand,sarc_linear_q4gsw_coopmat_t128x128k16g44s16m8fli_texture3d_texture2d_half,2048,1024,3072,0.3413,37.755
b580,3b,4w,cand,sarc_linear_q4gsw_coopmat_t128x128k16g44s16m8fli_texture3d_texture2d_half,2048,3072,3072,0.8544,45.241
b580,3b,4w,cand,sarc_linear_q4gsw_coopmat_t128x128k16g44s16m8fli_texture3d_texture2d_half,2048,8192,3072,2.2635,45.54
b580,3b,4w,cand,sarc_linear_q4gsw_coopmat_t128x128k16g44s16m8fli_texture3d_texture2d_half,2048,8192,3072,2.2613,45.585
b580,3b,4w,cand,sarc_linear_q4gsw_coopmat_t128x128k16g44s16m8fli_texture3d_texture2d_half,2048,3072,8192,2.3653,43.58
b580,3b,4w,cand,sarc_linear_q4gsw_coopmat_t128x128k16g44s16m8fli_texture3d_texture2d_half,2048,3072,3072,0.8566,45.123
b580,3b,4w,cand,sarc_linear_q4gsw_coopmat_t128x128k16g44s16m8fli_texture3d_texture2d_half,2048,1024,3072,0.3283,39.25
b580,3b,4w,cand,sarc_linear_q4gsw_coopmat_t128x128k16g44s16m8fli_texture3d_texture2d_half,2048,1024,3072,0.342,37.68
b580,3b,4w,cand,sarc_linear_q4gsw_coopmat_t128x128k16g44s16m8fli_texture3d_texture2d_half,2048,3072,3072,0.8542,45.252
b580,3b,4w,cand,sarc_linear_q4gsw_coopmat_t128x128k16g44s16m8fli_texture3d_texture2d_half,2048,8192,3072,2.2453,45.91
b580,3b,4w,cand,sarc_linear_q4gsw_coopmat_t128x128k16g44s16m8fli_texture3d_texture2d_half,2048,8192,3072,2.2533,45.746
b580,3b,4w,cand,sarc_linear_q4gsw_coopmat_t128x128k16g44s16m8fli_texture3d_texture2d_half,2048,3072,8192,2.3683,43.525
b580,3b,4w,cand,sarc_linear_q4gsw_coopmat_t128x128k16g44s16m8fli_texture3d_texture2d_half,2048,3072,3072,0.8637,44.756
b580,3b,4w,cand,sarc_linear_q4gsw_coopmat_t128x128k16g44s16m8fli_texture3d_texture2d_half,2048,1024,3072,0.326,39.526
b580,3b,4w,cand,sarc_linear_q4gsw_coopmat_t128x128k16g44s16m8fli_texture3d_texture2d_half,2048,1024,3072,0.322,40.017
b580,3b,4w,cand,sarc_linear_q4gsw_coopmat_t128x128k16g44s16m8fli_texture3d_texture2d_half,2048,3072,3072,0.8574,45.085
b580,3b,4w,cand,sarc_linear_q4gsw_coopmat_t128x128k16g44s16m8fli_texture3d_texture2d_half,2048,8192,3072,2.2703,45.403
b580,3b,4w,cand,sarc_linear_q4gsw_coopmat_t128x128k16g44s16m8fli_texture3d_texture2d_half,2048,8192,3072,2.2558,45.695
b580,3b,4w,cand,sarc_linear_q4gsw_coopmat_t128x128k16g44s16m8fli_texture3d_texture2d_half,2048,3072,8192,2.3582,43.711
b580,3b,4w,cand,sarc_linear_q4gsw_coopmat_t128x128k16g44s16m8fli_texture3d_texture2d_half,2048,3072,3072,0.8598,44.957
b580,3b,4w,cand,sarc_linear_q4gsw_coopmat_t128x128k16g44s16m8fli_texture3d_texture2d_half,2048,1024,3072,0.3292,39.139
b580,3b,4w,cand,sarc_linear_q4gsw_coopmat_t128x128k16g44s16m8fli_texture3d_texture2d_half,2048,1024,3072,0.3229,39.901
b580,3b,4w,cand,sarc_linear_q4gsw_coopmat_t128x128k16g44s16m8fli_texture3d_texture2d_half,2048,3072,3072,0.8581,45.047
b580,3b,4w,cand,sarc_linear_q4gsw_coopmat_t128x128k16g44s16m8fli_texture3d_texture2d_half,2048,8192,3072,2.2612,45.586
b580,3b,4w,cand,sarc_linear_q4gsw_coopmat_t128x128k16g44s16m8fli_texture3d_texture2d_half,2048,8192,3072,2.2959,44.898
b580,3b,4w,cand,sarc_linear_q4gsw_coopmat_t128x128k16g44s16m8fli_texture3d_texture2d_half,2048,3072,8192,2.3546,43.779
b580,3b,4w,cand,sarc_linear_q4gsw_coopmat_t128x128k16g44s16m8fli_texture3d_texture2d_half,2048,3072,3072,0.8566,45.123
b580,3b,4w,cand,sarc_linear_q4gsw_coopmat_t128x128k16g44s16m8fli_texture3d_texture2d_half,2048,1024,3072,0.3311,38.911
b580,3b,4w,cand,sarc_linear_q4gsw_coopmat_t128x128k16g44s16m8fli_texture3d_texture2d_half,2048,1024,3072,0.3234,39.837
b580,3b,4w,cand,sarc_linear_q4gsw_coopmat_t128x128k16g44s16m8fli_texture3d_texture2d_half,2048,3072,3072,0.8587,45.014
b580,3b,4w,cand,sarc_linear_q4gsw_coopmat_t128x128k16g44s16m8fli_texture3d_texture2d_half,2048,8192,3072,2.2782,45.246
b580,3b,4w,cand,sarc_linear_q4gsw_coopmat_t128x128k16g44s16m8fli_texture3d_texture2d_half,2048,8192,3072,2.293,44.954
b580,3b,4w,cand,sarc_linear_q4gsw_coopmat_t128x128k16g44s16m8fli_texture3d_texture2d_half,2048,3072,8192,2.3627,43.628
b580,3b,4w,cand,sarc_linear_q4gsw_coopmat_t128x128k16g44s16m8fli_texture3d_texture2d_half,2048,3072,3072,0.8634,44.773
b580,3b,4w,cand,sarc_linear_q4gsw_coopmat_t128x128k16g44s16m8fli_texture3d_texture2d_half,2048,1024,3072,0.3288,39.188
b580,3b,4w,cand,sarc_linear_q4gsw_coopmat_t128x128k16g44s16m8fli_texture3d_texture2d_half,2048,1024,3072,0.3246,39.697
b580,3b,4w,cand,sarc_linear_q4gsw_coopmat_t128x128k16g44s16m8fli_texture3d_texture2d_half,2048,3072,3072,0.86,44.949
b580,3b,4w,cand,sarc_linear_q4gsw_coopmat_t128x128k16g44s16m8fli_texture3d_texture2d_half,2048,8192,3072,2.228,46.264
b580,3b,4w,cand,sarc_linear_q4gsw_coopmat_t128x128k16g44s16m8fli_texture3d_texture2d_half,2048,8192,3072,2.2903,45.007
b580,3b,4w,cand,sarc_linear_q4gsw_coopmat_t128x128k16g44s16m8fli_texture3d_texture2d_half,2048,3072,8192,2.367,43.549
b580,3b,4w,cand,sarc_linear_q4gsw_coopmat_t128x128k16g44s16m8fli_texture3d_texture2d_half,2048,3072,3072,0.8813,43.861
b580,3b,4w,cand,sarc_linear_q4gsw_coopmat_t128x128k16g44s16m8fli_texture3d_texture2d_half,2048,1024,3072,0.3301,39.034
b580,3b,4w,cand,sarc_linear_q4gsw_coopmat_t128x128k16g44s16m8fli_texture3d_texture2d_half,2048,1024,3072,0.3232,39.863
b580,3b,4w,cand,sarc_linear_q4gsw_coopmat_t128x128k16g44s16m8fli_texture3d_texture2d_half,2048,3072,3072,0.862,44.843
b580,3b,4w,cand,sarc_linear_q4gsw_coopmat_t128x128k16g44s16m8fli_texture3d_texture2d_half,2048,8192,3072,2.295,44.915
b580,3b,4w,cand,sarc_linear_q4gsw_coopmat_t128x128k16g44s16m8fli_texture3d_texture2d_half,2048,8192,3072,2.2787,45.235
b580,3b,4w,cand,sarc_linear_q4gsw_coopmat_t128x128k16g44s16m8fli_texture3d_texture2d_half,2048,3072,8192,2.3848,43.223
b580,3b,4w,cand,sarc_linear_q4gsw_coopmat_t128x128k16g44s16m8fli_texture3d_texture2d_half,2048,3072,3072,0.8653,44.67
b580,3b,4w,cand,sarc_linear_q4gsw_coopmat_t128x128k16g44s16m8fli_texture3d_texture2d_half,2048,1024,3072,0.3303,39.009
b580,3b,4w,cand,sarc_linear_q4gsw_coopmat_t128x128k16g44s16m8fli_texture3d_texture2d_half,2048,1024,3072,0.326,39.519
b580,3b,4w,cand,sarc_linear_q4gsw_coopmat_t128x128k16g44s16m8fli_texture3d_texture2d_half,2048,3072,3072,0.8611,44.892
b580,3b,4w,cand,sarc_linear_q4gsw_coopmat_t128x128k16g44s16m8fli_texture3d_texture2d_half,2048,8192,3072,2.3013,44.793
b580,3b,4w,cand,sarc_linear_q4gsw_coopmat_t128x128k16g44s16m8fli_texture3d_texture2d_half,2048,8192,3072,2.3007,44.803
b580,3b,4w,cand,sarc_linear_q4gsw_coopmat_t128x128k16g44s16m8fli_texture3d_texture2d_half,2048,3072,8192,2.3702,43.489
b580,3b,4w,cand,sarc_linear_q4gsw_coopmat_t128x128k16g44s16m8fli_texture3d_texture2d_half,2048,3072,3072,0.8624,44.821
b580,3b,4w,cand,sarc_linear_q4gsw_coopmat_t128x128k16g44s16m8fli_texture3d_texture2d_half,2048,1024,3072,0.3292,39.145
b580,3b,4w,cand,sarc_linear_q4gsw_coopmat_t128x128k16g44s16m8fli_texture3d_texture2d_half,2048,1024,3072,0.3267,39.438
b580,3b,4w,cand,sarc_linear_q4gsw_coopmat_t128x128k16g44s16m8fli_texture3d_texture2d_half,2048,3072,3072,0.8688,44.491
b580,3b,4w,cand,sarc_linear_q4gsw_coopmat_t128x128k16g44s16m8fli_texture3d_texture2d_half,2048,8192,3072,2.2925,44.963
b580,3b,4w,cand,sarc_linear_q4gsw_coopmat_t128x128k16g44s16m8fli_texture3d_texture2d_half,2048,8192,3072,2.2903,45.007
b580,3b,4w,cand,sarc_linear_q4gsw_coopmat_t128x128k16g44s16m8fli_texture3d_texture2d_half,2048,3072,8192,2.3509,43.847
b580,3b,4w,cand,sarc_linear_q4gsw_coopmat_t128x128k16g44s16m8fli_texture3d_texture2d_half,2048,3072,3072,0.8663,44.619
b580,3b,4w,cand,sarc_linear_q4gsw_coopmat_t128x128k16g44s16m8fli_texture3d_texture2d_half,2048,1024,3072,0.332,38.814
b580,3b,4w,cand,sarc_linear_q4gsw_coopmat_t128x128k16g44s16m8fli_texture3d_texture2d_half,2048,1024,3072,0.3256,39.57
b580,3b,4w,cand,sarc_linear_q4gsw_coopmat_t128x128k16g44s16m8fli_texture3d_texture2d_half,2048,3072,3072,0.8639,44.743
b580,3b,4w,cand,sarc_linear_q4gsw_coopmat_t128x128k16g44s16m8fli_texture3d_texture2d_half,2048,8192,3072,2.2688,45.433
b580,3b,4w,cand,sarc_linear_q4gsw_coopmat_t128x128k16g44s16m8fli_texture3d_texture2d_half,2048,8192,3072,2.2767,45.275
b580,3b,4w,cand,sarc_linear_q4gsw_coopmat_t128x128k16g44s16m8fli_texture3d_texture2d_half,2048,3072,8192,2.3636,43.611
b580,3b,4w,cand,sarc_linear_q4gsw_coopmat_t128x128k16g44s16m8fli_texture3d_texture2d_half,2048,3072,3072,0.8796,43.944
b580,3b,4w,cand,sarc_linear_q4gsw_coopmat_t128x128k16g44s16m8fli_texture3d_texture2d_half,2048,1024,3072,0.3281,39.275
b580,3b,4w,cand,sarc_linear_q4gsw_coopmat_t128x128k16g44s16m8fli_texture3d_texture2d_half,2048,1024,3072,0.3261,39.507
b580,3b,4w,cand,sarc_linear_q4gsw_coopmat_t128x128k16g44s16m8fli_texture3d_texture2d_half,2048,3072,3072,0.8613,44.878
b580,3b,4w,cand,sarc_linear_q4gsw_coopmat_t128x128k16g44s16m8fli_texture3d_texture2d_half,2048,8192,3072,2.2988,44.841
b580,3b,4w,cand,sarc_linear_q4gsw_coopmat_t128x128k16g44s16m8fli_texture3d_texture2d_half,2048,8192,3072,2.2445,45.926
b580,3b,4w,cand,sarc_linear_q4gsw_coopmat_t128x128k16g44s16m8fli_texture3d_texture2d_half,2048,3072,8192,2.3711,43.473
b580,3b,4w,cand,sarc_linear_q4gsw_coopmat_t128x128k16g44s16m8fli_texture3d_texture2d_half,2048,3072,3072,0.8613,44.878
b580,3b,4w,cand,sarc_linear_q4gsw_coopmat_t128x128k16g44s16m8fli_texture3d_texture2d_half,2048,1024,3072,0.3319,38.826
b580,3b,4w,cand,sarc_linear_q4gsw_coopmat_t128x128k16g44s16m8fli_texture3d_texture2d_half,2048,1024,3072,0.3261,39.507
b580,3b,4w,cand,sarc_linear_q4gsw_coopmat_t128x128k16g44s16m8fli_texture3d_texture2d_half,2048,3072,3072,0.8631,44.786
b580,3b,4w,cand,sarc_linear_q4gsw_coopmat_t128x128k16g44s16m8fli_texture3d_texture2d_half,2048,8192,3072,2.2515,45.783
b580,3b,4w,cand,sarc_linear_q4gsw_coopmat_t128x128k16g44s16m8fli_texture3d_texture2d_half,2048,8192,3072,2.2573,45.664
b580,3b,4w,cand,sarc_linear_q4gsw_coopmat_t128x128k16g44s16m8fli_texture3d_texture2d_half,2048,3072,8192,2.3704,43.486
b580,3b,4w,cand,sarc_linear_q4gsw_coopmat_t128x128k16g44s16m8fli_texture3d_texture2d_half,2048,3072,3072,0.8815,43.851
b580,3b,4w,cand,sarc_linear_q4gsw_coopmat_t128x128k16g44s16m8fli_texture3d_texture2d_half,2048,1024,3072,0.3299,39.058
b580,3b,4w,cand,sarc_linear_q4gsw_coopmat_t128x128k16g44s16m8fli_texture3d_texture2d_half,2048,1024,3072,0.3252,39.62
b580,3b,4w,cand,sarc_linear_q4gsw_coopmat_t128x128k16g44s16m8fli_texture3d_texture2d_half,2048,3072,3072,0.8629,44.794
b580,3b,4w,cand,sarc_linear_q4gsw_coopmat_t128x128k16g44s16m8fli_texture3d_texture2d_half,2048,8192,3072,2.2818,45.174
b580,3b,4w,cand,sarc_linear_q4gsw_coopmat_t128x128k16g44s16m8fli_texture3d_texture2d_half,2048,8192,3072,2.2963,44.89
b580,3b,4w,cand,sarc_linear_q4gsw_coopmat_t128x128k16g44s16m8fli_texture3d_texture2d_half,2048,3072,8192,2.3583,43.709
b580,3b,4w,cand,sarc_linear_q4gsw_coopmat_t128x128k16g44s16m8fli_texture3d_texture2d_half,2048,3072,3072,0.868,44.534
b580,3b,4w,cand,sarc_linear_q4gsw_coopmat_t128x128k16g44s16m8fli_texture3d_texture2d_half,2048,1024,3072,0.3293,39.132
b580,3b,4w,cand,sarc_linear_q4gsw_coopmat_t128x128k16g44s16m8fli_texture3d_texture2d_half,2048,1024,3072,0.3278,39.306
b580,3b,4w,cand,sarc_linear_q4gsw_coopmat_t128x128k16g44s16m8fli_texture3d_texture2d_half,2048,3072,3072,0.863,44.789
b580,3b,4w,cand,sarc_linear_q4gsw_coopmat_t128x128k16g44s16m8fli_texture3d_texture2d_half,2048,8192,3072,2.2583,45.645
b580,3b,4w,cand,sarc_linear_q4gsw_coopmat_t128x128k16g44s16m8fli_texture3d_texture2d_half,2048,8192,3072,2.3166,44.496
b580,3b,4w,cand,sarc_linear_q4gsw_coopmat_t128x128k16g44s16m8fli_texture3d_texture2d_half,2048,3072,8192,2.3618,43.645
b580,3b,4w,cand,sarc_linear_q4gsw_coopmat_t128x128k16g44s16m8fli_texture3d_texture2d_half,2048,3072,3072,0.8832,43.768
b580,3b,4w,cand,sarc_linear_q4gsw_coopmat_t128x128k16g44s16m8fli_texture3d_texture2d_half,2048,1024,3072,0.3303,39.015
b580,3b,4w,cand,sarc_linear_q4gsw_coopmat_t128x128k16g44s16m8fli_texture3d_texture2d_half,2048,1024,3072,0.3249,39.659
b580,3b,4w,cand,sarc_linear_q4gsw_coopmat_t128x128k16g44s16m8fli_texture3d_texture2d_half,2048,3072,3072,0.8687,44.497
b580,3b,4w,cand,sarc_linear_q4gsw_coopmat_t128x128k16g44s16m8fli_texture3d_texture2d_half,2048,8192,3072,2.3076,44.67
b580,3b,4w,cand,sarc_linear_q4gsw_coopmat_t128x128k16g44s16m8fli_texture3d_texture2d_half,2048,8192,3072,2.2946,44.922
b580,3b,4w,cand,sarc_linear_q4gsw_coopmat_t128x128k16g44s16m8fli_texture3d_texture2d_half,2048,3072,8192,2.3629,43.623
b580,3b,4w,parent,sarc_linear_q4gsw_coopmat_t128x128k16g44s16m8fli_texture3d_texture2d_half,2048,3072,3072,0.8509,45.429
b580,3b,4w,parent,sarc_linear_q4gsw_coopmat_t128x128k16g44s16m8fli_texture3d_texture2d_half,2048,1024,3072,0.3255,39.589
b580,3b,4w,parent,sarc_linear_q4gsw_coopmat_t128x128k16g44s16m8fli_texture3d_texture2d_half,2048,1024,3072,0.3209,40.147
b580,3b,4w,parent,sarc_linear_q4gsw_coopmat_t128x128k16g44s16m8fli_texture3d_texture2d_half,2048,3072,3072,0.8495,45.502
b580,3b,4w,parent,sarc_linear_q4gsw_coopmat_t128x128k16g44s16m8fli_texture3d_texture2d_half,2048,8192,3072,2.2117,46.607
b580,3b,4w,parent,sarc_linear_q4gsw_coopmat_t128x128k16g44s16m8fli_texture3d_texture2d_half,2048,8192,3072,2.2258,46.312
b580,3b,4w,parent,sarc_linear_q4gsw_coopmat_t128x128k16g44s16m8fli_texture3d_texture2d_half,2048,3072,8192,2.3261,44.314
b580,3b,4w,parent,sarc_linear_q4gsw_coopmat_t128x128k16g44s16m8fli_texture3d_texture2d_half,2048,3072,3072,0.8481,45.58
b580,3b,4w,parent,sarc_linear_q4gsw_coopmat_t128x128k16g44s16m8fli_texture3d_texture2d_half,2048,1024,3072,0.3266,39.456
b580,3b,4w,parent,sarc_linear_q4gsw_coopmat_t128x128k16g44s16m8fli_texture3d_texture2d_half,2048,1024,3072,0.3218,40.037
b580,3b,4w,parent,sarc_linear_q4gsw_coopmat_t128x128k16g44s16m8fli_texture3d_texture2d_half,2048,3072,3072,0.8509,45.427
b580,3b,4w,parent,sarc_linear_q4gsw_coopmat_t128x128k16g44s16m8fli_texture3d_texture2d_half,2048,8192,3072,2.2365,46.09
b580,3b,4w,parent,sarc_linear_q4gsw_coopmat_t128x128k16g44s16m8fli_texture3d_texture2d_half,2048,8192,3072,2.2288,46.248
b580,3b,4w,parent,sarc_linear_q4gsw_coopmat_t128x128k16g44s16m8fli_texture3d_texture2d_half,2048,3072,8192,2.3197,44.436
b580,3b,4w,parent,sarc_linear_q4gsw_coopmat_t128x128k16g44s16m8fli_texture3d_texture2d_half,2048,3072,3072,0.8526,45.335
b580,3b,4w,parent,sarc_linear_q4gsw_coopmat_t128x128k16g44s16m8fli_texture3d_texture2d_half,2048,1024,3072,0.3252,39.62
b580,3b,4w,parent,sarc_linear_q4gsw_coopmat_t128x128k16g44s16m8fli_texture3d_texture2d_half,2048,1024,3072,0.3206,40.192
b580,3b,4w,parent,sarc_linear_q4gsw_coopmat_t128x128k16g44s16m8fli_texture3d_texture2d_half,2048,3072,3072,0.8505,45.449
b580,3b,4w,parent,sarc_linear_q4gsw_coopmat_t128x128k16g44s16m8fli_texture3d_texture2d_half,2048,8192,3072,2.2016,46.82
b580,3b,4w,parent,sarc_linear_q4gsw_coopmat_t128x128k16g44s16m8fli_texture3d_texture2d_half,2048,8192,3072,2.2047,46.754
b580,3b,4w,parent,sarc_linear_q4gsw_coopmat_t128x128k16g44s16m8fli_texture3d_texture2d_half,2048,3072,8192,2.3148,44.53
b580,3b,4w,parent,sarc_linear_q4gsw_coopmat_t128x128k16g44s16m8fli_texture3d_texture2d_half,2048,3072,3072,0.8469,45.644
b580,3b,4w,parent,sarc_linear_q4gsw_coopmat_t128x128k16g44s16m8fli_texture3d_texture2d_half,2048,1024,3072,0.3545,36.343
b580,3b,4w,parent,sarc_linear_q4gsw_coopmat_t128x128k16g44s16m8fli_texture3d_texture2d_half,2048,1024,3072,0.3218,40.043
b580,3b,4w,parent,sarc_linear_q4gsw_coopmat_t128x128k16g44s16m8fli_texture3d_texture2d_half,2048,3072,3072,0.8524,45.349
b580,3b,4w,parent,sarc_linear_q4gsw_coopmat_t128x128k16g44s16m8fli_texture3d_texture2d_half,2048,8192,3072,2.22,46.431
b580,3b,4w,parent,sarc_linear_q4gsw_coopmat_t128x128k16g44s16m8fli_texture3d_texture2d_half,2048,8192,3072,2.2217,46.397
b580,3b,4w,parent,sarc_linear_q4gsw_coopmat_t128x128k16g44s16m8fli_texture3d_texture2d_half,2048,3072,8192,2.3314,44.214
b580,3b,4w,parent,sarc_linear_q4gsw_coopmat_t128x128k16g44s16m8fli_texture3d_texture2d_half,2048,3072,3072,0.8791,43.973
b580,3b,4w,parent,sarc_linear_q4gsw_coopmat_t128x128k16g44s16m8fli_texture3d_texture2d_half,2048,1024,3072,0.3248,39.671
b580,3b,4w,parent,sarc_linear_q4gsw_coopmat_t128x128k16g44s16m8fli_texture3d_texture2d_half,2048,1024,3072,0.3195,40.33
b580,3b,4w,parent,sarc_linear_q4gsw_coopmat_t128x128k16g44s16m8fli_texture3d_texture2d_half,2048,3072,3072,0.8482,45.574
b580,3b,4w,parent,sarc_linear_q4gsw_coopmat_t128x128k16g44s16m8fli_texture3d_texture2d_half,2048,8192,3072,2.2314,46.195
b580,3b,4w,parent,sarc_linear_q4gsw_coopmat_t128x128k16g44s16m8fli_texture3d_texture2d_half,2048,8192,3072,2.2212,46.406
b580,3b,4w,parent,sarc_linear_q4gsw_coopmat_t128x128k16g44s16m8fli_texture3d_texture2d_half,2048,3072,8192,2.3332,44.179
b580,3b,4w,parent,sarc_linear_q4gsw_coopmat_t128x128k16g44s16m8fli_texture3d_texture2d_half,2048,3072,3072,0.8519,45.374
b580,3b,4w,parent,sarc_linear_q4gsw_coopmat_t128x128k16g44s16m8fli_texture3d_texture2d_half,2048,1024,3072,0.3239,39.786
b580,3b,4w,parent,sarc_linear_q4gsw_coopmat_t128x128k16g44s16m8fli_texture3d_texture2d_half,2048,1024,3072,0.3513,36.677
b580,3b,4w,parent,sarc_linear_q4gsw_coopmat_t128x128k16g44s16m8fli_texture3d_texture2d_half,2048,3072,3072,0.8468,45.647
b580,3b,4w,parent,sarc_linear_q4gsw_coopmat_t128x128k16g44s16m8fli_texture3d_texture2d_half,2048,8192,3072,2.2244,46.34
b580,3b,4w,parent,sarc_linear_q4gsw_coopmat_t128x128k16g44s16m8fli_texture3d_texture2d_half,2048,8192,3072,2.2371,46.076
b580,3b,4w,parent,sarc_linear_q4gsw_coopmat_t128x128k16g44s16m8fli_texture3d_texture2d_half,2048,3072,8192,2.3594,43.688
b580,3b,4w,parent,sarc_linear_q4gsw_coopmat_t128x128k16g44s16m8fli_texture3d_texture2d_half,2048,3072,3072,0.8494,45.51
b580,3b,4w,parent,sarc_linear_q4gsw_coopmat_t128x128k16g44s16m8fli_texture3d_texture2d_half,2048,1024,3072,0.3259,39.532
b580,3b,4w,parent,sarc_linear_q4gsw_coopmat_t128x128k16g44s16m8fli_texture3d_texture2d_half,2048,1024,3072,0.3213,40.101
b580,3b,4w,parent,sarc_linear_q4gsw_coopmat_t128x128k16g44s16m8fli_texture3d_texture2d_half,2048,3072,3072,0.8605,44.919
b580,3b,4w,parent,sarc_linear_q4gsw_coopmat_t128x128k16g44s16m8fli_texture3d_texture2d_half,2048,8192,3072,2.2351,46.118
b580,3b,4w,parent,sarc_linear_q4gsw_coopmat_t128x128k16g44s16m8fli_texture3d_texture2d_half,2048,8192,3072,2.2129,46.582
b580,3b,4w,parent,sarc_linear_q4gsw_coopmat_t128x128k16g44s16m8fli_texture3d_texture2d_half,2048,3072,8192,2.3373,44.102
b580,3b,4w,parent,sarc_linear_q4gsw_coopmat_t128x128k16g44s16m8fli_texture3d_texture2d_half,2048,3072,3072,0.8468,45.65
b580,3b,4w,parent,sarc_linear_q4gsw_coopmat_t128x128k16g44s16m8fli_texture3d_texture2d_half,2048,1024,3072,0.3261,39.513
b580,3b,4w,parent,sarc_linear_q4gsw_coopmat_t128x128k16g44s16m8fli_texture3d_texture2d_half,2048,1024,3072,0.342,37.68
b580,3b,4w,parent,sarc_linear_q4gsw_coopmat_t128x128k16g44s16m8fli_texture3d_texture2d_half,2048,3072,3072,0.8497,45.493
b580,3b,4w,parent,sarc_linear_q4gsw_coopmat_t128x128k16g44s16m8fli_texture3d_texture2d_half,2048,8192,3072,2.2302,46.22
b580,3b,4w,parent,sarc_linear_q4gsw_coopmat_t128x128k16g44s16m8fli_texture3d_texture2d_half,2048,8192,3072,2.2193,46.447
b580,3b,4w,parent,sarc_linear_q4gsw_coopmat_t128x128k16g44s16m8fli_texture3d_texture2d_half,2048,3072,8192,2.3216,44.399
b580,3b,4w,parent,sarc_linear_q4gsw_coopmat_t128x128k16g44s16m8fli_texture3d_texture2d_half,2048,3072,3072,0.8444,45.776
b580,3b,4w,parent,sarc_linear_q4gsw_coopmat_t128x128k16g44s16m8fli_texture3d_texture2d_half,2048,1024,3072,0.3251,39.64
b580,3b,4w,parent,sarc_linear_q4gsw_coopmat_t128x128k16g44s16m8fli_texture3d_texture2d_half,2048,1024,3072,0.3201,40.251
b580,3b,4w,parent,sarc_linear_q4gsw_coopmat_t128x128k16g44s16m8fli_texture3d_texture2d_half,2048,3072,3072,0.8488,45.538
b580,3b,4w,parent,sarc_linear_q4gsw_coopmat_t128x128k16g44s16m8fli_texture3d_texture2d_half,2048,8192,3072,2.2188,46.457
b580,3b,4w,parent,sarc_linear_q4gsw_coopmat_t128x128k16g44s16m8fli_texture3d_texture2d_half,2048,8192,3072,2.2085,46.674
b580,3b,4w,parent,sarc_linear_q4gsw_coopmat_t128x128k16g44s16m8fli_texture3d_texture2d_half,2048,3072,8192,2.3212,44.408
b580,3b,4w,parent,sarc_linear_q4gsw_coopmat_t128x128k16g44s16m8fli_texture3d_texture2d_half,2048,3072,3072,0.854,45.263
b580,3b,4w,parent,sarc_linear_q4gsw_coopmat_t128x128k16g44s16m8fli_texture3d_texture2d_half,2048,1024,3072,0.3258,39.545
b580,3b,4w,parent,sarc_linear_q4gsw_coopmat_t128x128k16g44s16m8fli_texture3d_texture2d_half,2048,1024,3072,0.3197,40.304
b580,3b,4w,parent,sarc_linear_q4gsw_coopmat_t128x128k16g44s16m8fli_texture3d_texture2d_half,2048,3072,3072,0.8512,45.41
b580,3b,4w,parent,sarc_linear_q4gsw_coopmat_t128x128k16g44s16m8fli_texture3d_texture2d_half,2048,8192,3072,2.2518,45.777
b580,3b,4w,parent,sarc_linear_q4gsw_coopmat_t128x128k16g44s16m8fli_texture3d_texture2d_half,2048,8192,3072,2.2179,46.477
b580,3b,4w,parent,sarc_linear_q4gsw_coopmat_t128x128k16g44s16m8fli_texture3d_texture2d_half,2048,3072,8192,2.3606,43.666
b580,3b,4w,parent,sarc_linear_q4gsw_coopmat_t128x128k16g44s16m8fli_texture3d_texture2d_half,2048,3072,3072,0.8539,45.269
b580,3b,4w,parent,sarc_linear_q4gsw_coopmat_t128x128k16g44s16m8fli_texture3d_texture2d_half,2048,1024,3072,0.3446,37.396
b580,3b,4w,parent,sarc_linear_q4gsw_coopmat_t128x128k16g44s16m8fli_texture3d_texture2d_half,2048,1024,3072,0.3221,39.998
b580,3b,4w,parent,sarc_linear_q4gsw_coopmat_t128x128k16g44s16m8fli_texture3d_texture2d_half,2048,3072,3072,0.8462,45.678
b580,3b,4w,parent,sarc_linear_q4gsw_coopmat_t128x128k16g44s16m8fli_texture3d_texture2d_half,2048,8192,3072,2.2416,45.985
b580,3b,4w,parent,sarc_linear_q4gsw_coopmat_t128x128k16g44s16m8fli_texture3d_texture2d_half,2048,8192,3072,2.1958,46.944
b580,3b,4w,parent,sarc_linear_q4gsw_coopmat_t128x128k16g44s16m8fli_texture3d_texture2d_half,2048,3072,8192,2.3326,44.191
b580,3b,4w,parent,sarc_linear_q4gsw_coopmat_t128x128k16g44s16m8fli_texture3d_texture2d_half,2048,3072,3072,0.8491,45.524
b580,3b,4w,parent,sarc_linear_q4gsw_coopmat_t128x128k16g44s16m8fli_texture3d_texture2d_half,2048,1024,3072,0.3259,39.538
b580,3b,4w,parent,sarc_linear_q4gsw_coopmat_t128x128k16g44s16m8fli_texture3d_texture2d_half,2048,1024,3072,0.3197,40.297
b580,3b,4w,parent,sarc_linear_q4gsw_coopmat_t128x128k16g44s16m8fli_texture3d_texture2d_half,2048,3072,3072,0.8487,45.546
b580,3b,4w,parent,sarc_linear_q4gsw_coopmat_t128x128k16g44s16m8fli_texture3d_texture2d_half,2048,8192,3072,2.2339,46.144
b580,3b,4w,parent,sarc_linear_q4gsw_coopmat_t128x128k16g44s16m8fli_texture3d_texture2d_half,2048,8192,3072,2.2441,45.933
b580,3b,4w,parent,sarc_linear_q4gsw_coopmat_t128x128k16g44s16m8fli_texture3d_texture2d_half,2048,3072,8192,2.3348,44.149
b580,3b,4w,parent,sarc_linear_q4gsw_coopmat_t128x128k16g44s16m8fli_texture3d_texture2d_half,2048,3072,3072,0.8445,45.771
b580,3b,4w,parent,sarc_linear_q4gsw_coopmat_t128x128k16g44s16m8fli_texture3d_texture2d_half,2048,1024,3072,0.3241,39.754
b580,3b,4w,parent,sarc_linear_q4gsw_coopmat_t128x128k16g44s16m8fli_texture3d_texture2d_half,2048,1024,3072,0.3531,36.487
b580,3b,4w,parent,sarc_linear_q4gsw_coopmat_t128x128k16g44s16m8fli_texture3d_texture2d_half,2048,3072,3072,0.8509,45.429
b580,3b,4w,parent,sarc_linear_q4gsw_coopmat_t128x128k16g44s16m8fli_texture3d_texture2d_half,2048,8192,3072,2.2357,46.106
b580,3b,4w,parent,sarc_linear_q4gsw_coopmat_t128x128k16g44s16m8fli_texture3d_texture2d_half,2048,8192,3072,2.2354,46.113
b580,3b,4w,parent,sarc_linear_q4gsw_coopmat_t128x128k16g44s16m8fli_texture3d_texture2d_half,2048,3072,8192,2.2957,44.9
b580,3b,4w,parent,sarc_linear_q4gsw_coopmat_t128x128k16g44s16m8fli_texture3d_texture2d_half,2048,3072,3072,0.8793,43.962
b580,3b,4w,parent,sarc_linear_q4gsw_coopmat_t128x128k16g44s16m8fli_texture3d_texture2d_half,2048,1024,3072,0.3236,39.811
b580,3b,4w,parent,sarc_linear_q4gsw_coopmat_t128x128k16g44s16m8fli_texture3d_texture2d_half,2048,1024,3072,0.3212,40.114
b580,3b,4w,parent,sarc_linear_q4gsw_coopmat_t128x128k16g44s16m8fli_texture3d_texture2d_half,2048,3072,3072,0.8507,45.438
b580,3b,4w,parent,sarc_linear_q4gsw_coopmat_t128x128k16g44s16m8fli_texture3d_texture2d_half,2048,8192,3072,2.2102,46.639
b580,3b,4w,parent,sarc_linear_q4gsw_coopmat_t128x128k16g44s16m8fli_texture3d_texture2d_half,2048,8192,3072,2.2088,46.667
b580,3b,4w,parent,sarc_linear_q4gsw_coopmat_t128x128k16g44s16m8fli_texture3d_texture2d_half,2048,3072,8192,2.3318,44.206
b580,3b,4w,parent,sarc_linear_q4gsw_coopmat_t128x128k16g44s16m8fli_texture3d_texture2d_half,2048,3072,3072,0.8468,45.647
b580,3b,4w,parent,sarc_linear_q4gsw_coopmat_t128x128k16g44s16m8fli_texture3d_texture2d_half,2048,1024,3072,0.3246,39.69
b580,3b,4w,parent,sarc_linear_q4gsw_coopmat_t128x128k16g44s16m8fli_texture3d_texture2d_half,2048,1024,3072,0.319,40.389
b580,3b,4w,parent,sarc_linear_q4gsw_coopmat_t128x128k16g44s16m8fli_texture3d_texture2d_half,2048,3072,3072,0.8535,45.291
b580,3b,4w,parent,sarc_linear_q4gsw_coopmat_t128x128k16g44s16m8fli_texture3d_texture2d_half,2048,8192,3072,2.2202,46.427
b580,3b,4w,parent,sarc_linear_q4gsw_coopmat_t128x128k16g44s16m8fli_texture3d_texture2d_half,2048,8192,3072,2.2097,46.649
b580,3b,4w,parent,sarc_linear_q4gsw_coopmat_t128x128k16g44s16m8fli_texture3d_texture2d_half,2048,3072,8192,2.3337,44.171
b580,3b,4w,parent,sarc_linear_q4gsw_coopmat_t128x128k16g44s16m8fli_texture3d_texture2d_half,2048,3072,3072,0.8449,45.751
b580,3b,4w,parent,sarc_linear_q4gsw_coopmat_t128x128k16g44s16m8fli_texture3d_texture2d_half,2048,1024,3072,0.3569,36.105
b580,3b,4w,parent,sarc_linear_q4gsw_coopmat_t128x128k16g44s16m8fli_texture3d_texture2d_half,2048,1024,3072,0.3206,40.186
b580,3b,4w,parent,sarc_linear_q4gsw_coopmat_t128x128k16g44s16m8fli_texture3d_texture2d_half,2048,3072,3072,0.8471,45.63
b580,3b,4w,parent,sarc_linear_q4gsw_coopmat_t128x128k16g44s16m8fli_texture3d_texture2d_half,2048,8192,3072,2.2257,46.314
b580,3b,4w,parent,sarc_linear_q4gsw_coopmat_t128x128k16g44s16m8fli_texture3d_texture2d_half,2048,8192,3072,2.2092,46.659
b580,3b,4w,parent,sarc_linear_q4gsw_coopmat_t128x128k16g44s16m8fli_texture3d_texture2d_half,2048,3072,8192,2.3229,44.374
b580,3b,4w,parent,sarc_linear_q4gsw_coopmat_t128x128k16g44s16m8fli_texture3d_texture2d_half,2048,3072,3072,0.8809,43.882
b580,3b,4w,parent,sarc_linear_q4gsw_coopmat_t128x128k16g44s16m8fli_texture3d_texture2d_half,2048,1024,3072,0.3237,39.805
b580,3b,4w,parent,sarc_linear_q4gsw_coopmat_t128x128k16g44s16m8fli_texture3d_texture2d_half,2048,1024,3072,0.3209,40.153
b580,3b,4w,parent,sarc_linear_q4gsw_coopmat_t128x128k16g44s16m8fli_texture3d_texture2d_half,2048,3072,3072,0.8475,45.608
b580,3b,4w,parent,sarc_linear_q4gsw_coopmat_t128x128k16g44s16m8fli_texture3d_texture2d_half,2048,8192,3072,2.2218,46.395
b580,3b,4w,parent,sarc_linear_q4gsw_coopmat_t128x128k16g44s16m8fli_texture3d_texture2d_half,2048,8192,3072,2.2485,45.843
b580,3b,4w,parent,sarc_linear_q4gsw_coopmat_t128x128k16g44s16m8fli_texture3d_texture2d_half,2048,3072,8192,2.3617,43.646
b580,3b,4w,parent,sarc_linear_q4gsw_coopmat_t128x128k16g44s16m8fli_texture3d_texture2d_half,2048,3072,3072,0.8503,45.46
b580,3b,4w,parent,sarc_linear_q4gsw_coopmat_t128x128k16g44s16m8fli_texture3d_texture2d_half,2048,1024,3072,0.3257,39.557
b580,3b,4w,parent,sarc_linear_q4gsw_coopmat_t128x128k16g44s16m8fli_texture3d_texture2d_half,2048,1024,3072,0.3387,38.039
b580,3b,4w,parent,sarc_linear_q4gsw_coopmat_t128x128k16g44s16m8fli_texture3d_texture2d_half,2048,3072,3072,0.848,45.583
b580,3b,4w,parent,sarc_linear_q4gsw_coopmat_t128x128k16g44s16m8fli_texture3d_texture2d_half,2048,8192,3072,2.2381,46.057
b580,3b,4w,parent,sarc_linear_q4gsw_coopmat_t128x128k16g44s16m8fli_texture3d_texture2d_half,2048,8192,3072,2.2527,45.757
b580,3b,4w,parent,sarc_linear_q4gsw_coopmat_t128x128k16g44s16m8fli_texture3d_texture2d_half,2048,3072,8192,2.3252,44.332
b580,3b,4w,parent,sarc_linear_q4gsw_coopmat_t128x128k16g44s16m8fli_texture3d_texture2d_half,2048,3072,3072,0.8835,43.75
b580,3b,4w,parent,sarc_linear_q4gsw_coopmat_t128x128k16g44s16m8fli_texture3d_texture2d_half,2048,1024,3072,0.3245,39.709
b580,3b,4w,parent,sarc_linear_q4gsw_coopmat_t128x128k16g44s16m8fli_texture3d_texture2d_half,2048,1024,3072,0.3191,40.382
b580,3b,4w,parent,sarc_linear_q4gsw_coopmat_t128x128k16g44s16m8fli_texture3d_texture2d_half,2048,3072,3072,0.8509,45.427
b580,3b,4w,parent,sarc_linear_q4gsw_coopmat_t128x128k16g44s16m8fli_texture3d_texture2d_half,2048,8192,3072,2.1826,47.228
b580,3b,4w,parent,sarc_linear_q4gsw_coopmat_t128x128k16g44s16m8fli_texture3d_texture2d_half,2048,8192,3072,2.2398,46.021
b580,3b,4w,parent,sarc_linear_q4gsw_coopmat_t128x128k16g44s16m8fli_texture3d_texture2d_half,2048,3072,8192,2.3254,44.328
b580,3b,4w,parent,sarc_linear_q4gsw_coopmat_t128x128k16g44s16m8fli_texture3d_texture2d_half,2048,3072,3072,0.862,44.846
b580,3b,4w,parent,sarc_linear_q4gsw_coopmat_t128x128k16g44s16m8fli_texture3d_texture2d_half,2048,1024,3072,0.3251,39.633
b580,3b,4w,parent,sarc_linear_q4gsw_coopmat_t128x128k16g44s16m8fli_texture3d_texture2d_half,2048,1024,3072,0.3217,40.05
b580,3b,4w,parent,sarc_linear_q4gsw_coopmat_t128x128k16g44s16m8fli_texture3d_texture2d_half,2048,3072,3072,0.8481,45.577
b580,3b,4w,parent,sarc_linear_q4gsw_coopmat_t128x128k16g44s16m8fli_texture3d_texture2d_half,2048,8192,3072,2.2437,45.941
b580,3b,4w,parent,sarc_linear_q4gsw_coopmat_t128x128k16g44s16m8fli_texture3d_texture2d_half,2048,8192,3072,2.2272,46.282
b580,3b,4w,parent,sarc_linear_q4gsw_coopmat_t128x128k16g44s16m8fli_texture3d_texture2d_half,2048,3072,8192,2.37,43.493
b580,3b,4w,parent,sarc_linear_q4gsw_coopmat_t128x128k16g44s16m8fli_texture3d_texture2d_half,2048,3072,3072,0.8554,45.189
b580,3b,4w,parent,sarc_linear_q4gsw_coopmat_t128x128k16g44s16m8fli_texture3d_texture2d_half,2048,1024,3072,0.324,39.773
b580,3b,4w,parent,sarc_linear_q4gsw_coopmat_t128x128k16g44s16m8fli_texture3d_texture2d_half,2048,1024,3072,0.3199,40.277
b580,3b,4w,parent,sarc_linear_q4gsw_coopmat_t128x128k16g44s16m8fli_texture3d_texture2d_half,2048,3072,3072,0.8542,45.252
b580,3b,4w,parent,sarc_linear_q4gsw_coopmat_t128x128k16g44s16m8fli_texture3d_texture2d_half,2048,8192,3072,2.2565,45.681
b580,3b,4w,parent,sarc_linear_q4gsw_coopmat_t128x128k16g44s16m8fli_texture3d_texture2d_half,2048,8192,3072,2.2672,45.465
b580,3b,4w,parent,sarc_linear_q4gsw_coopmat_t128x128k16g44s16m8fli_texture3d_texture2d_half,2048,3072,8192,2.3469,43.921
b580,3b,4w,parent,sarc_linear_q4gsw_coopmat_t128x128k16g44s16m8fli_texture3d_texture2d_half,2048,3072,3072,0.8789,43.983
b580,3b,4w,parent,sarc_linear_q4gsw_coopmat_t128x128k16g44s16m8fli_texture3d_texture2d_half,2048,1024,3072,0.324,39.767
b580,3b,4w,parent,sarc_linear_q4gsw_coopmat_t128x128k16g44s16m8fli_texture3d_texture2d_half,2048,1024,3072,0.3186,40.448
b580,3b,4w,parent,sarc_linear_q4gsw_coopmat_t128x128k16g44s16m8fli_texture3d_texture2d_half,2048,3072,3072,0.8543,45.25
b580,3b,4w,parent,sarc_linear_q4gsw_coopmat_t128x128k16g44s16m8fli_texture3d_texture2d_half,2048,8192,3072,2.2212,46.407
b580,3b,4w,parent,sarc_linear_q4gsw_coopmat_t128x128k16g44s16m8fli_texture3d_texture2d_half,2048,8192,3072,2.249,45.833
b580,3b,4w,parent,sarc_linear_q4gsw_coopmat_t128x128k16g44s16m8fli_texture3d_texture2d_half,2048,3072,8192,2.3535,43.798
b580,3b,4w,parent,sarc_linear_q4gsw_coopmat_t128x128k16g44s16m8fli_texture3d_texture2d_half,2048,3072,3072,0.8494,45.507
b580,3b,4w,parent,sarc_linear_q4gsw_coopmat_t128x128k16g44s16m8fli_texture3d_texture2d_half,2048,1024,3072,0.346,37.244
b580,3b,4w,parent,sarc_linear_q4gsw_coopmat_t128x128k16g44s16m8fli_texture3d_texture2d_half,2048,1024,3072,0.3248,39.671
b580,3b,4w,parent,sarc_linear_q4gsw_coopmat_t128x128k16g44s16m8fli_texture3d_texture2d_half,2048,3072,3072,0.8525,45.343
b580,3b,4w,parent,sarc_linear_q4gsw_coopmat_t128x128k16g44s16m8fli_texture3d_texture2d_half,2048,8192,3072,2.2312,46.2
b580,3b,4w,parent,sarc_linear_q4gsw_coopmat_t128x128k16g44s16m8fli_texture3d_texture2d_half,2048,8192,3072,2.2323,46.176
b580,3b,4w,parent,sarc_linear_q4gsw_coopmat_t128x128k16g44s16m8fli_texture3d_texture2d_half,2048,3072,8192,2.317,44.488
b580,3b,4w,parent,sarc_linear_q4gsw_coopmat_t128x128k16g44s16m8fli_texture3d_texture2d_half,2048,3072,3072,0.878,44.027
b580,3b,4w,parent,sarc_linear_q4gsw_coopmat_t128x128k16g44s16m8fli_texture3d_texture2d_half,2048,1024,3072,0.3263,39.488
b580,3b,4w,parent,sarc_linear_q4gsw_coopmat_t128x128k16g44s16m8fli_texture3d_texture2d_half,2048,1024,3072,0.3232,39.863
b580,3b,4w,parent,sarc_linear_q4gsw_coopmat_t128x128k16g44s16m8fli_texture3d_texture2d_half,2048,3072,3072,0.852,45.371
b580,3b,4w,parent,sarc_linear_q4gsw_coopmat_t128x128k16g44s16m8fli_texture3d_texture2d_half,2048,8192,3072,2.2387,46.045
b580,3b,4w,parent,sarc_linear_q4gsw_coopmat_t128x128k16g44s16m8fli_texture3d_texture2d_half,2048,8192,3072,2.1971,46.917
b580,3b,4w,parent,sarc_linear_q4gsw_coopmat_t128x128k16g44s16m8fli_texture3d_texture2d_half,2048,3072,8192,2.3443,43.971
b580,3b,4w,parent,sarc_linear_q4gsw_coopmat_t128x128k16g44s16m8fli_texture3d_texture2d_half,2048,3072,3072,0.8508,45.432
b580,3b,4w,parent,sarc_linear_q4gsw_coopmat_t128x128k16g44s16m8fli_texture3d_texture2d_half,2048,1024,3072,0.3259,39.538
b580,3b,4w,parent,sarc_linear_q4gsw_coopmat_t128x128k16g44s16m8fli_texture3d_texture2d_half,2048,1024,3072,0.34,37.894
b580,3b,4w,parent,sarc_linear_q4gsw_coopmat_t128x128k16g44s16m8fli_texture3d_texture2d_half,2048,3072,3072,0.8503,45.463
b580,3b,4w,parent,sarc_linear_q4gsw_coopmat_t128x128k16g44s16m8fli_texture3d_texture2d_half,2048,8192,3072,2.209,46.663
b580,3b,4w,parent,sarc_linear_q4gsw_coopmat_t128x128k16g44s16m8fli_texture3d_texture2d_half,2048,8192,3072,2.1971,46.917
b580,3b,4w,parent,sarc_linear_q4gsw_coopmat_t128x128k16g44s16m8fli_texture3d_texture2d_half,2048,3072,8192,2.3362,44.123
b580,3b,4w,parent,sarc_linear_q4gsw_coopmat_t128x128k16g44s16m8fli_texture3d_texture2d_half,2048,3072,3072,0.8802,43.918
b580,3b,4w,parent,sarc_linear_q4gsw_coopmat_t128x128k16g44s16m8fli_texture3d_texture2d_half,2048,1024,3072,0.3244,39.722
b580,3b,4w,parent,sarc_linear_q4gsw_coopmat_t128x128k16g44s16m8fli_texture3d_texture2d_half,2048,1024,3072,0.3192,40.369
b580,3b,4w,parent,sarc_linear_q4gsw_coopmat_t128x128k16g44s16m8fli_texture3d_texture2d_half,2048,3072,3072,0.8491,45.524
b580,3b,4w,parent,sarc_linear_q4gsw_coopmat_t128x128k16g44s16m8fli_texture3d_texture2d_half,2048,8192,3072,2.2274,46.277
b580,3b,4w,parent,sarc_linear_q4gsw_coopmat_t128x128k16g44s16m8fli_texture3d_texture2d_half,2048,8192,3072,2.2326,46.17
b580,3b,4w,parent,sarc_linear_q4gsw_coopmat_t128x128k16g44s16m8fli_texture3d_texture2d_half,2048,3072,8192,2.3279,44.28
b580,3b,4w,parent,sarc_linear_q4gsw_coopmat_t128x128k16g44s16m8fli_texture3d_texture2d_half,2048,3072,3072,0.8563,45.142
b580,3b,4w,parent,sarc_linear_q4gsw_coopmat_t128x128k16g44s16m8fli_texture3d_texture2d_half,2048,1024,3072,0.3255,39.589
b580,3b,4w,parent,sarc_linear_q4gsw_coopmat_t128x128k16g44s16m8fli_texture3d_texture2d_half,2048,1024,3072,0.3187,40.429
b580,3b,4w,parent,sarc_linear_q4gsw_coopmat_t128x128k16g44s16m8fli_texture3d_texture2d_half,2048,3072,3072,0.8483,45.566
b580,3b,4w,parent,sarc_linear_q4gsw_coopmat_t128x128k16g44s16m8fli_texture3d_texture2d_half,2048,8192,3072,2.1921,47.023
b580,3b,4w,parent,sarc_linear_q4gsw_coopmat_t128x128k16g44s16m8fli_texture3d_texture2d_half,2048,8192,3072,2.2519,45.775
b580,3b,4w,parent,sarc_linear_q4gsw_coopmat_t128x128k16g44s16m8fli_texture3d_texture2d_half,2048,3072,8192,2.3578,43.718
b580,3b,4w,parent,sarc_linear_q4gsw_coopmat_t128x128k16g44s16m8fli_texture3d_texture2d_half,2048,3072,3072,0.8535,45.291
b580,3b,4w,parent,sarc_linear_q4gsw_coopmat_t128x128k16g44s16m8fli_texture3d_texture2d_half,2048,1024,3072,0.3241,39.754
b580,3b,4w,parent,sarc_linear_q4gsw_coopmat_t128x128k16g44s16m8fli_texture3d_texture2d_half,2048,1024,3072,0.3209,40.153
b580,3b,4w,parent,sarc_linear_q4gsw_coopmat_t128x128k16g44s16m8fli_texture3d_texture2d_half,2048,3072,3072,0.8529,45.321
b580,3b,4w,parent,sarc_linear_q4gsw_coopmat_t128x128k16g44s16m8fli_texture3d_texture2d_half,2048,8192,3072,2.2632,45.546
b580,3b,4w,parent,sarc_linear_q4gsw_coopmat_t128x128k16g44s16m8fli_texture3d_texture2d_half,2048,8192,3072,2.231,46.203
b580,3b,4w,parent,sarc_linear_q4gsw_coopmat_t128x128k16g44s16m8fli_texture3d_texture2d_half,2048,3072,8192,2.3268,44.301
b580,3b,8da4w,cand,sarc_linear_dq8ca_coopmat_zpg_t256x64k32g48s16m8_texture3d_texture2d_half,2048,3072,3072,0.7261,53.234
b580,3b,8da4w,cand,sarc_linear_dq8ca_coopmat_zpg_t256x64k32g48s16m8_texture3d_texture2d_half,2048,1024,3072,0.2769,46.533
b580,3b,8da4w,cand,sarc_linear_dq8ca_coopmat_zpg_t256x64k32g48s16m8_texture3d_texture2d_half,2048,1024,3072,0.2786,46.255
b580,3b,8da4w,cand,sarc_linear_dq8ca_coopmat_zpg_t256x64k32g48s16m8_texture3d_texture2d_half,2048,3072,3072,0.721,53.614
b580,3b,8da4w,cand,sarc_linear_dq8ca_coopmat_zpg_t256x64k32g48s16m8_texture3d_texture2d_half,2048,8192,3072,2.0158,51.136
b580,3b,8da4w,cand,sarc_linear_dq8ca_coopmat_zpg_t256x64k32g48s16m8_texture3d_texture2d_half,2048,8192,3072,1.9937,51.702
b580,3b,8da4w,cand,sarc_linear_dq8ca_coopmat_zpg_t256x64k32g48s16m8_texture3d_texture2d_half,2048,3072,8192,1.9991,51.562
b580,3b,8da4w,cand,sarc_linear_dq8ca_coopmat_zpg_t256x64k32g48s16m8_texture3d_texture2d_half,2048,3072,3072,0.7113,54.347
b580,3b,8da4w,cand,sarc_linear_dq8ca_coopmat_zpg_t256x64k32g48s16m8_texture3d_texture2d_half,2048,1024,3072,0.284,45.374
b580,3b,8da4w,cand,sarc_linear_dq8ca_coopmat_zpg_t256x64k32g48s16m8_texture3d_texture2d_half,2048,1024,3072,0.281,45.861
b580,3b,8da4w,cand,sarc_linear_dq8ca_coopmat_zpg_t256x64k32g48s16m8_texture3d_texture2d_half,2048,3072,3072,0.7109,54.371
b580,3b,8da4w,cand,sarc_linear_dq8ca_coopmat_zpg_t256x64k32g48s16m8_texture3d_texture2d_half,2048,8192,3072,2.0154,51.145
b580,3b,8da4w,cand,sarc_linear_dq8ca_coopmat_zpg_t256x64k32g48s16m8_texture3d_texture2d_half,2048,8192,3072,2.0024,51.479
b580,3b,8da4w,cand,sarc_linear_dq8ca_coopmat_zpg_t256x64k32g48s16m8_texture3d_texture2d_half,2048,3072,8192,2.0032,51.457
b580,3b,8da4w,cand,sarc_linear_dq8ca_coopmat_zpg_t256x64k32g48s16m8_texture3d_texture2d_half,2048,3072,3072,0.71,54.443
b580,3b,8da4w,cand,sarc_linear_dq8ca_coopmat_zpg_t256x64k32g48s16m8_texture3d_texture2d_half,2048,1024,3072,0.2827,45.583
b580,3b,8da4w,cand,sarc_linear_dq8ca_coopmat_zpg_t256x64k32g48s16m8_texture3d_texture2d_half,2048,1024,3072,0.2779,46.367
b580,3b,8da4w,cand,sarc_linear_dq8ca_coopmat_zpg_t256x64k32g48s16m8_texture3d_texture2d_half,2048,3072,3072,0.7095,54.483
b580,3b,8da4w,cand,sarc_linear_dq8ca_coopmat_zpg_t256x64k32g48s16m8_texture3d_texture2d_half,2048,8192,3072,2.003,51.463
b580,3b,8da4w,cand,sarc_linear_dq8ca_coopmat_zpg_t256x64k32g48s16m8_texture3d_texture2d_half,2048,8192,3072,1.9957,51.65
b580,3b,8da4w,cand,sarc_linear_dq8ca_coopmat_zpg_t256x64k32g48s16m8_texture3d_texture2d_half,2048,3072,8192,2.0055,51.399
b580,3b,8da4w,cand,sarc_linear_dq8ca_coopmat_zpg_t256x64k32g48s16m8_texture3d_texture2d_half,2048,3072,3072,0.7184,53.804
b580,3b,8da4w,cand,sarc_linear_dq8ca_coopmat_zpg_t256x64k32g48s16m8_texture3d_texture2d_half,2048,1024,3072,0.2842,45.332
b580,3b,8da4w,cand,sarc_linear_dq8ca_coopmat_zpg_t256x64k32g48s16m8_texture3d_texture2d_half,2048,1024,3072,0.2795,46.1
b580,3b,8da4w,cand,sarc_linear_dq8ca_coopmat_zpg_t256x64k32g48s16m8_texture3d_texture2d_half,2048,3072,3072,0.7004,55.19
b580,3b,8da4w,cand,sarc_linear_dq8ca_coopmat_zpg_t256x64k32g48s16m8_texture3d_texture2d_half,2048,8192,3072,2.0092,51.303
b580,3b,8da4w,cand,sarc_linear_dq8ca_coopmat_zpg_t256x64k32g48s16m8_texture3d_texture2d_half,2048,8192,3072,2.001,51.515
b580,3b,8da4w,cand,sarc_linear_dq8ca_coopmat_zpg_t256x64k32g48s16m8_texture3d_texture2d_half,2048,3072,8192,1.9917,51.754
b580,3b,8da4w,cand,sarc_linear_dq8ca_coopmat_zpg_t256x64k32g48s16m8_texture3d_texture2d_half,2048,3072,3072,0.7118,54.307
b580,3b,8da4w,cand,sarc_linear_dq8ca_coopmat_zpg_t256x64k32g48s16m8_texture3d_texture2d_half,2048,1024,3072,0.2824,45.624
b580,3b,8da4w,cand,sarc_linear_dq8ca_coopmat_zpg_t256x64k32g48s16m8_texture3d_texture2d_half,2048,1024,3072,0.2783,46.298
b580,3b,8da4w,cand,sarc_linear_dq8ca_coopmat_zpg_t256x64k32g48s16m8_texture3d_texture2d_half,2048,3072,3072,0.715,54.063
b580,3b,8da4w,cand,sarc_linear_dq8ca_coopmat_zpg_t256x64k32g48s16m8_texture3d_texture2d_half,2048,8192,3072,2.0022,51.483
b580,3b,8da4w,cand,sarc_linear_dq8ca_coopmat_zpg_t256x64k32g48s16m8_texture3d_texture2d_half,2048,8192,3072,1.9899,51.802
b580,3b,8da4w,cand,sarc_linear_dq8ca_coopmat_zpg_t256x64k32g48s16m8_texture3d_texture2d_half,2048,3072,8192,1.9851,51.926
b580,3b,8da4w,cand,sarc_linear_dq8ca_coopmat_zpg_t256x64k32g48s16m8_texture3d_texture2d_half,2048,3072,3072,0.708,54.599
b580,3b,8da4w,cand,sarc_linear_dq8ca_coopmat_zpg_t256x64k32g48s16m8_texture3d_texture2d_half,2048,1024,3072,0.2765,46.603
b580,3b,8da4w,cand,sarc_linear_dq8ca_coopmat_zpg_t256x64k32g48s16m8_texture3d_texture2d_half,2048,1024,3072,0.2797,46.066
b580,3b,8da4w,cand,sarc_linear_dq8ca_coopmat_zpg_t256x64k32g48s16m8_texture3d_texture2d_half,2048,3072,3072,0.7116,54.319
b580,3b,8da4w,cand,sarc_linear_dq8ca_coopmat_zpg_t256x64k32g48s16m8_texture3d_texture2d_half,2048,8192,3072,1.9924,51.735
b580,3b,8da4w,cand,sarc_linear_dq8ca_coopmat_zpg_t256x64k32g48s16m8_texture3d_texture2d_half,2048,8192,3072,2.0167,51.114
b580,3b,8da4w,cand,sarc_linear_dq8ca_coopmat_zpg_t256x64k32g48s16m8_texture3d_texture2d_half,2048,3072,8192,2.0325,50.715
b580,3b,8da4w,cand,sarc_linear_dq8ca_coopmat_zpg_t256x64k32g48s16m8_texture3d_texture2d_half,2048,3072,3072,0.7064,54.723
b580,3b,8da4w,cand,sarc_linear_dq8ca_coopmat_zpg_t256x64k32g48s16m8_texture3d_texture2d_half,2048,1024,3072,0.2852,45.175
b580,3b,8da4w,cand,sarc_linear_dq8ca_coopmat_zpg_t256x64k32g48s16m8_texture3d_texture2d_half,2048,1024,3072,0.2799,46.031
b580,3b,8da4w,cand,sarc_linear_dq8ca_coopmat_zpg_t256x64k32g48s16m8_texture3d_texture2d_half,2048,3072,3072,0.7113,54.343
b580,3b,8da4w,cand,sarc_linear_dq8ca_coopmat_zpg_t256x64k32g48s16m8_texture3d_texture2d_half,2048,8192,3072,2.0363,50.622
b580,3b,8da4w,cand,sarc_linear_dq8ca_coopmat_zpg_t256x64k32g48s16m8_texture3d_texture2d_half,2048,8192,3072,2.0045,51.424
b580,3b,8da4w,cand,sarc_linear_dq8ca_coopmat_zpg_t256x64k32g48s16m8_texture3d_texture2d_half,2048,3072,8192,1.9858,51.909
b580,3b,8da4w,cand,sarc_linear_dq8ca_coopmat_zpg_t256x64k32g48s16m8_texture3d_texture2d_half,2048,3072,3072,0.7095,54.483
b580,3b,8da4w,cand,sarc_linear_dq8ca_coopmat_zpg_t256x64k32g48s16m8_texture3d_texture2d_half,2048,1024,3072,0.2813,45.802
b580,3b,8da4w,cand,sarc_linear_dq8ca_coopmat_zpg_t256x64k32g48s16m8_texture3d_texture2d_half,2048,1024,3072,0.2819,45.709
b580,3b,8da4w,cand,sarc_linear_dq8ca_coopmat_zpg_t256x64k32g48s16m8_texture3d_texture2d_half,2048,3072,3072,0.7083,54.571
b580,3b,8da4w,cand,sarc_linear_dq8ca_coopmat_zpg_t256x64k32g48s16m8_texture3d_texture2d_half,2048,8192,3072,2.0075,51.347
b580,3b,8da4w,cand,sarc_linear_dq8ca_coopmat_zpg_t256x64k32g48s16m8_texture3d_texture2d_half,2048,8192,3072,2.0039,51.44
b580,3b,8da4w,cand,sarc_linear_dq8ca_coopmat_zpg_t256x64k32g48s16m8_texture3d_texture2d_half,2048,3072,8192,2.0154,51.145
b580,3b,8da4w,cand,sarc_linear_dq8ca_coopmat_zpg_t256x64k32g48s16m8_texture3d_texture2d_half,2048,3072,3072,0.7161,53.976
b580,3b,8da4w,cand,sarc_linear_dq8ca_coopmat_zpg_t256x64k32g48s16m8_texture3d_texture2d_half,2048,1024,3072,0.2833,45.474
b580,3b,8da4w,cand,sarc_linear_dq8ca_coopmat_zpg_t256x64k32g48s16m8_texture3d_texture2d_half,2048,1024,3072,0.282,45.692
b580,3b,8da4w,cand,sarc_linear_dq8ca_coopmat_zpg_t256x64k32g48s16m8_texture3d_texture2d_half,2048,3072,3072,0.6998,55.24
b580,3b,8da4w,cand,sarc_linear_dq8ca_coopmat_zpg_t256x64k32g48s16m8_texture3d_texture2d_half,2048,8192,3072,1.994,51.694
b580,3b,8da4w,cand,sarc_linear_dq8ca_coopmat_zpg_t256x64k32g48s16m8_texture3d_texture2d_half,2048,8192,3072,2.0191,51.053
b580,3b,8da4w,cand,sarc_linear_dq8ca_coopmat_zpg_t256x64k32g48s16m8_texture3d_texture2d_half,2048,3072,8192,1.9965,51.63
b580,3b,8da4w,cand,sarc_linear_dq8ca_coopmat_zpg_t256x64k32g48s16m8_texture3d_texture2d_half,2048,3072,3072,0.7224,53.51
b580,3b,8da4w,cand,sarc_linear_dq8ca_coopmat_zpg_t256x64k32g48s16m8_texture3d_texture2d_half,2048,1024,3072,0.2816,45.759
b580,3b,8da4w,cand,sarc_linear_dq8ca_coopmat_zpg_t256x64k32g48s16m8_texture3d_texture2d_half,2048,1024,3072,0.2811,45.844
b580,3b,8da4w,cand,sarc_linear_dq8ca_coopmat_zpg_t256x64k32g48s16m8_texture3d_texture2d_half,2048,3072,3072,0.708,54.599
b580,3b,8da4w,cand,sarc_linear_dq8ca_coopmat_zpg_t256x64k32g48s16m8_texture3d_texture2d_half,2048,8192,3072,1.9901,51.796
b580,3b,8da4w,cand,sarc_linear_dq8ca_coopmat_zpg_t256x64k32g48s16m8_texture3d_texture2d_half,2048,8192,3072,1.9913,51.764
b580,3b,8da4w,cand,sarc_linear_dq8ca_coopmat_zpg_t256x64k32g48s16m8_texture3d_texture2d_half,2048,3072,8192,1.9924,51.737
b580,3b,8da4w,cand,sarc_linear_dq8ca_coopmat_zpg_t256x64k32g48s16m8_texture3d_texture2d_half,2048,3072,3072,0.7106,54.395
b580,3b,8da4w,cand,sarc_linear_dq8ca_coopmat_zpg_t256x64k32g48s16m8_texture3d_texture2d_half,2048,1024,3072,0.2831,45.516
b580,3b,8da4w,cand,sarc_linear_dq8ca_coopmat_zpg_t256x64k32g48s16m8_texture3d_texture2d_half,2048,1024,3072,0.2836,45.44
b580,3b,8da4w,cand,sarc_linear_dq8ca_coopmat_zpg_t256x64k32g48s16m8_texture3d_texture2d_half,2048,3072,3072,0.7177,53.859
b580,3b,8da4w,cand,sarc_linear_dq8ca_coopmat_zpg_t256x64k32g48s16m8_texture3d_texture2d_half,2048,8192,3072,2.0131,51.205
b580,3b,8da4w,cand,sarc_linear_dq8ca_coopmat_zpg_t256x64k32g48s16m8_texture3d_texture2d_half,2048,8192,3072,2.0077,51.343
b580,3b,8da4w,cand,sarc_linear_dq8ca_coopmat_zpg_t256x64k32g48s16m8_texture3d_texture2d_half,2048,3072,8192,1.9676,52.388
b580,3b,8da4w,cand,sarc_linear_dq8ca_coopmat_zpg_t256x64k32g48s16m8_texture3d_texture2d_half,2048,3072,3072,0.7122,54.276
b580,3b,8da4w,cand,sarc_linear_dq8ca_coopmat_zpg_t256x64k32g48s16m8_texture3d_texture2d_half,2048,1024,3072,0.2836,45.432
b580,3b,8da4w,cand,sarc_linear_dq8ca_coopmat_zpg_t256x64k32g48s16m8_texture3d_texture2d_half,2048,1024,3072,0.2798,46.048
b580,3b,8da4w,cand,sarc_linear_dq8ca_coopmat_zpg_t256x64k32g48s16m8_texture3d_texture2d_half,2048,3072,3072,0.7095,54.479
b580,3b,8da4w,cand,sarc_linear_dq8ca_coopmat_zpg_t256x64k32g48s16m8_texture3d_texture2d_half,2048,8192,3072,2.0104,51.274
b580,3b,8da4w,cand,sarc_linear_dq8ca_coopmat_zpg_t256x64k32g48s16m8_texture3d_texture2d_half,2048,8192,3072,1.9962,51.638
b580,3b,8da4w,cand,sarc_linear_dq8ca_coopmat_zpg_t256x64k32g48s16m8_texture3d_texture2d_half,2048,3072,8192,2.0123,51.225
b580,3b,8da4w,cand,sarc_linear_dq8ca_coopmat_zpg_t256x64k32g48s16m8_texture3d_texture2d_half,2048,3072,3072,0.7169,53.921
b580,3b,8da4w,cand,sarc_linear_dq8ca_coopmat_zpg_t256x64k32g48s16m8_texture3d_texture2d_half,2048,1024,3072,0.2805,45.929
b580,3b,8da4w,cand,sarc_linear_dq8ca_coopmat_zpg_t256x64k32g48s16m8_texture3d_texture2d_half,2048,1024,3072,0.2811,45.835
b580,3b,8da4w,cand,sarc_linear_dq8ca_coopmat_zpg_t256x64k32g48s16m8_texture3d_texture2d_half,2048,3072,3072,0.7122,54.276
b580,3b,8da4w,cand,sarc_linear_dq8ca_coopmat_zpg_t256x64k32g48s16m8_texture3d_texture2d_half,2048,8192,3072,2.0005,51.526
b580,3b,8da4w,cand,sarc_linear_dq8ca_coopmat_zpg_t256x64k32g48s16m8_texture3d_texture2d_half,2048,8192,3072,1.9949,51.672
b580,3b,8da4w,cand,sarc_linear_dq8ca_coopmat_zpg_t256x64k32g48s16m8_texture3d_texture2d_half,2048,3072,8192,1.9827,51.989
b580,3b,8da4w,cand,sarc_linear_dq8ca_coopmat_zpg_t256x64k32g48s16m8_texture3d_texture2d_half,2048,3072,3072,0.7116,54.323
b580,3b,8da4w,cand,sarc_linear_dq8ca_coopmat_zpg_t256x64k32g48s16m8_texture3d_texture2d_half,2048,1024,3072,0.2832,45.49
b580,3b,8da4w,cand,sarc_linear_dq8ca_coopmat_zpg_t256x64k32g48s16m8_texture3d_texture2d_half,2048,1024,3072,0.2794,46.117
b580,3b,8da4w,cand,sarc_linear_dq8ca_coopmat_zpg_t256x64k32g48s16m8_texture3d_texture2d_half,2048,3072,3072,0.7094,54.487
b580,3b,8da4w,cand,sarc_linear_dq8ca_coopmat_zpg_t256x64k32g48s16m8_texture3d_texture2d_half,2048,8192,3072,2.0148,51.161
b580,3b,8da4w,cand,sarc_linear_dq8ca_coopmat_zpg_t256x64k32g48s16m8_texture3d_texture2d_half,2048,8192,3072,1.99,51.798
b580,3b,8da4w,cand,sarc_linear_dq8ca_coopmat_zpg_t256x64k32g48s16m8_texture3d_texture2d_half,2048,3072,8192,1.988,51.852
b580,3b,8da4w,cand,sarc_linear_dq8ca_coopmat_zpg_t256x64k32g48s16m8_texture3d_texture2d_half,2048,3072,3072,0.7131,54.204
b580,3b,8da4w,cand,sarc_linear_dq8ca_coopmat_zpg_t256x64k32g48s16m8_texture3d_texture2d_half,2048,1024,3072,0.2819,45.7
b580,3b,8da4w,cand,sarc_linear_dq8ca_coopmat_zpg_t256x64k32g48s16m8_texture3d_texture2d_half,2048,1024,3072,0.2786,46.246
b580,3b,8da4w,cand,sarc_linear_dq8ca_coopmat_zpg_t256x64k32g48s16m8_texture3d_texture2d_half,2048,3072,3072,0.7068,54.691
b580,3b,8da4w,cand,sarc_linear_dq8ca_coopmat_zpg_t256x64k32g48s16m8_texture3d_texture2d_half,2048,8192,3072,2.0067,51.368
b580,3b,8da4w,cand,sarc_linear_dq8ca_coopmat_zpg_t256x64k32g48s16m8_texture3d_texture2d_half,2048,8192,3072,1.9952,51.664
b580,3b,8da4w,cand,sarc_linear_dq8ca_coopmat_zpg_t256x64k32g48s16m8_texture3d_texture2d_half,2048,3072,8192,2.0144,51.17
b580,3b,8da4w,cand,sarc_linear_dq8ca_coopmat_zpg_t256x64k32g48s16m8_texture3d_texture2d_half,2048,3072,3072,0.7119,54.296
b580,3b,8da4w,cand,sarc_linear_dq8ca_coopmat_zpg_t256x64k32g48s16m8_texture3d_texture2d_half,2048,1024,3072,0.2817,45.734
b580,3b,8da4w,cand,sarc_linear_dq8ca_coopmat_zpg_t256x64k32g48s16m8_texture3d_texture2d_half,2048,1024,3072,0.2815,45.776
b580,3b,8da4w,cand,sarc_linear_dq8ca_coopmat_zpg_t256x64k32g48s16m8_texture3d_texture2d_half,2048,3072,3072,0.7164,53.96
b580,3b,8da4w,cand,sarc_linear_dq8ca_coopmat_zpg_t256x64k32g48s16m8_texture3d_texture2d_half,2048,8192,3072,2.0002,51.535
b580,3b,8da4w,cand,sarc_linear_dq8ca_coopmat_zpg_t256x64k32g48s16m8_texture3d_texture2d_half,2048,8192,3072,2.0004,51.53
b580,3b,8da4w,cand,sarc_linear_dq8ca_coopmat_zpg_t256x64k32g48s16m8_texture3d_texture2d_half,2048,3072,8192,1.9642,52.479
b580,3b,8da4w,cand,sarc_linear_dq8ca_coopmat_zpg_t256x64k32g48s16m8_texture3d_texture2d_half,2048,3072,3072,0.7083,54.575
b580,3b,8da4w,cand,sarc_linear_dq8ca_coopmat_zpg_t256x64k32g48s16m8_texture3d_texture2d_half,2048,1024,3072,0.2863,45.011
b580,3b,8da4w,cand,sarc_linear_dq8ca_coopmat_zpg_t256x64k32g48s16m8_texture3d_texture2d_half,2048,1024,3072,0.2783,46.307
b580,3b,8da4w,cand,sarc_linear_dq8ca_coopmat_zpg_t256x64k32g48s16m8_texture3d_texture2d_half,2048,3072,3072,0.7103,54.423
b580,3b,8da4w,cand,sarc_linear_dq8ca_coopmat_zpg_t256x64k32g48s16m8_texture3d_texture2d_half,2048,8192,3072,2.0046,51.421
b580,3b,8da4w,cand,sarc_linear_dq8ca_coopmat_zpg_t256x64k32g48s16m8_texture3d_texture2d_half,2048,8192,3072,1.9983,51.585
b580,3b,8da4w,cand,sarc_linear_dq8ca_coopmat_zpg_t256x64k32g48s16m8_texture3d_texture2d_half,2048,3072,8192,1.9834,51.971
b580,3b,8da4w,cand,sarc_linear_dq8ca_coopmat_zpg_t256x64k32g48s16m8_texture3d_texture2d_half,2048,3072,3072,0.7194,53.73
b580,3b,8da4w,cand,sarc_linear_dq8ca_coopmat_zpg_t256x64k32g48s16m8_texture3d_texture2d_half,2048,1024,3072,0.2819,45.7
b580,3b,8da4w,cand,sarc_linear_dq8ca_coopmat_zpg_t256x64k32g48s16m8_texture3d_texture2d_half,2048,1024,3072,0.2827,45.574
b580,3b,8da4w,cand,sarc_linear_dq8ca_coopmat_zpg_t256x64k32g48s16m8_texture3d_texture2d_half,2048,3072,3072,0.7097,54.463
b580,3b,8da4w,cand,sarc_linear_dq8ca_coopmat_zpg_t256x64k32g48s16m8_texture3d_texture2d_half,2048,8192,3072,2.0141,51.178
b580,3b,8da4w,cand,sarc_linear_dq8ca_coopmat_zpg_t256x64k32g48s16m8_texture3d_texture2d_half,2048,8192,3072,1.9921,51.743
b580,3b,8da4w,cand,sarc_linear_dq8ca_coopmat_zpg_t256x64k32g48s16m8_texture3d_texture2d_half,2048,3072,8192,1.9852,51.925
b580,3b,8da4w,cand,sarc_linear_dq8ca_coopmat_zpg_t256x64k32g48s16m8_texture3d_texture2d_half,2048,3072,3072,0.7187,53.785
b580,3b,8da4w,cand,sarc_linear_dq8ca_coopmat_zpg_t256x64k32g48s16m8_texture3d_texture2d_half,2048,1024,3072,0.2837,45.415
b580,3b,8da4w,cand,sarc_linear_dq8ca_coopmat_zpg_t256x64k32g48s16m8_texture3d_texture2d_half,2048,1024,3072,0.2807,45.903
b580,3b,8da4w,cand,sarc_linear_dq8ca_coopmat_zpg_t256x64k32g48s16m8_texture3d_texture2d_half,2048,3072,3072,0.705,54.832
b580,3b,8da4w,cand,sarc_linear_dq8ca_coopmat_zpg_t256x64k32g48s16m8_texture3d_texture2d_half,2048,8192,3072,2.0054,51.4
b580,3b,8da4w,cand,sarc_linear_dq8ca_coopmat_zpg_t256x64k32g48s16m8_texture3d_texture2d_half,2048,8192,3072,2.0184,51.069
b580,3b,8da4w,cand,sarc_linear_dq8ca_coopmat_zpg_t256x64k32g48s16m8_texture3d_texture2d_half,2048,3072,8192,2.0079,51.336
b580,3b,8da4w,cand,sarc_linear_dq8ca_coopmat_zpg_t256x64k32g48s16m8_texture3d_texture2d_half,2048,3072,3072,0.7126,54.244
b580,3b,8da4w,cand,sarc_linear_dq8ca_coopmat_zpg_t256x64k32g48s16m8_texture3d_texture2d_half,2048,1024,3072,0.2793,46.134
b580,3b,8da4w,cand,sarc_linear_dq8ca_coopmat_zpg_t256x64k32g48s16m8_texture3d_texture2d_half,2048,1024,3072,0.2797,46.066
b580,3b,8da4w,cand,sarc_linear_dq8ca_coopmat_zpg_t256x64k32g48s16m8_texture3d_texture2d_half,2048,3072,3072,0.722,53.537
b580,3b,8da4w,cand,sarc_linear_dq8ca_coopmat_zpg_t256x64k32g48s16m8_texture3d_texture2d_half,2048,8192,3072,2.0189,51.057
b580,3b,8da4w,cand,sarc_linear_dq8ca_coopmat_zpg_t256x64k32g48s16m8_texture3d_texture2d_half,2048,8192,3072,2.0108,51.262
b580,3b,8da4w,cand,sarc_linear_dq8ca_coopmat_zpg_t256x64k32g48s16m8_texture3d_texture2d_half,2048,3072,8192,1.9888,51.829
b580,3b,8da4w,cand,sarc_linear_dq8ca_coopmat_zpg_t256x64k32g48s16m8_texture3d_texture2d_half,2048,3072,3072,0.7074,54.643
b580,3b,8da4w,cand,sarc_linear_dq8ca_coopmat_zpg_t256x64k32g48s16m8_texture3d_texture2d_half,2048,1024,3072,0.2831,45.516
b580,3b,8da4w,cand,sarc_linear_dq8ca_coopmat_zpg_t256x64k32g48s16m8_texture3d_texture2d_half,2048,1024,3072,0.2833,45.474
b580,3b,8da4w,cand,sarc_linear_dq8ca_coopmat_zpg_t256x64k32g48s16m8_texture3d_texture2d_half,2048,3072,3072,0.7134,54.181
b580,3b,8da4w,cand,sarc_linear_dq8ca_coopmat_zpg_t256x64k32g48s16m8_texture3d_texture2d_half,2048,8192,3072,2.0068,51.364
b580,3b,8da4w,cand,sarc_linear_dq8ca_coopmat_zpg_t256x64k32g48s16m8_texture3d_texture2d_half,2048,8192,3072,1.9998,51.544
b580,3b,8da4w,cand,sarc_linear_dq8ca_coopmat_zpg_t256x64k32g48s16m8_texture3d_texture2d_half,2048,3072,8192,1.979,52.086
b580,3b,8da4w,cand,sarc_linear_dq8ca_coopmat_zpg_t256x64k32g48s16m8_texture3d_texture2d_half,2048,3072,3072,0.7239,53.398
b580,3b,8da4w,cand,sarc_linear_dq8ca_coopmat_zpg_t256x64k32g48s16m8_texture3d_texture2d_half,2048,1024,3072,0.2842,45.341
b580,3b,8da4w,cand,sarc_linear_dq8ca_coopmat_zpg_t256x64k32g48s16m8_texture3d_texture2d_half,2048,1024,3072,0.2802,45.98
b580,3b,8da4w,cand,sarc_linear_dq8ca_coopmat_zpg_t256x64k32g48s16m8_texture3d_texture2d_half,2048,3072,3072,0.7147,54.086
b580,3b,8da4w,cand,sarc_linear_dq8ca_coopmat_zpg_t256x64k32g48s16m8_texture3d_texture2d_half,2048,8192,3072,1.9993,51.558
b580,3b,8da4w,cand,sarc_linear_dq8ca_coopmat_zpg_t256x64k32g48s16m8_texture3d_texture2d_half,2048,8192,3072,2.0318,50.733
b580,3b,8da4w,cand,sarc_linear_dq8ca_coopmat_zpg_t256x64k32g48s16m8_texture3d_texture2d_half,2048,3072,8192,1.9883,51.842
b580,3b,8da4w,cand,sarc_linear_dq8ca_coopmat_zpg_t256x64k32g48s16m8_texture3d_texture2d_half,2048,3072,3072,0.7182,53.824
b580,3b,8da4w,cand,sarc_linear_dq8ca_coopmat_zpg_t256x64k32g48s16m8_texture3d_texture2d_half,2048,1024,3072,0.2848,45.241
b580,3b,8da4w,cand,sarc_linear_dq8ca_coopmat_zpg_t256x64k32g48s16m8_texture3d_texture2d_half,2048,1024,3072,0.2794,46.117
b580,3b,8da4w,cand,sarc_linear_dq8ca_coopmat_zpg_t256x64k32g48s16m8_texture3d_texture2d_half,2048,3072,3072,0.7114,54.335
b580,3b,8da4w,cand,sarc_linear_dq8ca_coopmat_zpg_t256x64k32g48s16m8_texture3d_texture2d_half,2048,8192,3072,1.998,51.591
b580,3b,8da4w,cand,sarc_linear_dq8ca_coopmat_zpg_t256x64k32g48s16m8_texture3d_texture2d_half,2048,8192,3072,1.9984,51.582
b580,3b,8da4w,cand,sarc_linear_dq8ca_coopmat_zpg_t256x64k32g48s16m8_texture3d_texture2d_half,2048,3072,8192,2.0165,51.118
b580,3b,8da4w,cand,sarc_linear_dq8ca_coopmat_zpg_t256x64k32g48s16m8_texture3d_texture2d_half,2048,3072,3072,0.7161,53.976
b580,3b,8da4w,cand,sarc_linear_dq8ca_coopmat_zpg_t256x64k32g48s16m8_texture3d_texture2d_half,2048,1024,3072,0.283,45.524
b580,3b,8da4w,cand,sarc_linear_dq8ca_coopmat_zpg_t256x64k32g48s16m8_texture3d_texture2d_half,2048,1024,3072,0.28,46.014
b580,3b,8da4w,cand,sarc_linear_dq8ca_coopmat_zpg_t256x64k32g48s16m8_texture3d_texture2d_half,2048,3072,3072,0.7092,54.507
b580,3b,8da4w,cand,sarc_linear_dq8ca_coopmat_zpg_t256x64k32g48s16m8_texture3d_texture2d_half,2048,8192,3072,1.9972,51.613
b580,3b,8da4w,cand,sarc_linear_dq8ca_coopmat_zpg_t256x64k32g48s16m8_texture3d_texture2d_half,2048,8192,3072,2.0123,51.223
b580,3b,8da4w,cand,sarc_linear_dq8ca_coopmat_zpg_t256x64k32g48s16m8_texture3d_texture2d_half,2048,3072,8192,1.9859,51.905
b580,3b,8da4w,cand,sarc_linear_dq8ca_coopmat_zpg_t256x64k32g48s16m8_texture3d_texture2d_half,2048,3072,3072,0.7125,54.256
b580,3b,8da4w,cand,sarc_linear_dq8ca_coopmat_zpg_t256x64k32g48s16m8_texture3d_texture2d_half,2048,1024,3072,0.2797,46.074
b580,3b,8da4w,cand,sarc_linear_dq8ca_coopmat_zpg_t256x64k32g48s16m8_texture3d_texture2d_half,2048,1024,3072,0.2774,46.454
b580,3b,8da4w,cand,sarc_linear_dq8ca_coopmat_zpg_t256x64k32g48s16m8_texture3d_texture2d_half,2048,3072,3072,0.7155,54.027
b580,3b,8da4w,cand,sarc_linear_dq8ca_coopmat_zpg_t256x64k32g48s16m8_texture3d_texture2d_half,2048,8192,3072,2.0153,51.148
b580,3b,8da4w,cand,sarc_linear_dq8ca_coopmat_zpg_t256x64k32g48s16m8_texture3d_texture2d_half,2048,8192,3072,2.0321,50.727
b580,3b,8da4w,cand,sarc_linear_dq8ca_coopmat_zpg_t256x64k32g48s16m8_texture3d_texture2d_half,2048,3072,8192,2.0089,51.311
b580,3b,8da4w,cand,sarc_linear_dq8ca_coopmat_zpg_t256x64k32g48s16m8_texture3d_texture2d_half,2048,3072,3072,0.7206,53.641
b580,3b,8da4w,cand,sarc_linear_dq8ca_coopmat_zpg_t256x64k32g48s16m8_texture3d_texture2d_half,2048,1024,3072,0.2856,45.11
b580,3b,8da4w,cand,sarc_linear_dq8ca_coopmat_zpg_t256x64k32g48s16m8_texture3d_texture2d_half,2048,1024,3072,0.28,46.014
b580,3b,8da4w,cand,sarc_linear_dq8ca_coopmat_zpg_t256x64k32g48s16m8_texture3d_texture2d_half,2048,3072,3072,0.7019,55.068
b580,3b,8da4w,cand,sarc_linear_dq8ca_coopmat_zpg_t256x64k32g48s16m8_texture3d_texture2d_half,2048,8192,3072,2.0071,51.356
b580,3b,8da4w,cand,sarc_linear_dq8ca_coopmat_zpg_t256x64k32g48s16m8_texture3d_texture2d_half,2048,8192,3072,2.0255,50.891
b580,3b,8da4w,cand,sarc_linear_dq8ca_coopmat_zpg_t256x64k32g48s16m8_texture3d_texture2d_half,2048,3072,8192,1.9961,51.64
b580,3b,8da4w,cand,sarc_linear_dq8ca_coopmat_zpg_t256x64k32g48s16m8_texture3d_texture2d_half,2048,3072,3072,0.7181,53.828
b580,3b,8da4w,cand,sarc_linear_dq8ca_coopmat_zpg_t256x64k32g48s16m8_texture3d_texture2d_half,2048,1024,3072,0.2807,45.895
b580,3b,8da4w,cand,sarc_linear_dq8ca_coopmat_zpg_t256x64k32g48s16m8_texture3d_texture2d_half,2048,1024,3072,0.2754,46.779
b580,3b,8da4w,cand,sarc_linear_dq8ca_coopmat_zpg_t256x64k32g48s16m8_texture3d_texture2d_half,2048,3072,3072,0.7136,54.165
b580,3b,8da4w,cand,sarc_linear_dq8ca_coopmat_zpg_t256x64k32g48s16m8_texture3d_texture2d_half,2048,8192,3072,2.0024,51.477
b580,3b,8da4w,cand,sarc_linear_dq8ca_coopmat_zpg_t256x64k32g48s16m8_texture3d_texture2d_half,2048,8192,3072,2.0076,51.344
b580,3b,8da4w,cand,sarc_linear_dq8ca_coopmat_zpg_t256x64k32g48s16m8_texture3d_texture2d_half,2048,3072,8192,1.9897,51.806
b580,3b,8da4w,cand,sarc_linear_dq8ca_coopmat_zpg_t256x64k32g48s16m8_texture3d_texture2d_half,2048,3072,3072,0.7121,54.28
b580,3b,8da4w,cand,sarc_linear_dq8ca_coopmat_zpg_t256x64k32g48s16m8_texture3d_texture2d_half,2048,1024,3072,0.2842,45.341
b580,3b,8da4w,cand,sarc_linear_dq8ca_coopmat_zpg_t256x64k32g48s16m8_texture3d_texture2d_half,2048,1024,3072,0.2786,46.246
b580,3b,8da4w,cand,sarc_linear_dq8ca_coopmat_zpg_t256x64k32g48s16m8_texture3d_texture2d_half,2048,3072,3072,0.7168,53.925
b580,3b,8da4w,cand,sarc_linear_dq8ca_coopmat_zpg_t256x64k32g48s16m8_texture3d_texture2d_half,2048,8192,3072,2.0102,51.279
b580,3b,8da4w,cand,sarc_linear_dq8ca_coopmat_zpg_t256x64k32g48s16m8_texture3d_texture2d_half,2048,8192,3072,2.0004,51.528
b580,3b,8da4w,cand,sarc_linear_dq8ca_coopmat_zpg_t256x64k32g48s16m8_texture3d_texture2d_half,2048,3072,8192,1.9998,51.544
b580,3b,8da4w,parent,sarc_linear_dq8ca_coopmat_zpg_t256x64k32g48s16m8_texture3d_texture2d_half,2048,3072,3072,0.7263,53.223
b580,3b,8da4w,parent,sarc_linear_dq8ca_coopmat_zpg_t256x64k32g48s16m8_texture3d_texture2d_half,2048,1024,3072,0.2819,45.7
b580,3b,8da4w,parent,sarc_linear_dq8ca_coopmat_zpg_t256x64k32g48s16m8_texture3d_texture2d_half,2048,1024,3072,0.2777,46.393
b580,3b,8da4w,parent,sarc_linear_dq8ca_coopmat_zpg_t256x64k32g48s16m8_texture3d_texture2d_half,2048,3072,3072,0.7099,54.455
b580,3b,8da4w,parent,sarc_linear_dq8ca_coopmat_zpg_t256x64k32g48s16m8_texture3d_texture2d_half,2048,8192,3072,2.0251,50.9
b580,3b,8da4w,parent,sarc_linear_dq8ca_coopmat_zpg_t256x64k32g48s16m8_texture3d_texture2d_half,2048,8192,3072,2.0003,51.532
b580,3b,8da4w,parent,sarc_linear_dq8ca_coopmat_zpg_t256x64k32g48s16m8_texture3d_texture2d_half,2048,3072,8192,2.0014,51.504
b580,3b,8da4w,parent,sarc_linear_dq8ca_coopmat_zpg_t256x64k32g48s16m8_texture3d_texture2d_half,2048,3072,3072,0.7122,54.276
b580,3b,8da4w,parent,sarc_linear_dq8ca_coopmat_zpg_t256x64k32g48s16m8_texture3d_texture2d_half,2048,1024,3072,0.2836,45.44
b580,3b,8da4w,parent,sarc_linear_dq8ca_coopmat_zpg_t256x64k32g48s16m8_texture3d_texture2d_half,2048,1024,3072,0.2785,46.272
b580,3b,8da4w,parent,sarc_linear_dq8ca_coopmat_zpg_t256x64k32g48s16m8_texture3d_texture2d_half,2048,3072,3072,0.7082,54.579
b580,3b,8da4w,parent,sarc_linear_dq8ca_coopmat_zpg_t256x64k32g48s16m8_texture3d_texture2d_half,2048,8192,3072,2.0144,51.17
b580,3b,8da4w,parent,sarc_linear_dq8ca_coopmat_zpg_t256x64k32g48s16m8_texture3d_texture2d_half,2048,8192,3072,2.0031,51.46
b580,3b,8da4w,parent,sarc_linear_dq8ca_coopmat_zpg_t256x64k32g48s16m8_texture3d_texture2d_half,2048,3072,8192,1.9982,51.586
b580,3b,8da4w,parent,sarc_linear_dq8ca_coopmat_zpg_t256x64k32g48s16m8_texture3d_texture2d_half,2048,3072,3072,0.709,54.522
b580,3b,8da4w,parent,sarc_linear_dq8ca_coopmat_zpg_t256x64k32g48s16m8_texture3d_texture2d_half,2048,1024,3072,0.2791,46.169
b580,3b,8da4w,parent,sarc_linear_dq8ca_coopmat_zpg_t256x64k32g48s16m8_texture3d_texture2d_half,2048,1024,3072,0.2744,46.956
b580,3b,8da4w,parent,sarc_linear_dq8ca_coopmat_zpg_t256x64k32g48s16m8_texture3d_texture2d_half,2048,3072,3072,0.7106,54.399
b580,3b,8da4w,parent,sarc_linear_dq8ca_coopmat_zpg_t256x64k32g48s16m8_texture3d_texture2d_half,2048,8192,3072,2.0137,51.189
b580,3b,8da4w,parent,sarc_linear_dq8ca_coopmat_zpg_t256x64k32g48s16m8_texture3d_texture2d_half,2048,8192,3072,2.026,50.879
b580,3b,8da4w,parent,sarc_linear_dq8ca_coopmat_zpg_t256x64k32g48s16m8_texture3d_texture2d_half,2048,3072,8192,1.9795,52.074
b580,3b,8da4w,parent,sarc_linear_dq8ca_coopmat_zpg_t256x64k32g48s16m8_texture3d_texture2d_half,2048,3072,3072,0.721,53.61
b580,3b,8da4w,parent,sarc_linear_dq8ca_coopmat_zpg_t256x64k32g48s16m8_texture3d_texture2d_half,2048,1024,3072,0.2806,45.92
b580,3b,8da4w,parent,sarc_linear_dq8ca_coopmat_zpg_t256x64k32g48s16m8_texture3d_texture2d_half,2048,1024,3072,0.2823,45.65
b580,3b,8da4w,parent,sarc_linear_dq8ca_coopmat_zpg_t256x64k32g48s16m8_texture3d_texture2d_half,2048,3072,3072,0.703,54.986
b580,3b,8da4w,parent,sarc_linear_dq8ca_coopmat_zpg_t256x64k32g48s16m8_texture3d_texture2d_half,2048,8192,3072,1.9996,51.55
b580,3b,8da4w,parent,sarc_linear_dq8ca_coopmat_zpg_t256x64k32g48s16m8_texture3d_texture2d_half,2048,8192,3072,2.0168,51.111
b580,3b,8da4w,parent,sarc_linear_dq8ca_coopmat_zpg_t256x64k32g48s16m8_texture3d_texture2d_half,2048,3072,8192,1.982,52.007
b580,3b,8da4w,parent,sarc_linear_dq8ca_coopmat_zpg_t256x64k32g48s16m8_texture3d_texture2d_half,2048,3072,3072,0.7125,54.252
b580,3b,8da4w,parent,sarc_linear_dq8ca_coopmat_zpg_t256x64k32g48s16m8_texture3d_texture2d_half,2048,1024,3072,0.2814,45.785
b580,3b,8da4w,parent,sarc_linear_dq8ca_coopmat_zpg_t256x64k32g48s16m8_texture3d_texture2d_half,2048,1024,3072,0.279,46.186
b580,3b,8da4w,parent,sarc_linear_dq8ca_coopmat_zpg_t256x64k32g48s16m8_texture3d_texture2d_half,2048,3072,3072,0.7161,53.976
b580,3b,8da4w,parent,sarc_linear_dq8ca_coopmat_zpg_t256x64k32g48s16m8_texture3d_texture2d_half,2048,8192,3072,1.9998,51.546
b580,3b,8da4w,parent,sarc_linear_dq8ca_coopmat_zpg_t256x64k32g48s16m8_texture3d_texture2d_half,2048,8192,3072,1.9956,51.654
b580,3b,8da4w,parent,sarc_linear_dq8ca_coopmat_zpg_t256x64k32g48s16m8_texture3d_texture2d_half,2048,3072,8192,1.9837,51.963
b580,3b,8da4w,parent,sarc_linear_dq8ca_coopmat_zpg_t256x64k32g48s16m8_texture3d_texture2d_half,2048,3072,3072,0.7085,54.559
b580,3b,8da4w,parent,sarc_linear_dq8ca_coopmat_zpg_t256x64k32g48s16m8_texture3d_texture2d_half,2048,1024,3072,0.2802,45.989
b580,3b,8da4w,parent,sarc_linear_dq8ca_coopmat_zpg_t256x64k32g48s16m8_texture3d_texture2d_half,2048,1024,3072,0.2787,46.237
b580,3b,8da4w,parent,sarc_linear_dq8ca_coopmat_zpg_t256x64k32g48s16m8_texture3d_texture2d_half,2048,3072,3072,0.7107,54.387
b580,3b,8da4w,parent,sarc_linear_dq8ca_coopmat_zpg_t256x64k32g48s16m8_texture3d_texture2d_half,2048,8192,3072,1.9988,51.571
b580,3b,8da4w,parent,sarc_linear_dq8ca_coopmat_zpg_t256x64k32g48s16m8_texture3d_texture2d_half,2048,8192,3072,2.0116,51.242
b580,3b,8da4w,parent,sarc_linear_dq8ca_coopmat_zpg_t256x64k32g48s16m8_texture3d_texture2d_half,2048,3072,8192,2.0403,50.521
b580,3b,8da4w,parent,sarc_linear_dq8ca_coopmat_zpg_t256x64k32g48s16m8_texture3d_texture2d_half,2048,3072,3072,0.7093,54.495
b580,3b,8da4w,parent,sarc_linear_dq8ca_coopmat_zpg_t256x64k32g48s16m8_texture3d_texture2d_half,2048,1024,3072,0.2832,45.49
b580,3b,8da4w,parent,sarc_linear_dq8ca_coopmat_zpg_t256x64k32g48s16m8_texture3d_texture2d_half,2048,1024,3072,0.281,45.861
b580,3b,8da4w,parent,sarc_linear_dq8ca_coopmat_zpg_t256x64k32g48s16m8_texture3d_texture2d_half,2048,3072,3072,0.7126,54.244
b580,3b,8da4w,parent,sarc_linear_dq8ca_coopmat_zpg_t256x64k32g48s16m8_texture3d_texture2d_half,2048,8192,3072,2.0117,51.241
b580,3b,8da4w,parent,sarc_linear_dq8ca_coopmat_zpg_t256x64k32g48s16m8_texture3d_texture2d_half,2048,8192,3072,1.9914,51.761
b580,3b,8da4w,parent,sarc_linear_dq8ca_coopmat_zpg_t256x64k32g48s16m8_texture3d_texture2d_half,2048,3072,8192,1.9949,51.671
b580,3b,8da4w,parent,sarc_linear_dq8ca_coopmat_zpg_t256x64k32g48s16m8_texture3d_texture2d_half,2048,3072,3072,0.7083,54.575
b580,3b,8da4w,parent,sarc_linear_dq8ca_coopmat_zpg_t256x64k32g48s16m8_texture3d_texture2d_half,2048,1024,3072,0.2812,45.819
b580,3b,8da4w,parent,sarc_linear_dq8ca_coopmat_zpg_t256x64k32g48s16m8_texture3d_texture2d_half,2048,1024,3072,0.2806,45.912
b580,3b,8da4w,parent,sarc_linear_dq8ca_coopmat_zpg_t256x64k32g48s16m8_texture3d_texture2d_half,2048,3072,3072,0.7065,54.715
b580,3b,8da4w,parent,sarc_linear_dq8ca_coopmat_zpg_t256x64k32g48s16m8_texture3d_texture2d_half,2048,8192,3072,2.0164,51.122
b580,3b,8da4w,parent,sarc_linear_dq8ca_coopmat_zpg_t256x64k32g48s16m8_texture3d_texture2d_half,2048,8192,3072,2.0006,51.523
b580,3b,8da4w,parent,sarc_linear_dq8ca_coopmat_zpg_t256x64k32g48s16m8_texture3d_texture2d_half,2048,3072,8192,2.0127,51.214
b580,3b,8da4w,parent,sarc_linear_dq8ca_coopmat_zpg_t256x64k32g48s16m8_texture3d_texture2d_half,2048,3072,3072,0.7164,53.957
b580,3b,8da4w,parent,sarc_linear_dq8ca_coopmat_zpg_t256x64k32g48s16m8_texture3d_texture2d_half,2048,1024,3072,0.2813,45.802
b580,3b,8da4w,parent,sarc_linear_dq8ca_coopmat_zpg_t256x64k32g48s16m8_texture3d_texture2d_half,2048,1024,3072,0.2793,46.126
b580,3b,8da4w,parent,sarc_linear_dq8ca_coopmat_zpg_t256x64k32g48s16m8_texture3d_texture2d_half,2048,3072,3072,0.7029,54.99
b580,3b,8da4w,parent,sarc_linear_dq8ca_coopmat_zpg_t256x64k32g48s16m8_texture3d_texture2d_half,2048,8192,3072,2.0106,51.267
b580,3b,8da4w,parent,sarc_linear_dq8ca_coopmat_zpg_t256x64k32g48s16m8_texture3d_texture2d_half,2048,8192,3072,2.0094,51.298
b580,3b,8da4w,parent,sarc_linear_dq8ca_coopmat_zpg_t256x64k32g48s16m8_texture3d_texture2d_half,2048,3072,8192,1.9971,51.614
b580,3b,8da4w,parent,sarc_linear_dq8ca_coopmat_zpg_t256x64k32g48s16m8_texture3d_texture2d_half,2048,3072,3072,0.7187,53.785
b580,3b,8da4w,parent,sarc_linear_dq8ca_coopmat_zpg_t256x64k32g48s16m8_texture3d_texture2d_half,2048,1024,3072,0.2794,46.108
b580,3b,8da4w,parent,sarc_linear_dq8ca_coopmat_zpg_t256x64k32g48s16m8_texture3d_texture2d_half,2048,1024,3072,0.28,46.014
b580,3b,8da4w,parent,sarc_linear_dq8ca_coopmat_zpg_t256x64k32g48s16m8_texture3d_texture2d_half,2048,3072,3072,0.7155,54.023
b580,3b,8da4w,parent,sarc_linear_dq8ca_coopmat_zpg_t256x64k32g48s16m8_texture3d_texture2d_half,2048,8192,3072,1.9999,51.543
b580,3b,8da4w,parent,sarc_linear_dq8ca_coopmat_zpg_t256x64k32g48s16m8_texture3d_texture2d_half,2048,8192,3072,2.0092,51.303
b580,3b,8da4w,parent,sarc_linear_dq8ca_coopmat_zpg_t256x64k32g48s16m8_texture3d_texture2d_half,2048,3072,8192,1.9932,51.715
b580,3b,8da4w,parent,sarc_linear_dq8ca_coopmat_zpg_t256x64k32g48s16m8_texture3d_texture2d_half,2048,3072,3072,0.7116,54.323
b580,3b,8da4w,parent,sarc_linear_dq8ca_coopmat_zpg_t256x64k32g48s16m8_texture3d_texture2d_half,2048,1024,3072,0.2825,45.616
b580,3b,8da4w,parent,sarc_linear_dq8ca_coopmat_zpg_t256x64k32g48s16m8_texture3d_texture2d_half,2048,1024,3072,0.2783,46.307
b580,3b,8da4w,parent,sarc_linear_dq8ca_coopmat_zpg_t256x64k32g48s16m8_texture3d_texture2d_half,2048,3072,3072,0.7164,53.96
b580,3b,8da4w,parent,sarc_linear_dq8ca_coopmat_zpg_t256x64k32g48s16m8_texture3d_texture2d_half,2048,8192,3072,2.0082,51.328
b580,3b,8da4w,parent,sarc_linear_dq8ca_coopmat_zpg_t256x64k32g48s16m8_texture3d_texture2d_half,2048,8192,3072,1.9986,51.577
b580,3b,8da4w,parent,sarc_linear_dq8ca_coopmat_zpg_t256x64k32g48s16m8_texture3d_texture2d_half,2048,3072,8192,1.9859,51.905
b580,3b,8da4w,parent,sarc_linear_dq8ca_coopmat_zpg_t256x64k32g48s16m8_texture3d_texture2d_half,2048,3072,3072,0.7123,54.268
b580,3b,8da4w,parent,sarc_linear_dq8ca_coopmat_zpg_t256x64k32g48s16m8_texture3d_texture2d_half,2048,1024,3072,0.2816,45.751
b580,3b,8da4w,parent,sarc_linear_dq8ca_coopmat_zpg_t256x64k32g48s16m8_texture3d_texture2d_half,2048,1024,3072,0.2815,45.776
b580,3b,8da4w,parent,sarc_linear_dq8ca_coopmat_zpg_t256x64k32g48s16m8_texture3d_texture2d_half,2048,3072,3072,0.7082,54.579
b580,3b,8da4w,parent,sarc_linear_dq8ca_coopmat_zpg_t256x64k32g48s16m8_texture3d_texture2d_half,2048,8192,3072,2.0311,50.75
b580,3b,8da4w,parent,sarc_linear_dq8ca_coopmat_zpg_t256x64k32g48s16m8_texture3d_texture2d_half,2048,8192,3072,1.9995,51.552
b580,3b,8da4w,parent,sarc_linear_dq8ca_coopmat_zpg_t256x64k32g48s16m8_texture3d_texture2d_half,2048,3072,8192,2.0091,51.307
b580,3b,8da4w,parent,sarc_linear_dq8ca_coopmat_zpg_t256x64k32g48s16m8_texture3d_texture2d_half,2048,3072,3072,0.7199,53.695
b580,3b,8da4w,parent,sarc_linear_dq8ca_coopmat_zpg_t256x64k32g48s16m8_texture3d_texture2d_half,2048,1024,3072,0.2813,45.802
b580,3b,8da4w,parent,sarc_linear_dq8ca_coopmat_zpg_t256x64k32g48s16m8_texture3d_texture2d_half,2048,1024,3072,0.2801,45.997
b580,3b,8da4w,parent,sarc_linear_dq8ca_coopmat_zpg_t256x64k32g48s16m8_texture3d_texture2d_half,2048,3072,3072,0.7089,54.53
b580,3b,8da4w,parent,sarc_linear_dq8ca_coopmat_zpg_t256x64k32g48s16m8_texture3d_texture2d_half,2048,8192,3072,1.9943,51.687
b580,3b,8da4w,parent,sarc_linear_dq8ca_coopmat_zpg_t256x64k32g48s16m8_texture3d_texture2d_half,2048,8192,3072,2.0038,51.443
b580,3b,8da4w,parent,sarc_linear_dq8ca_coopmat_zpg_t256x64k32g48s16m8_texture3d_texture2d_half,2048,3072,8192,1.9953,51.66
b580,3b,8da4w,parent,sarc_linear_dq8ca_coopmat_zpg_t256x64k32g48s16m8_texture3d_texture2d_half,2048,3072,3072,0.7136,54.165
b580,3b,8da4w,parent,sarc_linear_dq8ca_coopmat_zpg_t256x64k32g48s16m8_texture3d_texture2d_half,2048,1024,3072,0.2818,45.717
b580,3b,8da4w,parent,sarc_linear_dq8ca_coopmat_zpg_t256x64k32g48s16m8_texture3d_texture2d_half,2048,1024,3072,0.2748,46.885
b580,3b,8da4w,parent,sarc_linear_dq8ca_coopmat_zpg_t256x64k32g48s16m8_texture3d_texture2d_half,2048,3072,3072,0.7078,54.611
b580,3b,8da4w,parent,sarc_linear_dq8ca_coopmat_zpg_t256x64k32g48s16m8_texture3d_texture2d_half,2048,8192,3072,2.0066,51.369
b580,3b,8da4w,parent,sarc_linear_dq8ca_coopmat_zpg_t256x64k32g48s16m8_texture3d_texture2d_half,2048,8192,3072,2.0239,50.93
b580,3b,8da4w,parent,sarc_linear_dq8ca_coopmat_zpg_t256x64k32g48s16m8_texture3d_texture2d_half,2048,3072,8192,1.9707,52.306
b580,3b,8da4w,parent,sarc_linear_dq8ca_coopmat_zpg_t256x64k32g48s16m8_texture3d_texture2d_half,2048,3072,3072,0.7122,54.272
b580,3b,8da4w,parent,sarc_linear_dq8ca_coopmat_zpg_t256x64k32g48s16m8_texture3d_texture2d_half,2048,1024,3072,0.2825,45.616
b580,3b,8da4w,parent,sarc_linear_dq8ca_coopmat_zpg_t256x64k32g48s16m8_texture3d_texture2d_half,2048,1024,3072,0.2779,46.367
b580,3b,8da4w,parent,sarc_linear_dq8ca_coopmat_zpg_t256x64k32g48s16m8_texture3d_texture2d_half,2048,3072,3072,0.7089,54.526
b580,3b,8da4w,parent,sarc_linear_dq8ca_coopmat_zpg_t256x64k32g48s16m8_texture3d_texture2d_half,2048,8192,3072,2.0123,51.223
b580,3b,8da4w,parent,sarc_linear_dq8ca_coopmat_zpg_t256x64k32g48s16m8_texture3d_texture2d_half,2048,8192,3072,2.0058,51.389
b580,3b,8da4w,parent,sarc_linear_dq8ca_coopmat_zpg_t256x64k32g48s16m8_texture3d_texture2d_half,2048,3072,8192,2.0106,51.267
b580,3b,8da4w,parent,sarc_linear_dq8ca_coopmat_zpg_t256x64k32g48s16m8_texture3d_texture2d_half,2048,3072,3072,0.7092,54.507
b580,3b,8da4w,parent,sarc_linear_dq8ca_coopmat_zpg_t256x64k32g48s16m8_texture3d_texture2d_half,2048,1024,3072,0.2812,45.819
b580,3b,8da4w,parent,sarc_linear_dq8ca_coopmat_zpg_t256x64k32g48s16m8_texture3d_texture2d_half,2048,1024,3072,0.2775,46.428
b580,3b,8da4w,parent,sarc_linear_dq8ca_coopmat_zpg_t256x64k32g48s16m8_texture3d_texture2d_half,2048,3072,3072,0.7127,54.236
b580,3b,8da4w,parent,sarc_linear_dq8ca_coopmat_zpg_t256x64k32g48s16m8_texture3d_texture2d_half,2048,8192,3072,1.9984,51.581
b580,3b,8da4w,parent,sarc_linear_dq8ca_coopmat_zpg_t256x64k32g48s16m8_texture3d_texture2d_half,2048,8192,3072,2.0256,50.888
b580,3b,8da4w,parent,sarc_linear_dq8ca_coopmat_zpg_t256x64k32g48s16m8_texture3d_texture2d_half,2048,3072,8192,1.9883,51.844
b580,3b,8da4w,parent,sarc_linear_dq8ca_coopmat_zpg_t256x64k32g48s16m8_texture3d_texture2d_half,2048,3072,3072,0.7133,54.189
b580,3b,8da4w,parent,sarc_linear_dq8ca_coopmat_zpg_t256x64k32g48s16m8_texture3d_texture2d_half,2048,1024,3072,0.2817,45.742
b580,3b,8da4w,parent,sarc_linear_dq8ca_coopmat_zpg_t256x64k32g48s16m8_texture3d_texture2d_half,2048,1024,3072,0.2771,46.506
b580,3b,8da4w,parent,sarc_linear_dq8ca_coopmat_zpg_t256x64k32g48s16m8_texture3d_texture2d_half,2048,3072,3072,0.7127,54.24
b580,3b,8da4w,parent,sarc_linear_dq8ca_coopmat_zpg_t256x64k32g48s16m8_texture3d_texture2d_half,2048,8192,3072,2.0097,51.29
b580,3b,8da4w,parent,sarc_linear_dq8ca_coopmat_zpg_t256x64k32g48s16m8_texture3d_texture2d_half,2048,8192,3072,1.9918,51.753
b580,3b,8da4w,parent,sarc_linear_dq8ca_coopmat_zpg_t256x64k32g48s16m8_texture3d_texture2d_half,2048,3072,8192,1.9875,51.863
b580,3b,8da4w,parent,sarc_linear_dq8ca_coopmat_zpg_t256x64k32g48s16m8_texture3d_texture2d_half,2048,3072,3072,0.7176,53.867
b580,3b,8da4w,parent,sarc_linear_dq8ca_coopmat_zpg_t256x64k32g48s16m8_texture3d_texture2d_half,2048,1024,3072,0.2827,45.583
b580,3b,8da4w,parent,sarc_linear_dq8ca_coopmat_zpg_t256x64k32g48s16m8_texture3d_texture2d_half,2048,1024,3072,0.2771,46.498
b580,3b,8da4w,parent,sarc_linear_dq8ca_coopmat_zpg_t256x64k32g48s16m8_texture3d_texture2d_half,2048,3072,3072,0.7079,54.603
b580,3b,8da4w,parent,sarc_linear_dq8ca_coopmat_zpg_t256x64k32g48s16m8_texture3d_texture2d_half,2048,8192,3072,2.0112,51.254
b580,3b,8da4w,parent,sarc_linear_dq8ca_coopmat_zpg_t256x64k32g48s16m8_texture3d_texture2d_half,2048,8192,3072,1.9898,51.804
b580,3b,8da4w,parent,sarc_linear_dq8ca_coopmat_zpg_t256x64k32g48s16m8_texture3d_texture2d_half,2048,3072,8192,1.9844,51.946
b580,3b,8da4w,parent,sarc_linear_dq8ca_coopmat_zpg_t256x64k32g48s16m8_texture3d_texture2d_half,2048,3072,3072,0.7149,54.07
b580,3b,8da4w,parent,sarc_linear_dq8ca_coopmat_zpg_t256x64k32g48s16m8_texture3d_texture2d_half,2048,1024,3072,0.2816,45.751
b580,3b,8da4w,parent,sarc_linear_dq8ca_coopmat_zpg_t256x64k32g48s16m8_texture3d_texture2d_half,2048,1024,3072,0.2784,46.281
b580,3b,8da4w,parent,sarc_linear_dq8ca_coopmat_zpg_t256x64k32g48s16m8_texture3d_texture2d_half,2048,3072,3072,0.7043,54.881
b580,3b,8da4w,parent,sarc_linear_dq8ca_coopmat_zpg_t256x64k32g48s16m8_texture3d_texture2d_half,2048,8192,3072,2.0197,51.037
b580,3b,8da4w,parent,sarc_linear_dq8ca_coopmat_zpg_t256x64k32g48s16m8_texture3d_texture2d_half,2048,8192,3072,2.0058,51.391
b580,3b,8da4w,parent,sarc_linear_dq8ca_coopmat_zpg_t256x64k32g48s16m8_texture3d_texture2d_half,2048,3072,8192,2.0067,51.367
b580,3b,8da4w,parent,sarc_linear_dq8ca_coopmat_zpg_t256x64k32g48s16m8_texture3d_texture2d_half,2048,3072,3072,0.7133,54.189
b580,3b,8da4w,parent,sarc_linear_dq8ca_coopmat_zpg_t256x64k32g48s16m8_texture3d_texture2d_half,2048,1024,3072,0.2794,46.108
b580,3b,8da4w,parent,sarc_linear_dq8ca_coopmat_zpg_t256x64k32g48s16m8_texture3d_texture2d_half,2048,1024,3072,0.2794,46.108
b580,3b,8da4w,parent,sarc_linear_dq8ca_coopmat_zpg_t256x64k32g48s16m8_texture3d_texture2d_half,2048,3072,3072,0.7181,53.828
b580,3b,8da4w,parent,sarc_linear_dq8ca_coopmat_zpg_t256x64k32g48s16m8_texture3d_texture2d_half,2048,8192,3072,2.0129,51.209
b580,3b,8da4w,parent,sarc_linear_dq8ca_coopmat_zpg_t256x64k32g48s16m8_texture3d_texture2d_half,2048,8192,3072,1.992,51.748
b580,3b,8da4w,parent,sarc_linear_dq8ca_coopmat_zpg_t256x64k32g48s16m8_texture3d_texture2d_half,2048,3072,8192,2.0091,51.306
b580,3b,8da4w,parent,sarc_linear_dq8ca_coopmat_zpg_t256x64k32g48s16m8_texture3d_texture2d_half,2048,3072,3072,0.7065,54.711
b580,3b,8da4w,parent,sarc_linear_dq8ca_coopmat_zpg_t256x64k32g48s16m8_texture3d_texture2d_half,2048,1024,3072,0.2818,45.726
b580,3b,8da4w,parent,sarc_linear_dq8ca_coopmat_zpg_t256x64k32g48s16m8_texture3d_texture2d_half,2048,1024,3072,0.2816,45.751
b580,3b,8da4w,parent,sarc_linear_dq8ca_coopmat_zpg_t256x64k32g48s16m8_texture3d_texture2d_half,2048,3072,3072,0.7063,54.731
b580,3b,8da4w,parent,sarc_linear_dq8ca_coopmat_zpg_t256x64k32g48s16m8_texture3d_texture2d_half,2048,8192,3072,2.0144,51.172
b580,3b,8da4w,parent,sarc_linear_dq8ca_coopmat_zpg_t256x64k32g48s16m8_texture3d_texture2d_half,2048,8192,3072,1.9908,51.777
b580,3b,8da4w,parent,sarc_linear_dq8ca_coopmat_zpg_t256x64k32g48s16m8_texture3d_texture2d_half,2048,3072,8192,1.9899,51.802
b580,3b,8da4w,parent,sarc_linear_dq8ca_coopmat_zpg_t256x64k32g48s16m8_texture3d_texture2d_half,2048,3072,3072,0.7188,53.773
b580,3b,8da4w,parent,sarc_linear_dq8ca_coopmat_zpg_t256x64k32g48s16m8_texture3d_texture2d_half,2048,1024,3072,0.2839,45.39
b580,3b,8da4w,parent,sarc_linear_dq8ca_coopmat_zpg_t256x64k32g48s16m8_texture3d_texture2d_half,2048,1024,3072,0.2811,45.835
b580,3b,8da4w,parent,sarc_linear_dq8ca_coopmat_zpg_t256x64k32g48s16m8_texture3d_texture2d_half,2048,3072,3072,0.7139,54.145
b580,3b,8da4w,parent,sarc_linear_dq8ca_coopmat_zpg_t256x64k32g48s16m8_texture3d_texture2d_half,2048,8192,3072,2.016,51.13
b580,3b,8da4w,parent,sarc_linear_dq8ca_coopmat_zpg_t256x64k32g48s16m8_texture3d_texture2d_half,2048,8192,3072,2.0129,51.209
b580,3b,8da4w,parent,sarc_linear_dq8ca_coopmat_zpg_t256x64k32g48s16m8_texture3d_texture2d_half,2048,3072,8192,1.9872,51.872
b580,3b,8da4w,parent,sarc_linear_dq8ca_coopmat_zpg_t256x64k32g48s16m8_texture3d_texture2d_half,2048,3072,3072,0.7169,53.917
b580,3b,8da4w,parent,sarc_linear_dq8ca_coopmat_zpg_t256x64k32g48s16m8_texture3d_texture2d_half,2048,1024,3072,0.2779,46.359
b580,3b,8da4w,parent,sarc_linear_dq8ca_coopmat_zpg_t256x64k32g48s16m8_texture3d_texture2d_half,2048,1024,3072,0.2748,46.894
b580,3b,8da4w,parent,sarc_linear_dq8ca_coopmat_zpg_t256x64k32g48s16m8_texture3d_texture2d_half,2048,3072,3072,0.7105,54.403
b580,3b,8da4w,parent,sarc_linear_dq8ca_coopmat_zpg_t256x64k32g48s16m8_texture3d_texture2d_half,2048,8192,3072,2.0085,51.321
b580,3b,8da4w,parent,sarc_linear_dq8ca_coopmat_zpg_t256x64k32g48s16m8_texture3d_texture2d_half,2048,8192,3072,2.0048,51.417
b580,3b,8da4w,parent,sarc_linear_dq8ca_coopmat_zpg_t256x64k32g48s16m8_texture3d_texture2d_half,2048,3072,8192,2.0169,51.107
b580,3b,8da4w,parent,sarc_linear_dq8ca_coopmat_zpg_t256x64k32g48s16m8_texture3d_texture2d_half,2048,3072,3072,0.7188,53.777
b580,3b,8da4w,parent,sarc_linear_dq8ca_coopmat_zpg_t256x64k32g48s16m8_texture3d_texture2d_half,2048,1024,3072,0.2801,45.997
b580,3b,8da4w,parent,sarc_linear_dq8ca_coopmat_zpg_t256x64k32g48s16m8_texture3d_texture2d_half,2048,1024,3072,0.2801,45.997
b580,3b,8da4w,parent,sarc_linear_dq8ca_coopmat_zpg_t256x64k32g48s16m8_texture3d_texture2d_half,2048,3072,3072,0.706,54.755
b580,3b,8da4w,parent,sarc_linear_dq8ca_coopmat_zpg_t256x64k32g48s16m8_texture3d_texture2d_half,2048,8192,3072,2.0025,51.475
b580,3b,8da4w,parent,sarc_linear_dq8ca_coopmat_zpg_t256x64k32g48s16m8_texture3d_texture2d_half,2048,8192,3072,2.0018,51.493
b580,3b,8da4w,parent,sarc_linear_dq8ca_coopmat_zpg_t256x64k32g48s16m8_texture3d_texture2d_half,2048,3072,8192,1.9845,51.943
b580,3b,8da4w,parent,sarc_linear_dq8ca_coopmat_zpg_t256x64k32g48s16m8_texture3d_texture2d_half,2048,3072,3072,0.7125,54.252
b580,3b,8da4w,parent,sarc_linear_dq8ca_coopmat_zpg_t256x64k32g48s16m8_texture3d_texture2d_half,2048,1024,3072,0.2729,47.206
b580,3b,8da4w,parent,sarc_linear_dq8ca_coopmat_zpg_t256x64k32g48s16m8_texture3d_texture2d_half,2048,1024,3072,0.279,46.177
b580,3b,8da4w,parent,sarc_linear_dq8ca_coopmat_zpg_t256x64k32g48s16m8_texture3d_texture2d_half,2048,3072,3072,0.714,54.141
b580,3b,8da4w,parent,sarc_linear_dq8ca_coopmat_zpg_t256x64k32g48s16m8_texture3d_texture2d_half,2048,8192,3072,2.0096,51.294
b580,3b,8da4w,parent,sarc_linear_dq8ca_coopmat_zpg_t256x64k32g48s16m8_texture3d_texture2d_half,2048,8192,3072,2.0107,51.266
b580,3b,8da4w,parent,sarc_linear_dq8ca_coopmat_zpg_t256x64k32g48s16m8_texture3d_texture2d_half,2048,3072,8192,1.9973,51.609
b580,3b,8da4w,parent,sarc_linear_dq8ca_coopmat_zpg_t256x64k32g48s16m8_texture3d_texture2d_half,2048,3072,3072,0.7216,53.572
b580,3b,8da4w,parent,sarc_linear_dq8ca_coopmat_zpg_t256x64k32g48s16m8_texture3d_texture2d_half,2048,1024,3072,0.2826,45.591
b580,3b,8da4w,parent,sarc_linear_dq8ca_coopmat_zpg_t256x64k32g48s16m8_texture3d_texture2d_half,2048,1024,3072,0.2822,45.658
b580,3b,8da4w,parent,sarc_linear_dq8ca_coopmat_zpg_t256x64k32g48s16m8_texture3d_texture2d_half,2048,3072,3072,0.7044,54.873
b580,3b,8da4w,parent,sarc_linear_dq8ca_coopmat_zpg_t256x64k32g48s16m8_texture3d_texture2d_half,2048,8192,3072,2.003,51.463
b580,3b,8da4w,parent,sarc_linear_dq8ca_coopmat_zpg_t256x64k32g48s16m8_texture3d_texture2d_half,2048,8192,3072,2.0082,51.329
b580,3b,8da4w,parent,sarc_linear_dq8ca_coopmat_zpg_t256x64k32g48s16m8_texture3d_texture2d_half,2048,3072,8192,1.9654,52.447
b580,3b,8da4w,parent,sarc_linear_dq8ca_coopmat_zpg_t256x64k32g48s16m8_texture3d_texture2d_half,2048,3072,3072,0.7165,53.953
b580,3b,8da4w,parent,sarc_linear_dq8ca_coopmat_zpg_t256x64k32g48s16m8_texture3d_texture2d_half,2048,1024,3072,0.2797,46.066
b580,3b,8da4w,parent,sarc_linear_dq8ca_coopmat_zpg_t256x64k32g48s16m8_texture3d_texture2d_half,2048,1024,3072,0.2769,46.533
b580,3b,8da4w,parent,sarc_linear_dq8ca_coopmat_zpg_t256x64k32g48s16m8_texture3d_texture2d_half,2048,3072,3072,0.7159,53.992
b580,3b,8da4w,parent,sarc_linear_dq8ca_coopmat_zpg_t256x64k32g48s16m8_texture3d_texture2d_half,2048,8192,3072,2.0103,51.276
b580,3b,8da4w,parent,sarc_linear_dq8ca_coopmat_zpg_t256x64k32g48s16m8_texture3d_texture2d_half,2048,8192,3072,2.0245,50.915
b580,3b,8da4w,parent,sarc_linear_dq8ca_coopmat_zpg_t256x64k32g48s16m8_texture3d_texture2d_half,2048,3072,8192,1.9859,51.906
b580,3b,8da4w,parent,sarc_linear_dq8ca_coopmat_zpg_t256x64k32g48s16m8_texture3d_texture2d_half,2048,3072,3072,0.7109,54.375
b580,3b,8da4w,parent,sarc_linear_dq8ca_coopmat_zpg_t256x64k32g48s16m8_texture3d_texture2d_half,2048,1024,3072,0.2823,45.65
b580,3b,8da4w,parent,sarc_linear_dq8ca_coopmat_zpg_t256x64k32g48s16m8_texture3d_texture2d_half,2048,1024,3072,0.2757,46.743
b580,3b,8da4w,parent,sarc_linear_dq8ca_coopmat_zpg_t256x64k32g48s16m8_texture3d_texture2d_half,2048,3072,3072,0.714,54.141
b580,3b,8da4w,parent,sarc_linear_dq8ca_coopmat_zpg_t256x64k32g48s16m8_texture3d_texture2d_half,2048,8192,3072,2.0193,51.047
b580,3b,8da4w,parent,sarc_linear_dq8ca_coopmat_zpg_t256x64k32g48s16m8_texture3d_texture2d_half,2048,8192,3072,1.9911,51.769
b580,3b,8da4w,parent,sarc_linear_dq8ca_coopmat_zpg_t256x64k32g48s16m8_texture3d_texture2d_half,2048,3072,8192,1.9859,51.905
b580,8b,4w,cand,sarc_linear_q4gsw_coopmat_t128x128k16g44s16m8fli_texture3d_texture2d_half,2048,4096,4096,1.566,43.881
b580,8b,4w,cand,sarc_linear_q4gsw_coopmat_t128x128k16g44s16m8fli_texture3d_texture2d_half,2048,1024,4096,0.4398,39.061
b580,8b,4w,cand,sarc_linear_q4gsw_coopmat_t128x128k16g44s16m8fli_texture3d_texture2d_half,2048,1024,4096,0.4426,38.814
b580,8b,4w,cand,sarc_linear_q4gsw_coopmat_t128x128k16g44s16m8fli_texture3d_texture2d_half,2048,4096,4096,1.5143,45.379
b580,8b,4w,cand,sarc_linear_q4gsw_coopmat_t128x128k16g44s16m8fli_texture3d_texture2d_half,2048,14336,4096,5.4911,43.801
b580,8b,4w,cand,sarc_linear_q4gsw_coopmat_t128x128k16g44s16m8fli_texture3d_texture2d_half,2048,14336,4096,5.476,43.923
b580,8b,4w,cand,sarc_linear_q4gsw_coopmat_t128x128k16g44s16m8fli_texture3d_texture2d_half,2048,4096,14336,5.6583,42.507
b580,8b,4w,cand,sarc_linear_q4gsw_coopmat_t128x128k16g44s16m8fli_texture3d_texture2d_half,2048,4096,4096,1.5114,45.468
b580,8b,4w,cand,sarc_linear_q4gsw_coopmat_t128x128k16g44s16m8fli_texture3d_texture2d_half,2048,1024,4096,0.436,39.406
b580,8b,4w,cand,sarc_linear_q4gsw_coopmat_t128x128k16g44s16m8fli_texture3d_texture2d_half,2048,1024,4096,0.4346,39.534
b580,8b,4w,cand,sarc_linear_q4gsw_coopmat_t128x128k16g44s16m8fli_texture3d_texture2d_half,2048,4096,4096,1.5144,45.376
b580,8b,4w,cand,sarc_linear_q4gsw_coopmat_t128x128k16g44s16m8fli_texture3d_texture2d_half,2048,14336,4096,5.4861,43.842
b580,8b,4w,cand,sarc_linear_q4gsw_coopmat_t128x128k16g44s16m8fli_texture3d_texture2d_half,2048,14336,4096,5.4701,43.97
b580,8b,4w,cand,sarc_linear_q4gsw_coopmat_t128x128k16g44s16m8fli_texture3d_texture2d_half,2048,4096,14336,5.6586,42.505
b580,8b,4w,cand,sarc_linear_q4gsw_coopmat_t128x128k16g44s16m8fli_texture3d_texture2d_half,2048,4096,4096,1.5334,44.814
b580,8b,4w,cand,sarc_linear_q4gsw_coopmat_t128x128k16g44s16m8fli_texture3d_texture2d_half,2048,1024,4096,0.4387,39.159
b580,8b,4w,cand,sarc_linear_q4gsw_coopmat_t128x128k16g44s16m8fli_texture3d_texture2d_half,2048,1024,4096,0.4349,39.5
b580,8b,4w,cand,sarc_linear_q4gsw_coopmat_t128x128k16g44s16m8fli_texture3d_texture2d_half,2048,4096,4096,1.5108,45.487
b580,8b,4w,cand,sarc_linear_q4gsw_coopmat_t128x128k16g44s16m8fli_texture3d_texture2d_half,2048,14336,4096,5.5207,43.566
b580,8b,4w,cand,sarc_linear_q4gsw_coopmat_t128x128k16g44s16m8fli_texture3d_texture2d_half,2048,14336,4096,5.5035,43.703
b580,8b,4w,cand,sarc_linear_q4gsw_coopmat_t128x128k16g44s16m8fli_texture3d_texture2d_half,2048,4096,14336,5.6715,42.408
b580,8b,4w,cand,sarc_linear_q4gsw_coopmat_t128x128k16g44s16m8fli_texture3d_texture2d_half,2048,4096,4096,1.5085,45.554
b580,8b,4w,cand,sarc_linear_q4gsw_coopmat_t128x128k16g44s16m8fli_texture3d_texture2d_half,2048,1024,4096,0.4369,39.322
b580,8b,4w,cand,sarc_linear_q4gsw_coopmat_t128x128k16g44s16m8fli_texture3d_texture2d_half,2048,1024,4096,0.4366,39.345
b580,8b,4w,cand,sarc_linear_q4gsw_coopmat_t128x128k16g44s16m8fli_texture3d_texture2d_half,2048,4096,4096,1.4914,46.077
b580,8b,4w,cand,sarc_linear_q4gsw_coopmat_t128x128k16g44s16m8fli_texture3d_texture2d_half,2048,14336,4096,5.5084,43.664
b580,8b,4w,cand,sarc_linear_q4gsw_coopmat_t128x128k16g44s16m8fli_texture3d_texture2d_half,2048,14336,4096,5.4974,43.751
b580,8b,4w,cand,sarc_linear_q4gsw_coopmat_t128x128k16g44s16m8fli_texture3d_texture2d_half,2048,4096,14336,5.6598,42.496
b580,8b,4w,cand,sarc_linear_q4gsw_coopmat_t128x128k16g44s16m8fli_texture3d_texture2d_half,2048,4096,4096,1.5167,45.309
b580,8b,4w,cand,sarc_linear_q4gsw_coopmat_t128x128k16g44s16m8fli_texture3d_texture2d_half,2048,1024,4096,0.4378,39.238
b580,8b,4w,cand,sarc_linear_q4gsw_coopmat_t128x128k16g44s16m8fli_texture3d_texture2d_half,2048,1024,4096,0.4364,39.364
b580,8b,4w,cand,sarc_linear_q4gsw_coopmat_t128x128k16g44s16m8fli_texture3d_texture2d_half,2048,4096,4096,1.5238,45.099
b580,8b,4w,cand,sarc_linear_q4gsw_coopmat_t128x128k16g44s16m8fli_texture3d_texture2d_half,2048,14336,4096,5.4938,43.78
b580,8b,4w,cand,sarc_linear_q4gsw_coopmat_t128x128k16g44s16m8fli_texture3d_texture2d_half,2048,14336,4096,5.5348,43.455
b580,8b,4w,cand,sarc_linear_q4gsw_coopmat_t128x128k16g44s16m8fli_texture3d_texture2d_half,2048,4096,14336,5.8714,40.965
b580,8b,4w,cand,sarc_linear_q4gsw_coopmat_t128x128k16g44s16m8fli_texture3d_texture2d_half,2048,4096,4096,1.5219,45.154
b580,8b,4w,cand,sarc_linear_q4gsw_coopmat_t128x128k16g44s16m8fli_texture3d_texture2d_half,2048,1024,4096,0.44,39.043
b580,8b,4w,cand,sarc_linear_q4gsw_coopmat_t128x128k16g44s16m8fli_texture3d_texture2d_half,2048,1024,4096,0.4373,39.284
b580,8b,4w,cand,sarc_linear_q4gsw_coopmat_t128x128k16g44s16m8fli_texture3d_texture2d_half,2048,4096,4096,1.5221,45.148
b580,8b,4w,cand,sarc_linear_q4gsw_coopmat_t128x128k16g44s16m8fli_texture3d_texture2d_half,2048,14336,4096,5.5121,43.635
b580,8b,4w,cand,sarc_linear_q4gsw_coopmat_t128x128k16g44s16m8fli_texture3d_texture2d_half,2048,14336,4096,5.5279,43.51
b580,8b,4w,cand,sarc_linear_q4gsw_coopmat_t128x128k16g44s16m8fli_texture3d_texture2d_half,2048,4096,14336,5.7047,42.162
b580,8b,4w,cand,sarc_linear_q4gsw_coopmat_t128x128k16g44s16m8fli_texture3d_texture2d_half,2048,4096,4096,1.5247,45.071
b580,8b,4w,cand,sarc_linear_q4gsw_coopmat_t128x128k16g44s16m8fli_texture3d_texture2d_half,2048,1024,4096,0.4469,38.439
b580,8b,4w,cand,sarc_linear_q4gsw_coopmat_t128x128k16g44s16m8fli_texture3d_texture2d_half,2048,1024,4096,0.4372,39.298
b580,8b,4w,cand,sarc_linear_q4gsw_coopmat_t128x128k16g44s16m8fli_texture3d_texture2d_half,2048,4096,4096,1.5185,45.256
b580,8b,4w,cand,sarc_linear_q4gsw_coopmat_t128x128k16g44s16m8fli_texture3d_texture2d_half,2048,14336,4096,5.5514,43.326
b580,8b,4w,cand,sarc_linear_q4gsw_coopmat_t128x128k16g44s16m8fli_texture3d_texture2d_half,2048,14336,4096,5.5547,43.3
b580,8b,4w,cand,sarc_linear_q4gsw_coopmat_t128x128k16g44s16m8fli_texture3d_texture2d_half,2048,4096,14336,5.6696,42.423
b580,8b,4w,cand,sarc_linear_q4gsw_coopmat_t128x128k16g44s16m8fli_texture3d_texture2d_half,2048,4096,4096,1.5014,45.769
b580,8b,4w,cand,sarc_linear_q4gsw_coopmat_t128x128k16g44s16m8fli_texture3d_texture2d_half,2048,1024,4096,0.4434,38.745
b580,8b,4w,cand,sarc_linear_q4gsw_coopmat_t128x128k16g44s16m8fli_texture3d_texture2d_half,2048,1024,4096,0.4373,39.289
b580,8b,4w,cand,sarc_linear_q4gsw_coopmat_t128x128k16g44s16m8fli_texture3d_texture2d_half,2048,4096,4096,1.5191,45.238
b580,8b,4w,cand,sarc_linear_q4gsw_coopmat_t128x128k16g44s16m8fli_texture3d_texture2d_half,2048,14336,4096,5.5383,43.428
b580,8b,4w,cand,sarc_linear_q4gsw_coopmat_t128x128k16g44s16m8fli_texture3d_texture2d_half,2048,14336,4096,5.5785,43.116
b580,8b,4w,cand,sarc_linear_q4gsw_coopmat_t128x128k16g44s16m8fli_texture3d_texture2d_half,2048,4096,14336,5.7233,42.024
b580,8b,4w,cand,sarc_linear_q4gsw_coopmat_t128x128k16g44s16m8fli_texture3d_texture2d_half,2048,4096,4096,1.5268,45.01
b580,8b,4w,cand,sarc_linear_q4gsw_coopmat_t128x128k16g44s16m8fli_texture3d_texture2d_half,2048,1024,4096,0.4406,38.992
b580,8b,4w,cand,sarc_linear_q4gsw_coopmat_t128x128k16g44s16m8fli_texture3d_texture2d_half,2048,1024,4096,0.4561,37.668
b580,8b,4w,cand,sarc_linear_q4gsw_coopmat_t128x128k16g44s16m8fli_texture3d_texture2d_half,2048,4096,4096,1.525,45.063
b580,8b,4w,cand,sarc_linear_q4gsw_coopmat_t128x128k16g44s16m8fli_texture3d_texture2d_half,2048,14336,4096,5.5402,43.413
b580,8b,4w,cand,sarc_linear_q4gsw_coopmat_t128x128k16g44s16m8fli_texture3d_texture2d_half,2048,14336,4096,5.4968,43.756
b580,8b,4w,cand,sarc_linear_q4gsw_coopmat_t128x128k16g44s16m8fli_texture3d_texture2d_half,2048,4096,14336,5.6966,42.221
b580,8b,4w,cand,sarc_linear_q4gsw_coopmat_t128x128k16g44s16m8fli_texture3d_texture2d_half,2048,4096,4096,1.5229,45.125
b580,8b,4w,cand,sarc_linear_q4gsw_coopmat_t128x128k16g44s16m8fli_texture3d_texture2d_half,2048,1024,4096,0.4444,38.655
b580,8b,4w,cand,sarc_linear_q4gsw_coopmat_t128x128k16g44s16m8fli_texture3d_texture2d_half,2048,1024,4096,0.4444,38.655
b580,8b,4w,cand,sarc_linear_q4gsw_coopmat_t128x128k16g44s16m8fli_texture3d_texture2d_half,2048,4096,4096,1.504,45.69
b580,8b,4w,cand,sarc_linear_q4gsw_coopmat_t128x128k16g44s16m8fli_texture3d_texture2d_half,2048,14336,4096,5.5399,43.416
b580,8b,4w,cand,sarc_linear_q4gsw_coopmat_t128x128k16g44s16m8fli_texture3d_texture2d_half,2048,14336,4096,5.5578,43.276
b580,8b,4w,cand,sarc_linear_q4gsw_coopmat_t128x128k16g44s16m8fli_texture3d_texture2d_half,2048,4096,14336,5.7175,42.067
b580,8b,4w,cand,sarc_linear_q4gsw_coopmat_t128x128k16g44s16m8fli_texture3d_texture2d_half,2048,4096,4096,1.5244,45.079
b580,8b,4w,cand,sarc_linear_q4gsw_coopmat_t128x128k16g44s16m8fli_texture3d_texture2d_half,2048,1024,4096,0.441,38.96
b580,8b,4w,cand,sarc_linear_q4gsw_coopmat_t128x128k16g44s16m8fli_texture3d_texture2d_half,2048,1024,4096,0.4394,39.098
b580,8b,4w,cand,sarc_linear_q4gsw_coopmat_t128x128k16g44s16m8fli_texture3d_texture2d_half,2048,4096,4096,1.5235,45.106
b580,8b,4w,cand,sarc_linear_q4gsw_coopmat_t128x128k16g44s16m8fli_texture3d_texture2d_half,2048,14336,4096,5.5604,43.256
b580,8b,4w,cand,sarc_linear_q4gsw_coopmat_t128x128k16g44s16m8fli_texture3d_texture2d_half,2048,14336,4096,5.5222,43.554
b580,8b,4w,cand,sarc_linear_q4gsw_coopmat_t128x128k16g44s16m8fli_texture3d_texture2d_half,2048,4096,14336,5.7686,41.694
b580,8b,4w,cand,sarc_linear_q4gsw_coopmat_t128x128k16g44s16m8fli_texture3d_texture2d_half,2048,4096,4096,1.529,44.945
b580,8b,4w,cand,sarc_linear_q4gsw_coopmat_t128x128k16g44s16m8fli_texture3d_texture2d_half,2048,1024,4096,0.4414,38.923
b580,8b,4w,cand,sarc_linear_q4gsw_coopmat_t128x128k16g44s16m8fli_texture3d_texture2d_half,2048,1024,4096,0.4391,39.126
b580,8b,4w,cand,sarc_linear_q4gsw_coopmat_t128x128k16g44s16m8fli_texture3d_texture2d_half,2048,4096,4096,1.5304,44.904
b580,8b,4w,cand,sarc_linear_q4gsw_coopmat_t128x128k16g44s16m8fli_texture3d_texture2d_half,2048,14336,4096,5.6092,42.879
b580,8b,4w,cand,sarc_linear_q4gsw_coopmat_t128x128k16g44s16m8fli_texture3d_texture2d_half,2048,14336,4096,5.58,43.104
b580,8b,4w,cand,sarc_linear_q4gsw_coopmat_t128x128k16g44s16m8fli_texture3d_texture2d_half,2048,4096,14336,5.7086,42.133
b580,8b,4w,cand,sarc_linear_q4gsw_coopmat_t128x128k16g44s16m8fli_texture3d_texture2d_half,2048,4096,4096,1.5037,45.701
b580,8b,4w,cand,sarc_linear_q4gsw_coopmat_t128x128k16g44s16m8fli_texture3d_texture2d_half,2048,1024,4096,0.4603,37.323
b580,8b,4w,cand,sarc_linear_q4gsw_coopmat_t128x128k16g44s16m8fli_texture3d_texture2d_half,2048,1024,4096,0.4374,39.275
b580,8b,4w,cand,sarc_linear_q4gsw_coopmat_t128x128k16g44s16m8fli_texture3d_texture2d_half,2048,4096,4096,1.511,45.479
b580,8b,4w,cand,sarc_linear_q4gsw_coopmat_t128x128k16g44s16m8fli_texture3d_texture2d_half,2048,14336,4096,5.5433,43.389
b580,8b,4w,cand,sarc_linear_q4gsw_coopmat_t128x128k16g44s16m8fli_texture3d_texture2d_half,2048,14336,4096,5.606,42.904
b580,8b,4w,cand,sarc_linear_q4gsw_coopmat_t128x128k16g44s16m8fli_texture3d_texture2d_half,2048,4096,14336,5.7483,41.841
b580,8b,4w,cand,sarc_linear_q4gsw_coopmat_t128x128k16g44s16m8fli_texture3d_texture2d_half,2048,4096,4096,1.5232,45.114
b580,8b,4w,cand,sarc_linear_q4gsw_coopmat_t128x128k16g44s16m8fli_texture3d_texture2d_half,2048,1024,4096,0.4416,38.905
b580,8b,4w,cand,sarc_linear_q4gsw_coopmat_t128x128k16g44s16m8fli_texture3d_texture2d_half,2048,1024,4096,0.4572,37.578
b580,8b,4w,cand,sarc_linear_q4gsw_coopmat_t128x128k16g44s16m8fli_texture3d_texture2d_half,2048,4096,4096,1.5269,45.005
b580,8b,4w,cand,sarc_linear_q4gsw_coopmat_t128x128k16g44s16m8fli_texture3d_texture2d_half,2048,14336,4096,5.5433,43.389
b580,8b,4w,cand,sarc_linear_q4gsw_coopmat_t128x128k16g44s16m8fli_texture3d_texture2d_half,2048,14336,4096,5.5494,43.341
b580,8b,4w,cand,sarc_linear_q4gsw_coopmat_t128x128k16g44s16m8fli_texture3d_texture2d_half,2048,4096,14336,5.7457,41.861
b580,8b,4w,cand,sarc_linear_q4gsw_coopmat_t128x128k16g44s16m8fli_texture3d_texture2d_half,2048,4096,4096,1.5202,45.204
b580,8b,4w,cand,sarc_linear_q4gsw_coopmat_t128x128k16g44s16m8fli_texture3d_texture2d_half,2048,1024,4096,0.445,38.61
b580,8b,4w,cand,sarc_linear_q4gsw_coopmat_t128x128k16g44s16m8fli_texture3d_texture2d_half,2048,1024,4096,0.4447,38.632
b580,8b,4w,cand,sarc_linear_q4gsw_coopmat_t128x128k16g44s16m8fli_texture3d_texture2d_half,2048,4096,4096,1.5283,44.965
b580,8b,4w,cand,sarc_linear_q4gsw_coopmat_t128x128k16g44s16m8fli_texture3d_texture2d_half,2048,14336,4096,5.5559,43.291
b580,8b,4w,cand,sarc_linear_q4gsw_coopmat_t128x128k16g44s16m8fli_texture3d_texture2d_half,2048,14336,4096,5.5769,43.127
b580,8b,4w,cand,sarc_linear_q4gsw_coopmat_t128x128k16g44s16m8fli_texture3d_texture2d_half,2048,4096,14336,5.7679,41.699
b580,8b,4w,cand,sarc_linear_q4gsw_coopmat_t128x128k16g44s16m8fli_texture3d_texture2d_half,2048,4096,4096,1.5114,45.468
b580,8b,4w,cand,sarc_linear_q4gsw_coopmat_t128x128k16g44s16m8fli_texture3d_texture2d_half,2048,1024,4096,0.4408,38.979
b580,8b,4w,cand,sarc_linear_q4gsw_coopmat_t128x128k16g44s16m8fli_texture3d_texture2d_half,2048,1024,4096,0.4399,39.057
b580,8b,4w,cand,sarc_linear_q4gsw_coopmat_t128x128k16g44s16m8fli_texture3d_texture2d_half,2048,4096,4096,1.5349,44.77
b580,8b,4w,cand,sarc_linear_q4gsw_coopmat_t128x128k16g44s16m8fli_texture3d_texture2d_half,2048,14336,4096,5.5456,43.371
b580,8b,4w,cand,sarc_linear_q4gsw_coopmat_t128x128k16g44s16m8fli_texture3d_texture2d_half,2048,14336,4096,5.6104,42.87
b580,8b,4w,cand,sarc_linear_q4gsw_coopmat_t128x128k16g44s16m8fli_texture3d_texture2d_half,2048,4096,14336,5.7245,42.016
b580,8b,4w,cand,sarc_linear_q4gsw_coopmat_t128x128k16g44s16m8fli_texture3d_texture2d_half,2048,4096,4096,1.5408,44.6
b580,8b,4w,cand,sarc_linear_q4gsw_coopmat_t128x128k16g44s16m8fli_texture3d_texture2d_half,2048,1024,4096,0.4448,38.623
b580,8b,4w,cand,sarc_linear_q4gsw_coopmat_t128x128k16g44s16m8fli_texture3d_texture2d_half,2048,1024,4096,0.4399,39.057
b580,8b,4w,cand,sarc_linear_q4gsw_coopmat_t128x128k16g44s16m8fli_texture3d_texture2d_half,2048,4096,4096,1.531,44.886
b580,8b,4w,cand,sarc_linear_q4gsw_coopmat_t128x128k16g44s16m8fli_texture3d_texture2d_half,2048,14336,4096,5.5733,43.155
b580,8b,4w,cand,sarc_linear_q4gsw_coopmat_t128x128k16g44s16m8fli_texture3d_texture2d_half,2048,14336,4096,5.5487,43.347
b580,8b,4w,cand,sarc_linear_q4gsw_coopmat_t128x128k16g44s16m8fli_texture3d_texture2d_half,2048,4096,14336,5.7142,42.091
b580,8b,4w,cand,sarc_linear_q4gsw_coopmat_t128x128k16g44s16m8fli_texture3d_texture2d_half,2048,4096,4096,1.5045,45.675
b580,8b,4w,cand,sarc_linear_q4gsw_coopmat_t128x128k16g44s16m8fli_texture3d_texture2d_half,2048,1024,4096,0.4423,38.846
b580,8b,4w,cand,sarc_linear_q4gsw_coopmat_t128x128k16g44s16m8fli_texture3d_texture2d_half,2048,1024,4096,0.4401,39.038
b580,8b,4w,cand,sarc_linear_q4gsw_coopmat_t128x128k16g44s16m8fli_texture3d_texture2d_half,2048,4096,4096,1.5155,45.343
b580,8b,4w,cand,sarc_linear_q4gsw_coopmat_t128x128k16g44s16m8fli_texture3d_texture2d_half,2048,14336,4096,5.557,43.282
b580,8b,4w,cand,sarc_linear_q4gsw_coopmat_t128x128k16g44s16m8fli_texture3d_texture2d_half,2048,14336,4096,5.574,43.15
b580,8b,4w,cand,sarc_linear_q4gsw_coopmat_t128x128k16g44s16m8fli_texture3d_texture2d_half,2048,4096,14336,5.7041,42.166
b580,8b,4w,cand,sarc_linear_q4gsw_coopmat_t128x128k16g44s16m8fli_texture3d_texture2d_half,2048,4096,4096,1.5336,44.808
b580,8b,4w,cand,sarc_linear_q4gsw_coopmat_t128x128k16g44s16m8fli_texture3d_texture2d_half,2048,1024,4096,0.4423,38.846
b580,8b,4w,cand,sarc_linear_q4gsw_coopmat_t128x128k16g44s16m8fli_texture3d_texture2d_half,2048,1024,4096,0.459,37.433
b580,8b,4w,cand,sarc_linear_q4gsw_coopmat_t128x128k16g44s16m8fli_texture3d_texture2d_half,2048,4096,4096,1.5308,44.89
b580,8b,4w,cand,sarc_linear_q4gsw_coopmat_t128x128k16g44s16m8fli_texture3d_texture2d_half,2048,14336,4096,5.5823,43.086
b580,8b,4w,cand,sarc_linear_q4gsw_coopmat_t128x128k16g44s16m8fli_texture3d_texture2d_half,2048,14336,4096,5.5188,43.582
b580,8b,4w,cand,sarc_linear_q4gsw_coopmat_t128x128k16g44s16m8fli_texture3d_texture2d_half,2048,4096,14336,5.7129,42.101
b580,8b,4w,cand,sarc_linear_q4gsw_coopmat_t128x128k16g44s16m8fli_texture3d_texture2d_half,2048,4096,4096,1.5348,44.773
b580,8b,4w,cand,sarc_linear_q4gsw_coopmat_t128x128k16g44s16m8fli_texture3d_texture2d_half,2048,1024,4096,0.4422,38.855
b580,8b,4w,cand,sarc_linear_q4gsw_coopmat_t128x128k16g44s16m8fli_texture3d_texture2d_half,2048,1024,4096,0.4409,38.969
b580,8b,4w,cand,sarc_linear_q4gsw_coopmat_t128x128k16g44s16m8fli_texture3d_texture2d_half,2048,4096,4096,1.5289,44.948
b580,8b,4w,cand,sarc_linear_q4gsw_coopmat_t128x128k16g44s16m8fli_texture3d_texture2d_half,2048,14336,4096,5.5552,43.296
b580,8b,4w,cand,sarc_linear_q4gsw_coopmat_t128x128k16g44s16m8fli_texture3d_texture2d_half,2048,14336,4096,5.6056,42.907
b580,8b,4w,cand,sarc_linear_q4gsw_coopmat_t128x128k16g44s16m8fli_texture3d_texture2d_half,2048,4096,14336,5.6822,42.328
b580,8b,4w,cand,sarc_linear_q4gsw_coopmat_t128x128k16g44s16m8fli_texture3d_texture2d_half,2048,4096,4096,1.5075,45.586
b580,8b,4w,cand,sarc_linear_q4gsw_coopmat_t128x128k16g44s16m8fli_texture3d_texture2d_half,2048,1024,4096,0.4616,37.222
b580,8b,4w,cand,sarc_linear_q4gsw_coopmat_t128x128k16g44s16m8fli_texture3d_texture2d_half,2048,1024,4096,0.4403,39.015
b580,8b,4w,cand,sarc_linear_q4gsw_coopmat_t128x128k16g44s16m8fli_texture3d_texture2d_half,2048,4096,4096,1.5391,44.648
b580,8b,4w,cand,sarc_linear_q4gsw_coopmat_t128x128k16g44s16m8fli_texture3d_texture2d_half,2048,14336,4096,5.5303,43.491
b580,8b,4w,cand,sarc_linear_q4gsw_coopmat_t128x128k16g44s16m8fli_texture3d_texture2d_half,2048,14336,4096,5.5976,42.968
b580,8b,4w,cand,sarc_linear_q4gsw_coopmat_t128x128k16g44s16m8fli_texture3d_texture2d_half,2048,4096,14336,5.7269,41.998
b580,8b,4w,cand,sarc_linear_q4gsw_coopmat_t128x128k16g44s16m8fli_texture3d_texture2d_half,2048,4096,4096,1.5312,44.878
b580,8b,4w,cand,sarc_linear_q4gsw_coopmat_t128x128k16g44s16m8fli_texture3d_texture2d_half,2048,1024,4096,0.4445,38.65
b580,8b,4w,cand,sarc_linear_q4gsw_coopmat_t128x128k16g44s16m8fli_texture3d_texture2d_half,2048,1024,4096,0.4584,37.48
b580,8b,4w,cand,sarc_linear_q4gsw_coopmat_t128x128k16g44s16m8fli_texture3d_texture2d_half,2048,4096,4096,1.533,44.826
b580,8b,4w,cand,sarc_linear_q4gsw_coopmat_t128x128k16g44s16m8fli_texture3d_texture2d_half,2048,14336,4096,5.5606,43.254
b580,8b,4w,cand,sarc_linear_q4gsw_coopmat_t128x128k16g44s16m8fli_texture3d_texture2d_half,2048,14336,4096,5.5214,43.561
b580,8b,4w,cand,sarc_linear_q4gsw_coopmat_t128x128k16g44s16m8fli_texture3d_texture2d_half,2048,4096,14336,5.7434,41.877
b580,8b,4w,cand,sarc_linear_q4gsw_coopmat_t128x128k16g44s16m8fli_texture3d_texture2d_half,2048,4096,4096,1.5345,44.784
b580,8b,4w,cand,sarc_linear_q4gsw_coopmat_t128x128k16g44s16m8fli_texture3d_texture2d_half,2048,1024,4096,0.4438,38.714
b580,8b,4w,cand,sarc_linear_q4gsw_coopmat_t128x128k16g44s16m8fli_texture3d_texture2d_half,2048,1024,4096,0.4416,38.901
b580,8b,4w,cand,sarc_linear_q4gsw_coopmat_t128x128k16g44s16m8fli_texture3d_texture2d_half,2048,4096,4096,1.5471,44.418
b580,8b,4w,cand,sarc_linear_q4gsw_coopmat_t128x128k16g44s16m8fli_texture3d_texture2d_half,2048,14336,4096,5.577,43.127
b580,8b,4w,cand,sarc_linear_q4gsw_coopmat_t128x128k16g44s16m8fli_texture3d_texture2d_half,2048,14336,4096,5.5866,43.053
b580,8b,4w,cand,sarc_linear_q4gsw_coopmat_t128x128k16g44s16m8fli_texture3d_texture2d_half,2048,4096,14336,5.702,42.181
b580,8b,4w,cand,sarc_linear_q4gsw_coopmat_t128x128k16g44s16m8fli_texture3d_texture2d_half,2048,4096,4096,1.5071,45.598
b580,8b,4w,cand,sarc_linear_q4gsw_coopmat_t128x128k16g44s16m8fli_texture3d_texture2d_half,2048,1024,4096,0.4458,38.538
b580,8b,4w,cand,sarc_linear_q4gsw_coopmat_t128x128k16g44s16m8fli_texture3d_texture2d_half,2048,1024,4096,0.4406,38.992
b580,8b,4w,cand,sarc_linear_q4gsw_coopmat_t128x128k16g44s16m8fli_texture3d_texture2d_half,2048,4096,4096,1.5218,45.157
b580,8b,4w,cand,sarc_linear_q4gsw_coopmat_t128x128k16g44s16m8fli_texture3d_texture2d_half,2048,14336,4096,5.5359,43.447
b580,8b,4w,cand,sarc_linear_q4gsw_coopmat_t128x128k16g44s16m8fli_texture3d_texture2d_half,2048,14336,4096,5.5827,43.083
b580,8b,4w,cand,sarc_linear_q4gsw_coopmat_t128x128k16g44s16m8fli_texture3d_texture2d_half,2048,4096,14336,5.7636,41.73
b580,8b,4w,cand,sarc_linear_q4gsw_coopmat_t128x128k16g44s16m8fli_texture3d_texture2d_half,2048,4096,4096,1.5366,44.722
b580,8b,4w,cand,sarc_linear_q4gsw_coopmat_t128x128k16g44s16m8fli_texture3d_texture2d_half,2048,1024,4096,0.4426,38.818
b580,8b,4w,cand,sarc_linear_q4gsw_coopmat_t128x128k16g44s16m8fli_texture3d_texture2d_half,2048,1024,4096,0.4598,37.365
b580,8b,4w,cand,sarc_linear_q4gsw_coopmat_t128x128k16g44s16m8fli_texture3d_texture2d_half,2048,4096,4096,1.5269,45.005
b580,8b,4w,cand,sarc_linear_q4gsw_coopmat_t128x128k16g44s16m8fli_texture3d_texture2d_half,2048,14336,4096,5.5765,43.131
b580,8b,4w,cand,sarc_linear_q4gsw_coopmat_t128x128k16g44s16m8fli_texture3d_texture2d_half,2048,14336,4096,5.5355,43.451
b580,8b,4w,cand,sarc_linear_q4gsw_coopmat_t128x128k16g44s16m8fli_texture3d_texture2d_half,2048,4096,14336,5.7187,42.058
b580,8b,4w,cand,sarc_linear_q4gsw_coopmat_t128x128k16g44s16m8fli_texture3d_texture2d_half,2048,4096,4096,1.529,44.944
b580,8b,4w,cand,sarc_linear_q4gsw_coopmat_t128x128k16g44s16m8fli_texture3d_texture2d_half,2048,1024,4096,0.4445,38.646
b580,8b,4w,cand,sarc_linear_q4gsw_coopmat_t128x128k16g44s16m8fli_texture3d_texture2d_half,2048,1024,4096,0.4466,38.466
b580,8b,4w,cand,sarc_linear_q4gsw_coopmat_t128x128k16g44s16m8fli_texture3d_texture2d_half,2048,4096,4096,1.5291,44.941
b580,8b,4w,cand,sarc_linear_q4gsw_coopmat_t128x128k16g44s16m8fli_texture3d_texture2d_half,2048,14336,4096,5.5833,43.078
b580,8b,4w,cand,sarc_linear_q4gsw_coopmat_t128x128k16g44s16m8fli_texture3d_texture2d_half,2048,14336,4096,5.5878,43.043
b580,8b,4w,cand,sarc_linear_q4gsw_coopmat_t128x128k16g44s16m8fli_texture3d_texture2d_half,2048,4096,14336,5.7367,41.926
b580,8b,4w,cand,sarc_linear_q4gsw_coopmat_t128x128k16g44s16m8fli_texture3d_texture2d_half,2048,4096,4096,1.5181,45.267
b580,8b,4w,cand,sarc_linear_q4gsw_coopmat_t128x128k16g44s16m8fli_texture3d_texture2d_half,2048,1024,4096,0.4634,37.072
b580,8b,4w,cand,sarc_linear_q4gsw_coopmat_t128x128k16g44s16m8fli_texture3d_texture2d_half,2048,1024,4096,0.4414,38.919
b580,8b,4w,cand,sarc_linear_q4gsw_coopmat_t128x128k16g44s16m8fli_texture3d_texture2d_half,2048,4096,4096,1.5345,44.782
b580,8b,4w,cand,sarc_linear_q4gsw_coopmat_t128x128k16g44s16m8fli_texture3d_texture2d_half,2048,14336,4096,5.5607,43.253
b580,8b,4w,cand,sarc_linear_q4gsw_coopmat_t128x128k16g44s16m8fli_texture3d_texture2d_half,2048,14336,4096,5.6028,42.928
b580,8b,4w,cand,sarc_linear_q4gsw_coopmat_t128x128k16g44s16m8fli_texture3d_texture2d_half,2048,4096,14336,5.7429,41.881
b580,8b,4w,cand,sarc_linear_q4gsw_coopmat_t128x128k16g44s16m8fli_texture3d_texture2d_half,2048,4096,4096,1.5321,44.852
b580,8b,4w,cand,sarc_linear_q4gsw_coopmat_t128x128k16g44s16m8fli_texture3d_texture2d_half,2048,1024,4096,0.4423,38.841
b580,8b,4w,cand,sarc_linear_q4gsw_coopmat_t128x128k16g44s16m8fli_texture3d_texture2d_half,2048,1024,4096,0.4604,37.319
b580,8b,4w,cand,sarc_linear_q4gsw_coopmat_t128x128k16g44s16m8fli_texture3d_texture2d_half,2048,4096,4096,1.5336,44.808
b580,8b,4w,cand,sarc_linear_q4gsw_coopmat_t128x128k16g44s16m8fli_texture3d_texture2d_half,2048,14336,4096,5.6041,42.918
b580,8b,4w,cand,sarc_linear_q4gsw_coopmat_t128x128k16g44s16m8fli_texture3d_texture2d_half,2048,14336,4096,5.5473,43.358
b580,8b,4w,cand,sarc_linear_q4gsw_coopmat_t128x128k16g44s16m8fli_texture3d_texture2d_half,2048,4096,14336,5.7505,41.825
b580,8b,4w,cand,sarc_linear_q4gsw_coopmat_t128x128k16g44s16m8fli_texture3d_texture2d_half,2048,4096,4096,1.5358,44.746
b580,8b,4w,cand,sarc_linear_q4gsw_coopmat_t128x128k16g44s16m8fli_texture3d_texture2d_half,2048,1024,4096,0.4435,38.736
b580,8b,4w,cand,sarc_linear_q4gsw_coopmat_t128x128k16g44s16m8fli_texture3d_texture2d_half,2048,1024,4096,0.4417,38.891
b580,8b,4w,cand,sarc_linear_q4gsw_coopmat_t128x128k16g44s16m8fli_texture3d_texture2d_half,2048,4096,4096,1.5308,44.892
b580,8b,4w,cand,sarc_linear_q4gsw_coopmat_t128x128k16g44s16m8fli_texture3d_texture2d_half,2048,14336,4096,5.5885,43.038
b580,8b,4w,cand,sarc_linear_q4gsw_coopmat_t128x128k16g44s16m8fli_texture3d_texture2d_half,2048,14336,4096,5.5879,43.043
b580,8b,4w,cand,sarc_linear_q4gsw_coopmat_t128x128k16g44s16m8fli_texture3d_texture2d_half,2048,4096,14336,5.7093,42.128
b580,8b,4w,cand,sarc_linear_q4gsw_coopmat_t128x128k16g44s16m8fli_texture3d_texture2d_half,2048,4096,4096,1.5182,45.264
b580,8b,4w,cand,sarc_linear_q4gsw_coopmat_t128x128k16g44s16m8fli_texture3d_texture2d_half,2048,1024,4096,0.4684,36.677
b580,8b,4w,cand,sarc_linear_q4gsw_coopmat_t128x128k16g44s16m8fli_texture3d_texture2d_half,2048,1024,4096,0.4408,38.974
b580,8b,4w,cand,sarc_linear_q4gsw_coopmat_t128x128k16g44s16m8fli_texture3d_texture2d_half,2048,4096,4096,1.5504,44.323
b580,8b,4w,cand,sarc_linear_q4gsw_coopmat_t128x128k16g44s16m8fli_texture3d_texture2d_half,2048,14336,4096,5.5795,43.108
b580,8b,4w,cand,sarc_linear_q4gsw_coopmat_t128x128k16g44s16m8fli_texture3d_texture2d_half,2048,14336,4096,5.5923,43.009
b580,8b,4w,cand,sarc_linear_q4gsw_coopmat_t128x128k16g44s16m8fli_texture3d_texture2d_half,2048,4096,14336,5.7516,41.817
b580,8b,4w,cand,sarc_linear_q4gsw_coopmat_t128x128k16g44s16m8fli_texture3d_texture2d_half,2048,4096,4096,1.5363,44.731
b580,8b,4w,cand,sarc_linear_q4gsw_coopmat_t128x128k16g44s16m8fli_texture3d_texture2d_half,2048,1024,4096,0.4447,38.632
b580,8b,4w,cand,sarc_linear_q4gsw_coopmat_t128x128k16g44s16m8fli_texture3d_texture2d_half,2048,1024,4096,0.4435,38.741
b580,8b,4w,cand,sarc_linear_q4gsw_coopmat_t128x128k16g44s16m8fli_texture3d_texture2d_half,2048,4096,4096,1.5354,44.758
b580,8b,4w,cand,sarc_linear_q4gsw_coopmat_t128x128k16g44s16m8fli_texture3d_texture2d_half,2048,14336,4096,5.5854,43.062
b580,8b,4w,cand,sarc_linear_q4gsw_coopmat_t128x128k16g44s16m8fli_texture3d_texture2d_half,2048,14336,4096,5.5605,43.255
b580,8b,4w,cand,sarc_linear_q4gsw_coopmat_t128x128k16g44s16m8fli_texture3d_texture2d_half,2048,4096,14336,5.7548,41.794
b580,8b,4w,cand,sarc_linear_q4gsw_coopmat_t128x128k16g44s16m8fli_texture3d_texture2d_half,2048,4096,4096,1.5275,44.988
b580,8b,4w,cand,sarc_linear_q4gsw_coopmat_t128x128k16g44s16m8fli_texture3d_texture2d_half,2048,1024,4096,0.4446,38.641
b580,8b,4w,cand,sarc_linear_q4gsw_coopmat_t128x128k16g44s16m8fli_texture3d_texture2d_half,2048,1024,4096,0.443,38.782
b580,8b,4w,cand,sarc_linear_q4gsw_coopmat_t128x128k16g44s16m8fli_texture3d_texture2d_half,2048,4096,4096,1.5341,44.796
b580,8b,4w,cand,sarc_linear_q4gsw_coopmat_t128x128k16g44s16m8fli_texture3d_texture2d_half,2048,14336,4096,5.6113,42.863
b580,8b,4w,cand,sarc_linear_q4gsw_coopmat_t128x128k16g44s16m8fli_texture3d_texture2d_half,2048,14336,4096,5.6071,42.896
b580,8b,4w,cand,sarc_linear_q4gsw_coopmat_t128x128k16g44s16m8fli_texture3d_texture2d_half,2048,4096,14336,5.721,42.041
b580,8b,4w,parent,sarc_linear_q4gsw_coopmat_t128x128k16g44s16m8fli_texture3d_texture2d_half,2048,4096,4096,1.4929,46.03
b580,8b,4w,parent,sarc_linear_q4gsw_coopmat_t128x128k16g44s16m8fli_texture3d_texture2d_half,2048,1024,4096,0.4292,40.032
b580,8b,4w,parent,sarc_linear_q4gsw_coopmat_t128x128k16g44s16m8fli_texture3d_texture2d_half,2048,1024,4096,0.4336,39.624
b580,8b,4w,parent,sarc_linear_q4gsw_coopmat_t128x128k16g44s16m8fli_texture3d_texture2d_half,2048,4096,4096,1.4602,47.061
b580,8b,4w,parent,sarc_linear_q4gsw_coopmat_t128x128k16g44s16m8fli_texture3d_texture2d_half,2048,14336,4096,5.3789,44.715
b580,8b,4w,parent,sarc_linear_q4gsw_coopmat_t128x128k16g44s16m8fli_texture3d_texture2d_half,2048,14336,4096,5.4151,44.416
b580,8b,4w,parent,sarc_linear_q4gsw_coopmat_t128x128k16g44s16m8fli_texture3d_texture2d_half,2048,4096,14336,5.5829,43.081
b580,8b,4w,parent,sarc_linear_q4gsw_coopmat_t128x128k16g44s16m8fli_texture3d_texture2d_half,2048,4096,4096,1.4811,46.397
b580,8b,4w,parent,sarc_linear_q4gsw_coopmat_t128x128k16g44s16m8fli_texture3d_texture2d_half,2048,1024,4096,0.4299,39.959
b580,8b,4w,parent,sarc_linear_q4gsw_coopmat_t128x128k16g44s16m8fli_texture3d_texture2d_half,2048,1024,4096,0.4259,40.34
b580,8b,4w,parent,sarc_linear_q4gsw_coopmat_t128x128k16g44s16m8fli_texture3d_texture2d_half,2048,4096,4096,1.4548,47.238
b580,8b,4w,parent,sarc_linear_q4gsw_coopmat_t128x128k16g44s16m8fli_texture3d_texture2d_half,2048,14336,4096,5.3506,44.952
b580,8b,4w,parent,sarc_linear_q4gsw_coopmat_t128x128k16g44s16m8fli_texture3d_texture2d_half,2048,14336,4096,5.3603,44.87
b580,8b,4w,parent,sarc_linear_q4gsw_coopmat_t128x128k16g44s16m8fli_texture3d_texture2d_half,2048,4096,14336,5.5493,43.342
b580,8b,4w,parent,sarc_linear_q4gsw_coopmat_t128x128k16g44s16m8fli_texture3d_texture2d_half,2048,4096,4096,1.4863,46.235
b580,8b,4w,parent,sarc_linear_q4gsw_coopmat_t128x128k16g44s16m8fli_texture3d_texture2d_half,2048,1024,4096,0.4308,39.877
b580,8b,4w,parent,sarc_linear_q4gsw_coopmat_t128x128k16g44s16m8fli_texture3d_texture2d_half,2048,1024,4096,0.4263,40.295
b580,8b,4w,parent,sarc_linear_q4gsw_coopmat_t128x128k16g44s16m8fli_texture3d_texture2d_half,2048,4096,4096,1.4573,47.155
b580,8b,4w,parent,sarc_linear_q4gsw_coopmat_t128x128k16g44s16m8fli_texture3d_texture2d_half,2048,14336,4096,5.4077,44.477
b580,8b,4w,parent,sarc_linear_q4gsw_coopmat_t128x128k16g44s16m8fli_texture3d_texture2d_half,2048,14336,4096,5.3873,44.646
b580,8b,4w,parent,sarc_linear_q4gsw_coopmat_t128x128k16g44s16m8fli_texture3d_texture2d_half,2048,4096,14336,5.579,43.112
b580,8b,4w,parent,sarc_linear_q4gsw_coopmat_t128x128k16g44s16m8fli_texture3d_texture2d_half,2048,4096,4096,1.488,46.183
b580,8b,4w,parent,sarc_linear_q4gsw_coopmat_t128x128k16g44s16m8fli_texture3d_texture2d_half,2048,1024,4096,0.4301,39.94
b580,8b,4w,parent,sarc_linear_q4gsw_coopmat_t128x128k16g44s16m8fli_texture3d_texture2d_half,2048,1024,4096,0.4284,40.1
b580,8b,4w,parent,sarc_linear_q4gsw_coopmat_t128x128k16g44s16m8fli_texture3d_texture2d_half,2048,4096,4096,1.4823,46.361
b580,8b,4w,parent,sarc_linear_q4gsw_coopmat_t128x128k16g44s16m8fli_texture3d_texture2d_half,2048,14336,4096,5.4083,44.472
b580,8b,4w,parent,sarc_linear_q4gsw_coopmat_t128x128k16g44s16m8fli_texture3d_texture2d_half,2048,14336,4096,5.3893,44.629
b580,8b,4w,parent,sarc_linear_q4gsw_coopmat_t128x128k16g44s16m8fli_texture3d_texture2d_half,2048,4096,14336,5.5734,43.155
b580,8b,4w,parent,sarc_linear_q4gsw_coopmat_t128x128k16g44s16m8fli_texture3d_texture2d_half,2048,4096,4096,1.4924,46.046
b580,8b,4w,parent,sarc_linear_q4gsw_coopmat_t128x128k16g44s16m8fli_texture3d_texture2d_half,2048,1024,4096,0.4337,39.609
b580,8b,4w,parent,sarc_linear_q4gsw_coopmat_t128x128k16g44s16m8fli_texture3d_texture2d_half,2048,1024,4096,0.4299,39.964
b580,8b,4w,parent,sarc_linear_q4gsw_coopmat_t128x128k16g44s16m8fli_texture3d_texture2d_half,2048,4096,4096,1.4908,46.094
b580,8b,4w,parent,sarc_linear_q4gsw_coopmat_t128x128k16g44s16m8fli_texture3d_texture2d_half,2048,14336,4096,5.4396,44.216
b580,8b,4w,parent,sarc_linear_q4gsw_coopmat_t128x128k16g44s16m8fli_texture3d_texture2d_half,2048,14336,4096,5.4198,44.378
b580,8b,4w,parent,sarc_linear_q4gsw_coopmat_t128x128k16g44s16m8fli_texture3d_texture2d_half,2048,4096,14336,5.579,43.112
b580,8b,4w,parent,sarc_linear_q4gsw_coopmat_t128x128k16g44s16m8fli_texture3d_texture2d_half,2048,4096,4096,1.494,45.997
b580,8b,4w,parent,sarc_linear_q4gsw_coopmat_t128x128k16g44s16m8fli_texture3d_texture2d_half,2048,1024,4096,0.4316,39.805
b580,8b,4w,parent,sarc_linear_q4gsw_coopmat_t128x128k16g44s16m8fli_texture3d_texture2d_half,2048,1024,4096,0.434,39.586
b580,8b,4w,parent,sarc_linear_q4gsw_coopmat_t128x128k16g44s16m8fli_texture3d_texture2d_half,2048,4096,4096,1.4757,46.569
b580,8b,4w,parent,sarc_linear_q4gsw_coopmat_t128x128k16g44s16m8fli_texture3d_texture2d_half,2048,14336,4096,5.4182,44.39
b580,8b,4w,parent,sarc_linear_q4gsw_coopmat_t128x128k16g44s16m8fli_texture3d_texture2d_half,2048,14336,4096,5.4247,44.338
b580,8b,4w,parent,sarc_linear_q4gsw_coopmat_t128x128k16g44s16m8fli_texture3d_texture2d_half,2048,4096,14336,5.5981,42.965
b580,8b,4w,parent,sarc_linear_q4gsw_coopmat_t128x128k16g44s16m8fli_texture3d_texture2d_half,2048,4096,4096,1.4904,46.109
b580,8b,4w,parent,sarc_linear_q4gsw_coopmat_t128x128k16g44s16m8fli_texture3d_texture2d_half,2048,1024,4096,0.4334,39.638
b580,8b,4w,parent,sarc_linear_q4gsw_coopmat_t128x128k16g44s16m8fli_texture3d_texture2d_half,2048,1024,4096,0.4301,39.945
b580,8b,4w,parent,sarc_linear_q4gsw_coopmat_t128x128k16g44s16m8fli_texture3d_texture2d_half,2048,4096,4096,1.4731,46.649
b580,8b,4w,parent,sarc_linear_q4gsw_coopmat_t128x128k16g44s16m8fli_texture3d_texture2d_half,2048,14336,4096,5.4224,44.356
b580,8b,4w,parent,sarc_linear_q4gsw_coopmat_t128x128k16g44s16m8fli_texture3d_texture2d_half,2048,14336,4096,5.4695,43.974
b580,8b,4w,parent,sarc_linear_q4gsw_coopmat_t128x128k16g44s16m8fli_texture3d_texture2d_half,2048,4096,14336,5.613,42.85
b580,8b,4w,parent,sarc_linear_q4gsw_coopmat_t128x128k16g44s16m8fli_texture3d_texture2d_half,2048,4096,4096,1.5,45.812
b580,8b,4w,parent,sarc_linear_q4gsw_coopmat_t128x128k16g44s16m8fli_texture3d_texture2d_half,2048,1024,4096,0.4344,39.548
b580,8b,4w,parent,sarc_linear_q4gsw_coopmat_t128x128k16g44s16m8fli_texture3d_texture2d_half,2048,1024,4096,0.4308,39.882
b580,8b,4w,parent,sarc_linear_q4gsw_coopmat_t128x128k16g44s16m8fli_texture3d_texture2d_half,2048,4096,4096,1.4919,46.061
b580,8b,4w,parent,sarc_linear_q4gsw_coopmat_t128x128k16g44s16m8fli_texture3d_texture2d_half,2048,14336,4096,5.4545,44.095
b580,8b,4w,parent,sarc_linear_q4gsw_coopmat_t128x128k16g44s16m8fli_texture3d_texture2d_half,2048,14336,4096,5.4609,44.043
b580,8b,4w,parent,sarc_linear_q4gsw_coopmat_t128x128k16g44s16m8fli_texture3d_texture2d_half,2048,4096,14336,5.6269,42.745
b580,8b,4w,parent,sarc_linear_q4gsw_coopmat_t128x128k16g44s16m8fli_texture3d_texture2d_half,2048,4096,4096,1.5027,45.731
b580,8b,4w,parent,sarc_linear_q4gsw_coopmat_t128x128k16g44s16m8fli_texture3d_texture2d_half,2048,1024,4096,0.4332,39.662
b580,8b,4w,parent,sarc_linear_q4gsw_coopmat_t128x128k16g44s16m8fli_texture3d_texture2d_half,2048,1024,4096,0.4501,38.172
b580,8b,4w,parent,sarc_linear_q4gsw_coopmat_t128x128k16g44s16m8fli_texture3d_texture2d_half,2048,4096,4096,1.5038,45.698
b580,8b,4w,parent,sarc_linear_q4gsw_coopmat_t128x128k16g44s16m8fli_texture3d_texture2d_half,2048,14336,4096,5.4742,43.937
b580,8b,4w,parent,sarc_linear_q4gsw_coopmat_t128x128k16g44s16m8fli_texture3d_texture2d_half,2048,14336,4096,5.4261,44.326
b580,8b,4w,parent,sarc_linear_q4gsw_coopmat_t128x128k16g44s16m8fli_texture3d_texture2d_half,2048,4096,14336,5.6631,42.471
b580,8b,4w,parent,sarc_linear_q4gsw_coopmat_t128x128k16g44s16m8fli_texture3d_texture2d_half,2048,4096,4096,1.4811,46.399
b580,8b,4w,parent,sarc_linear_q4gsw_coopmat_t128x128k16g44s16m8fli_texture3d_texture2d_half,2048,1024,4096,0.4532,37.91
b580,8b,4w,parent,sarc_linear_q4gsw_coopmat_t128x128k16g44s16m8fli_texture3d_texture2d_half,2048,1024,4096,0.4319,39.781
b580,8b,4w,parent,sarc_linear_q4gsw_coopmat_t128x128k16g44s16m8fli_texture3d_texture2d_half,2048,4096,4096,1.477,46.526
b580,8b,4w,parent,sarc_linear_q4gsw_coopmat_t128x128k16g44s16m8fli_texture3d_texture2d_half,2048,14336,4096,5.463,44.027
b580,8b,4w,parent,sarc_linear_q4gsw_coopmat_t128x128k16g44s16m8fli_texture3d_texture2d_half,2048,14336,4096,5.4294,44.299
b580,8b,4w,parent,sarc_linear_q4gsw_coopmat_t128x128k16g44s16m8fli_texture3d_texture2d_half,2048,4096,14336,5.6175,42.816
b580,8b,4w,parent,sarc_linear_q4gsw_coopmat_t128x128k16g44s16m8fli_texture3d_texture2d_half,2048,4096,4096,1.479,46.462
b580,8b,4w,parent,sarc_linear_q4gsw_coopmat_t128x128k16g44s16m8fli_texture3d_texture2d_half,2048,1024,4096,0.4392,39.117
b580,8b,4w,parent,sarc_linear_q4gsw_coopmat_t128x128k16g44s16m8fli_texture3d_texture2d_half,2048,1024,4096,0.4335,39.633
b580,8b,4w,parent,sarc_linear_q4gsw_coopmat_t128x128k16g44s16m8fli_texture3d_texture2d_half,2048,4096,4096,1.515,45.359
b580,8b,4w,parent,sarc_linear_q4gsw_coopmat_t128x128k16g44s16m8fli_texture3d_texture2d_half,2048,14336,4096,5.4519,44.116
b580,8b,4w,parent,sarc_linear_q4gsw_coopmat_t128x128k16g44s16m8fli_texture3d_texture2d_half,2048,14336,4096,5.4576,44.071
b580,8b,4w,parent,sarc_linear_q4gsw_coopmat_t128x128k16g44s16m8fli_texture3d_texture2d_half,2048,4096,14336,5.6114,42.862
b580,8b,4w,parent,sarc_linear_q4gsw_coopmat_t128x128k16g44s16m8fli_texture3d_texture2d_half,2048,4096,4096,1.5128,45.426
b580,8b,4w,parent,sarc_linear_q4gsw_coopmat_t128x128k16g44s16m8fli_texture3d_texture2d_half,2048,1024,4096,0.433,39.681
b580,8b,4w,parent,sarc_linear_q4gsw_coopmat_t128x128k16g44s16m8fli_texture3d_texture2d_half,2048,1024,4096,0.4388,39.149
b580,8b,4w,parent,sarc_linear_q4gsw_coopmat_t128x128k16g44s16m8fli_texture3d_texture2d_half,2048,4096,4096,1.4772,46.52
b580,8b,4w,parent,sarc_linear_q4gsw_coopmat_t128x128k16g44s16m8fli_texture3d_texture2d_half,2048,14336,4096,5.436,44.246
b580,8b,4w,parent,sarc_linear_q4gsw_coopmat_t128x128k16g44s16m8fli_texture3d_texture2d_half,2048,14336,4096,5.5189,43.581
b580,8b,4w,parent,sarc_linear_q4gsw_coopmat_t128x128k16g44s16m8fli_texture3d_texture2d_half,2048,4096,14336,5.6528,42.549
b580,8b,4w,parent,sarc_linear_q4gsw_coopmat_t128x128k16g44s16m8fli_texture3d_texture2d_half,2048,4096,4096,1.4981,45.87
b580,8b,4w,parent,sarc_linear_q4gsw_coopmat_t128x128k16g44s16m8fli_texture3d_texture2d_half,2048,1024,4096,0.4324,39.733
b580,8b,4w,parent,sarc_linear_q4gsw_coopmat_t128x128k16g44s16m8fli_texture3d_texture2d_half,2048,1024,4096,0.4347,39.519
b580,8b,4w,parent,sarc_linear_q4gsw_coopmat_t128x128k16g44s16m8fli_texture3d_texture2d_half,2048,4096,4096,1.4995,45.829
b580,8b,4w,parent,sarc_linear_q4gsw_coopmat_t128x128k16g44s16m8fli_texture3d_texture2d_half,2048,14336,4096,5.4682,43.985
b580,8b,4w,parent,sarc_linear_q4gsw_coopmat_t128x128k16g44s16m8fli_texture3d_texture2d_half,2048,14336,4096,5.4139,44.426
b580,8b,4w,parent,sarc_linear_q4gsw_coopmat_t128x128k16g44s16m8fli_texture3d_texture2d_half,2048,4096,14336,5.6547,42.534
b580,8b,4w,parent,sarc_linear_q4gsw_coopmat_t128x128k16g44s16m8fli_texture3d_texture2d_half,2048,4096,4096,1.5011,45.78
b580,8b,4w,parent,sarc_linear_q4gsw_coopmat_t128x128k16g44s16m8fli_texture3d_texture2d_half,2048,1024,4096,0.4335,39.628
b580,8b,4w,parent,sarc_linear_q4gsw_coopmat_t128x128k16g44s16m8fli_texture3d_texture2d_half,2048,1024,4096,0.4523,37.984
b580,8b,4w,parent,sarc_linear_q4gsw_coopmat_t128x128k16g44s16m8fli_texture3d_texture2d_half,2048,4096,4096,1.4981,45.87
b580,8b,4w,parent,sarc_linear_q4gsw_coopmat_t128x128k16g44s16m8fli_texture3d_texture2d_half,2048,14336,4096,5.4661,44.002
b580,8b,4w,parent,sarc_linear_q4gsw_coopmat_t128x128k16g44s16m8fli_texture3d_texture2d_half,2048,14336,4096,5.4225,44.356
b580,8b,4w,parent,sarc_linear_q4gsw_coopmat_t128x128k16g44s16m8fli_texture3d_texture2d_half,2048,4096,14336,5.6664,42.446
b580,8b,4w,parent,sarc_linear_q4gsw_coopmat_t128x128k16g44s16m8fli_texture3d_texture2d_half,2048,4096,4096,1.4783,46.487
b580,8b,4w,parent,sarc_linear_q4gsw_coopmat_t128x128k16g44s16m8fli_texture3d_texture2d_half,2048,1024,4096,0.4353,39.467
b580,8b,4w,parent,sarc_linear_q4gsw_coopmat_t128x128k16g44s16m8fli_texture3d_texture2d_half,2048,1024,4096,0.4319,39.781
b580,8b,4w,parent,sarc_linear_q4gsw_coopmat_t128x128k16g44s16m8fli_texture3d_texture2d_half,2048,4096,4096,1.529,44.944
b580,8b,4w,parent,sarc_linear_q4gsw_coopmat_t128x128k16g44s16m8fli_texture3d_texture2d_half,2048,14336,4096,5.4485,44.144
b580,8b,4w,parent,sarc_linear_q4gsw_coopmat_t128x128k16g44s16m8fli_texture3d_texture2d_half,2048,14336,4096,5.4518,44.117
b580,8b,4w,parent,sarc_linear_q4gsw_coopmat_t128x128k16g44s16m8fli_texture3d_texture2d_half,2048,4096,14336,5.8027,41.449
b580,8b,4w,parent,sarc_linear_q4gsw_coopmat_t128x128k16g44s16m8fli_texture3d_texture2d_half,2048,4096,4096,1.4975,45.888
b580,8b,4w,parent,sarc_linear_q4gsw_coopmat_t128x128k16g44s16m8fli_texture3d_texture2d_half,2048,1024,4096,0.4346,39.529
b580,8b,4w,parent,sarc_linear_q4gsw_coopmat_t128x128k16g44s16m8fli_texture3d_texture2d_half,2048,1024,4096,0.4337,39.609
b580,8b,4w,parent,sarc_linear_q4gsw_coopmat_t128x128k16g44s16m8fli_texture3d_texture2d_half,2048,4096,4096,1.4874,46.202
b580,8b,4w,parent,sarc_linear_q4gsw_coopmat_t128x128k16g44s16m8fli_texture3d_texture2d_half,2048,14336,4096,5.4768,43.915
b580,8b,4w,parent,sarc_linear_q4gsw_coopmat_t128x128k16g44s16m8fli_texture3d_texture2d_half,2048,14336,4096,5.5183,43.585
b580,8b,4w,parent,sarc_linear_q4gsw_coopmat_t128x128k16g44s16m8fli_texture3d_texture2d_half,2048,4096,14336,5.6017,42.937
b580,8b,4w,parent,sarc_linear_q4gsw_coopmat_t128x128k16g44s16m8fli_texture3d_texture2d_half,2048,4096,4096,1.5004,45.802
b580,8b,4w,parent,sarc_linear_q4gsw_coopmat_t128x128k16g44s16m8fli_texture3d_texture2d_half,2048,1024,4096,0.4328,39.695
b580,8b,4w,parent,sarc_linear_q4gsw_coopmat_t128x128k16g44s16m8fli_texture3d_texture2d_half,2048,1024,4096,0.4317,39.8
b580,8b,4w,parent,sarc_linear_q4gsw_coopmat_t128x128k16g44s16m8fli_texture3d_texture2d_half,2048,4096,4096,1.5144,45.376
b580,8b,4w,parent,sarc_linear_q4gsw_coopmat_t128x128k16g44s16m8fli_texture3d_texture2d_half,2048,14336,4096,5.4677,43.989
b580,8b,4w,parent,sarc_linear_q4gsw_coopmat_t128x128k16g44s16m8fli_texture3d_texture2d_half,2048,14336,4096,5.432,44.278
b580,8b,4w,parent,sarc_linear_q4gsw_coopmat_t128x128k16g44s16m8fli_texture3d_texture2d_half,2048,4096,14336,5.6072,42.895
b580,8b,4w,parent,sarc_linear_q4gsw_coopmat_t128x128k16g44s16m8fli_texture3d_texture2d_half,2048,4096,4096,1.5043,45.682
b580,8b,4w,parent,sarc_linear_q4gsw_coopmat_t128x128k16g44s16m8fli_texture3d_texture2d_half,2048,1024,4096,0.4373,39.284
b580,8b,4w,parent,sarc_linear_q4gsw_coopmat_t128x128k16g44s16m8fli_texture3d_texture2d_half,2048,1024,4096,0.4327,39.7
b580,8b,4w,parent,sarc_linear_q4gsw_coopmat_t128x128k16g44s16m8fli_texture3d_texture2d_half,2048,4096,4096,1.5104,45.498
b580,8b,4w,parent,sarc_linear_q4gsw_coopmat_t128x128k16g44s16m8fli_texture3d_texture2d_half,2048,14336,4096,5.4778,43.908
b580,8b,4w,parent,sarc_linear_q4gsw_coopmat_t128x128k16g44s16m8fli_texture3d_texture2d_half,2048,14336,4096,5.4994,43.736
b580,8b,4w,parent,sarc_linear_q4gsw_coopmat_t128x128k16g44s16m8fli_texture3d_texture2d_half,2048,4096,14336,5.6422,42.629
b580,8b,4w,parent,sarc_linear_q4gsw_coopmat_t128x128k16g44s16m8fli_texture3d_texture2d_half,2048,4096,4096,1.4802,46.425
b580,8b,4w,parent,sarc_linear_q4gsw_coopmat_t128x128k16g44s16m8fli_texture3d_texture2d_half,2048,1024,4096,0.4382,39.21
b580,8b,4w,parent,sarc_linear_q4gsw_coopmat_t128x128k16g44s16m8fli_texture3d_texture2d_half,2048,1024,4096,0.4321,39.762
b580,8b,4w,parent,sarc_linear_q4gsw_coopmat_t128x128k16g44s16m8fli_texture3d_texture2d_half,2048,4096,4096,1.5111,45.477
b580,8b,4w,parent,sarc_linear_q4gsw_coopmat_t128x128k16g44s16m8fli_texture3d_texture2d_half,2048,14336,4096,5.4692,43.977
b580,8b,4w,parent,sarc_linear_q4gsw_coopmat_t128x128k16g44s16m8fli_texture3d_texture2d_half,2048,14336,4096,5.3993,44.546
b580,8b,4w,parent,sarc_linear_q4gsw_coopmat_t128x128k16g44s16m8fli_texture3d_texture2d_half,2048,4096,14336,5.6787,42.355
b580,8b,4w,parent,sarc_linear_q4gsw_coopmat_t128x128k16g44s16m8fli_texture3d_texture2d_half,2048,4096,4096,1.5066,45.612
b580,8b,4w,parent,sarc_linear_q4gsw_coopmat_t128x128k16g44s16m8fli_texture3d_texture2d_half,2048,1024,4096,0.434,39.581
b580,8b,4w,parent,sarc_linear_q4gsw_coopmat_t128x128k16g44s16m8fli_texture3d_texture2d_half,2048,1024,4096,0.4319,39.781
b580,8b,4w,parent,sarc_linear_q4gsw_coopmat_t128x128k16g44s16m8fli_texture3d_texture2d_half,2048,4096,4096,1.481,46.4
b580,8b,4w,parent,sarc_linear_q4gsw_coopmat_t128x128k16g44s16m8fli_texture3d_texture2d_half,2048,14336,4096,5.4178,44.394
b580,8b,4w,parent,sarc_linear_q4gsw_coopmat_t128x128k16g44s16m8fli_texture3d_texture2d_half,2048,14336,4096,5.4717,43.957
b580,8b,4w,parent,sarc_linear_q4gsw_coopmat_t128x128k16g44s16m8fli_texture3d_texture2d_half,2048,4096,14336,5.6658,42.451
b580,8b,4w,parent,sarc_linear_q4gsw_coopmat_t128x128k16g44s16m8fli_texture3d_texture2d_half,2048,4096,4096,1.5057,45.641
b580,8b,4w,parent,sarc_linear_q4gsw_coopmat_t128x128k16g44s16m8fli_texture3d_texture2d_half,2048,1024,4096,0.4334,39.643
b580,8b,4w,parent,sarc_linear_q4gsw_coopmat_t128x128k16g44s16m8fli_texture3d_texture2d_half,2048,1024,4096,0.4322,39.748
b580,8b,4w,parent,sarc_linear_q4gsw_coopmat_t128x128k16g44s16m8fli_texture3d_texture2d_half,2048,4096,4096,1.4774,46.515
b580,8b,4w,parent,sarc_linear_q4gsw_coopmat_t128x128k16g44s16m8fli_texture3d_texture2d_half,2048,14336,4096,5.4484,44.145
b580,8b,4w,parent,sarc_linear_q4gsw_coopmat_t128x128k16g44s16m8fli_texture3d_texture2d_half,2048,14336,4096,5.4622,44.033
b580,8b,4w,parent,sarc_linear_q4gsw_coopmat_t128x128k16g44s16m8fli_texture3d_texture2d_half,2048,4096,14336,5.654,42.54
b580,8b,4w,parent,sarc_linear_q4gsw_coopmat_t128x128k16g44s16m8fli_texture3d_texture2d_half,2048,4096,4096,1.5072,45.595
b580,8b,4w,parent,sarc_linear_q4gsw_coopmat_t128x128k16g44s16m8fli_texture3d_texture2d_half,2048,1024,4096,0.4356,39.444
b580,8b,4w,parent,sarc_linear_q4gsw_coopmat_t128x128k16g44s16m8fli_texture3d_texture2d_half,2048,1024,4096,0.4322,39.748
b580,8b,4w,parent,sarc_linear_q4gsw_coopmat_t128x128k16g44s16m8fli_texture3d_texture2d_half,2048,4096,4096,1.4824,46.356
b580,8b,4w,parent,sarc_linear_q4gsw_coopmat_t128x128k16g44s16m8fli_texture3d_texture2d_half,2048,14336,4096,5.4823,43.872
b580,8b,4w,parent,sarc_linear_q4gsw_coopmat_t128x128k16g44s16m8fli_texture3d_texture2d_half,2048,14336,4096,5.4271,44.318
b580,8b,4w,parent,sarc_linear_q4gsw_coopmat_t128x128k16g44s16m8fli_texture3d_texture2d_half,2048,4096,14336,5.594,42.996
b580,8b,4w,parent,sarc_linear_q4gsw_coopmat_t128x128k16g44s16m8fli_texture3d_texture2d_half,2048,4096,4096,1.4831,46.335
b580,8b,4w,parent,sarc_linear_q4gsw_coopmat_t128x128k16g44s16m8fli_texture3d_texture2d_half,2048,1024,4096,0.4537,37.866
b580,8b,4w,parent,sarc_linear_q4gsw_coopmat_t128x128k16g44s16m8fli_texture3d_texture2d_half,2048,1024,4096,0.4322,39.748
b580,8b,4w,parent,sarc_linear_q4gsw_coopmat_t128x128k16g44s16m8fli_texture3d_texture2d_half,2048,4096,4096,1.5087,45.55
b580,8b,4w,parent,sarc_linear_q4gsw_coopmat_t128x128k16g44s16m8fli_texture3d_texture2d_half,2048,14336,4096,5.4612,44.041
b580,8b,4w,parent,sarc_linear_q4gsw_coopmat_t128x128k16g44s16m8fli_texture3d_texture2d_half,2048,14336,4096,5.4129,44.434
b580,8b,4w,parent,sarc_linear_q4gsw_coopmat_t128x128k16g44s16m8fli_texture3d_texture2d_half,2048,4096,14336,5.6207,42.792
b580,8b,4w,parent,sarc_linear_q4gsw_coopmat_t128x128k16g44s16m8fli_texture3d_texture2d_half,2048,4096,4096,1.4952,45.961
b580,8b,4w,parent,sarc_linear_q4gsw_coopmat_t128x128k16g44s16m8fli_texture3d_texture2d_half,2048,1024,4096,0.4317,39.8
b580,8b,4w,parent,sarc_linear_q4gsw_coopmat_t128x128k16g44s16m8fli_texture3d_texture2d_half,2048,1024,4096,0.4314,39.819
b580,8b,4w,parent,sarc_linear_q4gsw_coopmat_t128x128k16g44s16m8fli_texture3d_texture2d_half,2048,4096,4096,1.5178,45.275
b580,8b,4w,parent,sarc_linear_q4gsw_coopmat_t128x128k16g44s16m8fli_texture3d_texture2d_half,2048,14336,4096,5.4465,44.16
b580,8b,4w,parent,sarc_linear_q4gsw_coopmat_t128x128k16g44s16m8fli_texture3d_texture2d_half,2048,14336,4096,5.4436,44.183
b580,8b,4w,parent,sarc_linear_q4gsw_coopmat_t128x128k16g44s16m8fli_texture3d_texture2d_half,2048,4096,14336,5.6044,42.916
b580,8b,4w,parent,sarc_linear_q4gsw_coopmat_t128x128k16g44s16m8fli_texture3d_texture2d_half,2048,4096,4096,1.5043,45.682
b580,8b,4w,parent,sarc_linear_q4gsw_coopmat_t128x128k16g44s16m8fli_texture3d_texture2d_half,2048,1024,4096,0.434,39.586
b580,8b,4w,parent,sarc_linear_q4gsw_coopmat_t128x128k16g44s16m8fli_texture3d_texture2d_half,2048,1024,4096,0.4345,39.543
b580,8b,4w,parent,sarc_linear_q4gsw_coopmat_t128x128k16g44s16m8fli_texture3d_texture2d_half,2048,4096,4096,1.4726,46.664
b580,8b,4w,parent,sarc_linear_q4gsw_coopmat_t128x128k16g44s16m8fli_texture3d_texture2d_half,2048,14336,4096,5.4404,44.209
b580,8b,4w,parent,sarc_linear_q4gsw_coopmat_t128x128k16g44s16m8fli_texture3d_texture2d_half,2048,14336,4096,5.4919,43.795
b580,8b,4w,parent,sarc_linear_q4gsw_coopmat_t128x128k16g44s16m8fli_texture3d_texture2d_half,2048,4096,14336,5.6063,42.902
b580,8b,4w,parent,sarc_linear_q4gsw_coopmat_t128x128k16g44s16m8fli_texture3d_texture2d_half,2048,4096,4096,1.4968,45.91
b580,8b,4w,parent,sarc_linear_q4gsw_coopmat_t128x128k16g44s16m8fli_texture3d_texture2d_half,2048,1024,4096,0.4327,39.705
b580,8b,4w,parent,sarc_linear_q4gsw_coopmat_t128x128k16g44s16m8fli_texture3d_texture2d_half,2048,1024,4096,0.4323,39.738
b580,8b,4w,parent,sarc_linear_q4gsw_coopmat_t128x128k16g44s16m8fli_texture3d_texture2d_half,2048,4096,4096,1.5094,45.529
b580,8b,4w,parent,sarc_linear_q4gsw_coopmat_t128x128k16g44s16m8fli_texture3d_texture2d_half,2048,14336,4096,5.4529,44.108
b580,8b,4w,parent,sarc_linear_q4gsw_coopmat_t128x128k16g44s16m8fli_texture3d_texture2d_half,2048,14336,4096,5.4291,44.302
b580,8b,4w,parent,sarc_linear_q4gsw_coopmat_t128x128k16g44s16m8fli_texture3d_texture2d_half,2048,4096,14336,5.6258,42.753
b580,8b,4w,parent,sarc_linear_q4gsw_coopmat_t128x128k16g44s16m8fli_texture3d_texture2d_half,2048,4096,4096,1.5045,45.677
b580,8b,4w,parent,sarc_linear_q4gsw_coopmat_t128x128k16g44s16m8fli_texture3d_texture2d_half,2048,1024,4096,0.4348,39.515
b580,8b,4w,parent,sarc_linear_q4gsw_coopmat_t128x128k16g44s16m8fli_texture3d_texture2d_half,2048,1024,4096,0.4527,37.949
b580,8b,4w,parent,sarc_linear_q4gsw_coopmat_t128x128k16g44s16m8fli_texture3d_texture2d_half,2048,4096,4096,1.5063,45.62
b580,8b,4w,parent,sarc_linear_q4gsw_coopmat_t128x128k16g44s16m8fli_texture3d_texture2d_half,2048,14336,4096,5.4674,43.991
b580,8b,4w,parent,sarc_linear_q4gsw_coopmat_t128x128k16g44s16m8fli_texture3d_texture2d_half,2048,14336,4096,5.4784,43.903
b580,8b,4w,parent,sarc_linear_q4gsw_coopmat_t128x128k16g44s16m8fli_texture3d_texture2d_half,2048,4096,14336,5.6013,42.939
b580,8b,4w,parent,sarc_linear_q4gsw_coopmat_t128x128k16g44s16m8fli_texture3d_texture2d_half,2048,4096,4096,1.4891,46.148
b580,8b,4w,parent,sarc_linear_q4gsw_coopmat_t128x128k16g44s16m8fli_texture3d_texture2d_half,2048,1024,4096,0.4533,37.897
b580,8b,4w,parent,sarc_linear_q4gsw_coopmat_t128x128k16g44s16m8fli_texture3d_texture2d_half,2048,1024,4096,0.4318,39.791
b580,8b,4w,parent,sarc_linear_q4gsw_coopmat_t128x128k16g44s16m8fli_texture3d_texture2d_half,2048,4096,4096,1.5276,44.987
b580,8b,4w,parent,sarc_linear_q4gsw_coopmat_t128x128k16g44s16m8fli_texture3d_texture2d_half,2048,14336,4096,5.493,43.787
b580,8b,4w,parent,sarc_linear_q4gsw_coopmat_t128x128k16g44s16m8fli_texture3d_texture2d_half,2048,14336,4096,5.4807,43.885
b580,8b,4w,parent,sarc_linear_q4gsw_coopmat_t128x128k16g44s16m8fli_texture3d_texture2d_half,2048,4096,14336,5.6905,42.266
b580,8b,4w,parent,sarc_linear_q4gsw_coopmat_t128x128k16g44s16m8fli_texture3d_texture2d_half,2048,4096,4096,1.5179,45.272
b580,8b,4w,parent,sarc_linear_q4gsw_coopmat_t128x128k16g44s16m8fli_texture3d_texture2d_half,2048,1024,4096,0.4339,39.595
b580,8b,4w,parent,sarc_linear_q4gsw_coopmat_t128x128k16g44s16m8fli_texture3d_texture2d_half,2048,1024,4096,0.4319,39.776
b580,8b,4w,parent,sarc_linear_q4gsw_coopmat_t128x128k16g44s16m8fli_texture3d_texture2d_half,2048,4096,4096,1.5061,45.628
b580,8b,4w,parent,sarc_linear_q4gsw_coopmat_t128x128k16g44s16m8fli_texture3d_texture2d_half,2048,14336,4096,5.4619,44.035
b580,8b,4w,parent,sarc_linear_q4gsw_coopmat_t128x128k16g44s16m8fli_texture3d_texture2d_half,2048,14336,4096,5.4505,44.127
b580,8b,4w,parent,sarc_linear_q4gsw_coopmat_t128x128k16g44s16m8fli_texture3d_texture2d_half,2048,4096,14336,5.6107,42.868
b580,8b,4w,parent,sarc_linear_q4gsw_coopmat_t128x128k16g44s16m8fli_texture3d_texture2d_half,2048,4096,4096,1.5023,45.742
b580,8b,4w,parent,sarc_linear_q4gsw_coopmat_t128x128k16g44s16m8fli_texture3d_texture2d_half,2048,1024,4096,0.4332,39.662
b580,8b,4w,parent,sarc_linear_q4gsw_coopmat_t128x128k16g44s16m8fli_texture3d_texture2d_half,2048,1024,4096,0.4346,39.534
b580,8b,4w,parent,sarc_linear_q4gsw_coopmat_t128x128k16g44s16m8fli_texture3d_texture2d_half,2048,4096,4096,1.4814,46.389
b580,8b,4w,parent,sarc_linear_q4gsw_coopmat_t128x128k16g44s16m8fli_texture3d_texture2d_half,2048,14336,4096,5.4389,44.222
b580,8b,4w,parent,sarc_linear_q4gsw_coopmat_t128x128k16g44s16m8fli_texture3d_texture2d_half,2048,14336,4096,5.509,43.659
b580,8b,4w,parent,sarc_linear_q4gsw_coopmat_t128x128k16g44s16m8fli_texture3d_texture2d_half,2048,4096,14336,5.653,42.547
b580,8b,4w,parent,sarc_linear_q4gsw_coopmat_t128x128k16g44s16m8fli_texture3d_texture2d_half,2048,4096,4096,1.5091,45.537
b580,8b,4w,parent,sarc_linear_q4gsw_coopmat_t128x128k16g44s16m8fli_texture3d_texture2d_half,2048,1024,4096,0.4337,39.614
b580,8b,4w,parent,sarc_linear_q4gsw_coopmat_t128x128k16g44s16m8fli_texture3d_texture2d_half,2048,1024,4096,0.4353,39.467
b580,8b,4w,parent,sarc_linear_q4gsw_coopmat_t128x128k16g44s16m8fli_texture3d_texture2d_half,2048,4096,4096,1.5066,45.611
b580,8b,4w,parent,sarc_linear_q4gsw_coopmat_t128x128k16g44s16m8fli_texture3d_texture2d_half,2048,14336,4096,5.4571,44.074
b580,8b,4w,parent,sarc_linear_q4gsw_coopmat_t128x128k16g44s16m8fli_texture3d_texture2d_half,2048,14336,4096,5.5082,43.665
b580,8b,4w,parent,sarc_linear_q4gsw_coopmat_t128x128k16g44s16m8fli_texture3d_texture2d_half,2048,4096,14336,5.6164,42.824
b580,8b,4w,parent,sarc_linear_q4gsw_coopmat_t128x128k16g44s16m8fli_texture3d_texture2d_half,2048,4096,4096,1.4977,45.885
b580,8b,4w,parent,sarc_linear_q4gsw_coopmat_t128x128k16g44s16m8fli_texture3d_texture2d_half,2048,1024,4096,0.4578,37.531
b580,8b,4w,parent,sarc_linear_q4gsw_coopmat_t128x128k16g44s16m8fli_texture3d_texture2d_half,2048,1024,4096,0.4328,39.69
b580,8b,4w,parent,sarc_linear_q4gsw_coopmat_t128x128k16g44s16m8fli_texture3d_texture2d_half,2048,4096,4096,1.516,45.331
b580,8b,4w,parent,sarc_linear_q4gsw_coopmat_t128x128k16g44s16m8fli_texture3d_texture2d_half,2048,14336,4096,5.4551,44.091
b580,8b,4w,parent,sarc_linear_q4gsw_coopmat_t128x128k16g44s16m8fli_texture3d_texture2d_half,2048,14336,4096,5.4745,43.935
b580,8b,4w,parent,sarc_linear_q4gsw_coopmat_t128x128k16g44s16m8fli_texture3d_texture2d_half,2048,4096,14336,5.648,42.584
b580,8b,8da4w,cand,sarc_linear_dq8ca_coopmat_zpg_t256x64k32g48s16m8_texture3d_texture2d_half,2048,4096,4096,1.3199,52.064
b580,8b,8da4w,cand,sarc_linear_dq8ca_coopmat_zpg_t256x64k32g48s16m8_texture3d_texture2d_half,2048,1024,4096,0.3729,46.066
b580,8b,8da4w,cand,sarc_linear_dq8ca_coopmat_zpg_t256x64k32g48s16m8_texture3d_texture2d_half,2048,1024,4096,0.372,46.181
b580,8b,8da4w,cand,sarc_linear_dq8ca_coopmat_zpg_t256x64k32g48s16m8_texture3d_texture2d_half,2048,4096,4096,1.2489,55.022
b580,8b,8da4w,cand,sarc_linear_dq8ca_coopmat_zpg_t256x64k32g48s16m8_texture3d_texture2d_half,2048,14336,4096,4.6165,52.1
b580,8b,8da4w,cand,sarc_linear_dq8ca_coopmat_zpg_t256x64k32g48s16m8_texture3d_texture2d_half,2048,14336,4096,4.5837,52.473
b580,8b,8da4w,cand,sarc_linear_dq8ca_coopmat_zpg_t256x64k32g48s16m8_texture3d_texture2d_half,2048,4096,14336,4.8389,49.705
b580,8b,8da4w,cand,sarc_linear_dq8ca_coopmat_zpg_t256x64k32g48s16m8_texture3d_texture2d_half,2048,4096,4096,1.2433,55.273
b580,8b,8da4w,cand,sarc_linear_dq8ca_coopmat_zpg_t256x64k32g48s16m8_texture3d_texture2d_half,2048,1024,4096,0.3727,46.091
b580,8b,8da4w,cand,sarc_linear_dq8ca_coopmat_zpg_t256x64k32g48s16m8_texture3d_texture2d_half,2048,1024,4096,0.3734,46.008
b580,8b,8da4w,cand,sarc_linear_dq8ca_coopmat_zpg_t256x64k32g48s16m8_texture3d_texture2d_half,2048,4096,4096,1.2423,55.317
b580,8b,8da4w,cand,sarc_linear_dq8ca_coopmat_zpg_t256x64k32g48s16m8_texture3d_texture2d_half,2048,14336,4096,4.5561,52.79
b580,8b,8da4w,cand,sarc_linear_dq8ca_coopmat_zpg_t256x64k32g48s16m8_texture3d_texture2d_half,2048,14336,4096,4.5629,52.712
b580,8b,8da4w,cand,sarc_linear_dq8ca_coopmat_zpg_t256x64k32g48s16m8_texture3d_texture2d_half,2048,4096,14336,4.8459,49.634
b580,8b,8da4w,cand,sarc_linear_dq8ca_coopmat_zpg_t256x64k32g48s16m8_texture3d_texture2d_half,2048,4096,4096,1.2378,55.519
b580,8b,8da4w,cand,sarc_linear_dq8ca_coopmat_zpg_t256x64k32g48s16m8_texture3d_texture2d_half,2048,1024,4096,0.3693,46.52
b580,8b,8da4w,cand,sarc_linear_dq8ca_coopmat_zpg_t256x64k32g48s16m8_texture3d_texture2d_half,2048,1024,4096,0.3702,46.402
b580,8b,8da4w,cand,sarc_linear_dq8ca_coopmat_zpg_t256x64k32g48s16m8_texture3d_texture2d_half,2048,4096,4096,1.2326,55.751
b580,8b,8da4w,cand,sarc_linear_dq8ca_coopmat_zpg_t256x64k32g48s16m8_texture3d_texture2d_half,2048,14336,4096,4.5807,52.506
b580,8b,8da4w,cand,sarc_linear_dq8ca_coopmat_zpg_t256x64k32g48s16m8_texture3d_texture2d_half,2048,14336,4096,4.5597,52.749
b580,8b,8da4w,cand,sarc_linear_dq8ca_coopmat_zpg_t256x64k32g48s16m8_texture3d_texture2d_half,2048,4096,14336,5.2147,46.123
b580,8b,8da4w,cand,sarc_linear_dq8ca_coopmat_zpg_t256x64k32g48s16m8_texture3d_texture2d_half,2048,4096,4096,1.2506,54.949
b580,8b,8da4w,cand,sarc_linear_dq8ca_coopmat_zpg_t256x64k32g48s16m8_texture3d_texture2d_half,2048,1024,4096,0.3734,46.008
b580,8b,8da4w,cand,sarc_linear_dq8ca_coopmat_zpg_t256x64k32g48s16m8_texture3d_texture2d_half,2048,1024,4096,0.3743,45.899
b580,8b,8da4w,cand,sarc_linear_dq8ca_coopmat_zpg_t256x64k32g48s16m8_texture3d_texture2d_half,2048,4096,4096,1.2894,53.296
b580,8b,8da4w,cand,sarc_linear_dq8ca_coopmat_zpg_t256x64k32g48s16m8_texture3d_texture2d_half,2048,14336,4096,4.6151,52.116
b580,8b,8da4w,cand,sarc_linear_dq8ca_coopmat_zpg_t256x64k32g48s16m8_texture3d_texture2d_half,2048,14336,4096,4.5715,52.612
b580,8b,8da4w,cand,sarc_linear_dq8ca_coopmat_zpg_t256x64k32g48s16m8_texture3d_texture2d_half,2048,4096,14336,4.8112,49.991
b580,8b,8da4w,cand,sarc_linear_dq8ca_coopmat_zpg_t256x64k32g48s16m8_texture3d_texture2d_half,2048,4096,4096,1.3192,52.09
b580,8b,8da4w,cand,sarc_linear_dq8ca_coopmat_zpg_t256x64k32g48s16m8_texture3d_texture2d_half,2048,1024,4096,0.3736,45.989
b580,8b,8da4w,cand,sarc_linear_dq8ca_coopmat_zpg_t256x64k32g48s16m8_texture3d_texture2d_half,2048,1024,4096,0.3701,46.415
b580,8b,8da4w,cand,sarc_linear_dq8ca_coopmat_zpg_t256x64k32g48s16m8_texture3d_texture2d_half,2048,4096,4096,1.2485,55.043
b580,8b,8da4w,cand,sarc_linear_dq8ca_coopmat_zpg_t256x64k32g48s16m8_texture3d_texture2d_half,2048,14336,4096,4.5948,52.346
b580,8b,8da4w,cand,sarc_linear_dq8ca_coopmat_zpg_t256x64k32g48s16m8_texture3d_texture2d_half,2048,14336,4096,4.5689,52.642
b580,8b,8da4w,cand,sarc_linear_dq8ca_coopmat_zpg_t256x64k32g48s16m8_texture3d_texture2d_half,2048,4096,14336,4.841,49.684
b580,8b,8da4w,cand,sarc_linear_dq8ca_coopmat_zpg_t256x64k32g48s16m8_texture3d_texture2d_half,2048,4096,4096,1.2418,55.34
b580,8b,8da4w,cand,sarc_linear_dq8ca_coopmat_zpg_t256x64k32g48s16m8_texture3d_texture2d_half,2048,1024,4096,0.3733,46.021
b580,8b,8da4w,cand,sarc_linear_dq8ca_coopmat_zpg_t256x64k32g48s16m8_texture3d_texture2d_half,2048,1024,4096,0.3727,46.098
b580,8b,8da4w,cand,sarc_linear_dq8ca_coopmat_zpg_t256x64k32g48s16m8_texture3d_texture2d_half,2048,4096,4096,1.2398,55.426
b580,8b,8da4w,cand,sarc_linear_dq8ca_coopmat_zpg_t256x64k32g48s16m8_texture3d_texture2d_half,2048,14336,4096,4.5579,52.77
b580,8b,8da4w,cand,sarc_linear_dq8ca_coopmat_zpg_t256x64k32g48s16m8_texture3d_texture2d_half,2048,14336,4096,4.5743,52.581
b580,8b,8da4w,cand,sarc_linear_dq8ca_coopmat_zpg_t256x64k32g48s16m8_texture3d_texture2d_half,2048,4096,14336,4.857,49.52
b580,8b,8da4w,cand,sarc_linear_dq8ca_coopmat_zpg_t256x64k32g48s16m8_texture3d_texture2d_half,2048,4096,4096,1.2368,55.564
b580,8b,8da4w,cand,sarc_linear_dq8ca_coopmat_zpg_t256x64k32g48s16m8_texture3d_texture2d_half,2048,1024,4096,0.3738,45.963
b580,8b,8da4w,cand,sarc_linear_dq8ca_coopmat_zpg_t256x64k32g48s16m8_texture3d_texture2d_half,2048,1024,4096,0.373,46.053
b580,8b,8da4w,cand,sarc_linear_dq8ca_coopmat_zpg_t256x64k32g48s16m8_texture3d_texture2d_half,2048,4096,4096,1.2441,55.236
b580,8b,8da4w,cand,sarc_linear_dq8ca_coopmat_zpg_t256x64k32g48s16m8_texture3d_texture2d_half,2048,14336,4096,4.5632,52.708
b580,8b,8da4w,cand,sarc_linear_dq8ca_coopmat_zpg_t256x64k32g48s16m8_texture3d_texture2d_half,2048,14336,4096,4.5807,52.507
b580,8b,8da4w,cand,sarc_linear_dq8ca_coopmat_zpg_t256x64k32g48s16m8_texture3d_texture2d_half,2048,4096,14336,4.8448,49.644
b580,8b,8da4w,cand,sarc_linear_dq8ca_coopmat_zpg_t256x64k32g48s16m8_texture3d_texture2d_half,2048,4096,4096,1.2515,54.908
b580,8b,8da4w,cand,sarc_linear_dq8ca_coopmat_zpg_t256x64k32g48s16m8_texture3d_texture2d_half,2048,1024,4096,0.3746,45.861
b580,8b,8da4w,cand,sarc_linear_dq8ca_coopmat_zpg_t256x64k32g48s16m8_texture3d_texture2d_half,2048,1024,4096,0.3713,46.272
b580,8b,8da4w,cand,sarc_linear_dq8ca_coopmat_zpg_t256x64k32g48s16m8_texture3d_texture2d_half,2048,4096,4096,1.2308,55.831
b580,8b,8da4w,cand,sarc_linear_dq8ca_coopmat_zpg_t256x64k32g48s16m8_texture3d_texture2d_half,2048,14336,4096,4.5718,52.609
b580,8b,8da4w,cand,sarc_linear_dq8ca_coopmat_zpg_t256x64k32g48s16m8_texture3d_texture2d_half,2048,14336,4096,4.5545,52.809
b580,8b,8da4w,cand,sarc_linear_dq8ca_coopmat_zpg_t256x64k32g48s16m8_texture3d_texture2d_half,2048,4096,14336,4.8816,49.271
b580,8b,8da4w,cand,sarc_linear_dq8ca_coopmat_zpg_t256x64k32g48s16m8_texture3d_texture2d_half,2048,4096,4096,1.2913,53.217
b580,8b,8da4w,cand,sarc_linear_dq8ca_coopmat_zpg_t256x64k32g48s16m8_texture3d_texture2d_half,2048,1024,4096,0.3739,45.944
b580,8b,8da4w,cand,sarc_linear_dq8ca_coopmat_zpg_t256x64k32g48s16m8_texture3d_texture2d_half,2048,1024,4096,0.3748,45.842
b580,8b,8da4w,cand,sarc_linear_dq8ca_coopmat_zpg_t256x64k32g48s16m8_texture3d_texture2d_half,2048,4096,4096,1.2456,55.172
b580,8b,8da4w,cand,sarc_linear_dq8ca_coopmat_zpg_t256x64k32g48s16m8_texture3d_texture2d_half,2048,14336,4096,4.595,52.344
b580,8b,8da4w,cand,sarc_linear_dq8ca_coopmat_zpg_t256x64k32g48s16m8_texture3d_texture2d_half,2048,14336,4096,4.5835,52.474
b580,8b,8da4w,cand,sarc_linear_dq8ca_coopmat_zpg_t256x64k32g48s16m8_texture3d_texture2d_half,2048,4096,14336,4.8431,49.662
b580,8b,8da4w,cand,sarc_linear_dq8ca_coopmat_zpg_t256x64k32g48s16m8_texture3d_texture2d_half,2048,4096,4096,1.2502,54.967
b580,8b,8da4w,cand,sarc_linear_dq8ca_coopmat_zpg_t256x64k32g48s16m8_texture3d_texture2d_half,2048,1024,4096,0.3732,46.04
b580,8b,8da4w,cand,sarc_linear_dq8ca_coopmat_zpg_t256x64k32g48s16m8_texture3d_texture2d_half,2048,1024,4096,0.3734,46.014
b580,8b,8da4w,cand,sarc_linear_dq8ca_coopmat_zpg_t256x64k32g48s16m8_texture3d_texture2d_half,2048,4096,4096,1.25,54.974
b580,8b,8da4w,cand,sarc_linear_dq8ca_coopmat_zpg_t256x64k32g48s16m8_texture3d_texture2d_half,2048,14336,4096,4.563,52.711
b580,8b,8da4w,cand,sarc_linear_dq8ca_coopmat_zpg_t256x64k32g48s16m8_texture3d_texture2d_half,2048,14336,4096,4.579,52.527
b580,8b,8da4w,cand,sarc_linear_dq8ca_coopmat_zpg_t256x64k32g48s16m8_texture3d_texture2d_half,2048,4096,14336,4.8274,49.824
b580,8b,8da4w,cand,sarc_linear_dq8ca_coopmat_zpg_t256x64k32g48s16m8_texture3d_texture2d_half,2048,4096,4096,1.2375,55.531
b580,8b,8da4w,cand,sarc_linear_dq8ca_coopmat_zpg_t256x64k32g48s16m8_texture3d_texture2d_half,2048,1024,4096,0.3733,46.021
b580,8b,8da4w,cand,sarc_linear_dq8ca_coopmat_zpg_t256x64k32g48s16m8_texture3d_texture2d_half,2048,1024,4096,0.3727,46.098
b580,8b,8da4w,cand,sarc_linear_dq8ca_coopmat_zpg_t256x64k32g48s16m8_texture3d_texture2d_half,2048,4096,4096,1.2448,55.206
b580,8b,8da4w,cand,sarc_linear_dq8ca_coopmat_zpg_t256x64k32g48s16m8_texture3d_texture2d_half,2048,14336,4096,4.5649,52.689
b580,8b,8da4w,cand,sarc_linear_dq8ca_coopmat_zpg_t256x64k32g48s16m8_texture3d_texture2d_half,2048,14336,4096,4.5839,52.471
b580,8b,8da4w,cand,sarc_linear_dq8ca_coopmat_zpg_t256x64k32g48s16m8_texture3d_texture2d_half,2048,4096,14336,4.842,49.673
b580,8b,8da4w,cand,sarc_linear_dq8ca_coopmat_zpg_t256x64k32g48s16m8_texture3d_texture2d_half,2048,4096,4096,1.2471,55.103
b580,8b,8da4w,cand,sarc_linear_dq8ca_coopmat_zpg_t256x64k32g48s16m8_texture3d_texture2d_half,2048,1024,4096,0.3725,46.117
b580,8b,8da4w,cand,sarc_linear_dq8ca_coopmat_zpg_t256x64k32g48s16m8_texture3d_texture2d_half,2048,1024,4096,0.3715,46.246
b580,8b,8da4w,cand,sarc_linear_dq8ca_coopmat_zpg_t256x64k32g48s16m8_texture3d_texture2d_half,2048,4096,4096,1.2459,55.158
b580,8b,8da4w,cand,sarc_linear_dq8ca_coopmat_zpg_t256x64k32g48s16m8_texture3d_texture2d_half,2048,14336,4096,4.5893,52.408
b580,8b,8da4w,cand,sarc_linear_dq8ca_coopmat_zpg_t256x64k32g48s16m8_texture3d_texture2d_half,2048,14336,4096,4.5653,52.684
b580,8b,8da4w,cand,sarc_linear_dq8ca_coopmat_zpg_t256x64k32g48s16m8_texture3d_texture2d_half,2048,4096,14336,4.8496,49.596
b580,8b,8da4w,cand,sarc_linear_dq8ca_coopmat_zpg_t256x64k32g48s16m8_texture3d_texture2d_half,2048,4096,4096,1.2433,55.273
b580,8b,8da4w,cand,sarc_linear_dq8ca_coopmat_zpg_t256x64k32g48s16m8_texture3d_texture2d_half,2048,1024,4096,0.3747,45.848
b580,8b,8da4w,cand,sarc_linear_dq8ca_coopmat_zpg_t256x64k32g48s16m8_texture3d_texture2d_half,2048,1024,4096,0.3646,47.117
b580,8b,8da4w,cand,sarc_linear_dq8ca_coopmat_zpg_t256x64k32g48s16m8_texture3d_texture2d_half,2048,4096,4096,1.2341,55.686
b580,8b,8da4w,cand,sarc_linear_dq8ca_coopmat_zpg_t256x64k32g48s16m8_texture3d_texture2d_half,2048,14336,4096,4.6023,52.26
b580,8b,8da4w,cand,sarc_linear_dq8ca_coopmat_zpg_t256x64k32g48s16m8_texture3d_texture2d_half,2048,14336,4096,4.6136,52.132
b580,8b,8da4w,cand,sarc_linear_dq8ca_coopmat_zpg_t256x64k32g48s16m8_texture3d_texture2d_half,2048,4096,14336,5.1997,46.256
b580,8b,8da4w,cand,sarc_linear_dq8ca_coopmat_zpg_t256x64k32g48s16m8_texture3d_texture2d_half,2048,4096,4096,1.2503,54.963
b580,8b,8da4w,cand,sarc_linear_dq8ca_coopmat_zpg_t256x64k32g48s16m8_texture3d_texture2d_half,2048,1024,4096,0.3734,46.008
b580,8b,8da4w,cand,sarc_linear_dq8ca_coopmat_zpg_t256x64k32g48s16m8_texture3d_texture2d_half,2048,1024,4096,0.3728,46.085
b580,8b,8da4w,cand,sarc_linear_dq8ca_coopmat_zpg_t256x64k32g48s16m8_texture3d_texture2d_half,2048,4096,4096,1.2498,54.986
b580,8b,8da4w,cand,sarc_linear_dq8ca_coopmat_zpg_t256x64k32g48s16m8_texture3d_texture2d_half,2048,14336,4096,4.5743,52.58
b580,8b,8da4w,cand,sarc_linear_dq8ca_coopmat_zpg_t256x64k32g48s16m8_texture3d_texture2d_half,2048,14336,4096,4.5795,52.52
b580,8b,8da4w,cand,sarc_linear_dq8ca_coopmat_zpg_t256x64k32g48s16m8_texture3d_texture2d_half,2048,4096,14336,4.8574,49.516
b580,8b,8da4w,cand,sarc_linear_dq8ca_coopmat_zpg_t256x64k32g48s16m8_texture3d_texture2d_half,2048,4096,4096,1.2465,55.13
b580,8b,8da4w,cand,sarc_linear_dq8ca_coopmat_zpg_t256x64k32g48s16m8_texture3d_texture2d_half,2048,1024,4096,0.3711,46.291
b580,8b,8da4w,cand,sarc_linear_dq8ca_coopmat_zpg_t256x64k32g48s16m8_texture3d_texture2d_half,2048,1024,4096,0.3737,45.969
b580,8b,8da4w,cand,sarc_linear_dq8ca_coopmat_zpg_t256x64k32g48s16m8_texture3d_texture2d_half,2048,4096,4096,1.2276,55.978
b580,8b,8da4w,cand,sarc_linear_dq8ca_coopmat_zpg_t256x64k32g48s16m8_texture3d_texture2d_half,2048,14336,4096,4.5763,52.557
b580,8b,8da4w,cand,sarc_linear_dq8ca_coopmat_zpg_t256x64k32g48s16m8_texture3d_texture2d_half,2048,14336,4096,4.5774,52.545
b580,8b,8da4w,cand,sarc_linear_dq8ca_coopmat_zpg_t256x64k32g48s16m8_texture3d_texture2d_half,2048,4096,14336,4.8629,49.459
b580,8b,8da4w,cand,sarc_linear_dq8ca_coopmat_zpg_t256x64k32g48s16m8_texture3d_texture2d_half,2048,4096,4096,1.235,55.643
b580,8b,8da4w,cand,sarc_linear_dq8ca_coopmat_zpg_t256x64k32g48s16m8_texture3d_texture2d_half,2048,1024,4096,0.3738,45.957
b580,8b,8da4w,cand,sarc_linear_dq8ca_coopmat_zpg_t256x64k32g48s16m8_texture3d_texture2d_half,2048,1024,4096,0.3749,45.823
b580,8b,8da4w,cand,sarc_linear_dq8ca_coopmat_zpg_t256x64k32g48s16m8_texture3d_texture2d_half,2048,4096,4096,1.3049,52.663
b580,8b,8da4w,cand,sarc_linear_dq8ca_coopmat_zpg_t256x64k32g48s16m8_texture3d_texture2d_half,2048,14336,4096,4.5739,52.585
b580,8b,8da4w,cand,sarc_linear_dq8ca_coopmat_zpg_t256x64k32g48s16m8_texture3d_texture2d_half,2048,14336,4096,4.5821,52.491
b580,8b,8da4w,cand,sarc_linear_dq8ca_coopmat_zpg_t256x64k32g48s16m8_texture3d_texture2d_half,2048,4096,14336,5.2115,46.151
b580,8b,8da4w,cand,sarc_linear_dq8ca_coopmat_zpg_t256x64k32g48s16m8_texture3d_texture2d_half,2048,4096,4096,1.2428,55.294
b580,8b,8da4w,cand,sarc_linear_dq8ca_coopmat_zpg_t256x64k32g48s16m8_texture3d_texture2d_half,2048,1024,4096,0.372,46.181
b580,8b,8da4w,cand,sarc_linear_dq8ca_coopmat_zpg_t256x64k32g48s16m8_texture3d_texture2d_half,2048,1024,4096,0.373,46.053
b580,8b,8da4w,cand,sarc_linear_dq8ca_coopmat_zpg_t256x64k32g48s16m8_texture3d_texture2d_half,2048,4096,4096,1.3012,52.81
b580,8b,8da4w,cand,sarc_linear_dq8ca_coopmat_zpg_t256x64k32g48s16m8_texture3d_texture2d_half,2048,14336,4096,4.577,52.549
b580,8b,8da4w,cand,sarc_linear_dq8ca_coopmat_zpg_t256x64k32g48s16m8_texture3d_texture2d_half,2048,14336,4096,4.5629,52.712
b580,8b,8da4w,cand,sarc_linear_dq8ca_coopmat_zpg_t256x64k32g48s16m8_texture3d_texture2d_half,2048,4096,14336,4.8457,49.636
b580,8b,8da4w,cand,sarc_linear_dq8ca_coopmat_zpg_t256x64k32g48s16m8_texture3d_texture2d_half,2048,4096,4096,1.2479,55.066
b580,8b,8da4w,cand,sarc_linear_dq8ca_coopmat_zpg_t256x64k32g48s16m8_texture3d_texture2d_half,2048,1024,4096,0.3733,46.021
b580,8b,8da4w,cand,sarc_linear_dq8ca_coopmat_zpg_t256x64k32g48s16m8_texture3d_texture2d_half,2048,1024,4096,0.3725,46.123
b580,8b,8da4w,cand,sarc_linear_dq8ca_coopmat_zpg_t256x64k32g48s16m8_texture3d_texture2d_half,2048,4096,4096,1.2414,55.357
b580,8b,8da4w,cand,sarc_linear_dq8ca_coopmat_zpg_t256x64k32g48s16m8_texture3d_texture2d_half,2048,14336,4096,4.5623,52.718
b580,8b,8da4w,cand,sarc_linear_dq8ca_coopmat_zpg_t256x64k32g48s16m8_texture3d_texture2d_half,2048,14336,4096,4.5722,52.605
b580,8b,8da4w,cand,sarc_linear_dq8ca_coopmat_zpg_t256x64k32g48s16m8_texture3d_texture2d_half,2048,4096,14336,4.8578,49.512
b580,8b,8da4w,cand,sarc_linear_dq8ca_coopmat_zpg_t256x64k32g48s16m8_texture3d_texture2d_half,2048,4096,4096,1.3206,52.037
b580,8b,8da4w,cand,sarc_linear_dq8ca_coopmat_zpg_t256x64k32g48s16m8_texture3d_texture2d_half,2048,1024,4096,0.3737,45.976
b580,8b,8da4w,cand,sarc_linear_dq8ca_coopmat_zpg_t256x64k32g48s16m8_texture3d_texture2d_half,2048,1024,4096,0.3799,45.227
b580,8b,8da4w,cand,sarc_linear_dq8ca_coopmat_zpg_t256x64k32g48s16m8_texture3d_texture2d_half,2048,4096,4096,1.2325,55.758
b580,8b,8da4w,cand,sarc_linear_dq8ca_coopmat_zpg_t256x64k32g48s16m8_texture3d_texture2d_half,2048,14336,4096,4.566,52.676
b580,8b,8da4w,cand,sarc_linear_dq8ca_coopmat_zpg_t256x64k32g48s16m8_texture3d_texture2d_half,2048,14336,4096,4.5561,52.79
b580,8b,8da4w,cand,sarc_linear_dq8ca_coopmat_zpg_t256x64k32g48s16m8_texture3d_texture2d_half,2048,4096,14336,4.8366,49.729
b580,8b,8da4w,cand,sarc_linear_dq8ca_coopmat_zpg_t256x64k32g48s16m8_texture3d_texture2d_half,2048,4096,4096,1.2369,55.559
b580,8b,8da4w,cand,sarc_linear_dq8ca_coopmat_zpg_t256x64k32g48s16m8_texture3d_texture2d_half,2048,1024,4096,0.3762,45.664
b580,8b,8da4w,cand,sarc_linear_dq8ca_coopmat_zpg_t256x64k32g48s16m8_texture3d_texture2d_half,2048,1024,4096,0.3743,45.893
b580,8b,8da4w,cand,sarc_linear_dq8ca_coopmat_zpg_t256x64k32g48s16m8_texture3d_texture2d_half,2048,4096,4096,1.3026,52.756
b580,8b,8da4w,cand,sarc_linear_dq8ca_coopmat_zpg_t256x64k32g48s16m8_texture3d_texture2d_half,2048,14336,4096,4.5642,52.696
b580,8b,8da4w,cand,sarc_linear_dq8ca_coopmat_zpg_t256x64k32g48s16m8_texture3d_texture2d_half,2048,14336,4096,4.5704,52.625
b580,8b,8da4w,cand,sarc_linear_dq8ca_coopmat_zpg_t256x64k32g48s16m8_texture3d_texture2d_half,2048,4096,14336,4.8249,49.85
b580,8b,8da4w,cand,sarc_linear_dq8ca_coopmat_zpg_t256x64k32g48s16m8_texture3d_texture2d_half,2048,4096,4096,1.2373,55.538
b580,8b,8da4w,cand,sarc_linear_dq8ca_coopmat_zpg_t256x64k32g48s16m8_texture3d_texture2d_half,2048,1024,4096,0.3739,45.95
b580,8b,8da4w,cand,sarc_linear_dq8ca_coopmat_zpg_t256x64k32g48s16m8_texture3d_texture2d_half,2048,1024,4096,0.3697,46.474
b580,8b,8da4w,cand,sarc_linear_dq8ca_coopmat_zpg_t256x64k32g48s16m8_texture3d_texture2d_half,2048,4096,4096,1.2459,55.156
b580,8b,8da4w,cand,sarc_linear_dq8ca_coopmat_zpg_t256x64k32g48s16m8_texture3d_texture2d_half,2048,14336,4096,4.573,52.595
b580,8b,8da4w,cand,sarc_linear_dq8ca_coopmat_zpg_t256x64k32g48s16m8_texture3d_texture2d_half,2048,14336,4096,4.6062,52.216
b580,8b,8da4w,cand,sarc_linear_dq8ca_coopmat_zpg_t256x64k32g48s16m8_texture3d_texture2d_half,2048,4096,14336,4.8438,49.655
b580,8b,8da4w,cand,sarc_linear_dq8ca_coopmat_zpg_t256x64k32g48s16m8_texture3d_texture2d_half,2048,4096,4096,1.2406,55.391
b580,8b,8da4w,cand,sarc_linear_dq8ca_coopmat_zpg_t256x64k32g48s16m8_texture3d_texture2d_half,2048,1024,4096,0.3733,46.027
b580,8b,8da4w,cand,sarc_linear_dq8ca_coopmat_zpg_t256x64k32g48s16m8_texture3d_texture2d_half,2048,1024,4096,0.3722,46.162
b580,8b,8da4w,cand,sarc_linear_dq8ca_coopmat_zpg_t256x64k32g48s16m8_texture3d_texture2d_half,2048,4096,4096,1.2391,55.459
b580,8b,8da4w,cand,sarc_linear_dq8ca_coopmat_zpg_t256x64k32g48s16m8_texture3d_texture2d_half,2048,14336,4096,4.584,52.469
b580,8b,8da4w,cand,sarc_linear_dq8ca_coopmat_zpg_t256x64k32g48s16m8_texture3d_texture2d_half,2048,14336,4096,4.553,52.827
b580,8b,8da4w,cand,sarc_linear_dq8ca_coopmat_zpg_t256x64k32g48s16m8_texture3d_texture2d_half,2048,4096,14336,5.228,46.006
b580,8b,8da4w,cand,sarc_linear_dq8ca_coopmat_zpg_t256x64k32g48s16m8_texture3d_texture2d_half,2048,4096,4096,1.2476,55.08
b580,8b,8da4w,cand,sarc_linear_dq8ca_coopmat_zpg_t256x64k32g48s16m8_texture3d_texture2d_half,2048,1024,4096,0.3743,45.893
b580,8b,8da4w,cand,sarc_linear_dq8ca_coopmat_zpg_t256x64k32g48s16m8_texture3d_texture2d_half,2048,1024,4096,0.3698,46.461
b580,8b,8da4w,cand,sarc_linear_dq8ca_coopmat_zpg_t256x64k32g48s16m8_texture3d_texture2d_half,2048,4096,4096,1.2261,56.047
b580,8b,8da4w,cand,sarc_linear_dq8ca_coopmat_zpg_t256x64k32g48s16m8_texture3d_texture2d_half,2048,14336,4096,4.5674,52.66
b580,8b,8da4w,cand,sarc_linear_dq8ca_coopmat_zpg_t256x64k32g48s16m8_texture3d_texture2d_half,2048,14336,4096,4.5765,52.555
b580,8b,8da4w,cand,sarc_linear_dq8ca_coopmat_zpg_t256x64k32g48s16m8_texture3d_texture2d_half,2048,4096,14336,4.8561,49.529
b580,8b,8da4w,cand,sarc_linear_dq8ca_coopmat_zpg_t256x64k32g48s16m8_texture3d_texture2d_half,2048,4096,4096,1.3,52.861
b580,8b,8da4w,cand,sarc_linear_dq8ca_coopmat_zpg_t256x64k32g48s16m8_texture3d_texture2d_half,2048,1024,4096,0.372,46.188
b580,8b,8da4w,cand,sarc_linear_dq8ca_coopmat_zpg_t256x64k32g48s16m8_texture3d_texture2d_half,2048,1024,4096,0.3705,46.369
b580,8b,8da4w,cand,sarc_linear_dq8ca_coopmat_zpg_t256x64k32g48s16m8_texture3d_texture2d_half,2048,4096,4096,1.2964,53.007
b580,8b,8da4w,cand,sarc_linear_dq8ca_coopmat_zpg_t256x64k32g48s16m8_texture3d_texture2d_half,2048,14336,4096,4.578,52.538
b580,8b,8da4w,cand,sarc_linear_dq8ca_coopmat_zpg_t256x64k32g48s16m8_texture3d_texture2d_half,2048,14336,4096,4.5847,52.461
b580,8b,8da4w,cand,sarc_linear_dq8ca_coopmat_zpg_t256x64k32g48s16m8_texture3d_texture2d_half,2048,4096,14336,4.8714,49.374
b580,8b,8da4w,cand,sarc_linear_dq8ca_coopmat_zpg_t256x64k32g48s16m8_texture3d_texture2d_half,2048,4096,4096,1.3093,52.485
b580,8b,8da4w,cand,sarc_linear_dq8ca_coopmat_zpg_t256x64k32g48s16m8_texture3d_texture2d_half,2048,1024,4096,0.3701,46.415
b580,8b,8da4w,cand,sarc_linear_dq8ca_coopmat_zpg_t256x64k32g48s16m8_texture3d_texture2d_half,2048,1024,4096,0.373,46.059
b580,8b,8da4w,cand,sarc_linear_dq8ca_coopmat_zpg_t256x64k32g48s16m8_texture3d_texture2d_half,2048,4096,4096,1.2482,55.055
b580,8b,8da4w,cand,sarc_linear_dq8ca_coopmat_zpg_t256x64k32g48s16m8_texture3d_texture2d_half,2048,14336,4096,4.5719,52.607
b580,8b,8da4w,cand,sarc_linear_dq8ca_coopmat_zpg_t256x64k32g48s16m8_texture3d_texture2d_half,2048,14336,4096,4.5568,52.783
b580,8b,8da4w,cand,sarc_linear_dq8ca_coopmat_zpg_t256x64k32g48s16m8_texture3d_texture2d_half,2048,4096,14336,4.8408,49.686
b580,8b,8da4w,cand,sarc_linear_dq8ca_coopmat_zpg_t256x64k32g48s16m8_texture3d_texture2d_half,2048,4096,4096,1.2426,55.301
b580,8b,8da4w,cand,sarc_linear_dq8ca_coopmat_zpg_t256x64k32g48s16m8_texture3d_texture2d_half,2048,1024,4096,0.3743,45.893
b580,8b,8da4w,cand,sarc_linear_dq8ca_coopmat_zpg_t256x64k32g48s16m8_texture3d_texture2d_half,2048,1024,4096,0.3729,46.072
b580,8b,8da4w,cand,sarc_linear_dq8ca_coopmat_zpg_t256x64k32g48s16m8_texture3d_texture2d_half,2048,4096,4096,1.233,55.732
b580,8b,8da4w,cand,sarc_linear_dq8ca_coopmat_zpg_t256x64k32g48s16m8_texture3d_texture2d_half,2048,14336,4096,4.5795,52.521
b580,8b,8da4w,cand,sarc_linear_dq8ca_coopmat_zpg_t256x64k32g48s16m8_texture3d_texture2d_half,2048,14336,4096,4.5669,52.666
b580,8b,8da4w,cand,sarc_linear_dq8ca_coopmat_zpg_t256x64k32g48s16m8_texture3d_texture2d_half,2048,4096,14336,5.2118,46.149
b580,8b,8da4w,cand,sarc_linear_dq8ca_coopmat_zpg_t256x64k32g48s16m8_texture3d_texture2d_half,2048,4096,4096,1.245,55.197
b580,8b,8da4w,cand,sarc_linear_dq8ca_coopmat_zpg_t256x64k32g48s16m8_texture3d_texture2d_half,2048,1024,4096,0.3741,45.918
b580,8b,8da4w,cand,sarc_linear_dq8ca_coopmat_zpg_t256x64k32g48s16m8_texture3d_texture2d_half,2048,1024,4096,0.3748,45.835
b580,8b,8da4w,cand,sarc_linear_dq8ca_coopmat_zpg_t256x64k32g48s16m8_texture3d_texture2d_half,2048,4096,4096,1.2431,55.28
b580,8b,8da4w,cand,sarc_linear_dq8ca_coopmat_zpg_t256x64k32g48s16m8_texture3d_texture2d_half,2048,14336,4096,4.5899,52.402
b580,8b,8da4w,cand,sarc_linear_dq8ca_coopmat_zpg_t256x64k32g48s16m8_texture3d_texture2d_half,2048,14336,4096,4.5588,52.759
b580,8b,8da4w,cand,sarc_linear_dq8ca_coopmat_zpg_t256x64k32g48s16m8_texture3d_texture2d_half,2048,4096,14336,4.8113,49.99
b580,8b,8da4w,cand,sarc_linear_dq8ca_coopmat_zpg_t256x64k32g48s16m8_texture3d_texture2d_half,2048,4096,4096,1.2354,55.627
b580,8b,8da4w,cand,sarc_linear_dq8ca_coopmat_zpg_t256x64k32g48s16m8_texture3d_texture2d_half,2048,1024,4096,0.3698,46.461
b580,8b,8da4w,cand,sarc_linear_dq8ca_coopmat_zpg_t256x64k32g48s16m8_texture3d_texture2d_half,2048,1024,4096,0.3741,45.925
b580,8b,8da4w,cand,sarc_linear_dq8ca_coopmat_zpg_t256x64k32g48s16m8_texture3d_texture2d_half,2048,4096,4096,1.2417,55.345
b580,8b,8da4w,cand,sarc_linear_dq8ca_coopmat_zpg_t256x64k32g48s16m8_texture3d_texture2d_half,2048,14336,4096,4.5858,52.448
b580,8b,8da4w,cand,sarc_linear_dq8ca_coopmat_zpg_t256x64k32g48s16m8_texture3d_texture2d_half,2048,14336,4096,4.5752,52.57
b580,8b,8da4w,cand,sarc_linear_dq8ca_coopmat_zpg_t256x64k32g48s16m8_texture3d_texture2d_half,2048,4096,14336,4.8289,49.808
b580,8b,8da4w,cand,sarc_linear_dq8ca_coopmat_zpg_t256x64k32g48s16m8_texture3d_texture2d_half,2048,4096,4096,1.2457,55.167
b580,8b,8da4w,cand,sarc_linear_dq8ca_coopmat_zpg_t256x64k32g48s16m8_texture3d_texture2d_half,2048,1024,4096,0.3741,45.918
b580,8b,8da4w,cand,sarc_linear_dq8ca_coopmat_zpg_t256x64k32g48s16m8_texture3d_texture2d_half,2048,1024,4096,0.3719,46.194
b580,8b,8da4w,cand,sarc_linear_dq8ca_coopmat_zpg_t256x64k32g48s16m8_texture3d_texture2d_half,2048,4096,4096,1.2453,55.181
b580,8b,8da4w,cand,sarc_linear_dq8ca_coopmat_zpg_t256x64k32g48s16m8_texture3d_texture2d_half,2048,14336,4096,4.5765,52.555
b580,8b,8da4w,cand,sarc_linear_dq8ca_coopmat_zpg_t256x64k32g48s16m8_texture3d_texture2d_half,2048,14336,4096,4.5844,52.465
b580,8b,8da4w,cand,sarc_linear_dq8ca_coopmat_zpg_t256x64k32g48s16m8_texture3d_texture2d_half,2048,4096,14336,5.201,46.244
b580,8b,8da4w,cand,sarc_linear_dq8ca_coopmat_zpg_t256x64k32g48s16m8_texture3d_texture2d_half,2048,4096,4096,1.2447,55.211
b580,8b,8da4w,cand,sarc_linear_dq8ca_coopmat_zpg_t256x64k32g48s16m8_texture3d_texture2d_half,2048,1024,4096,0.3729,46.072
b580,8b,8da4w,cand,sarc_linear_dq8ca_coopmat_zpg_t256x64k32g48s16m8_texture3d_texture2d_half,2048,1024,4096,0.3719,46.201
b580,8b,8da4w,cand,sarc_linear_dq8ca_coopmat_zpg_t256x64k32g48s16m8_texture3d_texture2d_half,2048,4096,4096,1.2985,52.923
b580,8b,8da4w,cand,sarc_linear_dq8ca_coopmat_zpg_t256x64k32g48s16m8_texture3d_texture2d_half,2048,14336,4096,4.5544,52.81
b580,8b,8da4w,cand,sarc_linear_dq8ca_coopmat_zpg_t256x64k32g48s16m8_texture3d_texture2d_half,2048,14336,4096,4.5618,52.725
b580,8b,8da4w,cand,sarc_linear_dq8ca_coopmat_zpg_t256x64k32g48s16m8_texture3d_texture2d_half,2048,4096,14336,5.2432,45.873
b580,8b,8da4w,cand,sarc_linear_dq8ca_coopmat_zpg_t256x64k32g48s16m8_texture3d_texture2d_half,2048,4096,4096,1.2539,54.806
b580,8b,8da4w,cand,sarc_linear_dq8ca_coopmat_zpg_t256x64k32g48s16m8_texture3d_texture2d_half,2048,1024,4096,0.3747,45.848
b580,8b,8da4w,cand,sarc_linear_dq8ca_coopmat_zpg_t256x64k32g48s16m8_texture3d_texture2d_half,2048,1024,4096,0.3715,46.246
b580,8b,8da4w,cand,sarc_linear_dq8ca_coopmat_zpg_t256x64k32g48s16m8_texture3d_texture2d_half,2048,4096,4096,1.2292,55.907
b580,8b,8da4w,cand,sarc_linear_dq8ca_coopmat_zpg_t256x64k32g48s16m8_texture3d_texture2d_half,2048,14336,4096,4.5827,52.484
b580,8b,8da4w,cand,sarc_linear_dq8ca_coopmat_zpg_t256x64k32g48s16m8_texture3d_texture2d_half,2048,14336,4096,4.5617,52.726
b580,8b,8da4w,cand,sarc_linear_dq8ca_coopmat_zpg_t256x64k32g48s16m8_texture3d_texture2d_half,2048,4096,14336,4.8634,49.455
b580,8b,8da4w,cand,sarc_linear_dq8ca_coopmat_zpg_t256x64k32g48s16m8_texture3d_texture2d_half,2048,4096,4096,1.2418,55.34
b580,8b,8da4w,cand,sarc_linear_dq8ca_coopmat_zpg_t256x64k32g48s16m8_texture3d_texture2d_half,2048,1024,4096,0.3729,46.066
b580,8b,8da4w,cand,sarc_linear_dq8ca_coopmat_zpg_t256x64k32g48s16m8_texture3d_texture2d_half,2048,1024,4096,0.3723,46.143
b580,8b,8da4w,cand,sarc_linear_dq8ca_coopmat_zpg_t256x64k32g48s16m8_texture3d_texture2d_half,2048,4096,4096,1.2477,55.075
b580,8b,8da4w,cand,sarc_linear_dq8ca_coopmat_zpg_t256x64k32g48s16m8_texture3d_texture2d_half,2048,14336,4096,4.564,52.699
b580,8b,8da4w,cand,sarc_linear_dq8ca_coopmat_zpg_t256x64k32g48s16m8_texture3d_texture2d_half,2048,14336,4096,4.557,52.78
b580,8b,8da4w,cand,sarc_linear_dq8ca_coopmat_zpg_t256x64k32g48s16m8_texture3d_texture2d_half,2048,4096,14336,4.8421,49.672
b580,8b,8da4w,parent,sarc_linear_dq8ca_coopmat_zpg_t256x64k32g48s16m8_texture3d_texture2d_half,2048,4096,4096,1.3336,51.528
b580,8b,8da4w,parent,sarc_linear_dq8ca_coopmat_zpg_t256x64k32g48s16m8_texture3d_texture2d_half,2048,1024,4096,0.3706,46.356
b580,8b,8da4w,parent,sarc_linear_dq8ca_coopmat_zpg_t256x64k32g48s16m8_texture3d_texture2d_half,2048,1024,4096,0.3708,46.33
b580,8b,8da4w,parent,sarc_linear_dq8ca_coopmat_zpg_t256x64k32g48s16m8_texture3d_texture2d_half,2048,4096,4096,1.2426,55.301
b580,8b,8da4w,parent,sarc_linear_dq8ca_coopmat_zpg_t256x64k32g48s16m8_texture3d_texture2d_half,2048,14336,4096,4.5417,52.957
b580,8b,8da4w,parent,sarc_linear_dq8ca_coopmat_zpg_t256x64k32g48s16m8_texture3d_texture2d_half,2048,14336,4096,4.6122,52.148
b580,8b,8da4w,parent,sarc_linear_dq8ca_coopmat_zpg_t256x64k32g48s16m8_texture3d_texture2d_half,2048,4096,14336,4.8496,49.596
b580,8b,8da4w,parent,sarc_linear_dq8ca_coopmat_zpg_t256x64k32g48s16m8_texture3d_texture2d_half,2048,4096,4096,1.247,55.11
b580,8b,8da4w,parent,sarc_linear_dq8ca_coopmat_zpg_t256x64k32g48s16m8_texture3d_texture2d_half,2048,1024,4096,0.3716,46.227
b580,8b,8da4w,parent,sarc_linear_dq8ca_coopmat_zpg_t256x64k32g48s16m8_texture3d_texture2d_half,2048,1024,4096,0.3713,46.272
b580,8b,8da4w,parent,sarc_linear_dq8ca_coopmat_zpg_t256x64k32g48s16m8_texture3d_texture2d_half,2048,4096,4096,1.2398,55.429
b580,8b,8da4w,parent,sarc_linear_dq8ca_coopmat_zpg_t256x64k32g48s16m8_texture3d_texture2d_half,2048,14336,4096,4.563,52.711
b580,8b,8da4w,parent,sarc_linear_dq8ca_coopmat_zpg_t256x64k32g48s16m8_texture3d_texture2d_half,2048,14336,4096,4.5582,52.766
b580,8b,8da4w,parent,sarc_linear_dq8ca_coopmat_zpg_t256x64k32g48s16m8_texture3d_texture2d_half,2048,4096,14336,4.8452,49.64
b580,8b,8da4w,parent,sarc_linear_dq8ca_coopmat_zpg_t256x64k32g48s16m8_texture3d_texture2d_half,2048,4096,4096,1.238,55.51
b580,8b,8da4w,parent,sarc_linear_dq8ca_coopmat_zpg_t256x64k32g48s16m8_texture3d_texture2d_half,2048,1024,4096,0.3756,45.734
b580,8b,8da4w,parent,sarc_linear_dq8ca_coopmat_zpg_t256x64k32g48s16m8_texture3d_texture2d_half,2048,1024,4096,0.371,46.311
b580,8b,8da4w,parent,sarc_linear_dq8ca_coopmat_zpg_t256x64k32g48s16m8_texture3d_texture2d_half,2048,4096,4096,1.2268,56.016
b580,8b,8da4w,parent,sarc_linear_dq8ca_coopmat_zpg_t256x64k32g48s16m8_texture3d_texture2d_half,2048,14336,4096,4.554,52.815
b580,8b,8da4w,parent,sarc_linear_dq8ca_coopmat_zpg_t256x64k32g48s16m8_texture3d_texture2d_half,2048,14336,4096,4.5735,52.589
b580,8b,8da4w,parent,sarc_linear_dq8ca_coopmat_zpg_t256x64k32g48s16m8_texture3d_texture2d_half,2048,4096,14336,4.8588,49.502
b580,8b,8da4w,parent,sarc_linear_dq8ca_coopmat_zpg_t256x64k32g48s16m8_texture3d_texture2d_half,2048,4096,4096,1.246,55.153
b580,8b,8da4w,parent,sarc_linear_dq8ca_coopmat_zpg_t256x64k32g48s16m8_texture3d_texture2d_half,2048,1024,4096,0.3738,45.957
b580,8b,8da4w,parent,sarc_linear_dq8ca_coopmat_zpg_t256x64k32g48s16m8_texture3d_texture2d_half,2048,1024,4096,0.3703,46.395
b580,8b,8da4w,parent,sarc_linear_dq8ca_coopmat_zpg_t256x64k32g48s16m8_texture3d_texture2d_half,2048,4096,4096,1.2814,53.629
b580,8b,8da4w,parent,sarc_linear_dq8ca_coopmat_zpg_t256x64k32g48s16m8_texture3d_texture2d_half,2048,14336,4096,4.5757,52.564
b580,8b,8da4w,parent,sarc_linear_dq8ca_coopmat_zpg_t256x64k32g48s16m8_texture3d_texture2d_half,2048,14336,4096,4.5996,52.292
b580,8b,8da4w,parent,sarc_linear_dq8ca_coopmat_zpg_t256x64k32g48s16m8_texture3d_texture2d_half,2048,4096,14336,4.8367,49.727
b580,8b,8da4w,parent,sarc_linear_dq8ca_coopmat_zpg_t256x64k32g48s16m8_texture3d_texture2d_half,2048,4096,4096,1.243,55.285
b580,8b,8da4w,parent,sarc_linear_dq8ca_coopmat_zpg_t256x64k32g48s16m8_texture3d_texture2d_half,2048,1024,4096,0.3748,45.842
b580,8b,8da4w,parent,sarc_linear_dq8ca_coopmat_zpg_t256x64k32g48s16m8_texture3d_texture2d_half,2048,1024,4096,0.3736,45.982
b580,8b,8da4w,parent,sarc_linear_dq8ca_coopmat_zpg_t256x64k32g48s16m8_texture3d_texture2d_half,2048,4096,4096,1.3067,52.592
b580,8b,8da4w,parent,sarc_linear_dq8ca_coopmat_zpg_t256x64k32g48s16m8_texture3d_texture2d_half,2048,14336,4096,4.5657,52.679
b580,8b,8da4w,parent,sarc_linear_dq8ca_coopmat_zpg_t256x64k32g48s16m8_texture3d_texture2d_half,2048,14336,4096,4.5536,52.819
b580,8b,8da4w,parent,sarc_linear_dq8ca_coopmat_zpg_t256x64k32g48s16m8_texture3d_texture2d_half,2048,4096,14336,4.8485,49.607
b580,8b,8da4w,parent,sarc_linear_dq8ca_coopmat_zpg_t256x64k32g48s16m8_texture3d_texture2d_half,2048,4096,4096,1.2408,55.384
b580,8b,8da4w,parent,sarc_linear_dq8ca_coopmat_zpg_t256x64k32g48s16m8_texture3d_texture2d_half,2048,1024,4096,0.372,46.188
b580,8b,8da4w,parent,sarc_linear_dq8ca_coopmat_zpg_t256x64k32g48s16m8_texture3d_texture2d_half,2048,1024,4096,0.3737,45.969
b580,8b,8da4w,parent,sarc_linear_dq8ca_coopmat_zpg_t256x64k32g48s16m8_texture3d_texture2d_half,2048,4096,4096,1.2283,55.947
b580,8b,8da4w,parent,sarc_linear_dq8ca_coopmat_zpg_t256x64k32g48s16m8_texture3d_texture2d_half,2048,14336,4096,4.5737,52.588
b580,8b,8da4w,parent,sarc_linear_dq8ca_coopmat_zpg_t256x64k32g48s16m8_texture3d_texture2d_half,2048,14336,4096,4.5725,52.601
b580,8b,8da4w,parent,sarc_linear_dq8ca_coopmat_zpg_t256x64k32g48s16m8_texture3d_texture2d_half,2048,4096,14336,4.8495,49.597
b580,8b,8da4w,parent,sarc_linear_dq8ca_coopmat_zpg_t256x64k32g48s16m8_texture3d_texture2d_half,2048,4096,4096,1.236,55.599
b580,8b,8da4w,parent,sarc_linear_dq8ca_coopmat_zpg_t256x64k32g48s16m8_texture3d_texture2d_half,2048,1024,4096,0.373,46.059
b580,8b,8da4w,parent,sarc_linear_dq8ca_coopmat_zpg_t256x64k32g48s16m8_texture3d_texture2d_half,2048,1024,4096,0.3719,46.201
b580,8b,8da4w,parent,sarc_linear_dq8ca_coopmat_zpg_t256x64k32g48s16m8_texture3d_texture2d_half,2048,4096,4096,1.2465,55.128
b580,8b,8da4w,parent,sarc_linear_dq8ca_coopmat_zpg_t256x64k32g48s16m8_texture3d_texture2d_half,2048,14336,4096,4.597,52.321
b580,8b,8da4w,parent,sarc_linear_dq8ca_coopmat_zpg_t256x64k32g48s16m8_texture3d_texture2d_half,2048,14336,4096,4.5738,52.586
b580,8b,8da4w,parent,sarc_linear_dq8ca_coopmat_zpg_t256x64k32g48s16m8_texture3d_texture2d_half,2048,4096,14336,5.2066,46.195
b580,8b,8da4w,parent,sarc_linear_dq8ca_coopmat_zpg_t256x64k32g48s16m8_texture3d_texture2d_half,2048,4096,4096,1.241,55.373
b580,8b,8da4w,parent,sarc_linear_dq8ca_coopmat_zpg_t256x64k32g48s16m8_texture3d_texture2d_half,2048,1024,4096,0.3752,45.791
b580,8b,8da4w,parent,sarc_linear_dq8ca_coopmat_zpg_t256x64k32g48s16m8_texture3d_texture2d_half,2048,1024,4096,0.3716,46.227
b580,8b,8da4w,parent,sarc_linear_dq8ca_coopmat_zpg_t256x64k32g48s16m8_texture3d_texture2d_half,2048,4096,4096,1.2238,56.154
b580,8b,8da4w,parent,sarc_linear_dq8ca_coopmat_zpg_t256x64k32g48s16m8_texture3d_texture2d_half,2048,14336,4096,4.5704,52.625
b580,8b,8da4w,parent,sarc_linear_dq8ca_coopmat_zpg_t256x64k32g48s16m8_texture3d_texture2d_half,2048,14336,4096,4.5628,52.712
b580,8b,8da4w,parent,sarc_linear_dq8ca_coopmat_zpg_t256x64k32g48s16m8_texture3d_texture2d_half,2048,4096,14336,4.8761,49.326
b580,8b,8da4w,parent,sarc_linear_dq8ca_coopmat_zpg_t256x64k32g48s16m8_texture3d_texture2d_half,2048,4096,4096,1.2331,55.73
b580,8b,8da4w,parent,sarc_linear_dq8ca_coopmat_zpg_t256x64k32g48s16m8_texture3d_texture2d_half,2048,1024,4096,0.3745,45.88
b580,8b,8da4w,parent,sarc_linear_dq8ca_coopmat_zpg_t256x64k32g48s16m8_texture3d_texture2d_half,2048,1024,4096,0.3732,46.04
b580,8b,8da4w,parent,sarc_linear_dq8ca_coopmat_zpg_t256x64k32g48s16m8_texture3d_texture2d_half,2048,4096,4096,1.2342,55.681
b580,8b,8da4w,parent,sarc_linear_dq8ca_coopmat_zpg_t256x64k32g48s16m8_texture3d_texture2d_half,2048,14336,4096,4.5593,52.753
b580,8b,8da4w,parent,sarc_linear_dq8ca_coopmat_zpg_t256x64k32g48s16m8_texture3d_texture2d_half,2048,14336,4096,4.5483,52.881
b580,8b,8da4w,parent,sarc_linear_dq8ca_coopmat_zpg_t256x64k32g48s16m8_texture3d_texture2d_half,2048,4096,14336,5.2023,46.233
b580,8b,8da4w,parent,sarc_linear_dq8ca_coopmat_zpg_t256x64k32g48s16m8_texture3d_texture2d_half,2048,4096,4096,1.2443,55.229
b580,8b,8da4w,parent,sarc_linear_dq8ca_coopmat_zpg_t256x64k32g48s16m8_texture3d_texture2d_half,2048,1024,4096,0.372,46.188
b580,8b,8da4w,parent,sarc_linear_dq8ca_coopmat_zpg_t256x64k32g48s16m8_texture3d_texture2d_half,2048,1024,4096,0.3727,46.091
b580,8b,8da4w,parent,sarc_linear_dq8ca_coopmat_zpg_t256x64k32g48s16m8_texture3d_texture2d_half,2048,4096,4096,1.2408,55.382
b580,8b,8da4w,parent,sarc_linear_dq8ca_coopmat_zpg_t256x64k32g48s16m8_texture3d_texture2d_half,2048,14336,4096,4.6072,52.205
b580,8b,8da4w,parent,sarc_linear_dq8ca_coopmat_zpg_t256x64k32g48s16m8_texture3d_texture2d_half,2048,14336,4096,4.578,52.538
b580,8b,8da4w,parent,sarc_linear_dq8ca_coopmat_zpg_t256x64k32g48s16m8_texture3d_texture2d_half,2048,4096,14336,4.8425,49.668
b580,8b,8da4w,parent,sarc_linear_dq8ca_coopmat_zpg_t256x64k32g48s16m8_texture3d_texture2d_half,2048,4096,4096,1.2401,55.415
b580,8b,8da4w,parent,sarc_linear_dq8ca_coopmat_zpg_t256x64k32g48s16m8_texture3d_texture2d_half,2048,1024,4096,0.3733,46.027
b580,8b,8da4w,parent,sarc_linear_dq8ca_coopmat_zpg_t256x64k32g48s16m8_texture3d_texture2d_half,2048,1024,4096,0.3764,45.639
b580,8b,8da4w,parent,sarc_linear_dq8ca_coopmat_zpg_t256x64k32g48s16m8_texture3d_texture2d_half,2048,4096,4096,1.2398,55.426
b580,8b,8da4w,parent,sarc_linear_dq8ca_coopmat_zpg_t256x64k32g48s16m8_texture3d_texture2d_half,2048,14336,4096,4.5694,52.637
b580,8b,8da4w,parent,sarc_linear_dq8ca_coopmat_zpg_t256x64k32g48s16m8_texture3d_texture2d_half,2048,14336,4096,4.5741,52.583
b580,8b,8da4w,parent,sarc_linear_dq8ca_coopmat_zpg_t256x64k32g48s16m8_texture3d_texture2d_half,2048,4096,14336,4.8832,49.254
b580,8b,8da4w,parent,sarc_linear_dq8ca_coopmat_zpg_t256x64k32g48s16m8_texture3d_texture2d_half,2048,4096,4096,1.2478,55.073
b580,8b,8da4w,parent,sarc_linear_dq8ca_coopmat_zpg_t256x64k32g48s16m8_texture3d_texture2d_half,2048,1024,4096,0.3739,45.95
b580,8b,8da4w,parent,sarc_linear_dq8ca_coopmat_zpg_t256x64k32g48s16m8_texture3d_texture2d_half,2048,1024,4096,0.3736,45.982
b580,8b,8da4w,parent,sarc_linear_dq8ca_coopmat_zpg_t256x64k32g48s16m8_texture3d_texture2d_half,2048,4096,4096,1.2406,55.394
b580,8b,8da4w,parent,sarc_linear_dq8ca_coopmat_zpg_t256x64k32g48s16m8_texture3d_texture2d_half,2048,14336,4096,4.5717,52.61
b580,8b,8da4w,parent,sarc_linear_dq8ca_coopmat_zpg_t256x64k32g48s16m8_texture3d_texture2d_half,2048,14336,4096,4.5773,52.546
b580,8b,8da4w,parent,sarc_linear_dq8ca_coopmat_zpg_t256x64k32g48s16m8_texture3d_texture2d_half,2048,4096,14336,5.1563,46.645
b580,8b,8da4w,parent,sarc_linear_dq8ca_coopmat_zpg_t256x64k32g48s16m8_texture3d_texture2d_half,2048,4096,4096,1.2413,55.361
b580,8b,8da4w,parent,sarc_linear_dq8ca_coopmat_zpg_t256x64k32g48s16m8_texture3d_texture2d_half,2048,1024,4096,0.3737,45.976
b580,8b,8da4w,parent,sarc_linear_dq8ca_coopmat_zpg_t256x64k32g48s16m8_texture3d_texture2d_half,2048,1024,4096,0.3753,45.778
b580,8b,8da4w,parent,sarc_linear_dq8ca_coopmat_zpg_t256x64k32g48s16m8_texture3d_texture2d_half,2048,4096,4096,1.2331,55.728
b580,8b,8da4w,parent,sarc_linear_dq8ca_coopmat_zpg_t256x64k32g48s16m8_texture3d_texture2d_half,2048,14336,4096,4.5674,52.66
b580,8b,8da4w,parent,sarc_linear_dq8ca_coopmat_zpg_t256x64k32g48s16m8_texture3d_texture2d_half,2048,14336,4096,4.5644,52.695
b580,8b,8da4w,parent,sarc_linear_dq8ca_coopmat_zpg_t256x64k32g48s16m8_texture3d_texture2d_half,2048,4096,14336,5.2078,46.184
b580,8b,8da4w,parent,sarc_linear_dq8ca_coopmat_zpg_t256x64k32g48s16m8_texture3d_texture2d_half,2048,4096,4096,1.2426,55.301
b580,8b,8da4w,parent,sarc_linear_dq8ca_coopmat_zpg_t256x64k32g48s16m8_texture3d_texture2d_half,2048,1024,4096,0.3731,46.046
b580,8b,8da4w,parent,sarc_linear_dq8ca_coopmat_zpg_t256x64k32g48s16m8_texture3d_texture2d_half,2048,1024,4096,0.3739,45.95
b580,8b,8da4w,parent,sarc_linear_dq8ca_coopmat_zpg_t256x64k32g48s16m8_texture3d_texture2d_half,2048,4096,4096,1.309,52.498
b580,8b,8da4w,parent,sarc_linear_dq8ca_coopmat_zpg_t256x64k32g48s16m8_texture3d_texture2d_half,2048,14336,4096,4.578,52.538
b580,8b,8da4w,parent,sarc_linear_dq8ca_coopmat_zpg_t256x64k32g48s16m8_texture3d_texture2d_half,2048,14336,4096,4.5558,52.794
b580,8b,8da4w,parent,sarc_linear_dq8ca_coopmat_zpg_t256x64k32g48s16m8_texture3d_texture2d_half,2048,4096,14336,4.8337,49.759
b580,8b,8da4w,parent,sarc_linear_dq8ca_coopmat_zpg_t256x64k32g48s16m8_texture3d_texture2d_half,2048,4096,4096,1.2475,55.084
b580,8b,8da4w,parent,sarc_linear_dq8ca_coopmat_zpg_t256x64k32g48s16m8_texture3d_texture2d_half,2048,1024,4096,0.3726,46.111
b580,8b,8da4w,parent,sarc_linear_dq8ca_coopmat_zpg_t256x64k32g48s16m8_texture3d_texture2d_half,2048,1024,4096,0.3739,45.95
b580,8b,8da4w,parent,sarc_linear_dq8ca_coopmat_zpg_t256x64k32g48s16m8_texture3d_texture2d_half,2048,4096,4096,1.2319,55.782
b580,8b,8da4w,parent,sarc_linear_dq8ca_coopmat_zpg_t256x64k32g48s16m8_texture3d_texture2d_half,2048,14336,4096,4.5765,52.555
b580,8b,8da4w,parent,sarc_linear_dq8ca_coopmat_zpg_t256x64k32g48s16m8_texture3d_texture2d_half,2048,14336,4096,4.5691,52.64
b580,8b,8da4w,parent,sarc_linear_dq8ca_coopmat_zpg_t256x64k32g48s16m8_texture3d_texture2d_half,2048,4096,14336,4.8811,49.276
b580,8b,8da4w,parent,sarc_linear_dq8ca_coopmat_zpg_t256x64k32g48s16m8_texture3d_texture2d_half,2048,4096,4096,1.2369,55.557
b580,8b,8da4w,parent,sarc_linear_dq8ca_coopmat_zpg_t256x64k32g48s16m8_texture3d_texture2d_half,2048,1024,4096,0.3749,45.829
b580,8b,8da4w,parent,sarc_linear_dq8ca_coopmat_zpg_t256x64k32g48s16m8_texture3d_texture2d_half,2048,1024,4096,0.3748,45.842
b580,8b,8da4w,parent,sarc_linear_dq8ca_coopmat_zpg_t256x64k32g48s16m8_texture3d_texture2d_half,2048,4096,4096,1.3088,52.506
b580,8b,8da4w,parent,sarc_linear_dq8ca_coopmat_zpg_t256x64k32g48s16m8_texture3d_texture2d_half,2048,14336,4096,4.5763,52.557
b580,8b,8da4w,parent,sarc_linear_dq8ca_coopmat_zpg_t256x64k32g48s16m8_texture3d_texture2d_half,2048,14336,4096,4.5786,52.531
b580,8b,8da4w,parent,sarc_linear_dq8ca_coopmat_zpg_t256x64k32g48s16m8_texture3d_texture2d_half,2048,4096,14336,4.8511,49.58
b580,8b,8da4w,parent,sarc_linear_dq8ca_coopmat_zpg_t256x64k32g48s16m8_texture3d_texture2d_half,2048,4096,4096,1.2399,55.424
b580,8b,8da4w,parent,sarc_linear_dq8ca_coopmat_zpg_t256x64k32g48s16m8_texture3d_texture2d_half,2048,1024,4096,0.376,45.69
b580,8b,8da4w,parent,sarc_linear_dq8ca_coopmat_zpg_t256x64k32g48s16m8_texture3d_texture2d_half,2048,1024,4096,0.3697,46.474
b580,8b,8da4w,parent,sarc_linear_dq8ca_coopmat_zpg_t256x64k32g48s16m8_texture3d_texture2d_half,2048,4096,4096,1.311,52.417
b580,8b,8da4w,parent,sarc_linear_dq8ca_coopmat_zpg_t256x64k32g48s16m8_texture3d_texture2d_half,2048,14336,4096,4.564,52.699
b580,8b,8da4w,parent,sarc_linear_dq8ca_coopmat_zpg_t256x64k32g48s16m8_texture3d_texture2d_half,2048,14336,4096,4.5815,52.498
b580,8b,8da4w,parent,sarc_linear_dq8ca_coopmat_zpg_t256x64k32g48s16m8_texture3d_texture2d_half,2048,4096,14336,4.8624,49.465
b580,8b,8da4w,parent,sarc_linear_dq8ca_coopmat_zpg_t256x64k32g48s16m8_texture3d_texture2d_half,2048,4096,4096,1.3036,52.716
b580,8b,8da4w,parent,sarc_linear_dq8ca_coopmat_zpg_t256x64k32g48s16m8_texture3d_texture2d_half,2048,1024,4096,0.3736,45.982
b580,8b,8da4w,parent,sarc_linear_dq8ca_coopmat_zpg_t256x64k32g48s16m8_texture3d_texture2d_half,2048,1024,4096,0.3723,46.143
b580,8b,8da4w,parent,sarc_linear_dq8ca_coopmat_zpg_t256x64k32g48s16m8_texture3d_texture2d_half,2048,4096,4096,1.2334,55.714
b580,8b,8da4w,parent,sarc_linear_dq8ca_coopmat_zpg_t256x64k32g48s16m8_texture3d_texture2d_half,2048,14336,4096,4.5694,52.637
b580,8b,8da4w,parent,sarc_linear_dq8ca_coopmat_zpg_t256x64k32g48s16m8_texture3d_texture2d_half,2048,14336,4096,4.5679,52.654
b580,8b,8da4w,parent,sarc_linear_dq8ca_coopmat_zpg_t256x64k32g48s16m8_texture3d_texture2d_half,2048,4096,14336,5.2198,46.078
b580,8b,8da4w,parent,sarc_linear_dq8ca_coopmat_zpg_t256x64k32g48s16m8_texture3d_texture2d_half,2048,4096,4096,1.3149,52.263
b580,8b,8da4w,parent,sarc_linear_dq8ca_coopmat_zpg_t256x64k32g48s16m8_texture3d_texture2d_half,2048,1024,4096,0.3716,46.227
b580,8b,8da4w,parent,sarc_linear_dq8ca_coopmat_zpg_t256x64k32g48s16m8_texture3d_texture2d_half,2048,1024,4096,0.3799,45.221
b580,8b,8da4w,parent,sarc_linear_dq8ca_coopmat_zpg_t256x64k32g48s16m8_texture3d_texture2d_half,2048,4096,4096,1.2425,55.306
b580,8b,8da4w,parent,sarc_linear_dq8ca_coopmat_zpg_t256x64k32g48s16m8_texture3d_texture2d_half,2048,14336,4096,4.5717,52.61
b580,8b,8da4w,parent,sarc_linear_dq8ca_coopmat_zpg_t256x64k32g48s16m8_texture3d_texture2d_half,2048,14336,4096,4.5722,52.604
b580,8b,8da4w,parent,sarc_linear_dq8ca_coopmat_zpg_t256x64k32g48s16m8_texture3d_texture2d_half,2048,4096,14336,4.8319,49.777
b580,8b,8da4w,parent,sarc_linear_dq8ca_coopmat_zpg_t256x64k32g48s16m8_texture3d_texture2d_half,2048,4096,4096,1.2279,55.964
b580,8b,8da4w,parent,sarc_linear_dq8ca_coopmat_zpg_t256x64k32g48s16m8_texture3d_texture2d_half,2048,1024,4096,0.3727,46.091
b580,8b,8da4w,parent,sarc_linear_dq8ca_coopmat_zpg_t256x64k32g48s16m8_texture3d_texture2d_half,2048,1024,4096,0.3724,46.136
b580,8b,8da4w,parent,sarc_linear_dq8ca_coopmat_zpg_t256x64k32g48s16m8_texture3d_texture2d_half,2048,4096,4096,1.2475,55.084
b580,8b,8da4w,parent,sarc_linear_dq8ca_coopmat_zpg_t256x64k32g48s16m8_texture3d_texture2d_half,2048,14336,4096,4.5733,52.591
b580,8b,8da4w,parent,sarc_linear_dq8ca_coopmat_zpg_t256x64k32g48s16m8_texture3d_texture2d_half,2048,14336,4096,4.564,52.699
b580,8b,8da4w,parent,sarc_linear_dq8ca_coopmat_zpg_t256x64k32g48s16m8_texture3d_texture2d_half,2048,4096,14336,5.1977,46.274
b580,8b,8da4w,parent,sarc_linear_dq8ca_coopmat_zpg_t256x64k32g48s16m8_texture3d_texture2d_half,2048,4096,4096,1.2938,53.116
b580,8b,8da4w,parent,sarc_linear_dq8ca_coopmat_zpg_t256x64k32g48s16m8_texture3d_texture2d_half,2048,1024,4096,0.368,46.684
b580,8b,8da4w,parent,sarc_linear_dq8ca_coopmat_zpg_t256x64k32g48s16m8_texture3d_texture2d_half,2048,1024,4096,0.3709,46.324
b580,8b,8da4w,parent,sarc_linear_dq8ca_coopmat_zpg_t256x64k32g48s16m8_texture3d_texture2d_half,2048,4096,4096,1.2417,55.345
b580,8b,8da4w,parent,sarc_linear_dq8ca_coopmat_zpg_t256x64k32g48s16m8_texture3d_texture2d_half,2048,14336,4096,4.5948,52.345
b580,8b,8da4w,parent,sarc_linear_dq8ca_coopmat_zpg_t256x64k32g48s16m8_texture3d_texture2d_half,2048,14336,4096,4.5692,52.639
b580,8b,8da4w,parent,sarc_linear_dq8ca_coopmat_zpg_t256x64k32g48s16m8_texture3d_texture2d_half,2048,4096,14336,4.8643,49.445
b580,8b,8da4w,parent,sarc_linear_dq8ca_coopmat_zpg_t256x64k32g48s16m8_texture3d_texture2d_half,2048,4096,4096,1.2403,55.408
b580,8b,8da4w,parent,sarc_linear_dq8ca_coopmat_zpg_t256x64k32g48s16m8_texture3d_texture2d_half,2048,1024,4096,0.3739,45.944
b580,8b,8da4w,parent,sarc_linear_dq8ca_coopmat_zpg_t256x64k32g48s16m8_texture3d_texture2d_half,2048,1024,4096,0.3723,46.149
b580,8b,8da4w,parent,sarc_linear_dq8ca_coopmat_zpg_t256x64k32g48s16m8_texture3d_texture2d_half,2048,4096,4096,1.2316,55.796
b580,8b,8da4w,parent,sarc_linear_dq8ca_coopmat_zpg_t256x64k32g48s16m8_texture3d_texture2d_half,2048,14336,4096,4.575,52.573
b580,8b,8da4w,parent,sarc_linear_dq8ca_coopmat_zpg_t256x64k32g48s16m8_texture3d_texture2d_half,2048,14336,4096,4.5778,52.54
b580,8b,8da4w,parent,sarc_linear_dq8ca_coopmat_zpg_t256x64k32g48s16m8_texture3d_texture2d_half,2048,4096,14336,4.8435,49.658
b580,8b,8da4w,parent,sarc_linear_dq8ca_coopmat_zpg_t256x64k32g48s16m8_texture3d_texture2d_half,2048,4096,4096,1.2461,55.149
b580,8b,8da4w,parent,sarc_linear_dq8ca_coopmat_zpg_t256x64k32g48s16m8_texture3d_texture2d_half,2048,1024,4096,0.3731,46.046
b580,8b,8da4w,parent,sarc_linear_dq8ca_coopmat_zpg_t256x64k32g48s16m8_texture3d_texture2d_half,2048,1024,4096,0.3727,46.091
b580,8b,8da4w,parent,sarc_linear_dq8ca_coopmat_zpg_t256x64k32g48s16m8_texture3d_texture2d_half,2048,4096,4096,1.2842,53.51
b580,8b,8da4w,parent,sarc_linear_dq8ca_coopmat_zpg_t256x64k32g48s16m8_texture3d_texture2d_half,2048,14336,4096,4.568,52.653
b580,8b,8da4w,parent,sarc_linear_dq8ca_coopmat_zpg_t256x64k32g48s16m8_texture3d_texture2d_half,2048,14336,4096,4.5846,52.462
b580,8b,8da4w,parent,sarc_linear_dq8ca_coopmat_zpg_t256x64k32g48s16m8_texture3d_texture2d_half,2048,4096,14336,4.8635,49.454
b580,8b,8da4w,parent,sarc_linear_dq8ca_coopmat_zpg_t256x64k32g48s16m8_texture3d_texture2d_half,2048,4096,4096,1.2341,55.683
b580,8b,8da4w,parent,sarc_linear_dq8ca_coopmat_zpg_t256x64k32g48s16m8_texture3d_texture2d_half,2048,1024,4096,0.376,45.69
b580,8b,8da4w,parent,sarc_linear_dq8ca_coopmat_zpg_t256x64k32g48s16m8_texture3d_texture2d_half,2048,1024,4096,0.3734,46.008
b580,8b,8da4w,parent,sarc_linear_dq8ca_coopmat_zpg_t256x64k32g48s16m8_texture3d_texture2d_half,2048,4096,4096,1.2403,55.405
b580,8b,8da4w,parent,sarc_linear_dq8ca_coopmat_zpg_t256x64k32g48s16m8_texture3d_texture2d_half,2048,14336,4096,4.6041,52.24
b580,8b,8da4w,parent,sarc_linear_dq8ca_coopmat_zpg_t256x64k32g48s16m8_texture3d_texture2d_half,2048,14336,4096,4.561,52.733
b580,8b,8da4w,parent,sarc_linear_dq8ca_coopmat_zpg_t256x64k32g48s16m8_texture3d_texture2d_half,2048,4096,14336,4.8739,49.348
b580,8b,8da4w,parent,sarc_linear_dq8ca_coopmat_zpg_t256x64k32g48s16m8_texture3d_texture2d_half,2048,4096,4096,1.2452,55.188
b580,8b,8da4w,parent,sarc_linear_dq8ca_coopmat_zpg_t256x64k32g48s16m8_texture3d_texture2d_half,2048,1024,4096,0.3741,45.925
b580,8b,8da4w,parent,sarc_linear_dq8ca_coopmat_zpg_t256x64k32g48s16m8_texture3d_texture2d_half,2048,1024,4096,0.3745,45.874
b580,8b,8da4w,parent,sarc_linear_dq8ca_coopmat_zpg_t256x64k32g48s16m8_texture3d_texture2d_half,2048,4096,4096,1.2427,55.296
b580,8b,8da4w,parent,sarc_linear_dq8ca_coopmat_zpg_t256x64k32g48s16m8_texture3d_texture2d_half,2048,14336,4096,4.5509,52.85
b580,8b,8da4w,parent,sarc_linear_dq8ca_coopmat_zpg_t256x64k32g48s16m8_texture3d_texture2d_half,2048,14336,4096,4.5531,52.826
b580,8b,8da4w,parent,sarc_linear_dq8ca_coopmat_zpg_t256x64k32g48s16m8_texture3d_texture2d_half,2048,4096,14336,4.8362,49.733
b580,8b,8da4w,parent,sarc_linear_dq8ca_coopmat_zpg_t256x64k32g48s16m8_texture3d_texture2d_half,2048,4096,4096,1.2393,55.45
b580,8b,8da4w,parent,sarc_linear_dq8ca_coopmat_zpg_t256x64k32g48s16m8_texture3d_texture2d_half,2048,1024,4096,0.373,46.059
b580,8b,8da4w,parent,sarc_linear_dq8ca_coopmat_zpg_t256x64k32g48s16m8_texture3d_texture2d_half,2048,1024,4096,0.3738,45.963
b580,8b,8da4w,parent,sarc_linear_dq8ca_coopmat_zpg_t256x64k32g48s16m8_texture3d_texture2d_half,2048,4096,4096,1.2848,53.488
b580,8b,8da4w,parent,sarc_linear_dq8ca_coopmat_zpg_t256x64k32g48s16m8_texture3d_texture2d_half,2048,14336,4096,4.5915,52.383
b580,8b,8da4w,parent,sarc_linear_dq8ca_coopmat_zpg_t256x64k32g48s16m8_texture3d_texture2d_half,2048,14336,4096,4.5624,52.717
b580,8b,8da4w,parent,sarc_linear_dq8ca_coopmat_zpg_t256x64k32g48s16m8_texture3d_texture2d_half,2048,4096,14336,5.1852,46.386
b580,8b,8da4w,parent,sarc_linear_dq8ca_coopmat_zpg_t256x64k32g48s16m8_texture3d_texture2d_half,2048,4096,4096,1.2405,55.398
b580,8b,8da4w,parent,sarc_linear_dq8ca_coopmat_zpg_t256x64k32g48s16m8_texture3d_texture2d_half,2048,1024,4096,0.3727,46.091
b580,8b,8da4w,parent,sarc_linear_dq8ca_coopmat_zpg_t256x64k32g48s16m8_texture3d_texture2d_half,2048,1024,4096,0.3745,45.874
b580,8b,8da4w,parent,sarc_linear_dq8ca_coopmat_zpg_t256x64k32g48s16m8_texture3d_texture2d_half,2048,4096,4096,1.2426,55.303
b580,8b,8da4w,parent,sarc_linear_dq8ca_coopmat_zpg_t256x64k32g48s16m8_texture3d_texture2d_half,2048,14336,4096,4.592,52.377
b580,8b,8da4w,parent,sarc_linear_dq8ca_coopmat_zpg_t256x64k32g48s16m8_texture3d_texture2d_half,2048,14336,4096,4.5792,52.524
b580,8b,8da4w,parent,sarc_linear_dq8ca_coopmat_zpg_t256x64k32g48s16m8_texture3d_texture2d_half,2048,4096,14336,4.8389,49.705
b580,8b,8da4w,parent,sarc_linear_dq8ca_coopmat_zpg_t256x64k32g48s16m8_texture3d_texture2d_half,2048,4096,4096,1.2404,55.403
b580,8b,8da4w,parent,sarc_linear_dq8ca_coopmat_zpg_t256x64k32g48s16m8_texture3d_texture2d_half,2048,1024,4096,0.3739,45.944
b580,8b,8da4w,parent,sarc_linear_dq8ca_coopmat_zpg_t256x64k32g48s16m8_texture3d_texture2d_half,2048,1024,4096,0.3733,46.027
b580,8b,8da4w,parent,sarc_linear_dq8ca_coopmat_zpg_t256x64k32g48s16m8_texture3d_texture2d_half,2048,4096,4096,1.2481,55.059
b580,8b,8da4w,parent,sarc_linear_dq8ca_coopmat_zpg_t256x64k32g48s16m8_texture3d_texture2d_half,2048,14336,4096,4.5909,52.39
b580,8b,8da4w,parent,sarc_linear_dq8ca_coopmat_zpg_t256x64k32g48s16m8_texture3d_texture2d_half,2048,14336,4096,4.6011,52.274
b580,8b,8da4w,parent,sarc_linear_dq8ca_coopmat_zpg_t256x64k32g48s16m8_texture3d_texture2d_half,2048,4096,14336,4.8393,49.701
b580,8b,8da4w,parent,sarc_linear_dq8ca_coopmat_zpg_t256x64k32g48s16m8_texture3d_texture2d_half,2048,4096,4096,1.2437,55.252
b580,8b,8da4w,parent,sarc_linear_dq8ca_coopmat_zpg_t256x64k32g48s16m8_texture3d_texture2d_half,2048,1024,4096,0.3755,45.753
b580,8b,8da4w,parent,sarc_linear_dq8ca_coopmat_zpg_t256x64k32g48s16m8_texture3d_texture2d_half,2048,1024,4096,0.3741,45.925
b580,8b,8da4w,parent,sarc_linear_dq8ca_coopmat_zpg_t256x64k32g48s16m8_texture3d_texture2d_half,2048,4096,4096,1.2411,55.371
b580,8b,8da4w,parent,sarc_linear_dq8ca_coopmat_zpg_t256x64k32g48s16m8_texture3d_texture2d_half,2048,14336,4096,4.5983,52.306
b580,8b,8da4w,parent,sarc_linear_dq8ca_coopmat_zpg_t256x64k32g48s16m8_texture3d_texture2d_half,2048,14336,4096,4.5765,52.555
b580,8b,8da4w,parent,sarc_linear_dq8ca_coopmat_zpg_t256x64k32g48s16m8_texture3d_texture2d_half,2048,4096,14336,4.8182,49.919
b580,8b,8da4w,parent,sarc_linear_dq8ca_coopmat_zpg_t256x64k32g48s16m8_texture3d_texture2d_half,2048,4096,4096,1.2468,55.117
b580,8b,8da4w,parent,sarc_linear_dq8ca_coopmat_zpg_t256x64k32g48s16m8_texture3d_texture2d_half,2048,1024,4096,0.3674,46.763
b580,8b,8da4w,parent,sarc_linear_dq8ca_coopmat_zpg_t256x64k32g48s16m8_texture3d_texture2d_half,2048,1024,4096,0.3733,46.021
b580,8b,8da4w,parent,sarc_linear_dq8ca_coopmat_zpg_t256x64k32g48s16m8_texture3d_texture2d_half,2048,4096,4096,1.2384,55.491
b580,8b,8da4w,parent,sarc_linear_dq8ca_coopmat_zpg_t256x64k32g48s16m8_texture3d_texture2d_half,2048,14336,4096,4.5843,52.466
b580,8b,8da4w,parent,sarc_linear_dq8ca_coopmat_zpg_t256x64k32g48s16m8_texture3d_texture2d_half,2048,14336,4096,4.6096,52.178
b580,8b,8da4w,parent,sarc_linear_dq8ca_coopmat_zpg_t256x64k32g48s16m8_texture3d_texture2d_half,2048,4096,14336,4.8552,49.538
b580,8b,8da4w,parent,sarc_linear_dq8ca_coopmat_zpg_t256x64k32g48s16m8_texture3d_texture2d_half,2048,4096,4096,1.2425,55.308
b580,8b,8da4w,parent,sarc_linear_dq8ca_coopmat_zpg_t256x64k32g48s16m8_texture3d_texture2d_half,2048,1024,4096,0.3701,46.422
b580,8b,8da4w,parent,sarc_linear_dq8ca_coopmat_zpg_t256x64k32g48s16m8_texture3d_texture2d_half,2048,1024,4096,0.3724,46.13
b580,8b,8da4w,parent,sarc_linear_dq8ca_coopmat_zpg_t256x64k32g48s16m8_texture3d_texture2d_half,2048,4096,4096,1.2768,53.824
b580,8b,8da4w,parent,sarc_linear_dq8ca_coopmat_zpg_t256x64k32g48s16m8_texture3d_texture2d_half,2048,14336,4096,4.5832,52.478
b580,8b,8da4w,parent,sarc_linear_dq8ca_coopmat_zpg_t256x64k32g48s16m8_texture3d_texture2d_half,2048,14336,4096,4.5639,52.7
b580,8b,8da4w,parent,sarc_linear_dq8ca_coopmat_zpg_t256x64k32g48s16m8_texture3d_texture2d_half,2048,4096,14336,4.8354,49.741
b580,8b,8da4w,parent,sarc_linear_dq8ca_coopmat_zpg_t256x64k32g48s16m8_texture3d_texture2d_half,2048,4096,4096,1.303,52.739
b580,8b,8da4w,parent,sarc_linear_dq8ca_coopmat_zpg_t256x64k32g48s16m8_texture3d_texture2d_half,2048,1024,4096,0.3747,45.848
b580,8b,8da4w,parent,sarc_linear_dq8ca_coopmat_zpg_t256x64k32g48s16m8_texture3d_texture2d_half,2048,1024,4096,0.3735,45.995
b580,8b,8da4w,parent,sarc_linear_dq8ca_coopmat_zpg_t256x64k32g48s16m8_texture3d_texture2d_half,2048,4096,4096,1.2476,55.08
b580,8b,8da4w,parent,sarc_linear_dq8ca_coopmat_zpg_t256x64k32g48s16m8_texture3d_texture2d_half,2048,14336,4096,4.5692,52.639
b580,8b,8da4w,parent,sarc_linear_dq8ca_coopmat_zpg_t256x64k32g48s16m8_texture3d_texture2d_half,2048,14336,4096,4.5799,52.516
b580,8b,8da4w,parent,sarc_linear_dq8ca_coopmat_zpg_t256x64k32g48s16m8_texture3d_texture2d_half,2048,4096,14336,4.8309,49.788
