family,stage,batch,token,model,op,M,N,K,kernel,dispatched,us,cov,ok,detail,rc,temp_pre,temp_post,clk_post_mhz,wall_s,utc
4w,F1,f00,t128x128k32g42s32f32c,llama-3.1-8b,wq_wo,2048,4096,4096,sarc_dev_780m_x_linear_q4gsw_coopmat_t128x128k32g42s32f32c_texture3d_texture2d_half,1,6941.7,0.121134,SKIPPED,,1,54,70,2800,2.0,2026-10-05T03:23:48Z
4w,F1,f00,t128x128k32g42s32f32c,llama-3.2-3b,wq_wo,2048,3072,3072,sarc_dev_780m_x_linear_q4gsw_coopmat_t128x128k32g42s32f32c_texture3d_texture2d_half,1,4123.06,0.155263,SKIPPED,,1,54,70,2800,2.0,2026-10-05T03:23:48Z
4w,F1,f00,t128x128k32g42s32f32c,llama-3.2-1b,wq_wo,2048,2048,2048,sarc_dev_780m_x_linear_q4gsw_coopmat_t128x128k32g42s32f32c_texture3d_texture2d_half,1,1826.22,0.149618,SKIPPED,,1,54,70,2800,2.0,2026-10-05T03:23:48Z
4w,F1,f00,t128x256k32g42s32f32c,llama-3.1-8b,wq_wo,2048,4096,4096,sarc_dev_780m_x_linear_q4gsw_coopmat_t128x256k32g42s32f32c_texture3d_texture2d_half,1,6573.52,0.118217,SKIPPED,,1,57,67,2800,2.0,2026-10-05T03:23:50Z
4w,F1,f00,t128x256k32g42s32f32c,llama-3.2-3b,wq_wo,2048,3072,3072,sarc_dev_780m_x_linear_q4gsw_coopmat_t128x256k32g42s32f32c_texture3d_texture2d_half,1,3977.56,0.135454,SKIPPED,,1,57,67,2800,2.0,2026-10-05T03:23:50Z
4w,F1,f00,t128x256k32g42s32f32c,llama-3.2-1b,wq_wo,2048,2048,2048,sarc_dev_780m_x_linear_q4gsw_coopmat_t128x256k32g42s32f32c_texture3d_texture2d_half,1,1818.58,0.137619,SKIPPED,,1,57,67,2800,2.0,2026-10-05T03:23:50Z
4w,F1,f00,bx_t64x256k32g42s32f32xpiw,llama-3.1-8b,wq_wo,2048,4096,4096,sarc_dev_780m_x_linear_q4gsw_coopmat_bx_t64x256k32g42s32f32xpiw_texture3d_texture2d_half,1,8503.72,0.105691,SKIPPED,,1,58,70,2800,2.0,2026-10-05T03:23:52Z
4w,F1,f00,bx_t64x256k32g42s32f32xpiw,llama-3.2-3b,wq_wo,2048,3072,3072,sarc_dev_780m_x_linear_q4gsw_coopmat_bx_t64x256k32g42s32f32xpiw_texture3d_texture2d_half,1,5247.1,0.135649,SKIPPED,,1,58,70,2800,2.0,2026-10-05T03:23:52Z
4w,F1,f00,bx_t64x256k32g42s32f32xpiw,llama-3.2-1b,wq_wo,2048,2048,2048,sarc_dev_780m_x_linear_q4gsw_coopmat_bx_t64x256k32g42s32f32xpiw_texture3d_texture2d_half,1,2382.48,0.142244,SKIPPED,,1,58,70,2800,2.0,2026-10-05T03:23:52Z
4w,F1,f00,bx_t128x64k32g42s32f32xpiw,llama-3.1-8b,wq_wo,2048,4096,4096,sarc_dev_780m_x_linear_q4gsw_coopmat_bx_t128x64k32g42s32f32xpiw_texture3d_texture2d_half,1,8215.36,0.118675,SKIPPED,,1,59,69,2800,2.0,2026-10-05T03:23:54Z
4w,F1,f00,bx_t128x64k32g42s32f32xpiw,llama-3.2-3b,wq_wo,2048,3072,3072,sarc_dev_780m_x_linear_q4gsw_coopmat_bx_t128x64k32g42s32f32xpiw_texture3d_texture2d_half,1,4933.24,0.139478,SKIPPED,,1,59,69,2800,2.0,2026-10-05T03:23:54Z
4w,F1,f00,bx_t128x64k32g42s32f32xpiw,llama-3.2-1b,wq_wo,2048,2048,2048,sarc_dev_780m_x_linear_q4gsw_coopmat_bx_t128x64k32g42s32f32xpiw_texture3d_texture2d_half,1,2242.46,0.1492,SKIPPED,,1,59,69,2800,2.0,2026-10-05T03:23:54Z
4w,F1,f00,bx_t128x128k32g42s32f32xpiw,llama-3.1-8b,wq_wo,2048,4096,4096,sarc_dev_780m_x_linear_q4gsw_coopmat_bx_t128x128k32g42s32f32xpiw_texture3d_texture2d_half,1,7667.98,0.123199,SKIPPED,,1,59,69,2800,2.0,2026-10-05T03:23:56Z
4w,F1,f00,bx_t128x128k32g42s32f32xpiw,llama-3.2-3b,wq_wo,2048,3072,3072,sarc_dev_780m_x_linear_q4gsw_coopmat_bx_t128x128k32g42s32f32xpiw_texture3d_texture2d_half,1,4332.36,0.14158,SKIPPED,,1,59,69,2800,2.0,2026-10-05T03:23:56Z
4w,F1,f00,bx_t128x128k32g42s32f32xpiw,llama-3.2-1b,wq_wo,2048,2048,2048,sarc_dev_780m_x_linear_q4gsw_coopmat_bx_t128x128k32g42s32f32xpiw_texture3d_texture2d_half,1,1876.96,0.13457,SKIPPED,,1,59,69,2800,2.0,2026-10-05T03:23:56Z
4w,F1,f00,bx_t128x256k16g42s32f32xpiw,llama-3.1-8b,wq_wo,2048,4096,4096,sarc_dev_780m_x_linear_q4gsw_coopmat_bx_t128x256k16g42s32f32xpiw_texture3d_texture2d_half,1,8067.78,0.104395,SKIPPED,,1,58,68,2800,2.0,2026-10-05T03:23:58Z
4w,F1,f00,bx_t128x256k16g42s32f32xpiw,llama-3.2-3b,wq_wo,2048,3072,3072,sarc_dev_780m_x_linear_q4gsw_coopmat_bx_t128x256k16g42s32f32xpiw_texture3d_texture2d_half,1,4709.68,0.123467,SKIPPED,,1,58,68,2800,2.0,2026-10-05T03:23:58Z
4w,F1,f00,bx_t128x256k16g42s32f32xpiw,llama-3.2-1b,wq_wo,2048,2048,2048,sarc_dev_780m_x_linear_q4gsw_coopmat_bx_t128x256k16g42s32f32xpiw_texture3d_texture2d_half,1,2212.48,0.137968,SKIPPED,,1,58,68,2800,2.0,2026-10-05T03:23:58Z
4w,F1,f00,bx_t128x256k32g82s32f32xpiw,llama-3.1-8b,wq_wo,2048,4096,4096,sarc_dev_780m_x_linear_q4gsw_coopmat_bx_t128x256k32g82s32f32xpiw_texture3d_texture2d_half,1,9097.86,0.0836183,SKIPPED,,1,58,64,2800,2.1,2026-10-05T03:24:00Z
4w,F1,f00,bx_t128x256k32g82s32f32xpiw,llama-3.2-3b,wq_wo,2048,3072,3072,sarc_dev_780m_x_linear_q4gsw_coopmat_bx_t128x256k32g82s32f32xpiw_texture3d_texture2d_half,1,6180.96,0.156528,SKIPPED,,1,58,64,2800,2.1,2026-10-05T03:24:00Z
4w,F1,f00,bx_t128x256k32g82s32f32xpiw,llama-3.2-1b,wq_wo,2048,2048,2048,sarc_dev_780m_x_linear_q4gsw_coopmat_bx_t128x256k32g82s32f32xpiw_texture3d_texture2d_half,1,2737.3,0.139582,SKIPPED,,1,58,64,2800,2.1,2026-10-05T03:24:00Z
4w,F1,f00,bx_t128x256k32g44s32f32xpiw,llama-3.1-8b,wq_wo,2048,4096,4096,sarc_dev_780m_x_linear_q4gsw_coopmat_bx_t128x256k32g44s32f32xpiw_texture3d_texture2d_half,1,9027.94,0.0839918,SKIPPED,,1,57,66,2800,2.0,2026-10-05T03:24:02Z
4w,F1,f00,bx_t128x256k32g44s32f32xpiw,llama-3.2-3b,wq_wo,2048,3072,3072,sarc_dev_780m_x_linear_q4gsw_coopmat_bx_t128x256k32g44s32f32xpiw_texture3d_texture2d_half,1,5799.46,0.131672,SKIPPED,,1,57,66,2800,2.0,2026-10-05T03:24:02Z
4w,F1,f00,bx_t128x256k32g44s32f32xpiw,llama-3.2-1b,wq_wo,2048,2048,2048,sarc_dev_780m_x_linear_q4gsw_coopmat_bx_t128x256k32g44s32f32xpiw_texture3d_texture2d_half,1,2601.44,0.133197,SKIPPED,,1,57,66,2800,2.0,2026-10-05T03:24:02Z
4w,F1,f00,bx_t128x256k32g42s64f32xpiw,llama-3.1-8b,wq_wo,2048,4096,4096,sarc_dev_780m_x_linear_q4gsw_coopmat_bx_t128x256k32g42s64f32xpiw_texture3d_texture2d_half,1,9452,0.0649203,SKIPPED,,1,58,65,2800,2.0,2026-10-05T03:24:04Z
4w,F1,f00,bx_t128x256k32g42s64f32xpiw,llama-3.2-3b,wq_wo,2048,3072,3072,sarc_dev_780m_x_linear_q4gsw_coopmat_bx_t128x256k32g42s64f32xpiw_texture3d_texture2d_half,1,5991.88,0.127325,SKIPPED,,1,58,65,2800,2.0,2026-10-05T03:24:04Z
4w,F1,f00,bx_t128x256k32g42s64f32xpiw,llama-3.2-1b,wq_wo,2048,2048,2048,sarc_dev_780m_x_linear_q4gsw_coopmat_bx_t128x256k32g42s64f32xpiw_texture3d_texture2d_half,1,2740.22,0.130825,SKIPPED,,1,58,65,2800,2.0,2026-10-05T03:24:04Z
4w,F1,f00,bx_t128x256k32g42s32xpiw,llama-3.1-8b,wq_wo,2048,4096,4096,sarc_dev_780m_x_linear_q4gsw_coopmat_bx_t128x256k32g42s32xpiw_texture3d_texture2d_half,1,73457.8,0.00258487,SKIPPED,,1,58,62,2800,2.5,2026-10-05T03:24:07Z
4w,F1,f00,bx_t128x256k32g42s32xpiw,llama-3.2-3b,wq_wo,2048,3072,3072,sarc_dev_780m_x_linear_q4gsw_coopmat_bx_t128x256k32g42s32xpiw_texture3d_texture2d_half,1,40868.4,0.00185571,SKIPPED,,1,58,62,2800,2.5,2026-10-05T03:24:07Z
4w,F1,f00,bx_t128x256k32g42s32xpiw,llama-3.2-1b,wq_wo,2048,2048,2048,sarc_dev_780m_x_linear_q4gsw_coopmat_bx_t128x256k32g42s32xpiw_texture3d_texture2d_half,1,17450.7,0.00560553,SKIPPED,,1,58,62,2800,2.5,2026-10-05T03:24:07Z
4w,F1,f00,bx_t128x256k32g42s32f32ciw,llama-3.1-8b,wq_wo,2048,4096,4096,sarc_dev_780m_x_linear_q4gsw_coopmat_bx_t128x256k32g42s32f32ciw_texture3d_texture2d_half,1,6688.24,0.121731,SKIPPED,,1,58,69,2800,2.1,2026-10-05T03:24:09Z
4w,F1,f00,bx_t128x256k32g42s32f32ciw,llama-3.2-3b,wq_wo,2048,3072,3072,sarc_dev_780m_x_linear_q4gsw_coopmat_bx_t128x256k32g42s32f32ciw_texture3d_texture2d_half,1,4028.36,0.139467,SKIPPED,,1,58,69,2800,2.1,2026-10-05T03:24:09Z
4w,F1,f00,bx_t128x256k32g42s32f32ciw,llama-3.2-1b,wq_wo,2048,2048,2048,sarc_dev_780m_x_linear_q4gsw_coopmat_bx_t128x256k32g42s32f32ciw_texture3d_texture2d_half,1,1809.36,0.136777,SKIPPED,,1,58,69,2800,2.1,2026-10-05T03:24:09Z
4w,F1,f00,bx_t128x256k32g42s32f32biw,llama-3.1-8b,wq_wo,2048,4096,4096,sarc_dev_780m_x_linear_q4gsw_coopmat_bx_t128x256k32g42s32f32biw_texture3d_texture2d_half,1,6581.92,0.121728,SKIPPED,,1,60,70,2800,2.0,2026-10-05T03:24:11Z
4w,F1,f00,bx_t128x256k32g42s32f32biw,llama-3.2-3b,wq_wo,2048,3072,3072,sarc_dev_780m_x_linear_q4gsw_coopmat_bx_t128x256k32g42s32f32biw_texture3d_texture2d_half,1,4013.48,0.140059,SKIPPED,,1,60,70,2800,2.0,2026-10-05T03:24:11Z
4w,F1,f00,bx_t128x256k32g42s32f32biw,llama-3.2-1b,wq_wo,2048,2048,2048,sarc_dev_780m_x_linear_q4gsw_coopmat_bx_t128x256k32g42s32f32biw_texture3d_texture2d_half,1,1798.94,0.137072,SKIPPED,,1,60,70,2800,2.0,2026-10-05T03:24:11Z
4w,F1,f00,bx_t128x256k32g42s32f32xpiiw,llama-3.1-8b,wq_wo,2048,4096,4096,sarc_dev_780m_x_linear_q4gsw_coopmat_bx_t128x256k32g42s32f32xpiiw_texture3d_texture2d_half,1,6516.64,0.118522,SKIPPED,,1,60,70,2800,2.0,2026-10-05T03:24:13Z
4w,F1,f00,bx_t128x256k32g42s32f32xpiiw,llama-3.2-3b,wq_wo,2048,3072,3072,sarc_dev_780m_x_linear_q4gsw_coopmat_bx_t128x256k32g42s32f32xpiiw_texture3d_texture2d_half,1,4002.14,0.137761,SKIPPED,,1,60,70,2800,2.0,2026-10-05T03:24:13Z
4w,F1,f00,bx_t128x256k32g42s32f32xpiiw,llama-3.2-1b,wq_wo,2048,2048,2048,sarc_dev_780m_x_linear_q4gsw_coopmat_bx_t128x256k32g42s32f32xpiiw_texture3d_texture2d_half,1,1822.52,0.139712,SKIPPED,,1,60,70,2800,2.0,2026-10-05T03:24:13Z
4w,F1,f00,bx_t128x256k32g42s32f32xp,llama-3.1-8b,wq_wo,2048,4096,4096,sarc_dev_780m_x_linear_q4gsw_coopmat_bx_t128x256k32g42s32f32xp_texture3d_texture2d_half,1,6813.3,0.142908,SKIPPED,,1,60,69,2800,2.0,2026-10-05T03:24:15Z
4w,F1,f00,bx_t128x256k32g42s32f32xp,llama-3.2-3b,wq_wo,2048,3072,3072,sarc_dev_780m_x_linear_q4gsw_coopmat_bx_t128x256k32g42s32f32xp_texture3d_texture2d_half,1,4013.76,0.137076,SKIPPED,,1,60,69,2800,2.0,2026-10-05T03:24:15Z
4w,F1,f00,bx_t128x256k32g42s32f32xp,llama-3.2-1b,wq_wo,2048,2048,2048,sarc_dev_780m_x_linear_q4gsw_coopmat_bx_t128x256k32g42s32f32xp_texture3d_texture2d_half,1,1848.88,0.138359,SKIPPED,,1,60,69,2800,2.0,2026-10-05T03:24:15Z
4w,F1,f00,t128x256k32g42s32f32xpiw,llama-3.1-8b,wq_wo,2048,4096,4096,sarc_dev_780m_x_linear_q4gsw_coopmat_t128x256k32g42s32f32xpiw_texture3d_texture2d_half,1,6557.68,0.119479,SKIPPED,,1,60,69,2800,2.0,2026-10-05T03:24:17Z
4w,F1,f00,t128x256k32g42s32f32xpiw,llama-3.2-3b,wq_wo,2048,3072,3072,sarc_dev_780m_x_linear_q4gsw_coopmat_t128x256k32g42s32f32xpiw_texture3d_texture2d_half,1,4005.22,0.136042,SKIPPED,,1,60,69,2800,2.0,2026-10-05T03:24:17Z
4w,F1,f00,t128x256k32g42s32f32xpiw,llama-3.2-1b,wq_wo,2048,2048,2048,sarc_dev_780m_x_linear_q4gsw_coopmat_t128x256k32g42s32f32xpiw_texture3d_texture2d_half,1,1820.04,0.140672,SKIPPED,,1,60,69,2800,2.0,2026-10-05T03:24:17Z
4w,F1,f00,t256x128k32g42s32f32ciw,llama-3.1-8b,wq_wo,2048,4096,4096,sarc_dev_780m_x_linear_q4gsw_coopmat_t256x128k32g42s32f32ciw_texture3d_texture2d_half,1,6961.14,0.0995846,SKIPPED,,1,60,67,2800,2.0,2026-10-05T03:24:19Z
4w,F1,f00,t256x128k32g42s32f32ciw,llama-3.2-3b,wq_wo,2048,3072,3072,sarc_dev_780m_x_linear_q4gsw_coopmat_t256x128k32g42s32f32ciw_texture3d_texture2d_half,1,4183.78,0.118092,SKIPPED,,1,60,67,2800,2.0,2026-10-05T03:24:19Z
4w,F1,f00,t256x128k32g42s32f32ciw,llama-3.2-1b,wq_wo,2048,2048,2048,sarc_dev_780m_x_linear_q4gsw_coopmat_t256x128k32g42s32f32ciw_texture3d_texture2d_half,1,1980.32,0.118763,SKIPPED,,1,60,67,2800,2.0,2026-10-05T03:24:19Z
4w,F1,f00,t128x64k32g42s32f32ciw,llama-3.1-8b,wq_wo,2048,4096,4096,sarc_dev_780m_x_linear_q4gsw_coopmat_t128x64k32g42s32f32ciw_texture3d_texture2d_half,1,8128.32,0.114164,SKIPPED,,1,58,66,2800,2.0,2026-10-05T03:24:21Z
4w,F1,f00,t128x64k32g42s32f32ciw,llama-3.2-3b,wq_wo,2048,3072,3072,sarc_dev_780m_x_linear_q4gsw_coopmat_t128x64k32g42s32f32ciw_texture3d_texture2d_half,1,4923.62,0.129657,SKIPPED,,1,58,66,2800,2.0,2026-10-05T03:24:21Z
4w,F1,f00,t128x64k32g42s32f32ciw,llama-3.2-1b,wq_wo,2048,2048,2048,sarc_dev_780m_x_linear_q4gsw_coopmat_t128x64k32g42s32f32ciw_texture3d_texture2d_half,1,2239.16,0.149965,SKIPPED,,1,58,66,2800,2.0,2026-10-05T03:24:21Z
4w,F1,f00,t128x256k32g42s32f32ciw,llama-3.1-8b,wq_wo,2048,4096,4096,sarc_dev_780m_x_linear_q4gsw_coopmat_t128x256k32g42s32f32ciw_texture3d_texture2d_half,1,6743.46,0.132775,SKIPPED,,1,54,70,2800,2.0,2026-10-05T03:24:25Z
4w,F1,f00,t128x256k32g42s32f32ciw,llama-3.2-3b,wq_wo,2048,3072,3072,sarc_dev_780m_x_linear_q4gsw_coopmat_t128x256k32g42s32f32ciw_texture3d_texture2d_half,1,4009.64,0.145999,SKIPPED,,1,54,70,2800,2.0,2026-10-05T03:24:25Z
4w,F1,f00,t128x256k32g42s32f32ciw,llama-3.2-1b,wq_wo,2048,2048,2048,sarc_dev_780m_x_linear_q4gsw_coopmat_t128x256k32g42s32f32ciw_texture3d_texture2d_half,1,1845.22,0.139117,SKIPPED,,1,54,70,2800,2.0,2026-10-05T03:24:25Z
4w,F1,f00,t128x128k16g42s32f32ciw,llama-3.1-8b,wq_wo,2048,4096,4096,sarc_dev_780m_x_linear_q4gsw_coopmat_t128x128k16g42s32f32ciw_texture3d_texture2d_half,1,9069.66,0.114542,SKIPPED,,1,54,69,2800,2.0,2026-10-05T03:24:45Z
4w,F1,f00,t128x128k16g42s32f32ciw,llama-3.2-3b,wq_wo,2048,3072,3072,sarc_dev_780m_x_linear_q4gsw_coopmat_t128x128k16g42s32f32ciw_texture3d_texture2d_half,1,5254.06,0.13333,SKIPPED,,1,54,69,2800,2.0,2026-10-05T03:24:45Z
4w,F1,f00,t128x128k16g42s32f32ciw,llama-3.2-1b,wq_wo,2048,2048,2048,sarc_dev_780m_x_linear_q4gsw_coopmat_t128x128k16g42s32f32ciw_texture3d_texture2d_half,1,2329.72,0.139534,SKIPPED,,1,54,69,2800,2.0,2026-10-05T03:24:45Z
4w,F1,f00,t128x128k32g12s32f32ciw,llama-3.1-8b,wq_wo,2048,4096,4096,sarc_dev_780m_x_linear_q4gsw_coopmat_t128x128k32g12s32f32ciw_texture3d_texture2d_half,1,34711.7,0.00530935,SKIPPED,,1,53,62,2800,2.5,2026-10-05T03:25:04Z
4w,F1,f00,t128x128k32g12s32f32ciw,llama-3.2-3b,wq_wo,2048,3072,3072,sarc_dev_780m_x_linear_q4gsw_coopmat_t128x128k32g12s32f32ciw_texture3d_texture2d_half,1,19355.4,0.0157574,SKIPPED,,1,53,62,2800,2.5,2026-10-05T03:25:04Z
4w,F1,f00,t128x128k32g12s32f32ciw,llama-3.2-1b,wq_wo,2048,2048,2048,sarc_dev_780m_x_linear_q4gsw_coopmat_t128x128k32g12s32f32ciw_texture3d_texture2d_half,1,8920,0.0987581,SKIPPED,,1,53,62,2800,2.5,2026-10-05T03:25:04Z
4w,F1,f00,t128x128k32g22s32f32ciw,llama-3.1-8b,wq_wo,2048,4096,4096,sarc_dev_780m_x_linear_q4gsw_coopmat_t128x128k32g22s32f32ciw_texture3d_texture2d_half,1,7806.32,0.150126,SKIPPED,,1,55,66,2800,2.0,2026-10-05T03:25:06Z
4w,F1,f00,t128x128k32g22s32f32ciw,llama-3.2-3b,wq_wo,2048,3072,3072,sarc_dev_780m_x_linear_q4gsw_coopmat_t128x128k32g22s32f32ciw_texture3d_texture2d_half,1,4123.06,0.140085,SKIPPED,,1,55,66,2800,2.0,2026-10-05T03:25:06Z
4w,F1,f00,t128x128k32g22s32f32ciw,llama-3.2-1b,wq_wo,2048,2048,2048,sarc_dev_780m_x_linear_q4gsw_coopmat_t128x128k32g22s32f32ciw_texture3d_texture2d_half,1,1927.62,0.148864,SKIPPED,,1,55,66,2800,2.0,2026-10-05T03:25:06Z
4w,F1,f00,t128x128k32g82s32f32ciw,llama-3.1-8b,wq_wo,2048,4096,4096,sarc_dev_780m_x_linear_q4gsw_coopmat_t128x128k32g82s32f32ciw_texture3d_texture2d_half,1,9246.08,0.0849435,SKIPPED,,1,56,67,2800,2.0,2026-10-05T03:25:08Z
4w,F1,f00,t128x128k32g82s32f32ciw,llama-3.2-3b,wq_wo,2048,3072,3072,sarc_dev_780m_x_linear_q4gsw_coopmat_t128x128k32g82s32f32ciw_texture3d_texture2d_half,1,6071.94,0.142904,SKIPPED,,1,56,67,2800,2.0,2026-10-05T03:25:08Z
4w,F1,f00,t128x128k32g82s32f32ciw,llama-3.2-1b,wq_wo,2048,2048,2048,sarc_dev_780m_x_linear_q4gsw_coopmat_t128x128k32g82s32f32ciw_texture3d_texture2d_half,1,2743.22,0.160132,SKIPPED,,1,56,67,2800,2.0,2026-10-05T03:25:08Z
4w,F1,f00,t128x128k32g41s32f32ciw,llama-3.1-8b,wq_wo,2048,4096,4096,sarc_dev_780m_x_linear_q4gsw_coopmat_t128x128k32g41s32f32ciw_texture3d_texture2d_half,1,8981.82,0.0878217,SKIPPED,,1,57,67,2800,2.0,2026-10-05T03:25:10Z
4w,F1,f00,t128x128k32g41s32f32ciw,llama-3.2-3b,wq_wo,2048,3072,3072,sarc_dev_780m_x_linear_q4gsw_coopmat_t128x128k32g41s32f32ciw_texture3d_texture2d_half,1,5453.98,0.116296,SKIPPED,,1,57,67,2800,2.0,2026-10-05T03:25:10Z
4w,F1,f00,t128x128k32g41s32f32ciw,llama-3.2-1b,wq_wo,2048,2048,2048,sarc_dev_780m_x_linear_q4gsw_coopmat_t128x128k32g41s32f32ciw_texture3d_texture2d_half,1,2382.18,0.108907,SKIPPED,,1,57,67,2800,2.0,2026-10-05T03:25:10Z
4w,F1,f00,t128x128k32g44s32f32ciw,llama-3.1-8b,wq_wo,2048,4096,4096,sarc_dev_780m_x_linear_q4gsw_coopmat_t128x128k32g44s32f32ciw_texture3d_texture2d_half,1,8954.88,0.130345,SKIPPED,,1,56,68,2800,2.0,2026-10-05T03:25:12Z
4w,F1,f00,t128x128k32g44s32f32ciw,llama-3.2-3b,wq_wo,2048,3072,3072,sarc_dev_780m_x_linear_q4gsw_coopmat_t128x128k32g44s32f32ciw_texture3d_texture2d_half,1,5241.94,0.128098,SKIPPED,,1,56,68,2800,2.0,2026-10-05T03:25:12Z
4w,F1,f00,t128x128k32g44s32f32ciw,llama-3.2-1b,wq_wo,2048,2048,2048,sarc_dev_780m_x_linear_q4gsw_coopmat_t128x128k32g44s32f32ciw_texture3d_texture2d_half,1,2453.58,0.150089,SKIPPED,,1,56,68,2800,2.0,2026-10-05T03:25:12Z
4w,F1,f00,t128x128k32g42s64f32ciw,llama-3.1-8b,wq_wo,2048,4096,4096,sarc_dev_780m_x_linear_q4gsw_coopmat_t128x128k32g42s64f32ciw_texture3d_texture2d_half,1,10010.7,0.0661762,SKIPPED,,1,56,66,2800,2.0,2026-10-05T03:25:15Z
4w,F1,f00,t128x128k32g42s64f32ciw,llama-3.2-3b,wq_wo,2048,3072,3072,sarc_dev_780m_x_linear_q4gsw_coopmat_t128x128k32g42s64f32ciw_texture3d_texture2d_half,1,6202.74,0.127516,SKIPPED,,1,56,66,2800,2.0,2026-10-05T03:25:15Z
4w,F1,f00,t128x128k32g42s64f32ciw,llama-3.2-1b,wq_wo,2048,2048,2048,sarc_dev_780m_x_linear_q4gsw_coopmat_t128x128k32g42s64f32ciw_texture3d_texture2d_half,1,2922.26,0.145319,SKIPPED,,1,56,66,2800,2.0,2026-10-05T03:25:15Z
4w,F1,f00,t128x128k32g42s32ciw,llama-3.1-8b,wq_wo,2048,4096,4096,sarc_dev_780m_x_linear_q4gsw_coopmat_t128x128k32g42s32ciw_texture3d_texture2d_half,1,8586.3,0.091954,SKIPPED,,1,56,68,2800,2.0,2026-10-05T03:25:18Z
4w,F1,f00,t128x128k32g42s32ciw,llama-3.2-3b,wq_wo,2048,3072,3072,sarc_dev_780m_x_linear_q4gsw_coopmat_t128x128k32g42s32ciw_texture3d_texture2d_half,1,5140.26,0.124935,SKIPPED,,1,56,68,2800,2.0,2026-10-05T03:25:18Z
4w,F1,f00,t128x128k32g42s32ciw,llama-3.2-1b,wq_wo,2048,2048,2048,sarc_dev_780m_x_linear_q4gsw_coopmat_t128x128k32g42s32ciw_texture3d_texture2d_half,1,2456.16,0.147252,SKIPPED,,1,56,68,2800,2.0,2026-10-05T03:25:18Z
4w,F1,f00,t128x128k32g42s32gaciw,llama-3.1-8b,wq_wo,2048,4096,4096,sarc_dev_780m_x_linear_q4gsw_coopmat_t128x128k32g42s32gaciw_texture3d_texture2d_half,1,8598.42,0.109636,SKIPPED,,1,56,66,2800,2.0,2026-10-05T03:25:20Z
4w,F1,f00,t128x128k32g42s32gaciw,llama-3.2-3b,wq_wo,2048,3072,3072,sarc_dev_780m_x_linear_q4gsw_coopmat_t128x128k32g42s32gaciw_texture3d_texture2d_half,1,5277.76,0.136395,SKIPPED,,1,56,66,2800,2.0,2026-10-05T03:25:20Z
4w,F1,f00,t128x128k32g42s32gaciw,llama-3.2-1b,wq_wo,2048,2048,2048,sarc_dev_780m_x_linear_q4gsw_coopmat_t128x128k32g42s32gaciw_texture3d_texture2d_half,1,2484.08,0.159961,SKIPPED,,1,56,66,2800,2.0,2026-10-05T03:25:20Z
4w,F1,f00,t128x128k32g42s32f32iw,llama-3.1-8b,wq_wo,2048,4096,4096,sarc_dev_780m_x_linear_q4gsw_coopmat_t128x128k32g42s32f32iw_texture3d_texture2d_half,1,8288.5,0.112161,SKIPPED,,1,56,67,2800,2.0,2026-10-05T03:25:23Z
4w,F1,f00,t128x128k32g42s32f32iw,llama-3.2-3b,wq_wo,2048,3072,3072,sarc_dev_780m_x_linear_q4gsw_coopmat_t128x128k32g42s32f32iw_texture3d_texture2d_half,1,4968.6,0.136895,SKIPPED,,1,56,67,2800,2.0,2026-10-05T03:25:23Z
4w,F1,f00,t128x128k32g42s32f32iw,llama-3.2-1b,wq_wo,2048,2048,2048,sarc_dev_780m_x_linear_q4gsw_coopmat_t128x128k32g42s32f32iw_texture3d_texture2d_half,1,2192.14,0.1416,SKIPPED,,1,56,67,2800,2.0,2026-10-05T03:25:23Z
4w,F1,f00,t128x128k32g42s32f32xpiw,llama-3.1-8b,wq_wo,2048,4096,4096,sarc_dev_780m_x_linear_q4gsw_coopmat_t128x128k32g42s32f32xpiw_texture3d_texture2d_half,1,7051.42,0.132259,SKIPPED,,1,56,70,2800,2.0,2026-10-05T03:25:26Z
4w,F1,f00,t128x128k32g42s32f32xpiw,llama-3.2-3b,wq_wo,2048,3072,3072,sarc_dev_780m_x_linear_q4gsw_coopmat_t128x128k32g42s32f32xpiw_texture3d_texture2d_half,1,4022.08,0.14544,SKIPPED,,1,56,70,2800,2.0,2026-10-05T03:25:26Z
4w,F1,f00,t128x128k32g42s32f32xpiw,llama-3.2-1b,wq_wo,2048,2048,2048,sarc_dev_780m_x_linear_q4gsw_coopmat_t128x128k32g42s32f32xpiw_texture3d_texture2d_half,1,1781.14,0.140255,SKIPPED,,1,56,70,2800,2.0,2026-10-05T03:25:26Z
4w,F1,f00,t128x128k32g42s32f32biw,llama-3.1-8b,wq_wo,2048,4096,4096,sarc_dev_780m_x_linear_q4gsw_coopmat_t128x128k32g42s32f32biw_texture3d_texture2d_half,1,7550.3,0.131207,SKIPPED,,1,56,68,2800,2.0,2026-10-05T03:25:28Z
4w,F1,f00,t128x128k32g42s32f32biw,llama-3.2-3b,wq_wo,2048,3072,3072,sarc_dev_780m_x_linear_q4gsw_coopmat_t128x128k32g42s32f32biw_texture3d_texture2d_half,1,4070.74,0.147925,SKIPPED,,1,56,68,2800,2.0,2026-10-05T03:25:28Z
4w,F1,f00,t128x128k32g42s32f32biw,llama-3.2-1b,wq_wo,2048,2048,2048,sarc_dev_780m_x_linear_q4gsw_coopmat_t128x128k32g42s32f32biw_texture3d_texture2d_half,1,1847.16,0.143643,SKIPPED,,1,56,68,2800,2.0,2026-10-05T03:25:28Z
4w,F1,f00,t128x128k32g42s32f32cfliw,llama-3.1-8b,wq_wo,2048,4096,4096,sarc_dev_780m_x_linear_q4gsw_coopmat_t128x128k32g42s32f32cfliw_texture3d_texture2d_half,1,8089.92,0.11074,SKIPPED,,1,56,68,2800,2.0,2026-10-05T03:25:31Z
4w,F1,f00,t128x128k32g42s32f32cfliw,llama-3.2-3b,wq_wo,2048,3072,3072,sarc_dev_780m_x_linear_q4gsw_coopmat_t128x128k32g42s32f32cfliw_texture3d_texture2d_half,1,5021.6,0.144099,SKIPPED,,1,56,68,2800,2.0,2026-10-05T03:25:31Z
4w,F1,f00,t128x128k32g42s32f32cfliw,llama-3.2-1b,wq_wo,2048,2048,2048,sarc_dev_780m_x_linear_q4gsw_coopmat_t128x128k32g42s32f32cfliw_texture3d_texture2d_half,1,2290,0.156812,SKIPPED,,1,56,68,2800,2.0,2026-10-05T03:25:31Z
4w,F1,f00,t128x128k32g42s32f32ciiw,llama-3.1-8b,wq_wo,2048,4096,4096,sarc_dev_780m_x_linear_q4gsw_coopmat_t128x128k32g42s32f32ciiw_texture3d_texture2d_half,1,6821.44,0.104253,SKIPPED,,1,58,71,2800,2.0,2026-10-05T03:25:34Z
4w,F1,f00,t128x128k32g42s32f32ciiw,llama-3.2-3b,wq_wo,2048,3072,3072,sarc_dev_780m_x_linear_q4gsw_coopmat_t128x128k32g42s32f32ciiw_texture3d_texture2d_half,1,3983.02,0.137726,SKIPPED,,1,58,71,2800,2.0,2026-10-05T03:25:34Z
4w,F1,f00,t128x128k32g42s32f32ciiw,llama-3.2-1b,wq_wo,2048,2048,2048,sarc_dev_780m_x_linear_q4gsw_coopmat_t128x128k32g42s32f32ciiw_texture3d_texture2d_half,1,1810.5,0.144417,SKIPPED,,1,58,71,2800,2.0,2026-10-05T03:25:34Z
4w,F1,f00,t128x128k32g42s32f32ciwbt,llama-3.1-8b,wq_wo,2048,4096,4096,sarc_dev_780m_x_linear_q4gsw_coopmat_t128x128k32g42s32f32ciwbt_texture3d_texture2d_half,1,6721.98,0.0928836,SKIPPED,,1,61,71,2800,2.0,2026-10-05T03:25:36Z
4w,F1,f00,t128x128k32g42s32f32ciwbt,llama-3.2-3b,wq_wo,2048,3072,3072,sarc_dev_780m_x_linear_q4gsw_coopmat_t128x128k32g42s32f32ciwbt_texture3d_texture2d_half,1,3978.5,0.132772,SKIPPED,,1,61,71,2800,2.0,2026-10-05T03:25:36Z
4w,F1,f00,t128x128k32g42s32f32ciwbt,llama-3.2-1b,wq_wo,2048,2048,2048,sarc_dev_780m_x_linear_q4gsw_coopmat_t128x128k32g42s32f32ciwbt_texture3d_texture2d_half,1,1805.26,0.133948,SKIPPED,,1,61,71,2800,2.0,2026-10-05T03:25:36Z
4w,F1,f00,bx_t128x128k32g42s32f32ciw,llama-3.1-8b,wq_wo,2048,4096,4096,sarc_dev_780m_x_linear_q4gsw_coopmat_bx_t128x128k32g42s32f32ciw_texture3d_texture2d_half,1,8018.36,0.119505,SKIPPED,,1,57,70,2800,2.0,2026-10-05T03:25:39Z
4w,F1,f00,bx_t128x128k32g42s32f32ciw,llama-3.2-3b,wq_wo,2048,3072,3072,sarc_dev_780m_x_linear_q4gsw_coopmat_bx_t128x128k32g42s32f32ciw_texture3d_texture2d_half,1,4457.02,0.131273,SKIPPED,,1,57,70,2800,2.0,2026-10-05T03:25:39Z
4w,F1,f00,bx_t128x128k32g42s32f32ciw,llama-3.2-1b,wq_wo,2048,2048,2048,sarc_dev_780m_x_linear_q4gsw_coopmat_bx_t128x128k32g42s32f32ciw_texture3d_texture2d_half,1,2048.58,0.150692,SKIPPED,,1,57,70,2800,2.0,2026-10-05T03:25:39Z
4w,F1,f00,bx_t64x64k16g22s32f32xpiw,llama-3.1-8b,wq_wo,2048,4096,4096,sarc_dev_780m_x_linear_q4gsw_coopmat_bx_t64x64k16g22s32f32xpiw_texture3d_texture2d_half,1,8398.18,0.11116,SKIPPED,,1,56,71,2800,2.0,2026-10-05T03:25:42Z
4w,F1,f00,bx_t64x64k16g22s32f32xpiw,llama-3.2-3b,wq_wo,2048,3072,3072,sarc_dev_780m_x_linear_q4gsw_coopmat_bx_t64x64k16g22s32f32xpiw_texture3d_texture2d_half,1,5117.62,0.142574,SKIPPED,,1,56,71,2800,2.0,2026-10-05T03:25:42Z
4w,F1,f00,bx_t64x64k16g22s32f32xpiw,llama-3.2-1b,wq_wo,2048,2048,2048,sarc_dev_780m_x_linear_q4gsw_coopmat_bx_t64x64k16g22s32f32xpiw_texture3d_texture2d_half,1,2279.98,0.141592,SKIPPED,,1,56,71,2800,2.0,2026-10-05T03:25:42Z
4w,F1,f00,bx_t256x64k16g22s32f32xpiw,llama-3.1-8b,wq_wo,2048,4096,4096,sarc_dev_780m_x_linear_q4gsw_coopmat_bx_t256x64k16g22s32f32xpiw_texture3d_texture2d_half,1,8826.34,0.0873332,SKIPPED,,1,58,70,2800,2.0,2026-10-05T03:25:44Z
4w,F1,f00,bx_t256x64k16g22s32f32xpiw,llama-3.2-3b,wq_wo,2048,3072,3072,sarc_dev_780m_x_linear_q4gsw_coopmat_bx_t256x64k16g22s32f32xpiw_texture3d_texture2d_half,1,4861.28,0.107439,SKIPPED,,1,58,70,2800,2.0,2026-10-05T03:25:44Z
4w,F1,f00,bx_t256x64k16g22s32f32xpiw,llama-3.2-1b,wq_wo,2048,2048,2048,sarc_dev_780m_x_linear_q4gsw_coopmat_bx_t256x64k16g22s32f32xpiw_texture3d_texture2d_half,1,2074.98,0.112928,SKIPPED,,1,58,70,2800,2.0,2026-10-05T03:25:44Z
4w,F1,f00,bx_t128x128k16g22s32f32xpiw,llama-3.1-8b,wq_wo,2048,4096,4096,sarc_dev_780m_x_linear_q4gsw_coopmat_bx_t128x128k16g22s32f32xpiw_texture3d_texture2d_half,1,7891.22,0.111268,SKIPPED,,1,60,69,2800,2.0,2026-10-05T03:25:46Z
4w,F1,f00,bx_t128x128k16g22s32f32xpiw,llama-3.2-3b,wq_wo,2048,3072,3072,sarc_dev_780m_x_linear_q4gsw_coopmat_bx_t128x128k16g22s32f32xpiw_texture3d_texture2d_half,1,4473.64,0.132051,SKIPPED,,1,60,69,2800,2.0,2026-10-05T03:25:46Z
4w,F1,f00,bx_t128x128k16g22s32f32xpiw,llama-3.2-1b,wq_wo,2048,2048,2048,sarc_dev_780m_x_linear_q4gsw_coopmat_bx_t128x128k16g22s32f32xpiw_texture3d_texture2d_half,1,1990,0.135443,SKIPPED,,1,60,69,2800,2.0,2026-10-05T03:25:46Z
4w,F1,f00,bx_t128x256k16g22s32f32xpiw,llama-3.1-8b,wq_wo,2048,4096,4096,sarc_dev_780m_x_linear_q4gsw_coopmat_bx_t128x256k16g22s32f32xpiw_texture3d_texture2d_half,1,22794.4,0.00325768,SKIPPED,,1,59,62,2800,2.1,2026-10-05T03:25:48Z
4w,F1,f00,bx_t128x256k16g22s32f32xpiw,llama-3.2-3b,wq_wo,2048,3072,3072,sarc_dev_780m_x_linear_q4gsw_coopmat_bx_t128x256k16g22s32f32xpiw_texture3d_texture2d_half,1,12487.1,0.050458,SKIPPED,,1,59,62,2800,2.1,2026-10-05T03:25:48Z
4w,F1,f00,bx_t128x256k16g22s32f32xpiw,llama-3.2-1b,wq_wo,2048,2048,2048,sarc_dev_780m_x_linear_q4gsw_coopmat_bx_t128x256k16g22s32f32xpiw_texture3d_texture2d_half,1,6264.6,0.106428,SKIPPED,,1,59,62,2800,2.1,2026-10-05T03:25:48Z
4w,F1,f00,bx_t128x64k32g22s32f32xpiw,llama-3.1-8b,wq_wo,2048,4096,4096,sarc_dev_780m_x_linear_q4gsw_coopmat_bx_t128x64k32g22s32f32xpiw_texture3d_texture2d_half,1,8010.72,0.116301,SKIPPED,,1,57,69,2800,2.0,2026-10-05T03:25:50Z
4w,F1,f00,bx_t128x64k32g22s32f32xpiw,llama-3.2-3b,wq_wo,2048,3072,3072,sarc_dev_780m_x_linear_q4gsw_coopmat_bx_t128x64k32g22s32f32xpiw_texture3d_texture2d_half,1,4630.4,0.151484,SKIPPED,,1,57,69,2800,2.0,2026-10-05T03:25:50Z
4w,F1,f00,bx_t128x64k32g22s32f32xpiw,llama-3.2-1b,wq_wo,2048,2048,2048,sarc_dev_780m_x_linear_q4gsw_coopmat_bx_t128x64k32g22s32f32xpiw_texture3d_texture2d_half,1,2138.62,0.143214,SKIPPED,,1,57,69,2800,2.0,2026-10-05T03:25:50Z
4w,F1,f00,bx_t128x64k64g22s32f32xpiw,llama-3.1-8b,wq_wo,2048,4096,4096,sarc_dev_780m_x_linear_q4gsw_coopmat_bx_t128x64k64g22s32f32xpiw_texture3d_texture2d_half,1,9044.98,0.0920489,SKIPPED,,1,59,65,2800,2.0,2026-10-05T03:25:52Z
4w,F1,f00,bx_t128x64k64g22s32f32xpiw,llama-3.2-3b,wq_wo,2048,3072,3072,sarc_dev_780m_x_linear_q4gsw_coopmat_bx_t128x64k64g22s32f32xpiw_texture3d_texture2d_half,1,5864.88,0.13378,SKIPPED,,1,59,65,2800,2.0,2026-10-05T03:25:52Z
4w,F1,f00,bx_t128x64k64g22s32f32xpiw,llama-3.2-1b,wq_wo,2048,2048,2048,sarc_dev_780m_x_linear_q4gsw_coopmat_bx_t128x64k64g22s32f32xpiw_texture3d_texture2d_half,1,2640.38,0.148328,SKIPPED,,1,59,65,2800,2.0,2026-10-05T03:25:52Z
4w,F1,f00,bx_t128x64k16g12s32f32xpiw,llama-3.1-8b,wq_wo,2048,4096,4096,sarc_dev_780m_x_linear_q4gsw_coopmat_bx_t128x64k16g12s32f32xpiw_texture3d_texture2d_half,1,7650.46,0.124725,SKIPPED,,1,58,70,2800,2.0,2026-10-05T03:25:54Z
4w,F1,f00,bx_t128x64k16g12s32f32xpiw,llama-3.2-3b,wq_wo,2048,3072,3072,sarc_dev_780m_x_linear_q4gsw_coopmat_bx_t128x64k16g12s32f32xpiw_texture3d_texture2d_half,1,4364.12,0.135591,SKIPPED,,1,58,70,2800,2.0,2026-10-05T03:25:54Z
4w,F1,f00,bx_t128x64k16g12s32f32xpiw,llama-3.2-1b,wq_wo,2048,2048,2048,sarc_dev_780m_x_linear_q4gsw_coopmat_bx_t128x64k16g12s32f32xpiw_texture3d_texture2d_half,1,1994.26,0.140283,SKIPPED,,1,58,70,2800,2.0,2026-10-05T03:25:54Z
4w,F1,f00,bx_t128x64k16g21s32f32xpiw,llama-3.1-8b,wq_wo,2048,4096,4096,sarc_dev_780m_x_linear_q4gsw_coopmat_bx_t128x64k16g21s32f32xpiw_texture3d_texture2d_half,1,7974.7,0.130019,SKIPPED,,1,60,69,2800,2.0,2026-10-05T03:25:56Z
4w,F1,f00,bx_t128x64k16g21s32f32xpiw,llama-3.2-3b,wq_wo,2048,3072,3072,sarc_dev_780m_x_linear_q4gsw_coopmat_bx_t128x64k16g21s32f32xpiw_texture3d_texture2d_half,1,4450.14,0.127144,SKIPPED,,1,60,69,2800,2.0,2026-10-05T03:25:56Z
4w,F1,f00,bx_t128x64k16g21s32f32xpiw,llama-3.2-1b,wq_wo,2048,2048,2048,sarc_dev_780m_x_linear_q4gsw_coopmat_bx_t128x64k16g21s32f32xpiw_texture3d_texture2d_half,1,2143.42,0.147902,SKIPPED,,1,60,69,2800,2.0,2026-10-05T03:25:56Z
4w,F1,f00,bx_t128x64k16g22s32xpiw,llama-3.1-8b,wq_wo,2048,4096,4096,sarc_dev_780m_x_linear_q4gsw_coopmat_bx_t128x64k16g22s32xpiw_texture3d_texture2d_half,1,9945.68,0.0668567,SKIPPED,,1,59,68,2800,2.0,2026-10-05T03:25:58Z
4w,F1,f00,bx_t128x64k16g22s32xpiw,llama-3.2-3b,wq_wo,2048,3072,3072,sarc_dev_780m_x_linear_q4gsw_coopmat_bx_t128x64k16g22s32xpiw_texture3d_texture2d_half,1,6114.52,0.125322,SKIPPED,,1,59,68,2800,2.0,2026-10-05T03:25:58Z
4w,F1,f00,bx_t128x64k16g22s32xpiw,llama-3.2-1b,wq_wo,2048,2048,2048,sarc_dev_780m_x_linear_q4gsw_coopmat_bx_t128x64k16g22s32xpiw_texture3d_texture2d_half,1,2886.48,0.147186,SKIPPED,,1,59,68,2800,2.0,2026-10-05T03:25:58Z
4w,F1,f00,bx_t128x64k16g22s32gaxpiw,llama-3.1-8b,wq_wo,2048,4096,4096,sarc_dev_780m_x_linear_q4gsw_coopmat_bx_t128x64k16g22s32gaxpiw_texture3d_texture2d_half,1,9519.04,0.0627755,SKIPPED,,1,59,68,2800,2.1,2026-10-05T03:26:00Z
4w,F1,f00,bx_t128x64k16g22s32gaxpiw,llama-3.2-3b,wq_wo,2048,3072,3072,sarc_dev_780m_x_linear_q4gsw_coopmat_bx_t128x64k16g22s32gaxpiw_texture3d_texture2d_half,1,6361.62,0.156312,SKIPPED,,1,59,68,2800,2.1,2026-10-05T03:26:00Z
4w,F1,f00,bx_t128x64k16g22s32gaxpiw,llama-3.2-1b,wq_wo,2048,2048,2048,sarc_dev_780m_x_linear_q4gsw_coopmat_bx_t128x64k16g22s32gaxpiw_texture3d_texture2d_half,1,2761.3,0.153207,SKIPPED,,1,59,68,2800,2.1,2026-10-05T03:26:00Z
4w,F1,f00,bx_t128x64k16g22s32f32iw,llama-3.1-8b,wq_wo,2048,4096,4096,sarc_dev_780m_x_linear_q4gsw_coopmat_bx_t128x64k16g22s32f32iw_texture3d_texture2d_half,1,7939.26,0.12021,SKIPPED,,1,59,67,2800,2.0,2026-10-05T03:26:02Z
4w,F1,f00,bx_t128x64k16g22s32f32iw,llama-3.2-3b,wq_wo,2048,3072,3072,sarc_dev_780m_x_linear_q4gsw_coopmat_bx_t128x64k16g22s32f32iw_texture3d_texture2d_half,1,4381.94,0.131067,SKIPPED,,1,59,67,2800,2.0,2026-10-05T03:26:02Z
4w,F1,f00,bx_t128x64k16g22s32f32iw,llama-3.2-1b,wq_wo,2048,2048,2048,sarc_dev_780m_x_linear_q4gsw_coopmat_bx_t128x64k16g22s32f32iw_texture3d_texture2d_half,1,2029.22,0.147015,SKIPPED,,1,59,67,2800,2.0,2026-10-05T03:26:02Z
4w,F1,f00,bx_t128x64k16g22s32f32ciw,llama-3.1-8b,wq_wo,2048,4096,4096,sarc_dev_780m_x_linear_q4gsw_coopmat_bx_t128x64k16g22s32f32ciw_texture3d_texture2d_half,1,7053.94,0.0933359,SKIPPED,,1,59,71,2800,2.0,2026-10-05T03:26:04Z
4w,F1,f00,bx_t128x64k16g22s32f32ciw,llama-3.2-3b,wq_wo,2048,3072,3072,sarc_dev_780m_x_linear_q4gsw_coopmat_bx_t128x64k16g22s32f32ciw_texture3d_texture2d_half,1,4038.66,0.13032,SKIPPED,,1,59,71,2800,2.0,2026-10-05T03:26:04Z
4w,F1,f00,bx_t128x64k16g22s32f32ciw,llama-3.2-1b,wq_wo,2048,2048,2048,sarc_dev_780m_x_linear_q4gsw_coopmat_bx_t128x64k16g22s32f32ciw_texture3d_texture2d_half,1,1837.12,0.134567,SKIPPED,,1,59,71,2800,2.0,2026-10-05T03:26:04Z
4w,F1,f00,bx_t128x64k16g22s32f32xiw,llama-3.1-8b,wq_wo,2048,4096,4096,sarc_dev_780m_x_linear_q4gsw_coopmat_bx_t128x64k16g22s32f32xiw_texture3d_texture2d_half,1,10242,0.0626125,SKIPPED,,1,61,66,2800,2.0,2026-10-05T03:26:06Z
4w,F1,f00,bx_t128x64k16g22s32f32xiw,llama-3.2-3b,wq_wo,2048,3072,3072,sarc_dev_780m_x_linear_q4gsw_coopmat_bx_t128x64k16g22s32f32xiw_texture3d_texture2d_half,1,6178.88,0.118987,SKIPPED,,1,61,66,2800,2.0,2026-10-05T03:26:06Z
4w,F1,f00,bx_t128x64k16g22s32f32xiw,llama-3.2-1b,wq_wo,2048,2048,2048,sarc_dev_780m_x_linear_q4gsw_coopmat_bx_t128x64k16g22s32f32xiw_texture3d_texture2d_half,1,2699.78,0.125253,SKIPPED,,1,61,66,2800,2.0,2026-10-05T03:26:06Z
4w,F1,f00,bx_t128x64k16g22s32f32biw,llama-3.1-8b,wq_wo,2048,4096,4096,sarc_dev_780m_x_linear_q4gsw_coopmat_bx_t128x64k16g22s32f32biw_texture3d_texture2d_half,1,7940.88,0.121621,SKIPPED,,1,58,70,2800,2.0,2026-10-05T03:26:08Z
4w,F1,f00,bx_t128x64k16g22s32f32biw,llama-3.2-3b,wq_wo,2048,3072,3072,sarc_dev_780m_x_linear_q4gsw_coopmat_bx_t128x64k16g22s32f32biw_texture3d_texture2d_half,1,4443.08,0.134541,SKIPPED,,1,58,70,2800,2.0,2026-10-05T03:26:08Z
4w,F1,f00,bx_t128x64k16g22s32f32biw,llama-3.2-1b,wq_wo,2048,2048,2048,sarc_dev_780m_x_linear_q4gsw_coopmat_bx_t128x64k16g22s32f32biw_texture3d_texture2d_half,1,2034.24,0.144329,SKIPPED,,1,58,70,2800,2.0,2026-10-05T03:26:08Z
4w,F1,f00,bx_t128x64k16g22s32f32xpiiw,llama-3.1-8b,wq_wo,2048,4096,4096,sarc_dev_780m_x_linear_q4gsw_coopmat_bx_t128x64k16g22s32f32xpiiw_texture3d_texture2d_half,1,7231.24,0.101783,SKIPPED,,1,60,72,2800,2.0,2026-10-05T03:26:10Z
4w,F1,f00,bx_t128x64k16g22s32f32xpiiw,llama-3.2-3b,wq_wo,2048,3072,3072,sarc_dev_780m_x_linear_q4gsw_coopmat_bx_t128x64k16g22s32f32xpiiw_texture3d_texture2d_half,1,4020.1,0.130128,SKIPPED,,1,60,72,2800,2.0,2026-10-05T03:26:10Z
4w,F1,f00,bx_t128x64k16g22s32f32xpiiw,llama-3.2-1b,wq_wo,2048,2048,2048,sarc_dev_780m_x_linear_q4gsw_coopmat_bx_t128x64k16g22s32f32xpiiw_texture3d_texture2d_half,1,1840.78,0.131333,SKIPPED,,1,60,72,2800,2.0,2026-10-05T03:26:10Z
4w,F1,f00,bx_t128x64k16g22s32f32xp,llama-3.1-8b,wq_wo,2048,4096,4096,sarc_dev_780m_x_linear_q4gsw_coopmat_bx_t128x64k16g22s32f32xp_texture3d_texture2d_half,1,6955.96,0.086579,SKIPPED,,1,61,69,2800,2.0,2026-10-05T03:26:12Z
4w,F1,f00,bx_t128x64k16g22s32f32xp,llama-3.2-3b,wq_wo,2048,3072,3072,sarc_dev_780m_x_linear_q4gsw_coopmat_bx_t128x64k16g22s32f32xp_texture3d_texture2d_half,1,4113.4,0.13857,SKIPPED,,1,61,69,2800,2.0,2026-10-05T03:26:12Z
4w,F1,f00,bx_t128x64k16g22s32f32xp,llama-3.2-1b,wq_wo,2048,2048,2048,sarc_dev_780m_x_linear_q4gsw_coopmat_bx_t128x64k16g22s32f32xp_texture3d_texture2d_half,1,1832.76,0.134368,SKIPPED,,1,61,69,2800,2.0,2026-10-05T03:26:12Z
4w,F1,f00,t128x64k16g22s32f32xpiw,llama-3.1-8b,wq_wo,2048,4096,4096,sarc_dev_780m_x_linear_q4gsw_coopmat_t128x64k16g22s32f32xpiw_texture3d_texture2d_half,1,7033.22,0.100532,SKIPPED,,1,61,70,2800,2.0,2026-10-05T03:26:14Z
4w,F1,f00,t128x64k16g22s32f32xpiw,llama-3.2-3b,wq_wo,2048,3072,3072,sarc_dev_780m_x_linear_q4gsw_coopmat_t128x64k16g22s32f32xpiw_texture3d_texture2d_half,1,4125.88,0.144003,SKIPPED,,1,61,70,2800,2.0,2026-10-05T03:26:14Z
4w,F1,f00,t128x64k16g22s32f32xpiw,llama-3.2-1b,wq_wo,2048,2048,2048,sarc_dev_780m_x_linear_q4gsw_coopmat_t128x64k16g22s32f32xpiw_texture3d_texture2d_half,1,1844.52,0.137369,SKIPPED,,1,61,70,2800,2.0,2026-10-05T03:26:14Z
4w,F1,f00,t64x128k32g42s32f32bbt,llama-3.1-8b,wq_wo,2048,4096,4096,sarc_dev_780m_x_linear_q4gsw_coopmat_t64x128k32g42s32f32bbt_texture3d_texture2d_half,1,8276.74,0.100649,SKIPPED,,1,60,70,2800,2.0,2026-10-05T03:26:16Z
4w,F1,f00,t64x128k32g42s32f32bbt,llama-3.2-3b,wq_wo,2048,3072,3072,sarc_dev_780m_x_linear_q4gsw_coopmat_t64x128k32g42s32f32bbt_texture3d_texture2d_half,1,5097.3,0.133922,SKIPPED,,1,60,70,2800,2.0,2026-10-05T03:26:16Z
4w,F1,f00,t64x128k32g42s32f32bbt,llama-3.2-1b,wq_wo,2048,2048,2048,sarc_dev_780m_x_linear_q4gsw_coopmat_t64x128k32g42s32f32bbt_texture3d_texture2d_half,1,2314.44,0.146678,SKIPPED,,1,60,70,2800,2.0,2026-10-05T03:26:16Z
4w,F1,f00,t128x128k32g42s32f32bbt,llama-3.1-8b,wq_wo,2048,4096,4096,sarc_dev_780m_x_linear_q4gsw_coopmat_t128x128k32g42s32f32bbt_texture3d_texture2d_half,1,8125.78,0.112695,SKIPPED,,1,60,68,2800,2.0,2026-10-05T03:26:18Z
4w,F1,f00,t128x128k32g42s32f32bbt,llama-3.2-3b,wq_wo,2048,3072,3072,sarc_dev_780m_x_linear_q4gsw_coopmat_t128x128k32g42s32f32bbt_texture3d_texture2d_half,1,4557.2,0.103872,SKIPPED,,1,60,68,2800,2.0,2026-10-05T03:26:18Z
4w,F1,f00,t128x128k32g42s32f32bbt,llama-3.2-1b,wq_wo,2048,2048,2048,sarc_dev_780m_x_linear_q4gsw_coopmat_t128x128k32g42s32f32bbt_texture3d_texture2d_half,1,2068.7,0.124983,SKIPPED,,1,60,68,2800,2.0,2026-10-05T03:26:18Z
4w,F1,f00,t256x64k32g42s32f32bbt,llama-3.1-8b,wq_wo,2048,4096,4096,sarc_dev_780m_x_linear_q4gsw_coopmat_t256x64k32g42s32f32bbt_texture3d_texture2d_half,1,9803.36,0.0584561,SKIPPED,,1,59,67,2800,2.0,2026-10-05T03:26:20Z
4w,F1,f00,t256x64k32g42s32f32bbt,llama-3.2-3b,wq_wo,2048,3072,3072,sarc_dev_780m_x_linear_q4gsw_coopmat_t256x64k32g42s32f32bbt_texture3d_texture2d_half,1,5932.24,0.0847811,SKIPPED,,1,59,67,2800,2.0,2026-10-05T03:26:20Z
4w,F1,f00,t256x64k32g42s32f32bbt,llama-3.2-1b,wq_wo,2048,2048,2048,sarc_dev_780m_x_linear_q4gsw_coopmat_t256x64k32g42s32f32bbt_texture3d_texture2d_half,1,2670.18,0.106235,SKIPPED,,1,59,67,2800,2.0,2026-10-05T03:26:20Z
4w,F1,f00,t256x128k16g42s32f32bbt,llama-3.1-8b,wq_wo,2048,4096,4096,sarc_dev_780m_x_linear_q4gsw_coopmat_t256x128k16g42s32f32bbt_texture3d_texture2d_half,1,8451.6,0.0937338,SKIPPED,,1,60,65,2800,2.0,2026-10-05T03:26:22Z
4w,F1,f00,t256x128k16g42s32f32bbt,llama-3.2-3b,wq_wo,2048,3072,3072,sarc_dev_780m_x_linear_q4gsw_coopmat_t256x128k16g42s32f32bbt_texture3d_texture2d_half,1,5161.24,0.117968,SKIPPED,,1,60,65,2800,2.0,2026-10-05T03:26:22Z
4w,F1,f00,t256x128k16g42s32f32bbt,llama-3.2-1b,wq_wo,2048,2048,2048,sarc_dev_780m_x_linear_q4gsw_coopmat_t256x128k16g42s32f32bbt_texture3d_texture2d_half,1,2467.26,0.127229,SKIPPED,,1,60,65,2800,2.0,2026-10-05T03:26:22Z
4w,F1,f00,t256x128k32g12s32f32bbt,llama-3.1-8b,wq_wo,2048,4096,4096,sarc_dev_780m_x_linear_q4gsw_coopmat_t256x128k32g12s32f32bbt_texture3d_texture2d_half,1,133059,0.0399909,SKIPPED,,1,58,60,2800,3.5,2026-10-05T03:26:26Z
4w,F1,f00,t256x128k32g12s32f32bbt,llama-3.2-3b,wq_wo,2048,3072,3072,sarc_dev_780m_x_linear_q4gsw_coopmat_t256x128k32g12s32f32bbt_texture3d_texture2d_half,1,79021.9,0.0120334,SKIPPED,,1,58,60,2800,3.5,2026-10-05T03:26:26Z
4w,F1,f00,t256x128k32g12s32f32bbt,llama-3.2-1b,wq_wo,2048,2048,2048,sarc_dev_780m_x_linear_q4gsw_coopmat_t256x128k32g12s32f32bbt_texture3d_texture2d_half,1,32809.9,0.0265028,SKIPPED,,1,58,60,2800,3.5,2026-10-05T03:26:26Z
4w,F1,f00,t256x128k32g22s32f32bbt,llama-3.1-8b,wq_wo,2048,4096,4096,sarc_dev_780m_x_linear_q4gsw_coopmat_t256x128k32g22s32f32bbt_texture3d_texture2d_half,1,29731.4,0.00216431,SKIPPED,,1,57,61,2800,2.3,2026-10-05T03:26:28Z
4w,F1,f00,t256x128k32g22s32f32bbt,llama-3.2-3b,wq_wo,2048,3072,3072,sarc_dev_780m_x_linear_q4gsw_coopmat_t256x128k32g22s32f32bbt_texture3d_texture2d_half,1,16212.9,0.00907961,SKIPPED,,1,57,61,2800,2.3,2026-10-05T03:26:28Z
4w,F1,f00,t256x128k32g22s32f32bbt,llama-3.2-1b,wq_wo,2048,2048,2048,sarc_dev_780m_x_linear_q4gsw_coopmat_t256x128k32g22s32f32bbt_texture3d_texture2d_half,1,7957.28,0.0950532,SKIPPED,,1,57,61,2800,2.3,2026-10-05T03:26:28Z
4w,F1,f00,t256x128k32g82s32f32bbt,llama-3.1-8b,wq_wo,2048,4096,4096,sarc_dev_780m_x_linear_q4gsw_coopmat_t256x128k32g82s32f32bbt_texture3d_texture2d_half,1,9774,0.0555233,SKIPPED,,1,58,65,2800,2.0,2026-10-05T03:26:30Z
4w,F1,f00,t256x128k32g82s32f32bbt,llama-3.2-3b,wq_wo,2048,3072,3072,sarc_dev_780m_x_linear_q4gsw_coopmat_t256x128k32g82s32f32bbt_texture3d_texture2d_half,1,5868.9,0.0848025,SKIPPED,,1,58,65,2800,2.0,2026-10-05T03:26:30Z
4w,F1,f00,t256x128k32g82s32f32bbt,llama-3.2-1b,wq_wo,2048,2048,2048,sarc_dev_780m_x_linear_q4gsw_coopmat_t256x128k32g82s32f32bbt_texture3d_texture2d_half,1,2712.2,0.106426,SKIPPED,,1,58,65,2800,2.0,2026-10-05T03:26:30Z
4w,F1,f00,t256x128k32g41s32f32bbt,llama-3.1-8b,wq_wo,2048,4096,4096,sarc_dev_780m_x_linear_q4gsw_coopmat_t256x128k32g41s32f32bbt_texture3d_texture2d_half,1,156345,0.00460256,SKIPPED,,1,58,61,2800,3.1,2026-10-05T03:26:33Z
4w,F1,f00,t256x128k32g41s32f32bbt,llama-3.2-3b,wq_wo,2048,3072,3072,sarc_dev_780m_x_linear_q4gsw_coopmat_t256x128k32g41s32f32bbt_texture3d_texture2d_half,1,89006.2,0.011099,SKIPPED,,1,58,61,2800,3.1,2026-10-05T03:26:33Z
4w,F1,f00,t256x128k32g41s32f32bbt,llama-3.2-1b,wq_wo,2048,2048,2048,sarc_dev_780m_x_linear_q4gsw_coopmat_t256x128k32g41s32f32bbt_texture3d_texture2d_half,1,37546.4,0.00442701,SKIPPED,,1,58,61,2800,3.1,2026-10-05T03:26:33Z
4w,F1,f00,t256x128k32g44s32f32bbt,llama-3.1-8b,wq_wo,2048,4096,4096,sarc_dev_780m_x_linear_q4gsw_coopmat_t256x128k32g44s32f32bbt_texture3d_texture2d_half,1,9964.74,0.0708511,SKIPPED,,1,58,66,2800,2.1,2026-10-05T03:26:36Z
4w,F1,f00,t256x128k32g44s32f32bbt,llama-3.2-3b,wq_wo,2048,3072,3072,sarc_dev_780m_x_linear_q4gsw_coopmat_t256x128k32g44s32f32bbt_texture3d_texture2d_half,1,6168.26,0.103721,SKIPPED,,1,58,66,2800,2.1,2026-10-05T03:26:36Z
4w,F1,f00,t256x128k32g44s32f32bbt,llama-3.2-1b,wq_wo,2048,2048,2048,sarc_dev_780m_x_linear_q4gsw_coopmat_t256x128k32g44s32f32bbt_texture3d_texture2d_half,1,2610.72,0.0900772,SKIPPED,,1,58,66,2800,2.1,2026-10-05T03:26:36Z
4w,F1,f00,t256x128k32g42s64f32bbt,llama-3.1-8b,wq_wo,2048,4096,4096,sarc_dev_780m_x_linear_q4gsw_coopmat_t256x128k32g42s64f32bbt_texture3d_texture2d_half,1,11419.3,0.0370286,SKIPPED,,1,59,65,2800,2.1,2026-10-05T03:26:38Z
4w,F1,f00,t256x128k32g42s64f32bbt,llama-3.2-3b,wq_wo,2048,3072,3072,sarc_dev_780m_x_linear_q4gsw_coopmat_t256x128k32g42s64f32bbt_texture3d_texture2d_half,1,6962.58,0.0897908,SKIPPED,,1,59,65,2800,2.1,2026-10-05T03:26:38Z
4w,F1,f00,t256x128k32g42s64f32bbt,llama-3.2-1b,wq_wo,2048,2048,2048,sarc_dev_780m_x_linear_q4gsw_coopmat_t256x128k32g42s64f32bbt_texture3d_texture2d_half,1,3068.82,0.108474,SKIPPED,,1,59,65,2800,2.1,2026-10-05T03:26:38Z
4w,F1,f00,t256x128k32g42s32bbt,llama-3.1-8b,wq_wo,2048,4096,4096,sarc_dev_780m_x_linear_q4gsw_coopmat_t256x128k32g42s32bbt_texture3d_texture2d_half,1,90709.4,0.00115091,SKIPPED,,1,60,61,2800,2.6,2026-10-05T03:26:40Z
4w,F1,f00,t256x128k32g42s32bbt,llama-3.2-3b,wq_wo,2048,3072,3072,sarc_dev_780m_x_linear_q4gsw_coopmat_t256x128k32g42s32bbt_texture3d_texture2d_half,1,50662,0.000506112,SKIPPED,,1,60,61,2800,2.6,2026-10-05T03:26:40Z
4w,F1,f00,t256x128k32g42s32bbt,llama-3.2-1b,wq_wo,2048,2048,2048,sarc_dev_780m_x_linear_q4gsw_coopmat_t256x128k32g42s32bbt_texture3d_texture2d_half,1,20765.2,0.0136803,SKIPPED,,1,60,61,2800,2.6,2026-10-05T03:26:40Z
4w,F1,f00,t256x128k32g42s32gabbt,llama-3.1-8b,wq_wo,2048,4096,4096,sarc_dev_780m_x_linear_q4gsw_coopmat_t256x128k32g42s32gabbt_texture3d_texture2d_half,1,115264,0.00036926,SKIPPED,,1,58,62,2800,2.9,2026-10-05T03:26:43Z
4w,F1,f00,t256x128k32g42s32gabbt,llama-3.2-3b,wq_wo,2048,3072,3072,sarc_dev_780m_x_linear_q4gsw_coopmat_t256x128k32g42s32gabbt_texture3d_texture2d_half,1,64134.9,0.0093269,SKIPPED,,1,58,62,2800,2.9,2026-10-05T03:26:43Z
4w,F1,f00,t256x128k32g42s32gabbt,llama-3.2-1b,wq_wo,2048,2048,2048,sarc_dev_780m_x_linear_q4gsw_coopmat_t256x128k32g42s32gabbt_texture3d_texture2d_half,1,27459.4,0.0105224,SKIPPED,,1,58,62,2800,2.9,2026-10-05T03:26:43Z
4w,F1,f00,t256x128k32g42s32f32cbt,llama-3.1-8b,wq_wo,2048,4096,4096,sarc_dev_780m_x_linear_q4gsw_coopmat_t256x128k32g42s32f32cbt_texture3d_texture2d_half,1,6781.88,0.113259,SKIPPED,,1,58,69,2800,2.0,2026-10-05T03:26:45Z
4w,F1,f00,t256x128k32g42s32f32cbt,llama-3.2-3b,wq_wo,2048,3072,3072,sarc_dev_780m_x_linear_q4gsw_coopmat_t256x128k32g42s32f32cbt_texture3d_texture2d_half,1,4024.5,0.117772,SKIPPED,,1,58,69,2800,2.0,2026-10-05T03:26:45Z
4w,F1,f00,t256x128k32g42s32f32cbt,llama-3.2-1b,wq_wo,2048,2048,2048,sarc_dev_780m_x_linear_q4gsw_coopmat_t256x128k32g42s32f32cbt_texture3d_texture2d_half,1,1863.06,0.107146,SKIPPED,,1,58,69,2800,2.0,2026-10-05T03:26:45Z
4w,F1,f00,t256x128k32g42s32f32bibt,llama-3.1-8b,wq_wo,2048,4096,4096,sarc_dev_780m_x_linear_q4gsw_coopmat_t256x128k32g42s32f32bibt_texture3d_texture2d_half,1,6741.6,0.10331,SKIPPED,,1,60,68,2800,2.0,2026-10-05T03:26:47Z
4w,F1,f00,t256x128k32g42s32f32bibt,llama-3.2-3b,wq_wo,2048,3072,3072,sarc_dev_780m_x_linear_q4gsw_coopmat_t256x128k32g42s32f32bibt_texture3d_texture2d_half,1,4099.92,0.115006,SKIPPED,,1,60,68,2800,2.0,2026-10-05T03:26:47Z
4w,F1,f00,t256x128k32g42s32f32bibt,llama-3.2-1b,wq_wo,2048,2048,2048,sarc_dev_780m_x_linear_q4gsw_coopmat_t256x128k32g42s32f32bibt_texture3d_texture2d_half,1,1893.52,0.108231,SKIPPED,,1,60,68,2800,2.0,2026-10-05T03:26:47Z
4w,F1,f00,t256x128k32g42s32f32biwbt,llama-3.1-8b,wq_wo,2048,4096,4096,sarc_dev_780m_x_linear_q4gsw_coopmat_t256x128k32g42s32f32biwbt_texture3d_texture2d_half,1,6748.16,0.108702,SKIPPED,,1,60,66,2800,2.0,2026-10-05T03:26:49Z
4w,F1,f00,t256x128k32g42s32f32biwbt,llama-3.2-3b,wq_wo,2048,3072,3072,sarc_dev_780m_x_linear_q4gsw_coopmat_t256x128k32g42s32f32biwbt_texture3d_texture2d_half,1,4094.24,0.120147,SKIPPED,,1,60,66,2800,2.0,2026-10-05T03:26:49Z
4w,F1,f00,t256x128k32g42s32f32biwbt,llama-3.2-1b,wq_wo,2048,2048,2048,sarc_dev_780m_x_linear_q4gsw_coopmat_t256x128k32g42s32f32biwbt_texture3d_texture2d_half,1,1883.24,0.104496,SKIPPED,,1,60,66,2800,2.0,2026-10-05T03:26:49Z
4w,F1,f00,t256x128k32g42s32f32b,llama-3.1-8b,wq_wo,2048,4096,4096,sarc_dev_780m_x_linear_q4gsw_coopmat_t256x128k32g42s32f32b_texture3d_texture2d_half,1,6922.76,0.0927972,SKIPPED,,1,58,68,2800,2.0,2026-10-05T03:26:51Z
4w,F1,f00,t256x128k32g42s32f32b,llama-3.2-3b,wq_wo,2048,3072,3072,sarc_dev_780m_x_linear_q4gsw_coopmat_t256x128k32g42s32f32b_texture3d_texture2d_half,1,4287.76,0.123899,SKIPPED,,1,58,68,2800,2.0,2026-10-05T03:26:51Z
4w,F1,f00,t256x128k32g42s32f32b,llama-3.2-1b,wq_wo,2048,2048,2048,sarc_dev_780m_x_linear_q4gsw_coopmat_t256x128k32g42s32f32b_texture3d_texture2d_half,1,1972.74,0.128164,SKIPPED,,1,58,68,2800,2.0,2026-10-05T03:26:51Z
4w,F1,f00,bx_t64x128k32g22s32f32cfliw,llama-3.1-8b,wq_wo,2048,4096,4096,sarc_dev_780m_x_linear_q4gsw_coopmat_bx_t64x128k32g22s32f32cfliw_texture3d_texture2d_half,1,8386.16,0.0995355,SKIPPED,,1,59,69,2800,2.0,2026-10-05T03:26:53Z
4w,F1,f00,bx_t64x128k32g22s32f32cfliw,llama-3.2-3b,wq_wo,2048,3072,3072,sarc_dev_780m_x_linear_q4gsw_coopmat_bx_t64x128k32g22s32f32cfliw_texture3d_texture2d_half,1,5278.78,0.138147,SKIPPED,,1,59,69,2800,2.0,2026-10-05T03:26:53Z
4w,F1,f00,bx_t64x128k32g22s32f32cfliw,llama-3.2-1b,wq_wo,2048,2048,2048,sarc_dev_780m_x_linear_q4gsw_coopmat_bx_t64x128k32g22s32f32cfliw_texture3d_texture2d_half,1,2452.76,0.148662,SKIPPED,,1,59,69,2800,2.0,2026-10-05T03:26:53Z
4w,F1,f00,bx_t256x128k32g22s32f32cfliw,llama-3.1-8b,wq_wo,2048,4096,4096,sarc_dev_780m_x_linear_q4gsw_coopmat_bx_t256x128k32g22s32f32cfliw_texture3d_texture2d_half,1,24993.1,0.00289417,SKIPPED,,1,59,64,2800,2.2,2026-10-05T03:26:56Z
4w,F1,f00,bx_t256x128k32g22s32f32cfliw,llama-3.2-3b,wq_wo,2048,3072,3072,sarc_dev_780m_x_linear_q4gsw_coopmat_bx_t256x128k32g22s32f32cfliw_texture3d_texture2d_half,1,13890.3,0.024618,SKIPPED,,1,59,64,2800,2.2,2026-10-05T03:26:56Z
4w,F1,f00,bx_t256x128k32g22s32f32cfliw,llama-3.2-1b,wq_wo,2048,2048,2048,sarc_dev_780m_x_linear_q4gsw_coopmat_bx_t256x128k32g22s32f32cfliw_texture3d_texture2d_half,1,6810.04,0.100876,SKIPPED,,1,59,64,2800,2.2,2026-10-05T03:26:56Z
4w,F1,f00,bx_t128x32k32g22s32f32cfliw,llama-3.1-8b,wq_wo,2048,4096,4096,sarc_dev_780m_x_linear_q4gsw_coopmat_bx_t128x32k32g22s32f32cfliw_texture3d_texture2d_half,1,11418.3,0.078856,SKIPPED,,1,59,67,2800,2.0,2026-10-05T03:26:58Z
4w,F1,f00,bx_t128x32k32g22s32f32cfliw,llama-3.2-3b,wq_wo,2048,3072,3072,sarc_dev_780m_x_linear_q4gsw_coopmat_bx_t128x32k32g22s32f32cfliw_texture3d_texture2d_half,1,6566.46,0.105567,SKIPPED,,1,59,67,2800,2.0,2026-10-05T03:26:58Z
4w,F1,f00,bx_t128x32k32g22s32f32cfliw,llama-3.2-1b,wq_wo,2048,2048,2048,sarc_dev_780m_x_linear_q4gsw_coopmat_bx_t128x32k32g22s32f32cfliw_texture3d_texture2d_half,1,3210.26,0.143293,SKIPPED,,1,59,67,2800,2.0,2026-10-05T03:26:58Z
4w,F1,f00,bx_t128x64k32g22s32f32cfliw,llama-3.1-8b,wq_wo,2048,4096,4096,sarc_dev_780m_x_linear_q4gsw_coopmat_bx_t128x64k32g22s32f32cfliw_texture3d_texture2d_half,1,8260.12,0.102538,SKIPPED,,1,59,68,2800,2.0,2026-10-05T03:27:00Z
4w,F1,f00,bx_t128x64k32g22s32f32cfliw,llama-3.2-3b,wq_wo,2048,3072,3072,sarc_dev_780m_x_linear_q4gsw_coopmat_bx_t128x64k32g22s32f32cfliw_texture3d_texture2d_half,1,5128.28,0.13959,SKIPPED,,1,59,68,2800,2.0,2026-10-05T03:27:00Z
4w,F1,f00,bx_t128x64k32g22s32f32cfliw,llama-3.2-1b,wq_wo,2048,2048,2048,sarc_dev_780m_x_linear_q4gsw_coopmat_bx_t128x64k32g22s32f32cfliw_texture3d_texture2d_half,1,2295.3,0.142608,SKIPPED,,1,59,68,2800,2.0,2026-10-05T03:27:00Z
4w,F1,f00,bx_t128x128k16g22s32f32cfliw,llama-3.1-8b,wq_wo,2048,4096,4096,sarc_dev_780m_x_linear_q4gsw_coopmat_bx_t128x128k16g22s32f32cfliw_texture3d_texture2d_half,1,7930.8,0.107799,SKIPPED,,1,60,69,2800,2.0,2026-10-05T03:27:02Z
4w,F1,f00,bx_t128x128k16g22s32f32cfliw,llama-3.2-3b,wq_wo,2048,3072,3072,sarc_dev_780m_x_linear_q4gsw_coopmat_bx_t128x128k16g22s32f32cfliw_texture3d_texture2d_half,1,4479.82,0.131186,SKIPPED,,1,60,69,2800,2.0,2026-10-05T03:27:02Z
4w,F1,f00,bx_t128x128k16g22s32f32cfliw,llama-3.2-1b,wq_wo,2048,2048,2048,sarc_dev_780m_x_linear_q4gsw_coopmat_bx_t128x128k16g22s32f32cfliw_texture3d_texture2d_half,1,1995.02,0.14663,SKIPPED,,1,60,69,2800,2.0,2026-10-05T03:27:02Z
4w,F1,f00,bx_t128x128k32g42s32f32cfliw,llama-3.1-8b,wq_wo,2048,4096,4096,sarc_dev_780m_x_linear_q4gsw_coopmat_bx_t128x128k32g42s32f32cfliw_texture3d_texture2d_half,1,8164.1,0.117721,SKIPPED,,1,60,67,2800,2.0,2026-10-05T03:27:04Z
4w,F1,f00,bx_t128x128k32g42s32f32cfliw,llama-3.2-3b,wq_wo,2048,3072,3072,sarc_dev_780m_x_linear_q4gsw_coopmat_bx_t128x128k32g42s32f32cfliw_texture3d_texture2d_half,1,4944.96,0.138913,SKIPPED,,1,60,67,2800,2.0,2026-10-05T03:27:04Z
4w,F1,f00,bx_t128x128k32g42s32f32cfliw,llama-3.2-1b,wq_wo,2048,2048,2048,sarc_dev_780m_x_linear_q4gsw_coopmat_bx_t128x128k32g42s32f32cfliw_texture3d_texture2d_half,1,2257.64,0.15308,SKIPPED,,1,60,67,2800,2.0,2026-10-05T03:27:04Z
4w,F1,f00,bx_t128x128k32g82s32f32cfliw,llama-3.1-8b,wq_wo,2048,4096,4096,sarc_dev_780m_x_linear_q4gsw_coopmat_bx_t128x128k32g82s32f32cfliw_texture3d_texture2d_half,1,12012.3,0.0681356,SKIPPED,,1,59,66,2800,2.0,2026-10-05T03:27:06Z
4w,F1,f00,bx_t128x128k32g82s32f32cfliw,llama-3.2-3b,wq_wo,2048,3072,3072,sarc_dev_780m_x_linear_q4gsw_coopmat_bx_t128x128k32g82s32f32cfliw_texture3d_texture2d_half,1,7477.48,0.122595,SKIPPED,,1,59,66,2800,2.0,2026-10-05T03:27:06Z
4w,F1,f00,bx_t128x128k32g82s32f32cfliw,llama-3.2-1b,wq_wo,2048,2048,2048,sarc_dev_780m_x_linear_q4gsw_coopmat_bx_t128x128k32g82s32f32cfliw_texture3d_texture2d_half,1,3524.84,0.149513,SKIPPED,,1,59,66,2800,2.0,2026-10-05T03:27:06Z
4w,F1,f00,bx_t128x128k32g24s32f32cfliw,llama-3.1-8b,wq_wo,2048,4096,4096,sarc_dev_780m_x_linear_q4gsw_coopmat_bx_t128x128k32g24s32f32cfliw_texture3d_texture2d_half,1,7999.7,0.119383,SKIPPED,,1,58,69,2800,2.0,2026-10-05T03:27:08Z
4w,F1,f00,bx_t128x128k32g24s32f32cfliw,llama-3.2-3b,wq_wo,2048,3072,3072,sarc_dev_780m_x_linear_q4gsw_coopmat_bx_t128x128k32g24s32f32cfliw_texture3d_texture2d_half,1,4973.22,0.14842,SKIPPED,,1,58,69,2800,2.0,2026-10-05T03:27:08Z
4w,F1,f00,bx_t128x128k32g24s32f32cfliw,llama-3.2-1b,wq_wo,2048,2048,2048,sarc_dev_780m_x_linear_q4gsw_coopmat_bx_t128x128k32g24s32f32cfliw_texture3d_texture2d_half,1,2153.1,0.147868,SKIPPED,,1,58,69,2800,2.0,2026-10-05T03:27:08Z
4w,F1,f00,bx_t128x128k32g22s64f32cfliw,llama-3.1-8b,wq_wo,2048,4096,4096,sarc_dev_780m_x_linear_q4gsw_coopmat_bx_t128x128k32g22s64f32cfliw_texture3d_texture2d_half,1,9433.58,0.104373,SKIPPED,,1,60,66,2800,2.0,2026-10-05T03:27:10Z
4w,F1,f00,bx_t128x128k32g22s64f32cfliw,llama-3.2-3b,wq_wo,2048,3072,3072,sarc_dev_780m_x_linear_q4gsw_coopmat_bx_t128x128k32g22s64f32cfliw_texture3d_texture2d_half,1,5983.04,0.136907,SKIPPED,,1,60,66,2800,2.0,2026-10-05T03:27:10Z
4w,F1,f00,bx_t128x128k32g22s64f32cfliw,llama-3.2-1b,wq_wo,2048,2048,2048,sarc_dev_780m_x_linear_q4gsw_coopmat_bx_t128x128k32g22s64f32cfliw_texture3d_texture2d_half,1,2754.2,0.157121,SKIPPED,,1,60,66,2800,2.0,2026-10-05T03:27:10Z
4w,F1,f00,bx_t128x128k32g22s32cfliw,llama-3.1-8b,wq_wo,2048,4096,4096,sarc_dev_780m_x_linear_q4gsw_coopmat_bx_t128x128k32g22s32cfliw_texture3d_texture2d_half,1,81019.6,6.49438e-05,SKIPPED,,1,59,61,2800,2.6,2026-10-05T03:27:12Z
4w,F1,f00,bx_t128x128k32g22s32cfliw,llama-3.2-3b,wq_wo,2048,3072,3072,sarc_dev_780m_x_linear_q4gsw_coopmat_bx_t128x128k32g22s32cfliw_texture3d_texture2d_half,1,44177.2,0.0110575,SKIPPED,,1,59,61,2800,2.6,2026-10-05T03:27:12Z
4w,F1,f00,bx_t128x128k32g22s32cfliw,llama-3.2-1b,wq_wo,2048,2048,2048,sarc_dev_780m_x_linear_q4gsw_coopmat_bx_t128x128k32g22s32cfliw_texture3d_texture2d_half,1,18233.2,0.0101859,SKIPPED,,1,59,61,2800,2.6,2026-10-05T03:27:12Z
4w,F1,f00,bx_t128x128k32g22s32gacfliw,llama-3.1-8b,wq_wo,2048,4096,4096,sarc_dev_780m_x_linear_q4gsw_coopmat_bx_t128x128k32g22s32gacfliw_texture3d_texture2d_half,1,107962,0.00842868,SKIPPED,,1,59,62,2800,2.7,2026-10-05T03:27:15Z
4w,F1,f00,bx_t128x128k32g22s32gacfliw,llama-3.2-3b,wq_wo,2048,3072,3072,sarc_dev_780m_x_linear_q4gsw_coopmat_bx_t128x128k32g22s32gacfliw_texture3d_texture2d_half,1,59433.8,0.00170206,SKIPPED,,1,59,62,2800,2.7,2026-10-05T03:27:15Z
4w,F1,f00,bx_t128x128k32g22s32gacfliw,llama-3.2-1b,wq_wo,2048,2048,2048,sarc_dev_780m_x_linear_q4gsw_coopmat_bx_t128x128k32g22s32gacfliw_texture3d_texture2d_half,1,24887.4,0.00402376,SKIPPED,,1,59,62,2800,2.7,2026-10-05T03:27:15Z
4w,F1,f00,bx_t128x128k32g22s32f32fliw,llama-3.1-8b,wq_wo,2048,4096,4096,sarc_dev_780m_x_linear_q4gsw_coopmat_bx_t128x128k32g22s32f32fliw_texture3d_texture2d_half,1,7812.44,0.121094,SKIPPED,,1,59,67,2800,2.0,2026-10-05T03:27:17Z
4w,F1,f00,bx_t128x128k32g22s32f32fliw,llama-3.2-3b,wq_wo,2048,3072,3072,sarc_dev_780m_x_linear_q4gsw_coopmat_bx_t128x128k32g22s32f32fliw_texture3d_texture2d_half,1,4443.86,0.131661,SKIPPED,,1,59,67,2800,2.0,2026-10-05T03:27:17Z
4w,F1,f00,bx_t128x128k32g22s32f32fliw,llama-3.2-1b,wq_wo,2048,2048,2048,sarc_dev_780m_x_linear_q4gsw_coopmat_bx_t128x128k32g22s32f32fliw_texture3d_texture2d_half,1,2121.18,0.147115,SKIPPED,,1,59,67,2800,2.0,2026-10-05T03:27:17Z
4w,F1,f00,bx_t128x128k32g22s32f32xfliw,llama-3.1-8b,wq_wo,2048,4096,4096,sarc_linear_q4gsw_coopmat_t128x128k32g42s32f32c_texture3d_texture2d_half,0,6653.12,0.0899556,SKIPPED,,1,59,71,2800,2.0,2026-10-05T03:27:19Z
4w,F1,f00,bx_t128x128k32g22s32f32xfliw,llama-3.2-3b,wq_wo,2048,3072,3072,sarc_linear_q4gsw_coopmat_t128x128k32g42s32f32c_texture3d_texture2d_half,0,4014.1,0.142374,SKIPPED,,1,59,71,2800,2.0,2026-10-05T03:27:19Z
4w,F1,f00,bx_t128x128k32g22s32f32xfliw,llama-3.2-1b,wq_wo,2048,2048,2048,sarc_linear_q4gsw_coopmat_t128x128k32g42s32f32c_texture3d_texture2d_half,0,1816.44,0.142186,SKIPPED,,1,59,71,2800,2.0,2026-10-05T03:27:19Z
4w,F1,f00,bx_t128x128k32g22s32f32bfliw,llama-3.1-8b,wq_wo,2048,4096,4096,sarc_dev_780m_x_linear_q4gsw_coopmat_bx_t128x128k32g22s32f32bfliw_texture3d_texture2d_half,1,7877.92,0.12625,SKIPPED,,1,61,67,2800,2.0,2026-10-05T03:27:21Z
4w,F1,f00,bx_t128x128k32g22s32f32bfliw,llama-3.2-3b,wq_wo,2048,3072,3072,sarc_dev_780m_x_linear_q4gsw_coopmat_bx_t128x128k32g22s32f32bfliw_texture3d_texture2d_half,1,4711.32,0.153873,SKIPPED,,1,61,67,2800,2.0,2026-10-05T03:27:21Z
4w,F1,f00,bx_t128x128k32g22s32f32bfliw,llama-3.2-1b,wq_wo,2048,2048,2048,sarc_dev_780m_x_linear_q4gsw_coopmat_bx_t128x128k32g22s32f32bfliw_texture3d_texture2d_half,1,2110.44,0.14416,SKIPPED,,1,61,67,2800,2.0,2026-10-05T03:27:21Z
4w,F1,f00,bx_t128x128k32g22s32f32ciw,llama-3.1-8b,wq_wo,2048,4096,4096,sarc_dev_780m_x_linear_q4gsw_coopmat_bx_t128x128k32g22s32f32ciw_texture3d_texture2d_half,1,7590.54,0.125058,SKIPPED,,1,59,69,2800,2.0,2026-10-05T03:27:23Z
4w,F1,f00,bx_t128x128k32g22s32f32ciw,llama-3.2-3b,wq_wo,2048,3072,3072,sarc_dev_780m_x_linear_q4gsw_coopmat_bx_t128x128k32g22s32f32ciw_texture3d_texture2d_half,1,4323.58,0.135776,SKIPPED,,1,59,69,2800,2.0,2026-10-05T03:27:23Z
4w,F1,f00,bx_t128x128k32g22s32f32ciw,llama-3.2-1b,wq_wo,2048,2048,2048,sarc_dev_780m_x_linear_q4gsw_coopmat_bx_t128x128k32g22s32f32ciw_texture3d_texture2d_half,1,1917.46,0.134019,SKIPPED,,1,59,69,2800,2.0,2026-10-05T03:27:23Z
4w,F1,f00,bx_t128x128k32g22s32f32cfliiw,llama-3.1-8b,wq_wo,2048,4096,4096,sarc_dev_780m_x_linear_q4gsw_coopmat_bx_t128x128k32g22s32f32cfliiw_texture3d_texture2d_half,1,6717.66,0.10758,SKIPPED,,1,60,69,2800,2.0,2026-10-05T03:27:25Z
4w,F1,f00,bx_t128x128k32g22s32f32cfliiw,llama-3.2-3b,wq_wo,2048,3072,3072,sarc_dev_780m_x_linear_q4gsw_coopmat_bx_t128x128k32g22s32f32cfliiw_texture3d_texture2d_half,1,4307.4,0.151129,SKIPPED,,1,60,69,2800,2.0,2026-10-05T03:27:25Z
4w,F1,f00,bx_t128x128k32g22s32f32cfliiw,llama-3.2-1b,wq_wo,2048,2048,2048,sarc_dev_780m_x_linear_q4gsw_coopmat_bx_t128x128k32g22s32f32cfliiw_texture3d_texture2d_half,1,1894.4,0.149427,SKIPPED,,1,60,69,2800,2.0,2026-10-05T03:27:25Z
4w,F1,f00,bx_t128x128k32g22s32f32cfl,llama-3.1-8b,wq_wo,2048,4096,4096,sarc_dev_780m_x_linear_q4gsw_coopmat_bx_t128x128k32g22s32f32cfl_texture3d_texture2d_half,1,7741.04,0.152568,SKIPPED,,1,60,69,2800,2.0,2026-10-05T03:27:27Z
4w,F1,f00,bx_t128x128k32g22s32f32cfl,llama-3.2-3b,wq_wo,2048,3072,3072,sarc_dev_780m_x_linear_q4gsw_coopmat_bx_t128x128k32g22s32f32cfl_texture3d_texture2d_half,1,4309.56,0.147455,SKIPPED,,1,60,69,2800,2.0,2026-10-05T03:27:27Z
4w,F1,f00,bx_t128x128k32g22s32f32cfl,llama-3.2-1b,wq_wo,2048,2048,2048,sarc_dev_780m_x_linear_q4gsw_coopmat_bx_t128x128k32g22s32f32cfl_texture3d_texture2d_half,1,1873.58,0.14356,SKIPPED,,1,60,69,2800,2.0,2026-10-05T03:27:27Z
4w,F1,f00,t128x128k32g22s32f32cfliw,llama-3.1-8b,wq_wo,2048,4096,4096,sarc_dev_780m_x_linear_q4gsw_coopmat_t128x128k32g22s32f32cfliw_texture3d_texture2d_half,1,7523.84,0.131262,SKIPPED,,1,60,68,2800,2.0,2026-10-05T03:27:29Z
4w,F1,f00,t128x128k32g22s32f32cfliw,llama-3.2-3b,wq_wo,2048,3072,3072,sarc_dev_780m_x_linear_q4gsw_coopmat_t128x128k32g22s32f32cfliw_texture3d_texture2d_half,1,4323.98,0.145787,SKIPPED,,1,60,68,2800,2.0,2026-10-05T03:27:29Z
4w,F1,f00,t128x128k32g22s32f32cfliw,llama-3.2-1b,wq_wo,2048,2048,2048,sarc_dev_780m_x_linear_q4gsw_coopmat_t128x128k32g22s32f32cfliw_texture3d_texture2d_half,1,2014.26,0.155589,SKIPPED,,1,60,68,2800,2.0,2026-10-05T03:27:29Z
4w,F1,f00,bx_t64x128k32g42s32f32xp,llama-3.1-8b,wq_wo,2048,4096,4096,sarc_dev_780m_x_linear_q4gsw_coopmat_bx_t64x128k32g42s32f32xp_texture3d_texture2d_half,1,8469.96,0.100335,SKIPPED,,1,59,71,2800,2.0,2026-10-05T03:27:31Z
4w,F1,f00,bx_t64x128k32g42s32f32xp,llama-3.2-3b,wq_wo,2048,3072,3072,sarc_dev_780m_x_linear_q4gsw_coopmat_bx_t64x128k32g42s32f32xp_texture3d_texture2d_half,1,5166.82,0.133407,SKIPPED,,1,59,71,2800,2.0,2026-10-05T03:27:31Z
4w,F1,f00,bx_t64x128k32g42s32f32xp,llama-3.2-1b,wq_wo,2048,2048,2048,sarc_dev_780m_x_linear_q4gsw_coopmat_bx_t64x128k32g42s32f32xp_texture3d_texture2d_half,1,2320.06,0.139153,SKIPPED,,1,59,71,2800,2.0,2026-10-05T03:27:31Z
4w,F1,f00,bx_t128x128k32g42s32f32xp,llama-3.1-8b,wq_wo,2048,4096,4096,sarc_dev_780m_x_linear_q4gsw_coopmat_bx_t128x128k32g42s32f32xp_texture3d_texture2d_half,1,7667.42,0.120293,SKIPPED,,1,61,71,2800,2.0,2026-10-05T03:27:33Z
4w,F1,f00,bx_t128x128k32g42s32f32xp,llama-3.2-3b,wq_wo,2048,3072,3072,sarc_dev_780m_x_linear_q4gsw_coopmat_bx_t128x128k32g42s32f32xp_texture3d_texture2d_half,1,4343.04,0.141764,SKIPPED,,1,61,71,2800,2.0,2026-10-05T03:27:33Z
4w,F1,f00,bx_t128x128k32g42s32f32xp,llama-3.2-1b,wq_wo,2048,2048,2048,sarc_dev_780m_x_linear_q4gsw_coopmat_bx_t128x128k32g42s32f32xp_texture3d_texture2d_half,1,1930.14,0.140811,SKIPPED,,1,61,71,2800,2.0,2026-10-05T03:27:33Z
4w,F1,f00,bx_t256x64k32g42s32f32xp,llama-3.1-8b,wq_wo,2048,4096,4096,sarc_dev_780m_x_linear_q4gsw_coopmat_bx_t256x64k32g42s32f32xp_texture3d_texture2d_half,1,9781.9,0.0550269,SKIPPED,,1,61,67,2800,2.0,2026-10-05T03:27:35Z
4w,F1,f00,bx_t256x64k32g42s32f32xp,llama-3.2-3b,wq_wo,2048,3072,3072,sarc_dev_780m_x_linear_q4gsw_coopmat_bx_t256x64k32g42s32f32xp_texture3d_texture2d_half,1,5865.32,0.0696504,SKIPPED,,1,61,67,2800,2.0,2026-10-05T03:27:35Z
4w,F1,f00,bx_t256x64k32g42s32f32xp,llama-3.2-1b,wq_wo,2048,2048,2048,sarc_dev_780m_x_linear_q4gsw_coopmat_bx_t256x64k32g42s32f32xp_texture3d_texture2d_half,1,2471.54,0.120772,SKIPPED,,1,61,67,2800,2.0,2026-10-05T03:27:35Z
4w,F1,f00,bx_t256x128k16g42s32f32xp,llama-3.1-8b,wq_wo,2048,4096,4096,sarc_dev_780m_x_linear_q4gsw_coopmat_bx_t256x128k16g42s32f32xp_texture3d_texture2d_half,1,8818.16,0.0837508,SKIPPED,,1,59,68,2800,2.0,2026-10-05T03:27:37Z
4w,F1,f00,bx_t256x128k16g42s32f32xp,llama-3.2-3b,wq_wo,2048,3072,3072,sarc_dev_780m_x_linear_q4gsw_coopmat_bx_t256x128k16g42s32f32xp_texture3d_texture2d_half,1,5037.68,0.0999871,SKIPPED,,1,59,68,2800,2.0,2026-10-05T03:27:37Z
4w,F1,f00,bx_t256x128k16g42s32f32xp,llama-3.2-1b,wq_wo,2048,2048,2048,sarc_dev_780m_x_linear_q4gsw_coopmat_bx_t256x128k16g42s32f32xp_texture3d_texture2d_half,1,2257.44,0.107295,SKIPPED,,1,59,68,2800,2.0,2026-10-05T03:27:37Z
4w,F1,f00,bx_t256x128k32g22s32f32xp,llama-3.1-8b,wq_wo,2048,4096,4096,sarc_dev_780m_x_linear_q4gsw_coopmat_bx_t256x128k32g22s32f32xp_texture3d_texture2d_half,1,25006.4,0.00621065,SKIPPED,,1,59,63,2800,2.2,2026-10-05T03:27:40Z
4w,F1,f00,bx_t256x128k32g22s32f32xp,llama-3.2-3b,wq_wo,2048,3072,3072,sarc_dev_780m_x_linear_q4gsw_coopmat_bx_t256x128k32g22s32f32xp_texture3d_texture2d_half,1,13602.8,0.0356082,SKIPPED,,1,59,63,2800,2.2,2026-10-05T03:27:40Z
4w,F1,f00,bx_t256x128k32g22s32f32xp,llama-3.2-1b,wq_wo,2048,2048,2048,sarc_dev_780m_x_linear_q4gsw_coopmat_bx_t256x128k32g22s32f32xp_texture3d_texture2d_half,1,6799.48,0.0992595,SKIPPED,,1,59,63,2800,2.2,2026-10-05T03:27:40Z
4w,F1,f00,bx_t256x128k32g82s32f32xp,llama-3.1-8b,wq_wo,2048,4096,4096,sarc_dev_780m_x_linear_q4gsw_coopmat_bx_t256x128k32g82s32f32xp_texture3d_texture2d_half,1,10796.7,0.0320913,SKIPPED,,1,58,64,2800,2.0,2026-10-05T03:27:42Z
4w,F1,f00,bx_t256x128k32g82s32f32xp,llama-3.2-3b,wq_wo,2048,3072,3072,sarc_dev_780m_x_linear_q4gsw_coopmat_bx_t256x128k32g82s32f32xp_texture3d_texture2d_half,1,6555.32,0.0874759,SKIPPED,,1,58,64,2800,2.0,2026-10-05T03:27:42Z
4w,F1,f00,bx_t256x128k32g82s32f32xp,llama-3.2-1b,wq_wo,2048,2048,2048,sarc_dev_780m_x_linear_q4gsw_coopmat_bx_t256x128k32g82s32f32xp_texture3d_texture2d_half,1,3098.7,0.120291,SKIPPED,,1,58,64,2800,2.0,2026-10-05T03:27:42Z
4w,F1,f00,bx_t256x128k32g41s32f32xp,llama-3.1-8b,wq_wo,2048,4096,4096,sarc_dev_780m_x_linear_q4gsw_coopmat_bx_t256x128k32g41s32f32xp_texture3d_texture2d_half,1,38036.7,0.00935899,SKIPPED,,1,58,63,2800,2.4,2026-10-05T03:27:44Z
4w,F1,f00,bx_t256x128k32g41s32f32xp,llama-3.2-3b,wq_wo,2048,3072,3072,sarc_dev_780m_x_linear_q4gsw_coopmat_bx_t256x128k32g41s32f32xp_texture3d_texture2d_half,1,21003.6,0.0106328,SKIPPED,,1,58,63,2800,2.4,2026-10-05T03:27:44Z
4w,F1,f00,bx_t256x128k32g41s32f32xp,llama-3.2-1b,wq_wo,2048,2048,2048,sarc_dev_780m_x_linear_q4gsw_coopmat_bx_t256x128k32g41s32f32xp_texture3d_texture2d_half,1,9733.68,0.083695,SKIPPED,,1,58,63,2800,2.4,2026-10-05T03:27:44Z
4w,F1,f00,bx_t256x128k32g44s32f32xp,llama-3.1-8b,wq_wo,2048,4096,4096,sarc_dev_780m_x_linear_q4gsw_coopmat_bx_t256x128k32g44s32f32xp_texture3d_texture2d_half,1,9776.22,0.0588767,SKIPPED,,1,59,65,2800,2.0,2026-10-05T03:27:46Z
4w,F1,f00,bx_t256x128k32g44s32f32xp,llama-3.2-3b,wq_wo,2048,3072,3072,sarc_dev_780m_x_linear_q4gsw_coopmat_bx_t256x128k32g44s32f32xp_texture3d_texture2d_half,1,5936.66,0.0820199,SKIPPED,,1,59,65,2800,2.0,2026-10-05T03:27:46Z
4w,F1,f00,bx_t256x128k32g44s32f32xp,llama-3.2-1b,wq_wo,2048,2048,2048,sarc_dev_780m_x_linear_q4gsw_coopmat_bx_t256x128k32g44s32f32xp_texture3d_texture2d_half,1,2695.14,0.101856,SKIPPED,,1,59,65,2800,2.0,2026-10-05T03:27:46Z
4w,F1,f00,bx_t256x128k32g42s64f32xp,llama-3.1-8b,wq_wo,2048,4096,4096,sarc_dev_780m_x_linear_q4gsw_coopmat_bx_t256x128k32g42s64f32xp_texture3d_texture2d_half,1,10984.7,0.0458076,SKIPPED,,1,59,65,2800,2.1,2026-10-05T03:27:48Z
4w,F1,f00,bx_t256x128k32g42s64f32xp,llama-3.2-3b,wq_wo,2048,3072,3072,sarc_dev_780m_x_linear_q4gsw_coopmat_bx_t256x128k32g42s64f32xp_texture3d_texture2d_half,1,6912.54,0.112848,SKIPPED,,1,59,65,2800,2.1,2026-10-05T03:27:48Z
4w,F1,f00,bx_t256x128k32g42s64f32xp,llama-3.2-1b,wq_wo,2048,2048,2048,sarc_dev_780m_x_linear_q4gsw_coopmat_bx_t256x128k32g42s64f32xp_texture3d_texture2d_half,1,3101.4,0.117756,SKIPPED,,1,59,65,2800,2.1,2026-10-05T03:27:48Z
4w,F1,f00,bx_t256x128k32g42s32xp,llama-3.1-8b,wq_wo,2048,4096,4096,sarc_dev_780m_x_linear_q4gsw_coopmat_bx_t256x128k32g42s32xp_texture3d_texture2d_half,1,87833.1,0.000780777,SKIPPED,,1,55,62,2800,2.6,2026-10-05T03:27:52Z
4w,F1,f00,bx_t256x128k32g42s32xp,llama-3.2-3b,wq_wo,2048,3072,3072,sarc_dev_780m_x_linear_q4gsw_coopmat_bx_t256x128k32g42s32xp_texture3d_texture2d_half,1,48846.1,0.00584001,SKIPPED,,1,55,62,2800,2.6,2026-10-05T03:27:52Z
4w,F1,f00,bx_t256x128k32g42s32xp,llama-3.2-1b,wq_wo,2048,2048,2048,sarc_dev_780m_x_linear_q4gsw_coopmat_bx_t256x128k32g42s32xp_texture3d_texture2d_half,1,20449.2,0.0101574,SKIPPED,,1,55,62,2800,2.6,2026-10-05T03:27:52Z
4w,F1,f00,bx_t256x128k32g42s32gaxp,llama-3.1-8b,wq_wo,2048,4096,4096,sarc_dev_780m_x_linear_q4gsw_coopmat_bx_t256x128k32g42s32gaxp_texture3d_texture2d_half,1,111569,0.000924249,SKIPPED,,1,56,61,2800,2.7,2026-10-05T03:27:54Z
4w,F1,f00,bx_t256x128k32g42s32gaxp,llama-3.2-3b,wq_wo,2048,3072,3072,sarc_dev_780m_x_linear_q4gsw_coopmat_bx_t256x128k32g42s32gaxp_texture3d_texture2d_half,1,61767.4,0.0169494,SKIPPED,,1,56,61,2800,2.7,2026-10-05T03:27:54Z
4w,F1,f00,bx_t256x128k32g42s32gaxp,llama-3.2-1b,wq_wo,2048,2048,2048,sarc_dev_780m_x_linear_q4gsw_coopmat_bx_t256x128k32g42s32gaxp_texture3d_texture2d_half,1,25892,0.0108122,SKIPPED,,1,56,61,2800,2.7,2026-10-05T03:27:54Z
4w,F1,f00,bx_t256x128k32g42s32f32c,llama-3.1-8b,wq_wo,2048,4096,4096,sarc_dev_780m_x_linear_q4gsw_coopmat_bx_t256x128k32g42s32f32c_texture3d_texture2d_half,1,6993.12,0.0903756,SKIPPED,,1,58,69,2800,2.0,2026-10-05T03:27:56Z
4w,F1,f00,bx_t256x128k32g42s32f32c,llama-3.2-3b,wq_wo,2048,3072,3072,sarc_dev_780m_x_linear_q4gsw_coopmat_bx_t256x128k32g42s32f32c_texture3d_texture2d_half,1,4211.7,0.130655,SKIPPED,,1,58,69,2800,2.0,2026-10-05T03:27:56Z
4w,F1,f00,bx_t256x128k32g42s32f32c,llama-3.2-1b,wq_wo,2048,2048,2048,sarc_dev_780m_x_linear_q4gsw_coopmat_bx_t256x128k32g42s32f32c_texture3d_texture2d_half,1,1839.56,0.127537,SKIPPED,,1,58,69,2800,2.0,2026-10-05T03:27:56Z
4w,F1,f00,bx_t256x128k32g42s32f32b,llama-3.1-8b,wq_wo,2048,4096,4096,sarc_dev_780m_x_linear_q4gsw_coopmat_bx_t256x128k32g42s32f32b_texture3d_texture2d_half,1,6885.64,0.103933,SKIPPED,,1,59,69,2800,2.0,2026-10-05T03:27:58Z
4w,F1,f00,bx_t256x128k32g42s32f32b,llama-3.2-3b,wq_wo,2048,3072,3072,sarc_dev_780m_x_linear_q4gsw_coopmat_bx_t256x128k32g42s32f32b_texture3d_texture2d_half,1,4141.64,0.125534,SKIPPED,,1,59,69,2800,2.0,2026-10-05T03:27:58Z
4w,F1,f00,bx_t256x128k32g42s32f32b,llama-3.2-1b,wq_wo,2048,2048,2048,sarc_dev_780m_x_linear_q4gsw_coopmat_bx_t256x128k32g42s32f32b_texture3d_texture2d_half,1,1922.84,0.134743,SKIPPED,,1,59,69,2800,2.0,2026-10-05T03:27:58Z
4w,F1,f00,bx_t256x128k32g42s32f32xpi,llama-3.1-8b,wq_wo,2048,4096,4096,sarc_dev_780m_x_linear_q4gsw_coopmat_bx_t256x128k32g42s32f32xpi_texture3d_texture2d_half,1,7020.48,0.0899347,SKIPPED,,1,58,68,2800,2.0,2026-10-05T03:28:01Z
4w,F1,f00,bx_t256x128k32g42s32f32xpi,llama-3.2-3b,wq_wo,2048,3072,3072,sarc_dev_780m_x_linear_q4gsw_coopmat_bx_t256x128k32g42s32f32xpi_texture3d_texture2d_half,1,4217.76,0.125254,SKIPPED,,1,58,68,2800,2.0,2026-10-05T03:28:01Z
4w,F1,f00,bx_t256x128k32g42s32f32xpi,llama-3.2-1b,wq_wo,2048,2048,2048,sarc_dev_780m_x_linear_q4gsw_coopmat_bx_t256x128k32g42s32f32xpi_texture3d_texture2d_half,1,1825,0.139116,SKIPPED,,1,58,68,2800,2.0,2026-10-05T03:28:01Z
4w,F1,f00,bx_t256x128k32g42s32f32xpiw,llama-3.1-8b,wq_wo,2048,4096,4096,sarc_dev_780m_x_linear_q4gsw_coopmat_bx_t256x128k32g42s32f32xpiw_texture3d_texture2d_half,1,7005.18,0.0956553,SKIPPED,,1,59,69,2800,2.0,2026-10-05T03:28:03Z
4w,F1,f00,bx_t256x128k32g42s32f32xpiw,llama-3.2-3b,wq_wo,2048,3072,3072,sarc_dev_780m_x_linear_q4gsw_coopmat_bx_t256x128k32g42s32f32xpiw_texture3d_texture2d_half,1,4182.72,0.129657,SKIPPED,,1,59,69,2800,2.0,2026-10-05T03:28:03Z
4w,F1,f00,bx_t256x128k32g42s32f32xpiw,llama-3.2-1b,wq_wo,2048,2048,2048,sarc_dev_780m_x_linear_q4gsw_coopmat_bx_t256x128k32g42s32f32xpiw_texture3d_texture2d_half,1,1825.28,0.124623,SKIPPED,,1,59,69,2800,2.0,2026-10-05T03:28:03Z
4w,F1,f00,t256x128k32g42s32f32xp,llama-3.1-8b,wq_wo,2048,4096,4096,sarc_dev_780m_x_linear_q4gsw_coopmat_t256x128k32g42s32f32xp_texture3d_texture2d_half,1,6981.9,0.086096,SKIPPED,,1,58,69,2800,2.0,2026-10-05T03:28:05Z
4w,F1,f00,t256x128k32g42s32f32xp,llama-3.2-3b,wq_wo,2048,3072,3072,sarc_dev_780m_x_linear_q4gsw_coopmat_t256x128k32g42s32f32xp_texture3d_texture2d_half,1,4231.42,0.120608,SKIPPED,,1,58,69,2800,2.0,2026-10-05T03:28:05Z
4w,F1,f00,t256x128k32g42s32f32xp,llama-3.2-1b,wq_wo,2048,2048,2048,sarc_dev_780m_x_linear_q4gsw_coopmat_t256x128k32g42s32f32xp_texture3d_texture2d_half,1,1902.32,0.119014,SKIPPED,,1,58,69,2800,2.0,2026-10-05T03:28:05Z
4w,F1,f00,t64x256k32g42s32f32bh,llama-3.1-8b,wq_wo,2048,4096,4096,sarc_dev_780m_x_linear_q4gsw_coopmat_t64x256k32g42s32f32bh_texture3d_texture2d_half,1,8639.9,0.103309,SKIPPED,,1,59,68,2800,2.0,2026-10-05T03:28:07Z
4w,F1,f00,t64x256k32g42s32f32bh,llama-3.2-3b,wq_wo,2048,3072,3072,sarc_dev_780m_x_linear_q4gsw_coopmat_t64x256k32g42s32f32bh_texture3d_texture2d_half,1,5205.02,0.121725,SKIPPED,,1,59,68,2800,2.0,2026-10-05T03:28:07Z
4w,F1,f00,t64x256k32g42s32f32bh,llama-3.2-1b,wq_wo,2048,2048,2048,sarc_dev_780m_x_linear_q4gsw_coopmat_t64x256k32g42s32f32bh_texture3d_texture2d_half,1,2455.82,0.143885,SKIPPED,,1,59,68,2800,2.0,2026-10-05T03:28:07Z
4w,F1,f00,t128x64k32g42s32f32bh,llama-3.1-8b,wq_wo,2048,4096,4096,sarc_dev_780m_x_linear_q4gsw_coopmat_t128x64k32g42s32f32bh_texture3d_texture2d_half,1,8473.86,0.10133,SKIPPED,,1,59,69,2800,2.0,2026-10-05T03:28:09Z
4w,F1,f00,t128x64k32g42s32f32bh,llama-3.2-3b,wq_wo,2048,3072,3072,sarc_dev_780m_x_linear_q4gsw_coopmat_t128x64k32g42s32f32bh_texture3d_texture2d_half,1,5217.22,0.137041,SKIPPED,,1,59,69,2800,2.0,2026-10-05T03:28:09Z
4w,F1,f00,t128x64k32g42s32f32bh,llama-3.2-1b,wq_wo,2048,2048,2048,sarc_dev_780m_x_linear_q4gsw_coopmat_t128x64k32g42s32f32bh_texture3d_texture2d_half,1,2414.16,0.144193,SKIPPED,,1,59,69,2800,2.0,2026-10-05T03:28:09Z
4w,F1,f00,t128x128k32g42s32f32bh,llama-3.1-8b,wq_wo,2048,4096,4096,sarc_dev_780m_x_linear_q4gsw_coopmat_t128x128k32g42s32f32bh_texture3d_texture2d_half,1,6960.24,0.104134,SKIPPED,,1,60,71,2800,2.0,2026-10-05T03:28:11Z
4w,F1,f00,t128x128k32g42s32f32bh,llama-3.2-3b,wq_wo,2048,3072,3072,sarc_dev_780m_x_linear_q4gsw_coopmat_t128x128k32g42s32f32bh_texture3d_texture2d_half,1,4328.34,0.148084,SKIPPED,,1,60,71,2800,2.0,2026-10-05T03:28:11Z
4w,F1,f00,t128x128k32g42s32f32bh,llama-3.2-1b,wq_wo,2048,2048,2048,sarc_dev_780m_x_linear_q4gsw_coopmat_t128x128k32g42s32f32bh_texture3d_texture2d_half,1,1877.96,0.140008,SKIPPED,,1,60,71,2800,2.0,2026-10-05T03:28:11Z
4w,F1,f00,t128x256k16g42s32f32bh,llama-3.1-8b,wq_wo,2048,4096,4096,sarc_dev_780m_x_linear_q4gsw_coopmat_t128x256k16g42s32f32bh_texture3d_texture2d_half,1,7958.14,0.107118,SKIPPED,,1,60,68,2800,2.0,2026-10-05T03:28:13Z
4w,F1,f00,t128x256k16g42s32f32bh,llama-3.2-3b,wq_wo,2048,3072,3072,sarc_dev_780m_x_linear_q4gsw_coopmat_t128x256k16g42s32f32bh_texture3d_texture2d_half,1,4605.64,0.107325,SKIPPED,,1,60,68,2800,2.0,2026-10-05T03:28:13Z
4w,F1,f00,t128x256k16g42s32f32bh,llama-3.2-1b,wq_wo,2048,2048,2048,sarc_dev_780m_x_linear_q4gsw_coopmat_t128x256k16g42s32f32bh_texture3d_texture2d_half,1,2175.04,0.123529,SKIPPED,,1,60,68,2800,2.0,2026-10-05T03:28:13Z
4w,F1,f00,t128x256k32g22s32f32bh,llama-3.1-8b,wq_wo,2048,4096,4096,sarc_dev_780m_x_linear_q4gsw_coopmat_t128x256k32g22s32f32bh_texture3d_texture2d_half,1,25931.6,0.00574299,SKIPPED,,1,59,64,2800,2.2,2026-10-05T03:28:15Z
4w,F1,f00,t128x256k32g22s32f32bh,llama-3.2-3b,wq_wo,2048,3072,3072,sarc_dev_780m_x_linear_q4gsw_coopmat_t128x256k32g22s32f32bh_texture3d_texture2d_half,1,14303.2,0.0228195,SKIPPED,,1,59,64,2800,2.2,2026-10-05T03:28:15Z
4w,F1,f00,t128x256k32g22s32f32bh,llama-3.2-1b,wq_wo,2048,2048,2048,sarc_dev_780m_x_linear_q4gsw_coopmat_t128x256k32g22s32f32bh_texture3d_texture2d_half,1,6901.94,0.0905901,SKIPPED,,1,59,64,2800,2.2,2026-10-05T03:28:15Z
4w,F1,f00,t128x256k32g82s32f32bh,llama-3.1-8b,wq_wo,2048,4096,4096,sarc_dev_780m_x_linear_q4gsw_coopmat_t128x256k32g82s32f32bh_texture3d_texture2d_half,1,8964.22,0.0799097,SKIPPED,,1,59,65,2800,2.0,2026-10-05T03:28:17Z
4w,F1,f00,t128x256k32g82s32f32bh,llama-3.2-3b,wq_wo,2048,3072,3072,sarc_dev_780m_x_linear_q4gsw_coopmat_t128x256k32g82s32f32bh_texture3d_texture2d_half,1,5373.96,0.114871,SKIPPED,,1,59,65,2800,2.0,2026-10-05T03:28:17Z
4w,F1,f00,t128x256k32g82s32f32bh,llama-3.2-1b,wq_wo,2048,2048,2048,sarc_dev_780m_x_linear_q4gsw_coopmat_t128x256k32g82s32f32bh_texture3d_texture2d_half,1,2745.7,0.137546,SKIPPED,,1,59,65,2800,2.0,2026-10-05T03:28:17Z
4w,F1,f00,t128x256k32g41s32f32bh,llama-3.1-8b,wq_wo,2048,4096,4096,sarc_dev_780m_x_linear_q4gsw_coopmat_t128x256k32g41s32f32bh_texture3d_texture2d_half,1,27874.9,0.0033736,SKIPPED,,1,58,62,2800,2.2,2026-10-05T03:28:19Z
4w,F1,f00,t128x256k32g41s32f32bh,llama-3.2-3b,wq_wo,2048,3072,3072,sarc_dev_780m_x_linear_q4gsw_coopmat_t128x256k32g41s32f32bh_texture3d_texture2d_half,1,15235.5,0.0098579,SKIPPED,,1,58,62,2800,2.2,2026-10-05T03:28:19Z
4w,F1,f00,t128x256k32g41s32f32bh,llama-3.2-1b,wq_wo,2048,2048,2048,sarc_dev_780m_x_linear_q4gsw_coopmat_t128x256k32g41s32f32bh_texture3d_texture2d_half,1,7689.7,0.113897,SKIPPED,,1,58,62,2800,2.2,2026-10-05T03:28:19Z
4w,F1,f00,t128x256k32g44s32f32bh,llama-3.1-8b,wq_wo,2048,4096,4096,sarc_dev_780m_x_linear_q4gsw_coopmat_t128x256k32g44s32f32bh_texture3d_texture2d_half,1,8856.16,0.0904472,SKIPPED,,1,58,66,2800,2.0,2026-10-05T03:28:21Z
4w,F1,f00,t128x256k32g44s32f32bh,llama-3.2-3b,wq_wo,2048,3072,3072,sarc_dev_780m_x_linear_q4gsw_coopmat_t128x256k32g44s32f32bh_texture3d_texture2d_half,1,5779.32,0.128878,SKIPPED,,1,58,66,2800,2.0,2026-10-05T03:28:21Z
4w,F1,f00,t128x256k32g44s32f32bh,llama-3.2-1b,wq_wo,2048,2048,2048,sarc_dev_780m_x_linear_q4gsw_coopmat_t128x256k32g44s32f32bh_texture3d_texture2d_half,1,2700.38,0.13469,SKIPPED,,1,58,66,2800,2.0,2026-10-05T03:28:21Z
4w,F1,f00,t128x256k32g42s64f32bh,llama-3.1-8b,wq_wo,2048,4096,4096,sarc_dev_780m_x_linear_q4gsw_coopmat_t128x256k32g42s64f32bh_texture3d_texture2d_half,1,9576.78,0.0748817,SKIPPED,,1,59,65,2800,2.0,2026-10-05T03:28:23Z
4w,F1,f00,t128x256k32g42s64f32bh,llama-3.2-3b,wq_wo,2048,3072,3072,sarc_dev_780m_x_linear_q4gsw_coopmat_t128x256k32g42s64f32bh_texture3d_texture2d_half,1,6063.44,0.122125,SKIPPED,,1,59,65,2800,2.0,2026-10-05T03:28:23Z
4w,F1,f00,t128x256k32g42s64f32bh,llama-3.2-1b,wq_wo,2048,2048,2048,sarc_dev_780m_x_linear_q4gsw_coopmat_t128x256k32g42s64f32bh_texture3d_texture2d_half,1,2949.04,0.134292,SKIPPED,,1,59,65,2800,2.0,2026-10-05T03:28:23Z
4w,F1,f00,t128x256k32g42s32bh,llama-3.1-8b,wq_wo,2048,4096,4096,sarc_dev_780m_x_linear_q4gsw_coopmat_t128x256k32g42s32bh_texture3d_texture2d_half,1,91946.6,0.00237923,SKIPPED,,1,58,61,2800,2.7,2026-10-05T03:28:26Z
4w,F1,f00,t128x256k32g42s32bh,llama-3.2-3b,wq_wo,2048,3072,3072,sarc_dev_780m_x_linear_q4gsw_coopmat_t128x256k32g42s32bh_texture3d_texture2d_half,1,51276.8,0.00401079,SKIPPED,,1,58,61,2800,2.7,2026-10-05T03:28:26Z
4w,F1,f00,t128x256k32g42s32bh,llama-3.2-1b,wq_wo,2048,2048,2048,sarc_dev_780m_x_linear_q4gsw_coopmat_t128x256k32g42s32bh_texture3d_texture2d_half,1,21858.3,0.00747364,SKIPPED,,1,58,61,2800,2.7,2026-10-05T03:28:26Z
4w,F1,f00,t128x256k32g42s32gabh,llama-3.1-8b,wq_wo,2048,4096,4096,sarc_dev_780m_x_linear_q4gsw_coopmat_t128x256k32g42s32gabh_texture3d_texture2d_half,1,108690,0.00338762,SKIPPED,,1,58,62,2800,2.7,2026-10-05T03:28:29Z
4w,F1,f00,t128x256k32g42s32gabh,llama-3.2-3b,wq_wo,2048,3072,3072,sarc_dev_780m_x_linear_q4gsw_coopmat_t128x256k32g42s32gabh_texture3d_texture2d_half,1,60580.8,0.00332449,SKIPPED,,1,58,62,2800,2.7,2026-10-05T03:28:29Z
4w,F1,f00,t128x256k32g42s32gabh,llama-3.2-1b,wq_wo,2048,2048,2048,sarc_dev_780m_x_linear_q4gsw_coopmat_t128x256k32g42s32gabh_texture3d_texture2d_half,1,26324.6,0.0133666,SKIPPED,,1,58,62,2800,2.7,2026-10-05T03:28:29Z
4w,F1,f00,t128x256k32g42s32f32bih,llama-3.1-8b,wq_wo,2048,4096,4096,sarc_dev_780m_x_linear_q4gsw_coopmat_t128x256k32g42s32f32bih_texture3d_texture2d_half,1,7372.86,0.135997,SKIPPED,,1,57,69,2800,2.0,2026-10-05T03:28:31Z
4w,F1,f00,t128x256k32g42s32f32bih,llama-3.2-3b,wq_wo,2048,3072,3072,sarc_dev_780m_x_linear_q4gsw_coopmat_t128x256k32g42s32f32bih_texture3d_texture2d_half,1,4073.66,0.136256,SKIPPED,,1,57,69,2800,2.0,2026-10-05T03:28:31Z
4w,F1,f00,t128x256k32g42s32f32bih,llama-3.2-1b,wq_wo,2048,2048,2048,sarc_dev_780m_x_linear_q4gsw_coopmat_t128x256k32g42s32f32bih_texture3d_texture2d_half,1,1931.86,0.131838,SKIPPED,,1,57,69,2800,2.0,2026-10-05T03:28:31Z
4w,F1,f00,t128x256k32g42s32f32biwh,llama-3.1-8b,wq_wo,2048,4096,4096,sarc_dev_780m_x_linear_q4gsw_coopmat_t128x256k32g42s32f32biwh_texture3d_texture2d_half,1,7430.12,0.128747,SKIPPED,,1,60,68,2800,2.0,2026-10-05T03:28:33Z
4w,F1,f00,t128x256k32g42s32f32biwh,llama-3.2-3b,wq_wo,2048,3072,3072,sarc_dev_780m_x_linear_q4gsw_coopmat_t128x256k32g42s32f32biwh_texture3d_texture2d_half,1,4049.72,0.129983,SKIPPED,,1,60,68,2800,2.0,2026-10-05T03:28:33Z
4w,F1,f00,t128x256k32g42s32f32biwh,llama-3.2-1b,wq_wo,2048,2048,2048,sarc_dev_780m_x_linear_q4gsw_coopmat_t128x256k32g42s32f32biwh_texture3d_texture2d_half,1,1926.44,0.143335,SKIPPED,,1,60,68,2800,2.0,2026-10-05T03:28:33Z
4w,F1,f00,t128x256k32g42s32f32b,llama-3.1-8b,wq_wo,2048,4096,4096,sarc_dev_780m_x_linear_q4gsw_coopmat_t128x256k32g42s32f32b_texture3d_texture2d_half,1,6622.44,0.120741,SKIPPED,,1,60,69,2800,2.0,2026-10-05T03:28:35Z
4w,F1,f00,t128x256k32g42s32f32b,llama-3.2-3b,wq_wo,2048,3072,3072,sarc_dev_780m_x_linear_q4gsw_coopmat_t128x256k32g42s32f32b_texture3d_texture2d_half,1,3930.32,0.127462,SKIPPED,,1,60,69,2800,2.0,2026-10-05T03:28:35Z
4w,F1,f00,t128x256k32g42s32f32b,llama-3.2-1b,wq_wo,2048,2048,2048,sarc_dev_780m_x_linear_q4gsw_coopmat_t128x256k32g42s32f32b_texture3d_texture2d_half,1,1866.72,0.139987,SKIPPED,,1,60,69,2800,2.0,2026-10-05T03:28:35Z
4w,F1,f00,bx_t128x256k32g42s32f32bh,llama-3.1-8b,wq_wo,2048,4096,4096,sarc_dev_780m_x_linear_q4gsw_coopmat_bx_t128x256k32g42s32f32bh_texture3d_texture2d_half,1,7373.66,0.133395,SKIPPED,,1,60,69,2800,2.0,2026-10-05T03:28:37Z
4w,F1,f00,bx_t128x256k32g42s32f32bh,llama-3.2-3b,wq_wo,2048,3072,3072,sarc_dev_780m_x_linear_q4gsw_coopmat_bx_t128x256k32g42s32f32bh_texture3d_texture2d_half,1,4020.14,0.126016,SKIPPED,,1,60,69,2800,2.0,2026-10-05T03:28:37Z
4w,F1,f00,bx_t128x256k32g42s32f32bh,llama-3.2-1b,wq_wo,2048,2048,2048,sarc_dev_780m_x_linear_q4gsw_coopmat_bx_t128x256k32g42s32f32bh_texture3d_texture2d_half,1,1871.36,0.136661,SKIPPED,,1,60,69,2800,2.0,2026-10-05T03:28:37Z
4w,F1,f00,t64x128k32g24s32f32bih,llama-3.1-8b,wq_wo,2048,4096,4096,sarc_dev_780m_x_linear_q4gsw_coopmat_t64x128k32g24s32f32bih_texture3d_texture2d_half,1,10056,0.0548596,SKIPPED,,1,60,70,2800,2.0,2026-10-05T03:28:39Z
4w,F1,f00,t64x128k32g24s32f32bih,llama-3.2-3b,wq_wo,2048,3072,3072,sarc_dev_780m_x_linear_q4gsw_coopmat_t64x128k32g24s32f32bih_texture3d_texture2d_half,1,6142.06,0.124046,SKIPPED,,1,60,70,2800,2.0,2026-10-05T03:28:39Z
4w,F1,f00,t64x128k32g24s32f32bih,llama-3.2-1b,wq_wo,2048,2048,2048,sarc_dev_780m_x_linear_q4gsw_coopmat_t64x128k32g24s32f32bih_texture3d_texture2d_half,1,2921.22,0.145653,SKIPPED,,1,60,70,2800,2.0,2026-10-05T03:28:39Z
4w,F1,f00,t128x128k32g24s32f32bih,llama-3.1-8b,wq_wo,2048,4096,4096,sarc_dev_780m_x_linear_q4gsw_coopmat_t128x128k32g24s32f32bih_texture3d_texture2d_half,1,7665.68,0.127471,SKIPPED,,1,60,69,2800,2.0,2026-10-05T03:28:41Z
4w,F1,f00,t128x128k32g24s32f32bih,llama-3.2-3b,wq_wo,2048,3072,3072,sarc_dev_780m_x_linear_q4gsw_coopmat_t128x128k32g24s32f32bih_texture3d_texture2d_half,1,4414.78,0.143335,SKIPPED,,1,60,69,2800,2.0,2026-10-05T03:28:41Z
4w,F1,f00,t128x128k32g24s32f32bih,llama-3.2-1b,wq_wo,2048,2048,2048,sarc_dev_780m_x_linear_q4gsw_coopmat_t128x128k32g24s32f32bih_texture3d_texture2d_half,1,1991.6,0.14948,SKIPPED,,1,60,69,2800,2.0,2026-10-05T03:28:41Z
4w,F1,f00,t256x64k32g24s32f32bih,llama-3.1-8b,wq_wo,2048,4096,4096,sarc_dev_780m_x_linear_q4gsw_coopmat_t256x64k32g24s32f32bih_texture3d_texture2d_half,1,9638.04,0.0591997,SKIPPED,,1,60,69,2800,2.0,2026-10-05T03:28:43Z
4w,F1,f00,t256x64k32g24s32f32bih,llama-3.2-3b,wq_wo,2048,3072,3072,sarc_dev_780m_x_linear_q4gsw_coopmat_t256x64k32g24s32f32bih_texture3d_texture2d_half,1,5974.44,0.0913154,SKIPPED,,1,60,69,2800,2.0,2026-10-05T03:28:43Z
4w,F1,f00,t256x64k32g24s32f32bih,llama-3.2-1b,wq_wo,2048,2048,2048,sarc_dev_780m_x_linear_q4gsw_coopmat_t256x64k32g24s32f32bih_texture3d_texture2d_half,1,2409.92,0.123701,SKIPPED,,1,60,69,2800,2.0,2026-10-05T03:28:43Z
4w,F1,f00,t256x128k16g24s32f32bih,llama-3.1-8b,wq_wo,2048,4096,4096,sarc_dev_780m_x_linear_q4gsw_coopmat_t256x128k16g24s32f32bih_texture3d_texture2d_half,1,8777.16,0.0848334,SKIPPED,,1,61,66,2800,2.0,2026-10-05T03:28:45Z
4w,F1,f00,t256x128k16g24s32f32bih,llama-3.2-3b,wq_wo,2048,3072,3072,sarc_dev_780m_x_linear_q4gsw_coopmat_t256x128k16g24s32f32bih_texture3d_texture2d_half,1,5120.84,0.0950251,SKIPPED,,1,61,66,2800,2.0,2026-10-05T03:28:45Z
4w,F1,f00,t256x128k16g24s32f32bih,llama-3.2-1b,wq_wo,2048,2048,2048,sarc_dev_780m_x_linear_q4gsw_coopmat_t256x128k16g24s32f32bih_texture3d_texture2d_half,1,2249.36,0.109202,SKIPPED,,1,61,66,2800,2.0,2026-10-05T03:28:45Z
4w,F1,f00,t256x128k32g14s32f32bih,llama-3.1-8b,wq_wo,2048,4096,4096,sarc_dev_780m_x_linear_q4gsw_coopmat_t256x128k32g14s32f32bih_texture3d_texture2d_half,1,24915.7,0.00249417,SKIPPED,,1,59,63,2800,2.2,2026-10-05T03:28:47Z
4w,F1,f00,t256x128k32g14s32f32bih,llama-3.2-3b,wq_wo,2048,3072,3072,sarc_dev_780m_x_linear_q4gsw_coopmat_t256x128k32g14s32f32bih_texture3d_texture2d_half,1,13641.7,0.0323621,SKIPPED,,1,59,63,2800,2.2,2026-10-05T03:28:47Z
4w,F1,f00,t256x128k32g14s32f32bih,llama-3.2-1b,wq_wo,2048,2048,2048,sarc_dev_780m_x_linear_q4gsw_coopmat_t256x128k32g14s32f32bih_texture3d_texture2d_half,1,6643.56,0.092692,SKIPPED,,1,59,63,2800,2.2,2026-10-05T03:28:47Z
4w,F1,f00,t256x128k32g44s32f32bih,llama-3.1-8b,wq_wo,2048,4096,4096,sarc_dev_780m_x_linear_q4gsw_coopmat_t256x128k32g44s32f32bih_texture3d_texture2d_half,1,9967.48,0.052176,SKIPPED,,1,58,65,2800,2.0,2026-10-05T03:28:49Z
4w,F1,f00,t256x128k32g44s32f32bih,llama-3.2-3b,wq_wo,2048,3072,3072,sarc_dev_780m_x_linear_q4gsw_coopmat_t256x128k32g44s32f32bih_texture3d_texture2d_half,1,6025.88,0.0825927,SKIPPED,,1,58,65,2800,2.0,2026-10-05T03:28:49Z
4w,F1,f00,t256x128k32g44s32f32bih,llama-3.2-1b,wq_wo,2048,2048,2048,sarc_dev_780m_x_linear_q4gsw_coopmat_t256x128k32g44s32f32bih_texture3d_texture2d_half,1,2914.88,0.115518,SKIPPED,,1,58,65,2800,2.0,2026-10-05T03:28:49Z
4w,F1,f00,t256x128k32g21s32f32bih,llama-3.1-8b,wq_wo,2048,4096,4096,sarc_dev_780m_x_linear_q4gsw_coopmat_t256x128k32g21s32f32bih_texture3d_texture2d_half,1,188631,0.00332818,SKIPPED,,1,59,59,2800,3.7,2026-10-05T03:28:53Z
4w,F1,f00,t256x128k32g21s32f32bih,llama-3.2-3b,wq_wo,2048,3072,3072,sarc_dev_780m_x_linear_q4gsw_coopmat_t256x128k32g21s32f32bih_texture3d_texture2d_half,1,119441,0.00098846,SKIPPED,,1,59,59,2800,3.7,2026-10-05T03:28:53Z
4w,F1,f00,t256x128k32g21s32f32bih,llama-3.2-1b,wq_wo,2048,2048,2048,sarc_dev_780m_x_linear_q4gsw_coopmat_t256x128k32g21s32f32bih_texture3d_texture2d_half,1,46780.5,0.00910163,SKIPPED,,1,59,59,2800,3.7,2026-10-05T03:28:53Z
4w,F1,f00,t256x128k32g22s32f32bih,llama-3.1-8b,wq_wo,2048,4096,4096,sarc_dev_780m_x_linear_q4gsw_coopmat_t256x128k32g22s32f32bih_texture3d_texture2d_half,1,29067.8,0.00142561,SKIPPED,,1,56,63,2800,2.3,2026-10-05T03:28:55Z
4w,F1,f00,t256x128k32g22s32f32bih,llama-3.2-3b,wq_wo,2048,3072,3072,sarc_dev_780m_x_linear_q4gsw_coopmat_t256x128k32g22s32f32bih_texture3d_texture2d_half,1,15916,0.00944595,SKIPPED,,1,56,63,2800,2.3,2026-10-05T03:28:55Z
4w,F1,f00,t256x128k32g22s32f32bih,llama-3.2-1b,wq_wo,2048,2048,2048,sarc_dev_780m_x_linear_q4gsw_coopmat_t256x128k32g22s32f32bih_texture3d_texture2d_half,1,8123.76,0.0972863,SKIPPED,,1,56,63,2800,2.3,2026-10-05T03:28:55Z
4w,F1,f00,t256x128k32g28s32f32bih,llama-3.1-8b,wq_wo,2048,4096,4096,sarc_dev_780m_x_linear_q4gsw_coopmat_t256x128k32g28s32f32bih_texture3d_texture2d_half,1,9608.3,0.056888,SKIPPED,,1,58,67,2800,2.0,2026-10-05T03:28:58Z
4w,F1,f00,t256x128k32g28s32f32bih,llama-3.2-3b,wq_wo,2048,3072,3072,sarc_dev_780m_x_linear_q4gsw_coopmat_t256x128k32g28s32f32bih_texture3d_texture2d_half,1,5818.92,0.0838035,SKIPPED,,1,58,67,2800,2.0,2026-10-05T03:28:58Z
4w,F1,f00,t256x128k32g28s32f32bih,llama-3.2-1b,wq_wo,2048,2048,2048,sarc_dev_780m_x_linear_q4gsw_coopmat_t256x128k32g28s32f32bih_texture3d_texture2d_half,1,2692.76,0.109969,SKIPPED,,1,58,67,2800,2.0,2026-10-05T03:28:58Z
4w,F1,f00,t256x128k32g24s32bih,llama-3.1-8b,wq_wo,2048,4096,4096,sarc_dev_780m_x_linear_q4gsw_coopmat_t256x128k32g24s32bih_texture3d_texture2d_half,1,98246.4,0.00155731,SKIPPED,,1,60,62,2800,2.6,2026-10-05T03:29:00Z
4w,F1,f00,t256x128k32g24s32bih,llama-3.2-3b,wq_wo,2048,3072,3072,sarc_dev_780m_x_linear_q4gsw_coopmat_t256x128k32g24s32bih_texture3d_texture2d_half,1,54232.2,0.000305364,SKIPPED,,1,60,62,2800,2.6,2026-10-05T03:29:00Z
4w,F1,f00,t256x128k32g24s32bih,llama-3.2-1b,wq_wo,2048,2048,2048,sarc_dev_780m_x_linear_q4gsw_coopmat_t256x128k32g24s32bih_texture3d_texture2d_half,1,23087.8,0.0156165,SKIPPED,,1,60,62,2800,2.6,2026-10-05T03:29:00Z
4w,F1,f00,t256x128k32g24s32gabih,llama-3.1-8b,wq_wo,2048,4096,4096,sarc_dev_780m_x_linear_q4gsw_coopmat_t256x128k32g24s32gabih_texture3d_texture2d_half,1,109645,0.0027434,SKIPPED,,1,59,62,2800,2.7,2026-10-05T03:29:03Z
4w,F1,f00,t256x128k32g24s32gabih,llama-3.2-3b,wq_wo,2048,3072,3072,sarc_dev_780m_x_linear_q4gsw_coopmat_t256x128k32g24s32gabih_texture3d_texture2d_half,1,61429.8,0.00391993,SKIPPED,,1,59,62,2800,2.7,2026-10-05T03:29:03Z
4w,F1,f00,t256x128k32g24s32gabih,llama-3.2-1b,wq_wo,2048,2048,2048,sarc_dev_780m_x_linear_q4gsw_coopmat_t256x128k32g24s32gabih_texture3d_texture2d_half,1,25544.4,0.0127288,SKIPPED,,1,59,62,2800,2.7,2026-10-05T03:29:03Z
4w,F1,f00,t256x128k32g24s32f32bh,llama-3.1-8b,wq_wo,2048,4096,4096,sarc_dev_780m_x_linear_q4gsw_coopmat_t256x128k32g24s32f32bh_texture3d_texture2d_half,1,6891.48,0.106229,SKIPPED,,1,59,69,2800,2.0,2026-10-05T03:29:05Z
4w,F1,f00,t256x128k32g24s32f32bh,llama-3.2-3b,wq_wo,2048,3072,3072,sarc_dev_780m_x_linear_q4gsw_coopmat_t256x128k32g24s32f32bh_texture3d_texture2d_half,1,4037.04,0.114026,SKIPPED,,1,59,69,2800,2.0,2026-10-05T03:29:05Z
4w,F1,f00,t256x128k32g24s32f32bh,llama-3.2-1b,wq_wo,2048,2048,2048,sarc_dev_780m_x_linear_q4gsw_coopmat_t256x128k32g24s32f32bh_texture3d_texture2d_half,1,1862.98,0.125288,SKIPPED,,1,59,69,2800,2.0,2026-10-05T03:29:05Z
4w,F1,f00,t256x128k32g24s32f32biiwh,llama-3.1-8b,wq_wo,2048,4096,4096,sarc_dev_780m_x_linear_q4gsw_coopmat_t256x128k32g24s32f32biiwh_texture3d_texture2d_half,1,6811.88,0.102154,SKIPPED,,1,61,68,2800,2.0,2026-10-05T03:29:07Z
4w,F1,f00,t256x128k32g24s32f32biiwh,llama-3.2-3b,wq_wo,2048,3072,3072,sarc_dev_780m_x_linear_q4gsw_coopmat_t256x128k32g24s32f32biiwh_texture3d_texture2d_half,1,4069.08,0.118968,SKIPPED,,1,61,68,2800,2.0,2026-10-05T03:29:07Z
4w,F1,f00,t256x128k32g24s32f32biiwh,llama-3.2-1b,wq_wo,2048,2048,2048,sarc_dev_780m_x_linear_q4gsw_coopmat_t256x128k32g24s32f32biiwh_texture3d_texture2d_half,1,1866.54,0.12164,SKIPPED,,1,61,68,2800,2.0,2026-10-05T03:29:07Z
4w,F1,f00,t256x128k32g24s32f32bi,llama-3.1-8b,wq_wo,2048,4096,4096,sarc_dev_780m_x_linear_q4gsw_coopmat_t256x128k32g24s32f32bi_texture3d_texture2d_half,1,6684.62,0.0996238,SKIPPED,,1,61,69,2800,2.0,2026-10-05T03:29:09Z
4w,F1,f00,t256x128k32g24s32f32bi,llama-3.2-3b,wq_wo,2048,3072,3072,sarc_dev_780m_x_linear_q4gsw_coopmat_t256x128k32g24s32f32bi_texture3d_texture2d_half,1,4087.86,0.128541,SKIPPED,,1,61,69,2800,2.0,2026-10-05T03:29:09Z
4w,F1,f00,t256x128k32g24s32f32bi,llama-3.2-1b,wq_wo,2048,2048,2048,sarc_dev_780m_x_linear_q4gsw_coopmat_t256x128k32g24s32f32bi_texture3d_texture2d_half,1,1837.58,0.125388,SKIPPED,,1,61,69,2800,2.0,2026-10-05T03:29:09Z
4w,F1,f00,bx_t256x128k32g24s32f32bih,llama-3.1-8b,wq_wo,2048,4096,4096,sarc_dev_780m_x_linear_q4gsw_coopmat_bx_t256x128k32g24s32f32bih_texture3d_texture2d_half,1,7763.34,0.120175,SKIPPED,,1,61,69,2800,2.0,2026-10-05T03:29:11Z
4w,F1,f00,bx_t256x128k32g24s32f32bih,llama-3.2-3b,wq_wo,2048,3072,3072,sarc_dev_780m_x_linear_q4gsw_coopmat_bx_t256x128k32g24s32f32bih_texture3d_texture2d_half,1,4201.36,0.119534,SKIPPED,,1,61,69,2800,2.0,2026-10-05T03:29:11Z
4w,F1,f00,bx_t256x128k32g24s32f32bih,llama-3.2-1b,wq_wo,2048,2048,2048,sarc_dev_780m_x_linear_q4gsw_coopmat_bx_t256x128k32g24s32f32bih_texture3d_texture2d_half,1,1932.3,0.131098,SKIPPED,,1,61,69,2800,2.0,2026-10-05T03:29:11Z
4w,F1,f00,bx_t64x128k16g14s32f32xpiw,llama-3.1-8b,wq_wo,2048,4096,4096,sarc_dev_780m_x_linear_q4gsw_coopmat_bx_t64x128k16g14s32f32xpiw_texture3d_texture2d_half,1,8737.62,0.0829739,SKIPPED,,1,61,71,2800,2.0,2026-10-05T03:29:13Z
4w,F1,f00,bx_t64x128k16g14s32f32xpiw,llama-3.2-3b,wq_wo,2048,3072,3072,sarc_dev_780m_x_linear_q4gsw_coopmat_bx_t64x128k16g14s32f32xpiw_texture3d_texture2d_half,1,5267.04,0.123328,SKIPPED,,1,61,71,2800,2.0,2026-10-05T03:29:13Z
4w,F1,f00,bx_t64x128k16g14s32f32xpiw,llama-3.2-1b,wq_wo,2048,2048,2048,sarc_dev_780m_x_linear_q4gsw_coopmat_bx_t64x128k16g14s32f32xpiw_texture3d_texture2d_half,1,2532.58,0.150633,SKIPPED,,1,61,71,2800,2.0,2026-10-05T03:29:13Z
4w,F1,f00,bx_t256x128k16g14s32f32xpiw,llama-3.1-8b,wq_wo,2048,4096,4096,sarc_dev_780m_x_linear_q4gsw_coopmat_bx_t256x128k16g14s32f32xpiw_texture3d_texture2d_half,1,26748.1,0.00326268,SKIPPED,,1,61,63,2800,2.2,2026-10-05T03:29:15Z
4w,F1,f00,bx_t256x128k16g14s32f32xpiw,llama-3.2-3b,wq_wo,2048,3072,3072,sarc_dev_780m_x_linear_q4gsw_coopmat_bx_t256x128k16g14s32f32xpiw_texture3d_texture2d_half,1,14909.4,0.0248524,SKIPPED,,1,61,63,2800,2.2,2026-10-05T03:29:15Z
4w,F1,f00,bx_t256x128k16g14s32f32xpiw,llama-3.2-1b,wq_wo,2048,2048,2048,sarc_dev_780m_x_linear_q4gsw_coopmat_bx_t256x128k16g14s32f32xpiw_texture3d_texture2d_half,1,6963.32,0.081552,SKIPPED,,1,61,63,2800,2.2,2026-10-05T03:29:15Z
4w,F1,f00,bx_t128x64k16g14s32f32xpiw,llama-3.1-8b,wq_wo,2048,4096,4096,sarc_dev_780m_x_linear_q4gsw_coopmat_bx_t128x64k16g14s32f32xpiw_texture3d_texture2d_half,1,7054.76,0.0910851,SKIPPED,,1,58,73,2800,2.0,2026-10-05T03:29:17Z
4w,F1,f00,bx_t128x64k16g14s32f32xpiw,llama-3.2-3b,wq_wo,2048,3072,3072,sarc_dev_780m_x_linear_q4gsw_coopmat_bx_t128x64k16g14s32f32xpiw_texture3d_texture2d_half,1,3991.08,0.124211,SKIPPED,,1,58,73,2800,2.0,2026-10-05T03:29:17Z
4w,F1,f00,bx_t128x64k16g14s32f32xpiw,llama-3.2-1b,wq_wo,2048,2048,2048,sarc_dev_780m_x_linear_q4gsw_coopmat_bx_t128x64k16g14s32f32xpiw_texture3d_texture2d_half,1,1823.36,0.131345,SKIPPED,,1,58,73,2800,2.0,2026-10-05T03:29:17Z
4w,F1,f00,bx_t128x256k16g14s32f32xpiw,llama-3.1-8b,wq_wo,2048,4096,4096,sarc_dev_780m_x_linear_q4gsw_coopmat_bx_t128x256k16g14s32f32xpiw_texture3d_texture2d_half,1,22644.7,0.0040396,SKIPPED,,1,62,62,2800,2.2,2026-10-05T03:29:20Z
4w,F1,f00,bx_t128x256k16g14s32f32xpiw,llama-3.2-3b,wq_wo,2048,3072,3072,sarc_dev_780m_x_linear_q4gsw_coopmat_bx_t128x256k16g14s32f32xpiw_texture3d_texture2d_half,1,12323.9,0.0466965,SKIPPED,,1,62,62,2800,2.2,2026-10-05T03:29:20Z
4w,F1,f00,bx_t128x256k16g14s32f32xpiw,llama-3.2-1b,wq_wo,2048,2048,2048,sarc_dev_780m_x_linear_q4gsw_coopmat_bx_t128x256k16g14s32f32xpiw_texture3d_texture2d_half,1,6679.86,0.147727,SKIPPED,,1,62,62,2800,2.2,2026-10-05T03:29:20Z
4w,F1,f00,bx_t128x128k32g14s32f32xpiw,llama-3.1-8b,wq_wo,2048,4096,4096,sarc_dev_780m_x_linear_q4gsw_coopmat_bx_t128x128k32g14s32f32xpiw_texture3d_texture2d_half,1,7294.48,0.121859,SKIPPED,,1,58,71,2800,2.0,2026-10-05T03:29:22Z
4w,F1,f00,bx_t128x128k32g14s32f32xpiw,llama-3.2-3b,wq_wo,2048,3072,3072,sarc_dev_780m_x_linear_q4gsw_coopmat_bx_t128x128k32g14s32f32xpiw_texture3d_texture2d_half,1,4363.82,0.144698,SKIPPED,,1,58,71,2800,2.0,2026-10-05T03:29:22Z
4w,F1,f00,bx_t128x128k32g14s32f32xpiw,llama-3.2-1b,wq_wo,2048,2048,2048,sarc_dev_780m_x_linear_q4gsw_coopmat_bx_t128x128k32g14s32f32xpiw_texture3d_texture2d_half,1,1887.14,0.135455,SKIPPED,,1,58,71,2800,2.0,2026-10-05T03:29:22Z
4w,F1,f00,bx_t128x128k16g24s32f32xpiw,llama-3.1-8b,wq_wo,2048,4096,4096,sarc_dev_780m_x_linear_q4gsw_coopmat_bx_t128x128k16g24s32f32xpiw_texture3d_texture2d_half,1,7565.84,0.113417,SKIPPED,,1,61,72,2800,2.0,2026-10-05T03:29:24Z
4w,F1,f00,bx_t128x128k16g24s32f32xpiw,llama-3.2-3b,wq_wo,2048,3072,3072,sarc_dev_780m_x_linear_q4gsw_coopmat_bx_t128x128k16g24s32f32xpiw_texture3d_texture2d_half,1,4402.2,0.139152,SKIPPED,,1,61,72,2800,2.0,2026-10-05T03:29:24Z
4w,F1,f00,bx_t128x128k16g24s32f32xpiw,llama-3.2-1b,wq_wo,2048,2048,2048,sarc_dev_780m_x_linear_q4gsw_coopmat_bx_t128x128k16g24s32f32xpiw_texture3d_texture2d_half,1,1929.48,0.131405,SKIPPED,,1,61,72,2800,2.0,2026-10-05T03:29:24Z
4w,F1,f00,bx_t128x128k16g12s32f32xpiw,llama-3.1-8b,wq_wo,2048,4096,4096,sarc_dev_780m_x_linear_q4gsw_coopmat_bx_t128x128k16g12s32f32xpiw_texture3d_texture2d_half,1,26620.1,0.00837553,SKIPPED,,1,61,64,2800,2.2,2026-10-05T03:29:26Z
4w,F1,f00,bx_t128x128k16g12s32f32xpiw,llama-3.2-3b,wq_wo,2048,3072,3072,sarc_dev_780m_x_linear_q4gsw_coopmat_bx_t128x128k16g12s32f32xpiw_texture3d_texture2d_half,1,14948.2,0.0112057,SKIPPED,,1,61,64,2800,2.2,2026-10-05T03:29:26Z
4w,F1,f00,bx_t128x128k16g12s32f32xpiw,llama-3.2-1b,wq_wo,2048,2048,2048,sarc_dev_780m_x_linear_q4gsw_coopmat_bx_t128x128k16g12s32f32xpiw_texture3d_texture2d_half,1,6763.74,0.0905736,SKIPPED,,1,61,64,2800,2.2,2026-10-05T03:29:26Z
4w,F1,f00,bx_t128x128k16g18s32f32xpiw,llama-3.1-8b,wq_wo,2048,4096,4096,sarc_dev_780m_x_linear_q4gsw_coopmat_bx_t128x128k16g18s32f32xpiw_texture3d_texture2d_half,1,8819.3,0.0879766,SKIPPED,,1,60,71,2800,2.0,2026-10-05T03:29:28Z
4w,F1,f00,bx_t128x128k16g18s32f32xpiw,llama-3.2-3b,wq_wo,2048,3072,3072,sarc_dev_780m_x_linear_q4gsw_coopmat_bx_t128x128k16g18s32f32xpiw_texture3d_texture2d_half,1,5296,0.128791,SKIPPED,,1,60,71,2800,2.0,2026-10-05T03:29:28Z
4w,F1,f00,bx_t128x128k16g18s32f32xpiw,llama-3.2-1b,wq_wo,2048,2048,2048,sarc_dev_780m_x_linear_q4gsw_coopmat_bx_t128x128k16g18s32f32xpiw_texture3d_texture2d_half,1,2517.3,0.151739,SKIPPED,,1,60,71,2800,2.0,2026-10-05T03:29:28Z
4w,F1,f00,bx_t128x128k16g14s64f32xpiw,llama-3.1-8b,wq_wo,2048,4096,4096,sarc_dev_780m_x_linear_q4gsw_coopmat_bx_t128x128k16g14s64f32xpiw_texture3d_texture2d_half,1,9176.84,0.078227,SKIPPED,,1,61,69,2800,2.0,2026-10-05T03:29:30Z
4w,F1,f00,bx_t128x128k16g14s64f32xpiw,llama-3.2-3b,wq_wo,2048,3072,3072,sarc_dev_780m_x_linear_q4gsw_coopmat_bx_t128x128k16g14s64f32xpiw_texture3d_texture2d_half,1,5919.08,0.140377,SKIPPED,,1,61,69,2800,2.0,2026-10-05T03:29:30Z
4w,F1,f00,bx_t128x128k16g14s64f32xpiw,llama-3.2-1b,wq_wo,2048,2048,2048,sarc_dev_780m_x_linear_q4gsw_coopmat_bx_t128x128k16g14s64f32xpiw_texture3d_texture2d_half,1,2662.56,0.147504,SKIPPED,,1,61,69,2800,2.0,2026-10-05T03:29:30Z
4w,F1,f00,bx_t128x128k16g14s32xpiw,llama-3.1-8b,wq_wo,2048,4096,4096,sarc_dev_780m_x_linear_q4gsw_coopmat_bx_t128x128k16g14s32xpiw_texture3d_texture2d_half,1,164530,0.00119859,SKIPPED,,1,61,61,2800,3.2,2026-10-05T03:29:33Z
4w,F1,f00,bx_t128x128k16g14s32xpiw,llama-3.2-3b,wq_wo,2048,3072,3072,sarc_dev_780m_x_linear_q4gsw_coopmat_bx_t128x128k16g14s32xpiw_texture3d_texture2d_half,1,90406,0.00240983,SKIPPED,,1,61,61,2800,3.2,2026-10-05T03:29:33Z
4w,F1,f00,bx_t128x128k16g14s32xpiw,llama-3.2-1b,wq_wo,2048,2048,2048,sarc_dev_780m_x_linear_q4gsw_coopmat_bx_t128x128k16g14s32xpiw_texture3d_texture2d_half,1,38074.5,0.00628621,SKIPPED,,1,61,61,2800,3.2,2026-10-05T03:29:33Z
4w,F1,f00,bx_t128x128k16g14s32gaxpiw,llama-3.1-8b,wq_wo,2048,4096,4096,sarc_dev_780m_x_linear_q4gsw_coopmat_bx_t128x128k16g14s32gaxpiw_texture3d_texture2d_half,1,179756,0.00279992,SKIPPED,,1,56,61,2800,3.5,2026-10-05T03:29:37Z
4w,F1,f00,bx_t128x128k16g14s32gaxpiw,llama-3.2-3b,wq_wo,2048,3072,3072,sarc_dev_780m_x_linear_q4gsw_coopmat_bx_t128x128k16g14s32gaxpiw_texture3d_texture2d_half,1,99820,0.00917813,SKIPPED,,1,56,61,2800,3.5,2026-10-05T03:29:37Z
4w,F1,f00,bx_t128x128k16g14s32gaxpiw,llama-3.2-1b,wq_wo,2048,2048,2048,sarc_dev_780m_x_linear_q4gsw_coopmat_bx_t128x128k16g14s32gaxpiw_texture3d_texture2d_half,1,41497.8,0.0138143,SKIPPED,,1,56,61,2800,3.5,2026-10-05T03:29:37Z
4w,F1,f00,bx_t128x128k16g14s32f32iw,llama-3.1-8b,wq_wo,2048,4096,4096,sarc_dev_780m_x_linear_q4gsw_coopmat_bx_t128x128k16g14s32f32iw_texture3d_texture2d_half,1,8316.86,0.0976873,SKIPPED,,1,57,68,2800,2.0,2026-10-05T03:29:39Z
4w,F1,f00,bx_t128x128k16g14s32f32iw,llama-3.2-3b,wq_wo,2048,3072,3072,sarc_dev_780m_x_linear_q4gsw_coopmat_bx_t128x128k16g14s32f32iw_texture3d_texture2d_half,1,4726.02,0.11019,SKIPPED,,1,57,68,2800,2.0,2026-10-05T03:29:39Z
4w,F1,f00,bx_t128x128k16g14s32f32iw,llama-3.2-1b,wq_wo,2048,2048,2048,sarc_dev_780m_x_linear_q4gsw_coopmat_bx_t128x128k16g14s32f32iw_texture3d_texture2d_half,1,2247.64,0.14978,SKIPPED,,1,57,68,2800,2.0,2026-10-05T03:29:39Z
4w,F1,f00,bx_t128x128k16g14s32f32xiw,llama-3.1-8b,wq_wo,2048,4096,4096,sarc_dev_780m_x_linear_q4gsw_coopmat_bx_t128x128k16g14s32f32xiw_texture3d_texture2d_half,1,9647.6,0.0662224,SKIPPED,,1,61,67,2800,2.0,2026-10-05T03:29:41Z
4w,F1,f00,bx_t128x128k16g14s32f32xiw,llama-3.2-3b,wq_wo,2048,3072,3072,sarc_dev_780m_x_linear_q4gsw_coopmat_bx_t128x128k16g14s32f32xiw_texture3d_texture2d_half,1,5775.14,0.100463,SKIPPED,,1,61,67,2800,2.0,2026-10-05T03:29:41Z
4w,F1,f00,bx_t128x128k16g14s32f32xiw,llama-3.2-1b,wq_wo,2048,2048,2048,sarc_dev_780m_x_linear_q4gsw_coopmat_bx_t128x128k16g14s32f32xiw_texture3d_texture2d_half,1,2733.16,0.11505,SKIPPED,,1,61,67,2800,2.0,2026-10-05T03:29:41Z
4w,F1,f00,bx_t128x128k16g14s32f32biw,llama-3.1-8b,wq_wo,2048,4096,4096,sarc_dev_780m_x_linear_q4gsw_coopmat_bx_t128x128k16g14s32f32biw_texture3d_texture2d_half,1,7688.98,0.112848,SKIPPED,,1,59,70,2800,2.0,2026-10-05T03:29:43Z
4w,F1,f00,bx_t128x128k16g14s32f32biw,llama-3.2-3b,wq_wo,2048,3072,3072,sarc_dev_780m_x_linear_q4gsw_coopmat_bx_t128x128k16g14s32f32biw_texture3d_texture2d_half,1,4493.34,0.146371,SKIPPED,,1,59,70,2800,2.0,2026-10-05T03:29:43Z
4w,F1,f00,bx_t128x128k16g14s32f32biw,llama-3.2-1b,wq_wo,2048,2048,2048,sarc_dev_780m_x_linear_q4gsw_coopmat_bx_t128x128k16g14s32f32biw_texture3d_texture2d_half,1,1939.72,0.134879,SKIPPED,,1,59,70,2800,2.0,2026-10-05T03:29:43Z
4w,F1,f00,bx_t128x128k16g14s32f32xpiiw,llama-3.1-8b,wq_wo,2048,4096,4096,sarc_dev_780m_x_linear_q4gsw_coopmat_bx_t128x128k16g14s32f32xpiiw_texture3d_texture2d_half,1,7743.2,0.115778,SKIPPED,,1,62,71,2800,2.0,2026-10-05T03:29:45Z
4w,F1,f00,bx_t128x128k16g14s32f32xpiiw,llama-3.2-3b,wq_wo,2048,3072,3072,sarc_dev_780m_x_linear_q4gsw_coopmat_bx_t128x128k16g14s32f32xpiiw_texture3d_texture2d_half,1,4329.36,0.13328,SKIPPED,,1,62,71,2800,2.0,2026-10-05T03:29:45Z
4w,F1,f00,bx_t128x128k16g14s32f32xpiiw,llama-3.2-1b,wq_wo,2048,2048,2048,sarc_dev_780m_x_linear_q4gsw_coopmat_bx_t128x128k16g14s32f32xpiiw_texture3d_texture2d_half,1,1881.18,0.127406,SKIPPED,,1,62,71,2800,2.0,2026-10-05T03:29:45Z
4w,F1,f00,bx_t128x128k16g14s32f32xp,llama-3.1-8b,wq_wo,2048,4096,4096,sarc_dev_780m_x_linear_q4gsw_coopmat_bx_t128x128k16g14s32f32xp_texture3d_texture2d_half,1,7776.08,0.112983,SKIPPED,,1,62,70,2800,2.0,2026-10-05T03:29:47Z
4w,F1,f00,bx_t128x128k16g14s32f32xp,llama-3.2-3b,wq_wo,2048,3072,3072,sarc_dev_780m_x_linear_q4gsw_coopmat_bx_t128x128k16g14s32f32xp_texture3d_texture2d_half,1,4449.84,0.144814,SKIPPED,,1,62,70,2800,2.0,2026-10-05T03:29:47Z
4w,F1,f00,bx_t128x128k16g14s32f32xp,llama-3.2-1b,wq_wo,2048,2048,2048,sarc_dev_780m_x_linear_q4gsw_coopmat_bx_t128x128k16g14s32f32xp_texture3d_texture2d_half,1,1910.8,0.135662,SKIPPED,,1,62,70,2800,2.0,2026-10-05T03:29:47Z
4w,F1,f00,t128x128k16g14s32f32xpiw,llama-3.1-8b,wq_wo,2048,4096,4096,sarc_dev_780m_x_linear_q4gsw_coopmat_t128x128k16g14s32f32xpiw_texture3d_texture2d_half,1,7856.86,0.121771,SKIPPED,,1,61,71,2800,2.0,2026-10-05T03:29:49Z
4w,F1,f00,t128x128k16g14s32f32xpiw,llama-3.2-3b,wq_wo,2048,3072,3072,sarc_dev_780m_x_linear_q4gsw_coopmat_t128x128k16g14s32f32xpiw_texture3d_texture2d_half,1,4365.12,0.143469,SKIPPED,,1,61,71,2800,2.0,2026-10-05T03:29:49Z
4w,F1,f00,t128x128k16g14s32f32xpiw,llama-3.2-1b,wq_wo,2048,2048,2048,sarc_dev_780m_x_linear_q4gsw_coopmat_t128x128k16g14s32f32xpiw_texture3d_texture2d_half,1,1877.12,0.129904,SKIPPED,,1,61,71,2800,2.0,2026-10-05T03:29:49Z
4w,F1,f00,t32x64k16g12s32f32bfliw,llama-3.1-8b,wq_wo,2048,4096,4096,sarc_dev_780m_x_linear_q4gsw_coopmat_t32x64k16g12s32f32bfliw_texture3d_texture2d_half,1,12736.7,0.061689,SKIPPED,,1,62,70,2800,2.0,2026-10-05T03:29:51Z
4w,F1,f00,t32x64k16g12s32f32bfliw,llama-3.2-3b,wq_wo,2048,3072,3072,sarc_dev_780m_x_linear_q4gsw_coopmat_t32x64k16g12s32f32bfliw_texture3d_texture2d_half,1,7725.12,0.108945,SKIPPED,,1,62,70,2800,2.0,2026-10-05T03:29:51Z
4w,F1,f00,t32x64k16g12s32f32bfliw,llama-3.2-1b,wq_wo,2048,2048,2048,sarc_dev_780m_x_linear_q4gsw_coopmat_t32x64k16g12s32f32bfliw_texture3d_texture2d_half,1,3534.12,0.138326,SKIPPED,,1,62,70,2800,2.0,2026-10-05T03:29:51Z
4w,F1,f00,t64x64k16g12s32f32bfliw,llama-3.1-8b,wq_wo,2048,4096,4096,sarc_dev_780m_x_linear_q4gsw_coopmat_t64x64k16g12s32f32bfliw_texture3d_texture2d_half,1,8468.76,0.103435,SKIPPED,,1,61,70,2800,2.0,2026-10-05T03:29:53Z
4w,F1,f00,t64x64k16g12s32f32bfliw,llama-3.2-3b,wq_wo,2048,3072,3072,sarc_dev_780m_x_linear_q4gsw_coopmat_t64x64k16g12s32f32bfliw_texture3d_texture2d_half,1,5271.42,0.123074,SKIPPED,,1,61,70,2800,2.0,2026-10-05T03:29:53Z
4w,F1,f00,t64x64k16g12s32f32bfliw,llama-3.2-1b,wq_wo,2048,2048,2048,sarc_dev_780m_x_linear_q4gsw_coopmat_t64x64k16g12s32f32bfliw_texture3d_texture2d_half,1,2294.22,0.143494,SKIPPED,,1,61,70,2800,2.0,2026-10-05T03:29:53Z
4w,F1,f00,t256x64k16g12s32f32bfliw,llama-3.1-8b,wq_wo,2048,4096,4096,sarc_dev_780m_x_linear_q4gsw_coopmat_t256x64k16g12s32f32bfliw_texture3d_texture2d_half,1,65458.3,0.00226098,SKIPPED,,1,62,63,2800,2.5,2026-10-05T03:29:55Z
4w,F1,f00,t256x64k16g12s32f32bfliw,llama-3.2-3b,wq_wo,2048,3072,3072,sarc_dev_780m_x_linear_q4gsw_coopmat_t256x64k16g12s32f32bfliw_texture3d_texture2d_half,1,39576.3,0.043819,SKIPPED,,1,62,63,2800,2.5,2026-10-05T03:29:55Z
4w,F1,f00,t256x64k16g12s32f32bfliw,llama-3.2-1b,wq_wo,2048,2048,2048,sarc_dev_780m_x_linear_q4gsw_coopmat_t256x64k16g12s32f32bfliw_texture3d_texture2d_half,1,11289.9,0.081396,SKIPPED,,1,62,63,2800,2.5,2026-10-05T03:29:55Z
4w,F1,f00,t128x32k16g12s32f32bfliw,llama-3.1-8b,wq_wo,2048,4096,4096,sarc_dev_780m_x_linear_q4gsw_coopmat_t128x32k16g12s32f32bfliw_texture3d_texture2d_half,1,8348.8,0.102434,SKIPPED,,1,60,69,2800,2.0,2026-10-05T03:29:57Z
4w,F1,f00,t128x32k16g12s32f32bfliw,llama-3.2-3b,wq_wo,2048,3072,3072,sarc_dev_780m_x_linear_q4gsw_coopmat_t128x32k16g12s32f32bfliw_texture3d_texture2d_half,1,5097.84,0.131458,SKIPPED,,1,60,69,2800,2.0,2026-10-05T03:29:57Z
4w,F1,f00,t128x32k16g12s32f32bfliw,llama-3.2-1b,wq_wo,2048,2048,2048,sarc_dev_780m_x_linear_q4gsw_coopmat_t128x32k16g12s32f32bfliw_texture3d_texture2d_half,1,2321.34,0.137504,SKIPPED,,1,60,69,2800,2.0,2026-10-05T03:29:57Z
4w,F1,f00,t128x128k16g12s32f32bfliw,llama-3.1-8b,wq_wo,2048,4096,4096,sarc_dev_780m_x_linear_q4gsw_coopmat_t128x128k16g12s32f32bfliw_texture3d_texture2d_half,1,33319.9,0.0135261,SKIPPED,,1,62,65,2800,2.4,2026-10-05T03:30:00Z
4w,F1,f00,t128x128k16g12s32f32bfliw,llama-3.2-3b,wq_wo,2048,3072,3072,sarc_dev_780m_x_linear_q4gsw_coopmat_t128x128k16g12s32f32bfliw_texture3d_texture2d_half,1,16457.8,0.0543778,SKIPPED,,1,62,65,2800,2.4,2026-10-05T03:30:00Z
4w,F1,f00,t128x128k16g12s32f32bfliw,llama-3.2-1b,wq_wo,2048,2048,2048,sarc_dev_780m_x_linear_q4gsw_coopmat_t128x128k16g12s32f32bfliw_texture3d_texture2d_half,1,7332.02,0.122966,SKIPPED,,1,62,65,2800,2.4,2026-10-05T03:30:00Z
4w,F1,f00,t128x64k32g12s32f32bfliw,llama-3.1-8b,wq_wo,2048,4096,4096,sarc_dev_780m_x_linear_q4gsw_coopmat_t128x64k32g12s32f32bfliw_texture3d_texture2d_half,1,10497,0.0976768,SKIPPED,,1,60,65,2800,2.0,2026-10-05T03:30:02Z
4w,F1,f00,t128x64k32g12s32f32bfliw,llama-3.2-3b,wq_wo,2048,3072,3072,sarc_dev_780m_x_linear_q4gsw_coopmat_t128x64k32g12s32f32bfliw_texture3d_texture2d_half,1,6300.96,0.127614,SKIPPED,,1,60,65,2800,2.0,2026-10-05T03:30:02Z
4w,F1,f00,t128x64k32g12s32f32bfliw,llama-3.2-1b,wq_wo,2048,2048,2048,sarc_dev_780m_x_linear_q4gsw_coopmat_t128x64k32g12s32f32bfliw_texture3d_texture2d_half,1,2938.2,0.135102,SKIPPED,,1,60,65,2800,2.0,2026-10-05T03:30:02Z
4w,F1,f00,t128x64k64g12s32f32bfliw,llama-3.1-8b,wq_wo,2048,4096,4096,sarc_dev_780m_x_linear_q4gsw_coopmat_t128x64k64g12s32f32bfliw_texture3d_texture2d_half,1,20379.4,0.00314969,SKIPPED,,1,59,61,2800,2.2,2026-10-05T03:30:04Z
4w,F1,f00,t128x64k64g12s32f32bfliw,llama-3.2-3b,wq_wo,2048,3072,3072,sarc_dev_780m_x_linear_q4gsw_coopmat_t128x64k64g12s32f32bfliw_texture3d_texture2d_half,1,11795.8,0.0288292,SKIPPED,,1,59,61,2800,2.2,2026-10-05T03:30:04Z
4w,F1,f00,t128x64k64g12s32f32bfliw,llama-3.2-1b,wq_wo,2048,2048,2048,sarc_dev_780m_x_linear_q4gsw_coopmat_t128x64k64g12s32f32bfliw_texture3d_texture2d_half,1,5095.12,0.123867,SKIPPED,,1,59,61,2800,2.2,2026-10-05T03:30:04Z
4w,F1,f00,t128x64k16g22s32f32bfliw,llama-3.1-8b,wq_wo,2048,4096,4096,sarc_dev_780m_x_linear_q4gsw_coopmat_t128x64k16g22s32f32bfliw_texture3d_texture2d_half,1,8063.8,0.105523,SKIPPED,,1,58,70,2800,2.0,2026-10-05T03:30:06Z
4w,F1,f00,t128x64k16g22s32f32bfliw,llama-3.2-3b,wq_wo,2048,3072,3072,sarc_dev_780m_x_linear_q4gsw_coopmat_t128x64k16g22s32f32bfliw_texture3d_texture2d_half,1,4911.7,0.138862,SKIPPED,,1,58,70,2800,2.0,2026-10-05T03:30:06Z
4w,F1,f00,t128x64k16g22s32f32bfliw,llama-3.2-1b,wq_wo,2048,2048,2048,sarc_dev_780m_x_linear_q4gsw_coopmat_t128x64k16g22s32f32bfliw_texture3d_texture2d_half,1,2172.08,0.146995,SKIPPED,,1,58,70,2800,2.0,2026-10-05T03:30:06Z
4w,F1,f00,t128x64k16g11s32f32bfliw,llama-3.1-8b,wq_wo,2048,4096,4096,sarc_dev_780m_x_linear_q4gsw_coopmat_t128x64k16g11s32f32bfliw_texture3d_texture2d_half,1,70240.6,0.00173177,SKIPPED,,1,61,65,2800,2.4,2026-10-05T03:30:09Z
4w,F1,f00,t128x64k16g11s32f32bfliw,llama-3.2-3b,wq_wo,2048,3072,3072,sarc_dev_780m_x_linear_q4gsw_coopmat_t128x64k16g11s32f32bfliw_texture3d_texture2d_half,1,33518.4,0.0108484,SKIPPED,,1,61,65,2800,2.4,2026-10-05T03:30:09Z
4w,F1,f00,t128x64k16g11s32f32bfliw,llama-3.2-1b,wq_wo,2048,2048,2048,sarc_dev_780m_x_linear_q4gsw_coopmat_t128x64k16g11s32f32bfliw_texture3d_texture2d_half,1,11802.1,0.0444271,SKIPPED,,1,61,65,2800,2.4,2026-10-05T03:30:09Z
4w,F1,f00,t128x64k16g14s32f32bfliw,llama-3.1-8b,wq_wo,2048,4096,4096,sarc_dev_780m_x_linear_q4gsw_coopmat_t128x64k16g14s32f32bfliw_texture3d_texture2d_half,1,7837.54,0.122525,SKIPPED,,1,60,70,2800,2.1,2026-10-05T03:30:11Z
4w,F1,f00,t128x64k16g14s32f32bfliw,llama-3.2-3b,wq_wo,2048,3072,3072,sarc_dev_780m_x_linear_q4gsw_coopmat_t128x64k16g14s32f32bfliw_texture3d_texture2d_half,1,4607.22,0.157555,SKIPPED,,1,60,70,2800,2.1,2026-10-05T03:30:11Z
4w,F1,f00,t128x64k16g14s32f32bfliw,llama-3.2-1b,wq_wo,2048,2048,2048,sarc_dev_780m_x_linear_q4gsw_coopmat_t128x64k16g14s32f32bfliw_texture3d_texture2d_half,1,2039.72,0.151808,SKIPPED,,1,60,70,2800,2.1,2026-10-05T03:30:11Z
4w,F1,f00,t128x64k16g12s64f32bfliw,llama-3.1-8b,wq_wo,2048,4096,4096,sarc_dev_780m_x_linear_q4gsw_coopmat_t128x64k16g12s64f32bfliw_texture3d_texture2d_half,1,9306.44,0.0725578,SKIPPED,,1,61,65,2800,2.1,2026-10-05T03:30:13Z
4w,F1,f00,t128x64k16g12s64f32bfliw,llama-3.2-3b,wq_wo,2048,3072,3072,sarc_dev_780m_x_linear_q4gsw_coopmat_t128x64k16g12s64f32bfliw_texture3d_texture2d_half,1,6311.78,0.163866,SKIPPED,,1,61,65,2800,2.1,2026-10-05T03:30:13Z
4w,F1,f00,t128x64k16g12s64f32bfliw,llama-3.2-1b,wq_wo,2048,2048,2048,sarc_dev_780m_x_linear_q4gsw_coopmat_t128x64k16g12s64f32bfliw_texture3d_texture2d_half,1,2693.46,0.145215,SKIPPED,,1,61,65,2800,2.1,2026-10-05T03:30:13Z
4w,F1,f00,t128x64k16g12s32bfliw,llama-3.1-8b,wq_wo,2048,4096,4096,sarc_dev_780m_x_linear_q4gsw_coopmat_t128x64k16g12s32bfliw_texture3d_texture2d_half,1,200736,0.00958395,SKIPPED,,1,59,61,2800,3.6,2026-10-05T03:30:16Z
4w,F1,f00,t128x64k16g12s32bfliw,llama-3.2-3b,wq_wo,2048,3072,3072,sarc_dev_780m_x_linear_q4gsw_coopmat_t128x64k16g12s32bfliw_texture3d_texture2d_half,1,108114,0.0237208,SKIPPED,,1,59,61,2800,3.6,2026-10-05T03:30:16Z
4w,F1,f00,t128x64k16g12s32bfliw,llama-3.2-1b,wq_wo,2048,2048,2048,sarc_dev_780m_x_linear_q4gsw_coopmat_t128x64k16g12s32bfliw_texture3d_texture2d_half,1,45148.2,0.0097648,SKIPPED,,1,59,61,2800,3.6,2026-10-05T03:30:16Z
4w,F1,f00,t128x64k16g12s32gabfliw,llama-3.1-8b,wq_wo,2048,4096,4096,sarc_dev_780m_x_linear_q4gsw_coopmat_t128x64k16g12s32gabfliw_texture3d_texture2d_half,1,248404,0.00961537,SKIPPED,,1,57,61,2800,4.2,2026-10-05T03:30:21Z
4w,F1,f00,t128x64k16g12s32gabfliw,llama-3.2-3b,wq_wo,2048,3072,3072,sarc_dev_780m_x_linear_q4gsw_coopmat_t128x64k16g12s32gabfliw_texture3d_texture2d_half,1,133397,0.00196875,SKIPPED,,1,57,61,2800,4.2,2026-10-05T03:30:21Z
4w,F1,f00,t128x64k16g12s32gabfliw,llama-3.2-1b,wq_wo,2048,2048,2048,sarc_dev_780m_x_linear_q4gsw_coopmat_t128x64k16g12s32gabfliw_texture3d_texture2d_half,1,55199.3,0.0028015,SKIPPED,,1,57,61,2800,4.2,2026-10-05T03:30:21Z
4w,F1,f00,t128x64k16g12s32f32fliw,llama-3.1-8b,wq_wo,2048,4096,4096,sarc_dev_780m_x_linear_q4gsw_coopmat_t128x64k16g12s32f32fliw_texture3d_texture2d_half,1,7759.72,0.117827,SKIPPED,,1,57,71,2800,2.1,2026-10-05T03:30:23Z
4w,F1,f00,t128x64k16g12s32f32fliw,llama-3.2-3b,wq_wo,2048,3072,3072,sarc_dev_780m_x_linear_q4gsw_coopmat_t128x64k16g12s32f32fliw_texture3d_texture2d_half,1,4673.2,0.150378,SKIPPED,,1,57,71,2800,2.1,2026-10-05T03:30:23Z
4w,F1,f00,t128x64k16g12s32f32fliw,llama-3.2-1b,wq_wo,2048,2048,2048,sarc_dev_780m_x_linear_q4gsw_coopmat_t128x64k16g12s32f32fliw_texture3d_texture2d_half,1,1951.28,0.138087,SKIPPED,,1,57,71,2800,2.1,2026-10-05T03:30:23Z
4w,F1,f00,t128x64k16g12s32f32cfliw,llama-3.1-8b,wq_wo,2048,4096,4096,sarc_dev_780m_x_linear_q4gsw_coopmat_t128x64k16g12s32f32cfliw_texture3d_texture2d_half,1,7845.64,0.105911,SKIPPED,,1,62,70,2800,2.0,2026-10-05T03:30:25Z
4w,F1,f00,t128x64k16g12s32f32cfliw,llama-3.2-3b,wq_wo,2048,3072,3072,sarc_dev_780m_x_linear_q4gsw_coopmat_t128x64k16g12s32f32cfliw_texture3d_texture2d_half,1,4448.3,0.148683,SKIPPED,,1,62,70,2800,2.0,2026-10-05T03:30:25Z
4w,F1,f00,t128x64k16g12s32f32cfliw,llama-3.2-1b,wq_wo,2048,2048,2048,sarc_dev_780m_x_linear_q4gsw_coopmat_t128x64k16g12s32f32cfliw_texture3d_texture2d_half,1,1978.9,0.137982,SKIPPED,,1,62,70,2800,2.0,2026-10-05T03:30:25Z
4w,F1,f00,t128x64k16g12s32f32xfliw,llama-3.1-8b,wq_wo,2048,4096,4096,sarc_dev_780m_x_linear_q4gsw_coopmat_t128x64k16g12s32f32xfliw_texture3d_texture2d_half,1,9484.72,0.0694956,SKIPPED,,1,61,66,2800,2.0,2026-10-05T03:30:27Z
4w,F1,f00,t128x64k16g12s32f32xfliw,llama-3.2-3b,wq_wo,2048,3072,3072,sarc_dev_780m_x_linear_q4gsw_coopmat_t128x64k16g12s32f32xfliw_texture3d_texture2d_half,1,6177.58,0.13077,SKIPPED,,1,61,66,2800,2.0,2026-10-05T03:30:27Z
4w,F1,f00,t128x64k16g12s32f32xfliw,llama-3.2-1b,wq_wo,2048,2048,2048,sarc_dev_780m_x_linear_q4gsw_coopmat_t128x64k16g12s32f32xfliw_texture3d_texture2d_half,1,2759.22,0.135362,SKIPPED,,1,61,66,2800,2.0,2026-10-05T03:30:27Z
4w,F1,f00,t128x64k16g12s32f32biw,llama-3.1-8b,wq_wo,2048,4096,4096,sarc_dev_780m_x_linear_q4gsw_coopmat_t128x64k16g12s32f32biw_texture3d_texture2d_half,1,8062.82,0.118075,SKIPPED,,1,60,69,2800,2.0,2026-10-05T03:30:29Z
4w,F1,f00,t128x64k16g12s32f32biw,llama-3.2-3b,wq_wo,2048,3072,3072,sarc_dev_780m_x_linear_q4gsw_coopmat_t128x64k16g12s32f32biw_texture3d_texture2d_half,1,4910.4,0.132655,SKIPPED,,1,60,69,2800,2.0,2026-10-05T03:30:29Z
4w,F1,f00,t128x64k16g12s32f32biw,llama-3.2-1b,wq_wo,2048,2048,2048,sarc_dev_780m_x_linear_q4gsw_coopmat_t128x64k16g12s32f32biw_texture3d_texture2d_half,1,2194.5,0.143384,SKIPPED,,1,60,69,2800,2.0,2026-10-05T03:30:29Z
4w,F1,f00,t128x64k16g12s32f32bfliiw,llama-3.1-8b,wq_wo,2048,4096,4096,sarc_dev_780m_x_linear_q4gsw_coopmat_t128x64k16g12s32f32bfliiw_texture3d_texture2d_half,1,7852.7,0.114094,SKIPPED,,1,61,69,2800,2.0,2026-10-05T03:30:31Z
4w,F1,f00,t128x64k16g12s32f32bfliiw,llama-3.2-3b,wq_wo,2048,3072,3072,sarc_dev_780m_x_linear_q4gsw_coopmat_t128x64k16g12s32f32bfliiw_texture3d_texture2d_half,1,4375.98,0.137252,SKIPPED,,1,61,69,2800,2.0,2026-10-05T03:30:31Z
4w,F1,f00,t128x64k16g12s32f32bfliiw,llama-3.2-1b,wq_wo,2048,2048,2048,sarc_dev_780m_x_linear_q4gsw_coopmat_t128x64k16g12s32f32bfliiw_texture3d_texture2d_half,1,1993.24,0.137862,SKIPPED,,1,61,69,2800,2.0,2026-10-05T03:30:31Z
4w,F1,f00,bx_t128x64k16g12s32f32bfliw,llama-3.1-8b,wq_wo,2048,4096,4096,sarc_dev_780m_x_linear_q4gsw_coopmat_bx_t128x64k16g12s32f32bfliw_texture3d_texture2d_half,1,7898.58,0.114118,SKIPPED,,1,61,72,2800,2.0,2026-10-05T03:30:33Z
4w,F1,f00,bx_t128x64k16g12s32f32bfliw,llama-3.2-3b,wq_wo,2048,3072,3072,sarc_dev_780m_x_linear_q4gsw_coopmat_bx_t128x64k16g12s32f32bfliw_texture3d_texture2d_half,1,4447.36,0.149239,SKIPPED,,1,61,72,2800,2.0,2026-10-05T03:30:33Z
4w,F1,f00,bx_t128x64k16g12s32f32bfliw,llama-3.2-1b,wq_wo,2048,2048,2048,sarc_dev_780m_x_linear_q4gsw_coopmat_bx_t128x64k16g12s32f32bfliw_texture3d_texture2d_half,1,1930.48,0.134756,SKIPPED,,1,61,72,2800,2.0,2026-10-05T03:30:33Z
4w,F1,f00,bx_t256x64k32g24s32f32cfliw,llama-3.1-8b,wq_wo,2048,4096,4096,sarc_dev_780m_x_linear_q4gsw_coopmat_bx_t256x64k32g24s32f32cfliw_texture3d_texture2d_half,1,8434.98,0.0969906,SKIPPED,,1,62,68,2800,2.0,2026-10-05T03:30:35Z
4w,F1,f00,bx_t256x64k32g24s32f32cfliw,llama-3.2-3b,wq_wo,2048,3072,3072,sarc_dev_780m_x_linear_q4gsw_coopmat_bx_t256x64k32g24s32f32cfliw_texture3d_texture2d_half,1,5106.7,0.126939,SKIPPED,,1,62,68,2800,2.0,2026-10-05T03:30:35Z
4w,F1,f00,bx_t256x64k32g24s32f32cfliw,llama-3.2-1b,wq_wo,2048,2048,2048,sarc_dev_780m_x_linear_q4gsw_coopmat_bx_t256x64k32g24s32f32cfliw_texture3d_texture2d_half,1,2272.76,0.14073,SKIPPED,,1,62,68,2800,2.0,2026-10-05T03:30:35Z
4w,F1,f00,bx_t256x256k32g24s32f32cfliw,llama-3.1-8b,wq_wo,2048,4096,4096,sarc_dev_780m_x_linear_q4gsw_coopmat_bx_t256x256k32g24s32f32cfliw_texture3d_texture2d_half,1,17239.3,0.018726,SKIPPED,,1,60,68,2800,2.2,2026-10-05T03:30:37Z
4w,F1,f00,bx_t256x256k32g24s32f32cfliw,llama-3.2-3b,wq_wo,2048,3072,3072,sarc_dev_780m_x_linear_q4gsw_coopmat_bx_t256x256k32g24s32f32cfliw_texture3d_texture2d_half,1,10036.1,0.0545725,SKIPPED,,1,60,68,2800,2.2,2026-10-05T03:30:37Z
4w,F1,f00,bx_t256x256k32g24s32f32cfliw,llama-3.2-1b,wq_wo,2048,2048,2048,sarc_dev_780m_x_linear_q4gsw_coopmat_bx_t256x256k32g24s32f32cfliw_texture3d_texture2d_half,1,4616.72,0.0894741,SKIPPED,,1,60,68,2800,2.2,2026-10-05T03:30:37Z
4w,F1,f00,bx_t256x128k16g24s32f32cfliw,llama-3.1-8b,wq_wo,2048,4096,4096,sarc_dev_780m_x_linear_q4gsw_coopmat_bx_t256x128k16g24s32f32cfliw_texture3d_texture2d_half,1,9095.22,0.0844956,SKIPPED,,1,62,67,2800,2.0,2026-10-05T03:30:39Z
4w,F1,f00,bx_t256x128k16g24s32f32cfliw,llama-3.2-3b,wq_wo,2048,3072,3072,sarc_dev_780m_x_linear_q4gsw_coopmat_bx_t256x128k16g24s32f32cfliw_texture3d_texture2d_half,1,5217,0.0893765,SKIPPED,,1,62,67,2800,2.0,2026-10-05T03:30:39Z
4w,F1,f00,bx_t256x128k16g24s32f32cfliw,llama-3.2-1b,wq_wo,2048,2048,2048,sarc_dev_780m_x_linear_q4gsw_coopmat_bx_t256x128k16g24s32f32cfliw_texture3d_texture2d_half,1,2329.16,0.111507,SKIPPED,,1,62,67,2800,2.0,2026-10-05T03:30:39Z
4w,F1,f00,bx_t256x128k32g14s32f32cfliw,llama-3.1-8b,wq_wo,2048,4096,4096,sarc_dev_780m_x_linear_q4gsw_coopmat_bx_t256x128k32g14s32f32cfliw_texture3d_texture2d_half,1,21760.8,0.0139863,SKIPPED,,1,60,62,2800,2.1,2026-10-05T03:30:41Z
4w,F1,f00,bx_t256x128k32g14s32f32cfliw,llama-3.2-3b,wq_wo,2048,3072,3072,sarc_dev_780m_x_linear_q4gsw_coopmat_bx_t256x128k32g14s32f32cfliw_texture3d_texture2d_half,1,11977.9,0.0567165,SKIPPED,,1,60,62,2800,2.1,2026-10-05T03:30:41Z
4w,F1,f00,bx_t256x128k32g14s32f32cfliw,llama-3.2-1b,wq_wo,2048,2048,2048,sarc_dev_780m_x_linear_q4gsw_coopmat_bx_t256x128k32g14s32f32cfliw_texture3d_texture2d_half,1,6224.82,0.118749,SKIPPED,,1,60,62,2800,2.1,2026-10-05T03:30:41Z
4w,F1,f00,bx_t256x128k32g44s32f32cfliw,llama-3.1-8b,wq_wo,2048,4096,4096,sarc_dev_780m_x_linear_q4gsw_coopmat_bx_t256x128k32g44s32f32cfliw_texture3d_texture2d_half,1,10769.4,0.049788,SKIPPED,,1,58,63,2800,2.1,2026-10-05T03:30:43Z
4w,F1,f00,bx_t256x128k32g44s32f32cfliw,llama-3.2-3b,wq_wo,2048,3072,3072,sarc_dev_780m_x_linear_q4gsw_coopmat_bx_t256x128k32g44s32f32cfliw_texture3d_texture2d_half,1,6918.22,0.125685,SKIPPED,,1,58,63,2800,2.1,2026-10-05T03:30:43Z
4w,F1,f00,bx_t256x128k32g44s32f32cfliw,llama-3.2-1b,wq_wo,2048,2048,2048,sarc_dev_780m_x_linear_q4gsw_coopmat_bx_t256x128k32g44s32f32cfliw_texture3d_texture2d_half,1,3108.4,0.119268,SKIPPED,,1,58,63,2800,2.1,2026-10-05T03:30:43Z
4w,F1,f00,bx_t256x128k32g28s32f32cfliw,llama-3.1-8b,wq_wo,2048,4096,4096,sarc_dev_780m_x_linear_q4gsw_coopmat_bx_t256x128k32g28s32f32cfliw_texture3d_texture2d_half,1,9967.74,0.0657029,SKIPPED,,1,58,65,2800,2.0,2026-10-05T03:30:45Z
4w,F1,f00,bx_t256x128k32g28s32f32cfliw,llama-3.2-3b,wq_wo,2048,3072,3072,sarc_dev_780m_x_linear_q4gsw_coopmat_bx_t256x128k32g28s32f32cfliw_texture3d_texture2d_half,1,6361.34,0.108118,SKIPPED,,1,58,65,2800,2.0,2026-10-05T03:30:45Z
4w,F1,f00,bx_t256x128k32g28s32f32cfliw,llama-3.2-1b,wq_wo,2048,2048,2048,sarc_dev_780m_x_linear_q4gsw_coopmat_bx_t256x128k32g28s32f32cfliw_texture3d_texture2d_half,1,2889.6,0.123883,SKIPPED,,1,58,65,2800,2.0,2026-10-05T03:30:45Z
4w,F1,f00,bx_t256x128k32g24s64f32cfliw,llama-3.1-8b,wq_wo,2048,4096,4096,sarc_dev_780m_x_linear_q4gsw_coopmat_bx_t256x128k32g24s64f32cfliw_texture3d_texture2d_half,1,11892.4,0.0770263,SKIPPED,,1,59,61,2800,2.0,2026-10-05T03:30:47Z
4w,F1,f00,bx_t256x128k32g24s64f32cfliw,llama-3.2-3b,wq_wo,2048,3072,3072,sarc_dev_780m_x_linear_q4gsw_coopmat_bx_t256x128k32g24s64f32cfliw_texture3d_texture2d_half,1,7592.88,0.116508,SKIPPED,,1,59,61,2800,2.0,2026-10-05T03:30:47Z
4w,F1,f00,bx_t256x128k32g24s64f32cfliw,llama-3.2-1b,wq_wo,2048,2048,2048,sarc_dev_780m_x_linear_q4gsw_coopmat_bx_t256x128k32g24s64f32cfliw_texture3d_texture2d_half,1,3554.4,0.135835,SKIPPED,,1,59,61,2800,2.0,2026-10-05T03:30:47Z
4w,F1,f00,bx_t256x128k32g24s32cfliw,llama-3.1-8b,wq_wo,2048,4096,4096,sarc_dev_780m_x_linear_q4gsw_coopmat_bx_t256x128k32g24s32cfliw_texture3d_texture2d_half,1,85561.2,0.00845708,SKIPPED,,1,57,62,2800,2.6,2026-10-05T03:30:50Z
4w,F1,f00,bx_t256x128k32g24s32cfliw,llama-3.2-3b,wq_wo,2048,3072,3072,sarc_dev_780m_x_linear_q4gsw_coopmat_bx_t256x128k32g24s32cfliw_texture3d_texture2d_half,1,46332.1,0.0287764,SKIPPED,,1,57,62,2800,2.6,2026-10-05T03:30:50Z
4w,F1,f00,bx_t256x128k32g24s32cfliw,llama-3.2-1b,wq_wo,2048,2048,2048,sarc_dev_780m_x_linear_q4gsw_coopmat_bx_t256x128k32g24s32cfliw_texture3d_texture2d_half,1,19669.5,0.0119645,SKIPPED,,1,57,62,2800,2.6,2026-10-05T03:30:50Z
4w,F1,f00,bx_t256x128k32g24s32gacfliw,llama-3.1-8b,wq_wo,2048,4096,4096,sarc_dev_780m_x_linear_q4gsw_coopmat_bx_t256x128k32g24s32gacfliw_texture3d_texture2d_half,1,106030,0.0053034,SKIPPED,,1,59,61,2800,2.7,2026-10-05T03:30:53Z
4w,F1,f00,bx_t256x128k32g24s32gacfliw,llama-3.2-3b,wq_wo,2048,3072,3072,sarc_dev_780m_x_linear_q4gsw_coopmat_bx_t256x128k32g24s32gacfliw_texture3d_texture2d_half,1,59174.9,0.000185196,SKIPPED,,1,59,61,2800,2.7,2026-10-05T03:30:53Z
4w,F1,f00,bx_t256x128k32g24s32gacfliw,llama-3.2-1b,wq_wo,2048,2048,2048,sarc_dev_780m_x_linear_q4gsw_coopmat_bx_t256x128k32g24s32gacfliw_texture3d_texture2d_half,1,24817,0.00831345,SKIPPED,,1,59,61,2800,2.7,2026-10-05T03:30:53Z
4w,F1,f00,bx_t256x128k32g24s32f32fliw,llama-3.1-8b,wq_wo,2048,4096,4096,sarc_dev_780m_x_linear_q4gsw_coopmat_bx_t256x128k32g24s32f32fliw_texture3d_texture2d_half,1,7660.02,0.110715,SKIPPED,,1,60,68,2800,2.1,2026-10-05T03:30:55Z
4w,F1,f00,bx_t256x128k32g24s32f32fliw,llama-3.2-3b,wq_wo,2048,3072,3072,sarc_dev_780m_x_linear_q4gsw_coopmat_bx_t256x128k32g24s32f32fliw_texture3d_texture2d_half,1,4599.86,0.140924,SKIPPED,,1,60,68,2800,2.1,2026-10-05T03:30:55Z
4w,F1,f00,bx_t256x128k32g24s32f32fliw,llama-3.2-1b,wq_wo,2048,2048,2048,sarc_dev_780m_x_linear_q4gsw_coopmat_bx_t256x128k32g24s32f32fliw_texture3d_texture2d_half,1,1943.4,0.133364,SKIPPED,,1,60,68,2800,2.1,2026-10-05T03:30:55Z
4w,F1,f00,bx_t256x128k32g24s32f32bfliw,llama-3.1-8b,wq_wo,2048,4096,4096,sarc_dev_780m_x_linear_q4gsw_coopmat_bx_t256x128k32g24s32f32bfliw_texture3d_texture2d_half,1,7791.58,0.115703,SKIPPED,,1,61,66,2800,2.0,2026-10-05T03:30:57Z
4w,F1,f00,bx_t256x128k32g24s32f32bfliw,llama-3.2-3b,wq_wo,2048,3072,3072,sarc_dev_780m_x_linear_q4gsw_coopmat_bx_t256x128k32g24s32f32bfliw_texture3d_texture2d_half,1,4456.48,0.126874,SKIPPED,,1,61,66,2800,2.0,2026-10-05T03:30:57Z
4w,F1,f00,bx_t256x128k32g24s32f32bfliw,llama-3.2-1b,wq_wo,2048,2048,2048,sarc_dev_780m_x_linear_q4gsw_coopmat_bx_t256x128k32g24s32f32bfliw_texture3d_texture2d_half,1,2048.86,0.146881,SKIPPED,,1,61,66,2800,2.0,2026-10-05T03:30:57Z
4w,F1,f00,bx_t256x128k32g24s32f32ciw,llama-3.1-8b,wq_wo,2048,4096,4096,sarc_dev_780m_x_linear_q4gsw_coopmat_bx_t256x128k32g24s32f32ciw_texture3d_texture2d_half,1,6931.44,0.087883,SKIPPED,,1,61,69,2800,2.0,2026-10-05T03:30:59Z
4w,F1,f00,bx_t256x128k32g24s32f32ciw,llama-3.2-3b,wq_wo,2048,3072,3072,sarc_dev_780m_x_linear_q4gsw_coopmat_bx_t256x128k32g24s32f32ciw_texture3d_texture2d_half,1,4093.9,0.122599,SKIPPED,,1,61,69,2800,2.0,2026-10-05T03:30:59Z
4w,F1,f00,bx_t256x128k32g24s32f32ciw,llama-3.2-1b,wq_wo,2048,2048,2048,sarc_dev_780m_x_linear_q4gsw_coopmat_bx_t256x128k32g24s32f32ciw_texture3d_texture2d_half,1,1825.18,0.133289,SKIPPED,,1,61,69,2800,2.0,2026-10-05T03:30:59Z
4w,F1,f00,bx_t256x128k32g24s32f32cfliiw,llama-3.1-8b,wq_wo,2048,4096,4096,sarc_dev_780m_x_linear_q4gsw_coopmat_bx_t256x128k32g24s32f32cfliiw_texture3d_texture2d_half,1,7639.74,0.112541,SKIPPED,,1,61,69,2800,2.0,2026-10-05T03:31:01Z
4w,F1,f00,bx_t256x128k32g24s32f32cfliiw,llama-3.2-3b,wq_wo,2048,3072,3072,sarc_dev_780m_x_linear_q4gsw_coopmat_bx_t256x128k32g24s32f32cfliiw_texture3d_texture2d_half,1,4459.44,0.126242,SKIPPED,,1,61,69,2800,2.0,2026-10-05T03:31:01Z
4w,F1,f00,bx_t256x128k32g24s32f32cfliiw,llama-3.2-1b,wq_wo,2048,2048,2048,sarc_dev_780m_x_linear_q4gsw_coopmat_bx_t256x128k32g24s32f32cfliiw_texture3d_texture2d_half,1,1904.5,0.121233,SKIPPED,,1,61,69,2800,2.0,2026-10-05T03:31:01Z
4w,F1,f00,bx_t256x128k32g24s32f32cfl,llama-3.1-8b,wq_wo,2048,4096,4096,sarc_dev_780m_x_linear_q4gsw_coopmat_bx_t256x128k32g24s32f32cfl_texture3d_texture2d_half,1,7111.26,0.0898037,SKIPPED,,1,61,68,2800,2.0,2026-10-05T03:31:03Z
4w,F1,f00,bx_t256x128k32g24s32f32cfl,llama-3.2-3b,wq_wo,2048,3072,3072,sarc_dev_780m_x_linear_q4gsw_coopmat_bx_t256x128k32g24s32f32cfl_texture3d_texture2d_half,1,4506.14,0.124883,SKIPPED,,1,61,68,2800,2.0,2026-10-05T03:31:03Z
4w,F1,f00,bx_t256x128k32g24s32f32cfl,llama-3.2-1b,wq_wo,2048,2048,2048,sarc_dev_780m_x_linear_q4gsw_coopmat_bx_t256x128k32g24s32f32cfl_texture3d_texture2d_half,1,1935.18,0.134168,SKIPPED,,1,61,68,2800,2.0,2026-10-05T03:31:03Z
4w,F1,f00,t256x128k32g24s32f32cfliw,llama-3.1-8b,wq_wo,2048,4096,4096,sarc_dev_780m_x_linear_q4gsw_coopmat_t256x128k32g24s32f32cfliw_texture3d_texture2d_half,1,7666.54,0.118958,SKIPPED,,1,61,69,2800,2.0,2026-10-05T03:31:05Z
4w,F1,f00,t256x128k32g24s32f32cfliw,llama-3.2-3b,wq_wo,2048,3072,3072,sarc_dev_780m_x_linear_q4gsw_coopmat_t256x128k32g24s32f32cfliw_texture3d_texture2d_half,1,4463.54,0.127056,SKIPPED,,1,61,69,2800,2.0,2026-10-05T03:31:05Z
4w,F1,f00,t256x128k32g24s32f32cfliw,llama-3.2-1b,wq_wo,2048,2048,2048,sarc_dev_780m_x_linear_q4gsw_coopmat_t256x128k32g24s32f32cfliw_texture3d_texture2d_half,1,2019,0.137969,SKIPPED,,1,61,69,2800,2.0,2026-10-05T03:31:05Z
4w,F1,f00,bx_t32x64k16g12s32f32fliiw,llama-3.1-8b,wq_wo,2048,4096,4096,sarc_dev_780m_x_linear_q4gsw_coopmat_bx_t32x64k16g12s32f32fliiw_texture3d_texture2d_half,1,12961.7,0.0570455,SKIPPED,,1,61,68,2800,2.0,2026-10-05T03:31:07Z
4w,F1,f00,bx_t32x64k16g12s32f32fliiw,llama-3.2-3b,wq_wo,2048,3072,3072,sarc_dev_780m_x_linear_q4gsw_coopmat_bx_t32x64k16g12s32f32fliiw_texture3d_texture2d_half,1,7832.38,0.116734,SKIPPED,,1,61,68,2800,2.0,2026-10-05T03:31:07Z
4w,F1,f00,bx_t32x64k16g12s32f32fliiw,llama-3.2-1b,wq_wo,2048,2048,2048,sarc_dev_780m_x_linear_q4gsw_coopmat_bx_t32x64k16g12s32f32fliiw_texture3d_texture2d_half,1,3782.94,0.14277,SKIPPED,,1,61,68,2800,2.0,2026-10-05T03:31:07Z
4w,F1,f00,bx_t64x64k16g12s32f32fliiw,llama-3.1-8b,wq_wo,2048,4096,4096,sarc_dev_780m_x_linear_q4gsw_coopmat_bx_t64x64k16g12s32f32fliiw_texture3d_texture2d_half,1,8476.08,0.104597,SKIPPED,,1,60,69,2800,2.0,2026-10-05T03:31:09Z
4w,F1,f00,bx_t64x64k16g12s32f32fliiw,llama-3.2-3b,wq_wo,2048,3072,3072,sarc_dev_780m_x_linear_q4gsw_coopmat_bx_t64x64k16g12s32f32fliiw_texture3d_texture2d_half,1,5263.08,0.137311,SKIPPED,,1,60,69,2800,2.0,2026-10-05T03:31:09Z
4w,F1,f00,bx_t64x64k16g12s32f32fliiw,llama-3.2-1b,wq_wo,2048,2048,2048,sarc_dev_780m_x_linear_q4gsw_coopmat_bx_t64x64k16g12s32f32fliiw_texture3d_texture2d_half,1,2417.3,0.146649,SKIPPED,,1,60,69,2800,2.0,2026-10-05T03:31:09Z
4w,F1,f00,bx_t256x64k16g12s32f32fliiw,llama-3.1-8b,wq_wo,2048,4096,4096,sarc_dev_780m_x_linear_q4gsw_coopmat_bx_t256x64k16g12s32f32fliiw_texture3d_texture2d_half,1,63195.3,0.0190444,SKIPPED,,1,61,64,2800,2.5,2026-10-05T03:31:11Z
4w,F1,f00,bx_t256x64k16g12s32f32fliiw,llama-3.2-3b,wq_wo,2048,3072,3072,sarc_dev_780m_x_linear_q4gsw_coopmat_bx_t256x64k16g12s32f32fliiw_texture3d_texture2d_half,1,38340,0.0158829,SKIPPED,,1,61,64,2800,2.5,2026-10-05T03:31:11Z
4w,F1,f00,bx_t256x64k16g12s32f32fliiw,llama-3.2-1b,wq_wo,2048,2048,2048,sarc_dev_780m_x_linear_q4gsw_coopmat_bx_t256x64k16g12s32f32fliiw_texture3d_texture2d_half,1,10534.6,0.0926478,SKIPPED,,1,61,64,2800,2.5,2026-10-05T03:31:11Z
4w,F1,f00,bx_t128x32k16g12s32f32fliiw,llama-3.1-8b,wq_wo,2048,4096,4096,sarc_dev_780m_x_linear_q4gsw_coopmat_bx_t128x32k16g12s32f32fliiw_texture3d_texture2d_half,1,8579.3,0.0960645,SKIPPED,,1,60,72,2800,2.0,2026-10-05T03:31:14Z
4w,F1,f00,bx_t128x32k16g12s32f32fliiw,llama-3.2-3b,wq_wo,2048,3072,3072,sarc_dev_780m_x_linear_q4gsw_coopmat_bx_t128x32k16g12s32f32fliiw_texture3d_texture2d_half,1,5168.7,0.145264,SKIPPED,,1,60,72,2800,2.0,2026-10-05T03:31:14Z
4w,F1,f00,bx_t128x32k16g12s32f32fliiw,llama-3.2-1b,wq_wo,2048,2048,2048,sarc_dev_780m_x_linear_q4gsw_coopmat_bx_t128x32k16g12s32f32fliiw_texture3d_texture2d_half,1,2275.88,0.12224,SKIPPED,,1,60,72,2800,2.0,2026-10-05T03:31:14Z
4w,F1,f00,bx_t128x128k16g12s32f32fliiw,llama-3.1-8b,wq_wo,2048,4096,4096,sarc_dev_780m_x_linear_q4gsw_coopmat_bx_t128x128k16g12s32f32fliiw_texture3d_texture2d_half,1,24520.7,0.00833909,SKIPPED,,1,51,61,2800,2.6,2026-10-05T03:31:21Z
4w,F1,f00,bx_t128x128k16g12s32f32fliiw,llama-3.2-3b,wq_wo,2048,3072,3072,sarc_dev_780m_x_linear_q4gsw_coopmat_bx_t128x128k16g12s32f32fliiw_texture3d_texture2d_half,1,13448.2,0.0395005,SKIPPED,,1,51,61,2800,2.6,2026-10-05T03:31:21Z
4w,F1,f00,bx_t128x128k16g12s32f32fliiw,llama-3.2-1b,wq_wo,2048,2048,2048,sarc_dev_780m_x_linear_q4gsw_coopmat_bx_t128x128k16g12s32f32fliiw_texture3d_texture2d_half,1,6243.72,0.108463,SKIPPED,,1,51,61,2800,2.6,2026-10-05T03:31:21Z
4w,F1,f00,bx_t128x64k32g12s32f32fliiw,llama-3.1-8b,wq_wo,2048,4096,4096,sarc_dev_780m_x_linear_q4gsw_coopmat_bx_t128x64k32g12s32f32fliiw_texture3d_texture2d_half,1,9023.7,0.0786035,SKIPPED,,1,57,63,2800,2.1,2026-10-05T03:31:23Z
4w,F1,f00,bx_t128x64k32g12s32f32fliiw,llama-3.2-3b,wq_wo,2048,3072,3072,sarc_dev_780m_x_linear_q4gsw_coopmat_bx_t128x64k32g12s32f32fliiw_texture3d_texture2d_half,1,6221.6,0.16219,SKIPPED,,1,57,63,2800,2.1,2026-10-05T03:31:23Z
4w,F1,f00,bx_t128x64k32g12s32f32fliiw,llama-3.2-1b,wq_wo,2048,2048,2048,sarc_dev_780m_x_linear_q4gsw_coopmat_bx_t128x64k32g12s32f32fliiw_texture3d_texture2d_half,1,2666.4,0.145899,SKIPPED,,1,57,63,2800,2.1,2026-10-05T03:31:23Z
4w,F1,f00,bx_t128x64k16g22s32f32fliiw,llama-3.1-8b,wq_wo,2048,4096,4096,sarc_dev_780m_x_linear_q4gsw_coopmat_bx_t128x64k16g22s32f32fliiw_texture3d_texture2d_half,1,8108.38,0.108317,SKIPPED,,1,58,69,2800,2.0,2026-10-05T03:31:25Z
4w,F1,f00,bx_t128x64k16g22s32f32fliiw,llama-3.2-3b,wq_wo,2048,3072,3072,sarc_dev_780m_x_linear_q4gsw_coopmat_bx_t128x64k16g22s32f32fliiw_texture3d_texture2d_half,1,4902.4,0.141628,SKIPPED,,1,58,69,2800,2.0,2026-10-05T03:31:25Z
4w,F1,f00,bx_t128x64k16g22s32f32fliiw,llama-3.2-1b,wq_wo,2048,2048,2048,sarc_dev_780m_x_linear_q4gsw_coopmat_bx_t128x64k16g22s32f32fliiw_texture3d_texture2d_half,1,2156.42,0.142569,SKIPPED,,1,58,69,2800,2.0,2026-10-05T03:31:25Z
4w,F1,f00,bx_t128x64k16g11s32f32fliiw,llama-3.1-8b,wq_wo,2048,4096,4096,sarc_dev_780m_x_linear_q4gsw_coopmat_bx_t128x64k16g11s32f32fliiw_texture3d_texture2d_half,1,60598.2,0.00944847,SKIPPED,,1,60,63,2800,2.4,2026-10-05T03:31:28Z
4w,F1,f00,bx_t128x64k16g11s32f32fliiw,llama-3.2-3b,wq_wo,2048,3072,3072,sarc_dev_780m_x_linear_q4gsw_coopmat_bx_t128x64k16g11s32f32fliiw_texture3d_texture2d_half,1,28395.9,0.0185309,SKIPPED,,1,60,63,2800,2.4,2026-10-05T03:31:28Z
4w,F1,f00,bx_t128x64k16g11s32f32fliiw,llama-3.2-1b,wq_wo,2048,2048,2048,sarc_dev_780m_x_linear_q4gsw_coopmat_bx_t128x64k16g11s32f32fliiw_texture3d_texture2d_half,1,10236.9,0.0564038,SKIPPED,,1,60,63,2800,2.4,2026-10-05T03:31:28Z
4w,F1,f00,bx_t128x64k16g14s32f32fliiw,llama-3.1-8b,wq_wo,2048,4096,4096,sarc_dev_780m_x_linear_q4gsw_coopmat_bx_t128x64k16g14s32f32fliiw_texture3d_texture2d_half,1,7971.72,0.0994108,SKIPPED,,1,59,69,2800,2.0,2026-10-05T03:31:30Z
4w,F1,f00,bx_t128x64k16g14s32f32fliiw,llama-3.2-3b,wq_wo,2048,3072,3072,sarc_dev_780m_x_linear_q4gsw_coopmat_bx_t128x64k16g14s32f32fliiw_texture3d_texture2d_half,1,4581.7,0.128567,SKIPPED,,1,59,69,2800,2.0,2026-10-05T03:31:30Z
4w,F1,f00,bx_t128x64k16g14s32f32fliiw,llama-3.2-1b,wq_wo,2048,2048,2048,sarc_dev_780m_x_linear_q4gsw_coopmat_bx_t128x64k16g14s32f32fliiw_texture3d_texture2d_half,1,2143.22,0.13796,SKIPPED,,1,59,69,2800,2.0,2026-10-05T03:31:30Z
4w,F1,f00,bx_t128x64k16g12s32fliiw,llama-3.1-8b,wq_wo,2048,4096,4096,sarc_dev_780m_x_linear_q4gsw_coopmat_bx_t128x64k16g12s32fliiw_texture3d_texture2d_half,1,201478,0.00481245,SKIPPED,,1,61,60,2800,3.6,2026-10-05T03:31:33Z
4w,F1,f00,bx_t128x64k16g12s32fliiw,llama-3.2-3b,wq_wo,2048,3072,3072,sarc_dev_780m_x_linear_q4gsw_coopmat_bx_t128x64k16g12s32fliiw_texture3d_texture2d_half,1,104234,0.00174049,SKIPPED,,1,61,60,2800,3.6,2026-10-05T03:31:33Z
4w,F1,f00,bx_t128x64k16g12s32fliiw,llama-3.2-1b,wq_wo,2048,2048,2048,sarc_dev_780m_x_linear_q4gsw_coopmat_bx_t128x64k16g12s32fliiw_texture3d_texture2d_half,1,44567,0.013978,SKIPPED,,1,61,60,2800,3.6,2026-10-05T03:31:33Z
4w,F1,f00,bx_t128x64k16g12s32gafliiw,llama-3.1-8b,wq_wo,2048,4096,4096,sarc_dev_780m_x_linear_q4gsw_coopmat_bx_t128x64k16g12s32gafliiw_texture3d_texture2d_half,1,238772,0.00782103,SKIPPED,,1,56,61,2800,4.2,2026-10-05T03:31:37Z
4w,F1,f00,bx_t128x64k16g12s32gafliiw,llama-3.2-3b,wq_wo,2048,3072,3072,sarc_dev_780m_x_linear_q4gsw_coopmat_bx_t128x64k16g12s32gafliiw_texture3d_texture2d_half,1,127445,0.0152311,SKIPPED,,1,56,61,2800,4.2,2026-10-05T03:31:37Z
4w,F1,f00,bx_t128x64k16g12s32gafliiw,llama-3.2-1b,wq_wo,2048,2048,2048,sarc_dev_780m_x_linear_q4gsw_coopmat_bx_t128x64k16g12s32gafliiw_texture3d_texture2d_half,1,53597.3,0.00373492,SKIPPED,,1,56,61,2800,4.2,2026-10-05T03:31:37Z
4w,F1,f00,bx_t128x64k16g12s32f32cfliiw,llama-3.1-8b,wq_wo,2048,4096,4096,sarc_dev_780m_x_linear_q4gsw_coopmat_bx_t128x64k16g12s32f32cfliiw_texture3d_texture2d_half,1,8033.66,0.122627,SKIPPED,,1,56,69,2800,2.0,2026-10-05T03:31:39Z
4w,F1,f00,bx_t128x64k16g12s32f32cfliiw,llama-3.2-3b,wq_wo,2048,3072,3072,sarc_dev_780m_x_linear_q4gsw_coopmat_bx_t128x64k16g12s32f32cfliiw_texture3d_texture2d_half,1,4350.36,0.142279,SKIPPED,,1,56,69,2800,2.0,2026-10-05T03:31:39Z
4w,F1,f00,bx_t128x64k16g12s32f32cfliiw,llama-3.2-1b,wq_wo,2048,2048,2048,sarc_dev_780m_x_linear_q4gsw_coopmat_bx_t128x64k16g12s32f32cfliiw_texture3d_texture2d_half,1,1971.7,0.143197,SKIPPED,,1,56,69,2800,2.0,2026-10-05T03:31:39Z
4w,F1,f00,bx_t128x64k16g12s32f32xfliiw,llama-3.1-8b,wq_wo,2048,4096,4096,sarc_dev_780m_x_linear_q4gsw_coopmat_bx_t128x64k16g12s32f32xfliiw_texture3d_texture2d_half,1,9474.96,0.0719924,SKIPPED,,1,61,66,2800,2.0,2026-10-05T03:31:41Z
4w,F1,f00,bx_t128x64k16g12s32f32xfliiw,llama-3.2-3b,wq_wo,2048,3072,3072,sarc_dev_780m_x_linear_q4gsw_coopmat_bx_t128x64k16g12s32f32xfliiw_texture3d_texture2d_half,1,6045.22,0.137736,SKIPPED,,1,61,66,2800,2.0,2026-10-05T03:31:41Z
4w,F1,f00,bx_t128x64k16g12s32f32xfliiw,llama-3.2-1b,wq_wo,2048,2048,2048,sarc_dev_780m_x_linear_q4gsw_coopmat_bx_t128x64k16g12s32f32xfliiw_texture3d_texture2d_half,1,2751.56,0.137765,SKIPPED,,1,61,66,2800,2.0,2026-10-05T03:31:41Z
4w,F1,f00,bx_t128x64k16g12s32f32bfliiw,llama-3.1-8b,wq_wo,2048,4096,4096,sarc_dev_780m_x_linear_q4gsw_coopmat_bx_t128x64k16g12s32f32bfliiw_texture3d_texture2d_half,1,7850.74,0.107439,SKIPPED,,1,60,70,2800,2.0,2026-10-05T03:31:43Z
4w,F1,f00,bx_t128x64k16g12s32f32bfliiw,llama-3.2-3b,wq_wo,2048,3072,3072,sarc_dev_780m_x_linear_q4gsw_coopmat_bx_t128x64k16g12s32f32bfliiw_texture3d_texture2d_half,1,4417.76,0.143943,SKIPPED,,1,60,70,2800,2.0,2026-10-05T03:31:43Z
4w,F1,f00,bx_t128x64k16g12s32f32bfliiw,llama-3.2-1b,wq_wo,2048,2048,2048,sarc_dev_780m_x_linear_q4gsw_coopmat_bx_t128x64k16g12s32f32bfliiw_texture3d_texture2d_half,1,1939.38,0.135811,SKIPPED,,1,60,70,2800,2.0,2026-10-05T03:31:43Z
4w,F1,f00,bx_t128x64k16g12s32f32iiw,llama-3.1-8b,wq_wo,2048,4096,4096,sarc_dev_780m_x_linear_q4gsw_coopmat_bx_t128x64k16g12s32f32iiw_texture3d_texture2d_half,1,8009.68,0.116967,SKIPPED,,1,61,69,2800,2.0,2026-10-05T03:31:45Z
4w,F1,f00,bx_t128x64k16g12s32f32iiw,llama-3.2-3b,wq_wo,2048,3072,3072,sarc_dev_780m_x_linear_q4gsw_coopmat_bx_t128x64k16g12s32f32iiw_texture3d_texture2d_half,1,4561.78,0.125471,SKIPPED,,1,61,69,2800,2.0,2026-10-05T03:31:45Z
4w,F1,f00,bx_t128x64k16g12s32f32iiw,llama-3.2-1b,wq_wo,2048,2048,2048,sarc_dev_780m_x_linear_q4gsw_coopmat_bx_t128x64k16g12s32f32iiw_texture3d_texture2d_half,1,2157.88,0.137736,SKIPPED,,1,61,69,2800,2.0,2026-10-05T03:31:45Z
4w,F1,f00,bx_t128x64k16g12s32f32fliw,llama-3.1-8b,wq_wo,2048,4096,4096,sarc_dev_780m_x_linear_q4gsw_coopmat_bx_t128x64k16g12s32f32fliw_texture3d_texture2d_half,1,7512.3,0.112155,SKIPPED,,1,61,69,2800,2.0,2026-10-05T03:31:47Z
4w,F1,f00,bx_t128x64k16g12s32f32fliw,llama-3.2-3b,wq_wo,2048,3072,3072,sarc_dev_780m_x_linear_q4gsw_coopmat_bx_t128x64k16g12s32f32fliw_texture3d_texture2d_half,1,4337,0.130847,SKIPPED,,1,61,69,2800,2.0,2026-10-05T03:31:47Z
4w,F1,f00,bx_t128x64k16g12s32f32fliw,llama-3.2-1b,wq_wo,2048,2048,2048,sarc_dev_780m_x_linear_q4gsw_coopmat_bx_t128x64k16g12s32f32fliw_texture3d_texture2d_half,1,1955.18,0.140688,SKIPPED,,1,61,69,2800,2.0,2026-10-05T03:31:47Z
4w,F1,f00,bx_t128x64k16g12s32f32fli,llama-3.1-8b,wq_wo,2048,4096,4096,sarc_dev_780m_x_linear_q4gsw_coopmat_bx_t128x64k16g12s32f32fli_texture3d_texture2d_half,1,7103.42,0.1079,SKIPPED,,1,61,67,2800,2.0,2026-10-05T03:31:49Z
4w,F1,f00,bx_t128x64k16g12s32f32fli,llama-3.2-3b,wq_wo,2048,3072,3072,sarc_dev_780m_x_linear_q4gsw_coopmat_bx_t128x64k16g12s32f32fli_texture3d_texture2d_half,1,4319.58,0.14155,SKIPPED,,1,61,67,2800,2.0,2026-10-05T03:31:49Z
4w,F1,f00,bx_t128x64k16g12s32f32fli,llama-3.2-1b,wq_wo,2048,2048,2048,sarc_dev_780m_x_linear_q4gsw_coopmat_bx_t128x64k16g12s32f32fli_texture3d_texture2d_half,1,2004.12,0.145926,SKIPPED,,1,61,67,2800,2.0,2026-10-05T03:31:49Z
4w,F1,f00,t128x64k16g12s32f32fliiw,llama-3.1-8b,wq_wo,2048,4096,4096,sarc_dev_780m_x_linear_q4gsw_coopmat_t128x64k16g12s32f32fliiw_texture3d_texture2d_half,1,7789.26,0.119633,SKIPPED,,1,59,70,2800,2.0,2026-10-05T03:31:51Z
4w,F1,f00,t128x64k16g12s32f32fliiw,llama-3.2-3b,wq_wo,2048,3072,3072,sarc_dev_780m_x_linear_q4gsw_coopmat_t128x64k16g12s32f32fliiw_texture3d_texture2d_half,1,4350.92,0.142393,SKIPPED,,1,59,70,2800,2.0,2026-10-05T03:31:51Z
4w,F1,f00,t128x64k16g12s32f32fliiw,llama-3.2-1b,wq_wo,2048,2048,2048,sarc_dev_780m_x_linear_q4gsw_coopmat_t128x64k16g12s32f32fliiw_texture3d_texture2d_half,1,1909.64,0.131977,SKIPPED,,1,59,70,2800,2.0,2026-10-05T03:31:51Z
4w,F1,f00,t64x128k16g41s32f32xpi,llama-3.1-8b,wq_wo,2048,4096,4096,sarc_dev_780m_x_linear_q4gsw_coopmat_t64x128k16g41s32f32xpi_texture3d_texture2d_half,1,7750.78,0.123032,SKIPPED,,1,62,72,2800,2.0,2026-10-05T03:31:53Z
4w,F1,f00,t64x128k16g41s32f32xpi,llama-3.2-3b,wq_wo,2048,3072,3072,sarc_dev_780m_x_linear_q4gsw_coopmat_t64x128k16g41s32f32xpi_texture3d_texture2d_half,1,4353.62,0.124617,SKIPPED,,1,62,72,2800,2.0,2026-10-05T03:31:53Z
4w,F1,f00,t64x128k16g41s32f32xpi,llama-3.2-1b,wq_wo,2048,2048,2048,sarc_dev_780m_x_linear_q4gsw_coopmat_t64x128k16g41s32f32xpi_texture3d_texture2d_half,1,1977.86,0.137125,SKIPPED,,1,62,72,2800,2.0,2026-10-05T03:31:53Z
4w,F1,f00,t256x128k16g41s32f32xpi,llama-3.1-8b,wq_wo,2048,4096,4096,sarc_dev_780m_x_linear_q4gsw_coopmat_t256x128k16g41s32f32xpi_texture3d_texture2d_half,1,42783.5,0.00132737,SKIPPED,,1,62,63,2800,2.4,2026-10-05T03:31:56Z
4w,F1,f00,t256x128k16g41s32f32xpi,llama-3.2-3b,wq_wo,2048,3072,3072,sarc_dev_780m_x_linear_q4gsw_coopmat_t256x128k16g41s32f32xpi_texture3d_texture2d_half,1,23974.9,0.0030696,SKIPPED,,1,62,63,2800,2.4,2026-10-05T03:31:56Z
4w,F1,f00,t256x128k16g41s32f32xpi,llama-3.2-1b,wq_wo,2048,2048,2048,sarc_dev_780m_x_linear_q4gsw_coopmat_t256x128k16g41s32f32xpi_texture3d_texture2d_half,1,10709.5,0.043972,SKIPPED,,1,62,63,2800,2.4,2026-10-05T03:31:56Z
4w,F1,f00,t128x64k16g41s32f32xpi,llama-3.1-8b,wq_wo,2048,4096,4096,sarc_dev_780m_x_linear_q4gsw_coopmat_t128x64k16g41s32f32xpi_texture3d_texture2d_half,1,8590.22,0.0953014,SKIPPED,,1,60,69,2800,2.0,2026-10-05T03:31:58Z
4w,F1,f00,t128x64k16g41s32f32xpi,llama-3.2-3b,wq_wo,2048,3072,3072,sarc_dev_780m_x_linear_q4gsw_coopmat_t128x64k16g41s32f32xpi_texture3d_texture2d_half,1,5150.94,0.129388,SKIPPED,,1,60,69,2800,2.0,2026-10-05T03:31:58Z
4w,F1,f00,t128x64k16g41s32f32xpi,llama-3.2-1b,wq_wo,2048,2048,2048,sarc_dev_780m_x_linear_q4gsw_coopmat_t128x64k16g41s32f32xpi_texture3d_texture2d_half,1,2337.02,0.13469,SKIPPED,,1,60,69,2800,2.0,2026-10-05T03:31:58Z
4w,F1,f00,t128x256k16g41s32f32xpi,llama-3.1-8b,wq_wo,2048,4096,4096,sarc_dev_780m_x_linear_q4gsw_coopmat_t128x256k16g41s32f32xpi_texture3d_texture2d_half,1,30088.4,0.0031654,SKIPPED,,1,61,69,2800,2.3,2026-10-05T03:32:00Z
4w,F1,f00,t128x256k16g41s32f32xpi,llama-3.2-3b,wq_wo,2048,3072,3072,sarc_dev_780m_x_linear_q4gsw_coopmat_t128x256k16g41s32f32xpi_texture3d_texture2d_half,1,16929.7,0.00981463,SKIPPED,,1,61,69,2800,2.3,2026-10-05T03:32:00Z
4w,F1,f00,t128x256k16g41s32f32xpi,llama-3.2-1b,wq_wo,2048,2048,2048,sarc_dev_780m_x_linear_q4gsw_coopmat_t128x256k16g41s32f32xpi_texture3d_texture2d_half,1,7773.46,0.0973196,SKIPPED,,1,61,69,2800,2.3,2026-10-05T03:32:00Z
4w,F1,f00,t128x128k32g41s32f32xpi,llama-3.1-8b,wq_wo,2048,4096,4096,sarc_dev_780m_x_linear_q4gsw_coopmat_t128x128k32g41s32f32xpi_texture3d_texture2d_half,1,8908.54,0.0819855,SKIPPED,,1,62,68,2800,2.0,2026-10-05T03:32:02Z
4w,F1,f00,t128x128k32g41s32f32xpi,llama-3.2-3b,wq_wo,2048,3072,3072,sarc_dev_780m_x_linear_q4gsw_coopmat_t128x128k32g41s32f32xpi_texture3d_texture2d_half,1,5434.2,0.116697,SKIPPED,,1,62,68,2800,2.0,2026-10-05T03:32:02Z
4w,F1,f00,t128x128k32g41s32f32xpi,llama-3.2-1b,wq_wo,2048,2048,2048,sarc_dev_780m_x_linear_q4gsw_coopmat_t128x128k32g41s32f32xpi_texture3d_texture2d_half,1,2403.08,0.114346,SKIPPED,,1,62,68,2800,2.0,2026-10-05T03:32:02Z
4w,F1,f00,t128x128k16g21s32f32xpi,llama-3.1-8b,wq_wo,2048,4096,4096,sarc_dev_780m_x_linear_q4gsw_coopmat_t128x128k16g21s32f32xpi_texture3d_texture2d_half,1,34957.8,0.00400944,SKIPPED,,1,59,63,2800,2.3,2026-10-05T03:32:05Z
4w,F1,f00,t128x128k16g21s32f32xpi,llama-3.2-3b,wq_wo,2048,3072,3072,sarc_dev_780m_x_linear_q4gsw_coopmat_t128x128k16g21s32f32xpi_texture3d_texture2d_half,1,19413.2,0.0153524,SKIPPED,,1,59,63,2800,2.3,2026-10-05T03:32:05Z
4w,F1,f00,t128x128k16g21s32f32xpi,llama-3.2-1b,wq_wo,2048,2048,2048,sarc_dev_780m_x_linear_q4gsw_coopmat_t128x128k16g21s32f32xpi_texture3d_texture2d_half,1,8664.2,0.0758388,SKIPPED,,1,59,63,2800,2.3,2026-10-05T03:32:05Z
4w,F1,f00,t128x128k16g81s32f32xpi,llama-3.1-8b,wq_wo,2048,4096,4096,sarc_dev_780m_x_linear_q4gsw_coopmat_t128x128k16g81s32f32xpi_texture3d_texture2d_half,1,11639.5,0.0719483,SKIPPED,,1,60,68,2800,2.0,2026-10-05T03:32:07Z
4w,F1,f00,t128x128k16g81s32f32xpi,llama-3.2-3b,wq_wo,2048,3072,3072,sarc_dev_780m_x_linear_q4gsw_coopmat_t128x128k16g81s32f32xpi_texture3d_texture2d_half,1,6605.22,0.0952377,SKIPPED,,1,60,68,2800,2.0,2026-10-05T03:32:07Z
4w,F1,f00,t128x128k16g81s32f32xpi,llama-3.2-1b,wq_wo,2048,2048,2048,sarc_dev_780m_x_linear_q4gsw_coopmat_t128x128k16g81s32f32xpi_texture3d_texture2d_half,1,3138.86,0.122659,SKIPPED,,1,60,68,2800,2.0,2026-10-05T03:32:07Z
4w,F1,f00,t128x128k16g41s64f32xpi,llama-3.1-8b,wq_wo,2048,4096,4096,sarc_dev_780m_x_linear_q4gsw_coopmat_t128x128k16g41s64f32xpi_texture3d_texture2d_half,1,10709,0.0646337,SKIPPED,,1,60,63,2800,2.1,2026-10-05T03:32:09Z
4w,F1,f00,t128x128k16g41s64f32xpi,llama-3.2-3b,wq_wo,2048,3072,3072,sarc_dev_780m_x_linear_q4gsw_coopmat_t128x128k16g41s64f32xpi_texture3d_texture2d_half,1,6614.6,0.100945,SKIPPED,,1,60,63,2800,2.1,2026-10-05T03:32:09Z
4w,F1,f00,t128x128k16g41s64f32xpi,llama-3.2-1b,wq_wo,2048,2048,2048,sarc_dev_780m_x_linear_q4gsw_coopmat_t128x128k16g41s64f32xpi_texture3d_texture2d_half,1,3106.36,0.120727,SKIPPED,,1,60,63,2800,2.1,2026-10-05T03:32:09Z
4w,F1,f00,t128x128k16g41s32xpi,llama-3.1-8b,wq_wo,2048,4096,4096,sarc_dev_780m_x_linear_q4gsw_coopmat_t128x128k16g41s32xpi_texture3d_texture2d_half,1,152925,0.00401254,SKIPPED,,1,58,61,2800,3.1,2026-10-05T03:32:12Z
4w,F1,f00,t128x128k16g41s32xpi,llama-3.2-3b,wq_wo,2048,3072,3072,sarc_dev_780m_x_linear_q4gsw_coopmat_t128x128k16g41s32xpi_texture3d_texture2d_half,1,84032.5,0.00225912,SKIPPED,,1,58,61,2800,3.1,2026-10-05T03:32:12Z
4w,F1,f00,t128x128k16g41s32xpi,llama-3.2-1b,wq_wo,2048,2048,2048,sarc_dev_780m_x_linear_q4gsw_coopmat_t128x128k16g41s32xpi_texture3d_texture2d_half,1,34905.9,0.0108322,SKIPPED,,1,58,61,2800,3.1,2026-10-05T03:32:12Z
4w,F1,f00,t128x128k16g41s32gaxpi,llama-3.1-8b,wq_wo,2048,4096,4096,sarc_dev_780m_x_linear_q4gsw_coopmat_t128x128k16g41s32gaxpi_texture3d_texture2d_half,1,202808,0.00119209,SKIPPED,,1,57,61,2800,3.7,2026-10-05T03:32:15Z
4w,F1,f00,t128x128k16g41s32gaxpi,llama-3.2-3b,wq_wo,2048,3072,3072,sarc_dev_780m_x_linear_q4gsw_coopmat_t128x128k16g41s32gaxpi_texture3d_texture2d_half,1,112371,0.001455,SKIPPED,,1,57,61,2800,3.7,2026-10-05T03:32:15Z
4w,F1,f00,t128x128k16g41s32gaxpi,llama-3.2-1b,wq_wo,2048,2048,2048,sarc_dev_780m_x_linear_q4gsw_coopmat_t128x128k16g41s32gaxpi_texture3d_texture2d_half,1,47300.4,0.0194721,SKIPPED,,1,57,61,2800,3.7,2026-10-05T03:32:15Z
4w,F1,f00,t128x128k16g41s32f32i,llama-3.1-8b,wq_wo,2048,4096,4096,sarc_dev_780m_x_linear_q4gsw_coopmat_t128x128k16g41s32f32i_texture3d_texture2d_half,1,7963.38,0.116148,SKIPPED,,1,56,71,2800,2.0,2026-10-05T03:32:18Z
4w,F1,f00,t128x128k16g41s32f32i,llama-3.2-3b,wq_wo,2048,3072,3072,sarc_dev_780m_x_linear_q4gsw_coopmat_t128x128k16g41s32f32i_texture3d_texture2d_half,1,4398.94,0.127943,SKIPPED,,1,56,71,2800,2.0,2026-10-05T03:32:18Z
4w,F1,f00,t128x128k16g41s32f32i,llama-3.2-1b,wq_wo,2048,2048,2048,sarc_dev_780m_x_linear_q4gsw_coopmat_t128x128k16g41s32f32i_texture3d_texture2d_half,1,1941.06,0.135579,SKIPPED,,1,56,71,2800,2.0,2026-10-05T03:32:18Z
4w,F1,f00,t128x128k16g41s32f32ci,llama-3.1-8b,wq_wo,2048,4096,4096,sarc_dev_780m_x_linear_q4gsw_coopmat_t128x128k16g41s32f32ci_texture3d_texture2d_half,1,7824.9,0.104026,SKIPPED,,1,62,71,2800,2.0,2026-10-05T03:32:19Z
4w,F1,f00,t128x128k16g41s32f32ci,llama-3.2-3b,wq_wo,2048,3072,3072,sarc_dev_780m_x_linear_q4gsw_coopmat_t128x128k16g41s32f32ci_texture3d_texture2d_half,1,4420.46,0.134296,SKIPPED,,1,62,71,2800,2.0,2026-10-05T03:32:19Z
4w,F1,f00,t128x128k16g41s32f32ci,llama-3.2-1b,wq_wo,2048,2048,2048,sarc_dev_780m_x_linear_q4gsw_coopmat_t128x128k16g41s32f32ci_texture3d_texture2d_half,1,1916.68,0.126205,SKIPPED,,1,62,71,2800,2.0,2026-10-05T03:32:19Z
4w,F1,f00,t128x128k16g41s32f32xi,llama-3.1-8b,wq_wo,2048,4096,4096,sarc_dev_780m_x_linear_q4gsw_coopmat_t128x128k16g41s32f32xi_texture3d_texture2d_half,1,10326.3,0.0599905,SKIPPED,,1,61,63,2800,2.0,2026-10-05T03:32:22Z
4w,F1,f00,t128x128k16g41s32f32xi,llama-3.2-3b,wq_wo,2048,3072,3072,sarc_dev_780m_x_linear_q4gsw_coopmat_t128x128k16g41s32f32xi_texture3d_texture2d_half,1,6347.72,0.101786,SKIPPED,,1,61,63,2800,2.0,2026-10-05T03:32:22Z
4w,F1,f00,t128x128k16g41s32f32xi,llama-3.2-1b,wq_wo,2048,2048,2048,sarc_dev_780m_x_linear_q4gsw_coopmat_t128x128k16g41s32f32xi_texture3d_texture2d_half,1,2929.6,0.110495,SKIPPED,,1,61,63,2800,2.0,2026-10-05T03:32:22Z
4w,F1,f00,t128x128k16g41s32f32bi,llama-3.1-8b,wq_wo,2048,4096,4096,sarc_dev_780m_x_linear_q4gsw_coopmat_t128x128k16g41s32f32bi_texture3d_texture2d_half,1,7858.06,0.11051,SKIPPED,,1,57,70,2800,2.0,2026-10-05T03:32:24Z
4w,F1,f00,t128x128k16g41s32f32bi,llama-3.2-3b,wq_wo,2048,3072,3072,sarc_dev_780m_x_linear_q4gsw_coopmat_t128x128k16g41s32f32bi_texture3d_texture2d_half,1,4457.12,0.137081,SKIPPED,,1,57,70,2800,2.0,2026-10-05T03:32:24Z
4w,F1,f00,t128x128k16g41s32f32bi,llama-3.2-1b,wq_wo,2048,2048,2048,sarc_dev_780m_x_linear_q4gsw_coopmat_t128x128k16g41s32f32bi_texture3d_texture2d_half,1,1936.46,0.129062,SKIPPED,,1,57,70,2800,2.0,2026-10-05T03:32:24Z
4w,F1,f00,t128x128k16g41s32f32xp,llama-3.1-8b,wq_wo,2048,4096,4096,sarc_dev_780m_x_linear_q4gsw_coopmat_t128x128k16g41s32f32xp_texture3d_texture2d_half,1,7826.06,0.1086,SKIPPED,,1,62,71,2800,2.0,2026-10-05T03:32:26Z
4w,F1,f00,t128x128k16g41s32f32xp,llama-3.2-3b,wq_wo,2048,3072,3072,sarc_dev_780m_x_linear_q4gsw_coopmat_t128x128k16g41s32f32xp_texture3d_texture2d_half,1,4443.74,0.13383,SKIPPED,,1,62,71,2800,2.0,2026-10-05T03:32:26Z
4w,F1,f00,t128x128k16g41s32f32xp,llama-3.2-1b,wq_wo,2048,2048,2048,sarc_dev_780m_x_linear_q4gsw_coopmat_t128x128k16g41s32f32xp_texture3d_texture2d_half,1,1884.46,0.114546,SKIPPED,,1,62,71,2800,2.0,2026-10-05T03:32:26Z
4w,F1,f00,t128x128k16g41s32f32xpiiw,llama-3.1-8b,wq_wo,2048,4096,4096,sarc_dev_780m_x_linear_q4gsw_coopmat_t128x128k16g41s32f32xpiiw_texture3d_texture2d_half,1,7669.68,0.105693,SKIPPED,,1,61,71,2800,2.0,2026-10-05T03:32:28Z
4w,F1,f00,t128x128k16g41s32f32xpiiw,llama-3.2-3b,wq_wo,2048,3072,3072,sarc_dev_780m_x_linear_q4gsw_coopmat_t128x128k16g41s32f32xpiiw_texture3d_texture2d_half,1,4460.7,0.134898,SKIPPED,,1,61,71,2800,2.0,2026-10-05T03:32:28Z
4w,F1,f00,t128x128k16g41s32f32xpiiw,llama-3.2-1b,wq_wo,2048,2048,2048,sarc_dev_780m_x_linear_q4gsw_coopmat_t128x128k16g41s32f32xpiiw_texture3d_texture2d_half,1,1891.5,0.127081,SKIPPED,,1,61,71,2800,2.0,2026-10-05T03:32:28Z
4w,F1,f00,bx_t128x128k16g41s32f32xpi,llama-3.1-8b,wq_wo,2048,4096,4096,sarc_dev_780m_x_linear_q4gsw_coopmat_bx_t128x128k16g41s32f32xpi_texture3d_texture2d_half,1,8152.74,0.106034,SKIPPED,,1,61,70,2800,2.0,2026-10-05T03:32:30Z
4w,F1,f00,bx_t128x128k16g41s32f32xpi,llama-3.2-3b,wq_wo,2048,3072,3072,sarc_dev_780m_x_linear_q4gsw_coopmat_bx_t128x128k16g41s32f32xpi_texture3d_texture2d_half,1,4937.68,0.133908,SKIPPED,,1,61,70,2800,2.0,2026-10-05T03:32:30Z
4w,F1,f00,bx_t128x128k16g41s32f32xpi,llama-3.2-1b,wq_wo,2048,2048,2048,sarc_dev_780m_x_linear_q4gsw_coopmat_bx_t128x128k16g41s32f32xpi_texture3d_texture2d_half,1,2205.26,0.142352,SKIPPED,,1,61,70,2800,2.0,2026-10-05T03:32:30Z
4w,F1,f00,t32x64k16g12s32f32xpiiw,llama-3.1-8b,wq_wo,2048,4096,4096,sarc_dev_780m_x_linear_q4gsw_coopmat_t32x64k16g12s32f32xpiiw_texture3d_texture2d_half,1,10314.1,0.044911,SKIPPED,,1,61,72,2800,2.0,2026-10-05T03:32:32Z
4w,F1,f00,t32x64k16g12s32f32xpiiw,llama-3.2-3b,wq_wo,2048,3072,3072,sarc_dev_780m_x_linear_q4gsw_coopmat_t32x64k16g12s32f32xpiiw_texture3d_texture2d_half,1,6204.36,0.117978,SKIPPED,,1,61,72,2800,2.0,2026-10-05T03:32:32Z
4w,F1,f00,t32x64k16g12s32f32xpiiw,llama-3.2-1b,wq_wo,2048,2048,2048,sarc_dev_780m_x_linear_q4gsw_coopmat_t32x64k16g12s32f32xpiiw_texture3d_texture2d_half,1,2859.64,0.143331,SKIPPED,,1,61,72,2800,2.0,2026-10-05T03:32:32Z
4w,F1,f00,t64x64k16g12s32f32xpiiw,llama-3.1-8b,wq_wo,2048,4096,4096,sarc_dev_780m_x_linear_q4gsw_coopmat_t64x64k16g12s32f32xpiiw_texture3d_texture2d_half,1,7801.86,0.106392,SKIPPED,,1,62,72,2800,2.0,2026-10-05T03:32:34Z
4w,F1,f00,t64x64k16g12s32f32xpiiw,llama-3.2-3b,wq_wo,2048,3072,3072,sarc_dev_780m_x_linear_q4gsw_coopmat_t64x64k16g12s32f32xpiiw_texture3d_texture2d_half,1,4888.52,0.142034,SKIPPED,,1,62,72,2800,2.0,2026-10-05T03:32:34Z
4w,F1,f00,t64x64k16g12s32f32xpiiw,llama-3.2-1b,wq_wo,2048,2048,2048,sarc_dev_780m_x_linear_q4gsw_coopmat_t64x64k16g12s32f32xpiiw_texture3d_texture2d_half,1,2103.18,0.138683,SKIPPED,,1,62,72,2800,2.0,2026-10-05T03:32:34Z
4w,F1,f00,t256x64k16g12s32f32xpiiw,llama-3.1-8b,wq_wo,2048,4096,4096,sarc_dev_780m_x_linear_q4gsw_coopmat_t256x64k16g12s32f32xpiiw_texture3d_texture2d_half,1,44832.6,0.0152259,SKIPPED,,1,51,63,2800,2.7,2026-10-05T03:32:41Z
4w,F1,f00,t256x64k16g12s32f32xpiiw,llama-3.2-3b,wq_wo,2048,3072,3072,sarc_dev_780m_x_linear_q4gsw_coopmat_t256x64k16g12s32f32xpiiw_texture3d_texture2d_half,1,24795.3,0.0170795,SKIPPED,,1,51,63,2800,2.7,2026-10-05T03:32:41Z
4w,F1,f00,t256x64k16g12s32f32xpiiw,llama-3.2-1b,wq_wo,2048,2048,2048,sarc_dev_780m_x_linear_q4gsw_coopmat_t256x64k16g12s32f32xpiiw_texture3d_texture2d_half,1,9998.76,0.0412092,SKIPPED,,1,51,63,2800,2.7,2026-10-05T03:32:41Z
4w,F1,f00,t128x32k16g12s32f32xpiiw,llama-3.1-8b,wq_wo,2048,4096,4096,sarc_dev_780m_x_linear_q4gsw_coopmat_t128x32k16g12s32f32xpiiw_texture3d_texture2d_half,1,8880.34,0.0917871,SKIPPED,,1,59,69,2800,2.0,2026-10-05T03:32:43Z
4w,F1,f00,t128x32k16g12s32f32xpiiw,llama-3.2-3b,wq_wo,2048,3072,3072,sarc_dev_780m_x_linear_q4gsw_coopmat_t128x32k16g12s32f32xpiiw_texture3d_texture2d_half,1,5253.84,0.114631,SKIPPED,,1,59,69,2800,2.0,2026-10-05T03:32:43Z
4w,F1,f00,t128x32k16g12s32f32xpiiw,llama-3.2-1b,wq_wo,2048,2048,2048,sarc_dev_780m_x_linear_q4gsw_coopmat_t128x32k16g12s32f32xpiiw_texture3d_texture2d_half,1,2507.78,0.133436,SKIPPED,,1,59,69,2800,2.0,2026-10-05T03:32:43Z
4w,F1,f00,t128x128k16g12s32f32xpiiw,llama-3.1-8b,wq_wo,2048,4096,4096,sarc_dev_780m_x_linear_q4gsw_coopmat_t128x128k16g12s32f32xpiiw_texture3d_texture2d_half,1,32235.8,0.00812299,SKIPPED,,1,61,61,2800,2.4,2026-10-05T03:32:46Z
4w,F1,f00,t128x128k16g12s32f32xpiiw,llama-3.2-3b,wq_wo,2048,3072,3072,sarc_dev_780m_x_linear_q4gsw_coopmat_t128x128k16g12s32f32xpiiw_texture3d_texture2d_half,1,17803.5,0.0299681,SKIPPED,,1,61,61,2800,2.4,2026-10-05T03:32:46Z
4w,F1,f00,t128x128k16g12s32f32xpiiw,llama-3.2-1b,wq_wo,2048,2048,2048,sarc_dev_780m_x_linear_q4gsw_coopmat_t128x128k16g12s32f32xpiiw_texture3d_texture2d_half,1,8613.78,0.141958,SKIPPED,,1,61,61,2800,2.4,2026-10-05T03:32:46Z
4w,F1,f00,t128x64k32g12s32f32xpiiw,llama-3.1-8b,wq_wo,2048,4096,4096,sarc_dev_780m_x_linear_q4gsw_coopmat_t128x64k32g12s32f32xpiiw_texture3d_texture2d_half,1,8966.68,0.0944457,SKIPPED,,1,57,64,2800,2.0,2026-10-05T03:32:48Z
4w,F1,f00,t128x64k32g12s32f32xpiiw,llama-3.2-3b,wq_wo,2048,3072,3072,sarc_dev_780m_x_linear_q4gsw_coopmat_t128x64k32g12s32f32xpiiw_texture3d_texture2d_half,1,5918.82,0.139671,SKIPPED,,1,57,64,2800,2.0,2026-10-05T03:32:48Z
4w,F1,f00,t128x64k32g12s32f32xpiiw,llama-3.2-1b,wq_wo,2048,2048,2048,sarc_dev_780m_x_linear_q4gsw_coopmat_t128x64k32g12s32f32xpiiw_texture3d_texture2d_half,1,2617.02,0.149789,SKIPPED,,1,57,64,2800,2.0,2026-10-05T03:32:48Z
4w,F1,f00,t128x64k64g12s32f32xpiiw,llama-3.1-8b,wq_wo,2048,4096,4096,sarc_dev_780m_x_linear_q4gsw_coopmat_t128x64k64g12s32f32xpiiw_texture3d_texture2d_half,1,19395.7,0.00205467,SKIPPED,,1,58,61,2800,2.2,2026-10-05T03:32:50Z
4w,F1,f00,t128x64k64g12s32f32xpiiw,llama-3.2-3b,wq_wo,2048,3072,3072,sarc_dev_780m_x_linear_q4gsw_coopmat_t128x64k64g12s32f32xpiiw_texture3d_texture2d_half,1,11081.2,0.0420246,SKIPPED,,1,58,61,2800,2.2,2026-10-05T03:32:50Z
4w,F1,f00,t128x64k64g12s32f32xpiiw,llama-3.2-1b,wq_wo,2048,2048,2048,sarc_dev_780m_x_linear_q4gsw_coopmat_t128x64k64g12s32f32xpiiw_texture3d_texture2d_half,1,4725.66,0.124729,SKIPPED,,1,58,61,2800,2.2,2026-10-05T03:32:50Z
4w,F1,f00,t128x64k16g22s32f32xpiiw,llama-3.1-8b,wq_wo,2048,4096,4096,sarc_dev_780m_x_linear_q4gsw_coopmat_t128x64k16g22s32f32xpiiw_texture3d_texture2d_half,1,6981.02,0.0918376,SKIPPED,,1,58,70,2800,2.0,2026-10-05T03:32:52Z
4w,F1,f00,t128x64k16g22s32f32xpiiw,llama-3.2-3b,wq_wo,2048,3072,3072,sarc_dev_780m_x_linear_q4gsw_coopmat_t128x64k16g22s32f32xpiiw_texture3d_texture2d_half,1,4001.52,0.125237,SKIPPED,,1,58,70,2800,2.0,2026-10-05T03:32:52Z
4w,F1,f00,t128x64k16g22s32f32xpiiw,llama-3.2-1b,wq_wo,2048,2048,2048,sarc_dev_780m_x_linear_q4gsw_coopmat_t128x64k16g22s32f32xpiiw_texture3d_texture2d_half,1,1895.38,0.1411,SKIPPED,,1,58,70,2800,2.0,2026-10-05T03:32:52Z
4w,F1,f00,t128x64k16g11s32f32xpiiw,llama-3.1-8b,wq_wo,2048,4096,4096,sarc_dev_780m_x_linear_q4gsw_coopmat_t128x64k16g11s32f32xpiiw_texture3d_texture2d_half,1,51678.5,0.00686629,SKIPPED,,1,61,63,2800,2.3,2026-10-05T03:32:54Z
4w,F1,f00,t128x64k16g11s32f32xpiiw,llama-3.2-3b,wq_wo,2048,3072,3072,sarc_dev_780m_x_linear_q4gsw_coopmat_t128x64k16g11s32f32xpiiw_texture3d_texture2d_half,1,27041.1,0.00358432,SKIPPED,,1,61,63,2800,2.3,2026-10-05T03:32:54Z
4w,F1,f00,t128x64k16g11s32f32xpiiw,llama-3.2-1b,wq_wo,2048,2048,2048,sarc_dev_780m_x_linear_q4gsw_coopmat_t128x64k16g11s32f32xpiiw_texture3d_texture2d_half,1,11873.2,0.0446923,SKIPPED,,1,61,63,2800,2.3,2026-10-05T03:32:54Z
4w,F1,f00,t128x64k16g14s32f32xpiiw,llama-3.1-8b,wq_wo,2048,4096,4096,sarc_dev_780m_x_linear_q4gsw_coopmat_t128x64k16g14s32f32xpiiw_texture3d_texture2d_half,1,7001.8,0.0804553,SKIPPED,,1,60,72,2800,2.0,2026-10-05T03:32:56Z
4w,F1,f00,t128x64k16g14s32f32xpiiw,llama-3.2-3b,wq_wo,2048,3072,3072,sarc_dev_780m_x_linear_q4gsw_coopmat_t128x64k16g14s32f32xpiiw_texture3d_texture2d_half,1,4024.96,0.131004,SKIPPED,,1,60,72,2800,2.0,2026-10-05T03:32:56Z
4w,F1,f00,t128x64k16g14s32f32xpiiw,llama-3.2-1b,wq_wo,2048,2048,2048,sarc_dev_780m_x_linear_q4gsw_coopmat_t128x64k16g14s32f32xpiiw_texture3d_texture2d_half,1,1823.86,0.128199,SKIPPED,,1,60,72,2800,2.0,2026-10-05T03:32:56Z
4w,F1,f00,t128x64k16g12s64f32xpiiw,llama-3.1-8b,wq_wo,2048,4096,4096,sarc_dev_780m_x_linear_q4gsw_coopmat_t128x64k16g12s64f32xpiiw_texture3d_texture2d_half,1,8566.22,0.0893256,SKIPPED,,1,61,69,2800,2.0,2026-10-05T03:32:58Z
4w,F1,f00,t128x64k16g12s64f32xpiiw,llama-3.2-3b,wq_wo,2048,3072,3072,sarc_dev_780m_x_linear_q4gsw_coopmat_t128x64k16g12s64f32xpiiw_texture3d_texture2d_half,1,5142.6,0.131424,SKIPPED,,1,61,69,2800,2.0,2026-10-05T03:32:58Z
4w,F1,f00,t128x64k16g12s64f32xpiiw,llama-3.2-1b,wq_wo,2048,2048,2048,sarc_dev_780m_x_linear_q4gsw_coopmat_t128x64k16g12s64f32xpiiw_texture3d_texture2d_half,1,2330.08,0.140096,SKIPPED,,1,61,69,2800,2.0,2026-10-05T03:32:58Z
4w,F1,f00,t128x64k16g12s32xpiiw,llama-3.1-8b,wq_wo,2048,4096,4096,sarc_dev_780m_x_linear_q4gsw_coopmat_t128x64k16g12s32xpiiw_texture3d_texture2d_half,1,164136,0.00513609,SKIPPED,,1,61,61,2800,3.2,2026-10-05T03:33:02Z
4w,F1,f00,t128x64k16g12s32xpiiw,llama-3.2-3b,wq_wo,2048,3072,3072,sarc_dev_780m_x_linear_q4gsw_coopmat_t128x64k16g12s32xpiiw_texture3d_texture2d_half,1,88636.8,0.00826538,SKIPPED,,1,61,61,2800,3.2,2026-10-05T03:33:02Z
4w,F1,f00,t128x64k16g12s32xpiiw,llama-3.2-1b,wq_wo,2048,2048,2048,sarc_dev_780m_x_linear_q4gsw_coopmat_t128x64k16g12s32xpiiw_texture3d_texture2d_half,1,35612.3,0.00407726,SKIPPED,,1,61,61,2800,3.2,2026-10-05T03:33:02Z
4w,F1,f00,t128x64k16g12s32gaxpiiw,llama-3.1-8b,wq_wo,2048,4096,4096,sarc_dev_780m_x_linear_q4gsw_coopmat_t128x64k16g12s32gaxpiiw_texture3d_texture2d_half,1,209219,0.00053637,SKIPPED,,1,57,61,800,91.0,2026-10-05T03:34:33Z
4w,F1,f00,t128x64k16g12s32gaxpiiw,llama-3.2-3b,wq_wo,2048,3072,3072,sarc_dev_780m_x_linear_q4gsw_coopmat_t128x64k16g12s32gaxpiiw_texture3d_texture2d_half,1,115187,0.0014585,SKIPPED,,1,57,61,800,91.0,2026-10-05T03:34:33Z
4w,F1,f00,t128x64k16g12s32gaxpiiw,llama-3.2-1b,wq_wo,2048,2048,2048,sarc_dev_780m_x_linear_q4gsw_coopmat_t128x64k16g12s32gaxpiiw_texture3d_texture2d_half,1,45662.1,0.00512678,SKIPPED,,1,57,61,800,91.0,2026-10-05T03:34:33Z
4w,F1,f00,t128x64k16g12s32f32iiw,llama-3.1-8b,wq_wo,2048,4096,4096,sarc_dev_780m_x_linear_q4gsw_coopmat_t128x64k16g12s32f32iiw_texture3d_texture2d_half,1,8062.68,0.116431,SKIPPED,,1,61,77,2800,2.0,2026-10-05T03:34:35Z
4w,F1,f00,t128x64k16g12s32f32iiw,llama-3.2-3b,wq_wo,2048,3072,3072,sarc_dev_780m_x_linear_q4gsw_coopmat_t128x64k16g12s32f32iiw_texture3d_texture2d_half,1,4935.26,0.135364,SKIPPED,,1,61,77,2800,2.0,2026-10-05T03:34:35Z
4w,F1,f00,t128x64k16g12s32f32iiw,llama-3.2-1b,wq_wo,2048,2048,2048,sarc_dev_780m_x_linear_q4gsw_coopmat_t128x64k16g12s32f32iiw_texture3d_texture2d_half,1,2177.88,0.138304,SKIPPED,,1,61,77,2800,2.0,2026-10-05T03:34:35Z
4w,F1,f00,t128x64k16g12s32f32ciiw,llama-3.1-8b,wq_wo,2048,4096,4096,sarc_dev_780m_x_linear_q4gsw_coopmat_t128x64k16g12s32f32ciiw_texture3d_texture2d_half,1,7720.48,0.12684,SKIPPED,,1,56,74,2800,2.4,2026-10-05T03:34:42Z
4w,F1,f00,t128x64k16g12s32f32ciiw,llama-3.2-3b,wq_wo,2048,3072,3072,sarc_dev_780m_x_linear_q4gsw_coopmat_t128x64k16g12s32f32ciiw_texture3d_texture2d_half,1,4488.58,0.139675,SKIPPED,,1,56,74,2800,2.4,2026-10-05T03:34:42Z
4w,F1,f00,t128x64k16g12s32f32ciiw,llama-3.2-1b,wq_wo,2048,2048,2048,sarc_dev_780m_x_linear_q4gsw_coopmat_t128x64k16g12s32f32ciiw_texture3d_texture2d_half,1,2026.42,0.135842,SKIPPED,,1,56,74,2800,2.4,2026-10-05T03:34:42Z
4w,F1,f00,t128x64k16g12s32f32xiiw,llama-3.1-8b,wq_wo,2048,4096,4096,sarc_dev_780m_x_linear_q4gsw_coopmat_t128x64k16g12s32f32xiiw_texture3d_texture2d_half,1,11471.9,0.0855647,SKIPPED,,1,55,67,2800,2.4,2026-10-05T03:34:50Z
4w,F1,f00,t128x64k16g12s32f32xiiw,llama-3.2-3b,wq_wo,2048,3072,3072,sarc_dev_780m_x_linear_q4gsw_coopmat_t128x64k16g12s32f32xiiw_texture3d_texture2d_half,1,7251.3,0.124029,SKIPPED,,1,55,67,2800,2.4,2026-10-05T03:34:50Z
4w,F1,f00,t128x64k16g12s32f32xiiw,llama-3.2-1b,wq_wo,2048,2048,2048,sarc_dev_780m_x_linear_q4gsw_coopmat_t128x64k16g12s32f32xiiw_texture3d_texture2d_half,1,3280.98,0.142122,SKIPPED,,1,55,67,2800,2.4,2026-10-05T03:34:50Z
4w,F1,f00,t128x64k16g12s32f32biiw,llama-3.1-8b,wq_wo,2048,4096,4096,sarc_dev_780m_x_linear_q4gsw_coopmat_t128x64k16g12s32f32biiw_texture3d_texture2d_half,1,8233.16,0.128486,SKIPPED,,1,57,71,2800,2.0,2026-10-05T03:34:53Z
4w,F1,f00,t128x64k16g12s32f32biiw,llama-3.2-3b,wq_wo,2048,3072,3072,sarc_dev_780m_x_linear_q4gsw_coopmat_t128x64k16g12s32f32biiw_texture3d_texture2d_half,1,5125.52,0.150051,SKIPPED,,1,57,71,2800,2.0,2026-10-05T03:34:53Z
4w,F1,f00,t128x64k16g12s32f32biiw,llama-3.2-1b,wq_wo,2048,2048,2048,sarc_dev_780m_x_linear_q4gsw_coopmat_t128x64k16g12s32f32biiw_texture3d_texture2d_half,1,2193.82,0.142039,SKIPPED,,1,57,71,2800,2.0,2026-10-05T03:34:53Z
4w,F1,f00,t128x64k16g12s32f32xpiw,llama-3.1-8b,wq_wo,2048,4096,4096,sarc_dev_780m_x_linear_q4gsw_coopmat_t128x64k16g12s32f32xpiw_texture3d_texture2d_half,1,7836.98,0.12888,SKIPPED,,1,56,70,2800,2.0,2026-10-05T03:35:14Z
4w,F1,f00,t128x64k16g12s32f32xpiw,llama-3.2-3b,wq_wo,2048,3072,3072,sarc_dev_780m_x_linear_q4gsw_coopmat_t128x64k16g12s32f32xpiw_texture3d_texture2d_half,1,4504.96,0.147548,SKIPPED,,1,56,70,2800,2.0,2026-10-05T03:35:14Z
4w,F1,f00,t128x64k16g12s32f32xpiw,llama-3.2-1b,wq_wo,2048,2048,2048,sarc_dev_780m_x_linear_q4gsw_coopmat_t128x64k16g12s32f32xpiw_texture3d_texture2d_half,1,2065.3,0.143042,SKIPPED,,1,56,70,2800,2.0,2026-10-05T03:35:14Z
4w,F1,f00,t128x64k16g12s32f32xpi,llama-3.1-8b,wq_wo,2048,4096,4096,sarc_dev_780m_x_linear_q4gsw_coopmat_t128x64k16g12s32f32xpi_texture3d_texture2d_half,1,7939.26,0.145123,SKIPPED,,1,55,70,2800,2.0,2026-10-05T03:35:33Z
4w,F1,f00,t128x64k16g12s32f32xpi,llama-3.2-3b,wq_wo,2048,3072,3072,sarc_dev_780m_x_linear_q4gsw_coopmat_t128x64k16g12s32f32xpi_texture3d_texture2d_half,1,4872.64,0.157261,SKIPPED,,1,55,70,2800,2.0,2026-10-05T03:35:33Z
4w,F1,f00,t128x64k16g12s32f32xpi,llama-3.2-1b,wq_wo,2048,2048,2048,sarc_dev_780m_x_linear_q4gsw_coopmat_t128x64k16g12s32f32xpi_texture3d_texture2d_half,1,2043.8,0.147361,SKIPPED,,1,55,70,2800,2.0,2026-10-05T03:35:33Z
4w,F1,f00,bx_t128x64k16g12s32f32xpiiw,llama-3.1-8b,wq_wo,2048,4096,4096,sarc_dev_780m_x_linear_q4gsw_coopmat_bx_t128x64k16g12s32f32xpiiw_texture3d_texture2d_half,1,7774.54,0.133016,SKIPPED,,1,59,69,2800,2.0,2026-10-05T03:35:35Z
4w,F1,f00,bx_t128x64k16g12s32f32xpiiw,llama-3.2-3b,wq_wo,2048,3072,3072,sarc_dev_780m_x_linear_q4gsw_coopmat_bx_t128x64k16g12s32f32xpiiw_texture3d_texture2d_half,1,4448.8,0.146861,SKIPPED,,1,59,69,2800,2.0,2026-10-05T03:35:35Z
4w,F1,f00,bx_t128x64k16g12s32f32xpiiw,llama-3.2-1b,wq_wo,2048,2048,2048,sarc_dev_780m_x_linear_q4gsw_coopmat_bx_t128x64k16g12s32f32xpiiw_texture3d_texture2d_half,1,2016.56,0.14484,SKIPPED,,1,59,69,2800,2.0,2026-10-05T03:35:35Z
4w,F1,f00,bx_t256x64k16g14s32f32cfliw,llama-3.1-8b,wq_wo,2048,4096,4096,sarc_dev_780m_x_linear_q4gsw_coopmat_bx_t256x64k16g14s32f32cfliw_texture3d_texture2d_half,1,8911.74,0.081253,SKIPPED,,1,59,70,2800,2.0,2026-10-05T03:35:37Z
4w,F1,f00,bx_t256x64k16g14s32f32cfliw,llama-3.2-3b,wq_wo,2048,3072,3072,sarc_dev_780m_x_linear_q4gsw_coopmat_bx_t256x64k16g14s32f32cfliw_texture3d_texture2d_half,1,4945.98,0.107911,SKIPPED,,1,59,70,2800,2.0,2026-10-05T03:35:37Z
4w,F1,f00,bx_t256x64k16g14s32f32cfliw,llama-3.2-1b,wq_wo,2048,2048,2048,sarc_dev_780m_x_linear_q4gsw_coopmat_bx_t256x64k16g14s32f32cfliw_texture3d_texture2d_half,1,2094.32,0.113679,SKIPPED,,1,59,70,2800,2.0,2026-10-05T03:35:37Z
4w,F1,f00,bx_t128x64k32g14s32f32cfliw,llama-3.1-8b,wq_wo,2048,4096,4096,sarc_dev_780m_x_linear_q4gsw_coopmat_bx_t128x64k32g14s32f32cfliw_texture3d_texture2d_half,1,8088.64,0.121828,SKIPPED,,1,60,70,2800,2.0,2026-10-05T03:35:39Z
4w,F1,f00,bx_t128x64k32g14s32f32cfliw,llama-3.2-3b,wq_wo,2048,3072,3072,sarc_dev_780m_x_linear_q4gsw_coopmat_bx_t128x64k32g14s32f32cfliw_texture3d_texture2d_half,1,4982.2,0.14655,SKIPPED,,1,60,70,2800,2.0,2026-10-05T03:35:39Z
4w,F1,f00,bx_t128x64k32g14s32f32cfliw,llama-3.2-1b,wq_wo,2048,2048,2048,sarc_dev_780m_x_linear_q4gsw_coopmat_bx_t128x64k32g14s32f32cfliw_texture3d_texture2d_half,1,2174,0.145764,SKIPPED,,1,60,70,2800,2.0,2026-10-05T03:35:39Z
4w,F1,f00,bx_t128x64k64g14s32f32cfliw,llama-3.1-8b,wq_wo,2048,4096,4096,sarc_dev_780m_x_linear_q4gsw_coopmat_bx_t128x64k64g14s32f32cfliw_texture3d_texture2d_half,1,9629.78,0.0746536,SKIPPED,,1,58,66,2800,2.1,2026-10-05T03:35:42Z
4w,F1,f00,bx_t128x64k64g14s32f32cfliw,llama-3.2-3b,wq_wo,2048,3072,3072,sarc_dev_780m_x_linear_q4gsw_coopmat_bx_t128x64k64g14s32f32cfliw_texture3d_texture2d_half,1,6401.56,0.154661,SKIPPED,,1,58,66,2800,2.1,2026-10-05T03:35:42Z
4w,F1,f00,bx_t128x64k64g14s32f32cfliw,llama-3.2-1b,wq_wo,2048,2048,2048,sarc_dev_780m_x_linear_q4gsw_coopmat_bx_t128x64k64g14s32f32cfliw_texture3d_texture2d_half,1,2836.6,0.156113,SKIPPED,,1,58,66,2800,2.1,2026-10-05T03:35:42Z
4w,F1,f00,bx_t128x64k16g11s32f32cfliw,llama-3.1-8b,wq_wo,2048,4096,4096,sarc_dev_780m_x_linear_q4gsw_coopmat_bx_t128x64k16g11s32f32cfliw_texture3d_texture2d_half,1,70147.4,0.00617556,SKIPPED,,1,57,64,2800,2.4,2026-10-05T03:35:45Z
4w,F1,f00,bx_t128x64k16g11s32f32cfliw,llama-3.2-3b,wq_wo,2048,3072,3072,sarc_dev_780m_x_linear_q4gsw_coopmat_bx_t128x64k16g11s32f32cfliw_texture3d_texture2d_half,1,33500.5,0.020394,SKIPPED,,1,57,64,2800,2.4,2026-10-05T03:35:45Z
4w,F1,f00,bx_t128x64k16g11s32f32cfliw,llama-3.2-1b,wq_wo,2048,2048,2048,sarc_dev_780m_x_linear_q4gsw_coopmat_bx_t128x64k16g11s32f32cfliw_texture3d_texture2d_half,1,9640.1,0.0821608,SKIPPED,,1,57,64,2800,2.4,2026-10-05T03:35:45Z
4w,F1,f00,bx_t128x64k16g12s32f32cfliw,llama-3.1-8b,wq_wo,2048,4096,4096,sarc_dev_780m_x_linear_q4gsw_coopmat_bx_t128x64k16g12s32f32cfliw_texture3d_texture2d_half,1,7796.44,0.112475,SKIPPED,,1,57,71,2800,2.0,2026-10-05T03:35:47Z
4w,F1,f00,bx_t128x64k16g12s32f32cfliw,llama-3.2-3b,wq_wo,2048,3072,3072,sarc_dev_780m_x_linear_q4gsw_coopmat_bx_t128x64k16g12s32f32cfliw_texture3d_texture2d_half,1,4349.14,0.142413,SKIPPED,,1,57,71,2800,2.0,2026-10-05T03:35:47Z
4w,F1,f00,bx_t128x64k16g12s32f32cfliw,llama-3.2-1b,wq_wo,2048,2048,2048,sarc_dev_780m_x_linear_q4gsw_coopmat_bx_t128x64k16g12s32f32cfliw_texture3d_texture2d_half,1,1920.32,0.133589,SKIPPED,,1,57,71,2800,2.0,2026-10-05T03:35:47Z
4w,F1,f00,bx_t128x64k16g14s32cfliw,llama-3.1-8b,wq_wo,2048,4096,4096,sarc_dev_780m_x_linear_q4gsw_coopmat_bx_t128x64k16g14s32cfliw_texture3d_texture2d_half,1,10186.8,0.0650073,SKIPPED,,1,57,66,2799,2.1,2026-10-05T03:35:50Z
4w,F1,f00,bx_t128x64k16g14s32cfliw,llama-3.2-3b,wq_wo,2048,3072,3072,sarc_dev_780m_x_linear_q4gsw_coopmat_bx_t128x64k16g14s32cfliw_texture3d_texture2d_half,1,6450.98,0.154235,SKIPPED,,1,57,66,2799,2.1,2026-10-05T03:35:50Z
4w,F1,f00,bx_t128x64k16g14s32cfliw,llama-3.2-1b,wq_wo,2048,2048,2048,sarc_dev_780m_x_linear_q4gsw_coopmat_bx_t128x64k16g14s32cfliw_texture3d_texture2d_half,1,2974.26,0.15136,SKIPPED,,1,57,66,2799,2.1,2026-10-05T03:35:50Z
4w,F1,f00,bx_t128x64k16g14s32gacfliw,llama-3.1-8b,wq_wo,2048,4096,4096,sarc_dev_780m_x_linear_q4gsw_coopmat_bx_t128x64k16g14s32gacfliw_texture3d_texture2d_half,1,9875.82,0.0706229,SKIPPED,,1,59,68,2800,2.0,2026-10-05T03:35:53Z
4w,F1,f00,bx_t128x64k16g14s32gacfliw,llama-3.2-3b,wq_wo,2048,3072,3072,sarc_dev_780m_x_linear_q4gsw_coopmat_bx_t128x64k16g14s32gacfliw_texture3d_texture2d_half,1,6169.64,0.128781,SKIPPED,,1,59,68,2800,2.0,2026-10-05T03:35:53Z
4w,F1,f00,bx_t128x64k16g14s32gacfliw,llama-3.2-1b,wq_wo,2048,2048,2048,sarc_dev_780m_x_linear_q4gsw_coopmat_bx_t128x64k16g14s32gacfliw_texture3d_texture2d_half,1,2879.14,0.149272,SKIPPED,,1,59,68,2800,2.0,2026-10-05T03:35:53Z
4w,F1,f00,bx_t128x64k16g14s32f32bfliw,llama-3.1-8b,wq_wo,2048,4096,4096,sarc_dev_780m_x_linear_q4gsw_coopmat_bx_t128x64k16g14s32f32bfliw_texture3d_texture2d_half,1,7732.64,0.121589,SKIPPED,,1,57,71,2800,2.0,2026-10-05T03:35:55Z
4w,F1,f00,bx_t128x64k16g14s32f32bfliw,llama-3.2-3b,wq_wo,2048,3072,3072,sarc_dev_780m_x_linear_q4gsw_coopmat_bx_t128x64k16g14s32f32bfliw_texture3d_texture2d_half,1,4568.54,0.154265,SKIPPED,,1,57,71,2800,2.0,2026-10-05T03:35:55Z
4w,F1,f00,bx_t128x64k16g14s32f32bfliw,llama-3.2-1b,wq_wo,2048,2048,2048,sarc_dev_780m_x_linear_q4gsw_coopmat_bx_t128x64k16g14s32f32bfliw_texture3d_texture2d_half,1,2030.38,0.142062,SKIPPED,,1,57,71,2800,2.0,2026-10-05T03:35:55Z
4w,F1,f00,bx_t128x64k16g14s32f32ciw,llama-3.1-8b,wq_wo,2048,4096,4096,sarc_dev_780m_x_linear_q4gsw_coopmat_bx_t128x64k16g14s32f32ciw_texture3d_texture2d_half,1,7122.28,0.0973181,SKIPPED,,1,58,72,2800,2.0,2026-10-05T03:35:58Z
4w,F1,f00,bx_t128x64k16g14s32f32ciw,llama-3.2-3b,wq_wo,2048,3072,3072,sarc_dev_780m_x_linear_q4gsw_coopmat_bx_t128x64k16g14s32f32ciw_texture3d_texture2d_half,1,4006.74,0.124697,SKIPPED,,1,58,72,2800,2.0,2026-10-05T03:35:58Z
4w,F1,f00,bx_t128x64k16g14s32f32ciw,llama-3.2-1b,wq_wo,2048,2048,2048,sarc_dev_780m_x_linear_q4gsw_coopmat_bx_t128x64k16g14s32f32ciw_texture3d_texture2d_half,1,1824.86,0.127221,SKIPPED,,1,58,72,2800,2.0,2026-10-05T03:35:58Z
4w,F1,f00,bx_t128x64k16g14s32f32cfliiw,llama-3.1-8b,wq_wo,2048,4096,4096,sarc_dev_780m_x_linear_q4gsw_coopmat_bx_t128x64k16g14s32f32cfliiw_texture3d_texture2d_half,1,7761.24,0.119698,SKIPPED,,1,60,72,2800,2.0,2026-10-05T03:36:01Z
4w,F1,f00,bx_t128x64k16g14s32f32cfliiw,llama-3.2-3b,wq_wo,2048,3072,3072,sarc_dev_780m_x_linear_q4gsw_coopmat_bx_t128x64k16g14s32f32cfliiw_texture3d_texture2d_half,1,4328.32,0.128672,SKIPPED,,1,60,72,2800,2.0,2026-10-05T03:36:01Z
4w,F1,f00,bx_t128x64k16g14s32f32cfliiw,llama-3.2-1b,wq_wo,2048,2048,2048,sarc_dev_780m_x_linear_q4gsw_coopmat_bx_t128x64k16g14s32f32cfliiw_texture3d_texture2d_half,1,1969.22,0.134562,SKIPPED,,1,60,72,2800,2.0,2026-10-05T03:36:01Z
4w,F1,f00,bx_t128x64k16g14s32f32cfl,llama-3.1-8b,wq_wo,2048,4096,4096,sarc_dev_780m_x_linear_q4gsw_coopmat_bx_t128x64k16g14s32f32cfl_texture3d_texture2d_half,1,7835.86,0.12042,SKIPPED,,1,61,73,2800,2.0,2026-10-05T03:36:03Z
4w,F1,f00,bx_t128x64k16g14s32f32cfl,llama-3.2-3b,wq_wo,2048,3072,3072,sarc_dev_780m_x_linear_q4gsw_coopmat_bx_t128x64k16g14s32f32cfl_texture3d_texture2d_half,1,4401.98,0.134546,SKIPPED,,1,61,73,2800,2.0,2026-10-05T03:36:03Z
4w,F1,f00,bx_t128x64k16g14s32f32cfl,llama-3.2-1b,wq_wo,2048,2048,2048,sarc_dev_780m_x_linear_q4gsw_coopmat_bx_t128x64k16g14s32f32cfl_texture3d_texture2d_half,1,1989.36,0.139184,SKIPPED,,1,61,73,2800,2.0,2026-10-05T03:36:03Z
4w,F1,f00,t128x64k16g14s32f32cfliw,llama-3.1-8b,wq_wo,2048,4096,4096,sarc_dev_780m_x_linear_q4gsw_coopmat_t128x64k16g14s32f32cfliw_texture3d_texture2d_half,1,7953.2,0.131021,SKIPPED,,1,57,72,2800,2.0,2026-10-05T03:36:06Z
4w,F1,f00,t128x64k16g14s32f32cfliw,llama-3.2-3b,wq_wo,2048,3072,3072,sarc_dev_780m_x_linear_q4gsw_coopmat_t128x64k16g14s32f32cfliw_texture3d_texture2d_half,1,4618.58,0.154783,SKIPPED,,1,57,72,2800,2.0,2026-10-05T03:36:06Z
4w,F1,f00,t128x64k16g14s32f32cfliw,llama-3.2-1b,wq_wo,2048,2048,2048,sarc_dev_780m_x_linear_q4gsw_coopmat_t128x64k16g14s32f32cfliw_texture3d_texture2d_half,1,2021.68,0.144447,SKIPPED,,1,57,72,2800,2.0,2026-10-05T03:36:06Z
4w,F1,f00,t64x128k32g24s32f32fl,llama-3.1-8b,wq_wo,2048,4096,4096,sarc_dev_780m_x_linear_q4gsw_coopmat_t64x128k32g24s32f32fl_texture3d_texture2d_half,1,12080.8,0.0686221,SKIPPED,,1,56,68,2800,2.0,2026-10-05T03:36:09Z
4w,F1,f00,t64x128k32g24s32f32fl,llama-3.2-3b,wq_wo,2048,3072,3072,sarc_dev_780m_x_linear_q4gsw_coopmat_t64x128k32g24s32f32fl_texture3d_texture2d_half,1,7458.54,0.121347,SKIPPED,,1,56,68,2800,2.0,2026-10-05T03:36:09Z
4w,F1,f00,t64x128k32g24s32f32fl,llama-3.2-1b,wq_wo,2048,2048,2048,sarc_dev_780m_x_linear_q4gsw_coopmat_t64x128k32g24s32f32fl_texture3d_texture2d_half,1,3514.28,0.146166,SKIPPED,,1,56,68,2800,2.0,2026-10-05T03:36:09Z
4w,F1,f00,t128x128k32g24s32f32fl,llama-3.1-8b,wq_wo,2048,4096,4096,sarc_dev_780m_x_linear_q4gsw_coopmat_t128x128k32g24s32f32fl_texture3d_texture2d_half,1,8519.06,0.0996055,SKIPPED,,1,62,68,2800,2.0,2026-10-05T03:36:12Z
4w,F1,f00,t128x128k32g24s32f32fl,llama-3.2-3b,wq_wo,2048,3072,3072,sarc_dev_780m_x_linear_q4gsw_coopmat_t128x128k32g24s32f32fl_texture3d_texture2d_half,1,5237.24,0.139145,SKIPPED,,1,62,68,2800,2.0,2026-10-05T03:36:12Z
4w,F1,f00,t128x128k32g24s32f32fl,llama-3.2-1b,wq_wo,2048,2048,2048,sarc_dev_780m_x_linear_q4gsw_coopmat_t128x128k32g24s32f32fl_texture3d_texture2d_half,1,2400.78,0.142706,SKIPPED,,1,62,68,2800,2.0,2026-10-05T03:36:12Z
4w,F1,f00,t256x64k32g24s32f32fl,llama-3.1-8b,wq_wo,2048,4096,4096,sarc_dev_780m_x_linear_q4gsw_coopmat_t256x64k32g24s32f32fl_texture3d_texture2d_half,1,10002.6,0.0521021,SKIPPED,,1,52,66,2800,2.5,2026-10-05T03:36:21Z
4w,F1,f00,t256x64k32g24s32f32fl,llama-3.2-3b,wq_wo,2048,3072,3072,sarc_dev_780m_x_linear_q4gsw_coopmat_t256x64k32g24s32f32fl_texture3d_texture2d_half,1,6007.3,0.0730545,SKIPPED,,1,52,66,2800,2.5,2026-10-05T03:36:21Z
4w,F1,f00,t256x64k32g24s32f32fl,llama-3.2-1b,wq_wo,2048,2048,2048,sarc_dev_780m_x_linear_q4gsw_coopmat_t256x64k32g24s32f32fl_texture3d_texture2d_half,1,2567.56,0.134641,SKIPPED,,1,52,66,2800,2.5,2026-10-05T03:36:21Z
4w,F1,f00,t256x128k16g24s32f32fl,llama-3.1-8b,wq_wo,2048,4096,4096,sarc_dev_780m_x_linear_q4gsw_coopmat_t256x128k16g24s32f32fl_texture3d_texture2d_half,1,9182.06,0.0851103,SKIPPED,,1,61,67,2800,2.1,2026-10-05T03:36:24Z
4w,F1,f00,t256x128k16g24s32f32fl,llama-3.2-3b,wq_wo,2048,3072,3072,sarc_dev_780m_x_linear_q4gsw_coopmat_t256x128k16g24s32f32fl_texture3d_texture2d_half,1,5336.74,0.105185,SKIPPED,,1,61,67,2800,2.1,2026-10-05T03:36:24Z
4w,F1,f00,t256x128k16g24s32f32fl,llama-3.2-1b,wq_wo,2048,2048,2048,sarc_dev_780m_x_linear_q4gsw_coopmat_t256x128k16g24s32f32fl_texture3d_texture2d_half,1,2359.56,0.113173,SKIPPED,,1,61,67,2800,2.1,2026-10-05T03:36:24Z
4w,F1,f00,t256x128k32g14s32f32fl,llama-3.1-8b,wq_wo,2048,4096,4096,sarc_dev_780m_x_linear_q4gsw_coopmat_t256x128k32g14s32f32fl_texture3d_texture2d_half,1,24052.4,0.00282013,SKIPPED,,1,52,62,2800,2.6,2026-10-05T03:36:33Z
4w,F1,f00,t256x128k32g14s32f32fl,llama-3.2-3b,wq_wo,2048,3072,3072,sarc_dev_780m_x_linear_q4gsw_coopmat_t256x128k32g14s32f32fl_texture3d_texture2d_half,1,13291.7,0.0410957,SKIPPED,,1,52,62,2800,2.6,2026-10-05T03:36:33Z
4w,F1,f00,t256x128k32g14s32f32fl,llama-3.2-1b,wq_wo,2048,2048,2048,sarc_dev_780m_x_linear_q4gsw_coopmat_t256x128k32g14s32f32fl_texture3d_texture2d_half,1,6584.76,0.105394,SKIPPED,,1,52,62,2800,2.6,2026-10-05T03:36:33Z
4w,F1,f00,t256x128k32g44s32f32fl,llama-3.1-8b,wq_wo,2048,4096,4096,sarc_dev_780m_x_linear_q4gsw_coopmat_t256x128k32g44s32f32fl_texture3d_texture2d_half,1,10798.7,0.0506046,SKIPPED,,1,62,63,2800,2.2,2026-10-05T03:36:36Z
4w,F1,f00,t256x128k32g44s32f32fl,llama-3.2-3b,wq_wo,2048,3072,3072,sarc_dev_780m_x_linear_q4gsw_coopmat_t256x128k32g44s32f32fl_texture3d_texture2d_half,1,6560.34,0.0937248,SKIPPED,,1,62,63,2800,2.2,2026-10-05T03:36:36Z
4w,F1,f00,t256x128k32g44s32f32fl,llama-3.2-1b,wq_wo,2048,2048,2048,sarc_dev_780m_x_linear_q4gsw_coopmat_t256x128k32g44s32f32fl_texture3d_texture2d_half,1,3099.32,0.115692,SKIPPED,,1,62,63,2800,2.2,2026-10-05T03:36:36Z
4w,F1,f00,t256x128k32g21s32f32fl,llama-3.1-8b,wq_wo,2048,4096,4096,sarc_dev_780m_x_linear_q4gsw_coopmat_t256x128k32g21s32f32fl_texture3d_texture2d_half,1,185780,0.0194524,SKIPPED,,1,52,58,2800,4.1,2026-10-05T03:36:47Z
4w,F1,f00,t256x128k32g21s32f32fl,llama-3.2-3b,wq_wo,2048,3072,3072,sarc_dev_780m_x_linear_q4gsw_coopmat_t256x128k32g21s32f32fl_texture3d_texture2d_half,1,119416,7.87034e-05,SKIPPED,,1,52,58,2800,4.1,2026-10-05T03:36:47Z
4w,F1,f00,t256x128k32g21s32f32fl,llama-3.2-1b,wq_wo,2048,2048,2048,sarc_dev_780m_x_linear_q4gsw_coopmat_t256x128k32g21s32f32fl_texture3d_texture2d_half,1,45841.6,0.0198867,SKIPPED,,1,52,58,2800,4.1,2026-10-05T03:36:47Z
4w,F1,f00,t256x128k32g22s32f32fl,llama-3.1-8b,wq_wo,2048,4096,4096,sarc_dev_780m_x_linear_q4gsw_coopmat_t256x128k32g22s32f32fl_texture3d_texture2d_half,1,27951.1,0.0086807,SKIPPED,,1,62,63,2800,2.3,2026-10-05T03:36:51Z
4w,F1,f00,t256x128k32g22s32f32fl,llama-3.2-3b,wq_wo,2048,3072,3072,sarc_dev_780m_x_linear_q4gsw_coopmat_t256x128k32g22s32f32fl_texture3d_texture2d_half,1,15208.1,0.0271012,SKIPPED,,1,62,63,2800,2.3,2026-10-05T03:36:51Z
4w,F1,f00,t256x128k32g22s32f32fl,llama-3.2-1b,wq_wo,2048,2048,2048,sarc_dev_780m_x_linear_q4gsw_coopmat_t256x128k32g22s32f32fl_texture3d_texture2d_half,1,7647.2,0.0996142,SKIPPED,,1,62,63,2800,2.3,2026-10-05T03:36:51Z
4w,F1,f00,t256x128k32g24s64f32fl,llama-3.1-8b,wq_wo,2048,4096,4096,sarc_dev_780m_x_linear_q4gsw_coopmat_t256x128k32g24s64f32fl_texture3d_texture2d_half,1,12021,0.0685011,SKIPPED,,1,61,64,2800,2.1,2026-10-05T03:36:54Z
4w,F1,f00,t256x128k32g24s64f32fl,llama-3.2-3b,wq_wo,2048,3072,3072,sarc_dev_780m_x_linear_q4gsw_coopmat_t256x128k32g24s64f32fl_texture3d_texture2d_half,1,7553.82,0.113468,SKIPPED,,1,61,64,2800,2.1,2026-10-05T03:36:54Z
4w,F1,f00,t256x128k32g24s64f32fl,llama-3.2-1b,wq_wo,2048,2048,2048,sarc_dev_780m_x_linear_q4gsw_coopmat_t256x128k32g24s64f32fl_texture3d_texture2d_half,1,3564.26,0.135617,SKIPPED,,1,61,64,2800,2.1,2026-10-05T03:36:54Z
4w,F1,f00,t256x128k32g24s32fl,llama-3.1-8b,wq_wo,2048,4096,4096,sarc_dev_780m_x_linear_q4gsw_coopmat_t256x128k32g24s32fl_texture3d_texture2d_half,1,94340.8,0.000616283,SKIPPED,,1,52,61,2800,3.1,2026-10-05T03:37:03Z
4w,F1,f00,t256x128k32g24s32fl,llama-3.2-3b,wq_wo,2048,3072,3072,sarc_dev_780m_x_linear_q4gsw_coopmat_t256x128k32g24s32fl_texture3d_texture2d_half,1,53199.4,0.00538504,SKIPPED,,1,52,61,2800,3.1,2026-10-05T03:37:03Z
4w,F1,f00,t256x128k32g24s32fl,llama-3.2-1b,wq_wo,2048,2048,2048,sarc_dev_780m_x_linear_q4gsw_coopmat_t256x128k32g24s32fl_texture3d_texture2d_half,1,22701.9,0.0104634,SKIPPED,,1,52,61,2800,3.1,2026-10-05T03:37:03Z
4w,F1,f00,t256x128k32g24s32gafl,llama-3.1-8b,wq_wo,2048,4096,4096,sarc_dev_780m_x_linear_q4gsw_coopmat_t256x128k32g24s32gafl_texture3d_texture2d_half,1,109634,0.00618912,SKIPPED,,1,62,62,2800,2.8,2026-10-05T03:37:07Z
4w,F1,f00,t256x128k32g24s32gafl,llama-3.2-3b,wq_wo,2048,3072,3072,sarc_dev_780m_x_linear_q4gsw_coopmat_t256x128k32g24s32gafl_texture3d_texture2d_half,1,61106.5,0.0037528,SKIPPED,,1,62,62,2800,2.8,2026-10-05T03:37:07Z
4w,F1,f00,t256x128k32g24s32gafl,llama-3.2-1b,wq_wo,2048,2048,2048,sarc_dev_780m_x_linear_q4gsw_coopmat_t256x128k32g24s32gafl_texture3d_texture2d_half,1,25430.4,0.0169516,SKIPPED,,1,62,62,2800,2.8,2026-10-05T03:37:07Z
4w,F1,f00,t256x128k32g24s32f32cfl,llama-3.1-8b,wq_wo,2048,4096,4096,sarc_dev_780m_x_linear_q4gsw_coopmat_t256x128k32g24s32f32cfl_texture3d_texture2d_half,1,7686.1,0.112532,SKIPPED,,1,62,69,2800,2.1,2026-10-05T03:37:11Z
4w,F1,f00,t256x128k32g24s32f32cfl,llama-3.2-3b,wq_wo,2048,3072,3072,sarc_dev_780m_x_linear_q4gsw_coopmat_t256x128k32g24s32f32cfl_texture3d_texture2d_half,1,4683.3,0.144535,SKIPPED,,1,62,69,2800,2.1,2026-10-05T03:37:11Z
4w,F1,f00,t256x128k32g24s32f32cfl,llama-3.2-1b,wq_wo,2048,2048,2048,sarc_dev_780m_x_linear_q4gsw_coopmat_t256x128k32g24s32f32cfl_texture3d_texture2d_half,1,2034.54,0.138666,SKIPPED,,1,62,69,2800,2.1,2026-10-05T03:37:11Z
4w,F1,f00,t256x128k32g24s32f32bfl,llama-3.1-8b,wq_wo,2048,4096,4096,sarc_dev_780m_x_linear_q4gsw_coopmat_t256x128k32g24s32f32bfl_texture3d_texture2d_half,1,7819.78,0.113372,SKIPPED,,1,61,68,2800,2.0,2026-10-05T03:37:13Z
4w,F1,f00,t256x128k32g24s32f32bfl,llama-3.2-3b,wq_wo,2048,3072,3072,sarc_dev_780m_x_linear_q4gsw_coopmat_t256x128k32g24s32f32bfl_texture3d_texture2d_half,1,4631.24,0.143044,SKIPPED,,1,61,68,2800,2.0,2026-10-05T03:37:13Z
4w,F1,f00,t256x128k32g24s32f32bfl,llama-3.2-1b,wq_wo,2048,2048,2048,sarc_dev_780m_x_linear_q4gsw_coopmat_t256x128k32g24s32f32bfl_texture3d_texture2d_half,1,1996.16,0.134393,SKIPPED,,1,61,68,2800,2.0,2026-10-05T03:37:13Z
4w,F1,f00,t256x128k32g24s32f32fli,llama-3.1-8b,wq_wo,2048,4096,4096,sarc_dev_780m_x_linear_q4gsw_coopmat_t256x128k32g24s32f32fli_texture3d_texture2d_half,1,7619.48,0.115284,SKIPPED,,1,61,67,2800,2.0,2026-10-05T03:37:15Z
4w,F1,f00,t256x128k32g24s32f32fli,llama-3.2-3b,wq_wo,2048,3072,3072,sarc_dev_780m_x_linear_q4gsw_coopmat_t256x128k32g24s32f32fli_texture3d_texture2d_half,1,4609.46,0.130429,SKIPPED,,1,61,67,2800,2.0,2026-10-05T03:37:15Z
4w,F1,f00,t256x128k32g24s32f32fli,llama-3.2-1b,wq_wo,2048,2048,2048,sarc_dev_780m_x_linear_q4gsw_coopmat_t256x128k32g24s32f32fli_texture3d_texture2d_half,1,2053.86,0.145804,SKIPPED,,1,61,67,2800,2.0,2026-10-05T03:37:15Z
4w,F1,f00,t256x128k32g24s32f32fliw,llama-3.1-8b,wq_wo,2048,4096,4096,sarc_dev_780m_x_linear_q4gsw_coopmat_t256x128k32g24s32f32fliw_texture3d_texture2d_half,1,7680.14,0.11684,SKIPPED,,1,61,66,2800,2.0,2026-10-05T03:37:17Z
4w,F1,f00,t256x128k32g24s32f32fliw,llama-3.2-3b,wq_wo,2048,3072,3072,sarc_dev_780m_x_linear_q4gsw_coopmat_t256x128k32g24s32f32fliw_texture3d_texture2d_half,1,4677.24,0.152018,SKIPPED,,1,61,66,2800,2.0,2026-10-05T03:37:17Z
4w,F1,f00,t256x128k32g24s32f32fliw,llama-3.2-1b,wq_wo,2048,2048,2048,sarc_dev_780m_x_linear_q4gsw_coopmat_t256x128k32g24s32f32fliw_texture3d_texture2d_half,1,2024.9,0.141787,SKIPPED,,1,61,66,2800,2.0,2026-10-05T03:37:17Z
4w,F1,f00,bx_t256x128k32g24s32f32fl,llama-3.1-8b,wq_wo,2048,4096,4096,sarc_dev_780m_x_linear_q4gsw_coopmat_bx_t256x128k32g24s32f32fl_texture3d_texture2d_half,1,7934.84,0.137614,SKIPPED,,1,59,70,2800,2.0,2026-10-05T03:37:19Z
4w,F1,f00,bx_t256x128k32g24s32f32fl,llama-3.2-3b,wq_wo,2048,3072,3072,sarc_dev_780m_x_linear_q4gsw_coopmat_bx_t256x128k32g24s32f32fl_texture3d_texture2d_half,1,4468.48,0.125956,SKIPPED,,1,59,70,2800,2.0,2026-10-05T03:37:19Z
4w,F1,f00,bx_t256x128k32g24s32f32fl,llama-3.2-1b,wq_wo,2048,2048,2048,sarc_dev_780m_x_linear_q4gsw_coopmat_bx_t256x128k32g24s32f32fl_texture3d_texture2d_half,1,1901.04,0.125901,SKIPPED,,1,59,70,2800,2.0,2026-10-05T03:37:19Z
4w,F1,f00,t64x128k16g22s32f32biwh,llama-3.1-8b,wq_wo,2048,4096,4096,sarc_dev_780m_x_linear_q4gsw_coopmat_t64x128k16g22s32f32biwh_texture3d_texture2d_half,1,8224.02,0.100673,SKIPPED,,1,61,70,2800,2.0,2026-10-05T03:37:21Z
4w,F1,f00,t64x128k16g22s32f32biwh,llama-3.2-3b,wq_wo,2048,3072,3072,sarc_dev_780m_x_linear_q4gsw_coopmat_t64x128k16g22s32f32biwh_texture3d_texture2d_half,1,4992.26,0.133215,SKIPPED,,1,61,70,2800,2.0,2026-10-05T03:37:21Z
4w,F1,f00,t64x128k16g22s32f32biwh,llama-3.2-1b,wq_wo,2048,2048,2048,sarc_dev_780m_x_linear_q4gsw_coopmat_t64x128k16g22s32f32biwh_texture3d_texture2d_half,1,2283.46,0.142445,SKIPPED,,1,61,70,2800,2.0,2026-10-05T03:37:21Z
4w,F1,f00,t256x128k16g22s32f32biwh,llama-3.1-8b,wq_wo,2048,4096,4096,sarc_dev_780m_x_linear_q4gsw_coopmat_t256x128k16g22s32f32biwh_texture3d_texture2d_half,1,28059.2,0.00237333,SKIPPED,,1,61,66,2800,2.2,2026-10-05T03:37:23Z
4w,F1,f00,t256x128k16g22s32f32biwh,llama-3.2-3b,wq_wo,2048,3072,3072,sarc_dev_780m_x_linear_q4gsw_coopmat_t256x128k16g22s32f32biwh_texture3d_texture2d_half,1,15763.1,0.0131119,SKIPPED,,1,61,66,2800,2.2,2026-10-05T03:37:23Z
4w,F1,f00,t256x128k16g22s32f32biwh,llama-3.2-1b,wq_wo,2048,2048,2048,sarc_dev_780m_x_linear_q4gsw_coopmat_t256x128k16g22s32f32biwh_texture3d_texture2d_half,1,7357.46,0.0829568,SKIPPED,,1,61,66,2800,2.2,2026-10-05T03:37:23Z
4w,F1,f00,t128x64k16g22s32f32biwh,llama-3.1-8b,wq_wo,2048,4096,4096,sarc_dev_780m_x_linear_q4gsw_coopmat_t128x64k16g22s32f32biwh_texture3d_texture2d_half,1,7993.96,0.11231,SKIPPED,,1,60,69,2800,2.0,2026-10-05T03:37:25Z
4w,F1,f00,t128x64k16g22s32f32biwh,llama-3.2-3b,wq_wo,2048,3072,3072,sarc_dev_780m_x_linear_q4gsw_coopmat_t128x64k16g22s32f32biwh_texture3d_texture2d_half,1,4513.46,0.13052,SKIPPED,,1,60,69,2800,2.0,2026-10-05T03:37:25Z
4w,F1,f00,t128x64k16g22s32f32biwh,llama-3.2-1b,wq_wo,2048,2048,2048,sarc_dev_780m_x_linear_q4gsw_coopmat_t128x64k16g22s32f32biwh_texture3d_texture2d_half,1,2033.44,0.132173,SKIPPED,,1,60,69,2800,2.0,2026-10-05T03:37:25Z
4w,F1,f00,t128x256k16g22s32f32biwh,llama-3.1-8b,wq_wo,2048,4096,4096,sarc_dev_780m_x_linear_q4gsw_coopmat_t128x256k16g22s32f32biwh_texture3d_texture2d_half,1,22599.9,0.00340564,SKIPPED,,1,61,64,2800,2.2,2026-10-05T03:37:27Z
4w,F1,f00,t128x256k16g22s32f32biwh,llama-3.2-3b,wq_wo,2048,3072,3072,sarc_dev_780m_x_linear_q4gsw_coopmat_t128x256k16g22s32f32biwh_texture3d_texture2d_half,1,12568.6,0.0435757,SKIPPED,,1,61,64,2800,2.2,2026-10-05T03:37:27Z
4w,F1,f00,t128x256k16g22s32f32biwh,llama-3.2-1b,wq_wo,2048,2048,2048,sarc_dev_780m_x_linear_q4gsw_coopmat_t128x256k16g22s32f32biwh_texture3d_texture2d_half,1,6453.62,0.113244,SKIPPED,,1,61,64,2800,2.2,2026-10-05T03:37:27Z
4w,F1,f00,t128x128k32g22s32f32biwh,llama-3.1-8b,wq_wo,2048,4096,4096,sarc_dev_780m_x_linear_q4gsw_coopmat_t128x128k32g22s32f32biwh_texture3d_texture2d_half,1,7710.36,0.129354,SKIPPED,,1,59,69,2800,2.0,2026-10-05T03:37:29Z
4w,F1,f00,t128x128k32g22s32f32biwh,llama-3.2-3b,wq_wo,2048,3072,3072,sarc_dev_780m_x_linear_q4gsw_coopmat_t128x128k32g22s32f32biwh_texture3d_texture2d_half,1,4433.66,0.139061,SKIPPED,,1,59,69,2800,2.0,2026-10-05T03:37:29Z
4w,F1,f00,t128x128k32g22s32f32biwh,llama-3.2-1b,wq_wo,2048,2048,2048,sarc_dev_780m_x_linear_q4gsw_coopmat_t128x128k32g22s32f32biwh_texture3d_texture2d_half,1,2009.52,0.140896,SKIPPED,,1,59,69,2800,2.0,2026-10-05T03:37:29Z
4w,F1,f00,t128x128k16g12s32f32biwh,llama-3.1-8b,wq_wo,2048,4096,4096,sarc_dev_780m_x_linear_q4gsw_coopmat_t128x128k16g12s32f32biwh_texture3d_texture2d_half,1,30478,0.00731176,SKIPPED,,1,60,64,2800,2.2,2026-10-05T03:37:32Z
4w,F1,f00,t128x128k16g12s32f32biwh,llama-3.2-3b,wq_wo,2048,3072,3072,sarc_dev_780m_x_linear_q4gsw_coopmat_t128x128k16g12s32f32biwh_texture3d_texture2d_half,1,16475.7,0.00832024,SKIPPED,,1,60,64,2800,2.2,2026-10-05T03:37:32Z
4w,F1,f00,t128x128k16g12s32f32biwh,llama-3.2-1b,wq_wo,2048,2048,2048,sarc_dev_780m_x_linear_q4gsw_coopmat_t128x128k16g12s32f32biwh_texture3d_texture2d_half,1,7837.14,0.115409,SKIPPED,,1,60,64,2800,2.2,2026-10-05T03:37:32Z
4w,F1,f00,t128x128k16g42s32f32biwh,llama-3.1-8b,wq_wo,2048,4096,4096,sarc_dev_780m_x_linear_q4gsw_coopmat_t128x128k16g42s32f32biwh_texture3d_texture2d_half,1,8960.96,0.0850376,SKIPPED,,1,59,69,2800,2.0,2026-10-05T03:37:34Z
4w,F1,f00,t128x128k16g42s32f32biwh,llama-3.2-3b,wq_wo,2048,3072,3072,sarc_dev_780m_x_linear_q4gsw_coopmat_t128x128k16g42s32f32biwh_texture3d_texture2d_half,1,5261.28,0.118413,SKIPPED,,1,59,69,2800,2.0,2026-10-05T03:37:34Z
4w,F1,f00,t128x128k16g42s32f32biwh,llama-3.2-1b,wq_wo,2048,2048,2048,sarc_dev_780m_x_linear_q4gsw_coopmat_t128x128k16g42s32f32biwh_texture3d_texture2d_half,1,2458.04,0.142255,SKIPPED,,1,59,69,2800,2.0,2026-10-05T03:37:34Z
4w,F1,f00,t128x128k16g21s32f32biwh,llama-3.1-8b,wq_wo,2048,4096,4096,sarc_dev_780m_x_linear_q4gsw_coopmat_t128x128k16g21s32f32biwh_texture3d_texture2d_half,1,39159.1,0.00878243,SKIPPED,,1,59,64,2800,2.4,2026-10-05T03:37:36Z
4w,F1,f00,t128x128k16g21s32f32biwh,llama-3.2-3b,wq_wo,2048,3072,3072,sarc_dev_780m_x_linear_q4gsw_coopmat_t128x128k16g21s32f32biwh_texture3d_texture2d_half,1,20081.3,0.00921619,SKIPPED,,1,59,64,2800,2.4,2026-10-05T03:37:36Z
4w,F1,f00,t128x128k16g21s32f32biwh,llama-3.2-1b,wq_wo,2048,2048,2048,sarc_dev_780m_x_linear_q4gsw_coopmat_t128x128k16g21s32f32biwh_texture3d_texture2d_half,1,8537.76,0.0888281,SKIPPED,,1,59,64,2800,2.4,2026-10-05T03:37:36Z
4w,F1,f00,t128x128k16g24s32f32biwh,llama-3.1-8b,wq_wo,2048,4096,4096,sarc_dev_780m_x_linear_q4gsw_coopmat_t128x128k16g24s32f32biwh_texture3d_texture2d_half,1,7855.94,0.120245,SKIPPED,,1,60,71,2800,2.0,2026-10-05T03:37:38Z
4w,F1,f00,t128x128k16g24s32f32biwh,llama-3.2-3b,wq_wo,2048,3072,3072,sarc_dev_780m_x_linear_q4gsw_coopmat_t128x128k16g24s32f32biwh_texture3d_texture2d_half,1,4437.18,0.142093,SKIPPED,,1,60,71,2800,2.0,2026-10-05T03:37:38Z
4w,F1,f00,t128x128k16g24s32f32biwh,llama-3.2-1b,wq_wo,2048,2048,2048,sarc_dev_780m_x_linear_q4gsw_coopmat_t128x128k16g24s32f32biwh_texture3d_texture2d_half,1,1982.98,0.136854,SKIPPED,,1,60,71,2800,2.0,2026-10-05T03:37:38Z
4w,F1,f00,t128x128k16g22s64f32biwh,llama-3.1-8b,wq_wo,2048,4096,4096,sarc_dev_780m_x_linear_q4gsw_coopmat_t128x128k16g22s64f32biwh_texture3d_texture2d_half,1,9077.26,0.0785706,SKIPPED,,1,61,68,2800,2.0,2026-10-05T03:37:40Z
4w,F1,f00,t128x128k16g22s64f32biwh,llama-3.2-3b,wq_wo,2048,3072,3072,sarc_dev_780m_x_linear_q4gsw_coopmat_t128x128k16g22s64f32biwh_texture3d_texture2d_half,1,5528.1,0.135297,SKIPPED,,1,61,68,2800,2.0,2026-10-05T03:37:40Z
4w,F1,f00,t128x128k16g22s64f32biwh,llama-3.2-1b,wq_wo,2048,2048,2048,sarc_dev_780m_x_linear_q4gsw_coopmat_t128x128k16g22s64f32biwh_texture3d_texture2d_half,1,2511.26,0.142522,SKIPPED,,1,61,68,2800,2.0,2026-10-05T03:37:40Z
4w,F1,f00,t128x128k16g22s32biwh,llama-3.1-8b,wq_wo,2048,4096,4096,sarc_dev_780m_x_linear_q4gsw_coopmat_t128x128k16g22s32biwh_texture3d_texture2d_half,1,179988,0.00746026,SKIPPED,,1,54,61,2800,3.2,2026-10-05T03:37:53Z
4w,F1,f00,t128x128k16g22s32biwh,llama-3.2-3b,wq_wo,2048,3072,3072,sarc_dev_780m_x_linear_q4gsw_coopmat_t128x128k16g22s32biwh_texture3d_texture2d_half,1,98041.4,0.012919,SKIPPED,,1,54,61,2800,3.2,2026-10-05T03:37:53Z
4w,F1,f00,t128x128k16g22s32biwh,llama-3.2-1b,wq_wo,2048,2048,2048,sarc_dev_780m_x_linear_q4gsw_coopmat_t128x128k16g22s32biwh_texture3d_texture2d_half,1,41058.3,0.00654054,SKIPPED,,1,54,61,2800,3.2,2026-10-05T03:37:53Z
4w,F1,f00,t128x128k16g22s32gabiwh,llama-3.1-8b,wq_wo,2048,4096,4096,sarc_dev_780m_x_linear_q4gsw_coopmat_t128x128k16g22s32gabiwh_texture3d_texture2d_half,1,220500,0.00979026,SKIPPED,,1,53,60,2800,3.7,2026-10-05T03:38:07Z
4w,F1,f00,t128x128k16g22s32gabiwh,llama-3.2-3b,wq_wo,2048,3072,3072,sarc_dev_780m_x_linear_q4gsw_coopmat_t128x128k16g22s32gabiwh_texture3d_texture2d_half,1,122113,0.00314006,SKIPPED,,1,53,60,2800,3.7,2026-10-05T03:38:07Z
4w,F1,f00,t128x128k16g22s32gabiwh,llama-3.2-1b,wq_wo,2048,2048,2048,sarc_dev_780m_x_linear_q4gsw_coopmat_t128x128k16g22s32gabiwh_texture3d_texture2d_half,1,52077.9,0.017364,SKIPPED,,1,53,60,2800,3.7,2026-10-05T03:38:07Z
4w,F1,f00,t128x128k16g22s32f32iwh,llama-3.1-8b,wq_wo,2048,4096,4096,sarc_dev_780m_x_linear_q4gsw_coopmat_t128x128k16g22s32f32iwh_texture3d_texture2d_half,1,7850.36,0.113288,SKIPPED,,1,54,69,2800,2.0,2026-10-05T03:38:18Z
4w,F1,f00,t128x128k16g22s32f32iwh,llama-3.2-3b,wq_wo,2048,3072,3072,sarc_dev_780m_x_linear_q4gsw_coopmat_t128x128k16g22s32f32iwh_texture3d_texture2d_half,1,4516.54,0.135622,SKIPPED,,1,54,69,2800,2.0,2026-10-05T03:38:18Z
4w,F1,f00,t128x128k16g22s32f32iwh,llama-3.2-1b,wq_wo,2048,2048,2048,sarc_dev_780m_x_linear_q4gsw_coopmat_t128x128k16g22s32f32iwh_texture3d_texture2d_half,1,1954.14,0.132222,SKIPPED,,1,54,69,2800,2.0,2026-10-05T03:38:18Z
4w,F1,f00,t128x128k16g22s32f32xiwh,llama-3.1-8b,wq_wo,2048,4096,4096,sarc_dev_780m_x_linear_q4gsw_coopmat_t128x128k16g22s32f32xiwh_texture3d_texture2d_half,1,10032.2,0.0749232,SKIPPED,,1,53,65,2800,2.0,2026-10-05T03:38:30Z
4w,F1,f00,t128x128k16g22s32f32xiwh,llama-3.2-3b,wq_wo,2048,3072,3072,sarc_dev_780m_x_linear_q4gsw_coopmat_t128x128k16g22s32f32xiwh_texture3d_texture2d_half,1,6407.82,0.113805,SKIPPED,,1,53,65,2800,2.0,2026-10-05T03:38:30Z
4w,F1,f00,t128x128k16g22s32f32xiwh,llama-3.2-1b,wq_wo,2048,2048,2048,sarc_dev_780m_x_linear_q4gsw_coopmat_t128x128k16g22s32f32xiwh_texture3d_texture2d_half,1,2801.4,0.117104,SKIPPED,,1,53,65,2800,2.0,2026-10-05T03:38:30Z
4w,F1,f00,t128x128k16g22s32f32biiwh,llama-3.1-8b,wq_wo,2048,4096,4096,sarc_dev_780m_x_linear_q4gsw_coopmat_t128x128k16g22s32f32biiwh_texture3d_texture2d_half,1,7998.44,0.122707,SKIPPED,,1,56,68,2800,2.0,2026-10-05T03:38:32Z
4w,F1,f00,t128x128k16g22s32f32biiwh,llama-3.2-3b,wq_wo,2048,3072,3072,sarc_dev_780m_x_linear_q4gsw_coopmat_t128x128k16g22s32f32biiwh_texture3d_texture2d_half,1,4439.78,0.136622,SKIPPED,,1,56,68,2800,2.0,2026-10-05T03:38:32Z
4w,F1,f00,t128x128k16g22s32f32biiwh,llama-3.2-1b,wq_wo,2048,2048,2048,sarc_dev_780m_x_linear_q4gsw_coopmat_t128x128k16g22s32f32biiwh_texture3d_texture2d_half,1,1923,0.129064,SKIPPED,,1,56,68,2800,2.0,2026-10-05T03:38:32Z
4w,F1,f00,t128x128k16g22s32f32bh,llama-3.1-8b,wq_wo,2048,4096,4096,sarc_dev_780m_x_linear_q4gsw_coopmat_t128x128k16g22s32f32bh_texture3d_texture2d_half,1,7857.34,0.115041,SKIPPED,,1,58,64,2800,2.0,2026-10-05T03:38:34Z
4w,F1,f00,t128x128k16g22s32f32bh,llama-3.2-3b,wq_wo,2048,3072,3072,sarc_dev_780m_x_linear_q4gsw_coopmat_t128x128k16g22s32f32bh_texture3d_texture2d_half,1,4434.32,0.138985,SKIPPED,,1,58,64,2800,2.0,2026-10-05T03:38:34Z
4w,F1,f00,t128x128k16g22s32f32bh,llama-3.2-1b,wq_wo,2048,2048,2048,sarc_dev_780m_x_linear_q4gsw_coopmat_t128x128k16g22s32f32bh_texture3d_texture2d_half,1,1946.14,0.136285,SKIPPED,,1,58,64,2800,2.0,2026-10-05T03:38:34Z
4w,F1,f00,t128x128k16g22s32f32biw,llama-3.1-8b,wq_wo,2048,4096,4096,sarc_dev_780m_x_linear_q4gsw_coopmat_t128x128k16g22s32f32biw_texture3d_texture2d_half,1,7833.38,0.118749,SKIPPED,,1,56,68,2800,2.0,2026-10-05T03:38:36Z
4w,F1,f00,t128x128k16g22s32f32biw,llama-3.2-3b,wq_wo,2048,3072,3072,sarc_dev_780m_x_linear_q4gsw_coopmat_t128x128k16g22s32f32biw_texture3d_texture2d_half,1,4164.56,0.129539,SKIPPED,,1,56,68,2800,2.0,2026-10-05T03:38:36Z
4w,F1,f00,t128x128k16g22s32f32biw,llama-3.2-1b,wq_wo,2048,2048,2048,sarc_dev_780m_x_linear_q4gsw_coopmat_t128x128k16g22s32f32biw_texture3d_texture2d_half,1,1913.14,0.134657,SKIPPED,,1,56,68,2800,2.0,2026-10-05T03:38:36Z
4w,F1,f00,bx_t128x128k16g22s32f32biwh,llama-3.1-8b,wq_wo,2048,4096,4096,sarc_dev_780m_x_linear_q4gsw_coopmat_bx_t128x128k16g22s32f32biwh_texture3d_texture2d_half,1,8011.32,0.115919,SKIPPED,,1,58,68,2800,2.0,2026-10-05T03:38:38Z
4w,F1,f00,bx_t128x128k16g22s32f32biwh,llama-3.2-3b,wq_wo,2048,3072,3072,sarc_dev_780m_x_linear_q4gsw_coopmat_bx_t128x128k16g22s32f32biwh_texture3d_texture2d_half,1,4501.74,0.131934,SKIPPED,,1,58,68,2800,2.0,2026-10-05T03:38:38Z
4w,F1,f00,bx_t128x128k16g22s32f32biwh,llama-3.2-1b,wq_wo,2048,2048,2048,sarc_dev_780m_x_linear_q4gsw_coopmat_bx_t128x128k16g22s32f32biwh_texture3d_texture2d_half,1,2010.44,0.138688,SKIPPED,,1,58,68,2800,2.0,2026-10-05T03:38:38Z
4w,F1,f00,bx_t256x128k16g24s32f32biiwh,llama-3.1-8b,wq_wo,2048,4096,4096,sarc_dev_780m_x_linear_q4gsw_coopmat_bx_t256x128k16g24s32f32biiwh_texture3d_texture2d_half,1,8346.4,0.0577895,SKIPPED,,1,58,66,2800,2.0,2026-10-05T03:38:40Z
4w,F1,f00,bx_t256x128k16g24s32f32biiwh,llama-3.2-3b,wq_wo,2048,3072,3072,sarc_dev_780m_x_linear_q4gsw_coopmat_bx_t256x128k16g24s32f32biiwh_texture3d_texture2d_half,1,5014.02,0.0901049,SKIPPED,,1,58,66,2800,2.0,2026-10-05T03:38:40Z
4w,F1,f00,bx_t256x128k16g24s32f32biiwh,llama-3.2-1b,wq_wo,2048,2048,2048,sarc_dev_780m_x_linear_q4gsw_coopmat_bx_t256x128k16g24s32f32biiwh_texture3d_texture2d_half,1,2251.94,0.108562,SKIPPED,,1,58,66,2800,2.0,2026-10-05T03:38:40Z
4w,F1,f00,bx_t128x256k16g24s32f32biiwh,llama-3.1-8b,wq_wo,2048,4096,4096,sarc_dev_780m_x_linear_q4gsw_coopmat_bx_t128x256k16g24s32f32biiwh_texture3d_texture2d_half,1,8137.1,0.11559,SKIPPED,,1,58,67,2800,2.0,2026-10-05T03:38:42Z
4w,F1,f00,bx_t128x256k16g24s32f32biiwh,llama-3.2-3b,wq_wo,2048,3072,3072,sarc_dev_780m_x_linear_q4gsw_coopmat_bx_t128x256k16g24s32f32biiwh_texture3d_texture2d_half,1,4709.82,0.119949,SKIPPED,,1,58,67,2800,2.0,2026-10-05T03:38:42Z
4w,F1,f00,bx_t128x256k16g24s32f32biiwh,llama-3.2-1b,wq_wo,2048,2048,2048,sarc_dev_780m_x_linear_q4gsw_coopmat_bx_t128x256k16g24s32f32biiwh_texture3d_texture2d_half,1,2217.86,0.133566,SKIPPED,,1,58,67,2800,2.0,2026-10-05T03:38:42Z
4w,F1,f00,bx_t128x128k32g24s32f32biiwh,llama-3.1-8b,wq_wo,2048,4096,4096,sarc_dev_780m_x_linear_q4gsw_coopmat_bx_t128x128k32g24s32f32biiwh_texture3d_texture2d_half,1,7617.3,0.116174,SKIPPED,,1,58,70,2800,2.0,2026-10-05T03:38:44Z
4w,F1,f00,bx_t128x128k32g24s32f32biiwh,llama-3.2-3b,wq_wo,2048,3072,3072,sarc_dev_780m_x_linear_q4gsw_coopmat_bx_t128x128k32g24s32f32biiwh_texture3d_texture2d_half,1,4465.54,0.140583,SKIPPED,,1,58,70,2800,2.0,2026-10-05T03:38:44Z
4w,F1,f00,bx_t128x128k32g24s32f32biiwh,llama-3.2-1b,wq_wo,2048,2048,2048,sarc_dev_780m_x_linear_q4gsw_coopmat_bx_t128x128k32g24s32f32biiwh_texture3d_texture2d_half,1,1979.8,0.141658,SKIPPED,,1,58,70,2800,2.0,2026-10-05T03:38:44Z
4w,F1,f00,bx_t128x128k16g14s32f32biiwh,llama-3.1-8b,wq_wo,2048,4096,4096,sarc_dev_780m_x_linear_q4gsw_coopmat_bx_t128x128k16g14s32f32biiwh_texture3d_texture2d_half,1,8001.18,0.116705,SKIPPED,,1,59,66,2800,2.0,2026-10-05T03:38:46Z
4w,F1,f00,bx_t128x128k16g14s32f32biiwh,llama-3.2-3b,wq_wo,2048,3072,3072,sarc_dev_780m_x_linear_q4gsw_coopmat_bx_t128x128k16g14s32f32biiwh_texture3d_texture2d_half,1,4505.7,0.139059,SKIPPED,,1,59,66,2800,2.0,2026-10-05T03:38:46Z
4w,F1,f00,bx_t128x128k16g14s32f32biiwh,llama-3.2-1b,wq_wo,2048,2048,2048,sarc_dev_780m_x_linear_q4gsw_coopmat_bx_t128x128k16g14s32f32biiwh_texture3d_texture2d_half,1,2045.38,0.143659,SKIPPED,,1,59,66,2800,2.0,2026-10-05T03:38:46Z
4w,F1,f00,bx_t128x128k16g21s32f32biiwh,llama-3.1-8b,wq_wo,2048,4096,4096,sarc_dev_780m_x_linear_q4gsw_coopmat_bx_t128x128k16g21s32f32biiwh_texture3d_texture2d_half,1,28673.4,0.0147827,SKIPPED,,1,58,61,2800,2.2,2026-10-05T03:38:49Z
4w,F1,f00,bx_t128x128k16g21s32f32biiwh,llama-3.2-3b,wq_wo,2048,3072,3072,sarc_dev_780m_x_linear_q4gsw_coopmat_bx_t128x128k16g21s32f32biiwh_texture3d_texture2d_half,1,15407.2,0.0226391,SKIPPED,,1,58,61,2800,2.2,2026-10-05T03:38:49Z
4w,F1,f00,bx_t128x128k16g21s32f32biiwh,llama-3.2-1b,wq_wo,2048,2048,2048,sarc_dev_780m_x_linear_q4gsw_coopmat_bx_t128x128k16g21s32f32biiwh_texture3d_texture2d_half,1,7578.74,0.120696,SKIPPED,,1,58,61,2800,2.2,2026-10-05T03:38:49Z
4w,F1,f00,bx_t128x128k16g22s32f32biiwh,llama-3.1-8b,wq_wo,2048,4096,4096,sarc_dev_780m_x_linear_q4gsw_coopmat_bx_t128x128k16g22s32f32biiwh_texture3d_texture2d_half,1,7907.3,0.110196,SKIPPED,,1,58,68,2800,2.0,2026-10-05T03:38:51Z
4w,F1,f00,bx_t128x128k16g22s32f32biiwh,llama-3.2-3b,wq_wo,2048,3072,3072,sarc_dev_780m_x_linear_q4gsw_coopmat_bx_t128x128k16g22s32f32biiwh_texture3d_texture2d_half,1,4457.6,0.13434,SKIPPED,,1,58,68,2800,2.0,2026-10-05T03:38:51Z
4w,F1,f00,bx_t128x128k16g22s32f32biiwh,llama-3.2-1b,wq_wo,2048,2048,2048,sarc_dev_780m_x_linear_q4gsw_coopmat_bx_t128x128k16g22s32f32biiwh_texture3d_texture2d_half,1,2006.46,0.13751,SKIPPED,,1,58,68,2800,2.0,2026-10-05T03:38:51Z
4w,F1,f00,bx_t128x128k16g24s32biiwh,llama-3.1-8b,wq_wo,2048,4096,4096,sarc_dev_780m_x_linear_q4gsw_coopmat_bx_t128x128k16g24s32biiwh_texture3d_texture2d_half,1,11349.3,0.0947789,SKIPPED,,1,59,64,2800,2.0,2026-10-05T03:38:53Z
4w,F1,f00,bx_t128x128k16g24s32biiwh,llama-3.2-3b,wq_wo,2048,3072,3072,sarc_dev_780m_x_linear_q4gsw_coopmat_bx_t128x128k16g24s32biiwh_texture3d_texture2d_half,1,6515.78,0.11845,SKIPPED,,1,59,64,2800,2.0,2026-10-05T03:38:53Z
4w,F1,f00,bx_t128x128k16g24s32biiwh,llama-3.2-1b,wq_wo,2048,2048,2048,sarc_dev_780m_x_linear_q4gsw_coopmat_bx_t128x128k16g24s32biiwh_texture3d_texture2d_half,1,3158.48,0.145094,SKIPPED,,1,59,64,2800,2.0,2026-10-05T03:38:53Z
4w,F1,f00,bx_t128x128k16g24s32gabiiwh,llama-3.1-8b,wq_wo,2048,4096,4096,sarc_dev_780m_x_linear_q4gsw_coopmat_bx_t128x128k16g24s32gabiiwh_texture3d_texture2d_half,1,10549.2,0.0489733,SKIPPED,,1,58,65,2800,2.0,2026-10-05T03:38:55Z
4w,F1,f00,bx_t128x128k16g24s32gabiiwh,llama-3.2-3b,wq_wo,2048,3072,3072,sarc_dev_780m_x_linear_q4gsw_coopmat_bx_t128x128k16g24s32gabiiwh_texture3d_texture2d_half,1,6264.28,0.111022,SKIPPED,,1,58,65,2800,2.0,2026-10-05T03:38:55Z
4w,F1,f00,bx_t128x128k16g24s32gabiiwh,llama-3.2-1b,wq_wo,2048,2048,2048,sarc_dev_780m_x_linear_q4gsw_coopmat_bx_t128x128k16g24s32gabiiwh_texture3d_texture2d_half,1,2982.16,0.142788,SKIPPED,,1,58,65,2800,2.0,2026-10-05T03:38:55Z
4w,F1,f00,bx_t128x128k16g24s32f32iiwh,llama-3.1-8b,wq_wo,2048,4096,4096,sarc_dev_780m_x_linear_q4gsw_coopmat_bx_t128x128k16g24s32f32iiwh_texture3d_texture2d_half,1,8555.26,0.0952071,SKIPPED,,1,57,68,2800,2.0,2026-10-05T03:38:57Z
4w,F1,f00,bx_t128x128k16g24s32f32iiwh,llama-3.2-3b,wq_wo,2048,3072,3072,sarc_dev_780m_x_linear_q4gsw_coopmat_bx_t128x128k16g24s32f32iiwh_texture3d_texture2d_half,1,5088.52,0.126667,SKIPPED,,1,57,68,2800,2.0,2026-10-05T03:38:57Z
4w,F1,f00,bx_t128x128k16g24s32f32iiwh,llama-3.2-1b,wq_wo,2048,2048,2048,sarc_dev_780m_x_linear_q4gsw_coopmat_bx_t128x128k16g24s32f32iiwh_texture3d_texture2d_half,1,2293.2,0.143498,SKIPPED,,1,57,68,2800,2.0,2026-10-05T03:38:57Z
4w,F1,f00,bx_t128x128k16g24s32f32xiiwh,llama-3.1-8b,wq_wo,2048,4096,4096,sarc_dev_780m_x_linear_q4gsw_coopmat_bx_t128x128k16g24s32f32xiiwh_texture3d_texture2d_half,1,9727.7,0.0664756,SKIPPED,,1,59,66,2800,2.0,2026-10-05T03:38:59Z
4w,F1,f00,bx_t128x128k16g24s32f32xiiwh,llama-3.2-3b,wq_wo,2048,3072,3072,sarc_dev_780m_x_linear_q4gsw_coopmat_bx_t128x128k16g24s32f32xiiwh_texture3d_texture2d_half,1,6097.26,0.115028,SKIPPED,,1,59,66,2800,2.0,2026-10-05T03:38:59Z
4w,F1,f00,bx_t128x128k16g24s32f32xiiwh,llama-3.2-1b,wq_wo,2048,2048,2048,sarc_dev_780m_x_linear_q4gsw_coopmat_bx_t128x128k16g24s32f32xiiwh_texture3d_texture2d_half,1,2612.66,0.132631,SKIPPED,,1,59,66,2800,2.0,2026-10-05T03:38:59Z
4w,F1,f00,bx_t128x128k16g24s32f32biwh,llama-3.1-8b,wq_wo,2048,4096,4096,sarc_dev_780m_x_linear_q4gsw_coopmat_bx_t128x128k16g24s32f32biwh_texture3d_texture2d_half,1,7856.54,0.125354,SKIPPED,,1,59,70,2800,2.0,2026-10-05T03:39:01Z
4w,F1,f00,bx_t128x128k16g24s32f32biwh,llama-3.2-3b,wq_wo,2048,3072,3072,sarc_dev_780m_x_linear_q4gsw_coopmat_bx_t128x128k16g24s32f32biwh_texture3d_texture2d_half,1,4408,0.135866,SKIPPED,,1,59,70,2800,2.0,2026-10-05T03:39:01Z
4w,F1,f00,bx_t128x128k16g24s32f32biwh,llama-3.2-1b,wq_wo,2048,2048,2048,sarc_dev_780m_x_linear_q4gsw_coopmat_bx_t128x128k16g24s32f32biwh_texture3d_texture2d_half,1,2002.72,0.14535,SKIPPED,,1,59,70,2800,2.0,2026-10-05T03:39:01Z
4w,F1,f00,bx_t128x128k16g24s32f32bih,llama-3.1-8b,wq_wo,2048,4096,4096,sarc_dev_780m_x_linear_q4gsw_coopmat_bx_t128x128k16g24s32f32bih_texture3d_texture2d_half,1,7831.68,0.113071,SKIPPED,,1,60,70,2800,2.0,2026-10-05T03:39:03Z
4w,F1,f00,bx_t128x128k16g24s32f32bih,llama-3.2-3b,wq_wo,2048,3072,3072,sarc_dev_780m_x_linear_q4gsw_coopmat_bx_t128x128k16g24s32f32bih_texture3d_texture2d_half,1,4367.36,0.130686,SKIPPED,,1,60,70,2800,2.0,2026-10-05T03:39:03Z
4w,F1,f00,bx_t128x128k16g24s32f32bih,llama-3.2-1b,wq_wo,2048,2048,2048,sarc_dev_780m_x_linear_q4gsw_coopmat_bx_t128x128k16g24s32f32bih_texture3d_texture2d_half,1,2015,0.145031,SKIPPED,,1,60,70,2800,2.0,2026-10-05T03:39:03Z
4w,F1,f00,bx_t128x128k16g24s32f32biiw,llama-3.1-8b,wq_wo,2048,4096,4096,sarc_dev_780m_x_linear_q4gsw_coopmat_bx_t128x128k16g24s32f32biiw_texture3d_texture2d_half,1,7714.06,0.119944,SKIPPED,,1,60,69,2800,2.0,2026-10-05T03:39:05Z
4w,F1,f00,bx_t128x128k16g24s32f32biiw,llama-3.2-3b,wq_wo,2048,3072,3072,sarc_dev_780m_x_linear_q4gsw_coopmat_bx_t128x128k16g24s32f32biiw_texture3d_texture2d_half,1,4420.04,0.139604,SKIPPED,,1,60,69,2800,2.0,2026-10-05T03:39:05Z
4w,F1,f00,bx_t128x128k16g24s32f32biiw,llama-3.2-1b,wq_wo,2048,2048,2048,sarc_dev_780m_x_linear_q4gsw_coopmat_bx_t128x128k16g24s32f32biiw_texture3d_texture2d_half,1,1930.68,0.139473,SKIPPED,,1,60,69,2800,2.0,2026-10-05T03:39:05Z
4w,F1,f00,t128x128k16g24s32f32biiwh,llama-3.1-8b,wq_wo,2048,4096,4096,sarc_dev_780m_x_linear_q4gsw_coopmat_t128x128k16g24s32f32biiwh_texture3d_texture2d_half,1,7747.28,0.11943,SKIPPED,,1,60,70,2800,2.0,2026-10-05T03:39:07Z
4w,F1,f00,t128x128k16g24s32f32biiwh,llama-3.2-3b,wq_wo,2048,3072,3072,sarc_dev_780m_x_linear_q4gsw_coopmat_t128x128k16g24s32f32biiwh_texture3d_texture2d_half,1,4388.2,0.134659,SKIPPED,,1,60,70,2800,2.0,2026-10-05T03:39:07Z
4w,F1,f00,t128x128k16g24s32f32biiwh,llama-3.2-1b,wq_wo,2048,2048,2048,sarc_dev_780m_x_linear_q4gsw_coopmat_t128x128k16g24s32f32biiwh_texture3d_texture2d_half,1,1969.94,0.136439,SKIPPED,,1,60,70,2800,2.0,2026-10-05T03:39:07Z
4w,F1,f00,t32x64k16g12s32f32bfl,llama-3.1-8b,wq_wo,2048,4096,4096,sarc_dev_780m_x_linear_q4gsw_coopmat_t32x64k16g12s32f32bfl_texture3d_texture2d_half,1,12714.2,0.0575086,SKIPPED,,1,59,68,2800,2.0,2026-10-05T03:39:09Z
4w,F1,f00,t32x64k16g12s32f32bfl,llama-3.2-3b,wq_wo,2048,3072,3072,sarc_dev_780m_x_linear_q4gsw_coopmat_t32x64k16g12s32f32bfl_texture3d_texture2d_half,1,7684.32,0.123821,SKIPPED,,1,59,68,2800,2.0,2026-10-05T03:39:09Z
4w,F1,f00,t32x64k16g12s32f32bfl,llama-3.2-1b,wq_wo,2048,2048,2048,sarc_dev_780m_x_linear_q4gsw_coopmat_t32x64k16g12s32f32bfl_texture3d_texture2d_half,1,3528.02,0.142829,SKIPPED,,1,59,68,2800,2.0,2026-10-05T03:39:09Z
4w,F1,f00,t64x64k16g12s32f32bfl,llama-3.1-8b,wq_wo,2048,4096,4096,sarc_dev_780m_x_linear_q4gsw_coopmat_t64x64k16g12s32f32bfl_texture3d_texture2d_half,1,8903.32,0.165056,SKIPPED,,1,58,66,2800,2.0,2026-10-05T03:39:11Z
4w,F1,f00,t64x64k16g12s32f32bfl,llama-3.2-3b,wq_wo,2048,3072,3072,sarc_dev_780m_x_linear_q4gsw_coopmat_t64x64k16g12s32f32bfl_texture3d_texture2d_half,1,4781.18,0.111599,SKIPPED,,1,58,66,2800,2.0,2026-10-05T03:39:11Z
4w,F1,f00,t64x64k16g12s32f32bfl,llama-3.2-1b,wq_wo,2048,2048,2048,sarc_dev_780m_x_linear_q4gsw_coopmat_t64x64k16g12s32f32bfl_texture3d_texture2d_half,1,2377.6,0.1537,SKIPPED,,1,58,66,2800,2.0,2026-10-05T03:39:11Z
4w,F1,f00,t256x64k16g12s32f32bfl,llama-3.1-8b,wq_wo,2048,4096,4096,sarc_dev_780m_x_linear_q4gsw_coopmat_t256x64k16g12s32f32bfl_texture3d_texture2d_half,1,65367.1,0.0284632,SKIPPED,,1,59,63,2800,2.5,2026-10-05T03:39:13Z
4w,F1,f00,t256x64k16g12s32f32bfl,llama-3.2-3b,wq_wo,2048,3072,3072,sarc_dev_780m_x_linear_q4gsw_coopmat_t256x64k16g12s32f32bfl_texture3d_texture2d_half,1,39187.3,0.0372846,SKIPPED,,1,59,63,2800,2.5,2026-10-05T03:39:13Z
4w,F1,f00,t256x64k16g12s32f32bfl,llama-3.2-1b,wq_wo,2048,2048,2048,sarc_dev_780m_x_linear_q4gsw_coopmat_t256x64k16g12s32f32bfl_texture3d_texture2d_half,1,11476.7,0.122116,SKIPPED,,1,59,63,2800,2.5,2026-10-05T03:39:13Z
4w,F1,f00,t128x32k16g12s32f32bfl,llama-3.1-8b,wq_wo,2048,4096,4096,sarc_dev_780m_x_linear_q4gsw_coopmat_t128x32k16g12s32f32bfl_texture3d_texture2d_half,1,8392.36,0.107245,SKIPPED,,1,58,69,2800,2.0,2026-10-05T03:39:15Z
4w,F1,f00,t128x32k16g12s32f32bfl,llama-3.2-3b,wq_wo,2048,3072,3072,sarc_dev_780m_x_linear_q4gsw_coopmat_t128x32k16g12s32f32bfl_texture3d_texture2d_half,1,4977.48,0.120413,SKIPPED,,1,58,69,2800,2.0,2026-10-05T03:39:15Z
4w,F1,f00,t128x32k16g12s32f32bfl,llama-3.2-1b,wq_wo,2048,2048,2048,sarc_dev_780m_x_linear_q4gsw_coopmat_t128x32k16g12s32f32bfl_texture3d_texture2d_half,1,2268.8,0.135587,SKIPPED,,1,58,69,2800,2.0,2026-10-05T03:39:15Z
4w,F1,f00,t128x128k16g12s32f32bfl,llama-3.1-8b,wq_wo,2048,4096,4096,sarc_dev_780m_x_linear_q4gsw_coopmat_t128x128k16g12s32f32bfl_texture3d_texture2d_half,1,33480.5,0.0158138,SKIPPED,,1,60,61,2800,2.2,2026-10-05T03:39:18Z
4w,F1,f00,t128x128k16g12s32f32bfl,llama-3.2-3b,wq_wo,2048,3072,3072,sarc_dev_780m_x_linear_q4gsw_coopmat_t128x128k16g12s32f32bfl_texture3d_texture2d_half,1,16220,0.0245753,SKIPPED,,1,60,61,2800,2.2,2026-10-05T03:39:18Z
4w,F1,f00,t128x128k16g12s32f32bfl,llama-3.2-1b,wq_wo,2048,2048,2048,sarc_dev_780m_x_linear_q4gsw_coopmat_t128x128k16g12s32f32bfl_texture3d_texture2d_half,1,7645.8,0.106194,SKIPPED,,1,60,61,2800,2.2,2026-10-05T03:39:18Z
4w,F1,f00,t128x64k32g12s32f32bfl,llama-3.1-8b,wq_wo,2048,4096,4096,sarc_dev_780m_x_linear_q4gsw_coopmat_t128x64k32g12s32f32bfl_texture3d_texture2d_half,1,9986.42,0.0695663,SKIPPED,,1,57,64,2800,2.0,2026-10-05T03:39:20Z
4w,F1,f00,t128x64k32g12s32f32bfl,llama-3.2-3b,wq_wo,2048,3072,3072,sarc_dev_780m_x_linear_q4gsw_coopmat_t128x64k32g12s32f32bfl_texture3d_texture2d_half,1,6206.84,0.119685,SKIPPED,,1,57,64,2800,2.0,2026-10-05T03:39:20Z
4w,F1,f00,t128x64k32g12s32f32bfl,llama-3.2-1b,wq_wo,2048,2048,2048,sarc_dev_780m_x_linear_q4gsw_coopmat_t128x64k32g12s32f32bfl_texture3d_texture2d_half,1,3003.22,0.143933,SKIPPED,,1,57,64,2800,2.0,2026-10-05T03:39:20Z
4w,F1,f00,t128x64k64g12s32f32bfl,llama-3.1-8b,wq_wo,2048,4096,4096,sarc_dev_780m_x_linear_q4gsw_coopmat_t128x64k64g12s32f32bfl_texture3d_texture2d_half,1,20366.3,0.00120543,SKIPPED,,1,57,58,2800,2.3,2026-10-05T03:39:22Z
4w,F1,f00,t128x64k64g12s32f32bfl,llama-3.2-3b,wq_wo,2048,3072,3072,sarc_dev_780m_x_linear_q4gsw_coopmat_t128x64k64g12s32f32bfl_texture3d_texture2d_half,1,11801.7,0.0590809,SKIPPED,,1,57,58,2800,2.3,2026-10-05T03:39:22Z
4w,F1,f00,t128x64k64g12s32f32bfl,llama-3.2-1b,wq_wo,2048,2048,2048,sarc_dev_780m_x_linear_q4gsw_coopmat_t128x64k64g12s32f32bfl_texture3d_texture2d_half,1,5418.64,0.14352,SKIPPED,,1,57,58,2800,2.3,2026-10-05T03:39:22Z
4w,F1,f00,t128x64k16g22s32f32bfl,llama-3.1-8b,wq_wo,2048,4096,4096,sarc_dev_780m_x_linear_q4gsw_coopmat_t128x64k16g22s32f32bfl_texture3d_texture2d_half,1,7961.76,0.09686,SKIPPED,,1,56,69,2800,2.0,2026-10-05T03:39:24Z
4w,F1,f00,t128x64k16g22s32f32bfl,llama-3.2-3b,wq_wo,2048,3072,3072,sarc_dev_780m_x_linear_q4gsw_coopmat_t128x64k16g22s32f32bfl_texture3d_texture2d_half,1,4891.64,0.138767,SKIPPED,,1,56,69,2800,2.0,2026-10-05T03:39:24Z
4w,F1,f00,t128x64k16g22s32f32bfl,llama-3.2-1b,wq_wo,2048,2048,2048,sarc_dev_780m_x_linear_q4gsw_coopmat_t128x64k16g22s32f32bfl_texture3d_texture2d_half,1,2153.74,0.142162,SKIPPED,,1,56,69,2800,2.0,2026-10-05T03:39:24Z
4w,F1,f00,t128x64k16g11s32f32bfl,llama-3.1-8b,wq_wo,2048,4096,4096,sarc_dev_780m_x_linear_q4gsw_coopmat_t128x64k16g11s32f32bfl_texture3d_texture2d_half,1,69646,0.00690804,SKIPPED,,1,59,63,2800,2.4,2026-10-05T03:39:26Z
4w,F1,f00,t128x64k16g11s32f32bfl,llama-3.2-3b,wq_wo,2048,3072,3072,sarc_dev_780m_x_linear_q4gsw_coopmat_t128x64k16g11s32f32bfl_texture3d_texture2d_half,1,32539.9,0.00908954,SKIPPED,,1,59,63,2800,2.4,2026-10-05T03:39:26Z
4w,F1,f00,t128x64k16g11s32f32bfl,llama-3.2-1b,wq_wo,2048,2048,2048,sarc_dev_780m_x_linear_q4gsw_coopmat_t128x64k16g11s32f32bfl_texture3d_texture2d_half,1,11679.9,0.0515373,SKIPPED,,1,59,63,2800,2.4,2026-10-05T03:39:26Z
4w,F1,f00,t128x64k16g14s32f32bfl,llama-3.1-8b,wq_wo,2048,4096,4096,sarc_dev_780m_x_linear_q4gsw_coopmat_t128x64k16g14s32f32bfl_texture3d_texture2d_half,1,7738.86,0.116709,SKIPPED,,1,58,71,2800,2.0,2026-10-05T03:39:28Z
4w,F1,f00,t128x64k16g14s32f32bfl,llama-3.2-3b,wq_wo,2048,3072,3072,sarc_dev_780m_x_linear_q4gsw_coopmat_t128x64k16g14s32f32bfl_texture3d_texture2d_half,1,4441.3,0.137351,SKIPPED,,1,58,71,2800,2.0,2026-10-05T03:39:28Z
4w,F1,f00,t128x64k16g14s32f32bfl,llama-3.2-1b,wq_wo,2048,2048,2048,sarc_dev_780m_x_linear_q4gsw_coopmat_t128x64k16g14s32f32bfl_texture3d_texture2d_half,1,2004.84,0.143222,SKIPPED,,1,58,71,2800,2.0,2026-10-05T03:39:28Z
4w,F1,f00,t128x64k16g12s64f32bfl,llama-3.1-8b,wq_wo,2048,4096,4096,sarc_dev_780m_x_linear_q4gsw_coopmat_t128x64k16g12s64f32bfl_texture3d_texture2d_half,1,9293.9,0.0759846,SKIPPED,,1,60,65,2800,2.0,2026-10-05T03:39:30Z
4w,F1,f00,t128x64k16g12s64f32bfl,llama-3.2-3b,wq_wo,2048,3072,3072,sarc_dev_780m_x_linear_q4gsw_coopmat_t128x64k16g12s64f32bfl_texture3d_texture2d_half,1,5906.44,0.132388,SKIPPED,,1,60,65,2800,2.0,2026-10-05T03:39:30Z
4w,F1,f00,t128x64k16g12s64f32bfl,llama-3.2-1b,wq_wo,2048,2048,2048,sarc_dev_780m_x_linear_q4gsw_coopmat_t128x64k16g12s64f32bfl_texture3d_texture2d_half,1,2729.24,0.14439,SKIPPED,,1,60,65,2800,2.0,2026-10-05T03:39:30Z
4w,F1,f00,t128x64k16g12s32bfl,llama-3.1-8b,wq_wo,2048,4096,4096,sarc_dev_780m_x_linear_q4gsw_coopmat_t128x64k16g12s32bfl_texture3d_texture2d_half,1,205626,0.00849301,SKIPPED,,1,58,60,2800,3.6,2026-10-05T03:39:34Z
4w,F1,f00,t128x64k16g12s32bfl,llama-3.2-3b,wq_wo,2048,3072,3072,sarc_dev_780m_x_linear_q4gsw_coopmat_t128x64k16g12s32bfl_texture3d_texture2d_half,1,105899,0.000752964,SKIPPED,,1,58,60,2800,3.6,2026-10-05T03:39:34Z
4w,F1,f00,t128x64k16g12s32bfl,llama-3.2-1b,wq_wo,2048,2048,2048,sarc_dev_780m_x_linear_q4gsw_coopmat_t128x64k16g12s32bfl_texture3d_texture2d_half,1,45780.1,0.0173165,SKIPPED,,1,58,60,2800,3.6,2026-10-05T03:39:34Z
4w,F1,f00,t128x64k16g12s32gabfl,llama-3.1-8b,wq_wo,2048,4096,4096,sarc_dev_780m_x_linear_q4gsw_coopmat_t128x64k16g12s32gabfl_texture3d_texture2d_half,1,248780,0.00136538,SKIPPED,,1,56,60,2800,4.1,2026-10-05T03:39:38Z
4w,F1,f00,t128x64k16g12s32gabfl,llama-3.2-3b,wq_wo,2048,3072,3072,sarc_dev_780m_x_linear_q4gsw_coopmat_t128x64k16g12s32gabfl_texture3d_texture2d_half,1,132640,0.00304301,SKIPPED,,1,56,60,2800,4.1,2026-10-05T03:39:38Z
4w,F1,f00,t128x64k16g12s32gabfl,llama-3.2-1b,wq_wo,2048,2048,2048,sarc_dev_780m_x_linear_q4gsw_coopmat_t128x64k16g12s32gabfl_texture3d_texture2d_half,1,55086.3,0.00168351,SKIPPED,,1,56,60,2800,4.1,2026-10-05T03:39:38Z
4w,F1,f00,t128x64k16g12s32f32fl,llama-3.1-8b,wq_wo,2048,4096,4096,sarc_dev_780m_x_linear_q4gsw_coopmat_t128x64k16g12s32f32fl_texture3d_texture2d_half,1,6935.64,0.101398,SKIPPED,,1,56,70,2800,2.0,2026-10-05T03:39:40Z
4w,F1,f00,t128x64k16g12s32f32fl,llama-3.2-3b,wq_wo,2048,3072,3072,sarc_dev_780m_x_linear_q4gsw_coopmat_t128x64k16g12s32f32fl_texture3d_texture2d_half,1,4453.5,0.134098,SKIPPED,,1,56,70,2800,2.0,2026-10-05T03:39:40Z
4w,F1,f00,t128x64k16g12s32f32fl,llama-3.2-1b,wq_wo,2048,2048,2048,sarc_dev_780m_x_linear_q4gsw_coopmat_t128x64k16g12s32f32fl_texture3d_texture2d_half,1,1945.12,0.144176,SKIPPED,,1,56,70,2800,2.0,2026-10-05T03:39:40Z
4w,F1,f00,t128x64k16g12s32f32cfl,llama-3.1-8b,wq_wo,2048,4096,4096,sarc_dev_780m_x_linear_q4gsw_coopmat_t128x64k16g12s32f32cfl_texture3d_texture2d_half,1,8239.24,0.135988,SKIPPED,,1,60,69,2800,2.0,2026-10-05T03:39:42Z
4w,F1,f00,t128x64k16g12s32f32cfl,llama-3.2-3b,wq_wo,2048,3072,3072,sarc_dev_780m_x_linear_q4gsw_coopmat_t128x64k16g12s32f32cfl_texture3d_texture2d_half,1,4396.28,0.146238,SKIPPED,,1,60,69,2800,2.0,2026-10-05T03:39:42Z
4w,F1,f00,t128x64k16g12s32f32cfl,llama-3.2-1b,wq_wo,2048,2048,2048,sarc_dev_780m_x_linear_q4gsw_coopmat_t128x64k16g12s32f32cfl_texture3d_texture2d_half,1,1993.26,0.140789,SKIPPED,,1,60,69,2800,2.0,2026-10-05T03:39:42Z
4w,F1,f00,t128x64k16g12s32f32xfl,llama-3.1-8b,wq_wo,2048,4096,4096,sarc_dev_780m_x_linear_q4gsw_coopmat_t128x64k16g12s32f32xfl_texture3d_texture2d_half,1,9532.14,0.0665999,SKIPPED,,1,58,64,2800,2.1,2026-10-05T03:39:44Z
4w,F1,f00,t128x64k16g12s32f32xfl,llama-3.2-3b,wq_wo,2048,3072,3072,sarc_dev_780m_x_linear_q4gsw_coopmat_t128x64k16g12s32f32xfl_texture3d_texture2d_half,1,6512.62,0.161053,SKIPPED,,1,58,64,2800,2.1,2026-10-05T03:39:44Z
4w,F1,f00,t128x64k16g12s32f32xfl,llama-3.2-1b,wq_wo,2048,2048,2048,sarc_dev_780m_x_linear_q4gsw_coopmat_t128x64k16g12s32f32xfl_texture3d_texture2d_half,1,2735.26,0.132576,SKIPPED,,1,58,64,2800,2.1,2026-10-05T03:39:44Z
4w,F1,f00,t128x64k16g12s32f32b,llama-3.1-8b,wq_wo,2048,4096,4096,sarc_dev_780m_x_linear_q4gsw_coopmat_t128x64k16g12s32f32b_texture3d_texture2d_half,1,8165.42,0.123282,SKIPPED,,1,58,69,2800,2.0,2026-10-05T03:39:46Z
4w,F1,f00,t128x64k16g12s32f32b,llama-3.2-3b,wq_wo,2048,3072,3072,sarc_dev_780m_x_linear_q4gsw_coopmat_t128x64k16g12s32f32b_texture3d_texture2d_half,1,4892.92,0.139725,SKIPPED,,1,58,69,2800,2.0,2026-10-05T03:39:46Z
4w,F1,f00,t128x64k16g12s32f32b,llama-3.2-1b,wq_wo,2048,2048,2048,sarc_dev_780m_x_linear_q4gsw_coopmat_t128x64k16g12s32f32b_texture3d_texture2d_half,1,2208.78,0.139633,SKIPPED,,1,58,69,2800,2.0,2026-10-05T03:39:46Z
4w,F1,f00,t128x64k16g12s32f32bfli,llama-3.1-8b,wq_wo,2048,4096,4096,sarc_dev_780m_x_linear_q4gsw_coopmat_t128x64k16g12s32f32bfli_texture3d_texture2d_half,1,7783.16,0.105501,SKIPPED,,1,60,69,2800,2.0,2026-10-05T03:39:49Z
4w,F1,f00,t128x64k16g12s32f32bfli,llama-3.2-3b,wq_wo,2048,3072,3072,sarc_dev_780m_x_linear_q4gsw_coopmat_t128x64k16g12s32f32bfli_texture3d_texture2d_half,1,4500.7,0.148802,SKIPPED,,1,60,69,2800,2.0,2026-10-05T03:39:49Z
4w,F1,f00,t128x64k16g12s32f32bfli,llama-3.2-1b,wq_wo,2048,2048,2048,sarc_dev_780m_x_linear_q4gsw_coopmat_t128x64k16g12s32f32bfli_texture3d_texture2d_half,1,2035.1,0.136587,SKIPPED,,1,60,69,2800,2.0,2026-10-05T03:39:49Z
4w,F1,f00,bx_t128x64k16g12s32f32bfl,llama-3.1-8b,wq_wo,2048,4096,4096,sarc_dev_780m_x_linear_q4gsw_coopmat_bx_t128x64k16g12s32f32bfl_texture3d_texture2d_half,1,7761.04,0.105343,SKIPPED,,1,60,70,2800,2.0,2026-10-05T03:39:51Z
4w,F1,f00,bx_t128x64k16g12s32f32bfl,llama-3.2-3b,wq_wo,2048,3072,3072,sarc_dev_780m_x_linear_q4gsw_coopmat_bx_t128x64k16g12s32f32bfl_texture3d_texture2d_half,1,4451.16,0.152174,SKIPPED,,1,60,70,2800,2.0,2026-10-05T03:39:51Z
4w,F1,f00,bx_t128x64k16g12s32f32bfl,llama-3.2-1b,wq_wo,2048,2048,2048,sarc_dev_780m_x_linear_q4gsw_coopmat_bx_t128x64k16g12s32f32bfl_texture3d_texture2d_half,1,1896.64,0.130047,SKIPPED,,1,60,70,2800,2.0,2026-10-05T03:39:51Z
4w,F1,f00,bx_t64x256k32g42s32f32bfliw,llama-3.1-8b,wq_wo,2048,4096,4096,sarc_dev_780m_x_linear_q4gsw_coopmat_bx_t64x256k32g42s32f32bfliw_texture3d_texture2d_half,1,9012.16,0.0727763,SKIPPED,,1,60,67,2800,2.0,2026-10-05T03:39:53Z
4w,F1,f00,bx_t64x256k32g42s32f32bfliw,llama-3.2-3b,wq_wo,2048,3072,3072,sarc_dev_780m_x_linear_q4gsw_coopmat_bx_t64x256k32g42s32f32bfliw_texture3d_texture2d_half,1,5879.02,0.134641,SKIPPED,,1,60,67,2800,2.0,2026-10-05T03:39:53Z
4w,F1,f00,bx_t64x256k32g42s32f32bfliw,llama-3.2-1b,wq_wo,2048,2048,2048,sarc_dev_780m_x_linear_q4gsw_coopmat_bx_t64x256k32g42s32f32bfliw_texture3d_texture2d_half,1,2612.22,0.140061,SKIPPED,,1,60,67,2800,2.0,2026-10-05T03:39:53Z
4w,F1,f00,bx_t128x64k32g42s32f32bfliw,llama-3.1-8b,wq_wo,2048,4096,4096,sarc_dev_780m_x_linear_q4gsw_coopmat_bx_t128x64k32g42s32f32bfliw_texture3d_texture2d_half,1,11142.1,0.086848,SKIPPED,,1,59,65,2800,2.1,2026-10-05T03:39:55Z
4w,F1,f00,bx_t128x64k32g42s32f32bfliw,llama-3.2-3b,wq_wo,2048,3072,3072,sarc_dev_780m_x_linear_q4gsw_coopmat_bx_t128x64k32g42s32f32bfliw_texture3d_texture2d_half,1,6849.92,0.146721,SKIPPED,,1,59,65,2800,2.1,2026-10-05T03:39:55Z
4w,F1,f00,bx_t128x64k32g42s32f32bfliw,llama-3.2-1b,wq_wo,2048,2048,2048,sarc_dev_780m_x_linear_q4gsw_coopmat_bx_t128x64k32g42s32f32bfliw_texture3d_texture2d_half,1,3191.6,0.146556,SKIPPED,,1,59,65,2800,2.1,2026-10-05T03:39:55Z
4w,F1,f00,bx_t128x128k32g42s32f32bfliw,llama-3.1-8b,wq_wo,2048,4096,4096,sarc_dev_780m_x_linear_q4gsw_coopmat_bx_t128x128k32g42s32f32bfliw_texture3d_texture2d_half,1,8181.5,0.118932,SKIPPED,,1,58,68,2800,2.0,2026-10-05T03:39:57Z
4w,F1,f00,bx_t128x128k32g42s32f32bfliw,llama-3.2-3b,wq_wo,2048,3072,3072,sarc_dev_780m_x_linear_q4gsw_coopmat_bx_t128x128k32g42s32f32bfliw_texture3d_texture2d_half,1,4975.8,0.138411,SKIPPED,,1,58,68,2800,2.0,2026-10-05T03:39:57Z
4w,F1,f00,bx_t128x128k32g42s32f32bfliw,llama-3.2-1b,wq_wo,2048,2048,2048,sarc_dev_780m_x_linear_q4gsw_coopmat_bx_t128x128k32g42s32f32bfliw_texture3d_texture2d_half,1,2238.48,0.146754,SKIPPED,,1,58,68,2800,2.0,2026-10-05T03:39:57Z
4w,F1,f00,bx_t128x256k16g42s32f32bfliw,llama-3.1-8b,wq_wo,2048,4096,4096,sarc_dev_780m_x_linear_q4gsw_coopmat_bx_t128x256k16g42s32f32bfliw_texture3d_texture2d_half,1,8108.1,0.101982,SKIPPED,,1,59,66,2800,2.0,2026-10-05T03:39:59Z
4w,F1,f00,bx_t128x256k16g42s32f32bfliw,llama-3.2-3b,wq_wo,2048,3072,3072,sarc_dev_780m_x_linear_q4gsw_coopmat_bx_t128x256k16g42s32f32bfliw_texture3d_texture2d_half,1,5029.52,0.121493,SKIPPED,,1,59,66,2800,2.0,2026-10-05T03:39:59Z
4w,F1,f00,bx_t128x256k16g42s32f32bfliw,llama-3.2-1b,wq_wo,2048,2048,2048,sarc_dev_780m_x_linear_q4gsw_coopmat_bx_t128x256k16g42s32f32bfliw_texture3d_texture2d_half,1,2334.44,0.142759,SKIPPED,,1,59,66,2800,2.0,2026-10-05T03:39:59Z
4w,F1,f00,bx_t128x256k32g82s32f32bfliw,llama-3.1-8b,wq_wo,2048,4096,4096,sarc_dev_780m_x_linear_q4gsw_coopmat_bx_t128x256k32g82s32f32bfliw_texture3d_texture2d_half,1,10810.7,0.101774,SKIPPED,,1,58,62,2800,2.0,2026-10-05T03:40:01Z
4w,F1,f00,bx_t128x256k32g82s32f32bfliw,llama-3.2-3b,wq_wo,2048,3072,3072,sarc_dev_780m_x_linear_q4gsw_coopmat_bx_t128x256k32g82s32f32bfliw_texture3d_texture2d_half,1,6308.56,0.118973,SKIPPED,,1,58,62,2800,2.0,2026-10-05T03:40:01Z
4w,F1,f00,bx_t128x256k32g82s32f32bfliw,llama-3.2-1b,wq_wo,2048,2048,2048,sarc_dev_780m_x_linear_q4gsw_coopmat_bx_t128x256k32g82s32f32bfliw_texture3d_texture2d_half,1,3251.56,0.153816,SKIPPED,,1,58,62,2800,2.0,2026-10-05T03:40:01Z
4w,F1,f00,bx_t128x256k32g44s32f32bfliw,llama-3.1-8b,wq_wo,2048,4096,4096,sarc_dev_780m_x_linear_q4gsw_coopmat_bx_t128x256k32g44s32f32bfliw_texture3d_texture2d_half,1,8025.38,0.125189,SKIPPED,,1,57,69,2800,2.0,2026-10-05T03:40:03Z
4w,F1,f00,bx_t128x256k32g44s32f32bfliw,llama-3.2-3b,wq_wo,2048,3072,3072,sarc_dev_780m_x_linear_q4gsw_coopmat_bx_t128x256k32g44s32f32bfliw_texture3d_texture2d_half,1,5197.6,0.159302,SKIPPED,,1,57,69,2800,2.0,2026-10-05T03:40:03Z
4w,F1,f00,bx_t128x256k32g44s32f32bfliw,llama-3.2-1b,wq_wo,2048,2048,2048,sarc_dev_780m_x_linear_q4gsw_coopmat_bx_t128x256k32g44s32f32bfliw_texture3d_texture2d_half,1,2177.24,0.147397,SKIPPED,,1,57,69,2800,2.0,2026-10-05T03:40:03Z
4w,F1,f00,bx_t128x256k32g42s64f32bfliw,llama-3.1-8b,wq_wo,2048,4096,4096,sarc_dev_780m_x_linear_q4gsw_coopmat_bx_t128x256k32g42s64f32bfliw_texture3d_texture2d_half,1,11901.4,0.105651,SKIPPED,,1,59,62,2800,2.1,2026-10-05T03:40:05Z
4w,F1,f00,bx_t128x256k32g42s64f32bfliw,llama-3.2-3b,wq_wo,2048,3072,3072,sarc_dev_780m_x_linear_q4gsw_coopmat_bx_t128x256k32g42s64f32bfliw_texture3d_texture2d_half,1,7390.08,0.127083,SKIPPED,,1,59,62,2800,2.1,2026-10-05T03:40:05Z
4w,F1,f00,bx_t128x256k32g42s64f32bfliw,llama-3.2-1b,wq_wo,2048,2048,2048,sarc_dev_780m_x_linear_q4gsw_coopmat_bx_t128x256k32g42s64f32bfliw_texture3d_texture2d_half,1,3506.14,0.143797,SKIPPED,,1,59,62,2800,2.1,2026-10-05T03:40:05Z
4w,F1,f00,bx_t128x256k32g42s32bfliw,llama-3.1-8b,wq_wo,2048,4096,4096,sarc_dev_780m_x_linear_q4gsw_coopmat_bx_t128x256k32g42s32bfliw_texture3d_texture2d_half,1,58588.6,0.00355565,SKIPPED,,1,56,61,2800,2.4,2026-10-05T03:40:07Z
4w,F1,f00,bx_t128x256k32g42s32bfliw,llama-3.2-3b,wq_wo,2048,3072,3072,sarc_dev_780m_x_linear_q4gsw_coopmat_bx_t128x256k32g42s32bfliw_texture3d_texture2d_half,1,32385,0.00880676,SKIPPED,,1,56,61,2800,2.4,2026-10-05T03:40:07Z
4w,F1,f00,bx_t128x256k32g42s32bfliw,llama-3.2-1b,wq_wo,2048,2048,2048,sarc_dev_780m_x_linear_q4gsw_coopmat_bx_t128x256k32g42s32bfliw_texture3d_texture2d_half,1,13424.6,0.00770146,SKIPPED,,1,56,61,2800,2.4,2026-10-05T03:40:07Z
4w,F1,f00,bx_t128x256k32g42s32gabfliw,llama-3.1-8b,wq_wo,2048,4096,4096,sarc_dev_780m_x_linear_q4gsw_coopmat_bx_t128x256k32g42s32gabfliw_texture3d_texture2d_half,1,88691.6,0.000531071,SKIPPED,,1,58,61,2800,2.6,2026-10-05T03:40:10Z
4w,F1,f00,bx_t128x256k32g42s32gabfliw,llama-3.2-3b,wq_wo,2048,3072,3072,sarc_dev_780m_x_linear_q4gsw_coopmat_bx_t128x256k32g42s32gabfliw_texture3d_texture2d_half,1,49571.6,0.000190421,SKIPPED,,1,58,61,2800,2.6,2026-10-05T03:40:10Z
4w,F1,f00,bx_t128x256k32g42s32gabfliw,llama-3.2-1b,wq_wo,2048,2048,2048,sarc_dev_780m_x_linear_q4gsw_coopmat_bx_t128x256k32g42s32gabfliw_texture3d_texture2d_half,1,20898.1,0.00664907,SKIPPED,,1,58,61,2800,2.6,2026-10-05T03:40:10Z
4w,F1,f00,bx_t128x256k32g42s32f32fliw,llama-3.1-8b,wq_wo,2048,4096,4096,sarc_dev_780m_x_linear_q4gsw_coopmat_bx_t128x256k32g42s32f32fliw_texture3d_texture2d_half,1,7629.54,0.125867,SKIPPED,,1,58,68,2800,2.0,2026-10-05T03:40:12Z
4w,F1,f00,bx_t128x256k32g42s32f32fliw,llama-3.2-3b,wq_wo,2048,3072,3072,sarc_dev_780m_x_linear_q4gsw_coopmat_bx_t128x256k32g42s32f32fliw_texture3d_texture2d_half,1,4483.44,0.141341,SKIPPED,,1,58,68,2800,2.0,2026-10-05T03:40:12Z
4w,F1,f00,bx_t128x256k32g42s32f32fliw,llama-3.2-1b,wq_wo,2048,2048,2048,sarc_dev_780m_x_linear_q4gsw_coopmat_bx_t128x256k32g42s32f32fliw_texture3d_texture2d_half,1,2026.48,0.138034,SKIPPED,,1,58,68,2800,2.0,2026-10-05T03:40:12Z
4w,F1,f00,bx_t128x256k32g42s32f32cfliw,llama-3.1-8b,wq_wo,2048,4096,4096,sarc_dev_780m_x_linear_q4gsw_coopmat_bx_t128x256k32g42s32f32cfliw_texture3d_texture2d_half,1,7685.04,0.130821,SKIPPED,,1,59,69,2800,2.0,2026-10-05T03:40:14Z
4w,F1,f00,bx_t128x256k32g42s32f32cfliw,llama-3.2-3b,wq_wo,2048,3072,3072,sarc_dev_780m_x_linear_q4gsw_coopmat_bx_t128x256k32g42s32f32cfliw_texture3d_texture2d_half,1,4419.08,0.142597,SKIPPED,,1,59,69,2800,2.0,2026-10-05T03:40:14Z
4w,F1,f00,bx_t128x256k32g42s32f32cfliw,llama-3.2-1b,wq_wo,2048,2048,2048,sarc_dev_780m_x_linear_q4gsw_coopmat_bx_t128x256k32g42s32f32cfliw_texture3d_texture2d_half,1,2052.82,0.136518,SKIPPED,,1,59,69,2800,2.0,2026-10-05T03:40:14Z
4w,F1,f00,bx_t128x256k32g42s32f32bfliiw,llama-3.1-8b,wq_wo,2048,4096,4096,sarc_dev_780m_x_linear_q4gsw_coopmat_bx_t128x256k32g42s32f32bfliiw_texture3d_texture2d_half,1,7666.82,0.128748,SKIPPED,,1,59,66,2800,2.0,2026-10-05T03:40:16Z
4w,F1,f00,bx_t128x256k32g42s32f32bfliiw,llama-3.2-3b,wq_wo,2048,3072,3072,sarc_dev_780m_x_linear_q4gsw_coopmat_bx_t128x256k32g42s32f32bfliiw_texture3d_texture2d_half,1,4455.76,0.13802,SKIPPED,,1,59,66,2800,2.0,2026-10-05T03:40:16Z
4w,F1,f00,bx_t128x256k32g42s32f32bfliiw,llama-3.2-1b,wq_wo,2048,2048,2048,sarc_dev_780m_x_linear_q4gsw_coopmat_bx_t128x256k32g42s32f32bfliiw_texture3d_texture2d_half,1,2144.32,0.157907,SKIPPED,,1,59,66,2800,2.0,2026-10-05T03:40:16Z
4w,F1,f00,bx_t128x256k32g42s32f32bfl,llama-3.1-8b,wq_wo,2048,4096,4096,sarc_dev_780m_x_linear_q4gsw_coopmat_bx_t128x256k32g42s32f32bfl_texture3d_texture2d_half,1,7669,0.129402,SKIPPED,,1,58,67,2800,2.0,2026-10-05T03:40:18Z
4w,F1,f00,bx_t128x256k32g42s32f32bfl,llama-3.2-3b,wq_wo,2048,3072,3072,sarc_dev_780m_x_linear_q4gsw_coopmat_bx_t128x256k32g42s32f32bfl_texture3d_texture2d_half,1,4358.08,0.128567,SKIPPED,,1,58,67,2800,2.0,2026-10-05T03:40:18Z
4w,F1,f00,bx_t128x256k32g42s32f32bfl,llama-3.2-1b,wq_wo,2048,2048,2048,sarc_dev_780m_x_linear_q4gsw_coopmat_bx_t128x256k32g42s32f32bfl_texture3d_texture2d_half,1,2027.46,0.141973,SKIPPED,,1,58,67,2800,2.0,2026-10-05T03:40:18Z
4w,F1,f00,t128x256k32g42s32f32bfliw,llama-3.1-8b,wq_wo,2048,4096,4096,sarc_dev_780m_x_linear_q4gsw_coopmat_t128x256k32g42s32f32bfliw_texture3d_texture2d_half,1,7939.74,0.143852,SKIPPED,,1,59,67,2800,2.0,2026-10-05T03:40:20Z
4w,F1,f00,t128x256k32g42s32f32bfliw,llama-3.2-3b,wq_wo,2048,3072,3072,sarc_dev_780m_x_linear_q4gsw_coopmat_t128x256k32g42s32f32bfliw_texture3d_texture2d_half,1,4445.46,0.140158,SKIPPED,,1,59,67,2800,2.0,2026-10-05T03:40:20Z
4w,F1,f00,t128x256k32g42s32f32bfliw,llama-3.2-1b,wq_wo,2048,2048,2048,sarc_dev_780m_x_linear_q4gsw_coopmat_t128x256k32g42s32f32bfliw_texture3d_texture2d_half,1,2042.88,0.146347,SKIPPED,,1,59,67,2800,2.0,2026-10-05T03:40:20Z
4w,F1,f00,t64x128k32g42s32f32c,llama-3.1-8b,wq_wo,2048,4096,4096,sarc_dev_780m_x_linear_q4gsw_coopmat_t64x128k32g42s32f32c_texture3d_texture2d_half,1,8203.18,0.110126,SKIPPED,,1,59,69,2800,2.0,2026-10-05T03:40:22Z
4w,F1,f00,t64x128k32g42s32f32c,llama-3.2-3b,wq_wo,2048,3072,3072,sarc_dev_780m_x_linear_q4gsw_coopmat_t64x128k32g42s32f32c_texture3d_texture2d_half,1,5052.3,0.140016,SKIPPED,,1,59,69,2800,2.0,2026-10-05T03:40:22Z
4w,F1,f00,t64x128k32g42s32f32c,llama-3.2-1b,wq_wo,2048,2048,2048,sarc_dev_780m_x_linear_q4gsw_coopmat_t64x128k32g42s32f32c_texture3d_texture2d_half,1,2310.34,0.155234,SKIPPED,,1,59,69,2800,2.0,2026-10-05T03:40:22Z
4w,F1,f00,t256x128k32g42s32f32c,llama-3.1-8b,wq_wo,2048,4096,4096,sarc_dev_780m_x_linear_q4gsw_coopmat_t256x128k32g42s32f32c_texture3d_texture2d_half,1,6957.2,0.101053,SKIPPED,,1,61,66,2800,2.0,2026-10-05T03:40:24Z
4w,F1,f00,t256x128k32g42s32f32c,llama-3.2-3b,wq_wo,2048,3072,3072,sarc_dev_780m_x_linear_q4gsw_coopmat_t256x128k32g42s32f32c_texture3d_texture2d_half,1,4278.98,0.126222,SKIPPED,,1,61,66,2800,2.0,2026-10-05T03:40:24Z
4w,F1,f00,t256x128k32g42s32f32c,llama-3.2-1b,wq_wo,2048,2048,2048,sarc_dev_780m_x_linear_q4gsw_coopmat_t256x128k32g42s32f32c_texture3d_texture2d_half,1,1996.6,0.129485,SKIPPED,,1,61,66,2800,2.0,2026-10-05T03:40:24Z
4w,F1,f00,t128x64k32g42s32f32c,llama-3.1-8b,wq_wo,2048,4096,4096,sarc_dev_780m_x_linear_q4gsw_coopmat_t128x64k32g42s32f32c_texture3d_texture2d_half,1,8029.1,0.105013,SKIPPED,,1,58,67,2800,2.1,2026-10-05T03:40:26Z
4w,F1,f00,t128x64k32g42s32f32c,llama-3.2-3b,wq_wo,2048,3072,3072,sarc_dev_780m_x_linear_q4gsw_coopmat_t128x64k32g42s32f32c_texture3d_texture2d_half,1,5231.9,0.162724,SKIPPED,,1,58,67,2800,2.1,2026-10-05T03:40:26Z
4w,F1,f00,t128x64k32g42s32f32c,llama-3.2-1b,wq_wo,2048,2048,2048,sarc_dev_780m_x_linear_q4gsw_coopmat_t128x64k32g42s32f32c_texture3d_texture2d_half,1,2301.22,0.160916,SKIPPED,,1,58,67,2800,2.1,2026-10-05T03:40:26Z
4w,F1,f00,t128x128k16g42s32f32c,llama-3.1-8b,wq_wo,2048,4096,4096,sarc_dev_780m_x_linear_q4gsw_coopmat_t128x128k16g42s32f32c_texture3d_texture2d_half,1,8728.06,0.0861503,SKIPPED,,1,59,68,2800,2.0,2026-10-05T03:40:28Z
4w,F1,f00,t128x128k16g42s32f32c,llama-3.2-3b,wq_wo,2048,3072,3072,sarc_dev_780m_x_linear_q4gsw_coopmat_t128x128k16g42s32f32c_texture3d_texture2d_half,1,5171.3,0.124415,SKIPPED,,1,59,68,2800,2.0,2026-10-05T03:40:28Z
4w,F1,f00,t128x128k16g42s32f32c,llama-3.2-1b,wq_wo,2048,2048,2048,sarc_dev_780m_x_linear_q4gsw_coopmat_t128x128k16g42s32f32c_texture3d_texture2d_half,1,2329.94,0.140688,SKIPPED,,1,59,68,2800,2.0,2026-10-05T03:40:28Z
4w,F1,f00,t128x128k32g12s32f32c,llama-3.1-8b,wq_wo,2048,4096,4096,sarc_dev_780m_x_linear_q4gsw_coopmat_t128x128k32g12s32f32c_texture3d_texture2d_half,1,34873.4,0.00390631,SKIPPED,,1,59,62,2800,2.4,2026-10-05T03:40:31Z
4w,F1,f00,t128x128k32g12s32f32c,llama-3.2-3b,wq_wo,2048,3072,3072,sarc_dev_780m_x_linear_q4gsw_coopmat_t128x128k32g12s32f32c_texture3d_texture2d_half,1,19442.6,0.00777848,SKIPPED,,1,59,62,2800,2.4,2026-10-05T03:40:31Z
4w,F1,f00,t128x128k32g12s32f32c,llama-3.2-1b,wq_wo,2048,2048,2048,sarc_dev_780m_x_linear_q4gsw_coopmat_t128x128k32g12s32f32c_texture3d_texture2d_half,1,8707.42,0.0695705,SKIPPED,,1,59,62,2800,2.4,2026-10-05T03:40:31Z
4w,F1,f00,t128x128k32g22s32f32c,llama-3.1-8b,wq_wo,2048,4096,4096,sarc_dev_780m_x_linear_q4gsw_coopmat_t128x128k32g22s32f32c_texture3d_texture2d_half,1,6736.16,0.0956111,SKIPPED,,1,58,67,2800,2.0,2026-10-05T03:40:33Z
4w,F1,f00,t128x128k32g22s32f32c,llama-3.2-3b,wq_wo,2048,3072,3072,sarc_dev_780m_x_linear_q4gsw_coopmat_t128x128k32g22s32f32c_texture3d_texture2d_half,1,4019.22,0.124981,SKIPPED,,1,58,67,2800,2.0,2026-10-05T03:40:33Z
4w,F1,f00,t128x128k32g22s32f32c,llama-3.2-1b,wq_wo,2048,2048,2048,sarc_dev_780m_x_linear_q4gsw_coopmat_t128x128k32g22s32f32c_texture3d_texture2d_half,1,1888.9,0.150249,SKIPPED,,1,58,67,2800,2.0,2026-10-05T03:40:33Z
4w,F1,f00,t128x128k32g82s32f32c,llama-3.1-8b,wq_wo,2048,4096,4096,sarc_dev_780m_x_linear_q4gsw_coopmat_t128x128k32g82s32f32c_texture3d_texture2d_half,1,9247.06,0.0762678,SKIPPED,,1,59,68,2800,2.0,2026-10-05T03:40:35Z
4w,F1,f00,t128x128k32g82s32f32c,llama-3.2-3b,wq_wo,2048,3072,3072,sarc_dev_780m_x_linear_q4gsw_coopmat_t128x128k32g82s32f32c_texture3d_texture2d_half,1,6241.92,0.155841,SKIPPED,,1,59,68,2800,2.0,2026-10-05T03:40:35Z
4w,F1,f00,t128x128k32g82s32f32c,llama-3.2-1b,wq_wo,2048,2048,2048,sarc_dev_780m_x_linear_q4gsw_coopmat_t128x128k32g82s32f32c_texture3d_texture2d_half,1,2687.56,0.147204,SKIPPED,,1,59,68,2800,2.0,2026-10-05T03:40:35Z
4w,F1,f00,t128x128k32g41s32f32c,llama-3.1-8b,wq_wo,2048,4096,4096,sarc_dev_780m_x_linear_q4gsw_coopmat_t128x128k32g41s32f32c_texture3d_texture2d_half,1,8979.44,0.0870264,SKIPPED,,1,59,66,2800,2.0,2026-10-05T03:40:37Z
4w,F1,f00,t128x128k32g41s32f32c,llama-3.2-3b,wq_wo,2048,3072,3072,sarc_dev_780m_x_linear_q4gsw_coopmat_t128x128k32g41s32f32c_texture3d_texture2d_half,1,5476.94,0.116398,SKIPPED,,1,59,66,2800,2.0,2026-10-05T03:40:37Z
4w,F1,f00,t128x128k32g41s32f32c,llama-3.2-1b,wq_wo,2048,2048,2048,sarc_dev_780m_x_linear_q4gsw_coopmat_t128x128k32g41s32f32c_texture3d_texture2d_half,1,2414.3,0.111609,SKIPPED,,1,59,66,2800,2.0,2026-10-05T03:40:37Z
4w,F1,f00,t128x128k32g44s32f32c,llama-3.1-8b,wq_wo,2048,4096,4096,sarc_dev_780m_x_linear_q4gsw_coopmat_t128x128k32g44s32f32c_texture3d_texture2d_half,1,8660.86,0.102279,SKIPPED,,1,58,69,2800,2.0,2026-10-05T03:40:39Z
4w,F1,f00,t128x128k32g44s32f32c,llama-3.2-3b,wq_wo,2048,3072,3072,sarc_dev_780m_x_linear_q4gsw_coopmat_t128x128k32g44s32f32c_texture3d_texture2d_half,1,5222.96,0.127386,SKIPPED,,1,58,69,2800,2.0,2026-10-05T03:40:39Z
4w,F1,f00,t128x128k32g44s32f32c,llama-3.2-1b,wq_wo,2048,2048,2048,sarc_dev_780m_x_linear_q4gsw_coopmat_t128x128k32g44s32f32c_texture3d_texture2d_half,1,2430.04,0.142148,SKIPPED,,1,58,69,2800,2.0,2026-10-05T03:40:39Z
4w,F1,f00,t128x128k32g42s32c,llama-3.1-8b,wq_wo,2048,4096,4096,sarc_dev_780m_x_linear_q4gsw_coopmat_t128x128k32g42s32c_texture3d_texture2d_half,1,8727.2,0.107156,SKIPPED,,1,59,68,2800,2.0,2026-10-05T03:40:41Z
4w,F1,f00,t128x128k32g42s32c,llama-3.2-3b,wq_wo,2048,3072,3072,sarc_dev_780m_x_linear_q4gsw_coopmat_t128x128k32g42s32c_texture3d_texture2d_half,1,5178.72,0.127498,SKIPPED,,1,59,68,2800,2.0,2026-10-05T03:40:41Z
4w,F1,f00,t128x128k32g42s32c,llama-3.2-1b,wq_wo,2048,2048,2048,sarc_dev_780m_x_linear_q4gsw_coopmat_t128x128k32g42s32c_texture3d_texture2d_half,1,2443.34,0.146165,SKIPPED,,1,59,68,2800,2.0,2026-10-05T03:40:41Z
4w,F1,f00,t128x128k32g42s32gac,llama-3.1-8b,wq_wo,2048,4096,4096,sarc_dev_780m_x_linear_q4gsw_coopmat_t128x128k32g42s32gac_texture3d_texture2d_half,1,8408.22,0.0915682,SKIPPED,,1,59,66,2800,2.0,2026-10-05T03:40:43Z
4w,F1,f00,t128x128k32g42s32gac,llama-3.2-3b,wq_wo,2048,3072,3072,sarc_dev_780m_x_linear_q4gsw_coopmat_t128x128k32g42s32gac_texture3d_texture2d_half,1,5166.38,0.127698,SKIPPED,,1,59,66,2800,2.0,2026-10-05T03:40:43Z
4w,F1,f00,t128x128k32g42s32gac,llama-3.2-1b,wq_wo,2048,2048,2048,sarc_dev_780m_x_linear_q4gsw_coopmat_t128x128k32g42s32gac_texture3d_texture2d_half,1,2395.48,0.144975,SKIPPED,,1,59,66,2800,2.0,2026-10-05T03:40:43Z
4w,F1,f00,t128x128k32g42s32f32,llama-3.1-8b,wq_wo,2048,4096,4096,sarc_dev_780m_x_linear_q4gsw_coopmat_t128x128k32g42s32f32_texture3d_texture2d_half,1,8197.2,0.103991,SKIPPED,,1,58,66,2800,2.0,2026-10-05T03:40:45Z
4w,F1,f00,t128x128k32g42s32f32,llama-3.2-3b,wq_wo,2048,3072,3072,sarc_dev_780m_x_linear_q4gsw_coopmat_t128x128k32g42s32f32_texture3d_texture2d_half,1,5012.02,0.141588,SKIPPED,,1,58,66,2800,2.0,2026-10-05T03:40:45Z
4w,F1,f00,t128x128k32g42s32f32,llama-3.2-1b,wq_wo,2048,2048,2048,sarc_dev_780m_x_linear_q4gsw_coopmat_t128x128k32g42s32f32_texture3d_texture2d_half,1,2203.86,0.141606,SKIPPED,,1,58,66,2800,2.0,2026-10-05T03:40:45Z
4w,F1,f00,t128x128k32g42s32f32xp,llama-3.1-8b,wq_wo,2048,4096,4096,sarc_dev_780m_x_linear_q4gsw_coopmat_t128x128k32g42s32f32xp_texture3d_texture2d_half,1,6765.76,0.108402,SKIPPED,,1,58,70,2800,2.0,2026-10-05T03:40:47Z
4w,F1,f00,t128x128k32g42s32f32xp,llama-3.2-3b,wq_wo,2048,3072,3072,sarc_dev_780m_x_linear_q4gsw_coopmat_t128x128k32g42s32f32xp_texture3d_texture2d_half,1,4018.88,0.146965,SKIPPED,,1,58,70,2800,2.0,2026-10-05T03:40:47Z
4w,F1,f00,t128x128k32g42s32f32xp,llama-3.2-1b,wq_wo,2048,2048,2048,sarc_dev_780m_x_linear_q4gsw_coopmat_t128x128k32g42s32f32xp_texture3d_texture2d_half,1,1795.38,0.143655,SKIPPED,,1,58,70,2800,2.0,2026-10-05T03:40:47Z
4w,F1,f00,t128x128k32g42s32f32b,llama-3.1-8b,wq_wo,2048,4096,4096,sarc_dev_780m_x_linear_q4gsw_coopmat_t128x128k32g42s32f32b_texture3d_texture2d_half,1,7407.72,0.127439,SKIPPED,,1,60,70,2800,2.0,2026-10-05T03:40:49Z
4w,F1,f00,t128x128k32g42s32f32b,llama-3.2-3b,wq_wo,2048,3072,3072,sarc_dev_780m_x_linear_q4gsw_coopmat_t128x128k32g42s32f32b_texture3d_texture2d_half,1,3981.1,0.137581,SKIPPED,,1,60,70,2800,2.0,2026-10-05T03:40:49Z
4w,F1,f00,t128x128k32g42s32f32b,llama-3.2-1b,wq_wo,2048,2048,2048,sarc_dev_780m_x_linear_q4gsw_coopmat_t128x128k32g42s32f32b_texture3d_texture2d_half,1,1839.22,0.140728,SKIPPED,,1,60,70,2800,2.0,2026-10-05T03:40:49Z
4w,F1,f00,t128x128k32g42s32f32cfl,llama-3.1-8b,wq_wo,2048,4096,4096,sarc_dev_780m_x_linear_q4gsw_coopmat_t128x128k32g42s32f32cfl_texture3d_texture2d_half,1,8042.16,0.103785,SKIPPED,,1,59,66,2800,2.0,2026-10-05T03:40:51Z
4w,F1,f00,t128x128k32g42s32f32cfl,llama-3.2-3b,wq_wo,2048,3072,3072,sarc_dev_780m_x_linear_q4gsw_coopmat_t128x128k32g42s32f32cfl_texture3d_texture2d_half,1,4945.84,0.137772,SKIPPED,,1,59,66,2800,2.0,2026-10-05T03:40:51Z
4w,F1,f00,t128x128k32g42s32f32cfl,llama-3.2-1b,wq_wo,2048,2048,2048,sarc_dev_780m_x_linear_q4gsw_coopmat_t128x128k32g42s32f32cfl_texture3d_texture2d_half,1,2253.98,0.150446,SKIPPED,,1,59,66,2800,2.0,2026-10-05T03:40:51Z
4w,F1,f00,t128x128k32g42s32f32ci,llama-3.1-8b,wq_wo,2048,4096,4096,sarc_dev_780m_x_linear_q4gsw_coopmat_t128x128k32g42s32f32ci_texture3d_texture2d_half,1,6899.16,0.111099,SKIPPED,,1,59,69,2800,2.0,2026-10-05T03:40:53Z
4w,F1,f00,t128x128k32g42s32f32ci,llama-3.2-3b,wq_wo,2048,3072,3072,sarc_dev_780m_x_linear_q4gsw_coopmat_t128x128k32g42s32f32ci_texture3d_texture2d_half,1,4017.22,0.143441,SKIPPED,,1,59,69,2800,2.0,2026-10-05T03:40:53Z
4w,F1,f00,t128x128k32g42s32f32ci,llama-3.2-1b,wq_wo,2048,2048,2048,sarc_dev_780m_x_linear_q4gsw_coopmat_t128x128k32g42s32f32ci_texture3d_texture2d_half,1,1809.86,0.137417,SKIPPED,,1,59,69,2800,2.0,2026-10-05T03:40:53Z
4w,F1,f00,t128x128k32g42s32f32cbt,llama-3.1-8b,wq_wo,2048,4096,4096,sarc_dev_780m_x_linear_q4gsw_coopmat_t128x128k32g42s32f32cbt_texture3d_texture2d_half,1,6799.6,0.100739,SKIPPED,,1,60,68,2800,1.9,2026-10-05T03:40:55Z
4w,F1,f00,t128x128k32g42s32f32cbt,llama-3.2-3b,wq_wo,2048,3072,3072,sarc_dev_780m_x_linear_q4gsw_coopmat_t128x128k32g42s32f32cbt_texture3d_texture2d_half,1,3983.78,0.129396,SKIPPED,,1,60,68,2800,1.9,2026-10-05T03:40:55Z
4w,F1,f00,t128x128k32g42s32f32cbt,llama-3.2-1b,wq_wo,2048,2048,2048,sarc_dev_780m_x_linear_q4gsw_coopmat_t128x128k32g42s32f32cbt_texture3d_texture2d_half,1,1812.44,0.135233,SKIPPED,,1,60,68,2800,1.9,2026-10-05T03:40:55Z
4w,F1,f00,bx_t128x128k32g42s32f32c,llama-3.1-8b,wq_wo,2048,4096,4096,sarc_dev_780m_x_linear_q4gsw_coopmat_bx_t128x128k32g42s32f32c_texture3d_texture2d_half,1,7298.66,0.0855471,SKIPPED,,1,59,70,2800,2.0,2026-10-05T03:40:57Z
4w,F1,f00,bx_t128x128k32g42s32f32c,llama-3.2-3b,wq_wo,2048,3072,3072,sarc_dev_780m_x_linear_q4gsw_coopmat_bx_t128x128k32g42s32f32c_texture3d_texture2d_half,1,4548.28,0.143424,SKIPPED,,1,59,70,2800,2.0,2026-10-05T03:40:57Z
4w,F1,f00,bx_t128x128k32g42s32f32c,llama-3.2-1b,wq_wo,2048,2048,2048,sarc_dev_780m_x_linear_q4gsw_coopmat_bx_t128x128k32g42s32f32c_texture3d_texture2d_half,1,1946.82,0.13919,SKIPPED,,1,59,70,2800,2.0,2026-10-05T03:40:57Z
4w,F1,f00,t128x256k32g22s32f32c,llama-3.1-8b,wq_wo,2048,4096,4096,sarc_dev_780m_x_linear_q4gsw_coopmat_t128x256k32g22s32f32c_texture3d_texture2d_half,1,25604.4,0.0059511,SKIPPED,,1,59,63,2800,2.2,2026-10-05T03:40:59Z
4w,F1,f00,t128x256k32g22s32f32c,llama-3.2-3b,wq_wo,2048,3072,3072,sarc_dev_780m_x_linear_q4gsw_coopmat_t128x256k32g22s32f32c_texture3d_texture2d_half,1,13985.9,0.0640477,SKIPPED,,1,59,63,2800,2.2,2026-10-05T03:40:59Z
4w,F1,f00,t128x256k32g22s32f32c,llama-3.2-1b,wq_wo,2048,2048,2048,sarc_dev_780m_x_linear_q4gsw_coopmat_t128x256k32g22s32f32c_texture3d_texture2d_half,1,6788.14,0.0981194,SKIPPED,,1,59,63,2800,2.2,2026-10-05T03:40:59Z
4w,F1,f00,t128x256k32g82s32f32c,llama-3.1-8b,wq_wo,2048,4096,4096,sarc_dev_780m_x_linear_q4gsw_coopmat_t128x256k32g82s32f32c_texture3d_texture2d_half,1,8804.94,0.0955557,SKIPPED,,1,58,65,2800,2.0,2026-10-05T03:41:01Z
4w,F1,f00,t128x256k32g82s32f32c,llama-3.2-3b,wq_wo,2048,3072,3072,sarc_dev_780m_x_linear_q4gsw_coopmat_t128x256k32g82s32f32c_texture3d_texture2d_half,1,5363.46,0.115294,SKIPPED,,1,58,65,2800,2.0,2026-10-05T03:41:01Z
4w,F1,f00,t128x256k32g82s32f32c,llama-3.2-1b,wq_wo,2048,2048,2048,sarc_dev_780m_x_linear_q4gsw_coopmat_t128x256k32g82s32f32c_texture3d_texture2d_half,1,2604.36,0.138192,SKIPPED,,1,58,65,2800,2.0,2026-10-05T03:41:01Z
4w,F1,f00,t128x256k32g41s32f32c,llama-3.1-8b,wq_wo,2048,4096,4096,sarc_dev_780m_x_linear_q4gsw_coopmat_t128x256k32g41s32f32c_texture3d_texture2d_half,1,27638.6,0.00177161,SKIPPED,,1,57,63,2800,2.2,2026-10-05T03:41:03Z
4w,F1,f00,t128x256k32g41s32f32c,llama-3.2-3b,wq_wo,2048,3072,3072,sarc_dev_780m_x_linear_q4gsw_coopmat_t128x256k32g41s32f32c_texture3d_texture2d_half,1,15176.4,0.0111627,SKIPPED,,1,57,63,2800,2.2,2026-10-05T03:41:03Z
4w,F1,f00,t128x256k32g41s32f32c,llama-3.2-1b,wq_wo,2048,2048,2048,sarc_dev_780m_x_linear_q4gsw_coopmat_t128x256k32g41s32f32c_texture3d_texture2d_half,1,7753.64,0.109359,SKIPPED,,1,57,63,2800,2.2,2026-10-05T03:41:03Z
4w,F1,f00,t128x256k32g42s64f32c,llama-3.1-8b,wq_wo,2048,4096,4096,sarc_dev_780m_x_linear_q4gsw_coopmat_t128x256k32g42s64f32c_texture3d_texture2d_half,1,9354.06,0.0735828,SKIPPED,,1,58,63,2800,2.0,2026-10-05T03:41:05Z
4w,F1,f00,t128x256k32g42s64f32c,llama-3.2-3b,wq_wo,2048,3072,3072,sarc_dev_780m_x_linear_q4gsw_coopmat_t128x256k32g42s64f32c_texture3d_texture2d_half,1,6053.76,0.13118,SKIPPED,,1,58,63,2800,2.0,2026-10-05T03:41:05Z
4w,F1,f00,t128x256k32g42s64f32c,llama-3.2-1b,wq_wo,2048,2048,2048,sarc_dev_780m_x_linear_q4gsw_coopmat_t128x256k32g42s64f32c_texture3d_texture2d_half,1,2770.6,0.131308,SKIPPED,,1,58,63,2800,2.0,2026-10-05T03:41:05Z
4w,F1,f00,t128x256k32g42s32c,llama-3.1-8b,wq_wo,2048,4096,4096,sarc_dev_780m_x_linear_q4gsw_coopmat_t128x256k32g42s32c_texture3d_texture2d_half,1,92811.9,0.00256365,SKIPPED,,1,57,61,2800,2.6,2026-10-05T03:41:08Z
4w,F1,f00,t128x256k32g42s32c,llama-3.2-3b,wq_wo,2048,3072,3072,sarc_dev_780m_x_linear_q4gsw_coopmat_t128x256k32g42s32c_texture3d_texture2d_half,1,51652.7,0.000968004,SKIPPED,,1,57,61,2800,2.6,2026-10-05T03:41:08Z
4w,F1,f00,t128x256k32g42s32c,llama-3.2-1b,wq_wo,2048,2048,2048,sarc_dev_780m_x_linear_q4gsw_coopmat_t128x256k32g42s32c_texture3d_texture2d_half,1,21837.9,0.0058861,SKIPPED,,1,57,61,2800,2.6,2026-10-05T03:41:08Z
4w,F1,f00,t128x256k32g42s32gac,llama-3.1-8b,wq_wo,2048,4096,4096,sarc_dev_780m_x_linear_q4gsw_coopmat_t128x256k32g42s32gac_texture3d_texture2d_half,1,109433,0.00864933,SKIPPED,,1,58,61,2800,2.7,2026-10-05T03:41:11Z
4w,F1,f00,t128x256k32g42s32gac,llama-3.2-3b,wq_wo,2048,3072,3072,sarc_dev_780m_x_linear_q4gsw_coopmat_t128x256k32g42s32gac_texture3d_texture2d_half,1,61683.7,0.00139323,SKIPPED,,1,58,61,2800,2.7,2026-10-05T03:41:11Z
4w,F1,f00,t128x256k32g42s32gac,llama-3.2-1b,wq_wo,2048,2048,2048,sarc_dev_780m_x_linear_q4gsw_coopmat_t128x256k32g42s32gac_texture3d_texture2d_half,1,26379,0.00956561,SKIPPED,,1,58,61,2800,2.7,2026-10-05T03:41:11Z
4w,F1,f00,t128x256k32g42s32f32xp,llama-3.1-8b,wq_wo,2048,4096,4096,sarc_dev_780m_x_linear_q4gsw_coopmat_t128x256k32g42s32f32xp_texture3d_texture2d_half,1,6751.36,0.135559,SKIPPED,,1,56,69,2800,2.1,2026-10-05T03:41:13Z
4w,F1,f00,t128x256k32g42s32f32xp,llama-3.2-3b,wq_wo,2048,3072,3072,sarc_dev_780m_x_linear_q4gsw_coopmat_t128x256k32g42s32f32xp_texture3d_texture2d_half,1,3996.38,0.140539,SKIPPED,,1,56,69,2800,2.1,2026-10-05T03:41:13Z
4w,F1,f00,t128x256k32g42s32f32xp,llama-3.2-1b,wq_wo,2048,2048,2048,sarc_dev_780m_x_linear_q4gsw_coopmat_t128x256k32g42s32f32xp_texture3d_texture2d_half,1,1850.88,0.143604,SKIPPED,,1,56,69,2800,2.1,2026-10-05T03:41:13Z
4w,F1,f00,t128x256k32g42s32f32cfl,llama-3.1-8b,wq_wo,2048,4096,4096,sarc_dev_780m_x_linear_q4gsw_coopmat_t128x256k32g42s32f32cfl_texture3d_texture2d_half,1,8041.8,0.143972,SKIPPED,,1,59,65,2800,2.0,2026-10-05T03:41:15Z
4w,F1,f00,t128x256k32g42s32f32cfl,llama-3.2-3b,wq_wo,2048,3072,3072,sarc_dev_780m_x_linear_q4gsw_coopmat_t128x256k32g42s32f32cfl_texture3d_texture2d_half,1,4511.64,0.144557,SKIPPED,,1,59,65,2800,2.0,2026-10-05T03:41:15Z
4w,F1,f00,t128x256k32g42s32f32cfl,llama-3.2-1b,wq_wo,2048,2048,2048,sarc_dev_780m_x_linear_q4gsw_coopmat_t128x256k32g42s32f32cfl_texture3d_texture2d_half,1,2031.54,0.140165,SKIPPED,,1,59,65,2800,2.0,2026-10-05T03:41:15Z
4w,F1,f00,t128x256k32g42s32f32ci,llama-3.1-8b,wq_wo,2048,4096,4096,sarc_dev_780m_x_linear_q4gsw_coopmat_t128x256k32g42s32f32ci_texture3d_texture2d_half,1,6626.22,0.121174,SKIPPED,,1,58,69,2800,2.0,2026-10-05T03:41:17Z
4w,F1,f00,t128x256k32g42s32f32ci,llama-3.2-3b,wq_wo,2048,3072,3072,sarc_dev_780m_x_linear_q4gsw_coopmat_t128x256k32g42s32f32ci_texture3d_texture2d_half,1,4091.64,0.137617,SKIPPED,,1,58,69,2800,2.0,2026-10-05T03:41:17Z
4w,F1,f00,t128x256k32g42s32f32ci,llama-3.2-1b,wq_wo,2048,2048,2048,sarc_dev_780m_x_linear_q4gsw_coopmat_t128x256k32g42s32f32ci_texture3d_texture2d_half,1,1829.04,0.132676,SKIPPED,,1,58,69,2800,2.0,2026-10-05T03:41:17Z
4w,F1,f00,t128x256k32g42s32f32cbt,llama-3.1-8b,wq_wo,2048,4096,4096,sarc_dev_780m_x_linear_q4gsw_coopmat_t128x256k32g42s32f32cbt_texture3d_texture2d_half,1,6538.92,0.123458,SKIPPED,,1,59,68,2800,2.0,2026-10-05T03:41:19Z
4w,F1,f00,t128x256k32g42s32f32cbt,llama-3.2-3b,wq_wo,2048,3072,3072,sarc_dev_780m_x_linear_q4gsw_coopmat_t128x256k32g42s32f32cbt_texture3d_texture2d_half,1,3971.56,0.140661,SKIPPED,,1,59,68,2800,2.0,2026-10-05T03:41:19Z
4w,F1,f00,t128x256k32g42s32f32cbt,llama-3.2-1b,wq_wo,2048,2048,2048,sarc_dev_780m_x_linear_q4gsw_coopmat_t128x256k32g42s32f32cbt_texture3d_texture2d_half,1,1793.4,0.137625,SKIPPED,,1,59,68,2800,2.0,2026-10-05T03:41:19Z
4w,F1,f00,bx_t128x256k32g42s32f32c,llama-3.1-8b,wq_wo,2048,4096,4096,sarc_dev_780m_x_linear_q4gsw_coopmat_bx_t128x256k32g42s32f32c_texture3d_texture2d_half,1,6516.56,0.117395,SKIPPED,,1,59,68,2800,2.0,2026-10-05T03:41:21Z
4w,F1,f00,bx_t128x256k32g42s32f32c,llama-3.2-3b,wq_wo,2048,3072,3072,sarc_dev_780m_x_linear_q4gsw_coopmat_bx_t128x256k32g42s32f32c_texture3d_texture2d_half,1,4042.9,0.138366,SKIPPED,,1,59,68,2800,2.0,2026-10-05T03:41:21Z
4w,F1,f00,bx_t128x256k32g42s32f32c,llama-3.2-1b,wq_wo,2048,2048,2048,sarc_dev_780m_x_linear_q4gsw_coopmat_bx_t128x256k32g42s32f32c_texture3d_texture2d_half,1,1829.8,0.14201,SKIPPED,,1,59,68,2800,2.0,2026-10-05T03:41:21Z
4w,F1,f00,bx_t64x64k32g42s32f32xpiw,llama-3.1-8b,wq_wo,2048,4096,4096,sarc_dev_780m_x_linear_q4gsw_coopmat_bx_t64x64k32g42s32f32xpiw_texture3d_texture2d_half,1,9263.36,0.106567,SKIPPED,,1,59,67,2800,2.0,2026-10-05T03:41:23Z
4w,F1,f00,bx_t64x64k32g42s32f32xpiw,llama-3.2-3b,wq_wo,2048,3072,3072,sarc_dev_780m_x_linear_q4gsw_coopmat_bx_t64x64k32g42s32f32xpiw_texture3d_texture2d_half,1,5921.42,0.142123,SKIPPED,,1,59,67,2800,2.0,2026-10-05T03:41:23Z
4w,F1,f00,bx_t64x64k32g42s32f32xpiw,llama-3.2-1b,wq_wo,2048,2048,2048,sarc_dev_780m_x_linear_q4gsw_coopmat_bx_t64x64k32g42s32f32xpiw_texture3d_texture2d_half,1,2643.84,0.149357,SKIPPED,,1,59,67,2800,2.0,2026-10-05T03:41:23Z
4w,F1,f00,bx_t64x128k32g42s32f32xpiw,llama-3.1-8b,wq_wo,2048,4096,4096,sarc_dev_780m_x_linear_q4gsw_coopmat_bx_t64x128k32g42s32f32xpiw_texture3d_texture2d_half,1,8388.74,0.0976988,SKIPPED,,1,59,71,2800,2.0,2026-10-05T03:41:25Z
4w,F1,f00,bx_t64x128k32g42s32f32xpiw,llama-3.2-3b,wq_wo,2048,3072,3072,sarc_dev_780m_x_linear_q4gsw_coopmat_bx_t64x128k32g42s32f32xpiw_texture3d_texture2d_half,1,5140.82,0.133115,SKIPPED,,1,59,71,2800,2.0,2026-10-05T03:41:25Z
4w,F1,f00,bx_t64x128k32g42s32f32xpiw,llama-3.2-1b,wq_wo,2048,2048,2048,sarc_dev_780m_x_linear_q4gsw_coopmat_bx_t64x128k32g42s32f32xpiw_texture3d_texture2d_half,1,2306.88,0.141479,SKIPPED,,1,59,71,2800,2.0,2026-10-05T03:41:25Z
4w,F1,f00,bx_t64x256k32g42s32xpiw,llama-3.1-8b,wq_wo,2048,4096,4096,sarc_dev_780m_x_linear_q4gsw_coopmat_bx_t64x256k32g42s32xpiw_texture3d_texture2d_half,1,9144.3,0.081841,SKIPPED,,1,60,52,800,8.0,2026-10-05T03:41:33Z
4w,F1,f00,bx_t64x256k32g42s32xpiw,llama-3.2-3b,wq_wo,2048,3072,3072,sarc_dev_780m_x_linear_q4gsw_coopmat_bx_t64x256k32g42s32xpiw_texture3d_texture2d_half,1,6203.58,0.153005,SKIPPED,,1,60,52,800,8.0,2026-10-05T03:41:33Z
4w,F1,f00,bx_t64x256k32g42s32xpiw,llama-3.2-1b,wq_wo,2048,2048,2048,sarc_dev_780m_x_linear_q4gsw_coopmat_bx_t64x256k32g42s32xpiw_texture3d_texture2d_half,1,2689.74,0.1505,SKIPPED,,1,60,52,800,8.0,2026-10-05T03:41:33Z
4w,F1,f00,bx_t64x256k32g42s32gaxpiw,llama-3.1-8b,wq_wo,2048,4096,4096,sarc_dev_780m_x_linear_q4gsw_coopmat_bx_t64x256k32g42s32gaxpiw_texture3d_texture2d_half,1,9155.78,0.0903409,SKIPPED,,1,52,65,2800,2.0,2026-10-05T03:41:35Z
4w,F1,f00,bx_t64x256k32g42s32gaxpiw,llama-3.2-3b,wq_wo,2048,3072,3072,sarc_dev_780m_x_linear_q4gsw_coopmat_bx_t64x256k32g42s32gaxpiw_texture3d_texture2d_half,1,6105.76,0.141632,SKIPPED,,1,52,65,2800,2.0,2026-10-05T03:41:35Z
4w,F1,f00,bx_t64x256k32g42s32gaxpiw,llama-3.2-1b,wq_wo,2048,2048,2048,sarc_dev_780m_x_linear_q4gsw_coopmat_bx_t64x256k32g42s32gaxpiw_texture3d_texture2d_half,1,2686.58,0.155399,SKIPPED,,1,52,65,2800,2.0,2026-10-05T03:41:35Z
4w,F1,f00,bx_t64x256k32g42s32f32iw,llama-3.1-8b,wq_wo,2048,4096,4096,sarc_dev_780m_x_linear_q4gsw_coopmat_bx_t64x256k32g42s32f32iw_texture3d_texture2d_half,1,8525.26,0.107547,SKIPPED,,1,52,66,2800,2.0,2026-10-05T03:41:37Z
4w,F1,f00,bx_t64x256k32g42s32f32iw,llama-3.2-3b,wq_wo,2048,3072,3072,sarc_dev_780m_x_linear_q4gsw_coopmat_bx_t64x256k32g42s32f32iw_texture3d_texture2d_half,1,5386.64,0.140769,SKIPPED,,1,52,66,2800,2.0,2026-10-05T03:41:37Z
4w,F1,f00,bx_t64x256k32g42s32f32iw,llama-3.2-1b,wq_wo,2048,2048,2048,sarc_dev_780m_x_linear_q4gsw_coopmat_bx_t64x256k32g42s32f32iw_texture3d_texture2d_half,1,2477.76,0.152596,SKIPPED,,1,52,66,2800,2.0,2026-10-05T03:41:37Z
4w,F1,f00,bx_t64x256k32g42s32f32biw,llama-3.1-8b,wq_wo,2048,4096,4096,sarc_dev_780m_x_linear_q4gsw_coopmat_bx_t64x256k32g42s32f32biw_texture3d_texture2d_half,1,8808.1,0.124469,SKIPPED,,1,52,67,2800,2.1,2026-10-05T03:41:40Z
4w,F1,f00,bx_t64x256k32g42s32f32biw,llama-3.2-3b,wq_wo,2048,3072,3072,sarc_dev_780m_x_linear_q4gsw_coopmat_bx_t64x256k32g42s32f32biw_texture3d_texture2d_half,1,5332.48,0.138586,SKIPPED,,1,52,67,2800,2.1,2026-10-05T03:41:40Z
4w,F1,f00,bx_t64x256k32g42s32f32biw,llama-3.2-1b,wq_wo,2048,2048,2048,sarc_dev_780m_x_linear_q4gsw_coopmat_bx_t64x256k32g42s32f32biw_texture3d_texture2d_half,1,2474.6,0.155382,SKIPPED,,1,52,67,2800,2.1,2026-10-05T03:41:40Z
4w,F1,f00,bx_t64x256k32g42s32f32xpiiw,llama-3.1-8b,wq_wo,2048,4096,4096,sarc_dev_780m_x_linear_q4gsw_coopmat_bx_t64x256k32g42s32f32xpiiw_texture3d_texture2d_half,1,8559.16,0.113114,SKIPPED,,1,55,66,2800,2.1,2026-10-05T03:41:42Z
4w,F1,f00,bx_t64x256k32g42s32f32xpiiw,llama-3.2-3b,wq_wo,2048,3072,3072,sarc_dev_780m_x_linear_q4gsw_coopmat_bx_t64x256k32g42s32f32xpiiw_texture3d_texture2d_half,1,5463.6,0.152926,SKIPPED,,1,55,66,2800,2.1,2026-10-05T03:41:42Z
4w,F1,f00,bx_t64x256k32g42s32f32xpiiw,llama-3.2-1b,wq_wo,2048,2048,2048,sarc_dev_780m_x_linear_q4gsw_coopmat_bx_t64x256k32g42s32f32xpiiw_texture3d_texture2d_half,1,2430.12,0.148128,SKIPPED,,1,55,66,2800,2.1,2026-10-05T03:41:42Z
4w,F1,f00,bx_t64x256k32g42s32f32xp,llama-3.1-8b,wq_wo,2048,4096,4096,sarc_dev_780m_x_linear_q4gsw_coopmat_bx_t64x256k32g42s32f32xp_texture3d_texture2d_half,1,8499.68,0.106666,SKIPPED,,1,56,67,2800,2.0,2026-10-05T03:41:44Z
4w,F1,f00,bx_t64x256k32g42s32f32xp,llama-3.2-3b,wq_wo,2048,3072,3072,sarc_dev_780m_x_linear_q4gsw_coopmat_bx_t64x256k32g42s32f32xp_texture3d_texture2d_half,1,5200.94,0.135533,SKIPPED,,1,56,67,2800,2.0,2026-10-05T03:41:44Z
4w,F1,f00,bx_t64x256k32g42s32f32xp,llama-3.2-1b,wq_wo,2048,2048,2048,sarc_dev_780m_x_linear_q4gsw_coopmat_bx_t64x256k32g42s32f32xp_texture3d_texture2d_half,1,2418.06,0.149628,SKIPPED,,1,56,67,2800,2.0,2026-10-05T03:41:44Z
4w,F1,f00,t64x256k32g42s32f32xpiw,llama-3.1-8b,wq_wo,2048,4096,4096,sarc_dev_780m_x_linear_q4gsw_coopmat_t64x256k32g42s32f32xpiw_texture3d_texture2d_half,1,8863.76,0.12754,SKIPPED,,1,56,69,2800,2.0,2026-10-05T03:41:46Z
4w,F1,f00,t64x256k32g42s32f32xpiw,llama-3.2-3b,wq_wo,2048,3072,3072,sarc_dev_780m_x_linear_q4gsw_coopmat_t64x256k32g42s32f32xpiw_texture3d_texture2d_half,1,5081.84,0.126805,SKIPPED,,1,56,69,2800,2.0,2026-10-05T03:41:46Z
4w,F1,f00,t64x256k32g42s32f32xpiw,llama-3.2-1b,wq_wo,2048,2048,2048,sarc_dev_780m_x_linear_q4gsw_coopmat_t64x256k32g42s32f32xpiw_texture3d_texture2d_half,1,2337.56,0.145207,SKIPPED,,1,56,69,2800,2.0,2026-10-05T03:41:46Z
4w,F1,f00,bx_t256x64k32g42s32f32xpiw,llama-3.1-8b,wq_wo,2048,4096,4096,sarc_dev_780m_x_linear_q4gsw_coopmat_bx_t256x64k32g42s32f32xpiw_texture3d_texture2d_half,1,9746.48,0.0547493,SKIPPED,,1,57,60,800,85.2,2026-10-05T03:43:11Z
4w,F1,f00,bx_t256x64k32g42s32f32xpiw,llama-3.2-3b,wq_wo,2048,3072,3072,sarc_dev_780m_x_linear_q4gsw_coopmat_bx_t256x64k32g42s32f32xpiw_texture3d_texture2d_half,1,5903.74,0.0756449,SKIPPED,,1,57,60,800,85.2,2026-10-05T03:43:11Z
4w,F1,f00,bx_t256x64k32g42s32f32xpiw,llama-3.2-1b,wq_wo,2048,2048,2048,sarc_dev_780m_x_linear_q4gsw_coopmat_bx_t256x64k32g42s32f32xpiw_texture3d_texture2d_half,1,2518.22,0.134049,SKIPPED,,1,57,60,800,85.2,2026-10-05T03:43:11Z
4w,F1,f00,bx_t128x32k32g12s32f32xpiw,llama-3.1-8b,wq_wo,2048,4096,4096,sarc_dev_780m_x_linear_q4gsw_coopmat_bx_t128x32k32g12s32f32xpiw_texture3d_texture2d_half,1,9933.46,0.0640678,SKIPPED,,1,61,72,2800,2.1,2026-10-05T03:43:13Z
4w,F1,f00,bx_t128x32k32g12s32f32xpiw,llama-3.2-3b,wq_wo,2048,3072,3072,sarc_dev_780m_x_linear_q4gsw_coopmat_bx_t128x32k32g12s32f32xpiw_texture3d_texture2d_half,1,6280.4,0.131697,SKIPPED,,1,61,72,2800,2.1,2026-10-05T03:43:13Z
4w,F1,f00,bx_t128x32k32g12s32f32xpiw,llama-3.2-1b,wq_wo,2048,2048,2048,sarc_dev_780m_x_linear_q4gsw_coopmat_bx_t128x32k32g12s32f32xpiw_texture3d_texture2d_half,1,2922.62,0.14818,SKIPPED,,1,61,72,2800,2.1,2026-10-05T03:43:13Z
4w,F1,f00,bx_t128x32k32g22s32f32xpiw,llama-3.1-8b,wq_wo,2048,4096,4096,sarc_dev_780m_x_linear_q4gsw_coopmat_bx_t128x32k32g22s32f32xpiw_texture3d_texture2d_half,1,9232.18,0.0899614,SKIPPED,,1,59,75,2800,2.0,2026-10-05T03:43:17Z
4w,F1,f00,bx_t128x32k32g22s32f32xpiw,llama-3.2-3b,wq_wo,2048,3072,3072,sarc_dev_780m_x_linear_q4gsw_coopmat_bx_t128x32k32g22s32f32xpiw_texture3d_texture2d_half,1,5971.3,0.138446,SKIPPED,,1,59,75,2800,2.0,2026-10-05T03:43:17Z
4w,F1,f00,bx_t128x32k32g22s32f32xpiw,llama-3.2-1b,wq_wo,2048,2048,2048,sarc_dev_780m_x_linear_q4gsw_coopmat_bx_t128x32k32g22s32f32xpiw_texture3d_texture2d_half,1,2681.48,0.153468,SKIPPED,,1,59,75,2800,2.0,2026-10-05T03:43:17Z
4w,F1,f00,bx_t128x64k64g42s32f32xpiw,llama-3.1-8b,wq_wo,2048,4096,4096,sarc_dev_780m_x_linear_q4gsw_coopmat_bx_t128x64k64g42s32f32xpiw_texture3d_texture2d_half,1,8599.94,0.0956653,SKIPPED,,1,56,70,2800,2.0,2026-10-05T03:43:38Z
4w,F1,f00,bx_t128x64k64g42s32f32xpiw,llama-3.2-3b,wq_wo,2048,3072,3072,sarc_dev_780m_x_linear_q4gsw_coopmat_bx_t128x64k64g42s32f32xpiw_texture3d_texture2d_half,1,5328.92,0.14156,SKIPPED,,1,56,70,2800,2.0,2026-10-05T03:43:38Z
4w,F1,f00,bx_t128x64k64g42s32f32xpiw,llama-3.2-1b,wq_wo,2048,2048,2048,sarc_dev_780m_x_linear_q4gsw_coopmat_bx_t128x64k64g42s32f32xpiw_texture3d_texture2d_half,1,2486.92,0.151726,SKIPPED,,1,56,70,2800,2.0,2026-10-05T03:43:38Z
4w,F1,f00,bx_t128x64k32g12s32f32xpiw,llama-3.1-8b,wq_wo,2048,4096,4096,sarc_dev_780m_x_linear_q4gsw_coopmat_bx_t128x64k32g12s32f32xpiw_texture3d_texture2d_half,1,8822.86,0.0858597,SKIPPED,,1,54,66,2800,2.0,2026-10-05T03:43:56Z
4w,F1,f00,bx_t128x64k32g12s32f32xpiw,llama-3.2-3b,wq_wo,2048,3072,3072,sarc_dev_780m_x_linear_q4gsw_coopmat_bx_t128x64k32g12s32f32xpiw_texture3d_texture2d_half,1,5925.74,0.140412,SKIPPED,,1,54,66,2800,2.0,2026-10-05T03:43:56Z
4w,F1,f00,bx_t128x64k32g12s32f32xpiw,llama-3.2-1b,wq_wo,2048,2048,2048,sarc_dev_780m_x_linear_q4gsw_coopmat_bx_t128x64k32g12s32f32xpiw_texture3d_texture2d_half,1,2517.14,0.141439,SKIPPED,,1,54,66,2800,2.0,2026-10-05T03:43:56Z
4w,F1,f00,bx_t128x64k32g41s32f32xpiw,llama-3.1-8b,wq_wo,2048,4096,4096,sarc_dev_780m_x_linear_q4gsw_coopmat_bx_t128x64k32g41s32f32xpiw_texture3d_texture2d_half,1,8473.12,0.109529,SKIPPED,,1,57,69,2800,2.0,2026-10-05T03:43:58Z
4w,F1,f00,bx_t128x64k32g41s32f32xpiw,llama-3.2-3b,wq_wo,2048,3072,3072,sarc_dev_780m_x_linear_q4gsw_coopmat_bx_t128x64k32g41s32f32xpiw_texture3d_texture2d_half,1,5160.84,0.141155,SKIPPED,,1,57,69,2800,2.0,2026-10-05T03:43:58Z
4w,F1,f00,bx_t128x64k32g41s32f32xpiw,llama-3.2-1b,wq_wo,2048,2048,2048,sarc_dev_780m_x_linear_q4gsw_coopmat_bx_t128x64k32g41s32f32xpiw_texture3d_texture2d_half,1,2323.44,0.145784,SKIPPED,,1,57,69,2800,2.0,2026-10-05T03:43:58Z
4w,F1,f00,bx_t128x64k32g42s32xpiw,llama-3.1-8b,wq_wo,2048,4096,4096,sarc_dev_780m_x_linear_q4gsw_coopmat_bx_t128x64k32g42s32xpiw_texture3d_texture2d_half,1,8961.6,0.0877134,SKIPPED,,1,58,70,2800,2.0,2026-10-05T03:44:00Z
4w,F1,f00,bx_t128x64k32g42s32xpiw,llama-3.2-3b,wq_wo,2048,3072,3072,sarc_dev_780m_x_linear_q4gsw_coopmat_bx_t128x64k32g42s32xpiw_texture3d_texture2d_half,1,5377.22,0.129778,SKIPPED,,1,58,70,2800,2.0,2026-10-05T03:44:00Z
4w,F1,f00,bx_t128x64k32g42s32xpiw,llama-3.2-1b,wq_wo,2048,2048,2048,sarc_dev_780m_x_linear_q4gsw_coopmat_bx_t128x64k32g42s32xpiw_texture3d_texture2d_half,1,2517.44,0.148809,SKIPPED,,1,58,70,2800,2.0,2026-10-05T03:44:00Z
4w,F1,f00,bx_t128x64k32g42s32gaxpiw,llama-3.1-8b,wq_wo,2048,4096,4096,sarc_dev_780m_x_linear_q4gsw_coopmat_bx_t128x64k32g42s32gaxpiw_texture3d_texture2d_half,1,8847.66,0.0998178,SKIPPED,,1,58,70,2800,2.0,2026-10-05T03:44:02Z
4w,F1,f00,bx_t128x64k32g42s32gaxpiw,llama-3.2-3b,wq_wo,2048,3072,3072,sarc_dev_780m_x_linear_q4gsw_coopmat_bx_t128x64k32g42s32gaxpiw_texture3d_texture2d_half,1,5277.3,0.131941,SKIPPED,,1,58,70,2800,2.0,2026-10-05T03:44:02Z
4w,F1,f00,bx_t128x64k32g42s32gaxpiw,llama-3.2-1b,wq_wo,2048,2048,2048,sarc_dev_780m_x_linear_q4gsw_coopmat_bx_t128x64k32g42s32gaxpiw_texture3d_texture2d_half,1,2493.54,0.150326,SKIPPED,,1,58,70,2800,2.0,2026-10-05T03:44:02Z
4w,F1,f00,bx_t128x64k32g42s32f32iw,llama-3.1-8b,wq_wo,2048,4096,4096,sarc_dev_780m_x_linear_q4gsw_coopmat_bx_t128x64k32g42s32f32iw_texture3d_texture2d_half,1,8658.6,0.104217,SKIPPED,,1,59,69,2800,2.0,2026-10-05T03:44:04Z
4w,F1,f00,bx_t128x64k32g42s32f32iw,llama-3.2-3b,wq_wo,2048,3072,3072,sarc_dev_780m_x_linear_q4gsw_coopmat_bx_t128x64k32g42s32f32iw_texture3d_texture2d_half,1,5175.22,0.127311,SKIPPED,,1,59,69,2800,2.0,2026-10-05T03:44:04Z
4w,F1,f00,bx_t128x64k32g42s32f32iw,llama-3.2-1b,wq_wo,2048,2048,2048,sarc_dev_780m_x_linear_q4gsw_coopmat_bx_t128x64k32g42s32f32iw_texture3d_texture2d_half,1,2435.32,0.147195,SKIPPED,,1,59,69,2800,2.0,2026-10-05T03:44:04Z
4w,F1,f00,bx_t128x64k32g42s32f32ciw,llama-3.1-8b,wq_wo,2048,4096,4096,sarc_dev_780m_x_linear_q4gsw_coopmat_bx_t128x64k32g42s32f32ciw_texture3d_texture2d_half,1,8227.42,0.122216,SKIPPED,,1,52,69,2800,2.4,2026-10-05T03:44:14Z
4w,F1,f00,bx_t128x64k32g42s32f32ciw,llama-3.2-3b,wq_wo,2048,3072,3072,sarc_dev_780m_x_linear_q4gsw_coopmat_bx_t128x64k32g42s32f32ciw_texture3d_texture2d_half,1,4945.86,0.139589,SKIPPED,,1,52,69,2800,2.4,2026-10-05T03:44:14Z
4w,F1,f00,bx_t128x64k32g42s32f32ciw,llama-3.2-1b,wq_wo,2048,2048,2048,sarc_dev_780m_x_linear_q4gsw_coopmat_bx_t128x64k32g42s32f32ciw_texture3d_texture2d_half,1,2246.98,0.151267,SKIPPED,,1,52,69,2800,2.4,2026-10-05T03:44:14Z
4w,F1,f00,bx_t128x64k32g42s32f32xiw,llama-3.1-8b,wq_wo,2048,4096,4096,sarc_dev_780m_x_linear_q4gsw_coopmat_bx_t128x64k32g42s32f32xiw_texture3d_texture2d_half,1,10012.8,0.0467688,SKIPPED,,1,52,67,2800,2.4,2026-10-05T03:44:23Z
4w,F1,f00,bx_t128x64k32g42s32f32xiw,llama-3.2-3b,wq_wo,2048,3072,3072,sarc_dev_780m_x_linear_q4gsw_coopmat_bx_t128x64k32g42s32f32xiw_texture3d_texture2d_half,1,6105.16,0.122092,SKIPPED,,1,52,67,2800,2.4,2026-10-05T03:44:23Z
4w,F1,f00,bx_t128x64k32g42s32f32xiw,llama-3.2-1b,wq_wo,2048,2048,2048,sarc_dev_780m_x_linear_q4gsw_coopmat_bx_t128x64k32g42s32f32xiw_texture3d_texture2d_half,1,2708.92,0.132368,SKIPPED,,1,52,67,2800,2.4,2026-10-05T03:44:23Z
4w,F1,f00,bx_t128x64k32g42s32f32biw,llama-3.1-8b,wq_wo,2048,4096,4096,sarc_dev_780m_x_linear_q4gsw_coopmat_bx_t128x64k32g42s32f32biw_texture3d_texture2d_half,1,8126.1,0.111304,SKIPPED,,1,52,69,2800,2.4,2026-10-05T03:44:33Z
4w,F1,f00,bx_t128x64k32g42s32f32biw,llama-3.2-3b,wq_wo,2048,3072,3072,sarc_dev_780m_x_linear_q4gsw_coopmat_bx_t128x64k32g42s32f32biw_texture3d_texture2d_half,1,5144.5,0.141288,SKIPPED,,1,52,69,2800,2.4,2026-10-05T03:44:33Z
4w,F1,f00,bx_t128x64k32g42s32f32biw,llama-3.2-1b,wq_wo,2048,2048,2048,sarc_dev_780m_x_linear_q4gsw_coopmat_bx_t128x64k32g42s32f32biw_texture3d_texture2d_half,1,2287.2,0.156651,SKIPPED,,1,52,69,2800,2.4,2026-10-05T03:44:33Z
4w,F1,f00,bx_t128x64k32g42s32f32xpiiw,llama-3.1-8b,wq_wo,2048,4096,4096,sarc_dev_780m_x_linear_q4gsw_coopmat_bx_t128x64k32g42s32f32xpiiw_texture3d_texture2d_half,1,8141.06,0.112675,SKIPPED,,1,52,69,2800,2.4,2026-10-05T03:44:43Z
4w,F1,f00,bx_t128x64k32g42s32f32xpiiw,llama-3.2-3b,wq_wo,2048,3072,3072,sarc_dev_780m_x_linear_q4gsw_coopmat_bx_t128x64k32g42s32f32xpiiw_texture3d_texture2d_half,1,4976.98,0.140846,SKIPPED,,1,52,69,2800,2.4,2026-10-05T03:44:43Z
4w,F1,f00,bx_t128x64k32g42s32f32xpiiw,llama-3.2-1b,wq_wo,2048,2048,2048,sarc_dev_780m_x_linear_q4gsw_coopmat_bx_t128x64k32g42s32f32xpiiw_texture3d_texture2d_half,1,2204.9,0.153463,SKIPPED,,1,52,69,2800,2.4,2026-10-05T03:44:43Z
4w,F1,f00,bx_t128x64k32g42s32f32xp,llama-3.1-8b,wq_wo,2048,4096,4096,sarc_dev_780m_x_linear_q4gsw_coopmat_bx_t128x64k32g42s32f32xp_texture3d_texture2d_half,1,8250.98,0.120997,SKIPPED,,1,52,69,2800,2.4,2026-10-05T03:44:52Z
4w,F1,f00,bx_t128x64k32g42s32f32xp,llama-3.2-3b,wq_wo,2048,3072,3072,sarc_dev_780m_x_linear_q4gsw_coopmat_bx_t128x64k32g42s32f32xp_texture3d_texture2d_half,1,4936.82,0.137263,SKIPPED,,1,52,69,2800,2.4,2026-10-05T03:44:52Z
4w,F1,f00,bx_t128x64k32g42s32f32xp,llama-3.2-1b,wq_wo,2048,2048,2048,sarc_dev_780m_x_linear_q4gsw_coopmat_bx_t128x64k32g42s32f32xp_texture3d_texture2d_half,1,2250.4,0.148954,SKIPPED,,1,52,69,2800,2.4,2026-10-05T03:44:52Z
4w,F1,f00,t128x64k32g42s32f32xpiw,llama-3.1-8b,wq_wo,2048,4096,4096,sarc_dev_780m_x_linear_q4gsw_coopmat_t128x64k32g42s32f32xpiw_texture3d_texture2d_half,1,8074.36,0.112731,SKIPPED,,1,52,72,2800,2.4,2026-10-05T03:45:02Z
4w,F1,f00,t128x64k32g42s32f32xpiw,llama-3.2-3b,wq_wo,2048,3072,3072,sarc_dev_780m_x_linear_q4gsw_coopmat_t128x64k32g42s32f32xpiw_texture3d_texture2d_half,1,5082.16,0.151033,SKIPPED,,1,52,72,2800,2.4,2026-10-05T03:45:02Z
4w,F1,f00,t128x64k32g42s32f32xpiw,llama-3.2-1b,wq_wo,2048,2048,2048,sarc_dev_780m_x_linear_q4gsw_coopmat_t128x64k32g42s32f32xpiw_texture3d_texture2d_half,1,2181.34,0.157364,SKIPPED,,1,52,72,2800,2.4,2026-10-05T03:45:02Z
4w,F1,f00,bx_t128x128k16g42s32f32xpiw,llama-3.1-8b,wq_wo,2048,4096,4096,sarc_dev_780m_x_linear_q4gsw_coopmat_bx_t128x128k16g42s32f32xpiw_texture3d_texture2d_half,1,8838.06,0.0793377,SKIPPED,,1,52,69,2800,2.4,2026-10-05T03:45:11Z
4w,F1,f00,bx_t128x128k16g42s32f32xpiw,llama-3.2-3b,wq_wo,2048,3072,3072,sarc_dev_780m_x_linear_q4gsw_coopmat_bx_t128x128k16g42s32f32xpiw_texture3d_texture2d_half,1,5152.26,0.106687,SKIPPED,,1,52,69,2800,2.4,2026-10-05T03:45:11Z
4w,F1,f00,bx_t128x128k16g42s32f32xpiw,llama-3.2-1b,wq_wo,2048,2048,2048,sarc_dev_780m_x_linear_q4gsw_coopmat_bx_t128x128k16g42s32f32xpiw_texture3d_texture2d_half,1,2423.56,0.1368,SKIPPED,,1,52,69,2800,2.4,2026-10-05T03:45:11Z
4w,F1,f00,bx_t128x128k32g22s32f32xpiw,llama-3.1-8b,wq_wo,2048,4096,4096,sarc_dev_780m_x_linear_q4gsw_coopmat_bx_t128x128k32g22s32f32xpiw_texture3d_texture2d_half,1,7717.68,0.126744,SKIPPED,,1,52,71,2800,2.4,2026-10-05T03:45:21Z
4w,F1,f00,bx_t128x128k32g22s32f32xpiw,llama-3.2-3b,wq_wo,2048,3072,3072,sarc_dev_780m_x_linear_q4gsw_coopmat_bx_t128x128k32g22s32f32xpiw_texture3d_texture2d_half,1,4421.48,0.146118,SKIPPED,,1,52,71,2800,2.4,2026-10-05T03:45:21Z
4w,F1,f00,bx_t128x128k32g22s32f32xpiw,llama-3.2-1b,wq_wo,2048,2048,2048,sarc_dev_780m_x_linear_q4gsw_coopmat_bx_t128x128k32g22s32f32xpiw_texture3d_texture2d_half,1,1887.3,0.131072,SKIPPED,,1,52,71,2800,2.4,2026-10-05T03:45:21Z
4w,F1,f00,bx_t128x128k32g82s32f32xpiw,llama-3.1-8b,wq_wo,2048,4096,4096,sarc_dev_780m_x_linear_q4gsw_coopmat_bx_t128x128k32g82s32f32xpiw_texture3d_texture2d_half,1,9231.22,0.0844204,SKIPPED,,1,52,66,2800,2.4,2026-10-05T03:45:33Z
4w,F1,f00,bx_t128x128k32g82s32f32xpiw,llama-3.2-3b,wq_wo,2048,3072,3072,sarc_dev_780m_x_linear_q4gsw_coopmat_bx_t128x128k32g82s32f32xpiw_texture3d_texture2d_half,1,5920.04,0.134778,SKIPPED,,1,52,66,2800,2.4,2026-10-05T03:45:33Z
4w,F1,f00,bx_t128x128k32g82s32f32xpiw,llama-3.2-1b,wq_wo,2048,2048,2048,sarc_dev_780m_x_linear_q4gsw_coopmat_bx_t128x128k32g82s32f32xpiw_texture3d_texture2d_half,1,2684.64,0.150082,SKIPPED,,1,52,66,2800,2.4,2026-10-05T03:45:33Z
4w,F1,f00,bx_t128x128k32g41s32f32xpiw,llama-3.1-8b,wq_wo,2048,4096,4096,sarc_dev_780m_x_linear_q4gsw_coopmat_bx_t128x128k32g41s32f32xpiw_texture3d_texture2d_half,1,7676.18,0.127766,SKIPPED,,1,53,67,2800,2.4,2026-10-05T03:45:45Z
4w,F1,f00,bx_t128x128k32g41s32f32xpiw,llama-3.2-3b,wq_wo,2048,3072,3072,sarc_dev_780m_x_linear_q4gsw_coopmat_bx_t128x128k32g41s32f32xpiw_texture3d_texture2d_half,1,4429.56,0.137386,SKIPPED,,1,53,67,2800,2.4,2026-10-05T03:45:45Z
4w,F1,f00,bx_t128x128k32g41s32f32xpiw,llama-3.2-1b,wq_wo,2048,2048,2048,sarc_dev_780m_x_linear_q4gsw_coopmat_bx_t128x128k32g41s32f32xpiw_texture3d_texture2d_half,1,2042.48,0.154012,SKIPPED,,1,53,67,2800,2.4,2026-10-05T03:45:45Z
4w,F1,f00,bx_t128x128k32g44s32f32xpiw,llama-3.1-8b,wq_wo,2048,4096,4096,sarc_dev_780m_x_linear_q4gsw_coopmat_bx_t128x128k32g44s32f32xpiw_texture3d_texture2d_half,1,8568.32,0.0906889,SKIPPED,,1,54,68,2800,2.4,2026-10-05T03:45:57Z
4w,F1,f00,bx_t128x128k32g44s32f32xpiw,llama-3.2-3b,wq_wo,2048,3072,3072,sarc_dev_780m_x_linear_q4gsw_coopmat_bx_t128x128k32g44s32f32xpiw_texture3d_texture2d_half,1,5240.24,0.130301,SKIPPED,,1,54,68,2800,2.4,2026-10-05T03:45:57Z
4w,F1,f00,bx_t128x128k32g44s32f32xpiw,llama-3.2-1b,wq_wo,2048,2048,2048,sarc_dev_780m_x_linear_q4gsw_coopmat_bx_t128x128k32g44s32f32xpiw_texture3d_texture2d_half,1,2423.5,0.143531,SKIPPED,,1,54,68,2800,2.4,2026-10-05T03:45:57Z
4w,F1,f00,bx_t128x128k32g42s64f32xpiw,llama-3.1-8b,wq_wo,2048,4096,4096,sarc_dev_780m_x_linear_q4gsw_coopmat_bx_t128x128k32g42s64f32xpiw_texture3d_texture2d_half,1,9960.96,0.0647064,SKIPPED,,1,54,67,2800,2.5,2026-10-05T03:46:10Z
4w,F1,f00,bx_t128x128k32g42s64f32xpiw,llama-3.2-3b,wq_wo,2048,3072,3072,sarc_dev_780m_x_linear_q4gsw_coopmat_bx_t128x128k32g42s64f32xpiw_texture3d_texture2d_half,1,6216.6,0.124105,SKIPPED,,1,54,67,2800,2.5,2026-10-05T03:46:10Z
4w,F1,f00,bx_t128x128k32g42s64f32xpiw,llama-3.2-1b,wq_wo,2048,2048,2048,sarc_dev_780m_x_linear_q4gsw_coopmat_bx_t128x128k32g42s64f32xpiw_texture3d_texture2d_half,1,2981.22,0.156655,SKIPPED,,1,54,67,2800,2.5,2026-10-05T03:46:10Z
4w,F1,f00,bx_t128x128k32g42s32xpiw,llama-3.1-8b,wq_wo,2048,4096,4096,sarc_dev_780m_x_linear_q4gsw_coopmat_bx_t128x128k32g42s32xpiw_texture3d_texture2d_half,1,8684.18,0.108828,SKIPPED,,1,54,70,2800,2.5,2026-10-05T03:46:22Z
4w,F1,f00,bx_t128x128k32g42s32xpiw,llama-3.2-3b,wq_wo,2048,3072,3072,sarc_dev_780m_x_linear_q4gsw_coopmat_bx_t128x128k32g42s32xpiw_texture3d_texture2d_half,1,5247.58,0.132054,SKIPPED,,1,54,70,2800,2.5,2026-10-05T03:46:22Z
4w,F1,f00,bx_t128x128k32g42s32xpiw,llama-3.2-1b,wq_wo,2048,2048,2048,sarc_dev_780m_x_linear_q4gsw_coopmat_bx_t128x128k32g42s32xpiw_texture3d_texture2d_half,1,2440.48,0.151935,SKIPPED,,1,54,70,2800,2.5,2026-10-05T03:46:22Z
4w,F1,f00,bx_t128x128k32g42s32gaxpiw,llama-3.1-8b,wq_wo,2048,4096,4096,sarc_dev_780m_x_linear_q4gsw_coopmat_bx_t128x128k32g42s32gaxpiw_texture3d_texture2d_half,1,8559.58,0.102339,SKIPPED,,1,53,69,2800,2.4,2026-10-05T03:46:33Z
4w,F1,f00,bx_t128x128k32g42s32gaxpiw,llama-3.2-3b,wq_wo,2048,3072,3072,sarc_dev_780m_x_linear_q4gsw_coopmat_bx_t128x128k32g42s32gaxpiw_texture3d_texture2d_half,1,5201.02,0.129989,SKIPPED,,1,53,69,2800,2.4,2026-10-05T03:46:33Z
4w,F1,f00,bx_t128x128k32g42s32gaxpiw,llama-3.2-1b,wq_wo,2048,2048,2048,sarc_dev_780m_x_linear_q4gsw_coopmat_bx_t128x128k32g42s32gaxpiw_texture3d_texture2d_half,1,2399.78,0.145196,SKIPPED,,1,53,69,2800,2.4,2026-10-05T03:46:33Z
4w,F1,f00,bx_t128x128k32g42s32f32iw,llama-3.1-8b,wq_wo,2048,4096,4096,sarc_dev_780m_x_linear_q4gsw_coopmat_bx_t128x128k32g42s32f32iw_texture3d_texture2d_half,1,8355.54,0.0990878,SKIPPED,,1,54,69,2800,2.4,2026-10-05T03:46:45Z
4w,F1,f00,bx_t128x128k32g42s32f32iw,llama-3.2-3b,wq_wo,2048,3072,3072,sarc_dev_780m_x_linear_q4gsw_coopmat_bx_t128x128k32g42s32f32iw_texture3d_texture2d_half,1,5263.84,0.151374,SKIPPED,,1,54,69,2800,2.4,2026-10-05T03:46:45Z
4w,F1,f00,bx_t128x128k32g42s32f32iw,llama-3.2-1b,wq_wo,2048,2048,2048,sarc_dev_780m_x_linear_q4gsw_coopmat_bx_t128x128k32g42s32f32iw_texture3d_texture2d_half,1,2349.54,0.149173,SKIPPED,,1,54,69,2800,2.4,2026-10-05T03:46:45Z
4w,F1,f00,bx_t128x128k32g42s32f32biw,llama-3.1-8b,wq_wo,2048,4096,4096,sarc_dev_780m_x_linear_q4gsw_coopmat_bx_t128x128k32g42s32f32biw_texture3d_texture2d_half,1,7868.22,0.108148,SKIPPED,,1,54,73,2800,2.4,2026-10-05T03:46:57Z
4w,F1,f00,bx_t128x128k32g42s32f32biw,llama-3.2-3b,wq_wo,2048,3072,3072,sarc_dev_780m_x_linear_q4gsw_coopmat_bx_t128x128k32g42s32f32biw_texture3d_texture2d_half,1,4537.88,0.130612,SKIPPED,,1,54,73,2800,2.4,2026-10-05T03:46:57Z
4w,F1,f00,bx_t128x128k32g42s32f32biw,llama-3.2-1b,wq_wo,2048,2048,2048,sarc_dev_780m_x_linear_q4gsw_coopmat_bx_t128x128k32g42s32f32biw_texture3d_texture2d_half,1,1933.28,0.131635,SKIPPED,,1,54,73,2800,2.4,2026-10-05T03:46:57Z
4w,F1,f00,bx_t128x128k32g42s32f32xpiiw,llama-3.1-8b,wq_wo,2048,4096,4096,sarc_dev_780m_x_linear_q4gsw_coopmat_bx_t128x128k32g42s32f32xpiiw_texture3d_texture2d_half,1,7641.66,0.125343,SKIPPED,,1,54,73,2800,2.4,2026-10-05T03:47:09Z
4w,F1,f00,bx_t128x128k32g42s32f32xpiiw,llama-3.2-3b,wq_wo,2048,3072,3072,sarc_dev_780m_x_linear_q4gsw_coopmat_bx_t128x128k32g42s32f32xpiiw_texture3d_texture2d_half,1,4374.24,0.149428,SKIPPED,,1,54,73,2800,2.4,2026-10-05T03:47:09Z
4w,F1,f00,bx_t128x128k32g42s32f32xpiiw,llama-3.2-1b,wq_wo,2048,2048,2048,sarc_dev_780m_x_linear_q4gsw_coopmat_bx_t128x128k32g42s32f32xpiiw_texture3d_texture2d_half,1,1907.94,0.138831,SKIPPED,,1,54,73,2800,2.4,2026-10-05T03:47:09Z
4w,F1,f00,bx_t128x256k16g41s32f32xpiw,llama-3.1-8b,wq_wo,2048,4096,4096,sarc_dev_780m_x_linear_q4gsw_coopmat_bx_t128x256k16g41s32f32xpiw_texture3d_texture2d_half,1,25244.5,0.00415409,SKIPPED,,1,54,64,2800,2.7,2026-10-05T03:47:20Z
4w,F1,f00,bx_t128x256k16g41s32f32xpiw,llama-3.2-3b,wq_wo,2048,3072,3072,sarc_dev_780m_x_linear_q4gsw_coopmat_bx_t128x256k16g41s32f32xpiw_texture3d_texture2d_half,1,13977.5,0.0252866,SKIPPED,,1,54,64,2800,2.7,2026-10-05T03:47:20Z
4w,F1,f00,bx_t128x256k16g41s32f32xpiw,llama-3.2-1b,wq_wo,2048,2048,2048,sarc_dev_780m_x_linear_q4gsw_coopmat_bx_t128x256k16g41s32f32xpiw_texture3d_texture2d_half,1,7006.18,0.131922,SKIPPED,,1,54,64,2800,2.7,2026-10-05T03:47:20Z
4w,F1,f00,bx_t128x256k16g42s32xpiw,llama-3.1-8b,wq_wo,2048,4096,4096,sarc_dev_780m_x_linear_q4gsw_coopmat_bx_t128x256k16g42s32xpiw_texture3d_texture2d_half,1,114066,0.00208179,SKIPPED,,1,54,62,2800,3.4,2026-10-05T03:47:32Z
4w,F1,f00,bx_t128x256k16g42s32xpiw,llama-3.2-3b,wq_wo,2048,3072,3072,sarc_dev_780m_x_linear_q4gsw_coopmat_bx_t128x256k16g42s32xpiw_texture3d_texture2d_half,1,62198.5,0.000109654,SKIPPED,,1,54,62,2800,3.4,2026-10-05T03:47:32Z
4w,F1,f00,bx_t128x256k16g42s32xpiw,llama-3.2-1b,wq_wo,2048,2048,2048,sarc_dev_780m_x_linear_q4gsw_coopmat_bx_t128x256k16g42s32xpiw_texture3d_texture2d_half,1,26842.1,0.00610893,SKIPPED,,1,54,62,2800,3.4,2026-10-05T03:47:32Z
4w,F1,f00,bx_t128x256k16g42s32gaxpiw,llama-3.1-8b,wq_wo,2048,4096,4096,sarc_dev_780m_x_linear_q4gsw_coopmat_bx_t128x256k16g42s32gaxpiw_texture3d_texture2d_half,1,158103,0.010006,SKIPPED,,1,58,62,2800,3.3,2026-10-05T03:47:35Z
4w,F1,f00,bx_t128x256k16g42s32gaxpiw,llama-3.2-3b,wq_wo,2048,3072,3072,sarc_dev_780m_x_linear_q4gsw_coopmat_bx_t128x256k16g42s32gaxpiw_texture3d_texture2d_half,1,88330.2,0.00468811,SKIPPED,,1,58,62,2800,3.3,2026-10-05T03:47:35Z
4w,F1,f00,bx_t128x256k16g42s32gaxpiw,llama-3.2-1b,wq_wo,2048,2048,2048,sarc_dev_780m_x_linear_q4gsw_coopmat_bx_t128x256k16g42s32gaxpiw_texture3d_texture2d_half,1,37153.8,0.00450565,SKIPPED,,1,58,62,2800,3.3,2026-10-05T03:47:35Z
4w,F1,f00,bx_t128x256k16g42s32f32iw,llama-3.1-8b,wq_wo,2048,4096,4096,sarc_dev_780m_x_linear_q4gsw_coopmat_bx_t128x256k16g42s32f32iw_texture3d_texture2d_half,1,8080.14,0.113335,SKIPPED,,1,58,70,2800,2.0,2026-10-05T03:47:37Z
4w,F1,f00,bx_t128x256k16g42s32f32iw,llama-3.2-3b,wq_wo,2048,3072,3072,sarc_dev_780m_x_linear_q4gsw_coopmat_bx_t128x256k16g42s32f32iw_texture3d_texture2d_half,1,4649.22,0.114855,SKIPPED,,1,58,70,2800,2.0,2026-10-05T03:47:37Z
4w,F1,f00,bx_t128x256k16g42s32f32iw,llama-3.2-1b,wq_wo,2048,2048,2048,sarc_dev_780m_x_linear_q4gsw_coopmat_bx_t128x256k16g42s32f32iw_texture3d_texture2d_half,1,2196.62,0.128317,SKIPPED,,1,58,70,2800,2.0,2026-10-05T03:47:37Z
4w,F1,f00,bx_t128x256k16g42s32f32biw,llama-3.1-8b,wq_wo,2048,4096,4096,sarc_dev_780m_x_linear_q4gsw_coopmat_bx_t128x256k16g42s32f32biw_texture3d_texture2d_half,1,7964.64,0.101322,SKIPPED,,1,61,69,2800,2.0,2026-10-05T03:47:39Z
4w,F1,f00,bx_t128x256k16g42s32f32biw,llama-3.2-3b,wq_wo,2048,3072,3072,sarc_dev_780m_x_linear_q4gsw_coopmat_bx_t128x256k16g42s32f32biw_texture3d_texture2d_half,1,4691.78,0.115542,SKIPPED,,1,61,69,2800,2.0,2026-10-05T03:47:39Z
4w,F1,f00,bx_t128x256k16g42s32f32biw,llama-3.2-1b,wq_wo,2048,2048,2048,sarc_dev_780m_x_linear_q4gsw_coopmat_bx_t128x256k16g42s32f32biw_texture3d_texture2d_half,1,2162.22,0.12288,SKIPPED,,1,61,69,2800,2.0,2026-10-05T03:47:39Z
4w,F1,f00,bx_t128x256k16g42s32f32xpiiw,llama-3.1-8b,wq_wo,2048,4096,4096,sarc_dev_780m_x_linear_q4gsw_coopmat_bx_t128x256k16g42s32f32xpiiw_texture3d_texture2d_half,1,8062.22,0.106423,SKIPPED,,1,61,70,2800,2.0,2026-10-05T03:47:41Z
4w,F1,f00,bx_t128x256k16g42s32f32xpiiw,llama-3.2-3b,wq_wo,2048,3072,3072,sarc_dev_780m_x_linear_q4gsw_coopmat_bx_t128x256k16g42s32f32xpiiw_texture3d_texture2d_half,1,4666.78,0.11728,SKIPPED,,1,61,70,2800,2.0,2026-10-05T03:47:41Z
4w,F1,f00,bx_t128x256k16g42s32f32xpiiw,llama-3.2-1b,wq_wo,2048,2048,2048,sarc_dev_780m_x_linear_q4gsw_coopmat_bx_t128x256k16g42s32f32xpiiw_texture3d_texture2d_half,1,2216.48,0.133855,SKIPPED,,1,61,70,2800,2.0,2026-10-05T03:47:41Z
4w,F1,f00,bx_t128x256k16g42s32f32xp,llama-3.1-8b,wq_wo,2048,4096,4096,sarc_dev_780m_x_linear_q4gsw_coopmat_bx_t128x256k16g42s32f32xp_texture3d_texture2d_half,1,8074.14,0.105118,SKIPPED,,1,61,70,2800,2.0,2026-10-05T03:47:43Z
4w,F1,f00,bx_t128x256k16g42s32f32xp,llama-3.2-3b,wq_wo,2048,3072,3072,sarc_dev_780m_x_linear_q4gsw_coopmat_bx_t128x256k16g42s32f32xp_texture3d_texture2d_half,1,4652.18,0.115291,SKIPPED,,1,61,70,2800,2.0,2026-10-05T03:47:43Z
4w,F1,f00,bx_t128x256k16g42s32f32xp,llama-3.2-1b,wq_wo,2048,2048,2048,sarc_dev_780m_x_linear_q4gsw_coopmat_bx_t128x256k16g42s32f32xp_texture3d_texture2d_half,1,2203.7,0.132799,SKIPPED,,1,61,70,2800,2.0,2026-10-05T03:47:43Z
4w,F1,f00,bx_t128x256k32g18s32f32xpiw,llama-3.1-8b,wq_wo,2048,4096,4096,sarc_dev_780m_x_linear_q4gsw_coopmat_bx_t128x256k32g18s32f32xpiw_texture3d_texture2d_half,1,8781,0.0891789,SKIPPED,,1,61,70,2800,2.0,2026-10-05T03:47:45Z
4w,F1,f00,bx_t128x256k32g18s32f32xpiw,llama-3.2-3b,wq_wo,2048,3072,3072,sarc_dev_780m_x_linear_q4gsw_coopmat_bx_t128x256k32g18s32f32xpiw_texture3d_texture2d_half,1,5662.88,0.132384,SKIPPED,,1,61,70,2800,2.0,2026-10-05T03:47:45Z
4w,F1,f00,bx_t128x256k32g18s32f32xpiw,llama-3.2-1b,wq_wo,2048,2048,2048,sarc_dev_780m_x_linear_q4gsw_coopmat_bx_t128x256k32g18s32f32xpiw_texture3d_texture2d_half,1,2601.28,0.14652,SKIPPED,,1,61,70,2800,2.0,2026-10-05T03:47:45Z
4w,F1,f00,bx_t128x256k32g24s32f32xpiw,llama-3.1-8b,wq_wo,2048,4096,4096,sarc_dev_780m_x_linear_q4gsw_coopmat_bx_t128x256k32g24s32f32xpiw_texture3d_texture2d_half,1,7411.16,0.141694,SKIPPED,,1,61,72,2800,2.0,2026-10-05T03:47:48Z
4w,F1,f00,bx_t128x256k32g24s32f32xpiw,llama-3.2-3b,wq_wo,2048,3072,3072,sarc_dev_780m_x_linear_q4gsw_coopmat_bx_t128x256k32g24s32f32xpiw_texture3d_texture2d_half,1,4041.08,0.129056,SKIPPED,,1,61,72,2800,2.0,2026-10-05T03:47:48Z
4w,F1,f00,bx_t128x256k32g24s32f32xpiw,llama-3.2-1b,wq_wo,2048,2048,2048,sarc_dev_780m_x_linear_q4gsw_coopmat_bx_t128x256k32g24s32f32xpiw_texture3d_texture2d_half,1,1842.7,0.130397,SKIPPED,,1,61,72,2800,2.0,2026-10-05T03:47:48Z
4w,F1,f00,bx_t128x256k32g28s32f32xpiw,llama-3.1-8b,wq_wo,2048,4096,4096,sarc_dev_780m_x_linear_q4gsw_coopmat_bx_t128x256k32g28s32f32xpiw_texture3d_texture2d_half,1,9005.6,0.0850135,SKIPPED,,1,62,69,2800,2.0,2026-10-05T03:47:50Z
4w,F1,f00,bx_t128x256k32g28s32f32xpiw,llama-3.2-3b,wq_wo,2048,3072,3072,sarc_dev_780m_x_linear_q4gsw_coopmat_bx_t128x256k32g28s32f32xpiw_texture3d_texture2d_half,1,5960.98,0.142572,SKIPPED,,1,62,69,2800,2.0,2026-10-05T03:47:50Z
4w,F1,f00,bx_t128x256k32g28s32f32xpiw,llama-3.2-1b,wq_wo,2048,2048,2048,sarc_dev_780m_x_linear_q4gsw_coopmat_bx_t128x256k32g28s32f32xpiw_texture3d_texture2d_half,1,2688.2,0.15005,SKIPPED,,1,62,69,2800,2.0,2026-10-05T03:47:50Z
4w,F1,f00,bx_t128x256k32g22s64f32xpiw,llama-3.1-8b,wq_wo,2048,4096,4096,sarc_dev_780m_x_linear_q4gsw_coopmat_bx_t128x256k32g22s64f32xpiw_texture3d_texture2d_half,1,7718.36,0.119447,SKIPPED,,1,60,68,2800,2.0,2026-10-05T03:47:52Z
4w,F1,f00,bx_t128x256k32g22s64f32xpiw,llama-3.2-3b,wq_wo,2048,3072,3072,sarc_dev_780m_x_linear_q4gsw_coopmat_bx_t128x256k32g22s64f32xpiw_texture3d_texture2d_half,1,4532.38,0.131861,SKIPPED,,1,60,68,2800,2.0,2026-10-05T03:47:52Z
4w,F1,f00,bx_t128x256k32g22s64f32xpiw,llama-3.2-1b,wq_wo,2048,2048,2048,sarc_dev_780m_x_linear_q4gsw_coopmat_bx_t128x256k32g22s64f32xpiw_texture3d_texture2d_half,1,2150.8,0.155136,SKIPPED,,1,60,68,2800,2.0,2026-10-05T03:47:52Z
4w,F1,f00,t128x256k32g22s32f32xpiw,llama-3.1-8b,wq_wo,2048,4096,4096,sarc_dev_780m_x_linear_q4gsw_coopmat_t128x256k32g22s32f32xpiw_texture3d_texture2d_half,1,25964.2,0.00332318,SKIPPED,,1,60,66,2800,2.2,2026-10-05T03:47:54Z
4w,F1,f00,t128x256k32g22s32f32xpiw,llama-3.2-3b,wq_wo,2048,3072,3072,sarc_dev_780m_x_linear_q4gsw_coopmat_t128x256k32g22s32f32xpiw_texture3d_texture2d_half,1,14059.4,0.0372071,SKIPPED,,1,60,66,2800,2.2,2026-10-05T03:47:54Z
4w,F1,f00,t128x256k32g22s32f32xpiw,llama-3.2-1b,wq_wo,2048,2048,2048,sarc_dev_780m_x_linear_q4gsw_coopmat_t128x256k32g22s32f32xpiw_texture3d_texture2d_half,1,6917.1,0.0945353,SKIPPED,,1,60,66,2800,2.2,2026-10-05T03:47:54Z
4w,F1,f00,bx_t128x256k32g81s32f32xpiw,llama-3.1-8b,wq_wo,2048,4096,4096,sarc_dev_780m_x_linear_q4gsw_coopmat_bx_t128x256k32g81s32f32xpiw_texture3d_texture2d_half,1,7325.64,0.134394,SKIPPED,,1,61,69,2800,2.0,2026-10-05T03:47:56Z
4w,F1,f00,bx_t128x256k32g81s32f32xpiw,llama-3.2-3b,wq_wo,2048,3072,3072,sarc_dev_780m_x_linear_q4gsw_coopmat_bx_t128x256k32g81s32f32xpiw_texture3d_texture2d_half,1,4095.24,0.136407,SKIPPED,,1,61,69,2800,2.0,2026-10-05T03:47:56Z
4w,F1,f00,bx_t128x256k32g81s32f32xpiw,llama-3.2-1b,wq_wo,2048,2048,2048,sarc_dev_780m_x_linear_q4gsw_coopmat_bx_t128x256k32g81s32f32xpiw_texture3d_texture2d_half,1,1877.06,0.135381,SKIPPED,,1,61,69,2800,2.0,2026-10-05T03:47:56Z
4w,F1,f00,bx_t128x256k32g82s32xpiw,llama-3.1-8b,wq_wo,2048,4096,4096,sarc_dev_780m_x_linear_q4gsw_coopmat_bx_t128x256k32g82s32xpiw_texture3d_texture2d_half,1,9333.88,0.0761706,SKIPPED,,1,61,67,2800,2.0,2026-10-05T03:47:58Z
4w,F1,f00,bx_t128x256k32g82s32xpiw,llama-3.2-3b,wq_wo,2048,3072,3072,sarc_dev_780m_x_linear_q4gsw_coopmat_bx_t128x256k32g82s32xpiw_texture3d_texture2d_half,1,5798.36,0.131991,SKIPPED,,1,61,67,2800,2.0,2026-10-05T03:47:58Z
4w,F1,f00,bx_t128x256k32g82s32xpiw,llama-3.2-1b,wq_wo,2048,2048,2048,sarc_dev_780m_x_linear_q4gsw_coopmat_bx_t128x256k32g82s32xpiw_texture3d_texture2d_half,1,2741.2,0.133843,SKIPPED,,1,61,67,2800,2.0,2026-10-05T03:47:58Z
4w,F1,f00,bx_t128x256k32g82s32gaxpiw,llama-3.1-8b,wq_wo,2048,4096,4096,sarc_dev_780m_x_linear_q4gsw_coopmat_bx_t128x256k32g82s32gaxpiw_texture3d_texture2d_half,1,9335.72,0.0712764,SKIPPED,,1,60,68,2800,2.0,2026-10-05T03:48:00Z
4w,F1,f00,bx_t128x256k32g82s32gaxpiw,llama-3.2-3b,wq_wo,2048,3072,3072,sarc_dev_780m_x_linear_q4gsw_coopmat_bx_t128x256k32g82s32gaxpiw_texture3d_texture2d_half,1,5929.22,0.122593,SKIPPED,,1,60,68,2800,2.0,2026-10-05T03:48:00Z
4w,F1,f00,bx_t128x256k32g82s32gaxpiw,llama-3.2-1b,wq_wo,2048,2048,2048,sarc_dev_780m_x_linear_q4gsw_coopmat_bx_t128x256k32g82s32gaxpiw_texture3d_texture2d_half,1,2743.7,0.1348,SKIPPED,,1,60,68,2800,2.0,2026-10-05T03:48:00Z
4w,F1,f00,bx_t128x256k32g82s32f32ciw,llama-3.1-8b,wq_wo,2048,4096,4096,sarc_dev_780m_x_linear_q4gsw_coopmat_bx_t128x256k32g82s32f32ciw_texture3d_texture2d_half,1,9227.6,0.0903952,SKIPPED,,1,60,67,2800,2.0,2026-10-05T03:48:02Z
4w,F1,f00,bx_t128x256k32g82s32f32ciw,llama-3.2-3b,wq_wo,2048,3072,3072,sarc_dev_780m_x_linear_q4gsw_coopmat_bx_t128x256k32g82s32f32ciw_texture3d_texture2d_half,1,5443.92,0.114146,SKIPPED,,1,60,67,2800,2.0,2026-10-05T03:48:02Z
4w,F1,f00,bx_t128x256k32g82s32f32ciw,llama-3.2-1b,wq_wo,2048,2048,2048,sarc_dev_780m_x_linear_q4gsw_coopmat_bx_t128x256k32g82s32f32ciw_texture3d_texture2d_half,1,2678.9,0.128957,SKIPPED,,1,60,67,2800,2.0,2026-10-05T03:48:02Z
4w,F1,f00,bx_t128x256k32g82s32f32biw,llama-3.1-8b,wq_wo,2048,4096,4096,sarc_dev_780m_x_linear_q4gsw_coopmat_bx_t128x256k32g82s32f32biw_texture3d_texture2d_half,1,9195.68,0.0794092,SKIPPED,,1,61,66,2800,2.0,2026-10-05T03:48:04Z
4w,F1,f00,bx_t128x256k32g82s32f32biw,llama-3.2-3b,wq_wo,2048,3072,3072,sarc_dev_780m_x_linear_q4gsw_coopmat_bx_t128x256k32g82s32f32biw_texture3d_texture2d_half,1,5414.5,0.108191,SKIPPED,,1,61,66,2800,2.0,2026-10-05T03:48:04Z
4w,F1,f00,bx_t128x256k32g82s32f32biw,llama-3.2-1b,wq_wo,2048,2048,2048,sarc_dev_780m_x_linear_q4gsw_coopmat_bx_t128x256k32g82s32f32biw_texture3d_texture2d_half,1,2720.32,0.130953,SKIPPED,,1,61,66,2800,2.0,2026-10-05T03:48:04Z
4w,F1,f00,bx_t128x256k32g82s32f32xp,llama-3.1-8b,wq_wo,2048,4096,4096,sarc_dev_780m_x_linear_q4gsw_coopmat_bx_t128x256k32g82s32f32xp_texture3d_texture2d_half,1,9097.76,0.0718467,SKIPPED,,1,59,66,2800,2.0,2026-10-05T03:48:06Z
4w,F1,f00,bx_t128x256k32g82s32f32xp,llama-3.2-3b,wq_wo,2048,3072,3072,sarc_dev_780m_x_linear_q4gsw_coopmat_bx_t128x256k32g82s32f32xp_texture3d_texture2d_half,1,5796.42,0.129579,SKIPPED,,1,59,66,2800,2.0,2026-10-05T03:48:06Z
4w,F1,f00,bx_t128x256k32g82s32f32xp,llama-3.2-1b,wq_wo,2048,2048,2048,sarc_dev_780m_x_linear_q4gsw_coopmat_bx_t128x256k32g82s32f32xp_texture3d_texture2d_half,1,2698.7,0.134998,SKIPPED,,1,59,66,2800,2.0,2026-10-05T03:48:06Z
4w,F1,f00,t128x256k32g82s32f32xpiw,llama-3.1-8b,wq_wo,2048,4096,4096,sarc_dev_780m_x_linear_q4gsw_coopmat_t128x256k32g82s32f32xpiw_texture3d_texture2d_half,1,8773.94,0.0952595,SKIPPED,,1,59,66,2800,2.0,2026-10-05T03:48:08Z
4w,F1,f00,t128x256k32g82s32f32xpiw,llama-3.2-3b,wq_wo,2048,3072,3072,sarc_dev_780m_x_linear_q4gsw_coopmat_t128x256k32g82s32f32xpiw_texture3d_texture2d_half,1,5286.44,0.121069,SKIPPED,,1,59,66,2800,2.0,2026-10-05T03:48:08Z
4w,F1,f00,t128x256k32g82s32f32xpiw,llama-3.2-1b,wq_wo,2048,2048,2048,sarc_dev_780m_x_linear_q4gsw_coopmat_t128x256k32g82s32f32xpiw_texture3d_texture2d_half,1,2539.82,0.129972,SKIPPED,,1,59,66,2800,2.0,2026-10-05T03:48:08Z
4w,F1,f00,t128x256k32g41s32f32xpiw,llama-3.1-8b,wq_wo,2048,4096,4096,sarc_dev_780m_x_linear_q4gsw_coopmat_t128x256k32g41s32f32xpiw_texture3d_texture2d_half,1,27691.2,0.0049097,SKIPPED,,1,59,63,2800,2.3,2026-10-05T03:48:10Z
4w,F1,f00,t128x256k32g41s32f32xpiw,llama-3.2-3b,wq_wo,2048,3072,3072,sarc_dev_780m_x_linear_q4gsw_coopmat_t128x256k32g41s32f32xpiw_texture3d_texture2d_half,1,15235.2,0.00675478,SKIPPED,,1,59,63,2800,2.3,2026-10-05T03:48:10Z
4w,F1,f00,t128x256k32g41s32f32xpiw,llama-3.2-1b,wq_wo,2048,2048,2048,sarc_dev_780m_x_linear_q4gsw_coopmat_t128x256k32g41s32f32xpiw_texture3d_texture2d_half,1,7872.64,0.105169,SKIPPED,,1,59,63,2800,2.3,2026-10-05T03:48:10Z
4w,F1,f00,bx_t128x256k32g44s32xpiw,llama-3.1-8b,wq_wo,2048,4096,4096,sarc_dev_780m_x_linear_q4gsw_coopmat_bx_t128x256k32g44s32xpiw_texture3d_texture2d_half,1,9340.64,0.0715057,SKIPPED,,1,59,67,2800,2.0,2026-10-05T03:48:12Z
4w,F1,f00,bx_t128x256k32g44s32xpiw,llama-3.2-3b,wq_wo,2048,3072,3072,sarc_dev_780m_x_linear_q4gsw_coopmat_bx_t128x256k32g44s32xpiw_texture3d_texture2d_half,1,5949.96,0.123031,SKIPPED,,1,59,67,2800,2.0,2026-10-05T03:48:12Z
4w,F1,f00,bx_t128x256k32g44s32xpiw,llama-3.2-1b,wq_wo,2048,2048,2048,sarc_dev_780m_x_linear_q4gsw_coopmat_bx_t128x256k32g44s32xpiw_texture3d_texture2d_half,1,2904.32,0.141554,SKIPPED,,1,59,67,2800,2.0,2026-10-05T03:48:12Z
4w,F1,f00,bx_t128x256k32g44s32gaxpiw,llama-3.1-8b,wq_wo,2048,4096,4096,sarc_dev_780m_x_linear_q4gsw_coopmat_bx_t128x256k32g44s32gaxpiw_texture3d_texture2d_half,1,9294.5,0.0966845,SKIPPED,,1,59,68,2800,2.1,2026-10-05T03:48:15Z
4w,F1,f00,bx_t128x256k32g44s32gaxpiw,llama-3.2-3b,wq_wo,2048,3072,3072,sarc_dev_780m_x_linear_q4gsw_coopmat_bx_t128x256k32g44s32gaxpiw_texture3d_texture2d_half,1,5972.14,0.136516,SKIPPED,,1,59,68,2800,2.1,2026-10-05T03:48:15Z
4w,F1,f00,bx_t128x256k32g44s32gaxpiw,llama-3.2-1b,wq_wo,2048,2048,2048,sarc_dev_780m_x_linear_q4gsw_coopmat_bx_t128x256k32g44s32gaxpiw_texture3d_texture2d_half,1,2728.16,0.133291,SKIPPED,,1,59,68,2800,2.1,2026-10-05T03:48:15Z
4w,F1,f00,bx_t128x256k32g44s32f32biw,llama-3.1-8b,wq_wo,2048,4096,4096,sarc_dev_780m_x_linear_q4gsw_coopmat_bx_t128x256k32g44s32f32biw_texture3d_texture2d_half,1,9231.7,0.0811079,SKIPPED,,1,60,66,2800,2.0,2026-10-05T03:48:17Z
4w,F1,f00,bx_t128x256k32g44s32f32biw,llama-3.2-3b,wq_wo,2048,3072,3072,sarc_dev_780m_x_linear_q4gsw_coopmat_bx_t128x256k32g44s32f32biw_texture3d_texture2d_half,1,5823.84,0.131913,SKIPPED,,1,60,66,2800,2.0,2026-10-05T03:48:17Z
4w,F1,f00,bx_t128x256k32g44s32f32biw,llama-3.2-1b,wq_wo,2048,2048,2048,sarc_dev_780m_x_linear_q4gsw_coopmat_bx_t128x256k32g44s32f32biw_texture3d_texture2d_half,1,2719.82,0.134101,SKIPPED,,1,60,66,2800,2.0,2026-10-05T03:48:17Z
4w,F1,f00,bx_t128x256k32g44s32f32xpiiw,llama-3.1-8b,wq_wo,2048,4096,4096,sarc_dev_780m_x_linear_q4gsw_coopmat_bx_t128x256k32g44s32f32xpiiw_texture3d_texture2d_half,1,8933.94,0.0637588,SKIPPED,,1,59,67,2800,2.0,2026-10-05T03:48:19Z
4w,F1,f00,bx_t128x256k32g44s32f32xpiiw,llama-3.2-3b,wq_wo,2048,3072,3072,sarc_dev_780m_x_linear_q4gsw_coopmat_bx_t128x256k32g44s32f32xpiiw_texture3d_texture2d_half,1,5566.7,0.136619,SKIPPED,,1,59,67,2800,2.0,2026-10-05T03:48:19Z
4w,F1,f00,bx_t128x256k32g44s32f32xpiiw,llama-3.2-1b,wq_wo,2048,2048,2048,sarc_dev_780m_x_linear_q4gsw_coopmat_bx_t128x256k32g44s32f32xpiiw_texture3d_texture2d_half,1,2647.34,0.131603,SKIPPED,,1,59,67,2800,2.0,2026-10-05T03:48:19Z
4w,F1,f00,bx_t128x256k32g44s32f32xp,llama-3.1-8b,wq_wo,2048,4096,4096,sarc_dev_780m_x_linear_q4gsw_coopmat_bx_t128x256k32g44s32f32xp_texture3d_texture2d_half,1,8775.02,0.0953521,SKIPPED,,1,59,65,2800,2.0,2026-10-05T03:48:21Z
4w,F1,f00,bx_t128x256k32g44s32f32xp,llama-3.2-3b,wq_wo,2048,3072,3072,sarc_dev_780m_x_linear_q4gsw_coopmat_bx_t128x256k32g44s32f32xp_texture3d_texture2d_half,1,5396.58,0.119312,SKIPPED,,1,59,65,2800,2.0,2026-10-05T03:48:21Z
4w,F1,f00,bx_t128x256k32g44s32f32xp,llama-3.2-1b,wq_wo,2048,2048,2048,sarc_dev_780m_x_linear_q4gsw_coopmat_bx_t128x256k32g44s32f32xp_texture3d_texture2d_half,1,2679.18,0.135806,SKIPPED,,1,59,65,2800,2.0,2026-10-05T03:48:21Z
4w,F1,f00,t128x256k32g44s32f32xpiw,llama-3.1-8b,wq_wo,2048,4096,4096,sarc_dev_780m_x_linear_q4gsw_coopmat_t128x256k32g44s32f32xpiw_texture3d_texture2d_half,1,8899.52,0.0890977,SKIPPED,,1,58,66,2800,2.0,2026-10-05T03:48:23Z
4w,F1,f00,t128x256k32g44s32f32xpiw,llama-3.2-3b,wq_wo,2048,3072,3072,sarc_dev_780m_x_linear_q4gsw_coopmat_t128x256k32g44s32f32xpiw_texture3d_texture2d_half,1,5812.3,0.135127,SKIPPED,,1,58,66,2800,2.0,2026-10-05T03:48:23Z
4w,F1,f00,t128x256k32g44s32f32xpiw,llama-3.2-1b,wq_wo,2048,2048,2048,sarc_dev_780m_x_linear_q4gsw_coopmat_t128x256k32g44s32f32xpiw_texture3d_texture2d_half,1,2645.42,0.133919,SKIPPED,,1,58,66,2800,2.0,2026-10-05T03:48:23Z
4w,F1,f00,bx_t128x256k32g42s64xpiw,llama-3.1-8b,wq_wo,2048,4096,4096,sarc_dev_780m_x_linear_q4gsw_coopmat_bx_t128x256k32g42s64xpiw_texture3d_texture2d_half,1,10904.9,0.0975928,SKIPPED,,1,59,63,2800,2.1,2026-10-05T03:48:25Z
4w,F1,f00,bx_t128x256k32g42s64xpiw,llama-3.2-3b,wq_wo,2048,3072,3072,sarc_dev_780m_x_linear_q4gsw_coopmat_bx_t128x256k32g42s64xpiw_texture3d_texture2d_half,1,6727.92,0.148549,SKIPPED,,1,59,63,2800,2.1,2026-10-05T03:48:25Z
4w,F1,f00,bx_t128x256k32g42s64xpiw,llama-3.2-1b,wq_wo,2048,2048,2048,sarc_dev_780m_x_linear_q4gsw_coopmat_bx_t128x256k32g42s64xpiw_texture3d_texture2d_half,1,3235.7,0.136026,SKIPPED,,1,59,63,2800,2.1,2026-10-05T03:48:25Z
4w,F1,f00,bx_t128x256k32g42s64gaxpiw,llama-3.1-8b,wq_wo,2048,4096,4096,sarc_dev_780m_x_linear_q4gsw_coopmat_bx_t128x256k32g42s64gaxpiw_texture3d_texture2d_half,1,10721,0.0977657,SKIPPED,,1,57,65,2800,2.0,2026-10-05T03:48:27Z
4w,F1,f00,bx_t128x256k32g42s64gaxpiw,llama-3.2-3b,wq_wo,2048,3072,3072,sarc_dev_780m_x_linear_q4gsw_coopmat_bx_t128x256k32g42s64gaxpiw_texture3d_texture2d_half,1,6432.58,0.124066,SKIPPED,,1,57,65,2800,2.0,2026-10-05T03:48:27Z
4w,F1,f00,bx_t128x256k32g42s64gaxpiw,llama-3.2-1b,wq_wo,2048,2048,2048,sarc_dev_780m_x_linear_q4gsw_coopmat_bx_t128x256k32g42s64gaxpiw_texture3d_texture2d_half,1,2981.7,0.159655,SKIPPED,,1,57,65,2800,2.0,2026-10-05T03:48:27Z
4w,F1,f00,bx_t128x256k32g42s64f32ciw,llama-3.1-8b,wq_wo,2048,4096,4096,sarc_dev_780m_x_linear_q4gsw_coopmat_bx_t128x256k32g42s64f32ciw_texture3d_texture2d_half,1,9404.64,0.0634707,SKIPPED,,1,59,66,2800,2.0,2026-10-05T03:48:29Z
4w,F1,f00,bx_t128x256k32g42s64f32ciw,llama-3.2-3b,wq_wo,2048,3072,3072,sarc_dev_780m_x_linear_q4gsw_coopmat_bx_t128x256k32g42s64f32ciw_texture3d_texture2d_half,1,6029.12,0.125986,SKIPPED,,1,59,66,2800,2.0,2026-10-05T03:48:29Z
4w,F1,f00,bx_t128x256k32g42s64f32ciw,llama-3.2-1b,wq_wo,2048,2048,2048,sarc_dev_780m_x_linear_q4gsw_coopmat_bx_t128x256k32g42s64f32ciw_texture3d_texture2d_half,1,2769.42,0.126157,SKIPPED,,1,59,66,2800,2.0,2026-10-05T03:48:29Z
4w,F1,f00,bx_t128x256k32g42s64f32biw,llama-3.1-8b,wq_wo,2048,4096,4096,sarc_dev_780m_x_linear_q4gsw_coopmat_bx_t128x256k32g42s64f32biw_texture3d_texture2d_half,1,9531.32,0.0651092,SKIPPED,,1,58,66,2800,2.0,2026-10-05T03:48:31Z
4w,F1,f00,bx_t128x256k32g42s64f32biw,llama-3.2-3b,wq_wo,2048,3072,3072,sarc_dev_780m_x_linear_q4gsw_coopmat_bx_t128x256k32g42s64f32biw_texture3d_texture2d_half,1,5851.36,0.127584,SKIPPED,,1,58,66,2800,2.0,2026-10-05T03:48:31Z
4w,F1,f00,bx_t128x256k32g42s64f32biw,llama-3.2-1b,wq_wo,2048,2048,2048,sarc_dev_780m_x_linear_q4gsw_coopmat_bx_t128x256k32g42s64f32biw_texture3d_texture2d_half,1,2790.36,0.126507,SKIPPED,,1,58,66,2800,2.0,2026-10-05T03:48:31Z
4w,F1,f00,bx_t128x256k32g42s64f32xpiiw,llama-3.1-8b,wq_wo,2048,4096,4096,sarc_dev_780m_x_linear_q4gsw_coopmat_bx_t128x256k32g42s64f32xpiiw_texture3d_texture2d_half,1,9473.5,0.0738858,SKIPPED,,1,59,66,2800,2.0,2026-10-05T03:48:33Z
4w,F1,f00,bx_t128x256k32g42s64f32xpiiw,llama-3.2-3b,wq_wo,2048,3072,3072,sarc_dev_780m_x_linear_q4gsw_coopmat_bx_t128x256k32g42s64f32xpiiw_texture3d_texture2d_half,1,5913.32,0.122694,SKIPPED,,1,59,66,2800,2.0,2026-10-05T03:48:33Z
4w,F1,f00,bx_t128x256k32g42s64f32xpiiw,llama-3.2-1b,wq_wo,2048,2048,2048,sarc_dev_780m_x_linear_q4gsw_coopmat_bx_t128x256k32g42s64f32xpiiw_texture3d_texture2d_half,1,2737.34,0.126094,SKIPPED,,1,59,66,2800,2.0,2026-10-05T03:48:33Z
4w,F1,f00,bx_t128x256k32g42s64f32xp,llama-3.1-8b,wq_wo,2048,4096,4096,sarc_dev_780m_x_linear_q4gsw_coopmat_bx_t128x256k32g42s64f32xp_texture3d_texture2d_half,1,9302.4,0.0769617,SKIPPED,,1,59,66,2800,2.0,2026-10-05T03:48:35Z
4w,F1,f00,bx_t128x256k32g42s64f32xp,llama-3.2-3b,wq_wo,2048,3072,3072,sarc_dev_780m_x_linear_q4gsw_coopmat_bx_t128x256k32g42s64f32xp_texture3d_texture2d_half,1,5972.56,0.124921,SKIPPED,,1,59,66,2800,2.0,2026-10-05T03:48:35Z
4w,F1,f00,bx_t128x256k32g42s64f32xp,llama-3.2-1b,wq_wo,2048,2048,2048,sarc_dev_780m_x_linear_q4gsw_coopmat_bx_t128x256k32g42s64f32xp_texture3d_texture2d_half,1,2763.92,0.131188,SKIPPED,,1,59,66,2800,2.0,2026-10-05T03:48:35Z
4w,F1,f00,t128x256k32g42s64f32xpiw,llama-3.1-8b,wq_wo,2048,4096,4096,sarc_dev_780m_x_linear_q4gsw_coopmat_t128x256k32g42s64f32xpiw_texture3d_texture2d_half,1,9390.5,0.0705019,SKIPPED,,1,59,64,2800,2.0,2026-10-05T03:48:37Z
4w,F1,f00,t128x256k32g42s64f32xpiw,llama-3.2-3b,wq_wo,2048,3072,3072,sarc_dev_780m_x_linear_q4gsw_coopmat_t128x256k32g42s64f32xpiw_texture3d_texture2d_half,1,6006.1,0.130603,SKIPPED,,1,59,64,2800,2.0,2026-10-05T03:48:37Z
4w,F1,f00,t128x256k32g42s64f32xpiw,llama-3.2-1b,wq_wo,2048,2048,2048,sarc_dev_780m_x_linear_q4gsw_coopmat_t128x256k32g42s64f32xpiw_texture3d_texture2d_half,1,2771.06,0.134649,SKIPPED,,1,59,64,2800,2.0,2026-10-05T03:48:37Z
4w,F1,f00,bx_t128x256k32g42s32ciw,llama-3.1-8b,wq_wo,2048,4096,4096,sarc_dev_780m_x_linear_q4gsw_coopmat_bx_t128x256k32g42s32ciw_texture3d_texture2d_half,1,60702.6,0.00281438,SKIPPED,,1,58,62,2800,2.4,2026-10-05T03:48:40Z
4w,F1,f00,bx_t128x256k32g42s32ciw,llama-3.2-3b,wq_wo,2048,3072,3072,sarc_dev_780m_x_linear_q4gsw_coopmat_bx_t128x256k32g42s32ciw_texture3d_texture2d_half,1,33878.7,0.00232335,SKIPPED,,1,58,62,2800,2.4,2026-10-05T03:48:40Z
4w,F1,f00,bx_t128x256k32g42s32ciw,llama-3.2-1b,wq_wo,2048,2048,2048,sarc_dev_780m_x_linear_q4gsw_coopmat_bx_t128x256k32g42s32ciw_texture3d_texture2d_half,1,14226.9,0.00617472,SKIPPED,,1,58,62,2800,2.4,2026-10-05T03:48:40Z
4w,F1,f00,bx_t128x256k32g42s32biw,llama-3.1-8b,wq_wo,2048,4096,4096,sarc_dev_780m_x_linear_q4gsw_coopmat_bx_t128x256k32g42s32biw_texture3d_texture2d_half,1,59932.8,0.00797462,SKIPPED,,1,58,62,2800,2.4,2026-10-05T03:48:42Z
4w,F1,f00,bx_t128x256k32g42s32biw,llama-3.2-3b,wq_wo,2048,3072,3072,sarc_dev_780m_x_linear_q4gsw_coopmat_bx_t128x256k32g42s32biw_texture3d_texture2d_half,1,33139.7,0.00574212,SKIPPED,,1,58,62,2800,2.4,2026-10-05T03:48:42Z
4w,F1,f00,bx_t128x256k32g42s32biw,llama-3.2-1b,wq_wo,2048,2048,2048,sarc_dev_780m_x_linear_q4gsw_coopmat_bx_t128x256k32g42s32biw_texture3d_texture2d_half,1,13795,0.00712798,SKIPPED,,1,58,62,2800,2.4,2026-10-05T03:48:42Z
4w,F1,f00,bx_t128x256k32g42s32xpiiw,llama-3.1-8b,wq_wo,2048,4096,4096,sarc_dev_780m_x_linear_q4gsw_coopmat_bx_t128x256k32g42s32xpiiw_texture3d_texture2d_half,1,73349.2,0.00337241,SKIPPED,,1,58,61,2800,2.5,2026-10-05T03:48:45Z
4w,F1,f00,bx_t128x256k32g42s32xpiiw,llama-3.2-3b,wq_wo,2048,3072,3072,sarc_dev_780m_x_linear_q4gsw_coopmat_bx_t128x256k32g42s32xpiiw_texture3d_texture2d_half,1,40885.4,0.00120878,SKIPPED,,1,58,61,2800,2.5,2026-10-05T03:48:45Z
4w,F1,f00,bx_t128x256k32g42s32xpiiw,llama-3.2-1b,wq_wo,2048,2048,2048,sarc_dev_780m_x_linear_q4gsw_coopmat_bx_t128x256k32g42s32xpiiw_texture3d_texture2d_half,1,17418.8,0.00806689,SKIPPED,,1,58,61,2800,2.5,2026-10-05T03:48:45Z
4w,F1,f00,bx_t128x256k32g42s32xp,llama-3.1-8b,wq_wo,2048,4096,4096,sarc_dev_780m_x_linear_q4gsw_coopmat_bx_t128x256k32g42s32xp_texture3d_texture2d_half,1,74083.3,0.0091497,SKIPPED,,1,58,61,2800,2.5,2026-10-05T03:48:47Z
4w,F1,f00,bx_t128x256k32g42s32xp,llama-3.2-3b,wq_wo,2048,3072,3072,sarc_dev_780m_x_linear_q4gsw_coopmat_bx_t128x256k32g42s32xp_texture3d_texture2d_half,1,40828.7,0.00248506,SKIPPED,,1,58,61,2800,2.5,2026-10-05T03:48:47Z
4w,F1,f00,bx_t128x256k32g42s32xp,llama-3.2-1b,wq_wo,2048,2048,2048,sarc_dev_780m_x_linear_q4gsw_coopmat_bx_t128x256k32g42s32xp_texture3d_texture2d_half,1,17459.1,0.00591046,SKIPPED,,1,58,61,2800,2.5,2026-10-05T03:48:47Z
4w,F1,f00,t128x256k32g42s32xpiw,llama-3.1-8b,wq_wo,2048,4096,4096,sarc_dev_780m_x_linear_q4gsw_coopmat_t128x256k32g42s32xpiw_texture3d_texture2d_half,1,84843.8,0.00251399,SKIPPED,,1,58,62,2800,2.6,2026-10-05T03:48:50Z
4w,F1,f00,t128x256k32g42s32xpiw,llama-3.2-3b,wq_wo,2048,3072,3072,sarc_dev_780m_x_linear_q4gsw_coopmat_t128x256k32g42s32xpiw_texture3d_texture2d_half,1,47352.9,0.00480001,SKIPPED,,1,58,62,2800,2.6,2026-10-05T03:48:50Z
4w,F1,f00,t128x256k32g42s32xpiw,llama-3.2-1b,wq_wo,2048,2048,2048,sarc_dev_780m_x_linear_q4gsw_coopmat_t128x256k32g42s32xpiw_texture3d_texture2d_half,1,20328.4,0.00401606,SKIPPED,,1,58,62,2800,2.6,2026-10-05T03:48:50Z
4w,F1,f00,bx_t128x256k32g42s32gaciw,llama-3.1-8b,wq_wo,2048,4096,4096,sarc_dev_780m_x_linear_q4gsw_coopmat_bx_t128x256k32g42s32gaciw_texture3d_texture2d_half,1,85797.3,0.000156391,SKIPPED,,1,58,62,2800,2.5,2026-10-05T03:48:52Z
4w,F1,f00,bx_t128x256k32g42s32gaciw,llama-3.2-3b,wq_wo,2048,3072,3072,sarc_dev_780m_x_linear_q4gsw_coopmat_bx_t128x256k32g42s32gaciw_texture3d_texture2d_half,1,47960.7,0.00679805,SKIPPED,,1,58,62,2800,2.5,2026-10-05T03:48:52Z
4w,F1,f00,bx_t128x256k32g42s32gaciw,llama-3.2-1b,wq_wo,2048,2048,2048,sarc_dev_780m_x_linear_q4gsw_coopmat_bx_t128x256k32g42s32gaciw_texture3d_texture2d_half,1,20343.6,0.00457042,SKIPPED,,1,58,62,2800,2.5,2026-10-05T03:48:52Z
4w,F1,f00,bx_t128x256k32g42s32gabiw,llama-3.1-8b,wq_wo,2048,4096,4096,sarc_dev_780m_x_linear_q4gsw_coopmat_bx_t128x256k32g42s32gabiw_texture3d_texture2d_half,1,85057.9,0.00271768,SKIPPED,,1,58,61,2800,2.7,2026-10-05T03:48:55Z
4w,F1,f00,bx_t128x256k32g42s32gabiw,llama-3.2-3b,wq_wo,2048,3072,3072,sarc_dev_780m_x_linear_q4gsw_coopmat_bx_t128x256k32g42s32gabiw_texture3d_texture2d_half,1,47384.6,0.00560368,SKIPPED,,1,58,61,2800,2.7,2026-10-05T03:48:55Z
4w,F1,f00,bx_t128x256k32g42s32gabiw,llama-3.2-1b,wq_wo,2048,2048,2048,sarc_dev_780m_x_linear_q4gsw_coopmat_bx_t128x256k32g42s32gabiw_texture3d_texture2d_half,1,20305.3,0.00769567,SKIPPED,,1,58,61,2800,2.7,2026-10-05T03:48:55Z
4w,F1,f00,bx_t128x256k32g42s32gaxpiiw,llama-3.1-8b,wq_wo,2048,4096,4096,sarc_dev_780m_x_linear_q4gsw_coopmat_bx_t128x256k32g42s32gaxpiiw_texture3d_texture2d_half,1,82474.9,0.00945647,SKIPPED,,1,57,62,2800,2.6,2026-10-05T03:48:58Z
4w,F1,f00,bx_t128x256k32g42s32gaxpiiw,llama-3.2-3b,wq_wo,2048,3072,3072,sarc_dev_780m_x_linear_q4gsw_coopmat_bx_t128x256k32g42s32gaxpiiw_texture3d_texture2d_half,1,45886.3,0.00451091,SKIPPED,,1,57,62,2800,2.6,2026-10-05T03:48:58Z
4w,F1,f00,bx_t128x256k32g42s32gaxpiiw,llama-3.2-1b,wq_wo,2048,2048,2048,sarc_dev_780m_x_linear_q4gsw_coopmat_bx_t128x256k32g42s32gaxpiiw_texture3d_texture2d_half,1,19591,0.00687537,SKIPPED,,1,57,62,2800,2.6,2026-10-05T03:48:58Z
4w,F1,f00,bx_t128x256k32g42s32gaxp,llama-3.1-8b,wq_wo,2048,4096,4096,sarc_dev_780m_x_linear_q4gsw_coopmat_bx_t128x256k32g42s32gaxp_texture3d_texture2d_half,1,82348.3,0.00734613,SKIPPED,,1,58,62,2800,2.6,2026-10-05T03:49:00Z
4w,F1,f00,bx_t128x256k32g42s32gaxp,llama-3.2-3b,wq_wo,2048,3072,3072,sarc_dev_780m_x_linear_q4gsw_coopmat_bx_t128x256k32g42s32gaxp_texture3d_texture2d_half,1,45998.7,0.00403562,SKIPPED,,1,58,62,2800,2.6,2026-10-05T03:49:00Z
4w,F1,f00,bx_t128x256k32g42s32gaxp,llama-3.2-1b,wq_wo,2048,2048,2048,sarc_dev_780m_x_linear_q4gsw_coopmat_bx_t128x256k32g42s32gaxp_texture3d_texture2d_half,1,19627.8,0.00796633,SKIPPED,,1,58,62,2800,2.6,2026-10-05T03:49:00Z
4w,F1,f00,t128x256k32g42s32gaxpiw,llama-3.1-8b,wq_wo,2048,4096,4096,sarc_dev_780m_x_linear_q4gsw_coopmat_t128x256k32g42s32gaxpiw_texture3d_texture2d_half,1,102601,0.000220857,SKIPPED,,124,58,45,800,994.7,2026-10-05T04:05:35Z
4w,F1,f00,t128x256k32g42s32gaxpiw,llama-3.2-3b,wq_wo,2048,3072,3072,sarc_dev_780m_x_linear_q4gsw_coopmat_t128x256k32g42s32gaxpiw_texture3d_texture2d_half,1,58452,0.00610517,SKIPPED,,124,58,45,800,994.7,2026-10-05T04:05:35Z
4w,F1,f00,t128x256k32g42s32gaxpiw,llama-3.2-1b,wq_wo,2048,2048,2048,sarc_dev_780m_x_linear_q4gsw_coopmat_t128x256k32g42s32gaxpiw_texture3d_texture2d_half,1,24972.5,0.00910142,SKIPPED,,124,58,45,800,994.7,2026-10-05T04:05:35Z
4w,F1,f00,bx_t128x256k32g42s32f32ciiw,llama-3.1-8b,wq_wo,2048,4096,4096,sarc_dev_780m_x_linear_q4gsw_coopmat_bx_t128x256k32g42s32f32ciiw_texture3d_texture2d_half,1,6803.24,0.142598,SKIPPED,,1,58,64,2800,2.3,2026-10-05T04:05:40Z
4w,F1,f00,bx_t128x256k32g42s32f32ciiw,llama-3.2-3b,wq_wo,2048,3072,3072,sarc_dev_780m_x_linear_q4gsw_coopmat_bx_t128x256k32g42s32f32ciiw_texture3d_texture2d_half,1,3986.4,0.135765,SKIPPED,,1,58,64,2800,2.3,2026-10-05T04:05:40Z
4w,F1,f00,bx_t128x256k32g42s32f32ciiw,llama-3.2-1b,wq_wo,2048,2048,2048,sarc_dev_780m_x_linear_q4gsw_coopmat_bx_t128x256k32g42s32f32ciiw_texture3d_texture2d_half,1,1803.92,0.135891,SKIPPED,,1,58,64,2800,2.3,2026-10-05T04:05:40Z
4w,F1,f00,bx_t128x256k32g42s32f32biiw,llama-3.1-8b,wq_wo,2048,4096,4096,sarc_dev_780m_x_linear_q4gsw_coopmat_bx_t128x256k32g42s32f32biiw_texture3d_texture2d_half,1,6799.82,0.132092,SKIPPED,,1,47,64,2800,2.4,2026-10-05T04:05:49Z
4w,F1,f00,bx_t128x256k32g42s32f32biiw,llama-3.2-3b,wq_wo,2048,3072,3072,sarc_dev_780m_x_linear_q4gsw_coopmat_bx_t128x256k32g42s32f32biiw_texture3d_texture2d_half,1,3970.4,0.134485,SKIPPED,,1,47,64,2800,2.4,2026-10-05T04:05:49Z
4w,F1,f00,bx_t128x256k32g42s32f32biiw,llama-3.2-1b,wq_wo,2048,2048,2048,sarc_dev_780m_x_linear_q4gsw_coopmat_bx_t128x256k32g42s32f32biiw_texture3d_texture2d_half,1,1815.64,0.139615,SKIPPED,,1,47,64,2800,2.4,2026-10-05T04:05:49Z
4w,F1,f00,bx_t128x256k32g42s32f32b,llama-3.1-8b,wq_wo,2048,4096,4096,sarc_dev_780m_x_linear_q4gsw_coopmat_bx_t128x256k32g42s32f32b_texture3d_texture2d_half,1,6535.26,0.113291,SKIPPED,,1,48,65,2800,2.4,2026-10-05T04:05:59Z
4w,F1,f00,bx_t128x256k32g42s32f32b,llama-3.2-3b,wq_wo,2048,3072,3072,sarc_dev_780m_x_linear_q4gsw_coopmat_bx_t128x256k32g42s32f32b_texture3d_texture2d_half,1,3996.2,0.145383,SKIPPED,,1,48,65,2800,2.4,2026-10-05T04:05:59Z
4w,F1,f00,bx_t128x256k32g42s32f32b,llama-3.2-1b,wq_wo,2048,2048,2048,sarc_dev_780m_x_linear_q4gsw_coopmat_bx_t128x256k32g42s32f32b_texture3d_texture2d_half,1,1841.8,0.141078,SKIPPED,,1,48,65,2800,2.4,2026-10-05T04:05:59Z
4w,F1,f00,bx_t128x256k32g42s32f32biwh,llama-3.1-8b,wq_wo,2048,4096,4096,sarc_dev_780m_x_linear_q4gsw_coopmat_bx_t128x256k32g42s32f32biwh_texture3d_texture2d_half,1,7230.08,0.125627,SKIPPED,,1,61,67,2800,2.3,2026-10-05T04:06:06Z
4w,F1,f00,bx_t128x256k32g42s32f32biwh,llama-3.2-3b,wq_wo,2048,3072,3072,sarc_dev_780m_x_linear_q4gsw_coopmat_bx_t128x256k32g42s32f32biwh_texture3d_texture2d_half,1,4025.98,0.134708,SKIPPED,,1,61,67,2800,2.3,2026-10-05T04:06:06Z
4w,F1,f00,bx_t128x256k32g42s32f32biwh,llama-3.2-1b,wq_wo,2048,2048,2048,sarc_dev_780m_x_linear_q4gsw_coopmat_bx_t128x256k32g42s32f32biwh_texture3d_texture2d_half,1,1915.38,0.140327,SKIPPED,,1,61,67,2800,2.3,2026-10-05T04:06:06Z
4w,F1,f00,t128x256k32g42s32f32biw,llama-3.1-8b,wq_wo,2048,4096,4096,sarc_dev_780m_x_linear_q4gsw_coopmat_t128x256k32g42s32f32biw_texture3d_texture2d_half,1,6554.88,0.111357,SKIPPED,,1,50,66,2800,2.4,2026-10-05T04:06:17Z
4w,F1,f00,t128x256k32g42s32f32biw,llama-3.2-3b,wq_wo,2048,3072,3072,sarc_dev_780m_x_linear_q4gsw_coopmat_t128x256k32g42s32f32biw_texture3d_texture2d_half,1,3985.58,0.141205,SKIPPED,,1,50,66,2800,2.4,2026-10-05T04:06:17Z
4w,F1,f00,t128x256k32g42s32f32biw,llama-3.2-1b,wq_wo,2048,2048,2048,sarc_dev_780m_x_linear_q4gsw_coopmat_t128x256k32g42s32f32biw_texture3d_texture2d_half,1,1885.24,0.1406,SKIPPED,,1,50,66,2800,2.4,2026-10-05T04:06:17Z
4w,F1,f00,bx_t128x256k32g42s32f32xpi,llama-3.1-8b,wq_wo,2048,4096,4096,sarc_dev_780m_x_linear_q4gsw_coopmat_bx_t128x256k32g42s32f32xpi_texture3d_texture2d_half,1,6489.26,0.11235,SKIPPED,,1,51,68,2800,2.4,2026-10-05T04:06:29Z
4w,F1,f00,bx_t128x256k32g42s32f32xpi,llama-3.2-3b,wq_wo,2048,3072,3072,sarc_dev_780m_x_linear_q4gsw_coopmat_bx_t128x256k32g42s32f32xpi_texture3d_texture2d_half,1,3901.68,0.122461,SKIPPED,,1,51,68,2800,2.4,2026-10-05T04:06:29Z
4w,F1,f00,bx_t128x256k32g42s32f32xpi,llama-3.2-1b,wq_wo,2048,2048,2048,sarc_dev_780m_x_linear_q4gsw_coopmat_bx_t128x256k32g42s32f32xpi_texture3d_texture2d_half,1,1809.56,0.136344,SKIPPED,,1,51,68,2800,2.4,2026-10-05T04:06:29Z
4w,F1,f00,t128x256k32g42s32f32xpiiw,llama-3.1-8b,wq_wo,2048,4096,4096,sarc_dev_780m_x_linear_q4gsw_coopmat_t128x256k32g42s32f32xpiiw_texture3d_texture2d_half,1,6566.38,0.118091,SKIPPED,,1,51,68,2800,2.4,2026-10-05T04:06:40Z
4w,F1,f00,t128x256k32g42s32f32xpiiw,llama-3.2-3b,wq_wo,2048,3072,3072,sarc_dev_780m_x_linear_q4gsw_coopmat_t128x256k32g42s32f32xpiiw_texture3d_texture2d_half,1,3982.12,0.138652,SKIPPED,,1,51,68,2800,2.4,2026-10-05T04:06:40Z
4w,F1,f00,t128x256k32g42s32f32xpiiw,llama-3.2-1b,wq_wo,2048,2048,2048,sarc_dev_780m_x_linear_q4gsw_coopmat_t128x256k32g42s32f32xpiiw_texture3d_texture2d_half,1,1843.3,0.137503,SKIPPED,,1,51,68,2800,2.4,2026-10-05T04:06:40Z
4w,F1,f00,t32x128k64g42s32f32ciw,llama-3.1-8b,wq_wo,2048,4096,4096,sarc_dev_780m_x_linear_q4gsw_coopmat_t32x128k64g42s32f32ciw_texture3d_texture2d_half,1,12869.7,0.0583936,SKIPPED,,1,52,68,2800,2.5,2026-10-05T04:06:52Z
4w,F1,f00,t32x128k64g42s32f32ciw,llama-3.2-3b,wq_wo,2048,3072,3072,sarc_dev_780m_x_linear_q4gsw_coopmat_t32x128k64g42s32f32ciw_texture3d_texture2d_half,1,7743.56,0.110556,SKIPPED,,1,52,68,2800,2.5,2026-10-05T04:06:52Z
4w,F1,f00,t32x128k64g42s32f32ciw,llama-3.2-1b,wq_wo,2048,2048,2048,sarc_dev_780m_x_linear_q4gsw_coopmat_t32x128k64g42s32f32ciw_texture3d_texture2d_half,1,3824.04,0.144371,SKIPPED,,1,52,68,2800,2.5,2026-10-05T04:06:52Z
4w,F1,f00,t32x128k32g41s32f32ciw,llama-3.1-8b,wq_wo,2048,4096,4096,sarc_dev_780m_x_linear_q4gsw_coopmat_t32x128k32g41s32f32ciw_texture3d_texture2d_half,1,9649.68,0.0584059,SKIPPED,,1,52,70,2800,2.4,2026-10-05T04:07:02Z
4w,F1,f00,t32x128k32g41s32f32ciw,llama-3.2-3b,wq_wo,2048,3072,3072,sarc_dev_780m_x_linear_q4gsw_coopmat_t32x128k32g41s32f32ciw_texture3d_texture2d_half,1,6157.1,0.132641,SKIPPED,,1,52,70,2800,2.4,2026-10-05T04:07:02Z
4w,F1,f00,t32x128k32g41s32f32ciw,llama-3.2-1b,wq_wo,2048,2048,2048,sarc_dev_780m_x_linear_q4gsw_coopmat_t32x128k32g41s32f32ciw_texture3d_texture2d_half,1,2690.44,0.138774,SKIPPED,,1,52,70,2800,2.4,2026-10-05T04:07:02Z
4w,F1,f00,t64x64k32g42s32f32ciw,llama-3.1-8b,wq_wo,2048,4096,4096,sarc_dev_780m_x_linear_q4gsw_coopmat_t64x64k32g42s32f32ciw_texture3d_texture2d_half,1,9152.1,0.0814483,SKIPPED,,1,52,70,2800,2.4,2026-10-05T04:07:14Z
4w,F1,f00,t64x64k32g42s32f32ciw,llama-3.2-3b,wq_wo,2048,3072,3072,sarc_dev_780m_x_linear_q4gsw_coopmat_t64x64k32g42s32f32ciw_texture3d_texture2d_half,1,5693.9,0.123925,SKIPPED,,1,52,70,2800,2.4,2026-10-05T04:07:14Z
4w,F1,f00,t64x64k32g42s32f32ciw,llama-3.2-1b,wq_wo,2048,2048,2048,sarc_dev_780m_x_linear_q4gsw_coopmat_t64x64k32g42s32f32ciw_texture3d_texture2d_half,1,2636.42,0.144934,SKIPPED,,1,52,70,2800,2.4,2026-10-05T04:07:14Z
4w,F1,f00,t64x128k64g42s32f32ciw,llama-3.1-8b,wq_wo,2048,4096,4096,sarc_dev_780m_x_linear_q4gsw_coopmat_t64x128k64g42s32f32ciw_texture3d_texture2d_half,1,8517.02,0.0977014,SKIPPED,,1,52,69,2800,2.4,2026-10-05T04:07:25Z
4w,F1,f00,t64x128k64g42s32f32ciw,llama-3.2-3b,wq_wo,2048,3072,3072,sarc_dev_780m_x_linear_q4gsw_coopmat_t64x128k64g42s32f32ciw_texture3d_texture2d_half,1,5178.22,0.127656,SKIPPED,,1,52,69,2800,2.4,2026-10-05T04:07:25Z
4w,F1,f00,t64x128k64g42s32f32ciw,llama-3.2-1b,wq_wo,2048,2048,2048,sarc_dev_780m_x_linear_q4gsw_coopmat_t64x128k64g42s32f32ciw_texture3d_texture2d_half,1,2484.38,0.150745,SKIPPED,,1,52,69,2800,2.4,2026-10-05T04:07:25Z
4w,F1,f00,t64x128k32g12s32f32ciw,llama-3.1-8b,wq_wo,2048,4096,4096,sarc_dev_780m_x_linear_q4gsw_coopmat_t64x128k32g12s32f32ciw_texture3d_texture2d_half,1,9299.32,0.0782486,SKIPPED,,1,53,65,2800,2.5,2026-10-05T04:07:37Z
4w,F1,f00,t64x128k32g12s32f32ciw,llama-3.2-3b,wq_wo,2048,3072,3072,sarc_dev_780m_x_linear_q4gsw_coopmat_t64x128k32g12s32f32ciw_texture3d_texture2d_half,1,6107.84,0.138595,SKIPPED,,1,53,65,2800,2.5,2026-10-05T04:07:37Z
4w,F1,f00,t64x128k32g12s32f32ciw,llama-3.2-1b,wq_wo,2048,2048,2048,sarc_dev_780m_x_linear_q4gsw_coopmat_t64x128k32g12s32f32ciw_texture3d_texture2d_half,1,2884.72,0.16689,SKIPPED,,1,53,65,2800,2.5,2026-10-05T04:07:37Z
4w,F1,f00,t64x128k32g22s32f32ciw,llama-3.1-8b,wq_wo,2048,4096,4096,sarc_dev_780m_x_linear_q4gsw_coopmat_t64x128k32g22s32f32ciw_texture3d_texture2d_half,1,7815.14,0.102908,SKIPPED,,1,52,71,2800,2.4,2026-10-05T04:07:48Z
4w,F1,f00,t64x128k32g22s32f32ciw,llama-3.2-3b,wq_wo,2048,3072,3072,sarc_dev_780m_x_linear_q4gsw_coopmat_t64x128k32g22s32f32ciw_texture3d_texture2d_half,1,5024.84,0.136175,SKIPPED,,1,52,71,2800,2.4,2026-10-05T04:07:48Z
4w,F1,f00,t64x128k32g22s32f32ciw,llama-3.2-1b,wq_wo,2048,2048,2048,sarc_dev_780m_x_linear_q4gsw_coopmat_t64x128k32g22s32f32ciw_texture3d_texture2d_half,1,2136.86,0.143449,SKIPPED,,1,52,71,2800,2.4,2026-10-05T04:07:48Z
4w,F1,f00,t64x128k32g41s32f32ciw,llama-3.1-8b,wq_wo,2048,4096,4096,sarc_dev_780m_x_linear_q4gsw_coopmat_t64x128k32g41s32f32ciw_texture3d_texture2d_half,1,8085.88,0.113575,SKIPPED,,1,52,71,2800,2.4,2026-10-05T04:07:58Z
4w,F1,f00,t64x128k32g41s32f32ciw,llama-3.2-3b,wq_wo,2048,3072,3072,sarc_dev_780m_x_linear_q4gsw_coopmat_t64x128k32g41s32f32ciw_texture3d_texture2d_half,1,4975,0.138943,SKIPPED,,1,52,71,2800,2.4,2026-10-05T04:07:58Z
4w,F1,f00,t64x128k32g41s32f32ciw,llama-3.2-1b,wq_wo,2048,2048,2048,sarc_dev_780m_x_linear_q4gsw_coopmat_t64x128k32g41s32f32ciw_texture3d_texture2d_half,1,2162.38,0.140155,SKIPPED,,1,52,71,2800,2.4,2026-10-05T04:07:58Z
4w,F1,f00,t64x128k32g42s32ciw,llama-3.1-8b,wq_wo,2048,4096,4096,sarc_dev_780m_x_linear_q4gsw_coopmat_t64x128k32g42s32ciw_texture3d_texture2d_half,1,9186.26,0.0731225,SKIPPED,,1,52,70,2800,2.4,2026-10-05T04:08:07Z
4w,F1,f00,t64x128k32g42s32ciw,llama-3.2-3b,wq_wo,2048,3072,3072,sarc_dev_780m_x_linear_q4gsw_coopmat_t64x128k32g42s32ciw_texture3d_texture2d_half,1,5946.36,0.13999,SKIPPED,,1,52,70,2800,2.4,2026-10-05T04:08:07Z
4w,F1,f00,t64x128k32g42s32ciw,llama-3.2-1b,wq_wo,2048,2048,2048,sarc_dev_780m_x_linear_q4gsw_coopmat_t64x128k32g42s32ciw_texture3d_texture2d_half,1,2674.36,0.150091,SKIPPED,,1,52,70,2800,2.4,2026-10-05T04:08:07Z
4w,F1,f00,t64x128k32g42s32gaciw,llama-3.1-8b,wq_wo,2048,4096,4096,sarc_dev_780m_x_linear_q4gsw_coopmat_t64x128k32g42s32gaciw_texture3d_texture2d_half,1,8903.38,0.0854327,SKIPPED,,1,52,67,2800,2.5,2026-10-05T04:08:17Z
4w,F1,f00,t64x128k32g42s32gaciw,llama-3.2-3b,wq_wo,2048,3072,3072,sarc_dev_780m_x_linear_q4gsw_coopmat_t64x128k32g42s32gaciw_texture3d_texture2d_half,1,6210.58,0.163159,SKIPPED,,1,52,67,2800,2.5,2026-10-05T04:08:17Z
4w,F1,f00,t64x128k32g42s32gaciw,llama-3.2-1b,wq_wo,2048,2048,2048,sarc_dev_780m_x_linear_q4gsw_coopmat_t64x128k32g42s32gaciw_texture3d_texture2d_half,1,2654.98,0.159337,SKIPPED,,1,52,67,2800,2.5,2026-10-05T04:08:17Z
4w,F1,f00,t64x128k32g42s32f32iw,llama-3.1-8b,wq_wo,2048,4096,4096,sarc_dev_780m_x_linear_q4gsw_coopmat_t64x128k32g42s32f32iw_texture3d_texture2d_half,1,8589.84,0.0882812,SKIPPED,,1,53,71,2800,2.4,2026-10-05T04:08:29Z
4w,F1,f00,t64x128k32g42s32f32iw,llama-3.2-3b,wq_wo,2048,3072,3072,sarc_dev_780m_x_linear_q4gsw_coopmat_t64x128k32g42s32f32iw_texture3d_texture2d_half,1,5207.02,0.126479,SKIPPED,,1,53,71,2800,2.4,2026-10-05T04:08:29Z
4w,F1,f00,t64x128k32g42s32f32iw,llama-3.2-1b,wq_wo,2048,2048,2048,sarc_dev_780m_x_linear_q4gsw_coopmat_t64x128k32g42s32f32iw_texture3d_texture2d_half,1,2465.42,0.147205,SKIPPED,,1,53,71,2800,2.4,2026-10-05T04:08:29Z
4w,F1,f00,t64x128k32g42s32f32xiw,llama-3.1-8b,wq_wo,2048,4096,4096,sarc_dev_780m_x_linear_q4gsw_coopmat_t64x128k32g42s32f32xiw_texture3d_texture2d_half,1,9566.74,0.0759717,SKIPPED,,1,53,65,2800,2.5,2026-10-05T04:08:40Z
4w,F1,f00,t64x128k32g42s32f32xiw,llama-3.2-3b,wq_wo,2048,3072,3072,sarc_dev_780m_x_linear_q4gsw_coopmat_t64x128k32g42s32f32xiw_texture3d_texture2d_half,1,6434.6,0.156968,SKIPPED,,1,53,65,2800,2.5,2026-10-05T04:08:40Z
4w,F1,f00,t64x128k32g42s32f32xiw,llama-3.2-1b,wq_wo,2048,2048,2048,sarc_dev_780m_x_linear_q4gsw_coopmat_t64x128k32g42s32f32xiw_texture3d_texture2d_half,1,2924.3,0.160891,SKIPPED,,1,53,65,2800,2.5,2026-10-05T04:08:40Z
4w,F1,f00,t64x128k32g42s32f32xpiw,llama-3.1-8b,wq_wo,2048,4096,4096,sarc_dev_780m_x_linear_q4gsw_coopmat_t64x128k32g42s32f32xpiw_texture3d_texture2d_half,1,8161.6,0.105461,SKIPPED,,1,53,70,2800,2.4,2026-10-05T04:08:52Z
4w,F1,f00,t64x128k32g42s32f32xpiw,llama-3.2-3b,wq_wo,2048,3072,3072,sarc_dev_780m_x_linear_q4gsw_coopmat_t64x128k32g42s32f32xpiw_texture3d_texture2d_half,1,4994.46,0.138385,SKIPPED,,1,53,70,2800,2.4,2026-10-05T04:08:52Z
4w,F1,f00,t64x128k32g42s32f32xpiw,llama-3.2-1b,wq_wo,2048,2048,2048,sarc_dev_780m_x_linear_q4gsw_coopmat_t64x128k32g42s32f32xpiw_texture3d_texture2d_half,1,2288.84,0.149431,SKIPPED,,1,53,70,2800,2.4,2026-10-05T04:08:52Z
4w,F1,f00,t64x128k32g42s32f32biw,llama-3.1-8b,wq_wo,2048,4096,4096,sarc_dev_780m_x_linear_q4gsw_coopmat_t64x128k32g42s32f32biw_texture3d_texture2d_half,1,8232.16,0.104177,SKIPPED,,1,53,71,2800,2.4,2026-10-05T04:09:03Z
4w,F1,f00,t64x128k32g42s32f32biw,llama-3.2-3b,wq_wo,2048,3072,3072,sarc_dev_780m_x_linear_q4gsw_coopmat_t64x128k32g42s32f32biw_texture3d_texture2d_half,1,5055.46,0.138045,SKIPPED,,1,53,71,2800,2.4,2026-10-05T04:09:03Z
4w,F1,f00,t64x128k32g42s32f32biw,llama-3.2-1b,wq_wo,2048,2048,2048,sarc_dev_780m_x_linear_q4gsw_coopmat_t64x128k32g42s32f32biw_texture3d_texture2d_half,1,2310.12,0.148073,SKIPPED,,1,53,71,2800,2.4,2026-10-05T04:09:03Z
4w,F1,f00,t64x128k32g42s32f32cfliw,llama-3.1-8b,wq_wo,2048,4096,4096,sarc_dev_780m_x_linear_q4gsw_coopmat_t64x128k32g42s32f32cfliw_texture3d_texture2d_half,1,9537.36,0.0702401,SKIPPED,,1,53,68,2800,2.4,2026-10-05T04:09:15Z
4w,F1,f00,t64x128k32g42s32f32cfliw,llama-3.2-3b,wq_wo,2048,3072,3072,sarc_dev_780m_x_linear_q4gsw_coopmat_t64x128k32g42s32f32cfliw_texture3d_texture2d_half,1,6064.96,0.134152,SKIPPED,,1,53,68,2800,2.4,2026-10-05T04:09:15Z
4w,F1,f00,t64x128k32g42s32f32cfliw,llama-3.2-1b,wq_wo,2048,2048,2048,sarc_dev_780m_x_linear_q4gsw_coopmat_t64x128k32g42s32f32cfliw_texture3d_texture2d_half,1,2840.76,0.150796,SKIPPED,,1,53,68,2800,2.4,2026-10-05T04:09:15Z
4w,F1,f00,t64x128k32g42s32f32ciiw,llama-3.1-8b,wq_wo,2048,4096,4096,sarc_dev_780m_x_linear_q4gsw_coopmat_t64x128k32g42s32f32ciiw_texture3d_texture2d_half,1,8142.98,0.105929,SKIPPED,,1,53,71,2800,2.4,2026-10-05T04:09:25Z
4w,F1,f00,t64x128k32g42s32f32ciiw,llama-3.2-3b,wq_wo,2048,3072,3072,sarc_dev_780m_x_linear_q4gsw_coopmat_t64x128k32g42s32f32ciiw_texture3d_texture2d_half,1,5038.04,0.135815,SKIPPED,,1,53,71,2800,2.4,2026-10-05T04:09:25Z
4w,F1,f00,t64x128k32g42s32f32ciiw,llama-3.2-1b,wq_wo,2048,2048,2048,sarc_dev_780m_x_linear_q4gsw_coopmat_t64x128k32g42s32f32ciiw_texture3d_texture2d_half,1,2293.26,0.149078,SKIPPED,,1,53,71,2800,2.4,2026-10-05T04:09:25Z
4w,F1,f00,t64x128k32g42s32f32ciwbt,llama-3.1-8b,wq_wo,2048,4096,4096,sarc_dev_780m_x_linear_q4gsw_coopmat_t64x128k32g42s32f32ciwbt_texture3d_texture2d_half,1,8089.52,0.127696,SKIPPED,,1,54,72,2800,2.4,2026-10-05T04:09:37Z
4w,F1,f00,t64x128k32g42s32f32ciwbt,llama-3.2-3b,wq_wo,2048,3072,3072,sarc_dev_780m_x_linear_q4gsw_coopmat_t64x128k32g42s32f32ciwbt_texture3d_texture2d_half,1,4925.66,0.141707,SKIPPED,,1,54,72,2800,2.4,2026-10-05T04:09:37Z
4w,F1,f00,t64x128k32g42s32f32ciwbt,llama-3.2-1b,wq_wo,2048,2048,2048,sarc_dev_780m_x_linear_q4gsw_coopmat_t64x128k32g42s32f32ciwbt_texture3d_texture2d_half,1,2108.58,0.141361,SKIPPED,,1,54,72,2800,2.4,2026-10-05T04:09:37Z
4w,F1,f00,bx_t64x128k32g42s32f32ciw,llama-3.1-8b,wq_wo,2048,4096,4096,sarc_dev_780m_x_linear_q4gsw_coopmat_bx_t64x128k32g42s32f32ciw_texture3d_texture2d_half,1,8403.48,0.0996855,SKIPPED,,1,53,71,2800,2.5,2026-10-05T04:09:48Z
4w,F1,f00,bx_t64x128k32g42s32f32ciw,llama-3.2-3b,wq_wo,2048,3072,3072,sarc_dev_780m_x_linear_q4gsw_coopmat_bx_t64x128k32g42s32f32ciw_texture3d_texture2d_half,1,5401.98,0.158199,SKIPPED,,1,53,71,2800,2.5,2026-10-05T04:09:48Z
4w,F1,f00,bx_t64x128k32g42s32f32ciw,llama-3.2-1b,wq_wo,2048,2048,2048,sarc_dev_780m_x_linear_q4gsw_coopmat_bx_t64x128k32g42s32f32ciw_texture3d_texture2d_half,1,2393.44,0.149217,SKIPPED,,1,53,71,2800,2.5,2026-10-05T04:09:48Z
4w,F1,f00,t256x64k32g42s32f32ciw,llama-3.1-8b,wq_wo,2048,4096,4096,sarc_dev_780m_x_linear_q4gsw_coopmat_t256x64k32g42s32f32ciw_texture3d_texture2d_half,1,9766.96,0.0493848,SKIPPED,,1,54,67,2800,2.5,2026-10-05T04:10:00Z
4w,F1,f00,t256x64k32g42s32f32ciw,llama-3.2-3b,wq_wo,2048,3072,3072,sarc_dev_780m_x_linear_q4gsw_coopmat_t256x64k32g42s32f32ciw_texture3d_texture2d_half,1,5902.66,0.0712742,SKIPPED,,1,54,67,2800,2.5,2026-10-05T04:10:00Z
4w,F1,f00,t256x64k32g42s32f32ciw,llama-3.2-1b,wq_wo,2048,2048,2048,sarc_dev_780m_x_linear_q4gsw_coopmat_t256x64k32g42s32f32ciw_texture3d_texture2d_half,1,2527.52,0.128601,SKIPPED,,1,54,67,2800,2.5,2026-10-05T04:10:00Z
4w,F1,f00,t256x128k16g42s32f32ciw,llama-3.1-8b,wq_wo,2048,4096,4096,sarc_dev_780m_x_linear_q4gsw_coopmat_t256x128k16g42s32f32ciw_texture3d_texture2d_half,1,8859.64,0.0844083,SKIPPED,,1,53,68,2800,2.4,2026-10-05T04:10:11Z
4w,F1,f00,t256x128k16g42s32f32ciw,llama-3.2-3b,wq_wo,2048,3072,3072,sarc_dev_780m_x_linear_q4gsw_coopmat_t256x128k16g42s32f32ciw_texture3d_texture2d_half,1,5192.48,0.107095,SKIPPED,,1,53,68,2800,2.4,2026-10-05T04:10:11Z
4w,F1,f00,t256x128k16g42s32f32ciw,llama-3.2-1b,wq_wo,2048,2048,2048,sarc_dev_780m_x_linear_q4gsw_coopmat_t256x128k16g42s32f32ciw_texture3d_texture2d_half,1,2237.38,0.101304,SKIPPED,,1,53,68,2800,2.4,2026-10-05T04:10:11Z
4w,F1,f00,t256x128k32g12s32f32ciw,llama-3.1-8b,wq_wo,2048,4096,4096,sarc_dev_780m_x_linear_q4gsw_coopmat_t256x128k32g12s32f32ciw_texture3d_texture2d_half,1,117805,0.00841544,SKIPPED,,1,60,62,2800,3.2,2026-10-05T04:10:14Z
4w,F1,f00,t256x128k32g12s32f32ciw,llama-3.2-3b,wq_wo,2048,3072,3072,sarc_dev_780m_x_linear_q4gsw_coopmat_t256x128k32g12s32f32ciw_texture3d_texture2d_half,1,77503.8,0.00389063,SKIPPED,,1,60,62,2800,3.2,2026-10-05T04:10:14Z
4w,F1,f00,t256x128k32g12s32f32ciw,llama-3.2-1b,wq_wo,2048,2048,2048,sarc_dev_780m_x_linear_q4gsw_coopmat_t256x128k32g12s32f32ciw_texture3d_texture2d_half,1,28403.4,0.0273322,SKIPPED,,1,60,62,2800,3.2,2026-10-05T04:10:14Z
4w,F1,f00,t256x128k32g22s32f32ciw,llama-3.1-8b,wq_wo,2048,4096,4096,sarc_dev_780m_x_linear_q4gsw_coopmat_t256x128k32g22s32f32ciw_texture3d_texture2d_half,1,29251,0.00369701,SKIPPED,,1,58,64,2800,2.3,2026-10-05T04:10:16Z
4w,F1,f00,t256x128k32g22s32f32ciw,llama-3.2-3b,wq_wo,2048,3072,3072,sarc_dev_780m_x_linear_q4gsw_coopmat_t256x128k32g22s32f32ciw_texture3d_texture2d_half,1,15926.8,0.00688645,SKIPPED,,1,58,64,2800,2.3,2026-10-05T04:10:16Z
4w,F1,f00,t256x128k32g22s32f32ciw,llama-3.2-1b,wq_wo,2048,2048,2048,sarc_dev_780m_x_linear_q4gsw_coopmat_t256x128k32g22s32f32ciw_texture3d_texture2d_half,1,8057.68,0.0935726,SKIPPED,,1,58,64,2800,2.3,2026-10-05T04:10:16Z
4w,F1,f00,t256x128k32g82s32f32ciw,llama-3.1-8b,wq_wo,2048,4096,4096,sarc_dev_780m_x_linear_q4gsw_coopmat_t256x128k32g82s32f32ciw_texture3d_texture2d_half,1,10840.9,0.0374504,SKIPPED,,1,60,66,2800,2.0,2026-10-05T04:10:18Z
4w,F1,f00,t256x128k32g82s32f32ciw,llama-3.2-3b,wq_wo,2048,3072,3072,sarc_dev_780m_x_linear_q4gsw_coopmat_t256x128k32g82s32f32ciw_texture3d_texture2d_half,1,6644.76,0.0935808,SKIPPED,,1,60,66,2800,2.0,2026-10-05T04:10:18Z
4w,F1,f00,t256x128k32g82s32f32ciw,llama-3.2-1b,wq_wo,2048,2048,2048,sarc_dev_780m_x_linear_q4gsw_coopmat_t256x128k32g82s32f32ciw_texture3d_texture2d_half,1,3091.82,0.119352,SKIPPED,,1,60,66,2800,2.0,2026-10-05T04:10:18Z
4w,F1,f00,t256x128k32g41s32f32ciw,llama-3.1-8b,wq_wo,2048,4096,4096,sarc_dev_780m_x_linear_q4gsw_coopmat_t256x128k32g41s32f32ciw_texture3d_texture2d_half,1,172074,0.00520564,SKIPPED,,1,60,62,2800,3.4,2026-10-05T04:10:22Z
4w,F1,f00,t256x128k32g41s32f32ciw,llama-3.2-3b,wq_wo,2048,3072,3072,sarc_dev_780m_x_linear_q4gsw_coopmat_t256x128k32g41s32f32ciw_texture3d_texture2d_half,1,96597,0.00743812,SKIPPED,,1,60,62,2800,3.4,2026-10-05T04:10:22Z
4w,F1,f00,t256x128k32g41s32f32ciw,llama-3.2-1b,wq_wo,2048,2048,2048,sarc_dev_780m_x_linear_q4gsw_coopmat_t256x128k32g41s32f32ciw_texture3d_texture2d_half,1,41449.3,0.00957851,SKIPPED,,1,60,62,2800,3.4,2026-10-05T04:10:22Z
4w,F1,f00,t256x128k32g44s32f32ciw,llama-3.1-8b,wq_wo,2048,4096,4096,sarc_dev_780m_x_linear_q4gsw_coopmat_t256x128k32g44s32f32ciw_texture3d_texture2d_half,1,9738.62,0.0500883,SKIPPED,,1,58,67,2800,2.1,2026-10-05T04:10:24Z
4w,F1,f00,t256x128k32g44s32f32ciw,llama-3.2-3b,wq_wo,2048,3072,3072,sarc_dev_780m_x_linear_q4gsw_coopmat_t256x128k32g44s32f32ciw_texture3d_texture2d_half,1,6078.12,0.096662,SKIPPED,,1,58,67,2800,2.1,2026-10-05T04:10:24Z
4w,F1,f00,t256x128k32g44s32f32ciw,llama-3.2-1b,wq_wo,2048,2048,2048,sarc_dev_780m_x_linear_q4gsw_coopmat_t256x128k32g44s32f32ciw_texture3d_texture2d_half,1,2725.74,0.104883,SKIPPED,,1,58,67,2800,2.1,2026-10-05T04:10:24Z
4w,F1,f00,t256x128k32g42s64f32ciw,llama-3.1-8b,wq_wo,2048,4096,4096,sarc_dev_780m_x_linear_q4gsw_coopmat_t256x128k32g42s64f32ciw_texture3d_texture2d_half,1,11137.2,0.0386262,SKIPPED,,1,60,66,2800,2.1,2026-10-05T04:10:26Z
4w,F1,f00,t256x128k32g42s64f32ciw,llama-3.2-3b,wq_wo,2048,3072,3072,sarc_dev_780m_x_linear_q4gsw_coopmat_t256x128k32g42s64f32ciw_texture3d_texture2d_half,1,6698.58,0.0941951,SKIPPED,,1,60,66,2800,2.1,2026-10-05T04:10:26Z
4w,F1,f00,t256x128k32g42s64f32ciw,llama-3.2-1b,wq_wo,2048,2048,2048,sarc_dev_780m_x_linear_q4gsw_coopmat_t256x128k32g42s64f32ciw_texture3d_texture2d_half,1,3127.1,0.121636,SKIPPED,,1,60,66,2800,2.1,2026-10-05T04:10:26Z
4w,F1,f00,t256x128k32g42s32ciw,llama-3.1-8b,wq_wo,2048,4096,4096,sarc_dev_780m_x_linear_q4gsw_coopmat_t256x128k32g42s32ciw_texture3d_texture2d_half,1,98358.5,0.00621991,SKIPPED,,1,52,61,2800,3.2,2026-10-05T04:10:36Z
4w,F1,f00,t256x128k32g42s32ciw,llama-3.2-3b,wq_wo,2048,3072,3072,sarc_dev_780m_x_linear_q4gsw_coopmat_t256x128k32g42s32ciw_texture3d_texture2d_half,1,55143,0.00691438,SKIPPED,,1,52,61,2800,3.2,2026-10-05T04:10:36Z
4w,F1,f00,t256x128k32g42s32ciw,llama-3.2-1b,wq_wo,2048,2048,2048,sarc_dev_780m_x_linear_q4gsw_coopmat_t256x128k32g42s32ciw_texture3d_texture2d_half,1,22932.1,0.0133751,SKIPPED,,1,52,61,2800,3.2,2026-10-05T04:10:36Z
4w,F1,f00,t256x128k32g42s32gaciw,llama-3.1-8b,wq_wo,2048,4096,4096,sarc_dev_780m_x_linear_q4gsw_coopmat_t256x128k32g42s32gaciw_texture3d_texture2d_half,1,122543,0.00746613,SKIPPED,,1,52,61,2800,3.5,2026-10-05T04:10:46Z
4w,F1,f00,t256x128k32g42s32gaciw,llama-3.2-3b,wq_wo,2048,3072,3072,sarc_dev_780m_x_linear_q4gsw_coopmat_t256x128k32g42s32gaciw_texture3d_texture2d_half,1,68495.8,0.00324923,SKIPPED,,1,52,61,2800,3.5,2026-10-05T04:10:46Z
4w,F1,f00,t256x128k32g42s32gaciw,llama-3.2-1b,wq_wo,2048,2048,2048,sarc_dev_780m_x_linear_q4gsw_coopmat_t256x128k32g42s32gaciw_texture3d_texture2d_half,1,28988.1,0.00958976,SKIPPED,,1,52,61,2800,3.5,2026-10-05T04:10:46Z
4w,F1,f00,t256x128k32g42s32f32xpiw,llama-3.1-8b,wq_wo,2048,4096,4096,sarc_dev_780m_x_linear_q4gsw_coopmat_t256x128k32g42s32f32xpiw_texture3d_texture2d_half,1,6929.18,0.0912856,SKIPPED,,1,55,69,2800,2.1,2026-10-05T04:10:48Z
4w,F1,f00,t256x128k32g42s32f32xpiw,llama-3.2-3b,wq_wo,2048,3072,3072,sarc_dev_780m_x_linear_q4gsw_coopmat_t256x128k32g42s32f32xpiw_texture3d_texture2d_half,1,4250.96,0.119977,SKIPPED,,1,55,69,2800,2.1,2026-10-05T04:10:48Z
4w,F1,f00,t256x128k32g42s32f32xpiw,llama-3.2-1b,wq_wo,2048,2048,2048,sarc_dev_780m_x_linear_q4gsw_coopmat_t256x128k32g42s32f32xpiw_texture3d_texture2d_half,1,1905.34,0.120802,SKIPPED,,1,55,69,2800,2.1,2026-10-05T04:10:48Z
4w,F1,f00,t256x128k32g42s32f32biw,llama-3.1-8b,wq_wo,2048,4096,4096,sarc_dev_780m_x_linear_q4gsw_coopmat_t256x128k32g42s32f32biw_texture3d_texture2d_half,1,7079.2,0.101994,SKIPPED,,1,57,69,2800,2.0,2026-10-05T04:10:50Z
4w,F1,f00,t256x128k32g42s32f32biw,llama-3.2-3b,wq_wo,2048,3072,3072,sarc_dev_780m_x_linear_q4gsw_coopmat_t256x128k32g42s32f32biw_texture3d_texture2d_half,1,4244.6,0.120986,SKIPPED,,1,57,69,2800,2.0,2026-10-05T04:10:50Z
4w,F1,f00,t256x128k32g42s32f32biw,llama-3.2-1b,wq_wo,2048,2048,2048,sarc_dev_780m_x_linear_q4gsw_coopmat_t256x128k32g42s32f32biw_texture3d_texture2d_half,1,1959.48,0.116579,SKIPPED,,1,57,69,2800,2.0,2026-10-05T04:10:50Z
4w,F1,f00,t256x128k32g42s32f32cfliw,llama-3.1-8b,wq_wo,2048,4096,4096,sarc_dev_780m_x_linear_q4gsw_coopmat_t256x128k32g42s32f32cfliw_texture3d_texture2d_half,1,7874.5,0.132189,SKIPPED,,1,58,69,2800,2.0,2026-10-05T04:10:52Z
4w,F1,f00,t256x128k32g42s32f32cfliw,llama-3.2-3b,wq_wo,2048,3072,3072,sarc_dev_780m_x_linear_q4gsw_coopmat_t256x128k32g42s32f32cfliw_texture3d_texture2d_half,1,4515.16,0.126919,SKIPPED,,1,58,69,2800,2.0,2026-10-05T04:10:52Z
4w,F1,f00,t256x128k32g42s32f32cfliw,llama-3.2-1b,wq_wo,2048,2048,2048,sarc_dev_780m_x_linear_q4gsw_coopmat_t256x128k32g42s32f32cfliw_texture3d_texture2d_half,1,2056.62,0.126809,SKIPPED,,1,58,69,2800,2.0,2026-10-05T04:10:52Z
4w,F1,f00,t256x128k32g42s32f32ciiw,llama-3.1-8b,wq_wo,2048,4096,4096,sarc_dev_780m_x_linear_q4gsw_coopmat_t256x128k32g42s32f32ciiw_texture3d_texture2d_half,1,7006.4,0.103113,SKIPPED,,1,58,70,2800,2.0,2026-10-05T04:10:54Z
4w,F1,f00,t256x128k32g42s32f32ciiw,llama-3.2-3b,wq_wo,2048,3072,3072,sarc_dev_780m_x_linear_q4gsw_coopmat_t256x128k32g42s32f32ciiw_texture3d_texture2d_half,1,4232.06,0.120379,SKIPPED,,1,58,70,2800,2.0,2026-10-05T04:10:54Z
4w,F1,f00,t256x128k32g42s32f32ciiw,llama-3.2-1b,wq_wo,2048,2048,2048,sarc_dev_780m_x_linear_q4gsw_coopmat_t256x128k32g42s32f32ciiw_texture3d_texture2d_half,1,1948.24,0.115977,SKIPPED,,1,58,70,2800,2.0,2026-10-05T04:10:54Z
4w,F1,f00,t256x128k32g42s32f32ciwbt,llama-3.1-8b,wq_wo,2048,4096,4096,sarc_dev_780m_x_linear_q4gsw_coopmat_t256x128k32g42s32f32ciwbt_texture3d_texture2d_half,1,6702.94,0.108223,SKIPPED,,1,58,70,2800,2.0,2026-10-05T04:10:56Z
4w,F1,f00,t256x128k32g42s32f32ciwbt,llama-3.2-3b,wq_wo,2048,3072,3072,sarc_dev_780m_x_linear_q4gsw_coopmat_t256x128k32g42s32f32ciwbt_texture3d_texture2d_half,1,4042.28,0.117939,SKIPPED,,1,58,70,2800,2.0,2026-10-05T04:10:56Z
4w,F1,f00,t256x128k32g42s32f32ciwbt,llama-3.2-1b,wq_wo,2048,2048,2048,sarc_dev_780m_x_linear_q4gsw_coopmat_t256x128k32g42s32f32ciwbt_texture3d_texture2d_half,1,1900.14,0.112447,SKIPPED,,1,58,70,2800,2.0,2026-10-05T04:10:56Z
4w,F1,f00,bx_t256x128k32g42s32f32ciw,llama-3.1-8b,wq_wo,2048,4096,4096,sarc_dev_780m_x_linear_q4gsw_coopmat_bx_t256x128k32g42s32f32ciw_texture3d_texture2d_half,1,7064.36,0.103574,SKIPPED,,1,58,69,2800,2.0,2026-10-05T04:10:58Z
4w,F1,f00,bx_t256x128k32g42s32f32ciw,llama-3.2-3b,wq_wo,2048,3072,3072,sarc_dev_780m_x_linear_q4gsw_coopmat_bx_t256x128k32g42s32f32ciw_texture3d_texture2d_half,1,4130.3,0.121735,SKIPPED,,1,58,69,2800,2.0,2026-10-05T04:10:58Z
4w,F1,f00,bx_t256x128k32g42s32f32ciw,llama-3.2-1b,wq_wo,2048,2048,2048,sarc_dev_780m_x_linear_q4gsw_coopmat_bx_t256x128k32g42s32f32ciw_texture3d_texture2d_half,1,1855.88,0.131412,SKIPPED,,1,58,69,2800,2.0,2026-10-05T04:10:58Z
4w,F1,f00,t128x32k32g12s32f32ciw,llama-3.1-8b,wq_wo,2048,4096,4096,sarc_dev_780m_x_linear_q4gsw_coopmat_t128x32k32g12s32f32ciw_texture3d_texture2d_half,1,9960.76,0.0579204,SKIPPED,,1,58,67,2800,2.0,2026-10-05T04:11:00Z
4w,F1,f00,t128x32k32g12s32f32ciw,llama-3.2-3b,wq_wo,2048,3072,3072,sarc_dev_780m_x_linear_q4gsw_coopmat_t128x32k32g12s32f32ciw_texture3d_texture2d_half,1,6199.2,0.131304,SKIPPED,,1,58,67,2800,2.0,2026-10-05T04:11:00Z
4w,F1,f00,t128x32k32g12s32f32ciw,llama-3.2-1b,wq_wo,2048,2048,2048,sarc_dev_780m_x_linear_q4gsw_coopmat_t128x32k32g12s32f32ciw_texture3d_texture2d_half,1,2920.68,0.14287,SKIPPED,,1,58,67,2800,2.0,2026-10-05T04:11:00Z
4w,F1,f00,t128x32k32g22s32f32ciw,llama-3.1-8b,wq_wo,2048,4096,4096,sarc_dev_780m_x_linear_q4gsw_coopmat_t128x32k32g22s32f32ciw_texture3d_texture2d_half,1,9215.48,0.0833227,SKIPPED,,1,57,69,2800,2.0,2026-10-05T04:11:03Z
4w,F1,f00,t128x32k32g22s32f32ciw,llama-3.2-3b,wq_wo,2048,3072,3072,sarc_dev_780m_x_linear_q4gsw_coopmat_t128x32k32g22s32f32ciw_texture3d_texture2d_half,1,5895.66,0.132793,SKIPPED,,1,57,69,2800,2.0,2026-10-05T04:11:03Z
4w,F1,f00,t128x32k32g22s32f32ciw,llama-3.2-1b,wq_wo,2048,2048,2048,sarc_dev_780m_x_linear_q4gsw_coopmat_t128x32k32g22s32f32ciw_texture3d_texture2d_half,1,2721.42,0.156118,SKIPPED,,1,57,69,2800,2.0,2026-10-05T04:11:03Z
4w,F1,f00,t128x64k64g42s32f32ciw,llama-3.1-8b,wq_wo,2048,4096,4096,sarc_dev_780m_x_linear_q4gsw_coopmat_t128x64k64g42s32f32ciw_texture3d_texture2d_half,1,8599.7,0.0916827,SKIPPED,,1,58,68,2800,2.1,2026-10-05T04:11:05Z
4w,F1,f00,t128x64k64g42s32f32ciw,llama-3.2-3b,wq_wo,2048,3072,3072,sarc_dev_780m_x_linear_q4gsw_coopmat_t128x64k64g42s32f32ciw_texture3d_texture2d_half,1,5554.88,0.143002,SKIPPED,,1,58,68,2800,2.1,2026-10-05T04:11:05Z
4w,F1,f00,t128x64k64g42s32f32ciw,llama-3.2-1b,wq_wo,2048,2048,2048,sarc_dev_780m_x_linear_q4gsw_coopmat_t128x64k64g42s32f32ciw_texture3d_texture2d_half,1,2534.96,0.158557,SKIPPED,,1,58,68,2800,2.1,2026-10-05T04:11:05Z
4w,F1,f00,t128x64k32g12s32f32ciw,llama-3.1-8b,wq_wo,2048,4096,4096,sarc_dev_780m_x_linear_q4gsw_coopmat_t128x64k32g12s32f32ciw_texture3d_texture2d_half,1,8948.94,0.0768419,SKIPPED,,1,57,66,2800,2.0,2026-10-05T04:11:07Z
4w,F1,f00,t128x64k32g12s32f32ciw,llama-3.2-3b,wq_wo,2048,3072,3072,sarc_dev_780m_x_linear_q4gsw_coopmat_t128x64k32g12s32f32ciw_texture3d_texture2d_half,1,5742.12,0.135624,SKIPPED,,1,57,66,2800,2.0,2026-10-05T04:11:07Z
4w,F1,f00,t128x64k32g12s32f32ciw,llama-3.2-1b,wq_wo,2048,2048,2048,sarc_dev_780m_x_linear_q4gsw_coopmat_t128x64k32g12s32f32ciw_texture3d_texture2d_half,1,2661.58,0.156026,SKIPPED,,1,57,66,2800,2.0,2026-10-05T04:11:07Z
4w,F1,f00,t128x64k32g22s32f32ciw,llama-3.1-8b,wq_wo,2048,4096,4096,sarc_dev_780m_x_linear_q4gsw_coopmat_t128x64k32g22s32f32ciw_texture3d_texture2d_half,1,8133.64,0.126103,SKIPPED,,1,54,67,2799,2.0,2026-10-05T04:11:18Z
4w,F1,f00,t128x64k32g22s32f32ciw,llama-3.2-3b,wq_wo,2048,3072,3072,sarc_dev_780m_x_linear_q4gsw_coopmat_t128x64k32g22s32f32ciw_texture3d_texture2d_half,1,4684.98,0.152678,SKIPPED,,1,54,67,2799,2.0,2026-10-05T04:11:18Z
4w,F1,f00,t128x64k32g22s32f32ciw,llama-3.2-1b,wq_wo,2048,2048,2048,sarc_dev_780m_x_linear_q4gsw_coopmat_t128x64k32g22s32f32ciw_texture3d_texture2d_half,1,2144.52,0.146808,SKIPPED,,1,54,67,2799,2.0,2026-10-05T04:11:18Z
4w,F1,f00,t128x64k32g41s32f32ciw,llama-3.1-8b,wq_wo,2048,4096,4096,sarc_dev_780m_x_linear_q4gsw_coopmat_t128x64k32g41s32f32ciw_texture3d_texture2d_half,1,8528.04,0.118913,SKIPPED,,1,54,67,2800,2.0,2026-10-05T04:11:28Z
4w,F1,f00,t128x64k32g41s32f32ciw,llama-3.2-3b,wq_wo,2048,3072,3072,sarc_dev_780m_x_linear_q4gsw_coopmat_t128x64k32g41s32f32ciw_texture3d_texture2d_half,1,5190.62,0.148304,SKIPPED,,1,54,67,2800,2.0,2026-10-05T04:11:28Z
4w,F1,f00,t128x64k32g41s32f32ciw,llama-3.2-1b,wq_wo,2048,2048,2048,sarc_dev_780m_x_linear_q4gsw_coopmat_t128x64k32g41s32f32ciw_texture3d_texture2d_half,1,2314.28,0.145092,SKIPPED,,1,54,67,2800,2.0,2026-10-05T04:11:28Z
4w,F1,f00,t128x64k32g42s32ciw,llama-3.1-8b,wq_wo,2048,4096,4096,sarc_dev_780m_x_linear_q4gsw_coopmat_t128x64k32g42s32ciw_texture3d_texture2d_half,1,8907.7,0.079857,SKIPPED,,1,50,69,2800,2.4,2026-10-05T04:11:37Z
4w,F1,f00,t128x64k32g42s32ciw,llama-3.2-3b,wq_wo,2048,3072,3072,sarc_dev_780m_x_linear_q4gsw_coopmat_t128x64k32g42s32ciw_texture3d_texture2d_half,1,5817.38,0.139532,SKIPPED,,1,50,69,2800,2.4,2026-10-05T04:11:37Z
4w,F1,f00,t128x64k32g42s32ciw,llama-3.2-1b,wq_wo,2048,2048,2048,sarc_dev_780m_x_linear_q4gsw_coopmat_t128x64k32g42s32ciw_texture3d_texture2d_half,1,2474.26,0.142973,SKIPPED,,1,50,69,2800,2.4,2026-10-05T04:11:37Z
4w,F1,f00,t128x64k32g42s32gaciw,llama-3.1-8b,wq_wo,2048,4096,4096,sarc_dev_780m_x_linear_q4gsw_coopmat_t128x64k32g42s32gaciw_texture3d_texture2d_half,1,8722.46,0.0871732,SKIPPED,,1,50,67,2800,2.4,2026-10-05T04:11:45Z
4w,F1,f00,t128x64k32g42s32gaciw,llama-3.2-3b,wq_wo,2048,3072,3072,sarc_dev_780m_x_linear_q4gsw_coopmat_t128x64k32g42s32gaciw_texture3d_texture2d_half,1,5277.3,0.129434,SKIPPED,,1,50,67,2800,2.4,2026-10-05T04:11:45Z
4w,F1,f00,t128x64k32g42s32gaciw,llama-3.2-1b,wq_wo,2048,2048,2048,sarc_dev_780m_x_linear_q4gsw_coopmat_t128x64k32g42s32gaciw_texture3d_texture2d_half,1,2463.18,0.144399,SKIPPED,,1,50,67,2800,2.4,2026-10-05T04:11:45Z
4w,F1,f00,t128x64k32g42s32f32iw,llama-3.1-8b,wq_wo,2048,4096,4096,sarc_dev_780m_x_linear_q4gsw_coopmat_t128x64k32g42s32f32iw_texture3d_texture2d_half,1,8620.88,0.0959351,SKIPPED,,1,53,68,2800,2.0,2026-10-05T04:11:47Z
4w,F1,f00,t128x64k32g42s32f32iw,llama-3.2-3b,wq_wo,2048,3072,3072,sarc_dev_780m_x_linear_q4gsw_coopmat_t128x64k32g42s32f32iw_texture3d_texture2d_half,1,5205.82,0.130022,SKIPPED,,1,53,68,2800,2.0,2026-10-05T04:11:47Z
4w,F1,f00,t128x64k32g42s32f32iw,llama-3.2-1b,wq_wo,2048,2048,2048,sarc_dev_780m_x_linear_q4gsw_coopmat_t128x64k32g42s32f32iw_texture3d_texture2d_half,1,2427.98,0.145842,SKIPPED,,1,53,68,2800,2.0,2026-10-05T04:11:47Z
4w,F1,f00,t128x64k32g42s32f32xiw,llama-3.1-8b,wq_wo,2048,4096,4096,sarc_dev_780m_x_linear_q4gsw_coopmat_t128x64k32g42s32f32xiw_texture3d_texture2d_half,1,9884.82,0.0654932,SKIPPED,,1,54,66,2800,2.0,2026-10-05T04:11:49Z
4w,F1,f00,t128x64k32g42s32f32xiw,llama-3.2-3b,wq_wo,2048,3072,3072,sarc_dev_780m_x_linear_q4gsw_coopmat_t128x64k32g42s32f32xiw_texture3d_texture2d_half,1,6035.74,0.115891,SKIPPED,,1,54,66,2800,2.0,2026-10-05T04:11:49Z
4w,F1,f00,t128x64k32g42s32f32xiw,llama-3.2-1b,wq_wo,2048,2048,2048,sarc_dev_780m_x_linear_q4gsw_coopmat_t128x64k32g42s32f32xiw_texture3d_texture2d_half,1,2725.78,0.135428,SKIPPED,,1,54,66,2800,2.0,2026-10-05T04:11:49Z
4w,F1,f00,t128x64k32g42s32f32cfliw,llama-3.1-8b,wq_wo,2048,4096,4096,sarc_dev_780m_x_linear_q4gsw_coopmat_t128x64k32g42s32f32cfliw_texture3d_texture2d_half,1,11239.8,0.0917471,SKIPPED,,1,54,66,2800,2.1,2026-10-05T04:11:51Z
4w,F1,f00,t128x64k32g42s32f32cfliw,llama-3.2-3b,wq_wo,2048,3072,3072,sarc_dev_780m_x_linear_q4gsw_coopmat_t128x64k32g42s32f32cfliw_texture3d_texture2d_half,1,6777.32,0.135367,SKIPPED,,1,54,66,2800,2.1,2026-10-05T04:11:51Z
4w,F1,f00,t128x64k32g42s32f32cfliw,llama-3.2-1b,wq_wo,2048,2048,2048,sarc_dev_780m_x_linear_q4gsw_coopmat_t128x64k32g42s32f32cfliw_texture3d_texture2d_half,1,3172.9,0.146726,SKIPPED,,1,54,66,2800,2.1,2026-10-05T04:11:51Z
4w,F1,f00,t128x64k32g42s32f32ciiw,llama-3.1-8b,wq_wo,2048,4096,4096,sarc_dev_780m_x_linear_q4gsw_coopmat_t128x64k32g42s32f32ciiw_texture3d_texture2d_half,1,8104.16,0.110855,SKIPPED,,1,54,67,2800,2.0,2026-10-05T04:11:53Z
4w,F1,f00,t128x64k32g42s32f32ciiw,llama-3.2-3b,wq_wo,2048,3072,3072,sarc_dev_780m_x_linear_q4gsw_coopmat_t128x64k32g42s32f32ciiw_texture3d_texture2d_half,1,4882.42,0.132961,SKIPPED,,1,54,67,2800,2.0,2026-10-05T04:11:53Z
4w,F1,f00,t128x64k32g42s32f32ciiw,llama-3.2-1b,wq_wo,2048,2048,2048,sarc_dev_780m_x_linear_q4gsw_coopmat_t128x64k32g42s32f32ciiw_texture3d_texture2d_half,1,2244.6,0.146003,SKIPPED,,1,54,67,2800,2.0,2026-10-05T04:11:53Z
4w,F1,f00,t128x64k32g42s32f32ciwbt,llama-3.1-8b,wq_wo,2048,4096,4096,sarc_dev_780m_x_linear_q4gsw_coopmat_t128x64k32g42s32f32ciwbt_texture3d_texture2d_half,1,7982.52,0.104067,SKIPPED,,1,55,68,2800,2.0,2026-10-05T04:11:55Z
4w,F1,f00,t128x64k32g42s32f32ciwbt,llama-3.2-3b,wq_wo,2048,3072,3072,sarc_dev_780m_x_linear_q4gsw_coopmat_t128x64k32g42s32f32ciwbt_texture3d_texture2d_half,1,4931.64,0.138233,SKIPPED,,1,55,68,2800,2.0,2026-10-05T04:11:55Z
4w,F1,f00,t128x64k32g42s32f32ciwbt,llama-3.2-1b,wq_wo,2048,2048,2048,sarc_dev_780m_x_linear_q4gsw_coopmat_t128x64k32g42s32f32ciwbt_texture3d_texture2d_half,1,2151.22,0.141302,SKIPPED,,1,55,68,2800,2.0,2026-10-05T04:11:55Z
4w,F1,f00,t128x256k32g22s32f32ciw,llama-3.1-8b,wq_wo,2048,4096,4096,sarc_dev_780m_x_linear_q4gsw_coopmat_t128x256k32g22s32f32ciw_texture3d_texture2d_half,1,25537.3,0.000788319,SKIPPED,,1,56,63,2800,2.2,2026-10-05T04:11:57Z
4w,F1,f00,t128x256k32g22s32f32ciw,llama-3.2-3b,wq_wo,2048,3072,3072,sarc_dev_780m_x_linear_q4gsw_coopmat_t128x256k32g22s32f32ciw_texture3d_texture2d_half,1,14039.5,0.0264956,SKIPPED,,1,56,63,2800,2.2,2026-10-05T04:11:57Z
4w,F1,f00,t128x256k32g22s32f32ciw,llama-3.2-1b,wq_wo,2048,2048,2048,sarc_dev_780m_x_linear_q4gsw_coopmat_t128x256k32g22s32f32ciw_texture3d_texture2d_half,1,6713.74,0.0954948,SKIPPED,,1,56,63,2800,2.2,2026-10-05T04:11:57Z
4w,F1,f00,t128x256k32g82s32f32ciw,llama-3.1-8b,wq_wo,2048,4096,4096,sarc_dev_780m_x_linear_q4gsw_coopmat_t128x256k32g82s32f32ciw_texture3d_texture2d_half,1,8884.76,0.0759717,SKIPPED,,1,56,66,2800,2.1,2026-10-05T04:12:00Z
4w,F1,f00,t128x256k32g82s32f32ciw,llama-3.2-3b,wq_wo,2048,3072,3072,sarc_dev_780m_x_linear_q4gsw_coopmat_t128x256k32g82s32f32ciw_texture3d_texture2d_half,1,5347.24,0.137717,SKIPPED,,1,56,66,2800,2.1,2026-10-05T04:12:00Z
4w,F1,f00,t128x256k32g82s32f32ciw,llama-3.2-1b,wq_wo,2048,2048,2048,sarc_dev_780m_x_linear_q4gsw_coopmat_t128x256k32g82s32f32ciw_texture3d_texture2d_half,1,2560.46,0.124007,SKIPPED,,1,56,66,2800,2.1,2026-10-05T04:12:00Z
4w,F1,f00,t128x256k32g41s32f32ciw,llama-3.1-8b,wq_wo,2048,4096,4096,sarc_dev_780m_x_linear_q4gsw_coopmat_t128x256k32g41s32f32ciw_texture3d_texture2d_half,1,27635.6,0.00132856,SKIPPED,,1,55,62,2800,2.2,2026-10-05T04:12:02Z
4w,F1,f00,t128x256k32g41s32f32ciw,llama-3.2-3b,wq_wo,2048,3072,3072,sarc_dev_780m_x_linear_q4gsw_coopmat_t128x256k32g41s32f32ciw_texture3d_texture2d_half,1,15168.2,0.0133542,SKIPPED,,1,55,62,2800,2.2,2026-10-05T04:12:02Z
4w,F1,f00,t128x256k32g41s32f32ciw,llama-3.2-1b,wq_wo,2048,2048,2048,sarc_dev_780m_x_linear_q4gsw_coopmat_t128x256k32g41s32f32ciw_texture3d_texture2d_half,1,7637.76,0.112722,SKIPPED,,1,55,62,2800,2.2,2026-10-05T04:12:02Z
4w,F1,f00,t128x256k32g42s64f32ciw,llama-3.1-8b,wq_wo,2048,4096,4096,sarc_dev_780m_x_linear_q4gsw_coopmat_t128x256k32g42s64f32ciw_texture3d_texture2d_half,1,9350.96,0.0731793,SKIPPED,,1,55,65,2800,2.0,2026-10-05T04:12:04Z
4w,F1,f00,t128x256k32g42s64f32ciw,llama-3.2-3b,wq_wo,2048,3072,3072,sarc_dev_780m_x_linear_q4gsw_coopmat_t128x256k32g42s64f32ciw_texture3d_texture2d_half,1,5970.84,0.127401,SKIPPED,,1,55,65,2800,2.0,2026-10-05T04:12:04Z
4w,F1,f00,t128x256k32g42s64f32ciw,llama-3.2-1b,wq_wo,2048,2048,2048,sarc_dev_780m_x_linear_q4gsw_coopmat_t128x256k32g42s64f32ciw_texture3d_texture2d_half,1,2822.3,0.129515,SKIPPED,,1,55,65,2800,2.0,2026-10-05T04:12:04Z
4w,F1,f00,t128x256k32g42s32ciw,llama-3.1-8b,wq_wo,2048,4096,4096,sarc_dev_780m_x_linear_q4gsw_coopmat_t128x256k32g42s32ciw_texture3d_texture2d_half,1,92747.2,0.0049494,SKIPPED,,1,55,61,2800,2.6,2026-10-05T04:12:07Z
4w,F1,f00,t128x256k32g42s32ciw,llama-3.2-3b,wq_wo,2048,3072,3072,sarc_dev_780m_x_linear_q4gsw_coopmat_t128x256k32g42s32ciw_texture3d_texture2d_half,1,51647.8,0.000449559,SKIPPED,,1,55,61,2800,2.6,2026-10-05T04:12:07Z
4w,F1,f00,t128x256k32g42s32ciw,llama-3.2-1b,wq_wo,2048,2048,2048,sarc_dev_780m_x_linear_q4gsw_coopmat_t128x256k32g42s32ciw_texture3d_texture2d_half,1,21883.6,0.00818038,SKIPPED,,1,55,61,2800,2.6,2026-10-05T04:12:07Z
4w,F1,f00,t128x256k32g42s32gaciw,llama-3.1-8b,wq_wo,2048,4096,4096,sarc_dev_780m_x_linear_q4gsw_coopmat_t128x256k32g42s32gaciw_texture3d_texture2d_half,1,108948,0.00108728,SKIPPED,,1,55,61,2800,2.7,2026-10-05T04:12:09Z
4w,F1,f00,t128x256k32g42s32gaciw,llama-3.2-3b,wq_wo,2048,3072,3072,sarc_dev_780m_x_linear_q4gsw_coopmat_t128x256k32g42s32gaciw_texture3d_texture2d_half,1,61602,0.00491899,SKIPPED,,1,55,61,2800,2.7,2026-10-05T04:12:09Z
4w,F1,f00,t128x256k32g42s32gaciw,llama-3.2-1b,wq_wo,2048,2048,2048,sarc_dev_780m_x_linear_q4gsw_coopmat_t128x256k32g42s32gaciw_texture3d_texture2d_half,1,26318.6,0.00546614,SKIPPED,,1,55,61,2800,2.7,2026-10-05T04:12:09Z
4w,F1,f00,t128x256k32g42s32f32cfliw,llama-3.1-8b,wq_wo,2048,4096,4096,sarc_dev_780m_x_linear_q4gsw_coopmat_t128x256k32g42s32f32cfliw_texture3d_texture2d_half,1,7698.76,0.13441,SKIPPED,,1,55,68,2800,2.0,2026-10-05T04:12:11Z
4w,F1,f00,t128x256k32g42s32f32cfliw,llama-3.2-3b,wq_wo,2048,3072,3072,sarc_dev_780m_x_linear_q4gsw_coopmat_t128x256k32g42s32f32cfliw_texture3d_texture2d_half,1,4462.56,0.142543,SKIPPED,,1,55,68,2800,2.0,2026-10-05T04:12:11Z
4w,F1,f00,t128x256k32g42s32f32cfliw,llama-3.2-1b,wq_wo,2048,2048,2048,sarc_dev_780m_x_linear_q4gsw_coopmat_t128x256k32g42s32f32cfliw_texture3d_texture2d_half,1,2008.72,0.137492,SKIPPED,,1,55,68,2800,2.0,2026-10-05T04:12:11Z
4w,F1,f00,t128x256k32g42s32f32ciiw,llama-3.1-8b,wq_wo,2048,4096,4096,sarc_dev_780m_x_linear_q4gsw_coopmat_t128x256k32g42s32f32ciiw_texture3d_texture2d_half,1,6792.94,0.140056,SKIPPED,,1,56,66,2800,2.1,2026-10-05T04:12:13Z
4w,F1,f00,t128x256k32g42s32f32ciiw,llama-3.2-3b,wq_wo,2048,3072,3072,sarc_dev_780m_x_linear_q4gsw_coopmat_t128x256k32g42s32f32ciiw_texture3d_texture2d_half,1,4081.68,0.150916,SKIPPED,,1,56,66,2800,2.1,2026-10-05T04:12:13Z
4w,F1,f00,t128x256k32g42s32f32ciiw,llama-3.2-1b,wq_wo,2048,2048,2048,sarc_dev_780m_x_linear_q4gsw_coopmat_t128x256k32g42s32f32ciiw_texture3d_texture2d_half,1,1832.7,0.141477,SKIPPED,,1,56,66,2800,2.1,2026-10-05T04:12:13Z
4w,F1,f00,t128x256k32g42s32f32ciwbt,llama-3.1-8b,wq_wo,2048,4096,4096,sarc_dev_780m_x_linear_q4gsw_coopmat_t128x256k32g42s32f32ciwbt_texture3d_texture2d_half,1,6632.96,0.131028,SKIPPED,,1,55,69,2800,2.0,2026-10-05T04:12:16Z
4w,F1,f00,t128x256k32g42s32f32ciwbt,llama-3.2-3b,wq_wo,2048,3072,3072,sarc_dev_780m_x_linear_q4gsw_coopmat_t128x256k32g42s32f32ciwbt_texture3d_texture2d_half,1,3949.02,0.139819,SKIPPED,,1,55,69,2800,2.0,2026-10-05T04:12:16Z
4w,F1,f00,t128x256k32g42s32f32ciwbt,llama-3.2-1b,wq_wo,2048,2048,2048,sarc_dev_780m_x_linear_q4gsw_coopmat_t128x256k32g42s32f32ciwbt_texture3d_texture2d_half,1,1792.96,0.144972,SKIPPED,,1,55,69,2800,2.0,2026-10-05T04:12:16Z
4w,F1,f00,t128x128k16g12s32f32ciw,llama-3.1-8b,wq_wo,2048,4096,4096,sarc_dev_780m_x_linear_q4gsw_coopmat_t128x128k16g12s32f32ciw_texture3d_texture2d_half,1,32008,0.0177654,SKIPPED,,1,56,62,2800,2.2,2026-10-05T04:12:18Z
4w,F1,f00,t128x128k16g12s32f32ciw,llama-3.2-3b,wq_wo,2048,3072,3072,sarc_dev_780m_x_linear_q4gsw_coopmat_t128x128k16g12s32f32ciw_texture3d_texture2d_half,1,15914.8,0.0141982,SKIPPED,,1,56,62,2800,2.2,2026-10-05T04:12:18Z
4w,F1,f00,t128x128k16g12s32f32ciw,llama-3.2-1b,wq_wo,2048,2048,2048,sarc_dev_780m_x_linear_q4gsw_coopmat_t128x128k16g12s32f32ciw_texture3d_texture2d_half,1,7659.16,0.108077,SKIPPED,,1,56,62,2800,2.2,2026-10-05T04:12:18Z
4w,F1,f00,t128x128k16g22s32f32ciw,llama-3.1-8b,wq_wo,2048,4096,4096,sarc_dev_780m_x_linear_q4gsw_coopmat_t128x128k16g22s32f32ciw_texture3d_texture2d_half,1,7187.84,0.0914846,SKIPPED,,1,55,67,2800,2.0,2026-10-05T04:12:20Z
4w,F1,f00,t128x128k16g22s32f32ciw,llama-3.2-3b,wq_wo,2048,3072,3072,sarc_dev_780m_x_linear_q4gsw_coopmat_t128x128k16g22s32f32ciw_texture3d_texture2d_half,1,4203.68,0.126996,SKIPPED,,1,55,67,2800,2.0,2026-10-05T04:12:20Z
4w,F1,f00,t128x128k16g22s32f32ciw,llama-3.2-1b,wq_wo,2048,2048,2048,sarc_dev_780m_x_linear_q4gsw_coopmat_t128x128k16g22s32f32ciw_texture3d_texture2d_half,1,1948.42,0.14132,SKIPPED,,1,55,67,2800,2.0,2026-10-05T04:12:20Z
4w,F1,f00,t128x128k16g41s32f32ciw,llama-3.1-8b,wq_wo,2048,4096,4096,sarc_dev_780m_x_linear_q4gsw_coopmat_t128x128k16g41s32f32ciw_texture3d_texture2d_half,1,7771.96,0.104086,SKIPPED,,1,56,70,2800,2.0,2026-10-05T04:12:22Z
4w,F1,f00,t128x128k16g41s32f32ciw,llama-3.2-3b,wq_wo,2048,3072,3072,sarc_dev_780m_x_linear_q4gsw_coopmat_t128x128k16g41s32f32ciw_texture3d_texture2d_half,1,4383.36,0.132021,SKIPPED,,1,56,70,2800,2.0,2026-10-05T04:12:22Z
4w,F1,f00,t128x128k16g41s32f32ciw,llama-3.2-1b,wq_wo,2048,2048,2048,sarc_dev_780m_x_linear_q4gsw_coopmat_t128x128k16g41s32f32ciw_texture3d_texture2d_half,1,1948.9,0.133305,SKIPPED,,1,56,70,2800,2.0,2026-10-05T04:12:22Z
4w,F1,f00,t128x128k16g42s32ciw,llama-3.1-8b,wq_wo,2048,4096,4096,sarc_dev_780m_x_linear_q4gsw_coopmat_t128x128k16g42s32ciw_texture3d_texture2d_half,1,11147.5,0.0935208,SKIPPED,,1,56,64,2800,2.0,2026-10-05T04:12:24Z
4w,F1,f00,t128x128k16g42s32ciw,llama-3.2-3b,wq_wo,2048,3072,3072,sarc_dev_780m_x_linear_q4gsw_coopmat_t128x128k16g42s32ciw_texture3d_texture2d_half,1,6481.88,0.119496,SKIPPED,,1,56,64,2800,2.0,2026-10-05T04:12:24Z
4w,F1,f00,t128x128k16g42s32ciw,llama-3.2-1b,wq_wo,2048,2048,2048,sarc_dev_780m_x_linear_q4gsw_coopmat_t128x128k16g42s32ciw_texture3d_texture2d_half,1,3187.2,0.152613,SKIPPED,,1,56,64,2800,2.0,2026-10-05T04:12:24Z
4w,F1,f00,t128x128k16g42s32gaciw,llama-3.1-8b,wq_wo,2048,4096,4096,sarc_dev_780m_x_linear_q4gsw_coopmat_t128x128k16g42s32gaciw_texture3d_texture2d_half,1,10397,0.0512461,SKIPPED,,1,55,67,2800,2.1,2026-10-05T04:12:26Z
4w,F1,f00,t128x128k16g42s32gaciw,llama-3.2-3b,wq_wo,2048,3072,3072,sarc_dev_780m_x_linear_q4gsw_coopmat_t128x128k16g42s32gaciw_texture3d_texture2d_half,1,6488.6,0.134448,SKIPPED,,1,55,67,2800,2.1,2026-10-05T04:12:26Z
4w,F1,f00,t128x128k16g42s32gaciw,llama-3.2-1b,wq_wo,2048,2048,2048,sarc_dev_780m_x_linear_q4gsw_coopmat_t128x128k16g42s32gaciw_texture3d_texture2d_half,1,2953.56,0.142274,SKIPPED,,1,55,67,2800,2.1,2026-10-05T04:12:26Z
4w,F1,f00,t128x128k16g42s32f32iw,llama-3.1-8b,wq_wo,2048,4096,4096,sarc_dev_780m_x_linear_q4gsw_coopmat_t128x128k16g42s32f32iw_texture3d_texture2d_half,1,8690.88,0.0874352,SKIPPED,,1,55,68,2800,2.0,2026-10-05T04:12:28Z
4w,F1,f00,t128x128k16g42s32f32iw,llama-3.2-3b,wq_wo,2048,3072,3072,sarc_dev_780m_x_linear_q4gsw_coopmat_t128x128k16g42s32f32iw_texture3d_texture2d_half,1,5184.82,0.120903,SKIPPED,,1,55,68,2800,2.0,2026-10-05T04:12:28Z
4w,F1,f00,t128x128k16g42s32f32iw,llama-3.2-1b,wq_wo,2048,2048,2048,sarc_dev_780m_x_linear_q4gsw_coopmat_t128x128k16g42s32f32iw_texture3d_texture2d_half,1,2349.04,0.142398,SKIPPED,,1,55,68,2800,2.0,2026-10-05T04:12:28Z
4w,F1,f00,t128x128k16g42s32f32xiw,llama-3.1-8b,wq_wo,2048,4096,4096,sarc_dev_780m_x_linear_q4gsw_coopmat_t128x128k16g42s32f32xiw_texture3d_texture2d_half,1,10275.6,0.0581163,SKIPPED,,1,55,66,2800,2.1,2026-10-05T04:12:30Z
4w,F1,f00,t128x128k16g42s32f32xiw,llama-3.2-3b,wq_wo,2048,3072,3072,sarc_dev_780m_x_linear_q4gsw_coopmat_t128x128k16g42s32f32xiw_texture3d_texture2d_half,1,6591.06,0.13185,SKIPPED,,1,55,66,2800,2.1,2026-10-05T04:12:30Z
4w,F1,f00,t128x128k16g42s32f32xiw,llama-3.2-1b,wq_wo,2048,2048,2048,sarc_dev_780m_x_linear_q4gsw_coopmat_t128x128k16g42s32f32xiw_texture3d_texture2d_half,1,2789.62,0.133784,SKIPPED,,1,55,66,2800,2.1,2026-10-05T04:12:30Z
4w,F1,f00,t128x128k16g42s32f32xpiw,llama-3.1-8b,wq_wo,2048,4096,4096,sarc_dev_780m_x_linear_q4gsw_coopmat_t128x128k16g42s32f32xpiw_texture3d_texture2d_half,1,8850.84,0.081257,SKIPPED,,1,55,66,2800,2.0,2026-10-05T04:12:32Z
4w,F1,f00,t128x128k16g42s32f32xpiw,llama-3.2-3b,wq_wo,2048,3072,3072,sarc_dev_780m_x_linear_q4gsw_coopmat_t128x128k16g42s32f32xpiw_texture3d_texture2d_half,1,5224.26,0.118558,SKIPPED,,1,55,66,2800,2.0,2026-10-05T04:12:32Z
4w,F1,f00,t128x128k16g42s32f32xpiw,llama-3.2-1b,wq_wo,2048,2048,2048,sarc_dev_780m_x_linear_q4gsw_coopmat_t128x128k16g42s32f32xpiw_texture3d_texture2d_half,1,2460.08,0.144221,SKIPPED,,1,55,66,2800,2.0,2026-10-05T04:12:32Z
4w,F1,f00,t128x128k16g42s32f32biw,llama-3.1-8b,wq_wo,2048,4096,4096,sarc_dev_780m_x_linear_q4gsw_coopmat_t128x128k16g42s32f32biw_texture3d_texture2d_half,1,8693.54,0.0824433,SKIPPED,,1,55,68,2800,2.0,2026-10-05T04:12:34Z
4w,F1,f00,t128x128k16g42s32f32biw,llama-3.2-3b,wq_wo,2048,3072,3072,sarc_dev_780m_x_linear_q4gsw_coopmat_t128x128k16g42s32f32biw_texture3d_texture2d_half,1,5139.5,0.120789,SKIPPED,,1,55,68,2800,2.0,2026-10-05T04:12:34Z
4w,F1,f00,t128x128k16g42s32f32biw,llama-3.2-1b,wq_wo,2048,2048,2048,sarc_dev_780m_x_linear_q4gsw_coopmat_t128x128k16g42s32f32biw_texture3d_texture2d_half,1,2358.8,0.14235,SKIPPED,,1,55,68,2800,2.0,2026-10-05T04:12:34Z
4w,F1,f00,t128x128k16g42s32f32cfliw,llama-3.1-8b,wq_wo,2048,4096,4096,sarc_dev_780m_x_linear_q4gsw_coopmat_t128x128k16g42s32f32cfliw_texture3d_texture2d_half,1,9355.06,0.0692226,SKIPPED,,1,55,66,2800,2.0,2026-10-05T04:12:36Z
4w,F1,f00,t128x128k16g42s32f32cfliw,llama-3.2-3b,wq_wo,2048,3072,3072,sarc_dev_780m_x_linear_q4gsw_coopmat_t128x128k16g42s32f32cfliw_texture3d_texture2d_half,1,5920.54,0.135127,SKIPPED,,1,55,66,2800,2.0,2026-10-05T04:12:36Z
4w,F1,f00,t128x128k16g42s32f32cfliw,llama-3.2-1b,wq_wo,2048,2048,2048,sarc_dev_780m_x_linear_q4gsw_coopmat_t128x128k16g42s32f32cfliw_texture3d_texture2d_half,1,2664.48,0.143575,SKIPPED,,1,55,66,2800,2.0,2026-10-05T04:12:36Z
4w,F1,f00,t128x128k16g42s32f32ciiw,llama-3.1-8b,wq_wo,2048,4096,4096,sarc_dev_780m_x_linear_q4gsw_coopmat_t128x128k16g42s32f32ciiw_texture3d_texture2d_half,1,8778.5,0.094814,SKIPPED,,1,55,69,2800,2.0,2026-10-05T04:12:38Z
4w,F1,f00,t128x128k16g42s32f32ciiw,llama-3.2-3b,wq_wo,2048,3072,3072,sarc_dev_780m_x_linear_q4gsw_coopmat_t128x128k16g42s32f32ciiw_texture3d_texture2d_half,1,5158.38,0.122316,SKIPPED,,1,55,69,2800,2.0,2026-10-05T04:12:38Z
4w,F1,f00,t128x128k16g42s32f32ciiw,llama-3.2-1b,wq_wo,2048,2048,2048,sarc_dev_780m_x_linear_q4gsw_coopmat_t128x128k16g42s32f32ciiw_texture3d_texture2d_half,1,2331.1,0.140223,SKIPPED,,1,55,69,2800,2.0,2026-10-05T04:12:38Z
4w,F1,f00,t128x128k16g42s32f32ciwbt,llama-3.1-8b,wq_wo,2048,4096,4096,sarc_dev_780m_x_linear_q4gsw_coopmat_t128x128k16g42s32f32ciwbt_texture3d_texture2d_half,1,7660.7,0.113519,SKIPPED,,1,55,69,2800,2.0,2026-10-05T04:12:40Z
4w,F1,f00,t128x128k16g42s32f32ciwbt,llama-3.2-3b,wq_wo,2048,3072,3072,sarc_dev_780m_x_linear_q4gsw_coopmat_t128x128k16g42s32f32ciwbt_texture3d_texture2d_half,1,4378.9,0.145849,SKIPPED,,1,55,69,2800,2.0,2026-10-05T04:12:40Z
4w,F1,f00,t128x128k16g42s32f32ciwbt,llama-3.2-1b,wq_wo,2048,2048,2048,sarc_dev_780m_x_linear_q4gsw_coopmat_t128x128k16g42s32f32ciwbt_texture3d_texture2d_half,1,1903.98,0.137117,SKIPPED,,1,55,69,2800,2.0,2026-10-05T04:12:40Z
4w,F1,f00,bx_t128x128k16g42s32f32ciw,llama-3.1-8b,wq_wo,2048,4096,4096,sarc_dev_780m_x_linear_q4gsw_coopmat_bx_t128x128k16g42s32f32ciw_texture3d_texture2d_half,1,8675.68,0.085643,SKIPPED,,1,56,65,2800,2.0,2026-10-05T04:12:42Z
4w,F1,f00,bx_t128x128k16g42s32f32ciw,llama-3.2-3b,wq_wo,2048,3072,3072,sarc_dev_780m_x_linear_q4gsw_coopmat_bx_t128x128k16g42s32f32ciw_texture3d_texture2d_half,1,5158.04,0.12192,SKIPPED,,1,56,65,2800,2.0,2026-10-05T04:12:42Z
4w,F1,f00,bx_t128x128k16g42s32f32ciw,llama-3.2-1b,wq_wo,2048,2048,2048,sarc_dev_780m_x_linear_q4gsw_coopmat_bx_t128x128k16g42s32f32ciw_texture3d_texture2d_half,1,2323.1,0.136721,SKIPPED,,1,56,65,2800,2.0,2026-10-05T04:12:42Z
4w,F1,f00,t128x128k64g42s32f32cfliw,llama-3.1-8b,wq_wo,2048,4096,4096,sarc_dev_780m_x_linear_q4gsw_coopmat_t128x128k64g42s32f32cfliw_texture3d_texture2d_half,1,8335.3,0.107305,SKIPPED,,1,55,69,2800,2.0,2026-10-05T04:12:44Z
4w,F1,f00,t128x128k64g42s32f32cfliw,llama-3.2-3b,wq_wo,2048,3072,3072,sarc_dev_780m_x_linear_q4gsw_coopmat_t128x128k64g42s32f32cfliw_texture3d_texture2d_half,1,5219.64,0.137709,SKIPPED,,1,55,69,2800,2.0,2026-10-05T04:12:44Z
4w,F1,f00,t128x128k64g42s32f32cfliw,llama-3.2-1b,wq_wo,2048,2048,2048,sarc_dev_780m_x_linear_q4gsw_coopmat_t128x128k64g42s32f32cfliw_texture3d_texture2d_half,1,2330.8,0.147086,SKIPPED,,1,55,69,2800,2.0,2026-10-05T04:12:44Z
4w,F1,f00,t128x128k32g14s32f32ciw,llama-3.1-8b,wq_wo,2048,4096,4096,sarc_dev_780m_x_linear_q4gsw_coopmat_t128x128k32g14s32f32ciw_texture3d_texture2d_half,1,7533.76,0.127661,SKIPPED,,1,55,70,2800,2.0,2026-10-05T04:12:46Z
4w,F1,f00,t128x128k32g14s32f32ciw,llama-3.2-3b,wq_wo,2048,3072,3072,sarc_dev_780m_x_linear_q4gsw_coopmat_t128x128k32g14s32f32ciw_texture3d_texture2d_half,1,4326.42,0.135256,SKIPPED,,1,55,70,2800,2.0,2026-10-05T04:12:46Z
4w,F1,f00,t128x128k32g14s32f32ciw,llama-3.2-1b,wq_wo,2048,2048,2048,sarc_dev_780m_x_linear_q4gsw_coopmat_t128x128k32g14s32f32ciw_texture3d_texture2d_half,1,1910.46,0.134273,SKIPPED,,1,55,70,2800,2.0,2026-10-05T04:12:46Z
4w,F1,f00,t128x128k32g12s64f32ciw,llama-3.1-8b,wq_wo,2048,4096,4096,sarc_dev_780m_x_linear_q4gsw_coopmat_t128x128k32g12s64f32ciw_texture3d_texture2d_half,1,8653,0.0970247,SKIPPED,,1,56,66,2800,2.0,2026-10-05T04:12:48Z
4w,F1,f00,t128x128k32g12s64f32ciw,llama-3.2-3b,wq_wo,2048,3072,3072,sarc_dev_780m_x_linear_q4gsw_coopmat_t128x128k32g12s64f32ciw_texture3d_texture2d_half,1,5248.18,0.12721,SKIPPED,,1,56,66,2800,2.0,2026-10-05T04:12:48Z
4w,F1,f00,t128x128k32g12s64f32ciw,llama-3.2-1b,wq_wo,2048,2048,2048,sarc_dev_780m_x_linear_q4gsw_coopmat_t128x128k32g12s64f32ciw_texture3d_texture2d_half,1,2492.18,0.146699,SKIPPED,,1,56,66,2800,2.0,2026-10-05T04:12:48Z
4w,F1,f00,t128x128k32g12s32ciw,llama-3.1-8b,wq_wo,2048,4096,4096,sarc_dev_780m_x_linear_q4gsw_coopmat_t128x128k32g12s32ciw_texture3d_texture2d_half,1,215632,0.0044737,SKIPPED,,1,55,59,2800,3.9,2026-10-05T04:12:52Z
4w,F1,f00,t128x128k32g12s32ciw,llama-3.2-3b,wq_wo,2048,3072,3072,sarc_dev_780m_x_linear_q4gsw_coopmat_t128x128k32g12s32ciw_texture3d_texture2d_half,1,124821,0.0197555,SKIPPED,,1,55,59,2800,3.9,2026-10-05T04:12:52Z
4w,F1,f00,t128x128k32g12s32ciw,llama-3.2-1b,wq_wo,2048,2048,2048,sarc_dev_780m_x_linear_q4gsw_coopmat_t128x128k32g12s32ciw_texture3d_texture2d_half,1,59886,0.000668914,SKIPPED,,1,55,59,2800,3.9,2026-10-05T04:12:52Z
4w,F1,f00,t128x128k32g12s32gaciw,llama-3.1-8b,wq_wo,2048,4096,4096,sarc_dev_780m_x_linear_q4gsw_coopmat_t128x128k32g12s32gaciw_texture3d_texture2d_half,1,345086,0.00980838,SKIPPED,,1,54,59,2800,5.8,2026-10-05T04:12:58Z
4w,F1,f00,t128x128k32g12s32gaciw,llama-3.2-3b,wq_wo,2048,3072,3072,sarc_dev_780m_x_linear_q4gsw_coopmat_t128x128k32g12s32gaciw_texture3d_texture2d_half,1,196150,0.0009606,SKIPPED,,1,54,59,2800,5.8,2026-10-05T04:12:58Z
4w,F1,f00,t128x128k32g12s32gaciw,llama-3.2-1b,wq_wo,2048,2048,2048,sarc_dev_780m_x_linear_q4gsw_coopmat_t128x128k32g12s32gaciw_texture3d_texture2d_half,1,84932.4,0.000833843,SKIPPED,,1,54,59,2800,5.8,2026-10-05T04:12:58Z
4w,F1,f00,t128x128k32g12s32f32iw,llama-3.1-8b,wq_wo,2048,4096,4096,sarc_dev_780m_x_linear_q4gsw_coopmat_t128x128k32g12s32f32iw_texture3d_texture2d_half,1,45880.4,0.0020488,SKIPPED,,1,54,61,2800,2.4,2026-10-05T04:13:01Z
4w,F1,f00,t128x128k32g12s32f32iw,llama-3.2-3b,wq_wo,2048,3072,3072,sarc_dev_780m_x_linear_q4gsw_coopmat_t128x128k32g12s32f32iw_texture3d_texture2d_half,1,25946.6,0.0020185,SKIPPED,,1,54,61,2800,2.4,2026-10-05T04:13:01Z
4w,F1,f00,t128x128k32g12s32f32iw,llama-3.2-1b,wq_wo,2048,2048,2048,sarc_dev_780m_x_linear_q4gsw_coopmat_t128x128k32g12s32f32iw_texture3d_texture2d_half,1,11841.6,0.0479085,SKIPPED,,1,54,61,2800,2.4,2026-10-05T04:13:01Z
4w,F1,f00,t128x128k32g12s32f32xpiw,llama-3.1-8b,wq_wo,2048,4096,4096,sarc_dev_780m_x_linear_q4gsw_coopmat_t128x128k32g12s32f32xpiw_texture3d_texture2d_half,1,34254.8,0.0058915,SKIPPED,,1,55,63,2800,2.4,2026-10-05T04:13:03Z
4w,F1,f00,t128x128k32g12s32f32xpiw,llama-3.2-3b,wq_wo,2048,3072,3072,sarc_dev_780m_x_linear_q4gsw_coopmat_t128x128k32g12s32f32xpiw_texture3d_texture2d_half,1,19093.2,0.00494361,SKIPPED,,1,55,63,2800,2.4,2026-10-05T04:13:03Z
4w,F1,f00,t128x128k32g12s32f32xpiw,llama-3.2-1b,wq_wo,2048,2048,2048,sarc_dev_780m_x_linear_q4gsw_coopmat_t128x128k32g12s32f32xpiw_texture3d_texture2d_half,1,8546.14,0.0590443,SKIPPED,,1,55,63,2800,2.4,2026-10-05T04:13:03Z
4w,F1,f00,t128x128k32g12s32f32biw,llama-3.1-8b,wq_wo,2048,4096,4096,sarc_dev_780m_x_linear_q4gsw_coopmat_t128x128k32g12s32f32biw_texture3d_texture2d_half,1,34811.8,0.0027025,SKIPPED,,1,56,63,2800,2.4,2026-10-05T04:13:05Z
4w,F1,f00,t128x128k32g12s32f32biw,llama-3.2-3b,wq_wo,2048,3072,3072,sarc_dev_780m_x_linear_q4gsw_coopmat_t128x128k32g12s32f32biw_texture3d_texture2d_half,1,19374.2,0.00434201,SKIPPED,,1,56,63,2800,2.4,2026-10-05T04:13:05Z
4w,F1,f00,t128x128k32g12s32f32biw,llama-3.2-1b,wq_wo,2048,2048,2048,sarc_dev_780m_x_linear_q4gsw_coopmat_t128x128k32g12s32f32biw_texture3d_texture2d_half,1,8724.44,0.0752027,SKIPPED,,1,56,63,2800,2.4,2026-10-05T04:13:05Z
4w,F1,f00,t128x128k32g12s32f32cfliw,llama-3.1-8b,wq_wo,2048,4096,4096,sarc_dev_780m_x_linear_q4gsw_coopmat_t128x128k32g12s32f32cfliw_texture3d_texture2d_half,1,31622.2,0.00894405,SKIPPED,,1,55,63,2800,2.3,2026-10-05T04:13:08Z
4w,F1,f00,t128x128k32g12s32f32cfliw,llama-3.2-3b,wq_wo,2048,3072,3072,sarc_dev_780m_x_linear_q4gsw_coopmat_t128x128k32g12s32f32cfliw_texture3d_texture2d_half,1,17044.7,0.0139569,SKIPPED,,1,55,63,2800,2.3,2026-10-05T04:13:08Z
4w,F1,f00,t128x128k32g12s32f32cfliw,llama-3.2-1b,wq_wo,2048,2048,2048,sarc_dev_780m_x_linear_q4gsw_coopmat_t128x128k32g12s32f32cfliw_texture3d_texture2d_half,1,7802.26,0.100137,SKIPPED,,1,55,63,2800,2.3,2026-10-05T04:13:08Z
4w,F1,f00,t128x128k32g12s32f32ciiw,llama-3.1-8b,wq_wo,2048,4096,4096,sarc_dev_780m_x_linear_q4gsw_coopmat_t128x128k32g12s32f32ciiw_texture3d_texture2d_half,1,35193.8,0.00507332,SKIPPED,,1,55,63,2800,2.4,2026-10-05T04:13:10Z
4w,F1,f00,t128x128k32g12s32f32ciiw,llama-3.2-3b,wq_wo,2048,3072,3072,sarc_dev_780m_x_linear_q4gsw_coopmat_t128x128k32g12s32f32ciiw_texture3d_texture2d_half,1,19909.2,0.0602505,SKIPPED,,1,55,63,2800,2.4,2026-10-05T04:13:10Z
4w,F1,f00,t128x128k32g12s32f32ciiw,llama-3.2-1b,wq_wo,2048,2048,2048,sarc_dev_780m_x_linear_q4gsw_coopmat_t128x128k32g12s32f32ciiw_texture3d_texture2d_half,1,8834.72,0.0747238,SKIPPED,,1,55,63,2800,2.4,2026-10-05T04:13:10Z
4w,F1,f00,t128x128k32g12s32f32ciwbt,llama-3.1-8b,wq_wo,2048,4096,4096,sarc_dev_780m_x_linear_q4gsw_coopmat_t128x128k32g12s32f32ciwbt_texture3d_texture2d_half,1,35733.7,0.0074079,SKIPPED,,1,55,63,2800,2.4,2026-10-05T04:13:13Z
4w,F1,f00,t128x128k32g12s32f32ciwbt,llama-3.2-3b,wq_wo,2048,3072,3072,sarc_dev_780m_x_linear_q4gsw_coopmat_t128x128k32g12s32f32ciwbt_texture3d_texture2d_half,1,19843.6,0.00254924,SKIPPED,,1,55,63,2800,2.4,2026-10-05T04:13:13Z
4w,F1,f00,t128x128k32g12s32f32ciwbt,llama-3.2-1b,wq_wo,2048,2048,2048,sarc_dev_780m_x_linear_q4gsw_coopmat_t128x128k32g12s32f32ciwbt_texture3d_texture2d_half,1,8854.58,0.0626184,SKIPPED,,1,55,63,2800,2.4,2026-10-05T04:13:13Z
4w,F1,f00,t128x128k32g21s32f32ciw,llama-3.1-8b,wq_wo,2048,4096,4096,sarc_dev_780m_x_linear_q4gsw_coopmat_t128x128k32g21s32f32ciw_texture3d_texture2d_half,1,38600,0.00487058,SKIPPED,,1,55,63,2800,2.4,2026-10-05T04:13:15Z
4w,F1,f00,t128x128k32g21s32f32ciw,llama-3.2-3b,wq_wo,2048,3072,3072,sarc_dev_780m_x_linear_q4gsw_coopmat_t128x128k32g21s32f32ciw_texture3d_texture2d_half,1,21443.4,0.00563069,SKIPPED,,1,55,63,2800,2.4,2026-10-05T04:13:15Z
4w,F1,f00,t128x128k32g21s32f32ciw,llama-3.2-1b,wq_wo,2048,2048,2048,sarc_dev_780m_x_linear_q4gsw_coopmat_t128x128k32g21s32f32ciw_texture3d_texture2d_half,1,9600.82,0.0519359,SKIPPED,,1,55,63,2800,2.4,2026-10-05T04:13:15Z
4w,F1,f00,t128x128k32g24s32f32ciw,llama-3.1-8b,wq_wo,2048,4096,4096,sarc_dev_780m_x_linear_q4gsw_coopmat_t128x128k32g24s32f32ciw_texture3d_texture2d_half,1,7469.5,0.129336,SKIPPED,,1,55,71,2800,2.0,2026-10-05T04:13:17Z
4w,F1,f00,t128x128k32g24s32f32ciw,llama-3.2-3b,wq_wo,2048,3072,3072,sarc_dev_780m_x_linear_q4gsw_coopmat_t128x128k32g24s32f32ciw_texture3d_texture2d_half,1,4285.18,0.144384,SKIPPED,,1,55,71,2800,2.0,2026-10-05T04:13:17Z
4w,F1,f00,t128x128k32g24s32f32ciw,llama-3.2-1b,wq_wo,2048,2048,2048,sarc_dev_780m_x_linear_q4gsw_coopmat_t128x128k32g24s32f32ciw_texture3d_texture2d_half,1,1865.42,0.141612,SKIPPED,,1,55,71,2800,2.0,2026-10-05T04:13:17Z
4w,F1,f00,t128x128k32g22s64f32ciw,llama-3.1-8b,wq_wo,2048,4096,4096,sarc_dev_780m_x_linear_q4gsw_coopmat_t128x128k32g22s64f32ciw_texture3d_texture2d_half,1,8220.96,0.117309,SKIPPED,,1,56,67,2800,2.0,2026-10-05T04:13:19Z
4w,F1,f00,t128x128k32g22s64f32ciw,llama-3.2-3b,wq_wo,2048,3072,3072,sarc_dev_780m_x_linear_q4gsw_coopmat_t128x128k32g22s64f32ciw_texture3d_texture2d_half,1,4954.9,0.141655,SKIPPED,,1,56,67,2800,2.0,2026-10-05T04:13:19Z
4w,F1,f00,t128x128k32g22s64f32ciw,llama-3.2-1b,wq_wo,2048,2048,2048,sarc_dev_780m_x_linear_q4gsw_coopmat_t128x128k32g22s64f32ciw_texture3d_texture2d_half,1,2207.88,0.146111,SKIPPED,,1,56,67,2800,2.0,2026-10-05T04:13:19Z
4w,F1,f00,t128x128k32g22s32ciw,llama-3.1-8b,wq_wo,2048,4096,4096,sarc_dev_780m_x_linear_q4gsw_coopmat_t128x128k32g22s32ciw_texture3d_texture2d_half,1,65269.1,0.00112087,SKIPPED,,1,56,62,2800,2.4,2026-10-05T04:13:22Z
4w,F1,f00,t128x128k32g22s32ciw,llama-3.2-3b,wq_wo,2048,3072,3072,sarc_dev_780m_x_linear_q4gsw_coopmat_t128x128k32g22s32ciw_texture3d_texture2d_half,1,35454.7,0.00874822,SKIPPED,,1,56,62,2800,2.4,2026-10-05T04:13:22Z
4w,F1,f00,t128x128k32g22s32ciw,llama-3.2-1b,wq_wo,2048,2048,2048,sarc_dev_780m_x_linear_q4gsw_coopmat_t128x128k32g22s32ciw_texture3d_texture2d_half,1,14129.8,0.0306252,SKIPPED,,1,56,62,2800,2.4,2026-10-05T04:13:22Z
4w,F1,f00,t128x128k32g22s32gaciw,llama-3.1-8b,wq_wo,2048,4096,4096,sarc_dev_780m_x_linear_q4gsw_coopmat_t128x128k32g22s32gaciw_texture3d_texture2d_half,1,91493.8,0.00571534,SKIPPED,,1,56,62,2800,2.6,2026-10-05T04:13:24Z
4w,F1,f00,t128x128k32g22s32gaciw,llama-3.2-3b,wq_wo,2048,3072,3072,sarc_dev_780m_x_linear_q4gsw_coopmat_t128x128k32g22s32gaciw_texture3d_texture2d_half,1,45709.1,0.0227867,SKIPPED,,1,56,62,2800,2.6,2026-10-05T04:13:24Z
4w,F1,f00,t128x128k32g22s32gaciw,llama-3.2-1b,wq_wo,2048,2048,2048,sarc_dev_780m_x_linear_q4gsw_coopmat_t128x128k32g22s32gaciw_texture3d_texture2d_half,1,20257.5,0.0188794,SKIPPED,,1,56,62,2800,2.6,2026-10-05T04:13:24Z
4w,F1,f00,t128x128k32g22s32f32iw,llama-3.1-8b,wq_wo,2048,4096,4096,sarc_dev_780m_x_linear_q4gsw_coopmat_t128x128k32g22s32f32iw_texture3d_texture2d_half,1,8285.56,0.107463,SKIPPED,,1,56,66,2800,2.0,2026-10-05T04:13:26Z
4w,F1,f00,t128x128k32g22s32f32iw,llama-3.2-3b,wq_wo,2048,3072,3072,sarc_dev_780m_x_linear_q4gsw_coopmat_t128x128k32g22s32f32iw_texture3d_texture2d_half,1,5108.04,0.118822,SKIPPED,,1,56,66,2800,2.0,2026-10-05T04:13:26Z
4w,F1,f00,t128x128k32g22s32f32iw,llama-3.2-1b,wq_wo,2048,2048,2048,sarc_dev_780m_x_linear_q4gsw_coopmat_t128x128k32g22s32f32iw_texture3d_texture2d_half,1,2377.02,0.120762,SKIPPED,,1,56,66,2800,2.0,2026-10-05T04:13:26Z
4w,F1,f00,t128x128k32g22s32f32xpiw,llama-3.1-8b,wq_wo,2048,4096,4096,sarc_dev_780m_x_linear_q4gsw_coopmat_t128x128k32g22s32f32xpiw_texture3d_texture2d_half,1,7432.1,0.129166,SKIPPED,,1,55,68,2800,2.0,2026-10-05T04:13:28Z
4w,F1,f00,t128x128k32g22s32f32xpiw,llama-3.2-3b,wq_wo,2048,3072,3072,sarc_dev_780m_x_linear_q4gsw_coopmat_t128x128k32g22s32f32xpiw_texture3d_texture2d_half,1,4075.16,0.133571,SKIPPED,,1,55,68,2800,2.0,2026-10-05T04:13:28Z
4w,F1,f00,t128x128k32g22s32f32xpiw,llama-3.2-1b,wq_wo,2048,2048,2048,sarc_dev_780m_x_linear_q4gsw_coopmat_t128x128k32g22s32f32xpiw_texture3d_texture2d_half,1,1880.18,0.140658,SKIPPED,,1,55,68,2800,2.0,2026-10-05T04:13:28Z
4w,F1,f00,t128x128k32g22s32f32biw,llama-3.1-8b,wq_wo,2048,4096,4096,sarc_dev_780m_x_linear_q4gsw_coopmat_t128x128k32g22s32f32biw_texture3d_texture2d_half,1,7757.46,0.148278,SKIPPED,,1,55,69,2800,2.0,2026-10-05T04:13:30Z
4w,F1,f00,t128x128k32g22s32f32biw,llama-3.2-3b,wq_wo,2048,3072,3072,sarc_dev_780m_x_linear_q4gsw_coopmat_t128x128k32g22s32f32biw_texture3d_texture2d_half,1,4330.8,0.143177,SKIPPED,,1,55,69,2800,2.0,2026-10-05T04:13:30Z
4w,F1,f00,t128x128k32g22s32f32biw,llama-3.2-1b,wq_wo,2048,2048,2048,sarc_dev_780m_x_linear_q4gsw_coopmat_t128x128k32g22s32f32biw_texture3d_texture2d_half,1,1901.8,0.138505,SKIPPED,,1,55,69,2800,2.0,2026-10-05T04:13:30Z
4w,F1,f00,t128x128k32g22s32f32ciiw,llama-3.1-8b,wq_wo,2048,4096,4096,sarc_dev_780m_x_linear_q4gsw_coopmat_t128x128k32g22s32f32ciiw_texture3d_texture2d_half,1,7493.28,0.129891,SKIPPED,,1,55,69,2800,2.0,2026-10-05T04:13:32Z
4w,F1,f00,t128x128k32g22s32f32ciiw,llama-3.2-3b,wq_wo,2048,3072,3072,sarc_dev_780m_x_linear_q4gsw_coopmat_t128x128k32g22s32f32ciiw_texture3d_texture2d_half,1,4067.36,0.134378,SKIPPED,,1,55,69,2800,2.0,2026-10-05T04:13:32Z
4w,F1,f00,t128x128k32g22s32f32ciiw,llama-3.2-1b,wq_wo,2048,2048,2048,sarc_dev_780m_x_linear_q4gsw_coopmat_t128x128k32g22s32f32ciiw_texture3d_texture2d_half,1,1877.26,0.136372,SKIPPED,,1,55,69,2800,2.0,2026-10-05T04:13:32Z
4w,F1,f00,t128x128k32g22s32f32ciwbt,llama-3.1-8b,wq_wo,2048,4096,4096,sarc_dev_780m_x_linear_q4gsw_coopmat_t128x128k32g22s32f32ciwbt_texture3d_texture2d_half,1,7713.58,0.135066,SKIPPED,,1,56,67,2800,2.0,2026-10-05T04:13:34Z
4w,F1,f00,t128x128k32g22s32f32ciwbt,llama-3.2-3b,wq_wo,2048,3072,3072,sarc_dev_780m_x_linear_q4gsw_coopmat_t128x128k32g22s32f32ciwbt_texture3d_texture2d_half,1,4374.32,0.146324,SKIPPED,,1,56,67,2800,2.0,2026-10-05T04:13:34Z
4w,F1,f00,t128x128k32g22s32f32ciwbt,llama-3.2-1b,wq_wo,2048,2048,2048,sarc_dev_780m_x_linear_q4gsw_coopmat_t128x128k32g22s32f32ciwbt_texture3d_texture2d_half,1,1875.24,0.128086,SKIPPED,,1,56,67,2800,2.0,2026-10-05T04:13:34Z
4w,F1,f00,t128x128k32g81s32f32ciw,llama-3.1-8b,wq_wo,2048,4096,4096,sarc_dev_780m_x_linear_q4gsw_coopmat_t128x128k32g81s32f32ciw_texture3d_texture2d_half,1,8299.4,0.113834,SKIPPED,,1,55,52,800,10.9,2026-10-05T04:13:45Z
4w,F1,f00,t128x128k32g81s32f32ciw,llama-3.2-3b,wq_wo,2048,3072,3072,sarc_dev_780m_x_linear_q4gsw_coopmat_t128x128k32g81s32f32ciw_texture3d_texture2d_half,1,5017.76,0.126446,SKIPPED,,1,55,52,800,10.9,2026-10-05T04:13:45Z
4w,F1,f00,t128x128k32g81s32f32ciw,llama-3.2-1b,wq_wo,2048,2048,2048,sarc_dev_780m_x_linear_q4gsw_coopmat_t128x128k32g81s32f32ciw_texture3d_texture2d_half,1,2322.92,0.137785,SKIPPED,,1,55,52,800,10.9,2026-10-05T04:13:45Z
4w,F1,f00,t128x128k32g82s32ciw,llama-3.1-8b,wq_wo,2048,4096,4096,sarc_dev_780m_x_linear_q4gsw_coopmat_t128x128k32g82s32ciw_texture3d_texture2d_half,1,8905.84,0.0898923,SKIPPED,,1,53,66,2800,2.0,2026-10-05T04:13:54Z
4w,F1,f00,t128x128k32g82s32ciw,llama-3.2-3b,wq_wo,2048,3072,3072,sarc_dev_780m_x_linear_q4gsw_coopmat_t128x128k32g82s32ciw_texture3d_texture2d_half,1,5349.4,0.119215,SKIPPED,,1,53,66,2800,2.0,2026-10-05T04:13:54Z
4w,F1,f00,t128x128k32g82s32ciw,llama-3.2-1b,wq_wo,2048,2048,2048,sarc_dev_780m_x_linear_q4gsw_coopmat_t128x128k32g82s32ciw_texture3d_texture2d_half,1,2669.06,0.161656,SKIPPED,,1,53,66,2800,2.0,2026-10-05T04:13:54Z
4w,F1,f00,t128x128k32g82s32gaciw,llama-3.1-8b,wq_wo,2048,4096,4096,sarc_dev_780m_x_linear_q4gsw_coopmat_t128x128k32g82s32gaciw_texture3d_texture2d_half,1,11360.3,0.0772518,SKIPPED,,1,53,62,2800,2.0,2026-10-05T04:14:02Z
4w,F1,f00,t128x128k32g82s32gaciw,llama-3.2-3b,wq_wo,2048,3072,3072,sarc_dev_780m_x_linear_q4gsw_coopmat_t128x128k32g82s32gaciw_texture3d_texture2d_half,1,6557.8,0.0978164,SKIPPED,,1,53,62,2800,2.0,2026-10-05T04:14:02Z
4w,F1,f00,t128x128k32g82s32gaciw,llama-3.2-1b,wq_wo,2048,2048,2048,sarc_dev_780m_x_linear_q4gsw_coopmat_t128x128k32g82s32gaciw_texture3d_texture2d_half,1,3171.08,0.14559,SKIPPED,,1,53,62,2800,2.0,2026-10-05T04:14:02Z
4w,F1,f00,t128x128k32g82s32f32iw,llama-3.1-8b,wq_wo,2048,4096,4096,sarc_dev_780m_x_linear_q4gsw_coopmat_t128x128k32g82s32f32iw_texture3d_texture2d_half,1,9277.52,0.0890706,SKIPPED,,1,53,68,2800,2.0,2026-10-05T04:14:10Z
4w,F1,f00,t128x128k32g82s32f32iw,llama-3.2-3b,wq_wo,2048,3072,3072,sarc_dev_780m_x_linear_q4gsw_coopmat_t128x128k32g82s32f32iw_texture3d_texture2d_half,1,6064.32,0.142716,SKIPPED,,1,53,68,2800,2.0,2026-10-05T04:14:10Z
4w,F1,f00,t128x128k32g82s32f32iw,llama-3.2-1b,wq_wo,2048,2048,2048,sarc_dev_780m_x_linear_q4gsw_coopmat_t128x128k32g82s32f32iw_texture3d_texture2d_half,1,2704.6,0.149606,SKIPPED,,1,53,68,2800,2.0,2026-10-05T04:14:10Z
4w,F1,f00,t128x128k32g82s32f32xpiw,llama-3.1-8b,wq_wo,2048,4096,4096,sarc_dev_780m_x_linear_q4gsw_coopmat_t128x128k32g82s32f32xpiw_texture3d_texture2d_half,1,9361.68,0.108012,SKIPPED,,1,53,66,2800,2.0,2026-10-05T04:14:18Z
4w,F1,f00,t128x128k32g82s32f32xpiw,llama-3.2-3b,wq_wo,2048,3072,3072,sarc_dev_780m_x_linear_q4gsw_coopmat_t128x128k32g82s32f32xpiw_texture3d_texture2d_half,1,5926.56,0.134041,SKIPPED,,1,53,66,2800,2.0,2026-10-05T04:14:18Z
4w,F1,f00,t128x128k32g82s32f32xpiw,llama-3.2-1b,wq_wo,2048,2048,2048,sarc_dev_780m_x_linear_q4gsw_coopmat_t128x128k32g82s32f32xpiw_texture3d_texture2d_half,1,2676.1,0.149562,SKIPPED,,1,53,66,2800,2.0,2026-10-05T04:14:18Z
4w,F1,f00,t128x128k32g82s32f32biw,llama-3.1-8b,wq_wo,2048,4096,4096,sarc_dev_780m_x_linear_q4gsw_coopmat_t128x128k32g82s32f32biw_texture3d_texture2d_half,1,9285.76,0.0846919,SKIPPED,,1,53,67,2800,2.0,2026-10-05T04:14:26Z
4w,F1,f00,t128x128k32g82s32f32biw,llama-3.2-3b,wq_wo,2048,3072,3072,sarc_dev_780m_x_linear_q4gsw_coopmat_t128x128k32g82s32f32biw_texture3d_texture2d_half,1,5990.96,0.137556,SKIPPED,,1,53,67,2800,2.0,2026-10-05T04:14:26Z
4w,F1,f00,t128x128k32g82s32f32biw,llama-3.2-1b,wq_wo,2048,2048,2048,sarc_dev_780m_x_linear_q4gsw_coopmat_t128x128k32g82s32f32biw_texture3d_texture2d_half,1,2706.44,0.152399,SKIPPED,,1,53,67,2800,2.0,2026-10-05T04:14:26Z
4w,F1,f00,t128x128k32g82s32f32cfliw,llama-3.1-8b,wq_wo,2048,4096,4096,sarc_dev_780m_x_linear_q4gsw_coopmat_t128x128k32g82s32f32cfliw_texture3d_texture2d_half,1,12071.5,0.0699914,SKIPPED,,1,53,65,2800,2.0,2026-10-05T04:14:34Z
4w,F1,f00,t128x128k32g82s32f32cfliw,llama-3.2-3b,wq_wo,2048,3072,3072,sarc_dev_780m_x_linear_q4gsw_coopmat_t128x128k32g82s32f32cfliw_texture3d_texture2d_half,1,7578.8,0.13042,SKIPPED,,1,53,65,2800,2.0,2026-10-05T04:14:34Z
4w,F1,f00,t128x128k32g82s32f32cfliw,llama-3.2-1b,wq_wo,2048,2048,2048,sarc_dev_780m_x_linear_q4gsw_coopmat_t128x128k32g82s32f32cfliw_texture3d_texture2d_half,1,3460.8,0.13935,SKIPPED,,1,53,65,2800,2.0,2026-10-05T04:14:34Z
4w,F1,f00,t128x128k32g82s32f32ciiw,llama-3.1-8b,wq_wo,2048,4096,4096,sarc_dev_780m_x_linear_q4gsw_coopmat_t128x128k32g82s32f32ciiw_texture3d_texture2d_half,1,9279.68,0.0894088,SKIPPED,,1,53,67,2800,2.0,2026-10-05T04:14:43Z
4w,F1,f00,t128x128k32g82s32f32ciiw,llama-3.2-3b,wq_wo,2048,3072,3072,sarc_dev_780m_x_linear_q4gsw_coopmat_t128x128k32g82s32f32ciiw_texture3d_texture2d_half,1,5959.8,0.134164,SKIPPED,,1,53,67,2800,2.0,2026-10-05T04:14:43Z
4w,F1,f00,t128x128k32g82s32f32ciiw,llama-3.2-1b,wq_wo,2048,2048,2048,sarc_dev_780m_x_linear_q4gsw_coopmat_t128x128k32g82s32f32ciiw_texture3d_texture2d_half,1,2643,0.141364,SKIPPED,,1,53,67,2800,2.0,2026-10-05T04:14:43Z
4w,F1,f00,t128x128k32g82s32f32ciwbt,llama-3.1-8b,wq_wo,2048,4096,4096,sarc_dev_780m_x_linear_q4gsw_coopmat_t128x128k32g82s32f32ciwbt_texture3d_texture2d_half,1,8188.52,0.109478,SKIPPED,,1,53,65,2800,2.1,2026-10-05T04:14:51Z
4w,F1,f00,t128x128k32g82s32f32ciwbt,llama-3.2-3b,wq_wo,2048,3072,3072,sarc_dev_780m_x_linear_q4gsw_coopmat_t128x128k32g82s32f32ciwbt_texture3d_texture2d_half,1,5306.7,0.161656,SKIPPED,,1,53,65,2800,2.1,2026-10-05T04:14:51Z
4w,F1,f00,t128x128k32g82s32f32ciwbt,llama-3.2-1b,wq_wo,2048,2048,2048,sarc_dev_780m_x_linear_q4gsw_coopmat_t128x128k32g82s32f32ciwbt_texture3d_texture2d_half,1,2315.42,0.146735,SKIPPED,,1,53,65,2800,2.1,2026-10-05T04:14:51Z
4w,F1,f00,bx_t128x128k32g82s32f32ciw,llama-3.1-8b,wq_wo,2048,4096,4096,sarc_dev_780m_x_linear_q4gsw_coopmat_bx_t128x128k32g82s32f32ciw_texture3d_texture2d_half,1,9258.38,0.0799481,SKIPPED,,1,53,66,2800,2.0,2026-10-05T04:14:59Z
4w,F1,f00,bx_t128x128k32g82s32f32ciw,llama-3.2-3b,wq_wo,2048,3072,3072,sarc_dev_780m_x_linear_q4gsw_coopmat_bx_t128x128k32g82s32f32ciw_texture3d_texture2d_half,1,6069.36,0.142188,SKIPPED,,1,53,66,2800,2.0,2026-10-05T04:14:59Z
4w,F1,f00,bx_t128x128k32g82s32f32ciw,llama-3.2-1b,wq_wo,2048,2048,2048,sarc_dev_780m_x_linear_q4gsw_coopmat_bx_t128x128k32g82s32f32ciw_texture3d_texture2d_half,1,2730.52,0.146013,SKIPPED,,1,53,66,2800,2.0,2026-10-05T04:14:59Z
4w,F1,f00,t128x128k32g41s64f32ciw,llama-3.1-8b,wq_wo,2048,4096,4096,sarc_dev_780m_x_linear_q4gsw_coopmat_t128x128k32g41s64f32ciw_texture3d_texture2d_half,1,9215.36,0.0829211,SKIPPED,,1,53,64,2800,2.0,2026-10-05T04:15:07Z
4w,F1,f00,t128x128k32g41s64f32ciw,llama-3.2-3b,wq_wo,2048,3072,3072,sarc_dev_780m_x_linear_q4gsw_coopmat_t128x128k32g41s64f32ciw_texture3d_texture2d_half,1,5997.46,0.136766,SKIPPED,,1,53,64,2800,2.0,2026-10-05T04:15:07Z
4w,F1,f00,t128x128k32g41s64f32ciw,llama-3.2-1b,wq_wo,2048,2048,2048,sarc_dev_780m_x_linear_q4gsw_coopmat_t128x128k32g41s64f32ciw_texture3d_texture2d_half,1,2680.8,0.142718,SKIPPED,,1,53,64,2800,2.0,2026-10-05T04:15:07Z
4w,F1,f00,t128x128k32g41s32ciw,llama-3.1-8b,wq_wo,2048,4096,4096,sarc_dev_780m_x_linear_q4gsw_coopmat_t128x128k32g41s32ciw_texture3d_texture2d_half,1,62401.6,0.00125732,SKIPPED,,1,53,61,2800,2.4,2026-10-05T04:15:16Z
4w,F1,f00,t128x128k32g41s32ciw,llama-3.2-3b,wq_wo,2048,3072,3072,sarc_dev_780m_x_linear_q4gsw_coopmat_t128x128k32g41s32ciw_texture3d_texture2d_half,1,31834.8,0.0255179,SKIPPED,,1,53,61,2800,2.4,2026-10-05T04:15:16Z
4w,F1,f00,t128x128k32g41s32ciw,llama-3.2-1b,wq_wo,2048,2048,2048,sarc_dev_780m_x_linear_q4gsw_coopmat_t128x128k32g41s32ciw_texture3d_texture2d_half,1,13351.8,0.0276582,SKIPPED,,1,53,61,2800,2.4,2026-10-05T04:15:16Z
4w,F1,f00,t128x128k32g41s32gaciw,llama-3.1-8b,wq_wo,2048,4096,4096,sarc_dev_780m_x_linear_q4gsw_coopmat_t128x128k32g41s32gaciw_texture3d_texture2d_half,1,120057,0.010636,SKIPPED,,1,52,61,2800,2.8,2026-10-05T04:15:24Z
4w,F1,f00,t128x128k32g41s32gaciw,llama-3.2-3b,wq_wo,2048,3072,3072,sarc_dev_780m_x_linear_q4gsw_coopmat_t128x128k32g41s32gaciw_texture3d_texture2d_half,1,64863,0.00312473,SKIPPED,,1,52,61,2800,2.8,2026-10-05T04:15:24Z
4w,F1,f00,t128x128k32g41s32gaciw,llama-3.2-1b,wq_wo,2048,2048,2048,sarc_dev_780m_x_linear_q4gsw_coopmat_t128x128k32g41s32gaciw_texture3d_texture2d_half,1,27552.5,0.011086,SKIPPED,,1,52,61,2800,2.8,2026-10-05T04:15:24Z
4w,F1,f00,t128x128k32g41s32f32iw,llama-3.1-8b,wq_wo,2048,4096,4096,sarc_dev_780m_x_linear_q4gsw_coopmat_t128x128k32g41s32f32iw_texture3d_texture2d_half,1,9075.42,0.0946078,SKIPPED,,1,53,64,2800,2.0,2026-10-05T04:15:27Z
4w,F1,f00,t128x128k32g41s32f32iw,llama-3.2-3b,wq_wo,2048,3072,3072,sarc_dev_780m_x_linear_q4gsw_coopmat_t128x128k32g41s32f32iw_texture3d_texture2d_half,1,5445.86,0.112975,SKIPPED,,1,53,64,2800,2.0,2026-10-05T04:15:27Z
4w,F1,f00,t128x128k32g41s32f32iw,llama-3.2-1b,wq_wo,2048,2048,2048,sarc_dev_780m_x_linear_q4gsw_coopmat_t128x128k32g41s32f32iw_texture3d_texture2d_half,1,2417.82,0.115879,SKIPPED,,1,53,64,2800,2.0,2026-10-05T04:15:27Z
4w,F1,f00,t128x128k32g41s32f32xpiw,llama-3.1-8b,wq_wo,2048,4096,4096,sarc_dev_780m_x_linear_q4gsw_coopmat_t128x128k32g41s32f32xpiw_texture3d_texture2d_half,1,8874.5,0.0857664,SKIPPED,,1,53,66,2800,2.0,2026-10-05T04:15:29Z
4w,F1,f00,t128x128k32g41s32f32xpiw,llama-3.2-3b,wq_wo,2048,3072,3072,sarc_dev_780m_x_linear_q4gsw_coopmat_t128x128k32g41s32f32xpiw_texture3d_texture2d_half,1,5400.92,0.115142,SKIPPED,,1,53,66,2800,2.0,2026-10-05T04:15:29Z
4w,F1,f00,t128x128k32g41s32f32xpiw,llama-3.2-1b,wq_wo,2048,2048,2048,sarc_dev_780m_x_linear_q4gsw_coopmat_t128x128k32g41s32f32xpiw_texture3d_texture2d_half,1,2386.6,0.11281,SKIPPED,,1,53,66,2800,2.0,2026-10-05T04:15:29Z
4w,F1,f00,t128x128k32g41s32f32biw,llama-3.1-8b,wq_wo,2048,4096,4096,sarc_dev_780m_x_linear_q4gsw_coopmat_t128x128k32g41s32f32biw_texture3d_texture2d_half,1,9064.04,0.0900811,SKIPPED,,1,53,65,2800,2.0,2026-10-05T04:15:31Z
4w,F1,f00,t128x128k32g41s32f32biw,llama-3.2-3b,wq_wo,2048,3072,3072,sarc_dev_780m_x_linear_q4gsw_coopmat_t128x128k32g41s32f32biw_texture3d_texture2d_half,1,5454.24,0.114035,SKIPPED,,1,53,65,2800,2.0,2026-10-05T04:15:31Z
4w,F1,f00,t128x128k32g41s32f32biw,llama-3.2-1b,wq_wo,2048,2048,2048,sarc_dev_780m_x_linear_q4gsw_coopmat_t128x128k32g41s32f32biw_texture3d_texture2d_half,1,2487.42,0.12181,SKIPPED,,1,53,65,2800,2.0,2026-10-05T04:15:31Z
4w,F1,f00,t128x128k32g41s32f32cfliw,llama-3.1-8b,wq_wo,2048,4096,4096,sarc_dev_780m_x_linear_q4gsw_coopmat_t128x128k32g41s32f32cfliw_texture3d_texture2d_half,1,8663.86,0.091437,SKIPPED,,1,53,66,2800,2.0,2026-10-05T04:15:33Z
4w,F1,f00,t128x128k32g41s32f32cfliw,llama-3.2-3b,wq_wo,2048,3072,3072,sarc_dev_780m_x_linear_q4gsw_coopmat_t128x128k32g41s32f32cfliw_texture3d_texture2d_half,1,5162.16,0.126557,SKIPPED,,1,53,66,2800,2.0,2026-10-05T04:15:33Z
4w,F1,f00,t128x128k32g41s32f32cfliw,llama-3.2-1b,wq_wo,2048,2048,2048,sarc_dev_780m_x_linear_q4gsw_coopmat_t128x128k32g41s32f32cfliw_texture3d_texture2d_half,1,2276.78,0.129396,SKIPPED,,1,53,66,2800,2.0,2026-10-05T04:15:33Z
4w,F1,f00,t128x128k32g41s32f32ciiw,llama-3.1-8b,wq_wo,2048,4096,4096,sarc_dev_780m_x_linear_q4gsw_coopmat_t128x128k32g41s32f32ciiw_texture3d_texture2d_half,1,8999.44,0.0879585,SKIPPED,,1,54,65,2800,2.0,2026-10-05T04:15:35Z
4w,F1,f00,t128x128k32g41s32f32ciiw,llama-3.2-3b,wq_wo,2048,3072,3072,sarc_dev_780m_x_linear_q4gsw_coopmat_t128x128k32g41s32f32ciiw_texture3d_texture2d_half,1,5484.48,0.119644,SKIPPED,,1,54,65,2800,2.0,2026-10-05T04:15:35Z
4w,F1,f00,t128x128k32g41s32f32ciiw,llama-3.2-1b,wq_wo,2048,2048,2048,sarc_dev_780m_x_linear_q4gsw_coopmat_t128x128k32g41s32f32ciiw_texture3d_texture2d_half,1,2478.78,0.122521,SKIPPED,,1,54,65,2800,2.0,2026-10-05T04:15:35Z
4w,F1,f00,t128x128k32g41s32f32ciwbt,llama-3.1-8b,wq_wo,2048,4096,4096,sarc_dev_780m_x_linear_q4gsw_coopmat_t128x128k32g41s32f32ciwbt_texture3d_texture2d_half,1,8431.14,0.105988,SKIPPED,,1,54,65,2800,2.0,2026-10-05T04:15:37Z
4w,F1,f00,t128x128k32g41s32f32ciwbt,llama-3.2-3b,wq_wo,2048,3072,3072,sarc_dev_780m_x_linear_q4gsw_coopmat_t128x128k32g41s32f32ciwbt_texture3d_texture2d_half,1,4974.92,0.110977,SKIPPED,,1,54,65,2800,2.0,2026-10-05T04:15:37Z
4w,F1,f00,t128x128k32g41s32f32ciwbt,llama-3.2-1b,wq_wo,2048,2048,2048,sarc_dev_780m_x_linear_q4gsw_coopmat_t128x128k32g41s32f32ciwbt_texture3d_texture2d_half,1,2329.32,0.11303,SKIPPED,,1,54,65,2800,2.0,2026-10-05T04:15:37Z
4w,F1,f00,bx_t128x128k32g41s32f32ciw,llama-3.1-8b,wq_wo,2048,4096,4096,sarc_dev_780m_x_linear_q4gsw_coopmat_bx_t128x128k32g41s32f32ciw_texture3d_texture2d_half,1,7597.2,0.118943,SKIPPED,,1,53,64,2800,2.0,2026-10-05T04:15:39Z
4w,F1,f00,bx_t128x128k32g41s32f32ciw,llama-3.2-3b,wq_wo,2048,3072,3072,sarc_dev_780m_x_linear_q4gsw_coopmat_bx_t128x128k32g41s32f32ciw_texture3d_texture2d_half,1,4415.2,0.134661,SKIPPED,,1,53,64,2800,2.0,2026-10-05T04:15:39Z
4w,F1,f00,bx_t128x128k32g41s32f32ciw,llama-3.2-1b,wq_wo,2048,2048,2048,sarc_dev_780m_x_linear_q4gsw_coopmat_bx_t128x128k32g41s32f32ciw_texture3d_texture2d_half,1,2012.28,0.14202,SKIPPED,,1,53,64,2800,2.0,2026-10-05T04:15:39Z
4w,F1,f00,t128x128k32g44s32ciw,llama-3.1-8b,wq_wo,2048,4096,4096,sarc_dev_780m_x_linear_q4gsw_coopmat_t128x128k32g44s32ciw_texture3d_texture2d_half,1,8704.02,0.0920767,SKIPPED,,1,54,68,2800,2.0,2026-10-05T04:15:41Z
4w,F1,f00,t128x128k32g44s32ciw,llama-3.2-3b,wq_wo,2048,3072,3072,sarc_dev_780m_x_linear_q4gsw_coopmat_t128x128k32g44s32ciw_texture3d_texture2d_half,1,5255.28,0.117782,SKIPPED,,1,54,68,2800,2.0,2026-10-05T04:15:41Z
4w,F1,f00,t128x128k32g44s32ciw,llama-3.2-1b,wq_wo,2048,2048,2048,sarc_dev_780m_x_linear_q4gsw_coopmat_t128x128k32g44s32ciw_texture3d_texture2d_half,1,2471.6,0.144054,SKIPPED,,1,54,68,2800,2.0,2026-10-05T04:15:41Z
4w,F1,f00,t128x128k32g44s32gaciw,llama-3.1-8b,wq_wo,2048,4096,4096,sarc_dev_780m_x_linear_q4gsw_coopmat_t128x128k32g44s32gaciw_texture3d_texture2d_half,1,11297.6,0.0836872,SKIPPED,,1,55,63,2800,2.0,2026-10-05T04:15:43Z
4w,F1,f00,t128x128k32g44s32gaciw,llama-3.2-3b,wq_wo,2048,3072,3072,sarc_dev_780m_x_linear_q4gsw_coopmat_t128x128k32g44s32gaciw_texture3d_texture2d_half,1,6598.12,0.110879,SKIPPED,,1,55,63,2800,2.0,2026-10-05T04:15:43Z
4w,F1,f00,t128x128k32g44s32gaciw,llama-3.2-1b,wq_wo,2048,2048,2048,sarc_dev_780m_x_linear_q4gsw_coopmat_t128x128k32g44s32gaciw_texture3d_texture2d_half,1,3139,0.144694,SKIPPED,,1,55,63,2800,2.0,2026-10-05T04:15:43Z
4w,F1,f00,t128x128k32g44s32f32xpiw,llama-3.1-8b,wq_wo,2048,4096,4096,sarc_dev_780m_x_linear_q4gsw_coopmat_t128x128k32g44s32f32xpiw_texture3d_texture2d_half,1,8537.82,0.0871125,SKIPPED,,1,53,67,2800,2.0,2026-10-05T04:15:45Z
4w,F1,f00,t128x128k32g44s32f32xpiw,llama-3.2-3b,wq_wo,2048,3072,3072,sarc_dev_780m_x_linear_q4gsw_coopmat_t128x128k32g44s32f32xpiw_texture3d_texture2d_half,1,5226.6,0.135157,SKIPPED,,1,53,67,2800,2.0,2026-10-05T04:15:45Z
4w,F1,f00,t128x128k32g44s32f32xpiw,llama-3.2-1b,wq_wo,2048,2048,2048,sarc_dev_780m_x_linear_q4gsw_coopmat_t128x128k32g44s32f32xpiw_texture3d_texture2d_half,1,2441.1,0.147721,SKIPPED,,1,53,67,2800,2.0,2026-10-05T04:15:45Z
4w,F1,f00,t128x128k32g44s32f32biw,llama-3.1-8b,wq_wo,2048,4096,4096,sarc_dev_780m_x_linear_q4gsw_coopmat_t128x128k32g44s32f32biw_texture3d_texture2d_half,1,8597.3,0.0912317,SKIPPED,,1,54,67,2800,2.0,2026-10-05T04:15:47Z
4w,F1,f00,t128x128k32g44s32f32biw,llama-3.2-3b,wq_wo,2048,3072,3072,sarc_dev_780m_x_linear_q4gsw_coopmat_t128x128k32g44s32f32biw_texture3d_texture2d_half,1,5189.64,0.127901,SKIPPED,,1,54,67,2800,2.0,2026-10-05T04:15:47Z
4w,F1,f00,t128x128k32g44s32f32biw,llama-3.2-1b,wq_wo,2048,2048,2048,sarc_dev_780m_x_linear_q4gsw_coopmat_t128x128k32g44s32f32biw_texture3d_texture2d_half,1,2443.1,0.145937,SKIPPED,,1,54,67,2800,2.0,2026-10-05T04:15:47Z
4w,F1,f00,t128x128k32g44s32f32cfliw,llama-3.1-8b,wq_wo,2048,4096,4096,sarc_dev_780m_x_linear_q4gsw_coopmat_t128x128k32g44s32f32cfliw_texture3d_texture2d_half,1,10237.5,0.0586011,SKIPPED,,1,54,63,2800,2.0,2026-10-05T04:15:49Z
4w,F1,f00,t128x128k32g44s32f32cfliw,llama-3.2-3b,wq_wo,2048,3072,3072,sarc_dev_780m_x_linear_q4gsw_coopmat_t128x128k32g44s32f32cfliw_texture3d_texture2d_half,1,6258.1,0.124649,SKIPPED,,1,54,63,2800,2.0,2026-10-05T04:15:49Z
4w,F1,f00,t128x128k32g44s32f32cfliw,llama-3.2-1b,wq_wo,2048,2048,2048,sarc_dev_780m_x_linear_q4gsw_coopmat_t128x128k32g44s32f32cfliw_texture3d_texture2d_half,1,2949.58,0.145242,SKIPPED,,1,54,63,2800,2.0,2026-10-05T04:15:49Z
4w,F1,f00,t128x128k32g44s32f32ciiw,llama-3.1-8b,wq_wo,2048,4096,4096,sarc_dev_780m_x_linear_q4gsw_coopmat_t128x128k32g44s32f32ciiw_texture3d_texture2d_half,1,8665.52,0.10025,SKIPPED,,1,53,66,2800,2.0,2026-10-05T04:15:51Z
4w,F1,f00,t128x128k32g44s32f32ciiw,llama-3.2-3b,wq_wo,2048,3072,3072,sarc_dev_780m_x_linear_q4gsw_coopmat_t128x128k32g44s32f32ciiw_texture3d_texture2d_half,1,5167.9,0.121136,SKIPPED,,1,53,66,2800,2.0,2026-10-05T04:15:51Z
4w,F1,f00,t128x128k32g44s32f32ciiw,llama-3.2-1b,wq_wo,2048,2048,2048,sarc_dev_780m_x_linear_q4gsw_coopmat_t128x128k32g44s32f32ciiw_texture3d_texture2d_half,1,2442.04,0.145646,SKIPPED,,1,53,66,2800,2.0,2026-10-05T04:15:51Z
4w,F1,f00,t128x128k32g44s32f32ciwbt,llama-3.1-8b,wq_wo,2048,4096,4096,sarc_dev_780m_x_linear_q4gsw_coopmat_t128x128k32g44s32f32ciwbt_texture3d_texture2d_half,1,8118.4,0.105127,SKIPPED,,1,54,67,2800,2.0,2026-10-05T04:15:53Z
4w,F1,f00,t128x128k32g44s32f32ciwbt,llama-3.2-3b,wq_wo,2048,3072,3072,sarc_dev_780m_x_linear_q4gsw_coopmat_t128x128k32g44s32f32ciwbt_texture3d_texture2d_half,1,4956.14,0.14181,SKIPPED,,1,54,67,2800,2.0,2026-10-05T04:15:53Z
4w,F1,f00,t128x128k32g44s32f32ciwbt,llama-3.2-1b,wq_wo,2048,2048,2048,sarc_dev_780m_x_linear_q4gsw_coopmat_t128x128k32g44s32f32ciwbt_texture3d_texture2d_half,1,2160.5,0.137354,SKIPPED,,1,54,67,2800,2.0,2026-10-05T04:15:53Z
4w,F1,f01,bx_t128x128k32g44s32f32ciw,llama-3.1-8b,wq_wo,2048,4096,4096,sarc_dev_780m_x_linear_q4gsw_coopmat_bx_t128x128k32g44s32f32ciw_texture3d_texture2d_half,1,8588.58,0.0956832,SKIPPED,,1,54,67,2800,2.0,2026-10-05T04:15:55Z
4w,F1,f01,bx_t128x128k32g44s32f32ciw,llama-3.2-3b,wq_wo,2048,3072,3072,sarc_dev_780m_x_linear_q4gsw_coopmat_bx_t128x128k32g44s32f32ciw_texture3d_texture2d_half,1,5208.58,0.128135,SKIPPED,,1,54,67,2800,2.0,2026-10-05T04:15:55Z
4w,F1,f01,bx_t128x128k32g44s32f32ciw,llama-3.2-1b,wq_wo,2048,2048,2048,sarc_dev_780m_x_linear_q4gsw_coopmat_bx_t128x128k32g44s32f32ciw_texture3d_texture2d_half,1,2430.06,0.140472,SKIPPED,,1,54,67,2800,2.0,2026-10-05T04:15:55Z
4w,F1,f01,t128x128k32g42s64ciw,llama-3.1-8b,wq_wo,2048,4096,4096,sarc_dev_780m_x_linear_q4gsw_coopmat_t128x128k32g42s64ciw_texture3d_texture2d_half,1,14417.4,0.0353934,SKIPPED,,1,54,62,2800,2.1,2026-10-05T04:15:57Z
4w,F1,f01,t128x128k32g42s64ciw,llama-3.2-3b,wq_wo,2048,3072,3072,sarc_dev_780m_x_linear_q4gsw_coopmat_t128x128k32g42s64ciw_texture3d_texture2d_half,1,8236.72,0.0929524,SKIPPED,,1,54,62,2800,2.1,2026-10-05T04:15:57Z
4w,F1,f01,t128x128k32g42s64ciw,llama-3.2-1b,wq_wo,2048,2048,2048,sarc_dev_780m_x_linear_q4gsw_coopmat_t128x128k32g42s64ciw_texture3d_texture2d_half,1,3998.86,0.138223,SKIPPED,,1,54,62,2800,2.1,2026-10-05T04:15:57Z
4w,F1,f01,t128x128k32g42s64gaciw,llama-3.1-8b,wq_wo,2048,4096,4096,sarc_dev_780m_x_linear_q4gsw_coopmat_t128x128k32g42s64gaciw_texture3d_texture2d_half,1,13941.7,0.0361267,SKIPPED,,1,54,61,2800,2.0,2026-10-05T04:15:59Z
4w,F1,f01,t128x128k32g42s64gaciw,llama-3.2-3b,wq_wo,2048,3072,3072,sarc_dev_780m_x_linear_q4gsw_coopmat_t128x128k32g42s64gaciw_texture3d_texture2d_half,1,8103.8,0.0929135,SKIPPED,,1,54,61,2800,2.0,2026-10-05T04:15:59Z
4w,F1,f01,t128x128k32g42s64gaciw,llama-3.2-1b,wq_wo,2048,2048,2048,sarc_dev_780m_x_linear_q4gsw_coopmat_t128x128k32g42s64gaciw_texture3d_texture2d_half,1,3909.62,0.142065,SKIPPED,,1,54,61,2800,2.0,2026-10-05T04:15:59Z
4w,F1,f01,t128x128k32g42s64f32iw,llama-3.1-8b,wq_wo,2048,4096,4096,sarc_dev_780m_x_linear_q4gsw_coopmat_t128x128k32g42s64f32iw_texture3d_texture2d_half,1,10016.5,0.0626439,SKIPPED,,1,53,63,2800,2.0,2026-10-05T04:16:01Z
4w,F1,f01,t128x128k32g42s64f32iw,llama-3.2-3b,wq_wo,2048,3072,3072,sarc_dev_780m_x_linear_q4gsw_coopmat_t128x128k32g42s64f32iw_texture3d_texture2d_half,1,6249.84,0.123686,SKIPPED,,1,53,63,2800,2.0,2026-10-05T04:16:01Z
4w,F1,f01,t128x128k32g42s64f32iw,llama-3.2-1b,wq_wo,2048,2048,2048,sarc_dev_780m_x_linear_q4gsw_coopmat_t128x128k32g42s64f32iw_texture3d_texture2d_half,1,2933.92,0.144744,SKIPPED,,1,53,63,2800,2.0,2026-10-05T04:16:01Z
4w,F1,f01,t128x128k32g42s64f32xpiw,llama-3.1-8b,wq_wo,2048,4096,4096,sarc_dev_780m_x_linear_q4gsw_coopmat_t128x128k32g42s64f32xpiw_texture3d_texture2d_half,1,9941.88,0.0661514,SKIPPED,,1,54,63,2800,2.0,2026-10-05T04:16:03Z
4w,F1,f01,t128x128k32g42s64f32xpiw,llama-3.2-3b,wq_wo,2048,3072,3072,sarc_dev_780m_x_linear_q4gsw_coopmat_t128x128k32g42s64f32xpiw_texture3d_texture2d_half,1,6246.38,0.133221,SKIPPED,,1,54,63,2800,2.0,2026-10-05T04:16:03Z
4w,F1,f01,t128x128k32g42s64f32xpiw,llama-3.2-1b,wq_wo,2048,2048,2048,sarc_dev_780m_x_linear_q4gsw_coopmat_t128x128k32g42s64f32xpiw_texture3d_texture2d_half,1,2928.12,0.150399,SKIPPED,,1,54,63,2800,2.0,2026-10-05T04:16:03Z
4w,F1,f01,t128x128k32g42s64f32biw,llama-3.1-8b,wq_wo,2048,4096,4096,sarc_dev_780m_x_linear_q4gsw_coopmat_t128x128k32g42s64f32biw_texture3d_texture2d_half,1,10093,0.0575455,SKIPPED,,1,54,63,2800,2.0,2026-10-05T04:16:05Z
4w,F1,f01,t128x128k32g42s64f32biw,llama-3.2-3b,wq_wo,2048,3072,3072,sarc_dev_780m_x_linear_q4gsw_coopmat_t128x128k32g42s64f32biw_texture3d_texture2d_half,1,6150,0.120734,SKIPPED,,1,54,63,2800,2.0,2026-10-05T04:16:05Z
4w,F1,f01,t128x128k32g42s64f32biw,llama-3.2-1b,wq_wo,2048,2048,2048,sarc_dev_780m_x_linear_q4gsw_coopmat_t128x128k32g42s64f32biw_texture3d_texture2d_half,1,2907.6,0.145551,SKIPPED,,1,54,63,2800,2.0,2026-10-05T04:16:05Z
4w,F1,f01,t128x128k32g42s64f32cfliw,llama-3.1-8b,wq_wo,2048,4096,4096,sarc_dev_780m_x_linear_q4gsw_coopmat_t128x128k32g42s64f32cfliw_texture3d_texture2d_half,1,13688.6,0.0529438,SKIPPED,,1,54,63,2800,2.0,2026-10-05T04:16:07Z
4w,F1,f01,t128x128k32g42s64f32cfliw,llama-3.2-3b,wq_wo,2048,3072,3072,sarc_dev_780m_x_linear_q4gsw_coopmat_t128x128k32g42s64f32cfliw_texture3d_texture2d_half,1,8059.46,0.109478,SKIPPED,,1,54,63,2800,2.0,2026-10-05T04:16:07Z
4w,F1,f01,t128x128k32g42s64f32cfliw,llama-3.2-1b,wq_wo,2048,2048,2048,sarc_dev_780m_x_linear_q4gsw_coopmat_t128x128k32g42s64f32cfliw_texture3d_texture2d_half,1,3979.56,0.146601,SKIPPED,,1,54,63,2800,2.0,2026-10-05T04:16:07Z
4w,F1,f01,t128x128k32g42s64f32ciiw,llama-3.1-8b,wq_wo,2048,4096,4096,sarc_dev_780m_x_linear_q4gsw_coopmat_t128x128k32g42s64f32ciiw_texture3d_texture2d_half,1,9967.04,0.0677423,SKIPPED,,1,54,66,2800,2.0,2026-10-05T04:16:09Z
4w,F1,f01,t128x128k32g42s64f32ciiw,llama-3.2-3b,wq_wo,2048,3072,3072,sarc_dev_780m_x_linear_q4gsw_coopmat_t128x128k32g42s64f32ciiw_texture3d_texture2d_half,1,6197.8,0.122756,SKIPPED,,1,54,66,2800,2.0,2026-10-05T04:16:09Z
4w,F1,f01,t128x128k32g42s64f32ciiw,llama-3.2-1b,wq_wo,2048,2048,2048,sarc_dev_780m_x_linear_q4gsw_coopmat_t128x128k32g42s64f32ciiw_texture3d_texture2d_half,1,2885.68,0.143878,SKIPPED,,1,54,66,2800,2.0,2026-10-05T04:16:09Z
4w,F1,f01,t128x128k32g42s64f32ciwbt,llama-3.1-8b,wq_wo,2048,4096,4096,sarc_dev_780m_x_linear_q4gsw_coopmat_t128x128k32g42s64f32ciwbt_texture3d_texture2d_half,1,8865.34,0.0980749,SKIPPED,,1,54,66,2800,2.0,2026-10-05T04:16:11Z
4w,F1,f01,t128x128k32g42s64f32ciwbt,llama-3.2-3b,wq_wo,2048,3072,3072,sarc_dev_780m_x_linear_q4gsw_coopmat_t128x128k32g42s64f32ciwbt_texture3d_texture2d_half,1,5772.06,0.136937,SKIPPED,,1,54,66,2800,2.0,2026-10-05T04:16:11Z
4w,F1,f01,t128x128k32g42s64f32ciwbt,llama-3.2-1b,wq_wo,2048,2048,2048,sarc_dev_780m_x_linear_q4gsw_coopmat_t128x128k32g42s64f32ciwbt_texture3d_texture2d_half,1,2551.4,0.142352,SKIPPED,,1,54,66,2800,2.0,2026-10-05T04:16:11Z
4w,F1,f01,bx_t128x128k32g42s64f32ciw,llama-3.1-8b,wq_wo,2048,4096,4096,sarc_dev_780m_x_linear_q4gsw_coopmat_bx_t128x128k32g42s64f32ciw_texture3d_texture2d_half,1,10042.2,0.0599129,SKIPPED,,1,55,66,2800,2.0,2026-10-05T04:16:14Z
4w,F1,f01,bx_t128x128k32g42s64f32ciw,llama-3.2-3b,wq_wo,2048,3072,3072,sarc_dev_780m_x_linear_q4gsw_coopmat_bx_t128x128k32g42s64f32ciw_texture3d_texture2d_half,1,6259,0.132137,SKIPPED,,1,55,66,2800,2.0,2026-10-05T04:16:14Z
4w,F1,f01,bx_t128x128k32g42s64f32ciw,llama-3.2-1b,wq_wo,2048,2048,2048,sarc_dev_780m_x_linear_q4gsw_coopmat_bx_t128x128k32g42s64f32ciw_texture3d_texture2d_half,1,2954.18,0.163269,SKIPPED,,1,55,66,2800,2.0,2026-10-05T04:16:14Z
4w,F1,f01,t128x128k32g42s32iw,llama-3.1-8b,wq_wo,2048,4096,4096,sarc_dev_780m_x_linear_q4gsw_coopmat_t128x128k32g42s32iw_texture3d_texture2d_half,1,8573.6,0.0968717,SKIPPED,,1,55,66,2800,2.0,2026-10-05T04:16:16Z
4w,F1,f01,t128x128k32g42s32iw,llama-3.2-3b,wq_wo,2048,3072,3072,sarc_dev_780m_x_linear_q4gsw_coopmat_t128x128k32g42s32iw_texture3d_texture2d_half,1,5306.24,0.134402,SKIPPED,,1,55,66,2800,2.0,2026-10-05T04:16:16Z
4w,F1,f01,t128x128k32g42s32iw,llama-3.2-1b,wq_wo,2048,2048,2048,sarc_dev_780m_x_linear_q4gsw_coopmat_t128x128k32g42s32iw_texture3d_texture2d_half,1,2419.72,0.148552,SKIPPED,,1,55,66,2800,2.0,2026-10-05T04:16:16Z
4w,F1,f01,t128x128k32g42s32xpiw,llama-3.1-8b,wq_wo,2048,4096,4096,sarc_dev_780m_x_linear_q4gsw_coopmat_t128x128k32g42s32xpiw_texture3d_texture2d_half,1,8607.88,0.100563,SKIPPED,,1,55,65,2800,2.0,2026-10-05T04:16:18Z
4w,F1,f01,t128x128k32g42s32xpiw,llama-3.2-3b,wq_wo,2048,3072,3072,sarc_dev_780m_x_linear_q4gsw_coopmat_t128x128k32g42s32xpiw_texture3d_texture2d_half,1,5248.28,0.130392,SKIPPED,,1,55,65,2800,2.0,2026-10-05T04:16:18Z
4w,F1,f01,t128x128k32g42s32xpiw,llama-3.2-1b,wq_wo,2048,2048,2048,sarc_dev_780m_x_linear_q4gsw_coopmat_t128x128k32g42s32xpiw_texture3d_texture2d_half,1,2414.56,0.143758,SKIPPED,,1,55,65,2800,2.0,2026-10-05T04:16:18Z
4w,F1,f01,t128x128k32g42s32biw,llama-3.1-8b,wq_wo,2048,4096,4096,sarc_dev_780m_x_linear_q4gsw_coopmat_t128x128k32g42s32biw_texture3d_texture2d_half,1,8639.12,0.0947774,SKIPPED,,1,54,65,2800,2.0,2026-10-05T04:16:20Z
4w,F1,f01,t128x128k32g42s32biw,llama-3.2-3b,wq_wo,2048,3072,3072,sarc_dev_780m_x_linear_q4gsw_coopmat_t128x128k32g42s32biw_texture3d_texture2d_half,1,5226.1,0.129906,SKIPPED,,1,54,65,2800,2.0,2026-10-05T04:16:20Z
4w,F1,f01,t128x128k32g42s32biw,llama-3.2-1b,wq_wo,2048,2048,2048,sarc_dev_780m_x_linear_q4gsw_coopmat_t128x128k32g42s32biw_texture3d_texture2d_half,1,2422.64,0.144681,SKIPPED,,1,54,65,2800,2.0,2026-10-05T04:16:20Z
4w,F1,f01,t128x128k32g42s32cfliw,llama-3.1-8b,wq_wo,2048,4096,4096,sarc_dev_780m_x_linear_q4gsw_coopmat_t128x128k32g42s32cfliw_texture3d_texture2d_half,1,9540.84,0.0684848,SKIPPED,,1,55,64,2800,2.0,2026-10-05T04:16:22Z
4w,F1,f01,t128x128k32g42s32cfliw,llama-3.2-3b,wq_wo,2048,3072,3072,sarc_dev_780m_x_linear_q4gsw_coopmat_t128x128k32g42s32cfliw_texture3d_texture2d_half,1,6109.32,0.135348,SKIPPED,,1,55,64,2800,2.0,2026-10-05T04:16:22Z
4w,F1,f01,t128x128k32g42s32cfliw,llama-3.2-1b,wq_wo,2048,2048,2048,sarc_dev_780m_x_linear_q4gsw_coopmat_t128x128k32g42s32cfliw_texture3d_texture2d_half,1,2816.86,0.152419,SKIPPED,,1,55,64,2800,2.0,2026-10-05T04:16:22Z
4w,F1,f01,t128x128k32g42s32ciiw,llama-3.1-8b,wq_wo,2048,4096,4096,sarc_dev_780m_x_linear_q4gsw_coopmat_t128x128k32g42s32ciiw_texture3d_texture2d_half,1,8578.82,0.0967643,SKIPPED,,1,54,66,2800,2.0,2026-10-05T04:16:24Z
4w,F1,f01,t128x128k32g42s32ciiw,llama-3.2-3b,wq_wo,2048,3072,3072,sarc_dev_780m_x_linear_q4gsw_coopmat_t128x128k32g42s32ciiw_texture3d_texture2d_half,1,5237.58,0.132375,SKIPPED,,1,54,66,2800,2.0,2026-10-05T04:16:24Z
4w,F1,f01,t128x128k32g42s32ciiw,llama-3.2-1b,wq_wo,2048,2048,2048,sarc_dev_780m_x_linear_q4gsw_coopmat_t128x128k32g42s32ciiw_texture3d_texture2d_half,1,2430.86,0.14518,SKIPPED,,1,54,66,2800,2.0,2026-10-05T04:16:24Z
4w,F1,f01,t128x128k32g42s32ciwbt,llama-3.1-8b,wq_wo,2048,4096,4096,sarc_dev_780m_x_linear_q4gsw_coopmat_t128x128k32g42s32ciwbt_texture3d_texture2d_half,1,8644.8,0.0887103,SKIPPED,,1,55,63,2800,2.0,2026-10-05T04:16:26Z
4w,F1,f01,t128x128k32g42s32ciwbt,llama-3.2-3b,wq_wo,2048,3072,3072,sarc_dev_780m_x_linear_q4gsw_coopmat_t128x128k32g42s32ciwbt_texture3d_texture2d_half,1,5258.6,0.130371,SKIPPED,,1,55,63,2800,2.0,2026-10-05T04:16:26Z
4w,F1,f01,t128x128k32g42s32ciwbt,llama-3.2-1b,wq_wo,2048,2048,2048,sarc_dev_780m_x_linear_q4gsw_coopmat_t128x128k32g42s32ciwbt_texture3d_texture2d_half,1,2499.18,0.155255,SKIPPED,,1,55,63,2800,2.0,2026-10-05T04:16:26Z
4w,F1,f01,bx_t128x128k32g42s32ciw,llama-3.1-8b,wq_wo,2048,4096,4096,sarc_dev_780m_x_linear_q4gsw_coopmat_bx_t128x128k32g42s32ciw_texture3d_texture2d_half,1,8632.1,0.0946691,SKIPPED,,1,54,64,2800,2.0,2026-10-05T04:16:28Z
4w,F1,f01,bx_t128x128k32g42s32ciw,llama-3.2-3b,wq_wo,2048,3072,3072,sarc_dev_780m_x_linear_q4gsw_coopmat_bx_t128x128k32g42s32ciw_texture3d_texture2d_half,1,5236.3,0.128337,SKIPPED,,1,54,64,2800,2.0,2026-10-05T04:16:28Z
4w,F1,f01,bx_t128x128k32g42s32ciw,llama-3.2-1b,wq_wo,2048,2048,2048,sarc_dev_780m_x_linear_q4gsw_coopmat_bx_t128x128k32g42s32ciw_texture3d_texture2d_half,1,2446.58,0.146043,SKIPPED,,1,54,64,2800,2.0,2026-10-05T04:16:28Z
4w,F1,f01,t128x128k32g42s32gaiw,llama-3.1-8b,wq_wo,2048,4096,4096,sarc_dev_780m_x_linear_q4gsw_coopmat_t128x128k32g42s32gaiw_texture3d_texture2d_half,1,8428.94,0.0962937,SKIPPED,,1,54,65,2800,2.0,2026-10-05T04:16:30Z
4w,F1,f01,t128x128k32g42s32gaiw,llama-3.2-3b,wq_wo,2048,3072,3072,sarc_dev_780m_x_linear_q4gsw_coopmat_t128x128k32g42s32gaiw_texture3d_texture2d_half,1,5239.74,0.136685,SKIPPED,,1,54,65,2800,2.0,2026-10-05T04:16:30Z
4w,F1,f01,t128x128k32g42s32gaiw,llama-3.2-1b,wq_wo,2048,2048,2048,sarc_dev_780m_x_linear_q4gsw_coopmat_t128x128k32g42s32gaiw_texture3d_texture2d_half,1,2397.46,0.143011,SKIPPED,,1,54,65,2800,2.0,2026-10-05T04:16:30Z
4w,F1,f01,t128x128k32g42s32gaxpiw,llama-3.1-8b,wq_wo,2048,4096,4096,sarc_dev_780m_x_linear_q4gsw_coopmat_t128x128k32g42s32gaxpiw_texture3d_texture2d_half,1,8405.1,0.0841396,SKIPPED,,1,54,65,2800,2.0,2026-10-05T04:16:32Z
4w,F1,f01,t128x128k32g42s32gaxpiw,llama-3.2-3b,wq_wo,2048,3072,3072,sarc_dev_780m_x_linear_q4gsw_coopmat_t128x128k32g42s32gaxpiw_texture3d_texture2d_half,1,5234.96,0.131993,SKIPPED,,1,54,65,2800,2.0,2026-10-05T04:16:32Z
4w,F1,f01,t128x128k32g42s32gaxpiw,llama-3.2-1b,wq_wo,2048,2048,2048,sarc_dev_780m_x_linear_q4gsw_coopmat_t128x128k32g42s32gaxpiw_texture3d_texture2d_half,1,2388.72,0.142072,SKIPPED,,1,54,65,2800,2.0,2026-10-05T04:16:32Z
4w,F1,f01,t128x128k32g42s32gabiw,llama-3.1-8b,wq_wo,2048,4096,4096,sarc_dev_780m_x_linear_q4gsw_coopmat_t128x128k32g42s32gabiw_texture3d_texture2d_half,1,8494.56,0.102987,SKIPPED,,1,55,64,2800,2.0,2026-10-05T04:16:34Z
4w,F1,f01,t128x128k32g42s32gabiw,llama-3.2-3b,wq_wo,2048,3072,3072,sarc_dev_780m_x_linear_q4gsw_coopmat_t128x128k32g42s32gabiw_texture3d_texture2d_half,1,5191.64,0.135729,SKIPPED,,1,55,64,2800,2.0,2026-10-05T04:16:34Z
4w,F1,f01,t128x128k32g42s32gabiw,llama-3.2-1b,wq_wo,2048,2048,2048,sarc_dev_780m_x_linear_q4gsw_coopmat_t128x128k32g42s32gabiw_texture3d_texture2d_half,1,2423.5,0.144755,SKIPPED,,1,55,64,2800,2.0,2026-10-05T04:16:34Z
4w,F1,f01,t128x128k32g42s32gacfliw,llama-3.1-8b,wq_wo,2048,4096,4096,sarc_dev_780m_x_linear_q4gsw_coopmat_t128x128k32g42s32gacfliw_texture3d_texture2d_half,1,9321.48,0.0699985,SKIPPED,,1,55,65,2800,2.0,2026-10-05T04:16:36Z
4w,F1,f01,t128x128k32g42s32gacfliw,llama-3.2-3b,wq_wo,2048,3072,3072,sarc_dev_780m_x_linear_q4gsw_coopmat_t128x128k32g42s32gacfliw_texture3d_texture2d_half,1,5927.74,0.130643,SKIPPED,,1,55,65,2800,2.0,2026-10-05T04:16:36Z
4w,F1,f01,t128x128k32g42s32gacfliw,llama-3.2-1b,wq_wo,2048,2048,2048,sarc_dev_780m_x_linear_q4gsw_coopmat_t128x128k32g42s32gacfliw_texture3d_texture2d_half,1,2706.42,0.14877,SKIPPED,,1,55,65,2800,2.0,2026-10-05T04:16:36Z
4w,F1,f01,t128x128k32g42s32gaciiw,llama-3.1-8b,wq_wo,2048,4096,4096,sarc_dev_780m_x_linear_q4gsw_coopmat_t128x128k32g42s32gaciiw_texture3d_texture2d_half,1,8516.08,0.105778,SKIPPED,,1,55,64,2800,2.0,2026-10-05T04:16:38Z
4w,F1,f01,t128x128k32g42s32gaciiw,llama-3.2-3b,wq_wo,2048,3072,3072,sarc_dev_780m_x_linear_q4gsw_coopmat_t128x128k32g42s32gaciiw_texture3d_texture2d_half,1,5221.6,0.134819,SKIPPED,,1,55,64,2800,2.0,2026-10-05T04:16:38Z
4w,F1,f01,t128x128k32g42s32gaciiw,llama-3.2-1b,wq_wo,2048,2048,2048,sarc_dev_780m_x_linear_q4gsw_coopmat_t128x128k32g42s32gaciiw_texture3d_texture2d_half,1,2461.42,0.15622,SKIPPED,,1,55,64,2800,2.0,2026-10-05T04:16:38Z
4w,F1,f01,t128x128k32g42s32gaciwbt,llama-3.1-8b,wq_wo,2048,4096,4096,sarc_dev_780m_x_linear_q4gsw_coopmat_t128x128k32g42s32gaciwbt_texture3d_texture2d_half,1,8681.9,0.0976598,SKIPPED,,1,54,65,2800,2.0,2026-10-05T04:16:40Z
4w,F1,f01,t128x128k32g42s32gaciwbt,llama-3.2-3b,wq_wo,2048,3072,3072,sarc_dev_780m_x_linear_q4gsw_coopmat_t128x128k32g42s32gaciwbt_texture3d_texture2d_half,1,5234.3,0.128475,SKIPPED,,1,54,65,2800,2.0,2026-10-05T04:16:40Z
4w,F1,f01,t128x128k32g42s32gaciwbt,llama-3.2-1b,wq_wo,2048,2048,2048,sarc_dev_780m_x_linear_q4gsw_coopmat_t128x128k32g42s32gaciwbt_texture3d_texture2d_half,1,2453.26,0.147543,SKIPPED,,1,54,65,2800,2.0,2026-10-05T04:16:40Z
4w,F1,f01,bx_t128x128k32g42s32gaciw,llama-3.1-8b,wq_wo,2048,4096,4096,sarc_dev_780m_x_linear_q4gsw_coopmat_bx_t128x128k32g42s32gaciw_texture3d_texture2d_half,1,8526,0.104191,SKIPPED,,1,56,64,2800,2.0,2026-10-05T04:16:42Z
4w,F1,f01,bx_t128x128k32g42s32gaciw,llama-3.2-3b,wq_wo,2048,3072,3072,sarc_dev_780m_x_linear_q4gsw_coopmat_bx_t128x128k32g42s32gaciw_texture3d_texture2d_half,1,5357,0.149018,SKIPPED,,1,56,64,2800,2.0,2026-10-05T04:16:42Z
4w,F1,f01,bx_t128x128k32g42s32gaciw,llama-3.2-1b,wq_wo,2048,2048,2048,sarc_dev_780m_x_linear_q4gsw_coopmat_bx_t128x128k32g42s32gaciw_texture3d_texture2d_half,1,2409.9,0.14883,SKIPPED,,1,56,64,2800,2.0,2026-10-05T04:16:42Z
4w,F1,f01,t128x128k32g42s32griw,llama-3.1-8b,wq_wo,2048,4096,4096,sarc_dev_780m_x_linear_q4gsw_coopmat_t128x128k32g42s32griw_texture3d_texture2d_half,1,9709.8,0.0617264,SKIPPED,,1,56,67,2800,2.0,2026-10-05T04:16:44Z
4w,F1,f01,t128x128k32g42s32griw,llama-3.2-3b,wq_wo,2048,3072,3072,sarc_dev_780m_x_linear_q4gsw_coopmat_t128x128k32g42s32griw_texture3d_texture2d_half,1,5772.22,0.115341,SKIPPED,,1,56,67,2800,2.0,2026-10-05T04:16:44Z
4w,F1,f01,t128x128k32g42s32griw,llama-3.2-1b,wq_wo,2048,2048,2048,sarc_dev_780m_x_linear_q4gsw_coopmat_t128x128k32g42s32griw_texture3d_texture2d_half,1,2794.22,0.145912,SKIPPED,,1,56,67,2800,2.0,2026-10-05T04:16:44Z
4w,F1,f01,t128x128k32g42s32f32fliw,llama-3.1-8b,wq_wo,2048,4096,4096,sarc_dev_780m_x_linear_q4gsw_coopmat_t128x128k32g42s32f32fliw_texture3d_texture2d_half,1,8179.2,0.0890776,SKIPPED,,1,57,66,2800,2.0,2026-10-05T04:16:46Z
4w,F1,f01,t128x128k32g42s32f32fliw,llama-3.2-3b,wq_wo,2048,3072,3072,sarc_dev_780m_x_linear_q4gsw_coopmat_t128x128k32g42s32f32fliw_texture3d_texture2d_half,1,4729.48,0.118879,SKIPPED,,1,57,66,2800,2.0,2026-10-05T04:16:46Z
4w,F1,f01,t128x128k32g42s32f32fliw,llama-3.2-1b,wq_wo,2048,2048,2048,sarc_dev_780m_x_linear_q4gsw_coopmat_t128x128k32g42s32f32fliw_texture3d_texture2d_half,1,2294.3,0.147444,SKIPPED,,1,57,66,2800,2.0,2026-10-05T04:16:46Z
4w,F1,f01,t128x128k32g42s32f32iiw,llama-3.1-8b,wq_wo,2048,4096,4096,sarc_dev_780m_x_linear_q4gsw_coopmat_t128x128k32g42s32f32iiw_texture3d_texture2d_half,1,8200.4,0.104715,SKIPPED,,1,57,66,2800,2.0,2026-10-05T04:16:48Z
4w,F1,f01,t128x128k32g42s32f32iiw,llama-3.2-3b,wq_wo,2048,3072,3072,sarc_dev_780m_x_linear_q4gsw_coopmat_t128x128k32g42s32f32iiw_texture3d_texture2d_half,1,5194.46,0.157571,SKIPPED,,1,57,66,2800,2.0,2026-10-05T04:16:48Z
4w,F1,f01,t128x128k32g42s32f32iiw,llama-3.2-1b,wq_wo,2048,2048,2048,sarc_dev_780m_x_linear_q4gsw_coopmat_t128x128k32g42s32f32iiw_texture3d_texture2d_half,1,2186.76,0.134854,SKIPPED,,1,57,66,2800,2.0,2026-10-05T04:16:48Z
4w,F1,f01,t128x128k32g42s32f32iwbt,llama-3.1-8b,wq_wo,2048,4096,4096,sarc_dev_780m_x_linear_q4gsw_coopmat_t128x128k32g42s32f32iwbt_texture3d_texture2d_half,1,8079.74,0.111915,SKIPPED,,1,57,67,2800,2.0,2026-10-05T04:16:50Z
4w,F1,f01,t128x128k32g42s32f32iwbt,llama-3.2-3b,wq_wo,2048,3072,3072,sarc_dev_780m_x_linear_q4gsw_coopmat_t128x128k32g42s32f32iwbt_texture3d_texture2d_half,1,4724.32,0.119147,SKIPPED,,1,57,67,2800,2.0,2026-10-05T04:16:50Z
4w,F1,f01,t128x128k32g42s32f32iwbt,llama-3.2-1b,wq_wo,2048,2048,2048,sarc_dev_780m_x_linear_q4gsw_coopmat_t128x128k32g42s32f32iwbt_texture3d_texture2d_half,1,2105.22,0.133536,SKIPPED,,1,57,67,2800,2.0,2026-10-05T04:16:50Z
4w,F1,f01,t128x128k32g42s32f32iwh,llama-3.1-8b,wq_wo,2048,4096,4096,sarc_dev_780m_x_linear_q4gsw_coopmat_t128x128k32g42s32f32iwh_texture3d_texture2d_half,1,8395.84,0.0997909,SKIPPED,,1,57,63,2800,2.0,2026-10-05T04:16:52Z
4w,F1,f01,t128x128k32g42s32f32iwh,llama-3.2-3b,wq_wo,2048,3072,3072,sarc_dev_780m_x_linear_q4gsw_coopmat_t128x128k32g42s32f32iwh_texture3d_texture2d_half,1,5126.08,0.137606,SKIPPED,,1,57,63,2800,2.0,2026-10-05T04:16:52Z
4w,F1,f01,t128x128k32g42s32f32iwh,llama-3.2-1b,wq_wo,2048,2048,2048,sarc_dev_780m_x_linear_q4gsw_coopmat_t128x128k32g42s32f32iwh_texture3d_texture2d_half,1,2323.82,0.142749,SKIPPED,,1,57,63,2800,2.0,2026-10-05T04:16:52Z
4w,F1,f01,t128x128k32g42s32f32xfliw,llama-3.1-8b,wq_wo,2048,4096,4096,sarc_linear_q4gsw_coopmat_t128x128k32g42s32f32c_texture3d_texture2d_half,0,6799.02,0.105808,SKIPPED,,1,56,68,2800,1.9,2026-10-05T04:16:54Z
4w,F1,f01,t128x128k32g42s32f32xfliw,llama-3.2-3b,wq_wo,2048,3072,3072,sarc_linear_q4gsw_coopmat_t128x128k32g42s32f32c_texture3d_texture2d_half,0,4123.12,0.158472,SKIPPED,,1,56,68,2800,1.9,2026-10-05T04:16:54Z
4w,F1,f01,t128x128k32g42s32f32xfliw,llama-3.2-1b,wq_wo,2048,2048,2048,sarc_linear_q4gsw_coopmat_t128x128k32g42s32f32c_texture3d_texture2d_half,0,1818.5,0.1483,SKIPPED,,1,56,68,2800,1.9,2026-10-05T04:16:54Z
4w,F1,f01,t128x128k32g42s32f32xpiiw,llama-3.1-8b,wq_wo,2048,4096,4096,sarc_dev_780m_x_linear_q4gsw_coopmat_t128x128k32g42s32f32xpiiw_texture3d_texture2d_half,1,6694.62,0.0965001,SKIPPED,,1,57,69,2800,2.0,2026-10-05T04:16:56Z
4w,F1,f01,t128x128k32g42s32f32xpiiw,llama-3.2-3b,wq_wo,2048,3072,3072,sarc_dev_780m_x_linear_q4gsw_coopmat_t128x128k32g42s32f32xpiiw_texture3d_texture2d_half,1,4103.18,0.157189,SKIPPED,,1,57,69,2800,2.0,2026-10-05T04:16:56Z
4w,F1,f01,t128x128k32g42s32f32xpiiw,llama-3.2-1b,wq_wo,2048,2048,2048,sarc_dev_780m_x_linear_q4gsw_coopmat_t128x128k32g42s32f32xpiiw_texture3d_texture2d_half,1,1795.14,0.142439,SKIPPED,,1,57,69,2800,2.0,2026-10-05T04:16:56Z
4w,F1,f01,t128x128k32g42s32f32bfliw,llama-3.1-8b,wq_wo,2048,4096,4096,sarc_dev_780m_x_linear_q4gsw_coopmat_t128x128k32g42s32f32bfliw_texture3d_texture2d_half,1,8237.34,0.118082,SKIPPED,,1,57,63,2800,2.0,2026-10-05T04:16:58Z
4w,F1,f01,t128x128k32g42s32f32bfliw,llama-3.2-3b,wq_wo,2048,3072,3072,sarc_dev_780m_x_linear_q4gsw_coopmat_t128x128k32g42s32f32bfliw_texture3d_texture2d_half,1,5158.2,0.155842,SKIPPED,,1,57,63,2800,2.0,2026-10-05T04:16:58Z
4w,F1,f01,t128x128k32g42s32f32bfliw,llama-3.2-1b,wq_wo,2048,2048,2048,sarc_dev_780m_x_linear_q4gsw_coopmat_t128x128k32g42s32f32bfliw_texture3d_texture2d_half,1,2243.72,0.147934,SKIPPED,,1,57,63,2800,2.0,2026-10-05T04:16:58Z
4w,F1,f01,t128x128k32g42s32f32biiw,llama-3.1-8b,wq_wo,2048,4096,4096,sarc_dev_780m_x_linear_q4gsw_coopmat_t128x128k32g42s32f32biiw_texture3d_texture2d_half,1,7491.88,0.127315,SKIPPED,,1,56,68,2800,2.0,2026-10-05T04:17:00Z
4w,F1,f01,t128x128k32g42s32f32biiw,llama-3.2-3b,wq_wo,2048,3072,3072,sarc_dev_780m_x_linear_q4gsw_coopmat_t128x128k32g42s32f32biiw_texture3d_texture2d_half,1,4051.72,0.145285,SKIPPED,,1,56,68,2800,2.0,2026-10-05T04:17:00Z
4w,F1,f01,t128x128k32g42s32f32biiw,llama-3.2-1b,wq_wo,2048,2048,2048,sarc_dev_780m_x_linear_q4gsw_coopmat_t128x128k32g42s32f32biiw_texture3d_texture2d_half,1,1846.92,0.141808,SKIPPED,,1,56,68,2800,2.0,2026-10-05T04:17:00Z
4w,F1,f01,t128x128k32g42s32f32biwbt,llama-3.1-8b,wq_wo,2048,4096,4096,sarc_dev_780m_x_linear_q4gsw_coopmat_t128x128k32g42s32f32biwbt_texture3d_texture2d_half,1,8100.88,0.11079,SKIPPED,,1,57,67,2800,2.0,2026-10-05T04:17:02Z
4w,F1,f01,t128x128k32g42s32f32biwbt,llama-3.2-3b,wq_wo,2048,3072,3072,sarc_dev_780m_x_linear_q4gsw_coopmat_t128x128k32g42s32f32biwbt_texture3d_texture2d_half,1,4551.8,0.105729,SKIPPED,,1,57,67,2800,2.0,2026-10-05T04:17:02Z
4w,F1,f01,t128x128k32g42s32f32biwbt,llama-3.2-1b,wq_wo,2048,2048,2048,sarc_dev_780m_x_linear_q4gsw_coopmat_t128x128k32g42s32f32biwbt_texture3d_texture2d_half,1,2118.5,0.134042,SKIPPED,,1,57,67,2800,2.0,2026-10-05T04:17:02Z
4w,F1,f01,t128x128k32g42s32f32biwh,llama-3.1-8b,wq_wo,2048,4096,4096,sarc_dev_780m_x_linear_q4gsw_coopmat_t128x128k32g42s32f32biwh_texture3d_texture2d_half,1,7548.78,0.124514,SKIPPED,,1,58,68,2800,2.0,2026-10-05T04:17:04Z
4w,F1,f01,t128x128k32g42s32f32biwh,llama-3.2-3b,wq_wo,2048,3072,3072,sarc_dev_780m_x_linear_q4gsw_coopmat_t128x128k32g42s32f32biwh_texture3d_texture2d_half,1,4365.98,0.146353,SKIPPED,,1,58,68,2800,2.0,2026-10-05T04:17:04Z
4w,F1,f01,t128x128k32g42s32f32biwh,llama-3.2-1b,wq_wo,2048,2048,2048,sarc_dev_780m_x_linear_q4gsw_coopmat_t128x128k32g42s32f32biwh_texture3d_texture2d_half,1,1882.96,0.141525,SKIPPED,,1,58,68,2800,2.0,2026-10-05T04:17:04Z
4w,F1,f01,t128x128k32g42s32f32cfliiw,llama-3.1-8b,wq_wo,2048,4096,4096,sarc_dev_780m_x_linear_q4gsw_coopmat_t128x128k32g42s32f32cfliiw_texture3d_texture2d_half,1,8056.04,0.107961,SKIPPED,,1,58,65,2800,2.0,2026-10-05T04:17:06Z
4w,F1,f01,t128x128k32g42s32f32cfliiw,llama-3.2-3b,wq_wo,2048,3072,3072,sarc_dev_780m_x_linear_q4gsw_coopmat_t128x128k32g42s32f32cfliiw_texture3d_texture2d_half,1,5198,0.159867,SKIPPED,,1,58,65,2800,2.0,2026-10-05T04:17:06Z
4w,F1,f01,t128x128k32g42s32f32cfliiw,llama-3.2-1b,wq_wo,2048,2048,2048,sarc_dev_780m_x_linear_q4gsw_coopmat_t128x128k32g42s32f32cfliiw_texture3d_texture2d_half,1,2271.5,0.153387,SKIPPED,,1,58,65,2800,2.0,2026-10-05T04:17:06Z
4w,F1,f01,t128x128k32g42s32f32ciiwbt,llama-3.1-8b,wq_wo,2048,4096,4096,sarc_dev_780m_x_linear_q4gsw_coopmat_t128x128k32g42s32f32ciiwbt_texture3d_texture2d_half,1,6784.18,0.0997931,SKIPPED,,1,57,68,2800,2.0,2026-10-05T04:17:08Z
4w,F1,f01,t128x128k32g42s32f32ciiwbt,llama-3.2-3b,wq_wo,2048,3072,3072,sarc_dev_780m_x_linear_q4gsw_coopmat_t128x128k32g42s32f32ciiwbt_texture3d_texture2d_half,1,3902.48,0.12168,SKIPPED,,1,57,68,2800,2.0,2026-10-05T04:17:08Z
4w,F1,f01,t128x128k32g42s32f32ciiwbt,llama-3.2-1b,wq_wo,2048,2048,2048,sarc_dev_780m_x_linear_q4gsw_coopmat_t128x128k32g42s32f32ciiwbt_texture3d_texture2d_half,1,1825.96,0.143307,SKIPPED,,1,57,68,2800,2.0,2026-10-05T04:17:08Z
4w,F1,f01,bx_t128x128k32g42s32f32ciiw,llama-3.1-8b,wq_wo,2048,4096,4096,sarc_dev_780m_x_linear_q4gsw_coopmat_bx_t128x128k32g42s32f32ciiw_texture3d_texture2d_half,1,7905.76,0.113009,SKIPPED,,1,58,69,2800,2.0,2026-10-05T04:17:10Z
4w,F1,f01,bx_t128x128k32g42s32f32ciiw,llama-3.2-3b,wq_wo,2048,3072,3072,sarc_dev_780m_x_linear_q4gsw_coopmat_bx_t128x128k32g42s32f32ciiw_texture3d_texture2d_half,1,4459.52,0.131802,SKIPPED,,1,58,69,2800,2.0,2026-10-05T04:17:10Z
4w,F1,f01,bx_t128x128k32g42s32f32ciiw,llama-3.2-1b,wq_wo,2048,2048,2048,sarc_dev_780m_x_linear_q4gsw_coopmat_bx_t128x128k32g42s32f32ciiw_texture3d_texture2d_half,1,1945.86,0.13541,SKIPPED,,1,58,69,2800,2.0,2026-10-05T04:17:10Z
4w,F1,f01,bx_t32x64k32g22s32f32xpiw,llama-3.1-8b,wq_wo,2048,4096,4096,sarc_dev_780m_x_linear_q4gsw_coopmat_bx_t32x64k32g22s32f32xpiw_texture3d_texture2d_half,1,11429.1,0.0762788,SKIPPED,,1,58,69,2800,2.0,2026-10-05T04:17:12Z
4w,F1,f01,bx_t32x64k32g22s32f32xpiw,llama-3.2-3b,wq_wo,2048,3072,3072,sarc_dev_780m_x_linear_q4gsw_coopmat_bx_t32x64k32g22s32f32xpiw_texture3d_texture2d_half,1,6543.8,0.099784,SKIPPED,,1,58,69,2800,2.0,2026-10-05T04:17:12Z
4w,F1,f01,bx_t32x64k32g22s32f32xpiw,llama-3.2-1b,wq_wo,2048,2048,2048,sarc_dev_780m_x_linear_q4gsw_coopmat_bx_t32x64k32g22s32f32xpiw_texture3d_texture2d_half,1,3182.08,0.138946,SKIPPED,,1,58,69,2800,2.0,2026-10-05T04:17:12Z
4w,F1,f01,bx_t32x64k64g22s32f32xpiw,llama-3.1-8b,wq_wo,2048,4096,4096,sarc_dev_780m_x_linear_q4gsw_coopmat_bx_t32x64k64g22s32f32xpiw_texture3d_texture2d_half,1,11580.6,0.0726001,SKIPPED,,1,59,65,2800,2.1,2026-10-05T04:17:14Z
4w,F1,f01,bx_t32x64k64g22s32f32xpiw,llama-3.2-3b,wq_wo,2048,3072,3072,sarc_dev_780m_x_linear_q4gsw_coopmat_bx_t32x64k64g22s32f32xpiw_texture3d_texture2d_half,1,7909.8,0.162499,SKIPPED,,1,59,65,2800,2.1,2026-10-05T04:17:14Z
4w,F1,f01,bx_t32x64k64g22s32f32xpiw,llama-3.2-1b,wq_wo,2048,2048,2048,sarc_dev_780m_x_linear_q4gsw_coopmat_bx_t32x64k64g22s32f32xpiw_texture3d_texture2d_half,1,3410.92,0.146514,SKIPPED,,1,59,65,2800,2.1,2026-10-05T04:17:14Z
4w,F1,f01,bx_t32x64k16g21s32f32xpiw,llama-3.1-8b,wq_wo,2048,4096,4096,sarc_dev_780m_x_linear_q4gsw_coopmat_bx_t32x64k16g21s32f32xpiw_texture3d_texture2d_half,1,10040.4,0.0546343,SKIPPED,,1,58,68,2800,2.0,2026-10-05T04:17:16Z
4w,F1,f01,bx_t32x64k16g21s32f32xpiw,llama-3.2-3b,wq_wo,2048,3072,3072,sarc_dev_780m_x_linear_q4gsw_coopmat_bx_t32x64k16g21s32f32xpiw_texture3d_texture2d_half,1,6055.5,0.11579,SKIPPED,,1,58,68,2800,2.0,2026-10-05T04:17:16Z
4w,F1,f01,bx_t32x64k16g21s32f32xpiw,llama-3.2-1b,wq_wo,2048,2048,2048,sarc_dev_780m_x_linear_q4gsw_coopmat_bx_t32x64k16g21s32f32xpiw_texture3d_texture2d_half,1,2860.98,0.146346,SKIPPED,,1,58,68,2800,2.0,2026-10-05T04:17:16Z
4w,F1,f01,bx_t64x128k16g22s32f32xpiw,llama-3.1-8b,wq_wo,2048,4096,4096,sarc_dev_780m_x_linear_q4gsw_coopmat_bx_t64x128k16g22s32f32xpiw_texture3d_texture2d_half,1,8191.54,0.105718,SKIPPED,,1,59,71,2800,2.0,2026-10-05T04:17:18Z
4w,F1,f01,bx_t64x128k16g22s32f32xpiw,llama-3.2-3b,wq_wo,2048,3072,3072,sarc_dev_780m_x_linear_q4gsw_coopmat_bx_t64x128k16g22s32f32xpiw_texture3d_texture2d_half,1,4551.54,0.128834,SKIPPED,,1,59,71,2800,2.0,2026-10-05T04:17:18Z
4w,F1,f01,bx_t64x128k16g22s32f32xpiw,llama-3.2-1b,wq_wo,2048,2048,2048,sarc_dev_780m_x_linear_q4gsw_coopmat_bx_t64x128k16g22s32f32xpiw_texture3d_texture2d_half,1,2055.76,0.134176,SKIPPED,,1,59,71,2800,2.0,2026-10-05T04:17:18Z
4w,F1,f01,bx_t64x256k16g22s32f32xpiw,llama-3.1-8b,wq_wo,2048,4096,4096,sarc_dev_780m_x_linear_q4gsw_coopmat_bx_t64x256k16g22s32f32xpiw_texture3d_texture2d_half,1,7918.1,0.115321,SKIPPED,,1,59,67,2800,2.0,2026-10-05T04:17:20Z
4w,F1,f01,bx_t64x256k16g22s32f32xpiw,llama-3.2-3b,wq_wo,2048,3072,3072,sarc_dev_780m_x_linear_q4gsw_coopmat_bx_t64x256k16g22s32f32xpiw_texture3d_texture2d_half,1,4511,0.125355,SKIPPED,,1,59,67,2800,2.0,2026-10-05T04:17:20Z
4w,F1,f01,bx_t64x256k16g22s32f32xpiw,llama-3.2-1b,wq_wo,2048,2048,2048,sarc_dev_780m_x_linear_q4gsw_coopmat_bx_t64x256k16g22s32f32xpiw_texture3d_texture2d_half,1,2142.02,0.138741,SKIPPED,,1,59,67,2800,2.0,2026-10-05T04:17:20Z
4w,F1,f01,bx_t64x64k32g22s32f32xpiw,llama-3.1-8b,wq_wo,2048,4096,4096,sarc_dev_780m_x_linear_q4gsw_coopmat_bx_t64x64k32g22s32f32xpiw_texture3d_texture2d_half,1,8429.78,0.0987898,SKIPPED,,1,58,69,2800,2.0,2026-10-05T04:17:22Z
4w,F1,f01,bx_t64x64k32g22s32f32xpiw,llama-3.2-3b,wq_wo,2048,3072,3072,sarc_dev_780m_x_linear_q4gsw_coopmat_bx_t64x64k32g22s32f32xpiw_texture3d_texture2d_half,1,5141.8,0.132301,SKIPPED,,1,58,69,2800,2.0,2026-10-05T04:17:22Z
4w,F1,f01,bx_t64x64k32g22s32f32xpiw,llama-3.2-1b,wq_wo,2048,2048,2048,sarc_dev_780m_x_linear_q4gsw_coopmat_bx_t64x64k32g22s32f32xpiw_texture3d_texture2d_half,1,2363.8,0.155963,SKIPPED,,1,58,69,2800,2.0,2026-10-05T04:17:22Z
4w,F1,f01,bx_t64x64k64g22s32f32xpiw,llama-3.1-8b,wq_wo,2048,4096,4096,sarc_dev_780m_x_linear_q4gsw_coopmat_bx_t64x64k64g22s32f32xpiw_texture3d_texture2d_half,1,8914.98,0.0890617,SKIPPED,,1,58,67,2800,2.0,2026-10-05T04:17:24Z
4w,F1,f01,bx_t64x64k64g22s32f32xpiw,llama-3.2-3b,wq_wo,2048,3072,3072,sarc_dev_780m_x_linear_q4gsw_coopmat_bx_t64x64k64g22s32f32xpiw_texture3d_texture2d_half,1,5824.66,0.136564,SKIPPED,,1,58,67,2800,2.0,2026-10-05T04:17:24Z
4w,F1,f01,bx_t64x64k64g22s32f32xpiw,llama-3.2-1b,wq_wo,2048,2048,2048,sarc_dev_780m_x_linear_q4gsw_coopmat_bx_t64x64k64g22s32f32xpiw_texture3d_texture2d_half,1,2617.66,0.151646,SKIPPED,,1,58,67,2800,2.0,2026-10-05T04:17:24Z
4w,F1,f01,bx_t64x64k16g12s32f32xpiw,llama-3.1-8b,wq_wo,2048,4096,4096,sarc_dev_780m_x_linear_q4gsw_coopmat_bx_t64x64k16g12s32f32xpiw_texture3d_texture2d_half,1,8007.4,0.107089,SKIPPED,,1,58,64,2800,2.1,2026-10-05T04:17:26Z
4w,F1,f01,bx_t64x64k16g12s32f32xpiw,llama-3.2-3b,wq_wo,2048,3072,3072,sarc_dev_780m_x_linear_q4gsw_coopmat_bx_t64x64k16g12s32f32xpiw_texture3d_texture2d_half,1,5185.66,0.161213,SKIPPED,,1,58,64,2800,2.1,2026-10-05T04:17:26Z
4w,F1,f01,bx_t64x64k16g12s32f32xpiw,llama-3.2-1b,wq_wo,2048,2048,2048,sarc_dev_780m_x_linear_q4gsw_coopmat_bx_t64x64k16g12s32f32xpiw_texture3d_texture2d_half,1,2298.22,0.172841,SKIPPED,,1,58,64,2800,2.1,2026-10-05T04:17:26Z
4w,F1,f01,bx_t64x64k16g21s32f32xpiw,llama-3.1-8b,wq_wo,2048,4096,4096,sarc_dev_780m_x_linear_q4gsw_coopmat_bx_t64x64k16g21s32f32xpiw_texture3d_texture2d_half,1,8350.38,0.105888,SKIPPED,,1,56,70,2800,2.0,2026-10-05T04:17:28Z
4w,F1,f01,bx_t64x64k16g21s32f32xpiw,llama-3.2-3b,wq_wo,2048,3072,3072,sarc_dev_780m_x_linear_q4gsw_coopmat_bx_t64x64k16g21s32f32xpiw_texture3d_texture2d_half,1,5123.22,0.134217,SKIPPED,,1,56,70,2800,2.0,2026-10-05T04:17:28Z
4w,F1,f01,bx_t64x64k16g21s32f32xpiw,llama-3.2-1b,wq_wo,2048,2048,2048,sarc_dev_780m_x_linear_q4gsw_coopmat_bx_t64x64k16g21s32f32xpiw_texture3d_texture2d_half,1,2271.84,0.139879,SKIPPED,,1,56,70,2800,2.0,2026-10-05T04:17:28Z
4w,F1,f01,bx_t64x64k16g22s32xpiw,llama-3.1-8b,wq_wo,2048,4096,4096,sarc_dev_780m_x_linear_q4gsw_coopmat_bx_t64x64k16g22s32xpiw_texture3d_texture2d_half,1,10122,0.055356,SKIPPED,,1,59,69,2800,2.1,2026-10-05T04:17:30Z
4w,F1,f01,bx_t64x64k16g22s32xpiw,llama-3.2-3b,wq_wo,2048,3072,3072,sarc_dev_780m_x_linear_q4gsw_coopmat_bx_t64x64k16g22s32xpiw_texture3d_texture2d_half,1,6577.82,0.156425,SKIPPED,,1,59,69,2800,2.1,2026-10-05T04:17:30Z
4w,F1,f01,bx_t64x64k16g22s32xpiw,llama-3.2-1b,wq_wo,2048,2048,2048,sarc_dev_780m_x_linear_q4gsw_coopmat_bx_t64x64k16g22s32xpiw_texture3d_texture2d_half,1,2912.34,0.148178,SKIPPED,,1,59,69,2800,2.1,2026-10-05T04:17:30Z
4w,F1,f01,bx_t64x64k16g22s32gaxpiw,llama-3.1-8b,wq_wo,2048,4096,4096,sarc_dev_780m_x_linear_q4gsw_coopmat_bx_t64x64k16g22s32gaxpiw_texture3d_texture2d_half,1,10009.4,0.0549471,SKIPPED,,1,58,69,2800,2.0,2026-10-05T04:17:32Z
4w,F1,f01,bx_t64x64k16g22s32gaxpiw,llama-3.2-3b,wq_wo,2048,3072,3072,sarc_dev_780m_x_linear_q4gsw_coopmat_bx_t64x64k16g22s32gaxpiw_texture3d_texture2d_half,1,6051.56,0.115953,SKIPPED,,1,58,69,2800,2.0,2026-10-05T04:17:32Z
4w,F1,f01,bx_t64x64k16g22s32gaxpiw,llama-3.2-1b,wq_wo,2048,2048,2048,sarc_dev_780m_x_linear_q4gsw_coopmat_bx_t64x64k16g22s32gaxpiw_texture3d_texture2d_half,1,2916.18,0.150302,SKIPPED,,1,58,69,2800,2.0,2026-10-05T04:17:32Z
4w,F1,f01,bx_t64x64k16g22s32f32iw,llama-3.1-8b,wq_wo,2048,4096,4096,sarc_dev_780m_x_linear_q4gsw_coopmat_bx_t64x64k16g22s32f32iw_texture3d_texture2d_half,1,8926.18,0.089267,SKIPPED,,1,58,71,2800,2.0,2026-10-05T04:17:35Z
4w,F1,f01,bx_t64x64k16g22s32f32iw,llama-3.2-3b,wq_wo,2048,3072,3072,sarc_dev_780m_x_linear_q4gsw_coopmat_bx_t64x64k16g22s32f32iw_texture3d_texture2d_half,1,5625.66,0.147245,SKIPPED,,1,58,71,2800,2.0,2026-10-05T04:17:35Z
4w,F1,f01,bx_t64x64k16g22s32f32iw,llama-3.2-1b,wq_wo,2048,2048,2048,sarc_dev_780m_x_linear_q4gsw_coopmat_bx_t64x64k16g22s32f32iw_texture3d_texture2d_half,1,2506.46,0.13642,SKIPPED,,1,58,71,2800,2.0,2026-10-05T04:17:35Z
4w,F1,f01,bx_t64x64k16g22s32f32ciw,llama-3.1-8b,wq_wo,2048,4096,4096,sarc_dev_780m_x_linear_q4gsw_coopmat_bx_t64x64k16g22s32f32ciw_texture3d_texture2d_half,1,8402.54,0.0955881,SKIPPED,,1,59,68,2800,2.0,2026-10-05T04:17:37Z
4w,F1,f01,bx_t64x64k16g22s32f32ciw,llama-3.2-3b,wq_wo,2048,3072,3072,sarc_dev_780m_x_linear_q4gsw_coopmat_bx_t64x64k16g22s32f32ciw_texture3d_texture2d_half,1,5036.36,0.136189,SKIPPED,,1,59,68,2800,2.0,2026-10-05T04:17:37Z
4w,F1,f01,bx_t64x64k16g22s32f32ciw,llama-3.2-1b,wq_wo,2048,2048,2048,sarc_dev_780m_x_linear_q4gsw_coopmat_bx_t64x64k16g22s32f32ciw_texture3d_texture2d_half,1,2271.82,0.142124,SKIPPED,,1,59,68,2800,2.0,2026-10-05T04:17:37Z
4w,F1,f01,bx_t64x64k16g22s32f32xiw,llama-3.1-8b,wq_wo,2048,4096,4096,sarc_dev_780m_x_linear_q4gsw_coopmat_bx_t64x64k16g22s32f32xiw_texture3d_texture2d_half,1,9681.52,0.0679267,SKIPPED,,1,58,69,2800,2.0,2026-10-05T04:17:39Z
4w,F1,f01,bx_t64x64k16g22s32f32xiw,llama-3.2-3b,wq_wo,2048,3072,3072,sarc_dev_780m_x_linear_q4gsw_coopmat_bx_t64x64k16g22s32f32xiw_texture3d_texture2d_half,1,6076.44,0.130944,SKIPPED,,1,58,69,2800,2.0,2026-10-05T04:17:39Z
4w,F1,f01,bx_t64x64k16g22s32f32xiw,llama-3.2-1b,wq_wo,2048,2048,2048,sarc_dev_780m_x_linear_q4gsw_coopmat_bx_t64x64k16g22s32f32xiw_texture3d_texture2d_half,1,2702.02,0.143937,SKIPPED,,1,58,69,2800,2.0,2026-10-05T04:17:39Z
4w,F1,f01,bx_t64x64k16g22s32f32biw,llama-3.1-8b,wq_wo,2048,4096,4096,sarc_dev_780m_x_linear_q4gsw_coopmat_bx_t64x64k16g22s32f32biw_texture3d_texture2d_half,1,8927.16,0.0844821,SKIPPED,,1,58,68,2800,2.0,2026-10-05T04:17:41Z
4w,F1,f01,bx_t64x64k16g22s32f32biw,llama-3.2-3b,wq_wo,2048,3072,3072,sarc_dev_780m_x_linear_q4gsw_coopmat_bx_t64x64k16g22s32f32biw_texture3d_texture2d_half,1,5258.28,0.123628,SKIPPED,,1,58,68,2800,2.0,2026-10-05T04:17:41Z
4w,F1,f01,bx_t64x64k16g22s32f32biw,llama-3.2-1b,wq_wo,2048,2048,2048,sarc_dev_780m_x_linear_q4gsw_coopmat_bx_t64x64k16g22s32f32biw_texture3d_texture2d_half,1,2546.3,0.163843,SKIPPED,,1,58,68,2800,2.0,2026-10-05T04:17:41Z
4w,F1,f01,bx_t64x64k16g22s32f32xpiiw,llama-3.1-8b,wq_wo,2048,4096,4096,sarc_dev_780m_x_linear_q4gsw_coopmat_bx_t64x64k16g22s32f32xpiiw_texture3d_texture2d_half,1,8474.46,0.0937029,SKIPPED,,1,58,69,2800,2.0,2026-10-05T04:17:43Z
4w,F1,f01,bx_t64x64k16g22s32f32xpiiw,llama-3.2-3b,wq_wo,2048,3072,3072,sarc_dev_780m_x_linear_q4gsw_coopmat_bx_t64x64k16g22s32f32xpiiw_texture3d_texture2d_half,1,5215.58,0.155943,SKIPPED,,1,58,69,2800,2.0,2026-10-05T04:17:43Z
4w,F1,f01,bx_t64x64k16g22s32f32xpiiw,llama-3.2-1b,wq_wo,2048,2048,2048,sarc_dev_780m_x_linear_q4gsw_coopmat_bx_t64x64k16g22s32f32xpiiw_texture3d_texture2d_half,1,2250.48,0.136316,SKIPPED,,1,58,69,2800,2.0,2026-10-05T04:17:43Z
4w,F1,f01,bx_t64x64k16g22s32f32xp,llama-3.1-8b,wq_wo,2048,4096,4096,sarc_dev_780m_x_linear_q4gsw_coopmat_bx_t64x64k16g22s32f32xp_texture3d_texture2d_half,1,8170.6,0.102186,SKIPPED,,1,59,69,2800,2.0,2026-10-05T04:17:45Z
4w,F1,f01,bx_t64x64k16g22s32f32xp,llama-3.2-3b,wq_wo,2048,3072,3072,sarc_dev_780m_x_linear_q4gsw_coopmat_bx_t64x64k16g22s32f32xp_texture3d_texture2d_half,1,4972.7,0.130661,SKIPPED,,1,59,69,2800,2.0,2026-10-05T04:17:45Z
4w,F1,f01,bx_t64x64k16g22s32f32xp,llama-3.2-1b,wq_wo,2048,2048,2048,sarc_dev_780m_x_linear_q4gsw_coopmat_bx_t64x64k16g22s32f32xp_texture3d_texture2d_half,1,2264.28,0.137493,SKIPPED,,1,59,69,2800,2.0,2026-10-05T04:17:45Z
4w,F1,f01,t64x64k16g22s32f32xpiw,llama-3.1-8b,wq_wo,2048,4096,4096,sarc_dev_780m_x_linear_q4gsw_coopmat_t64x64k16g22s32f32xpiw_texture3d_texture2d_half,1,8190.04,0.0965482,SKIPPED,,1,59,68,2800,1.9,2026-10-05T04:17:47Z
4w,F1,f01,t64x64k16g22s32f32xpiw,llama-3.2-3b,wq_wo,2048,3072,3072,sarc_dev_780m_x_linear_q4gsw_coopmat_t64x64k16g22s32f32xpiw_texture3d_texture2d_half,1,5028.08,0.136057,SKIPPED,,1,59,68,2800,1.9,2026-10-05T04:17:47Z
4w,F1,f01,t64x64k16g22s32f32xpiw,llama-3.2-1b,wq_wo,2048,2048,2048,sarc_dev_780m_x_linear_q4gsw_coopmat_t64x64k16g22s32f32xpiw_texture3d_texture2d_half,1,2241.8,0.144962,SKIPPED,,1,59,68,2800,1.9,2026-10-05T04:17:47Z
4w,F1,f01,bx_t256x128k16g22s32f32xpiw,llama-3.1-8b,wq_wo,2048,4096,4096,sarc_dev_780m_x_linear_q4gsw_coopmat_bx_t256x128k16g22s32f32xpiw_texture3d_texture2d_half,1,28579.7,0.00201276,SKIPPED,,1,59,60,2800,2.2,2026-10-05T04:17:49Z
4w,F1,f01,bx_t256x128k16g22s32f32xpiw,llama-3.2-3b,wq_wo,2048,3072,3072,sarc_dev_780m_x_linear_q4gsw_coopmat_bx_t256x128k16g22s32f32xpiw_texture3d_texture2d_half,1,15729.7,0.0114389,SKIPPED,,1,59,60,2800,2.2,2026-10-05T04:17:49Z
4w,F1,f01,bx_t256x128k16g22s32f32xpiw,llama-3.2-1b,wq_wo,2048,2048,2048,sarc_dev_780m_x_linear_q4gsw_coopmat_bx_t256x128k16g22s32f32xpiw_texture3d_texture2d_half,1,7806.46,0.108852,SKIPPED,,1,59,60,2800,2.2,2026-10-05T04:17:49Z
4w,F1,f01,bx_t256x64k32g22s32f32xpiw,llama-3.1-8b,wq_wo,2048,4096,4096,sarc_dev_780m_x_linear_q4gsw_coopmat_bx_t256x64k32g22s32f32xpiw_texture3d_texture2d_half,1,13648.7,0.0572752,SKIPPED,,1,55,62,2800,2.1,2026-10-05T04:17:51Z
4w,F1,f01,bx_t256x64k32g22s32f32xpiw,llama-3.2-3b,wq_wo,2048,3072,3072,sarc_dev_780m_x_linear_q4gsw_coopmat_bx_t256x64k32g22s32f32xpiw_texture3d_texture2d_half,1,7907.72,0.0707914,SKIPPED,,1,55,62,2800,2.1,2026-10-05T04:17:51Z
4w,F1,f01,bx_t256x64k32g22s32f32xpiw,llama-3.2-1b,wq_wo,2048,2048,2048,sarc_dev_780m_x_linear_q4gsw_coopmat_bx_t256x64k32g22s32f32xpiw_texture3d_texture2d_half,1,3628.54,0.0991224,SKIPPED,,1,55,62,2800,2.1,2026-10-05T04:17:51Z
4w,F1,f01,bx_t256x64k16g12s32f32xpiw,llama-3.1-8b,wq_wo,2048,4096,4096,sarc_dev_780m_x_linear_q4gsw_coopmat_bx_t256x64k16g12s32f32xpiw_texture3d_texture2d_half,1,44815.2,0.0122086,SKIPPED,,1,57,61,2800,2.4,2026-10-05T04:17:53Z
4w,F1,f01,bx_t256x64k16g12s32f32xpiw,llama-3.2-3b,wq_wo,2048,3072,3072,sarc_dev_780m_x_linear_q4gsw_coopmat_bx_t256x64k16g12s32f32xpiw_texture3d_texture2d_half,1,25684,0.0352987,SKIPPED,,1,57,61,2800,2.4,2026-10-05T04:17:53Z
4w,F1,f01,bx_t256x64k16g12s32f32xpiw,llama-3.2-1b,wq_wo,2048,2048,2048,sarc_dev_780m_x_linear_q4gsw_coopmat_bx_t256x64k16g12s32f32xpiw_texture3d_texture2d_half,1,9812.92,0.0605185,SKIPPED,,1,57,61,2800,2.4,2026-10-05T04:17:53Z
4w,F1,f01,bx_t256x64k16g21s32f32xpiw,llama-3.1-8b,wq_wo,2048,4096,4096,sarc_dev_780m_x_linear_q4gsw_coopmat_bx_t256x64k16g21s32f32xpiw_texture3d_texture2d_half,1,70753.5,0.0959266,SKIPPED,,1,57,61,2800,2.4,2026-10-05T04:17:56Z
4w,F1,f01,bx_t256x64k16g21s32f32xpiw,llama-3.2-3b,wq_wo,2048,3072,3072,sarc_dev_780m_x_linear_q4gsw_coopmat_bx_t256x64k16g21s32f32xpiw_texture3d_texture2d_half,1,46926.2,0.0084558,SKIPPED,,1,57,61,2800,2.4,2026-10-05T04:17:56Z
4w,F1,f01,bx_t256x64k16g21s32f32xpiw,llama-3.2-1b,wq_wo,2048,2048,2048,sarc_dev_780m_x_linear_q4gsw_coopmat_bx_t256x64k16g21s32f32xpiw_texture3d_texture2d_half,1,13718.5,0.0264188,SKIPPED,,1,57,61,2800,2.4,2026-10-05T04:17:56Z
4w,F1,f01,bx_t256x64k16g22s32xpiw,llama-3.1-8b,wq_wo,2048,4096,4096,sarc_dev_780m_x_linear_q4gsw_coopmat_bx_t256x64k16g22s32xpiw_texture3d_texture2d_half,1,199880,0.00673573,SKIPPED,,1,57,58,2800,3.6,2026-10-05T04:17:59Z
4w,F1,f01,bx_t256x64k16g22s32xpiw,llama-3.2-3b,wq_wo,2048,3072,3072,sarc_dev_780m_x_linear_q4gsw_coopmat_bx_t256x64k16g22s32xpiw_texture3d_texture2d_half,1,106604,0.00423963,SKIPPED,,1,57,58,2800,3.6,2026-10-05T04:17:59Z
4w,F1,f01,bx_t256x64k16g22s32xpiw,llama-3.2-1b,wq_wo,2048,2048,2048,sarc_dev_780m_x_linear_q4gsw_coopmat_bx_t256x64k16g22s32xpiw_texture3d_texture2d_half,1,43547,0.0110193,SKIPPED,,1,57,58,2800,3.6,2026-10-05T04:17:59Z
4w,F1,f01,bx_t256x64k16g22s32gaxpiw,llama-3.1-8b,wq_wo,2048,4096,4096,sarc_dev_780m_x_linear_q4gsw_coopmat_bx_t256x64k16g22s32gaxpiw_texture3d_texture2d_half,1,259087,0.021979,SKIPPED,,1,54,59,2800,4.2,2026-10-05T04:18:04Z
4w,F1,f01,bx_t256x64k16g22s32gaxpiw,llama-3.2-3b,wq_wo,2048,3072,3072,sarc_dev_780m_x_linear_q4gsw_coopmat_bx_t256x64k16g22s32gaxpiw_texture3d_texture2d_half,1,140994,0.000516366,SKIPPED,,1,54,59,2800,4.2,2026-10-05T04:18:04Z
4w,F1,f01,bx_t256x64k16g22s32gaxpiw,llama-3.2-1b,wq_wo,2048,2048,2048,sarc_dev_780m_x_linear_q4gsw_coopmat_bx_t256x64k16g22s32gaxpiw_texture3d_texture2d_half,1,54531.1,0.0162931,SKIPPED,,1,54,59,2800,4.2,2026-10-05T04:18:04Z
4w,F1,f01,bx_t256x64k16g22s32f32iw,llama-3.1-8b,wq_wo,2048,4096,4096,sarc_dev_780m_x_linear_q4gsw_coopmat_bx_t256x64k16g22s32f32iw_texture3d_texture2d_half,1,9897.54,0.0587434,SKIPPED,,1,54,67,2800,2.0,2026-10-05T04:18:06Z
4w,F1,f01,bx_t256x64k16g22s32f32iw,llama-3.2-3b,wq_wo,2048,3072,3072,sarc_dev_780m_x_linear_q4gsw_coopmat_bx_t256x64k16g22s32f32iw_texture3d_texture2d_half,1,5815.12,0.091743,SKIPPED,,1,54,67,2800,2.0,2026-10-05T04:18:06Z
4w,F1,f01,bx_t256x64k16g22s32f32iw,llama-3.2-1b,wq_wo,2048,2048,2048,sarc_dev_780m_x_linear_q4gsw_coopmat_bx_t256x64k16g22s32f32iw_texture3d_texture2d_half,1,2435.4,0.109981,SKIPPED,,1,54,67,2800,2.0,2026-10-05T04:18:06Z
4w,F1,f01,bx_t256x64k16g22s32f32ciw,llama-3.1-8b,wq_wo,2048,4096,4096,sarc_dev_780m_x_linear_q4gsw_coopmat_bx_t256x64k16g22s32f32ciw_texture3d_texture2d_half,1,8673.46,0.0789756,SKIPPED,,1,58,69,2800,2.0,2026-10-05T04:18:08Z
4w,F1,f01,bx_t256x64k16g22s32f32ciw,llama-3.2-3b,wq_wo,2048,3072,3072,sarc_dev_780m_x_linear_q4gsw_coopmat_bx_t256x64k16g22s32f32ciw_texture3d_texture2d_half,1,4790.24,0.0993079,SKIPPED,,1,58,69,2800,2.0,2026-10-05T04:18:08Z
4w,F1,f01,bx_t256x64k16g22s32f32ciw,llama-3.2-1b,wq_wo,2048,2048,2048,sarc_dev_780m_x_linear_q4gsw_coopmat_bx_t256x64k16g22s32f32ciw_texture3d_texture2d_half,1,2128.64,0.118663,SKIPPED,,1,58,69,2800,2.0,2026-10-05T04:18:08Z
4w,F1,f01,bx_t256x64k16g22s32f32xiw,llama-3.1-8b,wq_wo,2048,4096,4096,sarc_dev_780m_x_linear_q4gsw_coopmat_bx_t256x64k16g22s32f32xiw_texture3d_texture2d_half,1,12281.6,0.0327723,SKIPPED,,1,59,64,2800,2.1,2026-10-05T04:18:10Z
4w,F1,f01,bx_t256x64k16g22s32f32xiw,llama-3.2-3b,wq_wo,2048,3072,3072,sarc_dev_780m_x_linear_q4gsw_coopmat_bx_t256x64k16g22s32f32xiw_texture3d_texture2d_half,1,7374.3,0.0857893,SKIPPED,,1,59,64,2800,2.1,2026-10-05T04:18:10Z
4w,F1,f01,bx_t256x64k16g22s32f32xiw,llama-3.2-1b,wq_wo,2048,2048,2048,sarc_dev_780m_x_linear_q4gsw_coopmat_bx_t256x64k16g22s32f32xiw_texture3d_texture2d_half,1,3116.14,0.111947,SKIPPED,,1,59,64,2800,2.1,2026-10-05T04:18:10Z
4w,F1,f01,bx_t256x64k16g22s32f32biw,llama-3.1-8b,wq_wo,2048,4096,4096,sarc_dev_780m_x_linear_q4gsw_coopmat_bx_t256x64k16g22s32f32biw_texture3d_texture2d_half,1,8709.54,0.0852728,SKIPPED,,1,56,68,2800,2.0,2026-10-05T04:18:12Z
4w,F1,f01,bx_t256x64k16g22s32f32biw,llama-3.2-3b,wq_wo,2048,3072,3072,sarc_dev_780m_x_linear_q4gsw_coopmat_bx_t256x64k16g22s32f32biw_texture3d_texture2d_half,1,4797.48,0.10728,SKIPPED,,1,56,68,2800,2.0,2026-10-05T04:18:12Z
4w,F1,f01,bx_t256x64k16g22s32f32biw,llama-3.2-1b,wq_wo,2048,2048,2048,sarc_dev_780m_x_linear_q4gsw_coopmat_bx_t256x64k16g22s32f32biw_texture3d_texture2d_half,1,2162.62,0.119174,SKIPPED,,1,56,68,2800,2.0,2026-10-05T04:18:12Z
4w,F1,f01,bx_t256x64k16g22s32f32xpiiw,llama-3.1-8b,wq_wo,2048,4096,4096,sarc_dev_780m_x_linear_q4gsw_coopmat_bx_t256x64k16g22s32f32xpiiw_texture3d_texture2d_half,1,8529.22,0.052808,SKIPPED,,1,59,67,2800,2.0,2026-10-05T04:18:14Z
4w,F1,f01,bx_t256x64k16g22s32f32xpiiw,llama-3.2-3b,wq_wo,2048,3072,3072,sarc_dev_780m_x_linear_q4gsw_coopmat_bx_t256x64k16g22s32f32xpiiw_texture3d_texture2d_half,1,4863.72,0.103774,SKIPPED,,1,59,67,2800,2.0,2026-10-05T04:18:14Z
4w,F1,f01,bx_t256x64k16g22s32f32xpiiw,llama-3.2-1b,wq_wo,2048,2048,2048,sarc_dev_780m_x_linear_q4gsw_coopmat_bx_t256x64k16g22s32f32xpiiw_texture3d_texture2d_half,1,2075.88,0.112802,SKIPPED,,1,59,67,2800,2.0,2026-10-05T04:18:14Z
4w,F1,f01,t256x64k16g22s32f32xpiw,llama-3.1-8b,wq_wo,2048,4096,4096,sarc_dev_780m_x_linear_q4gsw_coopmat_t256x64k16g22s32f32xpiw_texture3d_texture2d_half,1,8759.04,0.0737334,SKIPPED,,1,58,69,2800,2.0,2026-10-05T04:18:16Z
4w,F1,f01,t256x64k16g22s32f32xpiw,llama-3.2-3b,wq_wo,2048,3072,3072,sarc_dev_780m_x_linear_q4gsw_coopmat_t256x64k16g22s32f32xpiw_texture3d_texture2d_half,1,4846.18,0.107211,SKIPPED,,1,58,69,2800,2.0,2026-10-05T04:18:16Z
4w,F1,f01,t256x64k16g22s32f32xpiw,llama-3.2-1b,wq_wo,2048,2048,2048,sarc_dev_780m_x_linear_q4gsw_coopmat_t256x64k16g22s32f32xpiw_texture3d_texture2d_half,1,2062.74,0.113908,SKIPPED,,1,58,69,2800,2.0,2026-10-05T04:18:16Z
4w,F1,f01,bx_t128x32k64g22s32f32xpiw,llama-3.1-8b,wq_wo,2048,4096,4096,sarc_dev_780m_x_linear_q4gsw_coopmat_bx_t128x32k64g22s32f32xpiw_texture3d_texture2d_half,1,11914.8,0.0663179,SKIPPED,,1,60,61,2800,2.0,2026-10-05T04:18:18Z
4w,F1,f01,bx_t128x32k64g22s32f32xpiw,llama-3.2-3b,wq_wo,2048,3072,3072,sarc_dev_780m_x_linear_q4gsw_coopmat_bx_t128x32k64g22s32f32xpiw_texture3d_texture2d_half,1,7308.36,0.110554,SKIPPED,,1,60,61,2800,2.0,2026-10-05T04:18:18Z
4w,F1,f01,bx_t128x32k64g22s32f32xpiw,llama-3.2-1b,wq_wo,2048,2048,2048,sarc_dev_780m_x_linear_q4gsw_coopmat_bx_t128x32k64g22s32f32xpiw_texture3d_texture2d_half,1,3495.4,0.144814,SKIPPED,,1,60,61,2800,2.0,2026-10-05T04:18:18Z
4w,F1,f01,bx_t128x32k16g12s32f32xpiw,llama-3.1-8b,wq_wo,2048,4096,4096,sarc_dev_780m_x_linear_q4gsw_coopmat_bx_t128x32k16g12s32f32xpiw_texture3d_texture2d_half,1,8883.84,0.0865507,SKIPPED,,1,56,68,2800,2.0,2026-10-05T04:18:20Z
4w,F1,f01,bx_t128x32k16g12s32f32xpiw,llama-3.2-3b,wq_wo,2048,3072,3072,sarc_dev_780m_x_linear_q4gsw_coopmat_bx_t128x32k16g12s32f32xpiw_texture3d_texture2d_half,1,5290.4,0.118319,SKIPPED,,1,56,68,2800,2.0,2026-10-05T04:18:20Z
4w,F1,f01,bx_t128x32k16g12s32f32xpiw,llama-3.2-1b,wq_wo,2048,2048,2048,sarc_dev_780m_x_linear_q4gsw_coopmat_bx_t128x32k16g12s32f32xpiw_texture3d_texture2d_half,1,2521.56,0.132112,SKIPPED,,1,56,68,2800,2.0,2026-10-05T04:18:20Z
4w,F1,f01,bx_t128x32k16g21s32f32xpiw,llama-3.1-8b,wq_wo,2048,4096,4096,sarc_dev_780m_x_linear_q4gsw_coopmat_bx_t128x32k16g21s32f32xpiw_texture3d_texture2d_half,1,9337.9,0.0723678,SKIPPED,,1,58,66,2800,2.0,2026-10-05T04:18:22Z
4w,F1,f01,bx_t128x32k16g21s32f32xpiw,llama-3.2-3b,wq_wo,2048,3072,3072,sarc_dev_780m_x_linear_q4gsw_coopmat_bx_t128x32k16g21s32f32xpiw_texture3d_texture2d_half,1,5996.24,0.135781,SKIPPED,,1,58,66,2800,2.0,2026-10-05T04:18:22Z
4w,F1,f01,bx_t128x32k16g21s32f32xpiw,llama-3.2-1b,wq_wo,2048,2048,2048,sarc_dev_780m_x_linear_q4gsw_coopmat_bx_t128x32k16g21s32f32xpiw_texture3d_texture2d_half,1,2710.2,0.141839,SKIPPED,,1,58,66,2800,2.0,2026-10-05T04:18:22Z
4w,F1,f01,bx_t128x128k16g21s32f32xpiw,llama-3.1-8b,wq_wo,2048,4096,4096,sarc_dev_780m_x_linear_q4gsw_coopmat_bx_t128x128k16g21s32f32xpiw_texture3d_texture2d_half,1,29144.1,0.00684696,SKIPPED,,1,58,61,2800,2.2,2026-10-05T04:18:24Z
4w,F1,f01,bx_t128x128k16g21s32f32xpiw,llama-3.2-3b,wq_wo,2048,3072,3072,sarc_dev_780m_x_linear_q4gsw_coopmat_bx_t128x128k16g21s32f32xpiw_texture3d_texture2d_half,1,16223.3,0.00981591,SKIPPED,,1,58,61,2800,2.2,2026-10-05T04:18:24Z
4w,F1,f01,bx_t128x128k16g21s32f32xpiw,llama-3.2-1b,wq_wo,2048,2048,2048,sarc_dev_780m_x_linear_q4gsw_coopmat_bx_t128x128k16g21s32f32xpiw_texture3d_texture2d_half,1,7649.04,0.11098,SKIPPED,,1,58,61,2800,2.2,2026-10-05T04:18:24Z
4w,F1,f01,bx_t128x128k16g22s64f32xpiw,llama-3.1-8b,wq_wo,2048,4096,4096,sarc_dev_780m_x_linear_q4gsw_coopmat_bx_t128x128k16g22s64f32xpiw_texture3d_texture2d_half,1,8883.7,0.0796541,SKIPPED,,1,57,65,2800,2.0,2026-10-05T04:18:26Z
4w,F1,f01,bx_t128x128k16g22s64f32xpiw,llama-3.2-3b,wq_wo,2048,3072,3072,sarc_dev_780m_x_linear_q4gsw_coopmat_bx_t128x128k16g22s64f32xpiw_texture3d_texture2d_half,1,5343.06,0.120894,SKIPPED,,1,57,65,2800,2.0,2026-10-05T04:18:26Z
4w,F1,f01,bx_t128x128k16g22s64f32xpiw,llama-3.2-1b,wq_wo,2048,2048,2048,sarc_dev_780m_x_linear_q4gsw_coopmat_bx_t128x128k16g22s64f32xpiw_texture3d_texture2d_half,1,2469.22,0.14792,SKIPPED,,1,57,65,2800,2.0,2026-10-05T04:18:26Z
4w,F1,f01,bx_t128x128k16g22s32xpiw,llama-3.1-8b,wq_wo,2048,4096,4096,sarc_dev_780m_x_linear_q4gsw_coopmat_bx_t128x128k16g22s32xpiw_texture3d_texture2d_half,1,164641,0.00180891,SKIPPED,,1,49,57,2800,3.7,2026-10-05T04:18:37Z
4w,F1,f01,bx_t128x128k16g22s32xpiw,llama-3.2-3b,wq_wo,2048,3072,3072,sarc_dev_780m_x_linear_q4gsw_coopmat_bx_t128x128k16g22s32xpiw_texture3d_texture2d_half,1,89159.8,0.00344908,SKIPPED,,1,49,57,2800,3.7,2026-10-05T04:18:37Z
4w,F1,f01,bx_t128x128k16g22s32xpiw,llama-3.2-1b,wq_wo,2048,2048,2048,sarc_dev_780m_x_linear_q4gsw_coopmat_bx_t128x128k16g22s32xpiw_texture3d_texture2d_half,1,37496,0.00339914,SKIPPED,,1,49,57,2800,3.7,2026-10-05T04:18:37Z
4w,F1,f01,bx_t128x128k16g22s32gaxpiw,llama-3.1-8b,wq_wo,2048,4096,4096,sarc_dev_780m_x_linear_q4gsw_coopmat_bx_t128x128k16g22s32gaxpiw_texture3d_texture2d_half,1,183179,0.00378906,SKIPPED,,1,51,59,2800,4.0,2026-10-05T04:18:51Z
4w,F1,f01,bx_t128x128k16g22s32gaxpiw,llama-3.2-3b,wq_wo,2048,3072,3072,sarc_dev_780m_x_linear_q4gsw_coopmat_bx_t128x128k16g22s32gaxpiw_texture3d_texture2d_half,1,100620,0.00932679,SKIPPED,,1,51,59,2800,4.0,2026-10-05T04:18:51Z
4w,F1,f01,bx_t128x128k16g22s32gaxpiw,llama-3.2-1b,wq_wo,2048,2048,2048,sarc_dev_780m_x_linear_q4gsw_coopmat_bx_t128x128k16g22s32gaxpiw_texture3d_texture2d_half,1,41771.3,0.0068491,SKIPPED,,1,51,59,2800,4.0,2026-10-05T04:18:51Z
4w,F1,f01,bx_t128x128k16g22s32f32iw,llama-3.1-8b,wq_wo,2048,4096,4096,sarc_dev_780m_x_linear_q4gsw_coopmat_bx_t128x128k16g22s32f32iw_texture3d_texture2d_half,1,7867.88,0.112764,SKIPPED,,1,50,68,2800,2.4,2026-10-05T04:19:01Z
4w,F1,f01,bx_t128x128k16g22s32f32iw,llama-3.2-3b,wq_wo,2048,3072,3072,sarc_dev_780m_x_linear_q4gsw_coopmat_bx_t128x128k16g22s32f32iw_texture3d_texture2d_half,1,4446.42,0.138629,SKIPPED,,1,50,68,2800,2.4,2026-10-05T04:19:01Z
4w,F1,f01,bx_t128x128k16g22s32f32iw,llama-3.2-1b,wq_wo,2048,2048,2048,sarc_dev_780m_x_linear_q4gsw_coopmat_bx_t128x128k16g22s32f32iw_texture3d_texture2d_half,1,1916.44,0.131494,SKIPPED,,1,50,68,2800,2.4,2026-10-05T04:19:01Z
4w,F1,f01,bx_t128x128k16g22s32f32ciw,llama-3.1-8b,wq_wo,2048,4096,4096,sarc_dev_780m_x_linear_q4gsw_coopmat_bx_t128x128k16g22s32f32ciw_texture3d_texture2d_half,1,7817.3,0.113686,SKIPPED,,1,52,69,2800,2.4,2026-10-05T04:19:14Z
4w,F1,f01,bx_t128x128k16g22s32f32ciw,llama-3.2-3b,wq_wo,2048,3072,3072,sarc_dev_780m_x_linear_q4gsw_coopmat_bx_t128x128k16g22s32f32ciw_texture3d_texture2d_half,1,4413,0.136872,SKIPPED,,1,52,69,2800,2.4,2026-10-05T04:19:14Z
4w,F1,f01,bx_t128x128k16g22s32f32ciw,llama-3.2-1b,wq_wo,2048,2048,2048,sarc_dev_780m_x_linear_q4gsw_coopmat_bx_t128x128k16g22s32f32ciw_texture3d_texture2d_half,1,1951.28,0.14206,SKIPPED,,1,52,69,2800,2.4,2026-10-05T04:19:14Z
4w,F1,f01,bx_t128x128k16g22s32f32xiw,llama-3.1-8b,wq_wo,2048,4096,4096,sarc_dev_780m_x_linear_q4gsw_coopmat_bx_t128x128k16g22s32f32xiw_texture3d_texture2d_half,1,9888.6,0.0681652,SKIPPED,,1,50,63,2800,2.4,2026-10-05T04:19:23Z
4w,F1,f01,bx_t128x128k16g22s32f32xiw,llama-3.2-3b,wq_wo,2048,3072,3072,sarc_dev_780m_x_linear_q4gsw_coopmat_bx_t128x128k16g22s32f32xiw_texture3d_texture2d_half,1,5888.04,0.0939109,SKIPPED,,1,50,63,2800,2.4,2026-10-05T04:19:23Z
4w,F1,f01,bx_t128x128k16g22s32f32xiw,llama-3.2-1b,wq_wo,2048,2048,2048,sarc_dev_780m_x_linear_q4gsw_coopmat_bx_t128x128k16g22s32f32xiw_texture3d_texture2d_half,1,2729.64,0.107929,SKIPPED,,1,50,63,2800,2.4,2026-10-05T04:19:23Z
4w,F1,f01,bx_t128x128k16g22s32f32biw,llama-3.1-8b,wq_wo,2048,4096,4096,sarc_dev_780m_x_linear_q4gsw_coopmat_bx_t128x128k16g22s32f32biw_texture3d_texture2d_half,1,7827.16,0.111165,SKIPPED,,1,51,69,2800,2.4,2026-10-05T04:19:36Z
4w,F1,f01,bx_t128x128k16g22s32f32biw,llama-3.2-3b,wq_wo,2048,3072,3072,sarc_dev_780m_x_linear_q4gsw_coopmat_bx_t128x128k16g22s32f32biw_texture3d_texture2d_half,1,4408.34,0.135989,SKIPPED,,1,51,69,2800,2.4,2026-10-05T04:19:36Z
4w,F1,f01,bx_t128x128k16g22s32f32biw,llama-3.2-1b,wq_wo,2048,2048,2048,sarc_dev_780m_x_linear_q4gsw_coopmat_bx_t128x128k16g22s32f32biw_texture3d_texture2d_half,1,1919.46,0.130902,SKIPPED,,1,51,69,2800,2.4,2026-10-05T04:19:36Z
4w,F1,f01,bx_t128x128k16g22s32f32xpiiw,llama-3.1-8b,wq_wo,2048,4096,4096,sarc_dev_780m_x_linear_q4gsw_coopmat_bx_t128x128k16g22s32f32xpiiw_texture3d_texture2d_half,1,7900.74,0.110425,SKIPPED,,1,50,67,2800,2.4,2026-10-05T04:19:46Z
4w,F1,f01,bx_t128x128k16g22s32f32xpiiw,llama-3.2-3b,wq_wo,2048,3072,3072,sarc_dev_780m_x_linear_q4gsw_coopmat_bx_t128x128k16g22s32f32xpiiw_texture3d_texture2d_half,1,4520.26,0.141936,SKIPPED,,1,50,67,2800,2.4,2026-10-05T04:19:46Z
4w,F1,f01,bx_t128x128k16g22s32f32xpiiw,llama-3.2-1b,wq_wo,2048,2048,2048,sarc_dev_780m_x_linear_q4gsw_coopmat_bx_t128x128k16g22s32f32xpiiw_texture3d_texture2d_half,1,2039.12,0.142336,SKIPPED,,1,50,67,2800,2.4,2026-10-05T04:19:46Z
4w,F1,f01,bx_t128x128k16g22s32f32xp,llama-3.1-8b,wq_wo,2048,4096,4096,sarc_dev_780m_x_linear_q4gsw_coopmat_bx_t128x128k16g22s32f32xp_texture3d_texture2d_half,1,7874.66,0.106623,SKIPPED,,1,51,68,2800,2.4,2026-10-05T04:19:58Z
4w,F1,f01,bx_t128x128k16g22s32f32xp,llama-3.2-3b,wq_wo,2048,3072,3072,sarc_dev_780m_x_linear_q4gsw_coopmat_bx_t128x128k16g22s32f32xp_texture3d_texture2d_half,1,4467.54,0.139154,SKIPPED,,1,51,68,2800,2.4,2026-10-05T04:19:58Z
4w,F1,f01,bx_t128x128k16g22s32f32xp,llama-3.2-1b,wq_wo,2048,2048,2048,sarc_dev_780m_x_linear_q4gsw_coopmat_bx_t128x128k16g22s32f32xp_texture3d_texture2d_half,1,2030.82,0.140426,SKIPPED,,1,51,68,2800,2.4,2026-10-05T04:19:58Z
4w,F1,f01,t128x128k16g22s32f32xpiw,llama-3.1-8b,wq_wo,2048,4096,4096,sarc_dev_780m_x_linear_q4gsw_coopmat_t128x128k16g22s32f32xpiw_texture3d_texture2d_half,1,7128.66,0.0880914,SKIPPED,,1,50,66,2800,2.4,2026-10-05T04:20:08Z
4w,F1,f01,t128x128k16g22s32f32xpiw,llama-3.2-3b,wq_wo,2048,3072,3072,sarc_dev_780m_x_linear_q4gsw_coopmat_t128x128k16g22s32f32xpiw_texture3d_texture2d_half,1,4105.2,0.125888,SKIPPED,,1,50,66,2800,2.4,2026-10-05T04:20:08Z
4w,F1,f01,t128x128k16g22s32f32xpiw,llama-3.2-1b,wq_wo,2048,2048,2048,sarc_dev_780m_x_linear_q4gsw_coopmat_t128x128k16g22s32f32xpiw_texture3d_texture2d_half,1,1906.54,0.135647,SKIPPED,,1,50,66,2800,2.4,2026-10-05T04:20:08Z
4w,F1,f01,bx_t128x256k16g24s32f32xpiw,llama-3.1-8b,wq_wo,2048,4096,4096,sarc_dev_780m_x_linear_q4gsw_coopmat_bx_t128x256k16g24s32f32xpiw_texture3d_texture2d_half,1,8029.84,0.120877,SKIPPED,,1,51,66,2800,2.4,2026-10-05T04:20:21Z
4w,F1,f01,bx_t128x256k16g24s32f32xpiw,llama-3.2-3b,wq_wo,2048,3072,3072,sarc_dev_780m_x_linear_q4gsw_coopmat_bx_t128x256k16g24s32f32xpiw_texture3d_texture2d_half,1,4577,0.122336,SKIPPED,,1,51,66,2800,2.4,2026-10-05T04:20:21Z
4w,F1,f01,bx_t128x256k16g24s32f32xpiw,llama-3.2-1b,wq_wo,2048,2048,2048,sarc_dev_780m_x_linear_q4gsw_coopmat_bx_t128x256k16g24s32f32xpiw_texture3d_texture2d_half,1,2164.58,0.134546,SKIPPED,,1,51,66,2800,2.4,2026-10-05T04:20:21Z
4w,F1,f01,bx_t128x256k16g22s64f32xpiw,llama-3.1-8b,wq_wo,2048,4096,4096,sarc_dev_780m_x_linear_q4gsw_coopmat_bx_t128x256k16g22s64f32xpiw_texture3d_texture2d_half,1,8287.18,0.110325,SKIPPED,,1,50,66,2800,2.4,2026-10-05T04:20:30Z
4w,F1,f01,bx_t128x256k16g22s64f32xpiw,llama-3.2-3b,wq_wo,2048,3072,3072,sarc_dev_780m_x_linear_q4gsw_coopmat_bx_t128x256k16g22s64f32xpiw_texture3d_texture2d_half,1,5108.48,0.123191,SKIPPED,,1,50,66,2800,2.4,2026-10-05T04:20:30Z
4w,F1,f01,bx_t128x256k16g22s64f32xpiw,llama-3.2-1b,wq_wo,2048,2048,2048,sarc_dev_780m_x_linear_q4gsw_coopmat_bx_t128x256k16g22s64f32xpiw_texture3d_texture2d_half,1,2406.26,0.146385,SKIPPED,,1,50,66,2800,2.4,2026-10-05T04:20:30Z
4w,F1,f01,bx_t128x256k16g22s32xpiw,llama-3.1-8b,wq_wo,2048,4096,4096,sarc_dev_780m_x_linear_q4gsw_coopmat_bx_t128x256k16g22s32xpiw_texture3d_texture2d_half,1,328715,0.000196932,SKIPPED,,1,51,59,2800,5.3,2026-10-05T04:20:46Z
4w,F1,f01,bx_t128x256k16g22s32xpiw,llama-3.2-3b,wq_wo,2048,3072,3072,sarc_dev_780m_x_linear_q4gsw_coopmat_bx_t128x256k16g22s32xpiw_texture3d_texture2d_half,1,184834,0.0021589,SKIPPED,,1,51,59,2800,5.3,2026-10-05T04:20:46Z
4w,F1,f01,bx_t128x256k16g22s32xpiw,llama-3.2-1b,wq_wo,2048,2048,2048,sarc_dev_780m_x_linear_q4gsw_coopmat_bx_t128x256k16g22s32xpiw_texture3d_texture2d_half,1,81359.8,0.00286435,SKIPPED,,1,51,59,2800,5.3,2026-10-05T04:20:46Z
4w,F1,f01,bx_t128x256k16g22s32gaxpiw,llama-3.1-8b,wq_wo,2048,4096,4096,sarc_dev_780m_x_linear_q4gsw_coopmat_bx_t128x256k16g22s32gaxpiw_texture3d_texture2d_half,1,172834,0.00404795,SKIPPED,,1,51,60,2800,4.3,2026-10-05T04:20:58Z
4w,F1,f01,bx_t128x256k16g22s32gaxpiw,llama-3.2-3b,wq_wo,2048,3072,3072,sarc_dev_780m_x_linear_q4gsw_coopmat_bx_t128x256k16g22s32gaxpiw_texture3d_texture2d_half,1,96371.5,0.0053773,SKIPPED,,1,51,60,2800,4.3,2026-10-05T04:20:58Z
4w,F1,f01,bx_t128x256k16g22s32gaxpiw,llama-3.2-1b,wq_wo,2048,2048,2048,sarc_dev_780m_x_linear_q4gsw_coopmat_bx_t128x256k16g22s32gaxpiw_texture3d_texture2d_half,1,41607.7,0.0186043,SKIPPED,,1,51,60,2800,4.3,2026-10-05T04:20:58Z
4w,F1,f01,bx_t128x256k16g22s32f32iw,llama-3.1-8b,wq_wo,2048,4096,4096,sarc_dev_780m_x_linear_q4gsw_coopmat_bx_t128x256k16g22s32f32iw_texture3d_texture2d_half,1,22809.9,0.000741587,SKIPPED,,1,52,63,2800,2.5,2026-10-05T04:21:11Z
4w,F1,f01,bx_t128x256k16g22s32f32iw,llama-3.2-3b,wq_wo,2048,3072,3072,sarc_dev_780m_x_linear_q4gsw_coopmat_bx_t128x256k16g22s32f32iw_texture3d_texture2d_half,1,12560.6,0.0492904,SKIPPED,,1,52,63,2800,2.5,2026-10-05T04:21:11Z
4w,F1,f01,bx_t128x256k16g22s32f32iw,llama-3.2-1b,wq_wo,2048,2048,2048,sarc_dev_780m_x_linear_q4gsw_coopmat_bx_t128x256k16g22s32f32iw_texture3d_texture2d_half,1,6326.72,0.115284,SKIPPED,,1,52,63,2800,2.5,2026-10-05T04:21:11Z
4w,F1,f01,bx_t128x256k16g22s32f32biw,llama-3.1-8b,wq_wo,2048,4096,4096,sarc_dev_780m_x_linear_q4gsw_coopmat_bx_t128x256k16g22s32f32biw_texture3d_texture2d_half,1,18136.9,0.000873031,SKIPPED,,1,51,63,2800,2.6,2026-10-05T04:21:21Z
4w,F1,f01,bx_t128x256k16g22s32f32biw,llama-3.2-3b,wq_wo,2048,3072,3072,sarc_dev_780m_x_linear_q4gsw_coopmat_bx_t128x256k16g22s32f32biw_texture3d_texture2d_half,1,9903.02,0.049461,SKIPPED,,1,51,63,2800,2.6,2026-10-05T04:21:21Z
4w,F1,f01,bx_t128x256k16g22s32f32biw,llama-3.2-1b,wq_wo,2048,2048,2048,sarc_dev_780m_x_linear_q4gsw_coopmat_bx_t128x256k16g22s32f32biw_texture3d_texture2d_half,1,5183.68,0.121689,SKIPPED,,1,51,63,2800,2.6,2026-10-05T04:21:21Z
4w,F1,f01,bx_t128x256k16g22s32f32xpiiw,llama-3.1-8b,wq_wo,2048,4096,4096,sarc_dev_780m_x_linear_q4gsw_coopmat_bx_t128x256k16g22s32f32xpiiw_texture3d_texture2d_half,1,22574.7,0.00708526,SKIPPED,,1,52,62,2800,2.6,2026-10-05T04:21:34Z
4w,F1,f01,bx_t128x256k16g22s32f32xpiiw,llama-3.2-3b,wq_wo,2048,3072,3072,sarc_dev_780m_x_linear_q4gsw_coopmat_bx_t128x256k16g22s32f32xpiiw_texture3d_texture2d_half,1,12461.2,0.0450125,SKIPPED,,1,52,62,2800,2.6,2026-10-05T04:21:34Z
4w,F1,f01,bx_t128x256k16g22s32f32xpiiw,llama-3.2-1b,wq_wo,2048,2048,2048,sarc_dev_780m_x_linear_q4gsw_coopmat_bx_t128x256k16g22s32f32xpiiw_texture3d_texture2d_half,1,6302.18,0.112972,SKIPPED,,1,52,62,2800,2.6,2026-10-05T04:21:34Z
4w,F1,f01,bx_t128x256k16g22s32f32xp,llama-3.1-8b,wq_wo,2048,4096,4096,sarc_dev_780m_x_linear_q4gsw_coopmat_bx_t128x256k16g22s32f32xp_texture3d_texture2d_half,1,22808.6,0.00396081,SKIPPED,,1,51,61,2800,2.5,2026-10-05T04:21:43Z
4w,F1,f01,bx_t128x256k16g22s32f32xp,llama-3.2-3b,wq_wo,2048,3072,3072,sarc_dev_780m_x_linear_q4gsw_coopmat_bx_t128x256k16g22s32f32xp_texture3d_texture2d_half,1,12499.1,0.0441269,SKIPPED,,1,51,61,2800,2.5,2026-10-05T04:21:43Z
4w,F1,f01,bx_t128x256k16g22s32f32xp,llama-3.2-1b,wq_wo,2048,2048,2048,sarc_dev_780m_x_linear_q4gsw_coopmat_bx_t128x256k16g22s32f32xp_texture3d_texture2d_half,1,6237.76,0.108819,SKIPPED,,1,51,61,2800,2.5,2026-10-05T04:21:43Z
4w,F1,f01,t128x256k16g22s32f32xpiw,llama-3.1-8b,wq_wo,2048,4096,4096,sarc_dev_780m_x_linear_q4gsw_coopmat_t128x256k16g22s32f32xpiw_texture3d_texture2d_half,1,28051.5,0.00125435,SKIPPED,,1,52,62,2800,2.7,2026-10-05T04:21:57Z
4w,F1,f01,t128x256k16g22s32f32xpiw,llama-3.2-3b,wq_wo,2048,3072,3072,sarc_dev_780m_x_linear_q4gsw_coopmat_t128x256k16g22s32f32xpiw_texture3d_texture2d_half,1,15617.6,0.0630101,SKIPPED,,1,52,62,2800,2.7,2026-10-05T04:21:57Z
4w,F1,f01,t128x256k16g22s32f32xpiw,llama-3.2-1b,wq_wo,2048,2048,2048,sarc_dev_780m_x_linear_q4gsw_coopmat_t128x256k16g22s32f32xpiw_texture3d_texture2d_half,1,7605.2,0.111176,SKIPPED,,1,52,62,2800,2.7,2026-10-05T04:21:57Z
4w,F1,f01,bx_t128x64k32g21s32f32xpiw,llama-3.1-8b,wq_wo,2048,4096,4096,sarc_dev_780m_x_linear_q4gsw_coopmat_bx_t128x64k32g21s32f32xpiw_texture3d_texture2d_half,1,11420.3,0.0367899,SKIPPED,,1,51,62,2800,2.5,2026-10-05T04:22:07Z
4w,F1,f01,bx_t128x64k32g21s32f32xpiw,llama-3.2-3b,wq_wo,2048,3072,3072,sarc_dev_780m_x_linear_q4gsw_coopmat_bx_t128x64k32g21s32f32xpiw_texture3d_texture2d_half,1,6673.54,0.104059,SKIPPED,,1,51,62,2800,2.5,2026-10-05T04:22:07Z
4w,F1,f01,bx_t128x64k32g21s32f32xpiw,llama-3.2-1b,wq_wo,2048,2048,2048,sarc_dev_780m_x_linear_q4gsw_coopmat_bx_t128x64k32g21s32f32xpiw_texture3d_texture2d_half,1,3288.7,0.127983,SKIPPED,,1,51,62,2800,2.5,2026-10-05T04:22:07Z
4w,F1,f01,bx_t128x64k32g24s32f32xpiw,llama-3.1-8b,wq_wo,2048,4096,4096,sarc_dev_780m_x_linear_q4gsw_coopmat_bx_t128x64k32g24s32f32xpiw_texture3d_texture2d_half,1,8038.76,0.11543,SKIPPED,,1,52,70,2800,2.4,2026-10-05T04:22:20Z
4w,F1,f01,bx_t128x64k32g24s32f32xpiw,llama-3.2-3b,wq_wo,2048,3072,3072,sarc_dev_780m_x_linear_q4gsw_coopmat_bx_t128x64k32g24s32f32xpiw_texture3d_texture2d_half,1,5027.52,0.145262,SKIPPED,,1,52,70,2800,2.4,2026-10-05T04:22:20Z
4w,F1,f01,bx_t128x64k32g24s32f32xpiw,llama-3.2-1b,wq_wo,2048,2048,2048,sarc_dev_780m_x_linear_q4gsw_coopmat_bx_t128x64k32g24s32f32xpiw_texture3d_texture2d_half,1,2155.32,0.140751,SKIPPED,,1,52,70,2800,2.4,2026-10-05T04:22:20Z
4w,F1,f01,bx_t128x64k32g22s64f32xpiw,llama-3.1-8b,wq_wo,2048,4096,4096,sarc_dev_780m_x_linear_q4gsw_coopmat_bx_t128x64k32g22s64f32xpiw_texture3d_texture2d_half,1,9071.2,0.0834302,SKIPPED,,1,51,66,2800,2.4,2026-10-05T04:22:29Z
4w,F1,f01,bx_t128x64k32g22s64f32xpiw,llama-3.2-3b,wq_wo,2048,3072,3072,sarc_dev_780m_x_linear_q4gsw_coopmat_bx_t128x64k32g22s64f32xpiw_texture3d_texture2d_half,1,5893.42,0.137054,SKIPPED,,1,51,66,2800,2.4,2026-10-05T04:22:29Z
4w,F1,f01,bx_t128x64k32g22s64f32xpiw,llama-3.2-1b,wq_wo,2048,2048,2048,sarc_dev_780m_x_linear_q4gsw_coopmat_bx_t128x64k32g22s64f32xpiw_texture3d_texture2d_half,1,2636.24,0.145829,SKIPPED,,1,51,66,2800,2.4,2026-10-05T04:22:29Z
4w,F1,f01,bx_t128x64k32g22s32xpiw,llama-3.1-8b,wq_wo,2048,4096,4096,sarc_dev_780m_x_linear_q4gsw_coopmat_bx_t128x64k32g22s32xpiw_texture3d_texture2d_half,1,8490.46,0.106685,SKIPPED,,1,52,69,2800,2.4,2026-10-05T04:22:42Z
4w,F1,f01,bx_t128x64k32g22s32xpiw,llama-3.2-3b,wq_wo,2048,3072,3072,sarc_dev_780m_x_linear_q4gsw_coopmat_bx_t128x64k32g22s32xpiw_texture3d_texture2d_half,1,5035.62,0.1277,SKIPPED,,1,52,69,2800,2.4,2026-10-05T04:22:42Z
4w,F1,f01,bx_t128x64k32g22s32xpiw,llama-3.2-1b,wq_wo,2048,2048,2048,sarc_dev_780m_x_linear_q4gsw_coopmat_bx_t128x64k32g22s32xpiw_texture3d_texture2d_half,1,2315.78,0.142664,SKIPPED,,1,52,69,2800,2.4,2026-10-05T04:22:42Z
4w,F1,f01,bx_t128x64k32g22s32gaxpiw,llama-3.1-8b,wq_wo,2048,4096,4096,sarc_dev_780m_x_linear_q4gsw_coopmat_bx_t128x64k32g22s32gaxpiw_texture3d_texture2d_half,1,8294.48,0.0971976,SKIPPED,,1,51,67,2800,2.4,2026-10-05T04:22:51Z
4w,F1,f01,bx_t128x64k32g22s32gaxpiw,llama-3.2-3b,wq_wo,2048,3072,3072,sarc_dev_780m_x_linear_q4gsw_coopmat_bx_t128x64k32g22s32gaxpiw_texture3d_texture2d_half,1,5140.44,0.138463,SKIPPED,,1,51,67,2800,2.4,2026-10-05T04:22:51Z
4w,F1,f01,bx_t128x64k32g22s32gaxpiw,llama-3.2-1b,wq_wo,2048,2048,2048,sarc_dev_780m_x_linear_q4gsw_coopmat_bx_t128x64k32g22s32gaxpiw_texture3d_texture2d_half,1,2326.66,0.146197,SKIPPED,,1,51,67,2800,2.4,2026-10-05T04:22:51Z
4w,F1,f01,bx_t128x64k32g22s32f32iw,llama-3.1-8b,wq_wo,2048,4096,4096,sarc_dev_780m_x_linear_q4gsw_coopmat_bx_t128x64k32g22s32f32iw_texture3d_texture2d_half,1,8553.26,0.0956252,SKIPPED,,1,52,68,2800,2.4,2026-10-05T04:23:04Z
4w,F1,f01,bx_t128x64k32g22s32f32iw,llama-3.2-3b,wq_wo,2048,3072,3072,sarc_dev_780m_x_linear_q4gsw_coopmat_bx_t128x64k32g22s32f32iw_texture3d_texture2d_half,1,5214.32,0.121008,SKIPPED,,1,52,68,2800,2.4,2026-10-05T04:23:04Z
4w,F1,f01,bx_t128x64k32g22s32f32iw,llama-3.2-1b,wq_wo,2048,2048,2048,sarc_dev_780m_x_linear_q4gsw_coopmat_bx_t128x64k32g22s32f32iw_texture3d_texture2d_half,1,2340.88,0.1369,SKIPPED,,1,52,68,2800,2.4,2026-10-05T04:23:04Z
4w,F1,f01,bx_t128x64k32g22s32f32ciw,llama-3.1-8b,wq_wo,2048,4096,4096,sarc_dev_780m_x_linear_q4gsw_coopmat_bx_t128x64k32g22s32f32ciw_texture3d_texture2d_half,1,7981.12,0.110715,SKIPPED,,1,51,69,2800,2.4,2026-10-05T04:23:13Z
4w,F1,f01,bx_t128x64k32g22s32f32ciw,llama-3.2-3b,wq_wo,2048,3072,3072,sarc_dev_780m_x_linear_q4gsw_coopmat_bx_t128x64k32g22s32f32ciw_texture3d_texture2d_half,1,4490.58,0.127088,SKIPPED,,1,51,69,2800,2.4,2026-10-05T04:23:13Z
4w,F1,f01,bx_t128x64k32g22s32f32ciw,llama-3.2-1b,wq_wo,2048,2048,2048,sarc_dev_780m_x_linear_q4gsw_coopmat_bx_t128x64k32g22s32f32ciw_texture3d_texture2d_half,1,2127.1,0.144535,SKIPPED,,1,51,69,2800,2.4,2026-10-05T04:23:13Z
4w,F1,f01,bx_t128x64k32g22s32f32xiw,llama-3.1-8b,wq_wo,2048,4096,4096,sarc_dev_780m_x_linear_q4gsw_coopmat_bx_t128x64k32g22s32f32xiw_texture3d_texture2d_half,1,10446.1,0.0437675,SKIPPED,,1,52,64,2800,2.4,2026-10-05T04:23:27Z
4w,F1,f01,bx_t128x64k32g22s32f32xiw,llama-3.2-3b,wq_wo,2048,3072,3072,sarc_dev_780m_x_linear_q4gsw_coopmat_bx_t128x64k32g22s32f32xiw_texture3d_texture2d_half,1,6351.66,0.120537,SKIPPED,,1,52,64,2800,2.4,2026-10-05T04:23:27Z
4w,F1,f01,bx_t128x64k32g22s32f32xiw,llama-3.2-1b,wq_wo,2048,2048,2048,sarc_dev_780m_x_linear_q4gsw_coopmat_bx_t128x64k32g22s32f32xiw_texture3d_texture2d_half,1,2933.86,0.14319,SKIPPED,,1,52,64,2800,2.4,2026-10-05T04:23:27Z
4w,F1,f01,bx_t128x64k32g22s32f32biw,llama-3.1-8b,wq_wo,2048,4096,4096,sarc_dev_780m_x_linear_q4gsw_coopmat_bx_t128x64k32g22s32f32biw_texture3d_texture2d_half,1,7956.9,0.111175,SKIPPED,,1,51,66,2800,2.4,2026-10-05T04:23:36Z
4w,F1,f01,bx_t128x64k32g22s32f32biw,llama-3.2-3b,wq_wo,2048,3072,3072,sarc_dev_780m_x_linear_q4gsw_coopmat_bx_t128x64k32g22s32f32biw_texture3d_texture2d_half,1,4427.98,0.120533,SKIPPED,,1,51,66,2800,2.4,2026-10-05T04:23:36Z
4w,F1,f01,bx_t128x64k32g22s32f32biw,llama-3.2-1b,wq_wo,2048,2048,2048,sarc_dev_780m_x_linear_q4gsw_coopmat_bx_t128x64k32g22s32f32biw_texture3d_texture2d_half,1,2137.14,0.143758,SKIPPED,,1,51,66,2800,2.4,2026-10-05T04:23:36Z
4w,F1,f01,bx_t128x64k32g22s32f32xpiiw,llama-3.1-8b,wq_wo,2048,4096,4096,sarc_dev_780m_x_linear_q4gsw_coopmat_bx_t128x64k32g22s32f32xpiiw_texture3d_texture2d_half,1,8005.5,0.115691,SKIPPED,,1,52,67,2800,2.4,2026-10-05T04:23:49Z
4w,F1,f01,bx_t128x64k32g22s32f32xpiiw,llama-3.2-3b,wq_wo,2048,3072,3072,sarc_dev_780m_x_linear_q4gsw_coopmat_bx_t128x64k32g22s32f32xpiiw_texture3d_texture2d_half,1,4511.16,0.130768,SKIPPED,,1,52,67,2800,2.4,2026-10-05T04:23:49Z
4w,F1,f01,bx_t128x64k32g22s32f32xpiiw,llama-3.2-1b,wq_wo,2048,2048,2048,sarc_dev_780m_x_linear_q4gsw_coopmat_bx_t128x64k32g22s32f32xpiiw_texture3d_texture2d_half,1,2123.96,0.142005,SKIPPED,,1,52,67,2800,2.4,2026-10-05T04:23:49Z
4w,F1,f01,bx_t128x64k32g22s32f32xp,llama-3.1-8b,wq_wo,2048,4096,4096,sarc_dev_780m_x_linear_q4gsw_coopmat_bx_t128x64k32g22s32f32xp_texture3d_texture2d_half,1,8022.54,0.117449,SKIPPED,,1,60,67,2800,2.0,2026-10-05T04:23:51Z
4w,F1,f01,bx_t128x64k32g22s32f32xp,llama-3.2-3b,wq_wo,2048,3072,3072,sarc_dev_780m_x_linear_q4gsw_coopmat_bx_t128x64k32g22s32f32xp_texture3d_texture2d_half,1,4601.16,0.14484,SKIPPED,,1,60,67,2800,2.0,2026-10-05T04:23:51Z
4w,F1,f01,bx_t128x64k32g22s32f32xp,llama-3.2-1b,wq_wo,2048,2048,2048,sarc_dev_780m_x_linear_q4gsw_coopmat_bx_t128x64k32g22s32f32xp_texture3d_texture2d_half,1,2137.18,0.150203,SKIPPED,,1,60,67,2800,2.0,2026-10-05T04:23:51Z
4w,F1,f01,t128x64k32g22s32f32xpiw,llama-3.1-8b,wq_wo,2048,4096,4096,sarc_dev_780m_x_linear_q4gsw_coopmat_t128x64k32g22s32f32xpiw_texture3d_texture2d_half,1,8000.64,0.119342,SKIPPED,,1,60,69,2800,2.0,2026-10-05T04:23:53Z
4w,F1,f01,t128x64k32g22s32f32xpiw,llama-3.2-3b,wq_wo,2048,3072,3072,sarc_dev_780m_x_linear_q4gsw_coopmat_t128x64k32g22s32f32xpiw_texture3d_texture2d_half,1,4508.12,0.135184,SKIPPED,,1,60,69,2800,2.0,2026-10-05T04:23:53Z
4w,F1,f01,t128x64k32g22s32f32xpiw,llama-3.2-1b,wq_wo,2048,2048,2048,sarc_dev_780m_x_linear_q4gsw_coopmat_t128x64k32g22s32f32xpiw_texture3d_texture2d_half,1,2119.5,0.142556,SKIPPED,,1,60,69,2800,2.0,2026-10-05T04:23:53Z
4w,F1,f01,bx_t128x64k64g24s32f32xpiw,llama-3.1-8b,wq_wo,2048,4096,4096,sarc_dev_780m_x_linear_q4gsw_coopmat_bx_t128x64k64g24s32f32xpiw_texture3d_texture2d_half,1,8337.5,0.100559,SKIPPED,,1,61,68,2800,2.0,2026-10-05T04:23:55Z
4w,F1,f01,bx_t128x64k64g24s32f32xpiw,llama-3.2-3b,wq_wo,2048,3072,3072,sarc_dev_780m_x_linear_q4gsw_coopmat_bx_t128x64k64g24s32f32xpiw_texture3d_texture2d_half,1,5129.18,0.136353,SKIPPED,,1,61,68,2800,2.0,2026-10-05T04:23:55Z
4w,F1,f01,bx_t128x64k64g24s32f32xpiw,llama-3.2-1b,wq_wo,2048,2048,2048,sarc_dev_780m_x_linear_q4gsw_coopmat_bx_t128x64k64g24s32f32xpiw_texture3d_texture2d_half,1,2363.54,0.151984,SKIPPED,,1,61,68,2800,2.0,2026-10-05T04:23:55Z
4w,F1,f01,bx_t128x64k64g28s32f32xpiw,llama-3.1-8b,wq_wo,2048,4096,4096,sarc_dev_780m_x_linear_q4gsw_coopmat_bx_t128x64k64g28s32f32xpiw_texture3d_texture2d_half,1,11346.8,0.0884498,SKIPPED,,1,60,66,2800,2.0,2026-10-05T04:23:57Z
4w,F1,f01,bx_t128x64k64g28s32f32xpiw,llama-3.2-3b,wq_wo,2048,3072,3072,sarc_dev_780m_x_linear_q4gsw_coopmat_bx_t128x64k64g28s32f32xpiw_texture3d_texture2d_half,1,7220.18,0.133297,SKIPPED,,1,60,66,2800,2.0,2026-10-05T04:23:57Z
4w,F1,f01,bx_t128x64k64g28s32f32xpiw,llama-3.2-1b,wq_wo,2048,2048,2048,sarc_dev_780m_x_linear_q4gsw_coopmat_bx_t128x64k64g28s32f32xpiw_texture3d_texture2d_half,1,3192.46,0.139503,SKIPPED,,1,60,66,2800,2.0,2026-10-05T04:23:57Z
4w,F1,f01,bx_t128x64k64g22s32xpiw,llama-3.1-8b,wq_wo,2048,4096,4096,sarc_dev_780m_x_linear_q4gsw_coopmat_bx_t128x64k64g22s32xpiw_texture3d_texture2d_half,1,9368.02,0.0753402,SKIPPED,,1,59,65,2800,2.0,2026-10-05T04:23:59Z
4w,F1,f01,bx_t128x64k64g22s32xpiw,llama-3.2-3b,wq_wo,2048,3072,3072,sarc_dev_780m_x_linear_q4gsw_coopmat_bx_t128x64k64g22s32xpiw_texture3d_texture2d_half,1,6120.12,0.141782,SKIPPED,,1,59,65,2800,2.0,2026-10-05T04:23:59Z
4w,F1,f01,bx_t128x64k64g22s32xpiw,llama-3.2-1b,wq_wo,2048,2048,2048,sarc_dev_780m_x_linear_q4gsw_coopmat_bx_t128x64k64g22s32xpiw_texture3d_texture2d_half,1,2824.92,0.15001,SKIPPED,,1,59,65,2800,2.0,2026-10-05T04:23:59Z
4w,F1,f01,bx_t128x64k64g22s32gaxpiw,llama-3.1-8b,wq_wo,2048,4096,4096,sarc_dev_780m_x_linear_q4gsw_coopmat_bx_t128x64k64g22s32gaxpiw_texture3d_texture2d_half,1,12210.4,0.0306443,SKIPPED,,1,59,65,2800,2.1,2026-10-05T04:24:01Z
4w,F1,f01,bx_t128x64k64g22s32gaxpiw,llama-3.2-3b,wq_wo,2048,3072,3072,sarc_dev_780m_x_linear_q4gsw_coopmat_bx_t128x64k64g22s32gaxpiw_texture3d_texture2d_half,1,6925.56,0.0838759,SKIPPED,,1,59,65,2800,2.1,2026-10-05T04:24:01Z
4w,F1,f01,bx_t128x64k64g22s32gaxpiw,llama-3.2-1b,wq_wo,2048,2048,2048,sarc_dev_780m_x_linear_q4gsw_coopmat_bx_t128x64k64g22s32gaxpiw_texture3d_texture2d_half,1,3135.32,0.126008,SKIPPED,,1,59,65,2800,2.1,2026-10-05T04:24:01Z
4w,F1,f01,bx_t128x64k64g22s32f32iw,llama-3.1-8b,wq_wo,2048,4096,4096,sarc_dev_780m_x_linear_q4gsw_coopmat_bx_t128x64k64g22s32f32iw_texture3d_texture2d_half,1,9234.64,0.10362,SKIPPED,,1,60,64,2800,2.0,2026-10-05T04:24:03Z
4w,F1,f01,bx_t128x64k64g22s32f32iw,llama-3.2-3b,wq_wo,2048,3072,3072,sarc_dev_780m_x_linear_q4gsw_coopmat_bx_t128x64k64g22s32f32iw_texture3d_texture2d_half,1,5928.26,0.137245,SKIPPED,,1,60,64,2800,2.0,2026-10-05T04:24:03Z
4w,F1,f01,bx_t128x64k64g22s32f32iw,llama-3.2-1b,wq_wo,2048,2048,2048,sarc_dev_780m_x_linear_q4gsw_coopmat_bx_t128x64k64g22s32f32iw_texture3d_texture2d_half,1,2676.7,0.14998,SKIPPED,,1,60,64,2800,2.0,2026-10-05T04:24:03Z
4w,F1,f01,bx_t128x64k64g22s32f32ciw,llama-3.1-8b,wq_wo,2048,4096,4096,sarc_dev_780m_x_linear_q4gsw_coopmat_bx_t128x64k64g22s32f32ciw_texture3d_texture2d_half,1,9198.9,0.0755045,SKIPPED,,1,58,64,2800,2.0,2026-10-05T04:24:05Z
4w,F1,f01,bx_t128x64k64g22s32f32ciw,llama-3.2-3b,wq_wo,2048,3072,3072,sarc_dev_780m_x_linear_q4gsw_coopmat_bx_t128x64k64g22s32f32ciw_texture3d_texture2d_half,1,5865.68,0.130877,SKIPPED,,1,58,64,2800,2.0,2026-10-05T04:24:05Z
4w,F1,f01,bx_t128x64k64g22s32f32ciw,llama-3.2-1b,wq_wo,2048,2048,2048,sarc_dev_780m_x_linear_q4gsw_coopmat_bx_t128x64k64g22s32f32ciw_texture3d_texture2d_half,1,2620.26,0.148755,SKIPPED,,1,58,64,2800,2.0,2026-10-05T04:24:05Z
4w,F1,f01,bx_t128x64k64g22s32f32biw,llama-3.1-8b,wq_wo,2048,4096,4096,sarc_dev_780m_x_linear_q4gsw_coopmat_bx_t128x64k64g22s32f32biw_texture3d_texture2d_half,1,9079.3,0.0803232,SKIPPED,,1,50,61,2800,2.5,2026-10-05T04:24:15Z
4w,F1,f01,bx_t128x64k64g22s32f32biw,llama-3.2-3b,wq_wo,2048,3072,3072,sarc_dev_780m_x_linear_q4gsw_coopmat_bx_t128x64k64g22s32f32biw_texture3d_texture2d_half,1,6240.3,0.162442,SKIPPED,,1,50,61,2800,2.5,2026-10-05T04:24:15Z
4w,F1,f01,bx_t128x64k64g22s32f32biw,llama-3.2-1b,wq_wo,2048,2048,2048,sarc_dev_780m_x_linear_q4gsw_coopmat_bx_t128x64k64g22s32f32biw_texture3d_texture2d_half,1,2713.36,0.157328,SKIPPED,,1,50,61,2800,2.5,2026-10-05T04:24:15Z
4w,F1,f01,bx_t128x64k64g22s32f32xpiiw,llama-3.1-8b,wq_wo,2048,4096,4096,sarc_dev_780m_x_linear_q4gsw_coopmat_bx_t128x64k64g22s32f32xpiiw_texture3d_texture2d_half,1,9011.8,0.0889444,SKIPPED,,1,50,63,2800,2.5,2026-10-05T04:24:25Z
4w,F1,f01,bx_t128x64k64g22s32f32xpiiw,llama-3.2-3b,wq_wo,2048,3072,3072,sarc_dev_780m_x_linear_q4gsw_coopmat_bx_t128x64k64g22s32f32xpiiw_texture3d_texture2d_half,1,6234.26,0.157067,SKIPPED,,1,50,63,2800,2.5,2026-10-05T04:24:25Z
4w,F1,f01,bx_t128x64k64g22s32f32xpiiw,llama-3.2-1b,wq_wo,2048,2048,2048,sarc_dev_780m_x_linear_q4gsw_coopmat_bx_t128x64k64g22s32f32xpiiw_texture3d_texture2d_half,1,2692.7,0.16169,SKIPPED,,1,50,63,2800,2.5,2026-10-05T04:24:25Z
4w,F1,f01,bx_t128x64k64g22s32f32xp,llama-3.1-8b,wq_wo,2048,4096,4096,sarc_dev_780m_x_linear_q4gsw_coopmat_bx_t128x64k64g22s32f32xp_texture3d_texture2d_half,1,9025.88,0.0811716,SKIPPED,,1,51,64,2800,2.4,2026-10-05T04:24:38Z
4w,F1,f01,bx_t128x64k64g22s32f32xp,llama-3.2-3b,wq_wo,2048,3072,3072,sarc_dev_780m_x_linear_q4gsw_coopmat_bx_t128x64k64g22s32f32xp_texture3d_texture2d_half,1,5923.76,0.13645,SKIPPED,,1,51,64,2800,2.4,2026-10-05T04:24:38Z
4w,F1,f01,bx_t128x64k64g22s32f32xp,llama-3.2-1b,wq_wo,2048,2048,2048,sarc_dev_780m_x_linear_q4gsw_coopmat_bx_t128x64k64g22s32f32xp_texture3d_texture2d_half,1,2626.86,0.146761,SKIPPED,,1,51,64,2800,2.4,2026-10-05T04:24:38Z
4w,F1,f01,t128x64k64g22s32f32xpiw,llama-3.1-8b,wq_wo,2048,4096,4096,sarc_dev_780m_x_linear_q4gsw_coopmat_t128x64k64g22s32f32xpiw_texture3d_texture2d_half,1,8962.18,0.0851665,SKIPPED,,1,54,68,2800,2.5,2026-10-05T04:24:57Z
4w,F1,f01,t128x64k64g22s32f32xpiw,llama-3.2-3b,wq_wo,2048,3072,3072,sarc_dev_780m_x_linear_q4gsw_coopmat_t128x64k64g22s32f32xpiw_texture3d_texture2d_half,1,6176.1,0.161976,SKIPPED,,1,54,68,2800,2.5,2026-10-05T04:24:57Z
4w,F1,f01,t128x64k64g22s32f32xpiw,llama-3.2-1b,wq_wo,2048,2048,2048,sarc_dev_780m_x_linear_q4gsw_coopmat_t128x64k64g22s32f32xpiw_texture3d_texture2d_half,1,2625.2,0.148113,SKIPPED,,1,54,68,2800,2.5,2026-10-05T04:24:57Z
4w,F1,f01,bx_t128x64k16g11s32f32xpiw,llama-3.1-8b,wq_wo,2048,4096,4096,sarc_dev_780m_x_linear_q4gsw_coopmat_bx_t128x64k16g11s32f32xpiw_texture3d_texture2d_half,1,44373.8,0.00748816,SKIPPED,,1,57,69,2800,2.9,2026-10-05T04:25:37Z
4w,F1,f01,bx_t128x64k16g11s32f32xpiw,llama-3.2-3b,wq_wo,2048,3072,3072,sarc_dev_780m_x_linear_q4gsw_coopmat_bx_t128x64k16g11s32f32xpiw_texture3d_texture2d_half,1,23638.7,0.00349093,SKIPPED,,1,57,69,2800,2.9,2026-10-05T04:25:37Z
4w,F1,f01,bx_t128x64k16g11s32f32xpiw,llama-3.2-1b,wq_wo,2048,2048,2048,sarc_dev_780m_x_linear_q4gsw_coopmat_bx_t128x64k16g11s32f32xpiw_texture3d_texture2d_half,1,10502.9,0.0319171,SKIPPED,,1,57,69,2800,2.9,2026-10-05T04:25:37Z
4w,F1,f01,bx_t128x64k16g12s32xpiw,llama-3.1-8b,wq_wo,2048,4096,4096,sarc_dev_780m_x_linear_q4gsw_coopmat_bx_t128x64k16g12s32xpiw_texture3d_texture2d_half,1,144755,0.00372581,SKIPPED,,1,58,68,2800,3.5,2026-10-05T04:26:17Z
4w,F1,f01,bx_t128x64k16g12s32xpiw,llama-3.2-3b,wq_wo,2048,3072,3072,sarc_dev_780m_x_linear_q4gsw_coopmat_bx_t128x64k16g12s32xpiw_texture3d_texture2d_half,1,75894.3,0.00337574,SKIPPED,,1,58,68,2800,3.5,2026-10-05T04:26:17Z
4w,F1,f01,bx_t128x64k16g12s32xpiw,llama-3.2-1b,wq_wo,2048,2048,2048,sarc_dev_780m_x_linear_q4gsw_coopmat_bx_t128x64k16g12s32xpiw_texture3d_texture2d_half,1,28907.3,0.0145384,SKIPPED,,1,58,68,2800,3.5,2026-10-05T04:26:17Z
4w,F1,f01,bx_t128x64k16g12s32gaxpiw,llama-3.1-8b,wq_wo,2048,4096,4096,sarc_dev_780m_x_linear_q4gsw_coopmat_bx_t128x64k16g12s32gaxpiw_texture3d_texture2d_half,1,208162,0.000273188,SKIPPED,,1,56,65,2800,4.2,2026-10-05T04:26:28Z
4w,F1,f01,bx_t128x64k16g12s32gaxpiw,llama-3.2-3b,wq_wo,2048,3072,3072,sarc_dev_780m_x_linear_q4gsw_coopmat_bx_t128x64k16g12s32gaxpiw_texture3d_texture2d_half,1,112884,0.00278531,SKIPPED,,1,56,65,2800,4.2,2026-10-05T04:26:28Z
4w,F1,f01,bx_t128x64k16g12s32gaxpiw,llama-3.2-1b,wq_wo,2048,2048,2048,sarc_dev_780m_x_linear_q4gsw_coopmat_bx_t128x64k16g12s32gaxpiw_texture3d_texture2d_half,1,45434.4,0.00274146,SKIPPED,,1,56,65,2800,4.2,2026-10-05T04:26:28Z
4w,F1,f01,bx_t128x64k16g12s32f32iw,llama-3.1-8b,wq_wo,2048,4096,4096,sarc_dev_780m_x_linear_q4gsw_coopmat_bx_t128x64k16g12s32f32iw_texture3d_texture2d_half,1,7952.48,0.111789,SKIPPED,,1,55,70,2800,2.5,2026-10-05T04:26:38Z
4w,F1,f01,bx_t128x64k16g12s32f32iw,llama-3.2-3b,wq_wo,2048,3072,3072,sarc_dev_780m_x_linear_q4gsw_coopmat_bx_t128x64k16g12s32f32iw_texture3d_texture2d_half,1,4761.02,0.148692,SKIPPED,,1,55,70,2800,2.5,2026-10-05T04:26:38Z
4w,F1,f01,bx_t128x64k16g12s32f32iw,llama-3.2-1b,wq_wo,2048,2048,2048,sarc_dev_780m_x_linear_q4gsw_coopmat_bx_t128x64k16g12s32f32iw_texture3d_texture2d_half,1,2205.12,0.151379,SKIPPED,,1,55,70,2800,2.5,2026-10-05T04:26:38Z
4w,F1,f01,bx_t128x64k16g12s32f32ciw,llama-3.1-8b,wq_wo,2048,4096,4096,sarc_dev_780m_x_linear_q4gsw_coopmat_bx_t128x64k16g12s32f32ciw_texture3d_texture2d_half,1,7789.76,0.134193,SKIPPED,,1,55,71,2800,2.4,2026-10-05T04:26:51Z
4w,F1,f01,bx_t128x64k16g12s32f32ciw,llama-3.2-3b,wq_wo,2048,3072,3072,sarc_dev_780m_x_linear_q4gsw_coopmat_bx_t128x64k16g12s32f32ciw_texture3d_texture2d_half,1,4524.8,0.148679,SKIPPED,,1,55,71,2800,2.4,2026-10-05T04:26:51Z
4w,F1,f01,bx_t128x64k16g12s32f32ciw,llama-3.2-1b,wq_wo,2048,2048,2048,sarc_dev_780m_x_linear_q4gsw_coopmat_bx_t128x64k16g12s32f32ciw_texture3d_texture2d_half,1,2068.36,0.152199,SKIPPED,,1,55,71,2800,2.4,2026-10-05T04:26:51Z
4w,F1,f01,bx_t128x64k16g12s32f32xiw,llama-3.1-8b,wq_wo,2048,4096,4096,sarc_dev_780m_x_linear_q4gsw_coopmat_bx_t128x64k16g12s32f32xiw_texture3d_texture2d_half,1,11258.9,0.0809792,SKIPPED,,1,56,67,2800,2.5,2026-10-05T04:27:11Z
4w,F1,f01,bx_t128x64k16g12s32f32xiw,llama-3.2-3b,wq_wo,2048,3072,3072,sarc_dev_780m_x_linear_q4gsw_coopmat_bx_t128x64k16g12s32f32xiw_texture3d_texture2d_half,1,6513.02,0.0951944,SKIPPED,,1,56,67,2800,2.5,2026-10-05T04:27:11Z
4w,F1,f01,bx_t128x64k16g12s32f32xiw,llama-3.2-1b,wq_wo,2048,2048,2048,sarc_dev_780m_x_linear_q4gsw_coopmat_bx_t128x64k16g12s32f32xiw_texture3d_texture2d_half,1,3316.12,0.150855,SKIPPED,,1,56,67,2800,2.5,2026-10-05T04:27:11Z
4w,F1,f01,bx_t128x64k16g12s32f32biw,llama-3.1-8b,wq_wo,2048,4096,4096,sarc_dev_780m_x_linear_q4gsw_coopmat_bx_t128x64k16g12s32f32biw_texture3d_texture2d_half,1,7929.44,0.109038,SKIPPED,,1,58,73,2800,2.4,2026-10-05T04:27:51Z
4w,F1,f01,bx_t128x64k16g12s32f32biw,llama-3.2-3b,wq_wo,2048,3072,3072,sarc_dev_780m_x_linear_q4gsw_coopmat_bx_t128x64k16g12s32f32biw_texture3d_texture2d_half,1,4534.24,0.13431,SKIPPED,,1,58,73,2800,2.4,2026-10-05T04:27:51Z
4w,F1,f01,bx_t128x64k16g12s32f32biw,llama-3.2-1b,wq_wo,2048,2048,2048,sarc_dev_780m_x_linear_q4gsw_coopmat_bx_t128x64k16g12s32f32biw_texture3d_texture2d_half,1,2155.58,0.13956,SKIPPED,,1,58,73,2800,2.4,2026-10-05T04:27:51Z
4w,F1,f01,bx_t128x64k16g12s32f32xp,llama-3.1-8b,wq_wo,2048,4096,4096,sarc_dev_780m_x_linear_q4gsw_coopmat_bx_t128x64k16g12s32f32xp_texture3d_texture2d_half,1,7688.32,0.128334,SKIPPED,,1,58,76,2800,2.4,2026-10-05T04:28:31Z
4w,F1,f01,bx_t128x64k16g12s32f32xp,llama-3.2-3b,wq_wo,2048,3072,3072,sarc_dev_780m_x_linear_q4gsw_coopmat_bx_t128x64k16g12s32f32xp_texture3d_texture2d_half,1,4412.98,0.139737,SKIPPED,,1,58,76,2800,2.4,2026-10-05T04:28:31Z
4w,F1,f01,bx_t128x64k16g12s32f32xp,llama-3.2-1b,wq_wo,2048,2048,2048,sarc_dev_780m_x_linear_q4gsw_coopmat_bx_t128x64k16g12s32f32xp_texture3d_texture2d_half,1,2012.38,0.143023,SKIPPED,,1,58,76,2800,2.4,2026-10-05T04:28:31Z
4w,F1,f01,bx_t128x64k16g41s32f32xpiw,llama-3.1-8b,wq_wo,2048,4096,4096,sarc_dev_780m_x_linear_q4gsw_coopmat_bx_t128x64k16g41s32f32xpiw_texture3d_texture2d_half,1,8482.78,0.0864738,SKIPPED,,1,56,72,2800,2.4,2026-10-05T04:28:39Z
4w,F1,f01,bx_t128x64k16g41s32f32xpiw,llama-3.2-3b,wq_wo,2048,3072,3072,sarc_dev_780m_x_linear_q4gsw_coopmat_bx_t128x64k16g41s32f32xpiw_texture3d_texture2d_half,1,5135.98,0.128419,SKIPPED,,1,56,72,2800,2.4,2026-10-05T04:28:39Z
4w,F1,f01,bx_t128x64k16g41s32f32xpiw,llama-3.2-1b,wq_wo,2048,2048,2048,sarc_dev_780m_x_linear_q4gsw_coopmat_bx_t128x64k16g41s32f32xpiw_texture3d_texture2d_half,1,2339.08,0.133873,SKIPPED,,1,56,72,2800,2.4,2026-10-05T04:28:39Z
4w,F1,f01,bx_t128x64k16g21s64f32xpiw,llama-3.1-8b,wq_wo,2048,4096,4096,sarc_dev_780m_x_linear_q4gsw_coopmat_bx_t128x64k16g21s64f32xpiw_texture3d_texture2d_half,1,10567.9,0.0461302,SKIPPED,,1,55,69,2800,2.5,2026-10-05T04:28:46Z
4w,F1,f01,bx_t128x64k16g21s64f32xpiw,llama-3.2-3b,wq_wo,2048,3072,3072,sarc_dev_780m_x_linear_q4gsw_coopmat_bx_t128x64k16g21s64f32xpiw_texture3d_texture2d_half,1,6670.82,0.120413,SKIPPED,,1,55,69,2800,2.5,2026-10-05T04:28:46Z
4w,F1,f01,bx_t128x64k16g21s64f32xpiw,llama-3.2-1b,wq_wo,2048,2048,2048,sarc_dev_780m_x_linear_q4gsw_coopmat_bx_t128x64k16g21s64f32xpiw_texture3d_texture2d_half,1,3045.08,0.128002,SKIPPED,,1,55,69,2800,2.5,2026-10-05T04:28:46Z
4w,F1,f01,bx_t128x64k16g21s32xpiw,llama-3.1-8b,wq_wo,2048,4096,4096,sarc_dev_780m_x_linear_q4gsw_coopmat_bx_t128x64k16g21s32xpiw_texture3d_texture2d_half,1,141219,0.00654617,SKIPPED,,1,54,63,2800,3.5,2026-10-05T04:28:55Z
4w,F1,f01,bx_t128x64k16g21s32xpiw,llama-3.2-3b,wq_wo,2048,3072,3072,sarc_dev_780m_x_linear_q4gsw_coopmat_bx_t128x64k16g21s32xpiw_texture3d_texture2d_half,1,74380.4,0.000283435,SKIPPED,,1,54,63,2800,3.5,2026-10-05T04:28:55Z
4w,F1,f01,bx_t128x64k16g21s32xpiw,llama-3.2-1b,wq_wo,2048,2048,2048,sarc_dev_780m_x_linear_q4gsw_coopmat_bx_t128x64k16g21s32xpiw_texture3d_texture2d_half,1,28240,0.0248494,SKIPPED,,1,54,63,2800,3.5,2026-10-05T04:28:55Z
4w,F1,f01,bx_t128x64k16g21s32gaxpiw,llama-3.1-8b,wq_wo,2048,4096,4096,sarc_dev_780m_x_linear_q4gsw_coopmat_bx_t128x64k16g21s32gaxpiw_texture3d_texture2d_half,1,240769,0.00253638,SKIPPED,,1,59,63,2800,4.0,2026-10-05T04:28:59Z
4w,F1,f01,bx_t128x64k16g21s32gaxpiw,llama-3.2-3b,wq_wo,2048,3072,3072,sarc_dev_780m_x_linear_q4gsw_coopmat_bx_t128x64k16g21s32gaxpiw_texture3d_texture2d_half,1,132081,0.00271164,SKIPPED,,1,59,63,2800,4.0,2026-10-05T04:28:59Z
4w,F1,f01,bx_t128x64k16g21s32gaxpiw,llama-3.2-1b,wq_wo,2048,2048,2048,sarc_dev_780m_x_linear_q4gsw_coopmat_bx_t128x64k16g21s32gaxpiw_texture3d_texture2d_half,1,52975.7,0.00519747,SKIPPED,,1,59,63,2800,4.0,2026-10-05T04:28:59Z
4w,F1,f01,bx_t128x64k16g21s32f32iw,llama-3.1-8b,wq_wo,2048,4096,4096,sarc_dev_780m_x_linear_q4gsw_coopmat_bx_t128x64k16g21s32f32iw_texture3d_texture2d_half,1,8330.86,0.115115,SKIPPED,,1,59,70,2800,2.0,2026-10-05T04:29:01Z
4w,F1,f01,bx_t128x64k16g21s32f32iw,llama-3.2-3b,wq_wo,2048,3072,3072,sarc_dev_780m_x_linear_q4gsw_coopmat_bx_t128x64k16g21s32f32iw_texture3d_texture2d_half,1,5017.92,0.136052,SKIPPED,,1,59,70,2800,2.0,2026-10-05T04:29:01Z
4w,F1,f01,bx_t128x64k16g21s32f32iw,llama-3.2-1b,wq_wo,2048,2048,2048,sarc_dev_780m_x_linear_q4gsw_coopmat_bx_t128x64k16g21s32f32iw_texture3d_texture2d_half,1,2309.54,0.140077,SKIPPED,,1,59,70,2800,2.0,2026-10-05T04:29:01Z
4w,F1,f01,bx_t128x64k16g21s32f32ciw,llama-3.1-8b,wq_wo,2048,4096,4096,sarc_dev_780m_x_linear_q4gsw_coopmat_bx_t128x64k16g21s32f32ciw_texture3d_texture2d_half,1,7853.18,0.11773,SKIPPED,,1,54,71,2800,2.3,2026-10-05T04:29:08Z
4w,F1,f01,bx_t128x64k16g21s32f32ciw,llama-3.2-3b,wq_wo,2048,3072,3072,sarc_dev_780m_x_linear_q4gsw_coopmat_bx_t128x64k16g21s32f32ciw_texture3d_texture2d_half,1,4535.34,0.134036,SKIPPED,,1,54,71,2800,2.3,2026-10-05T04:29:08Z
4w,F1,f01,bx_t128x64k16g21s32f32ciw,llama-3.2-1b,wq_wo,2048,2048,2048,sarc_dev_780m_x_linear_q4gsw_coopmat_bx_t128x64k16g21s32f32ciw_texture3d_texture2d_half,1,2123.86,0.138344,SKIPPED,,1,54,71,2800,2.3,2026-10-05T04:29:08Z
4w,F1,f01,bx_t128x64k16g21s32f32xiw,llama-3.1-8b,wq_wo,2048,4096,4096,sarc_dev_780m_x_linear_q4gsw_coopmat_bx_t128x64k16g21s32f32xiw_texture3d_texture2d_half,1,11960.1,0.0767421,SKIPPED,,1,53,63,2800,2.5,2026-10-05T04:29:16Z
4w,F1,f01,bx_t128x64k16g21s32f32xiw,llama-3.2-3b,wq_wo,2048,3072,3072,sarc_dev_780m_x_linear_q4gsw_coopmat_bx_t128x64k16g21s32f32xiw_texture3d_texture2d_half,1,7906.2,0.147491,SKIPPED,,1,53,63,2800,2.5,2026-10-05T04:29:16Z
4w,F1,f01,bx_t128x64k16g21s32f32xiw,llama-3.2-1b,wq_wo,2048,2048,2048,sarc_dev_780m_x_linear_q4gsw_coopmat_bx_t128x64k16g21s32f32xiw_texture3d_texture2d_half,1,3545.06,0.144512,SKIPPED,,1,53,63,2800,2.5,2026-10-05T04:29:16Z
4w,F1,f01,bx_t128x64k16g21s32f32biw,llama-3.1-8b,wq_wo,2048,4096,4096,sarc_dev_780m_x_linear_q4gsw_coopmat_bx_t128x64k16g21s32f32biw_texture3d_texture2d_half,1,8112.44,0.100827,SKIPPED,,1,60,69,2800,2.0,2026-10-05T04:29:18Z
4w,F1,f01,bx_t128x64k16g21s32f32biw,llama-3.2-3b,wq_wo,2048,3072,3072,sarc_dev_780m_x_linear_q4gsw_coopmat_bx_t128x64k16g21s32f32biw_texture3d_texture2d_half,1,5008.14,0.134948,SKIPPED,,1,60,69,2800,2.0,2026-10-05T04:29:18Z
4w,F1,f01,bx_t128x64k16g21s32f32biw,llama-3.2-1b,wq_wo,2048,2048,2048,sarc_dev_780m_x_linear_q4gsw_coopmat_bx_t128x64k16g21s32f32biw_texture3d_texture2d_half,1,2321.02,0.140321,SKIPPED,,1,60,69,2800,2.0,2026-10-05T04:29:18Z
4w,F1,f01,bx_t128x64k16g21s32f32xpiiw,llama-3.1-8b,wq_wo,2048,4096,4096,sarc_dev_780m_x_linear_q4gsw_coopmat_bx_t128x64k16g21s32f32xpiiw_texture3d_texture2d_half,1,7694.54,0.118181,SKIPPED,,1,62,70,2800,2.0,2026-10-05T04:29:20Z
4w,F1,f01,bx_t128x64k16g21s32f32xpiiw,llama-3.2-3b,wq_wo,2048,3072,3072,sarc_dev_780m_x_linear_q4gsw_coopmat_bx_t128x64k16g21s32f32xpiiw_texture3d_texture2d_half,1,4510.58,0.132762,SKIPPED,,1,62,70,2800,2.0,2026-10-05T04:29:20Z
4w,F1,f01,bx_t128x64k16g21s32f32xpiiw,llama-3.2-1b,wq_wo,2048,2048,2048,sarc_dev_780m_x_linear_q4gsw_coopmat_bx_t128x64k16g21s32f32xpiiw_texture3d_texture2d_half,1,2071.96,0.132514,SKIPPED,,1,62,70,2800,2.0,2026-10-05T04:29:20Z
4w,F1,f01,bx_t128x64k16g21s32f32xp,llama-3.1-8b,wq_wo,2048,4096,4096,sarc_dev_780m_x_linear_q4gsw_coopmat_bx_t128x64k16g21s32f32xp_texture3d_texture2d_half,1,7830.08,0.121019,SKIPPED,,1,52,69,2800,2.3,2026-10-05T04:29:27Z
4w,F1,f01,bx_t128x64k16g21s32f32xp,llama-3.2-3b,wq_wo,2048,3072,3072,sarc_dev_780m_x_linear_q4gsw_coopmat_bx_t128x64k16g21s32f32xp_texture3d_texture2d_half,1,4603.66,0.145236,SKIPPED,,1,52,69,2800,2.3,2026-10-05T04:29:27Z
4w,F1,f01,bx_t128x64k16g21s32f32xp,llama-3.2-1b,wq_wo,2048,2048,2048,sarc_dev_780m_x_linear_q4gsw_coopmat_bx_t128x64k16g21s32f32xp_texture3d_texture2d_half,1,2138.68,0.144423,SKIPPED,,1,52,69,2800,2.3,2026-10-05T04:29:27Z
4w,F1,f01,t128x64k16g21s32f32xpiw,llama-3.1-8b,wq_wo,2048,4096,4096,sarc_dev_780m_x_linear_q4gsw_coopmat_t128x64k16g21s32f32xpiw_texture3d_texture2d_half,1,8010.6,0.125683,SKIPPED,,1,60,70,2800,2.0,2026-10-05T04:29:29Z
4w,F1,f01,t128x64k16g21s32f32xpiw,llama-3.2-3b,wq_wo,2048,3072,3072,sarc_dev_780m_x_linear_q4gsw_coopmat_t128x64k16g21s32f32xpiw_texture3d_texture2d_half,1,4474.2,0.126456,SKIPPED,,1,60,70,2800,2.0,2026-10-05T04:29:29Z
4w,F1,f01,t128x64k16g21s32f32xpiw,llama-3.2-1b,wq_wo,2048,2048,2048,sarc_dev_780m_x_linear_q4gsw_coopmat_t128x64k16g21s32f32xpiw_texture3d_texture2d_half,1,2140.14,0.145543,SKIPPED,,1,60,70,2800,2.0,2026-10-05T04:29:29Z
4w,F1,f01,bx_t128x64k16g22s32iw,llama-3.1-8b,wq_wo,2048,4096,4096,sarc_dev_780m_x_linear_q4gsw_coopmat_bx_t128x64k16g22s32iw_texture3d_texture2d_half,1,10359.9,0.0640862,SKIPPED,,1,62,69,2800,2.0,2026-10-05T04:29:31Z
4w,F1,f01,bx_t128x64k16g22s32iw,llama-3.2-3b,wq_wo,2048,3072,3072,sarc_dev_780m_x_linear_q4gsw_coopmat_bx_t128x64k16g22s32iw_texture3d_texture2d_half,1,6225.12,0.120763,SKIPPED,,1,62,69,2800,2.0,2026-10-05T04:29:31Z
4w,F1,f01,bx_t128x64k16g22s32iw,llama-3.2-1b,wq_wo,2048,2048,2048,sarc_dev_780m_x_linear_q4gsw_coopmat_bx_t128x64k16g22s32iw_texture3d_texture2d_half,1,2934.08,0.137951,SKIPPED,,1,62,69,2800,2.0,2026-10-05T04:29:31Z
4w,F1,f01,bx_t128x64k16g22s32ciw,llama-3.1-8b,wq_wo,2048,4096,4096,sarc_dev_780m_x_linear_q4gsw_coopmat_bx_t128x64k16g22s32ciw_texture3d_texture2d_half,1,10355.9,0.0566921,SKIPPED,,1,61,69,2800,2.0,2026-10-05T04:29:33Z
4w,F1,f01,bx_t128x64k16g22s32ciw,llama-3.2-3b,wq_wo,2048,3072,3072,sarc_dev_780m_x_linear_q4gsw_coopmat_bx_t128x64k16g22s32ciw_texture3d_texture2d_half,1,6510.48,0.141891,SKIPPED,,1,61,69,2800,2.0,2026-10-05T04:29:33Z
4w,F1,f01,bx_t128x64k16g22s32ciw,llama-3.2-1b,wq_wo,2048,2048,2048,sarc_dev_780m_x_linear_q4gsw_coopmat_bx_t128x64k16g22s32ciw_texture3d_texture2d_half,1,2923.38,0.137356,SKIPPED,,1,61,69,2800,2.0,2026-10-05T04:29:33Z
4w,F1,f01,bx_t128x64k16g22s32xiw,llama-3.1-8b,wq_wo,2048,4096,4096,sarc_dev_780m_x_linear_q4gsw_coopmat_bx_t128x64k16g22s32xiw_texture3d_texture2d_half,1,11427.4,0.0940029,SKIPPED,,1,61,68,2800,2.0,2026-10-05T04:29:35Z
4w,F1,f01,bx_t128x64k16g22s32xiw,llama-3.2-3b,wq_wo,2048,3072,3072,sarc_dev_780m_x_linear_q4gsw_coopmat_bx_t128x64k16g22s32xiw_texture3d_texture2d_half,1,6498.08,0.112775,SKIPPED,,1,61,68,2800,2.0,2026-10-05T04:29:35Z
4w,F1,f01,bx_t128x64k16g22s32xiw,llama-3.2-1b,wq_wo,2048,2048,2048,sarc_dev_780m_x_linear_q4gsw_coopmat_bx_t128x64k16g22s32xiw_texture3d_texture2d_half,1,3164.46,0.149096,SKIPPED,,1,61,68,2800,2.0,2026-10-05T04:29:35Z
4w,F1,f01,bx_t128x64k16g22s32biw,llama-3.1-8b,wq_wo,2048,4096,4096,sarc_dev_780m_x_linear_q4gsw_coopmat_bx_t128x64k16g22s32biw_texture3d_texture2d_half,1,10369.6,0.0520171,SKIPPED,,1,61,70,2800,2.0,2026-10-05T04:29:37Z
4w,F1,f01,bx_t128x64k16g22s32biw,llama-3.2-3b,wq_wo,2048,3072,3072,sarc_dev_780m_x_linear_q4gsw_coopmat_bx_t128x64k16g22s32biw_texture3d_texture2d_half,1,6207.34,0.118971,SKIPPED,,1,61,70,2800,2.0,2026-10-05T04:29:37Z
4w,F1,f01,bx_t128x64k16g22s32biw,llama-3.2-1b,wq_wo,2048,2048,2048,sarc_dev_780m_x_linear_q4gsw_coopmat_bx_t128x64k16g22s32biw_texture3d_texture2d_half,1,2957.84,0.141895,SKIPPED,,1,61,70,2800,2.0,2026-10-05T04:29:37Z
4w,F1,f01,bx_t128x64k16g22s32xpiiw,llama-3.1-8b,wq_wo,2048,4096,4096,sarc_dev_780m_x_linear_q4gsw_coopmat_bx_t128x64k16g22s32xpiiw_texture3d_texture2d_half,1,9924.74,0.0616563,SKIPPED,,1,61,68,2800,2.0,2026-10-05T04:29:39Z
4w,F1,f01,bx_t128x64k16g22s32xpiiw,llama-3.2-3b,wq_wo,2048,3072,3072,sarc_dev_780m_x_linear_q4gsw_coopmat_bx_t128x64k16g22s32xpiiw_texture3d_texture2d_half,1,6088.08,0.123552,SKIPPED,,1,61,68,2800,2.0,2026-10-05T04:29:39Z
4w,F1,f01,bx_t128x64k16g22s32xpiiw,llama-3.2-1b,wq_wo,2048,2048,2048,sarc_dev_780m_x_linear_q4gsw_coopmat_bx_t128x64k16g22s32xpiiw_texture3d_texture2d_half,1,2918.62,0.14911,SKIPPED,,1,61,68,2800,2.0,2026-10-05T04:29:39Z
4w,F1,f01,bx_t128x64k16g22s32xp,llama-3.1-8b,wq_wo,2048,4096,4096,sarc_dev_780m_x_linear_q4gsw_coopmat_bx_t128x64k16g22s32xp_texture3d_texture2d_half,1,9935.52,0.0575,SKIPPED,,1,61,68,2800,2.0,2026-10-05T04:29:41Z
4w,F1,f01,bx_t128x64k16g22s32xp,llama-3.2-3b,wq_wo,2048,3072,3072,sarc_dev_780m_x_linear_q4gsw_coopmat_bx_t128x64k16g22s32xp_texture3d_texture2d_half,1,6143.08,0.12896,SKIPPED,,1,61,68,2800,2.0,2026-10-05T04:29:41Z
4w,F1,f01,bx_t128x64k16g22s32xp,llama-3.2-1b,wq_wo,2048,2048,2048,sarc_dev_780m_x_linear_q4gsw_coopmat_bx_t128x64k16g22s32xp_texture3d_texture2d_half,1,2859.82,0.140692,SKIPPED,,1,61,68,2800,2.0,2026-10-05T04:29:41Z
4w,F1,f01,t128x64k16g22s32xpiw,llama-3.1-8b,wq_wo,2048,4096,4096,sarc_dev_780m_x_linear_q4gsw_coopmat_t128x64k16g22s32xpiw_texture3d_texture2d_half,1,9932.08,0.0664511,SKIPPED,,1,61,69,2800,2.0,2026-10-05T04:29:43Z
4w,F1,f01,t128x64k16g22s32xpiw,llama-3.2-3b,wq_wo,2048,3072,3072,sarc_dev_780m_x_linear_q4gsw_coopmat_t128x64k16g22s32xpiw_texture3d_texture2d_half,1,6094.94,0.123475,SKIPPED,,1,61,69,2800,2.0,2026-10-05T04:29:43Z
4w,F1,f01,t128x64k16g22s32xpiw,llama-3.2-1b,wq_wo,2048,2048,2048,sarc_dev_780m_x_linear_q4gsw_coopmat_t128x64k16g22s32xpiw_texture3d_texture2d_half,1,2872.34,0.143872,SKIPPED,,1,61,69,2800,2.0,2026-10-05T04:29:43Z
4w,F1,f01,bx_t128x64k16g22s32gaiw,llama-3.1-8b,wq_wo,2048,4096,4096,sarc_dev_780m_x_linear_q4gsw_coopmat_bx_t128x64k16g22s32gaiw_texture3d_texture2d_half,1,9751.12,0.0618472,SKIPPED,,1,61,69,2800,2.0,2026-10-05T04:29:45Z
4w,F1,f01,bx_t128x64k16g22s32gaiw,llama-3.2-3b,wq_wo,2048,3072,3072,sarc_dev_780m_x_linear_q4gsw_coopmat_bx_t128x64k16g22s32gaiw_texture3d_texture2d_half,1,6118.9,0.128242,SKIPPED,,1,61,69,2800,2.0,2026-10-05T04:29:45Z
4w,F1,f01,bx_t128x64k16g22s32gaiw,llama-3.2-1b,wq_wo,2048,2048,2048,sarc_dev_780m_x_linear_q4gsw_coopmat_bx_t128x64k16g22s32gaiw_texture3d_texture2d_half,1,2842.7,0.144521,SKIPPED,,1,61,69,2800,2.0,2026-10-05T04:29:45Z
4w,F1,f01,bx_t128x64k16g22s32gaciw,llama-3.1-8b,wq_wo,2048,4096,4096,sarc_dev_780m_x_linear_q4gsw_coopmat_bx_t128x64k16g22s32gaciw_texture3d_texture2d_half,1,9756.18,0.0624905,SKIPPED,,1,62,68,2800,2.0,2026-10-05T04:29:47Z
4w,F1,f01,bx_t128x64k16g22s32gaciw,llama-3.2-3b,wq_wo,2048,3072,3072,sarc_dev_780m_x_linear_q4gsw_coopmat_bx_t128x64k16g22s32gaciw_texture3d_texture2d_half,1,6084.94,0.13174,SKIPPED,,1,62,68,2800,2.0,2026-10-05T04:29:47Z
4w,F1,f01,bx_t128x64k16g22s32gaciw,llama-3.2-1b,wq_wo,2048,2048,2048,sarc_dev_780m_x_linear_q4gsw_coopmat_bx_t128x64k16g22s32gaciw_texture3d_texture2d_half,1,2857.34,0.146727,SKIPPED,,1,62,68,2800,2.0,2026-10-05T04:29:47Z
4w,F1,f01,bx_t128x64k16g22s32gaxiw,llama-3.1-8b,wq_wo,2048,4096,4096,sarc_dev_780m_x_linear_q4gsw_coopmat_bx_t128x64k16g22s32gaxiw_texture3d_texture2d_half,1,10679.9,0.0515908,SKIPPED,,1,62,69,2800,2.0,2026-10-05T04:29:49Z
4w,F1,f01,bx_t128x64k16g22s32gaxiw,llama-3.2-3b,wq_wo,2048,3072,3072,sarc_dev_780m_x_linear_q4gsw_coopmat_bx_t128x64k16g22s32gaxiw_texture3d_texture2d_half,1,6383.08,0.116939,SKIPPED,,1,62,69,2800,2.0,2026-10-05T04:29:49Z
4w,F1,f01,bx_t128x64k16g22s32gaxiw,llama-3.2-1b,wq_wo,2048,2048,2048,sarc_dev_780m_x_linear_q4gsw_coopmat_bx_t128x64k16g22s32gaxiw_texture3d_texture2d_half,1,2975.94,0.144115,SKIPPED,,1,62,69,2800,2.0,2026-10-05T04:29:49Z
4w,F1,f01,bx_t128x64k16g22s32gabiw,llama-3.1-8b,wq_wo,2048,4096,4096,sarc_dev_780m_x_linear_q4gsw_coopmat_bx_t128x64k16g22s32gabiw_texture3d_texture2d_half,1,9770.56,0.068551,SKIPPED,,1,61,69,2800,2.0,2026-10-05T04:29:51Z
4w,F1,f01,bx_t128x64k16g22s32gabiw,llama-3.2-3b,wq_wo,2048,3072,3072,sarc_dev_780m_x_linear_q4gsw_coopmat_bx_t128x64k16g22s32gabiw_texture3d_texture2d_half,1,6049.26,0.125731,SKIPPED,,1,61,69,2800,2.0,2026-10-05T04:29:51Z
4w,F1,f01,bx_t128x64k16g22s32gabiw,llama-3.2-1b,wq_wo,2048,2048,2048,sarc_dev_780m_x_linear_q4gsw_coopmat_bx_t128x64k16g22s32gabiw_texture3d_texture2d_half,1,2875.14,0.146592,SKIPPED,,1,61,69,2800,2.0,2026-10-05T04:29:51Z
4w,F1,f01,bx_t128x64k16g22s32gaxpiiw,llama-3.1-8b,wq_wo,2048,4096,4096,sarc_dev_780m_x_linear_q4gsw_coopmat_bx_t128x64k16g22s32gaxpiiw_texture3d_texture2d_half,1,9518.38,0.0582098,SKIPPED,,1,61,69,2800,2.0,2026-10-05T04:29:53Z
4w,F1,f01,bx_t128x64k16g22s32gaxpiiw,llama-3.2-3b,wq_wo,2048,3072,3072,sarc_dev_780m_x_linear_q4gsw_coopmat_bx_t128x64k16g22s32gaxpiiw_texture3d_texture2d_half,1,6037.44,0.13198,SKIPPED,,1,61,69,2800,2.0,2026-10-05T04:29:53Z
4w,F1,f01,bx_t128x64k16g22s32gaxpiiw,llama-3.2-1b,wq_wo,2048,2048,2048,sarc_dev_780m_x_linear_q4gsw_coopmat_bx_t128x64k16g22s32gaxpiiw_texture3d_texture2d_half,1,2708.14,0.139725,SKIPPED,,1,61,69,2800,2.0,2026-10-05T04:29:53Z
4w,F1,f01,bx_t128x64k16g22s32gaxp,llama-3.1-8b,wq_wo,2048,4096,4096,sarc_dev_780m_x_linear_q4gsw_coopmat_bx_t128x64k16g22s32gaxp_texture3d_texture2d_half,1,9528.64,0.0730541,SKIPPED,,1,62,69,2800,2.0,2026-10-05T04:29:55Z
4w,F1,f01,bx_t128x64k16g22s32gaxp,llama-3.2-3b,wq_wo,2048,3072,3072,sarc_dev_780m_x_linear_q4gsw_coopmat_bx_t128x64k16g22s32gaxp_texture3d_texture2d_half,1,5919.68,0.126178,SKIPPED,,1,62,69,2800,2.0,2026-10-05T04:29:55Z
4w,F1,f01,bx_t128x64k16g22s32gaxp,llama-3.2-1b,wq_wo,2048,2048,2048,sarc_dev_780m_x_linear_q4gsw_coopmat_bx_t128x64k16g22s32gaxp_texture3d_texture2d_half,1,2729.56,0.145978,SKIPPED,,1,62,69,2800,2.0,2026-10-05T04:29:55Z
4w,F1,f01,t128x64k16g22s32gaxpiw,llama-3.1-8b,wq_wo,2048,4096,4096,sarc_dev_780m_x_linear_q4gsw_coopmat_t128x64k16g22s32gaxpiw_texture3d_texture2d_half,1,9547.76,0.0741121,SKIPPED,,1,61,70,2800,2.0,2026-10-05T04:29:57Z
4w,F1,f01,t128x64k16g22s32gaxpiw,llama-3.2-3b,wq_wo,2048,3072,3072,sarc_dev_780m_x_linear_q4gsw_coopmat_t128x64k16g22s32gaxpiw_texture3d_texture2d_half,1,5915.84,0.12491,SKIPPED,,1,61,70,2800,2.0,2026-10-05T04:29:57Z
4w,F1,f01,t128x64k16g22s32gaxpiw,llama-3.2-1b,wq_wo,2048,2048,2048,sarc_dev_780m_x_linear_q4gsw_coopmat_t128x64k16g22s32gaxpiw_texture3d_texture2d_half,1,2678.4,0.135728,SKIPPED,,1,61,70,2800,2.0,2026-10-05T04:29:57Z
4w,F1,f01,bx_t128x64k16g22s32griw,llama-3.1-8b,wq_wo,2048,4096,4096,sarc_dev_780m_x_linear_q4gsw_coopmat_bx_t128x64k16g22s32griw_texture3d_texture2d_half,1,10741.7,0.0492553,SKIPPED,,1,62,67,2800,2.0,2026-10-05T04:29:59Z
4w,F1,f01,bx_t128x64k16g22s32griw,llama-3.2-3b,wq_wo,2048,3072,3072,sarc_dev_780m_x_linear_q4gsw_coopmat_bx_t128x64k16g22s32griw_texture3d_texture2d_half,1,6419.46,0.112356,SKIPPED,,1,62,67,2800,2.0,2026-10-05T04:29:59Z
4w,F1,f01,bx_t128x64k16g22s32griw,llama-3.2-1b,wq_wo,2048,2048,2048,sarc_dev_780m_x_linear_q4gsw_coopmat_bx_t128x64k16g22s32griw_texture3d_texture2d_half,1,3155.84,0.147715,SKIPPED,,1,62,67,2800,2.0,2026-10-05T04:29:59Z
4w,F1,f01,bx_t128x64k16g22s32grxiw,llama-3.1-8b,wq_wo,2048,4096,4096,sarc_dev_780m_x_linear_q4gsw_coopmat_bx_t128x64k16g22s32grxiw_texture3d_texture2d_half,1,12042.2,0.0707876,SKIPPED,,1,61,66,2800,2.0,2026-10-05T04:30:01Z
4w,F1,f01,bx_t128x64k16g22s32grxiw,llama-3.2-3b,wq_wo,2048,3072,3072,sarc_dev_780m_x_linear_q4gsw_coopmat_bx_t128x64k16g22s32grxiw_texture3d_texture2d_half,1,7454.6,0.121316,SKIPPED,,1,61,66,2800,2.0,2026-10-05T04:30:01Z
4w,F1,f01,bx_t128x64k16g22s32grxiw,llama-3.2-1b,wq_wo,2048,2048,2048,sarc_dev_780m_x_linear_q4gsw_coopmat_bx_t128x64k16g22s32grxiw_texture3d_texture2d_half,1,3517.66,0.148054,SKIPPED,,1,61,66,2800,2.0,2026-10-05T04:30:01Z
4w,F1,f01,bx_t128x64k16g22s32f32fliw,llama-3.1-8b,wq_wo,2048,4096,4096,sarc_dev_780m_x_linear_q4gsw_coopmat_bx_t128x64k16g22s32f32fliw_texture3d_texture2d_half,1,8133.88,0.113365,SKIPPED,,1,60,68,2800,2.0,2026-10-05T04:30:03Z
4w,F1,f01,bx_t128x64k16g22s32f32fliw,llama-3.2-3b,wq_wo,2048,3072,3072,sarc_dev_780m_x_linear_q4gsw_coopmat_bx_t128x64k16g22s32f32fliw_texture3d_texture2d_half,1,4846.72,0.137228,SKIPPED,,1,60,68,2800,2.0,2026-10-05T04:30:03Z
4w,F1,f01,bx_t128x64k16g22s32f32fliw,llama-3.2-1b,wq_wo,2048,2048,2048,sarc_dev_780m_x_linear_q4gsw_coopmat_bx_t128x64k16g22s32f32fliw_texture3d_texture2d_half,1,2159.36,0.14469,SKIPPED,,1,60,68,2800,2.0,2026-10-05T04:30:03Z
4w,F1,f01,bx_t128x64k16g22s32f32iiw,llama-3.1-8b,wq_wo,2048,4096,4096,sarc_dev_780m_x_linear_q4gsw_coopmat_bx_t128x64k16g22s32f32iiw_texture3d_texture2d_half,1,7790.94,0.109119,SKIPPED,,1,61,70,2800,1.9,2026-10-05T04:30:05Z
4w,F1,f01,bx_t128x64k16g22s32f32iiw,llama-3.2-3b,wq_wo,2048,3072,3072,sarc_dev_780m_x_linear_q4gsw_coopmat_bx_t128x64k16g22s32f32iiw_texture3d_texture2d_half,1,4320.36,0.120999,SKIPPED,,1,61,70,2800,1.9,2026-10-05T04:30:05Z
4w,F1,f01,bx_t128x64k16g22s32f32iiw,llama-3.2-1b,wq_wo,2048,2048,2048,sarc_dev_780m_x_linear_q4gsw_coopmat_bx_t128x64k16g22s32f32iiw_texture3d_texture2d_half,1,2005.42,0.138555,SKIPPED,,1,61,70,2800,1.9,2026-10-05T04:30:05Z
4w,F1,f01,bx_t128x64k16g22s32f32,llama-3.1-8b,wq_wo,2048,4096,4096,sarc_dev_780m_x_linear_q4gsw_coopmat_bx_t128x64k16g22s32f32_texture3d_texture2d_half,1,7748.16,0.106972,SKIPPED,,1,51,69,2800,2.3,2026-10-05T04:30:13Z
4w,F1,f01,bx_t128x64k16g22s32f32,llama-3.2-3b,wq_wo,2048,3072,3072,sarc_dev_780m_x_linear_q4gsw_coopmat_bx_t128x64k16g22s32f32_texture3d_texture2d_half,1,4416.32,0.131326,SKIPPED,,1,51,69,2800,2.3,2026-10-05T04:30:13Z
4w,F1,f01,bx_t128x64k16g22s32f32,llama-3.2-1b,wq_wo,2048,2048,2048,sarc_dev_780m_x_linear_q4gsw_coopmat_bx_t128x64k16g22s32f32_texture3d_texture2d_half,1,2009.42,0.139916,SKIPPED,,1,51,69,2800,2.3,2026-10-05T04:30:13Z
4w,F1,f01,bx_t128x64k16g22s32f32iwh,llama-3.1-8b,wq_wo,2048,4096,4096,sarc_dev_780m_x_linear_q4gsw_coopmat_bx_t128x64k16g22s32f32iwh_texture3d_texture2d_half,1,7970.6,0.111684,SKIPPED,,1,59,69,2800,2.0,2026-10-05T04:30:15Z
4w,F1,f01,bx_t128x64k16g22s32f32iwh,llama-3.2-3b,wq_wo,2048,3072,3072,sarc_dev_780m_x_linear_q4gsw_coopmat_bx_t128x64k16g22s32f32iwh_texture3d_texture2d_half,1,4543.06,0.131822,SKIPPED,,1,59,69,2800,2.0,2026-10-05T04:30:15Z
4w,F1,f01,bx_t128x64k16g22s32f32iwh,llama-3.2-1b,wq_wo,2048,2048,2048,sarc_dev_780m_x_linear_q4gsw_coopmat_bx_t128x64k16g22s32f32iwh_texture3d_texture2d_half,1,2086.78,0.152318,SKIPPED,,1,59,69,2800,2.0,2026-10-05T04:30:15Z
4w,F1,f01,t128x64k16g22s32f32iw,llama-3.1-8b,wq_wo,2048,4096,4096,sarc_dev_780m_x_linear_q4gsw_coopmat_t128x64k16g22s32f32iw_texture3d_texture2d_half,1,7900.64,0.116511,SKIPPED,,1,61,70,2800,1.9,2026-10-05T04:30:17Z
4w,F1,f01,t128x64k16g22s32f32iw,llama-3.2-3b,wq_wo,2048,3072,3072,sarc_dev_780m_x_linear_q4gsw_coopmat_t128x64k16g22s32f32iw_texture3d_texture2d_half,1,4459.84,0.137018,SKIPPED,,1,61,70,2800,1.9,2026-10-05T04:30:17Z
4w,F1,f01,t128x64k16g22s32f32iw,llama-3.2-1b,wq_wo,2048,2048,2048,sarc_dev_780m_x_linear_q4gsw_coopmat_t128x64k16g22s32f32iw_texture3d_texture2d_half,1,2013.36,0.136665,SKIPPED,,1,61,70,2800,1.9,2026-10-05T04:30:17Z
4w,F1,f01,bx_t128x64k16g22s32f32cfliw,llama-3.1-8b,wq_wo,2048,4096,4096,sarc_dev_780m_x_linear_q4gsw_coopmat_bx_t128x64k16g22s32f32cfliw_texture3d_texture2d_half,1,8125.46,0.109396,SKIPPED,,1,61,68,2800,2.0,2026-10-05T04:30:19Z
4w,F1,f01,bx_t128x64k16g22s32f32cfliw,llama-3.2-3b,wq_wo,2048,3072,3072,sarc_dev_780m_x_linear_q4gsw_coopmat_bx_t128x64k16g22s32f32cfliw_texture3d_texture2d_half,1,4882.76,0.136743,SKIPPED,,1,61,68,2800,2.0,2026-10-05T04:30:19Z
4w,F1,f01,bx_t128x64k16g22s32f32cfliw,llama-3.2-1b,wq_wo,2048,2048,2048,sarc_dev_780m_x_linear_q4gsw_coopmat_bx_t128x64k16g22s32f32cfliw_texture3d_texture2d_half,1,2182.02,0.151549,SKIPPED,,1,61,68,2800,2.0,2026-10-05T04:30:19Z
4w,F1,f01,bx_t128x64k16g22s32f32ciiw,llama-3.1-8b,wq_wo,2048,4096,4096,sarc_dev_780m_x_linear_q4gsw_coopmat_bx_t128x64k16g22s32f32ciiw_texture3d_texture2d_half,1,7073.92,0.0976177,SKIPPED,,1,61,71,2800,2.0,2026-10-05T04:30:21Z
4w,F1,f01,bx_t128x64k16g22s32f32ciiw,llama-3.2-3b,wq_wo,2048,3072,3072,sarc_dev_780m_x_linear_q4gsw_coopmat_bx_t128x64k16g22s32f32ciiw_texture3d_texture2d_half,1,4087.78,0.126393,SKIPPED,,1,61,71,2800,2.0,2026-10-05T04:30:21Z
4w,F1,f01,bx_t128x64k16g22s32f32ciiw,llama-3.2-1b,wq_wo,2048,2048,2048,sarc_dev_780m_x_linear_q4gsw_coopmat_bx_t128x64k16g22s32f32ciiw_texture3d_texture2d_half,1,1878.5,0.142403,SKIPPED,,1,61,71,2800,2.0,2026-10-05T04:30:21Z
4w,F1,f01,bx_t128x64k16g22s32f32c,llama-3.1-8b,wq_wo,2048,4096,4096,sarc_dev_780m_x_linear_q4gsw_coopmat_bx_t128x64k16g22s32f32c_texture3d_texture2d_half,1,6973.72,0.0906657,SKIPPED,,1,61,69,2800,2.0,2026-10-05T04:30:23Z
4w,F1,f01,bx_t128x64k16g22s32f32c,llama-3.2-3b,wq_wo,2048,3072,3072,sarc_dev_780m_x_linear_q4gsw_coopmat_bx_t128x64k16g22s32f32c_texture3d_texture2d_half,1,4043.26,0.129761,SKIPPED,,1,61,69,2800,2.0,2026-10-05T04:30:23Z
4w,F1,f01,bx_t128x64k16g22s32f32c,llama-3.2-1b,wq_wo,2048,2048,2048,sarc_dev_780m_x_linear_q4gsw_coopmat_bx_t128x64k16g22s32f32c_texture3d_texture2d_half,1,1869.42,0.137075,SKIPPED,,1,61,69,2800,2.0,2026-10-05T04:30:23Z
4w,F1,f01,t128x64k16g22s32f32ciw,llama-3.1-8b,wq_wo,2048,4096,4096,sarc_dev_780m_x_linear_q4gsw_coopmat_t128x64k16g22s32f32ciw_texture3d_texture2d_half,1,6968.76,0.0860942,SKIPPED,,1,61,70,2800,2.0,2026-10-05T04:30:25Z
4w,F1,f01,t128x64k16g22s32f32ciw,llama-3.2-3b,wq_wo,2048,3072,3072,sarc_dev_780m_x_linear_q4gsw_coopmat_t128x64k16g22s32f32ciw_texture3d_texture2d_half,1,4018.28,0.132363,SKIPPED,,1,61,70,2800,2.0,2026-10-05T04:30:25Z
4w,F1,f01,t128x64k16g22s32f32ciw,llama-3.2-1b,wq_wo,2048,2048,2048,sarc_dev_780m_x_linear_q4gsw_coopmat_t128x64k16g22s32f32ciw_texture3d_texture2d_half,1,1850.56,0.13658,SKIPPED,,1,61,70,2800,2.0,2026-10-05T04:30:25Z
4w,F1,f01,bx_t128x64k16g22s32f32xfliw,llama-3.1-8b,wq_wo,2048,4096,4096,sarc_dev_780m_x_linear_q4gsw_coopmat_bx_t128x64k16g22s32f32xfliw_texture3d_texture2d_half,1,9513.36,0.0686942,SKIPPED,,1,61,66,2800,2.0,2026-10-05T04:30:27Z
4w,F1,f01,bx_t128x64k16g22s32f32xfliw,llama-3.2-3b,wq_wo,2048,3072,3072,sarc_dev_780m_x_linear_q4gsw_coopmat_bx_t128x64k16g22s32f32xfliw_texture3d_texture2d_half,1,6001.86,0.128306,SKIPPED,,1,61,66,2800,2.0,2026-10-05T04:30:27Z
4w,F1,f01,bx_t128x64k16g22s32f32xfliw,llama-3.2-1b,wq_wo,2048,2048,2048,sarc_dev_780m_x_linear_q4gsw_coopmat_bx_t128x64k16g22s32f32xfliw_texture3d_texture2d_half,1,2691.76,0.138777,SKIPPED,,1,61,66,2800,2.0,2026-10-05T04:30:27Z
4w,F1,f01,bx_t128x64k16g22s32f32xiiw,llama-3.1-8b,wq_wo,2048,4096,4096,sarc_dev_780m_x_linear_q4gsw_coopmat_bx_t128x64k16g22s32f32xiiw_texture3d_texture2d_half,1,10232.8,0.0579772,SKIPPED,,1,60,65,2800,2.0,2026-10-05T04:30:29Z
4w,F1,f01,bx_t128x64k16g22s32f32xiiw,llama-3.2-3b,wq_wo,2048,3072,3072,sarc_dev_780m_x_linear_q4gsw_coopmat_bx_t128x64k16g22s32f32xiiw_texture3d_texture2d_half,1,6171.46,0.118331,SKIPPED,,1,60,65,2800,2.0,2026-10-05T04:30:29Z
4w,F1,f01,bx_t128x64k16g22s32f32xiiw,llama-3.2-1b,wq_wo,2048,2048,2048,sarc_dev_780m_x_linear_q4gsw_coopmat_bx_t128x64k16g22s32f32xiiw_texture3d_texture2d_half,1,2742.46,0.133375,SKIPPED,,1,60,65,2800,2.0,2026-10-05T04:30:29Z
4w,F1,f01,bx_t128x64k16g22s32f32x,llama-3.1-8b,wq_wo,2048,4096,4096,sarc_dev_780m_x_linear_q4gsw_coopmat_bx_t128x64k16g22s32f32x_texture3d_texture2d_half,1,10238.8,0.0495474,SKIPPED,,1,59,66,2800,2.0,2026-10-05T04:30:31Z
4w,F1,f01,bx_t128x64k16g22s32f32x,llama-3.2-3b,wq_wo,2048,3072,3072,sarc_dev_780m_x_linear_q4gsw_coopmat_bx_t128x64k16g22s32f32x_texture3d_texture2d_half,1,6179.94,0.11822,SKIPPED,,1,59,66,2800,2.0,2026-10-05T04:30:31Z
4w,F1,f01,bx_t128x64k16g22s32f32x,llama-3.2-1b,wq_wo,2048,2048,2048,sarc_dev_780m_x_linear_q4gsw_coopmat_bx_t128x64k16g22s32f32x_texture3d_texture2d_half,1,2722.12,0.128476,SKIPPED,,1,59,66,2800,2.0,2026-10-05T04:30:31Z
4w,F1,f01,bx_t128x64k16g22s32f32xiwh,llama-3.1-8b,wq_wo,2048,4096,4096,sarc_dev_780m_x_linear_q4gsw_coopmat_bx_t128x64k16g22s32f32xiwh_texture3d_texture2d_half,1,10783.8,0.044302,SKIPPED,,1,60,63,2800,2.1,2026-10-05T04:30:33Z
4w,F1,f01,bx_t128x64k16g22s32f32xiwh,llama-3.2-3b,wq_wo,2048,3072,3072,sarc_dev_780m_x_linear_q4gsw_coopmat_bx_t128x64k16g22s32f32xiwh_texture3d_texture2d_half,1,6991.52,0.100633,SKIPPED,,1,60,63,2800,2.1,2026-10-05T04:30:33Z
4w,F1,f01,bx_t128x64k16g22s32f32xiwh,llama-3.2-1b,wq_wo,2048,2048,2048,sarc_dev_780m_x_linear_q4gsw_coopmat_bx_t128x64k16g22s32f32xiwh_texture3d_texture2d_half,1,2845.6,0.134179,SKIPPED,,1,60,63,2800,2.1,2026-10-05T04:30:33Z
4w,F1,f01,t128x64k16g22s32f32xiw,llama-3.1-8b,wq_wo,2048,4096,4096,sarc_dev_780m_x_linear_q4gsw_coopmat_t128x64k16g22s32f32xiw_texture3d_texture2d_half,1,10267.6,0.0568561,SKIPPED,,1,58,65,2800,2.0,2026-10-05T04:30:35Z
4w,F1,f01,t128x64k16g22s32f32xiw,llama-3.2-3b,wq_wo,2048,3072,3072,sarc_dev_780m_x_linear_q4gsw_coopmat_t128x64k16g22s32f32xiw_texture3d_texture2d_half,1,6170.22,0.118975,SKIPPED,,1,58,65,2800,2.0,2026-10-05T04:30:35Z
4w,F1,f01,t128x64k16g22s32f32xiw,llama-3.2-1b,wq_wo,2048,2048,2048,sarc_dev_780m_x_linear_q4gsw_coopmat_t128x64k16g22s32f32xiw_texture3d_texture2d_half,1,2775.24,0.140074,SKIPPED,,1,58,65,2800,2.0,2026-10-05T04:30:35Z
4w,F1,f01,bx_t128x64k16g22s32f32bfliw,llama-3.1-8b,wq_wo,2048,4096,4096,sarc_dev_780m_x_linear_q4gsw_coopmat_bx_t128x64k16g22s32f32bfliw_texture3d_texture2d_half,1,8125.42,0.111038,SKIPPED,,1,58,67,2800,2.0,2026-10-05T04:30:37Z
4w,F1,f01,bx_t128x64k16g22s32f32bfliw,llama-3.2-3b,wq_wo,2048,3072,3072,sarc_dev_780m_x_linear_q4gsw_coopmat_bx_t128x64k16g22s32f32bfliw_texture3d_texture2d_half,1,5132.48,0.155737,SKIPPED,,1,58,67,2800,2.0,2026-10-05T04:30:37Z
4w,F1,f01,bx_t128x64k16g22s32f32bfliw,llama-3.2-1b,wq_wo,2048,2048,2048,sarc_dev_780m_x_linear_q4gsw_coopmat_bx_t128x64k16g22s32f32bfliw_texture3d_texture2d_half,1,2157.72,0.145513,SKIPPED,,1,58,67,2800,2.0,2026-10-05T04:30:37Z
4w,F1,f01,bx_t128x64k16g22s32f32biiw,llama-3.1-8b,wq_wo,2048,4096,4096,sarc_dev_780m_x_linear_q4gsw_coopmat_bx_t128x64k16g22s32f32biiw_texture3d_texture2d_half,1,7863.2,0.110232,SKIPPED,,1,60,70,2800,1.9,2026-10-05T04:30:39Z
4w,F1,f01,bx_t128x64k16g22s32f32biiw,llama-3.2-3b,wq_wo,2048,3072,3072,sarc_dev_780m_x_linear_q4gsw_coopmat_bx_t128x64k16g22s32f32biiw_texture3d_texture2d_half,1,4423.16,0.132582,SKIPPED,,1,60,70,2800,1.9,2026-10-05T04:30:39Z
4w,F1,f01,bx_t128x64k16g22s32f32biiw,llama-3.2-1b,wq_wo,2048,2048,2048,sarc_dev_780m_x_linear_q4gsw_coopmat_bx_t128x64k16g22s32f32biiw_texture3d_texture2d_half,1,2010.6,0.140112,SKIPPED,,1,60,70,2800,1.9,2026-10-05T04:30:39Z
4w,F1,f01,bx_t128x64k16g22s32f32b,llama-3.1-8b,wq_wo,2048,4096,4096,sarc_dev_780m_x_linear_q4gsw_coopmat_bx_t128x64k16g22s32f32b_texture3d_texture2d_half,1,7951.58,0.119929,SKIPPED,,1,61,70,2800,1.9,2026-10-05T04:30:41Z
4w,F1,f01,bx_t128x64k16g22s32f32b,llama-3.2-3b,wq_wo,2048,3072,3072,sarc_dev_780m_x_linear_q4gsw_coopmat_bx_t128x64k16g22s32f32b_texture3d_texture2d_half,1,4437.7,0.134315,SKIPPED,,1,61,70,2800,1.9,2026-10-05T04:30:41Z
4w,F1,f01,bx_t128x64k16g22s32f32b,llama-3.2-1b,wq_wo,2048,2048,2048,sarc_dev_780m_x_linear_q4gsw_coopmat_bx_t128x64k16g22s32f32b_texture3d_texture2d_half,1,2013.36,0.141989,SKIPPED,,1,61,70,2800,1.9,2026-10-05T04:30:41Z
4w,F1,f01,bx_t128x64k16g22s32f32biwh,llama-3.1-8b,wq_wo,2048,4096,4096,sarc_dev_780m_x_linear_q4gsw_coopmat_bx_t128x64k16g22s32f32biwh_texture3d_texture2d_half,1,8042.3,0.114912,SKIPPED,,1,61,71,2800,2.0,2026-10-05T04:30:43Z
4w,F1,f01,bx_t128x64k16g22s32f32biwh,llama-3.2-3b,wq_wo,2048,3072,3072,sarc_dev_780m_x_linear_q4gsw_coopmat_bx_t128x64k16g22s32f32biwh_texture3d_texture2d_half,1,4532.46,0.133625,SKIPPED,,1,61,71,2800,2.0,2026-10-05T04:30:43Z
4w,F1,f01,bx_t128x64k16g22s32f32biwh,llama-3.2-1b,wq_wo,2048,2048,2048,sarc_dev_780m_x_linear_q4gsw_coopmat_bx_t128x64k16g22s32f32biwh_texture3d_texture2d_half,1,2021.78,0.131891,SKIPPED,,1,61,71,2800,2.0,2026-10-05T04:30:43Z
4w,F1,f01,t128x64k16g22s32f32biw,llama-3.1-8b,wq_wo,2048,4096,4096,sarc_dev_780m_x_linear_q4gsw_coopmat_t128x64k16g22s32f32biw_texture3d_texture2d_half,1,8067.52,0.122263,SKIPPED,,1,62,69,2800,2.0,2026-10-05T04:30:45Z
4w,F1,f01,t128x64k16g22s32f32biw,llama-3.2-3b,wq_wo,2048,3072,3072,sarc_dev_780m_x_linear_q4gsw_coopmat_t128x64k16g22s32f32biw_texture3d_texture2d_half,1,4513.7,0.141876,SKIPPED,,1,62,69,2800,2.0,2026-10-05T04:30:45Z
4w,F1,f01,t128x64k16g22s32f32biw,llama-3.2-1b,wq_wo,2048,2048,2048,sarc_dev_780m_x_linear_q4gsw_coopmat_t128x64k16g22s32f32biw_texture3d_texture2d_half,1,2023.6,0.135811,SKIPPED,,1,62,69,2800,2.0,2026-10-05T04:30:45Z
4w,F1,f01,bx_t128x64k16g22s32f32xpi,llama-3.1-8b,wq_wo,2048,4096,4096,sarc_dev_780m_x_linear_q4gsw_coopmat_bx_t128x64k16g22s32f32xpi_texture3d_texture2d_half,1,6979.94,0.0877917,SKIPPED,,1,61,71,2800,2.0,2026-10-05T04:30:47Z
4w,F1,f01,bx_t128x64k16g22s32f32xpi,llama-3.2-3b,wq_wo,2048,3072,3072,sarc_dev_780m_x_linear_q4gsw_coopmat_bx_t128x64k16g22s32f32xpi_texture3d_texture2d_half,1,4046.92,0.110244,SKIPPED,,1,61,71,2800,2.0,2026-10-05T04:30:47Z
4w,F1,f01,bx_t128x64k16g22s32f32xpi,llama-3.2-1b,wq_wo,2048,2048,2048,sarc_dev_780m_x_linear_q4gsw_coopmat_bx_t128x64k16g22s32f32xpi_texture3d_texture2d_half,1,1873.28,0.14047,SKIPPED,,1,61,71,2800,2.0,2026-10-05T04:30:47Z
4w,F1,f01,t128x64k16g22s32f32xp,llama-3.1-8b,wq_wo,2048,4096,4096,sarc_dev_780m_x_linear_q4gsw_coopmat_t128x64k16g22s32f32xp_texture3d_texture2d_half,1,7026.64,0.0958769,SKIPPED,,1,61,71,2800,2.0,2026-10-05T04:30:49Z
4w,F1,f01,t128x64k16g22s32f32xp,llama-3.2-3b,wq_wo,2048,3072,3072,sarc_dev_780m_x_linear_q4gsw_coopmat_t128x64k16g22s32f32xp_texture3d_texture2d_half,1,4067.88,0.139608,SKIPPED,,1,61,71,2800,2.0,2026-10-05T04:30:49Z
4w,F1,f01,t128x64k16g22s32f32xp,llama-3.2-1b,wq_wo,2048,2048,2048,sarc_dev_780m_x_linear_q4gsw_coopmat_t128x64k16g22s32f32xp_texture3d_texture2d_half,1,1870.64,0.140003,SKIPPED,,1,61,71,2800,2.0,2026-10-05T04:30:49Z
4w,F1,f01,t32x128k64g42s32f32bbt,llama-3.1-8b,wq_wo,2048,4096,4096,sarc_dev_780m_x_linear_q4gsw_coopmat_t32x128k64g42s32f32bbt_texture3d_texture2d_half,1,11326.5,0.0939583,SKIPPED,,1,61,69,2800,2.0,2026-10-05T04:30:51Z
4w,F1,f01,t32x128k64g42s32f32bbt,llama-3.2-3b,wq_wo,2048,3072,3072,sarc_dev_780m_x_linear_q4gsw_coopmat_t32x128k64g42s32f32bbt_texture3d_texture2d_half,1,6524.66,0.111739,SKIPPED,,1,61,69,2800,2.0,2026-10-05T04:30:51Z
4w,F1,f01,t32x128k64g42s32f32bbt,llama-3.2-1b,wq_wo,2048,2048,2048,sarc_dev_780m_x_linear_q4gsw_coopmat_t32x128k64g42s32f32bbt_texture3d_texture2d_half,1,3223.36,0.15106,SKIPPED,,1,61,69,2800,2.0,2026-10-05T04:30:51Z
4w,F1,f01,t32x128k32g12s32f32bbt,llama-3.1-8b,wq_wo,2048,4096,4096,sarc_dev_780m_x_linear_q4gsw_coopmat_t32x128k32g12s32f32bbt_texture3d_texture2d_half,1,13983.5,0.0331883,SKIPPED,,1,61,65,2800,2.1,2026-10-05T04:30:53Z
4w,F1,f01,t32x128k32g12s32f32bbt,llama-3.2-3b,wq_wo,2048,3072,3072,sarc_dev_780m_x_linear_q4gsw_coopmat_t32x128k32g12s32f32bbt_texture3d_texture2d_half,1,8192.58,0.101275,SKIPPED,,1,61,65,2800,2.1,2026-10-05T04:30:53Z
4w,F1,f01,t32x128k32g12s32f32bbt,llama-3.2-1b,wq_wo,2048,2048,2048,sarc_dev_780m_x_linear_q4gsw_coopmat_t32x128k32g12s32f32bbt_texture3d_texture2d_half,1,3970.4,0.141749,SKIPPED,,1,61,65,2800,2.1,2026-10-05T04:30:53Z
4w,F1,f01,t32x128k32g22s32f32bbt,llama-3.1-8b,wq_wo,2048,4096,4096,sarc_dev_780m_x_linear_q4gsw_coopmat_t32x128k32g22s32f32bbt_texture3d_texture2d_half,1,10308.7,0.0430481,SKIPPED,,1,59,69,2800,2.0,2026-10-05T04:30:55Z
4w,F1,f01,t32x128k32g22s32f32bbt,llama-3.2-3b,wq_wo,2048,3072,3072,sarc_dev_780m_x_linear_q4gsw_coopmat_t32x128k32g22s32f32bbt_texture3d_texture2d_half,1,6254.52,0.11163,SKIPPED,,1,59,69,2800,2.0,2026-10-05T04:30:55Z
4w,F1,f01,t32x128k32g22s32f32bbt,llama-3.2-1b,wq_wo,2048,2048,2048,sarc_dev_780m_x_linear_q4gsw_coopmat_t32x128k32g22s32f32bbt_texture3d_texture2d_half,1,2943.4,0.147607,SKIPPED,,1,59,69,2800,2.0,2026-10-05T04:30:55Z
4w,F1,f01,t32x128k32g41s32f32bbt,llama-3.1-8b,wq_wo,2048,4096,4096,sarc_dev_780m_x_linear_q4gsw_coopmat_t32x128k32g41s32f32bbt_texture3d_texture2d_half,1,10497,0.0438941,SKIPPED,,1,61,69,2800,2.0,2026-10-05T04:30:57Z
4w,F1,f01,t32x128k32g41s32f32bbt,llama-3.2-3b,wq_wo,2048,3072,3072,sarc_dev_780m_x_linear_q4gsw_coopmat_t32x128k32g41s32f32bbt_texture3d_texture2d_half,1,6301.54,0.113755,SKIPPED,,1,61,69,2800,2.0,2026-10-05T04:30:57Z
4w,F1,f01,t32x128k32g41s32f32bbt,llama-3.2-1b,wq_wo,2048,2048,2048,sarc_dev_780m_x_linear_q4gsw_coopmat_t32x128k32g41s32f32bbt_texture3d_texture2d_half,1,2965.38,0.141157,SKIPPED,,1,61,69,2800,2.0,2026-10-05T04:30:57Z
4w,F1,f01,t64x64k32g42s32f32bbt,llama-3.1-8b,wq_wo,2048,4096,4096,sarc_dev_780m_x_linear_q4gsw_coopmat_t64x64k32g42s32f32bbt_texture3d_texture2d_half,1,8690.66,0.0871455,SKIPPED,,1,61,71,2800,2.0,2026-10-05T04:30:59Z
4w,F1,f01,t64x64k32g42s32f32bbt,llama-3.2-3b,wq_wo,2048,3072,3072,sarc_dev_780m_x_linear_q4gsw_coopmat_t64x64k32g42s32f32bbt_texture3d_texture2d_half,1,5193.78,0.121621,SKIPPED,,1,61,71,2800,2.0,2026-10-05T04:30:59Z
4w,F1,f01,t64x64k32g42s32f32bbt,llama-3.2-1b,wq_wo,2048,2048,2048,sarc_dev_780m_x_linear_q4gsw_coopmat_t64x64k32g42s32f32bbt_texture3d_texture2d_half,1,2561.2,0.164839,SKIPPED,,1,61,71,2800,2.0,2026-10-05T04:30:59Z
4w,F1,f01,t64x256k32g42s32f32bbt,llama-3.1-8b,wq_wo,2048,4096,4096,sarc_dev_780m_x_linear_q4gsw_coopmat_t64x256k32g42s32f32bbt_texture3d_texture2d_half,1,8288.42,0.121708,SKIPPED,,1,62,68,2800,2.0,2026-10-05T04:31:01Z
4w,F1,f01,t64x256k32g42s32f32bbt,llama-3.2-3b,wq_wo,2048,3072,3072,sarc_dev_780m_x_linear_q4gsw_coopmat_t64x256k32g42s32f32bbt_texture3d_texture2d_half,1,4987.64,0.132645,SKIPPED,,1,62,68,2800,2.0,2026-10-05T04:31:01Z
4w,F1,f01,t64x256k32g42s32f32bbt,llama-3.2-1b,wq_wo,2048,2048,2048,sarc_dev_780m_x_linear_q4gsw_coopmat_t64x256k32g42s32f32bbt_texture3d_texture2d_half,1,2155.22,0.136957,SKIPPED,,1,62,68,2800,2.0,2026-10-05T04:31:01Z
4w,F1,f01,t64x128k64g42s32f32bbt,llama-3.1-8b,wq_wo,2048,4096,4096,sarc_dev_780m_x_linear_q4gsw_coopmat_t64x128k64g42s32f32bbt_texture3d_texture2d_half,1,8316.66,0.111469,SKIPPED,,1,60,68,2800,2.0,2026-10-05T04:31:03Z
4w,F1,f01,t64x128k64g42s32f32bbt,llama-3.2-3b,wq_wo,2048,3072,3072,sarc_dev_780m_x_linear_q4gsw_coopmat_t64x128k64g42s32f32bbt_texture3d_texture2d_half,1,5076.88,0.137887,SKIPPED,,1,60,68,2800,2.0,2026-10-05T04:31:03Z
4w,F1,f01,t64x128k64g42s32f32bbt,llama-3.2-1b,wq_wo,2048,2048,2048,sarc_dev_780m_x_linear_q4gsw_coopmat_t64x128k64g42s32f32bbt_texture3d_texture2d_half,1,2311.1,0.147949,SKIPPED,,1,60,68,2800,2.0,2026-10-05T04:31:03Z
4w,F1,f01,t64x128k32g12s32f32bbt,llama-3.1-8b,wq_wo,2048,4096,4096,sarc_dev_780m_x_linear_q4gsw_coopmat_t64x128k32g12s32f32bbt_texture3d_texture2d_half,1,13590.7,0.046739,SKIPPED,,1,60,61,2800,2.1,2026-10-05T04:31:05Z
4w,F1,f01,t64x128k32g12s32f32bbt,llama-3.2-3b,wq_wo,2048,3072,3072,sarc_dev_780m_x_linear_q4gsw_coopmat_t64x128k32g12s32f32bbt_texture3d_texture2d_half,1,8072.76,0.106309,SKIPPED,,1,60,61,2800,2.1,2026-10-05T04:31:05Z
4w,F1,f01,t64x128k32g12s32f32bbt,llama-3.2-1b,wq_wo,2048,2048,2048,sarc_dev_780m_x_linear_q4gsw_coopmat_t64x128k32g12s32f32bbt_texture3d_texture2d_half,1,3980.96,0.136708,SKIPPED,,1,60,61,2800,2.1,2026-10-05T04:31:05Z
4w,F1,f01,t64x128k32g22s32f32bbt,llama-3.1-8b,wq_wo,2048,4096,4096,sarc_dev_780m_x_linear_q4gsw_coopmat_t64x128k32g22s32f32bbt_texture3d_texture2d_half,1,8530.5,0.0963109,SKIPPED,,1,57,68,2800,2.0,2026-10-05T04:31:07Z
4w,F1,f01,t64x128k32g22s32f32bbt,llama-3.2-3b,wq_wo,2048,3072,3072,sarc_dev_780m_x_linear_q4gsw_coopmat_t64x128k32g22s32f32bbt_texture3d_texture2d_half,1,5198.44,0.12923,SKIPPED,,1,57,68,2800,2.0,2026-10-05T04:31:07Z
4w,F1,f01,t64x128k32g22s32f32bbt,llama-3.2-1b,wq_wo,2048,2048,2048,sarc_dev_780m_x_linear_q4gsw_coopmat_t64x128k32g22s32f32bbt_texture3d_texture2d_half,1,2480.26,0.146254,SKIPPED,,1,57,68,2800,2.0,2026-10-05T04:31:07Z
4w,F1,f01,t64x128k32g41s32f32bbt,llama-3.1-8b,wq_wo,2048,4096,4096,sarc_dev_780m_x_linear_q4gsw_coopmat_t64x128k32g41s32f32bbt_texture3d_texture2d_half,1,8826.04,0.080462,SKIPPED,,1,61,66,2800,2.0,2026-10-05T04:31:09Z
4w,F1,f01,t64x128k32g41s32f32bbt,llama-3.2-3b,wq_wo,2048,3072,3072,sarc_dev_780m_x_linear_q4gsw_coopmat_t64x128k32g41s32f32bbt_texture3d_texture2d_half,1,5328.44,0.122542,SKIPPED,,1,61,66,2800,2.0,2026-10-05T04:31:09Z
4w,F1,f01,t64x128k32g41s32f32bbt,llama-3.2-1b,wq_wo,2048,2048,2048,sarc_dev_780m_x_linear_q4gsw_coopmat_t64x128k32g41s32f32bbt_texture3d_texture2d_half,1,2513.42,0.143262,SKIPPED,,1,61,66,2800,2.0,2026-10-05T04:31:09Z
4w,F1,f01,t64x128k32g42s32bbt,llama-3.1-8b,wq_wo,2048,4096,4096,sarc_dev_780m_x_linear_q4gsw_coopmat_t64x128k32g42s32bbt_texture3d_texture2d_half,1,8900.02,0.0787004,SKIPPED,,1,60,66,2800,2.0,2026-10-05T04:31:11Z
4w,F1,f01,t64x128k32g42s32bbt,llama-3.2-3b,wq_wo,2048,3072,3072,sarc_dev_780m_x_linear_q4gsw_coopmat_t64x128k32g42s32bbt_texture3d_texture2d_half,1,5833.28,0.136981,SKIPPED,,1,60,66,2800,2.0,2026-10-05T04:31:11Z
4w,F1,f01,t64x128k32g42s32bbt,llama-3.2-1b,wq_wo,2048,2048,2048,sarc_dev_780m_x_linear_q4gsw_coopmat_t64x128k32g42s32bbt_texture3d_texture2d_half,1,2679.68,0.163988,SKIPPED,,1,60,66,2800,2.0,2026-10-05T04:31:11Z
4w,F1,f01,t64x128k32g42s32gabbt,llama-3.1-8b,wq_wo,2048,4096,4096,sarc_dev_780m_x_linear_q4gsw_coopmat_t64x128k32g42s32gabbt_texture3d_texture2d_half,1,8633.88,0.0892999,SKIPPED,,1,59,70,2800,2.0,2026-10-05T04:31:13Z
4w,F1,f01,t64x128k32g42s32gabbt,llama-3.2-3b,wq_wo,2048,3072,3072,sarc_dev_780m_x_linear_q4gsw_coopmat_t64x128k32g42s32gabbt_texture3d_texture2d_half,1,5237.06,0.129302,SKIPPED,,1,59,70,2800,2.0,2026-10-05T04:31:13Z
4w,F1,f01,t64x128k32g42s32gabbt,llama-3.2-1b,wq_wo,2048,2048,2048,sarc_dev_780m_x_linear_q4gsw_coopmat_t64x128k32g42s32gabbt_texture3d_texture2d_half,1,2475.04,0.150841,SKIPPED,,1,59,70,2800,2.0,2026-10-05T04:31:13Z
4w,F1,f01,t64x128k32g42s32f32cbt,llama-3.1-8b,wq_wo,2048,4096,4096,sarc_dev_780m_x_linear_q4gsw_coopmat_t64x128k32g42s32f32cbt_texture3d_texture2d_half,1,7858.9,0.111065,SKIPPED,,1,61,69,2800,2.0,2026-10-05T04:31:15Z
4w,F1,f01,t64x128k32g42s32f32cbt,llama-3.2-3b,wq_wo,2048,3072,3072,sarc_dev_780m_x_linear_q4gsw_coopmat_t64x128k32g42s32f32cbt_texture3d_texture2d_half,1,5119.14,0.160941,SKIPPED,,1,61,69,2800,2.0,2026-10-05T04:31:15Z
4w,F1,f01,t64x128k32g42s32f32cbt,llama-3.2-1b,wq_wo,2048,2048,2048,sarc_dev_780m_x_linear_q4gsw_coopmat_t64x128k32g42s32f32cbt_texture3d_texture2d_half,1,2121.32,0.140496,SKIPPED,,1,61,69,2800,2.0,2026-10-05T04:31:15Z
4w,F1,f01,t64x128k32g42s32f32xbt,llama-3.1-8b,wq_wo,2048,4096,4096,sarc_dev_780m_x_linear_q4gsw_coopmat_t64x128k32g42s32f32xbt_texture3d_texture2d_half,1,9297.52,0.0702233,SKIPPED,,1,60,66,2800,2.0,2026-10-05T04:31:17Z
4w,F1,f01,t64x128k32g42s32f32xbt,llama-3.2-3b,wq_wo,2048,3072,3072,sarc_dev_780m_x_linear_q4gsw_coopmat_t64x128k32g42s32f32xbt_texture3d_texture2d_half,1,5933.56,0.12978,SKIPPED,,1,60,66,2800,2.0,2026-10-05T04:31:17Z
4w,F1,f01,t64x128k32g42s32f32xbt,llama-3.2-1b,wq_wo,2048,2048,2048,sarc_dev_780m_x_linear_q4gsw_coopmat_t64x128k32g42s32f32xbt_texture3d_texture2d_half,1,2700,0.151759,SKIPPED,,1,60,66,2800,2.0,2026-10-05T04:31:17Z
4w,F1,f01,t64x128k32g42s32f32bibt,llama-3.1-8b,wq_wo,2048,4096,4096,sarc_dev_780m_x_linear_q4gsw_coopmat_t64x128k32g42s32f32bibt_texture3d_texture2d_half,1,8352.52,0.106526,SKIPPED,,1,59,69,2800,2.0,2026-10-05T04:31:19Z
4w,F1,f01,t64x128k32g42s32f32bibt,llama-3.2-3b,wq_wo,2048,3072,3072,sarc_dev_780m_x_linear_q4gsw_coopmat_t64x128k32g42s32f32bibt_texture3d_texture2d_half,1,5056.1,0.137098,SKIPPED,,1,59,69,2800,2.0,2026-10-05T04:31:19Z
4w,F1,f01,t64x128k32g42s32f32bibt,llama-3.2-1b,wq_wo,2048,2048,2048,sarc_dev_780m_x_linear_q4gsw_coopmat_t64x128k32g42s32f32bibt_texture3d_texture2d_half,1,2303.74,0.144856,SKIPPED,,1,59,69,2800,2.0,2026-10-05T04:31:19Z
4w,F1,f01,t64x128k32g42s32f32biwbt,llama-3.1-8b,wq_wo,2048,4096,4096,sarc_dev_780m_x_linear_q4gsw_coopmat_t64x128k32g42s32f32biwbt_texture3d_texture2d_half,1,8364.66,0.105346,SKIPPED,,1,61,68,2800,2.0,2026-10-05T04:31:21Z
4w,F1,f01,t64x128k32g42s32f32biwbt,llama-3.2-3b,wq_wo,2048,3072,3072,sarc_dev_780m_x_linear_q4gsw_coopmat_t64x128k32g42s32f32biwbt_texture3d_texture2d_half,1,5077.02,0.134738,SKIPPED,,1,61,68,2800,2.0,2026-10-05T04:31:21Z
4w,F1,f01,t64x128k32g42s32f32biwbt,llama-3.2-1b,wq_wo,2048,2048,2048,sarc_dev_780m_x_linear_q4gsw_coopmat_t64x128k32g42s32f32biwbt_texture3d_texture2d_half,1,2434.2,0.158749,SKIPPED,,1,61,68,2800,2.0,2026-10-05T04:31:21Z
4w,F1,f01,t64x128k32g42s32f32b,llama-3.1-8b,wq_wo,2048,4096,4096,sarc_dev_780m_x_linear_q4gsw_coopmat_t64x128k32g42s32f32b_texture3d_texture2d_half,1,8233.34,0.108988,SKIPPED,,1,61,71,2800,2.0,2026-10-05T04:31:23Z
4w,F1,f01,t64x128k32g42s32f32b,llama-3.2-3b,wq_wo,2048,3072,3072,sarc_dev_780m_x_linear_q4gsw_coopmat_t64x128k32g42s32f32b_texture3d_texture2d_half,1,5037.36,0.135192,SKIPPED,,1,61,71,2800,2.0,2026-10-05T04:31:23Z
4w,F1,f01,t64x128k32g42s32f32b,llama-3.2-1b,wq_wo,2048,2048,2048,sarc_dev_780m_x_linear_q4gsw_coopmat_t64x128k32g42s32f32b_texture3d_texture2d_half,1,2304.78,0.147762,SKIPPED,,1,61,71,2800,2.0,2026-10-05T04:31:23Z
4w,F1,f01,t128x64k32g42s32f32bbt,llama-3.1-8b,wq_wo,2048,4096,4096,sarc_dev_780m_x_linear_q4gsw_coopmat_t128x64k32g42s32f32bbt_texture3d_texture2d_half,1,8058.94,0.111622,SKIPPED,,1,61,69,2800,1.9,2026-10-05T04:31:25Z
4w,F1,f01,t128x64k32g42s32f32bbt,llama-3.2-3b,wq_wo,2048,3072,3072,sarc_dev_780m_x_linear_q4gsw_coopmat_t128x64k32g42s32f32bbt_texture3d_texture2d_half,1,4860.18,0.137707,SKIPPED,,1,61,69,2800,1.9,2026-10-05T04:31:25Z
4w,F1,f01,t128x64k32g42s32f32bbt,llama-3.2-1b,wq_wo,2048,2048,2048,sarc_dev_780m_x_linear_q4gsw_coopmat_t128x64k32g42s32f32bbt_texture3d_texture2d_half,1,2156.62,0.140926,SKIPPED,,1,61,69,2800,1.9,2026-10-05T04:31:25Z
4w,F1,f01,t128x128k16g42s32f32bbt,llama-3.1-8b,wq_wo,2048,4096,4096,sarc_dev_780m_x_linear_q4gsw_coopmat_t128x128k16g42s32f32bbt_texture3d_texture2d_half,1,7635.24,0.112468,SKIPPED,,1,61,69,2800,2.0,2026-10-05T04:31:27Z
4w,F1,f01,t128x128k16g42s32f32bbt,llama-3.2-3b,wq_wo,2048,3072,3072,sarc_dev_780m_x_linear_q4gsw_coopmat_t128x128k16g42s32f32bbt_texture3d_texture2d_half,1,4356.02,0.138608,SKIPPED,,1,61,69,2800,2.0,2026-10-05T04:31:27Z
4w,F1,f01,t128x128k16g42s32f32bbt,llama-3.2-1b,wq_wo,2048,2048,2048,sarc_dev_780m_x_linear_q4gsw_coopmat_t128x128k16g42s32f32bbt_texture3d_texture2d_half,1,1906.18,0.136496,SKIPPED,,1,61,69,2800,2.0,2026-10-05T04:31:27Z
4w,F1,f01,t128x128k32g12s32f32bbt,llama-3.1-8b,wq_wo,2048,4096,4096,sarc_dev_780m_x_linear_q4gsw_coopmat_t128x128k32g12s32f32bbt_texture3d_texture2d_half,1,45899.8,0.00168718,SKIPPED,,1,60,60,2800,2.3,2026-10-05T04:31:29Z
4w,F1,f01,t128x128k32g12s32f32bbt,llama-3.2-3b,wq_wo,2048,3072,3072,sarc_dev_780m_x_linear_q4gsw_coopmat_t128x128k32g12s32f32bbt_texture3d_texture2d_half,1,26115.3,0.00190076,SKIPPED,,1,60,60,2800,2.3,2026-10-05T04:31:29Z
4w,F1,f01,t128x128k32g12s32f32bbt,llama-3.2-1b,wq_wo,2048,2048,2048,sarc_dev_780m_x_linear_q4gsw_coopmat_t128x128k32g12s32f32bbt_texture3d_texture2d_half,1,11899.6,0.0449291,SKIPPED,,1,60,60,2800,2.3,2026-10-05T04:31:29Z
4w,F1,f01,t128x128k32g22s32f32bbt,llama-3.1-8b,wq_wo,2048,4096,4096,sarc_dev_780m_x_linear_q4gsw_coopmat_t128x128k32g22s32f32bbt_texture3d_texture2d_half,1,8455.04,0.0876034,SKIPPED,,1,58,66,2800,2.0,2026-10-05T04:31:31Z
4w,F1,f01,t128x128k32g22s32f32bbt,llama-3.2-3b,wq_wo,2048,3072,3072,sarc_dev_780m_x_linear_q4gsw_coopmat_t128x128k32g22s32f32bbt_texture3d_texture2d_half,1,5328.04,0.118108,SKIPPED,,1,58,66,2800,2.0,2026-10-05T04:31:31Z
4w,F1,f01,t128x128k32g22s32f32bbt,llama-3.2-1b,wq_wo,2048,2048,2048,sarc_dev_780m_x_linear_q4gsw_coopmat_t128x128k32g22s32f32bbt_texture3d_texture2d_half,1,2468.32,0.107624,SKIPPED,,1,58,66,2800,2.0,2026-10-05T04:31:31Z
4w,F1,f01,t128x128k32g82s32f32bbt,llama-3.1-8b,wq_wo,2048,4096,4096,sarc_dev_780m_x_linear_q4gsw_coopmat_t128x128k32g82s32f32bbt_texture3d_texture2d_half,1,8239.86,0.115982,SKIPPED,,1,59,68,2800,2.0,2026-10-05T04:31:33Z
4w,F1,f01,t128x128k32g82s32f32bbt,llama-3.2-3b,wq_wo,2048,3072,3072,sarc_dev_780m_x_linear_q4gsw_coopmat_t128x128k32g82s32f32bbt_texture3d_texture2d_half,1,5134.44,0.144983,SKIPPED,,1,59,68,2800,2.0,2026-10-05T04:31:33Z
4w,F1,f01,t128x128k32g82s32f32bbt,llama-3.2-1b,wq_wo,2048,2048,2048,sarc_dev_780m_x_linear_q4gsw_coopmat_t128x128k32g82s32f32bbt_texture3d_texture2d_half,1,2297.9,0.142094,SKIPPED,,1,59,68,2800,2.0,2026-10-05T04:31:33Z
4w,F1,f01,t128x128k32g41s32f32bbt,llama-3.1-8b,wq_wo,2048,4096,4096,sarc_dev_780m_x_linear_q4gsw_coopmat_t128x128k32g41s32f32bbt_texture3d_texture2d_half,1,10559.7,0.0585871,SKIPPED,,1,60,65,2800,2.0,2026-10-05T04:31:36Z
4w,F1,f01,t128x128k32g41s32f32bbt,llama-3.2-3b,wq_wo,2048,3072,3072,sarc_dev_780m_x_linear_q4gsw_coopmat_t128x128k32g41s32f32bbt_texture3d_texture2d_half,1,6552.88,0.107024,SKIPPED,,1,60,65,2800,2.0,2026-10-05T04:31:36Z
4w,F1,f01,t128x128k32g41s32f32bbt,llama-3.2-1b,wq_wo,2048,2048,2048,sarc_dev_780m_x_linear_q4gsw_coopmat_t128x128k32g41s32f32bbt_texture3d_texture2d_half,1,2970.22,0.104036,SKIPPED,,1,60,65,2800,2.0,2026-10-05T04:31:36Z
4w,F1,f01,t128x128k32g44s32f32bbt,llama-3.1-8b,wq_wo,2048,4096,4096,sarc_dev_780m_x_linear_q4gsw_coopmat_t128x128k32g44s32f32bbt_texture3d_texture2d_half,1,8154.62,0.117748,SKIPPED,,1,59,70,2800,2.0,2026-10-05T04:31:38Z
4w,F1,f01,t128x128k32g44s32f32bbt,llama-3.2-3b,wq_wo,2048,3072,3072,sarc_dev_780m_x_linear_q4gsw_coopmat_t128x128k32g44s32f32bbt_texture3d_texture2d_half,1,4986.14,0.142182,SKIPPED,,1,59,70,2800,2.0,2026-10-05T04:31:38Z
4w,F1,f01,t128x128k32g44s32f32bbt,llama-3.2-1b,wq_wo,2048,2048,2048,sarc_dev_780m_x_linear_q4gsw_coopmat_t128x128k32g44s32f32bbt_texture3d_texture2d_half,1,2119.86,0.137141,SKIPPED,,1,59,70,2800,2.0,2026-10-05T04:31:38Z
4w,F1,f01,t128x128k32g42s64f32bbt,llama-3.1-8b,wq_wo,2048,4096,4096,sarc_dev_780m_x_linear_q4gsw_coopmat_t128x128k32g42s64f32bbt_texture3d_texture2d_half,1,8777.76,0.0870999,SKIPPED,,1,61,65,2800,2.0,2026-10-05T04:31:40Z
4w,F1,f01,t128x128k32g42s64f32bbt,llama-3.2-3b,wq_wo,2048,3072,3072,sarc_dev_780m_x_linear_q4gsw_coopmat_t128x128k32g42s64f32bbt_texture3d_texture2d_half,1,5783.68,0.138297,SKIPPED,,1,61,65,2800,2.0,2026-10-05T04:31:40Z
4w,F1,f01,t128x128k32g42s64f32bbt,llama-3.2-1b,wq_wo,2048,2048,2048,sarc_dev_780m_x_linear_q4gsw_coopmat_t128x128k32g42s64f32bbt_texture3d_texture2d_half,1,2580.4,0.149598,SKIPPED,,1,61,65,2800,2.0,2026-10-05T04:31:40Z
4w,F1,f01,t128x128k32g42s32bbt,llama-3.1-8b,wq_wo,2048,4096,4096,sarc_dev_780m_x_linear_q4gsw_coopmat_t128x128k32g42s32bbt_texture3d_texture2d_half,1,8851.72,0.0890998,SKIPPED,,1,59,67,2800,2.0,2026-10-05T04:31:42Z
4w,F1,f01,t128x128k32g42s32bbt,llama-3.2-3b,wq_wo,2048,3072,3072,sarc_dev_780m_x_linear_q4gsw_coopmat_t128x128k32g42s32bbt_texture3d_texture2d_half,1,5306.38,0.127298,SKIPPED,,1,59,67,2800,2.0,2026-10-05T04:31:42Z
4w,F1,f01,t128x128k32g42s32bbt,llama-3.2-1b,wq_wo,2048,2048,2048,sarc_dev_780m_x_linear_q4gsw_coopmat_t128x128k32g42s32bbt_texture3d_texture2d_half,1,2443.04,0.139793,SKIPPED,,1,59,67,2800,2.0,2026-10-05T04:31:42Z
4w,F1,f01,t128x128k32g42s32gabbt,llama-3.1-8b,wq_wo,2048,4096,4096,sarc_dev_780m_x_linear_q4gsw_coopmat_t128x128k32g42s32gabbt_texture3d_texture2d_half,1,8651.94,0.0913811,SKIPPED,,1,60,66,2800,2.0,2026-10-05T04:31:44Z
4w,F1,f01,t128x128k32g42s32gabbt,llama-3.2-3b,wq_wo,2048,3072,3072,sarc_dev_780m_x_linear_q4gsw_coopmat_t128x128k32g42s32gabbt_texture3d_texture2d_half,1,5262.86,0.130945,SKIPPED,,1,60,66,2800,2.0,2026-10-05T04:31:44Z
4w,F1,f01,t128x128k32g42s32gabbt,llama-3.2-1b,wq_wo,2048,2048,2048,sarc_dev_780m_x_linear_q4gsw_coopmat_t128x128k32g42s32gabbt_texture3d_texture2d_half,1,2457.6,0.144316,SKIPPED,,1,60,66,2800,2.0,2026-10-05T04:31:44Z
4w,F1,f01,t128x128k32g42s32f32bibt,llama-3.1-8b,wq_wo,2048,4096,4096,sarc_dev_780m_x_linear_q4gsw_coopmat_t128x128k32g42s32f32bibt_texture3d_texture2d_half,1,7786.06,0.103714,SKIPPED,,1,59,68,2800,2.0,2026-10-05T04:31:46Z
4w,F1,f01,t128x128k32g42s32f32bibt,llama-3.2-3b,wq_wo,2048,3072,3072,sarc_dev_780m_x_linear_q4gsw_coopmat_t128x128k32g42s32f32bibt_texture3d_texture2d_half,1,4642.38,0.118253,SKIPPED,,1,59,68,2800,2.0,2026-10-05T04:31:46Z
4w,F1,f01,t128x128k32g42s32f32bibt,llama-3.2-1b,wq_wo,2048,2048,2048,sarc_dev_780m_x_linear_q4gsw_coopmat_t128x128k32g42s32f32bibt_texture3d_texture2d_half,1,2077.14,0.12396,SKIPPED,,1,59,68,2800,2.0,2026-10-05T04:31:46Z
4w,F1,f01,t256x32k32g12s32f32bbt,llama-3.1-8b,wq_wo,2048,4096,4096,sarc_dev_780m_x_linear_q4gsw_coopmat_t256x32k32g12s32f32bbt_texture3d_texture2d_half,1,29460.1,0.000754958,SKIPPED,,1,60,60,2800,2.2,2026-10-05T04:31:48Z
4w,F1,f01,t256x32k32g12s32f32bbt,llama-3.2-3b,wq_wo,2048,3072,3072,sarc_dev_780m_x_linear_q4gsw_coopmat_t256x32k32g12s32f32bbt_texture3d_texture2d_half,1,16462.6,0.0131599,SKIPPED,,1,60,60,2800,2.2,2026-10-05T04:31:48Z
4w,F1,f01,t256x32k32g12s32f32bbt,llama-3.2-1b,wq_wo,2048,2048,2048,sarc_dev_780m_x_linear_q4gsw_coopmat_t256x32k32g12s32f32bbt_texture3d_texture2d_half,1,6231.58,0.119304,SKIPPED,,1,60,60,2800,2.2,2026-10-05T04:31:48Z
4w,F1,f01,t256x32k32g22s32f32bbt,llama-3.1-8b,wq_wo,2048,4096,4096,sarc_dev_780m_x_linear_q4gsw_coopmat_t256x32k32g22s32f32bbt_texture3d_texture2d_half,1,16882.3,0.0188503,SKIPPED,,1,58,62,2800,2.1,2026-10-05T04:31:50Z
4w,F1,f01,t256x32k32g22s32f32bbt,llama-3.2-3b,wq_wo,2048,3072,3072,sarc_dev_780m_x_linear_q4gsw_coopmat_t256x32k32g22s32f32bbt_texture3d_texture2d_half,1,9610.36,0.0633189,SKIPPED,,1,58,62,2800,2.1,2026-10-05T04:31:50Z
4w,F1,f01,t256x32k32g22s32f32bbt,llama-3.2-1b,wq_wo,2048,2048,2048,sarc_dev_780m_x_linear_q4gsw_coopmat_t256x32k32g22s32f32bbt_texture3d_texture2d_half,1,3673.8,0.137522,SKIPPED,,1,58,62,2800,2.1,2026-10-05T04:31:50Z
4w,F1,f01,t256x64k16g42s32f32bbt,llama-3.1-8b,wq_wo,2048,4096,4096,sarc_dev_780m_x_linear_q4gsw_coopmat_t256x64k16g42s32f32bbt_texture3d_texture2d_half,1,13154.9,0.0576409,SKIPPED,,1,57,63,2800,2.0,2026-10-05T04:31:52Z
4w,F1,f01,t256x64k16g42s32f32bbt,llama-3.2-3b,wq_wo,2048,3072,3072,sarc_dev_780m_x_linear_q4gsw_coopmat_t256x64k16g42s32f32bbt_texture3d_texture2d_half,1,7632.48,0.0789572,SKIPPED,,1,57,63,2800,2.0,2026-10-05T04:31:52Z
4w,F1,f01,t256x64k16g42s32f32bbt,llama-3.2-1b,wq_wo,2048,2048,2048,sarc_dev_780m_x_linear_q4gsw_coopmat_t256x64k16g42s32f32bbt_texture3d_texture2d_half,1,3547.62,0.113417,SKIPPED,,1,57,63,2800,2.0,2026-10-05T04:31:52Z
4w,F1,f01,t256x64k32g12s32f32bbt,llama-3.1-8b,wq_wo,2048,4096,4096,sarc_dev_780m_x_linear_q4gsw_coopmat_t256x64k32g12s32f32bbt_texture3d_texture2d_half,1,60499,0.00914858,SKIPPED,,1,58,61,2800,2.5,2026-10-05T04:31:54Z
4w,F1,f01,t256x64k32g12s32f32bbt,llama-3.2-3b,wq_wo,2048,3072,3072,sarc_dev_780m_x_linear_q4gsw_coopmat_t256x64k32g12s32f32bbt_texture3d_texture2d_half,1,33897.2,0.000691405,SKIPPED,,1,58,61,2800,2.5,2026-10-05T04:31:54Z
4w,F1,f01,t256x64k32g12s32f32bbt,llama-3.2-1b,wq_wo,2048,2048,2048,sarc_dev_780m_x_linear_q4gsw_coopmat_t256x64k32g12s32f32bbt_texture3d_texture2d_half,1,15538.3,0.00691236,SKIPPED,,1,58,61,2800,2.5,2026-10-05T04:31:54Z
4w,F1,f01,t256x64k32g22s32f32bbt,llama-3.1-8b,wq_wo,2048,4096,4096,sarc_dev_780m_x_linear_q4gsw_coopmat_t256x64k32g22s32f32bbt_texture3d_texture2d_half,1,12054.4,0.0385323,SKIPPED,,1,58,63,2800,2.1,2026-10-05T04:31:57Z
4w,F1,f01,t256x64k32g22s32f32bbt,llama-3.2-3b,wq_wo,2048,3072,3072,sarc_dev_780m_x_linear_q4gsw_coopmat_t256x64k32g22s32f32bbt_texture3d_texture2d_half,1,7225.58,0.0834851,SKIPPED,,1,58,63,2800,2.1,2026-10-05T04:31:57Z
4w,F1,f01,t256x64k32g22s32f32bbt,llama-3.2-1b,wq_wo,2048,2048,2048,sarc_dev_780m_x_linear_q4gsw_coopmat_t256x64k32g22s32f32bbt_texture3d_texture2d_half,1,3111.28,0.123008,SKIPPED,,1,58,63,2800,2.1,2026-10-05T04:31:57Z
4w,F1,f01,t256x64k32g41s32f32bbt,llama-3.1-8b,wq_wo,2048,4096,4096,sarc_dev_780m_x_linear_q4gsw_coopmat_t256x64k32g41s32f32bbt_texture3d_texture2d_half,1,26339.7,0.0150427,SKIPPED,,1,58,64,2800,2.3,2026-10-05T04:31:59Z
4w,F1,f01,t256x64k32g41s32f32bbt,llama-3.2-3b,wq_wo,2048,3072,3072,sarc_dev_780m_x_linear_q4gsw_coopmat_t256x64k32g41s32f32bbt_texture3d_texture2d_half,1,15938.5,0.0831645,SKIPPED,,1,58,64,2800,2.3,2026-10-05T04:31:59Z
4w,F1,f01,t256x64k32g41s32f32bbt,llama-3.2-1b,wq_wo,2048,2048,2048,sarc_dev_780m_x_linear_q4gsw_coopmat_t256x64k32g41s32f32bbt_texture3d_texture2d_half,1,6929.48,0.0601848,SKIPPED,,1,58,64,2800,2.3,2026-10-05T04:31:59Z
4w,F1,f01,t256x64k32g44s32f32bbt,llama-3.1-8b,wq_wo,2048,4096,4096,sarc_dev_780m_x_linear_q4gsw_coopmat_t256x64k32g44s32f32bbt_texture3d_texture2d_half,1,9562.78,0.0697784,SKIPPED,,1,59,66,2800,2.0,2026-10-05T04:32:01Z
4w,F1,f01,t256x64k32g44s32f32bbt,llama-3.2-3b,wq_wo,2048,3072,3072,sarc_dev_780m_x_linear_q4gsw_coopmat_t256x64k32g44s32f32bbt_texture3d_texture2d_half,1,5746.3,0.0925498,SKIPPED,,1,59,66,2800,2.0,2026-10-05T04:32:01Z
4w,F1,f01,t256x64k32g44s32f32bbt,llama-3.2-1b,wq_wo,2048,2048,2048,sarc_dev_780m_x_linear_q4gsw_coopmat_t256x64k32g44s32f32bbt_texture3d_texture2d_half,1,2650.06,0.119352,SKIPPED,,1,59,66,2800,2.0,2026-10-05T04:32:01Z
4w,F1,f01,t256x64k32g48s32f32bbt,llama-3.1-8b,wq_wo,2048,4096,4096,sarc_dev_780m_x_linear_q4gsw_coopmat_t256x64k32g48s32f32bbt_texture3d_texture2d_half,1,8846.44,0.0788889,SKIPPED,,1,59,69,2800,2.0,2026-10-05T04:32:03Z
4w,F1,f01,t256x64k32g48s32f32bbt,llama-3.2-3b,wq_wo,2048,3072,3072,sarc_dev_780m_x_linear_q4gsw_coopmat_t256x64k32g48s32f32bbt_texture3d_texture2d_half,1,5428.08,0.101715,SKIPPED,,1,59,69,2800,2.0,2026-10-05T04:32:03Z
4w,F1,f01,t256x64k32g48s32f32bbt,llama-3.2-1b,wq_wo,2048,2048,2048,sarc_dev_780m_x_linear_q4gsw_coopmat_t256x64k32g48s32f32bbt_texture3d_texture2d_half,1,2463.12,0.123161,SKIPPED,,1,59,69,2800,2.0,2026-10-05T04:32:03Z
4w,F1,f01,t256x64k32g42s64f32bbt,llama-3.1-8b,wq_wo,2048,4096,4096,sarc_dev_780m_x_linear_q4gsw_coopmat_t256x64k32g42s64f32bbt_texture3d_texture2d_half,1,18869.3,0.00563094,SKIPPED,,1,61,62,2800,2.1,2026-10-05T04:32:05Z
4w,F1,f01,t256x64k32g42s64f32bbt,llama-3.2-3b,wq_wo,2048,3072,3072,sarc_dev_780m_x_linear_q4gsw_coopmat_t256x64k32g42s64f32bbt_texture3d_texture2d_half,1,10275.9,0.0476875,SKIPPED,,1,61,62,2800,2.1,2026-10-05T04:32:05Z
4w,F1,f01,t256x64k32g42s64f32bbt,llama-3.2-1b,wq_wo,2048,2048,2048,sarc_dev_780m_x_linear_q4gsw_coopmat_t256x64k32g42s64f32bbt_texture3d_texture2d_half,1,4506.98,0.132525,SKIPPED,,1,61,62,2800,2.1,2026-10-05T04:32:05Z
4w,F1,f01,t256x64k32g42s32bbt,llama-3.1-8b,wq_wo,2048,4096,4096,sarc_dev_780m_x_linear_q4gsw_coopmat_t256x64k32g42s32bbt_texture3d_texture2d_half,1,10840.9,0.0459095,SKIPPED,,1,58,66,2800,2.0,2026-10-05T04:32:07Z
4w,F1,f01,t256x64k32g42s32bbt,llama-3.2-3b,wq_wo,2048,3072,3072,sarc_dev_780m_x_linear_q4gsw_coopmat_t256x64k32g42s32bbt_texture3d_texture2d_half,1,6725.54,0.0882336,SKIPPED,,1,58,66,2800,2.0,2026-10-05T04:32:07Z
4w,F1,f01,t256x64k32g42s32bbt,llama-3.2-1b,wq_wo,2048,2048,2048,sarc_dev_780m_x_linear_q4gsw_coopmat_t256x64k32g42s32bbt_texture3d_texture2d_half,1,2685.88,0.121403,SKIPPED,,1,58,66,2800,2.0,2026-10-05T04:32:07Z
4w,F1,f01,t256x64k32g42s32gabbt,llama-3.1-8b,wq_wo,2048,4096,4096,sarc_dev_780m_x_linear_q4gsw_coopmat_t256x64k32g42s32gabbt_texture3d_texture2d_half,1,10906.6,0.0448285,SKIPPED,,1,60,65,2800,2.1,2026-10-05T04:32:09Z
4w,F1,f01,t256x64k32g42s32gabbt,llama-3.2-3b,wq_wo,2048,3072,3072,sarc_dev_780m_x_linear_q4gsw_coopmat_t256x64k32g42s32gabbt_texture3d_texture2d_half,1,7041.44,0.107758,SKIPPED,,1,60,65,2800,2.1,2026-10-05T04:32:09Z
4w,F1,f01,t256x64k32g42s32gabbt,llama-3.2-1b,wq_wo,2048,2048,2048,sarc_dev_780m_x_linear_q4gsw_coopmat_t256x64k32g42s32gabbt_texture3d_texture2d_half,1,2720.34,0.12633,SKIPPED,,1,60,65,2800,2.1,2026-10-05T04:32:09Z
4w,F1,f01,t256x64k32g42s32f32bt,llama-3.1-8b,wq_wo,2048,4096,4096,sarc_dev_780m_x_linear_q4gsw_coopmat_t256x64k32g42s32f32bt_texture3d_texture2d_half,1,9812.76,0.0576125,SKIPPED,,1,59,65,2800,2.0,2026-10-05T04:32:11Z
4w,F1,f01,t256x64k32g42s32f32bt,llama-3.2-3b,wq_wo,2048,3072,3072,sarc_dev_780m_x_linear_q4gsw_coopmat_t256x64k32g42s32f32bt_texture3d_texture2d_half,1,5903.64,0.0841237,SKIPPED,,1,59,65,2800,2.0,2026-10-05T04:32:11Z
4w,F1,f01,t256x64k32g42s32f32bt,llama-3.2-1b,wq_wo,2048,2048,2048,sarc_dev_780m_x_linear_q4gsw_coopmat_t256x64k32g42s32f32bt_texture3d_texture2d_half,1,2695.88,0.113572,SKIPPED,,1,59,65,2800,2.0,2026-10-05T04:32:11Z
4w,F1,f01,t256x64k32g42s32f32cbt,llama-3.1-8b,wq_wo,2048,4096,4096,sarc_dev_780m_x_linear_q4gsw_coopmat_t256x64k32g42s32f32cbt_texture3d_texture2d_half,1,9784.24,0.0537628,SKIPPED,,1,59,64,2800,2.0,2026-10-05T04:32:13Z
4w,F1,f01,t256x64k32g42s32f32cbt,llama-3.2-3b,wq_wo,2048,3072,3072,sarc_dev_780m_x_linear_q4gsw_coopmat_t256x64k32g42s32f32cbt_texture3d_texture2d_half,1,5847.78,0.0787759,SKIPPED,,1,59,64,2800,2.0,2026-10-05T04:32:13Z
4w,F1,f01,t256x64k32g42s32f32cbt,llama-3.2-1b,wq_wo,2048,2048,2048,sarc_dev_780m_x_linear_q4gsw_coopmat_t256x64k32g42s32f32cbt_texture3d_texture2d_half,1,2685.84,0.113123,SKIPPED,,1,59,64,2800,2.0,2026-10-05T04:32:13Z
4w,F1,f01,t256x64k32g42s32f32bibt,llama-3.1-8b,wq_wo,2048,4096,4096,sarc_dev_780m_x_linear_q4gsw_coopmat_t256x64k32g42s32f32bibt_texture3d_texture2d_half,1,9842.82,0.06113,SKIPPED,,1,58,70,2800,2.1,2026-10-05T04:32:15Z
4w,F1,f01,t256x64k32g42s32f32bibt,llama-3.2-3b,wq_wo,2048,3072,3072,sarc_dev_780m_x_linear_q4gsw_coopmat_t256x64k32g42s32f32bibt_texture3d_texture2d_half,1,6212.7,0.0656854,SKIPPED,,1,58,70,2800,2.1,2026-10-05T04:32:15Z
4w,F1,f01,t256x64k32g42s32f32bibt,llama-3.2-1b,wq_wo,2048,2048,2048,sarc_dev_780m_x_linear_q4gsw_coopmat_t256x64k32g42s32f32bibt_texture3d_texture2d_half,1,2643.84,0.0897128,SKIPPED,,1,58,70,2800,2.1,2026-10-05T04:32:15Z
4w,F1,f01,t256x64k32g42s32f32biwbt,llama-3.1-8b,wq_wo,2048,4096,4096,sarc_dev_780m_x_linear_q4gsw_coopmat_t256x64k32g42s32f32biwbt_texture3d_texture2d_half,1,9793.82,0.0602435,SKIPPED,,1,60,66,2800,2.1,2026-10-05T04:32:17Z
4w,F1,f01,t256x64k32g42s32f32biwbt,llama-3.2-3b,wq_wo,2048,3072,3072,sarc_dev_780m_x_linear_q4gsw_coopmat_t256x64k32g42s32f32biwbt_texture3d_texture2d_half,1,5889.6,0.0826083,SKIPPED,,1,60,66,2800,2.1,2026-10-05T04:32:17Z
4w,F1,f01,t256x64k32g42s32f32biwbt,llama-3.2-1b,wq_wo,2048,2048,2048,sarc_dev_780m_x_linear_q4gsw_coopmat_t256x64k32g42s32f32biwbt_texture3d_texture2d_half,1,2686.96,0.111122,SKIPPED,,1,60,66,2800,2.1,2026-10-05T04:32:17Z
4w,F1,f01,t256x64k32g42s32f32b,llama-3.1-8b,wq_wo,2048,4096,4096,sarc_dev_780m_x_linear_q4gsw_coopmat_t256x64k32g42s32f32b_texture3d_texture2d_half,1,9848.76,0.0523473,SKIPPED,,1,60,65,2800,2.0,2026-10-05T04:32:19Z
4w,F1,f01,t256x64k32g42s32f32b,llama-3.2-3b,wq_wo,2048,3072,3072,sarc_dev_780m_x_linear_q4gsw_coopmat_t256x64k32g42s32f32b_texture3d_texture2d_half,1,5967.82,0.0788638,SKIPPED,,1,60,65,2800,2.0,2026-10-05T04:32:19Z
4w,F1,f01,t256x64k32g42s32f32b,llama-3.2-1b,wq_wo,2048,2048,2048,sarc_dev_780m_x_linear_q4gsw_coopmat_t256x64k32g42s32f32b_texture3d_texture2d_half,1,2540.6,0.128442,SKIPPED,,1,60,65,2800,2.0,2026-10-05T04:32:19Z
4w,F1,f01,t256x128k16g12s32f32bbt,llama-3.1-8b,wq_wo,2048,4096,4096,sarc_dev_780m_x_linear_q4gsw_coopmat_t256x128k16g12s32f32bbt_texture3d_texture2d_half,1,311800,0.00307534,SKIPPED,,1,58,58,2800,5.0,2026-10-05T04:32:24Z
4w,F1,f01,t256x128k16g12s32f32bbt,llama-3.2-3b,wq_wo,2048,3072,3072,sarc_dev_780m_x_linear_q4gsw_coopmat_t256x128k16g12s32f32bbt_texture3d_texture2d_half,1,172142,0.00717915,SKIPPED,,1,58,58,2800,5.0,2026-10-05T04:32:24Z
4w,F1,f01,t256x128k16g12s32f32bbt,llama-3.2-1b,wq_wo,2048,2048,2048,sarc_dev_780m_x_linear_q4gsw_coopmat_t256x128k16g12s32f32bbt_texture3d_texture2d_half,1,75020.8,0.000852004,SKIPPED,,1,58,58,2800,5.0,2026-10-05T04:32:24Z
4w,F1,f01,t256x128k16g22s32f32bbt,llama-3.1-8b,wq_wo,2048,4096,4096,sarc_dev_780m_x_linear_q4gsw_coopmat_t256x128k16g22s32f32bbt_texture3d_texture2d_half,1,26886.4,0.00239533,SKIPPED,,1,55,62,2800,2.3,2026-10-05T04:32:27Z
4w,F1,f01,t256x128k16g22s32f32bbt,llama-3.2-3b,wq_wo,2048,3072,3072,sarc_dev_780m_x_linear_q4gsw_coopmat_t256x128k16g22s32f32bbt_texture3d_texture2d_half,1,14970.5,0.0301666,SKIPPED,,1,55,62,2800,2.3,2026-10-05T04:32:27Z
4w,F1,f01,t256x128k16g22s32f32bbt,llama-3.2-1b,wq_wo,2048,2048,2048,sarc_dev_780m_x_linear_q4gsw_coopmat_t256x128k16g22s32f32bbt_texture3d_texture2d_half,1,7146.82,0.0907793,SKIPPED,,1,55,62,2800,2.3,2026-10-05T04:32:27Z
4w,F1,f01,t256x128k16g82s32f32bbt,llama-3.1-8b,wq_wo,2048,4096,4096,sarc_dev_780m_x_linear_q4gsw_coopmat_t256x128k16g82s32f32bbt_texture3d_texture2d_half,1,13393.1,0.0550508,SKIPPED,,1,58,63,2800,2.0,2026-10-05T04:32:29Z
4w,F1,f01,t256x128k16g82s32f32bbt,llama-3.2-3b,wq_wo,2048,3072,3072,sarc_dev_780m_x_linear_q4gsw_coopmat_t256x128k16g82s32f32bbt_texture3d_texture2d_half,1,7737.6,0.0685621,SKIPPED,,1,58,63,2800,2.0,2026-10-05T04:32:29Z
4w,F1,f01,t256x128k16g82s32f32bbt,llama-3.2-1b,wq_wo,2048,2048,2048,sarc_dev_780m_x_linear_q4gsw_coopmat_t256x128k16g82s32f32bbt_texture3d_texture2d_half,1,3583.66,0.107466,SKIPPED,,1,58,63,2800,2.0,2026-10-05T04:32:29Z
4w,F1,f01,t256x128k16g41s32f32bbt,llama-3.1-8b,wq_wo,2048,4096,4096,sarc_dev_780m_x_linear_q4gsw_coopmat_t256x128k16g41s32f32bbt_texture3d_texture2d_half,1,126381,0.0901469,SKIPPED,,1,59,60,2800,3.1,2026-10-05T04:32:32Z
4w,F1,f01,t256x128k16g41s32f32bbt,llama-3.2-3b,wq_wo,2048,3072,3072,sarc_dev_780m_x_linear_q4gsw_coopmat_t256x128k16g41s32f32bbt_texture3d_texture2d_half,1,95437.2,0.195677,SKIPPED,,1,59,60,2800,3.1,2026-10-05T04:32:32Z
4w,F1,f01,t256x128k16g41s32f32bbt,llama-3.2-1b,wq_wo,2048,2048,2048,sarc_dev_780m_x_linear_q4gsw_coopmat_t256x128k16g41s32f32bbt_texture3d_texture2d_half,1,34826.9,0.0968312,SKIPPED,,1,59,60,2800,3.1,2026-10-05T04:32:32Z
4w,F1,f01,t256x128k16g44s32f32bbt,llama-3.1-8b,wq_wo,2048,4096,4096,sarc_dev_780m_x_linear_q4gsw_coopmat_t256x128k16g44s32f32bbt_texture3d_texture2d_half,1,8263,0.100657,SKIPPED,,1,56,66,2800,2.0,2026-10-05T04:32:34Z
4w,F1,f01,t256x128k16g44s32f32bbt,llama-3.2-3b,wq_wo,2048,3072,3072,sarc_dev_780m_x_linear_q4gsw_coopmat_t256x128k16g44s32f32bbt_texture3d_texture2d_half,1,4826.98,0.10462,SKIPPED,,1,56,66,2800,2.0,2026-10-05T04:32:34Z
4w,F1,f01,t256x128k16g44s32f32bbt,llama-3.2-1b,wq_wo,2048,2048,2048,sarc_dev_780m_x_linear_q4gsw_coopmat_t256x128k16g44s32f32bbt_texture3d_texture2d_half,1,2251.42,0.101,SKIPPED,,1,56,66,2800,2.0,2026-10-05T04:32:34Z
4w,F1,f01,t256x128k16g42s64f32bbt,llama-3.1-8b,wq_wo,2048,4096,4096,sarc_dev_780m_x_linear_q4gsw_coopmat_t256x128k16g42s64f32bbt_texture3d_texture2d_half,1,14015.2,0.0471432,SKIPPED,,1,60,62,2800,2.0,2026-10-05T04:32:36Z
4w,F1,f01,t256x128k16g42s64f32bbt,llama-3.2-3b,wq_wo,2048,3072,3072,sarc_dev_780m_x_linear_q4gsw_coopmat_t256x128k16g42s64f32bbt_texture3d_texture2d_half,1,8248.02,0.0740587,SKIPPED,,1,60,62,2800,2.0,2026-10-05T04:32:36Z
4w,F1,f01,t256x128k16g42s64f32bbt,llama-3.2-1b,wq_wo,2048,2048,2048,sarc_dev_780m_x_linear_q4gsw_coopmat_t256x128k16g42s64f32bbt_texture3d_texture2d_half,1,3894.86,0.103359,SKIPPED,,1,60,62,2800,2.0,2026-10-05T04:32:36Z
4w,F1,f01,t256x128k16g42s32bbt,llama-3.1-8b,wq_wo,2048,4096,4096,sarc_dev_780m_x_linear_q4gsw_coopmat_t256x128k16g42s32bbt_texture3d_texture2d_half,1,132309,0.0449786,SKIPPED,,1,57,60,2800,2.9,2026-10-05T04:32:39Z
4w,F1,f01,t256x128k16g42s32bbt,llama-3.2-3b,wq_wo,2048,3072,3072,sarc_dev_780m_x_linear_q4gsw_coopmat_t256x128k16g42s32bbt_texture3d_texture2d_half,1,69309.3,0.029807,SKIPPED,,1,57,60,2800,2.9,2026-10-05T04:32:39Z
4w,F1,f01,t256x128k16g42s32bbt,llama-3.2-1b,wq_wo,2048,2048,2048,sarc_dev_780m_x_linear_q4gsw_coopmat_t256x128k16g42s32bbt_texture3d_texture2d_half,1,27929.2,0.0227757,SKIPPED,,1,57,60,2800,2.9,2026-10-05T04:32:39Z
4w,F1,f01,t256x128k16g42s32gabbt,llama-3.1-8b,wq_wo,2048,4096,4096,sarc_dev_780m_x_linear_q4gsw_coopmat_t256x128k16g42s32gabbt_texture3d_texture2d_half,1,209245,0.00868044,SKIPPED,,1,58,60,2800,3.7,2026-10-05T04:32:43Z
4w,F1,f01,t256x128k16g42s32gabbt,llama-3.2-3b,wq_wo,2048,3072,3072,sarc_dev_780m_x_linear_q4gsw_coopmat_t256x128k16g42s32gabbt_texture3d_texture2d_half,1,115907,0.0017293,SKIPPED,,1,58,60,2800,3.7,2026-10-05T04:32:43Z
4w,F1,f01,t256x128k16g42s32gabbt,llama-3.2-1b,wq_wo,2048,2048,2048,sarc_dev_780m_x_linear_q4gsw_coopmat_t256x128k16g42s32gabbt_texture3d_texture2d_half,1,49946.8,0.00494284,SKIPPED,,1,58,60,2800,3.7,2026-10-05T04:32:43Z
4w,F1,f01,t256x128k16g42s32f32bt,llama-3.1-8b,wq_wo,2048,4096,4096,sarc_dev_780m_x_linear_q4gsw_coopmat_t256x128k16g42s32f32bt_texture3d_texture2d_half,1,9018.52,0.0918031,SKIPPED,,1,56,66,2800,2.1,2026-10-05T04:32:45Z
4w,F1,f01,t256x128k16g42s32f32bt,llama-3.2-3b,wq_wo,2048,3072,3072,sarc_dev_780m_x_linear_q4gsw_coopmat_t256x128k16g42s32f32bt_texture3d_texture2d_half,1,5127.34,0.0975062,SKIPPED,,1,56,66,2800,2.1,2026-10-05T04:32:45Z
4w,F1,f01,t256x128k16g42s32f32bt,llama-3.2-1b,wq_wo,2048,2048,2048,sarc_dev_780m_x_linear_q4gsw_coopmat_t256x128k16g42s32f32bt_texture3d_texture2d_half,1,2419.74,0.10362,SKIPPED,,1,56,66,2800,2.1,2026-10-05T04:32:45Z
4w,F1,f01,t256x128k16g42s32f32cbt,llama-3.1-8b,wq_wo,2048,4096,4096,sarc_dev_780m_x_linear_q4gsw_coopmat_t256x128k16g42s32f32cbt_texture3d_texture2d_half,1,9199.28,0.0980106,SKIPPED,,1,60,66,2800,2.0,2026-10-05T04:32:47Z
4w,F1,f01,t256x128k16g42s32f32cbt,llama-3.2-3b,wq_wo,2048,3072,3072,sarc_dev_780m_x_linear_q4gsw_coopmat_t256x128k16g42s32f32cbt_texture3d_texture2d_half,1,5067.98,0.0913155,SKIPPED,,1,60,66,2800,2.0,2026-10-05T04:32:47Z
4w,F1,f01,t256x128k16g42s32f32cbt,llama-3.2-1b,wq_wo,2048,2048,2048,sarc_dev_780m_x_linear_q4gsw_coopmat_t256x128k16g42s32f32cbt_texture3d_texture2d_half,1,2424.82,0.101465,SKIPPED,,1,60,66,2800,2.0,2026-10-05T04:32:47Z
4w,F1,f01,t256x128k16g42s32f32bibt,llama-3.1-8b,wq_wo,2048,4096,4096,sarc_dev_780m_x_linear_q4gsw_coopmat_t256x128k16g42s32f32bibt_texture3d_texture2d_half,1,8570.1,0.0965298,SKIPPED,,1,59,64,2800,2.0,2026-10-05T04:32:49Z
4w,F1,f01,t256x128k16g42s32f32bibt,llama-3.2-3b,wq_wo,2048,3072,3072,sarc_dev_780m_x_linear_q4gsw_coopmat_t256x128k16g42s32f32bibt_texture3d_texture2d_half,1,5425.72,0.139789,SKIPPED,,1,59,64,2800,2.0,2026-10-05T04:32:49Z
4w,F1,f01,t256x128k16g42s32f32bibt,llama-3.2-1b,wq_wo,2048,2048,2048,sarc_dev_780m_x_linear_q4gsw_coopmat_t256x128k16g42s32f32bibt_texture3d_texture2d_half,1,2421.08,0.117622,SKIPPED,,1,59,64,2800,2.0,2026-10-05T04:32:49Z
4w,F1,f01,t256x128k16g42s32f32biwbt,llama-3.1-8b,wq_wo,2048,4096,4096,sarc_dev_780m_x_linear_q4gsw_coopmat_t256x128k16g42s32f32biwbt_texture3d_texture2d_half,1,8421.12,0.0872359,SKIPPED,,1,58,66,2800,2.0,2026-10-05T04:32:51Z
4w,F1,f01,t256x128k16g42s32f32biwbt,llama-3.2-3b,wq_wo,2048,3072,3072,sarc_dev_780m_x_linear_q4gsw_coopmat_t256x128k16g42s32f32biwbt_texture3d_texture2d_half,1,5193.24,0.117957,SKIPPED,,1,58,66,2800,2.0,2026-10-05T04:32:51Z
4w,F1,f01,t256x128k16g42s32f32biwbt,llama-3.2-1b,wq_wo,2048,2048,2048,sarc_dev_780m_x_linear_q4gsw_coopmat_t256x128k16g42s32f32biwbt_texture3d_texture2d_half,1,2396.5,0.116618,SKIPPED,,1,58,66,2800,2.0,2026-10-05T04:32:51Z
4w,F1,f01,t256x128k16g42s32f32b,llama-3.1-8b,wq_wo,2048,4096,4096,sarc_dev_780m_x_linear_q4gsw_coopmat_t256x128k16g42s32f32b_texture3d_texture2d_half,1,8904.9,0.0809285,SKIPPED,,1,59,66,2800,2.0,2026-10-05T04:32:53Z
4w,F1,f01,t256x128k16g42s32f32b,llama-3.2-3b,wq_wo,2048,3072,3072,sarc_dev_780m_x_linear_q4gsw_coopmat_t256x128k16g42s32f32b_texture3d_texture2d_half,1,5069.44,0.0954243,SKIPPED,,1,59,66,2800,2.0,2026-10-05T04:32:53Z
4w,F1,f01,t256x128k16g42s32f32b,llama-3.2-1b,wq_wo,2048,2048,2048,sarc_dev_780m_x_linear_q4gsw_coopmat_t256x128k16g42s32f32b_texture3d_texture2d_half,1,2346.18,0.114628,SKIPPED,,1,59,66,2800,2.0,2026-10-05T04:32:53Z
4w,F1,f01,t256x128k32g11s32f32bbt,llama-3.1-8b,wq_wo,2048,4096,4096,sarc_dev_780m_x_linear_q4gsw_coopmat_t256x128k32g11s32f32bbt_texture3d_texture2d_half,1,294482,0.000448829,SKIPPED,,1,60,58,2800,4.8,2026-10-05T04:32:58Z
4w,F1,f01,t256x128k32g11s32f32bbt,llama-3.2-3b,wq_wo,2048,3072,3072,sarc_dev_780m_x_linear_q4gsw_coopmat_t256x128k32g11s32f32bbt_texture3d_texture2d_half,1,165550,0.000820939,SKIPPED,,1,60,58,2800,4.8,2026-10-05T04:32:58Z
4w,F1,f01,t256x128k32g11s32f32bbt,llama-3.2-1b,wq_wo,2048,2048,2048,sarc_dev_780m_x_linear_q4gsw_coopmat_t256x128k32g11s32f32bbt_texture3d_texture2d_half,1,73531,0.00277301,SKIPPED,,1,60,58,2800,4.8,2026-10-05T04:32:58Z
4w,F1,f01,t256x128k32g14s32f32bbt,llama-3.1-8b,wq_wo,2048,4096,4096,sarc_dev_780m_x_linear_q4gsw_coopmat_t256x128k32g14s32f32bbt_texture3d_texture2d_half,1,24583.9,0.0027756,SKIPPED,,1,55,62,2800,2.3,2026-10-05T04:33:00Z
4w,F1,f01,t256x128k32g14s32f32bbt,llama-3.2-3b,wq_wo,2048,3072,3072,sarc_dev_780m_x_linear_q4gsw_coopmat_t256x128k32g14s32f32bbt_texture3d_texture2d_half,1,13883,0.032457,SKIPPED,,1,55,62,2800,2.3,2026-10-05T04:33:00Z
4w,F1,f01,t256x128k32g14s32f32bbt,llama-3.2-1b,wq_wo,2048,2048,2048,sarc_dev_780m_x_linear_q4gsw_coopmat_t256x128k32g14s32f32bbt_texture3d_texture2d_half,1,6721.34,0.102341,SKIPPED,,1,55,62,2800,2.3,2026-10-05T04:33:00Z
4w,F1,f01,t256x128k32g18s32f32bbt,llama-3.1-8b,wq_wo,2048,4096,4096,sarc_dev_780m_x_linear_q4gsw_coopmat_t256x128k32g18s32f32bbt_texture3d_texture2d_half,1,6501.38,0.119157,SKIPPED,,1,58,66,2800,2.0,2026-10-05T04:33:02Z
4w,F1,f01,t256x128k32g18s32f32bbt,llama-3.2-3b,wq_wo,2048,3072,3072,sarc_dev_780m_x_linear_q4gsw_coopmat_t256x128k32g18s32f32bbt_texture3d_texture2d_half,1,3780.16,0.115222,SKIPPED,,1,58,66,2800,2.0,2026-10-05T04:33:02Z
4w,F1,f01,t256x128k32g18s32f32bbt,llama-3.2-1b,wq_wo,2048,2048,2048,sarc_dev_780m_x_linear_q4gsw_coopmat_t256x128k32g18s32f32bbt_texture3d_texture2d_half,1,1797.04,0.101684,SKIPPED,,1,58,66,2800,2.0,2026-10-05T04:33:02Z
4w,F1,f01,t256x128k32g12s64f32bbt,llama-3.1-8b,wq_wo,2048,4096,4096,sarc_dev_780m_x_linear_q4gsw_coopmat_t256x128k32g12s64f32bbt_texture3d_texture2d_half,1,35061.1,0.00400712,SKIPPED,,1,59,61,2800,2.4,2026-10-05T04:33:04Z
4w,F1,f01,t256x128k32g12s64f32bbt,llama-3.2-3b,wq_wo,2048,3072,3072,sarc_dev_780m_x_linear_q4gsw_coopmat_t256x128k32g12s64f32bbt_texture3d_texture2d_half,1,19539.5,0.0016122,SKIPPED,,1,59,61,2800,2.4,2026-10-05T04:33:04Z
4w,F1,f01,t256x128k32g12s64f32bbt,llama-3.2-1b,wq_wo,2048,2048,2048,sarc_dev_780m_x_linear_q4gsw_coopmat_t256x128k32g12s64f32bbt_texture3d_texture2d_half,1,9011.8,0.0684871,SKIPPED,,1,59,61,2800,2.4,2026-10-05T04:33:04Z
4w,F1,f01,t256x128k32g12s32bbt,llama-3.1-8b,wq_wo,2048,4096,4096,sarc_dev_780m_x_linear_q4gsw_coopmat_t256x128k32g12s32bbt_texture3d_texture2d_half,1,540130,0.000939069,SKIPPED,,1,58,59,2800,8.2,2026-10-05T04:33:13Z
4w,F1,f01,t256x128k32g12s32bbt,llama-3.2-3b,wq_wo,2048,3072,3072,sarc_dev_780m_x_linear_q4gsw_coopmat_t256x128k32g12s32bbt_texture3d_texture2d_half,1,304176,0.00198718,SKIPPED,,1,58,59,2800,8.2,2026-10-05T04:33:13Z
4w,F1,f01,t256x128k32g12s32bbt,llama-3.2-1b,wq_wo,2048,2048,2048,sarc_dev_780m_x_linear_q4gsw_coopmat_t256x128k32g12s32bbt_texture3d_texture2d_half,1,135505,0.000765424,SKIPPED,,1,58,59,2800,8.2,2026-10-05T04:33:13Z
4w,F1,f01,t256x128k32g12s32gabbt,llama-3.1-8b,wq_wo,2048,4096,4096,sarc_dev_780m_x_linear_q4gsw_coopmat_t256x128k32g12s32gabbt_texture3d_texture2d_half,1,501096,0.00290139,SKIPPED,,1,55,60,2793,11.4,2026-10-05T04:33:24Z
4w,F1,f01,t256x128k32g12s32gabbt,llama-3.2-3b,wq_wo,2048,3072,3072,sarc_dev_780m_x_linear_q4gsw_coopmat_t256x128k32g12s32gabbt_texture3d_texture2d_half,1,281474,2.49246e-05,SKIPPED,,1,55,60,2793,11.4,2026-10-05T04:33:24Z
4w,F1,f01,t256x128k32g12s32gabbt,llama-3.2-1b,wq_wo,2048,2048,2048,sarc_dev_780m_x_linear_q4gsw_coopmat_t256x128k32g12s32gabbt_texture3d_texture2d_half,1,123950,0.00828913,SKIPPED,,1,55,60,2793,11.4,2026-10-05T04:33:24Z
4w,F1,f01,t256x128k32g12s32f32cbt,llama-3.1-8b,wq_wo,2048,4096,4096,sarc_dev_780m_x_linear_q4gsw_coopmat_t256x128k32g12s32f32cbt_texture3d_texture2d_half,1,135731,0.00564269,SKIPPED,,1,56,61,2800,3.4,2026-10-05T04:33:27Z
4w,F1,f01,t256x128k32g12s32f32cbt,llama-3.2-3b,wq_wo,2048,3072,3072,sarc_dev_780m_x_linear_q4gsw_coopmat_t256x128k32g12s32f32cbt_texture3d_texture2d_half,1,78271.4,0.000855996,SKIPPED,,1,56,61,2800,3.4,2026-10-05T04:33:27Z
4w,F1,f01,t256x128k32g12s32f32cbt,llama-3.2-1b,wq_wo,2048,2048,2048,sarc_dev_780m_x_linear_q4gsw_coopmat_t256x128k32g12s32f32cbt_texture3d_texture2d_half,1,32332.5,0.0160874,SKIPPED,,1,56,61,2800,3.4,2026-10-05T04:33:27Z
4w,F1,f01,t256x128k32g12s32f32bibt,llama-3.1-8b,wq_wo,2048,4096,4096,sarc_dev_780m_x_linear_q4gsw_coopmat_t256x128k32g12s32f32bibt_texture3d_texture2d_half,1,139891,0.00398345,SKIPPED,,1,58,61,2800,3.4,2026-10-05T04:33:31Z
4w,F1,f01,t256x128k32g12s32f32bibt,llama-3.2-3b,wq_wo,2048,3072,3072,sarc_dev_780m_x_linear_q4gsw_coopmat_t256x128k32g12s32f32bibt_texture3d_texture2d_half,1,83109.6,0.0180893,SKIPPED,,1,58,61,2800,3.4,2026-10-05T04:33:31Z
4w,F1,f01,t256x128k32g12s32f32bibt,llama-3.2-1b,wq_wo,2048,2048,2048,sarc_dev_780m_x_linear_q4gsw_coopmat_t256x128k32g12s32f32bibt_texture3d_texture2d_half,1,31387.6,0.0156925,SKIPPED,,1,58,61,2800,3.4,2026-10-05T04:33:31Z
4w,F1,f01,t256x128k32g12s32f32biwbt,llama-3.1-8b,wq_wo,2048,4096,4096,sarc_dev_780m_x_linear_q4gsw_coopmat_t256x128k32g12s32f32biwbt_texture3d_texture2d_half,1,134279,0.0515464,SKIPPED,,1,58,61,2800,3.4,2026-10-05T04:33:34Z
4w,F1,f01,t256x128k32g12s32f32biwbt,llama-3.2-3b,wq_wo,2048,3072,3072,sarc_dev_780m_x_linear_q4gsw_coopmat_t256x128k32g12s32f32biwbt_texture3d_texture2d_half,1,82842.7,0.00989078,SKIPPED,,1,58,61,2800,3.4,2026-10-05T04:33:34Z
4w,F1,f01,t256x128k32g12s32f32biwbt,llama-3.2-1b,wq_wo,2048,2048,2048,sarc_dev_780m_x_linear_q4gsw_coopmat_t256x128k32g12s32f32biwbt_texture3d_texture2d_half,1,32411.7,0.024973,SKIPPED,,1,58,61,2800,3.4,2026-10-05T04:33:34Z
4w,F1,f01,t256x128k32g12s32f32b,llama-3.1-8b,wq_wo,2048,4096,4096,sarc_dev_780m_x_linear_q4gsw_coopmat_t256x128k32g12s32f32b_texture3d_texture2d_half,1,109198,0.0331038,SKIPPED,,1,58,61,2800,3.2,2026-10-05T04:33:38Z
4w,F1,f01,t256x128k32g12s32f32b,llama-3.2-3b,wq_wo,2048,3072,3072,sarc_dev_780m_x_linear_q4gsw_coopmat_t256x128k32g12s32f32b_texture3d_texture2d_half,1,75871.7,0.0177911,SKIPPED,,1,58,61,2800,3.2,2026-10-05T04:33:38Z
4w,F1,f01,t256x128k32g12s32f32b,llama-3.2-1b,wq_wo,2048,2048,2048,sarc_dev_780m_x_linear_q4gsw_coopmat_t256x128k32g12s32f32b_texture3d_texture2d_half,1,27565.9,0.0154219,SKIPPED,,1,58,61,2800,3.2,2026-10-05T04:33:38Z
4w,F1,f01,t256x128k32g21s32f32bbt,llama-3.1-8b,wq_wo,2048,4096,4096,sarc_dev_780m_x_linear_q4gsw_coopmat_t256x128k32g21s32f32bbt_texture3d_texture2d_half,1,215197,0.0127232,SKIPPED,,1,59,60,2800,3.9,2026-10-05T04:33:42Z
4w,F1,f01,t256x128k32g21s32f32bbt,llama-3.2-3b,wq_wo,2048,3072,3072,sarc_dev_780m_x_linear_q4gsw_coopmat_t256x128k32g21s32f32bbt_texture3d_texture2d_half,1,132464,0.00228016,SKIPPED,,1,59,60,2800,3.9,2026-10-05T04:33:42Z
4w,F1,f01,t256x128k32g21s32f32bbt,llama-3.2-1b,wq_wo,2048,2048,2048,sarc_dev_780m_x_linear_q4gsw_coopmat_t256x128k32g21s32f32bbt_texture3d_texture2d_half,1,54147.4,0.00584627,SKIPPED,,1,59,60,2800,3.9,2026-10-05T04:33:42Z
4w,F1,f01,t256x128k32g24s32f32bbt,llama-3.1-8b,wq_wo,2048,4096,4096,sarc_dev_780m_x_linear_q4gsw_coopmat_t256x128k32g24s32f32bbt_texture3d_texture2d_half,1,6658.94,0.112603,SKIPPED,,1,57,69,2800,2.0,2026-10-05T04:33:44Z
4w,F1,f01,t256x128k32g24s32f32bbt,llama-3.2-3b,wq_wo,2048,3072,3072,sarc_dev_780m_x_linear_q4gsw_coopmat_t256x128k32g24s32f32bbt_texture3d_texture2d_half,1,3714.72,0.133078,SKIPPED,,1,57,69,2800,2.0,2026-10-05T04:33:44Z
4w,F1,f01,t256x128k32g24s32f32bbt,llama-3.2-1b,wq_wo,2048,2048,2048,sarc_dev_780m_x_linear_q4gsw_coopmat_t256x128k32g24s32f32bbt_texture3d_texture2d_half,1,1783.2,0.113407,SKIPPED,,1,57,69,2800,2.0,2026-10-05T04:33:44Z
4w,F1,f01,t256x128k32g28s32f32bbt,llama-3.1-8b,wq_wo,2048,4096,4096,sarc_dev_780m_x_linear_q4gsw_coopmat_t256x128k32g28s32f32bbt_texture3d_texture2d_half,1,6822.64,0.101942,SKIPPED,,1,62,70,2800,2.0,2026-10-05T04:33:46Z
4w,F1,f01,t256x128k32g28s32f32bbt,llama-3.2-3b,wq_wo,2048,3072,3072,sarc_dev_780m_x_linear_q4gsw_coopmat_t256x128k32g28s32f32bbt_texture3d_texture2d_half,1,3916.72,0.130033,SKIPPED,,1,62,70,2800,2.0,2026-10-05T04:33:46Z
4w,F1,f01,t256x128k32g28s32f32bbt,llama-3.2-1b,wq_wo,2048,2048,2048,sarc_dev_780m_x_linear_q4gsw_coopmat_t256x128k32g28s32f32bbt_texture3d_texture2d_half,1,1754.04,0.129792,SKIPPED,,1,62,70,2800,2.0,2026-10-05T04:33:46Z
4w,F1,f01,t256x128k32g22s64f32bbt,llama-3.1-8b,wq_wo,2048,4096,4096,sarc_dev_780m_x_linear_q4gsw_coopmat_t256x128k32g22s64f32bbt_texture3d_texture2d_half,1,7950.22,0.122944,SKIPPED,,1,62,67,2800,2.0,2026-10-05T04:33:48Z
4w,F1,f01,t256x128k32g22s64f32bbt,llama-3.2-3b,wq_wo,2048,3072,3072,sarc_dev_780m_x_linear_q4gsw_coopmat_t256x128k32g22s64f32bbt_texture3d_texture2d_half,1,4634.1,0.131469,SKIPPED,,1,62,67,2800,2.0,2026-10-05T04:33:48Z
4w,F1,f01,t256x128k32g22s64f32bbt,llama-3.2-1b,wq_wo,2048,2048,2048,sarc_dev_780m_x_linear_q4gsw_coopmat_t256x128k32g22s64f32bbt_texture3d_texture2d_half,1,2086.54,0.114608,SKIPPED,,1,62,67,2800,2.0,2026-10-05T04:33:48Z
4w,F1,f01,t256x128k32g22s32bbt,llama-3.1-8b,wq_wo,2048,4096,4096,sarc_dev_780m_x_linear_q4gsw_coopmat_t256x128k32g22s32bbt_texture3d_texture2d_half,1,199816,0.000484626,SKIPPED,,1,60,60,2800,3.7,2026-10-05T04:33:52Z
4w,F1,f01,t256x128k32g22s32bbt,llama-3.2-3b,wq_wo,2048,3072,3072,sarc_dev_780m_x_linear_q4gsw_coopmat_t256x128k32g22s32bbt_texture3d_texture2d_half,1,112368,0.00103997,SKIPPED,,1,60,60,2800,3.7,2026-10-05T04:33:52Z
4w,F1,f01,t256x128k32g22s32bbt,llama-3.2-1b,wq_wo,2048,2048,2048,sarc_dev_780m_x_linear_q4gsw_coopmat_t256x128k32g22s32bbt_texture3d_texture2d_half,1,49757.6,0.000508442,SKIPPED,,1,60,60,2800,3.7,2026-10-05T04:33:52Z
4w,F1,f01,t256x128k32g22s32gabbt,llama-3.1-8b,wq_wo,2048,4096,4096,sarc_dev_780m_x_linear_q4gsw_coopmat_t256x128k32g22s32gabbt_texture3d_texture2d_half,1,320350,0.016168,SKIPPED,,1,57,60,2800,5.7,2026-10-05T04:33:57Z
4w,F1,f01,t256x128k32g22s32gabbt,llama-3.2-3b,wq_wo,2048,3072,3072,sarc_dev_780m_x_linear_q4gsw_coopmat_t256x128k32g22s32gabbt_texture3d_texture2d_half,1,206641,9.57275e-05,SKIPPED,,1,57,60,2800,5.7,2026-10-05T04:33:57Z
4w,F1,f01,t256x128k32g22s32gabbt,llama-3.2-1b,wq_wo,2048,2048,2048,sarc_dev_780m_x_linear_q4gsw_coopmat_t256x128k32g22s32gabbt_texture3d_texture2d_half,1,91529.4,0.000564197,SKIPPED,,1,57,60,2800,5.7,2026-10-05T04:33:57Z
4w,F1,f01,t256x128k32g22s32f32cbt,llama-3.1-8b,wq_wo,2048,4096,4096,sarc_dev_780m_x_linear_q4gsw_coopmat_t256x128k32g22s32f32cbt_texture3d_texture2d_half,1,29528.9,0.00300282,SKIPPED,,1,57,63,2800,2.3,2026-10-05T04:34:00Z
4w,F1,f01,t256x128k32g22s32f32cbt,llama-3.2-3b,wq_wo,2048,3072,3072,sarc_dev_780m_x_linear_q4gsw_coopmat_t256x128k32g22s32f32cbt_texture3d_texture2d_half,1,16053.7,0.0119448,SKIPPED,,1,57,63,2800,2.3,2026-10-05T04:34:00Z
4w,F1,f01,t256x128k32g22s32f32cbt,llama-3.2-1b,wq_wo,2048,2048,2048,sarc_dev_780m_x_linear_q4gsw_coopmat_t256x128k32g22s32f32cbt_texture3d_texture2d_half,1,7852.62,0.0890456,SKIPPED,,1,57,63,2800,2.3,2026-10-05T04:34:00Z
4w,F1,f01,t256x128k32g22s32f32bibt,llama-3.1-8b,wq_wo,2048,4096,4096,sarc_dev_780m_x_linear_q4gsw_coopmat_t256x128k32g22s32f32bibt_texture3d_texture2d_half,1,29820.7,0.0042121,SKIPPED,,1,59,63,2800,2.3,2026-10-05T04:34:02Z
4w,F1,f01,t256x128k32g22s32f32bibt,llama-3.2-3b,wq_wo,2048,3072,3072,sarc_dev_780m_x_linear_q4gsw_coopmat_t256x128k32g22s32f32bibt_texture3d_texture2d_half,1,16190.7,0.0119023,SKIPPED,,1,59,63,2800,2.3,2026-10-05T04:34:02Z
4w,F1,f01,t256x128k32g22s32f32bibt,llama-3.2-1b,wq_wo,2048,2048,2048,sarc_dev_780m_x_linear_q4gsw_coopmat_t256x128k32g22s32f32bibt_texture3d_texture2d_half,1,7940.32,0.092762,SKIPPED,,1,59,63,2800,2.3,2026-10-05T04:34:02Z
4w,F1,f01,t256x128k32g22s32f32biwbt,llama-3.1-8b,wq_wo,2048,4096,4096,sarc_dev_780m_x_linear_q4gsw_coopmat_t256x128k32g22s32f32biwbt_texture3d_texture2d_half,1,29880,0.00339435,SKIPPED,,1,59,64,2800,2.3,2026-10-05T04:34:04Z
4w,F1,f01,t256x128k32g22s32f32biwbt,llama-3.2-3b,wq_wo,2048,3072,3072,sarc_dev_780m_x_linear_q4gsw_coopmat_t256x128k32g22s32f32biwbt_texture3d_texture2d_half,1,16140.7,0.00776697,SKIPPED,,1,59,64,2800,2.3,2026-10-05T04:34:04Z
4w,F1,f01,t256x128k32g22s32f32biwbt,llama-3.2-1b,wq_wo,2048,2048,2048,sarc_dev_780m_x_linear_q4gsw_coopmat_t256x128k32g22s32f32biwbt_texture3d_texture2d_half,1,7505.8,0.0731194,SKIPPED,,1,59,64,2800,2.3,2026-10-05T04:34:04Z
4w,F1,f01,t256x128k32g22s32f32b,llama-3.1-8b,wq_wo,2048,4096,4096,sarc_dev_780m_x_linear_q4gsw_coopmat_t256x128k32g22s32f32b_texture3d_texture2d_half,1,29927.1,0.0055964,SKIPPED,,1,61,63,2800,2.3,2026-10-05T04:34:07Z
4w,F1,f01,t256x128k32g22s32f32b,llama-3.2-3b,wq_wo,2048,3072,3072,sarc_dev_780m_x_linear_q4gsw_coopmat_t256x128k32g22s32f32b_texture3d_texture2d_half,1,16530.2,0.00887169,SKIPPED,,1,61,63,2800,2.3,2026-10-05T04:34:07Z
4w,F1,f01,t256x128k32g22s32f32b,llama-3.2-1b,wq_wo,2048,2048,2048,sarc_dev_780m_x_linear_q4gsw_coopmat_t256x128k32g22s32f32b_texture3d_texture2d_half,1,7887.82,0.0964798,SKIPPED,,1,61,63,2800,2.3,2026-10-05T04:34:07Z
4w,F1,f01,t256x128k32g81s32f32bbt,llama-3.1-8b,wq_wo,2048,4096,4096,sarc_dev_780m_x_linear_q4gsw_coopmat_t256x128k32g81s32f32bbt_texture3d_texture2d_half,1,85841.9,0.000886532,SKIPPED,,1,60,63,2800,2.6,2026-10-05T04:34:09Z
4w,F1,f01,t256x128k32g81s32f32bbt,llama-3.2-3b,wq_wo,2048,3072,3072,sarc_dev_780m_x_linear_q4gsw_coopmat_t256x128k32g81s32f32bbt_texture3d_texture2d_half,1,46697.6,0.0182537,SKIPPED,,1,60,63,2800,2.6,2026-10-05T04:34:09Z
4w,F1,f01,t256x128k32g81s32f32bbt,llama-3.2-1b,wq_wo,2048,2048,2048,sarc_dev_780m_x_linear_q4gsw_coopmat_t256x128k32g81s32f32bbt_texture3d_texture2d_half,1,18545.4,0.00893244,SKIPPED,,1,60,63,2800,2.6,2026-10-05T04:34:09Z
4w,F1,f01,t256x128k32g84s32f32bbt,llama-3.1-8b,wq_wo,2048,4096,4096,sarc_dev_780m_x_linear_q4gsw_coopmat_t256x128k32g84s32f32bbt_texture3d_texture2d_half,1,9853.16,0.0608781,SKIPPED,,1,60,66,2800,2.0,2026-10-05T04:34:11Z
4w,F1,f01,t256x128k32g84s32f32bbt,llama-3.2-3b,wq_wo,2048,3072,3072,sarc_dev_780m_x_linear_q4gsw_coopmat_t256x128k32g84s32f32bbt_texture3d_texture2d_half,1,6232.6,0.105747,SKIPPED,,1,60,66,2800,2.0,2026-10-05T04:34:11Z
4w,F1,f01,t256x128k32g84s32f32bbt,llama-3.2-1b,wq_wo,2048,2048,2048,sarc_dev_780m_x_linear_q4gsw_coopmat_t256x128k32g84s32f32bbt_texture3d_texture2d_half,1,2828.76,0.114796,SKIPPED,,1,60,66,2800,2.0,2026-10-05T04:34:11Z
4w,F1,f01,t256x128k32g82s64f32bbt,llama-3.1-8b,wq_wo,2048,4096,4096,sarc_dev_780m_x_linear_q4gsw_coopmat_t256x128k32g82s64f32bbt_texture3d_texture2d_half,1,12159.7,0.0667697,SKIPPED,,1,59,65,2800,2.0,2026-10-05T04:34:13Z
4w,F1,f01,t256x128k32g82s64f32bbt,llama-3.2-3b,wq_wo,2048,3072,3072,sarc_dev_780m_x_linear_q4gsw_coopmat_t256x128k32g82s64f32bbt_texture3d_texture2d_half,1,7603.74,0.115117,SKIPPED,,1,59,65,2800,2.0,2026-10-05T04:34:13Z
4w,F1,f01,t256x128k32g82s64f32bbt,llama-3.2-1b,wq_wo,2048,2048,2048,sarc_dev_780m_x_linear_q4gsw_coopmat_t256x128k32g82s64f32bbt_texture3d_texture2d_half,1,3549.4,0.131012,SKIPPED,,1,59,65,2800,2.0,2026-10-05T04:34:13Z
4w,F1,f01,t256x128k32g82s32bbt,llama-3.1-8b,wq_wo,2048,4096,4096,sarc_dev_780m_x_linear_q4gsw_coopmat_t256x128k32g82s32bbt_texture3d_texture2d_half,1,11431.6,0.0421435,SKIPPED,,1,59,66,2800,2.1,2026-10-05T04:34:15Z
4w,F1,f01,t256x128k32g82s32bbt,llama-3.2-3b,wq_wo,2048,3072,3072,sarc_dev_780m_x_linear_q4gsw_coopmat_t256x128k32g82s32bbt_texture3d_texture2d_half,1,6952.9,0.096636,SKIPPED,,1,59,66,2800,2.1,2026-10-05T04:34:15Z
4w,F1,f01,t256x128k32g82s32bbt,llama-3.2-1b,wq_wo,2048,2048,2048,sarc_dev_780m_x_linear_q4gsw_coopmat_t256x128k32g82s32bbt_texture3d_texture2d_half,1,3244.6,0.125112,SKIPPED,,1,59,66,2800,2.1,2026-10-05T04:34:15Z
4w,F1,f01,t256x128k32g82s32gabbt,llama-3.1-8b,wq_wo,2048,4096,4096,sarc_dev_780m_x_linear_q4gsw_coopmat_t256x128k32g82s32gabbt_texture3d_texture2d_half,1,11279.6,0.0536474,SKIPPED,,1,60,65,2800,2.1,2026-10-05T04:34:17Z
4w,F1,f01,t256x128k32g82s32gabbt,llama-3.2-3b,wq_wo,2048,3072,3072,sarc_dev_780m_x_linear_q4gsw_coopmat_t256x128k32g82s32gabbt_texture3d_texture2d_half,1,6928.98,0.0997944,SKIPPED,,1,60,65,2800,2.1,2026-10-05T04:34:17Z
4w,F1,f01,t256x128k32g82s32gabbt,llama-3.2-1b,wq_wo,2048,2048,2048,sarc_dev_780m_x_linear_q4gsw_coopmat_t256x128k32g82s32gabbt_texture3d_texture2d_half,1,3172.68,0.114365,SKIPPED,,1,60,65,2800,2.1,2026-10-05T04:34:17Z
4w,F1,f01,t256x128k32g82s32f32cbt,llama-3.1-8b,wq_wo,2048,4096,4096,sarc_dev_780m_x_linear_q4gsw_coopmat_t256x128k32g82s32f32cbt_texture3d_texture2d_half,1,9695.82,0.0525909,SKIPPED,,1,59,65,2800,2.0,2026-10-05T04:34:19Z
4w,F1,f01,t256x128k32g82s32f32cbt,llama-3.2-3b,wq_wo,2048,3072,3072,sarc_dev_780m_x_linear_q4gsw_coopmat_t256x128k32g82s32f32cbt_texture3d_texture2d_half,1,5832.54,0.0861467,SKIPPED,,1,59,65,2800,2.0,2026-10-05T04:34:19Z
4w,F1,f01,t256x128k32g82s32f32cbt,llama-3.2-1b,wq_wo,2048,2048,2048,sarc_dev_780m_x_linear_q4gsw_coopmat_t256x128k32g82s32f32cbt_texture3d_texture2d_half,1,2702.02,0.111005,SKIPPED,,1,59,65,2800,2.0,2026-10-05T04:34:19Z
4w,F1,f01,t256x128k32g82s32f32bibt,llama-3.1-8b,wq_wo,2048,4096,4096,sarc_dev_780m_x_linear_q4gsw_coopmat_t256x128k32g82s32f32bibt_texture3d_texture2d_half,1,9750.06,0.0565832,SKIPPED,,1,59,67,2800,2.0,2026-10-05T04:34:22Z
4w,F1,f01,t256x128k32g82s32f32bibt,llama-3.2-3b,wq_wo,2048,3072,3072,sarc_dev_780m_x_linear_q4gsw_coopmat_t256x128k32g82s32f32bibt_texture3d_texture2d_half,1,5853.88,0.0858261,SKIPPED,,1,59,67,2800,2.0,2026-10-05T04:34:22Z
4w,F1,f01,t256x128k32g82s32f32bibt,llama-3.2-1b,wq_wo,2048,2048,2048,sarc_dev_780m_x_linear_q4gsw_coopmat_t256x128k32g82s32f32bibt_texture3d_texture2d_half,1,2664.78,0.108271,SKIPPED,,1,59,67,2800,2.0,2026-10-05T04:34:22Z
4w,F1,f01,t256x128k32g82s32f32biwbt,llama-3.1-8b,wq_wo,2048,4096,4096,sarc_dev_780m_x_linear_q4gsw_coopmat_t256x128k32g82s32f32biwbt_texture3d_texture2d_half,1,9768.74,0.055789,SKIPPED,,1,60,66,2800,2.0,2026-10-05T04:34:24Z
4w,F1,f01,t256x128k32g82s32f32biwbt,llama-3.2-3b,wq_wo,2048,3072,3072,sarc_dev_780m_x_linear_q4gsw_coopmat_t256x128k32g82s32f32biwbt_texture3d_texture2d_half,1,5838.92,0.0825505,SKIPPED,,1,60,66,2800,2.0,2026-10-05T04:34:24Z
4w,F1,f01,t256x128k32g82s32f32biwbt,llama-3.2-1b,wq_wo,2048,2048,2048,sarc_dev_780m_x_linear_q4gsw_coopmat_t256x128k32g82s32f32biwbt_texture3d_texture2d_half,1,2733.46,0.112226,SKIPPED,,1,60,66,2800,2.0,2026-10-05T04:34:24Z
4w,F1,f01,t256x128k32g82s32f32b,llama-3.1-8b,wq_wo,2048,4096,4096,sarc_dev_780m_x_linear_q4gsw_coopmat_t256x128k32g82s32f32b_texture3d_texture2d_half,1,10891.6,0.040695,SKIPPED,,1,60,65,2800,2.0,2026-10-05T04:34:26Z
4w,F1,f01,t256x128k32g82s32f32b,llama-3.2-3b,wq_wo,2048,3072,3072,sarc_dev_780m_x_linear_q4gsw_coopmat_t256x128k32g82s32f32b_texture3d_texture2d_half,1,6668.14,0.0923204,SKIPPED,,1,60,65,2800,2.0,2026-10-05T04:34:26Z
4w,F1,f01,t256x128k32g82s32f32b,llama-3.2-1b,wq_wo,2048,2048,2048,sarc_dev_780m_x_linear_q4gsw_coopmat_t256x128k32g82s32f32b_texture3d_texture2d_half,1,3088.22,0.109606,SKIPPED,,1,60,65,2800,2.0,2026-10-05T04:34:26Z
4w,F1,f01,t256x128k32g41s64f32bbt,llama-3.1-8b,wq_wo,2048,4096,4096,sarc_dev_780m_x_linear_q4gsw_coopmat_t256x128k32g41s64f32bbt_texture3d_texture2d_half,1,12957.5,0.0667565,SKIPPED,,1,59,65,2800,2.1,2026-10-05T04:34:28Z
4w,F1,f01,t256x128k32g41s64f32bbt,llama-3.2-3b,wq_wo,2048,3072,3072,sarc_dev_780m_x_linear_q4gsw_coopmat_t256x128k32g41s64f32bbt_texture3d_texture2d_half,1,7215.44,0.0668315,SKIPPED,,1,59,65,2800,2.1,2026-10-05T04:34:28Z
4w,F1,f01,t256x128k32g41s64f32bbt,llama-3.2-1b,wq_wo,2048,2048,2048,sarc_dev_780m_x_linear_q4gsw_coopmat_t256x128k32g41s64f32bbt_texture3d_texture2d_half,1,3533.78,0.10655,SKIPPED,,1,59,65,2800,2.1,2026-10-05T04:34:28Z
4w,F1,f01,t256x128k32g41s32bbt,llama-3.1-8b,wq_wo,2048,4096,4096,sarc_dev_780m_x_linear_q4gsw_coopmat_t256x128k32g41s32bbt_texture3d_texture2d_half,1,149707,0.0111358,SKIPPED,,1,60,59,2800,3.1,2026-10-05T04:34:31Z
4w,F1,f01,t256x128k32g41s32bbt,llama-3.2-3b,wq_wo,2048,3072,3072,sarc_dev_780m_x_linear_q4gsw_coopmat_t256x128k32g41s32bbt_texture3d_texture2d_half,1,85287.7,0.00928177,SKIPPED,,1,60,59,2800,3.1,2026-10-05T04:34:31Z
4w,F1,f01,t256x128k32g41s32bbt,llama-3.2-1b,wq_wo,2048,2048,2048,sarc_dev_780m_x_linear_q4gsw_coopmat_t256x128k32g41s32bbt_texture3d_texture2d_half,1,36971.3,0.0120497,SKIPPED,,1,60,59,2800,3.1,2026-10-05T04:34:31Z
4w,F1,f01,t256x128k32g41s32gabbt,llama-3.1-8b,wq_wo,2048,4096,4096,sarc_dev_780m_x_linear_q4gsw_coopmat_t256x128k32g41s32gabbt_texture3d_texture2d_half,1,427025,0.00147163,SKIPPED,,1,56,60,2800,6.0,2026-10-05T04:34:37Z
4w,F1,f01,t256x128k32g41s32gabbt,llama-3.2-3b,wq_wo,2048,3072,3072,sarc_dev_780m_x_linear_q4gsw_coopmat_t256x128k32g41s32gabbt_texture3d_texture2d_half,1,242683,0.00184068,SKIPPED,,1,56,60,2800,6.0,2026-10-05T04:34:37Z
4w,F1,f01,t256x128k32g41s32gabbt,llama-3.2-1b,wq_wo,2048,2048,2048,sarc_dev_780m_x_linear_q4gsw_coopmat_t256x128k32g41s32gabbt_texture3d_texture2d_half,1,106348,0.000523012,SKIPPED,,1,56,60,2800,6.0,2026-10-05T04:34:37Z
4w,F1,f01,t256x128k32g41s32f32bt,llama-3.1-8b,wq_wo,2048,4096,4096,sarc_dev_780m_x_linear_q4gsw_coopmat_t256x128k32g41s32f32bt_texture3d_texture2d_half,1,155595,0.000788705,SKIPPED,,1,56,60,2800,3.4,2026-10-05T04:34:40Z
4w,F1,f01,t256x128k32g41s32f32bt,llama-3.2-3b,wq_wo,2048,3072,3072,sarc_dev_780m_x_linear_q4gsw_coopmat_t256x128k32g41s32f32bt_texture3d_texture2d_half,1,88410,0.00512659,SKIPPED,,1,56,60,2800,3.4,2026-10-05T04:34:40Z
4w,F1,f01,t256x128k32g41s32f32bt,llama-3.2-1b,wq_wo,2048,2048,2048,sarc_dev_780m_x_linear_q4gsw_coopmat_t256x128k32g41s32f32bt_texture3d_texture2d_half,1,37613.8,0.00864654,SKIPPED,,1,56,60,2800,3.4,2026-10-05T04:34:40Z
4w,F1,f01,t256x128k32g41s32f32cbt,llama-3.1-8b,wq_wo,2048,4096,4096,sarc_dev_780m_x_linear_q4gsw_coopmat_t256x128k32g41s32f32cbt_texture3d_texture2d_half,1,152055,0.0103468,SKIPPED,,1,56,60,2800,3.3,2026-10-05T04:34:44Z
4w,F1,f01,t256x128k32g41s32f32cbt,llama-3.2-3b,wq_wo,2048,3072,3072,sarc_dev_780m_x_linear_q4gsw_coopmat_t256x128k32g41s32f32cbt_texture3d_texture2d_half,1,88509.3,0.00129206,SKIPPED,,1,56,60,2800,3.3,2026-10-05T04:34:44Z
4w,F1,f01,t256x128k32g41s32f32cbt,llama-3.2-1b,wq_wo,2048,2048,2048,sarc_dev_780m_x_linear_q4gsw_coopmat_t256x128k32g41s32f32cbt_texture3d_texture2d_half,1,37956.2,0.00719761,SKIPPED,,1,56,60,2800,3.3,2026-10-05T04:34:44Z
4w,F1,f01,t256x128k32g41s32f32bibt,llama-3.1-8b,wq_wo,2048,4096,4096,sarc_dev_780m_x_linear_q4gsw_coopmat_t256x128k32g41s32f32bibt_texture3d_texture2d_half,1,156834,0.0117624,SKIPPED,,1,56,60,2800,3.3,2026-10-05T04:34:47Z
4w,F1,f01,t256x128k32g41s32f32bibt,llama-3.2-3b,wq_wo,2048,3072,3072,sarc_dev_780m_x_linear_q4gsw_coopmat_t256x128k32g41s32f32bibt_texture3d_texture2d_half,1,89747.2,0.0114178,SKIPPED,,1,56,60,2800,3.3,2026-10-05T04:34:47Z
4w,F1,f01,t256x128k32g41s32f32bibt,llama-3.2-1b,wq_wo,2048,2048,2048,sarc_dev_780m_x_linear_q4gsw_coopmat_t256x128k32g41s32f32bibt_texture3d_texture2d_half,1,38387.3,0.00988932,SKIPPED,,1,56,60,2800,3.3,2026-10-05T04:34:47Z
4w,F1,f01,t256x128k32g41s32f32biwbt,llama-3.1-8b,wq_wo,2048,4096,4096,sarc_dev_780m_x_linear_q4gsw_coopmat_t256x128k32g41s32f32biwbt_texture3d_texture2d_half,1,155383,0.0117555,SKIPPED,,1,57,61,2800,3.2,2026-10-05T04:34:50Z
4w,F1,f01,t256x128k32g41s32f32biwbt,llama-3.2-3b,wq_wo,2048,3072,3072,sarc_dev_780m_x_linear_q4gsw_coopmat_t256x128k32g41s32f32biwbt_texture3d_texture2d_half,1,89345,0.00731504,SKIPPED,,1,57,61,2800,3.2,2026-10-05T04:34:50Z
4w,F1,f01,t256x128k32g41s32f32biwbt,llama-3.2-1b,wq_wo,2048,2048,2048,sarc_dev_780m_x_linear_q4gsw_coopmat_t256x128k32g41s32f32biwbt_texture3d_texture2d_half,1,38171.7,0.00633458,SKIPPED,,1,57,61,2800,3.2,2026-10-05T04:34:50Z
4w,F1,f01,t256x128k32g41s32f32b,llama-3.1-8b,wq_wo,2048,4096,4096,sarc_dev_780m_x_linear_q4gsw_coopmat_t256x128k32g41s32f32b_texture3d_texture2d_half,1,171261,0.00625107,SKIPPED,,1,57,60,2800,3.4,2026-10-05T04:34:54Z
4w,F1,f01,t256x128k32g41s32f32b,llama-3.2-3b,wq_wo,2048,3072,3072,sarc_dev_780m_x_linear_q4gsw_coopmat_t256x128k32g41s32f32b_texture3d_texture2d_half,1,96975.8,0.00850232,SKIPPED,,1,57,60,2800,3.4,2026-10-05T04:34:54Z
4w,F1,f01,t256x128k32g41s32f32b,llama-3.2-1b,wq_wo,2048,2048,2048,sarc_dev_780m_x_linear_q4gsw_coopmat_t256x128k32g41s32f32b_texture3d_texture2d_half,1,41148.9,0.00563732,SKIPPED,,1,57,60,2800,3.4,2026-10-05T04:34:54Z
4w,F1,f01,t256x128k32g44s64f32bbt,llama-3.1-8b,wq_wo,2048,4096,4096,sarc_dev_780m_x_linear_q4gsw_coopmat_t256x128k32g44s64f32bbt_texture3d_texture2d_half,1,9966.5,0.0584217,SKIPPED,,1,57,65,2800,2.1,2026-10-05T04:34:56Z
4w,F1,f01,t256x128k32g44s64f32bbt,llama-3.2-3b,wq_wo,2048,3072,3072,sarc_dev_780m_x_linear_q4gsw_coopmat_t256x128k32g44s64f32bbt_texture3d_texture2d_half,1,6338.2,0.109017,SKIPPED,,1,57,65,2800,2.1,2026-10-05T04:34:56Z
4w,F1,f01,t256x128k32g44s64f32bbt,llama-3.2-1b,wq_wo,2048,2048,2048,sarc_dev_780m_x_linear_q4gsw_coopmat_t256x128k32g44s64f32bbt_texture3d_texture2d_half,1,2980.52,0.131705,SKIPPED,,1,57,65,2800,2.1,2026-10-05T04:34:56Z
4w,F1,f01,t256x128k32g44s32bbt,llama-3.1-8b,wq_wo,2048,4096,4096,sarc_dev_780m_x_linear_q4gsw_coopmat_t256x128k32g44s32bbt_texture3d_texture2d_half,1,10493.8,0.0585188,SKIPPED,,1,59,66,2800,2.2,2026-10-05T04:34:58Z
4w,F1,f01,t256x128k32g44s32bbt,llama-3.2-3b,wq_wo,2048,3072,3072,sarc_dev_780m_x_linear_q4gsw_coopmat_t256x128k32g44s32bbt_texture3d_texture2d_half,1,6442.18,0.109035,SKIPPED,,1,59,66,2800,2.2,2026-10-05T04:34:58Z
4w,F1,f01,t256x128k32g44s32bbt,llama-3.2-1b,wq_wo,2048,2048,2048,sarc_dev_780m_x_linear_q4gsw_coopmat_t256x128k32g44s32bbt_texture3d_texture2d_half,1,3023.76,0.123617,SKIPPED,,1,59,66,2800,2.2,2026-10-05T04:34:58Z
4w,F1,f01,t256x128k32g44s32gabbt,llama-3.1-8b,wq_wo,2048,4096,4096,sarc_dev_780m_x_linear_q4gsw_coopmat_t256x128k32g44s32gabbt_texture3d_texture2d_half,1,10726,0.0567441,SKIPPED,,1,60,66,2800,2.1,2026-10-05T04:35:00Z
4w,F1,f01,t256x128k32g44s32gabbt,llama-3.2-3b,wq_wo,2048,3072,3072,sarc_dev_780m_x_linear_q4gsw_coopmat_t256x128k32g44s32gabbt_texture3d_texture2d_half,1,6272.62,0.0795781,SKIPPED,,1,60,66,2800,2.1,2026-10-05T04:35:00Z
4w,F1,f01,t256x128k32g44s32gabbt,llama-3.2-1b,wq_wo,2048,2048,2048,sarc_dev_780m_x_linear_q4gsw_coopmat_t256x128k32g44s32gabbt_texture3d_texture2d_half,1,2885.34,0.0938955,SKIPPED,,1,60,66,2800,2.1,2026-10-05T04:35:00Z
4w,F1,f01,t256x128k32g44s32f32cbt,llama-3.1-8b,wq_wo,2048,4096,4096,sarc_dev_780m_x_linear_q4gsw_coopmat_t256x128k32g44s32f32cbt_texture3d_texture2d_half,1,9709.1,0.0545445,SKIPPED,,1,60,65,2800,2.0,2026-10-05T04:35:02Z
4w,F1,f01,t256x128k32g44s32f32cbt,llama-3.2-3b,wq_wo,2048,3072,3072,sarc_dev_780m_x_linear_q4gsw_coopmat_t256x128k32g44s32f32cbt_texture3d_texture2d_half,1,5861.5,0.0786075,SKIPPED,,1,60,65,2800,2.0,2026-10-05T04:35:02Z
4w,F1,f01,t256x128k32g44s32f32cbt,llama-3.2-1b,wq_wo,2048,2048,2048,sarc_dev_780m_x_linear_q4gsw_coopmat_t256x128k32g44s32f32cbt_texture3d_texture2d_half,1,2556.08,0.0904243,SKIPPED,,1,60,65,2800,2.0,2026-10-05T04:35:02Z
4w,F1,f01,t256x128k32g44s32f32bibt,llama-3.1-8b,wq_wo,2048,4096,4096,sarc_dev_780m_x_linear_q4gsw_coopmat_t256x128k32g44s32f32bibt_texture3d_texture2d_half,1,9837.62,0.0589513,SKIPPED,,1,60,65,2800,2.0,2026-10-05T04:35:04Z
4w,F1,f01,t256x128k32g44s32f32bibt,llama-3.2-3b,wq_wo,2048,3072,3072,sarc_dev_780m_x_linear_q4gsw_coopmat_t256x128k32g44s32f32bibt_texture3d_texture2d_half,1,5931.92,0.0776094,SKIPPED,,1,60,65,2800,2.0,2026-10-05T04:35:04Z
4w,F1,f01,t256x128k32g44s32f32bibt,llama-3.2-1b,wq_wo,2048,2048,2048,sarc_dev_780m_x_linear_q4gsw_coopmat_t256x128k32g44s32f32bibt_texture3d_texture2d_half,1,2614.4,0.0939402,SKIPPED,,1,60,65,2800,2.0,2026-10-05T04:35:04Z
4w,F1,f01,t256x128k32g44s32f32biwbt,llama-3.1-8b,wq_wo,2048,4096,4096,sarc_dev_780m_x_linear_q4gsw_coopmat_t256x128k32g44s32f32biwbt_texture3d_texture2d_half,1,9928.56,0.0650974,SKIPPED,,1,59,66,2800,2.0,2026-10-05T04:35:06Z
4w,F1,f01,t256x128k32g44s32f32biwbt,llama-3.2-3b,wq_wo,2048,3072,3072,sarc_dev_780m_x_linear_q4gsw_coopmat_t256x128k32g44s32f32biwbt_texture3d_texture2d_half,1,5925.64,0.0773118,SKIPPED,,1,59,66,2800,2.0,2026-10-05T04:35:06Z
4w,F1,f01,t256x128k32g44s32f32biwbt,llama-3.2-1b,wq_wo,2048,2048,2048,sarc_dev_780m_x_linear_q4gsw_coopmat_t256x128k32g44s32f32biwbt_texture3d_texture2d_half,1,2622.32,0.0928017,SKIPPED,,1,59,66,2800,2.0,2026-10-05T04:35:06Z
4w,F1,f01,t256x128k32g44s32f32b,llama-3.1-8b,wq_wo,2048,4096,4096,sarc_dev_780m_x_linear_q4gsw_coopmat_t256x128k32g44s32f32b_texture3d_texture2d_half,1,9976.5,0.0677937,SKIPPED,,1,60,66,2800,2.0,2026-10-05T04:35:08Z
4w,F1,f01,t256x128k32g44s32f32b,llama-3.2-3b,wq_wo,2048,3072,3072,sarc_dev_780m_x_linear_q4gsw_coopmat_t256x128k32g44s32f32b_texture3d_texture2d_half,1,5977.96,0.0821111,SKIPPED,,1,60,66,2800,2.0,2026-10-05T04:35:08Z
4w,F1,f01,t256x128k32g44s32f32b,llama-3.2-1b,wq_wo,2048,2048,2048,sarc_dev_780m_x_linear_q4gsw_coopmat_t256x128k32g44s32f32b_texture3d_texture2d_half,1,2758.66,0.109178,SKIPPED,,1,60,66,2800,2.0,2026-10-05T04:35:08Z
4w,F1,f01,t256x128k32g48s32bbt,llama-3.1-8b,wq_wo,2048,4096,4096,sarc_dev_780m_x_linear_q4gsw_coopmat_t256x128k32g48s32bbt_texture3d_texture2d_half,1,9352.04,0.0681984,SKIPPED,,1,60,68,2800,2.0,2026-10-05T04:35:10Z
4w,F1,f01,t256x128k32g48s32bbt,llama-3.2-3b,wq_wo,2048,3072,3072,sarc_dev_780m_x_linear_q4gsw_coopmat_t256x128k32g48s32bbt_texture3d_texture2d_half,1,5670.88,0.0956632,SKIPPED,,1,60,68,2800,2.0,2026-10-05T04:35:10Z
4w,F1,f01,t256x128k32g48s32bbt,llama-3.2-1b,wq_wo,2048,2048,2048,sarc_dev_780m_x_linear_q4gsw_coopmat_t256x128k32g48s32bbt_texture3d_texture2d_half,1,2642.98,0.110494,SKIPPED,,1,60,68,2800,2.0,2026-10-05T04:35:10Z
4w,F1,f01,t256x128k32g48s32gabbt,llama-3.1-8b,wq_wo,2048,4096,4096,sarc_dev_780m_x_linear_q4gsw_coopmat_t256x128k32g48s32gabbt_texture3d_texture2d_half,1,9406.08,0.0691593,SKIPPED,,1,61,68,2800,2.0,2026-10-05T04:35:12Z
4w,F1,f01,t256x128k32g48s32gabbt,llama-3.2-3b,wq_wo,2048,3072,3072,sarc_dev_780m_x_linear_q4gsw_coopmat_t256x128k32g48s32gabbt_texture3d_texture2d_half,1,5725.66,0.0946945,SKIPPED,,1,61,68,2800,2.0,2026-10-05T04:35:12Z
4w,F1,f01,t256x128k32g48s32gabbt,llama-3.2-1b,wq_wo,2048,2048,2048,sarc_dev_780m_x_linear_q4gsw_coopmat_t256x128k32g48s32gabbt_texture3d_texture2d_half,1,2704.5,0.116105,SKIPPED,,1,61,68,2800,2.0,2026-10-05T04:35:12Z
4w,F1,f01,t256x128k32g48s32f32bibt,llama-3.1-8b,wq_wo,2048,4096,4096,sarc_dev_780m_x_linear_q4gsw_coopmat_t256x128k32g48s32f32bibt_texture3d_texture2d_half,1,9837.58,0.07575,SKIPPED,,1,61,65,2800,2.0,2026-10-05T04:35:14Z
4w,F1,f01,t256x128k32g48s32f32bibt,llama-3.2-3b,wq_wo,2048,3072,3072,sarc_dev_780m_x_linear_q4gsw_coopmat_t256x128k32g48s32f32bibt_texture3d_texture2d_half,1,5762.64,0.0850244,SKIPPED,,1,61,65,2800,2.0,2026-10-05T04:35:14Z
4w,F1,f01,t256x128k32g48s32f32bibt,llama-3.2-1b,wq_wo,2048,2048,2048,sarc_dev_780m_x_linear_q4gsw_coopmat_t256x128k32g48s32f32bibt_texture3d_texture2d_half,1,2681.34,0.108659,SKIPPED,,1,61,65,2800,2.0,2026-10-05T04:35:14Z
4w,F1,f01,t256x128k32g48s32f32biwbt,llama-3.1-8b,wq_wo,2048,4096,4096,sarc_dev_780m_x_linear_q4gsw_coopmat_t256x128k32g48s32f32biwbt_texture3d_texture2d_half,1,9740.12,0.0611048,SKIPPED,,1,59,64,2800,2.0,2026-10-05T04:35:16Z
4w,F1,f01,t256x128k32g48s32f32biwbt,llama-3.2-3b,wq_wo,2048,3072,3072,sarc_dev_780m_x_linear_q4gsw_coopmat_t256x128k32g48s32f32biwbt_texture3d_texture2d_half,1,5780.44,0.0857535,SKIPPED,,1,59,64,2800,2.0,2026-10-05T04:35:16Z
4w,F1,f01,t256x128k32g48s32f32biwbt,llama-3.2-1b,wq_wo,2048,2048,2048,sarc_dev_780m_x_linear_q4gsw_coopmat_t256x128k32g48s32f32biwbt_texture3d_texture2d_half,1,2793.64,0.1189,SKIPPED,,1,59,64,2800,2.0,2026-10-05T04:35:16Z
4w,F1,f01,t256x128k32g42s64bbt,llama-3.1-8b,wq_wo,2048,4096,4096,sarc_dev_780m_x_linear_q4gsw_coopmat_t256x128k32g42s64bbt_texture3d_texture2d_half,1,12788.1,0.0575855,SKIPPED,,1,58,65,2800,2.0,2026-10-05T04:35:18Z
4w,F1,f01,t256x128k32g42s64bbt,llama-3.2-3b,wq_wo,2048,3072,3072,sarc_dev_780m_x_linear_q4gsw_coopmat_t256x128k32g42s64bbt_texture3d_texture2d_half,1,7414.28,0.0723648,SKIPPED,,1,58,65,2800,2.0,2026-10-05T04:35:18Z
4w,F1,f01,t256x128k32g42s64bbt,llama-3.2-1b,wq_wo,2048,2048,2048,sarc_dev_780m_x_linear_q4gsw_coopmat_t256x128k32g42s64bbt_texture3d_texture2d_half,1,3441.7,0.103645,SKIPPED,,1,58,65,2800,2.0,2026-10-05T04:35:18Z
4w,F1,f01,t256x128k32g42s64gabbt,llama-3.1-8b,wq_wo,2048,4096,4096,sarc_dev_780m_x_linear_q4gsw_coopmat_t256x128k32g42s64gabbt_texture3d_texture2d_half,1,14061.6,0.0547417,SKIPPED,,1,59,63,2800,2.1,2026-10-05T04:35:21Z
4w,F1,f01,t256x128k32g42s64gabbt,llama-3.2-3b,wq_wo,2048,3072,3072,sarc_dev_780m_x_linear_q4gsw_coopmat_t256x128k32g42s64gabbt_texture3d_texture2d_half,1,7984.48,0.068218,SKIPPED,,1,59,63,2800,2.1,2026-10-05T04:35:21Z
4w,F1,f01,t256x128k32g42s64gabbt,llama-3.2-1b,wq_wo,2048,2048,2048,sarc_dev_780m_x_linear_q4gsw_coopmat_t256x128k32g42s64gabbt_texture3d_texture2d_half,1,3734.58,0.0975994,SKIPPED,,1,59,63,2800,2.1,2026-10-05T04:35:21Z
4w,F1,f01,t256x128k32g42s64f32cbt,llama-3.1-8b,wq_wo,2048,4096,4096,sarc_dev_780m_x_linear_q4gsw_coopmat_t256x128k32g42s64f32cbt_texture3d_texture2d_half,1,11352,0.0422619,SKIPPED,,1,58,63,2800,2.0,2026-10-05T04:35:23Z
4w,F1,f01,t256x128k32g42s64f32cbt,llama-3.2-3b,wq_wo,2048,3072,3072,sarc_dev_780m_x_linear_q4gsw_coopmat_t256x128k32g42s64f32cbt_texture3d_texture2d_half,1,6938.66,0.0892733,SKIPPED,,1,58,63,2800,2.0,2026-10-05T04:35:23Z
4w,F1,f01,t256x128k32g42s64f32cbt,llama-3.2-1b,wq_wo,2048,2048,2048,sarc_dev_780m_x_linear_q4gsw_coopmat_t256x128k32g42s64f32cbt_texture3d_texture2d_half,1,3076.12,0.107347,SKIPPED,,1,58,63,2800,2.0,2026-10-05T04:35:23Z
4w,F1,f01,t256x128k32g42s64f32bibt,llama-3.1-8b,wq_wo,2048,4096,4096,sarc_dev_780m_x_linear_q4gsw_coopmat_t256x128k32g42s64f32bibt_texture3d_texture2d_half,1,11411.6,0.0443047,SKIPPED,,1,58,64,2800,2.1,2026-10-05T04:35:25Z
4w,F1,f01,t256x128k32g42s64f32bibt,llama-3.2-3b,wq_wo,2048,3072,3072,sarc_dev_780m_x_linear_q4gsw_coopmat_t256x128k32g42s64f32bibt_texture3d_texture2d_half,1,7020.4,0.0902268,SKIPPED,,1,58,64,2800,2.1,2026-10-05T04:35:25Z
4w,F1,f01,t256x128k32g42s64f32bibt,llama-3.2-1b,wq_wo,2048,2048,2048,sarc_dev_780m_x_linear_q4gsw_coopmat_t256x128k32g42s64f32bibt_texture3d_texture2d_half,1,3107.5,0.113649,SKIPPED,,1,58,64,2800,2.1,2026-10-05T04:35:25Z
4w,F1,f01,t256x128k32g42s64f32biwbt,llama-3.1-8b,wq_wo,2048,4096,4096,sarc_dev_780m_x_linear_q4gsw_coopmat_t256x128k32g42s64f32biwbt_texture3d_texture2d_half,1,11418.5,0.0408867,SKIPPED,,1,59,64,2800,2.1,2026-10-05T04:35:27Z
4w,F1,f01,t256x128k32g42s64f32biwbt,llama-3.2-3b,wq_wo,2048,3072,3072,sarc_dev_780m_x_linear_q4gsw_coopmat_t256x128k32g42s64f32biwbt_texture3d_texture2d_half,1,6944.66,0.0862477,SKIPPED,,1,59,64,2800,2.1,2026-10-05T04:35:27Z
4w,F1,f01,t256x128k32g42s64f32biwbt,llama-3.2-1b,wq_wo,2048,2048,2048,sarc_dev_780m_x_linear_q4gsw_coopmat_t256x128k32g42s64f32biwbt_texture3d_texture2d_half,1,3108.54,0.110759,SKIPPED,,1,59,64,2800,2.1,2026-10-05T04:35:27Z
4w,F1,f01,t256x128k32g42s64f32b,llama-3.1-8b,wq_wo,2048,4096,4096,sarc_dev_780m_x_linear_q4gsw_coopmat_t256x128k32g42s64f32b_texture3d_texture2d_half,1,11009.7,0.0394438,SKIPPED,,1,59,62,2800,2.0,2026-10-05T04:35:29Z
4w,F1,f01,t256x128k32g42s64f32b,llama-3.2-3b,wq_wo,2048,3072,3072,sarc_dev_780m_x_linear_q4gsw_coopmat_t256x128k32g42s64f32b_texture3d_texture2d_half,1,6744.02,0.0894684,SKIPPED,,1,59,62,2800,2.0,2026-10-05T04:35:29Z
4w,F1,f01,t256x128k32g42s64f32b,llama-3.2-1b,wq_wo,2048,2048,2048,sarc_dev_780m_x_linear_q4gsw_coopmat_t256x128k32g42s64f32b_texture3d_texture2d_half,1,3297.16,0.124645,SKIPPED,,1,59,62,2800,2.0,2026-10-05T04:35:29Z
4w,F1,f01,t256x128k32g42s32cbt,llama-3.1-8b,wq_wo,2048,4096,4096,sarc_dev_780m_x_linear_q4gsw_coopmat_t256x128k32g42s32cbt_texture3d_texture2d_half,1,91996,0.00357972,SKIPPED,,1,58,61,2800,2.5,2026-10-05T04:35:31Z
4w,F1,f01,t256x128k32g42s32cbt,llama-3.2-3b,wq_wo,2048,3072,3072,sarc_dev_780m_x_linear_q4gsw_coopmat_t256x128k32g42s32cbt_texture3d_texture2d_half,1,51622,0.00268803,SKIPPED,,1,58,61,2800,2.5,2026-10-05T04:35:31Z
4w,F1,f01,t256x128k32g42s32cbt,llama-3.2-1b,wq_wo,2048,2048,2048,sarc_dev_780m_x_linear_q4gsw_coopmat_t256x128k32g42s32cbt_texture3d_texture2d_half,1,21455.8,0.0108108,SKIPPED,,1,58,61,2800,2.5,2026-10-05T04:35:31Z
4w,F1,f01,t256x128k32g42s32bibt,llama-3.1-8b,wq_wo,2048,4096,4096,sarc_dev_780m_x_linear_q4gsw_coopmat_t256x128k32g42s32bibt_texture3d_texture2d_half,1,90912.4,0.00977005,SKIPPED,,1,58,61,2800,2.5,2026-10-05T04:35:34Z
4w,F1,f01,t256x128k32g42s32bibt,llama-3.2-3b,wq_wo,2048,3072,3072,sarc_dev_780m_x_linear_q4gsw_coopmat_t256x128k32g42s32bibt_texture3d_texture2d_half,1,50299.8,0.00328868,SKIPPED,,1,58,61,2800,2.5,2026-10-05T04:35:34Z
4w,F1,f01,t256x128k32g42s32bibt,llama-3.2-1b,wq_wo,2048,2048,2048,sarc_dev_780m_x_linear_q4gsw_coopmat_t256x128k32g42s32bibt_texture3d_texture2d_half,1,20755.9,0.00755054,SKIPPED,,1,58,61,2800,2.5,2026-10-05T04:35:34Z
4w,F1,f01,t256x128k32g42s32biwbt,llama-3.1-8b,wq_wo,2048,4096,4096,sarc_dev_780m_x_linear_q4gsw_coopmat_t256x128k32g42s32biwbt_texture3d_texture2d_half,1,90316,0.00351721,SKIPPED,,1,58,60,2800,2.5,2026-10-05T04:35:37Z
4w,F1,f01,t256x128k32g42s32biwbt,llama-3.2-3b,wq_wo,2048,3072,3072,sarc_dev_780m_x_linear_q4gsw_coopmat_t256x128k32g42s32biwbt_texture3d_texture2d_half,1,50598.3,0.0105229,SKIPPED,,1,58,60,2800,2.5,2026-10-05T04:35:37Z
4w,F1,f01,t256x128k32g42s32biwbt,llama-3.2-1b,wq_wo,2048,2048,2048,sarc_dev_780m_x_linear_q4gsw_coopmat_t256x128k32g42s32biwbt_texture3d_texture2d_half,1,20896,0.00628093,SKIPPED,,1,58,60,2800,2.5,2026-10-05T04:35:37Z
4w,F1,f01,t256x128k32g42s32b,llama-3.1-8b,wq_wo,2048,4096,4096,sarc_dev_780m_x_linear_q4gsw_coopmat_t256x128k32g42s32b_texture3d_texture2d_half,1,96150.7,0.00673588,SKIPPED,,1,59,61,2800,2.6,2026-10-05T04:35:39Z
4w,F1,f01,t256x128k32g42s32b,llama-3.2-3b,wq_wo,2048,3072,3072,sarc_dev_780m_x_linear_q4gsw_coopmat_t256x128k32g42s32b_texture3d_texture2d_half,1,53605.4,0.0139762,SKIPPED,,1,59,61,2800,2.6,2026-10-05T04:35:39Z
4w,F1,f01,t256x128k32g42s32b,llama-3.2-1b,wq_wo,2048,2048,2048,sarc_dev_780m_x_linear_q4gsw_coopmat_t256x128k32g42s32b_texture3d_texture2d_half,1,22459,0.00899475,SKIPPED,,1,59,61,2800,2.6,2026-10-05T04:35:39Z
4w,F1,f01,t256x128k32g42s32gacbt,llama-3.1-8b,wq_wo,2048,4096,4096,sarc_dev_780m_x_linear_q4gsw_coopmat_t256x128k32g42s32gacbt_texture3d_texture2d_half,1,114954,0.00695846,SKIPPED,,1,60,61,2800,2.8,2026-10-05T04:35:42Z
4w,F1,f01,t256x128k32g42s32gacbt,llama-3.2-3b,wq_wo,2048,3072,3072,sarc_dev_780m_x_linear_q4gsw_coopmat_t256x128k32g42s32gacbt_texture3d_texture2d_half,1,63193.7,0.00785997,SKIPPED,,1,60,61,2800,2.8,2026-10-05T04:35:42Z
4w,F1,f01,t256x128k32g42s32gacbt,llama-3.2-1b,wq_wo,2048,2048,2048,sarc_dev_780m_x_linear_q4gsw_coopmat_t256x128k32g42s32gacbt_texture3d_texture2d_half,1,27209.1,0.00627925,SKIPPED,,1,60,61,2800,2.8,2026-10-05T04:35:42Z
4w,F1,f01,t256x128k32g42s32gabibt,llama-3.1-8b,wq_wo,2048,4096,4096,sarc_dev_780m_x_linear_q4gsw_coopmat_t256x128k32g42s32gabibt_texture3d_texture2d_half,1,114969,0.00252504,SKIPPED,,1,57,61,2800,2.8,2026-10-05T04:35:45Z
4w,F1,f01,t256x128k32g42s32gabibt,llama-3.2-3b,wq_wo,2048,3072,3072,sarc_dev_780m_x_linear_q4gsw_coopmat_t256x128k32g42s32gabibt_texture3d_texture2d_half,1,64150.9,0.00249381,SKIPPED,,1,57,61,2800,2.8,2026-10-05T04:35:45Z
4w,F1,f01,t256x128k32g42s32gabibt,llama-3.2-1b,wq_wo,2048,2048,2048,sarc_dev_780m_x_linear_q4gsw_coopmat_t256x128k32g42s32gabibt_texture3d_texture2d_half,1,26867.2,0.0133119,SKIPPED,,1,57,61,2800,2.8,2026-10-05T04:35:45Z
4w,F1,f01,t256x128k32g42s32gabiwbt,llama-3.1-8b,wq_wo,2048,4096,4096,sarc_dev_780m_x_linear_q4gsw_coopmat_t256x128k32g42s32gabiwbt_texture3d_texture2d_half,1,116426,0.00631626,SKIPPED,,1,57,61,2800,2.9,2026-10-05T04:35:48Z
4w,F1,f01,t256x128k32g42s32gabiwbt,llama-3.2-3b,wq_wo,2048,3072,3072,sarc_dev_780m_x_linear_q4gsw_coopmat_t256x128k32g42s32gabiwbt_texture3d_texture2d_half,1,64224.2,0.0106658,SKIPPED,,1,57,61,2800,2.9,2026-10-05T04:35:48Z
4w,F1,f01,t256x128k32g42s32gabiwbt,llama-3.2-1b,wq_wo,2048,2048,2048,sarc_dev_780m_x_linear_q4gsw_coopmat_t256x128k32g42s32gabiwbt_texture3d_texture2d_half,1,27587.6,0.0171491,SKIPPED,,1,57,61,2800,2.9,2026-10-05T04:35:48Z
4w,F1,f01,t256x128k32g42s32gab,llama-3.1-8b,wq_wo,2048,4096,4096,sarc_dev_780m_x_linear_q4gsw_coopmat_t256x128k32g42s32gab_texture3d_texture2d_half,1,123044,0.00666446,SKIPPED,,1,57,63,2800,2.9,2026-10-05T04:35:51Z
4w,F1,f01,t256x128k32g42s32gab,llama-3.2-3b,wq_wo,2048,3072,3072,sarc_dev_780m_x_linear_q4gsw_coopmat_t256x128k32g42s32gab_texture3d_texture2d_half,1,68549.2,0.00733318,SKIPPED,,1,57,63,2800,2.9,2026-10-05T04:35:51Z
4w,F1,f01,t256x128k32g42s32gab,llama-3.2-1b,wq_wo,2048,2048,2048,sarc_dev_780m_x_linear_q4gsw_coopmat_t256x128k32g42s32gab_texture3d_texture2d_half,1,28847.7,0.0116784,SKIPPED,,1,57,63,2800,2.9,2026-10-05T04:35:51Z
4w,F1,f01,t256x128k32g42s32f32cibt,llama-3.1-8b,wq_wo,2048,4096,4096,sarc_dev_780m_x_linear_q4gsw_coopmat_t256x128k32g42s32f32cibt_texture3d_texture2d_half,1,6610.34,0.0984502,SKIPPED,,1,60,68,2800,2.0,2026-10-05T04:35:53Z
4w,F1,f01,t256x128k32g42s32f32cibt,llama-3.2-3b,wq_wo,2048,3072,3072,sarc_dev_780m_x_linear_q4gsw_coopmat_t256x128k32g42s32f32cibt_texture3d_texture2d_half,1,4075.26,0.126381,SKIPPED,,1,60,68,2800,2.0,2026-10-05T04:35:53Z
4w,F1,f01,t256x128k32g42s32f32cibt,llama-3.2-1b,wq_wo,2048,2048,2048,sarc_dev_780m_x_linear_q4gsw_coopmat_t256x128k32g42s32f32cibt_texture3d_texture2d_half,1,1872.62,0.109682,SKIPPED,,1,60,68,2800,2.0,2026-10-05T04:35:53Z
4w,F1,f01,t256x128k32g42s32f32bfl,llama-3.1-8b,wq_wo,2048,4096,4096,sarc_dev_780m_x_linear_q4gsw_coopmat_t256x128k32g42s32f32bfl_texture3d_texture2d_half,1,7987.64,0.119462,SKIPPED,,1,61,68,2800,2.0,2026-10-05T04:35:55Z
4w,F1,f01,t256x128k32g42s32f32bfl,llama-3.2-3b,wq_wo,2048,3072,3072,sarc_dev_780m_x_linear_q4gsw_coopmat_t256x128k32g42s32f32bfl_texture3d_texture2d_half,1,4767.54,0.15398,SKIPPED,,1,61,68,2800,2.0,2026-10-05T04:35:55Z
4w,F1,f01,t256x128k32g42s32f32bfl,llama-3.2-1b,wq_wo,2048,2048,2048,sarc_dev_780m_x_linear_q4gsw_coopmat_t256x128k32g42s32f32bfl_texture3d_texture2d_half,1,2162.98,0.137026,SKIPPED,,1,61,68,2800,2.0,2026-10-05T04:35:55Z
4w,F1,f01,t256x128k32g42s32f32biiwbt,llama-3.1-8b,wq_wo,2048,4096,4096,sarc_dev_780m_x_linear_q4gsw_coopmat_t256x128k32g42s32f32biiwbt_texture3d_texture2d_half,1,6719.22,0.106997,SKIPPED,,1,60,66,2800,2.0,2026-10-05T04:35:57Z
4w,F1,f01,t256x128k32g42s32f32biiwbt,llama-3.2-3b,wq_wo,2048,3072,3072,sarc_dev_780m_x_linear_q4gsw_coopmat_t256x128k32g42s32f32biiwbt_texture3d_texture2d_half,1,4102.64,0.115739,SKIPPED,,1,60,66,2800,2.0,2026-10-05T04:35:57Z
4w,F1,f01,t256x128k32g42s32f32biiwbt,llama-3.2-1b,wq_wo,2048,2048,2048,sarc_dev_780m_x_linear_q4gsw_coopmat_t256x128k32g42s32f32biiwbt_texture3d_texture2d_half,1,1912.26,0.114022,SKIPPED,,1,60,66,2800,2.0,2026-10-05T04:35:57Z
4w,F1,f01,t256x128k32g42s32f32bi,llama-3.1-8b,wq_wo,2048,4096,4096,sarc_dev_780m_x_linear_q4gsw_coopmat_t256x128k32g42s32f32bi_texture3d_texture2d_half,1,6958.08,0.0899267,SKIPPED,,1,59,68,2800,2.0,2026-10-05T04:35:59Z
4w,F1,f01,t256x128k32g42s32f32bi,llama-3.2-3b,wq_wo,2048,3072,3072,sarc_dev_780m_x_linear_q4gsw_coopmat_t256x128k32g42s32f32bi_texture3d_texture2d_half,1,4240.52,0.122004,SKIPPED,,1,59,68,2800,2.0,2026-10-05T04:35:59Z
4w,F1,f01,t256x128k32g42s32f32bi,llama-3.2-1b,wq_wo,2048,2048,2048,sarc_dev_780m_x_linear_q4gsw_coopmat_t256x128k32g42s32f32bi_texture3d_texture2d_half,1,1971.64,0.120651,SKIPPED,,1,59,68,2800,2.0,2026-10-05T04:35:59Z
4w,F1,f01,t256x128k32g42s32f32bh,llama-3.1-8b,wq_wo,2048,4096,4096,sarc_dev_780m_x_linear_q4gsw_coopmat_t256x128k32g42s32f32bh_texture3d_texture2d_half,1,7858.9,0.116216,SKIPPED,,1,61,67,2800,2.0,2026-10-05T04:36:01Z
4w,F1,f01,t256x128k32g42s32f32bh,llama-3.2-3b,wq_wo,2048,3072,3072,sarc_dev_780m_x_linear_q4gsw_coopmat_t256x128k32g42s32f32bh_texture3d_texture2d_half,1,4548.76,0.119809,SKIPPED,,1,61,67,2800,2.0,2026-10-05T04:36:01Z
4w,F1,f01,t256x128k32g42s32f32bh,llama-3.2-1b,wq_wo,2048,2048,2048,sarc_dev_780m_x_linear_q4gsw_coopmat_t256x128k32g42s32f32bh_texture3d_texture2d_half,1,2051.96,0.121198,SKIPPED,,1,61,67,2800,2.0,2026-10-05T04:36:01Z
4w,F1,f01,bx_t32x32k32g22s32f32cfliw,llama-3.1-8b,wq_wo,2048,4096,4096,sarc_dev_780m_x_linear_q4gsw_coopmat_bx_t32x32k32g22s32f32cfliw_texture3d_texture2d_half,1,17778.3,0.00157964,SKIPPED,,1,61,65,2800,2.1,2026-10-05T04:36:03Z
4w,F1,f01,bx_t32x32k32g22s32f32cfliw,llama-3.2-3b,wq_wo,2048,3072,3072,sarc_dev_780m_x_linear_q4gsw_coopmat_bx_t32x32k32g22s32f32cfliw_texture3d_texture2d_half,1,10018.6,0.0637055,SKIPPED,,1,61,65,2800,2.1,2026-10-05T04:36:03Z
4w,F1,f01,bx_t32x32k32g22s32f32cfliw,llama-3.2-1b,wq_wo,2048,2048,2048,sarc_dev_780m_x_linear_q4gsw_coopmat_bx_t32x32k32g22s32f32cfliw_texture3d_texture2d_half,1,5110.82,0.13802,SKIPPED,,1,61,65,2800,2.1,2026-10-05T04:36:03Z
4w,F1,f01,bx_t32x64k32g22s32f32cfliw,llama-3.1-8b,wq_wo,2048,4096,4096,sarc_dev_780m_x_linear_q4gsw_coopmat_bx_t32x64k32g22s32f32cfliw_texture3d_texture2d_half,1,15020.6,0.0219426,SKIPPED,,1,58,66,2800,2.0,2026-10-05T04:36:05Z
4w,F1,f01,bx_t32x64k32g22s32f32cfliw,llama-3.2-3b,wq_wo,2048,3072,3072,sarc_dev_780m_x_linear_q4gsw_coopmat_bx_t32x64k32g22s32f32cfliw_texture3d_texture2d_half,1,8533.4,0.0802479,SKIPPED,,1,58,66,2800,2.0,2026-10-05T04:36:05Z
4w,F1,f01,bx_t32x64k32g22s32f32cfliw,llama-3.2-1b,wq_wo,2048,2048,2048,sarc_dev_780m_x_linear_q4gsw_coopmat_bx_t32x64k32g22s32f32cfliw_texture3d_texture2d_half,1,4354.8,0.140141,SKIPPED,,1,58,66,2800,2.0,2026-10-05T04:36:05Z
4w,F1,f01,bx_t32x128k32g22s32f32fliw,llama-3.1-8b,wq_wo,2048,4096,4096,sarc_dev_780m_x_linear_q4gsw_coopmat_bx_t32x128k32g22s32f32fliw_texture3d_texture2d_half,1,13232.7,0.0470716,SKIPPED,,1,61,67,2800,2.0,2026-10-05T04:36:07Z
4w,F1,f01,bx_t32x128k32g22s32f32fliw,llama-3.2-3b,wq_wo,2048,3072,3072,sarc_dev_780m_x_linear_q4gsw_coopmat_bx_t32x128k32g22s32f32fliw_texture3d_texture2d_half,1,7865.1,0.107752,SKIPPED,,1,61,67,2800,2.0,2026-10-05T04:36:07Z
4w,F1,f01,bx_t32x128k32g22s32f32fliw,llama-3.2-1b,wq_wo,2048,2048,2048,sarc_dev_780m_x_linear_q4gsw_coopmat_bx_t32x128k32g22s32f32fliw_texture3d_texture2d_half,1,3896.34,0.145248,SKIPPED,,1,61,67,2800,2.0,2026-10-05T04:36:07Z
4w,F1,f01,bx_t32x128k32g22s32f32xfliw,llama-3.1-8b,wq_wo,2048,4096,4096,sarc_dev_780m_x_linear_q4gsw_coopmat_bx_t32x128k32g22s32f32xfliw_texture3d_texture2d_half,1,13265.2,0.0508298,SKIPPED,,1,61,65,2800,2.0,2026-10-05T04:36:09Z
4w,F1,f01,bx_t32x128k32g22s32f32xfliw,llama-3.2-3b,wq_wo,2048,3072,3072,sarc_dev_780m_x_linear_q4gsw_coopmat_bx_t32x128k32g22s32f32xfliw_texture3d_texture2d_half,1,7880.98,0.111684,SKIPPED,,1,61,65,2800,2.0,2026-10-05T04:36:09Z
4w,F1,f01,bx_t32x128k32g22s32f32xfliw,llama-3.2-1b,wq_wo,2048,2048,2048,sarc_dev_780m_x_linear_q4gsw_coopmat_bx_t32x128k32g22s32f32xfliw_texture3d_texture2d_half,1,3886.08,0.146184,SKIPPED,,1,61,65,2800,2.0,2026-10-05T04:36:09Z
4w,F1,f01,bx_t32x128k32g22s32f32bfliw,llama-3.1-8b,wq_wo,2048,4096,4096,sarc_dev_780m_x_linear_q4gsw_coopmat_bx_t32x128k32g22s32f32bfliw_texture3d_texture2d_half,1,13007.5,0.0557792,SKIPPED,,1,58,67,2800,2.0,2026-10-05T04:36:11Z
4w,F1,f01,bx_t32x128k32g22s32f32bfliw,llama-3.2-3b,wq_wo,2048,3072,3072,sarc_dev_780m_x_linear_q4gsw_coopmat_bx_t32x128k32g22s32f32bfliw_texture3d_texture2d_half,1,7782.06,0.110836,SKIPPED,,1,58,67,2800,2.0,2026-10-05T04:36:11Z
4w,F1,f01,bx_t32x128k32g22s32f32bfliw,llama-3.2-1b,wq_wo,2048,2048,2048,sarc_dev_780m_x_linear_q4gsw_coopmat_bx_t32x128k32g22s32f32bfliw_texture3d_texture2d_half,1,3854.34,0.146569,SKIPPED,,1,58,67,2800,2.0,2026-10-05T04:36:11Z
4w,F1,f01,bx_t64x32k32g22s32f32cfliw,llama-3.1-8b,wq_wo,2048,4096,4096,sarc_dev_780m_x_linear_q4gsw_coopmat_bx_t64x32k32g22s32f32cfliw_texture3d_texture2d_half,1,13325.1,0.0521373,SKIPPED,,1,60,66,2800,2.0,2026-10-05T04:36:13Z
4w,F1,f01,bx_t64x32k32g22s32f32cfliw,llama-3.2-3b,wq_wo,2048,3072,3072,sarc_dev_780m_x_linear_q4gsw_coopmat_bx_t64x32k32g22s32f32cfliw_texture3d_texture2d_half,1,7942.34,0.112828,SKIPPED,,1,60,66,2800,2.0,2026-10-05T04:36:13Z
4w,F1,f01,bx_t64x32k32g22s32f32cfliw,llama-3.2-1b,wq_wo,2048,2048,2048,sarc_dev_780m_x_linear_q4gsw_coopmat_bx_t64x32k32g22s32f32cfliw_texture3d_texture2d_half,1,3871.96,0.143056,SKIPPED,,1,60,66,2800,2.0,2026-10-05T04:36:13Z
4w,F1,f01,bx_t64x64k32g22s32f32cfliw,llama-3.1-8b,wq_wo,2048,4096,4096,sarc_dev_780m_x_linear_q4gsw_coopmat_bx_t64x64k32g22s32f32cfliw_texture3d_texture2d_half,1,9841.06,0.0561694,SKIPPED,,1,59,68,2800,2.0,2026-10-05T04:36:15Z
4w,F1,f01,bx_t64x64k32g22s32f32cfliw,llama-3.2-3b,wq_wo,2048,3072,3072,sarc_dev_780m_x_linear_q4gsw_coopmat_bx_t64x64k32g22s32f32cfliw_texture3d_texture2d_half,1,6165.7,0.131891,SKIPPED,,1,59,68,2800,2.0,2026-10-05T04:36:15Z
4w,F1,f01,bx_t64x64k32g22s32f32cfliw,llama-3.2-1b,wq_wo,2048,2048,2048,sarc_dev_780m_x_linear_q4gsw_coopmat_bx_t64x64k32g22s32f32cfliw_texture3d_texture2d_half,1,2849.72,0.146205,SKIPPED,,1,59,68,2800,2.0,2026-10-05T04:36:15Z
4w,F1,f01,bx_t64x128k32g42s32f32cfliw,llama-3.1-8b,wq_wo,2048,4096,4096,sarc_dev_780m_x_linear_q4gsw_coopmat_bx_t64x128k32g42s32f32cfliw_texture3d_texture2d_half,1,9518.56,0.0688168,SKIPPED,,1,59,66,2800,2.0,2026-10-05T04:36:17Z
4w,F1,f01,bx_t64x128k32g42s32f32cfliw,llama-3.2-3b,wq_wo,2048,3072,3072,sarc_dev_780m_x_linear_q4gsw_coopmat_bx_t64x128k32g42s32f32cfliw_texture3d_texture2d_half,1,6127.64,0.133947,SKIPPED,,1,59,66,2800,2.0,2026-10-05T04:36:17Z
4w,F1,f01,bx_t64x128k32g42s32f32cfliw,llama-3.2-1b,wq_wo,2048,2048,2048,sarc_dev_780m_x_linear_q4gsw_coopmat_bx_t64x128k32g42s32f32cfliw_texture3d_texture2d_half,1,2819.44,0.147392,SKIPPED,,1,59,66,2800,2.0,2026-10-05T04:36:17Z
4w,F1,f01,bx_t64x128k32g22s64f32cfliw,llama-3.1-8b,wq_wo,2048,4096,4096,sarc_dev_780m_x_linear_q4gsw_coopmat_bx_t64x128k32g22s64f32cfliw_texture3d_texture2d_half,1,13047.9,0.0503779,SKIPPED,,1,59,66,2800,2.0,2026-10-05T04:36:19Z
4w,F1,f01,bx_t64x128k32g22s64f32cfliw,llama-3.2-3b,wq_wo,2048,3072,3072,sarc_dev_780m_x_linear_q4gsw_coopmat_bx_t64x128k32g22s64f32cfliw_texture3d_texture2d_half,1,8313.78,0.144686,SKIPPED,,1,59,66,2800,2.0,2026-10-05T04:36:19Z
4w,F1,f01,bx_t64x128k32g22s64f32cfliw,llama-3.2-1b,wq_wo,2048,2048,2048,sarc_dev_780m_x_linear_q4gsw_coopmat_bx_t64x128k32g22s64f32cfliw_texture3d_texture2d_half,1,3782.28,0.138817,SKIPPED,,1,59,66,2800,2.0,2026-10-05T04:36:19Z
4w,F1,f01,bx_t64x128k32g22s32cfliw,llama-3.1-8b,wq_wo,2048,4096,4096,sarc_dev_780m_x_linear_q4gsw_coopmat_bx_t64x128k32g22s32cfliw_texture3d_texture2d_half,1,9348.96,0.0775001,SKIPPED,,1,59,68,2800,2.0,2026-10-05T04:36:21Z
4w,F1,f01,bx_t64x128k32g22s32cfliw,llama-3.2-3b,wq_wo,2048,3072,3072,sarc_dev_780m_x_linear_q4gsw_coopmat_bx_t64x128k32g22s32cfliw_texture3d_texture2d_half,1,6017.02,0.134869,SKIPPED,,1,59,68,2800,2.0,2026-10-05T04:36:21Z
4w,F1,f01,bx_t64x128k32g22s32cfliw,llama-3.2-1b,wq_wo,2048,2048,2048,sarc_dev_780m_x_linear_q4gsw_coopmat_bx_t64x128k32g22s32cfliw_texture3d_texture2d_half,1,2753.02,0.155782,SKIPPED,,1,59,68,2800,2.0,2026-10-05T04:36:21Z
4w,F1,f01,bx_t64x128k32g22s32gacfliw,llama-3.1-8b,wq_wo,2048,4096,4096,sarc_dev_780m_x_linear_q4gsw_coopmat_bx_t64x128k32g22s32gacfliw_texture3d_texture2d_half,1,9522.58,0.0669072,SKIPPED,,1,61,66,2800,2.1,2026-10-05T04:36:24Z
4w,F1,f01,bx_t64x128k32g22s32gacfliw,llama-3.2-3b,wq_wo,2048,3072,3072,sarc_dev_780m_x_linear_q4gsw_coopmat_bx_t64x128k32g22s32gacfliw_texture3d_texture2d_half,1,6473.6,0.163754,SKIPPED,,1,61,66,2800,2.1,2026-10-05T04:36:24Z
4w,F1,f01,bx_t64x128k32g22s32gacfliw,llama-3.2-1b,wq_wo,2048,2048,2048,sarc_dev_780m_x_linear_q4gsw_coopmat_bx_t64x128k32g22s32gacfliw_texture3d_texture2d_half,1,2816.78,0.145596,SKIPPED,,1,61,66,2800,2.1,2026-10-05T04:36:24Z
4w,F1,f01,bx_t64x128k32g22s32f32fliw,llama-3.1-8b,wq_wo,2048,4096,4096,sarc_dev_780m_x_linear_q4gsw_coopmat_bx_t64x128k32g22s32f32fliw_texture3d_texture2d_half,1,8653.6,0.0935439,SKIPPED,,1,60,68,2800,2.0,2026-10-05T04:36:26Z
4w,F1,f01,bx_t64x128k32g22s32f32fliw,llama-3.2-3b,wq_wo,2048,3072,3072,sarc_dev_780m_x_linear_q4gsw_coopmat_bx_t64x128k32g22s32f32fliw_texture3d_texture2d_half,1,5284.72,0.128668,SKIPPED,,1,60,68,2800,2.0,2026-10-05T04:36:26Z
4w,F1,f01,bx_t64x128k32g22s32f32fliw,llama-3.2-1b,wq_wo,2048,2048,2048,sarc_dev_780m_x_linear_q4gsw_coopmat_bx_t64x128k32g22s32f32fliw_texture3d_texture2d_half,1,2474.42,0.146725,SKIPPED,,1,60,68,2800,2.0,2026-10-05T04:36:26Z
4w,F1,f01,bx_t64x128k32g22s32f32xfliw,llama-3.1-8b,wq_wo,2048,4096,4096,sarc_dev_780m_x_linear_q4gsw_coopmat_bx_t64x128k32g22s32f32xfliw_texture3d_texture2d_half,1,9287.6,0.0821663,SKIPPED,,1,61,68,2800,2.0,2026-10-05T04:36:28Z
4w,F1,f01,bx_t64x128k32g22s32f32xfliw,llama-3.2-3b,wq_wo,2048,3072,3072,sarc_dev_780m_x_linear_q4gsw_coopmat_bx_t64x128k32g22s32f32xfliw_texture3d_texture2d_half,1,5967.16,0.130619,SKIPPED,,1,61,68,2800,2.0,2026-10-05T04:36:28Z
4w,F1,f01,bx_t64x128k32g22s32f32xfliw,llama-3.2-1b,wq_wo,2048,2048,2048,sarc_dev_780m_x_linear_q4gsw_coopmat_bx_t64x128k32g22s32f32xfliw_texture3d_texture2d_half,1,2662.66,0.140494,SKIPPED,,1,61,68,2800,2.0,2026-10-05T04:36:28Z
4w,F1,f01,bx_t64x128k32g22s32f32bfliw,llama-3.1-8b,wq_wo,2048,4096,4096,sarc_dev_780m_x_linear_q4gsw_coopmat_bx_t64x128k32g22s32f32bfliw_texture3d_texture2d_half,1,8665.88,0.0936017,SKIPPED,,1,61,67,2800,2.0,2026-10-05T04:36:30Z
4w,F1,f01,bx_t64x128k32g22s32f32bfliw,llama-3.2-3b,wq_wo,2048,3072,3072,sarc_dev_780m_x_linear_q4gsw_coopmat_bx_t64x128k32g22s32f32bfliw_texture3d_texture2d_half,1,5509.24,0.147281,SKIPPED,,1,61,67,2800,2.0,2026-10-05T04:36:30Z
4w,F1,f01,bx_t64x128k32g22s32f32bfliw,llama-3.2-1b,wq_wo,2048,2048,2048,sarc_dev_780m_x_linear_q4gsw_coopmat_bx_t64x128k32g22s32f32bfliw_texture3d_texture2d_half,1,2465.2,0.141448,SKIPPED,,1,61,67,2800,2.0,2026-10-05T04:36:30Z
4w,F1,f01,bx_t64x128k32g22s32f32cfliiw,llama-3.1-8b,wq_wo,2048,4096,4096,sarc_dev_780m_x_linear_q4gsw_coopmat_bx_t64x128k32g22s32f32cfliiw_texture3d_texture2d_half,1,8373.08,0.095702,SKIPPED,,1,59,67,2800,2.0,2026-10-05T04:36:32Z
4w,F1,f01,bx_t64x128k32g22s32f32cfliiw,llama-3.2-3b,wq_wo,2048,3072,3072,sarc_dev_780m_x_linear_q4gsw_coopmat_bx_t64x128k32g22s32f32cfliiw_texture3d_texture2d_half,1,5330.46,0.151797,SKIPPED,,1,59,67,2800,2.0,2026-10-05T04:36:32Z
4w,F1,f01,bx_t64x128k32g22s32f32cfliiw,llama-3.2-1b,wq_wo,2048,2048,2048,sarc_dev_780m_x_linear_q4gsw_coopmat_bx_t64x128k32g22s32f32cfliiw_texture3d_texture2d_half,1,2355.5,0.137053,SKIPPED,,1,59,67,2800,2.0,2026-10-05T04:36:32Z
4w,F1,f01,bx_t64x128k32g22s32f32cfl,llama-3.1-8b,wq_wo,2048,4096,4096,sarc_dev_780m_x_linear_q4gsw_coopmat_bx_t64x128k32g22s32f32cfl_texture3d_texture2d_half,1,8436.56,0.104815,SKIPPED,,1,59,67,2800,2.0,2026-10-05T04:36:34Z
4w,F1,f01,bx_t64x128k32g22s32f32cfl,llama-3.2-3b,wq_wo,2048,3072,3072,sarc_dev_780m_x_linear_q4gsw_coopmat_bx_t64x128k32g22s32f32cfl_texture3d_texture2d_half,1,5158.9,0.136128,SKIPPED,,1,59,67,2800,2.0,2026-10-05T04:36:34Z
4w,F1,f01,bx_t64x128k32g22s32f32cfl,llama-3.2-1b,wq_wo,2048,2048,2048,sarc_dev_780m_x_linear_q4gsw_coopmat_bx_t64x128k32g22s32f32cfl_texture3d_texture2d_half,1,2417.1,0.148695,SKIPPED,,1,59,67,2800,2.0,2026-10-05T04:36:34Z
4w,F1,f01,t64x128k32g22s32f32cfliw,llama-3.1-8b,wq_wo,2048,4096,4096,sarc_dev_780m_x_linear_q4gsw_coopmat_t64x128k32g22s32f32cfliw_texture3d_texture2d_half,1,8415.94,0.107078,SKIPPED,,1,61,68,2800,2.0,2026-10-05T04:36:36Z
4w,F1,f01,t64x128k32g22s32f32cfliw,llama-3.2-3b,wq_wo,2048,3072,3072,sarc_dev_780m_x_linear_q4gsw_coopmat_t64x128k32g22s32f32cfliw_texture3d_texture2d_half,1,5281.6,0.132914,SKIPPED,,1,61,68,2800,2.0,2026-10-05T04:36:36Z
4w,F1,f01,t64x128k32g22s32f32cfliw,llama-3.2-1b,wq_wo,2048,2048,2048,sarc_dev_780m_x_linear_q4gsw_coopmat_t64x128k32g22s32f32cfliw_texture3d_texture2d_half,1,2445.76,0.146799,SKIPPED,,1,61,68,2800,2.0,2026-10-05T04:36:36Z
4w,F1,f01,bx_t256x32k32g22s32f32cfliw,llama-3.1-8b,wq_wo,2048,4096,4096,sarc_dev_780m_x_linear_q4gsw_coopmat_bx_t256x32k32g22s32f32cfliw_texture3d_texture2d_half,1,12874.4,0.0399182,SKIPPED,,1,61,63,2800,2.0,2026-10-05T04:36:38Z
4w,F1,f01,bx_t256x32k32g22s32f32cfliw,llama-3.2-3b,wq_wo,2048,3072,3072,sarc_dev_780m_x_linear_q4gsw_coopmat_bx_t256x32k32g22s32f32cfliw_texture3d_texture2d_half,1,8092.64,0.0749613,SKIPPED,,1,61,63,2800,2.0,2026-10-05T04:36:38Z
4w,F1,f01,bx_t256x32k32g22s32f32cfliw,llama-3.2-1b,wq_wo,2048,2048,2048,sarc_dev_780m_x_linear_q4gsw_coopmat_bx_t256x32k32g22s32f32cfliw_texture3d_texture2d_half,1,3492.14,0.135803,SKIPPED,,1,61,63,2800,2.0,2026-10-05T04:36:38Z
4w,F1,f01,bx_t256x64k32g22s32f32cfliw,llama-3.1-8b,wq_wo,2048,4096,4096,sarc_dev_780m_x_linear_q4gsw_coopmat_bx_t256x64k32g22s32f32cfliw_texture3d_texture2d_half,1,11105.6,0.0485834,SKIPPED,,1,58,63,2800,2.1,2026-10-05T04:36:40Z
4w,F1,f01,bx_t256x64k32g22s32f32cfliw,llama-3.2-3b,wq_wo,2048,3072,3072,sarc_dev_780m_x_linear_q4gsw_coopmat_bx_t256x64k32g22s32f32cfliw_texture3d_texture2d_half,1,6894.66,0.0938312,SKIPPED,,1,58,63,2800,2.1,2026-10-05T04:36:40Z
4w,F1,f01,bx_t256x64k32g22s32f32cfliw,llama-3.2-1b,wq_wo,2048,2048,2048,sarc_dev_780m_x_linear_q4gsw_coopmat_bx_t256x64k32g22s32f32cfliw_texture3d_texture2d_half,1,3130.16,0.106033,SKIPPED,,1,58,63,2800,2.1,2026-10-05T04:36:40Z
4w,F1,f01,bx_t256x128k16g22s32f32cfliw,llama-3.1-8b,wq_wo,2048,4096,4096,sarc_dev_780m_x_linear_q4gsw_coopmat_bx_t256x128k16g22s32f32cfliw_texture3d_texture2d_half,1,64432.8,0.0240058,SKIPPED,,1,58,65,2800,2.3,2026-10-05T04:36:42Z
4w,F1,f01,bx_t256x128k16g22s32f32cfliw,llama-3.2-3b,wq_wo,2048,3072,3072,sarc_dev_780m_x_linear_q4gsw_coopmat_bx_t256x128k16g22s32f32cfliw_texture3d_texture2d_half,1,27144.2,0.0825171,SKIPPED,,1,58,65,2800,2.3,2026-10-05T04:36:42Z
4w,F1,f01,bx_t256x128k16g22s32f32cfliw,llama-3.2-1b,wq_wo,2048,2048,2048,sarc_dev_780m_x_linear_q4gsw_coopmat_bx_t256x128k16g22s32f32cfliw_texture3d_texture2d_half,1,6320.12,0.0643242,SKIPPED,,1,58,65,2800,2.3,2026-10-05T04:36:42Z
4w,F1,f01,bx_t256x128k32g42s32f32cfliw,llama-3.1-8b,wq_wo,2048,4096,4096,sarc_dev_780m_x_linear_q4gsw_coopmat_bx_t256x128k32g42s32f32cfliw_texture3d_texture2d_half,1,7850.2,0.121944,SKIPPED,,1,60,67,2800,2.0,2026-10-05T04:36:44Z
4w,F1,f01,bx_t256x128k32g42s32f32cfliw,llama-3.2-3b,wq_wo,2048,3072,3072,sarc_dev_780m_x_linear_q4gsw_coopmat_bx_t256x128k32g42s32f32cfliw_texture3d_texture2d_half,1,4475.84,0.117354,SKIPPED,,1,60,67,2800,2.0,2026-10-05T04:36:44Z
4w,F1,f01,bx_t256x128k32g42s32f32cfliw,llama-3.2-1b,wq_wo,2048,2048,2048,sarc_dev_780m_x_linear_q4gsw_coopmat_bx_t256x128k32g42s32f32cfliw_texture3d_texture2d_half,1,2059.16,0.123966,SKIPPED,,1,60,67,2800,2.0,2026-10-05T04:36:44Z
4w,F1,f01,bx_t256x128k32g82s32f32cfliw,llama-3.1-8b,wq_wo,2048,4096,4096,sarc_dev_780m_x_linear_q4gsw_coopmat_bx_t256x128k32g82s32f32cfliw_texture3d_texture2d_half,1,13456.7,0.0330449,SKIPPED,,1,59,61,2800,2.0,2026-10-05T04:36:46Z
4w,F1,f01,bx_t256x128k32g82s32f32cfliw,llama-3.2-3b,wq_wo,2048,3072,3072,sarc_dev_780m_x_linear_q4gsw_coopmat_bx_t256x128k32g82s32f32cfliw_texture3d_texture2d_half,1,8073.28,0.10115,SKIPPED,,1,59,61,2800,2.0,2026-10-05T04:36:46Z
4w,F1,f01,bx_t256x128k32g82s32f32cfliw,llama-3.2-1b,wq_wo,2048,2048,2048,sarc_dev_780m_x_linear_q4gsw_coopmat_bx_t256x128k32g82s32f32cfliw_texture3d_texture2d_half,1,3989.38,0.137955,SKIPPED,,1,59,61,2800,2.0,2026-10-05T04:36:46Z
4w,F1,f01,bx_t256x128k32g22s64f32cfliw,llama-3.1-8b,wq_wo,2048,4096,4096,sarc_dev_780m_x_linear_q4gsw_coopmat_bx_t256x128k32g22s64f32cfliw_texture3d_texture2d_half,1,8847.02,0.100352,SKIPPED,,1,56,63,2800,2.0,2026-10-05T04:36:48Z
4w,F1,f01,bx_t256x128k32g22s64f32cfliw,llama-3.2-3b,wq_wo,2048,3072,3072,sarc_dev_780m_x_linear_q4gsw_coopmat_bx_t256x128k32g22s64f32cfliw_texture3d_texture2d_half,1,5759.16,0.138864,SKIPPED,,1,56,63,2800,2.0,2026-10-05T04:36:48Z
4w,F1,f01,bx_t256x128k32g22s64f32cfliw,llama-3.2-1b,wq_wo,2048,2048,2048,sarc_dev_780m_x_linear_q4gsw_coopmat_bx_t256x128k32g22s64f32cfliw_texture3d_texture2d_half,1,2596.84,0.144008,SKIPPED,,1,56,63,2800,2.0,2026-10-05T04:36:48Z
4w,F1,f01,bx_t256x128k32g22s32cfliw,llama-3.1-8b,wq_wo,2048,4096,4096,sarc_dev_780m_x_linear_q4gsw_coopmat_bx_t256x128k32g22s32cfliw_texture3d_texture2d_half,1,201161,0.00133673,SKIPPED,,1,59,59,2800,3.8,2026-10-05T04:36:52Z
4w,F1,f01,bx_t256x128k32g22s32cfliw,llama-3.2-3b,wq_wo,2048,3072,3072,sarc_dev_780m_x_linear_q4gsw_coopmat_bx_t256x128k32g22s32cfliw_texture3d_texture2d_half,1,124112,0.0640899,SKIPPED,,1,59,59,2800,3.8,2026-10-05T04:36:52Z
4w,F1,f01,bx_t256x128k32g22s32cfliw,llama-3.2-1b,wq_wo,2048,2048,2048,sarc_dev_780m_x_linear_q4gsw_coopmat_bx_t256x128k32g22s32cfliw_texture3d_texture2d_half,1,49850.7,0.00272011,SKIPPED,,1,59,59,2800,3.8,2026-10-05T04:36:52Z
4w,F1,f01,bx_t256x128k32g22s32gacfliw,llama-3.1-8b,wq_wo,2048,4096,4096,sarc_dev_780m_x_linear_q4gsw_coopmat_bx_t256x128k32g22s32gacfliw_texture3d_texture2d_half,1,340536,0.0112283,SKIPPED,,1,55,59,2800,5.7,2026-10-05T04:36:58Z
4w,F1,f01,bx_t256x128k32g22s32gacfliw,llama-3.2-3b,wq_wo,2048,3072,3072,sarc_dev_780m_x_linear_q4gsw_coopmat_bx_t256x128k32g22s32gacfliw_texture3d_texture2d_half,1,196714,0.000488336,SKIPPED,,1,55,59,2800,5.7,2026-10-05T04:36:58Z
4w,F1,f01,bx_t256x128k32g22s32gacfliw,llama-3.2-1b,wq_wo,2048,2048,2048,sarc_dev_780m_x_linear_q4gsw_coopmat_bx_t256x128k32g22s32gacfliw_texture3d_texture2d_half,1,84545.6,0.000288583,SKIPPED,,1,55,59,2800,5.7,2026-10-05T04:36:58Z
4w,F1,f01,bx_t256x128k32g22s32f32fliw,llama-3.1-8b,wq_wo,2048,4096,4096,sarc_dev_780m_x_linear_q4gsw_coopmat_bx_t256x128k32g22s32f32fliw_texture3d_texture2d_half,1,25123.8,0.00767246,SKIPPED,,1,55,63,2800,2.3,2026-10-05T04:37:00Z
4w,F1,f01,bx_t256x128k32g22s32f32fliw,llama-3.2-3b,wq_wo,2048,3072,3072,sarc_dev_780m_x_linear_q4gsw_coopmat_bx_t256x128k32g22s32f32fliw_texture3d_texture2d_half,1,13836.6,0.0295062,SKIPPED,,1,55,63,2800,2.3,2026-10-05T04:37:00Z
4w,F1,f01,bx_t256x128k32g22s32f32fliw,llama-3.2-1b,wq_wo,2048,2048,2048,sarc_dev_780m_x_linear_q4gsw_coopmat_bx_t256x128k32g22s32f32fliw_texture3d_texture2d_half,1,6660,0.0899849,SKIPPED,,1,55,63,2800,2.3,2026-10-05T04:37:00Z
4w,F1,f01,bx_t256x128k32g22s32f32bfliw,llama-3.1-8b,wq_wo,2048,4096,4096,sarc_dev_780m_x_linear_q4gsw_coopmat_bx_t256x128k32g22s32f32bfliw_texture3d_texture2d_half,1,25002.4,0.00264165,SKIPPED,,1,59,62,2800,2.2,2026-10-05T04:37:02Z
4w,F1,f01,bx_t256x128k32g22s32f32bfliw,llama-3.2-3b,wq_wo,2048,3072,3072,sarc_dev_780m_x_linear_q4gsw_coopmat_bx_t256x128k32g22s32f32bfliw_texture3d_texture2d_half,1,13780.9,0.0309874,SKIPPED,,1,59,62,2800,2.2,2026-10-05T04:37:02Z
4w,F1,f01,bx_t256x128k32g22s32f32bfliw,llama-3.2-1b,wq_wo,2048,2048,2048,sarc_dev_780m_x_linear_q4gsw_coopmat_bx_t256x128k32g22s32f32bfliw_texture3d_texture2d_half,1,6693.38,0.0916845,SKIPPED,,1,59,62,2800,2.2,2026-10-05T04:37:02Z
4w,F1,f01,bx_t256x128k32g22s32f32ciw,llama-3.1-8b,wq_wo,2048,4096,4096,sarc_dev_780m_x_linear_q4gsw_coopmat_bx_t256x128k32g22s32f32ciw_texture3d_texture2d_half,1,24925.6,0.00243668,SKIPPED,,1,57,62,2800,2.3,2026-10-05T04:37:05Z
4w,F1,f01,bx_t256x128k32g22s32f32ciw,llama-3.2-3b,wq_wo,2048,3072,3072,sarc_dev_780m_x_linear_q4gsw_coopmat_bx_t256x128k32g22s32f32ciw_texture3d_texture2d_half,1,13712.5,0.0951704,SKIPPED,,1,57,62,2800,2.3,2026-10-05T04:37:05Z
4w,F1,f01,bx_t256x128k32g22s32f32ciw,llama-3.2-1b,wq_wo,2048,2048,2048,sarc_dev_780m_x_linear_q4gsw_coopmat_bx_t256x128k32g22s32f32ciw_texture3d_texture2d_half,1,6859.76,0.101135,SKIPPED,,1,57,62,2800,2.3,2026-10-05T04:37:05Z
4w,F1,f01,bx_t256x128k32g22s32f32cfliiw,llama-3.1-8b,wq_wo,2048,4096,4096,sarc_dev_780m_x_linear_q4gsw_coopmat_bx_t256x128k32g22s32f32cfliiw_texture3d_texture2d_half,1,24961.3,0.00132475,SKIPPED,,1,58,63,2800,2.2,2026-10-05T04:37:07Z
4w,F1,f01,bx_t256x128k32g22s32f32cfliiw,llama-3.2-3b,wq_wo,2048,3072,3072,sarc_dev_780m_x_linear_q4gsw_coopmat_bx_t256x128k32g22s32f32cfliiw_texture3d_texture2d_half,1,13785.2,0.0896992,SKIPPED,,1,58,63,2800,2.2,2026-10-05T04:37:07Z
4w,F1,f01,bx_t256x128k32g22s32f32cfliiw,llama-3.2-1b,wq_wo,2048,2048,2048,sarc_dev_780m_x_linear_q4gsw_coopmat_bx_t256x128k32g22s32f32cfliiw_texture3d_texture2d_half,1,6698.7,0.0942142,SKIPPED,,1,58,63,2800,2.2,2026-10-05T04:37:07Z
4w,F1,f01,bx_t256x128k32g22s32f32cfl,llama-3.1-8b,wq_wo,2048,4096,4096,sarc_dev_780m_x_linear_q4gsw_coopmat_bx_t256x128k32g22s32f32cfl_texture3d_texture2d_half,1,24882.2,0.00187441,SKIPPED,,1,60,63,2800,2.3,2026-10-05T04:37:09Z
4w,F1,f01,bx_t256x128k32g22s32f32cfl,llama-3.2-3b,wq_wo,2048,3072,3072,sarc_dev_780m_x_linear_q4gsw_coopmat_bx_t256x128k32g22s32f32cfl_texture3d_texture2d_half,1,13827.9,0.0934851,SKIPPED,,1,60,63,2800,2.3,2026-10-05T04:37:09Z
4w,F1,f01,bx_t256x128k32g22s32f32cfl,llama-3.2-1b,wq_wo,2048,2048,2048,sarc_dev_780m_x_linear_q4gsw_coopmat_bx_t256x128k32g22s32f32cfl_texture3d_texture2d_half,1,6772.98,0.0951472,SKIPPED,,1,60,63,2800,2.3,2026-10-05T04:37:09Z
4w,F1,f01,t256x128k32g22s32f32cfliw,llama-3.1-8b,wq_wo,2048,4096,4096,sarc_dev_780m_x_linear_q4gsw_coopmat_t256x128k32g22s32f32cfliw_texture3d_texture2d_half,1,27826.2,0.0036269,SKIPPED,,1,59,62,2800,2.2,2026-10-05T04:37:11Z
4w,F1,f01,t256x128k32g22s32f32cfliw,llama-3.2-3b,wq_wo,2048,3072,3072,sarc_dev_780m_x_linear_q4gsw_coopmat_t256x128k32g22s32f32cfliw_texture3d_texture2d_half,1,15221.2,0.00554889,SKIPPED,,1,59,62,2800,2.2,2026-10-05T04:37:11Z
4w,F1,f01,t256x128k32g22s32f32cfliw,llama-3.2-1b,wq_wo,2048,2048,2048,sarc_dev_780m_x_linear_q4gsw_coopmat_t256x128k32g22s32f32cfliw_texture3d_texture2d_half,1,7757.62,0.107155,SKIPPED,,1,59,62,2800,2.2,2026-10-05T04:37:11Z
4w,F1,f01,bx_t128x32k64g22s32f32cfliw,llama-3.1-8b,wq_wo,2048,4096,4096,sarc_dev_780m_x_linear_q4gsw_coopmat_bx_t128x32k64g22s32f32cfliw_texture3d_texture2d_half,1,13795.5,0.0434917,SKIPPED,,1,59,64,2800,2.1,2026-10-05T04:37:13Z
4w,F1,f01,bx_t128x32k64g22s32f32cfliw,llama-3.2-3b,wq_wo,2048,3072,3072,sarc_dev_780m_x_linear_q4gsw_coopmat_bx_t128x32k64g22s32f32cfliw_texture3d_texture2d_half,1,8013.2,0.0994501,SKIPPED,,1,59,64,2800,2.1,2026-10-05T04:37:13Z
4w,F1,f01,bx_t128x32k64g22s32f32cfliw,llama-3.2-1b,wq_wo,2048,2048,2048,sarc_dev_780m_x_linear_q4gsw_coopmat_bx_t128x32k64g22s32f32cfliw_texture3d_texture2d_half,1,4032.54,0.146428,SKIPPED,,1,59,64,2800,2.1,2026-10-05T04:37:13Z
4w,F1,f01,bx_t128x32k32g12s32f32cfliw,llama-3.1-8b,wq_wo,2048,4096,4096,sarc_dev_780m_x_linear_q4gsw_coopmat_bx_t128x32k32g12s32f32cfliw_texture3d_texture2d_half,1,9404.4,0.0719886,SKIPPED,,1,59,66,2800,2.0,2026-10-05T04:37:15Z
4w,F1,f01,bx_t128x32k32g12s32f32cfliw,llama-3.2-3b,wq_wo,2048,3072,3072,sarc_dev_780m_x_linear_q4gsw_coopmat_bx_t128x32k32g12s32f32cfliw_texture3d_texture2d_half,1,5964.02,0.129063,SKIPPED,,1,59,66,2800,2.0,2026-10-05T04:37:15Z
4w,F1,f01,bx_t128x32k32g12s32f32cfliw,llama-3.2-1b,wq_wo,2048,2048,2048,sarc_dev_780m_x_linear_q4gsw_coopmat_bx_t128x32k32g12s32f32cfliw_texture3d_texture2d_half,1,2707.1,0.145661,SKIPPED,,1,59,66,2800,2.0,2026-10-05T04:37:15Z
4w,F1,f01,bx_t128x32k32g21s32f32cfliw,llama-3.1-8b,wq_wo,2048,4096,4096,sarc_dev_780m_x_linear_q4gsw_coopmat_bx_t128x32k32g21s32f32cfliw_texture3d_texture2d_half,1,11730.9,0.0774894,SKIPPED,,1,59,63,2800,2.0,2026-10-05T04:37:18Z
4w,F1,f01,bx_t128x32k32g21s32f32cfliw,llama-3.2-3b,wq_wo,2048,3072,3072,sarc_dev_780m_x_linear_q4gsw_coopmat_bx_t128x32k32g21s32f32cfliw_texture3d_texture2d_half,1,7348.78,0.127773,SKIPPED,,1,59,63,2800,2.0,2026-10-05T04:37:18Z
4w,F1,f01,bx_t128x32k32g21s32f32cfliw,llama-3.2-1b,wq_wo,2048,2048,2048,sarc_dev_780m_x_linear_q4gsw_coopmat_bx_t128x32k32g21s32f32cfliw_texture3d_texture2d_half,1,3576.4,0.162682,SKIPPED,,1,59,63,2800,2.0,2026-10-05T04:37:18Z
4w,F1,f01,bx_t128x32k32g22s32cfliw,llama-3.1-8b,wq_wo,2048,4096,4096,sarc_dev_780m_x_linear_q4gsw_coopmat_bx_t128x32k32g22s32cfliw_texture3d_texture2d_half,1,11693.1,0.083513,SKIPPED,,1,58,66,2800,2.0,2026-10-05T04:37:20Z
4w,F1,f01,bx_t128x32k32g22s32cfliw,llama-3.2-3b,wq_wo,2048,3072,3072,sarc_dev_780m_x_linear_q4gsw_coopmat_bx_t128x32k32g22s32cfliw_texture3d_texture2d_half,1,7295.14,0.12473,SKIPPED,,1,58,66,2800,2.0,2026-10-05T04:37:20Z
4w,F1,f01,bx_t128x32k32g22s32cfliw,llama-3.2-1b,wq_wo,2048,2048,2048,sarc_dev_780m_x_linear_q4gsw_coopmat_bx_t128x32k32g22s32cfliw_texture3d_texture2d_half,1,3390.46,0.144447,SKIPPED,,1,58,66,2800,2.0,2026-10-05T04:37:20Z
4w,F1,f01,bx_t128x32k32g22s32gacfliw,llama-3.1-8b,wq_wo,2048,4096,4096,sarc_dev_780m_x_linear_q4gsw_coopmat_bx_t128x32k32g22s32gacfliw_texture3d_texture2d_half,1,11725.5,0.0835783,SKIPPED,,1,60,64,2800,2.0,2026-10-05T04:37:22Z
4w,F1,f01,bx_t128x32k32g22s32gacfliw,llama-3.2-3b,wq_wo,2048,3072,3072,sarc_dev_780m_x_linear_q4gsw_coopmat_bx_t128x32k32g22s32gacfliw_texture3d_texture2d_half,1,7866.04,0.153899,SKIPPED,,1,60,64,2800,2.0,2026-10-05T04:37:22Z
4w,F1,f01,bx_t128x32k32g22s32gacfliw,llama-3.2-1b,wq_wo,2048,2048,2048,sarc_dev_780m_x_linear_q4gsw_coopmat_bx_t128x32k32g22s32gacfliw_texture3d_texture2d_half,1,3473.8,0.151804,SKIPPED,,1,60,64,2800,2.0,2026-10-05T04:37:22Z
4w,F1,f01,bx_t128x32k32g22s32f32fliw,llama-3.1-8b,wq_wo,2048,4096,4096,sarc_dev_780m_x_linear_q4gsw_coopmat_bx_t128x32k32g22s32f32fliw_texture3d_texture2d_half,1,11744.4,0.0724385,SKIPPED,,1,58,64,2800,2.0,2026-10-05T04:37:24Z
4w,F1,f01,bx_t128x32k32g22s32f32fliw,llama-3.2-3b,wq_wo,2048,3072,3072,sarc_dev_780m_x_linear_q4gsw_coopmat_bx_t128x32k32g22s32f32fliw_texture3d_texture2d_half,1,7393.3,0.126568,SKIPPED,,1,58,64,2800,2.0,2026-10-05T04:37:24Z
4w,F1,f01,bx_t128x32k32g22s32f32fliw,llama-3.2-1b,wq_wo,2048,2048,2048,sarc_dev_780m_x_linear_q4gsw_coopmat_bx_t128x32k32g22s32f32fliw_texture3d_texture2d_half,1,3457.06,0.147769,SKIPPED,,1,58,64,2800,2.0,2026-10-05T04:37:24Z
4w,F1,f01,bx_t128x32k32g22s32f32xfliw,llama-3.1-8b,wq_wo,2048,4096,4096,sarc_dev_780m_x_linear_q4gsw_coopmat_bx_t128x32k32g22s32f32xfliw_texture3d_texture2d_half,1,12330.1,0.0619896,SKIPPED,,1,59,64,2800,2.0,2026-10-05T04:37:26Z
4w,F1,f01,bx_t128x32k32g22s32f32xfliw,llama-3.2-3b,wq_wo,2048,3072,3072,sarc_dev_780m_x_linear_q4gsw_coopmat_bx_t128x32k32g22s32f32xfliw_texture3d_texture2d_half,1,7558.26,0.120517,SKIPPED,,1,59,64,2800,2.0,2026-10-05T04:37:26Z
4w,F1,f01,bx_t128x32k32g22s32f32xfliw,llama-3.2-1b,wq_wo,2048,2048,2048,sarc_dev_780m_x_linear_q4gsw_coopmat_bx_t128x32k32g22s32f32xfliw_texture3d_texture2d_half,1,3566.68,0.146241,SKIPPED,,1,59,64,2800,2.0,2026-10-05T04:37:26Z
4w,F1,f01,bx_t128x32k32g22s32f32bfliw,llama-3.1-8b,wq_wo,2048,4096,4096,sarc_dev_780m_x_linear_q4gsw_coopmat_bx_t128x32k32g22s32f32bfliw_texture3d_texture2d_half,1,11449.8,0.082288,SKIPPED,,1,58,66,2800,2.0,2026-10-05T04:37:28Z
4w,F1,f01,bx_t128x32k32g22s32f32bfliw,llama-3.2-3b,wq_wo,2048,3072,3072,sarc_dev_780m_x_linear_q4gsw_coopmat_bx_t128x32k32g22s32f32bfliw_texture3d_texture2d_half,1,7285.18,0.12886,SKIPPED,,1,58,66,2800,2.0,2026-10-05T04:37:28Z
4w,F1,f01,bx_t128x32k32g22s32f32bfliw,llama-3.2-1b,wq_wo,2048,2048,2048,sarc_dev_780m_x_linear_q4gsw_coopmat_bx_t128x32k32g22s32f32bfliw_texture3d_texture2d_half,1,3221.72,0.141531,SKIPPED,,1,58,66,2800,2.0,2026-10-05T04:37:28Z
4w,F1,f01,bx_t128x32k32g22s32f32ciw,llama-3.1-8b,wq_wo,2048,4096,4096,sarc_dev_780m_x_linear_q4gsw_coopmat_bx_t128x32k32g22s32f32ciw_texture3d_texture2d_half,1,9114.08,0.0797975,SKIPPED,,1,59,65,2800,2.0,2026-10-05T04:37:30Z
4w,F1,f01,bx_t128x32k32g22s32f32ciw,llama-3.2-3b,wq_wo,2048,3072,3072,sarc_dev_780m_x_linear_q4gsw_coopmat_bx_t128x32k32g22s32f32ciw_texture3d_texture2d_half,1,6036.44,0.142519,SKIPPED,,1,59,65,2800,2.0,2026-10-05T04:37:30Z
4w,F1,f01,bx_t128x32k32g22s32f32ciw,llama-3.2-1b,wq_wo,2048,2048,2048,sarc_dev_780m_x_linear_q4gsw_coopmat_bx_t128x32k32g22s32f32ciw_texture3d_texture2d_half,1,2656.14,0.149457,SKIPPED,,1,59,65,2800,2.0,2026-10-05T04:37:30Z
4w,F1,f01,bx_t128x32k32g22s32f32cfliiw,llama-3.1-8b,wq_wo,2048,4096,4096,sarc_dev_780m_x_linear_q4gsw_coopmat_bx_t128x32k32g22s32f32cfliiw_texture3d_texture2d_half,1,11382.1,0.0761396,SKIPPED,,1,58,65,2800,2.0,2026-10-05T04:37:32Z
4w,F1,f01,bx_t128x32k32g22s32f32cfliiw,llama-3.2-3b,wq_wo,2048,3072,3072,sarc_dev_780m_x_linear_q4gsw_coopmat_bx_t128x32k32g22s32f32cfliiw_texture3d_texture2d_half,1,6545.9,0.102425,SKIPPED,,1,58,65,2800,2.0,2026-10-05T04:37:32Z
4w,F1,f01,bx_t128x32k32g22s32f32cfliiw,llama-3.2-1b,wq_wo,2048,2048,2048,sarc_dev_780m_x_linear_q4gsw_coopmat_bx_t128x32k32g22s32f32cfliiw_texture3d_texture2d_half,1,3187.4,0.143776,SKIPPED,,1,58,65,2800,2.0,2026-10-05T04:37:32Z
4w,F1,f01,bx_t128x32k32g22s32f32cfl,llama-3.1-8b,wq_wo,2048,4096,4096,sarc_dev_780m_x_linear_q4gsw_coopmat_bx_t128x32k32g22s32f32cfl_texture3d_texture2d_half,1,11444,0.0839032,SKIPPED,,1,58,65,2800,2.0,2026-10-05T04:37:34Z
4w,F1,f01,bx_t128x32k32g22s32f32cfl,llama-3.2-3b,wq_wo,2048,3072,3072,sarc_dev_780m_x_linear_q4gsw_coopmat_bx_t128x32k32g22s32f32cfl_texture3d_texture2d_half,1,7301.74,0.13333,SKIPPED,,1,58,65,2800,2.0,2026-10-05T04:37:34Z
4w,F1,f01,bx_t128x32k32g22s32f32cfl,llama-3.2-1b,wq_wo,2048,2048,2048,sarc_dev_780m_x_linear_q4gsw_coopmat_bx_t128x32k32g22s32f32cfl_texture3d_texture2d_half,1,3208.18,0.141732,SKIPPED,,1,58,65,2800,2.0,2026-10-05T04:37:34Z
4w,F1,f01,t128x32k32g22s32f32cfliw,llama-3.1-8b,wq_wo,2048,4096,4096,sarc_dev_780m_x_linear_q4gsw_coopmat_t128x32k32g22s32f32cfliw_texture3d_texture2d_half,1,11429.1,0.0828521,SKIPPED,,1,58,65,2800,2.0,2026-10-05T04:37:36Z
4w,F1,f01,t128x32k32g22s32f32cfliw,llama-3.2-3b,wq_wo,2048,3072,3072,sarc_dev_780m_x_linear_q4gsw_coopmat_t128x32k32g22s32f32cfliw_texture3d_texture2d_half,1,7257.2,0.134377,SKIPPED,,1,58,65,2800,2.0,2026-10-05T04:37:36Z
4w,F1,f01,t128x32k32g22s32f32cfliw,llama-3.2-1b,wq_wo,2048,2048,2048,sarc_dev_780m_x_linear_q4gsw_coopmat_t128x32k32g22s32f32cfliw_texture3d_texture2d_half,1,3252.18,0.147447,SKIPPED,,1,58,65,2800,2.0,2026-10-05T04:37:36Z
4w,F1,f01,bx_t128x64k64g22s32f32cfliw,llama-3.1-8b,wq_wo,2048,4096,4096,sarc_dev_780m_x_linear_q4gsw_coopmat_bx_t128x64k64g22s32f32cfliw_texture3d_texture2d_half,1,10812.5,0.0959594,SKIPPED,,1,58,63,2800,2.0,2026-10-05T04:37:38Z
4w,F1,f01,bx_t128x64k64g22s32f32cfliw,llama-3.2-3b,wq_wo,2048,3072,3072,sarc_dev_780m_x_linear_q4gsw_coopmat_bx_t128x64k64g22s32f32cfliw_texture3d_texture2d_half,1,6354.38,0.118941,SKIPPED,,1,58,63,2800,2.0,2026-10-05T04:37:38Z
4w,F1,f01,bx_t128x64k64g22s32f32cfliw,llama-3.2-1b,wq_wo,2048,2048,2048,sarc_dev_780m_x_linear_q4gsw_coopmat_bx_t128x64k64g22s32f32cfliw_texture3d_texture2d_half,1,3173.74,0.15327,SKIPPED,,1,58,63,2800,2.0,2026-10-05T04:37:38Z
4w,F1,f01,bx_t128x64k32g12s32f32cfliw,llama-3.1-8b,wq_wo,2048,4096,4096,sarc_dev_780m_x_linear_q4gsw_coopmat_bx_t128x64k32g12s32f32cfliw_texture3d_texture2d_half,1,8206.76,0.102444,SKIPPED,,1,58,66,2800,2.0,2026-10-05T04:37:40Z
4w,F1,f01,bx_t128x64k32g12s32f32cfliw,llama-3.2-3b,wq_wo,2048,3072,3072,sarc_dev_780m_x_linear_q4gsw_coopmat_bx_t128x64k32g12s32f32cfliw_texture3d_texture2d_half,1,5122.06,0.137185,SKIPPED,,1,58,66,2800,2.0,2026-10-05T04:37:40Z
4w,F1,f01,bx_t128x64k32g12s32f32cfliw,llama-3.2-1b,wq_wo,2048,2048,2048,sarc_dev_780m_x_linear_q4gsw_coopmat_bx_t128x64k32g12s32f32cfliw_texture3d_texture2d_half,1,2364.8,0.156528,SKIPPED,,1,58,66,2800,2.0,2026-10-05T04:37:40Z
4w,F1,f01,bx_t128x64k32g42s32f32cfliw,llama-3.1-8b,wq_wo,2048,4096,4096,sarc_dev_780m_x_linear_q4gsw_coopmat_bx_t128x64k32g42s32f32cfliw_texture3d_texture2d_half,1,11213,0.0888083,SKIPPED,,1,59,64,2800,2.0,2026-10-05T04:37:42Z
4w,F1,f01,bx_t128x64k32g42s32f32cfliw,llama-3.2-3b,wq_wo,2048,3072,3072,sarc_dev_780m_x_linear_q4gsw_coopmat_bx_t128x64k32g42s32f32cfliw_texture3d_texture2d_half,1,7156.2,0.129792,SKIPPED,,1,59,64,2800,2.0,2026-10-05T04:37:42Z
4w,F1,f01,bx_t128x64k32g42s32f32cfliw,llama-3.2-1b,wq_wo,2048,2048,2048,sarc_dev_780m_x_linear_q4gsw_coopmat_bx_t128x64k32g42s32f32cfliw_texture3d_texture2d_half,1,3223.94,0.151185,SKIPPED,,1,59,64,2800,2.0,2026-10-05T04:37:42Z
4w,F1,f01,bx_t128x64k32g21s32f32cfliw,llama-3.1-8b,wq_wo,2048,4096,4096,sarc_dev_780m_x_linear_q4gsw_coopmat_bx_t128x64k32g21s32f32cfliw_texture3d_texture2d_half,1,10543.3,0.0546075,SKIPPED,,1,58,63,2800,2.0,2026-10-05T04:37:44Z
4w,F1,f01,bx_t128x64k32g21s32f32cfliw,llama-3.2-3b,wq_wo,2048,3072,3072,sarc_dev_780m_x_linear_q4gsw_coopmat_bx_t128x64k32g21s32f32cfliw_texture3d_texture2d_half,1,6387.2,0.117772,SKIPPED,,1,58,63,2800,2.0,2026-10-05T04:37:44Z
4w,F1,f01,bx_t128x64k32g21s32f32cfliw,llama-3.2-1b,wq_wo,2048,2048,2048,sarc_dev_780m_x_linear_q4gsw_coopmat_bx_t128x64k32g21s32f32cfliw_texture3d_texture2d_half,1,3002.4,0.128895,SKIPPED,,1,58,63,2800,2.0,2026-10-05T04:37:44Z
4w,F1,f01,bx_t128x64k32g24s32f32cfliw,llama-3.1-8b,wq_wo,2048,4096,4096,sarc_dev_780m_x_linear_q4gsw_coopmat_bx_t128x64k32g24s32f32cfliw_texture3d_texture2d_half,1,9363.28,0.0669993,SKIPPED,,1,58,67,2800,2.0,2026-10-05T04:37:46Z
4w,F1,f01,bx_t128x64k32g24s32f32cfliw,llama-3.2-3b,wq_wo,2048,3072,3072,sarc_dev_780m_x_linear_q4gsw_coopmat_bx_t128x64k32g24s32f32cfliw_texture3d_texture2d_half,1,5970.1,0.131494,SKIPPED,,1,58,67,2800,2.0,2026-10-05T04:37:46Z
4w,F1,f01,bx_t128x64k32g24s32f32cfliw,llama-3.2-1b,wq_wo,2048,2048,2048,sarc_dev_780m_x_linear_q4gsw_coopmat_bx_t128x64k32g24s32f32cfliw_texture3d_texture2d_half,1,2680.34,0.143203,SKIPPED,,1,58,67,2800,2.0,2026-10-05T04:37:46Z
4w,F1,f01,bx_t128x64k32g22s64f32cfliw,llama-3.1-8b,wq_wo,2048,4096,4096,sarc_dev_780m_x_linear_q4gsw_coopmat_bx_t128x64k32g22s64f32cfliw_texture3d_texture2d_half,1,12756,0.0589152,SKIPPED,,1,59,61,2800,2.0,2026-10-05T04:37:48Z
4w,F1,f01,bx_t128x64k32g22s64f32cfliw,llama-3.2-3b,wq_wo,2048,3072,3072,sarc_dev_780m_x_linear_q4gsw_coopmat_bx_t128x64k32g22s64f32cfliw_texture3d_texture2d_half,1,7660.6,0.114631,SKIPPED,,1,59,61,2800,2.0,2026-10-05T04:37:48Z
4w,F1,f01,bx_t128x64k32g22s64f32cfliw,llama-3.2-1b,wq_wo,2048,2048,2048,sarc_dev_780m_x_linear_q4gsw_coopmat_bx_t128x64k32g22s64f32cfliw_texture3d_texture2d_half,1,3822.3,0.150074,SKIPPED,,1,59,61,2800,2.0,2026-10-05T04:37:48Z
4w,F1,f01,bx_t128x64k32g22s32cfliw,llama-3.1-8b,wq_wo,2048,4096,4096,sarc_dev_780m_x_linear_q4gsw_coopmat_bx_t128x64k32g22s32cfliw_texture3d_texture2d_half,1,9123.22,0.0822108,SKIPPED,,1,58,65,2800,2.1,2026-10-05T04:37:50Z
4w,F1,f01,bx_t128x64k32g22s32cfliw,llama-3.2-3b,wq_wo,2048,3072,3072,sarc_dev_780m_x_linear_q4gsw_coopmat_bx_t128x64k32g22s32cfliw_texture3d_texture2d_half,1,6205.72,0.159387,SKIPPED,,1,58,65,2800,2.1,2026-10-05T04:37:50Z
4w,F1,f01,bx_t128x64k32g22s32cfliw,llama-3.2-1b,wq_wo,2048,2048,2048,sarc_dev_780m_x_linear_q4gsw_coopmat_bx_t128x64k32g22s32cfliw_texture3d_texture2d_half,1,2651.42,0.14958,SKIPPED,,1,58,65,2800,2.1,2026-10-05T04:37:50Z
4w,F1,f01,bx_t128x64k32g22s32gacfliw,llama-3.1-8b,wq_wo,2048,4096,4096,sarc_dev_780m_x_linear_q4gsw_coopmat_bx_t128x64k32g22s32gacfliw_texture3d_texture2d_half,1,8941.52,0.091644,SKIPPED,,1,58,66,2800,2.0,2026-10-05T04:37:52Z
4w,F1,f01,bx_t128x64k32g22s32gacfliw,llama-3.2-3b,wq_wo,2048,3072,3072,sarc_dev_780m_x_linear_q4gsw_coopmat_bx_t128x64k32g22s32gacfliw_texture3d_texture2d_half,1,5842.42,0.138707,SKIPPED,,1,58,66,2800,2.0,2026-10-05T04:37:52Z
4w,F1,f01,bx_t128x64k32g22s32gacfliw,llama-3.2-1b,wq_wo,2048,2048,2048,sarc_dev_780m_x_linear_q4gsw_coopmat_bx_t128x64k32g22s32gacfliw_texture3d_texture2d_half,1,2652.86,0.154493,SKIPPED,,1,58,66,2800,2.0,2026-10-05T04:37:52Z
4w,F1,f01,bx_t128x64k32g22s32f32fliw,llama-3.1-8b,wq_wo,2048,4096,4096,sarc_dev_780m_x_linear_q4gsw_coopmat_bx_t128x64k32g22s32f32fliw_texture3d_texture2d_half,1,8569.82,0.0975051,SKIPPED,,1,58,66,2800,2.0,2026-10-05T04:37:54Z
4w,F1,f01,bx_t128x64k32g22s32f32fliw,llama-3.2-3b,wq_wo,2048,3072,3072,sarc_dev_780m_x_linear_q4gsw_coopmat_bx_t128x64k32g22s32f32fliw_texture3d_texture2d_half,1,5415.46,0.154504,SKIPPED,,1,58,66,2800,2.0,2026-10-05T04:37:54Z
4w,F1,f01,bx_t128x64k32g22s32f32fliw,llama-3.2-1b,wq_wo,2048,2048,2048,sarc_dev_780m_x_linear_q4gsw_coopmat_bx_t128x64k32g22s32f32fliw_texture3d_texture2d_half,1,2460.06,0.151544,SKIPPED,,1,58,66,2800,2.0,2026-10-05T04:37:54Z
4w,F1,f01,bx_t128x64k32g22s32f32xfliw,llama-3.1-8b,wq_wo,2048,4096,4096,sarc_dev_780m_x_linear_q4gsw_coopmat_bx_t128x64k32g22s32f32xfliw_texture3d_texture2d_half,1,9238.4,0.0826586,SKIPPED,,1,58,66,2800,2.0,2026-10-05T04:37:56Z
4w,F1,f01,bx_t128x64k32g22s32f32xfliw,llama-3.2-3b,wq_wo,2048,3072,3072,sarc_dev_780m_x_linear_q4gsw_coopmat_bx_t128x64k32g22s32f32xfliw_texture3d_texture2d_half,1,5973.78,0.133118,SKIPPED,,1,58,66,2800,2.0,2026-10-05T04:37:56Z
4w,F1,f01,bx_t128x64k32g22s32f32xfliw,llama-3.2-1b,wq_wo,2048,2048,2048,sarc_dev_780m_x_linear_q4gsw_coopmat_bx_t128x64k32g22s32f32xfliw_texture3d_texture2d_half,1,2654.44,0.143927,SKIPPED,,1,58,66,2800,2.0,2026-10-05T04:37:56Z
4w,F1,f01,bx_t128x64k32g22s32f32bfliw,llama-3.1-8b,wq_wo,2048,4096,4096,sarc_dev_780m_x_linear_q4gsw_coopmat_bx_t128x64k32g22s32f32bfliw_texture3d_texture2d_half,1,8553.88,0.0954112,SKIPPED,,1,58,62,2800,2.0,2026-10-05T04:37:58Z
4w,F1,f01,bx_t128x64k32g22s32f32bfliw,llama-3.2-3b,wq_wo,2048,3072,3072,sarc_dev_780m_x_linear_q4gsw_coopmat_bx_t128x64k32g22s32f32bfliw_texture3d_texture2d_half,1,5230.76,0.135914,SKIPPED,,1,58,62,2800,2.0,2026-10-05T04:37:58Z
4w,F1,f01,bx_t128x64k32g22s32f32bfliw,llama-3.2-1b,wq_wo,2048,2048,2048,sarc_dev_780m_x_linear_q4gsw_coopmat_bx_t128x64k32g22s32f32bfliw_texture3d_texture2d_half,1,2463.1,0.15012,SKIPPED,,1,58,62,2800,2.0,2026-10-05T04:37:58Z
4w,F1,f01,bx_t128x64k32g22s32f32cfliiw,llama-3.1-8b,wq_wo,2048,4096,4096,sarc_dev_780m_x_linear_q4gsw_coopmat_bx_t128x64k32g22s32f32cfliiw_texture3d_texture2d_half,1,8231.98,0.104435,SKIPPED,,1,56,67,2800,2.0,2026-10-05T04:38:00Z
4w,F1,f01,bx_t128x64k32g22s32f32cfliiw,llama-3.2-3b,wq_wo,2048,3072,3072,sarc_dev_780m_x_linear_q4gsw_coopmat_bx_t128x64k32g22s32f32cfliiw_texture3d_texture2d_half,1,5107.28,0.134118,SKIPPED,,1,56,67,2800,2.0,2026-10-05T04:38:00Z
4w,F1,f01,bx_t128x64k32g22s32f32cfliiw,llama-3.2-1b,wq_wo,2048,2048,2048,sarc_dev_780m_x_linear_q4gsw_coopmat_bx_t128x64k32g22s32f32cfliiw_texture3d_texture2d_half,1,2315.68,0.148073,SKIPPED,,1,56,67,2800,2.0,2026-10-05T04:38:00Z
4w,F1,f01,bx_t128x64k32g22s32f32cfl,llama-3.1-8b,wq_wo,2048,4096,4096,sarc_dev_780m_x_linear_q4gsw_coopmat_bx_t128x64k32g22s32f32cfl_texture3d_texture2d_half,1,8291,0.107074,SKIPPED,,1,59,67,2800,2.0,2026-10-05T04:38:02Z
4w,F1,f01,bx_t128x64k32g22s32f32cfl,llama-3.2-3b,wq_wo,2048,3072,3072,sarc_dev_780m_x_linear_q4gsw_coopmat_bx_t128x64k32g22s32f32cfl_texture3d_texture2d_half,1,5170.52,0.153661,SKIPPED,,1,59,67,2800,2.0,2026-10-05T04:38:02Z
4w,F1,f01,bx_t128x64k32g22s32f32cfl,llama-3.2-1b,wq_wo,2048,2048,2048,sarc_dev_780m_x_linear_q4gsw_coopmat_bx_t128x64k32g22s32f32cfl_texture3d_texture2d_half,1,2315.44,0.146938,SKIPPED,,1,59,67,2800,2.0,2026-10-05T04:38:02Z
4w,F1,f01,t128x64k32g22s32f32cfliw,llama-3.1-8b,wq_wo,2048,4096,4096,sarc_dev_780m_x_linear_q4gsw_coopmat_t128x64k32g22s32f32cfliw_texture3d_texture2d_half,1,8276.64,0.105489,SKIPPED,,1,60,67,2800,2.0,2026-10-05T04:38:04Z
4w,F1,f01,t128x64k32g22s32f32cfliw,llama-3.2-3b,wq_wo,2048,3072,3072,sarc_dev_780m_x_linear_q4gsw_coopmat_t128x64k32g22s32f32cfliw_texture3d_texture2d_half,1,5074.76,0.133919,SKIPPED,,1,60,67,2800,2.0,2026-10-05T04:38:04Z
4w,F1,f01,t128x64k32g22s32f32cfliw,llama-3.2-1b,wq_wo,2048,2048,2048,sarc_dev_780m_x_linear_q4gsw_coopmat_t128x64k32g22s32f32cfliw_texture3d_texture2d_half,1,2303.14,0.148736,SKIPPED,,1,60,67,2800,2.0,2026-10-05T04:38:04Z
4w,F1,f01,bx_t128x256k32g82s32f32cfliw,llama-3.1-8b,wq_wo,2048,4096,4096,sarc_dev_780m_x_linear_q4gsw_coopmat_bx_t128x256k32g82s32f32cfliw_texture3d_texture2d_half,1,10788.3,0.0979751,SKIPPED,,1,59,62,2800,2.0,2026-10-05T04:38:06Z
4w,F1,f01,bx_t128x256k32g82s32f32cfliw,llama-3.2-3b,wq_wo,2048,3072,3072,sarc_dev_780m_x_linear_q4gsw_coopmat_bx_t128x256k32g82s32f32cfliw_texture3d_texture2d_half,1,6297.24,0.12297,SKIPPED,,1,59,62,2800,2.0,2026-10-05T04:38:06Z
4w,F1,f01,bx_t128x256k32g82s32f32cfliw,llama-3.2-1b,wq_wo,2048,2048,2048,sarc_dev_780m_x_linear_q4gsw_coopmat_bx_t128x256k32g82s32f32cfliw_texture3d_texture2d_half,1,3129.18,0.139894,SKIPPED,,1,59,62,2800,2.0,2026-10-05T04:38:06Z
4w,F1,f01,bx_t128x256k32g22s64f32cfliw,llama-3.1-8b,wq_wo,2048,4096,4096,sarc_dev_780m_x_linear_q4gsw_coopmat_bx_t128x256k32g22s64f32cfliw_texture3d_texture2d_half,1,8285.08,0.0962072,SKIPPED,,1,58,65,2800,2.0,2026-10-05T04:38:08Z
4w,F1,f01,bx_t128x256k32g22s64f32cfliw,llama-3.2-3b,wq_wo,2048,3072,3072,sarc_dev_780m_x_linear_q4gsw_coopmat_bx_t128x256k32g22s64f32cfliw_texture3d_texture2d_half,1,5114.44,0.13048,SKIPPED,,1,58,65,2800,2.0,2026-10-05T04:38:08Z
4w,F1,f01,bx_t128x256k32g22s64f32cfliw,llama-3.2-1b,wq_wo,2048,2048,2048,sarc_dev_780m_x_linear_q4gsw_coopmat_bx_t128x256k32g22s64f32cfliw_texture3d_texture2d_half,1,2420.08,0.14507,SKIPPED,,1,58,65,2800,2.0,2026-10-05T04:38:08Z
4w,F1,f01,t128x256k32g22s32f32cfliw,llama-3.1-8b,wq_wo,2048,4096,4096,sarc_dev_780m_x_linear_q4gsw_coopmat_t128x256k32g22s32f32cfliw_texture3d_texture2d_half,1,25078.2,0.00244585,SKIPPED,,1,58,62,2800,2.2,2026-10-05T04:38:10Z
4w,F1,f01,t128x256k32g22s32f32cfliw,llama-3.2-3b,wq_wo,2048,3072,3072,sarc_dev_780m_x_linear_q4gsw_coopmat_t128x256k32g22s32f32cfliw_texture3d_texture2d_half,1,13898.8,0.0249913,SKIPPED,,1,58,62,2800,2.2,2026-10-05T04:38:10Z
4w,F1,f01,t128x256k32g22s32f32cfliw,llama-3.2-1b,wq_wo,2048,2048,2048,sarc_dev_780m_x_linear_q4gsw_coopmat_t128x256k32g22s32f32cfliw_texture3d_texture2d_half,1,6556.58,0.101222,SKIPPED,,1,58,62,2800,2.2,2026-10-05T04:38:10Z
4w,F1,f01,bx_t128x128k16g12s32f32cfliw,llama-3.1-8b,wq_wo,2048,4096,4096,sarc_dev_780m_x_linear_q4gsw_coopmat_bx_t128x128k16g12s32f32cfliw_texture3d_texture2d_half,1,20200.6,0.00298274,SKIPPED,,1,58,63,2800,2.2,2026-10-05T04:38:13Z
4w,F1,f01,bx_t128x128k16g12s32f32cfliw,llama-3.2-3b,wq_wo,2048,3072,3072,sarc_dev_780m_x_linear_q4gsw_coopmat_bx_t128x128k16g12s32f32cfliw_texture3d_texture2d_half,1,11467,0.0414012,SKIPPED,,1,58,63,2800,2.2,2026-10-05T04:38:13Z
4w,F1,f01,bx_t128x128k16g12s32f32cfliw,llama-3.2-1b,wq_wo,2048,2048,2048,sarc_dev_780m_x_linear_q4gsw_coopmat_bx_t128x128k16g12s32f32cfliw_texture3d_texture2d_half,1,5817.34,0.0947746,SKIPPED,,1,58,63,2800,2.2,2026-10-05T04:38:13Z
4w,F1,f01,bx_t128x128k16g42s32f32cfliw,llama-3.1-8b,wq_wo,2048,4096,4096,sarc_dev_780m_x_linear_q4gsw_coopmat_bx_t128x128k16g42s32f32cfliw_texture3d_texture2d_half,1,9356.08,0.0675743,SKIPPED,,1,58,66,2800,2.0,2026-10-05T04:38:15Z
4w,F1,f01,bx_t128x128k16g42s32f32cfliw,llama-3.2-3b,wq_wo,2048,3072,3072,sarc_dev_780m_x_linear_q4gsw_coopmat_bx_t128x128k16g42s32f32cfliw_texture3d_texture2d_half,1,5985.24,0.135551,SKIPPED,,1,58,66,2800,2.0,2026-10-05T04:38:15Z
4w,F1,f01,bx_t128x128k16g42s32f32cfliw,llama-3.2-1b,wq_wo,2048,2048,2048,sarc_dev_780m_x_linear_q4gsw_coopmat_bx_t128x128k16g42s32f32cfliw_texture3d_texture2d_half,1,2655.72,0.143086,SKIPPED,,1,58,66,2800,2.0,2026-10-05T04:38:15Z
4w,F1,f01,bx_t128x128k16g21s32f32cfliw,llama-3.1-8b,wq_wo,2048,4096,4096,sarc_dev_780m_x_linear_q4gsw_coopmat_bx_t128x128k16g21s32f32cfliw_texture3d_texture2d_half,1,44249.1,0.0248796,SKIPPED,,1,58,61,2800,2.3,2026-10-05T04:38:17Z
4w,F1,f01,bx_t128x128k16g21s32f32cfliw,llama-3.2-3b,wq_wo,2048,3072,3072,sarc_dev_780m_x_linear_q4gsw_coopmat_bx_t128x128k16g21s32f32cfliw_texture3d_texture2d_half,1,30799.9,0.0322826,SKIPPED,,1,58,61,2800,2.3,2026-10-05T04:38:17Z
4w,F1,f01,bx_t128x128k16g21s32f32cfliw,llama-3.2-1b,wq_wo,2048,2048,2048,sarc_dev_780m_x_linear_q4gsw_coopmat_bx_t128x128k16g21s32f32cfliw_texture3d_texture2d_half,1,6451.06,0.109305,SKIPPED,,1,58,61,2800,2.3,2026-10-05T04:38:17Z
4w,F1,f01,bx_t128x128k16g22s64f32cfliw,llama-3.1-8b,wq_wo,2048,4096,4096,sarc_dev_780m_x_linear_q4gsw_coopmat_bx_t128x128k16g22s64f32cfliw_texture3d_texture2d_half,1,10116.8,0.0568055,SKIPPED,,1,57,63,2800,2.0,2026-10-05T04:38:19Z
4w,F1,f01,bx_t128x128k16g22s64f32cfliw,llama-3.2-3b,wq_wo,2048,3072,3072,sarc_dev_780m_x_linear_q4gsw_coopmat_bx_t128x128k16g22s64f32cfliw_texture3d_texture2d_half,1,6153.92,0.123539,SKIPPED,,1,57,63,2800,2.0,2026-10-05T04:38:19Z
4w,F1,f01,bx_t128x128k16g22s64f32cfliw,llama-3.2-1b,wq_wo,2048,2048,2048,sarc_dev_780m_x_linear_q4gsw_coopmat_bx_t128x128k16g22s64f32cfliw_texture3d_texture2d_half,1,3008.12,0.153959,SKIPPED,,1,57,63,2800,2.0,2026-10-05T04:38:19Z
4w,F1,f01,bx_t128x128k16g22s32cfliw,llama-3.1-8b,wq_wo,2048,4096,4096,sarc_dev_780m_x_linear_q4gsw_coopmat_bx_t128x128k16g22s32cfliw_texture3d_texture2d_half,1,161641,0.00270357,SKIPPED,,1,58,58,2800,3.1,2026-10-05T04:38:22Z
4w,F1,f01,bx_t128x128k16g22s32cfliw,llama-3.2-3b,wq_wo,2048,3072,3072,sarc_dev_780m_x_linear_q4gsw_coopmat_bx_t128x128k16g22s32cfliw_texture3d_texture2d_half,1,88814.7,0.00621158,SKIPPED,,1,58,58,2800,3.1,2026-10-05T04:38:22Z
4w,F1,f01,bx_t128x128k16g22s32cfliw,llama-3.2-1b,wq_wo,2048,2048,2048,sarc_dev_780m_x_linear_q4gsw_coopmat_bx_t128x128k16g22s32cfliw_texture3d_texture2d_half,1,36758,0.00210341,SKIPPED,,1,58,58,2800,3.1,2026-10-05T04:38:22Z
4w,F1,f01,bx_t128x128k16g22s32gacfliw,llama-3.1-8b,wq_wo,2048,4096,4096,sarc_dev_780m_x_linear_q4gsw_coopmat_bx_t128x128k16g22s32gacfliw_texture3d_texture2d_half,1,209572,0.00283838,SKIPPED,,1,55,60,2800,3.9,2026-10-05T04:38:26Z
4w,F1,f01,bx_t128x128k16g22s32gacfliw,llama-3.2-3b,wq_wo,2048,3072,3072,sarc_dev_780m_x_linear_q4gsw_coopmat_bx_t128x128k16g22s32gacfliw_texture3d_texture2d_half,1,115180,0.00779788,SKIPPED,,1,55,60,2800,3.9,2026-10-05T04:38:26Z
4w,F1,f01,bx_t128x128k16g22s32gacfliw,llama-3.2-1b,wq_wo,2048,2048,2048,sarc_dev_780m_x_linear_q4gsw_coopmat_bx_t128x128k16g22s32gacfliw_texture3d_texture2d_half,1,47767.5,0.0112544,SKIPPED,,1,55,60,2800,3.9,2026-10-05T04:38:26Z
4w,F1,f01,bx_t128x128k16g22s32f32fliw,llama-3.1-8b,wq_wo,2048,4096,4096,sarc_dev_780m_x_linear_q4gsw_coopmat_bx_t128x128k16g22s32f32fliw_texture3d_texture2d_half,1,7948.56,0.1086,SKIPPED,,1,56,68,2800,2.0,2026-10-05T04:38:28Z
4w,F1,f01,bx_t128x128k16g22s32f32fliw,llama-3.2-3b,wq_wo,2048,3072,3072,sarc_dev_780m_x_linear_q4gsw_coopmat_bx_t128x128k16g22s32f32fliw_texture3d_texture2d_half,1,4467.74,0.130407,SKIPPED,,1,56,68,2800,2.0,2026-10-05T04:38:28Z
4w,F1,f01,bx_t128x128k16g22s32f32fliw,llama-3.2-1b,wq_wo,2048,2048,2048,sarc_dev_780m_x_linear_q4gsw_coopmat_bx_t128x128k16g22s32f32fliw_texture3d_texture2d_half,1,2069.68,0.140188,SKIPPED,,1,56,68,2800,2.0,2026-10-05T04:38:28Z
4w,F1,f01,bx_t128x128k16g22s32f32xfliw,llama-3.1-8b,wq_wo,2048,4096,4096,sarc_dev_780m_x_linear_q4gsw_coopmat_bx_t128x128k16g22s32f32xfliw_texture3d_texture2d_half,1,9730.44,0.0714665,SKIPPED,,1,59,62,2800,2.1,2026-10-05T04:38:30Z
4w,F1,f01,bx_t128x128k16g22s32f32xfliw,llama-3.2-3b,wq_wo,2048,3072,3072,sarc_dev_780m_x_linear_q4gsw_coopmat_bx_t128x128k16g22s32f32xfliw_texture3d_texture2d_half,1,6524.36,0.144974,SKIPPED,,1,59,62,2800,2.1,2026-10-05T04:38:30Z
4w,F1,f01,bx_t128x128k16g22s32f32xfliw,llama-3.2-1b,wq_wo,2048,2048,2048,sarc_dev_780m_x_linear_q4gsw_coopmat_bx_t128x128k16g22s32f32xfliw_texture3d_texture2d_half,1,2870.26,0.136937,SKIPPED,,1,59,62,2800,2.1,2026-10-05T04:38:30Z
4w,F1,f01,bx_t128x128k16g22s32f32bfliw,llama-3.1-8b,wq_wo,2048,4096,4096,sarc_dev_780m_x_linear_q4gsw_coopmat_bx_t128x128k16g22s32f32bfliw_texture3d_texture2d_half,1,8009.6,0.115263,SKIPPED,,1,58,68,2800,2.0,2026-10-05T04:38:32Z
4w,F1,f01,bx_t128x128k16g22s32f32bfliw,llama-3.2-3b,wq_wo,2048,3072,3072,sarc_dev_780m_x_linear_q4gsw_coopmat_bx_t128x128k16g22s32f32bfliw_texture3d_texture2d_half,1,4615.18,0.138047,SKIPPED,,1,58,68,2800,2.0,2026-10-05T04:38:32Z
4w,F1,f01,bx_t128x128k16g22s32f32bfliw,llama-3.2-1b,wq_wo,2048,2048,2048,sarc_dev_780m_x_linear_q4gsw_coopmat_bx_t128x128k16g22s32f32bfliw_texture3d_texture2d_half,1,2082.12,0.147911,SKIPPED,,1,58,68,2800,2.0,2026-10-05T04:38:32Z
4w,F1,f01,bx_t128x128k16g22s32f32cfliiw,llama-3.1-8b,wq_wo,2048,4096,4096,sarc_dev_780m_x_linear_q4gsw_coopmat_bx_t128x128k16g22s32f32cfliiw_texture3d_texture2d_half,1,7919.94,0.106423,SKIPPED,,1,60,65,2800,2.0,2026-10-05T04:38:34Z
4w,F1,f01,bx_t128x128k16g22s32f32cfliiw,llama-3.2-3b,wq_wo,2048,3072,3072,sarc_dev_780m_x_linear_q4gsw_coopmat_bx_t128x128k16g22s32f32cfliiw_texture3d_texture2d_half,1,4487.6,0.134812,SKIPPED,,1,60,65,2800,2.0,2026-10-05T04:38:34Z
4w,F1,f01,bx_t128x128k16g22s32f32cfliiw,llama-3.2-1b,wq_wo,2048,2048,2048,sarc_dev_780m_x_linear_q4gsw_coopmat_bx_t128x128k16g22s32f32cfliiw_texture3d_texture2d_half,1,2041.62,0.136913,SKIPPED,,1,60,65,2800,2.0,2026-10-05T04:38:34Z
4w,F1,f01,bx_t128x128k16g22s32f32cfl,llama-3.1-8b,wq_wo,2048,4096,4096,sarc_dev_780m_x_linear_q4gsw_coopmat_bx_t128x128k16g22s32f32cfl_texture3d_texture2d_half,1,7965.62,0.11058,SKIPPED,,1,58,68,2800,2.0,2026-10-05T04:38:36Z
4w,F1,f01,bx_t128x128k16g22s32f32cfl,llama-3.2-3b,wq_wo,2048,3072,3072,sarc_dev_780m_x_linear_q4gsw_coopmat_bx_t128x128k16g22s32f32cfl_texture3d_texture2d_half,1,4449.76,0.13335,SKIPPED,,1,58,68,2800,2.0,2026-10-05T04:38:36Z
4w,F1,f01,bx_t128x128k16g22s32f32cfl,llama-3.2-1b,wq_wo,2048,2048,2048,sarc_dev_780m_x_linear_q4gsw_coopmat_bx_t128x128k16g22s32f32cfl_texture3d_texture2d_half,1,2060.4,0.142316,SKIPPED,,1,58,68,2800,2.0,2026-10-05T04:38:36Z
4w,F1,f01,t128x128k16g22s32f32cfliw,llama-3.1-8b,wq_wo,2048,4096,4096,sarc_dev_780m_x_linear_q4gsw_coopmat_t128x128k16g22s32f32cfliw_texture3d_texture2d_half,1,8072.5,0.120081,SKIPPED,,1,59,67,2800,2.0,2026-10-05T04:38:38Z
4w,F1,f01,t128x128k16g22s32f32cfliw,llama-3.2-3b,wq_wo,2048,3072,3072,sarc_dev_780m_x_linear_q4gsw_coopmat_t128x128k16g22s32f32cfliw_texture3d_texture2d_half,1,4572.24,0.1457,SKIPPED,,1,59,67,2800,2.0,2026-10-05T04:38:38Z
4w,F1,f01,t128x128k16g22s32f32cfliw,llama-3.2-1b,wq_wo,2048,2048,2048,sarc_dev_780m_x_linear_q4gsw_coopmat_t128x128k16g22s32f32cfliw_texture3d_texture2d_half,1,2050.46,0.140639,SKIPPED,,1,59,67,2800,2.0,2026-10-05T04:38:38Z
4w,F1,f01,bx_t128x128k64g42s32f32cfliw,llama-3.1-8b,wq_wo,2048,4096,4096,sarc_dev_780m_x_linear_q4gsw_coopmat_bx_t128x128k64g42s32f32cfliw_texture3d_texture2d_half,1,8339.96,0.107989,SKIPPED,,1,60,66,2800,2.0,2026-10-05T04:38:40Z
4w,F1,f01,bx_t128x128k64g42s32f32cfliw,llama-3.2-3b,wq_wo,2048,3072,3072,sarc_dev_780m_x_linear_q4gsw_coopmat_bx_t128x128k64g42s32f32cfliw_texture3d_texture2d_half,1,5112.54,0.136558,SKIPPED,,1,60,66,2800,2.0,2026-10-05T04:38:40Z
4w,F1,f01,bx_t128x128k64g42s32f32cfliw,llama-3.2-1b,wq_wo,2048,2048,2048,sarc_dev_780m_x_linear_q4gsw_coopmat_bx_t128x128k64g42s32f32cfliw_texture3d_texture2d_half,1,2301.72,0.141684,SKIPPED,,1,60,66,2800,2.0,2026-10-05T04:38:40Z
4w,F1,f01,bx_t128x128k64g82s32f32cfliw,llama-3.1-8b,wq_wo,2048,4096,4096,sarc_dev_780m_x_linear_q4gsw_coopmat_bx_t128x128k64g82s32f32cfliw_texture3d_texture2d_half,1,11456.2,0.0864172,SKIPPED,,1,59,62,2800,2.0,2026-10-05T04:38:42Z
4w,F1,f01,bx_t128x128k64g82s32f32cfliw,llama-3.2-3b,wq_wo,2048,3072,3072,sarc_dev_780m_x_linear_q4gsw_coopmat_bx_t128x128k64g82s32f32cfliw_texture3d_texture2d_half,1,7264.9,0.131165,SKIPPED,,1,59,62,2800,2.0,2026-10-05T04:38:42Z
4w,F1,f01,bx_t128x128k64g82s32f32cfliw,llama-3.2-1b,wq_wo,2048,2048,2048,sarc_dev_780m_x_linear_q4gsw_coopmat_bx_t128x128k64g82s32f32cfliw_texture3d_texture2d_half,1,3318.4,0.148259,SKIPPED,,1,59,62,2800,2.0,2026-10-05T04:38:42Z
4w,F1,f01,bx_t128x128k64g24s32f32cfliw,llama-3.1-8b,wq_wo,2048,4096,4096,sarc_dev_780m_x_linear_q4gsw_coopmat_bx_t128x128k64g24s32f32cfliw_texture3d_texture2d_half,1,8419.42,0.128171,SKIPPED,,1,57,65,2800,2.0,2026-10-05T04:38:44Z
4w,F1,f01,bx_t128x128k64g24s32f32cfliw,llama-3.2-3b,wq_wo,2048,3072,3072,sarc_dev_780m_x_linear_q4gsw_coopmat_bx_t128x128k64g24s32f32cfliw_texture3d_texture2d_half,1,5011.46,0.135533,SKIPPED,,1,57,65,2800,2.0,2026-10-05T04:38:44Z
4w,F1,f01,bx_t128x128k64g24s32f32cfliw,llama-3.2-1b,wq_wo,2048,2048,2048,sarc_dev_780m_x_linear_q4gsw_coopmat_bx_t128x128k64g24s32f32cfliw_texture3d_texture2d_half,1,2278.28,0.149073,SKIPPED,,1,57,65,2800,2.0,2026-10-05T04:38:44Z
4w,F1,f01,bx_t128x128k64g28s32f32cfliw,llama-3.1-8b,wq_wo,2048,4096,4096,sarc_dev_780m_x_linear_q4gsw_coopmat_bx_t128x128k64g28s32f32cfliw_texture3d_texture2d_half,1,11579.3,0.0752149,SKIPPED,,1,58,63,2800,2.0,2026-10-05T04:38:46Z
4w,F1,f01,bx_t128x128k64g28s32f32cfliw,llama-3.2-3b,wq_wo,2048,3072,3072,sarc_dev_780m_x_linear_q4gsw_coopmat_bx_t128x128k64g28s32f32cfliw_texture3d_texture2d_half,1,7322.8,0.13161,SKIPPED,,1,58,63,2800,2.0,2026-10-05T04:38:46Z
4w,F1,f01,bx_t128x128k64g28s32f32cfliw,llama-3.2-1b,wq_wo,2048,2048,2048,sarc_dev_780m_x_linear_q4gsw_coopmat_bx_t128x128k64g28s32f32cfliw_texture3d_texture2d_half,1,3504.12,0.16,SKIPPED,,1,58,63,2800,2.0,2026-10-05T04:38:46Z
4w,F1,f01,bx_t128x128k64g22s64f32cfliw,llama-3.1-8b,wq_wo,2048,4096,4096,sarc_dev_780m_x_linear_q4gsw_coopmat_bx_t128x128k64g22s64f32cfliw_texture3d_texture2d_half,1,10795,0.116413,SKIPPED,,1,58,64,2800,2.1,2026-10-05T04:38:48Z
4w,F1,f01,bx_t128x128k64g22s64f32cfliw,llama-3.2-3b,wq_wo,2048,3072,3072,sarc_dev_780m_x_linear_q4gsw_coopmat_bx_t128x128k64g22s64f32cfliw_texture3d_texture2d_half,1,6421.74,0.140034,SKIPPED,,1,58,64,2800,2.1,2026-10-05T04:38:48Z
4w,F1,f01,bx_t128x128k64g22s64f32cfliw,llama-3.2-1b,wq_wo,2048,2048,2048,sarc_dev_780m_x_linear_q4gsw_coopmat_bx_t128x128k64g22s64f32cfliw_texture3d_texture2d_half,1,2911.56,0.140313,SKIPPED,,1,58,64,2800,2.1,2026-10-05T04:38:48Z
4w,F1,f01,t128x128k64g22s32f32cfliw,llama-3.1-8b,wq_wo,2048,4096,4096,sarc_dev_780m_x_linear_q4gsw_coopmat_t128x128k64g22s32f32cfliw_texture3d_texture2d_half,1,10773,0.0480023,SKIPPED,,1,58,63,2800,2.1,2026-10-05T04:38:50Z
4w,F1,f01,t128x128k64g22s32f32cfliw,llama-3.2-3b,wq_wo,2048,3072,3072,sarc_dev_780m_x_linear_q4gsw_coopmat_t128x128k64g22s32f32cfliw_texture3d_texture2d_half,1,6637.96,0.101065,SKIPPED,,1,58,63,2800,2.1,2026-10-05T04:38:50Z
4w,F1,f01,t128x128k64g22s32f32cfliw,llama-3.2-1b,wq_wo,2048,2048,2048,sarc_dev_780m_x_linear_q4gsw_coopmat_t128x128k64g22s32f32cfliw_texture3d_texture2d_half,1,3006.34,0.113766,SKIPPED,,1,58,63,2800,2.1,2026-10-05T04:38:50Z
4w,F1,f01,bx_t128x128k32g14s32f32cfliw,llama-3.1-8b,wq_wo,2048,4096,4096,sarc_dev_780m_x_linear_q4gsw_coopmat_bx_t128x128k32g14s32f32cfliw_texture3d_texture2d_half,1,7430.72,0.135559,SKIPPED,,1,58,68,2800,2.0,2026-10-05T04:38:52Z
4w,F1,f01,bx_t128x128k32g14s32f32cfliw,llama-3.2-3b,wq_wo,2048,3072,3072,sarc_dev_780m_x_linear_q4gsw_coopmat_bx_t128x128k32g14s32f32cfliw_texture3d_texture2d_half,1,4377,0.154115,SKIPPED,,1,58,68,2800,2.0,2026-10-05T04:38:52Z
4w,F1,f01,bx_t128x128k32g14s32f32cfliw,llama-3.2-1b,wq_wo,2048,2048,2048,sarc_dev_780m_x_linear_q4gsw_coopmat_bx_t128x128k32g14s32f32cfliw_texture3d_texture2d_half,1,1882.8,0.144859,SKIPPED,,1,58,68,2800,2.0,2026-10-05T04:38:52Z
4w,F1,f01,bx_t128x128k32g12s64f32cfliw,llama-3.1-8b,wq_wo,2048,4096,4096,sarc_dev_780m_x_linear_q4gsw_coopmat_bx_t128x128k32g12s64f32cfliw_texture3d_texture2d_half,1,8359.6,0.145059,SKIPPED,,1,59,66,2800,2.0,2026-10-05T04:38:55Z
4w,F1,f01,bx_t128x128k32g12s64f32cfliw,llama-3.2-3b,wq_wo,2048,3072,3072,sarc_dev_780m_x_linear_q4gsw_coopmat_bx_t128x128k32g12s64f32cfliw_texture3d_texture2d_half,1,5041.86,0.14921,SKIPPED,,1,59,66,2800,2.0,2026-10-05T04:38:55Z
4w,F1,f01,bx_t128x128k32g12s64f32cfliw,llama-3.2-1b,wq_wo,2048,2048,2048,sarc_dev_780m_x_linear_q4gsw_coopmat_bx_t128x128k32g12s64f32cfliw_texture3d_texture2d_half,1,2214.22,0.157625,SKIPPED,,1,59,66,2800,2.0,2026-10-05T04:38:55Z
4w,F1,f01,bx_t128x128k32g41s32f32cfliw,llama-3.1-8b,wq_wo,2048,4096,4096,sarc_dev_780m_x_linear_q4gsw_coopmat_bx_t128x128k32g41s32f32cfliw_texture3d_texture2d_half,1,7835.7,0.127162,SKIPPED,,1,59,66,2800,2.0,2026-10-05T04:38:57Z
4w,F1,f01,bx_t128x128k32g41s32f32cfliw,llama-3.2-3b,wq_wo,2048,3072,3072,sarc_dev_780m_x_linear_q4gsw_coopmat_bx_t128x128k32g41s32f32cfliw_texture3d_texture2d_half,1,4579.38,0.148976,SKIPPED,,1,59,66,2800,2.0,2026-10-05T04:38:57Z
4w,F1,f01,bx_t128x128k32g41s32f32cfliw,llama-3.2-1b,wq_wo,2048,2048,2048,sarc_dev_780m_x_linear_q4gsw_coopmat_bx_t128x128k32g41s32f32cfliw_texture3d_texture2d_half,1,2105.76,0.153011,SKIPPED,,1,59,66,2800,2.0,2026-10-05T04:38:57Z
4w,F1,f01,bx_t128x128k32g44s32f32cfliw,llama-3.1-8b,wq_wo,2048,4096,4096,sarc_dev_780m_x_linear_q4gsw_coopmat_bx_t128x128k32g44s32f32cfliw_texture3d_texture2d_half,1,10249.4,0.0556191,SKIPPED,,1,58,65,2800,2.0,2026-10-05T04:38:59Z
4w,F1,f01,bx_t128x128k32g44s32f32cfliw,llama-3.2-3b,wq_wo,2048,3072,3072,sarc_dev_780m_x_linear_q4gsw_coopmat_bx_t128x128k32g44s32f32cfliw_texture3d_texture2d_half,1,6172.14,0.116889,SKIPPED,,1,58,65,2800,2.0,2026-10-05T04:38:59Z
4w,F1,f01,bx_t128x128k32g44s32f32cfliw,llama-3.2-1b,wq_wo,2048,2048,2048,sarc_dev_780m_x_linear_q4gsw_coopmat_bx_t128x128k32g44s32f32cfliw_texture3d_texture2d_half,1,2897.34,0.139751,SKIPPED,,1,58,65,2800,2.0,2026-10-05T04:38:59Z
4w,F1,f01,bx_t128x128k32g42s64f32cfliw,llama-3.1-8b,wq_wo,2048,4096,4096,sarc_dev_780m_x_linear_q4gsw_coopmat_bx_t128x128k32g42s64f32cfliw_texture3d_texture2d_half,1,13677.9,0.048746,SKIPPED,,1,58,63,2800,2.0,2026-10-05T04:39:01Z
4w,F1,f01,bx_t128x128k32g42s64f32cfliw,llama-3.2-3b,wq_wo,2048,3072,3072,sarc_dev_780m_x_linear_q4gsw_coopmat_bx_t128x128k32g42s64f32cfliw_texture3d_texture2d_half,1,8008.86,0.102835,SKIPPED,,1,58,63,2800,2.0,2026-10-05T04:39:01Z
4w,F1,f01,bx_t128x128k32g42s64f32cfliw,llama-3.2-1b,wq_wo,2048,2048,2048,sarc_dev_780m_x_linear_q4gsw_coopmat_bx_t128x128k32g42s64f32cfliw_texture3d_texture2d_half,1,3910.28,0.14573,SKIPPED,,1,58,63,2800,2.0,2026-10-05T04:39:01Z
4w,F1,f01,bx_t128x128k32g42s32cfliw,llama-3.1-8b,wq_wo,2048,4096,4096,sarc_dev_780m_x_linear_q4gsw_coopmat_bx_t128x128k32g42s32cfliw_texture3d_texture2d_half,1,9727.52,0.0721927,SKIPPED,,1,57,62,2800,2.0,2026-10-05T04:39:03Z
4w,F1,f01,bx_t128x128k32g42s32cfliw,llama-3.2-3b,wq_wo,2048,3072,3072,sarc_dev_780m_x_linear_q4gsw_coopmat_bx_t128x128k32g42s32cfliw_texture3d_texture2d_half,1,6078.76,0.130203,SKIPPED,,1,57,62,2800,2.0,2026-10-05T04:39:03Z
4w,F1,f01,bx_t128x128k32g42s32cfliw,llama-3.2-1b,wq_wo,2048,2048,2048,sarc_dev_780m_x_linear_q4gsw_coopmat_bx_t128x128k32g42s32cfliw_texture3d_texture2d_half,1,2891.72,0.156725,SKIPPED,,1,57,62,2800,2.0,2026-10-05T04:39:03Z
4w,F1,f01,bx_t128x128k32g42s32gacfliw,llama-3.1-8b,wq_wo,2048,4096,4096,sarc_dev_780m_x_linear_q4gsw_coopmat_bx_t128x128k32g42s32gacfliw_texture3d_texture2d_half,1,9274.78,0.0769994,SKIPPED,,1,57,64,2800,2.0,2026-10-05T04:39:05Z
4w,F1,f01,bx_t128x128k32g42s32gacfliw,llama-3.2-3b,wq_wo,2048,3072,3072,sarc_dev_780m_x_linear_q4gsw_coopmat_bx_t128x128k32g42s32gacfliw_texture3d_texture2d_half,1,5941.98,0.131697,SKIPPED,,1,57,64,2800,2.0,2026-10-05T04:39:05Z
4w,F1,f01,bx_t128x128k32g42s32gacfliw,llama-3.2-1b,wq_wo,2048,2048,2048,sarc_dev_780m_x_linear_q4gsw_coopmat_bx_t128x128k32g42s32gacfliw_texture3d_texture2d_half,1,2692.84,0.146856,SKIPPED,,1,57,64,2800,2.0,2026-10-05T04:39:05Z
4w,F1,f01,bx_t128x128k32g42s32f32fliw,llama-3.1-8b,wq_wo,2048,4096,4096,sarc_dev_780m_x_linear_q4gsw_coopmat_bx_t128x128k32g42s32f32fliw_texture3d_texture2d_half,1,8246.48,0.114658,SKIPPED,,1,58,66,2800,2.0,2026-10-05T04:39:07Z
4w,F1,f01,bx_t128x128k32g42s32f32fliw,llama-3.2-3b,wq_wo,2048,3072,3072,sarc_dev_780m_x_linear_q4gsw_coopmat_bx_t128x128k32g42s32f32fliw_texture3d_texture2d_half,1,4983.48,0.139336,SKIPPED,,1,58,66,2800,2.0,2026-10-05T04:39:07Z
4w,F1,f01,bx_t128x128k32g42s32f32fliw,llama-3.2-1b,wq_wo,2048,2048,2048,sarc_dev_780m_x_linear_q4gsw_coopmat_bx_t128x128k32g42s32f32fliw_texture3d_texture2d_half,1,2243.4,0.146508,SKIPPED,,1,58,66,2800,2.0,2026-10-05T04:39:07Z
4w,F1,f01,bx_t128x128k32g42s32f32xfliw,llama-3.1-8b,wq_wo,2048,4096,4096,sarc_linear_q4gsw_coopmat_t128x128k32g42s32f32c_texture3d_texture2d_half,0,6702.32,0.0974259,SKIPPED,,1,59,70,2800,1.9,2026-10-05T04:39:09Z
4w,F1,f01,bx_t128x128k32g42s32f32xfliw,llama-3.2-3b,wq_wo,2048,3072,3072,sarc_linear_q4gsw_coopmat_t128x128k32g42s32f32c_texture3d_texture2d_half,0,4056,0.145919,SKIPPED,,1,59,70,2800,1.9,2026-10-05T04:39:09Z
4w,F1,f01,bx_t128x128k32g42s32f32xfliw,llama-3.2-1b,wq_wo,2048,2048,2048,sarc_linear_q4gsw_coopmat_t128x128k32g42s32f32c_texture3d_texture2d_half,0,1835.02,0.143008,SKIPPED,,1,59,70,2800,1.9,2026-10-05T04:39:09Z
4w,F1,f01,bx_t128x128k32g42s32f32cfliiw,llama-3.1-8b,wq_wo,2048,4096,4096,sarc_dev_780m_x_linear_q4gsw_coopmat_bx_t128x128k32g42s32f32cfliiw_texture3d_texture2d_half,1,8105.22,0.113963,SKIPPED,,1,60,66,2800,2.0,2026-10-05T04:39:11Z
4w,F1,f01,bx_t128x128k32g42s32f32cfliiw,llama-3.2-3b,wq_wo,2048,3072,3072,sarc_dev_780m_x_linear_q4gsw_coopmat_bx_t128x128k32g42s32f32cfliiw_texture3d_texture2d_half,1,5205.84,0.162971,SKIPPED,,1,60,66,2800,2.0,2026-10-05T04:39:11Z
4w,F1,f01,bx_t128x128k32g42s32f32cfliiw,llama-3.2-1b,wq_wo,2048,2048,2048,sarc_dev_780m_x_linear_q4gsw_coopmat_bx_t128x128k32g42s32f32cfliiw_texture3d_texture2d_half,1,2247.44,0.148374,SKIPPED,,1,60,66,2800,2.0,2026-10-05T04:39:11Z
4w,F1,f01,bx_t128x128k32g42s32f32cfl,llama-3.1-8b,wq_wo,2048,4096,4096,sarc_dev_780m_x_linear_q4gsw_coopmat_bx_t128x128k32g42s32f32cfl_texture3d_texture2d_half,1,8225.06,0.118743,SKIPPED,,1,58,66,2800,2.0,2026-10-05T04:39:13Z
4w,F1,f01,bx_t128x128k32g42s32f32cfl,llama-3.2-3b,wq_wo,2048,3072,3072,sarc_dev_780m_x_linear_q4gsw_coopmat_bx_t128x128k32g42s32f32cfl_texture3d_texture2d_half,1,4961.36,0.143173,SKIPPED,,1,58,66,2800,2.0,2026-10-05T04:39:13Z
4w,F1,f01,bx_t128x128k32g42s32f32cfl,llama-3.2-1b,wq_wo,2048,2048,2048,sarc_dev_780m_x_linear_q4gsw_coopmat_bx_t128x128k32g42s32f32cfl_texture3d_texture2d_half,1,2263.38,0.153224,SKIPPED,,1,58,66,2800,2.0,2026-10-05T04:39:13Z
4w,F1,f01,bx_t128x128k32g81s32f32cfliw,llama-3.1-8b,wq_wo,2048,4096,4096,sarc_dev_780m_x_linear_q4gsw_coopmat_bx_t128x128k32g81s32f32cfliw_texture3d_texture2d_half,1,11428.8,0.0797247,SKIPPED,,1,59,60,2800,2.0,2026-10-05T04:39:15Z
4w,F1,f01,bx_t128x128k32g81s32f32cfliw,llama-3.2-3b,wq_wo,2048,3072,3072,sarc_dev_780m_x_linear_q4gsw_coopmat_bx_t128x128k32g81s32f32cfliw_texture3d_texture2d_half,1,6613.04,0.105192,SKIPPED,,1,59,60,2800,2.0,2026-10-05T04:39:15Z
4w,F1,f01,bx_t128x128k32g81s32f32cfliw,llama-3.2-1b,wq_wo,2048,2048,2048,sarc_dev_780m_x_linear_q4gsw_coopmat_bx_t128x128k32g81s32f32cfliw_texture3d_texture2d_half,1,3524.34,0.152691,SKIPPED,,1,59,60,2800,2.0,2026-10-05T04:39:15Z
4w,F1,f01,bx_t128x128k32g82s32cfliw,llama-3.1-8b,wq_wo,2048,4096,4096,sarc_dev_780m_x_linear_q4gsw_coopmat_bx_t128x128k32g82s32cfliw_texture3d_texture2d_half,1,11907.6,0.0808244,SKIPPED,,1,56,63,2800,2.1,2026-10-05T04:39:17Z
4w,F1,f01,bx_t128x128k32g82s32cfliw,llama-3.2-3b,wq_wo,2048,3072,3072,sarc_dev_780m_x_linear_q4gsw_coopmat_bx_t128x128k32g82s32cfliw_texture3d_texture2d_half,1,8037.3,0.162871,SKIPPED,,1,56,63,2800,2.1,2026-10-05T04:39:17Z
4w,F1,f01,bx_t128x128k32g82s32cfliw,llama-3.2-1b,wq_wo,2048,2048,2048,sarc_dev_780m_x_linear_q4gsw_coopmat_bx_t128x128k32g82s32cfliw_texture3d_texture2d_half,1,3524.92,0.152399,SKIPPED,,1,56,63,2800,2.1,2026-10-05T04:39:17Z
4w,F1,f01,bx_t128x128k32g82s32gacfliw,llama-3.1-8b,wq_wo,2048,4096,4096,sarc_dev_780m_x_linear_q4gsw_coopmat_bx_t128x128k32g82s32gacfliw_texture3d_texture2d_half,1,13768.6,0.0446372,SKIPPED,,1,58,63,2800,2.0,2026-10-05T04:39:19Z
4w,F1,f01,bx_t128x128k32g82s32gacfliw,llama-3.2-3b,wq_wo,2048,3072,3072,sarc_dev_780m_x_linear_q4gsw_coopmat_bx_t128x128k32g82s32gacfliw_texture3d_texture2d_half,1,8016.58,0.109747,SKIPPED,,1,58,63,2800,2.0,2026-10-05T04:39:19Z
4w,F1,f01,bx_t128x128k32g82s32gacfliw,llama-3.2-1b,wq_wo,2048,2048,2048,sarc_dev_780m_x_linear_q4gsw_coopmat_bx_t128x128k32g82s32gacfliw_texture3d_texture2d_half,1,3952.42,0.143154,SKIPPED,,1,58,63,2800,2.0,2026-10-05T04:39:19Z
4w,F1,f01,bx_t128x128k32g82s32f32fliw,llama-3.1-8b,wq_wo,2048,4096,4096,sarc_dev_780m_x_linear_q4gsw_coopmat_bx_t128x128k32g82s32f32fliw_texture3d_texture2d_half,1,11999,0.0720494,SKIPPED,,1,58,63,2800,2.0,2026-10-05T04:39:21Z
4w,F1,f01,bx_t128x128k32g82s32f32fliw,llama-3.2-3b,wq_wo,2048,3072,3072,sarc_dev_780m_x_linear_q4gsw_coopmat_bx_t128x128k32g82s32f32fliw_texture3d_texture2d_half,1,7433.22,0.123835,SKIPPED,,1,58,63,2800,2.0,2026-10-05T04:39:21Z
4w,F1,f01,bx_t128x128k32g82s32f32fliw,llama-3.2-1b,wq_wo,2048,2048,2048,sarc_dev_780m_x_linear_q4gsw_coopmat_bx_t128x128k32g82s32f32fliw_texture3d_texture2d_half,1,3474.38,0.14242,SKIPPED,,1,58,63,2800,2.0,2026-10-05T04:39:21Z
4w,F1,f01,bx_t128x128k32g82s32f32xfliw,llama-3.1-8b,wq_wo,2048,4096,4096,sarc_linear_q4gsw_coopmat_t128x128k32g42s32f32c_texture3d_texture2d_half,0,6724.48,0.100463,SKIPPED,,1,58,70,2800,1.9,2026-10-05T04:39:23Z
4w,F1,f01,bx_t128x128k32g82s32f32xfliw,llama-3.2-3b,wq_wo,2048,3072,3072,sarc_linear_q4gsw_coopmat_t128x128k32g42s32f32c_texture3d_texture2d_half,0,3933.1,0.123587,SKIPPED,,1,58,70,2800,1.9,2026-10-05T04:39:23Z
4w,F1,f01,bx_t128x128k32g82s32f32xfliw,llama-3.2-1b,wq_wo,2048,2048,2048,sarc_linear_q4gsw_coopmat_t128x128k32g42s32f32c_texture3d_texture2d_half,0,1822.62,0.142977,SKIPPED,,1,58,70,2800,1.9,2026-10-05T04:39:23Z
4w,F1,f01,bx_t128x128k32g82s32f32bfliw,llama-3.1-8b,wq_wo,2048,4096,4096,sarc_dev_780m_x_linear_q4gsw_coopmat_bx_t128x128k32g82s32f32bfliw_texture3d_texture2d_half,1,12052.1,0.0713019,SKIPPED,,1,60,63,2800,2.1,2026-10-05T04:39:25Z
4w,F1,f01,bx_t128x128k32g82s32f32bfliw,llama-3.2-3b,wq_wo,2048,3072,3072,sarc_dev_780m_x_linear_q4gsw_coopmat_bx_t128x128k32g82s32f32bfliw_texture3d_texture2d_half,1,8014.7,0.159023,SKIPPED,,1,60,63,2800,2.1,2026-10-05T04:39:25Z
4w,F1,f01,bx_t128x128k32g82s32f32bfliw,llama-3.2-1b,wq_wo,2048,2048,2048,sarc_dev_780m_x_linear_q4gsw_coopmat_bx_t128x128k32g82s32f32bfliw_texture3d_texture2d_half,1,3484.54,0.143786,SKIPPED,,1,60,63,2800,2.1,2026-10-05T04:39:25Z
4w,F1,f01,bx_t128x128k32g82s32f32cfliiw,llama-3.1-8b,wq_wo,2048,4096,4096,sarc_dev_780m_x_linear_q4gsw_coopmat_bx_t128x128k32g82s32f32cfliiw_texture3d_texture2d_half,1,12016.9,0.0700029,SKIPPED,,1,57,63,2800,2.0,2026-10-05T04:39:27Z
4w,F1,f01,bx_t128x128k32g82s32f32cfliiw,llama-3.2-3b,wq_wo,2048,3072,3072,sarc_dev_780m_x_linear_q4gsw_coopmat_bx_t128x128k32g82s32f32cfliiw_texture3d_texture2d_half,1,7521.52,0.134131,SKIPPED,,1,57,63,2800,2.0,2026-10-05T04:39:27Z
4w,F1,f01,bx_t128x128k32g82s32f32cfliiw,llama-3.2-1b,wq_wo,2048,2048,2048,sarc_dev_780m_x_linear_q4gsw_coopmat_bx_t128x128k32g82s32f32cfliiw_texture3d_texture2d_half,1,3493.16,0.146456,SKIPPED,,1,57,63,2800,2.0,2026-10-05T04:39:27Z
4w,F1,f01,bx_t128x128k32g82s32f32cfl,llama-3.1-8b,wq_wo,2048,4096,4096,sarc_dev_780m_x_linear_q4gsw_coopmat_bx_t128x128k32g82s32f32cfl_texture3d_texture2d_half,1,12002.4,0.0674138,SKIPPED,,1,58,64,2800,2.0,2026-10-05T04:39:29Z
4w,F1,f01,bx_t128x128k32g82s32f32cfl,llama-3.2-3b,wq_wo,2048,3072,3072,sarc_dev_780m_x_linear_q4gsw_coopmat_bx_t128x128k32g82s32f32cfl_texture3d_texture2d_half,1,7447.78,0.12054,SKIPPED,,1,58,64,2800,2.0,2026-10-05T04:39:29Z
4w,F1,f01,bx_t128x128k32g82s32f32cfl,llama-3.2-1b,wq_wo,2048,2048,2048,sarc_dev_780m_x_linear_q4gsw_coopmat_bx_t128x128k32g82s32f32cfl_texture3d_texture2d_half,1,3536.38,0.150291,SKIPPED,,1,58,64,2800,2.0,2026-10-05T04:39:29Z
4w,F1,f01,bx_t128x128k32g21s64f32cfliw,llama-3.1-8b,wq_wo,2048,4096,4096,sarc_dev_780m_x_linear_q4gsw_coopmat_bx_t128x128k32g21s64f32cfliw_texture3d_texture2d_half,1,9144.28,0.0879077,SKIPPED,,1,57,65,2800,2.0,2026-10-05T04:39:31Z
4w,F1,f01,bx_t128x128k32g21s64f32cfliw,llama-3.2-3b,wq_wo,2048,3072,3072,sarc_dev_780m_x_linear_q4gsw_coopmat_bx_t128x128k32g21s64f32cfliw_texture3d_texture2d_half,1,5708.26,0.129197,SKIPPED,,1,57,65,2800,2.0,2026-10-05T04:39:31Z
4w,F1,f01,bx_t128x128k32g21s64f32cfliw,llama-3.2-1b,wq_wo,2048,2048,2048,sarc_dev_780m_x_linear_q4gsw_coopmat_bx_t128x128k32g21s64f32cfliw_texture3d_texture2d_half,1,2382.06,0.142914,SKIPPED,,1,57,65,2800,2.0,2026-10-05T04:39:31Z
4w,F1,f01,t128x128k32g21s32f32cfliw,llama-3.1-8b,wq_wo,2048,4096,4096,sarc_dev_780m_x_linear_q4gsw_coopmat_t128x128k32g21s32f32cfliw_texture3d_texture2d_half,1,34751.4,0.00710632,SKIPPED,,1,58,61,2800,2.3,2026-10-05T04:39:33Z
4w,F1,f01,t128x128k32g21s32f32cfliw,llama-3.2-3b,wq_wo,2048,3072,3072,sarc_dev_780m_x_linear_q4gsw_coopmat_t128x128k32g21s32f32cfliw_texture3d_texture2d_half,1,18341.7,0.0208855,SKIPPED,,1,58,61,2800,2.3,2026-10-05T04:39:33Z
4w,F1,f01,t128x128k32g21s32f32cfliw,llama-3.2-1b,wq_wo,2048,2048,2048,sarc_dev_780m_x_linear_q4gsw_coopmat_t128x128k32g21s32f32cfliw_texture3d_texture2d_half,1,8205.28,0.0886078,SKIPPED,,1,58,61,2800,2.3,2026-10-05T04:39:33Z
4w,F1,f01,bx_t128x128k32g24s64f32cfliw,llama-3.1-8b,wq_wo,2048,4096,4096,sarc_dev_780m_x_linear_q4gsw_coopmat_bx_t128x128k32g24s64f32cfliw_texture3d_texture2d_half,1,13981.8,0.0384395,SKIPPED,,1,58,61,2800,2.0,2026-10-05T04:39:35Z
4w,F1,f01,bx_t128x128k32g24s64f32cfliw,llama-3.2-3b,wq_wo,2048,3072,3072,sarc_dev_780m_x_linear_q4gsw_coopmat_bx_t128x128k32g24s64f32cfliw_texture3d_texture2d_half,1,8079.76,0.103014,SKIPPED,,1,58,61,2800,2.0,2026-10-05T04:39:35Z
4w,F1,f01,bx_t128x128k32g24s64f32cfliw,llama-3.2-1b,wq_wo,2048,2048,2048,sarc_dev_780m_x_linear_q4gsw_coopmat_bx_t128x128k32g24s64f32cfliw_texture3d_texture2d_half,1,3978,0.141589,SKIPPED,,1,58,61,2800,2.0,2026-10-05T04:39:35Z
4w,F1,f01,bx_t128x128k32g24s32cfliw,llama-3.1-8b,wq_wo,2048,4096,4096,sarc_dev_780m_x_linear_q4gsw_coopmat_bx_t128x128k32g24s32cfliw_texture3d_texture2d_half,1,9297.86,0.0724788,SKIPPED,,1,56,66,2800,2.0,2026-10-05T04:39:38Z
4w,F1,f01,bx_t128x128k32g24s32cfliw,llama-3.2-3b,wq_wo,2048,3072,3072,sarc_dev_780m_x_linear_q4gsw_coopmat_bx_t128x128k32g24s32cfliw_texture3d_texture2d_half,1,6237.6,0.155098,SKIPPED,,1,56,66,2800,2.0,2026-10-05T04:39:38Z
4w,F1,f01,bx_t128x128k32g24s32cfliw,llama-3.2-1b,wq_wo,2048,2048,2048,sarc_dev_780m_x_linear_q4gsw_coopmat_bx_t128x128k32g24s32cfliw_texture3d_texture2d_half,1,2655.78,0.142189,SKIPPED,,1,56,66,2800,2.0,2026-10-05T04:39:38Z
4w,F1,f01,bx_t128x128k32g24s32gacfliw,llama-3.1-8b,wq_wo,2048,4096,4096,sarc_dev_780m_x_linear_q4gsw_coopmat_bx_t128x128k32g24s32gacfliw_texture3d_texture2d_half,1,9278.44,0.076363,SKIPPED,,1,58,63,2800,2.0,2026-10-05T04:39:40Z
4w,F1,f01,bx_t128x128k32g24s32gacfliw,llama-3.2-3b,wq_wo,2048,3072,3072,sarc_dev_780m_x_linear_q4gsw_coopmat_bx_t128x128k32g24s32gacfliw_texture3d_texture2d_half,1,5997.7,0.134703,SKIPPED,,1,58,63,2800,2.0,2026-10-05T04:39:40Z
4w,F1,f01,bx_t128x128k32g24s32gacfliw,llama-3.2-1b,wq_wo,2048,2048,2048,sarc_dev_780m_x_linear_q4gsw_coopmat_bx_t128x128k32g24s32gacfliw_texture3d_texture2d_half,1,2682.54,0.143563,SKIPPED,,1,58,63,2800,2.0,2026-10-05T04:39:40Z
4w,F1,f01,bx_t128x128k32g24s32f32fliw,llama-3.1-8b,wq_wo,2048,4096,4096,sarc_dev_780m_x_linear_q4gsw_coopmat_bx_t128x128k32g24s32f32fliw_texture3d_texture2d_half,1,8411.08,0.0942455,SKIPPED,,1,58,64,2800,2.0,2026-10-05T04:39:42Z
4w,F1,f01,bx_t128x128k32g24s32f32fliw,llama-3.2-3b,wq_wo,2048,3072,3072,sarc_dev_780m_x_linear_q4gsw_coopmat_bx_t128x128k32g24s32f32fliw_texture3d_texture2d_half,1,5141.68,0.130436,SKIPPED,,1,58,64,2800,2.0,2026-10-05T04:39:42Z
4w,F1,f01,bx_t128x128k32g24s32f32fliw,llama-3.2-1b,wq_wo,2048,2048,2048,sarc_dev_780m_x_linear_q4gsw_coopmat_bx_t128x128k32g24s32f32fliw_texture3d_texture2d_half,1,2411.28,0.146632,SKIPPED,,1,58,64,2800,2.0,2026-10-05T04:39:42Z
4w,F1,f01,bx_t128x128k32g24s32f32xfliw,llama-3.1-8b,wq_wo,2048,4096,4096,sarc_linear_q4gsw_coopmat_t128x128k32g42s32f32c_texture3d_texture2d_half,0,6853.62,0.0956873,SKIPPED,,1,57,69,2800,1.9,2026-10-05T04:39:44Z
4w,F1,f01,bx_t128x128k32g24s32f32xfliw,llama-3.2-3b,wq_wo,2048,3072,3072,sarc_linear_q4gsw_coopmat_t128x128k32g42s32f32c_texture3d_texture2d_half,0,4018,0.135789,SKIPPED,,1,57,69,2800,1.9,2026-10-05T04:39:44Z
4w,F1,f01,bx_t128x128k32g24s32f32xfliw,llama-3.2-1b,wq_wo,2048,2048,2048,sarc_linear_q4gsw_coopmat_t128x128k32g42s32f32c_texture3d_texture2d_half,0,1815.96,0.144386,SKIPPED,,1,57,69,2800,1.9,2026-10-05T04:39:44Z
4w,F1,f01,bx_t128x128k32g24s32f32bfliw,llama-3.1-8b,wq_wo,2048,4096,4096,sarc_dev_780m_x_linear_q4gsw_coopmat_bx_t128x128k32g24s32f32bfliw_texture3d_texture2d_half,1,8028.06,0.117241,SKIPPED,,1,59,68,2800,2.0,2026-10-05T04:39:45Z
4w,F1,f01,bx_t128x128k32g24s32f32bfliw,llama-3.2-3b,wq_wo,2048,3072,3072,sarc_dev_780m_x_linear_q4gsw_coopmat_bx_t128x128k32g24s32f32bfliw_texture3d_texture2d_half,1,4932.04,0.139114,SKIPPED,,1,59,68,2800,2.0,2026-10-05T04:39:45Z
4w,F1,f01,bx_t128x128k32g24s32f32bfliw,llama-3.2-1b,wq_wo,2048,2048,2048,sarc_dev_780m_x_linear_q4gsw_coopmat_bx_t128x128k32g24s32f32bfliw_texture3d_texture2d_half,1,2152.28,0.145168,SKIPPED,,1,59,68,2800,2.0,2026-10-05T04:39:45Z
4w,F1,f01,bx_t128x128k32g24s32f32ciw,llama-3.1-8b,wq_wo,2048,4096,4096,sarc_dev_780m_x_linear_q4gsw_coopmat_bx_t128x128k32g24s32f32ciw_texture3d_texture2d_half,1,7591.66,0.132379,SKIPPED,,1,59,69,2800,1.9,2026-10-05T04:39:47Z
4w,F1,f01,bx_t128x128k32g24s32f32ciw,llama-3.2-3b,wq_wo,2048,3072,3072,sarc_dev_780m_x_linear_q4gsw_coopmat_bx_t128x128k32g24s32f32ciw_texture3d_texture2d_half,1,4302.14,0.13905,SKIPPED,,1,59,69,2800,1.9,2026-10-05T04:39:47Z
4w,F1,f01,bx_t128x128k32g24s32f32ciw,llama-3.2-1b,wq_wo,2048,2048,2048,sarc_dev_780m_x_linear_q4gsw_coopmat_bx_t128x128k32g24s32f32ciw_texture3d_texture2d_half,1,1895.3,0.140458,SKIPPED,,1,59,69,2800,1.9,2026-10-05T04:39:47Z
4w,F1,f01,bx_t128x128k32g24s32f32cfliiw,llama-3.1-8b,wq_wo,2048,4096,4096,sarc_dev_780m_x_linear_q4gsw_coopmat_bx_t128x128k32g24s32f32cfliiw_texture3d_texture2d_half,1,7960.2,0.116569,SKIPPED,,1,60,68,2800,2.0,2026-10-05T04:39:49Z
4w,F1,f01,bx_t128x128k32g24s32f32cfliiw,llama-3.2-3b,wq_wo,2048,3072,3072,sarc_dev_780m_x_linear_q4gsw_coopmat_bx_t128x128k32g24s32f32cfliiw_texture3d_texture2d_half,1,4887.82,0.143896,SKIPPED,,1,60,68,2800,2.0,2026-10-05T04:39:49Z
4w,F1,f01,bx_t128x128k32g24s32f32cfliiw,llama-3.2-1b,wq_wo,2048,2048,2048,sarc_dev_780m_x_linear_q4gsw_coopmat_bx_t128x128k32g24s32f32cfliiw_texture3d_texture2d_half,1,2135.44,0.147825,SKIPPED,,1,60,68,2800,2.0,2026-10-05T04:39:49Z
4w,F1,f01,bx_t128x128k32g24s32f32cfl,llama-3.1-8b,wq_wo,2048,4096,4096,sarc_dev_780m_x_linear_q4gsw_coopmat_bx_t128x128k32g24s32f32cfl_texture3d_texture2d_half,1,7922.02,0.112769,SKIPPED,,1,59,69,2800,2.0,2026-10-05T04:39:51Z
4w,F1,f01,bx_t128x128k32g24s32f32cfl,llama-3.2-3b,wq_wo,2048,3072,3072,sarc_dev_780m_x_linear_q4gsw_coopmat_bx_t128x128k32g24s32f32cfl_texture3d_texture2d_half,1,5108.7,0.16274,SKIPPED,,1,59,69,2800,2.0,2026-10-05T04:39:51Z
4w,F1,f01,bx_t128x128k32g24s32f32cfl,llama-3.2-1b,wq_wo,2048,2048,2048,sarc_dev_780m_x_linear_q4gsw_coopmat_bx_t128x128k32g24s32f32cfl_texture3d_texture2d_half,1,2145.74,0.150574,SKIPPED,,1,59,69,2800,2.0,2026-10-05T04:39:51Z
4w,F1,f01,t128x128k32g24s32f32cfliw,llama-3.1-8b,wq_wo,2048,4096,4096,sarc_dev_780m_x_linear_q4gsw_coopmat_t128x128k32g24s32f32cfliw_texture3d_texture2d_half,1,8031.52,0.120334,SKIPPED,,1,59,66,2800,2.0,2026-10-05T04:39:53Z
4w,F1,f01,t128x128k32g24s32f32cfliw,llama-3.2-3b,wq_wo,2048,3072,3072,sarc_dev_780m_x_linear_q4gsw_coopmat_t128x128k32g24s32f32cfliw_texture3d_texture2d_half,1,4951.74,0.146921,SKIPPED,,1,59,66,2800,2.0,2026-10-05T04:39:53Z
4w,F1,f01,t128x128k32g24s32f32cfliw,llama-3.2-1b,wq_wo,2048,2048,2048,sarc_dev_780m_x_linear_q4gsw_coopmat_t128x128k32g24s32f32cfliw_texture3d_texture2d_half,1,2146.18,0.146426,SKIPPED,,1,59,66,2800,2.0,2026-10-05T04:39:53Z
4w,F1,f01,bx_t128x128k32g28s32f32fliw,llama-3.1-8b,wq_wo,2048,4096,4096,sarc_dev_780m_x_linear_q4gsw_coopmat_bx_t128x128k32g28s32f32fliw_texture3d_texture2d_half,1,11565.6,0.0818954,SKIPPED,,1,58,64,2800,2.0,2026-10-05T04:39:55Z
4w,F1,f01,bx_t128x128k32g28s32f32fliw,llama-3.2-3b,wq_wo,2048,3072,3072,sarc_dev_780m_x_linear_q4gsw_coopmat_bx_t128x128k32g28s32f32fliw_texture3d_texture2d_half,1,7267.38,0.128376,SKIPPED,,1,58,64,2800,2.0,2026-10-05T04:39:55Z
4w,F1,f01,bx_t128x128k32g28s32f32fliw,llama-3.2-1b,wq_wo,2048,2048,2048,sarc_dev_780m_x_linear_q4gsw_coopmat_bx_t128x128k32g28s32f32fliw_texture3d_texture2d_half,1,3429.8,0.151948,SKIPPED,,1,58,64,2800,2.0,2026-10-05T04:39:55Z
4w,F1,f01,bx_t128x128k32g28s32f32xfliw,llama-3.1-8b,wq_wo,2048,4096,4096,sarc_linear_q4gsw_coopmat_t128x128k32g42s32f32c_texture3d_texture2d_half,0,6895.18,0.11289,SKIPPED,,1,58,71,2800,1.9,2026-10-05T04:39:57Z
4w,F1,f01,bx_t128x128k32g28s32f32xfliw,llama-3.2-3b,wq_wo,2048,3072,3072,sarc_linear_q4gsw_coopmat_t128x128k32g42s32f32c_texture3d_texture2d_half,0,4054.82,0.148089,SKIPPED,,1,58,71,2800,1.9,2026-10-05T04:39:57Z
4w,F1,f01,bx_t128x128k32g28s32f32xfliw,llama-3.2-1b,wq_wo,2048,2048,2048,sarc_linear_q4gsw_coopmat_t128x128k32g42s32f32c_texture3d_texture2d_half,0,1817.76,0.140506,SKIPPED,,1,58,71,2800,1.9,2026-10-05T04:39:57Z
4w,F1,f01,bx_t128x128k32g28s32f32bfliw,llama-3.1-8b,wq_wo,2048,4096,4096,sarc_dev_780m_x_linear_q4gsw_coopmat_bx_t128x128k32g28s32f32bfliw_texture3d_texture2d_half,1,11583.5,0.0760888,SKIPPED,,1,61,63,2800,2.0,2026-10-05T04:39:59Z
4w,F1,f01,bx_t128x128k32g28s32f32bfliw,llama-3.2-3b,wq_wo,2048,3072,3072,sarc_dev_780m_x_linear_q4gsw_coopmat_bx_t128x128k32g28s32f32bfliw_texture3d_texture2d_half,1,7229.82,0.126258,SKIPPED,,1,61,63,2800,2.0,2026-10-05T04:39:59Z
4w,F1,f01,bx_t128x128k32g28s32f32bfliw,llama-3.2-1b,wq_wo,2048,2048,2048,sarc_dev_780m_x_linear_q4gsw_coopmat_bx_t128x128k32g28s32f32bfliw_texture3d_texture2d_half,1,3442.5,0.152113,SKIPPED,,1,61,63,2800,2.0,2026-10-05T04:39:59Z
4w,F1,f01,bx_t128x128k32g22s64cfliw,llama-3.1-8b,wq_wo,2048,4096,4096,sarc_dev_780m_x_linear_q4gsw_coopmat_bx_t128x128k32g22s64cfliw_texture3d_texture2d_half,1,11319.2,0.0904211,SKIPPED,,1,57,64,2800,2.0,2026-10-05T04:40:01Z
4w,F1,f01,bx_t128x128k32g22s64cfliw,llama-3.2-3b,wq_wo,2048,3072,3072,sarc_dev_780m_x_linear_q4gsw_coopmat_bx_t128x128k32g22s64cfliw_texture3d_texture2d_half,1,6466.94,0.105519,SKIPPED,,1,57,64,2800,2.0,2026-10-05T04:40:01Z
4w,F1,f01,bx_t128x128k32g22s64cfliw,llama-3.2-1b,wq_wo,2048,2048,2048,sarc_dev_780m_x_linear_q4gsw_coopmat_bx_t128x128k32g22s64cfliw_texture3d_texture2d_half,1,3192.4,0.142433,SKIPPED,,1,57,64,2800,2.0,2026-10-05T04:40:01Z
4w,F1,f01,bx_t128x128k32g22s64gacfliw,llama-3.1-8b,wq_wo,2048,4096,4096,sarc_dev_780m_x_linear_q4gsw_coopmat_bx_t128x128k32g22s64gacfliw_texture3d_texture2d_half,1,11489.3,0.0779514,SKIPPED,,1,57,62,2800,2.0,2026-10-05T04:40:04Z
4w,F1,f01,bx_t128x128k32g22s64gacfliw,llama-3.2-3b,wq_wo,2048,3072,3072,sarc_dev_780m_x_linear_q4gsw_coopmat_bx_t128x128k32g22s64gacfliw_texture3d_texture2d_half,1,7322.38,0.131731,SKIPPED,,1,57,62,2800,2.0,2026-10-05T04:40:04Z
4w,F1,f01,bx_t128x128k32g22s64gacfliw,llama-3.2-1b,wq_wo,2048,2048,2048,sarc_dev_780m_x_linear_q4gsw_coopmat_bx_t128x128k32g22s64gacfliw_texture3d_texture2d_half,1,3271.68,0.149868,SKIPPED,,1,57,62,2800,2.0,2026-10-05T04:40:04Z
4w,F1,f01,bx_t128x128k32g22s64f32fliw,llama-3.1-8b,wq_wo,2048,4096,4096,sarc_dev_780m_x_linear_q4gsw_coopmat_bx_t128x128k32g22s64f32fliw_texture3d_texture2d_half,1,9292.1,0.0791089,SKIPPED,,1,57,64,2800,2.0,2026-10-05T04:40:06Z
4w,F1,f01,bx_t128x128k32g22s64f32fliw,llama-3.2-3b,wq_wo,2048,3072,3072,sarc_dev_780m_x_linear_q4gsw_coopmat_bx_t128x128k32g22s64f32fliw_texture3d_texture2d_half,1,6048.46,0.136706,SKIPPED,,1,57,64,2800,2.0,2026-10-05T04:40:06Z
4w,F1,f01,bx_t128x128k32g22s64f32fliw,llama-3.2-1b,wq_wo,2048,2048,2048,sarc_dev_780m_x_linear_q4gsw_coopmat_bx_t128x128k32g22s64f32fliw_texture3d_texture2d_half,1,2646.08,0.14331,SKIPPED,,1,57,64,2800,2.0,2026-10-05T04:40:06Z
4w,F1,f01,bx_t128x128k32g22s64f32xfliw,llama-3.1-8b,wq_wo,2048,4096,4096,sarc_linear_q4gsw_coopmat_t128x128k32g42s32f32c_texture3d_texture2d_half,0,6807.1,0.099322,SKIPPED,,1,59,70,2800,1.9,2026-10-05T04:40:07Z
4w,F1,f01,bx_t128x128k32g22s64f32xfliw,llama-3.2-3b,wq_wo,2048,3072,3072,sarc_linear_q4gsw_coopmat_t128x128k32g42s32f32c_texture3d_texture2d_half,0,3989.36,0.138297,SKIPPED,,1,59,70,2800,1.9,2026-10-05T04:40:07Z
4w,F1,f01,bx_t128x128k32g22s64f32xfliw,llama-3.2-1b,wq_wo,2048,2048,2048,sarc_linear_q4gsw_coopmat_t128x128k32g42s32f32c_texture3d_texture2d_half,0,1834.18,0.144581,SKIPPED,,1,59,70,2800,1.9,2026-10-05T04:40:07Z
4w,F1,f01,bx_t128x128k32g22s64f32bfliw,llama-3.1-8b,wq_wo,2048,4096,4096,sarc_dev_780m_x_linear_q4gsw_coopmat_bx_t128x128k32g22s64f32bfliw_texture3d_texture2d_half,1,9294.62,0.0707422,SKIPPED,,1,60,65,2800,2.1,2026-10-05T04:40:10Z
4w,F1,f01,bx_t128x128k32g22s64f32bfliw,llama-3.2-3b,wq_wo,2048,3072,3072,sarc_dev_780m_x_linear_q4gsw_coopmat_bx_t128x128k32g22s64f32bfliw_texture3d_texture2d_half,1,6454.94,0.164562,SKIPPED,,1,60,65,2800,2.1,2026-10-05T04:40:10Z
4w,F1,f01,bx_t128x128k32g22s64f32bfliw,llama-3.2-1b,wq_wo,2048,2048,2048,sarc_dev_780m_x_linear_q4gsw_coopmat_bx_t128x128k32g22s64f32bfliw_texture3d_texture2d_half,1,2695.72,0.146473,SKIPPED,,1,60,65,2800,2.1,2026-10-05T04:40:10Z
4w,F1,f01,bx_t128x128k32g22s64f32ciw,llama-3.1-8b,wq_wo,2048,4096,4096,sarc_dev_780m_x_linear_q4gsw_coopmat_bx_t128x128k32g22s64f32ciw_texture3d_texture2d_half,1,8113.22,0.116502,SKIPPED,,1,58,65,2800,2.0,2026-10-05T04:40:12Z
4w,F1,f01,bx_t128x128k32g22s64f32ciw,llama-3.2-3b,wq_wo,2048,3072,3072,sarc_dev_780m_x_linear_q4gsw_coopmat_bx_t128x128k32g22s64f32ciw_texture3d_texture2d_half,1,4918.84,0.135465,SKIPPED,,1,58,65,2800,2.0,2026-10-05T04:40:12Z
4w,F1,f01,bx_t128x128k32g22s64f32ciw,llama-3.2-1b,wq_wo,2048,2048,2048,sarc_dev_780m_x_linear_q4gsw_coopmat_bx_t128x128k32g22s64f32ciw_texture3d_texture2d_half,1,2253.6,0.147369,SKIPPED,,1,58,65,2800,2.0,2026-10-05T04:40:12Z
4w,F1,f01,bx_t128x128k32g22s64f32cfliiw,llama-3.1-8b,wq_wo,2048,4096,4096,sarc_dev_780m_x_linear_q4gsw_coopmat_bx_t128x128k32g22s64f32cfliiw_texture3d_texture2d_half,1,9277.1,0.0813104,SKIPPED,,1,58,64,2800,2.0,2026-10-05T04:40:14Z
4w,F1,f01,bx_t128x128k32g22s64f32cfliiw,llama-3.2-3b,wq_wo,2048,3072,3072,sarc_dev_780m_x_linear_q4gsw_coopmat_bx_t128x128k32g22s64f32cfliiw_texture3d_texture2d_half,1,5911.74,0.128296,SKIPPED,,1,58,64,2800,2.0,2026-10-05T04:40:14Z
4w,F1,f01,bx_t128x128k32g22s64f32cfliiw,llama-3.2-1b,wq_wo,2048,2048,2048,sarc_dev_780m_x_linear_q4gsw_coopmat_bx_t128x128k32g22s64f32cfliiw_texture3d_texture2d_half,1,2684.54,0.1484,SKIPPED,,1,58,64,2800,2.0,2026-10-05T04:40:14Z
4w,F1,f01,bx_t128x128k32g22s64f32cfl,llama-3.1-8b,wq_wo,2048,4096,4096,sarc_dev_780m_x_linear_q4gsw_coopmat_bx_t128x128k32g22s64f32cfl_texture3d_texture2d_half,1,9272.5,0.075332,SKIPPED,,1,58,63,2800,2.1,2026-10-05T04:40:16Z
4w,F1,f01,bx_t128x128k32g22s64f32cfl,llama-3.2-3b,wq_wo,2048,3072,3072,sarc_dev_780m_x_linear_q4gsw_coopmat_bx_t128x128k32g22s64f32cfl_texture3d_texture2d_half,1,6321.7,0.164346,SKIPPED,,1,58,63,2800,2.1,2026-10-05T04:40:16Z
4w,F1,f01,bx_t128x128k32g22s64f32cfl,llama-3.2-1b,wq_wo,2048,2048,2048,sarc_dev_780m_x_linear_q4gsw_coopmat_bx_t128x128k32g22s64f32cfl_texture3d_texture2d_half,1,2684.04,0.148792,SKIPPED,,1,58,63,2800,2.1,2026-10-05T04:40:16Z
4w,F1,f01,t128x128k32g22s64f32cfliw,llama-3.1-8b,wq_wo,2048,4096,4096,sarc_dev_780m_x_linear_q4gsw_coopmat_t128x128k32g22s64f32cfliw_texture3d_texture2d_half,1,9277.34,0.0691621,SKIPPED,,1,56,64,2800,2.1,2026-10-05T04:40:18Z
4w,F1,f01,t128x128k32g22s64f32cfliw,llama-3.2-3b,wq_wo,2048,3072,3072,sarc_dev_780m_x_linear_q4gsw_coopmat_t128x128k32g22s64f32cfliw_texture3d_texture2d_half,1,6327.86,0.160976,SKIPPED,,1,56,64,2800,2.1,2026-10-05T04:40:18Z
4w,F1,f01,t128x128k32g22s64f32cfliw,llama-3.2-1b,wq_wo,2048,2048,2048,sarc_dev_780m_x_linear_q4gsw_coopmat_t128x128k32g22s64f32cfliw_texture3d_texture2d_half,1,2671.68,0.146023,SKIPPED,,1,56,64,2800,2.1,2026-10-05T04:40:18Z
4w,F1,f01,bx_t128x128k32g22s32fliw,llama-3.1-8b,wq_wo,2048,4096,4096,sarc_dev_780m_x_linear_q4gsw_coopmat_bx_t128x128k32g22s32fliw_texture3d_texture2d_half,1,36973.1,0.0078205,SKIPPED,,1,57,61,2800,2.2,2026-10-05T04:40:20Z
4w,F1,f01,bx_t128x128k32g22s32fliw,llama-3.2-3b,wq_wo,2048,3072,3072,sarc_dev_780m_x_linear_q4gsw_coopmat_bx_t128x128k32g22s32fliw_texture3d_texture2d_half,1,17755.8,0.0491691,SKIPPED,,1,57,61,2800,2.2,2026-10-05T04:40:20Z
4w,F1,f01,bx_t128x128k32g22s32fliw,llama-3.2-1b,wq_wo,2048,2048,2048,sarc_dev_780m_x_linear_q4gsw_coopmat_bx_t128x128k32g22s32fliw_texture3d_texture2d_half,1,7358.34,0.0550494,SKIPPED,,1,57,61,2800,2.2,2026-10-05T04:40:20Z
4w,F1,f01,bx_t128x128k32g22s32xfliw,llama-3.1-8b,wq_wo,2048,4096,4096,sarc_linear_q4gsw_coopmat_t128x128k32g42s32f32c_texture3d_texture2d_half,0,6821.32,0.104328,SKIPPED,,1,57,69,2800,1.9,2026-10-05T04:40:22Z
4w,F1,f01,bx_t128x128k32g22s32xfliw,llama-3.2-3b,wq_wo,2048,3072,3072,sarc_linear_q4gsw_coopmat_t128x128k32g42s32f32c_texture3d_texture2d_half,0,3933.34,0.133326,SKIPPED,,1,57,69,2800,1.9,2026-10-05T04:40:22Z
4w,F1,f01,bx_t128x128k32g22s32xfliw,llama-3.2-1b,wq_wo,2048,2048,2048,sarc_linear_q4gsw_coopmat_t128x128k32g42s32f32c_texture3d_texture2d_half,0,1799.16,0.137219,SKIPPED,,1,57,69,2800,1.9,2026-10-05T04:40:22Z
4w,F1,f01,bx_t128x128k32g22s32bfliw,llama-3.1-8b,wq_wo,2048,4096,4096,sarc_dev_780m_x_linear_q4gsw_coopmat_bx_t128x128k32g22s32bfliw_texture3d_texture2d_half,1,35848.2,0.0139343,SKIPPED,,1,59,62,2800,2.3,2026-10-05T04:40:24Z
4w,F1,f01,bx_t128x128k32g22s32bfliw,llama-3.2-3b,wq_wo,2048,3072,3072,sarc_dev_780m_x_linear_q4gsw_coopmat_bx_t128x128k32g22s32bfliw_texture3d_texture2d_half,1,17259.3,0.03247,SKIPPED,,1,59,62,2800,2.3,2026-10-05T04:40:24Z
4w,F1,f01,bx_t128x128k32g22s32bfliw,llama-3.2-1b,wq_wo,2048,2048,2048,sarc_dev_780m_x_linear_q4gsw_coopmat_bx_t128x128k32g22s32bfliw_texture3d_texture2d_half,1,7018.72,0.0443386,SKIPPED,,1,59,62,2800,2.3,2026-10-05T04:40:24Z
4w,F1,f01,bx_t128x128k32g22s32ciw,llama-3.1-8b,wq_wo,2048,4096,4096,sarc_dev_780m_x_linear_q4gsw_coopmat_bx_t128x128k32g22s32ciw_texture3d_texture2d_half,1,31672.2,0.0173488,SKIPPED,,1,58,63,2800,2.1,2026-10-05T04:40:27Z
4w,F1,f01,bx_t128x128k32g22s32ciw,llama-3.2-3b,wq_wo,2048,3072,3072,sarc_dev_780m_x_linear_q4gsw_coopmat_bx_t128x128k32g22s32ciw_texture3d_texture2d_half,1,14811.6,0.0526489,SKIPPED,,1,58,63,2800,2.1,2026-10-05T04:40:27Z
4w,F1,f01,bx_t128x128k32g22s32ciw,llama-3.2-1b,wq_wo,2048,2048,2048,sarc_dev_780m_x_linear_q4gsw_coopmat_bx_t128x128k32g22s32ciw_texture3d_texture2d_half,1,6151.48,0.0617062,SKIPPED,,1,58,63,2800,2.1,2026-10-05T04:40:27Z
4w,F1,f01,bx_t128x128k32g22s32cfliiw,llama-3.1-8b,wq_wo,2048,4096,4096,sarc_dev_780m_x_linear_q4gsw_coopmat_bx_t128x128k32g22s32cfliiw_texture3d_texture2d_half,1,79288.3,0.00543487,SKIPPED,,1,58,59,2800,2.5,2026-10-05T04:40:29Z
4w,F1,f01,bx_t128x128k32g22s32cfliiw,llama-3.2-3b,wq_wo,2048,3072,3072,sarc_dev_780m_x_linear_q4gsw_coopmat_bx_t128x128k32g22s32cfliiw_texture3d_texture2d_half,1,44092.4,0.0130319,SKIPPED,,1,58,59,2800,2.5,2026-10-05T04:40:29Z
4w,F1,f01,bx_t128x128k32g22s32cfliiw,llama-3.2-1b,wq_wo,2048,2048,2048,sarc_dev_780m_x_linear_q4gsw_coopmat_bx_t128x128k32g22s32cfliiw_texture3d_texture2d_half,1,18312.4,0.0111218,SKIPPED,,1,58,59,2800,2.5,2026-10-05T04:40:29Z
4w,F1,f01,bx_t128x128k32g22s32cfl,llama-3.1-8b,wq_wo,2048,4096,4096,sarc_dev_780m_x_linear_q4gsw_coopmat_bx_t128x128k32g22s32cfl_texture3d_texture2d_half,1,81367.6,0.00186854,SKIPPED,,1,57,59,2800,2.6,2026-10-05T04:40:32Z
4w,F1,f01,bx_t128x128k32g22s32cfl,llama-3.2-3b,wq_wo,2048,3072,3072,sarc_dev_780m_x_linear_q4gsw_coopmat_bx_t128x128k32g22s32cfl_texture3d_texture2d_half,1,44157.9,0.00629542,SKIPPED,,1,57,59,2800,2.6,2026-10-05T04:40:32Z
4w,F1,f01,bx_t128x128k32g22s32cfl,llama-3.2-1b,wq_wo,2048,2048,2048,sarc_dev_780m_x_linear_q4gsw_coopmat_bx_t128x128k32g22s32cfl_texture3d_texture2d_half,1,18229,0.0138181,SKIPPED,,1,57,59,2800,2.6,2026-10-05T04:40:32Z
4w,F1,f01,t128x128k32g22s32cfliw,llama-3.1-8b,wq_wo,2048,4096,4096,sarc_dev_780m_x_linear_q4gsw_coopmat_t128x128k32g22s32cfliw_texture3d_texture2d_half,1,104659,0.00449556,SKIPPED,,1,57,60,2800,2.6,2026-10-05T04:40:34Z
4w,F1,f01,t128x128k32g22s32cfliw,llama-3.2-3b,wq_wo,2048,3072,3072,sarc_dev_780m_x_linear_q4gsw_coopmat_t128x128k32g22s32cfliw_texture3d_texture2d_half,1,57961,0.005248,SKIPPED,,1,57,60,2800,2.6,2026-10-05T04:40:34Z
4w,F1,f01,t128x128k32g22s32cfliw,llama-3.2-1b,wq_wo,2048,2048,2048,sarc_dev_780m_x_linear_q4gsw_coopmat_t128x128k32g22s32cfliw_texture3d_texture2d_half,1,24410.9,0.0050726,SKIPPED,,1,57,60,2800,2.6,2026-10-05T04:40:34Z
4w,F1,f01,bx_t128x128k32g22s32gaxfliw,llama-3.1-8b,wq_wo,2048,4096,4096,sarc_linear_q4gsw_coopmat_t128x128k32g42s32f32c_texture3d_texture2d_half,0,6722.2,0.100639,SKIPPED,,1,58,69,2800,1.9,2026-10-05T04:40:36Z
4w,F1,f01,bx_t128x128k32g22s32gaxfliw,llama-3.2-3b,wq_wo,2048,3072,3072,sarc_linear_q4gsw_coopmat_t128x128k32g42s32f32c_texture3d_texture2d_half,0,3969.5,0.137289,SKIPPED,,1,58,69,2800,1.9,2026-10-05T04:40:36Z
4w,F1,f01,bx_t128x128k32g22s32gaxfliw,llama-3.2-1b,wq_wo,2048,2048,2048,sarc_linear_q4gsw_coopmat_t128x128k32g42s32f32c_texture3d_texture2d_half,0,1812.34,0.141648,SKIPPED,,1,58,69,2800,1.9,2026-10-05T04:40:36Z
4w,F1,f01,bx_t128x128k32g22s32gabfliw,llama-3.1-8b,wq_wo,2048,4096,4096,sarc_dev_780m_x_linear_q4gsw_coopmat_bx_t128x128k32g22s32gabfliw_texture3d_texture2d_half,1,68136.8,0.0018557,SKIPPED,,1,60,62,2800,2.5,2026-10-05T04:40:39Z
4w,F1,f01,bx_t128x128k32g22s32gabfliw,llama-3.2-3b,wq_wo,2048,3072,3072,sarc_dev_780m_x_linear_q4gsw_coopmat_bx_t128x128k32g22s32gabfliw_texture3d_texture2d_half,1,35842,0.0291358,SKIPPED,,1,60,62,2800,2.5,2026-10-05T04:40:39Z
4w,F1,f01,bx_t128x128k32g22s32gabfliw,llama-3.2-1b,wq_wo,2048,2048,2048,sarc_dev_780m_x_linear_q4gsw_coopmat_bx_t128x128k32g22s32gabfliw_texture3d_texture2d_half,1,13763.8,0.0458357,SKIPPED,,1,60,62,2800,2.5,2026-10-05T04:40:39Z
4w,F1,f01,bx_t128x128k32g22s32gaciw,llama-3.1-8b,wq_wo,2048,4096,4096,sarc_dev_780m_x_linear_q4gsw_coopmat_bx_t128x128k32g22s32gaciw_texture3d_texture2d_half,1,63232.1,0.0398259,SKIPPED,,1,58,63,2800,2.4,2026-10-05T04:40:41Z
4w,F1,f01,bx_t128x128k32g22s32gaciw,llama-3.2-3b,wq_wo,2048,3072,3072,sarc_dev_780m_x_linear_q4gsw_coopmat_bx_t128x128k32g22s32gaciw_texture3d_texture2d_half,1,33086,0.0268724,SKIPPED,,1,58,63,2800,2.4,2026-10-05T04:40:41Z
4w,F1,f01,bx_t128x128k32g22s32gaciw,llama-3.2-1b,wq_wo,2048,2048,2048,sarc_dev_780m_x_linear_q4gsw_coopmat_bx_t128x128k32g22s32gaciw_texture3d_texture2d_half,1,12113.6,0.0451072,SKIPPED,,1,58,63,2800,2.4,2026-10-05T04:40:41Z
4w,F1,f01,bx_t128x128k32g22s32gacfliiw,llama-3.1-8b,wq_wo,2048,4096,4096,sarc_dev_780m_x_linear_q4gsw_coopmat_bx_t128x128k32g22s32gacfliiw_texture3d_texture2d_half,1,107533,0.000838039,SKIPPED,,1,58,60,2800,2.7,2026-10-05T04:40:44Z
4w,F1,f01,bx_t128x128k32g22s32gacfliiw,llama-3.2-3b,wq_wo,2048,3072,3072,sarc_dev_780m_x_linear_q4gsw_coopmat_bx_t128x128k32g22s32gacfliiw_texture3d_texture2d_half,1,59577.4,0.0107252,SKIPPED,,1,58,60,2800,2.7,2026-10-05T04:40:44Z
4w,F1,f01,bx_t128x128k32g22s32gacfliiw,llama-3.2-1b,wq_wo,2048,2048,2048,sarc_dev_780m_x_linear_q4gsw_coopmat_bx_t128x128k32g22s32gacfliiw_texture3d_texture2d_half,1,25073.1,0.0081061,SKIPPED,,1,58,60,2800,2.7,2026-10-05T04:40:44Z
4w,F1,f01,bx_t128x128k32g22s32gacfl,llama-3.1-8b,wq_wo,2048,4096,4096,sarc_dev_780m_x_linear_q4gsw_coopmat_bx_t128x128k32g22s32gacfl_texture3d_texture2d_half,1,107987,0.00210746,SKIPPED,,1,58,60,2800,2.7,2026-10-05T04:40:47Z
4w,F1,f01,bx_t128x128k32g22s32gacfl,llama-3.2-3b,wq_wo,2048,3072,3072,sarc_dev_780m_x_linear_q4gsw_coopmat_bx_t128x128k32g22s32gacfl_texture3d_texture2d_half,1,59911.5,0.00496964,SKIPPED,,1,58,60,2800,2.7,2026-10-05T04:40:47Z
4w,F1,f01,bx_t128x128k32g22s32gacfl,llama-3.2-1b,wq_wo,2048,2048,2048,sarc_dev_780m_x_linear_q4gsw_coopmat_bx_t128x128k32g22s32gacfl_texture3d_texture2d_half,1,25039.3,0.0123861,SKIPPED,,1,58,60,2800,2.7,2026-10-05T04:40:47Z
4w,F1,f01,t128x128k32g22s32gacfliw,llama-3.1-8b,wq_wo,2048,4096,4096,sarc_dev_780m_x_linear_q4gsw_coopmat_t128x128k32g22s32gacfliw_texture3d_texture2d_half,1,129178,0.0087001,SKIPPED,,1,58,60,2800,3.0,2026-10-05T04:40:50Z
4w,F1,f01,t128x128k32g22s32gacfliw,llama-3.2-3b,wq_wo,2048,3072,3072,sarc_dev_780m_x_linear_q4gsw_coopmat_t128x128k32g22s32gacfliw_texture3d_texture2d_half,1,72250.8,0.00147792,SKIPPED,,1,58,60,2800,3.0,2026-10-05T04:40:50Z
4w,F1,f01,t128x128k32g22s32gacfliw,llama-3.2-1b,wq_wo,2048,2048,2048,sarc_dev_780m_x_linear_q4gsw_coopmat_t128x128k32g22s32gacfliw_texture3d_texture2d_half,1,30547,0.0124055,SKIPPED,,1,58,60,2800,3.0,2026-10-05T04:40:50Z
4w,F1,f01,bx_t128x128k32g22s32f32iw,llama-3.1-8b,wq_wo,2048,4096,4096,sarc_dev_780m_x_linear_q4gsw_coopmat_bx_t128x128k32g22s32f32iw_texture3d_texture2d_half,1,8358.54,0.0992093,SKIPPED,,1,56,65,2800,2.0,2026-10-05T04:40:52Z
4w,F1,f01,bx_t128x128k32g22s32f32iw,llama-3.2-3b,wq_wo,2048,3072,3072,sarc_dev_780m_x_linear_q4gsw_coopmat_bx_t128x128k32g22s32f32iw_texture3d_texture2d_half,1,5202.52,0.12858,SKIPPED,,1,56,65,2800,2.0,2026-10-05T04:40:52Z
4w,F1,f01,bx_t128x128k32g22s32f32iw,llama-3.2-1b,wq_wo,2048,2048,2048,sarc_dev_780m_x_linear_q4gsw_coopmat_bx_t128x128k32g22s32f32iw_texture3d_texture2d_half,1,2343.02,0.136056,SKIPPED,,1,56,65,2800,2.0,2026-10-05T04:40:52Z
4w,F1,f01,bx_t128x128k32g22s32f32fliiw,llama-3.1-8b,wq_wo,2048,4096,4096,sarc_dev_780m_x_linear_q4gsw_coopmat_bx_t128x128k32g22s32f32fliiw_texture3d_texture2d_half,1,7808.3,0.121515,SKIPPED,,1,58,66,2800,2.0,2026-10-05T04:40:54Z
4w,F1,f01,bx_t128x128k32g22s32f32fliiw,llama-3.2-3b,wq_wo,2048,3072,3072,sarc_dev_780m_x_linear_q4gsw_coopmat_bx_t128x128k32g22s32f32fliiw_texture3d_texture2d_half,1,4467.44,0.13262,SKIPPED,,1,58,66,2800,2.0,2026-10-05T04:40:54Z
4w,F1,f01,bx_t128x128k32g22s32f32fliiw,llama-3.2-1b,wq_wo,2048,2048,2048,sarc_dev_780m_x_linear_q4gsw_coopmat_bx_t128x128k32g22s32f32fliiw_texture3d_texture2d_half,1,2085.46,0.142405,SKIPPED,,1,58,66,2800,2.0,2026-10-05T04:40:54Z
4w,F1,f01,bx_t128x128k32g22s32f32fl,llama-3.1-8b,wq_wo,2048,4096,4096,sarc_dev_780m_x_linear_q4gsw_coopmat_bx_t128x128k32g22s32f32fl_texture3d_texture2d_half,1,7730.58,0.119277,SKIPPED,,1,58,64,2800,2.0,2026-10-05T04:40:56Z
4w,F1,f01,bx_t128x128k32g22s32f32fl,llama-3.2-3b,wq_wo,2048,3072,3072,sarc_dev_780m_x_linear_q4gsw_coopmat_bx_t128x128k32g22s32f32fl_texture3d_texture2d_half,1,4554.64,0.135953,SKIPPED,,1,58,64,2800,2.0,2026-10-05T04:40:56Z
4w,F1,f01,bx_t128x128k32g22s32f32fl,llama-3.2-1b,wq_wo,2048,2048,2048,sarc_dev_780m_x_linear_q4gsw_coopmat_bx_t128x128k32g22s32f32fl_texture3d_texture2d_half,1,2089.58,0.146735,SKIPPED,,1,58,64,2800,2.0,2026-10-05T04:40:56Z
4w,F1,f01,t128x128k32g22s32f32fliw,llama-3.1-8b,wq_wo,2048,4096,4096,sarc_dev_780m_x_linear_q4gsw_coopmat_t128x128k32g22s32f32fliw_texture3d_texture2d_half,1,7867.56,0.113419,SKIPPED,,1,58,66,2800,2.0,2026-10-05T04:40:58Z
4w,F1,f01,t128x128k32g22s32f32fliw,llama-3.2-3b,wq_wo,2048,3072,3072,sarc_dev_780m_x_linear_q4gsw_coopmat_t128x128k32g22s32f32fliw_texture3d_texture2d_half,1,4526.86,0.130651,SKIPPED,,1,58,66,2800,2.0,2026-10-05T04:40:58Z
4w,F1,f01,t128x128k32g22s32f32fliw,llama-3.2-1b,wq_wo,2048,2048,2048,sarc_dev_780m_x_linear_q4gsw_coopmat_t128x128k32g22s32f32fliw_texture3d_texture2d_half,1,2143.8,0.14547,SKIPPED,,1,58,66,2800,2.0,2026-10-05T04:40:58Z
4w,F1,f01,bx_t128x128k32g22s32f32xfl,llama-3.1-8b,wq_wo,2048,4096,4096,sarc_linear_q4gsw_coopmat_t128x128k32g42s32f32c_texture3d_texture2d_half,0,6965.26,0.11001,SKIPPED,,1,58,69,2800,1.9,2026-10-05T04:41:00Z
4w,F1,f01,bx_t128x128k32g22s32f32xfl,llama-3.2-3b,wq_wo,2048,3072,3072,sarc_linear_q4gsw_coopmat_t128x128k32g42s32f32c_texture3d_texture2d_half,0,3905.9,0.129131,SKIPPED,,1,58,69,2800,1.9,2026-10-05T04:41:00Z
4w,F1,f01,bx_t128x128k32g22s32f32xfl,llama-3.2-1b,wq_wo,2048,2048,2048,sarc_linear_q4gsw_coopmat_t128x128k32g42s32f32c_texture3d_texture2d_half,0,1814.86,0.140378,SKIPPED,,1,58,69,2800,1.9,2026-10-05T04:41:00Z
4w,F1,f01,t128x128k32g22s32f32xfliw,llama-3.1-8b,wq_wo,2048,4096,4096,sarc_linear_q4gsw_coopmat_t128x128k32g42s32f32c_texture3d_texture2d_half,0,6695.5,0.103832,SKIPPED,,1,61,71,2800,1.9,2026-10-05T04:41:02Z
4w,F1,f01,t128x128k32g22s32f32xfliw,llama-3.2-3b,wq_wo,2048,3072,3072,sarc_linear_q4gsw_coopmat_t128x128k32g42s32f32c_texture3d_texture2d_half,0,4003.64,0.141229,SKIPPED,,1,61,71,2800,1.9,2026-10-05T04:41:02Z
4w,F1,f01,t128x128k32g22s32f32xfliw,llama-3.2-1b,wq_wo,2048,2048,2048,sarc_linear_q4gsw_coopmat_t128x128k32g42s32f32c_texture3d_texture2d_half,0,1785.8,0.140674,SKIPPED,,1,61,71,2800,1.9,2026-10-05T04:41:02Z
4w,F1,f01,bx_t128x128k32g22s32f32biw,llama-3.1-8b,wq_wo,2048,4096,4096,sarc_dev_780m_x_linear_q4gsw_coopmat_bx_t128x128k32g22s32f32biw_texture3d_texture2d_half,1,7533.94,0.116418,SKIPPED,,1,61,67,2800,2.0,2026-10-05T04:41:04Z
4w,F1,f01,bx_t128x128k32g22s32f32biw,llama-3.2-3b,wq_wo,2048,3072,3072,sarc_dev_780m_x_linear_q4gsw_coopmat_bx_t128x128k32g22s32f32biw_texture3d_texture2d_half,1,4343.52,0.141434,SKIPPED,,1,61,67,2800,2.0,2026-10-05T04:41:04Z
4w,F1,f01,bx_t128x128k32g22s32f32biw,llama-3.2-1b,wq_wo,2048,2048,2048,sarc_dev_780m_x_linear_q4gsw_coopmat_bx_t128x128k32g22s32f32biw_texture3d_texture2d_half,1,1949.36,0.151347,SKIPPED,,1,61,67,2800,2.0,2026-10-05T04:41:04Z
4w,F1,f01,bx_t128x128k32g22s32f32bfliiw,llama-3.1-8b,wq_wo,2048,4096,4096,sarc_dev_780m_x_linear_q4gsw_coopmat_bx_t128x128k32g22s32f32bfliiw_texture3d_texture2d_half,1,7743.96,0.115592,SKIPPED,,1,59,64,2800,2.0,2026-10-05T04:41:06Z
4w,F1,f01,bx_t128x128k32g22s32f32bfliiw,llama-3.2-3b,wq_wo,2048,3072,3072,sarc_dev_780m_x_linear_q4gsw_coopmat_bx_t128x128k32g22s32f32bfliiw_texture3d_texture2d_half,1,4526.94,0.138259,SKIPPED,,1,59,64,2800,2.0,2026-10-05T04:41:06Z
4w,F1,f01,bx_t128x128k32g22s32f32bfliiw,llama-3.2-1b,wq_wo,2048,2048,2048,sarc_dev_780m_x_linear_q4gsw_coopmat_bx_t128x128k32g22s32f32bfliiw_texture3d_texture2d_half,1,2098.52,0.147486,SKIPPED,,1,59,64,2800,2.0,2026-10-05T04:41:06Z
4w,F1,f01,bx_t128x128k32g22s32f32bfl,llama-3.1-8b,wq_wo,2048,4096,4096,sarc_dev_780m_x_linear_q4gsw_coopmat_bx_t128x128k32g22s32f32bfl_texture3d_texture2d_half,1,7588.06,0.0795766,SKIPPED,,1,58,64,2800,2.0,2026-10-05T04:41:08Z
4w,F1,f01,bx_t128x128k32g22s32f32bfl,llama-3.2-3b,wq_wo,2048,3072,3072,sarc_dev_780m_x_linear_q4gsw_coopmat_bx_t128x128k32g22s32f32bfl_texture3d_texture2d_half,1,4294.16,0.118899,SKIPPED,,1,58,64,2800,2.0,2026-10-05T04:41:08Z
4w,F1,f01,bx_t128x128k32g22s32f32bfl,llama-3.2-1b,wq_wo,2048,2048,2048,sarc_dev_780m_x_linear_q4gsw_coopmat_bx_t128x128k32g22s32f32bfl_texture3d_texture2d_half,1,2122.5,0.146463,SKIPPED,,1,58,64,2800,2.0,2026-10-05T04:41:08Z
4w,F1,f01,t128x128k32g22s32f32bfliw,llama-3.1-8b,wq_wo,2048,4096,4096,sarc_dev_780m_x_linear_q4gsw_coopmat_t128x128k32g22s32f32bfliw_texture3d_texture2d_half,1,7796.44,0.109266,SKIPPED,,1,57,67,2800,2.0,2026-10-05T04:41:10Z
4w,F1,f01,t128x128k32g22s32f32bfliw,llama-3.2-3b,wq_wo,2048,3072,3072,sarc_dev_780m_x_linear_q4gsw_coopmat_t128x128k32g22s32f32bfliw_texture3d_texture2d_half,1,4599.48,0.138157,SKIPPED,,1,57,67,2800,2.0,2026-10-05T04:41:10Z
4w,F1,f01,t128x128k32g22s32f32bfliw,llama-3.2-1b,wq_wo,2048,2048,2048,sarc_dev_780m_x_linear_q4gsw_coopmat_t128x128k32g22s32f32bfliw_texture3d_texture2d_half,1,2136.98,0.143596,SKIPPED,,1,57,67,2800,2.0,2026-10-05T04:41:10Z
4w,F1,f01,bx_t128x128k32g22s32f32ciiw,llama-3.1-8b,wq_wo,2048,4096,4096,sarc_dev_780m_x_linear_q4gsw_coopmat_bx_t128x128k32g22s32f32ciiw_texture3d_texture2d_half,1,7524.94,0.122337,SKIPPED,,1,58,68,2800,2.0,2026-10-05T04:41:12Z
4w,F1,f01,bx_t128x128k32g22s32f32ciiw,llama-3.2-3b,wq_wo,2048,3072,3072,sarc_dev_780m_x_linear_q4gsw_coopmat_bx_t128x128k32g22s32f32ciiw_texture3d_texture2d_half,1,4454.48,0.143839,SKIPPED,,1,58,68,2800,2.0,2026-10-05T04:41:12Z
4w,F1,f01,bx_t128x128k32g22s32f32ciiw,llama-3.2-1b,wq_wo,2048,2048,2048,sarc_dev_780m_x_linear_q4gsw_coopmat_bx_t128x128k32g22s32f32ciiw_texture3d_texture2d_half,1,1879.68,0.125791,SKIPPED,,1,58,68,2800,2.0,2026-10-05T04:41:12Z
4w,F1,f01,bx_t128x128k32g22s32f32c,llama-3.1-8b,wq_wo,2048,4096,4096,sarc_dev_780m_x_linear_q4gsw_coopmat_bx_t128x128k32g22s32f32c_texture3d_texture2d_half,1,7508.02,0.118563,SKIPPED,,1,59,67,2800,2.0,2026-10-05T04:41:14Z
4w,F1,f01,bx_t128x128k32g22s32f32c,llama-3.2-3b,wq_wo,2048,3072,3072,sarc_dev_780m_x_linear_q4gsw_coopmat_bx_t128x128k32g22s32f32c_texture3d_texture2d_half,1,4467.5,0.145621,SKIPPED,,1,59,67,2800,2.0,2026-10-05T04:41:14Z
4w,F1,f01,bx_t128x128k32g22s32f32c,llama-3.2-1b,wq_wo,2048,2048,2048,sarc_dev_780m_x_linear_q4gsw_coopmat_bx_t128x128k32g22s32f32c_texture3d_texture2d_half,1,1906.12,0.133725,SKIPPED,,1,59,67,2800,2.0,2026-10-05T04:41:14Z
4w,F1,f01,bx_t128x128k32g22s32f32cfli,llama-3.1-8b,wq_wo,2048,4096,4096,sarc_dev_780m_x_linear_q4gsw_coopmat_bx_t128x128k32g22s32f32cfli_texture3d_texture2d_half,1,7486.44,0.137019,SKIPPED,,1,59,69,2800,2.0,2026-10-05T04:41:16Z
4w,F1,f01,bx_t128x128k32g22s32f32cfli,llama-3.2-3b,wq_wo,2048,3072,3072,sarc_dev_780m_x_linear_q4gsw_coopmat_bx_t128x128k32g22s32f32cfli_texture3d_texture2d_half,1,4303.16,0.148031,SKIPPED,,1,59,69,2800,2.0,2026-10-05T04:41:16Z
4w,F1,f01,bx_t128x128k32g22s32f32cfli,llama-3.2-1b,wq_wo,2048,2048,2048,sarc_dev_780m_x_linear_q4gsw_coopmat_bx_t128x128k32g22s32f32cfli_texture3d_texture2d_half,1,1852.26,0.135716,SKIPPED,,1,59,69,2800,2.0,2026-10-05T04:41:16Z
4w,F1,f01,t128x128k32g22s32f32cfliiw,llama-3.1-8b,wq_wo,2048,4096,4096,sarc_dev_780m_x_linear_q4gsw_coopmat_t128x128k32g22s32f32cfliiw_texture3d_texture2d_half,1,7523.62,0.130373,SKIPPED,,1,59,68,2800,2.0,2026-10-05T04:41:18Z
4w,F1,f01,t128x128k32g22s32f32cfliiw,llama-3.2-3b,wq_wo,2048,3072,3072,sarc_dev_780m_x_linear_q4gsw_coopmat_t128x128k32g22s32f32cfliiw_texture3d_texture2d_half,1,4363.44,0.150652,SKIPPED,,1,59,68,2800,2.0,2026-10-05T04:41:18Z
4w,F1,f01,t128x128k32g22s32f32cfliiw,llama-3.2-1b,wq_wo,2048,2048,2048,sarc_dev_780m_x_linear_q4gsw_coopmat_t128x128k32g22s32f32cfliiw_texture3d_texture2d_half,1,1953.2,0.146641,SKIPPED,,1,59,68,2800,2.0,2026-10-05T04:41:18Z
4w,F1,f01,t128x128k32g22s32f32cfl,llama-3.1-8b,wq_wo,2048,4096,4096,sarc_dev_780m_x_linear_q4gsw_coopmat_t128x128k32g22s32f32cfl_texture3d_texture2d_half,1,7485.7,0.134142,SKIPPED,,1,59,69,2800,2.0,2026-10-05T04:41:20Z
4w,F1,f01,t128x128k32g22s32f32cfl,llama-3.2-3b,wq_wo,2048,3072,3072,sarc_dev_780m_x_linear_q4gsw_coopmat_t128x128k32g22s32f32cfl_texture3d_texture2d_half,1,4403.4,0.143493,SKIPPED,,1,59,69,2800,2.0,2026-10-05T04:41:20Z
4w,F1,f01,t128x128k32g22s32f32cfl,llama-3.2-1b,wq_wo,2048,2048,2048,sarc_dev_780m_x_linear_q4gsw_coopmat_t128x128k32g22s32f32cfl_texture3d_texture2d_half,1,1995.22,0.145695,SKIPPED,,1,59,69,2800,2.0,2026-10-05T04:41:20Z
