[env] RAM total: 28.9 GiB    Swap total: 24.0 GiB
[env] RADV_GTT_PCT=80 set
[export] mmap-loading checkpoint /home/doremy/llama3_1_8b/original/consolidated.00.pth
[export] checkpoint open in 0.1s
[export] params: 8.03B fp16 (16.1 GiB)
[export] torch.export(strict=True).module() tokens=(1, 128)
[export] strict=True capture done in 22.3s
[export] VulkanQuantizer(w8a16, per-channel symmetric)
[export] prepare_pt2e
[export] prepare_pt2e done in 0.1s
[export] calibration forward (one pass; slow on CPU)
[export] calibration done in 19.1s
[export] convert_pt2e(fold_quantize=True)
[export] convert_pt2e done in 41.2s
[export] torch.export(strict=False) on quantized graph
[export] final export done in 1.9s
[export] to_edge_transform_and_lower (stock VulkanPartitioner)
/usr/lib64/python3.12/copyreg.py:99: FutureWarning: `isinstance(treespec, LeafSpec)` is deprecated, use `isinstance(treespec, TreeSpec) and treespec.is_leaf()` instead.
  return cls.__new__(cls, *args)
/usr/lib64/python3.12/copyreg.py:99: FutureWarning: `isinstance(treespec, LeafSpec)` is deprecated, use `isinstance(treespec, TreeSpec) and treespec.is_leaf()` instead.
  return cls.__new__(cls, *args)
/usr/lib64/python3.12/copyreg.py:99: FutureWarning: `isinstance(treespec, LeafSpec)` is deprecated, use `isinstance(treespec, TreeSpec) and treespec.is_leaf()` instead.
  return cls.__new__(cls, *args)
/usr/lib64/python3.12/copyreg.py:99: FutureWarning: `isinstance(treespec, LeafSpec)` is deprecated, use `isinstance(treespec, TreeSpec) and treespec.is_leaf()` instead.
  return cls.__new__(cls, *args)
/usr/lib64/python3.12/copyreg.py:99: FutureWarning: `isinstance(treespec, LeafSpec)` is deprecated, use `isinstance(treespec, TreeSpec) and treespec.is_leaf()` instead.
  return cls.__new__(cls, *args)
/usr/lib64/python3.12/copyreg.py:99: FutureWarning: `isinstance(treespec, LeafSpec)` is deprecated, use `isinstance(treespec, TreeSpec) and treespec.is_leaf()` instead.
  return cls.__new__(cls, *args)
INFO:root:[Vulkan Partitioner] Due to [no operator implementation], skipping torch.bool: torch.Size([1, 32, 128, 1]) = aten.logical_not.default(torch.bool: torch.Size([1, 32, 128, 1]),  ...)
INFO:root:[Vulkan Partitioner] Due to [no operator implementation], skipping torch.bool: torch.Size([1, 32, 128, 1]) = aten.any.dim(torch.bool: torch.Size([1, 32, 128, 128]), -1, True,  ...)
INFO:root:[Vulkan Partitioner] Due to [no operator implementation], skipping torch.bool: torch.Size([1, 32, 128, 128]) = aten.logical_not.default(torch.bool: torch.Size([1, 32, 128, 128]),  ...)
INFO:root:[Vulkan Partitioner] Due to [no operator implementation], skipping torch.bool: torch.Size([1, 32, 128, 128]) = aten.eq.Scalar(torch.float32: torch.Size([1, 32, 128, 128]), -inf,  ...)
INFO:root:[Vulkan Partitioner] Due to [no operator implementation], skipping torch.float32: torch.Size([1, 32, 128, 128]) = aten.mul.Scalar(torch.float32: torch.Size([1, 32, 128, 128]), 0.29730177875068026,  ...)
INFO:root:[Vulkan Partitioner] Due to [no operator implementation], skipping torch.float32: torch.Size([1, 32, 128, 128]) = aten.mul.Scalar(torch.float32: torch.Size([1, 32, 128, 128]), 0.29730177875068026,  ...)
INFO:root:[Vulkan Partitioner] Due to [no operator implementation], skipping torch.float16: torch.Size([]) = aten::scalar_tensor(0.0,  ...)
INFO:root:[Vulkan Partitioner] Due to [no operator implementation], skipping torch.float16: torch.Size([]) = aten::scalar_tensor(-inf,  ...)
INFO:root:[Vulkan Partitioner] Due to [op does not support high dim tensors], skipping torch.float32: torch.Size([1, 128, 8, 64, 2]) = aten.cat.default([torch.float32: torch.Size([1, 128, 8, 64, 1]), torch.float32: torch.Size([1, 128, 8, 64, 1])], -1,  ...)
INFO:root:[Vulkan Partitioner] Due to [op does not support high dim tensors], skipping torch.float32: torch.Size([1, 128, 32, 64, 2]) = aten.cat.default([torch.float32: torch.Size([1, 128, 32, 64, 1]), torch.float32: torch.Size([1, 128, 32, 64, 1])], -1,  ...)
INFO:root:[Vulkan Partitioner] Due to [no operator implementation], skipping torch.bool: torch.Size([1, 32, 128, 1]) = aten.logical_not.default(torch.bool: torch.Size([1, 32, 128, 1]),  ...)
INFO:root:[Vulkan Partitioner] Due to [no operator implementation], skipping torch.bool: torch.Size([1, 32, 128, 1]) = aten.any.dim(torch.bool: torch.Size([1, 32, 128, 128]), -1, True,  ...)
INFO:root:[Vulkan Partitioner] Due to [no operator implementation], skipping torch.bool: torch.Size([1, 32, 128, 128]) = aten.logical_not.default(torch.bool: torch.Size([1, 32, 128, 128]),  ...)
INFO:root:[Vulkan Partitioner] Due to [no operator implementation], skipping torch.bool: torch.Size([1, 32, 128, 128]) = aten.eq.Scalar(torch.float32: torch.Size([1, 32, 128, 128]), -inf,  ...)
INFO:root:[Vulkan Partitioner] Due to [no operator implementation], skipping torch.float32: torch.Size([1, 32, 128, 128]) = aten.mul.Scalar(torch.float32: torch.Size([1, 32, 128, 128]), 0.29730177875068026,  ...)
INFO:root:[Vulkan Partitioner] Due to [no operator implementation], skipping torch.float32: torch.Size([1, 32, 128, 128]) = aten.mul.Scalar(torch.float32: torch.Size([1, 32, 128, 128]), 0.29730177875068026,  ...)
INFO:root:[Vulkan Partitioner] Due to [no operator implementation], skipping torch.float16: torch.Size([]) = aten::scalar_tensor(0.0,  ...)
INFO:root:[Vulkan Partitioner] Due to [no operator implementation], skipping torch.float16: torch.Size([]) = aten::scalar_tensor(-inf,  ...)
INFO:root:[Vulkan Partitioner] Due to [op does not support high dim tensors], skipping torch.float32: torch.Size([1, 128, 8, 64, 2]) = aten.cat.default([torch.float32: torch.Size([1, 128, 8, 64, 1]), torch.float32: torch.Size([1, 128, 8, 64, 1])], -1,  ...)
INFO:root:[Vulkan Partitioner] Due to [op does not support high dim tensors], skipping torch.float32: torch.Size([1, 128, 32, 64, 2]) = aten.cat.default([torch.float32: torch.Size([1, 128, 32, 64, 1]), torch.float32: torch.Size([1, 128, 32, 64, 1])], -1,  ...)
INFO:root:[Vulkan Partitioner] Due to [no operator implementation], skipping torch.bool: torch.Size([1, 32, 128, 1]) = aten.logical_not.default(torch.bool: torch.Size([1, 32, 128, 1]),  ...)
INFO:root:[Vulkan Partitioner] Due to [no operator implementation], skipping torch.bool: torch.Size([1, 32, 128, 1]) = aten.any.dim(torch.bool: torch.Size([1, 32, 128, 128]), -1, True,  ...)
INFO:root:[Vulkan Partitioner] Due to [no operator implementation], skipping torch.bool: torch.Size([1, 32, 128, 128]) = aten.logical_not.default(torch.bool: torch.Size([1, 32, 128, 128]),  ...)
INFO:root:[Vulkan Partitioner] Due to [no operator implementation], skipping torch.bool: torch.Size([1, 32, 128, 128]) = aten.eq.Scalar(torch.float32: torch.Size([1, 32, 128, 128]), -inf,  ...)
INFO:root:[Vulkan Partitioner] Due to [no operator implementation], skipping torch.float32: torch.Size([1, 32, 128, 128]) = aten.mul.Scalar(torch.float32: torch.Size([1, 32, 128, 128]), 0.29730177875068026,  ...)
INFO:root:[Vulkan Partitioner] Due to [no operator implementation], skipping torch.float32: torch.Size([1, 32, 128, 128]) = aten.mul.Scalar(torch.float32: torch.Size([1, 32, 128, 128]), 0.29730177875068026,  ...)
INFO:root:[Vulkan Partitioner] Due to [no operator implementation], skipping torch.float16: torch.Size([]) = aten::scalar_tensor(0.0,  ...)
INFO:root:[Vulkan Partitioner] Due to [no operator implementation], skipping torch.float16: torch.Size([]) = aten::scalar_tensor(-inf,  ...)
INFO:root:[Vulkan Partitioner] Due to [op does not support high dim tensors], skipping torch.float32: torch.Size([1, 128, 8, 64, 2]) = aten.cat.default([torch.float32: torch.Size([1, 128, 8, 64, 1]), torch.float32: torch.Size([1, 128, 8, 64, 1])], -1,  ...)
INFO:root:[Vulkan Partitioner] Due to [op does not support high dim tensors], skipping torch.float32: torch.Size([1, 128, 32, 64, 2]) = aten.cat.default([torch.float32: torch.Size([1, 128, 32, 64, 1]), torch.float32: torch.Size([1, 128, 32, 64, 1])], -1,  ...)
INFO:root:[Vulkan Partitioner] Due to [no operator implementation], skipping torch.bool: torch.Size([1, 32, 128, 1]) = aten.logical_not.default(torch.bool: torch.Size([1, 32, 128, 1]),  ...)
INFO:root:[Vulkan Partitioner] Due to [no operator implementation], skipping torch.bool: torch.Size([1, 32, 128, 1]) = aten.any.dim(torch.bool: torch.Size([1, 32, 128, 128]), -1, True,  ...)
INFO:root:[Vulkan Partitioner] Due to [no operator implementation], skipping torch.bool: torch.Size([1, 32, 128, 128]) = aten.logical_not.default(torch.bool: torch.Size([1, 32, 128, 128]),  ...)
INFO:root:[Vulkan Partitioner] Due to [no operator implementation], skipping torch.bool: torch.Size([1, 32, 128, 128]) = aten.eq.Scalar(torch.float32: torch.Size([1, 32, 128, 128]), -inf,  ...)
INFO:root:[Vulkan Partitioner] Due to [no operator implementation], skipping torch.float32: torch.Size([1, 32, 128, 128]) = aten.mul.Scalar(torch.float32: torch.Size([1, 32, 128, 128]), 0.29730177875068026,  ...)
INFO:root:[Vulkan Partitioner] Due to [no operator implementation], skipping torch.float32: torch.Size([1, 32, 128, 128]) = aten.mul.Scalar(torch.float32: torch.Size([1, 32, 128, 128]), 0.29730177875068026,  ...)
INFO:root:[Vulkan Partitioner] Due to [no operator implementation], skipping torch.float16: torch.Size([]) = aten::scalar_tensor(0.0,  ...)
INFO:root:[Vulkan Partitioner] Due to [no operator implementation], skipping torch.float16: torch.Size([]) = aten::scalar_tensor(-inf,  ...)
INFO:root:[Vulkan Partitioner] Due to [op does not support high dim tensors], skipping torch.float32: torch.Size([1, 128, 8, 64, 2]) = aten.cat.default([torch.float32: torch.Size([1, 128, 8, 64, 1]), torch.float32: torch.Size([1, 128, 8, 64, 1])], -1,  ...)
INFO:root:[Vulkan Partitioner] Due to [op does not support high dim tensors], skipping torch.float32: torch.Size([1, 128, 32, 64, 2]) = aten.cat.default([torch.float32: torch.Size([1, 128, 32, 64, 1]), torch.float32: torch.Size([1, 128, 32, 64, 1])], -1,  ...)
INFO:root:[Vulkan Partitioner] Due to [no operator implementation], skipping torch.bool: torch.Size([1, 32, 128, 1]) = aten.logical_not.default(torch.bool: torch.Size([1, 32, 128, 1]),  ...)
INFO:root:[Vulkan Partitioner] Due to [no operator implementation], skipping torch.bool: torch.Size([1, 32, 128, 1]) = aten.any.dim(torch.bool: torch.Size([1, 32, 128, 128]), -1, True,  ...)
INFO:root:[Vulkan Partitioner] Due to [no operator implementation], skipping torch.bool: torch.Size([1, 32, 128, 128]) = aten.logical_not.default(torch.bool: torch.Size([1, 32, 128, 128]),  ...)
INFO:root:[Vulkan Partitioner] Due to [no operator implementation], skipping torch.bool: torch.Size([1, 32, 128, 128]) = aten.eq.Scalar(torch.float32: torch.Size([1, 32, 128, 128]), -inf,  ...)
INFO:root:[Vulkan Partitioner] Due to [no operator implementation], skipping torch.float32: torch.Size([1, 32, 128, 128]) = aten.mul.Scalar(torch.float32: torch.Size([1, 32, 128, 128]), 0.29730177875068026,  ...)
INFO:root:[Vulkan Partitioner] Due to [no operator implementation], skipping torch.float32: torch.Size([1, 32, 128, 128]) = aten.mul.Scalar(torch.float32: torch.Size([1, 32, 128, 128]), 0.29730177875068026,  ...)
INFO:root:[Vulkan Partitioner] Due to [no operator implementation], skipping torch.float16: torch.Size([]) = aten::scalar_tensor(0.0,  ...)
INFO:root:[Vulkan Partitioner] Due to [no operator implementation], skipping torch.float16: torch.Size([]) = aten::scalar_tensor(-inf,  ...)
INFO:root:[Vulkan Partitioner] Due to [op does not support high dim tensors], skipping torch.float32: torch.Size([1, 128, 8, 64, 2]) = aten.cat.default([torch.float32: torch.Size([1, 128, 8, 64, 1]), torch.float32: torch.Size([1, 128, 8, 64, 1])], -1,  ...)
INFO:root:[Vulkan Partitioner] Due to [op does not support high dim tensors], skipping torch.float32: torch.Size([1, 128, 32, 64, 2]) = aten.cat.default([torch.float32: torch.Size([1, 128, 32, 64, 1]), torch.float32: torch.Size([1, 128, 32, 64, 1])], -1,  ...)
INFO:root:[Vulkan Partitioner] Due to [no operator implementation], skipping torch.bool: torch.Size([1, 32, 128, 1]) = aten.logical_not.default(torch.bool: torch.Size([1, 32, 128, 1]),  ...)
INFO:root:[Vulkan Partitioner] Due to [no operator implementation], skipping torch.bool: torch.Size([1, 32, 128, 1]) = aten.any.dim(torch.bool: torch.Size([1, 32, 128, 128]), -1, True,  ...)
INFO:root:[Vulkan Partitioner] Due to [no operator implementation], skipping torch.bool: torch.Size([1, 32, 128, 128]) = aten.logical_not.default(torch.bool: torch.Size([1, 32, 128, 128]),  ...)
INFO:root:[Vulkan Partitioner] Due to [no operator implementation], skipping torch.bool: torch.Size([1, 32, 128, 128]) = aten.eq.Scalar(torch.float32: torch.Size([1, 32, 128, 128]), -inf,  ...)
INFO:root:[Vulkan Partitioner] Due to [no operator implementation], skipping torch.float32: torch.Size([1, 32, 128, 128]) = aten.mul.Scalar(torch.float32: torch.Size([1, 32, 128, 128]), 0.29730177875068026,  ...)
INFO:root:[Vulkan Partitioner] Due to [no operator implementation], skipping torch.float32: torch.Size([1, 32, 128, 128]) = aten.mul.Scalar(torch.float32: torch.Size([1, 32, 128, 128]), 0.29730177875068026,  ...)
INFO:root:[Vulkan Partitioner] Due to [no operator implementation], skipping torch.float16: torch.Size([]) = aten::scalar_tensor(0.0,  ...)
INFO:root:[Vulkan Partitioner] Due to [no operator implementation], skipping torch.float16: torch.Size([]) = aten::scalar_tensor(-inf,  ...)
INFO:root:[Vulkan Partitioner] Due to [op does not support high dim tensors], skipping torch.float32: torch.Size([1, 128, 8, 64, 2]) = aten.cat.default([torch.float32: torch.Size([1, 128, 8, 64, 1]), torch.float32: torch.Size([1, 128, 8, 64, 1])], -1,  ...)
INFO:root:[Vulkan Partitioner] Due to [op does not support high dim tensors], skipping torch.float32: torch.Size([1, 128, 32, 64, 2]) = aten.cat.default([torch.float32: torch.Size([1, 128, 32, 64, 1]), torch.float32: torch.Size([1, 128, 32, 64, 1])], -1,  ...)
INFO:root:[Vulkan Partitioner] Due to [no operator implementation], skipping torch.bool: torch.Size([1, 32, 128, 1]) = aten.logical_not.default(torch.bool: torch.Size([1, 32, 128, 1]),  ...)
INFO:root:[Vulkan Partitioner] Due to [no operator implementation], skipping torch.bool: torch.Size([1, 32, 128, 1]) = aten.any.dim(torch.bool: torch.Size([1, 32, 128, 128]), -1, True,  ...)
INFO:root:[Vulkan Partitioner] Due to [no operator implementation], skipping torch.bool: torch.Size([1, 32, 128, 128]) = aten.logical_not.default(torch.bool: torch.Size([1, 32, 128, 128]),  ...)
INFO:root:[Vulkan Partitioner] Due to [no operator implementation], skipping torch.bool: torch.Size([1, 32, 128, 128]) = aten.eq.Scalar(torch.float32: torch.Size([1, 32, 128, 128]), -inf,  ...)
INFO:root:[Vulkan Partitioner] Due to [no operator implementation], skipping torch.float32: torch.Size([1, 32, 128, 128]) = aten.mul.Scalar(torch.float32: torch.Size([1, 32, 128, 128]), 0.29730177875068026,  ...)
INFO:root:[Vulkan Partitioner] Due to [no operator implementation], skipping torch.float32: torch.Size([1, 32, 128, 128]) = aten.mul.Scalar(torch.float32: torch.Size([1, 32, 128, 128]), 0.29730177875068026,  ...)
INFO:root:[Vulkan Partitioner] Due to [no operator implementation], skipping torch.float16: torch.Size([]) = aten::scalar_tensor(0.0,  ...)
INFO:root:[Vulkan Partitioner] Due to [no operator implementation], skipping torch.float16: torch.Size([]) = aten::scalar_tensor(-inf,  ...)
INFO:root:[Vulkan Partitioner] Due to [op does not support high dim tensors], skipping torch.float32: torch.Size([1, 128, 8, 64, 2]) = aten.cat.default([torch.float32: torch.Size([1, 128, 8, 64, 1]), torch.float32: torch.Size([1, 128, 8, 64, 1])], -1,  ...)
INFO:root:[Vulkan Partitioner] Due to [op does not support high dim tensors], skipping torch.float32: torch.Size([1, 128, 32, 64, 2]) = aten.cat.default([torch.float32: torch.Size([1, 128, 32, 64, 1]), torch.float32: torch.Size([1, 128, 32, 64, 1])], -1,  ...)
INFO:root:[Vulkan Partitioner] Due to [no operator implementation], skipping torch.bool: torch.Size([1, 32, 128, 1]) = aten.logical_not.default(torch.bool: torch.Size([1, 32, 128, 1]),  ...)
INFO:root:[Vulkan Partitioner] Due to [no operator implementation], skipping torch.bool: torch.Size([1, 32, 128, 1]) = aten.any.dim(torch.bool: torch.Size([1, 32, 128, 128]), -1, True,  ...)
INFO:root:[Vulkan Partitioner] Due to [no operator implementation], skipping torch.bool: torch.Size([1, 32, 128, 128]) = aten.logical_not.default(torch.bool: torch.Size([1, 32, 128, 128]),  ...)
INFO:root:[Vulkan Partitioner] Due to [no operator implementation], skipping torch.bool: torch.Size([1, 32, 128, 128]) = aten.eq.Scalar(torch.float32: torch.Size([1, 32, 128, 128]), -inf,  ...)
INFO:root:[Vulkan Partitioner] Due to [no operator implementation], skipping torch.float32: torch.Size([1, 32, 128, 128]) = aten.mul.Scalar(torch.float32: torch.Size([1, 32, 128, 128]), 0.29730177875068026,  ...)
INFO:root:[Vulkan Partitioner] Due to [no operator implementation], skipping torch.float32: torch.Size([1, 32, 128, 128]) = aten.mul.Scalar(torch.float32: torch.Size([1, 32, 128, 128]), 0.29730177875068026,  ...)
INFO:root:[Vulkan Partitioner] Due to [no operator implementation], skipping torch.float16: torch.Size([]) = aten::scalar_tensor(0.0,  ...)
INFO:root:[Vulkan Partitioner] Due to [no operator implementation], skipping torch.float16: torch.Size([]) = aten::scalar_tensor(-inf,  ...)
INFO:root:[Vulkan Partitioner] Due to [op does not support high dim tensors], skipping torch.float32: torch.Size([1, 128, 8, 64, 2]) = aten.cat.default([torch.float32: torch.Size([1, 128, 8, 64, 1]), torch.float32: torch.Size([1, 128, 8, 64, 1])], -1,  ...)
INFO:root:[Vulkan Partitioner] Due to [op does not support high dim tensors], skipping torch.float32: torch.Size([1, 128, 32, 64, 2]) = aten.cat.default([torch.float32: torch.Size([1, 128, 32, 64, 1]), torch.float32: torch.Size([1, 128, 32, 64, 1])], -1,  ...)
INFO:root:[Vulkan Partitioner] Due to [no operator implementation], skipping torch.bool: torch.Size([1, 32, 128, 1]) = aten.logical_not.default(torch.bool: torch.Size([1, 32, 128, 1]),  ...)
INFO:root:[Vulkan Partitioner] Due to [no operator implementation], skipping torch.bool: torch.Size([1, 32, 128, 1]) = aten.any.dim(torch.bool: torch.Size([1, 32, 128, 128]), -1, True,  ...)
INFO:root:[Vulkan Partitioner] Due to [no operator implementation], skipping torch.bool: torch.Size([1, 32, 128, 128]) = aten.logical_not.default(torch.bool: torch.Size([1, 32, 128, 128]),  ...)
INFO:root:[Vulkan Partitioner] Due to [no operator implementation], skipping torch.bool: torch.Size([1, 32, 128, 128]) = aten.eq.Scalar(torch.float32: torch.Size([1, 32, 128, 128]), -inf,  ...)
INFO:root:[Vulkan Partitioner] Due to [no operator implementation], skipping torch.float32: torch.Size([1, 32, 128, 128]) = aten.mul.Scalar(torch.float32: torch.Size([1, 32, 128, 128]), 0.29730177875068026,  ...)
INFO:root:[Vulkan Partitioner] Due to [no operator implementation], skipping torch.float32: torch.Size([1, 32, 128, 128]) = aten.mul.Scalar(torch.float32: torch.Size([1, 32, 128, 128]), 0.29730177875068026,  ...)
INFO:root:[Vulkan Partitioner] Due to [no operator implementation], skipping torch.float16: torch.Size([]) = aten::scalar_tensor(0.0,  ...)
INFO:root:[Vulkan Partitioner] Due to [no operator implementation], skipping torch.float16: torch.Size([]) = aten::scalar_tensor(-inf,  ...)
INFO:root:[Vulkan Partitioner] Due to [op does not support high dim tensors], skipping torch.float32: torch.Size([1, 128, 8, 64, 2]) = aten.cat.default([torch.float32: torch.Size([1, 128, 8, 64, 1]), torch.float32: torch.Size([1, 128, 8, 64, 1])], -1,  ...)
INFO:root:[Vulkan Partitioner] Due to [op does not support high dim tensors], skipping torch.float32: torch.Size([1, 128, 32, 64, 2]) = aten.cat.default([torch.float32: torch.Size([1, 128, 32, 64, 1]), torch.float32: torch.Size([1, 128, 32, 64, 1])], -1,  ...)
INFO:root:[Vulkan Partitioner] Due to [no operator implementation], skipping torch.bool: torch.Size([1, 32, 128, 1]) = aten.logical_not.default(torch.bool: torch.Size([1, 32, 128, 1]),  ...)
INFO:root:[Vulkan Partitioner] Due to [no operator implementation], skipping torch.bool: torch.Size([1, 32, 128, 1]) = aten.any.dim(torch.bool: torch.Size([1, 32, 128, 128]), -1, True,  ...)
INFO:root:[Vulkan Partitioner] Due to [no operator implementation], skipping torch.bool: torch.Size([1, 32, 128, 128]) = aten.logical_not.default(torch.bool: torch.Size([1, 32, 128, 128]),  ...)
INFO:root:[Vulkan Partitioner] Due to [no operator implementation], skipping torch.bool: torch.Size([1, 32, 128, 128]) = aten.eq.Scalar(torch.float32: torch.Size([1, 32, 128, 128]), -inf,  ...)
INFO:root:[Vulkan Partitioner] Due to [no operator implementation], skipping torch.float32: torch.Size([1, 32, 128, 128]) = aten.mul.Scalar(torch.float32: torch.Size([1, 32, 128, 128]), 0.29730177875068026,  ...)
INFO:root:[Vulkan Partitioner] Due to [no operator implementation], skipping torch.float32: torch.Size([1, 32, 128, 128]) = aten.mul.Scalar(torch.float32: torch.Size([1, 32, 128, 128]), 0.29730177875068026,  ...)
INFO:root:[Vulkan Partitioner] Due to [no operator implementation], skipping torch.float16: torch.Size([]) = aten::scalar_tensor(0.0,  ...)
INFO:root:[Vulkan Partitioner] Due to [no operator implementation], skipping torch.float16: torch.Size([]) = aten::scalar_tensor(-inf,  ...)
INFO:root:[Vulkan Partitioner] Due to [op does not support high dim tensors], skipping torch.float32: torch.Size([1, 128, 8, 64, 2]) = aten.cat.default([torch.float32: torch.Size([1, 128, 8, 64, 1]), torch.float32: torch.Size([1, 128, 8, 64, 1])], -1,  ...)
INFO:root:[Vulkan Partitioner] Due to [op does not support high dim tensors], skipping torch.float32: torch.Size([1, 128, 32, 64, 2]) = aten.cat.default([torch.float32: torch.Size([1, 128, 32, 64, 1]), torch.float32: torch.Size([1, 128, 32, 64, 1])], -1,  ...)
INFO:root:[Vulkan Partitioner] Due to [no operator implementation], skipping torch.bool: torch.Size([1, 32, 128, 1]) = aten.logical_not.default(torch.bool: torch.Size([1, 32, 128, 1]),  ...)
INFO:root:[Vulkan Partitioner] Due to [no operator implementation], skipping torch.bool: torch.Size([1, 32, 128, 1]) = aten.any.dim(torch.bool: torch.Size([1, 32, 128, 128]), -1, True,  ...)
INFO:root:[Vulkan Partitioner] Due to [no operator implementation], skipping torch.bool: torch.Size([1, 32, 128, 128]) = aten.logical_not.default(torch.bool: torch.Size([1, 32, 128, 128]),  ...)
INFO:root:[Vulkan Partitioner] Due to [no operator implementation], skipping torch.bool: torch.Size([1, 32, 128, 128]) = aten.eq.Scalar(torch.float32: torch.Size([1, 32, 128, 128]), -inf,  ...)
INFO:root:[Vulkan Partitioner] Due to [no operator implementation], skipping torch.float32: torch.Size([1, 32, 128, 128]) = aten.mul.Scalar(torch.float32: torch.Size([1, 32, 128, 128]), 0.29730177875068026,  ...)
INFO:root:[Vulkan Partitioner] Due to [no operator implementation], skipping torch.float32: torch.Size([1, 32, 128, 128]) = aten.mul.Scalar(torch.float32: torch.Size([1, 32, 128, 128]), 0.29730177875068026,  ...)
INFO:root:[Vulkan Partitioner] Due to [no operator implementation], skipping torch.float16: torch.Size([]) = aten::scalar_tensor(0.0,  ...)
INFO:root:[Vulkan Partitioner] Due to [no operator implementation], skipping torch.float16: torch.Size([]) = aten::scalar_tensor(-inf,  ...)
INFO:root:[Vulkan Partitioner] Due to [op does not support high dim tensors], skipping torch.float32: torch.Size([1, 128, 8, 64, 2]) = aten.cat.default([torch.float32: torch.Size([1, 128, 8, 64, 1]), torch.float32: torch.Size([1, 128, 8, 64, 1])], -1,  ...)
INFO:root:[Vulkan Partitioner] Due to [op does not support high dim tensors], skipping torch.float32: torch.Size([1, 128, 32, 64, 2]) = aten.cat.default([torch.float32: torch.Size([1, 128, 32, 64, 1]), torch.float32: torch.Size([1, 128, 32, 64, 1])], -1,  ...)
INFO:root:[Vulkan Partitioner] Due to [no operator implementation], skipping torch.bool: torch.Size([1, 32, 128, 1]) = aten.logical_not.default(torch.bool: torch.Size([1, 32, 128, 1]),  ...)
INFO:root:[Vulkan Partitioner] Due to [no operator implementation], skipping torch.bool: torch.Size([1, 32, 128, 1]) = aten.any.dim(torch.bool: torch.Size([1, 32, 128, 128]), -1, True,  ...)
INFO:root:[Vulkan Partitioner] Due to [no operator implementation], skipping torch.bool: torch.Size([1, 32, 128, 128]) = aten.logical_not.default(torch.bool: torch.Size([1, 32, 128, 128]),  ...)
INFO:root:[Vulkan Partitioner] Due to [no operator implementation], skipping torch.bool: torch.Size([1, 32, 128, 128]) = aten.eq.Scalar(torch.float32: torch.Size([1, 32, 128, 128]), -inf,  ...)
INFO:root:[Vulkan Partitioner] Due to [no operator implementation], skipping torch.float32: torch.Size([1, 32, 128, 128]) = aten.mul.Scalar(torch.float32: torch.Size([1, 32, 128, 128]), 0.29730177875068026,  ...)
INFO:root:[Vulkan Partitioner] Due to [no operator implementation], skipping torch.float32: torch.Size([1, 32, 128, 128]) = aten.mul.Scalar(torch.float32: torch.Size([1, 32, 128, 128]), 0.29730177875068026,  ...)
INFO:root:[Vulkan Partitioner] Due to [no operator implementation], skipping torch.float16: torch.Size([]) = aten::scalar_tensor(0.0,  ...)
INFO:root:[Vulkan Partitioner] Due to [no operator implementation], skipping torch.float16: torch.Size([]) = aten::scalar_tensor(-inf,  ...)
INFO:root:[Vulkan Partitioner] Due to [op does not support high dim tensors], skipping torch.float32: torch.Size([1, 128, 8, 64, 2]) = aten.cat.default([torch.float32: torch.Size([1, 128, 8, 64, 1]), torch.float32: torch.Size([1, 128, 8, 64, 1])], -1,  ...)
INFO:root:[Vulkan Partitioner] Due to [op does not support high dim tensors], skipping torch.float32: torch.Size([1, 128, 32, 64, 2]) = aten.cat.default([torch.float32: torch.Size([1, 128, 32, 64, 1]), torch.float32: torch.Size([1, 128, 32, 64, 1])], -1,  ...)
INFO:root:[Vulkan Partitioner] Due to [no operator implementation], skipping torch.bool: torch.Size([1, 32, 128, 1]) = aten.logical_not.default(torch.bool: torch.Size([1, 32, 128, 1]),  ...)
INFO:root:[Vulkan Partitioner] Due to [no operator implementation], skipping torch.bool: torch.Size([1, 32, 128, 1]) = aten.any.dim(torch.bool: torch.Size([1, 32, 128, 128]), -1, True,  ...)
INFO:root:[Vulkan Partitioner] Due to [no operator implementation], skipping torch.bool: torch.Size([1, 32, 128, 128]) = aten.logical_not.default(torch.bool: torch.Size([1, 32, 128, 128]),  ...)
INFO:root:[Vulkan Partitioner] Due to [no operator implementation], skipping torch.bool: torch.Size([1, 32, 128, 128]) = aten.eq.Scalar(torch.float32: torch.Size([1, 32, 128, 128]), -inf,  ...)
INFO:root:[Vulkan Partitioner] Due to [no operator implementation], skipping torch.float32: torch.Size([1, 32, 128, 128]) = aten.mul.Scalar(torch.float32: torch.Size([1, 32, 128, 128]), 0.29730177875068026,  ...)
INFO:root:[Vulkan Partitioner] Due to [no operator implementation], skipping torch.float32: torch.Size([1, 32, 128, 128]) = aten.mul.Scalar(torch.float32: torch.Size([1, 32, 128, 128]), 0.29730177875068026,  ...)
INFO:root:[Vulkan Partitioner] Due to [no operator implementation], skipping torch.float16: torch.Size([]) = aten::scalar_tensor(0.0,  ...)
INFO:root:[Vulkan Partitioner] Due to [no operator implementation], skipping torch.float16: torch.Size([]) = aten::scalar_tensor(-inf,  ...)
INFO:root:[Vulkan Partitioner] Due to [op does not support high dim tensors], skipping torch.float32: torch.Size([1, 128, 8, 64, 2]) = aten.cat.default([torch.float32: torch.Size([1, 128, 8, 64, 1]), torch.float32: torch.Size([1, 128, 8, 64, 1])], -1,  ...)
INFO:root:[Vulkan Partitioner] Due to [op does not support high dim tensors], skipping torch.float32: torch.Size([1, 128, 32, 64, 2]) = aten.cat.default([torch.float32: torch.Size([1, 128, 32, 64, 1]), torch.float32: torch.Size([1, 128, 32, 64, 1])], -1,  ...)
INFO:root:[Vulkan Partitioner] Due to [no operator implementation], skipping torch.bool: torch.Size([1, 32, 128, 1]) = aten.logical_not.default(torch.bool: torch.Size([1, 32, 128, 1]),  ...)
INFO:root:[Vulkan Partitioner] Due to [no operator implementation], skipping torch.bool: torch.Size([1, 32, 128, 1]) = aten.any.dim(torch.bool: torch.Size([1, 32, 128, 128]), -1, True,  ...)
INFO:root:[Vulkan Partitioner] Due to [no operator implementation], skipping torch.bool: torch.Size([1, 32, 128, 128]) = aten.logical_not.default(torch.bool: torch.Size([1, 32, 128, 128]),  ...)
INFO:root:[Vulkan Partitioner] Due to [no operator implementation], skipping torch.bool: torch.Size([1, 32, 128, 128]) = aten.eq.Scalar(torch.float32: torch.Size([1, 32, 128, 128]), -inf,  ...)
INFO:root:[Vulkan Partitioner] Due to [no operator implementation], skipping torch.float32: torch.Size([1, 32, 128, 128]) = aten.mul.Scalar(torch.float32: torch.Size([1, 32, 128, 128]), 0.29730177875068026,  ...)
INFO:root:[Vulkan Partitioner] Due to [no operator implementation], skipping torch.float32: torch.Size([1, 32, 128, 128]) = aten.mul.Scalar(torch.float32: torch.Size([1, 32, 128, 128]), 0.29730177875068026,  ...)
INFO:root:[Vulkan Partitioner] Due to [no operator implementation], skipping torch.float16: torch.Size([]) = aten::scalar_tensor(0.0,  ...)
INFO:root:[Vulkan Partitioner] Due to [no operator implementation], skipping torch.float16: torch.Size([]) = aten::scalar_tensor(-inf,  ...)
INFO:root:[Vulkan Partitioner] Due to [op does not support high dim tensors], skipping torch.float32: torch.Size([1, 128, 8, 64, 2]) = aten.cat.default([torch.float32: torch.Size([1, 128, 8, 64, 1]), torch.float32: torch.Size([1, 128, 8, 64, 1])], -1,  ...)
INFO:root:[Vulkan Partitioner] Due to [op does not support high dim tensors], skipping torch.float32: torch.Size([1, 128, 32, 64, 2]) = aten.cat.default([torch.float32: torch.Size([1, 128, 32, 64, 1]), torch.float32: torch.Size([1, 128, 32, 64, 1])], -1,  ...)
INFO:root:[Vulkan Partitioner] Due to [no operator implementation], skipping torch.bool: torch.Size([1, 32, 128, 1]) = aten.logical_not.default(torch.bool: torch.Size([1, 32, 128, 1]),  ...)
INFO:root:[Vulkan Partitioner] Due to [no operator implementation], skipping torch.bool: torch.Size([1, 32, 128, 1]) = aten.any.dim(torch.bool: torch.Size([1, 32, 128, 128]), -1, True,  ...)
INFO:root:[Vulkan Partitioner] Due to [no operator implementation], skipping torch.bool: torch.Size([1, 32, 128, 128]) = aten.logical_not.default(torch.bool: torch.Size([1, 32, 128, 128]),  ...)
INFO:root:[Vulkan Partitioner] Due to [no operator implementation], skipping torch.bool: torch.Size([1, 32, 128, 128]) = aten.eq.Scalar(torch.float32: torch.Size([1, 32, 128, 128]), -inf,  ...)
INFO:root:[Vulkan Partitioner] Due to [no operator implementation], skipping torch.float32: torch.Size([1, 32, 128, 128]) = aten.mul.Scalar(torch.float32: torch.Size([1, 32, 128, 128]), 0.29730177875068026,  ...)
INFO:root:[Vulkan Partitioner] Due to [no operator implementation], skipping torch.float32: torch.Size([1, 32, 128, 128]) = aten.mul.Scalar(torch.float32: torch.Size([1, 32, 128, 128]), 0.29730177875068026,  ...)
INFO:root:[Vulkan Partitioner] Due to [no operator implementation], skipping torch.float16: torch.Size([]) = aten::scalar_tensor(0.0,  ...)
INFO:root:[Vulkan Partitioner] Due to [no operator implementation], skipping torch.float16: torch.Size([]) = aten::scalar_tensor(-inf,  ...)
INFO:root:[Vulkan Partitioner] Due to [op does not support high dim tensors], skipping torch.float32: torch.Size([1, 128, 8, 64, 2]) = aten.cat.default([torch.float32: torch.Size([1, 128, 8, 64, 1]), torch.float32: torch.Size([1, 128, 8, 64, 1])], -1,  ...)
INFO:root:[Vulkan Partitioner] Due to [op does not support high dim tensors], skipping torch.float32: torch.Size([1, 128, 32, 64, 2]) = aten.cat.default([torch.float32: torch.Size([1, 128, 32, 64, 1]), torch.float32: torch.Size([1, 128, 32, 64, 1])], -1,  ...)
INFO:root:[Vulkan Partitioner] Due to [no operator implementation], skipping torch.bool: torch.Size([1, 32, 128, 1]) = aten.logical_not.default(torch.bool: torch.Size([1, 32, 128, 1]),  ...)
INFO:root:[Vulkan Partitioner] Due to [no operator implementation], skipping torch.bool: torch.Size([1, 32, 128, 1]) = aten.any.dim(torch.bool: torch.Size([1, 32, 128, 128]), -1, True,  ...)
INFO:root:[Vulkan Partitioner] Due to [no operator implementation], skipping torch.bool: torch.Size([1, 32, 128, 128]) = aten.logical_not.default(torch.bool: torch.Size([1, 32, 128, 128]),  ...)
INFO:root:[Vulkan Partitioner] Due to [no operator implementation], skipping torch.bool: torch.Size([1, 32, 128, 128]) = aten.eq.Scalar(torch.float32: torch.Size([1, 32, 128, 128]), -inf,  ...)
INFO:root:[Vulkan Partitioner] Due to [no operator implementation], skipping torch.float32: torch.Size([1, 32, 128, 128]) = aten.mul.Scalar(torch.float32: torch.Size([1, 32, 128, 128]), 0.29730177875068026,  ...)
INFO:root:[Vulkan Partitioner] Due to [no operator implementation], skipping torch.float32: torch.Size([1, 32, 128, 128]) = aten.mul.Scalar(torch.float32: torch.Size([1, 32, 128, 128]), 0.29730177875068026,  ...)
INFO:root:[Vulkan Partitioner] Due to [no operator implementation], skipping torch.float16: torch.Size([]) = aten::scalar_tensor(0.0,  ...)
INFO:root:[Vulkan Partitioner] Due to [no operator implementation], skipping torch.float16: torch.Size([]) = aten::scalar_tensor(-inf,  ...)
INFO:root:[Vulkan Partitioner] Due to [op does not support high dim tensors], skipping torch.float32: torch.Size([1, 128, 8, 64, 2]) = aten.cat.default([torch.float32: torch.Size([1, 128, 8, 64, 1]), torch.float32: torch.Size([1, 128, 8, 64, 1])], -1,  ...)
INFO:root:[Vulkan Partitioner] Due to [op does not support high dim tensors], skipping torch.float32: torch.Size([1, 128, 32, 64, 2]) = aten.cat.default([torch.float32: torch.Size([1, 128, 32, 64, 1]), torch.float32: torch.Size([1, 128, 32, 64, 1])], -1,  ...)
INFO:root:[Vulkan Partitioner] Due to [no operator implementation], skipping torch.bool: torch.Size([1, 32, 128, 1]) = aten.logical_not.default(torch.bool: torch.Size([1, 32, 128, 1]),  ...)
INFO:root:[Vulkan Partitioner] Due to [no operator implementation], skipping torch.bool: torch.Size([1, 32, 128, 1]) = aten.any.dim(torch.bool: torch.Size([1, 32, 128, 128]), -1, True,  ...)
INFO:root:[Vulkan Partitioner] Due to [no operator implementation], skipping torch.bool: torch.Size([1, 32, 128, 128]) = aten.logical_not.default(torch.bool: torch.Size([1, 32, 128, 128]),  ...)
INFO:root:[Vulkan Partitioner] Due to [no operator implementation], skipping torch.bool: torch.Size([1, 32, 128, 128]) = aten.eq.Scalar(torch.float32: torch.Size([1, 32, 128, 128]), -inf,  ...)
INFO:root:[Vulkan Partitioner] Due to [no operator implementation], skipping torch.float32: torch.Size([1, 32, 128, 128]) = aten.mul.Scalar(torch.float32: torch.Size([1, 32, 128, 128]), 0.29730177875068026,  ...)
INFO:root:[Vulkan Partitioner] Due to [no operator implementation], skipping torch.float32: torch.Size([1, 32, 128, 128]) = aten.mul.Scalar(torch.float32: torch.Size([1, 32, 128, 128]), 0.29730177875068026,  ...)
INFO:root:[Vulkan Partitioner] Due to [no operator implementation], skipping torch.float16: torch.Size([]) = aten::scalar_tensor(0.0,  ...)
INFO:root:[Vulkan Partitioner] Due to [no operator implementation], skipping torch.float16: torch.Size([]) = aten::scalar_tensor(-inf,  ...)
INFO:root:[Vulkan Partitioner] Due to [op does not support high dim tensors], skipping torch.float32: torch.Size([1, 128, 8, 64, 2]) = aten.cat.default([torch.float32: torch.Size([1, 128, 8, 64, 1]), torch.float32: torch.Size([1, 128, 8, 64, 1])], -1,  ...)
INFO:root:[Vulkan Partitioner] Due to [op does not support high dim tensors], skipping torch.float32: torch.Size([1, 128, 32, 64, 2]) = aten.cat.default([torch.float32: torch.Size([1, 128, 32, 64, 1]), torch.float32: torch.Size([1, 128, 32, 64, 1])], -1,  ...)
INFO:root:[Vulkan Partitioner] Due to [no operator implementation], skipping torch.bool: torch.Size([1, 32, 128, 1]) = aten.logical_not.default(torch.bool: torch.Size([1, 32, 128, 1]),  ...)
INFO:root:[Vulkan Partitioner] Due to [no operator implementation], skipping torch.bool: torch.Size([1, 32, 128, 1]) = aten.any.dim(torch.bool: torch.Size([1, 32, 128, 128]), -1, True,  ...)
INFO:root:[Vulkan Partitioner] Due to [no operator implementation], skipping torch.bool: torch.Size([1, 32, 128, 128]) = aten.logical_not.default(torch.bool: torch.Size([1, 32, 128, 128]),  ...)
INFO:root:[Vulkan Partitioner] Due to [no operator implementation], skipping torch.bool: torch.Size([1, 32, 128, 128]) = aten.eq.Scalar(torch.float32: torch.Size([1, 32, 128, 128]), -inf,  ...)
INFO:root:[Vulkan Partitioner] Due to [no operator implementation], skipping torch.float32: torch.Size([1, 32, 128, 128]) = aten.mul.Scalar(torch.float32: torch.Size([1, 32, 128, 128]), 0.29730177875068026,  ...)
INFO:root:[Vulkan Partitioner] Due to [no operator implementation], skipping torch.float32: torch.Size([1, 32, 128, 128]) = aten.mul.Scalar(torch.float32: torch.Size([1, 32, 128, 128]), 0.29730177875068026,  ...)
INFO:root:[Vulkan Partitioner] Due to [no operator implementation], skipping torch.float16: torch.Size([]) = aten::scalar_tensor(0.0,  ...)
INFO:root:[Vulkan Partitioner] Due to [no operator implementation], skipping torch.float16: torch.Size([]) = aten::scalar_tensor(-inf,  ...)
INFO:root:[Vulkan Partitioner] Due to [op does not support high dim tensors], skipping torch.float32: torch.Size([1, 128, 8, 64, 2]) = aten.cat.default([torch.float32: torch.Size([1, 128, 8, 64, 1]), torch.float32: torch.Size([1, 128, 8, 64, 1])], -1,  ...)
INFO:root:[Vulkan Partitioner] Due to [op does not support high dim tensors], skipping torch.float32: torch.Size([1, 128, 32, 64, 2]) = aten.cat.default([torch.float32: torch.Size([1, 128, 32, 64, 1]), torch.float32: torch.Size([1, 128, 32, 64, 1])], -1,  ...)
INFO:root:[Vulkan Partitioner] Due to [no operator implementation], skipping torch.bool: torch.Size([1, 32, 128, 1]) = aten.logical_not.default(torch.bool: torch.Size([1, 32, 128, 1]),  ...)
INFO:root:[Vulkan Partitioner] Due to [no operator implementation], skipping torch.bool: torch.Size([1, 32, 128, 1]) = aten.any.dim(torch.bool: torch.Size([1, 32, 128, 128]), -1, True,  ...)
INFO:root:[Vulkan Partitioner] Due to [no operator implementation], skipping torch.bool: torch.Size([1, 32, 128, 128]) = aten.logical_not.default(torch.bool: torch.Size([1, 32, 128, 128]),  ...)
INFO:root:[Vulkan Partitioner] Due to [no operator implementation], skipping torch.bool: torch.Size([1, 32, 128, 128]) = aten.eq.Scalar(torch.float32: torch.Size([1, 32, 128, 128]), -inf,  ...)
INFO:root:[Vulkan Partitioner] Due to [no operator implementation], skipping torch.float32: torch.Size([1, 32, 128, 128]) = aten.mul.Scalar(torch.float32: torch.Size([1, 32, 128, 128]), 0.29730177875068026,  ...)
INFO:root:[Vulkan Partitioner] Due to [no operator implementation], skipping torch.float32: torch.Size([1, 32, 128, 128]) = aten.mul.Scalar(torch.float32: torch.Size([1, 32, 128, 128]), 0.29730177875068026,  ...)
INFO:root:[Vulkan Partitioner] Due to [no operator implementation], skipping torch.float16: torch.Size([]) = aten::scalar_tensor(0.0,  ...)
INFO:root:[Vulkan Partitioner] Due to [no operator implementation], skipping torch.float16: torch.Size([]) = aten::scalar_tensor(-inf,  ...)
INFO:root:[Vulkan Partitioner] Due to [op does not support high dim tensors], skipping torch.float32: torch.Size([1, 128, 8, 64, 2]) = aten.cat.default([torch.float32: torch.Size([1, 128, 8, 64, 1]), torch.float32: torch.Size([1, 128, 8, 64, 1])], -1,  ...)
INFO:root:[Vulkan Partitioner] Due to [op does not support high dim tensors], skipping torch.float32: torch.Size([1, 128, 32, 64, 2]) = aten.cat.default([torch.float32: torch.Size([1, 128, 32, 64, 1]), torch.float32: torch.Size([1, 128, 32, 64, 1])], -1,  ...)
INFO:root:[Vulkan Partitioner] Due to [no operator implementation], skipping torch.bool: torch.Size([1, 32, 128, 1]) = aten.logical_not.default(torch.bool: torch.Size([1, 32, 128, 1]),  ...)
INFO:root:[Vulkan Partitioner] Due to [no operator implementation], skipping torch.bool: torch.Size([1, 32, 128, 1]) = aten.any.dim(torch.bool: torch.Size([1, 32, 128, 128]), -1, True,  ...)
INFO:root:[Vulkan Partitioner] Due to [no operator implementation], skipping torch.bool: torch.Size([1, 32, 128, 128]) = aten.logical_not.default(torch.bool: torch.Size([1, 32, 128, 128]),  ...)
INFO:root:[Vulkan Partitioner] Due to [no operator implementation], skipping torch.bool: torch.Size([1, 32, 128, 128]) = aten.eq.Scalar(torch.float32: torch.Size([1, 32, 128, 128]), -inf,  ...)
INFO:root:[Vulkan Partitioner] Due to [no operator implementation], skipping torch.float32: torch.Size([1, 32, 128, 128]) = aten.mul.Scalar(torch.float32: torch.Size([1, 32, 128, 128]), 0.29730177875068026,  ...)
INFO:root:[Vulkan Partitioner] Due to [no operator implementation], skipping torch.float32: torch.Size([1, 32, 128, 128]) = aten.mul.Scalar(torch.float32: torch.Size([1, 32, 128, 128]), 0.29730177875068026,  ...)
INFO:root:[Vulkan Partitioner] Due to [no operator implementation], skipping torch.float16: torch.Size([]) = aten::scalar_tensor(0.0,  ...)
INFO:root:[Vulkan Partitioner] Due to [no operator implementation], skipping torch.float16: torch.Size([]) = aten::scalar_tensor(-inf,  ...)
INFO:root:[Vulkan Partitioner] Due to [op does not support high dim tensors], skipping torch.float32: torch.Size([1, 128, 8, 64, 2]) = aten.cat.default([torch.float32: torch.Size([1, 128, 8, 64, 1]), torch.float32: torch.Size([1, 128, 8, 64, 1])], -1,  ...)
INFO:root:[Vulkan Partitioner] Due to [op does not support high dim tensors], skipping torch.float32: torch.Size([1, 128, 32, 64, 2]) = aten.cat.default([torch.float32: torch.Size([1, 128, 32, 64, 1]), torch.float32: torch.Size([1, 128, 32, 64, 1])], -1,  ...)
INFO:root:[Vulkan Partitioner] Due to [no operator implementation], skipping torch.bool: torch.Size([1, 32, 128, 1]) = aten.logical_not.default(torch.bool: torch.Size([1, 32, 128, 1]),  ...)
INFO:root:[Vulkan Partitioner] Due to [no operator implementation], skipping torch.bool: torch.Size([1, 32, 128, 1]) = aten.any.dim(torch.bool: torch.Size([1, 32, 128, 128]), -1, True,  ...)
INFO:root:[Vulkan Partitioner] Due to [no operator implementation], skipping torch.bool: torch.Size([1, 32, 128, 128]) = aten.logical_not.default(torch.bool: torch.Size([1, 32, 128, 128]),  ...)
INFO:root:[Vulkan Partitioner] Due to [no operator implementation], skipping torch.bool: torch.Size([1, 32, 128, 128]) = aten.eq.Scalar(torch.float32: torch.Size([1, 32, 128, 128]), -inf,  ...)
INFO:root:[Vulkan Partitioner] Due to [no operator implementation], skipping torch.float32: torch.Size([1, 32, 128, 128]) = aten.mul.Scalar(torch.float32: torch.Size([1, 32, 128, 128]), 0.29730177875068026,  ...)
INFO:root:[Vulkan Partitioner] Due to [no operator implementation], skipping torch.float32: torch.Size([1, 32, 128, 128]) = aten.mul.Scalar(torch.float32: torch.Size([1, 32, 128, 128]), 0.29730177875068026,  ...)
INFO:root:[Vulkan Partitioner] Due to [no operator implementation], skipping torch.float16: torch.Size([]) = aten::scalar_tensor(0.0,  ...)
INFO:root:[Vulkan Partitioner] Due to [no operator implementation], skipping torch.float16: torch.Size([]) = aten::scalar_tensor(-inf,  ...)
INFO:root:[Vulkan Partitioner] Due to [op does not support high dim tensors], skipping torch.float32: torch.Size([1, 128, 8, 64, 2]) = aten.cat.default([torch.float32: torch.Size([1, 128, 8, 64, 1]), torch.float32: torch.Size([1, 128, 8, 64, 1])], -1,  ...)
INFO:root:[Vulkan Partitioner] Due to [op does not support high dim tensors], skipping torch.float32: torch.Size([1, 128, 32, 64, 2]) = aten.cat.default([torch.float32: torch.Size([1, 128, 32, 64, 1]), torch.float32: torch.Size([1, 128, 32, 64, 1])], -1,  ...)
INFO:root:[Vulkan Partitioner] Due to [no operator implementation], skipping torch.bool: torch.Size([1, 32, 128, 1]) = aten.logical_not.default(torch.bool: torch.Size([1, 32, 128, 1]),  ...)
INFO:root:[Vulkan Partitioner] Due to [no operator implementation], skipping torch.bool: torch.Size([1, 32, 128, 1]) = aten.any.dim(torch.bool: torch.Size([1, 32, 128, 128]), -1, True,  ...)
INFO:root:[Vulkan Partitioner] Due to [no operator implementation], skipping torch.bool: torch.Size([1, 32, 128, 128]) = aten.logical_not.default(torch.bool: torch.Size([1, 32, 128, 128]),  ...)
INFO:root:[Vulkan Partitioner] Due to [no operator implementation], skipping torch.bool: torch.Size([1, 32, 128, 128]) = aten.eq.Scalar(torch.float32: torch.Size([1, 32, 128, 128]), -inf,  ...)
INFO:root:[Vulkan Partitioner] Due to [no operator implementation], skipping torch.float32: torch.Size([1, 32, 128, 128]) = aten.mul.Scalar(torch.float32: torch.Size([1, 32, 128, 128]), 0.29730177875068026,  ...)
INFO:root:[Vulkan Partitioner] Due to [no operator implementation], skipping torch.float32: torch.Size([1, 32, 128, 128]) = aten.mul.Scalar(torch.float32: torch.Size([1, 32, 128, 128]), 0.29730177875068026,  ...)
INFO:root:[Vulkan Partitioner] Due to [no operator implementation], skipping torch.float16: torch.Size([]) = aten::scalar_tensor(0.0,  ...)
INFO:root:[Vulkan Partitioner] Due to [no operator implementation], skipping torch.float16: torch.Size([]) = aten::scalar_tensor(-inf,  ...)
INFO:root:[Vulkan Partitioner] Due to [op does not support high dim tensors], skipping torch.float32: torch.Size([1, 128, 8, 64, 2]) = aten.cat.default([torch.float32: torch.Size([1, 128, 8, 64, 1]), torch.float32: torch.Size([1, 128, 8, 64, 1])], -1,  ...)
INFO:root:[Vulkan Partitioner] Due to [op does not support high dim tensors], skipping torch.float32: torch.Size([1, 128, 32, 64, 2]) = aten.cat.default([torch.float32: torch.Size([1, 128, 32, 64, 1]), torch.float32: torch.Size([1, 128, 32, 64, 1])], -1,  ...)
INFO:root:[Vulkan Partitioner] Due to [no operator implementation], skipping torch.bool: torch.Size([1, 32, 128, 1]) = aten.logical_not.default(torch.bool: torch.Size([1, 32, 128, 1]),  ...)
INFO:root:[Vulkan Partitioner] Due to [no operator implementation], skipping torch.bool: torch.Size([1, 32, 128, 1]) = aten.any.dim(torch.bool: torch.Size([1, 32, 128, 128]), -1, True,  ...)
INFO:root:[Vulkan Partitioner] Due to [no operator implementation], skipping torch.bool: torch.Size([1, 32, 128, 128]) = aten.logical_not.default(torch.bool: torch.Size([1, 32, 128, 128]),  ...)
INFO:root:[Vulkan Partitioner] Due to [no operator implementation], skipping torch.bool: torch.Size([1, 32, 128, 128]) = aten.eq.Scalar(torch.float32: torch.Size([1, 32, 128, 128]), -inf,  ...)
INFO:root:[Vulkan Partitioner] Due to [no operator implementation], skipping torch.float32: torch.Size([1, 32, 128, 128]) = aten.mul.Scalar(torch.float32: torch.Size([1, 32, 128, 128]), 0.29730177875068026,  ...)
INFO:root:[Vulkan Partitioner] Due to [no operator implementation], skipping torch.float32: torch.Size([1, 32, 128, 128]) = aten.mul.Scalar(torch.float32: torch.Size([1, 32, 128, 128]), 0.29730177875068026,  ...)
INFO:root:[Vulkan Partitioner] Due to [no operator implementation], skipping torch.float16: torch.Size([]) = aten::scalar_tensor(0.0,  ...)
INFO:root:[Vulkan Partitioner] Due to [no operator implementation], skipping torch.float16: torch.Size([]) = aten::scalar_tensor(-inf,  ...)
INFO:root:[Vulkan Partitioner] Due to [op does not support high dim tensors], skipping torch.float32: torch.Size([1, 128, 8, 64, 2]) = aten.cat.default([torch.float32: torch.Size([1, 128, 8, 64, 1]), torch.float32: torch.Size([1, 128, 8, 64, 1])], -1,  ...)
INFO:root:[Vulkan Partitioner] Due to [op does not support high dim tensors], skipping torch.float32: torch.Size([1, 128, 32, 64, 2]) = aten.cat.default([torch.float32: torch.Size([1, 128, 32, 64, 1]), torch.float32: torch.Size([1, 128, 32, 64, 1])], -1,  ...)
INFO:root:[Vulkan Partitioner] Due to [no operator implementation], skipping torch.bool: torch.Size([1, 32, 128, 1]) = aten.logical_not.default(torch.bool: torch.Size([1, 32, 128, 1]),  ...)
INFO:root:[Vulkan Partitioner] Due to [no operator implementation], skipping torch.bool: torch.Size([1, 32, 128, 1]) = aten.any.dim(torch.bool: torch.Size([1, 32, 128, 128]), -1, True,  ...)
INFO:root:[Vulkan Partitioner] Due to [no operator implementation], skipping torch.bool: torch.Size([1, 32, 128, 128]) = aten.logical_not.default(torch.bool: torch.Size([1, 32, 128, 128]),  ...)
INFO:root:[Vulkan Partitioner] Due to [no operator implementation], skipping torch.bool: torch.Size([1, 32, 128, 128]) = aten.eq.Scalar(torch.float32: torch.Size([1, 32, 128, 128]), -inf,  ...)
INFO:root:[Vulkan Partitioner] Due to [no operator implementation], skipping torch.float32: torch.Size([1, 32, 128, 128]) = aten.mul.Scalar(torch.float32: torch.Size([1, 32, 128, 128]), 0.29730177875068026,  ...)
INFO:root:[Vulkan Partitioner] Due to [no operator implementation], skipping torch.float32: torch.Size([1, 32, 128, 128]) = aten.mul.Scalar(torch.float32: torch.Size([1, 32, 128, 128]), 0.29730177875068026,  ...)
INFO:root:[Vulkan Partitioner] Due to [no operator implementation], skipping torch.float16: torch.Size([]) = aten::scalar_tensor(0.0,  ...)
INFO:root:[Vulkan Partitioner] Due to [no operator implementation], skipping torch.float16: torch.Size([]) = aten::scalar_tensor(-inf,  ...)
INFO:root:[Vulkan Partitioner] Due to [op does not support high dim tensors], skipping torch.float32: torch.Size([1, 128, 8, 64, 2]) = aten.cat.default([torch.float32: torch.Size([1, 128, 8, 64, 1]), torch.float32: torch.Size([1, 128, 8, 64, 1])], -1,  ...)
INFO:root:[Vulkan Partitioner] Due to [op does not support high dim tensors], skipping torch.float32: torch.Size([1, 128, 32, 64, 2]) = aten.cat.default([torch.float32: torch.Size([1, 128, 32, 64, 1]), torch.float32: torch.Size([1, 128, 32, 64, 1])], -1,  ...)
INFO:root:[Vulkan Partitioner] Due to [no operator implementation], skipping torch.bool: torch.Size([1, 32, 128, 1]) = aten.logical_not.default(torch.bool: torch.Size([1, 32, 128, 1]),  ...)
INFO:root:[Vulkan Partitioner] Due to [no operator implementation], skipping torch.bool: torch.Size([1, 32, 128, 1]) = aten.any.dim(torch.bool: torch.Size([1, 32, 128, 128]), -1, True,  ...)
INFO:root:[Vulkan Partitioner] Due to [no operator implementation], skipping torch.bool: torch.Size([1, 32, 128, 128]) = aten.logical_not.default(torch.bool: torch.Size([1, 32, 128, 128]),  ...)
INFO:root:[Vulkan Partitioner] Due to [no operator implementation], skipping torch.bool: torch.Size([1, 32, 128, 128]) = aten.eq.Scalar(torch.float32: torch.Size([1, 32, 128, 128]), -inf,  ...)
INFO:root:[Vulkan Partitioner] Due to [no operator implementation], skipping torch.float32: torch.Size([1, 32, 128, 128]) = aten.mul.Scalar(torch.float32: torch.Size([1, 32, 128, 128]), 0.29730177875068026,  ...)
INFO:root:[Vulkan Partitioner] Due to [no operator implementation], skipping torch.float32: torch.Size([1, 32, 128, 128]) = aten.mul.Scalar(torch.float32: torch.Size([1, 32, 128, 128]), 0.29730177875068026,  ...)
INFO:root:[Vulkan Partitioner] Due to [no operator implementation], skipping torch.float16: torch.Size([]) = aten::scalar_tensor(0.0,  ...)
INFO:root:[Vulkan Partitioner] Due to [no operator implementation], skipping torch.float16: torch.Size([]) = aten::scalar_tensor(-inf,  ...)
INFO:root:[Vulkan Partitioner] Due to [op does not support high dim tensors], skipping torch.float32: torch.Size([1, 128, 8, 64, 2]) = aten.cat.default([torch.float32: torch.Size([1, 128, 8, 64, 1]), torch.float32: torch.Size([1, 128, 8, 64, 1])], -1,  ...)
INFO:root:[Vulkan Partitioner] Due to [op does not support high dim tensors], skipping torch.float32: torch.Size([1, 128, 32, 64, 2]) = aten.cat.default([torch.float32: torch.Size([1, 128, 32, 64, 1]), torch.float32: torch.Size([1, 128, 32, 64, 1])], -1,  ...)
INFO:root:[Vulkan Partitioner] Due to [no operator implementation], skipping torch.bool: torch.Size([1, 32, 128, 1]) = aten.logical_not.default(torch.bool: torch.Size([1, 32, 128, 1]),  ...)
INFO:root:[Vulkan Partitioner] Due to [no operator implementation], skipping torch.bool: torch.Size([1, 32, 128, 1]) = aten.any.dim(torch.bool: torch.Size([1, 32, 128, 128]), -1, True,  ...)
INFO:root:[Vulkan Partitioner] Due to [no operator implementation], skipping torch.bool: torch.Size([1, 32, 128, 128]) = aten.logical_not.default(torch.bool: torch.Size([1, 32, 128, 128]),  ...)
INFO:root:[Vulkan Partitioner] Due to [no operator implementation], skipping torch.bool: torch.Size([1, 32, 128, 128]) = aten.eq.Scalar(torch.float32: torch.Size([1, 32, 128, 128]), -inf,  ...)
INFO:root:[Vulkan Partitioner] Due to [no operator implementation], skipping torch.float32: torch.Size([1, 32, 128, 128]) = aten.mul.Scalar(torch.float32: torch.Size([1, 32, 128, 128]), 0.29730177875068026,  ...)
INFO:root:[Vulkan Partitioner] Due to [no operator implementation], skipping torch.float32: torch.Size([1, 32, 128, 128]) = aten.mul.Scalar(torch.float32: torch.Size([1, 32, 128, 128]), 0.29730177875068026,  ...)
INFO:root:[Vulkan Partitioner] Due to [no operator implementation], skipping torch.float16: torch.Size([]) = aten::scalar_tensor(0.0,  ...)
INFO:root:[Vulkan Partitioner] Due to [no operator implementation], skipping torch.float16: torch.Size([]) = aten::scalar_tensor(-inf,  ...)
INFO:root:[Vulkan Partitioner] Due to [op does not support high dim tensors], skipping torch.float32: torch.Size([1, 128, 8, 64, 2]) = aten.cat.default([torch.float32: torch.Size([1, 128, 8, 64, 1]), torch.float32: torch.Size([1, 128, 8, 64, 1])], -1,  ...)
INFO:root:[Vulkan Partitioner] Due to [op does not support high dim tensors], skipping torch.float32: torch.Size([1, 128, 32, 64, 2]) = aten.cat.default([torch.float32: torch.Size([1, 128, 32, 64, 1]), torch.float32: torch.Size([1, 128, 32, 64, 1])], -1,  ...)
INFO:root:[Vulkan Partitioner] Due to [no operator implementation], skipping torch.bool: torch.Size([1, 32, 128, 1]) = aten.logical_not.default(torch.bool: torch.Size([1, 32, 128, 1]),  ...)
INFO:root:[Vulkan Partitioner] Due to [no operator implementation], skipping torch.bool: torch.Size([1, 32, 128, 1]) = aten.any.dim(torch.bool: torch.Size([1, 32, 128, 128]), -1, True,  ...)
INFO:root:[Vulkan Partitioner] Due to [no operator implementation], skipping torch.bool: torch.Size([1, 32, 128, 128]) = aten.logical_not.default(torch.bool: torch.Size([1, 32, 128, 128]),  ...)
INFO:root:[Vulkan Partitioner] Due to [no operator implementation], skipping torch.bool: torch.Size([1, 32, 128, 128]) = aten.eq.Scalar(torch.float32: torch.Size([1, 32, 128, 128]), -inf,  ...)
INFO:root:[Vulkan Partitioner] Due to [no operator implementation], skipping torch.float32: torch.Size([1, 32, 128, 128]) = aten.mul.Scalar(torch.float32: torch.Size([1, 32, 128, 128]), 0.29730177875068026,  ...)
INFO:root:[Vulkan Partitioner] Due to [no operator implementation], skipping torch.float32: torch.Size([1, 32, 128, 128]) = aten.mul.Scalar(torch.float32: torch.Size([1, 32, 128, 128]), 0.29730177875068026,  ...)
INFO:root:[Vulkan Partitioner] Due to [no operator implementation], skipping torch.float16: torch.Size([]) = aten::scalar_tensor(0.0,  ...)
INFO:root:[Vulkan Partitioner] Due to [no operator implementation], skipping torch.float16: torch.Size([]) = aten::scalar_tensor(-inf,  ...)
INFO:root:[Vulkan Partitioner] Due to [op does not support high dim tensors], skipping torch.float32: torch.Size([1, 128, 8, 64, 2]) = aten.cat.default([torch.float32: torch.Size([1, 128, 8, 64, 1]), torch.float32: torch.Size([1, 128, 8, 64, 1])], -1,  ...)
INFO:root:[Vulkan Partitioner] Due to [op does not support high dim tensors], skipping torch.float32: torch.Size([1, 128, 32, 64, 2]) = aten.cat.default([torch.float32: torch.Size([1, 128, 32, 64, 1]), torch.float32: torch.Size([1, 128, 32, 64, 1])], -1,  ...)
INFO:root:[Vulkan Partitioner] Due to [no operator implementation], skipping torch.bool: torch.Size([1, 32, 128, 1]) = aten.logical_not.default(torch.bool: torch.Size([1, 32, 128, 1]),  ...)
INFO:root:[Vulkan Partitioner] Due to [no operator implementation], skipping torch.bool: torch.Size([1, 32, 128, 1]) = aten.any.dim(torch.bool: torch.Size([1, 32, 128, 128]), -1, True,  ...)
INFO:root:[Vulkan Partitioner] Due to [no operator implementation], skipping torch.bool: torch.Size([1, 32, 128, 128]) = aten.logical_not.default(torch.bool: torch.Size([1, 32, 128, 128]),  ...)
INFO:root:[Vulkan Partitioner] Due to [no operator implementation], skipping torch.bool: torch.Size([1, 32, 128, 128]) = aten.eq.Scalar(torch.float32: torch.Size([1, 32, 128, 128]), -inf,  ...)
INFO:root:[Vulkan Partitioner] Due to [no operator implementation], skipping torch.float32: torch.Size([1, 32, 128, 128]) = aten.mul.Scalar(torch.float32: torch.Size([1, 32, 128, 128]), 0.29730177875068026,  ...)
INFO:root:[Vulkan Partitioner] Due to [no operator implementation], skipping torch.float32: torch.Size([1, 32, 128, 128]) = aten.mul.Scalar(torch.float32: torch.Size([1, 32, 128, 128]), 0.29730177875068026,  ...)
INFO:root:[Vulkan Partitioner] Due to [no operator implementation], skipping torch.float16: torch.Size([]) = aten::scalar_tensor(0.0,  ...)
INFO:root:[Vulkan Partitioner] Due to [no operator implementation], skipping torch.float16: torch.Size([]) = aten::scalar_tensor(-inf,  ...)
INFO:root:[Vulkan Partitioner] Due to [op does not support high dim tensors], skipping torch.float32: torch.Size([1, 128, 8, 64, 2]) = aten.cat.default([torch.float32: torch.Size([1, 128, 8, 64, 1]), torch.float32: torch.Size([1, 128, 8, 64, 1])], -1,  ...)
INFO:root:[Vulkan Partitioner] Due to [op does not support high dim tensors], skipping torch.float32: torch.Size([1, 128, 32, 64, 2]) = aten.cat.default([torch.float32: torch.Size([1, 128, 32, 64, 1]), torch.float32: torch.Size([1, 128, 32, 64, 1])], -1,  ...)
INFO:root:[Vulkan Partitioner] Due to [no operator implementation], skipping torch.bool: torch.Size([1, 32, 128, 1]) = aten.logical_not.default(torch.bool: torch.Size([1, 32, 128, 1]),  ...)
INFO:root:[Vulkan Partitioner] Due to [no operator implementation], skipping torch.bool: torch.Size([1, 32, 128, 1]) = aten.any.dim(torch.bool: torch.Size([1, 32, 128, 128]), -1, True,  ...)
INFO:root:[Vulkan Partitioner] Due to [no operator implementation], skipping torch.bool: torch.Size([1, 32, 128, 128]) = aten.logical_not.default(torch.bool: torch.Size([1, 32, 128, 128]),  ...)
INFO:root:[Vulkan Partitioner] Due to [no operator implementation], skipping torch.bool: torch.Size([1, 32, 128, 128]) = aten.eq.Scalar(torch.float32: torch.Size([1, 32, 128, 128]), -inf,  ...)
INFO:root:[Vulkan Partitioner] Due to [no operator implementation], skipping torch.float32: torch.Size([1, 32, 128, 128]) = aten.mul.Scalar(torch.float32: torch.Size([1, 32, 128, 128]), 0.29730177875068026,  ...)
INFO:root:[Vulkan Partitioner] Due to [no operator implementation], skipping torch.float32: torch.Size([1, 32, 128, 128]) = aten.mul.Scalar(torch.float32: torch.Size([1, 32, 128, 128]), 0.29730177875068026,  ...)
INFO:root:[Vulkan Partitioner] Due to [no operator implementation], skipping torch.float16: torch.Size([]) = aten::scalar_tensor(0.0,  ...)
INFO:root:[Vulkan Partitioner] Due to [no operator implementation], skipping torch.float16: torch.Size([]) = aten::scalar_tensor(-inf,  ...)
INFO:root:[Vulkan Partitioner] Due to [op does not support high dim tensors], skipping torch.float32: torch.Size([1, 128, 8, 64, 2]) = aten.cat.default([torch.float32: torch.Size([1, 128, 8, 64, 1]), torch.float32: torch.Size([1, 128, 8, 64, 1])], -1,  ...)
INFO:root:[Vulkan Partitioner] Due to [op does not support high dim tensors], skipping torch.float32: torch.Size([1, 128, 32, 64, 2]) = aten.cat.default([torch.float32: torch.Size([1, 128, 32, 64, 1]), torch.float32: torch.Size([1, 128, 32, 64, 1])], -1,  ...)
INFO:root:[Vulkan Partitioner] Due to [no operator implementation], skipping torch.bool: torch.Size([1, 32, 128, 1]) = aten.logical_not.default(torch.bool: torch.Size([1, 32, 128, 1]),  ...)
INFO:root:[Vulkan Partitioner] Due to [no operator implementation], skipping torch.bool: torch.Size([1, 32, 128, 1]) = aten.any.dim(torch.bool: torch.Size([1, 32, 128, 128]), -1, True,  ...)
INFO:root:[Vulkan Partitioner] Due to [no operator implementation], skipping torch.bool: torch.Size([1, 32, 128, 128]) = aten.logical_not.default(torch.bool: torch.Size([1, 32, 128, 128]),  ...)
INFO:root:[Vulkan Partitioner] Due to [no operator implementation], skipping torch.bool: torch.Size([1, 32, 128, 128]) = aten.eq.Scalar(torch.float32: torch.Size([1, 32, 128, 128]), -inf,  ...)
INFO:root:[Vulkan Partitioner] Due to [no operator implementation], skipping torch.float32: torch.Size([1, 32, 128, 128]) = aten.mul.Scalar(torch.float32: torch.Size([1, 32, 128, 128]), 0.29730177875068026,  ...)
INFO:root:[Vulkan Partitioner] Due to [no operator implementation], skipping torch.float32: torch.Size([1, 32, 128, 128]) = aten.mul.Scalar(torch.float32: torch.Size([1, 32, 128, 128]), 0.29730177875068026,  ...)
INFO:root:[Vulkan Partitioner] Due to [no operator implementation], skipping torch.float16: torch.Size([]) = aten::scalar_tensor(0.0,  ...)
INFO:root:[Vulkan Partitioner] Due to [no operator implementation], skipping torch.float16: torch.Size([]) = aten::scalar_tensor(-inf,  ...)
INFO:root:[Vulkan Partitioner] Due to [op does not support high dim tensors], skipping torch.float32: torch.Size([1, 128, 8, 64, 2]) = aten.cat.default([torch.float32: torch.Size([1, 128, 8, 64, 1]), torch.float32: torch.Size([1, 128, 8, 64, 1])], -1,  ...)
INFO:root:[Vulkan Partitioner] Due to [op does not support high dim tensors], skipping torch.float32: torch.Size([1, 128, 32, 64, 2]) = aten.cat.default([torch.float32: torch.Size([1, 128, 32, 64, 1]), torch.float32: torch.Size([1, 128, 32, 64, 1])], -1,  ...)
INFO:root:[Vulkan Partitioner] Due to [no operator implementation], skipping torch.bool: torch.Size([1, 32, 128, 1]) = aten.logical_not.default(torch.bool: torch.Size([1, 32, 128, 1]),  ...)
INFO:root:[Vulkan Partitioner] Due to [no operator implementation], skipping torch.bool: torch.Size([1, 32, 128, 1]) = aten.any.dim(torch.bool: torch.Size([1, 32, 128, 128]), -1, True,  ...)
INFO:root:[Vulkan Partitioner] Due to [no operator implementation], skipping torch.bool: torch.Size([1, 32, 128, 128]) = aten.logical_not.default(torch.bool: torch.Size([1, 32, 128, 128]),  ...)
INFO:root:[Vulkan Partitioner] Due to [no operator implementation], skipping torch.bool: torch.Size([1, 32, 128, 128]) = aten.eq.Scalar(torch.float32: torch.Size([1, 32, 128, 128]), -inf,  ...)
INFO:root:[Vulkan Partitioner] Due to [no operator implementation], skipping torch.float32: torch.Size([1, 32, 128, 128]) = aten.mul.Scalar(torch.float32: torch.Size([1, 32, 128, 128]), 0.29730177875068026,  ...)
INFO:root:[Vulkan Partitioner] Due to [no operator implementation], skipping torch.float32: torch.Size([1, 32, 128, 128]) = aten.mul.Scalar(torch.float32: torch.Size([1, 32, 128, 128]), 0.29730177875068026,  ...)
INFO:root:[Vulkan Partitioner] Due to [no operator implementation], skipping torch.float16: torch.Size([]) = aten::scalar_tensor(0.0,  ...)
INFO:root:[Vulkan Partitioner] Due to [no operator implementation], skipping torch.float16: torch.Size([]) = aten::scalar_tensor(-inf,  ...)
INFO:root:[Vulkan Partitioner] Due to [op does not support high dim tensors], skipping torch.float32: torch.Size([1, 128, 8, 64, 2]) = aten.cat.default([torch.float32: torch.Size([1, 128, 8, 64, 1]), torch.float32: torch.Size([1, 128, 8, 64, 1])], -1,  ...)
INFO:root:[Vulkan Partitioner] Due to [op does not support high dim tensors], skipping torch.float32: torch.Size([1, 128, 32, 64, 2]) = aten.cat.default([torch.float32: torch.Size([1, 128, 32, 64, 1]), torch.float32: torch.Size([1, 128, 32, 64, 1])], -1,  ...)
INFO:root:[Vulkan Partitioner] Due to [no operator implementation], skipping torch.bool: torch.Size([1, 32, 128, 1]) = aten.logical_not.default(torch.bool: torch.Size([1, 32, 128, 1]),  ...)
INFO:root:[Vulkan Partitioner] Due to [no operator implementation], skipping torch.bool: torch.Size([1, 32, 128, 1]) = aten.any.dim(torch.bool: torch.Size([1, 32, 128, 128]), -1, True,  ...)
INFO:root:[Vulkan Partitioner] Due to [no operator implementation], skipping torch.bool: torch.Size([1, 32, 128, 128]) = aten.logical_not.default(torch.bool: torch.Size([1, 32, 128, 128]),  ...)
INFO:root:[Vulkan Partitioner] Due to [no operator implementation], skipping torch.bool: torch.Size([1, 32, 128, 128]) = aten.eq.Scalar(torch.float32: torch.Size([1, 32, 128, 128]), -inf,  ...)
INFO:root:[Vulkan Partitioner] Due to [no operator implementation], skipping torch.float32: torch.Size([1, 32, 128, 128]) = aten.mul.Scalar(torch.float32: torch.Size([1, 32, 128, 128]), 0.29730177875068026,  ...)
INFO:root:[Vulkan Partitioner] Due to [no operator implementation], skipping torch.float32: torch.Size([1, 32, 128, 128]) = aten.mul.Scalar(torch.float32: torch.Size([1, 32, 128, 128]), 0.29730177875068026,  ...)
INFO:root:[Vulkan Partitioner] Due to [no operator implementation], skipping torch.float16: torch.Size([]) = aten::scalar_tensor(0.0,  ...)
INFO:root:[Vulkan Partitioner] Due to [no operator implementation], skipping torch.float16: torch.Size([]) = aten::scalar_tensor(-inf,  ...)
INFO:root:[Vulkan Partitioner] Due to [op does not support high dim tensors], skipping torch.float32: torch.Size([1, 128, 8, 64, 2]) = aten.cat.default([torch.float32: torch.Size([1, 128, 8, 64, 1]), torch.float32: torch.Size([1, 128, 8, 64, 1])], -1,  ...)
INFO:root:[Vulkan Partitioner] Due to [op does not support high dim tensors], skipping torch.float32: torch.Size([1, 128, 32, 64, 2]) = aten.cat.default([torch.float32: torch.Size([1, 128, 32, 64, 1]), torch.float32: torch.Size([1, 128, 32, 64, 1])], -1,  ...)
INFO:root:[Vulkan Partitioner] Due to [op args not supported], skipping torch.float16: torch.Size([1, 128, 4096]) = aten.embedding.default(torch.float16: torch.Size([128256, 4096]), torch.int64: torch.Size([1, 128]),  ...)
INFO:root:Found 97 Vulkan subgraphs to be partitioned.
/usr/lib64/python3.12/copyreg.py:99: FutureWarning: `isinstance(treespec, LeafSpec)` is deprecated, use `isinstance(treespec, TreeSpec) and treespec.is_leaf()` instead.
  return cls.__new__(cls, *args)
/usr/lib64/python3.12/copyreg.py:99: FutureWarning: `isinstance(treespec, LeafSpec)` is deprecated, use `isinstance(treespec, TreeSpec) and treespec.is_leaf()` instead.
  return cls.__new__(cls, *args)
/usr/lib64/python3.12/copyreg.py:99: FutureWarning: `isinstance(treespec, LeafSpec)` is deprecated, use `isinstance(treespec, TreeSpec) and treespec.is_leaf()` instead.
  return cls.__new__(cls, *args)
/home/doremy/sarc-acl/executorch/main/executorch/.venv/lib64/python3.12/site-packages/executorch/exir/tensor.py:83: FutureWarning: guard_size_oblivious will be removed. Consider using explicit unbacked handling     potentially utilizing guard_or_false, guard_or_true, or statically_known_true
  return guard_size_oblivious(self.stride < other.stride)
INFO:root:Operators included in this Vulkan partition: 
INFO:root:    dim_order_ops._to_dim_order_copy.default
INFO:root:    aten.mul.Tensor
INFO:root:    aten.squeeze_copy.dims
INFO:root:    aten.view_copy.default
INFO:root:    aten.slice_copy.Tensor
INFO:root:    et_vk.prepack.default
INFO:root:    aten.add.Tensor
INFO:root:    aten._weight_int8pack_mm.default
INFO:root:    aten.mean.dim
INFO:root:    aten.unsqueeze_copy.default
INFO:root:    aten.sub.Tensor
INFO:root:    aten.rsqrt.default
/usr/lib64/python3.12/copyreg.py:99: FutureWarning: `isinstance(treespec, LeafSpec)` is deprecated, use `isinstance(treespec, TreeSpec) and treespec.is_leaf()` instead.
  return cls.__new__(cls, *args)
/usr/lib64/python3.12/copyreg.py:99: FutureWarning: `isinstance(treespec, LeafSpec)` is deprecated, use `isinstance(treespec, TreeSpec) and treespec.is_leaf()` instead.
  return cls.__new__(cls, *args)
/usr/lib64/python3.12/copyreg.py:99: FutureWarning: `isinstance(treespec, LeafSpec)` is deprecated, use `isinstance(treespec, TreeSpec) and treespec.is_leaf()` instead.
  return cls.__new__(cls, *args)
/usr/lib64/python3.12/copyreg.py:99: FutureWarning: `isinstance(treespec, LeafSpec)` is deprecated, use `isinstance(treespec, TreeSpec) and treespec.is_leaf()` instead.
  return cls.__new__(cls, *args)
/home/doremy/sarc-acl/executorch/main/executorch/.venv/lib64/python3.12/site-packages/executorch/exir/tensor.py:83: FutureWarning: guard_size_oblivious will be removed. Consider using explicit unbacked handling     potentially utilizing guard_or_false, guard_or_true, or statically_known_true
  return guard_size_oblivious(self.stride < other.stride)
INFO:root:Operators included in this Vulkan partition: 
INFO:root:    dim_order_ops._to_dim_order_copy.default
INFO:root:    aten.view_copy.default
INFO:root:    aten.expand_copy.default
INFO:root:    aten.permute_copy.default
INFO:root:    aten.unsqueeze_copy.default
/usr/lib64/python3.12/copyreg.py:99: FutureWarning: `isinstance(treespec, LeafSpec)` is deprecated, use `isinstance(treespec, TreeSpec) and treespec.is_leaf()` instead.
  return cls.__new__(cls, *args)
/usr/lib64/python3.12/copyreg.py:99: FutureWarning: `isinstance(treespec, LeafSpec)` is deprecated, use `isinstance(treespec, TreeSpec) and treespec.is_leaf()` instead.
  return cls.__new__(cls, *args)
/usr/lib64/python3.12/copyreg.py:99: FutureWarning: `isinstance(treespec, LeafSpec)` is deprecated, use `isinstance(treespec, TreeSpec) and treespec.is_leaf()` instead.
  return cls.__new__(cls, *args)
/usr/lib64/python3.12/copyreg.py:99: FutureWarning: `isinstance(treespec, LeafSpec)` is deprecated, use `isinstance(treespec, TreeSpec) and treespec.is_leaf()` instead.
  return cls.__new__(cls, *args)
/home/doremy/sarc-acl/executorch/main/executorch/.venv/lib64/python3.12/site-packages/executorch/exir/tensor.py:83: FutureWarning: guard_size_oblivious will be removed. Consider using explicit unbacked handling     potentially utilizing guard_or_false, guard_or_true, or statically_known_true
  return guard_size_oblivious(self.stride < other.stride)
INFO:root:[Vulkan Delegate] Inserting transition(s) for %aten_add_tensor : [num_users=1] = call_function[target=executorch.exir.dialects.edge._ops.aten.add.Tensor](args = (%aten_view_copy_default, %dim_order_ops__to_dim_order_copy_default), kwargs = {}):
INFO:root:   arg 1 (dim_order_ops__to_dim_order_copy_default): (TensorRepr(BUFFER, TENSOR_WIDTH_PACKED)) -> (TensorRepr(TEXTURE_3D, TENSOR_WIDTH_PACKED))
INFO:root:Operators included in this Vulkan partition: 
INFO:root:    dim_order_ops._to_dim_order_copy.default
INFO:root:    aten.squeeze_copy.dims
INFO:root:    aten.view_copy.default
INFO:root:    aten.slice_copy.Tensor
INFO:root:    aten.bmm.default
INFO:root:    et_vk.prepack.default
INFO:root:    aten.clone.default
INFO:root:    aten.add.Tensor
INFO:root:    aten.where.self
/usr/lib64/python3.12/copyreg.py:99: FutureWarning: `isinstance(treespec, LeafSpec)` is deprecated, use `isinstance(treespec, TreeSpec) and treespec.is_leaf()` instead.
  return cls.__new__(cls, *args)
/usr/lib64/python3.12/copyreg.py:99: FutureWarning: `isinstance(treespec, LeafSpec)` is deprecated, use `isinstance(treespec, TreeSpec) and treespec.is_leaf()` instead.
  return cls.__new__(cls, *args)
/usr/lib64/python3.12/copyreg.py:99: FutureWarning: `isinstance(treespec, LeafSpec)` is deprecated, use `isinstance(treespec, TreeSpec) and treespec.is_leaf()` instead.
  return cls.__new__(cls, *args)
/usr/lib64/python3.12/copyreg.py:99: FutureWarning: `isinstance(treespec, LeafSpec)` is deprecated, use `isinstance(treespec, TreeSpec) and treespec.is_leaf()` instead.
  return cls.__new__(cls, *args)
/home/doremy/sarc-acl/executorch/main/executorch/.venv/lib64/python3.12/site-packages/executorch/exir/tensor.py:83: FutureWarning: guard_size_oblivious will be removed. Consider using explicit unbacked handling     potentially utilizing guard_or_false, guard_or_true, or statically_known_true
  return guard_size_oblivious(self.stride < other.stride)
INFO:root:Operators included in this Vulkan partition: 
INFO:root:    dim_order_ops._to_dim_order_copy.default
INFO:root:    aten.squeeze_copy.dims
INFO:root:    aten.expand_copy.default
INFO:root:    aten._weight_int8pack_mm.default
INFO:root:    aten.permute_copy.default
INFO:root:    aten.mean.dim
INFO:root:    aten.sub.Tensor
INFO:root:    aten.full_like.default
INFO:root:    aten.bmm.default
INFO:root:    et_vk.prepack.default
INFO:root:    aten.unsqueeze_copy.default
INFO:root:    aten.sigmoid.default
INFO:root:    aten.rsqrt.default
INFO:root:    aten.view_copy.default
INFO:root:    aten.slice_copy.Tensor
INFO:root:    aten.mul.Tensor
INFO:root:    aten.add.Tensor
INFO:root:    aten.where.self
INFO:root:    aten._softmax.default
/usr/lib64/python3.12/copyreg.py:99: FutureWarning: `isinstance(treespec, LeafSpec)` is deprecated, use `isinstance(treespec, TreeSpec) and treespec.is_leaf()` instead.
  return cls.__new__(cls, *args)
/usr/lib64/python3.12/copyreg.py:99: FutureWarning: `isinstance(treespec, LeafSpec)` is deprecated, use `isinstance(treespec, TreeSpec) and treespec.is_leaf()` instead.
  return cls.__new__(cls, *args)
/usr/lib64/python3.12/copyreg.py:99: FutureWarning: `isinstance(treespec, LeafSpec)` is deprecated, use `isinstance(treespec, TreeSpec) and treespec.is_leaf()` instead.
  return cls.__new__(cls, *args)
/usr/lib64/python3.12/copyreg.py:99: FutureWarning: `isinstance(treespec, LeafSpec)` is deprecated, use `isinstance(treespec, TreeSpec) and treespec.is_leaf()` instead.
  return cls.__new__(cls, *args)
/home/doremy/sarc-acl/executorch/main/executorch/.venv/lib64/python3.12/site-packages/executorch/exir/tensor.py:83: FutureWarning: guard_size_oblivious will be removed. Consider using explicit unbacked handling     potentially utilizing guard_or_false, guard_or_true, or statically_known_true
  return guard_size_oblivious(self.stride < other.stride)
INFO:root:Operators included in this Vulkan partition: 
INFO:root:    dim_order_ops._to_dim_order_copy.default
INFO:root:    aten.view_copy.default
INFO:root:    aten.expand_copy.default
INFO:root:    aten.permute_copy.default
INFO:root:    aten.unsqueeze_copy.default
/usr/lib64/python3.12/copyreg.py:99: FutureWarning: `isinstance(treespec, LeafSpec)` is deprecated, use `isinstance(treespec, TreeSpec) and treespec.is_leaf()` instead.
  return cls.__new__(cls, *args)
/usr/lib64/python3.12/copyreg.py:99: FutureWarning: `isinstance(treespec, LeafSpec)` is deprecated, use `isinstance(treespec, TreeSpec) and treespec.is_leaf()` instead.
  return cls.__new__(cls, *args)
/usr/lib64/python3.12/copyreg.py:99: FutureWarning: `isinstance(treespec, LeafSpec)` is deprecated, use `isinstance(treespec, TreeSpec) and treespec.is_leaf()` instead.
  return cls.__new__(cls, *args)
/usr/lib64/python3.12/copyreg.py:99: FutureWarning: `isinstance(treespec, LeafSpec)` is deprecated, use `isinstance(treespec, TreeSpec) and treespec.is_leaf()` instead.
  return cls.__new__(cls, *args)
/home/doremy/sarc-acl/executorch/main/executorch/.venv/lib64/python3.12/site-packages/executorch/exir/tensor.py:83: FutureWarning: guard_size_oblivious will be removed. Consider using explicit unbacked handling     potentially utilizing guard_or_false, guard_or_true, or statically_known_true
  return guard_size_oblivious(self.stride < other.stride)
INFO:root:[Vulkan Delegate] Inserting transition(s) for %aten_add_tensor : [num_users=1] = call_function[target=executorch.exir.dialects.edge._ops.aten.add.Tensor](args = (%aten_view_copy_default, %dim_order_ops__to_dim_order_copy_default), kwargs = {}):
INFO:root:   arg 1 (dim_order_ops__to_dim_order_copy_default): (TensorRepr(BUFFER, TENSOR_WIDTH_PACKED)) -> (TensorRepr(TEXTURE_3D, TENSOR_WIDTH_PACKED))
INFO:root:Operators included in this Vulkan partition: 
INFO:root:    dim_order_ops._to_dim_order_copy.default
INFO:root:    aten.squeeze_copy.dims
INFO:root:    aten.view_copy.default
INFO:root:    aten.slice_copy.Tensor
INFO:root:    aten.bmm.default
INFO:root:    et_vk.prepack.default
INFO:root:    aten.clone.default
INFO:root:    aten.add.Tensor
INFO:root:    aten.where.self
/usr/lib64/python3.12/copyreg.py:99: FutureWarning: `isinstance(treespec, LeafSpec)` is deprecated, use `isinstance(treespec, TreeSpec) and treespec.is_leaf()` instead.
  return cls.__new__(cls, *args)
/usr/lib64/python3.12/copyreg.py:99: FutureWarning: `isinstance(treespec, LeafSpec)` is deprecated, use `isinstance(treespec, TreeSpec) and treespec.is_leaf()` instead.
  return cls.__new__(cls, *args)
/usr/lib64/python3.12/copyreg.py:99: FutureWarning: `isinstance(treespec, LeafSpec)` is deprecated, use `isinstance(treespec, TreeSpec) and treespec.is_leaf()` instead.
  return cls.__new__(cls, *args)
/usr/lib64/python3.12/copyreg.py:99: FutureWarning: `isinstance(treespec, LeafSpec)` is deprecated, use `isinstance(treespec, TreeSpec) and treespec.is_leaf()` instead.
  return cls.__new__(cls, *args)
/home/doremy/sarc-acl/executorch/main/executorch/.venv/lib64/python3.12/site-packages/executorch/exir/tensor.py:83: FutureWarning: guard_size_oblivious will be removed. Consider using explicit unbacked handling     potentially utilizing guard_or_false, guard_or_true, or statically_known_true
  return guard_size_oblivious(self.stride < other.stride)
INFO:root:Operators included in this Vulkan partition: 
INFO:root:    dim_order_ops._to_dim_order_copy.default
INFO:root:    aten.squeeze_copy.dims
INFO:root:    aten.expand_copy.default
INFO:root:    aten._weight_int8pack_mm.default
INFO:root:    aten.permute_copy.default
INFO:root:    aten.mean.dim
INFO:root:    aten.sub.Tensor
INFO:root:    aten.full_like.default
INFO:root:    aten.bmm.default
INFO:root:    et_vk.prepack.default
INFO:root:    aten.unsqueeze_copy.default
INFO:root:    aten.sigmoid.default
INFO:root:    aten.rsqrt.default
INFO:root:    aten.view_copy.default
INFO:root:    aten.slice_copy.Tensor
INFO:root:    aten.mul.Tensor
INFO:root:    aten.add.Tensor
INFO:root:    aten.where.self
INFO:root:    aten._softmax.default
/usr/lib64/python3.12/copyreg.py:99: FutureWarning: `isinstance(treespec, LeafSpec)` is deprecated, use `isinstance(treespec, TreeSpec) and treespec.is_leaf()` instead.
  return cls.__new__(cls, *args)
/usr/lib64/python3.12/copyreg.py:99: FutureWarning: `isinstance(treespec, LeafSpec)` is deprecated, use `isinstance(treespec, TreeSpec) and treespec.is_leaf()` instead.
  return cls.__new__(cls, *args)
/usr/lib64/python3.12/copyreg.py:99: FutureWarning: `isinstance(treespec, LeafSpec)` is deprecated, use `isinstance(treespec, TreeSpec) and treespec.is_leaf()` instead.
  return cls.__new__(cls, *args)
/usr/lib64/python3.12/copyreg.py:99: FutureWarning: `isinstance(treespec, LeafSpec)` is deprecated, use `isinstance(treespec, TreeSpec) and treespec.is_leaf()` instead.
  return cls.__new__(cls, *args)
/home/doremy/sarc-acl/executorch/main/executorch/.venv/lib64/python3.12/site-packages/executorch/exir/tensor.py:83: FutureWarning: guard_size_oblivious will be removed. Consider using explicit unbacked handling     potentially utilizing guard_or_false, guard_or_true, or statically_known_true
  return guard_size_oblivious(self.stride < other.stride)
INFO:root:Operators included in this Vulkan partition: 
INFO:root:    dim_order_ops._to_dim_order_copy.default
INFO:root:    aten.view_copy.default
INFO:root:    aten.expand_copy.default
INFO:root:    aten.permute_copy.default
INFO:root:    aten.unsqueeze_copy.default
/usr/lib64/python3.12/copyreg.py:99: FutureWarning: `isinstance(treespec, LeafSpec)` is deprecated, use `isinstance(treespec, TreeSpec) and treespec.is_leaf()` instead.
  return cls.__new__(cls, *args)
/usr/lib64/python3.12/copyreg.py:99: FutureWarning: `isinstance(treespec, LeafSpec)` is deprecated, use `isinstance(treespec, TreeSpec) and treespec.is_leaf()` instead.
  return cls.__new__(cls, *args)
/usr/lib64/python3.12/copyreg.py:99: FutureWarning: `isinstance(treespec, LeafSpec)` is deprecated, use `isinstance(treespec, TreeSpec) and treespec.is_leaf()` instead.
  return cls.__new__(cls, *args)
/usr/lib64/python3.12/copyreg.py:99: FutureWarning: `isinstance(treespec, LeafSpec)` is deprecated, use `isinstance(treespec, TreeSpec) and treespec.is_leaf()` instead.
  return cls.__new__(cls, *args)
/home/doremy/sarc-acl/executorch/main/executorch/.venv/lib64/python3.12/site-packages/executorch/exir/tensor.py:83: FutureWarning: guard_size_oblivious will be removed. Consider using explicit unbacked handling     potentially utilizing guard_or_false, guard_or_true, or statically_known_true
  return guard_size_oblivious(self.stride < other.stride)
INFO:root:[Vulkan Delegate] Inserting transition(s) for %aten_add_tensor : [num_users=1] = call_function[target=executorch.exir.dialects.edge._ops.aten.add.Tensor](args = (%aten_view_copy_default, %dim_order_ops__to_dim_order_copy_default), kwargs = {}):
INFO:root:   arg 1 (dim_order_ops__to_dim_order_copy_default): (TensorRepr(BUFFER, TENSOR_WIDTH_PACKED)) -> (TensorRepr(TEXTURE_3D, TENSOR_WIDTH_PACKED))
INFO:root:Operators included in this Vulkan partition: 
INFO:root:    dim_order_ops._to_dim_order_copy.default
INFO:root:    aten.squeeze_copy.dims
INFO:root:    aten.view_copy.default
INFO:root:    aten.slice_copy.Tensor
INFO:root:    aten.bmm.default
INFO:root:    et_vk.prepack.default
INFO:root:    aten.clone.default
INFO:root:    aten.add.Tensor
INFO:root:    aten.where.self
/usr/lib64/python3.12/copyreg.py:99: FutureWarning: `isinstance(treespec, LeafSpec)` is deprecated, use `isinstance(treespec, TreeSpec) and treespec.is_leaf()` instead.
  return cls.__new__(cls, *args)
/usr/lib64/python3.12/copyreg.py:99: FutureWarning: `isinstance(treespec, LeafSpec)` is deprecated, use `isinstance(treespec, TreeSpec) and treespec.is_leaf()` instead.
  return cls.__new__(cls, *args)
/usr/lib64/python3.12/copyreg.py:99: FutureWarning: `isinstance(treespec, LeafSpec)` is deprecated, use `isinstance(treespec, TreeSpec) and treespec.is_leaf()` instead.
  return cls.__new__(cls, *args)
/usr/lib64/python3.12/copyreg.py:99: FutureWarning: `isinstance(treespec, LeafSpec)` is deprecated, use `isinstance(treespec, TreeSpec) and treespec.is_leaf()` instead.
  return cls.__new__(cls, *args)
/home/doremy/sarc-acl/executorch/main/executorch/.venv/lib64/python3.12/site-packages/executorch/exir/tensor.py:83: FutureWarning: guard_size_oblivious will be removed. Consider using explicit unbacked handling     potentially utilizing guard_or_false, guard_or_true, or statically_known_true
  return guard_size_oblivious(self.stride < other.stride)
INFO:root:Operators included in this Vulkan partition: 
INFO:root:    dim_order_ops._to_dim_order_copy.default
INFO:root:    aten.squeeze_copy.dims
INFO:root:    aten.expand_copy.default
INFO:root:    aten._weight_int8pack_mm.default
INFO:root:    aten.permute_copy.default
INFO:root:    aten.mean.dim
INFO:root:    aten.sub.Tensor
INFO:root:    aten.full_like.default
INFO:root:    aten.bmm.default
INFO:root:    et_vk.prepack.default
INFO:root:    aten.unsqueeze_copy.default
INFO:root:    aten.sigmoid.default
INFO:root:    aten.rsqrt.default
INFO:root:    aten.view_copy.default
INFO:root:    aten.slice_copy.Tensor
INFO:root:    aten.mul.Tensor
INFO:root:    aten.add.Tensor
INFO:root:    aten.where.self
INFO:root:    aten._softmax.default
/usr/lib64/python3.12/copyreg.py:99: FutureWarning: `isinstance(treespec, LeafSpec)` is deprecated, use `isinstance(treespec, TreeSpec) and treespec.is_leaf()` instead.
  return cls.__new__(cls, *args)
/usr/lib64/python3.12/copyreg.py:99: FutureWarning: `isinstance(treespec, LeafSpec)` is deprecated, use `isinstance(treespec, TreeSpec) and treespec.is_leaf()` instead.
  return cls.__new__(cls, *args)
/usr/lib64/python3.12/copyreg.py:99: FutureWarning: `isinstance(treespec, LeafSpec)` is deprecated, use `isinstance(treespec, TreeSpec) and treespec.is_leaf()` instead.
  return cls.__new__(cls, *args)
/usr/lib64/python3.12/copyreg.py:99: FutureWarning: `isinstance(treespec, LeafSpec)` is deprecated, use `isinstance(treespec, TreeSpec) and treespec.is_leaf()` instead.
  return cls.__new__(cls, *args)
/home/doremy/sarc-acl/executorch/main/executorch/.venv/lib64/python3.12/site-packages/executorch/exir/tensor.py:83: FutureWarning: guard_size_oblivious will be removed. Consider using explicit unbacked handling     potentially utilizing guard_or_false, guard_or_true, or statically_known_true
  return guard_size_oblivious(self.stride < other.stride)
INFO:root:Operators included in this Vulkan partition: 
INFO:root:    dim_order_ops._to_dim_order_copy.default
INFO:root:    aten.view_copy.default
INFO:root:    aten.expand_copy.default
INFO:root:    aten.permute_copy.default
INFO:root:    aten.unsqueeze_copy.default
/usr/lib64/python3.12/copyreg.py:99: FutureWarning: `isinstance(treespec, LeafSpec)` is deprecated, use `isinstance(treespec, TreeSpec) and treespec.is_leaf()` instead.
  return cls.__new__(cls, *args)
/usr/lib64/python3.12/copyreg.py:99: FutureWarning: `isinstance(treespec, LeafSpec)` is deprecated, use `isinstance(treespec, TreeSpec) and treespec.is_leaf()` instead.
  return cls.__new__(cls, *args)
/usr/lib64/python3.12/copyreg.py:99: FutureWarning: `isinstance(treespec, LeafSpec)` is deprecated, use `isinstance(treespec, TreeSpec) and treespec.is_leaf()` instead.
  return cls.__new__(cls, *args)
/usr/lib64/python3.12/copyreg.py:99: FutureWarning: `isinstance(treespec, LeafSpec)` is deprecated, use `isinstance(treespec, TreeSpec) and treespec.is_leaf()` instead.
  return cls.__new__(cls, *args)
/home/doremy/sarc-acl/executorch/main/executorch/.venv/lib64/python3.12/site-packages/executorch/exir/tensor.py:83: FutureWarning: guard_size_oblivious will be removed. Consider using explicit unbacked handling     potentially utilizing guard_or_false, guard_or_true, or statically_known_true
  return guard_size_oblivious(self.stride < other.stride)
INFO:root:[Vulkan Delegate] Inserting transition(s) for %aten_add_tensor : [num_users=1] = call_function[target=executorch.exir.dialects.edge._ops.aten.add.Tensor](args = (%aten_view_copy_default, %dim_order_ops__to_dim_order_copy_default), kwargs = {}):
INFO:root:   arg 1 (dim_order_ops__to_dim_order_copy_default): (TensorRepr(BUFFER, TENSOR_WIDTH_PACKED)) -> (TensorRepr(TEXTURE_3D, TENSOR_WIDTH_PACKED))
INFO:root:Operators included in this Vulkan partition: 
INFO:root:    dim_order_ops._to_dim_order_copy.default
INFO:root:    aten.squeeze_copy.dims
INFO:root:    aten.view_copy.default
INFO:root:    aten.slice_copy.Tensor
INFO:root:    aten.bmm.default
INFO:root:    et_vk.prepack.default
INFO:root:    aten.clone.default
INFO:root:    aten.add.Tensor
INFO:root:    aten.where.self
/usr/lib64/python3.12/copyreg.py:99: FutureWarning: `isinstance(treespec, LeafSpec)` is deprecated, use `isinstance(treespec, TreeSpec) and treespec.is_leaf()` instead.
  return cls.__new__(cls, *args)
/usr/lib64/python3.12/copyreg.py:99: FutureWarning: `isinstance(treespec, LeafSpec)` is deprecated, use `isinstance(treespec, TreeSpec) and treespec.is_leaf()` instead.
  return cls.__new__(cls, *args)
/usr/lib64/python3.12/copyreg.py:99: FutureWarning: `isinstance(treespec, LeafSpec)` is deprecated, use `isinstance(treespec, TreeSpec) and treespec.is_leaf()` instead.
  return cls.__new__(cls, *args)
/usr/lib64/python3.12/copyreg.py:99: FutureWarning: `isinstance(treespec, LeafSpec)` is deprecated, use `isinstance(treespec, TreeSpec) and treespec.is_leaf()` instead.
  return cls.__new__(cls, *args)
/home/doremy/sarc-acl/executorch/main/executorch/.venv/lib64/python3.12/site-packages/executorch/exir/tensor.py:83: FutureWarning: guard_size_oblivious will be removed. Consider using explicit unbacked handling     potentially utilizing guard_or_false, guard_or_true, or statically_known_true
  return guard_size_oblivious(self.stride < other.stride)
INFO:root:Operators included in this Vulkan partition: 
INFO:root:    dim_order_ops._to_dim_order_copy.default
INFO:root:    aten.squeeze_copy.dims
INFO:root:    aten.expand_copy.default
INFO:root:    aten._weight_int8pack_mm.default
INFO:root:    aten.permute_copy.default
INFO:root:    aten.mean.dim
INFO:root:    aten.sub.Tensor
INFO:root:    aten.full_like.default
INFO:root:    aten.bmm.default
INFO:root:    et_vk.prepack.default
INFO:root:    aten.unsqueeze_copy.default
INFO:root:    aten.sigmoid.default
INFO:root:    aten.rsqrt.default
INFO:root:    aten.view_copy.default
INFO:root:    aten.slice_copy.Tensor
INFO:root:    aten.mul.Tensor
INFO:root:    aten.add.Tensor
INFO:root:    aten.where.self
INFO:root:    aten._softmax.default
/usr/lib64/python3.12/copyreg.py:99: FutureWarning: `isinstance(treespec, LeafSpec)` is deprecated, use `isinstance(treespec, TreeSpec) and treespec.is_leaf()` instead.
  return cls.__new__(cls, *args)
/usr/lib64/python3.12/copyreg.py:99: FutureWarning: `isinstance(treespec, LeafSpec)` is deprecated, use `isinstance(treespec, TreeSpec) and treespec.is_leaf()` instead.
  return cls.__new__(cls, *args)
/usr/lib64/python3.12/copyreg.py:99: FutureWarning: `isinstance(treespec, LeafSpec)` is deprecated, use `isinstance(treespec, TreeSpec) and treespec.is_leaf()` instead.
  return cls.__new__(cls, *args)
/usr/lib64/python3.12/copyreg.py:99: FutureWarning: `isinstance(treespec, LeafSpec)` is deprecated, use `isinstance(treespec, TreeSpec) and treespec.is_leaf()` instead.
  return cls.__new__(cls, *args)
/home/doremy/sarc-acl/executorch/main/executorch/.venv/lib64/python3.12/site-packages/executorch/exir/tensor.py:83: FutureWarning: guard_size_oblivious will be removed. Consider using explicit unbacked handling     potentially utilizing guard_or_false, guard_or_true, or statically_known_true
  return guard_size_oblivious(self.stride < other.stride)
INFO:root:Operators included in this Vulkan partition: 
INFO:root:    dim_order_ops._to_dim_order_copy.default
INFO:root:    aten.view_copy.default
INFO:root:    aten.expand_copy.default
INFO:root:    aten.permute_copy.default
INFO:root:    aten.unsqueeze_copy.default
/usr/lib64/python3.12/copyreg.py:99: FutureWarning: `isinstance(treespec, LeafSpec)` is deprecated, use `isinstance(treespec, TreeSpec) and treespec.is_leaf()` instead.
  return cls.__new__(cls, *args)
/usr/lib64/python3.12/copyreg.py:99: FutureWarning: `isinstance(treespec, LeafSpec)` is deprecated, use `isinstance(treespec, TreeSpec) and treespec.is_leaf()` instead.
  return cls.__new__(cls, *args)
/usr/lib64/python3.12/copyreg.py:99: FutureWarning: `isinstance(treespec, LeafSpec)` is deprecated, use `isinstance(treespec, TreeSpec) and treespec.is_leaf()` instead.
  return cls.__new__(cls, *args)
/usr/lib64/python3.12/copyreg.py:99: FutureWarning: `isinstance(treespec, LeafSpec)` is deprecated, use `isinstance(treespec, TreeSpec) and treespec.is_leaf()` instead.
  return cls.__new__(cls, *args)
/home/doremy/sarc-acl/executorch/main/executorch/.venv/lib64/python3.12/site-packages/executorch/exir/tensor.py:83: FutureWarning: guard_size_oblivious will be removed. Consider using explicit unbacked handling     potentially utilizing guard_or_false, guard_or_true, or statically_known_true
  return guard_size_oblivious(self.stride < other.stride)
INFO:root:[Vulkan Delegate] Inserting transition(s) for %aten_add_tensor : [num_users=1] = call_function[target=executorch.exir.dialects.edge._ops.aten.add.Tensor](args = (%aten_view_copy_default, %dim_order_ops__to_dim_order_copy_default), kwargs = {}):
INFO:root:   arg 1 (dim_order_ops__to_dim_order_copy_default): (TensorRepr(BUFFER, TENSOR_WIDTH_PACKED)) -> (TensorRepr(TEXTURE_3D, TENSOR_WIDTH_PACKED))
INFO:root:Operators included in this Vulkan partition: 
INFO:root:    dim_order_ops._to_dim_order_copy.default
INFO:root:    aten.squeeze_copy.dims
INFO:root:    aten.view_copy.default
INFO:root:    aten.slice_copy.Tensor
INFO:root:    aten.bmm.default
INFO:root:    et_vk.prepack.default
INFO:root:    aten.clone.default
INFO:root:    aten.add.Tensor
INFO:root:    aten.where.self
/usr/lib64/python3.12/copyreg.py:99: FutureWarning: `isinstance(treespec, LeafSpec)` is deprecated, use `isinstance(treespec, TreeSpec) and treespec.is_leaf()` instead.
  return cls.__new__(cls, *args)
/usr/lib64/python3.12/copyreg.py:99: FutureWarning: `isinstance(treespec, LeafSpec)` is deprecated, use `isinstance(treespec, TreeSpec) and treespec.is_leaf()` instead.
  return cls.__new__(cls, *args)
/usr/lib64/python3.12/copyreg.py:99: FutureWarning: `isinstance(treespec, LeafSpec)` is deprecated, use `isinstance(treespec, TreeSpec) and treespec.is_leaf()` instead.
  return cls.__new__(cls, *args)
/usr/lib64/python3.12/copyreg.py:99: FutureWarning: `isinstance(treespec, LeafSpec)` is deprecated, use `isinstance(treespec, TreeSpec) and treespec.is_leaf()` instead.
  return cls.__new__(cls, *args)
/home/doremy/sarc-acl/executorch/main/executorch/.venv/lib64/python3.12/site-packages/executorch/exir/tensor.py:83: FutureWarning: guard_size_oblivious will be removed. Consider using explicit unbacked handling     potentially utilizing guard_or_false, guard_or_true, or statically_known_true
  return guard_size_oblivious(self.stride < other.stride)
INFO:root:Operators included in this Vulkan partition: 
INFO:root:    dim_order_ops._to_dim_order_copy.default
INFO:root:    aten.squeeze_copy.dims
INFO:root:    aten.expand_copy.default
INFO:root:    aten._weight_int8pack_mm.default
INFO:root:    aten.permute_copy.default
INFO:root:    aten.mean.dim
INFO:root:    aten.sub.Tensor
INFO:root:    aten.full_like.default
INFO:root:    aten.bmm.default
INFO:root:    et_vk.prepack.default
INFO:root:    aten.unsqueeze_copy.default
INFO:root:    aten.sigmoid.default
INFO:root:    aten.rsqrt.default
INFO:root:    aten.view_copy.default
INFO:root:    aten.slice_copy.Tensor
INFO:root:    aten.mul.Tensor
INFO:root:    aten.add.Tensor
INFO:root:    aten.where.self
INFO:root:    aten._softmax.default
/usr/lib64/python3.12/copyreg.py:99: FutureWarning: `isinstance(treespec, LeafSpec)` is deprecated, use `isinstance(treespec, TreeSpec) and treespec.is_leaf()` instead.
  return cls.__new__(cls, *args)
/usr/lib64/python3.12/copyreg.py:99: FutureWarning: `isinstance(treespec, LeafSpec)` is deprecated, use `isinstance(treespec, TreeSpec) and treespec.is_leaf()` instead.
  return cls.__new__(cls, *args)
/usr/lib64/python3.12/copyreg.py:99: FutureWarning: `isinstance(treespec, LeafSpec)` is deprecated, use `isinstance(treespec, TreeSpec) and treespec.is_leaf()` instead.
  return cls.__new__(cls, *args)
/usr/lib64/python3.12/copyreg.py:99: FutureWarning: `isinstance(treespec, LeafSpec)` is deprecated, use `isinstance(treespec, TreeSpec) and treespec.is_leaf()` instead.
  return cls.__new__(cls, *args)
/home/doremy/sarc-acl/executorch/main/executorch/.venv/lib64/python3.12/site-packages/executorch/exir/tensor.py:83: FutureWarning: guard_size_oblivious will be removed. Consider using explicit unbacked handling     potentially utilizing guard_or_false, guard_or_true, or statically_known_true
  return guard_size_oblivious(self.stride < other.stride)
INFO:root:Operators included in this Vulkan partition: 
INFO:root:    dim_order_ops._to_dim_order_copy.default
INFO:root:    aten.view_copy.default
INFO:root:    aten.expand_copy.default
INFO:root:    aten.permute_copy.default
INFO:root:    aten.unsqueeze_copy.default
/usr/lib64/python3.12/copyreg.py:99: FutureWarning: `isinstance(treespec, LeafSpec)` is deprecated, use `isinstance(treespec, TreeSpec) and treespec.is_leaf()` instead.
  return cls.__new__(cls, *args)
/usr/lib64/python3.12/copyreg.py:99: FutureWarning: `isinstance(treespec, LeafSpec)` is deprecated, use `isinstance(treespec, TreeSpec) and treespec.is_leaf()` instead.
  return cls.__new__(cls, *args)
/usr/lib64/python3.12/copyreg.py:99: FutureWarning: `isinstance(treespec, LeafSpec)` is deprecated, use `isinstance(treespec, TreeSpec) and treespec.is_leaf()` instead.
  return cls.__new__(cls, *args)
/usr/lib64/python3.12/copyreg.py:99: FutureWarning: `isinstance(treespec, LeafSpec)` is deprecated, use `isinstance(treespec, TreeSpec) and treespec.is_leaf()` instead.
  return cls.__new__(cls, *args)
/home/doremy/sarc-acl/executorch/main/executorch/.venv/lib64/python3.12/site-packages/executorch/exir/tensor.py:83: FutureWarning: guard_size_oblivious will be removed. Consider using explicit unbacked handling     potentially utilizing guard_or_false, guard_or_true, or statically_known_true
  return guard_size_oblivious(self.stride < other.stride)
INFO:root:[Vulkan Delegate] Inserting transition(s) for %aten_add_tensor : [num_users=1] = call_function[target=executorch.exir.dialects.edge._ops.aten.add.Tensor](args = (%aten_view_copy_default, %dim_order_ops__to_dim_order_copy_default), kwargs = {}):
INFO:root:   arg 1 (dim_order_ops__to_dim_order_copy_default): (TensorRepr(BUFFER, TENSOR_WIDTH_PACKED)) -> (TensorRepr(TEXTURE_3D, TENSOR_WIDTH_PACKED))
INFO:root:Operators included in this Vulkan partition: 
INFO:root:    dim_order_ops._to_dim_order_copy.default
INFO:root:    aten.squeeze_copy.dims
INFO:root:    aten.view_copy.default
INFO:root:    aten.slice_copy.Tensor
INFO:root:    aten.bmm.default
INFO:root:    et_vk.prepack.default
INFO:root:    aten.clone.default
INFO:root:    aten.add.Tensor
INFO:root:    aten.where.self
/usr/lib64/python3.12/copyreg.py:99: FutureWarning: `isinstance(treespec, LeafSpec)` is deprecated, use `isinstance(treespec, TreeSpec) and treespec.is_leaf()` instead.
  return cls.__new__(cls, *args)
/usr/lib64/python3.12/copyreg.py:99: FutureWarning: `isinstance(treespec, LeafSpec)` is deprecated, use `isinstance(treespec, TreeSpec) and treespec.is_leaf()` instead.
  return cls.__new__(cls, *args)
/usr/lib64/python3.12/copyreg.py:99: FutureWarning: `isinstance(treespec, LeafSpec)` is deprecated, use `isinstance(treespec, TreeSpec) and treespec.is_leaf()` instead.
  return cls.__new__(cls, *args)
/usr/lib64/python3.12/copyreg.py:99: FutureWarning: `isinstance(treespec, LeafSpec)` is deprecated, use `isinstance(treespec, TreeSpec) and treespec.is_leaf()` instead.
  return cls.__new__(cls, *args)
/home/doremy/sarc-acl/executorch/main/executorch/.venv/lib64/python3.12/site-packages/executorch/exir/tensor.py:83: FutureWarning: guard_size_oblivious will be removed. Consider using explicit unbacked handling     potentially utilizing guard_or_false, guard_or_true, or statically_known_true
  return guard_size_oblivious(self.stride < other.stride)
INFO:root:Operators included in this Vulkan partition: 
INFO:root:    dim_order_ops._to_dim_order_copy.default
INFO:root:    aten.squeeze_copy.dims
INFO:root:    aten.expand_copy.default
INFO:root:    aten._weight_int8pack_mm.default
INFO:root:    aten.permute_copy.default
INFO:root:    aten.mean.dim
INFO:root:    aten.sub.Tensor
INFO:root:    aten.full_like.default
INFO:root:    aten.bmm.default
INFO:root:    et_vk.prepack.default
INFO:root:    aten.unsqueeze_copy.default
INFO:root:    aten.sigmoid.default
INFO:root:    aten.rsqrt.default
INFO:root:    aten.view_copy.default
INFO:root:    aten.slice_copy.Tensor
INFO:root:    aten.mul.Tensor
INFO:root:    aten.add.Tensor
INFO:root:    aten.where.self
INFO:root:    aten._softmax.default
/usr/lib64/python3.12/copyreg.py:99: FutureWarning: `isinstance(treespec, LeafSpec)` is deprecated, use `isinstance(treespec, TreeSpec) and treespec.is_leaf()` instead.
  return cls.__new__(cls, *args)
/usr/lib64/python3.12/copyreg.py:99: FutureWarning: `isinstance(treespec, LeafSpec)` is deprecated, use `isinstance(treespec, TreeSpec) and treespec.is_leaf()` instead.
  return cls.__new__(cls, *args)
/usr/lib64/python3.12/copyreg.py:99: FutureWarning: `isinstance(treespec, LeafSpec)` is deprecated, use `isinstance(treespec, TreeSpec) and treespec.is_leaf()` instead.
  return cls.__new__(cls, *args)
/usr/lib64/python3.12/copyreg.py:99: FutureWarning: `isinstance(treespec, LeafSpec)` is deprecated, use `isinstance(treespec, TreeSpec) and treespec.is_leaf()` instead.
  return cls.__new__(cls, *args)
/home/doremy/sarc-acl/executorch/main/executorch/.venv/lib64/python3.12/site-packages/executorch/exir/tensor.py:83: FutureWarning: guard_size_oblivious will be removed. Consider using explicit unbacked handling     potentially utilizing guard_or_false, guard_or_true, or statically_known_true
  return guard_size_oblivious(self.stride < other.stride)
INFO:root:Operators included in this Vulkan partition: 
INFO:root:    dim_order_ops._to_dim_order_copy.default
INFO:root:    aten.view_copy.default
INFO:root:    aten.expand_copy.default
INFO:root:    aten.permute_copy.default
INFO:root:    aten.unsqueeze_copy.default
/usr/lib64/python3.12/copyreg.py:99: FutureWarning: `isinstance(treespec, LeafSpec)` is deprecated, use `isinstance(treespec, TreeSpec) and treespec.is_leaf()` instead.
  return cls.__new__(cls, *args)
/usr/lib64/python3.12/copyreg.py:99: FutureWarning: `isinstance(treespec, LeafSpec)` is deprecated, use `isinstance(treespec, TreeSpec) and treespec.is_leaf()` instead.
  return cls.__new__(cls, *args)
/usr/lib64/python3.12/copyreg.py:99: FutureWarning: `isinstance(treespec, LeafSpec)` is deprecated, use `isinstance(treespec, TreeSpec) and treespec.is_leaf()` instead.
  return cls.__new__(cls, *args)
/usr/lib64/python3.12/copyreg.py:99: FutureWarning: `isinstance(treespec, LeafSpec)` is deprecated, use `isinstance(treespec, TreeSpec) and treespec.is_leaf()` instead.
  return cls.__new__(cls, *args)
/home/doremy/sarc-acl/executorch/main/executorch/.venv/lib64/python3.12/site-packages/executorch/exir/tensor.py:83: FutureWarning: guard_size_oblivious will be removed. Consider using explicit unbacked handling     potentially utilizing guard_or_false, guard_or_true, or statically_known_true
  return guard_size_oblivious(self.stride < other.stride)
INFO:root:[Vulkan Delegate] Inserting transition(s) for %aten_add_tensor : [num_users=1] = call_function[target=executorch.exir.dialects.edge._ops.aten.add.Tensor](args = (%aten_view_copy_default, %dim_order_ops__to_dim_order_copy_default), kwargs = {}):
INFO:root:   arg 1 (dim_order_ops__to_dim_order_copy_default): (TensorRepr(BUFFER, TENSOR_WIDTH_PACKED)) -> (TensorRepr(TEXTURE_3D, TENSOR_WIDTH_PACKED))
INFO:root:Operators included in this Vulkan partition: 
INFO:root:    dim_order_ops._to_dim_order_copy.default
INFO:root:    aten.squeeze_copy.dims
INFO:root:    aten.view_copy.default
INFO:root:    aten.slice_copy.Tensor
INFO:root:    aten.bmm.default
INFO:root:    et_vk.prepack.default
INFO:root:    aten.clone.default
INFO:root:    aten.add.Tensor
INFO:root:    aten.where.self
/usr/lib64/python3.12/copyreg.py:99: FutureWarning: `isinstance(treespec, LeafSpec)` is deprecated, use `isinstance(treespec, TreeSpec) and treespec.is_leaf()` instead.
  return cls.__new__(cls, *args)
/usr/lib64/python3.12/copyreg.py:99: FutureWarning: `isinstance(treespec, LeafSpec)` is deprecated, use `isinstance(treespec, TreeSpec) and treespec.is_leaf()` instead.
  return cls.__new__(cls, *args)
/usr/lib64/python3.12/copyreg.py:99: FutureWarning: `isinstance(treespec, LeafSpec)` is deprecated, use `isinstance(treespec, TreeSpec) and treespec.is_leaf()` instead.
  return cls.__new__(cls, *args)
/usr/lib64/python3.12/copyreg.py:99: FutureWarning: `isinstance(treespec, LeafSpec)` is deprecated, use `isinstance(treespec, TreeSpec) and treespec.is_leaf()` instead.
  return cls.__new__(cls, *args)
/home/doremy/sarc-acl/executorch/main/executorch/.venv/lib64/python3.12/site-packages/executorch/exir/tensor.py:83: FutureWarning: guard_size_oblivious will be removed. Consider using explicit unbacked handling     potentially utilizing guard_or_false, guard_or_true, or statically_known_true
  return guard_size_oblivious(self.stride < other.stride)
INFO:root:Operators included in this Vulkan partition: 
INFO:root:    dim_order_ops._to_dim_order_copy.default
INFO:root:    aten.squeeze_copy.dims
INFO:root:    aten.expand_copy.default
INFO:root:    aten._weight_int8pack_mm.default
INFO:root:    aten.permute_copy.default
INFO:root:    aten.mean.dim
INFO:root:    aten.sub.Tensor
INFO:root:    aten.full_like.default
INFO:root:    aten.bmm.default
INFO:root:    et_vk.prepack.default
INFO:root:    aten.unsqueeze_copy.default
INFO:root:    aten.sigmoid.default
INFO:root:    aten.rsqrt.default
INFO:root:    aten.view_copy.default
INFO:root:    aten.slice_copy.Tensor
INFO:root:    aten.mul.Tensor
INFO:root:    aten.add.Tensor
INFO:root:    aten.where.self
INFO:root:    aten._softmax.default
/usr/lib64/python3.12/copyreg.py:99: FutureWarning: `isinstance(treespec, LeafSpec)` is deprecated, use `isinstance(treespec, TreeSpec) and treespec.is_leaf()` instead.
  return cls.__new__(cls, *args)
/usr/lib64/python3.12/copyreg.py:99: FutureWarning: `isinstance(treespec, LeafSpec)` is deprecated, use `isinstance(treespec, TreeSpec) and treespec.is_leaf()` instead.
  return cls.__new__(cls, *args)
/usr/lib64/python3.12/copyreg.py:99: FutureWarning: `isinstance(treespec, LeafSpec)` is deprecated, use `isinstance(treespec, TreeSpec) and treespec.is_leaf()` instead.
  return cls.__new__(cls, *args)
/usr/lib64/python3.12/copyreg.py:99: FutureWarning: `isinstance(treespec, LeafSpec)` is deprecated, use `isinstance(treespec, TreeSpec) and treespec.is_leaf()` instead.
  return cls.__new__(cls, *args)
/home/doremy/sarc-acl/executorch/main/executorch/.venv/lib64/python3.12/site-packages/executorch/exir/tensor.py:83: FutureWarning: guard_size_oblivious will be removed. Consider using explicit unbacked handling     potentially utilizing guard_or_false, guard_or_true, or statically_known_true
  return guard_size_oblivious(self.stride < other.stride)
INFO:root:Operators included in this Vulkan partition: 
INFO:root:    dim_order_ops._to_dim_order_copy.default
INFO:root:    aten.view_copy.default
INFO:root:    aten.expand_copy.default
INFO:root:    aten.permute_copy.default
INFO:root:    aten.unsqueeze_copy.default
/usr/lib64/python3.12/copyreg.py:99: FutureWarning: `isinstance(treespec, LeafSpec)` is deprecated, use `isinstance(treespec, TreeSpec) and treespec.is_leaf()` instead.
  return cls.__new__(cls, *args)
/usr/lib64/python3.12/copyreg.py:99: FutureWarning: `isinstance(treespec, LeafSpec)` is deprecated, use `isinstance(treespec, TreeSpec) and treespec.is_leaf()` instead.
  return cls.__new__(cls, *args)
/usr/lib64/python3.12/copyreg.py:99: FutureWarning: `isinstance(treespec, LeafSpec)` is deprecated, use `isinstance(treespec, TreeSpec) and treespec.is_leaf()` instead.
  return cls.__new__(cls, *args)
/usr/lib64/python3.12/copyreg.py:99: FutureWarning: `isinstance(treespec, LeafSpec)` is deprecated, use `isinstance(treespec, TreeSpec) and treespec.is_leaf()` instead.
  return cls.__new__(cls, *args)
/home/doremy/sarc-acl/executorch/main/executorch/.venv/lib64/python3.12/site-packages/executorch/exir/tensor.py:83: FutureWarning: guard_size_oblivious will be removed. Consider using explicit unbacked handling     potentially utilizing guard_or_false, guard_or_true, or statically_known_true
  return guard_size_oblivious(self.stride < other.stride)
INFO:root:[Vulkan Delegate] Inserting transition(s) for %aten_add_tensor : [num_users=1] = call_function[target=executorch.exir.dialects.edge._ops.aten.add.Tensor](args = (%aten_view_copy_default, %dim_order_ops__to_dim_order_copy_default), kwargs = {}):
INFO:root:   arg 1 (dim_order_ops__to_dim_order_copy_default): (TensorRepr(BUFFER, TENSOR_WIDTH_PACKED)) -> (TensorRepr(TEXTURE_3D, TENSOR_WIDTH_PACKED))
INFO:root:Operators included in this Vulkan partition: 
INFO:root:    dim_order_ops._to_dim_order_copy.default
INFO:root:    aten.squeeze_copy.dims
INFO:root:    aten.view_copy.default
INFO:root:    aten.slice_copy.Tensor
INFO:root:    aten.bmm.default
INFO:root:    et_vk.prepack.default
INFO:root:    aten.clone.default
INFO:root:    aten.add.Tensor
INFO:root:    aten.where.self
/usr/lib64/python3.12/copyreg.py:99: FutureWarning: `isinstance(treespec, LeafSpec)` is deprecated, use `isinstance(treespec, TreeSpec) and treespec.is_leaf()` instead.
  return cls.__new__(cls, *args)
/usr/lib64/python3.12/copyreg.py:99: FutureWarning: `isinstance(treespec, LeafSpec)` is deprecated, use `isinstance(treespec, TreeSpec) and treespec.is_leaf()` instead.
  return cls.__new__(cls, *args)
/usr/lib64/python3.12/copyreg.py:99: FutureWarning: `isinstance(treespec, LeafSpec)` is deprecated, use `isinstance(treespec, TreeSpec) and treespec.is_leaf()` instead.
  return cls.__new__(cls, *args)
/usr/lib64/python3.12/copyreg.py:99: FutureWarning: `isinstance(treespec, LeafSpec)` is deprecated, use `isinstance(treespec, TreeSpec) and treespec.is_leaf()` instead.
  return cls.__new__(cls, *args)
/home/doremy/sarc-acl/executorch/main/executorch/.venv/lib64/python3.12/site-packages/executorch/exir/tensor.py:83: FutureWarning: guard_size_oblivious will be removed. Consider using explicit unbacked handling     potentially utilizing guard_or_false, guard_or_true, or statically_known_true
  return guard_size_oblivious(self.stride < other.stride)
INFO:root:Operators included in this Vulkan partition: 
INFO:root:    dim_order_ops._to_dim_order_copy.default
INFO:root:    aten.squeeze_copy.dims
INFO:root:    aten.expand_copy.default
INFO:root:    aten._weight_int8pack_mm.default
INFO:root:    aten.permute_copy.default
INFO:root:    aten.mean.dim
INFO:root:    aten.sub.Tensor
INFO:root:    aten.full_like.default
INFO:root:    aten.bmm.default
INFO:root:    et_vk.prepack.default
INFO:root:    aten.unsqueeze_copy.default
INFO:root:    aten.sigmoid.default
INFO:root:    aten.rsqrt.default
INFO:root:    aten.view_copy.default
INFO:root:    aten.slice_copy.Tensor
INFO:root:    aten.mul.Tensor
INFO:root:    aten.add.Tensor
INFO:root:    aten.where.self
INFO:root:    aten._softmax.default
/usr/lib64/python3.12/copyreg.py:99: FutureWarning: `isinstance(treespec, LeafSpec)` is deprecated, use `isinstance(treespec, TreeSpec) and treespec.is_leaf()` instead.
  return cls.__new__(cls, *args)
/usr/lib64/python3.12/copyreg.py:99: FutureWarning: `isinstance(treespec, LeafSpec)` is deprecated, use `isinstance(treespec, TreeSpec) and treespec.is_leaf()` instead.
  return cls.__new__(cls, *args)
/usr/lib64/python3.12/copyreg.py:99: FutureWarning: `isinstance(treespec, LeafSpec)` is deprecated, use `isinstance(treespec, TreeSpec) and treespec.is_leaf()` instead.
  return cls.__new__(cls, *args)
/usr/lib64/python3.12/copyreg.py:99: FutureWarning: `isinstance(treespec, LeafSpec)` is deprecated, use `isinstance(treespec, TreeSpec) and treespec.is_leaf()` instead.
  return cls.__new__(cls, *args)
/home/doremy/sarc-acl/executorch/main/executorch/.venv/lib64/python3.12/site-packages/executorch/exir/tensor.py:83: FutureWarning: guard_size_oblivious will be removed. Consider using explicit unbacked handling     potentially utilizing guard_or_false, guard_or_true, or statically_known_true
  return guard_size_oblivious(self.stride < other.stride)
INFO:root:Operators included in this Vulkan partition: 
INFO:root:    dim_order_ops._to_dim_order_copy.default
INFO:root:    aten.view_copy.default
INFO:root:    aten.expand_copy.default
INFO:root:    aten.permute_copy.default
INFO:root:    aten.unsqueeze_copy.default
/usr/lib64/python3.12/copyreg.py:99: FutureWarning: `isinstance(treespec, LeafSpec)` is deprecated, use `isinstance(treespec, TreeSpec) and treespec.is_leaf()` instead.
  return cls.__new__(cls, *args)
/usr/lib64/python3.12/copyreg.py:99: FutureWarning: `isinstance(treespec, LeafSpec)` is deprecated, use `isinstance(treespec, TreeSpec) and treespec.is_leaf()` instead.
  return cls.__new__(cls, *args)
/usr/lib64/python3.12/copyreg.py:99: FutureWarning: `isinstance(treespec, LeafSpec)` is deprecated, use `isinstance(treespec, TreeSpec) and treespec.is_leaf()` instead.
  return cls.__new__(cls, *args)
/usr/lib64/python3.12/copyreg.py:99: FutureWarning: `isinstance(treespec, LeafSpec)` is deprecated, use `isinstance(treespec, TreeSpec) and treespec.is_leaf()` instead.
  return cls.__new__(cls, *args)
/home/doremy/sarc-acl/executorch/main/executorch/.venv/lib64/python3.12/site-packages/executorch/exir/tensor.py:83: FutureWarning: guard_size_oblivious will be removed. Consider using explicit unbacked handling     potentially utilizing guard_or_false, guard_or_true, or statically_known_true
  return guard_size_oblivious(self.stride < other.stride)
INFO:root:[Vulkan Delegate] Inserting transition(s) for %aten_add_tensor : [num_users=1] = call_function[target=executorch.exir.dialects.edge._ops.aten.add.Tensor](args = (%aten_view_copy_default, %dim_order_ops__to_dim_order_copy_default), kwargs = {}):
INFO:root:   arg 1 (dim_order_ops__to_dim_order_copy_default): (TensorRepr(BUFFER, TENSOR_WIDTH_PACKED)) -> (TensorRepr(TEXTURE_3D, TENSOR_WIDTH_PACKED))
INFO:root:Operators included in this Vulkan partition: 
INFO:root:    dim_order_ops._to_dim_order_copy.default
INFO:root:    aten.squeeze_copy.dims
INFO:root:    aten.view_copy.default
INFO:root:    aten.slice_copy.Tensor
INFO:root:    aten.bmm.default
INFO:root:    et_vk.prepack.default
INFO:root:    aten.clone.default
INFO:root:    aten.add.Tensor
INFO:root:    aten.where.self
/usr/lib64/python3.12/copyreg.py:99: FutureWarning: `isinstance(treespec, LeafSpec)` is deprecated, use `isinstance(treespec, TreeSpec) and treespec.is_leaf()` instead.
  return cls.__new__(cls, *args)
/usr/lib64/python3.12/copyreg.py:99: FutureWarning: `isinstance(treespec, LeafSpec)` is deprecated, use `isinstance(treespec, TreeSpec) and treespec.is_leaf()` instead.
  return cls.__new__(cls, *args)
/usr/lib64/python3.12/copyreg.py:99: FutureWarning: `isinstance(treespec, LeafSpec)` is deprecated, use `isinstance(treespec, TreeSpec) and treespec.is_leaf()` instead.
  return cls.__new__(cls, *args)
/usr/lib64/python3.12/copyreg.py:99: FutureWarning: `isinstance(treespec, LeafSpec)` is deprecated, use `isinstance(treespec, TreeSpec) and treespec.is_leaf()` instead.
  return cls.__new__(cls, *args)
/home/doremy/sarc-acl/executorch/main/executorch/.venv/lib64/python3.12/site-packages/executorch/exir/tensor.py:83: FutureWarning: guard_size_oblivious will be removed. Consider using explicit unbacked handling     potentially utilizing guard_or_false, guard_or_true, or statically_known_true
  return guard_size_oblivious(self.stride < other.stride)
INFO:root:Operators included in this Vulkan partition: 
INFO:root:    dim_order_ops._to_dim_order_copy.default
INFO:root:    aten.squeeze_copy.dims
INFO:root:    aten.expand_copy.default
INFO:root:    aten._weight_int8pack_mm.default
INFO:root:    aten.permute_copy.default
INFO:root:    aten.mean.dim
INFO:root:    aten.sub.Tensor
INFO:root:    aten.full_like.default
INFO:root:    aten.bmm.default
INFO:root:    et_vk.prepack.default
INFO:root:    aten.unsqueeze_copy.default
INFO:root:    aten.sigmoid.default
INFO:root:    aten.rsqrt.default
INFO:root:    aten.view_copy.default
INFO:root:    aten.slice_copy.Tensor
INFO:root:    aten.mul.Tensor
INFO:root:    aten.add.Tensor
INFO:root:    aten.where.self
INFO:root:    aten._softmax.default
/usr/lib64/python3.12/copyreg.py:99: FutureWarning: `isinstance(treespec, LeafSpec)` is deprecated, use `isinstance(treespec, TreeSpec) and treespec.is_leaf()` instead.
  return cls.__new__(cls, *args)
/usr/lib64/python3.12/copyreg.py:99: FutureWarning: `isinstance(treespec, LeafSpec)` is deprecated, use `isinstance(treespec, TreeSpec) and treespec.is_leaf()` instead.
  return cls.__new__(cls, *args)
/usr/lib64/python3.12/copyreg.py:99: FutureWarning: `isinstance(treespec, LeafSpec)` is deprecated, use `isinstance(treespec, TreeSpec) and treespec.is_leaf()` instead.
  return cls.__new__(cls, *args)
/usr/lib64/python3.12/copyreg.py:99: FutureWarning: `isinstance(treespec, LeafSpec)` is deprecated, use `isinstance(treespec, TreeSpec) and treespec.is_leaf()` instead.
  return cls.__new__(cls, *args)
/home/doremy/sarc-acl/executorch/main/executorch/.venv/lib64/python3.12/site-packages/executorch/exir/tensor.py:83: FutureWarning: guard_size_oblivious will be removed. Consider using explicit unbacked handling     potentially utilizing guard_or_false, guard_or_true, or statically_known_true
  return guard_size_oblivious(self.stride < other.stride)
INFO:root:Operators included in this Vulkan partition: 
INFO:root:    dim_order_ops._to_dim_order_copy.default
INFO:root:    aten.view_copy.default
INFO:root:    aten.expand_copy.default
INFO:root:    aten.permute_copy.default
INFO:root:    aten.unsqueeze_copy.default
/usr/lib64/python3.12/copyreg.py:99: FutureWarning: `isinstance(treespec, LeafSpec)` is deprecated, use `isinstance(treespec, TreeSpec) and treespec.is_leaf()` instead.
  return cls.__new__(cls, *args)
/usr/lib64/python3.12/copyreg.py:99: FutureWarning: `isinstance(treespec, LeafSpec)` is deprecated, use `isinstance(treespec, TreeSpec) and treespec.is_leaf()` instead.
  return cls.__new__(cls, *args)
/usr/lib64/python3.12/copyreg.py:99: FutureWarning: `isinstance(treespec, LeafSpec)` is deprecated, use `isinstance(treespec, TreeSpec) and treespec.is_leaf()` instead.
  return cls.__new__(cls, *args)
/usr/lib64/python3.12/copyreg.py:99: FutureWarning: `isinstance(treespec, LeafSpec)` is deprecated, use `isinstance(treespec, TreeSpec) and treespec.is_leaf()` instead.
  return cls.__new__(cls, *args)
/home/doremy/sarc-acl/executorch/main/executorch/.venv/lib64/python3.12/site-packages/executorch/exir/tensor.py:83: FutureWarning: guard_size_oblivious will be removed. Consider using explicit unbacked handling     potentially utilizing guard_or_false, guard_or_true, or statically_known_true
  return guard_size_oblivious(self.stride < other.stride)
INFO:root:[Vulkan Delegate] Inserting transition(s) for %aten_add_tensor : [num_users=1] = call_function[target=executorch.exir.dialects.edge._ops.aten.add.Tensor](args = (%aten_view_copy_default, %dim_order_ops__to_dim_order_copy_default), kwargs = {}):
INFO:root:   arg 1 (dim_order_ops__to_dim_order_copy_default): (TensorRepr(BUFFER, TENSOR_WIDTH_PACKED)) -> (TensorRepr(TEXTURE_3D, TENSOR_WIDTH_PACKED))
INFO:root:Operators included in this Vulkan partition: 
INFO:root:    dim_order_ops._to_dim_order_copy.default
INFO:root:    aten.squeeze_copy.dims
INFO:root:    aten.view_copy.default
INFO:root:    aten.slice_copy.Tensor
INFO:root:    aten.bmm.default
INFO:root:    et_vk.prepack.default
INFO:root:    aten.clone.default
INFO:root:    aten.add.Tensor
INFO:root:    aten.where.self
/usr/lib64/python3.12/copyreg.py:99: FutureWarning: `isinstance(treespec, LeafSpec)` is deprecated, use `isinstance(treespec, TreeSpec) and treespec.is_leaf()` instead.
  return cls.__new__(cls, *args)
/usr/lib64/python3.12/copyreg.py:99: FutureWarning: `isinstance(treespec, LeafSpec)` is deprecated, use `isinstance(treespec, TreeSpec) and treespec.is_leaf()` instead.
  return cls.__new__(cls, *args)
/usr/lib64/python3.12/copyreg.py:99: FutureWarning: `isinstance(treespec, LeafSpec)` is deprecated, use `isinstance(treespec, TreeSpec) and treespec.is_leaf()` instead.
  return cls.__new__(cls, *args)
/usr/lib64/python3.12/copyreg.py:99: FutureWarning: `isinstance(treespec, LeafSpec)` is deprecated, use `isinstance(treespec, TreeSpec) and treespec.is_leaf()` instead.
  return cls.__new__(cls, *args)
/home/doremy/sarc-acl/executorch/main/executorch/.venv/lib64/python3.12/site-packages/executorch/exir/tensor.py:83: FutureWarning: guard_size_oblivious will be removed. Consider using explicit unbacked handling     potentially utilizing guard_or_false, guard_or_true, or statically_known_true
  return guard_size_oblivious(self.stride < other.stride)
INFO:root:Operators included in this Vulkan partition: 
INFO:root:    dim_order_ops._to_dim_order_copy.default
INFO:root:    aten.squeeze_copy.dims
INFO:root:    aten.expand_copy.default
INFO:root:    aten._weight_int8pack_mm.default
INFO:root:    aten.permute_copy.default
INFO:root:    aten.mean.dim
INFO:root:    aten.sub.Tensor
INFO:root:    aten.full_like.default
INFO:root:    aten.bmm.default
INFO:root:    et_vk.prepack.default
INFO:root:    aten.unsqueeze_copy.default
INFO:root:    aten.sigmoid.default
INFO:root:    aten.rsqrt.default
INFO:root:    aten.view_copy.default
INFO:root:    aten.slice_copy.Tensor
INFO:root:    aten.mul.Tensor
INFO:root:    aten.add.Tensor
INFO:root:    aten.where.self
INFO:root:    aten._softmax.default
/usr/lib64/python3.12/copyreg.py:99: FutureWarning: `isinstance(treespec, LeafSpec)` is deprecated, use `isinstance(treespec, TreeSpec) and treespec.is_leaf()` instead.
  return cls.__new__(cls, *args)
/usr/lib64/python3.12/copyreg.py:99: FutureWarning: `isinstance(treespec, LeafSpec)` is deprecated, use `isinstance(treespec, TreeSpec) and treespec.is_leaf()` instead.
  return cls.__new__(cls, *args)
/usr/lib64/python3.12/copyreg.py:99: FutureWarning: `isinstance(treespec, LeafSpec)` is deprecated, use `isinstance(treespec, TreeSpec) and treespec.is_leaf()` instead.
  return cls.__new__(cls, *args)
/usr/lib64/python3.12/copyreg.py:99: FutureWarning: `isinstance(treespec, LeafSpec)` is deprecated, use `isinstance(treespec, TreeSpec) and treespec.is_leaf()` instead.
  return cls.__new__(cls, *args)
/home/doremy/sarc-acl/executorch/main/executorch/.venv/lib64/python3.12/site-packages/executorch/exir/tensor.py:83: FutureWarning: guard_size_oblivious will be removed. Consider using explicit unbacked handling     potentially utilizing guard_or_false, guard_or_true, or statically_known_true
  return guard_size_oblivious(self.stride < other.stride)
INFO:root:Operators included in this Vulkan partition: 
INFO:root:    dim_order_ops._to_dim_order_copy.default
INFO:root:    aten.view_copy.default
INFO:root:    aten.expand_copy.default
INFO:root:    aten.permute_copy.default
INFO:root:    aten.unsqueeze_copy.default
/usr/lib64/python3.12/copyreg.py:99: FutureWarning: `isinstance(treespec, LeafSpec)` is deprecated, use `isinstance(treespec, TreeSpec) and treespec.is_leaf()` instead.
  return cls.__new__(cls, *args)
/usr/lib64/python3.12/copyreg.py:99: FutureWarning: `isinstance(treespec, LeafSpec)` is deprecated, use `isinstance(treespec, TreeSpec) and treespec.is_leaf()` instead.
  return cls.__new__(cls, *args)
/usr/lib64/python3.12/copyreg.py:99: FutureWarning: `isinstance(treespec, LeafSpec)` is deprecated, use `isinstance(treespec, TreeSpec) and treespec.is_leaf()` instead.
  return cls.__new__(cls, *args)
/usr/lib64/python3.12/copyreg.py:99: FutureWarning: `isinstance(treespec, LeafSpec)` is deprecated, use `isinstance(treespec, TreeSpec) and treespec.is_leaf()` instead.
  return cls.__new__(cls, *args)
/home/doremy/sarc-acl/executorch/main/executorch/.venv/lib64/python3.12/site-packages/executorch/exir/tensor.py:83: FutureWarning: guard_size_oblivious will be removed. Consider using explicit unbacked handling     potentially utilizing guard_or_false, guard_or_true, or statically_known_true
  return guard_size_oblivious(self.stride < other.stride)
INFO:root:[Vulkan Delegate] Inserting transition(s) for %aten_add_tensor : [num_users=1] = call_function[target=executorch.exir.dialects.edge._ops.aten.add.Tensor](args = (%aten_view_copy_default, %dim_order_ops__to_dim_order_copy_default), kwargs = {}):
INFO:root:   arg 1 (dim_order_ops__to_dim_order_copy_default): (TensorRepr(BUFFER, TENSOR_WIDTH_PACKED)) -> (TensorRepr(TEXTURE_3D, TENSOR_WIDTH_PACKED))
INFO:root:Operators included in this Vulkan partition: 
INFO:root:    dim_order_ops._to_dim_order_copy.default
INFO:root:    aten.squeeze_copy.dims
INFO:root:    aten.view_copy.default
INFO:root:    aten.slice_copy.Tensor
INFO:root:    aten.bmm.default
INFO:root:    et_vk.prepack.default
INFO:root:    aten.clone.default
INFO:root:    aten.add.Tensor
INFO:root:    aten.where.self
/usr/lib64/python3.12/copyreg.py:99: FutureWarning: `isinstance(treespec, LeafSpec)` is deprecated, use `isinstance(treespec, TreeSpec) and treespec.is_leaf()` instead.
  return cls.__new__(cls, *args)
/usr/lib64/python3.12/copyreg.py:99: FutureWarning: `isinstance(treespec, LeafSpec)` is deprecated, use `isinstance(treespec, TreeSpec) and treespec.is_leaf()` instead.
  return cls.__new__(cls, *args)
/usr/lib64/python3.12/copyreg.py:99: FutureWarning: `isinstance(treespec, LeafSpec)` is deprecated, use `isinstance(treespec, TreeSpec) and treespec.is_leaf()` instead.
  return cls.__new__(cls, *args)
/usr/lib64/python3.12/copyreg.py:99: FutureWarning: `isinstance(treespec, LeafSpec)` is deprecated, use `isinstance(treespec, TreeSpec) and treespec.is_leaf()` instead.
  return cls.__new__(cls, *args)
/home/doremy/sarc-acl/executorch/main/executorch/.venv/lib64/python3.12/site-packages/executorch/exir/tensor.py:83: FutureWarning: guard_size_oblivious will be removed. Consider using explicit unbacked handling     potentially utilizing guard_or_false, guard_or_true, or statically_known_true
  return guard_size_oblivious(self.stride < other.stride)
INFO:root:Operators included in this Vulkan partition: 
INFO:root:    dim_order_ops._to_dim_order_copy.default
INFO:root:    aten.squeeze_copy.dims
INFO:root:    aten.expand_copy.default
INFO:root:    aten._weight_int8pack_mm.default
INFO:root:    aten.permute_copy.default
INFO:root:    aten.mean.dim
INFO:root:    aten.sub.Tensor
INFO:root:    aten.full_like.default
INFO:root:    aten.bmm.default
INFO:root:    et_vk.prepack.default
INFO:root:    aten.unsqueeze_copy.default
INFO:root:    aten.sigmoid.default
INFO:root:    aten.rsqrt.default
INFO:root:    aten.view_copy.default
INFO:root:    aten.slice_copy.Tensor
INFO:root:    aten.mul.Tensor
INFO:root:    aten.add.Tensor
INFO:root:    aten.where.self
INFO:root:    aten._softmax.default
/usr/lib64/python3.12/copyreg.py:99: FutureWarning: `isinstance(treespec, LeafSpec)` is deprecated, use `isinstance(treespec, TreeSpec) and treespec.is_leaf()` instead.
  return cls.__new__(cls, *args)
/usr/lib64/python3.12/copyreg.py:99: FutureWarning: `isinstance(treespec, LeafSpec)` is deprecated, use `isinstance(treespec, TreeSpec) and treespec.is_leaf()` instead.
  return cls.__new__(cls, *args)
/usr/lib64/python3.12/copyreg.py:99: FutureWarning: `isinstance(treespec, LeafSpec)` is deprecated, use `isinstance(treespec, TreeSpec) and treespec.is_leaf()` instead.
  return cls.__new__(cls, *args)
/usr/lib64/python3.12/copyreg.py:99: FutureWarning: `isinstance(treespec, LeafSpec)` is deprecated, use `isinstance(treespec, TreeSpec) and treespec.is_leaf()` instead.
  return cls.__new__(cls, *args)
/home/doremy/sarc-acl/executorch/main/executorch/.venv/lib64/python3.12/site-packages/executorch/exir/tensor.py:83: FutureWarning: guard_size_oblivious will be removed. Consider using explicit unbacked handling     potentially utilizing guard_or_false, guard_or_true, or statically_known_true
  return guard_size_oblivious(self.stride < other.stride)
INFO:root:Operators included in this Vulkan partition: 
INFO:root:    dim_order_ops._to_dim_order_copy.default
INFO:root:    aten.view_copy.default
INFO:root:    aten.expand_copy.default
INFO:root:    aten.permute_copy.default
INFO:root:    aten.unsqueeze_copy.default
/usr/lib64/python3.12/copyreg.py:99: FutureWarning: `isinstance(treespec, LeafSpec)` is deprecated, use `isinstance(treespec, TreeSpec) and treespec.is_leaf()` instead.
  return cls.__new__(cls, *args)
/usr/lib64/python3.12/copyreg.py:99: FutureWarning: `isinstance(treespec, LeafSpec)` is deprecated, use `isinstance(treespec, TreeSpec) and treespec.is_leaf()` instead.
  return cls.__new__(cls, *args)
/usr/lib64/python3.12/copyreg.py:99: FutureWarning: `isinstance(treespec, LeafSpec)` is deprecated, use `isinstance(treespec, TreeSpec) and treespec.is_leaf()` instead.
  return cls.__new__(cls, *args)
/usr/lib64/python3.12/copyreg.py:99: FutureWarning: `isinstance(treespec, LeafSpec)` is deprecated, use `isinstance(treespec, TreeSpec) and treespec.is_leaf()` instead.
  return cls.__new__(cls, *args)
/home/doremy/sarc-acl/executorch/main/executorch/.venv/lib64/python3.12/site-packages/executorch/exir/tensor.py:83: FutureWarning: guard_size_oblivious will be removed. Consider using explicit unbacked handling     potentially utilizing guard_or_false, guard_or_true, or statically_known_true
  return guard_size_oblivious(self.stride < other.stride)
INFO:root:[Vulkan Delegate] Inserting transition(s) for %aten_add_tensor : [num_users=1] = call_function[target=executorch.exir.dialects.edge._ops.aten.add.Tensor](args = (%aten_view_copy_default, %dim_order_ops__to_dim_order_copy_default), kwargs = {}):
INFO:root:   arg 1 (dim_order_ops__to_dim_order_copy_default): (TensorRepr(BUFFER, TENSOR_WIDTH_PACKED)) -> (TensorRepr(TEXTURE_3D, TENSOR_WIDTH_PACKED))
INFO:root:Operators included in this Vulkan partition: 
INFO:root:    dim_order_ops._to_dim_order_copy.default
INFO:root:    aten.squeeze_copy.dims
INFO:root:    aten.view_copy.default
INFO:root:    aten.slice_copy.Tensor
INFO:root:    aten.bmm.default
INFO:root:    et_vk.prepack.default
INFO:root:    aten.clone.default
INFO:root:    aten.add.Tensor
INFO:root:    aten.where.self
/usr/lib64/python3.12/copyreg.py:99: FutureWarning: `isinstance(treespec, LeafSpec)` is deprecated, use `isinstance(treespec, TreeSpec) and treespec.is_leaf()` instead.
  return cls.__new__(cls, *args)
/usr/lib64/python3.12/copyreg.py:99: FutureWarning: `isinstance(treespec, LeafSpec)` is deprecated, use `isinstance(treespec, TreeSpec) and treespec.is_leaf()` instead.
  return cls.__new__(cls, *args)
/usr/lib64/python3.12/copyreg.py:99: FutureWarning: `isinstance(treespec, LeafSpec)` is deprecated, use `isinstance(treespec, TreeSpec) and treespec.is_leaf()` instead.
  return cls.__new__(cls, *args)
/usr/lib64/python3.12/copyreg.py:99: FutureWarning: `isinstance(treespec, LeafSpec)` is deprecated, use `isinstance(treespec, TreeSpec) and treespec.is_leaf()` instead.
  return cls.__new__(cls, *args)
/home/doremy/sarc-acl/executorch/main/executorch/.venv/lib64/python3.12/site-packages/executorch/exir/tensor.py:83: FutureWarning: guard_size_oblivious will be removed. Consider using explicit unbacked handling     potentially utilizing guard_or_false, guard_or_true, or statically_known_true
  return guard_size_oblivious(self.stride < other.stride)
INFO:root:Operators included in this Vulkan partition: 
INFO:root:    dim_order_ops._to_dim_order_copy.default
INFO:root:    aten.squeeze_copy.dims
INFO:root:    aten.expand_copy.default
INFO:root:    aten._weight_int8pack_mm.default
INFO:root:    aten.permute_copy.default
INFO:root:    aten.mean.dim
INFO:root:    aten.sub.Tensor
INFO:root:    aten.full_like.default
INFO:root:    aten.bmm.default
INFO:root:    et_vk.prepack.default
INFO:root:    aten.unsqueeze_copy.default
INFO:root:    aten.sigmoid.default
INFO:root:    aten.rsqrt.default
INFO:root:    aten.view_copy.default
INFO:root:    aten.slice_copy.Tensor
INFO:root:    aten.mul.Tensor
INFO:root:    aten.add.Tensor
INFO:root:    aten.where.self
INFO:root:    aten._softmax.default
/usr/lib64/python3.12/copyreg.py:99: FutureWarning: `isinstance(treespec, LeafSpec)` is deprecated, use `isinstance(treespec, TreeSpec) and treespec.is_leaf()` instead.
  return cls.__new__(cls, *args)
/usr/lib64/python3.12/copyreg.py:99: FutureWarning: `isinstance(treespec, LeafSpec)` is deprecated, use `isinstance(treespec, TreeSpec) and treespec.is_leaf()` instead.
  return cls.__new__(cls, *args)
/usr/lib64/python3.12/copyreg.py:99: FutureWarning: `isinstance(treespec, LeafSpec)` is deprecated, use `isinstance(treespec, TreeSpec) and treespec.is_leaf()` instead.
  return cls.__new__(cls, *args)
/usr/lib64/python3.12/copyreg.py:99: FutureWarning: `isinstance(treespec, LeafSpec)` is deprecated, use `isinstance(treespec, TreeSpec) and treespec.is_leaf()` instead.
  return cls.__new__(cls, *args)
/home/doremy/sarc-acl/executorch/main/executorch/.venv/lib64/python3.12/site-packages/executorch/exir/tensor.py:83: FutureWarning: guard_size_oblivious will be removed. Consider using explicit unbacked handling     potentially utilizing guard_or_false, guard_or_true, or statically_known_true
  return guard_size_oblivious(self.stride < other.stride)
INFO:root:Operators included in this Vulkan partition: 
INFO:root:    dim_order_ops._to_dim_order_copy.default
INFO:root:    aten.view_copy.default
INFO:root:    aten.expand_copy.default
INFO:root:    aten.permute_copy.default
INFO:root:    aten.unsqueeze_copy.default
/usr/lib64/python3.12/copyreg.py:99: FutureWarning: `isinstance(treespec, LeafSpec)` is deprecated, use `isinstance(treespec, TreeSpec) and treespec.is_leaf()` instead.
  return cls.__new__(cls, *args)
/usr/lib64/python3.12/copyreg.py:99: FutureWarning: `isinstance(treespec, LeafSpec)` is deprecated, use `isinstance(treespec, TreeSpec) and treespec.is_leaf()` instead.
  return cls.__new__(cls, *args)
/usr/lib64/python3.12/copyreg.py:99: FutureWarning: `isinstance(treespec, LeafSpec)` is deprecated, use `isinstance(treespec, TreeSpec) and treespec.is_leaf()` instead.
  return cls.__new__(cls, *args)
/usr/lib64/python3.12/copyreg.py:99: FutureWarning: `isinstance(treespec, LeafSpec)` is deprecated, use `isinstance(treespec, TreeSpec) and treespec.is_leaf()` instead.
  return cls.__new__(cls, *args)
/home/doremy/sarc-acl/executorch/main/executorch/.venv/lib64/python3.12/site-packages/executorch/exir/tensor.py:83: FutureWarning: guard_size_oblivious will be removed. Consider using explicit unbacked handling     potentially utilizing guard_or_false, guard_or_true, or statically_known_true
  return guard_size_oblivious(self.stride < other.stride)
INFO:root:[Vulkan Delegate] Inserting transition(s) for %aten_add_tensor : [num_users=1] = call_function[target=executorch.exir.dialects.edge._ops.aten.add.Tensor](args = (%aten_view_copy_default, %dim_order_ops__to_dim_order_copy_default), kwargs = {}):
INFO:root:   arg 1 (dim_order_ops__to_dim_order_copy_default): (TensorRepr(BUFFER, TENSOR_WIDTH_PACKED)) -> (TensorRepr(TEXTURE_3D, TENSOR_WIDTH_PACKED))
INFO:root:Operators included in this Vulkan partition: 
INFO:root:    dim_order_ops._to_dim_order_copy.default
INFO:root:    aten.squeeze_copy.dims
INFO:root:    aten.view_copy.default
INFO:root:    aten.slice_copy.Tensor
INFO:root:    aten.bmm.default
INFO:root:    et_vk.prepack.default
INFO:root:    aten.clone.default
INFO:root:    aten.add.Tensor
INFO:root:    aten.where.self
/usr/lib64/python3.12/copyreg.py:99: FutureWarning: `isinstance(treespec, LeafSpec)` is deprecated, use `isinstance(treespec, TreeSpec) and treespec.is_leaf()` instead.
  return cls.__new__(cls, *args)
/usr/lib64/python3.12/copyreg.py:99: FutureWarning: `isinstance(treespec, LeafSpec)` is deprecated, use `isinstance(treespec, TreeSpec) and treespec.is_leaf()` instead.
  return cls.__new__(cls, *args)
/usr/lib64/python3.12/copyreg.py:99: FutureWarning: `isinstance(treespec, LeafSpec)` is deprecated, use `isinstance(treespec, TreeSpec) and treespec.is_leaf()` instead.
  return cls.__new__(cls, *args)
/usr/lib64/python3.12/copyreg.py:99: FutureWarning: `isinstance(treespec, LeafSpec)` is deprecated, use `isinstance(treespec, TreeSpec) and treespec.is_leaf()` instead.
  return cls.__new__(cls, *args)
/home/doremy/sarc-acl/executorch/main/executorch/.venv/lib64/python3.12/site-packages/executorch/exir/tensor.py:83: FutureWarning: guard_size_oblivious will be removed. Consider using explicit unbacked handling     potentially utilizing guard_or_false, guard_or_true, or statically_known_true
  return guard_size_oblivious(self.stride < other.stride)
INFO:root:Operators included in this Vulkan partition: 
INFO:root:    dim_order_ops._to_dim_order_copy.default
INFO:root:    aten.squeeze_copy.dims
INFO:root:    aten.expand_copy.default
INFO:root:    aten._weight_int8pack_mm.default
INFO:root:    aten.permute_copy.default
INFO:root:    aten.mean.dim
INFO:root:    aten.sub.Tensor
INFO:root:    aten.full_like.default
INFO:root:    aten.bmm.default
INFO:root:    et_vk.prepack.default
INFO:root:    aten.unsqueeze_copy.default
INFO:root:    aten.sigmoid.default
INFO:root:    aten.rsqrt.default
INFO:root:    aten.view_copy.default
INFO:root:    aten.slice_copy.Tensor
INFO:root:    aten.mul.Tensor
INFO:root:    aten.add.Tensor
INFO:root:    aten.where.self
INFO:root:    aten._softmax.default
/usr/lib64/python3.12/copyreg.py:99: FutureWarning: `isinstance(treespec, LeafSpec)` is deprecated, use `isinstance(treespec, TreeSpec) and treespec.is_leaf()` instead.
  return cls.__new__(cls, *args)
/usr/lib64/python3.12/copyreg.py:99: FutureWarning: `isinstance(treespec, LeafSpec)` is deprecated, use `isinstance(treespec, TreeSpec) and treespec.is_leaf()` instead.
  return cls.__new__(cls, *args)
/usr/lib64/python3.12/copyreg.py:99: FutureWarning: `isinstance(treespec, LeafSpec)` is deprecated, use `isinstance(treespec, TreeSpec) and treespec.is_leaf()` instead.
  return cls.__new__(cls, *args)
/usr/lib64/python3.12/copyreg.py:99: FutureWarning: `isinstance(treespec, LeafSpec)` is deprecated, use `isinstance(treespec, TreeSpec) and treespec.is_leaf()` instead.
  return cls.__new__(cls, *args)
/home/doremy/sarc-acl/executorch/main/executorch/.venv/lib64/python3.12/site-packages/executorch/exir/tensor.py:83: FutureWarning: guard_size_oblivious will be removed. Consider using explicit unbacked handling     potentially utilizing guard_or_false, guard_or_true, or statically_known_true
  return guard_size_oblivious(self.stride < other.stride)
INFO:root:Operators included in this Vulkan partition: 
INFO:root:    dim_order_ops._to_dim_order_copy.default
INFO:root:    aten.view_copy.default
INFO:root:    aten.expand_copy.default
INFO:root:    aten.permute_copy.default
INFO:root:    aten.unsqueeze_copy.default
/usr/lib64/python3.12/copyreg.py:99: FutureWarning: `isinstance(treespec, LeafSpec)` is deprecated, use `isinstance(treespec, TreeSpec) and treespec.is_leaf()` instead.
  return cls.__new__(cls, *args)
/usr/lib64/python3.12/copyreg.py:99: FutureWarning: `isinstance(treespec, LeafSpec)` is deprecated, use `isinstance(treespec, TreeSpec) and treespec.is_leaf()` instead.
  return cls.__new__(cls, *args)
/usr/lib64/python3.12/copyreg.py:99: FutureWarning: `isinstance(treespec, LeafSpec)` is deprecated, use `isinstance(treespec, TreeSpec) and treespec.is_leaf()` instead.
  return cls.__new__(cls, *args)
/usr/lib64/python3.12/copyreg.py:99: FutureWarning: `isinstance(treespec, LeafSpec)` is deprecated, use `isinstance(treespec, TreeSpec) and treespec.is_leaf()` instead.
  return cls.__new__(cls, *args)
/home/doremy/sarc-acl/executorch/main/executorch/.venv/lib64/python3.12/site-packages/executorch/exir/tensor.py:83: FutureWarning: guard_size_oblivious will be removed. Consider using explicit unbacked handling     potentially utilizing guard_or_false, guard_or_true, or statically_known_true
  return guard_size_oblivious(self.stride < other.stride)
INFO:root:[Vulkan Delegate] Inserting transition(s) for %aten_add_tensor : [num_users=1] = call_function[target=executorch.exir.dialects.edge._ops.aten.add.Tensor](args = (%aten_view_copy_default, %dim_order_ops__to_dim_order_copy_default), kwargs = {}):
INFO:root:   arg 1 (dim_order_ops__to_dim_order_copy_default): (TensorRepr(BUFFER, TENSOR_WIDTH_PACKED)) -> (TensorRepr(TEXTURE_3D, TENSOR_WIDTH_PACKED))
INFO:root:Operators included in this Vulkan partition: 
INFO:root:    dim_order_ops._to_dim_order_copy.default
INFO:root:    aten.squeeze_copy.dims
INFO:root:    aten.view_copy.default
INFO:root:    aten.slice_copy.Tensor
INFO:root:    aten.bmm.default
INFO:root:    et_vk.prepack.default
INFO:root:    aten.clone.default
INFO:root:    aten.add.Tensor
INFO:root:    aten.where.self
/usr/lib64/python3.12/copyreg.py:99: FutureWarning: `isinstance(treespec, LeafSpec)` is deprecated, use `isinstance(treespec, TreeSpec) and treespec.is_leaf()` instead.
  return cls.__new__(cls, *args)
/usr/lib64/python3.12/copyreg.py:99: FutureWarning: `isinstance(treespec, LeafSpec)` is deprecated, use `isinstance(treespec, TreeSpec) and treespec.is_leaf()` instead.
  return cls.__new__(cls, *args)
/usr/lib64/python3.12/copyreg.py:99: FutureWarning: `isinstance(treespec, LeafSpec)` is deprecated, use `isinstance(treespec, TreeSpec) and treespec.is_leaf()` instead.
  return cls.__new__(cls, *args)
/usr/lib64/python3.12/copyreg.py:99: FutureWarning: `isinstance(treespec, LeafSpec)` is deprecated, use `isinstance(treespec, TreeSpec) and treespec.is_leaf()` instead.
  return cls.__new__(cls, *args)
/home/doremy/sarc-acl/executorch/main/executorch/.venv/lib64/python3.12/site-packages/executorch/exir/tensor.py:83: FutureWarning: guard_size_oblivious will be removed. Consider using explicit unbacked handling     potentially utilizing guard_or_false, guard_or_true, or statically_known_true
  return guard_size_oblivious(self.stride < other.stride)
INFO:root:Operators included in this Vulkan partition: 
INFO:root:    dim_order_ops._to_dim_order_copy.default
INFO:root:    aten.squeeze_copy.dims
INFO:root:    aten.expand_copy.default
INFO:root:    aten._weight_int8pack_mm.default
INFO:root:    aten.permute_copy.default
INFO:root:    aten.mean.dim
INFO:root:    aten.sub.Tensor
INFO:root:    aten.full_like.default
INFO:root:    aten.bmm.default
INFO:root:    et_vk.prepack.default
INFO:root:    aten.unsqueeze_copy.default
INFO:root:    aten.sigmoid.default
INFO:root:    aten.rsqrt.default
INFO:root:    aten.view_copy.default
INFO:root:    aten.slice_copy.Tensor
INFO:root:    aten.mul.Tensor
INFO:root:    aten.add.Tensor
INFO:root:    aten.where.self
INFO:root:    aten._softmax.default
/usr/lib64/python3.12/copyreg.py:99: FutureWarning: `isinstance(treespec, LeafSpec)` is deprecated, use `isinstance(treespec, TreeSpec) and treespec.is_leaf()` instead.
  return cls.__new__(cls, *args)
/usr/lib64/python3.12/copyreg.py:99: FutureWarning: `isinstance(treespec, LeafSpec)` is deprecated, use `isinstance(treespec, TreeSpec) and treespec.is_leaf()` instead.
  return cls.__new__(cls, *args)
/usr/lib64/python3.12/copyreg.py:99: FutureWarning: `isinstance(treespec, LeafSpec)` is deprecated, use `isinstance(treespec, TreeSpec) and treespec.is_leaf()` instead.
  return cls.__new__(cls, *args)
/usr/lib64/python3.12/copyreg.py:99: FutureWarning: `isinstance(treespec, LeafSpec)` is deprecated, use `isinstance(treespec, TreeSpec) and treespec.is_leaf()` instead.
  return cls.__new__(cls, *args)
/home/doremy/sarc-acl/executorch/main/executorch/.venv/lib64/python3.12/site-packages/executorch/exir/tensor.py:83: FutureWarning: guard_size_oblivious will be removed. Consider using explicit unbacked handling     potentially utilizing guard_or_false, guard_or_true, or statically_known_true
  return guard_size_oblivious(self.stride < other.stride)
INFO:root:Operators included in this Vulkan partition: 
INFO:root:    dim_order_ops._to_dim_order_copy.default
INFO:root:    aten.view_copy.default
INFO:root:    aten.expand_copy.default
INFO:root:    aten.permute_copy.default
INFO:root:    aten.unsqueeze_copy.default
/usr/lib64/python3.12/copyreg.py:99: FutureWarning: `isinstance(treespec, LeafSpec)` is deprecated, use `isinstance(treespec, TreeSpec) and treespec.is_leaf()` instead.
  return cls.__new__(cls, *args)
/usr/lib64/python3.12/copyreg.py:99: FutureWarning: `isinstance(treespec, LeafSpec)` is deprecated, use `isinstance(treespec, TreeSpec) and treespec.is_leaf()` instead.
  return cls.__new__(cls, *args)
/usr/lib64/python3.12/copyreg.py:99: FutureWarning: `isinstance(treespec, LeafSpec)` is deprecated, use `isinstance(treespec, TreeSpec) and treespec.is_leaf()` instead.
  return cls.__new__(cls, *args)
/usr/lib64/python3.12/copyreg.py:99: FutureWarning: `isinstance(treespec, LeafSpec)` is deprecated, use `isinstance(treespec, TreeSpec) and treespec.is_leaf()` instead.
  return cls.__new__(cls, *args)
/home/doremy/sarc-acl/executorch/main/executorch/.venv/lib64/python3.12/site-packages/executorch/exir/tensor.py:83: FutureWarning: guard_size_oblivious will be removed. Consider using explicit unbacked handling     potentially utilizing guard_or_false, guard_or_true, or statically_known_true
  return guard_size_oblivious(self.stride < other.stride)
INFO:root:[Vulkan Delegate] Inserting transition(s) for %aten_add_tensor : [num_users=1] = call_function[target=executorch.exir.dialects.edge._ops.aten.add.Tensor](args = (%aten_view_copy_default, %dim_order_ops__to_dim_order_copy_default), kwargs = {}):
INFO:root:   arg 1 (dim_order_ops__to_dim_order_copy_default): (TensorRepr(BUFFER, TENSOR_WIDTH_PACKED)) -> (TensorRepr(TEXTURE_3D, TENSOR_WIDTH_PACKED))
INFO:root:Operators included in this Vulkan partition: 
INFO:root:    dim_order_ops._to_dim_order_copy.default
INFO:root:    aten.squeeze_copy.dims
INFO:root:    aten.view_copy.default
INFO:root:    aten.slice_copy.Tensor
INFO:root:    aten.bmm.default
INFO:root:    et_vk.prepack.default
INFO:root:    aten.clone.default
INFO:root:    aten.add.Tensor
INFO:root:    aten.where.self
/usr/lib64/python3.12/copyreg.py:99: FutureWarning: `isinstance(treespec, LeafSpec)` is deprecated, use `isinstance(treespec, TreeSpec) and treespec.is_leaf()` instead.
  return cls.__new__(cls, *args)
/usr/lib64/python3.12/copyreg.py:99: FutureWarning: `isinstance(treespec, LeafSpec)` is deprecated, use `isinstance(treespec, TreeSpec) and treespec.is_leaf()` instead.
  return cls.__new__(cls, *args)
/usr/lib64/python3.12/copyreg.py:99: FutureWarning: `isinstance(treespec, LeafSpec)` is deprecated, use `isinstance(treespec, TreeSpec) and treespec.is_leaf()` instead.
  return cls.__new__(cls, *args)
/usr/lib64/python3.12/copyreg.py:99: FutureWarning: `isinstance(treespec, LeafSpec)` is deprecated, use `isinstance(treespec, TreeSpec) and treespec.is_leaf()` instead.
  return cls.__new__(cls, *args)
/home/doremy/sarc-acl/executorch/main/executorch/.venv/lib64/python3.12/site-packages/executorch/exir/tensor.py:83: FutureWarning: guard_size_oblivious will be removed. Consider using explicit unbacked handling     potentially utilizing guard_or_false, guard_or_true, or statically_known_true
  return guard_size_oblivious(self.stride < other.stride)
INFO:root:Operators included in this Vulkan partition: 
INFO:root:    dim_order_ops._to_dim_order_copy.default
INFO:root:    aten.squeeze_copy.dims
INFO:root:    aten.expand_copy.default
INFO:root:    aten._weight_int8pack_mm.default
INFO:root:    aten.permute_copy.default
INFO:root:    aten.mean.dim
INFO:root:    aten.sub.Tensor
INFO:root:    aten.full_like.default
INFO:root:    aten.bmm.default
INFO:root:    et_vk.prepack.default
INFO:root:    aten.unsqueeze_copy.default
INFO:root:    aten.sigmoid.default
INFO:root:    aten.rsqrt.default
INFO:root:    aten.view_copy.default
INFO:root:    aten.slice_copy.Tensor
INFO:root:    aten.mul.Tensor
INFO:root:    aten.add.Tensor
INFO:root:    aten.where.self
INFO:root:    aten._softmax.default
/usr/lib64/python3.12/copyreg.py:99: FutureWarning: `isinstance(treespec, LeafSpec)` is deprecated, use `isinstance(treespec, TreeSpec) and treespec.is_leaf()` instead.
  return cls.__new__(cls, *args)
/usr/lib64/python3.12/copyreg.py:99: FutureWarning: `isinstance(treespec, LeafSpec)` is deprecated, use `isinstance(treespec, TreeSpec) and treespec.is_leaf()` instead.
  return cls.__new__(cls, *args)
/usr/lib64/python3.12/copyreg.py:99: FutureWarning: `isinstance(treespec, LeafSpec)` is deprecated, use `isinstance(treespec, TreeSpec) and treespec.is_leaf()` instead.
  return cls.__new__(cls, *args)
/usr/lib64/python3.12/copyreg.py:99: FutureWarning: `isinstance(treespec, LeafSpec)` is deprecated, use `isinstance(treespec, TreeSpec) and treespec.is_leaf()` instead.
  return cls.__new__(cls, *args)
/home/doremy/sarc-acl/executorch/main/executorch/.venv/lib64/python3.12/site-packages/executorch/exir/tensor.py:83: FutureWarning: guard_size_oblivious will be removed. Consider using explicit unbacked handling     potentially utilizing guard_or_false, guard_or_true, or statically_known_true
  return guard_size_oblivious(self.stride < other.stride)
INFO:root:Operators included in this Vulkan partition: 
INFO:root:    dim_order_ops._to_dim_order_copy.default
INFO:root:    aten.view_copy.default
INFO:root:    aten.expand_copy.default
INFO:root:    aten.permute_copy.default
INFO:root:    aten.unsqueeze_copy.default
/usr/lib64/python3.12/copyreg.py:99: FutureWarning: `isinstance(treespec, LeafSpec)` is deprecated, use `isinstance(treespec, TreeSpec) and treespec.is_leaf()` instead.
  return cls.__new__(cls, *args)
/usr/lib64/python3.12/copyreg.py:99: FutureWarning: `isinstance(treespec, LeafSpec)` is deprecated, use `isinstance(treespec, TreeSpec) and treespec.is_leaf()` instead.
  return cls.__new__(cls, *args)
/usr/lib64/python3.12/copyreg.py:99: FutureWarning: `isinstance(treespec, LeafSpec)` is deprecated, use `isinstance(treespec, TreeSpec) and treespec.is_leaf()` instead.
  return cls.__new__(cls, *args)
/usr/lib64/python3.12/copyreg.py:99: FutureWarning: `isinstance(treespec, LeafSpec)` is deprecated, use `isinstance(treespec, TreeSpec) and treespec.is_leaf()` instead.
  return cls.__new__(cls, *args)
/home/doremy/sarc-acl/executorch/main/executorch/.venv/lib64/python3.12/site-packages/executorch/exir/tensor.py:83: FutureWarning: guard_size_oblivious will be removed. Consider using explicit unbacked handling     potentially utilizing guard_or_false, guard_or_true, or statically_known_true
  return guard_size_oblivious(self.stride < other.stride)
INFO:root:[Vulkan Delegate] Inserting transition(s) for %aten_add_tensor : [num_users=1] = call_function[target=executorch.exir.dialects.edge._ops.aten.add.Tensor](args = (%aten_view_copy_default, %dim_order_ops__to_dim_order_copy_default), kwargs = {}):
INFO:root:   arg 1 (dim_order_ops__to_dim_order_copy_default): (TensorRepr(BUFFER, TENSOR_WIDTH_PACKED)) -> (TensorRepr(TEXTURE_3D, TENSOR_WIDTH_PACKED))
INFO:root:Operators included in this Vulkan partition: 
INFO:root:    dim_order_ops._to_dim_order_copy.default
INFO:root:    aten.squeeze_copy.dims
INFO:root:    aten.view_copy.default
INFO:root:    aten.slice_copy.Tensor
INFO:root:    aten.bmm.default
INFO:root:    et_vk.prepack.default
INFO:root:    aten.clone.default
INFO:root:    aten.add.Tensor
INFO:root:    aten.where.self
/usr/lib64/python3.12/copyreg.py:99: FutureWarning: `isinstance(treespec, LeafSpec)` is deprecated, use `isinstance(treespec, TreeSpec) and treespec.is_leaf()` instead.
  return cls.__new__(cls, *args)
/usr/lib64/python3.12/copyreg.py:99: FutureWarning: `isinstance(treespec, LeafSpec)` is deprecated, use `isinstance(treespec, TreeSpec) and treespec.is_leaf()` instead.
  return cls.__new__(cls, *args)
/usr/lib64/python3.12/copyreg.py:99: FutureWarning: `isinstance(treespec, LeafSpec)` is deprecated, use `isinstance(treespec, TreeSpec) and treespec.is_leaf()` instead.
  return cls.__new__(cls, *args)
/usr/lib64/python3.12/copyreg.py:99: FutureWarning: `isinstance(treespec, LeafSpec)` is deprecated, use `isinstance(treespec, TreeSpec) and treespec.is_leaf()` instead.
  return cls.__new__(cls, *args)
/home/doremy/sarc-acl/executorch/main/executorch/.venv/lib64/python3.12/site-packages/executorch/exir/tensor.py:83: FutureWarning: guard_size_oblivious will be removed. Consider using explicit unbacked handling     potentially utilizing guard_or_false, guard_or_true, or statically_known_true
  return guard_size_oblivious(self.stride < other.stride)
INFO:root:Operators included in this Vulkan partition: 
INFO:root:    dim_order_ops._to_dim_order_copy.default
INFO:root:    aten.squeeze_copy.dims
INFO:root:    aten.expand_copy.default
INFO:root:    aten._weight_int8pack_mm.default
INFO:root:    aten.permute_copy.default
INFO:root:    aten.mean.dim
INFO:root:    aten.sub.Tensor
INFO:root:    aten.full_like.default
INFO:root:    aten.bmm.default
INFO:root:    et_vk.prepack.default
INFO:root:    aten.unsqueeze_copy.default
INFO:root:    aten.sigmoid.default
INFO:root:    aten.rsqrt.default
INFO:root:    aten.view_copy.default
INFO:root:    aten.slice_copy.Tensor
INFO:root:    aten.mul.Tensor
INFO:root:    aten.add.Tensor
INFO:root:    aten.where.self
INFO:root:    aten._softmax.default
/usr/lib64/python3.12/copyreg.py:99: FutureWarning: `isinstance(treespec, LeafSpec)` is deprecated, use `isinstance(treespec, TreeSpec) and treespec.is_leaf()` instead.
  return cls.__new__(cls, *args)
/usr/lib64/python3.12/copyreg.py:99: FutureWarning: `isinstance(treespec, LeafSpec)` is deprecated, use `isinstance(treespec, TreeSpec) and treespec.is_leaf()` instead.
  return cls.__new__(cls, *args)
/usr/lib64/python3.12/copyreg.py:99: FutureWarning: `isinstance(treespec, LeafSpec)` is deprecated, use `isinstance(treespec, TreeSpec) and treespec.is_leaf()` instead.
  return cls.__new__(cls, *args)
/usr/lib64/python3.12/copyreg.py:99: FutureWarning: `isinstance(treespec, LeafSpec)` is deprecated, use `isinstance(treespec, TreeSpec) and treespec.is_leaf()` instead.
  return cls.__new__(cls, *args)
/home/doremy/sarc-acl/executorch/main/executorch/.venv/lib64/python3.12/site-packages/executorch/exir/tensor.py:83: FutureWarning: guard_size_oblivious will be removed. Consider using explicit unbacked handling     potentially utilizing guard_or_false, guard_or_true, or statically_known_true
  return guard_size_oblivious(self.stride < other.stride)
INFO:root:Operators included in this Vulkan partition: 
INFO:root:    dim_order_ops._to_dim_order_copy.default
INFO:root:    aten.view_copy.default
INFO:root:    aten.expand_copy.default
INFO:root:    aten.permute_copy.default
INFO:root:    aten.unsqueeze_copy.default
/usr/lib64/python3.12/copyreg.py:99: FutureWarning: `isinstance(treespec, LeafSpec)` is deprecated, use `isinstance(treespec, TreeSpec) and treespec.is_leaf()` instead.
  return cls.__new__(cls, *args)
/usr/lib64/python3.12/copyreg.py:99: FutureWarning: `isinstance(treespec, LeafSpec)` is deprecated, use `isinstance(treespec, TreeSpec) and treespec.is_leaf()` instead.
  return cls.__new__(cls, *args)
/usr/lib64/python3.12/copyreg.py:99: FutureWarning: `isinstance(treespec, LeafSpec)` is deprecated, use `isinstance(treespec, TreeSpec) and treespec.is_leaf()` instead.
  return cls.__new__(cls, *args)
/usr/lib64/python3.12/copyreg.py:99: FutureWarning: `isinstance(treespec, LeafSpec)` is deprecated, use `isinstance(treespec, TreeSpec) and treespec.is_leaf()` instead.
  return cls.__new__(cls, *args)
/home/doremy/sarc-acl/executorch/main/executorch/.venv/lib64/python3.12/site-packages/executorch/exir/tensor.py:83: FutureWarning: guard_size_oblivious will be removed. Consider using explicit unbacked handling     potentially utilizing guard_or_false, guard_or_true, or statically_known_true
  return guard_size_oblivious(self.stride < other.stride)
INFO:root:[Vulkan Delegate] Inserting transition(s) for %aten_add_tensor : [num_users=1] = call_function[target=executorch.exir.dialects.edge._ops.aten.add.Tensor](args = (%aten_view_copy_default, %dim_order_ops__to_dim_order_copy_default), kwargs = {}):
INFO:root:   arg 1 (dim_order_ops__to_dim_order_copy_default): (TensorRepr(BUFFER, TENSOR_WIDTH_PACKED)) -> (TensorRepr(TEXTURE_3D, TENSOR_WIDTH_PACKED))
INFO:root:Operators included in this Vulkan partition: 
INFO:root:    dim_order_ops._to_dim_order_copy.default
INFO:root:    aten.squeeze_copy.dims
INFO:root:    aten.view_copy.default
INFO:root:    aten.slice_copy.Tensor
INFO:root:    aten.bmm.default
INFO:root:    et_vk.prepack.default
INFO:root:    aten.clone.default
INFO:root:    aten.add.Tensor
INFO:root:    aten.where.self
/usr/lib64/python3.12/copyreg.py:99: FutureWarning: `isinstance(treespec, LeafSpec)` is deprecated, use `isinstance(treespec, TreeSpec) and treespec.is_leaf()` instead.
  return cls.__new__(cls, *args)
/usr/lib64/python3.12/copyreg.py:99: FutureWarning: `isinstance(treespec, LeafSpec)` is deprecated, use `isinstance(treespec, TreeSpec) and treespec.is_leaf()` instead.
  return cls.__new__(cls, *args)
/usr/lib64/python3.12/copyreg.py:99: FutureWarning: `isinstance(treespec, LeafSpec)` is deprecated, use `isinstance(treespec, TreeSpec) and treespec.is_leaf()` instead.
  return cls.__new__(cls, *args)
/usr/lib64/python3.12/copyreg.py:99: FutureWarning: `isinstance(treespec, LeafSpec)` is deprecated, use `isinstance(treespec, TreeSpec) and treespec.is_leaf()` instead.
  return cls.__new__(cls, *args)
/home/doremy/sarc-acl/executorch/main/executorch/.venv/lib64/python3.12/site-packages/executorch/exir/tensor.py:83: FutureWarning: guard_size_oblivious will be removed. Consider using explicit unbacked handling     potentially utilizing guard_or_false, guard_or_true, or statically_known_true
  return guard_size_oblivious(self.stride < other.stride)
INFO:root:Operators included in this Vulkan partition: 
INFO:root:    dim_order_ops._to_dim_order_copy.default
INFO:root:    aten.squeeze_copy.dims
INFO:root:    aten.expand_copy.default
INFO:root:    aten._weight_int8pack_mm.default
INFO:root:    aten.permute_copy.default
INFO:root:    aten.mean.dim
INFO:root:    aten.sub.Tensor
INFO:root:    aten.full_like.default
INFO:root:    aten.bmm.default
INFO:root:    et_vk.prepack.default
INFO:root:    aten.unsqueeze_copy.default
INFO:root:    aten.sigmoid.default
INFO:root:    aten.rsqrt.default
INFO:root:    aten.view_copy.default
INFO:root:    aten.slice_copy.Tensor
INFO:root:    aten.mul.Tensor
INFO:root:    aten.add.Tensor
INFO:root:    aten.where.self
INFO:root:    aten._softmax.default
/usr/lib64/python3.12/copyreg.py:99: FutureWarning: `isinstance(treespec, LeafSpec)` is deprecated, use `isinstance(treespec, TreeSpec) and treespec.is_leaf()` instead.
  return cls.__new__(cls, *args)
/usr/lib64/python3.12/copyreg.py:99: FutureWarning: `isinstance(treespec, LeafSpec)` is deprecated, use `isinstance(treespec, TreeSpec) and treespec.is_leaf()` instead.
  return cls.__new__(cls, *args)
/usr/lib64/python3.12/copyreg.py:99: FutureWarning: `isinstance(treespec, LeafSpec)` is deprecated, use `isinstance(treespec, TreeSpec) and treespec.is_leaf()` instead.
  return cls.__new__(cls, *args)
/usr/lib64/python3.12/copyreg.py:99: FutureWarning: `isinstance(treespec, LeafSpec)` is deprecated, use `isinstance(treespec, TreeSpec) and treespec.is_leaf()` instead.
  return cls.__new__(cls, *args)
/home/doremy/sarc-acl/executorch/main/executorch/.venv/lib64/python3.12/site-packages/executorch/exir/tensor.py:83: FutureWarning: guard_size_oblivious will be removed. Consider using explicit unbacked handling     potentially utilizing guard_or_false, guard_or_true, or statically_known_true
  return guard_size_oblivious(self.stride < other.stride)
INFO:root:Operators included in this Vulkan partition: 
INFO:root:    dim_order_ops._to_dim_order_copy.default
INFO:root:    aten.view_copy.default
INFO:root:    aten.expand_copy.default
INFO:root:    aten.permute_copy.default
INFO:root:    aten.unsqueeze_copy.default
/usr/lib64/python3.12/copyreg.py:99: FutureWarning: `isinstance(treespec, LeafSpec)` is deprecated, use `isinstance(treespec, TreeSpec) and treespec.is_leaf()` instead.
  return cls.__new__(cls, *args)
/usr/lib64/python3.12/copyreg.py:99: FutureWarning: `isinstance(treespec, LeafSpec)` is deprecated, use `isinstance(treespec, TreeSpec) and treespec.is_leaf()` instead.
  return cls.__new__(cls, *args)
/usr/lib64/python3.12/copyreg.py:99: FutureWarning: `isinstance(treespec, LeafSpec)` is deprecated, use `isinstance(treespec, TreeSpec) and treespec.is_leaf()` instead.
  return cls.__new__(cls, *args)
/usr/lib64/python3.12/copyreg.py:99: FutureWarning: `isinstance(treespec, LeafSpec)` is deprecated, use `isinstance(treespec, TreeSpec) and treespec.is_leaf()` instead.
  return cls.__new__(cls, *args)
/home/doremy/sarc-acl/executorch/main/executorch/.venv/lib64/python3.12/site-packages/executorch/exir/tensor.py:83: FutureWarning: guard_size_oblivious will be removed. Consider using explicit unbacked handling     potentially utilizing guard_or_false, guard_or_true, or statically_known_true
  return guard_size_oblivious(self.stride < other.stride)
INFO:root:[Vulkan Delegate] Inserting transition(s) for %aten_add_tensor : [num_users=1] = call_function[target=executorch.exir.dialects.edge._ops.aten.add.Tensor](args = (%aten_view_copy_default, %dim_order_ops__to_dim_order_copy_default), kwargs = {}):
INFO:root:   arg 1 (dim_order_ops__to_dim_order_copy_default): (TensorRepr(BUFFER, TENSOR_WIDTH_PACKED)) -> (TensorRepr(TEXTURE_3D, TENSOR_WIDTH_PACKED))
INFO:root:Operators included in this Vulkan partition: 
INFO:root:    dim_order_ops._to_dim_order_copy.default
INFO:root:    aten.squeeze_copy.dims
INFO:root:    aten.view_copy.default
INFO:root:    aten.slice_copy.Tensor
INFO:root:    aten.bmm.default
INFO:root:    et_vk.prepack.default
INFO:root:    aten.clone.default
INFO:root:    aten.add.Tensor
INFO:root:    aten.where.self
/usr/lib64/python3.12/copyreg.py:99: FutureWarning: `isinstance(treespec, LeafSpec)` is deprecated, use `isinstance(treespec, TreeSpec) and treespec.is_leaf()` instead.
  return cls.__new__(cls, *args)
/usr/lib64/python3.12/copyreg.py:99: FutureWarning: `isinstance(treespec, LeafSpec)` is deprecated, use `isinstance(treespec, TreeSpec) and treespec.is_leaf()` instead.
  return cls.__new__(cls, *args)
/usr/lib64/python3.12/copyreg.py:99: FutureWarning: `isinstance(treespec, LeafSpec)` is deprecated, use `isinstance(treespec, TreeSpec) and treespec.is_leaf()` instead.
  return cls.__new__(cls, *args)
/usr/lib64/python3.12/copyreg.py:99: FutureWarning: `isinstance(treespec, LeafSpec)` is deprecated, use `isinstance(treespec, TreeSpec) and treespec.is_leaf()` instead.
  return cls.__new__(cls, *args)
/home/doremy/sarc-acl/executorch/main/executorch/.venv/lib64/python3.12/site-packages/executorch/exir/tensor.py:83: FutureWarning: guard_size_oblivious will be removed. Consider using explicit unbacked handling     potentially utilizing guard_or_false, guard_or_true, or statically_known_true
  return guard_size_oblivious(self.stride < other.stride)
INFO:root:Operators included in this Vulkan partition: 
INFO:root:    dim_order_ops._to_dim_order_copy.default
INFO:root:    aten.squeeze_copy.dims
INFO:root:    aten.expand_copy.default
INFO:root:    aten._weight_int8pack_mm.default
INFO:root:    aten.permute_copy.default
INFO:root:    aten.mean.dim
INFO:root:    aten.sub.Tensor
INFO:root:    aten.full_like.default
INFO:root:    aten.bmm.default
INFO:root:    et_vk.prepack.default
INFO:root:    aten.unsqueeze_copy.default
INFO:root:    aten.sigmoid.default
INFO:root:    aten.rsqrt.default
INFO:root:    aten.view_copy.default
INFO:root:    aten.slice_copy.Tensor
INFO:root:    aten.mul.Tensor
INFO:root:    aten.add.Tensor
INFO:root:    aten.where.self
INFO:root:    aten._softmax.default
/usr/lib64/python3.12/copyreg.py:99: FutureWarning: `isinstance(treespec, LeafSpec)` is deprecated, use `isinstance(treespec, TreeSpec) and treespec.is_leaf()` instead.
  return cls.__new__(cls, *args)
/usr/lib64/python3.12/copyreg.py:99: FutureWarning: `isinstance(treespec, LeafSpec)` is deprecated, use `isinstance(treespec, TreeSpec) and treespec.is_leaf()` instead.
  return cls.__new__(cls, *args)
/usr/lib64/python3.12/copyreg.py:99: FutureWarning: `isinstance(treespec, LeafSpec)` is deprecated, use `isinstance(treespec, TreeSpec) and treespec.is_leaf()` instead.
  return cls.__new__(cls, *args)
/usr/lib64/python3.12/copyreg.py:99: FutureWarning: `isinstance(treespec, LeafSpec)` is deprecated, use `isinstance(treespec, TreeSpec) and treespec.is_leaf()` instead.
  return cls.__new__(cls, *args)
/home/doremy/sarc-acl/executorch/main/executorch/.venv/lib64/python3.12/site-packages/executorch/exir/tensor.py:83: FutureWarning: guard_size_oblivious will be removed. Consider using explicit unbacked handling     potentially utilizing guard_or_false, guard_or_true, or statically_known_true
  return guard_size_oblivious(self.stride < other.stride)
INFO:root:Operators included in this Vulkan partition: 
INFO:root:    dim_order_ops._to_dim_order_copy.default
INFO:root:    aten.view_copy.default
INFO:root:    aten.expand_copy.default
INFO:root:    aten.permute_copy.default
INFO:root:    aten.unsqueeze_copy.default
/usr/lib64/python3.12/copyreg.py:99: FutureWarning: `isinstance(treespec, LeafSpec)` is deprecated, use `isinstance(treespec, TreeSpec) and treespec.is_leaf()` instead.
  return cls.__new__(cls, *args)
/usr/lib64/python3.12/copyreg.py:99: FutureWarning: `isinstance(treespec, LeafSpec)` is deprecated, use `isinstance(treespec, TreeSpec) and treespec.is_leaf()` instead.
  return cls.__new__(cls, *args)
/usr/lib64/python3.12/copyreg.py:99: FutureWarning: `isinstance(treespec, LeafSpec)` is deprecated, use `isinstance(treespec, TreeSpec) and treespec.is_leaf()` instead.
  return cls.__new__(cls, *args)
/usr/lib64/python3.12/copyreg.py:99: FutureWarning: `isinstance(treespec, LeafSpec)` is deprecated, use `isinstance(treespec, TreeSpec) and treespec.is_leaf()` instead.
  return cls.__new__(cls, *args)
/home/doremy/sarc-acl/executorch/main/executorch/.venv/lib64/python3.12/site-packages/executorch/exir/tensor.py:83: FutureWarning: guard_size_oblivious will be removed. Consider using explicit unbacked handling     potentially utilizing guard_or_false, guard_or_true, or statically_known_true
  return guard_size_oblivious(self.stride < other.stride)
INFO:root:[Vulkan Delegate] Inserting transition(s) for %aten_add_tensor : [num_users=1] = call_function[target=executorch.exir.dialects.edge._ops.aten.add.Tensor](args = (%aten_view_copy_default, %dim_order_ops__to_dim_order_copy_default), kwargs = {}):
INFO:root:   arg 1 (dim_order_ops__to_dim_order_copy_default): (TensorRepr(BUFFER, TENSOR_WIDTH_PACKED)) -> (TensorRepr(TEXTURE_3D, TENSOR_WIDTH_PACKED))
INFO:root:Operators included in this Vulkan partition: 
INFO:root:    dim_order_ops._to_dim_order_copy.default
INFO:root:    aten.squeeze_copy.dims
INFO:root:    aten.view_copy.default
INFO:root:    aten.slice_copy.Tensor
INFO:root:    aten.bmm.default
INFO:root:    et_vk.prepack.default
INFO:root:    aten.clone.default
INFO:root:    aten.add.Tensor
INFO:root:    aten.where.self
/usr/lib64/python3.12/copyreg.py:99: FutureWarning: `isinstance(treespec, LeafSpec)` is deprecated, use `isinstance(treespec, TreeSpec) and treespec.is_leaf()` instead.
  return cls.__new__(cls, *args)
/usr/lib64/python3.12/copyreg.py:99: FutureWarning: `isinstance(treespec, LeafSpec)` is deprecated, use `isinstance(treespec, TreeSpec) and treespec.is_leaf()` instead.
  return cls.__new__(cls, *args)
/usr/lib64/python3.12/copyreg.py:99: FutureWarning: `isinstance(treespec, LeafSpec)` is deprecated, use `isinstance(treespec, TreeSpec) and treespec.is_leaf()` instead.
  return cls.__new__(cls, *args)
/usr/lib64/python3.12/copyreg.py:99: FutureWarning: `isinstance(treespec, LeafSpec)` is deprecated, use `isinstance(treespec, TreeSpec) and treespec.is_leaf()` instead.
  return cls.__new__(cls, *args)
/home/doremy/sarc-acl/executorch/main/executorch/.venv/lib64/python3.12/site-packages/executorch/exir/tensor.py:83: FutureWarning: guard_size_oblivious will be removed. Consider using explicit unbacked handling     potentially utilizing guard_or_false, guard_or_true, or statically_known_true
  return guard_size_oblivious(self.stride < other.stride)
INFO:root:Operators included in this Vulkan partition: 
INFO:root:    dim_order_ops._to_dim_order_copy.default
INFO:root:    aten.squeeze_copy.dims
INFO:root:    aten.expand_copy.default
INFO:root:    aten._weight_int8pack_mm.default
INFO:root:    aten.permute_copy.default
INFO:root:    aten.mean.dim
INFO:root:    aten.sub.Tensor
INFO:root:    aten.full_like.default
INFO:root:    aten.bmm.default
INFO:root:    et_vk.prepack.default
INFO:root:    aten.unsqueeze_copy.default
INFO:root:    aten.sigmoid.default
INFO:root:    aten.rsqrt.default
INFO:root:    aten.view_copy.default
INFO:root:    aten.slice_copy.Tensor
INFO:root:    aten.mul.Tensor
INFO:root:    aten.add.Tensor
INFO:root:    aten.where.self
INFO:root:    aten._softmax.default
/usr/lib64/python3.12/copyreg.py:99: FutureWarning: `isinstance(treespec, LeafSpec)` is deprecated, use `isinstance(treespec, TreeSpec) and treespec.is_leaf()` instead.
  return cls.__new__(cls, *args)
/usr/lib64/python3.12/copyreg.py:99: FutureWarning: `isinstance(treespec, LeafSpec)` is deprecated, use `isinstance(treespec, TreeSpec) and treespec.is_leaf()` instead.
  return cls.__new__(cls, *args)
/usr/lib64/python3.12/copyreg.py:99: FutureWarning: `isinstance(treespec, LeafSpec)` is deprecated, use `isinstance(treespec, TreeSpec) and treespec.is_leaf()` instead.
  return cls.__new__(cls, *args)
/usr/lib64/python3.12/copyreg.py:99: FutureWarning: `isinstance(treespec, LeafSpec)` is deprecated, use `isinstance(treespec, TreeSpec) and treespec.is_leaf()` instead.
  return cls.__new__(cls, *args)
/home/doremy/sarc-acl/executorch/main/executorch/.venv/lib64/python3.12/site-packages/executorch/exir/tensor.py:83: FutureWarning: guard_size_oblivious will be removed. Consider using explicit unbacked handling     potentially utilizing guard_or_false, guard_or_true, or statically_known_true
  return guard_size_oblivious(self.stride < other.stride)
INFO:root:Operators included in this Vulkan partition: 
INFO:root:    dim_order_ops._to_dim_order_copy.default
INFO:root:    aten.view_copy.default
INFO:root:    aten.expand_copy.default
INFO:root:    aten.permute_copy.default
INFO:root:    aten.unsqueeze_copy.default
/usr/lib64/python3.12/copyreg.py:99: FutureWarning: `isinstance(treespec, LeafSpec)` is deprecated, use `isinstance(treespec, TreeSpec) and treespec.is_leaf()` instead.
  return cls.__new__(cls, *args)
/usr/lib64/python3.12/copyreg.py:99: FutureWarning: `isinstance(treespec, LeafSpec)` is deprecated, use `isinstance(treespec, TreeSpec) and treespec.is_leaf()` instead.
  return cls.__new__(cls, *args)
/usr/lib64/python3.12/copyreg.py:99: FutureWarning: `isinstance(treespec, LeafSpec)` is deprecated, use `isinstance(treespec, TreeSpec) and treespec.is_leaf()` instead.
  return cls.__new__(cls, *args)
/usr/lib64/python3.12/copyreg.py:99: FutureWarning: `isinstance(treespec, LeafSpec)` is deprecated, use `isinstance(treespec, TreeSpec) and treespec.is_leaf()` instead.
  return cls.__new__(cls, *args)
/home/doremy/sarc-acl/executorch/main/executorch/.venv/lib64/python3.12/site-packages/executorch/exir/tensor.py:83: FutureWarning: guard_size_oblivious will be removed. Consider using explicit unbacked handling     potentially utilizing guard_or_false, guard_or_true, or statically_known_true
  return guard_size_oblivious(self.stride < other.stride)
INFO:root:[Vulkan Delegate] Inserting transition(s) for %aten_add_tensor : [num_users=1] = call_function[target=executorch.exir.dialects.edge._ops.aten.add.Tensor](args = (%aten_view_copy_default, %dim_order_ops__to_dim_order_copy_default), kwargs = {}):
INFO:root:   arg 1 (dim_order_ops__to_dim_order_copy_default): (TensorRepr(BUFFER, TENSOR_WIDTH_PACKED)) -> (TensorRepr(TEXTURE_3D, TENSOR_WIDTH_PACKED))
INFO:root:Operators included in this Vulkan partition: 
INFO:root:    dim_order_ops._to_dim_order_copy.default
INFO:root:    aten.squeeze_copy.dims
INFO:root:    aten.view_copy.default
INFO:root:    aten.slice_copy.Tensor
INFO:root:    aten.bmm.default
INFO:root:    et_vk.prepack.default
INFO:root:    aten.clone.default
INFO:root:    aten.add.Tensor
INFO:root:    aten.where.self
/usr/lib64/python3.12/copyreg.py:99: FutureWarning: `isinstance(treespec, LeafSpec)` is deprecated, use `isinstance(treespec, TreeSpec) and treespec.is_leaf()` instead.
  return cls.__new__(cls, *args)
/usr/lib64/python3.12/copyreg.py:99: FutureWarning: `isinstance(treespec, LeafSpec)` is deprecated, use `isinstance(treespec, TreeSpec) and treespec.is_leaf()` instead.
  return cls.__new__(cls, *args)
/usr/lib64/python3.12/copyreg.py:99: FutureWarning: `isinstance(treespec, LeafSpec)` is deprecated, use `isinstance(treespec, TreeSpec) and treespec.is_leaf()` instead.
  return cls.__new__(cls, *args)
/usr/lib64/python3.12/copyreg.py:99: FutureWarning: `isinstance(treespec, LeafSpec)` is deprecated, use `isinstance(treespec, TreeSpec) and treespec.is_leaf()` instead.
  return cls.__new__(cls, *args)
/home/doremy/sarc-acl/executorch/main/executorch/.venv/lib64/python3.12/site-packages/executorch/exir/tensor.py:83: FutureWarning: guard_size_oblivious will be removed. Consider using explicit unbacked handling     potentially utilizing guard_or_false, guard_or_true, or statically_known_true
  return guard_size_oblivious(self.stride < other.stride)
INFO:root:Operators included in this Vulkan partition: 
INFO:root:    dim_order_ops._to_dim_order_copy.default
INFO:root:    aten.squeeze_copy.dims
INFO:root:    aten.expand_copy.default
INFO:root:    aten._weight_int8pack_mm.default
INFO:root:    aten.permute_copy.default
INFO:root:    aten.mean.dim
INFO:root:    aten.sub.Tensor
INFO:root:    aten.full_like.default
INFO:root:    aten.bmm.default
INFO:root:    et_vk.prepack.default
INFO:root:    aten.unsqueeze_copy.default
INFO:root:    aten.sigmoid.default
INFO:root:    aten.rsqrt.default
INFO:root:    aten.view_copy.default
INFO:root:    aten.slice_copy.Tensor
INFO:root:    aten.mul.Tensor
INFO:root:    aten.add.Tensor
INFO:root:    aten.where.self
INFO:root:    aten._softmax.default
/usr/lib64/python3.12/copyreg.py:99: FutureWarning: `isinstance(treespec, LeafSpec)` is deprecated, use `isinstance(treespec, TreeSpec) and treespec.is_leaf()` instead.
  return cls.__new__(cls, *args)
/usr/lib64/python3.12/copyreg.py:99: FutureWarning: `isinstance(treespec, LeafSpec)` is deprecated, use `isinstance(treespec, TreeSpec) and treespec.is_leaf()` instead.
  return cls.__new__(cls, *args)
/usr/lib64/python3.12/copyreg.py:99: FutureWarning: `isinstance(treespec, LeafSpec)` is deprecated, use `isinstance(treespec, TreeSpec) and treespec.is_leaf()` instead.
  return cls.__new__(cls, *args)
/usr/lib64/python3.12/copyreg.py:99: FutureWarning: `isinstance(treespec, LeafSpec)` is deprecated, use `isinstance(treespec, TreeSpec) and treespec.is_leaf()` instead.
  return cls.__new__(cls, *args)
/home/doremy/sarc-acl/executorch/main/executorch/.venv/lib64/python3.12/site-packages/executorch/exir/tensor.py:83: FutureWarning: guard_size_oblivious will be removed. Consider using explicit unbacked handling     potentially utilizing guard_or_false, guard_or_true, or statically_known_true
  return guard_size_oblivious(self.stride < other.stride)
INFO:root:Operators included in this Vulkan partition: 
INFO:root:    dim_order_ops._to_dim_order_copy.default
INFO:root:    aten.view_copy.default
INFO:root:    aten.expand_copy.default
INFO:root:    aten.permute_copy.default
INFO:root:    aten.unsqueeze_copy.default
/usr/lib64/python3.12/copyreg.py:99: FutureWarning: `isinstance(treespec, LeafSpec)` is deprecated, use `isinstance(treespec, TreeSpec) and treespec.is_leaf()` instead.
  return cls.__new__(cls, *args)
/usr/lib64/python3.12/copyreg.py:99: FutureWarning: `isinstance(treespec, LeafSpec)` is deprecated, use `isinstance(treespec, TreeSpec) and treespec.is_leaf()` instead.
  return cls.__new__(cls, *args)
/usr/lib64/python3.12/copyreg.py:99: FutureWarning: `isinstance(treespec, LeafSpec)` is deprecated, use `isinstance(treespec, TreeSpec) and treespec.is_leaf()` instead.
  return cls.__new__(cls, *args)
/usr/lib64/python3.12/copyreg.py:99: FutureWarning: `isinstance(treespec, LeafSpec)` is deprecated, use `isinstance(treespec, TreeSpec) and treespec.is_leaf()` instead.
  return cls.__new__(cls, *args)
/home/doremy/sarc-acl/executorch/main/executorch/.venv/lib64/python3.12/site-packages/executorch/exir/tensor.py:83: FutureWarning: guard_size_oblivious will be removed. Consider using explicit unbacked handling     potentially utilizing guard_or_false, guard_or_true, or statically_known_true
  return guard_size_oblivious(self.stride < other.stride)
INFO:root:[Vulkan Delegate] Inserting transition(s) for %aten_add_tensor : [num_users=1] = call_function[target=executorch.exir.dialects.edge._ops.aten.add.Tensor](args = (%aten_view_copy_default, %dim_order_ops__to_dim_order_copy_default), kwargs = {}):
INFO:root:   arg 1 (dim_order_ops__to_dim_order_copy_default): (TensorRepr(BUFFER, TENSOR_WIDTH_PACKED)) -> (TensorRepr(TEXTURE_3D, TENSOR_WIDTH_PACKED))
INFO:root:Operators included in this Vulkan partition: 
INFO:root:    dim_order_ops._to_dim_order_copy.default
INFO:root:    aten.squeeze_copy.dims
INFO:root:    aten.view_copy.default
INFO:root:    aten.slice_copy.Tensor
INFO:root:    aten.bmm.default
INFO:root:    et_vk.prepack.default
INFO:root:    aten.clone.default
INFO:root:    aten.add.Tensor
INFO:root:    aten.where.self
/usr/lib64/python3.12/copyreg.py:99: FutureWarning: `isinstance(treespec, LeafSpec)` is deprecated, use `isinstance(treespec, TreeSpec) and treespec.is_leaf()` instead.
  return cls.__new__(cls, *args)
/usr/lib64/python3.12/copyreg.py:99: FutureWarning: `isinstance(treespec, LeafSpec)` is deprecated, use `isinstance(treespec, TreeSpec) and treespec.is_leaf()` instead.
  return cls.__new__(cls, *args)
/usr/lib64/python3.12/copyreg.py:99: FutureWarning: `isinstance(treespec, LeafSpec)` is deprecated, use `isinstance(treespec, TreeSpec) and treespec.is_leaf()` instead.
  return cls.__new__(cls, *args)
/usr/lib64/python3.12/copyreg.py:99: FutureWarning: `isinstance(treespec, LeafSpec)` is deprecated, use `isinstance(treespec, TreeSpec) and treespec.is_leaf()` instead.
  return cls.__new__(cls, *args)
/home/doremy/sarc-acl/executorch/main/executorch/.venv/lib64/python3.12/site-packages/executorch/exir/tensor.py:83: FutureWarning: guard_size_oblivious will be removed. Consider using explicit unbacked handling     potentially utilizing guard_or_false, guard_or_true, or statically_known_true
  return guard_size_oblivious(self.stride < other.stride)
INFO:root:Operators included in this Vulkan partition: 
INFO:root:    dim_order_ops._to_dim_order_copy.default
INFO:root:    aten.squeeze_copy.dims
INFO:root:    aten.expand_copy.default
INFO:root:    aten._weight_int8pack_mm.default
INFO:root:    aten.permute_copy.default
INFO:root:    aten.mean.dim
INFO:root:    aten.sub.Tensor
INFO:root:    aten.full_like.default
INFO:root:    aten.bmm.default
INFO:root:    et_vk.prepack.default
INFO:root:    aten.unsqueeze_copy.default
INFO:root:    aten.sigmoid.default
INFO:root:    aten.rsqrt.default
INFO:root:    aten.view_copy.default
INFO:root:    aten.slice_copy.Tensor
INFO:root:    aten.mul.Tensor
INFO:root:    aten.add.Tensor
INFO:root:    aten.where.self
INFO:root:    aten._softmax.default
/usr/lib64/python3.12/copyreg.py:99: FutureWarning: `isinstance(treespec, LeafSpec)` is deprecated, use `isinstance(treespec, TreeSpec) and treespec.is_leaf()` instead.
  return cls.__new__(cls, *args)
/usr/lib64/python3.12/copyreg.py:99: FutureWarning: `isinstance(treespec, LeafSpec)` is deprecated, use `isinstance(treespec, TreeSpec) and treespec.is_leaf()` instead.
  return cls.__new__(cls, *args)
/usr/lib64/python3.12/copyreg.py:99: FutureWarning: `isinstance(treespec, LeafSpec)` is deprecated, use `isinstance(treespec, TreeSpec) and treespec.is_leaf()` instead.
  return cls.__new__(cls, *args)
/usr/lib64/python3.12/copyreg.py:99: FutureWarning: `isinstance(treespec, LeafSpec)` is deprecated, use `isinstance(treespec, TreeSpec) and treespec.is_leaf()` instead.
  return cls.__new__(cls, *args)
/home/doremy/sarc-acl/executorch/main/executorch/.venv/lib64/python3.12/site-packages/executorch/exir/tensor.py:83: FutureWarning: guard_size_oblivious will be removed. Consider using explicit unbacked handling     potentially utilizing guard_or_false, guard_or_true, or statically_known_true
  return guard_size_oblivious(self.stride < other.stride)
INFO:root:Operators included in this Vulkan partition: 
INFO:root:    dim_order_ops._to_dim_order_copy.default
INFO:root:    aten.view_copy.default
INFO:root:    aten.expand_copy.default
INFO:root:    aten.permute_copy.default
INFO:root:    aten.unsqueeze_copy.default
/usr/lib64/python3.12/copyreg.py:99: FutureWarning: `isinstance(treespec, LeafSpec)` is deprecated, use `isinstance(treespec, TreeSpec) and treespec.is_leaf()` instead.
  return cls.__new__(cls, *args)
/usr/lib64/python3.12/copyreg.py:99: FutureWarning: `isinstance(treespec, LeafSpec)` is deprecated, use `isinstance(treespec, TreeSpec) and treespec.is_leaf()` instead.
  return cls.__new__(cls, *args)
/usr/lib64/python3.12/copyreg.py:99: FutureWarning: `isinstance(treespec, LeafSpec)` is deprecated, use `isinstance(treespec, TreeSpec) and treespec.is_leaf()` instead.
  return cls.__new__(cls, *args)
/usr/lib64/python3.12/copyreg.py:99: FutureWarning: `isinstance(treespec, LeafSpec)` is deprecated, use `isinstance(treespec, TreeSpec) and treespec.is_leaf()` instead.
  return cls.__new__(cls, *args)
/home/doremy/sarc-acl/executorch/main/executorch/.venv/lib64/python3.12/site-packages/executorch/exir/tensor.py:83: FutureWarning: guard_size_oblivious will be removed. Consider using explicit unbacked handling     potentially utilizing guard_or_false, guard_or_true, or statically_known_true
  return guard_size_oblivious(self.stride < other.stride)
INFO:root:[Vulkan Delegate] Inserting transition(s) for %aten_add_tensor : [num_users=1] = call_function[target=executorch.exir.dialects.edge._ops.aten.add.Tensor](args = (%aten_view_copy_default, %dim_order_ops__to_dim_order_copy_default), kwargs = {}):
INFO:root:   arg 1 (dim_order_ops__to_dim_order_copy_default): (TensorRepr(BUFFER, TENSOR_WIDTH_PACKED)) -> (TensorRepr(TEXTURE_3D, TENSOR_WIDTH_PACKED))
INFO:root:Operators included in this Vulkan partition: 
INFO:root:    dim_order_ops._to_dim_order_copy.default
INFO:root:    aten.squeeze_copy.dims
INFO:root:    aten.view_copy.default
INFO:root:    aten.slice_copy.Tensor
INFO:root:    aten.bmm.default
INFO:root:    et_vk.prepack.default
INFO:root:    aten.clone.default
INFO:root:    aten.add.Tensor
INFO:root:    aten.where.self
/usr/lib64/python3.12/copyreg.py:99: FutureWarning: `isinstance(treespec, LeafSpec)` is deprecated, use `isinstance(treespec, TreeSpec) and treespec.is_leaf()` instead.
  return cls.__new__(cls, *args)
/usr/lib64/python3.12/copyreg.py:99: FutureWarning: `isinstance(treespec, LeafSpec)` is deprecated, use `isinstance(treespec, TreeSpec) and treespec.is_leaf()` instead.
  return cls.__new__(cls, *args)
/usr/lib64/python3.12/copyreg.py:99: FutureWarning: `isinstance(treespec, LeafSpec)` is deprecated, use `isinstance(treespec, TreeSpec) and treespec.is_leaf()` instead.
  return cls.__new__(cls, *args)
/usr/lib64/python3.12/copyreg.py:99: FutureWarning: `isinstance(treespec, LeafSpec)` is deprecated, use `isinstance(treespec, TreeSpec) and treespec.is_leaf()` instead.
  return cls.__new__(cls, *args)
/home/doremy/sarc-acl/executorch/main/executorch/.venv/lib64/python3.12/site-packages/executorch/exir/tensor.py:83: FutureWarning: guard_size_oblivious will be removed. Consider using explicit unbacked handling     potentially utilizing guard_or_false, guard_or_true, or statically_known_true
  return guard_size_oblivious(self.stride < other.stride)
INFO:root:Operators included in this Vulkan partition: 
INFO:root:    dim_order_ops._to_dim_order_copy.default
INFO:root:    aten.squeeze_copy.dims
INFO:root:    aten.expand_copy.default
INFO:root:    aten._weight_int8pack_mm.default
INFO:root:    aten.permute_copy.default
INFO:root:    aten.mean.dim
INFO:root:    aten.sub.Tensor
INFO:root:    aten.full_like.default
INFO:root:    aten.bmm.default
INFO:root:    et_vk.prepack.default
INFO:root:    aten.unsqueeze_copy.default
INFO:root:    aten.sigmoid.default
INFO:root:    aten.rsqrt.default
INFO:root:    aten.view_copy.default
INFO:root:    aten.slice_copy.Tensor
INFO:root:    aten.mul.Tensor
INFO:root:    aten.add.Tensor
INFO:root:    aten.where.self
INFO:root:    aten._softmax.default
/usr/lib64/python3.12/copyreg.py:99: FutureWarning: `isinstance(treespec, LeafSpec)` is deprecated, use `isinstance(treespec, TreeSpec) and treespec.is_leaf()` instead.
  return cls.__new__(cls, *args)
/usr/lib64/python3.12/copyreg.py:99: FutureWarning: `isinstance(treespec, LeafSpec)` is deprecated, use `isinstance(treespec, TreeSpec) and treespec.is_leaf()` instead.
  return cls.__new__(cls, *args)
/usr/lib64/python3.12/copyreg.py:99: FutureWarning: `isinstance(treespec, LeafSpec)` is deprecated, use `isinstance(treespec, TreeSpec) and treespec.is_leaf()` instead.
  return cls.__new__(cls, *args)
/usr/lib64/python3.12/copyreg.py:99: FutureWarning: `isinstance(treespec, LeafSpec)` is deprecated, use `isinstance(treespec, TreeSpec) and treespec.is_leaf()` instead.
  return cls.__new__(cls, *args)
/home/doremy/sarc-acl/executorch/main/executorch/.venv/lib64/python3.12/site-packages/executorch/exir/tensor.py:83: FutureWarning: guard_size_oblivious will be removed. Consider using explicit unbacked handling     potentially utilizing guard_or_false, guard_or_true, or statically_known_true
  return guard_size_oblivious(self.stride < other.stride)
INFO:root:Operators included in this Vulkan partition: 
INFO:root:    dim_order_ops._to_dim_order_copy.default
INFO:root:    aten.view_copy.default
INFO:root:    aten.expand_copy.default
INFO:root:    aten.permute_copy.default
INFO:root:    aten.unsqueeze_copy.default
/usr/lib64/python3.12/copyreg.py:99: FutureWarning: `isinstance(treespec, LeafSpec)` is deprecated, use `isinstance(treespec, TreeSpec) and treespec.is_leaf()` instead.
  return cls.__new__(cls, *args)
/usr/lib64/python3.12/copyreg.py:99: FutureWarning: `isinstance(treespec, LeafSpec)` is deprecated, use `isinstance(treespec, TreeSpec) and treespec.is_leaf()` instead.
  return cls.__new__(cls, *args)
/usr/lib64/python3.12/copyreg.py:99: FutureWarning: `isinstance(treespec, LeafSpec)` is deprecated, use `isinstance(treespec, TreeSpec) and treespec.is_leaf()` instead.
  return cls.__new__(cls, *args)
/usr/lib64/python3.12/copyreg.py:99: FutureWarning: `isinstance(treespec, LeafSpec)` is deprecated, use `isinstance(treespec, TreeSpec) and treespec.is_leaf()` instead.
  return cls.__new__(cls, *args)
/home/doremy/sarc-acl/executorch/main/executorch/.venv/lib64/python3.12/site-packages/executorch/exir/tensor.py:83: FutureWarning: guard_size_oblivious will be removed. Consider using explicit unbacked handling     potentially utilizing guard_or_false, guard_or_true, or statically_known_true
  return guard_size_oblivious(self.stride < other.stride)
INFO:root:[Vulkan Delegate] Inserting transition(s) for %aten_add_tensor : [num_users=1] = call_function[target=executorch.exir.dialects.edge._ops.aten.add.Tensor](args = (%aten_view_copy_default, %dim_order_ops__to_dim_order_copy_default), kwargs = {}):
INFO:root:   arg 1 (dim_order_ops__to_dim_order_copy_default): (TensorRepr(BUFFER, TENSOR_WIDTH_PACKED)) -> (TensorRepr(TEXTURE_3D, TENSOR_WIDTH_PACKED))
INFO:root:Operators included in this Vulkan partition: 
INFO:root:    dim_order_ops._to_dim_order_copy.default
INFO:root:    aten.squeeze_copy.dims
INFO:root:    aten.view_copy.default
INFO:root:    aten.slice_copy.Tensor
INFO:root:    aten.bmm.default
INFO:root:    et_vk.prepack.default
INFO:root:    aten.clone.default
INFO:root:    aten.add.Tensor
INFO:root:    aten.where.self
/usr/lib64/python3.12/copyreg.py:99: FutureWarning: `isinstance(treespec, LeafSpec)` is deprecated, use `isinstance(treespec, TreeSpec) and treespec.is_leaf()` instead.
  return cls.__new__(cls, *args)
/usr/lib64/python3.12/copyreg.py:99: FutureWarning: `isinstance(treespec, LeafSpec)` is deprecated, use `isinstance(treespec, TreeSpec) and treespec.is_leaf()` instead.
  return cls.__new__(cls, *args)
/usr/lib64/python3.12/copyreg.py:99: FutureWarning: `isinstance(treespec, LeafSpec)` is deprecated, use `isinstance(treespec, TreeSpec) and treespec.is_leaf()` instead.
  return cls.__new__(cls, *args)
/usr/lib64/python3.12/copyreg.py:99: FutureWarning: `isinstance(treespec, LeafSpec)` is deprecated, use `isinstance(treespec, TreeSpec) and treespec.is_leaf()` instead.
  return cls.__new__(cls, *args)
/home/doremy/sarc-acl/executorch/main/executorch/.venv/lib64/python3.12/site-packages/executorch/exir/tensor.py:83: FutureWarning: guard_size_oblivious will be removed. Consider using explicit unbacked handling     potentially utilizing guard_or_false, guard_or_true, or statically_known_true
  return guard_size_oblivious(self.stride < other.stride)
INFO:root:Operators included in this Vulkan partition: 
INFO:root:    dim_order_ops._to_dim_order_copy.default
INFO:root:    aten.squeeze_copy.dims
INFO:root:    aten.expand_copy.default
INFO:root:    aten._weight_int8pack_mm.default
INFO:root:    aten.permute_copy.default
INFO:root:    aten.mean.dim
INFO:root:    aten.sub.Tensor
INFO:root:    aten.full_like.default
INFO:root:    aten.bmm.default
INFO:root:    et_vk.prepack.default
INFO:root:    aten.unsqueeze_copy.default
INFO:root:    aten.sigmoid.default
INFO:root:    aten.rsqrt.default
INFO:root:    aten.view_copy.default
INFO:root:    aten.slice_copy.Tensor
INFO:root:    aten.mul.Tensor
INFO:root:    aten.add.Tensor
INFO:root:    aten.where.self
INFO:root:    aten._softmax.default
/usr/lib64/python3.12/copyreg.py:99: FutureWarning: `isinstance(treespec, LeafSpec)` is deprecated, use `isinstance(treespec, TreeSpec) and treespec.is_leaf()` instead.
  return cls.__new__(cls, *args)
/usr/lib64/python3.12/copyreg.py:99: FutureWarning: `isinstance(treespec, LeafSpec)` is deprecated, use `isinstance(treespec, TreeSpec) and treespec.is_leaf()` instead.
  return cls.__new__(cls, *args)
/usr/lib64/python3.12/copyreg.py:99: FutureWarning: `isinstance(treespec, LeafSpec)` is deprecated, use `isinstance(treespec, TreeSpec) and treespec.is_leaf()` instead.
  return cls.__new__(cls, *args)
/usr/lib64/python3.12/copyreg.py:99: FutureWarning: `isinstance(treespec, LeafSpec)` is deprecated, use `isinstance(treespec, TreeSpec) and treespec.is_leaf()` instead.
  return cls.__new__(cls, *args)
/home/doremy/sarc-acl/executorch/main/executorch/.venv/lib64/python3.12/site-packages/executorch/exir/tensor.py:83: FutureWarning: guard_size_oblivious will be removed. Consider using explicit unbacked handling     potentially utilizing guard_or_false, guard_or_true, or statically_known_true
  return guard_size_oblivious(self.stride < other.stride)
INFO:root:Operators included in this Vulkan partition: 
INFO:root:    dim_order_ops._to_dim_order_copy.default
INFO:root:    aten.view_copy.default
INFO:root:    aten.expand_copy.default
INFO:root:    aten.permute_copy.default
INFO:root:    aten.unsqueeze_copy.default
/usr/lib64/python3.12/copyreg.py:99: FutureWarning: `isinstance(treespec, LeafSpec)` is deprecated, use `isinstance(treespec, TreeSpec) and treespec.is_leaf()` instead.
  return cls.__new__(cls, *args)
/usr/lib64/python3.12/copyreg.py:99: FutureWarning: `isinstance(treespec, LeafSpec)` is deprecated, use `isinstance(treespec, TreeSpec) and treespec.is_leaf()` instead.
  return cls.__new__(cls, *args)
/usr/lib64/python3.12/copyreg.py:99: FutureWarning: `isinstance(treespec, LeafSpec)` is deprecated, use `isinstance(treespec, TreeSpec) and treespec.is_leaf()` instead.
  return cls.__new__(cls, *args)
/usr/lib64/python3.12/copyreg.py:99: FutureWarning: `isinstance(treespec, LeafSpec)` is deprecated, use `isinstance(treespec, TreeSpec) and treespec.is_leaf()` instead.
  return cls.__new__(cls, *args)
/home/doremy/sarc-acl/executorch/main/executorch/.venv/lib64/python3.12/site-packages/executorch/exir/tensor.py:83: FutureWarning: guard_size_oblivious will be removed. Consider using explicit unbacked handling     potentially utilizing guard_or_false, guard_or_true, or statically_known_true
  return guard_size_oblivious(self.stride < other.stride)
INFO:root:[Vulkan Delegate] Inserting transition(s) for %aten_add_tensor : [num_users=1] = call_function[target=executorch.exir.dialects.edge._ops.aten.add.Tensor](args = (%aten_view_copy_default, %dim_order_ops__to_dim_order_copy_default), kwargs = {}):
INFO:root:   arg 1 (dim_order_ops__to_dim_order_copy_default): (TensorRepr(BUFFER, TENSOR_WIDTH_PACKED)) -> (TensorRepr(TEXTURE_3D, TENSOR_WIDTH_PACKED))
INFO:root:Operators included in this Vulkan partition: 
INFO:root:    dim_order_ops._to_dim_order_copy.default
INFO:root:    aten.squeeze_copy.dims
INFO:root:    aten.view_copy.default
INFO:root:    aten.slice_copy.Tensor
INFO:root:    aten.bmm.default
INFO:root:    et_vk.prepack.default
INFO:root:    aten.clone.default
INFO:root:    aten.add.Tensor
INFO:root:    aten.where.self
/usr/lib64/python3.12/copyreg.py:99: FutureWarning: `isinstance(treespec, LeafSpec)` is deprecated, use `isinstance(treespec, TreeSpec) and treespec.is_leaf()` instead.
  return cls.__new__(cls, *args)
/usr/lib64/python3.12/copyreg.py:99: FutureWarning: `isinstance(treespec, LeafSpec)` is deprecated, use `isinstance(treespec, TreeSpec) and treespec.is_leaf()` instead.
  return cls.__new__(cls, *args)
/usr/lib64/python3.12/copyreg.py:99: FutureWarning: `isinstance(treespec, LeafSpec)` is deprecated, use `isinstance(treespec, TreeSpec) and treespec.is_leaf()` instead.
  return cls.__new__(cls, *args)
/usr/lib64/python3.12/copyreg.py:99: FutureWarning: `isinstance(treespec, LeafSpec)` is deprecated, use `isinstance(treespec, TreeSpec) and treespec.is_leaf()` instead.
  return cls.__new__(cls, *args)
/home/doremy/sarc-acl/executorch/main/executorch/.venv/lib64/python3.12/site-packages/executorch/exir/tensor.py:83: FutureWarning: guard_size_oblivious will be removed. Consider using explicit unbacked handling     potentially utilizing guard_or_false, guard_or_true, or statically_known_true
  return guard_size_oblivious(self.stride < other.stride)
INFO:root:Operators included in this Vulkan partition: 
INFO:root:    dim_order_ops._to_dim_order_copy.default
INFO:root:    aten.squeeze_copy.dims
INFO:root:    aten.expand_copy.default
INFO:root:    aten._weight_int8pack_mm.default
INFO:root:    aten.permute_copy.default
INFO:root:    aten.mean.dim
INFO:root:    aten.sub.Tensor
INFO:root:    aten.full_like.default
INFO:root:    aten.bmm.default
INFO:root:    et_vk.prepack.default
INFO:root:    aten.unsqueeze_copy.default
INFO:root:    aten.sigmoid.default
INFO:root:    aten.rsqrt.default
INFO:root:    aten.view_copy.default
INFO:root:    aten.slice_copy.Tensor
INFO:root:    aten.mul.Tensor
INFO:root:    aten.add.Tensor
INFO:root:    aten.where.self
INFO:root:    aten._softmax.default
/usr/lib64/python3.12/copyreg.py:99: FutureWarning: `isinstance(treespec, LeafSpec)` is deprecated, use `isinstance(treespec, TreeSpec) and treespec.is_leaf()` instead.
  return cls.__new__(cls, *args)
/usr/lib64/python3.12/copyreg.py:99: FutureWarning: `isinstance(treespec, LeafSpec)` is deprecated, use `isinstance(treespec, TreeSpec) and treespec.is_leaf()` instead.
  return cls.__new__(cls, *args)
/usr/lib64/python3.12/copyreg.py:99: FutureWarning: `isinstance(treespec, LeafSpec)` is deprecated, use `isinstance(treespec, TreeSpec) and treespec.is_leaf()` instead.
  return cls.__new__(cls, *args)
/usr/lib64/python3.12/copyreg.py:99: FutureWarning: `isinstance(treespec, LeafSpec)` is deprecated, use `isinstance(treespec, TreeSpec) and treespec.is_leaf()` instead.
  return cls.__new__(cls, *args)
/home/doremy/sarc-acl/executorch/main/executorch/.venv/lib64/python3.12/site-packages/executorch/exir/tensor.py:83: FutureWarning: guard_size_oblivious will be removed. Consider using explicit unbacked handling     potentially utilizing guard_or_false, guard_or_true, or statically_known_true
  return guard_size_oblivious(self.stride < other.stride)
INFO:root:Operators included in this Vulkan partition: 
INFO:root:    dim_order_ops._to_dim_order_copy.default
INFO:root:    aten.view_copy.default
INFO:root:    aten.expand_copy.default
INFO:root:    aten.permute_copy.default
INFO:root:    aten.unsqueeze_copy.default
/usr/lib64/python3.12/copyreg.py:99: FutureWarning: `isinstance(treespec, LeafSpec)` is deprecated, use `isinstance(treespec, TreeSpec) and treespec.is_leaf()` instead.
  return cls.__new__(cls, *args)
/usr/lib64/python3.12/copyreg.py:99: FutureWarning: `isinstance(treespec, LeafSpec)` is deprecated, use `isinstance(treespec, TreeSpec) and treespec.is_leaf()` instead.
  return cls.__new__(cls, *args)
/usr/lib64/python3.12/copyreg.py:99: FutureWarning: `isinstance(treespec, LeafSpec)` is deprecated, use `isinstance(treespec, TreeSpec) and treespec.is_leaf()` instead.
  return cls.__new__(cls, *args)
/usr/lib64/python3.12/copyreg.py:99: FutureWarning: `isinstance(treespec, LeafSpec)` is deprecated, use `isinstance(treespec, TreeSpec) and treespec.is_leaf()` instead.
  return cls.__new__(cls, *args)
/home/doremy/sarc-acl/executorch/main/executorch/.venv/lib64/python3.12/site-packages/executorch/exir/tensor.py:83: FutureWarning: guard_size_oblivious will be removed. Consider using explicit unbacked handling     potentially utilizing guard_or_false, guard_or_true, or statically_known_true
  return guard_size_oblivious(self.stride < other.stride)
INFO:root:[Vulkan Delegate] Inserting transition(s) for %aten_add_tensor : [num_users=1] = call_function[target=executorch.exir.dialects.edge._ops.aten.add.Tensor](args = (%aten_view_copy_default, %dim_order_ops__to_dim_order_copy_default), kwargs = {}):
INFO:root:   arg 1 (dim_order_ops__to_dim_order_copy_default): (TensorRepr(BUFFER, TENSOR_WIDTH_PACKED)) -> (TensorRepr(TEXTURE_3D, TENSOR_WIDTH_PACKED))
INFO:root:Operators included in this Vulkan partition: 
INFO:root:    dim_order_ops._to_dim_order_copy.default
INFO:root:    aten.squeeze_copy.dims
INFO:root:    aten.view_copy.default
INFO:root:    aten.slice_copy.Tensor
INFO:root:    aten.bmm.default
INFO:root:    et_vk.prepack.default
INFO:root:    aten.clone.default
INFO:root:    aten.add.Tensor
INFO:root:    aten.where.self
/usr/lib64/python3.12/copyreg.py:99: FutureWarning: `isinstance(treespec, LeafSpec)` is deprecated, use `isinstance(treespec, TreeSpec) and treespec.is_leaf()` instead.
  return cls.__new__(cls, *args)
/usr/lib64/python3.12/copyreg.py:99: FutureWarning: `isinstance(treespec, LeafSpec)` is deprecated, use `isinstance(treespec, TreeSpec) and treespec.is_leaf()` instead.
  return cls.__new__(cls, *args)
/usr/lib64/python3.12/copyreg.py:99: FutureWarning: `isinstance(treespec, LeafSpec)` is deprecated, use `isinstance(treespec, TreeSpec) and treespec.is_leaf()` instead.
  return cls.__new__(cls, *args)
/usr/lib64/python3.12/copyreg.py:99: FutureWarning: `isinstance(treespec, LeafSpec)` is deprecated, use `isinstance(treespec, TreeSpec) and treespec.is_leaf()` instead.
  return cls.__new__(cls, *args)
/home/doremy/sarc-acl/executorch/main/executorch/.venv/lib64/python3.12/site-packages/executorch/exir/tensor.py:83: FutureWarning: guard_size_oblivious will be removed. Consider using explicit unbacked handling     potentially utilizing guard_or_false, guard_or_true, or statically_known_true
  return guard_size_oblivious(self.stride < other.stride)
INFO:root:Operators included in this Vulkan partition: 
INFO:root:    dim_order_ops._to_dim_order_copy.default
INFO:root:    aten.squeeze_copy.dims
INFO:root:    aten.expand_copy.default
INFO:root:    aten._weight_int8pack_mm.default
INFO:root:    aten.permute_copy.default
INFO:root:    aten.mean.dim
INFO:root:    aten.sub.Tensor
INFO:root:    aten.full_like.default
INFO:root:    aten.bmm.default
INFO:root:    et_vk.prepack.default
INFO:root:    aten.unsqueeze_copy.default
INFO:root:    aten.sigmoid.default
INFO:root:    aten.rsqrt.default
INFO:root:    aten.view_copy.default
INFO:root:    aten.slice_copy.Tensor
INFO:root:    aten.mul.Tensor
INFO:root:    aten.add.Tensor
INFO:root:    aten.where.self
INFO:root:    aten._softmax.default
/usr/lib64/python3.12/copyreg.py:99: FutureWarning: `isinstance(treespec, LeafSpec)` is deprecated, use `isinstance(treespec, TreeSpec) and treespec.is_leaf()` instead.
  return cls.__new__(cls, *args)
/usr/lib64/python3.12/copyreg.py:99: FutureWarning: `isinstance(treespec, LeafSpec)` is deprecated, use `isinstance(treespec, TreeSpec) and treespec.is_leaf()` instead.
  return cls.__new__(cls, *args)
/usr/lib64/python3.12/copyreg.py:99: FutureWarning: `isinstance(treespec, LeafSpec)` is deprecated, use `isinstance(treespec, TreeSpec) and treespec.is_leaf()` instead.
  return cls.__new__(cls, *args)
/usr/lib64/python3.12/copyreg.py:99: FutureWarning: `isinstance(treespec, LeafSpec)` is deprecated, use `isinstance(treespec, TreeSpec) and treespec.is_leaf()` instead.
  return cls.__new__(cls, *args)
/home/doremy/sarc-acl/executorch/main/executorch/.venv/lib64/python3.12/site-packages/executorch/exir/tensor.py:83: FutureWarning: guard_size_oblivious will be removed. Consider using explicit unbacked handling     potentially utilizing guard_or_false, guard_or_true, or statically_known_true
  return guard_size_oblivious(self.stride < other.stride)
INFO:root:Operators included in this Vulkan partition: 
INFO:root:    dim_order_ops._to_dim_order_copy.default
INFO:root:    aten.view_copy.default
INFO:root:    aten.expand_copy.default
INFO:root:    aten.permute_copy.default
INFO:root:    aten.unsqueeze_copy.default
/usr/lib64/python3.12/copyreg.py:99: FutureWarning: `isinstance(treespec, LeafSpec)` is deprecated, use `isinstance(treespec, TreeSpec) and treespec.is_leaf()` instead.
  return cls.__new__(cls, *args)
/usr/lib64/python3.12/copyreg.py:99: FutureWarning: `isinstance(treespec, LeafSpec)` is deprecated, use `isinstance(treespec, TreeSpec) and treespec.is_leaf()` instead.
  return cls.__new__(cls, *args)
/usr/lib64/python3.12/copyreg.py:99: FutureWarning: `isinstance(treespec, LeafSpec)` is deprecated, use `isinstance(treespec, TreeSpec) and treespec.is_leaf()` instead.
  return cls.__new__(cls, *args)
/usr/lib64/python3.12/copyreg.py:99: FutureWarning: `isinstance(treespec, LeafSpec)` is deprecated, use `isinstance(treespec, TreeSpec) and treespec.is_leaf()` instead.
  return cls.__new__(cls, *args)
/home/doremy/sarc-acl/executorch/main/executorch/.venv/lib64/python3.12/site-packages/executorch/exir/tensor.py:83: FutureWarning: guard_size_oblivious will be removed. Consider using explicit unbacked handling     potentially utilizing guard_or_false, guard_or_true, or statically_known_true
  return guard_size_oblivious(self.stride < other.stride)
INFO:root:[Vulkan Delegate] Inserting transition(s) for %aten_add_tensor : [num_users=1] = call_function[target=executorch.exir.dialects.edge._ops.aten.add.Tensor](args = (%aten_view_copy_default, %dim_order_ops__to_dim_order_copy_default), kwargs = {}):
INFO:root:   arg 1 (dim_order_ops__to_dim_order_copy_default): (TensorRepr(BUFFER, TENSOR_WIDTH_PACKED)) -> (TensorRepr(TEXTURE_3D, TENSOR_WIDTH_PACKED))
INFO:root:Operators included in this Vulkan partition: 
INFO:root:    dim_order_ops._to_dim_order_copy.default
INFO:root:    aten.squeeze_copy.dims
INFO:root:    aten.view_copy.default
INFO:root:    aten.slice_copy.Tensor
INFO:root:    aten.bmm.default
INFO:root:    et_vk.prepack.default
INFO:root:    aten.clone.default
INFO:root:    aten.add.Tensor
INFO:root:    aten.where.self
/usr/lib64/python3.12/copyreg.py:99: FutureWarning: `isinstance(treespec, LeafSpec)` is deprecated, use `isinstance(treespec, TreeSpec) and treespec.is_leaf()` instead.
  return cls.__new__(cls, *args)
/usr/lib64/python3.12/copyreg.py:99: FutureWarning: `isinstance(treespec, LeafSpec)` is deprecated, use `isinstance(treespec, TreeSpec) and treespec.is_leaf()` instead.
  return cls.__new__(cls, *args)
/usr/lib64/python3.12/copyreg.py:99: FutureWarning: `isinstance(treespec, LeafSpec)` is deprecated, use `isinstance(treespec, TreeSpec) and treespec.is_leaf()` instead.
  return cls.__new__(cls, *args)
/usr/lib64/python3.12/copyreg.py:99: FutureWarning: `isinstance(treespec, LeafSpec)` is deprecated, use `isinstance(treespec, TreeSpec) and treespec.is_leaf()` instead.
  return cls.__new__(cls, *args)
/home/doremy/sarc-acl/executorch/main/executorch/.venv/lib64/python3.12/site-packages/executorch/exir/tensor.py:83: FutureWarning: guard_size_oblivious will be removed. Consider using explicit unbacked handling     potentially utilizing guard_or_false, guard_or_true, or statically_known_true
  return guard_size_oblivious(self.stride < other.stride)
INFO:root:Operators included in this Vulkan partition: 
INFO:root:    dim_order_ops._to_dim_order_copy.default
INFO:root:    aten.squeeze_copy.dims
INFO:root:    aten.expand_copy.default
INFO:root:    aten._weight_int8pack_mm.default
INFO:root:    aten.permute_copy.default
INFO:root:    aten.mean.dim
INFO:root:    aten.sub.Tensor
INFO:root:    aten.full_like.default
INFO:root:    aten.bmm.default
INFO:root:    et_vk.prepack.default
INFO:root:    aten.unsqueeze_copy.default
INFO:root:    aten.sigmoid.default
INFO:root:    aten.rsqrt.default
INFO:root:    aten.view_copy.default
INFO:root:    aten.slice_copy.Tensor
INFO:root:    aten.mul.Tensor
INFO:root:    aten.add.Tensor
INFO:root:    aten.where.self
INFO:root:    aten._softmax.default
/usr/lib64/python3.12/copyreg.py:99: FutureWarning: `isinstance(treespec, LeafSpec)` is deprecated, use `isinstance(treespec, TreeSpec) and treespec.is_leaf()` instead.
  return cls.__new__(cls, *args)
/usr/lib64/python3.12/copyreg.py:99: FutureWarning: `isinstance(treespec, LeafSpec)` is deprecated, use `isinstance(treespec, TreeSpec) and treespec.is_leaf()` instead.
  return cls.__new__(cls, *args)
/usr/lib64/python3.12/copyreg.py:99: FutureWarning: `isinstance(treespec, LeafSpec)` is deprecated, use `isinstance(treespec, TreeSpec) and treespec.is_leaf()` instead.
  return cls.__new__(cls, *args)
/usr/lib64/python3.12/copyreg.py:99: FutureWarning: `isinstance(treespec, LeafSpec)` is deprecated, use `isinstance(treespec, TreeSpec) and treespec.is_leaf()` instead.
  return cls.__new__(cls, *args)
/home/doremy/sarc-acl/executorch/main/executorch/.venv/lib64/python3.12/site-packages/executorch/exir/tensor.py:83: FutureWarning: guard_size_oblivious will be removed. Consider using explicit unbacked handling     potentially utilizing guard_or_false, guard_or_true, or statically_known_true
  return guard_size_oblivious(self.stride < other.stride)
INFO:root:Operators included in this Vulkan partition: 
INFO:root:    dim_order_ops._to_dim_order_copy.default
INFO:root:    aten.view_copy.default
INFO:root:    aten.expand_copy.default
INFO:root:    aten.permute_copy.default
INFO:root:    aten.unsqueeze_copy.default
/usr/lib64/python3.12/copyreg.py:99: FutureWarning: `isinstance(treespec, LeafSpec)` is deprecated, use `isinstance(treespec, TreeSpec) and treespec.is_leaf()` instead.
  return cls.__new__(cls, *args)
/usr/lib64/python3.12/copyreg.py:99: FutureWarning: `isinstance(treespec, LeafSpec)` is deprecated, use `isinstance(treespec, TreeSpec) and treespec.is_leaf()` instead.
  return cls.__new__(cls, *args)
/usr/lib64/python3.12/copyreg.py:99: FutureWarning: `isinstance(treespec, LeafSpec)` is deprecated, use `isinstance(treespec, TreeSpec) and treespec.is_leaf()` instead.
  return cls.__new__(cls, *args)
/usr/lib64/python3.12/copyreg.py:99: FutureWarning: `isinstance(treespec, LeafSpec)` is deprecated, use `isinstance(treespec, TreeSpec) and treespec.is_leaf()` instead.
  return cls.__new__(cls, *args)
/home/doremy/sarc-acl/executorch/main/executorch/.venv/lib64/python3.12/site-packages/executorch/exir/tensor.py:83: FutureWarning: guard_size_oblivious will be removed. Consider using explicit unbacked handling     potentially utilizing guard_or_false, guard_or_true, or statically_known_true
  return guard_size_oblivious(self.stride < other.stride)
INFO:root:[Vulkan Delegate] Inserting transition(s) for %aten_add_tensor : [num_users=1] = call_function[target=executorch.exir.dialects.edge._ops.aten.add.Tensor](args = (%aten_view_copy_default, %dim_order_ops__to_dim_order_copy_default), kwargs = {}):
INFO:root:   arg 1 (dim_order_ops__to_dim_order_copy_default): (TensorRepr(BUFFER, TENSOR_WIDTH_PACKED)) -> (TensorRepr(TEXTURE_3D, TENSOR_WIDTH_PACKED))
INFO:root:Operators included in this Vulkan partition: 
INFO:root:    dim_order_ops._to_dim_order_copy.default
INFO:root:    aten.squeeze_copy.dims
INFO:root:    aten.view_copy.default
INFO:root:    aten.slice_copy.Tensor
INFO:root:    aten.bmm.default
INFO:root:    et_vk.prepack.default
INFO:root:    aten.clone.default
INFO:root:    aten.add.Tensor
INFO:root:    aten.where.self
/usr/lib64/python3.12/copyreg.py:99: FutureWarning: `isinstance(treespec, LeafSpec)` is deprecated, use `isinstance(treespec, TreeSpec) and treespec.is_leaf()` instead.
  return cls.__new__(cls, *args)
/usr/lib64/python3.12/copyreg.py:99: FutureWarning: `isinstance(treespec, LeafSpec)` is deprecated, use `isinstance(treespec, TreeSpec) and treespec.is_leaf()` instead.
  return cls.__new__(cls, *args)
/usr/lib64/python3.12/copyreg.py:99: FutureWarning: `isinstance(treespec, LeafSpec)` is deprecated, use `isinstance(treespec, TreeSpec) and treespec.is_leaf()` instead.
  return cls.__new__(cls, *args)
/usr/lib64/python3.12/copyreg.py:99: FutureWarning: `isinstance(treespec, LeafSpec)` is deprecated, use `isinstance(treespec, TreeSpec) and treespec.is_leaf()` instead.
  return cls.__new__(cls, *args)
/home/doremy/sarc-acl/executorch/main/executorch/.venv/lib64/python3.12/site-packages/executorch/exir/tensor.py:83: FutureWarning: guard_size_oblivious will be removed. Consider using explicit unbacked handling     potentially utilizing guard_or_false, guard_or_true, or statically_known_true
  return guard_size_oblivious(self.stride < other.stride)
INFO:root:Operators included in this Vulkan partition: 
INFO:root:    dim_order_ops._to_dim_order_copy.default
INFO:root:    aten.squeeze_copy.dims
INFO:root:    aten.expand_copy.default
INFO:root:    aten._weight_int8pack_mm.default
INFO:root:    aten.permute_copy.default
INFO:root:    aten.mean.dim
INFO:root:    aten.sub.Tensor
INFO:root:    aten.full_like.default
INFO:root:    aten.bmm.default
INFO:root:    et_vk.prepack.default
INFO:root:    aten.unsqueeze_copy.default
INFO:root:    aten.sigmoid.default
INFO:root:    aten.rsqrt.default
INFO:root:    aten.view_copy.default
INFO:root:    aten.slice_copy.Tensor
INFO:root:    aten.mul.Tensor
INFO:root:    aten.add.Tensor
INFO:root:    aten.where.self
INFO:root:    aten._softmax.default
/usr/lib64/python3.12/copyreg.py:99: FutureWarning: `isinstance(treespec, LeafSpec)` is deprecated, use `isinstance(treespec, TreeSpec) and treespec.is_leaf()` instead.
  return cls.__new__(cls, *args)
/usr/lib64/python3.12/copyreg.py:99: FutureWarning: `isinstance(treespec, LeafSpec)` is deprecated, use `isinstance(treespec, TreeSpec) and treespec.is_leaf()` instead.
  return cls.__new__(cls, *args)
/usr/lib64/python3.12/copyreg.py:99: FutureWarning: `isinstance(treespec, LeafSpec)` is deprecated, use `isinstance(treespec, TreeSpec) and treespec.is_leaf()` instead.
  return cls.__new__(cls, *args)
/usr/lib64/python3.12/copyreg.py:99: FutureWarning: `isinstance(treespec, LeafSpec)` is deprecated, use `isinstance(treespec, TreeSpec) and treespec.is_leaf()` instead.
  return cls.__new__(cls, *args)
/home/doremy/sarc-acl/executorch/main/executorch/.venv/lib64/python3.12/site-packages/executorch/exir/tensor.py:83: FutureWarning: guard_size_oblivious will be removed. Consider using explicit unbacked handling     potentially utilizing guard_or_false, guard_or_true, or statically_known_true
  return guard_size_oblivious(self.stride < other.stride)
INFO:root:Operators included in this Vulkan partition: 
INFO:root:    dim_order_ops._to_dim_order_copy.default
INFO:root:    aten.view_copy.default
INFO:root:    aten.expand_copy.default
INFO:root:    aten.permute_copy.default
INFO:root:    aten.unsqueeze_copy.default
/usr/lib64/python3.12/copyreg.py:99: FutureWarning: `isinstance(treespec, LeafSpec)` is deprecated, use `isinstance(treespec, TreeSpec) and treespec.is_leaf()` instead.
  return cls.__new__(cls, *args)
/usr/lib64/python3.12/copyreg.py:99: FutureWarning: `isinstance(treespec, LeafSpec)` is deprecated, use `isinstance(treespec, TreeSpec) and treespec.is_leaf()` instead.
  return cls.__new__(cls, *args)
/usr/lib64/python3.12/copyreg.py:99: FutureWarning: `isinstance(treespec, LeafSpec)` is deprecated, use `isinstance(treespec, TreeSpec) and treespec.is_leaf()` instead.
  return cls.__new__(cls, *args)
/usr/lib64/python3.12/copyreg.py:99: FutureWarning: `isinstance(treespec, LeafSpec)` is deprecated, use `isinstance(treespec, TreeSpec) and treespec.is_leaf()` instead.
  return cls.__new__(cls, *args)
/home/doremy/sarc-acl/executorch/main/executorch/.venv/lib64/python3.12/site-packages/executorch/exir/tensor.py:83: FutureWarning: guard_size_oblivious will be removed. Consider using explicit unbacked handling     potentially utilizing guard_or_false, guard_or_true, or statically_known_true
  return guard_size_oblivious(self.stride < other.stride)
INFO:root:[Vulkan Delegate] Inserting transition(s) for %aten_add_tensor : [num_users=1] = call_function[target=executorch.exir.dialects.edge._ops.aten.add.Tensor](args = (%aten_view_copy_default, %dim_order_ops__to_dim_order_copy_default), kwargs = {}):
INFO:root:   arg 1 (dim_order_ops__to_dim_order_copy_default): (TensorRepr(BUFFER, TENSOR_WIDTH_PACKED)) -> (TensorRepr(TEXTURE_3D, TENSOR_WIDTH_PACKED))
INFO:root:Operators included in this Vulkan partition: 
INFO:root:    dim_order_ops._to_dim_order_copy.default
INFO:root:    aten.squeeze_copy.dims
INFO:root:    aten.view_copy.default
INFO:root:    aten.slice_copy.Tensor
INFO:root:    aten.bmm.default
INFO:root:    et_vk.prepack.default
INFO:root:    aten.clone.default
INFO:root:    aten.add.Tensor
INFO:root:    aten.where.self
/usr/lib64/python3.12/copyreg.py:99: FutureWarning: `isinstance(treespec, LeafSpec)` is deprecated, use `isinstance(treespec, TreeSpec) and treespec.is_leaf()` instead.
  return cls.__new__(cls, *args)
/usr/lib64/python3.12/copyreg.py:99: FutureWarning: `isinstance(treespec, LeafSpec)` is deprecated, use `isinstance(treespec, TreeSpec) and treespec.is_leaf()` instead.
  return cls.__new__(cls, *args)
/usr/lib64/python3.12/copyreg.py:99: FutureWarning: `isinstance(treespec, LeafSpec)` is deprecated, use `isinstance(treespec, TreeSpec) and treespec.is_leaf()` instead.
  return cls.__new__(cls, *args)
/usr/lib64/python3.12/copyreg.py:99: FutureWarning: `isinstance(treespec, LeafSpec)` is deprecated, use `isinstance(treespec, TreeSpec) and treespec.is_leaf()` instead.
  return cls.__new__(cls, *args)
/home/doremy/sarc-acl/executorch/main/executorch/.venv/lib64/python3.12/site-packages/executorch/exir/tensor.py:83: FutureWarning: guard_size_oblivious will be removed. Consider using explicit unbacked handling     potentially utilizing guard_or_false, guard_or_true, or statically_known_true
  return guard_size_oblivious(self.stride < other.stride)
INFO:root:Operators included in this Vulkan partition: 
INFO:root:    dim_order_ops._to_dim_order_copy.default
INFO:root:    aten.squeeze_copy.dims
INFO:root:    aten.expand_copy.default
INFO:root:    aten._weight_int8pack_mm.default
INFO:root:    aten.permute_copy.default
INFO:root:    aten.mean.dim
INFO:root:    aten.sub.Tensor
INFO:root:    aten.full_like.default
INFO:root:    aten.bmm.default
INFO:root:    et_vk.prepack.default
INFO:root:    aten.unsqueeze_copy.default
INFO:root:    aten.sigmoid.default
INFO:root:    aten.rsqrt.default
INFO:root:    aten.view_copy.default
INFO:root:    aten.slice_copy.Tensor
INFO:root:    aten.mul.Tensor
INFO:root:    aten.add.Tensor
INFO:root:    aten.where.self
INFO:root:    aten._softmax.default
/usr/lib64/python3.12/copyreg.py:99: FutureWarning: `isinstance(treespec, LeafSpec)` is deprecated, use `isinstance(treespec, TreeSpec) and treespec.is_leaf()` instead.
  return cls.__new__(cls, *args)
/usr/lib64/python3.12/copyreg.py:99: FutureWarning: `isinstance(treespec, LeafSpec)` is deprecated, use `isinstance(treespec, TreeSpec) and treespec.is_leaf()` instead.
  return cls.__new__(cls, *args)
/usr/lib64/python3.12/copyreg.py:99: FutureWarning: `isinstance(treespec, LeafSpec)` is deprecated, use `isinstance(treespec, TreeSpec) and treespec.is_leaf()` instead.
  return cls.__new__(cls, *args)
/usr/lib64/python3.12/copyreg.py:99: FutureWarning: `isinstance(treespec, LeafSpec)` is deprecated, use `isinstance(treespec, TreeSpec) and treespec.is_leaf()` instead.
  return cls.__new__(cls, *args)
/home/doremy/sarc-acl/executorch/main/executorch/.venv/lib64/python3.12/site-packages/executorch/exir/tensor.py:83: FutureWarning: guard_size_oblivious will be removed. Consider using explicit unbacked handling     potentially utilizing guard_or_false, guard_or_true, or statically_known_true
  return guard_size_oblivious(self.stride < other.stride)
INFO:root:Operators included in this Vulkan partition: 
INFO:root:    dim_order_ops._to_dim_order_copy.default
INFO:root:    aten.view_copy.default
INFO:root:    aten.expand_copy.default
INFO:root:    aten.permute_copy.default
INFO:root:    aten.unsqueeze_copy.default
/usr/lib64/python3.12/copyreg.py:99: FutureWarning: `isinstance(treespec, LeafSpec)` is deprecated, use `isinstance(treespec, TreeSpec) and treespec.is_leaf()` instead.
  return cls.__new__(cls, *args)
/usr/lib64/python3.12/copyreg.py:99: FutureWarning: `isinstance(treespec, LeafSpec)` is deprecated, use `isinstance(treespec, TreeSpec) and treespec.is_leaf()` instead.
  return cls.__new__(cls, *args)
/usr/lib64/python3.12/copyreg.py:99: FutureWarning: `isinstance(treespec, LeafSpec)` is deprecated, use `isinstance(treespec, TreeSpec) and treespec.is_leaf()` instead.
  return cls.__new__(cls, *args)
/usr/lib64/python3.12/copyreg.py:99: FutureWarning: `isinstance(treespec, LeafSpec)` is deprecated, use `isinstance(treespec, TreeSpec) and treespec.is_leaf()` instead.
  return cls.__new__(cls, *args)
/home/doremy/sarc-acl/executorch/main/executorch/.venv/lib64/python3.12/site-packages/executorch/exir/tensor.py:83: FutureWarning: guard_size_oblivious will be removed. Consider using explicit unbacked handling     potentially utilizing guard_or_false, guard_or_true, or statically_known_true
  return guard_size_oblivious(self.stride < other.stride)
INFO:root:[Vulkan Delegate] Inserting transition(s) for %aten_add_tensor : [num_users=1] = call_function[target=executorch.exir.dialects.edge._ops.aten.add.Tensor](args = (%aten_view_copy_default, %dim_order_ops__to_dim_order_copy_default), kwargs = {}):
INFO:root:   arg 1 (dim_order_ops__to_dim_order_copy_default): (TensorRepr(BUFFER, TENSOR_WIDTH_PACKED)) -> (TensorRepr(TEXTURE_3D, TENSOR_WIDTH_PACKED))
INFO:root:Operators included in this Vulkan partition: 
INFO:root:    dim_order_ops._to_dim_order_copy.default
INFO:root:    aten.squeeze_copy.dims
INFO:root:    aten.view_copy.default
INFO:root:    aten.slice_copy.Tensor
INFO:root:    aten.bmm.default
INFO:root:    et_vk.prepack.default
INFO:root:    aten.clone.default
INFO:root:    aten.add.Tensor
INFO:root:    aten.where.self
/usr/lib64/python3.12/copyreg.py:99: FutureWarning: `isinstance(treespec, LeafSpec)` is deprecated, use `isinstance(treespec, TreeSpec) and treespec.is_leaf()` instead.
  return cls.__new__(cls, *args)
/usr/lib64/python3.12/copyreg.py:99: FutureWarning: `isinstance(treespec, LeafSpec)` is deprecated, use `isinstance(treespec, TreeSpec) and treespec.is_leaf()` instead.
  return cls.__new__(cls, *args)
/usr/lib64/python3.12/copyreg.py:99: FutureWarning: `isinstance(treespec, LeafSpec)` is deprecated, use `isinstance(treespec, TreeSpec) and treespec.is_leaf()` instead.
  return cls.__new__(cls, *args)
/usr/lib64/python3.12/copyreg.py:99: FutureWarning: `isinstance(treespec, LeafSpec)` is deprecated, use `isinstance(treespec, TreeSpec) and treespec.is_leaf()` instead.
  return cls.__new__(cls, *args)
/home/doremy/sarc-acl/executorch/main/executorch/.venv/lib64/python3.12/site-packages/executorch/exir/tensor.py:83: FutureWarning: guard_size_oblivious will be removed. Consider using explicit unbacked handling     potentially utilizing guard_or_false, guard_or_true, or statically_known_true
  return guard_size_oblivious(self.stride < other.stride)
INFO:root:Operators included in this Vulkan partition: 
INFO:root:    dim_order_ops._to_dim_order_copy.default
INFO:root:    aten.squeeze_copy.dims
INFO:root:    aten.expand_copy.default
INFO:root:    aten._weight_int8pack_mm.default
INFO:root:    aten.permute_copy.default
INFO:root:    aten.mean.dim
INFO:root:    aten.sub.Tensor
INFO:root:    aten.full_like.default
INFO:root:    aten.bmm.default
INFO:root:    et_vk.prepack.default
INFO:root:    aten.unsqueeze_copy.default
INFO:root:    aten.sigmoid.default
INFO:root:    aten.rsqrt.default
INFO:root:    aten.view_copy.default
INFO:root:    aten.slice_copy.Tensor
INFO:root:    aten.mul.Tensor
INFO:root:    aten.add.Tensor
INFO:root:    aten.where.self
INFO:root:    aten._softmax.default
/usr/lib64/python3.12/copyreg.py:99: FutureWarning: `isinstance(treespec, LeafSpec)` is deprecated, use `isinstance(treespec, TreeSpec) and treespec.is_leaf()` instead.
  return cls.__new__(cls, *args)
/usr/lib64/python3.12/copyreg.py:99: FutureWarning: `isinstance(treespec, LeafSpec)` is deprecated, use `isinstance(treespec, TreeSpec) and treespec.is_leaf()` instead.
  return cls.__new__(cls, *args)
/usr/lib64/python3.12/copyreg.py:99: FutureWarning: `isinstance(treespec, LeafSpec)` is deprecated, use `isinstance(treespec, TreeSpec) and treespec.is_leaf()` instead.
  return cls.__new__(cls, *args)
/usr/lib64/python3.12/copyreg.py:99: FutureWarning: `isinstance(treespec, LeafSpec)` is deprecated, use `isinstance(treespec, TreeSpec) and treespec.is_leaf()` instead.
  return cls.__new__(cls, *args)
/home/doremy/sarc-acl/executorch/main/executorch/.venv/lib64/python3.12/site-packages/executorch/exir/tensor.py:83: FutureWarning: guard_size_oblivious will be removed. Consider using explicit unbacked handling     potentially utilizing guard_or_false, guard_or_true, or statically_known_true
  return guard_size_oblivious(self.stride < other.stride)
INFO:root:Operators included in this Vulkan partition: 
INFO:root:    dim_order_ops._to_dim_order_copy.default
INFO:root:    aten.view_copy.default
INFO:root:    aten.expand_copy.default
INFO:root:    aten.permute_copy.default
INFO:root:    aten.unsqueeze_copy.default
/usr/lib64/python3.12/copyreg.py:99: FutureWarning: `isinstance(treespec, LeafSpec)` is deprecated, use `isinstance(treespec, TreeSpec) and treespec.is_leaf()` instead.
  return cls.__new__(cls, *args)
/usr/lib64/python3.12/copyreg.py:99: FutureWarning: `isinstance(treespec, LeafSpec)` is deprecated, use `isinstance(treespec, TreeSpec) and treespec.is_leaf()` instead.
  return cls.__new__(cls, *args)
/usr/lib64/python3.12/copyreg.py:99: FutureWarning: `isinstance(treespec, LeafSpec)` is deprecated, use `isinstance(treespec, TreeSpec) and treespec.is_leaf()` instead.
  return cls.__new__(cls, *args)
/usr/lib64/python3.12/copyreg.py:99: FutureWarning: `isinstance(treespec, LeafSpec)` is deprecated, use `isinstance(treespec, TreeSpec) and treespec.is_leaf()` instead.
  return cls.__new__(cls, *args)
/home/doremy/sarc-acl/executorch/main/executorch/.venv/lib64/python3.12/site-packages/executorch/exir/tensor.py:83: FutureWarning: guard_size_oblivious will be removed. Consider using explicit unbacked handling     potentially utilizing guard_or_false, guard_or_true, or statically_known_true
  return guard_size_oblivious(self.stride < other.stride)
INFO:root:[Vulkan Delegate] Inserting transition(s) for %aten_add_tensor : [num_users=1] = call_function[target=executorch.exir.dialects.edge._ops.aten.add.Tensor](args = (%aten_view_copy_default, %dim_order_ops__to_dim_order_copy_default), kwargs = {}):
INFO:root:   arg 1 (dim_order_ops__to_dim_order_copy_default): (TensorRepr(BUFFER, TENSOR_WIDTH_PACKED)) -> (TensorRepr(TEXTURE_3D, TENSOR_WIDTH_PACKED))
INFO:root:Operators included in this Vulkan partition: 
INFO:root:    dim_order_ops._to_dim_order_copy.default
INFO:root:    aten.squeeze_copy.dims
INFO:root:    aten.view_copy.default
INFO:root:    aten.slice_copy.Tensor
INFO:root:    aten.bmm.default
INFO:root:    et_vk.prepack.default
INFO:root:    aten.clone.default
INFO:root:    aten.add.Tensor
INFO:root:    aten.where.self
/usr/lib64/python3.12/copyreg.py:99: FutureWarning: `isinstance(treespec, LeafSpec)` is deprecated, use `isinstance(treespec, TreeSpec) and treespec.is_leaf()` instead.
  return cls.__new__(cls, *args)
/usr/lib64/python3.12/copyreg.py:99: FutureWarning: `isinstance(treespec, LeafSpec)` is deprecated, use `isinstance(treespec, TreeSpec) and treespec.is_leaf()` instead.
  return cls.__new__(cls, *args)
/usr/lib64/python3.12/copyreg.py:99: FutureWarning: `isinstance(treespec, LeafSpec)` is deprecated, use `isinstance(treespec, TreeSpec) and treespec.is_leaf()` instead.
  return cls.__new__(cls, *args)
/usr/lib64/python3.12/copyreg.py:99: FutureWarning: `isinstance(treespec, LeafSpec)` is deprecated, use `isinstance(treespec, TreeSpec) and treespec.is_leaf()` instead.
  return cls.__new__(cls, *args)
/home/doremy/sarc-acl/executorch/main/executorch/.venv/lib64/python3.12/site-packages/executorch/exir/tensor.py:83: FutureWarning: guard_size_oblivious will be removed. Consider using explicit unbacked handling     potentially utilizing guard_or_false, guard_or_true, or statically_known_true
  return guard_size_oblivious(self.stride < other.stride)
INFO:root:Operators included in this Vulkan partition: 
INFO:root:    dim_order_ops._to_dim_order_copy.default
INFO:root:    aten.squeeze_copy.dims
INFO:root:    aten.expand_copy.default
INFO:root:    aten._weight_int8pack_mm.default
INFO:root:    aten.permute_copy.default
INFO:root:    aten.mean.dim
INFO:root:    aten.sub.Tensor
INFO:root:    aten.full_like.default
INFO:root:    aten.bmm.default
INFO:root:    et_vk.prepack.default
INFO:root:    aten.unsqueeze_copy.default
INFO:root:    aten.sigmoid.default
INFO:root:    aten.rsqrt.default
INFO:root:    aten.view_copy.default
INFO:root:    aten.slice_copy.Tensor
INFO:root:    aten.mul.Tensor
INFO:root:    aten.add.Tensor
INFO:root:    aten.where.self
INFO:root:    aten._softmax.default
/usr/lib64/python3.12/copyreg.py:99: FutureWarning: `isinstance(treespec, LeafSpec)` is deprecated, use `isinstance(treespec, TreeSpec) and treespec.is_leaf()` instead.
  return cls.__new__(cls, *args)
/usr/lib64/python3.12/copyreg.py:99: FutureWarning: `isinstance(treespec, LeafSpec)` is deprecated, use `isinstance(treespec, TreeSpec) and treespec.is_leaf()` instead.
  return cls.__new__(cls, *args)
/usr/lib64/python3.12/copyreg.py:99: FutureWarning: `isinstance(treespec, LeafSpec)` is deprecated, use `isinstance(treespec, TreeSpec) and treespec.is_leaf()` instead.
  return cls.__new__(cls, *args)
/usr/lib64/python3.12/copyreg.py:99: FutureWarning: `isinstance(treespec, LeafSpec)` is deprecated, use `isinstance(treespec, TreeSpec) and treespec.is_leaf()` instead.
  return cls.__new__(cls, *args)
/home/doremy/sarc-acl/executorch/main/executorch/.venv/lib64/python3.12/site-packages/executorch/exir/tensor.py:83: FutureWarning: guard_size_oblivious will be removed. Consider using explicit unbacked handling     potentially utilizing guard_or_false, guard_or_true, or statically_known_true
  return guard_size_oblivious(self.stride < other.stride)
INFO:root:Operators included in this Vulkan partition: 
INFO:root:    dim_order_ops._to_dim_order_copy.default
INFO:root:    aten.view_copy.default
INFO:root:    aten.expand_copy.default
INFO:root:    aten.permute_copy.default
INFO:root:    aten.unsqueeze_copy.default
/usr/lib64/python3.12/copyreg.py:99: FutureWarning: `isinstance(treespec, LeafSpec)` is deprecated, use `isinstance(treespec, TreeSpec) and treespec.is_leaf()` instead.
  return cls.__new__(cls, *args)
/usr/lib64/python3.12/copyreg.py:99: FutureWarning: `isinstance(treespec, LeafSpec)` is deprecated, use `isinstance(treespec, TreeSpec) and treespec.is_leaf()` instead.
  return cls.__new__(cls, *args)
/usr/lib64/python3.12/copyreg.py:99: FutureWarning: `isinstance(treespec, LeafSpec)` is deprecated, use `isinstance(treespec, TreeSpec) and treespec.is_leaf()` instead.
  return cls.__new__(cls, *args)
/usr/lib64/python3.12/copyreg.py:99: FutureWarning: `isinstance(treespec, LeafSpec)` is deprecated, use `isinstance(treespec, TreeSpec) and treespec.is_leaf()` instead.
  return cls.__new__(cls, *args)
/home/doremy/sarc-acl/executorch/main/executorch/.venv/lib64/python3.12/site-packages/executorch/exir/tensor.py:83: FutureWarning: guard_size_oblivious will be removed. Consider using explicit unbacked handling     potentially utilizing guard_or_false, guard_or_true, or statically_known_true
  return guard_size_oblivious(self.stride < other.stride)
INFO:root:[Vulkan Delegate] Inserting transition(s) for %aten_add_tensor : [num_users=1] = call_function[target=executorch.exir.dialects.edge._ops.aten.add.Tensor](args = (%aten_view_copy_default, %dim_order_ops__to_dim_order_copy_default), kwargs = {}):
INFO:root:   arg 1 (dim_order_ops__to_dim_order_copy_default): (TensorRepr(BUFFER, TENSOR_WIDTH_PACKED)) -> (TensorRepr(TEXTURE_3D, TENSOR_WIDTH_PACKED))
INFO:root:Operators included in this Vulkan partition: 
INFO:root:    dim_order_ops._to_dim_order_copy.default
INFO:root:    aten.squeeze_copy.dims
INFO:root:    aten.view_copy.default
INFO:root:    aten.slice_copy.Tensor
INFO:root:    aten.bmm.default
INFO:root:    et_vk.prepack.default
INFO:root:    aten.clone.default
INFO:root:    aten.add.Tensor
INFO:root:    aten.where.self
/usr/lib64/python3.12/copyreg.py:99: FutureWarning: `isinstance(treespec, LeafSpec)` is deprecated, use `isinstance(treespec, TreeSpec) and treespec.is_leaf()` instead.
  return cls.__new__(cls, *args)
/usr/lib64/python3.12/copyreg.py:99: FutureWarning: `isinstance(treespec, LeafSpec)` is deprecated, use `isinstance(treespec, TreeSpec) and treespec.is_leaf()` instead.
  return cls.__new__(cls, *args)
/usr/lib64/python3.12/copyreg.py:99: FutureWarning: `isinstance(treespec, LeafSpec)` is deprecated, use `isinstance(treespec, TreeSpec) and treespec.is_leaf()` instead.
  return cls.__new__(cls, *args)
/usr/lib64/python3.12/copyreg.py:99: FutureWarning: `isinstance(treespec, LeafSpec)` is deprecated, use `isinstance(treespec, TreeSpec) and treespec.is_leaf()` instead.
  return cls.__new__(cls, *args)
/home/doremy/sarc-acl/executorch/main/executorch/.venv/lib64/python3.12/site-packages/executorch/exir/tensor.py:83: FutureWarning: guard_size_oblivious will be removed. Consider using explicit unbacked handling     potentially utilizing guard_or_false, guard_or_true, or statically_known_true
  return guard_size_oblivious(self.stride < other.stride)
INFO:root:Operators included in this Vulkan partition: 
INFO:root:    dim_order_ops._to_dim_order_copy.default
INFO:root:    aten.squeeze_copy.dims
INFO:root:    aten.expand_copy.default
INFO:root:    aten._weight_int8pack_mm.default
INFO:root:    aten.permute_copy.default
INFO:root:    aten.mean.dim
INFO:root:    aten.sub.Tensor
INFO:root:    aten.full_like.default
INFO:root:    aten.bmm.default
INFO:root:    et_vk.prepack.default
INFO:root:    aten.unsqueeze_copy.default
INFO:root:    aten.sigmoid.default
INFO:root:    aten.rsqrt.default
INFO:root:    aten.view_copy.default
INFO:root:    aten.slice_copy.Tensor
INFO:root:    aten.mul.Tensor
INFO:root:    aten.add.Tensor
INFO:root:    aten.where.self
INFO:root:    aten._softmax.default
/usr/lib64/python3.12/copyreg.py:99: FutureWarning: `isinstance(treespec, LeafSpec)` is deprecated, use `isinstance(treespec, TreeSpec) and treespec.is_leaf()` instead.
  return cls.__new__(cls, *args)
/usr/lib64/python3.12/copyreg.py:99: FutureWarning: `isinstance(treespec, LeafSpec)` is deprecated, use `isinstance(treespec, TreeSpec) and treespec.is_leaf()` instead.
  return cls.__new__(cls, *args)
/usr/lib64/python3.12/copyreg.py:99: FutureWarning: `isinstance(treespec, LeafSpec)` is deprecated, use `isinstance(treespec, TreeSpec) and treespec.is_leaf()` instead.
  return cls.__new__(cls, *args)
/usr/lib64/python3.12/copyreg.py:99: FutureWarning: `isinstance(treespec, LeafSpec)` is deprecated, use `isinstance(treespec, TreeSpec) and treespec.is_leaf()` instead.
  return cls.__new__(cls, *args)
/home/doremy/sarc-acl/executorch/main/executorch/.venv/lib64/python3.12/site-packages/executorch/exir/tensor.py:83: FutureWarning: guard_size_oblivious will be removed. Consider using explicit unbacked handling     potentially utilizing guard_or_false, guard_or_true, or statically_known_true
  return guard_size_oblivious(self.stride < other.stride)
INFO:root:Operators included in this Vulkan partition: 
INFO:root:    dim_order_ops._to_dim_order_copy.default
INFO:root:    aten.view_copy.default
INFO:root:    aten.expand_copy.default
INFO:root:    aten.permute_copy.default
INFO:root:    aten.unsqueeze_copy.default
/usr/lib64/python3.12/copyreg.py:99: FutureWarning: `isinstance(treespec, LeafSpec)` is deprecated, use `isinstance(treespec, TreeSpec) and treespec.is_leaf()` instead.
  return cls.__new__(cls, *args)
/usr/lib64/python3.12/copyreg.py:99: FutureWarning: `isinstance(treespec, LeafSpec)` is deprecated, use `isinstance(treespec, TreeSpec) and treespec.is_leaf()` instead.
  return cls.__new__(cls, *args)
/usr/lib64/python3.12/copyreg.py:99: FutureWarning: `isinstance(treespec, LeafSpec)` is deprecated, use `isinstance(treespec, TreeSpec) and treespec.is_leaf()` instead.
  return cls.__new__(cls, *args)
/usr/lib64/python3.12/copyreg.py:99: FutureWarning: `isinstance(treespec, LeafSpec)` is deprecated, use `isinstance(treespec, TreeSpec) and treespec.is_leaf()` instead.
  return cls.__new__(cls, *args)
/home/doremy/sarc-acl/executorch/main/executorch/.venv/lib64/python3.12/site-packages/executorch/exir/tensor.py:83: FutureWarning: guard_size_oblivious will be removed. Consider using explicit unbacked handling     potentially utilizing guard_or_false, guard_or_true, or statically_known_true
  return guard_size_oblivious(self.stride < other.stride)
INFO:root:[Vulkan Delegate] Inserting transition(s) for %aten_add_tensor : [num_users=1] = call_function[target=executorch.exir.dialects.edge._ops.aten.add.Tensor](args = (%aten_view_copy_default, %dim_order_ops__to_dim_order_copy_default), kwargs = {}):
INFO:root:   arg 1 (dim_order_ops__to_dim_order_copy_default): (TensorRepr(BUFFER, TENSOR_WIDTH_PACKED)) -> (TensorRepr(TEXTURE_3D, TENSOR_WIDTH_PACKED))
INFO:root:Operators included in this Vulkan partition: 
INFO:root:    dim_order_ops._to_dim_order_copy.default
INFO:root:    aten.squeeze_copy.dims
INFO:root:    aten.view_copy.default
INFO:root:    aten.slice_copy.Tensor
INFO:root:    aten.bmm.default
INFO:root:    et_vk.prepack.default
INFO:root:    aten.clone.default
INFO:root:    aten.add.Tensor
INFO:root:    aten.where.self
/usr/lib64/python3.12/copyreg.py:99: FutureWarning: `isinstance(treespec, LeafSpec)` is deprecated, use `isinstance(treespec, TreeSpec) and treespec.is_leaf()` instead.
  return cls.__new__(cls, *args)
/usr/lib64/python3.12/copyreg.py:99: FutureWarning: `isinstance(treespec, LeafSpec)` is deprecated, use `isinstance(treespec, TreeSpec) and treespec.is_leaf()` instead.
  return cls.__new__(cls, *args)
/usr/lib64/python3.12/copyreg.py:99: FutureWarning: `isinstance(treespec, LeafSpec)` is deprecated, use `isinstance(treespec, TreeSpec) and treespec.is_leaf()` instead.
  return cls.__new__(cls, *args)
/usr/lib64/python3.12/copyreg.py:99: FutureWarning: `isinstance(treespec, LeafSpec)` is deprecated, use `isinstance(treespec, TreeSpec) and treespec.is_leaf()` instead.
  return cls.__new__(cls, *args)
/home/doremy/sarc-acl/executorch/main/executorch/.venv/lib64/python3.12/site-packages/executorch/exir/tensor.py:83: FutureWarning: guard_size_oblivious will be removed. Consider using explicit unbacked handling     potentially utilizing guard_or_false, guard_or_true, or statically_known_true
  return guard_size_oblivious(self.stride < other.stride)
INFO:root:Operators included in this Vulkan partition: 
INFO:root:    dim_order_ops._to_dim_order_copy.default
INFO:root:    aten.mul.Tensor
INFO:root:    aten.squeeze_copy.dims
INFO:root:    aten.view_copy.default
INFO:root:    aten.select_copy.int
INFO:root:    aten._softmax.default
INFO:root:    aten.bmm.default
INFO:root:    et_vk.prepack.default
INFO:root:    aten.expand_copy.default
INFO:root:    aten._weight_int8pack_mm.default
INFO:root:    aten.permute_copy.default
INFO:root:    aten.add.Tensor
INFO:root:    aten.mean.dim
INFO:root:    aten.unsqueeze_copy.default
INFO:root:    aten.sigmoid.default
INFO:root:    aten.where.self
INFO:root:    aten.rsqrt.default
INFO:root:    aten.full_like.default
/usr/lib64/python3.12/copyreg.py:99: FutureWarning: `isinstance(treespec, LeafSpec)` is deprecated, use `isinstance(treespec, TreeSpec) and treespec.is_leaf()` instead.
  return cls.__new__(cls, *args)
/home/doremy/sarc-acl/executorch/main/executorch/.venv/lib64/python3.12/site-packages/executorch/exir/tensor.py:83: FutureWarning: guard_size_oblivious will be removed. Consider using explicit unbacked handling     potentially utilizing guard_or_false, guard_or_true, or statically_known_true
  return guard_size_oblivious(self.stride < other.stride)
[export] lowered in 236.9s
[export] writing .pte -> /home/doremy/llama31_pure_run_int8/llama31_8b_32L_seq128_int8.pte
[export] .pte size: 8.56 GiB
[export] writing input -> /home/doremy/llama31_pure_run_int8/llama31_8b_32L_seq128_int8_input0.bin

[setup] artifacts in /home/doremy/llama31_pure_run_int8/
