gpu,model,scheme,build,kernel,M,N,K,ms,tflops
orin,1b,4w,cand,sarc_linear_q4gsw_coopmat_orin_t256x128k16g42s32bt_texture3d_texture2d_half,2048,2048,2048,2.886,5.953
orin,1b,4w,cand,sarc_linear_q4gsw_coopmat_orin_t256x128k16g42s32bt_texture3d_texture2d_half,2048,512,2048,0.735,5.843
orin,1b,4w,cand,sarc_linear_q4gsw_coopmat_orin_t256x128k16g42s32bt_texture3d_texture2d_half,2048,512,2048,0.7309,5.876
orin,1b,4w,cand,sarc_linear_q4gsw_coopmat_orin_t256x128k16g42s32bt_texture3d_texture2d_half,2048,2048,2048,2.8884,5.948
orin,1b,4w,cand,sarc_linear_q4gsw_coopmat_orin_t256x128k16g42s32bt_texture3d_texture2d_half,2048,8192,2048,11.4062,6.025
orin,1b,4w,cand,sarc_linear_q4gsw_coopmat_orin_t256x128k16g42s32bt_texture3d_texture2d_half,2048,8192,2048,11.3964,6.03
orin,1b,4w,cand,sarc_linear_q4gsw_coopmat_orin_t256x128k16g42s32bt_texture3d_texture2d_half,2048,2048,8192,10.9146,6.296
orin,1b,4w,cand,sarc_linear_q4gsw_coopmat_orin_t256x128k16g42s32bt_texture3d_texture2d_half,2048,2048,2048,2.8784,5.969
orin,1b,4w,cand,sarc_linear_q4gsw_coopmat_orin_t256x128k16g42s32bt_texture3d_texture2d_half,2048,512,2048,0.7363,5.833
orin,1b,4w,cand,sarc_linear_q4gsw_coopmat_orin_t256x128k16g42s32bt_texture3d_texture2d_half,2048,512,2048,0.7337,5.854
orin,1b,4w,cand,sarc_linear_q4gsw_coopmat_orin_t256x128k16g42s32bt_texture3d_texture2d_half,2048,2048,2048,2.8661,5.994
orin,1b,4w,cand,sarc_linear_q4gsw_coopmat_orin_t256x128k16g42s32bt_texture3d_texture2d_half,2048,8192,2048,11.3708,6.044
orin,1b,4w,cand,sarc_linear_q4gsw_coopmat_orin_t256x128k16g42s32bt_texture3d_texture2d_half,2048,8192,2048,11.3848,6.036
orin,1b,4w,cand,sarc_linear_q4gsw_coopmat_orin_t256x128k16g42s32bt_texture3d_texture2d_half,2048,2048,8192,10.917,6.295
orin,1b,4w,cand,sarc_linear_q4gsw_coopmat_orin_t256x128k16g42s32bt_texture3d_texture2d_half,2048,2048,2048,2.8752,5.975
orin,1b,4w,cand,sarc_linear_q4gsw_coopmat_orin_t256x128k16g42s32bt_texture3d_texture2d_half,2048,512,2048,0.7327,5.862
orin,1b,4w,cand,sarc_linear_q4gsw_coopmat_orin_t256x128k16g42s32bt_texture3d_texture2d_half,2048,512,2048,0.7363,5.833
orin,1b,4w,cand,sarc_linear_q4gsw_coopmat_orin_t256x128k16g42s32bt_texture3d_texture2d_half,2048,2048,2048,2.8813,5.963
orin,1b,4w,cand,sarc_linear_q4gsw_coopmat_orin_t256x128k16g42s32bt_texture3d_texture2d_half,2048,8192,2048,11.3892,6.034
orin,1b,4w,cand,sarc_linear_q4gsw_coopmat_orin_t256x128k16g42s32bt_texture3d_texture2d_half,2048,8192,2048,11.3865,6.035
orin,1b,4w,cand,sarc_linear_q4gsw_coopmat_orin_t256x128k16g42s32bt_texture3d_texture2d_half,2048,2048,8192,10.9341,6.285
orin,1b,4w,cand,sarc_linear_q4gsw_coopmat_orin_t256x128k16g42s32bt_texture3d_texture2d_half,2048,2048,2048,2.8802,5.965
orin,1b,4w,cand,sarc_linear_q4gsw_coopmat_orin_t256x128k16g42s32bt_texture3d_texture2d_half,2048,512,2048,0.7347,5.846
orin,1b,4w,cand,sarc_linear_q4gsw_coopmat_orin_t256x128k16g42s32bt_texture3d_texture2d_half,2048,512,2048,0.7348,5.845
orin,1b,4w,cand,sarc_linear_q4gsw_coopmat_orin_t256x128k16g42s32bt_texture3d_texture2d_half,2048,2048,2048,2.8907,5.943
orin,1b,4w,cand,sarc_linear_q4gsw_coopmat_orin_t256x128k16g42s32bt_texture3d_texture2d_half,2048,8192,2048,11.3863,6.035
orin,1b,4w,cand,sarc_linear_q4gsw_coopmat_orin_t256x128k16g42s32bt_texture3d_texture2d_half,2048,8192,2048,11.3823,6.037
orin,1b,4w,cand,sarc_linear_q4gsw_coopmat_orin_t256x128k16g42s32bt_texture3d_texture2d_half,2048,2048,8192,10.905,6.302
orin,1b,4w,cand,sarc_linear_q4gsw_coopmat_orin_t256x128k16g42s32bt_texture3d_texture2d_half,2048,2048,2048,2.881,5.963
orin,1b,4w,cand,sarc_linear_q4gsw_coopmat_orin_t256x128k16g42s32bt_texture3d_texture2d_half,2048,512,2048,0.7337,5.854
orin,1b,4w,cand,sarc_linear_q4gsw_coopmat_orin_t256x128k16g42s32bt_texture3d_texture2d_half,2048,512,2048,0.7356,5.839
orin,1b,4w,cand,sarc_linear_q4gsw_coopmat_orin_t256x128k16g42s32bt_texture3d_texture2d_half,2048,2048,2048,2.8745,5.977
orin,1b,4w,cand,sarc_linear_q4gsw_coopmat_orin_t256x128k16g42s32bt_texture3d_texture2d_half,2048,8192,2048,11.3349,6.063
orin,1b,4w,cand,sarc_linear_q4gsw_coopmat_orin_t256x128k16g42s32bt_texture3d_texture2d_half,2048,8192,2048,11.33,6.065
orin,1b,4w,cand,sarc_linear_q4gsw_coopmat_orin_t256x128k16g42s32bt_texture3d_texture2d_half,2048,2048,8192,10.8857,6.313
orin,1b,4w,cand,sarc_linear_q4gsw_coopmat_orin_t256x128k16g42s32bt_texture3d_texture2d_half,2048,2048,2048,2.8715,5.983
orin,1b,4w,cand,sarc_linear_q4gsw_coopmat_orin_t256x128k16g42s32bt_texture3d_texture2d_half,2048,512,2048,0.7332,5.857
orin,1b,4w,cand,sarc_linear_q4gsw_coopmat_orin_t256x128k16g42s32bt_texture3d_texture2d_half,2048,512,2048,0.7344,5.849
orin,1b,4w,cand,sarc_linear_q4gsw_coopmat_orin_t256x128k16g42s32bt_texture3d_texture2d_half,2048,2048,2048,2.8851,5.955
orin,1b,4w,cand,sarc_linear_q4gsw_coopmat_orin_t256x128k16g42s32bt_texture3d_texture2d_half,2048,8192,2048,11.386,6.035
orin,1b,4w,cand,sarc_linear_q4gsw_coopmat_orin_t256x128k16g42s32bt_texture3d_texture2d_half,2048,8192,2048,11.3937,6.031
orin,1b,4w,cand,sarc_linear_q4gsw_coopmat_orin_t256x128k16g42s32bt_texture3d_texture2d_half,2048,2048,8192,10.9147,6.296
orin,1b,4w,cand,sarc_linear_q4gsw_coopmat_orin_t256x128k16g42s32bt_texture3d_texture2d_half,2048,2048,2048,2.878,5.969
orin,1b,4w,cand,sarc_linear_q4gsw_coopmat_orin_t256x128k16g42s32bt_texture3d_texture2d_half,2048,512,2048,0.7347,5.846
orin,1b,4w,cand,sarc_linear_q4gsw_coopmat_orin_t256x128k16g42s32bt_texture3d_texture2d_half,2048,512,2048,0.734,5.852
orin,1b,4w,cand,sarc_linear_q4gsw_coopmat_orin_t256x128k16g42s32bt_texture3d_texture2d_half,2048,2048,2048,2.8866,5.952
orin,1b,4w,cand,sarc_linear_q4gsw_coopmat_orin_t256x128k16g42s32bt_texture3d_texture2d_half,2048,8192,2048,11.3884,6.034
orin,1b,4w,cand,sarc_linear_q4gsw_coopmat_orin_t256x128k16g42s32bt_texture3d_texture2d_half,2048,8192,2048,11.3892,6.034
orin,1b,4w,cand,sarc_linear_q4gsw_coopmat_orin_t256x128k16g42s32bt_texture3d_texture2d_half,2048,2048,8192,10.9294,6.288
orin,1b,4w,cand,sarc_linear_q4gsw_coopmat_orin_t256x128k16g42s32bt_texture3d_texture2d_half,2048,2048,2048,2.8785,5.968
orin,1b,4w,cand,sarc_linear_q4gsw_coopmat_orin_t256x128k16g42s32bt_texture3d_texture2d_half,2048,512,2048,0.7376,5.823
orin,1b,4w,cand,sarc_linear_q4gsw_coopmat_orin_t256x128k16g42s32bt_texture3d_texture2d_half,2048,512,2048,0.7373,5.825
orin,1b,4w,cand,sarc_linear_q4gsw_coopmat_orin_t256x128k16g42s32bt_texture3d_texture2d_half,2048,2048,2048,2.8832,5.959
orin,1b,4w,cand,sarc_linear_q4gsw_coopmat_orin_t256x128k16g42s32bt_texture3d_texture2d_half,2048,8192,2048,11.3822,6.037
orin,1b,4w,cand,sarc_linear_q4gsw_coopmat_orin_t256x128k16g42s32bt_texture3d_texture2d_half,2048,8192,2048,11.3901,6.033
orin,1b,4w,cand,sarc_linear_q4gsw_coopmat_orin_t256x128k16g42s32bt_texture3d_texture2d_half,2048,2048,8192,10.9228,6.291
orin,1b,4w,cand,sarc_linear_q4gsw_coopmat_orin_t256x128k16g42s32bt_texture3d_texture2d_half,2048,2048,2048,2.8747,5.976
orin,1b,4w,cand,sarc_linear_q4gsw_coopmat_orin_t256x128k16g42s32bt_texture3d_texture2d_half,2048,512,2048,0.7363,5.833
orin,1b,4w,cand,sarc_linear_q4gsw_coopmat_orin_t256x128k16g42s32bt_texture3d_texture2d_half,2048,512,2048,0.7358,5.837
orin,1b,4w,cand,sarc_linear_q4gsw_coopmat_orin_t256x128k16g42s32bt_texture3d_texture2d_half,2048,2048,2048,2.8919,5.941
orin,1b,4w,cand,sarc_linear_q4gsw_coopmat_orin_t256x128k16g42s32bt_texture3d_texture2d_half,2048,8192,2048,11.3861,6.035
orin,1b,4w,cand,sarc_linear_q4gsw_coopmat_orin_t256x128k16g42s32bt_texture3d_texture2d_half,2048,8192,2048,11.3931,6.032
orin,1b,4w,cand,sarc_linear_q4gsw_coopmat_orin_t256x128k16g42s32bt_texture3d_texture2d_half,2048,2048,8192,10.9123,6.297
orin,1b,4w,cand,sarc_linear_q4gsw_coopmat_orin_t256x128k16g42s32bt_texture3d_texture2d_half,2048,2048,2048,2.8747,5.976
orin,1b,4w,cand,sarc_linear_q4gsw_coopmat_orin_t256x128k16g42s32bt_texture3d_texture2d_half,2048,512,2048,0.7379,5.82
orin,1b,4w,cand,sarc_linear_q4gsw_coopmat_orin_t256x128k16g42s32bt_texture3d_texture2d_half,2048,512,2048,0.7482,5.74
orin,1b,4w,cand,sarc_linear_q4gsw_coopmat_orin_t256x128k16g42s32bt_texture3d_texture2d_half,2048,2048,2048,2.8858,5.953
orin,1b,4w,cand,sarc_linear_q4gsw_coopmat_orin_t256x128k16g42s32bt_texture3d_texture2d_half,2048,8192,2048,11.3746,6.041
orin,1b,4w,cand,sarc_linear_q4gsw_coopmat_orin_t256x128k16g42s32bt_texture3d_texture2d_half,2048,8192,2048,11.3908,6.033
orin,1b,4w,cand,sarc_linear_q4gsw_coopmat_orin_t256x128k16g42s32bt_texture3d_texture2d_half,2048,2048,8192,10.911,6.298
orin,1b,4w,cand,sarc_linear_q4gsw_coopmat_orin_t256x128k16g42s32bt_texture3d_texture2d_half,2048,2048,2048,2.883,5.959
orin,1b,4w,cand,sarc_linear_q4gsw_coopmat_orin_t256x128k16g42s32bt_texture3d_texture2d_half,2048,512,2048,0.7333,5.857
orin,1b,4w,cand,sarc_linear_q4gsw_coopmat_orin_t256x128k16g42s32bt_texture3d_texture2d_half,2048,512,2048,0.7344,5.848
orin,1b,4w,cand,sarc_linear_q4gsw_coopmat_orin_t256x128k16g42s32bt_texture3d_texture2d_half,2048,2048,2048,2.8839,5.957
orin,1b,4w,cand,sarc_linear_q4gsw_coopmat_orin_t256x128k16g42s32bt_texture3d_texture2d_half,2048,8192,2048,11.367,6.046
orin,1b,4w,cand,sarc_linear_q4gsw_coopmat_orin_t256x128k16g42s32bt_texture3d_texture2d_half,2048,8192,2048,11.3908,6.033
orin,1b,4w,cand,sarc_linear_q4gsw_coopmat_orin_t256x128k16g42s32bt_texture3d_texture2d_half,2048,2048,8192,10.9182,6.294
orin,1b,4w,cand,sarc_linear_q4gsw_coopmat_orin_t256x128k16g42s32bt_texture3d_texture2d_half,2048,2048,2048,2.8749,5.976
orin,1b,4w,cand,sarc_linear_q4gsw_coopmat_orin_t256x128k16g42s32bt_texture3d_texture2d_half,2048,512,2048,0.7354,5.84
orin,1b,4w,cand,sarc_linear_q4gsw_coopmat_orin_t256x128k16g42s32bt_texture3d_texture2d_half,2048,512,2048,0.7339,5.852
orin,1b,4w,cand,sarc_linear_q4gsw_coopmat_orin_t256x128k16g42s32bt_texture3d_texture2d_half,2048,2048,2048,2.8856,5.954
orin,1b,4w,cand,sarc_linear_q4gsw_coopmat_orin_t256x128k16g42s32bt_texture3d_texture2d_half,2048,8192,2048,11.3952,6.031
orin,1b,4w,cand,sarc_linear_q4gsw_coopmat_orin_t256x128k16g42s32bt_texture3d_texture2d_half,2048,8192,2048,11.3991,6.028
orin,1b,4w,cand,sarc_linear_q4gsw_coopmat_orin_t256x128k16g42s32bt_texture3d_texture2d_half,2048,2048,8192,10.8602,6.328
orin,1b,4w,cand,sarc_linear_q4gsw_coopmat_orin_t256x128k16g42s32bt_texture3d_texture2d_half,2048,2048,2048,2.8665,5.993
orin,1b,4w,cand,sarc_linear_q4gsw_coopmat_orin_t256x128k16g42s32bt_texture3d_texture2d_half,2048,512,2048,0.7303,5.881
orin,1b,4w,cand,sarc_linear_q4gsw_coopmat_orin_t256x128k16g42s32bt_texture3d_texture2d_half,2048,512,2048,0.736,5.836
orin,1b,4w,cand,sarc_linear_q4gsw_coopmat_orin_t256x128k16g42s32bt_texture3d_texture2d_half,2048,2048,2048,2.8761,5.973
orin,1b,4w,cand,sarc_linear_q4gsw_coopmat_orin_t256x128k16g42s32bt_texture3d_texture2d_half,2048,8192,2048,11.3395,6.06
orin,1b,4w,cand,sarc_linear_q4gsw_coopmat_orin_t256x128k16g42s32bt_texture3d_texture2d_half,2048,8192,2048,11.3841,6.036
orin,1b,4w,cand,sarc_linear_q4gsw_coopmat_orin_t256x128k16g42s32bt_texture3d_texture2d_half,2048,2048,8192,10.92,6.293
orin,1b,4w,cand,sarc_linear_q4gsw_coopmat_orin_t256x128k16g42s32bt_texture3d_texture2d_half,2048,2048,2048,2.8857,5.953
orin,1b,4w,cand,sarc_linear_q4gsw_coopmat_orin_t256x128k16g42s32bt_texture3d_texture2d_half,2048,512,2048,0.7369,5.829
orin,1b,4w,cand,sarc_linear_q4gsw_coopmat_orin_t256x128k16g42s32bt_texture3d_texture2d_half,2048,512,2048,0.7385,5.816
orin,1b,4w,cand,sarc_linear_q4gsw_coopmat_orin_t256x128k16g42s32bt_texture3d_texture2d_half,2048,2048,2048,2.8917,5.941
orin,1b,4w,cand,sarc_linear_q4gsw_coopmat_orin_t256x128k16g42s32bt_texture3d_texture2d_half,2048,8192,2048,11.3786,6.039
orin,1b,4w,cand,sarc_linear_q4gsw_coopmat_orin_t256x128k16g42s32bt_texture3d_texture2d_half,2048,8192,2048,11.3732,6.042
orin,1b,4w,cand,sarc_linear_q4gsw_coopmat_orin_t256x128k16g42s32bt_texture3d_texture2d_half,2048,2048,8192,10.9149,6.296
orin,1b,4w,cand,sarc_linear_q4gsw_coopmat_orin_t256x128k16g42s32bt_texture3d_texture2d_half,2048,2048,2048,2.8725,5.981
orin,1b,4w,cand,sarc_linear_q4gsw_coopmat_orin_t256x128k16g42s32bt_texture3d_texture2d_half,2048,512,2048,0.7356,5.839
orin,1b,4w,cand,sarc_linear_q4gsw_coopmat_orin_t256x128k16g42s32bt_texture3d_texture2d_half,2048,512,2048,0.7316,5.87
orin,1b,4w,cand,sarc_linear_q4gsw_coopmat_orin_t256x128k16g42s32bt_texture3d_texture2d_half,2048,2048,2048,2.8812,5.963
orin,1b,4w,cand,sarc_linear_q4gsw_coopmat_orin_t256x128k16g42s32bt_texture3d_texture2d_half,2048,8192,2048,11.3611,6.049
orin,1b,4w,cand,sarc_linear_q4gsw_coopmat_orin_t256x128k16g42s32bt_texture3d_texture2d_half,2048,8192,2048,11.3196,6.071
orin,1b,4w,cand,sarc_linear_q4gsw_coopmat_orin_t256x128k16g42s32bt_texture3d_texture2d_half,2048,2048,8192,10.9206,6.293
orin,1b,4w,cand,sarc_linear_q4gsw_coopmat_orin_t256x128k16g42s32bt_texture3d_texture2d_half,2048,2048,2048,2.8802,5.965
orin,1b,4w,cand,sarc_linear_q4gsw_coopmat_orin_t256x128k16g42s32bt_texture3d_texture2d_half,2048,512,2048,0.7343,5.849
orin,1b,4w,cand,sarc_linear_q4gsw_coopmat_orin_t256x128k16g42s32bt_texture3d_texture2d_half,2048,512,2048,0.7347,5.846
orin,1b,4w,cand,sarc_linear_q4gsw_coopmat_orin_t256x128k16g42s32bt_texture3d_texture2d_half,2048,2048,2048,2.8785,5.968
orin,1b,4w,cand,sarc_linear_q4gsw_coopmat_orin_t256x128k16g42s32bt_texture3d_texture2d_half,2048,8192,2048,11.3715,6.043
orin,1b,4w,cand,sarc_linear_q4gsw_coopmat_orin_t256x128k16g42s32bt_texture3d_texture2d_half,2048,8192,2048,11.3979,6.029
orin,1b,4w,cand,sarc_linear_q4gsw_coopmat_orin_t256x128k16g42s32bt_texture3d_texture2d_half,2048,2048,8192,10.9243,6.291
orin,1b,4w,parent,sarc_linear_q4gsw_coopmat_orin_t256x128k16g42s32bt_texture3d_texture2d_half,2048,2048,2048,2.8942,5.936
orin,1b,4w,parent,sarc_linear_q4gsw_coopmat_orin_t256x128k16g42s32bt_texture3d_texture2d_half,2048,512,2048,0.7377,5.822
orin,1b,4w,parent,sarc_linear_q4gsw_coopmat_orin_t256x128k16g42s32bt_texture3d_texture2d_half,2048,512,2048,0.7316,5.871
orin,1b,4w,parent,sarc_linear_q4gsw_coopmat_orin_t256x128k16g42s32bt_texture3d_texture2d_half,2048,2048,2048,2.8888,5.947
orin,1b,4w,parent,sarc_linear_q4gsw_coopmat_orin_t256x128k16g42s32bt_texture3d_texture2d_half,2048,8192,2048,11.4157,6.02
orin,1b,4w,parent,sarc_linear_q4gsw_coopmat_orin_t256x128k16g42s32bt_texture3d_texture2d_half,2048,8192,2048,11.4008,6.028
orin,1b,4w,parent,sarc_linear_q4gsw_coopmat_orin_t256x128k16g42s32bt_texture3d_texture2d_half,2048,2048,8192,10.9331,6.285
orin,1b,4w,parent,sarc_linear_q4gsw_coopmat_orin_t256x128k16g42s32bt_texture3d_texture2d_half,2048,2048,2048,2.8777,5.97
orin,1b,4w,parent,sarc_linear_q4gsw_coopmat_orin_t256x128k16g42s32bt_texture3d_texture2d_half,2048,512,2048,0.7359,5.836
orin,1b,4w,parent,sarc_linear_q4gsw_coopmat_orin_t256x128k16g42s32bt_texture3d_texture2d_half,2048,512,2048,0.7376,5.823
orin,1b,4w,parent,sarc_linear_q4gsw_coopmat_orin_t256x128k16g42s32bt_texture3d_texture2d_half,2048,2048,2048,2.8864,5.952
orin,1b,4w,parent,sarc_linear_q4gsw_coopmat_orin_t256x128k16g42s32bt_texture3d_texture2d_half,2048,8192,2048,11.3813,6.038
orin,1b,4w,parent,sarc_linear_q4gsw_coopmat_orin_t256x128k16g42s32bt_texture3d_texture2d_half,2048,8192,2048,11.3882,6.034
orin,1b,4w,parent,sarc_linear_q4gsw_coopmat_orin_t256x128k16g42s32bt_texture3d_texture2d_half,2048,2048,8192,10.9284,6.288
orin,1b,4w,parent,sarc_linear_q4gsw_coopmat_orin_t256x128k16g42s32bt_texture3d_texture2d_half,2048,2048,2048,2.8733,5.979
orin,1b,4w,parent,sarc_linear_q4gsw_coopmat_orin_t256x128k16g42s32bt_texture3d_texture2d_half,2048,512,2048,0.7355,5.84
orin,1b,4w,parent,sarc_linear_q4gsw_coopmat_orin_t256x128k16g42s32bt_texture3d_texture2d_half,2048,512,2048,0.7309,5.876
orin,1b,4w,parent,sarc_linear_q4gsw_coopmat_orin_t256x128k16g42s32bt_texture3d_texture2d_half,2048,2048,2048,2.8845,5.956
orin,1b,4w,parent,sarc_linear_q4gsw_coopmat_orin_t256x128k16g42s32bt_texture3d_texture2d_half,2048,8192,2048,11.332,6.064
orin,1b,4w,parent,sarc_linear_q4gsw_coopmat_orin_t256x128k16g42s32bt_texture3d_texture2d_half,2048,8192,2048,11.3354,6.062
orin,1b,4w,parent,sarc_linear_q4gsw_coopmat_orin_t256x128k16g42s32bt_texture3d_texture2d_half,2048,2048,8192,10.922,6.292
orin,1b,4w,parent,sarc_linear_q4gsw_coopmat_orin_t256x128k16g42s32bt_texture3d_texture2d_half,2048,2048,2048,2.8712,5.984
orin,1b,4w,parent,sarc_linear_q4gsw_coopmat_orin_t256x128k16g42s32bt_texture3d_texture2d_half,2048,512,2048,0.7388,5.813
orin,1b,4w,parent,sarc_linear_q4gsw_coopmat_orin_t256x128k16g42s32bt_texture3d_texture2d_half,2048,512,2048,0.7335,5.856
orin,1b,4w,parent,sarc_linear_q4gsw_coopmat_orin_t256x128k16g42s32bt_texture3d_texture2d_half,2048,2048,2048,2.8883,5.948
orin,1b,4w,parent,sarc_linear_q4gsw_coopmat_orin_t256x128k16g42s32bt_texture3d_texture2d_half,2048,8192,2048,11.3803,6.038
orin,1b,4w,parent,sarc_linear_q4gsw_coopmat_orin_t256x128k16g42s32bt_texture3d_texture2d_half,2048,8192,2048,11.3315,6.064
orin,1b,4w,parent,sarc_linear_q4gsw_coopmat_orin_t256x128k16g42s32bt_texture3d_texture2d_half,2048,2048,8192,10.8741,6.32
orin,1b,4w,parent,sarc_linear_q4gsw_coopmat_orin_t256x128k16g42s32bt_texture3d_texture2d_half,2048,2048,2048,2.8608,6.005
orin,1b,4w,parent,sarc_linear_q4gsw_coopmat_orin_t256x128k16g42s32bt_texture3d_texture2d_half,2048,512,2048,0.732,5.868
orin,1b,4w,parent,sarc_linear_q4gsw_coopmat_orin_t256x128k16g42s32bt_texture3d_texture2d_half,2048,512,2048,0.7289,5.892
orin,1b,4w,parent,sarc_linear_q4gsw_coopmat_orin_t256x128k16g42s32bt_texture3d_texture2d_half,2048,2048,2048,2.8935,5.937
orin,1b,4w,parent,sarc_linear_q4gsw_coopmat_orin_t256x128k16g42s32bt_texture3d_texture2d_half,2048,8192,2048,11.3764,6.041
orin,1b,4w,parent,sarc_linear_q4gsw_coopmat_orin_t256x128k16g42s32bt_texture3d_texture2d_half,2048,8192,2048,11.3978,6.029
orin,1b,4w,parent,sarc_linear_q4gsw_coopmat_orin_t256x128k16g42s32bt_texture3d_texture2d_half,2048,2048,8192,10.9252,6.29
orin,1b,4w,parent,sarc_linear_q4gsw_coopmat_orin_t256x128k16g42s32bt_texture3d_texture2d_half,2048,2048,2048,2.8675,5.991
orin,1b,4w,parent,sarc_linear_q4gsw_coopmat_orin_t256x128k16g42s32bt_texture3d_texture2d_half,2048,512,2048,0.7334,5.856
orin,1b,4w,parent,sarc_linear_q4gsw_coopmat_orin_t256x128k16g42s32bt_texture3d_texture2d_half,2048,512,2048,0.7338,5.853
orin,1b,4w,parent,sarc_linear_q4gsw_coopmat_orin_t256x128k16g42s32bt_texture3d_texture2d_half,2048,2048,2048,2.8926,5.939
orin,1b,4w,parent,sarc_linear_q4gsw_coopmat_orin_t256x128k16g42s32bt_texture3d_texture2d_half,2048,8192,2048,11.394,6.031
orin,1b,4w,parent,sarc_linear_q4gsw_coopmat_orin_t256x128k16g42s32bt_texture3d_texture2d_half,2048,8192,2048,11.3839,6.037
orin,1b,4w,parent,sarc_linear_q4gsw_coopmat_orin_t256x128k16g42s32bt_texture3d_texture2d_half,2048,2048,8192,10.9313,6.286
orin,1b,4w,parent,sarc_linear_q4gsw_coopmat_orin_t256x128k16g42s32bt_texture3d_texture2d_half,2048,2048,2048,2.8767,5.972
orin,1b,4w,parent,sarc_linear_q4gsw_coopmat_orin_t256x128k16g42s32bt_texture3d_texture2d_half,2048,512,2048,0.7381,5.819
orin,1b,4w,parent,sarc_linear_q4gsw_coopmat_orin_t256x128k16g42s32bt_texture3d_texture2d_half,2048,512,2048,0.733,5.859
orin,1b,4w,parent,sarc_linear_q4gsw_coopmat_orin_t256x128k16g42s32bt_texture3d_texture2d_half,2048,2048,2048,2.8813,5.962
orin,1b,4w,parent,sarc_linear_q4gsw_coopmat_orin_t256x128k16g42s32bt_texture3d_texture2d_half,2048,8192,2048,11.3837,6.037
orin,1b,4w,parent,sarc_linear_q4gsw_coopmat_orin_t256x128k16g42s32bt_texture3d_texture2d_half,2048,8192,2048,11.3807,6.038
orin,1b,4w,parent,sarc_linear_q4gsw_coopmat_orin_t256x128k16g42s32bt_texture3d_texture2d_half,2048,2048,8192,10.9219,6.292
orin,1b,4w,parent,sarc_linear_q4gsw_coopmat_orin_t256x128k16g42s32bt_texture3d_texture2d_half,2048,2048,2048,2.8696,5.987
orin,1b,4w,parent,sarc_linear_q4gsw_coopmat_orin_t256x128k16g42s32bt_texture3d_texture2d_half,2048,512,2048,0.735,5.844
orin,1b,4w,parent,sarc_linear_q4gsw_coopmat_orin_t256x128k16g42s32bt_texture3d_texture2d_half,2048,512,2048,0.7325,5.863
orin,1b,4w,parent,sarc_linear_q4gsw_coopmat_orin_t256x128k16g42s32bt_texture3d_texture2d_half,2048,2048,2048,2.888,5.949
orin,1b,4w,parent,sarc_linear_q4gsw_coopmat_orin_t256x128k16g42s32bt_texture3d_texture2d_half,2048,8192,2048,11.3841,6.036
orin,1b,4w,parent,sarc_linear_q4gsw_coopmat_orin_t256x128k16g42s32bt_texture3d_texture2d_half,2048,8192,2048,11.377,6.04
orin,1b,4w,parent,sarc_linear_q4gsw_coopmat_orin_t256x128k16g42s32bt_texture3d_texture2d_half,2048,2048,8192,10.9242,6.291
orin,1b,4w,parent,sarc_linear_q4gsw_coopmat_orin_t256x128k16g42s32bt_texture3d_texture2d_half,2048,2048,2048,2.8771,5.971
orin,1b,4w,parent,sarc_linear_q4gsw_coopmat_orin_t256x128k16g42s32bt_texture3d_texture2d_half,2048,512,2048,0.7347,5.846
orin,1b,4w,parent,sarc_linear_q4gsw_coopmat_orin_t256x128k16g42s32bt_texture3d_texture2d_half,2048,512,2048,0.7301,5.883
orin,1b,4w,parent,sarc_linear_q4gsw_coopmat_orin_t256x128k16g42s32bt_texture3d_texture2d_half,2048,2048,2048,2.8912,5.942
orin,1b,4w,parent,sarc_linear_q4gsw_coopmat_orin_t256x128k16g42s32bt_texture3d_texture2d_half,2048,8192,2048,11.3807,6.038
orin,1b,4w,parent,sarc_linear_q4gsw_coopmat_orin_t256x128k16g42s32bt_texture3d_texture2d_half,2048,8192,2048,11.3819,6.038
orin,1b,4w,parent,sarc_linear_q4gsw_coopmat_orin_t256x128k16g42s32bt_texture3d_texture2d_half,2048,2048,8192,10.9215,6.292
orin,1b,4w,parent,sarc_linear_q4gsw_coopmat_orin_t256x128k16g42s32bt_texture3d_texture2d_half,2048,2048,2048,2.8786,5.968
orin,1b,4w,parent,sarc_linear_q4gsw_coopmat_orin_t256x128k16g42s32bt_texture3d_texture2d_half,2048,512,2048,0.7302,5.882
orin,1b,4w,parent,sarc_linear_q4gsw_coopmat_orin_t256x128k16g42s32bt_texture3d_texture2d_half,2048,512,2048,0.7492,5.733
orin,1b,4w,parent,sarc_linear_q4gsw_coopmat_orin_t256x128k16g42s32bt_texture3d_texture2d_half,2048,2048,2048,2.8891,5.946
orin,1b,4w,parent,sarc_linear_q4gsw_coopmat_orin_t256x128k16g42s32bt_texture3d_texture2d_half,2048,8192,2048,11.3895,6.034
orin,1b,4w,parent,sarc_linear_q4gsw_coopmat_orin_t256x128k16g42s32bt_texture3d_texture2d_half,2048,8192,2048,11.3883,6.034
orin,1b,4w,parent,sarc_linear_q4gsw_coopmat_orin_t256x128k16g42s32bt_texture3d_texture2d_half,2048,2048,8192,10.9313,6.287
orin,1b,4w,parent,sarc_linear_q4gsw_coopmat_orin_t256x128k16g42s32bt_texture3d_texture2d_half,2048,2048,2048,2.877,5.972
orin,1b,4w,parent,sarc_linear_q4gsw_coopmat_orin_t256x128k16g42s32bt_texture3d_texture2d_half,2048,512,2048,0.7379,5.82
orin,1b,4w,parent,sarc_linear_q4gsw_coopmat_orin_t256x128k16g42s32bt_texture3d_texture2d_half,2048,512,2048,0.7366,5.831
orin,1b,4w,parent,sarc_linear_q4gsw_coopmat_orin_t256x128k16g42s32bt_texture3d_texture2d_half,2048,2048,2048,2.8934,5.938
orin,1b,4w,parent,sarc_linear_q4gsw_coopmat_orin_t256x128k16g42s32bt_texture3d_texture2d_half,2048,8192,2048,11.3885,6.034
orin,1b,4w,parent,sarc_linear_q4gsw_coopmat_orin_t256x128k16g42s32bt_texture3d_texture2d_half,2048,8192,2048,11.3878,6.034
orin,1b,4w,parent,sarc_linear_q4gsw_coopmat_orin_t256x128k16g42s32bt_texture3d_texture2d_half,2048,2048,8192,10.8712,6.321
orin,1b,4w,parent,sarc_linear_q4gsw_coopmat_orin_t256x128k16g42s32bt_texture3d_texture2d_half,2048,2048,2048,2.8617,6.003
orin,1b,4w,parent,sarc_linear_q4gsw_coopmat_orin_t256x128k16g42s32bt_texture3d_texture2d_half,2048,512,2048,0.7323,5.865
orin,1b,4w,parent,sarc_linear_q4gsw_coopmat_orin_t256x128k16g42s32bt_texture3d_texture2d_half,2048,512,2048,0.7313,5.873
orin,1b,4w,parent,sarc_linear_q4gsw_coopmat_orin_t256x128k16g42s32bt_texture3d_texture2d_half,2048,2048,2048,2.8716,5.983
orin,1b,4w,parent,sarc_linear_q4gsw_coopmat_orin_t256x128k16g42s32bt_texture3d_texture2d_half,2048,8192,2048,11.3297,6.065
orin,1b,4w,parent,sarc_linear_q4gsw_coopmat_orin_t256x128k16g42s32bt_texture3d_texture2d_half,2048,8192,2048,11.3769,6.04
orin,1b,4w,parent,sarc_linear_q4gsw_coopmat_orin_t256x128k16g42s32bt_texture3d_texture2d_half,2048,2048,8192,10.931,6.287
orin,1b,4w,parent,sarc_linear_q4gsw_coopmat_orin_t256x128k16g42s32bt_texture3d_texture2d_half,2048,2048,2048,2.8771,5.971
orin,1b,4w,parent,sarc_linear_q4gsw_coopmat_orin_t256x128k16g42s32bt_texture3d_texture2d_half,2048,512,2048,0.7342,5.85
orin,1b,4w,parent,sarc_linear_q4gsw_coopmat_orin_t256x128k16g42s32bt_texture3d_texture2d_half,2048,512,2048,0.735,5.843
orin,1b,4w,parent,sarc_linear_q4gsw_coopmat_orin_t256x128k16g42s32bt_texture3d_texture2d_half,2048,2048,2048,2.8902,5.944
orin,1b,4w,parent,sarc_linear_q4gsw_coopmat_orin_t256x128k16g42s32bt_texture3d_texture2d_half,2048,8192,2048,11.3852,6.036
orin,1b,4w,parent,sarc_linear_q4gsw_coopmat_orin_t256x128k16g42s32bt_texture3d_texture2d_half,2048,8192,2048,11.3935,6.031
orin,1b,4w,parent,sarc_linear_q4gsw_coopmat_orin_t256x128k16g42s32bt_texture3d_texture2d_half,2048,2048,8192,10.9319,6.286
orin,1b,4w,parent,sarc_linear_q4gsw_coopmat_orin_t256x128k16g42s32bt_texture3d_texture2d_half,2048,2048,2048,2.8756,5.974
orin,1b,4w,parent,sarc_linear_q4gsw_coopmat_orin_t256x128k16g42s32bt_texture3d_texture2d_half,2048,512,2048,0.7382,5.818
orin,1b,4w,parent,sarc_linear_q4gsw_coopmat_orin_t256x128k16g42s32bt_texture3d_texture2d_half,2048,512,2048,0.7372,5.826
orin,1b,4w,parent,sarc_linear_q4gsw_coopmat_orin_t256x128k16g42s32bt_texture3d_texture2d_half,2048,2048,2048,2.8959,5.932
orin,1b,4w,parent,sarc_linear_q4gsw_coopmat_orin_t256x128k16g42s32bt_texture3d_texture2d_half,2048,8192,2048,11.3906,6.033
orin,1b,4w,parent,sarc_linear_q4gsw_coopmat_orin_t256x128k16g42s32bt_texture3d_texture2d_half,2048,8192,2048,11.3939,6.031
orin,1b,4w,parent,sarc_linear_q4gsw_coopmat_orin_t256x128k16g42s32bt_texture3d_texture2d_half,2048,2048,8192,10.9261,6.289
orin,1b,4w,parent,sarc_linear_q4gsw_coopmat_orin_t256x128k16g42s32bt_texture3d_texture2d_half,2048,2048,2048,2.8801,5.965
orin,1b,4w,parent,sarc_linear_q4gsw_coopmat_orin_t256x128k16g42s32bt_texture3d_texture2d_half,2048,512,2048,0.7387,5.814
orin,1b,4w,parent,sarc_linear_q4gsw_coopmat_orin_t256x128k16g42s32bt_texture3d_texture2d_half,2048,512,2048,0.7345,5.847
orin,1b,4w,parent,sarc_linear_q4gsw_coopmat_orin_t256x128k16g42s32bt_texture3d_texture2d_half,2048,2048,2048,2.8925,5.939
orin,1b,4w,parent,sarc_linear_q4gsw_coopmat_orin_t256x128k16g42s32bt_texture3d_texture2d_half,2048,8192,2048,11.3906,6.033
orin,1b,4w,parent,sarc_linear_q4gsw_coopmat_orin_t256x128k16g42s32bt_texture3d_texture2d_half,2048,8192,2048,11.3918,6.032
orin,1b,4w,parent,sarc_linear_q4gsw_coopmat_orin_t256x128k16g42s32bt_texture3d_texture2d_half,2048,2048,8192,10.9326,6.286
orin,1b,4w,parent,sarc_linear_q4gsw_coopmat_orin_t256x128k16g42s32bt_texture3d_texture2d_half,2048,2048,2048,2.8748,5.976
orin,1b,4w,parent,sarc_linear_q4gsw_coopmat_orin_t256x128k16g42s32bt_texture3d_texture2d_half,2048,512,2048,0.7367,5.83
orin,1b,4w,parent,sarc_linear_q4gsw_coopmat_orin_t256x128k16g42s32bt_texture3d_texture2d_half,2048,512,2048,0.7327,5.862
orin,1b,4w,parent,sarc_linear_q4gsw_coopmat_orin_t256x128k16g42s32bt_texture3d_texture2d_half,2048,2048,2048,2.8913,5.942
orin,1b,4w,parent,sarc_linear_q4gsw_coopmat_orin_t256x128k16g42s32bt_texture3d_texture2d_half,2048,8192,2048,11.3716,6.043
orin,1b,4w,parent,sarc_linear_q4gsw_coopmat_orin_t256x128k16g42s32bt_texture3d_texture2d_half,2048,8192,2048,11.3307,6.065
orin,1b,4w,parent,sarc_linear_q4gsw_coopmat_orin_t256x128k16g42s32bt_texture3d_texture2d_half,2048,2048,8192,10.9375,6.283
orin,1b,8da4w,cand,sarc_linear_dq8ca_coopmat_zpgtr_orin_bf_t128x128k64g24s32mk32ra_texture3d_texture2d_half,2048,2048,2048,3.4387,4.996
orin,1b,8da4w,cand,sarc_linear_dq8ca_coopmat_zpgtr_orin_bf_t128x128k64g24s32mk32ra_texture3d_texture2d_half,2048,512,2048,0.8372,5.13
orin,1b,8da4w,cand,sarc_linear_dq8ca_coopmat_zpgtr_orin_bf_t128x128k64g24s32mk32ra_texture3d_texture2d_half,2048,512,2048,0.8311,5.168
orin,1b,8da4w,cand,sarc_linear_dq8ca_coopmat_zpgtr_orin_bf_t128x128k64g24s32mk32ra_texture3d_texture2d_half,2048,2048,2048,3.417,5.028
orin,1b,8da4w,cand,sarc_linear_dq8ca_coopmat_zpgtr_orin_bf_t128x128k64g24s32mk32ra_texture3d_texture2d_half,2048,8192,2048,13.6426,5.037
orin,1b,8da4w,cand,sarc_linear_dq8ca_coopmat_zpgtr_orin_bf_t128x128k64g24s32mk32ra_texture3d_texture2d_half,2048,8192,2048,13.5828,5.059
orin,1b,8da4w,cand,sarc_linear_dq8ca_coopmat_zpgtr_orin_bf_t128x128k64g24s32mk32ra_texture3d_texture2d_half,2048,2048,8192,12.7086,5.407
orin,1b,8da4w,cand,sarc_linear_dq8ca_coopmat_zpgtr_orin_bf_t128x128k64g24s32mk32ra_texture3d_texture2d_half,2048,2048,2048,3.4144,5.032
orin,1b,8da4w,cand,sarc_linear_dq8ca_coopmat_zpgtr_orin_bf_t128x128k64g24s32mk32ra_texture3d_texture2d_half,2048,512,2048,0.8356,5.14
orin,1b,8da4w,cand,sarc_linear_dq8ca_coopmat_zpgtr_orin_bf_t128x128k64g24s32mk32ra_texture3d_texture2d_half,2048,512,2048,0.8419,5.101
orin,1b,8da4w,cand,sarc_linear_dq8ca_coopmat_zpgtr_orin_bf_t128x128k64g24s32mk32ra_texture3d_texture2d_half,2048,2048,2048,3.4243,5.017
orin,1b,8da4w,cand,sarc_linear_dq8ca_coopmat_zpgtr_orin_bf_t128x128k64g24s32mk32ra_texture3d_texture2d_half,2048,8192,2048,13.5725,5.063
orin,1b,8da4w,cand,sarc_linear_dq8ca_coopmat_zpgtr_orin_bf_t128x128k64g24s32mk32ra_texture3d_texture2d_half,2048,8192,2048,13.5849,5.059
orin,1b,8da4w,cand,sarc_linear_dq8ca_coopmat_zpgtr_orin_bf_t128x128k64g24s32mk32ra_texture3d_texture2d_half,2048,2048,8192,12.6938,5.414
orin,1b,8da4w,cand,sarc_linear_dq8ca_coopmat_zpgtr_orin_bf_t128x128k64g24s32mk32ra_texture3d_texture2d_half,2048,2048,2048,3.4163,5.029
orin,1b,8da4w,cand,sarc_linear_dq8ca_coopmat_zpgtr_orin_bf_t128x128k64g24s32mk32ra_texture3d_texture2d_half,2048,512,2048,0.835,5.143
orin,1b,8da4w,cand,sarc_linear_dq8ca_coopmat_zpgtr_orin_bf_t128x128k64g24s32mk32ra_texture3d_texture2d_half,2048,512,2048,0.8335,5.153
orin,1b,8da4w,cand,sarc_linear_dq8ca_coopmat_zpgtr_orin_bf_t128x128k64g24s32mk32ra_texture3d_texture2d_half,2048,2048,2048,3.4195,5.024
orin,1b,8da4w,cand,sarc_linear_dq8ca_coopmat_zpgtr_orin_bf_t128x128k64g24s32mk32ra_texture3d_texture2d_half,2048,8192,2048,13.5661,5.066
orin,1b,8da4w,cand,sarc_linear_dq8ca_coopmat_zpgtr_orin_bf_t128x128k64g24s32mk32ra_texture3d_texture2d_half,2048,8192,2048,13.5525,5.071
orin,1b,8da4w,cand,sarc_linear_dq8ca_coopmat_zpgtr_orin_bf_t128x128k64g24s32mk32ra_texture3d_texture2d_half,2048,2048,8192,12.6319,5.44
orin,1b,8da4w,cand,sarc_linear_dq8ca_coopmat_zpgtr_orin_bf_t128x128k64g24s32mk32ra_texture3d_texture2d_half,2048,2048,2048,3.403,5.048
orin,1b,8da4w,cand,sarc_linear_dq8ca_coopmat_zpgtr_orin_bf_t128x128k64g24s32mk32ra_texture3d_texture2d_half,2048,512,2048,0.8304,5.172
orin,1b,8da4w,cand,sarc_linear_dq8ca_coopmat_zpgtr_orin_bf_t128x128k64g24s32mk32ra_texture3d_texture2d_half,2048,512,2048,0.8304,5.172
orin,1b,8da4w,cand,sarc_linear_dq8ca_coopmat_zpgtr_orin_bf_t128x128k64g24s32mk32ra_texture3d_texture2d_half,2048,2048,2048,3.4179,5.027
orin,1b,8da4w,cand,sarc_linear_dq8ca_coopmat_zpgtr_orin_bf_t128x128k64g24s32mk32ra_texture3d_texture2d_half,2048,8192,2048,13.5995,5.053
orin,1b,8da4w,cand,sarc_linear_dq8ca_coopmat_zpgtr_orin_bf_t128x128k64g24s32mk32ra_texture3d_texture2d_half,2048,8192,2048,13.6197,5.046
orin,1b,8da4w,cand,sarc_linear_dq8ca_coopmat_zpgtr_orin_bf_t128x128k64g24s32mk32ra_texture3d_texture2d_half,2048,2048,8192,12.7072,5.408
orin,1b,8da4w,cand,sarc_linear_dq8ca_coopmat_zpgtr_orin_bf_t128x128k64g24s32mk32ra_texture3d_texture2d_half,2048,2048,2048,3.4242,5.017
orin,1b,8da4w,cand,sarc_linear_dq8ca_coopmat_zpgtr_orin_bf_t128x128k64g24s32mk32ra_texture3d_texture2d_half,2048,512,2048,0.8348,5.145
orin,1b,8da4w,cand,sarc_linear_dq8ca_coopmat_zpgtr_orin_bf_t128x128k64g24s32mk32ra_texture3d_texture2d_half,2048,512,2048,0.834,5.15
orin,1b,8da4w,cand,sarc_linear_dq8ca_coopmat_zpgtr_orin_bf_t128x128k64g24s32mk32ra_texture3d_texture2d_half,2048,2048,2048,3.4192,5.024
orin,1b,8da4w,cand,sarc_linear_dq8ca_coopmat_zpgtr_orin_bf_t128x128k64g24s32mk32ra_texture3d_texture2d_half,2048,8192,2048,13.6069,5.05
orin,1b,8da4w,cand,sarc_linear_dq8ca_coopmat_zpgtr_orin_bf_t128x128k64g24s32mk32ra_texture3d_texture2d_half,2048,8192,2048,13.5805,5.06
orin,1b,8da4w,cand,sarc_linear_dq8ca_coopmat_zpgtr_orin_bf_t128x128k64g24s32mk32ra_texture3d_texture2d_half,2048,2048,8192,12.6829,5.418
orin,1b,8da4w,cand,sarc_linear_dq8ca_coopmat_zpgtr_orin_bf_t128x128k64g24s32mk32ra_texture3d_texture2d_half,2048,2048,2048,3.4291,5.01
orin,1b,8da4w,cand,sarc_linear_dq8ca_coopmat_zpgtr_orin_bf_t128x128k64g24s32mk32ra_texture3d_texture2d_half,2048,512,2048,0.8353,5.142
orin,1b,8da4w,cand,sarc_linear_dq8ca_coopmat_zpgtr_orin_bf_t128x128k64g24s32mk32ra_texture3d_texture2d_half,2048,512,2048,0.8377,5.127
orin,1b,8da4w,cand,sarc_linear_dq8ca_coopmat_zpgtr_orin_bf_t128x128k64g24s32mk32ra_texture3d_texture2d_half,2048,2048,2048,3.4182,5.026
orin,1b,8da4w,cand,sarc_linear_dq8ca_coopmat_zpgtr_orin_bf_t128x128k64g24s32mk32ra_texture3d_texture2d_half,2048,8192,2048,13.5668,5.065
orin,1b,8da4w,cand,sarc_linear_dq8ca_coopmat_zpgtr_orin_bf_t128x128k64g24s32mk32ra_texture3d_texture2d_half,2048,8192,2048,13.6019,5.052
orin,1b,8da4w,cand,sarc_linear_dq8ca_coopmat_zpgtr_orin_bf_t128x128k64g24s32mk32ra_texture3d_texture2d_half,2048,2048,8192,12.6873,5.416
orin,1b,8da4w,cand,sarc_linear_dq8ca_coopmat_zpgtr_orin_bf_t128x128k64g24s32mk32ra_texture3d_texture2d_half,2048,2048,2048,3.4185,5.026
orin,1b,8da4w,cand,sarc_linear_dq8ca_coopmat_zpgtr_orin_bf_t128x128k64g24s32mk32ra_texture3d_texture2d_half,2048,512,2048,0.8355,5.14
orin,1b,8da4w,cand,sarc_linear_dq8ca_coopmat_zpgtr_orin_bf_t128x128k64g24s32mk32ra_texture3d_texture2d_half,2048,512,2048,0.8343,5.148
orin,1b,8da4w,cand,sarc_linear_dq8ca_coopmat_zpgtr_orin_bf_t128x128k64g24s32mk32ra_texture3d_texture2d_half,2048,2048,2048,3.4196,5.024
orin,1b,8da4w,cand,sarc_linear_dq8ca_coopmat_zpgtr_orin_bf_t128x128k64g24s32mk32ra_texture3d_texture2d_half,2048,8192,2048,13.5675,5.065
orin,1b,8da4w,cand,sarc_linear_dq8ca_coopmat_zpgtr_orin_bf_t128x128k64g24s32mk32ra_texture3d_texture2d_half,2048,8192,2048,13.6158,5.047
orin,1b,8da4w,cand,sarc_linear_dq8ca_coopmat_zpgtr_orin_bf_t128x128k64g24s32mk32ra_texture3d_texture2d_half,2048,2048,8192,12.6997,5.411
orin,1b,8da4w,cand,sarc_linear_dq8ca_coopmat_zpgtr_orin_bf_t128x128k64g24s32mk32ra_texture3d_texture2d_half,2048,2048,2048,3.4147,5.031
orin,1b,8da4w,cand,sarc_linear_dq8ca_coopmat_zpgtr_orin_bf_t128x128k64g24s32mk32ra_texture3d_texture2d_half,2048,512,2048,0.835,5.144
orin,1b,8da4w,cand,sarc_linear_dq8ca_coopmat_zpgtr_orin_bf_t128x128k64g24s32mk32ra_texture3d_texture2d_half,2048,512,2048,0.8342,5.149
orin,1b,8da4w,cand,sarc_linear_dq8ca_coopmat_zpgtr_orin_bf_t128x128k64g24s32mk32ra_texture3d_texture2d_half,2048,2048,2048,3.4231,5.019
orin,1b,8da4w,cand,sarc_linear_dq8ca_coopmat_zpgtr_orin_bf_t128x128k64g24s32mk32ra_texture3d_texture2d_half,2048,8192,2048,13.5844,5.059
orin,1b,8da4w,cand,sarc_linear_dq8ca_coopmat_zpgtr_orin_bf_t128x128k64g24s32mk32ra_texture3d_texture2d_half,2048,8192,2048,13.6021,5.052
orin,1b,8da4w,cand,sarc_linear_dq8ca_coopmat_zpgtr_orin_bf_t128x128k64g24s32mk32ra_texture3d_texture2d_half,2048,2048,8192,12.6724,5.423
orin,1b,8da4w,cand,sarc_linear_dq8ca_coopmat_zpgtr_orin_bf_t128x128k64g24s32mk32ra_texture3d_texture2d_half,2048,2048,2048,3.4143,5.032
orin,1b,8da4w,cand,sarc_linear_dq8ca_coopmat_zpgtr_orin_bf_t128x128k64g24s32mk32ra_texture3d_texture2d_half,2048,512,2048,0.8338,5.151
orin,1b,8da4w,cand,sarc_linear_dq8ca_coopmat_zpgtr_orin_bf_t128x128k64g24s32mk32ra_texture3d_texture2d_half,2048,512,2048,0.8369,5.132
orin,1b,8da4w,cand,sarc_linear_dq8ca_coopmat_zpgtr_orin_bf_t128x128k64g24s32mk32ra_texture3d_texture2d_half,2048,2048,2048,3.4167,5.028
orin,1b,8da4w,cand,sarc_linear_dq8ca_coopmat_zpgtr_orin_bf_t128x128k64g24s32mk32ra_texture3d_texture2d_half,2048,8192,2048,13.6028,5.052
orin,1b,8da4w,cand,sarc_linear_dq8ca_coopmat_zpgtr_orin_bf_t128x128k64g24s32mk32ra_texture3d_texture2d_half,2048,8192,2048,13.614,5.048
orin,1b,8da4w,cand,sarc_linear_dq8ca_coopmat_zpgtr_orin_bf_t128x128k64g24s32mk32ra_texture3d_texture2d_half,2048,2048,8192,12.6932,5.414
orin,1b,8da4w,cand,sarc_linear_dq8ca_coopmat_zpgtr_orin_bf_t128x128k64g24s32mk32ra_texture3d_texture2d_half,2048,2048,2048,3.4066,5.043
orin,1b,8da4w,cand,sarc_linear_dq8ca_coopmat_zpgtr_orin_bf_t128x128k64g24s32mk32ra_texture3d_texture2d_half,2048,512,2048,0.8346,5.146
orin,1b,8da4w,cand,sarc_linear_dq8ca_coopmat_zpgtr_orin_bf_t128x128k64g24s32mk32ra_texture3d_texture2d_half,2048,512,2048,0.8329,5.157
orin,1b,8da4w,cand,sarc_linear_dq8ca_coopmat_zpgtr_orin_bf_t128x128k64g24s32mk32ra_texture3d_texture2d_half,2048,2048,2048,3.4009,5.052
orin,1b,8da4w,cand,sarc_linear_dq8ca_coopmat_zpgtr_orin_bf_t128x128k64g24s32mk32ra_texture3d_texture2d_half,2048,8192,2048,13.5202,5.083
orin,1b,8da4w,cand,sarc_linear_dq8ca_coopmat_zpgtr_orin_bf_t128x128k64g24s32mk32ra_texture3d_texture2d_half,2048,8192,2048,13.5062,5.088
orin,1b,8da4w,cand,sarc_linear_dq8ca_coopmat_zpgtr_orin_bf_t128x128k64g24s32mk32ra_texture3d_texture2d_half,2048,2048,8192,12.6703,5.424
orin,1b,8da4w,cand,sarc_linear_dq8ca_coopmat_zpgtr_orin_bf_t128x128k64g24s32mk32ra_texture3d_texture2d_half,2048,2048,2048,3.4182,5.026
orin,1b,8da4w,cand,sarc_linear_dq8ca_coopmat_zpgtr_orin_bf_t128x128k64g24s32mk32ra_texture3d_texture2d_half,2048,512,2048,0.8367,5.133
orin,1b,8da4w,cand,sarc_linear_dq8ca_coopmat_zpgtr_orin_bf_t128x128k64g24s32mk32ra_texture3d_texture2d_half,2048,512,2048,0.834,5.15
orin,1b,8da4w,cand,sarc_linear_dq8ca_coopmat_zpgtr_orin_bf_t128x128k64g24s32mk32ra_texture3d_texture2d_half,2048,2048,2048,3.4131,5.034
orin,1b,8da4w,cand,sarc_linear_dq8ca_coopmat_zpgtr_orin_bf_t128x128k64g24s32mk32ra_texture3d_texture2d_half,2048,8192,2048,13.5552,5.07
orin,1b,8da4w,cand,sarc_linear_dq8ca_coopmat_zpgtr_orin_bf_t128x128k64g24s32mk32ra_texture3d_texture2d_half,2048,8192,2048,13.585,5.058
orin,1b,8da4w,cand,sarc_linear_dq8ca_coopmat_zpgtr_orin_bf_t128x128k64g24s32mk32ra_texture3d_texture2d_half,2048,2048,8192,12.6772,5.421
orin,1b,8da4w,cand,sarc_linear_dq8ca_coopmat_zpgtr_orin_bf_t128x128k64g24s32mk32ra_texture3d_texture2d_half,2048,2048,2048,3.4174,5.027
orin,1b,8da4w,cand,sarc_linear_dq8ca_coopmat_zpgtr_orin_bf_t128x128k64g24s32mk32ra_texture3d_texture2d_half,2048,512,2048,0.8348,5.145
orin,1b,8da4w,cand,sarc_linear_dq8ca_coopmat_zpgtr_orin_bf_t128x128k64g24s32mk32ra_texture3d_texture2d_half,2048,512,2048,0.8365,5.134
orin,1b,8da4w,cand,sarc_linear_dq8ca_coopmat_zpgtr_orin_bf_t128x128k64g24s32mk32ra_texture3d_texture2d_half,2048,2048,2048,3.4199,5.023
orin,1b,8da4w,cand,sarc_linear_dq8ca_coopmat_zpgtr_orin_bf_t128x128k64g24s32mk32ra_texture3d_texture2d_half,2048,8192,2048,13.5786,5.061
orin,1b,8da4w,cand,sarc_linear_dq8ca_coopmat_zpgtr_orin_bf_t128x128k64g24s32mk32ra_texture3d_texture2d_half,2048,8192,2048,13.603,5.052
orin,1b,8da4w,cand,sarc_linear_dq8ca_coopmat_zpgtr_orin_bf_t128x128k64g24s32mk32ra_texture3d_texture2d_half,2048,2048,8192,12.7052,5.409
orin,1b,8da4w,cand,sarc_linear_dq8ca_coopmat_zpgtr_orin_bf_t128x128k64g24s32mk32ra_texture3d_texture2d_half,2048,2048,2048,3.4245,5.017
orin,1b,8da4w,cand,sarc_linear_dq8ca_coopmat_zpgtr_orin_bf_t128x128k64g24s32mk32ra_texture3d_texture2d_half,2048,512,2048,0.8361,5.137
orin,1b,8da4w,cand,sarc_linear_dq8ca_coopmat_zpgtr_orin_bf_t128x128k64g24s32mk32ra_texture3d_texture2d_half,2048,512,2048,0.8349,5.144
orin,1b,8da4w,cand,sarc_linear_dq8ca_coopmat_zpgtr_orin_bf_t128x128k64g24s32mk32ra_texture3d_texture2d_half,2048,2048,2048,3.4256,5.015
orin,1b,8da4w,cand,sarc_linear_dq8ca_coopmat_zpgtr_orin_bf_t128x128k64g24s32mk32ra_texture3d_texture2d_half,2048,8192,2048,13.5788,5.061
orin,1b,8da4w,cand,sarc_linear_dq8ca_coopmat_zpgtr_orin_bf_t128x128k64g24s32mk32ra_texture3d_texture2d_half,2048,8192,2048,13.5895,5.057
orin,1b,8da4w,cand,sarc_linear_dq8ca_coopmat_zpgtr_orin_bf_t128x128k64g24s32mk32ra_texture3d_texture2d_half,2048,2048,8192,12.6604,5.428
orin,1b,8da4w,cand,sarc_linear_dq8ca_coopmat_zpgtr_orin_bf_t128x128k64g24s32mk32ra_texture3d_texture2d_half,2048,2048,2048,3.4097,5.039
orin,1b,8da4w,cand,sarc_linear_dq8ca_coopmat_zpgtr_orin_bf_t128x128k64g24s32mk32ra_texture3d_texture2d_half,2048,512,2048,0.8328,5.157
orin,1b,8da4w,cand,sarc_linear_dq8ca_coopmat_zpgtr_orin_bf_t128x128k64g24s32mk32ra_texture3d_texture2d_half,2048,512,2048,0.8364,5.135
orin,1b,8da4w,cand,sarc_linear_dq8ca_coopmat_zpgtr_orin_bf_t128x128k64g24s32mk32ra_texture3d_texture2d_half,2048,2048,2048,3.4265,5.014
orin,1b,8da4w,cand,sarc_linear_dq8ca_coopmat_zpgtr_orin_bf_t128x128k64g24s32mk32ra_texture3d_texture2d_half,2048,8192,2048,13.5771,5.061
orin,1b,8da4w,cand,sarc_linear_dq8ca_coopmat_zpgtr_orin_bf_t128x128k64g24s32mk32ra_texture3d_texture2d_half,2048,8192,2048,13.5677,5.065
orin,1b,8da4w,cand,sarc_linear_dq8ca_coopmat_zpgtr_orin_bf_t128x128k64g24s32mk32ra_texture3d_texture2d_half,2048,2048,8192,12.6941,5.413
orin,1b,8da4w,cand,sarc_linear_dq8ca_coopmat_zpgtr_orin_bf_t128x128k64g24s32mk32ra_texture3d_texture2d_half,2048,2048,2048,3.4164,5.029
orin,1b,8da4w,cand,sarc_linear_dq8ca_coopmat_zpgtr_orin_bf_t128x128k64g24s32mk32ra_texture3d_texture2d_half,2048,512,2048,0.8362,5.136
orin,1b,8da4w,cand,sarc_linear_dq8ca_coopmat_zpgtr_orin_bf_t128x128k64g24s32mk32ra_texture3d_texture2d_half,2048,512,2048,0.8322,5.161
orin,1b,8da4w,cand,sarc_linear_dq8ca_coopmat_zpgtr_orin_bf_t128x128k64g24s32mk32ra_texture3d_texture2d_half,2048,2048,2048,3.4173,5.027
orin,1b,8da4w,cand,sarc_linear_dq8ca_coopmat_zpgtr_orin_bf_t128x128k64g24s32mk32ra_texture3d_texture2d_half,2048,8192,2048,13.5667,5.065
orin,1b,8da4w,cand,sarc_linear_dq8ca_coopmat_zpgtr_orin_bf_t128x128k64g24s32mk32ra_texture3d_texture2d_half,2048,8192,2048,13.5887,5.057
orin,1b,8da4w,cand,sarc_linear_dq8ca_coopmat_zpgtr_orin_bf_t128x128k64g24s32mk32ra_texture3d_texture2d_half,2048,2048,8192,12.6626,5.427
orin,1b,8da4w,cand,sarc_linear_dq8ca_coopmat_zpgtr_orin_bf_t128x128k64g24s32mk32ra_texture3d_texture2d_half,2048,2048,2048,3.4166,5.028
orin,1b,8da4w,cand,sarc_linear_dq8ca_coopmat_zpgtr_orin_bf_t128x128k64g24s32mk32ra_texture3d_texture2d_half,2048,512,2048,0.8331,5.155
orin,1b,8da4w,cand,sarc_linear_dq8ca_coopmat_zpgtr_orin_bf_t128x128k64g24s32mk32ra_texture3d_texture2d_half,2048,512,2048,0.8321,5.162
orin,1b,8da4w,cand,sarc_linear_dq8ca_coopmat_zpgtr_orin_bf_t128x128k64g24s32mk32ra_texture3d_texture2d_half,2048,2048,2048,3.4085,5.04
orin,1b,8da4w,cand,sarc_linear_dq8ca_coopmat_zpgtr_orin_bf_t128x128k64g24s32mk32ra_texture3d_texture2d_half,2048,8192,2048,13.5162,5.084
orin,1b,8da4w,cand,sarc_linear_dq8ca_coopmat_zpgtr_orin_bf_t128x128k64g24s32mk32ra_texture3d_texture2d_half,2048,8192,2048,13.5788,5.061
orin,1b,8da4w,cand,sarc_linear_dq8ca_coopmat_zpgtr_orin_bf_t128x128k64g24s32mk32ra_texture3d_texture2d_half,2048,2048,8192,12.6974,5.412
orin,1b,8da4w,parent,sarc_linear_dq8ca_coopmat_zpgtr_orin_bf_t128x128k64g24s32mk32ra_texture3d_texture2d_half,2048,2048,2048,3.4228,5.019
orin,1b,8da4w,parent,sarc_linear_dq8ca_coopmat_zpgtr_orin_bf_t128x128k64g24s32mk32ra_texture3d_texture2d_half,2048,512,2048,0.8401,5.112
orin,1b,8da4w,parent,sarc_linear_dq8ca_coopmat_zpgtr_orin_bf_t128x128k64g24s32mk32ra_texture3d_texture2d_half,2048,512,2048,0.8332,5.155
orin,1b,8da4w,parent,sarc_linear_dq8ca_coopmat_zpgtr_orin_bf_t128x128k64g24s32mk32ra_texture3d_texture2d_half,2048,2048,2048,3.4192,5.025
orin,1b,8da4w,parent,sarc_linear_dq8ca_coopmat_zpgtr_orin_bf_t128x128k64g24s32mk32ra_texture3d_texture2d_half,2048,8192,2048,13.6814,5.023
orin,1b,8da4w,parent,sarc_linear_dq8ca_coopmat_zpgtr_orin_bf_t128x128k64g24s32mk32ra_texture3d_texture2d_half,2048,8192,2048,13.5921,5.056
orin,1b,8da4w,parent,sarc_linear_dq8ca_coopmat_zpgtr_orin_bf_t128x128k64g24s32mk32ra_texture3d_texture2d_half,2048,2048,8192,12.7104,5.407
orin,1b,8da4w,parent,sarc_linear_dq8ca_coopmat_zpgtr_orin_bf_t128x128k64g24s32mk32ra_texture3d_texture2d_half,2048,2048,2048,3.4178,5.027
orin,1b,8da4w,parent,sarc_linear_dq8ca_coopmat_zpgtr_orin_bf_t128x128k64g24s32mk32ra_texture3d_texture2d_half,2048,512,2048,0.8334,5.154
orin,1b,8da4w,parent,sarc_linear_dq8ca_coopmat_zpgtr_orin_bf_t128x128k64g24s32mk32ra_texture3d_texture2d_half,2048,512,2048,0.8436,5.091
orin,1b,8da4w,parent,sarc_linear_dq8ca_coopmat_zpgtr_orin_bf_t128x128k64g24s32mk32ra_texture3d_texture2d_half,2048,2048,2048,3.4316,5.006
orin,1b,8da4w,parent,sarc_linear_dq8ca_coopmat_zpgtr_orin_bf_t128x128k64g24s32mk32ra_texture3d_texture2d_half,2048,8192,2048,13.5659,5.066
orin,1b,8da4w,parent,sarc_linear_dq8ca_coopmat_zpgtr_orin_bf_t128x128k64g24s32mk32ra_texture3d_texture2d_half,2048,8192,2048,13.5868,5.058
orin,1b,8da4w,parent,sarc_linear_dq8ca_coopmat_zpgtr_orin_bf_t128x128k64g24s32mk32ra_texture3d_texture2d_half,2048,2048,8192,12.6501,5.432
orin,1b,8da4w,parent,sarc_linear_dq8ca_coopmat_zpgtr_orin_bf_t128x128k64g24s32mk32ra_texture3d_texture2d_half,2048,2048,2048,3.3941,5.062
orin,1b,8da4w,parent,sarc_linear_dq8ca_coopmat_zpgtr_orin_bf_t128x128k64g24s32mk32ra_texture3d_texture2d_half,2048,512,2048,0.8315,5.165
orin,1b,8da4w,parent,sarc_linear_dq8ca_coopmat_zpgtr_orin_bf_t128x128k64g24s32mk32ra_texture3d_texture2d_half,2048,512,2048,0.8314,5.166
orin,1b,8da4w,parent,sarc_linear_dq8ca_coopmat_zpgtr_orin_bf_t128x128k64g24s32mk32ra_texture3d_texture2d_half,2048,2048,2048,3.4061,5.044
orin,1b,8da4w,parent,sarc_linear_dq8ca_coopmat_zpgtr_orin_bf_t128x128k64g24s32mk32ra_texture3d_texture2d_half,2048,8192,2048,13.5541,5.07
orin,1b,8da4w,parent,sarc_linear_dq8ca_coopmat_zpgtr_orin_bf_t128x128k64g24s32mk32ra_texture3d_texture2d_half,2048,8192,2048,13.6172,5.047
orin,1b,8da4w,parent,sarc_linear_dq8ca_coopmat_zpgtr_orin_bf_t128x128k64g24s32mk32ra_texture3d_texture2d_half,2048,2048,8192,12.6813,5.419
orin,1b,8da4w,parent,sarc_linear_dq8ca_coopmat_zpgtr_orin_bf_t128x128k64g24s32mk32ra_texture3d_texture2d_half,2048,2048,2048,3.4157,5.03
orin,1b,8da4w,parent,sarc_linear_dq8ca_coopmat_zpgtr_orin_bf_t128x128k64g24s32mk32ra_texture3d_texture2d_half,2048,512,2048,0.833,5.156
orin,1b,8da4w,parent,sarc_linear_dq8ca_coopmat_zpgtr_orin_bf_t128x128k64g24s32mk32ra_texture3d_texture2d_half,2048,512,2048,0.8328,5.157
orin,1b,8da4w,parent,sarc_linear_dq8ca_coopmat_zpgtr_orin_bf_t128x128k64g24s32mk32ra_texture3d_texture2d_half,2048,2048,2048,3.4162,5.029
orin,1b,8da4w,parent,sarc_linear_dq8ca_coopmat_zpgtr_orin_bf_t128x128k64g24s32mk32ra_texture3d_texture2d_half,2048,8192,2048,13.5504,5.071
orin,1b,8da4w,parent,sarc_linear_dq8ca_coopmat_zpgtr_orin_bf_t128x128k64g24s32mk32ra_texture3d_texture2d_half,2048,8192,2048,13.6075,5.05
orin,1b,8da4w,parent,sarc_linear_dq8ca_coopmat_zpgtr_orin_bf_t128x128k64g24s32mk32ra_texture3d_texture2d_half,2048,2048,8192,12.688,5.416
orin,1b,8da4w,parent,sarc_linear_dq8ca_coopmat_zpgtr_orin_bf_t128x128k64g24s32mk32ra_texture3d_texture2d_half,2048,2048,2048,3.4199,5.023
orin,1b,8da4w,parent,sarc_linear_dq8ca_coopmat_zpgtr_orin_bf_t128x128k64g24s32mk32ra_texture3d_texture2d_half,2048,512,2048,0.8368,5.132
orin,1b,8da4w,parent,sarc_linear_dq8ca_coopmat_zpgtr_orin_bf_t128x128k64g24s32mk32ra_texture3d_texture2d_half,2048,512,2048,0.8349,5.144
orin,1b,8da4w,parent,sarc_linear_dq8ca_coopmat_zpgtr_orin_bf_t128x128k64g24s32mk32ra_texture3d_texture2d_half,2048,2048,2048,3.429,5.01
orin,1b,8da4w,parent,sarc_linear_dq8ca_coopmat_zpgtr_orin_bf_t128x128k64g24s32mk32ra_texture3d_texture2d_half,2048,8192,2048,13.5758,5.062
orin,1b,8da4w,parent,sarc_linear_dq8ca_coopmat_zpgtr_orin_bf_t128x128k64g24s32mk32ra_texture3d_texture2d_half,2048,8192,2048,13.6088,5.05
orin,1b,8da4w,parent,sarc_linear_dq8ca_coopmat_zpgtr_orin_bf_t128x128k64g24s32mk32ra_texture3d_texture2d_half,2048,2048,8192,12.6889,5.416
orin,1b,8da4w,parent,sarc_linear_dq8ca_coopmat_zpgtr_orin_bf_t128x128k64g24s32mk32ra_texture3d_texture2d_half,2048,2048,2048,3.4087,5.04
orin,1b,8da4w,parent,sarc_linear_dq8ca_coopmat_zpgtr_orin_bf_t128x128k64g24s32mk32ra_texture3d_texture2d_half,2048,512,2048,0.8364,5.135
orin,1b,8da4w,parent,sarc_linear_dq8ca_coopmat_zpgtr_orin_bf_t128x128k64g24s32mk32ra_texture3d_texture2d_half,2048,512,2048,0.839,5.119
orin,1b,8da4w,parent,sarc_linear_dq8ca_coopmat_zpgtr_orin_bf_t128x128k64g24s32mk32ra_texture3d_texture2d_half,2048,2048,2048,3.4123,5.035
orin,1b,8da4w,parent,sarc_linear_dq8ca_coopmat_zpgtr_orin_bf_t128x128k64g24s32mk32ra_texture3d_texture2d_half,2048,8192,2048,13.5947,5.055
orin,1b,8da4w,parent,sarc_linear_dq8ca_coopmat_zpgtr_orin_bf_t128x128k64g24s32mk32ra_texture3d_texture2d_half,2048,8192,2048,13.5869,5.058
orin,1b,8da4w,parent,sarc_linear_dq8ca_coopmat_zpgtr_orin_bf_t128x128k64g24s32mk32ra_texture3d_texture2d_half,2048,2048,8192,12.6538,5.431
orin,1b,8da4w,parent,sarc_linear_dq8ca_coopmat_zpgtr_orin_bf_t128x128k64g24s32mk32ra_texture3d_texture2d_half,2048,2048,2048,3.4025,5.049
orin,1b,8da4w,parent,sarc_linear_dq8ca_coopmat_zpgtr_orin_bf_t128x128k64g24s32mk32ra_texture3d_texture2d_half,2048,512,2048,0.8378,5.127
orin,1b,8da4w,parent,sarc_linear_dq8ca_coopmat_zpgtr_orin_bf_t128x128k64g24s32mk32ra_texture3d_texture2d_half,2048,512,2048,0.8373,5.129
orin,1b,8da4w,parent,sarc_linear_dq8ca_coopmat_zpgtr_orin_bf_t128x128k64g24s32mk32ra_texture3d_texture2d_half,2048,2048,2048,3.4174,5.027
orin,1b,8da4w,parent,sarc_linear_dq8ca_coopmat_zpgtr_orin_bf_t128x128k64g24s32mk32ra_texture3d_texture2d_half,2048,8192,2048,13.5964,5.054
orin,1b,8da4w,parent,sarc_linear_dq8ca_coopmat_zpgtr_orin_bf_t128x128k64g24s32mk32ra_texture3d_texture2d_half,2048,8192,2048,13.6133,5.048
orin,1b,8da4w,parent,sarc_linear_dq8ca_coopmat_zpgtr_orin_bf_t128x128k64g24s32mk32ra_texture3d_texture2d_half,2048,2048,8192,12.6908,5.415
orin,1b,8da4w,parent,sarc_linear_dq8ca_coopmat_zpgtr_orin_bf_t128x128k64g24s32mk32ra_texture3d_texture2d_half,2048,2048,2048,3.426,5.015
orin,1b,8da4w,parent,sarc_linear_dq8ca_coopmat_zpgtr_orin_bf_t128x128k64g24s32mk32ra_texture3d_texture2d_half,2048,512,2048,0.8348,5.145
orin,1b,8da4w,parent,sarc_linear_dq8ca_coopmat_zpgtr_orin_bf_t128x128k64g24s32mk32ra_texture3d_texture2d_half,2048,512,2048,0.8357,5.139
orin,1b,8da4w,parent,sarc_linear_dq8ca_coopmat_zpgtr_orin_bf_t128x128k64g24s32mk32ra_texture3d_texture2d_half,2048,2048,2048,3.417,5.028
orin,1b,8da4w,parent,sarc_linear_dq8ca_coopmat_zpgtr_orin_bf_t128x128k64g24s32mk32ra_texture3d_texture2d_half,2048,8192,2048,13.587,5.058
orin,1b,8da4w,parent,sarc_linear_dq8ca_coopmat_zpgtr_orin_bf_t128x128k64g24s32mk32ra_texture3d_texture2d_half,2048,8192,2048,13.5652,5.066
orin,1b,8da4w,parent,sarc_linear_dq8ca_coopmat_zpgtr_orin_bf_t128x128k64g24s32mk32ra_texture3d_texture2d_half,2048,2048,8192,12.6853,5.417
orin,1b,8da4w,parent,sarc_linear_dq8ca_coopmat_zpgtr_orin_bf_t128x128k64g24s32mk32ra_texture3d_texture2d_half,2048,2048,2048,3.418,5.026
orin,1b,8da4w,parent,sarc_linear_dq8ca_coopmat_zpgtr_orin_bf_t128x128k64g24s32mk32ra_texture3d_texture2d_half,2048,512,2048,0.8384,5.123
orin,1b,8da4w,parent,sarc_linear_dq8ca_coopmat_zpgtr_orin_bf_t128x128k64g24s32mk32ra_texture3d_texture2d_half,2048,512,2048,0.8355,5.14
orin,1b,8da4w,parent,sarc_linear_dq8ca_coopmat_zpgtr_orin_bf_t128x128k64g24s32mk32ra_texture3d_texture2d_half,2048,2048,2048,3.425,5.016
orin,1b,8da4w,parent,sarc_linear_dq8ca_coopmat_zpgtr_orin_bf_t128x128k64g24s32mk32ra_texture3d_texture2d_half,2048,8192,2048,13.5953,5.055
orin,1b,8da4w,parent,sarc_linear_dq8ca_coopmat_zpgtr_orin_bf_t128x128k64g24s32mk32ra_texture3d_texture2d_half,2048,8192,2048,13.5663,5.065
orin,1b,8da4w,parent,sarc_linear_dq8ca_coopmat_zpgtr_orin_bf_t128x128k64g24s32mk32ra_texture3d_texture2d_half,2048,2048,8192,12.6323,5.44
orin,1b,8da4w,parent,sarc_linear_dq8ca_coopmat_zpgtr_orin_bf_t128x128k64g24s32mk32ra_texture3d_texture2d_half,2048,2048,2048,3.4019,5.05
orin,1b,8da4w,parent,sarc_linear_dq8ca_coopmat_zpgtr_orin_bf_t128x128k64g24s32mk32ra_texture3d_texture2d_half,2048,512,2048,0.8305,5.172
orin,1b,8da4w,parent,sarc_linear_dq8ca_coopmat_zpgtr_orin_bf_t128x128k64g24s32mk32ra_texture3d_texture2d_half,2048,512,2048,0.8288,5.182
orin,1b,8da4w,parent,sarc_linear_dq8ca_coopmat_zpgtr_orin_bf_t128x128k64g24s32mk32ra_texture3d_texture2d_half,2048,2048,2048,3.4175,5.027
orin,1b,8da4w,parent,sarc_linear_dq8ca_coopmat_zpgtr_orin_bf_t128x128k64g24s32mk32ra_texture3d_texture2d_half,2048,8192,2048,13.6133,5.048
orin,1b,8da4w,parent,sarc_linear_dq8ca_coopmat_zpgtr_orin_bf_t128x128k64g24s32mk32ra_texture3d_texture2d_half,2048,8192,2048,13.5829,5.059
orin,1b,8da4w,parent,sarc_linear_dq8ca_coopmat_zpgtr_orin_bf_t128x128k64g24s32mk32ra_texture3d_texture2d_half,2048,2048,8192,12.6647,5.426
orin,1b,8da4w,parent,sarc_linear_dq8ca_coopmat_zpgtr_orin_bf_t128x128k64g24s32mk32ra_texture3d_texture2d_half,2048,2048,2048,3.4122,5.035
orin,1b,8da4w,parent,sarc_linear_dq8ca_coopmat_zpgtr_orin_bf_t128x128k64g24s32mk32ra_texture3d_texture2d_half,2048,512,2048,0.8355,5.141
orin,1b,8da4w,parent,sarc_linear_dq8ca_coopmat_zpgtr_orin_bf_t128x128k64g24s32mk32ra_texture3d_texture2d_half,2048,512,2048,0.8345,5.147
orin,1b,8da4w,parent,sarc_linear_dq8ca_coopmat_zpgtr_orin_bf_t128x128k64g24s32mk32ra_texture3d_texture2d_half,2048,2048,2048,3.4154,5.03
orin,1b,8da4w,parent,sarc_linear_dq8ca_coopmat_zpgtr_orin_bf_t128x128k64g24s32mk32ra_texture3d_texture2d_half,2048,8192,2048,13.5766,5.062
orin,1b,8da4w,parent,sarc_linear_dq8ca_coopmat_zpgtr_orin_bf_t128x128k64g24s32mk32ra_texture3d_texture2d_half,2048,8192,2048,13.5879,5.057
orin,1b,8da4w,parent,sarc_linear_dq8ca_coopmat_zpgtr_orin_bf_t128x128k64g24s32mk32ra_texture3d_texture2d_half,2048,2048,8192,12.6962,5.413
orin,1b,8da4w,parent,sarc_linear_dq8ca_coopmat_zpgtr_orin_bf_t128x128k64g24s32mk32ra_texture3d_texture2d_half,2048,2048,2048,3.4101,5.038
orin,1b,8da4w,parent,sarc_linear_dq8ca_coopmat_zpgtr_orin_bf_t128x128k64g24s32mk32ra_texture3d_texture2d_half,2048,512,2048,0.835,5.143
orin,1b,8da4w,parent,sarc_linear_dq8ca_coopmat_zpgtr_orin_bf_t128x128k64g24s32mk32ra_texture3d_texture2d_half,2048,512,2048,0.8373,5.13
orin,1b,8da4w,parent,sarc_linear_dq8ca_coopmat_zpgtr_orin_bf_t128x128k64g24s32mk32ra_texture3d_texture2d_half,2048,2048,2048,3.4337,5.003
orin,1b,8da4w,parent,sarc_linear_dq8ca_coopmat_zpgtr_orin_bf_t128x128k64g24s32mk32ra_texture3d_texture2d_half,2048,8192,2048,13.5773,5.061
orin,1b,8da4w,parent,sarc_linear_dq8ca_coopmat_zpgtr_orin_bf_t128x128k64g24s32mk32ra_texture3d_texture2d_half,2048,8192,2048,13.5989,5.053
orin,1b,8da4w,parent,sarc_linear_dq8ca_coopmat_zpgtr_orin_bf_t128x128k64g24s32mk32ra_texture3d_texture2d_half,2048,2048,8192,12.6775,5.421
orin,1b,8da4w,parent,sarc_linear_dq8ca_coopmat_zpgtr_orin_bf_t128x128k64g24s32mk32ra_texture3d_texture2d_half,2048,2048,2048,3.4195,5.024
orin,1b,8da4w,parent,sarc_linear_dq8ca_coopmat_zpgtr_orin_bf_t128x128k64g24s32mk32ra_texture3d_texture2d_half,2048,512,2048,0.8346,5.146
orin,1b,8da4w,parent,sarc_linear_dq8ca_coopmat_zpgtr_orin_bf_t128x128k64g24s32mk32ra_texture3d_texture2d_half,2048,512,2048,0.8354,5.141
orin,1b,8da4w,parent,sarc_linear_dq8ca_coopmat_zpgtr_orin_bf_t128x128k64g24s32mk32ra_texture3d_texture2d_half,2048,2048,2048,3.4159,5.029
orin,1b,8da4w,parent,sarc_linear_dq8ca_coopmat_zpgtr_orin_bf_t128x128k64g24s32mk32ra_texture3d_texture2d_half,2048,8192,2048,13.6044,5.051
orin,1b,8da4w,parent,sarc_linear_dq8ca_coopmat_zpgtr_orin_bf_t128x128k64g24s32mk32ra_texture3d_texture2d_half,2048,8192,2048,13.5836,5.059
orin,1b,8da4w,parent,sarc_linear_dq8ca_coopmat_zpgtr_orin_bf_t128x128k64g24s32mk32ra_texture3d_texture2d_half,2048,2048,8192,12.7022,5.41
orin,1b,8da4w,parent,sarc_linear_dq8ca_coopmat_zpgtr_orin_bf_t128x128k64g24s32mk32ra_texture3d_texture2d_half,2048,2048,2048,3.4031,5.048
orin,1b,8da4w,parent,sarc_linear_dq8ca_coopmat_zpgtr_orin_bf_t128x128k64g24s32mk32ra_texture3d_texture2d_half,2048,512,2048,0.8356,5.14
orin,1b,8da4w,parent,sarc_linear_dq8ca_coopmat_zpgtr_orin_bf_t128x128k64g24s32mk32ra_texture3d_texture2d_half,2048,512,2048,0.8361,5.137
orin,1b,8da4w,parent,sarc_linear_dq8ca_coopmat_zpgtr_orin_bf_t128x128k64g24s32mk32ra_texture3d_texture2d_half,2048,2048,2048,3.4138,5.032
orin,1b,8da4w,parent,sarc_linear_dq8ca_coopmat_zpgtr_orin_bf_t128x128k64g24s32mk32ra_texture3d_texture2d_half,2048,8192,2048,13.553,5.07
orin,1b,8da4w,parent,sarc_linear_dq8ca_coopmat_zpgtr_orin_bf_t128x128k64g24s32mk32ra_texture3d_texture2d_half,2048,8192,2048,13.6153,5.047
orin,1b,8da4w,parent,sarc_linear_dq8ca_coopmat_zpgtr_orin_bf_t128x128k64g24s32mk32ra_texture3d_texture2d_half,2048,2048,8192,12.679,5.42
orin,1b,8da4w,parent,sarc_linear_dq8ca_coopmat_zpgtr_orin_bf_t128x128k64g24s32mk32ra_texture3d_texture2d_half,2048,2048,2048,3.4195,5.024
orin,1b,8da4w,parent,sarc_linear_dq8ca_coopmat_zpgtr_orin_bf_t128x128k64g24s32mk32ra_texture3d_texture2d_half,2048,512,2048,0.8349,5.144
orin,1b,8da4w,parent,sarc_linear_dq8ca_coopmat_zpgtr_orin_bf_t128x128k64g24s32mk32ra_texture3d_texture2d_half,2048,512,2048,0.8321,5.162
orin,1b,8da4w,parent,sarc_linear_dq8ca_coopmat_zpgtr_orin_bf_t128x128k64g24s32mk32ra_texture3d_texture2d_half,2048,2048,2048,3.4293,5.01
orin,1b,8da4w,parent,sarc_linear_dq8ca_coopmat_zpgtr_orin_bf_t128x128k64g24s32mk32ra_texture3d_texture2d_half,2048,8192,2048,13.5919,5.056
orin,1b,8da4w,parent,sarc_linear_dq8ca_coopmat_zpgtr_orin_bf_t128x128k64g24s32mk32ra_texture3d_texture2d_half,2048,8192,2048,13.575,5.062
orin,1b,8da4w,parent,sarc_linear_dq8ca_coopmat_zpgtr_orin_bf_t128x128k64g24s32mk32ra_texture3d_texture2d_half,2048,2048,8192,12.6864,5.417
orin,1b,8da4w,parent,sarc_linear_dq8ca_coopmat_zpgtr_orin_bf_t128x128k64g24s32mk32ra_texture3d_texture2d_half,2048,2048,2048,3.4005,5.052
orin,1b,8da4w,parent,sarc_linear_dq8ca_coopmat_zpgtr_orin_bf_t128x128k64g24s32mk32ra_texture3d_texture2d_half,2048,512,2048,0.8357,5.139
orin,1b,8da4w,parent,sarc_linear_dq8ca_coopmat_zpgtr_orin_bf_t128x128k64g24s32mk32ra_texture3d_texture2d_half,2048,512,2048,0.8356,5.14
orin,1b,8da4w,parent,sarc_linear_dq8ca_coopmat_zpgtr_orin_bf_t128x128k64g24s32mk32ra_texture3d_texture2d_half,2048,2048,2048,3.4199,5.024
orin,1b,8da4w,parent,sarc_linear_dq8ca_coopmat_zpgtr_orin_bf_t128x128k64g24s32mk32ra_texture3d_texture2d_half,2048,8192,2048,13.5137,5.085
orin,1b,8da4w,parent,sarc_linear_dq8ca_coopmat_zpgtr_orin_bf_t128x128k64g24s32mk32ra_texture3d_texture2d_half,2048,8192,2048,13.5218,5.082
orin,1b,8da4w,parent,sarc_linear_dq8ca_coopmat_zpgtr_orin_bf_t128x128k64g24s32mk32ra_texture3d_texture2d_half,2048,2048,8192,12.6323,5.44
orin,3b,4w,cand,sarc_linear_q4gsw_coopmat_orin_t256x128k16g42s32bt_texture3d_texture2d_half,2048,3072,3072,6.3513,6.086
orin,3b,4w,cand,sarc_linear_q4gsw_coopmat_orin_t256x128k16g42s32bt_texture3d_texture2d_half,2048,1024,3072,2.1295,6.051
orin,3b,4w,cand,sarc_linear_q4gsw_coopmat_orin_t256x128k16g42s32bt_texture3d_texture2d_half,2048,1024,3072,2.1244,6.065
orin,3b,4w,cand,sarc_linear_q4gsw_coopmat_orin_t256x128k16g42s32bt_texture3d_texture2d_half,2048,3072,3072,6.2964,6.139
orin,3b,4w,cand,sarc_linear_q4gsw_coopmat_orin_t256x128k16g42s32bt_texture3d_texture2d_half,2048,8192,3072,16.761,6.15
orin,3b,4w,cand,sarc_linear_q4gsw_coopmat_orin_t256x128k16g42s32bt_texture3d_texture2d_half,2048,8192,3072,16.7329,6.16
orin,3b,4w,cand,sarc_linear_q4gsw_coopmat_orin_t256x128k16g42s32bt_texture3d_texture2d_half,2048,3072,8192,16.1277,6.391
orin,3b,4w,cand,sarc_linear_q4gsw_coopmat_orin_t256x128k16g42s32bt_texture3d_texture2d_half,2048,3072,3072,6.2776,6.158
orin,3b,4w,cand,sarc_linear_q4gsw_coopmat_orin_t256x128k16g42s32bt_texture3d_texture2d_half,2048,1024,3072,2.113,6.098
orin,3b,4w,cand,sarc_linear_q4gsw_coopmat_orin_t256x128k16g42s32bt_texture3d_texture2d_half,2048,1024,3072,2.1187,6.082
orin,3b,4w,cand,sarc_linear_q4gsw_coopmat_orin_t256x128k16g42s32bt_texture3d_texture2d_half,2048,3072,3072,6.2862,6.149
orin,3b,4w,cand,sarc_linear_q4gsw_coopmat_orin_t256x128k16g42s32bt_texture3d_texture2d_half,2048,8192,3072,16.7099,6.169
orin,3b,4w,cand,sarc_linear_q4gsw_coopmat_orin_t256x128k16g42s32bt_texture3d_texture2d_half,2048,8192,3072,16.7238,6.164
orin,3b,4w,cand,sarc_linear_q4gsw_coopmat_orin_t256x128k16g42s32bt_texture3d_texture2d_half,2048,3072,8192,16.2113,6.358
orin,3b,4w,cand,sarc_linear_q4gsw_coopmat_orin_t256x128k16g42s32bt_texture3d_texture2d_half,2048,3072,3072,6.3029,6.133
orin,3b,4w,cand,sarc_linear_q4gsw_coopmat_orin_t256x128k16g42s32bt_texture3d_texture2d_half,2048,1024,3072,2.1307,6.047
orin,3b,4w,cand,sarc_linear_q4gsw_coopmat_orin_t256x128k16g42s32bt_texture3d_texture2d_half,2048,1024,3072,2.13,6.049
orin,3b,4w,cand,sarc_linear_q4gsw_coopmat_orin_t256x128k16g42s32bt_texture3d_texture2d_half,2048,3072,3072,6.3013,6.134
orin,3b,4w,cand,sarc_linear_q4gsw_coopmat_orin_t256x128k16g42s32bt_texture3d_texture2d_half,2048,8192,3072,16.7017,6.172
orin,3b,4w,cand,sarc_linear_q4gsw_coopmat_orin_t256x128k16g42s32bt_texture3d_texture2d_half,2048,8192,3072,16.7497,6.154
orin,3b,4w,cand,sarc_linear_q4gsw_coopmat_orin_t256x128k16g42s32bt_texture3d_texture2d_half,2048,3072,8192,16.2052,6.361
orin,3b,4w,cand,sarc_linear_q4gsw_coopmat_orin_t256x128k16g42s32bt_texture3d_texture2d_half,2048,3072,3072,6.3113,6.125
orin,3b,4w,cand,sarc_linear_q4gsw_coopmat_orin_t256x128k16g42s32bt_texture3d_texture2d_half,2048,1024,3072,2.1254,6.062
orin,3b,4w,cand,sarc_linear_q4gsw_coopmat_orin_t256x128k16g42s32bt_texture3d_texture2d_half,2048,1024,3072,2.1258,6.061
orin,3b,4w,cand,sarc_linear_q4gsw_coopmat_orin_t256x128k16g42s32bt_texture3d_texture2d_half,2048,3072,3072,6.3081,6.128
orin,3b,4w,cand,sarc_linear_q4gsw_coopmat_orin_t256x128k16g42s32bt_texture3d_texture2d_half,2048,8192,3072,16.7162,6.166
orin,3b,4w,cand,sarc_linear_q4gsw_coopmat_orin_t256x128k16g42s32bt_texture3d_texture2d_half,2048,8192,3072,16.7321,6.161
orin,3b,4w,cand,sarc_linear_q4gsw_coopmat_orin_t256x128k16g42s32bt_texture3d_texture2d_half,2048,3072,8192,16.2051,6.361
orin,3b,4w,cand,sarc_linear_q4gsw_coopmat_orin_t256x128k16g42s32bt_texture3d_texture2d_half,2048,3072,3072,6.302,6.134
orin,3b,4w,cand,sarc_linear_q4gsw_coopmat_orin_t256x128k16g42s32bt_texture3d_texture2d_half,2048,1024,3072,2.1272,6.057
orin,3b,4w,cand,sarc_linear_q4gsw_coopmat_orin_t256x128k16g42s32bt_texture3d_texture2d_half,2048,1024,3072,2.1231,6.069
orin,3b,4w,cand,sarc_linear_q4gsw_coopmat_orin_t256x128k16g42s32bt_texture3d_texture2d_half,2048,3072,3072,6.3048,6.131
orin,3b,4w,cand,sarc_linear_q4gsw_coopmat_orin_t256x128k16g42s32bt_texture3d_texture2d_half,2048,8192,3072,16.7197,6.165
orin,3b,4w,cand,sarc_linear_q4gsw_coopmat_orin_t256x128k16g42s32bt_texture3d_texture2d_half,2048,8192,3072,16.721,6.165
orin,3b,4w,cand,sarc_linear_q4gsw_coopmat_orin_t256x128k16g42s32bt_texture3d_texture2d_half,2048,3072,8192,16.1986,6.363
orin,3b,4w,cand,sarc_linear_q4gsw_coopmat_orin_t256x128k16g42s32bt_texture3d_texture2d_half,2048,3072,3072,6.3018,6.134
orin,3b,4w,cand,sarc_linear_q4gsw_coopmat_orin_t256x128k16g42s32bt_texture3d_texture2d_half,2048,1024,3072,2.1233,6.068
orin,3b,4w,cand,sarc_linear_q4gsw_coopmat_orin_t256x128k16g42s32bt_texture3d_texture2d_half,2048,1024,3072,2.1326,6.042
orin,3b,4w,cand,sarc_linear_q4gsw_coopmat_orin_t256x128k16g42s32bt_texture3d_texture2d_half,2048,3072,3072,6.3116,6.124
orin,3b,4w,cand,sarc_linear_q4gsw_coopmat_orin_t256x128k16g42s32bt_texture3d_texture2d_half,2048,8192,3072,16.692,6.175
orin,3b,4w,cand,sarc_linear_q4gsw_coopmat_orin_t256x128k16g42s32bt_texture3d_texture2d_half,2048,8192,3072,16.7406,6.157
orin,3b,4w,cand,sarc_linear_q4gsw_coopmat_orin_t256x128k16g42s32bt_texture3d_texture2d_half,2048,3072,8192,16.1964,6.364
orin,3b,4w,cand,sarc_linear_q4gsw_coopmat_orin_t256x128k16g42s32bt_texture3d_texture2d_half,2048,3072,3072,6.279,6.156
orin,3b,4w,cand,sarc_linear_q4gsw_coopmat_orin_t256x128k16g42s32bt_texture3d_texture2d_half,2048,1024,3072,2.1141,6.095
orin,3b,4w,cand,sarc_linear_q4gsw_coopmat_orin_t256x128k16g42s32bt_texture3d_texture2d_half,2048,1024,3072,2.1153,6.091
orin,3b,4w,cand,sarc_linear_q4gsw_coopmat_orin_t256x128k16g42s32bt_texture3d_texture2d_half,2048,3072,3072,6.2705,6.165
orin,3b,4w,cand,sarc_linear_q4gsw_coopmat_orin_t256x128k16g42s32bt_texture3d_texture2d_half,2048,8192,3072,16.6822,6.179
orin,3b,4w,cand,sarc_linear_q4gsw_coopmat_orin_t256x128k16g42s32bt_texture3d_texture2d_half,2048,8192,3072,16.7224,6.164
orin,3b,4w,cand,sarc_linear_q4gsw_coopmat_orin_t256x128k16g42s32bt_texture3d_texture2d_half,2048,3072,8192,16.1807,6.371
orin,3b,4w,cand,sarc_linear_q4gsw_coopmat_orin_t256x128k16g42s32bt_texture3d_texture2d_half,2048,3072,3072,6.3012,6.135
orin,3b,4w,cand,sarc_linear_q4gsw_coopmat_orin_t256x128k16g42s32bt_texture3d_texture2d_half,2048,1024,3072,2.1299,6.049
orin,3b,4w,cand,sarc_linear_q4gsw_coopmat_orin_t256x128k16g42s32bt_texture3d_texture2d_half,2048,1024,3072,2.1227,6.07
orin,3b,4w,cand,sarc_linear_q4gsw_coopmat_orin_t256x128k16g42s32bt_texture3d_texture2d_half,2048,3072,3072,6.2735,6.162
orin,3b,4w,cand,sarc_linear_q4gsw_coopmat_orin_t256x128k16g42s32bt_texture3d_texture2d_half,2048,8192,3072,16.6994,6.173
orin,3b,4w,cand,sarc_linear_q4gsw_coopmat_orin_t256x128k16g42s32bt_texture3d_texture2d_half,2048,8192,3072,16.6565,6.189
orin,3b,4w,cand,sarc_linear_q4gsw_coopmat_orin_t256x128k16g42s32bt_texture3d_texture2d_half,2048,3072,8192,16.2149,6.357
orin,3b,4w,cand,sarc_linear_q4gsw_coopmat_orin_t256x128k16g42s32bt_texture3d_texture2d_half,2048,3072,3072,6.3003,6.135
orin,3b,4w,cand,sarc_linear_q4gsw_coopmat_orin_t256x128k16g42s32bt_texture3d_texture2d_half,2048,1024,3072,2.1295,6.051
orin,3b,4w,cand,sarc_linear_q4gsw_coopmat_orin_t256x128k16g42s32bt_texture3d_texture2d_half,2048,1024,3072,2.1344,6.037
orin,3b,4w,cand,sarc_linear_q4gsw_coopmat_orin_t256x128k16g42s32bt_texture3d_texture2d_half,2048,3072,3072,6.3047,6.131
orin,3b,4w,cand,sarc_linear_q4gsw_coopmat_orin_t256x128k16g42s32bt_texture3d_texture2d_half,2048,8192,3072,16.707,6.17
orin,3b,4w,cand,sarc_linear_q4gsw_coopmat_orin_t256x128k16g42s32bt_texture3d_texture2d_half,2048,8192,3072,16.7301,6.161
orin,3b,4w,cand,sarc_linear_q4gsw_coopmat_orin_t256x128k16g42s32bt_texture3d_texture2d_half,2048,3072,8192,16.1934,6.365
orin,3b,4w,cand,sarc_linear_q4gsw_coopmat_orin_t256x128k16g42s32bt_texture3d_texture2d_half,2048,3072,3072,6.3001,6.136
orin,3b,4w,cand,sarc_linear_q4gsw_coopmat_orin_t256x128k16g42s32bt_texture3d_texture2d_half,2048,1024,3072,2.1231,6.069
orin,3b,4w,cand,sarc_linear_q4gsw_coopmat_orin_t256x128k16g42s32bt_texture3d_texture2d_half,2048,1024,3072,2.1422,6.015
orin,3b,4w,cand,sarc_linear_q4gsw_coopmat_orin_t256x128k16g42s32bt_texture3d_texture2d_half,2048,3072,3072,6.2976,6.138
orin,3b,4w,cand,sarc_linear_q4gsw_coopmat_orin_t256x128k16g42s32bt_texture3d_texture2d_half,2048,8192,3072,16.6988,6.173
orin,3b,4w,cand,sarc_linear_q4gsw_coopmat_orin_t256x128k16g42s32bt_texture3d_texture2d_half,2048,8192,3072,16.7235,6.164
orin,3b,4w,cand,sarc_linear_q4gsw_coopmat_orin_t256x128k16g42s32bt_texture3d_texture2d_half,2048,3072,8192,16.1957,6.365
orin,3b,4w,cand,sarc_linear_q4gsw_coopmat_orin_t256x128k16g42s32bt_texture3d_texture2d_half,2048,3072,3072,6.3028,6.133
orin,3b,4w,cand,sarc_linear_q4gsw_coopmat_orin_t256x128k16g42s32bt_texture3d_texture2d_half,2048,1024,3072,2.1345,6.037
orin,3b,4w,cand,sarc_linear_q4gsw_coopmat_orin_t256x128k16g42s32bt_texture3d_texture2d_half,2048,1024,3072,2.1245,6.065
orin,3b,4w,cand,sarc_linear_q4gsw_coopmat_orin_t256x128k16g42s32bt_texture3d_texture2d_half,2048,3072,3072,6.2963,6.139
orin,3b,4w,cand,sarc_linear_q4gsw_coopmat_orin_t256x128k16g42s32bt_texture3d_texture2d_half,2048,8192,3072,16.7138,6.167
orin,3b,4w,cand,sarc_linear_q4gsw_coopmat_orin_t256x128k16g42s32bt_texture3d_texture2d_half,2048,8192,3072,16.7197,6.165
orin,3b,4w,cand,sarc_linear_q4gsw_coopmat_orin_t256x128k16g42s32bt_texture3d_texture2d_half,2048,3072,8192,16.196,6.364
orin,3b,4w,cand,sarc_linear_q4gsw_coopmat_orin_t256x128k16g42s32bt_texture3d_texture2d_half,2048,3072,3072,6.3098,6.126
orin,3b,4w,cand,sarc_linear_q4gsw_coopmat_orin_t256x128k16g42s32bt_texture3d_texture2d_half,2048,1024,3072,2.1161,6.089
orin,3b,4w,cand,sarc_linear_q4gsw_coopmat_orin_t256x128k16g42s32bt_texture3d_texture2d_half,2048,1024,3072,2.1186,6.082
orin,3b,4w,cand,sarc_linear_q4gsw_coopmat_orin_t256x128k16g42s32bt_texture3d_texture2d_half,2048,3072,3072,6.277,6.158
orin,3b,4w,cand,sarc_linear_q4gsw_coopmat_orin_t256x128k16g42s32bt_texture3d_texture2d_half,2048,8192,3072,16.6353,6.196
orin,3b,4w,cand,sarc_linear_q4gsw_coopmat_orin_t256x128k16g42s32bt_texture3d_texture2d_half,2048,8192,3072,16.7236,6.164
orin,3b,4w,cand,sarc_linear_q4gsw_coopmat_orin_t256x128k16g42s32bt_texture3d_texture2d_half,2048,3072,8192,16.1883,6.368
orin,3b,4w,cand,sarc_linear_q4gsw_coopmat_orin_t256x128k16g42s32bt_texture3d_texture2d_half,2048,3072,3072,6.3036,6.132
orin,3b,4w,cand,sarc_linear_q4gsw_coopmat_orin_t256x128k16g42s32bt_texture3d_texture2d_half,2048,1024,3072,2.127,6.058
orin,3b,4w,cand,sarc_linear_q4gsw_coopmat_orin_t256x128k16g42s32bt_texture3d_texture2d_half,2048,1024,3072,2.1262,6.06
orin,3b,4w,cand,sarc_linear_q4gsw_coopmat_orin_t256x128k16g42s32bt_texture3d_texture2d_half,2048,3072,3072,6.2972,6.138
orin,3b,4w,cand,sarc_linear_q4gsw_coopmat_orin_t256x128k16g42s32bt_texture3d_texture2d_half,2048,8192,3072,16.7179,6.166
orin,3b,4w,cand,sarc_linear_q4gsw_coopmat_orin_t256x128k16g42s32bt_texture3d_texture2d_half,2048,8192,3072,16.7429,6.157
orin,3b,4w,cand,sarc_linear_q4gsw_coopmat_orin_t256x128k16g42s32bt_texture3d_texture2d_half,2048,3072,8192,16.204,6.361
orin,3b,4w,cand,sarc_linear_q4gsw_coopmat_orin_t256x128k16g42s32bt_texture3d_texture2d_half,2048,3072,3072,6.3093,6.127
orin,3b,4w,cand,sarc_linear_q4gsw_coopmat_orin_t256x128k16g42s32bt_texture3d_texture2d_half,2048,1024,3072,2.1242,6.066
orin,3b,4w,cand,sarc_linear_q4gsw_coopmat_orin_t256x128k16g42s32bt_texture3d_texture2d_half,2048,1024,3072,2.1335,6.039
orin,3b,4w,cand,sarc_linear_q4gsw_coopmat_orin_t256x128k16g42s32bt_texture3d_texture2d_half,2048,3072,3072,6.3064,6.129
orin,3b,4w,cand,sarc_linear_q4gsw_coopmat_orin_t256x128k16g42s32bt_texture3d_texture2d_half,2048,8192,3072,16.7144,6.167
orin,3b,4w,cand,sarc_linear_q4gsw_coopmat_orin_t256x128k16g42s32bt_texture3d_texture2d_half,2048,8192,3072,16.7412,6.157
orin,3b,4w,cand,sarc_linear_q4gsw_coopmat_orin_t256x128k16g42s32bt_texture3d_texture2d_half,2048,3072,8192,16.2011,6.362
orin,3b,4w,cand,sarc_linear_q4gsw_coopmat_orin_t256x128k16g42s32bt_texture3d_texture2d_half,2048,3072,3072,6.308,6.128
orin,3b,4w,cand,sarc_linear_q4gsw_coopmat_orin_t256x128k16g42s32bt_texture3d_texture2d_half,2048,1024,3072,2.1315,6.045
orin,3b,4w,cand,sarc_linear_q4gsw_coopmat_orin_t256x128k16g42s32bt_texture3d_texture2d_half,2048,1024,3072,2.1287,6.053
orin,3b,4w,cand,sarc_linear_q4gsw_coopmat_orin_t256x128k16g42s32bt_texture3d_texture2d_half,2048,3072,3072,6.2926,6.143
orin,3b,4w,cand,sarc_linear_q4gsw_coopmat_orin_t256x128k16g42s32bt_texture3d_texture2d_half,2048,8192,3072,16.7105,6.169
orin,3b,4w,cand,sarc_linear_q4gsw_coopmat_orin_t256x128k16g42s32bt_texture3d_texture2d_half,2048,8192,3072,16.7089,6.169
orin,3b,4w,cand,sarc_linear_q4gsw_coopmat_orin_t256x128k16g42s32bt_texture3d_texture2d_half,2048,3072,8192,16.2022,6.362
orin,3b,4w,cand,sarc_linear_q4gsw_coopmat_orin_t256x128k16g42s32bt_texture3d_texture2d_half,2048,3072,3072,6.3049,6.131
orin,3b,4w,cand,sarc_linear_q4gsw_coopmat_orin_t256x128k16g42s32bt_texture3d_texture2d_half,2048,1024,3072,2.1301,6.049
orin,3b,4w,cand,sarc_linear_q4gsw_coopmat_orin_t256x128k16g42s32bt_texture3d_texture2d_half,2048,1024,3072,2.1311,6.046
orin,3b,4w,cand,sarc_linear_q4gsw_coopmat_orin_t256x128k16g42s32bt_texture3d_texture2d_half,2048,3072,3072,6.2984,6.137
orin,3b,4w,cand,sarc_linear_q4gsw_coopmat_orin_t256x128k16g42s32bt_texture3d_texture2d_half,2048,8192,3072,16.7073,6.17
orin,3b,4w,cand,sarc_linear_q4gsw_coopmat_orin_t256x128k16g42s32bt_texture3d_texture2d_half,2048,8192,3072,16.7181,6.166
orin,3b,4w,cand,sarc_linear_q4gsw_coopmat_orin_t256x128k16g42s32bt_texture3d_texture2d_half,2048,3072,8192,16.1977,6.364
orin,3b,4w,cand,sarc_linear_q4gsw_coopmat_orin_t256x128k16g42s32bt_texture3d_texture2d_half,2048,3072,3072,6.3073,6.129
orin,3b,4w,cand,sarc_linear_q4gsw_coopmat_orin_t256x128k16g42s32bt_texture3d_texture2d_half,2048,1024,3072,2.1297,6.05
orin,3b,4w,cand,sarc_linear_q4gsw_coopmat_orin_t256x128k16g42s32bt_texture3d_texture2d_half,2048,1024,3072,2.1314,6.045
orin,3b,4w,cand,sarc_linear_q4gsw_coopmat_orin_t256x128k16g42s32bt_texture3d_texture2d_half,2048,3072,3072,6.264,6.171
orin,3b,4w,cand,sarc_linear_q4gsw_coopmat_orin_t256x128k16g42s32bt_texture3d_texture2d_half,2048,8192,3072,16.6267,6.2
orin,3b,4w,cand,sarc_linear_q4gsw_coopmat_orin_t256x128k16g42s32bt_texture3d_texture2d_half,2048,8192,3072,16.6779,6.181
orin,3b,4w,cand,sarc_linear_q4gsw_coopmat_orin_t256x128k16g42s32bt_texture3d_texture2d_half,2048,3072,8192,16.2072,6.36
orin,3b,4w,cand,sarc_linear_q4gsw_coopmat_orin_t256x128k16g42s32bt_texture3d_texture2d_half,2048,3072,3072,6.3046,6.131
orin,3b,4w,cand,sarc_linear_q4gsw_coopmat_orin_t256x128k16g42s32bt_texture3d_texture2d_half,2048,1024,3072,2.1294,6.051
orin,3b,4w,cand,sarc_linear_q4gsw_coopmat_orin_t256x128k16g42s32bt_texture3d_texture2d_half,2048,1024,3072,2.1294,6.051
orin,3b,4w,cand,sarc_linear_q4gsw_coopmat_orin_t256x128k16g42s32bt_texture3d_texture2d_half,2048,3072,3072,6.3184,6.118
orin,3b,4w,cand,sarc_linear_q4gsw_coopmat_orin_t256x128k16g42s32bt_texture3d_texture2d_half,2048,8192,3072,16.7171,6.166
orin,3b,4w,cand,sarc_linear_q4gsw_coopmat_orin_t256x128k16g42s32bt_texture3d_texture2d_half,2048,8192,3072,16.7125,6.168
orin,3b,4w,cand,sarc_linear_q4gsw_coopmat_orin_t256x128k16g42s32bt_texture3d_texture2d_half,2048,3072,8192,16.2028,6.362
orin,3b,4w,cand,sarc_linear_q4gsw_coopmat_orin_t256x128k16g42s32bt_texture3d_texture2d_half,2048,3072,3072,6.3076,6.128
orin,3b,4w,cand,sarc_linear_q4gsw_coopmat_orin_t256x128k16g42s32bt_texture3d_texture2d_half,2048,1024,3072,2.1259,6.061
orin,3b,4w,cand,sarc_linear_q4gsw_coopmat_orin_t256x128k16g42s32bt_texture3d_texture2d_half,2048,1024,3072,2.1313,6.045
orin,3b,4w,cand,sarc_linear_q4gsw_coopmat_orin_t256x128k16g42s32bt_texture3d_texture2d_half,2048,3072,3072,6.3022,6.133
orin,3b,4w,cand,sarc_linear_q4gsw_coopmat_orin_t256x128k16g42s32bt_texture3d_texture2d_half,2048,8192,3072,16.7131,6.168
orin,3b,4w,cand,sarc_linear_q4gsw_coopmat_orin_t256x128k16g42s32bt_texture3d_texture2d_half,2048,8192,3072,16.729,6.162
orin,3b,4w,cand,sarc_linear_q4gsw_coopmat_orin_t256x128k16g42s32bt_texture3d_texture2d_half,2048,3072,8192,16.2039,6.361
orin,3b,4w,cand,sarc_linear_q4gsw_coopmat_orin_t256x128k16g42s32bt_texture3d_texture2d_half,2048,3072,3072,6.3166,6.12
orin,3b,4w,cand,sarc_linear_q4gsw_coopmat_orin_t256x128k16g42s32bt_texture3d_texture2d_half,2048,1024,3072,2.1276,6.056
orin,3b,4w,cand,sarc_linear_q4gsw_coopmat_orin_t256x128k16g42s32bt_texture3d_texture2d_half,2048,1024,3072,2.132,6.044
orin,3b,4w,cand,sarc_linear_q4gsw_coopmat_orin_t256x128k16g42s32bt_texture3d_texture2d_half,2048,3072,3072,6.3055,6.13
orin,3b,4w,cand,sarc_linear_q4gsw_coopmat_orin_t256x128k16g42s32bt_texture3d_texture2d_half,2048,8192,3072,16.7032,6.171
orin,3b,4w,cand,sarc_linear_q4gsw_coopmat_orin_t256x128k16g42s32bt_texture3d_texture2d_half,2048,8192,3072,16.7208,6.165
orin,3b,4w,cand,sarc_linear_q4gsw_coopmat_orin_t256x128k16g42s32bt_texture3d_texture2d_half,2048,3072,8192,16.1889,6.367
orin,3b,4w,cand,sarc_linear_q4gsw_coopmat_orin_t256x128k16g42s32bt_texture3d_texture2d_half,2048,3072,3072,6.3036,6.132
orin,3b,4w,cand,sarc_linear_q4gsw_coopmat_orin_t256x128k16g42s32bt_texture3d_texture2d_half,2048,1024,3072,2.1289,6.052
orin,3b,4w,cand,sarc_linear_q4gsw_coopmat_orin_t256x128k16g42s32bt_texture3d_texture2d_half,2048,1024,3072,2.1231,6.069
orin,3b,4w,cand,sarc_linear_q4gsw_coopmat_orin_t256x128k16g42s32bt_texture3d_texture2d_half,2048,3072,3072,6.3138,6.122
orin,3b,4w,cand,sarc_linear_q4gsw_coopmat_orin_t256x128k16g42s32bt_texture3d_texture2d_half,2048,8192,3072,16.7298,6.161
orin,3b,4w,cand,sarc_linear_q4gsw_coopmat_orin_t256x128k16g42s32bt_texture3d_texture2d_half,2048,8192,3072,16.7196,6.165
orin,3b,4w,cand,sarc_linear_q4gsw_coopmat_orin_t256x128k16g42s32bt_texture3d_texture2d_half,2048,3072,8192,16.2194,6.355
orin,3b,4w,cand,sarc_linear_q4gsw_coopmat_orin_t256x128k16g42s32bt_texture3d_texture2d_half,2048,3072,3072,6.3132,6.123
orin,3b,4w,cand,sarc_linear_q4gsw_coopmat_orin_t256x128k16g42s32bt_texture3d_texture2d_half,2048,1024,3072,2.1289,6.052
orin,3b,4w,cand,sarc_linear_q4gsw_coopmat_orin_t256x128k16g42s32bt_texture3d_texture2d_half,2048,1024,3072,2.1237,6.067
orin,3b,4w,cand,sarc_linear_q4gsw_coopmat_orin_t256x128k16g42s32bt_texture3d_texture2d_half,2048,3072,3072,6.2794,6.156
orin,3b,4w,cand,sarc_linear_q4gsw_coopmat_orin_t256x128k16g42s32bt_texture3d_texture2d_half,2048,8192,3072,16.6175,6.203
orin,3b,4w,cand,sarc_linear_q4gsw_coopmat_orin_t256x128k16g42s32bt_texture3d_texture2d_half,2048,8192,3072,16.6595,6.187
orin,3b,4w,cand,sarc_linear_q4gsw_coopmat_orin_t256x128k16g42s32bt_texture3d_texture2d_half,2048,3072,8192,16.2163,6.357
orin,3b,4w,cand,sarc_linear_q4gsw_coopmat_orin_t256x128k16g42s32bt_texture3d_texture2d_half,2048,3072,3072,6.3118,6.124
orin,3b,4w,cand,sarc_linear_q4gsw_coopmat_orin_t256x128k16g42s32bt_texture3d_texture2d_half,2048,1024,3072,2.1298,6.05
orin,3b,4w,cand,sarc_linear_q4gsw_coopmat_orin_t256x128k16g42s32bt_texture3d_texture2d_half,2048,1024,3072,2.1276,6.056
orin,3b,4w,cand,sarc_linear_q4gsw_coopmat_orin_t256x128k16g42s32bt_texture3d_texture2d_half,2048,3072,3072,6.3051,6.131
orin,3b,4w,cand,sarc_linear_q4gsw_coopmat_orin_t256x128k16g42s32bt_texture3d_texture2d_half,2048,8192,3072,16.6917,6.175
orin,3b,4w,cand,sarc_linear_q4gsw_coopmat_orin_t256x128k16g42s32bt_texture3d_texture2d_half,2048,8192,3072,16.7051,6.171
orin,3b,4w,cand,sarc_linear_q4gsw_coopmat_orin_t256x128k16g42s32bt_texture3d_texture2d_half,2048,3072,8192,16.2026,6.362
orin,3b,4w,cand,sarc_linear_q4gsw_coopmat_orin_t256x128k16g42s32bt_texture3d_texture2d_half,2048,3072,3072,6.3114,6.125
orin,3b,4w,cand,sarc_linear_q4gsw_coopmat_orin_t256x128k16g42s32bt_texture3d_texture2d_half,2048,1024,3072,2.1259,6.061
orin,3b,4w,cand,sarc_linear_q4gsw_coopmat_orin_t256x128k16g42s32bt_texture3d_texture2d_half,2048,1024,3072,2.1295,6.051
orin,3b,4w,cand,sarc_linear_q4gsw_coopmat_orin_t256x128k16g42s32bt_texture3d_texture2d_half,2048,3072,3072,6.3066,6.129
orin,3b,4w,cand,sarc_linear_q4gsw_coopmat_orin_t256x128k16g42s32bt_texture3d_texture2d_half,2048,8192,3072,16.7129,6.168
orin,3b,4w,cand,sarc_linear_q4gsw_coopmat_orin_t256x128k16g42s32bt_texture3d_texture2d_half,2048,8192,3072,16.7173,6.166
orin,3b,4w,cand,sarc_linear_q4gsw_coopmat_orin_t256x128k16g42s32bt_texture3d_texture2d_half,2048,3072,8192,16.2006,6.363
orin,3b,4w,cand,sarc_linear_q4gsw_coopmat_orin_t256x128k16g42s32bt_texture3d_texture2d_half,2048,3072,3072,6.3023,6.133
orin,3b,4w,cand,sarc_linear_q4gsw_coopmat_orin_t256x128k16g42s32bt_texture3d_texture2d_half,2048,1024,3072,2.1295,6.051
orin,3b,4w,cand,sarc_linear_q4gsw_coopmat_orin_t256x128k16g42s32bt_texture3d_texture2d_half,2048,1024,3072,2.1353,6.034
orin,3b,4w,cand,sarc_linear_q4gsw_coopmat_orin_t256x128k16g42s32bt_texture3d_texture2d_half,2048,3072,3072,6.3177,6.118
orin,3b,4w,cand,sarc_linear_q4gsw_coopmat_orin_t256x128k16g42s32bt_texture3d_texture2d_half,2048,8192,3072,16.7139,6.167
orin,3b,4w,cand,sarc_linear_q4gsw_coopmat_orin_t256x128k16g42s32bt_texture3d_texture2d_half,2048,8192,3072,16.7309,6.161
orin,3b,4w,cand,sarc_linear_q4gsw_coopmat_orin_t256x128k16g42s32bt_texture3d_texture2d_half,2048,3072,8192,16.1972,6.364
orin,3b,4w,cand,sarc_linear_q4gsw_coopmat_orin_t256x128k16g42s32bt_texture3d_texture2d_half,2048,3072,3072,6.3051,6.131
orin,3b,4w,cand,sarc_linear_q4gsw_coopmat_orin_t256x128k16g42s32bt_texture3d_texture2d_half,2048,1024,3072,2.1289,6.052
orin,3b,4w,cand,sarc_linear_q4gsw_coopmat_orin_t256x128k16g42s32bt_texture3d_texture2d_half,2048,1024,3072,2.1189,6.081
orin,3b,4w,cand,sarc_linear_q4gsw_coopmat_orin_t256x128k16g42s32bt_texture3d_texture2d_half,2048,3072,3072,6.3117,6.124
orin,3b,4w,cand,sarc_linear_q4gsw_coopmat_orin_t256x128k16g42s32bt_texture3d_texture2d_half,2048,8192,3072,16.7324,6.16
orin,3b,4w,cand,sarc_linear_q4gsw_coopmat_orin_t256x128k16g42s32bt_texture3d_texture2d_half,2048,8192,3072,16.711,6.168
orin,3b,4w,cand,sarc_linear_q4gsw_coopmat_orin_t256x128k16g42s32bt_texture3d_texture2d_half,2048,3072,8192,16.1414,6.386
orin,3b,4w,cand,sarc_linear_q4gsw_coopmat_orin_t256x128k16g42s32bt_texture3d_texture2d_half,2048,3072,3072,6.2986,6.137
orin,3b,4w,cand,sarc_linear_q4gsw_coopmat_orin_t256x128k16g42s32bt_texture3d_texture2d_half,2048,1024,3072,2.1299,6.049
orin,3b,4w,cand,sarc_linear_q4gsw_coopmat_orin_t256x128k16g42s32bt_texture3d_texture2d_half,2048,1024,3072,2.1195,6.079
orin,3b,4w,cand,sarc_linear_q4gsw_coopmat_orin_t256x128k16g42s32bt_texture3d_texture2d_half,2048,3072,3072,6.2967,6.139
orin,3b,4w,cand,sarc_linear_q4gsw_coopmat_orin_t256x128k16g42s32bt_texture3d_texture2d_half,2048,8192,3072,16.6132,6.205
orin,3b,4w,cand,sarc_linear_q4gsw_coopmat_orin_t256x128k16g42s32bt_texture3d_texture2d_half,2048,8192,3072,16.6291,6.199
orin,3b,4w,cand,sarc_linear_q4gsw_coopmat_orin_t256x128k16g42s32bt_texture3d_texture2d_half,2048,3072,8192,16.1666,6.376
orin,3b,4w,cand,sarc_linear_q4gsw_coopmat_orin_t256x128k16g42s32bt_texture3d_texture2d_half,2048,3072,3072,6.3061,6.13
orin,3b,4w,cand,sarc_linear_q4gsw_coopmat_orin_t256x128k16g42s32bt_texture3d_texture2d_half,2048,1024,3072,2.1285,6.054
orin,3b,4w,cand,sarc_linear_q4gsw_coopmat_orin_t256x128k16g42s32bt_texture3d_texture2d_half,2048,1024,3072,2.1279,6.055
orin,3b,4w,cand,sarc_linear_q4gsw_coopmat_orin_t256x128k16g42s32bt_texture3d_texture2d_half,2048,3072,3072,6.3057,6.13
orin,3b,4w,cand,sarc_linear_q4gsw_coopmat_orin_t256x128k16g42s32bt_texture3d_texture2d_half,2048,8192,3072,16.7254,6.163
orin,3b,4w,cand,sarc_linear_q4gsw_coopmat_orin_t256x128k16g42s32bt_texture3d_texture2d_half,2048,8192,3072,16.7215,6.164
orin,3b,4w,cand,sarc_linear_q4gsw_coopmat_orin_t256x128k16g42s32bt_texture3d_texture2d_half,2048,3072,8192,16.2153,6.357
orin,3b,4w,parent,sarc_linear_q4gsw_coopmat_orin_t256x128k16g42s32bt_texture3d_texture2d_half,2048,3072,3072,6.3484,6.089
orin,3b,4w,parent,sarc_linear_q4gsw_coopmat_orin_t256x128k16g42s32bt_texture3d_texture2d_half,2048,1024,3072,2.1223,6.071
orin,3b,4w,parent,sarc_linear_q4gsw_coopmat_orin_t256x128k16g42s32bt_texture3d_texture2d_half,2048,1024,3072,2.1319,6.044
orin,3b,4w,parent,sarc_linear_q4gsw_coopmat_orin_t256x128k16g42s32bt_texture3d_texture2d_half,2048,3072,3072,6.3047,6.131
orin,3b,4w,parent,sarc_linear_q4gsw_coopmat_orin_t256x128k16g42s32bt_texture3d_texture2d_half,2048,8192,3072,16.7442,6.156
orin,3b,4w,parent,sarc_linear_q4gsw_coopmat_orin_t256x128k16g42s32bt_texture3d_texture2d_half,2048,8192,3072,16.7213,6.165
orin,3b,4w,parent,sarc_linear_q4gsw_coopmat_orin_t256x128k16g42s32bt_texture3d_texture2d_half,2048,3072,8192,16.1931,6.366
orin,3b,4w,parent,sarc_linear_q4gsw_coopmat_orin_t256x128k16g42s32bt_texture3d_texture2d_half,2048,3072,3072,6.2826,6.153
orin,3b,4w,parent,sarc_linear_q4gsw_coopmat_orin_t256x128k16g42s32bt_texture3d_texture2d_half,2048,1024,3072,2.1138,6.096
orin,3b,4w,parent,sarc_linear_q4gsw_coopmat_orin_t256x128k16g42s32bt_texture3d_texture2d_half,2048,1024,3072,2.1197,6.079
orin,3b,4w,parent,sarc_linear_q4gsw_coopmat_orin_t256x128k16g42s32bt_texture3d_texture2d_half,2048,3072,3072,6.2978,6.138
orin,3b,4w,parent,sarc_linear_q4gsw_coopmat_orin_t256x128k16g42s32bt_texture3d_texture2d_half,2048,8192,3072,16.6208,6.202
orin,3b,4w,parent,sarc_linear_q4gsw_coopmat_orin_t256x128k16g42s32bt_texture3d_texture2d_half,2048,8192,3072,16.7207,6.165
orin,3b,4w,parent,sarc_linear_q4gsw_coopmat_orin_t256x128k16g42s32bt_texture3d_texture2d_half,2048,3072,8192,16.197,6.364
orin,3b,4w,parent,sarc_linear_q4gsw_coopmat_orin_t256x128k16g42s32bt_texture3d_texture2d_half,2048,3072,3072,6.3034,6.132
orin,3b,4w,parent,sarc_linear_q4gsw_coopmat_orin_t256x128k16g42s32bt_texture3d_texture2d_half,2048,1024,3072,2.132,6.044
orin,3b,4w,parent,sarc_linear_q4gsw_coopmat_orin_t256x128k16g42s32bt_texture3d_texture2d_half,2048,1024,3072,2.1288,6.053
orin,3b,4w,parent,sarc_linear_q4gsw_coopmat_orin_t256x128k16g42s32bt_texture3d_texture2d_half,2048,3072,3072,6.3088,6.127
orin,3b,4w,parent,sarc_linear_q4gsw_coopmat_orin_t256x128k16g42s32bt_texture3d_texture2d_half,2048,8192,3072,16.7105,6.169
orin,3b,4w,parent,sarc_linear_q4gsw_coopmat_orin_t256x128k16g42s32bt_texture3d_texture2d_half,2048,8192,3072,16.7369,6.159
orin,3b,4w,parent,sarc_linear_q4gsw_coopmat_orin_t256x128k16g42s32bt_texture3d_texture2d_half,2048,3072,8192,16.195,6.365
orin,3b,4w,parent,sarc_linear_q4gsw_coopmat_orin_t256x128k16g42s32bt_texture3d_texture2d_half,2048,3072,3072,6.3054,6.13
orin,3b,4w,parent,sarc_linear_q4gsw_coopmat_orin_t256x128k16g42s32bt_texture3d_texture2d_half,2048,1024,3072,2.1279,6.055
orin,3b,4w,parent,sarc_linear_q4gsw_coopmat_orin_t256x128k16g42s32bt_texture3d_texture2d_half,2048,1024,3072,2.132,6.044
orin,3b,4w,parent,sarc_linear_q4gsw_coopmat_orin_t256x128k16g42s32bt_texture3d_texture2d_half,2048,3072,3072,6.3072,6.129
orin,3b,4w,parent,sarc_linear_q4gsw_coopmat_orin_t256x128k16g42s32bt_texture3d_texture2d_half,2048,8192,3072,16.7087,6.169
orin,3b,4w,parent,sarc_linear_q4gsw_coopmat_orin_t256x128k16g42s32bt_texture3d_texture2d_half,2048,8192,3072,16.698,6.173
orin,3b,4w,parent,sarc_linear_q4gsw_coopmat_orin_t256x128k16g42s32bt_texture3d_texture2d_half,2048,3072,8192,16.1956,6.365
orin,3b,4w,parent,sarc_linear_q4gsw_coopmat_orin_t256x128k16g42s32bt_texture3d_texture2d_half,2048,3072,3072,6.2937,6.142
orin,3b,4w,parent,sarc_linear_q4gsw_coopmat_orin_t256x128k16g42s32bt_texture3d_texture2d_half,2048,1024,3072,2.1239,6.067
orin,3b,4w,parent,sarc_linear_q4gsw_coopmat_orin_t256x128k16g42s32bt_texture3d_texture2d_half,2048,1024,3072,2.1361,6.032
orin,3b,4w,parent,sarc_linear_q4gsw_coopmat_orin_t256x128k16g42s32bt_texture3d_texture2d_half,2048,3072,3072,6.3038,6.132
orin,3b,4w,parent,sarc_linear_q4gsw_coopmat_orin_t256x128k16g42s32bt_texture3d_texture2d_half,2048,8192,3072,16.7177,6.166
orin,3b,4w,parent,sarc_linear_q4gsw_coopmat_orin_t256x128k16g42s32bt_texture3d_texture2d_half,2048,8192,3072,16.7285,6.162
orin,3b,4w,parent,sarc_linear_q4gsw_coopmat_orin_t256x128k16g42s32bt_texture3d_texture2d_half,2048,3072,8192,16.1955,6.365
orin,3b,4w,parent,sarc_linear_q4gsw_coopmat_orin_t256x128k16g42s32bt_texture3d_texture2d_half,2048,3072,3072,6.3066,6.129
orin,3b,4w,parent,sarc_linear_q4gsw_coopmat_orin_t256x128k16g42s32bt_texture3d_texture2d_half,2048,1024,3072,2.1258,6.061
orin,3b,4w,parent,sarc_linear_q4gsw_coopmat_orin_t256x128k16g42s32bt_texture3d_texture2d_half,2048,1024,3072,2.1334,6.04
orin,3b,4w,parent,sarc_linear_q4gsw_coopmat_orin_t256x128k16g42s32bt_texture3d_texture2d_half,2048,3072,3072,6.3082,6.128
orin,3b,4w,parent,sarc_linear_q4gsw_coopmat_orin_t256x128k16g42s32bt_texture3d_texture2d_half,2048,8192,3072,16.7001,6.172
orin,3b,4w,parent,sarc_linear_q4gsw_coopmat_orin_t256x128k16g42s32bt_texture3d_texture2d_half,2048,8192,3072,16.7223,6.164
orin,3b,4w,parent,sarc_linear_q4gsw_coopmat_orin_t256x128k16g42s32bt_texture3d_texture2d_half,2048,3072,8192,16.2019,6.362
orin,3b,4w,parent,sarc_linear_q4gsw_coopmat_orin_t256x128k16g42s32bt_texture3d_texture2d_half,2048,3072,3072,6.3092,6.127
orin,3b,4w,parent,sarc_linear_q4gsw_coopmat_orin_t256x128k16g42s32bt_texture3d_texture2d_half,2048,1024,3072,2.1322,6.043
orin,3b,4w,parent,sarc_linear_q4gsw_coopmat_orin_t256x128k16g42s32bt_texture3d_texture2d_half,2048,1024,3072,2.129,6.052
orin,3b,4w,parent,sarc_linear_q4gsw_coopmat_orin_t256x128k16g42s32bt_texture3d_texture2d_half,2048,3072,3072,6.2695,6.165
orin,3b,4w,parent,sarc_linear_q4gsw_coopmat_orin_t256x128k16g42s32bt_texture3d_texture2d_half,2048,8192,3072,16.5998,6.21
orin,3b,4w,parent,sarc_linear_q4gsw_coopmat_orin_t256x128k16g42s32bt_texture3d_texture2d_half,2048,8192,3072,16.6758,6.181
orin,3b,4w,parent,sarc_linear_q4gsw_coopmat_orin_t256x128k16g42s32bt_texture3d_texture2d_half,2048,3072,8192,16.206,6.361
orin,3b,4w,parent,sarc_linear_q4gsw_coopmat_orin_t256x128k16g42s32bt_texture3d_texture2d_half,2048,3072,3072,6.3161,6.12
orin,3b,4w,parent,sarc_linear_q4gsw_coopmat_orin_t256x128k16g42s32bt_texture3d_texture2d_half,2048,1024,3072,2.1307,6.047
orin,3b,4w,parent,sarc_linear_q4gsw_coopmat_orin_t256x128k16g42s32bt_texture3d_texture2d_half,2048,1024,3072,2.1274,6.057
orin,3b,4w,parent,sarc_linear_q4gsw_coopmat_orin_t256x128k16g42s32bt_texture3d_texture2d_half,2048,3072,3072,6.3003,6.135
orin,3b,4w,parent,sarc_linear_q4gsw_coopmat_orin_t256x128k16g42s32bt_texture3d_texture2d_half,2048,8192,3072,16.714,6.167
orin,3b,4w,parent,sarc_linear_q4gsw_coopmat_orin_t256x128k16g42s32bt_texture3d_texture2d_half,2048,8192,3072,16.7244,6.163
orin,3b,4w,parent,sarc_linear_q4gsw_coopmat_orin_t256x128k16g42s32bt_texture3d_texture2d_half,2048,3072,8192,16.2141,6.357
orin,3b,4w,parent,sarc_linear_q4gsw_coopmat_orin_t256x128k16g42s32bt_texture3d_texture2d_half,2048,3072,3072,6.3085,6.127
orin,3b,4w,parent,sarc_linear_q4gsw_coopmat_orin_t256x128k16g42s32bt_texture3d_texture2d_half,2048,1024,3072,2.1303,6.048
orin,3b,4w,parent,sarc_linear_q4gsw_coopmat_orin_t256x128k16g42s32bt_texture3d_texture2d_half,2048,1024,3072,2.1339,6.038
orin,3b,4w,parent,sarc_linear_q4gsw_coopmat_orin_t256x128k16g42s32bt_texture3d_texture2d_half,2048,3072,3072,6.2842,6.151
orin,3b,4w,parent,sarc_linear_q4gsw_coopmat_orin_t256x128k16g42s32bt_texture3d_texture2d_half,2048,8192,3072,16.6996,6.173
orin,3b,4w,parent,sarc_linear_q4gsw_coopmat_orin_t256x128k16g42s32bt_texture3d_texture2d_half,2048,8192,3072,16.6713,6.183
orin,3b,4w,parent,sarc_linear_q4gsw_coopmat_orin_t256x128k16g42s32bt_texture3d_texture2d_half,2048,3072,8192,16.2124,6.358
orin,3b,4w,parent,sarc_linear_q4gsw_coopmat_orin_t256x128k16g42s32bt_texture3d_texture2d_half,2048,3072,3072,6.3082,6.128
orin,3b,4w,parent,sarc_linear_q4gsw_coopmat_orin_t256x128k16g42s32bt_texture3d_texture2d_half,2048,1024,3072,2.1316,6.045
orin,3b,4w,parent,sarc_linear_q4gsw_coopmat_orin_t256x128k16g42s32bt_texture3d_texture2d_half,2048,1024,3072,2.1546,5.98
orin,3b,4w,parent,sarc_linear_q4gsw_coopmat_orin_t256x128k16g42s32bt_texture3d_texture2d_half,2048,3072,3072,6.301,6.135
orin,3b,4w,parent,sarc_linear_q4gsw_coopmat_orin_t256x128k16g42s32bt_texture3d_texture2d_half,2048,8192,3072,16.707,6.17
orin,3b,4w,parent,sarc_linear_q4gsw_coopmat_orin_t256x128k16g42s32bt_texture3d_texture2d_half,2048,8192,3072,16.7141,6.167
orin,3b,4w,parent,sarc_linear_q4gsw_coopmat_orin_t256x128k16g42s32bt_texture3d_texture2d_half,2048,3072,8192,16.2025,6.362
orin,3b,4w,parent,sarc_linear_q4gsw_coopmat_orin_t256x128k16g42s32bt_texture3d_texture2d_half,2048,3072,3072,6.3074,6.129
orin,3b,4w,parent,sarc_linear_q4gsw_coopmat_orin_t256x128k16g42s32bt_texture3d_texture2d_half,2048,1024,3072,2.1305,6.048
orin,3b,4w,parent,sarc_linear_q4gsw_coopmat_orin_t256x128k16g42s32bt_texture3d_texture2d_half,2048,1024,3072,2.1346,6.036
orin,3b,4w,parent,sarc_linear_q4gsw_coopmat_orin_t256x128k16g42s32bt_texture3d_texture2d_half,2048,3072,3072,6.3071,6.129
orin,3b,4w,parent,sarc_linear_q4gsw_coopmat_orin_t256x128k16g42s32bt_texture3d_texture2d_half,2048,8192,3072,16.7005,6.172
orin,3b,4w,parent,sarc_linear_q4gsw_coopmat_orin_t256x128k16g42s32bt_texture3d_texture2d_half,2048,8192,3072,16.7142,6.167
orin,3b,4w,parent,sarc_linear_q4gsw_coopmat_orin_t256x128k16g42s32bt_texture3d_texture2d_half,2048,3072,8192,16.1942,6.365
orin,3b,4w,parent,sarc_linear_q4gsw_coopmat_orin_t256x128k16g42s32bt_texture3d_texture2d_half,2048,3072,3072,6.3066,6.129
orin,3b,4w,parent,sarc_linear_q4gsw_coopmat_orin_t256x128k16g42s32bt_texture3d_texture2d_half,2048,1024,3072,2.1259,6.061
orin,3b,4w,parent,sarc_linear_q4gsw_coopmat_orin_t256x128k16g42s32bt_texture3d_texture2d_half,2048,1024,3072,2.1338,6.039
orin,3b,4w,parent,sarc_linear_q4gsw_coopmat_orin_t256x128k16g42s32bt_texture3d_texture2d_half,2048,3072,3072,6.2612,6.174
orin,3b,4w,parent,sarc_linear_q4gsw_coopmat_orin_t256x128k16g42s32bt_texture3d_texture2d_half,2048,8192,3072,16.603,6.208
orin,3b,4w,parent,sarc_linear_q4gsw_coopmat_orin_t256x128k16g42s32bt_texture3d_texture2d_half,2048,8192,3072,16.6513,6.19
orin,3b,4w,parent,sarc_linear_q4gsw_coopmat_orin_t256x128k16g42s32bt_texture3d_texture2d_half,2048,3072,8192,16.2011,6.362
orin,3b,4w,parent,sarc_linear_q4gsw_coopmat_orin_t256x128k16g42s32bt_texture3d_texture2d_half,2048,3072,3072,6.306,6.13
orin,3b,4w,parent,sarc_linear_q4gsw_coopmat_orin_t256x128k16g42s32bt_texture3d_texture2d_half,2048,1024,3072,2.1313,6.046
orin,3b,4w,parent,sarc_linear_q4gsw_coopmat_orin_t256x128k16g42s32bt_texture3d_texture2d_half,2048,1024,3072,2.1286,6.053
orin,3b,4w,parent,sarc_linear_q4gsw_coopmat_orin_t256x128k16g42s32bt_texture3d_texture2d_half,2048,3072,3072,6.2992,6.136
orin,3b,4w,parent,sarc_linear_q4gsw_coopmat_orin_t256x128k16g42s32bt_texture3d_texture2d_half,2048,8192,3072,16.6949,6.174
orin,3b,4w,parent,sarc_linear_q4gsw_coopmat_orin_t256x128k16g42s32bt_texture3d_texture2d_half,2048,8192,3072,16.7237,6.164
orin,3b,4w,parent,sarc_linear_q4gsw_coopmat_orin_t256x128k16g42s32bt_texture3d_texture2d_half,2048,3072,8192,16.2011,6.362
orin,3b,4w,parent,sarc_linear_q4gsw_coopmat_orin_t256x128k16g42s32bt_texture3d_texture2d_half,2048,3072,3072,6.3178,6.118
orin,3b,4w,parent,sarc_linear_q4gsw_coopmat_orin_t256x128k16g42s32bt_texture3d_texture2d_half,2048,1024,3072,2.1308,6.047
orin,3b,4w,parent,sarc_linear_q4gsw_coopmat_orin_t256x128k16g42s32bt_texture3d_texture2d_half,2048,1024,3072,2.1306,6.048
orin,3b,4w,parent,sarc_linear_q4gsw_coopmat_orin_t256x128k16g42s32bt_texture3d_texture2d_half,2048,3072,3072,6.3161,6.12
orin,3b,4w,parent,sarc_linear_q4gsw_coopmat_orin_t256x128k16g42s32bt_texture3d_texture2d_half,2048,8192,3072,16.7158,6.167
orin,3b,4w,parent,sarc_linear_q4gsw_coopmat_orin_t256x128k16g42s32bt_texture3d_texture2d_half,2048,8192,3072,16.7102,6.169
orin,3b,4w,parent,sarc_linear_q4gsw_coopmat_orin_t256x128k16g42s32bt_texture3d_texture2d_half,2048,3072,8192,16.1934,6.365
orin,3b,4w,parent,sarc_linear_q4gsw_coopmat_orin_t256x128k16g42s32bt_texture3d_texture2d_half,2048,3072,3072,6.3126,6.123
orin,3b,4w,parent,sarc_linear_q4gsw_coopmat_orin_t256x128k16g42s32bt_texture3d_texture2d_half,2048,1024,3072,2.1287,6.053
orin,3b,4w,parent,sarc_linear_q4gsw_coopmat_orin_t256x128k16g42s32bt_texture3d_texture2d_half,2048,1024,3072,2.1306,6.048
orin,3b,4w,parent,sarc_linear_q4gsw_coopmat_orin_t256x128k16g42s32bt_texture3d_texture2d_half,2048,3072,3072,6.2998,6.136
orin,3b,4w,parent,sarc_linear_q4gsw_coopmat_orin_t256x128k16g42s32bt_texture3d_texture2d_half,2048,8192,3072,16.6968,6.174
orin,3b,4w,parent,sarc_linear_q4gsw_coopmat_orin_t256x128k16g42s32bt_texture3d_texture2d_half,2048,8192,3072,16.7018,6.172
orin,3b,4w,parent,sarc_linear_q4gsw_coopmat_orin_t256x128k16g42s32bt_texture3d_texture2d_half,2048,3072,8192,16.2118,6.358
orin,3b,4w,parent,sarc_linear_q4gsw_coopmat_orin_t256x128k16g42s32bt_texture3d_texture2d_half,2048,3072,3072,6.2996,6.136
orin,3b,4w,parent,sarc_linear_q4gsw_coopmat_orin_t256x128k16g42s32bt_texture3d_texture2d_half,2048,1024,3072,2.1301,6.049
orin,3b,4w,parent,sarc_linear_q4gsw_coopmat_orin_t256x128k16g42s32bt_texture3d_texture2d_half,2048,1024,3072,2.135,6.035
orin,3b,4w,parent,sarc_linear_q4gsw_coopmat_orin_t256x128k16g42s32bt_texture3d_texture2d_half,2048,3072,3072,6.3033,6.132
orin,3b,4w,parent,sarc_linear_q4gsw_coopmat_orin_t256x128k16g42s32bt_texture3d_texture2d_half,2048,8192,3072,16.7007,6.172
orin,3b,4w,parent,sarc_linear_q4gsw_coopmat_orin_t256x128k16g42s32bt_texture3d_texture2d_half,2048,8192,3072,16.7076,6.17
orin,3b,4w,parent,sarc_linear_q4gsw_coopmat_orin_t256x128k16g42s32bt_texture3d_texture2d_half,2048,3072,8192,16.1911,6.366
orin,3b,4w,parent,sarc_linear_q4gsw_coopmat_orin_t256x128k16g42s32bt_texture3d_texture2d_half,2048,3072,3072,6.2978,6.138
orin,3b,4w,parent,sarc_linear_q4gsw_coopmat_orin_t256x128k16g42s32bt_texture3d_texture2d_half,2048,1024,3072,2.1259,6.061
orin,3b,4w,parent,sarc_linear_q4gsw_coopmat_orin_t256x128k16g42s32bt_texture3d_texture2d_half,2048,1024,3072,2.1244,6.065
orin,3b,4w,parent,sarc_linear_q4gsw_coopmat_orin_t256x128k16g42s32bt_texture3d_texture2d_half,2048,3072,3072,6.2919,6.144
orin,3b,4w,parent,sarc_linear_q4gsw_coopmat_orin_t256x128k16g42s32bt_texture3d_texture2d_half,2048,8192,3072,16.6259,6.2
orin,3b,4w,parent,sarc_linear_q4gsw_coopmat_orin_t256x128k16g42s32bt_texture3d_texture2d_half,2048,8192,3072,16.6193,6.202
orin,3b,4w,parent,sarc_linear_q4gsw_coopmat_orin_t256x128k16g42s32bt_texture3d_texture2d_half,2048,3072,8192,16.1826,6.37
orin,3b,4w,parent,sarc_linear_q4gsw_coopmat_orin_t256x128k16g42s32bt_texture3d_texture2d_half,2048,3072,3072,6.3049,6.131
orin,3b,4w,parent,sarc_linear_q4gsw_coopmat_orin_t256x128k16g42s32bt_texture3d_texture2d_half,2048,1024,3072,2.1315,6.045
orin,3b,4w,parent,sarc_linear_q4gsw_coopmat_orin_t256x128k16g42s32bt_texture3d_texture2d_half,2048,1024,3072,2.1316,6.045
orin,3b,4w,parent,sarc_linear_q4gsw_coopmat_orin_t256x128k16g42s32bt_texture3d_texture2d_half,2048,3072,3072,6.2994,6.136
orin,3b,4w,parent,sarc_linear_q4gsw_coopmat_orin_t256x128k16g42s32bt_texture3d_texture2d_half,2048,8192,3072,16.6842,6.178
orin,3b,4w,parent,sarc_linear_q4gsw_coopmat_orin_t256x128k16g42s32bt_texture3d_texture2d_half,2048,8192,3072,16.6598,6.187
orin,3b,4w,parent,sarc_linear_q4gsw_coopmat_orin_t256x128k16g42s32bt_texture3d_texture2d_half,2048,3072,8192,16.1839,6.369
orin,3b,4w,parent,sarc_linear_q4gsw_coopmat_orin_t256x128k16g42s32bt_texture3d_texture2d_half,2048,3072,3072,6.3075,6.128
orin,3b,4w,parent,sarc_linear_q4gsw_coopmat_orin_t256x128k16g42s32bt_texture3d_texture2d_half,2048,1024,3072,2.129,6.052
orin,3b,4w,parent,sarc_linear_q4gsw_coopmat_orin_t256x128k16g42s32bt_texture3d_texture2d_half,2048,1024,3072,2.1298,6.05
orin,3b,4w,parent,sarc_linear_q4gsw_coopmat_orin_t256x128k16g42s32bt_texture3d_texture2d_half,2048,3072,3072,6.2931,6.142
orin,3b,4w,parent,sarc_linear_q4gsw_coopmat_orin_t256x128k16g42s32bt_texture3d_texture2d_half,2048,8192,3072,16.6996,6.173
orin,3b,4w,parent,sarc_linear_q4gsw_coopmat_orin_t256x128k16g42s32bt_texture3d_texture2d_half,2048,8192,3072,16.7274,6.162
orin,3b,4w,parent,sarc_linear_q4gsw_coopmat_orin_t256x128k16g42s32bt_texture3d_texture2d_half,2048,3072,8192,16.1969,6.364
orin,3b,4w,parent,sarc_linear_q4gsw_coopmat_orin_t256x128k16g42s32bt_texture3d_texture2d_half,2048,3072,3072,6.3095,6.126
orin,3b,4w,parent,sarc_linear_q4gsw_coopmat_orin_t256x128k16g42s32bt_texture3d_texture2d_half,2048,1024,3072,2.1357,6.033
orin,3b,4w,parent,sarc_linear_q4gsw_coopmat_orin_t256x128k16g42s32bt_texture3d_texture2d_half,2048,1024,3072,2.1271,6.057
orin,3b,4w,parent,sarc_linear_q4gsw_coopmat_orin_t256x128k16g42s32bt_texture3d_texture2d_half,2048,3072,3072,6.2985,6.137
orin,3b,4w,parent,sarc_linear_q4gsw_coopmat_orin_t256x128k16g42s32bt_texture3d_texture2d_half,2048,8192,3072,16.6913,6.176
orin,3b,4w,parent,sarc_linear_q4gsw_coopmat_orin_t256x128k16g42s32bt_texture3d_texture2d_half,2048,8192,3072,16.7053,6.17
orin,3b,4w,parent,sarc_linear_q4gsw_coopmat_orin_t256x128k16g42s32bt_texture3d_texture2d_half,2048,3072,8192,16.1978,6.364
orin,3b,4w,parent,sarc_linear_q4gsw_coopmat_orin_t256x128k16g42s32bt_texture3d_texture2d_half,2048,3072,3072,6.3024,6.133
orin,3b,4w,parent,sarc_linear_q4gsw_coopmat_orin_t256x128k16g42s32bt_texture3d_texture2d_half,2048,1024,3072,2.1291,6.052
orin,3b,4w,parent,sarc_linear_q4gsw_coopmat_orin_t256x128k16g42s32bt_texture3d_texture2d_half,2048,1024,3072,2.131,6.046
orin,3b,4w,parent,sarc_linear_q4gsw_coopmat_orin_t256x128k16g42s32bt_texture3d_texture2d_half,2048,3072,3072,6.3142,6.122
orin,3b,4w,parent,sarc_linear_q4gsw_coopmat_orin_t256x128k16g42s32bt_texture3d_texture2d_half,2048,8192,3072,16.6928,6.175
orin,3b,4w,parent,sarc_linear_q4gsw_coopmat_orin_t256x128k16g42s32bt_texture3d_texture2d_half,2048,8192,3072,16.7152,6.167
orin,3b,4w,parent,sarc_linear_q4gsw_coopmat_orin_t256x128k16g42s32bt_texture3d_texture2d_half,2048,3072,8192,16.2028,6.362
orin,3b,4w,parent,sarc_linear_q4gsw_coopmat_orin_t256x128k16g42s32bt_texture3d_texture2d_half,2048,3072,3072,6.3095,6.126
orin,3b,4w,parent,sarc_linear_q4gsw_coopmat_orin_t256x128k16g42s32bt_texture3d_texture2d_half,2048,1024,3072,2.1315,6.045
orin,3b,4w,parent,sarc_linear_q4gsw_coopmat_orin_t256x128k16g42s32bt_texture3d_texture2d_half,2048,1024,3072,2.1257,6.061
orin,3b,4w,parent,sarc_linear_q4gsw_coopmat_orin_t256x128k16g42s32bt_texture3d_texture2d_half,2048,3072,3072,6.2901,6.145
orin,3b,4w,parent,sarc_linear_q4gsw_coopmat_orin_t256x128k16g42s32bt_texture3d_texture2d_half,2048,8192,3072,16.6344,6.197
orin,3b,4w,parent,sarc_linear_q4gsw_coopmat_orin_t256x128k16g42s32bt_texture3d_texture2d_half,2048,8192,3072,16.6178,6.203
orin,3b,4w,parent,sarc_linear_q4gsw_coopmat_orin_t256x128k16g42s32bt_texture3d_texture2d_half,2048,3072,8192,16.1524,6.382
orin,3b,4w,parent,sarc_linear_q4gsw_coopmat_orin_t256x128k16g42s32bt_texture3d_texture2d_half,2048,3072,3072,6.3044,6.131
orin,3b,4w,parent,sarc_linear_q4gsw_coopmat_orin_t256x128k16g42s32bt_texture3d_texture2d_half,2048,1024,3072,2.129,6.052
orin,3b,4w,parent,sarc_linear_q4gsw_coopmat_orin_t256x128k16g42s32bt_texture3d_texture2d_half,2048,1024,3072,2.1299,6.05
orin,3b,4w,parent,sarc_linear_q4gsw_coopmat_orin_t256x128k16g42s32bt_texture3d_texture2d_half,2048,3072,3072,6.3011,6.135
orin,3b,4w,parent,sarc_linear_q4gsw_coopmat_orin_t256x128k16g42s32bt_texture3d_texture2d_half,2048,8192,3072,16.7059,6.17
orin,3b,4w,parent,sarc_linear_q4gsw_coopmat_orin_t256x128k16g42s32bt_texture3d_texture2d_half,2048,8192,3072,16.7046,6.171
orin,3b,4w,parent,sarc_linear_q4gsw_coopmat_orin_t256x128k16g42s32bt_texture3d_texture2d_half,2048,3072,8192,16.1968,6.364
orin,3b,4w,parent,sarc_linear_q4gsw_coopmat_orin_t256x128k16g42s32bt_texture3d_texture2d_half,2048,3072,3072,6.3036,6.132
orin,3b,4w,parent,sarc_linear_q4gsw_coopmat_orin_t256x128k16g42s32bt_texture3d_texture2d_half,2048,1024,3072,2.1217,6.073
orin,3b,4w,parent,sarc_linear_q4gsw_coopmat_orin_t256x128k16g42s32bt_texture3d_texture2d_half,2048,1024,3072,2.1332,6.04
orin,3b,4w,parent,sarc_linear_q4gsw_coopmat_orin_t256x128k16g42s32bt_texture3d_texture2d_half,2048,3072,3072,6.2952,6.14
orin,3b,4w,parent,sarc_linear_q4gsw_coopmat_orin_t256x128k16g42s32bt_texture3d_texture2d_half,2048,8192,3072,16.709,6.169
orin,3b,4w,parent,sarc_linear_q4gsw_coopmat_orin_t256x128k16g42s32bt_texture3d_texture2d_half,2048,8192,3072,16.7093,6.169
orin,3b,4w,parent,sarc_linear_q4gsw_coopmat_orin_t256x128k16g42s32bt_texture3d_texture2d_half,2048,3072,8192,16.2167,6.356
orin,3b,4w,parent,sarc_linear_q4gsw_coopmat_orin_t256x128k16g42s32bt_texture3d_texture2d_half,2048,3072,3072,6.3076,6.128
orin,3b,4w,parent,sarc_linear_q4gsw_coopmat_orin_t256x128k16g42s32bt_texture3d_texture2d_half,2048,1024,3072,2.1263,6.06
orin,3b,4w,parent,sarc_linear_q4gsw_coopmat_orin_t256x128k16g42s32bt_texture3d_texture2d_half,2048,1024,3072,2.1271,6.057
orin,3b,4w,parent,sarc_linear_q4gsw_coopmat_orin_t256x128k16g42s32bt_texture3d_texture2d_half,2048,3072,3072,6.3249,6.112
orin,3b,4w,parent,sarc_linear_q4gsw_coopmat_orin_t256x128k16g42s32bt_texture3d_texture2d_half,2048,8192,3072,16.7186,6.166
orin,3b,4w,parent,sarc_linear_q4gsw_coopmat_orin_t256x128k16g42s32bt_texture3d_texture2d_half,2048,8192,3072,16.709,6.169
orin,3b,4w,parent,sarc_linear_q4gsw_coopmat_orin_t256x128k16g42s32bt_texture3d_texture2d_half,2048,3072,8192,16.1907,6.367
orin,3b,4w,parent,sarc_linear_q4gsw_coopmat_orin_t256x128k16g42s32bt_texture3d_texture2d_half,2048,3072,3072,6.3023,6.133
orin,3b,4w,parent,sarc_linear_q4gsw_coopmat_orin_t256x128k16g42s32bt_texture3d_texture2d_half,2048,1024,3072,2.1248,6.064
orin,3b,4w,parent,sarc_linear_q4gsw_coopmat_orin_t256x128k16g42s32bt_texture3d_texture2d_half,2048,1024,3072,2.1324,6.043
orin,3b,4w,parent,sarc_linear_q4gsw_coopmat_orin_t256x128k16g42s32bt_texture3d_texture2d_half,2048,3072,3072,6.3012,6.135
orin,3b,4w,parent,sarc_linear_q4gsw_coopmat_orin_t256x128k16g42s32bt_texture3d_texture2d_half,2048,8192,3072,16.7034,6.171
orin,3b,4w,parent,sarc_linear_q4gsw_coopmat_orin_t256x128k16g42s32bt_texture3d_texture2d_half,2048,8192,3072,16.7218,6.164
orin,3b,4w,parent,sarc_linear_q4gsw_coopmat_orin_t256x128k16g42s32bt_texture3d_texture2d_half,2048,3072,8192,16.196,6.364
orin,3b,4w,parent,sarc_linear_q4gsw_coopmat_orin_t256x128k16g42s32bt_texture3d_texture2d_half,2048,3072,3072,6.3138,6.122
orin,3b,4w,parent,sarc_linear_q4gsw_coopmat_orin_t256x128k16g42s32bt_texture3d_texture2d_half,2048,1024,3072,2.1323,6.043
orin,3b,4w,parent,sarc_linear_q4gsw_coopmat_orin_t256x128k16g42s32bt_texture3d_texture2d_half,2048,1024,3072,2.1261,6.06
orin,3b,4w,parent,sarc_linear_q4gsw_coopmat_orin_t256x128k16g42s32bt_texture3d_texture2d_half,2048,3072,3072,6.2969,6.139
orin,3b,4w,parent,sarc_linear_q4gsw_coopmat_orin_t256x128k16g42s32bt_texture3d_texture2d_half,2048,8192,3072,16.696,6.174
orin,3b,4w,parent,sarc_linear_q4gsw_coopmat_orin_t256x128k16g42s32bt_texture3d_texture2d_half,2048,8192,3072,16.6161,6.204
orin,3b,4w,parent,sarc_linear_q4gsw_coopmat_orin_t256x128k16g42s32bt_texture3d_texture2d_half,2048,3072,8192,16.1109,6.398
orin,3b,4w,parent,sarc_linear_q4gsw_coopmat_orin_t256x128k16g42s32bt_texture3d_texture2d_half,2048,3072,3072,6.269,6.166
orin,3b,4w,parent,sarc_linear_q4gsw_coopmat_orin_t256x128k16g42s32bt_texture3d_texture2d_half,2048,1024,3072,2.1289,6.052
orin,3b,4w,parent,sarc_linear_q4gsw_coopmat_orin_t256x128k16g42s32bt_texture3d_texture2d_half,2048,1024,3072,2.1274,6.057
orin,3b,4w,parent,sarc_linear_q4gsw_coopmat_orin_t256x128k16g42s32bt_texture3d_texture2d_half,2048,3072,3072,6.3004,6.135
orin,3b,4w,parent,sarc_linear_q4gsw_coopmat_orin_t256x128k16g42s32bt_texture3d_texture2d_half,2048,8192,3072,16.699,6.173
orin,3b,4w,parent,sarc_linear_q4gsw_coopmat_orin_t256x128k16g42s32bt_texture3d_texture2d_half,2048,8192,3072,16.6981,6.173
orin,3b,4w,parent,sarc_linear_q4gsw_coopmat_orin_t256x128k16g42s32bt_texture3d_texture2d_half,2048,3072,8192,16.1926,6.366
orin,3b,8da4w,cand,sarc_linear_dq8ca_coopmat_zpgtr_orin_bf_t128x128k64g24s32mk32ra_texture3d_texture2d_half,2048,3072,3072,7.4068,5.219
orin,3b,8da4w,cand,sarc_linear_dq8ca_coopmat_zpgtr_orin_bf_t128x128k64g24s32mk32ra_texture3d_texture2d_half,2048,1024,3072,2.4454,5.269
orin,3b,8da4w,cand,sarc_linear_dq8ca_coopmat_zpgtr_orin_bf_t128x128k64g24s32mk32ra_texture3d_texture2d_half,2048,1024,3072,2.4237,5.316
orin,3b,8da4w,cand,sarc_linear_dq8ca_coopmat_zpgtr_orin_bf_t128x128k64g24s32mk32ra_texture3d_texture2d_half,2048,3072,3072,7.2582,5.326
orin,3b,8da4w,cand,sarc_linear_dq8ca_coopmat_zpgtr_orin_bf_t128x128k64g24s32mk32ra_texture3d_texture2d_half,2048,8192,3072,19.5428,5.275
orin,3b,8da4w,cand,sarc_linear_dq8ca_coopmat_zpgtr_orin_bf_t128x128k64g24s32mk32ra_texture3d_texture2d_half,2048,8192,3072,19.3212,5.335
orin,3b,8da4w,cand,sarc_linear_dq8ca_coopmat_zpgtr_orin_bf_t128x128k64g24s32mk32ra_texture3d_texture2d_half,2048,3072,8192,18.9506,5.439
orin,3b,8da4w,cand,sarc_linear_dq8ca_coopmat_zpgtr_orin_bf_t128x128k64g24s32mk32ra_texture3d_texture2d_half,2048,3072,3072,7.2514,5.331
orin,3b,8da4w,cand,sarc_linear_dq8ca_coopmat_zpgtr_orin_bf_t128x128k64g24s32mk32ra_texture3d_texture2d_half,2048,1024,3072,2.4514,5.256
orin,3b,8da4w,cand,sarc_linear_dq8ca_coopmat_zpgtr_orin_bf_t128x128k64g24s32mk32ra_texture3d_texture2d_half,2048,1024,3072,2.4317,5.299
orin,3b,8da4w,cand,sarc_linear_dq8ca_coopmat_zpgtr_orin_bf_t128x128k64g24s32mk32ra_texture3d_texture2d_half,2048,3072,3072,7.2542,5.329
orin,3b,8da4w,cand,sarc_linear_dq8ca_coopmat_zpgtr_orin_bf_t128x128k64g24s32mk32ra_texture3d_texture2d_half,2048,8192,3072,19.3254,5.334
orin,3b,8da4w,cand,sarc_linear_dq8ca_coopmat_zpgtr_orin_bf_t128x128k64g24s32mk32ra_texture3d_texture2d_half,2048,8192,3072,19.3257,5.334
orin,3b,8da4w,cand,sarc_linear_dq8ca_coopmat_zpgtr_orin_bf_t128x128k64g24s32mk32ra_texture3d_texture2d_half,2048,3072,8192,18.9567,5.438
orin,3b,8da4w,cand,sarc_linear_dq8ca_coopmat_zpgtr_orin_bf_t128x128k64g24s32mk32ra_texture3d_texture2d_half,2048,3072,3072,7.2594,5.325
orin,3b,8da4w,cand,sarc_linear_dq8ca_coopmat_zpgtr_orin_bf_t128x128k64g24s32mk32ra_texture3d_texture2d_half,2048,1024,3072,2.452,5.255
orin,3b,8da4w,cand,sarc_linear_dq8ca_coopmat_zpgtr_orin_bf_t128x128k64g24s32mk32ra_texture3d_texture2d_half,2048,1024,3072,2.4184,5.328
orin,3b,8da4w,cand,sarc_linear_dq8ca_coopmat_zpgtr_orin_bf_t128x128k64g24s32mk32ra_texture3d_texture2d_half,2048,3072,3072,7.2654,5.32
orin,3b,8da4w,cand,sarc_linear_dq8ca_coopmat_zpgtr_orin_bf_t128x128k64g24s32mk32ra_texture3d_texture2d_half,2048,8192,3072,19.3248,5.334
orin,3b,8da4w,cand,sarc_linear_dq8ca_coopmat_zpgtr_orin_bf_t128x128k64g24s32mk32ra_texture3d_texture2d_half,2048,8192,3072,19.3377,5.33
orin,3b,8da4w,cand,sarc_linear_dq8ca_coopmat_zpgtr_orin_bf_t128x128k64g24s32mk32ra_texture3d_texture2d_half,2048,3072,8192,18.9675,5.435
orin,3b,8da4w,cand,sarc_linear_dq8ca_coopmat_zpgtr_orin_bf_t128x128k64g24s32mk32ra_texture3d_texture2d_half,2048,3072,3072,7.2472,5.334
orin,3b,8da4w,cand,sarc_linear_dq8ca_coopmat_zpgtr_orin_bf_t128x128k64g24s32mk32ra_texture3d_texture2d_half,2048,1024,3072,2.4458,5.268
orin,3b,8da4w,cand,sarc_linear_dq8ca_coopmat_zpgtr_orin_bf_t128x128k64g24s32mk32ra_texture3d_texture2d_half,2048,1024,3072,2.4204,5.324
orin,3b,8da4w,cand,sarc_linear_dq8ca_coopmat_zpgtr_orin_bf_t128x128k64g24s32mk32ra_texture3d_texture2d_half,2048,3072,3072,7.2583,5.326
orin,3b,8da4w,cand,sarc_linear_dq8ca_coopmat_zpgtr_orin_bf_t128x128k64g24s32mk32ra_texture3d_texture2d_half,2048,8192,3072,19.3456,5.328
orin,3b,8da4w,cand,sarc_linear_dq8ca_coopmat_zpgtr_orin_bf_t128x128k64g24s32mk32ra_texture3d_texture2d_half,2048,8192,3072,19.3276,5.333
orin,3b,8da4w,cand,sarc_linear_dq8ca_coopmat_zpgtr_orin_bf_t128x128k64g24s32mk32ra_texture3d_texture2d_half,2048,3072,8192,18.9239,5.447
orin,3b,8da4w,cand,sarc_linear_dq8ca_coopmat_zpgtr_orin_bf_t128x128k64g24s32mk32ra_texture3d_texture2d_half,2048,3072,3072,7.2621,5.323
orin,3b,8da4w,cand,sarc_linear_dq8ca_coopmat_zpgtr_orin_bf_t128x128k64g24s32mk32ra_texture3d_texture2d_half,2048,1024,3072,2.4471,5.265
orin,3b,8da4w,cand,sarc_linear_dq8ca_coopmat_zpgtr_orin_bf_t128x128k64g24s32mk32ra_texture3d_texture2d_half,2048,1024,3072,2.4182,5.328
orin,3b,8da4w,cand,sarc_linear_dq8ca_coopmat_zpgtr_orin_bf_t128x128k64g24s32mk32ra_texture3d_texture2d_half,2048,3072,3072,7.2668,5.319
orin,3b,8da4w,cand,sarc_linear_dq8ca_coopmat_zpgtr_orin_bf_t128x128k64g24s32mk32ra_texture3d_texture2d_half,2048,8192,3072,19.3276,5.333
orin,3b,8da4w,cand,sarc_linear_dq8ca_coopmat_zpgtr_orin_bf_t128x128k64g24s32mk32ra_texture3d_texture2d_half,2048,8192,3072,19.3163,5.336
orin,3b,8da4w,cand,sarc_linear_dq8ca_coopmat_zpgtr_orin_bf_t128x128k64g24s32mk32ra_texture3d_texture2d_half,2048,3072,8192,18.9097,5.451
orin,3b,8da4w,cand,sarc_linear_dq8ca_coopmat_zpgtr_orin_bf_t128x128k64g24s32mk32ra_texture3d_texture2d_half,2048,3072,3072,7.2445,5.336
orin,3b,8da4w,cand,sarc_linear_dq8ca_coopmat_zpgtr_orin_bf_t128x128k64g24s32mk32ra_texture3d_texture2d_half,2048,1024,3072,2.453,5.253
orin,3b,8da4w,cand,sarc_linear_dq8ca_coopmat_zpgtr_orin_bf_t128x128k64g24s32mk32ra_texture3d_texture2d_half,2048,1024,3072,2.4228,5.318
orin,3b,8da4w,cand,sarc_linear_dq8ca_coopmat_zpgtr_orin_bf_t128x128k64g24s32mk32ra_texture3d_texture2d_half,2048,3072,3072,7.2572,5.326
orin,3b,8da4w,cand,sarc_linear_dq8ca_coopmat_zpgtr_orin_bf_t128x128k64g24s32mk32ra_texture3d_texture2d_half,2048,8192,3072,19.3125,5.337
orin,3b,8da4w,cand,sarc_linear_dq8ca_coopmat_zpgtr_orin_bf_t128x128k64g24s32mk32ra_texture3d_texture2d_half,2048,8192,3072,19.3284,5.333
orin,3b,8da4w,cand,sarc_linear_dq8ca_coopmat_zpgtr_orin_bf_t128x128k64g24s32mk32ra_texture3d_texture2d_half,2048,3072,8192,18.946,5.441
orin,3b,8da4w,cand,sarc_linear_dq8ca_coopmat_zpgtr_orin_bf_t128x128k64g24s32mk32ra_texture3d_texture2d_half,2048,3072,3072,7.2608,5.324
orin,3b,8da4w,cand,sarc_linear_dq8ca_coopmat_zpgtr_orin_bf_t128x128k64g24s32mk32ra_texture3d_texture2d_half,2048,1024,3072,2.4463,5.267
orin,3b,8da4w,cand,sarc_linear_dq8ca_coopmat_zpgtr_orin_bf_t128x128k64g24s32mk32ra_texture3d_texture2d_half,2048,1024,3072,2.4199,5.325
orin,3b,8da4w,cand,sarc_linear_dq8ca_coopmat_zpgtr_orin_bf_t128x128k64g24s32mk32ra_texture3d_texture2d_half,2048,3072,3072,7.2631,5.322
orin,3b,8da4w,cand,sarc_linear_dq8ca_coopmat_zpgtr_orin_bf_t128x128k64g24s32mk32ra_texture3d_texture2d_half,2048,8192,3072,19.3183,5.336
orin,3b,8da4w,cand,sarc_linear_dq8ca_coopmat_zpgtr_orin_bf_t128x128k64g24s32mk32ra_texture3d_texture2d_half,2048,8192,3072,19.3408,5.33
orin,3b,8da4w,cand,sarc_linear_dq8ca_coopmat_zpgtr_orin_bf_t128x128k64g24s32mk32ra_texture3d_texture2d_half,2048,3072,8192,18.9596,5.437
orin,3b,8da4w,cand,sarc_linear_dq8ca_coopmat_zpgtr_orin_bf_t128x128k64g24s32mk32ra_texture3d_texture2d_half,2048,3072,3072,7.2637,5.322
orin,3b,8da4w,cand,sarc_linear_dq8ca_coopmat_zpgtr_orin_bf_t128x128k64g24s32mk32ra_texture3d_texture2d_half,2048,1024,3072,2.4482,5.263
orin,3b,8da4w,cand,sarc_linear_dq8ca_coopmat_zpgtr_orin_bf_t128x128k64g24s32mk32ra_texture3d_texture2d_half,2048,1024,3072,2.4224,5.319
orin,3b,8da4w,cand,sarc_linear_dq8ca_coopmat_zpgtr_orin_bf_t128x128k64g24s32mk32ra_texture3d_texture2d_half,2048,3072,3072,7.2533,5.329
orin,3b,8da4w,cand,sarc_linear_dq8ca_coopmat_zpgtr_orin_bf_t128x128k64g24s32mk32ra_texture3d_texture2d_half,2048,8192,3072,19.3247,5.334
orin,3b,8da4w,cand,sarc_linear_dq8ca_coopmat_zpgtr_orin_bf_t128x128k64g24s32mk32ra_texture3d_texture2d_half,2048,8192,3072,19.3442,5.329
orin,3b,8da4w,cand,sarc_linear_dq8ca_coopmat_zpgtr_orin_bf_t128x128k64g24s32mk32ra_texture3d_texture2d_half,2048,3072,8192,18.986,5.429
orin,3b,8da4w,cand,sarc_linear_dq8ca_coopmat_zpgtr_orin_bf_t128x128k64g24s32mk32ra_texture3d_texture2d_half,2048,3072,3072,7.2896,5.303
orin,3b,8da4w,cand,sarc_linear_dq8ca_coopmat_zpgtr_orin_bf_t128x128k64g24s32mk32ra_texture3d_texture2d_half,2048,1024,3072,2.4659,5.225
orin,3b,8da4w,cand,sarc_linear_dq8ca_coopmat_zpgtr_orin_bf_t128x128k64g24s32mk32ra_texture3d_texture2d_half,2048,1024,3072,2.4314,5.299
orin,3b,8da4w,cand,sarc_linear_dq8ca_coopmat_zpgtr_orin_bf_t128x128k64g24s32mk32ra_texture3d_texture2d_half,2048,3072,3072,7.2945,5.299
orin,3b,8da4w,cand,sarc_linear_dq8ca_coopmat_zpgtr_orin_bf_t128x128k64g24s32mk32ra_texture3d_texture2d_half,2048,8192,3072,19.4183,5.308
orin,3b,8da4w,cand,sarc_linear_dq8ca_coopmat_zpgtr_orin_bf_t128x128k64g24s32mk32ra_texture3d_texture2d_half,2048,8192,3072,19.334,5.332
orin,3b,8da4w,cand,sarc_linear_dq8ca_coopmat_zpgtr_orin_bf_t128x128k64g24s32mk32ra_texture3d_texture2d_half,2048,3072,8192,18.9358,5.444
orin,3b,8da4w,cand,sarc_linear_dq8ca_coopmat_zpgtr_orin_bf_t128x128k64g24s32mk32ra_texture3d_texture2d_half,2048,3072,3072,7.255,5.328
orin,3b,8da4w,cand,sarc_linear_dq8ca_coopmat_zpgtr_orin_bf_t128x128k64g24s32mk32ra_texture3d_texture2d_half,2048,1024,3072,2.4531,5.253
orin,3b,8da4w,cand,sarc_linear_dq8ca_coopmat_zpgtr_orin_bf_t128x128k64g24s32mk32ra_texture3d_texture2d_half,2048,1024,3072,2.4299,5.303
orin,3b,8da4w,cand,sarc_linear_dq8ca_coopmat_zpgtr_orin_bf_t128x128k64g24s32mk32ra_texture3d_texture2d_half,2048,3072,3072,7.2568,5.327
orin,3b,8da4w,cand,sarc_linear_dq8ca_coopmat_zpgtr_orin_bf_t128x128k64g24s32mk32ra_texture3d_texture2d_half,2048,8192,3072,19.3318,5.332
orin,3b,8da4w,cand,sarc_linear_dq8ca_coopmat_zpgtr_orin_bf_t128x128k64g24s32mk32ra_texture3d_texture2d_half,2048,8192,3072,19.3203,5.335
orin,3b,8da4w,cand,sarc_linear_dq8ca_coopmat_zpgtr_orin_bf_t128x128k64g24s32mk32ra_texture3d_texture2d_half,2048,3072,8192,18.948,5.44
orin,3b,8da4w,cand,sarc_linear_dq8ca_coopmat_zpgtr_orin_bf_t128x128k64g24s32mk32ra_texture3d_texture2d_half,2048,3072,3072,7.2529,5.33
orin,3b,8da4w,cand,sarc_linear_dq8ca_coopmat_zpgtr_orin_bf_t128x128k64g24s32mk32ra_texture3d_texture2d_half,2048,1024,3072,2.4509,5.257
orin,3b,8da4w,cand,sarc_linear_dq8ca_coopmat_zpgtr_orin_bf_t128x128k64g24s32mk32ra_texture3d_texture2d_half,2048,1024,3072,2.4253,5.313
orin,3b,8da4w,cand,sarc_linear_dq8ca_coopmat_zpgtr_orin_bf_t128x128k64g24s32mk32ra_texture3d_texture2d_half,2048,3072,3072,7.2481,5.333
orin,3b,8da4w,cand,sarc_linear_dq8ca_coopmat_zpgtr_orin_bf_t128x128k64g24s32mk32ra_texture3d_texture2d_half,2048,8192,3072,19.3279,5.333
orin,3b,8da4w,cand,sarc_linear_dq8ca_coopmat_zpgtr_orin_bf_t128x128k64g24s32mk32ra_texture3d_texture2d_half,2048,8192,3072,19.3253,5.334
orin,3b,8da4w,cand,sarc_linear_dq8ca_coopmat_zpgtr_orin_bf_t128x128k64g24s32mk32ra_texture3d_texture2d_half,2048,3072,8192,18.9756,5.432
orin,3b,8da4w,cand,sarc_linear_dq8ca_coopmat_zpgtr_orin_bf_t128x128k64g24s32mk32ra_texture3d_texture2d_half,2048,3072,3072,7.2575,5.326
orin,3b,8da4w,cand,sarc_linear_dq8ca_coopmat_zpgtr_orin_bf_t128x128k64g24s32mk32ra_texture3d_texture2d_half,2048,1024,3072,2.4493,5.261
orin,3b,8da4w,cand,sarc_linear_dq8ca_coopmat_zpgtr_orin_bf_t128x128k64g24s32mk32ra_texture3d_texture2d_half,2048,1024,3072,2.4239,5.316
orin,3b,8da4w,cand,sarc_linear_dq8ca_coopmat_zpgtr_orin_bf_t128x128k64g24s32mk32ra_texture3d_texture2d_half,2048,3072,3072,7.2562,5.327
orin,3b,8da4w,cand,sarc_linear_dq8ca_coopmat_zpgtr_orin_bf_t128x128k64g24s32mk32ra_texture3d_texture2d_half,2048,8192,3072,19.3219,5.335
orin,3b,8da4w,cand,sarc_linear_dq8ca_coopmat_zpgtr_orin_bf_t128x128k64g24s32mk32ra_texture3d_texture2d_half,2048,8192,3072,19.3111,5.338
orin,3b,8da4w,cand,sarc_linear_dq8ca_coopmat_zpgtr_orin_bf_t128x128k64g24s32mk32ra_texture3d_texture2d_half,2048,3072,8192,18.9619,5.436
orin,3b,8da4w,cand,sarc_linear_dq8ca_coopmat_zpgtr_orin_bf_t128x128k64g24s32mk32ra_texture3d_texture2d_half,2048,3072,3072,7.2494,5.332
orin,3b,8da4w,cand,sarc_linear_dq8ca_coopmat_zpgtr_orin_bf_t128x128k64g24s32mk32ra_texture3d_texture2d_half,2048,1024,3072,2.4445,5.271
orin,3b,8da4w,cand,sarc_linear_dq8ca_coopmat_zpgtr_orin_bf_t128x128k64g24s32mk32ra_texture3d_texture2d_half,2048,1024,3072,2.4229,5.318
orin,3b,8da4w,cand,sarc_linear_dq8ca_coopmat_zpgtr_orin_bf_t128x128k64g24s32mk32ra_texture3d_texture2d_half,2048,3072,3072,7.2615,5.323
orin,3b,8da4w,cand,sarc_linear_dq8ca_coopmat_zpgtr_orin_bf_t128x128k64g24s32mk32ra_texture3d_texture2d_half,2048,8192,3072,19.3419,5.329
orin,3b,8da4w,cand,sarc_linear_dq8ca_coopmat_zpgtr_orin_bf_t128x128k64g24s32mk32ra_texture3d_texture2d_half,2048,8192,3072,19.3097,5.338
orin,3b,8da4w,cand,sarc_linear_dq8ca_coopmat_zpgtr_orin_bf_t128x128k64g24s32mk32ra_texture3d_texture2d_half,2048,3072,8192,18.9572,5.437
orin,3b,8da4w,cand,sarc_linear_dq8ca_coopmat_zpgtr_orin_bf_t128x128k64g24s32mk32ra_texture3d_texture2d_half,2048,3072,3072,7.2574,5.326
orin,3b,8da4w,cand,sarc_linear_dq8ca_coopmat_zpgtr_orin_bf_t128x128k64g24s32mk32ra_texture3d_texture2d_half,2048,1024,3072,2.448,5.264
orin,3b,8da4w,cand,sarc_linear_dq8ca_coopmat_zpgtr_orin_bf_t128x128k64g24s32mk32ra_texture3d_texture2d_half,2048,1024,3072,2.4253,5.313
orin,3b,8da4w,cand,sarc_linear_dq8ca_coopmat_zpgtr_orin_bf_t128x128k64g24s32mk32ra_texture3d_texture2d_half,2048,3072,3072,7.2697,5.317
orin,3b,8da4w,cand,sarc_linear_dq8ca_coopmat_zpgtr_orin_bf_t128x128k64g24s32mk32ra_texture3d_texture2d_half,2048,8192,3072,19.3383,5.33
orin,3b,8da4w,cand,sarc_linear_dq8ca_coopmat_zpgtr_orin_bf_t128x128k64g24s32mk32ra_texture3d_texture2d_half,2048,8192,3072,19.3531,5.326
orin,3b,8da4w,cand,sarc_linear_dq8ca_coopmat_zpgtr_orin_bf_t128x128k64g24s32mk32ra_texture3d_texture2d_half,2048,3072,8192,18.9424,5.442
orin,3b,8da4w,cand,sarc_linear_dq8ca_coopmat_zpgtr_orin_bf_t128x128k64g24s32mk32ra_texture3d_texture2d_half,2048,3072,3072,7.2528,5.33
orin,3b,8da4w,cand,sarc_linear_dq8ca_coopmat_zpgtr_orin_bf_t128x128k64g24s32mk32ra_texture3d_texture2d_half,2048,1024,3072,2.4485,5.262
orin,3b,8da4w,cand,sarc_linear_dq8ca_coopmat_zpgtr_orin_bf_t128x128k64g24s32mk32ra_texture3d_texture2d_half,2048,1024,3072,2.4215,5.321
orin,3b,8da4w,cand,sarc_linear_dq8ca_coopmat_zpgtr_orin_bf_t128x128k64g24s32mk32ra_texture3d_texture2d_half,2048,3072,3072,7.2619,5.323
orin,3b,8da4w,cand,sarc_linear_dq8ca_coopmat_zpgtr_orin_bf_t128x128k64g24s32mk32ra_texture3d_texture2d_half,2048,8192,3072,19.3186,5.336
orin,3b,8da4w,cand,sarc_linear_dq8ca_coopmat_zpgtr_orin_bf_t128x128k64g24s32mk32ra_texture3d_texture2d_half,2048,8192,3072,19.3122,5.338
orin,3b,8da4w,cand,sarc_linear_dq8ca_coopmat_zpgtr_orin_bf_t128x128k64g24s32mk32ra_texture3d_texture2d_half,2048,3072,8192,18.9415,5.442
orin,3b,8da4w,cand,sarc_linear_dq8ca_coopmat_zpgtr_orin_bf_t128x128k64g24s32mk32ra_texture3d_texture2d_half,2048,3072,3072,7.2458,5.335
orin,3b,8da4w,cand,sarc_linear_dq8ca_coopmat_zpgtr_orin_bf_t128x128k64g24s32mk32ra_texture3d_texture2d_half,2048,1024,3072,2.4514,5.256
orin,3b,8da4w,cand,sarc_linear_dq8ca_coopmat_zpgtr_orin_bf_t128x128k64g24s32mk32ra_texture3d_texture2d_half,2048,1024,3072,2.4213,5.322
orin,3b,8da4w,cand,sarc_linear_dq8ca_coopmat_zpgtr_orin_bf_t128x128k64g24s32mk32ra_texture3d_texture2d_half,2048,3072,3072,7.2643,5.321
orin,3b,8da4w,cand,sarc_linear_dq8ca_coopmat_zpgtr_orin_bf_t128x128k64g24s32mk32ra_texture3d_texture2d_half,2048,8192,3072,19.3218,5.335
orin,3b,8da4w,cand,sarc_linear_dq8ca_coopmat_zpgtr_orin_bf_t128x128k64g24s32mk32ra_texture3d_texture2d_half,2048,8192,3072,19.3194,5.336
orin,3b,8da4w,cand,sarc_linear_dq8ca_coopmat_zpgtr_orin_bf_t128x128k64g24s32mk32ra_texture3d_texture2d_half,2048,3072,8192,18.9945,5.427
orin,3b,8da4w,cand,sarc_linear_dq8ca_coopmat_zpgtr_orin_bf_t128x128k64g24s32mk32ra_texture3d_texture2d_half,2048,3072,3072,7.2432,5.337
orin,3b,8da4w,cand,sarc_linear_dq8ca_coopmat_zpgtr_orin_bf_t128x128k64g24s32mk32ra_texture3d_texture2d_half,2048,1024,3072,2.4554,5.248
orin,3b,8da4w,cand,sarc_linear_dq8ca_coopmat_zpgtr_orin_bf_t128x128k64g24s32mk32ra_texture3d_texture2d_half,2048,1024,3072,2.422,5.32
orin,3b,8da4w,cand,sarc_linear_dq8ca_coopmat_zpgtr_orin_bf_t128x128k64g24s32mk32ra_texture3d_texture2d_half,2048,3072,3072,7.2587,5.325
orin,3b,8da4w,cand,sarc_linear_dq8ca_coopmat_zpgtr_orin_bf_t128x128k64g24s32mk32ra_texture3d_texture2d_half,2048,8192,3072,19.3331,5.332
orin,3b,8da4w,cand,sarc_linear_dq8ca_coopmat_zpgtr_orin_bf_t128x128k64g24s32mk32ra_texture3d_texture2d_half,2048,8192,3072,19.3172,5.336
orin,3b,8da4w,cand,sarc_linear_dq8ca_coopmat_zpgtr_orin_bf_t128x128k64g24s32mk32ra_texture3d_texture2d_half,2048,3072,8192,18.9769,5.432
orin,3b,8da4w,cand,sarc_linear_dq8ca_coopmat_zpgtr_orin_bf_t128x128k64g24s32mk32ra_texture3d_texture2d_half,2048,3072,3072,7.2543,5.329
orin,3b,8da4w,cand,sarc_linear_dq8ca_coopmat_zpgtr_orin_bf_t128x128k64g24s32mk32ra_texture3d_texture2d_half,2048,1024,3072,2.4518,5.255
orin,3b,8da4w,cand,sarc_linear_dq8ca_coopmat_zpgtr_orin_bf_t128x128k64g24s32mk32ra_texture3d_texture2d_half,2048,1024,3072,2.4181,5.328
orin,3b,8da4w,cand,sarc_linear_dq8ca_coopmat_zpgtr_orin_bf_t128x128k64g24s32mk32ra_texture3d_texture2d_half,2048,3072,3072,7.295,5.299
orin,3b,8da4w,cand,sarc_linear_dq8ca_coopmat_zpgtr_orin_bf_t128x128k64g24s32mk32ra_texture3d_texture2d_half,2048,8192,3072,19.4211,5.308
orin,3b,8da4w,cand,sarc_linear_dq8ca_coopmat_zpgtr_orin_bf_t128x128k64g24s32mk32ra_texture3d_texture2d_half,2048,8192,3072,19.4135,5.31
orin,3b,8da4w,cand,sarc_linear_dq8ca_coopmat_zpgtr_orin_bf_t128x128k64g24s32mk32ra_texture3d_texture2d_half,2048,3072,8192,19.0594,5.408
orin,3b,8da4w,cand,sarc_linear_dq8ca_coopmat_zpgtr_orin_bf_t128x128k64g24s32mk32ra_texture3d_texture2d_half,2048,3072,3072,7.2853,5.306
orin,3b,8da4w,cand,sarc_linear_dq8ca_coopmat_zpgtr_orin_bf_t128x128k64g24s32mk32ra_texture3d_texture2d_half,2048,1024,3072,2.461,5.236
orin,3b,8da4w,cand,sarc_linear_dq8ca_coopmat_zpgtr_orin_bf_t128x128k64g24s32mk32ra_texture3d_texture2d_half,2048,1024,3072,2.4367,5.288
orin,3b,8da4w,cand,sarc_linear_dq8ca_coopmat_zpgtr_orin_bf_t128x128k64g24s32mk32ra_texture3d_texture2d_half,2048,3072,3072,7.2554,5.328
orin,3b,8da4w,cand,sarc_linear_dq8ca_coopmat_zpgtr_orin_bf_t128x128k64g24s32mk32ra_texture3d_texture2d_half,2048,8192,3072,19.32,5.335
orin,3b,8da4w,cand,sarc_linear_dq8ca_coopmat_zpgtr_orin_bf_t128x128k64g24s32mk32ra_texture3d_texture2d_half,2048,8192,3072,19.3612,5.324
orin,3b,8da4w,cand,sarc_linear_dq8ca_coopmat_zpgtr_orin_bf_t128x128k64g24s32mk32ra_texture3d_texture2d_half,2048,3072,8192,19.0659,5.406
orin,3b,8da4w,cand,sarc_linear_dq8ca_coopmat_zpgtr_orin_bf_t128x128k64g24s32mk32ra_texture3d_texture2d_half,2048,3072,3072,7.2794,5.31
orin,3b,8da4w,cand,sarc_linear_dq8ca_coopmat_zpgtr_orin_bf_t128x128k64g24s32mk32ra_texture3d_texture2d_half,2048,1024,3072,2.4559,5.247
orin,3b,8da4w,cand,sarc_linear_dq8ca_coopmat_zpgtr_orin_bf_t128x128k64g24s32mk32ra_texture3d_texture2d_half,2048,1024,3072,2.4343,5.293
orin,3b,8da4w,cand,sarc_linear_dq8ca_coopmat_zpgtr_orin_bf_t128x128k64g24s32mk32ra_texture3d_texture2d_half,2048,3072,3072,7.3036,5.293
orin,3b,8da4w,cand,sarc_linear_dq8ca_coopmat_zpgtr_orin_bf_t128x128k64g24s32mk32ra_texture3d_texture2d_half,2048,8192,3072,19.3908,5.316
orin,3b,8da4w,cand,sarc_linear_dq8ca_coopmat_zpgtr_orin_bf_t128x128k64g24s32mk32ra_texture3d_texture2d_half,2048,8192,3072,19.4194,5.308
orin,3b,8da4w,cand,sarc_linear_dq8ca_coopmat_zpgtr_orin_bf_t128x128k64g24s32mk32ra_texture3d_texture2d_half,2048,3072,8192,19.0576,5.409
orin,3b,8da4w,cand,sarc_linear_dq8ca_coopmat_zpgtr_orin_bf_t128x128k64g24s32mk32ra_texture3d_texture2d_half,2048,3072,3072,7.2869,5.305
orin,3b,8da4w,cand,sarc_linear_dq8ca_coopmat_zpgtr_orin_bf_t128x128k64g24s32mk32ra_texture3d_texture2d_half,2048,1024,3072,2.4659,5.225
orin,3b,8da4w,cand,sarc_linear_dq8ca_coopmat_zpgtr_orin_bf_t128x128k64g24s32mk32ra_texture3d_texture2d_half,2048,1024,3072,2.4333,5.295
orin,3b,8da4w,cand,sarc_linear_dq8ca_coopmat_zpgtr_orin_bf_t128x128k64g24s32mk32ra_texture3d_texture2d_half,2048,3072,3072,7.2937,5.3
orin,3b,8da4w,cand,sarc_linear_dq8ca_coopmat_zpgtr_orin_bf_t128x128k64g24s32mk32ra_texture3d_texture2d_half,2048,8192,3072,19.4208,5.308
orin,3b,8da4w,cand,sarc_linear_dq8ca_coopmat_zpgtr_orin_bf_t128x128k64g24s32mk32ra_texture3d_texture2d_half,2048,8192,3072,19.4156,5.309
orin,3b,8da4w,cand,sarc_linear_dq8ca_coopmat_zpgtr_orin_bf_t128x128k64g24s32mk32ra_texture3d_texture2d_half,2048,3072,8192,19.0245,5.418
orin,3b,8da4w,cand,sarc_linear_dq8ca_coopmat_zpgtr_orin_bf_t128x128k64g24s32mk32ra_texture3d_texture2d_half,2048,3072,3072,7.2869,5.305
orin,3b,8da4w,cand,sarc_linear_dq8ca_coopmat_zpgtr_orin_bf_t128x128k64g24s32mk32ra_texture3d_texture2d_half,2048,1024,3072,2.4619,5.234
orin,3b,8da4w,cand,sarc_linear_dq8ca_coopmat_zpgtr_orin_bf_t128x128k64g24s32mk32ra_texture3d_texture2d_half,2048,1024,3072,2.4232,5.317
orin,3b,8da4w,cand,sarc_linear_dq8ca_coopmat_zpgtr_orin_bf_t128x128k64g24s32mk32ra_texture3d_texture2d_half,2048,3072,3072,7.2566,5.327
orin,3b,8da4w,cand,sarc_linear_dq8ca_coopmat_zpgtr_orin_bf_t128x128k64g24s32mk32ra_texture3d_texture2d_half,2048,8192,3072,19.3465,5.328
orin,3b,8da4w,cand,sarc_linear_dq8ca_coopmat_zpgtr_orin_bf_t128x128k64g24s32mk32ra_texture3d_texture2d_half,2048,8192,3072,19.4115,5.31
orin,3b,8da4w,cand,sarc_linear_dq8ca_coopmat_zpgtr_orin_bf_t128x128k64g24s32mk32ra_texture3d_texture2d_half,2048,3072,8192,19.0421,5.413
orin,3b,8da4w,cand,sarc_linear_dq8ca_coopmat_zpgtr_orin_bf_t128x128k64g24s32mk32ra_texture3d_texture2d_half,2048,3072,3072,7.285,5.306
orin,3b,8da4w,cand,sarc_linear_dq8ca_coopmat_zpgtr_orin_bf_t128x128k64g24s32mk32ra_texture3d_texture2d_half,2048,1024,3072,2.4603,5.237
orin,3b,8da4w,cand,sarc_linear_dq8ca_coopmat_zpgtr_orin_bf_t128x128k64g24s32mk32ra_texture3d_texture2d_half,2048,1024,3072,2.4335,5.295
orin,3b,8da4w,cand,sarc_linear_dq8ca_coopmat_zpgtr_orin_bf_t128x128k64g24s32mk32ra_texture3d_texture2d_half,2048,3072,3072,7.296,5.298
orin,3b,8da4w,cand,sarc_linear_dq8ca_coopmat_zpgtr_orin_bf_t128x128k64g24s32mk32ra_texture3d_texture2d_half,2048,8192,3072,19.4179,5.308
orin,3b,8da4w,cand,sarc_linear_dq8ca_coopmat_zpgtr_orin_bf_t128x128k64g24s32mk32ra_texture3d_texture2d_half,2048,8192,3072,19.4043,5.312
orin,3b,8da4w,cand,sarc_linear_dq8ca_coopmat_zpgtr_orin_bf_t128x128k64g24s32mk32ra_texture3d_texture2d_half,2048,3072,8192,18.9574,5.437
orin,3b,8da4w,cand,sarc_linear_dq8ca_coopmat_zpgtr_orin_bf_t128x128k64g24s32mk32ra_texture3d_texture2d_half,2048,3072,3072,7.2612,5.323
orin,3b,8da4w,cand,sarc_linear_dq8ca_coopmat_zpgtr_orin_bf_t128x128k64g24s32mk32ra_texture3d_texture2d_half,2048,1024,3072,2.4515,5.256
orin,3b,8da4w,cand,sarc_linear_dq8ca_coopmat_zpgtr_orin_bf_t128x128k64g24s32mk32ra_texture3d_texture2d_half,2048,1024,3072,2.4203,5.324
orin,3b,8da4w,cand,sarc_linear_dq8ca_coopmat_zpgtr_orin_bf_t128x128k64g24s32mk32ra_texture3d_texture2d_half,2048,3072,3072,7.2558,5.327
orin,3b,8da4w,cand,sarc_linear_dq8ca_coopmat_zpgtr_orin_bf_t128x128k64g24s32mk32ra_texture3d_texture2d_half,2048,8192,3072,19.3819,5.318
orin,3b,8da4w,cand,sarc_linear_dq8ca_coopmat_zpgtr_orin_bf_t128x128k64g24s32mk32ra_texture3d_texture2d_half,2048,8192,3072,19.4118,5.31
orin,3b,8da4w,cand,sarc_linear_dq8ca_coopmat_zpgtr_orin_bf_t128x128k64g24s32mk32ra_texture3d_texture2d_half,2048,3072,8192,19.0327,5.416
orin,3b,8da4w,cand,sarc_linear_dq8ca_coopmat_zpgtr_orin_bf_t128x128k64g24s32mk32ra_texture3d_texture2d_half,2048,3072,3072,7.3003,5.295
orin,3b,8da4w,cand,sarc_linear_dq8ca_coopmat_zpgtr_orin_bf_t128x128k64g24s32mk32ra_texture3d_texture2d_half,2048,1024,3072,2.4596,5.239
orin,3b,8da4w,cand,sarc_linear_dq8ca_coopmat_zpgtr_orin_bf_t128x128k64g24s32mk32ra_texture3d_texture2d_half,2048,1024,3072,2.4318,5.298
orin,3b,8da4w,cand,sarc_linear_dq8ca_coopmat_zpgtr_orin_bf_t128x128k64g24s32mk32ra_texture3d_texture2d_half,2048,3072,3072,7.2881,5.304
orin,3b,8da4w,cand,sarc_linear_dq8ca_coopmat_zpgtr_orin_bf_t128x128k64g24s32mk32ra_texture3d_texture2d_half,2048,8192,3072,19.4082,5.311
orin,3b,8da4w,cand,sarc_linear_dq8ca_coopmat_zpgtr_orin_bf_t128x128k64g24s32mk32ra_texture3d_texture2d_half,2048,8192,3072,19.4116,5.31
orin,3b,8da4w,cand,sarc_linear_dq8ca_coopmat_zpgtr_orin_bf_t128x128k64g24s32mk32ra_texture3d_texture2d_half,2048,3072,8192,19.0548,5.41
orin,3b,8da4w,cand,sarc_linear_dq8ca_coopmat_zpgtr_orin_bf_t128x128k64g24s32mk32ra_texture3d_texture2d_half,2048,3072,3072,7.2938,5.3
orin,3b,8da4w,cand,sarc_linear_dq8ca_coopmat_zpgtr_orin_bf_t128x128k64g24s32mk32ra_texture3d_texture2d_half,2048,1024,3072,2.4625,5.232
orin,3b,8da4w,cand,sarc_linear_dq8ca_coopmat_zpgtr_orin_bf_t128x128k64g24s32mk32ra_texture3d_texture2d_half,2048,1024,3072,2.4356,5.29
orin,3b,8da4w,cand,sarc_linear_dq8ca_coopmat_zpgtr_orin_bf_t128x128k64g24s32mk32ra_texture3d_texture2d_half,2048,3072,3072,7.2956,5.298
orin,3b,8da4w,cand,sarc_linear_dq8ca_coopmat_zpgtr_orin_bf_t128x128k64g24s32mk32ra_texture3d_texture2d_half,2048,8192,3072,19.4183,5.308
orin,3b,8da4w,cand,sarc_linear_dq8ca_coopmat_zpgtr_orin_bf_t128x128k64g24s32mk32ra_texture3d_texture2d_half,2048,8192,3072,19.4099,5.311
orin,3b,8da4w,cand,sarc_linear_dq8ca_coopmat_zpgtr_orin_bf_t128x128k64g24s32mk32ra_texture3d_texture2d_half,2048,3072,8192,19.0372,5.415
orin,3b,8da4w,cand,sarc_linear_dq8ca_coopmat_zpgtr_orin_bf_t128x128k64g24s32mk32ra_texture3d_texture2d_half,2048,3072,3072,7.2868,5.305
orin,3b,8da4w,cand,sarc_linear_dq8ca_coopmat_zpgtr_orin_bf_t128x128k64g24s32mk32ra_texture3d_texture2d_half,2048,1024,3072,2.4643,5.229
orin,3b,8da4w,cand,sarc_linear_dq8ca_coopmat_zpgtr_orin_bf_t128x128k64g24s32mk32ra_texture3d_texture2d_half,2048,1024,3072,2.4357,5.29
orin,3b,8da4w,cand,sarc_linear_dq8ca_coopmat_zpgtr_orin_bf_t128x128k64g24s32mk32ra_texture3d_texture2d_half,2048,3072,3072,7.3003,5.295
orin,3b,8da4w,cand,sarc_linear_dq8ca_coopmat_zpgtr_orin_bf_t128x128k64g24s32mk32ra_texture3d_texture2d_half,2048,8192,3072,19.4078,5.311
orin,3b,8da4w,cand,sarc_linear_dq8ca_coopmat_zpgtr_orin_bf_t128x128k64g24s32mk32ra_texture3d_texture2d_half,2048,8192,3072,19.4349,5.304
orin,3b,8da4w,cand,sarc_linear_dq8ca_coopmat_zpgtr_orin_bf_t128x128k64g24s32mk32ra_texture3d_texture2d_half,2048,3072,8192,19.0299,5.417
orin,3b,8da4w,cand,sarc_linear_dq8ca_coopmat_zpgtr_orin_bf_t128x128k64g24s32mk32ra_texture3d_texture2d_half,2048,3072,3072,7.2903,5.302
orin,3b,8da4w,cand,sarc_linear_dq8ca_coopmat_zpgtr_orin_bf_t128x128k64g24s32mk32ra_texture3d_texture2d_half,2048,1024,3072,2.4657,5.226
orin,3b,8da4w,cand,sarc_linear_dq8ca_coopmat_zpgtr_orin_bf_t128x128k64g24s32mk32ra_texture3d_texture2d_half,2048,1024,3072,2.4308,5.301
orin,3b,8da4w,cand,sarc_linear_dq8ca_coopmat_zpgtr_orin_bf_t128x128k64g24s32mk32ra_texture3d_texture2d_half,2048,3072,3072,7.2868,5.305
orin,3b,8da4w,cand,sarc_linear_dq8ca_coopmat_zpgtr_orin_bf_t128x128k64g24s32mk32ra_texture3d_texture2d_half,2048,8192,3072,19.3884,5.317
orin,3b,8da4w,cand,sarc_linear_dq8ca_coopmat_zpgtr_orin_bf_t128x128k64g24s32mk32ra_texture3d_texture2d_half,2048,8192,3072,19.3066,5.339
orin,3b,8da4w,cand,sarc_linear_dq8ca_coopmat_zpgtr_orin_bf_t128x128k64g24s32mk32ra_texture3d_texture2d_half,2048,3072,8192,18.9325,5.445
orin,3b,8da4w,parent,sarc_linear_dq8ca_coopmat_zpgtr_orin_bf_t128x128k64g24s32mk32ra_texture3d_texture2d_half,2048,3072,3072,7.4013,5.223
orin,3b,8da4w,parent,sarc_linear_dq8ca_coopmat_zpgtr_orin_bf_t128x128k64g24s32mk32ra_texture3d_texture2d_half,2048,1024,3072,2.4435,5.273
orin,3b,8da4w,parent,sarc_linear_dq8ca_coopmat_zpgtr_orin_bf_t128x128k64g24s32mk32ra_texture3d_texture2d_half,2048,1024,3072,2.4232,5.317
orin,3b,8da4w,parent,sarc_linear_dq8ca_coopmat_zpgtr_orin_bf_t128x128k64g24s32mk32ra_texture3d_texture2d_half,2048,3072,3072,7.2568,5.327
orin,3b,8da4w,parent,sarc_linear_dq8ca_coopmat_zpgtr_orin_bf_t128x128k64g24s32mk32ra_texture3d_texture2d_half,2048,8192,3072,19.5958,5.26
orin,3b,8da4w,parent,sarc_linear_dq8ca_coopmat_zpgtr_orin_bf_t128x128k64g24s32mk32ra_texture3d_texture2d_half,2048,8192,3072,19.4092,5.311
orin,3b,8da4w,parent,sarc_linear_dq8ca_coopmat_zpgtr_orin_bf_t128x128k64g24s32mk32ra_texture3d_texture2d_half,2048,3072,8192,19.0412,5.413
orin,3b,8da4w,parent,sarc_linear_dq8ca_coopmat_zpgtr_orin_bf_t128x128k64g24s32mk32ra_texture3d_texture2d_half,2048,3072,3072,7.2811,5.309
orin,3b,8da4w,parent,sarc_linear_dq8ca_coopmat_zpgtr_orin_bf_t128x128k64g24s32mk32ra_texture3d_texture2d_half,2048,1024,3072,2.4602,5.237
orin,3b,8da4w,parent,sarc_linear_dq8ca_coopmat_zpgtr_orin_bf_t128x128k64g24s32mk32ra_texture3d_texture2d_half,2048,1024,3072,2.4435,5.273
orin,3b,8da4w,parent,sarc_linear_dq8ca_coopmat_zpgtr_orin_bf_t128x128k64g24s32mk32ra_texture3d_texture2d_half,2048,3072,3072,7.2906,5.302
orin,3b,8da4w,parent,sarc_linear_dq8ca_coopmat_zpgtr_orin_bf_t128x128k64g24s32mk32ra_texture3d_texture2d_half,2048,8192,3072,19.4135,5.31
orin,3b,8da4w,parent,sarc_linear_dq8ca_coopmat_zpgtr_orin_bf_t128x128k64g24s32mk32ra_texture3d_texture2d_half,2048,8192,3072,19.378,5.319
orin,3b,8da4w,parent,sarc_linear_dq8ca_coopmat_zpgtr_orin_bf_t128x128k64g24s32mk32ra_texture3d_texture2d_half,2048,3072,8192,19.0165,5.421
orin,3b,8da4w,parent,sarc_linear_dq8ca_coopmat_zpgtr_orin_bf_t128x128k64g24s32mk32ra_texture3d_texture2d_half,2048,3072,3072,7.2892,5.303
orin,3b,8da4w,parent,sarc_linear_dq8ca_coopmat_zpgtr_orin_bf_t128x128k64g24s32mk32ra_texture3d_texture2d_half,2048,1024,3072,2.4533,5.252
orin,3b,8da4w,parent,sarc_linear_dq8ca_coopmat_zpgtr_orin_bf_t128x128k64g24s32mk32ra_texture3d_texture2d_half,2048,1024,3072,2.4326,5.297
orin,3b,8da4w,parent,sarc_linear_dq8ca_coopmat_zpgtr_orin_bf_t128x128k64g24s32mk32ra_texture3d_texture2d_half,2048,3072,3072,7.2866,5.305
orin,3b,8da4w,parent,sarc_linear_dq8ca_coopmat_zpgtr_orin_bf_t128x128k64g24s32mk32ra_texture3d_texture2d_half,2048,8192,3072,19.4195,5.308
orin,3b,8da4w,parent,sarc_linear_dq8ca_coopmat_zpgtr_orin_bf_t128x128k64g24s32mk32ra_texture3d_texture2d_half,2048,8192,3072,19.4236,5.307
orin,3b,8da4w,parent,sarc_linear_dq8ca_coopmat_zpgtr_orin_bf_t128x128k64g24s32mk32ra_texture3d_texture2d_half,2048,3072,8192,19.0542,5.41
orin,3b,8da4w,parent,sarc_linear_dq8ca_coopmat_zpgtr_orin_bf_t128x128k64g24s32mk32ra_texture3d_texture2d_half,2048,3072,3072,7.2835,5.307
orin,3b,8da4w,parent,sarc_linear_dq8ca_coopmat_zpgtr_orin_bf_t128x128k64g24s32mk32ra_texture3d_texture2d_half,2048,1024,3072,2.4559,5.247
orin,3b,8da4w,parent,sarc_linear_dq8ca_coopmat_zpgtr_orin_bf_t128x128k64g24s32mk32ra_texture3d_texture2d_half,2048,1024,3072,2.433,5.296
orin,3b,8da4w,parent,sarc_linear_dq8ca_coopmat_zpgtr_orin_bf_t128x128k64g24s32mk32ra_texture3d_texture2d_half,2048,3072,3072,7.2923,5.301
orin,3b,8da4w,parent,sarc_linear_dq8ca_coopmat_zpgtr_orin_bf_t128x128k64g24s32mk32ra_texture3d_texture2d_half,2048,8192,3072,19.4133,5.31
orin,3b,8da4w,parent,sarc_linear_dq8ca_coopmat_zpgtr_orin_bf_t128x128k64g24s32mk32ra_texture3d_texture2d_half,2048,8192,3072,19.4392,5.303
orin,3b,8da4w,parent,sarc_linear_dq8ca_coopmat_zpgtr_orin_bf_t128x128k64g24s32mk32ra_texture3d_texture2d_half,2048,3072,8192,19.0368,5.415
orin,3b,8da4w,parent,sarc_linear_dq8ca_coopmat_zpgtr_orin_bf_t128x128k64g24s32mk32ra_texture3d_texture2d_half,2048,3072,3072,7.3087,5.289
orin,3b,8da4w,parent,sarc_linear_dq8ca_coopmat_zpgtr_orin_bf_t128x128k64g24s32mk32ra_texture3d_texture2d_half,2048,1024,3072,2.4647,5.228
orin,3b,8da4w,parent,sarc_linear_dq8ca_coopmat_zpgtr_orin_bf_t128x128k64g24s32mk32ra_texture3d_texture2d_half,2048,1024,3072,2.4365,5.288
orin,3b,8da4w,parent,sarc_linear_dq8ca_coopmat_zpgtr_orin_bf_t128x128k64g24s32mk32ra_texture3d_texture2d_half,2048,3072,3072,7.2903,5.302
orin,3b,8da4w,parent,sarc_linear_dq8ca_coopmat_zpgtr_orin_bf_t128x128k64g24s32mk32ra_texture3d_texture2d_half,2048,8192,3072,19.4365,5.303
orin,3b,8da4w,parent,sarc_linear_dq8ca_coopmat_zpgtr_orin_bf_t128x128k64g24s32mk32ra_texture3d_texture2d_half,2048,8192,3072,19.337,5.331
orin,3b,8da4w,parent,sarc_linear_dq8ca_coopmat_zpgtr_orin_bf_t128x128k64g24s32mk32ra_texture3d_texture2d_half,2048,3072,8192,18.9779,5.432
orin,3b,8da4w,parent,sarc_linear_dq8ca_coopmat_zpgtr_orin_bf_t128x128k64g24s32mk32ra_texture3d_texture2d_half,2048,3072,3072,7.264,5.321
orin,3b,8da4w,parent,sarc_linear_dq8ca_coopmat_zpgtr_orin_bf_t128x128k64g24s32mk32ra_texture3d_texture2d_half,2048,1024,3072,2.4588,5.24
orin,3b,8da4w,parent,sarc_linear_dq8ca_coopmat_zpgtr_orin_bf_t128x128k64g24s32mk32ra_texture3d_texture2d_half,2048,1024,3072,2.4309,5.3
orin,3b,8da4w,parent,sarc_linear_dq8ca_coopmat_zpgtr_orin_bf_t128x128k64g24s32mk32ra_texture3d_texture2d_half,2048,3072,3072,7.2968,5.297
orin,3b,8da4w,parent,sarc_linear_dq8ca_coopmat_zpgtr_orin_bf_t128x128k64g24s32mk32ra_texture3d_texture2d_half,2048,8192,3072,19.3686,5.322
orin,3b,8da4w,parent,sarc_linear_dq8ca_coopmat_zpgtr_orin_bf_t128x128k64g24s32mk32ra_texture3d_texture2d_half,2048,8192,3072,19.3481,5.328
orin,3b,8da4w,parent,sarc_linear_dq8ca_coopmat_zpgtr_orin_bf_t128x128k64g24s32mk32ra_texture3d_texture2d_half,2048,3072,8192,18.9886,5.428
orin,3b,8da4w,parent,sarc_linear_dq8ca_coopmat_zpgtr_orin_bf_t128x128k64g24s32mk32ra_texture3d_texture2d_half,2048,3072,3072,7.2818,5.308
orin,3b,8da4w,parent,sarc_linear_dq8ca_coopmat_zpgtr_orin_bf_t128x128k64g24s32mk32ra_texture3d_texture2d_half,2048,1024,3072,2.4589,5.24
orin,3b,8da4w,parent,sarc_linear_dq8ca_coopmat_zpgtr_orin_bf_t128x128k64g24s32mk32ra_texture3d_texture2d_half,2048,1024,3072,2.4346,5.292
orin,3b,8da4w,parent,sarc_linear_dq8ca_coopmat_zpgtr_orin_bf_t128x128k64g24s32mk32ra_texture3d_texture2d_half,2048,3072,3072,7.2997,5.295
orin,3b,8da4w,parent,sarc_linear_dq8ca_coopmat_zpgtr_orin_bf_t128x128k64g24s32mk32ra_texture3d_texture2d_half,2048,8192,3072,19.4285,5.306
orin,3b,8da4w,parent,sarc_linear_dq8ca_coopmat_zpgtr_orin_bf_t128x128k64g24s32mk32ra_texture3d_texture2d_half,2048,8192,3072,19.4145,5.309
orin,3b,8da4w,parent,sarc_linear_dq8ca_coopmat_zpgtr_orin_bf_t128x128k64g24s32mk32ra_texture3d_texture2d_half,2048,3072,8192,19.0216,5.419
orin,3b,8da4w,parent,sarc_linear_dq8ca_coopmat_zpgtr_orin_bf_t128x128k64g24s32mk32ra_texture3d_texture2d_half,2048,3072,3072,7.3004,5.295
orin,3b,8da4w,parent,sarc_linear_dq8ca_coopmat_zpgtr_orin_bf_t128x128k64g24s32mk32ra_texture3d_texture2d_half,2048,1024,3072,2.4602,5.237
orin,3b,8da4w,parent,sarc_linear_dq8ca_coopmat_zpgtr_orin_bf_t128x128k64g24s32mk32ra_texture3d_texture2d_half,2048,1024,3072,2.4343,5.293
orin,3b,8da4w,parent,sarc_linear_dq8ca_coopmat_zpgtr_orin_bf_t128x128k64g24s32mk32ra_texture3d_texture2d_half,2048,3072,3072,7.2959,5.298
orin,3b,8da4w,parent,sarc_linear_dq8ca_coopmat_zpgtr_orin_bf_t128x128k64g24s32mk32ra_texture3d_texture2d_half,2048,8192,3072,19.4207,5.308
orin,3b,8da4w,parent,sarc_linear_dq8ca_coopmat_zpgtr_orin_bf_t128x128k64g24s32mk32ra_texture3d_texture2d_half,2048,8192,3072,19.4112,5.31
orin,3b,8da4w,parent,sarc_linear_dq8ca_coopmat_zpgtr_orin_bf_t128x128k64g24s32mk32ra_texture3d_texture2d_half,2048,3072,8192,19.0176,5.42
orin,3b,8da4w,parent,sarc_linear_dq8ca_coopmat_zpgtr_orin_bf_t128x128k64g24s32mk32ra_texture3d_texture2d_half,2048,3072,3072,7.2902,5.302
orin,3b,8da4w,parent,sarc_linear_dq8ca_coopmat_zpgtr_orin_bf_t128x128k64g24s32mk32ra_texture3d_texture2d_half,2048,1024,3072,2.462,5.234
orin,3b,8da4w,parent,sarc_linear_dq8ca_coopmat_zpgtr_orin_bf_t128x128k64g24s32mk32ra_texture3d_texture2d_half,2048,1024,3072,2.4397,5.281
orin,3b,8da4w,parent,sarc_linear_dq8ca_coopmat_zpgtr_orin_bf_t128x128k64g24s32mk32ra_texture3d_texture2d_half,2048,3072,3072,7.2981,5.297
orin,3b,8da4w,parent,sarc_linear_dq8ca_coopmat_zpgtr_orin_bf_t128x128k64g24s32mk32ra_texture3d_texture2d_half,2048,8192,3072,19.4257,5.306
orin,3b,8da4w,parent,sarc_linear_dq8ca_coopmat_zpgtr_orin_bf_t128x128k64g24s32mk32ra_texture3d_texture2d_half,2048,8192,3072,19.4352,5.304
orin,3b,8da4w,parent,sarc_linear_dq8ca_coopmat_zpgtr_orin_bf_t128x128k64g24s32mk32ra_texture3d_texture2d_half,2048,3072,8192,19.0555,5.409
orin,3b,8da4w,parent,sarc_linear_dq8ca_coopmat_zpgtr_orin_bf_t128x128k64g24s32mk32ra_texture3d_texture2d_half,2048,3072,3072,7.2871,5.305
orin,3b,8da4w,parent,sarc_linear_dq8ca_coopmat_zpgtr_orin_bf_t128x128k64g24s32mk32ra_texture3d_texture2d_half,2048,1024,3072,2.4613,5.235
orin,3b,8da4w,parent,sarc_linear_dq8ca_coopmat_zpgtr_orin_bf_t128x128k64g24s32mk32ra_texture3d_texture2d_half,2048,1024,3072,2.4405,5.28
orin,3b,8da4w,parent,sarc_linear_dq8ca_coopmat_zpgtr_orin_bf_t128x128k64g24s32mk32ra_texture3d_texture2d_half,2048,3072,3072,7.262,5.323
orin,3b,8da4w,parent,sarc_linear_dq8ca_coopmat_zpgtr_orin_bf_t128x128k64g24s32mk32ra_texture3d_texture2d_half,2048,8192,3072,19.3538,5.326
orin,3b,8da4w,parent,sarc_linear_dq8ca_coopmat_zpgtr_orin_bf_t128x128k64g24s32mk32ra_texture3d_texture2d_half,2048,8192,3072,19.419,5.308
orin,3b,8da4w,parent,sarc_linear_dq8ca_coopmat_zpgtr_orin_bf_t128x128k64g24s32mk32ra_texture3d_texture2d_half,2048,3072,8192,19.0577,5.409
orin,3b,8da4w,parent,sarc_linear_dq8ca_coopmat_zpgtr_orin_bf_t128x128k64g24s32mk32ra_texture3d_texture2d_half,2048,3072,3072,7.2897,5.303
orin,3b,8da4w,parent,sarc_linear_dq8ca_coopmat_zpgtr_orin_bf_t128x128k64g24s32mk32ra_texture3d_texture2d_half,2048,1024,3072,2.4642,5.229
orin,3b,8da4w,parent,sarc_linear_dq8ca_coopmat_zpgtr_orin_bf_t128x128k64g24s32mk32ra_texture3d_texture2d_half,2048,1024,3072,2.4362,5.289
orin,3b,8da4w,parent,sarc_linear_dq8ca_coopmat_zpgtr_orin_bf_t128x128k64g24s32mk32ra_texture3d_texture2d_half,2048,3072,3072,7.2916,5.301
orin,3b,8da4w,parent,sarc_linear_dq8ca_coopmat_zpgtr_orin_bf_t128x128k64g24s32mk32ra_texture3d_texture2d_half,2048,8192,3072,19.4164,5.309
orin,3b,8da4w,parent,sarc_linear_dq8ca_coopmat_zpgtr_orin_bf_t128x128k64g24s32mk32ra_texture3d_texture2d_half,2048,8192,3072,19.4096,5.311
orin,3b,8da4w,parent,sarc_linear_dq8ca_coopmat_zpgtr_orin_bf_t128x128k64g24s32mk32ra_texture3d_texture2d_half,2048,3072,8192,19.017,5.42
orin,3b,8da4w,parent,sarc_linear_dq8ca_coopmat_zpgtr_orin_bf_t128x128k64g24s32mk32ra_texture3d_texture2d_half,2048,3072,3072,7.2962,5.298
orin,3b,8da4w,parent,sarc_linear_dq8ca_coopmat_zpgtr_orin_bf_t128x128k64g24s32mk32ra_texture3d_texture2d_half,2048,1024,3072,2.4634,5.23
orin,3b,8da4w,parent,sarc_linear_dq8ca_coopmat_zpgtr_orin_bf_t128x128k64g24s32mk32ra_texture3d_texture2d_half,2048,1024,3072,2.4321,5.298
orin,3b,8da4w,parent,sarc_linear_dq8ca_coopmat_zpgtr_orin_bf_t128x128k64g24s32mk32ra_texture3d_texture2d_half,2048,3072,3072,7.2946,5.299
orin,3b,8da4w,parent,sarc_linear_dq8ca_coopmat_zpgtr_orin_bf_t128x128k64g24s32mk32ra_texture3d_texture2d_half,2048,8192,3072,19.4443,5.301
orin,3b,8da4w,parent,sarc_linear_dq8ca_coopmat_zpgtr_orin_bf_t128x128k64g24s32mk32ra_texture3d_texture2d_half,2048,8192,3072,19.3957,5.315
orin,3b,8da4w,parent,sarc_linear_dq8ca_coopmat_zpgtr_orin_bf_t128x128k64g24s32mk32ra_texture3d_texture2d_half,2048,3072,8192,19.0373,5.415
orin,3b,8da4w,parent,sarc_linear_dq8ca_coopmat_zpgtr_orin_bf_t128x128k64g24s32mk32ra_texture3d_texture2d_half,2048,3072,3072,7.2861,5.305
orin,3b,8da4w,parent,sarc_linear_dq8ca_coopmat_zpgtr_orin_bf_t128x128k64g24s32mk32ra_texture3d_texture2d_half,2048,1024,3072,2.4508,5.257
orin,3b,8da4w,parent,sarc_linear_dq8ca_coopmat_zpgtr_orin_bf_t128x128k64g24s32mk32ra_texture3d_texture2d_half,2048,1024,3072,2.4349,5.292
orin,3b,8da4w,parent,sarc_linear_dq8ca_coopmat_zpgtr_orin_bf_t128x128k64g24s32mk32ra_texture3d_texture2d_half,2048,3072,3072,7.2972,5.297
orin,3b,8da4w,parent,sarc_linear_dq8ca_coopmat_zpgtr_orin_bf_t128x128k64g24s32mk32ra_texture3d_texture2d_half,2048,8192,3072,19.4405,5.302
orin,3b,8da4w,parent,sarc_linear_dq8ca_coopmat_zpgtr_orin_bf_t128x128k64g24s32mk32ra_texture3d_texture2d_half,2048,8192,3072,19.4023,5.313
orin,3b,8da4w,parent,sarc_linear_dq8ca_coopmat_zpgtr_orin_bf_t128x128k64g24s32mk32ra_texture3d_texture2d_half,2048,3072,8192,19.0317,5.416
orin,3b,8da4w,parent,sarc_linear_dq8ca_coopmat_zpgtr_orin_bf_t128x128k64g24s32mk32ra_texture3d_texture2d_half,2048,3072,3072,7.2842,5.307
orin,3b,8da4w,parent,sarc_linear_dq8ca_coopmat_zpgtr_orin_bf_t128x128k64g24s32mk32ra_texture3d_texture2d_half,2048,1024,3072,2.4569,5.244
orin,3b,8da4w,parent,sarc_linear_dq8ca_coopmat_zpgtr_orin_bf_t128x128k64g24s32mk32ra_texture3d_texture2d_half,2048,1024,3072,2.4373,5.287
orin,3b,8da4w,parent,sarc_linear_dq8ca_coopmat_zpgtr_orin_bf_t128x128k64g24s32mk32ra_texture3d_texture2d_half,2048,3072,3072,7.2917,5.301
orin,3b,8da4w,parent,sarc_linear_dq8ca_coopmat_zpgtr_orin_bf_t128x128k64g24s32mk32ra_texture3d_texture2d_half,2048,8192,3072,19.4128,5.31
orin,3b,8da4w,parent,sarc_linear_dq8ca_coopmat_zpgtr_orin_bf_t128x128k64g24s32mk32ra_texture3d_texture2d_half,2048,8192,3072,19.3732,5.321
orin,3b,8da4w,parent,sarc_linear_dq8ca_coopmat_zpgtr_orin_bf_t128x128k64g24s32mk32ra_texture3d_texture2d_half,2048,3072,8192,18.9419,5.442
orin,3b,8da4w,parent,sarc_linear_dq8ca_coopmat_zpgtr_orin_bf_t128x128k64g24s32mk32ra_texture3d_texture2d_half,2048,3072,3072,7.2584,5.325
orin,3b,8da4w,parent,sarc_linear_dq8ca_coopmat_zpgtr_orin_bf_t128x128k64g24s32mk32ra_texture3d_texture2d_half,2048,1024,3072,2.4537,5.251
orin,3b,8da4w,parent,sarc_linear_dq8ca_coopmat_zpgtr_orin_bf_t128x128k64g24s32mk32ra_texture3d_texture2d_half,2048,1024,3072,2.4221,5.32
orin,3b,8da4w,parent,sarc_linear_dq8ca_coopmat_zpgtr_orin_bf_t128x128k64g24s32mk32ra_texture3d_texture2d_half,2048,3072,3072,7.2857,5.306
orin,3b,8da4w,parent,sarc_linear_dq8ca_coopmat_zpgtr_orin_bf_t128x128k64g24s32mk32ra_texture3d_texture2d_half,2048,8192,3072,19.4155,5.309
orin,3b,8da4w,parent,sarc_linear_dq8ca_coopmat_zpgtr_orin_bf_t128x128k64g24s32mk32ra_texture3d_texture2d_half,2048,8192,3072,19.4026,5.313
orin,3b,8da4w,parent,sarc_linear_dq8ca_coopmat_zpgtr_orin_bf_t128x128k64g24s32mk32ra_texture3d_texture2d_half,2048,3072,8192,19.0153,5.421
orin,3b,8da4w,parent,sarc_linear_dq8ca_coopmat_zpgtr_orin_bf_t128x128k64g24s32mk32ra_texture3d_texture2d_half,2048,3072,3072,7.2853,5.306
orin,3b,8da4w,parent,sarc_linear_dq8ca_coopmat_zpgtr_orin_bf_t128x128k64g24s32mk32ra_texture3d_texture2d_half,2048,1024,3072,2.4665,5.224
orin,3b,8da4w,parent,sarc_linear_dq8ca_coopmat_zpgtr_orin_bf_t128x128k64g24s32mk32ra_texture3d_texture2d_half,2048,1024,3072,2.4353,5.291
orin,3b,8da4w,parent,sarc_linear_dq8ca_coopmat_zpgtr_orin_bf_t128x128k64g24s32mk32ra_texture3d_texture2d_half,2048,3072,3072,7.2995,5.296
orin,3b,8da4w,parent,sarc_linear_dq8ca_coopmat_zpgtr_orin_bf_t128x128k64g24s32mk32ra_texture3d_texture2d_half,2048,8192,3072,19.3992,5.314
orin,3b,8da4w,parent,sarc_linear_dq8ca_coopmat_zpgtr_orin_bf_t128x128k64g24s32mk32ra_texture3d_texture2d_half,2048,8192,3072,19.3959,5.314
orin,3b,8da4w,parent,sarc_linear_dq8ca_coopmat_zpgtr_orin_bf_t128x128k64g24s32mk32ra_texture3d_texture2d_half,2048,3072,8192,19.0707,5.405
orin,3b,8da4w,parent,sarc_linear_dq8ca_coopmat_zpgtr_orin_bf_t128x128k64g24s32mk32ra_texture3d_texture2d_half,2048,3072,3072,7.2964,5.298
orin,3b,8da4w,parent,sarc_linear_dq8ca_coopmat_zpgtr_orin_bf_t128x128k64g24s32mk32ra_texture3d_texture2d_half,2048,1024,3072,2.4655,5.226
orin,3b,8da4w,parent,sarc_linear_dq8ca_coopmat_zpgtr_orin_bf_t128x128k64g24s32mk32ra_texture3d_texture2d_half,2048,1024,3072,2.4326,5.297
orin,3b,8da4w,parent,sarc_linear_dq8ca_coopmat_zpgtr_orin_bf_t128x128k64g24s32mk32ra_texture3d_texture2d_half,2048,3072,3072,7.2919,5.301
orin,3b,8da4w,parent,sarc_linear_dq8ca_coopmat_zpgtr_orin_bf_t128x128k64g24s32mk32ra_texture3d_texture2d_half,2048,8192,3072,19.3976,5.314
orin,3b,8da4w,parent,sarc_linear_dq8ca_coopmat_zpgtr_orin_bf_t128x128k64g24s32mk32ra_texture3d_texture2d_half,2048,8192,3072,19.3918,5.316
orin,3b,8da4w,parent,sarc_linear_dq8ca_coopmat_zpgtr_orin_bf_t128x128k64g24s32mk32ra_texture3d_texture2d_half,2048,3072,8192,19.055,5.41
orin,3b,8da4w,parent,sarc_linear_dq8ca_coopmat_zpgtr_orin_bf_t128x128k64g24s32mk32ra_texture3d_texture2d_half,2048,3072,3072,7.2882,5.304
orin,3b,8da4w,parent,sarc_linear_dq8ca_coopmat_zpgtr_orin_bf_t128x128k64g24s32mk32ra_texture3d_texture2d_half,2048,1024,3072,2.468,5.221
orin,3b,8da4w,parent,sarc_linear_dq8ca_coopmat_zpgtr_orin_bf_t128x128k64g24s32mk32ra_texture3d_texture2d_half,2048,1024,3072,2.429,5.305
orin,3b,8da4w,parent,sarc_linear_dq8ca_coopmat_zpgtr_orin_bf_t128x128k64g24s32mk32ra_texture3d_texture2d_half,2048,3072,3072,7.2919,5.301
orin,3b,8da4w,parent,sarc_linear_dq8ca_coopmat_zpgtr_orin_bf_t128x128k64g24s32mk32ra_texture3d_texture2d_half,2048,8192,3072,19.4149,5.309
orin,3b,8da4w,parent,sarc_linear_dq8ca_coopmat_zpgtr_orin_bf_t128x128k64g24s32mk32ra_texture3d_texture2d_half,2048,8192,3072,19.39,5.316
orin,3b,8da4w,parent,sarc_linear_dq8ca_coopmat_zpgtr_orin_bf_t128x128k64g24s32mk32ra_texture3d_texture2d_half,2048,3072,8192,19.065,5.407
orin,3b,8da4w,parent,sarc_linear_dq8ca_coopmat_zpgtr_orin_bf_t128x128k64g24s32mk32ra_texture3d_texture2d_half,2048,3072,3072,7.2801,5.31
orin,3b,8da4w,parent,sarc_linear_dq8ca_coopmat_zpgtr_orin_bf_t128x128k64g24s32mk32ra_texture3d_texture2d_half,2048,1024,3072,2.4623,5.233
orin,3b,8da4w,parent,sarc_linear_dq8ca_coopmat_zpgtr_orin_bf_t128x128k64g24s32mk32ra_texture3d_texture2d_half,2048,1024,3072,2.4322,5.298
orin,3b,8da4w,parent,sarc_linear_dq8ca_coopmat_zpgtr_orin_bf_t128x128k64g24s32mk32ra_texture3d_texture2d_half,2048,3072,3072,7.2935,5.3
orin,3b,8da4w,parent,sarc_linear_dq8ca_coopmat_zpgtr_orin_bf_t128x128k64g24s32mk32ra_texture3d_texture2d_half,2048,8192,3072,19.3471,5.328
orin,3b,8da4w,parent,sarc_linear_dq8ca_coopmat_zpgtr_orin_bf_t128x128k64g24s32mk32ra_texture3d_texture2d_half,2048,8192,3072,19.317,5.336
orin,3b,8da4w,parent,sarc_linear_dq8ca_coopmat_zpgtr_orin_bf_t128x128k64g24s32mk32ra_texture3d_texture2d_half,2048,3072,8192,19.0196,5.42
orin,3b,8da4w,parent,sarc_linear_dq8ca_coopmat_zpgtr_orin_bf_t128x128k64g24s32mk32ra_texture3d_texture2d_half,2048,3072,3072,7.2935,5.3
orin,3b,8da4w,parent,sarc_linear_dq8ca_coopmat_zpgtr_orin_bf_t128x128k64g24s32mk32ra_texture3d_texture2d_half,2048,1024,3072,2.4581,5.242
orin,3b,8da4w,parent,sarc_linear_dq8ca_coopmat_zpgtr_orin_bf_t128x128k64g24s32mk32ra_texture3d_texture2d_half,2048,1024,3072,2.4312,5.3
orin,3b,8da4w,parent,sarc_linear_dq8ca_coopmat_zpgtr_orin_bf_t128x128k64g24s32mk32ra_texture3d_texture2d_half,2048,3072,3072,7.2928,5.3
orin,3b,8da4w,parent,sarc_linear_dq8ca_coopmat_zpgtr_orin_bf_t128x128k64g24s32mk32ra_texture3d_texture2d_half,2048,8192,3072,19.3977,5.314
orin,3b,8da4w,parent,sarc_linear_dq8ca_coopmat_zpgtr_orin_bf_t128x128k64g24s32mk32ra_texture3d_texture2d_half,2048,8192,3072,19.4039,5.312
orin,3b,8da4w,parent,sarc_linear_dq8ca_coopmat_zpgtr_orin_bf_t128x128k64g24s32mk32ra_texture3d_texture2d_half,2048,3072,8192,19.0433,5.413
orin,3b,8da4w,parent,sarc_linear_dq8ca_coopmat_zpgtr_orin_bf_t128x128k64g24s32mk32ra_texture3d_texture2d_half,2048,3072,3072,7.2805,5.309
orin,3b,8da4w,parent,sarc_linear_dq8ca_coopmat_zpgtr_orin_bf_t128x128k64g24s32mk32ra_texture3d_texture2d_half,2048,1024,3072,2.4663,5.224
orin,3b,8da4w,parent,sarc_linear_dq8ca_coopmat_zpgtr_orin_bf_t128x128k64g24s32mk32ra_texture3d_texture2d_half,2048,1024,3072,2.433,5.296
orin,3b,8da4w,parent,sarc_linear_dq8ca_coopmat_zpgtr_orin_bf_t128x128k64g24s32mk32ra_texture3d_texture2d_half,2048,3072,3072,7.2983,5.296
orin,3b,8da4w,parent,sarc_linear_dq8ca_coopmat_zpgtr_orin_bf_t128x128k64g24s32mk32ra_texture3d_texture2d_half,2048,8192,3072,19.4234,5.307
orin,3b,8da4w,parent,sarc_linear_dq8ca_coopmat_zpgtr_orin_bf_t128x128k64g24s32mk32ra_texture3d_texture2d_half,2048,8192,3072,19.3922,5.316
orin,3b,8da4w,parent,sarc_linear_dq8ca_coopmat_zpgtr_orin_bf_t128x128k64g24s32mk32ra_texture3d_texture2d_half,2048,3072,8192,19.0526,5.41
orin,3b,8da4w,parent,sarc_linear_dq8ca_coopmat_zpgtr_orin_bf_t128x128k64g24s32mk32ra_texture3d_texture2d_half,2048,3072,3072,7.2843,5.307
orin,3b,8da4w,parent,sarc_linear_dq8ca_coopmat_zpgtr_orin_bf_t128x128k64g24s32mk32ra_texture3d_texture2d_half,2048,1024,3072,2.4628,5.232
orin,3b,8da4w,parent,sarc_linear_dq8ca_coopmat_zpgtr_orin_bf_t128x128k64g24s32mk32ra_texture3d_texture2d_half,2048,1024,3072,2.4307,5.301
orin,3b,8da4w,parent,sarc_linear_dq8ca_coopmat_zpgtr_orin_bf_t128x128k64g24s32mk32ra_texture3d_texture2d_half,2048,3072,3072,7.2874,5.304
orin,3b,8da4w,parent,sarc_linear_dq8ca_coopmat_zpgtr_orin_bf_t128x128k64g24s32mk32ra_texture3d_texture2d_half,2048,8192,3072,19.4044,5.312
orin,3b,8da4w,parent,sarc_linear_dq8ca_coopmat_zpgtr_orin_bf_t128x128k64g24s32mk32ra_texture3d_texture2d_half,2048,8192,3072,19.4129,5.31
orin,3b,8da4w,parent,sarc_linear_dq8ca_coopmat_zpgtr_orin_bf_t128x128k64g24s32mk32ra_texture3d_texture2d_half,2048,3072,8192,19.0302,5.417
orin,3b,8da4w,parent,sarc_linear_dq8ca_coopmat_zpgtr_orin_bf_t128x128k64g24s32mk32ra_texture3d_texture2d_half,2048,3072,3072,7.2785,5.311
orin,3b,8da4w,parent,sarc_linear_dq8ca_coopmat_zpgtr_orin_bf_t128x128k64g24s32mk32ra_texture3d_texture2d_half,2048,1024,3072,2.4487,5.262
orin,3b,8da4w,parent,sarc_linear_dq8ca_coopmat_zpgtr_orin_bf_t128x128k64g24s32mk32ra_texture3d_texture2d_half,2048,1024,3072,2.4229,5.318
orin,3b,8da4w,parent,sarc_linear_dq8ca_coopmat_zpgtr_orin_bf_t128x128k64g24s32mk32ra_texture3d_texture2d_half,2048,3072,3072,7.2981,5.297
orin,3b,8da4w,parent,sarc_linear_dq8ca_coopmat_zpgtr_orin_bf_t128x128k64g24s32mk32ra_texture3d_texture2d_half,2048,8192,3072,19.4329,5.304
orin,3b,8da4w,parent,sarc_linear_dq8ca_coopmat_zpgtr_orin_bf_t128x128k64g24s32mk32ra_texture3d_texture2d_half,2048,8192,3072,19.3934,5.315
orin,3b,8da4w,parent,sarc_linear_dq8ca_coopmat_zpgtr_orin_bf_t128x128k64g24s32mk32ra_texture3d_texture2d_half,2048,3072,8192,19.049,5.411
orin,3b,8da4w,parent,sarc_linear_dq8ca_coopmat_zpgtr_orin_bf_t128x128k64g24s32mk32ra_texture3d_texture2d_half,2048,3072,3072,7.2702,5.317
orin,3b,8da4w,parent,sarc_linear_dq8ca_coopmat_zpgtr_orin_bf_t128x128k64g24s32mk32ra_texture3d_texture2d_half,2048,1024,3072,2.4477,5.264
orin,3b,8da4w,parent,sarc_linear_dq8ca_coopmat_zpgtr_orin_bf_t128x128k64g24s32mk32ra_texture3d_texture2d_half,2048,1024,3072,2.4181,5.329
orin,3b,8da4w,parent,sarc_linear_dq8ca_coopmat_zpgtr_orin_bf_t128x128k64g24s32mk32ra_texture3d_texture2d_half,2048,3072,3072,7.2691,5.318
orin,3b,8da4w,parent,sarc_linear_dq8ca_coopmat_zpgtr_orin_bf_t128x128k64g24s32mk32ra_texture3d_texture2d_half,2048,8192,3072,19.3668,5.322
orin,3b,8da4w,parent,sarc_linear_dq8ca_coopmat_zpgtr_orin_bf_t128x128k64g24s32mk32ra_texture3d_texture2d_half,2048,8192,3072,19.3779,5.319
orin,3b,8da4w,parent,sarc_linear_dq8ca_coopmat_zpgtr_orin_bf_t128x128k64g24s32mk32ra_texture3d_texture2d_half,2048,3072,8192,19.0305,5.417
orin,3b,8da4w,parent,sarc_linear_dq8ca_coopmat_zpgtr_orin_bf_t128x128k64g24s32mk32ra_texture3d_texture2d_half,2048,3072,3072,7.2993,5.296
orin,3b,8da4w,parent,sarc_linear_dq8ca_coopmat_zpgtr_orin_bf_t128x128k64g24s32mk32ra_texture3d_texture2d_half,2048,1024,3072,2.4753,5.205
orin,3b,8da4w,parent,sarc_linear_dq8ca_coopmat_zpgtr_orin_bf_t128x128k64g24s32mk32ra_texture3d_texture2d_half,2048,1024,3072,2.4289,5.305
orin,3b,8da4w,parent,sarc_linear_dq8ca_coopmat_zpgtr_orin_bf_t128x128k64g24s32mk32ra_texture3d_texture2d_half,2048,3072,3072,7.2967,5.298
orin,3b,8da4w,parent,sarc_linear_dq8ca_coopmat_zpgtr_orin_bf_t128x128k64g24s32mk32ra_texture3d_texture2d_half,2048,8192,3072,19.5193,5.281
orin,3b,8da4w,parent,sarc_linear_dq8ca_coopmat_zpgtr_orin_bf_t128x128k64g24s32mk32ra_texture3d_texture2d_half,2048,8192,3072,19.4127,5.31
orin,3b,8da4w,parent,sarc_linear_dq8ca_coopmat_zpgtr_orin_bf_t128x128k64g24s32mk32ra_texture3d_texture2d_half,2048,3072,8192,19.0215,5.419
orin,3b,8da4w,parent,sarc_linear_dq8ca_coopmat_zpgtr_orin_bf_t128x128k64g24s32mk32ra_texture3d_texture2d_half,2048,3072,3072,7.2852,5.306
orin,3b,8da4w,parent,sarc_linear_dq8ca_coopmat_zpgtr_orin_bf_t128x128k64g24s32mk32ra_texture3d_texture2d_half,2048,1024,3072,2.4575,5.243
orin,3b,8da4w,parent,sarc_linear_dq8ca_coopmat_zpgtr_orin_bf_t128x128k64g24s32mk32ra_texture3d_texture2d_half,2048,1024,3072,2.434,5.294
orin,3b,8da4w,parent,sarc_linear_dq8ca_coopmat_zpgtr_orin_bf_t128x128k64g24s32mk32ra_texture3d_texture2d_half,2048,3072,3072,7.2944,5.299
orin,3b,8da4w,parent,sarc_linear_dq8ca_coopmat_zpgtr_orin_bf_t128x128k64g24s32mk32ra_texture3d_texture2d_half,2048,8192,3072,19.4236,5.307
orin,3b,8da4w,parent,sarc_linear_dq8ca_coopmat_zpgtr_orin_bf_t128x128k64g24s32mk32ra_texture3d_texture2d_half,2048,8192,3072,19.4361,5.304
orin,3b,8da4w,parent,sarc_linear_dq8ca_coopmat_zpgtr_orin_bf_t128x128k64g24s32mk32ra_texture3d_texture2d_half,2048,3072,8192,19.0674,5.406
orin,3b,8da4w,parent,sarc_linear_dq8ca_coopmat_zpgtr_orin_bf_t128x128k64g24s32mk32ra_texture3d_texture2d_half,2048,3072,3072,7.2866,5.305
orin,3b,8da4w,parent,sarc_linear_dq8ca_coopmat_zpgtr_orin_bf_t128x128k64g24s32mk32ra_texture3d_texture2d_half,2048,1024,3072,2.4644,5.228
orin,3b,8da4w,parent,sarc_linear_dq8ca_coopmat_zpgtr_orin_bf_t128x128k64g24s32mk32ra_texture3d_texture2d_half,2048,1024,3072,2.4393,5.282
orin,3b,8da4w,parent,sarc_linear_dq8ca_coopmat_zpgtr_orin_bf_t128x128k64g24s32mk32ra_texture3d_texture2d_half,2048,3072,3072,7.2926,5.301
orin,3b,8da4w,parent,sarc_linear_dq8ca_coopmat_zpgtr_orin_bf_t128x128k64g24s32mk32ra_texture3d_texture2d_half,2048,8192,3072,19.4217,5.307
orin,3b,8da4w,parent,sarc_linear_dq8ca_coopmat_zpgtr_orin_bf_t128x128k64g24s32mk32ra_texture3d_texture2d_half,2048,8192,3072,19.4233,5.307
orin,3b,8da4w,parent,sarc_linear_dq8ca_coopmat_zpgtr_orin_bf_t128x128k64g24s32mk32ra_texture3d_texture2d_half,2048,3072,8192,19.0493,5.411
orin,3b,8da4w,parent,sarc_linear_dq8ca_coopmat_zpgtr_orin_bf_t128x128k64g24s32mk32ra_texture3d_texture2d_half,2048,3072,3072,7.2873,5.304
orin,3b,8da4w,parent,sarc_linear_dq8ca_coopmat_zpgtr_orin_bf_t128x128k64g24s32mk32ra_texture3d_texture2d_half,2048,1024,3072,2.4612,5.235
orin,3b,8da4w,parent,sarc_linear_dq8ca_coopmat_zpgtr_orin_bf_t128x128k64g24s32mk32ra_texture3d_texture2d_half,2048,1024,3072,2.4316,5.299
orin,3b,8da4w,parent,sarc_linear_dq8ca_coopmat_zpgtr_orin_bf_t128x128k64g24s32mk32ra_texture3d_texture2d_half,2048,3072,3072,7.2868,5.305
orin,3b,8da4w,parent,sarc_linear_dq8ca_coopmat_zpgtr_orin_bf_t128x128k64g24s32mk32ra_texture3d_texture2d_half,2048,8192,3072,19.3903,5.316
orin,3b,8da4w,parent,sarc_linear_dq8ca_coopmat_zpgtr_orin_bf_t128x128k64g24s32mk32ra_texture3d_texture2d_half,2048,8192,3072,19.335,5.331
orin,3b,8da4w,parent,sarc_linear_dq8ca_coopmat_zpgtr_orin_bf_t128x128k64g24s32mk32ra_texture3d_texture2d_half,2048,3072,8192,18.9911,5.428
orin,8b,4w,cand,sarc_linear_q4gsw_coopmat_orin_t256x128k16g42s32bt_texture3d_texture2d_half,2048,4096,4096,11.0978,6.192
orin,8b,4w,cand,sarc_linear_q4gsw_coopmat_orin_t256x128k16g42s32bt_texture3d_texture2d_half,2048,1024,4096,2.8004,6.135
orin,8b,4w,cand,sarc_linear_q4gsw_coopmat_orin_t256x128k16g42s32bt_texture3d_texture2d_half,2048,1024,4096,2.8044,6.126
orin,8b,4w,cand,sarc_linear_q4gsw_coopmat_orin_t256x128k16g42s32bt_texture3d_texture2d_half,2048,4096,4096,11.0135,6.24
orin,8b,4w,cand,sarc_linear_q4gsw_coopmat_orin_t256x128k16g42s32bt_texture3d_texture2d_half,2048,14336,4096,38.4332,6.258
orin,8b,4w,cand,sarc_linear_q4gsw_coopmat_orin_t256x128k16g42s32bt_texture3d_texture2d_half,2048,14336,4096,38.2746,6.284
orin,8b,4w,cand,sarc_dev_linear_q4gsw_coopmat_bx_t128x128k32g42s32f32c_texture3d_texture2d_half,2048,4096,14336,41.2072,5.837
orin,8b,4w,cand,sarc_linear_q4gsw_coopmat_orin_t256x128k16g42s32bt_texture3d_texture2d_half,2048,4096,4096,11.029,6.231
orin,8b,4w,cand,sarc_linear_q4gsw_coopmat_orin_t256x128k16g42s32bt_texture3d_texture2d_half,2048,1024,4096,2.8011,6.133
orin,8b,4w,cand,sarc_linear_q4gsw_coopmat_orin_t256x128k16g42s32bt_texture3d_texture2d_half,2048,1024,4096,2.8001,6.135
orin,8b,4w,cand,sarc_linear_q4gsw_coopmat_orin_t256x128k16g42s32bt_texture3d_texture2d_half,2048,4096,4096,11.0134,6.24
orin,8b,4w,cand,sarc_linear_q4gsw_coopmat_orin_t256x128k16g42s32bt_texture3d_texture2d_half,2048,14336,4096,38.3779,6.267
orin,8b,4w,cand,sarc_linear_q4gsw_coopmat_orin_t256x128k16g42s32bt_texture3d_texture2d_half,2048,14336,4096,38.3661,6.269
orin,8b,4w,cand,sarc_dev_linear_q4gsw_coopmat_bx_t128x128k32g42s32f32c_texture3d_texture2d_half,2048,4096,14336,41.2318,5.833
orin,8b,4w,cand,sarc_linear_q4gsw_coopmat_orin_t256x128k16g42s32bt_texture3d_texture2d_half,2048,4096,4096,10.9877,6.254
orin,8b,4w,cand,sarc_linear_q4gsw_coopmat_orin_t256x128k16g42s32bt_texture3d_texture2d_half,2048,1024,4096,2.7839,6.171
orin,8b,4w,cand,sarc_linear_q4gsw_coopmat_orin_t256x128k16g42s32bt_texture3d_texture2d_half,2048,1024,4096,2.7761,6.188
orin,8b,4w,cand,sarc_linear_q4gsw_coopmat_orin_t256x128k16g42s32bt_texture3d_texture2d_half,2048,4096,4096,10.9607,6.27
orin,8b,4w,cand,sarc_linear_q4gsw_coopmat_orin_t256x128k16g42s32bt_texture3d_texture2d_half,2048,14336,4096,38.3822,6.266
orin,8b,4w,cand,sarc_linear_q4gsw_coopmat_orin_t256x128k16g42s32bt_texture3d_texture2d_half,2048,14336,4096,38.3789,6.267
orin,8b,4w,cand,sarc_dev_linear_q4gsw_coopmat_bx_t128x128k32g42s32f32c_texture3d_texture2d_half,2048,4096,14336,41.2273,5.834
orin,8b,4w,cand,sarc_linear_q4gsw_coopmat_orin_t256x128k16g42s32bt_texture3d_texture2d_half,2048,4096,4096,11.0141,6.239
orin,8b,4w,cand,sarc_linear_q4gsw_coopmat_orin_t256x128k16g42s32bt_texture3d_texture2d_half,2048,1024,4096,2.7957,6.145
orin,8b,4w,cand,sarc_linear_q4gsw_coopmat_orin_t256x128k16g42s32bt_texture3d_texture2d_half,2048,1024,4096,2.7939,6.149
orin,8b,4w,cand,sarc_linear_q4gsw_coopmat_orin_t256x128k16g42s32bt_texture3d_texture2d_half,2048,4096,4096,11.0171,6.238
orin,8b,4w,cand,sarc_linear_q4gsw_coopmat_orin_t256x128k16g42s32bt_texture3d_texture2d_half,2048,14336,4096,38.3756,6.267
orin,8b,4w,cand,sarc_linear_q4gsw_coopmat_orin_t256x128k16g42s32bt_texture3d_texture2d_half,2048,14336,4096,38.3744,6.268
orin,8b,4w,cand,sarc_dev_linear_q4gsw_coopmat_bx_t128x128k32g42s32f32c_texture3d_texture2d_half,2048,4096,14336,41.2437,5.832
orin,8b,4w,cand,sarc_linear_q4gsw_coopmat_orin_t256x128k16g42s32bt_texture3d_texture2d_half,2048,4096,4096,11.009,6.242
orin,8b,4w,cand,sarc_linear_q4gsw_coopmat_orin_t256x128k16g42s32bt_texture3d_texture2d_half,2048,1024,4096,2.8054,6.124
orin,8b,4w,cand,sarc_linear_q4gsw_coopmat_orin_t256x128k16g42s32bt_texture3d_texture2d_half,2048,1024,4096,2.8021,6.131
orin,8b,4w,cand,sarc_linear_q4gsw_coopmat_orin_t256x128k16g42s32bt_texture3d_texture2d_half,2048,4096,4096,11.006,6.244
orin,8b,4w,cand,sarc_linear_q4gsw_coopmat_orin_t256x128k16g42s32bt_texture3d_texture2d_half,2048,14336,4096,38.3698,6.268
orin,8b,4w,cand,sarc_linear_q4gsw_coopmat_orin_t256x128k16g42s32bt_texture3d_texture2d_half,2048,14336,4096,38.2948,6.281
orin,8b,4w,cand,sarc_dev_linear_q4gsw_coopmat_bx_t128x128k32g42s32f32c_texture3d_texture2d_half,2048,4096,14336,41.0406,5.86
orin,8b,4w,cand,sarc_linear_q4gsw_coopmat_orin_t256x128k16g42s32bt_texture3d_texture2d_half,2048,4096,4096,11.0286,6.231
orin,8b,4w,cand,sarc_linear_q4gsw_coopmat_orin_t256x128k16g42s32bt_texture3d_texture2d_half,2048,1024,4096,2.7948,6.147
orin,8b,4w,cand,sarc_linear_q4gsw_coopmat_orin_t256x128k16g42s32bt_texture3d_texture2d_half,2048,1024,4096,2.8004,6.135
orin,8b,4w,cand,sarc_linear_q4gsw_coopmat_orin_t256x128k16g42s32bt_texture3d_texture2d_half,2048,4096,4096,11.0051,6.244
orin,8b,4w,cand,sarc_linear_q4gsw_coopmat_orin_t256x128k16g42s32bt_texture3d_texture2d_half,2048,14336,4096,38.2846,6.282
orin,8b,4w,cand,sarc_linear_q4gsw_coopmat_orin_t256x128k16g42s32bt_texture3d_texture2d_half,2048,14336,4096,38.3481,6.272
orin,8b,4w,cand,sarc_dev_linear_q4gsw_coopmat_bx_t128x128k32g42s32f32c_texture3d_texture2d_half,2048,4096,14336,41.232,5.833
orin,8b,4w,cand,sarc_linear_q4gsw_coopmat_orin_t256x128k16g42s32bt_texture3d_texture2d_half,2048,4096,4096,11.0255,6.233
orin,8b,4w,cand,sarc_linear_q4gsw_coopmat_orin_t256x128k16g42s32bt_texture3d_texture2d_half,2048,1024,4096,2.799,6.138
orin,8b,4w,cand,sarc_linear_q4gsw_coopmat_orin_t256x128k16g42s32bt_texture3d_texture2d_half,2048,1024,4096,2.8001,6.136
orin,8b,4w,cand,sarc_linear_q4gsw_coopmat_orin_t256x128k16g42s32bt_texture3d_texture2d_half,2048,4096,4096,11.0326,6.229
orin,8b,4w,cand,sarc_linear_q4gsw_coopmat_orin_t256x128k16g42s32bt_texture3d_texture2d_half,2048,14336,4096,38.3551,6.271
orin,8b,4w,cand,sarc_linear_q4gsw_coopmat_orin_t256x128k16g42s32bt_texture3d_texture2d_half,2048,14336,4096,38.3327,6.274
orin,8b,4w,cand,sarc_dev_linear_q4gsw_coopmat_bx_t128x128k32g42s32f32c_texture3d_texture2d_half,2048,4096,14336,41.2319,5.833
orin,8b,4w,cand,sarc_linear_q4gsw_coopmat_orin_t256x128k16g42s32bt_texture3d_texture2d_half,2048,4096,4096,11.0304,6.23
orin,8b,4w,cand,sarc_linear_q4gsw_coopmat_orin_t256x128k16g42s32bt_texture3d_texture2d_half,2048,1024,4096,2.7987,6.138
orin,8b,4w,cand,sarc_linear_q4gsw_coopmat_orin_t256x128k16g42s32bt_texture3d_texture2d_half,2048,1024,4096,2.8031,6.129
orin,8b,4w,cand,sarc_linear_q4gsw_coopmat_orin_t256x128k16g42s32bt_texture3d_texture2d_half,2048,4096,4096,11.0028,6.246
orin,8b,4w,cand,sarc_linear_q4gsw_coopmat_orin_t256x128k16g42s32bt_texture3d_texture2d_half,2048,14336,4096,38.309,6.278
orin,8b,4w,cand,sarc_linear_q4gsw_coopmat_orin_t256x128k16g42s32bt_texture3d_texture2d_half,2048,14336,4096,38.2426,6.289
orin,8b,4w,cand,sarc_dev_linear_q4gsw_coopmat_bx_t128x128k32g42s32f32c_texture3d_texture2d_half,2048,4096,14336,41.2374,5.833
orin,8b,4w,cand,sarc_linear_q4gsw_coopmat_orin_t256x128k16g42s32bt_texture3d_texture2d_half,2048,4096,4096,11.0166,6.238
orin,8b,4w,cand,sarc_linear_q4gsw_coopmat_orin_t256x128k16g42s32bt_texture3d_texture2d_half,2048,1024,4096,2.8056,6.123
orin,8b,4w,cand,sarc_linear_q4gsw_coopmat_orin_t256x128k16g42s32bt_texture3d_texture2d_half,2048,1024,4096,2.7994,6.137
orin,8b,4w,cand,sarc_linear_q4gsw_coopmat_orin_t256x128k16g42s32bt_texture3d_texture2d_half,2048,4096,4096,11.0016,6.246
orin,8b,4w,cand,sarc_linear_q4gsw_coopmat_orin_t256x128k16g42s32bt_texture3d_texture2d_half,2048,14336,4096,38.377,6.267
orin,8b,4w,cand,sarc_linear_q4gsw_coopmat_orin_t256x128k16g42s32bt_texture3d_texture2d_half,2048,14336,4096,38.3261,6.276
orin,8b,4w,cand,sarc_dev_linear_q4gsw_coopmat_bx_t128x128k32g42s32f32c_texture3d_texture2d_half,2048,4096,14336,41.2239,5.834
orin,8b,4w,cand,sarc_linear_q4gsw_coopmat_orin_t256x128k16g42s32bt_texture3d_texture2d_half,2048,4096,4096,11.0194,6.236
orin,8b,4w,cand,sarc_linear_q4gsw_coopmat_orin_t256x128k16g42s32bt_texture3d_texture2d_half,2048,1024,4096,2.8014,6.133
orin,8b,4w,cand,sarc_linear_q4gsw_coopmat_orin_t256x128k16g42s32bt_texture3d_texture2d_half,2048,1024,4096,2.8123,6.109
orin,8b,4w,cand,sarc_linear_q4gsw_coopmat_orin_t256x128k16g42s32bt_texture3d_texture2d_half,2048,4096,4096,11.0135,6.24
orin,8b,4w,cand,sarc_linear_q4gsw_coopmat_orin_t256x128k16g42s32bt_texture3d_texture2d_half,2048,14336,4096,38.3581,6.27
orin,8b,4w,cand,sarc_linear_q4gsw_coopmat_orin_t256x128k16g42s32bt_texture3d_texture2d_half,2048,14336,4096,38.343,6.273
orin,8b,4w,cand,sarc_dev_linear_q4gsw_coopmat_bx_t128x128k32g42s32f32c_texture3d_texture2d_half,2048,4096,14336,41.2168,5.835
orin,8b,4w,cand,sarc_linear_q4gsw_coopmat_orin_t256x128k16g42s32bt_texture3d_texture2d_half,2048,4096,4096,11.0276,6.232
orin,8b,4w,cand,sarc_linear_q4gsw_coopmat_orin_t256x128k16g42s32bt_texture3d_texture2d_half,2048,1024,4096,2.7841,6.171
orin,8b,4w,cand,sarc_linear_q4gsw_coopmat_orin_t256x128k16g42s32bt_texture3d_texture2d_half,2048,1024,4096,2.7853,6.168
orin,8b,4w,cand,sarc_linear_q4gsw_coopmat_orin_t256x128k16g42s32bt_texture3d_texture2d_half,2048,4096,4096,10.9544,6.273
orin,8b,4w,cand,sarc_linear_q4gsw_coopmat_orin_t256x128k16g42s32bt_texture3d_texture2d_half,2048,14336,4096,38.3699,6.268
orin,8b,4w,cand,sarc_linear_q4gsw_coopmat_orin_t256x128k16g42s32bt_texture3d_texture2d_half,2048,14336,4096,38.3379,6.274
orin,8b,4w,cand,sarc_dev_linear_q4gsw_coopmat_bx_t128x128k32g42s32f32c_texture3d_texture2d_half,2048,4096,14336,41.2355,5.833
orin,8b,4w,cand,sarc_linear_q4gsw_coopmat_orin_t256x128k16g42s32bt_texture3d_texture2d_half,2048,4096,4096,11.0188,6.237
orin,8b,4w,cand,sarc_linear_q4gsw_coopmat_orin_t256x128k16g42s32bt_texture3d_texture2d_half,2048,1024,4096,2.8019,6.132
orin,8b,4w,cand,sarc_linear_q4gsw_coopmat_orin_t256x128k16g42s32bt_texture3d_texture2d_half,2048,1024,4096,2.8003,6.135
orin,8b,4w,cand,sarc_linear_q4gsw_coopmat_orin_t256x128k16g42s32bt_texture3d_texture2d_half,2048,4096,4096,11.009,6.242
orin,8b,4w,cand,sarc_linear_q4gsw_coopmat_orin_t256x128k16g42s32bt_texture3d_texture2d_half,2048,14336,4096,38.3939,6.264
orin,8b,4w,cand,sarc_linear_q4gsw_coopmat_orin_t256x128k16g42s32bt_texture3d_texture2d_half,2048,14336,4096,38.3533,6.271
orin,8b,4w,cand,sarc_dev_linear_q4gsw_coopmat_bx_t128x128k32g42s32f32c_texture3d_texture2d_half,2048,4096,14336,41.2227,5.835
orin,8b,4w,cand,sarc_linear_q4gsw_coopmat_orin_t256x128k16g42s32bt_texture3d_texture2d_half,2048,4096,4096,11.0137,6.239
orin,8b,4w,cand,sarc_linear_q4gsw_coopmat_orin_t256x128k16g42s32bt_texture3d_texture2d_half,2048,1024,4096,2.8049,6.125
orin,8b,4w,cand,sarc_linear_q4gsw_coopmat_orin_t256x128k16g42s32bt_texture3d_texture2d_half,2048,1024,4096,2.8038,6.127
orin,8b,4w,cand,sarc_linear_q4gsw_coopmat_orin_t256x128k16g42s32bt_texture3d_texture2d_half,2048,4096,4096,11.0132,6.24
orin,8b,4w,cand,sarc_linear_q4gsw_coopmat_orin_t256x128k16g42s32bt_texture3d_texture2d_half,2048,14336,4096,38.3636,6.269
orin,8b,4w,cand,sarc_linear_q4gsw_coopmat_orin_t256x128k16g42s32bt_texture3d_texture2d_half,2048,14336,4096,38.3439,6.273
orin,8b,4w,cand,sarc_dev_linear_q4gsw_coopmat_bx_t128x128k32g42s32f32c_texture3d_texture2d_half,2048,4096,14336,41.0089,5.865
orin,8b,4w,cand,sarc_linear_q4gsw_coopmat_orin_t256x128k16g42s32bt_texture3d_texture2d_half,2048,4096,4096,11.0011,6.247
orin,8b,4w,cand,sarc_linear_q4gsw_coopmat_orin_t256x128k16g42s32bt_texture3d_texture2d_half,2048,1024,4096,2.7954,6.146
orin,8b,4w,cand,sarc_linear_q4gsw_coopmat_orin_t256x128k16g42s32bt_texture3d_texture2d_half,2048,1024,4096,2.797,6.142
orin,8b,4w,cand,sarc_linear_q4gsw_coopmat_orin_t256x128k16g42s32bt_texture3d_texture2d_half,2048,4096,4096,11.0162,6.238
orin,8b,4w,cand,sarc_linear_q4gsw_coopmat_orin_t256x128k16g42s32bt_texture3d_texture2d_half,2048,14336,4096,38.3588,6.27
orin,8b,4w,cand,sarc_linear_q4gsw_coopmat_orin_t256x128k16g42s32bt_texture3d_texture2d_half,2048,14336,4096,38.3331,6.274
orin,8b,4w,cand,sarc_dev_linear_q4gsw_coopmat_bx_t128x128k32g42s32f32c_texture3d_texture2d_half,2048,4096,14336,41.2208,5.835
orin,8b,4w,cand,sarc_linear_q4gsw_coopmat_orin_t256x128k16g42s32bt_texture3d_texture2d_half,2048,4096,4096,11.0214,6.235
orin,8b,4w,cand,sarc_linear_q4gsw_coopmat_orin_t256x128k16g42s32bt_texture3d_texture2d_half,2048,1024,4096,2.7972,6.142
orin,8b,4w,cand,sarc_linear_q4gsw_coopmat_orin_t256x128k16g42s32bt_texture3d_texture2d_half,2048,1024,4096,2.8028,6.129
orin,8b,4w,cand,sarc_linear_q4gsw_coopmat_orin_t256x128k16g42s32bt_texture3d_texture2d_half,2048,4096,4096,11.0007,6.247
orin,8b,4w,cand,sarc_linear_q4gsw_coopmat_orin_t256x128k16g42s32bt_texture3d_texture2d_half,2048,14336,4096,38.3911,6.265
orin,8b,4w,cand,sarc_linear_q4gsw_coopmat_orin_t256x128k16g42s32bt_texture3d_texture2d_half,2048,14336,4096,38.3412,6.273
orin,8b,4w,cand,sarc_dev_linear_q4gsw_coopmat_bx_t128x128k32g42s32f32c_texture3d_texture2d_half,2048,4096,14336,41.1788,5.841
orin,8b,4w,cand,sarc_linear_q4gsw_coopmat_orin_t256x128k16g42s32bt_texture3d_texture2d_half,2048,4096,4096,10.995,6.25
orin,8b,4w,cand,sarc_linear_q4gsw_coopmat_orin_t256x128k16g42s32bt_texture3d_texture2d_half,2048,1024,4096,2.7853,6.168
orin,8b,4w,cand,sarc_linear_q4gsw_coopmat_orin_t256x128k16g42s32bt_texture3d_texture2d_half,2048,1024,4096,2.7798,6.18
orin,8b,4w,cand,sarc_linear_q4gsw_coopmat_orin_t256x128k16g42s32bt_texture3d_texture2d_half,2048,4096,4096,11.0178,6.237
orin,8b,4w,cand,sarc_linear_q4gsw_coopmat_orin_t256x128k16g42s32bt_texture3d_texture2d_half,2048,14336,4096,38.3769,6.267
orin,8b,4w,cand,sarc_linear_q4gsw_coopmat_orin_t256x128k16g42s32bt_texture3d_texture2d_half,2048,14336,4096,38.1439,6.306
orin,8b,4w,cand,sarc_dev_linear_q4gsw_coopmat_bx_t128x128k32g42s32f32c_texture3d_texture2d_half,2048,4096,14336,41.2469,5.831
orin,8b,4w,cand,sarc_linear_q4gsw_coopmat_orin_t256x128k16g42s32bt_texture3d_texture2d_half,2048,4096,4096,11.0404,6.224
orin,8b,4w,cand,sarc_linear_q4gsw_coopmat_orin_t256x128k16g42s32bt_texture3d_texture2d_half,2048,1024,4096,2.8036,6.128
orin,8b,4w,cand,sarc_linear_q4gsw_coopmat_orin_t256x128k16g42s32bt_texture3d_texture2d_half,2048,1024,4096,2.7965,6.143
orin,8b,4w,cand,sarc_linear_q4gsw_coopmat_orin_t256x128k16g42s32bt_texture3d_texture2d_half,2048,4096,4096,11.0045,6.245
orin,8b,4w,cand,sarc_linear_q4gsw_coopmat_orin_t256x128k16g42s32bt_texture3d_texture2d_half,2048,14336,4096,38.3914,6.265
orin,8b,4w,cand,sarc_linear_q4gsw_coopmat_orin_t256x128k16g42s32bt_texture3d_texture2d_half,2048,14336,4096,38.3434,6.273
orin,8b,4w,cand,sarc_dev_linear_q4gsw_coopmat_bx_t128x128k32g42s32f32c_texture3d_texture2d_half,2048,4096,14336,41.227,5.834
orin,8b,4w,cand,sarc_linear_q4gsw_coopmat_orin_t256x128k16g42s32bt_texture3d_texture2d_half,2048,4096,4096,11.025,6.233
orin,8b,4w,cand,sarc_linear_q4gsw_coopmat_orin_t256x128k16g42s32bt_texture3d_texture2d_half,2048,1024,4096,2.7902,6.157
orin,8b,4w,cand,sarc_linear_q4gsw_coopmat_orin_t256x128k16g42s32bt_texture3d_texture2d_half,2048,1024,4096,2.8016,6.132
orin,8b,4w,cand,sarc_linear_q4gsw_coopmat_orin_t256x128k16g42s32bt_texture3d_texture2d_half,2048,4096,4096,11.0179,6.237
orin,8b,4w,cand,sarc_linear_q4gsw_coopmat_orin_t256x128k16g42s32bt_texture3d_texture2d_half,2048,14336,4096,38.3926,6.265
orin,8b,4w,cand,sarc_linear_q4gsw_coopmat_orin_t256x128k16g42s32bt_texture3d_texture2d_half,2048,14336,4096,38.3507,6.272
orin,8b,4w,cand,sarc_dev_linear_q4gsw_coopmat_bx_t128x128k32g42s32f32c_texture3d_texture2d_half,2048,4096,14336,41.226,5.834
orin,8b,4w,cand,sarc_linear_q4gsw_coopmat_orin_t256x128k16g42s32bt_texture3d_texture2d_half,2048,4096,4096,11.0161,6.238
orin,8b,4w,cand,sarc_linear_q4gsw_coopmat_orin_t256x128k16g42s32bt_texture3d_texture2d_half,2048,1024,4096,2.8006,6.134
orin,8b,4w,cand,sarc_linear_q4gsw_coopmat_orin_t256x128k16g42s32bt_texture3d_texture2d_half,2048,1024,4096,2.8016,6.132
orin,8b,4w,cand,sarc_linear_q4gsw_coopmat_orin_t256x128k16g42s32bt_texture3d_texture2d_half,2048,4096,4096,10.9545,6.273
orin,8b,4w,cand,sarc_linear_q4gsw_coopmat_orin_t256x128k16g42s32bt_texture3d_texture2d_half,2048,14336,4096,38.2316,6.291
orin,8b,4w,cand,sarc_linear_q4gsw_coopmat_orin_t256x128k16g42s32bt_texture3d_texture2d_half,2048,14336,4096,38.3324,6.275
orin,8b,4w,cand,sarc_dev_linear_q4gsw_coopmat_bx_t128x128k32g42s32f32c_texture3d_texture2d_half,2048,4096,14336,41.2277,5.834
orin,8b,4w,cand,sarc_linear_q4gsw_coopmat_orin_t256x128k16g42s32bt_texture3d_texture2d_half,2048,4096,4096,11.0185,6.237
orin,8b,4w,cand,sarc_linear_q4gsw_coopmat_orin_t256x128k16g42s32bt_texture3d_texture2d_half,2048,1024,4096,2.7987,6.139
orin,8b,4w,cand,sarc_linear_q4gsw_coopmat_orin_t256x128k16g42s32bt_texture3d_texture2d_half,2048,1024,4096,2.8062,6.122
orin,8b,4w,cand,sarc_linear_q4gsw_coopmat_orin_t256x128k16g42s32bt_texture3d_texture2d_half,2048,4096,4096,11.015,6.239
orin,8b,4w,cand,sarc_linear_q4gsw_coopmat_orin_t256x128k16g42s32bt_texture3d_texture2d_half,2048,14336,4096,38.3505,6.272
orin,8b,4w,cand,sarc_linear_q4gsw_coopmat_orin_t256x128k16g42s32bt_texture3d_texture2d_half,2048,14336,4096,38.3191,6.277
orin,8b,4w,cand,sarc_dev_linear_q4gsw_coopmat_bx_t128x128k32g42s32f32c_texture3d_texture2d_half,2048,4096,14336,41.1507,5.845
orin,8b,4w,cand,sarc_linear_q4gsw_coopmat_orin_t256x128k16g42s32bt_texture3d_texture2d_half,2048,4096,4096,11.0124,6.24
orin,8b,4w,cand,sarc_linear_q4gsw_coopmat_orin_t256x128k16g42s32bt_texture3d_texture2d_half,2048,1024,4096,2.7993,6.137
orin,8b,4w,cand,sarc_linear_q4gsw_coopmat_orin_t256x128k16g42s32bt_texture3d_texture2d_half,2048,1024,4096,2.8008,6.134
orin,8b,4w,cand,sarc_linear_q4gsw_coopmat_orin_t256x128k16g42s32bt_texture3d_texture2d_half,2048,4096,4096,11.0168,6.238
orin,8b,4w,cand,sarc_linear_q4gsw_coopmat_orin_t256x128k16g42s32bt_texture3d_texture2d_half,2048,14336,4096,38.3957,6.264
orin,8b,4w,cand,sarc_linear_q4gsw_coopmat_orin_t256x128k16g42s32bt_texture3d_texture2d_half,2048,14336,4096,38.3528,6.271
orin,8b,4w,cand,sarc_dev_linear_q4gsw_coopmat_bx_t128x128k32g42s32f32c_texture3d_texture2d_half,2048,4096,14336,41.0386,5.861
orin,8b,4w,cand,sarc_linear_q4gsw_coopmat_orin_t256x128k16g42s32bt_texture3d_texture2d_half,2048,4096,4096,10.9676,6.266
orin,8b,4w,cand,sarc_linear_q4gsw_coopmat_orin_t256x128k16g42s32bt_texture3d_texture2d_half,2048,1024,4096,2.7926,6.152
orin,8b,4w,cand,sarc_linear_q4gsw_coopmat_orin_t256x128k16g42s32bt_texture3d_texture2d_half,2048,1024,4096,2.7929,6.151
orin,8b,4w,cand,sarc_linear_q4gsw_coopmat_orin_t256x128k16g42s32bt_texture3d_texture2d_half,2048,4096,4096,11.0116,6.241
orin,8b,4w,cand,sarc_linear_q4gsw_coopmat_orin_t256x128k16g42s32bt_texture3d_texture2d_half,2048,14336,4096,38.3619,6.27
orin,8b,4w,cand,sarc_linear_q4gsw_coopmat_orin_t256x128k16g42s32bt_texture3d_texture2d_half,2048,14336,4096,38.3383,6.274
orin,8b,4w,cand,sarc_dev_linear_q4gsw_coopmat_bx_t128x128k32g42s32f32c_texture3d_texture2d_half,2048,4096,14336,41.2341,5.833
orin,8b,4w,cand,sarc_linear_q4gsw_coopmat_orin_t256x128k16g42s32bt_texture3d_texture2d_half,2048,4096,4096,11.0308,6.23
orin,8b,4w,cand,sarc_linear_q4gsw_coopmat_orin_t256x128k16g42s32bt_texture3d_texture2d_half,2048,1024,4096,2.7972,6.142
orin,8b,4w,cand,sarc_linear_q4gsw_coopmat_orin_t256x128k16g42s32bt_texture3d_texture2d_half,2048,1024,4096,2.8097,6.115
orin,8b,4w,cand,sarc_linear_q4gsw_coopmat_orin_t256x128k16g42s32bt_texture3d_texture2d_half,2048,4096,4096,11.0076,6.243
orin,8b,4w,cand,sarc_linear_q4gsw_coopmat_orin_t256x128k16g42s32bt_texture3d_texture2d_half,2048,14336,4096,38.3718,6.268
orin,8b,4w,cand,sarc_linear_q4gsw_coopmat_orin_t256x128k16g42s32bt_texture3d_texture2d_half,2048,14336,4096,38.355,6.271
orin,8b,4w,cand,sarc_dev_linear_q4gsw_coopmat_bx_t128x128k32g42s32f32c_texture3d_texture2d_half,2048,4096,14336,41.2216,5.835
orin,8b,4w,cand,sarc_linear_q4gsw_coopmat_orin_t256x128k16g42s32bt_texture3d_texture2d_half,2048,4096,4096,11.0164,6.238
orin,8b,4w,cand,sarc_linear_q4gsw_coopmat_orin_t256x128k16g42s32bt_texture3d_texture2d_half,2048,1024,4096,2.7998,6.136
orin,8b,4w,cand,sarc_linear_q4gsw_coopmat_orin_t256x128k16g42s32bt_texture3d_texture2d_half,2048,1024,4096,2.8031,6.129
orin,8b,4w,cand,sarc_linear_q4gsw_coopmat_orin_t256x128k16g42s32bt_texture3d_texture2d_half,2048,4096,4096,11.0092,6.242
orin,8b,4w,cand,sarc_linear_q4gsw_coopmat_orin_t256x128k16g42s32bt_texture3d_texture2d_half,2048,14336,4096,38.3784,6.267
orin,8b,4w,cand,sarc_linear_q4gsw_coopmat_orin_t256x128k16g42s32bt_texture3d_texture2d_half,2048,14336,4096,38.1428,6.306
orin,8b,4w,cand,sarc_dev_linear_q4gsw_coopmat_bx_t128x128k32g42s32f32c_texture3d_texture2d_half,2048,4096,14336,41.2267,5.834
orin,8b,4w,cand,sarc_linear_q4gsw_coopmat_orin_t256x128k16g42s32bt_texture3d_texture2d_half,2048,4096,4096,11.0257,6.233
orin,8b,4w,cand,sarc_linear_q4gsw_coopmat_orin_t256x128k16g42s32bt_texture3d_texture2d_half,2048,1024,4096,2.8028,6.13
orin,8b,4w,cand,sarc_linear_q4gsw_coopmat_orin_t256x128k16g42s32bt_texture3d_texture2d_half,2048,1024,4096,2.8058,6.123
orin,8b,4w,cand,sarc_linear_q4gsw_coopmat_orin_t256x128k16g42s32bt_texture3d_texture2d_half,2048,4096,4096,11.0178,6.237
orin,8b,4w,cand,sarc_linear_q4gsw_coopmat_orin_t256x128k16g42s32bt_texture3d_texture2d_half,2048,14336,4096,38.381,6.267
orin,8b,4w,cand,sarc_linear_q4gsw_coopmat_orin_t256x128k16g42s32bt_texture3d_texture2d_half,2048,14336,4096,38.2343,6.291
orin,8b,4w,cand,sarc_dev_linear_q4gsw_coopmat_bx_t128x128k32g42s32f32c_texture3d_texture2d_half,2048,4096,14336,41.2389,5.832
orin,8b,4w,cand,sarc_linear_q4gsw_coopmat_orin_t256x128k16g42s32bt_texture3d_texture2d_half,2048,4096,4096,11.024,6.234
orin,8b,4w,cand,sarc_linear_q4gsw_coopmat_orin_t256x128k16g42s32bt_texture3d_texture2d_half,2048,1024,4096,2.7963,6.144
orin,8b,4w,cand,sarc_linear_q4gsw_coopmat_orin_t256x128k16g42s32bt_texture3d_texture2d_half,2048,1024,4096,2.8109,6.112
orin,8b,4w,cand,sarc_linear_q4gsw_coopmat_orin_t256x128k16g42s32bt_texture3d_texture2d_half,2048,4096,4096,11.0161,6.238
orin,8b,4w,cand,sarc_linear_q4gsw_coopmat_orin_t256x128k16g42s32bt_texture3d_texture2d_half,2048,14336,4096,38.3982,6.264
orin,8b,4w,cand,sarc_linear_q4gsw_coopmat_orin_t256x128k16g42s32bt_texture3d_texture2d_half,2048,14336,4096,38.346,6.272
orin,8b,4w,cand,sarc_dev_linear_q4gsw_coopmat_bx_t128x128k32g42s32f32c_texture3d_texture2d_half,2048,4096,14336,41.2456,5.831
orin,8b,4w,cand,sarc_linear_q4gsw_coopmat_orin_t256x128k16g42s32bt_texture3d_texture2d_half,2048,4096,4096,11.0289,6.231
orin,8b,4w,cand,sarc_linear_q4gsw_coopmat_orin_t256x128k16g42s32bt_texture3d_texture2d_half,2048,1024,4096,2.7988,6.138
orin,8b,4w,cand,sarc_linear_q4gsw_coopmat_orin_t256x128k16g42s32bt_texture3d_texture2d_half,2048,1024,4096,2.7965,6.143
orin,8b,4w,cand,sarc_linear_q4gsw_coopmat_orin_t256x128k16g42s32bt_texture3d_texture2d_half,2048,4096,4096,10.9485,6.277
orin,8b,4w,cand,sarc_linear_q4gsw_coopmat_orin_t256x128k16g42s32bt_texture3d_texture2d_half,2048,14336,4096,38.2008,6.296
orin,8b,4w,cand,sarc_linear_q4gsw_coopmat_orin_t256x128k16g42s32bt_texture3d_texture2d_half,2048,14336,4096,38.3486,6.272
orin,8b,4w,cand,sarc_dev_linear_q4gsw_coopmat_bx_t128x128k32g42s32f32c_texture3d_texture2d_half,2048,4096,14336,41.2259,5.834
orin,8b,4w,cand,sarc_linear_q4gsw_coopmat_orin_t256x128k16g42s32bt_texture3d_texture2d_half,2048,4096,4096,11.0208,6.235
orin,8b,4w,cand,sarc_linear_q4gsw_coopmat_orin_t256x128k16g42s32bt_texture3d_texture2d_half,2048,1024,4096,2.7966,6.143
orin,8b,4w,cand,sarc_linear_q4gsw_coopmat_orin_t256x128k16g42s32bt_texture3d_texture2d_half,2048,1024,4096,2.8048,6.125
orin,8b,4w,cand,sarc_linear_q4gsw_coopmat_orin_t256x128k16g42s32bt_texture3d_texture2d_half,2048,4096,4096,11.0156,6.238
orin,8b,4w,cand,sarc_linear_q4gsw_coopmat_orin_t256x128k16g42s32bt_texture3d_texture2d_half,2048,14336,4096,38.378,6.267
orin,8b,4w,cand,sarc_linear_q4gsw_coopmat_orin_t256x128k16g42s32bt_texture3d_texture2d_half,2048,14336,4096,38.3371,6.274
orin,8b,4w,cand,sarc_dev_linear_q4gsw_coopmat_bx_t128x128k32g42s32f32c_texture3d_texture2d_half,2048,4096,14336,41.2308,5.833
orin,8b,4w,cand,sarc_linear_q4gsw_coopmat_orin_t256x128k16g42s32bt_texture3d_texture2d_half,2048,4096,4096,11.0299,6.23
orin,8b,4w,cand,sarc_linear_q4gsw_coopmat_orin_t256x128k16g42s32bt_texture3d_texture2d_half,2048,1024,4096,2.8005,6.134
orin,8b,4w,cand,sarc_linear_q4gsw_coopmat_orin_t256x128k16g42s32bt_texture3d_texture2d_half,2048,1024,4096,2.8023,6.131
orin,8b,4w,cand,sarc_linear_q4gsw_coopmat_orin_t256x128k16g42s32bt_texture3d_texture2d_half,2048,4096,4096,11.0137,6.239
orin,8b,4w,cand,sarc_linear_q4gsw_coopmat_orin_t256x128k16g42s32bt_texture3d_texture2d_half,2048,14336,4096,38.4004,6.263
orin,8b,4w,cand,sarc_linear_q4gsw_coopmat_orin_t256x128k16g42s32bt_texture3d_texture2d_half,2048,14336,4096,38.3502,6.272
orin,8b,4w,cand,sarc_dev_linear_q4gsw_coopmat_bx_t128x128k32g42s32f32c_texture3d_texture2d_half,2048,4096,14336,41.0832,5.854
orin,8b,4w,cand,sarc_linear_q4gsw_coopmat_orin_t256x128k16g42s32bt_texture3d_texture2d_half,2048,4096,4096,10.9781,6.26
orin,8b,4w,cand,sarc_linear_q4gsw_coopmat_orin_t256x128k16g42s32bt_texture3d_texture2d_half,2048,1024,4096,2.788,6.162
orin,8b,4w,cand,sarc_linear_q4gsw_coopmat_orin_t256x128k16g42s32bt_texture3d_texture2d_half,2048,1024,4096,2.8012,6.133
orin,8b,4w,cand,sarc_linear_q4gsw_coopmat_orin_t256x128k16g42s32bt_texture3d_texture2d_half,2048,4096,4096,10.9827,6.257
orin,8b,4w,cand,sarc_linear_q4gsw_coopmat_orin_t256x128k16g42s32bt_texture3d_texture2d_half,2048,14336,4096,38.2915,6.281
orin,8b,4w,cand,sarc_linear_q4gsw_coopmat_orin_t256x128k16g42s32bt_texture3d_texture2d_half,2048,14336,4096,38.3353,6.274
orin,8b,4w,cand,sarc_dev_linear_q4gsw_coopmat_bx_t128x128k32g42s32f32c_texture3d_texture2d_half,2048,4096,14336,41.2268,5.834
orin,8b,4w,cand,sarc_linear_q4gsw_coopmat_orin_t256x128k16g42s32bt_texture3d_texture2d_half,2048,4096,4096,11.0272,6.232
orin,8b,4w,cand,sarc_linear_q4gsw_coopmat_orin_t256x128k16g42s32bt_texture3d_texture2d_half,2048,1024,4096,2.8052,6.124
orin,8b,4w,cand,sarc_linear_q4gsw_coopmat_orin_t256x128k16g42s32bt_texture3d_texture2d_half,2048,1024,4096,2.8003,6.135
orin,8b,4w,cand,sarc_linear_q4gsw_coopmat_orin_t256x128k16g42s32bt_texture3d_texture2d_half,2048,4096,4096,11.0178,6.237
orin,8b,4w,cand,sarc_linear_q4gsw_coopmat_orin_t256x128k16g42s32bt_texture3d_texture2d_half,2048,14336,4096,38.3791,6.267
orin,8b,4w,cand,sarc_linear_q4gsw_coopmat_orin_t256x128k16g42s32bt_texture3d_texture2d_half,2048,14336,4096,38.3265,6.276
orin,8b,4w,cand,sarc_dev_linear_q4gsw_coopmat_bx_t128x128k32g42s32f32c_texture3d_texture2d_half,2048,4096,14336,41.2266,5.834
orin,8b,4w,cand,sarc_linear_q4gsw_coopmat_orin_t256x128k16g42s32bt_texture3d_texture2d_half,2048,4096,4096,11.0199,6.236
orin,8b,4w,cand,sarc_linear_q4gsw_coopmat_orin_t256x128k16g42s32bt_texture3d_texture2d_half,2048,1024,4096,2.7949,6.147
orin,8b,4w,cand,sarc_linear_q4gsw_coopmat_orin_t256x128k16g42s32bt_texture3d_texture2d_half,2048,1024,4096,2.8054,6.124
orin,8b,4w,cand,sarc_linear_q4gsw_coopmat_orin_t256x128k16g42s32bt_texture3d_texture2d_half,2048,4096,4096,11.01,6.242
orin,8b,4w,cand,sarc_linear_q4gsw_coopmat_orin_t256x128k16g42s32bt_texture3d_texture2d_half,2048,14336,4096,38.4021,6.263
orin,8b,4w,cand,sarc_linear_q4gsw_coopmat_orin_t256x128k16g42s32bt_texture3d_texture2d_half,2048,14336,4096,38.1311,6.308
orin,8b,4w,cand,sarc_dev_linear_q4gsw_coopmat_bx_t128x128k32g42s32f32c_texture3d_texture2d_half,2048,4096,14336,41.2245,5.834
orin,8b,4w,parent,sarc_linear_q4gsw_coopmat_orin_t256x128k16g42s32bt_texture3d_texture2d_half,2048,4096,4096,11.0689,6.208
orin,8b,4w,parent,sarc_linear_q4gsw_coopmat_orin_t256x128k16g42s32bt_texture3d_texture2d_half,2048,1024,4096,2.8006,6.134
orin,8b,4w,parent,sarc_linear_q4gsw_coopmat_orin_t256x128k16g42s32bt_texture3d_texture2d_half,2048,1024,4096,2.8059,6.123
orin,8b,4w,parent,sarc_linear_q4gsw_coopmat_orin_t256x128k16g42s32bt_texture3d_texture2d_half,2048,4096,4096,11.0147,6.239
orin,8b,4w,parent,sarc_linear_q4gsw_coopmat_orin_t256x128k16g42s32bt_texture3d_texture2d_half,2048,14336,4096,38.4115,6.262
orin,8b,4w,parent,sarc_linear_q4gsw_coopmat_orin_t256x128k16g42s32bt_texture3d_texture2d_half,2048,14336,4096,38.3431,6.273
orin,8b,4w,parent,sarc_dev_linear_q4gsw_coopmat_bx_t128x128k32g42s32f32c_texture3d_texture2d_half,2048,4096,14336,41.1687,5.842
orin,8b,4w,parent,sarc_linear_q4gsw_coopmat_orin_t256x128k16g42s32bt_texture3d_texture2d_half,2048,4096,4096,11.0227,6.234
orin,8b,4w,parent,sarc_linear_q4gsw_coopmat_orin_t256x128k16g42s32bt_texture3d_texture2d_half,2048,1024,4096,2.8025,6.13
orin,8b,4w,parent,sarc_linear_q4gsw_coopmat_orin_t256x128k16g42s32bt_texture3d_texture2d_half,2048,1024,4096,2.7949,6.147
orin,8b,4w,parent,sarc_linear_q4gsw_coopmat_orin_t256x128k16g42s32bt_texture3d_texture2d_half,2048,4096,4096,11.0204,6.236
orin,8b,4w,parent,sarc_linear_q4gsw_coopmat_orin_t256x128k16g42s32bt_texture3d_texture2d_half,2048,14336,4096,38.3504,6.272
orin,8b,4w,parent,sarc_linear_q4gsw_coopmat_orin_t256x128k16g42s32bt_texture3d_texture2d_half,2048,14336,4096,38.3318,6.275
orin,8b,4w,parent,sarc_dev_linear_q4gsw_coopmat_bx_t128x128k32g42s32f32c_texture3d_texture2d_half,2048,4096,14336,41.0989,5.852
orin,8b,4w,parent,sarc_linear_q4gsw_coopmat_orin_t256x128k16g42s32bt_texture3d_texture2d_half,2048,4096,4096,10.9507,6.275
orin,8b,4w,parent,sarc_linear_q4gsw_coopmat_orin_t256x128k16g42s32bt_texture3d_texture2d_half,2048,1024,4096,2.7864,6.166
orin,8b,4w,parent,sarc_linear_q4gsw_coopmat_orin_t256x128k16g42s32bt_texture3d_texture2d_half,2048,1024,4096,2.7795,6.181
orin,8b,4w,parent,sarc_linear_q4gsw_coopmat_orin_t256x128k16g42s32bt_texture3d_texture2d_half,2048,4096,4096,11.0256,6.233
orin,8b,4w,parent,sarc_linear_q4gsw_coopmat_orin_t256x128k16g42s32bt_texture3d_texture2d_half,2048,14336,4096,38.3445,6.273
orin,8b,4w,parent,sarc_linear_q4gsw_coopmat_orin_t256x128k16g42s32bt_texture3d_texture2d_half,2048,14336,4096,38.3297,6.275
orin,8b,4w,parent,sarc_dev_linear_q4gsw_coopmat_bx_t128x128k32g42s32f32c_texture3d_texture2d_half,2048,4096,14336,41.1949,5.839
orin,8b,4w,parent,sarc_linear_q4gsw_coopmat_orin_t256x128k16g42s32bt_texture3d_texture2d_half,2048,4096,4096,11.0115,6.241
orin,8b,4w,parent,sarc_linear_q4gsw_coopmat_orin_t256x128k16g42s32bt_texture3d_texture2d_half,2048,1024,4096,2.7947,6.147
orin,8b,4w,parent,sarc_linear_q4gsw_coopmat_orin_t256x128k16g42s32bt_texture3d_texture2d_half,2048,1024,4096,2.7946,6.148
orin,8b,4w,parent,sarc_linear_q4gsw_coopmat_orin_t256x128k16g42s32bt_texture3d_texture2d_half,2048,4096,4096,11.0195,6.236
orin,8b,4w,parent,sarc_linear_q4gsw_coopmat_orin_t256x128k16g42s32bt_texture3d_texture2d_half,2048,14336,4096,38.3419,6.273
orin,8b,4w,parent,sarc_linear_q4gsw_coopmat_orin_t256x128k16g42s32bt_texture3d_texture2d_half,2048,14336,4096,38.3139,6.278
orin,8b,4w,parent,sarc_dev_linear_q4gsw_coopmat_bx_t128x128k32g42s32f32c_texture3d_texture2d_half,2048,4096,14336,41.2227,5.835
orin,8b,4w,parent,sarc_linear_q4gsw_coopmat_orin_t256x128k16g42s32bt_texture3d_texture2d_half,2048,4096,4096,11.0131,6.24
orin,8b,4w,parent,sarc_linear_q4gsw_coopmat_orin_t256x128k16g42s32bt_texture3d_texture2d_half,2048,1024,4096,2.802,6.131
orin,8b,4w,parent,sarc_linear_q4gsw_coopmat_orin_t256x128k16g42s32bt_texture3d_texture2d_half,2048,1024,4096,2.8076,6.119
orin,8b,4w,parent,sarc_linear_q4gsw_coopmat_orin_t256x128k16g42s32bt_texture3d_texture2d_half,2048,4096,4096,11.0215,6.235
orin,8b,4w,parent,sarc_linear_q4gsw_coopmat_orin_t256x128k16g42s32bt_texture3d_texture2d_half,2048,14336,4096,38.3687,6.269
orin,8b,4w,parent,sarc_linear_q4gsw_coopmat_orin_t256x128k16g42s32bt_texture3d_texture2d_half,2048,14336,4096,38.1339,6.307
orin,8b,4w,parent,sarc_dev_linear_q4gsw_coopmat_bx_t128x128k32g42s32f32c_texture3d_texture2d_half,2048,4096,14336,41.1757,5.841
orin,8b,4w,parent,sarc_linear_q4gsw_coopmat_orin_t256x128k16g42s32bt_texture3d_texture2d_half,2048,4096,4096,11.0112,6.241
orin,8b,4w,parent,sarc_linear_q4gsw_coopmat_orin_t256x128k16g42s32bt_texture3d_texture2d_half,2048,1024,4096,2.799,6.138
orin,8b,4w,parent,sarc_linear_q4gsw_coopmat_orin_t256x128k16g42s32bt_texture3d_texture2d_half,2048,1024,4096,2.8044,6.126
orin,8b,4w,parent,sarc_linear_q4gsw_coopmat_orin_t256x128k16g42s32bt_texture3d_texture2d_half,2048,4096,4096,11.0301,6.23
orin,8b,4w,parent,sarc_linear_q4gsw_coopmat_orin_t256x128k16g42s32bt_texture3d_texture2d_half,2048,14336,4096,38.318,6.277
orin,8b,4w,parent,sarc_linear_q4gsw_coopmat_orin_t256x128k16g42s32bt_texture3d_texture2d_half,2048,14336,4096,38.2712,6.285
orin,8b,4w,parent,sarc_dev_linear_q4gsw_coopmat_bx_t128x128k32g42s32f32c_texture3d_texture2d_half,2048,4096,14336,41.2138,5.836
orin,8b,4w,parent,sarc_linear_q4gsw_coopmat_orin_t256x128k16g42s32bt_texture3d_texture2d_half,2048,4096,4096,11.0045,6.245
orin,8b,4w,parent,sarc_linear_q4gsw_coopmat_orin_t256x128k16g42s32bt_texture3d_texture2d_half,2048,1024,4096,2.8012,6.133
orin,8b,4w,parent,sarc_linear_q4gsw_coopmat_orin_t256x128k16g42s32bt_texture3d_texture2d_half,2048,1024,4096,2.7987,6.138
orin,8b,4w,parent,sarc_linear_q4gsw_coopmat_orin_t256x128k16g42s32bt_texture3d_texture2d_half,2048,4096,4096,11.0222,6.235
orin,8b,4w,parent,sarc_linear_q4gsw_coopmat_orin_t256x128k16g42s32bt_texture3d_texture2d_half,2048,14336,4096,38.319,6.277
orin,8b,4w,parent,sarc_linear_q4gsw_coopmat_orin_t256x128k16g42s32bt_texture3d_texture2d_half,2048,14336,4096,38.2941,6.281
orin,8b,4w,parent,sarc_dev_linear_q4gsw_coopmat_bx_t128x128k32g42s32f32c_texture3d_texture2d_half,2048,4096,14336,41.2298,5.834
orin,8b,4w,parent,sarc_linear_q4gsw_coopmat_orin_t256x128k16g42s32bt_texture3d_texture2d_half,2048,4096,4096,11.0108,6.241
orin,8b,4w,parent,sarc_linear_q4gsw_coopmat_orin_t256x128k16g42s32bt_texture3d_texture2d_half,2048,1024,4096,2.7987,6.138
orin,8b,4w,parent,sarc_linear_q4gsw_coopmat_orin_t256x128k16g42s32bt_texture3d_texture2d_half,2048,1024,4096,2.7997,6.136
orin,8b,4w,parent,sarc_linear_q4gsw_coopmat_orin_t256x128k16g42s32bt_texture3d_texture2d_half,2048,4096,4096,10.9796,6.259
orin,8b,4w,parent,sarc_linear_q4gsw_coopmat_orin_t256x128k16g42s32bt_texture3d_texture2d_half,2048,14336,4096,38.1679,6.302
orin,8b,4w,parent,sarc_linear_q4gsw_coopmat_orin_t256x128k16g42s32bt_texture3d_texture2d_half,2048,14336,4096,38.3091,6.278
orin,8b,4w,parent,sarc_dev_linear_q4gsw_coopmat_bx_t128x128k32g42s32f32c_texture3d_texture2d_half,2048,4096,14336,41.2165,5.835
orin,8b,4w,parent,sarc_linear_q4gsw_coopmat_orin_t256x128k16g42s32bt_texture3d_texture2d_half,2048,4096,4096,11.0145,6.239
orin,8b,4w,parent,sarc_linear_q4gsw_coopmat_orin_t256x128k16g42s32bt_texture3d_texture2d_half,2048,1024,4096,2.8014,6.133
orin,8b,4w,parent,sarc_linear_q4gsw_coopmat_orin_t256x128k16g42s32bt_texture3d_texture2d_half,2048,1024,4096,2.8041,6.127
orin,8b,4w,parent,sarc_linear_q4gsw_coopmat_orin_t256x128k16g42s32bt_texture3d_texture2d_half,2048,4096,4096,11.0169,6.238
orin,8b,4w,parent,sarc_linear_q4gsw_coopmat_orin_t256x128k16g42s32bt_texture3d_texture2d_half,2048,14336,4096,38.3633,6.269
orin,8b,4w,parent,sarc_linear_q4gsw_coopmat_orin_t256x128k16g42s32bt_texture3d_texture2d_half,2048,14336,4096,38.3074,6.279
orin,8b,4w,parent,sarc_dev_linear_q4gsw_coopmat_bx_t128x128k32g42s32f32c_texture3d_texture2d_half,2048,4096,14336,41.2234,5.835
orin,8b,4w,parent,sarc_linear_q4gsw_coopmat_orin_t256x128k16g42s32bt_texture3d_texture2d_half,2048,4096,4096,11.0057,6.244
orin,8b,4w,parent,sarc_linear_q4gsw_coopmat_orin_t256x128k16g42s32bt_texture3d_texture2d_half,2048,1024,4096,2.7946,6.147
orin,8b,4w,parent,sarc_linear_q4gsw_coopmat_orin_t256x128k16g42s32bt_texture3d_texture2d_half,2048,1024,4096,2.8198,6.093
orin,8b,4w,parent,sarc_linear_q4gsw_coopmat_orin_t256x128k16g42s32bt_texture3d_texture2d_half,2048,4096,4096,11.0084,6.242
orin,8b,4w,parent,sarc_linear_q4gsw_coopmat_orin_t256x128k16g42s32bt_texture3d_texture2d_half,2048,14336,4096,38.3427,6.273
orin,8b,4w,parent,sarc_linear_q4gsw_coopmat_orin_t256x128k16g42s32bt_texture3d_texture2d_half,2048,14336,4096,38.3329,6.274
orin,8b,4w,parent,sarc_dev_linear_q4gsw_coopmat_bx_t128x128k32g42s32f32c_texture3d_texture2d_half,2048,4096,14336,41.1791,5.841
orin,8b,4w,parent,sarc_linear_q4gsw_coopmat_orin_t256x128k16g42s32bt_texture3d_texture2d_half,2048,4096,4096,10.9427,6.28
orin,8b,4w,parent,sarc_linear_q4gsw_coopmat_orin_t256x128k16g42s32bt_texture3d_texture2d_half,2048,1024,4096,2.7833,6.172
orin,8b,4w,parent,sarc_linear_q4gsw_coopmat_orin_t256x128k16g42s32bt_texture3d_texture2d_half,2048,1024,4096,2.7826,6.174
orin,8b,4w,parent,sarc_linear_q4gsw_coopmat_orin_t256x128k16g42s32bt_texture3d_texture2d_half,2048,4096,4096,11.0148,6.239
orin,8b,4w,parent,sarc_linear_q4gsw_coopmat_orin_t256x128k16g42s32bt_texture3d_texture2d_half,2048,14336,4096,38.3018,6.28
orin,8b,4w,parent,sarc_linear_q4gsw_coopmat_orin_t256x128k16g42s32bt_texture3d_texture2d_half,2048,14336,4096,38.283,6.283
orin,8b,4w,parent,sarc_dev_linear_q4gsw_coopmat_bx_t128x128k32g42s32f32c_texture3d_texture2d_half,2048,4096,14336,41.2285,5.834
orin,8b,4w,parent,sarc_linear_q4gsw_coopmat_orin_t256x128k16g42s32bt_texture3d_texture2d_half,2048,4096,4096,11.0212,6.235
orin,8b,4w,parent,sarc_linear_q4gsw_coopmat_orin_t256x128k16g42s32bt_texture3d_texture2d_half,2048,1024,4096,2.8034,6.128
orin,8b,4w,parent,sarc_linear_q4gsw_coopmat_orin_t256x128k16g42s32bt_texture3d_texture2d_half,2048,1024,4096,2.801,6.134
orin,8b,4w,parent,sarc_linear_q4gsw_coopmat_orin_t256x128k16g42s32bt_texture3d_texture2d_half,2048,4096,4096,11.0192,6.236
orin,8b,4w,parent,sarc_linear_q4gsw_coopmat_orin_t256x128k16g42s32bt_texture3d_texture2d_half,2048,14336,4096,38.3459,6.272
orin,8b,4w,parent,sarc_linear_q4gsw_coopmat_orin_t256x128k16g42s32bt_texture3d_texture2d_half,2048,14336,4096,38.3177,6.277
orin,8b,4w,parent,sarc_dev_linear_q4gsw_coopmat_bx_t128x128k32g42s32f32c_texture3d_texture2d_half,2048,4096,14336,41.2319,5.833
orin,8b,4w,parent,sarc_linear_q4gsw_coopmat_orin_t256x128k16g42s32bt_texture3d_texture2d_half,2048,4096,4096,11.0172,6.237
orin,8b,4w,parent,sarc_linear_q4gsw_coopmat_orin_t256x128k16g42s32bt_texture3d_texture2d_half,2048,1024,4096,2.8026,6.13
orin,8b,4w,parent,sarc_linear_q4gsw_coopmat_orin_t256x128k16g42s32bt_texture3d_texture2d_half,2048,1024,4096,2.7951,6.146
orin,8b,4w,parent,sarc_linear_q4gsw_coopmat_orin_t256x128k16g42s32bt_texture3d_texture2d_half,2048,4096,4096,11.0149,6.239
orin,8b,4w,parent,sarc_linear_q4gsw_coopmat_orin_t256x128k16g42s32bt_texture3d_texture2d_half,2048,14336,4096,38.3822,6.266
orin,8b,4w,parent,sarc_linear_q4gsw_coopmat_orin_t256x128k16g42s32bt_texture3d_texture2d_half,2048,14336,4096,38.2075,6.295
orin,8b,4w,parent,sarc_dev_linear_q4gsw_coopmat_bx_t128x128k32g42s32f32c_texture3d_texture2d_half,2048,4096,14336,41.1342,5.847
orin,8b,4w,parent,sarc_linear_q4gsw_coopmat_orin_t256x128k16g42s32bt_texture3d_texture2d_half,2048,4096,4096,11.0232,6.234
orin,8b,4w,parent,sarc_linear_q4gsw_coopmat_orin_t256x128k16g42s32bt_texture3d_texture2d_half,2048,1024,4096,2.8005,6.134
orin,8b,4w,parent,sarc_linear_q4gsw_coopmat_orin_t256x128k16g42s32bt_texture3d_texture2d_half,2048,1024,4096,2.7992,6.137
orin,8b,4w,parent,sarc_linear_q4gsw_coopmat_orin_t256x128k16g42s32bt_texture3d_texture2d_half,2048,4096,4096,11.0219,6.235
orin,8b,4w,parent,sarc_linear_q4gsw_coopmat_orin_t256x128k16g42s32bt_texture3d_texture2d_half,2048,14336,4096,38.3631,6.27
orin,8b,4w,parent,sarc_linear_q4gsw_coopmat_orin_t256x128k16g42s32bt_texture3d_texture2d_half,2048,14336,4096,38.3387,6.274
orin,8b,4w,parent,sarc_dev_linear_q4gsw_coopmat_bx_t128x128k32g42s32f32c_texture3d_texture2d_half,2048,4096,14336,41.2246,5.834
orin,8b,4w,parent,sarc_linear_q4gsw_coopmat_orin_t256x128k16g42s32bt_texture3d_texture2d_half,2048,4096,4096,10.9999,6.247
orin,8b,4w,parent,sarc_linear_q4gsw_coopmat_orin_t256x128k16g42s32bt_texture3d_texture2d_half,2048,1024,4096,2.7995,6.137
orin,8b,4w,parent,sarc_linear_q4gsw_coopmat_orin_t256x128k16g42s32bt_texture3d_texture2d_half,2048,1024,4096,2.7995,6.137
orin,8b,4w,parent,sarc_linear_q4gsw_coopmat_orin_t256x128k16g42s32bt_texture3d_texture2d_half,2048,4096,4096,11.0191,6.236
orin,8b,4w,parent,sarc_linear_q4gsw_coopmat_orin_t256x128k16g42s32bt_texture3d_texture2d_half,2048,14336,4096,38.3623,6.27
orin,8b,4w,parent,sarc_linear_q4gsw_coopmat_orin_t256x128k16g42s32bt_texture3d_texture2d_half,2048,14336,4096,38.3032,6.279
orin,8b,4w,parent,sarc_dev_linear_q4gsw_coopmat_bx_t128x128k32g42s32f32c_texture3d_texture2d_half,2048,4096,14336,41.2007,5.838
orin,8b,4w,parent,sarc_linear_q4gsw_coopmat_orin_t256x128k16g42s32bt_texture3d_texture2d_half,2048,4096,4096,11.0036,6.245
orin,8b,4w,parent,sarc_linear_q4gsw_coopmat_orin_t256x128k16g42s32bt_texture3d_texture2d_half,2048,1024,4096,2.8046,6.126
orin,8b,4w,parent,sarc_linear_q4gsw_coopmat_orin_t256x128k16g42s32bt_texture3d_texture2d_half,2048,1024,4096,2.8063,6.122
orin,8b,4w,parent,sarc_linear_q4gsw_coopmat_orin_t256x128k16g42s32bt_texture3d_texture2d_half,2048,4096,4096,11.007,6.243
orin,8b,4w,parent,sarc_linear_q4gsw_coopmat_orin_t256x128k16g42s32bt_texture3d_texture2d_half,2048,14336,4096,38.2018,6.296
orin,8b,4w,parent,sarc_linear_q4gsw_coopmat_orin_t256x128k16g42s32bt_texture3d_texture2d_half,2048,14336,4096,38.2499,6.288
orin,8b,4w,parent,sarc_dev_linear_q4gsw_coopmat_bx_t128x128k32g42s32f32c_texture3d_texture2d_half,2048,4096,14336,41.2251,5.834
orin,8b,4w,parent,sarc_linear_q4gsw_coopmat_orin_t256x128k16g42s32bt_texture3d_texture2d_half,2048,4096,4096,11.0111,6.241
orin,8b,4w,parent,sarc_linear_q4gsw_coopmat_orin_t256x128k16g42s32bt_texture3d_texture2d_half,2048,1024,4096,2.7951,6.146
orin,8b,4w,parent,sarc_linear_q4gsw_coopmat_orin_t256x128k16g42s32bt_texture3d_texture2d_half,2048,1024,4096,2.8011,6.133
orin,8b,4w,parent,sarc_linear_q4gsw_coopmat_orin_t256x128k16g42s32bt_texture3d_texture2d_half,2048,4096,4096,11.0217,6.235
orin,8b,4w,parent,sarc_linear_q4gsw_coopmat_orin_t256x128k16g42s32bt_texture3d_texture2d_half,2048,14336,4096,38.3641,6.269
orin,8b,4w,parent,sarc_linear_q4gsw_coopmat_orin_t256x128k16g42s32bt_texture3d_texture2d_half,2048,14336,4096,38.3044,6.279
orin,8b,4w,parent,sarc_dev_linear_q4gsw_coopmat_bx_t128x128k32g42s32f32c_texture3d_texture2d_half,2048,4096,14336,41.2146,5.836
orin,8b,4w,parent,sarc_linear_q4gsw_coopmat_orin_t256x128k16g42s32bt_texture3d_texture2d_half,2048,4096,4096,11.0164,6.238
orin,8b,4w,parent,sarc_linear_q4gsw_coopmat_orin_t256x128k16g42s32bt_texture3d_texture2d_half,2048,1024,4096,2.8033,6.129
orin,8b,4w,parent,sarc_linear_q4gsw_coopmat_orin_t256x128k16g42s32bt_texture3d_texture2d_half,2048,1024,4096,2.7996,6.136
orin,8b,4w,parent,sarc_linear_q4gsw_coopmat_orin_t256x128k16g42s32bt_texture3d_texture2d_half,2048,4096,4096,11.0194,6.236
orin,8b,4w,parent,sarc_linear_q4gsw_coopmat_orin_t256x128k16g42s32bt_texture3d_texture2d_half,2048,14336,4096,38.3574,6.27
orin,8b,4w,parent,sarc_linear_q4gsw_coopmat_orin_t256x128k16g42s32bt_texture3d_texture2d_half,2048,14336,4096,38.2961,6.28
orin,8b,4w,parent,sarc_dev_linear_q4gsw_coopmat_bx_t128x128k32g42s32f32c_texture3d_texture2d_half,2048,4096,14336,41.2196,5.835
orin,8b,4w,parent,sarc_linear_q4gsw_coopmat_orin_t256x128k16g42s32bt_texture3d_texture2d_half,2048,4096,4096,10.9694,6.265
orin,8b,4w,parent,sarc_linear_q4gsw_coopmat_orin_t256x128k16g42s32bt_texture3d_texture2d_half,2048,1024,4096,2.7805,6.179
orin,8b,4w,parent,sarc_linear_q4gsw_coopmat_orin_t256x128k16g42s32bt_texture3d_texture2d_half,2048,1024,4096,2.7834,6.172
orin,8b,4w,parent,sarc_linear_q4gsw_coopmat_orin_t256x128k16g42s32bt_texture3d_texture2d_half,2048,4096,4096,10.9699,6.264
orin,8b,4w,parent,sarc_linear_q4gsw_coopmat_orin_t256x128k16g42s32bt_texture3d_texture2d_half,2048,14336,4096,38.3501,6.272
orin,8b,4w,parent,sarc_linear_q4gsw_coopmat_orin_t256x128k16g42s32bt_texture3d_texture2d_half,2048,14336,4096,38.3031,6.279
orin,8b,4w,parent,sarc_dev_linear_q4gsw_coopmat_bx_t128x128k32g42s32f32c_texture3d_texture2d_half,2048,4096,14336,41.225,5.834
orin,8b,4w,parent,sarc_linear_q4gsw_coopmat_orin_t256x128k16g42s32bt_texture3d_texture2d_half,2048,4096,4096,11.0163,6.238
orin,8b,4w,parent,sarc_linear_q4gsw_coopmat_orin_t256x128k16g42s32bt_texture3d_texture2d_half,2048,1024,4096,2.7955,6.146
orin,8b,4w,parent,sarc_linear_q4gsw_coopmat_orin_t256x128k16g42s32bt_texture3d_texture2d_half,2048,1024,4096,2.7975,6.141
orin,8b,4w,parent,sarc_linear_q4gsw_coopmat_orin_t256x128k16g42s32bt_texture3d_texture2d_half,2048,4096,4096,11.0231,6.234
orin,8b,4w,parent,sarc_linear_q4gsw_coopmat_orin_t256x128k16g42s32bt_texture3d_texture2d_half,2048,14336,4096,38.3196,6.277
orin,8b,4w,parent,sarc_linear_q4gsw_coopmat_orin_t256x128k16g42s32bt_texture3d_texture2d_half,2048,14336,4096,38.3292,6.275
orin,8b,4w,parent,sarc_dev_linear_q4gsw_coopmat_bx_t128x128k32g42s32f32c_texture3d_texture2d_half,2048,4096,14336,41.2086,5.837
orin,8b,4w,parent,sarc_linear_q4gsw_coopmat_orin_t256x128k16g42s32bt_texture3d_texture2d_half,2048,4096,4096,10.9954,6.25
orin,8b,4w,parent,sarc_linear_q4gsw_coopmat_orin_t256x128k16g42s32bt_texture3d_texture2d_half,2048,1024,4096,2.7967,6.143
orin,8b,4w,parent,sarc_linear_q4gsw_coopmat_orin_t256x128k16g42s32bt_texture3d_texture2d_half,2048,1024,4096,2.7945,6.148
orin,8b,4w,parent,sarc_linear_q4gsw_coopmat_orin_t256x128k16g42s32bt_texture3d_texture2d_half,2048,4096,4096,11.0215,6.235
orin,8b,4w,parent,sarc_linear_q4gsw_coopmat_orin_t256x128k16g42s32bt_texture3d_texture2d_half,2048,14336,4096,38.3811,6.267
orin,8b,4w,parent,sarc_linear_q4gsw_coopmat_orin_t256x128k16g42s32bt_texture3d_texture2d_half,2048,14336,4096,38.2694,6.285
orin,8b,4w,parent,sarc_dev_linear_q4gsw_coopmat_bx_t128x128k32g42s32f32c_texture3d_texture2d_half,2048,4096,14336,41.0349,5.861
orin,8b,4w,parent,sarc_linear_q4gsw_coopmat_orin_t256x128k16g42s32bt_texture3d_texture2d_half,2048,4096,4096,11.0031,6.245
orin,8b,4w,parent,sarc_linear_q4gsw_coopmat_orin_t256x128k16g42s32bt_texture3d_texture2d_half,2048,1024,4096,2.8035,6.128
orin,8b,4w,parent,sarc_linear_q4gsw_coopmat_orin_t256x128k16g42s32bt_texture3d_texture2d_half,2048,1024,4096,2.8046,6.126
orin,8b,4w,parent,sarc_linear_q4gsw_coopmat_orin_t256x128k16g42s32bt_texture3d_texture2d_half,2048,4096,4096,11.0201,6.236
orin,8b,4w,parent,sarc_linear_q4gsw_coopmat_orin_t256x128k16g42s32bt_texture3d_texture2d_half,2048,14336,4096,38.3267,6.275
orin,8b,4w,parent,sarc_linear_q4gsw_coopmat_orin_t256x128k16g42s32bt_texture3d_texture2d_half,2048,14336,4096,38.3112,6.278
orin,8b,4w,parent,sarc_dev_linear_q4gsw_coopmat_bx_t128x128k32g42s32f32c_texture3d_texture2d_half,2048,4096,14336,41.221,5.835
orin,8b,4w,parent,sarc_linear_q4gsw_coopmat_orin_t256x128k16g42s32bt_texture3d_texture2d_half,2048,4096,4096,11.0127,6.24
orin,8b,4w,parent,sarc_linear_q4gsw_coopmat_orin_t256x128k16g42s32bt_texture3d_texture2d_half,2048,1024,4096,2.806,6.123
orin,8b,4w,parent,sarc_linear_q4gsw_coopmat_orin_t256x128k16g42s32bt_texture3d_texture2d_half,2048,1024,4096,2.8033,6.128
orin,8b,4w,parent,sarc_linear_q4gsw_coopmat_orin_t256x128k16g42s32bt_texture3d_texture2d_half,2048,4096,4096,11.0181,6.237
orin,8b,4w,parent,sarc_linear_q4gsw_coopmat_orin_t256x128k16g42s32bt_texture3d_texture2d_half,2048,14336,4096,38.3317,6.275
orin,8b,4w,parent,sarc_linear_q4gsw_coopmat_orin_t256x128k16g42s32bt_texture3d_texture2d_half,2048,14336,4096,38.3361,6.274
orin,8b,4w,parent,sarc_dev_linear_q4gsw_coopmat_bx_t128x128k32g42s32f32c_texture3d_texture2d_half,2048,4096,14336,41.2371,5.833
orin,8b,4w,parent,sarc_linear_q4gsw_coopmat_orin_t256x128k16g42s32bt_texture3d_texture2d_half,2048,4096,4096,11.0053,6.244
orin,8b,4w,parent,sarc_linear_q4gsw_coopmat_orin_t256x128k16g42s32bt_texture3d_texture2d_half,2048,1024,4096,2.7893,6.159
orin,8b,4w,parent,sarc_linear_q4gsw_coopmat_orin_t256x128k16g42s32bt_texture3d_texture2d_half,2048,1024,4096,2.7963,6.144
orin,8b,4w,parent,sarc_linear_q4gsw_coopmat_orin_t256x128k16g42s32bt_texture3d_texture2d_half,2048,4096,4096,11.0141,6.239
orin,8b,4w,parent,sarc_linear_q4gsw_coopmat_orin_t256x128k16g42s32bt_texture3d_texture2d_half,2048,14336,4096,38.2195,6.293
orin,8b,4w,parent,sarc_linear_q4gsw_coopmat_orin_t256x128k16g42s32bt_texture3d_texture2d_half,2048,14336,4096,38.23,6.291
orin,8b,4w,parent,sarc_dev_linear_q4gsw_coopmat_bx_t128x128k32g42s32f32c_texture3d_texture2d_half,2048,4096,14336,41.218,5.835
orin,8b,4w,parent,sarc_linear_q4gsw_coopmat_orin_t256x128k16g42s32bt_texture3d_texture2d_half,2048,4096,4096,11.0216,6.235
orin,8b,4w,parent,sarc_linear_q4gsw_coopmat_orin_t256x128k16g42s32bt_texture3d_texture2d_half,2048,1024,4096,2.8064,6.122
orin,8b,4w,parent,sarc_linear_q4gsw_coopmat_orin_t256x128k16g42s32bt_texture3d_texture2d_half,2048,1024,4096,2.8045,6.126
orin,8b,4w,parent,sarc_linear_q4gsw_coopmat_orin_t256x128k16g42s32bt_texture3d_texture2d_half,2048,4096,4096,11.0308,6.23
orin,8b,4w,parent,sarc_linear_q4gsw_coopmat_orin_t256x128k16g42s32bt_texture3d_texture2d_half,2048,14336,4096,38.3626,6.27
orin,8b,4w,parent,sarc_linear_q4gsw_coopmat_orin_t256x128k16g42s32bt_texture3d_texture2d_half,2048,14336,4096,38.3002,6.28
orin,8b,4w,parent,sarc_dev_linear_q4gsw_coopmat_bx_t128x128k32g42s32f32c_texture3d_texture2d_half,2048,4096,14336,41.1305,5.848
orin,8b,4w,parent,sarc_linear_q4gsw_coopmat_orin_t256x128k16g42s32bt_texture3d_texture2d_half,2048,4096,4096,11.0236,6.234
orin,8b,4w,parent,sarc_linear_q4gsw_coopmat_orin_t256x128k16g42s32bt_texture3d_texture2d_half,2048,1024,4096,2.8061,6.122
orin,8b,4w,parent,sarc_linear_q4gsw_coopmat_orin_t256x128k16g42s32bt_texture3d_texture2d_half,2048,1024,4096,2.7996,6.137
orin,8b,4w,parent,sarc_linear_q4gsw_coopmat_orin_t256x128k16g42s32bt_texture3d_texture2d_half,2048,4096,4096,11.0193,6.236
orin,8b,4w,parent,sarc_linear_q4gsw_coopmat_orin_t256x128k16g42s32bt_texture3d_texture2d_half,2048,14336,4096,38.3643,6.269
orin,8b,4w,parent,sarc_linear_q4gsw_coopmat_orin_t256x128k16g42s32bt_texture3d_texture2d_half,2048,14336,4096,38.3003,6.28
orin,8b,4w,parent,sarc_dev_linear_q4gsw_coopmat_bx_t128x128k32g42s32f32c_texture3d_texture2d_half,2048,4096,14336,41.2095,5.836
orin,8b,4w,parent,sarc_linear_q4gsw_coopmat_orin_t256x128k16g42s32bt_texture3d_texture2d_half,2048,4096,4096,11.0085,6.242
orin,8b,4w,parent,sarc_linear_q4gsw_coopmat_orin_t256x128k16g42s32bt_texture3d_texture2d_half,2048,1024,4096,2.7828,6.174
orin,8b,4w,parent,sarc_linear_q4gsw_coopmat_orin_t256x128k16g42s32bt_texture3d_texture2d_half,2048,1024,4096,2.7796,6.181
orin,8b,4w,parent,sarc_linear_q4gsw_coopmat_orin_t256x128k16g42s32bt_texture3d_texture2d_half,2048,4096,4096,10.9648,6.267
orin,8b,4w,parent,sarc_linear_q4gsw_coopmat_orin_t256x128k16g42s32bt_texture3d_texture2d_half,2048,14336,4096,38.3002,6.28
orin,8b,4w,parent,sarc_linear_q4gsw_coopmat_orin_t256x128k16g42s32bt_texture3d_texture2d_half,2048,14336,4096,38.3303,6.275
orin,8b,4w,parent,sarc_dev_linear_q4gsw_coopmat_bx_t128x128k32g42s32f32c_texture3d_texture2d_half,2048,4096,14336,41.2448,5.831
orin,8b,4w,parent,sarc_linear_q4gsw_coopmat_orin_t256x128k16g42s32bt_texture3d_texture2d_half,2048,4096,4096,11.0201,6.236
orin,8b,4w,parent,sarc_linear_q4gsw_coopmat_orin_t256x128k16g42s32bt_texture3d_texture2d_half,2048,1024,4096,2.7994,6.137
orin,8b,4w,parent,sarc_linear_q4gsw_coopmat_orin_t256x128k16g42s32bt_texture3d_texture2d_half,2048,1024,4096,2.7984,6.139
orin,8b,4w,parent,sarc_linear_q4gsw_coopmat_orin_t256x128k16g42s32bt_texture3d_texture2d_half,2048,4096,4096,11.0142,6.239
orin,8b,4w,parent,sarc_linear_q4gsw_coopmat_orin_t256x128k16g42s32bt_texture3d_texture2d_half,2048,14336,4096,38.3419,6.273
orin,8b,4w,parent,sarc_linear_q4gsw_coopmat_orin_t256x128k16g42s32bt_texture3d_texture2d_half,2048,14336,4096,38.3356,6.274
orin,8b,4w,parent,sarc_dev_linear_q4gsw_coopmat_bx_t128x128k32g42s32f32c_texture3d_texture2d_half,2048,4096,14336,41.2275,5.834
orin,8b,4w,parent,sarc_linear_q4gsw_coopmat_orin_t256x128k16g42s32bt_texture3d_texture2d_half,2048,4096,4096,11.0243,6.233
orin,8b,4w,parent,sarc_linear_q4gsw_coopmat_orin_t256x128k16g42s32bt_texture3d_texture2d_half,2048,1024,4096,2.8093,6.115
orin,8b,4w,parent,sarc_linear_q4gsw_coopmat_orin_t256x128k16g42s32bt_texture3d_texture2d_half,2048,1024,4096,2.7985,6.139
orin,8b,4w,parent,sarc_linear_q4gsw_coopmat_orin_t256x128k16g42s32bt_texture3d_texture2d_half,2048,4096,4096,11.0169,6.238
orin,8b,4w,parent,sarc_linear_q4gsw_coopmat_orin_t256x128k16g42s32bt_texture3d_texture2d_half,2048,14336,4096,38.3492,6.272
orin,8b,4w,parent,sarc_linear_q4gsw_coopmat_orin_t256x128k16g42s32bt_texture3d_texture2d_half,2048,14336,4096,38.3147,6.277
orin,8b,4w,parent,sarc_dev_linear_q4gsw_coopmat_bx_t128x128k32g42s32f32c_texture3d_texture2d_half,2048,4096,14336,41.0271,5.862
orin,8b,4w,parent,sarc_linear_q4gsw_coopmat_orin_t256x128k16g42s32bt_texture3d_texture2d_half,2048,4096,4096,10.9872,6.255
orin,8b,4w,parent,sarc_linear_q4gsw_coopmat_orin_t256x128k16g42s32bt_texture3d_texture2d_half,2048,1024,4096,2.7974,6.141
orin,8b,4w,parent,sarc_linear_q4gsw_coopmat_orin_t256x128k16g42s32bt_texture3d_texture2d_half,2048,1024,4096,2.8025,6.13
orin,8b,4w,parent,sarc_linear_q4gsw_coopmat_orin_t256x128k16g42s32bt_texture3d_texture2d_half,2048,4096,4096,11.0178,6.237
orin,8b,4w,parent,sarc_linear_q4gsw_coopmat_orin_t256x128k16g42s32bt_texture3d_texture2d_half,2048,14336,4096,38.3494,6.272
orin,8b,4w,parent,sarc_linear_q4gsw_coopmat_orin_t256x128k16g42s32bt_texture3d_texture2d_half,2048,14336,4096,38.2159,6.294
orin,8b,4w,parent,sarc_dev_linear_q4gsw_coopmat_bx_t128x128k32g42s32f32c_texture3d_texture2d_half,2048,4096,14336,41.2525,5.83
orin,8b,4w,parent,sarc_linear_q4gsw_coopmat_orin_t256x128k16g42s32bt_texture3d_texture2d_half,2048,4096,4096,11.018,6.237
orin,8b,4w,parent,sarc_linear_q4gsw_coopmat_orin_t256x128k16g42s32bt_texture3d_texture2d_half,2048,1024,4096,2.8028,6.13
orin,8b,4w,parent,sarc_linear_q4gsw_coopmat_orin_t256x128k16g42s32bt_texture3d_texture2d_half,2048,1024,4096,2.7997,6.136
orin,8b,4w,parent,sarc_linear_q4gsw_coopmat_orin_t256x128k16g42s32bt_texture3d_texture2d_half,2048,4096,4096,11.0169,6.238
orin,8b,4w,parent,sarc_linear_q4gsw_coopmat_orin_t256x128k16g42s32bt_texture3d_texture2d_half,2048,14336,4096,38.3793,6.267
orin,8b,4w,parent,sarc_linear_q4gsw_coopmat_orin_t256x128k16g42s32bt_texture3d_texture2d_half,2048,14336,4096,38.2917,6.281
orin,8b,4w,parent,sarc_dev_linear_q4gsw_coopmat_bx_t128x128k32g42s32f32c_texture3d_texture2d_half,2048,4096,14336,41.2263,5.834
orin,8b,4w,parent,sarc_linear_q4gsw_coopmat_orin_t256x128k16g42s32bt_texture3d_texture2d_half,2048,4096,4096,11.0018,6.246
orin,8b,4w,parent,sarc_linear_q4gsw_coopmat_orin_t256x128k16g42s32bt_texture3d_texture2d_half,2048,1024,4096,2.8064,6.122
orin,8b,4w,parent,sarc_linear_q4gsw_coopmat_orin_t256x128k16g42s32bt_texture3d_texture2d_half,2048,1024,4096,2.7986,6.139
orin,8b,4w,parent,sarc_linear_q4gsw_coopmat_orin_t256x128k16g42s32bt_texture3d_texture2d_half,2048,4096,4096,11.0094,6.242
orin,8b,4w,parent,sarc_linear_q4gsw_coopmat_orin_t256x128k16g42s32bt_texture3d_texture2d_half,2048,14336,4096,38.3016,6.28
orin,8b,4w,parent,sarc_linear_q4gsw_coopmat_orin_t256x128k16g42s32bt_texture3d_texture2d_half,2048,14336,4096,38.1548,6.304
orin,8b,4w,parent,sarc_dev_linear_q4gsw_coopmat_bx_t128x128k32g42s32f32c_texture3d_texture2d_half,2048,4096,14336,41.2174,5.835
orin,8b,8da4w,cand,sarc_linear_dq8ca_coopmat_zpgtr_orin_bf_t128x128k64g24s32mk32ra_texture3d_texture2d_half,2048,4096,4096,12.9465,5.308
orin,8b,8da4w,cand,sarc_linear_dq8ca_coopmat_zpgtr_orin_bf_t128x128k64g24s32mk32ra_texture3d_texture2d_half,2048,1024,4096,3.2387,5.305
orin,8b,8da4w,cand,sarc_linear_dq8ca_coopmat_zpgtr_orin_bf_t128x128k64g24s32mk32ra_texture3d_texture2d_half,2048,1024,4096,3.209,5.354
orin,8b,8da4w,cand,sarc_linear_dq8ca_coopmat_zpgtr_orin_bf_t128x128k64g24s32mk32ra_texture3d_texture2d_half,2048,4096,4096,12.7963,5.37
orin,8b,8da4w,cand,sarc_linear_dq8ca_coopmat_zpgtr_orin_bf_t128x128k64g24s32mk32ra_texture3d_texture2d_half,2048,14336,4096,45.1336,5.329
orin,8b,8da4w,cand,sarc_linear_dq8ca_coopmat_zpgtr_orin_bf_t128x128k64g24s32mk32ra_texture3d_texture2d_half,2048,14336,4096,44.6804,5.383
orin,8b,8da4w,cand,sarc_linear_dq8ca_coopmat_zpgtr_orin_bf_t128x128k64g24s32mk32ra_texture3d_texture2d_half,2048,4096,14336,43.5884,5.518
orin,8b,8da4w,cand,sarc_linear_dq8ca_coopmat_zpgtr_orin_bf_t128x128k64g24s32mk32ra_texture3d_texture2d_half,2048,4096,4096,12.858,5.345
orin,8b,8da4w,cand,sarc_linear_dq8ca_coopmat_zpgtr_orin_bf_t128x128k64g24s32mk32ra_texture3d_texture2d_half,2048,1024,4096,3.2472,5.291
orin,8b,8da4w,cand,sarc_linear_dq8ca_coopmat_zpgtr_orin_bf_t128x128k64g24s32mk32ra_texture3d_texture2d_half,2048,1024,4096,3.2359,5.309
orin,8b,8da4w,cand,sarc_linear_dq8ca_coopmat_zpgtr_orin_bf_t128x128k64g24s32mk32ra_texture3d_texture2d_half,2048,4096,4096,12.8588,5.344
orin,8b,8da4w,cand,sarc_linear_dq8ca_coopmat_zpgtr_orin_bf_t128x128k64g24s32mk32ra_texture3d_texture2d_half,2048,14336,4096,45.0467,5.339
orin,8b,8da4w,cand,sarc_linear_dq8ca_coopmat_zpgtr_orin_bf_t128x128k64g24s32mk32ra_texture3d_texture2d_half,2048,14336,4096,44.6529,5.386
orin,8b,8da4w,cand,sarc_linear_dq8ca_coopmat_zpgtr_orin_bf_t128x128k64g24s32mk32ra_texture3d_texture2d_half,2048,4096,14336,43.6594,5.509
orin,8b,8da4w,cand,sarc_linear_dq8ca_coopmat_zpgtr_orin_bf_t128x128k64g24s32mk32ra_texture3d_texture2d_half,2048,4096,4096,12.8645,5.342
orin,8b,8da4w,cand,sarc_linear_dq8ca_coopmat_zpgtr_orin_bf_t128x128k64g24s32mk32ra_texture3d_texture2d_half,2048,1024,4096,3.2482,5.289
orin,8b,8da4w,cand,sarc_linear_dq8ca_coopmat_zpgtr_orin_bf_t128x128k64g24s32mk32ra_texture3d_texture2d_half,2048,1024,4096,3.2176,5.339
orin,8b,8da4w,cand,sarc_linear_dq8ca_coopmat_zpgtr_orin_bf_t128x128k64g24s32mk32ra_texture3d_texture2d_half,2048,4096,4096,12.8733,5.338
orin,8b,8da4w,cand,sarc_linear_dq8ca_coopmat_zpgtr_orin_bf_t128x128k64g24s32mk32ra_texture3d_texture2d_half,2048,14336,4096,44.978,5.347
orin,8b,8da4w,cand,sarc_linear_dq8ca_coopmat_zpgtr_orin_bf_t128x128k64g24s32mk32ra_texture3d_texture2d_half,2048,14336,4096,44.8863,5.358
orin,8b,8da4w,cand,sarc_linear_dq8ca_coopmat_zpgtr_orin_bf_t128x128k64g24s32mk32ra_texture3d_texture2d_half,2048,4096,14336,43.6718,5.507
orin,8b,8da4w,cand,sarc_linear_dq8ca_coopmat_zpgtr_orin_bf_t128x128k64g24s32mk32ra_texture3d_texture2d_half,2048,4096,4096,12.848,5.349
orin,8b,8da4w,cand,sarc_linear_dq8ca_coopmat_zpgtr_orin_bf_t128x128k64g24s32mk32ra_texture3d_texture2d_half,2048,1024,4096,3.2208,5.334
orin,8b,8da4w,cand,sarc_linear_dq8ca_coopmat_zpgtr_orin_bf_t128x128k64g24s32mk32ra_texture3d_texture2d_half,2048,1024,4096,3.2193,5.336
orin,8b,8da4w,cand,sarc_linear_dq8ca_coopmat_zpgtr_orin_bf_t128x128k64g24s32mk32ra_texture3d_texture2d_half,2048,4096,4096,12.7948,5.371
orin,8b,8da4w,cand,sarc_linear_dq8ca_coopmat_zpgtr_orin_bf_t128x128k64g24s32mk32ra_texture3d_texture2d_half,2048,14336,4096,44.9815,5.347
orin,8b,8da4w,cand,sarc_linear_dq8ca_coopmat_zpgtr_orin_bf_t128x128k64g24s32mk32ra_texture3d_texture2d_half,2048,14336,4096,44.9167,5.355
orin,8b,8da4w,cand,sarc_linear_dq8ca_coopmat_zpgtr_orin_bf_t128x128k64g24s32mk32ra_texture3d_texture2d_half,2048,4096,14336,43.6408,5.511
orin,8b,8da4w,cand,sarc_linear_dq8ca_coopmat_zpgtr_orin_bf_t128x128k64g24s32mk32ra_texture3d_texture2d_half,2048,4096,4096,12.8007,5.368
orin,8b,8da4w,cand,sarc_linear_dq8ca_coopmat_zpgtr_orin_bf_t128x128k64g24s32mk32ra_texture3d_texture2d_half,2048,1024,4096,3.2215,5.333
orin,8b,8da4w,cand,sarc_linear_dq8ca_coopmat_zpgtr_orin_bf_t128x128k64g24s32mk32ra_texture3d_texture2d_half,2048,1024,4096,3.2038,5.362
orin,8b,8da4w,cand,sarc_linear_dq8ca_coopmat_zpgtr_orin_bf_t128x128k64g24s32mk32ra_texture3d_texture2d_half,2048,4096,4096,12.841,5.352
orin,8b,8da4w,cand,sarc_linear_dq8ca_coopmat_zpgtr_orin_bf_t128x128k64g24s32mk32ra_texture3d_texture2d_half,2048,14336,4096,44.9693,5.348
orin,8b,8da4w,cand,sarc_linear_dq8ca_coopmat_zpgtr_orin_bf_t128x128k64g24s32mk32ra_texture3d_texture2d_half,2048,14336,4096,44.9557,5.35
orin,8b,8da4w,cand,sarc_linear_dq8ca_coopmat_zpgtr_orin_bf_t128x128k64g24s32mk32ra_texture3d_texture2d_half,2048,4096,14336,43.594,5.517
orin,8b,8da4w,cand,sarc_linear_dq8ca_coopmat_zpgtr_orin_bf_t128x128k64g24s32mk32ra_texture3d_texture2d_half,2048,4096,4096,12.7785,5.378
orin,8b,8da4w,cand,sarc_linear_dq8ca_coopmat_zpgtr_orin_bf_t128x128k64g24s32mk32ra_texture3d_texture2d_half,2048,1024,4096,3.2416,5.3
orin,8b,8da4w,cand,sarc_linear_dq8ca_coopmat_zpgtr_orin_bf_t128x128k64g24s32mk32ra_texture3d_texture2d_half,2048,1024,4096,3.2251,5.327
orin,8b,8da4w,cand,sarc_linear_dq8ca_coopmat_zpgtr_orin_bf_t128x128k64g24s32mk32ra_texture3d_texture2d_half,2048,4096,4096,12.8598,5.344
orin,8b,8da4w,cand,sarc_linear_dq8ca_coopmat_zpgtr_orin_bf_t128x128k64g24s32mk32ra_texture3d_texture2d_half,2048,14336,4096,44.9244,5.354
orin,8b,8da4w,cand,sarc_linear_dq8ca_coopmat_zpgtr_orin_bf_t128x128k64g24s32mk32ra_texture3d_texture2d_half,2048,14336,4096,44.9844,5.347
orin,8b,8da4w,cand,sarc_linear_dq8ca_coopmat_zpgtr_orin_bf_t128x128k64g24s32mk32ra_texture3d_texture2d_half,2048,4096,14336,43.6365,5.512
orin,8b,8da4w,cand,sarc_linear_dq8ca_coopmat_zpgtr_orin_bf_t128x128k64g24s32mk32ra_texture3d_texture2d_half,2048,4096,4096,12.8417,5.351
orin,8b,8da4w,cand,sarc_linear_dq8ca_coopmat_zpgtr_orin_bf_t128x128k64g24s32mk32ra_texture3d_texture2d_half,2048,1024,4096,3.245,5.294
orin,8b,8da4w,cand,sarc_linear_dq8ca_coopmat_zpgtr_orin_bf_t128x128k64g24s32mk32ra_texture3d_texture2d_half,2048,1024,4096,3.2197,5.336
orin,8b,8da4w,cand,sarc_linear_dq8ca_coopmat_zpgtr_orin_bf_t128x128k64g24s32mk32ra_texture3d_texture2d_half,2048,4096,4096,12.8741,5.338
orin,8b,8da4w,cand,sarc_linear_dq8ca_coopmat_zpgtr_orin_bf_t128x128k64g24s32mk32ra_texture3d_texture2d_half,2048,14336,4096,44.8373,5.364
orin,8b,8da4w,cand,sarc_linear_dq8ca_coopmat_zpgtr_orin_bf_t128x128k64g24s32mk32ra_texture3d_texture2d_half,2048,14336,4096,44.8379,5.364
orin,8b,8da4w,cand,sarc_linear_dq8ca_coopmat_zpgtr_orin_bf_t128x128k64g24s32mk32ra_texture3d_texture2d_half,2048,4096,14336,43.6488,5.51
orin,8b,8da4w,cand,sarc_linear_dq8ca_coopmat_zpgtr_orin_bf_t128x128k64g24s32mk32ra_texture3d_texture2d_half,2048,4096,4096,12.8211,5.36
orin,8b,8da4w,cand,sarc_linear_dq8ca_coopmat_zpgtr_orin_bf_t128x128k64g24s32mk32ra_texture3d_texture2d_half,2048,1024,4096,3.2482,5.289
orin,8b,8da4w,cand,sarc_linear_dq8ca_coopmat_zpgtr_orin_bf_t128x128k64g24s32mk32ra_texture3d_texture2d_half,2048,1024,4096,3.2242,5.328
orin,8b,8da4w,cand,sarc_linear_dq8ca_coopmat_zpgtr_orin_bf_t128x128k64g24s32mk32ra_texture3d_texture2d_half,2048,4096,4096,12.8103,5.364
orin,8b,8da4w,cand,sarc_linear_dq8ca_coopmat_zpgtr_orin_bf_t128x128k64g24s32mk32ra_texture3d_texture2d_half,2048,14336,4096,44.9587,5.35
orin,8b,8da4w,cand,sarc_linear_dq8ca_coopmat_zpgtr_orin_bf_t128x128k64g24s32mk32ra_texture3d_texture2d_half,2048,14336,4096,44.871,5.36
orin,8b,8da4w,cand,sarc_linear_dq8ca_coopmat_zpgtr_orin_bf_t128x128k64g24s32mk32ra_texture3d_texture2d_half,2048,4096,14336,43.6611,5.509
orin,8b,8da4w,cand,sarc_linear_dq8ca_coopmat_zpgtr_orin_bf_t128x128k64g24s32mk32ra_texture3d_texture2d_half,2048,4096,4096,12.8598,5.344
orin,8b,8da4w,cand,sarc_linear_dq8ca_coopmat_zpgtr_orin_bf_t128x128k64g24s32mk32ra_texture3d_texture2d_half,2048,1024,4096,3.2467,5.291
orin,8b,8da4w,cand,sarc_linear_dq8ca_coopmat_zpgtr_orin_bf_t128x128k64g24s32mk32ra_texture3d_texture2d_half,2048,1024,4096,3.2222,5.332
orin,8b,8da4w,cand,sarc_linear_dq8ca_coopmat_zpgtr_orin_bf_t128x128k64g24s32mk32ra_texture3d_texture2d_half,2048,4096,4096,12.8757,5.337
orin,8b,8da4w,cand,sarc_linear_dq8ca_coopmat_zpgtr_orin_bf_t128x128k64g24s32mk32ra_texture3d_texture2d_half,2048,14336,4096,44.9336,5.353
orin,8b,8da4w,cand,sarc_linear_dq8ca_coopmat_zpgtr_orin_bf_t128x128k64g24s32mk32ra_texture3d_texture2d_half,2048,14336,4096,44.9645,5.349
orin,8b,8da4w,cand,sarc_linear_dq8ca_coopmat_zpgtr_orin_bf_t128x128k64g24s32mk32ra_texture3d_texture2d_half,2048,4096,14336,43.4826,5.531
orin,8b,8da4w,cand,sarc_linear_dq8ca_coopmat_zpgtr_orin_bf_t128x128k64g24s32mk32ra_texture3d_texture2d_half,2048,4096,4096,12.7992,5.369
orin,8b,8da4w,cand,sarc_linear_dq8ca_coopmat_zpgtr_orin_bf_t128x128k64g24s32mk32ra_texture3d_texture2d_half,2048,1024,4096,3.2433,5.297
orin,8b,8da4w,cand,sarc_linear_dq8ca_coopmat_zpgtr_orin_bf_t128x128k64g24s32mk32ra_texture3d_texture2d_half,2048,1024,4096,3.2198,5.336
orin,8b,8da4w,cand,sarc_linear_dq8ca_coopmat_zpgtr_orin_bf_t128x128k64g24s32mk32ra_texture3d_texture2d_half,2048,4096,4096,12.8572,5.345
orin,8b,8da4w,cand,sarc_linear_dq8ca_coopmat_zpgtr_orin_bf_t128x128k64g24s32mk32ra_texture3d_texture2d_half,2048,14336,4096,44.8698,5.36
orin,8b,8da4w,cand,sarc_linear_dq8ca_coopmat_zpgtr_orin_bf_t128x128k64g24s32mk32ra_texture3d_texture2d_half,2048,14336,4096,44.9713,5.348
orin,8b,8da4w,cand,sarc_linear_dq8ca_coopmat_zpgtr_orin_bf_t128x128k64g24s32mk32ra_texture3d_texture2d_half,2048,4096,14336,43.6888,5.505
orin,8b,8da4w,cand,sarc_linear_dq8ca_coopmat_zpgtr_orin_bf_t128x128k64g24s32mk32ra_texture3d_texture2d_half,2048,4096,4096,12.8312,5.356
orin,8b,8da4w,cand,sarc_linear_dq8ca_coopmat_zpgtr_orin_bf_t128x128k64g24s32mk32ra_texture3d_texture2d_half,2048,1024,4096,3.2381,5.305
orin,8b,8da4w,cand,sarc_linear_dq8ca_coopmat_zpgtr_orin_bf_t128x128k64g24s32mk32ra_texture3d_texture2d_half,2048,1024,4096,3.2224,5.331
orin,8b,8da4w,cand,sarc_linear_dq8ca_coopmat_zpgtr_orin_bf_t128x128k64g24s32mk32ra_texture3d_texture2d_half,2048,4096,4096,12.846,5.349
orin,8b,8da4w,cand,sarc_linear_dq8ca_coopmat_zpgtr_orin_bf_t128x128k64g24s32mk32ra_texture3d_texture2d_half,2048,14336,4096,44.9869,5.346
orin,8b,8da4w,cand,sarc_linear_dq8ca_coopmat_zpgtr_orin_bf_t128x128k64g24s32mk32ra_texture3d_texture2d_half,2048,14336,4096,45.0157,5.343
orin,8b,8da4w,cand,sarc_linear_dq8ca_coopmat_zpgtr_orin_bf_t128x128k64g24s32mk32ra_texture3d_texture2d_half,2048,4096,14336,43.6457,5.511
orin,8b,8da4w,cand,sarc_linear_dq8ca_coopmat_zpgtr_orin_bf_t128x128k64g24s32mk32ra_texture3d_texture2d_half,2048,4096,4096,12.8583,5.344
orin,8b,8da4w,cand,sarc_linear_dq8ca_coopmat_zpgtr_orin_bf_t128x128k64g24s32mk32ra_texture3d_texture2d_half,2048,1024,4096,3.2446,5.295
orin,8b,8da4w,cand,sarc_linear_dq8ca_coopmat_zpgtr_orin_bf_t128x128k64g24s32mk32ra_texture3d_texture2d_half,2048,1024,4096,3.2228,5.331
orin,8b,8da4w,cand,sarc_linear_dq8ca_coopmat_zpgtr_orin_bf_t128x128k64g24s32mk32ra_texture3d_texture2d_half,2048,4096,4096,12.8144,5.363
orin,8b,8da4w,cand,sarc_linear_dq8ca_coopmat_zpgtr_orin_bf_t128x128k64g24s32mk32ra_texture3d_texture2d_half,2048,14336,4096,44.8787,5.359
orin,8b,8da4w,cand,sarc_linear_dq8ca_coopmat_zpgtr_orin_bf_t128x128k64g24s32mk32ra_texture3d_texture2d_half,2048,14336,4096,44.9371,5.352
orin,8b,8da4w,cand,sarc_linear_dq8ca_coopmat_zpgtr_orin_bf_t128x128k64g24s32mk32ra_texture3d_texture2d_half,2048,4096,14336,43.5943,5.517
orin,8b,8da4w,cand,sarc_linear_dq8ca_coopmat_zpgtr_orin_bf_t128x128k64g24s32mk32ra_texture3d_texture2d_half,2048,4096,4096,12.8661,5.341
orin,8b,8da4w,cand,sarc_linear_dq8ca_coopmat_zpgtr_orin_bf_t128x128k64g24s32mk32ra_texture3d_texture2d_half,2048,1024,4096,3.2383,5.305
orin,8b,8da4w,cand,sarc_linear_dq8ca_coopmat_zpgtr_orin_bf_t128x128k64g24s32mk32ra_texture3d_texture2d_half,2048,1024,4096,3.2126,5.348
orin,8b,8da4w,cand,sarc_linear_dq8ca_coopmat_zpgtr_orin_bf_t128x128k64g24s32mk32ra_texture3d_texture2d_half,2048,4096,4096,12.8525,5.347
orin,8b,8da4w,cand,sarc_linear_dq8ca_coopmat_zpgtr_orin_bf_t128x128k64g24s32mk32ra_texture3d_texture2d_half,2048,14336,4096,45.0324,5.341
orin,8b,8da4w,cand,sarc_linear_dq8ca_coopmat_zpgtr_orin_bf_t128x128k64g24s32mk32ra_texture3d_texture2d_half,2048,14336,4096,44.9268,5.354
orin,8b,8da4w,cand,sarc_linear_dq8ca_coopmat_zpgtr_orin_bf_t128x128k64g24s32mk32ra_texture3d_texture2d_half,2048,4096,14336,43.6366,5.512
orin,8b,8da4w,cand,sarc_linear_dq8ca_coopmat_zpgtr_orin_bf_t128x128k64g24s32mk32ra_texture3d_texture2d_half,2048,4096,4096,12.8204,5.36
orin,8b,8da4w,cand,sarc_linear_dq8ca_coopmat_zpgtr_orin_bf_t128x128k64g24s32mk32ra_texture3d_texture2d_half,2048,1024,4096,3.241,5.301
orin,8b,8da4w,cand,sarc_linear_dq8ca_coopmat_zpgtr_orin_bf_t128x128k64g24s32mk32ra_texture3d_texture2d_half,2048,1024,4096,3.2208,5.334
orin,8b,8da4w,cand,sarc_linear_dq8ca_coopmat_zpgtr_orin_bf_t128x128k64g24s32mk32ra_texture3d_texture2d_half,2048,4096,4096,12.8522,5.347
orin,8b,8da4w,cand,sarc_linear_dq8ca_coopmat_zpgtr_orin_bf_t128x128k64g24s32mk32ra_texture3d_texture2d_half,2048,14336,4096,44.9092,5.356
orin,8b,8da4w,cand,sarc_linear_dq8ca_coopmat_zpgtr_orin_bf_t128x128k64g24s32mk32ra_texture3d_texture2d_half,2048,14336,4096,44.8047,5.368
orin,8b,8da4w,cand,sarc_linear_dq8ca_coopmat_zpgtr_orin_bf_t128x128k64g24s32mk32ra_texture3d_texture2d_half,2048,4096,14336,43.4726,5.533
orin,8b,8da4w,cand,sarc_linear_dq8ca_coopmat_zpgtr_orin_bf_t128x128k64g24s32mk32ra_texture3d_texture2d_half,2048,4096,4096,12.8393,5.352
orin,8b,8da4w,cand,sarc_linear_dq8ca_coopmat_zpgtr_orin_bf_t128x128k64g24s32mk32ra_texture3d_texture2d_half,2048,1024,4096,3.236,5.309
orin,8b,8da4w,cand,sarc_linear_dq8ca_coopmat_zpgtr_orin_bf_t128x128k64g24s32mk32ra_texture3d_texture2d_half,2048,1024,4096,3.2195,5.336
orin,8b,8da4w,cand,sarc_linear_dq8ca_coopmat_zpgtr_orin_bf_t128x128k64g24s32mk32ra_texture3d_texture2d_half,2048,4096,4096,12.8813,5.335
orin,8b,8da4w,cand,sarc_linear_dq8ca_coopmat_zpgtr_orin_bf_t128x128k64g24s32mk32ra_texture3d_texture2d_half,2048,14336,4096,45.0993,5.333
orin,8b,8da4w,cand,sarc_linear_dq8ca_coopmat_zpgtr_orin_bf_t128x128k64g24s32mk32ra_texture3d_texture2d_half,2048,14336,4096,44.8672,5.361
orin,8b,8da4w,cand,sarc_linear_dq8ca_coopmat_zpgtr_orin_bf_t128x128k64g24s32mk32ra_texture3d_texture2d_half,2048,4096,14336,43.5795,5.519
orin,8b,8da4w,cand,sarc_linear_dq8ca_coopmat_zpgtr_orin_bf_t128x128k64g24s32mk32ra_texture3d_texture2d_half,2048,4096,4096,12.8484,5.348
orin,8b,8da4w,cand,sarc_linear_dq8ca_coopmat_zpgtr_orin_bf_t128x128k64g24s32mk32ra_texture3d_texture2d_half,2048,1024,4096,3.229,5.321
orin,8b,8da4w,cand,sarc_linear_dq8ca_coopmat_zpgtr_orin_bf_t128x128k64g24s32mk32ra_texture3d_texture2d_half,2048,1024,4096,3.2158,5.342
orin,8b,8da4w,cand,sarc_linear_dq8ca_coopmat_zpgtr_orin_bf_t128x128k64g24s32mk32ra_texture3d_texture2d_half,2048,4096,4096,12.8518,5.347
orin,8b,8da4w,cand,sarc_linear_dq8ca_coopmat_zpgtr_orin_bf_t128x128k64g24s32mk32ra_texture3d_texture2d_half,2048,14336,4096,44.9445,5.351
orin,8b,8da4w,cand,sarc_linear_dq8ca_coopmat_zpgtr_orin_bf_t128x128k64g24s32mk32ra_texture3d_texture2d_half,2048,14336,4096,44.8909,5.358
orin,8b,8da4w,cand,sarc_linear_dq8ca_coopmat_zpgtr_orin_bf_t128x128k64g24s32mk32ra_texture3d_texture2d_half,2048,4096,14336,43.6382,5.512
orin,8b,8da4w,cand,sarc_linear_dq8ca_coopmat_zpgtr_orin_bf_t128x128k64g24s32mk32ra_texture3d_texture2d_half,2048,4096,4096,12.87,5.34
orin,8b,8da4w,cand,sarc_linear_dq8ca_coopmat_zpgtr_orin_bf_t128x128k64g24s32mk32ra_texture3d_texture2d_half,2048,1024,4096,3.2444,5.295
orin,8b,8da4w,cand,sarc_linear_dq8ca_coopmat_zpgtr_orin_bf_t128x128k64g24s32mk32ra_texture3d_texture2d_half,2048,1024,4096,3.2155,5.343
orin,8b,8da4w,cand,sarc_linear_dq8ca_coopmat_zpgtr_orin_bf_t128x128k64g24s32mk32ra_texture3d_texture2d_half,2048,4096,4096,12.7801,5.377
orin,8b,8da4w,cand,sarc_linear_dq8ca_coopmat_zpgtr_orin_bf_t128x128k64g24s32mk32ra_texture3d_texture2d_half,2048,14336,4096,44.9098,5.356
orin,8b,8da4w,cand,sarc_linear_dq8ca_coopmat_zpgtr_orin_bf_t128x128k64g24s32mk32ra_texture3d_texture2d_half,2048,14336,4096,44.9051,5.356
orin,8b,8da4w,cand,sarc_linear_dq8ca_coopmat_zpgtr_orin_bf_t128x128k64g24s32mk32ra_texture3d_texture2d_half,2048,4096,14336,43.6822,5.506
orin,8b,8da4w,cand,sarc_linear_dq8ca_coopmat_zpgtr_orin_bf_t128x128k64g24s32mk32ra_texture3d_texture2d_half,2048,4096,4096,12.8781,5.336
orin,8b,8da4w,cand,sarc_linear_dq8ca_coopmat_zpgtr_orin_bf_t128x128k64g24s32mk32ra_texture3d_texture2d_half,2048,1024,4096,3.2493,5.287
orin,8b,8da4w,cand,sarc_linear_dq8ca_coopmat_zpgtr_orin_bf_t128x128k64g24s32mk32ra_texture3d_texture2d_half,2048,1024,4096,3.2226,5.331
orin,8b,8da4w,cand,sarc_linear_dq8ca_coopmat_zpgtr_orin_bf_t128x128k64g24s32mk32ra_texture3d_texture2d_half,2048,4096,4096,12.8256,5.358
orin,8b,8da4w,cand,sarc_linear_dq8ca_coopmat_zpgtr_orin_bf_t128x128k64g24s32mk32ra_texture3d_texture2d_half,2048,14336,4096,44.9414,5.352
orin,8b,8da4w,cand,sarc_linear_dq8ca_coopmat_zpgtr_orin_bf_t128x128k64g24s32mk32ra_texture3d_texture2d_half,2048,14336,4096,44.85,5.363
orin,8b,8da4w,cand,sarc_linear_dq8ca_coopmat_zpgtr_orin_bf_t128x128k64g24s32mk32ra_texture3d_texture2d_half,2048,4096,14336,43.6379,5.512
orin,8b,8da4w,cand,sarc_linear_dq8ca_coopmat_zpgtr_orin_bf_t128x128k64g24s32mk32ra_texture3d_texture2d_half,2048,4096,4096,12.8137,5.363
orin,8b,8da4w,cand,sarc_linear_dq8ca_coopmat_zpgtr_orin_bf_t128x128k64g24s32mk32ra_texture3d_texture2d_half,2048,1024,4096,3.2357,5.309
orin,8b,8da4w,cand,sarc_linear_dq8ca_coopmat_zpgtr_orin_bf_t128x128k64g24s32mk32ra_texture3d_texture2d_half,2048,1024,4096,3.2044,5.361
orin,8b,8da4w,cand,sarc_linear_dq8ca_coopmat_zpgtr_orin_bf_t128x128k64g24s32mk32ra_texture3d_texture2d_half,2048,4096,4096,12.8215,5.36
orin,8b,8da4w,cand,sarc_linear_dq8ca_coopmat_zpgtr_orin_bf_t128x128k64g24s32mk32ra_texture3d_texture2d_half,2048,14336,4096,44.9343,5.353
orin,8b,8da4w,cand,sarc_linear_dq8ca_coopmat_zpgtr_orin_bf_t128x128k64g24s32mk32ra_texture3d_texture2d_half,2048,14336,4096,44.764,5.373
orin,8b,8da4w,cand,sarc_linear_dq8ca_coopmat_zpgtr_orin_bf_t128x128k64g24s32mk32ra_texture3d_texture2d_half,2048,4096,14336,43.5181,5.527
orin,8b,8da4w,cand,sarc_linear_dq8ca_coopmat_zpgtr_orin_bf_t128x128k64g24s32mk32ra_texture3d_texture2d_half,2048,4096,4096,12.8316,5.356
orin,8b,8da4w,cand,sarc_linear_dq8ca_coopmat_zpgtr_orin_bf_t128x128k64g24s32mk32ra_texture3d_texture2d_half,2048,1024,4096,3.2419,5.299
orin,8b,8da4w,cand,sarc_linear_dq8ca_coopmat_zpgtr_orin_bf_t128x128k64g24s32mk32ra_texture3d_texture2d_half,2048,1024,4096,3.2287,5.321
orin,8b,8da4w,cand,sarc_linear_dq8ca_coopmat_zpgtr_orin_bf_t128x128k64g24s32mk32ra_texture3d_texture2d_half,2048,4096,4096,12.8452,5.35
orin,8b,8da4w,cand,sarc_linear_dq8ca_coopmat_zpgtr_orin_bf_t128x128k64g24s32mk32ra_texture3d_texture2d_half,2048,14336,4096,44.9524,5.351
orin,8b,8da4w,cand,sarc_linear_dq8ca_coopmat_zpgtr_orin_bf_t128x128k64g24s32mk32ra_texture3d_texture2d_half,2048,14336,4096,44.8893,5.358
orin,8b,8da4w,cand,sarc_linear_dq8ca_coopmat_zpgtr_orin_bf_t128x128k64g24s32mk32ra_texture3d_texture2d_half,2048,4096,14336,43.6757,5.507
orin,8b,8da4w,cand,sarc_linear_dq8ca_coopmat_zpgtr_orin_bf_t128x128k64g24s32mk32ra_texture3d_texture2d_half,2048,4096,4096,12.8495,5.348
orin,8b,8da4w,cand,sarc_linear_dq8ca_coopmat_zpgtr_orin_bf_t128x128k64g24s32mk32ra_texture3d_texture2d_half,2048,1024,4096,3.244,5.296
orin,8b,8da4w,cand,sarc_linear_dq8ca_coopmat_zpgtr_orin_bf_t128x128k64g24s32mk32ra_texture3d_texture2d_half,2048,1024,4096,3.2192,5.337
orin,8b,8da4w,cand,sarc_linear_dq8ca_coopmat_zpgtr_orin_bf_t128x128k64g24s32mk32ra_texture3d_texture2d_half,2048,4096,4096,12.8632,5.342
orin,8b,8da4w,cand,sarc_linear_dq8ca_coopmat_zpgtr_orin_bf_t128x128k64g24s32mk32ra_texture3d_texture2d_half,2048,14336,4096,44.9125,5.355
orin,8b,8da4w,cand,sarc_linear_dq8ca_coopmat_zpgtr_orin_bf_t128x128k64g24s32mk32ra_texture3d_texture2d_half,2048,14336,4096,44.9122,5.355
orin,8b,8da4w,cand,sarc_linear_dq8ca_coopmat_zpgtr_orin_bf_t128x128k64g24s32mk32ra_texture3d_texture2d_half,2048,4096,14336,43.5682,5.52
orin,8b,8da4w,cand,sarc_linear_dq8ca_coopmat_zpgtr_orin_bf_t128x128k64g24s32mk32ra_texture3d_texture2d_half,2048,4096,4096,12.7896,5.373
orin,8b,8da4w,cand,sarc_linear_dq8ca_coopmat_zpgtr_orin_bf_t128x128k64g24s32mk32ra_texture3d_texture2d_half,2048,1024,4096,3.2363,5.309
orin,8b,8da4w,cand,sarc_linear_dq8ca_coopmat_zpgtr_orin_bf_t128x128k64g24s32mk32ra_texture3d_texture2d_half,2048,1024,4096,3.2072,5.357
orin,8b,8da4w,cand,sarc_linear_dq8ca_coopmat_zpgtr_orin_bf_t128x128k64g24s32mk32ra_texture3d_texture2d_half,2048,4096,4096,12.8031,5.367
orin,8b,8da4w,cand,sarc_linear_dq8ca_coopmat_zpgtr_orin_bf_t128x128k64g24s32mk32ra_texture3d_texture2d_half,2048,14336,4096,44.9559,5.35
orin,8b,8da4w,cand,sarc_linear_dq8ca_coopmat_zpgtr_orin_bf_t128x128k64g24s32mk32ra_texture3d_texture2d_half,2048,14336,4096,44.8436,5.363
orin,8b,8da4w,cand,sarc_linear_dq8ca_coopmat_zpgtr_orin_bf_t128x128k64g24s32mk32ra_texture3d_texture2d_half,2048,4096,14336,43.6427,5.511
orin,8b,8da4w,cand,sarc_linear_dq8ca_coopmat_zpgtr_orin_bf_t128x128k64g24s32mk32ra_texture3d_texture2d_half,2048,4096,4096,12.8678,5.34
orin,8b,8da4w,cand,sarc_linear_dq8ca_coopmat_zpgtr_orin_bf_t128x128k64g24s32mk32ra_texture3d_texture2d_half,2048,1024,4096,3.2469,5.291
orin,8b,8da4w,cand,sarc_linear_dq8ca_coopmat_zpgtr_orin_bf_t128x128k64g24s32mk32ra_texture3d_texture2d_half,2048,1024,4096,3.2176,5.339
orin,8b,8da4w,cand,sarc_linear_dq8ca_coopmat_zpgtr_orin_bf_t128x128k64g24s32mk32ra_texture3d_texture2d_half,2048,4096,4096,12.8561,5.345
orin,8b,8da4w,cand,sarc_linear_dq8ca_coopmat_zpgtr_orin_bf_t128x128k64g24s32mk32ra_texture3d_texture2d_half,2048,14336,4096,44.8491,5.363
orin,8b,8da4w,cand,sarc_linear_dq8ca_coopmat_zpgtr_orin_bf_t128x128k64g24s32mk32ra_texture3d_texture2d_half,2048,14336,4096,44.7716,5.372
orin,8b,8da4w,cand,sarc_linear_dq8ca_coopmat_zpgtr_orin_bf_t128x128k64g24s32mk32ra_texture3d_texture2d_half,2048,4096,14336,43.614,5.515
orin,8b,8da4w,cand,sarc_linear_dq8ca_coopmat_zpgtr_orin_bf_t128x128k64g24s32mk32ra_texture3d_texture2d_half,2048,4096,4096,12.8549,5.346
orin,8b,8da4w,cand,sarc_linear_dq8ca_coopmat_zpgtr_orin_bf_t128x128k64g24s32mk32ra_texture3d_texture2d_half,2048,1024,4096,3.2408,5.301
orin,8b,8da4w,cand,sarc_linear_dq8ca_coopmat_zpgtr_orin_bf_t128x128k64g24s32mk32ra_texture3d_texture2d_half,2048,1024,4096,3.2163,5.342
orin,8b,8da4w,cand,sarc_linear_dq8ca_coopmat_zpgtr_orin_bf_t128x128k64g24s32mk32ra_texture3d_texture2d_half,2048,4096,4096,12.8302,5.356
orin,8b,8da4w,cand,sarc_linear_dq8ca_coopmat_zpgtr_orin_bf_t128x128k64g24s32mk32ra_texture3d_texture2d_half,2048,14336,4096,45.038,5.34
orin,8b,8da4w,cand,sarc_linear_dq8ca_coopmat_zpgtr_orin_bf_t128x128k64g24s32mk32ra_texture3d_texture2d_half,2048,14336,4096,44.7492,5.375
orin,8b,8da4w,cand,sarc_linear_dq8ca_coopmat_zpgtr_orin_bf_t128x128k64g24s32mk32ra_texture3d_texture2d_half,2048,4096,14336,43.6409,5.511
orin,8b,8da4w,cand,sarc_linear_dq8ca_coopmat_zpgtr_orin_bf_t128x128k64g24s32mk32ra_texture3d_texture2d_half,2048,4096,4096,12.8461,5.349
orin,8b,8da4w,cand,sarc_linear_dq8ca_coopmat_zpgtr_orin_bf_t128x128k64g24s32mk32ra_texture3d_texture2d_half,2048,1024,4096,3.251,5.284
orin,8b,8da4w,cand,sarc_linear_dq8ca_coopmat_zpgtr_orin_bf_t128x128k64g24s32mk32ra_texture3d_texture2d_half,2048,1024,4096,3.2169,5.341
orin,8b,8da4w,cand,sarc_linear_dq8ca_coopmat_zpgtr_orin_bf_t128x128k64g24s32mk32ra_texture3d_texture2d_half,2048,4096,4096,12.8192,5.361
orin,8b,8da4w,cand,sarc_linear_dq8ca_coopmat_zpgtr_orin_bf_t128x128k64g24s32mk32ra_texture3d_texture2d_half,2048,14336,4096,44.9959,5.345
orin,8b,8da4w,cand,sarc_linear_dq8ca_coopmat_zpgtr_orin_bf_t128x128k64g24s32mk32ra_texture3d_texture2d_half,2048,14336,4096,44.885,5.359
orin,8b,8da4w,cand,sarc_linear_dq8ca_coopmat_zpgtr_orin_bf_t128x128k64g24s32mk32ra_texture3d_texture2d_half,2048,4096,14336,43.6212,5.514
orin,8b,8da4w,cand,sarc_linear_dq8ca_coopmat_zpgtr_orin_bf_t128x128k64g24s32mk32ra_texture3d_texture2d_half,2048,4096,4096,12.858,5.345
orin,8b,8da4w,cand,sarc_linear_dq8ca_coopmat_zpgtr_orin_bf_t128x128k64g24s32mk32ra_texture3d_texture2d_half,2048,1024,4096,3.234,5.312
orin,8b,8da4w,cand,sarc_linear_dq8ca_coopmat_zpgtr_orin_bf_t128x128k64g24s32mk32ra_texture3d_texture2d_half,2048,1024,4096,3.2182,5.338
orin,8b,8da4w,cand,sarc_linear_dq8ca_coopmat_zpgtr_orin_bf_t128x128k64g24s32mk32ra_texture3d_texture2d_half,2048,4096,4096,12.8394,5.352
orin,8b,8da4w,cand,sarc_linear_dq8ca_coopmat_zpgtr_orin_bf_t128x128k64g24s32mk32ra_texture3d_texture2d_half,2048,14336,4096,45.0292,5.341
orin,8b,8da4w,cand,sarc_linear_dq8ca_coopmat_zpgtr_orin_bf_t128x128k64g24s32mk32ra_texture3d_texture2d_half,2048,14336,4096,44.8412,5.364
orin,8b,8da4w,cand,sarc_linear_dq8ca_coopmat_zpgtr_orin_bf_t128x128k64g24s32mk32ra_texture3d_texture2d_half,2048,4096,14336,43.5193,5.527
orin,8b,8da4w,cand,sarc_linear_dq8ca_coopmat_zpgtr_orin_bf_t128x128k64g24s32mk32ra_texture3d_texture2d_half,2048,4096,4096,12.7656,5.383
orin,8b,8da4w,cand,sarc_linear_dq8ca_coopmat_zpgtr_orin_bf_t128x128k64g24s32mk32ra_texture3d_texture2d_half,2048,1024,4096,3.2258,5.326
orin,8b,8da4w,cand,sarc_linear_dq8ca_coopmat_zpgtr_orin_bf_t128x128k64g24s32mk32ra_texture3d_texture2d_half,2048,1024,4096,3.2077,5.356
orin,8b,8da4w,cand,sarc_linear_dq8ca_coopmat_zpgtr_orin_bf_t128x128k64g24s32mk32ra_texture3d_texture2d_half,2048,4096,4096,12.835,5.354
orin,8b,8da4w,cand,sarc_linear_dq8ca_coopmat_zpgtr_orin_bf_t128x128k64g24s32mk32ra_texture3d_texture2d_half,2048,14336,4096,44.963,5.349
orin,8b,8da4w,cand,sarc_linear_dq8ca_coopmat_zpgtr_orin_bf_t128x128k64g24s32mk32ra_texture3d_texture2d_half,2048,14336,4096,44.878,5.359
orin,8b,8da4w,cand,sarc_linear_dq8ca_coopmat_zpgtr_orin_bf_t128x128k64g24s32mk32ra_texture3d_texture2d_half,2048,4096,14336,43.5815,5.519
orin,8b,8da4w,cand,sarc_linear_dq8ca_coopmat_zpgtr_orin_bf_t128x128k64g24s32mk32ra_texture3d_texture2d_half,2048,4096,4096,12.8607,5.343
orin,8b,8da4w,cand,sarc_linear_dq8ca_coopmat_zpgtr_orin_bf_t128x128k64g24s32mk32ra_texture3d_texture2d_half,2048,1024,4096,3.2479,5.289
orin,8b,8da4w,cand,sarc_linear_dq8ca_coopmat_zpgtr_orin_bf_t128x128k64g24s32mk32ra_texture3d_texture2d_half,2048,1024,4096,3.2212,5.333
orin,8b,8da4w,cand,sarc_linear_dq8ca_coopmat_zpgtr_orin_bf_t128x128k64g24s32mk32ra_texture3d_texture2d_half,2048,4096,4096,12.854,5.346
orin,8b,8da4w,cand,sarc_linear_dq8ca_coopmat_zpgtr_orin_bf_t128x128k64g24s32mk32ra_texture3d_texture2d_half,2048,14336,4096,44.9305,5.353
orin,8b,8da4w,cand,sarc_linear_dq8ca_coopmat_zpgtr_orin_bf_t128x128k64g24s32mk32ra_texture3d_texture2d_half,2048,14336,4096,44.9155,5.355
orin,8b,8da4w,cand,sarc_linear_dq8ca_coopmat_zpgtr_orin_bf_t128x128k64g24s32mk32ra_texture3d_texture2d_half,2048,4096,14336,43.5863,5.518
orin,8b,8da4w,cand,sarc_linear_dq8ca_coopmat_zpgtr_orin_bf_t128x128k64g24s32mk32ra_texture3d_texture2d_half,2048,4096,4096,12.8474,5.349
orin,8b,8da4w,cand,sarc_linear_dq8ca_coopmat_zpgtr_orin_bf_t128x128k64g24s32mk32ra_texture3d_texture2d_half,2048,1024,4096,3.2384,5.305
orin,8b,8da4w,cand,sarc_linear_dq8ca_coopmat_zpgtr_orin_bf_t128x128k64g24s32mk32ra_texture3d_texture2d_half,2048,1024,4096,3.2252,5.327
orin,8b,8da4w,cand,sarc_linear_dq8ca_coopmat_zpgtr_orin_bf_t128x128k64g24s32mk32ra_texture3d_texture2d_half,2048,4096,4096,12.8616,5.343
orin,8b,8da4w,cand,sarc_linear_dq8ca_coopmat_zpgtr_orin_bf_t128x128k64g24s32mk32ra_texture3d_texture2d_half,2048,14336,4096,44.8575,5.362
orin,8b,8da4w,cand,sarc_linear_dq8ca_coopmat_zpgtr_orin_bf_t128x128k64g24s32mk32ra_texture3d_texture2d_half,2048,14336,4096,44.8256,5.366
orin,8b,8da4w,cand,sarc_linear_dq8ca_coopmat_zpgtr_orin_bf_t128x128k64g24s32mk32ra_texture3d_texture2d_half,2048,4096,14336,43.5973,5.517
orin,8b,8da4w,cand,sarc_linear_dq8ca_coopmat_zpgtr_orin_bf_t128x128k64g24s32mk32ra_texture3d_texture2d_half,2048,4096,4096,12.8252,5.358
orin,8b,8da4w,cand,sarc_linear_dq8ca_coopmat_zpgtr_orin_bf_t128x128k64g24s32mk32ra_texture3d_texture2d_half,2048,1024,4096,3.2459,5.293
orin,8b,8da4w,cand,sarc_linear_dq8ca_coopmat_zpgtr_orin_bf_t128x128k64g24s32mk32ra_texture3d_texture2d_half,2048,1024,4096,3.2134,5.346
orin,8b,8da4w,cand,sarc_linear_dq8ca_coopmat_zpgtr_orin_bf_t128x128k64g24s32mk32ra_texture3d_texture2d_half,2048,4096,4096,12.8408,5.352
orin,8b,8da4w,cand,sarc_linear_dq8ca_coopmat_zpgtr_orin_bf_t128x128k64g24s32mk32ra_texture3d_texture2d_half,2048,14336,4096,45.0679,5.337
orin,8b,8da4w,cand,sarc_linear_dq8ca_coopmat_zpgtr_orin_bf_t128x128k64g24s32mk32ra_texture3d_texture2d_half,2048,14336,4096,44.8622,5.361
orin,8b,8da4w,cand,sarc_linear_dq8ca_coopmat_zpgtr_orin_bf_t128x128k64g24s32mk32ra_texture3d_texture2d_half,2048,4096,14336,43.6,5.516
orin,8b,8da4w,cand,sarc_linear_dq8ca_coopmat_zpgtr_orin_bf_t128x128k64g24s32mk32ra_texture3d_texture2d_half,2048,4096,4096,12.8363,5.354
orin,8b,8da4w,cand,sarc_linear_dq8ca_coopmat_zpgtr_orin_bf_t128x128k64g24s32mk32ra_texture3d_texture2d_half,2048,1024,4096,3.2359,5.309
orin,8b,8da4w,cand,sarc_linear_dq8ca_coopmat_zpgtr_orin_bf_t128x128k64g24s32mk32ra_texture3d_texture2d_half,2048,1024,4096,3.2314,5.317
orin,8b,8da4w,cand,sarc_linear_dq8ca_coopmat_zpgtr_orin_bf_t128x128k64g24s32mk32ra_texture3d_texture2d_half,2048,4096,4096,12.8403,5.352
orin,8b,8da4w,cand,sarc_linear_dq8ca_coopmat_zpgtr_orin_bf_t128x128k64g24s32mk32ra_texture3d_texture2d_half,2048,14336,4096,44.9062,5.356
orin,8b,8da4w,cand,sarc_linear_dq8ca_coopmat_zpgtr_orin_bf_t128x128k64g24s32mk32ra_texture3d_texture2d_half,2048,14336,4096,44.9446,5.351
orin,8b,8da4w,cand,sarc_linear_dq8ca_coopmat_zpgtr_orin_bf_t128x128k64g24s32mk32ra_texture3d_texture2d_half,2048,4096,14336,43.4456,5.536
orin,8b,8da4w,cand,sarc_linear_dq8ca_coopmat_zpgtr_orin_bf_t128x128k64g24s32mk32ra_texture3d_texture2d_half,2048,4096,4096,12.7822,5.376
orin,8b,8da4w,cand,sarc_linear_dq8ca_coopmat_zpgtr_orin_bf_t128x128k64g24s32mk32ra_texture3d_texture2d_half,2048,1024,4096,3.2354,5.31
orin,8b,8da4w,cand,sarc_linear_dq8ca_coopmat_zpgtr_orin_bf_t128x128k64g24s32mk32ra_texture3d_texture2d_half,2048,1024,4096,3.2098,5.352
orin,8b,8da4w,cand,sarc_linear_dq8ca_coopmat_zpgtr_orin_bf_t128x128k64g24s32mk32ra_texture3d_texture2d_half,2048,4096,4096,12.8589,5.344
orin,8b,8da4w,cand,sarc_linear_dq8ca_coopmat_zpgtr_orin_bf_t128x128k64g24s32mk32ra_texture3d_texture2d_half,2048,14336,4096,45.0324,5.341
orin,8b,8da4w,cand,sarc_linear_dq8ca_coopmat_zpgtr_orin_bf_t128x128k64g24s32mk32ra_texture3d_texture2d_half,2048,14336,4096,44.8503,5.363
orin,8b,8da4w,cand,sarc_linear_dq8ca_coopmat_zpgtr_orin_bf_t128x128k64g24s32mk32ra_texture3d_texture2d_half,2048,4096,14336,43.6036,5.516
orin,8b,8da4w,parent,sarc_linear_dq8ca_coopmat_zpgtr_orin_bf_t128x128k64g24s32mk32ra_texture3d_texture2d_half,2048,4096,4096,12.9391,5.311
orin,8b,8da4w,parent,sarc_linear_dq8ca_coopmat_zpgtr_orin_bf_t128x128k64g24s32mk32ra_texture3d_texture2d_half,2048,1024,4096,3.2414,5.3
orin,8b,8da4w,parent,sarc_linear_dq8ca_coopmat_zpgtr_orin_bf_t128x128k64g24s32mk32ra_texture3d_texture2d_half,2048,1024,4096,3.2234,5.33
orin,8b,8da4w,parent,sarc_linear_dq8ca_coopmat_zpgtr_orin_bf_t128x128k64g24s32mk32ra_texture3d_texture2d_half,2048,4096,4096,12.8328,5.355
orin,8b,8da4w,parent,sarc_linear_dq8ca_coopmat_zpgtr_orin_bf_t128x128k64g24s32mk32ra_texture3d_texture2d_half,2048,14336,4096,45.0868,5.335
orin,8b,8da4w,parent,sarc_linear_dq8ca_coopmat_zpgtr_orin_bf_t128x128k64g24s32mk32ra_texture3d_texture2d_half,2048,14336,4096,44.7018,5.381
orin,8b,8da4w,parent,sarc_linear_dq8ca_coopmat_zpgtr_orin_bf_t128x128k64g24s32mk32ra_texture3d_texture2d_half,2048,4096,14336,43.4401,5.537
orin,8b,8da4w,parent,sarc_linear_dq8ca_coopmat_zpgtr_orin_bf_t128x128k64g24s32mk32ra_texture3d_texture2d_half,2048,4096,4096,12.8253,5.358
orin,8b,8da4w,parent,sarc_linear_dq8ca_coopmat_zpgtr_orin_bf_t128x128k64g24s32mk32ra_texture3d_texture2d_half,2048,1024,4096,3.234,5.312
orin,8b,8da4w,parent,sarc_linear_dq8ca_coopmat_zpgtr_orin_bf_t128x128k64g24s32mk32ra_texture3d_texture2d_half,2048,1024,4096,3.2294,5.32
orin,8b,8da4w,parent,sarc_linear_dq8ca_coopmat_zpgtr_orin_bf_t128x128k64g24s32mk32ra_texture3d_texture2d_half,2048,4096,4096,12.8371,5.353
orin,8b,8da4w,parent,sarc_linear_dq8ca_coopmat_zpgtr_orin_bf_t128x128k64g24s32mk32ra_texture3d_texture2d_half,2048,14336,4096,44.9188,5.355
orin,8b,8da4w,parent,sarc_linear_dq8ca_coopmat_zpgtr_orin_bf_t128x128k64g24s32mk32ra_texture3d_texture2d_half,2048,14336,4096,44.8241,5.366
orin,8b,8da4w,parent,sarc_linear_dq8ca_coopmat_zpgtr_orin_bf_t128x128k64g24s32mk32ra_texture3d_texture2d_half,2048,4096,14336,43.6376,5.512
orin,8b,8da4w,parent,sarc_linear_dq8ca_coopmat_zpgtr_orin_bf_t128x128k64g24s32mk32ra_texture3d_texture2d_half,2048,4096,4096,12.84,5.352
orin,8b,8da4w,parent,sarc_linear_dq8ca_coopmat_zpgtr_orin_bf_t128x128k64g24s32mk32ra_texture3d_texture2d_half,2048,1024,4096,3.2334,5.313
orin,8b,8da4w,parent,sarc_linear_dq8ca_coopmat_zpgtr_orin_bf_t128x128k64g24s32mk32ra_texture3d_texture2d_half,2048,1024,4096,3.2146,5.344
orin,8b,8da4w,parent,sarc_linear_dq8ca_coopmat_zpgtr_orin_bf_t128x128k64g24s32mk32ra_texture3d_texture2d_half,2048,4096,4096,12.8652,5.342
orin,8b,8da4w,parent,sarc_linear_dq8ca_coopmat_zpgtr_orin_bf_t128x128k64g24s32mk32ra_texture3d_texture2d_half,2048,14336,4096,44.9068,5.356
orin,8b,8da4w,parent,sarc_linear_dq8ca_coopmat_zpgtr_orin_bf_t128x128k64g24s32mk32ra_texture3d_texture2d_half,2048,14336,4096,44.8441,5.363
orin,8b,8da4w,parent,sarc_linear_dq8ca_coopmat_zpgtr_orin_bf_t128x128k64g24s32mk32ra_texture3d_texture2d_half,2048,4096,14336,43.662,5.509
orin,8b,8da4w,parent,sarc_linear_dq8ca_coopmat_zpgtr_orin_bf_t128x128k64g24s32mk32ra_texture3d_texture2d_half,2048,4096,4096,12.8236,5.359
orin,8b,8da4w,parent,sarc_linear_dq8ca_coopmat_zpgtr_orin_bf_t128x128k64g24s32mk32ra_texture3d_texture2d_half,2048,1024,4096,3.2479,5.29
orin,8b,8da4w,parent,sarc_linear_dq8ca_coopmat_zpgtr_orin_bf_t128x128k64g24s32mk32ra_texture3d_texture2d_half,2048,1024,4096,3.2211,5.334
orin,8b,8da4w,parent,sarc_linear_dq8ca_coopmat_zpgtr_orin_bf_t128x128k64g24s32mk32ra_texture3d_texture2d_half,2048,4096,4096,12.7868,5.374
orin,8b,8da4w,parent,sarc_linear_dq8ca_coopmat_zpgtr_orin_bf_t128x128k64g24s32mk32ra_texture3d_texture2d_half,2048,14336,4096,44.86,5.362
orin,8b,8da4w,parent,sarc_linear_dq8ca_coopmat_zpgtr_orin_bf_t128x128k64g24s32mk32ra_texture3d_texture2d_half,2048,14336,4096,44.8812,5.359
orin,8b,8da4w,parent,sarc_linear_dq8ca_coopmat_zpgtr_orin_bf_t128x128k64g24s32mk32ra_texture3d_texture2d_half,2048,4096,14336,43.6436,5.511
orin,8b,8da4w,parent,sarc_linear_dq8ca_coopmat_zpgtr_orin_bf_t128x128k64g24s32mk32ra_texture3d_texture2d_half,2048,4096,4096,12.8751,5.337
orin,8b,8da4w,parent,sarc_linear_dq8ca_coopmat_zpgtr_orin_bf_t128x128k64g24s32mk32ra_texture3d_texture2d_half,2048,1024,4096,3.2387,5.305
orin,8b,8da4w,parent,sarc_linear_dq8ca_coopmat_zpgtr_orin_bf_t128x128k64g24s32mk32ra_texture3d_texture2d_half,2048,1024,4096,3.2127,5.347
orin,8b,8da4w,parent,sarc_linear_dq8ca_coopmat_zpgtr_orin_bf_t128x128k64g24s32mk32ra_texture3d_texture2d_half,2048,4096,4096,12.8205,5.36
orin,8b,8da4w,parent,sarc_linear_dq8ca_coopmat_zpgtr_orin_bf_t128x128k64g24s32mk32ra_texture3d_texture2d_half,2048,14336,4096,44.8887,5.358
orin,8b,8da4w,parent,sarc_linear_dq8ca_coopmat_zpgtr_orin_bf_t128x128k64g24s32mk32ra_texture3d_texture2d_half,2048,14336,4096,44.8145,5.367
orin,8b,8da4w,parent,sarc_linear_dq8ca_coopmat_zpgtr_orin_bf_t128x128k64g24s32mk32ra_texture3d_texture2d_half,2048,4096,14336,43.6862,5.506
orin,8b,8da4w,parent,sarc_linear_dq8ca_coopmat_zpgtr_orin_bf_t128x128k64g24s32mk32ra_texture3d_texture2d_half,2048,4096,4096,12.8343,5.354
orin,8b,8da4w,parent,sarc_linear_dq8ca_coopmat_zpgtr_orin_bf_t128x128k64g24s32mk32ra_texture3d_texture2d_half,2048,1024,4096,3.2298,5.319
orin,8b,8da4w,parent,sarc_linear_dq8ca_coopmat_zpgtr_orin_bf_t128x128k64g24s32mk32ra_texture3d_texture2d_half,2048,1024,4096,3.2191,5.337
orin,8b,8da4w,parent,sarc_linear_dq8ca_coopmat_zpgtr_orin_bf_t128x128k64g24s32mk32ra_texture3d_texture2d_half,2048,4096,4096,12.8329,5.355
orin,8b,8da4w,parent,sarc_linear_dq8ca_coopmat_zpgtr_orin_bf_t128x128k64g24s32mk32ra_texture3d_texture2d_half,2048,14336,4096,44.8452,5.363
orin,8b,8da4w,parent,sarc_linear_dq8ca_coopmat_zpgtr_orin_bf_t128x128k64g24s32mk32ra_texture3d_texture2d_half,2048,14336,4096,44.7966,5.369
orin,8b,8da4w,parent,sarc_linear_dq8ca_coopmat_zpgtr_orin_bf_t128x128k64g24s32mk32ra_texture3d_texture2d_half,2048,4096,14336,43.6098,5.515
orin,8b,8da4w,parent,sarc_linear_dq8ca_coopmat_zpgtr_orin_bf_t128x128k64g24s32mk32ra_texture3d_texture2d_half,2048,4096,4096,12.8585,5.344
orin,8b,8da4w,parent,sarc_linear_dq8ca_coopmat_zpgtr_orin_bf_t128x128k64g24s32mk32ra_texture3d_texture2d_half,2048,1024,4096,3.2373,5.307
orin,8b,8da4w,parent,sarc_linear_dq8ca_coopmat_zpgtr_orin_bf_t128x128k64g24s32mk32ra_texture3d_texture2d_half,2048,1024,4096,3.2184,5.338
orin,8b,8da4w,parent,sarc_linear_dq8ca_coopmat_zpgtr_orin_bf_t128x128k64g24s32mk32ra_texture3d_texture2d_half,2048,4096,4096,12.8416,5.351
orin,8b,8da4w,parent,sarc_linear_dq8ca_coopmat_zpgtr_orin_bf_t128x128k64g24s32mk32ra_texture3d_texture2d_half,2048,14336,4096,44.9958,5.345
orin,8b,8da4w,parent,sarc_linear_dq8ca_coopmat_zpgtr_orin_bf_t128x128k64g24s32mk32ra_texture3d_texture2d_half,2048,14336,4096,44.9139,5.355
orin,8b,8da4w,parent,sarc_linear_dq8ca_coopmat_zpgtr_orin_bf_t128x128k64g24s32mk32ra_texture3d_texture2d_half,2048,4096,14336,43.6381,5.512
orin,8b,8da4w,parent,sarc_linear_dq8ca_coopmat_zpgtr_orin_bf_t128x128k64g24s32mk32ra_texture3d_texture2d_half,2048,4096,4096,12.8437,5.35
orin,8b,8da4w,parent,sarc_linear_dq8ca_coopmat_zpgtr_orin_bf_t128x128k64g24s32mk32ra_texture3d_texture2d_half,2048,1024,4096,3.2379,5.306
orin,8b,8da4w,parent,sarc_linear_dq8ca_coopmat_zpgtr_orin_bf_t128x128k64g24s32mk32ra_texture3d_texture2d_half,2048,1024,4096,3.2218,5.332
orin,8b,8da4w,parent,sarc_linear_dq8ca_coopmat_zpgtr_orin_bf_t128x128k64g24s32mk32ra_texture3d_texture2d_half,2048,4096,4096,12.8197,5.36
orin,8b,8da4w,parent,sarc_linear_dq8ca_coopmat_zpgtr_orin_bf_t128x128k64g24s32mk32ra_texture3d_texture2d_half,2048,14336,4096,44.9796,5.347
orin,8b,8da4w,parent,sarc_linear_dq8ca_coopmat_zpgtr_orin_bf_t128x128k64g24s32mk32ra_texture3d_texture2d_half,2048,14336,4096,44.9204,5.354
orin,8b,8da4w,parent,sarc_linear_dq8ca_coopmat_zpgtr_orin_bf_t128x128k64g24s32mk32ra_texture3d_texture2d_half,2048,4096,14336,43.6828,5.506
orin,8b,8da4w,parent,sarc_linear_dq8ca_coopmat_zpgtr_orin_bf_t128x128k64g24s32mk32ra_texture3d_texture2d_half,2048,4096,4096,12.8196,5.36
orin,8b,8da4w,parent,sarc_linear_dq8ca_coopmat_zpgtr_orin_bf_t128x128k64g24s32mk32ra_texture3d_texture2d_half,2048,1024,4096,3.1987,5.371
orin,8b,8da4w,parent,sarc_linear_dq8ca_coopmat_zpgtr_orin_bf_t128x128k64g24s32mk32ra_texture3d_texture2d_half,2048,1024,4096,3.227,5.324
orin,8b,8da4w,parent,sarc_linear_dq8ca_coopmat_zpgtr_orin_bf_t128x128k64g24s32mk32ra_texture3d_texture2d_half,2048,4096,4096,12.8183,5.361
orin,8b,8da4w,parent,sarc_linear_dq8ca_coopmat_zpgtr_orin_bf_t128x128k64g24s32mk32ra_texture3d_texture2d_half,2048,14336,4096,45.0004,5.345
orin,8b,8da4w,parent,sarc_linear_dq8ca_coopmat_zpgtr_orin_bf_t128x128k64g24s32mk32ra_texture3d_texture2d_half,2048,14336,4096,44.8229,5.366
orin,8b,8da4w,parent,sarc_linear_dq8ca_coopmat_zpgtr_orin_bf_t128x128k64g24s32mk32ra_texture3d_texture2d_half,2048,4096,14336,43.6324,5.512
orin,8b,8da4w,parent,sarc_linear_dq8ca_coopmat_zpgtr_orin_bf_t128x128k64g24s32mk32ra_texture3d_texture2d_half,2048,4096,4096,12.8323,5.355
orin,8b,8da4w,parent,sarc_linear_dq8ca_coopmat_zpgtr_orin_bf_t128x128k64g24s32mk32ra_texture3d_texture2d_half,2048,1024,4096,3.2429,5.298
orin,8b,8da4w,parent,sarc_linear_dq8ca_coopmat_zpgtr_orin_bf_t128x128k64g24s32mk32ra_texture3d_texture2d_half,2048,1024,4096,3.2212,5.333
orin,8b,8da4w,parent,sarc_linear_dq8ca_coopmat_zpgtr_orin_bf_t128x128k64g24s32mk32ra_texture3d_texture2d_half,2048,4096,4096,12.8528,5.347
orin,8b,8da4w,parent,sarc_linear_dq8ca_coopmat_zpgtr_orin_bf_t128x128k64g24s32mk32ra_texture3d_texture2d_half,2048,14336,4096,44.9963,5.345
orin,8b,8da4w,parent,sarc_linear_dq8ca_coopmat_zpgtr_orin_bf_t128x128k64g24s32mk32ra_texture3d_texture2d_half,2048,14336,4096,44.8393,5.364
orin,8b,8da4w,parent,sarc_linear_dq8ca_coopmat_zpgtr_orin_bf_t128x128k64g24s32mk32ra_texture3d_texture2d_half,2048,4096,14336,43.6494,5.51
orin,8b,8da4w,parent,sarc_linear_dq8ca_coopmat_zpgtr_orin_bf_t128x128k64g24s32mk32ra_texture3d_texture2d_half,2048,4096,4096,12.8555,5.346
orin,8b,8da4w,parent,sarc_linear_dq8ca_coopmat_zpgtr_orin_bf_t128x128k64g24s32mk32ra_texture3d_texture2d_half,2048,1024,4096,3.2383,5.305
orin,8b,8da4w,parent,sarc_linear_dq8ca_coopmat_zpgtr_orin_bf_t128x128k64g24s32mk32ra_texture3d_texture2d_half,2048,1024,4096,3.2198,5.336
orin,8b,8da4w,parent,sarc_linear_dq8ca_coopmat_zpgtr_orin_bf_t128x128k64g24s32mk32ra_texture3d_texture2d_half,2048,4096,4096,12.8947,5.329
orin,8b,8da4w,parent,sarc_linear_dq8ca_coopmat_zpgtr_orin_bf_t128x128k64g24s32mk32ra_texture3d_texture2d_half,2048,14336,4096,44.9602,5.35
orin,8b,8da4w,parent,sarc_linear_dq8ca_coopmat_zpgtr_orin_bf_t128x128k64g24s32mk32ra_texture3d_texture2d_half,2048,14336,4096,44.6136,5.391
orin,8b,8da4w,parent,sarc_linear_dq8ca_coopmat_zpgtr_orin_bf_t128x128k64g24s32mk32ra_texture3d_texture2d_half,2048,4096,14336,43.6353,5.512
orin,8b,8da4w,parent,sarc_linear_dq8ca_coopmat_zpgtr_orin_bf_t128x128k64g24s32mk32ra_texture3d_texture2d_half,2048,4096,4096,12.8405,5.352
orin,8b,8da4w,parent,sarc_linear_dq8ca_coopmat_zpgtr_orin_bf_t128x128k64g24s32mk32ra_texture3d_texture2d_half,2048,1024,4096,3.234,5.312
orin,8b,8da4w,parent,sarc_linear_dq8ca_coopmat_zpgtr_orin_bf_t128x128k64g24s32mk32ra_texture3d_texture2d_half,2048,1024,4096,3.2234,5.33
orin,8b,8da4w,parent,sarc_linear_dq8ca_coopmat_zpgtr_orin_bf_t128x128k64g24s32mk32ra_texture3d_texture2d_half,2048,4096,4096,12.8487,5.348
orin,8b,8da4w,parent,sarc_linear_dq8ca_coopmat_zpgtr_orin_bf_t128x128k64g24s32mk32ra_texture3d_texture2d_half,2048,14336,4096,44.9456,5.351
orin,8b,8da4w,parent,sarc_linear_dq8ca_coopmat_zpgtr_orin_bf_t128x128k64g24s32mk32ra_texture3d_texture2d_half,2048,14336,4096,44.9774,5.348
orin,8b,8da4w,parent,sarc_linear_dq8ca_coopmat_zpgtr_orin_bf_t128x128k64g24s32mk32ra_texture3d_texture2d_half,2048,4096,14336,43.6443,5.511
orin,8b,8da4w,parent,sarc_linear_dq8ca_coopmat_zpgtr_orin_bf_t128x128k64g24s32mk32ra_texture3d_texture2d_half,2048,4096,4096,12.8753,5.337
orin,8b,8da4w,parent,sarc_linear_dq8ca_coopmat_zpgtr_orin_bf_t128x128k64g24s32mk32ra_texture3d_texture2d_half,2048,1024,4096,3.2431,5.297
orin,8b,8da4w,parent,sarc_linear_dq8ca_coopmat_zpgtr_orin_bf_t128x128k64g24s32mk32ra_texture3d_texture2d_half,2048,1024,4096,3.2199,5.335
orin,8b,8da4w,parent,sarc_linear_dq8ca_coopmat_zpgtr_orin_bf_t128x128k64g24s32mk32ra_texture3d_texture2d_half,2048,4096,4096,12.8238,5.359
orin,8b,8da4w,parent,sarc_linear_dq8ca_coopmat_zpgtr_orin_bf_t128x128k64g24s32mk32ra_texture3d_texture2d_half,2048,14336,4096,45.0231,5.342
orin,8b,8da4w,parent,sarc_linear_dq8ca_coopmat_zpgtr_orin_bf_t128x128k64g24s32mk32ra_texture3d_texture2d_half,2048,14336,4096,44.923,5.354
orin,8b,8da4w,parent,sarc_linear_dq8ca_coopmat_zpgtr_orin_bf_t128x128k64g24s32mk32ra_texture3d_texture2d_half,2048,4096,14336,43.6279,5.513
orin,8b,8da4w,parent,sarc_linear_dq8ca_coopmat_zpgtr_orin_bf_t128x128k64g24s32mk32ra_texture3d_texture2d_half,2048,4096,4096,12.7566,5.387
orin,8b,8da4w,parent,sarc_linear_dq8ca_coopmat_zpgtr_orin_bf_t128x128k64g24s32mk32ra_texture3d_texture2d_half,2048,1024,4096,3.2197,5.336
orin,8b,8da4w,parent,sarc_linear_dq8ca_coopmat_zpgtr_orin_bf_t128x128k64g24s32mk32ra_texture3d_texture2d_half,2048,1024,4096,3.2029,5.364
orin,8b,8da4w,parent,sarc_linear_dq8ca_coopmat_zpgtr_orin_bf_t128x128k64g24s32mk32ra_texture3d_texture2d_half,2048,4096,4096,12.8537,5.346
orin,8b,8da4w,parent,sarc_linear_dq8ca_coopmat_zpgtr_orin_bf_t128x128k64g24s32mk32ra_texture3d_texture2d_half,2048,14336,4096,44.8771,5.359
orin,8b,8da4w,parent,sarc_linear_dq8ca_coopmat_zpgtr_orin_bf_t128x128k64g24s32mk32ra_texture3d_texture2d_half,2048,14336,4096,44.8357,5.364
orin,8b,8da4w,parent,sarc_linear_dq8ca_coopmat_zpgtr_orin_bf_t128x128k64g24s32mk32ra_texture3d_texture2d_half,2048,4096,14336,43.5988,5.517
orin,8b,8da4w,parent,sarc_linear_dq8ca_coopmat_zpgtr_orin_bf_t128x128k64g24s32mk32ra_texture3d_texture2d_half,2048,4096,4096,12.7867,5.374
orin,8b,8da4w,parent,sarc_linear_dq8ca_coopmat_zpgtr_orin_bf_t128x128k64g24s32mk32ra_texture3d_texture2d_half,2048,1024,4096,3.2444,5.295
orin,8b,8da4w,parent,sarc_linear_dq8ca_coopmat_zpgtr_orin_bf_t128x128k64g24s32mk32ra_texture3d_texture2d_half,2048,1024,4096,3.2072,5.357
orin,8b,8da4w,parent,sarc_linear_dq8ca_coopmat_zpgtr_orin_bf_t128x128k64g24s32mk32ra_texture3d_texture2d_half,2048,4096,4096,12.8419,5.351
orin,8b,8da4w,parent,sarc_linear_dq8ca_coopmat_zpgtr_orin_bf_t128x128k64g24s32mk32ra_texture3d_texture2d_half,2048,14336,4096,44.9531,5.35
orin,8b,8da4w,parent,sarc_linear_dq8ca_coopmat_zpgtr_orin_bf_t128x128k64g24s32mk32ra_texture3d_texture2d_half,2048,14336,4096,44.8852,5.359
orin,8b,8da4w,parent,sarc_linear_dq8ca_coopmat_zpgtr_orin_bf_t128x128k64g24s32mk32ra_texture3d_texture2d_half,2048,4096,14336,43.6508,5.51
orin,8b,8da4w,parent,sarc_linear_dq8ca_coopmat_zpgtr_orin_bf_t128x128k64g24s32mk32ra_texture3d_texture2d_half,2048,4096,4096,12.8223,5.359
orin,8b,8da4w,parent,sarc_linear_dq8ca_coopmat_zpgtr_orin_bf_t128x128k64g24s32mk32ra_texture3d_texture2d_half,2048,1024,4096,3.2339,5.313
orin,8b,8da4w,parent,sarc_linear_dq8ca_coopmat_zpgtr_orin_bf_t128x128k64g24s32mk32ra_texture3d_texture2d_half,2048,1024,4096,3.2142,5.345
orin,8b,8da4w,parent,sarc_linear_dq8ca_coopmat_zpgtr_orin_bf_t128x128k64g24s32mk32ra_texture3d_texture2d_half,2048,4096,4096,12.8507,5.348
orin,8b,8da4w,parent,sarc_linear_dq8ca_coopmat_zpgtr_orin_bf_t128x128k64g24s32mk32ra_texture3d_texture2d_half,2048,14336,4096,44.7998,5.369
orin,8b,8da4w,parent,sarc_linear_dq8ca_coopmat_zpgtr_orin_bf_t128x128k64g24s32mk32ra_texture3d_texture2d_half,2048,14336,4096,44.7867,5.37
orin,8b,8da4w,parent,sarc_linear_dq8ca_coopmat_zpgtr_orin_bf_t128x128k64g24s32mk32ra_texture3d_texture2d_half,2048,4096,14336,43.6467,5.511
orin,8b,8da4w,parent,sarc_linear_dq8ca_coopmat_zpgtr_orin_bf_t128x128k64g24s32mk32ra_texture3d_texture2d_half,2048,4096,4096,12.8498,5.348
orin,8b,8da4w,parent,sarc_linear_dq8ca_coopmat_zpgtr_orin_bf_t128x128k64g24s32mk32ra_texture3d_texture2d_half,2048,1024,4096,3.2411,5.301
orin,8b,8da4w,parent,sarc_linear_dq8ca_coopmat_zpgtr_orin_bf_t128x128k64g24s32mk32ra_texture3d_texture2d_half,2048,1024,4096,3.2191,5.337
orin,8b,8da4w,parent,sarc_linear_dq8ca_coopmat_zpgtr_orin_bf_t128x128k64g24s32mk32ra_texture3d_texture2d_half,2048,4096,4096,12.845,5.35
orin,8b,8da4w,parent,sarc_linear_dq8ca_coopmat_zpgtr_orin_bf_t128x128k64g24s32mk32ra_texture3d_texture2d_half,2048,14336,4096,44.9583,5.35
orin,8b,8da4w,parent,sarc_linear_dq8ca_coopmat_zpgtr_orin_bf_t128x128k64g24s32mk32ra_texture3d_texture2d_half,2048,14336,4096,44.8912,5.358
orin,8b,8da4w,parent,sarc_linear_dq8ca_coopmat_zpgtr_orin_bf_t128x128k64g24s32mk32ra_texture3d_texture2d_half,2048,4096,14336,43.6279,5.513
orin,8b,8da4w,parent,sarc_linear_dq8ca_coopmat_zpgtr_orin_bf_t128x128k64g24s32mk32ra_texture3d_texture2d_half,2048,4096,4096,12.8139,5.363
orin,8b,8da4w,parent,sarc_linear_dq8ca_coopmat_zpgtr_orin_bf_t128x128k64g24s32mk32ra_texture3d_texture2d_half,2048,1024,4096,3.2298,5.319
orin,8b,8da4w,parent,sarc_linear_dq8ca_coopmat_zpgtr_orin_bf_t128x128k64g24s32mk32ra_texture3d_texture2d_half,2048,1024,4096,3.2275,5.323
orin,8b,8da4w,parent,sarc_linear_dq8ca_coopmat_zpgtr_orin_bf_t128x128k64g24s32mk32ra_texture3d_texture2d_half,2048,4096,4096,12.8162,5.362
orin,8b,8da4w,parent,sarc_linear_dq8ca_coopmat_zpgtr_orin_bf_t128x128k64g24s32mk32ra_texture3d_texture2d_half,2048,14336,4096,44.8835,5.359
orin,8b,8da4w,parent,sarc_linear_dq8ca_coopmat_zpgtr_orin_bf_t128x128k64g24s32mk32ra_texture3d_texture2d_half,2048,14336,4096,44.9006,5.357
orin,8b,8da4w,parent,sarc_linear_dq8ca_coopmat_zpgtr_orin_bf_t128x128k64g24s32mk32ra_texture3d_texture2d_half,2048,4096,14336,43.4644,5.534
orin,8b,8da4w,parent,sarc_linear_dq8ca_coopmat_zpgtr_orin_bf_t128x128k64g24s32mk32ra_texture3d_texture2d_half,2048,4096,4096,12.8045,5.367
orin,8b,8da4w,parent,sarc_linear_dq8ca_coopmat_zpgtr_orin_bf_t128x128k64g24s32mk32ra_texture3d_texture2d_half,2048,1024,4096,3.2361,5.309
orin,8b,8da4w,parent,sarc_linear_dq8ca_coopmat_zpgtr_orin_bf_t128x128k64g24s32mk32ra_texture3d_texture2d_half,2048,1024,4096,3.2283,5.322
orin,8b,8da4w,parent,sarc_linear_dq8ca_coopmat_zpgtr_orin_bf_t128x128k64g24s32mk32ra_texture3d_texture2d_half,2048,4096,4096,12.8291,5.357
orin,8b,8da4w,parent,sarc_linear_dq8ca_coopmat_zpgtr_orin_bf_t128x128k64g24s32mk32ra_texture3d_texture2d_half,2048,14336,4096,44.9079,5.356
orin,8b,8da4w,parent,sarc_linear_dq8ca_coopmat_zpgtr_orin_bf_t128x128k64g24s32mk32ra_texture3d_texture2d_half,2048,14336,4096,44.8527,5.362
orin,8b,8da4w,parent,sarc_linear_dq8ca_coopmat_zpgtr_orin_bf_t128x128k64g24s32mk32ra_texture3d_texture2d_half,2048,4096,14336,43.5858,5.518
orin,8b,8da4w,parent,sarc_linear_dq8ca_coopmat_zpgtr_orin_bf_t128x128k64g24s32mk32ra_texture3d_texture2d_half,2048,4096,4096,12.8262,5.358
orin,8b,8da4w,parent,sarc_linear_dq8ca_coopmat_zpgtr_orin_bf_t128x128k64g24s32mk32ra_texture3d_texture2d_half,2048,1024,4096,3.2268,5.324
orin,8b,8da4w,parent,sarc_linear_dq8ca_coopmat_zpgtr_orin_bf_t128x128k64g24s32mk32ra_texture3d_texture2d_half,2048,1024,4096,3.2276,5.323
orin,8b,8da4w,parent,sarc_linear_dq8ca_coopmat_zpgtr_orin_bf_t128x128k64g24s32mk32ra_texture3d_texture2d_half,2048,4096,4096,12.8221,5.359
orin,8b,8da4w,parent,sarc_linear_dq8ca_coopmat_zpgtr_orin_bf_t128x128k64g24s32mk32ra_texture3d_texture2d_half,2048,14336,4096,44.9738,5.348
orin,8b,8da4w,parent,sarc_linear_dq8ca_coopmat_zpgtr_orin_bf_t128x128k64g24s32mk32ra_texture3d_texture2d_half,2048,14336,4096,44.7396,5.376
orin,8b,8da4w,parent,sarc_linear_dq8ca_coopmat_zpgtr_orin_bf_t128x128k64g24s32mk32ra_texture3d_texture2d_half,2048,4096,14336,43.6053,5.516
orin,8b,8da4w,parent,sarc_linear_dq8ca_coopmat_zpgtr_orin_bf_t128x128k64g24s32mk32ra_texture3d_texture2d_half,2048,4096,4096,12.841,5.352
orin,8b,8da4w,parent,sarc_linear_dq8ca_coopmat_zpgtr_orin_bf_t128x128k64g24s32mk32ra_texture3d_texture2d_half,2048,1024,4096,3.2271,5.324
orin,8b,8da4w,parent,sarc_linear_dq8ca_coopmat_zpgtr_orin_bf_t128x128k64g24s32mk32ra_texture3d_texture2d_half,2048,1024,4096,3.2195,5.336
orin,8b,8da4w,parent,sarc_linear_dq8ca_coopmat_zpgtr_orin_bf_t128x128k64g24s32mk32ra_texture3d_texture2d_half,2048,4096,4096,12.7921,5.372
orin,8b,8da4w,parent,sarc_linear_dq8ca_coopmat_zpgtr_orin_bf_t128x128k64g24s32mk32ra_texture3d_texture2d_half,2048,14336,4096,44.8321,5.365
orin,8b,8da4w,parent,sarc_linear_dq8ca_coopmat_zpgtr_orin_bf_t128x128k64g24s32mk32ra_texture3d_texture2d_half,2048,14336,4096,44.8909,5.358
orin,8b,8da4w,parent,sarc_linear_dq8ca_coopmat_zpgtr_orin_bf_t128x128k64g24s32mk32ra_texture3d_texture2d_half,2048,4096,14336,43.6052,5.516
orin,8b,8da4w,parent,sarc_linear_dq8ca_coopmat_zpgtr_orin_bf_t128x128k64g24s32mk32ra_texture3d_texture2d_half,2048,4096,4096,12.8728,5.338
orin,8b,8da4w,parent,sarc_linear_dq8ca_coopmat_zpgtr_orin_bf_t128x128k64g24s32mk32ra_texture3d_texture2d_half,2048,1024,4096,3.2516,5.284
orin,8b,8da4w,parent,sarc_linear_dq8ca_coopmat_zpgtr_orin_bf_t128x128k64g24s32mk32ra_texture3d_texture2d_half,2048,1024,4096,3.2196,5.336
orin,8b,8da4w,parent,sarc_linear_dq8ca_coopmat_zpgtr_orin_bf_t128x128k64g24s32mk32ra_texture3d_texture2d_half,2048,4096,4096,12.8504,5.348
orin,8b,8da4w,parent,sarc_linear_dq8ca_coopmat_zpgtr_orin_bf_t128x128k64g24s32mk32ra_texture3d_texture2d_half,2048,14336,4096,45.0406,5.34
orin,8b,8da4w,parent,sarc_linear_dq8ca_coopmat_zpgtr_orin_bf_t128x128k64g24s32mk32ra_texture3d_texture2d_half,2048,14336,4096,44.8185,5.366
orin,8b,8da4w,parent,sarc_linear_dq8ca_coopmat_zpgtr_orin_bf_t128x128k64g24s32mk32ra_texture3d_texture2d_half,2048,4096,14336,43.6521,5.51
orin,8b,8da4w,parent,sarc_linear_dq8ca_coopmat_zpgtr_orin_bf_t128x128k64g24s32mk32ra_texture3d_texture2d_half,2048,4096,4096,12.8414,5.351
orin,8b,8da4w,parent,sarc_linear_dq8ca_coopmat_zpgtr_orin_bf_t128x128k64g24s32mk32ra_texture3d_texture2d_half,2048,1024,4096,3.2353,5.31
orin,8b,8da4w,parent,sarc_linear_dq8ca_coopmat_zpgtr_orin_bf_t128x128k64g24s32mk32ra_texture3d_texture2d_half,2048,1024,4096,3.2128,5.347
orin,8b,8da4w,parent,sarc_linear_dq8ca_coopmat_zpgtr_orin_bf_t128x128k64g24s32mk32ra_texture3d_texture2d_half,2048,4096,4096,12.8651,5.342
orin,8b,8da4w,parent,sarc_linear_dq8ca_coopmat_zpgtr_orin_bf_t128x128k64g24s32mk32ra_texture3d_texture2d_half,2048,14336,4096,45.1162,5.331
orin,8b,8da4w,parent,sarc_linear_dq8ca_coopmat_zpgtr_orin_bf_t128x128k64g24s32mk32ra_texture3d_texture2d_half,2048,14336,4096,44.7558,5.374
orin,8b,8da4w,parent,sarc_linear_dq8ca_coopmat_zpgtr_orin_bf_t128x128k64g24s32mk32ra_texture3d_texture2d_half,2048,4096,14336,43.4461,5.536
orin,8b,8da4w,parent,sarc_linear_dq8ca_coopmat_zpgtr_orin_bf_t128x128k64g24s32mk32ra_texture3d_texture2d_half,2048,4096,4096,12.8541,5.346
orin,8b,8da4w,parent,sarc_linear_dq8ca_coopmat_zpgtr_orin_bf_t128x128k64g24s32mk32ra_texture3d_texture2d_half,2048,1024,4096,3.2465,5.292
orin,8b,8da4w,parent,sarc_linear_dq8ca_coopmat_zpgtr_orin_bf_t128x128k64g24s32mk32ra_texture3d_texture2d_half,2048,1024,4096,3.2123,5.348
orin,8b,8da4w,parent,sarc_linear_dq8ca_coopmat_zpgtr_orin_bf_t128x128k64g24s32mk32ra_texture3d_texture2d_half,2048,4096,4096,12.8539,5.346
orin,8b,8da4w,parent,sarc_linear_dq8ca_coopmat_zpgtr_orin_bf_t128x128k64g24s32mk32ra_texture3d_texture2d_half,2048,14336,4096,44.9075,5.356
orin,8b,8da4w,parent,sarc_linear_dq8ca_coopmat_zpgtr_orin_bf_t128x128k64g24s32mk32ra_texture3d_texture2d_half,2048,14336,4096,44.7993,5.369
orin,8b,8da4w,parent,sarc_linear_dq8ca_coopmat_zpgtr_orin_bf_t128x128k64g24s32mk32ra_texture3d_texture2d_half,2048,4096,14336,43.6281,5.513
orin,8b,8da4w,parent,sarc_linear_dq8ca_coopmat_zpgtr_orin_bf_t128x128k64g24s32mk32ra_texture3d_texture2d_half,2048,4096,4096,12.8909,5.331
orin,8b,8da4w,parent,sarc_linear_dq8ca_coopmat_zpgtr_orin_bf_t128x128k64g24s32mk32ra_texture3d_texture2d_half,2048,1024,4096,3.2456,5.293
orin,8b,8da4w,parent,sarc_linear_dq8ca_coopmat_zpgtr_orin_bf_t128x128k64g24s32mk32ra_texture3d_texture2d_half,2048,1024,4096,3.2184,5.338
orin,8b,8da4w,parent,sarc_linear_dq8ca_coopmat_zpgtr_orin_bf_t128x128k64g24s32mk32ra_texture3d_texture2d_half,2048,4096,4096,12.8792,5.336
orin,8b,8da4w,parent,sarc_linear_dq8ca_coopmat_zpgtr_orin_bf_t128x128k64g24s32mk32ra_texture3d_texture2d_half,2048,14336,4096,45.0187,5.343
orin,8b,8da4w,parent,sarc_linear_dq8ca_coopmat_zpgtr_orin_bf_t128x128k64g24s32mk32ra_texture3d_texture2d_half,2048,14336,4096,44.9307,5.353
orin,8b,8da4w,parent,sarc_linear_dq8ca_coopmat_zpgtr_orin_bf_t128x128k64g24s32mk32ra_texture3d_texture2d_half,2048,4096,14336,43.6277,5.513
orin,8b,8da4w,parent,sarc_linear_dq8ca_coopmat_zpgtr_orin_bf_t128x128k64g24s32mk32ra_texture3d_texture2d_half,2048,4096,4096,12.8668,5.341
orin,8b,8da4w,parent,sarc_linear_dq8ca_coopmat_zpgtr_orin_bf_t128x128k64g24s32mk32ra_texture3d_texture2d_half,2048,1024,4096,3.2345,5.311
orin,8b,8da4w,parent,sarc_linear_dq8ca_coopmat_zpgtr_orin_bf_t128x128k64g24s32mk32ra_texture3d_texture2d_half,2048,1024,4096,3.2234,5.33
orin,8b,8da4w,parent,sarc_linear_dq8ca_coopmat_zpgtr_orin_bf_t128x128k64g24s32mk32ra_texture3d_texture2d_half,2048,4096,4096,12.7545,5.388
orin,8b,8da4w,parent,sarc_linear_dq8ca_coopmat_zpgtr_orin_bf_t128x128k64g24s32mk32ra_texture3d_texture2d_half,2048,14336,4096,44.8545,5.362
orin,8b,8da4w,parent,sarc_linear_dq8ca_coopmat_zpgtr_orin_bf_t128x128k64g24s32mk32ra_texture3d_texture2d_half,2048,14336,4096,44.913,5.355
orin,8b,8da4w,parent,sarc_linear_dq8ca_coopmat_zpgtr_orin_bf_t128x128k64g24s32mk32ra_texture3d_texture2d_half,2048,4096,14336,43.6237,5.513
orin,8b,8da4w,parent,sarc_linear_dq8ca_coopmat_zpgtr_orin_bf_t128x128k64g24s32mk32ra_texture3d_texture2d_half,2048,4096,4096,12.8601,5.344
orin,8b,8da4w,parent,sarc_linear_dq8ca_coopmat_zpgtr_orin_bf_t128x128k64g24s32mk32ra_texture3d_texture2d_half,2048,1024,4096,3.2442,5.296
orin,8b,8da4w,parent,sarc_linear_dq8ca_coopmat_zpgtr_orin_bf_t128x128k64g24s32mk32ra_texture3d_texture2d_half,2048,1024,4096,3.2163,5.342
orin,8b,8da4w,parent,sarc_linear_dq8ca_coopmat_zpgtr_orin_bf_t128x128k64g24s32mk32ra_texture3d_texture2d_half,2048,4096,4096,12.8344,5.354
orin,8b,8da4w,parent,sarc_linear_dq8ca_coopmat_zpgtr_orin_bf_t128x128k64g24s32mk32ra_texture3d_texture2d_half,2048,14336,4096,44.9557,5.35
orin,8b,8da4w,parent,sarc_linear_dq8ca_coopmat_zpgtr_orin_bf_t128x128k64g24s32mk32ra_texture3d_texture2d_half,2048,14336,4096,44.7885,5.37
orin,8b,8da4w,parent,sarc_linear_dq8ca_coopmat_zpgtr_orin_bf_t128x128k64g24s32mk32ra_texture3d_texture2d_half,2048,4096,14336,43.6571,5.509
orin,8b,8da4w,parent,sarc_linear_dq8ca_coopmat_zpgtr_orin_bf_t128x128k64g24s32mk32ra_texture3d_texture2d_half,2048,4096,4096,12.8208,5.36
orin,8b,8da4w,parent,sarc_linear_dq8ca_coopmat_zpgtr_orin_bf_t128x128k64g24s32mk32ra_texture3d_texture2d_half,2048,1024,4096,3.2277,5.323
orin,8b,8da4w,parent,sarc_linear_dq8ca_coopmat_zpgtr_orin_bf_t128x128k64g24s32mk32ra_texture3d_texture2d_half,2048,1024,4096,3.2186,5.338
orin,8b,8da4w,parent,sarc_linear_dq8ca_coopmat_zpgtr_orin_bf_t128x128k64g24s32mk32ra_texture3d_texture2d_half,2048,4096,4096,12.8565,5.345
orin,8b,8da4w,parent,sarc_linear_dq8ca_coopmat_zpgtr_orin_bf_t128x128k64g24s32mk32ra_texture3d_texture2d_half,2048,14336,4096,44.9655,5.349
orin,8b,8da4w,parent,sarc_linear_dq8ca_coopmat_zpgtr_orin_bf_t128x128k64g24s32mk32ra_texture3d_texture2d_half,2048,14336,4096,44.6452,5.387
orin,8b,8da4w,parent,sarc_linear_dq8ca_coopmat_zpgtr_orin_bf_t128x128k64g24s32mk32ra_texture3d_texture2d_half,2048,4096,14336,43.5932,5.517
orin,8b,8da4w,parent,sarc_linear_dq8ca_coopmat_zpgtr_orin_bf_t128x128k64g24s32mk32ra_texture3d_texture2d_half,2048,4096,4096,12.8227,5.359
orin,8b,8da4w,parent,sarc_linear_dq8ca_coopmat_zpgtr_orin_bf_t128x128k64g24s32mk32ra_texture3d_texture2d_half,2048,1024,4096,3.2518,5.283
orin,8b,8da4w,parent,sarc_linear_dq8ca_coopmat_zpgtr_orin_bf_t128x128k64g24s32mk32ra_texture3d_texture2d_half,2048,1024,4096,3.2222,5.332
orin,8b,8da4w,parent,sarc_linear_dq8ca_coopmat_zpgtr_orin_bf_t128x128k64g24s32mk32ra_texture3d_texture2d_half,2048,4096,4096,12.8715,5.339
orin,8b,8da4w,parent,sarc_linear_dq8ca_coopmat_zpgtr_orin_bf_t128x128k64g24s32mk32ra_texture3d_texture2d_half,2048,14336,4096,44.8939,5.357
orin,8b,8da4w,parent,sarc_linear_dq8ca_coopmat_zpgtr_orin_bf_t128x128k64g24s32mk32ra_texture3d_texture2d_half,2048,14336,4096,44.8876,5.358
orin,8b,8da4w,parent,sarc_linear_dq8ca_coopmat_zpgtr_orin_bf_t128x128k64g24s32mk32ra_texture3d_texture2d_half,2048,4096,14336,43.6476,5.51
orin,8b,8da4w,parent,sarc_linear_dq8ca_coopmat_zpgtr_orin_bf_t128x128k64g24s32mk32ra_texture3d_texture2d_half,2048,4096,4096,12.8115,5.364
orin,8b,8da4w,parent,sarc_linear_dq8ca_coopmat_zpgtr_orin_bf_t128x128k64g24s32mk32ra_texture3d_texture2d_half,2048,1024,4096,3.2311,5.317
orin,8b,8da4w,parent,sarc_linear_dq8ca_coopmat_zpgtr_orin_bf_t128x128k64g24s32mk32ra_texture3d_texture2d_half,2048,1024,4096,3.2286,5.321
orin,8b,8da4w,parent,sarc_linear_dq8ca_coopmat_zpgtr_orin_bf_t128x128k64g24s32mk32ra_texture3d_texture2d_half,2048,4096,4096,12.8676,5.341
orin,8b,8da4w,parent,sarc_linear_dq8ca_coopmat_zpgtr_orin_bf_t128x128k64g24s32mk32ra_texture3d_texture2d_half,2048,14336,4096,44.9724,5.348
orin,8b,8da4w,parent,sarc_linear_dq8ca_coopmat_zpgtr_orin_bf_t128x128k64g24s32mk32ra_texture3d_texture2d_half,2048,14336,4096,44.8381,5.364
orin,8b,8da4w,parent,sarc_linear_dq8ca_coopmat_zpgtr_orin_bf_t128x128k64g24s32mk32ra_texture3d_texture2d_half,2048,4096,14336,43.655,5.51
orin,8b,8da4w,parent,sarc_linear_dq8ca_coopmat_zpgtr_orin_bf_t128x128k64g24s32mk32ra_texture3d_texture2d_half,2048,4096,4096,12.7612,5.385
orin,8b,8da4w,parent,sarc_linear_dq8ca_coopmat_zpgtr_orin_bf_t128x128k64g24s32mk32ra_texture3d_texture2d_half,2048,1024,4096,3.2058,5.359
orin,8b,8da4w,parent,sarc_linear_dq8ca_coopmat_zpgtr_orin_bf_t128x128k64g24s32mk32ra_texture3d_texture2d_half,2048,1024,4096,3.2058,5.359
orin,8b,8da4w,parent,sarc_linear_dq8ca_coopmat_zpgtr_orin_bf_t128x128k64g24s32mk32ra_texture3d_texture2d_half,2048,4096,4096,12.8456,5.35
orin,8b,8da4w,parent,sarc_linear_dq8ca_coopmat_zpgtr_orin_bf_t128x128k64g24s32mk32ra_texture3d_texture2d_half,2048,14336,4096,44.991,5.346
orin,8b,8da4w,parent,sarc_linear_dq8ca_coopmat_zpgtr_orin_bf_t128x128k64g24s32mk32ra_texture3d_texture2d_half,2048,14336,4096,44.8833,5.359
orin,8b,8da4w,parent,sarc_linear_dq8ca_coopmat_zpgtr_orin_bf_t128x128k64g24s32mk32ra_texture3d_texture2d_half,2048,4096,14336,43.6226,5.514
orin,8b,8da4w,parent,sarc_linear_dq8ca_coopmat_zpgtr_orin_bf_t128x128k64g24s32mk32ra_texture3d_texture2d_half,2048,4096,4096,12.8197,5.36
orin,8b,8da4w,parent,sarc_linear_dq8ca_coopmat_zpgtr_orin_bf_t128x128k64g24s32mk32ra_texture3d_texture2d_half,2048,1024,4096,3.2401,5.302
orin,8b,8da4w,parent,sarc_linear_dq8ca_coopmat_zpgtr_orin_bf_t128x128k64g24s32mk32ra_texture3d_texture2d_half,2048,1024,4096,3.2081,5.355
orin,8b,8da4w,parent,sarc_linear_dq8ca_coopmat_zpgtr_orin_bf_t128x128k64g24s32mk32ra_texture3d_texture2d_half,2048,4096,4096,12.8902,5.331
orin,8b,8da4w,parent,sarc_linear_dq8ca_coopmat_zpgtr_orin_bf_t128x128k64g24s32mk32ra_texture3d_texture2d_half,2048,14336,4096,44.9044,5.356
orin,8b,8da4w,parent,sarc_linear_dq8ca_coopmat_zpgtr_orin_bf_t128x128k64g24s32mk32ra_texture3d_texture2d_half,2048,14336,4096,44.8675,5.361
orin,8b,8da4w,parent,sarc_linear_dq8ca_coopmat_zpgtr_orin_bf_t128x128k64g24s32mk32ra_texture3d_texture2d_half,2048,4096,14336,43.6696,5.508
