id,mode,rep,model,shape,M,N,K,us,cov,dispatched,correct,rc,temp_c,utc,card
base,cheap,b1,llama-3.2-1b,wq_wo,2048,2048,2048,183.924,0.00394244,1,-,1,57,2026-10-05T23:00:34Z,1
base,cheap,b1,llama-3.2-1b,wk_wv,2048,512,2048,52.572,0.0082644,1,-,1,57,2026-10-05T23:00:34Z,1
base,cheap,b1,llama-3.2-1b,w1_w3,2048,8192,2048,737.308,0.0150845,1,-,1,57,2026-10-05T23:00:34Z,1
base,cheap,b1,llama-3.2-1b,w2,2048,2048,8192,819.988,0.0117638,1,-,1,57,2026-10-05T23:00:34Z,1
ref-shipped,cheap,1,llama-3.2-1b,wq_wo,2048,2048,2048,183.976,0.00356426,1,-,1,60,2026-10-05T23:00:47Z,1
ref-shipped,cheap,1,llama-3.2-1b,wk_wv,2048,512,2048,52.572,0.00834414,1,-,1,60,2026-10-05T23:00:47Z,1
ref-shipped,cheap,1,llama-3.2-1b,w1_w3,2048,8192,2048,737.906,0.0166258,1,-,1,60,2026-10-05T23:00:47Z,1
ref-shipped,cheap,1,llama-3.2-1b,w2,2048,2048,8192,821.288,0.0137114,1,-,1,60,2026-10-05T23:00:47Z,1
ref-c2,cheap,1,llama-3.2-1b,wq_wo,2048,2048,2048,146.328,0.0137591,1,-,1,63,2026-10-05T23:01:00Z,1
ref-c2,cheap,1,llama-3.2-1b,wk_wv,2048,512,2048,45.708,0.015444,1,-,1,63,2026-10-05T23:01:00Z,1
ref-c2,cheap,1,llama-3.2-1b,w1_w3,2048,8192,2048,631.748,0.023488,1,-,1,63,2026-10-05T23:01:00Z,1
ref-c2,cheap,1,llama-3.2-1b,w2,2048,2048,8192,659.308,0.0188068,1,-,1,63,2026-10-05T23:01:00Z,1
ref-c4tile,cheap,1,llama-3.2-1b,wq_wo,2048,2048,2048,173.524,0.0166826,1,-,1,65,2026-10-05T23:01:14Z,1
ref-c4tile,cheap,1,llama-3.2-1b,wk_wv,2048,512,2048,47.164,0.018205,1,-,1,65,2026-10-05T23:01:14Z,1
ref-c4tile,cheap,1,llama-3.2-1b,w1_w3,2048,8192,2048,626.496,0.0283919,1,-,1,65,2026-10-05T23:01:14Z,1
ref-c4tile,cheap,1,llama-3.2-1b,w2,2048,2048,8192,825.708,0.0182122,1,-,1,65,2026-10-05T23:01:14Z,1
200004,cheap,1,llama-3.2-1b,wq_wo,2048,2048,2048,4090.11,0.00985499,1,-,1,65,2026-10-05T23:01:28Z,1
200004,cheap,1,llama-3.2-1b,wk_wv,2048,512,2048,1056.69,0.0304528,1,-,1,65,2026-10-05T23:01:28Z,1
200004,cheap,1,llama-3.2-1b,w1_w3,2048,8192,2048,15722.6,0.0107748,1,-,1,65,2026-10-05T23:01:28Z,1
200004,cheap,1,llama-3.2-1b,w2,2048,2048,8192,16903,0.013146,1,-,1,65,2026-10-05T23:01:28Z,1
200007,cheap,1,llama-3.2-1b,wq_wo,2048,2048,2048,326.3,0.00547864,1,-,1,66,2026-10-05T23:01:41Z,1
200007,cheap,1,llama-3.2-1b,wk_wv,2048,512,2048,86.216,0.00719122,1,-,1,66,2026-10-05T23:01:41Z,1
200007,cheap,1,llama-3.2-1b,w1_w3,2048,8192,2048,1286.04,0.00869731,1,-,1,66,2026-10-05T23:01:41Z,1
200007,cheap,1,llama-3.2-1b,w2,2048,2048,8192,1706.2,0.00833629,1,-,1,66,2026-10-05T23:01:41Z,1
200010,cheap,1,llama-3.2-1b,wq_wo,2048,2048,2048,1241.34,0.0103144,1,-,1,67,2026-10-05T23:01:55Z,1
200010,cheap,1,llama-3.2-1b,wk_wv,2048,512,2048,313.846,0.0209189,1,-,1,67,2026-10-05T23:01:55Z,1
200010,cheap,1,llama-3.2-1b,w1_w3,2048,8192,2048,4605.9,0.00812423,1,-,1,67,2026-10-05T23:01:55Z,1
200010,cheap,1,llama-3.2-1b,w2,2048,2048,8192,5141.66,0.00698755,1,-,1,67,2026-10-05T23:01:55Z,1
200012,cheap,1,llama-3.2-1b,wq_wo,2048,2048,2048,4169.31,0.0216218,1,-,1,67,2026-10-05T23:02:09Z,1
200012,cheap,1,llama-3.2-1b,wk_wv,2048,512,2048,1494.66,0.0491086,1,-,1,67,2026-10-05T23:02:09Z,1
200012,cheap,1,llama-3.2-1b,w1_w3,2048,8192,2048,15868.7,0.0116254,1,-,1,67,2026-10-05T23:02:09Z,1
200012,cheap,1,llama-3.2-1b,w2,2048,2048,8192,16110.1,0.0261242,1,-,1,67,2026-10-05T23:02:09Z,1
200014,cheap,1,llama-3.2-1b,wq_wo,2048,2048,2048,351.234,0.0593018,1,-,1,66,2026-10-05T23:02:23Z,1
200014,cheap,1,llama-3.2-1b,wk_wv,2048,512,2048,98.956,0.0117262,1,-,1,66,2026-10-05T23:02:23Z,1
200014,cheap,1,llama-3.2-1b,w1_w3,2048,8192,2048,1417.05,0.0142774,1,-,1,66,2026-10-05T23:02:23Z,1
200014,cheap,1,llama-3.2-1b,w2,2048,2048,8192,1461.15,0.0925846,1,-,1,66,2026-10-05T23:02:23Z,1
200019,cheap,1,llama-3.2-1b,wq_wo,2048,2048,2048,2431.23,0.00628056,1,-,1,66,2026-10-05T23:02:37Z,1
200019,cheap,1,llama-3.2-1b,wk_wv,2048,512,2048,613.184,0.0308517,1,-,1,66,2026-10-05T23:02:37Z,1
200019,cheap,1,llama-3.2-1b,w1_w3,2048,8192,2048,9181.95,0.0100777,1,-,1,66,2026-10-05T23:02:37Z,1
200019,cheap,1,llama-3.2-1b,w2,2048,2048,8192,9643.56,0.00849264,1,-,1,66,2026-10-05T23:02:37Z,1
200023,cheap,1,llama-3.2-1b,wq_wo,2048,2048,2048,4927.83,0.0159942,1,-,1,66,2026-10-05T23:02:52Z,1
200023,cheap,1,llama-3.2-1b,wk_wv,2048,512,2048,1289.34,0.0252193,1,-,1,66,2026-10-05T23:02:52Z,1
200023,cheap,1,llama-3.2-1b,w1_w3,2048,8192,2048,19366.5,0.00534462,1,-,1,66,2026-10-05T23:02:52Z,1
200023,cheap,1,llama-3.2-1b,w2,2048,2048,8192,20248,0.00874138,1,-,1,66,2026-10-05T23:02:52Z,1
200025,cheap,1,llama-3.2-1b,wq_wo,2048,2048,2048,7188.48,0.0222008,1,-,1,67,2026-10-05T23:03:05Z,1
200025,cheap,1,llama-3.2-1b,wk_wv,2048,512,2048,2646.2,0.054184,1,-,1,67,2026-10-05T23:03:05Z,1
200025,cheap,1,llama-3.2-1b,w1_w3,2048,8192,2048,25573.1,0.0086123,1,-,1,67,2026-10-05T23:03:05Z,1
200025,cheap,1,llama-3.2-1b,w2,2048,2048,8192,28054.2,0.0154196,1,-,1,67,2026-10-05T23:03:05Z,1
200027,cheap,1,llama-3.2-1b,wq_wo,2048,2048,2048,13920.3,0.00430299,1,-,1,67,2026-10-05T23:03:18Z,1
200027,cheap,1,llama-3.2-1b,wk_wv,2048,512,2048,8995.01,0.0877446,1,-,1,67,2026-10-05T23:03:18Z,1
200027,cheap,1,llama-3.2-1b,w1_w3,2048,8192,2048,55021.3,0.00282426,1,-,1,67,2026-10-05T23:03:18Z,1
200027,cheap,1,llama-3.2-1b,w2,2048,2048,8192,54057.1,0.00439143,1,-,1,67,2026-10-05T23:03:18Z,1
200030,cheap,1,llama-3.2-1b,wq_wo,2048,2048,2048,15535.9,0.015005,1,-,1,67,2026-10-05T23:03:32Z,1
200030,cheap,1,llama-3.2-1b,wk_wv,2048,512,2048,6347.15,0.014322,1,-,1,67,2026-10-05T23:03:32Z,1
200030,cheap,1,llama-3.2-1b,w1_w3,2048,8192,2048,55144.2,0.0164009,1,-,1,67,2026-10-05T23:03:32Z,1
200030,cheap,1,llama-3.2-1b,w2,2048,2048,8192,61538.7,0.0270659,1,-,1,67,2026-10-05T23:03:32Z,1
200033,cheap,1,llama-3.2-1b,wq_wo,2048,2048,2048,5102.45,0.00342498,1,-,1,67,2026-10-05T23:03:45Z,1
200033,cheap,1,llama-3.2-1b,wk_wv,2048,512,2048,1223.4,0.0117735,1,-,1,67,2026-10-05T23:03:45Z,1
200033,cheap,1,llama-3.2-1b,w1_w3,2048,8192,2048,18884.6,0.00192982,1,-,1,67,2026-10-05T23:03:45Z,1
200033,cheap,1,llama-3.2-1b,w2,2048,2048,8192,20713.3,0.00534766,1,-,1,67,2026-10-05T23:03:45Z,1
200035,cheap,1,llama-3.2-1b,wq_wo,2048,2048,2048,3955.95,0.0308484,1,-,1,67,2026-10-05T23:03:58Z,1
200035,cheap,1,llama-3.2-1b,wk_wv,2048,512,2048,1006.82,0.0339988,1,-,1,67,2026-10-05T23:03:58Z,1
200035,cheap,1,llama-3.2-1b,w1_w3,2048,8192,2048,15171.1,0.0215593,1,-,1,67,2026-10-05T23:03:58Z,1
200035,cheap,1,llama-3.2-1b,w2,2048,2048,8192,15896,0.0355668,1,-,1,67,2026-10-05T23:03:58Z,1
200037,cheap,1,llama-3.2-1b,wq_wo,2048,2048,2048,404.04,0.0205034,1,-,1,67,2026-10-05T23:04:11Z,1
200037,cheap,1,llama-3.2-1b,wk_wv,2048,512,2048,102.752,0.0145659,1,-,1,67,2026-10-05T23:04:11Z,1
200037,cheap,1,llama-3.2-1b,w1_w3,2048,8192,2048,1476.85,0.0156519,1,-,1,67,2026-10-05T23:04:11Z,1
200037,cheap,1,llama-3.2-1b,w2,2048,2048,8192,1827.41,0.0219127,1,-,1,67,2026-10-05T23:04:11Z,1
200042,cheap,1,llama-3.2-1b,wq_wo,2048,2048,2048,7735.18,0.0186605,1,-,1,65,2026-10-05T23:04:26Z,1
200042,cheap,1,llama-3.2-1b,wk_wv,2048,512,2048,2159.77,0.0260687,1,-,1,65,2026-10-05T23:04:26Z,1
200042,cheap,1,llama-3.2-1b,w1_w3,2048,8192,2048,29609,0.0137516,1,-,1,65,2026-10-05T23:04:26Z,1
200042,cheap,1,llama-3.2-1b,w2,2048,2048,8192,30833.6,0.0166294,1,-,1,65,2026-10-05T23:04:26Z,1
200044,cheap,1,llama-3.2-1b,wq_wo,2048,2048,2048,10154.8,0.0150672,1,-,1,67,2026-10-05T23:04:40Z,1
200044,cheap,1,llama-3.2-1b,wk_wv,2048,512,2048,2850.48,0.0242078,1,-,1,67,2026-10-05T23:04:40Z,1
200044,cheap,1,llama-3.2-1b,w1_w3,2048,8192,2048,38777.1,0.0108752,1,-,1,67,2026-10-05T23:04:40Z,1
200044,cheap,1,llama-3.2-1b,w2,2048,2048,8192,40873.7,0.0115945,1,-,1,67,2026-10-05T23:04:40Z,1
200047,cheap,1,llama-3.2-1b,wq_wo,2048,2048,2048,267.28,0.0188634,1,-,1,68,2026-10-05T23:04:52Z,1
200047,cheap,1,llama-3.2-1b,wk_wv,2048,512,2048,72.072,0.00936059,1,-,1,68,2026-10-05T23:04:52Z,1
200047,cheap,1,llama-3.2-1b,w1_w3,2048,8192,2048,1131.21,0.0163926,1,-,1,68,2026-10-05T23:04:52Z,1
200047,cheap,1,llama-3.2-1b,w2,2048,2048,8192,1063.97,0.0198196,1,-,1,68,2026-10-05T23:04:52Z,1
200049,cheap,1,llama-3.2-1b,wq_wo,2048,2048,2048,490.672,0.00367886,1,-,1,67,2026-10-05T23:05:02Z,1
200049,cheap,1,llama-3.2-1b,wk_wv,2048,512,2048,129.532,0.00950662,1,-,1,67,2026-10-05T23:05:02Z,1
200049,cheap,1,llama-3.2-1b,w1_w3,2048,8192,2048,1936.56,0.00531026,1,-,1,67,2026-10-05T23:05:02Z,1
200049,cheap,1,llama-3.2-1b,w2,2048,2048,8192,2022.46,0.00565669,1,-,1,67,2026-10-05T23:05:02Z,1
200052,cheap,1,llama-3.2-1b,wq_wo,2048,2048,2048,14880.8,0.00595774,1,-,1,66,2026-10-05T23:05:13Z,1
200052,cheap,1,llama-3.2-1b,wk_wv,2048,512,2048,3607.71,0.0484957,1,-,1,66,2026-10-05T23:05:13Z,1
200052,cheap,1,llama-3.2-1b,w1_w3,2048,8192,2048,56912.2,0.00965108,1,-,1,66,2026-10-05T23:05:13Z,1
200052,cheap,1,llama-3.2-1b,w2,2048,2048,8192,59839.7,0.00479912,1,-,1,66,2026-10-05T23:05:13Z,1
200055,cheap,1,llama-3.2-1b,wq_wo,2048,2048,2048,12146.4,0.0131743,1,-,1,67,2026-10-05T23:05:23Z,1
200055,cheap,1,llama-3.2-1b,wk_wv,2048,512,2048,3370.33,0.0416924,1,-,1,67,2026-10-05T23:05:23Z,1
200055,cheap,1,llama-3.2-1b,w1_w3,2048,8192,2048,43564.7,0.00901523,1,-,1,67,2026-10-05T23:05:23Z,1
200055,cheap,1,llama-3.2-1b,w2,2048,2048,8192,47749.5,0.014956,1,-,1,67,2026-10-05T23:05:23Z,1
200058,cheap,1,llama-3.2-1b,wq_wo,2048,2048,2048,4477.93,0.0164169,1,-,1,67,2026-10-05T23:05:35Z,1
200058,cheap,1,llama-3.2-1b,wk_wv,2048,512,2048,1634.88,0.0508071,1,-,1,67,2026-10-05T23:05:35Z,1
200058,cheap,1,llama-3.2-1b,w1_w3,2048,8192,2048,17427.6,0.0122747,1,-,1,67,2026-10-05T23:05:35Z,1
200058,cheap,1,llama-3.2-1b,w2,2048,2048,8192,17654.7,0.0185428,1,-,1,67,2026-10-05T23:05:35Z,1
200062,cheap,1,llama-3.2-1b,wq_wo,2048,2048,2048,2633.44,0.00687321,1,-,1,68,2026-10-05T23:05:50Z,1
200062,cheap,1,llama-3.2-1b,wk_wv,2048,512,2048,671.788,0.0195393,1,-,1,68,2026-10-05T23:05:50Z,1
200062,cheap,1,llama-3.2-1b,w1_w3,2048,8192,2048,10289.4,0.00261026,1,-,1,68,2026-10-05T23:05:50Z,1
200062,cheap,1,llama-3.2-1b,w2,2048,2048,8192,10803.9,0.0063667,1,-,1,68,2026-10-05T23:05:50Z,1
200066,cheap,1,llama-3.2-1b,wq_wo,2048,2048,2048,25598.5,0.0111469,1,-,1,66,2026-10-05T23:06:04Z,1
200066,cheap,1,llama-3.2-1b,wk_wv,2048,512,2048,6421.06,0.0195024,1,-,1,66,2026-10-05T23:06:04Z,1
200066,cheap,1,llama-3.2-1b,w1_w3,2048,8192,2048,100030,0.00950069,1,-,1,66,2026-10-05T23:06:04Z,1
200066,cheap,1,llama-3.2-1b,w2,2048,2048,8192,100143,0.0104509,1,-,1,66,2026-10-05T23:06:04Z,1
200069,cheap,1,llama-3.2-1b,wq_wo,2048,2048,2048,4929.13,0.0151123,1,-,1,66,2026-10-05T23:06:18Z,1
200069,cheap,1,llama-3.2-1b,wk_wv,2048,512,2048,1287.62,0.0245035,1,-,1,66,2026-10-05T23:06:18Z,1
200069,cheap,1,llama-3.2-1b,w1_w3,2048,8192,2048,19365.1,0.00443981,1,-,1,66,2026-10-05T23:06:18Z,1
200069,cheap,1,llama-3.2-1b,w2,2048,2048,8192,20309.8,0.0139667,1,-,1,66,2026-10-05T23:06:18Z,1
200073,cheap,1,llama-3.2-1b,wq_wo,2048,2048,2048,1981.41,0.00955119,1,-,1,67,2026-10-05T23:06:31Z,1
200073,cheap,1,llama-3.2-1b,wk_wv,2048,512,2048,493.792,0.0153011,1,-,1,67,2026-10-05T23:06:31Z,1
200073,cheap,1,llama-3.2-1b,w1_w3,2048,8192,2048,7665.14,0.00354759,1,-,1,67,2026-10-05T23:06:31Z,1
200073,cheap,1,llama-3.2-1b,w2,2048,2048,8192,8023.05,0.0105167,1,-,1,67,2026-10-05T23:06:31Z,1
200075,cheap,1,llama-3.2-1b,wq_wo,2048,2048,2048,8072.51,0.0172175,1,-,1,66,2026-10-05T23:06:46Z,1
200075,cheap,1,llama-3.2-1b,wk_wv,2048,512,2048,2125.27,0.0319163,1,-,1,66,2026-10-05T23:06:46Z,1
200075,cheap,1,llama-3.2-1b,w1_w3,2048,8192,2048,31774.3,0.00462608,1,-,1,66,2026-10-05T23:06:46Z,1
200075,cheap,1,llama-3.2-1b,w2,2048,2048,8192,31448.1,0.0160591,1,-,1,66,2026-10-05T23:06:46Z,1
200077,cheap,1,llama-3.2-1b,wq_wo,2048,2048,2048,8165.74,0.00902918,1,-,1,67,2026-10-05T23:07:02Z,1
200077,cheap,1,llama-3.2-1b,wk_wv,2048,512,2048,2105.32,0.0224523,1,-,1,67,2026-10-05T23:07:02Z,1
200077,cheap,1,llama-3.2-1b,w1_w3,2048,8192,2048,32065.2,0.00428189,1,-,1,67,2026-10-05T23:07:02Z,1
200077,cheap,1,llama-3.2-1b,w2,2048,2048,8192,31044.7,0.00878852,1,-,1,67,2026-10-05T23:07:02Z,1
200080,cheap,1,llama-3.2-1b,wq_wo,2048,2048,2048,820.56,0.0153691,1,-,1,66,2026-10-05T23:07:17Z,1
200080,cheap,1,llama-3.2-1b,wk_wv,2048,512,2048,359.736,0.0178694,1,-,1,66,2026-10-05T23:07:17Z,1
200080,cheap,1,llama-3.2-1b,w1_w3,2048,8192,2048,3302.16,0.0128581,1,-,1,66,2026-10-05T23:07:17Z,1
200080,cheap,1,llama-3.2-1b,w2,2048,2048,8192,3256.5,0.016852,1,-,1,66,2026-10-05T23:07:17Z,1
200082,cheap,1,llama-3.2-1b,wq_wo,2048,2048,2048,2381.21,0.0209941,1,-,1,66,2026-10-05T23:07:31Z,1
200082,cheap,1,llama-3.2-1b,wk_wv,2048,512,2048,602.134,0.0383324,1,-,1,66,2026-10-05T23:07:31Z,1
200082,cheap,1,llama-3.2-1b,w1_w3,2048,8192,2048,8850.82,0.016875,1,-,1,66,2026-10-05T23:07:31Z,1
200082,cheap,1,llama-3.2-1b,w2,2048,2048,8192,9127.01,0.0276671,1,-,1,66,2026-10-05T23:07:31Z,1
200086,cheap,1,llama-3.2-1b,wq_wo,2048,2048,2048,1827.75,0.0143533,1,-,1,67,2026-10-05T23:07:45Z,1
200086,cheap,1,llama-3.2-1b,wk_wv,2048,512,2048,403.234,0.0163552,1,-,1,67,2026-10-05T23:07:45Z,1
200086,cheap,1,llama-3.2-1b,w1_w3,2048,8192,2048,6345.14,0.00883801,1,-,1,67,2026-10-05T23:07:45Z,1
200086,cheap,1,llama-3.2-1b,w2,2048,2048,8192,7295.24,0.0105529,1,-,1,67,2026-10-05T23:07:45Z,1
200088,cheap,1,llama-3.2-1b,wq_wo,2048,2048,2048,15905.1,0.00821796,1,-,1,67,2026-10-05T23:07:57Z,1
200088,cheap,1,llama-3.2-1b,wk_wv,2048,512,2048,3927.77,0.0269896,1,-,1,67,2026-10-05T23:07:57Z,1
200088,cheap,1,llama-3.2-1b,w1_w3,2048,8192,2048,57087.8,0.00853871,1,-,1,67,2026-10-05T23:07:57Z,1
200088,cheap,1,llama-3.2-1b,w2,2048,2048,8192,63424.3,0.00888661,1,-,1,67,2026-10-05T23:07:57Z,1
200090,cheap,1,llama-3.2-1b,wq_wo,2048,2048,2048,9155.59,0.013959,1,-,1,66,2026-10-05T23:08:17Z,1
200090,cheap,1,llama-3.2-1b,wk_wv,2048,512,2048,3325.97,0.0543189,1,-,1,66,2026-10-05T23:08:17Z,1
200090,cheap,1,llama-3.2-1b,w1_w3,2048,8192,2048,34266.8,0.00967821,1,-,1,66,2026-10-05T23:08:17Z,1
200090,cheap,1,llama-3.2-1b,w2,2048,2048,8192,36424.5,0.00975429,1,-,1,66,2026-10-05T23:08:17Z,1
200092,cheap,1,llama-3.2-1b,wq_wo,2048,2048,2048,1113.48,0.016027,1,-,1,65,2026-10-05T23:08:26Z,1
200092,cheap,1,llama-3.2-1b,wk_wv,2048,512,2048,280.176,0.0295743,1,-,1,65,2026-10-05T23:08:26Z,1
200092,cheap,1,llama-3.2-1b,w1_w3,2048,8192,2048,4539.65,0.00821434,1,-,1,65,2026-10-05T23:08:26Z,1
200092,cheap,1,llama-3.2-1b,w2,2048,2048,8192,4866.5,0.00642328,1,-,1,65,2026-10-05T23:08:26Z,1
200095,cheap,1,llama-3.2-1b,wq_wo,2048,2048,2048,6623.19,0.0195631,1,-,1,67,2026-10-05T23:08:37Z,1
200095,cheap,1,llama-3.2-1b,wk_wv,2048,512,2048,1696.6,0.0175958,1,-,1,67,2026-10-05T23:08:37Z,1
200095,cheap,1,llama-3.2-1b,w1_w3,2048,8192,2048,26145,0.00499506,1,-,1,67,2026-10-05T23:08:37Z,1
200095,cheap,1,llama-3.2-1b,w2,2048,2048,8192,26641.8,0.0215576,1,-,1,67,2026-10-05T23:08:37Z,1
200100,cheap,1,llama-3.2-1b,wq_wo,2048,2048,2048,1632.28,0.00893582,1,-,1,68,2026-10-05T23:08:48Z,1
200100,cheap,1,llama-3.2-1b,wk_wv,2048,512,2048,389.948,0.0198938,1,-,1,68,2026-10-05T23:08:48Z,1
200100,cheap,1,llama-3.2-1b,w1_w3,2048,8192,2048,5940.64,0.00885381,1,-,1,68,2026-10-05T23:08:48Z,1
200100,cheap,1,llama-3.2-1b,w2,2048,2048,8192,6718.63,0.00470412,1,-,1,68,2026-10-05T23:08:48Z,1
200102,cheap,1,llama-3.2-1b,wq_wo,2048,2048,2048,2620.96,0.0250497,1,-,1,67,2026-10-05T23:09:00Z,1
200102,cheap,1,llama-3.2-1b,wk_wv,2048,512,2048,1110.15,0.0269043,1,-,1,67,2026-10-05T23:09:00Z,1
200102,cheap,1,llama-3.2-1b,w1_w3,2048,8192,2048,9231.72,0.0167434,1,-,1,67,2026-10-05T23:09:00Z,1
200102,cheap,1,llama-3.2-1b,w2,2048,2048,8192,10912.8,0.0243235,1,-,1,67,2026-10-05T23:09:00Z,1
200104,cheap,1,llama-3.2-1b,wq_wo,2048,2048,2048,4997.36,0.0128755,1,-,1,66,2026-10-05T23:09:16Z,1
200104,cheap,1,llama-3.2-1b,wk_wv,2048,512,2048,1604.62,0.0493117,1,-,1,66,2026-10-05T23:09:16Z,1
200104,cheap,1,llama-3.2-1b,w1_w3,2048,8192,2048,19318.5,0.0195789,1,-,1,66,2026-10-05T23:09:16Z,1
200104,cheap,1,llama-3.2-1b,w2,2048,2048,8192,18901.4,0.0138174,1,-,1,66,2026-10-05T23:09:16Z,1
200106,cheap,1,llama-3.2-1b,wq_wo,2048,2048,2048,2105.66,0.00460615,1,-,1,67,2026-10-05T23:09:31Z,1
200106,cheap,1,llama-3.2-1b,wk_wv,2048,512,2048,501.852,0.00447438,1,-,1,67,2026-10-05T23:09:31Z,1
200106,cheap,1,llama-3.2-1b,w1_w3,2048,8192,2048,7461.58,0.00383202,1,-,1,67,2026-10-05T23:09:31Z,1
200106,cheap,1,llama-3.2-1b,w2,2048,2048,8192,8503.82,0.00432432,1,-,1,67,2026-10-05T23:09:31Z,1
200108,cheap,1,llama-3.2-1b,wq_wo,2048,2048,2048,3306.84,0.0136296,1,-,1,67,2026-10-05T23:09:44Z,1
200108,cheap,1,llama-3.2-1b,wk_wv,2048,512,2048,898.82,0.0302148,1,-,1,67,2026-10-05T23:09:44Z,1
200108,cheap,1,llama-3.2-1b,w1_w3,2048,8192,2048,12494.4,0.00892218,1,-,1,67,2026-10-05T23:09:44Z,1
200108,cheap,1,llama-3.2-1b,w2,2048,2048,8192,13306.6,0.0135316,1,-,1,67,2026-10-05T23:09:44Z,1
200110,cheap,1,llama-3.2-1b,wq_wo,2048,2048,2048,4214.13,0.0193854,1,-,1,66,2026-10-05T23:09:56Z,1
200110,cheap,1,llama-3.2-1b,wk_wv,2048,512,2048,1222.49,0.0477904,1,-,1,66,2026-10-05T23:09:56Z,1
200110,cheap,1,llama-3.2-1b,w1_w3,2048,8192,2048,18459.9,0.0179587,1,-,1,66,2026-10-05T23:09:56Z,1
200110,cheap,1,llama-3.2-1b,w2,2048,2048,8192,17183,0.0168096,1,-,1,66,2026-10-05T23:09:56Z,1
200113,cheap,1,llama-3.2-1b,wq_wo,2048,2048,2048,8617.23,0.0193606,1,-,1,66,2026-10-05T23:10:19Z,1
200113,cheap,1,llama-3.2-1b,wk_wv,2048,512,2048,3378.7,0.0294413,1,-,1,66,2026-10-05T23:10:19Z,1
200113,cheap,1,llama-3.2-1b,w1_w3,2048,8192,2048,34280.7,0.0124853,1,-,1,66,2026-10-05T23:10:19Z,1
200113,cheap,1,llama-3.2-1b,w2,2048,2048,8192,33733.2,0.0179978,1,-,1,66,2026-10-05T23:10:19Z,1
200115,cheap,1,llama-3.2-1b,wq_wo,2048,2048,2048,2245.88,0.010685,1,-,1,67,2026-10-05T23:10:29Z,1
200115,cheap,1,llama-3.2-1b,wk_wv,2048,512,2048,532.74,0.0193936,1,-,1,67,2026-10-05T23:10:29Z,1
200115,cheap,1,llama-3.2-1b,w1_w3,2048,8192,2048,8141.85,0.00537562,1,-,1,67,2026-10-05T23:10:29Z,1
200115,cheap,1,llama-3.2-1b,w2,2048,2048,8192,9151.64,0.0119422,1,-,1,67,2026-10-05T23:10:29Z,1
200119,cheap,1,llama-3.2-1b,wq_wo,2048,2048,2048,2981.21,0.0282796,1,-,1,67,2026-10-05T23:10:40Z,1
200119,cheap,1,llama-3.2-1b,wk_wv,2048,512,2048,772.668,0.0351187,1,-,1,67,2026-10-05T23:10:40Z,1
200119,cheap,1,llama-3.2-1b,w1_w3,2048,8192,2048,11703,0.0137089,1,-,1,67,2026-10-05T23:10:40Z,1
200119,cheap,1,llama-3.2-1b,w2,2048,2048,8192,11782.2,0.031868,1,-,1,67,2026-10-05T23:10:40Z,1
200121,cheap,1,llama-3.2-1b,wq_wo,2048,2048,2048,890.916,0.0125069,1,-,1,68,2026-10-05T23:10:55Z,1
200121,cheap,1,llama-3.2-1b,wk_wv,2048,512,2048,386.1,0.014588,1,-,1,68,2026-10-05T23:10:55Z,1
200121,cheap,1,llama-3.2-1b,w1_w3,2048,8192,2048,3177.88,0.0052286,1,-,1,68,2026-10-05T23:10:55Z,1
200121,cheap,1,llama-3.2-1b,w2,2048,2048,8192,3506.46,0.0109,1,-,1,68,2026-10-05T23:10:55Z,1
200123,cheap,1,llama-3.2-1b,wq_wo,2048,2048,2048,1334.22,0.00426663,1,-,1,67,2026-10-05T23:11:10Z,1
200123,cheap,1,llama-3.2-1b,wk_wv,2048,512,2048,376.428,0.00736701,1,-,1,67,2026-10-05T23:11:10Z,1
200123,cheap,1,llama-3.2-1b,w1_w3,2048,8192,2048,5124.6,0.0016678,1,-,1,67,2026-10-05T23:11:10Z,1
200123,cheap,1,llama-3.2-1b,w2,2048,2048,8192,5821.89,0.00573034,1,-,1,67,2026-10-05T23:11:10Z,1
200125,cheap,1,llama-3.2-1b,wq_wo,2048,2048,2048,629.2,0.0214193,1,-,1,68,2026-10-05T23:11:26Z,1
200125,cheap,1,llama-3.2-1b,wk_wv,2048,512,2048,217.984,0.00720717,1,-,1,68,2026-10-05T23:11:26Z,1
200125,cheap,1,llama-3.2-1b,w1_w3,2048,8192,2048,1918.44,0.00481879,1,-,1,68,2026-10-05T23:11:26Z,1
200125,cheap,1,llama-3.2-1b,w2,2048,2048,8192,2626.52,0.0226022,1,-,1,68,2026-10-05T23:11:26Z,1
200128,cheap,1,llama-3.2-1b,wq_wo,2048,2048,2048,5700.4,0.0186731,1,-,1,67,2026-10-05T23:11:38Z,1
200128,cheap,1,llama-3.2-1b,wk_wv,2048,512,2048,2061.25,0.041594,1,-,1,67,2026-10-05T23:11:38Z,1
200128,cheap,1,llama-3.2-1b,w1_w3,2048,8192,2048,21646.7,0.00980902,1,-,1,67,2026-10-05T23:11:38Z,1
200128,cheap,1,llama-3.2-1b,w2,2048,2048,8192,22203.8,0.0215456,1,-,1,67,2026-10-05T23:11:38Z,1
200130,cheap,1,llama-3.2-1b,wq_wo,2048,2048,2048,5188.12,0.0132379,1,-,1,66,2026-10-05T23:11:46Z,1
200130,cheap,1,llama-3.2-1b,wk_wv,2048,512,2048,1255.7,0.0342504,1,-,1,66,2026-10-05T23:11:46Z,1
200130,cheap,1,llama-3.2-1b,w1_w3,2048,8192,2048,18382.7,0.00991864,1,-,1,66,2026-10-05T23:11:46Z,1
200130,cheap,1,llama-3.2-1b,w2,2048,2048,8192,20629.2,0.0114293,1,-,1,66,2026-10-05T23:11:46Z,1
base,cheap,b2,llama-3.2-1b,wq_wo,2048,2048,2048,184.08,0.0119722,1,-,1,69,2026-10-05T23:11:57Z,1
base,cheap,b2,llama-3.2-1b,wk_wv,2048,512,2048,52.676,0.00851261,1,-,1,69,2026-10-05T23:11:57Z,1
base,cheap,b2,llama-3.2-1b,w1_w3,2048,8192,2048,740.532,0.017007,1,-,1,69,2026-10-05T23:11:57Z,1
base,cheap,b2,llama-3.2-1b,w2,2048,2048,8192,824.044,0.0145919,1,-,1,69,2026-10-05T23:11:57Z,1
200134,cheap,1,llama-3.2-1b,wq_wo,2048,2048,2048,1418.87,0.00856772,1,-,1,67,2026-10-05T23:12:11Z,1
200134,cheap,1,llama-3.2-1b,wk_wv,2048,512,2048,400.868,0.0198332,1,-,1,67,2026-10-05T23:12:11Z,1
200134,cheap,1,llama-3.2-1b,w1_w3,2048,8192,2048,5140.67,0.00569347,1,-,1,67,2026-10-05T23:12:11Z,1
200134,cheap,1,llama-3.2-1b,w2,2048,2048,8192,5541.02,0.00629791,1,-,1,67,2026-10-05T23:12:11Z,1
200136,cheap,1,llama-3.2-1b,wq_wo,2048,2048,2048,1263.7,0.00894909,1,-,1,67,2026-10-05T23:12:26Z,1
200136,cheap,1,llama-3.2-1b,wk_wv,2048,512,2048,276.536,0.00445622,1,-,1,67,2026-10-05T23:12:26Z,1
200136,cheap,1,llama-3.2-1b,w1_w3,2048,8192,2048,4394.81,0.00471524,1,-,1,67,2026-10-05T23:12:26Z,1
200136,cheap,1,llama-3.2-1b,w2,2048,2048,8192,5221.06,0.0102681,1,-,1,67,2026-10-05T23:12:26Z,1
200138,cheap,1,llama-3.2-1b,wq_wo,2048,2048,2048,10355.9,0.0203174,1,-,1,66,2026-10-05T23:12:44Z,1
200138,cheap,1,llama-3.2-1b,wk_wv,2048,512,2048,2730.62,0.0316231,1,-,1,66,2026-10-05T23:12:44Z,1
200138,cheap,1,llama-3.2-1b,w1_w3,2048,8192,2048,40054.5,0.0102081,1,-,1,66,2026-10-05T23:12:44Z,1
200138,cheap,1,llama-3.2-1b,w2,2048,2048,8192,42347.1,0.0117547,1,-,1,66,2026-10-05T23:12:44Z,1
200141,cheap,1,llama-3.2-1b,wq_wo,2048,2048,2048,4845.8,0.0175314,1,-,1,67,2026-10-05T23:12:56Z,1
200141,cheap,1,llama-3.2-1b,wk_wv,2048,512,2048,1034.8,0.0317386,1,-,1,67,2026-10-05T23:12:56Z,1
200141,cheap,1,llama-3.2-1b,w1_w3,2048,8192,2048,18978.4,0.00649696,1,-,1,67,2026-10-05T23:12:56Z,1
200141,cheap,1,llama-3.2-1b,w2,2048,2048,8192,19561.4,0.0182967,1,-,1,67,2026-10-05T23:12:56Z,1
200143,cheap,1,llama-3.2-1b,wq_wo,2048,2048,2048,5548.11,0.0345687,1,-,1,67,2026-10-05T23:13:07Z,1
200143,cheap,1,llama-3.2-1b,wk_wv,2048,512,2048,1427.3,0.0491267,1,-,1,67,2026-10-05T23:13:07Z,1
200143,cheap,1,llama-3.2-1b,w1_w3,2048,8192,2048,20837.3,0.017422,1,-,1,67,2026-10-05T23:13:07Z,1
200143,cheap,1,llama-3.2-1b,w2,2048,2048,8192,21721.2,0.030823,1,-,1,67,2026-10-05T23:13:07Z,1
200147,cheap,1,llama-3.2-1b,wq_wo,2048,2048,2048,199.966,0.041,1,-,1,67,2026-10-05T23:13:15Z,1
200147,cheap,1,llama-3.2-1b,wk_wv,2048,512,2048,55.38,0.0121919,1,-,1,67,2026-10-05T23:13:15Z,1
200147,cheap,1,llama-3.2-1b,w1_w3,2048,8192,2048,823.004,0.0151085,1,-,1,67,2026-10-05T23:13:15Z,1
200147,cheap,1,llama-3.2-1b,w2,2048,2048,8192,1103.75,0.0826033,1,-,1,67,2026-10-05T23:13:15Z,1
200151,cheap,1,llama-3.2-1b,wq_wo,2048,2048,2048,859.976,0.00281876,1,-,1,68,2026-10-05T23:13:22Z,1
200151,cheap,1,llama-3.2-1b,wk_wv,2048,512,2048,221,0.00629119,1,-,1,68,2026-10-05T23:13:22Z,1
200151,cheap,1,llama-3.2-1b,w1_w3,2048,8192,2048,3228.86,0.00180797,1,-,1,68,2026-10-05T23:13:22Z,1
200151,cheap,1,llama-3.2-1b,w2,2048,2048,8192,3469.13,0.00334522,1,-,1,68,2026-10-05T23:13:22Z,1
200153,cheap,1,llama-3.2-1b,wq_wo,2048,2048,2048,1329.38,0.0155984,1,-,1,66,2026-10-05T23:13:35Z,1
200153,cheap,1,llama-3.2-1b,wk_wv,2048,512,2048,319.514,0.0276251,1,-,1,66,2026-10-05T23:13:35Z,1
200153,cheap,1,llama-3.2-1b,w1_w3,2048,8192,2048,4730.91,0.00957028,1,-,1,66,2026-10-05T23:13:35Z,1
200153,cheap,1,llama-3.2-1b,w2,2048,2048,8192,5278.47,0.00892745,1,-,1,66,2026-10-05T23:13:35Z,1
200155,cheap,1,llama-3.2-1b,wq_wo,2048,2048,2048,1531.56,0.0108071,1,-,1,67,2026-10-05T23:13:45Z,1
200155,cheap,1,llama-3.2-1b,wk_wv,2048,512,2048,363.74,0.00808379,1,-,1,67,2026-10-05T23:13:45Z,1
200155,cheap,1,llama-3.2-1b,w1_w3,2048,8192,2048,5425.89,0.00242229,1,-,1,67,2026-10-05T23:13:45Z,1
200155,cheap,1,llama-3.2-1b,w2,2048,2048,8192,6233.03,0.0110884,1,-,1,67,2026-10-05T23:13:45Z,1
200157,cheap,1,llama-3.2-1b,wq_wo,2048,2048,2048,13115.7,0.015728,1,-,1,65,2026-10-05T23:14:13Z,1
200157,cheap,1,llama-3.2-1b,wk_wv,2048,512,2048,5200.88,0.0558265,1,-,1,65,2026-10-05T23:14:13Z,1
200157,cheap,1,llama-3.2-1b,w1_w3,2048,8192,2048,46913.5,0.00817682,1,-,1,65,2026-10-05T23:14:13Z,1
200157,cheap,1,llama-3.2-1b,w2,2048,2048,8192,51397.1,0.0163171,1,-,1,65,2026-10-05T23:14:13Z,1
200159,cheap,1,llama-3.2-1b,wq_wo,2048,2048,2048,7967.75,0.0161095,1,-,1,66,2026-10-05T23:14:23Z,1
200159,cheap,1,llama-3.2-1b,wk_wv,2048,512,2048,2250.04,0.0288727,1,-,1,66,2026-10-05T23:14:23Z,1
200159,cheap,1,llama-3.2-1b,w1_w3,2048,8192,2048,30196.4,0.012306,1,-,1,66,2026-10-05T23:14:23Z,1
200159,cheap,1,llama-3.2-1b,w2,2048,2048,8192,31669.3,0.0171519,1,-,1,66,2026-10-05T23:14:23Z,1
200162,cheap,1,llama-3.2-1b,wq_wo,2048,2048,2048,8938.9,0.0196652,1,-,1,66,2026-10-05T23:14:36Z,1
200162,cheap,1,llama-3.2-1b,wk_wv,2048,512,2048,3333.93,0.0754137,1,-,1,66,2026-10-05T23:14:36Z,1
200162,cheap,1,llama-3.2-1b,w1_w3,2048,8192,2048,34956.4,0.016639,1,-,1,66,2026-10-05T23:14:36Z,1
200162,cheap,1,llama-3.2-1b,w2,2048,2048,8192,35136.5,0.0136546,1,-,1,66,2026-10-05T23:14:36Z,1
200164,cheap,1,llama-3.2-1b,wq_wo,2048,2048,2048,6584.6,0.0228253,1,-,1,66,2026-10-05T23:14:49Z,1
200164,cheap,1,llama-3.2-1b,wk_wv,2048,512,2048,2635.05,0.0577018,1,-,1,66,2026-10-05T23:14:49Z,1
200164,cheap,1,llama-3.2-1b,w1_w3,2048,8192,2048,25855.2,0.013504,1,-,1,66,2026-10-05T23:14:49Z,1
200164,cheap,1,llama-3.2-1b,w2,2048,2048,8192,25848.6,0.0253626,1,-,1,66,2026-10-05T23:14:49Z,1
200166,cheap,1,llama-3.2-1b,wq_wo,2048,2048,2048,23679.8,0.0405236,1,-,1,64,2026-10-05T23:15:41Z,1
200166,cheap,1,llama-3.2-1b,wk_wv,2048,512,2048,6251.78,0.0810856,1,-,1,64,2026-10-05T23:15:41Z,1
200166,cheap,1,llama-3.2-1b,w1_w3,2048,8192,2048,90050.4,0.00695294,1,-,1,64,2026-10-05T23:15:41Z,1
200166,cheap,1,llama-3.2-1b,w2,2048,2048,8192,93466.6,0.0337458,1,-,1,64,2026-10-05T23:15:41Z,1
200170,cheap,1,llama-3.2-1b,wq_wo,2048,2048,2048,12907.8,0.0141843,1,-,1,66,2026-10-05T23:16:00Z,1
200170,cheap,1,llama-3.2-1b,wk_wv,2048,512,2048,3279.64,0.0161955,1,-,1,66,2026-10-05T23:16:00Z,1
200170,cheap,1,llama-3.2-1b,w1_w3,2048,8192,2048,49727.1,0.00534285,1,-,1,66,2026-10-05T23:16:00Z,1
200170,cheap,1,llama-3.2-1b,w2,2048,2048,8192,50416.6,0.0096769,1,-,1,66,2026-10-05T23:16:00Z,1
200172,cheap,1,llama-3.2-1b,wq_wo,2048,2048,2048,747.708,0.00761388,1,-,1,67,2026-10-05T23:16:12Z,1
200172,cheap,1,llama-3.2-1b,wk_wv,2048,512,2048,202.54,0.0115012,1,-,1,67,2026-10-05T23:16:12Z,1
200172,cheap,1,llama-3.2-1b,w1_w3,2048,8192,2048,2413.32,0.00576651,1,-,1,67,2026-10-05T23:16:12Z,1
200172,cheap,1,llama-3.2-1b,w2,2048,2048,8192,3009.81,0.00550707,1,-,1,67,2026-10-05T23:16:12Z,1
200174,cheap,1,llama-3.2-1b,wq_wo,2048,2048,2048,6895.62,0.0307929,1,-,1,67,2026-10-05T23:16:29Z,1
200174,cheap,1,llama-3.2-1b,wk_wv,2048,512,2048,1732.43,0.0298631,1,-,1,67,2026-10-05T23:16:29Z,1
200174,cheap,1,llama-3.2-1b,w1_w3,2048,8192,2048,26700.5,0.0265735,1,-,1,67,2026-10-05T23:16:29Z,1
200174,cheap,1,llama-3.2-1b,w2,2048,2048,8192,27287.8,0.0282956,1,-,1,67,2026-10-05T23:16:29Z,1
200176,cheap,1,llama-3.2-1b,wq_wo,2048,2048,2048,1893.11,0.0103917,1,-,1,68,2026-10-05T23:16:43Z,1
200176,cheap,1,llama-3.2-1b,wk_wv,2048,512,2048,516.464,0.0166123,1,-,1,68,2026-10-05T23:16:43Z,1
200176,cheap,1,llama-3.2-1b,w1_w3,2048,8192,2048,7338.45,0.00498042,1,-,1,68,2026-10-05T23:16:43Z,1
200176,cheap,1,llama-3.2-1b,w2,2048,2048,8192,7660.3,0.00928854,1,-,1,68,2026-10-05T23:16:43Z,1
200178,cheap,1,llama-3.2-1b,wq_wo,2048,2048,2048,740.74,0.00221102,1,-,1,68,2026-10-05T23:16:57Z,1
200178,cheap,1,llama-3.2-1b,wk_wv,2048,512,2048,190.268,0.00305521,1,-,1,68,2026-10-05T23:16:57Z,1
200178,cheap,1,llama-3.2-1b,w1_w3,2048,8192,2048,2985.58,0.00182688,1,-,1,68,2026-10-05T23:16:57Z,1
200178,cheap,1,llama-3.2-1b,w2,2048,2048,8192,2825.58,0.00381058,1,-,1,68,2026-10-05T23:16:57Z,1
200180,cheap,1,llama-3.2-1b,wq_wo,2048,2048,2048,903.396,0.00739713,1,-,1,67,2026-10-05T23:17:11Z,1
200180,cheap,1,llama-3.2-1b,wk_wv,2048,512,2048,247.052,0.0107591,1,-,1,67,2026-10-05T23:17:11Z,1
200180,cheap,1,llama-3.2-1b,w1_w3,2048,8192,2048,2950.12,0.00688434,1,-,1,67,2026-10-05T23:17:11Z,1
200180,cheap,1,llama-3.2-1b,w2,2048,2048,8192,3752.06,0.00532879,1,-,1,67,2026-10-05T23:17:11Z,1
200182,cheap,1,llama-3.2-1b,wq_wo,2048,2048,2048,698.906,0.0298036,1,-,1,68,2026-10-05T23:17:25Z,1
200182,cheap,1,llama-3.2-1b,wk_wv,2048,512,2048,161.2,0.00781306,1,-,1,68,2026-10-05T23:17:25Z,1
200182,cheap,1,llama-3.2-1b,w1_w3,2048,8192,2048,2420.96,0.0128531,1,-,1,68,2026-10-05T23:17:25Z,1
200182,cheap,1,llama-3.2-1b,w2,2048,2048,8192,2614.3,0.0300238,1,-,1,68,2026-10-05T23:17:25Z,1
200185,cheap,1,llama-3.2-1b,wq_wo,2048,2048,2048,1275.92,0.00416483,1,-,1,68,2026-10-05T23:17:39Z,1
200185,cheap,1,llama-3.2-1b,wk_wv,2048,512,2048,308.412,0.00432444,1,-,1,68,2026-10-05T23:17:39Z,1
200185,cheap,1,llama-3.2-1b,w1_w3,2048,8192,2048,4846.3,0.00379956,1,-,1,68,2026-10-05T23:17:39Z,1
200185,cheap,1,llama-3.2-1b,w2,2048,2048,8192,5315.8,0.00162086,1,-,1,68,2026-10-05T23:17:39Z,1
200190,cheap,1,llama-3.2-1b,wq_wo,2048,2048,2048,729.768,0.00885868,1,-,1,68,2026-10-05T23:17:51Z,1
200190,cheap,1,llama-3.2-1b,wk_wv,2048,512,2048,184.86,0.00339378,1,-,1,68,2026-10-05T23:17:51Z,1
200190,cheap,1,llama-3.2-1b,w1_w3,2048,8192,2048,2902.8,0.00299932,1,-,1,68,2026-10-05T23:17:51Z,1
200190,cheap,1,llama-3.2-1b,w2,2048,2048,8192,3128.94,0.0060002,1,-,1,68,2026-10-05T23:17:51Z,1
200192,cheap,1,llama-3.2-1b,wq_wo,2048,2048,2048,2816.32,0.0179387,1,-,1,68,2026-10-05T23:18:03Z,1
200192,cheap,1,llama-3.2-1b,wk_wv,2048,512,2048,720.07,0.0198163,1,-,1,68,2026-10-05T23:18:03Z,1
200192,cheap,1,llama-3.2-1b,w1_w3,2048,8192,2048,11191.1,0.0129964,1,-,1,68,2026-10-05T23:18:03Z,1
200192,cheap,1,llama-3.2-1b,w2,2048,2048,8192,11407.8,0.0211436,1,-,1,68,2026-10-05T23:18:03Z,1
200194,cheap,1,llama-3.2-1b,wq_wo,2048,2048,2048,1808.92,0.00951032,1,-,1,68,2026-10-05T23:18:18Z,1
200194,cheap,1,llama-3.2-1b,wk_wv,2048,512,2048,407.264,0.0158592,1,-,1,68,2026-10-05T23:18:18Z,1
200194,cheap,1,llama-3.2-1b,w1_w3,2048,8192,2048,6361.06,0.00799855,1,-,1,68,2026-10-05T23:18:18Z,1
200194,cheap,1,llama-3.2-1b,w2,2048,2048,8192,7305.74,0.00614361,1,-,1,68,2026-10-05T23:18:18Z,1
200197,cheap,1,llama-3.2-1b,wq_wo,2048,2048,2048,6568.74,0.00588219,1,-,1,67,2026-10-05T23:18:41Z,1
200197,cheap,1,llama-3.2-1b,wk_wv,2048,512,2048,3230.29,0.0581649,1,-,1,67,2026-10-05T23:18:41Z,1
200197,cheap,1,llama-3.2-1b,w1_w3,2048,8192,2048,25631.3,0.00464478,1,-,1,67,2026-10-05T23:18:41Z,1
200197,cheap,1,llama-3.2-1b,w2,2048,2048,8192,25793.6,0.00696812,1,-,1,67,2026-10-05T23:18:41Z,1
200199,cheap,1,llama-3.2-1b,wq_wo,2048,2048,2048,438.386,0.0106741,1,-,1,67,2026-10-05T23:18:56Z,1
200199,cheap,1,llama-3.2-1b,wk_wv,2048,512,2048,169.494,0.0154364,1,-,1,67,2026-10-05T23:18:56Z,1
200199,cheap,1,llama-3.2-1b,w1_w3,2048,8192,2048,1446.69,0.0240881,1,-,1,67,2026-10-05T23:18:56Z,1
200199,cheap,1,llama-3.2-1b,w2,2048,2048,8192,1752.89,0.0122495,1,-,1,67,2026-10-05T23:18:56Z,1
200202,cheap,1,llama-3.2-1b,wq_wo,2048,2048,2048,1171.77,0.00446421,1,-,1,68,2026-10-05T23:19:11Z,1
200202,cheap,1,llama-3.2-1b,wk_wv,2048,512,2048,307.372,0.00503303,1,-,1,68,2026-10-05T23:19:11Z,1
200202,cheap,1,llama-3.2-1b,w1_w3,2048,8192,2048,4198.12,0.00406485,1,-,1,68,2026-10-05T23:19:11Z,1
200202,cheap,1,llama-3.2-1b,w2,2048,2048,8192,4818.48,0.00534136,1,-,1,68,2026-10-05T23:19:11Z,1
200206,cheap,1,llama-3.2-1b,wq_wo,2048,2048,2048,16624.5,0.0195981,1,-,1,66,2026-10-05T23:19:31Z,1
200206,cheap,1,llama-3.2-1b,wk_wv,2048,512,2048,4406.06,0.0256303,1,-,1,66,2026-10-05T23:19:31Z,1
200206,cheap,1,llama-3.2-1b,w1_w3,2048,8192,2048,64703.7,0.0108223,1,-,1,66,2026-10-05T23:19:31Z,1
200206,cheap,1,llama-3.2-1b,w2,2048,2048,8192,67411.7,0.0138246,1,-,1,66,2026-10-05T23:19:31Z,1
200208,cheap,1,llama-3.2-1b,wq_wo,2048,2048,2048,4022.54,0.0287428,1,-,1,66,2026-10-05T23:19:45Z,1
200208,cheap,1,llama-3.2-1b,wk_wv,2048,512,2048,1052.58,0.0353921,1,-,1,66,2026-10-05T23:19:45Z,1
200208,cheap,1,llama-3.2-1b,w1_w3,2048,8192,2048,15044.9,0.0153501,1,-,1,66,2026-10-05T23:19:45Z,1
200208,cheap,1,llama-3.2-1b,w2,2048,2048,8192,16183.4,0.0357541,1,-,1,66,2026-10-05T23:19:45Z,1
200210,cheap,1,llama-3.2-1b,wq_wo,2048,2048,2048,2015.21,0.00678958,1,-,1,67,2026-10-05T23:19:57Z,1
200210,cheap,1,llama-3.2-1b,wk_wv,2048,512,2048,511.004,0.0245048,1,-,1,67,2026-10-05T23:19:57Z,1
200210,cheap,1,llama-3.2-1b,w1_w3,2048,8192,2048,7839.94,0.00787097,1,-,1,67,2026-10-05T23:19:57Z,1
200210,cheap,1,llama-3.2-1b,w2,2048,2048,8192,8061.61,0.0102085,1,-,1,67,2026-10-05T23:19:57Z,1
200212,cheap,1,llama-3.2-1b,wq_wo,2048,2048,2048,830.96,0.00575894,1,-,1,67,2026-10-05T23:20:08Z,1
200212,cheap,1,llama-3.2-1b,wk_wv,2048,512,2048,210.288,0.01337,1,-,1,67,2026-10-05T23:20:08Z,1
200212,cheap,1,llama-3.2-1b,w1_w3,2048,8192,2048,2801.6,0.0021597,1,-,1,67,2026-10-05T23:20:08Z,1
200212,cheap,1,llama-3.2-1b,w2,2048,2048,8192,3332.68,0.00531943,1,-,1,67,2026-10-05T23:20:08Z,1
200214,cheap,1,llama-3.2-1b,wq_wo,2048,2048,2048,,,0,-,1,61,2026-10-05T23:21:08Z,1
200214,cheap,1,llama-3.2-1b,wk_wv,2048,512,2048,,,0,-,1,61,2026-10-05T23:21:08Z,1
200214,cheap,1,llama-3.2-1b,w1_w3,2048,8192,2048,,,0,-,1,61,2026-10-05T23:21:08Z,1
200214,cheap,1,llama-3.2-1b,w2,2048,2048,8192,,,0,-,1,61,2026-10-05T23:21:08Z,1
200216,cheap,1,llama-3.2-1b,wq_wo,2048,2048,2048,213.356,0.0169386,1,-,1,67,2026-10-05T23:21:18Z,1
200216,cheap,1,llama-3.2-1b,wk_wv,2048,512,2048,60.06,0.00678165,1,-,1,67,2026-10-05T23:21:18Z,1
200216,cheap,1,llama-3.2-1b,w1_w3,2048,8192,2048,853.268,0.0168774,1,-,1,67,2026-10-05T23:21:18Z,1
200216,cheap,1,llama-3.2-1b,w2,2048,2048,8192,1288.4,0.00688485,1,-,1,67,2026-10-05T23:21:18Z,1
200218,cheap,1,llama-3.2-1b,wq_wo,2048,2048,2048,4958.12,0.0151763,1,-,1,67,2026-10-05T23:21:30Z,1
200218,cheap,1,llama-3.2-1b,wk_wv,2048,512,2048,1258.66,0.0143021,1,-,1,67,2026-10-05T23:21:30Z,1
200218,cheap,1,llama-3.2-1b,w1_w3,2048,8192,2048,19288.4,0.00856065,1,-,1,67,2026-10-05T23:21:30Z,1
200218,cheap,1,llama-3.2-1b,w2,2048,2048,8192,19499.3,0.0175738,1,-,1,67,2026-10-05T23:21:30Z,1
200221,cheap,1,llama-3.2-1b,wq_wo,2048,2048,2048,4137.35,0.0716975,1,-,1,66,2026-10-05T23:21:43Z,1
200221,cheap,1,llama-3.2-1b,wk_wv,2048,512,2048,1038.7,0.0834518,1,-,1,66,2026-10-05T23:21:43Z,1
200221,cheap,1,llama-3.2-1b,w1_w3,2048,8192,2048,16739.6,0.0337956,1,-,1,66,2026-10-05T23:21:43Z,1
200221,cheap,1,llama-3.2-1b,w2,2048,2048,8192,16180.5,0.0632817,1,-,1,66,2026-10-05T23:21:43Z,1
200225,cheap,1,llama-3.2-1b,wq_wo,2048,2048,2048,543.036,0.00309775,1,-,1,68,2026-10-05T23:21:56Z,1
200225,cheap,1,llama-3.2-1b,wk_wv,2048,512,2048,166.244,0.0101237,1,-,1,68,2026-10-05T23:21:56Z,1
200225,cheap,1,llama-3.2-1b,w1_w3,2048,8192,2048,2000.18,0.00389917,1,-,1,68,2026-10-05T23:21:56Z,1
200225,cheap,1,llama-3.2-1b,w2,2048,2048,8192,2296.11,0.00306691,1,-,1,68,2026-10-05T23:21:56Z,1
200228,cheap,1,llama-3.2-1b,wq_wo,2048,2048,2048,626.652,0.00408653,1,-,1,66,2026-10-05T23:22:11Z,1
200228,cheap,1,llama-3.2-1b,wk_wv,2048,512,2048,245.856,0.00802464,1,-,1,66,2026-10-05T23:22:11Z,1
200228,cheap,1,llama-3.2-1b,w1_w3,2048,8192,2048,2312.13,0.00348515,1,-,1,66,2026-10-05T23:22:11Z,1
200228,cheap,1,llama-3.2-1b,w2,2048,2048,8192,2685.28,0.00487259,1,-,1,66,2026-10-05T23:22:11Z,1
200230,cheap,1,llama-3.2-1b,wq_wo,2048,2048,2048,1844.02,0.0236557,1,-,1,67,2026-10-05T23:22:27Z,1
200230,cheap,1,llama-3.2-1b,wk_wv,2048,512,2048,450.684,0.0287809,1,-,1,67,2026-10-05T23:22:27Z,1
200230,cheap,1,llama-3.2-1b,w1_w3,2048,8192,2048,7337.1,0.0187285,1,-,1,67,2026-10-05T23:22:27Z,1
200230,cheap,1,llama-3.2-1b,w2,2048,2048,8192,7067.97,0.0211241,1,-,1,67,2026-10-05T23:22:27Z,1
200232,cheap,1,llama-3.2-1b,wq_wo,2048,2048,2048,837.46,0.00562987,1,-,1,68,2026-10-05T23:22:38Z,1
200232,cheap,1,llama-3.2-1b,wk_wv,2048,512,2048,209.508,0.0144624,1,-,1,68,2026-10-05T23:22:38Z,1
200232,cheap,1,llama-3.2-1b,w1_w3,2048,8192,2048,2816.01,0.00241956,1,-,1,68,2026-10-05T23:22:38Z,1
200232,cheap,1,llama-3.2-1b,w2,2048,2048,8192,3319.94,0.0053095,1,-,1,68,2026-10-05T23:22:38Z,1
200235,cheap,1,llama-3.2-1b,wq_wo,2048,2048,2048,2325.78,0.028222,1,-,1,67,2026-10-05T23:22:52Z,1
200235,cheap,1,llama-3.2-1b,wk_wv,2048,512,2048,962.416,0.0195647,1,-,1,67,2026-10-05T23:22:52Z,1
200235,cheap,1,llama-3.2-1b,w1_w3,2048,8192,2048,8235.37,0.0176452,1,-,1,67,2026-10-05T23:22:52Z,1
200235,cheap,1,llama-3.2-1b,w2,2048,2048,8192,9410.36,0.03029,1,-,1,67,2026-10-05T23:22:52Z,1
200237,cheap,1,llama-3.2-1b,wq_wo,2048,2048,2048,366.86,0.00242436,1,-,1,67,2026-10-05T23:23:04Z,1
200237,cheap,1,llama-3.2-1b,wk_wv,2048,512,2048,112.944,0.00741354,1,-,1,67,2026-10-05T23:23:04Z,1
200237,cheap,1,llama-3.2-1b,w1_w3,2048,8192,2048,1381.85,0.00504139,1,-,1,67,2026-10-05T23:23:04Z,1
200237,cheap,1,llama-3.2-1b,w2,2048,2048,8192,1626.09,0.00586215,1,-,1,67,2026-10-05T23:23:04Z,1
200240,cheap,1,llama-3.2-1b,wq_wo,2048,2048,2048,231.816,0.0141703,1,-,1,69,2026-10-05T23:23:13Z,1
200240,cheap,1,llama-3.2-1b,wk_wv,2048,512,2048,57.564,0.0114303,1,-,1,69,2026-10-05T23:23:13Z,1
200240,cheap,1,llama-3.2-1b,w1_w3,2048,8192,2048,810.524,0.0216045,1,-,1,69,2026-10-05T23:23:13Z,1
200240,cheap,1,llama-3.2-1b,w2,2048,2048,8192,1014.91,0.0116641,1,-,1,69,2026-10-05T23:23:13Z,1
200242,cheap,1,llama-3.2-1b,wq_wo,2048,2048,2048,5746.36,0.0202454,1,-,1,68,2026-10-05T23:23:22Z,1
200242,cheap,1,llama-3.2-1b,wk_wv,2048,512,2048,1591.85,0.0283776,1,-,1,68,2026-10-05T23:23:22Z,1
200242,cheap,1,llama-3.2-1b,w1_w3,2048,8192,2048,21834.4,0.0129149,1,-,1,68,2026-10-05T23:23:22Z,1
200242,cheap,1,llama-3.2-1b,w2,2048,2048,8192,22977.6,0.0142631,1,-,1,68,2026-10-05T23:23:22Z,1
200245,cheap,1,llama-3.2-1b,wq_wo,2048,2048,2048,4582.08,0.0159058,1,-,1,68,2026-10-05T23:23:34Z,1
200245,cheap,1,llama-3.2-1b,wk_wv,2048,512,2048,1205.49,0.0347921,1,-,1,68,2026-10-05T23:23:34Z,1
200245,cheap,1,llama-3.2-1b,w1_w3,2048,8192,2048,17682.7,0.010312,1,-,1,68,2026-10-05T23:23:34Z,1
200245,cheap,1,llama-3.2-1b,w2,2048,2048,8192,17874.1,0.0137704,1,-,1,68,2026-10-05T23:23:34Z,1
200248,cheap,1,llama-3.2-1b,wq_wo,2048,2048,2048,6336.46,0.00500227,1,-,1,67,2026-10-05T23:23:49Z,1
200248,cheap,1,llama-3.2-1b,wk_wv,2048,512,2048,1904.86,0.00290923,1,-,1,67,2026-10-05T23:23:49Z,1
200248,cheap,1,llama-3.2-1b,w1_w3,2048,8192,2048,23972.8,0.00229218,1,-,1,67,2026-10-05T23:23:49Z,1
200248,cheap,1,llama-3.2-1b,w2,2048,2048,8192,25427.3,0.00293844,1,-,1,67,2026-10-05T23:23:49Z,1
200251,cheap,1,llama-3.2-1b,wq_wo,2048,2048,2048,9104.81,0.0193028,1,-,1,66,2026-10-05T23:24:11Z,1
200251,cheap,1,llama-3.2-1b,wk_wv,2048,512,2048,3517.05,0.0476462,1,-,1,66,2026-10-05T23:24:11Z,1
200251,cheap,1,llama-3.2-1b,w1_w3,2048,8192,2048,31816.5,0.00896743,1,-,1,66,2026-10-05T23:24:11Z,1
200251,cheap,1,llama-3.2-1b,w2,2048,2048,8192,35489.6,0.0167264,1,-,1,66,2026-10-05T23:24:11Z,1
200255,cheap,1,llama-3.2-1b,wq_wo,2048,2048,2048,8076.61,0.00434878,1,-,1,65,2026-10-05T23:24:27Z,1
200255,cheap,1,llama-3.2-1b,wk_wv,2048,512,2048,2366.68,0.0544626,1,-,1,65,2026-10-05T23:24:27Z,1
200255,cheap,1,llama-3.2-1b,w1_w3,2048,8192,2048,32218.3,0.00300017,1,-,1,65,2026-10-05T23:24:27Z,1
200255,cheap,1,llama-3.2-1b,w2,2048,2048,8192,31800.2,0.00382032,1,-,1,65,2026-10-05T23:24:27Z,1
200258,cheap,1,llama-3.2-1b,wq_wo,2048,2048,2048,3765.09,0.0116339,1,-,1,67,2026-10-05T23:24:42Z,1
200258,cheap,1,llama-3.2-1b,wk_wv,2048,512,2048,676.832,0.021189,1,-,1,67,2026-10-05T23:24:42Z,1
200258,cheap,1,llama-3.2-1b,w1_w3,2048,8192,2048,15025,0.0136363,1,-,1,67,2026-10-05T23:24:42Z,1
200258,cheap,1,llama-3.2-1b,w2,2048,2048,8192,14806.7,0.0131644,1,-,1,67,2026-10-05T23:24:42Z,1
200261,cheap,1,llama-3.2-1b,wq_wo,2048,2048,2048,26417,0.010112,1,-,1,66,2026-10-05T23:25:04Z,1
200261,cheap,1,llama-3.2-1b,wk_wv,2048,512,2048,7384.6,0.0219663,1,-,1,66,2026-10-05T23:25:04Z,1
200261,cheap,1,llama-3.2-1b,w1_w3,2048,8192,2048,100978,0.00465843,1,-,1,66,2026-10-05T23:25:04Z,1
200261,cheap,1,llama-3.2-1b,w2,2048,2048,8192,105514,0.007482,1,-,1,66,2026-10-05T23:25:04Z,1
base,cheap,b3,llama-3.2-1b,wq_wo,2048,2048,2048,184.184,0.0124467,1,-,1,68,2026-10-05T23:25:13Z,1
base,cheap,b3,llama-3.2-1b,wk_wv,2048,512,2048,52.728,0.00848182,1,-,1,68,2026-10-05T23:25:13Z,1
base,cheap,b3,llama-3.2-1b,w1_w3,2048,8192,2048,740.428,0.0170556,1,-,1,68,2026-10-05T23:25:13Z,1
base,cheap,b3,llama-3.2-1b,w2,2048,2048,8192,822.822,0.0147239,1,-,1,68,2026-10-05T23:25:13Z,1
200265,cheap,1,llama-3.2-1b,wq_wo,2048,2048,2048,4279.78,0.0322887,1,-,1,66,2026-10-05T23:25:22Z,1
200265,cheap,1,llama-3.2-1b,wk_wv,2048,512,2048,1075.18,0.0310374,1,-,1,66,2026-10-05T23:25:22Z,1
200265,cheap,1,llama-3.2-1b,w1_w3,2048,8192,2048,16498.2,0.0187159,1,-,1,66,2026-10-05T23:25:22Z,1
200265,cheap,1,llama-3.2-1b,w2,2048,2048,8192,17008.2,0.0235379,1,-,1,66,2026-10-05T23:25:22Z,1
200267,cheap,1,llama-3.2-1b,wq_wo,2048,2048,2048,11262,0.00679499,1,-,1,65,2026-10-05T23:26:44Z,1
200267,cheap,1,llama-3.2-1b,wk_wv,2048,512,2048,8300.55,0.050691,1,-,1,65,2026-10-05T23:26:44Z,1
200267,cheap,1,llama-3.2-1b,w1_w3,2048,8192,2048,44044.4,0.00425604,1,-,1,65,2026-10-05T23:26:44Z,1
200267,cheap,1,llama-3.2-1b,w2,2048,2048,8192,43458.8,0.0123654,1,-,1,65,2026-10-05T23:26:44Z,1
200271,cheap,1,llama-3.2-1b,wq_wo,2048,2048,2048,8708.02,0.0116319,1,-,1,67,2026-10-05T23:26:59Z,1
200271,cheap,1,llama-3.2-1b,wk_wv,2048,512,2048,2242.24,0.0169401,1,-,1,67,2026-10-05T23:26:59Z,1
200271,cheap,1,llama-3.2-1b,w1_w3,2048,8192,2048,34066.7,0.00275519,1,-,1,67,2026-10-05T23:26:59Z,1
200271,cheap,1,llama-3.2-1b,w2,2048,2048,8192,35313,0.0100402,1,-,1,67,2026-10-05T23:26:59Z,1
200274,cheap,1,llama-3.2-1b,wq_wo,2048,2048,2048,8864.54,0.0124953,1,-,1,66,2026-10-05T23:27:14Z,1
200274,cheap,1,llama-3.2-1b,wk_wv,2048,512,2048,2372.21,0.0161738,1,-,1,66,2026-10-05T23:27:14Z,1
200274,cheap,1,llama-3.2-1b,w1_w3,2048,8192,2048,32815.2,0.00629064,1,-,1,66,2026-10-05T23:27:14Z,1
200274,cheap,1,llama-3.2-1b,w2,2048,2048,8192,36594.6,0.00789883,1,-,1,66,2026-10-05T23:27:14Z,1
200276,cheap,1,llama-3.2-1b,wq_wo,2048,2048,2048,1727.54,0.00301191,1,-,1,67,2026-10-05T23:27:28Z,1
200276,cheap,1,llama-3.2-1b,wk_wv,2048,512,2048,494.468,0.00391511,1,-,1,67,2026-10-05T23:27:28Z,1
200276,cheap,1,llama-3.2-1b,w1_w3,2048,8192,2048,6712.26,0.00188598,1,-,1,67,2026-10-05T23:27:28Z,1
200276,cheap,1,llama-3.2-1b,w2,2048,2048,8192,6935.16,0.00269005,1,-,1,67,2026-10-05T23:27:28Z,1
200279,cheap,1,llama-3.2-1b,wq_wo,2048,2048,2048,3649.98,0.0239364,1,-,1,68,2026-10-05T23:27:41Z,1
200279,cheap,1,llama-3.2-1b,wk_wv,2048,512,2048,1038.75,0.0502346,1,-,1,68,2026-10-05T23:27:41Z,1
200279,cheap,1,llama-3.2-1b,w1_w3,2048,8192,2048,12858.5,0.0107298,1,-,1,68,2026-10-05T23:27:41Z,1
200279,cheap,1,llama-3.2-1b,w2,2048,2048,8192,14698.7,0.0286468,1,-,1,68,2026-10-05T23:27:41Z,1
200281,cheap,1,llama-3.2-1b,wq_wo,2048,2048,2048,6979.21,0.0140829,1,-,1,67,2026-10-05T23:27:57Z,1
200281,cheap,1,llama-3.2-1b,wk_wv,2048,512,2048,2697.24,0.0398804,1,-,1,67,2026-10-05T23:27:57Z,1
200281,cheap,1,llama-3.2-1b,w1_w3,2048,8192,2048,27365.3,0.00698534,1,-,1,67,2026-10-05T23:27:57Z,1
200281,cheap,1,llama-3.2-1b,w2,2048,2048,8192,27761,0.0122913,1,-,1,67,2026-10-05T23:27:57Z,1
200284,cheap,1,llama-3.2-1b,wq_wo,2048,2048,2048,862.68,0.00280707,1,-,1,66,2026-10-05T23:28:11Z,1
200284,cheap,1,llama-3.2-1b,wk_wv,2048,512,2048,333.216,0.0139776,1,-,1,66,2026-10-05T23:28:11Z,1
200284,cheap,1,llama-3.2-1b,w1_w3,2048,8192,2048,2856.46,0.00379619,1,-,1,66,2026-10-05T23:28:11Z,1
200284,cheap,1,llama-3.2-1b,w2,2048,2048,8192,3539.54,0.00278211,1,-,1,66,2026-10-05T23:28:11Z,1
200287,cheap,1,llama-3.2-1b,wq_wo,2048,2048,2048,2320.6,0.005566,1,-,1,67,2026-10-05T23:28:25Z,1
200287,cheap,1,llama-3.2-1b,wk_wv,2048,512,2048,548.808,0.00745402,1,-,1,67,2026-10-05T23:28:25Z,1
200287,cheap,1,llama-3.2-1b,w1_w3,2048,8192,2048,8591.91,0.00225072,1,-,1,67,2026-10-05T23:28:25Z,1
200287,cheap,1,llama-3.2-1b,w2,2048,2048,8192,10132.5,0.00491747,1,-,1,67,2026-10-05T23:28:25Z,1
200289,cheap,1,llama-3.2-1b,wq_wo,2048,2048,2048,4698.98,0.0159952,1,-,1,68,2026-10-05T23:28:40Z,1
200289,cheap,1,llama-3.2-1b,wk_wv,2048,512,2048,1203.33,0.0156337,1,-,1,68,2026-10-05T23:28:40Z,1
200289,cheap,1,llama-3.2-1b,w1_w3,2048,8192,2048,18210.9,0.00860772,1,-,1,68,2026-10-05T23:28:40Z,1
200289,cheap,1,llama-3.2-1b,w2,2048,2048,8192,18937.4,0.0172212,1,-,1,68,2026-10-05T23:28:40Z,1
200292,cheap,1,llama-3.2-1b,wq_wo,2048,2048,2048,4533.98,0.0229313,1,-,1,67,2026-10-05T23:28:51Z,1
200292,cheap,1,llama-3.2-1b,wk_wv,2048,512,2048,1749.62,0.0333379,1,-,1,67,2026-10-05T23:28:51Z,1
200292,cheap,1,llama-3.2-1b,w1_w3,2048,8192,2048,18202.5,0.0185803,1,-,1,67,2026-10-05T23:28:51Z,1
200292,cheap,1,llama-3.2-1b,w2,2048,2048,8192,17945.9,0.0154354,1,-,1,67,2026-10-05T23:28:51Z,1
200298,cheap,1,-,-,,,,,,,,124,65,2026-10-05T23:32:53Z,1
200303,cheap,1,llama-3.2-1b,wq_wo,2048,2048,2048,3746.89,0.0055429,1,-,1,65,2026-10-05T23:33:02Z,1
200303,cheap,1,llama-3.2-1b,wk_wv,2048,512,2048,1003.86,0.00340265,1,-,1,65,2026-10-05T23:33:02Z,1
200303,cheap,1,llama-3.2-1b,w1_w3,2048,8192,2048,15125.2,0.00294143,1,-,1,65,2026-10-05T23:33:02Z,1
200303,cheap,1,llama-3.2-1b,w2,2048,2048,8192,15414.3,0.0107483,1,-,1,65,2026-10-05T23:33:02Z,1
200307,cheap,1,llama-3.2-1b,wq_wo,2048,2048,2048,16339.9,0.0135108,1,-,1,66,2026-10-05T23:33:20Z,1
200307,cheap,1,llama-3.2-1b,wk_wv,2048,512,2048,4006.6,0.0195953,1,-,1,66,2026-10-05T23:33:20Z,1
200307,cheap,1,llama-3.2-1b,w1_w3,2048,8192,2048,65714.7,0.00775631,1,-,1,66,2026-10-05T23:33:20Z,1
200307,cheap,1,llama-3.2-1b,w2,2048,2048,8192,61865.3,0.00762772,1,-,1,66,2026-10-05T23:33:20Z,1
200310,cheap,1,llama-3.2-1b,wq_wo,2048,2048,2048,212.004,0.0243277,1,-,1,68,2026-10-05T23:33:33Z,1
200310,cheap,1,llama-3.2-1b,wk_wv,2048,512,2048,59.332,0.00765172,1,-,1,68,2026-10-05T23:33:33Z,1
200310,cheap,1,llama-3.2-1b,w1_w3,2048,8192,2048,847.132,0.0213371,1,-,1,68,2026-10-05T23:33:33Z,1
200310,cheap,1,llama-3.2-1b,w2,2048,2048,8192,1203.18,0.00615126,1,-,1,68,2026-10-05T23:33:33Z,1
200314,cheap,1,llama-3.2-1b,wq_wo,2048,2048,2048,331.994,0.00611579,1,-,1,68,2026-10-05T23:33:47Z,1
200314,cheap,1,llama-3.2-1b,wk_wv,2048,512,2048,119.808,0.0096395,1,-,1,68,2026-10-05T23:33:47Z,1
200314,cheap,1,llama-3.2-1b,w1_w3,2048,8192,2048,1218.26,0.00604269,1,-,1,68,2026-10-05T23:33:47Z,1
200314,cheap,1,llama-3.2-1b,w2,2048,2048,8192,1400.72,0.00718059,1,-,1,68,2026-10-05T23:33:47Z,1
200317,cheap,1,llama-3.2-1b,wq_wo,2048,2048,2048,327.86,0.0125346,1,-,1,68,2026-10-05T23:33:59Z,1
200317,cheap,1,llama-3.2-1b,wk_wv,2048,512,2048,87.412,0.0124612,1,-,1,68,2026-10-05T23:33:59Z,1
200317,cheap,1,llama-3.2-1b,w1_w3,2048,8192,2048,1121.02,0.0144678,1,-,1,68,2026-10-05T23:33:59Z,1
200317,cheap,1,llama-3.2-1b,w2,2048,2048,8192,1393.44,0.0165688,1,-,1,68,2026-10-05T23:33:59Z,1
200320,cheap,1,llama-3.2-1b,wq_wo,2048,2048,2048,13865.1,0.0165733,1,-,1,66,2026-10-05T23:34:16Z,1
200320,cheap,1,llama-3.2-1b,wk_wv,2048,512,2048,4003.64,0.01031,1,-,1,66,2026-10-05T23:34:16Z,1
200320,cheap,1,llama-3.2-1b,w1_w3,2048,8192,2048,52110.8,0.00295131,1,-,1,66,2026-10-05T23:34:16Z,1
200320,cheap,1,llama-3.2-1b,w2,2048,2048,8192,56669.3,0.00725733,1,-,1,66,2026-10-05T23:34:16Z,1
200324,cheap,1,llama-3.2-1b,wq_wo,2048,2048,2048,3744.78,0.017282,1,-,1,67,2026-10-05T23:34:30Z,1
200324,cheap,1,llama-3.2-1b,wk_wv,2048,512,2048,1022.01,0.0304712,1,-,1,67,2026-10-05T23:34:30Z,1
200324,cheap,1,llama-3.2-1b,w1_w3,2048,8192,2048,14117.8,0.00874322,1,-,1,67,2026-10-05T23:34:30Z,1
200324,cheap,1,llama-3.2-1b,w2,2048,2048,8192,15283.8,0.0215174,1,-,1,67,2026-10-05T23:34:30Z,1
200328,cheap,1,llama-3.2-1b,wq_wo,2048,2048,2048,2614.87,0.0177744,1,-,1,67,2026-10-05T23:34:41Z,1
200328,cheap,1,llama-3.2-1b,wk_wv,2048,512,2048,737.204,0.0319144,1,-,1,67,2026-10-05T23:34:41Z,1
200328,cheap,1,llama-3.2-1b,w1_w3,2048,8192,2048,9788.4,0.0109047,1,-,1,67,2026-10-05T23:34:41Z,1
200328,cheap,1,llama-3.2-1b,w2,2048,2048,8192,10342.2,0.0164105,1,-,1,67,2026-10-05T23:34:41Z,1
200330,cheap,1,llama-3.2-1b,wq_wo,2048,2048,2048,2442.49,0.020754,1,-,1,67,2026-10-05T23:34:54Z,1
200330,cheap,1,llama-3.2-1b,wk_wv,2048,512,2048,862.706,0.0305521,1,-,1,67,2026-10-05T23:34:54Z,1
200330,cheap,1,llama-3.2-1b,w1_w3,2048,8192,2048,10165.5,0.0222954,1,-,1,67,2026-10-05T23:34:54Z,1
200330,cheap,1,llama-3.2-1b,w2,2048,2048,8192,9679.72,0.0202326,1,-,1,67,2026-10-05T23:34:54Z,1
200332,cheap,1,llama-3.2-1b,wq_wo,2048,2048,2048,5475.83,0.00602658,1,-,1,67,2026-10-05T23:35:08Z,1
200332,cheap,1,llama-3.2-1b,wk_wv,2048,512,2048,1457.2,0.0504663,1,-,1,67,2026-10-05T23:35:08Z,1
200332,cheap,1,llama-3.2-1b,w1_w3,2048,8192,2048,21306.2,0.00857305,1,-,1,67,2026-10-05T23:35:08Z,1
200332,cheap,1,llama-3.2-1b,w2,2048,2048,8192,20970.6,0.00429475,1,-,1,67,2026-10-05T23:35:08Z,1
200335,cheap,1,llama-3.2-1b,wq_wo,2048,2048,2048,7120.88,0.013337,1,-,1,68,2026-10-05T23:35:22Z,1
200335,cheap,1,llama-3.2-1b,wk_wv,2048,512,2048,2671.45,0.044056,1,-,1,68,2026-10-05T23:35:22Z,1
200335,cheap,1,llama-3.2-1b,w1_w3,2048,8192,2048,29285.3,0.00969992,1,-,1,68,2026-10-05T23:35:22Z,1
200335,cheap,1,llama-3.2-1b,w2,2048,2048,8192,28317.8,0.0146722,1,-,1,68,2026-10-05T23:35:22Z,1
200337,cheap,1,llama-3.2-1b,wq_wo,2048,2048,2048,375.128,0.0181708,1,-,1,68,2026-10-05T23:35:34Z,1
200337,cheap,1,llama-3.2-1b,wk_wv,2048,512,2048,99.268,0.00674822,1,-,1,68,2026-10-05T23:35:34Z,1
200337,cheap,1,llama-3.2-1b,w1_w3,2048,8192,2048,1477.58,0.0148606,1,-,1,68,2026-10-05T23:35:34Z,1
200337,cheap,1,llama-3.2-1b,w2,2048,2048,8192,1581.01,0.012255,1,-,1,68,2026-10-05T23:35:34Z,1
200343,cheap,1,llama-3.2-1b,wq_wo,2048,2048,2048,10266.3,0.0369457,1,-,1,67,2026-10-05T23:35:50Z,1
200343,cheap,1,llama-3.2-1b,wk_wv,2048,512,2048,2585.47,0.0588976,1,-,1,67,2026-10-05T23:35:50Z,1
200343,cheap,1,llama-3.2-1b,w1_w3,2048,8192,2048,41033.1,0.00759207,1,-,1,67,2026-10-05T23:35:50Z,1
200343,cheap,1,llama-3.2-1b,w2,2048,2048,8192,41633.2,0.0255572,1,-,1,67,2026-10-05T23:35:50Z,1
200346,cheap,1,llama-3.2-1b,wq_wo,2048,2048,2048,9155.02,0.0420941,1,-,1,66,2026-10-05T23:36:07Z,1
200346,cheap,1,llama-3.2-1b,wk_wv,2048,512,2048,2324.79,0.0555119,1,-,1,66,2026-10-05T23:36:07Z,1
200346,cheap,1,llama-3.2-1b,w1_w3,2048,8192,2048,36898.7,0.00807053,1,-,1,66,2026-10-05T23:36:07Z,1
200346,cheap,1,llama-3.2-1b,w2,2048,2048,8192,38150.4,0.0395739,1,-,1,66,2026-10-05T23:36:07Z,1
200349,cheap,1,llama-3.2-1b,wq_wo,2048,2048,2048,8468.82,0.0255147,1,-,1,67,2026-10-05T23:36:22Z,1
200349,cheap,1,llama-3.2-1b,wk_wv,2048,512,2048,2486.41,0.0443241,1,-,1,67,2026-10-05T23:36:22Z,1
200349,cheap,1,llama-3.2-1b,w1_w3,2048,8192,2048,30334.7,0.0122392,1,-,1,67,2026-10-05T23:36:22Z,1
200349,cheap,1,llama-3.2-1b,w2,2048,2048,8192,35070,0.0131308,1,-,1,67,2026-10-05T23:36:22Z,1
200352,cheap,1,llama-3.2-1b,wq_wo,2048,2048,2048,7975.63,0.0359272,1,-,1,67,2026-10-05T23:36:34Z,1
200352,cheap,1,llama-3.2-1b,wk_wv,2048,512,2048,2025.4,0.0343999,1,-,1,67,2026-10-05T23:36:34Z,1
200352,cheap,1,llama-3.2-1b,w1_w3,2048,8192,2048,30791.9,0.0387991,1,-,1,67,2026-10-05T23:36:34Z,1
200352,cheap,1,llama-3.2-1b,w2,2048,2048,8192,31074.6,0.0371278,1,-,1,67,2026-10-05T23:36:34Z,1
200358,cheap,1,llama-3.2-1b,wq_wo,2048,2048,2048,8520.46,0.0160285,1,-,1,67,2026-10-05T23:36:47Z,1
200358,cheap,1,llama-3.2-1b,wk_wv,2048,512,2048,2192.84,0.018611,1,-,1,67,2026-10-05T23:36:47Z,1
200358,cheap,1,llama-3.2-1b,w1_w3,2048,8192,2048,32770.6,0.0130535,1,-,1,67,2026-10-05T23:36:47Z,1
200358,cheap,1,llama-3.2-1b,w2,2048,2048,8192,34055.4,0.0084116,1,-,1,67,2026-10-05T23:36:47Z,1
200362,cheap,1,llama-3.2-1b,wq_wo,2048,2048,2048,2330.56,0.0230624,1,-,1,67,2026-10-05T23:36:55Z,1
200362,cheap,1,llama-3.2-1b,wk_wv,2048,512,2048,787.748,0.0266463,1,-,1,67,2026-10-05T23:36:55Z,1
200362,cheap,1,llama-3.2-1b,w1_w3,2048,8192,2048,9645.04,0.0125783,1,-,1,67,2026-10-05T23:36:55Z,1
200362,cheap,1,llama-3.2-1b,w2,2048,2048,8192,9285.69,0.0267439,1,-,1,67,2026-10-05T23:36:55Z,1
200370,cheap,1,llama-3.2-1b,wq_wo,2048,2048,2048,3187.6,0.0224196,1,-,1,68,2026-10-05T23:37:04Z,1
200370,cheap,1,llama-3.2-1b,wk_wv,2048,512,2048,611.156,0.0251766,1,-,1,68,2026-10-05T23:37:04Z,1
200370,cheap,1,llama-3.2-1b,w1_w3,2048,8192,2048,12970.5,0.00944363,1,-,1,68,2026-10-05T23:37:04Z,1
200370,cheap,1,llama-3.2-1b,w2,2048,2048,8192,12770.3,0.0176266,1,-,1,68,2026-10-05T23:37:04Z,1
200373,cheap,1,llama-3.2-1b,wq_wo,2048,2048,2048,5227.3,0.0267403,1,-,1,68,2026-10-05T23:37:13Z,1
200373,cheap,1,llama-3.2-1b,wk_wv,2048,512,2048,1371.6,0.0440054,1,-,1,68,2026-10-05T23:37:13Z,1
200373,cheap,1,llama-3.2-1b,w1_w3,2048,8192,2048,18779.6,0.0222205,1,-,1,68,2026-10-05T23:37:13Z,1
200373,cheap,1,llama-3.2-1b,w2,2048,2048,8192,20994.1,0.0243278,1,-,1,68,2026-10-05T23:37:13Z,1
200375,cheap,1,llama-3.2-1b,wq_wo,2048,2048,2048,3585.27,0.0238284,1,-,1,68,2026-10-05T23:37:24Z,1
200375,cheap,1,llama-3.2-1b,wk_wv,2048,512,2048,1000.09,0.0411632,1,-,1,68,2026-10-05T23:37:24Z,1
200375,cheap,1,llama-3.2-1b,w1_w3,2048,8192,2048,12759.6,0.0111741,1,-,1,68,2026-10-05T23:37:24Z,1
200375,cheap,1,llama-3.2-1b,w2,2048,2048,8192,14153.3,0.0240514,1,-,1,68,2026-10-05T23:37:24Z,1
200379,cheap,1,llama-3.2-1b,wq_wo,2048,2048,2048,4498,0.0136854,1,-,1,68,2026-10-05T23:37:33Z,1
200379,cheap,1,llama-3.2-1b,wk_wv,2048,512,2048,1120.03,0.0359822,1,-,1,68,2026-10-05T23:37:33Z,1
200379,cheap,1,llama-3.2-1b,w1_w3,2048,8192,2048,16087.8,0.0105992,1,-,1,68,2026-10-05T23:37:33Z,1
200379,cheap,1,llama-3.2-1b,w2,2048,2048,8192,17892.5,0.0109211,1,-,1,68,2026-10-05T23:37:33Z,1
200383,cheap,1,llama-3.2-1b,wq_wo,2048,2048,2048,1177.96,0.0468124,1,-,1,67,2026-10-05T23:37:43Z,1
200383,cheap,1,llama-3.2-1b,wk_wv,2048,512,2048,802.672,0.00806026,1,-,1,67,2026-10-05T23:37:43Z,1
200383,cheap,1,llama-3.2-1b,w1_w3,2048,8192,2048,4571.5,0.0429164,1,-,1,67,2026-10-05T23:37:43Z,1
200383,cheap,1,llama-3.2-1b,w2,2048,2048,8192,4659.3,0.0444606,1,-,1,67,2026-10-05T23:37:43Z,1
200385,cheap,1,llama-3.2-1b,wq_wo,2048,2048,2048,,,0,-,1,60,2026-10-05T23:39:51Z,1
200385,cheap,1,llama-3.2-1b,wk_wv,2048,512,2048,,,0,-,1,60,2026-10-05T23:39:51Z,1
200385,cheap,1,llama-3.2-1b,w1_w3,2048,8192,2048,,,0,-,1,60,2026-10-05T23:39:51Z,1
200385,cheap,1,llama-3.2-1b,w2,2048,2048,8192,,,0,-,1,60,2026-10-05T23:39:51Z,1
200387,cheap,1,llama-3.2-1b,wq_wo,2048,2048,2048,493.116,0.00276176,1,-,1,65,2026-10-05T23:39:59Z,1
200387,cheap,1,llama-3.2-1b,wk_wv,2048,512,2048,152.152,0.0113984,1,-,1,65,2026-10-05T23:39:59Z,1
200387,cheap,1,llama-3.2-1b,w1_w3,2048,8192,2048,1854.74,0.00379646,1,-,1,65,2026-10-05T23:39:59Z,1
200387,cheap,1,llama-3.2-1b,w2,2048,2048,8192,2036.01,0.00479922,1,-,1,65,2026-10-05T23:39:59Z,1
200389,cheap,1,llama-3.2-1b,wq_wo,2048,2048,2048,9954.62,0.0101114,1,-,1,66,2026-10-05T23:40:12Z,1
200389,cheap,1,llama-3.2-1b,wk_wv,2048,512,2048,3855.59,0.0349733,1,-,1,66,2026-10-05T23:40:12Z,1
200389,cheap,1,llama-3.2-1b,w1_w3,2048,8192,2048,39628.6,0.00585338,1,-,1,66,2026-10-05T23:40:12Z,1
200389,cheap,1,llama-3.2-1b,w2,2048,2048,8192,39860.1,0.00713601,1,-,1,66,2026-10-05T23:40:12Z,1
200393,cheap,1,llama-3.2-1b,wq_wo,2048,2048,2048,3395.81,0.0180001,1,-,1,67,2026-10-05T23:40:21Z,1
200393,cheap,1,llama-3.2-1b,wk_wv,2048,512,2048,964.86,0.0265385,1,-,1,67,2026-10-05T23:40:21Z,1
200393,cheap,1,llama-3.2-1b,w1_w3,2048,8192,2048,13014.2,0.00986016,1,-,1,67,2026-10-05T23:40:21Z,1
200393,cheap,1,llama-3.2-1b,w2,2048,2048,8192,16341.7,0.0169473,1,-,1,67,2026-10-05T23:40:21Z,1
200398,cheap,1,llama-3.2-1b,wq_wo,2048,2048,2048,4060.86,0.0334375,1,-,1,67,2026-10-05T23:40:32Z,1
200398,cheap,1,llama-3.2-1b,wk_wv,2048,512,2048,1044.86,0.033701,1,-,1,67,2026-10-05T23:40:32Z,1
200398,cheap,1,llama-3.2-1b,w1_w3,2048,8192,2048,15263.3,0.0114761,1,-,1,67,2026-10-05T23:40:32Z,1
200398,cheap,1,llama-3.2-1b,w2,2048,2048,8192,16180.8,0.022763,1,-,1,67,2026-10-05T23:40:32Z,1
200400,cheap,1,llama-3.2-1b,wq_wo,2048,2048,2048,635.128,0.0563878,1,-,1,68,2026-10-05T23:40:41Z,1
200400,cheap,1,llama-3.2-1b,wk_wv,2048,512,2048,219.7,0.00519399,1,-,1,68,2026-10-05T23:40:41Z,1
200400,cheap,1,llama-3.2-1b,w1_w3,2048,8192,2048,2138.14,0.0151123,1,-,1,68,2026-10-05T23:40:41Z,1
200400,cheap,1,llama-3.2-1b,w2,2048,2048,8192,2693.91,0.00945355,1,-,1,68,2026-10-05T23:40:41Z,1
200403,cheap,1,llama-3.2-1b,wq_wo,2048,2048,2048,2706.96,0.00380976,1,-,1,68,2026-10-05T23:40:50Z,1
200403,cheap,1,llama-3.2-1b,wk_wv,2048,512,2048,796.848,0.0035983,1,-,1,68,2026-10-05T23:40:50Z,1
200403,cheap,1,llama-3.2-1b,w1_w3,2048,8192,2048,10173.1,0.00263472,1,-,1,68,2026-10-05T23:40:50Z,1
200403,cheap,1,llama-3.2-1b,w2,2048,2048,8192,11423.7,0.00447208,1,-,1,68,2026-10-05T23:40:50Z,1
200406,cheap,1,llama-3.2-1b,wq_wo,2048,2048,2048,1938.9,0.00722498,1,-,1,67,2026-10-05T23:41:03Z,1
200406,cheap,1,llama-3.2-1b,wk_wv,2048,512,2048,458.64,0.0166423,1,-,1,67,2026-10-05T23:41:03Z,1
200406,cheap,1,llama-3.2-1b,w1_w3,2048,8192,2048,7179.41,0.0108012,1,-,1,67,2026-10-05T23:41:03Z,1
200406,cheap,1,llama-3.2-1b,w2,2048,2048,8192,8180.87,0.0102143,1,-,1,67,2026-10-05T23:41:03Z,1
200409,cheap,1,llama-3.2-1b,wq_wo,2048,2048,2048,9164.64,0.010838,1,-,1,67,2026-10-05T23:41:19Z,1
200409,cheap,1,llama-3.2-1b,wk_wv,2048,512,2048,2295.93,0.0115669,1,-,1,67,2026-10-05T23:41:19Z,1
200409,cheap,1,llama-3.2-1b,w1_w3,2048,8192,2048,37088.2,0.00200298,1,-,1,67,2026-10-05T23:41:19Z,1
200409,cheap,1,llama-3.2-1b,w2,2048,2048,8192,36136.3,0.0114826,1,-,1,67,2026-10-05T23:41:19Z,1
200411,cheap,1,llama-3.2-1b,wq_wo,2048,2048,2048,666.328,0.0102512,1,-,1,68,2026-10-05T23:41:28Z,1
200411,cheap,1,llama-3.2-1b,wk_wv,2048,512,2048,166.504,0.00405519,1,-,1,68,2026-10-05T23:41:28Z,1
200411,cheap,1,llama-3.2-1b,w1_w3,2048,8192,2048,2381.29,0.00524724,1,-,1,68,2026-10-05T23:41:28Z,1
200411,cheap,1,llama-3.2-1b,w2,2048,2048,8192,2589.05,0.0121341,1,-,1,68,2026-10-05T23:41:28Z,1
200414,cheap,1,llama-3.2-1b,wq_wo,2048,2048,2048,,,0,-,1,66,2026-10-05T23:42:19Z,1
200414,cheap,1,llama-3.2-1b,wk_wv,2048,512,2048,,,0,-,1,66,2026-10-05T23:42:19Z,1
200414,cheap,1,llama-3.2-1b,w1_w3,2048,8192,2048,,,0,-,1,66,2026-10-05T23:42:19Z,1
200414,cheap,1,llama-3.2-1b,w2,2048,2048,8192,,,0,-,1,66,2026-10-05T23:42:19Z,1
200417,cheap,1,llama-3.2-1b,wq_wo,2048,2048,2048,1644.97,0.00585059,1,-,1,65,2026-10-05T23:42:27Z,1
200417,cheap,1,llama-3.2-1b,wk_wv,2048,512,2048,403.104,0.0144227,1,-,1,65,2026-10-05T23:42:27Z,1
200417,cheap,1,llama-3.2-1b,w1_w3,2048,8192,2048,6086.7,0.00567475,1,-,1,65,2026-10-05T23:42:27Z,1
200417,cheap,1,llama-3.2-1b,w2,2048,2048,8192,6646.3,0.00581249,1,-,1,65,2026-10-05T23:42:27Z,1
200419,cheap,1,llama-3.2-1b,wq_wo,2048,2048,2048,6401.1,0.0369025,1,-,1,65,2026-10-05T23:42:37Z,1
200419,cheap,1,llama-3.2-1b,wk_wv,2048,512,2048,1650.97,0.0525495,1,-,1,65,2026-10-05T23:42:37Z,1
200419,cheap,1,llama-3.2-1b,w1_w3,2048,8192,2048,23853.4,0.037865,1,-,1,65,2026-10-05T23:42:37Z,1
200419,cheap,1,llama-3.2-1b,w2,2048,2048,8192,24755.8,0.0276868,1,-,1,65,2026-10-05T23:42:37Z,1
200421,cheap,1,llama-3.2-1b,wq_wo,2048,2048,2048,6142.66,0.0243292,1,-,1,66,2026-10-05T23:42:47Z,1
200421,cheap,1,llama-3.2-1b,wk_wv,2048,512,2048,1777.46,0.0460918,1,-,1,66,2026-10-05T23:42:47Z,1
200421,cheap,1,llama-3.2-1b,w1_w3,2048,8192,2048,22374.4,0.0143238,1,-,1,66,2026-10-05T23:42:47Z,1
200421,cheap,1,llama-3.2-1b,w2,2048,2048,8192,24292.8,0.0242521,1,-,1,66,2026-10-05T23:42:47Z,1
200425,cheap,1,llama-3.2-1b,wq_wo,2048,2048,2048,2476.21,0.0251663,1,-,1,68,2026-10-05T23:42:55Z,1
200425,cheap,1,llama-3.2-1b,wk_wv,2048,512,2048,791.674,0.0483261,1,-,1,68,2026-10-05T23:42:55Z,1
200425,cheap,1,llama-3.2-1b,w1_w3,2048,8192,2048,10595.8,0.0184878,1,-,1,68,2026-10-05T23:42:55Z,1
200425,cheap,1,llama-3.2-1b,w2,2048,2048,8192,10228.6,0.0226085,1,-,1,68,2026-10-05T23:42:55Z,1
base,cheap,b4,llama-3.2-1b,wq_wo,2048,2048,2048,184.132,0.0140637,1,-,1,69,2026-10-05T23:43:03Z,1
base,cheap,b4,llama-3.2-1b,wk_wv,2048,512,2048,52.78,0.00828703,1,-,1,69,2026-10-05T23:43:03Z,1
base,cheap,b4,llama-3.2-1b,w1_w3,2048,8192,2048,750.724,0.0168768,1,-,1,69,2026-10-05T23:43:03Z,1
base,cheap,b4,llama-3.2-1b,w2,2048,2048,8192,823.888,0.0155094,1,-,1,69,2026-10-05T23:43:03Z,1
200428,cheap,1,llama-3.2-1b,wq_wo,2048,2048,2048,6838.16,0.0142374,1,-,1,68,2026-10-05T23:43:13Z,1
200428,cheap,1,llama-3.2-1b,wk_wv,2048,512,2048,1949.4,0.0287058,1,-,1,68,2026-10-05T23:43:13Z,1
200428,cheap,1,llama-3.2-1b,w1_w3,2048,8192,2048,25463.5,0.00607956,1,-,1,68,2026-10-05T23:43:13Z,1
200428,cheap,1,llama-3.2-1b,w2,2048,2048,8192,27263.5,0.012641,1,-,1,68,2026-10-05T23:43:13Z,1
200431,cheap,1,llama-3.2-1b,wq_wo,2048,2048,2048,4683.77,0.0354641,1,-,1,68,2026-10-05T23:43:22Z,1
200431,cheap,1,llama-3.2-1b,wk_wv,2048,512,2048,1196.99,0.0391764,1,-,1,68,2026-10-05T23:43:22Z,1
200431,cheap,1,llama-3.2-1b,w1_w3,2048,8192,2048,18903.1,0.0207842,1,-,1,68,2026-10-05T23:43:22Z,1
200431,cheap,1,llama-3.2-1b,w2,2048,2048,8192,19360.6,0.0382557,1,-,1,68,2026-10-05T23:43:22Z,1
200434,cheap,1,llama-3.2-1b,wq_wo,2048,2048,2048,3103.31,0.00362563,1,-,1,67,2026-10-05T23:43:31Z,1
200434,cheap,1,llama-3.2-1b,wk_wv,2048,512,2048,819.494,0.0118669,1,-,1,67,2026-10-05T23:43:31Z,1
200434,cheap,1,llama-3.2-1b,w1_w3,2048,8192,2048,12241,0.00219632,1,-,1,67,2026-10-05T23:43:31Z,1
200434,cheap,1,llama-3.2-1b,w2,2048,2048,8192,12898.8,0.00684559,1,-,1,67,2026-10-05T23:43:31Z,1
200437,cheap,1,llama-3.2-1b,wq_wo,2048,2048,2048,252.096,0.00873415,1,-,1,69,2026-10-05T23:43:39Z,1
200437,cheap,1,llama-3.2-1b,wk_wv,2048,512,2048,71.084,0.00841441,1,-,1,69,2026-10-05T23:43:39Z,1
200437,cheap,1,llama-3.2-1b,w1_w3,2048,8192,2048,1019.36,0.0139718,1,-,1,69,2026-10-05T23:43:39Z,1
200437,cheap,1,llama-3.2-1b,w2,2048,2048,8192,1085.76,0.0150229,1,-,1,69,2026-10-05T23:43:39Z,1
200440,cheap,1,llama-3.2-1b,wq_wo,2048,2048,2048,7202.65,0.0137551,1,-,1,67,2026-10-05T23:43:50Z,1
200440,cheap,1,llama-3.2-1b,wk_wv,2048,512,2048,2775.94,0.0407372,1,-,1,67,2026-10-05T23:43:50Z,1
200440,cheap,1,llama-3.2-1b,w1_w3,2048,8192,2048,28389.5,0.0138678,1,-,1,67,2026-10-05T23:43:50Z,1
200440,cheap,1,llama-3.2-1b,w2,2048,2048,8192,28402.3,0.0113666,1,-,1,67,2026-10-05T23:43:50Z,1
200443,cheap,1,llama-3.2-1b,wq_wo,2048,2048,2048,633.516,0.00493728,1,-,1,67,2026-10-05T23:43:58Z,1
200443,cheap,1,llama-3.2-1b,wk_wv,2048,512,2048,163.436,0.00958509,1,-,1,67,2026-10-05T23:43:58Z,1
200443,cheap,1,llama-3.2-1b,w1_w3,2048,8192,2048,2493.24,0.00619965,1,-,1,67,2026-10-05T23:43:58Z,1
200443,cheap,1,llama-3.2-1b,w2,2048,2048,8192,2256.49,0.0119218,1,-,1,67,2026-10-05T23:43:58Z,1
200445,cheap,1,llama-3.2-1b,wq_wo,2048,2048,2048,2321.36,0.00650508,1,-,1,68,2026-10-05T23:44:07Z,1
200445,cheap,1,llama-3.2-1b,wk_wv,2048,512,2048,583.128,0.0219563,1,-,1,68,2026-10-05T23:44:07Z,1
200445,cheap,1,llama-3.2-1b,w1_w3,2048,8192,2048,9028.71,0.0017379,1,-,1,68,2026-10-05T23:44:07Z,1
200445,cheap,1,llama-3.2-1b,w2,2048,2048,8192,9771.4,0.0138514,1,-,1,68,2026-10-05T23:44:07Z,1
200448,cheap,1,llama-3.2-1b,wq_wo,2048,2048,2048,2277.18,0.0189712,1,-,1,68,2026-10-05T23:44:15Z,1
200448,cheap,1,llama-3.2-1b,wk_wv,2048,512,2048,764.504,0.0326346,1,-,1,68,2026-10-05T23:44:15Z,1
200448,cheap,1,llama-3.2-1b,w1_w3,2048,8192,2048,9534.46,0.0127225,1,-,1,68,2026-10-05T23:44:15Z,1
200448,cheap,1,llama-3.2-1b,w2,2048,2048,8192,9080.01,0.0257465,1,-,1,68,2026-10-05T23:44:15Z,1
200450,cheap,1,llama-3.2-1b,wq_wo,2048,2048,2048,7768.12,0.00906653,1,-,1,67,2026-10-05T23:44:26Z,1
200450,cheap,1,llama-3.2-1b,wk_wv,2048,512,2048,1771.59,0.0195258,1,-,1,67,2026-10-05T23:44:26Z,1
200450,cheap,1,llama-3.2-1b,w1_w3,2048,8192,2048,27089.1,0.00519454,1,-,1,67,2026-10-05T23:44:26Z,1
200450,cheap,1,llama-3.2-1b,w2,2048,2048,8192,26671.6,0.00562923,1,-,1,67,2026-10-05T23:44:26Z,1
200453,cheap,1,llama-3.2-1b,wq_wo,2048,2048,2048,944.632,0.0117811,1,-,1,68,2026-10-05T23:44:35Z,1
200453,cheap,1,llama-3.2-1b,wk_wv,2048,512,2048,226.408,0.0043584,1,-,1,68,2026-10-05T23:44:35Z,1
200453,cheap,1,llama-3.2-1b,w1_w3,2048,8192,2048,3415.83,0.00300313,1,-,1,68,2026-10-05T23:44:35Z,1
200453,cheap,1,llama-3.2-1b,w2,2048,2048,8192,3966.92,0.0147749,1,-,1,68,2026-10-05T23:44:35Z,1
200455,cheap,1,llama-3.2-1b,wq_wo,2048,2048,2048,1019.3,0.00283994,1,-,1,68,2026-10-05T23:44:43Z,1
200455,cheap,1,llama-3.2-1b,wk_wv,2048,512,2048,254.592,0.00670707,1,-,1,68,2026-10-05T23:44:43Z,1
200455,cheap,1,llama-3.2-1b,w1_w3,2048,8192,2048,3818.67,0.00181415,1,-,1,68,2026-10-05T23:44:43Z,1
200455,cheap,1,llama-3.2-1b,w2,2048,2048,8192,4159.27,0.003577,1,-,1,68,2026-10-05T23:44:43Z,1
200457,cheap,1,llama-3.2-1b,wq_wo,2048,2048,2048,1478.93,0.00661105,1,-,1,68,2026-10-05T23:44:52Z,1
200457,cheap,1,llama-3.2-1b,wk_wv,2048,512,2048,416.364,0.00458887,1,-,1,68,2026-10-05T23:44:52Z,1
200457,cheap,1,llama-3.2-1b,w1_w3,2048,8192,2048,5866.28,0.00216463,1,-,1,68,2026-10-05T23:44:52Z,1
200457,cheap,1,llama-3.2-1b,w2,2048,2048,8192,6201.83,0.00830695,1,-,1,68,2026-10-05T23:44:52Z,1
200459,cheap,1,llama-3.2-1b,wq_wo,2048,2048,2048,4742.14,0.0173633,1,-,1,68,2026-10-05T23:45:01Z,1
200459,cheap,1,llama-3.2-1b,wk_wv,2048,512,2048,1215.24,0.0161339,1,-,1,68,2026-10-05T23:45:01Z,1
200459,cheap,1,llama-3.2-1b,w1_w3,2048,8192,2048,18555.7,0.00839132,1,-,1,68,2026-10-05T23:45:01Z,1
200459,cheap,1,llama-3.2-1b,w2,2048,2048,8192,19291.5,0.0149352,1,-,1,68,2026-10-05T23:45:01Z,1
200462,cheap,1,llama-3.2-1b,wq_wo,2048,2048,2048,559.104,0.00100517,1,-,1,67,2026-10-05T23:45:08Z,1
200462,cheap,1,llama-3.2-1b,wk_wv,2048,512,2048,144.404,0.00247922,1,-,1,67,2026-10-05T23:45:08Z,1
200462,cheap,1,llama-3.2-1b,w1_w3,2048,8192,2048,2493.19,0.00537141,1,-,1,67,2026-10-05T23:45:08Z,1
200462,cheap,1,llama-3.2-1b,w2,2048,2048,8192,2724.8,0.00212112,1,-,1,67,2026-10-05T23:45:08Z,1
200468,cheap,1,llama-3.2-1b,wq_wo,2048,2048,2048,8038.63,0.0241129,1,-,1,68,2026-10-05T23:45:18Z,1
200468,cheap,1,llama-3.2-1b,wk_wv,2048,512,2048,2084.73,0.0314196,1,-,1,68,2026-10-05T23:45:18Z,1
200468,cheap,1,llama-3.2-1b,w1_w3,2048,8192,2048,30481,0.0124726,1,-,1,68,2026-10-05T23:45:18Z,1
200468,cheap,1,llama-3.2-1b,w2,2048,2048,8192,32694.2,0.0168796,1,-,1,68,2026-10-05T23:45:18Z,1
200472,cheap,1,llama-3.2-1b,wq_wo,2048,2048,2048,10771.3,0.0111921,1,-,1,66,2026-10-05T23:45:35Z,1
200472,cheap,1,llama-3.2-1b,wk_wv,2048,512,2048,2747.68,0.0108565,1,-,1,66,2026-10-05T23:45:35Z,1
200472,cheap,1,llama-3.2-1b,w1_w3,2048,8192,2048,41921.8,0.0086841,1,-,1,66,2026-10-05T23:45:35Z,1
200472,cheap,1,llama-3.2-1b,w2,2048,2048,8192,42799.7,0.00668328,1,-,1,66,2026-10-05T23:45:35Z,1
200474,cheap,1,llama-3.2-1b,wq_wo,2048,2048,2048,3780.14,0.0170189,1,-,1,68,2026-10-05T23:45:44Z,1
200474,cheap,1,llama-3.2-1b,wk_wv,2048,512,2048,879.268,0.0194624,1,-,1,68,2026-10-05T23:45:44Z,1
200474,cheap,1,llama-3.2-1b,w1_w3,2048,8192,2048,14642.7,0.0131101,1,-,1,68,2026-10-05T23:45:44Z,1
200474,cheap,1,llama-3.2-1b,w2,2048,2048,8192,15076.2,0.0142659,1,-,1,68,2026-10-05T23:45:44Z,1
200477,cheap,1,llama-3.2-1b,wq_wo,2048,2048,2048,360.36,0.0206872,1,-,1,69,2026-10-05T23:45:52Z,1
200477,cheap,1,llama-3.2-1b,wk_wv,2048,512,2048,122.824,0.0142437,1,-,1,69,2026-10-05T23:45:52Z,1
200477,cheap,1,llama-3.2-1b,w1_w3,2048,8192,2048,1390.64,0.0194922,1,-,1,69,2026-10-05T23:45:52Z,1
200477,cheap,1,llama-3.2-1b,w2,2048,2048,8192,1590.24,0.0105466,1,-,1,69,2026-10-05T23:45:52Z,1
200479,cheap,1,llama-3.2-1b,wq_wo,2048,2048,2048,1666.44,0.0109086,1,-,1,68,2026-10-05T23:46:02Z,1
200479,cheap,1,llama-3.2-1b,wk_wv,2048,512,2048,405.444,0.0191541,1,-,1,68,2026-10-05T23:46:02Z,1
200479,cheap,1,llama-3.2-1b,w1_w3,2048,8192,2048,6117.07,0.00758138,1,-,1,68,2026-10-05T23:46:02Z,1
200479,cheap,1,llama-3.2-1b,w2,2048,2048,8192,6715.41,0.00735807,1,-,1,68,2026-10-05T23:46:02Z,1
200483,cheap,1,llama-3.2-1b,wq_wo,2048,2048,2048,,,0,-,1,58,2026-10-05T23:49:48Z,1
200483,cheap,1,llama-3.2-1b,wk_wv,2048,512,2048,,,0,-,1,58,2026-10-05T23:49:48Z,1
200483,cheap,1,llama-3.2-1b,w1_w3,2048,8192,2048,,,0,-,1,58,2026-10-05T23:49:48Z,1
200483,cheap,1,llama-3.2-1b,w2,2048,2048,8192,,,0,-,1,58,2026-10-05T23:49:48Z,1
200488,cheap,1,llama-3.2-1b,wq_wo,2048,2048,2048,8037.35,0.0225015,1,-,1,63,2026-10-05T23:50:04Z,1
200488,cheap,1,llama-3.2-1b,wk_wv,2048,512,2048,2112.6,0.0317452,1,-,1,63,2026-10-05T23:50:04Z,1
200488,cheap,1,llama-3.2-1b,w1_w3,2048,8192,2048,31176.7,0.0239122,1,-,1,63,2026-10-05T23:50:04Z,1
200488,cheap,1,llama-3.2-1b,w2,2048,2048,8192,32417.5,0.01906,1,-,1,63,2026-10-05T23:50:04Z,1
200490,cheap,1,llama-3.2-1b,wq_wo,2048,2048,2048,5606.28,0.0127346,1,-,1,66,2026-10-05T23:50:20Z,1
200490,cheap,1,llama-3.2-1b,wk_wv,2048,512,2048,1336.17,0.0292179,1,-,1,66,2026-10-05T23:50:20Z,1
200490,cheap,1,llama-3.2-1b,w1_w3,2048,8192,2048,19662.3,0.00784052,1,-,1,66,2026-10-05T23:50:20Z,1
200490,cheap,1,llama-3.2-1b,w2,2048,2048,8192,23212.9,0.00595717,1,-,1,66,2026-10-05T23:50:20Z,1
200493,cheap,1,llama-3.2-1b,wq_wo,2048,2048,2048,1719.22,0.00221456,1,-,1,66,2026-10-05T23:50:33Z,1
200493,cheap,1,llama-3.2-1b,wk_wv,2048,512,2048,424.216,0.0140923,1,-,1,66,2026-10-05T23:50:33Z,1
200493,cheap,1,llama-3.2-1b,w1_w3,2048,8192,2048,6845.57,0.00248337,1,-,1,66,2026-10-05T23:50:33Z,1
200493,cheap,1,llama-3.2-1b,w2,2048,2048,8192,7149.01,0.00215909,1,-,1,66,2026-10-05T23:50:33Z,1
200497,cheap,1,llama-3.2-1b,wq_wo,2048,2048,2048,3014.28,0.0388373,1,-,1,67,2026-10-05T23:50:44Z,1
200497,cheap,1,llama-3.2-1b,wk_wv,2048,512,2048,774.072,0.0399395,1,-,1,67,2026-10-05T23:50:44Z,1
200497,cheap,1,llama-3.2-1b,w1_w3,2048,8192,2048,11576.4,0.0199831,1,-,1,67,2026-10-05T23:50:44Z,1
200497,cheap,1,llama-3.2-1b,w2,2048,2048,8192,12363.5,0.0390895,1,-,1,67,2026-10-05T23:50:44Z,1
200500,cheap,1,llama-3.2-1b,wq_wo,2048,2048,2048,1766.44,0.00626215,1,-,1,66,2026-10-05T23:50:57Z,1
200500,cheap,1,llama-3.2-1b,wk_wv,2048,512,2048,431.236,0.0148933,1,-,1,66,2026-10-05T23:50:57Z,1
200500,cheap,1,llama-3.2-1b,w1_w3,2048,8192,2048,6517.11,0.00557447,1,-,1,66,2026-10-05T23:50:57Z,1
200500,cheap,1,llama-3.2-1b,w2,2048,2048,8192,7204.81,0.00584628,1,-,1,66,2026-10-05T23:50:57Z,1
200503,cheap,1,llama-3.2-1b,wq_wo,2048,2048,2048,563.368,0.00590685,1,-,1,68,2026-10-05T23:51:11Z,1
200503,cheap,1,llama-3.2-1b,wk_wv,2048,512,2048,220.74,0.0105522,1,-,1,68,2026-10-05T23:51:11Z,1
200503,cheap,1,llama-3.2-1b,w1_w3,2048,8192,2048,1833.78,0.00637299,1,-,1,68,2026-10-05T23:51:11Z,1
200503,cheap,1,llama-3.2-1b,w2,2048,2048,8192,2190.81,0.00408685,1,-,1,68,2026-10-05T23:51:11Z,1
200505,cheap,1,llama-3.2-1b,wq_wo,2048,2048,2048,2824.04,0.0224696,1,-,1,66,2026-10-05T23:51:26Z,1
200505,cheap,1,llama-3.2-1b,wk_wv,2048,512,2048,756.704,0.0368338,1,-,1,66,2026-10-05T23:51:26Z,1
200505,cheap,1,llama-3.2-1b,w1_w3,2048,8192,2048,10922.8,0.0180531,1,-,1,66,2026-10-05T23:51:26Z,1
200505,cheap,1,llama-3.2-1b,w2,2048,2048,8192,11409,0.0225513,1,-,1,66,2026-10-05T23:51:26Z,1
200508,cheap,1,llama-3.2-1b,wq_wo,2048,2048,2048,1540.76,0.00248482,1,-,1,67,2026-10-05T23:51:38Z,1
200508,cheap,1,llama-3.2-1b,wk_wv,2048,512,2048,488.696,0.00715344,1,-,1,67,2026-10-05T23:51:38Z,1
200508,cheap,1,llama-3.2-1b,w1_w3,2048,8192,2048,5712.51,0.00246108,1,-,1,67,2026-10-05T23:51:38Z,1
200508,cheap,1,llama-3.2-1b,w2,2048,2048,8192,6390.49,0.00247557,1,-,1,67,2026-10-05T23:51:38Z,1
200510,cheap,1,llama-3.2-1b,wq_wo,2048,2048,2048,1834.98,0.010711,1,-,1,67,2026-10-05T23:51:51Z,1
200510,cheap,1,llama-3.2-1b,wk_wv,2048,512,2048,440.492,0.0189692,1,-,1,67,2026-10-05T23:51:51Z,1
200510,cheap,1,llama-3.2-1b,w1_w3,2048,8192,2048,6955.47,0.00402275,1,-,1,67,2026-10-05T23:51:51Z,1
200510,cheap,1,llama-3.2-1b,w2,2048,2048,8192,7540.31,0.0106279,1,-,1,67,2026-10-05T23:51:51Z,1
200512,cheap,1,llama-3.2-1b,wq_wo,2048,2048,2048,,,0,-,1,61,2026-10-05T23:52:46Z,1
200512,cheap,1,llama-3.2-1b,wk_wv,2048,512,2048,,,0,-,1,61,2026-10-05T23:52:46Z,1
200512,cheap,1,llama-3.2-1b,w1_w3,2048,8192,2048,,,0,-,1,61,2026-10-05T23:52:46Z,1
200512,cheap,1,llama-3.2-1b,w2,2048,2048,8192,,,0,-,1,61,2026-10-05T23:52:46Z,1
200514,cheap,1,llama-3.2-1b,wq_wo,2048,2048,2048,13161.8,0.0213862,1,-,1,64,2026-10-05T23:52:57Z,1
200514,cheap,1,llama-3.2-1b,wk_wv,2048,512,2048,3452.8,0.0354302,1,-,1,64,2026-10-05T23:52:57Z,1
200514,cheap,1,llama-3.2-1b,w1_w3,2048,8192,2048,50879.8,0.0226388,1,-,1,64,2026-10-05T23:52:57Z,1
200514,cheap,1,llama-3.2-1b,w2,2048,2048,8192,50155.3,0.0124273,1,-,1,64,2026-10-05T23:52:57Z,1
200518,cheap,1,llama-3.2-1b,wq_wo,2048,2048,2048,4927.83,0.0182687,1,-,1,65,2026-10-05T23:53:13Z,1
200518,cheap,1,llama-3.2-1b,wk_wv,2048,512,2048,1804.22,0.0572909,1,-,1,65,2026-10-05T23:53:13Z,1
200518,cheap,1,llama-3.2-1b,w1_w3,2048,8192,2048,19153,0.0111292,1,-,1,65,2026-10-05T23:53:13Z,1
200518,cheap,1,llama-3.2-1b,w2,2048,2048,8192,19706.4,0.0161891,1,-,1,65,2026-10-05T23:53:13Z,1
200520,cheap,1,llama-3.2-1b,wq_wo,2048,2048,2048,10530.4,0.0263362,1,-,1,66,2026-10-05T23:53:30Z,1
200520,cheap,1,llama-3.2-1b,wk_wv,2048,512,2048,2764.22,0.0376407,1,-,1,66,2026-10-05T23:53:30Z,1
200520,cheap,1,llama-3.2-1b,w1_w3,2048,8192,2048,41393.7,0.00768599,1,-,1,66,2026-10-05T23:53:30Z,1
200520,cheap,1,llama-3.2-1b,w2,2048,2048,8192,41651.2,0.0204784,1,-,1,66,2026-10-05T23:53:30Z,1
200524,cheap,1,llama-3.2-1b,wq_wo,2048,2048,2048,473.876,0.0033249,1,-,1,68,2026-10-05T23:53:42Z,1
200524,cheap,1,llama-3.2-1b,wk_wv,2048,512,2048,144.118,0.00631153,1,-,1,68,2026-10-05T23:53:42Z,1
200524,cheap,1,llama-3.2-1b,w1_w3,2048,8192,2048,1768.73,0.00517324,1,-,1,68,2026-10-05T23:53:42Z,1
200524,cheap,1,llama-3.2-1b,w2,2048,2048,8192,2080,0.00388198,1,-,1,68,2026-10-05T23:53:42Z,1
200526,cheap,1,llama-3.2-1b,wq_wo,2048,2048,2048,252.824,0.0194388,1,-,1,69,2026-10-05T23:53:50Z,1
200526,cheap,1,llama-3.2-1b,wk_wv,2048,512,2048,66.612,0.0110493,1,-,1,69,2026-10-05T23:53:50Z,1
200526,cheap,1,llama-3.2-1b,w1_w3,2048,8192,2048,888.888,0.0257608,1,-,1,69,2026-10-05T23:53:50Z,1
200526,cheap,1,llama-3.2-1b,w2,2048,2048,8192,1162.33,0.0104379,1,-,1,69,2026-10-05T23:53:50Z,1
200528,cheap,1,llama-3.2-1b,wq_wo,2048,2048,2048,4153.86,0.00268741,1,-,1,68,2026-10-05T23:53:59Z,1
200528,cheap,1,llama-3.2-1b,wk_wv,2048,512,2048,1283.46,0.00146028,1,-,1,68,2026-10-05T23:53:59Z,1
200528,cheap,1,llama-3.2-1b,w1_w3,2048,8192,2048,15776.3,0.00277741,1,-,1,68,2026-10-05T23:53:59Z,1
200528,cheap,1,llama-3.2-1b,w2,2048,2048,8192,16455.8,0.00426665,1,-,1,68,2026-10-05T23:53:59Z,1
200530,cheap,1,llama-3.2-1b,wq_wo,2048,2048,2048,929.708,0.00853474,1,-,1,68,2026-10-05T23:54:07Z,1
200530,cheap,1,llama-3.2-1b,wk_wv,2048,512,2048,212.264,0.00688811,1,-,1,68,2026-10-05T23:54:07Z,1
200530,cheap,1,llama-3.2-1b,w1_w3,2048,8192,2048,3229.15,0.0058845,1,-,1,68,2026-10-05T23:54:07Z,1
200530,cheap,1,llama-3.2-1b,w2,2048,2048,8192,3743.06,0.0128002,1,-,1,68,2026-10-05T23:54:07Z,1
200532,cheap,1,llama-3.2-1b,wq_wo,2048,2048,2048,1141.3,0.00266795,1,-,1,69,2026-10-05T23:54:16Z,1
200532,cheap,1,llama-3.2-1b,wk_wv,2048,512,2048,287.976,0.00511536,1,-,1,69,2026-10-05T23:54:16Z,1
200532,cheap,1,llama-3.2-1b,w1_w3,2048,8192,2048,4307.42,0.00255221,1,-,1,69,2026-10-05T23:54:16Z,1
200532,cheap,1,llama-3.2-1b,w2,2048,2048,8192,4716.11,0.00213222,1,-,1,69,2026-10-05T23:54:16Z,1
200536,cheap,1,llama-3.2-1b,wq_wo,2048,2048,2048,2835.35,0.0170132,1,-,1,67,2026-10-05T23:54:25Z,1
200536,cheap,1,llama-3.2-1b,wk_wv,2048,512,2048,689.936,0.0150596,1,-,1,67,2026-10-05T23:54:25Z,1
200536,cheap,1,llama-3.2-1b,w1_w3,2048,8192,2048,11499.1,0.0127521,1,-,1,67,2026-10-05T23:54:25Z,1
200536,cheap,1,llama-3.2-1b,w2,2048,2048,8192,11400.9,0.0209924,1,-,1,67,2026-10-05T23:54:25Z,1
200539,cheap,1,llama-3.2-1b,wq_wo,2048,2048,2048,7344.79,0.00328099,1,-,1,66,2026-10-05T23:54:34Z,1
200539,cheap,1,llama-3.2-1b,wk_wv,2048,512,2048,1849.22,0.0132909,1,-,1,66,2026-10-05T23:54:34Z,1
200539,cheap,1,llama-3.2-1b,w1_w3,2048,8192,2048,28485.8,0.00245528,1,-,1,66,2026-10-05T23:54:34Z,1
200539,cheap,1,llama-3.2-1b,w2,2048,2048,8192,30380.9,0.00221493,1,-,1,66,2026-10-05T23:54:34Z,1
200541,cheap,1,llama-3.2-1b,wq_wo,2048,2048,2048,8791.69,0.0251358,1,-,1,67,2026-10-05T23:54:43Z,1
200541,cheap,1,llama-3.2-1b,wk_wv,2048,512,2048,2258.18,0.0343105,1,-,1,67,2026-10-05T23:54:43Z,1
200541,cheap,1,llama-3.2-1b,w1_w3,2048,8192,2048,33298.9,0.0172547,1,-,1,67,2026-10-05T23:54:43Z,1
200541,cheap,1,llama-3.2-1b,w2,2048,2048,8192,34299.8,0.0306962,1,-,1,67,2026-10-05T23:54:43Z,1
200544,cheap,1,llama-3.2-1b,wq_wo,2048,2048,2048,232.336,0.0028814,1,-,1,69,2026-10-05T23:54:51Z,1
200544,cheap,1,llama-3.2-1b,wk_wv,2048,512,2048,65.208,0.0107753,1,-,1,69,2026-10-05T23:54:51Z,1
200544,cheap,1,llama-3.2-1b,w1_w3,2048,8192,2048,905.814,0.0131203,1,-,1,69,2026-10-05T23:54:51Z,1
200544,cheap,1,llama-3.2-1b,w2,2048,2048,8192,980.564,0.012003,1,-,1,69,2026-10-05T23:54:51Z,1
200550,cheap,1,llama-3.2-1b,wq_wo,2048,2048,2048,2993.87,0.0182522,1,-,1,68,2026-10-05T23:55:00Z,1
200550,cheap,1,llama-3.2-1b,wk_wv,2048,512,2048,844.116,0.0317272,1,-,1,68,2026-10-05T23:55:00Z,1
200550,cheap,1,llama-3.2-1b,w1_w3,2048,8192,2048,11135.4,0.00922423,1,-,1,68,2026-10-05T23:55:00Z,1
200550,cheap,1,llama-3.2-1b,w2,2048,2048,8192,12087.9,0.0187967,1,-,1,68,2026-10-05T23:55:00Z,1
200552,cheap,1,llama-3.2-1b,wq_wo,2048,2048,2048,9504.56,0.0153091,1,-,1,66,2026-10-05T23:55:10Z,1
200552,cheap,1,llama-3.2-1b,wk_wv,2048,512,2048,2521.12,0.0425665,1,-,1,66,2026-10-05T23:55:10Z,1
200552,cheap,1,llama-3.2-1b,w1_w3,2048,8192,2048,33809.4,0.00804023,1,-,1,66,2026-10-05T23:55:10Z,1
200552,cheap,1,llama-3.2-1b,w2,2048,2048,8192,37296.1,0.0134613,1,-,1,66,2026-10-05T23:55:10Z,1
200556,cheap,1,llama-3.2-1b,wq_wo,2048,2048,2048,39618.7,0.00876684,1,-,1,66,2026-10-05T23:55:45Z,1
200556,cheap,1,llama-3.2-1b,wk_wv,2048,512,2048,9794.25,0.00886208,1,-,1,66,2026-10-05T23:55:45Z,1
200556,cheap,1,llama-3.2-1b,w1_w3,2048,8192,2048,153355,0.00546163,1,-,1,66,2026-10-05T23:55:45Z,1
200556,cheap,1,llama-3.2-1b,w2,2048,2048,8192,160528,0.00553257,1,-,1,66,2026-10-05T23:55:45Z,1
200560,cheap,1,llama-3.2-1b,wq_wo,2048,2048,2048,1144.47,0.00324732,1,-,1,68,2026-10-05T23:55:54Z,1
200560,cheap,1,llama-3.2-1b,wk_wv,2048,512,2048,279.084,0.00416397,1,-,1,68,2026-10-05T23:55:54Z,1
200560,cheap,1,llama-3.2-1b,w1_w3,2048,8192,2048,4367.38,0.00304471,1,-,1,68,2026-10-05T23:55:54Z,1
200560,cheap,1,llama-3.2-1b,w2,2048,2048,8192,4643.03,0.00306584,1,-,1,68,2026-10-05T23:55:54Z,1
200562,cheap,1,llama-3.2-1b,wq_wo,2048,2048,2048,3085.78,0.015598,1,-,1,66,2026-10-05T23:56:04Z,1
200562,cheap,1,llama-3.2-1b,wk_wv,2048,512,2048,1750.32,0.0345471,1,-,1,66,2026-10-05T23:56:04Z,1
200562,cheap,1,llama-3.2-1b,w1_w3,2048,8192,2048,12126.5,0.0162004,1,-,1,66,2026-10-05T23:56:04Z,1
200562,cheap,1,llama-3.2-1b,w2,2048,2048,8192,12274.3,0.0182988,1,-,1,66,2026-10-05T23:56:04Z,1
200566,cheap,1,llama-3.2-1b,wq_wo,2048,2048,2048,6249.72,0.0108037,1,-,1,67,2026-10-05T23:56:18Z,1
200566,cheap,1,llama-3.2-1b,wk_wv,2048,512,2048,1762.9,0.0104487,1,-,1,67,2026-10-05T23:56:18Z,1
200566,cheap,1,llama-3.2-1b,w1_w3,2048,8192,2048,23710.3,0.00451366,1,-,1,67,2026-10-05T23:56:18Z,1
200566,cheap,1,llama-3.2-1b,w2,2048,2048,8192,22753.7,0.0084009,1,-,1,67,2026-10-05T23:56:18Z,1
200568,cheap,1,llama-3.2-1b,wq_wo,2048,2048,2048,17810.4,0.0201394,1,-,1,66,2026-10-05T23:56:35Z,1
200568,cheap,1,llama-3.2-1b,wk_wv,2048,512,2048,4566.25,0.036132,1,-,1,66,2026-10-05T23:56:35Z,1
200568,cheap,1,llama-3.2-1b,w1_w3,2048,8192,2048,68150.3,0.0210572,1,-,1,66,2026-10-05T23:56:35Z,1
200568,cheap,1,llama-3.2-1b,w2,2048,2048,8192,73263,0.0202091,1,-,1,66,2026-10-05T23:56:35Z,1
200570,cheap,1,llama-3.2-1b,wq_wo,2048,2048,2048,4036.03,0.0169532,1,-,1,66,2026-10-05T23:56:50Z,1
200570,cheap,1,llama-3.2-1b,wk_wv,2048,512,2048,953.316,0.018833,1,-,1,66,2026-10-05T23:56:50Z,1
200570,cheap,1,llama-3.2-1b,w1_w3,2048,8192,2048,15701.5,0.0102753,1,-,1,66,2026-10-05T23:56:50Z,1
200570,cheap,1,llama-3.2-1b,w2,2048,2048,8192,16172.6,0.0175758,1,-,1,66,2026-10-05T23:56:50Z,1
base,cheap,b5,llama-3.2-1b,wq_wo,2048,2048,2048,184.08,0.0134654,1,-,1,68,2026-10-05T23:57:04Z,1
base,cheap,b5,llama-3.2-1b,wk_wv,2048,512,2048,52.728,0.00862838,1,-,1,68,2026-10-05T23:57:04Z,1
base,cheap,b5,llama-3.2-1b,w1_w3,2048,8192,2048,741.182,0.0176388,1,-,1,68,2026-10-05T23:57:04Z,1
base,cheap,b5,llama-3.2-1b,w2,2048,2048,8192,823.732,0.0158179,1,-,1,68,2026-10-05T23:57:04Z,1
200572,cheap,1,llama-3.2-1b,wq_wo,2048,2048,2048,10494.2,0.0248107,1,-,1,67,2026-10-05T23:57:24Z,1
200572,cheap,1,llama-3.2-1b,wk_wv,2048,512,2048,2631.41,0.0299088,1,-,1,67,2026-10-05T23:57:24Z,1
200572,cheap,1,llama-3.2-1b,w1_w3,2048,8192,2048,37760.7,0.0185647,1,-,1,67,2026-10-05T23:57:24Z,1
200572,cheap,1,llama-3.2-1b,w2,2048,2048,8192,38751,0.013535,1,-,1,67,2026-10-05T23:57:24Z,1
200577,cheap,1,llama-3.2-1b,wq_wo,2048,2048,2048,750.178,0.00415435,1,-,1,67,2026-10-05T23:57:40Z,1
200577,cheap,1,llama-3.2-1b,wk_wv,2048,512,2048,296.764,0.00790133,1,-,1,67,2026-10-05T23:57:40Z,1
200577,cheap,1,llama-3.2-1b,w1_w3,2048,8192,2048,2442.36,0.00338405,1,-,1,67,2026-10-05T23:57:40Z,1
200577,cheap,1,llama-3.2-1b,w2,2048,2048,8192,3026.87,0.0058598,1,-,1,67,2026-10-05T23:57:40Z,1
200579,cheap,1,llama-3.2-1b,wq_wo,2048,2048,2048,485.264,0.00715002,1,-,1,68,2026-10-05T23:57:55Z,1
200579,cheap,1,llama-3.2-1b,wk_wv,2048,512,2048,184.236,0.00752863,1,-,1,68,2026-10-05T23:57:55Z,1
200579,cheap,1,llama-3.2-1b,w1_w3,2048,8192,2048,1561.69,0.0168165,1,-,1,68,2026-10-05T23:57:55Z,1
200579,cheap,1,llama-3.2-1b,w2,2048,2048,8192,1928.84,0.00885424,1,-,1,68,2026-10-05T23:57:55Z,1
200582,cheap,1,llama-3.2-1b,wq_wo,2048,2048,2048,706.628,0.00603969,1,-,1,69,2026-10-05T23:58:09Z,1
200582,cheap,1,llama-3.2-1b,wk_wv,2048,512,2048,215.02,0.00727447,1,-,1,69,2026-10-05T23:58:09Z,1
200582,cheap,1,llama-3.2-1b,w1_w3,2048,8192,2048,2633.49,0.00356754,1,-,1,69,2026-10-05T23:58:09Z,1
200582,cheap,1,llama-3.2-1b,w2,2048,2048,8192,2824.22,0.00404124,1,-,1,69,2026-10-05T23:58:09Z,1
200584,cheap,1,llama-3.2-1b,wq_wo,2048,2048,2048,9705.07,0.0169002,1,-,1,67,2026-10-05T23:58:24Z,1
200584,cheap,1,llama-3.2-1b,wk_wv,2048,512,2048,2569.97,0.0245219,1,-,1,67,2026-10-05T23:58:24Z,1
200584,cheap,1,llama-3.2-1b,w1_w3,2048,8192,2048,37163.8,0.0171724,1,-,1,67,2026-10-05T23:58:24Z,1
200584,cheap,1,llama-3.2-1b,w2,2048,2048,8192,39536.4,0.0134003,1,-,1,67,2026-10-05T23:58:24Z,1
200586,cheap,1,llama-3.2-1b,wq_wo,2048,2048,2048,440.752,0.123441,1,-,1,68,2026-10-05T23:58:37Z,1
200586,cheap,1,llama-3.2-1b,wk_wv,2048,512,2048,193.752,0.00449044,1,-,1,68,2026-10-05T23:58:37Z,1
200586,cheap,1,llama-3.2-1b,w1_w3,2048,8192,2048,1735.03,0.0283267,1,-,1,68,2026-10-05T23:58:37Z,1
200586,cheap,1,llama-3.2-1b,w2,2048,2048,8192,1745.28,0.0281549,1,-,1,68,2026-10-05T23:58:37Z,1
200588,cheap,1,llama-3.2-1b,wq_wo,2048,2048,2048,15789.5,0.0352796,1,-,1,67,2026-10-05T23:58:54Z,1
200588,cheap,1,llama-3.2-1b,wk_wv,2048,512,2048,3893.55,0.04938,1,-,1,67,2026-10-05T23:58:54Z,1
200588,cheap,1,llama-3.2-1b,w1_w3,2048,8192,2048,62982.2,0.0102301,1,-,1,67,2026-10-05T23:58:54Z,1
200588,cheap,1,llama-3.2-1b,w2,2048,2048,8192,62260.1,0.00662545,1,-,1,67,2026-10-05T23:58:54Z,1
200590,cheap,1,llama-3.2-1b,wq_wo,2048,2048,2048,1924.62,0.00731994,1,-,1,67,2026-10-05T23:59:09Z,1
200590,cheap,1,llama-3.2-1b,wk_wv,2048,512,2048,472.186,0.0112515,1,-,1,67,2026-10-05T23:59:09Z,1
200590,cheap,1,llama-3.2-1b,w1_w3,2048,8192,2048,6934.23,0.00567098,1,-,1,67,2026-10-05T23:59:09Z,1
200590,cheap,1,llama-3.2-1b,w2,2048,2048,8192,7594.31,0.0053885,1,-,1,67,2026-10-05T23:59:09Z,1
200593,cheap,1,llama-3.2-1b,wq_wo,2048,2048,2048,7142.1,0.0100631,1,-,1,66,2026-10-05T23:59:34Z,1
200593,cheap,1,llama-3.2-1b,wk_wv,2048,512,2048,3723.25,0.0527797,1,-,1,66,2026-10-05T23:59:34Z,1
200593,cheap,1,llama-3.2-1b,w1_w3,2048,8192,2048,27408.6,0.0096295,1,-,1,66,2026-10-05T23:59:34Z,1
200593,cheap,1,llama-3.2-1b,w2,2048,2048,8192,28337.1,0.0174984,1,-,1,66,2026-10-05T23:59:34Z,1
200595,cheap,1,llama-3.2-1b,wq_wo,2048,2048,2048,556.452,0.00634716,1,-,1,69,2026-10-05T23:59:47Z,1
200595,cheap,1,llama-3.2-1b,wk_wv,2048,512,2048,152.256,0.00687854,1,-,1,69,2026-10-05T23:59:47Z,1
200595,cheap,1,llama-3.2-1b,w1_w3,2048,8192,2048,2181.56,0.00515544,1,-,1,69,2026-10-05T23:59:47Z,1
200595,cheap,1,llama-3.2-1b,w2,2048,2048,8192,2360.31,0.00414296,1,-,1,69,2026-10-05T23:59:47Z,1
200599,cheap,1,llama-3.2-1b,wq_wo,2048,2048,2048,830.284,0.00678025,1,-,1,69,2026-10-05T23:59:55Z,1
200599,cheap,1,llama-3.2-1b,wk_wv,2048,512,2048,203.996,0.00407229,1,-,1,69,2026-10-05T23:59:55Z,1
200599,cheap,1,llama-3.2-1b,w1_w3,2048,8192,2048,3021.88,0.0114469,1,-,1,69,2026-10-05T23:59:55Z,1
200599,cheap,1,llama-3.2-1b,w2,2048,2048,8192,3467.41,0.00725392,1,-,1,69,2026-10-05T23:59:55Z,1
200601,cheap,1,llama-3.2-1b,wq_wo,2048,2048,2048,9540.86,0.0187493,1,-,1,66,2026-10-06T00:00:18Z,1
200601,cheap,1,llama-3.2-1b,wk_wv,2048,512,2048,3729.49,0.0455294,1,-,1,66,2026-10-06T00:00:18Z,1
200601,cheap,1,llama-3.2-1b,w1_w3,2048,8192,2048,33316.9,0.009456,1,-,1,66,2026-10-06T00:00:18Z,1
200601,cheap,1,llama-3.2-1b,w2,2048,2048,8192,37868.2,0.0211004,1,-,1,66,2026-10-06T00:00:18Z,1
200606,cheap,1,llama-3.2-1b,wq_wo,2048,2048,2048,4022.3,0.0157693,1,-,1,67,2026-10-06T00:00:30Z,1
200606,cheap,1,llama-3.2-1b,wk_wv,2048,512,2048,643.968,0.034022,1,-,1,67,2026-10-06T00:00:30Z,1
200606,cheap,1,llama-3.2-1b,w1_w3,2048,8192,2048,15562.7,0.0106904,1,-,1,67,2026-10-06T00:00:30Z,1
200606,cheap,1,llama-3.2-1b,w2,2048,2048,8192,15298.5,0.0110739,1,-,1,67,2026-10-06T00:00:30Z,1
200608,cheap,1,llama-3.2-1b,wq_wo,2048,2048,2048,1253.62,0.0246137,1,-,1,68,2026-10-06T00:00:44Z,1
200608,cheap,1,llama-3.2-1b,wk_wv,2048,512,2048,664.456,0.0342662,1,-,1,68,2026-10-06T00:00:44Z,1
200608,cheap,1,llama-3.2-1b,w1_w3,2048,8192,2048,5348.04,0.0199181,1,-,1,68,2026-10-06T00:00:44Z,1
200608,cheap,1,llama-3.2-1b,w2,2048,2048,8192,5225.51,0.0276874,1,-,1,68,2026-10-06T00:00:44Z,1
200610,cheap,1,llama-3.2-1b,wq_wo,2048,2048,2048,9519.67,0.0113156,1,-,1,67,2026-10-06T00:00:56Z,1
200610,cheap,1,llama-3.2-1b,wk_wv,2048,512,2048,2442.6,0.0126683,1,-,1,67,2026-10-06T00:00:56Z,1
200610,cheap,1,llama-3.2-1b,w1_w3,2048,8192,2048,36682.5,0.00802411,1,-,1,67,2026-10-06T00:00:56Z,1
200610,cheap,1,llama-3.2-1b,w2,2048,2048,8192,37828.1,0.00901638,1,-,1,67,2026-10-06T00:00:56Z,1
200612,cheap,1,llama-3.2-1b,wq_wo,2048,2048,2048,567.216,0.0281376,1,-,1,67,2026-10-06T00:01:03Z,1
200612,cheap,1,llama-3.2-1b,wk_wv,2048,512,2048,133.276,0.0088341,1,-,1,67,2026-10-06T00:01:03Z,1
200612,cheap,1,llama-3.2-1b,w1_w3,2048,8192,2048,2021.55,0.00939491,1,-,1,67,2026-10-06T00:01:03Z,1
200612,cheap,1,llama-3.2-1b,w2,2048,2048,8192,2314.73,0.0260488,1,-,1,67,2026-10-06T00:01:03Z,1
200614,cheap,1,llama-3.2-1b,wq_wo,2048,2048,2048,2579.28,0.0131548,1,-,1,68,2026-10-06T00:01:13Z,1
200614,cheap,1,llama-3.2-1b,wk_wv,2048,512,2048,723.71,0.0124765,1,-,1,68,2026-10-06T00:01:13Z,1
200614,cheap,1,llama-3.2-1b,w1_w3,2048,8192,2048,9641.74,0.00655608,1,-,1,68,2026-10-06T00:01:13Z,1
200614,cheap,1,llama-3.2-1b,w2,2048,2048,8192,10039.4,0.0104023,1,-,1,68,2026-10-06T00:01:13Z,1
200616,cheap,1,llama-3.2-1b,wq_wo,2048,2048,2048,6168.29,0.00469466,1,-,1,66,2026-10-06T00:01:22Z,1
200616,cheap,1,llama-3.2-1b,wk_wv,2048,512,2048,1826.76,0.00274503,1,-,1,66,2026-10-06T00:01:22Z,1
200616,cheap,1,llama-3.2-1b,w1_w3,2048,8192,2048,23311.6,0.00332191,1,-,1,66,2026-10-06T00:01:22Z,1
200616,cheap,1,llama-3.2-1b,w2,2048,2048,8192,24862.4,0.00615379,1,-,1,66,2026-10-06T00:01:22Z,1
200620,cheap,1,llama-3.2-1b,wq_wo,2048,2048,2048,417.196,0.00743023,1,-,1,69,2026-10-06T00:01:30Z,1
200620,cheap,1,llama-3.2-1b,wk_wv,2048,512,2048,97.084,0.0102747,1,-,1,69,2026-10-06T00:01:30Z,1
200620,cheap,1,llama-3.2-1b,w1_w3,2048,8192,2048,1445.18,0.0102686,1,-,1,69,2026-10-06T00:01:30Z,1
200620,cheap,1,llama-3.2-1b,w2,2048,2048,8192,1831.6,0.0116305,1,-,1,69,2026-10-06T00:01:30Z,1
200622,cheap,1,-,-,,,,,,,,124,67,2026-10-06T00:05:30Z,1
200625,cheap,1,llama-3.2-1b,wq_wo,2048,2048,2048,15375.4,0.0404705,1,-,1,61,2026-10-06T00:05:48Z,1
200625,cheap,1,llama-3.2-1b,wk_wv,2048,512,2048,3770.68,0.0546564,1,-,1,61,2026-10-06T00:05:48Z,1
200625,cheap,1,llama-3.2-1b,w1_w3,2048,8192,2048,60957.5,0.00500832,1,-,1,61,2026-10-06T00:05:48Z,1
200625,cheap,1,llama-3.2-1b,w2,2048,2048,8192,61265.1,0.00273017,1,-,1,61,2026-10-06T00:05:48Z,1
200627,cheap,1,llama-3.2-1b,wq_wo,2048,2048,2048,390.832,0.00560448,1,-,1,64,2026-10-06T00:06:01Z,1
200627,cheap,1,llama-3.2-1b,wk_wv,2048,512,2048,120.692,0.00769013,1,-,1,64,2026-10-06T00:06:01Z,1
200627,cheap,1,llama-3.2-1b,w1_w3,2048,8192,2048,1506.62,0.00367982,1,-,1,64,2026-10-06T00:06:01Z,1
200627,cheap,1,llama-3.2-1b,w2,2048,2048,8192,1712.05,0.00807625,1,-,1,64,2026-10-06T00:06:01Z,1
200630,cheap,1,llama-3.2-1b,wq_wo,2048,2048,2048,7816.22,0.0211881,1,-,1,65,2026-10-06T00:06:19Z,1
200630,cheap,1,llama-3.2-1b,wk_wv,2048,512,2048,2884.91,0.0612867,1,-,1,65,2026-10-06T00:06:19Z,1
200630,cheap,1,llama-3.2-1b,w1_w3,2048,8192,2048,27755.1,0.00856509,1,-,1,65,2026-10-06T00:06:19Z,1
200630,cheap,1,llama-3.2-1b,w2,2048,2048,8192,30892.1,0.0111121,1,-,1,65,2026-10-06T00:06:19Z,1
200633,cheap,1,llama-3.2-1b,wq_wo,2048,2048,2048,1201.17,0.0109656,1,-,1,67,2026-10-06T00:06:33Z,1
200633,cheap,1,llama-3.2-1b,wk_wv,2048,512,2048,352.144,0.0186727,1,-,1,67,2026-10-06T00:06:33Z,1
200633,cheap,1,llama-3.2-1b,w1_w3,2048,8192,2048,5071.4,0.00577702,1,-,1,67,2026-10-06T00:06:33Z,1
200633,cheap,1,llama-3.2-1b,w2,2048,2048,8192,4619.32,0.0133001,1,-,1,67,2026-10-06T00:06:33Z,1
200635,cheap,1,llama-3.2-1b,wq_wo,2048,2048,2048,700.856,0.00406749,1,-,1,67,2026-10-06T00:06:47Z,1
200635,cheap,1,llama-3.2-1b,wk_wv,2048,512,2048,251.004,0.00703932,1,-,1,67,2026-10-06T00:06:47Z,1
200635,cheap,1,llama-3.2-1b,w1_w3,2048,8192,2048,2432.61,0.00454359,1,-,1,67,2026-10-06T00:06:47Z,1
200635,cheap,1,llama-3.2-1b,w2,2048,2048,8192,3001.54,0.00693348,1,-,1,67,2026-10-06T00:06:47Z,1
200637,cheap,1,llama-3.2-1b,wq_wo,2048,2048,2048,523.952,0.00385699,1,-,1,68,2026-10-06T00:06:57Z,1
200637,cheap,1,llama-3.2-1b,wk_wv,2048,512,2048,133.744,0.00375924,1,-,1,68,2026-10-06T00:06:57Z,1
200637,cheap,1,llama-3.2-1b,w1_w3,2048,8192,2048,2136.11,0.00321795,1,-,1,68,2026-10-06T00:06:57Z,1
200637,cheap,1,llama-3.2-1b,w2,2048,2048,8192,2339.79,0.0136281,1,-,1,68,2026-10-06T00:06:57Z,1
200639,cheap,1,llama-3.2-1b,wq_wo,2048,2048,2048,4369.46,0.0530547,1,-,1,67,2026-10-06T00:07:10Z,1
200639,cheap,1,llama-3.2-1b,wk_wv,2048,512,2048,1109.42,0.0646588,1,-,1,67,2026-10-06T00:07:10Z,1
200639,cheap,1,llama-3.2-1b,w1_w3,2048,8192,2048,17494,0.00919866,1,-,1,67,2026-10-06T00:07:10Z,1
200639,cheap,1,llama-3.2-1b,w2,2048,2048,8192,17869.7,0.0220426,1,-,1,67,2026-10-06T00:07:10Z,1
200641,cheap,1,llama-3.2-1b,wq_wo,2048,2048,2048,30632.8,0.0283712,1,-,1,65,2026-10-06T00:08:44Z,1
200641,cheap,1,llama-3.2-1b,wk_wv,2048,512,2048,7852.83,0.0483589,1,-,1,65,2026-10-06T00:08:44Z,1
200641,cheap,1,llama-3.2-1b,w1_w3,2048,8192,2048,117848,0.0125847,1,-,1,65,2026-10-06T00:08:44Z,1
200641,cheap,1,llama-3.2-1b,w2,2048,2048,8192,119262,0.0104951,1,-,1,65,2026-10-06T00:08:44Z,1
200643,cheap,1,llama-3.2-1b,wq_wo,2048,2048,2048,3407.14,0.018128,1,-,1,66,2026-10-06T00:08:59Z,1
200643,cheap,1,llama-3.2-1b,wk_wv,2048,512,2048,1067.14,0.0413176,1,-,1,66,2026-10-06T00:08:59Z,1
200643,cheap,1,llama-3.2-1b,w1_w3,2048,8192,2048,15100.4,0.00897355,1,-,1,66,2026-10-06T00:08:59Z,1
200643,cheap,1,llama-3.2-1b,w2,2048,2048,8192,13575.4,0.0168454,1,-,1,66,2026-10-06T00:08:59Z,1
200645,cheap,1,llama-3.2-1b,wq_wo,2048,2048,2048,4570.18,0.0056795,1,-,1,67,2026-10-06T00:09:14Z,1
200645,cheap,1,llama-3.2-1b,wk_wv,2048,512,2048,1179.54,0.00758157,1,-,1,67,2026-10-06T00:09:14Z,1
200645,cheap,1,llama-3.2-1b,w1_w3,2048,8192,2048,18086.4,0.00205414,1,-,1,67,2026-10-06T00:09:14Z,1
200645,cheap,1,llama-3.2-1b,w2,2048,2048,8192,20829,0.00268334,1,-,1,67,2026-10-06T00:09:14Z,1
200649,cheap,1,llama-3.2-1b,wq_wo,2048,2048,2048,637.208,0.0154055,1,-,1,67,2026-10-06T00:09:29Z,1
200649,cheap,1,llama-3.2-1b,wk_wv,2048,512,2048,243.984,0.00380747,1,-,1,67,2026-10-06T00:09:29Z,1
200649,cheap,1,llama-3.2-1b,w1_w3,2048,8192,2048,2440.91,0.0090411,1,-,1,67,2026-10-06T00:09:29Z,1
200649,cheap,1,llama-3.2-1b,w2,2048,2048,8192,2409.39,0.0119196,1,-,1,67,2026-10-06T00:09:29Z,1
200652,cheap,1,llama-3.2-1b,wq_wo,2048,2048,2048,7172.15,0.00707406,1,-,1,67,2026-10-06T00:09:43Z,1
200652,cheap,1,llama-3.2-1b,wk_wv,2048,512,2048,1980.94,0.00601954,1,-,1,67,2026-10-06T00:09:43Z,1
200652,cheap,1,llama-3.2-1b,w1_w3,2048,8192,2048,27820.4,0.00570134,1,-,1,67,2026-10-06T00:09:43Z,1
200652,cheap,1,llama-3.2-1b,w2,2048,2048,8192,28845.3,0.00694619,1,-,1,67,2026-10-06T00:09:43Z,1
200654,cheap,1,llama-3.2-1b,wq_wo,2048,2048,2048,26049,0.0132072,1,-,1,67,2026-10-06T00:10:11Z,1
200654,cheap,1,llama-3.2-1b,wk_wv,2048,512,2048,7275.5,0.0160421,1,-,1,67,2026-10-06T00:10:11Z,1
200654,cheap,1,llama-3.2-1b,w1_w3,2048,8192,2048,98657.7,0.00468725,1,-,1,67,2026-10-06T00:10:11Z,1
200654,cheap,1,llama-3.2-1b,w2,2048,2048,8192,103119,0.00922754,1,-,1,67,2026-10-06T00:10:11Z,1
200658,cheap,1,llama-3.2-1b,wq_wo,2048,2048,2048,225.524,0.0134869,1,-,1,68,2026-10-06T00:10:24Z,1
200658,cheap,1,llama-3.2-1b,wk_wv,2048,512,2048,62.66,0.00583589,1,-,1,68,2026-10-06T00:10:24Z,1
200658,cheap,1,llama-3.2-1b,w1_w3,2048,8192,2048,895.544,0.0166161,1,-,1,68,2026-10-06T00:10:24Z,1
200658,cheap,1,llama-3.2-1b,w2,2048,2048,8192,978.9,0.0122198,1,-,1,68,2026-10-06T00:10:24Z,1
200660,cheap,1,llama-3.2-1b,wq_wo,2048,2048,2048,4526.18,0.0144019,1,-,1,68,2026-10-06T00:10:39Z,1
200660,cheap,1,llama-3.2-1b,wk_wv,2048,512,2048,1135.11,0.0338851,1,-,1,68,2026-10-06T00:10:39Z,1
200660,cheap,1,llama-3.2-1b,w1_w3,2048,8192,2048,16276.5,0.0107248,1,-,1,68,2026-10-06T00:10:39Z,1
200660,cheap,1,llama-3.2-1b,w2,2048,2048,8192,18062.3,0.0150451,1,-,1,68,2026-10-06T00:10:39Z,1
200663,cheap,1,llama-3.2-1b,wq_wo,2048,2048,2048,2426.76,0.0161764,1,-,1,67,2026-10-06T00:10:53Z,1
200663,cheap,1,llama-3.2-1b,wk_wv,2048,512,2048,828.048,0.0143672,1,-,1,67,2026-10-06T00:10:53Z,1
200663,cheap,1,llama-3.2-1b,w1_w3,2048,8192,2048,9764.64,0.0162192,1,-,1,67,2026-10-06T00:10:53Z,1
200663,cheap,1,llama-3.2-1b,w2,2048,2048,8192,9930.91,0.0130595,1,-,1,67,2026-10-06T00:10:53Z,1
200665,cheap,1,llama-3.2-1b,wq_wo,2048,2048,2048,1076.66,0.00537214,1,-,1,68,2026-10-06T00:11:06Z,1
200665,cheap,1,llama-3.2-1b,wk_wv,2048,512,2048,298.272,0.00481224,1,-,1,68,2026-10-06T00:11:06Z,1
200665,cheap,1,llama-3.2-1b,w1_w3,2048,8192,2048,4042.01,0.00304585,1,-,1,68,2026-10-06T00:11:06Z,1
200665,cheap,1,llama-3.2-1b,w2,2048,2048,8192,4548.44,0.00819578,1,-,1,68,2026-10-06T00:11:06Z,1
200668,cheap,1,llama-3.2-1b,wq_wo,2048,2048,2048,991.276,0.0039902,1,-,1,68,2026-10-06T00:11:21Z,1
200668,cheap,1,llama-3.2-1b,wk_wv,2048,512,2048,273.312,0.00519154,1,-,1,68,2026-10-06T00:11:21Z,1
200668,cheap,1,llama-3.2-1b,w1_w3,2048,8192,2048,3715.14,0.00343595,1,-,1,68,2026-10-06T00:11:21Z,1
200668,cheap,1,llama-3.2-1b,w2,2048,2048,8192,3967.99,0.00514115,1,-,1,68,2026-10-06T00:11:21Z,1
200670,cheap,1,llama-3.2-1b,wq_wo,2048,2048,2048,1259.49,0.00482279,1,-,1,69,2026-10-06T00:11:36Z,1
200670,cheap,1,llama-3.2-1b,wk_wv,2048,512,2048,336.024,0.00557569,1,-,1,69,2026-10-06T00:11:36Z,1
200670,cheap,1,llama-3.2-1b,w1_w3,2048,8192,2048,4216.99,0.00351186,1,-,1,69,2026-10-06T00:11:36Z,1
200670,cheap,1,llama-3.2-1b,w2,2048,2048,8192,5041.19,0.0054784,1,-,1,69,2026-10-06T00:11:36Z,1
200672,cheap,1,llama-3.2-1b,wq_wo,2048,2048,2048,4098.2,0.00754031,1,-,1,67,2026-10-06T00:11:51Z,1
200672,cheap,1,llama-3.2-1b,wk_wv,2048,512,2048,934.44,0.0473737,1,-,1,67,2026-10-06T00:11:51Z,1
200672,cheap,1,llama-3.2-1b,w1_w3,2048,8192,2048,14162.4,0.0037126,1,-,1,67,2026-10-06T00:11:51Z,1
200672,cheap,1,llama-3.2-1b,w2,2048,2048,8192,15157.8,0.00719411,1,-,1,67,2026-10-06T00:11:51Z,1
200674,cheap,1,llama-3.2-1b,wq_wo,2048,2048,2048,8250.37,0.0214807,1,-,1,67,2026-10-06T00:12:10Z,1
200674,cheap,1,llama-3.2-1b,wk_wv,2048,512,2048,3219.22,0.0558111,1,-,1,67,2026-10-06T00:12:10Z,1
200674,cheap,1,llama-3.2-1b,w1_w3,2048,8192,2048,29144.6,0.00728357,1,-,1,67,2026-10-06T00:12:10Z,1
200674,cheap,1,llama-3.2-1b,w2,2048,2048,8192,32293.2,0.0186971,1,-,1,67,2026-10-06T00:12:10Z,1
200676,cheap,1,llama-3.2-1b,wq_wo,2048,2048,2048,2584.35,0.0042589,1,-,1,67,2026-10-06T00:12:24Z,1
200676,cheap,1,llama-3.2-1b,wk_wv,2048,512,2048,668.46,0.0244414,1,-,1,67,2026-10-06T00:12:24Z,1
200676,cheap,1,llama-3.2-1b,w1_w3,2048,8192,2048,10300.1,0.00271328,1,-,1,67,2026-10-06T00:12:24Z,1
200676,cheap,1,llama-3.2-1b,w2,2048,2048,8192,10456.3,0.00389227,1,-,1,67,2026-10-06T00:12:24Z,1
200680,cheap,1,llama-3.2-1b,wq_wo,2048,2048,2048,27790.2,0.0182654,1,-,1,67,2026-10-06T00:12:53Z,1
200680,cheap,1,llama-3.2-1b,wk_wv,2048,512,2048,7074.44,0.032631,1,-,1,67,2026-10-06T00:12:53Z,1
200680,cheap,1,llama-3.2-1b,w1_w3,2048,8192,2048,106790,0.0181583,1,-,1,67,2026-10-06T00:12:53Z,1
200680,cheap,1,llama-3.2-1b,w2,2048,2048,8192,114844,0.0283282,1,-,1,67,2026-10-06T00:12:53Z,1
200684,cheap,1,llama-3.2-1b,wq_wo,2048,2048,2048,4486.12,0.017904,1,-,1,68,2026-10-06T00:13:07Z,1
200684,cheap,1,llama-3.2-1b,wk_wv,2048,512,2048,892.944,0.0233672,1,-,1,68,2026-10-06T00:13:07Z,1
200684,cheap,1,llama-3.2-1b,w1_w3,2048,8192,2048,17922.1,0.0228283,1,-,1,68,2026-10-06T00:13:07Z,1
200684,cheap,1,llama-3.2-1b,w2,2048,2048,8192,17831.1,0.0181286,1,-,1,68,2026-10-06T00:13:07Z,1
200686,cheap,1,llama-3.2-1b,wq_wo,2048,2048,2048,1311.91,0.00532291,1,-,1,66,2026-10-06T00:13:23Z,1
200686,cheap,1,llama-3.2-1b,wk_wv,2048,512,2048,593.372,0.00732458,1,-,1,66,2026-10-06T00:13:23Z,1
200686,cheap,1,llama-3.2-1b,w1_w3,2048,8192,2048,4444.44,0.00618455,1,-,1,66,2026-10-06T00:13:23Z,1
200686,cheap,1,llama-3.2-1b,w2,2048,2048,8192,5301.24,0.00488347,1,-,1,66,2026-10-06T00:13:23Z,1
200690,cheap,1,llama-3.2-1b,wq_wo,2048,2048,2048,2173.6,0.0116775,1,-,1,66,2026-10-06T00:13:38Z,1
200690,cheap,1,llama-3.2-1b,wk_wv,2048,512,2048,536.744,0.0131228,1,-,1,66,2026-10-06T00:13:38Z,1
200690,cheap,1,llama-3.2-1b,w1_w3,2048,8192,2048,7770.54,0.00537653,1,-,1,66,2026-10-06T00:13:38Z,1
200690,cheap,1,llama-3.2-1b,w2,2048,2048,8192,8832.04,0.0140726,1,-,1,66,2026-10-06T00:13:38Z,1
200694,cheap,1,llama-3.2-1b,wq_wo,2048,2048,2048,2384.77,0.00959805,1,-,1,69,2026-10-06T00:13:49Z,1
200694,cheap,1,llama-3.2-1b,wk_wv,2048,512,2048,676.78,0.0204288,1,-,1,69,2026-10-06T00:13:49Z,1
200694,cheap,1,llama-3.2-1b,w1_w3,2048,8192,2048,9456.62,0.00510435,1,-,1,69,2026-10-06T00:13:49Z,1
200694,cheap,1,llama-3.2-1b,w2,2048,2048,8192,9526.45,0.00602921,1,-,1,69,2026-10-06T00:13:49Z,1
200696,cheap,1,llama-3.2-1b,wq_wo,2048,2048,2048,5726.08,0.014766,1,-,1,68,2026-10-06T00:14:01Z,1
200696,cheap,1,llama-3.2-1b,wk_wv,2048,512,2048,1456.68,0.0136353,1,-,1,68,2026-10-06T00:14:01Z,1
200696,cheap,1,llama-3.2-1b,w1_w3,2048,8192,2048,22739.9,0.0117616,1,-,1,68,2026-10-06T00:14:01Z,1
200696,cheap,1,llama-3.2-1b,w2,2048,2048,8192,22556.7,0.0122261,1,-,1,68,2026-10-06T00:14:01Z,1
200698,cheap,1,llama-3.2-1b,wq_wo,2048,2048,2048,632.892,0.00237092,1,-,1,69,2026-10-06T00:14:15Z,1
200698,cheap,1,llama-3.2-1b,wk_wv,2048,512,2048,162.656,0.0038452,1,-,1,69,2026-10-06T00:14:15Z,1
200698,cheap,1,llama-3.2-1b,w1_w3,2048,8192,2048,2793.96,0.00384187,1,-,1,69,2026-10-06T00:14:15Z,1
200698,cheap,1,llama-3.2-1b,w2,2048,2048,8192,2967.77,0.00410191,1,-,1,69,2026-10-06T00:14:15Z,1
200703,cheap,1,llama-3.2-1b,wq_wo,2048,2048,2048,5834.24,0.0137711,1,-,1,67,2026-10-06T00:14:28Z,1
200703,cheap,1,llama-3.2-1b,wk_wv,2048,512,2048,1701.65,0.0418204,1,-,1,67,2026-10-06T00:14:28Z,1
200703,cheap,1,llama-3.2-1b,w1_w3,2048,8192,2048,22775.9,0.00859294,1,-,1,67,2026-10-06T00:14:28Z,1
200703,cheap,1,llama-3.2-1b,w2,2048,2048,8192,22708.2,0.0115301,1,-,1,67,2026-10-06T00:14:28Z,1
base,cheap,b6,llama-3.2-1b,wq_wo,2048,2048,2048,184.132,0.0128184,1,-,1,69,2026-10-06T00:14:39Z,1
base,cheap,b6,llama-3.2-1b,wk_wv,2048,512,2048,52.78,0.00843859,1,-,1,69,2026-10-06T00:14:39Z,1
base,cheap,b6,llama-3.2-1b,w1_w3,2048,8192,2048,741.312,0.017708,1,-,1,69,2026-10-06T00:14:39Z,1
base,cheap,b6,llama-3.2-1b,w2,2048,2048,8192,823.81,0.0148574,1,-,1,69,2026-10-06T00:14:39Z,1
200705,cheap,1,llama-3.2-1b,wq_wo,2048,2048,2048,237.588,0.0182832,1,-,1,69,2026-10-06T00:14:49Z,1
200705,cheap,1,llama-3.2-1b,wk_wv,2048,512,2048,67.912,0.0239873,1,-,1,69,2026-10-06T00:14:49Z,1
200705,cheap,1,llama-3.2-1b,w1_w3,2048,8192,2048,961.48,0.0181982,1,-,1,69,2026-10-06T00:14:49Z,1
200705,cheap,1,llama-3.2-1b,w2,2048,2048,8192,1025.02,0.014693,1,-,1,69,2026-10-06T00:14:49Z,1
200709,cheap,1,llama-3.2-1b,wq_wo,2048,2048,2048,570.752,0.00662734,1,-,1,69,2026-10-06T00:15:03Z,1
200709,cheap,1,llama-3.2-1b,wk_wv,2048,512,2048,163.072,0.010654,1,-,1,69,2026-10-06T00:15:03Z,1
200709,cheap,1,llama-3.2-1b,w1_w3,2048,8192,2048,2127.03,0.00513979,1,-,1,69,2026-10-06T00:15:03Z,1
200709,cheap,1,llama-3.2-1b,w2,2048,2048,8192,2260.31,0.00439629,1,-,1,69,2026-10-06T00:15:03Z,1
200711,cheap,1,llama-3.2-1b,wq_wo,2048,2048,2048,1266.1,0.0189188,1,-,1,68,2026-10-06T00:15:16Z,1
200711,cheap,1,llama-3.2-1b,wk_wv,2048,512,2048,300.898,0.0225468,1,-,1,68,2026-10-06T00:15:16Z,1
200711,cheap,1,llama-3.2-1b,w1_w3,2048,8192,2048,4401.05,0.0129225,1,-,1,68,2026-10-06T00:15:16Z,1
200711,cheap,1,llama-3.2-1b,w2,2048,2048,8192,5055.91,0.0158215,1,-,1,68,2026-10-06T00:15:16Z,1
200713,cheap,1,llama-3.2-1b,wq_wo,2048,2048,2048,1158.3,0.00981346,1,-,1,69,2026-10-06T00:15:28Z,1
200713,cheap,1,llama-3.2-1b,wk_wv,2048,512,2048,237.354,0.0328251,1,-,1,69,2026-10-06T00:15:28Z,1
200713,cheap,1,llama-3.2-1b,w1_w3,2048,8192,2048,4800.8,0.0093853,1,-,1,69,2026-10-06T00:15:28Z,1
200713,cheap,1,llama-3.2-1b,w2,2048,2048,8192,4258.88,0.0124353,1,-,1,69,2026-10-06T00:15:28Z,1
200715,cheap,1,llama-3.2-1b,wq_wo,2048,2048,2048,571.168,0.0147479,1,-,1,68,2026-10-06T00:15:39Z,1
200715,cheap,1,llama-3.2-1b,wk_wv,2048,512,2048,161.564,0.00778536,1,-,1,68,2026-10-06T00:15:39Z,1
200715,cheap,1,llama-3.2-1b,w1_w3,2048,8192,2048,2150.54,0.0135226,1,-,1,68,2026-10-06T00:15:39Z,1
200715,cheap,1,llama-3.2-1b,w2,2048,2048,8192,2540.46,0.012964,1,-,1,68,2026-10-06T00:15:39Z,1
200719,cheap,1,llama-3.2-1b,wq_wo,2048,2048,2048,538.252,0.00943891,1,-,1,69,2026-10-06T00:15:51Z,1
200719,cheap,1,llama-3.2-1b,wk_wv,2048,512,2048,153.816,0.012012,1,-,1,69,2026-10-06T00:15:51Z,1
200719,cheap,1,llama-3.2-1b,w1_w3,2048,8192,2048,2098.56,0.00831154,1,-,1,69,2026-10-06T00:15:51Z,1
200719,cheap,1,llama-3.2-1b,w2,2048,2048,8192,2221.73,0.00574762,1,-,1,69,2026-10-06T00:15:51Z,1
200721,cheap,1,llama-3.2-1b,wq_wo,2048,2048,2048,1944.38,0.0240434,1,-,1,68,2026-10-06T00:16:06Z,1
200721,cheap,1,llama-3.2-1b,wk_wv,2048,512,2048,635.388,0.0379433,1,-,1,68,2026-10-06T00:16:06Z,1
200721,cheap,1,llama-3.2-1b,w1_w3,2048,8192,2048,8108.1,0.0173398,1,-,1,68,2026-10-06T00:16:06Z,1
200721,cheap,1,llama-3.2-1b,w2,2048,2048,8192,7677.72,0.0330322,1,-,1,68,2026-10-06T00:16:06Z,1
200723,cheap,1,llama-3.2-1b,wq_wo,2048,2048,2048,542.776,0.00546411,1,-,1,69,2026-10-06T00:16:19Z,1
200723,cheap,1,llama-3.2-1b,wk_wv,2048,512,2048,140.92,0.012774,1,-,1,69,2026-10-06T00:16:19Z,1
200723,cheap,1,llama-3.2-1b,w1_w3,2048,8192,2048,1810.43,0.00710485,1,-,1,69,2026-10-06T00:16:19Z,1
200723,cheap,1,llama-3.2-1b,w2,2048,2048,8192,2271.98,0.00869925,1,-,1,69,2026-10-06T00:16:19Z,1
200725,cheap,1,llama-3.2-1b,wq_wo,2048,2048,2048,14252.2,0.00627076,1,-,1,67,2026-10-06T00:16:38Z,1
200725,cheap,1,llama-3.2-1b,wk_wv,2048,512,2048,4006.89,0.00773636,1,-,1,67,2026-10-06T00:16:38Z,1
200725,cheap,1,llama-3.2-1b,w1_w3,2048,8192,2048,53335.3,0.00425287,1,-,1,67,2026-10-06T00:16:38Z,1
200725,cheap,1,llama-3.2-1b,w2,2048,2048,8192,57782.6,0.00685941,1,-,1,67,2026-10-06T00:16:38Z,1
200727,cheap,1,llama-3.2-1b,wq_wo,2048,2048,2048,,,0,-,1,62,2026-10-06T00:19:54Z,1
200727,cheap,1,llama-3.2-1b,wk_wv,2048,512,2048,,,0,-,1,62,2026-10-06T00:19:54Z,1
200727,cheap,1,llama-3.2-1b,w1_w3,2048,8192,2048,,,0,-,1,62,2026-10-06T00:19:54Z,1
200727,cheap,1,llama-3.2-1b,w2,2048,2048,8192,,,0,-,1,62,2026-10-06T00:19:54Z,1
200729,cheap,1,llama-3.2-1b,wq_wo,2048,2048,2048,235.56,0.0218859,1,-,1,66,2026-10-06T00:20:02Z,1
200729,cheap,1,llama-3.2-1b,wk_wv,2048,512,2048,65.416,0.00609484,1,-,1,66,2026-10-06T00:20:02Z,1
200729,cheap,1,llama-3.2-1b,w1_w3,2048,8192,2048,946.92,0.024774,1,-,1,66,2026-10-06T00:20:02Z,1
200729,cheap,1,llama-3.2-1b,w2,2048,2048,8192,1004.04,0.0202015,1,-,1,66,2026-10-06T00:20:02Z,1
200732,cheap,1,llama-3.2-1b,wq_wo,2048,2048,2048,38938.4,0.00437921,1,-,1,65,2026-10-06T00:20:39Z,1
200732,cheap,1,llama-3.2-1b,wk_wv,2048,512,2048,9913.64,0.0151306,1,-,1,65,2026-10-06T00:20:39Z,1
200732,cheap,1,llama-3.2-1b,w1_w3,2048,8192,2048,151271,0.00181809,1,-,1,65,2026-10-06T00:20:39Z,1
200732,cheap,1,llama-3.2-1b,w2,2048,2048,8192,146438,0.00659816,1,-,1,65,2026-10-06T00:20:39Z,1
200734,cheap,1,llama-3.2-1b,wq_wo,2048,2048,2048,4938.44,0.00497868,1,-,1,66,2026-10-06T00:20:55Z,1
200734,cheap,1,llama-3.2-1b,wk_wv,2048,512,2048,1287.21,0.014827,1,-,1,66,2026-10-06T00:20:55Z,1
200734,cheap,1,llama-3.2-1b,w1_w3,2048,8192,2048,19059.4,0.00312795,1,-,1,66,2026-10-06T00:20:55Z,1
200734,cheap,1,llama-3.2-1b,w2,2048,2048,8192,20366.6,0.00745693,1,-,1,66,2026-10-06T00:20:55Z,1
200736,cheap,1,llama-3.2-1b,wq_wo,2048,2048,2048,,,0,-,1,62,2026-10-06T00:21:51Z,1
200736,cheap,1,llama-3.2-1b,wk_wv,2048,512,2048,,,0,-,1,62,2026-10-06T00:21:51Z,1
200736,cheap,1,llama-3.2-1b,w1_w3,2048,8192,2048,,,0,-,1,62,2026-10-06T00:21:51Z,1
200736,cheap,1,llama-3.2-1b,w2,2048,2048,8192,,,0,-,1,62,2026-10-06T00:21:51Z,1
200740,cheap,1,llama-3.2-1b,wq_wo,2048,2048,2048,462.852,0.00732895,1,-,1,68,2026-10-06T00:22:00Z,1
200740,cheap,1,llama-3.2-1b,wk_wv,2048,512,2048,123.76,0.0107272,1,-,1,68,2026-10-06T00:22:00Z,1
200740,cheap,1,llama-3.2-1b,w1_w3,2048,8192,2048,1820.96,0.00889294,1,-,1,68,2026-10-06T00:22:00Z,1
200740,cheap,1,llama-3.2-1b,w2,2048,2048,8192,1920.67,0.00721998,1,-,1,68,2026-10-06T00:22:00Z,1
200743,cheap,1,llama-3.2-1b,wq_wo,2048,2048,2048,4396.39,0.0235467,1,-,1,67,2026-10-06T00:22:12Z,1
200743,cheap,1,llama-3.2-1b,wk_wv,2048,512,2048,1165.01,0.0452863,1,-,1,67,2026-10-06T00:22:12Z,1
200743,cheap,1,llama-3.2-1b,w1_w3,2048,8192,2048,15572.6,0.0184597,1,-,1,67,2026-10-06T00:22:12Z,1
200743,cheap,1,llama-3.2-1b,w2,2048,2048,8192,17037.5,0.0173582,1,-,1,67,2026-10-06T00:22:12Z,1
200747,cheap,1,llama-3.2-1b,wq_wo,2048,2048,2048,31315.1,0.0101886,1,-,1,66,2026-10-06T00:22:43Z,1
200747,cheap,1,llama-3.2-1b,wk_wv,2048,512,2048,7751.2,0.00863387,1,-,1,66,2026-10-06T00:22:43Z,1
200747,cheap,1,llama-3.2-1b,w1_w3,2048,8192,2048,124070,0.00112144,1,-,1,66,2026-10-06T00:22:43Z,1
200747,cheap,1,llama-3.2-1b,w2,2048,2048,8192,124987,0.00973475,1,-,1,66,2026-10-06T00:22:43Z,1
200749,cheap,1,llama-3.2-1b,wq_wo,2048,2048,2048,8326.42,0.0185955,1,-,1,67,2026-10-06T00:23:00Z,1
200749,cheap,1,llama-3.2-1b,wk_wv,2048,512,2048,3329.35,0.0646327,1,-,1,67,2026-10-06T00:23:00Z,1
200749,cheap,1,llama-3.2-1b,w1_w3,2048,8192,2048,29393.2,0.00883508,1,-,1,67,2026-10-06T00:23:00Z,1
200749,cheap,1,llama-3.2-1b,w2,2048,2048,8192,32425.5,0.0212443,1,-,1,67,2026-10-06T00:23:00Z,1
200751,cheap,1,llama-3.2-1b,wq_wo,2048,2048,2048,1002.61,0.00804446,1,-,1,69,2026-10-06T00:23:09Z,1
200751,cheap,1,llama-3.2-1b,wk_wv,2048,512,2048,212.81,0.0384787,1,-,1,69,2026-10-06T00:23:09Z,1
200751,cheap,1,llama-3.2-1b,w1_w3,2048,8192,2048,3943.32,0.00906788,1,-,1,69,2026-10-06T00:23:09Z,1
200751,cheap,1,llama-3.2-1b,w2,2048,2048,8192,4037.49,0.0121424,1,-,1,69,2026-10-06T00:23:09Z,1
200753,cheap,1,llama-3.2-1b,wq_wo,2048,2048,2048,9170.75,0.00549573,1,-,1,67,2026-10-06T00:23:23Z,1
200753,cheap,1,llama-3.2-1b,wk_wv,2048,512,2048,2637.88,0.0638141,1,-,1,67,2026-10-06T00:23:23Z,1
200753,cheap,1,llama-3.2-1b,w1_w3,2048,8192,2048,36389.5,0.00549848,1,-,1,67,2026-10-06T00:23:23Z,1
200753,cheap,1,llama-3.2-1b,w2,2048,2048,8192,35183.2,0.00483404,1,-,1,67,2026-10-06T00:23:23Z,1
200755,cheap,1,llama-3.2-1b,wq_wo,2048,2048,2048,627.016,0.0112815,1,-,1,68,2026-10-06T00:23:32Z,1
200755,cheap,1,llama-3.2-1b,wk_wv,2048,512,2048,166.608,0.00787086,1,-,1,68,2026-10-06T00:23:32Z,1
200755,cheap,1,llama-3.2-1b,w1_w3,2048,8192,2048,2345.93,0.00613757,1,-,1,68,2026-10-06T00:23:32Z,1
200755,cheap,1,llama-3.2-1b,w2,2048,2048,8192,2618.49,0.0131322,1,-,1,68,2026-10-06T00:23:32Z,1
200757,cheap,1,llama-3.2-1b,wq_wo,2048,2048,2048,1136.82,0.0144072,1,-,1,68,2026-10-06T00:23:41Z,1
200757,cheap,1,llama-3.2-1b,wk_wv,2048,512,2048,374.4,0.00789453,1,-,1,68,2026-10-06T00:23:41Z,1
200757,cheap,1,llama-3.2-1b,w1_w3,2048,8192,2048,4164.78,0.00739056,1,-,1,68,2026-10-06T00:23:41Z,1
200757,cheap,1,llama-3.2-1b,w2,2048,2048,8192,4743.73,0.0168842,1,-,1,68,2026-10-06T00:23:41Z,1
200759,cheap,1,llama-3.2-1b,wq_wo,2048,2048,2048,8187.82,0.0112375,1,-,1,68,2026-10-06T00:23:51Z,1
200759,cheap,1,llama-3.2-1b,wk_wv,2048,512,2048,2056.52,0.0245691,1,-,1,68,2026-10-06T00:23:51Z,1
200759,cheap,1,llama-3.2-1b,w1_w3,2048,8192,2048,29792.9,0.00750873,1,-,1,68,2026-10-06T00:23:51Z,1
200759,cheap,1,llama-3.2-1b,w2,2048,2048,8192,32565.6,0.0105598,1,-,1,68,2026-10-06T00:23:51Z,1
200763,cheap,1,llama-3.2-1b,wq_wo,2048,2048,2048,4988.2,0.0236514,1,-,1,68,2026-10-06T00:24:02Z,1
200763,cheap,1,llama-3.2-1b,wk_wv,2048,512,2048,1790.36,0.0413096,1,-,1,68,2026-10-06T00:24:02Z,1
200763,cheap,1,llama-3.2-1b,w1_w3,2048,8192,2048,18767.4,0.0122747,1,-,1,68,2026-10-06T00:24:02Z,1
200763,cheap,1,llama-3.2-1b,w2,2048,2048,8192,19328.2,0.023736,1,-,1,68,2026-10-06T00:24:02Z,1
200765,cheap,1,llama-3.2-1b,wq_wo,2048,2048,2048,4697.11,0.0141149,1,-,1,68,2026-10-06T00:24:11Z,1
200765,cheap,1,llama-3.2-1b,wk_wv,2048,512,2048,1201.25,0.0142795,1,-,1,68,2026-10-06T00:24:11Z,1
200765,cheap,1,llama-3.2-1b,w1_w3,2048,8192,2048,18185.5,0.0132084,1,-,1,68,2026-10-06T00:24:11Z,1
200765,cheap,1,llama-3.2-1b,w2,2048,2048,8192,18414,0.0137805,1,-,1,68,2026-10-06T00:24:11Z,1
200767,cheap,1,llama-3.2-1b,wq_wo,2048,2048,2048,1331.46,0.0193251,1,-,1,69,2026-10-06T00:24:23Z,1
200767,cheap,1,llama-3.2-1b,wk_wv,2048,512,2048,298.818,0.022167,1,-,1,69,2026-10-06T00:24:23Z,1
200767,cheap,1,llama-3.2-1b,w1_w3,2048,8192,2048,5487.46,0.00689855,1,-,1,69,2026-10-06T00:24:23Z,1
200767,cheap,1,llama-3.2-1b,w2,2048,2048,8192,5101.15,0.0175794,1,-,1,69,2026-10-06T00:24:23Z,1
200770,cheap,1,llama-3.2-1b,wq_wo,2048,2048,2048,420.264,0.00460137,1,-,1,69,2026-10-06T00:24:31Z,1
200770,cheap,1,llama-3.2-1b,wk_wv,2048,512,2048,107.12,0.0112888,1,-,1,69,2026-10-06T00:24:31Z,1
200770,cheap,1,llama-3.2-1b,w1_w3,2048,8192,2048,1808.56,0.00531155,1,-,1,69,2026-10-06T00:24:31Z,1
200770,cheap,1,llama-3.2-1b,w2,2048,2048,8192,1775.49,0.00876366,1,-,1,69,2026-10-06T00:24:31Z,1
200772,cheap,1,llama-3.2-1b,wq_wo,2048,2048,2048,1908.14,0.0248279,1,-,1,69,2026-10-06T00:24:39Z,1
200772,cheap,1,llama-3.2-1b,wk_wv,2048,512,2048,694.174,0.0316832,1,-,1,69,2026-10-06T00:24:39Z,1
200772,cheap,1,llama-3.2-1b,w1_w3,2048,8192,2048,7906.99,0.0163655,1,-,1,69,2026-10-06T00:24:39Z,1
200772,cheap,1,llama-3.2-1b,w2,2048,2048,8192,7609.58,0.0245817,1,-,1,69,2026-10-06T00:24:39Z,1
200774,cheap,1,llama-3.2-1b,wq_wo,2048,2048,2048,1457.33,0.00277609,1,-,1,68,2026-10-06T00:24:51Z,1
200774,cheap,1,llama-3.2-1b,wk_wv,2048,512,2048,359.892,0.00473333,1,-,1,68,2026-10-06T00:24:51Z,1
200774,cheap,1,llama-3.2-1b,w1_w3,2048,8192,2048,5571.02,0.0027995,1,-,1,68,2026-10-06T00:24:51Z,1
200774,cheap,1,llama-3.2-1b,w2,2048,2048,8192,6300.22,0.0209433,1,-,1,68,2026-10-06T00:24:51Z,1
200777,cheap,1,llama-3.2-1b,wq_wo,2048,2048,2048,2339.56,0.0184895,1,-,1,69,2026-10-06T00:25:06Z,1
200777,cheap,1,llama-3.2-1b,wk_wv,2048,512,2048,798.46,0.0134608,1,-,1,69,2026-10-06T00:25:06Z,1
200777,cheap,1,llama-3.2-1b,w1_w3,2048,8192,2048,9445.49,0.0165465,1,-,1,69,2026-10-06T00:25:06Z,1
200777,cheap,1,llama-3.2-1b,w2,2048,2048,8192,9732.94,0.0147347,1,-,1,69,2026-10-06T00:25:06Z,1
200782,cheap,1,llama-3.2-1b,wq_wo,2048,2048,2048,4346.16,0.0312952,1,-,1,68,2026-10-06T00:25:21Z,1
200782,cheap,1,llama-3.2-1b,wk_wv,2048,512,2048,1263.52,0.0464784,1,-,1,68,2026-10-06T00:25:21Z,1
200782,cheap,1,llama-3.2-1b,w1_w3,2048,8192,2048,15614,0.0129499,1,-,1,68,2026-10-06T00:25:21Z,1
200782,cheap,1,llama-3.2-1b,w2,2048,2048,8192,17420.3,0.019178,1,-,1,68,2026-10-06T00:25:21Z,1
200784,cheap,1,llama-3.2-1b,wq_wo,2048,2048,2048,2013.18,0.0436736,1,-,1,67,2026-10-06T00:25:37Z,1
200784,cheap,1,llama-3.2-1b,wk_wv,2048,512,2048,763.672,0.0527631,1,-,1,67,2026-10-06T00:25:37Z,1
200784,cheap,1,llama-3.2-1b,w1_w3,2048,8192,2048,7818.85,0.0320764,1,-,1,67,2026-10-06T00:25:37Z,1
200784,cheap,1,llama-3.2-1b,w2,2048,2048,8192,8211.74,0.0365713,1,-,1,67,2026-10-06T00:25:37Z,1
200786,cheap,1,llama-3.2-1b,wq_wo,2048,2048,2048,1335.96,0.0107208,1,-,1,68,2026-10-06T00:25:49Z,1
200786,cheap,1,llama-3.2-1b,wk_wv,2048,512,2048,327.08,0.0137498,1,-,1,68,2026-10-06T00:25:49Z,1
200786,cheap,1,llama-3.2-1b,w1_w3,2048,8192,2048,4914.18,0.00561038,1,-,1,68,2026-10-06T00:25:49Z,1
200786,cheap,1,llama-3.2-1b,w2,2048,2048,8192,5310.97,0.0101719,1,-,1,68,2026-10-06T00:25:49Z,1
200788,cheap,1,llama-3.2-1b,wq_wo,2048,2048,2048,1598.71,0.0373588,1,-,1,68,2026-10-06T00:26:03Z,1
200788,cheap,1,llama-3.2-1b,wk_wv,2048,512,2048,397.28,0.0185091,1,-,1,68,2026-10-06T00:26:03Z,1
200788,cheap,1,llama-3.2-1b,w1_w3,2048,8192,2048,5856.86,0.00891104,1,-,1,68,2026-10-06T00:26:03Z,1
200788,cheap,1,llama-3.2-1b,w2,2048,2048,8192,5817.08,0.0384161,1,-,1,68,2026-10-06T00:26:03Z,1
200792,cheap,1,llama-3.2-1b,wq_wo,2048,2048,2048,886.236,0.0035607,1,-,1,69,2026-10-06T00:26:16Z,1
200792,cheap,1,llama-3.2-1b,wk_wv,2048,512,2048,202.02,0.00625024,1,-,1,69,2026-10-06T00:26:16Z,1
200792,cheap,1,llama-3.2-1b,w1_w3,2048,8192,2048,3132.12,0.00200049,1,-,1,69,2026-10-06T00:26:16Z,1
200792,cheap,1,llama-3.2-1b,w2,2048,2048,8192,3558.67,0.00359263,1,-,1,69,2026-10-06T00:26:16Z,1
200794,cheap,1,llama-3.2-1b,wq_wo,2048,2048,2048,26216.5,0.0100614,1,-,1,66,2026-10-06T00:26:36Z,1
200794,cheap,1,llama-3.2-1b,wk_wv,2048,512,2048,6622.46,0.0102607,1,-,1,66,2026-10-06T00:26:36Z,1
200794,cheap,1,llama-3.2-1b,w1_w3,2048,8192,2048,102714,0.00441232,1,-,1,66,2026-10-06T00:26:36Z,1
200794,cheap,1,llama-3.2-1b,w2,2048,2048,8192,105769,0.00351982,1,-,1,66,2026-10-06T00:26:36Z,1
200796,cheap,1,llama-3.2-1b,wq_wo,2048,2048,2048,12531.6,0.0131017,1,-,1,67,2026-10-06T00:26:55Z,1
200796,cheap,1,llama-3.2-1b,wk_wv,2048,512,2048,3204.47,0.0150633,1,-,1,67,2026-10-06T00:26:55Z,1
200796,cheap,1,llama-3.2-1b,w1_w3,2048,8192,2048,48972.9,0.0141612,1,-,1,67,2026-10-06T00:26:55Z,1
200796,cheap,1,llama-3.2-1b,w2,2048,2048,8192,50196.1,0.0115286,1,-,1,67,2026-10-06T00:26:55Z,1
200800,cheap,1,llama-3.2-1b,wq_wo,2048,2048,2048,4245.28,0.0153752,1,-,1,67,2026-10-06T00:27:12Z,1
200800,cheap,1,llama-3.2-1b,wk_wv,2048,512,2048,1197.3,0.0348585,1,-,1,67,2026-10-06T00:27:12Z,1
200800,cheap,1,llama-3.2-1b,w1_w3,2048,8192,2048,18053.9,0.00765942,1,-,1,67,2026-10-06T00:27:12Z,1
200800,cheap,1,llama-3.2-1b,w2,2048,2048,8192,16619.7,0.010772,1,-,1,67,2026-10-06T00:27:12Z,1
200802,cheap,1,llama-3.2-1b,wq_wo,2048,2048,2048,4307.26,0.0207421,1,-,1,68,2026-10-06T00:27:28Z,1
200802,cheap,1,llama-3.2-1b,wk_wv,2048,512,2048,1815.24,0.0309504,1,-,1,68,2026-10-06T00:27:28Z,1
200802,cheap,1,llama-3.2-1b,w1_w3,2048,8192,2048,17549.2,0.0119907,1,-,1,68,2026-10-06T00:27:28Z,1
200802,cheap,1,llama-3.2-1b,w2,2048,2048,8192,16603.7,0.0197083,1,-,1,68,2026-10-06T00:27:28Z,1
200804,cheap,1,llama-3.2-1b,wq_wo,2048,2048,2048,3627.52,0.0341219,1,-,1,67,2026-10-06T00:27:38Z,1
200804,cheap,1,llama-3.2-1b,wk_wv,2048,512,2048,933.14,0.0354702,1,-,1,67,2026-10-06T00:27:38Z,1
200804,cheap,1,llama-3.2-1b,w1_w3,2048,8192,2048,14036,0.0219943,1,-,1,67,2026-10-06T00:27:38Z,1
200804,cheap,1,llama-3.2-1b,w2,2048,2048,8192,14593.1,0.0350531,1,-,1,67,2026-10-06T00:27:38Z,1
200806,cheap,1,llama-3.2-1b,wq_wo,2048,2048,2048,414.336,0.019167,1,-,1,69,2026-10-06T00:27:49Z,1
200806,cheap,1,llama-3.2-1b,wk_wv,2048,512,2048,140.036,0.0131379,1,-,1,69,2026-10-06T00:27:49Z,1
200806,cheap,1,llama-3.2-1b,w1_w3,2048,8192,2048,1565.82,0.0211766,1,-,1,69,2026-10-06T00:27:49Z,1
200806,cheap,1,llama-3.2-1b,w2,2048,2048,8192,1745.8,0.0135858,1,-,1,69,2026-10-06T00:27:49Z,1
200809,cheap,1,llama-3.2-1b,wq_wo,2048,2048,2048,5464.42,0.0139956,1,-,1,68,2026-10-06T00:28:03Z,1
200809,cheap,1,llama-3.2-1b,wk_wv,2048,512,2048,1518.61,0.0189554,1,-,1,68,2026-10-06T00:28:03Z,1
200809,cheap,1,llama-3.2-1b,w1_w3,2048,8192,2048,20461.7,0.0049967,1,-,1,68,2026-10-06T00:28:03Z,1
200809,cheap,1,llama-3.2-1b,w2,2048,2048,8192,21650.9,0.010964,1,-,1,68,2026-10-06T00:28:03Z,1
200811,cheap,1,llama-3.2-1b,wq_wo,2048,2048,2048,13809.1,0.0106161,1,-,1,67,2026-10-06T00:28:19Z,1
200811,cheap,1,llama-3.2-1b,wk_wv,2048,512,2048,5497.8,0.0534435,1,-,1,67,2026-10-06T00:28:19Z,1
200811,cheap,1,llama-3.2-1b,w1_w3,2048,8192,2048,55206.2,0.00392249,1,-,1,67,2026-10-06T00:28:19Z,1
200811,cheap,1,llama-3.2-1b,w2,2048,2048,8192,54729.8,0.00485526,1,-,1,67,2026-10-06T00:28:19Z,1
200814,cheap,1,llama-3.2-1b,wq_wo,2048,2048,2048,728.676,0.00442451,1,-,1,69,2026-10-06T00:28:30Z,1
200814,cheap,1,llama-3.2-1b,wk_wv,2048,512,2048,202.592,0.00574007,1,-,1,69,2026-10-06T00:28:30Z,1
200814,cheap,1,llama-3.2-1b,w1_w3,2048,8192,2048,2847.39,0.00486117,1,-,1,69,2026-10-06T00:28:30Z,1
200814,cheap,1,llama-3.2-1b,w2,2048,2048,8192,2985.97,0.00432245,1,-,1,69,2026-10-06T00:28:30Z,1
200816,cheap,1,llama-3.2-1b,wq_wo,2048,2048,2048,13233,0.0121605,1,-,1,68,2026-10-06T00:28:48Z,1
200816,cheap,1,llama-3.2-1b,wk_wv,2048,512,2048,3845.61,0.00732773,1,-,1,68,2026-10-06T00:28:48Z,1
200816,cheap,1,llama-3.2-1b,w1_w3,2048,8192,2048,49045.9,0.00556557,1,-,1,68,2026-10-06T00:28:48Z,1
200816,cheap,1,llama-3.2-1b,w2,2048,2048,8192,52015.8,0.00596133,1,-,1,68,2026-10-06T00:28:48Z,1
200818,cheap,1,llama-3.2-1b,wq_wo,2048,2048,2048,5622.66,0.0176743,1,-,1,67,2026-10-06T00:29:05Z,1
200818,cheap,1,llama-3.2-1b,wk_wv,2048,512,2048,1936.22,0.0349992,1,-,1,67,2026-10-06T00:29:05Z,1
200818,cheap,1,llama-3.2-1b,w1_w3,2048,8192,2048,22275.3,0.0119017,1,-,1,67,2026-10-06T00:29:05Z,1
200818,cheap,1,llama-3.2-1b,w2,2048,2048,8192,22455.7,0.025788,1,-,1,67,2026-10-06T00:29:05Z,1
200821,cheap,1,llama-3.2-1b,wq_wo,2048,2048,2048,24346.5,0.0210811,1,-,1,66,2026-10-06T00:29:27Z,1
200821,cheap,1,llama-3.2-1b,wk_wv,2048,512,2048,6140.94,0.0274451,1,-,1,66,2026-10-06T00:29:27Z,1
200821,cheap,1,llama-3.2-1b,w1_w3,2048,8192,2048,92926.8,0.0064532,1,-,1,66,2026-10-06T00:29:27Z,1
200821,cheap,1,llama-3.2-1b,w2,2048,2048,8192,99097.6,0.0220524,1,-,1,66,2026-10-06T00:29:27Z,1
200824,cheap,1,llama-3.2-1b,wq_wo,2048,2048,2048,576.264,0.0178919,1,-,1,68,2026-10-06T00:29:39Z,1
200824,cheap,1,llama-3.2-1b,wk_wv,2048,512,2048,166.348,0.00804431,1,-,1,68,2026-10-06T00:29:39Z,1
200824,cheap,1,llama-3.2-1b,w1_w3,2048,8192,2048,2265.2,0.0175291,1,-,1,68,2026-10-06T00:29:39Z,1
200824,cheap,1,llama-3.2-1b,w2,2048,2048,8192,2385.6,0.0118822,1,-,1,68,2026-10-06T00:29:39Z,1
200827,cheap,1,llama-3.2-1b,wq_wo,2048,2048,2048,3351.82,0.0212365,1,-,1,68,2026-10-06T00:29:49Z,1
200827,cheap,1,llama-3.2-1b,wk_wv,2048,512,2048,853.424,0.0411141,1,-,1,68,2026-10-06T00:29:49Z,1
200827,cheap,1,llama-3.2-1b,w1_w3,2048,8192,2048,13279.5,0.00573961,1,-,1,68,2026-10-06T00:29:49Z,1
200827,cheap,1,llama-3.2-1b,w2,2048,2048,8192,14019.2,0.0130629,1,-,1,68,2026-10-06T00:29:49Z,1
200829,cheap,1,llama-3.2-1b,wq_wo,2048,2048,2048,1493.75,0.00289347,1,-,1,69,2026-10-06T00:30:01Z,1
200829,cheap,1,llama-3.2-1b,wk_wv,2048,512,2048,381.732,0.00567412,1,-,1,69,2026-10-06T00:30:01Z,1
200829,cheap,1,llama-3.2-1b,w1_w3,2048,8192,2048,5533.89,0.00270831,1,-,1,69,2026-10-06T00:30:01Z,1
200829,cheap,1,llama-3.2-1b,w2,2048,2048,8192,6508.68,0.00361838,1,-,1,69,2026-10-06T00:30:01Z,1
base,cheap,b7,llama-3.2-1b,wq_wo,2048,2048,2048,184.132,0.0139781,1,-,1,69,2026-10-06T00:30:14Z,1
base,cheap,b7,llama-3.2-1b,wk_wv,2048,512,2048,52.676,0.00833024,1,-,1,69,2026-10-06T00:30:14Z,1
base,cheap,b7,llama-3.2-1b,w1_w3,2048,8192,2048,750.984,0.0171423,1,-,1,69,2026-10-06T00:30:14Z,1
base,cheap,b7,llama-3.2-1b,w2,2048,2048,8192,823.888,0.0153267,1,-,1,69,2026-10-06T00:30:14Z,1
200831,cheap,1,llama-3.2-1b,wq_wo,2048,2048,2048,2928.72,0.0284821,1,-,1,69,2026-10-06T00:30:26Z,1
200831,cheap,1,llama-3.2-1b,wk_wv,2048,512,2048,844.064,0.0431919,1,-,1,69,2026-10-06T00:30:26Z,1
200831,cheap,1,llama-3.2-1b,w1_w3,2048,8192,2048,10999.8,0.0110375,1,-,1,69,2026-10-06T00:30:26Z,1
200831,cheap,1,llama-3.2-1b,w2,2048,2048,8192,11655.9,0.0241571,1,-,1,69,2026-10-06T00:30:26Z,1
200834,cheap,1,llama-3.2-1b,wq_wo,2048,2048,2048,3914.51,0.0213354,1,-,1,68,2026-10-06T00:30:42Z,1
200834,cheap,1,llama-3.2-1b,wk_wv,2048,512,2048,1489.1,0.0544081,1,-,1,68,2026-10-06T00:30:42Z,1
200834,cheap,1,llama-3.2-1b,w1_w3,2048,8192,2048,15781.1,0.0269522,1,-,1,68,2026-10-06T00:30:42Z,1
200834,cheap,1,llama-3.2-1b,w2,2048,2048,8192,15302.6,0.0212814,1,-,1,68,2026-10-06T00:30:42Z,1
200837,cheap,1,llama-3.2-1b,wq_wo,2048,2048,2048,1164.41,0.0133224,1,-,1,68,2026-10-06T00:30:57Z,1
200837,cheap,1,llama-3.2-1b,wk_wv,2048,512,2048,281.164,0.0294379,1,-,1,68,2026-10-06T00:30:57Z,1
200837,cheap,1,llama-3.2-1b,w1_w3,2048,8192,2048,4176.43,0.0115013,1,-,1,68,2026-10-06T00:30:57Z,1
200837,cheap,1,llama-3.2-1b,w2,2048,2048,8192,5047.25,0.00967133,1,-,1,68,2026-10-06T00:30:57Z,1
200839,cheap,1,llama-3.2-1b,wq_wo,2048,2048,2048,883.324,0.00439729,1,-,1,68,2026-10-06T00:31:11Z,1
200839,cheap,1,llama-3.2-1b,wk_wv,2048,512,2048,202.852,0.00594978,1,-,1,68,2026-10-06T00:31:11Z,1
200839,cheap,1,llama-3.2-1b,w1_w3,2048,8192,2048,3153.23,0.00269444,1,-,1,68,2026-10-06T00:31:11Z,1
200839,cheap,1,llama-3.2-1b,w2,2048,2048,8192,3580.28,0.00379601,1,-,1,68,2026-10-06T00:31:11Z,1
200841,cheap,1,llama-3.2-1b,wq_wo,2048,2048,2048,568.672,0.00393017,1,-,1,68,2026-10-06T00:31:24Z,1
200841,cheap,1,llama-3.2-1b,wk_wv,2048,512,2048,161.252,0.0102741,1,-,1,68,2026-10-06T00:31:24Z,1
200841,cheap,1,llama-3.2-1b,w1_w3,2048,8192,2048,2185.56,0.00394795,1,-,1,68,2026-10-06T00:31:24Z,1
200841,cheap,1,llama-3.2-1b,w2,2048,2048,8192,2580.84,0.00431266,1,-,1,68,2026-10-06T00:31:24Z,1
200843,cheap,1,llama-3.2-1b,wq_wo,2048,2048,2048,638.404,0.00289287,1,-,1,69,2026-10-06T00:31:36Z,1
200843,cheap,1,llama-3.2-1b,wk_wv,2048,512,2048,198.588,0.00823241,1,-,1,69,2026-10-06T00:31:36Z,1
200843,cheap,1,llama-3.2-1b,w1_w3,2048,8192,2048,2398.99,0.00420084,1,-,1,69,2026-10-06T00:31:36Z,1
200843,cheap,1,llama-3.2-1b,w2,2048,2048,8192,2883.24,0.00366277,1,-,1,69,2026-10-06T00:31:36Z,1
200845,cheap,1,llama-3.2-1b,wq_wo,2048,2048,2048,1611.17,0.0088404,1,-,1,68,2026-10-06T00:31:47Z,1
200845,cheap,1,llama-3.2-1b,wk_wv,2048,512,2048,428.948,0.0252854,1,-,1,68,2026-10-06T00:31:47Z,1
200845,cheap,1,llama-3.2-1b,w1_w3,2048,8192,2048,6211.3,0.00482784,1,-,1,68,2026-10-06T00:31:47Z,1
200845,cheap,1,llama-3.2-1b,w2,2048,2048,8192,6401.56,0.0105638,1,-,1,68,2026-10-06T00:31:47Z,1
200848,cheap,1,llama-3.2-1b,wq_wo,2048,2048,2048,7466.42,0.0145893,1,-,1,68,2026-10-06T00:31:59Z,1
200848,cheap,1,llama-3.2-1b,wk_wv,2048,512,2048,2851.03,0.0490346,1,-,1,68,2026-10-06T00:31:59Z,1
200848,cheap,1,llama-3.2-1b,w1_w3,2048,8192,2048,27294.1,0.00748532,1,-,1,68,2026-10-06T00:31:59Z,1
200848,cheap,1,llama-3.2-1b,w2,2048,2048,8192,29494.1,0.0151327,1,-,1,68,2026-10-06T00:31:59Z,1
200850,cheap,1,llama-3.2-1b,wq_wo,2048,2048,2048,425.256,0.00553503,1,-,1,68,2026-10-06T00:32:10Z,1
200850,cheap,1,llama-3.2-1b,wk_wv,2048,512,2048,114.036,0.0110679,1,-,1,68,2026-10-06T00:32:10Z,1
200850,cheap,1,llama-3.2-1b,w1_w3,2048,8192,2048,1429.48,0.0113082,1,-,1,68,2026-10-06T00:32:10Z,1
200850,cheap,1,llama-3.2-1b,w2,2048,2048,8192,1748.34,0.00910853,1,-,1,68,2026-10-06T00:32:10Z,1
200858,cheap,1,llama-3.2-1b,wq_wo,2048,2048,2048,2023.27,0.0574759,1,-,1,68,2026-10-06T00:32:24Z,1
200858,cheap,1,llama-3.2-1b,wk_wv,2048,512,2048,1421.21,0.00537194,1,-,1,68,2026-10-06T00:32:24Z,1
200858,cheap,1,llama-3.2-1b,w1_w3,2048,8192,2048,8002.67,0.0459543,1,-,1,68,2026-10-06T00:32:24Z,1
200858,cheap,1,llama-3.2-1b,w2,2048,2048,8192,8409.02,0.0530967,1,-,1,68,2026-10-06T00:32:24Z,1
200861,cheap,1,llama-3.2-1b,wq_wo,2048,2048,2048,3970.62,0.0241704,1,-,1,67,2026-10-06T00:32:39Z,1
200861,cheap,1,llama-3.2-1b,wk_wv,2048,512,2048,1053.21,0.0478552,1,-,1,67,2026-10-06T00:32:39Z,1
200861,cheap,1,llama-3.2-1b,w1_w3,2048,8192,2048,14189.1,0.0183264,1,-,1,67,2026-10-06T00:32:39Z,1
200861,cheap,1,llama-3.2-1b,w2,2048,2048,8192,16121.3,0.0170963,1,-,1,67,2026-10-06T00:32:39Z,1
200864,cheap,1,llama-3.2-1b,wq_wo,2048,2048,2048,18172,0.00864262,1,-,1,67,2026-10-06T00:32:57Z,1
200864,cheap,1,llama-3.2-1b,wk_wv,2048,512,2048,4615.52,0.0176314,1,-,1,67,2026-10-06T00:32:57Z,1
200864,cheap,1,llama-3.2-1b,w1_w3,2048,8192,2048,70581.7,0.00650891,1,-,1,67,2026-10-06T00:32:57Z,1
200864,cheap,1,llama-3.2-1b,w2,2048,2048,8192,73070.8,0.0103945,1,-,1,67,2026-10-06T00:32:57Z,1
200868,cheap,1,llama-3.2-1b,wq_wo,2048,2048,2048,943.644,0.00686732,1,-,1,67,2026-10-06T00:33:10Z,1
200868,cheap,1,llama-3.2-1b,wk_wv,2048,512,2048,230.256,0.00519379,1,-,1,67,2026-10-06T00:33:10Z,1
200868,cheap,1,llama-3.2-1b,w1_w3,2048,8192,2048,3538.7,0.00509752,1,-,1,67,2026-10-06T00:33:10Z,1
200868,cheap,1,llama-3.2-1b,w2,2048,2048,8192,3701.46,0.00601008,1,-,1,67,2026-10-06T00:33:10Z,1
200871,cheap,1,llama-3.2-1b,wq_wo,2048,2048,2048,6889.53,0.0244126,1,-,1,68,2026-10-06T00:33:23Z,1
200871,cheap,1,llama-3.2-1b,wk_wv,2048,512,2048,2519.19,0.0554382,1,-,1,68,2026-10-06T00:33:23Z,1
200871,cheap,1,llama-3.2-1b,w1_w3,2048,8192,2048,24808.7,0.0104672,1,-,1,68,2026-10-06T00:33:23Z,1
200871,cheap,1,llama-3.2-1b,w2,2048,2048,8192,27129.3,0.0147736,1,-,1,68,2026-10-06T00:33:23Z,1
200873,cheap,1,llama-3.2-1b,wq_wo,2048,2048,2048,1169.38,0.00521164,1,-,1,68,2026-10-06T00:33:35Z,1
200873,cheap,1,llama-3.2-1b,wk_wv,2048,512,2048,282.1,0.00449719,1,-,1,68,2026-10-06T00:33:35Z,1
200873,cheap,1,llama-3.2-1b,w1_w3,2048,8192,2048,4381.75,0.00496754,1,-,1,68,2026-10-06T00:33:35Z,1
200873,cheap,1,llama-3.2-1b,w2,2048,2048,8192,4824.22,0.00411271,1,-,1,68,2026-10-06T00:33:35Z,1
200875,cheap,1,llama-3.2-1b,wq_wo,2048,2048,2048,453.96,0.00636802,1,-,1,69,2026-10-06T00:33:47Z,1
200875,cheap,1,llama-3.2-1b,wk_wv,2048,512,2048,103.636,0.00621432,1,-,1,69,2026-10-06T00:33:47Z,1
200875,cheap,1,llama-3.2-1b,w1_w3,2048,8192,2048,1558.54,0.00847099,1,-,1,69,2026-10-06T00:33:47Z,1
200875,cheap,1,llama-3.2-1b,w2,2048,2048,8192,2050.98,0.0115667,1,-,1,69,2026-10-06T00:33:47Z,1
200877,cheap,1,llama-3.2-1b,wq_wo,2048,2048,2048,653.276,0.0094703,1,-,1,68,2026-10-06T00:34:00Z,1
200877,cheap,1,llama-3.2-1b,wk_wv,2048,512,2048,252.252,0.00808628,1,-,1,68,2026-10-06T00:34:00Z,1
200877,cheap,1,llama-3.2-1b,w1_w3,2048,8192,2048,2251.21,0.0157598,1,-,1,68,2026-10-06T00:34:00Z,1
200877,cheap,1,llama-3.2-1b,w2,2048,2048,8192,2617.63,0.00647608,1,-,1,68,2026-10-06T00:34:00Z,1
200880,cheap,1,llama-3.2-1b,wq_wo,2048,2048,2048,3944.56,0.0175437,1,-,1,68,2026-10-06T00:34:15Z,1
200880,cheap,1,llama-3.2-1b,wk_wv,2048,512,2048,1017.8,0.0455998,1,-,1,68,2026-10-06T00:34:15Z,1
200880,cheap,1,llama-3.2-1b,w1_w3,2048,8192,2048,14199.4,0.0168303,1,-,1,68,2026-10-06T00:34:15Z,1
200880,cheap,1,llama-3.2-1b,w2,2048,2048,8192,15591.3,0.0172074,1,-,1,68,2026-10-06T00:34:15Z,1
200883,cheap,1,llama-3.2-1b,wq_wo,2048,2048,2048,2223.49,0.0347646,1,-,1,68,2026-10-06T00:34:31Z,1
200883,cheap,1,llama-3.2-1b,wk_wv,2048,512,2048,902.72,0.0353299,1,-,1,68,2026-10-06T00:34:31Z,1
200883,cheap,1,llama-3.2-1b,w1_w3,2048,8192,2048,7964.16,0.02554,1,-,1,68,2026-10-06T00:34:31Z,1
200883,cheap,1,llama-3.2-1b,w2,2048,2048,8192,9765.39,0.0345684,1,-,1,68,2026-10-06T00:34:31Z,1
200886,cheap,1,llama-3.2-1b,wq_wo,2048,2048,2048,5399.29,0.00568946,1,-,1,68,2026-10-06T00:34:46Z,1
200886,cheap,1,llama-3.2-1b,wk_wv,2048,512,2048,1186.22,0.0267593,1,-,1,68,2026-10-06T00:34:46Z,1
200886,cheap,1,llama-3.2-1b,w1_w3,2048,8192,2048,18246.5,0.00409287,1,-,1,68,2026-10-06T00:34:46Z,1
200886,cheap,1,llama-3.2-1b,w2,2048,2048,8192,18490.4,0.0073743,1,-,1,68,2026-10-06T00:34:46Z,1
200890,cheap,1,llama-3.2-1b,wq_wo,2048,2048,2048,1044.68,0.00516116,1,-,1,67,2026-10-06T00:35:01Z,1
200890,cheap,1,llama-3.2-1b,wk_wv,2048,512,2048,245.882,0.00684728,1,-,1,67,2026-10-06T00:35:01Z,1
200890,cheap,1,llama-3.2-1b,w1_w3,2048,8192,2048,3688.54,0.00466512,1,-,1,67,2026-10-06T00:35:01Z,1
200890,cheap,1,llama-3.2-1b,w2,2048,2048,8192,4218.45,0.00425824,1,-,1,67,2026-10-06T00:35:01Z,1
200893,cheap,1,llama-3.2-1b,wq_wo,2048,2048,2048,1104.74,0.00832778,1,-,1,68,2026-10-06T00:35:14Z,1
200893,cheap,1,llama-3.2-1b,wk_wv,2048,512,2048,359.424,0.00732113,1,-,1,68,2026-10-06T00:35:14Z,1
200893,cheap,1,llama-3.2-1b,w1_w3,2048,8192,2048,4110.18,0.00577116,1,-,1,68,2026-10-06T00:35:14Z,1
200893,cheap,1,llama-3.2-1b,w2,2048,2048,8192,4699.08,0.0123848,1,-,1,68,2026-10-06T00:35:14Z,1
200895,cheap,1,llama-3.2-1b,wq_wo,2048,2048,2048,513.864,0.00774903,1,-,1,69,2026-10-06T00:35:26Z,1
200895,cheap,1,llama-3.2-1b,wk_wv,2048,512,2048,141.596,0.00804698,1,-,1,69,2026-10-06T00:35:26Z,1
200895,cheap,1,llama-3.2-1b,w1_w3,2048,8192,2048,1859.88,0.00520744,1,-,1,69,2026-10-06T00:35:26Z,1
200895,cheap,1,llama-3.2-1b,w2,2048,2048,8192,2108.03,0.00710974,1,-,1,69,2026-10-06T00:35:26Z,1
200897,cheap,1,llama-3.2-1b,wq_wo,2048,2048,2048,36480,0.0173341,1,-,1,64,2026-10-06T00:36:17Z,1
200897,cheap,1,llama-3.2-1b,wk_wv,2048,512,2048,9330.62,0.0376329,1,-,1,64,2026-10-06T00:36:17Z,1
200897,cheap,1,llama-3.2-1b,w1_w3,2048,8192,2048,141925,0.00382505,1,-,1,64,2026-10-06T00:36:17Z,1
200897,cheap,1,llama-3.2-1b,w2,2048,2048,8192,143837,0.0123169,1,-,1,64,2026-10-06T00:36:17Z,1
200899,cheap,1,llama-3.2-1b,wq_wo,2048,2048,2048,1121.07,0.00440885,1,-,1,68,2026-10-06T00:36:31Z,1
200899,cheap,1,llama-3.2-1b,wk_wv,2048,512,2048,305.5,0.00448375,1,-,1,68,2026-10-06T00:36:31Z,1
200899,cheap,1,llama-3.2-1b,w1_w3,2048,8192,2048,4240.13,0.00201045,1,-,1,68,2026-10-06T00:36:31Z,1
200899,cheap,1,llama-3.2-1b,w2,2048,2048,8192,4442.31,0.00407598,1,-,1,68,2026-10-06T00:36:31Z,1
200901,cheap,1,llama-3.2-1b,wq_wo,2048,2048,2048,14285.5,0.00912465,1,-,1,67,2026-10-06T00:36:45Z,1
200901,cheap,1,llama-3.2-1b,wk_wv,2048,512,2048,4015.02,0.00556427,1,-,1,67,2026-10-06T00:36:45Z,1
200901,cheap,1,llama-3.2-1b,w1_w3,2048,8192,2048,53670.7,0.00393156,1,-,1,67,2026-10-06T00:36:45Z,1
200901,cheap,1,llama-3.2-1b,w2,2048,2048,8192,57009.7,0.00427455,1,-,1,67,2026-10-06T00:36:45Z,1
200905,cheap,1,llama-3.2-1b,wq_wo,2048,2048,2048,390.364,0.00408349,1,-,1,69,2026-10-06T00:36:54Z,1
200905,cheap,1,llama-3.2-1b,wk_wv,2048,512,2048,135.096,0.0063751,1,-,1,69,2026-10-06T00:36:54Z,1
200905,cheap,1,llama-3.2-1b,w1_w3,2048,8192,2048,1387.07,0.0102102,1,-,1,69,2026-10-06T00:36:54Z,1
200905,cheap,1,llama-3.2-1b,w2,2048,2048,8192,1582.62,0.00806036,1,-,1,69,2026-10-06T00:36:54Z,1
200907,cheap,1,llama-3.2-1b,wq_wo,2048,2048,2048,18215.5,0.0326148,1,-,1,66,2026-10-06T00:37:18Z,1
200907,cheap,1,llama-3.2-1b,wk_wv,2048,512,2048,4963.79,0.0720057,1,-,1,66,2026-10-06T00:37:18Z,1
200907,cheap,1,llama-3.2-1b,w1_w3,2048,8192,2048,70084.8,0.0217811,1,-,1,66,2026-10-06T00:37:18Z,1
200907,cheap,1,llama-3.2-1b,w2,2048,2048,8192,75175.9,0.024816,1,-,1,66,2026-10-06T00:37:18Z,1
200909,cheap,1,llama-3.2-1b,wq_wo,2048,2048,2048,383.188,0.0191219,1,-,1,68,2026-10-06T00:37:32Z,1
200909,cheap,1,llama-3.2-1b,wk_wv,2048,512,2048,110.5,0.0148816,1,-,1,68,2026-10-06T00:37:32Z,1
200909,cheap,1,llama-3.2-1b,w1_w3,2048,8192,2048,1401.17,0.0247498,1,-,1,68,2026-10-06T00:37:32Z,1
200909,cheap,1,llama-3.2-1b,w2,2048,2048,8192,1524.22,0.0174034,1,-,1,68,2026-10-06T00:37:32Z,1
200911,cheap,1,llama-3.2-1b,wq_wo,2048,2048,2048,620.932,0.00247556,1,-,1,69,2026-10-06T00:37:46Z,1
200911,cheap,1,llama-3.2-1b,wk_wv,2048,512,2048,190.06,0.00614191,1,-,1,69,2026-10-06T00:37:46Z,1
200911,cheap,1,llama-3.2-1b,w1_w3,2048,8192,2048,2364.02,0.00317878,1,-,1,69,2026-10-06T00:37:46Z,1
200911,cheap,1,llama-3.2-1b,w2,2048,2048,8192,2654.63,0.00441593,1,-,1,69,2026-10-06T00:37:46Z,1
200915,cheap,1,llama-3.2-1b,wq_wo,2048,2048,2048,7051.41,0.0152658,1,-,1,67,2026-10-06T00:38:04Z,1
200915,cheap,1,llama-3.2-1b,wk_wv,2048,512,2048,2578.16,0.0435328,1,-,1,67,2026-10-06T00:38:04Z,1
200915,cheap,1,llama-3.2-1b,w1_w3,2048,8192,2048,26518.9,0.00906847,1,-,1,67,2026-10-06T00:38:04Z,1
200915,cheap,1,llama-3.2-1b,w2,2048,2048,8192,27961.3,0.0159743,1,-,1,67,2026-10-06T00:38:04Z,1
200917,cheap,1,llama-3.2-1b,wq_wo,2048,2048,2048,38719.1,0.00774218,1,-,1,66,2026-10-06T00:38:29Z,1
200917,cheap,1,llama-3.2-1b,wk_wv,2048,512,2048,9726.81,0.0162845,1,-,1,66,2026-10-06T00:38:29Z,1
200917,cheap,1,llama-3.2-1b,w1_w3,2048,8192,2048,151025,0.00667448,1,-,1,66,2026-10-06T00:38:29Z,1
200917,cheap,1,llama-3.2-1b,w2,2048,2048,8192,158022,0.0142317,1,-,1,66,2026-10-06T00:38:29Z,1
200919,cheap,1,llama-3.2-1b,wq_wo,2048,2048,2048,25944.7,0.00941687,1,-,1,66,2026-10-06T00:39:20Z,1
200919,cheap,1,llama-3.2-1b,wk_wv,2048,512,2048,10022.3,0.0829416,1,-,1,66,2026-10-06T00:39:20Z,1
200919,cheap,1,llama-3.2-1b,w1_w3,2048,8192,2048,100554,0.0122371,1,-,1,66,2026-10-06T00:39:20Z,1
200919,cheap,1,llama-3.2-1b,w2,2048,2048,8192,103326,0.0116012,1,-,1,66,2026-10-06T00:39:20Z,1
200925,cheap,1,llama-3.2-1b,wq_wo,2048,2048,2048,1036.62,0.00243648,1,-,1,68,2026-10-06T00:39:35Z,1
200925,cheap,1,llama-3.2-1b,wk_wv,2048,512,2048,247.26,0.00578341,1,-,1,68,2026-10-06T00:39:35Z,1
200925,cheap,1,llama-3.2-1b,w1_w3,2048,8192,2048,3812.43,0.0032734,1,-,1,68,2026-10-06T00:39:35Z,1
200925,cheap,1,llama-3.2-1b,w2,2048,2048,8192,4270.27,0.00249269,1,-,1,68,2026-10-06T00:39:35Z,1
200927,cheap,1,llama-3.2-1b,wq_wo,2048,2048,2048,741.208,0.00732787,1,-,1,69,2026-10-06T00:39:49Z,1
200927,cheap,1,llama-3.2-1b,wk_wv,2048,512,2048,251.004,0.00616062,1,-,1,69,2026-10-06T00:39:49Z,1
200927,cheap,1,llama-3.2-1b,w1_w3,2048,8192,2048,2372.24,0.00488516,1,-,1,69,2026-10-06T00:39:49Z,1
200927,cheap,1,llama-3.2-1b,w2,2048,2048,8192,3088.28,0.0104404,1,-,1,69,2026-10-06T00:39:49Z,1
200929,cheap,1,llama-3.2-1b,wq_wo,2048,2048,2048,8580.57,0.0420718,1,-,1,67,2026-10-06T00:40:03Z,1
200929,cheap,1,llama-3.2-1b,wk_wv,2048,512,2048,2174.28,0.0409071,1,-,1,67,2026-10-06T00:40:03Z,1
200929,cheap,1,llama-3.2-1b,w1_w3,2048,8192,2048,32550.2,0.0226925,1,-,1,67,2026-10-06T00:40:03Z,1
200929,cheap,1,llama-3.2-1b,w2,2048,2048,8192,35024.7,0.0368511,1,-,1,67,2026-10-06T00:40:03Z,1
200931,cheap,1,llama-3.2-1b,wq_wo,2048,2048,2048,311.168,0.0719058,1,-,1,69,2026-10-06T00:40:18Z,1
200931,cheap,1,llama-3.2-1b,wk_wv,2048,512,2048,89.076,0.0145571,1,-,1,69,2026-10-06T00:40:18Z,1
200931,cheap,1,llama-3.2-1b,w1_w3,2048,8192,2048,1239.11,0.013756,1,-,1,69,2026-10-06T00:40:18Z,1
200931,cheap,1,llama-3.2-1b,w2,2048,2048,8192,1343.26,0.086189,1,-,1,69,2026-10-06T00:40:18Z,1
200934,cheap,1,llama-3.2-1b,wq_wo,2048,2048,2048,11898.2,0.00591675,1,-,1,68,2026-10-06T00:40:33Z,1
200934,cheap,1,llama-3.2-1b,wk_wv,2048,512,2048,2972.37,0.0107362,1,-,1,68,2026-10-06T00:40:33Z,1
200934,cheap,1,llama-3.2-1b,w1_w3,2048,8192,2048,46171.8,0.00248591,1,-,1,68,2026-10-06T00:40:33Z,1
200934,cheap,1,llama-3.2-1b,w2,2048,2048,8192,48227.1,0.005005,1,-,1,68,2026-10-06T00:40:33Z,1
200938,cheap,1,llama-3.2-1b,wq_wo,2048,2048,2048,6985.68,0.0150981,1,-,1,68,2026-10-06T00:40:48Z,1
200938,cheap,1,llama-3.2-1b,wk_wv,2048,512,2048,1766.18,0.0351188,1,-,1,68,2026-10-06T00:40:48Z,1
200938,cheap,1,llama-3.2-1b,w1_w3,2048,8192,2048,27408.7,0.00930926,1,-,1,68,2026-10-06T00:40:48Z,1
200938,cheap,1,llama-3.2-1b,w2,2048,2048,8192,27984.6,0.0129415,1,-,1,68,2026-10-06T00:40:48Z,1
200942,cheap,1,llama-3.2-1b,wq_wo,2048,2048,2048,2894.42,0.0291429,1,-,1,68,2026-10-06T00:41:03Z,1
200942,cheap,1,llama-3.2-1b,wk_wv,2048,512,2048,747.76,0.0388626,1,-,1,68,2026-10-06T00:41:03Z,1
200942,cheap,1,llama-3.2-1b,w1_w3,2048,8192,2048,10945.6,0.0181707,1,-,1,68,2026-10-06T00:41:03Z,1
200942,cheap,1,llama-3.2-1b,w2,2048,2048,8192,11759.1,0.032199,1,-,1,68,2026-10-06T00:41:03Z,1
200946,cheap,1,llama-3.2-1b,wq_wo,2048,2048,2048,24634.7,0.0167862,1,-,1,66,2026-10-06T00:41:52Z,1
200946,cheap,1,llama-3.2-1b,wk_wv,2048,512,2048,6215.51,0.0236114,1,-,1,66,2026-10-06T00:41:52Z,1
200946,cheap,1,llama-3.2-1b,w1_w3,2048,8192,2048,96770.3,0.0113934,1,-,1,66,2026-10-06T00:41:52Z,1
200946,cheap,1,llama-3.2-1b,w2,2048,2048,8192,95897.4,0.009779,1,-,1,66,2026-10-06T00:41:52Z,1
200950,cheap,1,llama-3.2-1b,wq_wo,2048,2048,2048,4735.54,0.0331677,1,-,1,67,2026-10-06T00:42:11Z,1
200950,cheap,1,llama-3.2-1b,wk_wv,2048,512,2048,2919.18,0.0059443,1,-,1,67,2026-10-06T00:42:11Z,1
200950,cheap,1,llama-3.2-1b,w1_w3,2048,8192,2048,18953,0.0193735,1,-,1,67,2026-10-06T00:42:11Z,1
200950,cheap,1,llama-3.2-1b,w2,2048,2048,8192,19043,0.0246644,1,-,1,67,2026-10-06T00:42:11Z,1
200952,cheap,1,llama-3.2-1b,wq_wo,2048,2048,2048,945.308,0.00928355,1,-,1,68,2026-10-06T00:42:23Z,1
200952,cheap,1,llama-3.2-1b,wk_wv,2048,512,2048,253.344,0.00423131,1,-,1,68,2026-10-06T00:42:23Z,1
200952,cheap,1,llama-3.2-1b,w1_w3,2048,8192,2048,3647.41,0.00710428,1,-,1,68,2026-10-06T00:42:23Z,1
200952,cheap,1,llama-3.2-1b,w2,2048,2048,8192,3874.16,0.0103479,1,-,1,68,2026-10-06T00:42:23Z,1
200955,cheap,1,llama-3.2-1b,wq_wo,2048,2048,2048,8264.44,0.0192876,1,-,1,68,2026-10-06T00:42:38Z,1
200955,cheap,1,llama-3.2-1b,wk_wv,2048,512,2048,2219.75,0.0436903,1,-,1,68,2026-10-06T00:42:38Z,1
200955,cheap,1,llama-3.2-1b,w1_w3,2048,8192,2048,31359.6,0.00765738,1,-,1,68,2026-10-06T00:42:38Z,1
200955,cheap,1,llama-3.2-1b,w2,2048,2048,8192,33584.3,0.0164681,1,-,1,68,2026-10-06T00:42:38Z,1
200958,cheap,1,llama-3.2-1b,wq_wo,2048,2048,2048,267.384,0.0534476,1,-,1,69,2026-10-06T00:42:49Z,1
200958,cheap,1,llama-3.2-1b,wk_wv,2048,512,2048,73.112,0.0106068,1,-,1,69,2026-10-06T00:42:49Z,1
200958,cheap,1,llama-3.2-1b,w1_w3,2048,8192,2048,1065.17,0.0174272,1,-,1,69,2026-10-06T00:42:49Z,1
200958,cheap,1,llama-3.2-1b,w2,2048,2048,8192,1108.74,0.0658825,1,-,1,69,2026-10-06T00:42:49Z,1
200962,cheap,1,llama-3.2-1b,wq_wo,2048,2048,2048,6729.48,0.030094,1,-,1,68,2026-10-06T00:43:03Z,1
200962,cheap,1,llama-3.2-1b,wk_wv,2048,512,2048,1754.48,0.0378822,1,-,1,68,2026-10-06T00:43:03Z,1
200962,cheap,1,llama-3.2-1b,w1_w3,2048,8192,2048,25935,0.0287167,1,-,1,68,2026-10-06T00:43:03Z,1
200962,cheap,1,llama-3.2-1b,w2,2048,2048,8192,27338.3,0.0364173,1,-,1,68,2026-10-06T00:43:03Z,1
200965,cheap,1,llama-3.2-1b,wq_wo,2048,2048,2048,27351.4,0.00190421,1,-,1,66,2026-10-06T00:43:25Z,1
200965,cheap,1,llama-3.2-1b,wk_wv,2048,512,2048,7040.07,0.00312038,1,-,1,66,2026-10-06T00:43:25Z,1
200965,cheap,1,llama-3.2-1b,w1_w3,2048,8192,2048,105167,0.000855386,1,-,1,66,2026-10-06T00:43:25Z,1
200965,cheap,1,llama-3.2-1b,w2,2048,2048,8192,107899,0.00540113,1,-,1,66,2026-10-06T00:43:25Z,1
200967,cheap,1,llama-3.2-1b,wq_wo,2048,2048,2048,7456.8,0.0119853,1,-,1,68,2026-10-06T00:43:36Z,1
200967,cheap,1,llama-3.2-1b,wk_wv,2048,512,2048,1896.34,0.011792,1,-,1,68,2026-10-06T00:43:36Z,1
200967,cheap,1,llama-3.2-1b,w1_w3,2048,8192,2048,29280.8,0.0111671,1,-,1,68,2026-10-06T00:43:36Z,1
200967,cheap,1,llama-3.2-1b,w2,2048,2048,8192,30062.3,0.00896363,1,-,1,68,2026-10-06T00:43:36Z,1
200969,cheap,1,llama-3.2-1b,wq_wo,2048,2048,2048,5472.56,0.0162732,1,-,1,67,2026-10-06T00:43:47Z,1
200969,cheap,1,llama-3.2-1b,wk_wv,2048,512,2048,2176.07,0.0463496,1,-,1,67,2026-10-06T00:43:47Z,1
200969,cheap,1,llama-3.2-1b,w1_w3,2048,8192,2048,21840.1,0.0115292,1,-,1,67,2026-10-06T00:43:47Z,1
200969,cheap,1,llama-3.2-1b,w2,2048,2048,8192,21624.8,0.0163698,1,-,1,67,2026-10-06T00:43:47Z,1
200971,cheap,1,llama-3.2-1b,wq_wo,2048,2048,2048,6902.95,0.0103995,1,-,1,68,2026-10-06T00:43:57Z,1
200971,cheap,1,llama-3.2-1b,wk_wv,2048,512,2048,1755.26,0.0111854,1,-,1,68,2026-10-06T00:43:57Z,1
200971,cheap,1,llama-3.2-1b,w1_w3,2048,8192,2048,27316.5,0.00876786,1,-,1,68,2026-10-06T00:43:57Z,1
200971,cheap,1,llama-3.2-1b,w2,2048,2048,8192,27872,0.0112344,1,-,1,68,2026-10-06T00:43:57Z,1
base,cheap,b8,llama-3.2-1b,wq_wo,2048,2048,2048,184.08,0.0126631,1,-,1,69,2026-10-06T00:44:05Z,1
base,cheap,b8,llama-3.2-1b,wk_wv,2048,512,2048,52.78,0.00862165,1,-,1,69,2026-10-06T00:44:05Z,1
base,cheap,b8,llama-3.2-1b,w1_w3,2048,8192,2048,741.468,0.0174014,1,-,1,69,2026-10-06T00:44:05Z,1
base,cheap,b8,llama-3.2-1b,w2,2048,2048,8192,824.876,0.0152056,1,-,1,69,2026-10-06T00:44:05Z,1
200974,cheap,1,llama-3.2-1b,wq_wo,2048,2048,2048,2217.64,0.0158804,1,-,1,69,2026-10-06T00:44:14Z,1
200974,cheap,1,llama-3.2-1b,wk_wv,2048,512,2048,731.38,0.0240855,1,-,1,69,2026-10-06T00:44:14Z,1
200974,cheap,1,llama-3.2-1b,w1_w3,2048,8192,2048,9424.43,0.0106766,1,-,1,69,2026-10-06T00:44:14Z,1
200974,cheap,1,llama-3.2-1b,w2,2048,2048,8192,8741.04,0.0220184,1,-,1,69,2026-10-06T00:44:14Z,1
200977,cheap,1,llama-3.2-1b,wq_wo,2048,2048,2048,8219.02,0.00293941,1,-,1,68,2026-10-06T00:44:22Z,1
200977,cheap,1,llama-3.2-1b,wk_wv,2048,512,2048,1913.03,0.0150667,1,-,1,68,2026-10-06T00:44:22Z,1
200977,cheap,1,llama-3.2-1b,w1_w3,2048,8192,2048,30010.7,0.00439409,1,-,1,68,2026-10-06T00:44:22Z,1
200977,cheap,1,llama-3.2-1b,w2,2048,2048,8192,35335.7,0.00231858,1,-,1,68,2026-10-06T00:44:22Z,1
200980,cheap,1,llama-3.2-1b,wq_wo,2048,2048,2048,450.84,0.00633444,1,-,1,69,2026-10-06T00:44:30Z,1
200980,cheap,1,llama-3.2-1b,wk_wv,2048,512,2048,139.984,0.01159,1,-,1,69,2026-10-06T00:44:30Z,1
200980,cheap,1,llama-3.2-1b,w1_w3,2048,8192,2048,1644.94,0.0040359,1,-,1,69,2026-10-06T00:44:30Z,1
200980,cheap,1,llama-3.2-1b,w2,2048,2048,8192,1814.85,0.0102598,1,-,1,69,2026-10-06T00:44:30Z,1
200983,cheap,1,llama-3.2-1b,wq_wo,2048,2048,2048,16003.5,0.0355364,1,-,1,67,2026-10-06T00:44:41Z,1
200983,cheap,1,llama-3.2-1b,wk_wv,2048,512,2048,3928.44,0.0498193,1,-,1,67,2026-10-06T00:44:41Z,1
200983,cheap,1,llama-3.2-1b,w1_w3,2048,8192,2048,63173.2,0.00164774,1,-,1,67,2026-10-06T00:44:41Z,1
200983,cheap,1,llama-3.2-1b,w2,2048,2048,8192,62681.7,0.00225477,1,-,1,67,2026-10-06T00:44:41Z,1
200985,cheap,1,llama-3.2-1b,wq_wo,2048,2048,2048,1392.46,0.00553968,1,-,1,68,2026-10-06T00:44:49Z,1
200985,cheap,1,llama-3.2-1b,wk_wv,2048,512,2048,346.658,0.0128094,1,-,1,68,2026-10-06T00:44:49Z,1
200985,cheap,1,llama-3.2-1b,w1_w3,2048,8192,2048,5223.97,0.00427677,1,-,1,68,2026-10-06T00:44:49Z,1
200985,cheap,1,llama-3.2-1b,w2,2048,2048,8192,5473.57,0.0101807,1,-,1,68,2026-10-06T00:44:49Z,1
200987,cheap,1,llama-3.2-1b,wq_wo,2048,2048,2048,2555.12,0.0498934,1,-,1,68,2026-10-06T00:44:59Z,1
200987,cheap,1,llama-3.2-1b,wk_wv,2048,512,2048,1422.88,0.00688828,1,-,1,68,2026-10-06T00:44:59Z,1
200987,cheap,1,llama-3.2-1b,w1_w3,2048,8192,2048,9824.13,0.0302457,1,-,1,68,2026-10-06T00:44:59Z,1
200987,cheap,1,llama-3.2-1b,w2,2048,2048,8192,10452.4,0.0473441,1,-,1,68,2026-10-06T00:44:59Z,1
200991,cheap,1,llama-3.2-1b,wq_wo,2048,2048,2048,6247.67,0.0208115,1,-,1,68,2026-10-06T00:45:11Z,1
200991,cheap,1,llama-3.2-1b,wk_wv,2048,512,2048,2317.9,0.0405561,1,-,1,68,2026-10-06T00:45:11Z,1
200991,cheap,1,llama-3.2-1b,w1_w3,2048,8192,2048,24289.6,0.0121662,1,-,1,68,2026-10-06T00:45:11Z,1
200991,cheap,1,llama-3.2-1b,w2,2048,2048,8192,24512.9,0.0229927,1,-,1,68,2026-10-06T00:45:11Z,1
200993,cheap,1,llama-3.2-1b,wq_wo,2048,2048,2048,25563.3,0.00947914,1,-,1,67,2026-10-06T00:45:32Z,1
200993,cheap,1,llama-3.2-1b,wk_wv,2048,512,2048,7174.6,0.0147082,1,-,1,67,2026-10-06T00:45:32Z,1
200993,cheap,1,llama-3.2-1b,w1_w3,2048,8192,2048,98137.6,0.00402155,1,-,1,67,2026-10-06T00:45:32Z,1
200993,cheap,1,llama-3.2-1b,w2,2048,2048,8192,105017,0.00885853,1,-,1,67,2026-10-06T00:45:32Z,1
200996,cheap,1,llama-3.2-1b,wq_wo,2048,2048,2048,316.368,0.0236056,1,-,1,69,2026-10-06T00:45:40Z,1
200996,cheap,1,llama-3.2-1b,wk_wv,2048,512,2048,87.672,0.0105553,1,-,1,69,2026-10-06T00:45:40Z,1
200996,cheap,1,llama-3.2-1b,w1_w3,2048,8192,2048,1260.69,0.0255349,1,-,1,69,2026-10-06T00:45:40Z,1
200996,cheap,1,llama-3.2-1b,w2,2048,2048,8192,1441.54,0.0162896,1,-,1,69,2026-10-06T00:45:40Z,1
200998,cheap,1,llama-3.2-1b,wq_wo,2048,2048,2048,2194.87,0.0167069,1,-,1,68,2026-10-06T00:45:49Z,1
200998,cheap,1,llama-3.2-1b,wk_wv,2048,512,2048,986.492,0.00619436,1,-,1,68,2026-10-06T00:45:49Z,1
200998,cheap,1,llama-3.2-1b,w1_w3,2048,8192,2048,7746.8,0.0179586,1,-,1,68,2026-10-06T00:45:49Z,1
200998,cheap,1,llama-3.2-1b,w2,2048,2048,8192,8749.57,0.012143,1,-,1,68,2026-10-06T00:45:49Z,1
201000,cheap,1,llama-3.2-1b,wq_wo,2048,2048,2048,8533.93,0.0140806,1,-,1,68,2026-10-06T00:45:57Z,1
201000,cheap,1,llama-3.2-1b,wk_wv,2048,512,2048,2301.83,0.0159253,1,-,1,68,2026-10-06T00:45:57Z,1
201000,cheap,1,llama-3.2-1b,w1_w3,2048,8192,2048,31756.2,0.00728866,1,-,1,68,2026-10-06T00:45:57Z,1
201000,cheap,1,llama-3.2-1b,w2,2048,2048,8192,35514.9,0.00725577,1,-,1,68,2026-10-06T00:45:57Z,1
201002,cheap,1,llama-3.2-1b,wq_wo,2048,2048,2048,21955.4,0.0207163,1,-,1,67,2026-10-06T00:46:10Z,1
201002,cheap,1,llama-3.2-1b,wk_wv,2048,512,2048,5825.72,0.0335735,1,-,1,67,2026-10-06T00:46:10Z,1
201002,cheap,1,llama-3.2-1b,w1_w3,2048,8192,2048,85443.4,0.0144842,1,-,1,67,2026-10-06T00:46:10Z,1
201002,cheap,1,llama-3.2-1b,w2,2048,2048,8192,87350.6,0.0189582,1,-,1,67,2026-10-06T00:46:10Z,1
201006,cheap,1,llama-3.2-1b,wq_wo,2048,2048,2048,3632.93,0.0172974,1,-,1,68,2026-10-06T00:46:20Z,1
201006,cheap,1,llama-3.2-1b,wk_wv,2048,512,2048,1210.56,0.0408143,1,-,1,68,2026-10-06T00:46:20Z,1
201006,cheap,1,llama-3.2-1b,w1_w3,2048,8192,2048,15086.3,0.0193229,1,-,1,68,2026-10-06T00:46:20Z,1
201006,cheap,1,llama-3.2-1b,w2,2048,2048,8192,14934,0.0199557,1,-,1,68,2026-10-06T00:46:20Z,1
201009,cheap,1,llama-3.2-1b,wq_wo,2048,2048,2048,10863,0.0341388,1,-,1,66,2026-10-06T00:46:36Z,1
201009,cheap,1,llama-3.2-1b,wk_wv,2048,512,2048,2851.06,0.0628721,1,-,1,66,2026-10-06T00:46:36Z,1
201009,cheap,1,llama-3.2-1b,w1_w3,2048,8192,2048,40940.6,0.0280945,1,-,1,66,2026-10-06T00:46:36Z,1
201009,cheap,1,llama-3.2-1b,w2,2048,2048,8192,43784.1,0.0177931,1,-,1,66,2026-10-06T00:46:36Z,1
201012,cheap,1,llama-3.2-1b,wq_wo,2048,2048,2048,17091.2,0.0131488,1,-,1,66,2026-10-06T00:46:53Z,1
201012,cheap,1,llama-3.2-1b,wk_wv,2048,512,2048,4563.62,0.019485,1,-,1,66,2026-10-06T00:46:53Z,1
201012,cheap,1,llama-3.2-1b,w1_w3,2048,8192,2048,65259.7,0.00535674,1,-,1,66,2026-10-06T00:46:53Z,1
201012,cheap,1,llama-3.2-1b,w2,2048,2048,8192,68693,0.00446625,1,-,1,66,2026-10-06T00:46:53Z,1
201015,cheap,1,llama-3.2-1b,wq_wo,2048,2048,2048,5155.15,0.0216564,1,-,1,67,2026-10-06T00:47:09Z,1
201015,cheap,1,llama-3.2-1b,wk_wv,2048,512,2048,1968.9,0.0468328,1,-,1,67,2026-10-06T00:47:09Z,1
201015,cheap,1,llama-3.2-1b,w1_w3,2048,8192,2048,19178,0.0103934,1,-,1,67,2026-10-06T00:47:09Z,1
201015,cheap,1,llama-3.2-1b,w2,2048,2048,8192,20128.6,0.0146278,1,-,1,67,2026-10-06T00:47:09Z,1
201021,cheap,1,llama-3.2-1b,wq_wo,2048,2048,2048,9936.5,0.0279854,1,-,1,65,2026-10-06T00:47:31Z,1
201021,cheap,1,llama-3.2-1b,wk_wv,2048,512,2048,3799.93,0.0270122,1,-,1,65,2026-10-06T00:47:31Z,1
201021,cheap,1,llama-3.2-1b,w1_w3,2048,8192,2048,34691,0.015789,1,-,1,65,2026-10-06T00:47:31Z,1
201021,cheap,1,llama-3.2-1b,w2,2048,2048,8192,40029.2,0.0205295,1,-,1,65,2026-10-06T00:47:31Z,1
201028,cheap,1,llama-3.2-1b,wq_wo,2048,2048,2048,845.052,0.00730741,1,-,1,67,2026-10-06T00:47:47Z,1
201028,cheap,1,llama-3.2-1b,wk_wv,2048,512,2048,208.91,0.0105732,1,-,1,67,2026-10-06T00:47:47Z,1
201028,cheap,1,llama-3.2-1b,w1_w3,2048,8192,2048,2828.59,0.00346128,1,-,1,67,2026-10-06T00:47:47Z,1
201028,cheap,1,llama-3.2-1b,w2,2048,2048,8192,3256.76,0.0047305,1,-,1,67,2026-10-06T00:47:47Z,1
201032,cheap,1,llama-3.2-1b,wq_wo,2048,2048,2048,1017.69,0.00594985,1,-,1,68,2026-10-06T00:47:59Z,1
201032,cheap,1,llama-3.2-1b,wk_wv,2048,512,2048,318.708,0.00726058,1,-,1,68,2026-10-06T00:47:59Z,1
201032,cheap,1,llama-3.2-1b,w1_w3,2048,8192,2048,3859.02,0.00694704,1,-,1,68,2026-10-06T00:47:59Z,1
201032,cheap,1,llama-3.2-1b,w2,2048,2048,8192,4178.41,0.0055245,1,-,1,68,2026-10-06T00:47:59Z,1
201035,cheap,1,llama-3.2-1b,wq_wo,2048,2048,2048,491.088,0.0147595,1,-,1,68,2026-10-06T00:48:14Z,1
201035,cheap,1,llama-3.2-1b,wk_wv,2048,512,2048,269.62,0.00696048,1,-,1,68,2026-10-06T00:48:14Z,1
201035,cheap,1,llama-3.2-1b,w1_w3,2048,8192,2048,2118.32,0.00992003,1,-,1,68,2026-10-06T00:48:14Z,1
201035,cheap,1,llama-3.2-1b,w2,2048,2048,8192,1973.87,0.0114044,1,-,1,68,2026-10-06T00:48:14Z,1
201037,cheap,1,llama-3.2-1b,wq_wo,2048,2048,2048,10481.8,0.0485988,1,-,1,67,2026-10-06T00:48:30Z,1
201037,cheap,1,llama-3.2-1b,wk_wv,2048,512,2048,2646.38,0.0573499,1,-,1,67,2026-10-06T00:48:30Z,1
201037,cheap,1,llama-3.2-1b,w1_w3,2048,8192,2048,42005.1,0.00584192,1,-,1,67,2026-10-06T00:48:30Z,1
201037,cheap,1,llama-3.2-1b,w2,2048,2048,8192,41586.2,0.00975261,1,-,1,67,2026-10-06T00:48:30Z,1
201040,cheap,1,llama-3.2-1b,wq_wo,2048,2048,2048,403.52,0.00269534,1,-,1,69,2026-10-06T00:48:42Z,1
201040,cheap,1,llama-3.2-1b,wk_wv,2048,512,2048,136.864,0.00622579,1,-,1,69,2026-10-06T00:48:42Z,1
201040,cheap,1,llama-3.2-1b,w1_w3,2048,8192,2048,1470.77,0.00385313,1,-,1,69,2026-10-06T00:48:42Z,1
201040,cheap,1,llama-3.2-1b,w2,2048,2048,8192,1572.79,0.00504827,1,-,1,69,2026-10-06T00:48:42Z,1
201042,cheap,1,llama-3.2-1b,wq_wo,2048,2048,2048,8518.17,0.0066897,1,-,1,67,2026-10-06T00:48:58Z,1
201042,cheap,1,llama-3.2-1b,wk_wv,2048,512,2048,2618.72,0.0395252,1,-,1,67,2026-10-06T00:48:58Z,1
201042,cheap,1,llama-3.2-1b,w1_w3,2048,8192,2048,33454.6,0.0161117,1,-,1,67,2026-10-06T00:48:58Z,1
201042,cheap,1,llama-3.2-1b,w2,2048,2048,8192,32841.8,0.00762902,1,-,1,67,2026-10-06T00:48:58Z,1
201044,cheap,1,llama-3.2-1b,wq_wo,2048,2048,2048,3205.59,0.0418709,1,-,1,68,2026-10-06T00:49:12Z,1
201044,cheap,1,llama-3.2-1b,wk_wv,2048,512,2048,833.846,0.0456026,1,-,1,68,2026-10-06T00:49:12Z,1
201044,cheap,1,llama-3.2-1b,w1_w3,2048,8192,2048,11861.3,0.0256025,1,-,1,68,2026-10-06T00:49:12Z,1
201044,cheap,1,llama-3.2-1b,w2,2048,2048,8192,12771.9,0.0473877,1,-,1,68,2026-10-06T00:49:12Z,1
201046,cheap,1,llama-3.2-1b,wq_wo,2048,2048,2048,420.992,0.00167863,1,-,1,67,2026-10-06T00:49:25Z,1
201046,cheap,1,llama-3.2-1b,wk_wv,2048,512,2048,110.24,0.00389132,1,-,1,67,2026-10-06T00:49:25Z,1
201046,cheap,1,llama-3.2-1b,w1_w3,2048,8192,2048,1814.62,0.00258685,1,-,1,67,2026-10-06T00:49:25Z,1
201046,cheap,1,llama-3.2-1b,w2,2048,2048,8192,1916.98,0.00599835,1,-,1,67,2026-10-06T00:49:25Z,1
201049,cheap,1,llama-3.2-1b,wq_wo,2048,2048,2048,7742.67,0.00543548,1,-,1,68,2026-10-06T00:49:37Z,1
201049,cheap,1,llama-3.2-1b,wk_wv,2048,512,2048,2006.26,0.0091041,1,-,1,68,2026-10-06T00:49:37Z,1
201049,cheap,1,llama-3.2-1b,w1_w3,2048,8192,2048,29894.3,0.00208334,1,-,1,68,2026-10-06T00:49:37Z,1
201049,cheap,1,llama-3.2-1b,w2,2048,2048,8192,32411,0.00236922,1,-,1,68,2026-10-06T00:49:37Z,1
201051,cheap,1,llama-3.2-1b,wq_wo,2048,2048,2048,7008.95,0.0167453,1,-,1,68,2026-10-06T00:49:50Z,1
201051,cheap,1,llama-3.2-1b,wk_wv,2048,512,2048,1982.66,0.0273691,1,-,1,68,2026-10-06T00:49:50Z,1
201051,cheap,1,llama-3.2-1b,w1_w3,2048,8192,2048,26380.6,0.00941953,1,-,1,68,2026-10-06T00:49:50Z,1
201051,cheap,1,llama-3.2-1b,w2,2048,2048,8192,28784.1,0.0101616,1,-,1,68,2026-10-06T00:49:50Z,1
201053,cheap,1,llama-3.2-1b,wq_wo,2048,2048,2048,4896.19,0.0378468,1,-,1,68,2026-10-06T00:50:00Z,1
201053,cheap,1,llama-3.2-1b,wk_wv,2048,512,2048,1253.1,0.0427846,1,-,1,68,2026-10-06T00:50:00Z,1
201053,cheap,1,llama-3.2-1b,w1_w3,2048,8192,2048,18788.9,0.0318739,1,-,1,68,2026-10-06T00:50:00Z,1
201053,cheap,1,llama-3.2-1b,w2,2048,2048,8192,19355.3,0.0347072,1,-,1,68,2026-10-06T00:50:00Z,1
201057,cheap,1,llama-3.2-1b,wq_wo,2048,2048,2048,538.928,0.0126125,1,-,1,69,2026-10-06T00:50:09Z,1
201057,cheap,1,llama-3.2-1b,wk_wv,2048,512,2048,151.424,0.00898634,1,-,1,69,2026-10-06T00:50:09Z,1
201057,cheap,1,llama-3.2-1b,w1_w3,2048,8192,2048,1979.93,0.0100175,1,-,1,69,2026-10-06T00:50:09Z,1
201057,cheap,1,llama-3.2-1b,w2,2048,2048,8192,2217.25,0.0197702,1,-,1,69,2026-10-06T00:50:09Z,1
201059,cheap,1,llama-3.2-1b,wq_wo,2048,2048,2048,12987.1,0.0305157,1,-,1,67,2026-10-06T00:50:20Z,1
201059,cheap,1,llama-3.2-1b,wk_wv,2048,512,2048,3418.32,0.046778,1,-,1,67,2026-10-06T00:50:20Z,1
201059,cheap,1,llama-3.2-1b,w1_w3,2048,8192,2048,49784.1,0.0137287,1,-,1,67,2026-10-06T00:50:20Z,1
201059,cheap,1,llama-3.2-1b,w2,2048,2048,8192,52314.3,0.018946,1,-,1,67,2026-10-06T00:50:20Z,1
201062,cheap,1,llama-3.2-1b,wq_wo,2048,2048,2048,1504.05,0.00534758,1,-,1,69,2026-10-06T00:50:32Z,1
201062,cheap,1,llama-3.2-1b,wk_wv,2048,512,2048,336.336,0.021407,1,-,1,69,2026-10-06T00:50:32Z,1
201062,cheap,1,llama-3.2-1b,w1_w3,2048,8192,2048,5371.39,0.0128186,1,-,1,69,2026-10-06T00:50:32Z,1
201062,cheap,1,llama-3.2-1b,w2,2048,2048,8192,5768.15,0.0069813,1,-,1,69,2026-10-06T00:50:32Z,1
201066,cheap,1,llama-3.2-1b,wq_wo,2048,2048,2048,20822.1,0.0148899,1,-,1,65,2026-10-06T00:52:05Z,1
201066,cheap,1,llama-3.2-1b,wk_wv,2048,512,2048,8667.62,0.0687535,1,-,1,65,2026-10-06T00:52:05Z,1
201066,cheap,1,llama-3.2-1b,w1_w3,2048,8192,2048,71318.2,0.00511784,1,-,1,65,2026-10-06T00:52:05Z,1
201066,cheap,1,llama-3.2-1b,w2,2048,2048,8192,82405.4,0.0217209,1,-,1,65,2026-10-06T00:52:05Z,1
201070,cheap,1,llama-3.2-1b,wq_wo,2048,2048,2048,4627.27,0.0162111,1,-,1,66,2026-10-06T00:52:14Z,1
201070,cheap,1,llama-3.2-1b,wk_wv,2048,512,2048,951.418,0.0339742,1,-,1,66,2026-10-06T00:52:14Z,1
201070,cheap,1,llama-3.2-1b,w1_w3,2048,8192,2048,18710.4,0.00702811,1,-,1,66,2026-10-06T00:52:14Z,1
201070,cheap,1,llama-3.2-1b,w2,2048,2048,8192,18605.5,0.00881282,1,-,1,66,2026-10-06T00:52:14Z,1
201073,cheap,1,llama-3.2-1b,wq_wo,2048,2048,2048,493.948,0.0057782,1,-,1,68,2026-10-06T00:52:22Z,1
201073,cheap,1,llama-3.2-1b,wk_wv,2048,512,2048,148.668,0.027287,1,-,1,68,2026-10-06T00:52:22Z,1
201073,cheap,1,llama-3.2-1b,w1_w3,2048,8192,2048,1862.2,0.0029597,1,-,1,68,2026-10-06T00:52:22Z,1
201073,cheap,1,llama-3.2-1b,w2,2048,2048,8192,1991.29,0.00514579,1,-,1,68,2026-10-06T00:52:22Z,1
201078,cheap,1,llama-3.2-1b,wq_wo,2048,2048,2048,3161.65,0.0158517,1,-,1,67,2026-10-06T00:52:30Z,1
201078,cheap,1,llama-3.2-1b,wk_wv,2048,512,2048,770.614,0.013872,1,-,1,67,2026-10-06T00:52:30Z,1
201078,cheap,1,llama-3.2-1b,w1_w3,2048,8192,2048,12727.5,0.0114019,1,-,1,67,2026-10-06T00:52:30Z,1
201078,cheap,1,llama-3.2-1b,w2,2048,2048,8192,12230.4,0.0131945,1,-,1,67,2026-10-06T00:52:30Z,1
201080,cheap,1,llama-3.2-1b,wq_wo,2048,2048,2048,407.576,0.00340815,1,-,1,69,2026-10-06T00:52:38Z,1
201080,cheap,1,llama-3.2-1b,wk_wv,2048,512,2048,104.312,0.0159323,1,-,1,69,2026-10-06T00:52:38Z,1
201080,cheap,1,llama-3.2-1b,w1_w3,2048,8192,2048,1830.87,0.00480441,1,-,1,69,2026-10-06T00:52:38Z,1
201080,cheap,1,llama-3.2-1b,w2,2048,2048,8192,1807.57,0.00635414,1,-,1,69,2026-10-06T00:52:38Z,1
201082,cheap,1,llama-3.2-1b,wq_wo,2048,2048,2048,17844.3,0.0186858,1,-,1,67,2026-10-06T00:52:50Z,1
201082,cheap,1,llama-3.2-1b,wk_wv,2048,512,2048,4598.65,0.0283449,1,-,1,67,2026-10-06T00:52:50Z,1
201082,cheap,1,llama-3.2-1b,w1_w3,2048,8192,2048,68769.2,0.00722373,1,-,1,67,2026-10-06T00:52:50Z,1
201082,cheap,1,llama-3.2-1b,w2,2048,2048,8192,71771.5,0.0103087,1,-,1,67,2026-10-06T00:52:50Z,1
201084,cheap,1,llama-3.2-1b,wq_wo,2048,2048,2048,437.008,0.0097645,1,-,1,69,2026-10-06T00:52:57Z,1
201084,cheap,1,llama-3.2-1b,wk_wv,2048,512,2048,96.824,0.0110991,1,-,1,69,2026-10-06T00:52:57Z,1
201084,cheap,1,llama-3.2-1b,w1_w3,2048,8192,2048,1498.69,0.00784303,1,-,1,69,2026-10-06T00:52:57Z,1
201084,cheap,1,llama-3.2-1b,w2,2048,2048,8192,1724.06,0.0141191,1,-,1,69,2026-10-06T00:52:57Z,1
201086,cheap,1,llama-3.2-1b,wq_wo,2048,2048,2048,4549.58,0.00291161,1,-,1,68,2026-10-06T00:53:06Z,1
201086,cheap,1,llama-3.2-1b,wk_wv,2048,512,2048,1161.99,0.00565067,1,-,1,68,2026-10-06T00:53:06Z,1
201086,cheap,1,llama-3.2-1b,w1_w3,2048,8192,2048,18182.8,0.0025718,1,-,1,68,2026-10-06T00:53:06Z,1
201086,cheap,1,llama-3.2-1b,w2,2048,2048,8192,20460.4,0.00162261,1,-,1,68,2026-10-06T00:53:06Z,1
201088,cheap,1,llama-3.2-1b,wq_wo,2048,2048,2048,5800.81,0.0154274,1,-,1,68,2026-10-06T00:53:16Z,1
201088,cheap,1,llama-3.2-1b,wk_wv,2048,512,2048,1478.1,0.013692,1,-,1,68,2026-10-06T00:53:16Z,1
201088,cheap,1,llama-3.2-1b,w1_w3,2048,8192,2048,22967.2,0.011541,1,-,1,68,2026-10-06T00:53:16Z,1
201088,cheap,1,llama-3.2-1b,w2,2048,2048,8192,23564.7,0.0116818,1,-,1,68,2026-10-06T00:53:16Z,1
201091,cheap,1,llama-3.2-1b,wq_wo,2048,2048,2048,755.014,0.0166008,1,-,1,68,2026-10-06T00:53:24Z,1
201091,cheap,1,llama-3.2-1b,wk_wv,2048,512,2048,171.548,0.00602493,1,-,1,68,2026-10-06T00:53:24Z,1
201091,cheap,1,llama-3.2-1b,w1_w3,2048,8192,2048,2553.17,0.00914801,1,-,1,68,2026-10-06T00:53:24Z,1
201091,cheap,1,llama-3.2-1b,w2,2048,2048,8192,2969.82,0.0189138,1,-,1,68,2026-10-06T00:53:24Z,1
201095,cheap,1,llama-3.2-1b,wq_wo,2048,2048,2048,268.008,0.0348031,1,-,1,69,2026-10-06T00:53:32Z,1
201095,cheap,1,llama-3.2-1b,wk_wv,2048,512,2048,74.204,0.0130612,1,-,1,69,2026-10-06T00:53:32Z,1
201095,cheap,1,llama-3.2-1b,w1_w3,2048,8192,2048,1109.32,0.0156691,1,-,1,69,2026-10-06T00:53:32Z,1
201095,cheap,1,llama-3.2-1b,w2,2048,2048,8192,1349.09,0.101589,1,-,1,69,2026-10-06T00:53:32Z,1
201097,cheap,1,llama-3.2-1b,wq_wo,2048,2048,2048,4442.91,0.0336149,1,-,1,68,2026-10-06T00:53:42Z,1
201097,cheap,1,llama-3.2-1b,wk_wv,2048,512,2048,1143.84,0.0318678,1,-,1,68,2026-10-06T00:53:42Z,1
201097,cheap,1,llama-3.2-1b,w1_w3,2048,8192,2048,17444.3,0.0200275,1,-,1,68,2026-10-06T00:53:42Z,1
201097,cheap,1,llama-3.2-1b,w2,2048,2048,8192,17833.6,0.0293824,1,-,1,68,2026-10-06T00:53:42Z,1
201101,cheap,1,llama-3.2-1b,wq_wo,2048,2048,2048,384.696,0.00597698,1,-,1,69,2026-10-06T00:53:49Z,1
201101,cheap,1,llama-3.2-1b,wk_wv,2048,512,2048,101.088,0.0101792,1,-,1,69,2026-10-06T00:53:49Z,1
201101,cheap,1,llama-3.2-1b,w1_w3,2048,8192,2048,1297.97,0.00796324,1,-,1,69,2026-10-06T00:53:49Z,1
201101,cheap,1,llama-3.2-1b,w2,2048,2048,8192,1601.44,0.00793365,1,-,1,69,2026-10-06T00:53:49Z,1
201104,cheap,1,llama-3.2-1b,wq_wo,2048,2048,2048,357.76,0.0146028,1,-,1,69,2026-10-06T00:53:57Z,1
201104,cheap,1,llama-3.2-1b,wk_wv,2048,512,2048,94.744,0.00663175,1,-,1,69,2026-10-06T00:53:57Z,1
201104,cheap,1,llama-3.2-1b,w1_w3,2048,8192,2048,1433.48,0.00976911,1,-,1,69,2026-10-06T00:53:57Z,1
201104,cheap,1,llama-3.2-1b,w2,2048,2048,8192,1812.93,0.00646871,1,-,1,69,2026-10-06T00:53:57Z,1
201106,cheap,1,llama-3.2-1b,wq_wo,2048,2048,2048,813.228,0.0226783,1,-,1,68,2026-10-06T00:54:05Z,1
201106,cheap,1,llama-3.2-1b,wk_wv,2048,512,2048,264.784,0.00624724,1,-,1,68,2026-10-06T00:54:05Z,1
201106,cheap,1,llama-3.2-1b,w1_w3,2048,8192,2048,2414.62,0.00929513,1,-,1,68,2026-10-06T00:54:05Z,1
201106,cheap,1,llama-3.2-1b,w2,2048,2048,8192,3224.36,0.0237944,1,-,1,68,2026-10-06T00:54:05Z,1
201108,cheap,1,llama-3.2-1b,wq_wo,2048,2048,2048,3785.39,0.0155876,1,-,1,69,2026-10-06T00:54:14Z,1
201108,cheap,1,llama-3.2-1b,wk_wv,2048,512,2048,925.028,0.0199852,1,-,1,69,2026-10-06T00:54:14Z,1
201108,cheap,1,llama-3.2-1b,w1_w3,2048,8192,2048,13773.1,0.00730457,1,-,1,69,2026-10-06T00:54:14Z,1
201108,cheap,1,llama-3.2-1b,w2,2048,2048,8192,15245,0.0148916,1,-,1,69,2026-10-06T00:54:14Z,1
201110,cheap,1,llama-3.2-1b,wq_wo,2048,2048,2048,5322.51,0.0147763,1,-,1,68,2026-10-06T00:54:23Z,1
201110,cheap,1,llama-3.2-1b,wk_wv,2048,512,2048,1342.43,0.0149114,1,-,1,68,2026-10-06T00:54:23Z,1
201110,cheap,1,llama-3.2-1b,w1_w3,2048,8192,2048,20650.1,0.0109894,1,-,1,68,2026-10-06T00:54:23Z,1
201110,cheap,1,llama-3.2-1b,w2,2048,2048,8192,20722.4,0.0175492,1,-,1,68,2026-10-06T00:54:23Z,1
201112,cheap,1,llama-3.2-1b,wq_wo,2048,2048,2048,428.22,0.00985491,1,-,1,70,2026-10-06T00:54:30Z,1
201112,cheap,1,llama-3.2-1b,wk_wv,2048,512,2048,149.032,0.0327188,1,-,1,70,2026-10-06T00:54:30Z,1
201112,cheap,1,llama-3.2-1b,w1_w3,2048,8192,2048,1620.94,0.0107918,1,-,1,70,2026-10-06T00:54:30Z,1
201112,cheap,1,llama-3.2-1b,w2,2048,2048,8192,1707.68,0.00981543,1,-,1,70,2026-10-06T00:54:30Z,1
201114,cheap,1,llama-3.2-1b,wq_wo,2048,2048,2048,7109.96,0.00713442,1,-,1,67,2026-10-06T00:54:51Z,1
201114,cheap,1,llama-3.2-1b,wk_wv,2048,512,2048,3576.85,0.0477667,1,-,1,67,2026-10-06T00:54:51Z,1
201114,cheap,1,llama-3.2-1b,w1_w3,2048,8192,2048,27641.8,0.00835645,1,-,1,67,2026-10-06T00:54:51Z,1
201114,cheap,1,llama-3.2-1b,w2,2048,2048,8192,27767,0.00937038,1,-,1,67,2026-10-06T00:54:51Z,1
base,cheap,b9,llama-3.2-1b,wq_wo,2048,2048,2048,184.08,0.0141082,1,-,1,69,2026-10-06T00:54:58Z,1
base,cheap,b9,llama-3.2-1b,wk_wv,2048,512,2048,52.728,0.00834582,1,-,1,69,2026-10-06T00:54:58Z,1
base,cheap,b9,llama-3.2-1b,w1_w3,2048,8192,2048,740.506,0.0174074,1,-,1,69,2026-10-06T00:54:58Z,1
base,cheap,b9,llama-3.2-1b,w2,2048,2048,8192,823.966,0.015224,1,-,1,69,2026-10-06T00:54:58Z,1
201116,cheap,1,llama-3.2-1b,wq_wo,2048,2048,2048,7156.86,0.0131184,1,-,1,68,2026-10-06T00:55:12Z,1
201116,cheap,1,llama-3.2-1b,wk_wv,2048,512,2048,1827.9,0.0642849,1,-,1,68,2026-10-06T00:55:12Z,1
201116,cheap,1,llama-3.2-1b,w1_w3,2048,8192,2048,27898.6,0.00665206,1,-,1,68,2026-10-06T00:55:12Z,1
201116,cheap,1,llama-3.2-1b,w2,2048,2048,8192,28961.6,0.0182336,1,-,1,68,2026-10-06T00:55:12Z,1
201118,cheap,1,llama-3.2-1b,wq_wo,2048,2048,2048,7167.47,0.0177167,1,-,1,67,2026-10-06T00:55:27Z,1
201118,cheap,1,llama-3.2-1b,wk_wv,2048,512,2048,2037.31,0.0271367,1,-,1,67,2026-10-06T00:55:27Z,1
201118,cheap,1,llama-3.2-1b,w1_w3,2048,8192,2048,27150.2,0.0123392,1,-,1,67,2026-10-06T00:55:27Z,1
201118,cheap,1,llama-3.2-1b,w2,2048,2048,8192,28688.7,0.015265,1,-,1,67,2026-10-06T00:55:27Z,1
201122,cheap,1,llama-3.2-1b,wq_wo,2048,2048,2048,1389.73,0.0168074,1,-,1,69,2026-10-06T00:55:41Z,1
201122,cheap,1,llama-3.2-1b,wk_wv,2048,512,2048,326.638,0.0209656,1,-,1,69,2026-10-06T00:55:41Z,1
201122,cheap,1,llama-3.2-1b,w1_w3,2048,8192,2048,4850.35,0.00975571,1,-,1,69,2026-10-06T00:55:41Z,1
201122,cheap,1,llama-3.2-1b,w2,2048,2048,8192,5503.32,0.0114533,1,-,1,69,2026-10-06T00:55:41Z,1
201126,cheap,1,llama-3.2-1b,wq_wo,2048,2048,2048,4659.62,0.0217894,1,-,1,68,2026-10-06T00:55:49Z,1
201126,cheap,1,llama-3.2-1b,wk_wv,2048,512,2048,1074.94,0.0476908,1,-,1,68,2026-10-06T00:55:49Z,1
201126,cheap,1,llama-3.2-1b,w1_w3,2048,8192,2048,18988.1,0.00825819,1,-,1,68,2026-10-06T00:55:49Z,1
201126,cheap,1,llama-3.2-1b,w2,2048,2048,8192,18942.9,0.0143737,1,-,1,68,2026-10-06T00:55:49Z,1
201132,cheap,1,llama-3.2-1b,wq_wo,2048,2048,2048,2478.14,0.0187366,1,-,1,69,2026-10-06T00:55:58Z,1
201132,cheap,1,llama-3.2-1b,wk_wv,2048,512,2048,993.252,0.03656,1,-,1,69,2026-10-06T00:55:58Z,1
201132,cheap,1,llama-3.2-1b,w1_w3,2048,8192,2048,10318.2,0.0149908,1,-,1,69,2026-10-06T00:55:58Z,1
201132,cheap,1,llama-3.2-1b,w2,2048,2048,8192,9854.52,0.0191937,1,-,1,69,2026-10-06T00:55:58Z,1
201137,cheap,1,llama-3.2-1b,wq_wo,2048,2048,2048,312.988,0.00880928,1,-,1,70,2026-10-06T00:56:05Z,1
201137,cheap,1,llama-3.2-1b,wk_wv,2048,512,2048,84.552,0.0107176,1,-,1,70,2026-10-06T00:56:05Z,1
201137,cheap,1,llama-3.2-1b,w1_w3,2048,8192,2048,1223.74,0.00709301,1,-,1,70,2026-10-06T00:56:05Z,1
201137,cheap,1,llama-3.2-1b,w2,2048,2048,8192,1159.86,0.00833345,1,-,1,70,2026-10-06T00:56:05Z,1
201139,cheap,1,llama-3.2-1b,wq_wo,2048,2048,2048,9390.76,0.0319971,1,-,1,67,2026-10-06T00:56:21Z,1
201139,cheap,1,llama-3.2-1b,wk_wv,2048,512,2048,2468.7,0.0478142,1,-,1,67,2026-10-06T00:56:21Z,1
201139,cheap,1,llama-3.2-1b,w1_w3,2048,8192,2048,34734.8,0.0228582,1,-,1,67,2026-10-06T00:56:21Z,1
201139,cheap,1,llama-3.2-1b,w2,2048,2048,8192,37590.5,0.02922,1,-,1,67,2026-10-06T00:56:21Z,1
201141,cheap,1,llama-3.2-1b,wq_wo,2048,2048,2048,25165.1,0.00811403,1,-,1,65,2026-10-06T00:56:44Z,1
201141,cheap,1,llama-3.2-1b,wk_wv,2048,512,2048,6978.09,0.019408,1,-,1,65,2026-10-06T00:56:44Z,1
201141,cheap,1,llama-3.2-1b,w1_w3,2048,8192,2048,96781.3,0.000684829,1,-,1,65,2026-10-06T00:56:44Z,1
201141,cheap,1,llama-3.2-1b,w2,2048,2048,8192,100471,0.00768696,1,-,1,65,2026-10-06T00:56:44Z,1
201143,cheap,1,llama-3.2-1b,wq_wo,2048,2048,2048,518.18,0.0225482,1,-,1,67,2026-10-06T00:56:52Z,1
201143,cheap,1,llama-3.2-1b,wk_wv,2048,512,2048,123.604,0.00791393,1,-,1,67,2026-10-06T00:56:52Z,1
201143,cheap,1,llama-3.2-1b,w1_w3,2048,8192,2048,1831.18,0.00746596,1,-,1,67,2026-10-06T00:56:52Z,1
201143,cheap,1,llama-3.2-1b,w2,2048,2048,8192,2028.49,0.0202915,1,-,1,67,2026-10-06T00:56:52Z,1
201145,cheap,1,llama-3.2-1b,wq_wo,2048,2048,2048,19015.8,0.00322671,1,-,1,66,2026-10-06T00:57:07Z,1
201145,cheap,1,llama-3.2-1b,wk_wv,2048,512,2048,5109.42,0.00547023,1,-,1,66,2026-10-06T00:57:07Z,1
201145,cheap,1,llama-3.2-1b,w1_w3,2048,8192,2048,73180.4,0.0016599,1,-,1,66,2026-10-06T00:57:07Z,1
201145,cheap,1,llama-3.2-1b,w2,2048,2048,8192,75612.6,0.00258744,1,-,1,66,2026-10-06T00:57:07Z,1
201148,cheap,1,llama-3.2-1b,wq_wo,2048,2048,2048,1662.34,0.00249391,1,-,1,68,2026-10-06T00:57:16Z,1
201148,cheap,1,llama-3.2-1b,wk_wv,2048,512,2048,414.7,0.017294,1,-,1,68,2026-10-06T00:57:16Z,1
201148,cheap,1,llama-3.2-1b,w1_w3,2048,8192,2048,6588.5,0.00226103,1,-,1,68,2026-10-06T00:57:16Z,1
201148,cheap,1,llama-3.2-1b,w2,2048,2048,8192,6693.96,0.00206914,1,-,1,68,2026-10-06T00:57:16Z,1
201151,cheap,1,llama-3.2-1b,wq_wo,2048,2048,2048,333.84,0.0112053,1,-,1,69,2026-10-06T00:57:24Z,1
201151,cheap,1,llama-3.2-1b,wk_wv,2048,512,2048,263.744,0.00444829,1,-,1,69,2026-10-06T00:57:24Z,1
201151,cheap,1,llama-3.2-1b,w1_w3,2048,8192,2048,1325.06,0.0888728,1,-,1,69,2026-10-06T00:57:24Z,1
201151,cheap,1,llama-3.2-1b,w2,2048,2048,8192,1334.55,0.00838746,1,-,1,69,2026-10-06T00:57:24Z,1
201155,cheap,1,llama-3.2-1b,wq_wo,2048,2048,2048,1304.89,0.011509,1,-,1,67,2026-10-06T00:57:36Z,1
201155,cheap,1,llama-3.2-1b,wk_wv,2048,512,2048,567.32,0.00799878,1,-,1,67,2026-10-06T00:57:36Z,1
201155,cheap,1,llama-3.2-1b,w1_w3,2048,8192,2048,5220.12,0.00437506,1,-,1,67,2026-10-06T00:57:36Z,1
201155,cheap,1,llama-3.2-1b,w2,2048,2048,8192,5125.22,0.0100184,1,-,1,67,2026-10-06T00:57:36Z,1
201158,cheap,1,llama-3.2-1b,wq_wo,2048,2048,2048,860.808,0.00449408,1,-,1,69,2026-10-06T00:57:45Z,1
201158,cheap,1,llama-3.2-1b,wk_wv,2048,512,2048,243.828,0.00569241,1,-,1,69,2026-10-06T00:57:45Z,1
201158,cheap,1,llama-3.2-1b,w1_w3,2048,8192,2048,3263.34,0.00318668,1,-,1,69,2026-10-06T00:57:45Z,1
201158,cheap,1,llama-3.2-1b,w2,2048,2048,8192,3366.64,0.00344308,1,-,1,69,2026-10-06T00:57:45Z,1
201161,cheap,1,llama-3.2-1b,wq_wo,2048,2048,2048,9669.11,0.0197872,1,-,1,65,2026-10-06T00:58:58Z,1
201161,cheap,1,llama-3.2-1b,wk_wv,2048,512,2048,6540.2,0.0160383,1,-,1,65,2026-10-06T00:58:58Z,1
201161,cheap,1,llama-3.2-1b,w1_w3,2048,8192,2048,37791.6,0.023262,1,-,1,65,2026-10-06T00:58:58Z,1
201161,cheap,1,llama-3.2-1b,w2,2048,2048,8192,37718.8,0.0180725,1,-,1,65,2026-10-06T00:58:58Z,1
201163,cheap,1,llama-3.2-1b,wq_wo,2048,2048,2048,3562,0.00575085,1,-,1,66,2026-10-06T00:59:10Z,1
201163,cheap,1,llama-3.2-1b,wk_wv,2048,512,2048,1053.26,0.00846759,1,-,1,66,2026-10-06T00:59:10Z,1
201163,cheap,1,llama-3.2-1b,w1_w3,2048,8192,2048,13944.3,0.00158523,1,-,1,66,2026-10-06T00:59:10Z,1
201163,cheap,1,llama-3.2-1b,w2,2048,2048,8192,14370.9,0.00459111,1,-,1,66,2026-10-06T00:59:10Z,1
201166,cheap,1,llama-3.2-1b,wq_wo,2048,2048,2048,1206.61,0.00247765,1,-,1,69,2026-10-06T00:59:25Z,1
201166,cheap,1,llama-3.2-1b,wk_wv,2048,512,2048,305.396,0.00544073,1,-,1,69,2026-10-06T00:59:25Z,1
201166,cheap,1,llama-3.2-1b,w1_w3,2048,8192,2048,4597.48,0.00248306,1,-,1,69,2026-10-06T00:59:25Z,1
201166,cheap,1,llama-3.2-1b,w2,2048,2048,8192,4798.85,0.00255239,1,-,1,69,2026-10-06T00:59:25Z,1
201168,cheap,1,llama-3.2-1b,wq_wo,2048,2048,2048,12720.2,0.0118336,1,-,1,67,2026-10-06T00:59:57Z,1
201168,cheap,1,llama-3.2-1b,wk_wv,2048,512,2048,4993.35,0.0390839,1,-,1,67,2026-10-06T00:59:57Z,1
201168,cheap,1,llama-3.2-1b,w1_w3,2048,8192,2048,48495,0.00660454,1,-,1,67,2026-10-06T00:59:57Z,1
201168,cheap,1,llama-3.2-1b,w2,2048,2048,8192,50872.6,0.00924337,1,-,1,67,2026-10-06T00:59:57Z,1
201171,cheap,1,llama-3.2-1b,wq_wo,2048,2048,2048,46158.9,0.00510388,1,-,1,66,2026-10-06T01:00:53Z,1
201171,cheap,1,llama-3.2-1b,wk_wv,2048,512,2048,11449.1,0.0129022,1,-,1,66,2026-10-06T01:00:53Z,1
201171,cheap,1,llama-3.2-1b,w1_w3,2048,8192,2048,183285,0.00404946,1,-,1,66,2026-10-06T01:00:53Z,1
201171,cheap,1,llama-3.2-1b,w2,2048,2048,8192,181248,0.00458753,1,-,1,66,2026-10-06T01:00:53Z,1
201173,cheap,1,llama-3.2-1b,wq_wo,2048,2048,2048,2326.95,0.00453485,1,-,1,67,2026-10-06T01:01:08Z,1
201173,cheap,1,llama-3.2-1b,wk_wv,2048,512,2048,579.592,0.00644591,1,-,1,67,2026-10-06T01:01:08Z,1
201173,cheap,1,llama-3.2-1b,w1_w3,2048,8192,2048,9145.06,0.00284082,1,-,1,67,2026-10-06T01:01:08Z,1
201173,cheap,1,llama-3.2-1b,w2,2048,2048,8192,9871.06,0.0108726,1,-,1,67,2026-10-06T01:01:08Z,1
201176,cheap,1,llama-3.2-1b,wq_wo,2048,2048,2048,260.624,0.0605187,1,-,1,68,2026-10-06T01:01:23Z,1
201176,cheap,1,llama-3.2-1b,wk_wv,2048,512,2048,75.764,0.00792934,1,-,1,68,2026-10-06T01:01:23Z,1
201176,cheap,1,llama-3.2-1b,w1_w3,2048,8192,2048,1055.31,0.0165682,1,-,1,68,2026-10-06T01:01:23Z,1
201176,cheap,1,llama-3.2-1b,w2,2048,2048,8192,1351.22,0.086868,1,-,1,68,2026-10-06T01:01:23Z,1
201179,cheap,1,llama-3.2-1b,wq_wo,2048,2048,2048,4728.72,0.0147205,1,-,1,69,2026-10-06T01:01:38Z,1
201179,cheap,1,llama-3.2-1b,wk_wv,2048,512,2048,1703.94,0.0374214,1,-,1,69,2026-10-06T01:01:38Z,1
201179,cheap,1,llama-3.2-1b,w1_w3,2048,8192,2048,19813.6,0.0150371,1,-,1,69,2026-10-06T01:01:38Z,1
201179,cheap,1,llama-3.2-1b,w2,2048,2048,8192,19359.7,0.0128243,1,-,1,69,2026-10-06T01:01:38Z,1
201181,cheap,1,llama-3.2-1b,wq_wo,2048,2048,2048,939.432,0.00526628,1,-,1,67,2026-10-06T01:01:50Z,1
201181,cheap,1,llama-3.2-1b,wk_wv,2048,512,2048,226.616,0.0104715,1,-,1,67,2026-10-06T01:01:50Z,1
201181,cheap,1,llama-3.2-1b,w1_w3,2048,8192,2048,3230.92,0.0021827,1,-,1,67,2026-10-06T01:01:50Z,1
201181,cheap,1,llama-3.2-1b,w2,2048,2048,8192,3747.43,0.00555584,1,-,1,67,2026-10-06T01:01:50Z,1
201183,cheap,1,llama-3.2-1b,wq_wo,2048,2048,2048,227.448,0.00209858,1,-,1,69,2026-10-06T01:02:02Z,1
201183,cheap,1,llama-3.2-1b,wk_wv,2048,512,2048,63.076,0.00914687,1,-,1,69,2026-10-06T01:02:02Z,1
201183,cheap,1,llama-3.2-1b,w1_w3,2048,8192,2048,945.308,0.00405914,1,-,1,69,2026-10-06T01:02:02Z,1
201183,cheap,1,llama-3.2-1b,w2,2048,2048,8192,962.65,0.00796427,1,-,1,69,2026-10-06T01:02:02Z,1
201185,cheap,1,llama-3.2-1b,wq_wo,2048,2048,2048,588.276,0.0297512,1,-,1,69,2026-10-06T01:02:16Z,1
201185,cheap,1,llama-3.2-1b,wk_wv,2048,512,2048,191.36,0.0094009,1,-,1,69,2026-10-06T01:02:16Z,1
201185,cheap,1,llama-3.2-1b,w1_w3,2048,8192,2048,1733.32,0.0131387,1,-,1,69,2026-10-06T01:02:16Z,1
201185,cheap,1,llama-3.2-1b,w2,2048,2048,8192,2315.3,0.028312,1,-,1,69,2026-10-06T01:02:16Z,1
201192,cheap,1,llama-3.2-1b,wq_wo,2048,2048,2048,4483.7,0.029555,1,-,1,67,2026-10-06T01:02:32Z,1
201192,cheap,1,llama-3.2-1b,wk_wv,2048,512,2048,1134.85,0.0287707,1,-,1,67,2026-10-06T01:02:32Z,1
201192,cheap,1,llama-3.2-1b,w1_w3,2048,8192,2048,17426.8,0.0149687,1,-,1,67,2026-10-06T01:02:32Z,1
201192,cheap,1,llama-3.2-1b,w2,2048,2048,8192,17862.6,0.0229822,1,-,1,67,2026-10-06T01:02:32Z,1
201194,cheap,1,llama-3.2-1b,wq_wo,2048,2048,2048,212.576,0.0182087,1,-,1,68,2026-10-06T01:02:45Z,1
201194,cheap,1,llama-3.2-1b,wk_wv,2048,512,2048,60.112,0.00633365,1,-,1,68,2026-10-06T01:02:45Z,1
201194,cheap,1,llama-3.2-1b,w1_w3,2048,8192,2048,852.514,0.0173746,1,-,1,68,2026-10-06T01:02:45Z,1
201194,cheap,1,llama-3.2-1b,w2,2048,2048,8192,1394.38,0.00881399,1,-,1,68,2026-10-06T01:02:45Z,1
201198,cheap,1,llama-3.2-1b,wq_wo,2048,2048,2048,1971.42,0.00269223,1,-,1,68,2026-10-06T01:03:01Z,1
201198,cheap,1,llama-3.2-1b,wk_wv,2048,512,2048,478.712,0.022759,1,-,1,68,2026-10-06T01:03:01Z,1
201198,cheap,1,llama-3.2-1b,w1_w3,2048,8192,2048,7811.18,0.00228658,1,-,1,68,2026-10-06T01:03:01Z,1
201198,cheap,1,llama-3.2-1b,w2,2048,2048,8192,7848.93,0.00402492,1,-,1,68,2026-10-06T01:03:01Z,1
201200,cheap,1,llama-3.2-1b,wq_wo,2048,2048,2048,5504.07,0.00888395,1,-,1,66,2026-10-06T01:03:19Z,1
201200,cheap,1,llama-3.2-1b,wk_wv,2048,512,2048,1872.36,0.038895,1,-,1,66,2026-10-06T01:03:19Z,1
201200,cheap,1,llama-3.2-1b,w1_w3,2048,8192,2048,21841.5,0.00599657,1,-,1,66,2026-10-06T01:03:19Z,1
201200,cheap,1,llama-3.2-1b,w2,2048,2048,8192,21304.4,0.00886713,1,-,1,66,2026-10-06T01:03:19Z,1
201206,cheap,1,llama-3.2-1b,wq_wo,2048,2048,2048,2607.49,0.0225687,1,-,1,68,2026-10-06T01:03:32Z,1
201206,cheap,1,llama-3.2-1b,wk_wv,2048,512,2048,785.616,0.0477739,1,-,1,68,2026-10-06T01:03:32Z,1
201206,cheap,1,llama-3.2-1b,w1_w3,2048,8192,2048,10515.1,0.0142355,1,-,1,68,2026-10-06T01:03:32Z,1
201206,cheap,1,llama-3.2-1b,w2,2048,2048,8192,11176.5,0.0229739,1,-,1,68,2026-10-06T01:03:32Z,1
201209,cheap,1,llama-3.2-1b,wq_wo,2048,2048,2048,36698.7,0.0119782,1,-,1,65,2026-10-06T01:04:54Z,1
201209,cheap,1,llama-3.2-1b,wk_wv,2048,512,2048,9574.84,0.0173413,1,-,1,65,2026-10-06T01:04:54Z,1
201209,cheap,1,llama-3.2-1b,w1_w3,2048,8192,2048,143814,0.0033436,1,-,1,65,2026-10-06T01:04:54Z,1
201209,cheap,1,llama-3.2-1b,w2,2048,2048,8192,145586,0.00385222,1,-,1,65,2026-10-06T01:04:54Z,1
201211,cheap,1,llama-3.2-1b,wq_wo,2048,2048,2048,2059.82,0.00372191,1,-,1,68,2026-10-06T01:05:03Z,1
201211,cheap,1,llama-3.2-1b,wk_wv,2048,512,2048,501.384,0.00970081,1,-,1,68,2026-10-06T01:05:03Z,1
201211,cheap,1,llama-3.2-1b,w1_w3,2048,8192,2048,8149.26,0.00259053,1,-,1,68,2026-10-06T01:05:03Z,1
201211,cheap,1,llama-3.2-1b,w2,2048,2048,8192,8430.29,0.00590924,1,-,1,68,2026-10-06T01:05:03Z,1
201213,cheap,1,llama-3.2-1b,wq_wo,2048,2048,2048,510.796,0.00629306,1,-,1,68,2026-10-06T01:05:11Z,1
201213,cheap,1,llama-3.2-1b,wk_wv,2048,512,2048,162.864,0.00713435,1,-,1,68,2026-10-06T01:05:11Z,1
201213,cheap,1,llama-3.2-1b,w1_w3,2048,8192,2048,1928.13,0.00562257,1,-,1,68,2026-10-06T01:05:11Z,1
201213,cheap,1,llama-3.2-1b,w2,2048,2048,8192,2077.04,0.00757111,1,-,1,68,2026-10-06T01:05:11Z,1
201216,cheap,1,llama-3.2-1b,wq_wo,2048,2048,2048,11904,0.00861988,1,-,1,68,2026-10-06T01:05:21Z,1
201216,cheap,1,llama-3.2-1b,wk_wv,2048,512,2048,3022.86,0.00969614,1,-,1,68,2026-10-06T01:05:21Z,1
201216,cheap,1,llama-3.2-1b,w1_w3,2048,8192,2048,44974.9,0.00314122,1,-,1,68,2026-10-06T01:05:21Z,1
201216,cheap,1,llama-3.2-1b,w2,2048,2048,8192,47441.1,0.00898834,1,-,1,68,2026-10-06T01:05:21Z,1
201219,cheap,1,llama-3.2-1b,wq_wo,2048,2048,2048,5689.27,0.0535919,1,-,1,68,2026-10-06T01:05:30Z,1
201219,cheap,1,llama-3.2-1b,wk_wv,2048,512,2048,1493.44,0.0587455,1,-,1,68,2026-10-06T01:05:30Z,1
201219,cheap,1,llama-3.2-1b,w1_w3,2048,8192,2048,22711.1,0.0175317,1,-,1,68,2026-10-06T01:05:30Z,1
201219,cheap,1,llama-3.2-1b,w2,2048,2048,8192,23279.3,0.0677885,1,-,1,68,2026-10-06T01:05:30Z,1
201221,cheap,1,llama-3.2-1b,wq_wo,2048,2048,2048,809.562,0.00452883,1,-,1,67,2026-10-06T01:05:39Z,1
201221,cheap,1,llama-3.2-1b,wk_wv,2048,512,2048,188.552,0.0081809,1,-,1,67,2026-10-06T01:05:39Z,1
201221,cheap,1,llama-3.2-1b,w1_w3,2048,8192,2048,2870.95,0.00241535,1,-,1,67,2026-10-06T01:05:39Z,1
201221,cheap,1,llama-3.2-1b,w2,2048,2048,8192,3316.14,0.00614406,1,-,1,67,2026-10-06T01:05:39Z,1
201224,cheap,1,llama-3.2-1b,wq_wo,2048,2048,2048,17544.8,0.00758502,1,-,1,67,2026-10-06T01:05:51Z,1
201224,cheap,1,llama-3.2-1b,wk_wv,2048,512,2048,4266.76,0.0221472,1,-,1,67,2026-10-06T01:05:51Z,1
201224,cheap,1,llama-3.2-1b,w1_w3,2048,8192,2048,65944.8,0.00185819,1,-,1,67,2026-10-06T01:05:51Z,1
201224,cheap,1,llama-3.2-1b,w2,2048,2048,8192,65752.2,0.00756749,1,-,1,67,2026-10-06T01:05:51Z,1
201226,cheap,1,llama-3.2-1b,wq_wo,2048,2048,2048,5394.97,0.0394428,1,-,1,67,2026-10-06T01:05:59Z,1
201226,cheap,1,llama-3.2-1b,wk_wv,2048,512,2048,1335.15,0.0655906,1,-,1,67,2026-10-06T01:05:59Z,1
201226,cheap,1,llama-3.2-1b,w1_w3,2048,8192,2048,21727.7,0.0099326,1,-,1,67,2026-10-06T01:05:59Z,1
201226,cheap,1,llama-3.2-1b,w2,2048,2048,8192,21702.9,0.0366086,1,-,1,67,2026-10-06T01:05:59Z,1
201230,cheap,1,llama-3.2-1b,wq_wo,2048,2048,2048,2538.85,0.0251709,1,-,1,68,2026-10-06T01:06:08Z,1
201230,cheap,1,llama-3.2-1b,wk_wv,2048,512,2048,798.616,0.0416762,1,-,1,68,2026-10-06T01:06:08Z,1
201230,cheap,1,llama-3.2-1b,w1_w3,2048,8192,2048,10788.6,0.0188314,1,-,1,68,2026-10-06T01:06:08Z,1
201230,cheap,1,llama-3.2-1b,w2,2048,2048,8192,10565.8,0.0242246,1,-,1,68,2026-10-06T01:06:08Z,1
201234,cheap,1,llama-3.2-1b,wq_wo,2048,2048,2048,3279.85,0.00255999,1,-,1,68,2026-10-06T01:06:17Z,1
201234,cheap,1,llama-3.2-1b,wk_wv,2048,512,2048,902.98,0.00450035,1,-,1,68,2026-10-06T01:06:17Z,1
201234,cheap,1,llama-3.2-1b,w1_w3,2048,8192,2048,12516.1,0.00329852,1,-,1,68,2026-10-06T01:06:17Z,1
201234,cheap,1,llama-3.2-1b,w2,2048,2048,8192,16219.1,0.0130209,1,-,1,68,2026-10-06T01:06:17Z,1
201236,cheap,1,llama-3.2-1b,wq_wo,2048,2048,2048,10837.8,0.00882169,1,-,1,67,2026-10-06T01:06:30Z,1
201236,cheap,1,llama-3.2-1b,wk_wv,2048,512,2048,2763.41,0.0132393,1,-,1,67,2026-10-06T01:06:30Z,1
201236,cheap,1,llama-3.2-1b,w1_w3,2048,8192,2048,42156.4,0.00936423,1,-,1,67,2026-10-06T01:06:30Z,1
201236,cheap,1,llama-3.2-1b,w2,2048,2048,8192,42473.8,0.00901779,1,-,1,67,2026-10-06T01:06:30Z,1
201238,cheap,1,llama-3.2-1b,wq_wo,2048,2048,2048,16603.6,0.00784889,1,-,1,67,2026-10-06T01:06:40Z,1
201238,cheap,1,llama-3.2-1b,wk_wv,2048,512,2048,4096.25,0.0300983,1,-,1,67,2026-10-06T01:06:40Z,1
201238,cheap,1,llama-3.2-1b,w1_w3,2048,8192,2048,65233.7,0.00291153,1,-,1,67,2026-10-06T01:06:40Z,1
201238,cheap,1,llama-3.2-1b,w2,2048,2048,8192,67238.8,0.0135961,1,-,1,67,2026-10-06T01:06:40Z,1
201240,cheap,1,llama-3.2-1b,wq_wo,2048,2048,2048,1878.42,0.00825098,1,-,1,69,2026-10-06T01:06:49Z,1
201240,cheap,1,llama-3.2-1b,wk_wv,2048,512,2048,531.856,0.00385899,1,-,1,69,2026-10-06T01:06:49Z,1
201240,cheap,1,llama-3.2-1b,w1_w3,2048,8192,2048,7426.48,0.00306866,1,-,1,69,2026-10-06T01:06:49Z,1
201240,cheap,1,llama-3.2-1b,w2,2048,2048,8192,7845.94,0.00885926,1,-,1,69,2026-10-06T01:06:49Z,1
201243,cheap,1,llama-3.2-1b,wq_wo,2048,2048,2048,421.616,0.0209879,1,-,1,68,2026-10-06T01:06:57Z,1
201243,cheap,1,llama-3.2-1b,wk_wv,2048,512,2048,110.292,0.0224326,1,-,1,68,2026-10-06T01:06:57Z,1
201243,cheap,1,llama-3.2-1b,w1_w3,2048,8192,2048,1520.43,0.026403,1,-,1,68,2026-10-06T01:06:57Z,1
201243,cheap,1,llama-3.2-1b,w2,2048,2048,8192,1810.85,0.0160469,1,-,1,68,2026-10-06T01:06:57Z,1
201245,cheap,1,llama-3.2-1b,wq_wo,2048,2048,2048,285.376,0.0873317,1,-,1,70,2026-10-06T01:07:04Z,1
201245,cheap,1,llama-3.2-1b,wk_wv,2048,512,2048,80.028,0.0149106,1,-,1,70,2026-10-06T01:07:04Z,1
201245,cheap,1,llama-3.2-1b,w1_w3,2048,8192,2048,1156.77,0.0240854,1,-,1,70,2026-10-06T01:07:04Z,1
201245,cheap,1,llama-3.2-1b,w2,2048,2048,8192,1492.74,0.0980733,1,-,1,70,2026-10-06T01:07:04Z,1
201249,cheap,1,llama-3.2-1b,wq_wo,2048,2048,2048,,,0,-,1,60,2026-10-06T01:09:13Z,1
201249,cheap,1,llama-3.2-1b,wk_wv,2048,512,2048,,,0,-,1,60,2026-10-06T01:09:13Z,1
201249,cheap,1,llama-3.2-1b,w1_w3,2048,8192,2048,,,0,-,1,60,2026-10-06T01:09:13Z,1
201249,cheap,1,llama-3.2-1b,w2,2048,2048,8192,,,0,-,1,60,2026-10-06T01:09:13Z,1
201251,cheap,1,llama-3.2-1b,wq_wo,2048,2048,2048,12995.2,0.0140021,1,-,1,64,2026-10-06T01:09:31Z,1
201251,cheap,1,llama-3.2-1b,wk_wv,2048,512,2048,3305.59,0.0142255,1,-,1,64,2026-10-06T01:09:31Z,1
201251,cheap,1,llama-3.2-1b,w1_w3,2048,8192,2048,50596.7,0.00354706,1,-,1,64,2026-10-06T01:09:31Z,1
201251,cheap,1,llama-3.2-1b,w2,2048,2048,8192,51491.6,0.00868031,1,-,1,64,2026-10-06T01:09:31Z,1
201254,cheap,1,llama-3.2-1b,wq_wo,2048,2048,2048,20656.6,0.0335405,1,-,1,66,2026-10-06T01:10:15Z,1
201254,cheap,1,llama-3.2-1b,wk_wv,2048,512,2048,5142.23,0.10169,1,-,1,66,2026-10-06T01:10:15Z,1
201254,cheap,1,llama-3.2-1b,w1_w3,2048,8192,2048,80333.1,0.00976172,1,-,1,66,2026-10-06T01:10:15Z,1
201254,cheap,1,llama-3.2-1b,w2,2048,2048,8192,80101.3,0.0220538,1,-,1,66,2026-10-06T01:10:15Z,1
201256,cheap,1,llama-3.2-1b,wq_wo,2048,2048,2048,526.292,0.00370139,1,-,1,69,2026-10-06T01:10:25Z,1
201256,cheap,1,llama-3.2-1b,wk_wv,2048,512,2048,133.38,0.00402445,1,-,1,69,2026-10-06T01:10:25Z,1
201256,cheap,1,llama-3.2-1b,w1_w3,2048,8192,2048,1946.33,0.00467127,1,-,1,69,2026-10-06T01:10:25Z,1
201256,cheap,1,llama-3.2-1b,w2,2048,2048,8192,1502.02,0.0177373,1,-,1,69,2026-10-06T01:10:25Z,1
201258,cheap,1,llama-3.2-1b,wq_wo,2048,2048,2048,519.22,0.00267478,1,-,1,69,2026-10-06T01:10:37Z,1
201258,cheap,1,llama-3.2-1b,wk_wv,2048,512,2048,150.072,0.00611098,1,-,1,69,2026-10-06T01:10:37Z,1
201258,cheap,1,llama-3.2-1b,w1_w3,2048,8192,2048,1979.95,0.00335322,1,-,1,69,2026-10-06T01:10:37Z,1
201258,cheap,1,llama-3.2-1b,w2,2048,2048,8192,2105.51,0.00322692,1,-,1,69,2026-10-06T01:10:37Z,1
base,cheap,b10,llama-3.2-1b,wq_wo,2048,2048,2048,184.132,0.0146346,1,-,1,68,2026-10-06T01:10:51Z,1
base,cheap,b10,llama-3.2-1b,wk_wv,2048,512,2048,52.676,0.00862939,1,-,1,68,2026-10-06T01:10:51Z,1
base,cheap,b10,llama-3.2-1b,w1_w3,2048,8192,2048,740.896,0.0170491,1,-,1,68,2026-10-06T01:10:51Z,1
base,cheap,b10,llama-3.2-1b,w2,2048,2048,8192,824.46,0.0155462,1,-,1,68,2026-10-06T01:10:51Z,1
201262,cheap,1,llama-3.2-1b,wq_wo,2048,2048,2048,,,0,-,1,60,2026-10-06T01:13:32Z,1
201262,cheap,1,llama-3.2-1b,wk_wv,2048,512,2048,,,0,-,1,60,2026-10-06T01:13:32Z,1
201262,cheap,1,llama-3.2-1b,w1_w3,2048,8192,2048,,,0,-,1,60,2026-10-06T01:13:32Z,1
201262,cheap,1,llama-3.2-1b,w2,2048,2048,8192,,,0,-,1,60,2026-10-06T01:13:32Z,1
201266,cheap,1,llama-3.2-1b,wq_wo,2048,2048,2048,783.692,0.00695124,1,-,1,66,2026-10-06T01:13:47Z,1
201266,cheap,1,llama-3.2-1b,wk_wv,2048,512,2048,214.188,0.010345,1,-,1,66,2026-10-06T01:13:47Z,1
201266,cheap,1,llama-3.2-1b,w1_w3,2048,8192,2048,2563.39,0.00617475,1,-,1,66,2026-10-06T01:13:47Z,1
201266,cheap,1,llama-3.2-1b,w2,2048,2048,8192,3224.1,0.00474287,1,-,1,66,2026-10-06T01:13:47Z,1
201269,cheap,1,llama-3.2-1b,wq_wo,2048,2048,2048,4511.52,0.0402956,1,-,1,67,2026-10-06T01:14:02Z,1
201269,cheap,1,llama-3.2-1b,wk_wv,2048,512,2048,1126.53,0.0590021,1,-,1,67,2026-10-06T01:14:02Z,1
201269,cheap,1,llama-3.2-1b,w1_w3,2048,8192,2048,17884.1,0.00550471,1,-,1,67,2026-10-06T01:14:02Z,1
201269,cheap,1,llama-3.2-1b,w2,2048,2048,8192,17797.7,0.0464422,1,-,1,67,2026-10-06T01:14:02Z,1
201271,cheap,1,llama-3.2-1b,wq_wo,2048,2048,2048,254.228,0.0283882,1,-,1,68,2026-10-06T01:14:14Z,1
201271,cheap,1,llama-3.2-1b,wk_wv,2048,512,2048,72.644,0.0396871,1,-,1,68,2026-10-06T01:14:14Z,1
201271,cheap,1,llama-3.2-1b,w1_w3,2048,8192,2048,1006.36,0.0369182,1,-,1,68,2026-10-06T01:14:14Z,1
201271,cheap,1,llama-3.2-1b,w2,2048,2048,8192,1102.74,0.0272536,1,-,1,68,2026-10-06T01:14:14Z,1
201273,cheap,1,llama-3.2-1b,wq_wo,2048,2048,2048,3501.63,0.0399881,1,-,1,68,2026-10-06T01:14:25Z,1
201273,cheap,1,llama-3.2-1b,wk_wv,2048,512,2048,903.656,0.0367353,1,-,1,68,2026-10-06T01:14:25Z,1
201273,cheap,1,llama-3.2-1b,w1_w3,2048,8192,2048,13224.3,0.0169533,1,-,1,68,2026-10-06T01:14:25Z,1
201273,cheap,1,llama-3.2-1b,w2,2048,2048,8192,14017.7,0.0371539,1,-,1,68,2026-10-06T01:14:25Z,1
201275,cheap,1,llama-3.2-1b,wq_wo,2048,2048,2048,599.248,0.0620035,1,-,1,69,2026-10-06T01:14:34Z,1
201275,cheap,1,llama-3.2-1b,wk_wv,2048,512,2048,157.716,0.00463642,1,-,1,69,2026-10-06T01:14:34Z,1
201275,cheap,1,llama-3.2-1b,w1_w3,2048,8192,2048,2433.13,0.0189709,1,-,1,69,2026-10-06T01:14:34Z,1
201275,cheap,1,llama-3.2-1b,w2,2048,2048,8192,2377,0.102872,1,-,1,69,2026-10-06T01:14:34Z,1
201277,cheap,1,llama-3.2-1b,wq_wo,2048,2048,2048,16564.5,0.0117966,1,-,1,66,2026-10-06T01:14:47Z,1
201277,cheap,1,llama-3.2-1b,wk_wv,2048,512,2048,4265.4,0.0224937,1,-,1,66,2026-10-06T01:14:47Z,1
201277,cheap,1,llama-3.2-1b,w1_w3,2048,8192,2048,65184.5,0.00727624,1,-,1,66,2026-10-06T01:14:47Z,1
201277,cheap,1,llama-3.2-1b,w2,2048,2048,8192,67233,0.0121782,1,-,1,66,2026-10-06T01:14:47Z,1
201279,cheap,1,llama-3.2-1b,wq_wo,2048,2048,2048,399.568,0.00864369,1,-,1,67,2026-10-06T01:14:58Z,1
201279,cheap,1,llama-3.2-1b,wk_wv,2048,512,2048,107.432,0.0138546,1,-,1,67,2026-10-06T01:14:58Z,1
201279,cheap,1,llama-3.2-1b,w1_w3,2048,8192,2048,1561.46,0.00458361,1,-,1,67,2026-10-06T01:14:58Z,1
201279,cheap,1,llama-3.2-1b,w2,2048,2048,8192,1701.57,0.0089643,1,-,1,67,2026-10-06T01:14:58Z,1
201281,cheap,1,llama-3.2-1b,wq_wo,2048,2048,2048,1326.21,0.00288939,1,-,1,68,2026-10-06T01:15:10Z,1
201281,cheap,1,llama-3.2-1b,wk_wv,2048,512,2048,386.724,0.00559345,1,-,1,68,2026-10-06T01:15:10Z,1
201281,cheap,1,llama-3.2-1b,w1_w3,2048,8192,2048,5005.47,0.00218114,1,-,1,68,2026-10-06T01:15:10Z,1
201281,cheap,1,llama-3.2-1b,w2,2048,2048,8192,5750.78,0.00822027,1,-,1,68,2026-10-06T01:15:10Z,1
201283,cheap,1,llama-3.2-1b,wq_wo,2048,2048,2048,1135.55,0.0258525,1,-,1,69,2026-10-06T01:15:20Z,1
201283,cheap,1,llama-3.2-1b,wk_wv,2048,512,2048,664.976,0.0184439,1,-,1,69,2026-10-06T01:15:20Z,1
201283,cheap,1,llama-3.2-1b,w1_w3,2048,8192,2048,4869.28,0.0196546,1,-,1,69,2026-10-06T01:15:20Z,1
201283,cheap,1,llama-3.2-1b,w2,2048,2048,8192,4573.4,0.0333948,1,-,1,69,2026-10-06T01:15:20Z,1
201285,cheap,1,llama-3.2-1b,wq_wo,2048,2048,2048,9598.68,0.0056822,1,-,1,67,2026-10-06T01:15:54Z,1
201285,cheap,1,llama-3.2-1b,wk_wv,2048,512,2048,5097.38,0.0607838,1,-,1,67,2026-10-06T01:15:54Z,1
201285,cheap,1,llama-3.2-1b,w1_w3,2048,8192,2048,37834.7,0.0050215,1,-,1,67,2026-10-06T01:15:54Z,1
201285,cheap,1,llama-3.2-1b,w2,2048,2048,8192,37528.6,0.00567342,1,-,1,67,2026-10-06T01:15:54Z,1
201288,cheap,1,llama-3.2-1b,wq_wo,2048,2048,2048,6016.76,0.0267311,1,-,1,66,2026-10-06T01:16:06Z,1
201288,cheap,1,llama-3.2-1b,wk_wv,2048,512,2048,1775.88,0.049284,1,-,1,66,2026-10-06T01:16:06Z,1
201288,cheap,1,llama-3.2-1b,w1_w3,2048,8192,2048,22411.3,0.0162976,1,-,1,66,2026-10-06T01:16:06Z,1
201288,cheap,1,llama-3.2-1b,w2,2048,2048,8192,24314.8,0.0281558,1,-,1,66,2026-10-06T01:16:06Z,1
201290,cheap,1,llama-3.2-1b,wq_wo,2048,2048,2048,5306.6,0.0329887,1,-,1,67,2026-10-06T01:16:17Z,1
201290,cheap,1,llama-3.2-1b,wk_wv,2048,512,2048,1396.04,0.0470066,1,-,1,67,2026-10-06T01:16:17Z,1
201290,cheap,1,llama-3.2-1b,w1_w3,2048,8192,2048,20090.1,0.0160407,1,-,1,67,2026-10-06T01:16:17Z,1
201290,cheap,1,llama-3.2-1b,w2,2048,2048,8192,20918,0.0264268,1,-,1,67,2026-10-06T01:16:17Z,1
201292,cheap,1,llama-3.2-1b,wq_wo,2048,2048,2048,8587.54,0.0256597,1,-,1,67,2026-10-06T01:16:38Z,1
201292,cheap,1,llama-3.2-1b,wk_wv,2048,512,2048,2205.32,0.0373642,1,-,1,67,2026-10-06T01:16:38Z,1
201292,cheap,1,llama-3.2-1b,w1_w3,2048,8192,2048,31580.5,0.0192247,1,-,1,67,2026-10-06T01:16:38Z,1
201292,cheap,1,llama-3.2-1b,w2,2048,2048,8192,34099.3,0.0302107,1,-,1,67,2026-10-06T01:16:38Z,1
201297,cheap,1,llama-3.2-1b,wq_wo,2048,2048,2048,8205.13,0.0109822,1,-,1,68,2026-10-06T01:16:53Z,1
201297,cheap,1,llama-3.2-1b,wk_wv,2048,512,2048,2075.09,0.0258332,1,-,1,68,2026-10-06T01:16:53Z,1
201297,cheap,1,llama-3.2-1b,w1_w3,2048,8192,2048,30039.6,0.0120032,1,-,1,68,2026-10-06T01:16:53Z,1
201297,cheap,1,llama-3.2-1b,w2,2048,2048,8192,33137.5,0.0103878,1,-,1,68,2026-10-06T01:16:53Z,1
201299,cheap,1,llama-3.2-1b,wq_wo,2048,2048,2048,2907.27,0.00838371,1,-,1,68,2026-10-06T01:17:07Z,1
201299,cheap,1,llama-3.2-1b,wk_wv,2048,512,2048,745.264,0.0297338,1,-,1,68,2026-10-06T01:17:07Z,1
201299,cheap,1,llama-3.2-1b,w1_w3,2048,8192,2048,10805.7,0.00889188,1,-,1,68,2026-10-06T01:17:07Z,1
201299,cheap,1,llama-3.2-1b,w2,2048,2048,8192,13054.1,0.00852712,1,-,1,68,2026-10-06T01:17:07Z,1
201302,cheap,1,llama-3.2-1b,wq_wo,2048,2048,2048,10077.4,0.0373808,1,-,1,68,2026-10-06T01:17:23Z,1
201302,cheap,1,llama-3.2-1b,wk_wv,2048,512,2048,2557,0.0429384,1,-,1,68,2026-10-06T01:17:23Z,1
201302,cheap,1,llama-3.2-1b,w1_w3,2048,8192,2048,38065.3,0.0373498,1,-,1,68,2026-10-06T01:17:23Z,1
201302,cheap,1,llama-3.2-1b,w2,2048,2048,8192,39891.5,0.0338286,1,-,1,68,2026-10-06T01:17:23Z,1
201304,cheap,1,llama-3.2-1b,wq_wo,2048,2048,2048,2526.11,0.00377532,1,-,1,68,2026-10-06T01:17:38Z,1
201304,cheap,1,llama-3.2-1b,wk_wv,2048,512,2048,765.05,0.0067493,1,-,1,68,2026-10-06T01:17:38Z,1
201304,cheap,1,llama-3.2-1b,w1_w3,2048,8192,2048,9551.2,0.00236712,1,-,1,68,2026-10-06T01:17:38Z,1
201304,cheap,1,llama-3.2-1b,w2,2048,2048,8192,10578.3,0.00315142,1,-,1,68,2026-10-06T01:17:38Z,1
201309,cheap,1,llama-3.2-1b,wq_wo,2048,2048,2048,527.02,0.00232186,1,-,1,68,2026-10-06T01:17:53Z,1
201309,cheap,1,llama-3.2-1b,wk_wv,2048,512,2048,158.912,0.00613302,1,-,1,68,2026-10-06T01:17:53Z,1
201309,cheap,1,llama-3.2-1b,w1_w3,2048,8192,2048,1996.9,0.00249918,1,-,1,68,2026-10-06T01:17:53Z,1
201309,cheap,1,llama-3.2-1b,w2,2048,2048,8192,2021.11,0.00298996,1,-,1,68,2026-10-06T01:17:53Z,1
201312,cheap,1,llama-3.2-1b,wq_wo,2048,2048,2048,5273.61,0.0214694,1,-,1,68,2026-10-06T01:18:07Z,1
201312,cheap,1,llama-3.2-1b,wk_wv,2048,512,2048,1439.33,0.0404435,1,-,1,68,2026-10-06T01:18:07Z,1
201312,cheap,1,llama-3.2-1b,w1_w3,2048,8192,2048,19965.4,0.00968187,1,-,1,68,2026-10-06T01:18:07Z,1
201312,cheap,1,llama-3.2-1b,w2,2048,2048,8192,21489.5,0.0210477,1,-,1,68,2026-10-06T01:18:07Z,1
201314,cheap,1,llama-3.2-1b,wq_wo,2048,2048,2048,1129.08,0.00428764,1,-,1,69,2026-10-06T01:18:18Z,1
201314,cheap,1,llama-3.2-1b,wk_wv,2048,512,2048,312.416,0.00620131,1,-,1,69,2026-10-06T01:18:18Z,1
201314,cheap,1,llama-3.2-1b,w1_w3,2048,8192,2048,4248.92,0.0037859,1,-,1,69,2026-10-06T01:18:18Z,1
201314,cheap,1,llama-3.2-1b,w2,2048,2048,8192,4665.34,0.00802799,1,-,1,69,2026-10-06T01:18:18Z,1
201316,cheap,1,llama-3.2-1b,wq_wo,2048,2048,2048,3868.54,0.034455,1,-,1,67,2026-10-06T01:18:32Z,1
201316,cheap,1,llama-3.2-1b,wk_wv,2048,512,2048,999.128,0.0379901,1,-,1,67,2026-10-06T01:18:32Z,1
201316,cheap,1,llama-3.2-1b,w1_w3,2048,8192,2048,15101.8,0.0199535,1,-,1,67,2026-10-06T01:18:32Z,1
201316,cheap,1,llama-3.2-1b,w2,2048,2048,8192,15431.6,0.0357718,1,-,1,67,2026-10-06T01:18:32Z,1
201319,cheap,1,llama-3.2-1b,wq_wo,2048,2048,2048,2087.23,0.0208486,1,-,1,68,2026-10-06T01:18:49Z,1
201319,cheap,1,llama-3.2-1b,wk_wv,2048,512,2048,1163.86,0.0430103,1,-,1,68,2026-10-06T01:18:49Z,1
201319,cheap,1,llama-3.2-1b,w1_w3,2048,8192,2048,8200.35,0.0196009,1,-,1,68,2026-10-06T01:18:49Z,1
201319,cheap,1,llama-3.2-1b,w2,2048,2048,8192,8248.11,0.0213176,1,-,1,68,2026-10-06T01:18:49Z,1
201322,cheap,1,llama-3.2-1b,wq_wo,2048,2048,2048,487.708,0.0123012,1,-,1,68,2026-10-06T01:19:03Z,1
201322,cheap,1,llama-3.2-1b,wk_wv,2048,512,2048,190.736,0.00902022,1,-,1,68,2026-10-06T01:19:03Z,1
201322,cheap,1,llama-3.2-1b,w1_w3,2048,8192,2048,1933.83,0.0483344,1,-,1,68,2026-10-06T01:19:03Z,1
201322,cheap,1,llama-3.2-1b,w2,2048,2048,8192,1660.41,0.102187,1,-,1,68,2026-10-06T01:19:03Z,1
201325,cheap,1,llama-3.2-1b,wq_wo,2048,2048,2048,1570.69,0.0163278,1,-,1,67,2026-10-06T01:19:18Z,1
201325,cheap,1,llama-3.2-1b,wk_wv,2048,512,2048,361.972,0.0221208,1,-,1,67,2026-10-06T01:19:18Z,1
201325,cheap,1,llama-3.2-1b,w1_w3,2048,8192,2048,5453.06,0.00978518,1,-,1,67,2026-10-06T01:19:18Z,1
201325,cheap,1,llama-3.2-1b,w2,2048,2048,8192,6424.65,0.00775189,1,-,1,67,2026-10-06T01:19:18Z,1
201330,cheap,1,llama-3.2-1b,wq_wo,2048,2048,2048,6408.38,0.0302501,1,-,1,67,2026-10-06T01:19:33Z,1
201330,cheap,1,llama-3.2-1b,wk_wv,2048,512,2048,1584.02,0.0587992,1,-,1,67,2026-10-06T01:19:33Z,1
201330,cheap,1,llama-3.2-1b,w1_w3,2048,8192,2048,25294,0.0038435,1,-,1,67,2026-10-06T01:19:33Z,1
201330,cheap,1,llama-3.2-1b,w2,2048,2048,8192,26144.6,0.0313342,1,-,1,67,2026-10-06T01:19:33Z,1
201333,cheap,1,llama-3.2-1b,wq_wo,2048,2048,2048,4742.45,0.0127111,1,-,1,69,2026-10-06T01:19:46Z,1
201333,cheap,1,llama-3.2-1b,wk_wv,2048,512,2048,1689.38,0.0349018,1,-,1,69,2026-10-06T01:19:46Z,1
201333,cheap,1,llama-3.2-1b,w1_w3,2048,8192,2048,19769.3,0.0142088,1,-,1,69,2026-10-06T01:19:46Z,1
201333,cheap,1,llama-3.2-1b,w2,2048,2048,8192,19284.1,0.0138411,1,-,1,69,2026-10-06T01:19:46Z,1
201335,cheap,1,llama-3.2-1b,wq_wo,2048,2048,2048,4631.54,0.0182045,1,-,1,68,2026-10-06T01:20:01Z,1
201335,cheap,1,llama-3.2-1b,wk_wv,2048,512,2048,1169.9,0.0179913,1,-,1,68,2026-10-06T01:20:01Z,1
201335,cheap,1,llama-3.2-1b,w1_w3,2048,8192,2048,18239.1,0.0116806,1,-,1,68,2026-10-06T01:20:01Z,1
201335,cheap,1,llama-3.2-1b,w2,2048,2048,8192,18218.3,0.0151318,1,-,1,68,2026-10-06T01:20:01Z,1
201338,cheap,1,llama-3.2-1b,wq_wo,2048,2048,2048,8995.27,0.00475397,1,-,1,66,2026-10-06T01:20:31Z,1
201338,cheap,1,llama-3.2-1b,wk_wv,2048,512,2048,5557.08,0.0864641,1,-,1,66,2026-10-06T01:20:31Z,1
201338,cheap,1,llama-3.2-1b,w1_w3,2048,8192,2048,35326.6,0.00311843,1,-,1,66,2026-10-06T01:20:31Z,1
201338,cheap,1,llama-3.2-1b,w2,2048,2048,8192,35446.7,0.0053996,1,-,1,66,2026-10-06T01:20:31Z,1
201340,cheap,1,llama-3.2-1b,wq_wo,2048,2048,2048,12677.3,0.00693718,1,-,1,67,2026-10-06T01:20:43Z,1
201340,cheap,1,llama-3.2-1b,wk_wv,2048,512,2048,3164.43,0.0333758,1,-,1,67,2026-10-06T01:20:43Z,1
201340,cheap,1,llama-3.2-1b,w1_w3,2048,8192,2048,44741.3,0.00511231,1,-,1,67,2026-10-06T01:20:43Z,1
201340,cheap,1,llama-3.2-1b,w2,2048,2048,8192,50217,0.00406478,1,-,1,67,2026-10-06T01:20:43Z,1
201342,cheap,1,llama-3.2-1b,wq_wo,2048,2048,2048,1306.84,0.00920377,1,-,1,68,2026-10-06T01:20:51Z,1
201342,cheap,1,llama-3.2-1b,wk_wv,2048,512,2048,368.732,0.0195908,1,-,1,68,2026-10-06T01:20:51Z,1
201342,cheap,1,llama-3.2-1b,w1_w3,2048,8192,2048,4706,0.00739506,1,-,1,68,2026-10-06T01:20:51Z,1
201342,cheap,1,llama-3.2-1b,w2,2048,2048,8192,5158.04,0.00975333,1,-,1,68,2026-10-06T01:20:51Z,1
201344,cheap,1,llama-3.2-1b,wq_wo,2048,2048,2048,2881.68,0.00529841,1,-,1,68,2026-10-06T01:21:01Z,1
201344,cheap,1,llama-3.2-1b,wk_wv,2048,512,2048,690.638,0.0104365,1,-,1,68,2026-10-06T01:21:01Z,1
201344,cheap,1,llama-3.2-1b,w1_w3,2048,8192,2048,10740.7,0.0017958,1,-,1,68,2026-10-06T01:21:01Z,1
201344,cheap,1,llama-3.2-1b,w2,2048,2048,8192,11691.3,0.00302704,1,-,1,68,2026-10-06T01:21:01Z,1
201347,cheap,1,llama-3.2-1b,wq_wo,2048,2048,2048,621.972,0.00591245,1,-,1,69,2026-10-06T01:21:09Z,1
201347,cheap,1,llama-3.2-1b,wk_wv,2048,512,2048,181.844,0.0109638,1,-,1,69,2026-10-06T01:21:09Z,1
201347,cheap,1,llama-3.2-1b,w1_w3,2048,8192,2048,2360.59,0.00284656,1,-,1,69,2026-10-06T01:21:09Z,1
201347,cheap,1,llama-3.2-1b,w2,2048,2048,8192,2543.74,0.00500963,1,-,1,69,2026-10-06T01:21:09Z,1
201353,cheap,1,llama-3.2-1b,wq_wo,2048,2048,2048,7204.5,0.023251,1,-,1,66,2026-10-06T01:21:25Z,1
201353,cheap,1,llama-3.2-1b,wk_wv,2048,512,2048,1815.53,0.0310972,1,-,1,66,2026-10-06T01:21:25Z,1
201353,cheap,1,llama-3.2-1b,w1_w3,2048,8192,2048,28597.1,0.0112428,1,-,1,66,2026-10-06T01:21:25Z,1
201353,cheap,1,llama-3.2-1b,w2,2048,2048,8192,28560.6,0.0297226,1,-,1,66,2026-10-06T01:21:25Z,1
201355,cheap,1,llama-3.2-1b,wq_wo,2048,2048,2048,,,0,-,1,58,2026-10-06T01:24:50Z,1
201355,cheap,1,llama-3.2-1b,wk_wv,2048,512,2048,,,0,-,1,58,2026-10-06T01:24:50Z,1
201355,cheap,1,llama-3.2-1b,w1_w3,2048,8192,2048,,,0,-,1,58,2026-10-06T01:24:50Z,1
201355,cheap,1,llama-3.2-1b,w2,2048,2048,8192,,,0,-,1,58,2026-10-06T01:24:50Z,1
201359,cheap,1,llama-3.2-1b,wq_wo,2048,2048,2048,2621.27,0.0457455,1,-,1,66,2026-10-06T01:25:08Z,1
201359,cheap,1,llama-3.2-1b,wk_wv,2048,512,2048,1778.5,0.00296178,1,-,1,66,2026-10-06T01:25:08Z,1
201359,cheap,1,llama-3.2-1b,w1_w3,2048,8192,2048,10267.3,0.035271,1,-,1,66,2026-10-06T01:25:08Z,1
201359,cheap,1,llama-3.2-1b,w2,2048,2048,8192,10406.4,0.041982,1,-,1,66,2026-10-06T01:25:08Z,1
201361,cheap,1,llama-3.2-1b,wq_wo,2048,2048,2048,4394.94,0.0162428,1,-,1,67,2026-10-06T01:25:20Z,1
201361,cheap,1,llama-3.2-1b,wk_wv,2048,512,2048,1651.34,0.056438,1,-,1,67,2026-10-06T01:25:20Z,1
201361,cheap,1,llama-3.2-1b,w1_w3,2048,8192,2048,17997.7,0.0175161,1,-,1,67,2026-10-06T01:25:20Z,1
201361,cheap,1,llama-3.2-1b,w2,2048,2048,8192,17206.7,0.0185531,1,-,1,67,2026-10-06T01:25:20Z,1
201366,cheap,1,llama-3.2-1b,wq_wo,2048,2048,2048,7424.09,0.00730154,1,-,1,66,2026-10-06T01:25:41Z,1
201366,cheap,1,llama-3.2-1b,wk_wv,2048,512,2048,3587.48,0.0456342,1,-,1,66,2026-10-06T01:25:41Z,1
201366,cheap,1,llama-3.2-1b,w1_w3,2048,8192,2048,28899.9,0.00435484,1,-,1,66,2026-10-06T01:25:41Z,1
201366,cheap,1,llama-3.2-1b,w2,2048,2048,8192,28716.2,0.00669734,1,-,1,66,2026-10-06T01:25:41Z,1
201368,cheap,1,llama-3.2-1b,wq_wo,2048,2048,2048,2516.9,0.020095,1,-,1,68,2026-10-06T01:25:50Z,1
201368,cheap,1,llama-3.2-1b,wk_wv,2048,512,2048,627.796,0.0213174,1,-,1,68,2026-10-06T01:25:50Z,1
201368,cheap,1,llama-3.2-1b,w1_w3,2048,8192,2048,10142.9,0.0129993,1,-,1,68,2026-10-06T01:25:50Z,1
201368,cheap,1,llama-3.2-1b,w2,2048,2048,8192,10272.4,0.0187481,1,-,1,68,2026-10-06T01:25:50Z,1
201371,cheap,1,llama-3.2-1b,wq_wo,2048,2048,2048,1296.33,0.00317918,1,-,1,68,2026-10-06T01:25:58Z,1
201371,cheap,1,llama-3.2-1b,wk_wv,2048,512,2048,358.644,0.00610764,1,-,1,68,2026-10-06T01:25:58Z,1
201371,cheap,1,llama-3.2-1b,w1_w3,2048,8192,2048,4969.61,0.00128679,1,-,1,68,2026-10-06T01:25:58Z,1
201371,cheap,1,llama-3.2-1b,w2,2048,2048,8192,5730.4,0.00556244,1,-,1,68,2026-10-06T01:25:58Z,1
201374,cheap,1,llama-3.2-1b,wq_wo,2048,2048,2048,5017.38,0.030085,1,-,1,67,2026-10-06T01:26:08Z,1
201374,cheap,1,llama-3.2-1b,wk_wv,2048,512,2048,1301.82,0.0303553,1,-,1,67,2026-10-06T01:26:08Z,1
201374,cheap,1,llama-3.2-1b,w1_w3,2048,8192,2048,19080.8,0.0171302,1,-,1,67,2026-10-06T01:26:08Z,1
201374,cheap,1,llama-3.2-1b,w2,2048,2048,8192,20543.4,0.0143541,1,-,1,67,2026-10-06T01:26:08Z,1
201376,cheap,1,llama-3.2-1b,wq_wo,2048,2048,2048,10339.8,0.0226434,1,-,1,67,2026-10-06T01:26:24Z,1
201376,cheap,1,llama-3.2-1b,wk_wv,2048,512,2048,2636.56,0.0309155,1,-,1,67,2026-10-06T01:26:24Z,1
201376,cheap,1,llama-3.2-1b,w1_w3,2048,8192,2048,38379.8,0.0148643,1,-,1,67,2026-10-06T01:26:24Z,1
201376,cheap,1,llama-3.2-1b,w2,2048,2048,8192,38495.7,0.0354062,1,-,1,67,2026-10-06T01:26:24Z,1
201378,cheap,1,llama-3.2-1b,wq_wo,2048,2048,2048,371.02,0.0176273,1,-,1,69,2026-10-06T01:26:33Z,1
201378,cheap,1,llama-3.2-1b,wk_wv,2048,512,2048,269.932,0.00519859,1,-,1,69,2026-10-06T01:26:33Z,1
201378,cheap,1,llama-3.2-1b,w1_w3,2048,8192,2048,1638.13,0.0167028,1,-,1,69,2026-10-06T01:26:33Z,1
201378,cheap,1,llama-3.2-1b,w2,2048,2048,8192,1416.14,0.0174635,1,-,1,69,2026-10-06T01:26:33Z,1
201380,cheap,1,llama-3.2-1b,wq_wo,2048,2048,2048,6837.9,0.00598007,1,-,1,68,2026-10-06T01:26:44Z,1
201380,cheap,1,llama-3.2-1b,wk_wv,2048,512,2048,2019.19,0.0451067,1,-,1,68,2026-10-06T01:26:44Z,1
201380,cheap,1,llama-3.2-1b,w1_w3,2048,8192,2048,27342.7,0.00784713,1,-,1,68,2026-10-06T01:26:44Z,1
201380,cheap,1,llama-3.2-1b,w2,2048,2048,8192,26947.3,0.00357423,1,-,1,68,2026-10-06T01:26:44Z,1
201384,cheap,1,llama-3.2-1b,wq_wo,2048,2048,2048,1052.17,0.00555684,1,-,1,68,2026-10-06T01:26:52Z,1
201384,cheap,1,llama-3.2-1b,wk_wv,2048,512,2048,298.532,0.007194,1,-,1,68,2026-10-06T01:26:52Z,1
201384,cheap,1,llama-3.2-1b,w1_w3,2048,8192,2048,3932.14,0.00483766,1,-,1,68,2026-10-06T01:26:52Z,1
201384,cheap,1,llama-3.2-1b,w2,2048,2048,8192,4222.45,0.0030281,1,-,1,68,2026-10-06T01:26:52Z,1
201386,cheap,1,llama-3.2-1b,wq_wo,2048,2048,2048,267.852,0.0066251,1,-,1,69,2026-10-06T01:27:01Z,1
201386,cheap,1,llama-3.2-1b,wk_wv,2048,512,2048,208.052,0.00354988,1,-,1,69,2026-10-06T01:27:01Z,1
201386,cheap,1,llama-3.2-1b,w1_w3,2048,8192,2048,982.904,0.0909438,1,-,1,69,2026-10-06T01:27:01Z,1
201386,cheap,1,llama-3.2-1b,w2,2048,2048,8192,1072.63,0.00352007,1,-,1,69,2026-10-06T01:27:01Z,1
201388,cheap,1,llama-3.2-1b,wq_wo,2048,2048,2048,1357.72,0.0125548,1,-,1,69,2026-10-06T01:27:10Z,1
201388,cheap,1,llama-3.2-1b,wk_wv,2048,512,2048,324.844,0.0211185,1,-,1,69,2026-10-06T01:27:10Z,1
201388,cheap,1,llama-3.2-1b,w1_w3,2048,8192,2048,5381.27,0.00569387,1,-,1,69,2026-10-06T01:27:10Z,1
201388,cheap,1,llama-3.2-1b,w2,2048,2048,8192,5151.28,0.0180476,1,-,1,69,2026-10-06T01:27:10Z,1
201390,cheap,1,llama-3.2-1b,wq_wo,2048,2048,2048,1166.1,0.0139421,1,-,1,69,2026-10-06T01:27:18Z,1
201390,cheap,1,llama-3.2-1b,wk_wv,2048,512,2048,280.02,0.0188627,1,-,1,69,2026-10-06T01:27:18Z,1
201390,cheap,1,llama-3.2-1b,w1_w3,2048,8192,2048,4253.65,0.00985216,1,-,1,69,2026-10-06T01:27:18Z,1
201390,cheap,1,llama-3.2-1b,w2,2048,2048,8192,4531.8,0.0147515,1,-,1,69,2026-10-06T01:27:18Z,1
201394,cheap,1,llama-3.2-1b,wq_wo,2048,2048,2048,300.742,0.0113227,1,-,1,70,2026-10-06T01:27:26Z,1
201394,cheap,1,llama-3.2-1b,wk_wv,2048,512,2048,82.42,0.00896266,1,-,1,70,2026-10-06T01:27:26Z,1
201394,cheap,1,llama-3.2-1b,w1_w3,2048,8192,2048,1196,0.00976886,1,-,1,70,2026-10-06T01:27:26Z,1
201394,cheap,1,llama-3.2-1b,w2,2048,2048,8192,1104.95,0.015849,1,-,1,70,2026-10-06T01:27:26Z,1
201400,cheap,1,llama-3.2-1b,wq_wo,2048,2048,2048,579.28,0.0232766,1,-,1,70,2026-10-06T01:27:35Z,1
201400,cheap,1,llama-3.2-1b,wk_wv,2048,512,2048,177.996,0.00690375,1,-,1,70,2026-10-06T01:27:35Z,1
201400,cheap,1,llama-3.2-1b,w1_w3,2048,8192,2048,2196.4,0.025269,1,-,1,70,2026-10-06T01:27:35Z,1
201400,cheap,1,llama-3.2-1b,w2,2048,2048,8192,2527.49,0.0149185,1,-,1,70,2026-10-06T01:27:35Z,1
base,cheap,b11,llama-3.2-1b,wq_wo,2048,2048,2048,184.08,0.0187795,1,-,1,70,2026-10-06T01:27:42Z,1
base,cheap,b11,llama-3.2-1b,wk_wv,2048,512,2048,52.676,0.0249746,1,-,1,70,2026-10-06T01:27:42Z,1
base,cheap,b11,llama-3.2-1b,w1_w3,2048,8192,2048,751.712,0.0172449,1,-,1,70,2026-10-06T01:27:42Z,1
base,cheap,b11,llama-3.2-1b,w2,2048,2048,8192,824.304,0.0163038,1,-,1,70,2026-10-06T01:27:42Z,1
201404,cheap,1,llama-3.2-1b,wq_wo,2048,2048,2048,5073.22,0.00609524,1,-,1,68,2026-10-06T01:27:51Z,1
201404,cheap,1,llama-3.2-1b,wk_wv,2048,512,2048,1317.89,0.0152491,1,-,1,68,2026-10-06T01:27:51Z,1
201404,cheap,1,llama-3.2-1b,w1_w3,2048,8192,2048,19482.9,0.00249359,1,-,1,68,2026-10-06T01:27:51Z,1
201404,cheap,1,llama-3.2-1b,w2,2048,2048,8192,20706.4,0.00653611,1,-,1,68,2026-10-06T01:27:51Z,1
201407,cheap,1,llama-3.2-1b,wq_wo,2048,2048,2048,4612.45,0.0164752,1,-,1,68,2026-10-06T01:28:00Z,1
201407,cheap,1,llama-3.2-1b,wk_wv,2048,512,2048,1183.08,0.0432799,1,-,1,68,2026-10-06T01:28:00Z,1
201407,cheap,1,llama-3.2-1b,w1_w3,2048,8192,2048,17002.4,0.0214311,1,-,1,68,2026-10-06T01:28:00Z,1
201407,cheap,1,llama-3.2-1b,w2,2048,2048,8192,18313.6,0.0198114,1,-,1,68,2026-10-06T01:28:00Z,1
201411,cheap,1,llama-3.2-1b,wq_wo,2048,2048,2048,4737.51,0.0160623,1,-,1,68,2026-10-06T01:28:08Z,1
201411,cheap,1,llama-3.2-1b,wk_wv,2048,512,2048,1273.71,0.030634,1,-,1,68,2026-10-06T01:28:08Z,1
201411,cheap,1,llama-3.2-1b,w1_w3,2048,8192,2048,18008,0.0085934,1,-,1,68,2026-10-06T01:28:08Z,1
201411,cheap,1,llama-3.2-1b,w2,2048,2048,8192,19460.7,0.0153278,1,-,1,68,2026-10-06T01:28:08Z,1
201413,cheap,1,llama-3.2-1b,wq_wo,2048,2048,2048,7284.06,0.00742907,1,-,1,66,2026-10-06T01:28:28Z,1
201413,cheap,1,llama-3.2-1b,wk_wv,2048,512,2048,3693.66,0.0497268,1,-,1,66,2026-10-06T01:28:28Z,1
201413,cheap,1,llama-3.2-1b,w1_w3,2048,8192,2048,28410.5,0.00783076,1,-,1,66,2026-10-06T01:28:28Z,1
201413,cheap,1,llama-3.2-1b,w2,2048,2048,8192,28111.1,0.00939908,1,-,1,66,2026-10-06T01:28:28Z,1
201415,cheap,1,llama-3.2-1b,wq_wo,2048,2048,2048,548.184,0.00280536,1,-,1,67,2026-10-06T01:28:35Z,1
201415,cheap,1,llama-3.2-1b,wk_wv,2048,512,2048,127.92,0.00785482,1,-,1,67,2026-10-06T01:28:35Z,1
201415,cheap,1,llama-3.2-1b,w1_w3,2048,8192,2048,1988.01,0.00226153,1,-,1,67,2026-10-06T01:28:35Z,1
201415,cheap,1,llama-3.2-1b,w2,2048,2048,8192,2136.47,0.00465181,1,-,1,67,2026-10-06T01:28:35Z,1
201419,cheap,1,llama-3.2-1b,wq_wo,2048,2048,2048,494.65,0.00810009,1,-,1,69,2026-10-06T01:28:43Z,1
201419,cheap,1,llama-3.2-1b,wk_wv,2048,512,2048,147.264,0.0204583,1,-,1,69,2026-10-06T01:28:43Z,1
201419,cheap,1,llama-3.2-1b,w1_w3,2048,8192,2048,1918.75,0.00893547,1,-,1,69,2026-10-06T01:28:43Z,1
201419,cheap,1,llama-3.2-1b,w2,2048,2048,8192,1967.37,0.00869252,1,-,1,69,2026-10-06T01:28:43Z,1
201424,cheap,1,llama-3.2-1b,wq_wo,2048,2048,2048,344.89,0.0186508,1,-,1,70,2026-10-06T01:28:50Z,1
201424,cheap,1,llama-3.2-1b,wk_wv,2048,512,2048,89.544,0.0119421,1,-,1,70,2026-10-06T01:28:50Z,1
201424,cheap,1,llama-3.2-1b,w1_w3,2048,8192,2048,1229.85,0.0163592,1,-,1,70,2026-10-06T01:28:50Z,1
201424,cheap,1,llama-3.2-1b,w2,2048,2048,8192,1426.72,0.0204404,1,-,1,70,2026-10-06T01:28:50Z,1
201427,cheap,1,llama-3.2-1b,wq_wo,2048,2048,2048,1201.75,0.00506076,1,-,1,69,2026-10-06T01:28:59Z,1
201427,cheap,1,llama-3.2-1b,wk_wv,2048,512,2048,285.376,0.00679118,1,-,1,69,2026-10-06T01:28:59Z,1
201427,cheap,1,llama-3.2-1b,w1_w3,2048,8192,2048,4430.97,0.00421734,1,-,1,69,2026-10-06T01:28:59Z,1
201427,cheap,1,llama-3.2-1b,w2,2048,2048,8192,4934.49,0.0051818,1,-,1,69,2026-10-06T01:28:59Z,1
201431,cheap,1,llama-3.2-1b,wq_wo,2048,2048,2048,18106,0.0150384,1,-,1,67,2026-10-06T01:29:19Z,1
201431,cheap,1,llama-3.2-1b,wk_wv,2048,512,2048,4606.06,0.019685,1,-,1,67,2026-10-06T01:29:19Z,1
201431,cheap,1,llama-3.2-1b,w1_w3,2048,8192,2048,70594.1,0.0052164,1,-,1,67,2026-10-06T01:29:19Z,1
201431,cheap,1,llama-3.2-1b,w2,2048,2048,8192,71404.3,0.0122714,1,-,1,67,2026-10-06T01:29:19Z,1
201433,cheap,1,llama-3.2-1b,wq_wo,2048,2048,2048,4516.88,0.0177426,1,-,1,67,2026-10-06T01:29:35Z,1
201433,cheap,1,llama-3.2-1b,wk_wv,2048,512,2048,1276.81,0.0252618,1,-,1,67,2026-10-06T01:29:35Z,1
201433,cheap,1,llama-3.2-1b,w1_w3,2048,8192,2048,16929.4,0.00853844,1,-,1,67,2026-10-06T01:29:35Z,1
201433,cheap,1,llama-3.2-1b,w2,2048,2048,8192,17845.4,0.0128502,1,-,1,67,2026-10-06T01:29:35Z,1
201435,cheap,1,llama-3.2-1b,wq_wo,2048,2048,2048,2142.82,0.0236721,1,-,1,67,2026-10-06T01:29:51Z,1
201435,cheap,1,llama-3.2-1b,wk_wv,2048,512,2048,715.884,0.0388415,1,-,1,67,2026-10-06T01:29:51Z,1
201435,cheap,1,llama-3.2-1b,w1_w3,2048,8192,2048,8924.66,0.0172831,1,-,1,67,2026-10-06T01:29:51Z,1
201435,cheap,1,llama-3.2-1b,w2,2048,2048,8192,8487.28,0.0337798,1,-,1,67,2026-10-06T01:29:51Z,1
201440,cheap,1,llama-3.2-1b,wq_wo,2048,2048,2048,1136.77,0.0122361,1,-,1,68,2026-10-06T01:30:02Z,1
201440,cheap,1,llama-3.2-1b,wk_wv,2048,512,2048,288.184,0.022052,1,-,1,68,2026-10-06T01:30:02Z,1
201440,cheap,1,llama-3.2-1b,w1_w3,2048,8192,2048,4157.76,0.00783179,1,-,1,68,2026-10-06T01:30:02Z,1
201440,cheap,1,llama-3.2-1b,w2,2048,2048,8192,4360.72,0.00841217,1,-,1,68,2026-10-06T01:30:02Z,1
201445,cheap,1,llama-3.2-1b,wq_wo,2048,2048,2048,680.836,0.00525607,1,-,1,69,2026-10-06T01:30:18Z,1
201445,cheap,1,llama-3.2-1b,wk_wv,2048,512,2048,201.24,0.00639364,1,-,1,69,2026-10-06T01:30:18Z,1
201445,cheap,1,llama-3.2-1b,w1_w3,2048,8192,2048,2597.04,0.00340874,1,-,1,69,2026-10-06T01:30:18Z,1
201445,cheap,1,llama-3.2-1b,w2,2048,2048,8192,2757.92,0.00481785,1,-,1,69,2026-10-06T01:30:18Z,1
201448,cheap,1,llama-3.2-1b,wq_wo,2048,2048,2048,2088.94,0.0182121,1,-,1,67,2026-10-06T01:30:34Z,1
201448,cheap,1,llama-3.2-1b,wk_wv,2048,512,2048,1209.86,0.0779598,1,-,1,67,2026-10-06T01:30:34Z,1
201448,cheap,1,llama-3.2-1b,w1_w3,2048,8192,2048,8308.85,0.0155,1,-,1,67,2026-10-06T01:30:34Z,1
201448,cheap,1,llama-3.2-1b,w2,2048,2048,8192,8164,0.0224222,1,-,1,67,2026-10-06T01:30:34Z,1
201450,cheap,1,llama-3.2-1b,wq_wo,2048,2048,2048,8340.96,0.0192903,1,-,1,67,2026-10-06T01:30:50Z,1
201450,cheap,1,llama-3.2-1b,wk_wv,2048,512,2048,2154.05,0.0317347,1,-,1,67,2026-10-06T01:30:50Z,1
201450,cheap,1,llama-3.2-1b,w1_w3,2048,8192,2048,31585,0.0107114,1,-,1,67,2026-10-06T01:30:50Z,1
201450,cheap,1,llama-3.2-1b,w2,2048,2048,8192,33535.4,0.0226349,1,-,1,67,2026-10-06T01:30:50Z,1
201453,cheap,1,llama-3.2-1b,wq_wo,2048,2048,2048,13316.8,0.0172549,1,-,1,67,2026-10-06T01:31:04Z,1
201453,cheap,1,llama-3.2-1b,wk_wv,2048,512,2048,3228.99,0.0366821,1,-,1,67,2026-10-06T01:31:04Z,1
201453,cheap,1,llama-3.2-1b,w1_w3,2048,8192,2048,50734.9,0.00476088,1,-,1,67,2026-10-06T01:31:04Z,1
201453,cheap,1,llama-3.2-1b,w2,2048,2048,8192,53679.9,0.000941201,1,-,1,67,2026-10-06T01:31:04Z,1
201455,cheap,1,llama-3.2-1b,wq_wo,2048,2048,2048,5500.77,0.0148041,1,-,1,67,2026-10-06T01:31:19Z,1
201455,cheap,1,llama-3.2-1b,wk_wv,2048,512,2048,1402.86,0.0264908,1,-,1,67,2026-10-06T01:31:19Z,1
201455,cheap,1,llama-3.2-1b,w1_w3,2048,8192,2048,21623.4,0.00407407,1,-,1,67,2026-10-06T01:31:19Z,1
201455,cheap,1,llama-3.2-1b,w2,2048,2048,8192,22218.4,0.0137989,1,-,1,67,2026-10-06T01:31:19Z,1
201457,cheap,1,llama-3.2-1b,wq_wo,2048,2048,2048,1333.49,0.00424742,1,-,1,67,2026-10-06T01:31:32Z,1
201457,cheap,1,llama-3.2-1b,wk_wv,2048,512,2048,379.548,0.00760045,1,-,1,67,2026-10-06T01:31:32Z,1
201457,cheap,1,llama-3.2-1b,w1_w3,2048,8192,2048,5194.33,0.00429851,1,-,1,67,2026-10-06T01:31:32Z,1
201457,cheap,1,llama-3.2-1b,w2,2048,2048,8192,5381.56,0.00412188,1,-,1,67,2026-10-06T01:31:32Z,1
201460,cheap,1,llama-3.2-1b,wq_wo,2048,2048,2048,2414.05,0.0245664,1,-,1,68,2026-10-06T01:31:46Z,1
201460,cheap,1,llama-3.2-1b,wk_wv,2048,512,2048,695.188,0.0410629,1,-,1,68,2026-10-06T01:31:46Z,1
201460,cheap,1,llama-3.2-1b,w1_w3,2048,8192,2048,9142.95,0.00975737,1,-,1,68,2026-10-06T01:31:46Z,1
201460,cheap,1,llama-3.2-1b,w2,2048,2048,8192,11168.1,0.0221381,1,-,1,68,2026-10-06T01:31:46Z,1
201462,cheap,1,llama-3.2-1b,wq_wo,2048,2048,2048,8126.51,0.0333947,1,-,1,66,2026-10-06T01:31:58Z,1
201462,cheap,1,llama-3.2-1b,wk_wv,2048,512,2048,2097.21,0.040044,1,-,1,66,2026-10-06T01:31:58Z,1
201462,cheap,1,llama-3.2-1b,w1_w3,2048,8192,2048,30358.9,0.0166968,1,-,1,66,2026-10-06T01:31:58Z,1
201462,cheap,1,llama-3.2-1b,w2,2048,2048,8192,33046.9,0.0151189,1,-,1,66,2026-10-06T01:31:58Z,1
201464,cheap,1,llama-3.2-1b,wq_wo,2048,2048,2048,3244.8,0.0294391,1,-,1,68,2026-10-06T01:32:12Z,1
201464,cheap,1,llama-3.2-1b,wk_wv,2048,512,2048,833.508,0.0324901,1,-,1,68,2026-10-06T01:32:12Z,1
201464,cheap,1,llama-3.2-1b,w1_w3,2048,8192,2048,12547.8,0.0100459,1,-,1,68,2026-10-06T01:32:12Z,1
201464,cheap,1,llama-3.2-1b,w2,2048,2048,8192,13458.6,0.0313754,1,-,1,68,2026-10-06T01:32:12Z,1
201468,cheap,1,llama-3.2-1b,wq_wo,2048,2048,2048,,,0,-,1,60,2026-10-06T01:33:43Z,1
201468,cheap,1,llama-3.2-1b,wk_wv,2048,512,2048,,,0,-,1,60,2026-10-06T01:33:43Z,1
201468,cheap,1,llama-3.2-1b,w1_w3,2048,8192,2048,,,0,-,1,60,2026-10-06T01:33:43Z,1
201468,cheap,1,llama-3.2-1b,w2,2048,2048,8192,,,0,-,1,60,2026-10-06T01:33:43Z,1
201470,cheap,1,llama-3.2-1b,wq_wo,2048,2048,2048,365.144,0.00326396,1,-,1,66,2026-10-06T01:33:57Z,1
201470,cheap,1,llama-3.2-1b,wk_wv,2048,512,2048,126.62,0.00661925,1,-,1,66,2026-10-06T01:33:57Z,1
201470,cheap,1,llama-3.2-1b,w1_w3,2048,8192,2048,1321.87,0.00368956,1,-,1,66,2026-10-06T01:33:57Z,1
201470,cheap,1,llama-3.2-1b,w2,2048,2048,8192,1624.64,0.00544762,1,-,1,66,2026-10-06T01:33:57Z,1
201473,cheap,1,llama-3.2-1b,wq_wo,2048,2048,2048,675.272,0.0161627,1,-,1,68,2026-10-06T01:34:12Z,1
201473,cheap,1,llama-3.2-1b,wk_wv,2048,512,2048,336.492,0.00954452,1,-,1,68,2026-10-06T01:34:12Z,1
201473,cheap,1,llama-3.2-1b,w1_w3,2048,8192,2048,2773,0.011581,1,-,1,68,2026-10-06T01:34:12Z,1
201473,cheap,1,llama-3.2-1b,w2,2048,2048,8192,2495.82,0.0153304,1,-,1,68,2026-10-06T01:34:12Z,1
201475,cheap,1,llama-3.2-1b,wq_wo,2048,2048,2048,578.604,0.0435633,1,-,1,69,2026-10-06T01:34:26Z,1
201475,cheap,1,llama-3.2-1b,wk_wv,2048,512,2048,184.886,0.00573991,1,-,1,69,2026-10-06T01:34:26Z,1
201475,cheap,1,llama-3.2-1b,w1_w3,2048,8192,2048,1745.28,0.0113546,1,-,1,69,2026-10-06T01:34:26Z,1
201475,cheap,1,llama-3.2-1b,w2,2048,2048,8192,2360.12,0.0541111,1,-,1,69,2026-10-06T01:34:26Z,1
201479,cheap,1,llama-3.2-1b,wq_wo,2048,2048,2048,2008.16,0.0202253,1,-,1,67,2026-10-06T01:34:34Z,1
201479,cheap,1,llama-3.2-1b,wk_wv,2048,512,2048,758.446,0.0329739,1,-,1,67,2026-10-06T01:34:34Z,1
201479,cheap,1,llama-3.2-1b,w1_w3,2048,8192,2048,8390.82,0.0173006,1,-,1,67,2026-10-06T01:34:34Z,1
201479,cheap,1,llama-3.2-1b,w2,2048,2048,8192,7890.58,0.0266266,1,-,1,67,2026-10-06T01:34:34Z,1
201481,cheap,1,llama-3.2-1b,wq_wo,2048,2048,2048,3390.35,0.0349038,1,-,1,68,2026-10-06T01:34:47Z,1
201481,cheap,1,llama-3.2-1b,wk_wv,2048,512,2048,1318.3,0.0254945,1,-,1,68,2026-10-06T01:34:47Z,1
201481,cheap,1,llama-3.2-1b,w1_w3,2048,8192,2048,12204,0.0289183,1,-,1,68,2026-10-06T01:34:47Z,1
201481,cheap,1,llama-3.2-1b,w2,2048,2048,8192,13345.1,0.0274741,1,-,1,68,2026-10-06T01:34:47Z,1
201484,cheap,1,llama-3.2-1b,wq_wo,2048,2048,2048,1547.1,0.00410398,1,-,1,69,2026-10-06T01:34:58Z,1
201484,cheap,1,llama-3.2-1b,wk_wv,2048,512,2048,350.116,0.00503214,1,-,1,69,2026-10-06T01:34:58Z,1
201484,cheap,1,llama-3.2-1b,w1_w3,2048,8192,2048,5480.62,0.00204386,1,-,1,69,2026-10-06T01:34:58Z,1
201484,cheap,1,llama-3.2-1b,w2,2048,2048,8192,6229.81,0.00500353,1,-,1,69,2026-10-06T01:34:58Z,1
201486,cheap,1,llama-3.2-1b,wq_wo,2048,2048,2048,1248.44,0.00527075,1,-,1,68,2026-10-06T01:35:13Z,1
201486,cheap,1,llama-3.2-1b,wk_wv,2048,512,2048,441.376,0.00810077,1,-,1,68,2026-10-06T01:35:13Z,1
201486,cheap,1,llama-3.2-1b,w1_w3,2048,8192,2048,4315.71,0.00382492,1,-,1,68,2026-10-06T01:35:13Z,1
201486,cheap,1,llama-3.2-1b,w2,2048,2048,8192,5264.48,0.00500152,1,-,1,68,2026-10-06T01:35:13Z,1
201489,cheap,1,llama-3.2-1b,wq_wo,2048,2048,2048,1806.79,0.00945866,1,-,1,68,2026-10-06T01:35:26Z,1
201489,cheap,1,llama-3.2-1b,wk_wv,2048,512,2048,542.672,0.00656254,1,-,1,68,2026-10-06T01:35:26Z,1
201489,cheap,1,llama-3.2-1b,w1_w3,2048,8192,2048,6695.78,0.00323883,1,-,1,68,2026-10-06T01:35:26Z,1
201489,cheap,1,llama-3.2-1b,w2,2048,2048,8192,7119.74,0.00806512,1,-,1,68,2026-10-06T01:35:26Z,1
201492,cheap,1,llama-3.2-1b,wq_wo,2048,2048,2048,2459.52,0.0209658,1,-,1,68,2026-10-06T01:35:41Z,1
201492,cheap,1,llama-3.2-1b,wk_wv,2048,512,2048,1504.62,0.0693639,1,-,1,68,2026-10-06T01:35:41Z,1
201492,cheap,1,llama-3.2-1b,w1_w3,2048,8192,2048,9603.78,0.0186594,1,-,1,68,2026-10-06T01:35:41Z,1
201492,cheap,1,llama-3.2-1b,w2,2048,2048,8192,9731.44,0.0226531,1,-,1,68,2026-10-06T01:35:41Z,1
201495,cheap,1,llama-3.2-1b,wq_wo,2048,2048,2048,290.758,0.00762678,1,-,1,69,2026-10-06T01:35:53Z,1
201495,cheap,1,llama-3.2-1b,wk_wv,2048,512,2048,77.428,0.00693945,1,-,1,69,2026-10-06T01:35:53Z,1
201495,cheap,1,llama-3.2-1b,w1_w3,2048,8192,2048,1197.04,0.00793615,1,-,1,69,2026-10-06T01:35:53Z,1
201495,cheap,1,llama-3.2-1b,w2,2048,2048,8192,1401.45,0.00780017,1,-,1,69,2026-10-06T01:35:53Z,1
201500,cheap,1,llama-3.2-1b,wq_wo,2048,2048,2048,6900.69,0.0180111,1,-,1,68,2026-10-06T01:36:07Z,1
201500,cheap,1,llama-3.2-1b,wk_wv,2048,512,2048,2576,0.0504646,1,-,1,68,2026-10-06T01:36:07Z,1
201500,cheap,1,llama-3.2-1b,w1_w3,2048,8192,2048,26810.3,0.014156,1,-,1,68,2026-10-06T01:36:07Z,1
201500,cheap,1,llama-3.2-1b,w2,2048,2048,8192,27249.6,0.0199455,1,-,1,68,2026-10-06T01:36:07Z,1
201503,cheap,1,llama-3.2-1b,wq_wo,2048,2048,2048,648.076,0.00802858,1,-,1,68,2026-10-06T01:36:17Z,1
201503,cheap,1,llama-3.2-1b,wk_wv,2048,512,2048,166.868,0.00338177,1,-,1,68,2026-10-06T01:36:17Z,1
201503,cheap,1,llama-3.2-1b,w1_w3,2048,8192,2048,2787.88,0.00523931,1,-,1,68,2026-10-06T01:36:17Z,1
201503,cheap,1,llama-3.2-1b,w2,2048,2048,8192,3032.9,0.00223235,1,-,1,68,2026-10-06T01:36:17Z,1
201508,cheap,1,llama-3.2-1b,wq_wo,2048,2048,2048,467.844,0.00139043,1,-,1,68,2026-10-06T01:36:32Z,1
201508,cheap,1,llama-3.2-1b,wk_wv,2048,512,2048,121.68,0.00354068,1,-,1,68,2026-10-06T01:36:32Z,1
201508,cheap,1,llama-3.2-1b,w1_w3,2048,8192,2048,1872.03,0.0024897,1,-,1,68,2026-10-06T01:36:32Z,1
201508,cheap,1,llama-3.2-1b,w2,2048,2048,8192,2191.9,0.00218448,1,-,1,68,2026-10-06T01:36:32Z,1
201511,cheap,1,llama-3.2-1b,wq_wo,2048,2048,2048,1635.35,0.0125645,1,-,1,68,2026-10-06T01:36:46Z,1
201511,cheap,1,llama-3.2-1b,wk_wv,2048,512,2048,472.368,0.00696318,1,-,1,68,2026-10-06T01:36:46Z,1
201511,cheap,1,llama-3.2-1b,w1_w3,2048,8192,2048,6195.75,0.00473188,1,-,1,68,2026-10-06T01:36:46Z,1
201511,cheap,1,llama-3.2-1b,w2,2048,2048,8192,6371.46,0.0173308,1,-,1,68,2026-10-06T01:36:46Z,1
201515,cheap,1,llama-3.2-1b,wq_wo,2048,2048,2048,1730.72,0.00224817,1,-,1,68,2026-10-06T01:36:57Z,1
201515,cheap,1,llama-3.2-1b,wk_wv,2048,512,2048,470.132,0.00380688,1,-,1,68,2026-10-06T01:36:57Z,1
201515,cheap,1,llama-3.2-1b,w1_w3,2048,8192,2048,6867.74,0.00460732,1,-,1,68,2026-10-06T01:36:57Z,1
201515,cheap,1,llama-3.2-1b,w2,2048,2048,8192,6991.09,0.00219879,1,-,1,68,2026-10-06T01:36:57Z,1
201519,cheap,1,llama-3.2-1b,wq_wo,2048,2048,2048,22030.2,0.0221538,1,-,1,66,2026-10-06T01:37:12Z,1
201519,cheap,1,llama-3.2-1b,wk_wv,2048,512,2048,5817.27,0.0292807,1,-,1,66,2026-10-06T01:37:12Z,1
201519,cheap,1,llama-3.2-1b,w1_w3,2048,8192,2048,85493.1,0.0141427,1,-,1,66,2026-10-06T01:37:12Z,1
201519,cheap,1,llama-3.2-1b,w2,2048,2048,8192,85257.7,0.0175408,1,-,1,66,2026-10-06T01:37:12Z,1
201522,cheap,1,llama-3.2-1b,wq_wo,2048,2048,2048,1904.97,0.0355783,1,-,1,67,2026-10-06T01:37:27Z,1
201522,cheap,1,llama-3.2-1b,wk_wv,2048,512,2048,482.404,0.0420663,1,-,1,67,2026-10-06T01:37:27Z,1
201522,cheap,1,llama-3.2-1b,w1_w3,2048,8192,2048,7306.36,0.023895,1,-,1,67,2026-10-06T01:37:27Z,1
201522,cheap,1,llama-3.2-1b,w2,2048,2048,8192,7887.07,0.0326067,1,-,1,67,2026-10-06T01:37:27Z,1
201525,cheap,1,llama-3.2-1b,wq_wo,2048,2048,2048,327.6,0.0128815,1,-,1,69,2026-10-06T01:37:40Z,1
201525,cheap,1,llama-3.2-1b,wk_wv,2048,512,2048,87.464,0.0121843,1,-,1,69,2026-10-06T01:37:40Z,1
201525,cheap,1,llama-3.2-1b,w1_w3,2048,8192,2048,1121.2,0.0147224,1,-,1,69,2026-10-06T01:37:40Z,1
201525,cheap,1,llama-3.2-1b,w2,2048,2048,8192,1392.69,0.0157929,1,-,1,69,2026-10-06T01:37:40Z,1
201529,cheap,1,llama-3.2-1b,wq_wo,2048,2048,2048,10534.4,0.0357796,1,-,1,67,2026-10-06T01:38:01Z,1
201529,cheap,1,llama-3.2-1b,wk_wv,2048,512,2048,2718.09,0.0561114,1,-,1,67,2026-10-06T01:38:01Z,1
201529,cheap,1,llama-3.2-1b,w1_w3,2048,8192,2048,39666.6,0.017584,1,-,1,67,2026-10-06T01:38:01Z,1
201529,cheap,1,llama-3.2-1b,w2,2048,2048,8192,41356.3,0.0260179,1,-,1,67,2026-10-06T01:38:01Z,1
201531,cheap,1,llama-3.2-1b,wq_wo,2048,2048,2048,519.74,0.0296943,1,-,1,68,2026-10-06T01:38:16Z,1
201531,cheap,1,llama-3.2-1b,wk_wv,2048,512,2048,165.828,0.00935895,1,-,1,68,2026-10-06T01:38:16Z,1
201531,cheap,1,llama-3.2-1b,w1_w3,2048,8192,2048,1693.43,0.0156863,1,-,1,68,2026-10-06T01:38:16Z,1
201531,cheap,1,llama-3.2-1b,w2,2048,2048,8192,2185.46,0.0287345,1,-,1,68,2026-10-06T01:38:16Z,1
201534,cheap,1,llama-3.2-1b,wq_wo,2048,2048,2048,719.212,0.00958346,1,-,1,69,2026-10-06T01:38:29Z,1
201534,cheap,1,llama-3.2-1b,wk_wv,2048,512,2048,181.064,0.00750046,1,-,1,69,2026-10-06T01:38:29Z,1
201534,cheap,1,llama-3.2-1b,w1_w3,2048,8192,2048,2741.13,0.00448282,1,-,1,69,2026-10-06T01:38:29Z,1
201534,cheap,1,llama-3.2-1b,w2,2048,2048,8192,2944.79,0.0132509,1,-,1,69,2026-10-06T01:38:29Z,1
201537,cheap,1,llama-3.2-1b,wq_wo,2048,2048,2048,1283.26,0.00954235,1,-,1,68,2026-10-06T01:38:39Z,1
201537,cheap,1,llama-3.2-1b,wk_wv,2048,512,2048,323.232,0.0182432,1,-,1,68,2026-10-06T01:38:39Z,1
201537,cheap,1,llama-3.2-1b,w1_w3,2048,8192,2048,4786.6,0.0101141,1,-,1,68,2026-10-06T01:38:39Z,1
201537,cheap,1,llama-3.2-1b,w2,2048,2048,8192,5294.38,0.00790702,1,-,1,68,2026-10-06T01:38:39Z,1
201539,cheap,1,llama-3.2-1b,wq_wo,2048,2048,2048,16781,0.0119523,1,-,1,66,2026-10-06T01:39:13Z,1
201539,cheap,1,llama-3.2-1b,wk_wv,2048,512,2048,4212.99,0.0195351,1,-,1,66,2026-10-06T01:39:13Z,1
201539,cheap,1,llama-3.2-1b,w1_w3,2048,8192,2048,65806.4,0.00165334,1,-,1,66,2026-10-06T01:39:13Z,1
201539,cheap,1,llama-3.2-1b,w2,2048,2048,8192,65750.6,0.01216,1,-,1,66,2026-10-06T01:39:13Z,1
201541,cheap,1,llama-3.2-1b,wq_wo,2048,2048,2048,501.384,0.00821422,1,-,1,68,2026-10-06T01:39:28Z,1
201541,cheap,1,llama-3.2-1b,wk_wv,2048,512,2048,130.572,0.00702009,1,-,1,68,2026-10-06T01:39:28Z,1
201541,cheap,1,llama-3.2-1b,w1_w3,2048,8192,2048,2000.86,0.00435024,1,-,1,68,2026-10-06T01:39:28Z,1
201541,cheap,1,llama-3.2-1b,w2,2048,2048,8192,2106.1,0.00931836,1,-,1,68,2026-10-06T01:39:28Z,1
201544,cheap,1,llama-3.2-1b,wq_wo,2048,2048,2048,495.56,0.0269634,1,-,1,69,2026-10-06T01:39:41Z,1
201544,cheap,1,llama-3.2-1b,wk_wv,2048,512,2048,170.872,0.00539133,1,-,1,69,2026-10-06T01:39:41Z,1
201544,cheap,1,llama-3.2-1b,w1_w3,2048,8192,2048,1688.8,0.0193027,1,-,1,69,2026-10-06T01:39:41Z,1
201544,cheap,1,llama-3.2-1b,w2,2048,2048,8192,1960.56,0.0245553,1,-,1,69,2026-10-06T01:39:41Z,1
201548,cheap,1,llama-3.2-1b,wq_wo,2048,2048,2048,4586.97,0.0158296,1,-,1,68,2026-10-06T01:39:57Z,1
201548,cheap,1,llama-3.2-1b,wk_wv,2048,512,2048,965.432,0.0275771,1,-,1,68,2026-10-06T01:39:57Z,1
201548,cheap,1,llama-3.2-1b,w1_w3,2048,8192,2048,18711.6,0.0068973,1,-,1,68,2026-10-06T01:39:57Z,1
201548,cheap,1,llama-3.2-1b,w2,2048,2048,8192,18681.8,0.00777375,1,-,1,68,2026-10-06T01:39:57Z,1
201550,cheap,1,llama-3.2-1b,wq_wo,2048,2048,2048,2091.86,0.0220114,1,-,1,67,2026-10-06T01:40:12Z,1
201550,cheap,1,llama-3.2-1b,wk_wv,2048,512,2048,750.828,0.0332172,1,-,1,67,2026-10-06T01:40:12Z,1
201550,cheap,1,llama-3.2-1b,w1_w3,2048,8192,2048,8635.59,0.0161127,1,-,1,67,2026-10-06T01:40:12Z,1
201550,cheap,1,llama-3.2-1b,w2,2048,2048,8192,8371.32,0.021746,1,-,1,67,2026-10-06T01:40:12Z,1
201552,cheap,1,llama-3.2-1b,wq_wo,2048,2048,2048,6843.98,0.0248592,1,-,1,68,2026-10-06T01:40:28Z,1
201552,cheap,1,llama-3.2-1b,wk_wv,2048,512,2048,1936.38,0.0579728,1,-,1,68,2026-10-06T01:40:28Z,1
201552,cheap,1,llama-3.2-1b,w1_w3,2048,8192,2048,24369,0.0111169,1,-,1,68,2026-10-06T01:40:28Z,1
201552,cheap,1,llama-3.2-1b,w2,2048,2048,8192,27127.7,0.030021,1,-,1,68,2026-10-06T01:40:28Z,1
base,cheap,b12,llama-3.2-1b,wq_wo,2048,2048,2048,184.08,0.0118099,1,-,1,69,2026-10-06T01:40:42Z,1
base,cheap,b12,llama-3.2-1b,wk_wv,2048,512,2048,52.78,0.00849005,1,-,1,69,2026-10-06T01:40:42Z,1
base,cheap,b12,llama-3.2-1b,w1_w3,2048,8192,2048,750.048,0.0172261,1,-,1,69,2026-10-06T01:40:42Z,1
base,cheap,b12,llama-3.2-1b,w2,2048,2048,8192,823.732,0.0155294,1,-,1,69,2026-10-06T01:40:42Z,1
201557,cheap,1,llama-3.2-1b,wq_wo,2048,2048,2048,423.54,0.015206,1,-,1,68,2026-10-06T01:40:57Z,1
201557,cheap,1,llama-3.2-1b,wk_wv,2048,512,2048,108.628,0.00959304,1,-,1,68,2026-10-06T01:40:57Z,1
201557,cheap,1,llama-3.2-1b,w1_w3,2048,8192,2048,1554.51,0.0104647,1,-,1,68,2026-10-06T01:40:57Z,1
201557,cheap,1,llama-3.2-1b,w2,2048,2048,8192,1913.08,0.0220338,1,-,1,68,2026-10-06T01:40:57Z,1
201559,cheap,1,llama-3.2-1b,wq_wo,2048,2048,2048,5647.82,0.0181793,1,-,1,66,2026-10-06T01:41:12Z,1
201559,cheap,1,llama-3.2-1b,wk_wv,2048,512,2048,2043.08,0.0443669,1,-,1,66,2026-10-06T01:41:12Z,1
201559,cheap,1,llama-3.2-1b,w1_w3,2048,8192,2048,21313.5,0.0094384,1,-,1,66,2026-10-06T01:41:12Z,1
201559,cheap,1,llama-3.2-1b,w2,2048,2048,8192,21903.1,0.0156357,1,-,1,66,2026-10-06T01:41:12Z,1
201561,cheap,1,llama-3.2-1b,wq_wo,2048,2048,2048,6001.03,0.0141861,1,-,1,68,2026-10-06T01:41:28Z,1
201561,cheap,1,llama-3.2-1b,wk_wv,2048,512,2048,1515.7,0.0141677,1,-,1,68,2026-10-06T01:41:28Z,1
201561,cheap,1,llama-3.2-1b,w1_w3,2048,8192,2048,24537.3,0.00917842,1,-,1,68,2026-10-06T01:41:28Z,1
201561,cheap,1,llama-3.2-1b,w2,2048,2048,8192,23299.5,0.0175851,1,-,1,68,2026-10-06T01:41:28Z,1
201563,cheap,1,llama-3.2-1b,wq_wo,2048,2048,2048,44957.1,0.00636692,1,-,1,66,2026-10-06T01:42:27Z,1
201563,cheap,1,llama-3.2-1b,wk_wv,2048,512,2048,11132.5,0.0143121,1,-,1,66,2026-10-06T01:42:27Z,1
201563,cheap,1,llama-3.2-1b,w1_w3,2048,8192,2048,177911,0.00350229,1,-,1,66,2026-10-06T01:42:27Z,1
201563,cheap,1,llama-3.2-1b,w2,2048,2048,8192,180561,0.00788644,1,-,1,66,2026-10-06T01:42:27Z,1
201565,cheap,1,llama-3.2-1b,wq_wo,2048,2048,2048,532.896,0.00928818,1,-,1,67,2026-10-06T01:42:40Z,1
201565,cheap,1,llama-3.2-1b,wk_wv,2048,512,2048,134.108,0.00542537,1,-,1,67,2026-10-06T01:42:40Z,1
201565,cheap,1,llama-3.2-1b,w1_w3,2048,8192,2048,1904.97,0.00552003,1,-,1,67,2026-10-06T01:42:40Z,1
201565,cheap,1,llama-3.2-1b,w2,2048,2048,8192,2158.36,0.0106283,1,-,1,67,2026-10-06T01:42:40Z,1
201567,cheap,1,llama-3.2-1b,wq_wo,2048,2048,2048,2243.75,0.00549777,1,-,1,67,2026-10-06T01:42:55Z,1
201567,cheap,1,llama-3.2-1b,wk_wv,2048,512,2048,837.876,0.00772497,1,-,1,67,2026-10-06T01:42:55Z,1
201567,cheap,1,llama-3.2-1b,w1_w3,2048,8192,2048,7977.71,0.00342905,1,-,1,67,2026-10-06T01:42:55Z,1
201567,cheap,1,llama-3.2-1b,w2,2048,2048,8192,8904.12,0.00772985,1,-,1,67,2026-10-06T01:42:55Z,1
201569,cheap,1,llama-3.2-1b,wq_wo,2048,2048,2048,24791.3,0.0109285,1,-,1,67,2026-10-06T01:43:19Z,1
201569,cheap,1,llama-3.2-1b,wk_wv,2048,512,2048,6348.52,0.0176242,1,-,1,67,2026-10-06T01:43:19Z,1
201569,cheap,1,llama-3.2-1b,w1_w3,2048,8192,2048,95512,0.00320637,1,-,1,67,2026-10-06T01:43:19Z,1
201569,cheap,1,llama-3.2-1b,w2,2048,2048,8192,99409.3,0.00545519,1,-,1,67,2026-10-06T01:43:19Z,1
201571,cheap,1,llama-3.2-1b,wq_wo,2048,2048,2048,522.704,0.00455298,1,-,1,68,2026-10-06T01:43:32Z,1
201571,cheap,1,llama-3.2-1b,wk_wv,2048,512,2048,153.712,0.00748435,1,-,1,68,2026-10-06T01:43:32Z,1
201571,cheap,1,llama-3.2-1b,w1_w3,2048,8192,2048,1961.73,0.0039856,1,-,1,68,2026-10-06T01:43:32Z,1
201571,cheap,1,llama-3.2-1b,w2,2048,2048,8192,2190.14,0.00617229,1,-,1,68,2026-10-06T01:43:32Z,1
201574,cheap,1,llama-3.2-1b,wq_wo,2048,2048,2048,791.7,0.0230011,1,-,1,68,2026-10-06T01:43:46Z,1
201574,cheap,1,llama-3.2-1b,wk_wv,2048,512,2048,270.66,0.00416849,1,-,1,68,2026-10-06T01:43:46Z,1
201574,cheap,1,llama-3.2-1b,w1_w3,2048,8192,2048,2386.75,0.00525667,1,-,1,68,2026-10-06T01:43:46Z,1
201574,cheap,1,llama-3.2-1b,w2,2048,2048,8192,3294.12,0.0221812,1,-,1,68,2026-10-06T01:43:46Z,1
201577,cheap,1,llama-3.2-1b,wq_wo,2048,2048,2048,457.158,0.0971671,1,-,1,68,2026-10-06T01:44:02Z,1
201577,cheap,1,llama-3.2-1b,wk_wv,2048,512,2048,187.512,0.00522392,1,-,1,68,2026-10-06T01:44:02Z,1
201577,cheap,1,llama-3.2-1b,w1_w3,2048,8192,2048,1799.9,0.0422087,1,-,1,68,2026-10-06T01:44:02Z,1
201577,cheap,1,llama-3.2-1b,w2,2048,2048,8192,1874.73,0.0296538,1,-,1,68,2026-10-06T01:44:02Z,1
201579,cheap,1,llama-3.2-1b,wq_wo,2048,2048,2048,385.164,0.00170075,1,-,1,69,2026-10-06T01:44:10Z,1
201579,cheap,1,llama-3.2-1b,wk_wv,2048,512,2048,100.672,0.00436545,1,-,1,69,2026-10-06T01:44:10Z,1
201579,cheap,1,llama-3.2-1b,w1_w3,2048,8192,2048,1608.85,0.00414376,1,-,1,69,2026-10-06T01:44:10Z,1
201579,cheap,1,llama-3.2-1b,w2,2048,2048,8192,1440.71,0.00892548,1,-,1,69,2026-10-06T01:44:10Z,1
201585,cheap,1,llama-3.2-1b,wq_wo,2048,2048,2048,10147,0.0223814,1,-,1,67,2026-10-06T01:44:26Z,1
201585,cheap,1,llama-3.2-1b,wk_wv,2048,512,2048,2628.6,0.040016,1,-,1,67,2026-10-06T01:44:26Z,1
201585,cheap,1,llama-3.2-1b,w1_w3,2048,8192,2048,39773.8,0.0109796,1,-,1,67,2026-10-06T01:44:26Z,1
201585,cheap,1,llama-3.2-1b,w2,2048,2048,8192,40034.9,0.0231484,1,-,1,67,2026-10-06T01:44:26Z,1
201587,cheap,1,llama-3.2-1b,wq_wo,2048,2048,2048,13452.7,0.0158532,1,-,1,65,2026-10-06T01:45:15Z,1
201587,cheap,1,llama-3.2-1b,wk_wv,2048,512,2048,7316.87,0.0231963,1,-,1,65,2026-10-06T01:45:15Z,1
201587,cheap,1,llama-3.2-1b,w1_w3,2048,8192,2048,51395.8,0.00613566,1,-,1,65,2026-10-06T01:45:15Z,1
201587,cheap,1,llama-3.2-1b,w2,2048,2048,8192,52952.2,0.0135944,1,-,1,65,2026-10-06T01:45:15Z,1
201589,cheap,1,llama-3.2-1b,wq_wo,2048,2048,2048,503.776,0.00650189,1,-,1,68,2026-10-06T01:45:24Z,1
201589,cheap,1,llama-3.2-1b,wk_wv,2048,512,2048,156.884,0.0100144,1,-,1,68,2026-10-06T01:45:24Z,1
201589,cheap,1,llama-3.2-1b,w1_w3,2048,8192,2048,1763.74,0.00667216,1,-,1,68,2026-10-06T01:45:24Z,1
201589,cheap,1,llama-3.2-1b,w2,2048,2048,8192,2033.3,0.00931534,1,-,1,68,2026-10-06T01:45:24Z,1
201591,cheap,1,llama-3.2-1b,wq_wo,2048,2048,2048,7524.66,0.0125199,1,-,1,68,2026-10-06T01:45:34Z,1
201591,cheap,1,llama-3.2-1b,wk_wv,2048,512,2048,2734.91,0.039451,1,-,1,68,2026-10-06T01:45:34Z,1
201591,cheap,1,llama-3.2-1b,w1_w3,2048,8192,2048,30100.1,0.0120489,1,-,1,68,2026-10-06T01:45:34Z,1
201591,cheap,1,llama-3.2-1b,w2,2048,2048,8192,30919.7,0.0099274,1,-,1,68,2026-10-06T01:45:34Z,1
201596,cheap,1,llama-3.2-1b,wq_wo,2048,2048,2048,5773.61,0.00389551,1,-,1,68,2026-10-06T01:45:42Z,1
201596,cheap,1,llama-3.2-1b,wk_wv,2048,512,2048,1746.21,0.00257448,1,-,1,68,2026-10-06T01:45:42Z,1
201596,cheap,1,llama-3.2-1b,w1_w3,2048,8192,2048,21599.1,0.00237756,1,-,1,68,2026-10-06T01:45:42Z,1
201596,cheap,1,llama-3.2-1b,w2,2048,2048,8192,24118.7,0.00389323,1,-,1,68,2026-10-06T01:45:42Z,1
201600,cheap,1,llama-3.2-1b,wq_wo,2048,2048,2048,5522.09,0.021243,1,-,1,68,2026-10-06T01:45:54Z,1
201600,cheap,1,llama-3.2-1b,wk_wv,2048,512,2048,1461.82,0.0289403,1,-,1,68,2026-10-06T01:45:54Z,1
201600,cheap,1,llama-3.2-1b,w1_w3,2048,8192,2048,21496.3,0.00966271,1,-,1,68,2026-10-06T01:45:54Z,1
201600,cheap,1,llama-3.2-1b,w2,2048,2048,8192,22289.8,0.0161239,1,-,1,68,2026-10-06T01:45:54Z,1
201602,cheap,1,llama-3.2-1b,wq_wo,2048,2048,2048,2316.83,0.0579264,1,-,1,66,2026-10-06T01:46:04Z,1
201602,cheap,1,llama-3.2-1b,wk_wv,2048,512,2048,1512.73,0.00371158,1,-,1,66,2026-10-06T01:46:04Z,1
201602,cheap,1,llama-3.2-1b,w1_w3,2048,8192,2048,9092.1,0.0469854,1,-,1,66,2026-10-06T01:46:04Z,1
201602,cheap,1,llama-3.2-1b,w2,2048,2048,8192,9441.8,0.0493789,1,-,1,66,2026-10-06T01:46:04Z,1
201604,cheap,1,llama-3.2-1b,wq_wo,2048,2048,2048,11356.9,0.031603,1,-,1,67,2026-10-06T01:46:16Z,1
201604,cheap,1,llama-3.2-1b,wk_wv,2048,512,2048,2856.26,0.0350773,1,-,1,67,2026-10-06T01:46:16Z,1
201604,cheap,1,llama-3.2-1b,w1_w3,2048,8192,2048,43069.5,0.0227847,1,-,1,67,2026-10-06T01:46:16Z,1
201604,cheap,1,llama-3.2-1b,w2,2048,2048,8192,46514.5,0.0362863,1,-,1,67,2026-10-06T01:46:16Z,1
201607,cheap,1,llama-3.2-1b,wq_wo,2048,2048,2048,2327.36,0.00421655,1,-,1,67,2026-10-06T01:46:25Z,1
201607,cheap,1,llama-3.2-1b,wk_wv,2048,512,2048,684.06,0.00553362,1,-,1,67,2026-10-06T01:46:25Z,1
201607,cheap,1,llama-3.2-1b,w1_w3,2048,8192,2048,7898.44,0.00586971,1,-,1,67,2026-10-06T01:46:25Z,1
201607,cheap,1,llama-3.2-1b,w2,2048,2048,8192,10293,0.00337368,1,-,1,67,2026-10-06T01:46:25Z,1
201609,cheap,1,llama-3.2-1b,wq_wo,2048,2048,2048,3748.32,0.0345731,1,-,1,67,2026-10-06T01:46:38Z,1
201609,cheap,1,llama-3.2-1b,wk_wv,2048,512,2048,969.514,0.0461521,1,-,1,67,2026-10-06T01:46:38Z,1
201609,cheap,1,llama-3.2-1b,w1_w3,2048,8192,2048,14845.2,0.0174468,1,-,1,67,2026-10-06T01:46:38Z,1
201609,cheap,1,llama-3.2-1b,w2,2048,2048,8192,13401.8,0.0346562,1,-,1,67,2026-10-06T01:46:38Z,1
201613,cheap,1,llama-3.2-1b,wq_wo,2048,2048,2048,522.002,0.00800586,1,-,1,67,2026-10-06T01:46:50Z,1
201613,cheap,1,llama-3.2-1b,wk_wv,2048,512,2048,121.68,0.00867521,1,-,1,67,2026-10-06T01:46:50Z,1
201613,cheap,1,llama-3.2-1b,w1_w3,2048,8192,2048,1870.02,0.00800006,1,-,1,67,2026-10-06T01:46:50Z,1
201613,cheap,1,llama-3.2-1b,w2,2048,2048,8192,2075.63,0.0106319,1,-,1,67,2026-10-06T01:46:50Z,1
201617,cheap,1,llama-3.2-1b,wq_wo,2048,2048,2048,6360.48,0.00948007,1,-,1,67,2026-10-06T01:47:03Z,1
201617,cheap,1,llama-3.2-1b,wk_wv,2048,512,2048,1563.28,0.0433781,1,-,1,67,2026-10-06T01:47:03Z,1
201617,cheap,1,llama-3.2-1b,w1_w3,2048,8192,2048,25178.3,0.00278167,1,-,1,67,2026-10-06T01:47:03Z,1
201617,cheap,1,llama-3.2-1b,w2,2048,2048,8192,23171.9,0.0055707,1,-,1,67,2026-10-06T01:47:03Z,1
201620,cheap,1,llama-3.2-1b,wq_wo,2048,2048,2048,321.256,0.015972,1,-,1,69,2026-10-06T01:47:12Z,1
201620,cheap,1,llama-3.2-1b,wk_wv,2048,512,2048,87.36,0.0089212,1,-,1,69,2026-10-06T01:47:12Z,1
201620,cheap,1,llama-3.2-1b,w1_w3,2048,8192,2048,1271.24,0.0125961,1,-,1,69,2026-10-06T01:47:12Z,1
201620,cheap,1,llama-3.2-1b,w2,2048,2048,8192,1376.86,0.0100167,1,-,1,69,2026-10-06T01:47:12Z,1
201622,cheap,1,llama-3.2-1b,wq_wo,2048,2048,2048,13103.6,0.00978391,1,-,1,66,2026-10-06T01:47:27Z,1
201622,cheap,1,llama-3.2-1b,wk_wv,2048,512,2048,4923.91,0.0378095,1,-,1,66,2026-10-06T01:47:27Z,1
201622,cheap,1,llama-3.2-1b,w1_w3,2048,8192,2048,50488.7,0.00593459,1,-,1,66,2026-10-06T01:47:27Z,1
201622,cheap,1,llama-3.2-1b,w2,2048,2048,8192,51942.3,0.0049879,1,-,1,66,2026-10-06T01:47:27Z,1
201624,cheap,1,llama-3.2-1b,wq_wo,2048,2048,2048,843.96,0.00678093,1,-,1,67,2026-10-06T01:47:36Z,1
201624,cheap,1,llama-3.2-1b,wk_wv,2048,512,2048,217.152,0.00710461,1,-,1,67,2026-10-06T01:47:36Z,1
201624,cheap,1,llama-3.2-1b,w1_w3,2048,8192,2048,2811.8,0.00333949,1,-,1,67,2026-10-06T01:47:36Z,1
201624,cheap,1,llama-3.2-1b,w2,2048,2048,8192,3765.32,0.00668581,1,-,1,67,2026-10-06T01:47:36Z,1
201626,cheap,1,llama-3.2-1b,wq_wo,2048,2048,2048,201.968,0.00311928,1,-,1,69,2026-10-06T01:47:45Z,1
201626,cheap,1,llama-3.2-1b,wk_wv,2048,512,2048,57.148,0.011767,1,-,1,69,2026-10-06T01:47:45Z,1
201626,cheap,1,llama-3.2-1b,w1_w3,2048,8192,2048,806.312,0.0136645,1,-,1,69,2026-10-06T01:47:45Z,1
201626,cheap,1,llama-3.2-1b,w2,2048,2048,8192,840.788,0.0127287,1,-,1,69,2026-10-06T01:47:45Z,1
201628,cheap,1,llama-3.2-1b,wq_wo,2048,2048,2048,9298.69,0.0122134,1,-,1,66,2026-10-06T01:47:56Z,1
201628,cheap,1,llama-3.2-1b,wk_wv,2048,512,2048,2259.58,0.0305947,1,-,1,66,2026-10-06T01:47:56Z,1
201628,cheap,1,llama-3.2-1b,w1_w3,2048,8192,2048,32990.3,0.00752231,1,-,1,66,2026-10-06T01:47:56Z,1
201628,cheap,1,llama-3.2-1b,w2,2048,2048,8192,37357.8,0.00708038,1,-,1,66,2026-10-06T01:47:56Z,1
201630,cheap,1,llama-3.2-1b,wq_wo,2048,2048,2048,1427.76,0.0129586,1,-,1,67,2026-10-06T01:48:04Z,1
201630,cheap,1,llama-3.2-1b,wk_wv,2048,512,2048,352.924,0.0151621,1,-,1,67,2026-10-06T01:48:04Z,1
201630,cheap,1,llama-3.2-1b,w1_w3,2048,8192,2048,5209.46,0.0089358,1,-,1,67,2026-10-06T01:48:04Z,1
201630,cheap,1,llama-3.2-1b,w2,2048,2048,8192,5388.76,0.0107823,1,-,1,67,2026-10-06T01:48:04Z,1
201632,cheap,1,llama-3.2-1b,wq_wo,2048,2048,2048,2380.48,0.0195066,1,-,1,68,2026-10-06T01:48:13Z,1
201632,cheap,1,llama-3.2-1b,wk_wv,2048,512,2048,972.088,0.0273109,1,-,1,68,2026-10-06T01:48:13Z,1
201632,cheap,1,llama-3.2-1b,w1_w3,2048,8192,2048,9959.87,0.0122511,1,-,1,68,2026-10-06T01:48:13Z,1
201632,cheap,1,llama-3.2-1b,w2,2048,2048,8192,9428.33,0.021763,1,-,1,68,2026-10-06T01:48:13Z,1
201634,cheap,1,llama-3.2-1b,wq_wo,2048,2048,2048,455.364,0.024747,1,-,1,70,2026-10-06T01:48:22Z,1
201634,cheap,1,llama-3.2-1b,wk_wv,2048,512,2048,111.332,0.00712823,1,-,1,70,2026-10-06T01:48:22Z,1
201634,cheap,1,llama-3.2-1b,w1_w3,2048,8192,2048,1646.01,0.015151,1,-,1,70,2026-10-06T01:48:22Z,1
201634,cheap,1,llama-3.2-1b,w2,2048,2048,8192,1926.81,0.0266232,1,-,1,70,2026-10-06T01:48:22Z,1
201637,cheap,1,llama-3.2-1b,wq_wo,2048,2048,2048,3412.55,0.0120629,1,-,1,69,2026-10-06T01:48:30Z,1
201637,cheap,1,llama-3.2-1b,wk_wv,2048,512,2048,677.04,0.022034,1,-,1,69,2026-10-06T01:48:30Z,1
201637,cheap,1,llama-3.2-1b,w1_w3,2048,8192,2048,13230.6,0.0113789,1,-,1,69,2026-10-06T01:48:30Z,1
201637,cheap,1,llama-3.2-1b,w2,2048,2048,8192,12975.1,0.00657461,1,-,1,69,2026-10-06T01:48:30Z,1
201640,cheap,1,llama-3.2-1b,wq_wo,2048,2048,2048,232.284,0.00765795,1,-,1,70,2026-10-06T01:48:38Z,1
201640,cheap,1,llama-3.2-1b,wk_wv,2048,512,2048,65.208,0.0169889,1,-,1,70,2026-10-06T01:48:38Z,1
201640,cheap,1,llama-3.2-1b,w1_w3,2048,8192,2048,906.23,0.0139866,1,-,1,70,2026-10-06T01:48:38Z,1
201640,cheap,1,llama-3.2-1b,w2,2048,2048,8192,981.5,0.0131675,1,-,1,70,2026-10-06T01:48:38Z,1
201643,cheap,1,llama-3.2-1b,wq_wo,2048,2048,2048,5718.88,0.0554227,1,-,1,68,2026-10-06T01:48:47Z,1
201643,cheap,1,llama-3.2-1b,wk_wv,2048,512,2048,1484.96,0.0563199,1,-,1,68,2026-10-06T01:48:47Z,1
201643,cheap,1,llama-3.2-1b,w1_w3,2048,8192,2048,22616.9,0.0195704,1,-,1,68,2026-10-06T01:48:47Z,1
201643,cheap,1,llama-3.2-1b,w2,2048,2048,8192,22610.6,0.0585056,1,-,1,68,2026-10-06T01:48:47Z,1
201646,cheap,1,llama-3.2-1b,wq_wo,2048,2048,2048,4741.57,0.0308057,1,-,1,67,2026-10-06T01:49:01Z,1
201646,cheap,1,llama-3.2-1b,wk_wv,2048,512,2048,1222.94,0.036653,1,-,1,67,2026-10-06T01:49:01Z,1
201646,cheap,1,llama-3.2-1b,w1_w3,2048,8192,2048,17842.6,0.0138729,1,-,1,67,2026-10-06T01:49:01Z,1
201646,cheap,1,llama-3.2-1b,w2,2048,2048,8192,19027.6,0.0297293,1,-,1,67,2026-10-06T01:49:01Z,1
201649,cheap,1,llama-3.2-1b,wq_wo,2048,2048,2048,3539.15,0.0114111,1,-,1,68,2026-10-06T01:49:09Z,1
201649,cheap,1,llama-3.2-1b,wk_wv,2048,512,2048,941.564,0.00375017,1,-,1,68,2026-10-06T01:49:09Z,1
201649,cheap,1,llama-3.2-1b,w1_w3,2048,8192,2048,13641.4,0.0062679,1,-,1,68,2026-10-06T01:49:09Z,1
201649,cheap,1,llama-3.2-1b,w2,2048,2048,8192,15031.2,0.00655126,1,-,1,68,2026-10-06T01:49:09Z,1
201651,cheap,1,llama-3.2-1b,wq_wo,2048,2048,2048,27557,0.0238976,1,-,1,66,2026-10-06T01:49:34Z,1
201651,cheap,1,llama-3.2-1b,wk_wv,2048,512,2048,6965.43,0.0334147,1,-,1,66,2026-10-06T01:49:34Z,1
201651,cheap,1,llama-3.2-1b,w1_w3,2048,8192,2048,105722,0.0234847,1,-,1,66,2026-10-06T01:49:34Z,1
201651,cheap,1,llama-3.2-1b,w2,2048,2048,8192,110040,0.0248992,1,-,1,66,2026-10-06T01:49:34Z,1
201655,cheap,1,llama-3.2-1b,wq_wo,2048,2048,2048,8965.32,0.0184211,1,-,1,67,2026-10-06T01:50:00Z,1
201655,cheap,1,llama-3.2-1b,wk_wv,2048,512,2048,3524.14,0.0345398,1,-,1,67,2026-10-06T01:50:00Z,1
201655,cheap,1,llama-3.2-1b,w1_w3,2048,8192,2048,35579.5,0.0152027,1,-,1,67,2026-10-06T01:50:00Z,1
201655,cheap,1,llama-3.2-1b,w2,2048,2048,8192,34356.4,0.0190127,1,-,1,67,2026-10-06T01:50:00Z,1
201658,cheap,1,llama-3.2-1b,wq_wo,2048,2048,2048,10507.9,0.0122243,1,-,1,67,2026-10-06T01:50:15Z,1
201658,cheap,1,llama-3.2-1b,wk_wv,2048,512,2048,3004.92,0.00427454,1,-,1,67,2026-10-06T01:50:15Z,1
201658,cheap,1,llama-3.2-1b,w1_w3,2048,8192,2048,39412.4,0.00704742,1,-,1,67,2026-10-06T01:50:15Z,1
201658,cheap,1,llama-3.2-1b,w2,2048,2048,8192,43749.2,0.0112825,1,-,1,67,2026-10-06T01:50:15Z,1
201661,cheap,1,llama-3.2-1b,wq_wo,2048,2048,2048,4426.19,0.036299,1,-,1,68,2026-10-06T01:50:31Z,1
201661,cheap,1,llama-3.2-1b,wk_wv,2048,512,2048,1162.41,0.0337987,1,-,1,68,2026-10-06T01:50:31Z,1
201661,cheap,1,llama-3.2-1b,w1_w3,2048,8192,2048,16590.4,0.0143068,1,-,1,68,2026-10-06T01:50:31Z,1
201661,cheap,1,llama-3.2-1b,w2,2048,2048,8192,17779.3,0.0240873,1,-,1,68,2026-10-06T01:50:31Z,1
201664,cheap,1,llama-3.2-1b,wq_wo,2048,2048,2048,290.446,0.0216907,1,-,1,67,2026-10-06T01:50:45Z,1
201664,cheap,1,llama-3.2-1b,wk_wv,2048,512,2048,77.896,0.0109399,1,-,1,67,2026-10-06T01:50:45Z,1
201664,cheap,1,llama-3.2-1b,w1_w3,2048,8192,2048,1148.6,0.0194758,1,-,1,67,2026-10-06T01:50:45Z,1
201664,cheap,1,llama-3.2-1b,w2,2048,2048,8192,1562.34,0.00588057,1,-,1,67,2026-10-06T01:50:45Z,1
201666,cheap,1,llama-3.2-1b,wq_wo,2048,2048,2048,6398.16,0.0322867,1,-,1,67,2026-10-06T01:50:59Z,1
201666,cheap,1,llama-3.2-1b,wk_wv,2048,512,2048,1657.63,0.0465809,1,-,1,67,2026-10-06T01:50:59Z,1
201666,cheap,1,llama-3.2-1b,w1_w3,2048,8192,2048,24316.9,0.0366421,1,-,1,67,2026-10-06T01:50:59Z,1
201666,cheap,1,llama-3.2-1b,w2,2048,2048,8192,25805.7,0.0347457,1,-,1,67,2026-10-06T01:50:59Z,1
201668,cheap,1,llama-3.2-1b,wq_wo,2048,2048,2048,9134.37,0.0175026,1,-,1,67,2026-10-06T01:51:15Z,1
201668,cheap,1,llama-3.2-1b,wk_wv,2048,512,2048,2523.72,0.0207628,1,-,1,67,2026-10-06T01:51:15Z,1
201668,cheap,1,llama-3.2-1b,w1_w3,2048,8192,2048,34854.5,0.00573287,1,-,1,67,2026-10-06T01:51:15Z,1
201668,cheap,1,llama-3.2-1b,w2,2048,2048,8192,36211.7,0.0120906,1,-,1,67,2026-10-06T01:51:15Z,1
201672,cheap,1,llama-3.2-1b,wq_wo,2048,2048,2048,8912.9,0.0132037,1,-,1,67,2026-10-06T01:51:28Z,1
201672,cheap,1,llama-3.2-1b,wk_wv,2048,512,2048,2401.52,0.0148157,1,-,1,67,2026-10-06T01:51:28Z,1
201672,cheap,1,llama-3.2-1b,w1_w3,2048,8192,2048,33341.2,0.00731069,1,-,1,67,2026-10-06T01:51:28Z,1
201672,cheap,1,llama-3.2-1b,w2,2048,2048,8192,36285.3,0.0130684,1,-,1,67,2026-10-06T01:51:28Z,1
201674,cheap,1,llama-3.2-1b,wq_wo,2048,2048,2048,13617.4,0.0404751,1,-,1,67,2026-10-06T01:51:41Z,1
201674,cheap,1,llama-3.2-1b,wk_wv,2048,512,2048,3498.25,0.0412983,1,-,1,67,2026-10-06T01:51:41Z,1
201674,cheap,1,llama-3.2-1b,w1_w3,2048,8192,2048,50739.3,0.0203921,1,-,1,67,2026-10-06T01:51:41Z,1
201674,cheap,1,llama-3.2-1b,w2,2048,2048,8192,54405.8,0.0181951,1,-,1,67,2026-10-06T01:51:41Z,1
201676,cheap,1,llama-3.2-1b,wq_wo,2048,2048,2048,2349.83,0.0259903,1,-,1,68,2026-10-06T01:51:55Z,1
201676,cheap,1,llama-3.2-1b,wk_wv,2048,512,2048,594.1,0.0407661,1,-,1,68,2026-10-06T01:51:55Z,1
201676,cheap,1,llama-3.2-1b,w1_w3,2048,8192,2048,8711.14,0.0185879,1,-,1,68,2026-10-06T01:51:55Z,1
201676,cheap,1,llama-3.2-1b,w2,2048,2048,8192,9337.02,0.0290561,1,-,1,68,2026-10-06T01:51:55Z,1
201678,cheap,1,llama-3.2-1b,wq_wo,2048,2048,2048,7463.14,0.00773997,1,-,1,66,2026-10-06T01:52:15Z,1
201678,cheap,1,llama-3.2-1b,wk_wv,2048,512,2048,3559.37,0.038392,1,-,1,66,2026-10-06T01:52:15Z,1
201678,cheap,1,llama-3.2-1b,w1_w3,2048,8192,2048,28990.8,0.00430491,1,-,1,66,2026-10-06T01:52:15Z,1
201678,cheap,1,llama-3.2-1b,w2,2048,2048,8192,28908.6,0.00925103,1,-,1,66,2026-10-06T01:52:15Z,1
201681,cheap,1,llama-3.2-1b,wq_wo,2048,2048,2048,2630.94,0.00734346,1,-,1,68,2026-10-06T01:52:27Z,1
201681,cheap,1,llama-3.2-1b,wk_wv,2048,512,2048,674.102,0.0188898,1,-,1,68,2026-10-06T01:52:27Z,1
201681,cheap,1,llama-3.2-1b,w1_w3,2048,8192,2048,10263.2,0.00381625,1,-,1,68,2026-10-06T01:52:27Z,1
201681,cheap,1,llama-3.2-1b,w2,2048,2048,8192,10603.6,0.00715557,1,-,1,68,2026-10-06T01:52:27Z,1
201683,cheap,1,llama-3.2-1b,wq_wo,2048,2048,2048,4241.54,0.0170244,1,-,1,67,2026-10-06T01:52:41Z,1
201683,cheap,1,llama-3.2-1b,wk_wv,2048,512,2048,1438.16,0.0389985,1,-,1,67,2026-10-06T01:52:41Z,1
201683,cheap,1,llama-3.2-1b,w1_w3,2048,8192,2048,17828.8,0.0109735,1,-,1,67,2026-10-06T01:52:41Z,1
201683,cheap,1,llama-3.2-1b,w2,2048,2048,8192,17335.8,0.0142811,1,-,1,67,2026-10-06T01:52:41Z,1
201685,cheap,1,llama-3.2-1b,wq_wo,2048,2048,2048,1724.79,0.00557713,1,-,1,67,2026-10-06T01:52:56Z,1
201685,cheap,1,llama-3.2-1b,wk_wv,2048,512,2048,416.208,0.0137156,1,-,1,67,2026-10-06T01:52:56Z,1
201685,cheap,1,llama-3.2-1b,w1_w3,2048,8192,2048,6270.16,0.0064673,1,-,1,67,2026-10-06T01:52:56Z,1
201685,cheap,1,llama-3.2-1b,w2,2048,2048,8192,6959.63,0.00659348,1,-,1,67,2026-10-06T01:52:56Z,1
base,cheap,b13,llama-3.2-1b,wq_wo,2048,2048,2048,184.08,0.0142672,1,-,1,68,2026-10-06T01:53:08Z,1
base,cheap,b13,llama-3.2-1b,wk_wv,2048,512,2048,52.728,0.00839815,1,-,1,68,2026-10-06T01:53:08Z,1
base,cheap,b13,llama-3.2-1b,w1_w3,2048,8192,2048,751.14,0.0168095,1,-,1,68,2026-10-06T01:53:08Z,1
base,cheap,b13,llama-3.2-1b,w2,2048,2048,8192,823.16,0.0151657,1,-,1,68,2026-10-06T01:53:08Z,1
201687,cheap,1,llama-3.2-1b,wq_wo,2048,2048,2048,735.072,0.00707961,1,-,1,68,2026-10-06T01:53:22Z,1
201687,cheap,1,llama-3.2-1b,wk_wv,2048,512,2048,216.736,0.00806977,1,-,1,68,2026-10-06T01:53:22Z,1
201687,cheap,1,llama-3.2-1b,w1_w3,2048,8192,2048,2807.79,0.00403625,1,-,1,68,2026-10-06T01:53:22Z,1
201687,cheap,1,llama-3.2-1b,w2,2048,2048,8192,3019.64,0.00704918,1,-,1,68,2026-10-06T01:53:22Z,1
201690,cheap,1,llama-3.2-1b,wq_wo,2048,2048,2048,3900.31,0.0243335,1,-,1,67,2026-10-06T01:53:37Z,1
201690,cheap,1,llama-3.2-1b,wk_wv,2048,512,2048,1456.31,0.0460868,1,-,1,67,2026-10-06T01:53:37Z,1
201690,cheap,1,llama-3.2-1b,w1_w3,2048,8192,2048,15298.6,0.016213,1,-,1,67,2026-10-06T01:53:37Z,1
201690,cheap,1,llama-3.2-1b,w2,2048,2048,8192,15433.1,0.0259058,1,-,1,67,2026-10-06T01:53:37Z,1
201694,cheap,1,llama-3.2-1b,wq_wo,2048,2048,2048,1019.38,0.0168189,1,-,1,67,2026-10-06T01:53:52Z,1
201694,cheap,1,llama-3.2-1b,wk_wv,2048,512,2048,251.888,0.0266075,1,-,1,67,2026-10-06T01:53:52Z,1
201694,cheap,1,llama-3.2-1b,w1_w3,2048,8192,2048,3609.11,0.0119246,1,-,1,67,2026-10-06T01:53:52Z,1
201694,cheap,1,llama-3.2-1b,w2,2048,2048,8192,4021.29,0.0121709,1,-,1,67,2026-10-06T01:53:52Z,1
201696,cheap,1,llama-3.2-1b,wq_wo,2048,2048,2048,1302.24,0.0059542,1,-,1,67,2026-10-06T01:54:07Z,1
201696,cheap,1,llama-3.2-1b,wk_wv,2048,512,2048,349.674,0.00394855,1,-,1,67,2026-10-06T01:54:07Z,1
201696,cheap,1,llama-3.2-1b,w1_w3,2048,8192,2048,5126.26,0.00340829,1,-,1,67,2026-10-06T01:54:07Z,1
201696,cheap,1,llama-3.2-1b,w2,2048,2048,8192,5281.33,0.00460578,1,-,1,67,2026-10-06T01:54:07Z,1
201698,cheap,1,llama-3.2-1b,wq_wo,2048,2048,2048,20627.2,0.0147733,1,-,1,66,2026-10-06T01:54:27Z,1
201698,cheap,1,llama-3.2-1b,wk_wv,2048,512,2048,5332.81,0.0288079,1,-,1,66,2026-10-06T01:54:27Z,1
201698,cheap,1,llama-3.2-1b,w1_w3,2048,8192,2048,79800.3,0.00438197,1,-,1,66,2026-10-06T01:54:27Z,1
201698,cheap,1,llama-3.2-1b,w2,2048,2048,8192,82029.1,0.0080835,1,-,1,66,2026-10-06T01:54:27Z,1
201700,cheap,1,llama-3.2-1b,wq_wo,2048,2048,2048,881.244,0.0155585,1,-,1,68,2026-10-06T01:54:42Z,1
201700,cheap,1,llama-3.2-1b,wk_wv,2048,512,2048,196.716,0.00490354,1,-,1,68,2026-10-06T01:54:42Z,1
201700,cheap,1,llama-3.2-1b,w1_w3,2048,8192,2048,3059.84,0.00916297,1,-,1,68,2026-10-06T01:54:42Z,1
201700,cheap,1,llama-3.2-1b,w2,2048,2048,8192,3543.18,0.0259085,1,-,1,68,2026-10-06T01:54:42Z,1
201703,cheap,1,llama-3.2-1b,wq_wo,2048,2048,2048,2195.7,0.0125251,1,-,1,67,2026-10-06T01:54:57Z,1
201703,cheap,1,llama-3.2-1b,wk_wv,2048,512,2048,542.776,0.0120155,1,-,1,67,2026-10-06T01:54:57Z,1
201703,cheap,1,llama-3.2-1b,w1_w3,2048,8192,2048,7837.08,0.00557469,1,-,1,67,2026-10-06T01:54:57Z,1
201703,cheap,1,llama-3.2-1b,w2,2048,2048,8192,8925.44,0.0127515,1,-,1,67,2026-10-06T01:54:57Z,1
201706,cheap,1,llama-3.2-1b,wq_wo,2048,2048,2048,883.948,0.00442129,1,-,1,66,2026-10-06T01:55:12Z,1
201706,cheap,1,llama-3.2-1b,wk_wv,2048,512,2048,197.236,0.00425976,1,-,1,66,2026-10-06T01:55:12Z,1
201706,cheap,1,llama-3.2-1b,w1_w3,2048,8192,2048,3152.24,0.0049563,1,-,1,66,2026-10-06T01:55:12Z,1
201706,cheap,1,llama-3.2-1b,w2,2048,2048,8192,3487.28,0.00394894,1,-,1,66,2026-10-06T01:55:12Z,1
201709,cheap,1,llama-3.2-1b,wq_wo,2048,2048,2048,767.884,0.00919568,1,-,1,67,2026-10-06T01:55:27Z,1
201709,cheap,1,llama-3.2-1b,wk_wv,2048,512,2048,192.14,0.00828206,1,-,1,67,2026-10-06T01:55:27Z,1
201709,cheap,1,llama-3.2-1b,w1_w3,2048,8192,2048,2716.35,0.00685827,1,-,1,67,2026-10-06T01:55:27Z,1
201709,cheap,1,llama-3.2-1b,w2,2048,2048,8192,3587.77,0.014979,1,-,1,67,2026-10-06T01:55:27Z,1
201711,cheap,1,llama-3.2-1b,wq_wo,2048,2048,2048,12951.5,0.00728064,1,-,1,67,2026-10-06T01:55:40Z,1
201711,cheap,1,llama-3.2-1b,wk_wv,2048,512,2048,3125.62,0.0358613,1,-,1,67,2026-10-06T01:55:40Z,1
201711,cheap,1,llama-3.2-1b,w1_w3,2048,8192,2048,49289.6,0.00560383,1,-,1,67,2026-10-06T01:55:40Z,1
201711,cheap,1,llama-3.2-1b,w2,2048,2048,8192,51878,0.00440393,1,-,1,67,2026-10-06T01:55:40Z,1
201713,cheap,1,llama-3.2-1b,wq_wo,2048,2048,2048,1740.7,0.0214629,1,-,1,67,2026-10-06T01:55:48Z,1
201713,cheap,1,llama-3.2-1b,wk_wv,2048,512,2048,824.72,0.0365251,1,-,1,67,2026-10-06T01:55:48Z,1
201713,cheap,1,llama-3.2-1b,w1_w3,2048,8192,2048,6811.48,0.0188799,1,-,1,67,2026-10-06T01:55:48Z,1
201713,cheap,1,llama-3.2-1b,w2,2048,2048,8192,7071.97,0.0244933,1,-,1,67,2026-10-06T01:55:48Z,1
201715,cheap,1,llama-3.2-1b,wq_wo,2048,2048,2048,1333.23,0.00413548,1,-,1,67,2026-10-06T01:55:57Z,1
201715,cheap,1,llama-3.2-1b,wk_wv,2048,512,2048,349.076,0.0047782,1,-,1,67,2026-10-06T01:55:57Z,1
201715,cheap,1,llama-3.2-1b,w1_w3,2048,8192,2048,4875.81,0.00413936,1,-,1,67,2026-10-06T01:55:57Z,1
201715,cheap,1,llama-3.2-1b,w2,2048,2048,8192,5574.97,0.00633827,1,-,1,67,2026-10-06T01:55:57Z,1
201717,cheap,1,llama-3.2-1b,wq_wo,2048,2048,2048,4012.84,0.0228598,1,-,1,66,2026-10-06T01:56:07Z,1
201717,cheap,1,llama-3.2-1b,wk_wv,2048,512,2048,1456.55,0.0514936,1,-,1,66,2026-10-06T01:56:07Z,1
201717,cheap,1,llama-3.2-1b,w1_w3,2048,8192,2048,15384.7,0.0128372,1,-,1,66,2026-10-06T01:56:07Z,1
201717,cheap,1,llama-3.2-1b,w2,2048,2048,8192,15655.8,0.0191135,1,-,1,66,2026-10-06T01:56:07Z,1
201719,cheap,1,llama-3.2-1b,wq_wo,2048,2048,2048,4518.51,0.0249592,1,-,1,68,2026-10-06T01:56:16Z,1
201719,cheap,1,llama-3.2-1b,wk_wv,2048,512,2048,1325.01,0.0422973,1,-,1,68,2026-10-06T01:56:16Z,1
201719,cheap,1,llama-3.2-1b,w1_w3,2048,8192,2048,16509,0.0139936,1,-,1,68,2026-10-06T01:56:16Z,1
201719,cheap,1,llama-3.2-1b,w2,2048,2048,8192,18403.6,0.0294655,1,-,1,68,2026-10-06T01:56:16Z,1
201724,cheap,1,llama-3.2-1b,wq_wo,2048,2048,2048,314.184,0.0111737,1,-,1,68,2026-10-06T01:56:25Z,1
201724,cheap,1,llama-3.2-1b,wk_wv,2048,512,2048,86.84,0.00737054,1,-,1,68,2026-10-06T01:56:25Z,1
201724,cheap,1,llama-3.2-1b,w1_w3,2048,8192,2048,1279.95,0.0116004,1,-,1,68,2026-10-06T01:56:25Z,1
201724,cheap,1,llama-3.2-1b,w2,2048,2048,8192,1400.36,0.0107298,1,-,1,68,2026-10-06T01:56:25Z,1
201727,cheap,1,llama-3.2-1b,wq_wo,2048,2048,2048,427.388,0.00373137,1,-,1,68,2026-10-06T01:56:35Z,1
201727,cheap,1,llama-3.2-1b,wk_wv,2048,512,2048,120.692,0.00429915,1,-,1,68,2026-10-06T01:56:35Z,1
201727,cheap,1,llama-3.2-1b,w1_w3,2048,8192,2048,1619.36,0.00929849,1,-,1,68,2026-10-06T01:56:35Z,1
201727,cheap,1,llama-3.2-1b,w2,2048,2048,8192,2076.23,0.010574,1,-,1,68,2026-10-06T01:56:35Z,1
201730,cheap,1,llama-3.2-1b,wq_wo,2048,2048,2048,9627.57,0.0155819,1,-,1,68,2026-10-06T01:56:44Z,1
201730,cheap,1,llama-3.2-1b,wk_wv,2048,512,2048,2422.06,0.0135376,1,-,1,68,2026-10-06T01:56:44Z,1
201730,cheap,1,llama-3.2-1b,w1_w3,2048,8192,2048,36720.5,0.00743849,1,-,1,68,2026-10-06T01:56:44Z,1
201730,cheap,1,llama-3.2-1b,w2,2048,2048,8192,39303.1,0.0225345,1,-,1,68,2026-10-06T01:56:44Z,1
201732,cheap,1,llama-3.2-1b,wq_wo,2048,2048,2048,6077.06,0.0172819,1,-,1,66,2026-10-06T01:57:02Z,1
201732,cheap,1,llama-3.2-1b,wk_wv,2048,512,2048,1902.78,0.0327253,1,-,1,66,2026-10-06T01:57:02Z,1
201732,cheap,1,llama-3.2-1b,w1_w3,2048,8192,2048,23797.1,0.0131739,1,-,1,66,2026-10-06T01:57:02Z,1
201732,cheap,1,llama-3.2-1b,w2,2048,2048,8192,24584.5,0.0214594,1,-,1,66,2026-10-06T01:57:02Z,1
201737,cheap,1,llama-3.2-1b,wq_wo,2048,2048,2048,3600.69,0.034364,1,-,1,66,2026-10-06T01:57:12Z,1
201737,cheap,1,llama-3.2-1b,wk_wv,2048,512,2048,939.796,0.0391929,1,-,1,66,2026-10-06T01:57:12Z,1
201737,cheap,1,llama-3.2-1b,w1_w3,2048,8192,2048,13892.5,0.0166207,1,-,1,66,2026-10-06T01:57:12Z,1
201737,cheap,1,llama-3.2-1b,w2,2048,2048,8192,14240.4,0.0354872,1,-,1,66,2026-10-06T01:57:12Z,1
201740,cheap,1,llama-3.2-1b,wq_wo,2048,2048,2048,8891.38,0.0228253,1,-,1,67,2026-10-06T01:57:22Z,1
201740,cheap,1,llama-3.2-1b,wk_wv,2048,512,2048,2384.88,0.0298108,1,-,1,67,2026-10-06T01:57:22Z,1
201740,cheap,1,llama-3.2-1b,w1_w3,2048,8192,2048,33832.5,0.0146023,1,-,1,67,2026-10-06T01:57:22Z,1
201740,cheap,1,llama-3.2-1b,w2,2048,2048,8192,36322.8,0.024544,1,-,1,67,2026-10-06T01:57:22Z,1
201742,cheap,1,llama-3.2-1b,wq_wo,2048,2048,2048,6330.95,0.0167889,1,-,1,65,2026-10-06T01:57:31Z,1
201742,cheap,1,llama-3.2-1b,wk_wv,2048,512,2048,1739.76,0.0521619,1,-,1,65,2026-10-06T01:57:31Z,1
201742,cheap,1,llama-3.2-1b,w1_w3,2048,8192,2048,23236.6,0.0143848,1,-,1,65,2026-10-06T01:57:31Z,1
201742,cheap,1,llama-3.2-1b,w2,2048,2048,8192,25349,0.0176074,1,-,1,65,2026-10-06T01:57:31Z,1
201745,cheap,1,llama-3.2-1b,wq_wo,2048,2048,2048,2466.15,0.023711,1,-,1,68,2026-10-06T01:57:41Z,1
201745,cheap,1,llama-3.2-1b,wk_wv,2048,512,2048,820.56,0.0453754,1,-,1,68,2026-10-06T01:57:41Z,1
201745,cheap,1,llama-3.2-1b,w1_w3,2048,8192,2048,10097.3,0.0223743,1,-,1,68,2026-10-06T01:57:41Z,1
201745,cheap,1,llama-3.2-1b,w2,2048,2048,8192,10291.7,0.0261361,1,-,1,68,2026-10-06T01:57:41Z,1
201748,cheap,1,llama-3.2-1b,wq_wo,2048,2048,2048,7688.67,0.0175796,1,-,1,68,2026-10-06T01:57:51Z,1
201748,cheap,1,llama-3.2-1b,wk_wv,2048,512,2048,2189.77,0.0269845,1,-,1,68,2026-10-06T01:57:51Z,1
201748,cheap,1,llama-3.2-1b,w1_w3,2048,8192,2048,29198.1,0.0103151,1,-,1,68,2026-10-06T01:57:51Z,1
201748,cheap,1,llama-3.2-1b,w2,2048,2048,8192,31066.8,0.0170693,1,-,1,68,2026-10-06T01:57:51Z,1
201750,cheap,1,llama-3.2-1b,wq_wo,2048,2048,2048,6792.16,0.0101775,1,-,1,67,2026-10-06T01:58:05Z,1
201750,cheap,1,llama-3.2-1b,wk_wv,2048,512,2048,1647.52,0.0354669,1,-,1,67,2026-10-06T01:58:05Z,1
201750,cheap,1,llama-3.2-1b,w1_w3,2048,8192,2048,24063.2,0.0100241,1,-,1,67,2026-10-06T01:58:05Z,1
201750,cheap,1,llama-3.2-1b,w2,2048,2048,8192,27117.9,0.0108077,1,-,1,67,2026-10-06T01:58:05Z,1
201754,cheap,1,llama-3.2-1b,wq_wo,2048,2048,2048,6831.16,0.0181841,1,-,1,67,2026-10-06T01:58:20Z,1
201754,cheap,1,llama-3.2-1b,wk_wv,2048,512,2048,1944.12,0.0279432,1,-,1,67,2026-10-06T01:58:20Z,1
201754,cheap,1,llama-3.2-1b,w1_w3,2048,8192,2048,25660.2,0.00938866,1,-,1,67,2026-10-06T01:58:20Z,1
201754,cheap,1,llama-3.2-1b,w2,2048,2048,8192,27194.5,0.0100296,1,-,1,67,2026-10-06T01:58:20Z,1
201756,cheap,1,llama-3.2-1b,wq_wo,2048,2048,2048,440.648,0.00348001,1,-,1,68,2026-10-06T01:58:35Z,1
201756,cheap,1,llama-3.2-1b,wk_wv,2048,512,2048,151.996,0.00631252,1,-,1,68,2026-10-06T01:58:35Z,1
201756,cheap,1,llama-3.2-1b,w1_w3,2048,8192,2048,1572.97,0.00528955,1,-,1,68,2026-10-06T01:58:35Z,1
201756,cheap,1,llama-3.2-1b,w2,2048,2048,8192,1843.11,0.00651848,1,-,1,68,2026-10-06T01:58:35Z,1
201758,cheap,1,llama-3.2-1b,wq_wo,2048,2048,2048,696.54,0.0429759,1,-,1,68,2026-10-06T01:58:50Z,1
201758,cheap,1,llama-3.2-1b,wk_wv,2048,512,2048,233.74,0.005306,1,-,1,68,2026-10-06T01:58:50Z,1
201758,cheap,1,llama-3.2-1b,w1_w3,2048,8192,2048,2266.89,0.0163523,1,-,1,68,2026-10-06T01:58:50Z,1
201758,cheap,1,llama-3.2-1b,w2,2048,2048,8192,2822.98,0.0419289,1,-,1,68,2026-10-06T01:58:50Z,1
201760,cheap,1,llama-3.2-1b,wq_wo,2048,2048,2048,578.76,0.0117646,1,-,1,68,2026-10-06T01:59:03Z,1
201760,cheap,1,llama-3.2-1b,wk_wv,2048,512,2048,155.116,0.00580757,1,-,1,68,2026-10-06T01:59:03Z,1
201760,cheap,1,llama-3.2-1b,w1_w3,2048,8192,2048,1991.5,0.00519917,1,-,1,68,2026-10-06T01:59:03Z,1
201760,cheap,1,llama-3.2-1b,w2,2048,2048,8192,2416.91,0.010254,1,-,1,68,2026-10-06T01:59:03Z,1
201764,cheap,1,llama-3.2-1b,wq_wo,2048,2048,2048,12072.7,0.0132359,1,-,1,66,2026-10-06T01:59:23Z,1
201764,cheap,1,llama-3.2-1b,wk_wv,2048,512,2048,3372.77,0.040965,1,-,1,66,2026-10-06T01:59:23Z,1
201764,cheap,1,llama-3.2-1b,w1_w3,2048,8192,2048,43651.7,0.0113787,1,-,1,66,2026-10-06T01:59:23Z,1
201764,cheap,1,llama-3.2-1b,w2,2048,2048,8192,46803,0.012843,1,-,1,66,2026-10-06T01:59:23Z,1
201768,cheap,1,llama-3.2-1b,wq_wo,2048,2048,2048,8126.35,0.0196657,1,-,1,67,2026-10-06T01:59:40Z,1
201768,cheap,1,llama-3.2-1b,wk_wv,2048,512,2048,2389.09,0.0574671,1,-,1,67,2026-10-06T01:59:40Z,1
201768,cheap,1,llama-3.2-1b,w1_w3,2048,8192,2048,29018.5,0.0166426,1,-,1,67,2026-10-06T01:59:40Z,1
201768,cheap,1,llama-3.2-1b,w2,2048,2048,8192,33465,0.0253301,1,-,1,67,2026-10-06T01:59:40Z,1
201770,cheap,1,llama-3.2-1b,wq_wo,2048,2048,2048,1300.94,0.0108306,1,-,1,67,2026-10-06T01:59:53Z,1
201770,cheap,1,llama-3.2-1b,wk_wv,2048,512,2048,288.834,0.0257945,1,-,1,67,2026-10-06T01:59:53Z,1
201770,cheap,1,llama-3.2-1b,w1_w3,2048,8192,2048,5426.82,0.00415905,1,-,1,67,2026-10-06T01:59:53Z,1
201770,cheap,1,llama-3.2-1b,w2,2048,2048,8192,4973.59,0.0174632,1,-,1,67,2026-10-06T01:59:53Z,1
201772,cheap,1,llama-3.2-1b,wq_wo,2048,2048,2048,891.592,0.00446609,1,-,1,68,2026-10-06T02:00:02Z,1
201772,cheap,1,llama-3.2-1b,wk_wv,2048,512,2048,205.66,0.00618186,1,-,1,68,2026-10-06T02:00:02Z,1
201772,cheap,1,llama-3.2-1b,w1_w3,2048,8192,2048,3178.4,0.00274919,1,-,1,68,2026-10-06T02:00:02Z,1
201772,cheap,1,llama-3.2-1b,w2,2048,2048,8192,3552.67,0.00479581,1,-,1,68,2026-10-06T02:00:02Z,1
201777,cheap,1,llama-3.2-1b,wq_wo,2048,2048,2048,5580.95,0.0168298,1,-,1,68,2026-10-06T02:00:15Z,1
201777,cheap,1,llama-3.2-1b,wk_wv,2048,512,2048,971.516,0.031145,1,-,1,68,2026-10-06T02:00:15Z,1
201777,cheap,1,llama-3.2-1b,w1_w3,2048,8192,2048,22350.6,0.0140136,1,-,1,68,2026-10-06T02:00:15Z,1
201777,cheap,1,llama-3.2-1b,w2,2048,2048,8192,22067.2,0.0205857,1,-,1,68,2026-10-06T02:00:15Z,1
201783,cheap,1,llama-3.2-1b,wq_wo,2048,2048,2048,4217.62,0.0191244,1,-,1,66,2026-10-06T02:00:29Z,1
201783,cheap,1,llama-3.2-1b,wk_wv,2048,512,2048,1787.24,0.02992,1,-,1,66,2026-10-06T02:00:29Z,1
201783,cheap,1,llama-3.2-1b,w1_w3,2048,8192,2048,17192,0.0184719,1,-,1,66,2026-10-06T02:00:29Z,1
201783,cheap,1,llama-3.2-1b,w2,2048,2048,8192,16490.9,0.0205625,1,-,1,66,2026-10-06T02:00:29Z,1
201789,cheap,1,llama-3.2-1b,wq_wo,2048,2048,2048,4962.75,0.0202375,1,-,1,67,2026-10-06T02:00:46Z,1
201789,cheap,1,llama-3.2-1b,wk_wv,2048,512,2048,1867.48,0.0606979,1,-,1,67,2026-10-06T02:00:46Z,1
201789,cheap,1,llama-3.2-1b,w1_w3,2048,8192,2048,19625.2,0.0173308,1,-,1,67,2026-10-06T02:00:46Z,1
201789,cheap,1,llama-3.2-1b,w2,2048,2048,8192,19440.2,0.0185655,1,-,1,67,2026-10-06T02:00:46Z,1
201791,cheap,1,llama-3.2-1b,wq_wo,2048,2048,2048,3514.58,0.00942786,1,-,1,68,2026-10-06T02:01:01Z,1
201791,cheap,1,llama-3.2-1b,wk_wv,2048,512,2048,830.388,0.0212874,1,-,1,68,2026-10-06T02:01:01Z,1
201791,cheap,1,llama-3.2-1b,w1_w3,2048,8192,2048,12494.8,0.00474712,1,-,1,68,2026-10-06T02:01:01Z,1
201791,cheap,1,llama-3.2-1b,w2,2048,2048,8192,14272.2,0.00764495,1,-,1,68,2026-10-06T02:01:01Z,1
201794,cheap,1,llama-3.2-1b,wq_wo,2048,2048,2048,4815.38,0.0332254,1,-,1,68,2026-10-06T02:01:13Z,1
201794,cheap,1,llama-3.2-1b,wk_wv,2048,512,2048,1242.83,0.0313706,1,-,1,68,2026-10-06T02:01:13Z,1
201794,cheap,1,llama-3.2-1b,w1_w3,2048,8192,2048,18025.7,0.0231391,1,-,1,68,2026-10-06T02:01:13Z,1
201794,cheap,1,llama-3.2-1b,w2,2048,2048,8192,19084.4,0.0282248,1,-,1,68,2026-10-06T02:01:13Z,1
201796,cheap,1,llama-3.2-1b,wq_wo,2048,2048,2048,3823.95,0.0174873,1,-,1,68,2026-10-06T02:01:25Z,1
201796,cheap,1,llama-3.2-1b,wk_wv,2048,512,2048,653.744,0.034436,1,-,1,68,2026-10-06T02:01:25Z,1
201796,cheap,1,llama-3.2-1b,w1_w3,2048,8192,2048,15757.1,0.00911374,1,-,1,68,2026-10-06T02:01:25Z,1
201796,cheap,1,llama-3.2-1b,w2,2048,2048,8192,13561.1,0.0228225,1,-,1,68,2026-10-06T02:01:25Z,1
201798,cheap,1,llama-3.2-1b,wq_wo,2048,2048,2048,12305.7,0.0146933,1,-,1,66,2026-10-06T02:01:52Z,1
201798,cheap,1,llama-3.2-1b,wk_wv,2048,512,2048,4758.78,0.0415863,1,-,1,66,2026-10-06T02:01:52Z,1
201798,cheap,1,llama-3.2-1b,w1_w3,2048,8192,2048,48795.1,0.0118281,1,-,1,66,2026-10-06T02:01:52Z,1
201798,cheap,1,llama-3.2-1b,w2,2048,2048,8192,48849.9,0.0144642,1,-,1,66,2026-10-06T02:01:52Z,1
201802,cheap,1,llama-3.2-1b,wq_wo,2048,2048,2048,2442.99,0.0239656,1,-,1,68,2026-10-06T02:02:02Z,1
201802,cheap,1,llama-3.2-1b,wk_wv,2048,512,2048,858.728,0.0337559,1,-,1,68,2026-10-06T02:02:02Z,1
201802,cheap,1,llama-3.2-1b,w1_w3,2048,8192,2048,10112,0.0164932,1,-,1,68,2026-10-06T02:02:02Z,1
201802,cheap,1,llama-3.2-1b,w2,2048,2048,8192,9612.2,0.0200583,1,-,1,68,2026-10-06T02:02:02Z,1
201805,cheap,1,llama-3.2-1b,wq_wo,2048,2048,2048,352.82,0.00420422,1,-,1,69,2026-10-06T02:02:11Z,1
201805,cheap,1,llama-3.2-1b,wk_wv,2048,512,2048,93.548,0.00445207,1,-,1,69,2026-10-06T02:02:11Z,1
201805,cheap,1,llama-3.2-1b,w1_w3,2048,8192,2048,1479.79,0.00165945,1,-,1,69,2026-10-06T02:02:11Z,1
201805,cheap,1,llama-3.2-1b,w2,2048,2048,8192,1669.41,0.00524526,1,-,1,69,2026-10-06T02:02:11Z,1
201807,cheap,1,llama-3.2-1b,wq_wo,2048,2048,2048,1845.64,0.00215892,1,-,1,68,2026-10-06T02:02:20Z,1
201807,cheap,1,llama-3.2-1b,wk_wv,2048,512,2048,454.116,0.00369349,1,-,1,68,2026-10-06T02:02:20Z,1
201807,cheap,1,llama-3.2-1b,w1_w3,2048,8192,2048,7271.26,0.00262873,1,-,1,68,2026-10-06T02:02:20Z,1
201807,cheap,1,llama-3.2-1b,w2,2048,2048,8192,8143.69,0.00253104,1,-,1,68,2026-10-06T02:02:20Z,1
201809,cheap,1,llama-3.2-1b,wq_wo,2048,2048,2048,238.524,0.0215282,1,-,1,68,2026-10-06T02:02:28Z,1
201809,cheap,1,llama-3.2-1b,wk_wv,2048,512,2048,66.976,0.00996171,1,-,1,68,2026-10-06T02:02:28Z,1
201809,cheap,1,llama-3.2-1b,w1_w3,2048,8192,2048,964.834,0.0243971,1,-,1,68,2026-10-06T02:02:28Z,1
201809,cheap,1,llama-3.2-1b,w2,2048,2048,8192,1070.24,0.0153369,1,-,1,68,2026-10-06T02:02:28Z,1
201812,cheap,1,llama-3.2-1b,wq_wo,2048,2048,2048,2862,0.0061809,1,-,1,68,2026-10-06T02:02:39Z,1
201812,cheap,1,llama-3.2-1b,wk_wv,2048,512,2048,821.886,0.00724537,1,-,1,68,2026-10-06T02:02:39Z,1
201812,cheap,1,llama-3.2-1b,w1_w3,2048,8192,2048,10126.5,0.00649266,1,-,1,68,2026-10-06T02:02:39Z,1
201812,cheap,1,llama-3.2-1b,w2,2048,2048,8192,11851.4,0.00941205,1,-,1,68,2026-10-06T02:02:39Z,1
201814,cheap,1,llama-3.2-1b,wq_wo,2048,2048,2048,874.744,0.0513273,1,-,1,68,2026-10-06T02:02:51Z,1
201814,cheap,1,llama-3.2-1b,wk_wv,2048,512,2048,610.844,0.00724298,1,-,1,68,2026-10-06T02:02:51Z,1
201814,cheap,1,llama-3.2-1b,w1_w3,2048,8192,2048,3419.57,0.050407,1,-,1,68,2026-10-06T02:02:51Z,1
201814,cheap,1,llama-3.2-1b,w2,2048,2048,8192,3410.58,0.0536132,1,-,1,68,2026-10-06T02:02:51Z,1
201818,cheap,1,llama-3.2-1b,wq_wo,2048,2048,2048,958.828,0.00766116,1,-,1,69,2026-10-06T02:03:04Z,1
201818,cheap,1,llama-3.2-1b,wk_wv,2048,512,2048,236.132,0.00850193,1,-,1,69,2026-10-06T02:03:04Z,1
201818,cheap,1,llama-3.2-1b,w1_w3,2048,8192,2048,3346.15,0.00393395,1,-,1,69,2026-10-06T02:03:04Z,1
201818,cheap,1,llama-3.2-1b,w2,2048,2048,8192,3753.67,0.00650827,1,-,1,69,2026-10-06T02:03:04Z,1
201821,cheap,1,llama-3.2-1b,wq_wo,2048,2048,2048,1880.11,0.0222896,1,-,1,67,2026-10-06T02:03:19Z,1
201821,cheap,1,llama-3.2-1b,wk_wv,2048,512,2048,615.394,0.0297188,1,-,1,67,2026-10-06T02:03:19Z,1
201821,cheap,1,llama-3.2-1b,w1_w3,2048,8192,2048,7799.71,0.0116906,1,-,1,67,2026-10-06T02:03:19Z,1
201821,cheap,1,llama-3.2-1b,w2,2048,2048,8192,7985.12,0.0259958,1,-,1,67,2026-10-06T02:03:19Z,1
201823,cheap,1,llama-3.2-1b,wq_wo,2048,2048,2048,357.396,0.0158935,1,-,1,68,2026-10-06T02:03:34Z,1
201823,cheap,1,llama-3.2-1b,wk_wv,2048,512,2048,100.048,0.0189796,1,-,1,68,2026-10-06T02:03:34Z,1
201823,cheap,1,llama-3.2-1b,w1_w3,2048,8192,2048,1257.46,0.0211588,1,-,1,68,2026-10-06T02:03:34Z,1
201823,cheap,1,llama-3.2-1b,w2,2048,2048,8192,1497.96,0.0141492,1,-,1,68,2026-10-06T02:03:34Z,1
201827,cheap,1,llama-3.2-1b,wq_wo,2048,2048,2048,2584.24,0.0265194,1,-,1,67,2026-10-06T02:03:49Z,1
201827,cheap,1,llama-3.2-1b,wk_wv,2048,512,2048,744.016,0.0427492,1,-,1,67,2026-10-06T02:03:49Z,1
201827,cheap,1,llama-3.2-1b,w1_w3,2048,8192,2048,9838.97,0.0102669,1,-,1,67,2026-10-06T02:03:49Z,1
201827,cheap,1,llama-3.2-1b,w2,2048,2048,8192,10202.6,0.0241312,1,-,1,67,2026-10-06T02:03:49Z,1
201830,cheap,1,-,-,,,,,,,,124,58,2026-10-06T02:07:49Z,1
base,cheap,b14,llama-3.2-1b,wq_wo,2048,2048,2048,183.924,0.00598867,1,-,1,65,2026-10-06T02:08:04Z,1
base,cheap,b14,llama-3.2-1b,wk_wv,2048,512,2048,52.676,0.00838518,1,-,1,65,2026-10-06T02:08:04Z,1
base,cheap,b14,llama-3.2-1b,w1_w3,2048,8192,2048,749.372,0.0163229,1,-,1,65,2026-10-06T02:08:04Z,1
base,cheap,b14,llama-3.2-1b,w2,2048,2048,8192,821.808,0.0138135,1,-,1,65,2026-10-06T02:08:04Z,1
201834,cheap,1,llama-3.2-1b,wq_wo,2048,2048,2048,4763.72,0.0320558,1,-,1,66,2026-10-06T02:08:17Z,1
201834,cheap,1,llama-3.2-1b,wk_wv,2048,512,2048,1841.03,0.046251,1,-,1,66,2026-10-06T02:08:17Z,1
201834,cheap,1,llama-3.2-1b,w1_w3,2048,8192,2048,16973.9,0.0191349,1,-,1,66,2026-10-06T02:08:17Z,1
201834,cheap,1,llama-3.2-1b,w2,2048,2048,8192,19080,0.0262494,1,-,1,66,2026-10-06T02:08:17Z,1
201836,cheap,1,llama-3.2-1b,wq_wo,2048,2048,2048,6604.65,0.0227794,1,-,1,66,2026-10-06T02:08:35Z,1
201836,cheap,1,llama-3.2-1b,wk_wv,2048,512,2048,2763.59,0.0120717,1,-,1,66,2026-10-06T02:08:35Z,1
201836,cheap,1,llama-3.2-1b,w1_w3,2048,8192,2048,23474.3,0.0147425,1,-,1,66,2026-10-06T02:08:35Z,1
201836,cheap,1,llama-3.2-1b,w2,2048,2048,8192,26134.6,0.0214231,1,-,1,66,2026-10-06T02:08:35Z,1
201838,cheap,1,llama-3.2-1b,wq_wo,2048,2048,2048,2238.86,0.00445466,1,-,1,67,2026-10-06T02:08:48Z,1
201838,cheap,1,llama-3.2-1b,wk_wv,2048,512,2048,568.516,0.0223576,1,-,1,67,2026-10-06T02:08:48Z,1
201838,cheap,1,llama-3.2-1b,w1_w3,2048,8192,2048,8788.52,0.00216389,1,-,1,67,2026-10-06T02:08:48Z,1
201838,cheap,1,llama-3.2-1b,w2,2048,2048,8192,9183.36,0.00352905,1,-,1,67,2026-10-06T02:08:48Z,1
201842,cheap,1,llama-3.2-1b,wq_wo,2048,2048,2048,24327.2,0.0217065,1,-,1,66,2026-10-06T02:09:09Z,1
201842,cheap,1,llama-3.2-1b,wk_wv,2048,512,2048,6377.41,0.0359452,1,-,1,66,2026-10-06T02:09:09Z,1
201842,cheap,1,llama-3.2-1b,w1_w3,2048,8192,2048,92479.2,0.00975251,1,-,1,66,2026-10-06T02:09:09Z,1
201842,cheap,1,llama-3.2-1b,w2,2048,2048,8192,100276,0.0268538,1,-,1,66,2026-10-06T02:09:09Z,1
201845,cheap,1,llama-3.2-1b,wq_wo,2048,2048,2048,1253.41,0.00667383,1,-,1,67,2026-10-06T02:09:18Z,1
201845,cheap,1,llama-3.2-1b,wk_wv,2048,512,2048,425.88,0.0069963,1,-,1,67,2026-10-06T02:09:18Z,1
201845,cheap,1,llama-3.2-1b,w1_w3,2048,8192,2048,4805.71,0.00828853,1,-,1,67,2026-10-06T02:09:18Z,1
201845,cheap,1,llama-3.2-1b,w2,2048,2048,8192,4787.8,0.00785876,1,-,1,67,2026-10-06T02:09:18Z,1
201848,cheap,1,llama-3.2-1b,wq_wo,2048,2048,2048,3042.49,0.0318991,1,-,1,67,2026-10-06T02:09:31Z,1
201848,cheap,1,llama-3.2-1b,wk_wv,2048,512,2048,871.052,0.0552546,1,-,1,67,2026-10-06T02:09:31Z,1
201848,cheap,1,llama-3.2-1b,w1_w3,2048,8192,2048,10772.1,0.0142639,1,-,1,67,2026-10-06T02:09:31Z,1
201848,cheap,1,llama-3.2-1b,w2,2048,2048,8192,12439.8,0.0329799,1,-,1,67,2026-10-06T02:09:31Z,1
201850,cheap,1,llama-3.2-1b,wq_wo,2048,2048,2048,1955.82,0.019149,1,-,1,67,2026-10-06T02:09:46Z,1
201850,cheap,1,llama-3.2-1b,wk_wv,2048,512,2048,749.424,0.0244541,1,-,1,67,2026-10-06T02:09:46Z,1
201850,cheap,1,llama-3.2-1b,w1_w3,2048,8192,2048,8057.71,0.01254,1,-,1,67,2026-10-06T02:09:46Z,1
201850,cheap,1,llama-3.2-1b,w2,2048,2048,8192,7565.95,0.0207047,1,-,1,67,2026-10-06T02:09:46Z,1
201852,cheap,1,llama-3.2-1b,wq_wo,2048,2048,2048,843.648,0.018776,1,-,1,68,2026-10-06T02:09:59Z,1
201852,cheap,1,llama-3.2-1b,wk_wv,2048,512,2048,192.192,0.00484779,1,-,1,68,2026-10-06T02:09:59Z,1
201852,cheap,1,llama-3.2-1b,w1_w3,2048,8192,2048,2893.7,0.011086,1,-,1,68,2026-10-06T02:09:59Z,1
201852,cheap,1,llama-3.2-1b,w2,2048,2048,8192,3722.52,0.0350667,1,-,1,68,2026-10-06T02:09:59Z,1
201856,cheap,1,llama-3.2-1b,wq_wo,2048,2048,2048,14537.7,0.0280568,1,-,1,66,2026-10-06T02:10:20Z,1
201856,cheap,1,llama-3.2-1b,wk_wv,2048,512,2048,3769.38,0.0485411,1,-,1,66,2026-10-06T02:10:20Z,1
201856,cheap,1,llama-3.2-1b,w1_w3,2048,8192,2048,53571.1,0.0208072,1,-,1,66,2026-10-06T02:10:20Z,1
201856,cheap,1,llama-3.2-1b,w2,2048,2048,8192,58740.8,0.0149997,1,-,1,66,2026-10-06T02:10:20Z,1
201858,cheap,1,llama-3.2-1b,wq_wo,2048,2048,2048,6678.52,0.030614,1,-,1,67,2026-10-06T02:10:35Z,1
201858,cheap,1,llama-3.2-1b,wk_wv,2048,512,2048,1733.16,0.041306,1,-,1,67,2026-10-06T02:10:35Z,1
201858,cheap,1,llama-3.2-1b,w1_w3,2048,8192,2048,25598.1,0.0243293,1,-,1,67,2026-10-06T02:10:35Z,1
201858,cheap,1,llama-3.2-1b,w2,2048,2048,8192,26269.5,0.0312008,1,-,1,67,2026-10-06T02:10:35Z,1
201861,cheap,1,llama-3.2-1b,wq_wo,2048,2048,2048,362.908,0.0115486,1,-,1,68,2026-10-06T02:10:48Z,1
201861,cheap,1,llama-3.2-1b,wk_wv,2048,512,2048,87.932,0.0127417,1,-,1,68,2026-10-06T02:10:48Z,1
201861,cheap,1,llama-3.2-1b,w1_w3,2048,8192,2048,1257.93,0.00692551,1,-,1,68,2026-10-06T02:10:48Z,1
201861,cheap,1,llama-3.2-1b,w2,2048,2048,8192,1598.56,0.0158443,1,-,1,68,2026-10-06T02:10:48Z,1
201863,cheap,1,llama-3.2-1b,wq_wo,2048,2048,2048,5109.36,0.0317273,1,-,1,67,2026-10-06T02:11:05Z,1
201863,cheap,1,llama-3.2-1b,wk_wv,2048,512,2048,1304.47,0.0348352,1,-,1,67,2026-10-06T02:11:05Z,1
201863,cheap,1,llama-3.2-1b,w1_w3,2048,8192,2048,19197.1,0.0236398,1,-,1,67,2026-10-06T02:11:05Z,1
201863,cheap,1,llama-3.2-1b,w2,2048,2048,8192,20317.5,0.0307722,1,-,1,67,2026-10-06T02:11:05Z,1
201867,cheap,1,llama-3.2-1b,wq_wo,2048,2048,2048,14244.8,0.0250971,1,-,1,66,2026-10-06T02:11:28Z,1
201867,cheap,1,llama-3.2-1b,wk_wv,2048,512,2048,3552.56,0.0383407,1,-,1,66,2026-10-06T02:11:28Z,1
201867,cheap,1,llama-3.2-1b,w1_w3,2048,8192,2048,54657.7,0.0105879,1,-,1,66,2026-10-06T02:11:28Z,1
201867,cheap,1,llama-3.2-1b,w2,2048,2048,8192,55242.4,0.0126887,1,-,1,66,2026-10-06T02:11:28Z,1
201872,cheap,1,llama-3.2-1b,wq_wo,2048,2048,2048,1686.98,0.0264231,1,-,1,66,2026-10-06T02:11:44Z,1
201872,cheap,1,llama-3.2-1b,wk_wv,2048,512,2048,986.388,0.0289863,1,-,1,66,2026-10-06T02:11:44Z,1
201872,cheap,1,llama-3.2-1b,w1_w3,2048,8192,2048,7053.49,0.0199648,1,-,1,66,2026-10-06T02:11:44Z,1
201872,cheap,1,llama-3.2-1b,w2,2048,2048,8192,6933,0.0277517,1,-,1,66,2026-10-06T02:11:44Z,1
201874,cheap,1,llama-3.2-1b,wq_wo,2048,2048,2048,1478.23,0.0070758,1,-,1,67,2026-10-06T02:11:58Z,1
201874,cheap,1,llama-3.2-1b,wk_wv,2048,512,2048,369.746,0.0174145,1,-,1,67,2026-10-06T02:11:58Z,1
201874,cheap,1,llama-3.2-1b,w1_w3,2048,8192,2048,5480.25,0.00650097,1,-,1,67,2026-10-06T02:11:58Z,1
201874,cheap,1,llama-3.2-1b,w2,2048,2048,8192,5733.81,0.00677108,1,-,1,67,2026-10-06T02:11:58Z,1
201876,cheap,1,llama-3.2-1b,wq_wo,2048,2048,2048,6559.28,0.0238742,1,-,1,67,2026-10-06T02:12:17Z,1
201876,cheap,1,llama-3.2-1b,wk_wv,2048,512,2048,2656,0.0349061,1,-,1,67,2026-10-06T02:12:17Z,1
201876,cheap,1,llama-3.2-1b,w1_w3,2048,8192,2048,23886.5,0.0112547,1,-,1,67,2026-10-06T02:12:17Z,1
201876,cheap,1,llama-3.2-1b,w2,2048,2048,8192,29318.7,0.0206064,1,-,1,67,2026-10-06T02:12:17Z,1
201878,cheap,1,llama-3.2-1b,wq_wo,2048,2048,2048,12116.3,0.0148237,1,-,1,66,2026-10-06T02:12:34Z,1
201878,cheap,1,llama-3.2-1b,wk_wv,2048,512,2048,3092.1,0.0177355,1,-,1,66,2026-10-06T02:12:34Z,1
201878,cheap,1,llama-3.2-1b,w1_w3,2048,8192,2048,48159.1,0.0104895,1,-,1,66,2026-10-06T02:12:34Z,1
201878,cheap,1,llama-3.2-1b,w2,2048,2048,8192,49100.2,0.0189607,1,-,1,66,2026-10-06T02:12:34Z,1
201881,cheap,1,llama-3.2-1b,wq_wo,2048,2048,2048,9505.42,0.00695596,1,-,1,65,2026-10-06T02:13:07Z,1
201881,cheap,1,llama-3.2-1b,wk_wv,2048,512,2048,5026.79,0.0598654,1,-,1,65,2026-10-06T02:13:07Z,1
201881,cheap,1,llama-3.2-1b,w1_w3,2048,8192,2048,37924.1,0.00462886,1,-,1,65,2026-10-06T02:13:07Z,1
201881,cheap,1,llama-3.2-1b,w2,2048,2048,8192,37627.9,0.00499381,1,-,1,65,2026-10-06T02:13:07Z,1
201883,cheap,1,llama-3.2-1b,wq_wo,2048,2048,2048,5303.58,0.0181622,1,-,1,67,2026-10-06T02:13:21Z,1
201883,cheap,1,llama-3.2-1b,wk_wv,2048,512,2048,1467.15,0.0349626,1,-,1,67,2026-10-06T02:13:21Z,1
201883,cheap,1,llama-3.2-1b,w1_w3,2048,8192,2048,18650.3,0.00975428,1,-,1,67,2026-10-06T02:13:21Z,1
201883,cheap,1,llama-3.2-1b,w2,2048,2048,8192,21481.7,0.0214181,1,-,1,67,2026-10-06T02:13:21Z,1
201886,cheap,1,llama-3.2-1b,wq_wo,2048,2048,2048,37087.7,0.0139544,1,-,1,66,2026-10-06T02:13:53Z,1
201886,cheap,1,llama-3.2-1b,wk_wv,2048,512,2048,9437.43,0.0452324,1,-,1,66,2026-10-06T02:13:53Z,1
201886,cheap,1,llama-3.2-1b,w1_w3,2048,8192,2048,141146,0.00910066,1,-,1,66,2026-10-06T02:13:53Z,1
201886,cheap,1,llama-3.2-1b,w2,2048,2048,8192,144883,0.0267594,1,-,1,66,2026-10-06T02:13:53Z,1
201888,cheap,1,llama-3.2-1b,wq_wo,2048,2048,2048,19049.5,0.00957494,1,-,1,66,2026-10-06T02:14:31Z,1
201888,cheap,1,llama-3.2-1b,wk_wv,2048,512,2048,7802.44,0.0479352,1,-,1,66,2026-10-06T02:14:31Z,1
201888,cheap,1,llama-3.2-1b,w1_w3,2048,8192,2048,77623.4,0.0134955,1,-,1,66,2026-10-06T02:14:31Z,1
201888,cheap,1,llama-3.2-1b,w2,2048,2048,8192,75642.3,0.0124031,1,-,1,66,2026-10-06T02:14:31Z,1
201891,cheap,1,llama-3.2-1b,wq_wo,2048,2048,2048,275.158,0.00540796,1,-,1,68,2026-10-06T02:14:39Z,1
201891,cheap,1,llama-3.2-1b,wk_wv,2048,512,2048,74.36,0.00897661,1,-,1,68,2026-10-06T02:14:39Z,1
201891,cheap,1,llama-3.2-1b,w1_w3,2048,8192,2048,1082.28,0.00697837,1,-,1,68,2026-10-06T02:14:39Z,1
201891,cheap,1,llama-3.2-1b,w2,2048,2048,8192,1411.07,0.00692681,1,-,1,68,2026-10-06T02:14:39Z,1
201893,cheap,1,llama-3.2-1b,wq_wo,2048,2048,2048,28769.1,0.00297118,1,-,1,65,2026-10-06T02:15:02Z,1
201893,cheap,1,llama-3.2-1b,wk_wv,2048,512,2048,7172.18,0.00466578,1,-,1,65,2026-10-06T02:15:02Z,1
201893,cheap,1,llama-3.2-1b,w1_w3,2048,8192,2048,112887,0.00295793,1,-,1,65,2026-10-06T02:15:02Z,1
201893,cheap,1,llama-3.2-1b,w2,2048,2048,8192,115507,0.0121089,1,-,1,65,2026-10-06T02:15:02Z,1
201897,cheap,1,llama-3.2-1b,wq_wo,2048,2048,2048,889.2,0.00534022,1,-,1,68,2026-10-06T02:15:11Z,1
201897,cheap,1,llama-3.2-1b,wk_wv,2048,512,2048,229.58,0.00431963,1,-,1,68,2026-10-06T02:15:11Z,1
201897,cheap,1,llama-3.2-1b,w1_w3,2048,8192,2048,2914.55,0.0043463,1,-,1,68,2026-10-06T02:15:11Z,1
201897,cheap,1,llama-3.2-1b,w2,2048,2048,8192,3700.01,0.006565,1,-,1,68,2026-10-06T02:15:11Z,1
201900,cheap,1,llama-3.2-1b,wq_wo,2048,2048,2048,2599.12,0.021867,1,-,1,67,2026-10-06T02:15:21Z,1
201900,cheap,1,llama-3.2-1b,wk_wv,2048,512,2048,739.96,0.0342805,1,-,1,67,2026-10-06T02:15:21Z,1
201900,cheap,1,llama-3.2-1b,w1_w3,2048,8192,2048,9545.12,0.00979872,1,-,1,67,2026-10-06T02:15:21Z,1
201900,cheap,1,llama-3.2-1b,w2,2048,2048,8192,10307.2,0.02176,1,-,1,67,2026-10-06T02:15:21Z,1
201903,cheap,1,llama-3.2-1b,wq_wo,2048,2048,2048,5420.12,0.0153958,1,-,1,67,2026-10-06T02:15:30Z,1
201903,cheap,1,llama-3.2-1b,wk_wv,2048,512,2048,1506.49,0.0239724,1,-,1,67,2026-10-06T02:15:30Z,1
201903,cheap,1,llama-3.2-1b,w1_w3,2048,8192,2048,20723.8,0.0128502,1,-,1,67,2026-10-06T02:15:30Z,1
201903,cheap,1,llama-3.2-1b,w2,2048,2048,8192,21763,0.0184071,1,-,1,67,2026-10-06T02:15:30Z,1
201905,cheap,1,llama-3.2-1b,wq_wo,2048,2048,2048,1991.03,0.0122198,1,-,1,68,2026-10-06T02:15:39Z,1
201905,cheap,1,llama-3.2-1b,wk_wv,2048,512,2048,473.564,0.0290377,1,-,1,68,2026-10-06T02:15:39Z,1
201905,cheap,1,llama-3.2-1b,w1_w3,2048,8192,2048,7412.7,0.00577183,1,-,1,68,2026-10-06T02:15:39Z,1
201905,cheap,1,llama-3.2-1b,w2,2048,2048,8192,8384.74,0.00965289,1,-,1,68,2026-10-06T02:15:39Z,1
201908,cheap,1,llama-3.2-1b,wq_wo,2048,2048,2048,11848.8,0.00380461,1,-,1,66,2026-10-06T02:16:06Z,1
201908,cheap,1,llama-3.2-1b,wk_wv,2048,512,2048,2976.06,0.0106836,1,-,1,66,2026-10-06T02:16:06Z,1
201908,cheap,1,llama-3.2-1b,w1_w3,2048,8192,2048,44620.7,0.00734568,1,-,1,66,2026-10-06T02:16:06Z,1
201908,cheap,1,llama-3.2-1b,w2,2048,2048,8192,47554.2,0.00315993,1,-,1,66,2026-10-06T02:16:06Z,1
201911,cheap,1,llama-3.2-1b,wq_wo,2048,2048,2048,11434.8,0.0260106,1,-,1,65,2026-10-06T02:16:28Z,1
201911,cheap,1,llama-3.2-1b,wk_wv,2048,512,2048,2903.89,0.0327114,1,-,1,65,2026-10-06T02:16:28Z,1
201911,cheap,1,llama-3.2-1b,w1_w3,2048,8192,2048,45009.6,0.0152041,1,-,1,65,2026-10-06T02:16:28Z,1
201911,cheap,1,llama-3.2-1b,w2,2048,2048,8192,45749,0.0299856,1,-,1,65,2026-10-06T02:16:28Z,1
201914,cheap,1,-,-,,,,,,,,124,60,2026-10-06T02:20:28Z,1
201916,cheap,1,llama-3.2-1b,wq_wo,2048,2048,2048,3211.13,0.00267536,1,-,1,64,2026-10-06T02:20:44Z,1
201916,cheap,1,llama-3.2-1b,wk_wv,2048,512,2048,781.04,0.00854813,1,-,1,64,2026-10-06T02:20:44Z,1
201916,cheap,1,llama-3.2-1b,w1_w3,2048,8192,2048,11914.8,0.0042377,1,-,1,64,2026-10-06T02:20:44Z,1
201916,cheap,1,llama-3.2-1b,w2,2048,2048,8192,13583.6,0.00241335,1,-,1,64,2026-10-06T02:20:44Z,1
201918,cheap,1,llama-3.2-1b,wq_wo,2048,2048,2048,4866.39,0.0117562,1,-,1,66,2026-10-06T02:21:03Z,1
201918,cheap,1,llama-3.2-1b,wk_wv,2048,512,2048,2473.46,0.013964,1,-,1,66,2026-10-06T02:21:03Z,1
201918,cheap,1,llama-3.2-1b,w1_w3,2048,8192,2048,18858.3,0.0113811,1,-,1,66,2026-10-06T02:21:03Z,1
201918,cheap,1,llama-3.2-1b,w2,2048,2048,8192,19071.1,0.0174479,1,-,1,66,2026-10-06T02:21:03Z,1
201921,cheap,1,llama-3.2-1b,wq_wo,2048,2048,2048,500.916,0.00324773,1,-,1,67,2026-10-06T02:21:17Z,1
201921,cheap,1,llama-3.2-1b,wk_wv,2048,512,2048,131.404,0.00894772,1,-,1,67,2026-10-06T02:21:17Z,1
201921,cheap,1,llama-3.2-1b,w1_w3,2048,8192,2048,1965.21,0.0048856,1,-,1,67,2026-10-06T02:21:17Z,1
201921,cheap,1,llama-3.2-1b,w2,2048,2048,8192,2082.18,0.00301088,1,-,1,67,2026-10-06T02:21:17Z,1
201923,cheap,1,llama-3.2-1b,wq_wo,2048,2048,2048,8782.33,0.0228046,1,-,1,66,2026-10-06T02:21:30Z,1
201923,cheap,1,llama-3.2-1b,wk_wv,2048,512,2048,2150.17,0.056003,1,-,1,66,2026-10-06T02:21:30Z,1
201923,cheap,1,llama-3.2-1b,w1_w3,2048,8192,2048,33332.5,0.011047,1,-,1,66,2026-10-06T02:21:30Z,1
201923,cheap,1,llama-3.2-1b,w2,2048,2048,8192,35704.8,0.0220684,1,-,1,66,2026-10-06T02:21:30Z,1
201927,cheap,1,llama-3.2-1b,wq_wo,2048,2048,2048,11210.2,0.0152615,1,-,1,66,2026-10-06T02:21:47Z,1
201927,cheap,1,llama-3.2-1b,wk_wv,2048,512,2048,2973.46,0.0295397,1,-,1,66,2026-10-06T02:21:47Z,1
201927,cheap,1,llama-3.2-1b,w1_w3,2048,8192,2048,44853.5,0.0040141,1,-,1,66,2026-10-06T02:21:47Z,1
201927,cheap,1,llama-3.2-1b,w2,2048,2048,8192,48658,0.00135437,1,-,1,66,2026-10-06T02:21:47Z,1
201931,cheap,1,llama-3.2-1b,wq_wo,2048,2048,2048,2164.19,0.00293865,1,-,1,66,2026-10-06T02:21:59Z,1
201931,cheap,1,llama-3.2-1b,wk_wv,2048,512,2048,519.22,0.00899419,1,-,1,66,2026-10-06T02:21:59Z,1
201931,cheap,1,llama-3.2-1b,w1_w3,2048,8192,2048,7942.82,0.00439804,1,-,1,66,2026-10-06T02:21:59Z,1
201931,cheap,1,llama-3.2-1b,w2,2048,2048,8192,8597.32,0.00378227,1,-,1,66,2026-10-06T02:21:59Z,1
201933,cheap,1,llama-3.2-1b,wq_wo,2048,2048,2048,7640.93,0.015074,1,-,1,67,2026-10-06T02:22:09Z,1
201933,cheap,1,llama-3.2-1b,wk_wv,2048,512,2048,2007.1,0.0310232,1,-,1,67,2026-10-06T02:22:09Z,1
201933,cheap,1,llama-3.2-1b,w1_w3,2048,8192,2048,29905.4,0.00701386,1,-,1,67,2026-10-06T02:22:09Z,1
201933,cheap,1,llama-3.2-1b,w2,2048,2048,8192,31017.7,0.0147247,1,-,1,67,2026-10-06T02:22:09Z,1
201937,cheap,1,llama-3.2-1b,wq_wo,2048,2048,2048,6766.63,0.0136633,1,-,1,67,2026-10-06T02:22:23Z,1
201937,cheap,1,llama-3.2-1b,wk_wv,2048,512,2048,2542.9,0.0554026,1,-,1,67,2026-10-06T02:22:23Z,1
201937,cheap,1,llama-3.2-1b,w1_w3,2048,8192,2048,27517.2,0.0133726,1,-,1,67,2026-10-06T02:22:23Z,1
201937,cheap,1,llama-3.2-1b,w2,2048,2048,8192,26931,0.0171684,1,-,1,67,2026-10-06T02:22:23Z,1
201939,cheap,1,llama-3.2-1b,wq_wo,2048,2048,2048,1241.55,0.01074,1,-,1,66,2026-10-06T02:22:38Z,1
201939,cheap,1,llama-3.2-1b,wk_wv,2048,512,2048,263.276,0.027318,1,-,1,66,2026-10-06T02:22:38Z,1
201939,cheap,1,llama-3.2-1b,w1_w3,2048,8192,2048,5221.79,0.00376374,1,-,1,66,2026-10-06T02:22:38Z,1
201939,cheap,1,llama-3.2-1b,w2,2048,2048,8192,5486.36,0.0108768,1,-,1,66,2026-10-06T02:22:38Z,1
201944,cheap,1,llama-3.2-1b,wq_wo,2048,2048,2048,6137.07,0.0215791,1,-,1,67,2026-10-06T02:22:53Z,1
201944,cheap,1,llama-3.2-1b,wk_wv,2048,512,2048,1797.04,0.0600414,1,-,1,67,2026-10-06T02:22:53Z,1
201944,cheap,1,llama-3.2-1b,w1_w3,2048,8192,2048,21933.7,0.0159852,1,-,1,67,2026-10-06T02:22:53Z,1
201944,cheap,1,llama-3.2-1b,w2,2048,2048,8192,24899.2,0.0333021,1,-,1,67,2026-10-06T02:22:53Z,1
201947,cheap,1,llama-3.2-1b,wq_wo,2048,2048,2048,15712.9,0.0326483,1,-,1,67,2026-10-06T02:23:11Z,1
201947,cheap,1,llama-3.2-1b,wk_wv,2048,512,2048,3963.13,0.0342516,1,-,1,67,2026-10-06T02:23:11Z,1
201947,cheap,1,llama-3.2-1b,w1_w3,2048,8192,2048,60013.6,0.0113366,1,-,1,67,2026-10-06T02:23:11Z,1
201947,cheap,1,llama-3.2-1b,w2,2048,2048,8192,62245.8,0.0193367,1,-,1,67,2026-10-06T02:23:11Z,1
201949,cheap,1,llama-3.2-1b,wq_wo,2048,2048,2048,4783.01,0.0163006,1,-,1,67,2026-10-06T02:23:27Z,1
201949,cheap,1,llama-3.2-1b,wk_wv,2048,512,2048,1209.23,0.0176886,1,-,1,67,2026-10-06T02:23:27Z,1
201949,cheap,1,llama-3.2-1b,w1_w3,2048,8192,2048,18782.3,0.0137091,1,-,1,67,2026-10-06T02:23:27Z,1
201949,cheap,1,llama-3.2-1b,w2,2048,2048,8192,19119.2,0.0202436,1,-,1,67,2026-10-06T02:23:27Z,1
201951,cheap,1,llama-3.2-1b,wq_wo,2048,2048,2048,10951.8,0.00505933,1,-,1,67,2026-10-06T02:23:43Z,1
201951,cheap,1,llama-3.2-1b,wk_wv,2048,512,2048,2727.58,0.0217361,1,-,1,67,2026-10-06T02:23:43Z,1
201951,cheap,1,llama-3.2-1b,w1_w3,2048,8192,2048,42898.7,0.0032031,1,-,1,67,2026-10-06T02:23:43Z,1
201951,cheap,1,llama-3.2-1b,w2,2048,2048,8192,43729.6,0.00379685,1,-,1,67,2026-10-06T02:23:43Z,1
201956,cheap,1,llama-3.2-1b,wq_wo,2048,2048,2048,31208.1,0.0423015,1,-,1,64,2026-10-06T02:26:05Z,1
201956,cheap,1,llama-3.2-1b,wk_wv,2048,512,2048,8073.16,0.0673184,1,-,1,64,2026-10-06T02:26:05Z,1
201956,cheap,1,llama-3.2-1b,w1_w3,2048,8192,2048,122802,0.0172957,1,-,1,64,2026-10-06T02:26:05Z,1
201956,cheap,1,llama-3.2-1b,w2,2048,2048,8192,122503,0.0291828,1,-,1,64,2026-10-06T02:26:05Z,1
201958,cheap,1,llama-3.2-1b,wq_wo,2048,2048,2048,5128.19,0.0282946,1,-,1,64,2026-10-06T02:26:14Z,1
201958,cheap,1,llama-3.2-1b,wk_wv,2048,512,2048,1309.93,0.0312084,1,-,1,64,2026-10-06T02:26:14Z,1
201958,cheap,1,llama-3.2-1b,w1_w3,2048,8192,2048,18951.4,0.0176609,1,-,1,64,2026-10-06T02:26:14Z,1
201958,cheap,1,llama-3.2-1b,w2,2048,2048,8192,20341.5,0.0259063,1,-,1,64,2026-10-06T02:26:14Z,1
201960,cheap,1,llama-3.2-1b,wq_wo,2048,2048,2048,31516.3,0.0402913,1,-,1,64,2026-10-06T02:28:51Z,1
201960,cheap,1,llama-3.2-1b,wk_wv,2048,512,2048,8645.16,0.0764921,1,-,1,64,2026-10-06T02:28:51Z,1
201960,cheap,1,llama-3.2-1b,w1_w3,2048,8192,2048,126054,0.0150312,1,-,1,64,2026-10-06T02:28:51Z,1
201960,cheap,1,llama-3.2-1b,w2,2048,2048,8192,124890,0.0378622,1,-,1,64,2026-10-06T02:28:51Z,1
201963,cheap,1,llama-3.2-1b,wq_wo,2048,2048,2048,268.788,0.00444796,1,-,1,67,2026-10-06T02:29:06Z,1
201963,cheap,1,llama-3.2-1b,wk_wv,2048,512,2048,191.516,0.00501739,1,-,1,67,2026-10-06T02:29:06Z,1
201963,cheap,1,llama-3.2-1b,w1_w3,2048,8192,2048,1221.32,0.0156696,1,-,1,67,2026-10-06T02:29:06Z,1
201963,cheap,1,llama-3.2-1b,w2,2048,2048,8192,992.94,0.0034286,1,-,1,67,2026-10-06T02:29:06Z,1
201965,cheap,1,llama-3.2-1b,wq_wo,2048,2048,2048,1935.44,0.00355188,1,-,1,66,2026-10-06T02:29:18Z,1
201965,cheap,1,llama-3.2-1b,wk_wv,2048,512,2048,474.656,0.0143456,1,-,1,66,2026-10-06T02:29:18Z,1
201965,cheap,1,llama-3.2-1b,w1_w3,2048,8192,2048,7580.66,0.00277139,1,-,1,66,2026-10-06T02:29:18Z,1
201965,cheap,1,llama-3.2-1b,w2,2048,2048,8192,8127.99,0.00306496,1,-,1,66,2026-10-06T02:29:18Z,1
201967,cheap,1,llama-3.2-1b,wq_wo,2048,2048,2048,1094.44,0.00461222,1,-,1,68,2026-10-06T02:29:31Z,1
201967,cheap,1,llama-3.2-1b,wk_wv,2048,512,2048,284.752,0.00663392,1,-,1,68,2026-10-06T02:29:31Z,1
201967,cheap,1,llama-3.2-1b,w1_w3,2048,8192,2048,3875.87,0.00330319,1,-,1,68,2026-10-06T02:29:31Z,1
201967,cheap,1,llama-3.2-1b,w2,2048,2048,8192,4457.6,0.00495558,1,-,1,68,2026-10-06T02:29:31Z,1
201972,cheap,1,llama-3.2-1b,wq_wo,2048,2048,2048,261.04,0.00289846,1,-,1,68,2026-10-06T02:29:40Z,1
201972,cheap,1,llama-3.2-1b,wk_wv,2048,512,2048,70.824,0.00715936,1,-,1,68,2026-10-06T02:29:40Z,1
201972,cheap,1,llama-3.2-1b,w1_w3,2048,8192,2048,1053.52,0.00994994,1,-,1,68,2026-10-06T02:29:40Z,1
201972,cheap,1,llama-3.2-1b,w2,2048,2048,8192,1078.27,0.00631822,1,-,1,68,2026-10-06T02:29:40Z,1
base,cheap,b15,llama-3.2-1b,wq_wo,2048,2048,2048,184.236,0.0148076,1,-,1,69,2026-10-06T02:29:48Z,1
base,cheap,b15,llama-3.2-1b,wk_wv,2048,512,2048,52.754,0.00834255,1,-,1,69,2026-10-06T02:29:48Z,1
base,cheap,b15,llama-3.2-1b,w1_w3,2048,8192,2048,741.026,0.0176617,1,-,1,69,2026-10-06T02:29:48Z,1
base,cheap,b15,llama-3.2-1b,w2,2048,2048,8192,824.486,0.014865,1,-,1,69,2026-10-06T02:29:48Z,1
201975,cheap,1,llama-3.2-1b,wq_wo,2048,2048,2048,2183.53,0.00519886,1,-,1,69,2026-10-06T02:30:00Z,1
201975,cheap,1,llama-3.2-1b,wk_wv,2048,512,2048,629.59,0.00340212,1,-,1,69,2026-10-06T02:30:00Z,1
201975,cheap,1,llama-3.2-1b,w1_w3,2048,8192,2048,8038.65,0.00236378,1,-,1,69,2026-10-06T02:30:00Z,1
201975,cheap,1,llama-3.2-1b,w2,2048,2048,8192,8940.15,0.00461987,1,-,1,69,2026-10-06T02:30:00Z,1
201978,cheap,1,llama-3.2-1b,wq_wo,2048,2048,2048,931.06,0.00738158,1,-,1,68,2026-10-06T02:30:13Z,1
201978,cheap,1,llama-3.2-1b,wk_wv,2048,512,2048,253.24,0.00809417,1,-,1,68,2026-10-06T02:30:13Z,1
201978,cheap,1,llama-3.2-1b,w1_w3,2048,8192,2048,3101.02,0.00539478,1,-,1,68,2026-10-06T02:30:13Z,1
201978,cheap,1,llama-3.2-1b,w2,2048,2048,8192,3769.84,0.00594126,1,-,1,68,2026-10-06T02:30:13Z,1
201984,cheap,1,llama-3.2-1b,wq_wo,2048,2048,2048,1884.53,0.0116229,1,-,1,68,2026-10-06T02:30:29Z,1
201984,cheap,1,llama-3.2-1b,wk_wv,2048,512,2048,482.456,0.023557,1,-,1,68,2026-10-06T02:30:29Z,1
201984,cheap,1,llama-3.2-1b,w1_w3,2048,8192,2048,7011.86,0.00625336,1,-,1,68,2026-10-06T02:30:29Z,1
201984,cheap,1,llama-3.2-1b,w2,2048,2048,8192,7364.4,0.0118689,1,-,1,68,2026-10-06T02:30:29Z,1
201986,cheap,1,llama-3.2-1b,wq_wo,2048,2048,2048,4689.72,0.0207857,1,-,1,67,2026-10-06T02:30:44Z,1
201986,cheap,1,llama-3.2-1b,wk_wv,2048,512,2048,1164.7,0.0325209,1,-,1,67,2026-10-06T02:30:44Z,1
201986,cheap,1,llama-3.2-1b,w1_w3,2048,8192,2048,17841.7,0.0103951,1,-,1,67,2026-10-06T02:30:44Z,1
201986,cheap,1,llama-3.2-1b,w2,2048,2048,8192,18724.2,0.0143896,1,-,1,67,2026-10-06T02:30:44Z,1
201990,cheap,1,llama-3.2-1b,wq_wo,2048,2048,2048,36122.9,0.00673478,1,-,1,63,2026-10-06T02:32:06Z,1
201990,cheap,1,llama-3.2-1b,wk_wv,2048,512,2048,9414.05,0.0171854,1,-,1,63,2026-10-06T02:32:06Z,1
201990,cheap,1,llama-3.2-1b,w1_w3,2048,8192,2048,141146,0.00570491,1,-,1,63,2026-10-06T02:32:06Z,1
201990,cheap,1,llama-3.2-1b,w2,2048,2048,8192,144024,0.00569209,1,-,1,63,2026-10-06T02:32:06Z,1
201993,cheap,1,llama-3.2-1b,wq_wo,2048,2048,2048,282.256,0.00303176,1,-,1,67,2026-10-06T02:32:14Z,1
201993,cheap,1,llama-3.2-1b,wk_wv,2048,512,2048,76.856,0.00638211,1,-,1,67,2026-10-06T02:32:14Z,1
201993,cheap,1,llama-3.2-1b,w1_w3,2048,8192,2048,1100.79,0.00906001,1,-,1,67,2026-10-06T02:32:14Z,1
201993,cheap,1,llama-3.2-1b,w2,2048,2048,8192,1186.74,0.00561741,1,-,1,67,2026-10-06T02:32:14Z,1
201995,cheap,1,llama-3.2-1b,wq_wo,2048,2048,2048,6551.06,0.00722937,1,-,1,66,2026-10-06T02:32:27Z,1
201995,cheap,1,llama-3.2-1b,wk_wv,2048,512,2048,2861.35,0.0679915,1,-,1,66,2026-10-06T02:32:27Z,1
201995,cheap,1,llama-3.2-1b,w1_w3,2048,8192,2048,26069.6,0.00716368,1,-,1,66,2026-10-06T02:32:27Z,1
201995,cheap,1,llama-3.2-1b,w2,2048,2048,8192,25303.8,0.00771429,1,-,1,66,2026-10-06T02:32:27Z,1
202001,cheap,1,llama-3.2-1b,wq_wo,2048,2048,2048,914.836,0.0020491,1,-,1,65,2026-10-06T02:52:16Z,1
202001,cheap,1,llama-3.2-1b,wk_wv,2048,512,2048,252.772,0.00315565,1,-,1,65,2026-10-06T02:52:16Z,1
202001,cheap,1,llama-3.2-1b,w1_w3,2048,8192,2048,3574.69,0.00199371,1,-,1,65,2026-10-06T02:52:16Z,1
202001,cheap,1,llama-3.2-1b,w2,2048,2048,8192,4370.47,0.00482367,1,-,1,65,2026-10-06T02:52:16Z,1
202003,cheap,1,llama-3.2-1b,wq_wo,2048,2048,2048,2562.98,0.0184378,1,-,1,66,2026-10-06T02:52:30Z,1
202003,cheap,1,llama-3.2-1b,wk_wv,2048,512,2048,705.666,0.0296516,1,-,1,66,2026-10-06T02:52:30Z,1
202003,cheap,1,llama-3.2-1b,w1_w3,2048,8192,2048,9998.92,0.0097112,1,-,1,66,2026-10-06T02:52:30Z,1
202003,cheap,1,llama-3.2-1b,w2,2048,2048,8192,10508.3,0.0167205,1,-,1,66,2026-10-06T02:52:30Z,1
202006,cheap,1,llama-3.2-1b,wq_wo,2048,2048,2048,7083.36,0.0249708,1,-,1,66,2026-10-06T02:52:48Z,1
202006,cheap,1,llama-3.2-1b,wk_wv,2048,512,2048,2598.23,0.0561434,1,-,1,66,2026-10-06T02:52:48Z,1
202006,cheap,1,llama-3.2-1b,w1_w3,2048,8192,2048,25166.3,0.00848656,1,-,1,66,2026-10-06T02:52:48Z,1
202006,cheap,1,llama-3.2-1b,w2,2048,2048,8192,27781.2,0.0150632,1,-,1,66,2026-10-06T02:52:48Z,1
202008,cheap,1,llama-3.2-1b,wq_wo,2048,2048,2048,8012.94,0.0177299,1,-,1,66,2026-10-06T02:53:01Z,1
202008,cheap,1,llama-3.2-1b,wk_wv,2048,512,2048,3108.14,0.0371715,1,-,1,66,2026-10-06T02:53:01Z,1
202008,cheap,1,llama-3.2-1b,w1_w3,2048,8192,2048,30142.8,0.0103241,1,-,1,66,2026-10-06T02:53:01Z,1
202008,cheap,1,llama-3.2-1b,w2,2048,2048,8192,31818.3,0.0113421,1,-,1,66,2026-10-06T02:53:01Z,1
202010,cheap,1,llama-3.2-1b,wq_wo,2048,2048,2048,3344.9,0.0250821,1,-,1,66,2026-10-06T02:53:10Z,1
202010,cheap,1,llama-3.2-1b,wk_wv,2048,512,2048,850.304,0.0385481,1,-,1,66,2026-10-06T02:53:10Z,1
202010,cheap,1,llama-3.2-1b,w1_w3,2048,8192,2048,13506.4,0.00452832,1,-,1,66,2026-10-06T02:53:10Z,1
202010,cheap,1,llama-3.2-1b,w2,2048,2048,8192,14150.7,0.0134685,1,-,1,66,2026-10-06T02:53:10Z,1
202015,cheap,1,llama-3.2-1b,wq_wo,2048,2048,2048,6074.93,0.01776,1,-,1,67,2026-10-06T02:53:19Z,1
202015,cheap,1,llama-3.2-1b,wk_wv,2048,512,2048,1565.2,0.0233198,1,-,1,67,2026-10-06T02:53:19Z,1
202015,cheap,1,llama-3.2-1b,w1_w3,2048,8192,2048,23106.9,0.0136638,1,-,1,67,2026-10-06T02:53:19Z,1
202015,cheap,1,llama-3.2-1b,w2,2048,2048,8192,24953.3,0.0181955,1,-,1,67,2026-10-06T02:53:19Z,1
202018,cheap,1,llama-3.2-1b,wq_wo,2048,2048,2048,1777.46,0.00601086,1,-,1,68,2026-10-06T02:53:27Z,1
202018,cheap,1,llama-3.2-1b,wk_wv,2048,512,2048,412.464,0.0174396,1,-,1,68,2026-10-06T02:53:27Z,1
202018,cheap,1,llama-3.2-1b,w1_w3,2048,8192,2048,6397.56,0.00588082,1,-,1,68,2026-10-06T02:53:27Z,1
202018,cheap,1,llama-3.2-1b,w2,2048,2048,8192,7087.76,0.0056901,1,-,1,68,2026-10-06T02:53:27Z,1
202020,cheap,1,llama-3.2-1b,wq_wo,2048,2048,2048,1813.55,0.00873209,1,-,1,68,2026-10-06T02:53:36Z,1
202020,cheap,1,llama-3.2-1b,wk_wv,2048,512,2048,409.708,0.0145732,1,-,1,68,2026-10-06T02:53:36Z,1
202020,cheap,1,llama-3.2-1b,w1_w3,2048,8192,2048,6396.52,0.0085048,1,-,1,68,2026-10-06T02:53:36Z,1
202020,cheap,1,llama-3.2-1b,w2,2048,2048,8192,7493.62,0.00569849,1,-,1,68,2026-10-06T02:53:36Z,1
202024,cheap,1,llama-3.2-1b,wq_wo,2048,2048,2048,1263.34,0.00521702,1,-,1,68,2026-10-06T02:53:45Z,1
202024,cheap,1,llama-3.2-1b,wk_wv,2048,512,2048,303.992,0.0237999,1,-,1,68,2026-10-06T02:53:45Z,1
202024,cheap,1,llama-3.2-1b,w1_w3,2048,8192,2048,4798.46,0.00427032,1,-,1,68,2026-10-06T02:53:45Z,1
202024,cheap,1,llama-3.2-1b,w2,2048,2048,8192,5067.97,0.010655,1,-,1,68,2026-10-06T02:53:45Z,1
202026,cheap,1,llama-3.2-1b,wq_wo,2048,2048,2048,777.348,0.000869115,1,-,1,68,2026-10-06T02:53:57Z,1
202026,cheap,1,llama-3.2-1b,wk_wv,2048,512,2048,199.472,0.00218846,1,-,1,68,2026-10-06T02:53:57Z,1
202026,cheap,1,llama-3.2-1b,w1_w3,2048,8192,2048,3304.7,0.0043138,1,-,1,68,2026-10-06T02:53:57Z,1
202026,cheap,1,llama-3.2-1b,w2,2048,2048,8192,3225.87,0.0057465,1,-,1,68,2026-10-06T02:53:57Z,1
202031,cheap,1,llama-3.2-1b,wq_wo,2048,2048,2048,6922.71,0.0153785,1,-,1,67,2026-10-06T02:54:06Z,1
202031,cheap,1,llama-3.2-1b,wk_wv,2048,512,2048,1931.96,0.0108037,1,-,1,67,2026-10-06T02:54:06Z,1
202031,cheap,1,llama-3.2-1b,w1_w3,2048,8192,2048,26109.4,0.00894165,1,-,1,67,2026-10-06T02:54:06Z,1
202031,cheap,1,llama-3.2-1b,w2,2048,2048,8192,26590.5,0.0134639,1,-,1,67,2026-10-06T02:54:06Z,1
202033,cheap,1,llama-3.2-1b,wq_wo,2048,2048,2048,37803.1,0.00631652,1,-,1,66,2026-10-06T02:54:46Z,1
202033,cheap,1,llama-3.2-1b,wk_wv,2048,512,2048,9596.6,0.0139092,1,-,1,66,2026-10-06T02:54:46Z,1
202033,cheap,1,llama-3.2-1b,w1_w3,2048,8192,2048,147375,0.00211074,1,-,1,66,2026-10-06T02:54:46Z,1
202033,cheap,1,llama-3.2-1b,w2,2048,2048,8192,151374,0.00773627,1,-,1,66,2026-10-06T02:54:46Z,1
202035,cheap,1,llama-3.2-1b,wq_wo,2048,2048,2048,1852.08,0.0322488,1,-,1,67,2026-10-06T02:55:00Z,1
202035,cheap,1,llama-3.2-1b,wk_wv,2048,512,2048,474.11,0.0351675,1,-,1,67,2026-10-06T02:55:00Z,1
202035,cheap,1,llama-3.2-1b,w1_w3,2048,8192,2048,7130.45,0.0189635,1,-,1,67,2026-10-06T02:55:00Z,1
202035,cheap,1,llama-3.2-1b,w2,2048,2048,8192,7484.39,0.0254922,1,-,1,67,2026-10-06T02:55:00Z,1
202039,cheap,1,llama-3.2-1b,wq_wo,2048,2048,2048,13310.9,0.0123174,1,-,1,65,2026-10-06T02:55:32Z,1
202039,cheap,1,llama-3.2-1b,wk_wv,2048,512,2048,5256.6,0.0462269,1,-,1,65,2026-10-06T02:55:32Z,1
202039,cheap,1,llama-3.2-1b,w1_w3,2048,8192,2048,47151.2,0.00625228,1,-,1,65,2026-10-06T02:55:32Z,1
202039,cheap,1,llama-3.2-1b,w2,2048,2048,8192,51707.4,0.0130442,1,-,1,65,2026-10-06T02:55:32Z,1
202041,cheap,1,llama-3.2-1b,wq_wo,2048,2048,2048,341.094,0.0092669,1,-,1,68,2026-10-06T02:55:44Z,1
202041,cheap,1,llama-3.2-1b,wk_wv,2048,512,2048,93.6,0.00985371,1,-,1,68,2026-10-06T02:55:44Z,1
202041,cheap,1,llama-3.2-1b,w1_w3,2048,8192,2048,1346.75,0.0103635,1,-,1,68,2026-10-06T02:55:44Z,1
202041,cheap,1,llama-3.2-1b,w2,2048,2048,8192,1740,0.0127171,1,-,1,68,2026-10-06T02:55:44Z,1
202043,cheap,1,llama-3.2-1b,wq_wo,2048,2048,2048,750.672,0.00654991,1,-,1,66,2026-10-06T02:55:59Z,1
202043,cheap,1,llama-3.2-1b,wk_wv,2048,512,2048,264.732,0.00661191,1,-,1,66,2026-10-06T02:55:59Z,1
202043,cheap,1,llama-3.2-1b,w1_w3,2048,8192,2048,2531.62,0.0126922,1,-,1,66,2026-10-06T02:55:59Z,1
202043,cheap,1,llama-3.2-1b,w2,2048,2048,8192,2914.16,0.00761112,1,-,1,66,2026-10-06T02:55:59Z,1
202046,cheap,1,llama-3.2-1b,wq_wo,2048,2048,2048,858.416,0.00196694,1,-,1,67,2026-10-06T02:56:13Z,1
202046,cheap,1,llama-3.2-1b,wk_wv,2048,512,2048,260.52,0.00577471,1,-,1,67,2026-10-06T02:56:13Z,1
202046,cheap,1,llama-3.2-1b,w1_w3,2048,8192,2048,3253.95,0.00234457,1,-,1,67,2026-10-06T02:56:13Z,1
202046,cheap,1,llama-3.2-1b,w2,2048,2048,8192,3414.81,0.00321446,1,-,1,67,2026-10-06T02:56:13Z,1
202048,cheap,1,llama-3.2-1b,wq_wo,2048,2048,2048,327.08,0.00277919,1,-,1,67,2026-10-06T02:56:27Z,1
202048,cheap,1,llama-3.2-1b,wk_wv,2048,512,2048,75.192,0.0124084,1,-,1,67,2026-10-06T02:56:27Z,1
202048,cheap,1,llama-3.2-1b,w1_w3,2048,8192,2048,1120.24,0.00587211,1,-,1,67,2026-10-06T02:56:27Z,1
202048,cheap,1,llama-3.2-1b,w2,2048,2048,8192,1428.57,0.00772148,1,-,1,67,2026-10-06T02:56:27Z,1
202050,cheap,1,llama-3.2-1b,wq_wo,2048,2048,2048,6360.9,0.0234858,1,-,1,67,2026-10-06T02:56:41Z,1
202050,cheap,1,llama-3.2-1b,wk_wv,2048,512,2048,1859.57,0.0469843,1,-,1,67,2026-10-06T02:56:41Z,1
202050,cheap,1,llama-3.2-1b,w1_w3,2048,8192,2048,22917.8,0.0118698,1,-,1,67,2026-10-06T02:56:41Z,1
202050,cheap,1,llama-3.2-1b,w2,2048,2048,8192,25709.5,0.0165212,1,-,1,67,2026-10-06T02:56:41Z,1
202052,cheap,1,llama-3.2-1b,wq_wo,2048,2048,2048,1851.85,0.010534,1,-,1,67,2026-10-06T02:56:54Z,1
202052,cheap,1,llama-3.2-1b,wk_wv,2048,512,2048,606.996,0.0234873,1,-,1,67,2026-10-06T02:56:54Z,1
202052,cheap,1,llama-3.2-1b,w1_w3,2048,8192,2048,7856.76,0.00528735,1,-,1,67,2026-10-06T02:56:54Z,1
202052,cheap,1,llama-3.2-1b,w2,2048,2048,8192,7166.54,0.0133465,1,-,1,67,2026-10-06T02:56:54Z,1
202054,cheap,1,llama-3.2-1b,wq_wo,2048,2048,2048,958.204,0.00354497,1,-,1,68,2026-10-06T02:57:08Z,1
202054,cheap,1,llama-3.2-1b,wk_wv,2048,512,2048,271.336,0.0051792,1,-,1,68,2026-10-06T02:57:08Z,1
202054,cheap,1,llama-3.2-1b,w1_w3,2048,8192,2048,3617.95,0.00279913,1,-,1,68,2026-10-06T02:57:08Z,1
202054,cheap,1,llama-3.2-1b,w2,2048,2048,8192,3870.93,0.003539,1,-,1,68,2026-10-06T02:57:08Z,1
202057,cheap,1,llama-3.2-1b,wq_wo,2048,2048,2048,2973.36,0.0264578,1,-,1,68,2026-10-06T02:57:22Z,1
202057,cheap,1,llama-3.2-1b,wk_wv,2048,512,2048,849.16,0.0523054,1,-,1,68,2026-10-06T02:57:22Z,1
202057,cheap,1,llama-3.2-1b,w1_w3,2048,8192,2048,10554.5,0.011382,1,-,1,68,2026-10-06T02:57:22Z,1
202057,cheap,1,llama-3.2-1b,w2,2048,2048,8192,11635.3,0.0298975,1,-,1,68,2026-10-06T02:57:22Z,1
202059,cheap,1,llama-3.2-1b,wq_wo,2048,2048,2048,9548.71,0.0127587,1,-,1,67,2026-10-06T02:57:38Z,1
202059,cheap,1,llama-3.2-1b,wk_wv,2048,512,2048,2524.65,0.0329215,1,-,1,67,2026-10-06T02:57:38Z,1
202059,cheap,1,llama-3.2-1b,w1_w3,2048,8192,2048,34070.6,0.0112644,1,-,1,67,2026-10-06T02:57:38Z,1
202059,cheap,1,llama-3.2-1b,w2,2048,2048,8192,38292.5,0.0106016,1,-,1,67,2026-10-06T02:57:38Z,1
202062,cheap,1,llama-3.2-1b,wq_wo,2048,2048,2048,413.608,0.0195478,1,-,1,68,2026-10-06T02:57:52Z,1
202062,cheap,1,llama-3.2-1b,wk_wv,2048,512,2048,108.004,0.00761616,1,-,1,68,2026-10-06T02:57:52Z,1
202062,cheap,1,llama-3.2-1b,w1_w3,2048,8192,2048,1482.52,0.0246757,1,-,1,68,2026-10-06T02:57:52Z,1
202062,cheap,1,llama-3.2-1b,w2,2048,2048,8192,1833.21,0.0110353,1,-,1,68,2026-10-06T02:57:52Z,1
202064,cheap,1,llama-3.2-1b,wq_wo,2048,2048,2048,3171.61,0.0200763,1,-,1,68,2026-10-06T02:58:04Z,1
202064,cheap,1,llama-3.2-1b,wk_wv,2048,512,2048,1165.42,0.0399584,1,-,1,68,2026-10-06T02:58:04Z,1
202064,cheap,1,llama-3.2-1b,w1_w3,2048,8192,2048,13296.9,0.0190948,1,-,1,68,2026-10-06T02:58:04Z,1
202064,cheap,1,llama-3.2-1b,w2,2048,2048,8192,12805.6,0.0247069,1,-,1,68,2026-10-06T02:58:04Z,1
202067,cheap,1,llama-3.2-1b,wq_wo,2048,2048,2048,6901.65,0.00725828,1,-,1,66,2026-10-06T02:58:18Z,1
202067,cheap,1,llama-3.2-1b,wk_wv,2048,512,2048,1762.8,0.062158,1,-,1,66,2026-10-06T02:58:18Z,1
202067,cheap,1,llama-3.2-1b,w1_w3,2048,8192,2048,27037.1,0.00457186,1,-,1,66,2026-10-06T02:58:18Z,1
202067,cheap,1,llama-3.2-1b,w2,2048,2048,8192,28077.8,0.0151172,1,-,1,66,2026-10-06T02:58:18Z,1
202070,cheap,1,llama-3.2-1b,wq_wo,2048,2048,2048,434.096,0.105378,1,-,1,67,2026-10-06T02:58:31Z,1
202070,cheap,1,llama-3.2-1b,wk_wv,2048,512,2048,172.536,0.00589547,1,-,1,67,2026-10-06T02:58:31Z,1
202070,cheap,1,llama-3.2-1b,w1_w3,2048,8192,2048,1692.81,0.0401726,1,-,1,67,2026-10-06T02:58:31Z,1
202070,cheap,1,llama-3.2-1b,w2,2048,2048,8192,1751.15,0.0713786,1,-,1,67,2026-10-06T02:58:31Z,1
202073,cheap,1,llama-3.2-1b,wq_wo,2048,2048,2048,627.224,0.00426659,1,-,1,68,2026-10-06T02:58:46Z,1
202073,cheap,1,llama-3.2-1b,wk_wv,2048,512,2048,189.644,0.00768475,1,-,1,68,2026-10-06T02:58:46Z,1
202073,cheap,1,llama-3.2-1b,w1_w3,2048,8192,2048,2409.42,0.00325281,1,-,1,68,2026-10-06T02:58:46Z,1
202073,cheap,1,llama-3.2-1b,w2,2048,2048,8192,2534.74,0.00390441,1,-,1,68,2026-10-06T02:58:46Z,1
202076,cheap,1,llama-3.2-1b,wq_wo,2048,2048,2048,26873.5,0.00655566,1,-,1,66,2026-10-06T02:59:04Z,1
202076,cheap,1,llama-3.2-1b,wk_wv,2048,512,2048,6831.53,0.00749757,1,-,1,66,2026-10-06T02:59:04Z,1
202076,cheap,1,llama-3.2-1b,w1_w3,2048,8192,2048,102756,0.0013629,1,-,1,66,2026-10-06T02:59:04Z,1
202076,cheap,1,llama-3.2-1b,w2,2048,2048,8192,108094,0.00402872,1,-,1,66,2026-10-06T02:59:04Z,1
202081,cheap,1,llama-3.2-1b,wq_wo,2048,2048,2048,4568.46,0.0138697,1,-,1,67,2026-10-06T02:59:12Z,1
202081,cheap,1,llama-3.2-1b,wk_wv,2048,512,2048,1171.61,0.0234205,1,-,1,67,2026-10-06T02:59:12Z,1
202081,cheap,1,llama-3.2-1b,w1_w3,2048,8192,2048,17985.1,0.00870454,1,-,1,67,2026-10-06T02:59:12Z,1
202081,cheap,1,llama-3.2-1b,w2,2048,2048,8192,18687.1,0.0151236,1,-,1,67,2026-10-06T02:59:12Z,1
202085,cheap,1,llama-3.2-1b,wq_wo,2048,2048,2048,7294.3,0.0198169,1,-,1,67,2026-10-06T02:59:21Z,1
202085,cheap,1,llama-3.2-1b,wk_wv,2048,512,2048,1929.56,0.0361622,1,-,1,67,2026-10-06T02:59:21Z,1
202085,cheap,1,llama-3.2-1b,w1_w3,2048,8192,2048,28267.1,0.00762353,1,-,1,67,2026-10-06T02:59:21Z,1
202085,cheap,1,llama-3.2-1b,w2,2048,2048,8192,29359.2,0.0121848,1,-,1,67,2026-10-06T02:59:21Z,1
202087,cheap,1,llama-3.2-1b,wq_wo,2048,2048,2048,787.176,0.00397848,1,-,1,67,2026-10-06T02:59:30Z,1
202087,cheap,1,llama-3.2-1b,wk_wv,2048,512,2048,222.092,0.00580115,1,-,1,67,2026-10-06T02:59:30Z,1
202087,cheap,1,llama-3.2-1b,w1_w3,2048,8192,2048,2980.9,0.00376071,1,-,1,67,2026-10-06T02:59:30Z,1
202087,cheap,1,llama-3.2-1b,w2,2048,2048,8192,3174.24,0.00438706,1,-,1,67,2026-10-06T02:59:30Z,1
202092,cheap,1,llama-3.2-1b,wq_wo,2048,2048,2048,3569.44,0.0218674,1,-,1,68,2026-10-06T02:59:40Z,1
202092,cheap,1,llama-3.2-1b,wk_wv,2048,512,2048,1350.75,0.0503487,1,-,1,68,2026-10-06T02:59:40Z,1
202092,cheap,1,llama-3.2-1b,w1_w3,2048,8192,2048,14592.7,0.0216422,1,-,1,68,2026-10-06T02:59:40Z,1
202092,cheap,1,llama-3.2-1b,w2,2048,2048,8192,13678.1,0.0255613,1,-,1,68,2026-10-06T02:59:40Z,1
202095,cheap,1,llama-3.2-1b,wq_wo,2048,2048,2048,1738.49,0.0178985,1,-,1,68,2026-10-06T02:59:48Z,1
202095,cheap,1,llama-3.2-1b,wk_wv,2048,512,2048,502.996,0.00771599,1,-,1,68,2026-10-06T02:59:48Z,1
202095,cheap,1,llama-3.2-1b,w1_w3,2048,8192,2048,6569.47,0.00433232,1,-,1,68,2026-10-06T02:59:48Z,1
202095,cheap,1,llama-3.2-1b,w2,2048,2048,8192,6987.29,0.0155715,1,-,1,68,2026-10-06T02:59:48Z,1
202098,cheap,1,llama-3.2-1b,wq_wo,2048,2048,2048,293.8,0.00356079,1,-,1,69,2026-10-06T02:59:57Z,1
202098,cheap,1,llama-3.2-1b,wk_wv,2048,512,2048,78.676,0.00554104,1,-,1,69,2026-10-06T02:59:57Z,1
202098,cheap,1,llama-3.2-1b,w1_w3,2048,8192,2048,1276.81,0.00378324,1,-,1,69,2026-10-06T02:59:57Z,1
202098,cheap,1,llama-3.2-1b,w2,2048,2048,8192,1383.46,0.00846415,1,-,1,69,2026-10-06T02:59:57Z,1
202100,cheap,1,llama-3.2-1b,wq_wo,2048,2048,2048,890.24,0.0026171,1,-,1,69,2026-10-06T03:00:06Z,1
202100,cheap,1,llama-3.2-1b,wk_wv,2048,512,2048,242.502,0.00840841,1,-,1,69,2026-10-06T03:00:06Z,1
202100,cheap,1,llama-3.2-1b,w1_w3,2048,8192,2048,3499.13,0.00299167,1,-,1,69,2026-10-06T03:00:06Z,1
202100,cheap,1,llama-3.2-1b,w2,2048,2048,8192,3549.94,0.00315947,1,-,1,69,2026-10-06T03:00:06Z,1
202102,cheap,1,llama-3.2-1b,wq_wo,2048,2048,2048,260.832,0.00251998,1,-,1,68,2026-10-06T03:00:13Z,1
202102,cheap,1,llama-3.2-1b,wk_wv,2048,512,2048,69.992,0.00511699,1,-,1,68,2026-10-06T03:00:13Z,1
202102,cheap,1,llama-3.2-1b,w1_w3,2048,8192,2048,1124.45,0.0036575,1,-,1,68,2026-10-06T03:00:13Z,1
202102,cheap,1,llama-3.2-1b,w2,2048,2048,8192,1205.15,0.0061198,1,-,1,68,2026-10-06T03:00:13Z,1
202107,cheap,1,llama-3.2-1b,wq_wo,2048,2048,2048,3582.12,0.0344273,1,-,1,68,2026-10-06T03:00:25Z,1
202107,cheap,1,llama-3.2-1b,wk_wv,2048,512,2048,934.804,0.0365251,1,-,1,68,2026-10-06T03:00:25Z,1
202107,cheap,1,llama-3.2-1b,w1_w3,2048,8192,2048,13175.4,0.0213629,1,-,1,68,2026-10-06T03:00:25Z,1
202107,cheap,1,llama-3.2-1b,w2,2048,2048,8192,14234.7,0.0330147,1,-,1,68,2026-10-06T03:00:25Z,1
202109,cheap,1,llama-3.2-1b,wq_wo,2048,2048,2048,2183.53,0.00951425,1,-,1,69,2026-10-06T03:00:34Z,1
202109,cheap,1,llama-3.2-1b,wk_wv,2048,512,2048,612.404,0.0146555,1,-,1,69,2026-10-06T03:00:34Z,1
202109,cheap,1,llama-3.2-1b,w1_w3,2048,8192,2048,8758.52,0.00677645,1,-,1,69,2026-10-06T03:00:34Z,1
202109,cheap,1,llama-3.2-1b,w2,2048,2048,8192,8317.97,0.013019,1,-,1,69,2026-10-06T03:00:34Z,1
202112,cheap,1,llama-3.2-1b,wq_wo,2048,2048,2048,2262.05,0.0191721,1,-,1,68,2026-10-06T03:00:42Z,1
202112,cheap,1,llama-3.2-1b,wk_wv,2048,512,2048,642.824,0.0307387,1,-,1,68,2026-10-06T03:00:42Z,1
202112,cheap,1,llama-3.2-1b,w1_w3,2048,8192,2048,8450.36,0.0113121,1,-,1,68,2026-10-06T03:00:42Z,1
202112,cheap,1,llama-3.2-1b,w2,2048,2048,8192,8923.04,0.0163239,1,-,1,68,2026-10-06T03:00:42Z,1
202114,cheap,1,llama-3.2-1b,wq_wo,2048,2048,2048,14191,0.00311571,1,-,1,66,2026-10-06T03:00:54Z,1
202114,cheap,1,llama-3.2-1b,wk_wv,2048,512,2048,3900.05,0.0123284,1,-,1,66,2026-10-06T03:00:54Z,1
202114,cheap,1,llama-3.2-1b,w1_w3,2048,8192,2048,55998.7,0.00129787,1,-,1,66,2026-10-06T03:00:54Z,1
202114,cheap,1,llama-3.2-1b,w2,2048,2048,8192,57299.5,0.0017678,1,-,1,66,2026-10-06T03:00:54Z,1
202116,cheap,1,llama-3.2-1b,wq_wo,2048,2048,2048,2001.58,0.0135094,1,-,1,68,2026-10-06T03:01:07Z,1
202116,cheap,1,llama-3.2-1b,wk_wv,2048,512,2048,488.332,0.0335453,1,-,1,68,2026-10-06T03:01:07Z,1
202116,cheap,1,llama-3.2-1b,w1_w3,2048,8192,2048,7145.84,0.0103467,1,-,1,68,2026-10-06T03:01:07Z,1
202116,cheap,1,llama-3.2-1b,w2,2048,2048,8192,8222.16,0.0151846,1,-,1,68,2026-10-06T03:01:07Z,1
202122,cheap,1,llama-3.2-1b,wq_wo,2048,2048,2048,2813.2,0.0215309,1,-,1,67,2026-10-06T03:01:18Z,1
202122,cheap,1,llama-3.2-1b,wk_wv,2048,512,2048,753.844,0.0335509,1,-,1,67,2026-10-06T03:01:18Z,1
202122,cheap,1,llama-3.2-1b,w1_w3,2048,8192,2048,10839,0.0131227,1,-,1,67,2026-10-06T03:01:18Z,1
202122,cheap,1,llama-3.2-1b,w2,2048,2048,8192,11326,0.0180538,1,-,1,67,2026-10-06T03:01:18Z,1
base,cheap,b16,llama-3.2-1b,wq_wo,2048,2048,2048,184.08,0.0126572,1,-,1,67,2026-10-06T03:01:29Z,1
base,cheap,b16,llama-3.2-1b,wk_wv,2048,512,2048,52.676,0.00828193,1,-,1,67,2026-10-06T03:01:29Z,1
base,cheap,b16,llama-3.2-1b,w1_w3,2048,8192,2048,749.788,0.0171794,1,-,1,67,2026-10-06T03:01:29Z,1
base,cheap,b16,llama-3.2-1b,w2,2048,2048,8192,823.264,0.0152088,1,-,1,67,2026-10-06T03:01:29Z,1
202124,cheap,1,llama-3.2-1b,wq_wo,2048,2048,2048,18968.6,0.0123213,1,-,1,66,2026-10-06T03:01:57Z,1
202124,cheap,1,llama-3.2-1b,wk_wv,2048,512,2048,4802.75,0.0131346,1,-,1,66,2026-10-06T03:01:57Z,1
202124,cheap,1,llama-3.2-1b,w1_w3,2048,8192,2048,73682.2,0.00529771,1,-,1,66,2026-10-06T03:01:57Z,1
202124,cheap,1,llama-3.2-1b,w2,2048,2048,8192,74923.8,0.00759067,1,-,1,66,2026-10-06T03:01:57Z,1
202128,cheap,1,llama-3.2-1b,wq_wo,2048,2048,2048,5088.04,0.00674369,1,-,1,66,2026-10-06T03:02:13Z,1
202128,cheap,1,llama-3.2-1b,wk_wv,2048,512,2048,1345.92,0.0495269,1,-,1,66,2026-10-06T03:02:13Z,1
202128,cheap,1,llama-3.2-1b,w1_w3,2048,8192,2048,19802.1,0.00555408,1,-,1,66,2026-10-06T03:02:13Z,1
202128,cheap,1,llama-3.2-1b,w2,2048,2048,8192,19627.3,0.00651688,1,-,1,66,2026-10-06T03:02:13Z,1
202130,cheap,1,llama-3.2-1b,wq_wo,2048,2048,2048,5307.04,0.0169917,1,-,1,66,2026-10-06T03:02:27Z,1
202130,cheap,1,llama-3.2-1b,wk_wv,2048,512,2048,1963.96,0.0511986,1,-,1,66,2026-10-06T03:02:27Z,1
202130,cheap,1,llama-3.2-1b,w1_w3,2048,8192,2048,20690,0.0123457,1,-,1,66,2026-10-06T03:02:27Z,1
202130,cheap,1,llama-3.2-1b,w2,2048,2048,8192,20732.1,0.0161227,1,-,1,66,2026-10-06T03:02:27Z,1
202132,cheap,1,llama-3.2-1b,wq_wo,2048,2048,2048,535.158,0.0138812,1,-,1,68,2026-10-06T03:02:41Z,1
202132,cheap,1,llama-3.2-1b,wk_wv,2048,512,2048,145.756,0.00586803,1,-,1,68,2026-10-06T03:02:41Z,1
202132,cheap,1,llama-3.2-1b,w1_w3,2048,8192,2048,2095.24,0.00976432,1,-,1,68,2026-10-06T03:02:41Z,1
202132,cheap,1,llama-3.2-1b,w2,2048,2048,8192,2311.35,0.00564703,1,-,1,68,2026-10-06T03:02:41Z,1
202134,cheap,1,llama-3.2-1b,wq_wo,2048,2048,2048,508.092,0.0157459,1,-,1,68,2026-10-06T03:02:53Z,1
202134,cheap,1,llama-3.2-1b,wk_wv,2048,512,2048,226.2,0.00442298,1,-,1,68,2026-10-06T03:02:53Z,1
202134,cheap,1,llama-3.2-1b,w1_w3,2048,8192,2048,2022.72,0.0520582,1,-,1,68,2026-10-06T03:02:53Z,1
202134,cheap,1,llama-3.2-1b,w2,2048,2048,8192,1990.56,0.00241423,1,-,1,68,2026-10-06T03:02:53Z,1
202136,cheap,1,llama-3.2-1b,wq_wo,2048,2048,2048,5678.82,0.00995265,1,-,1,67,2026-10-06T03:03:07Z,1
202136,cheap,1,llama-3.2-1b,wk_wv,2048,512,2048,1414.89,0.0331086,1,-,1,67,2026-10-06T03:03:07Z,1
202136,cheap,1,llama-3.2-1b,w1_w3,2048,8192,2048,22173.8,0.00352486,1,-,1,67,2026-10-06T03:03:07Z,1
202136,cheap,1,llama-3.2-1b,w2,2048,2048,8192,20661.8,0.0112161,1,-,1,67,2026-10-06T03:03:07Z,1
202140,cheap,1,llama-3.2-1b,wq_wo,2048,2048,2048,1313,0.00572711,1,-,1,67,2026-10-06T03:03:19Z,1
202140,cheap,1,llama-3.2-1b,wk_wv,2048,512,2048,314.964,0.00444149,1,-,1,67,2026-10-06T03:03:19Z,1
202140,cheap,1,llama-3.2-1b,w1_w3,2048,8192,2048,5045.82,0.00391532,1,-,1,67,2026-10-06T03:03:19Z,1
202140,cheap,1,llama-3.2-1b,w2,2048,2048,8192,6352.37,0.0066249,1,-,1,67,2026-10-06T03:03:19Z,1
202145,cheap,1,llama-3.2-1b,wq_wo,2048,2048,2048,12862.2,0.0149128,1,-,1,66,2026-10-06T03:03:50Z,1
202145,cheap,1,llama-3.2-1b,wk_wv,2048,512,2048,5245.34,0.0507459,1,-,1,66,2026-10-06T03:03:50Z,1
202145,cheap,1,llama-3.2-1b,w1_w3,2048,8192,2048,45075.3,0.006755,1,-,1,66,2026-10-06T03:03:50Z,1
202145,cheap,1,llama-3.2-1b,w2,2048,2048,8192,50227.9,0.0165217,1,-,1,66,2026-10-06T03:03:50Z,1
202155,cheap,1,llama-3.2-1b,wq_wo,2048,2048,2048,4134.21,0.018599,1,-,1,67,2026-10-06T03:04:04Z,1
202155,cheap,1,llama-3.2-1b,wk_wv,2048,512,2048,743.522,0.0412292,1,-,1,67,2026-10-06T03:04:04Z,1
202155,cheap,1,llama-3.2-1b,w1_w3,2048,8192,2048,17240.2,0.00787277,1,-,1,67,2026-10-06T03:04:04Z,1
202155,cheap,1,llama-3.2-1b,w2,2048,2048,8192,16350.1,0.0244517,1,-,1,67,2026-10-06T03:04:04Z,1
202157,cheap,1,llama-3.2-1b,wq_wo,2048,2048,2048,245.544,0.00410751,1,-,1,68,2026-10-06T03:04:18Z,1
202157,cheap,1,llama-3.2-1b,wk_wv,2048,512,2048,80.756,0.00974639,1,-,1,68,2026-10-06T03:04:18Z,1
202157,cheap,1,llama-3.2-1b,w1_w3,2048,8192,2048,1011.71,0.00341476,1,-,1,68,2026-10-06T03:04:18Z,1
202157,cheap,1,llama-3.2-1b,w2,2048,2048,8192,1112.23,0.004977,1,-,1,68,2026-10-06T03:04:18Z,1
202163,cheap,1,llama-3.2-1b,wq_wo,2048,2048,2048,27849.4,0.0100391,1,-,1,66,2026-10-06T03:04:41Z,1
202163,cheap,1,llama-3.2-1b,wk_wv,2048,512,2048,6842.63,0.0204008,1,-,1,66,2026-10-06T03:04:41Z,1
202163,cheap,1,llama-3.2-1b,w1_w3,2048,8192,2048,110121,0.00798004,1,-,1,66,2026-10-06T03:04:41Z,1
202163,cheap,1,llama-3.2-1b,w2,2048,2048,8192,112005,0.00275233,1,-,1,66,2026-10-06T03:04:41Z,1
202165,cheap,1,llama-3.2-1b,wq_wo,2048,2048,2048,340.964,0.00162752,1,-,1,67,2026-10-06T03:04:55Z,1
202165,cheap,1,llama-3.2-1b,wk_wv,2048,512,2048,90.168,0.00959863,1,-,1,67,2026-10-06T03:04:55Z,1
202165,cheap,1,llama-3.2-1b,w1_w3,2048,8192,2048,1364.48,0.00305604,1,-,1,67,2026-10-06T03:04:55Z,1
202165,cheap,1,llama-3.2-1b,w2,2048,2048,8192,1477.53,0.0099325,1,-,1,67,2026-10-06T03:04:55Z,1
202171,cheap,1,llama-3.2-1b,wq_wo,2048,2048,2048,1120.65,0.0134077,1,-,1,68,2026-10-06T03:05:10Z,1
202171,cheap,1,llama-3.2-1b,wk_wv,2048,512,2048,273.104,0.0297264,1,-,1,68,2026-10-06T03:05:10Z,1
202171,cheap,1,llama-3.2-1b,w1_w3,2048,8192,2048,4002.26,0.011921,1,-,1,68,2026-10-06T03:05:10Z,1
202171,cheap,1,llama-3.2-1b,w2,2048,2048,8192,5035.97,0.00833943,1,-,1,68,2026-10-06T03:05:10Z,1
202174,cheap,1,llama-3.2-1b,wq_wo,2048,2048,2048,5140.1,0.0190002,1,-,1,67,2026-10-06T03:05:26Z,1
202174,cheap,1,llama-3.2-1b,wk_wv,2048,512,2048,1814.8,0.0584434,1,-,1,67,2026-10-06T03:05:26Z,1
202174,cheap,1,llama-3.2-1b,w1_w3,2048,8192,2048,19685.6,0.00982405,1,-,1,67,2026-10-06T03:05:26Z,1
202174,cheap,1,llama-3.2-1b,w2,2048,2048,8192,20323.4,0.0143155,1,-,1,67,2026-10-06T03:05:26Z,1
202177,cheap,1,llama-3.2-1b,wq_wo,2048,2048,2048,12304,0.012794,1,-,1,66,2026-10-06T03:05:58Z,1
202177,cheap,1,llama-3.2-1b,wk_wv,2048,512,2048,4812.39,0.0449911,1,-,1,66,2026-10-06T03:05:58Z,1
202177,cheap,1,llama-3.2-1b,w1_w3,2048,8192,2048,47021.9,0.00644143,1,-,1,66,2026-10-06T03:05:58Z,1
202177,cheap,1,llama-3.2-1b,w2,2048,2048,8192,48079.7,0.0150661,1,-,1,66,2026-10-06T03:05:58Z,1
202179,cheap,1,llama-3.2-1b,wq_wo,2048,2048,2048,453.804,0.00373019,1,-,1,68,2026-10-06T03:06:10Z,1
202179,cheap,1,llama-3.2-1b,wk_wv,2048,512,2048,174.824,0.0060212,1,-,1,68,2026-10-06T03:06:10Z,1
202179,cheap,1,llama-3.2-1b,w1_w3,2048,8192,2048,1505.19,0.00393924,1,-,1,68,2026-10-06T03:06:10Z,1
202179,cheap,1,llama-3.2-1b,w2,2048,2048,8192,1836.69,0.00290492,1,-,1,68,2026-10-06T03:06:10Z,1
202182,cheap,1,llama-3.2-1b,wq_wo,2048,2048,2048,6874.66,0.0220945,1,-,1,66,2026-10-06T03:06:23Z,1
202182,cheap,1,llama-3.2-1b,wk_wv,2048,512,2048,2523.64,0.0560328,1,-,1,66,2026-10-06T03:06:23Z,1
202182,cheap,1,llama-3.2-1b,w1_w3,2048,8192,2048,24623.8,0.0115113,1,-,1,66,2026-10-06T03:06:23Z,1
202182,cheap,1,llama-3.2-1b,w2,2048,2048,8192,26812.1,0.0143846,1,-,1,66,2026-10-06T03:06:23Z,1
202184,cheap,1,llama-3.2-1b,wq_wo,2048,2048,2048,4561.8,0.0156265,1,-,1,68,2026-10-06T03:06:36Z,1
202184,cheap,1,llama-3.2-1b,wk_wv,2048,512,2048,1686.62,0.0367302,1,-,1,68,2026-10-06T03:06:36Z,1
202184,cheap,1,llama-3.2-1b,w1_w3,2048,8192,2048,18914.5,0.0137532,1,-,1,68,2026-10-06T03:06:36Z,1
202184,cheap,1,llama-3.2-1b,w2,2048,2048,8192,18758.3,0.0161032,1,-,1,68,2026-10-06T03:06:36Z,1
202187,cheap,1,llama-3.2-1b,wq_wo,2048,2048,2048,6673.11,0.0079556,1,-,1,67,2026-10-06T03:06:50Z,1
202187,cheap,1,llama-3.2-1b,wk_wv,2048,512,2048,2622.31,0.0806181,1,-,1,67,2026-10-06T03:06:50Z,1
202187,cheap,1,llama-3.2-1b,w1_w3,2048,8192,2048,26724.3,0.00538677,1,-,1,67,2026-10-06T03:06:50Z,1
202187,cheap,1,llama-3.2-1b,w2,2048,2048,8192,26376.7,0.00786303,1,-,1,67,2026-10-06T03:06:50Z,1
202189,cheap,1,llama-3.2-1b,wq_wo,2048,2048,2048,360.204,0.0098148,1,-,1,68,2026-10-06T03:07:02Z,1
202189,cheap,1,llama-3.2-1b,wk_wv,2048,512,2048,119.08,0.0309289,1,-,1,68,2026-10-06T03:07:02Z,1
202189,cheap,1,llama-3.2-1b,w1_w3,2048,8192,2048,1367.39,0.0105593,1,-,1,68,2026-10-06T03:07:02Z,1
202189,cheap,1,llama-3.2-1b,w2,2048,2048,8192,1665.4,0.00987301,1,-,1,68,2026-10-06T03:07:02Z,1
202193,cheap,1,llama-3.2-1b,wq_wo,2048,2048,2048,1663.43,0.00681508,1,-,1,67,2026-10-06T03:07:18Z,1
202193,cheap,1,llama-3.2-1b,wk_wv,2048,512,2048,410.696,0.0142227,1,-,1,67,2026-10-06T03:07:18Z,1
202193,cheap,1,llama-3.2-1b,w1_w3,2048,8192,2048,6869.38,0.00788379,1,-,1,67,2026-10-06T03:07:18Z,1
202193,cheap,1,llama-3.2-1b,w2,2048,2048,8192,6577.43,0.00899233,1,-,1,67,2026-10-06T03:07:18Z,1
202196,cheap,1,-,-,,,,,,,,124,67,2026-10-06T03:11:19Z,1
202199,cheap,1,llama-3.2-1b,wq_wo,2048,2048,2048,292.084,0.00969659,1,-,1,59,2026-10-06T03:11:30Z,1
202199,cheap,1,llama-3.2-1b,wk_wv,2048,512,2048,77.922,0.0112445,1,-,1,59,2026-10-06T03:11:30Z,1
202199,cheap,1,llama-3.2-1b,w1_w3,2048,8192,2048,1255.64,0.00601196,1,-,1,59,2026-10-06T03:11:30Z,1
202199,cheap,1,llama-3.2-1b,w2,2048,2048,8192,1527.76,0.0109038,1,-,1,59,2026-10-06T03:11:30Z,1
202201,cheap,1,llama-3.2-1b,wq_wo,2048,2048,2048,23017.3,0.00660509,1,-,1,60,2026-10-06T03:11:51Z,1
202201,cheap,1,llama-3.2-1b,wk_wv,2048,512,2048,6445.35,0.00977658,1,-,1,60,2026-10-06T03:11:51Z,1
202201,cheap,1,llama-3.2-1b,w1_w3,2048,8192,2048,87930,0.00129452,1,-,1,60,2026-10-06T03:11:51Z,1
202201,cheap,1,llama-3.2-1b,w2,2048,2048,8192,95259.6,0.00349935,1,-,1,60,2026-10-06T03:11:51Z,1
202206,cheap,1,llama-3.2-1b,wq_wo,2048,2048,2048,2807.95,0.0125685,1,-,1,63,2026-10-06T03:12:05Z,1
202206,cheap,1,llama-3.2-1b,wk_wv,2048,512,2048,682.292,0.035175,1,-,1,63,2026-10-06T03:12:05Z,1
202206,cheap,1,llama-3.2-1b,w1_w3,2048,8192,2048,10152,0.011608,1,-,1,63,2026-10-06T03:12:05Z,1
202206,cheap,1,llama-3.2-1b,w2,2048,2048,8192,11034.1,0.010713,1,-,1,63,2026-10-06T03:12:05Z,1
202209,cheap,1,llama-3.2-1b,wq_wo,2048,2048,2048,5525.36,0.0171652,1,-,1,64,2026-10-06T03:12:20Z,1
202209,cheap,1,llama-3.2-1b,wk_wv,2048,512,2048,1919.81,0.0555165,1,-,1,64,2026-10-06T03:12:20Z,1
202209,cheap,1,llama-3.2-1b,w1_w3,2048,8192,2048,21096,0.00635929,1,-,1,64,2026-10-06T03:12:20Z,1
202209,cheap,1,llama-3.2-1b,w2,2048,2048,8192,21785.3,0.0141635,1,-,1,64,2026-10-06T03:12:20Z,1
202211,cheap,1,llama-3.2-1b,wq_wo,2048,2048,2048,9633.03,0.00431781,1,-,1,65,2026-10-06T03:12:59Z,1
202211,cheap,1,llama-3.2-1b,wk_wv,2048,512,2048,5812.2,0.0881336,1,-,1,65,2026-10-06T03:12:59Z,1
202211,cheap,1,llama-3.2-1b,w1_w3,2048,8192,2048,38031.1,0.0032618,1,-,1,65,2026-10-06T03:12:59Z,1
202211,cheap,1,llama-3.2-1b,w2,2048,2048,8192,36811.9,0.00606458,1,-,1,65,2026-10-06T03:12:59Z,1
202214,cheap,1,llama-3.2-1b,wq_wo,2048,2048,2048,935.48,0.0094191,1,-,1,66,2026-10-06T03:13:14Z,1
202214,cheap,1,llama-3.2-1b,wk_wv,2048,512,2048,201.656,0.00493994,1,-,1,66,2026-10-06T03:13:14Z,1
202214,cheap,1,llama-3.2-1b,w1_w3,2048,8192,2048,3189.26,0.00560681,1,-,1,66,2026-10-06T03:13:14Z,1
202214,cheap,1,llama-3.2-1b,w2,2048,2048,8192,4006.13,0.0146818,1,-,1,66,2026-10-06T03:13:14Z,1
202216,cheap,1,llama-3.2-1b,wq_wo,2048,2048,2048,770.536,0.00439363,1,-,1,66,2026-10-06T03:13:23Z,1
202216,cheap,1,llama-3.2-1b,wk_wv,2048,512,2048,232.648,0.00530774,1,-,1,66,2026-10-06T03:13:23Z,1
202216,cheap,1,llama-3.2-1b,w1_w3,2048,8192,2048,3052.61,0.00278244,1,-,1,66,2026-10-06T03:13:23Z,1
202216,cheap,1,llama-3.2-1b,w2,2048,2048,8192,2709.41,0.00402327,1,-,1,66,2026-10-06T03:13:23Z,1
202220,cheap,1,llama-3.2-1b,wq_wo,2048,2048,2048,14435.6,0.0122074,1,-,1,66,2026-10-06T03:13:38Z,1
202220,cheap,1,llama-3.2-1b,wk_wv,2048,512,2048,3674.84,0.0130869,1,-,1,66,2026-10-06T03:13:38Z,1
202220,cheap,1,llama-3.2-1b,w1_w3,2048,8192,2048,56338,0.00636394,1,-,1,66,2026-10-06T03:13:38Z,1
202220,cheap,1,llama-3.2-1b,w2,2048,2048,8192,57268.9,0.0128788,1,-,1,66,2026-10-06T03:13:38Z,1
202222,cheap,1,llama-3.2-1b,wq_wo,2048,2048,2048,17602.5,0.0154309,1,-,1,66,2026-10-06T03:13:50Z,1
202222,cheap,1,llama-3.2-1b,wk_wv,2048,512,2048,4626.13,0.0263373,1,-,1,66,2026-10-06T03:13:50Z,1
202222,cheap,1,llama-3.2-1b,w1_w3,2048,8192,2048,67532.3,0.00557146,1,-,1,66,2026-10-06T03:13:50Z,1
202222,cheap,1,llama-3.2-1b,w2,2048,2048,8192,71856.9,0.0123408,1,-,1,66,2026-10-06T03:13:50Z,1
202224,cheap,1,llama-3.2-1b,wq_wo,2048,2048,2048,1317.84,0.0151768,1,-,1,68,2026-10-06T03:13:59Z,1
202224,cheap,1,llama-3.2-1b,wk_wv,2048,512,2048,321.88,0.0246096,1,-,1,68,2026-10-06T03:13:59Z,1
202224,cheap,1,llama-3.2-1b,w1_w3,2048,8192,2048,4778.18,0.00996157,1,-,1,68,2026-10-06T03:13:59Z,1
202224,cheap,1,llama-3.2-1b,w2,2048,2048,8192,5243.81,0.0198551,1,-,1,68,2026-10-06T03:13:59Z,1
202227,cheap,1,llama-3.2-1b,wq_wo,2048,2048,2048,2074.02,0.00396129,1,-,1,68,2026-10-06T03:14:07Z,1
202227,cheap,1,llama-3.2-1b,wk_wv,2048,512,2048,525.772,0.0239274,1,-,1,68,2026-10-06T03:14:07Z,1
202227,cheap,1,llama-3.2-1b,w1_w3,2048,8192,2048,8214.52,0.00257973,1,-,1,68,2026-10-06T03:14:07Z,1
202227,cheap,1,llama-3.2-1b,w2,2048,2048,8192,8090.73,0.00252175,1,-,1,68,2026-10-06T03:14:07Z,1
202229,cheap,1,llama-3.2-1b,wq_wo,2048,2048,2048,2786.52,0.0155094,1,-,1,68,2026-10-06T03:14:16Z,1
202229,cheap,1,llama-3.2-1b,wk_wv,2048,512,2048,718.068,0.0306346,1,-,1,68,2026-10-06T03:14:16Z,1
202229,cheap,1,llama-3.2-1b,w1_w3,2048,8192,2048,11002.7,0.00458708,1,-,1,68,2026-10-06T03:14:16Z,1
202229,cheap,1,llama-3.2-1b,w2,2048,2048,8192,11218.7,0.0163812,1,-,1,68,2026-10-06T03:14:16Z,1
202233,cheap,1,llama-3.2-1b,wq_wo,2048,2048,2048,10705.1,0.0270545,1,-,1,66,2026-10-06T03:14:26Z,1
202233,cheap,1,llama-3.2-1b,wk_wv,2048,512,2048,2730.55,0.0236035,1,-,1,66,2026-10-06T03:14:26Z,1
202233,cheap,1,llama-3.2-1b,w1_w3,2048,8192,2048,40706,0.0153747,1,-,1,66,2026-10-06T03:14:26Z,1
202233,cheap,1,llama-3.2-1b,w2,2048,2048,8192,43347.9,0.0120688,1,-,1,66,2026-10-06T03:14:26Z,1
202235,cheap,1,llama-3.2-1b,wq_wo,2048,2048,2048,3100.97,0.0178926,1,-,1,67,2026-10-06T03:14:34Z,1
202235,cheap,1,llama-3.2-1b,wk_wv,2048,512,2048,838.474,0.0332163,1,-,1,67,2026-10-06T03:14:34Z,1
202235,cheap,1,llama-3.2-1b,w1_w3,2048,8192,2048,11731.1,0.0119348,1,-,1,67,2026-10-06T03:14:34Z,1
202235,cheap,1,llama-3.2-1b,w2,2048,2048,8192,12483.9,0.0181128,1,-,1,67,2026-10-06T03:14:34Z,1
202239,cheap,1,llama-3.2-1b,wq_wo,2048,2048,2048,400.088,0.0208743,1,-,1,68,2026-10-06T03:14:42Z,1
202239,cheap,1,llama-3.2-1b,wk_wv,2048,512,2048,111.02,0.0146269,1,-,1,68,2026-10-06T03:14:42Z,1
202239,cheap,1,llama-3.2-1b,w1_w3,2048,8192,2048,1442.87,0.0247919,1,-,1,68,2026-10-06T03:14:42Z,1
202239,cheap,1,llama-3.2-1b,w2,2048,2048,8192,1639.92,0.0165143,1,-,1,68,2026-10-06T03:14:42Z,1
202241,cheap,1,llama-3.2-1b,wq_wo,2048,2048,2048,1358.14,0.00599685,1,-,1,68,2026-10-06T03:14:51Z,1
202241,cheap,1,llama-3.2-1b,wk_wv,2048,512,2048,377.884,0.00486706,1,-,1,68,2026-10-06T03:14:51Z,1
202241,cheap,1,llama-3.2-1b,w1_w3,2048,8192,2048,4461.65,0.00621561,1,-,1,68,2026-10-06T03:14:51Z,1
202241,cheap,1,llama-3.2-1b,w2,2048,2048,8192,5716.36,0.00838523,1,-,1,68,2026-10-06T03:14:51Z,1
202244,cheap,1,llama-3.2-1b,wq_wo,2048,2048,2048,2829.68,0.0204135,1,-,1,68,2026-10-06T03:14:59Z,1
202244,cheap,1,llama-3.2-1b,wk_wv,2048,512,2048,768.248,0.0360035,1,-,1,68,2026-10-06T03:14:59Z,1
202244,cheap,1,llama-3.2-1b,w1_w3,2048,8192,2048,10696.5,0.0129171,1,-,1,68,2026-10-06T03:14:59Z,1
202244,cheap,1,llama-3.2-1b,w2,2048,2048,8192,11365,0.0228641,1,-,1,68,2026-10-06T03:14:59Z,1
202246,cheap,1,llama-3.2-1b,wq_wo,2048,2048,2048,2897.88,0.0161677,1,-,1,68,2026-10-06T03:15:08Z,1
202246,cheap,1,llama-3.2-1b,wk_wv,2048,512,2048,812.396,0.0306434,1,-,1,68,2026-10-06T03:15:08Z,1
202246,cheap,1,llama-3.2-1b,w1_w3,2048,8192,2048,11023.8,0.006895,1,-,1,68,2026-10-06T03:15:08Z,1
202246,cheap,1,llama-3.2-1b,w2,2048,2048,8192,11609,0.0185678,1,-,1,68,2026-10-06T03:15:08Z,1
202249,cheap,1,llama-3.2-1b,wq_wo,2048,2048,2048,1870.23,0.0112237,1,-,1,68,2026-10-06T03:15:17Z,1
202249,cheap,1,llama-3.2-1b,wk_wv,2048,512,2048,525.72,0.00461505,1,-,1,68,2026-10-06T03:15:17Z,1
202249,cheap,1,llama-3.2-1b,w1_w3,2048,8192,2048,7077.38,0.00344195,1,-,1,68,2026-10-06T03:15:17Z,1
202249,cheap,1,llama-3.2-1b,w2,2048,2048,8192,7195.03,0.0102014,1,-,1,68,2026-10-06T03:15:17Z,1
202251,cheap,1,llama-3.2-1b,wq_wo,2048,2048,2048,3392.19,0.028079,1,-,1,68,2026-10-06T03:15:25Z,1
202251,cheap,1,llama-3.2-1b,wk_wv,2048,512,2048,859.456,0.0355207,1,-,1,68,2026-10-06T03:15:25Z,1
202251,cheap,1,llama-3.2-1b,w1_w3,2048,8192,2048,12552.6,0.019343,1,-,1,68,2026-10-06T03:15:25Z,1
202251,cheap,1,llama-3.2-1b,w2,2048,2048,8192,13028.1,0.0252246,1,-,1,68,2026-10-06T03:15:25Z,1
202254,cheap,1,llama-3.2-1b,wq_wo,2048,2048,2048,19952.9,0.00856873,1,-,1,66,2026-10-06T03:15:42Z,1
202254,cheap,1,llama-3.2-1b,wk_wv,2048,512,2048,5647.62,0.0148537,1,-,1,66,2026-10-06T03:15:42Z,1
202254,cheap,1,llama-3.2-1b,w1_w3,2048,8192,2048,74880.8,0.00439852,1,-,1,66,2026-10-06T03:15:42Z,1
202254,cheap,1,llama-3.2-1b,w2,2048,2048,8192,79660.8,0.00704821,1,-,1,66,2026-10-06T03:15:42Z,1
202256,cheap,1,llama-3.2-1b,wq_wo,2048,2048,2048,275.704,0.0172092,1,-,1,68,2026-10-06T03:15:49Z,1
202256,cheap,1,llama-3.2-1b,wk_wv,2048,512,2048,76.076,0.0102484,1,-,1,68,2026-10-06T03:15:49Z,1
202256,cheap,1,llama-3.2-1b,w1_w3,2048,8192,2048,1101,0.00989057,1,-,1,68,2026-10-06T03:15:49Z,1
202256,cheap,1,llama-3.2-1b,w2,2048,2048,8192,1212.46,0.0930535,1,-,1,68,2026-10-06T03:15:49Z,1
202258,cheap,1,llama-3.2-1b,wq_wo,2048,2048,2048,15658.1,0.039807,1,-,1,65,2026-10-06T03:16:03Z,1
202258,cheap,1,llama-3.2-1b,wk_wv,2048,512,2048,3989.49,0.0306301,1,-,1,65,2026-10-06T03:16:03Z,1
202258,cheap,1,llama-3.2-1b,w1_w3,2048,8192,2048,62308.2,0.00385268,1,-,1,65,2026-10-06T03:16:03Z,1
202258,cheap,1,llama-3.2-1b,w2,2048,2048,8192,61733.9,0.0296139,1,-,1,65,2026-10-06T03:16:03Z,1
202260,cheap,1,llama-3.2-1b,wq_wo,2048,2048,2048,396.708,0.0490246,1,-,1,68,2026-10-06T03:16:11Z,1
202260,cheap,1,llama-3.2-1b,wk_wv,2048,512,2048,107.38,0.00620926,1,-,1,68,2026-10-06T03:16:11Z,1
202260,cheap,1,llama-3.2-1b,w1_w3,2048,8192,2048,1588.5,0.0177682,1,-,1,68,2026-10-06T03:16:11Z,1
202260,cheap,1,llama-3.2-1b,w2,2048,2048,8192,1592.97,0.0917767,1,-,1,68,2026-10-06T03:16:11Z,1
202263,cheap,1,llama-3.2-1b,wq_wo,2048,2048,2048,7588,0.0175542,1,-,1,67,2026-10-06T03:16:23Z,1
202263,cheap,1,llama-3.2-1b,wk_wv,2048,512,2048,2845.7,0.0615967,1,-,1,67,2026-10-06T03:16:23Z,1
202263,cheap,1,llama-3.2-1b,w1_w3,2048,8192,2048,27031.2,0.00810808,1,-,1,67,2026-10-06T03:16:23Z,1
202263,cheap,1,llama-3.2-1b,w2,2048,2048,8192,30291.5,0.0187336,1,-,1,67,2026-10-06T03:16:23Z,1
202265,cheap,1,llama-3.2-1b,wq_wo,2048,2048,2048,4890.96,0.0115804,1,-,1,67,2026-10-06T03:16:31Z,1
202265,cheap,1,llama-3.2-1b,wk_wv,2048,512,2048,1166.05,0.0427326,1,-,1,67,2026-10-06T03:16:31Z,1
202265,cheap,1,llama-3.2-1b,w1_w3,2048,8192,2048,18457.7,0.00563153,1,-,1,67,2026-10-06T03:16:31Z,1
202265,cheap,1,llama-3.2-1b,w2,2048,2048,8192,20259.8,0.012932,1,-,1,67,2026-10-06T03:16:31Z,1
202268,cheap,1,llama-3.2-1b,wq_wo,2048,2048,2048,542.984,0.0155712,1,-,1,68,2026-10-06T03:16:40Z,1
202268,cheap,1,llama-3.2-1b,wk_wv,2048,512,2048,146.484,0.00591536,1,-,1,68,2026-10-06T03:16:40Z,1
202268,cheap,1,llama-3.2-1b,w1_w3,2048,8192,2048,2131.06,0.0121347,1,-,1,68,2026-10-06T03:16:40Z,1
202268,cheap,1,llama-3.2-1b,w2,2048,2048,8192,2624.88,0.00360997,1,-,1,68,2026-10-06T03:16:40Z,1
202272,cheap,1,llama-3.2-1b,wq_wo,2048,2048,2048,10209.2,0.00738254,1,-,1,65,2026-10-06T03:16:53Z,1
202272,cheap,1,llama-3.2-1b,wk_wv,2048,512,2048,4024.28,0.0331661,1,-,1,65,2026-10-06T03:16:53Z,1
202272,cheap,1,llama-3.2-1b,w1_w3,2048,8192,2048,37506.7,0.00394399,1,-,1,65,2026-10-06T03:16:53Z,1
202272,cheap,1,llama-3.2-1b,w2,2048,2048,8192,40049.8,0.00509361,1,-,1,65,2026-10-06T03:16:53Z,1
base,cheap,b17,llama-3.2-1b,wq_wo,2048,2048,2048,184.08,0.0112923,1,-,1,69,2026-10-06T03:17:00Z,1
base,cheap,b17,llama-3.2-1b,wk_wv,2048,512,2048,52.78,0.00844817,1,-,1,69,2026-10-06T03:17:00Z,1
base,cheap,b17,llama-3.2-1b,w1_w3,2048,8192,2048,740.09,0.0169579,1,-,1,69,2026-10-06T03:17:00Z,1
base,cheap,b17,llama-3.2-1b,w2,2048,2048,8192,823.732,0.0159943,1,-,1,69,2026-10-06T03:17:00Z,1
202275,cheap,1,llama-3.2-1b,wq_wo,2048,2048,2048,4276.01,0.00556604,1,-,1,67,2026-10-06T03:17:09Z,1
202275,cheap,1,llama-3.2-1b,wk_wv,2048,512,2048,1035.16,0.00510625,1,-,1,67,2026-10-06T03:17:09Z,1
202275,cheap,1,llama-3.2-1b,w1_w3,2048,8192,2048,16137.3,0.00274193,1,-,1,67,2026-10-06T03:17:09Z,1
202275,cheap,1,llama-3.2-1b,w2,2048,2048,8192,18442,0.00764848,1,-,1,67,2026-10-06T03:17:09Z,1
202277,cheap,1,llama-3.2-1b,wq_wo,2048,2048,2048,2725.68,0.0379334,1,-,1,68,2026-10-06T03:17:18Z,1
202277,cheap,1,llama-3.2-1b,wk_wv,2048,512,2048,699.374,0.0422803,1,-,1,68,2026-10-06T03:17:18Z,1
202277,cheap,1,llama-3.2-1b,w1_w3,2048,8192,2048,10638.1,0.0167048,1,-,1,68,2026-10-06T03:17:18Z,1
202277,cheap,1,llama-3.2-1b,w2,2048,2048,8192,10887.9,0.0312822,1,-,1,68,2026-10-06T03:17:18Z,1
202280,cheap,1,llama-3.2-1b,wq_wo,2048,2048,2048,5987.07,0.0215697,1,-,1,66,2026-10-06T03:17:32Z,1
202280,cheap,1,llama-3.2-1b,wk_wv,2048,512,2048,2287.06,0.0418036,1,-,1,66,2026-10-06T03:17:32Z,1
202280,cheap,1,llama-3.2-1b,w1_w3,2048,8192,2048,23579.3,0.0158536,1,-,1,66,2026-10-06T03:17:32Z,1
202280,cheap,1,llama-3.2-1b,w2,2048,2048,8192,23500.6,0.0173446,1,-,1,66,2026-10-06T03:17:32Z,1
202283,cheap,1,llama-3.2-1b,wq_wo,2048,2048,2048,841.672,0.00116629,1,-,1,68,2026-10-06T03:17:44Z,1
202283,cheap,1,llama-3.2-1b,wk_wv,2048,512,2048,252.304,0.00347992,1,-,1,68,2026-10-06T03:17:44Z,1
202283,cheap,1,llama-3.2-1b,w1_w3,2048,8192,2048,3211.68,0.00246068,1,-,1,68,2026-10-06T03:17:44Z,1
202283,cheap,1,llama-3.2-1b,w2,2048,2048,8192,3618.73,0.00230815,1,-,1,68,2026-10-06T03:17:44Z,1
202286,cheap,1,llama-3.2-1b,wq_wo,2048,2048,2048,475.072,0.0167571,1,-,1,67,2026-10-06T03:17:55Z,1
202286,cheap,1,llama-3.2-1b,wk_wv,2048,512,2048,319.332,0.00991783,1,-,1,67,2026-10-06T03:17:55Z,1
202286,cheap,1,llama-3.2-1b,w1_w3,2048,8192,2048,2105.32,0.0131471,1,-,1,67,2026-10-06T03:17:55Z,1
202286,cheap,1,llama-3.2-1b,w2,2048,2048,8192,1891.5,0.0212129,1,-,1,67,2026-10-06T03:17:55Z,1
202288,cheap,1,llama-3.2-1b,wq_wo,2048,2048,2048,3457.06,0.00339666,1,-,1,67,2026-10-06T03:18:09Z,1
202288,cheap,1,llama-3.2-1b,wk_wv,2048,512,2048,970.632,0.00733387,1,-,1,67,2026-10-06T03:18:09Z,1
202288,cheap,1,llama-3.2-1b,w1_w3,2048,8192,2048,13893.8,0.00316074,1,-,1,67,2026-10-06T03:18:09Z,1
202288,cheap,1,llama-3.2-1b,w2,2048,2048,8192,13826.5,0.00411672,1,-,1,67,2026-10-06T03:18:09Z,1
202291,cheap,1,llama-3.2-1b,wq_wo,2048,2048,2048,7353.01,0.0198939,1,-,1,67,2026-10-06T03:18:26Z,1
202291,cheap,1,llama-3.2-1b,wk_wv,2048,512,2048,2115.36,0.0453683,1,-,1,67,2026-10-06T03:18:26Z,1
202291,cheap,1,llama-3.2-1b,w1_w3,2048,8192,2048,26489.6,0.0130886,1,-,1,67,2026-10-06T03:18:26Z,1
202291,cheap,1,llama-3.2-1b,w2,2048,2048,8192,29562.4,0.0279406,1,-,1,67,2026-10-06T03:18:26Z,1
202293,cheap,1,llama-3.2-1b,wq_wo,2048,2048,2048,4651.82,0.0181078,1,-,1,67,2026-10-06T03:18:40Z,1
202293,cheap,1,llama-3.2-1b,wk_wv,2048,512,2048,1187.73,0.0175825,1,-,1,67,2026-10-06T03:18:40Z,1
202293,cheap,1,llama-3.2-1b,w1_w3,2048,8192,2048,17832.3,0.0121339,1,-,1,67,2026-10-06T03:18:40Z,1
202293,cheap,1,llama-3.2-1b,w2,2048,2048,8192,18615.6,0.016774,1,-,1,67,2026-10-06T03:18:40Z,1
202295,cheap,1,llama-3.2-1b,wq_wo,2048,2048,2048,432.718,0.00517784,1,-,1,68,2026-10-06T03:18:52Z,1
202295,cheap,1,llama-3.2-1b,wk_wv,2048,512,2048,140.712,0.00642417,1,-,1,68,2026-10-06T03:18:52Z,1
202295,cheap,1,llama-3.2-1b,w1_w3,2048,8192,2048,1590.68,0.0109961,1,-,1,68,2026-10-06T03:18:52Z,1
202295,cheap,1,llama-3.2-1b,w2,2048,2048,8192,1716.86,0.00831325,1,-,1,68,2026-10-06T03:18:52Z,1
202299,cheap,1,llama-3.2-1b,wq_wo,2048,2048,2048,11200.5,0.0043131,1,-,1,65,2026-10-06T03:20:07Z,1
202299,cheap,1,llama-3.2-1b,wk_wv,2048,512,2048,7463.92,0.0878559,1,-,1,65,2026-10-06T03:20:07Z,1
202299,cheap,1,llama-3.2-1b,w1_w3,2048,8192,2048,44185.8,0.00451335,1,-,1,65,2026-10-06T03:20:07Z,1
202299,cheap,1,llama-3.2-1b,w2,2048,2048,8192,42334,0.00688602,1,-,1,65,2026-10-06T03:20:07Z,1
202303,cheap,1,llama-3.2-1b,wq_wo,2048,2048,2048,2227.52,0.0120472,1,-,1,67,2026-10-06T03:20:20Z,1
202303,cheap,1,llama-3.2-1b,wk_wv,2048,512,2048,746.096,0.0246147,1,-,1,67,2026-10-06T03:20:20Z,1
202303,cheap,1,llama-3.2-1b,w1_w3,2048,8192,2048,9448.69,0.00734702,1,-,1,67,2026-10-06T03:20:20Z,1
202303,cheap,1,llama-3.2-1b,w2,2048,2048,8192,8843.69,0.0179743,1,-,1,67,2026-10-06T03:20:20Z,1
202305,cheap,1,llama-3.2-1b,wq_wo,2048,2048,2048,4542.85,0.0251857,1,-,1,67,2026-10-06T03:20:36Z,1
202305,cheap,1,llama-3.2-1b,wk_wv,2048,512,2048,1182.64,0.0301401,1,-,1,67,2026-10-06T03:20:36Z,1
202305,cheap,1,llama-3.2-1b,w1_w3,2048,8192,2048,17033.2,0.0220163,1,-,1,67,2026-10-06T03:20:36Z,1
202305,cheap,1,llama-3.2-1b,w2,2048,2048,8192,18091.9,0.0322555,1,-,1,67,2026-10-06T03:20:36Z,1
202309,cheap,1,llama-3.2-1b,wq_wo,2048,2048,2048,5349.55,0.0157351,1,-,1,67,2026-10-06T03:20:50Z,1
202309,cheap,1,llama-3.2-1b,wk_wv,2048,512,2048,1360.66,0.0169891,1,-,1,67,2026-10-06T03:20:50Z,1
202309,cheap,1,llama-3.2-1b,w1_w3,2048,8192,2048,20888.1,0.0130499,1,-,1,67,2026-10-06T03:20:50Z,1
202309,cheap,1,llama-3.2-1b,w2,2048,2048,8192,20793.9,0.0135854,1,-,1,67,2026-10-06T03:20:50Z,1
202313,cheap,1,llama-3.2-1b,wq_wo,2048,2048,2048,440.336,0.00465205,1,-,1,67,2026-10-06T03:21:05Z,1
202313,cheap,1,llama-3.2-1b,wk_wv,2048,512,2048,117.026,0.00959722,1,-,1,67,2026-10-06T03:21:05Z,1
202313,cheap,1,llama-3.2-1b,w1_w3,2048,8192,2048,1740.18,0.00471257,1,-,1,67,2026-10-06T03:21:05Z,1
202313,cheap,1,llama-3.2-1b,w2,2048,2048,8192,1851.46,0.00315832,1,-,1,67,2026-10-06T03:21:05Z,1
202315,cheap,1,llama-3.2-1b,wq_wo,2048,2048,2048,3208.04,0.0421822,1,-,1,67,2026-10-06T03:21:17Z,1
202315,cheap,1,llama-3.2-1b,wk_wv,2048,512,2048,837.564,0.0417463,1,-,1,67,2026-10-06T03:21:17Z,1
202315,cheap,1,llama-3.2-1b,w1_w3,2048,8192,2048,12083.2,0.0207941,1,-,1,67,2026-10-06T03:21:17Z,1
202315,cheap,1,llama-3.2-1b,w2,2048,2048,8192,12829.3,0.0384075,1,-,1,67,2026-10-06T03:21:17Z,1
202319,cheap,1,llama-3.2-1b,wq_wo,2048,2048,2048,1162.04,0.0115588,1,-,1,67,2026-10-06T03:21:32Z,1
202319,cheap,1,llama-3.2-1b,wk_wv,2048,512,2048,330.538,0.0224802,1,-,1,67,2026-10-06T03:21:32Z,1
202319,cheap,1,llama-3.2-1b,w1_w3,2048,8192,2048,4287.09,0.00617773,1,-,1,67,2026-10-06T03:21:32Z,1
202319,cheap,1,llama-3.2-1b,w2,2048,2048,8192,4604.03,0.0142103,1,-,1,67,2026-10-06T03:21:32Z,1
202323,cheap,1,llama-3.2-1b,wq_wo,2048,2048,2048,1198.7,0.00558623,1,-,1,68,2026-10-06T03:21:47Z,1
202323,cheap,1,llama-3.2-1b,wk_wv,2048,512,2048,321.048,0.00705631,1,-,1,68,2026-10-06T03:21:47Z,1
202323,cheap,1,llama-3.2-1b,w1_w3,2048,8192,2048,4000.7,0.00386438,1,-,1,68,2026-10-06T03:21:47Z,1
202323,cheap,1,llama-3.2-1b,w2,2048,2048,8192,4734.42,0.00570733,1,-,1,68,2026-10-06T03:21:47Z,1
202325,cheap,1,llama-3.2-1b,wq_wo,2048,2048,2048,8084.02,0.0153914,1,-,1,67,2026-10-06T03:22:03Z,1
202325,cheap,1,llama-3.2-1b,wk_wv,2048,512,2048,2273.15,0.0244511,1,-,1,67,2026-10-06T03:22:03Z,1
202325,cheap,1,llama-3.2-1b,w1_w3,2048,8192,2048,30630.2,0.00991266,1,-,1,67,2026-10-06T03:22:03Z,1
202325,cheap,1,llama-3.2-1b,w2,2048,2048,8192,32250.2,0.0140083,1,-,1,67,2026-10-06T03:22:03Z,1
202327,cheap,1,llama-3.2-1b,wq_wo,2048,2048,2048,831.22,0.00294731,1,-,1,68,2026-10-06T03:22:18Z,1
202327,cheap,1,llama-3.2-1b,wk_wv,2048,512,2048,213.044,0.00768466,1,-,1,68,2026-10-06T03:22:18Z,1
202327,cheap,1,llama-3.2-1b,w1_w3,2048,8192,2048,3114.02,0.00221017,1,-,1,68,2026-10-06T03:22:18Z,1
202327,cheap,1,llama-3.2-1b,w2,2048,2048,8192,3359.85,0.00333129,1,-,1,68,2026-10-06T03:22:18Z,1
202331,cheap,1,llama-3.2-1b,wq_wo,2048,2048,2048,747.76,0.00576696,1,-,1,67,2026-10-06T03:22:33Z,1
202331,cheap,1,llama-3.2-1b,wk_wv,2048,512,2048,185.796,0.00591345,1,-,1,67,2026-10-06T03:22:33Z,1
202331,cheap,1,llama-3.2-1b,w1_w3,2048,8192,2048,2812.03,0.00455864,1,-,1,67,2026-10-06T03:22:33Z,1
202331,cheap,1,llama-3.2-1b,w2,2048,2048,8192,2920.76,0.0121939,1,-,1,67,2026-10-06T03:22:33Z,1
202335,cheap,1,llama-3.2-1b,wq_wo,2048,2048,2048,14419.4,0.0152139,1,-,1,65,2026-10-06T03:22:48Z,1
202335,cheap,1,llama-3.2-1b,wk_wv,2048,512,2048,3630.8,0.0151711,1,-,1,65,2026-10-06T03:22:48Z,1
202335,cheap,1,llama-3.2-1b,w1_w3,2048,8192,2048,54971.1,0.00494104,1,-,1,65,2026-10-06T03:22:48Z,1
202335,cheap,1,llama-3.2-1b,w2,2048,2048,8192,56234.5,0.0129002,1,-,1,65,2026-10-06T03:22:48Z,1
202337,cheap,1,llama-3.2-1b,wq_wo,2048,2048,2048,1367.76,0.0116714,1,-,1,68,2026-10-06T03:23:03Z,1
202337,cheap,1,llama-3.2-1b,wk_wv,2048,512,2048,339.248,0.0295872,1,-,1,68,2026-10-06T03:23:03Z,1
202337,cheap,1,llama-3.2-1b,w1_w3,2048,8192,2048,5001.57,0.0123621,1,-,1,68,2026-10-06T03:23:03Z,1
202337,cheap,1,llama-3.2-1b,w2,2048,2048,8192,5598.84,0.00851189,1,-,1,68,2026-10-06T03:23:03Z,1
202339,cheap,1,llama-3.2-1b,wq_wo,2048,2048,2048,1030.72,0.00301528,1,-,1,68,2026-10-06T03:23:17Z,1
202339,cheap,1,llama-3.2-1b,wk_wv,2048,512,2048,281.268,0.0063249,1,-,1,68,2026-10-06T03:23:17Z,1
202339,cheap,1,llama-3.2-1b,w1_w3,2048,8192,2048,3822.73,0.0039463,1,-,1,68,2026-10-06T03:23:17Z,1
202339,cheap,1,llama-3.2-1b,w2,2048,2048,8192,4270.63,0.00384295,1,-,1,68,2026-10-06T03:23:17Z,1
202341,cheap,1,llama-3.2-1b,wq_wo,2048,2048,2048,7426.22,0.0357262,1,-,1,67,2026-10-06T03:23:36Z,1
202341,cheap,1,llama-3.2-1b,wk_wv,2048,512,2048,1885.91,0.038249,1,-,1,67,2026-10-06T03:23:36Z,1
202341,cheap,1,llama-3.2-1b,w1_w3,2048,8192,2048,28495.9,0.0219432,1,-,1,67,2026-10-06T03:23:36Z,1
202341,cheap,1,llama-3.2-1b,w2,2048,2048,8192,29583.2,0.0372056,1,-,1,67,2026-10-06T03:23:36Z,1
202343,cheap,1,llama-3.2-1b,wq_wo,2048,2048,2048,349.804,0.0175722,1,-,1,68,2026-10-06T03:23:50Z,1
202343,cheap,1,llama-3.2-1b,wk_wv,2048,512,2048,93.678,0.0112367,1,-,1,68,2026-10-06T03:23:50Z,1
202343,cheap,1,llama-3.2-1b,w1_w3,2048,8192,2048,1371.29,0.0128813,1,-,1,68,2026-10-06T03:23:50Z,1
202343,cheap,1,llama-3.2-1b,w2,2048,2048,8192,1464.79,0.0113279,1,-,1,68,2026-10-06T03:23:50Z,1
202349,cheap,1,llama-3.2-1b,wq_wo,2048,2048,2048,389.324,0.0212778,1,-,1,68,2026-10-06T03:24:04Z,1
202349,cheap,1,llama-3.2-1b,wk_wv,2048,512,2048,101.608,0.0111171,1,-,1,68,2026-10-06T03:24:04Z,1
202349,cheap,1,llama-3.2-1b,w1_w3,2048,8192,2048,1351.53,0.0270562,1,-,1,68,2026-10-06T03:24:04Z,1
202349,cheap,1,llama-3.2-1b,w2,2048,2048,8192,1767.84,0.0161547,1,-,1,68,2026-10-06T03:24:04Z,1
202351,cheap,1,llama-3.2-1b,wq_wo,2048,2048,2048,873.392,0.00608078,1,-,1,68,2026-10-06T03:24:17Z,1
202351,cheap,1,llama-3.2-1b,wk_wv,2048,512,2048,230.152,0.00601731,1,-,1,68,2026-10-06T03:24:17Z,1
202351,cheap,1,llama-3.2-1b,w1_w3,2048,8192,2048,3358.94,0.00294996,1,-,1,68,2026-10-06T03:24:17Z,1
202351,cheap,1,llama-3.2-1b,w2,2048,2048,8192,3542.76,0.00629588,1,-,1,68,2026-10-06T03:24:17Z,1
202353,cheap,1,llama-3.2-1b,wq_wo,2048,2048,2048,31803.9,0.0300723,1,-,1,63,2026-10-06T03:26:38Z,1
202353,cheap,1,llama-3.2-1b,wk_wv,2048,512,2048,8139.56,0.0678937,1,-,1,63,2026-10-06T03:26:38Z,1
202353,cheap,1,llama-3.2-1b,w1_w3,2048,8192,2048,122434,0.0042775,1,-,1,63,2026-10-06T03:26:38Z,1
202353,cheap,1,llama-3.2-1b,w2,2048,2048,8192,121173,0.0281974,1,-,1,63,2026-10-06T03:26:38Z,1
202356,cheap,1,llama-3.2-1b,wq_wo,2048,2048,2048,1215.94,0.0067411,1,-,1,65,2026-10-06T03:26:47Z,1
202356,cheap,1,llama-3.2-1b,wk_wv,2048,512,2048,298.428,0.00657867,1,-,1,65,2026-10-06T03:26:47Z,1
202356,cheap,1,llama-3.2-1b,w1_w3,2048,8192,2048,4069.18,0.00336705,1,-,1,65,2026-10-06T03:26:47Z,1
202356,cheap,1,llama-3.2-1b,w2,2048,2048,8192,4933.71,0.00663505,1,-,1,65,2026-10-06T03:26:47Z,1
202359,cheap,1,llama-3.2-1b,wq_wo,2048,2048,2048,11391.1,0.00508473,1,-,1,65,2026-10-06T03:28:15Z,1
202359,cheap,1,llama-3.2-1b,wk_wv,2048,512,2048,8061.85,0.0744504,1,-,1,65,2026-10-06T03:28:15Z,1
202359,cheap,1,llama-3.2-1b,w1_w3,2048,8192,2048,44615.6,0.00583297,1,-,1,65,2026-10-06T03:28:15Z,1
202359,cheap,1,llama-3.2-1b,w2,2048,2048,8192,45037.1,0.00653479,1,-,1,65,2026-10-06T03:28:15Z,1
202361,cheap,1,llama-3.2-1b,wq_wo,2048,2048,2048,3414.94,0.043489,1,-,1,68,2026-10-06T03:28:29Z,1
202361,cheap,1,llama-3.2-1b,wk_wv,2048,512,2048,888.784,0.0412188,1,-,1,68,2026-10-06T03:28:29Z,1
202361,cheap,1,llama-3.2-1b,w1_w3,2048,8192,2048,12648.2,0.0258819,1,-,1,68,2026-10-06T03:28:29Z,1
202361,cheap,1,llama-3.2-1b,w2,2048,2048,8192,13281.6,0.046136,1,-,1,68,2026-10-06T03:28:29Z,1
202363,cheap,1,llama-3.2-1b,wq_wo,2048,2048,2048,1678.46,0.00792612,1,-,1,68,2026-10-06T03:28:39Z,1
202363,cheap,1,llama-3.2-1b,wk_wv,2048,512,2048,437.268,0.00481421,1,-,1,68,2026-10-06T03:28:39Z,1
202363,cheap,1,llama-3.2-1b,w1_w3,2048,8192,2048,5783.49,0.00478387,1,-,1,68,2026-10-06T03:28:39Z,1
202363,cheap,1,llama-3.2-1b,w2,2048,2048,8192,6971.87,0.00812708,1,-,1,68,2026-10-06T03:28:39Z,1
202367,cheap,1,llama-3.2-1b,wq_wo,2048,2048,2048,1094.5,0.00259953,1,-,1,69,2026-10-06T03:28:48Z,1
202367,cheap,1,llama-3.2-1b,wk_wv,2048,512,2048,280.462,0.00729104,1,-,1,69,2026-10-06T03:28:48Z,1
202367,cheap,1,llama-3.2-1b,w1_w3,2048,8192,2048,4144.4,0.00285171,1,-,1,69,2026-10-06T03:28:48Z,1
202367,cheap,1,llama-3.2-1b,w2,2048,2048,8192,4213.82,0.00274732,1,-,1,69,2026-10-06T03:28:48Z,1
202373,cheap,1,llama-3.2-1b,wq_wo,2048,2048,2048,4214.81,0.0351485,1,-,1,67,2026-10-06T03:29:00Z,1
202373,cheap,1,llama-3.2-1b,wk_wv,2048,512,2048,1091.48,0.0378305,1,-,1,67,2026-10-06T03:29:00Z,1
202373,cheap,1,llama-3.2-1b,w1_w3,2048,8192,2048,15703.7,0.0176333,1,-,1,67,2026-10-06T03:29:00Z,1
202373,cheap,1,llama-3.2-1b,w2,2048,2048,8192,16792,0.0331198,1,-,1,67,2026-10-06T03:29:00Z,1
202376,cheap,1,llama-3.2-1b,wq_wo,2048,2048,2048,1546.53,0.00236178,1,-,1,67,2026-10-06T03:29:09Z,1
202376,cheap,1,llama-3.2-1b,wk_wv,2048,512,2048,381.836,0.00893384,1,-,1,67,2026-10-06T03:29:09Z,1
202376,cheap,1,llama-3.2-1b,w1_w3,2048,8192,2048,6136.03,0.00225371,1,-,1,67,2026-10-06T03:29:09Z,1
202376,cheap,1,llama-3.2-1b,w2,2048,2048,8192,6461.78,0.00220912,1,-,1,67,2026-10-06T03:29:09Z,1
202378,cheap,1,llama-3.2-1b,wq_wo,2048,2048,2048,448.578,0.0147151,1,-,1,68,2026-10-06T03:29:23Z,1
202378,cheap,1,llama-3.2-1b,wk_wv,2048,512,2048,149.344,0.0122553,1,-,1,68,2026-10-06T03:29:23Z,1
202378,cheap,1,llama-3.2-1b,w1_w3,2048,8192,2048,1691.9,0.0150854,1,-,1,68,2026-10-06T03:29:23Z,1
202378,cheap,1,llama-3.2-1b,w2,2048,2048,8192,1888.59,0.0102003,1,-,1,68,2026-10-06T03:29:23Z,1
202382,cheap,1,llama-3.2-1b,wq_wo,2048,2048,2048,2019.89,0.0121093,1,-,1,67,2026-10-06T03:29:37Z,1
202382,cheap,1,llama-3.2-1b,wk_wv,2048,512,2048,544.804,0.016353,1,-,1,67,2026-10-06T03:29:37Z,1
202382,cheap,1,llama-3.2-1b,w1_w3,2048,8192,2048,7922.93,0.00609345,1,-,1,67,2026-10-06T03:29:37Z,1
202382,cheap,1,llama-3.2-1b,w2,2048,2048,8192,8147.33,0.0131823,1,-,1,67,2026-10-06T03:29:37Z,1
202387,cheap,1,llama-3.2-1b,wq_wo,2048,2048,2048,2045.52,0.00366673,1,-,1,67,2026-10-06T03:29:49Z,1
202387,cheap,1,llama-3.2-1b,wk_wv,2048,512,2048,608.296,0.00540823,1,-,1,67,2026-10-06T03:29:49Z,1
202387,cheap,1,llama-3.2-1b,w1_w3,2048,8192,2048,6903.42,0.0104237,1,-,1,67,2026-10-06T03:29:49Z,1
202387,cheap,1,llama-3.2-1b,w2,2048,2048,8192,8297.85,0.0055393,1,-,1,67,2026-10-06T03:29:49Z,1
202391,cheap,1,llama-3.2-1b,wq_wo,2048,2048,2048,6823.28,0.0272166,1,-,1,67,2026-10-06T03:30:07Z,1
202391,cheap,1,llama-3.2-1b,wk_wv,2048,512,2048,1732.59,0.0368709,1,-,1,67,2026-10-06T03:30:07Z,1
202391,cheap,1,llama-3.2-1b,w1_w3,2048,8192,2048,26772,0.020555,1,-,1,67,2026-10-06T03:30:07Z,1
202391,cheap,1,llama-3.2-1b,w2,2048,2048,8192,27450,0.0295559,1,-,1,67,2026-10-06T03:30:07Z,1
202394,cheap,1,llama-3.2-1b,wq_wo,2048,2048,2048,1080.51,0.0089692,1,-,1,67,2026-10-06T03:30:22Z,1
202394,cheap,1,llama-3.2-1b,wk_wv,2048,512,2048,269.048,0.00683099,1,-,1,67,2026-10-06T03:30:22Z,1
202394,cheap,1,llama-3.2-1b,w1_w3,2048,8192,2048,3684.82,0.00432672,1,-,1,67,2026-10-06T03:30:22Z,1
202394,cheap,1,llama-3.2-1b,w2,2048,2048,8192,4304.51,0.00847372,1,-,1,67,2026-10-06T03:30:22Z,1
202396,cheap,1,llama-3.2-1b,wq_wo,2048,2048,2048,748.072,0.00364396,1,-,1,68,2026-10-06T03:30:37Z,1
202396,cheap,1,llama-3.2-1b,wk_wv,2048,512,2048,206.7,0.00610991,1,-,1,68,2026-10-06T03:30:37Z,1
202396,cheap,1,llama-3.2-1b,w1_w3,2048,8192,2048,2908.36,0.00558753,1,-,1,68,2026-10-06T03:30:37Z,1
202396,cheap,1,llama-3.2-1b,w2,2048,2048,8192,3219.58,0.00430188,1,-,1,68,2026-10-06T03:30:37Z,1
202399,cheap,1,llama-3.2-1b,wq_wo,2048,2048,2048,8863.66,0.0185332,1,-,1,67,2026-10-06T03:30:51Z,1
202399,cheap,1,llama-3.2-1b,wk_wv,2048,512,2048,2359.4,0.0270836,1,-,1,67,2026-10-06T03:30:51Z,1
202399,cheap,1,llama-3.2-1b,w1_w3,2048,8192,2048,33352.1,0.0141639,1,-,1,67,2026-10-06T03:30:51Z,1
202399,cheap,1,llama-3.2-1b,w2,2048,2048,8192,36758.8,0.0181865,1,-,1,67,2026-10-06T03:30:51Z,1
202401,cheap,1,llama-3.2-1b,wq_wo,2048,2048,2048,2163.04,0.0423845,1,-,1,67,2026-10-06T03:31:07Z,1
202401,cheap,1,llama-3.2-1b,wk_wv,2048,512,2048,865.8,0.0356405,1,-,1,67,2026-10-06T03:31:07Z,1
202401,cheap,1,llama-3.2-1b,w1_w3,2048,8192,2048,8090.65,0.016641,1,-,1,67,2026-10-06T03:31:07Z,1
202401,cheap,1,llama-3.2-1b,w2,2048,2048,8192,8877.54,0.0348898,1,-,1,67,2026-10-06T03:31:07Z,1
202405,cheap,1,llama-3.2-1b,wq_wo,2048,2048,2048,309.608,0.0833735,1,-,1,67,2026-10-06T03:31:21Z,1
202405,cheap,1,llama-3.2-1b,wk_wv,2048,512,2048,86.788,0.00532945,1,-,1,67,2026-10-06T03:31:21Z,1
202405,cheap,1,llama-3.2-1b,w1_w3,2048,8192,2048,1272.34,0.0231774,1,-,1,67,2026-10-06T03:31:21Z,1
202405,cheap,1,llama-3.2-1b,w2,2048,2048,8192,1536.13,0.0857478,1,-,1,67,2026-10-06T03:31:21Z,1
202409,cheap,1,llama-3.2-1b,wq_wo,2048,2048,2048,8637.77,0.00317956,1,-,1,66,2026-10-06T03:31:37Z,1
202409,cheap,1,llama-3.2-1b,wk_wv,2048,512,2048,2043.89,0.0158635,1,-,1,66,2026-10-06T03:31:37Z,1
202409,cheap,1,llama-3.2-1b,w1_w3,2048,8192,2048,31686.5,0.00490278,1,-,1,66,2026-10-06T03:31:37Z,1
202409,cheap,1,llama-3.2-1b,w2,2048,2048,8192,36810.5,0.00179182,1,-,1,66,2026-10-06T03:31:37Z,1
202413,cheap,1,llama-3.2-1b,wq_wo,2048,2048,2048,7516.73,0.0208254,1,-,1,66,2026-10-06T03:31:55Z,1
202413,cheap,1,llama-3.2-1b,wk_wv,2048,512,2048,2756.55,0.058689,1,-,1,66,2026-10-06T03:31:55Z,1
202413,cheap,1,llama-3.2-1b,w1_w3,2048,8192,2048,26853.6,0.00872542,1,-,1,66,2026-10-06T03:31:55Z,1
202413,cheap,1,llama-3.2-1b,w2,2048,2048,8192,29378.3,0.0157967,1,-,1,66,2026-10-06T03:31:55Z,1
202415,cheap,1,llama-3.2-1b,wq_wo,2048,2048,2048,9427.7,0.00664582,1,-,1,67,2026-10-06T03:32:10Z,1
202415,cheap,1,llama-3.2-1b,wk_wv,2048,512,2048,2412.18,0.0258197,1,-,1,67,2026-10-06T03:32:10Z,1
202415,cheap,1,llama-3.2-1b,w1_w3,2048,8192,2048,36027.1,0.00356133,1,-,1,67,2026-10-06T03:32:10Z,1
202415,cheap,1,llama-3.2-1b,w2,2048,2048,8192,37750,0.00669103,1,-,1,67,2026-10-06T03:32:10Z,1
202417,cheap,1,llama-3.2-1b,wq_wo,2048,2048,2048,6997.69,0.0118423,1,-,1,66,2026-10-06T03:32:28Z,1
202417,cheap,1,llama-3.2-1b,wk_wv,2048,512,2048,1785,0.0131005,1,-,1,66,2026-10-06T03:32:28Z,1
202417,cheap,1,llama-3.2-1b,w1_w3,2048,8192,2048,27542.3,0.00539745,1,-,1,66,2026-10-06T03:32:28Z,1
202417,cheap,1,llama-3.2-1b,w2,2048,2048,8192,27934.1,0.0123361,1,-,1,66,2026-10-06T03:32:28Z,1
202419,cheap,1,llama-3.2-1b,wq_wo,2048,2048,2048,8972.44,0.0171951,1,-,1,67,2026-10-06T03:32:42Z,1
202419,cheap,1,llama-3.2-1b,wk_wv,2048,512,2048,2240.16,0.0255846,1,-,1,67,2026-10-06T03:32:42Z,1
202419,cheap,1,llama-3.2-1b,w1_w3,2048,8192,2048,35840,0.00226913,1,-,1,67,2026-10-06T03:32:42Z,1
202419,cheap,1,llama-3.2-1b,w2,2048,2048,8192,37971.4,0.0119528,1,-,1,67,2026-10-06T03:32:42Z,1
202421,cheap,1,llama-3.2-1b,wq_wo,2048,2048,2048,11663,0.0437352,1,-,1,67,2026-10-06T03:33:06Z,1
202421,cheap,1,llama-3.2-1b,wk_wv,2048,512,2048,3038.83,0.0619856,1,-,1,67,2026-10-06T03:33:06Z,1
202421,cheap,1,llama-3.2-1b,w1_w3,2048,8192,2048,44615.5,0.026904,1,-,1,67,2026-10-06T03:33:06Z,1
202421,cheap,1,llama-3.2-1b,w2,2048,2048,8192,46825.7,0.0327784,1,-,1,67,2026-10-06T03:33:06Z,1
base,cheap,b18,llama-3.2-1b,wq_wo,2048,2048,2048,184.028,0.0107786,1,-,1,68,2026-10-06T03:33:17Z,1
base,cheap,b18,llama-3.2-1b,wk_wv,2048,512,2048,52.728,0.00850429,1,-,1,68,2026-10-06T03:33:17Z,1
base,cheap,b18,llama-3.2-1b,w1_w3,2048,8192,2048,740.688,0.0174655,1,-,1,68,2026-10-06T03:33:17Z,1
base,cheap,b18,llama-3.2-1b,w2,2048,2048,8192,823.004,0.0152884,1,-,1,68,2026-10-06T03:33:17Z,1
202425,cheap,1,llama-3.2-1b,wq_wo,2048,2048,2048,5399.19,0.0175764,1,-,1,67,2026-10-06T03:33:34Z,1
202425,cheap,1,llama-3.2-1b,wk_wv,2048,512,2048,1913.29,0.0528209,1,-,1,67,2026-10-06T03:33:34Z,1
202425,cheap,1,llama-3.2-1b,w1_w3,2048,8192,2048,20560.6,0.00566211,1,-,1,67,2026-10-06T03:33:34Z,1
202425,cheap,1,llama-3.2-1b,w2,2048,2048,8192,20935.5,0.0192881,1,-,1,67,2026-10-06T03:33:34Z,1
202428,cheap,1,llama-3.2-1b,wq_wo,2048,2048,2048,741.416,0.00722957,1,-,1,67,2026-10-06T03:33:49Z,1
202428,cheap,1,llama-3.2-1b,wk_wv,2048,512,2048,250.744,0.00631011,1,-,1,67,2026-10-06T03:33:49Z,1
202428,cheap,1,llama-3.2-1b,w1_w3,2048,8192,2048,2367.56,0.00492791,1,-,1,67,2026-10-06T03:33:49Z,1
202428,cheap,1,llama-3.2-1b,w2,2048,2048,8192,3116.85,0.00933093,1,-,1,67,2026-10-06T03:33:49Z,1
202430,cheap,1,llama-3.2-1b,wq_wo,2048,2048,2048,1672.68,0.00523492,1,-,1,66,2026-10-06T03:34:03Z,1
202430,cheap,1,llama-3.2-1b,wk_wv,2048,512,2048,408.096,0.0116213,1,-,1,66,2026-10-06T03:34:03Z,1
202430,cheap,1,llama-3.2-1b,w1_w3,2048,8192,2048,6017.36,0.00448373,1,-,1,66,2026-10-06T03:34:03Z,1
202430,cheap,1,llama-3.2-1b,w2,2048,2048,8192,6827.7,0.00294112,1,-,1,66,2026-10-06T03:34:03Z,1
202432,cheap,1,llama-3.2-1b,wq_wo,2048,2048,2048,441.74,0.00462299,1,-,1,68,2026-10-06T03:34:16Z,1
202432,cheap,1,llama-3.2-1b,wk_wv,2048,512,2048,117.364,0.00879299,1,-,1,68,2026-10-06T03:34:16Z,1
202432,cheap,1,llama-3.2-1b,w1_w3,2048,8192,2048,1744.91,0.00433788,1,-,1,68,2026-10-06T03:34:16Z,1
202432,cheap,1,llama-3.2-1b,w2,2048,2048,8192,1788.96,0.00520974,1,-,1,68,2026-10-06T03:34:16Z,1
202434,cheap,1,llama-3.2-1b,wq_wo,2048,2048,2048,865.488,0.00397638,1,-,1,67,2026-10-06T03:34:27Z,1
202434,cheap,1,llama-3.2-1b,wk_wv,2048,512,2048,229.58,0.00652107,1,-,1,67,2026-10-06T03:34:27Z,1
202434,cheap,1,llama-3.2-1b,w1_w3,2048,8192,2048,3309.7,0.0033778,1,-,1,67,2026-10-06T03:34:27Z,1
202434,cheap,1,llama-3.2-1b,w2,2048,2048,8192,3594.76,0.00340752,1,-,1,67,2026-10-06T03:34:27Z,1
202437,cheap,1,llama-3.2-1b,wq_wo,2048,2048,2048,5066.93,0.0594491,1,-,1,67,2026-10-06T03:34:44Z,1
202437,cheap,1,llama-3.2-1b,wk_wv,2048,512,2048,1273.61,0.0637423,1,-,1,67,2026-10-06T03:34:44Z,1
202437,cheap,1,llama-3.2-1b,w1_w3,2048,8192,2048,20995.3,0.021235,1,-,1,67,2026-10-06T03:34:44Z,1
202437,cheap,1,llama-3.2-1b,w2,2048,2048,8192,20552.6,0.0338769,1,-,1,67,2026-10-06T03:34:44Z,1
202440,cheap,1,llama-3.2-1b,wq_wo,2048,2048,2048,2938.05,0.00861632,1,-,1,68,2026-10-06T03:34:59Z,1
202440,cheap,1,llama-3.2-1b,wk_wv,2048,512,2048,751.816,0.0291826,1,-,1,68,2026-10-06T03:34:59Z,1
202440,cheap,1,llama-3.2-1b,w1_w3,2048,8192,2048,10957.7,0.0085179,1,-,1,68,2026-10-06T03:34:59Z,1
202440,cheap,1,llama-3.2-1b,w2,2048,2048,8192,12580.2,0.00777893,1,-,1,68,2026-10-06T03:34:59Z,1
202442,cheap,1,llama-3.2-1b,wq_wo,2048,2048,2048,6138.96,0.0181608,1,-,1,67,2026-10-06T03:35:16Z,1
202442,cheap,1,llama-3.2-1b,wk_wv,2048,512,2048,1719.67,0.0183653,1,-,1,67,2026-10-06T03:35:16Z,1
202442,cheap,1,llama-3.2-1b,w1_w3,2048,8192,2048,23176.4,0.00679282,1,-,1,67,2026-10-06T03:35:16Z,1
202442,cheap,1,llama-3.2-1b,w2,2048,2048,8192,23597.1,0.0219598,1,-,1,67,2026-10-06T03:35:16Z,1
202445,cheap,1,llama-3.2-1b,wq_wo,2048,2048,2048,3227.95,0.00440932,1,-,1,66,2026-10-06T03:35:30Z,1
202445,cheap,1,llama-3.2-1b,wk_wv,2048,512,2048,912.496,0.00497348,1,-,1,66,2026-10-06T03:35:30Z,1
202445,cheap,1,llama-3.2-1b,w1_w3,2048,8192,2048,13191.1,0.00752149,1,-,1,66,2026-10-06T03:35:30Z,1
202445,cheap,1,llama-3.2-1b,w2,2048,2048,8192,12864.9,0.00620949,1,-,1,66,2026-10-06T03:35:30Z,1
202447,cheap,1,llama-3.2-1b,wq_wo,2048,2048,2048,2773.94,0.0278218,1,-,1,67,2026-10-06T03:35:43Z,1
202447,cheap,1,llama-3.2-1b,wk_wv,2048,512,2048,796.172,0.0454929,1,-,1,67,2026-10-06T03:35:43Z,1
202447,cheap,1,llama-3.2-1b,w1_w3,2048,8192,2048,10380.6,0.0113525,1,-,1,67,2026-10-06T03:35:43Z,1
202447,cheap,1,llama-3.2-1b,w2,2048,2048,8192,11174.4,0.027393,1,-,1,67,2026-10-06T03:35:43Z,1
202449,cheap,1,llama-3.2-1b,wq_wo,2048,2048,2048,14106.8,0.0192441,1,-,1,65,2026-10-06T03:36:11Z,1
202449,cheap,1,llama-3.2-1b,wk_wv,2048,512,2048,5330.68,0.0683774,1,-,1,65,2026-10-06T03:36:11Z,1
202449,cheap,1,llama-3.2-1b,w1_w3,2048,8192,2048,55092,0.0173748,1,-,1,65,2026-10-06T03:36:11Z,1
202449,cheap,1,llama-3.2-1b,w2,2048,2048,8192,55848.5,0.0182615,1,-,1,65,2026-10-06T03:36:11Z,1
202451,cheap,1,llama-3.2-1b,wq_wo,2048,2048,2048,597.818,0.0588722,1,-,1,68,2026-10-06T03:36:23Z,1
202451,cheap,1,llama-3.2-1b,wk_wv,2048,512,2048,212.342,0.00494422,1,-,1,68,2026-10-06T03:36:23Z,1
202451,cheap,1,llama-3.2-1b,w1_w3,2048,8192,2048,1969.55,0.0151328,1,-,1,68,2026-10-06T03:36:23Z,1
202451,cheap,1,llama-3.2-1b,w2,2048,2048,8192,2412.96,0.0507719,1,-,1,68,2026-10-06T03:36:23Z,1
202454,cheap,1,llama-3.2-1b,wq_wo,2048,2048,2048,3959.85,0.00317102,1,-,1,67,2026-10-06T03:36:38Z,1
202454,cheap,1,llama-3.2-1b,wk_wv,2048,512,2048,1082.85,0.00996941,1,-,1,67,2026-10-06T03:36:38Z,1
202454,cheap,1,llama-3.2-1b,w1_w3,2048,8192,2048,15797.2,0.00486147,1,-,1,67,2026-10-06T03:36:38Z,1
202454,cheap,1,llama-3.2-1b,w2,2048,2048,8192,15646.9,0.00388243,1,-,1,67,2026-10-06T03:36:38Z,1
202457,cheap,1,llama-3.2-1b,wq_wo,2048,2048,2048,556.816,0.0133079,1,-,1,68,2026-10-06T03:36:49Z,1
202457,cheap,1,llama-3.2-1b,wk_wv,2048,512,2048,134.42,0.00311272,1,-,1,68,2026-10-06T03:36:49Z,1
202457,cheap,1,llama-3.2-1b,w1_w3,2048,8192,2048,2004.05,0.00616515,1,-,1,68,2026-10-06T03:36:49Z,1
202457,cheap,1,llama-3.2-1b,w2,2048,2048,8192,2399.49,0.00931854,1,-,1,68,2026-10-06T03:36:49Z,1
202459,cheap,1,llama-3.2-1b,wq_wo,2048,2048,2048,7369.49,0.0158057,1,-,1,67,2026-10-06T03:37:02Z,1
202459,cheap,1,llama-3.2-1b,wk_wv,2048,512,2048,1967.32,0.0337603,1,-,1,67,2026-10-06T03:37:02Z,1
202459,cheap,1,llama-3.2-1b,w1_w3,2048,8192,2048,28241.7,0.0118014,1,-,1,67,2026-10-06T03:37:02Z,1
202459,cheap,1,llama-3.2-1b,w2,2048,2048,8192,30004.1,0.0179326,1,-,1,67,2026-10-06T03:37:02Z,1
202463,cheap,1,llama-3.2-1b,wq_wo,2048,2048,2048,786.188,0.008603,1,-,1,66,2026-10-06T03:37:16Z,1
202463,cheap,1,llama-3.2-1b,wk_wv,2048,512,2048,187.772,0.00484421,1,-,1,66,2026-10-06T03:37:16Z,1
202463,cheap,1,llama-3.2-1b,w1_w3,2048,8192,2048,2989.69,0.00543593,1,-,1,66,2026-10-06T03:37:16Z,1
202463,cheap,1,llama-3.2-1b,w2,2048,2048,8192,3579.63,0.00871398,1,-,1,66,2026-10-06T03:37:16Z,1
202465,cheap,1,llama-3.2-1b,wq_wo,2048,2048,2048,8523.94,0.00822033,1,-,1,67,2026-10-06T03:37:33Z,1
202465,cheap,1,llama-3.2-1b,wk_wv,2048,512,2048,2035.28,0.017761,1,-,1,67,2026-10-06T03:37:33Z,1
202465,cheap,1,llama-3.2-1b,w1_w3,2048,8192,2048,32001.3,0.00221314,1,-,1,67,2026-10-06T03:37:33Z,1
202465,cheap,1,llama-3.2-1b,w2,2048,2048,8192,34613,0.00653967,1,-,1,67,2026-10-06T03:37:33Z,1
202468,cheap,1,llama-3.2-1b,wq_wo,2048,2048,2048,2493.24,0.0182354,1,-,1,67,2026-10-06T03:37:48Z,1
202468,cheap,1,llama-3.2-1b,wk_wv,2048,512,2048,949.598,0.0342403,1,-,1,67,2026-10-06T03:37:48Z,1
202468,cheap,1,llama-3.2-1b,w1_w3,2048,8192,2048,10284.5,0.0170789,1,-,1,67,2026-10-06T03:37:48Z,1
202468,cheap,1,llama-3.2-1b,w2,2048,2048,8192,9823.76,0.0182326,1,-,1,67,2026-10-06T03:37:48Z,1
202470,cheap,1,llama-3.2-1b,wq_wo,2048,2048,2048,10838.2,0.0398117,1,-,1,66,2026-10-06T03:38:11Z,1
202470,cheap,1,llama-3.2-1b,wk_wv,2048,512,2048,2772.17,0.0561384,1,-,1,66,2026-10-06T03:38:11Z,1
202470,cheap,1,llama-3.2-1b,w1_w3,2048,8192,2048,41779.3,0.024434,1,-,1,66,2026-10-06T03:38:11Z,1
202470,cheap,1,llama-3.2-1b,w2,2048,2048,8192,42541.6,0.0268615,1,-,1,66,2026-10-06T03:38:11Z,1
202473,cheap,1,llama-3.2-1b,wq_wo,2048,2048,2048,8958.51,0.0038725,1,-,1,67,2026-10-06T03:38:26Z,1
202473,cheap,1,llama-3.2-1b,wk_wv,2048,512,2048,1946,0.0231701,1,-,1,67,2026-10-06T03:38:26Z,1
202473,cheap,1,llama-3.2-1b,w1_w3,2048,8192,2048,30677.5,0.00286624,1,-,1,67,2026-10-06T03:38:26Z,1
202473,cheap,1,llama-3.2-1b,w2,2048,2048,8192,36439.4,0.00168941,1,-,1,67,2026-10-06T03:38:26Z,1
202475,cheap,1,llama-3.2-1b,wq_wo,2048,2048,2048,626.912,0.00810794,1,-,1,67,2026-10-06T03:38:37Z,1
202475,cheap,1,llama-3.2-1b,wk_wv,2048,512,2048,187.148,0.00738287,1,-,1,67,2026-10-06T03:38:37Z,1
202475,cheap,1,llama-3.2-1b,w1_w3,2048,8192,2048,2371.82,0.00359,1,-,1,67,2026-10-06T03:38:37Z,1
202475,cheap,1,llama-3.2-1b,w2,2048,2048,8192,2399.64,0.00826468,1,-,1,67,2026-10-06T03:38:37Z,1
202478,cheap,1,llama-3.2-1b,wq_wo,2048,2048,2048,6438.74,0.00991708,1,-,1,66,2026-10-06T03:38:53Z,1
202478,cheap,1,llama-3.2-1b,wk_wv,2048,512,2048,1786.15,0.0121749,1,-,1,66,2026-10-06T03:38:53Z,1
202478,cheap,1,llama-3.2-1b,w1_w3,2048,8192,2048,24333.5,0.00437491,1,-,1,66,2026-10-06T03:38:53Z,1
202478,cheap,1,llama-3.2-1b,w2,2048,2048,8192,25706.6,0.00595442,1,-,1,66,2026-10-06T03:38:53Z,1
202481,cheap,1,llama-3.2-1b,wq_wo,2048,2048,2048,1335.49,0.00978433,1,-,1,67,2026-10-06T03:39:07Z,1
202481,cheap,1,llama-3.2-1b,wk_wv,2048,512,2048,328.328,0.0117285,1,-,1,67,2026-10-06T03:39:07Z,1
202481,cheap,1,llama-3.2-1b,w1_w3,2048,8192,2048,4909.01,0.00543043,1,-,1,67,2026-10-06T03:39:07Z,1
202481,cheap,1,llama-3.2-1b,w2,2048,2048,8192,5190.77,0.009534,1,-,1,67,2026-10-06T03:39:07Z,1
202484,cheap,1,llama-3.2-1b,wq_wo,2048,2048,2048,2468.49,0.0170686,1,-,1,66,2026-10-06T03:39:22Z,1
202484,cheap,1,llama-3.2-1b,wk_wv,2048,512,2048,634.14,0.0224137,1,-,1,66,2026-10-06T03:39:22Z,1
202484,cheap,1,llama-3.2-1b,w1_w3,2048,8192,2048,9665.21,0.0036489,1,-,1,66,2026-10-06T03:39:22Z,1
202484,cheap,1,llama-3.2-1b,w2,2048,2048,8192,10124.1,0.0124802,1,-,1,66,2026-10-06T03:39:22Z,1
202489,cheap,1,llama-3.2-1b,wq_wo,2048,2048,2048,236.808,0.00166856,1,-,1,68,2026-10-06T03:39:35Z,1
202489,cheap,1,llama-3.2-1b,wk_wv,2048,512,2048,64.116,0.0102674,1,-,1,68,2026-10-06T03:39:35Z,1
202489,cheap,1,llama-3.2-1b,w1_w3,2048,8192,2048,975.728,0.00358311,1,-,1,68,2026-10-06T03:39:35Z,1
202489,cheap,1,llama-3.2-1b,w2,2048,2048,8192,989.326,0.00592023,1,-,1,68,2026-10-06T03:39:35Z,1
202492,cheap,1,llama-3.2-1b,wq_wo,2048,2048,2048,6194.71,0.0142703,1,-,1,67,2026-10-06T03:39:51Z,1
202492,cheap,1,llama-3.2-1b,wk_wv,2048,512,2048,1573.23,0.0132856,1,-,1,67,2026-10-06T03:39:51Z,1
202492,cheap,1,llama-3.2-1b,w1_w3,2048,8192,2048,24167.8,0.00932888,1,-,1,67,2026-10-06T03:39:51Z,1
202492,cheap,1,llama-3.2-1b,w2,2048,2048,8192,24616,0.0126855,1,-,1,67,2026-10-06T03:39:51Z,1
202495,cheap,1,llama-3.2-1b,wq_wo,2048,2048,2048,24078.1,0.0097512,1,-,1,66,2026-10-06T03:40:17Z,1
202495,cheap,1,llama-3.2-1b,wk_wv,2048,512,2048,6654.47,0.0157098,1,-,1,66,2026-10-06T03:40:17Z,1
202495,cheap,1,llama-3.2-1b,w1_w3,2048,8192,2048,92280.2,0.00339789,1,-,1,66,2026-10-06T03:40:17Z,1
202495,cheap,1,llama-3.2-1b,w2,2048,2048,8192,96040.3,0.0159537,1,-,1,66,2026-10-06T03:40:17Z,1
202498,cheap,1,llama-3.2-1b,wq_wo,2048,2048,2048,35947.3,0.0160422,1,-,1,66,2026-10-06T03:40:53Z,1
202498,cheap,1,llama-3.2-1b,wk_wv,2048,512,2048,9351.73,0.029578,1,-,1,66,2026-10-06T03:40:53Z,1
202498,cheap,1,llama-3.2-1b,w1_w3,2048,8192,2048,138894,0.00694272,1,-,1,66,2026-10-06T03:40:53Z,1
202498,cheap,1,llama-3.2-1b,w2,2048,2048,8192,145582,0.0104057,1,-,1,66,2026-10-06T03:40:53Z,1
202502,cheap,1,llama-3.2-1b,wq_wo,2048,2048,2048,7630.22,0.036469,1,-,1,67,2026-10-06T03:41:09Z,1
202502,cheap,1,llama-3.2-1b,wk_wv,2048,512,2048,1951.66,0.0444618,1,-,1,67,2026-10-06T03:41:09Z,1
202502,cheap,1,llama-3.2-1b,w1_w3,2048,8192,2048,29517.1,0.0228971,1,-,1,67,2026-10-06T03:41:09Z,1
202502,cheap,1,llama-3.2-1b,w2,2048,2048,8192,29495.6,0.0392358,1,-,1,67,2026-10-06T03:41:09Z,1
202505,cheap,1,llama-3.2-1b,wq_wo,2048,2048,2048,13640.7,0.0109112,1,-,1,66,2026-10-06T03:41:23Z,1
202505,cheap,1,llama-3.2-1b,wk_wv,2048,512,2048,3398.46,0.0299025,1,-,1,66,2026-10-06T03:41:23Z,1
202505,cheap,1,llama-3.2-1b,w1_w3,2048,8192,2048,48782.3,0.00391161,1,-,1,66,2026-10-06T03:41:23Z,1
202505,cheap,1,llama-3.2-1b,w2,2048,2048,8192,54301.6,0.0056212,1,-,1,66,2026-10-06T03:41:23Z,1
202508,cheap,1,llama-3.2-1b,wq_wo,2048,2048,2048,7928,0.00533197,1,-,1,67,2026-10-06T03:41:32Z,1
202508,cheap,1,llama-3.2-1b,wk_wv,2048,512,2048,2317.54,0.0109756,1,-,1,67,2026-10-06T03:41:32Z,1
202508,cheap,1,llama-3.2-1b,w1_w3,2048,8192,2048,30970.3,0.00119558,1,-,1,67,2026-10-06T03:41:32Z,1
202508,cheap,1,llama-3.2-1b,w2,2048,2048,8192,31221.5,0.00420862,1,-,1,67,2026-10-06T03:41:32Z,1
202512,cheap,1,llama-3.2-1b,wq_wo,2048,2048,2048,1284.82,0.00601588,1,-,1,67,2026-10-06T03:41:42Z,1
202512,cheap,1,llama-3.2-1b,wk_wv,2048,512,2048,320.788,0.00952152,1,-,1,67,2026-10-06T03:41:42Z,1
202512,cheap,1,llama-3.2-1b,w1_w3,2048,8192,2048,4248.19,0.00387879,1,-,1,67,2026-10-06T03:41:42Z,1
202512,cheap,1,llama-3.2-1b,w2,2048,2048,8192,5384.13,0.00744464,1,-,1,67,2026-10-06T03:41:42Z,1
202515,cheap,1,llama-3.2-1b,wq_wo,2048,2048,2048,8017.33,0.0322158,1,-,1,66,2026-10-06T03:41:54Z,1
202515,cheap,1,llama-3.2-1b,wk_wv,2048,512,2048,2019.68,0.0366643,1,-,1,66,2026-10-06T03:41:54Z,1
202515,cheap,1,llama-3.2-1b,w1_w3,2048,8192,2048,30982.5,0.0141224,1,-,1,66,2026-10-06T03:41:54Z,1
202515,cheap,1,llama-3.2-1b,w2,2048,2048,8192,31329.8,0.0423949,1,-,1,66,2026-10-06T03:41:54Z,1
202518,cheap,1,llama-3.2-1b,wq_wo,2048,2048,2048,1169.53,0.00303774,1,-,1,68,2026-10-06T03:42:05Z,1
202518,cheap,1,llama-3.2-1b,wk_wv,2048,512,2048,380.536,0.0080577,1,-,1,68,2026-10-06T03:42:05Z,1
202518,cheap,1,llama-3.2-1b,w1_w3,2048,8192,2048,4295.62,0.00219229,1,-,1,68,2026-10-06T03:42:05Z,1
202518,cheap,1,llama-3.2-1b,w2,2048,2048,8192,4836.96,0.00271045,1,-,1,68,2026-10-06T03:42:05Z,1
202521,cheap,1,llama-3.2-1b,wq_wo,2048,2048,2048,412.438,0.0220006,1,-,1,69,2026-10-06T03:42:17Z,1
202521,cheap,1,llama-3.2-1b,wk_wv,2048,512,2048,105.768,0.0113952,1,-,1,69,2026-10-06T03:42:17Z,1
202521,cheap,1,llama-3.2-1b,w1_w3,2048,8192,2048,1495,0.0185422,1,-,1,69,2026-10-06T03:42:17Z,1
202521,cheap,1,llama-3.2-1b,w2,2048,2048,8192,1675.21,0.0259096,1,-,1,69,2026-10-06T03:42:17Z,1
202524,cheap,1,llama-3.2-1b,wq_wo,2048,2048,2048,4604.18,0.0155444,1,-,1,66,2026-10-06T03:42:31Z,1
202524,cheap,1,llama-3.2-1b,wk_wv,2048,512,2048,1222.65,0.0374589,1,-,1,66,2026-10-06T03:42:31Z,1
202524,cheap,1,llama-3.2-1b,w1_w3,2048,8192,2048,17520,0.0110661,1,-,1,66,2026-10-06T03:42:31Z,1
202524,cheap,1,llama-3.2-1b,w2,2048,2048,8192,19636.1,0.0219262,1,-,1,66,2026-10-06T03:42:31Z,1
202526,cheap,1,llama-3.2-1b,wq_wo,2048,2048,2048,225.472,0.00168066,1,-,1,68,2026-10-06T03:42:45Z,1
202526,cheap,1,llama-3.2-1b,wk_wv,2048,512,2048,62.244,0.0101797,1,-,1,68,2026-10-06T03:42:45Z,1
202526,cheap,1,llama-3.2-1b,w1_w3,2048,8192,2048,908.44,0.00523302,1,-,1,68,2026-10-06T03:42:45Z,1
202526,cheap,1,llama-3.2-1b,w2,2048,2048,8192,1010.98,0.00798172,1,-,1,68,2026-10-06T03:42:45Z,1
202530,cheap,1,llama-3.2-1b,wq_wo,2048,2048,2048,2180.2,0.00271169,1,-,1,66,2026-10-06T03:43:00Z,1
202530,cheap,1,llama-3.2-1b,wk_wv,2048,512,2048,548.808,0.00864247,1,-,1,66,2026-10-06T03:43:00Z,1
202530,cheap,1,llama-3.2-1b,w1_w3,2048,8192,2048,8610.58,0.00215213,1,-,1,66,2026-10-06T03:43:00Z,1
202530,cheap,1,llama-3.2-1b,w2,2048,2048,8192,8889.71,0.00218682,1,-,1,66,2026-10-06T03:43:00Z,1
202532,cheap,1,llama-3.2-1b,wq_wo,2048,2048,2048,843.284,0.00241319,1,-,1,67,2026-10-06T03:43:14Z,1
202532,cheap,1,llama-3.2-1b,wk_wv,2048,512,2048,257.556,0.00399634,1,-,1,67,2026-10-06T03:43:14Z,1
202532,cheap,1,llama-3.2-1b,w1_w3,2048,8192,2048,3267.6,0.00274126,1,-,1,67,2026-10-06T03:43:14Z,1
202532,cheap,1,llama-3.2-1b,w2,2048,2048,8192,3710.2,0.00206735,1,-,1,67,2026-10-06T03:43:14Z,1
202535,cheap,1,llama-3.2-1b,wq_wo,2048,2048,2048,3493.67,0.00935779,1,-,1,67,2026-10-06T03:43:29Z,1
202535,cheap,1,llama-3.2-1b,wk_wv,2048,512,2048,854.62,0.0266002,1,-,1,67,2026-10-06T03:43:29Z,1
202535,cheap,1,llama-3.2-1b,w1_w3,2048,8192,2048,12527.9,0.00645301,1,-,1,67,2026-10-06T03:43:29Z,1
202535,cheap,1,llama-3.2-1b,w2,2048,2048,8192,14313.9,0.00689411,1,-,1,67,2026-10-06T03:43:29Z,1
202537,cheap,1,llama-3.2-1b,wq_wo,2048,2048,2048,303.316,0.0194549,1,-,1,68,2026-10-06T03:43:41Z,1
202537,cheap,1,llama-3.2-1b,wk_wv,2048,512,2048,83.46,0.0192423,1,-,1,68,2026-10-06T03:43:41Z,1
202537,cheap,1,llama-3.2-1b,w1_w3,2048,8192,2048,1203.8,0.0179855,1,-,1,68,2026-10-06T03:43:41Z,1
202537,cheap,1,llama-3.2-1b,w2,2048,2048,8192,1284.43,0.0140112,1,-,1,68,2026-10-06T03:43:41Z,1
202539,cheap,1,llama-3.2-1b,wq_wo,2048,2048,2048,392.964,0.00840143,1,-,1,68,2026-10-06T03:43:51Z,1
202539,cheap,1,llama-3.2-1b,wk_wv,2048,512,2048,141.908,0.012827,1,-,1,68,2026-10-06T03:43:51Z,1
202539,cheap,1,llama-3.2-1b,w1_w3,2048,8192,2048,1450.02,0.0117949,1,-,1,68,2026-10-06T03:43:51Z,1
202539,cheap,1,llama-3.2-1b,w2,2048,2048,8192,1571.7,0.0125575,1,-,1,68,2026-10-06T03:43:51Z,1
202544,cheap,1,llama-3.2-1b,wq_wo,2048,2048,2048,292.5,0.00534782,1,-,1,68,2026-10-06T03:44:02Z,1
202544,cheap,1,llama-3.2-1b,wk_wv,2048,512,2048,227.552,0.00365942,1,-,1,68,2026-10-06T03:44:02Z,1
202544,cheap,1,llama-3.2-1b,w1_w3,2048,8192,2048,1325.84,0.0944889,1,-,1,68,2026-10-06T03:44:02Z,1
202544,cheap,1,llama-3.2-1b,w2,2048,2048,8192,1186.77,0.00341659,1,-,1,68,2026-10-06T03:44:02Z,1
202547,cheap,1,llama-3.2-1b,wq_wo,2048,2048,2048,384.8,0.00259133,1,-,1,69,2026-10-06T03:44:09Z,1
202547,cheap,1,llama-3.2-1b,wk_wv,2048,512,2048,101.712,0.00553301,1,-,1,69,2026-10-06T03:44:09Z,1
202547,cheap,1,llama-3.2-1b,w1_w3,2048,8192,2048,1558.73,0.00471072,1,-,1,69,2026-10-06T03:44:09Z,1
202547,cheap,1,llama-3.2-1b,w2,2048,2048,8192,1628.69,0.00766867,1,-,1,69,2026-10-06T03:44:09Z,1
202549,cheap,1,llama-3.2-1b,wq_wo,2048,2048,2048,659.724,0.00647834,1,-,1,69,2026-10-06T03:44:19Z,1
202549,cheap,1,llama-3.2-1b,wk_wv,2048,512,2048,235.664,0.00488928,1,-,1,69,2026-10-06T03:44:19Z,1
202549,cheap,1,llama-3.2-1b,w1_w3,2048,8192,2048,2171.36,0.0106686,1,-,1,69,2026-10-06T03:44:19Z,1
202549,cheap,1,llama-3.2-1b,w2,2048,2048,8192,2649.82,0.00702289,1,-,1,69,2026-10-06T03:44:19Z,1
202554,cheap,1,llama-3.2-1b,wq_wo,2048,2048,2048,618.124,0.00590166,1,-,1,67,2026-10-06T03:44:28Z,1
202554,cheap,1,llama-3.2-1b,wk_wv,2048,512,2048,184.444,0.0188809,1,-,1,67,2026-10-06T03:44:28Z,1
202554,cheap,1,llama-3.2-1b,w1_w3,2048,8192,2048,2354.51,0.0029293,1,-,1,67,2026-10-06T03:44:28Z,1
202554,cheap,1,llama-3.2-1b,w2,2048,2048,8192,2367.69,0.00527957,1,-,1,67,2026-10-06T03:44:28Z,1
202558,cheap,1,llama-3.2-1b,wq_wo,2048,2048,2048,977.522,0.0158106,1,-,1,68,2026-10-06T03:44:37Z,1
202558,cheap,1,llama-3.2-1b,wk_wv,2048,512,2048,218.712,0.00504722,1,-,1,68,2026-10-06T03:44:37Z,1
202558,cheap,1,llama-3.2-1b,w1_w3,2048,8192,2048,3229.33,0.00943463,1,-,1,68,2026-10-06T03:44:37Z,1
202558,cheap,1,llama-3.2-1b,w2,2048,2048,8192,3952.29,0.0117003,1,-,1,68,2026-10-06T03:44:37Z,1
202564,cheap,1,llama-3.2-1b,wq_wo,2048,2048,2048,6724.85,0.0372841,1,-,1,67,2026-10-06T03:44:49Z,1
202564,cheap,1,llama-3.2-1b,wk_wv,2048,512,2048,1704.79,0.0455876,1,-,1,67,2026-10-06T03:44:49Z,1
202564,cheap,1,llama-3.2-1b,w1_w3,2048,8192,2048,25556.8,0.0286582,1,-,1,67,2026-10-06T03:44:49Z,1
202564,cheap,1,llama-3.2-1b,w2,2048,2048,8192,25823,0.0380717,1,-,1,67,2026-10-06T03:44:49Z,1
202566,cheap,1,llama-3.2-1b,wq_wo,2048,2048,2048,980.2,0.00528354,1,-,1,67,2026-10-06T03:45:02Z,1
202566,cheap,1,llama-3.2-1b,wk_wv,2048,512,2048,220.584,0.00404068,1,-,1,67,2026-10-06T03:45:02Z,1
202566,cheap,1,llama-3.2-1b,w1_w3,2048,8192,2048,3401.16,0.00933526,1,-,1,67,2026-10-06T03:45:02Z,1
202566,cheap,1,llama-3.2-1b,w2,2048,2048,8192,3990.19,0.0152168,1,-,1,67,2026-10-06T03:45:02Z,1
202568,cheap,1,llama-3.2-1b,wq_wo,2048,2048,2048,937.144,0.0017655,1,-,1,68,2026-10-06T03:45:10Z,1
202568,cheap,1,llama-3.2-1b,wk_wv,2048,512,2048,278.434,0.00427514,1,-,1,68,2026-10-06T03:45:10Z,1
202568,cheap,1,llama-3.2-1b,w1_w3,2048,8192,2048,3550.4,0.00212516,1,-,1,68,2026-10-06T03:45:10Z,1
202568,cheap,1,llama-3.2-1b,w2,2048,2048,8192,3647.49,0.00281651,1,-,1,68,2026-10-06T03:45:10Z,1
base,cheap,b19,llama-3.2-1b,wq_wo,2048,2048,2048,184.132,0.0136248,1,-,1,68,2026-10-06T03:45:19Z,1
base,cheap,b19,llama-3.2-1b,wk_wv,2048,512,2048,52.78,0.00840851,1,-,1,68,2026-10-06T03:45:19Z,1
base,cheap,b19,llama-3.2-1b,w1_w3,2048,8192,2048,741.13,0.0173917,1,-,1,68,2026-10-06T03:45:19Z,1
base,cheap,b19,llama-3.2-1b,w2,2048,2048,8192,823.94,0.0152428,1,-,1,68,2026-10-06T03:45:19Z,1
202572,cheap,1,llama-3.2-1b,wq_wo,2048,2048,2048,4426.45,0.016257,1,-,1,67,2026-10-06T03:45:35Z,1
202572,cheap,1,llama-3.2-1b,wk_wv,2048,512,2048,1269.06,0.0158273,1,-,1,67,2026-10-06T03:45:35Z,1
202572,cheap,1,llama-3.2-1b,w1_w3,2048,8192,2048,16443.2,0.00865909,1,-,1,67,2026-10-06T03:45:35Z,1
202572,cheap,1,llama-3.2-1b,w2,2048,2048,8192,19406.6,0.0125178,1,-,1,67,2026-10-06T03:45:35Z,1
202574,cheap,1,llama-3.2-1b,wq_wo,2048,2048,2048,9733.44,0.00607865,1,-,1,64,2026-10-06T03:46:05Z,1
202574,cheap,1,llama-3.2-1b,wk_wv,2048,512,2048,6001.01,0.0800258,1,-,1,64,2026-10-06T03:46:05Z,1
202574,cheap,1,llama-3.2-1b,w1_w3,2048,8192,2048,38040.3,0.00341101,1,-,1,64,2026-10-06T03:46:05Z,1
202574,cheap,1,llama-3.2-1b,w2,2048,2048,8192,37561.6,0.00629221,1,-,1,64,2026-10-06T03:46:05Z,1
202576,cheap,1,llama-3.2-1b,wq_wo,2048,2048,2048,14711.8,0.00401456,1,-,1,63,2026-10-06T03:48:03Z,1
202576,cheap,1,llama-3.2-1b,wk_wv,2048,512,2048,9756.19,0.0796562,1,-,1,63,2026-10-06T03:48:03Z,1
202576,cheap,1,llama-3.2-1b,w1_w3,2048,8192,2048,58298.8,0.00232012,1,-,1,63,2026-10-06T03:48:03Z,1
202576,cheap,1,llama-3.2-1b,w2,2048,2048,8192,57908.9,0.00545855,1,-,1,63,2026-10-06T03:48:03Z,1
202578,cheap,1,llama-3.2-1b,wq_wo,2048,2048,2048,9945.21,0.0306191,1,-,1,65,2026-10-06T03:48:17Z,1
202578,cheap,1,llama-3.2-1b,wk_wv,2048,512,2048,2478.94,0.0296049,1,-,1,65,2026-10-06T03:48:17Z,1
202578,cheap,1,llama-3.2-1b,w1_w3,2048,8192,2048,37631.7,0.0246685,1,-,1,65,2026-10-06T03:48:17Z,1
202578,cheap,1,llama-3.2-1b,w2,2048,2048,8192,39532.5,0.0201551,1,-,1,65,2026-10-06T03:48:17Z,1
202581,cheap,1,llama-3.2-1b,wq_wo,2048,2048,2048,1060.49,0.0456126,1,-,1,66,2026-10-06T03:48:25Z,1
202581,cheap,1,llama-3.2-1b,wk_wv,2048,512,2048,577.096,0.00613755,1,-,1,66,2026-10-06T03:48:25Z,1
202581,cheap,1,llama-3.2-1b,w1_w3,2048,8192,2048,4094.64,0.0353407,1,-,1,66,2026-10-06T03:48:25Z,1
202581,cheap,1,llama-3.2-1b,w2,2048,2048,8192,4126.02,0.0507391,1,-,1,66,2026-10-06T03:48:25Z,1
202583,cheap,1,llama-3.2-1b,wq_wo,2048,2048,2048,9111.96,0.0203733,1,-,1,66,2026-10-06T03:48:45Z,1
202583,cheap,1,llama-3.2-1b,wk_wv,2048,512,2048,3574.71,0.0532472,1,-,1,66,2026-10-06T03:48:45Z,1
202583,cheap,1,llama-3.2-1b,w1_w3,2048,8192,2048,35830.4,0.0143509,1,-,1,66,2026-10-06T03:48:45Z,1
202583,cheap,1,llama-3.2-1b,w2,2048,2048,8192,35810.8,0.0174037,1,-,1,66,2026-10-06T03:48:45Z,1
202586,cheap,1,llama-3.2-1b,wq_wo,2048,2048,2048,3590.6,0.0191762,1,-,1,67,2026-10-06T03:48:53Z,1
202586,cheap,1,llama-3.2-1b,wk_wv,2048,512,2048,997.074,0.0255483,1,-,1,67,2026-10-06T03:48:53Z,1
202586,cheap,1,llama-3.2-1b,w1_w3,2048,8192,2048,13852.7,0.00831679,1,-,1,67,2026-10-06T03:48:53Z,1
202586,cheap,1,llama-3.2-1b,w2,2048,2048,8192,12376.5,0.00388138,1,-,1,67,2026-10-06T03:48:53Z,1
202588,cheap,1,llama-3.2-1b,wq_wo,2048,2048,2048,7127.54,0.00819727,1,-,1,67,2026-10-06T03:49:03Z,1
202588,cheap,1,llama-3.2-1b,wk_wv,2048,512,2048,1797.64,0.0193263,1,-,1,67,2026-10-06T03:49:03Z,1
202588,cheap,1,llama-3.2-1b,w1_w3,2048,8192,2048,28433.3,0.00269608,1,-,1,67,2026-10-06T03:49:03Z,1
202588,cheap,1,llama-3.2-1b,w2,2048,2048,8192,28180.3,0.0156261,1,-,1,67,2026-10-06T03:49:03Z,1
202590,cheap,1,llama-3.2-1b,wq_wo,2048,2048,2048,10983.8,0.00973315,1,-,1,67,2026-10-06T03:49:18Z,1
202590,cheap,1,llama-3.2-1b,wk_wv,2048,512,2048,4142.19,0.0255222,1,-,1,67,2026-10-06T03:49:18Z,1
202590,cheap,1,llama-3.2-1b,w1_w3,2048,8192,2048,44072.6,0.0133931,1,-,1,67,2026-10-06T03:49:18Z,1
202590,cheap,1,llama-3.2-1b,w2,2048,2048,8192,43561.5,0.013853,1,-,1,67,2026-10-06T03:49:18Z,1
202592,cheap,1,llama-3.2-1b,wq_wo,2048,2048,2048,351.676,0.0253704,1,-,1,67,2026-10-06T03:49:31Z,1
202592,cheap,1,llama-3.2-1b,wk_wv,2048,512,2048,93.834,0.159935,1,-,1,67,2026-10-06T03:49:31Z,1
202592,cheap,1,llama-3.2-1b,w1_w3,2048,8192,2048,1420.22,0.0106415,1,-,1,67,2026-10-06T03:49:31Z,1
202592,cheap,1,llama-3.2-1b,w2,2048,2048,8192,1422.43,0.0313309,1,-,1,67,2026-10-06T03:49:31Z,1
202594,cheap,1,llama-3.2-1b,wq_wo,2048,2048,2048,373.776,0.00718855,1,-,1,68,2026-10-06T03:49:46Z,1
202594,cheap,1,llama-3.2-1b,wk_wv,2048,512,2048,113.178,0.0111278,1,-,1,68,2026-10-06T03:49:46Z,1
202594,cheap,1,llama-3.2-1b,w1_w3,2048,8192,2048,1379.66,0.00635579,1,-,1,68,2026-10-06T03:49:46Z,1
202594,cheap,1,llama-3.2-1b,w2,2048,2048,8192,1814.59,0.00806648,1,-,1,68,2026-10-06T03:49:46Z,1
202596,cheap,1,llama-3.2-1b,wq_wo,2048,2048,2048,4549.22,0.02537,1,-,1,68,2026-10-06T03:50:01Z,1
202596,cheap,1,llama-3.2-1b,wk_wv,2048,512,2048,1253.93,0.0422362,1,-,1,68,2026-10-06T03:50:01Z,1
202596,cheap,1,llama-3.2-1b,w1_w3,2048,8192,2048,17227.2,0.0135338,1,-,1,68,2026-10-06T03:50:01Z,1
202596,cheap,1,llama-3.2-1b,w2,2048,2048,8192,18683.3,0.0256017,1,-,1,68,2026-10-06T03:50:01Z,1
202598,cheap,1,llama-3.2-1b,wq_wo,2048,2048,2048,1302.03,0.0114078,1,-,1,68,2026-10-06T03:50:16Z,1
202598,cheap,1,llama-3.2-1b,wk_wv,2048,512,2048,316.94,0.02904,1,-,1,68,2026-10-06T03:50:16Z,1
202598,cheap,1,llama-3.2-1b,w1_w3,2048,8192,2048,4712.73,0.00990497,1,-,1,68,2026-10-06T03:50:16Z,1
202598,cheap,1,llama-3.2-1b,w2,2048,2048,8192,5193.34,0.0154944,1,-,1,68,2026-10-06T03:50:16Z,1
202600,cheap,1,llama-3.2-1b,wq_wo,2048,2048,2048,23946.3,0.040096,1,-,1,65,2026-10-06T03:51:10Z,1
202600,cheap,1,llama-3.2-1b,wk_wv,2048,512,2048,6084.94,0.0764249,1,-,1,65,2026-10-06T03:51:10Z,1
202600,cheap,1,llama-3.2-1b,w1_w3,2048,8192,2048,90341.4,0.0132341,1,-,1,65,2026-10-06T03:51:10Z,1
202600,cheap,1,llama-3.2-1b,w2,2048,2048,8192,95453,0.0288513,1,-,1,65,2026-10-06T03:51:10Z,1
202602,cheap,1,llama-3.2-1b,wq_wo,2048,2048,2048,1816.57,0.0135239,1,-,1,67,2026-10-06T03:51:24Z,1
202602,cheap,1,llama-3.2-1b,wk_wv,2048,512,2048,441.688,0.0219958,1,-,1,67,2026-10-06T03:51:24Z,1
202602,cheap,1,llama-3.2-1b,w1_w3,2048,8192,2048,6885.48,0.0108868,1,-,1,67,2026-10-06T03:51:24Z,1
202602,cheap,1,llama-3.2-1b,w2,2048,2048,8192,6969.33,0.0152008,1,-,1,67,2026-10-06T03:51:24Z,1
202608,cheap,1,llama-3.2-1b,wq_wo,2048,2048,2048,3527.21,0.0123717,1,-,1,67,2026-10-06T03:51:39Z,1
202608,cheap,1,llama-3.2-1b,wk_wv,2048,512,2048,997.958,0.0112788,1,-,1,67,2026-10-06T03:51:39Z,1
202608,cheap,1,llama-3.2-1b,w1_w3,2048,8192,2048,13182.3,0.00634282,1,-,1,67,2026-10-06T03:51:39Z,1
202608,cheap,1,llama-3.2-1b,w2,2048,2048,8192,14267.5,0.0113065,1,-,1,67,2026-10-06T03:51:39Z,1
202612,cheap,1,llama-3.2-1b,wq_wo,2048,2048,2048,3418.06,0.0165051,1,-,1,67,2026-10-06T03:51:55Z,1
202612,cheap,1,llama-3.2-1b,wk_wv,2048,512,2048,1012.44,0.040065,1,-,1,67,2026-10-06T03:51:55Z,1
202612,cheap,1,llama-3.2-1b,w1_w3,2048,8192,2048,14464.8,0.00975368,1,-,1,67,2026-10-06T03:51:55Z,1
202612,cheap,1,llama-3.2-1b,w2,2048,2048,8192,13397.3,0.0161542,1,-,1,67,2026-10-06T03:51:55Z,1
202614,cheap,1,llama-3.2-1b,wq_wo,2048,2048,2048,9083.78,0.0188984,1,-,1,66,2026-10-06T03:52:19Z,1
202614,cheap,1,llama-3.2-1b,wk_wv,2048,512,2048,3516.92,0.0438228,1,-,1,66,2026-10-06T03:52:19Z,1
202614,cheap,1,llama-3.2-1b,w1_w3,2048,8192,2048,35596.2,0.0163785,1,-,1,66,2026-10-06T03:52:19Z,1
202614,cheap,1,llama-3.2-1b,w2,2048,2048,8192,35169,0.0219589,1,-,1,66,2026-10-06T03:52:19Z,1
202616,cheap,1,llama-3.2-1b,wq_wo,2048,2048,2048,10944.2,0.0158701,1,-,1,67,2026-10-06T03:52:28Z,1
202616,cheap,1,llama-3.2-1b,wk_wv,2048,512,2048,2913.66,0.0230902,1,-,1,67,2026-10-06T03:52:28Z,1
202616,cheap,1,llama-3.2-1b,w1_w3,2048,8192,2048,42066.5,0.00958289,1,-,1,67,2026-10-06T03:52:28Z,1
202616,cheap,1,llama-3.2-1b,w2,2048,2048,8192,43999,0.00996191,1,-,1,67,2026-10-06T03:52:28Z,1
202618,cheap,1,llama-3.2-1b,wq_wo,2048,2048,2048,697.086,0.0036043,1,-,1,68,2026-10-06T03:52:39Z,1
202618,cheap,1,llama-3.2-1b,wk_wv,2048,512,2048,206.336,0.00710935,1,-,1,68,2026-10-06T03:52:39Z,1
202618,cheap,1,llama-3.2-1b,w1_w3,2048,8192,2048,2647.58,0.0031085,1,-,1,68,2026-10-06T03:52:39Z,1
202618,cheap,1,llama-3.2-1b,w2,2048,2048,8192,2960.23,0.0042632,1,-,1,68,2026-10-06T03:52:39Z,1
202624,cheap,1,llama-3.2-1b,wq_wo,2048,2048,2048,4616.09,0.01241,1,-,1,67,2026-10-06T03:52:49Z,1
202624,cheap,1,llama-3.2-1b,wk_wv,2048,512,2048,1122,0.034145,1,-,1,67,2026-10-06T03:52:49Z,1
202624,cheap,1,llama-3.2-1b,w1_w3,2048,8192,2048,16294.1,0.010825,1,-,1,67,2026-10-06T03:52:49Z,1
202624,cheap,1,llama-3.2-1b,w2,2048,2048,8192,18342,0.011111,1,-,1,67,2026-10-06T03:52:49Z,1
202628,cheap,1,llama-3.2-1b,wq_wo,2048,2048,2048,5327.17,0.022822,1,-,1,67,2026-10-06T03:53:00Z,1
202628,cheap,1,llama-3.2-1b,wk_wv,2048,512,2048,1974.08,0.0403204,1,-,1,67,2026-10-06T03:53:00Z,1
202628,cheap,1,llama-3.2-1b,w1_w3,2048,8192,2048,19539.7,0.0111819,1,-,1,67,2026-10-06T03:53:00Z,1
202628,cheap,1,llama-3.2-1b,w2,2048,2048,8192,21032.7,0.0186015,1,-,1,67,2026-10-06T03:53:00Z,1
202631,cheap,1,llama-3.2-1b,wq_wo,2048,2048,2048,18382.2,0.0303201,1,-,1,66,2026-10-06T03:53:26Z,1
202631,cheap,1,llama-3.2-1b,wk_wv,2048,512,2048,4856.05,0.0780286,1,-,1,66,2026-10-06T03:53:26Z,1
202631,cheap,1,llama-3.2-1b,w1_w3,2048,8192,2048,69775.1,0.0138057,1,-,1,66,2026-10-06T03:53:26Z,1
202631,cheap,1,llama-3.2-1b,w2,2048,2048,8192,73031.1,0.0101078,1,-,1,66,2026-10-06T03:53:26Z,1
202635,cheap,1,llama-3.2-1b,wq_wo,2048,2048,2048,380.12,0.00331214,1,-,1,68,2026-10-06T03:53:34Z,1
202635,cheap,1,llama-3.2-1b,wk_wv,2048,512,2048,126.62,0.0074582,1,-,1,68,2026-10-06T03:53:34Z,1
202635,cheap,1,llama-3.2-1b,w1_w3,2048,8192,2048,1391.49,0.00896804,1,-,1,68,2026-10-06T03:53:34Z,1
202635,cheap,1,llama-3.2-1b,w2,2048,2048,8192,1717.35,0.00841268,1,-,1,68,2026-10-06T03:53:34Z,1
202637,cheap,1,llama-3.2-1b,wq_wo,2048,2048,2048,1612.83,0.0039779,1,-,1,68,2026-10-06T03:53:42Z,1
202637,cheap,1,llama-3.2-1b,wk_wv,2048,512,2048,444.34,0.00527328,1,-,1,68,2026-10-06T03:53:42Z,1
202637,cheap,1,llama-3.2-1b,w1_w3,2048,8192,2048,6190.86,0.00633223,1,-,1,68,2026-10-06T03:53:42Z,1
202637,cheap,1,llama-3.2-1b,w2,2048,2048,8192,6015.07,0.00657864,1,-,1,68,2026-10-06T03:53:42Z,1
202639,cheap,1,llama-3.2-1b,wq_wo,2048,2048,2048,698.932,0.00415157,1,-,1,69,2026-10-06T03:53:51Z,1
202639,cheap,1,llama-3.2-1b,wk_wv,2048,512,2048,239.096,0.00676193,1,-,1,69,2026-10-06T03:53:51Z,1
202639,cheap,1,llama-3.2-1b,w1_w3,2048,8192,2048,2506.3,0.00354717,1,-,1,69,2026-10-06T03:53:51Z,1
202639,cheap,1,llama-3.2-1b,w2,2048,2048,8192,2887.4,0.0043802,1,-,1,69,2026-10-06T03:53:51Z,1
202642,cheap,1,llama-3.2-1b,wq_wo,2048,2048,2048,6656.34,0.0081124,1,-,1,67,2026-10-06T03:54:03Z,1
202642,cheap,1,llama-3.2-1b,wk_wv,2048,512,2048,2631.51,0.081856,1,-,1,67,2026-10-06T03:54:03Z,1
202642,cheap,1,llama-3.2-1b,w1_w3,2048,8192,2048,26515.9,0.00636699,1,-,1,67,2026-10-06T03:54:03Z,1
202642,cheap,1,llama-3.2-1b,w2,2048,2048,8192,26346.9,0.0075735,1,-,1,67,2026-10-06T03:54:03Z,1
202645,cheap,1,llama-3.2-1b,wq_wo,2048,2048,2048,4569.92,0.0143804,1,-,1,67,2026-10-06T03:54:12Z,1
202645,cheap,1,llama-3.2-1b,wk_wv,2048,512,2048,1299.27,0.0273369,1,-,1,67,2026-10-06T03:54:12Z,1
202645,cheap,1,llama-3.2-1b,w1_w3,2048,8192,2048,17273.4,0.00961024,1,-,1,67,2026-10-06T03:54:12Z,1
202645,cheap,1,llama-3.2-1b,w2,2048,2048,8192,18309.6,0.0153669,1,-,1,67,2026-10-06T03:54:12Z,1
202648,cheap,1,llama-3.2-1b,wq_wo,2048,2048,2048,357.864,0.0203267,1,-,1,69,2026-10-06T03:54:19Z,1
202648,cheap,1,llama-3.2-1b,wk_wv,2048,512,2048,122.356,0.0157307,1,-,1,69,2026-10-06T03:54:19Z,1
202648,cheap,1,llama-3.2-1b,w1_w3,2048,8192,2048,1380.34,0.0198717,1,-,1,69,2026-10-06T03:54:19Z,1
202648,cheap,1,llama-3.2-1b,w2,2048,2048,8192,1565.3,0.0124134,1,-,1,69,2026-10-06T03:54:19Z,1
202650,cheap,1,llama-3.2-1b,wq_wo,2048,2048,2048,11842.1,0.0572409,1,-,1,64,2026-10-06T03:56:12Z,1
202650,cheap,1,llama-3.2-1b,wk_wv,2048,512,2048,8307.26,0.00418155,1,-,1,64,2026-10-06T03:56:12Z,1
202650,cheap,1,llama-3.2-1b,w1_w3,2048,8192,2048,44294.1,0.0229299,1,-,1,64,2026-10-06T03:56:12Z,1
202650,cheap,1,llama-3.2-1b,w2,2048,2048,8192,45992.2,0.0610758,1,-,1,64,2026-10-06T03:56:12Z,1
202656,cheap,1,llama-3.2-1b,wq_wo,2048,2048,2048,366.756,0.00743519,1,-,1,68,2026-10-06T03:56:22Z,1
202656,cheap,1,llama-3.2-1b,wk_wv,2048,512,2048,85.904,0.0112405,1,-,1,68,2026-10-06T03:56:22Z,1
202656,cheap,1,llama-3.2-1b,w1_w3,2048,8192,2048,1272.91,0.0142515,1,-,1,68,2026-10-06T03:56:22Z,1
202656,cheap,1,llama-3.2-1b,w2,2048,2048,8192,1371.76,0.0138557,1,-,1,68,2026-10-06T03:56:22Z,1
202658,cheap,1,llama-3.2-1b,wq_wo,2048,2048,2048,1635.22,0.00336855,1,-,1,68,2026-10-06T03:56:33Z,1
202658,cheap,1,llama-3.2-1b,wk_wv,2048,512,2048,388.492,0.0103586,1,-,1,68,2026-10-06T03:56:33Z,1
202658,cheap,1,llama-3.2-1b,w1_w3,2048,8192,2048,6253.42,0.00589284,1,-,1,68,2026-10-06T03:56:33Z,1
202658,cheap,1,llama-3.2-1b,w2,2048,2048,8192,7916.64,0.0026013,1,-,1,68,2026-10-06T03:56:33Z,1
202662,cheap,1,llama-3.2-1b,wq_wo,2048,2048,2048,4900.97,0.0367837,1,-,1,67,2026-10-06T03:56:46Z,1
202662,cheap,1,llama-3.2-1b,wk_wv,2048,512,2048,1290.28,0.0503953,1,-,1,67,2026-10-06T03:56:46Z,1
202662,cheap,1,llama-3.2-1b,w1_w3,2048,8192,2048,18481.9,0.0226516,1,-,1,67,2026-10-06T03:56:46Z,1
202662,cheap,1,llama-3.2-1b,w2,2048,2048,8192,19657.2,0.0384835,1,-,1,67,2026-10-06T03:56:46Z,1
202665,cheap,1,llama-3.2-1b,wq_wo,2048,2048,2048,436.956,0.00661119,1,-,1,67,2026-10-06T03:57:01Z,1
202665,cheap,1,llama-3.2-1b,wk_wv,2048,512,2048,133.432,0.00828616,1,-,1,67,2026-10-06T03:57:01Z,1
202665,cheap,1,llama-3.2-1b,w1_w3,2048,8192,2048,1723.33,0.00297067,1,-,1,67,2026-10-06T03:57:01Z,1
202665,cheap,1,llama-3.2-1b,w2,2048,2048,8192,1859.23,0.00609545,1,-,1,67,2026-10-06T03:57:01Z,1
202668,cheap,1,llama-3.2-1b,wq_wo,2048,2048,2048,2196.22,0.00577709,1,-,1,67,2026-10-06T03:57:13Z,1
202668,cheap,1,llama-3.2-1b,wk_wv,2048,512,2048,633.36,0.00779431,1,-,1,67,2026-10-06T03:57:13Z,1
202668,cheap,1,llama-3.2-1b,w1_w3,2048,8192,2048,7651.44,0.00732651,1,-,1,67,2026-10-06T03:57:13Z,1
202668,cheap,1,llama-3.2-1b,w2,2048,2048,8192,8998.6,0.00338232,1,-,1,67,2026-10-06T03:57:13Z,1
202670,cheap,1,llama-3.2-1b,wq_wo,2048,2048,2048,1682.41,0.00604883,1,-,1,67,2026-10-06T03:57:27Z,1
202670,cheap,1,llama-3.2-1b,wk_wv,2048,512,2048,421.72,0.00517513,1,-,1,67,2026-10-06T03:57:27Z,1
202670,cheap,1,llama-3.2-1b,w1_w3,2048,8192,2048,6481.18,0.00282995,1,-,1,67,2026-10-06T03:57:27Z,1
202670,cheap,1,llama-3.2-1b,w2,2048,2048,8192,7523.36,0.00284244,1,-,1,67,2026-10-06T03:57:27Z,1
202672,cheap,1,llama-3.2-1b,wq_wo,2048,2048,2048,4824.56,0.0193385,1,-,1,67,2026-10-06T03:57:40Z,1
202672,cheap,1,llama-3.2-1b,wk_wv,2048,512,2048,1214.36,0.017254,1,-,1,67,2026-10-06T03:57:40Z,1
202672,cheap,1,llama-3.2-1b,w1_w3,2048,8192,2048,19208.4,0.0153113,1,-,1,67,2026-10-06T03:57:40Z,1
202672,cheap,1,llama-3.2-1b,w2,2048,2048,8192,18907.4,0.0164163,1,-,1,67,2026-10-06T03:57:40Z,1
202675,cheap,1,llama-3.2-1b,wq_wo,2048,2048,2048,4884.05,0.0294433,1,-,1,67,2026-10-06T03:57:56Z,1
202675,cheap,1,llama-3.2-1b,wk_wv,2048,512,2048,1252.63,0.0393243,1,-,1,67,2026-10-06T03:57:56Z,1
202675,cheap,1,llama-3.2-1b,w1_w3,2048,8192,2048,18065.6,0.0251073,1,-,1,67,2026-10-06T03:57:56Z,1
202675,cheap,1,llama-3.2-1b,w2,2048,2048,8192,19388.2,0.0298197,1,-,1,67,2026-10-06T03:57:56Z,1
202679,cheap,1,llama-3.2-1b,wq_wo,2048,2048,2048,822.588,0.0172516,1,-,1,67,2026-10-06T03:58:09Z,1
202679,cheap,1,llama-3.2-1b,wk_wv,2048,512,2048,325.208,0.0331772,1,-,1,67,2026-10-06T03:58:09Z,1
202679,cheap,1,llama-3.2-1b,w1_w3,2048,8192,2048,3377.04,0.0136514,1,-,1,67,2026-10-06T03:58:09Z,1
202679,cheap,1,llama-3.2-1b,w2,2048,2048,8192,3134.98,0.0199585,1,-,1,67,2026-10-06T03:58:09Z,1
202683,cheap,1,llama-3.2-1b,wq_wo,2048,2048,2048,7639.37,0.00936045,1,-,1,66,2026-10-06T03:58:33Z,1
202683,cheap,1,llama-3.2-1b,wk_wv,2048,512,2048,3724.55,0.0501665,1,-,1,66,2026-10-06T03:58:33Z,1
202683,cheap,1,llama-3.2-1b,w1_w3,2048,8192,2048,29611.2,0.0108926,1,-,1,66,2026-10-06T03:58:33Z,1
202683,cheap,1,llama-3.2-1b,w2,2048,2048,8192,29578.5,0.013274,1,-,1,66,2026-10-06T03:58:33Z,1
202685,cheap,1,llama-3.2-1b,wq_wo,2048,2048,2048,11667.1,0.0176078,1,-,1,66,2026-10-06T03:58:52Z,1
202685,cheap,1,llama-3.2-1b,wk_wv,2048,512,2048,3394.72,0.0485927,1,-,1,66,2026-10-06T03:58:52Z,1
202685,cheap,1,llama-3.2-1b,w1_w3,2048,8192,2048,41961.5,0.00903024,1,-,1,66,2026-10-06T03:58:52Z,1
202685,cheap,1,llama-3.2-1b,w2,2048,2048,8192,44925.1,0.0191442,1,-,1,66,2026-10-06T03:58:52Z,1
202688,cheap,1,llama-3.2-1b,wq_wo,2048,2048,2048,5958.39,0.0114213,1,-,1,67,2026-10-06T03:59:07Z,1
202688,cheap,1,llama-3.2-1b,wk_wv,2048,512,2048,1464.84,0.0323205,1,-,1,67,2026-10-06T03:59:07Z,1
202688,cheap,1,llama-3.2-1b,w1_w3,2048,8192,2048,21022.6,0.0122586,1,-,1,67,2026-10-06T03:59:07Z,1
202688,cheap,1,llama-3.2-1b,w2,2048,2048,8192,24088.2,0.00735242,1,-,1,67,2026-10-06T03:59:07Z,1
202690,cheap,1,llama-3.2-1b,wq_wo,2048,2048,2048,297.908,0.00450924,1,-,1,68,2026-10-06T03:59:22Z,1
202690,cheap,1,llama-3.2-1b,wk_wv,2048,512,2048,80.444,0.0103048,1,-,1,68,2026-10-06T03:59:22Z,1
202690,cheap,1,llama-3.2-1b,w1_w3,2048,8192,2048,1198.83,0.0137883,1,-,1,68,2026-10-06T03:59:22Z,1
202690,cheap,1,llama-3.2-1b,w2,2048,2048,8192,1240.3,0.00634324,1,-,1,68,2026-10-06T03:59:22Z,1
202692,cheap,1,llama-3.2-1b,wq_wo,2048,2048,2048,353.08,0.0184414,1,-,1,69,2026-10-06T03:59:35Z,1
202692,cheap,1,llama-3.2-1b,wk_wv,2048,512,2048,95.888,0.017416,1,-,1,69,2026-10-06T03:59:35Z,1
202692,cheap,1,llama-3.2-1b,w1_w3,2048,8192,2048,1202.24,0.0226104,1,-,1,69,2026-10-06T03:59:35Z,1
202692,cheap,1,llama-3.2-1b,w2,2048,2048,8192,1513.93,0.0154462,1,-,1,69,2026-10-06T03:59:35Z,1
202695,cheap,1,llama-3.2-1b,wq_wo,2048,2048,2048,4297.67,0.0170122,1,-,1,67,2026-10-06T03:59:51Z,1
202695,cheap,1,llama-3.2-1b,wk_wv,2048,512,2048,1186.02,0.0407206,1,-,1,67,2026-10-06T03:59:51Z,1
202695,cheap,1,llama-3.2-1b,w1_w3,2048,8192,2048,18791,0.00734469,1,-,1,67,2026-10-06T03:59:51Z,1
202695,cheap,1,llama-3.2-1b,w2,2048,2048,8192,17085.7,0.0172962,1,-,1,67,2026-10-06T03:59:51Z,1
202698,cheap,1,llama-3.2-1b,wq_wo,2048,2048,2048,4199.52,0.0207661,1,-,1,68,2026-10-06T04:00:06Z,1
202698,cheap,1,llama-3.2-1b,wk_wv,2048,512,2048,1492.71,0.0457769,1,-,1,68,2026-10-06T04:00:06Z,1
202698,cheap,1,llama-3.2-1b,w1_w3,2048,8192,2048,16112.6,0.00881403,1,-,1,68,2026-10-06T04:00:06Z,1
202698,cheap,1,llama-3.2-1b,w2,2048,2048,8192,16161.7,0.021344,1,-,1,68,2026-10-06T04:00:06Z,1
202700,cheap,1,llama-3.2-1b,wq_wo,2048,2048,2048,33313.9,0.00838655,1,-,1,67,2026-10-06T04:00:24Z,1
202700,cheap,1,llama-3.2-1b,wk_wv,2048,512,2048,9243.78,0.0114436,1,-,1,67,2026-10-06T04:00:24Z,1
202700,cheap,1,llama-3.2-1b,w1_w3,2048,8192,2048,126355,0.000790127,1,-,1,67,2026-10-06T04:00:24Z,1
202700,cheap,1,llama-3.2-1b,w2,2048,2048,8192,133217,0.00436393,1,-,1,67,2026-10-06T04:00:24Z,1
202703,cheap,1,llama-3.2-1b,wq_wo,2048,2048,2048,626.912,0.00825578,1,-,1,68,2026-10-06T04:00:33Z,1
202703,cheap,1,llama-3.2-1b,wk_wv,2048,512,2048,187.044,0.00730761,1,-,1,68,2026-10-06T04:00:33Z,1
202703,cheap,1,llama-3.2-1b,w1_w3,2048,8192,2048,2373.07,0.00335821,1,-,1,68,2026-10-06T04:00:33Z,1
202703,cheap,1,llama-3.2-1b,w2,2048,2048,8192,2403.75,0.00736252,1,-,1,68,2026-10-06T04:00:33Z,1
202707,cheap,1,llama-3.2-1b,wq_wo,2048,2048,2048,2001.01,0.0199498,1,-,1,69,2026-10-06T04:00:41Z,1
202707,cheap,1,llama-3.2-1b,wk_wv,2048,512,2048,730.912,0.0288251,1,-,1,69,2026-10-06T04:00:41Z,1
202707,cheap,1,llama-3.2-1b,w1_w3,2048,8192,2048,8295.72,0.0162614,1,-,1,69,2026-10-06T04:00:41Z,1
202707,cheap,1,llama-3.2-1b,w2,2048,2048,8192,7980.05,0.0281417,1,-,1,69,2026-10-06T04:00:41Z,1
202709,cheap,1,llama-3.2-1b,wq_wo,2048,2048,2048,10595.9,0.00975823,1,-,1,67,2026-10-06T04:00:54Z,1
202709,cheap,1,llama-3.2-1b,wk_wv,2048,512,2048,2699.92,0.0125888,1,-,1,67,2026-10-06T04:00:54Z,1
202709,cheap,1,llama-3.2-1b,w1_w3,2048,8192,2048,41110.8,0.0087693,1,-,1,67,2026-10-06T04:00:54Z,1
202709,cheap,1,llama-3.2-1b,w2,2048,2048,8192,42340.3,0.00632904,1,-,1,67,2026-10-06T04:00:54Z,1
base,cheap,b20,llama-3.2-1b,wq_wo,2048,2048,2048,184.08,0.0115941,1,-,1,69,2026-10-06T04:01:02Z,1
base,cheap,b20,llama-3.2-1b,wk_wv,2048,512,2048,52.728,0.00828873,1,-,1,69,2026-10-06T04:01:02Z,1
base,cheap,b20,llama-3.2-1b,w1_w3,2048,8192,2048,740.584,0.0175512,1,-,1,69,2026-10-06T04:01:02Z,1
base,cheap,b20,llama-3.2-1b,w2,2048,2048,8192,823.784,0.0155757,1,-,1,69,2026-10-06T04:01:02Z,1
202711,cheap,1,llama-3.2-1b,wq_wo,2048,2048,2048,5739.66,0.040346,1,-,1,67,2026-10-06T04:01:11Z,1
202711,cheap,1,llama-3.2-1b,wk_wv,2048,512,2048,1435.82,0.073094,1,-,1,67,2026-10-06T04:01:11Z,1
202711,cheap,1,llama-3.2-1b,w1_w3,2048,8192,2048,22938.9,0.00373617,1,-,1,67,2026-10-06T04:01:11Z,1
202711,cheap,1,llama-3.2-1b,w2,2048,2048,8192,23081.3,0.0328581,1,-,1,67,2026-10-06T04:01:11Z,1
202717,cheap,1,llama-3.2-1b,wq_wo,2048,2048,2048,24310.9,0.0155152,1,-,1,66,2026-10-06T04:01:35Z,1
202717,cheap,1,llama-3.2-1b,wk_wv,2048,512,2048,6152.46,0.0263306,1,-,1,66,2026-10-06T04:01:35Z,1
202717,cheap,1,llama-3.2-1b,w1_w3,2048,8192,2048,95706.7,0.0131095,1,-,1,66,2026-10-06T04:01:35Z,1
202717,cheap,1,llama-3.2-1b,w2,2048,2048,8192,98813.7,0.0134138,1,-,1,66,2026-10-06T04:01:35Z,1
202719,cheap,1,llama-3.2-1b,wq_wo,2048,2048,2048,2987.79,0.0172219,1,-,1,68,2026-10-06T04:01:45Z,1
202719,cheap,1,llama-3.2-1b,wk_wv,2048,512,2048,818.09,0.0414353,1,-,1,68,2026-10-06T04:01:45Z,1
202719,cheap,1,llama-3.2-1b,w1_w3,2048,8192,2048,13199.3,0.0111295,1,-,1,68,2026-10-06T04:01:45Z,1
202719,cheap,1,llama-3.2-1b,w2,2048,2048,8192,11946.6,0.0141457,1,-,1,68,2026-10-06T04:01:45Z,1
202724,cheap,1,llama-3.2-1b,wq_wo,2048,2048,2048,955.916,0.00904981,1,-,1,68,2026-10-06T04:01:54Z,1
202724,cheap,1,llama-3.2-1b,wk_wv,2048,512,2048,256.308,0.00409223,1,-,1,68,2026-10-06T04:01:54Z,1
202724,cheap,1,llama-3.2-1b,w1_w3,2048,8192,2048,3695.82,0.00542343,1,-,1,68,2026-10-06T04:01:54Z,1
202724,cheap,1,llama-3.2-1b,w2,2048,2048,8192,3909.88,0.0115997,1,-,1,68,2026-10-06T04:01:54Z,1
202727,cheap,1,llama-3.2-1b,wq_wo,2048,2048,2048,13303.9,0.0131027,1,-,1,64,2026-10-06T04:02:20Z,1
202727,cheap,1,llama-3.2-1b,wk_wv,2048,512,2048,5282.34,0.056594,1,-,1,64,2026-10-06T04:02:20Z,1
202727,cheap,1,llama-3.2-1b,w1_w3,2048,8192,2048,46873.4,0.00817371,1,-,1,64,2026-10-06T04:02:20Z,1
202727,cheap,1,llama-3.2-1b,w2,2048,2048,8192,52066.4,0.0080864,1,-,1,64,2026-10-06T04:02:20Z,1
202729,cheap,1,llama-3.2-1b,wq_wo,2048,2048,2048,319.956,0.00516347,1,-,1,67,2026-10-06T04:02:27Z,1
202729,cheap,1,llama-3.2-1b,wk_wv,2048,512,2048,85.436,0.0096422,1,-,1,67,2026-10-06T04:02:27Z,1
202729,cheap,1,llama-3.2-1b,w1_w3,2048,8192,2048,1321.76,0.00615855,1,-,1,67,2026-10-06T04:02:27Z,1
202729,cheap,1,llama-3.2-1b,w2,2048,2048,8192,1303.69,0.0122386,1,-,1,67,2026-10-06T04:02:27Z,1
202731,cheap,1,llama-3.2-1b,wq_wo,2048,2048,2048,311.688,0.0165622,1,-,1,69,2026-10-06T04:02:35Z,1
202731,cheap,1,llama-3.2-1b,wk_wv,2048,512,2048,83.876,0.0120968,1,-,1,69,2026-10-06T04:02:35Z,1
202731,cheap,1,llama-3.2-1b,w1_w3,2048,8192,2048,1061.53,0.0193496,1,-,1,69,2026-10-06T04:02:35Z,1
202731,cheap,1,llama-3.2-1b,w2,2048,2048,8192,1406.91,0.0202221,1,-,1,69,2026-10-06T04:02:35Z,1
202733,cheap,1,llama-3.2-1b,wq_wo,2048,2048,2048,1028.66,0.00570869,1,-,1,69,2026-10-06T04:02:44Z,1
202733,cheap,1,llama-3.2-1b,wk_wv,2048,512,2048,321.62,0.00688254,1,-,1,69,2026-10-06T04:02:44Z,1
202733,cheap,1,llama-3.2-1b,w1_w3,2048,8192,2048,3909.2,0.00577394,1,-,1,69,2026-10-06T04:02:44Z,1
202733,cheap,1,llama-3.2-1b,w2,2048,2048,8192,4151.21,0.00419196,1,-,1,69,2026-10-06T04:02:44Z,1
202735,cheap,1,llama-3.2-1b,wq_wo,2048,2048,2048,17553.2,0.056798,1,-,1,64,2026-10-06T04:05:47Z,1
202735,cheap,1,llama-3.2-1b,wk_wv,2048,512,2048,12070.2,0.00291074,1,-,1,64,2026-10-06T04:05:47Z,1
202735,cheap,1,llama-3.2-1b,w1_w3,2048,8192,2048,67995.9,0.0148819,1,-,1,64,2026-10-06T04:05:47Z,1
202735,cheap,1,llama-3.2-1b,w2,2048,2048,8192,69110.6,0.0472155,1,-,1,64,2026-10-06T04:05:47Z,1
202737,cheap,1,llama-3.2-1b,wq_wo,2048,2048,2048,4716.92,0.0302612,1,-,1,65,2026-10-06T04:06:01Z,1
202737,cheap,1,llama-3.2-1b,wk_wv,2048,512,2048,2899.31,0.00555914,1,-,1,65,2026-10-06T04:06:01Z,1
202737,cheap,1,llama-3.2-1b,w1_w3,2048,8192,2048,18656.9,0.0235686,1,-,1,65,2026-10-06T04:06:01Z,1
202737,cheap,1,llama-3.2-1b,w2,2048,2048,8192,19167.9,0.0323978,1,-,1,65,2026-10-06T04:06:01Z,1
202741,cheap,1,llama-3.2-1b,wq_wo,2048,2048,2048,5546.63,0.013418,1,-,1,67,2026-10-06T04:06:10Z,1
202741,cheap,1,llama-3.2-1b,wk_wv,2048,512,2048,1421.94,0.0137742,1,-,1,67,2026-10-06T04:06:10Z,1
202741,cheap,1,llama-3.2-1b,w1_w3,2048,8192,2048,21591.1,0.00783412,1,-,1,67,2026-10-06T04:06:10Z,1
202741,cheap,1,llama-3.2-1b,w2,2048,2048,8192,22242.9,0.012949,1,-,1,67,2026-10-06T04:06:10Z,1
202743,cheap,1,llama-3.2-1b,wq_wo,2048,2048,2048,548.288,0.0030383,1,-,1,67,2026-10-06T04:06:18Z,1
202743,cheap,1,llama-3.2-1b,wk_wv,2048,512,2048,127.92,0.00789473,1,-,1,67,2026-10-06T04:06:18Z,1
202743,cheap,1,llama-3.2-1b,w1_w3,2048,8192,2048,1988.12,0.00209154,1,-,1,67,2026-10-06T04:06:18Z,1
202743,cheap,1,llama-3.2-1b,w2,2048,2048,8192,2136.03,0.00470798,1,-,1,67,2026-10-06T04:06:18Z,1
202745,cheap,1,llama-3.2-1b,wq_wo,2048,2048,2048,689.936,0.00444372,1,-,1,69,2026-10-06T04:06:26Z,1
202745,cheap,1,llama-3.2-1b,wk_wv,2048,512,2048,201.916,0.00954676,1,-,1,69,2026-10-06T04:06:26Z,1
202745,cheap,1,llama-3.2-1b,w1_w3,2048,8192,2048,2595.29,0.00246544,1,-,1,69,2026-10-06T04:06:26Z,1
202745,cheap,1,llama-3.2-1b,w2,2048,2048,8192,2997.23,0.00561523,1,-,1,69,2026-10-06T04:06:26Z,1
202748,cheap,1,llama-3.2-1b,wq_wo,2048,2048,2048,,,0,-,1,60,2026-10-06T04:08:25Z,1
202748,cheap,1,llama-3.2-1b,wk_wv,2048,512,2048,,,0,-,1,60,2026-10-06T04:08:25Z,1
202748,cheap,1,llama-3.2-1b,w1_w3,2048,8192,2048,,,0,-,1,60,2026-10-06T04:08:25Z,1
202748,cheap,1,llama-3.2-1b,w2,2048,2048,8192,,,0,-,1,60,2026-10-06T04:08:25Z,1
202752,cheap,1,llama-3.2-1b,wq_wo,2048,2048,2048,350.636,0.0118849,1,-,1,66,2026-10-06T04:08:39Z,1
202752,cheap,1,llama-3.2-1b,wk_wv,2048,512,2048,94.38,0.0102919,1,-,1,66,2026-10-06T04:08:39Z,1
202752,cheap,1,llama-3.2-1b,w1_w3,2048,8192,2048,1383.46,0.0107379,1,-,1,66,2026-10-06T04:08:39Z,1
202752,cheap,1,llama-3.2-1b,w2,2048,2048,8192,1366.04,0.0130141,1,-,1,66,2026-10-06T04:08:39Z,1
202754,cheap,1,llama-3.2-1b,wq_wo,2048,2048,2048,1020.42,0.0237971,1,-,1,67,2026-10-06T04:08:52Z,1
202754,cheap,1,llama-3.2-1b,wk_wv,2048,512,2048,252.408,0.0274228,1,-,1,67,2026-10-06T04:08:52Z,1
202754,cheap,1,llama-3.2-1b,w1_w3,2048,8192,2048,3538.31,0.0126125,1,-,1,67,2026-10-06T04:08:52Z,1
202754,cheap,1,llama-3.2-1b,w2,2048,2048,8192,4096.61,0.0146245,1,-,1,67,2026-10-06T04:08:52Z,1
202756,cheap,1,llama-3.2-1b,wq_wo,2048,2048,2048,10275.3,0.0113421,1,-,1,65,2026-10-06T04:09:09Z,1
202756,cheap,1,llama-3.2-1b,wk_wv,2048,512,2048,2596.46,0.0105109,1,-,1,65,2026-10-06T04:09:09Z,1
202756,cheap,1,llama-3.2-1b,w1_w3,2048,8192,2048,40692.6,0.00547695,1,-,1,65,2026-10-06T04:09:09Z,1
202756,cheap,1,llama-3.2-1b,w2,2048,2048,8192,40505.9,0.011803,1,-,1,65,2026-10-06T04:09:09Z,1
202758,cheap,1,llama-3.2-1b,wq_wo,2048,2048,2048,1168.13,0.00331248,1,-,1,67,2026-10-06T04:09:22Z,1
202758,cheap,1,llama-3.2-1b,wk_wv,2048,512,2048,370.656,0.00688796,1,-,1,67,2026-10-06T04:09:22Z,1
202758,cheap,1,llama-3.2-1b,w1_w3,2048,8192,2048,4459.49,0.00330378,1,-,1,67,2026-10-06T04:09:22Z,1
202758,cheap,1,llama-3.2-1b,w2,2048,2048,8192,4959.34,0.00763244,1,-,1,67,2026-10-06T04:09:22Z,1
202761,cheap,1,llama-3.2-1b,wq_wo,2048,2048,2048,564.46,0.0212701,1,-,1,67,2026-10-06T04:09:33Z,1
202761,cheap,1,llama-3.2-1b,wk_wv,2048,512,2048,134.784,0.00743294,1,-,1,67,2026-10-06T04:09:33Z,1
202761,cheap,1,llama-3.2-1b,w1_w3,2048,8192,2048,1962.79,0.0138534,1,-,1,67,2026-10-06T04:09:33Z,1
202761,cheap,1,llama-3.2-1b,w2,2048,2048,8192,2317.22,0.0229375,1,-,1,67,2026-10-06T04:09:33Z,1
202764,cheap,1,llama-3.2-1b,wq_wo,2048,2048,2048,9139.99,0.013237,1,-,1,67,2026-10-06T04:09:45Z,1
202764,cheap,1,llama-3.2-1b,wk_wv,2048,512,2048,2318.84,0.0154488,1,-,1,67,2026-10-06T04:09:45Z,1
202764,cheap,1,llama-3.2-1b,w1_w3,2048,8192,2048,36049.3,0.00885085,1,-,1,67,2026-10-06T04:09:45Z,1
202764,cheap,1,llama-3.2-1b,w2,2048,2048,8192,36260.6,0.0110439,1,-,1,67,2026-10-06T04:09:45Z,1
202768,cheap,1,llama-3.2-1b,wq_wo,2048,2048,2048,4914.31,0.0309047,1,-,1,67,2026-10-06T04:09:56Z,1
202768,cheap,1,llama-3.2-1b,wk_wv,2048,512,2048,1240.8,0.0313449,1,-,1,67,2026-10-06T04:09:56Z,1
202768,cheap,1,llama-3.2-1b,w1_w3,2048,8192,2048,19053.9,0.019006,1,-,1,67,2026-10-06T04:09:56Z,1
202768,cheap,1,llama-3.2-1b,w2,2048,2048,8192,19755.7,0.0285457,1,-,1,67,2026-10-06T04:09:56Z,1
202776,cheap,1,llama-3.2-1b,wq_wo,2048,2048,2048,18625.7,0.0264146,1,-,1,66,2026-10-06T04:10:14Z,1
202776,cheap,1,llama-3.2-1b,wk_wv,2048,512,2048,4912.93,0.0402965,1,-,1,66,2026-10-06T04:10:14Z,1
202776,cheap,1,llama-3.2-1b,w1_w3,2048,8192,2048,72634.4,0.00861546,1,-,1,66,2026-10-06T04:10:14Z,1
202776,cheap,1,llama-3.2-1b,w2,2048,2048,8192,74911.1,0.0163768,1,-,1,66,2026-10-06T04:10:14Z,1
202778,cheap,1,llama-3.2-1b,wq_wo,2048,2048,2048,816.192,0.00394135,1,-,1,66,2026-10-06T04:10:23Z,1
202778,cheap,1,llama-3.2-1b,wk_wv,2048,512,2048,196.716,0.00596387,1,-,1,66,2026-10-06T04:10:23Z,1
202778,cheap,1,llama-3.2-1b,w1_w3,2048,8192,2048,2832.65,0.00641983,1,-,1,66,2026-10-06T04:10:23Z,1
202778,cheap,1,llama-3.2-1b,w2,2048,2048,8192,3144.99,0.00498332,1,-,1,66,2026-10-06T04:10:23Z,1
202780,cheap,1,llama-3.2-1b,wq_wo,2048,2048,2048,389.428,0.00524259,1,-,1,68,2026-10-06T04:10:34Z,1
202780,cheap,1,llama-3.2-1b,wk_wv,2048,512,2048,118.404,0.0108467,1,-,1,68,2026-10-06T04:10:34Z,1
202780,cheap,1,llama-3.2-1b,w1_w3,2048,8192,2048,1501.97,0.00354362,1,-,1,68,2026-10-06T04:10:34Z,1
202780,cheap,1,llama-3.2-1b,w2,2048,2048,8192,1800.6,0.00883373,1,-,1,68,2026-10-06T04:10:34Z,1
202783,cheap,1,llama-3.2-1b,wq_wo,2048,2048,2048,597.792,0.0242272,1,-,1,68,2026-10-06T04:10:47Z,1
202783,cheap,1,llama-3.2-1b,wk_wv,2048,512,2048,146.12,0.00706576,1,-,1,68,2026-10-06T04:10:47Z,1
202783,cheap,1,llama-3.2-1b,w1_w3,2048,8192,2048,2203.27,0.00708325,1,-,1,68,2026-10-06T04:10:47Z,1
202783,cheap,1,llama-3.2-1b,w2,2048,2048,8192,2562.92,0.02742,1,-,1,68,2026-10-06T04:10:47Z,1
202787,cheap,1,llama-3.2-1b,wq_wo,2048,2048,2048,2957.81,0.00634895,1,-,1,66,2026-10-06T04:11:02Z,1
202787,cheap,1,llama-3.2-1b,wk_wv,2048,512,2048,761.774,0.0207024,1,-,1,66,2026-10-06T04:11:02Z,1
202787,cheap,1,llama-3.2-1b,w1_w3,2048,8192,2048,11476.1,0.00316063,1,-,1,66,2026-10-06T04:11:02Z,1
202787,cheap,1,llama-3.2-1b,w2,2048,2048,8192,11904.6,0.0107583,1,-,1,66,2026-10-06T04:11:02Z,1
202789,cheap,1,llama-3.2-1b,wq_wo,2048,2048,2048,5118.26,0.00522755,1,-,1,67,2026-10-06T04:11:18Z,1
202789,cheap,1,llama-3.2-1b,wk_wv,2048,512,2048,1292.41,0.0262176,1,-,1,67,2026-10-06T04:11:18Z,1
202789,cheap,1,llama-3.2-1b,w1_w3,2048,8192,2048,20038,0.00252578,1,-,1,67,2026-10-06T04:11:18Z,1
202789,cheap,1,llama-3.2-1b,w2,2048,2048,8192,20473,0.00530438,1,-,1,67,2026-10-06T04:11:18Z,1
202795,cheap,1,llama-3.2-1b,wq_wo,2048,2048,2048,551.46,0.0265825,1,-,1,68,2026-10-06T04:11:32Z,1
202795,cheap,1,llama-3.2-1b,wk_wv,2048,512,2048,133.38,0.00812953,1,-,1,68,2026-10-06T04:11:32Z,1
202795,cheap,1,llama-3.2-1b,w1_w3,2048,8192,2048,2017.5,0.00764695,1,-,1,68,2026-10-06T04:11:32Z,1
202795,cheap,1,llama-3.2-1b,w2,2048,2048,8192,2316.13,0.0287859,1,-,1,68,2026-10-06T04:11:32Z,1
202797,cheap,1,llama-3.2-1b,wq_wo,2048,2048,2048,12977,0.0124124,1,-,1,66,2026-10-06T04:12:03Z,1
202797,cheap,1,llama-3.2-1b,wk_wv,2048,512,2048,5064.07,0.0404971,1,-,1,66,2026-10-06T04:12:03Z,1
202797,cheap,1,llama-3.2-1b,w1_w3,2048,8192,2048,50173.4,0.00725833,1,-,1,66,2026-10-06T04:12:03Z,1
202797,cheap,1,llama-3.2-1b,w2,2048,2048,8192,52344.8,0.0105182,1,-,1,66,2026-10-06T04:12:03Z,1
202799,cheap,1,llama-3.2-1b,wq_wo,2048,2048,2048,9136.14,0.0227214,1,-,1,66,2026-10-06T04:12:17Z,1
202799,cheap,1,llama-3.2-1b,wk_wv,2048,512,2048,2526.26,0.0217206,1,-,1,66,2026-10-06T04:12:17Z,1
202799,cheap,1,llama-3.2-1b,w1_w3,2048,8192,2048,34639.9,0.00589009,1,-,1,66,2026-10-06T04:12:17Z,1
202799,cheap,1,llama-3.2-1b,w2,2048,2048,8192,36243,0.0210219,1,-,1,66,2026-10-06T04:12:17Z,1
202802,cheap,1,llama-3.2-1b,wq_wo,2048,2048,2048,3932.47,0.0226036,1,-,1,67,2026-10-06T04:12:32Z,1
202802,cheap,1,llama-3.2-1b,wk_wv,2048,512,2048,1423.53,0.0395287,1,-,1,67,2026-10-06T04:12:32Z,1
202802,cheap,1,llama-3.2-1b,w1_w3,2048,8192,2048,15859.3,0.0210828,1,-,1,67,2026-10-06T04:12:32Z,1
202802,cheap,1,llama-3.2-1b,w2,2048,2048,8192,15452.5,0.0219721,1,-,1,67,2026-10-06T04:12:32Z,1
202806,cheap,1,llama-3.2-1b,wq_wo,2048,2048,2048,11852.9,0.0347576,1,-,1,66,2026-10-06T04:12:48Z,1
202806,cheap,1,llama-3.2-1b,wk_wv,2048,512,2048,3048.24,0.031696,1,-,1,66,2026-10-06T04:12:48Z,1
202806,cheap,1,llama-3.2-1b,w1_w3,2048,8192,2048,44999.7,0.0198078,1,-,1,66,2026-10-06T04:12:48Z,1
202806,cheap,1,llama-3.2-1b,w2,2048,2048,8192,48648.7,0.01626,1,-,1,66,2026-10-06T04:12:48Z,1
202809,cheap,1,llama-3.2-1b,wq_wo,2048,2048,2048,3871.97,0.0132505,1,-,1,67,2026-10-06T04:13:03Z,1
202809,cheap,1,llama-3.2-1b,wk_wv,2048,512,2048,963.716,0.0150585,1,-,1,67,2026-10-06T04:13:03Z,1
202809,cheap,1,llama-3.2-1b,w1_w3,2048,8192,2048,15518.1,0.0109806,1,-,1,67,2026-10-06T04:13:03Z,1
202809,cheap,1,llama-3.2-1b,w2,2048,2048,8192,15845.8,0.0132523,1,-,1,67,2026-10-06T04:13:03Z,1
202812,cheap,1,llama-3.2-1b,wq_wo,2048,2048,2048,524.94,0.00467956,1,-,1,67,2026-10-06T04:13:14Z,1
202812,cheap,1,llama-3.2-1b,wk_wv,2048,512,2048,136.344,0.00628854,1,-,1,67,2026-10-06T04:13:14Z,1
202812,cheap,1,llama-3.2-1b,w1_w3,2048,8192,2048,1961.18,0.00258834,1,-,1,67,2026-10-06T04:13:14Z,1
202812,cheap,1,llama-3.2-1b,w2,2048,2048,8192,2437.81,0.00239046,1,-,1,67,2026-10-06T04:13:14Z,1
202815,cheap,1,llama-3.2-1b,wq_wo,2048,2048,2048,394.784,0.00231963,1,-,1,66,2026-10-06T04:13:28Z,1
202815,cheap,1,llama-3.2-1b,wk_wv,2048,512,2048,96.668,0.00864752,1,-,1,66,2026-10-06T04:13:28Z,1
202815,cheap,1,llama-3.2-1b,w1_w3,2048,8192,2048,1432.65,0.00553048,1,-,1,66,2026-10-06T04:13:28Z,1
202815,cheap,1,llama-3.2-1b,w2,2048,2048,8192,1775.7,0.00694115,1,-,1,66,2026-10-06T04:13:28Z,1
202817,cheap,1,llama-3.2-1b,wq_wo,2048,2048,2048,388.336,0.0199226,1,-,1,68,2026-10-06T04:13:42Z,1
202817,cheap,1,llama-3.2-1b,wk_wv,2048,512,2048,102.024,0.00629182,1,-,1,68,2026-10-06T04:13:42Z,1
202817,cheap,1,llama-3.2-1b,w1_w3,2048,8192,2048,1517.57,0.0180359,1,-,1,68,2026-10-06T04:13:42Z,1
202817,cheap,1,llama-3.2-1b,w2,2048,2048,8192,2123.21,0.00529543,1,-,1,68,2026-10-06T04:13:42Z,1
202823,cheap,1,llama-3.2-1b,wq_wo,2048,2048,2048,482.716,0.00630641,1,-,1,67,2026-10-06T04:13:56Z,1
202823,cheap,1,llama-3.2-1b,wk_wv,2048,512,2048,148.304,0.00726104,1,-,1,67,2026-10-06T04:13:56Z,1
202823,cheap,1,llama-3.2-1b,w1_w3,2048,8192,2048,1730.09,0.00512537,1,-,1,67,2026-10-06T04:13:56Z,1
202823,cheap,1,llama-3.2-1b,w2,2048,2048,8192,2509.88,0.00520763,1,-,1,67,2026-10-06T04:13:56Z,1
202825,cheap,1,llama-3.2-1b,wq_wo,2048,2048,2048,2749.01,0.00402811,1,-,1,67,2026-10-06T04:14:11Z,1
202825,cheap,1,llama-3.2-1b,wk_wv,2048,512,2048,713.648,0.0206423,1,-,1,67,2026-10-06T04:14:11Z,1
202825,cheap,1,llama-3.2-1b,w1_w3,2048,8192,2048,10948.9,0.00189293,1,-,1,67,2026-10-06T04:14:11Z,1
202825,cheap,1,llama-3.2-1b,w2,2048,2048,8192,11298.8,0.00393258,1,-,1,67,2026-10-06T04:14:11Z,1
202827,cheap,1,llama-3.2-1b,wq_wo,2048,2048,2048,3456.23,0.0170812,1,-,1,67,2026-10-06T04:14:27Z,1
202827,cheap,1,llama-3.2-1b,wk_wv,2048,512,2048,846.274,0.0503055,1,-,1,67,2026-10-06T04:14:27Z,1
202827,cheap,1,llama-3.2-1b,w1_w3,2048,8192,2048,15623.1,0.0065149,1,-,1,67,2026-10-06T04:14:27Z,1
202827,cheap,1,llama-3.2-1b,w2,2048,2048,8192,13483.1,0.01815,1,-,1,67,2026-10-06T04:14:27Z,1
202829,cheap,1,llama-3.2-1b,wq_wo,2048,2048,2048,12152.1,0.0137152,1,-,1,67,2026-10-06T04:14:43Z,1
202829,cheap,1,llama-3.2-1b,wk_wv,2048,512,2048,3087.19,0.0131761,1,-,1,67,2026-10-06T04:14:43Z,1
202829,cheap,1,llama-3.2-1b,w1_w3,2048,8192,2048,47427.8,0.00609443,1,-,1,67,2026-10-06T04:14:43Z,1
202829,cheap,1,llama-3.2-1b,w2,2048,2048,8192,48406.3,0.00776418,1,-,1,67,2026-10-06T04:14:43Z,1
202833,cheap,1,llama-3.2-1b,wq_wo,2048,2048,2048,319.696,0.0110128,1,-,1,67,2026-10-06T04:14:58Z,1
202833,cheap,1,llama-3.2-1b,wk_wv,2048,512,2048,79.976,0.009753,1,-,1,67,2026-10-06T04:14:58Z,1
202833,cheap,1,llama-3.2-1b,w1_w3,2048,8192,2048,1163.5,0.00650793,1,-,1,67,2026-10-06T04:14:58Z,1
202833,cheap,1,llama-3.2-1b,w2,2048,2048,8192,1370.12,0.0180946,1,-,1,67,2026-10-06T04:14:58Z,1
202835,cheap,1,llama-3.2-1b,wq_wo,2048,2048,2048,3882.37,0.00507514,1,-,1,67,2026-10-06T04:15:12Z,1
202835,cheap,1,llama-3.2-1b,wk_wv,2048,512,2048,911.456,0.0149206,1,-,1,67,2026-10-06T04:15:12Z,1
202835,cheap,1,llama-3.2-1b,w1_w3,2048,8192,2048,14429.9,0.00162117,1,-,1,67,2026-10-06T04:15:12Z,1
202835,cheap,1,llama-3.2-1b,w2,2048,2048,8192,16334,0.00406586,1,-,1,67,2026-10-06T04:15:12Z,1
202838,cheap,1,llama-3.2-1b,wq_wo,2048,2048,2048,347.464,0.0020807,1,-,1,67,2026-10-06T04:15:26Z,1
202838,cheap,1,llama-3.2-1b,wk_wv,2048,512,2048,91.208,0.00532043,1,-,1,67,2026-10-06T04:15:26Z,1
202838,cheap,1,llama-3.2-1b,w1_w3,2048,8192,2048,1422.23,0.00363582,1,-,1,67,2026-10-06T04:15:26Z,1
202838,cheap,1,llama-3.2-1b,w2,2048,2048,8192,1603.06,0.00719049,1,-,1,67,2026-10-06T04:15:26Z,1
202840,cheap,1,llama-3.2-1b,wq_wo,2048,2048,2048,510.224,0.00390026,1,-,1,67,2026-10-06T04:15:41Z,1
202840,cheap,1,llama-3.2-1b,wk_wv,2048,512,2048,169.988,0.0096269,1,-,1,67,2026-10-06T04:15:41Z,1
202840,cheap,1,llama-3.2-1b,w1_w3,2048,8192,2048,1854.06,0.00259827,1,-,1,67,2026-10-06T04:15:41Z,1
202840,cheap,1,llama-3.2-1b,w2,2048,2048,8192,2003.82,0.00780686,1,-,1,67,2026-10-06T04:15:41Z,1
202842,cheap,1,llama-3.2-1b,wq_wo,2048,2048,2048,5105.93,0.0183774,1,-,1,67,2026-10-06T04:15:54Z,1
202842,cheap,1,llama-3.2-1b,wk_wv,2048,512,2048,1778.66,0.0507586,1,-,1,67,2026-10-06T04:15:54Z,1
202842,cheap,1,llama-3.2-1b,w1_w3,2048,8192,2048,19842.8,0.0102532,1,-,1,67,2026-10-06T04:15:54Z,1
202842,cheap,1,llama-3.2-1b,w2,2048,2048,8192,20278.2,0.0205513,1,-,1,67,2026-10-06T04:15:54Z,1
202844,cheap,1,llama-3.2-1b,wq_wo,2048,2048,2048,919.464,0.0116468,1,-,1,67,2026-10-06T04:16:09Z,1
202844,cheap,1,llama-3.2-1b,wk_wv,2048,512,2048,226.382,0.0282111,1,-,1,67,2026-10-06T04:16:09Z,1
202844,cheap,1,llama-3.2-1b,w1_w3,2048,8192,2048,3294.64,0.00955418,1,-,1,67,2026-10-06T04:16:09Z,1
202844,cheap,1,llama-3.2-1b,w2,2048,2048,8192,3527.52,0.0185916,1,-,1,67,2026-10-06T04:16:09Z,1
202846,cheap,1,llama-3.2-1b,wq_wo,2048,2048,2048,2251.18,0.0183879,1,-,1,67,2026-10-06T04:16:23Z,1
202846,cheap,1,llama-3.2-1b,wk_wv,2048,512,2048,855.868,0.0237719,1,-,1,67,2026-10-06T04:16:23Z,1
202846,cheap,1,llama-3.2-1b,w1_w3,2048,8192,2048,9274.15,0.0127057,1,-,1,67,2026-10-06T04:16:23Z,1
202846,cheap,1,llama-3.2-1b,w2,2048,2048,8192,8674.54,0.0222512,1,-,1,67,2026-10-06T04:16:23Z,1
202848,cheap,1,llama-3.2-1b,wq_wo,2048,2048,2048,2289.09,0.00342153,1,-,1,67,2026-10-06T04:16:38Z,1
202848,cheap,1,llama-3.2-1b,wk_wv,2048,512,2048,757.64,0.0085217,1,-,1,67,2026-10-06T04:16:38Z,1
202848,cheap,1,llama-3.2-1b,w1_w3,2048,8192,2048,8540.64,0.00438385,1,-,1,67,2026-10-06T04:16:38Z,1
202848,cheap,1,llama-3.2-1b,w2,2048,2048,8192,9704.66,0.00425051,1,-,1,67,2026-10-06T04:16:38Z,1
202851,cheap,1,llama-3.2-1b,wq_wo,2048,2048,2048,2146.14,0.0243903,1,-,1,67,2026-10-06T04:16:53Z,1
202851,cheap,1,llama-3.2-1b,wk_wv,2048,512,2048,762.19,0.0394143,1,-,1,67,2026-10-06T04:16:53Z,1
202851,cheap,1,llama-3.2-1b,w1_w3,2048,8192,2048,9010.2,0.0158919,1,-,1,67,2026-10-06T04:16:53Z,1
202851,cheap,1,llama-3.2-1b,w2,2048,2048,8192,8806.1,0.0336216,1,-,1,67,2026-10-06T04:16:53Z,1
202855,cheap,1,llama-3.2-1b,wq_wo,2048,2048,2048,1333.96,0.00663859,1,-,1,67,2026-10-06T04:17:07Z,1
202855,cheap,1,llama-3.2-1b,wk_wv,2048,512,2048,335.088,0.016721,1,-,1,67,2026-10-06T04:17:07Z,1
202855,cheap,1,llama-3.2-1b,w1_w3,2048,8192,2048,4891.8,0.00642768,1,-,1,67,2026-10-06T04:17:07Z,1
202855,cheap,1,llama-3.2-1b,w2,2048,2048,8192,5280.63,0.00673304,1,-,1,67,2026-10-06T04:17:07Z,1
base,cheap,b21,llama-3.2-1b,wq_wo,2048,2048,2048,184.08,0.010849,1,-,1,68,2026-10-06T04:17:21Z,1
base,cheap,b21,llama-3.2-1b,wk_wv,2048,512,2048,52.676,0.00852582,1,-,1,68,2026-10-06T04:17:21Z,1
base,cheap,b21,llama-3.2-1b,w1_w3,2048,8192,2048,741.364,0.0171433,1,-,1,68,2026-10-06T04:17:21Z,1
base,cheap,b21,llama-3.2-1b,w2,2048,2048,8192,823.368,0.0152102,1,-,1,68,2026-10-06T04:17:21Z,1
202857,cheap,1,llama-3.2-1b,wq_wo,2048,2048,2048,9927.97,0.00973906,1,-,1,66,2026-10-06T04:17:39Z,1
202857,cheap,1,llama-3.2-1b,wk_wv,2048,512,2048,3899.97,0.0341998,1,-,1,66,2026-10-06T04:17:39Z,1
202857,cheap,1,llama-3.2-1b,w1_w3,2048,8192,2048,36479.5,0.00299902,1,-,1,66,2026-10-06T04:17:39Z,1
202857,cheap,1,llama-3.2-1b,w2,2048,2048,8192,39619.9,0.0099908,1,-,1,66,2026-10-06T04:17:39Z,1
202859,cheap,1,llama-3.2-1b,wq_wo,2048,2048,2048,5506.02,0.00256319,1,-,1,66,2026-10-06T04:17:53Z,1
202859,cheap,1,llama-3.2-1b,wk_wv,2048,512,2048,1605.86,0.0100026,1,-,1,66,2026-10-06T04:17:53Z,1
202859,cheap,1,llama-3.2-1b,w1_w3,2048,8192,2048,21021.4,0.00168459,1,-,1,66,2026-10-06T04:17:53Z,1
202859,cheap,1,llama-3.2-1b,w2,2048,2048,8192,22486.6,0.00315377,1,-,1,66,2026-10-06T04:17:53Z,1
202862,cheap,1,llama-3.2-1b,wq_wo,2048,2048,2048,1455.17,0.023408,1,-,1,67,2026-10-06T04:18:08Z,1
202862,cheap,1,llama-3.2-1b,wk_wv,2048,512,2048,357.604,0.0335547,1,-,1,67,2026-10-06T04:18:08Z,1
202862,cheap,1,llama-3.2-1b,w1_w3,2048,8192,2048,5085.29,0.0132783,1,-,1,67,2026-10-06T04:18:08Z,1
202862,cheap,1,llama-3.2-1b,w2,2048,2048,8192,6143.59,0.0176899,1,-,1,67,2026-10-06T04:18:08Z,1
