id,mode,rep,model,shape,M,N,K,us,cov,dispatched,correct,rc,temp_c,utc
base,cheap,b1,llama-3.2-1b,wq_wo,2048,2048,2048,254.982,0.0246735,1,-,1,60,2026-10-05T17:54:57Z
base,cheap,b1,llama-3.2-1b,wk_wv,2048,512,2048,92.924,0.0084791,1,-,1,60,2026-10-05T17:54:57Z
base,cheap,b1,llama-3.2-1b,w1_w3,2048,8192,2048,987.012,0.0332102,1,-,1,60,2026-10-05T17:54:57Z
base,cheap,b1,llama-3.2-1b,w2,2048,2048,8192,1031.94,0.0282783,1,-,1,60,2026-10-05T17:54:57Z
ref-shipped,cheap,1,llama-3.2-1b,wq_wo,2048,2048,2048,255.632,0.025304,1,-,1,64,2026-10-05T17:55:10Z
ref-shipped,cheap,1,llama-3.2-1b,wk_wv,2048,512,2048,93.132,0.0143602,1,-,1,64,2026-10-05T17:55:10Z
ref-shipped,cheap,1,llama-3.2-1b,w1_w3,2048,8192,2048,987.116,0.0327624,1,-,1,64,2026-10-05T17:55:10Z
ref-shipped,cheap,1,llama-3.2-1b,w2,2048,2048,8192,1031.73,0.028627,1,-,1,64,2026-10-05T17:55:10Z
160000,cheap,1,llama-3.2-1b,wq_wo,2048,2048,2048,467.272,0.00201739,1,-,1,65,2026-10-05T17:55:23Z
160000,cheap,1,llama-3.2-1b,wk_wv,2048,512,2048,220.948,0.00368016,1,-,1,65,2026-10-05T17:55:23Z
160000,cheap,1,llama-3.2-1b,w1_w3,2048,8192,2048,2044.72,0.00177709,1,-,1,65,2026-10-05T17:55:23Z
160000,cheap,1,llama-3.2-1b,w2,2048,2048,8192,1808.53,0.00230163,1,-,1,65,2026-10-05T17:55:23Z
160001,cheap,1,llama-3.2-1b,wq_wo,2048,2048,2048,246.74,0.023497,1,-,1,65,2026-10-05T17:55:36Z
160001,cheap,1,llama-3.2-1b,wk_wv,2048,512,2048,95.056,0.00880881,1,-,1,65,2026-10-05T17:55:36Z
160001,cheap,1,llama-3.2-1b,w1_w3,2048,8192,2048,970.32,0.0321968,1,-,1,65,2026-10-05T17:55:36Z
160001,cheap,1,llama-3.2-1b,w2,2048,2048,8192,990.496,0.0295116,1,-,1,65,2026-10-05T17:55:36Z
160002,cheap,1,llama-3.2-1b,wq_wo,2048,2048,2048,750.828,0.0255869,1,-,1,66,2026-10-05T17:55:50Z
160002,cheap,1,llama-3.2-1b,wk_wv,2048,512,2048,156.104,0.00281531,1,-,1,66,2026-10-05T17:55:50Z
160002,cheap,1,llama-3.2-1b,w1_w3,2048,8192,2048,2519.24,0.00661297,1,-,1,66,2026-10-05T17:55:50Z
160002,cheap,1,llama-3.2-1b,w2,2048,2048,8192,3048.81,0.0235739,1,-,1,66,2026-10-05T17:55:50Z
160003,cheap,1,llama-3.2-1b,wq_wo,2048,2048,2048,361.452,0.00518201,1,-,1,67,2026-10-05T17:56:03Z
160003,cheap,1,llama-3.2-1b,wk_wv,2048,512,2048,151.788,0.00334835,1,-,1,67,2026-10-05T17:56:03Z
160003,cheap,1,llama-3.2-1b,w1_w3,2048,8192,2048,1532.34,0.00604281,1,-,1,67,2026-10-05T17:56:03Z
160003,cheap,1,llama-3.2-1b,w2,2048,2048,8192,1354.37,0.00934227,1,-,1,67,2026-10-05T17:56:03Z
160004,cheap,1,llama-3.2-1b,wq_wo,2048,2048,2048,276.484,0.0234124,1,-,1,67,2026-10-05T17:56:16Z
160004,cheap,1,llama-3.2-1b,wk_wv,2048,512,2048,108.94,0.00815391,1,-,1,67,2026-10-05T17:56:16Z
160004,cheap,1,llama-3.2-1b,w1_w3,2048,8192,2048,1099.98,0.023806,1,-,1,67,2026-10-05T17:56:16Z
160004,cheap,1,llama-3.2-1b,w2,2048,2048,8192,1115.61,0.0217554,1,-,1,67,2026-10-05T17:56:16Z
160005,cheap,1,llama-3.2-1b,wq_wo,2048,2048,2048,4139.15,0.00606484,1,-,1,67,2026-10-05T17:56:29Z
160005,cheap,1,llama-3.2-1b,wk_wv,2048,512,2048,830.154,0.00145777,1,-,1,67,2026-10-05T17:56:29Z
160005,cheap,1,llama-3.2-1b,w1_w3,2048,8192,2048,16030.3,0.0364621,1,-,1,67,2026-10-05T17:56:29Z
160005,cheap,1,llama-3.2-1b,w2,2048,2048,8192,17027,0.00893389,1,-,1,67,2026-10-05T17:56:29Z
160006,cheap,1,llama-3.2-1b,wq_wo,2048,2048,2048,1659.71,0.00483885,1,-,1,66,2026-10-05T17:56:43Z
160006,cheap,1,llama-3.2-1b,wk_wv,2048,512,2048,418.912,0.00512728,1,-,1,66,2026-10-05T17:56:43Z
160006,cheap,1,llama-3.2-1b,w1_w3,2048,8192,2048,7048.34,0.00375659,1,-,1,66,2026-10-05T17:56:43Z
160006,cheap,1,llama-3.2-1b,w2,2048,2048,8192,6708.39,0.00739666,1,-,1,66,2026-10-05T17:56:43Z
160007,cheap,1,llama-3.2-1b,wq_wo,2048,2048,2048,318.708,0.021518,1,-,1,67,2026-10-05T17:56:57Z
160007,cheap,1,llama-3.2-1b,wk_wv,2048,512,2048,86.892,0.0122333,1,-,1,67,2026-10-05T17:56:57Z
160007,cheap,1,llama-3.2-1b,w1_w3,2048,8192,2048,1257.78,0.021711,1,-,1,67,2026-10-05T17:56:57Z
160007,cheap,1,llama-3.2-1b,w2,2048,2048,8192,1261.68,0.0214419,1,-,1,67,2026-10-05T17:56:57Z
160009,cheap,1,llama-3.2-1b,wq_wo,2048,2048,2048,412.672,0.0256414,1,-,1,67,2026-10-05T17:57:11Z
160009,cheap,1,llama-3.2-1b,wk_wv,2048,512,2048,123.136,0.0325303,1,-,1,67,2026-10-05T17:57:11Z
160009,cheap,1,llama-3.2-1b,w1_w3,2048,8192,2048,1594.03,0.0228523,1,-,1,67,2026-10-05T17:57:11Z
160009,cheap,1,llama-3.2-1b,w2,2048,2048,8192,1715.12,0.0220155,1,-,1,67,2026-10-05T17:57:11Z
160010,cheap,1,llama-3.2-1b,wq_wo,2048,2048,2048,1027.73,0.00654264,1,-,1,66,2026-10-05T17:57:24Z
160010,cheap,1,llama-3.2-1b,wk_wv,2048,512,2048,354.588,0.00977321,1,-,1,66,2026-10-05T17:57:24Z
160010,cheap,1,llama-3.2-1b,w1_w3,2048,8192,2048,4190.63,0.00902674,1,-,1,66,2026-10-05T17:57:24Z
160010,cheap,1,llama-3.2-1b,w2,2048,2048,8192,4053.24,0.00418593,1,-,1,66,2026-10-05T17:57:24Z
160012,cheap,1,llama-3.2-1b,wq_wo,2048,2048,2048,354.588,0.00378308,1,-,1,67,2026-10-05T17:57:38Z
160012,cheap,1,llama-3.2-1b,wk_wv,2048,512,2048,129.688,0.00352598,1,-,1,67,2026-10-05T17:57:38Z
160012,cheap,1,llama-3.2-1b,w1_w3,2048,8192,2048,1399.74,0.002553,1,-,1,67,2026-10-05T17:57:38Z
160012,cheap,1,llama-3.2-1b,w2,2048,2048,8192,1349.82,0.00341178,1,-,1,67,2026-10-05T17:57:38Z
160013,cheap,1,llama-3.2-1b,wq_wo,2048,2048,2048,597.428,0.0117661,1,-,1,66,2026-10-05T17:57:52Z
160013,cheap,1,llama-3.2-1b,wk_wv,2048,512,2048,127.972,0.00632411,1,-,1,66,2026-10-05T17:57:52Z
160013,cheap,1,llama-3.2-1b,w1_w3,2048,8192,2048,2064.56,0.00568678,1,-,1,66,2026-10-05T17:57:52Z
160013,cheap,1,llama-3.2-1b,w2,2048,2048,8192,2423.12,0.0198371,1,-,1,66,2026-10-05T17:57:52Z
160014,cheap,1,llama-3.2-1b,wq_wo,2048,2048,2048,278.148,0.0229054,1,-,1,67,2026-10-05T17:58:06Z
160014,cheap,1,llama-3.2-1b,wk_wv,2048,512,2048,108.212,0.00452048,1,-,1,67,2026-10-05T17:58:06Z
160014,cheap,1,llama-3.2-1b,w1_w3,2048,8192,2048,1101,0.02643,1,-,1,67,2026-10-05T17:58:06Z
160014,cheap,1,llama-3.2-1b,w2,2048,2048,8192,1140.28,0.0230882,1,-,1,67,2026-10-05T17:58:06Z
160015,cheap,1,llama-3.2-1b,wq_wo,2048,2048,2048,258.284,0.0232375,1,-,1,67,2026-10-05T17:58:19Z
160015,cheap,1,llama-3.2-1b,wk_wv,2048,512,2048,107.692,0.0098329,1,-,1,67,2026-10-05T17:58:19Z
160015,cheap,1,llama-3.2-1b,w1_w3,2048,8192,2048,1052.27,0.0250211,1,-,1,67,2026-10-05T17:58:19Z
160015,cheap,1,llama-3.2-1b,w2,2048,2048,8192,1037.19,0.0260433,1,-,1,67,2026-10-05T17:58:19Z
160016,cheap,1,llama-3.2-1b,wq_wo,2048,2048,2048,292.968,0.0207319,1,-,1,68,2026-10-05T17:58:31Z
160016,cheap,1,llama-3.2-1b,wk_wv,2048,512,2048,121.342,0.00369257,1,-,1,68,2026-10-05T17:58:31Z
160016,cheap,1,llama-3.2-1b,w1_w3,2048,8192,2048,1196.05,0.0188662,1,-,1,68,2026-10-05T17:58:31Z
160016,cheap,1,llama-3.2-1b,w2,2048,2048,8192,1248.78,0.021395,1,-,1,68,2026-10-05T17:58:31Z
160017,cheap,1,llama-3.2-1b,wq_wo,2048,2048,2048,369.772,0.0173582,1,-,1,66,2026-10-05T17:58:45Z
160017,cheap,1,llama-3.2-1b,wk_wv,2048,512,2048,89.804,0.00642764,1,-,1,66,2026-10-05T17:58:45Z
160017,cheap,1,llama-3.2-1b,w1_w3,2048,8192,2048,1482.08,0.0128059,1,-,1,66,2026-10-05T17:58:45Z
160017,cheap,1,llama-3.2-1b,w2,2048,2048,8192,1469.88,0.0122097,1,-,1,66,2026-10-05T17:58:45Z
160018,cheap,1,llama-3.2-1b,wq_wo,2048,2048,2048,693.368,0.00656529,1,-,1,66,2026-10-05T17:58:59Z
160018,cheap,1,llama-3.2-1b,wk_wv,2048,512,2048,147.836,0.00449342,1,-,1,66,2026-10-05T17:58:59Z
160018,cheap,1,llama-3.2-1b,w1_w3,2048,8192,2048,2447.43,0.00414807,1,-,1,66,2026-10-05T17:58:59Z
160018,cheap,1,llama-3.2-1b,w2,2048,2048,8192,2825,0.0140843,1,-,1,66,2026-10-05T17:58:59Z
160019,cheap,1,llama-3.2-1b,wq_wo,2048,2048,2048,310.336,0.021102,1,-,1,67,2026-10-05T17:59:08Z
160019,cheap,1,llama-3.2-1b,wk_wv,2048,512,2048,117,0.00394156,1,-,1,67,2026-10-05T17:59:08Z
160019,cheap,1,llama-3.2-1b,w1_w3,2048,8192,2048,1225.41,0.0241061,1,-,1,67,2026-10-05T17:59:08Z
160019,cheap,1,llama-3.2-1b,w2,2048,2048,8192,1253.67,0.0194696,1,-,1,67,2026-10-05T17:59:08Z
160020,cheap,1,llama-3.2-1b,wq_wo,2048,2048,2048,278.642,0.0222587,1,-,1,67,2026-10-05T17:59:21Z
160020,cheap,1,llama-3.2-1b,wk_wv,2048,512,2048,108.316,0.011592,1,-,1,67,2026-10-05T17:59:21Z
160020,cheap,1,llama-3.2-1b,w1_w3,2048,8192,2048,1105.47,0.0206425,1,-,1,67,2026-10-05T17:59:21Z
160020,cheap,1,llama-3.2-1b,w2,2048,2048,8192,1105.16,0.0229416,1,-,1,67,2026-10-05T17:59:21Z
160021,cheap,1,llama-3.2-1b,wq_wo,2048,2048,2048,732.42,0.0172743,1,-,1,67,2026-10-05T17:59:34Z
160021,cheap,1,llama-3.2-1b,wk_wv,2048,512,2048,196.872,0.00451588,1,-,1,67,2026-10-05T17:59:34Z
160021,cheap,1,llama-3.2-1b,w1_w3,2048,8192,2048,2881.11,0.0174234,1,-,1,67,2026-10-05T17:59:34Z
160021,cheap,1,llama-3.2-1b,w2,2048,2048,8192,2914.55,0.0162659,1,-,1,67,2026-10-05T17:59:34Z
160022,cheap,1,llama-3.2-1b,wq_wo,2048,2048,2048,4506.5,0.0355996,1,-,1,67,2026-10-05T17:59:48Z
160022,cheap,1,llama-3.2-1b,wk_wv,2048,512,2048,660.66,0.0043653,1,-,1,67,2026-10-05T17:59:48Z
160022,cheap,1,llama-3.2-1b,w1_w3,2048,8192,2048,17413.6,0.0164617,1,-,1,67,2026-10-05T17:59:48Z
160022,cheap,1,llama-3.2-1b,w2,2048,2048,8192,19389.8,0.0120522,1,-,1,67,2026-10-05T17:59:48Z
160023,cheap,1,llama-3.2-1b,wq_wo,2048,2048,2048,702.182,0.0444622,1,-,1,67,2026-10-05T18:00:02Z
160023,cheap,1,llama-3.2-1b,wk_wv,2048,512,2048,196.248,0.00457842,1,-,1,67,2026-10-05T18:00:02Z
160023,cheap,1,llama-3.2-1b,w1_w3,2048,8192,2048,2319.72,0.0183088,1,-,1,67,2026-10-05T18:00:02Z
160023,cheap,1,llama-3.2-1b,w2,2048,2048,8192,2717.62,0.0463281,1,-,1,67,2026-10-05T18:00:02Z
160024,cheap,1,llama-3.2-1b,wq_wo,2048,2048,2048,777.348,0.0106144,1,-,1,67,2026-10-05T18:00:16Z
160024,cheap,1,llama-3.2-1b,wk_wv,2048,512,2048,198.016,0.00283982,1,-,1,67,2026-10-05T18:00:16Z
160024,cheap,1,llama-3.2-1b,w1_w3,2048,8192,2048,3103.65,0.0083672,1,-,1,67,2026-10-05T18:00:16Z
160024,cheap,1,llama-3.2-1b,w2,2048,2048,8192,3260.76,0.0131786,1,-,1,67,2026-10-05T18:00:16Z
160025,cheap,1,llama-3.2-1b,wq_wo,2048,2048,2048,258.908,0.0218803,1,-,1,67,2026-10-05T18:00:30Z
160025,cheap,1,llama-3.2-1b,wk_wv,2048,512,2048,105.404,0.00425119,1,-,1,67,2026-10-05T18:00:30Z
160025,cheap,1,llama-3.2-1b,w1_w3,2048,8192,2048,1047.02,0.022718,1,-,1,67,2026-10-05T18:00:30Z
160025,cheap,1,llama-3.2-1b,w2,2048,2048,8192,1097.51,0.0201905,1,-,1,67,2026-10-05T18:00:30Z
160028,cheap,1,llama-3.2-1b,wq_wo,2048,2048,2048,276.12,0.0217717,1,-,1,67,2026-10-05T18:00:43Z
160028,cheap,1,llama-3.2-1b,wk_wv,2048,512,2048,99.996,0.00769329,1,-,1,67,2026-10-05T18:00:43Z
160028,cheap,1,llama-3.2-1b,w1_w3,2048,8192,2048,1117.79,0.0243083,1,-,1,67,2026-10-05T18:00:43Z
160028,cheap,1,llama-3.2-1b,w2,2048,2048,8192,1106.66,0.0251601,1,-,1,67,2026-10-05T18:00:43Z
160029,cheap,1,llama-3.2-1b,wq_wo,2048,2048,2048,763.1,0.0176795,1,-,1,66,2026-10-05T18:00:57Z
160029,cheap,1,llama-3.2-1b,wk_wv,2048,512,2048,166.66,0.0044308,1,-,1,66,2026-10-05T18:00:57Z
160029,cheap,1,llama-3.2-1b,w1_w3,2048,8192,2048,2590.74,0.00474774,1,-,1,66,2026-10-05T18:00:57Z
160029,cheap,1,llama-3.2-1b,w2,2048,2048,8192,3061.27,0.0180566,1,-,1,66,2026-10-05T18:00:57Z
160030,cheap,1,llama-3.2-1b,wq_wo,2048,2048,2048,441.636,0.0222851,1,-,1,67,2026-10-05T18:01:10Z
160030,cheap,1,llama-3.2-1b,wk_wv,2048,512,2048,115.128,0.00453379,1,-,1,67,2026-10-05T18:01:10Z
160030,cheap,1,llama-3.2-1b,w1_w3,2048,8192,2048,1700.69,0.0232163,1,-,1,67,2026-10-05T18:01:10Z
160030,cheap,1,llama-3.2-1b,w2,2048,2048,8192,1770.03,0.0218353,1,-,1,67,2026-10-05T18:01:10Z
160031,cheap,1,llama-3.2-1b,wq_wo,2048,2048,2048,576.524,0.0165437,1,-,1,67,2026-10-05T18:01:24Z
160031,cheap,1,llama-3.2-1b,wk_wv,2048,512,2048,126.776,0.00875243,1,-,1,67,2026-10-05T18:01:24Z
160031,cheap,1,llama-3.2-1b,w1_w3,2048,8192,2048,2012.04,0.00541634,1,-,1,67,2026-10-05T18:01:24Z
160031,cheap,1,llama-3.2-1b,w2,2048,2048,8192,2330.02,0.014275,1,-,1,67,2026-10-05T18:01:24Z
160032,cheap,1,llama-3.2-1b,wq_wo,2048,2048,2048,510.38,0.00905767,1,-,1,67,2026-10-05T18:01:38Z
160032,cheap,1,llama-3.2-1b,wk_wv,2048,512,2048,164.164,0.00303543,1,-,1,67,2026-10-05T18:01:38Z
160032,cheap,1,llama-3.2-1b,w1_w3,2048,8192,2048,1833.16,0.00381994,1,-,1,67,2026-10-05T18:01:38Z
160032,cheap,1,llama-3.2-1b,w2,2048,2048,8192,2138.76,0.0194966,1,-,1,67,2026-10-05T18:01:38Z
160033,cheap,1,llama-3.2-1b,wq_wo,2048,2048,2048,793.26,0.00915143,1,-,1,67,2026-10-05T18:01:51Z
160033,cheap,1,llama-3.2-1b,wk_wv,2048,512,2048,301.756,0.00435285,1,-,1,67,2026-10-05T18:01:51Z
160033,cheap,1,llama-3.2-1b,w1_w3,2048,8192,2048,3476.1,0.0123881,1,-,1,67,2026-10-05T18:01:51Z
160033,cheap,1,llama-3.2-1b,w2,2048,2048,8192,3161.91,0.00782541,1,-,1,67,2026-10-05T18:01:51Z
160034,cheap,1,llama-3.2-1b,wq_wo,2048,2048,2048,663.26,0.0151013,1,-,1,67,2026-10-05T18:02:05Z
160034,cheap,1,llama-3.2-1b,wk_wv,2048,512,2048,173.784,0.00453667,1,-,1,67,2026-10-05T18:02:05Z
160034,cheap,1,llama-3.2-1b,w1_w3,2048,8192,2048,2642.72,0.0139666,1,-,1,67,2026-10-05T18:02:05Z
160034,cheap,1,llama-3.2-1b,w2,2048,2048,8192,2652.26,0.0135652,1,-,1,67,2026-10-05T18:02:05Z
160036,cheap,1,llama-3.2-1b,wq_wo,2048,2048,2048,459.81,0.0312256,1,-,1,67,2026-10-05T18:02:19Z
160036,cheap,1,llama-3.2-1b,wk_wv,2048,512,2048,252.46,0.00299467,1,-,1,67,2026-10-05T18:02:19Z
160036,cheap,1,llama-3.2-1b,w1_w3,2048,8192,2048,1939.29,0.0254422,1,-,1,67,2026-10-05T18:02:19Z
160036,cheap,1,llama-3.2-1b,w2,2048,2048,8192,1748.55,0.0318034,1,-,1,67,2026-10-05T18:02:19Z
160037,cheap,1,llama-3.2-1b,wq_wo,2048,2048,2048,2005.85,0.0209647,1,-,1,66,2026-10-05T18:02:34Z
160037,cheap,1,llama-3.2-1b,wk_wv,2048,512,2048,762.19,0.00674067,1,-,1,66,2026-10-05T18:02:34Z
160037,cheap,1,llama-3.2-1b,w1_w3,2048,8192,2048,7141.42,0.0189763,1,-,1,66,2026-10-05T18:02:34Z
160037,cheap,1,llama-3.2-1b,w2,2048,2048,8192,8014.79,0.0132037,1,-,1,66,2026-10-05T18:02:34Z
160038,cheap,1,llama-3.2-1b,wq_wo,2048,2048,2048,410.696,0.0287299,1,-,1,67,2026-10-05T18:02:47Z
160038,cheap,1,llama-3.2-1b,wk_wv,2048,512,2048,122.148,0.0131507,1,-,1,67,2026-10-05T18:02:47Z
160038,cheap,1,llama-3.2-1b,w1_w3,2048,8192,2048,1363.34,0.0195294,1,-,1,67,2026-10-05T18:02:47Z
160038,cheap,1,llama-3.2-1b,w2,2048,2048,8192,1663.01,0.031128,1,-,1,67,2026-10-05T18:02:47Z
160039,cheap,1,llama-3.2-1b,wq_wo,2048,2048,2048,427.7,0.0172506,1,-,1,67,2026-10-05T18:03:01Z
160039,cheap,1,llama-3.2-1b,wk_wv,2048,512,2048,111.8,0.00585348,1,-,1,67,2026-10-05T18:03:01Z
160039,cheap,1,llama-3.2-1b,w1_w3,2048,8192,2048,1677.36,0.013381,1,-,1,67,2026-10-05T18:03:01Z
160039,cheap,1,llama-3.2-1b,w2,2048,2048,8192,1737.22,0.0104082,1,-,1,67,2026-10-05T18:03:01Z
160041,cheap,1,llama-3.2-1b,wq_wo,2048,2048,2048,375.596,0.0177637,1,-,1,67,2026-10-05T18:03:14Z
160041,cheap,1,llama-3.2-1b,wk_wv,2048,512,2048,91.416,0.0119037,1,-,1,67,2026-10-05T18:03:14Z
160041,cheap,1,llama-3.2-1b,w1_w3,2048,8192,2048,1502.12,0.012332,1,-,1,67,2026-10-05T18:03:14Z
160041,cheap,1,llama-3.2-1b,w2,2048,2048,8192,1469.16,0.0128468,1,-,1,67,2026-10-05T18:03:14Z
160042,cheap,1,llama-3.2-1b,wq_wo,2048,2048,2048,1204.68,0.0339333,1,-,1,67,2026-10-05T18:03:28Z
160042,cheap,1,llama-3.2-1b,wk_wv,2048,512,2048,355.264,0.00739843,1,-,1,67,2026-10-05T18:03:28Z
160042,cheap,1,llama-3.2-1b,w1_w3,2048,8192,2048,3686.64,0.00922957,1,-,1,67,2026-10-05T18:03:28Z
160042,cheap,1,llama-3.2-1b,w2,2048,2048,8192,4861.04,0.0331049,1,-,1,67,2026-10-05T18:03:28Z
160043,cheap,1,llama-3.2-1b,wq_wo,2048,2048,2048,256.074,0.0237868,1,-,1,67,2026-10-05T18:03:41Z
160043,cheap,1,llama-3.2-1b,wk_wv,2048,512,2048,95.992,0.00910896,1,-,1,67,2026-10-05T18:03:41Z
160043,cheap,1,llama-3.2-1b,w1_w3,2048,8192,2048,986.908,0.0343107,1,-,1,67,2026-10-05T18:03:41Z
160043,cheap,1,llama-3.2-1b,w2,2048,2048,8192,1026.25,0.0302218,1,-,1,67,2026-10-05T18:03:41Z
160044,cheap,1,llama-3.2-1b,wq_wo,2048,2048,2048,340.756,0.0159807,1,-,1,67,2026-10-05T18:03:55Z
160044,cheap,1,llama-3.2-1b,wk_wv,2048,512,2048,143.676,0.00351902,1,-,1,67,2026-10-05T18:03:55Z
160044,cheap,1,llama-3.2-1b,w1_w3,2048,8192,2048,1333.44,0.0143816,1,-,1,67,2026-10-05T18:03:55Z
160044,cheap,1,llama-3.2-1b,w2,2048,2048,8192,1342.28,0.0163032,1,-,1,67,2026-10-05T18:03:55Z
160045,cheap,1,llama-3.2-1b,wq_wo,2048,2048,2048,446.992,0.0644834,1,-,1,67,2026-10-05T18:04:08Z
160045,cheap,1,llama-3.2-1b,wk_wv,2048,512,2048,135.252,0.00486,1,-,1,67,2026-10-05T18:04:08Z
160045,cheap,1,llama-3.2-1b,w1_w3,2048,8192,2048,1449.53,0.0135375,1,-,1,67,2026-10-05T18:04:08Z
160045,cheap,1,llama-3.2-1b,w2,2048,2048,8192,1803.83,0.0466568,1,-,1,67,2026-10-05T18:04:08Z
160046,cheap,1,llama-3.2-1b,wq_wo,2048,2048,2048,621.998,0.0128035,1,-,1,67,2026-10-05T18:04:22Z
160046,cheap,1,llama-3.2-1b,wk_wv,2048,512,2048,145.314,0.0208294,1,-,1,67,2026-10-05T18:04:22Z
160046,cheap,1,llama-3.2-1b,w1_w3,2048,8192,2048,2142.74,0.00760108,1,-,1,67,2026-10-05T18:04:22Z
160046,cheap,1,llama-3.2-1b,w2,2048,2048,8192,2418.42,0.00908522,1,-,1,67,2026-10-05T18:04:22Z
160048,cheap,1,llama-3.2-1b,wq_wo,2048,2048,2048,391.3,0.00303388,1,-,1,67,2026-10-05T18:04:36Z
160048,cheap,1,llama-3.2-1b,wk_wv,2048,512,2048,166.972,0.00390934,1,-,1,67,2026-10-05T18:04:36Z
160048,cheap,1,llama-3.2-1b,w1_w3,2048,8192,2048,1617.36,0.0116851,1,-,1,67,2026-10-05T18:04:36Z
160048,cheap,1,llama-3.2-1b,w2,2048,2048,8192,1525.32,0.00328672,1,-,1,67,2026-10-05T18:04:36Z
160049,cheap,1,llama-3.2-1b,wq_wo,2048,2048,2048,1680.9,0.0195786,1,-,1,67,2026-10-05T18:04:49Z
160049,cheap,1,llama-3.2-1b,wk_wv,2048,512,2048,596.024,0.0120296,1,-,1,67,2026-10-05T18:04:49Z
160049,cheap,1,llama-3.2-1b,w1_w3,2048,8192,2048,6991.27,0.00551109,1,-,1,67,2026-10-05T18:04:49Z
160049,cheap,1,llama-3.2-1b,w2,2048,2048,8192,6588.24,0.00403265,1,-,1,67,2026-10-05T18:04:49Z
160050,cheap,1,llama-3.2-1b,wq_wo,2048,2048,2048,477.308,0.00270099,1,-,1,67,2026-10-05T18:05:03Z
160050,cheap,1,llama-3.2-1b,wk_wv,2048,512,2048,234,0.00403516,1,-,1,67,2026-10-05T18:05:03Z
160050,cheap,1,llama-3.2-1b,w1_w3,2048,8192,2048,1724.48,0.00545014,1,-,1,67,2026-10-05T18:05:03Z
160050,cheap,1,llama-3.2-1b,w2,2048,2048,8192,1848.13,0.00111767,1,-,1,67,2026-10-05T18:05:03Z
160051,cheap,1,llama-3.2-1b,wq_wo,2048,2048,2048,4586.24,0.0176257,1,-,1,67,2026-10-05T18:05:14Z
160051,cheap,1,llama-3.2-1b,wk_wv,2048,512,2048,755.3,0.00328243,1,-,1,67,2026-10-05T18:05:14Z
160051,cheap,1,llama-3.2-1b,w1_w3,2048,8192,2048,17244,0.0191794,1,-,1,67,2026-10-05T18:05:14Z
160051,cheap,1,llama-3.2-1b,w2,2048,2048,8192,18922.3,0.00804067,1,-,1,67,2026-10-05T18:05:14Z
160052,cheap,1,llama-3.2-1b,wq_wo,2048,2048,2048,818.896,0.00507772,1,-,1,67,2026-10-05T18:05:28Z
160052,cheap,1,llama-3.2-1b,wk_wv,2048,512,2048,286.104,0.00943371,1,-,1,67,2026-10-05T18:05:28Z
160052,cheap,1,llama-3.2-1b,w1_w3,2048,8192,2048,3369.24,0.00379763,1,-,1,67,2026-10-05T18:05:28Z
160052,cheap,1,llama-3.2-1b,w2,2048,2048,8192,3193.79,0.00230069,1,-,1,67,2026-10-05T18:05:28Z
160053,cheap,1,llama-3.2-1b,wq_wo,2048,2048,2048,267.436,0.0235254,1,-,1,67,2026-10-05T18:05:41Z
160053,cheap,1,llama-3.2-1b,wk_wv,2048,512,2048,96.72,0.0105656,1,-,1,67,2026-10-05T18:05:41Z
160053,cheap,1,llama-3.2-1b,w1_w3,2048,8192,2048,1063.09,0.0284642,1,-,1,67,2026-10-05T18:05:41Z
160053,cheap,1,llama-3.2-1b,w2,2048,2048,8192,1068.18,0.0276376,1,-,1,67,2026-10-05T18:05:41Z
160054,cheap,1,llama-3.2-1b,wq_wo,2048,2048,2048,244.244,0.0214829,1,-,1,67,2026-10-05T18:05:55Z
160054,cheap,1,llama-3.2-1b,wk_wv,2048,512,2048,103.272,0.00976103,1,-,1,67,2026-10-05T18:05:55Z
160054,cheap,1,llama-3.2-1b,w1_w3,2048,8192,2048,987.012,0.0242481,1,-,1,67,2026-10-05T18:05:55Z
160054,cheap,1,llama-3.2-1b,w2,2048,2048,8192,978.484,0.024636,1,-,1,67,2026-10-05T18:05:55Z
160055,cheap,1,llama-3.2-1b,wq_wo,2048,2048,2048,256.984,0.0264063,1,-,1,67,2026-10-05T18:06:09Z
160055,cheap,1,llama-3.2-1b,wk_wv,2048,512,2048,90.064,0.00913435,1,-,1,67,2026-10-05T18:06:09Z
160055,cheap,1,llama-3.2-1b,w1_w3,2048,8192,2048,1024.71,0.0376102,1,-,1,67,2026-10-05T18:06:09Z
160055,cheap,1,llama-3.2-1b,w2,2048,2048,8192,1069.9,0.0332562,1,-,1,67,2026-10-05T18:06:09Z
base,cheap,b2,llama-3.2-1b,wq_wo,2048,2048,2048,255.762,0.0249618,1,-,1,67,2026-10-05T18:06:21Z
base,cheap,b2,llama-3.2-1b,wk_wv,2048,512,2048,93.132,0.00858657,1,-,1,67,2026-10-05T18:06:21Z
base,cheap,b2,llama-3.2-1b,w1_w3,2048,8192,2048,989.924,0.03451,1,-,1,67,2026-10-05T18:06:21Z
base,cheap,b2,llama-3.2-1b,w2,2048,2048,8192,1033.81,0.0300911,1,-,1,67,2026-10-05T18:06:21Z
160056,cheap,1,llama-3.2-1b,wq_wo,2048,2048,2048,731.354,0.0174852,1,-,1,68,2026-10-05T18:06:35Z
160056,cheap,1,llama-3.2-1b,wk_wv,2048,512,2048,194.584,0.0103076,1,-,1,68,2026-10-05T18:06:35Z
160056,cheap,1,llama-3.2-1b,w1_w3,2048,8192,2048,2938.42,0.01817,1,-,1,68,2026-10-05T18:06:35Z
160056,cheap,1,llama-3.2-1b,w2,2048,2048,8192,2933.03,0.0167033,1,-,1,68,2026-10-05T18:06:35Z
160058,cheap,1,llama-3.2-1b,wq_wo,2048,2048,2048,1368.43,0.00112881,1,-,1,67,2026-10-05T18:06:49Z
160058,cheap,1,llama-3.2-1b,wk_wv,2048,512,2048,334.464,0.00266901,1,-,1,67,2026-10-05T18:06:49Z
160058,cheap,1,llama-3.2-1b,w1_w3,2048,8192,2048,5678.35,0.00122076,1,-,1,67,2026-10-05T18:06:49Z
160058,cheap,1,llama-3.2-1b,w2,2048,2048,8192,5443.28,0.00211496,1,-,1,67,2026-10-05T18:06:49Z
160059,cheap,1,llama-3.2-1b,wq_wo,2048,2048,2048,427.284,0.00855096,1,-,1,67,2026-10-05T18:07:02Z
160059,cheap,1,llama-3.2-1b,wk_wv,2048,512,2048,111.852,0.00408449,1,-,1,67,2026-10-05T18:07:02Z
160059,cheap,1,llama-3.2-1b,w1_w3,2048,8192,2048,1703.18,0.0103574,1,-,1,67,2026-10-05T18:07:02Z
160059,cheap,1,llama-3.2-1b,w2,2048,2048,8192,1707.94,0.00691318,1,-,1,67,2026-10-05T18:07:02Z
160060,cheap,1,llama-3.2-1b,wq_wo,2048,2048,2048,423.592,0.00648035,1,-,1,67,2026-10-05T18:07:16Z
160060,cheap,1,llama-3.2-1b,wk_wv,2048,512,2048,111.852,0.0056885,1,-,1,67,2026-10-05T18:07:16Z
160060,cheap,1,llama-3.2-1b,w1_w3,2048,8192,2048,1656.93,0.00705404,1,-,1,67,2026-10-05T18:07:16Z
160060,cheap,1,llama-3.2-1b,w2,2048,2048,8192,1657.5,0.0067022,1,-,1,67,2026-10-05T18:07:16Z
160061,cheap,1,llama-3.2-1b,wq_wo,2048,2048,2048,400.79,0.00423395,1,-,1,67,2026-10-05T18:07:30Z
160061,cheap,1,llama-3.2-1b,wk_wv,2048,512,2048,171.392,0.00305535,1,-,1,67,2026-10-05T18:07:30Z
160061,cheap,1,llama-3.2-1b,w1_w3,2048,8192,2048,1606.96,0.00527769,1,-,1,67,2026-10-05T18:07:30Z
160061,cheap,1,llama-3.2-1b,w2,2048,2048,8192,1585.56,0.00567146,1,-,1,67,2026-10-05T18:07:30Z
160062,cheap,1,llama-3.2-1b,wq_wo,2048,2048,2048,404.508,0.0149293,1,-,1,67,2026-10-05T18:07:43Z
160062,cheap,1,llama-3.2-1b,wk_wv,2048,512,2048,99.06,0.00659617,1,-,1,67,2026-10-05T18:07:43Z
160062,cheap,1,llama-3.2-1b,w1_w3,2048,8192,2048,1620.22,0.0105427,1,-,1,67,2026-10-05T18:07:43Z
160062,cheap,1,llama-3.2-1b,w2,2048,2048,8192,1583.61,0.010728,1,-,1,67,2026-10-05T18:07:43Z
160064,cheap,1,llama-3.2-1b,wq_wo,2048,2048,2048,561.444,0.0562521,1,-,1,67,2026-10-05T18:07:57Z
160064,cheap,1,llama-3.2-1b,wk_wv,2048,512,2048,214.396,0.00211278,1,-,1,67,2026-10-05T18:07:57Z
160064,cheap,1,llama-3.2-1b,w1_w3,2048,8192,2048,2265.22,0.0059501,1,-,1,67,2026-10-05T18:07:57Z
160064,cheap,1,llama-3.2-1b,w2,2048,2048,8192,2143.75,0.0452498,1,-,1,67,2026-10-05T18:07:57Z
160065,cheap,1,llama-3.2-1b,wq_wo,2048,2048,2048,287.95,0.0224052,1,-,1,67,2026-10-05T18:08:11Z
160065,cheap,1,llama-3.2-1b,wk_wv,2048,512,2048,96.044,0.0117051,1,-,1,67,2026-10-05T18:08:11Z
160065,cheap,1,llama-3.2-1b,w1_w3,2048,8192,2048,1133.29,0.0279504,1,-,1,67,2026-10-05T18:08:11Z
160065,cheap,1,llama-3.2-1b,w2,2048,2048,8192,1156.71,0.0247595,1,-,1,67,2026-10-05T18:08:11Z
160066,cheap,1,llama-3.2-1b,wq_wo,2048,2048,2048,560.56,0.0053449,1,-,1,67,2026-10-05T18:08:24Z
160066,cheap,1,llama-3.2-1b,wk_wv,2048,512,2048,143.26,0.00708308,1,-,1,67,2026-10-05T18:08:24Z
160066,cheap,1,llama-3.2-1b,w1_w3,2048,8192,2048,2241.15,0.00658986,1,-,1,67,2026-10-05T18:08:24Z
160066,cheap,1,llama-3.2-1b,w2,2048,2048,8192,2230.9,0.00675008,1,-,1,67,2026-10-05T18:08:24Z
160067,cheap,1,llama-3.2-1b,wq_wo,2048,2048,2048,1143.48,0.00766317,1,-,1,67,2026-10-05T18:08:39Z
160067,cheap,1,llama-3.2-1b,wk_wv,2048,512,2048,427.752,0.00645816,1,-,1,67,2026-10-05T18:08:39Z
160067,cheap,1,llama-3.2-1b,w1_w3,2048,8192,2048,3924.39,0.00250416,1,-,1,67,2026-10-05T18:08:39Z
160067,cheap,1,llama-3.2-1b,w2,2048,2048,8192,4481.13,0.00498605,1,-,1,67,2026-10-05T18:08:39Z
160068,cheap,1,llama-3.2-1b,wq_wo,2048,2048,2048,1070.34,0.0120568,1,-,1,67,2026-10-05T18:08:53Z
160068,cheap,1,llama-3.2-1b,wk_wv,2048,512,2048,400.816,0.00731267,1,-,1,67,2026-10-05T18:08:53Z
160068,cheap,1,llama-3.2-1b,w1_w3,2048,8192,2048,3657.32,0.005315,1,-,1,67,2026-10-05T18:08:53Z
160068,cheap,1,llama-3.2-1b,w2,2048,2048,8192,4180.49,0.0100323,1,-,1,67,2026-10-05T18:08:53Z
160069,cheap,1,llama-3.2-1b,wq_wo,2048,2048,2048,714.896,0.00846313,1,-,1,67,2026-10-05T18:09:07Z
160069,cheap,1,llama-3.2-1b,wk_wv,2048,512,2048,262.86,0.0149502,1,-,1,67,2026-10-05T18:09:07Z
160069,cheap,1,llama-3.2-1b,w1_w3,2048,8192,2048,2477.31,0.00672477,1,-,1,67,2026-10-05T18:09:07Z
160069,cheap,1,llama-3.2-1b,w2,2048,2048,8192,2772.74,0.00723974,1,-,1,67,2026-10-05T18:09:07Z
160070,cheap,1,llama-3.2-1b,wq_wo,2048,2048,2048,712.582,0.00859633,1,-,1,67,2026-10-05T18:09:20Z
160070,cheap,1,llama-3.2-1b,wk_wv,2048,512,2048,246.324,0.00984774,1,-,1,67,2026-10-05T18:09:20Z
160070,cheap,1,llama-3.2-1b,w1_w3,2048,8192,2048,2879.53,0.0047563,1,-,1,67,2026-10-05T18:09:20Z
160070,cheap,1,llama-3.2-1b,w2,2048,2048,8192,2764.01,0.00292572,1,-,1,67,2026-10-05T18:09:20Z
160071,cheap,1,llama-3.2-1b,wq_wo,2048,2048,2048,825.032,0.006342,1,-,1,67,2026-10-05T18:09:34Z
160071,cheap,1,llama-3.2-1b,wk_wv,2048,512,2048,302.38,0.0127246,1,-,1,67,2026-10-05T18:09:34Z
160071,cheap,1,llama-3.2-1b,w1_w3,2048,8192,2048,2834.52,0.00468953,1,-,1,67,2026-10-05T18:09:34Z
160071,cheap,1,llama-3.2-1b,w2,2048,2048,8192,3165.97,0.00294509,1,-,1,67,2026-10-05T18:09:34Z
160072,cheap,1,llama-3.2-1b,wq_wo,2048,2048,2048,2475.77,0.00911882,1,-,1,67,2026-10-05T18:09:49Z
160072,cheap,1,llama-3.2-1b,wk_wv,2048,512,2048,1063.66,0.00675439,1,-,1,67,2026-10-05T18:09:49Z
160072,cheap,1,llama-3.2-1b,w1_w3,2048,8192,2048,8747.6,0.0231365,1,-,1,67,2026-10-05T18:09:49Z
160072,cheap,1,llama-3.2-1b,w2,2048,2048,8192,9947.29,0.0110007,1,-,1,67,2026-10-05T18:09:49Z
160074,cheap,1,llama-3.2-1b,wq_wo,2048,2048,2048,308.386,0.0212246,1,-,1,67,2026-10-05T18:10:02Z
160074,cheap,1,llama-3.2-1b,wk_wv,2048,512,2048,109.252,0.00678351,1,-,1,67,2026-10-05T18:10:02Z
160074,cheap,1,llama-3.2-1b,w1_w3,2048,8192,2048,1219.24,0.0231216,1,-,1,67,2026-10-05T18:10:02Z
160074,cheap,1,llama-3.2-1b,w2,2048,2048,8192,1243.74,0.0212672,1,-,1,67,2026-10-05T18:10:02Z
160075,cheap,1,llama-3.2-1b,wq_wo,2048,2048,2048,303.004,0.0152032,1,-,1,67,2026-10-05T18:10:15Z
160075,cheap,1,llama-3.2-1b,wk_wv,2048,512,2048,120.536,0.00514871,1,-,1,67,2026-10-05T18:10:15Z
160075,cheap,1,llama-3.2-1b,w1_w3,2048,8192,2048,1177.8,0.0132983,1,-,1,67,2026-10-05T18:10:15Z
160075,cheap,1,llama-3.2-1b,w2,2048,2048,8192,1197.01,0.0138219,1,-,1,67,2026-10-05T18:10:15Z
160076,cheap,1,llama-3.2-1b,wq_wo,2048,2048,2048,617.526,0.0203707,1,-,1,67,2026-10-05T18:10:28Z
160076,cheap,1,llama-3.2-1b,wk_wv,2048,512,2048,133.432,0.00533812,1,-,1,67,2026-10-05T18:10:28Z
160076,cheap,1,llama-3.2-1b,w1_w3,2048,8192,2048,2024.67,0.00584667,1,-,1,67,2026-10-05T18:10:28Z
160076,cheap,1,llama-3.2-1b,w2,2048,2048,8192,2574,0.028842,1,-,1,67,2026-10-05T18:10:28Z
160077,cheap,1,llama-3.2-1b,wq_wo,2048,2048,2048,291.148,0.01998,1,-,1,67,2026-10-05T18:10:41Z
160077,cheap,1,llama-3.2-1b,wk_wv,2048,512,2048,108.42,0.00460426,1,-,1,67,2026-10-05T18:10:41Z
160077,cheap,1,llama-3.2-1b,w1_w3,2048,8192,2048,1155.8,0.0199985,1,-,1,67,2026-10-05T18:10:41Z
160077,cheap,1,llama-3.2-1b,w2,2048,2048,8192,1181.54,0.0182802,1,-,1,67,2026-10-05T18:10:41Z
160078,cheap,1,llama-3.2-1b,wq_wo,2048,2048,2048,265.876,0.0224578,1,-,1,67,2026-10-05T18:10:54Z
160078,cheap,1,llama-3.2-1b,wk_wv,2048,512,2048,110.084,0.00496263,1,-,1,67,2026-10-05T18:10:54Z
160078,cheap,1,llama-3.2-1b,w1_w3,2048,8192,2048,1044.78,0.0256502,1,-,1,67,2026-10-05T18:10:54Z
160078,cheap,1,llama-3.2-1b,w2,2048,2048,8192,1086.75,0.0220307,1,-,1,67,2026-10-05T18:10:54Z
160079,cheap,1,llama-3.2-1b,wq_wo,2048,2048,2048,1222.62,0.00321866,1,-,1,67,2026-10-05T18:11:09Z
160079,cheap,1,llama-3.2-1b,wk_wv,2048,512,2048,432.692,0.0102986,1,-,1,67,2026-10-05T18:11:09Z
160079,cheap,1,llama-3.2-1b,w1_w3,2048,8192,2048,4951.88,0.0114645,1,-,1,67,2026-10-05T18:11:09Z
160079,cheap,1,llama-3.2-1b,w2,2048,2048,8192,4802.75,0.00416901,1,-,1,67,2026-10-05T18:11:09Z
160080,cheap,1,llama-3.2-1b,wq_wo,2048,2048,2048,295.152,0.0234369,1,-,1,69,2026-10-05T18:11:20Z
160080,cheap,1,llama-3.2-1b,wk_wv,2048,512,2048,120.796,0.00296506,1,-,1,69,2026-10-05T18:11:20Z
160080,cheap,1,llama-3.2-1b,w1_w3,2048,8192,2048,1135.99,0.0233904,1,-,1,69,2026-10-05T18:11:20Z
160080,cheap,1,llama-3.2-1b,w2,2048,2048,8192,1192.1,0.0257959,1,-,1,69,2026-10-05T18:11:20Z
160081,cheap,1,llama-3.2-1b,wq_wo,2048,2048,2048,331.136,0.0181361,1,-,1,66,2026-10-05T18:11:33Z
160081,cheap,1,llama-3.2-1b,wk_wv,2048,512,2048,155.844,0.00320032,1,-,1,66,2026-10-05T18:11:33Z
160081,cheap,1,llama-3.2-1b,w1_w3,2048,8192,2048,1200.97,0.0201382,1,-,1,66,2026-10-05T18:11:33Z
160081,cheap,1,llama-3.2-1b,w2,2048,2048,8192,1365.68,0.0115279,1,-,1,66,2026-10-05T18:11:33Z
160082,cheap,1,llama-3.2-1b,wq_wo,2048,2048,2048,816.296,0.00338648,1,-,1,67,2026-10-05T18:11:44Z
160082,cheap,1,llama-3.2-1b,wk_wv,2048,512,2048,208.156,0.00975573,1,-,1,67,2026-10-05T18:11:44Z
160082,cheap,1,llama-3.2-1b,w1_w3,2048,8192,2048,3278.29,0.00563066,1,-,1,67,2026-10-05T18:11:44Z
160082,cheap,1,llama-3.2-1b,w2,2048,2048,8192,3164.2,0.00331667,1,-,1,67,2026-10-05T18:11:44Z
160083,cheap,1,llama-3.2-1b,wq_wo,2048,2048,2048,1111.53,0.0306602,1,-,1,66,2026-10-05T18:11:58Z
160083,cheap,1,llama-3.2-1b,wk_wv,2048,512,2048,351.312,0.0238496,1,-,1,66,2026-10-05T18:11:58Z
160083,cheap,1,llama-3.2-1b,w1_w3,2048,8192,2048,3444.38,0.00780373,1,-,1,66,2026-10-05T18:11:58Z
160083,cheap,1,llama-3.2-1b,w2,2048,2048,8192,4341.58,0.0331609,1,-,1,66,2026-10-05T18:11:58Z
160084,cheap,1,llama-3.2-1b,wq_wo,2048,2048,2048,334.1,0.0216875,1,-,1,67,2026-10-05T18:12:11Z
160084,cheap,1,llama-3.2-1b,wk_wv,2048,512,2048,88.66,0.00946454,1,-,1,67,2026-10-05T18:12:11Z
160084,cheap,1,llama-3.2-1b,w1_w3,2048,8192,2048,1291.26,0.0214197,1,-,1,67,2026-10-05T18:12:11Z
160084,cheap,1,llama-3.2-1b,w2,2048,2048,8192,1382.11,0.0204379,1,-,1,67,2026-10-05T18:12:11Z
160085,cheap,1,llama-3.2-1b,wq_wo,2048,2048,2048,392.418,0.023069,1,-,1,67,2026-10-05T18:12:26Z
160085,cheap,1,llama-3.2-1b,wk_wv,2048,512,2048,240.032,0.00412031,1,-,1,67,2026-10-05T18:12:26Z
160085,cheap,1,llama-3.2-1b,w1_w3,2048,8192,2048,1669.46,0.0214996,1,-,1,67,2026-10-05T18:12:26Z
160085,cheap,1,llama-3.2-1b,w2,2048,2048,8192,1485.07,0.0251726,1,-,1,67,2026-10-05T18:12:26Z
160086,cheap,1,llama-3.2-1b,wq_wo,2048,2048,2048,2536.35,0.00969737,1,-,1,66,2026-10-05T18:12:40Z
160086,cheap,1,llama-3.2-1b,wk_wv,2048,512,2048,1106.27,0.00514641,1,-,1,66,2026-10-05T18:12:40Z
160086,cheap,1,llama-3.2-1b,w1_w3,2048,8192,2048,8840,0.0202045,1,-,1,66,2026-10-05T18:12:40Z
160086,cheap,1,llama-3.2-1b,w2,2048,2048,8192,10045.6,0.00821357,1,-,1,66,2026-10-05T18:12:40Z
160087,cheap,1,llama-3.2-1b,wq_wo,2048,2048,2048,749.008,0.00714802,1,-,1,66,2026-10-05T18:12:53Z
160087,cheap,1,llama-3.2-1b,wk_wv,2048,512,2048,167.544,0.00573885,1,-,1,66,2026-10-05T18:12:53Z
160087,cheap,1,llama-3.2-1b,w1_w3,2048,8192,2048,2557.26,0.00520286,1,-,1,66,2026-10-05T18:12:53Z
160087,cheap,1,llama-3.2-1b,w2,2048,2048,8192,2985.63,0.0161376,1,-,1,66,2026-10-05T18:12:53Z
160088,cheap,1,llama-3.2-1b,wq_wo,2048,2048,2048,276.796,0.0245241,1,-,1,67,2026-10-05T18:13:07Z
160088,cheap,1,llama-3.2-1b,wk_wv,2048,512,2048,108.316,0.0096833,1,-,1,67,2026-10-05T18:13:07Z
160088,cheap,1,llama-3.2-1b,w1_w3,2048,8192,2048,1093.25,0.0245174,1,-,1,67,2026-10-05T18:13:07Z
160088,cheap,1,llama-3.2-1b,w2,2048,2048,8192,1104.27,0.0235265,1,-,1,67,2026-10-05T18:13:07Z
160089,cheap,1,llama-3.2-1b,wq_wo,2048,2048,2048,603.876,0.0186265,1,-,1,68,2026-10-05T18:13:20Z
160089,cheap,1,llama-3.2-1b,wk_wv,2048,512,2048,161.096,0.00719454,1,-,1,68,2026-10-05T18:13:20Z
160089,cheap,1,llama-3.2-1b,w1_w3,2048,8192,2048,2342.44,0.0172705,1,-,1,68,2026-10-05T18:13:20Z
160089,cheap,1,llama-3.2-1b,w2,2048,2048,8192,2421.59,0.0168493,1,-,1,68,2026-10-05T18:13:20Z
160090,cheap,1,llama-3.2-1b,wq_wo,2048,2048,2048,316.68,0.0204164,1,-,1,67,2026-10-05T18:13:33Z
160090,cheap,1,llama-3.2-1b,wk_wv,2048,512,2048,83.902,0.0119566,1,-,1,67,2026-10-05T18:13:33Z
160090,cheap,1,llama-3.2-1b,w1_w3,2048,8192,2048,1288.27,0.0148409,1,-,1,67,2026-10-05T18:13:33Z
160090,cheap,1,llama-3.2-1b,w2,2048,2048,8192,1340.3,0.0154087,1,-,1,67,2026-10-05T18:13:33Z
160091,cheap,1,llama-3.2-1b,wq_wo,2048,2048,2048,817.804,0.0131342,1,-,1,67,2026-10-05T18:13:46Z
160091,cheap,1,llama-3.2-1b,wk_wv,2048,512,2048,246.688,0.00672844,1,-,1,67,2026-10-05T18:13:46Z
160091,cheap,1,llama-3.2-1b,w1_w3,2048,8192,2048,2710.14,0.00757315,1,-,1,67,2026-10-05T18:13:46Z
160091,cheap,1,llama-3.2-1b,w2,2048,2048,8192,3263.78,0.0105251,1,-,1,67,2026-10-05T18:13:46Z
160092,cheap,1,llama-3.2-1b,wq_wo,2048,2048,2048,1964.04,0.0827775,1,-,1,66,2026-10-05T18:14:01Z
160092,cheap,1,llama-3.2-1b,wk_wv,2048,512,2048,713.726,0.00682232,1,-,1,66,2026-10-05T18:14:01Z
160092,cheap,1,llama-3.2-1b,w1_w3,2048,8192,2048,8163.95,0.00599017,1,-,1,66,2026-10-05T18:14:01Z
160092,cheap,1,llama-3.2-1b,w2,2048,2048,8192,8089.33,0.0188769,1,-,1,66,2026-10-05T18:14:01Z
160093,cheap,1,llama-3.2-1b,wq_wo,2048,2048,2048,1185.24,0.00521098,1,-,1,65,2026-10-05T18:14:15Z
160093,cheap,1,llama-3.2-1b,wk_wv,2048,512,2048,432.016,0.00884184,1,-,1,65,2026-10-05T18:14:15Z
160093,cheap,1,llama-3.2-1b,w1_w3,2048,8192,2048,4792.42,0.00893282,1,-,1,65,2026-10-05T18:14:15Z
160093,cheap,1,llama-3.2-1b,w2,2048,2048,8192,4623.27,0.00443272,1,-,1,65,2026-10-05T18:14:15Z
160094,cheap,1,llama-3.2-1b,wq_wo,2048,2048,2048,3533.48,0.0190612,1,-,1,66,2026-10-05T18:14:29Z
160094,cheap,1,llama-3.2-1b,wk_wv,2048,512,2048,888.42,0.0105488,1,-,1,66,2026-10-05T18:14:29Z
160094,cheap,1,llama-3.2-1b,w1_w3,2048,8192,2048,14283.4,0.00236801,1,-,1,66,2026-10-05T18:14:29Z
160094,cheap,1,llama-3.2-1b,w2,2048,2048,8192,14119.5,0.0233082,1,-,1,66,2026-10-05T18:14:29Z
160095,cheap,1,llama-3.2-1b,wq_wo,2048,2048,2048,487.058,0.0118912,1,-,1,67,2026-10-05T18:14:43Z
160095,cheap,1,llama-3.2-1b,wk_wv,2048,512,2048,151.424,0.00604686,1,-,1,67,2026-10-05T18:14:43Z
160095,cheap,1,llama-3.2-1b,w1_w3,2048,8192,2048,1582.23,0.0204934,1,-,1,67,2026-10-05T18:14:43Z
160095,cheap,1,llama-3.2-1b,w2,2048,2048,8192,1912.43,0.0172266,1,-,1,67,2026-10-05T18:14:43Z
160096,cheap,1,llama-3.2-1b,wq_wo,2048,2048,2048,619.008,0.00774347,1,-,1,67,2026-10-05T18:14:56Z
160096,cheap,1,llama-3.2-1b,wk_wv,2048,512,2048,135.096,0.0079129,1,-,1,67,2026-10-05T18:14:56Z
160096,cheap,1,llama-3.2-1b,w1_w3,2048,8192,2048,2141.72,0.00735553,1,-,1,67,2026-10-05T18:14:56Z
160096,cheap,1,llama-3.2-1b,w2,2048,2048,8192,2506.45,0.0127862,1,-,1,67,2026-10-05T18:14:56Z
160097,cheap,1,llama-3.2-1b,wq_wo,2048,2048,2048,267.956,0.0233778,1,-,1,67,2026-10-05T18:15:09Z
160097,cheap,1,llama-3.2-1b,wk_wv,2048,512,2048,95.472,0.00986703,1,-,1,67,2026-10-05T18:15:09Z
160097,cheap,1,llama-3.2-1b,w1_w3,2048,8192,2048,1050.87,0.0285888,1,-,1,67,2026-10-05T18:15:09Z
160097,cheap,1,llama-3.2-1b,w2,2048,2048,8192,1067.46,0.0272697,1,-,1,67,2026-10-05T18:15:09Z
160101,cheap,1,llama-3.2-1b,wq_wo,2048,2048,2048,967.616,0.0421568,1,-,1,66,2026-10-05T18:15:23Z
160101,cheap,1,llama-3.2-1b,wk_wv,2048,512,2048,306.592,0.00562967,1,-,1,66,2026-10-05T18:15:23Z
160101,cheap,1,llama-3.2-1b,w1_w3,2048,8192,2048,3116.88,0.00984951,1,-,1,66,2026-10-05T18:15:23Z
160101,cheap,1,llama-3.2-1b,w2,2048,2048,8192,3809.96,0.0417274,1,-,1,66,2026-10-05T18:15:23Z
160102,cheap,1,llama-3.2-1b,wq_wo,2048,2048,2048,415.896,0.0114307,1,-,1,67,2026-10-05T18:15:37Z
160102,cheap,1,llama-3.2-1b,wk_wv,2048,512,2048,135.824,0.00473631,1,-,1,67,2026-10-05T18:15:37Z
160102,cheap,1,llama-3.2-1b,w1_w3,2048,8192,2048,1322.62,0.0196738,1,-,1,67,2026-10-05T18:15:37Z
160102,cheap,1,llama-3.2-1b,w2,2048,2048,8192,1551.58,0.0158342,1,-,1,67,2026-10-05T18:15:37Z
160103,cheap,1,llama-3.2-1b,wq_wo,2048,2048,2048,449.28,0.00311526,1,-,1,67,2026-10-05T18:15:50Z
160103,cheap,1,llama-3.2-1b,wk_wv,2048,512,2048,114.764,0.00323028,1,-,1,67,2026-10-05T18:15:50Z
160103,cheap,1,llama-3.2-1b,w1_w3,2048,8192,2048,1866.36,0.00233419,1,-,1,67,2026-10-05T18:15:50Z
160103,cheap,1,llama-3.2-1b,w2,2048,2048,8192,1819.84,0.00513514,1,-,1,67,2026-10-05T18:15:50Z
160104,cheap,1,llama-3.2-1b,wq_wo,2048,2048,2048,1109.13,0.0103773,1,-,1,67,2026-10-05T18:16:03Z
160104,cheap,1,llama-3.2-1b,wk_wv,2048,512,2048,398.268,0.00611831,1,-,1,67,2026-10-05T18:16:03Z
160104,cheap,1,llama-3.2-1b,w1_w3,2048,8192,2048,4281.84,0.00516606,1,-,1,67,2026-10-05T18:16:03Z
160104,cheap,1,llama-3.2-1b,w2,2048,2048,8192,4284.38,0.0136781,1,-,1,67,2026-10-05T18:16:03Z
160105,cheap,1,llama-3.2-1b,wq_wo,2048,2048,2048,606.164,0.0227124,1,-,1,66,2026-10-05T18:16:16Z
160105,cheap,1,llama-3.2-1b,wk_wv,2048,512,2048,144.56,0.0182551,1,-,1,66,2026-10-05T18:16:16Z
160105,cheap,1,llama-3.2-1b,w1_w3,2048,8192,2048,2086.03,0.00848622,1,-,1,66,2026-10-05T18:16:16Z
160105,cheap,1,llama-3.2-1b,w2,2048,2048,8192,2397.38,0.014368,1,-,1,66,2026-10-05T18:16:16Z
160106,cheap,1,llama-3.2-1b,wq_wo,2048,2048,2048,617.396,0.0196721,1,-,1,66,2026-10-05T18:16:30Z
160106,cheap,1,llama-3.2-1b,wk_wv,2048,512,2048,139.126,0.00809149,1,-,1,66,2026-10-05T18:16:30Z
160106,cheap,1,llama-3.2-1b,w1_w3,2048,8192,2048,2108.29,0.00513936,1,-,1,66,2026-10-05T18:16:30Z
160106,cheap,1,llama-3.2-1b,w2,2048,2048,8192,2478.94,0.0164821,1,-,1,66,2026-10-05T18:16:30Z
160107,cheap,1,llama-3.2-1b,wq_wo,2048,2048,2048,745.784,0.00570501,1,-,1,66,2026-10-05T18:16:44Z
160107,cheap,1,llama-3.2-1b,wk_wv,2048,512,2048,270.374,0.0102976,1,-,1,66,2026-10-05T18:16:44Z
160107,cheap,1,llama-3.2-1b,w1_w3,2048,8192,2048,2578.58,0.00516487,1,-,1,66,2026-10-05T18:16:44Z
160107,cheap,1,llama-3.2-1b,w2,2048,2048,8192,2875.73,0.00195214,1,-,1,66,2026-10-05T18:16:44Z
160108,cheap,1,llama-3.2-1b,wq_wo,2048,2048,2048,607.516,0.00436886,1,-,1,67,2026-10-05T18:16:57Z
160108,cheap,1,llama-3.2-1b,wk_wv,2048,512,2048,157.248,0.00986276,1,-,1,67,2026-10-05T18:16:57Z
160108,cheap,1,llama-3.2-1b,w1_w3,2048,8192,2048,2407.81,0.00161246,1,-,1,67,2026-10-05T18:16:57Z
160108,cheap,1,llama-3.2-1b,w2,2048,2048,8192,2395.28,0.00252383,1,-,1,67,2026-10-05T18:16:57Z
160109,cheap,1,llama-3.2-1b,wq_wo,2048,2048,2048,270.504,0.0242975,1,-,1,68,2026-10-05T18:17:11Z
160109,cheap,1,llama-3.2-1b,wk_wv,2048,512,2048,95.056,0.00591061,1,-,1,68,2026-10-05T18:17:11Z
160109,cheap,1,llama-3.2-1b,w1_w3,2048,8192,2048,1052.9,0.0312941,1,-,1,68,2026-10-05T18:17:11Z
160109,cheap,1,llama-3.2-1b,w2,2048,2048,8192,1082.02,0.0286549,1,-,1,68,2026-10-05T18:17:11Z
160110,cheap,1,llama-3.2-1b,wq_wo,2048,2048,2048,1182.38,0.00337734,1,-,1,66,2026-10-05T18:17:25Z
160110,cheap,1,llama-3.2-1b,wk_wv,2048,512,2048,302.38,0.00363273,1,-,1,66,2026-10-05T18:17:25Z
160110,cheap,1,llama-3.2-1b,w1_w3,2048,8192,2048,4768.09,0.00122266,1,-,1,66,2026-10-05T18:17:25Z
160110,cheap,1,llama-3.2-1b,w2,2048,2048,8192,4824.87,0.00157851,1,-,1,66,2026-10-05T18:17:25Z
160111,cheap,1,llama-3.2-1b,wq_wo,2048,2048,2048,1892.07,0.00453938,1,-,1,67,2026-10-05T18:17:35Z
160111,cheap,1,llama-3.2-1b,wk_wv,2048,512,2048,605.956,0.00136889,1,-,1,67,2026-10-05T18:17:35Z
160111,cheap,1,llama-3.2-1b,w1_w3,2048,8192,2048,8456.6,0.00384518,1,-,1,67,2026-10-05T18:17:35Z
160111,cheap,1,llama-3.2-1b,w2,2048,2048,8192,7748.44,0.0105684,1,-,1,67,2026-10-05T18:17:35Z
base,cheap,b3,llama-3.2-1b,wq_wo,2048,2048,2048,255.632,0.0247996,1,-,1,67,2026-10-05T18:17:49Z
base,cheap,b3,llama-3.2-1b,wk_wv,2048,512,2048,93.132,0.00863887,1,-,1,67,2026-10-05T18:17:49Z
base,cheap,b3,llama-3.2-1b,w1_w3,2048,8192,2048,989.3,0.0343702,1,-,1,67,2026-10-05T18:17:49Z
base,cheap,b3,llama-3.2-1b,w2,2048,2048,8192,1033.03,0.0297224,1,-,1,67,2026-10-05T18:17:49Z
160114,cheap,1,llama-3.2-1b,wq_wo,2048,2048,2048,268.528,0.0214802,1,-,1,67,2026-10-05T18:18:02Z
160114,cheap,1,llama-3.2-1b,wk_wv,2048,512,2048,105.352,0.0117529,1,-,1,67,2026-10-05T18:18:02Z
160114,cheap,1,llama-3.2-1b,w1_w3,2048,8192,2048,1074.92,0.0189748,1,-,1,67,2026-10-05T18:18:02Z
160114,cheap,1,llama-3.2-1b,w2,2048,2048,8192,1065.25,0.0217075,1,-,1,67,2026-10-05T18:18:02Z
160115,cheap,1,llama-3.2-1b,wq_wo,2048,2048,2048,676.884,0.0413463,1,-,1,67,2026-10-05T18:18:15Z
160115,cheap,1,llama-3.2-1b,wk_wv,2048,512,2048,181.428,0.00411879,1,-,1,67,2026-10-05T18:18:15Z
160115,cheap,1,llama-3.2-1b,w1_w3,2048,8192,2048,2063.59,0.00929889,1,-,1,67,2026-10-05T18:18:15Z
160115,cheap,1,llama-3.2-1b,w2,2048,2048,8192,2607.12,0.0453958,1,-,1,67,2026-10-05T18:18:15Z
160116,cheap,1,llama-3.2-1b,wq_wo,2048,2048,2048,451.334,0.0550922,1,-,1,67,2026-10-05T18:18:28Z
160116,cheap,1,llama-3.2-1b,wk_wv,2048,512,2048,133.328,0.00351606,1,-,1,67,2026-10-05T18:18:28Z
160116,cheap,1,llama-3.2-1b,w1_w3,2048,8192,2048,1450.59,0.0128749,1,-,1,67,2026-10-05T18:18:28Z
160116,cheap,1,llama-3.2-1b,w2,2048,2048,8192,1819.12,0.0340642,1,-,1,67,2026-10-05T18:18:28Z
160118,cheap,1,llama-3.2-1b,wq_wo,2048,2048,2048,2134.5,0.0575127,1,-,1,67,2026-10-05T18:18:42Z
160118,cheap,1,llama-3.2-1b,wk_wv,2048,512,2048,936.624,0.00634045,1,-,1,67,2026-10-05T18:18:42Z
160118,cheap,1,llama-3.2-1b,w1_w3,2048,8192,2048,9059.54,0.00520807,1,-,1,67,2026-10-05T18:18:42Z
160118,cheap,1,llama-3.2-1b,w2,2048,2048,8192,8465.86,0.00798495,1,-,1,67,2026-10-05T18:18:42Z
160119,cheap,1,llama-3.2-1b,wq_wo,2048,2048,2048,699.4,0.0198336,1,-,1,67,2026-10-05T18:18:56Z
160119,cheap,1,llama-3.2-1b,wk_wv,2048,512,2048,147.368,0.00256708,1,-,1,67,2026-10-05T18:18:56Z
160119,cheap,1,llama-3.2-1b,w1_w3,2048,8192,2048,2337.87,0.00372886,1,-,1,67,2026-10-05T18:18:56Z
160119,cheap,1,llama-3.2-1b,w2,2048,2048,8192,2896.71,0.0158858,1,-,1,67,2026-10-05T18:18:56Z
160120,cheap,1,llama-3.2-1b,wq_wo,2048,2048,2048,256.542,0.0225965,1,-,1,67,2026-10-05T18:19:09Z
160120,cheap,1,llama-3.2-1b,wk_wv,2048,512,2048,111.488,0.00900248,1,-,1,67,2026-10-05T18:19:09Z
160120,cheap,1,llama-3.2-1b,w1_w3,2048,8192,2048,1026.01,0.0217311,1,-,1,67,2026-10-05T18:19:09Z
160120,cheap,1,llama-3.2-1b,w2,2048,2048,8192,1155.6,0.0187345,1,-,1,67,2026-10-05T18:19:09Z
160121,cheap,1,llama-3.2-1b,wq_wo,2048,2048,2048,1412.94,0.0445612,1,-,1,67,2026-10-05T18:19:23Z
160121,cheap,1,llama-3.2-1b,wk_wv,2048,512,2048,434.148,0.0102232,1,-,1,67,2026-10-05T18:19:23Z
160121,cheap,1,llama-3.2-1b,w1_w3,2048,8192,2048,4281.52,0.0110673,1,-,1,67,2026-10-05T18:19:23Z
160121,cheap,1,llama-3.2-1b,w2,2048,2048,8192,5654.38,0.0465909,1,-,1,67,2026-10-05T18:19:23Z
160122,cheap,1,llama-3.2-1b,wq_wo,2048,2048,2048,4316.26,0.00460799,1,-,1,66,2026-10-05T18:19:38Z
160122,cheap,1,llama-3.2-1b,wk_wv,2048,512,2048,1240.82,0.00127081,1,-,1,66,2026-10-05T18:19:38Z
160122,cheap,1,llama-3.2-1b,w1_w3,2048,8192,2048,17257.6,0.00268585,1,-,1,66,2026-10-05T18:19:38Z
160122,cheap,1,llama-3.2-1b,w2,2048,2048,8192,17279,0.00666023,1,-,1,66,2026-10-05T18:19:38Z
160123,cheap,1,llama-3.2-1b,wq_wo,2048,2048,2048,344.136,0.0174207,1,-,1,67,2026-10-05T18:19:51Z
160123,cheap,1,llama-3.2-1b,wk_wv,2048,512,2048,87.386,0.0120653,1,-,1,67,2026-10-05T18:19:51Z
160123,cheap,1,llama-3.2-1b,w1_w3,2048,8192,2048,1382.89,0.012708,1,-,1,67,2026-10-05T18:19:51Z
160123,cheap,1,llama-3.2-1b,w2,2048,2048,8192,1349.32,0.0136111,1,-,1,67,2026-10-05T18:19:51Z
160125,cheap,1,llama-3.2-1b,wq_wo,2048,2048,2048,339.742,0.01938,1,-,1,67,2026-10-05T18:20:04Z
160125,cheap,1,llama-3.2-1b,wk_wv,2048,512,2048,146.224,0.00566887,1,-,1,67,2026-10-05T18:20:04Z
160125,cheap,1,llama-3.2-1b,w1_w3,2048,8192,2048,1368.95,0.0174384,1,-,1,67,2026-10-05T18:20:04Z
160125,cheap,1,llama-3.2-1b,w2,2048,2048,8192,1364.97,0.0152982,1,-,1,67,2026-10-05T18:20:04Z
160126,cheap,1,llama-3.2-1b,wq_wo,2048,2048,2048,420.108,0.0134392,1,-,1,67,2026-10-05T18:20:17Z
160126,cheap,1,llama-3.2-1b,wk_wv,2048,512,2048,128.96,0.00629311,1,-,1,67,2026-10-05T18:20:17Z
160126,cheap,1,llama-3.2-1b,w1_w3,2048,8192,2048,1339.83,0.0183951,1,-,1,67,2026-10-05T18:20:17Z
160126,cheap,1,llama-3.2-1b,w2,2048,2048,8192,1681.89,0.0202549,1,-,1,67,2026-10-05T18:20:17Z
160127,cheap,1,llama-3.2-1b,wq_wo,2048,2048,2048,2193.57,0.00796885,1,-,1,66,2026-10-05T18:20:32Z
160127,cheap,1,llama-3.2-1b,wk_wv,2048,512,2048,879.19,0.00664727,1,-,1,66,2026-10-05T18:20:32Z
160127,cheap,1,llama-3.2-1b,w1_w3,2048,8192,2048,7670.55,0.0166027,1,-,1,66,2026-10-05T18:20:32Z
160127,cheap,1,llama-3.2-1b,w2,2048,2048,8192,8634.03,0.00751036,1,-,1,66,2026-10-05T18:20:32Z
160129,cheap,1,llama-3.2-1b,wq_wo,2048,2048,2048,1961.13,0.00581957,1,-,1,66,2026-10-05T18:20:46Z
160129,cheap,1,llama-3.2-1b,wk_wv,2048,512,2048,744.9,0.00918143,1,-,1,66,2026-10-05T18:20:46Z
160129,cheap,1,llama-3.2-1b,w1_w3,2048,8192,2048,6825.57,0.00304488,1,-,1,66,2026-10-05T18:20:46Z
160129,cheap,1,llama-3.2-1b,w2,2048,2048,8192,7686.93,0.00405946,1,-,1,66,2026-10-05T18:20:46Z
160130,cheap,1,llama-3.2-1b,wq_wo,2048,2048,2048,292.812,0.0197031,1,-,1,67,2026-10-05T18:20:59Z
160130,cheap,1,llama-3.2-1b,wk_wv,2048,512,2048,121.524,0.00367538,1,-,1,67,2026-10-05T18:20:59Z
160130,cheap,1,llama-3.2-1b,w1_w3,2048,8192,2048,1191.4,0.0164012,1,-,1,67,2026-10-05T18:20:59Z
160130,cheap,1,llama-3.2-1b,w2,2048,2048,8192,1223.22,0.0170205,1,-,1,67,2026-10-05T18:20:59Z
160131,cheap,1,llama-3.2-1b,wq_wo,2048,2048,2048,271.986,0.0262182,1,-,1,67,2026-10-05T18:21:13Z
160131,cheap,1,llama-3.2-1b,wk_wv,2048,512,2048,189.904,0.00384315,1,-,1,67,2026-10-05T18:21:13Z
160131,cheap,1,llama-3.2-1b,w1_w3,2048,8192,2048,1185.55,0.0290768,1,-,1,67,2026-10-05T18:21:13Z
160131,cheap,1,llama-3.2-1b,w2,2048,2048,8192,1042.99,0.0338379,1,-,1,67,2026-10-05T18:21:13Z
160132,cheap,1,llama-3.2-1b,wq_wo,2048,2048,2048,287.664,0.021378,1,-,1,67,2026-10-05T18:21:26Z
160132,cheap,1,llama-3.2-1b,wk_wv,2048,512,2048,114.192,0.00400056,1,-,1,67,2026-10-05T18:21:26Z
160132,cheap,1,llama-3.2-1b,w1_w3,2048,8192,2048,1015.66,0.026467,1,-,1,67,2026-10-05T18:21:26Z
160132,cheap,1,llama-3.2-1b,w2,2048,2048,8192,1210.92,0.0183967,1,-,1,67,2026-10-05T18:21:26Z
160133,cheap,1,llama-3.2-1b,wq_wo,2048,2048,2048,321.36,0.0159678,1,-,1,67,2026-10-05T18:21:39Z
160133,cheap,1,llama-3.2-1b,wk_wv,2048,512,2048,136.552,0.00296609,1,-,1,67,2026-10-05T18:21:39Z
160133,cheap,1,llama-3.2-1b,w1_w3,2048,8192,2048,1272.13,0.0175687,1,-,1,67,2026-10-05T18:21:39Z
160133,cheap,1,llama-3.2-1b,w2,2048,2048,8192,1284.09,0.0149802,1,-,1,67,2026-10-05T18:21:39Z
160134,cheap,1,llama-3.2-1b,wq_wo,2048,2048,2048,2116.14,0.00699872,1,-,1,65,2026-10-05T18:21:53Z
160134,cheap,1,llama-3.2-1b,wk_wv,2048,512,2048,532.584,0.00580315,1,-,1,65,2026-10-05T18:21:53Z
160134,cheap,1,llama-3.2-1b,w1_w3,2048,8192,2048,8698.51,0.0015346,1,-,1,65,2026-10-05T18:21:53Z
160134,cheap,1,llama-3.2-1b,w2,2048,2048,8192,8519.73,0.00801561,1,-,1,65,2026-10-05T18:21:53Z
160135,cheap,1,llama-3.2-1b,wq_wo,2048,2048,2048,872.768,0.0330974,1,-,1,66,2026-10-05T18:22:07Z
160135,cheap,1,llama-3.2-1b,wk_wv,2048,512,2048,271.7,0.0063558,1,-,1,66,2026-10-05T18:22:07Z
160135,cheap,1,llama-3.2-1b,w1_w3,2048,8192,2048,2829.58,0.00912865,1,-,1,66,2026-10-05T18:22:07Z
160135,cheap,1,llama-3.2-1b,w2,2048,2048,8192,3448.9,0.0342023,1,-,1,66,2026-10-05T18:22:07Z
160136,cheap,1,llama-3.2-1b,wq_wo,2048,2048,2048,691.652,0.00703288,1,-,1,67,2026-10-05T18:22:20Z
160136,cheap,1,llama-3.2-1b,wk_wv,2048,512,2048,175.812,0.00565699,1,-,1,67,2026-10-05T18:22:20Z
160136,cheap,1,llama-3.2-1b,w1_w3,2048,8192,2048,2736.34,0.00405103,1,-,1,67,2026-10-05T18:22:20Z
160136,cheap,1,llama-3.2-1b,w2,2048,2048,8192,2733.54,0.00551118,1,-,1,67,2026-10-05T18:22:20Z
160137,cheap,1,llama-3.2-1b,wq_wo,2048,2048,2048,628.212,0.0288666,1,-,1,67,2026-10-05T18:22:33Z
160137,cheap,1,llama-3.2-1b,wk_wv,2048,512,2048,173.836,0.00475516,1,-,1,67,2026-10-05T18:22:33Z
160137,cheap,1,llama-3.2-1b,w1_w3,2048,8192,2048,2117.21,0.0234939,1,-,1,67,2026-10-05T18:22:33Z
160137,cheap,1,llama-3.2-1b,w2,2048,2048,8192,2486.2,0.0472085,1,-,1,67,2026-10-05T18:22:33Z
160138,cheap,1,llama-3.2-1b,wq_wo,2048,2048,2048,728.104,0.0339657,1,-,1,66,2026-10-05T18:22:47Z
160138,cheap,1,llama-3.2-1b,wk_wv,2048,512,2048,327.912,0.0043947,1,-,1,66,2026-10-05T18:22:47Z
160138,cheap,1,llama-3.2-1b,w1_w3,2048,8192,2048,2961.97,0.030282,1,-,1,66,2026-10-05T18:22:47Z
160138,cheap,1,llama-3.2-1b,w2,2048,2048,8192,2941.22,0.0374465,1,-,1,66,2026-10-05T18:22:47Z
160139,cheap,1,llama-3.2-1b,wq_wo,2048,2048,2048,755.534,0.00728126,1,-,1,67,2026-10-05T18:23:00Z
160139,cheap,1,llama-3.2-1b,wk_wv,2048,512,2048,170.664,0.0075892,1,-,1,67,2026-10-05T18:23:00Z
160139,cheap,1,llama-3.2-1b,w1_w3,2048,8192,2048,2592.85,0.00579544,1,-,1,67,2026-10-05T18:23:00Z
160139,cheap,1,llama-3.2-1b,w2,2048,2048,8192,2973.2,0.0100079,1,-,1,67,2026-10-05T18:23:00Z
160140,cheap,1,llama-3.2-1b,wq_wo,2048,2048,2048,288.496,0.0185459,1,-,1,67,2026-10-05T18:23:14Z
160140,cheap,1,llama-3.2-1b,wk_wv,2048,512,2048,125.788,0.00273923,1,-,1,67,2026-10-05T18:23:14Z
160140,cheap,1,llama-3.2-1b,w1_w3,2048,8192,2048,1204.42,0.0101213,1,-,1,67,2026-10-05T18:23:14Z
160140,cheap,1,llama-3.2-1b,w2,2048,2048,8192,1180.09,0.0156455,1,-,1,67,2026-10-05T18:23:14Z
160141,cheap,1,llama-3.2-1b,wq_wo,2048,2048,2048,427.7,0.0102608,1,-,1,67,2026-10-05T18:23:27Z
160141,cheap,1,llama-3.2-1b,wk_wv,2048,512,2048,103.324,0.0101844,1,-,1,67,2026-10-05T18:23:27Z
160141,cheap,1,llama-3.2-1b,w1_w3,2048,8192,2048,1661.69,0.00866509,1,-,1,67,2026-10-05T18:23:27Z
160141,cheap,1,llama-3.2-1b,w2,2048,2048,8192,1701.75,0.0106753,1,-,1,67,2026-10-05T18:23:27Z
160142,cheap,1,llama-3.2-1b,wq_wo,2048,2048,2048,296.4,0.0215183,1,-,1,67,2026-10-05T18:23:40Z
160142,cheap,1,llama-3.2-1b,wk_wv,2048,512,2048,80.964,0.0117347,1,-,1,67,2026-10-05T18:23:40Z
160142,cheap,1,llama-3.2-1b,w1_w3,2048,8192,2048,1184.01,0.0217945,1,-,1,67,2026-10-05T18:23:40Z
160142,cheap,1,llama-3.2-1b,w2,2048,2048,8192,1236.87,0.0203356,1,-,1,67,2026-10-05T18:23:40Z
160143,cheap,1,llama-3.2-1b,wq_wo,2048,2048,2048,1520.22,0.00219639,1,-,1,67,2026-10-05T18:23:51Z
160143,cheap,1,llama-3.2-1b,wk_wv,2048,512,2048,383.552,0.00346406,1,-,1,67,2026-10-05T18:23:51Z
160143,cheap,1,llama-3.2-1b,w1_w3,2048,8192,2048,6712.45,0.00375152,1,-,1,67,2026-10-05T18:23:51Z
160143,cheap,1,llama-3.2-1b,w2,2048,2048,8192,6101.06,0.00275787,1,-,1,67,2026-10-05T18:23:51Z
160144,cheap,1,llama-3.2-1b,wq_wo,2048,2048,2048,947.232,0.0376049,1,-,1,67,2026-10-05T18:24:05Z
160144,cheap,1,llama-3.2-1b,wk_wv,2048,512,2048,302.848,0.00576168,1,-,1,67,2026-10-05T18:24:05Z
160144,cheap,1,llama-3.2-1b,w1_w3,2048,8192,2048,3062.59,0.00896638,1,-,1,67,2026-10-05T18:24:05Z
160144,cheap,1,llama-3.2-1b,w2,2048,2048,8192,3769.92,0.0369571,1,-,1,67,2026-10-05T18:24:05Z
160145,cheap,1,llama-3.2-1b,wq_wo,2048,2048,2048,323.492,0.0177886,1,-,1,67,2026-10-05T18:24:18Z
160145,cheap,1,llama-3.2-1b,wk_wv,2048,512,2048,135.564,0.00294072,1,-,1,67,2026-10-05T18:24:18Z
160145,cheap,1,llama-3.2-1b,w1_w3,2048,8192,2048,1221.25,0.0143772,1,-,1,67,2026-10-05T18:24:18Z
160145,cheap,1,llama-3.2-1b,w2,2048,2048,8192,1413.46,0.0152063,1,-,1,67,2026-10-05T18:24:18Z
160146,cheap,1,llama-3.2-1b,wq_wo,2048,2048,2048,4467.68,0.0657962,1,-,1,66,2026-10-05T18:24:32Z
160146,cheap,1,llama-3.2-1b,wk_wv,2048,512,2048,1381.98,0.000803956,1,-,1,66,2026-10-05T18:24:32Z
160146,cheap,1,llama-3.2-1b,w1_w3,2048,8192,2048,15755.7,0.0142366,1,-,1,66,2026-10-05T18:24:32Z
160146,cheap,1,llama-3.2-1b,w2,2048,2048,8192,17333.1,0.041109,1,-,1,66,2026-10-05T18:24:32Z
160147,cheap,1,llama-3.2-1b,wq_wo,2048,2048,2048,1099.12,0.00701172,1,-,1,65,2026-10-05T18:24:47Z
160147,cheap,1,llama-3.2-1b,wk_wv,2048,512,2048,360.048,0.00894328,1,-,1,65,2026-10-05T18:24:47Z
160147,cheap,1,llama-3.2-1b,w1_w3,2048,8192,2048,4424.91,0.0094639,1,-,1,65,2026-10-05T18:24:47Z
160147,cheap,1,llama-3.2-1b,w2,2048,2048,8192,4349.31,0.00892524,1,-,1,65,2026-10-05T18:24:47Z
160148,cheap,1,llama-3.2-1b,wq_wo,2048,2048,2048,253.838,0.022086,1,-,1,67,2026-10-05T18:25:00Z
160148,cheap,1,llama-3.2-1b,wk_wv,2048,512,2048,107.64,0.0076591,1,-,1,67,2026-10-05T18:25:00Z
160148,cheap,1,llama-3.2-1b,w1_w3,2048,8192,2048,1027.16,0.0237339,1,-,1,67,2026-10-05T18:25:00Z
160148,cheap,1,llama-3.2-1b,w2,2048,2048,8192,1023.05,0.0240333,1,-,1,67,2026-10-05T18:25:00Z
160149,cheap,1,llama-3.2-1b,wq_wo,2048,2048,2048,665.184,0.00467141,1,-,1,67,2026-10-05T18:25:14Z
160149,cheap,1,llama-3.2-1b,wk_wv,2048,512,2048,233.272,0.00318476,1,-,1,67,2026-10-05T18:25:14Z
160149,cheap,1,llama-3.2-1b,w1_w3,2048,8192,2048,2764.27,0.0101581,1,-,1,67,2026-10-05T18:25:14Z
160149,cheap,1,llama-3.2-1b,w2,2048,2048,8192,2546.96,0.00293247,1,-,1,67,2026-10-05T18:25:14Z
160150,cheap,1,llama-3.2-1b,wq_wo,2048,2048,2048,394.524,0.00419619,1,-,1,67,2026-10-05T18:25:27Z
160150,cheap,1,llama-3.2-1b,wk_wv,2048,512,2048,160.784,0.00281024,1,-,1,67,2026-10-05T18:25:27Z
160150,cheap,1,llama-3.2-1b,w1_w3,2048,8192,2048,1590.06,0.00715051,1,-,1,67,2026-10-05T18:25:27Z
160150,cheap,1,llama-3.2-1b,w2,2048,2048,8192,1542.19,0.00469272,1,-,1,67,2026-10-05T18:25:27Z
160151,cheap,1,llama-3.2-1b,wq_wo,2048,2048,2048,1088.33,0.02833,1,-,1,66,2026-10-05T18:25:42Z
160151,cheap,1,llama-3.2-1b,wk_wv,2048,512,2048,344.604,0.0343061,1,-,1,66,2026-10-05T18:25:42Z
160151,cheap,1,llama-3.2-1b,w1_w3,2048,8192,2048,3434.44,0.00762877,1,-,1,66,2026-10-05T18:25:42Z
160151,cheap,1,llama-3.2-1b,w2,2048,2048,8192,4376.16,0.0342377,1,-,1,66,2026-10-05T18:25:42Z
160152,cheap,1,llama-3.2-1b,wq_wo,2048,2048,2048,616.616,0.0314098,1,-,1,66,2026-10-05T18:25:55Z
160152,cheap,1,llama-3.2-1b,wk_wv,2048,512,2048,132.314,0.0041475,1,-,1,66,2026-10-05T18:25:55Z
160152,cheap,1,llama-3.2-1b,w1_w3,2048,8192,2048,2128.72,0.00507481,1,-,1,66,2026-10-05T18:25:55Z
160152,cheap,1,llama-3.2-1b,w2,2048,2048,8192,2502.55,0.0476497,1,-,1,66,2026-10-05T18:25:55Z
160153,cheap,1,llama-3.2-1b,wq_wo,2048,2048,2048,312.832,0.0184016,1,-,1,67,2026-10-05T18:26:08Z
160153,cheap,1,llama-3.2-1b,wk_wv,2048,512,2048,107.952,0.00610275,1,-,1,67,2026-10-05T18:26:08Z
160153,cheap,1,llama-3.2-1b,w1_w3,2048,8192,2048,1249.95,0.0161463,1,-,1,67,2026-10-05T18:26:08Z
160153,cheap,1,llama-3.2-1b,w2,2048,2048,8192,1266.77,0.0154978,1,-,1,67,2026-10-05T18:26:08Z
160154,cheap,1,llama-3.2-1b,wq_wo,2048,2048,2048,437.684,0.0183053,1,-,1,66,2026-10-05T18:26:23Z
160154,cheap,1,llama-3.2-1b,wk_wv,2048,512,2048,132.808,0.00424549,1,-,1,66,2026-10-05T18:26:23Z
160154,cheap,1,llama-3.2-1b,w1_w3,2048,8192,2048,1410.76,0.0151993,1,-,1,66,2026-10-05T18:26:23Z
160154,cheap,1,llama-3.2-1b,w2,2048,2048,8192,1714.65,0.0146435,1,-,1,66,2026-10-05T18:26:23Z
160155,cheap,1,llama-3.2-1b,wq_wo,2048,2048,2048,409.968,0.0122119,1,-,1,67,2026-10-05T18:26:36Z
160155,cheap,1,llama-3.2-1b,wk_wv,2048,512,2048,103.324,0.00466048,1,-,1,67,2026-10-05T18:26:36Z
160155,cheap,1,llama-3.2-1b,w1_w3,2048,8192,2048,1660.49,0.0128479,1,-,1,67,2026-10-05T18:26:36Z
160155,cheap,1,llama-3.2-1b,w2,2048,2048,8192,1599.47,0.0108737,1,-,1,67,2026-10-05T18:26:36Z
160156,cheap,1,llama-3.2-1b,wq_wo,2048,2048,2048,618.748,0.0232265,1,-,1,67,2026-10-05T18:26:50Z
160156,cheap,1,llama-3.2-1b,wk_wv,2048,512,2048,438.49,0.0123282,1,-,1,67,2026-10-05T18:26:50Z
160156,cheap,1,llama-3.2-1b,w1_w3,2048,8192,2048,2748.25,0.0199443,1,-,1,67,2026-10-05T18:26:50Z
160156,cheap,1,llama-3.2-1b,w2,2048,2048,8192,2446.99,0.0202875,1,-,1,67,2026-10-05T18:26:50Z
160157,cheap,1,llama-3.2-1b,wq_wo,2048,2048,2048,860.496,0.0191379,1,-,1,67,2026-10-05T18:27:04Z
160157,cheap,1,llama-3.2-1b,wk_wv,2048,512,2048,190.164,0.00732111,1,-,1,67,2026-10-05T18:27:04Z
160157,cheap,1,llama-3.2-1b,w1_w3,2048,8192,2048,3112.98,0.00448192,1,-,1,67,2026-10-05T18:27:04Z
160157,cheap,1,llama-3.2-1b,w2,2048,2048,8192,3452.9,0.0210318,1,-,1,67,2026-10-05T18:27:04Z
160158,cheap,1,llama-3.2-1b,wq_wo,2048,2048,2048,394.472,0.0163744,1,-,1,67,2026-10-05T18:27:17Z
160158,cheap,1,llama-3.2-1b,wk_wv,2048,512,2048,97.344,0.00950018,1,-,1,67,2026-10-05T18:27:17Z
160158,cheap,1,llama-3.2-1b,w1_w3,2048,8192,2048,1575.18,0.0119721,1,-,1,67,2026-10-05T18:27:17Z
160158,cheap,1,llama-3.2-1b,w2,2048,2048,8192,1566.08,0.0107403,1,-,1,67,2026-10-05T18:27:17Z
160159,cheap,1,llama-3.2-1b,wq_wo,2048,2048,2048,4444.65,0.0675428,1,-,1,66,2026-10-05T18:27:31Z
160159,cheap,1,llama-3.2-1b,wk_wv,2048,512,2048,1866.64,0.00465906,1,-,1,66,2026-10-05T18:27:31Z
160159,cheap,1,llama-3.2-1b,w1_w3,2048,8192,2048,18355.7,0.0123494,1,-,1,66,2026-10-05T18:27:31Z
160159,cheap,1,llama-3.2-1b,w2,2048,2048,8192,17243.7,0.0182512,1,-,1,66,2026-10-05T18:27:31Z
160160,cheap,1,llama-3.2-1b,wq_wo,2048,2048,2048,425.412,0.0178521,1,-,1,67,2026-10-05T18:27:44Z
160160,cheap,1,llama-3.2-1b,wk_wv,2048,512,2048,109.928,0.0121298,1,-,1,67,2026-10-05T18:27:44Z
160160,cheap,1,llama-3.2-1b,w1_w3,2048,8192,2048,1695.38,0.0131398,1,-,1,67,2026-10-05T18:27:44Z
160160,cheap,1,llama-3.2-1b,w2,2048,2048,8192,1710.12,0.0539077,1,-,1,67,2026-10-05T18:27:44Z
160161,cheap,1,llama-3.2-1b,wq_wo,2048,2048,2048,739.206,0.00900293,1,-,1,67,2026-10-05T18:27:58Z
160161,cheap,1,llama-3.2-1b,wk_wv,2048,512,2048,306.072,0.00344446,1,-,1,67,2026-10-05T18:27:58Z
160161,cheap,1,llama-3.2-1b,w1_w3,2048,8192,2048,3068.42,0.015114,1,-,1,67,2026-10-05T18:27:58Z
160161,cheap,1,llama-3.2-1b,w2,2048,2048,8192,2933.53,0.00556467,1,-,1,67,2026-10-05T18:27:58Z
160162,cheap,1,llama-3.2-1b,wq_wo,2048,2048,2048,2369.64,0.00734808,1,-,1,66,2026-10-05T18:28:12Z
160162,cheap,1,llama-3.2-1b,wk_wv,2048,512,2048,598.78,0.00402195,1,-,1,66,2026-10-05T18:28:12Z
160162,cheap,1,llama-3.2-1b,w1_w3,2048,8192,2048,9735.21,0.00214928,1,-,1,66,2026-10-05T18:28:12Z
160162,cheap,1,llama-3.2-1b,w2,2048,2048,8192,9456.64,0.00334664,1,-,1,66,2026-10-05T18:28:12Z
160163,cheap,1,llama-3.2-1b,wq_wo,2048,2048,2048,365.378,0.0250193,1,-,1,68,2026-10-05T18:28:25Z
160163,cheap,1,llama-3.2-1b,wk_wv,2048,512,2048,97.084,0.00719136,1,-,1,68,2026-10-05T18:28:25Z
160163,cheap,1,llama-3.2-1b,w1_w3,2048,8192,2048,1457.04,0.0252753,1,-,1,68,2026-10-05T18:28:25Z
160163,cheap,1,llama-3.2-1b,w2,2048,2048,8192,1462.29,0.0263429,1,-,1,68,2026-10-05T18:28:25Z
160164,cheap,1,llama-3.2-1b,wq_wo,2048,2048,2048,739.492,0.00747101,1,-,1,66,2026-10-05T18:28:40Z
160164,cheap,1,llama-3.2-1b,wk_wv,2048,512,2048,279.136,0.00803349,1,-,1,66,2026-10-05T18:28:40Z
160164,cheap,1,llama-3.2-1b,w1_w3,2048,8192,2048,2564.07,0.00678212,1,-,1,66,2026-10-05T18:28:40Z
160164,cheap,1,llama-3.2-1b,w2,2048,2048,8192,2870.76,0.00520284,1,-,1,66,2026-10-05T18:28:40Z
160165,cheap,1,llama-3.2-1b,wq_wo,2048,2048,2048,266.344,0.0233292,1,-,1,68,2026-10-05T18:28:53Z
160165,cheap,1,llama-3.2-1b,wk_wv,2048,512,2048,92.716,0.0104756,1,-,1,68,2026-10-05T18:28:53Z
160165,cheap,1,llama-3.2-1b,w1_w3,2048,8192,2048,1046.86,0.0285256,1,-,1,68,2026-10-05T18:28:53Z
160165,cheap,1,llama-3.2-1b,w2,2048,2048,8192,1059.6,0.0269262,1,-,1,68,2026-10-05T18:28:53Z
160166,cheap,1,llama-3.2-1b,wq_wo,2048,2048,2048,277.42,0.0210544,1,-,1,67,2026-10-05T18:29:06Z
160166,cheap,1,llama-3.2-1b,wk_wv,2048,512,2048,116.792,0.0153031,1,-,1,67,2026-10-05T18:29:06Z
160166,cheap,1,llama-3.2-1b,w1_w3,2048,8192,2048,1034.8,0.0245067,1,-,1,67,2026-10-05T18:29:06Z
160166,cheap,1,llama-3.2-1b,w2,2048,2048,8192,1166.62,0.0172575,1,-,1,67,2026-10-05T18:29:06Z
base,cheap,b4,llama-3.2-1b,wq_wo,2048,2048,2048,255.58,0.0252077,1,-,1,67,2026-10-05T18:29:19Z
base,cheap,b4,llama-3.2-1b,wk_wv,2048,512,2048,93.106,0.00853239,1,-,1,67,2026-10-05T18:29:19Z
base,cheap,b4,llama-3.2-1b,w1_w3,2048,8192,2048,989.404,0.0341552,1,-,1,67,2026-10-05T18:29:19Z
base,cheap,b4,llama-3.2-1b,w2,2048,2048,8192,1033.76,0.0295679,1,-,1,67,2026-10-05T18:29:19Z
160168,cheap,1,llama-3.2-1b,wq_wo,2048,2048,2048,901.784,0.014388,1,-,1,67,2026-10-05T18:29:32Z
160168,cheap,1,llama-3.2-1b,wk_wv,2048,512,2048,206.102,0.00999916,1,-,1,67,2026-10-05T18:29:32Z
160168,cheap,1,llama-3.2-1b,w1_w3,2048,8192,2048,3056.25,0.00767912,1,-,1,67,2026-10-05T18:29:32Z
160168,cheap,1,llama-3.2-1b,w2,2048,2048,8192,3574.92,0.00997202,1,-,1,67,2026-10-05T18:29:32Z
160169,cheap,1,llama-3.2-1b,wq_wo,2048,2048,2048,848.172,0.0445905,1,-,1,66,2026-10-05T18:29:47Z
160169,cheap,1,llama-3.2-1b,wk_wv,2048,512,2048,272.168,0.00986167,1,-,1,66,2026-10-05T18:29:47Z
160169,cheap,1,llama-3.2-1b,w1_w3,2048,8192,2048,2906.38,0.0234817,1,-,1,66,2026-10-05T18:29:47Z
160169,cheap,1,llama-3.2-1b,w2,2048,2048,8192,3347.03,0.0869009,1,-,1,66,2026-10-05T18:29:47Z
160170,cheap,1,llama-3.2-1b,wq_wo,2048,2048,2048,280.852,0.0221521,1,-,1,69,2026-10-05T18:29:57Z
160170,cheap,1,llama-3.2-1b,wk_wv,2048,512,2048,109.98,0.00767801,1,-,1,69,2026-10-05T18:29:57Z
160170,cheap,1,llama-3.2-1b,w1_w3,2048,8192,2048,1102.06,0.0225893,1,-,1,69,2026-10-05T18:29:57Z
160170,cheap,1,llama-3.2-1b,w2,2048,2048,8192,1130.32,0.0194426,1,-,1,69,2026-10-05T18:29:57Z
160171,cheap,1,llama-3.2-1b,wq_wo,2048,2048,2048,786.656,0.00323329,1,-,1,67,2026-10-05T18:30:10Z
160171,cheap,1,llama-3.2-1b,wk_wv,2048,512,2048,200.876,0.0035955,1,-,1,67,2026-10-05T18:30:10Z
160171,cheap,1,llama-3.2-1b,w1_w3,2048,8192,2048,3139.5,0.00192209,1,-,1,67,2026-10-05T18:30:10Z
160171,cheap,1,llama-3.2-1b,w2,2048,2048,8192,3053.93,0.00189389,1,-,1,67,2026-10-05T18:30:10Z
160172,cheap,1,llama-3.2-1b,wq_wo,2048,2048,2048,330.954,0.0186423,1,-,1,67,2026-10-05T18:30:23Z
160172,cheap,1,llama-3.2-1b,wk_wv,2048,512,2048,140.452,0.00340121,1,-,1,67,2026-10-05T18:30:23Z
160172,cheap,1,llama-3.2-1b,w1_w3,2048,8192,2048,1315.29,0.0176618,1,-,1,67,2026-10-05T18:30:23Z
160172,cheap,1,llama-3.2-1b,w2,2048,2048,8192,1324.54,0.016754,1,-,1,67,2026-10-05T18:30:23Z
160173,cheap,1,llama-3.2-1b,wq_wo,2048,2048,2048,429.572,0.0105923,1,-,1,67,2026-10-05T18:30:36Z
160173,cheap,1,llama-3.2-1b,wk_wv,2048,512,2048,114.192,0.00348384,1,-,1,67,2026-10-05T18:30:36Z
160173,cheap,1,llama-3.2-1b,w1_w3,2048,8192,2048,1700.4,0.0062125,1,-,1,67,2026-10-05T18:30:36Z
160173,cheap,1,llama-3.2-1b,w2,2048,2048,8192,1828.32,0.012778,1,-,1,67,2026-10-05T18:30:36Z
160174,cheap,1,llama-3.2-1b,wq_wo,2048,2048,2048,333.086,0.020441,1,-,1,67,2026-10-05T18:30:50Z
160174,cheap,1,llama-3.2-1b,wk_wv,2048,512,2048,130.988,0.0056278,1,-,1,67,2026-10-05T18:30:50Z
160174,cheap,1,llama-3.2-1b,w1_w3,2048,8192,2048,1249.14,0.0169273,1,-,1,67,2026-10-05T18:30:50Z
160174,cheap,1,llama-3.2-1b,w2,2048,2048,8192,1329.33,0.0194919,1,-,1,67,2026-10-05T18:30:50Z
160175,cheap,1,llama-3.2-1b,wq_wo,2048,2048,2048,349.388,0.0170046,1,-,1,66,2026-10-05T18:31:04Z
160175,cheap,1,llama-3.2-1b,wk_wv,2048,512,2048,88.66,0.00792489,1,-,1,66,2026-10-05T18:31:04Z
160175,cheap,1,llama-3.2-1b,w1_w3,2048,8192,2048,1381.12,0.023469,1,-,1,66,2026-10-05T18:31:04Z
160175,cheap,1,llama-3.2-1b,w2,2048,2048,8192,1424.67,0.0119013,1,-,1,66,2026-10-05T18:31:04Z
160176,cheap,1,llama-3.2-1b,wq_wo,2048,2048,2048,351.364,0.0308809,1,-,1,67,2026-10-05T18:31:17Z
160176,cheap,1,llama-3.2-1b,wk_wv,2048,512,2048,142.896,0.00256731,1,-,1,67,2026-10-05T18:31:17Z
160176,cheap,1,llama-3.2-1b,w1_w3,2048,8192,2048,1220.83,0.00552901,1,-,1,67,2026-10-05T18:31:17Z
160176,cheap,1,llama-3.2-1b,w2,2048,2048,8192,1506.67,0.00504968,1,-,1,67,2026-10-05T18:31:17Z
160177,cheap,1,llama-3.2-1b,wq_wo,2048,2048,2048,3372.88,0.010621,1,-,1,67,2026-10-05T18:31:32Z
160177,cheap,1,llama-3.2-1b,wk_wv,2048,512,2048,1015.38,0.000865562,1,-,1,67,2026-10-05T18:31:32Z
160177,cheap,1,llama-3.2-1b,w1_w3,2048,8192,2048,14141.3,0.0328707,1,-,1,67,2026-10-05T18:31:32Z
160177,cheap,1,llama-3.2-1b,w2,2048,2048,8192,13724.3,0.0160748,1,-,1,67,2026-10-05T18:31:32Z
160178,cheap,1,llama-3.2-1b,wq_wo,2048,2048,2048,294.528,0.0219194,1,-,1,67,2026-10-05T18:31:45Z
160178,cheap,1,llama-3.2-1b,wk_wv,2048,512,2048,79.664,0.0101365,1,-,1,67,2026-10-05T18:31:45Z
160178,cheap,1,llama-3.2-1b,w1_w3,2048,8192,2048,1169.64,0.019057,1,-,1,67,2026-10-05T18:31:45Z
160178,cheap,1,llama-3.2-1b,w2,2048,2048,8192,1276.05,0.0150696,1,-,1,67,2026-10-05T18:31:45Z
160180,cheap,1,llama-3.2-1b,wq_wo,2048,2048,2048,301.444,0.0203247,1,-,1,67,2026-10-05T18:31:58Z
160180,cheap,1,llama-3.2-1b,wk_wv,2048,512,2048,99.424,0.00553772,1,-,1,67,2026-10-05T18:31:58Z
160180,cheap,1,llama-3.2-1b,w1_w3,2048,8192,2048,1189.97,0.0210718,1,-,1,67,2026-10-05T18:31:58Z
160180,cheap,1,llama-3.2-1b,w2,2048,2048,8192,1211.13,0.020444,1,-,1,67,2026-10-05T18:31:58Z
160182,cheap,1,llama-3.2-1b,wq_wo,2048,2048,2048,454.974,0.0300897,1,-,1,66,2026-10-05T18:32:13Z
160182,cheap,1,llama-3.2-1b,wk_wv,2048,512,2048,255.034,0.00282557,1,-,1,66,2026-10-05T18:32:13Z
160182,cheap,1,llama-3.2-1b,w1_w3,2048,8192,2048,1959.83,0.0274198,1,-,1,66,2026-10-05T18:32:13Z
160182,cheap,1,llama-3.2-1b,w2,2048,2048,8192,1757.65,0.0280375,1,-,1,66,2026-10-05T18:32:13Z
160183,cheap,1,llama-3.2-1b,wq_wo,2048,2048,2048,277.108,0.0227548,1,-,1,67,2026-10-05T18:32:26Z
160183,cheap,1,llama-3.2-1b,wk_wv,2048,512,2048,108.056,0.00646483,1,-,1,67,2026-10-05T18:32:26Z
160183,cheap,1,llama-3.2-1b,w1_w3,2048,8192,2048,1105.62,0.0232652,1,-,1,67,2026-10-05T18:32:26Z
160183,cheap,1,llama-3.2-1b,w2,2048,2048,8192,1110.88,0.0234234,1,-,1,67,2026-10-05T18:32:26Z
160184,cheap,1,llama-3.2-1b,wq_wo,2048,2048,2048,397.93,0.0248063,1,-,1,68,2026-10-05T18:32:39Z
160184,cheap,1,llama-3.2-1b,wk_wv,2048,512,2048,108.472,0.00551465,1,-,1,68,2026-10-05T18:32:39Z
160184,cheap,1,llama-3.2-1b,w1_w3,2048,8192,2048,1553.08,0.0266035,1,-,1,68,2026-10-05T18:32:39Z
160184,cheap,1,llama-3.2-1b,w2,2048,2048,8192,1588.86,0.024499,1,-,1,68,2026-10-05T18:32:39Z
160185,cheap,1,llama-3.2-1b,wq_wo,2048,2048,2048,386.672,0.0121517,1,-,1,67,2026-10-05T18:32:52Z
160185,cheap,1,llama-3.2-1b,wk_wv,2048,512,2048,155.012,0.00314559,1,-,1,67,2026-10-05T18:32:52Z
160185,cheap,1,llama-3.2-1b,w1_w3,2048,8192,2048,1633.74,0.0113949,1,-,1,67,2026-10-05T18:32:52Z
160185,cheap,1,llama-3.2-1b,w2,2048,2048,8192,1483.98,0.00669938,1,-,1,67,2026-10-05T18:32:52Z
160186,cheap,1,llama-3.2-1b,wq_wo,2048,2048,2048,1413.67,0.0530176,1,-,1,67,2026-10-05T18:33:06Z
160186,cheap,1,llama-3.2-1b,wk_wv,2048,512,2048,400.66,0.00913091,1,-,1,67,2026-10-05T18:33:06Z
160186,cheap,1,llama-3.2-1b,w1_w3,2048,8192,2048,4481.93,0.0132958,1,-,1,67,2026-10-05T18:33:06Z
160186,cheap,1,llama-3.2-1b,w2,2048,2048,8192,5632.43,0.051588,1,-,1,67,2026-10-05T18:33:06Z
160187,cheap,1,llama-3.2-1b,wq_wo,2048,2048,2048,911.976,0.0342881,1,-,1,66,2026-10-05T18:33:21Z
160187,cheap,1,llama-3.2-1b,wk_wv,2048,512,2048,281.892,0.0054909,1,-,1,66,2026-10-05T18:33:21Z
160187,cheap,1,llama-3.2-1b,w1_w3,2048,8192,2048,2999.15,0.00910905,1,-,1,66,2026-10-05T18:33:21Z
160187,cheap,1,llama-3.2-1b,w2,2048,2048,8192,3624.4,0.0196963,1,-,1,66,2026-10-05T18:33:21Z
160188,cheap,1,llama-3.2-1b,wq_wo,2048,2048,2048,655.824,0.00367417,1,-,1,67,2026-10-05T18:33:34Z
160188,cheap,1,llama-3.2-1b,wk_wv,2048,512,2048,167.44,0.0041766,1,-,1,67,2026-10-05T18:33:34Z
160188,cheap,1,llama-3.2-1b,w1_w3,2048,8192,2048,2606.84,0.00214059,1,-,1,67,2026-10-05T18:33:34Z
160188,cheap,1,llama-3.2-1b,w2,2048,2048,8192,2577.82,0.00266707,1,-,1,67,2026-10-05T18:33:34Z
160189,cheap,1,llama-3.2-1b,wq_wo,2048,2048,2048,255.684,0.0249366,1,-,1,67,2026-10-05T18:33:47Z
160189,cheap,1,llama-3.2-1b,wk_wv,2048,512,2048,93.132,0.00885195,1,-,1,67,2026-10-05T18:33:47Z
160189,cheap,1,llama-3.2-1b,w1_w3,2048,8192,2048,990.626,0.0340716,1,-,1,67,2026-10-05T18:33:47Z
160189,cheap,1,llama-3.2-1b,w2,2048,2048,8192,1033.45,0.0295771,1,-,1,67,2026-10-05T18:33:47Z
160190,cheap,1,llama-3.2-1b,wq_wo,2048,2048,2048,258.96,0.0234783,1,-,1,67,2026-10-05T18:34:00Z
160190,cheap,1,llama-3.2-1b,wk_wv,2048,512,2048,108.004,0.00840786,1,-,1,67,2026-10-05T18:34:00Z
160190,cheap,1,llama-3.2-1b,w1_w3,2048,8192,2048,998.036,0.0296687,1,-,1,67,2026-10-05T18:34:00Z
160190,cheap,1,llama-3.2-1b,w2,2048,2048,8192,1103.1,0.0206363,1,-,1,67,2026-10-05T18:34:00Z
160191,cheap,1,llama-3.2-1b,wq_wo,2048,2048,2048,283.972,0.0200481,1,-,1,67,2026-10-05T18:34:14Z
160191,cheap,1,llama-3.2-1b,wk_wv,2048,512,2048,118.352,0.0037901,1,-,1,67,2026-10-05T18:34:14Z
160191,cheap,1,llama-3.2-1b,w1_w3,2048,8192,2048,1056.59,0.0175681,1,-,1,67,2026-10-05T18:34:14Z
160191,cheap,1,llama-3.2-1b,w2,2048,2048,8192,1177.18,0.0201469,1,-,1,67,2026-10-05T18:34:14Z
160193,cheap,1,llama-3.2-1b,wq_wo,2048,2048,2048,403.78,0.0145521,1,-,1,67,2026-10-05T18:34:27Z
160193,cheap,1,llama-3.2-1b,wk_wv,2048,512,2048,125.112,0.0045608,1,-,1,67,2026-10-05T18:34:27Z
160193,cheap,1,llama-3.2-1b,w1_w3,2048,8192,2048,1288.77,0.0165513,1,-,1,67,2026-10-05T18:34:27Z
160193,cheap,1,llama-3.2-1b,w2,2048,2048,8192,1608.83,0.0189324,1,-,1,67,2026-10-05T18:34:27Z
160194,cheap,1,llama-3.2-1b,wq_wo,2048,2048,2048,729.248,0.0101161,1,-,1,66,2026-10-05T18:34:41Z
160194,cheap,1,llama-3.2-1b,wk_wv,2048,512,2048,163.696,0.00564083,1,-,1,66,2026-10-05T18:34:41Z
160194,cheap,1,llama-3.2-1b,w1_w3,2048,8192,2048,2496.73,0.00635895,1,-,1,66,2026-10-05T18:34:41Z
160194,cheap,1,llama-3.2-1b,w2,2048,2048,8192,2882.54,0.0119262,1,-,1,66,2026-10-05T18:34:41Z
160195,cheap,1,llama-3.2-1b,wq_wo,2048,2048,2048,351.312,0.0104887,1,-,1,67,2026-10-05T18:34:54Z
160195,cheap,1,llama-3.2-1b,wk_wv,2048,512,2048,150.956,0.00324417,1,-,1,67,2026-10-05T18:34:54Z
160195,cheap,1,llama-3.2-1b,w1_w3,2048,8192,2048,1470.14,0.00659542,1,-,1,67,2026-10-05T18:34:54Z
160195,cheap,1,llama-3.2-1b,w2,2048,2048,8192,1317,0.00994226,1,-,1,67,2026-10-05T18:34:54Z
160196,cheap,1,llama-3.2-1b,wq_wo,2048,2048,2048,351.884,0.0251486,1,-,1,68,2026-10-05T18:35:08Z
160196,cheap,1,llama-3.2-1b,wk_wv,2048,512,2048,93.548,0.0078093,1,-,1,68,2026-10-05T18:35:08Z
160196,cheap,1,llama-3.2-1b,w1_w3,2048,8192,2048,1380.08,0.0253462,1,-,1,68,2026-10-05T18:35:08Z
160196,cheap,1,llama-3.2-1b,w2,2048,2048,8192,1400.83,0.0258728,1,-,1,68,2026-10-05T18:35:08Z
160197,cheap,1,llama-3.2-1b,wq_wo,2048,2048,2048,768.82,0.0234993,1,-,1,67,2026-10-05T18:35:22Z
160197,cheap,1,llama-3.2-1b,wk_wv,2048,512,2048,325.052,0.00366875,1,-,1,67,2026-10-05T18:35:22Z
160197,cheap,1,llama-3.2-1b,w1_w3,2048,8192,2048,3050.5,0.0092796,1,-,1,67,2026-10-05T18:35:22Z
160197,cheap,1,llama-3.2-1b,w2,2048,2048,8192,3037.01,0.0349754,1,-,1,67,2026-10-05T18:35:22Z
160198,cheap,1,llama-3.2-1b,wq_wo,2048,2048,2048,916.708,0.0292413,1,-,1,66,2026-10-05T18:35:36Z
160198,cheap,1,llama-3.2-1b,wk_wv,2048,512,2048,282.256,0.00498439,1,-,1,66,2026-10-05T18:35:36Z
160198,cheap,1,llama-3.2-1b,w1_w3,2048,8192,2048,3023.85,0.00828075,1,-,1,66,2026-10-05T18:35:36Z
160198,cheap,1,llama-3.2-1b,w2,2048,2048,8192,3644.58,0.0358877,1,-,1,66,2026-10-05T18:35:36Z
160199,cheap,1,llama-3.2-1b,wq_wo,2048,2048,2048,352.82,0.020301,1,-,1,67,2026-10-05T18:35:49Z
160199,cheap,1,llama-3.2-1b,wk_wv,2048,512,2048,140.296,0.00277384,1,-,1,67,2026-10-05T18:35:49Z
160199,cheap,1,llama-3.2-1b,w1_w3,2048,8192,2048,1276.91,0.00451756,1,-,1,67,2026-10-05T18:35:49Z
160199,cheap,1,llama-3.2-1b,w2,2048,2048,8192,1505.22,0.00796315,1,-,1,67,2026-10-05T18:35:49Z
160200,cheap,1,llama-3.2-1b,wq_wo,2048,2048,2048,426.27,0.0225037,1,-,1,68,2026-10-05T18:36:03Z
160200,cheap,1,llama-3.2-1b,wk_wv,2048,512,2048,113.672,0.00484854,1,-,1,68,2026-10-05T18:36:03Z
160200,cheap,1,llama-3.2-1b,w1_w3,2048,8192,2048,1676.43,0.0232171,1,-,1,68,2026-10-05T18:36:03Z
160200,cheap,1,llama-3.2-1b,w2,2048,2048,8192,1701.34,0.0215547,1,-,1,68,2026-10-05T18:36:03Z
160201,cheap,1,llama-3.2-1b,wq_wo,2048,2048,2048,4330.98,0.0700295,1,-,1,66,2026-10-05T18:36:14Z
160201,cheap,1,llama-3.2-1b,wk_wv,2048,512,2048,1832.12,0.00950089,1,-,1,66,2026-10-05T18:36:14Z
160201,cheap,1,llama-3.2-1b,w1_w3,2048,8192,2048,18180.1,0.0109637,1,-,1,66,2026-10-05T18:36:14Z
160201,cheap,1,llama-3.2-1b,w2,2048,2048,8192,17772.8,0.0606578,1,-,1,66,2026-10-05T18:36:14Z
160202,cheap,1,llama-3.2-1b,wq_wo,2048,2048,2048,282.256,0.0222342,1,-,1,68,2026-10-05T18:36:27Z
160202,cheap,1,llama-3.2-1b,wk_wv,2048,512,2048,109.096,0.00487299,1,-,1,68,2026-10-05T18:36:27Z
160202,cheap,1,llama-3.2-1b,w1_w3,2048,8192,2048,1097.51,0.0279806,1,-,1,68,2026-10-05T18:36:27Z
160202,cheap,1,llama-3.2-1b,w2,2048,2048,8192,1131.99,0.0237451,1,-,1,68,2026-10-05T18:36:27Z
160204,cheap,1,llama-3.2-1b,wq_wo,2048,2048,2048,520.546,0.0227685,1,-,1,66,2026-10-05T18:36:42Z
160204,cheap,1,llama-3.2-1b,wk_wv,2048,512,2048,309.244,0.00805123,1,-,1,66,2026-10-05T18:36:42Z
160204,cheap,1,llama-3.2-1b,w1_w3,2048,8192,2048,2258.26,0.0246485,1,-,1,66,2026-10-05T18:36:42Z
160204,cheap,1,llama-3.2-1b,w2,2048,2048,8192,2033.98,0.0196829,1,-,1,66,2026-10-05T18:36:42Z
160205,cheap,1,llama-3.2-1b,wq_wo,2048,2048,2048,444.6,0.00626429,1,-,1,67,2026-10-05T18:36:55Z
160205,cheap,1,llama-3.2-1b,wk_wv,2048,512,2048,202.956,0.00299453,1,-,1,67,2026-10-05T18:36:55Z
160205,cheap,1,llama-3.2-1b,w1_w3,2048,8192,2048,1959.31,0.00444627,1,-,1,67,2026-10-05T18:36:55Z
160205,cheap,1,llama-3.2-1b,w2,2048,2048,8192,1745.15,0.00317707,1,-,1,67,2026-10-05T18:36:55Z
160206,cheap,1,llama-3.2-1b,wq_wo,2048,2048,2048,2184.65,0.0632394,1,-,1,67,2026-10-05T18:37:10Z
160206,cheap,1,llama-3.2-1b,wk_wv,2048,512,2048,861.692,0.00711546,1,-,1,67,2026-10-05T18:37:10Z
160206,cheap,1,llama-3.2-1b,w1_w3,2048,8192,2048,9109.67,0.0064133,1,-,1,67,2026-10-05T18:37:10Z
160206,cheap,1,llama-3.2-1b,w2,2048,2048,8192,8804.69,0.0171285,1,-,1,67,2026-10-05T18:37:10Z
160207,cheap,1,llama-3.2-1b,wq_wo,2048,2048,2048,689.312,0.00438977,1,-,1,67,2026-10-05T18:37:24Z
160207,cheap,1,llama-3.2-1b,wk_wv,2048,512,2048,236.08,0.00992018,1,-,1,67,2026-10-05T18:37:24Z
160207,cheap,1,llama-3.2-1b,w1_w3,2048,8192,2048,2783.01,0.00549813,1,-,1,67,2026-10-05T18:37:24Z
160207,cheap,1,llama-3.2-1b,w2,2048,2048,8192,2649.82,0.00189049,1,-,1,67,2026-10-05T18:37:24Z
160208,cheap,1,llama-3.2-1b,wq_wo,2048,2048,2048,705.38,0.017089,1,-,1,67,2026-10-05T18:37:37Z
160208,cheap,1,llama-3.2-1b,wk_wv,2048,512,2048,191.1,0.00305981,1,-,1,67,2026-10-05T18:37:37Z
160208,cheap,1,llama-3.2-1b,w1_w3,2048,8192,2048,2766.95,0.0173601,1,-,1,67,2026-10-05T18:37:37Z
160208,cheap,1,llama-3.2-1b,w2,2048,2048,8192,2832.08,0.0163914,1,-,1,67,2026-10-05T18:37:37Z
160210,cheap,1,llama-3.2-1b,wq_wo,2048,2048,2048,2049.81,0.00373384,1,-,1,66,2026-10-05T18:37:52Z
160210,cheap,1,llama-3.2-1b,wk_wv,2048,512,2048,623.532,0.00178972,1,-,1,66,2026-10-05T18:37:52Z
160210,cheap,1,llama-3.2-1b,w1_w3,2048,8192,2048,8531.64,0.00273681,1,-,1,66,2026-10-05T18:37:52Z
160210,cheap,1,llama-3.2-1b,w2,2048,2048,8192,8166.96,0.0053423,1,-,1,66,2026-10-05T18:37:52Z
160211,cheap,1,llama-3.2-1b,wq_wo,2048,2048,2048,1840.28,0.0252521,1,-,1,65,2026-10-05T18:38:06Z
160211,cheap,1,llama-3.2-1b,wk_wv,2048,512,2048,629.044,0.00263394,1,-,1,65,2026-10-05T18:38:06Z
160211,cheap,1,llama-3.2-1b,w1_w3,2048,8192,2048,6924.84,0.0253369,1,-,1,65,2026-10-05T18:38:06Z
160211,cheap,1,llama-3.2-1b,w2,2048,2048,8192,7182.97,0.0183462,1,-,1,65,2026-10-05T18:38:06Z
160212,cheap,1,llama-3.2-1b,wq_wo,2048,2048,2048,1598.01,0.012668,1,-,1,66,2026-10-05T18:38:21Z
160212,cheap,1,llama-3.2-1b,wk_wv,2048,512,2048,609.648,0.00132107,1,-,1,66,2026-10-05T18:38:21Z
160212,cheap,1,llama-3.2-1b,w1_w3,2048,8192,2048,6316.91,0.00446472,1,-,1,66,2026-10-05T18:38:21Z
160212,cheap,1,llama-3.2-1b,w2,2048,2048,8192,6444.05,0.00888221,1,-,1,66,2026-10-05T18:38:21Z
160213,cheap,1,llama-3.2-1b,wq_wo,2048,2048,2048,2304.59,0.00237204,1,-,1,65,2026-10-05T18:38:35Z
160213,cheap,1,llama-3.2-1b,wk_wv,2048,512,2048,583.596,0.00354179,1,-,1,65,2026-10-05T18:38:35Z
160213,cheap,1,llama-3.2-1b,w1_w3,2048,8192,2048,9466.24,0.00381693,1,-,1,65,2026-10-05T18:38:35Z
160213,cheap,1,llama-3.2-1b,w2,2048,2048,8192,9205.51,0.00207411,1,-,1,65,2026-10-05T18:38:35Z
160214,cheap,1,llama-3.2-1b,wq_wo,2048,2048,2048,609.388,0.0153055,1,-,1,67,2026-10-05T18:38:48Z
160214,cheap,1,llama-3.2-1b,wk_wv,2048,512,2048,161.044,0.00606931,1,-,1,67,2026-10-05T18:38:48Z
160214,cheap,1,llama-3.2-1b,w1_w3,2048,8192,2048,2422.42,0.0129211,1,-,1,67,2026-10-05T18:38:48Z
160214,cheap,1,llama-3.2-1b,w2,2048,2048,8192,2435.47,0.0126144,1,-,1,67,2026-10-05T18:38:48Z
160215,cheap,1,llama-3.2-1b,wq_wo,2048,2048,2048,275.86,0.0307574,1,-,1,67,2026-10-05T18:39:02Z
160215,cheap,1,llama-3.2-1b,wk_wv,2048,512,2048,104.728,0.00687842,1,-,1,67,2026-10-05T18:39:02Z
160215,cheap,1,llama-3.2-1b,w1_w3,2048,8192,2048,1129.18,0.0361988,1,-,1,67,2026-10-05T18:39:02Z
160215,cheap,1,llama-3.2-1b,w2,2048,2048,8192,1106.61,0.0212647,1,-,1,67,2026-10-05T18:39:02Z
160216,cheap,1,llama-3.2-1b,wq_wo,2048,2048,2048,337.688,0.0219853,1,-,1,67,2026-10-05T18:39:15Z
160216,cheap,1,llama-3.2-1b,wk_wv,2048,512,2048,90.844,0.00761754,1,-,1,67,2026-10-05T18:39:15Z
160216,cheap,1,llama-3.2-1b,w1_w3,2048,8192,2048,1334.63,0.0211795,1,-,1,67,2026-10-05T18:39:15Z
160216,cheap,1,llama-3.2-1b,w2,2048,2048,8192,1373.92,0.0195004,1,-,1,67,2026-10-05T18:39:15Z
160217,cheap,1,llama-3.2-1b,wq_wo,2048,2048,2048,259.532,0.0256709,1,-,1,67,2026-10-05T18:39:28Z
160217,cheap,1,llama-3.2-1b,wk_wv,2048,512,2048,89.336,0.00737666,1,-,1,67,2026-10-05T18:39:28Z
160217,cheap,1,llama-3.2-1b,w1_w3,2048,8192,2048,1053.62,0.0324586,1,-,1,67,2026-10-05T18:39:28Z
160217,cheap,1,llama-3.2-1b,w2,2048,2048,8192,1109.21,0.028875,1,-,1,67,2026-10-05T18:39:28Z
160218,cheap,1,llama-3.2-1b,wq_wo,2048,2048,2048,452.348,0.00924382,1,-,1,67,2026-10-05T18:39:41Z
160218,cheap,1,llama-3.2-1b,wk_wv,2048,512,2048,117.26,0.00373884,1,-,1,67,2026-10-05T18:39:41Z
160218,cheap,1,llama-3.2-1b,w1_w3,2048,8192,2048,1782.35,0.00820888,1,-,1,67,2026-10-05T18:39:41Z
160218,cheap,1,llama-3.2-1b,w2,2048,2048,8192,1802.53,0.00914549,1,-,1,67,2026-10-05T18:39:41Z
160219,cheap,1,llama-3.2-1b,wq_wo,2048,2048,2048,349.804,0.00155319,1,-,1,67,2026-10-05T18:39:54Z
160219,cheap,1,llama-3.2-1b,wk_wv,2048,512,2048,168.948,0.00388775,1,-,1,67,2026-10-05T18:39:54Z
160219,cheap,1,llama-3.2-1b,w1_w3,2048,8192,2048,1407.67,0.0043043,1,-,1,67,2026-10-05T18:39:54Z
160219,cheap,1,llama-3.2-1b,w2,2048,2048,8192,1405.79,0.00412396,1,-,1,67,2026-10-05T18:39:54Z
160220,cheap,1,llama-3.2-1b,wq_wo,2048,2048,2048,782.912,0.0235511,1,-,1,67,2026-10-05T18:40:08Z
160220,cheap,1,llama-3.2-1b,wk_wv,2048,512,2048,175.604,0.00633256,1,-,1,67,2026-10-05T18:40:08Z
160220,cheap,1,llama-3.2-1b,w1_w3,2048,8192,2048,2679.66,0.00679715,1,-,1,67,2026-10-05T18:40:08Z
160220,cheap,1,llama-3.2-1b,w2,2048,2048,8192,3118.8,0.0199001,1,-,1,67,2026-10-05T18:40:08Z
160221,cheap,1,llama-3.2-1b,wq_wo,2048,2048,2048,483.444,0.0245996,1,-,1,67,2026-10-05T18:40:21Z
160221,cheap,1,llama-3.2-1b,wk_wv,2048,512,2048,122.46,0.00349139,1,-,1,67,2026-10-05T18:40:21Z
160221,cheap,1,llama-3.2-1b,w1_w3,2048,8192,2048,1842.72,0.0121658,1,-,1,67,2026-10-05T18:40:21Z
160221,cheap,1,llama-3.2-1b,w2,2048,2048,8192,2015.16,0.0334599,1,-,1,67,2026-10-05T18:40:21Z
160222,cheap,1,llama-3.2-1b,wq_wo,2048,2048,2048,317.668,0.0206518,1,-,1,67,2026-10-05T18:40:34Z
160222,cheap,1,llama-3.2-1b,wk_wv,2048,512,2048,80.912,0.0109464,1,-,1,67,2026-10-05T18:40:34Z
160222,cheap,1,llama-3.2-1b,w1_w3,2048,8192,2048,1285.28,0.0145303,1,-,1,67,2026-10-05T18:40:34Z
160222,cheap,1,llama-3.2-1b,w2,2048,2048,8192,1405.09,0.0179403,1,-,1,67,2026-10-05T18:40:34Z
base,cheap,b5,llama-3.2-1b,wq_wo,2048,2048,2048,255.632,0.0252416,1,-,1,67,2026-10-05T18:40:47Z
base,cheap,b5,llama-3.2-1b,wk_wv,2048,512,2048,93.132,0.00862505,1,-,1,67,2026-10-05T18:40:47Z
base,cheap,b5,llama-3.2-1b,w1_w3,2048,8192,2048,990.028,0.0345106,1,-,1,67,2026-10-05T18:40:47Z
base,cheap,b5,llama-3.2-1b,w2,2048,2048,8192,1034.18,0.0296303,1,-,1,67,2026-10-05T18:40:47Z
160223,cheap,1,llama-3.2-1b,wq_wo,2048,2048,2048,627.016,0.0187598,1,-,1,68,2026-10-05T18:41:01Z
160223,cheap,1,llama-3.2-1b,wk_wv,2048,512,2048,164.996,0.00366886,1,-,1,68,2026-10-05T18:41:01Z
160223,cheap,1,llama-3.2-1b,w1_w3,2048,8192,2048,2442.18,0.0175566,1,-,1,68,2026-10-05T18:41:01Z
160223,cheap,1,llama-3.2-1b,w2,2048,2048,8192,2506.69,0.0177692,1,-,1,68,2026-10-05T18:41:01Z
160224,cheap,1,llama-3.2-1b,wq_wo,2048,2048,2048,341.692,0.0156174,1,-,1,67,2026-10-05T18:41:14Z
160224,cheap,1,llama-3.2-1b,wk_wv,2048,512,2048,138.06,0.00393816,1,-,1,67,2026-10-05T18:41:14Z
160224,cheap,1,llama-3.2-1b,w1_w3,2048,8192,2048,1279.8,0.0131923,1,-,1,67,2026-10-05T18:41:14Z
160224,cheap,1,llama-3.2-1b,w2,2048,2048,8192,1427.14,0.00814385,1,-,1,67,2026-10-05T18:41:14Z
160226,cheap,1,llama-3.2-1b,wq_wo,2048,2048,2048,273,0.022701,1,-,1,68,2026-10-05T18:41:27Z
160226,cheap,1,llama-3.2-1b,wk_wv,2048,512,2048,112.19,0.00682785,1,-,1,68,2026-10-05T18:41:27Z
160226,cheap,1,llama-3.2-1b,w1_w3,2048,8192,2048,1090.23,0.0236126,1,-,1,68,2026-10-05T18:41:27Z
160226,cheap,1,llama-3.2-1b,w2,2048,2048,8192,1172.55,0.0205467,1,-,1,68,2026-10-05T18:41:27Z
160227,cheap,1,llama-3.2-1b,wq_wo,2048,2048,2048,649.844,0.0344909,1,-,1,67,2026-10-05T18:41:40Z
160227,cheap,1,llama-3.2-1b,wk_wv,2048,512,2048,177.788,0.004002,1,-,1,67,2026-10-05T18:41:40Z
160227,cheap,1,llama-3.2-1b,w1_w3,2048,8192,2048,1973.87,0.00950588,1,-,1,67,2026-10-05T18:41:40Z
160227,cheap,1,llama-3.2-1b,w2,2048,2048,8192,2554.71,0.0411432,1,-,1,67,2026-10-05T18:41:40Z
160228,cheap,1,llama-3.2-1b,wq_wo,2048,2048,2048,1145.82,0.00703797,1,-,1,67,2026-10-05T18:41:55Z
160228,cheap,1,llama-3.2-1b,wk_wv,2048,512,2048,497.172,0.00779571,1,-,1,67,2026-10-05T18:41:55Z
160228,cheap,1,llama-3.2-1b,w1_w3,2048,8192,2048,3997.11,0.00300125,1,-,1,67,2026-10-05T18:41:55Z
160228,cheap,1,llama-3.2-1b,w2,2048,2048,8192,4531.44,0.00436995,1,-,1,67,2026-10-05T18:41:55Z
160229,cheap,1,llama-3.2-1b,wq_wo,2048,2048,2048,601.744,0.0187209,1,-,1,67,2026-10-05T18:42:08Z
160229,cheap,1,llama-3.2-1b,wk_wv,2048,512,2048,132.964,0.00635802,1,-,1,67,2026-10-05T18:42:08Z
160229,cheap,1,llama-3.2-1b,w1_w3,2048,8192,2048,2027.01,0.00440546,1,-,1,67,2026-10-05T18:42:08Z
160229,cheap,1,llama-3.2-1b,w2,2048,2048,8192,2435.34,0.022509,1,-,1,67,2026-10-05T18:42:08Z
160230,cheap,1,llama-3.2-1b,wq_wo,2048,2048,2048,281.892,0.0230109,1,-,1,68,2026-10-05T18:42:21Z
160230,cheap,1,llama-3.2-1b,wk_wv,2048,512,2048,207.012,0.00367345,1,-,1,68,2026-10-05T18:42:21Z
160230,cheap,1,llama-3.2-1b,w1_w3,2048,8192,2048,1248.73,0.0161164,1,-,1,68,2026-10-05T18:42:21Z
160230,cheap,1,llama-3.2-1b,w2,2048,2048,8192,1109.26,0.0232767,1,-,1,68,2026-10-05T18:42:21Z
160231,cheap,1,llama-3.2-1b,wq_wo,2048,2048,2048,301.964,0.0205214,1,-,1,68,2026-10-05T18:42:34Z
160231,cheap,1,llama-3.2-1b,wk_wv,2048,512,2048,99.632,0.00725689,1,-,1,68,2026-10-05T18:42:34Z
160231,cheap,1,llama-3.2-1b,w1_w3,2048,8192,2048,1197.72,0.0206591,1,-,1,68,2026-10-05T18:42:34Z
160231,cheap,1,llama-3.2-1b,w2,2048,2048,8192,1217.22,0.0204395,1,-,1,68,2026-10-05T18:42:34Z
160232,cheap,1,llama-3.2-1b,wq_wo,2048,2048,2048,348.348,0.0201659,1,-,1,67,2026-10-05T18:42:48Z
160232,cheap,1,llama-3.2-1b,wk_wv,2048,512,2048,235.56,0.00630586,1,-,1,67,2026-10-05T18:42:48Z
160232,cheap,1,llama-3.2-1b,w1_w3,2048,8192,2048,1529.19,0.0121769,1,-,1,67,2026-10-05T18:42:48Z
160232,cheap,1,llama-3.2-1b,w2,2048,2048,8192,1351.53,0.019113,1,-,1,67,2026-10-05T18:42:48Z
160233,cheap,1,llama-3.2-1b,wq_wo,2048,2048,2048,451.308,0.0151261,1,-,1,68,2026-10-05T18:43:01Z
160233,cheap,1,llama-3.2-1b,wk_wv,2048,512,2048,116.74,0.00406885,1,-,1,68,2026-10-05T18:43:01Z
160233,cheap,1,llama-3.2-1b,w1_w3,2048,8192,2048,1761.99,0.0136135,1,-,1,68,2026-10-05T18:43:01Z
160233,cheap,1,llama-3.2-1b,w2,2048,2048,8192,1824.58,0.0114993,1,-,1,68,2026-10-05T18:43:01Z
160234,cheap,1,llama-3.2-1b,wq_wo,2048,2048,2048,658.476,0.00395144,1,-,1,67,2026-10-05T18:43:15Z
160234,cheap,1,llama-3.2-1b,wk_wv,2048,512,2048,167.986,0.00424125,1,-,1,67,2026-10-05T18:43:15Z
160234,cheap,1,llama-3.2-1b,w1_w3,2048,8192,2048,2614.53,0.00184371,1,-,1,67,2026-10-05T18:43:15Z
160234,cheap,1,llama-3.2-1b,w2,2048,2048,8192,2588.56,0.00262846,1,-,1,67,2026-10-05T18:43:15Z
160235,cheap,1,llama-3.2-1b,wq_wo,2048,2048,2048,358.098,0.0215757,1,-,1,67,2026-10-05T18:43:28Z
160235,cheap,1,llama-3.2-1b,wk_wv,2048,512,2048,95.056,0.00734815,1,-,1,67,2026-10-05T18:43:28Z
160235,cheap,1,llama-3.2-1b,w1_w3,2048,8192,2048,1430.99,0.0208308,1,-,1,67,2026-10-05T18:43:28Z
160235,cheap,1,llama-3.2-1b,w2,2048,2048,8192,1422.41,0.0207277,1,-,1,67,2026-10-05T18:43:28Z
160236,cheap,1,llama-3.2-1b,wq_wo,2048,2048,2048,4979.13,0.00433888,1,-,1,65,2026-10-05T18:43:42Z
160236,cheap,1,llama-3.2-1b,wk_wv,2048,512,2048,1252.47,0.00620466,1,-,1,65,2026-10-05T18:43:42Z
160236,cheap,1,llama-3.2-1b,w1_w3,2048,8192,2048,20326.3,0.00249133,1,-,1,65,2026-10-05T18:43:42Z
160236,cheap,1,llama-3.2-1b,w2,2048,2048,8192,19925.8,0.00419524,1,-,1,65,2026-10-05T18:43:42Z
160237,cheap,1,llama-3.2-1b,wq_wo,2048,2048,2048,271.492,0.0225403,1,-,1,67,2026-10-05T18:43:55Z
160237,cheap,1,llama-3.2-1b,wk_wv,2048,512,2048,108.264,0.00802354,1,-,1,67,2026-10-05T18:43:55Z
160237,cheap,1,llama-3.2-1b,w1_w3,2048,8192,2048,1042.13,0.0269925,1,-,1,67,2026-10-05T18:43:55Z
160237,cheap,1,llama-3.2-1b,w2,2048,2048,8192,1124.47,0.02282,1,-,1,67,2026-10-05T18:43:55Z
160238,cheap,1,llama-3.2-1b,wq_wo,2048,2048,2048,335.92,0.0187399,1,-,1,67,2026-10-05T18:44:08Z
160238,cheap,1,llama-3.2-1b,wk_wv,2048,512,2048,89.96,0.00814353,1,-,1,67,2026-10-05T18:44:08Z
160238,cheap,1,llama-3.2-1b,w1_w3,2048,8192,2048,1283.2,0.0219274,1,-,1,67,2026-10-05T18:44:08Z
160238,cheap,1,llama-3.2-1b,w2,2048,2048,8192,1426.23,0.0118693,1,-,1,67,2026-10-05T18:44:08Z
160239,cheap,1,llama-3.2-1b,wq_wo,2048,2048,2048,636.272,0.0217368,1,-,1,66,2026-10-05T18:44:23Z
160239,cheap,1,llama-3.2-1b,wk_wv,2048,512,2048,424.58,0.00687303,1,-,1,66,2026-10-05T18:44:23Z
160239,cheap,1,llama-3.2-1b,w1_w3,2048,8192,2048,2698.59,0.0164648,1,-,1,66,2026-10-05T18:44:23Z
160239,cheap,1,llama-3.2-1b,w2,2048,2048,8192,2509.05,0.020455,1,-,1,66,2026-10-05T18:44:23Z
160240,cheap,1,llama-3.2-1b,wq_wo,2048,2048,2048,369.928,0.0247917,1,-,1,68,2026-10-05T18:44:36Z
160240,cheap,1,llama-3.2-1b,wk_wv,2048,512,2048,98.436,0.00692039,1,-,1,68,2026-10-05T18:44:36Z
160240,cheap,1,llama-3.2-1b,w1_w3,2048,8192,2048,1486.71,0.023429,1,-,1,68,2026-10-05T18:44:36Z
160240,cheap,1,llama-3.2-1b,w2,2048,2048,8192,1475.97,0.0261385,1,-,1,68,2026-10-05T18:44:36Z
160241,cheap,1,llama-3.2-1b,wq_wo,2048,2048,2048,361.114,0.0265254,1,-,1,68,2026-10-05T18:44:50Z
160241,cheap,1,llama-3.2-1b,wk_wv,2048,512,2048,219.024,0.00692489,1,-,1,68,2026-10-05T18:44:50Z
160241,cheap,1,llama-3.2-1b,w1_w3,2048,8192,2048,1574.77,0.0209838,1,-,1,68,2026-10-05T18:44:50Z
160241,cheap,1,llama-3.2-1b,w2,2048,2048,8192,1422.98,0.0276082,1,-,1,68,2026-10-05T18:44:50Z
160242,cheap,1,llama-3.2-1b,wq_wo,2048,2048,2048,402.922,0.0229809,1,-,1,67,2026-10-05T18:45:05Z
160242,cheap,1,llama-3.2-1b,wk_wv,2048,512,2048,240.396,0.00399805,1,-,1,67,2026-10-05T18:45:05Z
160242,cheap,1,llama-3.2-1b,w1_w3,2048,8192,2048,1724.37,0.0214353,1,-,1,67,2026-10-05T18:45:05Z
160242,cheap,1,llama-3.2-1b,w2,2048,2048,8192,1541.85,0.0237223,1,-,1,67,2026-10-05T18:45:05Z
160243,cheap,1,llama-3.2-1b,wq_wo,2048,2048,2048,634.556,0.0180531,1,-,1,68,2026-10-05T18:45:18Z
160243,cheap,1,llama-3.2-1b,wk_wv,2048,512,2048,164.632,0.00526617,1,-,1,68,2026-10-05T18:45:18Z
160243,cheap,1,llama-3.2-1b,w1_w3,2048,8192,2048,2464.75,0.017255,1,-,1,68,2026-10-05T18:45:18Z
160243,cheap,1,llama-3.2-1b,w2,2048,2048,8192,2529.57,0.016797,1,-,1,68,2026-10-05T18:45:18Z
160244,cheap,1,llama-3.2-1b,wq_wo,2048,2048,2048,5229.95,0.014077,1,-,1,66,2026-10-05T18:45:32Z
160244,cheap,1,llama-3.2-1b,wk_wv,2048,512,2048,1316.82,0.0176854,1,-,1,66,2026-10-05T18:45:32Z
160244,cheap,1,llama-3.2-1b,w1_w3,2048,8192,2048,20748.2,0.00884769,1,-,1,66,2026-10-05T18:45:32Z
160244,cheap,1,llama-3.2-1b,w2,2048,2048,8192,21361.4,0.0125531,1,-,1,66,2026-10-05T18:45:32Z
160245,cheap,1,llama-3.2-1b,wq_wo,2048,2048,2048,1895.87,0.00185008,1,-,1,65,2026-10-05T18:45:47Z
160245,cheap,1,llama-3.2-1b,wk_wv,2048,512,2048,481.624,0.00582301,1,-,1,65,2026-10-05T18:45:47Z
160245,cheap,1,llama-3.2-1b,w1_w3,2048,8192,2048,7710.82,0.00314047,1,-,1,65,2026-10-05T18:45:47Z
160245,cheap,1,llama-3.2-1b,w2,2048,2048,8192,7568.24,0.00228708,1,-,1,65,2026-10-05T18:45:47Z
160246,cheap,1,llama-3.2-1b,wq_wo,2048,2048,2048,575.016,0.00476524,1,-,1,66,2026-10-05T18:46:01Z
160246,cheap,1,llama-3.2-1b,wk_wv,2048,512,2048,236.34,0.00504388,1,-,1,66,2026-10-05T18:46:01Z
160246,cheap,1,llama-3.2-1b,w1_w3,2048,8192,2048,2061.83,0.00390568,1,-,1,66,2026-10-05T18:46:01Z
160246,cheap,1,llama-3.2-1b,w2,2048,2048,8192,2269.23,0.002713,1,-,1,66,2026-10-05T18:46:01Z
160247,cheap,1,llama-3.2-1b,wq_wo,2048,2048,2048,329.29,0.0156509,1,-,1,67,2026-10-05T18:46:14Z
160247,cheap,1,llama-3.2-1b,wk_wv,2048,512,2048,134.004,0.00428276,1,-,1,67,2026-10-05T18:46:14Z
160247,cheap,1,llama-3.2-1b,w1_w3,2048,8192,2048,1253.59,0.0160699,1,-,1,67,2026-10-05T18:46:14Z
160247,cheap,1,llama-3.2-1b,w2,2048,2048,8192,1309.2,0.0141512,1,-,1,67,2026-10-05T18:46:14Z
160248,cheap,1,llama-3.2-1b,wq_wo,2048,2048,2048,568.048,0.00689595,1,-,1,67,2026-10-05T18:46:27Z
160248,cheap,1,llama-3.2-1b,wk_wv,2048,512,2048,145.6,0.00681332,1,-,1,67,2026-10-05T18:46:27Z
160248,cheap,1,llama-3.2-1b,w1_w3,2048,8192,2048,2284.46,0.00856753,1,-,1,67,2026-10-05T18:46:27Z
160248,cheap,1,llama-3.2-1b,w2,2048,2048,8192,2274.69,0.0119388,1,-,1,67,2026-10-05T18:46:27Z
160249,cheap,1,llama-3.2-1b,wq_wo,2048,2048,2048,1132.51,0.00802722,1,-,1,66,2026-10-05T18:46:42Z
160249,cheap,1,llama-3.2-1b,wk_wv,2048,512,2048,459.42,0.00634425,1,-,1,66,2026-10-05T18:46:42Z
160249,cheap,1,llama-3.2-1b,w1_w3,2048,8192,2048,3801.98,0.00877999,1,-,1,66,2026-10-05T18:46:42Z
160249,cheap,1,llama-3.2-1b,w2,2048,2048,8192,4458.19,0.00758305,1,-,1,66,2026-10-05T18:46:42Z
160250,cheap,1,llama-3.2-1b,wq_wo,2048,2048,2048,315.744,0.00883265,1,-,1,67,2026-10-05T18:46:55Z
160250,cheap,1,llama-3.2-1b,wk_wv,2048,512,2048,130.52,0.00735466,1,-,1,67,2026-10-05T18:46:55Z
160250,cheap,1,llama-3.2-1b,w1_w3,2048,8192,2048,1206.5,0.0260395,1,-,1,67,2026-10-05T18:46:55Z
160250,cheap,1,llama-3.2-1b,w2,2048,2048,8192,1306.97,0.00870645,1,-,1,67,2026-10-05T18:46:55Z
160253,cheap,1,llama-3.2-1b,wq_wo,2048,2048,2048,695.968,0.00351316,1,-,1,67,2026-10-05T18:47:08Z
160253,cheap,1,llama-3.2-1b,wk_wv,2048,512,2048,177.58,0.00396461,1,-,1,67,2026-10-05T18:47:08Z
160253,cheap,1,llama-3.2-1b,w1_w3,2048,8192,2048,2770.04,0.00125362,1,-,1,67,2026-10-05T18:47:08Z
160253,cheap,1,llama-3.2-1b,w2,2048,2048,8192,2694.56,0.00248067,1,-,1,67,2026-10-05T18:47:08Z
160254,cheap,1,llama-3.2-1b,wq_wo,2048,2048,2048,415.896,0.0047478,1,-,1,67,2026-10-05T18:47:21Z
160254,cheap,1,llama-3.2-1b,wk_wv,2048,512,2048,109.46,0.0094322,1,-,1,67,2026-10-05T18:47:21Z
160254,cheap,1,llama-3.2-1b,w1_w3,2048,8192,2048,1642.08,0.00347826,1,-,1,67,2026-10-05T18:47:21Z
160254,cheap,1,llama-3.2-1b,w2,2048,2048,8192,1616,0.00555414,1,-,1,67,2026-10-05T18:47:21Z
160255,cheap,1,llama-3.2-1b,wq_wo,2048,2048,2048,299.676,0.0197753,1,-,1,68,2026-10-05T18:47:35Z
160255,cheap,1,llama-3.2-1b,wk_wv,2048,512,2048,94.016,0.0112791,1,-,1,68,2026-10-05T18:47:35Z
160255,cheap,1,llama-3.2-1b,w1_w3,2048,8192,2048,1178.61,0.0213928,1,-,1,68,2026-10-05T18:47:35Z
160255,cheap,1,llama-3.2-1b,w2,2048,2048,8192,1197.46,0.0202317,1,-,1,68,2026-10-05T18:47:35Z
160256,cheap,1,llama-3.2-1b,wq_wo,2048,2048,2048,890.916,0.00396366,1,-,1,67,2026-10-05T18:47:49Z
160256,cheap,1,llama-3.2-1b,wk_wv,2048,512,2048,278.824,0.00516046,1,-,1,67,2026-10-05T18:47:49Z
160256,cheap,1,llama-3.2-1b,w1_w3,2048,8192,2048,3699.75,0.0131137,1,-,1,67,2026-10-05T18:47:49Z
160256,cheap,1,llama-3.2-1b,w2,2048,2048,8192,3486,0.00239701,1,-,1,67,2026-10-05T18:47:49Z
160257,cheap,1,llama-3.2-1b,wq_wo,2048,2048,2048,4733.14,0.00536109,1,-,1,66,2026-10-05T18:48:04Z
160257,cheap,1,llama-3.2-1b,wk_wv,2048,512,2048,1199.95,0.00856759,1,-,1,66,2026-10-05T18:48:04Z
160257,cheap,1,llama-3.2-1b,w1_w3,2048,8192,2048,19150.8,0.00475355,1,-,1,66,2026-10-05T18:48:04Z
160257,cheap,1,llama-3.2-1b,w2,2048,2048,8192,19038.3,0.00457148,1,-,1,66,2026-10-05T18:48:04Z
160258,cheap,1,llama-3.2-1b,wq_wo,2048,2048,2048,714.324,0.0428674,1,-,1,67,2026-10-05T18:48:18Z
160258,cheap,1,llama-3.2-1b,wk_wv,2048,512,2048,190.944,0.00523537,1,-,1,67,2026-10-05T18:48:18Z
160258,cheap,1,llama-3.2-1b,w1_w3,2048,8192,2048,2425.85,0.01554,1,-,1,67,2026-10-05T18:48:18Z
160258,cheap,1,llama-3.2-1b,w2,2048,2048,8192,2769.05,0.0557563,1,-,1,67,2026-10-05T18:48:18Z
160259,cheap,1,llama-3.2-1b,wq_wo,2048,2048,2048,326.924,0.0130181,1,-,1,69,2026-10-05T18:48:31Z
160259,cheap,1,llama-3.2-1b,wk_wv,2048,512,2048,139.1,0.00251414,1,-,1,69,2026-10-05T18:48:31Z
160259,cheap,1,llama-3.2-1b,w1_w3,2048,8192,2048,1286.92,0.0148584,1,-,1,69,2026-10-05T18:48:31Z
160259,cheap,1,llama-3.2-1b,w2,2048,2048,8192,1297.71,0.0148485,1,-,1,69,2026-10-05T18:48:31Z
160260,cheap,1,llama-3.2-1b,wq_wo,2048,2048,2048,627.224,0.0225576,1,-,1,68,2026-10-05T18:48:44Z
160260,cheap,1,llama-3.2-1b,wk_wv,2048,512,2048,360.568,0.00943305,1,-,1,68,2026-10-05T18:48:44Z
160260,cheap,1,llama-3.2-1b,w1_w3,2048,8192,2048,2628.91,0.0242696,1,-,1,68,2026-10-05T18:48:44Z
160260,cheap,1,llama-3.2-1b,w2,2048,2048,8192,2444.52,0.0219553,1,-,1,68,2026-10-05T18:48:44Z
160261,cheap,1,llama-3.2-1b,wq_wo,2048,2048,2048,270.4,0.0220911,1,-,1,68,2026-10-05T18:48:57Z
160261,cheap,1,llama-3.2-1b,wk_wv,2048,512,2048,111.02,0.00660768,1,-,1,68,2026-10-05T18:48:57Z
160261,cheap,1,llama-3.2-1b,w1_w3,2048,8192,2048,1085.55,0.0239293,1,-,1,68,2026-10-05T18:48:57Z
160261,cheap,1,llama-3.2-1b,w2,2048,2048,8192,1196.83,0.0209137,1,-,1,68,2026-10-05T18:48:57Z
160262,cheap,1,llama-3.2-1b,wq_wo,2048,2048,2048,4299.46,0.111241,1,-,1,66,2026-10-05T18:49:13Z
160262,cheap,1,llama-3.2-1b,wk_wv,2048,512,2048,1981.93,0.00578338,1,-,1,66,2026-10-05T18:49:13Z
160262,cheap,1,llama-3.2-1b,w1_w3,2048,8192,2048,17649.8,0.0306297,1,-,1,66,2026-10-05T18:49:13Z
160262,cheap,1,llama-3.2-1b,w2,2048,2048,8192,18422.5,0.103584,1,-,1,66,2026-10-05T18:49:13Z
160263,cheap,1,llama-3.2-1b,wq_wo,2048,2048,2048,2267.56,0.0164371,1,-,1,67,2026-10-05T18:49:27Z
160263,cheap,1,llama-3.2-1b,wk_wv,2048,512,2048,709.332,0.00122964,1,-,1,67,2026-10-05T18:49:27Z
160263,cheap,1,llama-3.2-1b,w1_w3,2048,8192,2048,8331.31,0.0206184,1,-,1,67,2026-10-05T18:49:27Z
160263,cheap,1,llama-3.2-1b,w2,2048,2048,8192,9091.06,0.0229022,1,-,1,67,2026-10-05T18:49:27Z
160264,cheap,1,llama-3.2-1b,wq_wo,2048,2048,2048,763.204,0.0135065,1,-,1,66,2026-10-05T18:49:42Z
160264,cheap,1,llama-3.2-1b,wk_wv,2048,512,2048,166.816,0.00448812,1,-,1,66,2026-10-05T18:49:42Z
160264,cheap,1,llama-3.2-1b,w1_w3,2048,8192,2048,2591.58,0.00488342,1,-,1,66,2026-10-05T18:49:42Z
160264,cheap,1,llama-3.2-1b,w2,2048,2048,8192,3061.68,0.0118141,1,-,1,66,2026-10-05T18:49:42Z
160265,cheap,1,llama-3.2-1b,wq_wo,2048,2048,2048,252.46,0.0262136,1,-,1,67,2026-10-05T18:49:55Z
160265,cheap,1,llama-3.2-1b,wk_wv,2048,512,2048,87.412,0.0210157,1,-,1,67,2026-10-05T18:49:55Z
160265,cheap,1,llama-3.2-1b,w1_w3,2048,8192,2048,1042.24,0.0301084,1,-,1,67,2026-10-05T18:49:55Z
160265,cheap,1,llama-3.2-1b,w2,2048,2048,8192,1087.06,0.028746,1,-,1,67,2026-10-05T18:49:55Z
160266,cheap,1,llama-3.2-1b,wq_wo,2048,2048,2048,610.35,0.0303302,1,-,1,67,2026-10-05T18:50:08Z
160266,cheap,1,llama-3.2-1b,wk_wv,2048,512,2048,173.004,0.00391151,1,-,1,67,2026-10-05T18:50:08Z
160266,cheap,1,llama-3.2-1b,w1_w3,2048,8192,2048,1865.92,0.0110491,1,-,1,67,2026-10-05T18:50:08Z
160266,cheap,1,llama-3.2-1b,w2,2048,2048,8192,2407.47,0.0288571,1,-,1,67,2026-10-05T18:50:08Z
160267,cheap,1,llama-3.2-1b,wq_wo,2048,2048,2048,436.124,0.0200573,1,-,1,67,2026-10-05T18:50:21Z
160267,cheap,1,llama-3.2-1b,wk_wv,2048,512,2048,134.992,0.00488715,1,-,1,67,2026-10-05T18:50:21Z
160267,cheap,1,llama-3.2-1b,w1_w3,2048,8192,2048,1432.44,0.017169,1,-,1,67,2026-10-05T18:50:21Z
160267,cheap,1,llama-3.2-1b,w2,2048,2048,8192,1639.43,0.0293167,1,-,1,67,2026-10-05T18:50:21Z
160268,cheap,1,llama-3.2-1b,wq_wo,2048,2048,2048,292.136,0.0211457,1,-,1,67,2026-10-05T18:50:34Z
160268,cheap,1,llama-3.2-1b,wk_wv,2048,512,2048,120.432,0.00334683,1,-,1,67,2026-10-05T18:50:34Z
160268,cheap,1,llama-3.2-1b,w1_w3,2048,8192,2048,1190.93,0.0202401,1,-,1,67,2026-10-05T18:50:34Z
160268,cheap,1,llama-3.2-1b,w2,2048,2048,8192,1246.28,0.0210941,1,-,1,67,2026-10-05T18:50:34Z
160269,cheap,1,llama-3.2-1b,wq_wo,2048,2048,2048,744.198,0.00509341,1,-,1,67,2026-10-05T18:50:49Z
160269,cheap,1,llama-3.2-1b,wk_wv,2048,512,2048,269.256,0.00814178,1,-,1,67,2026-10-05T18:50:49Z
160269,cheap,1,llama-3.2-1b,w1_w3,2048,8192,2048,2577.12,0.00534734,1,-,1,67,2026-10-05T18:50:49Z
160269,cheap,1,llama-3.2-1b,w2,2048,2048,8192,2877.11,0.00364245,1,-,1,67,2026-10-05T18:50:49Z
160270,cheap,1,llama-3.2-1b,wq_wo,2048,2048,2048,837.876,0.018583,1,-,1,66,2026-10-05T18:51:03Z
160270,cheap,1,llama-3.2-1b,wk_wv,2048,512,2048,273.884,0.00647495,1,-,1,66,2026-10-05T18:51:03Z
160270,cheap,1,llama-3.2-1b,w1_w3,2048,8192,2048,2816.53,0.00944297,1,-,1,66,2026-10-05T18:51:03Z
160270,cheap,1,llama-3.2-1b,w2,2048,2048,8192,3364.04,0.0385588,1,-,1,66,2026-10-05T18:51:03Z
160271,cheap,1,llama-3.2-1b,wq_wo,2048,2048,2048,495.872,0.0234937,1,-,1,67,2026-10-05T18:51:16Z
160271,cheap,1,llama-3.2-1b,wk_wv,2048,512,2048,127.27,0.00923945,1,-,1,67,2026-10-05T18:51:16Z
160271,cheap,1,llama-3.2-1b,w1_w3,2048,8192,2048,1948.13,0.0093283,1,-,1,67,2026-10-05T18:51:16Z
160271,cheap,1,llama-3.2-1b,w2,2048,2048,8192,2095.26,0.0199261,1,-,1,67,2026-10-05T18:51:16Z
160272,cheap,1,llama-3.2-1b,wq_wo,2048,2048,2048,753.532,0.0154101,1,-,1,68,2026-10-05T18:51:29Z
160272,cheap,1,llama-3.2-1b,wk_wv,2048,512,2048,202.176,0.00527837,1,-,1,68,2026-10-05T18:51:29Z
160272,cheap,1,llama-3.2-1b,w1_w3,2048,8192,2048,3030.46,0.015321,1,-,1,68,2026-10-05T18:51:29Z
160272,cheap,1,llama-3.2-1b,w2,2048,2048,8192,3017.51,0.0147661,1,-,1,68,2026-10-05T18:51:29Z
160273,cheap,1,llama-3.2-1b,wq_wo,2048,2048,2048,388.128,0.0226424,1,-,1,68,2026-10-05T18:51:43Z
160273,cheap,1,llama-3.2-1b,wk_wv,2048,512,2048,99.996,0.00574169,1,-,1,68,2026-10-05T18:51:43Z
160273,cheap,1,llama-3.2-1b,w1_w3,2048,8192,2048,1539.82,0.0217061,1,-,1,68,2026-10-05T18:51:43Z
160273,cheap,1,llama-3.2-1b,w2,2048,2048,8192,1548.14,0.0215017,1,-,1,68,2026-10-05T18:51:43Z
160274,cheap,1,llama-3.2-1b,wq_wo,2048,2048,2048,429.364,0.00731421,1,-,1,67,2026-10-05T18:51:56Z
160274,cheap,1,llama-3.2-1b,wk_wv,2048,512,2048,114.66,0.00370565,1,-,1,67,2026-10-05T18:51:56Z
160274,cheap,1,llama-3.2-1b,w1_w3,2048,8192,2048,1663.64,0.00460125,1,-,1,67,2026-10-05T18:51:56Z
160274,cheap,1,llama-3.2-1b,w2,2048,2048,8192,1818.91,0.00947631,1,-,1,67,2026-10-05T18:51:56Z
160275,cheap,1,llama-3.2-1b,wq_wo,2048,2048,2048,695.084,0.0088379,1,-,1,66,2026-10-05T18:52:10Z
160275,cheap,1,llama-3.2-1b,wk_wv,2048,512,2048,176.488,0.00436514,1,-,1,66,2026-10-05T18:52:10Z
160275,cheap,1,llama-3.2-1b,w1_w3,2048,8192,2048,2703.17,0.00271637,1,-,1,66,2026-10-05T18:52:10Z
160275,cheap,1,llama-3.2-1b,w2,2048,2048,8192,2783.14,0.00637183,1,-,1,66,2026-10-05T18:52:10Z
base,cheap,b6,llama-3.2-1b,wq_wo,2048,2048,2048,255.658,0.0248027,1,-,1,68,2026-10-05T18:52:23Z
base,cheap,b6,llama-3.2-1b,wk_wv,2048,512,2048,93.08,0.00910832,1,-,1,68,2026-10-05T18:52:23Z
base,cheap,b6,llama-3.2-1b,w1_w3,2048,8192,2048,988.936,0.0342627,1,-,1,68,2026-10-05T18:52:23Z
base,cheap,b6,llama-3.2-1b,w2,2048,2048,8192,1035.53,0.0298734,1,-,1,68,2026-10-05T18:52:23Z
160276,cheap,1,llama-3.2-1b,wq_wo,2048,2048,2048,274.04,0.0230653,1,-,1,68,2026-10-05T18:52:37Z
160276,cheap,1,llama-3.2-1b,wk_wv,2048,512,2048,96.252,0.00635042,1,-,1,68,2026-10-05T18:52:37Z
160276,cheap,1,llama-3.2-1b,w1_w3,2048,8192,2048,1064.47,0.0295123,1,-,1,68,2026-10-05T18:52:37Z
160276,cheap,1,llama-3.2-1b,w2,2048,2048,8192,1107.65,0.0254335,1,-,1,68,2026-10-05T18:52:37Z
160277,cheap,1,llama-3.2-1b,wq_wo,2048,2048,2048,312.52,0.0196149,1,-,1,68,2026-10-05T18:52:50Z
160277,cheap,1,llama-3.2-1b,wk_wv,2048,512,2048,104.988,0.00620442,1,-,1,68,2026-10-05T18:52:50Z
160277,cheap,1,llama-3.2-1b,w1_w3,2048,8192,2048,1242.9,0.0199458,1,-,1,68,2026-10-05T18:52:50Z
160277,cheap,1,llama-3.2-1b,w2,2048,2048,8192,1257.26,0.0191355,1,-,1,68,2026-10-05T18:52:50Z
160278,cheap,1,llama-3.2-1b,wq_wo,2048,2048,2048,448.526,0.0189283,1,-,1,67,2026-10-05T18:53:04Z
160278,cheap,1,llama-3.2-1b,wk_wv,2048,512,2048,118.612,0.00482693,1,-,1,67,2026-10-05T18:53:04Z
160278,cheap,1,llama-3.2-1b,w1_w3,2048,8192,2048,1770.29,0.0147838,1,-,1,67,2026-10-05T18:53:04Z
160278,cheap,1,llama-3.2-1b,w2,2048,2048,8192,1795.72,0.0128873,1,-,1,67,2026-10-05T18:53:04Z
160279,cheap,1,llama-3.2-1b,wq_wo,2048,2048,2048,343.824,0.0165659,1,-,1,67,2026-10-05T18:53:17Z
160279,cheap,1,llama-3.2-1b,wk_wv,2048,512,2048,93.652,0.00956626,1,-,1,67,2026-10-05T18:53:17Z
160279,cheap,1,llama-3.2-1b,w1_w3,2048,8192,2048,1459.48,0.0101627,1,-,1,67,2026-10-05T18:53:17Z
160279,cheap,1,llama-3.2-1b,w2,2048,2048,8192,1471.65,0.0154287,1,-,1,67,2026-10-05T18:53:17Z
160280,cheap,1,llama-3.2-1b,wq_wo,2048,2048,2048,1095.54,0.00283676,1,-,1,66,2026-10-05T18:53:32Z
160280,cheap,1,llama-3.2-1b,wk_wv,2048,512,2048,365.612,0.00557464,1,-,1,66,2026-10-05T18:53:32Z
160280,cheap,1,llama-3.2-1b,w1_w3,2048,8192,2048,4353.18,0.00944087,1,-,1,66,2026-10-05T18:53:32Z
160280,cheap,1,llama-3.2-1b,w2,2048,2048,8192,4316.47,0.00232911,1,-,1,66,2026-10-05T18:53:32Z
160281,cheap,1,llama-3.2-1b,wq_wo,2048,2048,2048,399.152,0.0211025,1,-,1,67,2026-10-05T18:53:45Z
160281,cheap,1,llama-3.2-1b,wk_wv,2048,512,2048,121.42,0.00479024,1,-,1,67,2026-10-05T18:53:45Z
160281,cheap,1,llama-3.2-1b,w1_w3,2048,8192,2048,1310.45,0.0195474,1,-,1,67,2026-10-05T18:53:45Z
160281,cheap,1,llama-3.2-1b,w2,2048,2048,8192,1573.16,0.0288297,1,-,1,67,2026-10-05T18:53:45Z
160282,cheap,1,llama-3.2-1b,wq_wo,2048,2048,2048,10265.3,0.122875,1,-,1,66,2026-10-05T18:54:01Z
160282,cheap,1,llama-3.2-1b,wk_wv,2048,512,2048,4616.61,0.00435064,1,-,1,66,2026-10-05T18:54:01Z
160282,cheap,1,llama-3.2-1b,w1_w3,2048,8192,2048,42304.2,0.0684943,1,-,1,66,2026-10-05T18:54:01Z
160282,cheap,1,llama-3.2-1b,w2,2048,2048,8192,40618.2,0.108958,1,-,1,66,2026-10-05T18:54:01Z
160284,cheap,1,llama-3.2-1b,wq_wo,2048,2048,2048,607.594,0.00811116,1,-,1,66,2026-10-05T18:54:16Z
160284,cheap,1,llama-3.2-1b,wk_wv,2048,512,2048,257.088,0.00273106,1,-,1,66,2026-10-05T18:54:16Z
160284,cheap,1,llama-3.2-1b,w1_w3,2048,8192,2048,2351.39,0.00644919,1,-,1,66,2026-10-05T18:54:16Z
160284,cheap,1,llama-3.2-1b,w2,2048,2048,8192,2371.51,0.00514513,1,-,1,66,2026-10-05T18:54:16Z
160285,cheap,1,llama-3.2-1b,wq_wo,2048,2048,2048,2103.58,0.0145147,1,-,1,67,2026-10-05T18:54:30Z
160285,cheap,1,llama-3.2-1b,wk_wv,2048,512,2048,893.568,0.00678311,1,-,1,67,2026-10-05T18:54:30Z
160285,cheap,1,llama-3.2-1b,w1_w3,2048,8192,2048,8757.58,0.00489119,1,-,1,67,2026-10-05T18:54:30Z
160285,cheap,1,llama-3.2-1b,w2,2048,2048,8192,8311.24,0.0684488,1,-,1,67,2026-10-05T18:54:30Z
160287,cheap,1,llama-3.2-1b,wq_wo,2048,2048,2048,606.788,0.00722408,1,-,1,68,2026-10-05T18:54:43Z
160287,cheap,1,llama-3.2-1b,wk_wv,2048,512,2048,256.984,0.00234857,1,-,1,68,2026-10-05T18:54:43Z
160287,cheap,1,llama-3.2-1b,w1_w3,2048,8192,2048,2349.88,0.0067768,1,-,1,68,2026-10-05T18:54:43Z
160287,cheap,1,llama-3.2-1b,w2,2048,2048,8192,2376.5,0.00567954,1,-,1,68,2026-10-05T18:54:43Z
160288,cheap,1,llama-3.2-1b,wq_wo,2048,2048,2048,1921.82,0.00452529,1,-,1,66,2026-10-05T18:54:57Z
160288,cheap,1,llama-3.2-1b,wk_wv,2048,512,2048,623.844,0.00333912,1,-,1,66,2026-10-05T18:54:57Z
160288,cheap,1,llama-3.2-1b,w1_w3,2048,8192,2048,6627.92,0.00373623,1,-,1,66,2026-10-05T18:54:57Z
160288,cheap,1,llama-3.2-1b,w2,2048,2048,8192,7531.58,0.00460343,1,-,1,66,2026-10-05T18:54:57Z
160289,cheap,1,llama-3.2-1b,wq_wo,2048,2048,2048,719.316,0.00823954,1,-,1,67,2026-10-05T18:55:11Z
160289,cheap,1,llama-3.2-1b,wk_wv,2048,512,2048,263.328,0.00231184,1,-,1,67,2026-10-05T18:55:11Z
160289,cheap,1,llama-3.2-1b,w1_w3,2048,8192,2048,3074.53,0.00339921,1,-,1,67,2026-10-05T18:55:11Z
160289,cheap,1,llama-3.2-1b,w2,2048,2048,8192,2900.4,0.00586274,1,-,1,67,2026-10-05T18:55:11Z
160290,cheap,1,llama-3.2-1b,wq_wo,2048,2048,2048,459.056,0.01178,1,-,1,66,2026-10-05T18:55:26Z
160290,cheap,1,llama-3.2-1b,wk_wv,2048,512,2048,142.688,0.00480645,1,-,1,66,2026-10-05T18:55:26Z
160290,cheap,1,llama-3.2-1b,w1_w3,2048,8192,2048,1399.76,0.0170228,1,-,1,66,2026-10-05T18:55:26Z
160290,cheap,1,llama-3.2-1b,w2,2048,2048,8192,1703.21,0.0149258,1,-,1,66,2026-10-05T18:55:26Z
160291,cheap,1,llama-3.2-1b,wq_wo,2048,2048,2048,748.176,0.00517893,1,-,1,66,2026-10-05T18:55:40Z
160291,cheap,1,llama-3.2-1b,wk_wv,2048,512,2048,299.364,0.011667,1,-,1,66,2026-10-05T18:55:40Z
160291,cheap,1,llama-3.2-1b,w1_w3,2048,8192,2048,2667.03,0.0055015,1,-,1,66,2026-10-05T18:55:40Z
160291,cheap,1,llama-3.2-1b,w2,2048,2048,8192,2925.21,0.00254715,1,-,1,66,2026-10-05T18:55:40Z
160292,cheap,1,llama-3.2-1b,wq_wo,2048,2048,2048,4692.09,0.0560394,1,-,1,66,2026-10-05T18:55:54Z
160292,cheap,1,llama-3.2-1b,wk_wv,2048,512,2048,1777.28,0.00651452,1,-,1,66,2026-10-05T18:55:54Z
160292,cheap,1,llama-3.2-1b,w1_w3,2048,8192,2048,15954.1,0.0246349,1,-,1,66,2026-10-05T18:55:54Z
160292,cheap,1,llama-3.2-1b,w2,2048,2048,8192,18135.1,0.032698,1,-,1,66,2026-10-05T18:55:54Z
160294,cheap,1,llama-3.2-1b,wq_wo,2048,2048,2048,661.388,0.0189456,1,-,1,68,2026-10-05T18:56:08Z
160294,cheap,1,llama-3.2-1b,wk_wv,2048,512,2048,194.792,0.00449128,1,-,1,68,2026-10-05T18:56:08Z
160294,cheap,1,llama-3.2-1b,w1_w3,2048,8192,2048,2201.65,0.020607,1,-,1,68,2026-10-05T18:56:08Z
160294,cheap,1,llama-3.2-1b,w2,2048,2048,8192,2567.4,0.0245452,1,-,1,68,2026-10-05T18:56:08Z
160295,cheap,1,llama-3.2-1b,wq_wo,2048,2048,2048,331.084,0.0195615,1,-,1,68,2026-10-05T18:56:21Z
160295,cheap,1,llama-3.2-1b,wk_wv,2048,512,2048,88.4,0.00815715,1,-,1,68,2026-10-05T18:56:21Z
160295,cheap,1,llama-3.2-1b,w1_w3,2048,8192,2048,1265.52,0.0208371,1,-,1,68,2026-10-05T18:56:21Z
160295,cheap,1,llama-3.2-1b,w2,2048,2048,8192,1353.87,0.0170852,1,-,1,68,2026-10-05T18:56:21Z
160297,cheap,1,llama-3.2-1b,wq_wo,2048,2048,2048,295.75,0.0238399,1,-,1,68,2026-10-05T18:56:34Z
160297,cheap,1,llama-3.2-1b,wk_wv,2048,512,2048,191.204,0.0034779,1,-,1,68,2026-10-05T18:56:34Z
160297,cheap,1,llama-3.2-1b,w1_w3,2048,8192,2048,1281.18,0.0200992,1,-,1,68,2026-10-05T18:56:34Z
160297,cheap,1,llama-3.2-1b,w2,2048,2048,8192,1133.03,0.0277007,1,-,1,68,2026-10-05T18:56:34Z
160298,cheap,1,llama-3.2-1b,wq_wo,2048,2048,2048,886.236,0.0224958,1,-,1,66,2026-10-05T18:56:48Z
160298,cheap,1,llama-3.2-1b,wk_wv,2048,512,2048,294.008,0.00546694,1,-,1,66,2026-10-05T18:56:48Z
160298,cheap,1,llama-3.2-1b,w1_w3,2048,8192,2048,2959.63,0.0103496,1,-,1,66,2026-10-05T18:56:48Z
160298,cheap,1,llama-3.2-1b,w2,2048,2048,8192,3543.02,0.0479775,1,-,1,66,2026-10-05T18:56:48Z
160299,cheap,1,llama-3.2-1b,wq_wo,2048,2048,2048,916.084,0.0630154,1,-,1,68,2026-10-05T18:57:03Z
160299,cheap,1,llama-3.2-1b,wk_wv,2048,512,2048,290.472,0.00505571,1,-,1,68,2026-10-05T18:57:03Z
160299,cheap,1,llama-3.2-1b,w1_w3,2048,8192,2048,3163.06,0.0272152,1,-,1,68,2026-10-05T18:57:03Z
160299,cheap,1,llama-3.2-1b,w2,2048,2048,8192,3572.27,0.0702102,1,-,1,68,2026-10-05T18:57:03Z
160300,cheap,1,llama-3.2-1b,wq_wo,2048,2048,2048,892.944,0.00998407,1,-,1,67,2026-10-05T18:57:17Z
160300,cheap,1,llama-3.2-1b,wk_wv,2048,512,2048,310.492,0.00848577,1,-,1,67,2026-10-05T18:57:17Z
160300,cheap,1,llama-3.2-1b,w1_w3,2048,8192,2048,3459.66,0.00509022,1,-,1,67,2026-10-05T18:57:17Z
160300,cheap,1,llama-3.2-1b,w2,2048,2048,8192,3569.67,0.019974,1,-,1,67,2026-10-05T18:57:17Z
160301,cheap,1,llama-3.2-1b,wq_wo,2048,2048,2048,253.552,0.0238324,1,-,1,67,2026-10-05T18:57:31Z
160301,cheap,1,llama-3.2-1b,wk_wv,2048,512,2048,106.288,0.00867104,1,-,1,67,2026-10-05T18:57:31Z
160301,cheap,1,llama-3.2-1b,w1_w3,2048,8192,2048,990.652,0.0316661,1,-,1,67,2026-10-05T18:57:31Z
160301,cheap,1,llama-3.2-1b,w2,2048,2048,8192,1107.81,0.0210622,1,-,1,67,2026-10-05T18:57:31Z
160302,cheap,1,llama-3.2-1b,wq_wo,2048,2048,2048,266.448,0.0236994,1,-,1,68,2026-10-05T18:57:44Z
160302,cheap,1,llama-3.2-1b,wk_wv,2048,512,2048,92.716,0.0102697,1,-,1,68,2026-10-05T18:57:44Z
160302,cheap,1,llama-3.2-1b,w1_w3,2048,8192,2048,1045.51,0.0290462,1,-,1,68,2026-10-05T18:57:44Z
160302,cheap,1,llama-3.2-1b,w2,2048,2048,8192,1058.25,0.0269199,1,-,1,68,2026-10-05T18:57:44Z
160304,cheap,1,llama-3.2-1b,wq_wo,2048,2048,2048,1963.78,0.025649,1,-,1,67,2026-10-05T18:57:58Z
160304,cheap,1,llama-3.2-1b,wk_wv,2048,512,2048,771.602,0.00782022,1,-,1,67,2026-10-05T18:57:58Z
160304,cheap,1,llama-3.2-1b,w1_w3,2048,8192,2048,6968,0.0227185,1,-,1,67,2026-10-05T18:57:58Z
160304,cheap,1,llama-3.2-1b,w2,2048,2048,8192,7758.11,0.0416324,1,-,1,67,2026-10-05T18:57:58Z
160305,cheap,1,llama-3.2-1b,wq_wo,2048,2048,2048,402.896,0.00714176,1,-,1,67,2026-10-05T18:58:11Z
160305,cheap,1,llama-3.2-1b,wk_wv,2048,512,2048,174.044,0.00254893,1,-,1,67,2026-10-05T18:58:11Z
160305,cheap,1,llama-3.2-1b,w1_w3,2048,8192,2048,1441.39,0.00742193,1,-,1,67,2026-10-05T18:58:11Z
160305,cheap,1,llama-3.2-1b,w2,2048,2048,8192,1584.88,0.00551777,1,-,1,67,2026-10-05T18:58:11Z
160306,cheap,1,llama-3.2-1b,wq_wo,2048,2048,2048,444.392,0.0128993,1,-,1,67,2026-10-05T18:58:25Z
160306,cheap,1,llama-3.2-1b,wk_wv,2048,512,2048,114.348,0.00508538,1,-,1,67,2026-10-05T18:58:25Z
160306,cheap,1,llama-3.2-1b,w1_w3,2048,8192,2048,1708.56,0.00878223,1,-,1,67,2026-10-05T18:58:25Z
160306,cheap,1,llama-3.2-1b,w2,2048,2048,8192,1750.84,0.0107216,1,-,1,67,2026-10-05T18:58:25Z
160307,cheap,1,llama-3.2-1b,wq_wo,2048,2048,2048,389.48,0.0252597,1,-,1,68,2026-10-05T18:58:38Z
160307,cheap,1,llama-3.2-1b,wk_wv,2048,512,2048,100.672,0.00499268,1,-,1,68,2026-10-05T18:58:38Z
160307,cheap,1,llama-3.2-1b,w1_w3,2048,8192,2048,1527.29,0.023665,1,-,1,68,2026-10-05T18:58:38Z
160307,cheap,1,llama-3.2-1b,w2,2048,2048,8192,1545.78,0.0235948,1,-,1,68,2026-10-05T18:58:38Z
160308,cheap,1,llama-3.2-1b,wq_wo,2048,2048,2048,436.306,0.0127477,1,-,1,68,2026-10-05T18:58:51Z
160308,cheap,1,llama-3.2-1b,wk_wv,2048,512,2048,126.568,0.00668271,1,-,1,68,2026-10-05T18:58:51Z
160308,cheap,1,llama-3.2-1b,w1_w3,2048,8192,2048,1443.47,0.0137926,1,-,1,68,2026-10-05T18:58:51Z
160308,cheap,1,llama-3.2-1b,w2,2048,2048,8192,1766.31,0.036173,1,-,1,68,2026-10-05T18:58:51Z
160310,cheap,1,llama-3.2-1b,wq_wo,2048,2048,2048,468.468,0.0293415,1,-,1,67,2026-10-05T18:59:05Z
160310,cheap,1,llama-3.2-1b,wk_wv,2048,512,2048,260.936,0.00422098,1,-,1,67,2026-10-05T18:59:05Z
160310,cheap,1,llama-3.2-1b,w1_w3,2048,8192,2048,2034.76,0.0244263,1,-,1,67,2026-10-05T18:59:05Z
160310,cheap,1,llama-3.2-1b,w2,2048,2048,8192,1813.86,0.0275927,1,-,1,67,2026-10-05T18:59:05Z
160311,cheap,1,llama-3.2-1b,wq_wo,2048,2048,2048,296.66,0.0212513,1,-,1,68,2026-10-05T18:59:18Z
160311,cheap,1,llama-3.2-1b,wk_wv,2048,512,2048,105.248,0.00541651,1,-,1,68,2026-10-05T18:59:18Z
160311,cheap,1,llama-3.2-1b,w1_w3,2048,8192,2048,1199.22,0.0226777,1,-,1,68,2026-10-05T18:59:18Z
160311,cheap,1,llama-3.2-1b,w2,2048,2048,8192,1193.4,0.021751,1,-,1,68,2026-10-05T18:59:18Z
160312,cheap,1,llama-3.2-1b,wq_wo,2048,2048,2048,2522.99,0.0180366,1,-,1,67,2026-10-05T18:59:33Z
160312,cheap,1,llama-3.2-1b,wk_wv,2048,512,2048,640.848,0.0192935,1,-,1,67,2026-10-05T18:59:33Z
160312,cheap,1,llama-3.2-1b,w1_w3,2048,8192,2048,10203.4,0.00357459,1,-,1,67,2026-10-05T18:59:33Z
160312,cheap,1,llama-3.2-1b,w2,2048,2048,8192,10061.5,0.00140856,1,-,1,67,2026-10-05T18:59:33Z
160313,cheap,1,llama-3.2-1b,wq_wo,2048,2048,2048,684.892,0.00301951,1,-,1,67,2026-10-05T18:59:46Z
160313,cheap,1,llama-3.2-1b,wk_wv,2048,512,2048,174.772,0.00357162,1,-,1,67,2026-10-05T18:59:46Z
160313,cheap,1,llama-3.2-1b,w1_w3,2048,8192,2048,2726.75,0.00223735,1,-,1,67,2026-10-05T18:59:46Z
160313,cheap,1,llama-3.2-1b,w2,2048,2048,8192,2639.78,0.0034739,1,-,1,67,2026-10-05T18:59:46Z
160314,cheap,1,llama-3.2-1b,wq_wo,2048,2048,2048,391.456,0.0132485,1,-,1,67,2026-10-05T18:59:59Z
160314,cheap,1,llama-3.2-1b,wk_wv,2048,512,2048,101.608,0.00844062,1,-,1,67,2026-10-05T18:59:59Z
160314,cheap,1,llama-3.2-1b,w1_w3,2048,8192,2048,1524.67,0.0131017,1,-,1,67,2026-10-05T18:59:59Z
160314,cheap,1,llama-3.2-1b,w2,2048,2048,8192,1623.65,0.00740235,1,-,1,67,2026-10-05T18:59:59Z
160315,cheap,1,llama-3.2-1b,wq_wo,2048,2048,2048,314.808,0.021707,1,-,1,68,2026-10-05T19:00:12Z
160315,cheap,1,llama-3.2-1b,wk_wv,2048,512,2048,84.89,0.00969377,1,-,1,68,2026-10-05T19:00:12Z
160315,cheap,1,llama-3.2-1b,w1_w3,2048,8192,2048,1249.35,0.0231363,1,-,1,68,2026-10-05T19:00:12Z
160315,cheap,1,llama-3.2-1b,w2,2048,2048,8192,1258.06,0.022102,1,-,1,68,2026-10-05T19:00:12Z
160316,cheap,1,llama-3.2-1b,wq_wo,2048,2048,2048,2206.02,0.0104129,1,-,1,67,2026-10-05T19:00:26Z
160316,cheap,1,llama-3.2-1b,wk_wv,2048,512,2048,824.408,0.00748422,1,-,1,67,2026-10-05T19:00:26Z
160316,cheap,1,llama-3.2-1b,w1_w3,2048,8192,2048,7838.58,0.021037,1,-,1,67,2026-10-05T19:00:26Z
160316,cheap,1,llama-3.2-1b,w2,2048,2048,8192,8702.46,0.0289966,1,-,1,67,2026-10-05T19:00:26Z
160317,cheap,1,llama-3.2-1b,wq_wo,2048,2048,2048,440.388,0.0202628,1,-,1,67,2026-10-05T19:00:40Z
160317,cheap,1,llama-3.2-1b,wk_wv,2048,512,2048,112.112,0.0040359,1,-,1,67,2026-10-05T19:00:40Z
160317,cheap,1,llama-3.2-1b,w1_w3,2048,8192,2048,1657.94,0.0213098,1,-,1,67,2026-10-05T19:00:40Z
160317,cheap,1,llama-3.2-1b,w2,2048,2048,8192,1749.54,0.0184839,1,-,1,67,2026-10-05T19:00:40Z
160318,cheap,1,llama-3.2-1b,wq_wo,2048,2048,2048,620.204,0.0142439,1,-,1,67,2026-10-05T19:00:53Z
160318,cheap,1,llama-3.2-1b,wk_wv,2048,512,2048,132.028,0.00925712,1,-,1,67,2026-10-05T19:00:53Z
160318,cheap,1,llama-3.2-1b,w1_w3,2048,8192,2048,2210.16,0.00467827,1,-,1,67,2026-10-05T19:00:53Z
160318,cheap,1,llama-3.2-1b,w2,2048,2048,8192,2550.29,0.011698,1,-,1,67,2026-10-05T19:00:53Z
160319,cheap,1,llama-3.2-1b,wq_wo,2048,2048,2048,369.876,0.0147966,1,-,1,66,2026-10-05T19:01:03Z
160319,cheap,1,llama-3.2-1b,wk_wv,2048,512,2048,137.488,0.0026385,1,-,1,66,2026-10-05T19:01:03Z
160319,cheap,1,llama-3.2-1b,w1_w3,2048,8192,2048,1315.76,0.00243889,1,-,1,66,2026-10-05T19:01:03Z
160319,cheap,1,llama-3.2-1b,w2,2048,2048,8192,1530.28,0.00852949,1,-,1,66,2026-10-05T19:01:03Z
160320,cheap,1,llama-3.2-1b,wq_wo,2048,2048,2048,1146.13,0.00359736,1,-,1,67,2026-10-05T19:01:18Z
160320,cheap,1,llama-3.2-1b,wk_wv,2048,512,2048,342.472,0.00434387,1,-,1,67,2026-10-05T19:01:18Z
160320,cheap,1,llama-3.2-1b,w1_w3,2048,8192,2048,4452.53,0.00697875,1,-,1,67,2026-10-05T19:01:18Z
160320,cheap,1,llama-3.2-1b,w2,2048,2048,8192,4565.03,0.00340954,1,-,1,67,2026-10-05T19:01:18Z
160321,cheap,1,llama-3.2-1b,wq_wo,2048,2048,2048,900.692,0.00339247,1,-,1,66,2026-10-05T19:01:32Z
160321,cheap,1,llama-3.2-1b,wk_wv,2048,512,2048,296.712,0.00932345,1,-,1,66,2026-10-05T19:01:32Z
160321,cheap,1,llama-3.2-1b,w1_w3,2048,8192,2048,3673.59,0.00426999,1,-,1,66,2026-10-05T19:01:32Z
160321,cheap,1,llama-3.2-1b,w2,2048,2048,8192,3527.71,0.00136215,1,-,1,66,2026-10-05T19:01:32Z
160322,cheap,1,llama-3.2-1b,wq_wo,2048,2048,2048,426.192,0.0184974,1,-,1,67,2026-10-05T19:01:45Z
160322,cheap,1,llama-3.2-1b,wk_wv,2048,512,2048,105.82,0.00795688,1,-,1,67,2026-10-05T19:01:45Z
160322,cheap,1,llama-3.2-1b,w1_w3,2048,8192,2048,1649.8,0.012603,1,-,1,67,2026-10-05T19:01:45Z
160322,cheap,1,llama-3.2-1b,w2,2048,2048,8192,1696.81,0.0130555,1,-,1,67,2026-10-05T19:01:45Z
160323,cheap,1,llama-3.2-1b,wq_wo,2048,2048,2048,325.988,0.019548,1,-,1,68,2026-10-05T19:01:58Z
160323,cheap,1,llama-3.2-1b,wk_wv,2048,512,2048,87.204,0.00815796,1,-,1,68,2026-10-05T19:01:58Z
160323,cheap,1,llama-3.2-1b,w1_w3,2048,8192,2048,1257.15,0.0176249,1,-,1,68,2026-10-05T19:01:58Z
160323,cheap,1,llama-3.2-1b,w2,2048,2048,8192,1375.45,0.0146473,1,-,1,68,2026-10-05T19:01:58Z
160324,cheap,1,llama-3.2-1b,wq_wo,2048,2048,2048,622.44,0.0192375,1,-,1,68,2026-10-05T19:02:11Z
160324,cheap,1,llama-3.2-1b,wk_wv,2048,512,2048,162.864,0.00757807,1,-,1,68,2026-10-05T19:02:11Z
160324,cheap,1,llama-3.2-1b,w1_w3,2048,8192,2048,2416.86,0.0182365,1,-,1,68,2026-10-05T19:02:11Z
160324,cheap,1,llama-3.2-1b,w2,2048,2048,8192,2482.64,0.0185149,1,-,1,68,2026-10-05T19:02:11Z
160325,cheap,1,llama-3.2-1b,wq_wo,2048,2048,2048,314.08,0.0196642,1,-,1,67,2026-10-05T19:02:24Z
160325,cheap,1,llama-3.2-1b,wk_wv,2048,512,2048,104.26,0.00659562,1,-,1,67,2026-10-05T19:02:24Z
160325,cheap,1,llama-3.2-1b,w1_w3,2048,8192,2048,1239.68,0.0205775,1,-,1,67,2026-10-05T19:02:24Z
160325,cheap,1,llama-3.2-1b,w2,2048,2048,8192,1260.27,0.0186921,1,-,1,67,2026-10-05T19:02:24Z
160326,cheap,1,llama-3.2-1b,wq_wo,2048,2048,2048,299.572,0.0204699,1,-,1,68,2026-10-05T19:02:38Z
160326,cheap,1,llama-3.2-1b,wk_wv,2048,512,2048,79.768,0.00837682,1,-,1,68,2026-10-05T19:02:38Z
160326,cheap,1,llama-3.2-1b,w1_w3,2048,8192,2048,1243.42,0.0148671,1,-,1,68,2026-10-05T19:02:38Z
160326,cheap,1,llama-3.2-1b,w2,2048,2048,8192,1281.72,0.0151129,1,-,1,68,2026-10-05T19:02:38Z
160327,cheap,1,llama-3.2-1b,wq_wo,2048,2048,2048,284.44,0.0232739,1,-,1,66,2026-10-05T19:02:51Z
160327,cheap,1,llama-3.2-1b,wk_wv,2048,512,2048,112.58,0.00516788,1,-,1,66,2026-10-05T19:02:51Z
160327,cheap,1,llama-3.2-1b,w1_w3,2048,8192,2048,1143.69,0.0130454,1,-,1,66,2026-10-05T19:02:51Z
160327,cheap,1,llama-3.2-1b,w2,2048,2048,8192,1147.74,0.0173448,1,-,1,66,2026-10-05T19:02:51Z
160328,cheap,1,llama-3.2-1b,wq_wo,2048,2048,2048,2226.43,0.0261673,1,-,1,67,2026-10-05T19:03:05Z
160328,cheap,1,llama-3.2-1b,wk_wv,2048,512,2048,921.596,0.00624632,1,-,1,67,2026-10-05T19:03:05Z
160328,cheap,1,llama-3.2-1b,w1_w3,2048,8192,2048,7877.97,0.0229249,1,-,1,67,2026-10-05T19:03:05Z
160328,cheap,1,llama-3.2-1b,w2,2048,2048,8192,8782.12,0.0101245,1,-,1,67,2026-10-05T19:03:05Z
160330,cheap,1,llama-3.2-1b,wq_wo,2048,2048,2048,2607.18,0.0176185,1,-,1,66,2026-10-05T19:03:20Z
160330,cheap,1,llama-3.2-1b,wk_wv,2048,512,2048,1141.5,0.00477411,1,-,1,66,2026-10-05T19:03:20Z
160330,cheap,1,llama-3.2-1b,w1_w3,2048,8192,2048,9203.04,0.0189003,1,-,1,66,2026-10-05T19:03:20Z
160330,cheap,1,llama-3.2-1b,w2,2048,2048,8192,10364.1,0.0108207,1,-,1,66,2026-10-05T19:03:20Z
160331,cheap,1,llama-3.2-1b,wq_wo,2048,2048,2048,467.272,0.00737599,1,-,1,66,2026-10-05T19:03:33Z
160331,cheap,1,llama-3.2-1b,wk_wv,2048,512,2048,125.112,0.00476117,1,-,1,66,2026-10-05T19:03:33Z
160331,cheap,1,llama-3.2-1b,w1_w3,2048,8192,2048,1818.39,0.00651168,1,-,1,66,2026-10-05T19:03:33Z
160331,cheap,1,llama-3.2-1b,w2,2048,2048,8192,1831.7,0.00556888,1,-,1,66,2026-10-05T19:03:33Z
160332,cheap,1,llama-3.2-1b,wq_wo,2048,2048,2048,1029.68,0.0323845,1,-,1,66,2026-10-05T19:03:48Z
160332,cheap,1,llama-3.2-1b,wk_wv,2048,512,2048,314.34,0.00405368,1,-,1,66,2026-10-05T19:03:48Z
160332,cheap,1,llama-3.2-1b,w1_w3,2048,8192,2048,3289.73,0.00769134,1,-,1,66,2026-10-05T19:03:48Z
160332,cheap,1,llama-3.2-1b,w2,2048,2048,8192,4036.99,0.0292648,1,-,1,66,2026-10-05T19:03:48Z
base,cheap,b7,llama-3.2-1b,wq_wo,2048,2048,2048,255.528,0.0250692,1,-,1,67,2026-10-05T19:04:01Z
base,cheap,b7,llama-3.2-1b,wk_wv,2048,512,2048,93.08,0.00846455,1,-,1,67,2026-10-05T19:04:01Z
base,cheap,b7,llama-3.2-1b,w1_w3,2048,8192,2048,989.222,0.0347846,1,-,1,67,2026-10-05T19:04:01Z
base,cheap,b7,llama-3.2-1b,w2,2048,2048,8192,1032.33,0.0296732,1,-,1,67,2026-10-05T19:04:01Z
160333,cheap,1,llama-3.2-1b,wq_wo,2048,2048,2048,433.524,0.0146119,1,-,1,68,2026-10-05T19:04:14Z
160333,cheap,1,llama-3.2-1b,wk_wv,2048,512,2048,109.33,0.0111612,1,-,1,68,2026-10-05T19:04:14Z
160333,cheap,1,llama-3.2-1b,w1_w3,2048,8192,2048,1714.23,0.0104685,1,-,1,68,2026-10-05T19:04:14Z
160333,cheap,1,llama-3.2-1b,w2,2048,2048,8192,1706.38,0.0108988,1,-,1,68,2026-10-05T19:04:14Z
160334,cheap,1,llama-3.2-1b,wq_wo,2048,2048,2048,611.988,0.0130031,1,-,1,67,2026-10-05T19:04:27Z
160334,cheap,1,llama-3.2-1b,wk_wv,2048,512,2048,142.22,0.0109007,1,-,1,67,2026-10-05T19:04:27Z
160334,cheap,1,llama-3.2-1b,w1_w3,2048,8192,2048,2125.76,0.00803022,1,-,1,67,2026-10-05T19:04:27Z
160334,cheap,1,llama-3.2-1b,w2,2048,2048,8192,2421.8,0.0109536,1,-,1,67,2026-10-05T19:04:27Z
160335,cheap,1,llama-3.2-1b,wq_wo,2048,2048,2048,4657.54,0.0616885,1,-,1,66,2026-10-05T19:04:42Z
160335,cheap,1,llama-3.2-1b,wk_wv,2048,512,2048,1859.1,0.00556818,1,-,1,66,2026-10-05T19:04:42Z
160335,cheap,1,llama-3.2-1b,w1_w3,2048,8192,2048,15572.8,0.0344467,1,-,1,66,2026-10-05T19:04:42Z
160335,cheap,1,llama-3.2-1b,w2,2048,2048,8192,17376.7,0.0379921,1,-,1,66,2026-10-05T19:04:42Z
160336,cheap,1,llama-3.2-1b,wq_wo,2048,2048,2048,1045.3,0.00165474,1,-,1,67,2026-10-05T19:04:55Z
160336,cheap,1,llama-3.2-1b,wk_wv,2048,512,2048,264.238,0.00328352,1,-,1,67,2026-10-05T19:04:55Z
160336,cheap,1,llama-3.2-1b,w1_w3,2048,8192,2048,4158.23,0.00176427,1,-,1,67,2026-10-05T19:04:55Z
160336,cheap,1,llama-3.2-1b,w2,2048,2048,8192,4163.12,0.00168447,1,-,1,67,2026-10-05T19:04:55Z
160337,cheap,1,llama-3.2-1b,wq_wo,2048,2048,2048,1017.64,0.00921397,1,-,1,67,2026-10-05T19:05:09Z
160337,cheap,1,llama-3.2-1b,wk_wv,2048,512,2048,393.484,0.00690307,1,-,1,67,2026-10-05T19:05:09Z
160337,cheap,1,llama-3.2-1b,w1_w3,2048,8192,2048,3489.07,0.00569635,1,-,1,67,2026-10-05T19:05:09Z
160337,cheap,1,llama-3.2-1b,w2,2048,2048,8192,4011.15,0.00889044,1,-,1,67,2026-10-05T19:05:09Z
160338,cheap,1,llama-3.2-1b,wq_wo,2048,2048,2048,258.206,0.0232988,1,-,1,67,2026-10-05T19:05:22Z
160338,cheap,1,llama-3.2-1b,wk_wv,2048,512,2048,107.588,0.00934375,1,-,1,67,2026-10-05T19:05:22Z
160338,cheap,1,llama-3.2-1b,w1_w3,2048,8192,2048,1052.06,0.0252058,1,-,1,67,2026-10-05T19:05:22Z
160338,cheap,1,llama-3.2-1b,w2,2048,2048,8192,1037.14,0.0259902,1,-,1,67,2026-10-05T19:05:22Z
160339,cheap,1,llama-3.2-1b,wq_wo,2048,2048,2048,854.984,0.0310211,1,-,1,67,2026-10-05T19:05:37Z
160339,cheap,1,llama-3.2-1b,wk_wv,2048,512,2048,233.428,0.00913928,1,-,1,67,2026-10-05T19:05:37Z
160339,cheap,1,llama-3.2-1b,w1_w3,2048,8192,2048,2898.43,0.0223423,1,-,1,67,2026-10-05T19:05:37Z
160339,cheap,1,llama-3.2-1b,w2,2048,2048,8192,3323.92,0.04676,1,-,1,67,2026-10-05T19:05:37Z
160340,cheap,1,llama-3.2-1b,wq_wo,2048,2048,2048,332.228,0.0157753,1,-,1,67,2026-10-05T19:05:50Z
160340,cheap,1,llama-3.2-1b,wk_wv,2048,512,2048,136.188,0.00368718,1,-,1,67,2026-10-05T19:05:50Z
160340,cheap,1,llama-3.2-1b,w1_w3,2048,8192,2048,1261.78,0.0154875,1,-,1,67,2026-10-05T19:05:50Z
160340,cheap,1,llama-3.2-1b,w2,2048,2048,8192,1373.68,0.0134676,1,-,1,67,2026-10-05T19:05:50Z
160341,cheap,1,llama-3.2-1b,wq_wo,2048,2048,2048,469.664,0.0174322,1,-,1,66,2026-10-05T19:06:04Z
160341,cheap,1,llama-3.2-1b,wk_wv,2048,512,2048,136.396,0.016861,1,-,1,66,2026-10-05T19:06:04Z
160341,cheap,1,llama-3.2-1b,w1_w3,2048,8192,2048,1547.47,0.0106363,1,-,1,66,2026-10-05T19:06:04Z
160341,cheap,1,llama-3.2-1b,w2,2048,2048,8192,1884.19,0.0434995,1,-,1,66,2026-10-05T19:06:04Z
160342,cheap,1,llama-3.2-1b,wq_wo,2048,2048,2048,557.076,0.00785314,1,-,1,67,2026-10-05T19:06:19Z
160342,cheap,1,llama-3.2-1b,wk_wv,2048,512,2048,243.724,0.00318309,1,-,1,67,2026-10-05T19:06:19Z
160342,cheap,1,llama-3.2-1b,w1_w3,2048,8192,2048,1911.29,0.00590255,1,-,1,67,2026-10-05T19:06:19Z
160342,cheap,1,llama-3.2-1b,w2,2048,2048,8192,2199.29,0.00471696,1,-,1,67,2026-10-05T19:06:19Z
160344,cheap,1,llama-3.2-1b,wq_wo,2048,2048,2048,832.286,0.0110525,1,-,1,66,2026-10-05T19:06:32Z
160344,cheap,1,llama-3.2-1b,wk_wv,2048,512,2048,309.036,0.00594253,1,-,1,66,2026-10-05T19:06:32Z
160344,cheap,1,llama-3.2-1b,w1_w3,2048,8192,2048,3635.11,0.00579167,1,-,1,66,2026-10-05T19:06:32Z
160344,cheap,1,llama-3.2-1b,w2,2048,2048,8192,3315.99,0.00642753,1,-,1,66,2026-10-05T19:06:32Z
160345,cheap,1,llama-3.2-1b,wq_wo,2048,2048,2048,1058.25,0.0345965,1,-,1,67,2026-10-05T19:06:46Z
160345,cheap,1,llama-3.2-1b,wk_wv,2048,512,2048,332.254,0.0050888,1,-,1,67,2026-10-05T19:06:46Z
160345,cheap,1,llama-3.2-1b,w1_w3,2048,8192,2048,3262.71,0.00968264,1,-,1,67,2026-10-05T19:06:46Z
160345,cheap,1,llama-3.2-1b,w2,2048,2048,8192,4148.46,0.0392256,1,-,1,67,2026-10-05T19:06:46Z
160346,cheap,1,llama-3.2-1b,wq_wo,2048,2048,2048,323.44,0.0118688,1,-,1,67,2026-10-05T19:07:00Z
160346,cheap,1,llama-3.2-1b,wk_wv,2048,512,2048,124.748,0.00300336,1,-,1,67,2026-10-05T19:07:00Z
160346,cheap,1,llama-3.2-1b,w1_w3,2048,8192,2048,1154.01,0.0179548,1,-,1,67,2026-10-05T19:07:00Z
160346,cheap,1,llama-3.2-1b,w2,2048,2048,8192,1405.01,0.020182,1,-,1,67,2026-10-05T19:07:00Z
160347,cheap,1,llama-3.2-1b,wq_wo,2048,2048,2048,584.012,0.00488303,1,-,1,67,2026-10-05T19:07:10Z
160347,cheap,1,llama-3.2-1b,wk_wv,2048,512,2048,241.228,0.00345505,1,-,1,67,2026-10-05T19:07:10Z
160347,cheap,1,llama-3.2-1b,w1_w3,2048,8192,2048,2100.12,0.00416502,1,-,1,67,2026-10-05T19:07:10Z
160347,cheap,1,llama-3.2-1b,w2,2048,2048,8192,2283.63,0.00404856,1,-,1,67,2026-10-05T19:07:10Z
160348,cheap,1,llama-3.2-1b,wq_wo,2048,2048,2048,310.388,0.0197467,1,-,1,67,2026-10-05T19:07:23Z
160348,cheap,1,llama-3.2-1b,wk_wv,2048,512,2048,83.018,0.00924106,1,-,1,67,2026-10-05T19:07:23Z
160348,cheap,1,llama-3.2-1b,w1_w3,2048,8192,2048,1255.23,0.0140501,1,-,1,67,2026-10-05T19:07:23Z
160348,cheap,1,llama-3.2-1b,w2,2048,2048,8192,1295.79,0.01486,1,-,1,67,2026-10-05T19:07:23Z
160349,cheap,1,llama-3.2-1b,wq_wo,2048,2048,2048,5635.08,0.0117654,1,-,1,67,2026-10-05T19:07:38Z
160349,cheap,1,llama-3.2-1b,wk_wv,2048,512,2048,1419.24,0.029623,1,-,1,67,2026-10-05T19:07:38Z
160349,cheap,1,llama-3.2-1b,w1_w3,2048,8192,2048,21828.9,0.0133943,1,-,1,67,2026-10-05T19:07:38Z
160349,cheap,1,llama-3.2-1b,w2,2048,2048,8192,23346.7,0.0124813,1,-,1,67,2026-10-05T19:07:38Z
160350,cheap,1,llama-3.2-1b,wq_wo,2048,2048,2048,328.38,0.00639595,1,-,1,67,2026-10-05T19:07:51Z
160350,cheap,1,llama-3.2-1b,wk_wv,2048,512,2048,124.176,0.00961045,1,-,1,67,2026-10-05T19:07:51Z
160350,cheap,1,llama-3.2-1b,w1_w3,2048,8192,2048,1158.59,0.0164617,1,-,1,67,2026-10-05T19:07:51Z
160350,cheap,1,llama-3.2-1b,w2,2048,2048,8192,1303.38,0.0159963,1,-,1,67,2026-10-05T19:07:51Z
160353,cheap,1,llama-3.2-1b,wq_wo,2048,2048,2048,3469.6,0.0170494,1,-,1,67,2026-10-05T19:08:06Z
160353,cheap,1,llama-3.2-1b,wk_wv,2048,512,2048,977.34,0.00701986,1,-,1,67,2026-10-05T19:08:06Z
160353,cheap,1,llama-3.2-1b,w1_w3,2048,8192,2048,12335.1,0.0142609,1,-,1,67,2026-10-05T19:08:06Z
160353,cheap,1,llama-3.2-1b,w2,2048,2048,8192,13790.5,0.0251512,1,-,1,67,2026-10-05T19:08:06Z
160354,cheap,1,llama-3.2-1b,wq_wo,2048,2048,2048,388.44,0.00834926,1,-,1,66,2026-10-05T19:08:20Z
160354,cheap,1,llama-3.2-1b,wk_wv,2048,512,2048,100.698,0.00825624,1,-,1,66,2026-10-05T19:08:20Z
160354,cheap,1,llama-3.2-1b,w1_w3,2048,8192,2048,1542.68,0.00909358,1,-,1,66,2026-10-05T19:08:20Z
160354,cheap,1,llama-3.2-1b,w2,2048,2048,8192,1542.4,0.00944399,1,-,1,66,2026-10-05T19:08:20Z
160355,cheap,1,llama-3.2-1b,wq_wo,2048,2048,2048,2171.26,0.012231,1,-,1,67,2026-10-05T19:08:34Z
160355,cheap,1,llama-3.2-1b,wk_wv,2048,512,2048,809.848,0.00418245,1,-,1,67,2026-10-05T19:08:34Z
160355,cheap,1,llama-3.2-1b,w1_w3,2048,8192,2048,7543.69,0.0186062,1,-,1,67,2026-10-05T19:08:34Z
160355,cheap,1,llama-3.2-1b,w2,2048,2048,8192,8549.32,0.0343347,1,-,1,67,2026-10-05T19:08:34Z
160054,corr,1,-,corr,,,,,,,2/2,1,64,2026-10-05T19:08:41Z
160001,corr,1,-,corr,,,,,,,9/9,0,65,2026-10-05T19:08:46Z
160265,corr,1,-,corr,,,,,,,9/9,0,65,2026-10-05T19:08:50Z
160301,corr,1,-,corr,,,,,,,9/9,0,64,2026-10-05T19:08:53Z
160148,corr,1,-,corr,,,,,,,2/2,1,65,2026-10-05T19:08:58Z
160189,corr,1,-,corr,,,,,,,9/9,0,63,2026-10-05T19:09:03Z
160043,corr,1,-,corr,,,,,,,9/9,0,64,2026-10-05T19:09:08Z
160120,corr,1,-,corr,,,,,,,9/9,0,63,2026-10-05T19:09:13Z
160055,corr,1,-,corr,,,,,,,9/9,0,64,2026-10-05T19:09:17Z
160338,corr,1,-,corr,,,,,,,2/2,1,65,2026-10-05T19:09:21Z
160015,corr,1,-,corr,,,,,,,2/2,1,65,2026-10-05T19:09:26Z
160025,corr,1,-,corr,,,,,,,2/2,1,65,2026-10-05T19:09:31Z
160190,corr,1,-,corr,,,,,,,9/9,0,63,2026-10-05T19:09:36Z
160217,corr,1,-,corr,,,,,,,9/9,0,64,2026-10-05T19:09:40Z
160078,corr,1,-,corr,,,,,,,9/9,0,64,2026-10-05T19:09:44Z
160165,corr,1,-,corr,,,,,,,9/9,0,64,2026-10-05T19:09:48Z
160302,corr,1,-,corr,,,,,,,9/9,0,64,2026-10-05T19:09:52Z
160053,corr,1,-,corr,,,,,,,9/9,0,64,2026-10-05T19:09:55Z
160178,corr,1,-,corr,,,,,,,9/9,0,64,2026-10-05T19:09:59Z
160326,corr,1,-,corr,,,,,,,9/9,0,64,2026-10-05T19:10:03Z
160222,corr,1,-,corr,,,,,,,9/9,0,64,2026-10-05T19:10:06Z
160142,corr,1,-,corr,,,,,,,9/9,0,64,2026-10-05T19:10:10Z
160348,corr,1,-,corr,,,,,,,9/9,0,64,2026-10-05T19:10:14Z
160090,corr,1,-,corr,,,,,,,9/9,0,64,2026-10-05T19:10:18Z
160315,corr,1,-,corr,,,,,,,9/9,0,64,2026-10-05T19:10:21Z
160007,corr,1,-,corr,,,,,,,9/9,0,64,2026-10-05T19:10:25Z
160323,corr,1,-,corr,,,,,,,9/9,0,63,2026-10-05T19:10:29Z
160123,corr,1,-,corr,,,,,,,9/9,0,64,2026-10-05T19:10:33Z
160295,corr,1,-,corr,,,,,,,9/9,0,64,2026-10-05T19:10:37Z
160084,corr,1,-,corr,,,,,,,9/9,0,64,2026-10-05T19:10:40Z
160175,corr,1,-,corr,,,,,,,9/9,0,64,2026-10-05T19:10:44Z
160017,corr,1,-,corr,,,,,,,9/9,0,64,2026-10-05T19:10:48Z
160238,corr,1,-,corr,,,,,,,9/9,0,64,2026-10-05T19:10:52Z
160216,corr,1,-,corr,,,,,,,9/9,0,64,2026-10-05T19:10:55Z
160041,corr,1,-,corr,,,,,,,9/9,0,64,2026-10-05T19:10:59Z
160132,corr,1,-,corr,,,,,,,9/9,0,64,2026-10-05T19:11:03Z
160166,corr,1,-,corr,,,,,,,9/9,0,64,2026-10-05T19:11:07Z
160237,corr,1,-,corr,,,,,,,9/9,0,64,2026-10-05T19:11:12Z
160097,corr,1,-,corr,,,,,,,9/9,0,64,2026-10-05T19:11:15Z
160131,corr,1,-,corr,,,,,,,2/2,1,64,2026-10-05T19:11:20Z
160114,corr,1,-,corr,,,,,,,9/9,0,63,2026-10-05T19:11:25Z
160109,corr,1,-,corr,,,,,,,9/9,0,64,2026-10-05T19:11:30Z
