gpu,model,scheme,build,kernel,M,N,K,ms,tflops
xe2,1b,4w,cand,sarc_linear_q4gsw_coopmat_sweep_t128x128k16g82s16m8flib_texture3d_texture2d_half,2048,2048,2048,0.25,68.715
xe2,1b,4w,cand,sarc_linear_q4gsw_coopmat_sweep_t128x128k32g84s16m8flw_texture3d_texture2d_half,2048,512,2048,0.0884,48.586
xe2,1b,4w,cand,sarc_linear_q4gsw_coopmat_sweep_t128x128k32g84s16m8flw_texture3d_texture2d_half,2048,512,2048,0.0867,49.518
xe2,1b,4w,cand,sarc_linear_q4gsw_coopmat_sweep_t128x128k16g82s16m8flib_texture3d_texture2d_half,2048,2048,2048,0.2477,69.364
xe2,1b,4w,cand,sarc_linear_q4gsw_coopmat_sweep_t128x128k16g82s16m8flib_texture3d_texture2d_half,2048,8192,2048,0.935,73.496
xe2,1b,4w,cand,sarc_linear_q4gsw_coopmat_sweep_t128x128k16g82s16m8flib_texture3d_texture2d_half,2048,8192,2048,0.9323,73.709
xe2,1b,4w,cand,sarc_linear_q4gsw_coopmat_sweep_t128x128k16g82s16m8flib_texture3d_texture2d_half,2048,2048,8192,0.9807,70.07
xe2,1b,4w,cand,sarc_linear_q4gsw_coopmat_sweep_t128x128k16g82s16m8flib_texture3d_texture2d_half,2048,2048,2048,0.2497,68.801
xe2,1b,4w,cand,sarc_linear_q4gsw_coopmat_sweep_t128x128k32g84s16m8flw_texture3d_texture2d_half,2048,512,2048,0.0928,46.298
xe2,1b,4w,cand,sarc_linear_q4gsw_coopmat_sweep_t128x128k32g84s16m8flw_texture3d_texture2d_half,2048,512,2048,0.086,49.937
xe2,1b,4w,cand,sarc_linear_q4gsw_coopmat_sweep_t128x128k16g82s16m8flib_texture3d_texture2d_half,2048,2048,2048,0.2468,69.613
xe2,1b,4w,cand,sarc_linear_q4gsw_coopmat_sweep_t128x128k16g82s16m8flib_texture3d_texture2d_half,2048,8192,2048,0.9445,72.759
xe2,1b,4w,cand,sarc_linear_q4gsw_coopmat_sweep_t128x128k16g82s16m8flib_texture3d_texture2d_half,2048,8192,2048,0.9461,72.631
xe2,1b,4w,cand,sarc_linear_q4gsw_coopmat_sweep_t128x128k16g82s16m8flib_texture3d_texture2d_half,2048,2048,8192,0.9596,71.612
xe2,1b,4w,cand,sarc_linear_q4gsw_coopmat_sweep_t128x128k16g82s16m8flib_texture3d_texture2d_half,2048,2048,2048,0.2486,69.103
xe2,1b,4w,cand,sarc_linear_q4gsw_coopmat_sweep_t128x128k32g84s16m8flw_texture3d_texture2d_half,2048,512,2048,0.0925,46.428
xe2,1b,4w,cand,sarc_linear_q4gsw_coopmat_sweep_t128x128k32g84s16m8flw_texture3d_texture2d_half,2048,512,2048,0.0889,48.33
xe2,1b,4w,cand,sarc_linear_q4gsw_coopmat_sweep_t128x128k16g82s16m8flib_texture3d_texture2d_half,2048,2048,2048,0.2477,69.364
xe2,1b,4w,cand,sarc_linear_q4gsw_coopmat_sweep_t128x128k16g82s16m8flib_texture3d_texture2d_half,2048,8192,2048,0.9314,73.783
xe2,1b,4w,cand,sarc_linear_q4gsw_coopmat_sweep_t128x128k16g82s16m8flib_texture3d_texture2d_half,2048,8192,2048,0.951,72.258
xe2,1b,4w,cand,sarc_linear_q4gsw_coopmat_sweep_t128x128k16g82s16m8flib_texture3d_texture2d_half,2048,2048,8192,0.9644,71.257
xe2,1b,4w,cand,sarc_linear_q4gsw_coopmat_sweep_t128x128k16g82s16m8flib_texture3d_texture2d_half,2048,2048,2048,0.2706,63.486
xe2,1b,4w,cand,sarc_linear_q4gsw_coopmat_sweep_t128x128k32g84s16m8flw_texture3d_texture2d_half,2048,512,2048,0.0923,46.533
xe2,1b,4w,cand,sarc_linear_q4gsw_coopmat_sweep_t128x128k32g84s16m8flw_texture3d_texture2d_half,2048,512,2048,0.087,49.34
xe2,1b,4w,cand,sarc_linear_q4gsw_coopmat_sweep_t128x128k16g82s16m8flib_texture3d_texture2d_half,2048,2048,2048,0.2481,69.248
xe2,1b,4w,cand,sarc_linear_q4gsw_coopmat_sweep_t128x128k16g82s16m8flib_texture3d_texture2d_half,2048,8192,2048,0.9345,73.533
xe2,1b,4w,cand,sarc_linear_q4gsw_coopmat_sweep_t128x128k16g82s16m8flib_texture3d_texture2d_half,2048,8192,2048,0.9598,71.6
xe2,1b,4w,cand,sarc_linear_q4gsw_coopmat_sweep_t128x128k16g82s16m8flib_texture3d_texture2d_half,2048,2048,8192,0.9837,69.859
xe2,1b,4w,cand,sarc_linear_q4gsw_coopmat_sweep_t128x128k16g82s16m8flib_texture3d_texture2d_half,2048,2048,2048,0.2498,68.772
xe2,1b,4w,cand,sarc_linear_q4gsw_coopmat_sweep_t128x128k32g84s16m8flw_texture3d_texture2d_half,2048,512,2048,0.0934,45.989
xe2,1b,4w,cand,sarc_linear_q4gsw_coopmat_sweep_t128x128k32g84s16m8flw_texture3d_texture2d_half,2048,512,2048,0.0886,48.5
xe2,1b,4w,cand,sarc_linear_q4gsw_coopmat_sweep_t128x128k16g82s16m8flib_texture3d_texture2d_half,2048,2048,2048,0.2482,69.204
xe2,1b,4w,cand,sarc_linear_q4gsw_coopmat_sweep_t128x128k16g82s16m8flib_texture3d_texture2d_half,2048,8192,2048,0.9312,73.795
xe2,1b,4w,cand,sarc_linear_q4gsw_coopmat_sweep_t128x128k16g82s16m8flib_texture3d_texture2d_half,2048,8192,2048,0.9448,72.731
xe2,1b,4w,cand,sarc_linear_q4gsw_coopmat_sweep_t128x128k16g82s16m8flib_texture3d_texture2d_half,2048,2048,8192,0.9839,69.841
xe2,1b,4w,cand,sarc_linear_q4gsw_coopmat_sweep_t128x128k16g82s16m8flib_texture3d_texture2d_half,2048,2048,2048,0.2488,69.06
xe2,1b,4w,cand,sarc_linear_q4gsw_coopmat_sweep_t128x128k32g84s16m8flw_texture3d_texture2d_half,2048,512,2048,0.093,46.169
xe2,1b,4w,cand,sarc_linear_q4gsw_coopmat_sweep_t128x128k32g84s16m8flw_texture3d_texture2d_half,2048,512,2048,0.088,48.786
xe2,1b,4w,cand,sarc_linear_q4gsw_coopmat_sweep_t128x128k16g82s16m8flib_texture3d_texture2d_half,2048,2048,2048,0.2482,69.204
xe2,1b,4w,cand,sarc_linear_q4gsw_coopmat_sweep_t128x128k16g82s16m8flib_texture3d_texture2d_half,2048,8192,2048,0.9588,71.674
xe2,1b,4w,cand,sarc_linear_q4gsw_coopmat_sweep_t128x128k16g82s16m8flib_texture3d_texture2d_half,2048,8192,2048,0.9349,73.508
xe2,1b,4w,cand,sarc_linear_q4gsw_coopmat_sweep_t128x128k16g82s16m8flib_texture3d_texture2d_half,2048,2048,8192,0.9664,71.111
xe2,1b,4w,cand,sarc_linear_q4gsw_coopmat_sweep_t128x128k16g82s16m8flib_texture3d_texture2d_half,2048,2048,2048,0.2504,68.615
xe2,1b,4w,cand,sarc_linear_q4gsw_coopmat_sweep_t128x128k32g84s16m8flw_texture3d_texture2d_half,2048,512,2048,0.0938,45.785
xe2,1b,4w,cand,sarc_linear_q4gsw_coopmat_sweep_t128x128k32g84s16m8flw_texture3d_texture2d_half,2048,512,2048,0.088,48.815
xe2,1b,4w,cand,sarc_linear_q4gsw_coopmat_sweep_t128x128k16g82s16m8flib_texture3d_texture2d_half,2048,2048,2048,0.2492,68.945
xe2,1b,4w,cand,sarc_linear_q4gsw_coopmat_sweep_t128x128k16g82s16m8flib_texture3d_texture2d_half,2048,8192,2048,0.9422,72.936
xe2,1b,4w,cand,sarc_linear_q4gsw_coopmat_sweep_t128x128k16g82s16m8flib_texture3d_texture2d_half,2048,8192,2048,0.9395,73.146
xe2,1b,4w,cand,sarc_linear_q4gsw_coopmat_sweep_t128x128k16g82s16m8flib_texture3d_texture2d_half,2048,2048,8192,0.9639,71.291
xe2,1b,4w,cand,sarc_linear_q4gsw_coopmat_sweep_t128x128k16g82s16m8flib_texture3d_texture2d_half,2048,2048,2048,0.2716,63.243
xe2,1b,4w,cand,sarc_linear_q4gsw_coopmat_sweep_t128x128k32g84s16m8flw_texture3d_texture2d_half,2048,512,2048,0.0919,46.717
xe2,1b,4w,cand,sarc_linear_q4gsw_coopmat_sweep_t128x128k32g84s16m8flw_texture3d_texture2d_half,2048,512,2048,0.0869,49.399
xe2,1b,4w,cand,sarc_linear_q4gsw_coopmat_sweep_t128x128k16g82s16m8flib_texture3d_texture2d_half,2048,2048,2048,0.2498,68.787
xe2,1b,4w,cand,sarc_linear_q4gsw_coopmat_sweep_t128x128k16g82s16m8flib_texture3d_texture2d_half,2048,8192,2048,0.9431,72.868
xe2,1b,4w,cand,sarc_linear_q4gsw_coopmat_sweep_t128x128k16g82s16m8flib_texture3d_texture2d_half,2048,8192,2048,0.9312,73.8
xe2,1b,4w,cand,sarc_linear_q4gsw_coopmat_sweep_t128x128k16g82s16m8flib_texture3d_texture2d_half,2048,2048,8192,0.9913,69.324
xe2,1b,4w,cand,sarc_linear_q4gsw_coopmat_sweep_t128x128k16g82s16m8flib_texture3d_texture2d_half,2048,2048,2048,0.2521,68.134
xe2,1b,4w,cand,sarc_linear_q4gsw_coopmat_sweep_t128x128k32g84s16m8flw_texture3d_texture2d_half,2048,512,2048,0.0937,45.835
xe2,1b,4w,cand,sarc_linear_q4gsw_coopmat_sweep_t128x128k32g84s16m8flw_texture3d_texture2d_half,2048,512,2048,0.0897,47.881
xe2,1b,4w,cand,sarc_linear_q4gsw_coopmat_sweep_t128x128k16g82s16m8flib_texture3d_texture2d_half,2048,2048,2048,0.2497,68.815
xe2,1b,4w,cand,sarc_linear_q4gsw_coopmat_sweep_t128x128k16g82s16m8flib_texture3d_texture2d_half,2048,8192,2048,0.9434,72.84
xe2,1b,4w,cand,sarc_linear_q4gsw_coopmat_sweep_t128x128k16g82s16m8flib_texture3d_texture2d_half,2048,8192,2048,0.9406,73.061
xe2,1b,4w,cand,sarc_linear_q4gsw_coopmat_sweep_t128x128k16g82s16m8flib_texture3d_texture2d_half,2048,2048,8192,0.9961,68.988
xe2,1b,4w,cand,sarc_linear_q4gsw_coopmat_sweep_t128x128k16g82s16m8flib_texture3d_texture2d_half,2048,2048,2048,0.253,67.91
xe2,1b,4w,cand,sarc_linear_q4gsw_coopmat_sweep_t128x128k32g84s16m8flw_texture3d_texture2d_half,2048,512,2048,0.0931,46.117
xe2,1b,4w,cand,sarc_linear_q4gsw_coopmat_sweep_t128x128k32g84s16m8flw_texture3d_texture2d_half,2048,512,2048,0.0887,48.443
xe2,1b,4w,cand,sarc_linear_q4gsw_coopmat_sweep_t128x128k16g82s16m8flib_texture3d_texture2d_half,2048,2048,2048,0.2501,68.687
xe2,1b,4w,cand,sarc_linear_q4gsw_coopmat_sweep_t128x128k16g82s16m8flib_texture3d_texture2d_half,2048,8192,2048,0.9513,72.234
xe2,1b,4w,cand,sarc_linear_q4gsw_coopmat_sweep_t128x128k16g82s16m8flib_texture3d_texture2d_half,2048,8192,2048,0.941,73.029
xe2,1b,4w,cand,sarc_linear_q4gsw_coopmat_sweep_t128x128k16g82s16m8flib_texture3d_texture2d_half,2048,2048,8192,0.974,70.557
xe2,1b,4w,cand,sarc_linear_q4gsw_coopmat_sweep_t128x128k16g82s16m8flib_texture3d_texture2d_half,2048,2048,2048,0.2515,68.317
xe2,1b,4w,cand,sarc_linear_q4gsw_coopmat_sweep_t128x128k32g84s16m8flw_texture3d_texture2d_half,2048,512,2048,0.0938,45.81
xe2,1b,4w,cand,sarc_linear_q4gsw_coopmat_sweep_t128x128k32g84s16m8flw_texture3d_texture2d_half,2048,512,2048,0.0883,48.643
xe2,1b,4w,cand,sarc_linear_q4gsw_coopmat_sweep_t128x128k16g82s16m8flib_texture3d_texture2d_half,2048,2048,2048,0.2505,68.587
xe2,1b,4w,cand,sarc_linear_q4gsw_coopmat_sweep_t128x128k16g82s16m8flib_texture3d_texture2d_half,2048,8192,2048,0.9573,71.787
xe2,1b,4w,cand,sarc_linear_q4gsw_coopmat_sweep_t128x128k16g82s16m8flib_texture3d_texture2d_half,2048,8192,2048,0.9689,70.924
xe2,1b,4w,cand,sarc_linear_q4gsw_coopmat_sweep_t128x128k16g82s16m8flib_texture3d_texture2d_half,2048,2048,8192,0.9727,70.651
xe2,1b,4w,cand,sarc_linear_q4gsw_coopmat_sweep_t128x128k16g82s16m8flib_texture3d_texture2d_half,2048,2048,2048,0.2722,63.122
xe2,1b,4w,cand,sarc_linear_q4gsw_coopmat_sweep_t128x128k32g84s16m8flw_texture3d_texture2d_half,2048,512,2048,0.0943,45.532
xe2,1b,4w,cand,sarc_linear_q4gsw_coopmat_sweep_t128x128k32g84s16m8flw_texture3d_texture2d_half,2048,512,2048,0.0873,49.223
xe2,1b,4w,cand,sarc_linear_q4gsw_coopmat_sweep_t128x128k16g82s16m8flib_texture3d_texture2d_half,2048,2048,2048,0.2511,68.43
xe2,1b,4w,cand,sarc_linear_q4gsw_coopmat_sweep_t128x128k16g82s16m8flib_texture3d_texture2d_half,2048,8192,2048,0.9372,73.32
xe2,1b,4w,cand,sarc_linear_q4gsw_coopmat_sweep_t128x128k16g82s16m8flib_texture3d_texture2d_half,2048,8192,2048,0.97,70.844
xe2,1b,4w,cand,sarc_linear_q4gsw_coopmat_sweep_t128x128k16g82s16m8flib_texture3d_texture2d_half,2048,2048,8192,0.9976,68.883
xe2,1b,4w,cand,sarc_linear_q4gsw_coopmat_sweep_t128x128k16g82s16m8flib_texture3d_texture2d_half,2048,2048,2048,0.2518,68.218
xe2,1b,4w,cand,sarc_linear_q4gsw_coopmat_sweep_t128x128k32g84s16m8flw_texture3d_texture2d_half,2048,512,2048,0.0968,44.358
xe2,1b,4w,cand,sarc_linear_q4gsw_coopmat_sweep_t128x128k32g84s16m8flw_texture3d_texture2d_half,2048,512,2048,0.0874,49.135
xe2,1b,4w,cand,sarc_linear_q4gsw_coopmat_sweep_t128x128k16g82s16m8flib_texture3d_texture2d_half,2048,2048,2048,0.2517,68.261
xe2,1b,4w,cand,sarc_linear_q4gsw_coopmat_sweep_t128x128k16g82s16m8flib_texture3d_texture2d_half,2048,8192,2048,0.9471,72.56
xe2,1b,4w,cand,sarc_linear_q4gsw_coopmat_sweep_t128x128k16g82s16m8flib_texture3d_texture2d_half,2048,8192,2048,0.9441,72.791
xe2,1b,4w,cand,sarc_linear_q4gsw_coopmat_sweep_t128x128k16g82s16m8flib_texture3d_texture2d_half,2048,2048,8192,0.9992,68.776
xe2,1b,4w,cand,sarc_linear_q4gsw_coopmat_sweep_t128x128k16g82s16m8flib_texture3d_texture2d_half,2048,2048,2048,0.2527,67.994
xe2,1b,4w,cand,sarc_linear_q4gsw_coopmat_sweep_t128x128k32g84s16m8flw_texture3d_texture2d_half,2048,512,2048,0.0933,46.014
xe2,1b,4w,cand,sarc_linear_q4gsw_coopmat_sweep_t128x128k32g84s16m8flw_texture3d_texture2d_half,2048,512,2048,0.0878,48.931
xe2,1b,4w,cand,sarc_linear_q4gsw_coopmat_sweep_t128x128k16g82s16m8flib_texture3d_texture2d_half,2048,2048,2048,0.2523,68.106
xe2,1b,4w,cand,sarc_linear_q4gsw_coopmat_sweep_t128x128k16g82s16m8flib_texture3d_texture2d_half,2048,8192,2048,0.9708,70.787
xe2,1b,4w,cand,sarc_linear_q4gsw_coopmat_sweep_t128x128k16g82s16m8flib_texture3d_texture2d_half,2048,8192,2048,0.9498,72.353
xe2,1b,4w,cand,sarc_linear_q4gsw_coopmat_sweep_t128x128k16g82s16m8flib_texture3d_texture2d_half,2048,2048,8192,0.9786,70.223
xe2,1b,4w,cand,sarc_linear_q4gsw_coopmat_sweep_t128x128k16g82s16m8flib_texture3d_texture2d_half,2048,2048,2048,0.254,67.646
xe2,1b,4w,cand,sarc_linear_q4gsw_coopmat_sweep_t128x128k32g84s16m8flw_texture3d_texture2d_half,2048,512,2048,0.094,45.683
xe2,1b,4w,cand,sarc_linear_q4gsw_coopmat_sweep_t128x128k32g84s16m8flw_texture3d_texture2d_half,2048,512,2048,0.0875,49.106
xe2,1b,4w,cand,sarc_linear_q4gsw_coopmat_sweep_t128x128k16g82s16m8flib_texture3d_texture2d_half,2048,2048,2048,0.2527,67.98
xe2,1b,4w,cand,sarc_linear_q4gsw_coopmat_sweep_t128x128k16g82s16m8flib_texture3d_texture2d_half,2048,8192,2048,0.9637,71.307
xe2,1b,4w,cand,sarc_linear_q4gsw_coopmat_sweep_t128x128k16g82s16m8flib_texture3d_texture2d_half,2048,8192,2048,0.9761,70.399
xe2,1b,4w,cand,sarc_linear_q4gsw_coopmat_sweep_t128x128k16g82s16m8flib_texture3d_texture2d_half,2048,2048,8192,0.9817,70.004
xe2,1b,4w,cand,sarc_linear_q4gsw_coopmat_sweep_t128x128k16g82s16m8flib_texture3d_texture2d_half,2048,2048,2048,0.2761,62.231
xe2,1b,4w,cand,sarc_linear_q4gsw_coopmat_sweep_t128x128k32g84s16m8flw_texture3d_texture2d_half,2048,512,2048,0.093,46.169
xe2,1b,4w,cand,sarc_linear_q4gsw_coopmat_sweep_t128x128k32g84s16m8flw_texture3d_texture2d_half,2048,512,2048,0.0884,48.586
xe2,1b,4w,cand,sarc_linear_q4gsw_coopmat_sweep_t128x128k16g82s16m8flib_texture3d_texture2d_half,2048,2048,2048,0.2533,67.826
xe2,1b,4w,cand,sarc_linear_q4gsw_coopmat_sweep_t128x128k16g82s16m8flib_texture3d_texture2d_half,2048,8192,2048,0.9537,72.057
xe2,1b,4w,cand,sarc_linear_q4gsw_coopmat_sweep_t128x128k16g82s16m8flib_texture3d_texture2d_half,2048,8192,2048,0.9567,71.83
xe2,1b,4w,cand,sarc_linear_q4gsw_coopmat_sweep_t128x128k16g82s16m8flib_texture3d_texture2d_half,2048,2048,8192,1.0052,68.363
xe2,1b,4w,parent,sarc_linear_q4gsw_coopmat_sweep_t128x128k16g82s16m8flib_texture3d_texture2d_half,2048,2048,2048,0.2622,65.513
xe2,1b,4w,parent,sarc_linear_q4gsw_coopmat_sweep_t128x128k32g84s16m8flw_texture3d_texture2d_half,2048,512,2048,0.0916,46.876
xe2,1b,4w,parent,sarc_linear_q4gsw_coopmat_sweep_t128x128k32g84s16m8flw_texture3d_texture2d_half,2048,512,2048,0.1097,39.163
xe2,1b,4w,parent,sarc_linear_q4gsw_coopmat_sweep_t128x128k16g82s16m8flib_texture3d_texture2d_half,2048,2048,2048,0.2452,70.056
xe2,1b,4w,parent,sarc_linear_q4gsw_coopmat_sweep_t128x128k16g82s16m8flib_texture3d_texture2d_half,2048,8192,2048,0.9274,74.097
xe2,1b,4w,parent,sarc_linear_q4gsw_coopmat_sweep_t128x128k16g82s16m8flib_texture3d_texture2d_half,2048,8192,2048,0.9273,74.106
xe2,1b,4w,parent,sarc_linear_q4gsw_coopmat_sweep_t128x128k16g82s16m8flib_texture3d_texture2d_half,2048,2048,8192,0.9586,71.69
xe2,1b,4w,parent,sarc_linear_q4gsw_coopmat_sweep_t128x128k16g82s16m8flib_texture3d_texture2d_half,2048,2048,2048,0.2487,69.089
xe2,1b,4w,parent,sarc_linear_q4gsw_coopmat_sweep_t128x128k32g84s16m8flw_texture3d_texture2d_half,2048,512,2048,0.0921,46.638
xe2,1b,4w,parent,sarc_linear_q4gsw_coopmat_sweep_t128x128k32g84s16m8flw_texture3d_texture2d_half,2048,512,2048,0.0861,49.877
xe2,1b,4w,parent,sarc_linear_q4gsw_coopmat_sweep_t128x128k16g82s16m8flib_texture3d_texture2d_half,2048,2048,2048,0.2452,70.056
xe2,1b,4w,parent,sarc_linear_q4gsw_coopmat_sweep_t128x128k16g82s16m8flib_texture3d_texture2d_half,2048,8192,2048,0.9289,73.977
xe2,1b,4w,parent,sarc_linear_q4gsw_coopmat_sweep_t128x128k16g82s16m8flib_texture3d_texture2d_half,2048,8192,2048,0.9374,73.308
xe2,1b,4w,parent,sarc_linear_q4gsw_coopmat_sweep_t128x128k16g82s16m8flib_texture3d_texture2d_half,2048,2048,8192,0.9597,71.604
xe2,1b,4w,parent,sarc_linear_q4gsw_coopmat_sweep_t128x128k16g82s16m8flib_texture3d_texture2d_half,2048,2048,2048,0.2484,69.175
xe2,1b,4w,parent,sarc_linear_q4gsw_coopmat_sweep_t128x128k32g84s16m8flw_texture3d_texture2d_half,2048,512,2048,0.0924,46.48
xe2,1b,4w,parent,sarc_linear_q4gsw_coopmat_sweep_t128x128k32g84s16m8flw_texture3d_texture2d_half,2048,512,2048,0.0886,48.5
xe2,1b,4w,parent,sarc_linear_q4gsw_coopmat_sweep_t128x128k16g82s16m8flib_texture3d_texture2d_half,2048,2048,2048,0.2459,69.878
xe2,1b,4w,parent,sarc_linear_q4gsw_coopmat_sweep_t128x128k16g82s16m8flib_texture3d_texture2d_half,2048,8192,2048,0.9254,74.256
xe2,1b,4w,parent,sarc_linear_q4gsw_coopmat_sweep_t128x128k16g82s16m8flib_texture3d_texture2d_half,2048,8192,2048,0.9207,74.637
xe2,1b,4w,parent,sarc_linear_q4gsw_coopmat_sweep_t128x128k16g82s16m8flib_texture3d_texture2d_half,2048,2048,8192,0.9585,71.694
xe2,1b,4w,parent,sarc_linear_q4gsw_coopmat_sweep_t128x128k16g82s16m8flib_texture3d_texture2d_half,2048,2048,2048,0.2473,69.481
xe2,1b,4w,parent,sarc_linear_q4gsw_coopmat_sweep_t128x128k32g84s16m8flw_texture3d_texture2d_half,2048,512,2048,0.0918,46.796
xe2,1b,4w,parent,sarc_linear_q4gsw_coopmat_sweep_t128x128k32g84s16m8flw_texture3d_texture2d_half,2048,512,2048,0.0868,49.488
xe2,1b,4w,parent,sarc_linear_q4gsw_coopmat_sweep_t128x128k16g82s16m8flib_texture3d_texture2d_half,2048,2048,2048,0.2463,69.76
xe2,1b,4w,parent,sarc_linear_q4gsw_coopmat_sweep_t128x128k16g82s16m8flib_texture3d_texture2d_half,2048,8192,2048,0.9214,74.578
xe2,1b,4w,parent,sarc_linear_q4gsw_coopmat_sweep_t128x128k16g82s16m8flib_texture3d_texture2d_half,2048,8192,2048,0.9361,73.41
xe2,1b,4w,parent,sarc_linear_q4gsw_coopmat_sweep_t128x128k16g82s16m8flib_texture3d_texture2d_half,2048,2048,8192,0.9584,71.701
xe2,1b,4w,parent,sarc_linear_q4gsw_coopmat_sweep_t128x128k16g82s16m8flib_texture3d_texture2d_half,2048,2048,2048,0.2477,69.364
xe2,1b,4w,parent,sarc_linear_q4gsw_coopmat_sweep_t128x128k32g84s16m8flw_texture3d_texture2d_half,2048,512,2048,0.0922,46.559
xe2,1b,4w,parent,sarc_linear_q4gsw_coopmat_sweep_t128x128k32g84s16m8flw_texture3d_texture2d_half,2048,512,2048,0.0889,48.33
xe2,1b,4w,parent,sarc_linear_q4gsw_coopmat_sweep_t128x128k16g82s16m8flib_texture3d_texture2d_half,2048,2048,2048,0.2479,69.306
xe2,1b,4w,parent,sarc_linear_q4gsw_coopmat_sweep_t128x128k16g82s16m8flib_texture3d_texture2d_half,2048,8192,2048,0.9247,74.314
xe2,1b,4w,parent,sarc_linear_q4gsw_coopmat_sweep_t128x128k16g82s16m8flib_texture3d_texture2d_half,2048,8192,2048,0.9258,74.231
xe2,1b,4w,parent,sarc_linear_q4gsw_coopmat_sweep_t128x128k16g82s16m8flib_texture3d_texture2d_half,2048,2048,8192,0.9824,69.948
xe2,1b,4w,parent,sarc_linear_q4gsw_coopmat_sweep_t128x128k16g82s16m8flib_texture3d_texture2d_half,2048,2048,2048,0.248,69.277
xe2,1b,4w,parent,sarc_linear_q4gsw_coopmat_sweep_t128x128k32g84s16m8flw_texture3d_texture2d_half,2048,512,2048,0.0941,45.658
xe2,1b,4w,parent,sarc_linear_q4gsw_coopmat_sweep_t128x128k32g84s16m8flw_texture3d_texture2d_half,2048,512,2048,0.0875,49.106
xe2,1b,4w,parent,sarc_linear_q4gsw_coopmat_sweep_t128x128k16g82s16m8flib_texture3d_texture2d_half,2048,2048,2048,0.2473,69.466
xe2,1b,4w,parent,sarc_linear_q4gsw_coopmat_sweep_t128x128k16g82s16m8flib_texture3d_texture2d_half,2048,8192,2048,0.9507,72.282
xe2,1b,4w,parent,sarc_linear_q4gsw_coopmat_sweep_t128x128k16g82s16m8flib_texture3d_texture2d_half,2048,8192,2048,0.9263,74.185
xe2,1b,4w,parent,sarc_linear_q4gsw_coopmat_sweep_t128x128k16g82s16m8flib_texture3d_texture2d_half,2048,2048,8192,0.9615,71.473
xe2,1b,4w,parent,sarc_linear_q4gsw_coopmat_sweep_t128x128k16g82s16m8flib_texture3d_texture2d_half,2048,2048,2048,0.2486,69.118
xe2,1b,4w,parent,sarc_linear_q4gsw_coopmat_sweep_t128x128k32g84s16m8flw_texture3d_texture2d_half,2048,512,2048,0.0938,45.81
xe2,1b,4w,parent,sarc_linear_q4gsw_coopmat_sweep_t128x128k32g84s16m8flw_texture3d_texture2d_half,2048,512,2048,0.0877,48.96
xe2,1b,4w,parent,sarc_linear_q4gsw_coopmat_sweep_t128x128k16g82s16m8flib_texture3d_texture2d_half,2048,2048,2048,0.2474,69.452
xe2,1b,4w,parent,sarc_linear_q4gsw_coopmat_sweep_t128x128k16g82s16m8flib_texture3d_texture2d_half,2048,8192,2048,0.9397,73.13
xe2,1b,4w,parent,sarc_linear_q4gsw_coopmat_sweep_t128x128k16g82s16m8flib_texture3d_texture2d_half,2048,8192,2048,0.9603,71.558
xe2,1b,4w,parent,sarc_linear_q4gsw_coopmat_sweep_t128x128k16g82s16m8flib_texture3d_texture2d_half,2048,2048,8192,0.9615,71.473
xe2,1b,4w,parent,sarc_linear_q4gsw_coopmat_sweep_t128x128k16g82s16m8flib_texture3d_texture2d_half,2048,2048,2048,0.2704,63.535
xe2,1b,4w,parent,sarc_linear_q4gsw_coopmat_sweep_t128x128k32g84s16m8flw_texture3d_texture2d_half,2048,512,2048,0.093,46.194
xe2,1b,4w,parent,sarc_linear_q4gsw_coopmat_sweep_t128x128k32g84s16m8flw_texture3d_texture2d_half,2048,512,2048,0.0867,49.547
xe2,1b,4w,parent,sarc_linear_q4gsw_coopmat_sweep_t128x128k16g82s16m8flib_texture3d_texture2d_half,2048,2048,2048,0.2482,69.204
xe2,1b,4w,parent,sarc_linear_q4gsw_coopmat_sweep_t128x128k16g82s16m8flib_texture3d_texture2d_half,2048,8192,2048,0.9352,73.484
xe2,1b,4w,parent,sarc_linear_q4gsw_coopmat_sweep_t128x128k16g82s16m8flib_texture3d_texture2d_half,2048,8192,2048,0.9289,73.977
xe2,1b,4w,parent,sarc_linear_q4gsw_coopmat_sweep_t128x128k16g82s16m8flib_texture3d_texture2d_half,2048,2048,8192,0.9862,69.682
xe2,1b,4w,parent,sarc_linear_q4gsw_coopmat_sweep_t128x128k16g82s16m8flib_texture3d_texture2d_half,2048,2048,2048,0.2492,68.945
xe2,1b,4w,parent,sarc_linear_q4gsw_coopmat_sweep_t128x128k32g84s16m8flw_texture3d_texture2d_half,2048,512,2048,0.0929,46.246
xe2,1b,4w,parent,sarc_linear_q4gsw_coopmat_sweep_t128x128k32g84s16m8flw_texture3d_texture2d_half,2048,512,2048,0.0889,48.301
xe2,1b,4w,parent,sarc_linear_q4gsw_coopmat_sweep_t128x128k16g82s16m8flib_texture3d_texture2d_half,2048,2048,2048,0.248,69.277
xe2,1b,4w,parent,sarc_linear_q4gsw_coopmat_sweep_t128x128k16g82s16m8flib_texture3d_texture2d_half,2048,8192,2048,0.971,70.772
xe2,1b,4w,parent,sarc_linear_q4gsw_coopmat_sweep_t128x128k16g82s16m8flib_texture3d_texture2d_half,2048,8192,2048,0.941,73.025
xe2,1b,4w,parent,sarc_linear_q4gsw_coopmat_sweep_t128x128k16g82s16m8flib_texture3d_texture2d_half,2048,2048,8192,0.9881,69.55
xe2,1b,4w,parent,sarc_linear_q4gsw_coopmat_sweep_t128x128k16g82s16m8flib_texture3d_texture2d_half,2048,2048,2048,0.2497,68.815
xe2,1b,4w,parent,sarc_linear_q4gsw_coopmat_sweep_t128x128k32g84s16m8flw_texture3d_texture2d_half,2048,512,2048,0.0932,46.091
xe2,1b,4w,parent,sarc_linear_q4gsw_coopmat_sweep_t128x128k32g84s16m8flw_texture3d_texture2d_half,2048,512,2048,0.0885,48.557
xe2,1b,4w,parent,sarc_linear_q4gsw_coopmat_sweep_t128x128k16g82s16m8flib_texture3d_texture2d_half,2048,2048,2048,0.2497,68.815
xe2,1b,4w,parent,sarc_linear_q4gsw_coopmat_sweep_t128x128k16g82s16m8flib_texture3d_texture2d_half,2048,8192,2048,0.95,72.333
xe2,1b,4w,parent,sarc_linear_q4gsw_coopmat_sweep_t128x128k16g82s16m8flib_texture3d_texture2d_half,2048,8192,2048,0.9714,70.742
xe2,1b,4w,parent,sarc_linear_q4gsw_coopmat_sweep_t128x128k16g82s16m8flib_texture3d_texture2d_half,2048,2048,8192,0.9673,71.042
xe2,1b,4w,parent,sarc_linear_q4gsw_coopmat_sweep_t128x128k16g82s16m8flib_texture3d_texture2d_half,2048,2048,2048,0.25,68.729
xe2,1b,4w,parent,sarc_linear_q4gsw_coopmat_sweep_t128x128k32g84s16m8flw_texture3d_texture2d_half,2048,512,2048,0.1145,37.526
xe2,1b,4w,parent,sarc_linear_q4gsw_coopmat_sweep_t128x128k32g84s16m8flw_texture3d_texture2d_half,2048,512,2048,0.0872,49.252
xe2,1b,4w,parent,sarc_linear_q4gsw_coopmat_sweep_t128x128k16g82s16m8flib_texture3d_texture2d_half,2048,2048,2048,0.2708,63.45
xe2,1b,4w,parent,sarc_linear_q4gsw_coopmat_sweep_t128x128k16g82s16m8flib_texture3d_texture2d_half,2048,8192,2048,0.9353,73.475
xe2,1b,4w,parent,sarc_linear_q4gsw_coopmat_sweep_t128x128k16g82s16m8flib_texture3d_texture2d_half,2048,8192,2048,0.9597,71.604
xe2,1b,4w,parent,sarc_linear_q4gsw_coopmat_sweep_t128x128k16g82s16m8flib_texture3d_texture2d_half,2048,2048,8192,0.9896,69.444
xe2,1b,4w,parent,sarc_linear_q4gsw_coopmat_sweep_t128x128k16g82s16m8flib_texture3d_texture2d_half,2048,2048,2048,0.2512,68.402
xe2,1b,4w,parent,sarc_linear_q4gsw_coopmat_sweep_t128x128k32g84s16m8flw_texture3d_texture2d_half,2048,512,2048,0.0938,45.785
xe2,1b,4w,parent,sarc_linear_q4gsw_coopmat_sweep_t128x128k32g84s16m8flw_texture3d_texture2d_half,2048,512,2048,0.0874,49.164
xe2,1b,4w,parent,sarc_linear_q4gsw_coopmat_sweep_t128x128k16g82s16m8flib_texture3d_texture2d_half,2048,2048,2048,0.2493,68.916
xe2,1b,4w,parent,sarc_linear_q4gsw_coopmat_sweep_t128x128k16g82s16m8flib_texture3d_texture2d_half,2048,8192,2048,0.9442,72.783
xe2,1b,4w,parent,sarc_linear_q4gsw_coopmat_sweep_t128x128k16g82s16m8flib_texture3d_texture2d_half,2048,8192,2048,0.9465,72.603
xe2,1b,4w,parent,sarc_linear_q4gsw_coopmat_sweep_t128x128k16g82s16m8flib_texture3d_texture2d_half,2048,2048,8192,0.996,68.999
xe2,1b,4w,parent,sarc_linear_q4gsw_coopmat_sweep_t128x128k16g82s16m8flib_texture3d_texture2d_half,2048,2048,2048,0.2505,68.572
xe2,1b,4w,parent,sarc_linear_q4gsw_coopmat_sweep_t128x128k32g84s16m8flw_texture3d_texture2d_half,2048,512,2048,0.0976,44.004
xe2,1b,4w,parent,sarc_linear_q4gsw_coopmat_sweep_t128x128k32g84s16m8flw_texture3d_texture2d_half,2048,512,2048,0.0873,49.193
xe2,1b,4w,parent,sarc_linear_q4gsw_coopmat_sweep_t128x128k16g82s16m8flib_texture3d_texture2d_half,2048,2048,2048,0.2509,68.473
xe2,1b,4w,parent,sarc_linear_q4gsw_coopmat_sweep_t128x128k16g82s16m8flib_texture3d_texture2d_half,2048,8192,2048,0.9783,70.242
xe2,1b,4w,parent,sarc_linear_q4gsw_coopmat_sweep_t128x128k16g82s16m8flib_texture3d_texture2d_half,2048,8192,2048,0.9479,72.496
xe2,1b,4w,parent,sarc_linear_q4gsw_coopmat_sweep_t128x128k16g82s16m8flib_texture3d_texture2d_half,2048,2048,8192,0.9729,70.632
xe2,1b,4w,parent,sarc_linear_q4gsw_coopmat_sweep_t128x128k16g82s16m8flib_texture3d_texture2d_half,2048,2048,2048,0.2528,67.952
xe2,1b,4w,parent,sarc_linear_q4gsw_coopmat_sweep_t128x128k32g84s16m8flw_texture3d_texture2d_half,2048,512,2048,0.0932,46.091
xe2,1b,4w,parent,sarc_linear_q4gsw_coopmat_sweep_t128x128k32g84s16m8flw_texture3d_texture2d_half,2048,512,2048,0.0874,49.135
xe2,1b,4w,parent,sarc_linear_q4gsw_coopmat_sweep_t128x128k16g82s16m8flib_texture3d_texture2d_half,2048,2048,2048,0.2511,68.43
xe2,1b,4w,parent,sarc_linear_q4gsw_coopmat_sweep_t128x128k16g82s16m8flib_texture3d_texture2d_half,2048,8192,2048,0.959,71.655
xe2,1b,4w,parent,sarc_linear_q4gsw_coopmat_sweep_t128x128k16g82s16m8flib_texture3d_texture2d_half,2048,8192,2048,0.9639,71.295
xe2,1b,4w,parent,sarc_linear_q4gsw_coopmat_sweep_t128x128k16g82s16m8flib_texture3d_texture2d_half,2048,2048,8192,0.9771,70.331
xe2,1b,4w,parent,sarc_linear_q4gsw_coopmat_sweep_t128x128k16g82s16m8flib_texture3d_texture2d_half,2048,2048,2048,0.2547,67.452
xe2,1b,4w,parent,sarc_linear_q4gsw_coopmat_sweep_t128x128k32g84s16m8flw_texture3d_texture2d_half,2048,512,2048,0.0934,45.989
xe2,1b,4w,parent,sarc_linear_q4gsw_coopmat_sweep_t128x128k32g84s16m8flw_texture3d_texture2d_half,2048,512,2048,0.087,49.37
xe2,1b,4w,parent,sarc_linear_q4gsw_coopmat_sweep_t128x128k16g82s16m8flib_texture3d_texture2d_half,2048,2048,2048,0.2516,68.275
xe2,1b,4w,parent,sarc_linear_q4gsw_coopmat_sweep_t128x128k16g82s16m8flib_texture3d_texture2d_half,2048,8192,2048,0.9583,71.713
xe2,1b,4w,parent,sarc_linear_q4gsw_coopmat_sweep_t128x128k16g82s16m8flib_texture3d_texture2d_half,2048,8192,2048,0.9531,72.1
xe2,1b,4w,parent,sarc_linear_q4gsw_coopmat_sweep_t128x128k16g82s16m8flib_texture3d_texture2d_half,2048,2048,8192,1.0004,68.69
xe2,1b,4w,parent,sarc_linear_q4gsw_coopmat_sweep_t128x128k16g82s16m8flib_texture3d_texture2d_half,2048,2048,2048,0.2521,68.148
xe2,1b,4w,parent,sarc_linear_q4gsw_coopmat_sweep_t128x128k32g84s16m8flw_texture3d_texture2d_half,2048,512,2048,0.0945,45.457
xe2,1b,4w,parent,sarc_linear_q4gsw_coopmat_sweep_t128x128k32g84s16m8flw_texture3d_texture2d_half,2048,512,2048,0.0873,49.193
xe2,1b,4w,parent,sarc_linear_q4gsw_coopmat_sweep_t128x128k16g82s16m8flib_texture3d_texture2d_half,2048,2048,2048,0.2527,67.994
xe2,1b,4w,parent,sarc_linear_q4gsw_coopmat_sweep_t128x128k16g82s16m8flib_texture3d_texture2d_half,2048,8192,2048,0.9708,70.787
xe2,1b,4w,parent,sarc_linear_q4gsw_coopmat_sweep_t128x128k16g82s16m8flib_texture3d_texture2d_half,2048,8192,2048,0.9464,72.611
xe2,1b,4w,parent,sarc_linear_q4gsw_coopmat_sweep_t128x128k16g82s16m8flib_texture3d_texture2d_half,2048,2048,8192,0.9782,70.249
xe2,1b,8da4w,cand,sarc_dev_linear_dq8ca_coopmat_zpg_xe2bt_t128x128k64g84s16m8_texture3d_texture2d_half,2048,2048,2048,0.1542,111.39
xe2,1b,8da4w,cand,sarc_dev_linear_dq8ca_coopmat_zpg_xe2bt_t128x128k64g84s16m8_texture3d_texture2d_half,2048,512,2048,0.0531,80.897
xe2,1b,8da4w,cand,sarc_dev_linear_dq8ca_coopmat_zpg_xe2bt_t128x128k64g84s16m8_texture3d_texture2d_half,2048,512,2048,0.0526,81.697
xe2,1b,8da4w,cand,sarc_dev_linear_dq8ca_coopmat_zpg_xe2bt_t128x128k64g84s16m8_texture3d_texture2d_half,2048,2048,2048,0.1617,106.266
xe2,1b,8da4w,cand,sarc_dev_linear_dq8ca_coopmat_zpg_xe2bt_t128x128k64g84s16m8_texture3d_texture2d_half,2048,8192,2048,0.592,116.076
xe2,1b,8da4w,cand,sarc_dev_linear_dq8ca_coopmat_zpg_xe2bt_t128x128k64g84s16m8_texture3d_texture2d_half,2048,8192,2048,0.5903,116.414
xe2,1b,8da4w,cand,sarc_dev_linear_dq8ca_coopmat_zpg_xe2bt_t128x128k64g84s16m8_texture3d_texture2d_half,2048,2048,8192,0.6473,106.155
xe2,1b,8da4w,cand,sarc_dev_linear_dq8ca_coopmat_zpg_xe2bt_t128x128k64g84s16m8_texture3d_texture2d_half,2048,2048,2048,0.1572,109.253
xe2,1b,8da4w,cand,sarc_dev_linear_dq8ca_coopmat_zpg_xe2bt_t128x128k64g84s16m8_texture3d_texture2d_half,2048,512,2048,0.0536,80.19
xe2,1b,8da4w,cand,sarc_dev_linear_dq8ca_coopmat_zpg_xe2bt_t128x128k64g84s16m8_texture3d_texture2d_half,2048,512,2048,0.053,81.055
xe2,1b,8da4w,cand,sarc_dev_linear_dq8ca_coopmat_zpg_xe2bt_t128x128k64g84s16m8_texture3d_texture2d_half,2048,2048,2048,0.1559,110.164
xe2,1b,8da4w,cand,sarc_dev_linear_dq8ca_coopmat_zpg_xe2bt_t128x128k64g84s16m8_texture3d_texture2d_half,2048,8192,2048,0.6139,111.937
xe2,1b,8da4w,cand,sarc_dev_linear_dq8ca_coopmat_zpg_xe2bt_t128x128k64g84s16m8_texture3d_texture2d_half,2048,8192,2048,0.6112,112.432
xe2,1b,8da4w,cand,sarc_dev_linear_dq8ca_coopmat_zpg_xe2bt_t128x128k64g84s16m8_texture3d_texture2d_half,2048,2048,8192,0.6397,107.433
xe2,1b,8da4w,cand,sarc_dev_linear_dq8ca_coopmat_zpg_xe2bt_t128x128k64g84s16m8_texture3d_texture2d_half,2048,2048,2048,0.1576,109.037
xe2,1b,8da4w,cand,sarc_dev_linear_dq8ca_coopmat_zpg_xe2bt_t128x128k64g84s16m8_texture3d_texture2d_half,2048,512,2048,0.0535,80.346
xe2,1b,8da4w,cand,sarc_dev_linear_dq8ca_coopmat_zpg_xe2bt_t128x128k64g84s16m8_texture3d_texture2d_half,2048,512,2048,0.0527,81.536
xe2,1b,8da4w,cand,sarc_dev_linear_dq8ca_coopmat_zpg_xe2bt_t128x128k64g84s16m8_texture3d_texture2d_half,2048,2048,2048,0.1561,110.091
xe2,1b,8da4w,cand,sarc_dev_linear_dq8ca_coopmat_zpg_xe2bt_t128x128k64g84s16m8_texture3d_texture2d_half,2048,8192,2048,0.6231,110.284
xe2,1b,8da4w,cand,sarc_dev_linear_dq8ca_coopmat_zpg_xe2bt_t128x128k64g84s16m8_texture3d_texture2d_half,2048,8192,2048,0.6049,113.611
xe2,1b,8da4w,cand,sarc_dev_linear_dq8ca_coopmat_zpg_xe2bt_t128x128k64g84s16m8_texture3d_texture2d_half,2048,2048,8192,0.6491,105.866
xe2,1b,8da4w,cand,sarc_dev_linear_dq8ca_coopmat_zpg_xe2bt_t128x128k64g84s16m8_texture3d_texture2d_half,2048,2048,2048,0.1575,109.073
xe2,1b,8da4w,cand,sarc_dev_linear_dq8ca_coopmat_zpg_xe2bt_t128x128k64g84s16m8_texture3d_texture2d_half,2048,512,2048,0.0529,81.215
xe2,1b,8da4w,cand,sarc_dev_linear_dq8ca_coopmat_zpg_xe2bt_t128x128k64g84s16m8_texture3d_texture2d_half,2048,512,2048,0.0528,81.375
xe2,1b,8da4w,cand,sarc_dev_linear_dq8ca_coopmat_zpg_xe2bt_t128x128k64g84s16m8_texture3d_texture2d_half,2048,2048,2048,0.1576,109.001
xe2,1b,8da4w,cand,sarc_dev_linear_dq8ca_coopmat_zpg_xe2bt_t128x128k64g84s16m8_texture3d_texture2d_half,2048,8192,2048,0.608,113.019
xe2,1b,8da4w,cand,sarc_dev_linear_dq8ca_coopmat_zpg_xe2bt_t128x128k64g84s16m8_texture3d_texture2d_half,2048,8192,2048,0.5849,117.48
xe2,1b,8da4w,cand,sarc_dev_linear_dq8ca_coopmat_zpg_xe2bt_t128x128k64g84s16m8_texture3d_texture2d_half,2048,2048,8192,0.674,101.954
xe2,1b,8da4w,cand,sarc_dev_linear_dq8ca_coopmat_zpg_xe2bt_t128x128k64g84s16m8_texture3d_texture2d_half,2048,2048,2048,0.1578,108.893
xe2,1b,8da4w,cand,sarc_dev_linear_dq8ca_coopmat_zpg_xe2bt_t128x128k64g84s16m8_texture3d_texture2d_half,2048,512,2048,0.0537,79.957
xe2,1b,8da4w,cand,sarc_dev_linear_dq8ca_coopmat_zpg_xe2bt_t128x128k64g84s16m8_texture3d_texture2d_half,2048,512,2048,0.0505,85.062
xe2,1b,8da4w,cand,sarc_dev_linear_dq8ca_coopmat_zpg_xe2bt_t128x128k64g84s16m8_texture3d_texture2d_half,2048,2048,2048,0.1614,106.438
xe2,1b,8da4w,cand,sarc_dev_linear_dq8ca_coopmat_zpg_xe2bt_t128x128k64g84s16m8_texture3d_texture2d_half,2048,8192,2048,0.5856,117.344
xe2,1b,8da4w,cand,sarc_dev_linear_dq8ca_coopmat_zpg_xe2bt_t128x128k64g84s16m8_texture3d_texture2d_half,2048,8192,2048,0.5865,117.178
xe2,1b,8da4w,cand,sarc_dev_linear_dq8ca_coopmat_zpg_xe2bt_t128x128k64g84s16m8_texture3d_texture2d_half,2048,2048,8192,0.6661,103.164
xe2,1b,8da4w,cand,sarc_dev_linear_dq8ca_coopmat_zpg_xe2bt_t128x128k64g84s16m8_texture3d_texture2d_half,2048,2048,2048,0.1699,101.096
xe2,1b,8da4w,cand,sarc_dev_linear_dq8ca_coopmat_zpg_xe2bt_t128x128k64g84s16m8_texture3d_texture2d_half,2048,512,2048,0.053,80.976
xe2,1b,8da4w,cand,sarc_dev_linear_dq8ca_coopmat_zpg_xe2bt_t128x128k64g84s16m8_texture3d_texture2d_half,2048,512,2048,0.053,81.055
xe2,1b,8da4w,cand,sarc_dev_linear_dq8ca_coopmat_zpg_xe2bt_t128x128k64g84s16m8_texture3d_texture2d_half,2048,2048,2048,0.1557,110.348
xe2,1b,8da4w,cand,sarc_dev_linear_dq8ca_coopmat_zpg_xe2bt_t128x128k64g84s16m8_texture3d_texture2d_half,2048,8192,2048,0.6016,114.23
xe2,1b,8da4w,cand,sarc_dev_linear_dq8ca_coopmat_zpg_xe2bt_t128x128k64g84s16m8_texture3d_texture2d_half,2048,8192,2048,0.6009,114.359
xe2,1b,8da4w,cand,sarc_dev_linear_dq8ca_coopmat_zpg_xe2bt_t128x128k64g84s16m8_texture3d_texture2d_half,2048,2048,8192,0.6623,103.755
xe2,1b,8da4w,cand,sarc_dev_linear_dq8ca_coopmat_zpg_xe2bt_t128x128k64g84s16m8_texture3d_texture2d_half,2048,2048,2048,0.1602,107.232
xe2,1b,8da4w,cand,sarc_dev_linear_dq8ca_coopmat_zpg_xe2bt_t128x128k64g84s16m8_texture3d_texture2d_half,2048,512,2048,0.0538,79.88
xe2,1b,8da4w,cand,sarc_dev_linear_dq8ca_coopmat_zpg_xe2bt_t128x128k64g84s16m8_texture3d_texture2d_half,2048,512,2048,0.0523,82.103
xe2,1b,8da4w,cand,sarc_dev_linear_dq8ca_coopmat_zpg_xe2bt_t128x128k64g84s16m8_texture3d_texture2d_half,2048,2048,2048,0.1575,109.109
xe2,1b,8da4w,cand,sarc_dev_linear_dq8ca_coopmat_zpg_xe2bt_t128x128k64g84s16m8_texture3d_texture2d_half,2048,8192,2048,0.6225,110.385
xe2,1b,8da4w,cand,sarc_dev_linear_dq8ca_coopmat_zpg_xe2bt_t128x128k64g84s16m8_texture3d_texture2d_half,2048,8192,2048,0.614,111.928
xe2,1b,8da4w,cand,sarc_dev_linear_dq8ca_coopmat_zpg_xe2bt_t128x128k64g84s16m8_texture3d_texture2d_half,2048,2048,8192,0.6404,107.302
xe2,1b,8da4w,cand,sarc_dev_linear_dq8ca_coopmat_zpg_xe2bt_t128x128k64g84s16m8_texture3d_texture2d_half,2048,2048,2048,0.1602,107.232
xe2,1b,8da4w,cand,sarc_dev_linear_dq8ca_coopmat_zpg_xe2bt_t128x128k64g84s16m8_texture3d_texture2d_half,2048,512,2048,0.0535,80.268
xe2,1b,8da4w,cand,sarc_dev_linear_dq8ca_coopmat_zpg_xe2bt_t128x128k64g84s16m8_texture3d_texture2d_half,2048,512,2048,0.0529,81.215
xe2,1b,8da4w,cand,sarc_dev_linear_dq8ca_coopmat_zpg_xe2bt_t128x128k64g84s16m8_texture3d_texture2d_half,2048,2048,2048,0.1546,111.09
xe2,1b,8da4w,cand,sarc_dev_linear_dq8ca_coopmat_zpg_xe2bt_t128x128k64g84s16m8_texture3d_texture2d_half,2048,8192,2048,0.621,110.662
xe2,1b,8da4w,cand,sarc_dev_linear_dq8ca_coopmat_zpg_xe2bt_t128x128k64g84s16m8_texture3d_texture2d_half,2048,8192,2048,0.5917,116.137
xe2,1b,8da4w,cand,sarc_dev_linear_dq8ca_coopmat_zpg_xe2bt_t128x128k64g84s16m8_texture3d_texture2d_half,2048,2048,8192,0.6731,102.096
xe2,1b,8da4w,cand,sarc_dev_linear_dq8ca_coopmat_zpg_xe2bt_t128x128k64g84s16m8_texture3d_texture2d_half,2048,2048,2048,0.1526,112.566
xe2,1b,8da4w,cand,sarc_dev_linear_dq8ca_coopmat_zpg_xe2bt_t128x128k64g84s16m8_texture3d_texture2d_half,2048,512,2048,0.0536,80.19
xe2,1b,8da4w,cand,sarc_dev_linear_dq8ca_coopmat_zpg_xe2bt_t128x128k64g84s16m8_texture3d_texture2d_half,2048,512,2048,0.0525,81.859
xe2,1b,8da4w,cand,sarc_dev_linear_dq8ca_coopmat_zpg_xe2bt_t128x128k64g84s16m8_texture3d_texture2d_half,2048,2048,2048,0.1598,107.511
xe2,1b,8da4w,cand,sarc_dev_linear_dq8ca_coopmat_zpg_xe2bt_t128x128k64g84s16m8_texture3d_texture2d_half,2048,8192,2048,0.5908,116.311
xe2,1b,8da4w,cand,sarc_dev_linear_dq8ca_coopmat_zpg_xe2bt_t128x128k64g84s16m8_texture3d_texture2d_half,2048,8192,2048,0.5903,116.414
xe2,1b,8da4w,cand,sarc_dev_linear_dq8ca_coopmat_zpg_xe2bt_t128x128k64g84s16m8_texture3d_texture2d_half,2048,2048,8192,0.6465,106.301
xe2,1b,8da4w,cand,sarc_dev_linear_dq8ca_coopmat_zpg_xe2bt_t128x128k64g84s16m8_texture3d_texture2d_half,2048,2048,2048,0.1632,105.284
xe2,1b,8da4w,cand,sarc_dev_linear_dq8ca_coopmat_zpg_xe2bt_t128x128k64g84s16m8_texture3d_texture2d_half,2048,512,2048,0.0531,80.818
xe2,1b,8da4w,cand,sarc_dev_linear_dq8ca_coopmat_zpg_xe2bt_t128x128k64g84s16m8_texture3d_texture2d_half,2048,512,2048,0.0529,81.215
xe2,1b,8da4w,cand,sarc_dev_linear_dq8ca_coopmat_zpg_xe2bt_t128x128k64g84s16m8_texture3d_texture2d_half,2048,2048,2048,0.1535,111.956
xe2,1b,8da4w,cand,sarc_dev_linear_dq8ca_coopmat_zpg_xe2bt_t128x128k64g84s16m8_texture3d_texture2d_half,2048,8192,2048,0.6064,113.319
xe2,1b,8da4w,cand,sarc_dev_linear_dq8ca_coopmat_zpg_xe2bt_t128x128k64g84s16m8_texture3d_texture2d_half,2048,8192,2048,0.6019,114.171
xe2,1b,8da4w,cand,sarc_dev_linear_dq8ca_coopmat_zpg_xe2bt_t128x128k64g84s16m8_texture3d_texture2d_half,2048,2048,8192,0.6487,105.934
xe2,1b,8da4w,cand,sarc_dev_linear_dq8ca_coopmat_zpg_xe2bt_t128x128k64g84s16m8_texture3d_texture2d_half,2048,2048,2048,0.1588,108.216
xe2,1b,8da4w,cand,sarc_dev_linear_dq8ca_coopmat_zpg_xe2bt_t128x128k64g84s16m8_texture3d_texture2d_half,2048,512,2048,0.053,80.976
xe2,1b,8da4w,cand,sarc_dev_linear_dq8ca_coopmat_zpg_xe2bt_t128x128k64g84s16m8_texture3d_texture2d_half,2048,512,2048,0.0529,81.135
xe2,1b,8da4w,cand,sarc_dev_linear_dq8ca_coopmat_zpg_xe2bt_t128x128k64g84s16m8_texture3d_texture2d_half,2048,2048,2048,0.1546,111.128
xe2,1b,8da4w,cand,sarc_dev_linear_dq8ca_coopmat_zpg_xe2bt_t128x128k64g84s16m8_texture3d_texture2d_half,2048,8192,2048,0.6247,109.999
xe2,1b,8da4w,cand,sarc_dev_linear_dq8ca_coopmat_zpg_xe2bt_t128x128k64g84s16m8_texture3d_texture2d_half,2048,8192,2048,0.5976,114.996
xe2,1b,8da4w,cand,sarc_dev_linear_dq8ca_coopmat_zpg_xe2bt_t128x128k64g84s16m8_texture3d_texture2d_half,2048,2048,8192,0.6627,103.698
xe2,1b,8da4w,cand,sarc_dev_linear_dq8ca_coopmat_zpg_xe2bt_t128x128k64g84s16m8_texture3d_texture2d_half,2048,2048,2048,0.1518,113.145
xe2,1b,8da4w,cand,sarc_dev_linear_dq8ca_coopmat_zpg_xe2bt_t128x128k64g84s16m8_texture3d_texture2d_half,2048,512,2048,0.0531,80.897
xe2,1b,8da4w,cand,sarc_dev_linear_dq8ca_coopmat_zpg_xe2bt_t128x128k64g84s16m8_texture3d_texture2d_half,2048,512,2048,0.0528,81.375
xe2,1b,8da4w,cand,sarc_dev_linear_dq8ca_coopmat_zpg_xe2bt_t128x128k64g84s16m8_texture3d_texture2d_half,2048,2048,2048,0.1595,107.686
xe2,1b,8da4w,cand,sarc_dev_linear_dq8ca_coopmat_zpg_xe2bt_t128x128k64g84s16m8_texture3d_texture2d_half,2048,8192,2048,0.6161,111.54
xe2,1b,8da4w,cand,sarc_dev_linear_dq8ca_coopmat_zpg_xe2bt_t128x128k64g84s16m8_texture3d_texture2d_half,2048,8192,2048,0.5939,115.71
xe2,1b,8da4w,cand,sarc_dev_linear_dq8ca_coopmat_zpg_xe2bt_t128x128k64g84s16m8_texture3d_texture2d_half,2048,2048,8192,0.6497,105.773
xe2,1b,8da4w,cand,sarc_dev_linear_dq8ca_coopmat_zpg_xe2bt_t128x128k64g84s16m8_texture3d_texture2d_half,2048,2048,2048,0.1548,111.015
xe2,1b,8da4w,cand,sarc_dev_linear_dq8ca_coopmat_zpg_xe2bt_t128x128k64g84s16m8_texture3d_texture2d_half,2048,512,2048,0.0532,80.739
xe2,1b,8da4w,cand,sarc_dev_linear_dq8ca_coopmat_zpg_xe2bt_t128x128k64g84s16m8_texture3d_texture2d_half,2048,512,2048,0.0523,82.103
xe2,1b,8da4w,cand,sarc_dev_linear_dq8ca_coopmat_zpg_xe2bt_t128x128k64g84s16m8_texture3d_texture2d_half,2048,2048,2048,0.1629,105.452
xe2,1b,8da4w,cand,sarc_dev_linear_dq8ca_coopmat_zpg_xe2bt_t128x128k64g84s16m8_texture3d_texture2d_half,2048,8192,2048,0.5979,114.936
xe2,1b,8da4w,cand,sarc_dev_linear_dq8ca_coopmat_zpg_xe2bt_t128x128k64g84s16m8_texture3d_texture2d_half,2048,8192,2048,0.5964,115.226
xe2,1b,8da4w,cand,sarc_dev_linear_dq8ca_coopmat_zpg_xe2bt_t128x128k64g84s16m8_texture3d_texture2d_half,2048,2048,8192,0.651,105.553
xe2,1b,8da4w,cand,sarc_dev_linear_dq8ca_coopmat_zpg_xe2bt_t128x128k64g84s16m8_texture3d_texture2d_half,2048,2048,2048,0.1536,111.88
xe2,1b,8da4w,cand,sarc_dev_linear_dq8ca_coopmat_zpg_xe2bt_t128x128k64g84s16m8_texture3d_texture2d_half,2048,512,2048,0.0511,84.109
xe2,1b,8da4w,cand,sarc_dev_linear_dq8ca_coopmat_zpg_xe2bt_t128x128k64g84s16m8_texture3d_texture2d_half,2048,512,2048,0.0529,81.135
xe2,1b,8da4w,cand,sarc_dev_linear_dq8ca_coopmat_zpg_xe2bt_t128x128k64g84s16m8_texture3d_texture2d_half,2048,2048,2048,0.1617,106.232
xe2,1b,8da4w,cand,sarc_dev_linear_dq8ca_coopmat_zpg_xe2bt_t128x128k64g84s16m8_texture3d_texture2d_half,2048,8192,2048,0.5999,114.547
xe2,1b,8da4w,cand,sarc_dev_linear_dq8ca_coopmat_zpg_xe2bt_t128x128k64g84s16m8_texture3d_texture2d_half,2048,8192,2048,0.5879,116.887
xe2,1b,8da4w,cand,sarc_dev_linear_dq8ca_coopmat_zpg_xe2bt_t128x128k64g84s16m8_texture3d_texture2d_half,2048,2048,8192,0.6557,104.8
xe2,1b,8da4w,cand,sarc_dev_linear_dq8ca_coopmat_zpg_xe2bt_t128x128k64g84s16m8_texture3d_texture2d_half,2048,2048,2048,0.1519,113.106
xe2,1b,8da4w,cand,sarc_dev_linear_dq8ca_coopmat_zpg_xe2bt_t128x128k64g84s16m8_texture3d_texture2d_half,2048,512,2048,0.0532,80.66
xe2,1b,8da4w,cand,sarc_dev_linear_dq8ca_coopmat_zpg_xe2bt_t128x128k64g84s16m8_texture3d_texture2d_half,2048,512,2048,0.0523,82.103
xe2,1b,8da4w,cand,sarc_dev_linear_dq8ca_coopmat_zpg_xe2bt_t128x128k64g84s16m8_texture3d_texture2d_half,2048,2048,2048,0.1539,111.653
xe2,1b,8da4w,cand,sarc_dev_linear_dq8ca_coopmat_zpg_xe2bt_t128x128k64g84s16m8_texture3d_texture2d_half,2048,8192,2048,0.6052,113.543
xe2,1b,8da4w,cand,sarc_dev_linear_dq8ca_coopmat_zpg_xe2bt_t128x128k64g84s16m8_texture3d_texture2d_half,2048,8192,2048,0.5916,116.168
xe2,1b,8da4w,cand,sarc_dev_linear_dq8ca_coopmat_zpg_xe2bt_t128x128k64g84s16m8_texture3d_texture2d_half,2048,2048,8192,0.658,104.444
xe2,1b,8da4w,cand,sarc_dev_linear_dq8ca_coopmat_zpg_xe2bt_t128x128k64g84s16m8_texture3d_texture2d_half,2048,2048,2048,0.1548,110.978
xe2,1b,8da4w,cand,sarc_dev_linear_dq8ca_coopmat_zpg_xe2bt_t128x128k64g84s16m8_texture3d_texture2d_half,2048,512,2048,0.0527,81.455
xe2,1b,8da4w,cand,sarc_dev_linear_dq8ca_coopmat_zpg_xe2bt_t128x128k64g84s16m8_texture3d_texture2d_half,2048,512,2048,0.0529,81.135
xe2,1b,8da4w,cand,sarc_dev_linear_dq8ca_coopmat_zpg_xe2bt_t128x128k64g84s16m8_texture3d_texture2d_half,2048,2048,2048,0.1564,109.834
xe2,1b,8da4w,cand,sarc_dev_linear_dq8ca_coopmat_zpg_xe2bt_t128x128k64g84s16m8_texture3d_texture2d_half,2048,8192,2048,0.594,115.68
xe2,1b,8da4w,cand,sarc_dev_linear_dq8ca_coopmat_zpg_xe2bt_t128x128k64g84s16m8_texture3d_texture2d_half,2048,8192,2048,0.6109,112.49
xe2,1b,8da4w,cand,sarc_dev_linear_dq8ca_coopmat_zpg_xe2bt_t128x128k64g84s16m8_texture3d_texture2d_half,2048,2048,8192,0.6574,104.526
xe2,1b,8da4w,parent,sarc_dev_linear_dq8ca_coopmat_zpg_xe2bt_t128x128k64g84s16m8_texture3d_texture2d_half,2048,2048,2048,0.1537,111.767
xe2,1b,8da4w,parent,sarc_dev_linear_dq8ca_coopmat_zpg_xe2bt_t128x128k64g84s16m8_texture3d_texture2d_half,2048,512,2048,0.0531,80.897
xe2,1b,8da4w,parent,sarc_dev_linear_dq8ca_coopmat_zpg_xe2bt_t128x128k64g84s16m8_texture3d_texture2d_half,2048,512,2048,0.052,82.596
xe2,1b,8da4w,parent,sarc_dev_linear_dq8ca_coopmat_zpg_xe2bt_t128x128k64g84s16m8_texture3d_texture2d_half,2048,2048,2048,0.1652,103.992
xe2,1b,8da4w,parent,sarc_dev_linear_dq8ca_coopmat_zpg_xe2bt_t128x128k64g84s16m8_texture3d_texture2d_half,2048,8192,2048,0.6007,114.408
xe2,1b,8da4w,parent,sarc_dev_linear_dq8ca_coopmat_zpg_xe2bt_t128x128k64g84s16m8_texture3d_texture2d_half,2048,8192,2048,0.5896,116.547
xe2,1b,8da4w,parent,sarc_dev_linear_dq8ca_coopmat_zpg_xe2bt_t128x128k64g84s16m8_texture3d_texture2d_half,2048,2048,8192,0.6484,105.977
xe2,1b,8da4w,parent,sarc_dev_linear_dq8ca_coopmat_zpg_xe2bt_t128x128k64g84s16m8_texture3d_texture2d_half,2048,2048,2048,0.1557,110.311
xe2,1b,8da4w,parent,sarc_dev_linear_dq8ca_coopmat_zpg_xe2bt_t128x128k64g84s16m8_texture3d_texture2d_half,2048,512,2048,0.0535,80.346
xe2,1b,8da4w,parent,sarc_dev_linear_dq8ca_coopmat_zpg_xe2bt_t128x128k64g84s16m8_texture3d_texture2d_half,2048,512,2048,0.0532,80.66
xe2,1b,8da4w,parent,sarc_dev_linear_dq8ca_coopmat_zpg_xe2bt_t128x128k64g84s16m8_texture3d_texture2d_half,2048,2048,2048,0.158,108.75
xe2,1b,8da4w,parent,sarc_dev_linear_dq8ca_coopmat_zpg_xe2bt_t128x128k64g84s16m8_texture3d_texture2d_half,2048,8192,2048,0.616,111.559
xe2,1b,8da4w,parent,sarc_dev_linear_dq8ca_coopmat_zpg_xe2bt_t128x128k64g84s16m8_texture3d_texture2d_half,2048,8192,2048,0.6069,113.222
xe2,1b,8da4w,parent,sarc_dev_linear_dq8ca_coopmat_zpg_xe2bt_t128x128k64g84s16m8_texture3d_texture2d_half,2048,2048,8192,0.643,106.868
xe2,1b,8da4w,parent,sarc_dev_linear_dq8ca_coopmat_zpg_xe2bt_t128x128k64g84s16m8_texture3d_texture2d_half,2048,2048,2048,0.1514,113.494
xe2,1b,8da4w,parent,sarc_dev_linear_dq8ca_coopmat_zpg_xe2bt_t128x128k64g84s16m8_texture3d_texture2d_half,2048,512,2048,0.0537,80.034
xe2,1b,8da4w,parent,sarc_dev_linear_dq8ca_coopmat_zpg_xe2bt_t128x128k64g84s16m8_texture3d_texture2d_half,2048,512,2048,0.0524,82.021
xe2,1b,8da4w,parent,sarc_dev_linear_dq8ca_coopmat_zpg_xe2bt_t128x128k64g84s16m8_texture3d_texture2d_half,2048,2048,2048,0.1538,111.729
xe2,1b,8da4w,parent,sarc_dev_linear_dq8ca_coopmat_zpg_xe2bt_t128x128k64g84s16m8_texture3d_texture2d_half,2048,8192,2048,0.6222,110.45
xe2,1b,8da4w,parent,sarc_dev_linear_dq8ca_coopmat_zpg_xe2bt_t128x128k64g84s16m8_texture3d_texture2d_half,2048,8192,2048,0.5966,115.186
xe2,1b,8da4w,parent,sarc_dev_linear_dq8ca_coopmat_zpg_xe2bt_t128x128k64g84s16m8_texture3d_texture2d_half,2048,2048,8192,0.6514,105.494
xe2,1b,8da4w,parent,sarc_dev_linear_dq8ca_coopmat_zpg_xe2bt_t128x128k64g84s16m8_texture3d_texture2d_half,2048,2048,2048,0.1555,110.459
xe2,1b,8da4w,parent,sarc_dev_linear_dq8ca_coopmat_zpg_xe2bt_t128x128k64g84s16m8_texture3d_texture2d_half,2048,512,2048,0.0535,80.268
xe2,1b,8da4w,parent,sarc_dev_linear_dq8ca_coopmat_zpg_xe2bt_t128x128k64g84s16m8_texture3d_texture2d_half,2048,512,2048,0.0529,81.215
xe2,1b,8da4w,parent,sarc_dev_linear_dq8ca_coopmat_zpg_xe2bt_t128x128k64g84s16m8_texture3d_texture2d_half,2048,2048,2048,0.1543,111.352
xe2,1b,8da4w,parent,sarc_dev_linear_dq8ca_coopmat_zpg_xe2bt_t128x128k64g84s16m8_texture3d_texture2d_half,2048,8192,2048,0.6005,114.438
xe2,1b,8da4w,parent,sarc_dev_linear_dq8ca_coopmat_zpg_xe2bt_t128x128k64g84s16m8_texture3d_texture2d_half,2048,8192,2048,0.5871,117.043
xe2,1b,8da4w,parent,sarc_dev_linear_dq8ca_coopmat_zpg_xe2bt_t128x128k64g84s16m8_texture3d_texture2d_half,2048,2048,8192,0.6557,104.8
xe2,1b,8da4w,parent,sarc_dev_linear_dq8ca_coopmat_zpg_xe2bt_t128x128k64g84s16m8_texture3d_texture2d_half,2048,2048,2048,0.1701,100.973
xe2,1b,8da4w,parent,sarc_dev_linear_dq8ca_coopmat_zpg_xe2bt_t128x128k64g84s16m8_texture3d_texture2d_half,2048,512,2048,0.0545,78.813
xe2,1b,8da4w,parent,sarc_dev_linear_dq8ca_coopmat_zpg_xe2bt_t128x128k64g84s16m8_texture3d_texture2d_half,2048,512,2048,0.0502,85.591
xe2,1b,8da4w,parent,sarc_dev_linear_dq8ca_coopmat_zpg_xe2bt_t128x128k64g84s16m8_texture3d_texture2d_half,2048,2048,2048,0.157,109.398
xe2,1b,8da4w,parent,sarc_dev_linear_dq8ca_coopmat_zpg_xe2bt_t128x128k64g84s16m8_texture3d_texture2d_half,2048,8192,2048,0.5943,115.629
xe2,1b,8da4w,parent,sarc_dev_linear_dq8ca_coopmat_zpg_xe2bt_t128x128k64g84s16m8_texture3d_texture2d_half,2048,8192,2048,0.589,116.671
xe2,1b,8da4w,parent,sarc_dev_linear_dq8ca_coopmat_zpg_xe2bt_t128x128k64g84s16m8_texture3d_texture2d_half,2048,2048,8192,0.6555,104.842
xe2,1b,8da4w,parent,sarc_dev_linear_dq8ca_coopmat_zpg_xe2bt_t128x128k64g84s16m8_texture3d_texture2d_half,2048,2048,2048,0.1608,106.816
xe2,1b,8da4w,parent,sarc_dev_linear_dq8ca_coopmat_zpg_xe2bt_t128x128k64g84s16m8_texture3d_texture2d_half,2048,512,2048,0.0535,80.346
xe2,1b,8da4w,parent,sarc_dev_linear_dq8ca_coopmat_zpg_xe2bt_t128x128k64g84s16m8_texture3d_texture2d_half,2048,512,2048,0.0526,81.697
xe2,1b,8da4w,parent,sarc_dev_linear_dq8ca_coopmat_zpg_xe2bt_t128x128k64g84s16m8_texture3d_texture2d_half,2048,2048,2048,0.1584,108.429
xe2,1b,8da4w,parent,sarc_dev_linear_dq8ca_coopmat_zpg_xe2bt_t128x128k64g84s16m8_texture3d_texture2d_half,2048,8192,2048,0.594,115.68
xe2,1b,8da4w,parent,sarc_dev_linear_dq8ca_coopmat_zpg_xe2bt_t128x128k64g84s16m8_texture3d_texture2d_half,2048,8192,2048,0.6054,113.514
xe2,1b,8da4w,parent,sarc_dev_linear_dq8ca_coopmat_zpg_xe2bt_t128x128k64g84s16m8_texture3d_texture2d_half,2048,2048,8192,0.6466,106.275
xe2,1b,8da4w,parent,sarc_dev_linear_dq8ca_coopmat_zpg_xe2bt_t128x128k64g84s16m8_texture3d_texture2d_half,2048,2048,2048,0.1596,107.616
xe2,1b,8da4w,parent,sarc_dev_linear_dq8ca_coopmat_zpg_xe2bt_t128x128k64g84s16m8_texture3d_texture2d_half,2048,512,2048,0.0541,79.419
xe2,1b,8da4w,parent,sarc_dev_linear_dq8ca_coopmat_zpg_xe2bt_t128x128k64g84s16m8_texture3d_texture2d_half,2048,512,2048,0.0527,81.536
xe2,1b,8da4w,parent,sarc_dev_linear_dq8ca_coopmat_zpg_xe2bt_t128x128k64g84s16m8_texture3d_texture2d_half,2048,2048,2048,0.1589,108.109
xe2,1b,8da4w,parent,sarc_dev_linear_dq8ca_coopmat_zpg_xe2bt_t128x128k64g84s16m8_texture3d_texture2d_half,2048,8192,2048,0.6183,111.146
xe2,1b,8da4w,parent,sarc_dev_linear_dq8ca_coopmat_zpg_xe2bt_t128x128k64g84s16m8_texture3d_texture2d_half,2048,8192,2048,0.6079,113.038
xe2,1b,8da4w,parent,sarc_dev_linear_dq8ca_coopmat_zpg_xe2bt_t128x128k64g84s16m8_texture3d_texture2d_half,2048,2048,8192,0.6597,104.172
xe2,1b,8da4w,parent,sarc_dev_linear_dq8ca_coopmat_zpg_xe2bt_t128x128k64g84s16m8_texture3d_texture2d_half,2048,2048,2048,0.1564,109.834
xe2,1b,8da4w,parent,sarc_dev_linear_dq8ca_coopmat_zpg_xe2bt_t128x128k64g84s16m8_texture3d_texture2d_half,2048,512,2048,0.0536,80.19
xe2,1b,8da4w,parent,sarc_dev_linear_dq8ca_coopmat_zpg_xe2bt_t128x128k64g84s16m8_texture3d_texture2d_half,2048,512,2048,0.0534,80.502
xe2,1b,8da4w,parent,sarc_dev_linear_dq8ca_coopmat_zpg_xe2bt_t128x128k64g84s16m8_texture3d_texture2d_half,2048,2048,2048,0.1615,106.403
xe2,1b,8da4w,parent,sarc_dev_linear_dq8ca_coopmat_zpg_xe2bt_t128x128k64g84s16m8_texture3d_texture2d_half,2048,8192,2048,0.6196,110.904
xe2,1b,8da4w,parent,sarc_dev_linear_dq8ca_coopmat_zpg_xe2bt_t128x128k64g84s16m8_texture3d_texture2d_half,2048,8192,2048,0.5944,115.609
xe2,1b,8da4w,parent,sarc_dev_linear_dq8ca_coopmat_zpg_xe2bt_t128x128k64g84s16m8_texture3d_texture2d_half,2048,2048,8192,0.6434,106.799
xe2,1b,8da4w,parent,sarc_dev_linear_dq8ca_coopmat_zpg_xe2bt_t128x128k64g84s16m8_texture3d_texture2d_half,2048,2048,2048,0.1563,109.908
xe2,1b,8da4w,parent,sarc_dev_linear_dq8ca_coopmat_zpg_xe2bt_t128x128k64g84s16m8_texture3d_texture2d_half,2048,512,2048,0.0539,79.649
xe2,1b,8da4w,parent,sarc_dev_linear_dq8ca_coopmat_zpg_xe2bt_t128x128k64g84s16m8_texture3d_texture2d_half,2048,512,2048,0.0523,82.103
xe2,1b,8da4w,parent,sarc_dev_linear_dq8ca_coopmat_zpg_xe2bt_t128x128k64g84s16m8_texture3d_texture2d_half,2048,2048,2048,0.1598,107.476
xe2,1b,8da4w,parent,sarc_dev_linear_dq8ca_coopmat_zpg_xe2bt_t128x128k64g84s16m8_texture3d_texture2d_half,2048,8192,2048,0.5862,117.23
xe2,1b,8da4w,parent,sarc_dev_linear_dq8ca_coopmat_zpg_xe2bt_t128x128k64g84s16m8_texture3d_texture2d_half,2048,8192,2048,0.5869,117.094
xe2,1b,8da4w,parent,sarc_dev_linear_dq8ca_coopmat_zpg_xe2bt_t128x128k64g84s16m8_texture3d_texture2d_half,2048,2048,8192,0.6437,106.756
xe2,1b,8da4w,parent,sarc_dev_linear_dq8ca_coopmat_zpg_xe2bt_t128x128k64g84s16m8_texture3d_texture2d_half,2048,2048,2048,0.1622,105.892
xe2,1b,8da4w,parent,sarc_dev_linear_dq8ca_coopmat_zpg_xe2bt_t128x128k64g84s16m8_texture3d_texture2d_half,2048,512,2048,0.054,79.495
xe2,1b,8da4w,parent,sarc_dev_linear_dq8ca_coopmat_zpg_xe2bt_t128x128k64g84s16m8_texture3d_texture2d_half,2048,512,2048,0.0526,81.616
xe2,1b,8da4w,parent,sarc_dev_linear_dq8ca_coopmat_zpg_xe2bt_t128x128k64g84s16m8_texture3d_texture2d_half,2048,2048,2048,0.1566,109.725
xe2,1b,8da4w,parent,sarc_dev_linear_dq8ca_coopmat_zpg_xe2bt_t128x128k64g84s16m8_texture3d_texture2d_half,2048,8192,2048,0.5904,116.403
xe2,1b,8da4w,parent,sarc_dev_linear_dq8ca_coopmat_zpg_xe2bt_t128x128k64g84s16m8_texture3d_texture2d_half,2048,8192,2048,0.6048,113.621
xe2,1b,8da4w,parent,sarc_dev_linear_dq8ca_coopmat_zpg_xe2bt_t128x128k64g84s16m8_texture3d_texture2d_half,2048,2048,8192,0.6764,101.594
xe2,1b,8da4w,parent,sarc_dev_linear_dq8ca_coopmat_zpg_xe2bt_t128x128k64g84s16m8_texture3d_texture2d_half,2048,2048,2048,0.1579,108.822
xe2,1b,8da4w,parent,sarc_dev_linear_dq8ca_coopmat_zpg_xe2bt_t128x128k64g84s16m8_texture3d_texture2d_half,2048,512,2048,0.054,79.572
xe2,1b,8da4w,parent,sarc_dev_linear_dq8ca_coopmat_zpg_xe2bt_t128x128k64g84s16m8_texture3d_texture2d_half,2048,512,2048,0.0528,81.295
xe2,1b,8da4w,parent,sarc_dev_linear_dq8ca_coopmat_zpg_xe2bt_t128x128k64g84s16m8_texture3d_texture2d_half,2048,2048,2048,0.1555,110.459
xe2,1b,8da4w,parent,sarc_dev_linear_dq8ca_coopmat_zpg_xe2bt_t128x128k64g84s16m8_texture3d_texture2d_half,2048,8192,2048,0.6284,109.353
xe2,1b,8da4w,parent,sarc_dev_linear_dq8ca_coopmat_zpg_xe2bt_t128x128k64g84s16m8_texture3d_texture2d_half,2048,8192,2048,0.5964,115.226
xe2,1b,8da4w,parent,sarc_dev_linear_dq8ca_coopmat_zpg_xe2bt_t128x128k64g84s16m8_texture3d_texture2d_half,2048,2048,8192,0.6618,103.837
xe2,1b,8da4w,parent,sarc_dev_linear_dq8ca_coopmat_zpg_xe2bt_t128x128k64g84s16m8_texture3d_texture2d_half,2048,2048,2048,0.155,110.829
xe2,1b,8da4w,parent,sarc_dev_linear_dq8ca_coopmat_zpg_xe2bt_t128x128k64g84s16m8_texture3d_texture2d_half,2048,512,2048,0.0534,80.424
xe2,1b,8da4w,parent,sarc_dev_linear_dq8ca_coopmat_zpg_xe2bt_t128x128k64g84s16m8_texture3d_texture2d_half,2048,512,2048,0.0529,81.135
xe2,1b,8da4w,parent,sarc_dev_linear_dq8ca_coopmat_zpg_xe2bt_t128x128k64g84s16m8_texture3d_texture2d_half,2048,2048,2048,0.1584,108.464
xe2,1b,8da4w,parent,sarc_dev_linear_dq8ca_coopmat_zpg_xe2bt_t128x128k64g84s16m8_texture3d_texture2d_half,2048,8192,2048,0.6142,111.89
xe2,1b,8da4w,parent,sarc_dev_linear_dq8ca_coopmat_zpg_xe2bt_t128x128k64g84s16m8_texture3d_texture2d_half,2048,8192,2048,0.5895,116.578
xe2,1b,8da4w,parent,sarc_dev_linear_dq8ca_coopmat_zpg_xe2bt_t128x128k64g84s16m8_texture3d_texture2d_half,2048,2048,8192,0.6561,104.734
xe2,1b,8da4w,parent,sarc_dev_linear_dq8ca_coopmat_zpg_xe2bt_t128x128k64g84s16m8_texture3d_texture2d_half,2048,2048,2048,0.1549,110.941
xe2,1b,8da4w,parent,sarc_dev_linear_dq8ca_coopmat_zpg_xe2bt_t128x128k64g84s16m8_texture3d_texture2d_half,2048,512,2048,0.0535,80.268
xe2,1b,8da4w,parent,sarc_dev_linear_dq8ca_coopmat_zpg_xe2bt_t128x128k64g84s16m8_texture3d_texture2d_half,2048,512,2048,0.0523,82.103
xe2,1b,8da4w,parent,sarc_dev_linear_dq8ca_coopmat_zpg_xe2bt_t128x128k64g84s16m8_texture3d_texture2d_half,2048,2048,2048,0.1573,109.217
xe2,1b,8da4w,parent,sarc_dev_linear_dq8ca_coopmat_zpg_xe2bt_t128x128k64g84s16m8_texture3d_texture2d_half,2048,8192,2048,0.5978,114.955
xe2,1b,8da4w,parent,sarc_dev_linear_dq8ca_coopmat_zpg_xe2bt_t128x128k64g84s16m8_texture3d_texture2d_half,2048,8192,2048,0.5832,117.836
xe2,1b,8da4w,parent,sarc_dev_linear_dq8ca_coopmat_zpg_xe2bt_t128x128k64g84s16m8_texture3d_texture2d_half,2048,2048,8192,0.6508,105.587
xe2,1b,8da4w,parent,sarc_dev_linear_dq8ca_coopmat_zpg_xe2bt_t128x128k64g84s16m8_texture3d_texture2d_half,2048,2048,2048,0.1531,112.222
xe2,1b,8da4w,parent,sarc_dev_linear_dq8ca_coopmat_zpg_xe2bt_t128x128k64g84s16m8_texture3d_texture2d_half,2048,512,2048,0.0518,82.844
xe2,1b,8da4w,parent,sarc_dev_linear_dq8ca_coopmat_zpg_xe2bt_t128x128k64g84s16m8_texture3d_texture2d_half,2048,512,2048,0.0528,81.375
xe2,1b,8da4w,parent,sarc_dev_linear_dq8ca_coopmat_zpg_xe2bt_t128x128k64g84s16m8_texture3d_texture2d_half,2048,2048,2048,0.1598,107.476
xe2,1b,8da4w,parent,sarc_dev_linear_dq8ca_coopmat_zpg_xe2bt_t128x128k64g84s16m8_texture3d_texture2d_half,2048,8192,2048,0.5954,115.417
xe2,1b,8da4w,parent,sarc_dev_linear_dq8ca_coopmat_zpg_xe2bt_t128x128k64g84s16m8_texture3d_texture2d_half,2048,8192,2048,0.5893,116.609
xe2,1b,8da4w,parent,sarc_dev_linear_dq8ca_coopmat_zpg_xe2bt_t128x128k64g84s16m8_texture3d_texture2d_half,2048,2048,8192,0.6431,106.851
xe2,1b,8da4w,parent,sarc_dev_linear_dq8ca_coopmat_zpg_xe2bt_t128x128k64g84s16m8_texture3d_texture2d_half,2048,2048,2048,0.1543,111.315
xe2,1b,8da4w,parent,sarc_dev_linear_dq8ca_coopmat_zpg_xe2bt_t128x128k64g84s16m8_texture3d_texture2d_half,2048,512,2048,0.0534,80.424
xe2,1b,8da4w,parent,sarc_dev_linear_dq8ca_coopmat_zpg_xe2bt_t128x128k64g84s16m8_texture3d_texture2d_half,2048,512,2048,0.0521,82.431
xe2,1b,8da4w,parent,sarc_dev_linear_dq8ca_coopmat_zpg_xe2bt_t128x128k64g84s16m8_texture3d_texture2d_half,2048,2048,2048,0.1546,111.09
xe2,1b,8da4w,parent,sarc_dev_linear_dq8ca_coopmat_zpg_xe2bt_t128x128k64g84s16m8_texture3d_texture2d_half,2048,8192,2048,0.6035,113.866
xe2,1b,8da4w,parent,sarc_dev_linear_dq8ca_coopmat_zpg_xe2bt_t128x128k64g84s16m8_texture3d_texture2d_half,2048,8192,2048,0.5863,117.209
xe2,1b,8da4w,parent,sarc_dev_linear_dq8ca_coopmat_zpg_xe2bt_t128x128k64g84s16m8_texture3d_texture2d_half,2048,2048,8192,0.6682,102.843
xe2,1b,8da4w,parent,sarc_dev_linear_dq8ca_coopmat_zpg_xe2bt_t128x128k64g84s16m8_texture3d_texture2d_half,2048,2048,2048,0.1557,110.311
xe2,1b,8da4w,parent,sarc_dev_linear_dq8ca_coopmat_zpg_xe2bt_t128x128k64g84s16m8_texture3d_texture2d_half,2048,512,2048,0.0537,79.957
xe2,1b,8da4w,parent,sarc_dev_linear_dq8ca_coopmat_zpg_xe2bt_t128x128k64g84s16m8_texture3d_texture2d_half,2048,512,2048,0.0525,81.778
xe2,1b,8da4w,parent,sarc_dev_linear_dq8ca_coopmat_zpg_xe2bt_t128x128k64g84s16m8_texture3d_texture2d_half,2048,2048,2048,0.1546,111.128
xe2,1b,8da4w,parent,sarc_dev_linear_dq8ca_coopmat_zpg_xe2bt_t128x128k64g84s16m8_texture3d_texture2d_half,2048,8192,2048,0.5999,114.547
xe2,1b,8da4w,parent,sarc_dev_linear_dq8ca_coopmat_zpg_xe2bt_t128x128k64g84s16m8_texture3d_texture2d_half,2048,8192,2048,0.6131,112.079
xe2,1b,8da4w,parent,sarc_dev_linear_dq8ca_coopmat_zpg_xe2bt_t128x128k64g84s16m8_texture3d_texture2d_half,2048,2048,8192,0.6496,105.782
xe2,3b,4w,cand,sarc_linear_q4gsw_coopmat_sweep_t128x128k16g82s16m8flib_texture3d_texture2d_half,2048,3072,3072,0.5683,68.023
xe2,3b,4w,cand,sarc_linear_q4gsw_coopmat_sweep_t128x128k16g82s16m8flib_texture3d_texture2d_half,2048,1024,3072,0.2072,62.195
xe2,3b,4w,cand,sarc_linear_q4gsw_coopmat_sweep_t128x128k16g82s16m8flib_texture3d_texture2d_half,2048,1024,3072,0.1994,64.629
xe2,3b,4w,cand,sarc_linear_q4gsw_coopmat_sweep_t128x128k16g82s16m8flib_texture3d_texture2d_half,2048,3072,3072,0.5433,71.142
xe2,3b,4w,cand,sarc_linear_q4gsw_coopmat_sweep_t128x128k16g82s16m8flib_texture3d_texture2d_half,2048,8192,3072,1.4626,70.479
xe2,3b,4w,cand,sarc_linear_q4gsw_coopmat_sweep_t128x128k16g82s16m8flib_texture3d_texture2d_half,2048,8192,3072,1.4519,70.994
xe2,3b,4w,cand,sarc_linear_q4gsw_coopmat_sweep_t128x128k16g82s16m8flib_texture3d_texture2d_half,2048,3072,8192,1.4511,71.035
xe2,3b,4w,cand,sarc_linear_q4gsw_coopmat_sweep_t128x128k16g82s16m8flib_texture3d_texture2d_half,2048,3072,3072,0.5426,71.244
xe2,3b,4w,cand,sarc_linear_q4gsw_coopmat_sweep_t128x128k16g82s16m8flib_texture3d_texture2d_half,2048,1024,3072,0.202,63.797
xe2,3b,4w,cand,sarc_linear_q4gsw_coopmat_sweep_t128x128k16g82s16m8flib_texture3d_texture2d_half,2048,1024,3072,0.214,60.215
xe2,3b,4w,cand,sarc_linear_q4gsw_coopmat_sweep_t128x128k16g82s16m8flib_texture3d_texture2d_half,2048,3072,3072,0.5398,71.615
xe2,3b,4w,cand,sarc_linear_q4gsw_coopmat_sweep_t128x128k16g82s16m8flib_texture3d_texture2d_half,2048,8192,3072,1.4088,73.169
xe2,3b,4w,cand,sarc_linear_q4gsw_coopmat_sweep_t128x128k16g82s16m8flib_texture3d_texture2d_half,2048,8192,3072,1.4445,71.362
xe2,3b,4w,cand,sarc_linear_q4gsw_coopmat_sweep_t128x128k16g82s16m8flib_texture3d_texture2d_half,2048,3072,8192,1.4269,72.238
xe2,3b,4w,cand,sarc_linear_q4gsw_coopmat_sweep_t128x128k16g82s16m8flib_texture3d_texture2d_half,2048,3072,3072,0.5655,68.355
xe2,3b,4w,cand,sarc_linear_q4gsw_coopmat_sweep_t128x128k16g82s16m8flib_texture3d_texture2d_half,2048,1024,3072,0.2014,63.978
xe2,3b,4w,cand,sarc_linear_q4gsw_coopmat_sweep_t128x128k16g82s16m8flib_texture3d_texture2d_half,2048,1024,3072,0.1915,67.297
xe2,3b,4w,cand,sarc_linear_q4gsw_coopmat_sweep_t128x128k16g82s16m8flib_texture3d_texture2d_half,2048,3072,3072,0.543,71.183
xe2,3b,4w,cand,sarc_linear_q4gsw_coopmat_sweep_t128x128k16g82s16m8flib_texture3d_texture2d_half,2048,8192,3072,1.4281,72.178
xe2,3b,4w,cand,sarc_linear_q4gsw_coopmat_sweep_t128x128k16g82s16m8flib_texture3d_texture2d_half,2048,8192,3072,1.4323,71.966
xe2,3b,4w,cand,sarc_linear_q4gsw_coopmat_sweep_t128x128k16g82s16m8flib_texture3d_texture2d_half,2048,3072,8192,1.4675,70.239
xe2,3b,4w,cand,sarc_linear_q4gsw_coopmat_sweep_t128x128k16g82s16m8flib_texture3d_texture2d_half,2048,3072,3072,0.543,71.189
xe2,3b,4w,cand,sarc_linear_q4gsw_coopmat_sweep_t128x128k16g82s16m8flib_texture3d_texture2d_half,2048,1024,3072,0.1999,64.444
xe2,3b,4w,cand,sarc_linear_q4gsw_coopmat_sweep_t128x128k16g82s16m8flib_texture3d_texture2d_half,2048,1024,3072,0.192,67.114
xe2,3b,4w,cand,sarc_linear_q4gsw_coopmat_sweep_t128x128k16g82s16m8flib_texture3d_texture2d_half,2048,3072,3072,0.5714,67.652
xe2,3b,4w,cand,sarc_linear_q4gsw_coopmat_sweep_t128x128k16g82s16m8flib_texture3d_texture2d_half,2048,8192,3072,1.4305,72.06
xe2,3b,4w,cand,sarc_linear_q4gsw_coopmat_sweep_t128x128k16g82s16m8flib_texture3d_texture2d_half,2048,8192,3072,1.4251,72.333
xe2,3b,4w,cand,sarc_linear_q4gsw_coopmat_sweep_t128x128k16g82s16m8flib_texture3d_texture2d_half,2048,3072,8192,1.4427,71.449
xe2,3b,4w,cand,sarc_linear_q4gsw_coopmat_sweep_t128x128k16g82s16m8flib_texture3d_texture2d_half,2048,3072,3072,0.5661,68.286
xe2,3b,4w,cand,sarc_linear_q4gsw_coopmat_sweep_t128x128k16g82s16m8flib_texture3d_texture2d_half,2048,1024,3072,0.2029,63.519
xe2,3b,4w,cand,sarc_linear_q4gsw_coopmat_sweep_t128x128k16g82s16m8flib_texture3d_texture2d_half,2048,1024,3072,0.1936,66.556
xe2,3b,4w,cand,sarc_linear_q4gsw_coopmat_sweep_t128x128k16g82s16m8flib_texture3d_texture2d_half,2048,3072,3072,0.5472,70.641
xe2,3b,4w,cand,sarc_linear_q4gsw_coopmat_sweep_t128x128k16g82s16m8flib_texture3d_texture2d_half,2048,8192,3072,1.465,70.361
xe2,3b,4w,cand,sarc_linear_q4gsw_coopmat_sweep_t128x128k16g82s16m8flib_texture3d_texture2d_half,2048,8192,3072,1.4533,70.928
xe2,3b,4w,cand,sarc_linear_q4gsw_coopmat_sweep_t128x128k16g82s16m8flib_texture3d_texture2d_half,2048,3072,8192,1.4651,70.356
xe2,3b,4w,cand,sarc_linear_q4gsw_coopmat_sweep_t128x128k16g82s16m8flib_texture3d_texture2d_half,2048,3072,3072,0.5467,70.709
xe2,3b,4w,cand,sarc_linear_q4gsw_coopmat_sweep_t128x128k16g82s16m8flib_texture3d_texture2d_half,2048,1024,3072,0.202,63.797
xe2,3b,4w,cand,sarc_linear_q4gsw_coopmat_sweep_t128x128k16g82s16m8flib_texture3d_texture2d_half,2048,1024,3072,0.1928,66.843
xe2,3b,4w,cand,sarc_linear_q4gsw_coopmat_sweep_t128x128k16g82s16m8flib_texture3d_texture2d_half,2048,3072,3072,0.573,67.456
xe2,3b,4w,cand,sarc_linear_q4gsw_coopmat_sweep_t128x128k16g82s16m8flib_texture3d_texture2d_half,2048,8192,3072,1.4559,70.801
xe2,3b,4w,cand,sarc_linear_q4gsw_coopmat_sweep_t128x128k16g82s16m8flib_texture3d_texture2d_half,2048,8192,3072,1.4086,73.18
xe2,3b,4w,cand,sarc_linear_q4gsw_coopmat_sweep_t128x128k16g82s16m8flib_texture3d_texture2d_half,2048,3072,8192,1.4556,70.814
xe2,3b,4w,cand,sarc_linear_q4gsw_coopmat_sweep_t128x128k16g82s16m8flib_texture3d_texture2d_half,2048,3072,3072,0.5706,67.738
xe2,3b,4w,cand,sarc_linear_q4gsw_coopmat_sweep_t128x128k16g82s16m8flib_texture3d_texture2d_half,2048,1024,3072,0.2025,63.617
xe2,3b,4w,cand,sarc_linear_q4gsw_coopmat_sweep_t128x128k16g82s16m8flib_texture3d_texture2d_half,2048,1024,3072,0.1943,66.324
xe2,3b,4w,cand,sarc_linear_q4gsw_coopmat_sweep_t128x128k16g82s16m8flib_texture3d_texture2d_half,2048,3072,3072,0.5503,70.248
xe2,3b,4w,cand,sarc_linear_q4gsw_coopmat_sweep_t128x128k16g82s16m8flib_texture3d_texture2d_half,2048,8192,3072,1.4746,69.905
xe2,3b,4w,cand,sarc_linear_q4gsw_coopmat_sweep_t128x128k16g82s16m8flib_texture3d_texture2d_half,2048,8192,3072,1.4335,71.906
xe2,3b,4w,cand,sarc_linear_q4gsw_coopmat_sweep_t128x128k16g82s16m8flib_texture3d_texture2d_half,2048,3072,8192,1.484,69.459
xe2,3b,4w,cand,sarc_linear_q4gsw_coopmat_sweep_t128x128k16g82s16m8flib_texture3d_texture2d_half,2048,3072,3072,0.548,70.534
xe2,3b,4w,cand,sarc_linear_q4gsw_coopmat_sweep_t128x128k16g82s16m8flib_texture3d_texture2d_half,2048,1024,3072,0.2048,62.922
xe2,3b,4w,cand,sarc_linear_q4gsw_coopmat_sweep_t128x128k16g82s16m8flib_texture3d_texture2d_half,2048,1024,3072,0.1949,66.112
xe2,3b,4w,cand,sarc_linear_q4gsw_coopmat_sweep_t128x128k16g82s16m8flib_texture3d_texture2d_half,2048,3072,3072,0.5701,67.806
xe2,3b,4w,cand,sarc_linear_q4gsw_coopmat_sweep_t128x128k16g82s16m8flib_texture3d_texture2d_half,2048,8192,3072,1.4619,70.509
xe2,3b,4w,cand,sarc_linear_q4gsw_coopmat_sweep_t128x128k16g82s16m8flib_texture3d_texture2d_half,2048,8192,3072,1.4384,71.661
xe2,3b,4w,cand,sarc_linear_q4gsw_coopmat_sweep_t128x128k16g82s16m8flib_texture3d_texture2d_half,2048,3072,8192,1.4541,70.887
xe2,3b,4w,cand,sarc_linear_q4gsw_coopmat_sweep_t128x128k16g82s16m8flib_texture3d_texture2d_half,2048,3072,3072,0.5865,65.912
xe2,3b,4w,cand,sarc_linear_q4gsw_coopmat_sweep_t128x128k16g82s16m8flib_texture3d_texture2d_half,2048,1024,3072,0.2034,63.356
xe2,3b,4w,cand,sarc_linear_q4gsw_coopmat_sweep_t128x128k16g82s16m8flib_texture3d_texture2d_half,2048,1024,3072,0.1952,66.006
xe2,3b,4w,cand,sarc_linear_q4gsw_coopmat_sweep_t128x128k16g82s16m8flib_texture3d_texture2d_half,2048,3072,3072,0.554,69.773
xe2,3b,4w,cand,sarc_linear_q4gsw_coopmat_sweep_t128x128k16g82s16m8flib_texture3d_texture2d_half,2048,8192,3072,1.4708,70.085
xe2,3b,4w,cand,sarc_linear_q4gsw_coopmat_sweep_t128x128k16g82s16m8flib_texture3d_texture2d_half,2048,8192,3072,1.4462,71.277
xe2,3b,4w,cand,sarc_linear_q4gsw_coopmat_sweep_t128x128k16g82s16m8flib_texture3d_texture2d_half,2048,3072,8192,1.498,68.813
xe2,3b,4w,cand,sarc_linear_q4gsw_coopmat_sweep_t128x128k16g82s16m8flib_texture3d_texture2d_half,2048,3072,3072,0.5545,69.714
xe2,3b,4w,cand,sarc_linear_q4gsw_coopmat_sweep_t128x128k16g82s16m8flib_texture3d_texture2d_half,2048,1024,3072,0.2059,62.588
xe2,3b,4w,cand,sarc_linear_q4gsw_coopmat_sweep_t128x128k16g82s16m8flib_texture3d_texture2d_half,2048,1024,3072,0.1958,65.813
xe2,3b,4w,cand,sarc_linear_q4gsw_coopmat_sweep_t128x128k16g82s16m8flib_texture3d_texture2d_half,2048,3072,3072,0.5802,66.627
xe2,3b,4w,cand,sarc_linear_q4gsw_coopmat_sweep_t128x128k16g82s16m8flib_texture3d_texture2d_half,2048,8192,3072,1.4737,69.944
xe2,3b,4w,cand,sarc_linear_q4gsw_coopmat_sweep_t128x128k16g82s16m8flib_texture3d_texture2d_half,2048,8192,3072,1.459,70.65
xe2,3b,4w,cand,sarc_linear_q4gsw_coopmat_sweep_t128x128k16g82s16m8flib_texture3d_texture2d_half,2048,3072,8192,1.4804,69.627
xe2,3b,4w,cand,sarc_linear_q4gsw_coopmat_sweep_t128x128k16g82s16m8flib_texture3d_texture2d_half,2048,3072,3072,0.5784,66.825
xe2,3b,4w,cand,sarc_linear_q4gsw_coopmat_sweep_t128x128k16g82s16m8flib_texture3d_texture2d_half,2048,1024,3072,0.2055,62.699
xe2,3b,4w,cand,sarc_linear_q4gsw_coopmat_sweep_t128x128k16g82s16m8flib_texture3d_texture2d_half,2048,1024,3072,0.1972,65.327
xe2,3b,4w,cand,sarc_linear_q4gsw_coopmat_sweep_t128x128k16g82s16m8flib_texture3d_texture2d_half,2048,3072,3072,0.5555,69.59
xe2,3b,4w,cand,sarc_linear_q4gsw_coopmat_sweep_t128x128k16g82s16m8flib_texture3d_texture2d_half,2048,8192,3072,1.4892,69.219
xe2,3b,4w,cand,sarc_linear_q4gsw_coopmat_sweep_t128x128k16g82s16m8flib_texture3d_texture2d_half,2048,8192,3072,1.4836,69.479
xe2,3b,4w,cand,sarc_linear_q4gsw_coopmat_sweep_t128x128k16g82s16m8flib_texture3d_texture2d_half,2048,3072,8192,1.5048,68.501
xe2,3b,4w,cand,sarc_linear_q4gsw_coopmat_sweep_t128x128k16g82s16m8flib_texture3d_texture2d_half,2048,3072,3072,0.5566,69.447
xe2,3b,4w,cand,sarc_linear_q4gsw_coopmat_sweep_t128x128k16g82s16m8flib_texture3d_texture2d_half,2048,1024,3072,0.2053,62.747
xe2,3b,4w,cand,sarc_linear_q4gsw_coopmat_sweep_t128x128k16g82s16m8flib_texture3d_texture2d_half,2048,1024,3072,0.2194,58.717
xe2,3b,4w,cand,sarc_linear_q4gsw_coopmat_sweep_t128x128k16g82s16m8flib_texture3d_texture2d_half,2048,3072,3072,0.5796,66.687
xe2,3b,4w,cand,sarc_linear_q4gsw_coopmat_sweep_t128x128k16g82s16m8flib_texture3d_texture2d_half,2048,8192,3072,1.4586,70.67
xe2,3b,4w,cand,sarc_linear_q4gsw_coopmat_sweep_t128x128k16g82s16m8flib_texture3d_texture2d_half,2048,8192,3072,1.4944,68.976
xe2,3b,4w,cand,sarc_linear_q4gsw_coopmat_sweep_t128x128k16g82s16m8flib_texture3d_texture2d_half,2048,3072,8192,1.4751,69.878
xe2,3b,4w,cand,sarc_linear_q4gsw_coopmat_sweep_t128x128k16g82s16m8flib_texture3d_texture2d_half,2048,3072,3072,0.5593,69.118
xe2,3b,4w,cand,sarc_linear_q4gsw_coopmat_sweep_t128x128k16g82s16m8flib_texture3d_texture2d_half,2048,1024,3072,0.2066,62.352
xe2,3b,4w,cand,sarc_linear_q4gsw_coopmat_sweep_t128x128k16g82s16m8flib_texture3d_texture2d_half,2048,1024,3072,0.1982,65.019
xe2,3b,4w,cand,sarc_linear_q4gsw_coopmat_sweep_t128x128k16g82s16m8flib_texture3d_texture2d_half,2048,3072,3072,0.56,69.028
xe2,3b,4w,cand,sarc_linear_q4gsw_coopmat_sweep_t128x128k16g82s16m8flib_texture3d_texture2d_half,2048,8192,3072,1.5007,68.687
xe2,3b,4w,cand,sarc_linear_q4gsw_coopmat_sweep_t128x128k16g82s16m8flib_texture3d_texture2d_half,2048,8192,3072,1.481,69.601
xe2,3b,4w,cand,sarc_linear_q4gsw_coopmat_sweep_t128x128k16g82s16m8flib_texture3d_texture2d_half,2048,3072,8192,1.5107,68.235
xe2,3b,4w,cand,sarc_linear_q4gsw_coopmat_sweep_t128x128k16g82s16m8flib_texture3d_texture2d_half,2048,3072,3072,0.5621,68.766
xe2,3b,4w,cand,sarc_linear_q4gsw_coopmat_sweep_t128x128k16g82s16m8flib_texture3d_texture2d_half,2048,1024,3072,0.2063,62.462
xe2,3b,4w,cand,sarc_linear_q4gsw_coopmat_sweep_t128x128k16g82s16m8flib_texture3d_texture2d_half,2048,1024,3072,0.1973,65.31
xe2,3b,4w,cand,sarc_linear_q4gsw_coopmat_sweep_t128x128k16g82s16m8flib_texture3d_texture2d_half,2048,3072,3072,0.5576,69.317
xe2,3b,4w,cand,sarc_linear_q4gsw_coopmat_sweep_t128x128k16g82s16m8flib_texture3d_texture2d_half,2048,8192,3072,1.4925,69.065
xe2,3b,4w,cand,sarc_linear_q4gsw_coopmat_sweep_t128x128k16g82s16m8flib_texture3d_texture2d_half,2048,8192,3072,1.4986,68.782
xe2,3b,4w,cand,sarc_linear_q4gsw_coopmat_sweep_t128x128k16g82s16m8flib_texture3d_texture2d_half,2048,3072,8192,1.5043,68.523
xe2,3b,4w,cand,sarc_linear_q4gsw_coopmat_sweep_t128x128k16g82s16m8flib_texture3d_texture2d_half,2048,3072,3072,0.5627,68.696
xe2,3b,4w,cand,sarc_linear_q4gsw_coopmat_sweep_t128x128k16g82s16m8flib_texture3d_texture2d_half,2048,1024,3072,0.2082,61.885
xe2,3b,4w,cand,sarc_linear_q4gsw_coopmat_sweep_t128x128k16g82s16m8flib_texture3d_texture2d_half,2048,1024,3072,0.198,65.07
xe2,3b,4w,cand,sarc_linear_q4gsw_coopmat_sweep_t128x128k16g82s16m8flib_texture3d_texture2d_half,2048,3072,3072,0.5587,69.182
xe2,3b,4w,cand,sarc_linear_q4gsw_coopmat_sweep_t128x128k16g82s16m8flib_texture3d_texture2d_half,2048,8192,3072,1.4626,70.479
xe2,3b,4w,cand,sarc_linear_q4gsw_coopmat_sweep_t128x128k16g82s16m8flib_texture3d_texture2d_half,2048,8192,3072,1.4749,69.888
xe2,3b,4w,cand,sarc_linear_q4gsw_coopmat_sweep_t128x128k16g82s16m8flib_texture3d_texture2d_half,2048,3072,8192,1.5256,67.565
xe2,3b,4w,cand,sarc_linear_q4gsw_coopmat_sweep_t128x128k16g82s16m8flib_texture3d_texture2d_half,2048,3072,3072,0.584,66.194
xe2,3b,4w,cand,sarc_linear_q4gsw_coopmat_sweep_t128x128k16g82s16m8flib_texture3d_texture2d_half,2048,1024,3072,0.2069,62.274
xe2,3b,4w,cand,sarc_linear_q4gsw_coopmat_sweep_t128x128k16g82s16m8flib_texture3d_texture2d_half,2048,1024,3072,0.1977,65.19
xe2,3b,4w,cand,sarc_linear_q4gsw_coopmat_sweep_t128x128k16g82s16m8flib_texture3d_texture2d_half,2048,3072,3072,0.5619,68.791
xe2,3b,4w,cand,sarc_linear_q4gsw_coopmat_sweep_t128x128k16g82s16m8flib_texture3d_texture2d_half,2048,8192,3072,1.4711,70.07
xe2,3b,4w,cand,sarc_linear_q4gsw_coopmat_sweep_t128x128k16g82s16m8flib_texture3d_texture2d_half,2048,8192,3072,1.4811,69.598
xe2,3b,4w,cand,sarc_linear_q4gsw_coopmat_sweep_t128x128k16g82s16m8flib_texture3d_texture2d_half,2048,3072,8192,1.5061,68.442
xe2,3b,4w,cand,sarc_linear_q4gsw_coopmat_sweep_t128x128k16g82s16m8flib_texture3d_texture2d_half,2048,3072,3072,0.5623,68.74
xe2,3b,4w,cand,sarc_linear_q4gsw_coopmat_sweep_t128x128k16g82s16m8flib_texture3d_texture2d_half,2048,1024,3072,0.2065,62.383
xe2,3b,4w,cand,sarc_linear_q4gsw_coopmat_sweep_t128x128k16g82s16m8flib_texture3d_texture2d_half,2048,1024,3072,0.1985,64.9
xe2,3b,4w,cand,sarc_linear_q4gsw_coopmat_sweep_t128x128k16g82s16m8flib_texture3d_texture2d_half,2048,3072,3072,0.5817,66.449
xe2,3b,4w,cand,sarc_linear_q4gsw_coopmat_sweep_t128x128k16g82s16m8flib_texture3d_texture2d_half,2048,8192,3072,1.5193,67.847
xe2,3b,4w,cand,sarc_linear_q4gsw_coopmat_sweep_t128x128k16g82s16m8flib_texture3d_texture2d_half,2048,8192,3072,1.4877,69.287
xe2,3b,4w,cand,sarc_linear_q4gsw_coopmat_sweep_t128x128k16g82s16m8flib_texture3d_texture2d_half,2048,3072,8192,1.499,68.765
xe2,3b,4w,cand,sarc_linear_q4gsw_coopmat_sweep_t128x128k16g82s16m8flib_texture3d_texture2d_half,2048,3072,3072,0.5625,68.715
xe2,3b,4w,cand,sarc_linear_q4gsw_coopmat_sweep_t128x128k16g82s16m8flib_texture3d_texture2d_half,2048,1024,3072,0.2073,62.149
xe2,3b,4w,cand,sarc_linear_q4gsw_coopmat_sweep_t128x128k16g82s16m8flib_texture3d_texture2d_half,2048,1024,3072,0.1982,65.019
xe2,3b,4w,cand,sarc_linear_q4gsw_coopmat_sweep_t128x128k16g82s16m8flib_texture3d_texture2d_half,2048,3072,3072,0.5639,68.55
xe2,3b,4w,cand,sarc_linear_q4gsw_coopmat_sweep_t128x128k16g82s16m8flib_texture3d_texture2d_half,2048,8192,3072,1.5008,68.682
xe2,3b,4w,cand,sarc_linear_q4gsw_coopmat_sweep_t128x128k16g82s16m8flib_texture3d_texture2d_half,2048,8192,3072,1.4898,69.19
xe2,3b,4w,cand,sarc_linear_q4gsw_coopmat_sweep_t128x128k16g82s16m8flib_texture3d_texture2d_half,2048,3072,8192,1.5265,67.528
xe2,3b,4w,cand,sarc_linear_q4gsw_coopmat_sweep_t128x128k16g82s16m8flib_texture3d_texture2d_half,2048,3072,3072,0.5634,68.607
xe2,3b,4w,cand,sarc_linear_q4gsw_coopmat_sweep_t128x128k16g82s16m8flib_texture3d_texture2d_half,2048,1024,3072,0.2274,56.65
xe2,3b,4w,cand,sarc_linear_q4gsw_coopmat_sweep_t128x128k16g82s16m8flib_texture3d_texture2d_half,2048,1024,3072,0.1986,64.866
xe2,3b,4w,cand,sarc_linear_q4gsw_coopmat_sweep_t128x128k16g82s16m8flib_texture3d_texture2d_half,2048,3072,3072,0.5661,68.28
xe2,3b,4w,cand,sarc_linear_q4gsw_coopmat_sweep_t128x128k16g82s16m8flib_texture3d_texture2d_half,2048,8192,3072,1.5051,68.487
xe2,3b,4w,cand,sarc_linear_q4gsw_coopmat_sweep_t128x128k16g82s16m8flib_texture3d_texture2d_half,2048,8192,3072,1.4945,68.971
xe2,3b,4w,cand,sarc_linear_q4gsw_coopmat_sweep_t128x128k16g82s16m8flib_texture3d_texture2d_half,2048,3072,8192,1.5297,67.386
xe2,3b,4w,cand,sarc_linear_q4gsw_coopmat_sweep_t128x128k16g82s16m8flib_texture3d_texture2d_half,2048,3072,3072,0.5691,67.924
xe2,3b,4w,cand,sarc_linear_q4gsw_coopmat_sweep_t128x128k16g82s16m8flib_texture3d_texture2d_half,2048,1024,3072,0.2074,62.133
xe2,3b,4w,cand,sarc_linear_q4gsw_coopmat_sweep_t128x128k16g82s16m8flib_texture3d_texture2d_half,2048,1024,3072,0.1991,64.73
xe2,3b,4w,cand,sarc_linear_q4gsw_coopmat_sweep_t128x128k16g82s16m8flib_texture3d_texture2d_half,2048,3072,3072,0.562,68.779
xe2,3b,4w,cand,sarc_linear_q4gsw_coopmat_sweep_t128x128k16g82s16m8flib_texture3d_texture2d_half,2048,8192,3072,1.4879,69.277
xe2,3b,4w,cand,sarc_linear_q4gsw_coopmat_sweep_t128x128k16g82s16m8flib_texture3d_texture2d_half,2048,8192,3072,1.4577,70.715
xe2,3b,4w,cand,sarc_linear_q4gsw_coopmat_sweep_t128x128k16g82s16m8flib_texture3d_texture2d_half,2048,3072,8192,1.4922,69.077
xe2,3b,4w,cand,sarc_linear_q4gsw_coopmat_sweep_t128x128k16g82s16m8flib_texture3d_texture2d_half,2048,3072,3072,0.5854,66.029
xe2,3b,4w,cand,sarc_linear_q4gsw_coopmat_sweep_t128x128k16g82s16m8flib_texture3d_texture2d_half,2048,1024,3072,0.2087,61.746
xe2,3b,4w,cand,sarc_linear_q4gsw_coopmat_sweep_t128x128k16g82s16m8flib_texture3d_texture2d_half,2048,1024,3072,0.1994,64.629
xe2,3b,4w,cand,sarc_linear_q4gsw_coopmat_sweep_t128x128k16g82s16m8flib_texture3d_texture2d_half,2048,3072,3072,0.5657,68.336
xe2,3b,4w,cand,sarc_linear_q4gsw_coopmat_sweep_t128x128k16g82s16m8flib_texture3d_texture2d_half,2048,8192,3072,1.4749,69.888
xe2,3b,4w,cand,sarc_linear_q4gsw_coopmat_sweep_t128x128k16g82s16m8flib_texture3d_texture2d_half,2048,8192,3072,1.5004,68.703
xe2,3b,4w,cand,sarc_linear_q4gsw_coopmat_sweep_t128x128k16g82s16m8flib_texture3d_texture2d_half,2048,3072,8192,1.525,67.595
xe2,3b,4w,cand,sarc_linear_q4gsw_coopmat_sweep_t128x128k16g82s16m8flib_texture3d_texture2d_half,2048,3072,3072,0.5645,68.481
xe2,3b,4w,cand,sarc_linear_q4gsw_coopmat_sweep_t128x128k16g82s16m8flib_texture3d_texture2d_half,2048,1024,3072,0.2069,62.274
xe2,3b,4w,cand,sarc_linear_q4gsw_coopmat_sweep_t128x128k16g82s16m8flib_texture3d_texture2d_half,2048,1024,3072,0.22,58.565
xe2,3b,4w,cand,sarc_linear_q4gsw_coopmat_sweep_t128x128k16g82s16m8flib_texture3d_texture2d_half,2048,3072,3072,0.5851,66.065
xe2,3b,4w,cand,sarc_linear_q4gsw_coopmat_sweep_t128x128k16g82s16m8flib_texture3d_texture2d_half,2048,8192,3072,1.4903,69.168
xe2,3b,4w,cand,sarc_linear_q4gsw_coopmat_sweep_t128x128k16g82s16m8flib_texture3d_texture2d_half,2048,8192,3072,1.5116,68.19
xe2,3b,4w,cand,sarc_linear_q4gsw_coopmat_sweep_t128x128k16g82s16m8flib_texture3d_texture2d_half,2048,3072,8192,1.4974,68.839
xe2,3b,4w,cand,sarc_linear_q4gsw_coopmat_sweep_t128x128k16g82s16m8flib_texture3d_texture2d_half,2048,3072,3072,0.5656,68.342
xe2,3b,4w,cand,sarc_linear_q4gsw_coopmat_sweep_t128x128k16g82s16m8flib_texture3d_texture2d_half,2048,1024,3072,0.2088,61.715
xe2,3b,4w,cand,sarc_linear_q4gsw_coopmat_sweep_t128x128k16g82s16m8flib_texture3d_texture2d_half,2048,1024,3072,0.1991,64.73
xe2,3b,4w,cand,sarc_linear_q4gsw_coopmat_sweep_t128x128k16g82s16m8flib_texture3d_texture2d_half,2048,3072,3072,0.5622,68.753
xe2,3b,4w,cand,sarc_linear_q4gsw_coopmat_sweep_t128x128k16g82s16m8flib_texture3d_texture2d_half,2048,8192,3072,1.475,69.885
xe2,3b,4w,cand,sarc_linear_q4gsw_coopmat_sweep_t128x128k16g82s16m8flib_texture3d_texture2d_half,2048,8192,3072,1.5103,68.249
xe2,3b,4w,cand,sarc_linear_q4gsw_coopmat_sweep_t128x128k16g82s16m8flib_texture3d_texture2d_half,2048,3072,8192,1.5203,67.803
xe2,3b,4w,cand,sarc_linear_q4gsw_coopmat_sweep_t128x128k16g82s16m8flib_texture3d_texture2d_half,2048,3072,3072,0.5843,66.159
xe2,3b,4w,cand,sarc_linear_q4gsw_coopmat_sweep_t128x128k16g82s16m8flib_texture3d_texture2d_half,2048,1024,3072,0.209,61.654
xe2,3b,4w,cand,sarc_linear_q4gsw_coopmat_sweep_t128x128k16g82s16m8flib_texture3d_texture2d_half,2048,1024,3072,0.2006,64.227
xe2,3b,4w,cand,sarc_linear_q4gsw_coopmat_sweep_t128x128k16g82s16m8flib_texture3d_texture2d_half,2048,3072,3072,0.5678,68.073
xe2,3b,4w,cand,sarc_linear_q4gsw_coopmat_sweep_t128x128k16g82s16m8flib_texture3d_texture2d_half,2048,8192,3072,1.5264,67.533
xe2,3b,4w,cand,sarc_linear_q4gsw_coopmat_sweep_t128x128k16g82s16m8flib_texture3d_texture2d_half,2048,8192,3072,1.5297,67.384
xe2,3b,4w,cand,sarc_linear_q4gsw_coopmat_sweep_t128x128k16g82s16m8flib_texture3d_texture2d_half,2048,3072,8192,1.5224,67.708
xe2,3b,4w,cand,sarc_linear_q4gsw_coopmat_sweep_t128x128k16g82s16m8flib_texture3d_texture2d_half,2048,3072,3072,0.5662,68.273
xe2,3b,4w,cand,sarc_linear_q4gsw_coopmat_sweep_t128x128k16g82s16m8flib_texture3d_texture2d_half,2048,1024,3072,0.2097,61.44
xe2,3b,4w,cand,sarc_linear_q4gsw_coopmat_sweep_t128x128k16g82s16m8flib_texture3d_texture2d_half,2048,1024,3072,0.2013,64.011
xe2,3b,4w,cand,sarc_linear_q4gsw_coopmat_sweep_t128x128k16g82s16m8flib_texture3d_texture2d_half,2048,3072,3072,0.5887,65.662
xe2,3b,4w,cand,sarc_linear_q4gsw_coopmat_sweep_t128x128k16g82s16m8flib_texture3d_texture2d_half,2048,8192,3072,1.4763,69.824
xe2,3b,4w,cand,sarc_linear_q4gsw_coopmat_sweep_t128x128k16g82s16m8flib_texture3d_texture2d_half,2048,8192,3072,1.5148,68.05
xe2,3b,4w,cand,sarc_linear_q4gsw_coopmat_sweep_t128x128k16g82s16m8flib_texture3d_texture2d_half,2048,3072,8192,1.5092,68.298
xe2,3b,4w,cand,sarc_linear_q4gsw_coopmat_sweep_t128x128k16g82s16m8flib_texture3d_texture2d_half,2048,3072,3072,0.5896,65.564
xe2,3b,4w,cand,sarc_linear_q4gsw_coopmat_sweep_t128x128k16g82s16m8flib_texture3d_texture2d_half,2048,1024,3072,0.2095,61.501
xe2,3b,4w,cand,sarc_linear_q4gsw_coopmat_sweep_t128x128k16g82s16m8flib_texture3d_texture2d_half,2048,1024,3072,0.2003,64.343
xe2,3b,4w,cand,sarc_linear_q4gsw_coopmat_sweep_t128x128k16g82s16m8flib_texture3d_texture2d_half,2048,3072,3072,0.5654,68.361
xe2,3b,4w,cand,sarc_linear_q4gsw_coopmat_sweep_t128x128k16g82s16m8flib_texture3d_texture2d_half,2048,8192,3072,1.4995,68.741
xe2,3b,4w,cand,sarc_linear_q4gsw_coopmat_sweep_t128x128k16g82s16m8flib_texture3d_texture2d_half,2048,8192,3072,1.4998,68.727
xe2,3b,4w,cand,sarc_linear_q4gsw_coopmat_sweep_t128x128k16g82s16m8flib_texture3d_texture2d_half,2048,3072,8192,1.5305,67.352
xe2,3b,4w,cand,sarc_linear_q4gsw_coopmat_sweep_t128x128k16g82s16m8flib_texture3d_texture2d_half,2048,3072,3072,0.5665,68.229
xe2,3b,4w,cand,sarc_linear_q4gsw_coopmat_sweep_t128x128k16g82s16m8flib_texture3d_texture2d_half,2048,1024,3072,0.2303,55.946
xe2,3b,4w,cand,sarc_linear_q4gsw_coopmat_sweep_t128x128k16g82s16m8flib_texture3d_texture2d_half,2048,1024,3072,0.2013,64.011
xe2,3b,4w,cand,sarc_linear_q4gsw_coopmat_sweep_t128x128k16g82s16m8flib_texture3d_texture2d_half,2048,3072,3072,0.5664,68.248
xe2,3b,4w,cand,sarc_linear_q4gsw_coopmat_sweep_t128x128k16g82s16m8flib_texture3d_texture2d_half,2048,8192,3072,1.5069,68.407
xe2,3b,4w,cand,sarc_linear_q4gsw_coopmat_sweep_t128x128k16g82s16m8flib_texture3d_texture2d_half,2048,8192,3072,1.4984,68.791
xe2,3b,4w,cand,sarc_linear_q4gsw_coopmat_sweep_t128x128k16g82s16m8flib_texture3d_texture2d_half,2048,3072,8192,1.5143,68.069
xe2,3b,4w,cand,sarc_linear_q4gsw_coopmat_sweep_t128x128k16g82s16m8flib_texture3d_texture2d_half,2048,3072,3072,0.5713,67.664
xe2,3b,4w,cand,sarc_linear_q4gsw_coopmat_sweep_t128x128k16g82s16m8flib_texture3d_texture2d_half,2048,1024,3072,0.2097,61.455
xe2,3b,4w,cand,sarc_linear_q4gsw_coopmat_sweep_t128x128k16g82s16m8flib_texture3d_texture2d_half,2048,1024,3072,0.2012,64.044
xe2,3b,4w,cand,sarc_linear_q4gsw_coopmat_sweep_t128x128k16g82s16m8flib_texture3d_texture2d_half,2048,3072,3072,0.5688,67.961
xe2,3b,4w,cand,sarc_linear_q4gsw_coopmat_sweep_t128x128k16g82s16m8flib_texture3d_texture2d_half,2048,8192,3072,1.4854,69.393
xe2,3b,4w,cand,sarc_linear_q4gsw_coopmat_sweep_t128x128k16g82s16m8flib_texture3d_texture2d_half,2048,8192,3072,1.4823,69.539
xe2,3b,4w,cand,sarc_linear_q4gsw_coopmat_sweep_t128x128k16g82s16m8flib_texture3d_texture2d_half,2048,3072,8192,1.5329,67.247
xe2,3b,4w,parent,sarc_linear_q4gsw_coopmat_sweep_t128x128k16g82s16m8flib_texture3d_texture2d_half,2048,3072,3072,0.5736,67.394
xe2,3b,4w,parent,sarc_linear_q4gsw_coopmat_sweep_t128x128k16g82s16m8flib_texture3d_texture2d_half,2048,1024,3072,0.2022,63.715
xe2,3b,4w,parent,sarc_linear_q4gsw_coopmat_sweep_t128x128k16g82s16m8flib_texture3d_texture2d_half,2048,1024,3072,0.1936,66.538
xe2,3b,4w,parent,sarc_linear_q4gsw_coopmat_sweep_t128x128k16g82s16m8flib_texture3d_texture2d_half,2048,3072,3072,0.5729,67.468
xe2,3b,4w,parent,sarc_linear_q4gsw_coopmat_sweep_t128x128k16g82s16m8flib_texture3d_texture2d_half,2048,8192,3072,1.4529,70.946
xe2,3b,4w,parent,sarc_linear_q4gsw_coopmat_sweep_t128x128k16g82s16m8flib_texture3d_texture2d_half,2048,8192,3072,1.457,70.748
xe2,3b,4w,parent,sarc_linear_q4gsw_coopmat_sweep_t128x128k16g82s16m8flib_texture3d_texture2d_half,2048,3072,8192,1.4381,71.677
xe2,3b,4w,parent,sarc_linear_q4gsw_coopmat_sweep_t128x128k16g82s16m8flib_texture3d_texture2d_half,2048,3072,3072,0.547,70.668
xe2,3b,4w,parent,sarc_linear_q4gsw_coopmat_sweep_t128x128k16g82s16m8flib_texture3d_texture2d_half,2048,1024,3072,0.202,63.78
xe2,3b,4w,parent,sarc_linear_q4gsw_coopmat_sweep_t128x128k16g82s16m8flib_texture3d_texture2d_half,2048,1024,3072,0.1931,66.735
xe2,3b,4w,parent,sarc_linear_q4gsw_coopmat_sweep_t128x128k16g82s16m8flib_texture3d_texture2d_half,2048,3072,3072,0.5433,71.149
xe2,3b,4w,parent,sarc_linear_q4gsw_coopmat_sweep_t128x128k16g82s16m8flib_texture3d_texture2d_half,2048,8192,3072,1.4279,72.191
xe2,3b,4w,parent,sarc_linear_q4gsw_coopmat_sweep_t128x128k16g82s16m8flib_texture3d_texture2d_half,2048,8192,3072,1.472,70.028
xe2,3b,4w,parent,sarc_linear_q4gsw_coopmat_sweep_t128x128k16g82s16m8flib_texture3d_texture2d_half,2048,3072,8192,1.4679,70.222
xe2,3b,4w,parent,sarc_linear_q4gsw_coopmat_sweep_t128x128k16g82s16m8flib_texture3d_texture2d_half,2048,3072,3072,0.5441,71.047
xe2,3b,4w,parent,sarc_linear_q4gsw_coopmat_sweep_t128x128k16g82s16m8flib_texture3d_texture2d_half,2048,1024,3072,0.2021,63.748
xe2,3b,4w,parent,sarc_linear_q4gsw_coopmat_sweep_t128x128k16g82s16m8flib_texture3d_texture2d_half,2048,1024,3072,0.1914,67.315
xe2,3b,4w,parent,sarc_linear_q4gsw_coopmat_sweep_t128x128k16g82s16m8flib_texture3d_texture2d_half,2048,3072,3072,0.5425,71.251
xe2,3b,4w,parent,sarc_linear_q4gsw_coopmat_sweep_t128x128k16g82s16m8flib_texture3d_texture2d_half,2048,8192,3072,1.4321,71.979
xe2,3b,4w,parent,sarc_linear_q4gsw_coopmat_sweep_t128x128k16g82s16m8flib_texture3d_texture2d_half,2048,8192,3072,1.4097,73.12
xe2,3b,4w,parent,sarc_linear_q4gsw_coopmat_sweep_t128x128k16g82s16m8flib_texture3d_texture2d_half,2048,3072,8192,1.4406,71.555
xe2,3b,4w,parent,sarc_linear_q4gsw_coopmat_sweep_t128x128k16g82s16m8flib_texture3d_texture2d_half,2048,3072,3072,0.5455,70.864
xe2,3b,4w,parent,sarc_linear_q4gsw_coopmat_sweep_t128x128k16g82s16m8flib_texture3d_texture2d_half,2048,1024,3072,0.2007,64.21
xe2,3b,4w,parent,sarc_linear_q4gsw_coopmat_sweep_t128x128k16g82s16m8flib_texture3d_texture2d_half,2048,1024,3072,0.192,67.096
xe2,3b,4w,parent,sarc_linear_q4gsw_coopmat_sweep_t128x128k16g82s16m8flib_texture3d_texture2d_half,2048,3072,3072,0.5428,71.217
xe2,3b,4w,parent,sarc_linear_q4gsw_coopmat_sweep_t128x128k16g82s16m8flib_texture3d_texture2d_half,2048,8192,3072,1.4706,70.095
xe2,3b,4w,parent,sarc_linear_q4gsw_coopmat_sweep_t128x128k16g82s16m8flib_texture3d_texture2d_half,2048,8192,3072,1.4214,72.518
xe2,3b,4w,parent,sarc_linear_q4gsw_coopmat_sweep_t128x128k16g82s16m8flib_texture3d_texture2d_half,2048,3072,8192,1.4603,70.589
xe2,3b,4w,parent,sarc_linear_q4gsw_coopmat_sweep_t128x128k16g82s16m8flib_texture3d_texture2d_half,2048,3072,3072,0.5472,70.635
xe2,3b,4w,parent,sarc_linear_q4gsw_coopmat_sweep_t128x128k16g82s16m8flib_texture3d_texture2d_half,2048,1024,3072,0.2242,57.464
xe2,3b,4w,parent,sarc_linear_q4gsw_coopmat_sweep_t128x128k16g82s16m8flib_texture3d_texture2d_half,2048,1024,3072,0.1936,66.556
xe2,3b,4w,parent,sarc_linear_q4gsw_coopmat_sweep_t128x128k16g82s16m8flib_texture3d_texture2d_half,2048,3072,3072,0.5454,70.87
xe2,3b,4w,parent,sarc_linear_q4gsw_coopmat_sweep_t128x128k16g82s16m8flib_texture3d_texture2d_half,2048,8192,3072,1.4386,71.651
xe2,3b,4w,parent,sarc_linear_q4gsw_coopmat_sweep_t128x128k16g82s16m8flib_texture3d_texture2d_half,2048,8192,3072,1.4605,70.579
xe2,3b,4w,parent,sarc_linear_q4gsw_coopmat_sweep_t128x128k16g82s16m8flib_texture3d_texture2d_half,2048,3072,8192,1.462,70.504
xe2,3b,4w,parent,sarc_linear_q4gsw_coopmat_sweep_t128x128k16g82s16m8flib_texture3d_texture2d_half,2048,3072,3072,0.5461,70.789
xe2,3b,4w,parent,sarc_linear_q4gsw_coopmat_sweep_t128x128k16g82s16m8flib_texture3d_texture2d_half,2048,1024,3072,0.2045,63.018
xe2,3b,4w,parent,sarc_linear_q4gsw_coopmat_sweep_t128x128k16g82s16m8flib_texture3d_texture2d_half,2048,1024,3072,0.193,66.753
xe2,3b,4w,parent,sarc_linear_q4gsw_coopmat_sweep_t128x128k16g82s16m8flib_texture3d_texture2d_half,2048,3072,3072,0.5446,70.972
xe2,3b,4w,parent,sarc_linear_q4gsw_coopmat_sweep_t128x128k16g82s16m8flib_texture3d_texture2d_half,2048,8192,3072,1.4503,71.075
xe2,3b,4w,parent,sarc_linear_q4gsw_coopmat_sweep_t128x128k16g82s16m8flib_texture3d_texture2d_half,2048,8192,3072,1.4152,72.838
xe2,3b,4w,parent,sarc_linear_q4gsw_coopmat_sweep_t128x128k16g82s16m8flib_texture3d_texture2d_half,2048,3072,8192,1.4992,68.756
xe2,3b,4w,parent,sarc_linear_q4gsw_coopmat_sweep_t128x128k16g82s16m8flib_texture3d_texture2d_half,2048,3072,3072,0.5696,67.862
xe2,3b,4w,parent,sarc_linear_q4gsw_coopmat_sweep_t128x128k16g82s16m8flib_texture3d_texture2d_half,2048,1024,3072,0.2025,63.617
xe2,3b,4w,parent,sarc_linear_q4gsw_coopmat_sweep_t128x128k16g82s16m8flib_texture3d_texture2d_half,2048,1024,3072,0.1942,66.36
xe2,3b,4w,parent,sarc_linear_q4gsw_coopmat_sweep_t128x128k16g82s16m8flib_texture3d_texture2d_half,2048,3072,3072,0.549,70.407
xe2,3b,4w,parent,sarc_linear_q4gsw_coopmat_sweep_t128x128k16g82s16m8flib_texture3d_texture2d_half,2048,8192,3072,1.4723,70.011
xe2,3b,4w,parent,sarc_linear_q4gsw_coopmat_sweep_t128x128k16g82s16m8flib_texture3d_texture2d_half,2048,8192,3072,1.4824,69.535
xe2,3b,4w,parent,sarc_linear_q4gsw_coopmat_sweep_t128x128k16g82s16m8flib_texture3d_texture2d_half,2048,3072,8192,1.4947,68.961
xe2,3b,4w,parent,sarc_linear_q4gsw_coopmat_sweep_t128x128k16g82s16m8flib_texture3d_texture2d_half,2048,3072,3072,0.5501,70.274
xe2,3b,4w,parent,sarc_linear_q4gsw_coopmat_sweep_t128x128k16g82s16m8flib_texture3d_texture2d_half,2048,1024,3072,0.2046,62.97
xe2,3b,4w,parent,sarc_linear_q4gsw_coopmat_sweep_t128x128k16g82s16m8flib_texture3d_texture2d_half,2048,1024,3072,0.1944,66.289
xe2,3b,4w,parent,sarc_linear_q4gsw_coopmat_sweep_t128x128k16g82s16m8flib_texture3d_texture2d_half,2048,3072,3072,0.5703,67.775
xe2,3b,4w,parent,sarc_linear_q4gsw_coopmat_sweep_t128x128k16g82s16m8flib_texture3d_texture2d_half,2048,8192,3072,1.4578,70.71
xe2,3b,4w,parent,sarc_linear_q4gsw_coopmat_sweep_t128x128k16g82s16m8flib_texture3d_texture2d_half,2048,8192,3072,1.4462,71.275
xe2,3b,4w,parent,sarc_linear_q4gsw_coopmat_sweep_t128x128k16g82s16m8flib_texture3d_texture2d_half,2048,3072,8192,1.4561,70.794
xe2,3b,4w,parent,sarc_linear_q4gsw_coopmat_sweep_t128x128k16g82s16m8flib_texture3d_texture2d_half,2048,3072,3072,0.5794,66.711
xe2,3b,4w,parent,sarc_linear_q4gsw_coopmat_sweep_t128x128k16g82s16m8flib_texture3d_texture2d_half,2048,1024,3072,0.2028,63.535
xe2,3b,4w,parent,sarc_linear_q4gsw_coopmat_sweep_t128x128k16g82s16m8flib_texture3d_texture2d_half,2048,1024,3072,0.1952,66.006
xe2,3b,4w,parent,sarc_linear_q4gsw_coopmat_sweep_t128x128k16g82s16m8flib_texture3d_texture2d_half,2048,3072,3072,0.5548,69.675
xe2,3b,4w,parent,sarc_linear_q4gsw_coopmat_sweep_t128x128k16g82s16m8flib_texture3d_texture2d_half,2048,8192,3072,1.4674,70.247
xe2,3b,4w,parent,sarc_linear_q4gsw_coopmat_sweep_t128x128k16g82s16m8flib_texture3d_texture2d_half,2048,8192,3072,1.4395,71.607
xe2,3b,4w,parent,sarc_linear_q4gsw_coopmat_sweep_t128x128k16g82s16m8flib_texture3d_texture2d_half,2048,3072,8192,1.5004,68.701
xe2,3b,4w,parent,sarc_linear_q4gsw_coopmat_sweep_t128x128k16g82s16m8flib_texture3d_texture2d_half,2048,3072,3072,0.5556,69.577
xe2,3b,4w,parent,sarc_linear_q4gsw_coopmat_sweep_t128x128k16g82s16m8flib_texture3d_texture2d_half,2048,1024,3072,0.2058,62.604
xe2,3b,4w,parent,sarc_linear_q4gsw_coopmat_sweep_t128x128k16g82s16m8flib_texture3d_texture2d_half,2048,1024,3072,0.2141,60.186
xe2,3b,4w,parent,sarc_linear_q4gsw_coopmat_sweep_t128x128k16g82s16m8flib_texture3d_texture2d_half,2048,3072,3072,0.5793,66.729
xe2,3b,4w,parent,sarc_linear_q4gsw_coopmat_sweep_t128x128k16g82s16m8flib_texture3d_texture2d_half,2048,8192,3072,1.4829,69.51
xe2,3b,4w,parent,sarc_linear_q4gsw_coopmat_sweep_t128x128k16g82s16m8flib_texture3d_texture2d_half,2048,8192,3072,1.4333,71.916
xe2,3b,4w,parent,sarc_linear_q4gsw_coopmat_sweep_t128x128k16g82s16m8flib_texture3d_texture2d_half,2048,3072,8192,1.4774,69.772
xe2,3b,4w,parent,sarc_linear_q4gsw_coopmat_sweep_t128x128k16g82s16m8flib_texture3d_texture2d_half,2048,3072,3072,0.5581,69.266
xe2,3b,4w,parent,sarc_linear_q4gsw_coopmat_sweep_t128x128k16g82s16m8flib_texture3d_texture2d_half,2048,1024,3072,0.204,63.146
xe2,3b,4w,parent,sarc_linear_q4gsw_coopmat_sweep_t128x128k16g82s16m8flib_texture3d_texture2d_half,2048,1024,3072,0.1968,65.483
xe2,3b,4w,parent,sarc_linear_q4gsw_coopmat_sweep_t128x128k16g82s16m8flib_texture3d_texture2d_half,2048,3072,3072,0.559,69.15
xe2,3b,4w,parent,sarc_linear_q4gsw_coopmat_sweep_t128x128k16g82s16m8flib_texture3d_texture2d_half,2048,8192,3072,1.4853,69.401
xe2,3b,4w,parent,sarc_linear_q4gsw_coopmat_sweep_t128x128k16g82s16m8flib_texture3d_texture2d_half,2048,8192,3072,1.4569,70.753
xe2,3b,4w,parent,sarc_linear_q4gsw_coopmat_sweep_t128x128k16g82s16m8flib_texture3d_texture2d_half,2048,3072,8192,1.5042,68.53
xe2,3b,4w,parent,sarc_linear_q4gsw_coopmat_sweep_t128x128k16g82s16m8flib_texture3d_texture2d_half,2048,3072,3072,0.558,69.272
xe2,3b,4w,parent,sarc_linear_q4gsw_coopmat_sweep_t128x128k16g82s16m8flib_texture3d_texture2d_half,2048,1024,3072,0.2277,56.598
xe2,3b,4w,parent,sarc_linear_q4gsw_coopmat_sweep_t128x128k16g82s16m8flib_texture3d_texture2d_half,2048,1024,3072,0.1973,65.31
xe2,3b,4w,parent,sarc_linear_q4gsw_coopmat_sweep_t128x128k16g82s16m8flib_texture3d_texture2d_half,2048,3072,3072,0.5611,68.893
xe2,3b,4w,parent,sarc_linear_q4gsw_coopmat_sweep_t128x128k16g82s16m8flib_texture3d_texture2d_half,2048,8192,3072,1.4604,70.584
xe2,3b,4w,parent,sarc_linear_q4gsw_coopmat_sweep_t128x128k16g82s16m8flib_texture3d_texture2d_half,2048,8192,3072,1.4949,68.952
xe2,3b,4w,parent,sarc_linear_q4gsw_coopmat_sweep_t128x128k16g82s16m8flib_texture3d_texture2d_half,2048,3072,8192,1.4945,68.971
xe2,3b,4w,parent,sarc_linear_q4gsw_coopmat_sweep_t128x128k16g82s16m8flib_texture3d_texture2d_half,2048,3072,3072,0.5572,69.369
xe2,3b,4w,parent,sarc_linear_q4gsw_coopmat_sweep_t128x128k16g82s16m8flib_texture3d_texture2d_half,2048,1024,3072,0.2066,62.352
xe2,3b,4w,parent,sarc_linear_q4gsw_coopmat_sweep_t128x128k16g82s16m8flib_texture3d_texture2d_half,2048,1024,3072,0.1983,64.968
xe2,3b,4w,parent,sarc_linear_q4gsw_coopmat_sweep_t128x128k16g82s16m8flib_texture3d_texture2d_half,2048,3072,3072,0.5742,67.321
xe2,3b,4w,parent,sarc_linear_q4gsw_coopmat_sweep_t128x128k16g82s16m8flib_texture3d_texture2d_half,2048,8192,3072,1.4744,69.915
xe2,3b,4w,parent,sarc_linear_q4gsw_coopmat_sweep_t128x128k16g82s16m8flib_texture3d_texture2d_half,2048,8192,3072,1.4609,70.557
xe2,3b,4w,parent,sarc_linear_q4gsw_coopmat_sweep_t128x128k16g82s16m8flib_texture3d_texture2d_half,2048,3072,8192,1.4757,69.853
xe2,3b,4w,parent,sarc_linear_q4gsw_coopmat_sweep_t128x128k16g82s16m8flib_texture3d_texture2d_half,2048,3072,3072,0.5801,66.633
xe2,3b,4w,parent,sarc_linear_q4gsw_coopmat_sweep_t128x128k16g82s16m8flib_texture3d_texture2d_half,2048,1024,3072,0.2056,62.683
xe2,3b,4w,parent,sarc_linear_q4gsw_coopmat_sweep_t128x128k16g82s16m8flib_texture3d_texture2d_half,2048,1024,3072,0.1977,65.173
xe2,3b,4w,parent,sarc_linear_q4gsw_coopmat_sweep_t128x128k16g82s16m8flib_texture3d_texture2d_half,2048,3072,3072,0.5595,69.085
xe2,3b,4w,parent,sarc_linear_q4gsw_coopmat_sweep_t128x128k16g82s16m8flib_texture3d_texture2d_half,2048,8192,3072,1.501,68.672
xe2,3b,4w,parent,sarc_linear_q4gsw_coopmat_sweep_t128x128k16g82s16m8flib_texture3d_texture2d_half,2048,8192,3072,1.4719,70.031
xe2,3b,4w,parent,sarc_linear_q4gsw_coopmat_sweep_t128x128k16g82s16m8flib_texture3d_texture2d_half,2048,3072,8192,1.5034,68.565
xe2,3b,4w,parent,sarc_linear_q4gsw_coopmat_sweep_t128x128k16g82s16m8flib_texture3d_texture2d_half,2048,3072,3072,0.5619,68.791
xe2,3b,4w,parent,sarc_linear_q4gsw_coopmat_sweep_t128x128k16g82s16m8flib_texture3d_texture2d_half,2048,1024,3072,0.2075,62.086
xe2,3b,4w,parent,sarc_linear_q4gsw_coopmat_sweep_t128x128k16g82s16m8flib_texture3d_texture2d_half,2048,1024,3072,0.2181,59.081
xe2,3b,4w,parent,sarc_linear_q4gsw_coopmat_sweep_t128x128k16g82s16m8flib_texture3d_texture2d_half,2048,3072,3072,0.5801,66.633
xe2,3b,4w,parent,sarc_linear_q4gsw_coopmat_sweep_t128x128k16g82s16m8flib_texture3d_texture2d_half,2048,8192,3072,1.5082,68.345
xe2,3b,4w,parent,sarc_linear_q4gsw_coopmat_sweep_t128x128k16g82s16m8flib_texture3d_texture2d_half,2048,8192,3072,1.4769,69.794
xe2,3b,4w,parent,sarc_linear_q4gsw_coopmat_sweep_t128x128k16g82s16m8flib_texture3d_texture2d_half,2048,3072,8192,1.5123,68.16
xe2,3b,4w,parent,sarc_linear_q4gsw_coopmat_sweep_t128x128k16g82s16m8flib_texture3d_texture2d_half,2048,3072,3072,0.5602,69.002
xe2,3b,4w,parent,sarc_linear_q4gsw_coopmat_sweep_t128x128k16g82s16m8flib_texture3d_texture2d_half,2048,1024,3072,0.2083,61.854
xe2,3b,4w,parent,sarc_linear_q4gsw_coopmat_sweep_t128x128k16g82s16m8flib_texture3d_texture2d_half,2048,1024,3072,0.1987,64.849
xe2,3b,4w,parent,sarc_linear_q4gsw_coopmat_sweep_t128x128k16g82s16m8flib_texture3d_texture2d_half,2048,3072,3072,0.5625,68.721
xe2,3b,4w,parent,sarc_linear_q4gsw_coopmat_sweep_t128x128k16g82s16m8flib_texture3d_texture2d_half,2048,8192,3072,1.4699,70.125
xe2,3b,4w,parent,sarc_linear_q4gsw_coopmat_sweep_t128x128k16g82s16m8flib_texture3d_texture2d_half,2048,8192,3072,1.4652,70.354
xe2,3b,4w,parent,sarc_linear_q4gsw_coopmat_sweep_t128x128k16g82s16m8flib_texture3d_texture2d_half,2048,3072,8192,1.5156,68.013
xe2,3b,4w,parent,sarc_linear_q4gsw_coopmat_sweep_t128x128k16g82s16m8flib_texture3d_texture2d_half,2048,3072,3072,0.5806,66.579
xe2,3b,4w,parent,sarc_linear_q4gsw_coopmat_sweep_t128x128k16g82s16m8flib_texture3d_texture2d_half,2048,1024,3072,0.2074,62.117
xe2,3b,4w,parent,sarc_linear_q4gsw_coopmat_sweep_t128x128k16g82s16m8flib_texture3d_texture2d_half,2048,1024,3072,0.1987,64.849
xe2,3b,4w,parent,sarc_linear_q4gsw_coopmat_sweep_t128x128k16g82s16m8flib_texture3d_texture2d_half,2048,3072,3072,0.5605,68.964
xe2,3b,4w,parent,sarc_linear_q4gsw_coopmat_sweep_t128x128k16g82s16m8flib_texture3d_texture2d_half,2048,8192,3072,1.5131,68.125
xe2,3b,4w,parent,sarc_linear_q4gsw_coopmat_sweep_t128x128k16g82s16m8flib_texture3d_texture2d_half,2048,8192,3072,1.477,69.792
xe2,3b,4w,parent,sarc_linear_q4gsw_coopmat_sweep_t128x128k16g82s16m8flib_texture3d_texture2d_half,2048,3072,8192,1.5243,67.623
xe2,3b,4w,parent,sarc_linear_q4gsw_coopmat_sweep_t128x128k16g82s16m8flib_texture3d_texture2d_half,2048,3072,3072,0.5619,68.798
xe2,3b,4w,parent,sarc_linear_q4gsw_coopmat_sweep_t128x128k16g82s16m8flib_texture3d_texture2d_half,2048,1024,3072,0.2074,62.133
xe2,3b,4w,parent,sarc_linear_q4gsw_coopmat_sweep_t128x128k16g82s16m8flib_texture3d_texture2d_half,2048,1024,3072,0.1985,64.917
xe2,3b,4w,parent,sarc_linear_q4gsw_coopmat_sweep_t128x128k16g82s16m8flib_texture3d_texture2d_half,2048,3072,3072,0.5828,66.33
xe2,3b,4w,parent,sarc_linear_q4gsw_coopmat_sweep_t128x128k16g82s16m8flib_texture3d_texture2d_half,2048,8192,3072,1.4912,69.125
xe2,3b,4w,parent,sarc_linear_q4gsw_coopmat_sweep_t128x128k16g82s16m8flib_texture3d_texture2d_half,2048,8192,3072,1.4688,70.177
xe2,3b,4w,parent,sarc_linear_q4gsw_coopmat_sweep_t128x128k16g82s16m8flib_texture3d_texture2d_half,2048,3072,8192,1.4972,68.849
xe2,3b,4w,parent,sarc_linear_q4gsw_coopmat_sweep_t128x128k16g82s16m8flib_texture3d_texture2d_half,2048,3072,3072,0.5665,68.229
xe2,3b,4w,parent,sarc_linear_q4gsw_coopmat_sweep_t128x128k16g82s16m8flib_texture3d_texture2d_half,2048,1024,3072,0.2084,61.823
xe2,3b,4w,parent,sarc_linear_q4gsw_coopmat_sweep_t128x128k16g82s16m8flib_texture3d_texture2d_half,2048,1024,3072,0.1983,64.968
xe2,3b,4w,parent,sarc_linear_q4gsw_coopmat_sweep_t128x128k16g82s16m8flib_texture3d_texture2d_half,2048,3072,3072,0.5608,68.932
xe2,3b,4w,parent,sarc_linear_q4gsw_coopmat_sweep_t128x128k16g82s16m8flib_texture3d_texture2d_half,2048,8192,3072,1.4867,69.333
xe2,3b,4w,parent,sarc_linear_q4gsw_coopmat_sweep_t128x128k16g82s16m8flib_texture3d_texture2d_half,2048,8192,3072,1.5278,67.469
xe2,3b,4w,parent,sarc_linear_q4gsw_coopmat_sweep_t128x128k16g82s16m8flib_texture3d_texture2d_half,2048,3072,8192,1.5232,67.671
xe2,3b,4w,parent,sarc_linear_q4gsw_coopmat_sweep_t128x128k16g82s16m8flib_texture3d_texture2d_half,2048,3072,3072,0.5807,66.562
xe2,3b,4w,parent,sarc_linear_q4gsw_coopmat_sweep_t128x128k16g82s16m8flib_texture3d_texture2d_half,2048,1024,3072,0.206,62.541
xe2,3b,4w,parent,sarc_linear_q4gsw_coopmat_sweep_t128x128k16g82s16m8flib_texture3d_texture2d_half,2048,1024,3072,0.1988,64.815
xe2,3b,4w,parent,sarc_linear_q4gsw_coopmat_sweep_t128x128k16g82s16m8flib_texture3d_texture2d_half,2048,3072,3072,0.5619,68.798
xe2,3b,4w,parent,sarc_linear_q4gsw_coopmat_sweep_t128x128k16g82s16m8flib_texture3d_texture2d_half,2048,8192,3072,1.4866,69.34
xe2,3b,4w,parent,sarc_linear_q4gsw_coopmat_sweep_t128x128k16g82s16m8flib_texture3d_texture2d_half,2048,8192,3072,1.4865,69.345
xe2,3b,4w,parent,sarc_linear_q4gsw_coopmat_sweep_t128x128k16g82s16m8flib_texture3d_texture2d_half,2048,3072,8192,1.5028,68.591
xe2,3b,4w,parent,sarc_linear_q4gsw_coopmat_sweep_t128x128k16g82s16m8flib_texture3d_texture2d_half,2048,3072,3072,0.5642,68.512
xe2,3b,4w,parent,sarc_linear_q4gsw_coopmat_sweep_t128x128k16g82s16m8flib_texture3d_texture2d_half,2048,1024,3072,0.2082,61.9
xe2,3b,4w,parent,sarc_linear_q4gsw_coopmat_sweep_t128x128k16g82s16m8flib_texture3d_texture2d_half,2048,1024,3072,0.1994,64.629
xe2,3b,4w,parent,sarc_linear_q4gsw_coopmat_sweep_t128x128k16g82s16m8flib_texture3d_texture2d_half,2048,3072,3072,0.5853,66.041
xe2,3b,4w,parent,sarc_linear_q4gsw_coopmat_sweep_t128x128k16g82s16m8flib_texture3d_texture2d_half,2048,8192,3072,1.481,69.603
xe2,3b,4w,parent,sarc_linear_q4gsw_coopmat_sweep_t128x128k16g82s16m8flib_texture3d_texture2d_half,2048,8192,3072,1.481,69.603
xe2,3b,4w,parent,sarc_linear_q4gsw_coopmat_sweep_t128x128k16g82s16m8flib_texture3d_texture2d_half,2048,3072,8192,1.4913,69.122
xe2,3b,4w,parent,sarc_linear_q4gsw_coopmat_sweep_t128x128k16g82s16m8flib_texture3d_texture2d_half,2048,3072,3072,0.5664,68.242
xe2,3b,4w,parent,sarc_linear_q4gsw_coopmat_sweep_t128x128k16g82s16m8flib_texture3d_texture2d_half,2048,1024,3072,0.2071,62.211
xe2,3b,4w,parent,sarc_linear_q4gsw_coopmat_sweep_t128x128k16g82s16m8flib_texture3d_texture2d_half,2048,1024,3072,0.1985,64.9
xe2,3b,4w,parent,sarc_linear_q4gsw_coopmat_sweep_t128x128k16g82s16m8flib_texture3d_texture2d_half,2048,3072,3072,0.566,68.292
xe2,3b,4w,parent,sarc_linear_q4gsw_coopmat_sweep_t128x128k16g82s16m8flib_texture3d_texture2d_half,2048,8192,3072,1.4853,69.401
xe2,3b,4w,parent,sarc_linear_q4gsw_coopmat_sweep_t128x128k16g82s16m8flib_texture3d_texture2d_half,2048,8192,3072,1.5063,68.43
xe2,3b,4w,parent,sarc_linear_q4gsw_coopmat_sweep_t128x128k16g82s16m8flib_texture3d_texture2d_half,2048,3072,8192,1.5167,67.964
xe2,3b,4w,parent,sarc_linear_q4gsw_coopmat_sweep_t128x128k16g82s16m8flib_texture3d_texture2d_half,2048,3072,3072,0.5691,67.918
xe2,3b,4w,parent,sarc_linear_q4gsw_coopmat_sweep_t128x128k16g82s16m8flib_texture3d_texture2d_half,2048,1024,3072,0.208,61.947
xe2,3b,4w,parent,sarc_linear_q4gsw_coopmat_sweep_t128x128k16g82s16m8flib_texture3d_texture2d_half,2048,1024,3072,0.1992,64.696
xe2,3b,4w,parent,sarc_linear_q4gsw_coopmat_sweep_t128x128k16g82s16m8flib_texture3d_texture2d_half,2048,3072,3072,0.5617,68.823
xe2,3b,4w,parent,sarc_linear_q4gsw_coopmat_sweep_t128x128k16g82s16m8flib_texture3d_texture2d_half,2048,8192,3072,1.4748,69.893
xe2,3b,4w,parent,sarc_linear_q4gsw_coopmat_sweep_t128x128k16g82s16m8flib_texture3d_texture2d_half,2048,8192,3072,1.5,68.717
xe2,3b,4w,parent,sarc_linear_q4gsw_coopmat_sweep_t128x128k16g82s16m8flib_texture3d_texture2d_half,2048,3072,8192,1.5143,68.069
xe2,3b,4w,parent,sarc_linear_q4gsw_coopmat_sweep_t128x128k16g82s16m8flib_texture3d_texture2d_half,2048,3072,3072,0.5671,68.161
xe2,3b,4w,parent,sarc_linear_q4gsw_coopmat_sweep_t128x128k16g82s16m8flib_texture3d_texture2d_half,2048,1024,3072,0.2086,61.761
xe2,3b,4w,parent,sarc_linear_q4gsw_coopmat_sweep_t128x128k16g82s16m8flib_texture3d_texture2d_half,2048,1024,3072,0.1992,64.696
xe2,3b,4w,parent,sarc_linear_q4gsw_coopmat_sweep_t128x128k16g82s16m8flib_texture3d_texture2d_half,2048,3072,3072,0.5858,65.983
xe2,3b,4w,parent,sarc_linear_q4gsw_coopmat_sweep_t128x128k16g82s16m8flib_texture3d_texture2d_half,2048,8192,3072,1.4861,69.364
xe2,3b,4w,parent,sarc_linear_q4gsw_coopmat_sweep_t128x128k16g82s16m8flib_texture3d_texture2d_half,2048,8192,3072,1.488,69.275
xe2,3b,4w,parent,sarc_linear_q4gsw_coopmat_sweep_t128x128k16g82s16m8flib_texture3d_texture2d_half,2048,3072,8192,1.4925,69.065
xe2,3b,4w,parent,sarc_linear_q4gsw_coopmat_sweep_t128x128k16g82s16m8flib_texture3d_texture2d_half,2048,3072,3072,0.59,65.512
xe2,3b,4w,parent,sarc_linear_q4gsw_coopmat_sweep_t128x128k16g82s16m8flib_texture3d_texture2d_half,2048,1024,3072,0.2082,61.885
xe2,3b,4w,parent,sarc_linear_q4gsw_coopmat_sweep_t128x128k16g82s16m8flib_texture3d_texture2d_half,2048,1024,3072,0.2005,64.277
xe2,3b,4w,parent,sarc_linear_q4gsw_coopmat_sweep_t128x128k16g82s16m8flib_texture3d_texture2d_half,2048,3072,3072,0.5692,67.912
xe2,3b,4w,parent,sarc_linear_q4gsw_coopmat_sweep_t128x128k16g82s16m8flib_texture3d_texture2d_half,2048,8192,3072,1.4727,69.991
xe2,3b,4w,parent,sarc_linear_q4gsw_coopmat_sweep_t128x128k16g82s16m8flib_texture3d_texture2d_half,2048,8192,3072,1.524,67.639
xe2,3b,4w,parent,sarc_linear_q4gsw_coopmat_sweep_t128x128k16g82s16m8flib_texture3d_texture2d_half,2048,3072,8192,1.5145,68.062
xe2,3b,4w,parent,sarc_linear_q4gsw_coopmat_sweep_t128x128k16g82s16m8flib_texture3d_texture2d_half,2048,3072,3072,0.5677,68.086
xe2,3b,4w,parent,sarc_linear_q4gsw_coopmat_sweep_t128x128k16g82s16m8flib_texture3d_texture2d_half,2048,1024,3072,0.2075,62.086
xe2,3b,4w,parent,sarc_linear_q4gsw_coopmat_sweep_t128x128k16g82s16m8flib_texture3d_texture2d_half,2048,1024,3072,0.1991,64.73
xe2,3b,4w,parent,sarc_linear_q4gsw_coopmat_sweep_t128x128k16g82s16m8flib_texture3d_texture2d_half,2048,3072,3072,0.5699,67.825
xe2,3b,4w,parent,sarc_linear_q4gsw_coopmat_sweep_t128x128k16g82s16m8flib_texture3d_texture2d_half,2048,8192,3072,1.4889,69.231
xe2,3b,4w,parent,sarc_linear_q4gsw_coopmat_sweep_t128x128k16g82s16m8flib_texture3d_texture2d_half,2048,8192,3072,1.5117,68.186
xe2,3b,4w,parent,sarc_linear_q4gsw_coopmat_sweep_t128x128k16g82s16m8flib_texture3d_texture2d_half,2048,3072,8192,1.5312,67.32
xe2,3b,4w,parent,sarc_linear_q4gsw_coopmat_sweep_t128x128k16g82s16m8flib_texture3d_texture2d_half,2048,3072,3072,0.5663,68.261
xe2,3b,4w,parent,sarc_linear_q4gsw_coopmat_sweep_t128x128k16g82s16m8flib_texture3d_texture2d_half,2048,1024,3072,0.2085,61.792
xe2,3b,4w,parent,sarc_linear_q4gsw_coopmat_sweep_t128x128k16g82s16m8flib_texture3d_texture2d_half,2048,1024,3072,0.2009,64.127
xe2,3b,4w,parent,sarc_linear_q4gsw_coopmat_sweep_t128x128k16g82s16m8flib_texture3d_texture2d_half,2048,3072,3072,0.5856,66.006
xe2,3b,4w,parent,sarc_linear_q4gsw_coopmat_sweep_t128x128k16g82s16m8flib_texture3d_texture2d_half,2048,8192,3072,1.5044,68.518
xe2,3b,4w,parent,sarc_linear_q4gsw_coopmat_sweep_t128x128k16g82s16m8flib_texture3d_texture2d_half,2048,8192,3072,1.4939,69.002
xe2,3b,4w,parent,sarc_linear_q4gsw_coopmat_sweep_t128x128k16g82s16m8flib_texture3d_texture2d_half,2048,3072,8192,1.4968,68.868
xe2,3b,4w,parent,sarc_linear_q4gsw_coopmat_sweep_t128x128k16g82s16m8flib_texture3d_texture2d_half,2048,3072,3072,0.5677,68.092
xe2,3b,4w,parent,sarc_linear_q4gsw_coopmat_sweep_t128x128k16g82s16m8flib_texture3d_texture2d_half,2048,1024,3072,0.2088,61.7
xe2,3b,4w,parent,sarc_linear_q4gsw_coopmat_sweep_t128x128k16g82s16m8flib_texture3d_texture2d_half,2048,1024,3072,0.2005,64.277
xe2,3b,4w,parent,sarc_linear_q4gsw_coopmat_sweep_t128x128k16g82s16m8flib_texture3d_texture2d_half,2048,3072,3072,0.5696,67.862
xe2,3b,4w,parent,sarc_linear_q4gsw_coopmat_sweep_t128x128k16g82s16m8flib_texture3d_texture2d_half,2048,8192,3072,1.47,70.122
xe2,3b,4w,parent,sarc_linear_q4gsw_coopmat_sweep_t128x128k16g82s16m8flib_texture3d_texture2d_half,2048,8192,3072,1.5186,67.88
xe2,3b,4w,parent,sarc_linear_q4gsw_coopmat_sweep_t128x128k16g82s16m8flib_texture3d_texture2d_half,2048,3072,8192,1.5292,67.407
xe2,3b,8da4w,cand,sarc_dev_linear_dq8ca_coopmat_zpg_xe2bt_t128x128k64g84s16m8_texture3d_texture2d_half,2048,3072,3072,0.3232,119.588
xe2,3b,8da4w,cand,sarc_dev_linear_dq8ca_coopmat_zpg_xe2bt_t128x128k64g84s16m8_texture3d_texture2d_half,2048,1024,3072,0.148,87.065
xe2,3b,8da4w,cand,sarc_dev_linear_dq8ca_coopmat_zpg_xe2bt_t128x128k64g84s16m8_texture3d_texture2d_half,2048,1024,3072,0.1265,101.886
xe2,3b,8da4w,cand,sarc_dev_linear_dq8ca_coopmat_zpg_xe2bt_t128x128k64g84s16m8_texture3d_texture2d_half,2048,3072,3072,0.3273,118.106
xe2,3b,8da4w,cand,sarc_dev_linear_dq8ca_coopmat_zpg_xe2bt_t128x128k64g84s16m8_texture3d_texture2d_half,2048,8192,3072,0.8942,115.27
xe2,3b,8da4w,cand,sarc_dev_linear_dq8ca_coopmat_zpg_xe2bt_t128x128k64g84s16m8_texture3d_texture2d_half,2048,8192,3072,0.8452,121.965
xe2,3b,8da4w,cand,sarc_dev_linear_dq8ca_coopmat_zpg_xe2bt_t128x128k64g84s16m8_texture3d_texture2d_half,2048,3072,8192,0.9462,108.941
xe2,3b,8da4w,cand,sarc_dev_linear_dq8ca_coopmat_zpg_xe2bt_t128x128k64g84s16m8_texture3d_texture2d_half,2048,3072,3072,0.3221,120.013
xe2,3b,8da4w,cand,sarc_dev_linear_dq8ca_coopmat_zpg_xe2bt_t128x128k64g84s16m8_texture3d_texture2d_half,2048,1024,3072,0.1292,99.713
xe2,3b,8da4w,cand,sarc_dev_linear_dq8ca_coopmat_zpg_xe2bt_t128x128k64g84s16m8_texture3d_texture2d_half,2048,1024,3072,0.1279,100.767
xe2,3b,8da4w,cand,sarc_dev_linear_dq8ca_coopmat_zpg_xe2bt_t128x128k64g84s16m8_texture3d_texture2d_half,2048,3072,3072,0.3202,120.734
xe2,3b,8da4w,cand,sarc_dev_linear_dq8ca_coopmat_zpg_xe2bt_t128x128k64g84s16m8_texture3d_texture2d_half,2048,8192,3072,0.8715,118.282
xe2,3b,8da4w,cand,sarc_dev_linear_dq8ca_coopmat_zpg_xe2bt_t128x128k64g84s16m8_texture3d_texture2d_half,2048,8192,3072,0.8542,120.673
xe2,3b,8da4w,cand,sarc_dev_linear_dq8ca_coopmat_zpg_xe2bt_t128x128k64g84s16m8_texture3d_texture2d_half,2048,3072,8192,0.9295,110.897
xe2,3b,8da4w,cand,sarc_dev_linear_dq8ca_coopmat_zpg_xe2bt_t128x128k64g84s16m8_texture3d_texture2d_half,2048,3072,3072,0.3235,119.473
xe2,3b,8da4w,cand,sarc_dev_linear_dq8ca_coopmat_zpg_xe2bt_t128x128k64g84s16m8_texture3d_texture2d_half,2048,1024,3072,0.1285,100.278
xe2,3b,8da4w,cand,sarc_dev_linear_dq8ca_coopmat_zpg_xe2bt_t128x128k64g84s16m8_texture3d_texture2d_half,2048,1024,3072,0.126,102.264
xe2,3b,8da4w,cand,sarc_dev_linear_dq8ca_coopmat_zpg_xe2bt_t128x128k64g84s16m8_texture3d_texture2d_half,2048,3072,3072,0.3252,118.861
xe2,3b,8da4w,cand,sarc_dev_linear_dq8ca_coopmat_zpg_xe2bt_t128x128k64g84s16m8_texture3d_texture2d_half,2048,8192,3072,0.8763,117.63
xe2,3b,8da4w,cand,sarc_dev_linear_dq8ca_coopmat_zpg_xe2bt_t128x128k64g84s16m8_texture3d_texture2d_half,2048,8192,3072,0.8573,120.241
xe2,3b,8da4w,cand,sarc_dev_linear_dq8ca_coopmat_zpg_xe2bt_t128x128k64g84s16m8_texture3d_texture2d_half,2048,3072,8192,0.9236,111.603
xe2,3b,8da4w,cand,sarc_dev_linear_dq8ca_coopmat_zpg_xe2bt_t128x128k64g84s16m8_texture3d_texture2d_half,2048,3072,3072,0.3258,118.634
xe2,3b,8da4w,cand,sarc_dev_linear_dq8ca_coopmat_zpg_xe2bt_t128x128k64g84s16m8_texture3d_texture2d_half,2048,1024,3072,0.1278,100.849
xe2,3b,8da4w,cand,sarc_dev_linear_dq8ca_coopmat_zpg_xe2bt_t128x128k64g84s16m8_texture3d_texture2d_half,2048,1024,3072,0.1259,102.349
xe2,3b,8da4w,cand,sarc_dev_linear_dq8ca_coopmat_zpg_xe2bt_t128x128k64g84s16m8_texture3d_texture2d_half,2048,3072,3072,0.3219,120.071
xe2,3b,8da4w,cand,sarc_dev_linear_dq8ca_coopmat_zpg_xe2bt_t128x128k64g84s16m8_texture3d_texture2d_half,2048,8192,3072,0.8773,117.497
xe2,3b,8da4w,cand,sarc_dev_linear_dq8ca_coopmat_zpg_xe2bt_t128x128k64g84s16m8_texture3d_texture2d_half,2048,8192,3072,0.8564,120.365
xe2,3b,8da4w,cand,sarc_dev_linear_dq8ca_coopmat_zpg_xe2bt_t128x128k64g84s16m8_texture3d_texture2d_half,2048,3072,8192,0.9522,108.257
xe2,3b,8da4w,cand,sarc_dev_linear_dq8ca_coopmat_zpg_xe2bt_t128x128k64g84s16m8_texture3d_texture2d_half,2048,3072,3072,0.3258,118.634
xe2,3b,8da4w,cand,sarc_dev_linear_dq8ca_coopmat_zpg_xe2bt_t128x128k64g84s16m8_texture3d_texture2d_half,2048,1024,3072,0.1283,100.44
xe2,3b,8da4w,cand,sarc_dev_linear_dq8ca_coopmat_zpg_xe2bt_t128x128k64g84s16m8_texture3d_texture2d_half,2048,1024,3072,0.1272,101.303
xe2,3b,8da4w,cand,sarc_dev_linear_dq8ca_coopmat_zpg_xe2bt_t128x128k64g84s16m8_texture3d_texture2d_half,2048,3072,3072,0.3219,120.09
xe2,3b,8da4w,cand,sarc_dev_linear_dq8ca_coopmat_zpg_xe2bt_t128x128k64g84s16m8_texture3d_texture2d_half,2048,8192,3072,0.8852,116.448
xe2,3b,8da4w,cand,sarc_dev_linear_dq8ca_coopmat_zpg_xe2bt_t128x128k64g84s16m8_texture3d_texture2d_half,2048,8192,3072,0.8718,118.24
xe2,3b,8da4w,cand,sarc_dev_linear_dq8ca_coopmat_zpg_xe2bt_t128x128k64g84s16m8_texture3d_texture2d_half,2048,3072,8192,0.9193,112.133
xe2,3b,8da4w,cand,sarc_dev_linear_dq8ca_coopmat_zpg_xe2bt_t128x128k64g84s16m8_texture3d_texture2d_half,2048,3072,3072,0.323,119.684
xe2,3b,8da4w,cand,sarc_dev_linear_dq8ca_coopmat_zpg_xe2bt_t128x128k64g84s16m8_texture3d_texture2d_half,2048,1024,3072,0.1277,100.931
xe2,3b,8da4w,cand,sarc_dev_linear_dq8ca_coopmat_zpg_xe2bt_t128x128k64g84s16m8_texture3d_texture2d_half,2048,1024,3072,0.1274,101.137
xe2,3b,8da4w,cand,sarc_dev_linear_dq8ca_coopmat_zpg_xe2bt_t128x128k64g84s16m8_texture3d_texture2d_half,2048,3072,3072,0.3263,118.464
xe2,3b,8da4w,cand,sarc_dev_linear_dq8ca_coopmat_zpg_xe2bt_t128x128k64g84s16m8_texture3d_texture2d_half,2048,8192,3072,0.8743,117.895
xe2,3b,8da4w,cand,sarc_dev_linear_dq8ca_coopmat_zpg_xe2bt_t128x128k64g84s16m8_texture3d_texture2d_half,2048,8192,3072,0.8581,120.124
xe2,3b,8da4w,cand,sarc_dev_linear_dq8ca_coopmat_zpg_xe2bt_t128x128k64g84s16m8_texture3d_texture2d_half,2048,3072,8192,0.9591,107.47
xe2,3b,8da4w,cand,sarc_dev_linear_dq8ca_coopmat_zpg_xe2bt_t128x128k64g84s16m8_texture3d_texture2d_half,2048,3072,3072,0.3238,119.396
xe2,3b,8da4w,cand,sarc_dev_linear_dq8ca_coopmat_zpg_xe2bt_t128x128k64g84s16m8_texture3d_texture2d_half,2048,1024,3072,0.129,99.874
xe2,3b,8da4w,cand,sarc_dev_linear_dq8ca_coopmat_zpg_xe2bt_t128x128k64g84s16m8_texture3d_texture2d_half,2048,1024,3072,0.1262,102.138
xe2,3b,8da4w,cand,sarc_dev_linear_dq8ca_coopmat_zpg_xe2bt_t128x128k64g84s16m8_texture3d_texture2d_half,2048,3072,3072,0.3241,119.262
xe2,3b,8da4w,cand,sarc_dev_linear_dq8ca_coopmat_zpg_xe2bt_t128x128k64g84s16m8_texture3d_texture2d_half,2048,8192,3072,0.8797,117.178
xe2,3b,8da4w,cand,sarc_dev_linear_dq8ca_coopmat_zpg_xe2bt_t128x128k64g84s16m8_texture3d_texture2d_half,2048,8192,3072,0.8794,117.212
xe2,3b,8da4w,cand,sarc_dev_linear_dq8ca_coopmat_zpg_xe2bt_t128x128k64g84s16m8_texture3d_texture2d_half,2048,3072,8192,0.9326,110.533
xe2,3b,8da4w,cand,sarc_dev_linear_dq8ca_coopmat_zpg_xe2bt_t128x128k64g84s16m8_texture3d_texture2d_half,2048,3072,3072,0.3357,115.16
xe2,3b,8da4w,cand,sarc_dev_linear_dq8ca_coopmat_zpg_xe2bt_t128x128k64g84s16m8_texture3d_texture2d_half,2048,1024,3072,0.1278,100.849
xe2,3b,8da4w,cand,sarc_dev_linear_dq8ca_coopmat_zpg_xe2bt_t128x128k64g84s16m8_texture3d_texture2d_half,2048,1024,3072,0.1286,100.156
xe2,3b,8da4w,cand,sarc_dev_linear_dq8ca_coopmat_zpg_xe2bt_t128x128k64g84s16m8_texture3d_texture2d_half,2048,3072,3072,0.3275,118.031
xe2,3b,8da4w,cand,sarc_dev_linear_dq8ca_coopmat_zpg_xe2bt_t128x128k64g84s16m8_texture3d_texture2d_half,2048,8192,3072,0.88,117.129
xe2,3b,8da4w,cand,sarc_dev_linear_dq8ca_coopmat_zpg_xe2bt_t128x128k64g84s16m8_texture3d_texture2d_half,2048,8192,3072,0.8629,119.458
xe2,3b,8da4w,cand,sarc_dev_linear_dq8ca_coopmat_zpg_xe2bt_t128x128k64g84s16m8_texture3d_texture2d_half,2048,3072,8192,0.9348,110.274
xe2,3b,8da4w,cand,sarc_dev_linear_dq8ca_coopmat_zpg_xe2bt_t128x128k64g84s16m8_texture3d_texture2d_half,2048,3072,3072,0.3254,118.786
xe2,3b,8da4w,cand,sarc_dev_linear_dq8ca_coopmat_zpg_xe2bt_t128x128k64g84s16m8_texture3d_texture2d_half,2048,1024,3072,0.128,100.644
xe2,3b,8da4w,cand,sarc_dev_linear_dq8ca_coopmat_zpg_xe2bt_t128x128k64g84s16m8_texture3d_texture2d_half,2048,1024,3072,0.1279,100.726
xe2,3b,8da4w,cand,sarc_dev_linear_dq8ca_coopmat_zpg_xe2bt_t128x128k64g84s16m8_texture3d_texture2d_half,2048,3072,3072,0.3274,118.05
xe2,3b,8da4w,cand,sarc_dev_linear_dq8ca_coopmat_zpg_xe2bt_t128x128k64g84s16m8_texture3d_texture2d_half,2048,8192,3072,0.8621,119.574
xe2,3b,8da4w,cand,sarc_dev_linear_dq8ca_coopmat_zpg_xe2bt_t128x128k64g84s16m8_texture3d_texture2d_half,2048,8192,3072,0.8632,119.415
xe2,3b,8da4w,cand,sarc_dev_linear_dq8ca_coopmat_zpg_xe2bt_t128x128k64g84s16m8_texture3d_texture2d_half,2048,3072,8192,0.9407,109.579
xe2,3b,8da4w,cand,sarc_dev_linear_dq8ca_coopmat_zpg_xe2bt_t128x128k64g84s16m8_texture3d_texture2d_half,2048,3072,3072,0.3255,118.748
xe2,3b,8da4w,cand,sarc_dev_linear_dq8ca_coopmat_zpg_xe2bt_t128x128k64g84s16m8_texture3d_texture2d_half,2048,1024,3072,0.1277,100.931
xe2,3b,8da4w,cand,sarc_dev_linear_dq8ca_coopmat_zpg_xe2bt_t128x128k64g84s16m8_texture3d_texture2d_half,2048,1024,3072,0.1249,103.158
xe2,3b,8da4w,cand,sarc_dev_linear_dq8ca_coopmat_zpg_xe2bt_t128x128k64g84s16m8_texture3d_texture2d_half,2048,3072,3072,0.3333,115.969
xe2,3b,8da4w,cand,sarc_dev_linear_dq8ca_coopmat_zpg_xe2bt_t128x128k64g84s16m8_texture3d_texture2d_half,2048,8192,3072,0.8696,118.537
xe2,3b,8da4w,cand,sarc_dev_linear_dq8ca_coopmat_zpg_xe2bt_t128x128k64g84s16m8_texture3d_texture2d_half,2048,8192,3072,0.8472,121.673
xe2,3b,8da4w,cand,sarc_dev_linear_dq8ca_coopmat_zpg_xe2bt_t128x128k64g84s16m8_texture3d_texture2d_half,2048,3072,8192,0.9326,110.526
xe2,3b,8da4w,cand,sarc_dev_linear_dq8ca_coopmat_zpg_xe2bt_t128x128k64g84s16m8_texture3d_texture2d_half,2048,3072,3072,0.3314,116.624
xe2,3b,8da4w,cand,sarc_dev_linear_dq8ca_coopmat_zpg_xe2bt_t128x128k64g84s16m8_texture3d_texture2d_half,2048,1024,3072,0.1282,100.522
xe2,3b,8da4w,cand,sarc_dev_linear_dq8ca_coopmat_zpg_xe2bt_t128x128k64g84s16m8_texture3d_texture2d_half,2048,1024,3072,0.1291,99.833
xe2,3b,8da4w,cand,sarc_dev_linear_dq8ca_coopmat_zpg_xe2bt_t128x128k64g84s16m8_texture3d_texture2d_half,2048,3072,3072,0.336,115.036
xe2,3b,8da4w,cand,sarc_dev_linear_dq8ca_coopmat_zpg_xe2bt_t128x128k64g84s16m8_texture3d_texture2d_half,2048,8192,3072,0.8645,119.236
xe2,3b,8da4w,cand,sarc_dev_linear_dq8ca_coopmat_zpg_xe2bt_t128x128k64g84s16m8_texture3d_texture2d_half,2048,8192,3072,0.8486,121.471
xe2,3b,8da4w,cand,sarc_dev_linear_dq8ca_coopmat_zpg_xe2bt_t128x128k64g84s16m8_texture3d_texture2d_half,2048,3072,8192,0.932,110.6
xe2,3b,8da4w,cand,sarc_dev_linear_dq8ca_coopmat_zpg_xe2bt_t128x128k64g84s16m8_texture3d_texture2d_half,2048,3072,3072,0.3275,118.012
xe2,3b,8da4w,cand,sarc_dev_linear_dq8ca_coopmat_zpg_xe2bt_t128x128k64g84s16m8_texture3d_texture2d_half,2048,1024,3072,0.128,100.644
xe2,3b,8da4w,cand,sarc_dev_linear_dq8ca_coopmat_zpg_xe2bt_t128x128k64g84s16m8_texture3d_texture2d_half,2048,1024,3072,0.1266,101.76
xe2,3b,8da4w,cand,sarc_dev_linear_dq8ca_coopmat_zpg_xe2bt_t128x128k64g84s16m8_texture3d_texture2d_half,2048,3072,3072,0.3218,120.129
xe2,3b,8da4w,cand,sarc_dev_linear_dq8ca_coopmat_zpg_xe2bt_t128x128k64g84s16m8_texture3d_texture2d_half,2048,8192,3072,0.8649,119.185
xe2,3b,8da4w,cand,sarc_dev_linear_dq8ca_coopmat_zpg_xe2bt_t128x128k64g84s16m8_texture3d_texture2d_half,2048,8192,3072,0.8528,120.872
xe2,3b,8da4w,cand,sarc_dev_linear_dq8ca_coopmat_zpg_xe2bt_t128x128k64g84s16m8_texture3d_texture2d_half,2048,3072,8192,0.9656,106.747
xe2,3b,8da4w,cand,sarc_dev_linear_dq8ca_coopmat_zpg_xe2bt_t128x128k64g84s16m8_texture3d_texture2d_half,2048,3072,3072,0.3217,120.168
xe2,3b,8da4w,cand,sarc_dev_linear_dq8ca_coopmat_zpg_xe2bt_t128x128k64g84s16m8_texture3d_texture2d_half,2048,1024,3072,0.1291,99.833
xe2,3b,8da4w,cand,sarc_dev_linear_dq8ca_coopmat_zpg_xe2bt_t128x128k64g84s16m8_texture3d_texture2d_half,2048,1024,3072,0.1264,101.928
xe2,3b,8da4w,cand,sarc_dev_linear_dq8ca_coopmat_zpg_xe2bt_t128x128k64g84s16m8_texture3d_texture2d_half,2048,3072,3072,0.326,118.558
xe2,3b,8da4w,cand,sarc_dev_linear_dq8ca_coopmat_zpg_xe2bt_t128x128k64g84s16m8_texture3d_texture2d_half,2048,8192,3072,0.8761,117.657
xe2,3b,8da4w,cand,sarc_dev_linear_dq8ca_coopmat_zpg_xe2bt_t128x128k64g84s16m8_texture3d_texture2d_half,2048,8192,3072,0.8644,119.25
xe2,3b,8da4w,cand,sarc_dev_linear_dq8ca_coopmat_zpg_xe2bt_t128x128k64g84s16m8_texture3d_texture2d_half,2048,3072,8192,0.928,111.078
xe2,3b,8da4w,cand,sarc_dev_linear_dq8ca_coopmat_zpg_xe2bt_t128x128k64g84s16m8_texture3d_texture2d_half,2048,3072,3072,0.3238,119.396
xe2,3b,8da4w,cand,sarc_dev_linear_dq8ca_coopmat_zpg_xe2bt_t128x128k64g84s16m8_texture3d_texture2d_half,2048,1024,3072,0.1267,101.677
xe2,3b,8da4w,cand,sarc_dev_linear_dq8ca_coopmat_zpg_xe2bt_t128x128k64g84s16m8_texture3d_texture2d_half,2048,1024,3072,0.1269,101.552
xe2,3b,8da4w,cand,sarc_dev_linear_dq8ca_coopmat_zpg_xe2bt_t128x128k64g84s16m8_texture3d_texture2d_half,2048,3072,3072,0.323,119.684
xe2,3b,8da4w,cand,sarc_dev_linear_dq8ca_coopmat_zpg_xe2bt_t128x128k64g84s16m8_texture3d_texture2d_half,2048,8192,3072,0.8662,119.007
xe2,3b,8da4w,cand,sarc_dev_linear_dq8ca_coopmat_zpg_xe2bt_t128x128k64g84s16m8_texture3d_texture2d_half,2048,8192,3072,0.8664,118.978
xe2,3b,8da4w,cand,sarc_dev_linear_dq8ca_coopmat_zpg_xe2bt_t128x128k64g84s16m8_texture3d_texture2d_half,2048,3072,8192,0.9302,110.817
xe2,3b,8da4w,cand,sarc_dev_linear_dq8ca_coopmat_zpg_xe2bt_t128x128k64g84s16m8_texture3d_texture2d_half,2048,3072,3072,0.3175,121.762
xe2,3b,8da4w,cand,sarc_dev_linear_dq8ca_coopmat_zpg_xe2bt_t128x128k64g84s16m8_texture3d_texture2d_half,2048,1024,3072,0.1286,100.197
xe2,3b,8da4w,cand,sarc_dev_linear_dq8ca_coopmat_zpg_xe2bt_t128x128k64g84s16m8_texture3d_texture2d_half,2048,1024,3072,0.1259,102.307
xe2,3b,8da4w,cand,sarc_dev_linear_dq8ca_coopmat_zpg_xe2bt_t128x128k64g84s16m8_texture3d_texture2d_half,2048,3072,3072,0.3247,119.052
xe2,3b,8da4w,cand,sarc_dev_linear_dq8ca_coopmat_zpg_xe2bt_t128x128k64g84s16m8_texture3d_texture2d_half,2048,8192,3072,0.88,117.136
xe2,3b,8da4w,cand,sarc_dev_linear_dq8ca_coopmat_zpg_xe2bt_t128x128k64g84s16m8_texture3d_texture2d_half,2048,8192,3072,0.8726,118.134
xe2,3b,8da4w,cand,sarc_dev_linear_dq8ca_coopmat_zpg_xe2bt_t128x128k64g84s16m8_texture3d_texture2d_half,2048,3072,8192,0.9161,112.515
xe2,3b,8da4w,cand,sarc_dev_linear_dq8ca_coopmat_zpg_xe2bt_t128x128k64g84s16m8_texture3d_texture2d_half,2048,3072,3072,0.3291,117.472
xe2,3b,8da4w,cand,sarc_dev_linear_dq8ca_coopmat_zpg_xe2bt_t128x128k64g84s16m8_texture3d_texture2d_half,2048,1024,3072,0.1278,100.849
xe2,3b,8da4w,cand,sarc_dev_linear_dq8ca_coopmat_zpg_xe2bt_t128x128k64g84s16m8_texture3d_texture2d_half,2048,1024,3072,0.1266,101.76
xe2,3b,8da4w,cand,sarc_dev_linear_dq8ca_coopmat_zpg_xe2bt_t128x128k64g84s16m8_texture3d_texture2d_half,2048,3072,3072,0.3226,119.819
xe2,3b,8da4w,cand,sarc_dev_linear_dq8ca_coopmat_zpg_xe2bt_t128x128k64g84s16m8_texture3d_texture2d_half,2048,8192,3072,0.8711,118.332
xe2,3b,8da4w,cand,sarc_dev_linear_dq8ca_coopmat_zpg_xe2bt_t128x128k64g84s16m8_texture3d_texture2d_half,2048,8192,3072,0.8714,118.296
xe2,3b,8da4w,cand,sarc_dev_linear_dq8ca_coopmat_zpg_xe2bt_t128x128k64g84s16m8_texture3d_texture2d_half,2048,3072,8192,0.9465,108.911
xe2,3b,8da4w,cand,sarc_dev_linear_dq8ca_coopmat_zpg_xe2bt_t128x128k64g84s16m8_texture3d_texture2d_half,2048,3072,3072,0.3353,115.285
xe2,3b,8da4w,cand,sarc_dev_linear_dq8ca_coopmat_zpg_xe2bt_t128x128k64g84s16m8_texture3d_texture2d_half,2048,1024,3072,0.1282,100.522
xe2,3b,8da4w,cand,sarc_dev_linear_dq8ca_coopmat_zpg_xe2bt_t128x128k64g84s16m8_texture3d_texture2d_half,2048,1024,3072,0.1268,101.594
xe2,3b,8da4w,cand,sarc_dev_linear_dq8ca_coopmat_zpg_xe2bt_t128x128k64g84s16m8_texture3d_texture2d_half,2048,3072,3072,0.3261,118.52
xe2,3b,8da4w,cand,sarc_dev_linear_dq8ca_coopmat_zpg_xe2bt_t128x128k64g84s16m8_texture3d_texture2d_half,2048,8192,3072,0.8772,117.504
xe2,3b,8da4w,cand,sarc_dev_linear_dq8ca_coopmat_zpg_xe2bt_t128x128k64g84s16m8_texture3d_texture2d_half,2048,8192,3072,0.8607,119.769
xe2,3b,8da4w,cand,sarc_dev_linear_dq8ca_coopmat_zpg_xe2bt_t128x128k64g84s16m8_texture3d_texture2d_half,2048,3072,8192,0.9176,112.337
xe2,3b,8da4w,cand,sarc_dev_linear_dq8ca_coopmat_zpg_xe2bt_t128x128k64g84s16m8_texture3d_texture2d_half,2048,3072,3072,0.3223,119.916
xe2,3b,8da4w,cand,sarc_dev_linear_dq8ca_coopmat_zpg_xe2bt_t128x128k64g84s16m8_texture3d_texture2d_half,2048,1024,3072,0.1274,101.137
xe2,3b,8da4w,cand,sarc_dev_linear_dq8ca_coopmat_zpg_xe2bt_t128x128k64g84s16m8_texture3d_texture2d_half,2048,1024,3072,0.1283,100.4
xe2,3b,8da4w,cand,sarc_dev_linear_dq8ca_coopmat_zpg_xe2bt_t128x128k64g84s16m8_texture3d_texture2d_half,2048,3072,3072,0.3246,119.071
xe2,3b,8da4w,cand,sarc_dev_linear_dq8ca_coopmat_zpg_xe2bt_t128x128k64g84s16m8_texture3d_texture2d_half,2048,8192,3072,0.8955,115.102
xe2,3b,8da4w,cand,sarc_dev_linear_dq8ca_coopmat_zpg_xe2bt_t128x128k64g84s16m8_texture3d_texture2d_half,2048,8192,3072,0.8585,120.073
xe2,3b,8da4w,cand,sarc_dev_linear_dq8ca_coopmat_zpg_xe2bt_t128x128k64g84s16m8_texture3d_texture2d_half,2048,3072,8192,0.9354,110.201
xe2,3b,8da4w,cand,sarc_dev_linear_dq8ca_coopmat_zpg_xe2bt_t128x128k64g84s16m8_texture3d_texture2d_half,2048,3072,3072,0.3296,117.286
xe2,3b,8da4w,cand,sarc_dev_linear_dq8ca_coopmat_zpg_xe2bt_t128x128k64g84s16m8_texture3d_texture2d_half,2048,1024,3072,0.1279,100.767
xe2,3b,8da4w,cand,sarc_dev_linear_dq8ca_coopmat_zpg_xe2bt_t128x128k64g84s16m8_texture3d_texture2d_half,2048,1024,3072,0.1263,102.054
xe2,3b,8da4w,cand,sarc_dev_linear_dq8ca_coopmat_zpg_xe2bt_t128x128k64g84s16m8_texture3d_texture2d_half,2048,3072,3072,0.3261,118.52
xe2,3b,8da4w,cand,sarc_dev_linear_dq8ca_coopmat_zpg_xe2bt_t128x128k64g84s16m8_texture3d_texture2d_half,2048,8192,3072,0.8604,119.805
xe2,3b,8da4w,cand,sarc_dev_linear_dq8ca_coopmat_zpg_xe2bt_t128x128k64g84s16m8_texture3d_texture2d_half,2048,8192,3072,0.8447,122.025
xe2,3b,8da4w,cand,sarc_dev_linear_dq8ca_coopmat_zpg_xe2bt_t128x128k64g84s16m8_texture3d_texture2d_half,2048,3072,8192,0.954,108.05
xe2,3b,8da4w,cand,sarc_dev_linear_dq8ca_coopmat_zpg_xe2bt_t128x128k64g84s16m8_texture3d_texture2d_half,2048,3072,3072,0.3251,118.9
xe2,3b,8da4w,cand,sarc_dev_linear_dq8ca_coopmat_zpg_xe2bt_t128x128k64g84s16m8_texture3d_texture2d_half,2048,1024,3072,0.128,100.644
xe2,3b,8da4w,cand,sarc_dev_linear_dq8ca_coopmat_zpg_xe2bt_t128x128k64g84s16m8_texture3d_texture2d_half,2048,1024,3072,0.1272,101.303
xe2,3b,8da4w,cand,sarc_dev_linear_dq8ca_coopmat_zpg_xe2bt_t128x128k64g84s16m8_texture3d_texture2d_half,2048,3072,3072,0.3249,118.976
xe2,3b,8da4w,cand,sarc_dev_linear_dq8ca_coopmat_zpg_xe2bt_t128x128k64g84s16m8_texture3d_texture2d_half,2048,8192,3072,0.8631,119.43
xe2,3b,8da4w,cand,sarc_dev_linear_dq8ca_coopmat_zpg_xe2bt_t128x128k64g84s16m8_texture3d_texture2d_half,2048,8192,3072,0.8469,121.71
xe2,3b,8da4w,cand,sarc_dev_linear_dq8ca_coopmat_zpg_xe2bt_t128x128k64g84s16m8_texture3d_texture2d_half,2048,3072,8192,0.948,108.738
xe2,3b,8da4w,cand,sarc_dev_linear_dq8ca_coopmat_zpg_xe2bt_t128x128k64g84s16m8_texture3d_texture2d_half,2048,3072,3072,0.3199,120.852
xe2,3b,8da4w,cand,sarc_dev_linear_dq8ca_coopmat_zpg_xe2bt_t128x128k64g84s16m8_texture3d_texture2d_half,2048,1024,3072,0.1277,100.89
xe2,3b,8da4w,cand,sarc_dev_linear_dq8ca_coopmat_zpg_xe2bt_t128x128k64g84s16m8_texture3d_texture2d_half,2048,1024,3072,0.1262,102.138
xe2,3b,8da4w,cand,sarc_dev_linear_dq8ca_coopmat_zpg_xe2bt_t128x128k64g84s16m8_texture3d_texture2d_half,2048,3072,3072,0.3222,119.974
xe2,3b,8da4w,cand,sarc_dev_linear_dq8ca_coopmat_zpg_xe2bt_t128x128k64g84s16m8_texture3d_texture2d_half,2048,8192,3072,0.8674,118.842
xe2,3b,8da4w,cand,sarc_dev_linear_dq8ca_coopmat_zpg_xe2bt_t128x128k64g84s16m8_texture3d_texture2d_half,2048,8192,3072,0.8798,117.164
xe2,3b,8da4w,cand,sarc_dev_linear_dq8ca_coopmat_zpg_xe2bt_t128x128k64g84s16m8_texture3d_texture2d_half,2048,3072,8192,0.9292,110.929
xe2,3b,8da4w,cand,sarc_dev_linear_dq8ca_coopmat_zpg_xe2bt_t128x128k64g84s16m8_texture3d_texture2d_half,2048,3072,3072,0.3271,118.181
xe2,3b,8da4w,cand,sarc_dev_linear_dq8ca_coopmat_zpg_xe2bt_t128x128k64g84s16m8_texture3d_texture2d_half,2048,1024,3072,0.1271,101.344
xe2,3b,8da4w,cand,sarc_dev_linear_dq8ca_coopmat_zpg_xe2bt_t128x128k64g84s16m8_texture3d_texture2d_half,2048,1024,3072,0.1311,98.289
xe2,3b,8da4w,cand,sarc_dev_linear_dq8ca_coopmat_zpg_xe2bt_t128x128k64g84s16m8_texture3d_texture2d_half,2048,3072,3072,0.3229,119.723
xe2,3b,8da4w,cand,sarc_dev_linear_dq8ca_coopmat_zpg_xe2bt_t128x128k64g84s16m8_texture3d_texture2d_half,2048,8192,3072,0.8597,119.906
xe2,3b,8da4w,cand,sarc_dev_linear_dq8ca_coopmat_zpg_xe2bt_t128x128k64g84s16m8_texture3d_texture2d_half,2048,8192,3072,0.876,117.671
xe2,3b,8da4w,cand,sarc_dev_linear_dq8ca_coopmat_zpg_xe2bt_t128x128k64g84s16m8_texture3d_texture2d_half,2048,3072,8192,0.9272,111.177
xe2,3b,8da4w,cand,sarc_dev_linear_dq8ca_coopmat_zpg_xe2bt_t128x128k64g84s16m8_texture3d_texture2d_half,2048,3072,3072,0.324,119.3
xe2,3b,8da4w,cand,sarc_dev_linear_dq8ca_coopmat_zpg_xe2bt_t128x128k64g84s16m8_texture3d_texture2d_half,2048,1024,3072,0.1279,100.767
xe2,3b,8da4w,cand,sarc_dev_linear_dq8ca_coopmat_zpg_xe2bt_t128x128k64g84s16m8_texture3d_texture2d_half,2048,1024,3072,0.1269,101.552
xe2,3b,8da4w,cand,sarc_dev_linear_dq8ca_coopmat_zpg_xe2bt_t128x128k64g84s16m8_texture3d_texture2d_half,2048,3072,3072,0.3268,118.294
xe2,3b,8da4w,cand,sarc_dev_linear_dq8ca_coopmat_zpg_xe2bt_t128x128k64g84s16m8_texture3d_texture2d_half,2048,8192,3072,0.8938,115.323
xe2,3b,8da4w,cand,sarc_dev_linear_dq8ca_coopmat_zpg_xe2bt_t128x128k64g84s16m8_texture3d_texture2d_half,2048,8192,3072,0.8661,119.021
xe2,3b,8da4w,cand,sarc_dev_linear_dq8ca_coopmat_zpg_xe2bt_t128x128k64g84s16m8_texture3d_texture2d_half,2048,3072,8192,0.9314,110.668
xe2,3b,8da4w,cand,sarc_dev_linear_dq8ca_coopmat_zpg_xe2bt_t128x128k64g84s16m8_texture3d_texture2d_half,2048,3072,3072,0.3271,118.162
xe2,3b,8da4w,cand,sarc_dev_linear_dq8ca_coopmat_zpg_xe2bt_t128x128k64g84s16m8_texture3d_texture2d_half,2048,1024,3072,0.1277,100.931
xe2,3b,8da4w,cand,sarc_dev_linear_dq8ca_coopmat_zpg_xe2bt_t128x128k64g84s16m8_texture3d_texture2d_half,2048,1024,3072,0.1268,101.594
xe2,3b,8da4w,cand,sarc_dev_linear_dq8ca_coopmat_zpg_xe2bt_t128x128k64g84s16m8_texture3d_texture2d_half,2048,3072,3072,0.3227,119.8
xe2,3b,8da4w,cand,sarc_dev_linear_dq8ca_coopmat_zpg_xe2bt_t128x128k64g84s16m8_texture3d_texture2d_half,2048,8192,3072,0.9116,113.08
xe2,3b,8da4w,cand,sarc_dev_linear_dq8ca_coopmat_zpg_xe2bt_t128x128k64g84s16m8_texture3d_texture2d_half,2048,8192,3072,0.8647,119.207
xe2,3b,8da4w,cand,sarc_dev_linear_dq8ca_coopmat_zpg_xe2bt_t128x128k64g84s16m8_texture3d_texture2d_half,2048,3072,8192,0.928,111.078
xe2,3b,8da4w,cand,sarc_dev_linear_dq8ca_coopmat_zpg_xe2bt_t128x128k64g84s16m8_texture3d_texture2d_half,2048,3072,3072,0.3234,119.511
xe2,3b,8da4w,cand,sarc_dev_linear_dq8ca_coopmat_zpg_xe2bt_t128x128k64g84s16m8_texture3d_texture2d_half,2048,1024,3072,0.1273,101.179
xe2,3b,8da4w,cand,sarc_dev_linear_dq8ca_coopmat_zpg_xe2bt_t128x128k64g84s16m8_texture3d_texture2d_half,2048,1024,3072,0.1282,100.522
xe2,3b,8da4w,cand,sarc_dev_linear_dq8ca_coopmat_zpg_xe2bt_t128x128k64g84s16m8_texture3d_texture2d_half,2048,3072,3072,0.3204,120.656
xe2,3b,8da4w,cand,sarc_dev_linear_dq8ca_coopmat_zpg_xe2bt_t128x128k64g84s16m8_texture3d_texture2d_half,2048,8192,3072,0.8823,116.832
xe2,3b,8da4w,cand,sarc_dev_linear_dq8ca_coopmat_zpg_xe2bt_t128x128k64g84s16m8_texture3d_texture2d_half,2048,8192,3072,0.8503,121.234
xe2,3b,8da4w,cand,sarc_dev_linear_dq8ca_coopmat_zpg_xe2bt_t128x128k64g84s16m8_texture3d_texture2d_half,2048,3072,8192,0.9213,111.88
xe2,3b,8da4w,cand,sarc_dev_linear_dq8ca_coopmat_zpg_xe2bt_t128x128k64g84s16m8_texture3d_texture2d_half,2048,3072,3072,0.3273,118.106
xe2,3b,8da4w,cand,sarc_dev_linear_dq8ca_coopmat_zpg_xe2bt_t128x128k64g84s16m8_texture3d_texture2d_half,2048,1024,3072,0.1272,101.303
xe2,3b,8da4w,cand,sarc_dev_linear_dq8ca_coopmat_zpg_xe2bt_t128x128k64g84s16m8_texture3d_texture2d_half,2048,1024,3072,0.1263,102.012
xe2,3b,8da4w,cand,sarc_dev_linear_dq8ca_coopmat_zpg_xe2bt_t128x128k64g84s16m8_texture3d_texture2d_half,2048,3072,3072,0.3235,119.492
xe2,3b,8da4w,cand,sarc_dev_linear_dq8ca_coopmat_zpg_xe2bt_t128x128k64g84s16m8_texture3d_texture2d_half,2048,8192,3072,0.8622,119.552
xe2,3b,8da4w,cand,sarc_dev_linear_dq8ca_coopmat_zpg_xe2bt_t128x128k64g84s16m8_texture3d_texture2d_half,2048,8192,3072,0.861,119.718
xe2,3b,8da4w,cand,sarc_dev_linear_dq8ca_coopmat_zpg_xe2bt_t128x128k64g84s16m8_texture3d_texture2d_half,2048,3072,8192,0.9249,111.452
xe2,3b,8da4w,cand,sarc_dev_linear_dq8ca_coopmat_zpg_xe2bt_t128x128k64g84s16m8_texture3d_texture2d_half,2048,3072,3072,0.319,121.187
xe2,3b,8da4w,cand,sarc_dev_linear_dq8ca_coopmat_zpg_xe2bt_t128x128k64g84s16m8_texture3d_texture2d_half,2048,1024,3072,0.1272,101.303
xe2,3b,8da4w,cand,sarc_dev_linear_dq8ca_coopmat_zpg_xe2bt_t128x128k64g84s16m8_texture3d_texture2d_half,2048,1024,3072,0.1259,102.349
xe2,3b,8da4w,cand,sarc_dev_linear_dq8ca_coopmat_zpg_xe2bt_t128x128k64g84s16m8_texture3d_texture2d_half,2048,3072,3072,0.332,116.423
xe2,3b,8da4w,cand,sarc_dev_linear_dq8ca_coopmat_zpg_xe2bt_t128x128k64g84s16m8_texture3d_texture2d_half,2048,8192,3072,0.8844,116.551
xe2,3b,8da4w,cand,sarc_dev_linear_dq8ca_coopmat_zpg_xe2bt_t128x128k64g84s16m8_texture3d_texture2d_half,2048,8192,3072,0.8632,119.415
xe2,3b,8da4w,cand,sarc_dev_linear_dq8ca_coopmat_zpg_xe2bt_t128x128k64g84s16m8_texture3d_texture2d_half,2048,3072,8192,0.9443,109.157
xe2,3b,8da4w,cand,sarc_dev_linear_dq8ca_coopmat_zpg_xe2bt_t128x128k64g84s16m8_texture3d_texture2d_half,2048,3072,3072,0.3233,119.569
xe2,3b,8da4w,cand,sarc_dev_linear_dq8ca_coopmat_zpg_xe2bt_t128x128k64g84s16m8_texture3d_texture2d_half,2048,1024,3072,0.1278,100.849
xe2,3b,8da4w,cand,sarc_dev_linear_dq8ca_coopmat_zpg_xe2bt_t128x128k64g84s16m8_texture3d_texture2d_half,2048,1024,3072,0.1265,101.886
xe2,3b,8da4w,cand,sarc_dev_linear_dq8ca_coopmat_zpg_xe2bt_t128x128k64g84s16m8_texture3d_texture2d_half,2048,3072,3072,0.323,119.665
xe2,3b,8da4w,cand,sarc_dev_linear_dq8ca_coopmat_zpg_xe2bt_t128x128k64g84s16m8_texture3d_texture2d_half,2048,8192,3072,0.8797,117.178
xe2,3b,8da4w,cand,sarc_dev_linear_dq8ca_coopmat_zpg_xe2bt_t128x128k64g84s16m8_texture3d_texture2d_half,2048,8192,3072,0.8642,119.272
xe2,3b,8da4w,cand,sarc_dev_linear_dq8ca_coopmat_zpg_xe2bt_t128x128k64g84s16m8_texture3d_texture2d_half,2048,3072,8192,0.9447,109.115
xe2,3b,8da4w,parent,sarc_dev_linear_dq8ca_coopmat_zpg_xe2bt_t128x128k64g84s16m8_texture3d_texture2d_half,2048,3072,3072,0.3275,118.012
xe2,3b,8da4w,parent,sarc_dev_linear_dq8ca_coopmat_zpg_xe2bt_t128x128k64g84s16m8_texture3d_texture2d_half,2048,1024,3072,0.128,100.644
xe2,3b,8da4w,parent,sarc_dev_linear_dq8ca_coopmat_zpg_xe2bt_t128x128k64g84s16m8_texture3d_texture2d_half,2048,1024,3072,0.1265,101.886
xe2,3b,8da4w,parent,sarc_dev_linear_dq8ca_coopmat_zpg_xe2bt_t128x128k64g84s16m8_texture3d_texture2d_half,2048,3072,3072,0.3237,119.415
xe2,3b,8da4w,parent,sarc_dev_linear_dq8ca_coopmat_zpg_xe2bt_t128x128k64g84s16m8_texture3d_texture2d_half,2048,8192,3072,0.8885,116.019
xe2,3b,8da4w,parent,sarc_dev_linear_dq8ca_coopmat_zpg_xe2bt_t128x128k64g84s16m8_texture3d_texture2d_half,2048,8192,3072,0.8495,121.345
xe2,3b,8da4w,parent,sarc_dev_linear_dq8ca_coopmat_zpg_xe2bt_t128x128k64g84s16m8_texture3d_texture2d_half,2048,3072,8192,0.9437,109.229
xe2,3b,8da4w,parent,sarc_dev_linear_dq8ca_coopmat_zpg_xe2bt_t128x128k64g84s16m8_texture3d_texture2d_half,2048,3072,3072,0.3209,120.46
xe2,3b,8da4w,parent,sarc_dev_linear_dq8ca_coopmat_zpg_xe2bt_t128x128k64g84s16m8_texture3d_texture2d_half,2048,1024,3072,0.1289,99.995
xe2,3b,8da4w,parent,sarc_dev_linear_dq8ca_coopmat_zpg_xe2bt_t128x128k64g84s16m8_texture3d_texture2d_half,2048,1024,3072,0.1282,100.522
xe2,3b,8da4w,parent,sarc_dev_linear_dq8ca_coopmat_zpg_xe2bt_t128x128k64g84s16m8_texture3d_texture2d_half,2048,3072,3072,0.3241,119.262
xe2,3b,8da4w,parent,sarc_dev_linear_dq8ca_coopmat_zpg_xe2bt_t128x128k64g84s16m8_texture3d_texture2d_half,2048,8192,3072,0.8662,118.999
xe2,3b,8da4w,parent,sarc_dev_linear_dq8ca_coopmat_zpg_xe2bt_t128x128k64g84s16m8_texture3d_texture2d_half,2048,8192,3072,0.8676,118.814
xe2,3b,8da4w,parent,sarc_dev_linear_dq8ca_coopmat_zpg_xe2bt_t128x128k64g84s16m8_texture3d_texture2d_half,2048,3072,8192,0.9233,111.641
xe2,3b,8da4w,parent,sarc_dev_linear_dq8ca_coopmat_zpg_xe2bt_t128x128k64g84s16m8_texture3d_texture2d_half,2048,3072,3072,0.3191,121.147
xe2,3b,8da4w,parent,sarc_dev_linear_dq8ca_coopmat_zpg_xe2bt_t128x128k64g84s16m8_texture3d_texture2d_half,2048,1024,3072,0.1284,100.359
xe2,3b,8da4w,parent,sarc_dev_linear_dq8ca_coopmat_zpg_xe2bt_t128x128k64g84s16m8_texture3d_texture2d_half,2048,1024,3072,0.126,102.264
xe2,3b,8da4w,parent,sarc_dev_linear_dq8ca_coopmat_zpg_xe2bt_t128x128k64g84s16m8_texture3d_texture2d_half,2048,3072,3072,0.3329,116.132
xe2,3b,8da4w,parent,sarc_dev_linear_dq8ca_coopmat_zpg_xe2bt_t128x128k64g84s16m8_texture3d_texture2d_half,2048,8192,3072,0.8804,117.081
xe2,3b,8da4w,parent,sarc_dev_linear_dq8ca_coopmat_zpg_xe2bt_t128x128k64g84s16m8_texture3d_texture2d_half,2048,8192,3072,0.8617,119.624
xe2,3b,8da4w,parent,sarc_dev_linear_dq8ca_coopmat_zpg_xe2bt_t128x128k64g84s16m8_texture3d_texture2d_half,2048,3072,8192,0.9243,111.521
xe2,3b,8da4w,parent,sarc_dev_linear_dq8ca_coopmat_zpg_xe2bt_t128x128k64g84s16m8_texture3d_texture2d_half,2048,3072,3072,0.3236,119.434
xe2,3b,8da4w,parent,sarc_dev_linear_dq8ca_coopmat_zpg_xe2bt_t128x128k64g84s16m8_texture3d_texture2d_half,2048,1024,3072,0.1282,100.481
xe2,3b,8da4w,parent,sarc_dev_linear_dq8ca_coopmat_zpg_xe2bt_t128x128k64g84s16m8_texture3d_texture2d_half,2048,1024,3072,0.1263,102.012
xe2,3b,8da4w,parent,sarc_dev_linear_dq8ca_coopmat_zpg_xe2bt_t128x128k64g84s16m8_texture3d_texture2d_half,2048,3072,3072,0.3226,119.819
xe2,3b,8da4w,parent,sarc_dev_linear_dq8ca_coopmat_zpg_xe2bt_t128x128k64g84s16m8_texture3d_texture2d_half,2048,8192,3072,0.8681,118.743
xe2,3b,8da4w,parent,sarc_dev_linear_dq8ca_coopmat_zpg_xe2bt_t128x128k64g84s16m8_texture3d_texture2d_half,2048,8192,3072,0.8527,120.879
xe2,3b,8da4w,parent,sarc_dev_linear_dq8ca_coopmat_zpg_xe2bt_t128x128k64g84s16m8_texture3d_texture2d_half,2048,3072,8192,0.9558,107.845
xe2,3b,8da4w,parent,sarc_dev_linear_dq8ca_coopmat_zpg_xe2bt_t128x128k64g84s16m8_texture3d_texture2d_half,2048,3072,3072,0.3207,120.538
xe2,3b,8da4w,parent,sarc_dev_linear_dq8ca_coopmat_zpg_xe2bt_t128x128k64g84s16m8_texture3d_texture2d_half,2048,1024,3072,0.129,99.914
xe2,3b,8da4w,parent,sarc_dev_linear_dq8ca_coopmat_zpg_xe2bt_t128x128k64g84s16m8_texture3d_texture2d_half,2048,1024,3072,0.128,100.685
xe2,3b,8da4w,parent,sarc_dev_linear_dq8ca_coopmat_zpg_xe2bt_t128x128k64g84s16m8_texture3d_texture2d_half,2048,3072,3072,0.3308,116.862
xe2,3b,8da4w,parent,sarc_dev_linear_dq8ca_coopmat_zpg_xe2bt_t128x128k64g84s16m8_texture3d_texture2d_half,2048,8192,3072,0.879,117.275
xe2,3b,8da4w,parent,sarc_dev_linear_dq8ca_coopmat_zpg_xe2bt_t128x128k64g84s16m8_texture3d_texture2d_half,2048,8192,3072,0.8752,117.783
xe2,3b,8da4w,parent,sarc_dev_linear_dq8ca_coopmat_zpg_xe2bt_t128x128k64g84s16m8_texture3d_texture2d_half,2048,3072,8192,0.9401,109.646
xe2,3b,8da4w,parent,sarc_dev_linear_dq8ca_coopmat_zpg_xe2bt_t128x128k64g84s16m8_texture3d_texture2d_half,2048,3072,3072,0.3247,119.033
xe2,3b,8da4w,parent,sarc_dev_linear_dq8ca_coopmat_zpg_xe2bt_t128x128k64g84s16m8_texture3d_texture2d_half,2048,1024,3072,0.128,100.685
xe2,3b,8da4w,parent,sarc_dev_linear_dq8ca_coopmat_zpg_xe2bt_t128x128k64g84s16m8_texture3d_texture2d_half,2048,1024,3072,0.1271,101.344
xe2,3b,8da4w,parent,sarc_dev_linear_dq8ca_coopmat_zpg_xe2bt_t128x128k64g84s16m8_texture3d_texture2d_half,2048,3072,3072,0.3364,114.893
xe2,3b,8da4w,parent,sarc_dev_linear_dq8ca_coopmat_zpg_xe2bt_t128x128k64g84s16m8_texture3d_texture2d_half,2048,8192,3072,0.879,117.268
xe2,3b,8da4w,parent,sarc_dev_linear_dq8ca_coopmat_zpg_xe2bt_t128x128k64g84s16m8_texture3d_texture2d_half,2048,8192,3072,0.8548,120.592
xe2,3b,8da4w,parent,sarc_dev_linear_dq8ca_coopmat_zpg_xe2bt_t128x128k64g84s16m8_texture3d_texture2d_half,2048,3072,8192,0.9428,109.332
xe2,3b,8da4w,parent,sarc_dev_linear_dq8ca_coopmat_zpg_xe2bt_t128x128k64g84s16m8_texture3d_texture2d_half,2048,3072,3072,0.3219,120.071
xe2,3b,8da4w,parent,sarc_dev_linear_dq8ca_coopmat_zpg_xe2bt_t128x128k64g84s16m8_texture3d_texture2d_half,2048,1024,3072,0.129,99.874
xe2,3b,8da4w,parent,sarc_dev_linear_dq8ca_coopmat_zpg_xe2bt_t128x128k64g84s16m8_texture3d_texture2d_half,2048,1024,3072,0.1256,102.603
xe2,3b,8da4w,parent,sarc_dev_linear_dq8ca_coopmat_zpg_xe2bt_t128x128k64g84s16m8_texture3d_texture2d_half,2048,3072,3072,0.3269,118.238
xe2,3b,8da4w,parent,sarc_dev_linear_dq8ca_coopmat_zpg_xe2bt_t128x128k64g84s16m8_texture3d_texture2d_half,2048,8192,3072,0.8772,117.511
xe2,3b,8da4w,parent,sarc_dev_linear_dq8ca_coopmat_zpg_xe2bt_t128x128k64g84s16m8_texture3d_texture2d_half,2048,8192,3072,0.8685,118.693
xe2,3b,8da4w,parent,sarc_dev_linear_dq8ca_coopmat_zpg_xe2bt_t128x128k64g84s16m8_texture3d_texture2d_half,2048,3072,8192,0.9261,111.308
xe2,3b,8da4w,parent,sarc_dev_linear_dq8ca_coopmat_zpg_xe2bt_t128x128k64g84s16m8_texture3d_texture2d_half,2048,3072,3072,0.3325,116.259
xe2,3b,8da4w,parent,sarc_dev_linear_dq8ca_coopmat_zpg_xe2bt_t128x128k64g84s16m8_texture3d_texture2d_half,2048,1024,3072,0.1284,100.359
xe2,3b,8da4w,parent,sarc_dev_linear_dq8ca_coopmat_zpg_xe2bt_t128x128k64g84s16m8_texture3d_texture2d_half,2048,1024,3072,0.1292,99.713
xe2,3b,8da4w,parent,sarc_dev_linear_dq8ca_coopmat_zpg_xe2bt_t128x128k64g84s16m8_texture3d_texture2d_half,2048,3072,3072,0.3324,116.295
xe2,3b,8da4w,parent,sarc_dev_linear_dq8ca_coopmat_zpg_xe2bt_t128x128k64g84s16m8_texture3d_texture2d_half,2048,8192,3072,0.8846,116.523
xe2,3b,8da4w,parent,sarc_dev_linear_dq8ca_coopmat_zpg_xe2bt_t128x128k64g84s16m8_texture3d_texture2d_half,2048,8192,3072,0.8662,119.007
xe2,3b,8da4w,parent,sarc_dev_linear_dq8ca_coopmat_zpg_xe2bt_t128x128k64g84s16m8_texture3d_texture2d_half,2048,3072,8192,0.9366,110.06
xe2,3b,8da4w,parent,sarc_dev_linear_dq8ca_coopmat_zpg_xe2bt_t128x128k64g84s16m8_texture3d_texture2d_half,2048,3072,3072,0.3257,118.672
xe2,3b,8da4w,parent,sarc_dev_linear_dq8ca_coopmat_zpg_xe2bt_t128x128k64g84s16m8_texture3d_texture2d_half,2048,1024,3072,0.1283,100.4
xe2,3b,8da4w,parent,sarc_dev_linear_dq8ca_coopmat_zpg_xe2bt_t128x128k64g84s16m8_texture3d_texture2d_half,2048,1024,3072,0.1286,100.156
xe2,3b,8da4w,parent,sarc_dev_linear_dq8ca_coopmat_zpg_xe2bt_t128x128k64g84s16m8_texture3d_texture2d_half,2048,3072,3072,0.3311,116.734
xe2,3b,8da4w,parent,sarc_dev_linear_dq8ca_coopmat_zpg_xe2bt_t128x128k64g84s16m8_texture3d_texture2d_half,2048,8192,3072,0.8789,117.288
xe2,3b,8da4w,parent,sarc_dev_linear_dq8ca_coopmat_zpg_xe2bt_t128x128k64g84s16m8_texture3d_texture2d_half,2048,8192,3072,0.8571,120.263
xe2,3b,8da4w,parent,sarc_dev_linear_dq8ca_coopmat_zpg_xe2bt_t128x128k64g84s16m8_texture3d_texture2d_half,2048,3072,8192,0.9333,110.446
xe2,3b,8da4w,parent,sarc_dev_linear_dq8ca_coopmat_zpg_xe2bt_t128x128k64g84s16m8_texture3d_texture2d_half,2048,3072,3072,0.3184,121.385
xe2,3b,8da4w,parent,sarc_dev_linear_dq8ca_coopmat_zpg_xe2bt_t128x128k64g84s16m8_texture3d_texture2d_half,2048,1024,3072,0.1276,101.014
xe2,3b,8da4w,parent,sarc_dev_linear_dq8ca_coopmat_zpg_xe2bt_t128x128k64g84s16m8_texture3d_texture2d_half,2048,1024,3072,0.1275,101.055
xe2,3b,8da4w,parent,sarc_dev_linear_dq8ca_coopmat_zpg_xe2bt_t128x128k64g84s16m8_texture3d_texture2d_half,2048,3072,3072,0.3298,117.212
xe2,3b,8da4w,parent,sarc_dev_linear_dq8ca_coopmat_zpg_xe2bt_t128x128k64g84s16m8_texture3d_texture2d_half,2048,8192,3072,0.874,117.937
xe2,3b,8da4w,parent,sarc_dev_linear_dq8ca_coopmat_zpg_xe2bt_t128x128k64g84s16m8_texture3d_texture2d_half,2048,8192,3072,0.8485,121.479
xe2,3b,8da4w,parent,sarc_dev_linear_dq8ca_coopmat_zpg_xe2bt_t128x128k64g84s16m8_texture3d_texture2d_half,2048,3072,8192,0.9272,111.177
xe2,3b,8da4w,parent,sarc_dev_linear_dq8ca_coopmat_zpg_xe2bt_t128x128k64g84s16m8_texture3d_texture2d_half,2048,3072,3072,0.3261,118.52
xe2,3b,8da4w,parent,sarc_dev_linear_dq8ca_coopmat_zpg_xe2bt_t128x128k64g84s16m8_texture3d_texture2d_half,2048,1024,3072,0.1282,100.522
xe2,3b,8da4w,parent,sarc_dev_linear_dq8ca_coopmat_zpg_xe2bt_t128x128k64g84s16m8_texture3d_texture2d_half,2048,1024,3072,0.129,99.874
xe2,3b,8da4w,parent,sarc_dev_linear_dq8ca_coopmat_zpg_xe2bt_t128x128k64g84s16m8_texture3d_texture2d_half,2048,3072,3072,0.3407,113.473
xe2,3b,8da4w,parent,sarc_dev_linear_dq8ca_coopmat_zpg_xe2bt_t128x128k64g84s16m8_texture3d_texture2d_half,2048,8192,3072,0.8715,118.275
xe2,3b,8da4w,parent,sarc_dev_linear_dq8ca_coopmat_zpg_xe2bt_t128x128k64g84s16m8_texture3d_texture2d_half,2048,8192,3072,0.8586,120.059
xe2,3b,8da4w,parent,sarc_dev_linear_dq8ca_coopmat_zpg_xe2bt_t128x128k64g84s16m8_texture3d_texture2d_half,2048,3072,8192,0.9267,111.234
xe2,3b,8da4w,parent,sarc_dev_linear_dq8ca_coopmat_zpg_xe2bt_t128x128k64g84s16m8_texture3d_texture2d_half,2048,3072,3072,0.3256,118.729
xe2,3b,8da4w,parent,sarc_dev_linear_dq8ca_coopmat_zpg_xe2bt_t128x128k64g84s16m8_texture3d_texture2d_half,2048,1024,3072,0.1282,100.481
xe2,3b,8da4w,parent,sarc_dev_linear_dq8ca_coopmat_zpg_xe2bt_t128x128k64g84s16m8_texture3d_texture2d_half,2048,1024,3072,0.1267,101.719
xe2,3b,8da4w,parent,sarc_dev_linear_dq8ca_coopmat_zpg_xe2bt_t128x128k64g84s16m8_texture3d_texture2d_half,2048,3072,3072,0.3265,118.388
xe2,3b,8da4w,parent,sarc_dev_linear_dq8ca_coopmat_zpg_xe2bt_t128x128k64g84s16m8_texture3d_texture2d_half,2048,8192,3072,0.8592,119.964
xe2,3b,8da4w,parent,sarc_dev_linear_dq8ca_coopmat_zpg_xe2bt_t128x128k64g84s16m8_texture3d_texture2d_half,2048,8192,3072,0.8561,120.409
xe2,3b,8da4w,parent,sarc_dev_linear_dq8ca_coopmat_zpg_xe2bt_t128x128k64g84s16m8_texture3d_texture2d_half,2048,3072,8192,0.965,106.822
xe2,3b,8da4w,parent,sarc_dev_linear_dq8ca_coopmat_zpg_xe2bt_t128x128k64g84s16m8_texture3d_texture2d_half,2048,3072,3072,0.3234,119.53
xe2,3b,8da4w,parent,sarc_dev_linear_dq8ca_coopmat_zpg_xe2bt_t128x128k64g84s16m8_texture3d_texture2d_half,2048,1024,3072,0.1292,99.713
xe2,3b,8da4w,parent,sarc_dev_linear_dq8ca_coopmat_zpg_xe2bt_t128x128k64g84s16m8_texture3d_texture2d_half,2048,1024,3072,0.126,102.264
xe2,3b,8da4w,parent,sarc_dev_linear_dq8ca_coopmat_zpg_xe2bt_t128x128k64g84s16m8_texture3d_texture2d_half,2048,3072,3072,0.3229,119.704
xe2,3b,8da4w,parent,sarc_dev_linear_dq8ca_coopmat_zpg_xe2bt_t128x128k64g84s16m8_texture3d_texture2d_half,2048,8192,3072,0.8847,116.509
xe2,3b,8da4w,parent,sarc_dev_linear_dq8ca_coopmat_zpg_xe2bt_t128x128k64g84s16m8_texture3d_texture2d_half,2048,8192,3072,0.8647,119.214
xe2,3b,8da4w,parent,sarc_dev_linear_dq8ca_coopmat_zpg_xe2bt_t128x128k64g84s16m8_texture3d_texture2d_half,2048,3072,8192,0.9327,110.514
xe2,3b,8da4w,parent,sarc_dev_linear_dq8ca_coopmat_zpg_xe2bt_t128x128k64g84s16m8_texture3d_texture2d_half,2048,3072,3072,0.3256,118.71
xe2,3b,8da4w,parent,sarc_dev_linear_dq8ca_coopmat_zpg_xe2bt_t128x128k64g84s16m8_texture3d_texture2d_half,2048,1024,3072,0.1272,101.261
xe2,3b,8da4w,parent,sarc_dev_linear_dq8ca_coopmat_zpg_xe2bt_t128x128k64g84s16m8_texture3d_texture2d_half,2048,1024,3072,0.1296,99.433
xe2,3b,8da4w,parent,sarc_dev_linear_dq8ca_coopmat_zpg_xe2bt_t128x128k64g84s16m8_texture3d_texture2d_half,2048,3072,3072,0.3273,118.087
xe2,3b,8da4w,parent,sarc_dev_linear_dq8ca_coopmat_zpg_xe2bt_t128x128k64g84s16m8_texture3d_texture2d_half,2048,8192,3072,0.8611,119.711
xe2,3b,8da4w,parent,sarc_dev_linear_dq8ca_coopmat_zpg_xe2bt_t128x128k64g84s16m8_texture3d_texture2d_half,2048,8192,3072,0.8563,120.38
xe2,3b,8da4w,parent,sarc_dev_linear_dq8ca_coopmat_zpg_xe2bt_t128x128k64g84s16m8_texture3d_texture2d_half,2048,3072,8192,0.9254,111.39
xe2,3b,8da4w,parent,sarc_dev_linear_dq8ca_coopmat_zpg_xe2bt_t128x128k64g84s16m8_texture3d_texture2d_half,2048,3072,3072,0.3225,119.877
xe2,3b,8da4w,parent,sarc_dev_linear_dq8ca_coopmat_zpg_xe2bt_t128x128k64g84s16m8_texture3d_texture2d_half,2048,1024,3072,0.1293,99.673
xe2,3b,8da4w,parent,sarc_dev_linear_dq8ca_coopmat_zpg_xe2bt_t128x128k64g84s16m8_texture3d_texture2d_half,2048,1024,3072,0.126,102.222
xe2,3b,8da4w,parent,sarc_dev_linear_dq8ca_coopmat_zpg_xe2bt_t128x128k64g84s16m8_texture3d_texture2d_half,2048,3072,3072,0.3226,119.819
xe2,3b,8da4w,parent,sarc_dev_linear_dq8ca_coopmat_zpg_xe2bt_t128x128k64g84s16m8_texture3d_texture2d_half,2048,8192,3072,0.8778,117.434
xe2,3b,8da4w,parent,sarc_dev_linear_dq8ca_coopmat_zpg_xe2bt_t128x128k64g84s16m8_texture3d_texture2d_half,2048,8192,3072,0.8757,117.713
xe2,3b,8da4w,parent,sarc_dev_linear_dq8ca_coopmat_zpg_xe2bt_t128x128k64g84s16m8_texture3d_texture2d_half,2048,3072,8192,0.9256,111.365
xe2,3b,8da4w,parent,sarc_dev_linear_dq8ca_coopmat_zpg_xe2bt_t128x128k64g84s16m8_texture3d_texture2d_half,2048,3072,3072,0.3251,118.9
xe2,3b,8da4w,parent,sarc_dev_linear_dq8ca_coopmat_zpg_xe2bt_t128x128k64g84s16m8_texture3d_texture2d_half,2048,1024,3072,0.1277,100.931
xe2,3b,8da4w,parent,sarc_dev_linear_dq8ca_coopmat_zpg_xe2bt_t128x128k64g84s16m8_texture3d_texture2d_half,2048,1024,3072,0.1263,102.054
xe2,3b,8da4w,parent,sarc_dev_linear_dq8ca_coopmat_zpg_xe2bt_t128x128k64g84s16m8_texture3d_texture2d_half,2048,3072,3072,0.3203,120.675
xe2,3b,8da4w,parent,sarc_dev_linear_dq8ca_coopmat_zpg_xe2bt_t128x128k64g84s16m8_texture3d_texture2d_half,2048,8192,3072,0.8858,116.373
xe2,3b,8da4w,parent,sarc_dev_linear_dq8ca_coopmat_zpg_xe2bt_t128x128k64g84s16m8_texture3d_texture2d_half,2048,8192,3072,0.8913,115.646
xe2,3b,8da4w,parent,sarc_dev_linear_dq8ca_coopmat_zpg_xe2bt_t128x128k64g84s16m8_texture3d_texture2d_half,2048,3072,8192,0.9203,112.007
xe2,3b,8da4w,parent,sarc_dev_linear_dq8ca_coopmat_zpg_xe2bt_t128x128k64g84s16m8_texture3d_texture2d_half,2048,3072,3072,0.3285,117.676
xe2,3b,8da4w,parent,sarc_dev_linear_dq8ca_coopmat_zpg_xe2bt_t128x128k64g84s16m8_texture3d_texture2d_half,2048,1024,3072,0.1301,99.035
xe2,3b,8da4w,parent,sarc_dev_linear_dq8ca_coopmat_zpg_xe2bt_t128x128k64g84s16m8_texture3d_texture2d_half,2048,1024,3072,0.1265,101.844
xe2,3b,8da4w,parent,sarc_dev_linear_dq8ca_coopmat_zpg_xe2bt_t128x128k64g84s16m8_texture3d_texture2d_half,2048,3072,3072,0.3243,119.185
xe2,3b,8da4w,parent,sarc_dev_linear_dq8ca_coopmat_zpg_xe2bt_t128x128k64g84s16m8_texture3d_texture2d_half,2048,8192,3072,0.8793,117.233
xe2,3b,8da4w,parent,sarc_dev_linear_dq8ca_coopmat_zpg_xe2bt_t128x128k64g84s16m8_texture3d_texture2d_half,2048,8192,3072,0.8549,120.57
xe2,3b,8da4w,parent,sarc_dev_linear_dq8ca_coopmat_zpg_xe2bt_t128x128k64g84s16m8_texture3d_texture2d_half,2048,3072,8192,0.9217,111.836
xe2,3b,8da4w,parent,sarc_dev_linear_dq8ca_coopmat_zpg_xe2bt_t128x128k64g84s16m8_texture3d_texture2d_half,2048,3072,3072,0.3205,120.597
xe2,3b,8da4w,parent,sarc_dev_linear_dq8ca_coopmat_zpg_xe2bt_t128x128k64g84s16m8_texture3d_texture2d_half,2048,1024,3072,0.1271,101.344
xe2,3b,8da4w,parent,sarc_dev_linear_dq8ca_coopmat_zpg_xe2bt_t128x128k64g84s16m8_texture3d_texture2d_half,2048,1024,3072,0.1274,101.137
xe2,3b,8da4w,parent,sarc_dev_linear_dq8ca_coopmat_zpg_xe2bt_t128x128k64g84s16m8_texture3d_texture2d_half,2048,3072,3072,0.325,118.938
xe2,3b,8da4w,parent,sarc_dev_linear_dq8ca_coopmat_zpg_xe2bt_t128x128k64g84s16m8_texture3d_texture2d_half,2048,8192,3072,0.8828,116.763
xe2,3b,8da4w,parent,sarc_dev_linear_dq8ca_coopmat_zpg_xe2bt_t128x128k64g84s16m8_texture3d_texture2d_half,2048,8192,3072,0.8444,122.07
xe2,3b,8da4w,parent,sarc_dev_linear_dq8ca_coopmat_zpg_xe2bt_t128x128k64g84s16m8_texture3d_texture2d_half,2048,3072,8192,0.9312,110.693
xe2,3b,8da4w,parent,sarc_dev_linear_dq8ca_coopmat_zpg_xe2bt_t128x128k64g84s16m8_texture3d_texture2d_half,2048,3072,3072,0.328,117.863
xe2,3b,8da4w,parent,sarc_dev_linear_dq8ca_coopmat_zpg_xe2bt_t128x128k64g84s16m8_texture3d_texture2d_half,2048,1024,3072,0.1281,100.563
xe2,3b,8da4w,parent,sarc_dev_linear_dq8ca_coopmat_zpg_xe2bt_t128x128k64g84s16m8_texture3d_texture2d_half,2048,1024,3072,0.1266,101.76
xe2,3b,8da4w,parent,sarc_dev_linear_dq8ca_coopmat_zpg_xe2bt_t128x128k64g84s16m8_texture3d_texture2d_half,2048,3072,3072,0.3322,116.368
xe2,3b,8da4w,parent,sarc_dev_linear_dq8ca_coopmat_zpg_xe2bt_t128x128k64g84s16m8_texture3d_texture2d_half,2048,8192,3072,0.8532,120.813
xe2,3b,8da4w,parent,sarc_dev_linear_dq8ca_coopmat_zpg_xe2bt_t128x128k64g84s16m8_texture3d_texture2d_half,2048,8192,3072,0.8483,121.516
xe2,3b,8da4w,parent,sarc_dev_linear_dq8ca_coopmat_zpg_xe2bt_t128x128k64g84s16m8_texture3d_texture2d_half,2048,3072,8192,0.9487,108.654
xe2,3b,8da4w,parent,sarc_dev_linear_dq8ca_coopmat_zpg_xe2bt_t128x128k64g84s16m8_texture3d_texture2d_half,2048,3072,3072,0.3246,119.071
xe2,3b,8da4w,parent,sarc_dev_linear_dq8ca_coopmat_zpg_xe2bt_t128x128k64g84s16m8_texture3d_texture2d_half,2048,1024,3072,0.1284,100.359
xe2,3b,8da4w,parent,sarc_dev_linear_dq8ca_coopmat_zpg_xe2bt_t128x128k64g84s16m8_texture3d_texture2d_half,2048,1024,3072,0.1277,100.89
xe2,3b,8da4w,parent,sarc_dev_linear_dq8ca_coopmat_zpg_xe2bt_t128x128k64g84s16m8_texture3d_texture2d_half,2048,3072,3072,0.3291,117.453
xe2,3b,8da4w,parent,sarc_dev_linear_dq8ca_coopmat_zpg_xe2bt_t128x128k64g84s16m8_texture3d_texture2d_half,2048,8192,3072,0.8757,117.713
xe2,3b,8da4w,parent,sarc_dev_linear_dq8ca_coopmat_zpg_xe2bt_t128x128k64g84s16m8_texture3d_texture2d_half,2048,8192,3072,0.8505,121.197
xe2,3b,8da4w,parent,sarc_dev_linear_dq8ca_coopmat_zpg_xe2bt_t128x128k64g84s16m8_texture3d_texture2d_half,2048,3072,8192,0.9567,107.739
xe2,3b,8da4w,parent,sarc_dev_linear_dq8ca_coopmat_zpg_xe2bt_t128x128k64g84s16m8_texture3d_texture2d_half,2048,3072,3072,0.3208,120.48
xe2,3b,8da4w,parent,sarc_dev_linear_dq8ca_coopmat_zpg_xe2bt_t128x128k64g84s16m8_texture3d_texture2d_half,2048,1024,3072,0.1283,100.4
xe2,3b,8da4w,parent,sarc_dev_linear_dq8ca_coopmat_zpg_xe2bt_t128x128k64g84s16m8_texture3d_texture2d_half,2048,1024,3072,0.1262,102.096
xe2,3b,8da4w,parent,sarc_dev_linear_dq8ca_coopmat_zpg_xe2bt_t128x128k64g84s16m8_texture3d_texture2d_half,2048,3072,3072,0.3243,119.205
xe2,3b,8da4w,parent,sarc_dev_linear_dq8ca_coopmat_zpg_xe2bt_t128x128k64g84s16m8_texture3d_texture2d_half,2048,8192,3072,0.8728,118.106
xe2,3b,8da4w,parent,sarc_dev_linear_dq8ca_coopmat_zpg_xe2bt_t128x128k64g84s16m8_texture3d_texture2d_half,2048,8192,3072,0.8676,118.814
xe2,3b,8da4w,parent,sarc_dev_linear_dq8ca_coopmat_zpg_xe2bt_t128x128k64g84s16m8_texture3d_texture2d_half,2048,3072,8192,0.9158,112.56
xe2,3b,8da4w,parent,sarc_dev_linear_dq8ca_coopmat_zpg_xe2bt_t128x128k64g84s16m8_texture3d_texture2d_half,2048,3072,3072,0.322,120.032
xe2,3b,8da4w,parent,sarc_dev_linear_dq8ca_coopmat_zpg_xe2bt_t128x128k64g84s16m8_texture3d_texture2d_half,2048,1024,3072,0.1278,100.849
xe2,3b,8da4w,parent,sarc_dev_linear_dq8ca_coopmat_zpg_xe2bt_t128x128k64g84s16m8_texture3d_texture2d_half,2048,1024,3072,0.1275,101.096
xe2,3b,8da4w,parent,sarc_dev_linear_dq8ca_coopmat_zpg_xe2bt_t128x128k64g84s16m8_texture3d_texture2d_half,2048,3072,3072,0.3231,119.646
xe2,3b,8da4w,parent,sarc_dev_linear_dq8ca_coopmat_zpg_xe2bt_t128x128k64g84s16m8_texture3d_texture2d_half,2048,8192,3072,0.8748,117.825
xe2,3b,8da4w,parent,sarc_dev_linear_dq8ca_coopmat_zpg_xe2bt_t128x128k64g84s16m8_texture3d_texture2d_half,2048,8192,3072,0.8702,118.459
xe2,3b,8da4w,parent,sarc_dev_linear_dq8ca_coopmat_zpg_xe2bt_t128x128k64g84s16m8_texture3d_texture2d_half,2048,3072,8192,0.9297,110.879
xe2,3b,8da4w,parent,sarc_dev_linear_dq8ca_coopmat_zpg_xe2bt_t128x128k64g84s16m8_texture3d_texture2d_half,2048,3072,3072,0.32,120.793
xe2,3b,8da4w,parent,sarc_dev_linear_dq8ca_coopmat_zpg_xe2bt_t128x128k64g84s16m8_texture3d_texture2d_half,2048,1024,3072,0.1288,100.075
xe2,3b,8da4w,parent,sarc_dev_linear_dq8ca_coopmat_zpg_xe2bt_t128x128k64g84s16m8_texture3d_texture2d_half,2048,1024,3072,0.1267,101.677
xe2,3b,8da4w,parent,sarc_dev_linear_dq8ca_coopmat_zpg_xe2bt_t128x128k64g84s16m8_texture3d_texture2d_half,2048,3072,3072,0.3264,118.445
xe2,3b,8da4w,parent,sarc_dev_linear_dq8ca_coopmat_zpg_xe2bt_t128x128k64g84s16m8_texture3d_texture2d_half,2048,8192,3072,0.8946,115.223
xe2,3b,8da4w,parent,sarc_dev_linear_dq8ca_coopmat_zpg_xe2bt_t128x128k64g84s16m8_texture3d_texture2d_half,2048,8192,3072,0.864,119.307
xe2,3b,8da4w,parent,sarc_dev_linear_dq8ca_coopmat_zpg_xe2bt_t128x128k64g84s16m8_texture3d_texture2d_half,2048,3072,8192,0.9301,110.823
xe2,3b,8da4w,parent,sarc_dev_linear_dq8ca_coopmat_zpg_xe2bt_t128x128k64g84s16m8_texture3d_texture2d_half,2048,3072,3072,0.32,120.813
xe2,3b,8da4w,parent,sarc_dev_linear_dq8ca_coopmat_zpg_xe2bt_t128x128k64g84s16m8_texture3d_texture2d_half,2048,1024,3072,0.128,100.644
xe2,3b,8da4w,parent,sarc_dev_linear_dq8ca_coopmat_zpg_xe2bt_t128x128k64g84s16m8_texture3d_texture2d_half,2048,1024,3072,0.1267,101.677
xe2,3b,8da4w,parent,sarc_dev_linear_dq8ca_coopmat_zpg_xe2bt_t128x128k64g84s16m8_texture3d_texture2d_half,2048,3072,3072,0.3224,119.897
xe2,3b,8da4w,parent,sarc_dev_linear_dq8ca_coopmat_zpg_xe2bt_t128x128k64g84s16m8_texture3d_texture2d_half,2048,8192,3072,0.8859,116.352
xe2,3b,8da4w,parent,sarc_dev_linear_dq8ca_coopmat_zpg_xe2bt_t128x128k64g84s16m8_texture3d_texture2d_half,2048,8192,3072,0.8704,118.431
xe2,3b,8da4w,parent,sarc_dev_linear_dq8ca_coopmat_zpg_xe2bt_t128x128k64g84s16m8_texture3d_texture2d_half,2048,3072,8192,0.9265,111.252
xe2,3b,8da4w,parent,sarc_dev_linear_dq8ca_coopmat_zpg_xe2bt_t128x128k64g84s16m8_texture3d_texture2d_half,2048,3072,3072,0.3241,119.262
xe2,3b,8da4w,parent,sarc_dev_linear_dq8ca_coopmat_zpg_xe2bt_t128x128k64g84s16m8_texture3d_texture2d_half,2048,1024,3072,0.128,100.685
xe2,3b,8da4w,parent,sarc_dev_linear_dq8ca_coopmat_zpg_xe2bt_t128x128k64g84s16m8_texture3d_texture2d_half,2048,1024,3072,0.127,101.469
xe2,3b,8da4w,parent,sarc_dev_linear_dq8ca_coopmat_zpg_xe2bt_t128x128k64g84s16m8_texture3d_texture2d_half,2048,3072,3072,0.3226,119.819
xe2,3b,8da4w,parent,sarc_dev_linear_dq8ca_coopmat_zpg_xe2bt_t128x128k64g84s16m8_texture3d_texture2d_half,2048,8192,3072,0.8824,116.818
xe2,3b,8da4w,parent,sarc_dev_linear_dq8ca_coopmat_zpg_xe2bt_t128x128k64g84s16m8_texture3d_texture2d_half,2048,8192,3072,0.8544,120.643
xe2,3b,8da4w,parent,sarc_dev_linear_dq8ca_coopmat_zpg_xe2bt_t128x128k64g84s16m8_texture3d_texture2d_half,2048,3072,8192,0.9266,111.246
xe2,3b,8da4w,parent,sarc_dev_linear_dq8ca_coopmat_zpg_xe2bt_t128x128k64g84s16m8_texture3d_texture2d_half,2048,3072,3072,0.3225,119.877
xe2,3b,8da4w,parent,sarc_dev_linear_dq8ca_coopmat_zpg_xe2bt_t128x128k64g84s16m8_texture3d_texture2d_half,2048,1024,3072,0.128,100.644
xe2,3b,8da4w,parent,sarc_dev_linear_dq8ca_coopmat_zpg_xe2bt_t128x128k64g84s16m8_texture3d_texture2d_half,2048,1024,3072,0.126,102.222
xe2,3b,8da4w,parent,sarc_dev_linear_dq8ca_coopmat_zpg_xe2bt_t128x128k64g84s16m8_texture3d_texture2d_half,2048,3072,3072,0.3268,118.275
xe2,3b,8da4w,parent,sarc_dev_linear_dq8ca_coopmat_zpg_xe2bt_t128x128k64g84s16m8_texture3d_texture2d_half,2048,8192,3072,0.8595,119.935
xe2,3b,8da4w,parent,sarc_dev_linear_dq8ca_coopmat_zpg_xe2bt_t128x128k64g84s16m8_texture3d_texture2d_half,2048,8192,3072,0.8598,119.885
xe2,3b,8da4w,parent,sarc_dev_linear_dq8ca_coopmat_zpg_xe2bt_t128x128k64g84s16m8_texture3d_texture2d_half,2048,3072,8192,0.9199,112.051
xe2,3b,8da4w,parent,sarc_dev_linear_dq8ca_coopmat_zpg_xe2bt_t128x128k64g84s16m8_texture3d_texture2d_half,2048,3072,3072,0.3248,118.995
xe2,3b,8da4w,parent,sarc_dev_linear_dq8ca_coopmat_zpg_xe2bt_t128x128k64g84s16m8_texture3d_texture2d_half,2048,1024,3072,0.1284,100.318
xe2,3b,8da4w,parent,sarc_dev_linear_dq8ca_coopmat_zpg_xe2bt_t128x128k64g84s16m8_texture3d_texture2d_half,2048,1024,3072,0.1258,102.433
xe2,3b,8da4w,parent,sarc_dev_linear_dq8ca_coopmat_zpg_xe2bt_t128x128k64g84s16m8_texture3d_texture2d_half,2048,3072,3072,0.3254,118.786
xe2,3b,8da4w,parent,sarc_dev_linear_dq8ca_coopmat_zpg_xe2bt_t128x128k64g84s16m8_texture3d_texture2d_half,2048,8192,3072,0.8842,116.585
xe2,3b,8da4w,parent,sarc_dev_linear_dq8ca_coopmat_zpg_xe2bt_t128x128k64g84s16m8_texture3d_texture2d_half,2048,8192,3072,0.8628,119.473
xe2,3b,8da4w,parent,sarc_dev_linear_dq8ca_coopmat_zpg_xe2bt_t128x128k64g84s16m8_texture3d_texture2d_half,2048,3072,8192,0.9523,108.239
xe2,3b,8da4w,parent,sarc_dev_linear_dq8ca_coopmat_zpg_xe2bt_t128x128k64g84s16m8_texture3d_texture2d_half,2048,3072,3072,0.3243,119.185
xe2,3b,8da4w,parent,sarc_dev_linear_dq8ca_coopmat_zpg_xe2bt_t128x128k64g84s16m8_texture3d_texture2d_half,2048,1024,3072,0.1279,100.767
xe2,3b,8da4w,parent,sarc_dev_linear_dq8ca_coopmat_zpg_xe2bt_t128x128k64g84s16m8_texture3d_texture2d_half,2048,1024,3072,0.1267,101.677
xe2,3b,8da4w,parent,sarc_dev_linear_dq8ca_coopmat_zpg_xe2bt_t128x128k64g84s16m8_texture3d_texture2d_half,2048,3072,3072,0.325,118.938
xe2,3b,8da4w,parent,sarc_dev_linear_dq8ca_coopmat_zpg_xe2bt_t128x128k64g84s16m8_texture3d_texture2d_half,2048,8192,3072,0.8903,115.781
xe2,3b,8da4w,parent,sarc_dev_linear_dq8ca_coopmat_zpg_xe2bt_t128x128k64g84s16m8_texture3d_texture2d_half,2048,8192,3072,0.8547,120.607
xe2,3b,8da4w,parent,sarc_dev_linear_dq8ca_coopmat_zpg_xe2bt_t128x128k64g84s16m8_texture3d_texture2d_half,2048,3072,8192,0.9388,109.804
xe2,8b,4w,cand,sarc_linear_q4gsw_coopmat_sweep_t128x128k16g82s16m8flib_texture3d_texture2d_half,2048,4096,4096,1.0421,65.945
xe2,8b,4w,cand,sarc_linear_q4gsw_coopmat_sweep_t128x128k16g82s16m8flib_texture3d_texture2d_half,2048,1024,4096,0.2743,62.632
xe2,8b,4w,cand,sarc_linear_q4gsw_coopmat_sweep_t128x128k16g82s16m8flib_texture3d_texture2d_half,2048,1024,4096,0.2688,63.916
xe2,8b,4w,cand,sarc_linear_q4gsw_coopmat_sweep_t128x128k16g82s16m8flib_texture3d_texture2d_half,2048,4096,4096,1.0326,66.549
xe2,8b,4w,cand,sarc_linear_q4gsw_coopmat_sweep_t128x128k16g82s16m8flib_texture3d_texture2d_half,2048,14336,4096,3.6736,65.472
xe2,8b,4w,cand,sarc_linear_q4gsw_coopmat_sweep_t128x128k16g82s16m8flib_texture3d_texture2d_half,2048,14336,4096,3.6677,65.577
xe2,8b,4w,cand,sarc_linear_q4gsw_coopmat_sweep_t128x128k16g82s16m8flib_texture3d_texture2d_half,2048,4096,14336,3.5906,66.986
xe2,8b,4w,cand,sarc_linear_q4gsw_coopmat_sweep_t128x128k16g82s16m8flib_texture3d_texture2d_half,2048,4096,4096,1.0076,68.204
xe2,8b,4w,cand,sarc_linear_q4gsw_coopmat_sweep_t128x128k16g82s16m8flib_texture3d_texture2d_half,2048,1024,4096,0.2732,62.882
xe2,8b,4w,cand,sarc_linear_q4gsw_coopmat_sweep_t128x128k16g82s16m8flib_texture3d_texture2d_half,2048,1024,4096,0.2664,64.477
xe2,8b,4w,cand,sarc_linear_q4gsw_coopmat_sweep_t128x128k16g82s16m8flib_texture3d_texture2d_half,2048,4096,4096,0.9878,69.565
xe2,8b,4w,cand,sarc_linear_q4gsw_coopmat_sweep_t128x128k16g82s16m8flib_texture3d_texture2d_half,2048,14336,4096,3.6269,66.314
xe2,8b,4w,cand,sarc_linear_q4gsw_coopmat_sweep_t128x128k16g82s16m8flib_texture3d_texture2d_half,2048,14336,4096,3.6263,66.327
xe2,8b,4w,cand,sarc_linear_q4gsw_coopmat_sweep_t128x128k16g82s16m8flib_texture3d_texture2d_half,2048,4096,14336,3.6058,66.702
xe2,8b,4w,cand,sarc_linear_q4gsw_coopmat_sweep_t128x128k16g82s16m8flib_texture3d_texture2d_half,2048,4096,4096,1.0117,67.927
xe2,8b,4w,cand,sarc_linear_q4gsw_coopmat_sweep_t128x128k16g82s16m8flib_texture3d_texture2d_half,2048,1024,4096,0.2744,62.608
xe2,8b,4w,cand,sarc_linear_q4gsw_coopmat_sweep_t128x128k16g82s16m8flib_texture3d_texture2d_half,2048,1024,4096,0.2671,64.327
xe2,8b,4w,cand,sarc_linear_q4gsw_coopmat_sweep_t128x128k16g82s16m8flib_texture3d_texture2d_half,2048,4096,4096,1.0182,67.494
xe2,8b,4w,cand,sarc_linear_q4gsw_coopmat_sweep_t128x128k16g82s16m8flib_texture3d_texture2d_half,2048,14336,4096,3.6872,65.23
xe2,8b,4w,cand,sarc_linear_q4gsw_coopmat_sweep_t128x128k16g82s16m8flib_texture3d_texture2d_half,2048,14336,4096,3.6515,65.868
xe2,8b,4w,cand,sarc_linear_q4gsw_coopmat_sweep_t128x128k16g82s16m8flib_texture3d_texture2d_half,2048,4096,14336,3.6518,65.864
xe2,8b,4w,cand,sarc_linear_q4gsw_coopmat_sweep_t128x128k16g82s16m8flib_texture3d_texture2d_half,2048,4096,4096,1.0185,67.47
xe2,8b,4w,cand,sarc_linear_q4gsw_coopmat_sweep_t128x128k16g82s16m8flib_texture3d_texture2d_half,2048,1024,4096,0.2749,62.501
xe2,8b,4w,cand,sarc_linear_q4gsw_coopmat_sweep_t128x128k16g82s16m8flib_texture3d_texture2d_half,2048,1024,4096,0.268,64.115
xe2,8b,4w,cand,sarc_linear_q4gsw_coopmat_sweep_t128x128k16g82s16m8flib_texture3d_texture2d_half,2048,4096,4096,0.9901,69.408
xe2,8b,4w,cand,sarc_linear_q4gsw_coopmat_sweep_t128x128k16g82s16m8flib_texture3d_texture2d_half,2048,14336,4096,3.6263,66.327
xe2,8b,4w,cand,sarc_linear_q4gsw_coopmat_sweep_t128x128k16g82s16m8flib_texture3d_texture2d_half,2048,14336,4096,3.6677,65.577
xe2,8b,4w,cand,sarc_linear_q4gsw_coopmat_sweep_t128x128k16g82s16m8flib_texture3d_texture2d_half,2048,4096,14336,3.6402,66.074
xe2,8b,4w,cand,sarc_linear_q4gsw_coopmat_sweep_t128x128k16g82s16m8flib_texture3d_texture2d_half,2048,4096,4096,1.019,67.439
xe2,8b,4w,cand,sarc_linear_q4gsw_coopmat_sweep_t128x128k16g82s16m8flib_texture3d_texture2d_half,2048,1024,4096,0.2748,62.525
xe2,8b,4w,cand,sarc_linear_q4gsw_coopmat_sweep_t128x128k16g82s16m8flib_texture3d_texture2d_half,2048,1024,4096,0.2694,63.78
xe2,8b,4w,cand,sarc_linear_q4gsw_coopmat_sweep_t128x128k16g82s16m8flib_texture3d_texture2d_half,2048,4096,4096,1.0213,67.284
xe2,8b,4w,cand,sarc_linear_q4gsw_coopmat_sweep_t128x128k16g82s16m8flib_texture3d_texture2d_half,2048,14336,4096,3.7007,64.992
xe2,8b,4w,cand,sarc_linear_q4gsw_coopmat_sweep_t128x128k16g82s16m8flib_texture3d_texture2d_half,2048,14336,4096,3.6795,65.367
xe2,8b,4w,cand,sarc_linear_q4gsw_coopmat_sweep_t128x128k16g82s16m8flib_texture3d_texture2d_half,2048,4096,14336,3.7026,64.959
xe2,8b,4w,cand,sarc_linear_q4gsw_coopmat_sweep_t128x128k16g82s16m8flib_texture3d_texture2d_half,2048,4096,4096,1.0232,67.161
xe2,8b,4w,cand,sarc_linear_q4gsw_coopmat_sweep_t128x128k16g82s16m8flib_texture3d_texture2d_half,2048,1024,4096,0.2761,62.231
xe2,8b,4w,cand,sarc_linear_q4gsw_coopmat_sweep_t128x128k16g82s16m8flib_texture3d_texture2d_half,2048,1024,4096,0.2712,63.352
xe2,8b,4w,cand,sarc_linear_q4gsw_coopmat_sweep_t128x128k16g82s16m8flib_texture3d_texture2d_half,2048,4096,4096,1.0116,67.931
xe2,8b,4w,cand,sarc_linear_q4gsw_coopmat_sweep_t128x128k16g82s16m8flib_texture3d_texture2d_half,2048,14336,4096,3.6845,65.279
xe2,8b,4w,cand,sarc_linear_q4gsw_coopmat_sweep_t128x128k16g82s16m8flib_texture3d_texture2d_half,2048,14336,4096,3.6844,65.281
xe2,8b,4w,cand,sarc_linear_q4gsw_coopmat_sweep_t128x128k16g82s16m8flib_texture3d_texture2d_half,2048,4096,14336,3.6411,66.056
xe2,8b,4w,cand,sarc_linear_q4gsw_coopmat_sweep_t128x128k16g82s16m8flib_texture3d_texture2d_half,2048,4096,4096,1.0297,66.74
xe2,8b,4w,cand,sarc_linear_q4gsw_coopmat_sweep_t128x128k16g82s16m8flib_texture3d_texture2d_half,2048,1024,4096,0.2773,61.962
xe2,8b,4w,cand,sarc_linear_q4gsw_coopmat_sweep_t128x128k16g82s16m8flib_texture3d_texture2d_half,2048,1024,4096,0.2711,63.377
xe2,8b,4w,cand,sarc_linear_q4gsw_coopmat_sweep_t128x128k16g82s16m8flib_texture3d_texture2d_half,2048,4096,4096,1.0206,67.336
xe2,8b,4w,cand,sarc_linear_q4gsw_coopmat_sweep_t128x128k16g82s16m8flib_texture3d_texture2d_half,2048,14336,4096,3.7159,64.726
xe2,8b,4w,cand,sarc_linear_q4gsw_coopmat_sweep_t128x128k16g82s16m8flib_texture3d_texture2d_half,2048,14336,4096,3.7008,64.991
xe2,8b,4w,cand,sarc_linear_q4gsw_coopmat_sweep_t128x128k16g82s16m8flib_texture3d_texture2d_half,2048,4096,14336,3.6673,65.585
xe2,8b,4w,cand,sarc_linear_q4gsw_coopmat_sweep_t128x128k16g82s16m8flib_texture3d_texture2d_half,2048,4096,4096,1.0453,65.744
xe2,8b,4w,cand,sarc_linear_q4gsw_coopmat_sweep_t128x128k16g82s16m8flib_texture3d_texture2d_half,2048,1024,4096,0.2772,61.985
xe2,8b,4w,cand,sarc_linear_q4gsw_coopmat_sweep_t128x128k16g82s16m8flib_texture3d_texture2d_half,2048,1024,4096,0.2712,63.34
xe2,8b,4w,cand,sarc_linear_q4gsw_coopmat_sweep_t128x128k16g82s16m8flib_texture3d_texture2d_half,2048,4096,4096,1.0131,67.83
xe2,8b,4w,cand,sarc_linear_q4gsw_coopmat_sweep_t128x128k16g82s16m8flib_texture3d_texture2d_half,2048,14336,4096,3.7129,64.779
xe2,8b,4w,cand,sarc_linear_q4gsw_coopmat_sweep_t128x128k16g82s16m8flib_texture3d_texture2d_half,2048,14336,4096,3.7156,64.733
xe2,8b,4w,cand,sarc_linear_q4gsw_coopmat_sweep_t128x128k16g82s16m8flib_texture3d_texture2d_half,2048,4096,14336,3.6952,65.089
xe2,8b,4w,cand,sarc_linear_q4gsw_coopmat_sweep_t128x128k16g82s16m8flib_texture3d_texture2d_half,2048,4096,4096,1.0327,66.546
xe2,8b,4w,cand,sarc_linear_q4gsw_coopmat_sweep_t128x128k16g82s16m8flib_texture3d_texture2d_half,2048,1024,4096,0.2794,61.489
xe2,8b,4w,cand,sarc_linear_q4gsw_coopmat_sweep_t128x128k16g82s16m8flib_texture3d_texture2d_half,2048,1024,4096,0.2708,63.437
xe2,8b,4w,cand,sarc_linear_q4gsw_coopmat_sweep_t128x128k16g82s16m8flib_texture3d_texture2d_half,2048,4096,4096,1.018,67.508
xe2,8b,4w,cand,sarc_linear_q4gsw_coopmat_sweep_t128x128k16g82s16m8flib_texture3d_texture2d_half,2048,14336,4096,3.6885,65.207
xe2,8b,4w,cand,sarc_linear_q4gsw_coopmat_sweep_t128x128k16g82s16m8flib_texture3d_texture2d_half,2048,14336,4096,3.716,64.725
xe2,8b,4w,cand,sarc_linear_q4gsw_coopmat_sweep_t128x128k16g82s16m8flib_texture3d_texture2d_half,2048,4096,14336,3.6599,65.717
xe2,8b,4w,cand,sarc_linear_q4gsw_coopmat_sweep_t128x128k16g82s16m8flib_texture3d_texture2d_half,2048,4096,4096,1.0115,67.941
xe2,8b,4w,cand,sarc_linear_q4gsw_coopmat_sweep_t128x128k16g82s16m8flib_texture3d_texture2d_half,2048,1024,4096,0.2785,61.696
xe2,8b,4w,cand,sarc_linear_q4gsw_coopmat_sweep_t128x128k16g82s16m8flib_texture3d_texture2d_half,2048,1024,4096,0.2723,63.086
xe2,8b,4w,cand,sarc_linear_q4gsw_coopmat_sweep_t128x128k16g82s16m8flib_texture3d_texture2d_half,2048,4096,4096,1.0186,67.463
xe2,8b,4w,cand,sarc_linear_q4gsw_coopmat_sweep_t128x128k16g82s16m8flib_texture3d_texture2d_half,2048,14336,4096,3.7005,64.996
xe2,8b,4w,cand,sarc_linear_q4gsw_coopmat_sweep_t128x128k16g82s16m8flib_texture3d_texture2d_half,2048,14336,4096,3.6976,65.047
xe2,8b,4w,cand,sarc_linear_q4gsw_coopmat_sweep_t128x128k16g82s16m8flib_texture3d_texture2d_half,2048,4096,14336,3.6826,65.311
xe2,8b,4w,cand,sarc_linear_q4gsw_coopmat_sweep_t128x128k16g82s16m8flib_texture3d_texture2d_half,2048,4096,4096,1.0145,67.736
xe2,8b,4w,cand,sarc_linear_q4gsw_coopmat_sweep_t128x128k16g82s16m8flib_texture3d_texture2d_half,2048,1024,4096,0.279,61.581
xe2,8b,4w,cand,sarc_linear_q4gsw_coopmat_sweep_t128x128k16g82s16m8flib_texture3d_texture2d_half,2048,1024,4096,0.2924,58.755
xe2,8b,4w,cand,sarc_linear_q4gsw_coopmat_sweep_t128x128k16g82s16m8flib_texture3d_texture2d_half,2048,4096,4096,1.015,67.701
xe2,8b,4w,cand,sarc_linear_q4gsw_coopmat_sweep_t128x128k16g82s16m8flib_texture3d_texture2d_half,2048,14336,4096,3.709,64.847
xe2,8b,4w,cand,sarc_linear_q4gsw_coopmat_sweep_t128x128k16g82s16m8flib_texture3d_texture2d_half,2048,14336,4096,3.6799,65.36
xe2,8b,4w,cand,sarc_linear_q4gsw_coopmat_sweep_t128x128k16g82s16m8flib_texture3d_texture2d_half,2048,4096,14336,3.6789,65.378
xe2,8b,4w,cand,sarc_linear_q4gsw_coopmat_sweep_t128x128k16g82s16m8flib_texture3d_texture2d_half,2048,4096,4096,1.0272,66.899
xe2,8b,4w,cand,sarc_linear_q4gsw_coopmat_sweep_t128x128k16g82s16m8flib_texture3d_texture2d_half,2048,1024,4096,0.2783,61.742
xe2,8b,4w,cand,sarc_linear_q4gsw_coopmat_sweep_t128x128k16g82s16m8flib_texture3d_texture2d_half,2048,1024,4096,0.294,58.444
xe2,8b,4w,cand,sarc_linear_q4gsw_coopmat_sweep_t128x128k16g82s16m8flib_texture3d_texture2d_half,2048,4096,4096,1.0238,67.124
xe2,8b,4w,cand,sarc_linear_q4gsw_coopmat_sweep_t128x128k16g82s16m8flib_texture3d_texture2d_half,2048,14336,4096,3.7456,64.214
xe2,8b,4w,cand,sarc_linear_q4gsw_coopmat_sweep_t128x128k16g82s16m8flib_texture3d_texture2d_half,2048,14336,4096,3.7277,64.522
xe2,8b,4w,cand,sarc_linear_q4gsw_coopmat_sweep_t128x128k16g82s16m8flib_texture3d_texture2d_half,2048,4096,14336,3.7066,64.889
xe2,8b,4w,cand,sarc_linear_q4gsw_coopmat_sweep_t128x128k16g82s16m8flib_texture3d_texture2d_half,2048,4096,4096,1.0307,66.67
xe2,8b,4w,cand,sarc_linear_q4gsw_coopmat_sweep_t128x128k16g82s16m8flib_texture3d_texture2d_half,2048,1024,4096,0.3012,57.031
xe2,8b,4w,cand,sarc_linear_q4gsw_coopmat_sweep_t128x128k16g82s16m8flib_texture3d_texture2d_half,2048,1024,4096,0.2738,62.739
xe2,8b,4w,cand,sarc_linear_q4gsw_coopmat_sweep_t128x128k16g82s16m8flib_texture3d_texture2d_half,2048,4096,4096,1.0185,67.473
xe2,8b,4w,cand,sarc_linear_q4gsw_coopmat_sweep_t128x128k16g82s16m8flib_texture3d_texture2d_half,2048,14336,4096,3.7061,64.897
xe2,8b,4w,cand,sarc_linear_q4gsw_coopmat_sweep_t128x128k16g82s16m8flib_texture3d_texture2d_half,2048,14336,4096,3.7916,63.435
xe2,8b,4w,cand,sarc_linear_q4gsw_coopmat_sweep_t128x128k16g82s16m8flib_texture3d_texture2d_half,2048,4096,14336,3.7177,64.695
xe2,8b,4w,cand,sarc_linear_q4gsw_coopmat_sweep_t128x128k16g82s16m8flib_texture3d_texture2d_half,2048,4096,4096,1.0554,65.113
xe2,8b,4w,cand,sarc_linear_q4gsw_coopmat_sweep_t128x128k16g82s16m8flib_texture3d_texture2d_half,2048,1024,4096,0.2792,61.535
xe2,8b,4w,cand,sarc_linear_q4gsw_coopmat_sweep_t128x128k16g82s16m8flib_texture3d_texture2d_half,2048,1024,4096,0.2733,62.858
xe2,8b,4w,cand,sarc_linear_q4gsw_coopmat_sweep_t128x128k16g82s16m8flib_texture3d_texture2d_half,2048,4096,4096,1.0292,66.771
xe2,8b,4w,cand,sarc_linear_q4gsw_coopmat_sweep_t128x128k16g82s16m8flib_texture3d_texture2d_half,2048,14336,4096,3.7274,64.527
xe2,8b,4w,cand,sarc_linear_q4gsw_coopmat_sweep_t128x128k16g82s16m8flib_texture3d_texture2d_half,2048,14336,4096,3.7688,63.819
xe2,8b,4w,cand,sarc_linear_q4gsw_coopmat_sweep_t128x128k16g82s16m8flib_texture3d_texture2d_half,2048,4096,14336,3.7067,64.887
xe2,8b,4w,cand,sarc_linear_q4gsw_coopmat_sweep_t128x128k16g82s16m8flib_texture3d_texture2d_half,2048,4096,4096,1.0442,65.81
xe2,8b,4w,cand,sarc_linear_q4gsw_coopmat_sweep_t128x128k16g82s16m8flib_texture3d_texture2d_half,2048,1024,4096,0.279,61.57
xe2,8b,4w,cand,sarc_linear_q4gsw_coopmat_sweep_t128x128k16g82s16m8flib_texture3d_texture2d_half,2048,1024,4096,0.2737,62.763
xe2,8b,4w,cand,sarc_linear_q4gsw_coopmat_sweep_t128x128k16g82s16m8flib_texture3d_texture2d_half,2048,4096,4096,1.0427,65.905
xe2,8b,4w,cand,sarc_linear_q4gsw_coopmat_sweep_t128x128k16g82s16m8flib_texture3d_texture2d_half,2048,14336,4096,3.7369,64.363
xe2,8b,4w,cand,sarc_linear_q4gsw_coopmat_sweep_t128x128k16g82s16m8flib_texture3d_texture2d_half,2048,14336,4096,3.7459,64.208
xe2,8b,4w,cand,sarc_linear_q4gsw_coopmat_sweep_t128x128k16g82s16m8flib_texture3d_texture2d_half,2048,4096,14336,3.7017,64.976
xe2,8b,4w,cand,sarc_linear_q4gsw_coopmat_sweep_t128x128k16g82s16m8flib_texture3d_texture2d_half,2048,4096,4096,1.0385,66.172
xe2,8b,4w,cand,sarc_linear_q4gsw_coopmat_sweep_t128x128k16g82s16m8flib_texture3d_texture2d_half,2048,1024,4096,0.2794,61.478
xe2,8b,4w,cand,sarc_linear_q4gsw_coopmat_sweep_t128x128k16g82s16m8flib_texture3d_texture2d_half,2048,1024,4096,0.2734,62.846
xe2,8b,4w,cand,sarc_linear_q4gsw_coopmat_sweep_t128x128k16g82s16m8flib_texture3d_texture2d_half,2048,4096,4096,1.028,66.849
xe2,8b,4w,cand,sarc_linear_q4gsw_coopmat_sweep_t128x128k16g82s16m8flib_texture3d_texture2d_half,2048,14336,4096,3.7351,64.394
xe2,8b,4w,cand,sarc_linear_q4gsw_coopmat_sweep_t128x128k16g82s16m8flib_texture3d_texture2d_half,2048,14336,4096,3.7685,63.823
xe2,8b,4w,cand,sarc_linear_q4gsw_coopmat_sweep_t128x128k16g82s16m8flib_texture3d_texture2d_half,2048,4096,14336,3.7216,64.627
xe2,8b,4w,cand,sarc_linear_q4gsw_coopmat_sweep_t128x128k16g82s16m8flib_texture3d_texture2d_half,2048,4096,4096,1.0135,67.805
xe2,8b,4w,cand,sarc_linear_q4gsw_coopmat_sweep_t128x128k16g82s16m8flib_texture3d_texture2d_half,2048,1024,4096,0.2797,61.432
xe2,8b,4w,cand,sarc_linear_q4gsw_coopmat_sweep_t128x128k16g82s16m8flib_texture3d_texture2d_half,2048,1024,4096,0.2736,62.798
xe2,8b,4w,cand,sarc_linear_q4gsw_coopmat_sweep_t128x128k16g82s16m8flib_texture3d_texture2d_half,2048,4096,4096,1.0156,67.663
xe2,8b,4w,cand,sarc_linear_q4gsw_coopmat_sweep_t128x128k16g82s16m8flib_texture3d_texture2d_half,2048,14336,4096,3.7754,63.707
xe2,8b,4w,cand,sarc_linear_q4gsw_coopmat_sweep_t128x128k16g82s16m8flib_texture3d_texture2d_half,2048,14336,4096,3.7461,64.204
xe2,8b,4w,cand,sarc_linear_q4gsw_coopmat_sweep_t128x128k16g82s16m8flib_texture3d_texture2d_half,2048,4096,14336,3.688,65.216
xe2,8b,4w,cand,sarc_linear_q4gsw_coopmat_sweep_t128x128k16g82s16m8flib_texture3d_texture2d_half,2048,4096,4096,1.0166,67.597
xe2,8b,4w,cand,sarc_linear_q4gsw_coopmat_sweep_t128x128k16g82s16m8flib_texture3d_texture2d_half,2048,1024,4096,0.2793,61.501
xe2,8b,4w,cand,sarc_linear_q4gsw_coopmat_sweep_t128x128k16g82s16m8flib_texture3d_texture2d_half,2048,1024,4096,0.2912,58.997
xe2,8b,4w,cand,sarc_linear_q4gsw_coopmat_sweep_t128x128k16g82s16m8flib_texture3d_texture2d_half,2048,4096,4096,1.0142,67.757
xe2,8b,4w,cand,sarc_linear_q4gsw_coopmat_sweep_t128x128k16g82s16m8flib_texture3d_texture2d_half,2048,14336,4096,3.7316,64.455
xe2,8b,4w,cand,sarc_linear_q4gsw_coopmat_sweep_t128x128k16g82s16m8flib_texture3d_texture2d_half,2048,14336,4096,3.7281,64.515
xe2,8b,4w,cand,sarc_linear_q4gsw_coopmat_sweep_t128x128k16g82s16m8flib_texture3d_texture2d_half,2048,4096,14336,3.7185,64.682
xe2,8b,4w,cand,sarc_linear_q4gsw_coopmat_sweep_t128x128k16g82s16m8flib_texture3d_texture2d_half,2048,4096,4096,1.0172,67.556
xe2,8b,4w,cand,sarc_linear_q4gsw_coopmat_sweep_t128x128k16g82s16m8flib_texture3d_texture2d_half,2048,1024,4096,0.2791,61.558
xe2,8b,4w,cand,sarc_linear_q4gsw_coopmat_sweep_t128x128k16g82s16m8flib_texture3d_texture2d_half,2048,1024,4096,0.2739,62.715
xe2,8b,4w,cand,sarc_linear_q4gsw_coopmat_sweep_t128x128k16g82s16m8flib_texture3d_texture2d_half,2048,4096,4096,1.0233,67.154
xe2,8b,4w,cand,sarc_linear_q4gsw_coopmat_sweep_t128x128k16g82s16m8flib_texture3d_texture2d_half,2048,14336,4096,3.7404,64.303
xe2,8b,4w,cand,sarc_linear_q4gsw_coopmat_sweep_t128x128k16g82s16m8flib_texture3d_texture2d_half,2048,14336,4096,3.7244,64.578
xe2,8b,4w,cand,sarc_linear_q4gsw_coopmat_sweep_t128x128k16g82s16m8flib_texture3d_texture2d_half,2048,4096,14336,3.8151,63.044
xe2,8b,4w,cand,sarc_linear_q4gsw_coopmat_sweep_t128x128k16g82s16m8flib_texture3d_texture2d_half,2048,4096,4096,1.018,67.504
xe2,8b,4w,cand,sarc_linear_q4gsw_coopmat_sweep_t128x128k16g82s16m8flib_texture3d_texture2d_half,2048,1024,4096,0.2793,61.512
xe2,8b,4w,cand,sarc_linear_q4gsw_coopmat_sweep_t128x128k16g82s16m8flib_texture3d_texture2d_half,2048,1024,4096,0.2733,62.87
xe2,8b,4w,cand,sarc_linear_q4gsw_coopmat_sweep_t128x128k16g82s16m8flib_texture3d_texture2d_half,2048,4096,4096,1.0159,67.642
xe2,8b,4w,cand,sarc_linear_q4gsw_coopmat_sweep_t128x128k16g82s16m8flib_texture3d_texture2d_half,2048,14336,4096,3.727,64.533
xe2,8b,4w,cand,sarc_linear_q4gsw_coopmat_sweep_t128x128k16g82s16m8flib_texture3d_texture2d_half,2048,14336,4096,3.7465,64.198
xe2,8b,4w,cand,sarc_linear_q4gsw_coopmat_sweep_t128x128k16g82s16m8flib_texture3d_texture2d_half,2048,4096,14336,3.697,65.057
xe2,8b,4w,cand,sarc_linear_q4gsw_coopmat_sweep_t128x128k16g82s16m8flib_texture3d_texture2d_half,2048,4096,4096,1.0453,65.741
xe2,8b,4w,cand,sarc_linear_q4gsw_coopmat_sweep_t128x128k16g82s16m8flib_texture3d_texture2d_half,2048,1024,4096,0.2796,61.455
xe2,8b,4w,cand,sarc_linear_q4gsw_coopmat_sweep_t128x128k16g82s16m8flib_texture3d_texture2d_half,2048,1024,4096,0.2727,62.99
xe2,8b,4w,cand,sarc_linear_q4gsw_coopmat_sweep_t128x128k16g82s16m8flib_texture3d_texture2d_half,2048,4096,4096,1.038,66.206
xe2,8b,4w,cand,sarc_linear_q4gsw_coopmat_sweep_t128x128k16g82s16m8flib_texture3d_texture2d_half,2048,14336,4096,3.7528,64.091
xe2,8b,4w,cand,sarc_linear_q4gsw_coopmat_sweep_t128x128k16g82s16m8flib_texture3d_texture2d_half,2048,14336,4096,3.7343,64.407
xe2,8b,4w,cand,sarc_linear_q4gsw_coopmat_sweep_t128x128k16g82s16m8flib_texture3d_texture2d_half,2048,4096,14336,3.6723,65.494
xe2,8b,4w,cand,sarc_linear_q4gsw_coopmat_sweep_t128x128k16g82s16m8flib_texture3d_texture2d_half,2048,4096,4096,1.0344,66.435
xe2,8b,4w,cand,sarc_linear_q4gsw_coopmat_sweep_t128x128k16g82s16m8flib_texture3d_texture2d_half,2048,1024,4096,0.2794,61.489
xe2,8b,4w,cand,sarc_linear_q4gsw_coopmat_sweep_t128x128k16g82s16m8flib_texture3d_texture2d_half,2048,1024,4096,0.2734,62.834
xe2,8b,4w,cand,sarc_linear_q4gsw_coopmat_sweep_t128x128k16g82s16m8flib_texture3d_texture2d_half,2048,4096,4096,1.0448,65.774
xe2,8b,4w,cand,sarc_linear_q4gsw_coopmat_sweep_t128x128k16g82s16m8flib_texture3d_texture2d_half,2048,14336,4096,3.7697,63.803
xe2,8b,4w,cand,sarc_linear_q4gsw_coopmat_sweep_t128x128k16g82s16m8flib_texture3d_texture2d_half,2048,14336,4096,3.7763,63.691
xe2,8b,4w,cand,sarc_linear_q4gsw_coopmat_sweep_t128x128k16g82s16m8flib_texture3d_texture2d_half,2048,4096,14336,3.6747,65.453
xe2,8b,4w,cand,sarc_linear_q4gsw_coopmat_sweep_t128x128k16g82s16m8flib_texture3d_texture2d_half,2048,4096,4096,1.04,66.076
xe2,8b,4w,cand,sarc_linear_q4gsw_coopmat_sweep_t128x128k16g82s16m8flib_texture3d_texture2d_half,2048,1024,4096,0.28,61.364
xe2,8b,4w,cand,sarc_linear_q4gsw_coopmat_sweep_t128x128k16g82s16m8flib_texture3d_texture2d_half,2048,1024,4096,0.273,62.93
xe2,8b,4w,cand,sarc_linear_q4gsw_coopmat_sweep_t128x128k16g82s16m8flib_texture3d_texture2d_half,2048,4096,4096,1.0403,66.057
xe2,8b,4w,cand,sarc_linear_q4gsw_coopmat_sweep_t128x128k16g82s16m8flib_texture3d_texture2d_half,2048,14336,4096,3.727,64.534
xe2,8b,4w,cand,sarc_linear_q4gsw_coopmat_sweep_t128x128k16g82s16m8flib_texture3d_texture2d_half,2048,14336,4096,3.7735,63.739
xe2,8b,4w,cand,sarc_linear_q4gsw_coopmat_sweep_t128x128k16g82s16m8flib_texture3d_texture2d_half,2048,4096,14336,3.6522,65.856
xe2,8b,4w,cand,sarc_linear_q4gsw_coopmat_sweep_t128x128k16g82s16m8flib_texture3d_texture2d_half,2048,4096,4096,1.0135,67.805
xe2,8b,4w,cand,sarc_linear_q4gsw_coopmat_sweep_t128x128k16g82s16m8flib_texture3d_texture2d_half,2048,1024,4096,0.2804,61.273
xe2,8b,4w,cand,sarc_linear_q4gsw_coopmat_sweep_t128x128k16g82s16m8flib_texture3d_texture2d_half,2048,1024,4096,0.2749,62.501
xe2,8b,4w,cand,sarc_linear_q4gsw_coopmat_sweep_t128x128k16g82s16m8flib_texture3d_texture2d_half,2048,4096,4096,1.0187,67.456
xe2,8b,4w,cand,sarc_linear_q4gsw_coopmat_sweep_t128x128k16g82s16m8flib_texture3d_texture2d_half,2048,14336,4096,3.7453,64.219
xe2,8b,4w,cand,sarc_linear_q4gsw_coopmat_sweep_t128x128k16g82s16m8flib_texture3d_texture2d_half,2048,14336,4096,3.7455,64.215
xe2,8b,4w,cand,sarc_linear_q4gsw_coopmat_sweep_t128x128k16g82s16m8flib_texture3d_texture2d_half,2048,4096,14336,3.7015,64.978
xe2,8b,4w,cand,sarc_linear_q4gsw_coopmat_sweep_t128x128k16g82s16m8flib_texture3d_texture2d_half,2048,4096,4096,1.0216,67.267
xe2,8b,4w,cand,sarc_linear_q4gsw_coopmat_sweep_t128x128k16g82s16m8flib_texture3d_texture2d_half,2048,1024,4096,0.2786,61.661
xe2,8b,4w,cand,sarc_linear_q4gsw_coopmat_sweep_t128x128k16g82s16m8flib_texture3d_texture2d_half,2048,1024,4096,0.2946,58.32
xe2,8b,4w,cand,sarc_linear_q4gsw_coopmat_sweep_t128x128k16g82s16m8flib_texture3d_texture2d_half,2048,4096,4096,1.0168,67.584
xe2,8b,4w,cand,sarc_linear_q4gsw_coopmat_sweep_t128x128k16g82s16m8flib_texture3d_texture2d_half,2048,14336,4096,3.7455,64.216
xe2,8b,4w,cand,sarc_linear_q4gsw_coopmat_sweep_t128x128k16g82s16m8flib_texture3d_texture2d_half,2048,14336,4096,3.6915,65.155
xe2,8b,4w,cand,sarc_linear_q4gsw_coopmat_sweep_t128x128k16g82s16m8flib_texture3d_texture2d_half,2048,4096,14336,3.7177,64.696
xe2,8b,4w,cand,sarc_linear_q4gsw_coopmat_sweep_t128x128k16g82s16m8flib_texture3d_texture2d_half,2048,4096,4096,1.023,67.171
xe2,8b,4w,cand,sarc_linear_q4gsw_coopmat_sweep_t128x128k16g82s16m8flib_texture3d_texture2d_half,2048,1024,4096,0.2992,57.428
xe2,8b,4w,cand,sarc_linear_q4gsw_coopmat_sweep_t128x128k16g82s16m8flib_texture3d_texture2d_half,2048,1024,4096,0.2733,62.87
xe2,8b,4w,cand,sarc_linear_q4gsw_coopmat_sweep_t128x128k16g82s16m8flib_texture3d_texture2d_half,2048,4096,4096,1.0199,67.38
xe2,8b,4w,cand,sarc_linear_q4gsw_coopmat_sweep_t128x128k16g82s16m8flib_texture3d_texture2d_half,2048,14336,4096,3.7421,64.274
xe2,8b,4w,cand,sarc_linear_q4gsw_coopmat_sweep_t128x128k16g82s16m8flib_texture3d_texture2d_half,2048,14336,4096,3.7287,64.504
xe2,8b,4w,cand,sarc_linear_q4gsw_coopmat_sweep_t128x128k16g82s16m8flib_texture3d_texture2d_half,2048,4096,14336,3.7081,64.863
xe2,8b,4w,cand,sarc_linear_q4gsw_coopmat_sweep_t128x128k16g82s16m8flib_texture3d_texture2d_half,2048,4096,4096,1.0314,66.629
xe2,8b,4w,cand,sarc_linear_q4gsw_coopmat_sweep_t128x128k16g82s16m8flib_texture3d_texture2d_half,2048,1024,4096,0.2793,61.501
xe2,8b,4w,cand,sarc_linear_q4gsw_coopmat_sweep_t128x128k16g82s16m8flib_texture3d_texture2d_half,2048,1024,4096,0.2734,62.846
xe2,8b,4w,cand,sarc_linear_q4gsw_coopmat_sweep_t128x128k16g82s16m8flib_texture3d_texture2d_half,2048,4096,4096,1.0123,67.882
xe2,8b,4w,cand,sarc_linear_q4gsw_coopmat_sweep_t128x128k16g82s16m8flib_texture3d_texture2d_half,2048,14336,4096,3.7354,64.389
xe2,8b,4w,cand,sarc_linear_q4gsw_coopmat_sweep_t128x128k16g82s16m8flib_texture3d_texture2d_half,2048,14336,4096,3.7076,64.872
xe2,8b,4w,cand,sarc_linear_q4gsw_coopmat_sweep_t128x128k16g82s16m8flib_texture3d_texture2d_half,2048,4096,14336,3.6749,65.449
xe2,8b,4w,cand,sarc_linear_q4gsw_coopmat_sweep_t128x128k16g82s16m8flib_texture3d_texture2d_half,2048,4096,4096,1.0409,66.017
xe2,8b,4w,cand,sarc_linear_q4gsw_coopmat_sweep_t128x128k16g82s16m8flib_texture3d_texture2d_half,2048,1024,4096,0.2799,61.386
xe2,8b,4w,cand,sarc_linear_q4gsw_coopmat_sweep_t128x128k16g82s16m8flib_texture3d_texture2d_half,2048,1024,4096,0.2745,62.584
xe2,8b,4w,cand,sarc_linear_q4gsw_coopmat_sweep_t128x128k16g82s16m8flib_texture3d_texture2d_half,2048,4096,4096,1.0174,67.542
xe2,8b,4w,cand,sarc_linear_q4gsw_coopmat_sweep_t128x128k16g82s16m8flib_texture3d_texture2d_half,2048,14336,4096,3.7114,64.805
xe2,8b,4w,cand,sarc_linear_q4gsw_coopmat_sweep_t128x128k16g82s16m8flib_texture3d_texture2d_half,2048,14336,4096,3.7576,64.008
xe2,8b,4w,cand,sarc_linear_q4gsw_coopmat_sweep_t128x128k16g82s16m8flib_texture3d_texture2d_half,2048,4096,14336,3.7191,64.67
xe2,8b,4w,cand,sarc_linear_q4gsw_coopmat_sweep_t128x128k16g82s16m8flib_texture3d_texture2d_half,2048,4096,4096,1.0411,66.004
xe2,8b,4w,cand,sarc_linear_q4gsw_coopmat_sweep_t128x128k16g82s16m8flib_texture3d_texture2d_half,2048,1024,4096,0.2794,61.478
xe2,8b,4w,cand,sarc_linear_q4gsw_coopmat_sweep_t128x128k16g82s16m8flib_texture3d_texture2d_half,2048,1024,4096,0.2741,62.679
xe2,8b,4w,cand,sarc_linear_q4gsw_coopmat_sweep_t128x128k16g82s16m8flib_texture3d_texture2d_half,2048,4096,4096,1.0122,67.889
xe2,8b,4w,cand,sarc_linear_q4gsw_coopmat_sweep_t128x128k16g82s16m8flib_texture3d_texture2d_half,2048,14336,4096,3.7121,64.794
xe2,8b,4w,cand,sarc_linear_q4gsw_coopmat_sweep_t128x128k16g82s16m8flib_texture3d_texture2d_half,2048,14336,4096,3.7477,64.177
xe2,8b,4w,cand,sarc_linear_q4gsw_coopmat_sweep_t128x128k16g82s16m8flib_texture3d_texture2d_half,2048,4096,14336,3.7217,64.626
xe2,8b,4w,cand,sarc_linear_q4gsw_coopmat_sweep_t128x128k16g82s16m8flib_texture3d_texture2d_half,2048,4096,4096,1.0384,66.179
xe2,8b,4w,cand,sarc_linear_q4gsw_coopmat_sweep_t128x128k16g82s16m8flib_texture3d_texture2d_half,2048,1024,4096,0.2797,61.432
xe2,8b,4w,cand,sarc_linear_q4gsw_coopmat_sweep_t128x128k16g82s16m8flib_texture3d_texture2d_half,2048,1024,4096,0.2733,62.87
xe2,8b,4w,cand,sarc_linear_q4gsw_coopmat_sweep_t128x128k16g82s16m8flib_texture3d_texture2d_half,2048,4096,4096,1.0174,67.546
xe2,8b,4w,cand,sarc_linear_q4gsw_coopmat_sweep_t128x128k16g82s16m8flib_texture3d_texture2d_half,2048,14336,4096,3.712,64.795
xe2,8b,4w,cand,sarc_linear_q4gsw_coopmat_sweep_t128x128k16g82s16m8flib_texture3d_texture2d_half,2048,14336,4096,3.7303,64.477
xe2,8b,4w,cand,sarc_linear_q4gsw_coopmat_sweep_t128x128k16g82s16m8flib_texture3d_texture2d_half,2048,4096,14336,3.6996,65.012
xe2,8b,4w,cand,sarc_linear_q4gsw_coopmat_sweep_t128x128k16g82s16m8flib_texture3d_texture2d_half,2048,4096,4096,1.0429,65.895
xe2,8b,4w,cand,sarc_linear_q4gsw_coopmat_sweep_t128x128k16g82s16m8flib_texture3d_texture2d_half,2048,1024,4096,0.2799,61.386
xe2,8b,4w,cand,sarc_linear_q4gsw_coopmat_sweep_t128x128k16g82s16m8flib_texture3d_texture2d_half,2048,1024,4096,0.2735,62.822
xe2,8b,4w,cand,sarc_linear_q4gsw_coopmat_sweep_t128x128k16g82s16m8flib_texture3d_texture2d_half,2048,4096,4096,1.0334,66.499
xe2,8b,4w,cand,sarc_linear_q4gsw_coopmat_sweep_t128x128k16g82s16m8flib_texture3d_texture2d_half,2048,14336,4096,3.7545,64.062
xe2,8b,4w,cand,sarc_linear_q4gsw_coopmat_sweep_t128x128k16g82s16m8flib_texture3d_texture2d_half,2048,14336,4096,3.7714,63.775
xe2,8b,4w,cand,sarc_linear_q4gsw_coopmat_sweep_t128x128k16g82s16m8flib_texture3d_texture2d_half,2048,4096,14336,3.6679,65.574
xe2,8b,4w,cand,sarc_linear_q4gsw_coopmat_sweep_t128x128k16g82s16m8flib_texture3d_texture2d_half,2048,4096,4096,1.0166,67.597
xe2,8b,4w,cand,sarc_linear_q4gsw_coopmat_sweep_t128x128k16g82s16m8flib_texture3d_texture2d_half,2048,1024,4096,0.2798,61.409
xe2,8b,4w,cand,sarc_linear_q4gsw_coopmat_sweep_t128x128k16g82s16m8flib_texture3d_texture2d_half,2048,1024,4096,0.2734,62.846
xe2,8b,4w,cand,sarc_linear_q4gsw_coopmat_sweep_t128x128k16g82s16m8flib_texture3d_texture2d_half,2048,4096,4096,1.0211,67.301
xe2,8b,4w,cand,sarc_linear_q4gsw_coopmat_sweep_t128x128k16g82s16m8flib_texture3d_texture2d_half,2048,14336,4096,3.7682,63.828
xe2,8b,4w,cand,sarc_linear_q4gsw_coopmat_sweep_t128x128k16g82s16m8flib_texture3d_texture2d_half,2048,14336,4096,3.7203,64.65
xe2,8b,4w,cand,sarc_linear_q4gsw_coopmat_sweep_t128x128k16g82s16m8flib_texture3d_texture2d_half,2048,4096,14336,3.6838,65.291
xe2,8b,4w,parent,sarc_linear_q4gsw_coopmat_sweep_t128x128k16g82s16m8flib_texture3d_texture2d_half,2048,4096,4096,1.0164,67.608
xe2,8b,4w,parent,sarc_linear_q4gsw_coopmat_sweep_t128x128k16g82s16m8flib_texture3d_texture2d_half,2048,1024,4096,0.2672,64.289
xe2,8b,4w,parent,sarc_linear_q4gsw_coopmat_sweep_t128x128k16g82s16m8flib_texture3d_texture2d_half,2048,1024,4096,0.2594,66.235
xe2,8b,4w,parent,sarc_linear_q4gsw_coopmat_sweep_t128x128k16g82s16m8flib_texture3d_texture2d_half,2048,4096,4096,0.9958,69.009
xe2,8b,4w,parent,sarc_linear_q4gsw_coopmat_sweep_t128x128k16g82s16m8flib_texture3d_texture2d_half,2048,14336,4096,3.5122,68.481
xe2,8b,4w,parent,sarc_linear_q4gsw_coopmat_sweep_t128x128k16g82s16m8flib_texture3d_texture2d_half,2048,14336,4096,3.5314,68.108
xe2,8b,4w,parent,sarc_linear_q4gsw_coopmat_sweep_t128x128k16g82s16m8flib_texture3d_texture2d_half,2048,4096,14336,3.5053,68.616
xe2,8b,4w,parent,sarc_linear_q4gsw_coopmat_sweep_t128x128k16g82s16m8flib_texture3d_texture2d_half,2048,4096,4096,0.9574,71.779
xe2,8b,4w,parent,sarc_linear_q4gsw_coopmat_sweep_t128x128k16g82s16m8flib_texture3d_texture2d_half,2048,1024,4096,0.285,60.278
xe2,8b,4w,parent,sarc_linear_q4gsw_coopmat_sweep_t128x128k16g82s16m8flib_texture3d_texture2d_half,2048,1024,4096,0.2586,66.435
xe2,8b,4w,parent,sarc_linear_q4gsw_coopmat_sweep_t128x128k16g82s16m8flib_texture3d_texture2d_half,2048,4096,4096,0.9617,71.453
xe2,8b,4w,parent,sarc_linear_q4gsw_coopmat_sweep_t128x128k16g82s16m8flib_texture3d_texture2d_half,2048,14336,4096,3.5032,68.656
xe2,8b,4w,parent,sarc_linear_q4gsw_coopmat_sweep_t128x128k16g82s16m8flib_texture3d_texture2d_half,2048,14336,4096,3.5375,67.991
xe2,8b,4w,parent,sarc_linear_q4gsw_coopmat_sweep_t128x128k16g82s16m8flib_texture3d_texture2d_half,2048,4096,14336,3.4989,68.742
xe2,8b,4w,parent,sarc_linear_q4gsw_coopmat_sweep_t128x128k16g82s16m8flib_texture3d_texture2d_half,2048,4096,4096,0.9684,70.958
xe2,8b,4w,parent,sarc_linear_q4gsw_coopmat_sweep_t128x128k16g82s16m8flib_texture3d_texture2d_half,2048,1024,4096,0.2658,64.629
xe2,8b,4w,parent,sarc_linear_q4gsw_coopmat_sweep_t128x128k16g82s16m8flib_texture3d_texture2d_half,2048,1024,4096,0.2598,66.116
xe2,8b,4w,parent,sarc_linear_q4gsw_coopmat_sweep_t128x128k16g82s16m8flib_texture3d_texture2d_half,2048,4096,4096,0.9652,71.199
xe2,8b,4w,parent,sarc_linear_q4gsw_coopmat_sweep_t128x128k16g82s16m8flib_texture3d_texture2d_half,2048,14336,4096,3.5987,66.835
xe2,8b,4w,parent,sarc_linear_q4gsw_coopmat_sweep_t128x128k16g82s16m8flib_texture3d_texture2d_half,2048,14336,4096,3.5547,67.662
xe2,8b,4w,parent,sarc_linear_q4gsw_coopmat_sweep_t128x128k16g82s16m8flib_texture3d_texture2d_half,2048,4096,14336,3.539,67.962
xe2,8b,4w,parent,sarc_linear_q4gsw_coopmat_sweep_t128x128k16g82s16m8flib_texture3d_texture2d_half,2048,4096,4096,0.9803,70.104
xe2,8b,4w,parent,sarc_linear_q4gsw_coopmat_sweep_t128x128k16g82s16m8flib_texture3d_texture2d_half,2048,1024,4096,0.2694,63.768
xe2,8b,4w,parent,sarc_linear_q4gsw_coopmat_sweep_t128x128k16g82s16m8flib_texture3d_texture2d_half,2048,1024,4096,0.262,65.578
xe2,8b,4w,parent,sarc_linear_q4gsw_coopmat_sweep_t128x128k16g82s16m8flib_texture3d_texture2d_half,2048,4096,4096,0.9747,70.5
xe2,8b,4w,parent,sarc_linear_q4gsw_coopmat_sweep_t128x128k16g82s16m8flib_texture3d_texture2d_half,2048,14336,4096,3.5623,67.518
xe2,8b,4w,parent,sarc_linear_q4gsw_coopmat_sweep_t128x128k16g82s16m8flib_texture3d_texture2d_half,2048,14336,4096,3.5939,66.923
xe2,8b,4w,parent,sarc_linear_q4gsw_coopmat_sweep_t128x128k16g82s16m8flib_texture3d_texture2d_half,2048,4096,14336,3.6522,65.856
xe2,8b,4w,parent,sarc_linear_q4gsw_coopmat_sweep_t128x128k16g82s16m8flib_texture3d_texture2d_half,2048,4096,4096,1.008,68.176
xe2,8b,4w,parent,sarc_linear_q4gsw_coopmat_sweep_t128x128k16g82s16m8flib_texture3d_texture2d_half,2048,1024,4096,0.2703,63.547
xe2,8b,4w,parent,sarc_linear_q4gsw_coopmat_sweep_t128x128k16g82s16m8flib_texture3d_texture2d_half,2048,1024,4096,0.2653,64.755
xe2,8b,4w,parent,sarc_linear_q4gsw_coopmat_sweep_t128x128k16g82s16m8flib_texture3d_texture2d_half,2048,4096,4096,1.002,68.583
xe2,8b,4w,parent,sarc_linear_q4gsw_coopmat_sweep_t128x128k16g82s16m8flib_texture3d_texture2d_half,2048,14336,4096,3.6285,66.286
xe2,8b,4w,parent,sarc_linear_q4gsw_coopmat_sweep_t128x128k16g82s16m8flib_texture3d_texture2d_half,2048,14336,4096,3.6581,65.75
xe2,8b,4w,parent,sarc_linear_q4gsw_coopmat_sweep_t128x128k16g82s16m8flib_texture3d_texture2d_half,2048,4096,14336,3.5985,66.839
xe2,8b,4w,parent,sarc_linear_q4gsw_coopmat_sweep_t128x128k16g82s16m8flib_texture3d_texture2d_half,2048,4096,4096,1.0078,68.19
xe2,8b,4w,parent,sarc_linear_q4gsw_coopmat_sweep_t128x128k16g82s16m8flib_texture3d_texture2d_half,2048,1024,4096,0.2718,63.207
xe2,8b,4w,parent,sarc_linear_q4gsw_coopmat_sweep_t128x128k16g82s16m8flib_texture3d_texture2d_half,2048,1024,4096,0.2667,64.427
xe2,8b,4w,parent,sarc_linear_q4gsw_coopmat_sweep_t128x128k16g82s16m8flib_texture3d_texture2d_half,2048,4096,4096,1.0131,67.833
xe2,8b,4w,parent,sarc_linear_q4gsw_coopmat_sweep_t128x128k16g82s16m8flib_texture3d_texture2d_half,2048,14336,4096,3.6565,65.779
xe2,8b,4w,parent,sarc_linear_q4gsw_coopmat_sweep_t128x128k16g82s16m8flib_texture3d_texture2d_half,2048,14336,4096,3.6411,66.056
xe2,8b,4w,parent,sarc_linear_q4gsw_coopmat_sweep_t128x128k16g82s16m8flib_texture3d_texture2d_half,2048,4096,14336,3.6241,66.367
xe2,8b,4w,parent,sarc_linear_q4gsw_coopmat_sweep_t128x128k16g82s16m8flib_texture3d_texture2d_half,2048,4096,4096,1.0208,67.322
xe2,8b,4w,parent,sarc_linear_q4gsw_coopmat_sweep_t128x128k16g82s16m8flib_texture3d_texture2d_half,2048,1024,4096,0.274,62.691
xe2,8b,4w,parent,sarc_linear_q4gsw_coopmat_sweep_t128x128k16g82s16m8flib_texture3d_texture2d_half,2048,1024,4096,0.2672,64.302
xe2,8b,4w,parent,sarc_linear_q4gsw_coopmat_sweep_t128x128k16g82s16m8flib_texture3d_texture2d_half,2048,4096,4096,1.0224,67.212
xe2,8b,4w,parent,sarc_linear_q4gsw_coopmat_sweep_t128x128k16g82s16m8flib_texture3d_texture2d_half,2048,14336,4096,3.6747,65.452
xe2,8b,4w,parent,sarc_linear_q4gsw_coopmat_sweep_t128x128k16g82s16m8flib_texture3d_texture2d_half,2048,14336,4096,3.6982,65.036
xe2,8b,4w,parent,sarc_linear_q4gsw_coopmat_sweep_t128x128k16g82s16m8flib_texture3d_texture2d_half,2048,4096,14336,3.6465,65.959
xe2,8b,4w,parent,sarc_linear_q4gsw_coopmat_sweep_t128x128k16g82s16m8flib_texture3d_texture2d_half,2048,4096,4096,1.0214,67.277
xe2,8b,4w,parent,sarc_linear_q4gsw_coopmat_sweep_t128x128k16g82s16m8flib_texture3d_texture2d_half,2048,1024,4096,0.2745,62.584
xe2,8b,4w,parent,sarc_linear_q4gsw_coopmat_sweep_t128x128k16g82s16m8flib_texture3d_texture2d_half,2048,1024,4096,0.2703,63.559
xe2,8b,4w,parent,sarc_linear_q4gsw_coopmat_sweep_t128x128k16g82s16m8flib_texture3d_texture2d_half,2048,4096,4096,1.0008,68.665
xe2,8b,4w,parent,sarc_linear_q4gsw_coopmat_sweep_t128x128k16g82s16m8flib_texture3d_texture2d_half,2048,14336,4096,3.6711,65.516
xe2,8b,4w,parent,sarc_linear_q4gsw_coopmat_sweep_t128x128k16g82s16m8flib_texture3d_texture2d_half,2048,14336,4096,3.6632,65.657
xe2,8b,4w,parent,sarc_linear_q4gsw_coopmat_sweep_t128x128k16g82s16m8flib_texture3d_texture2d_half,2048,4096,14336,3.6665,65.599
xe2,8b,4w,parent,sarc_linear_q4gsw_coopmat_sweep_t128x128k16g82s16m8flib_texture3d_texture2d_half,2048,4096,4096,1.0043,68.427
xe2,8b,4w,parent,sarc_linear_q4gsw_coopmat_sweep_t128x128k16g82s16m8flib_texture3d_texture2d_half,2048,1024,4096,0.2762,62.195
xe2,8b,4w,parent,sarc_linear_q4gsw_coopmat_sweep_t128x128k16g82s16m8flib_texture3d_texture2d_half,2048,1024,4096,0.2692,63.83
xe2,8b,4w,parent,sarc_linear_q4gsw_coopmat_sweep_t128x128k16g82s16m8flib_texture3d_texture2d_half,2048,4096,4096,1.0041,68.438
xe2,8b,4w,parent,sarc_linear_q4gsw_coopmat_sweep_t128x128k16g82s16m8flib_texture3d_texture2d_half,2048,14336,4096,3.6853,65.264
xe2,8b,4w,parent,sarc_linear_q4gsw_coopmat_sweep_t128x128k16g82s16m8flib_texture3d_texture2d_half,2048,14336,4096,3.7025,64.961
xe2,8b,4w,parent,sarc_linear_q4gsw_coopmat_sweep_t128x128k16g82s16m8flib_texture3d_texture2d_half,2048,4096,14336,3.6535,65.833
xe2,8b,4w,parent,sarc_linear_q4gsw_coopmat_sweep_t128x128k16g82s16m8flib_texture3d_texture2d_half,2048,4096,4096,1.0118,67.92
xe2,8b,4w,parent,sarc_linear_q4gsw_coopmat_sweep_t128x128k16g82s16m8flib_texture3d_texture2d_half,2048,1024,4096,0.2765,62.125
xe2,8b,4w,parent,sarc_linear_q4gsw_coopmat_sweep_t128x128k16g82s16m8flib_texture3d_texture2d_half,2048,1024,4096,0.2898,59.283
xe2,8b,4w,parent,sarc_linear_q4gsw_coopmat_sweep_t128x128k16g82s16m8flib_texture3d_texture2d_half,2048,4096,4096,1.0128,67.854
xe2,8b,4w,parent,sarc_linear_q4gsw_coopmat_sweep_t128x128k16g82s16m8flib_texture3d_texture2d_half,2048,14336,4096,3.6806,65.347
xe2,8b,4w,parent,sarc_linear_q4gsw_coopmat_sweep_t128x128k16g82s16m8flib_texture3d_texture2d_half,2048,14336,4096,3.6504,65.888
xe2,8b,4w,parent,sarc_linear_q4gsw_coopmat_sweep_t128x128k16g82s16m8flib_texture3d_texture2d_half,2048,4096,14336,3.6661,65.607
xe2,8b,4w,parent,sarc_linear_q4gsw_coopmat_sweep_t128x128k16g82s16m8flib_texture3d_texture2d_half,2048,4096,4096,1.0153,67.684
xe2,8b,4w,parent,sarc_linear_q4gsw_coopmat_sweep_t128x128k16g82s16m8flib_texture3d_texture2d_half,2048,1024,4096,0.277,62.032
xe2,8b,4w,parent,sarc_linear_q4gsw_coopmat_sweep_t128x128k16g82s16m8flib_texture3d_texture2d_half,2048,1024,4096,0.2711,63.377
xe2,8b,4w,parent,sarc_linear_q4gsw_coopmat_sweep_t128x128k16g82s16m8flib_texture3d_texture2d_half,2048,4096,4096,1.0045,68.409
xe2,8b,4w,parent,sarc_linear_q4gsw_coopmat_sweep_t128x128k16g82s16m8flib_texture3d_texture2d_half,2048,14336,4096,3.7134,64.771
xe2,8b,4w,parent,sarc_linear_q4gsw_coopmat_sweep_t128x128k16g82s16m8flib_texture3d_texture2d_half,2048,14336,4096,3.6674,65.584
xe2,8b,4w,parent,sarc_linear_q4gsw_coopmat_sweep_t128x128k16g82s16m8flib_texture3d_texture2d_half,2048,4096,14336,3.6519,65.861
xe2,8b,4w,parent,sarc_linear_q4gsw_coopmat_sweep_t128x128k16g82s16m8flib_texture3d_texture2d_half,2048,4096,4096,1.0175,67.535
xe2,8b,4w,parent,sarc_linear_q4gsw_coopmat_sweep_t128x128k16g82s16m8flib_texture3d_texture2d_half,2048,1024,4096,0.2981,57.638
xe2,8b,4w,parent,sarc_linear_q4gsw_coopmat_sweep_t128x128k16g82s16m8flib_texture3d_texture2d_half,2048,1024,4096,0.2715,63.279
xe2,8b,4w,parent,sarc_linear_q4gsw_coopmat_sweep_t128x128k16g82s16m8flib_texture3d_texture2d_half,2048,4096,4096,1.018,67.504
xe2,8b,4w,parent,sarc_linear_q4gsw_coopmat_sweep_t128x128k16g82s16m8flib_texture3d_texture2d_half,2048,14336,4096,3.6976,65.048
xe2,8b,4w,parent,sarc_linear_q4gsw_coopmat_sweep_t128x128k16g82s16m8flib_texture3d_texture2d_half,2048,14336,4096,3.6956,65.082
xe2,8b,4w,parent,sarc_linear_q4gsw_coopmat_sweep_t128x128k16g82s16m8flib_texture3d_texture2d_half,2048,4096,14336,3.7086,64.854
xe2,8b,4w,parent,sarc_linear_q4gsw_coopmat_sweep_t128x128k16g82s16m8flib_texture3d_texture2d_half,2048,4096,4096,1.0428,65.898
xe2,8b,4w,parent,sarc_linear_q4gsw_coopmat_sweep_t128x128k16g82s16m8flib_texture3d_texture2d_half,2048,1024,4096,0.2792,61.524
xe2,8b,4w,parent,sarc_linear_q4gsw_coopmat_sweep_t128x128k16g82s16m8flib_texture3d_texture2d_half,2048,1024,4096,0.2728,62.978
xe2,8b,4w,parent,sarc_linear_q4gsw_coopmat_sweep_t128x128k16g82s16m8flib_texture3d_texture2d_half,2048,4096,4096,1.0193,67.418
xe2,8b,4w,parent,sarc_linear_q4gsw_coopmat_sweep_t128x128k16g82s16m8flib_texture3d_texture2d_half,2048,14336,4096,3.6936,65.117
xe2,8b,4w,parent,sarc_linear_q4gsw_coopmat_sweep_t128x128k16g82s16m8flib_texture3d_texture2d_half,2048,14336,4096,3.7268,64.537
xe2,8b,4w,parent,sarc_linear_q4gsw_coopmat_sweep_t128x128k16g82s16m8flib_texture3d_texture2d_half,2048,4096,14336,3.712,64.795
xe2,8b,4w,parent,sarc_linear_q4gsw_coopmat_sweep_t128x128k16g82s16m8flib_texture3d_texture2d_half,2048,4096,4096,1.037,66.265
xe2,8b,4w,parent,sarc_linear_q4gsw_coopmat_sweep_t128x128k16g82s16m8flib_texture3d_texture2d_half,2048,1024,4096,0.2766,62.102
xe2,8b,4w,parent,sarc_linear_q4gsw_coopmat_sweep_t128x128k16g82s16m8flib_texture3d_texture2d_half,2048,1024,4096,0.271,63.389
xe2,8b,4w,parent,sarc_linear_q4gsw_coopmat_sweep_t128x128k16g82s16m8flib_texture3d_texture2d_half,2048,4096,4096,1.0049,68.384
xe2,8b,4w,parent,sarc_linear_q4gsw_coopmat_sweep_t128x128k16g82s16m8flib_texture3d_texture2d_half,2048,14336,4096,3.6929,65.129
xe2,8b,4w,parent,sarc_linear_q4gsw_coopmat_sweep_t128x128k16g82s16m8flib_texture3d_texture2d_half,2048,14336,4096,3.7089,64.849
xe2,8b,4w,parent,sarc_linear_q4gsw_coopmat_sweep_t128x128k16g82s16m8flib_texture3d_texture2d_half,2048,4096,14336,3.6744,65.458
xe2,8b,4w,parent,sarc_linear_q4gsw_coopmat_sweep_t128x128k16g82s16m8flib_texture3d_texture2d_half,2048,4096,4096,1.0329,66.532
xe2,8b,4w,parent,sarc_linear_q4gsw_coopmat_sweep_t128x128k16g82s16m8flib_texture3d_texture2d_half,2048,1024,4096,0.2768,62.055
xe2,8b,4w,parent,sarc_linear_q4gsw_coopmat_sweep_t128x128k16g82s16m8flib_texture3d_texture2d_half,2048,1024,4096,0.2713,63.316
xe2,8b,4w,parent,sarc_linear_q4gsw_coopmat_sweep_t128x128k16g82s16m8flib_texture3d_texture2d_half,2048,4096,4096,1.0107,67.994
xe2,8b,4w,parent,sarc_linear_q4gsw_coopmat_sweep_t128x128k16g82s16m8flib_texture3d_texture2d_half,2048,14336,4096,3.7653,63.878
xe2,8b,4w,parent,sarc_linear_q4gsw_coopmat_sweep_t128x128k16g82s16m8flib_texture3d_texture2d_half,2048,14336,4096,3.6987,65.029
xe2,8b,4w,parent,sarc_linear_q4gsw_coopmat_sweep_t128x128k16g82s16m8flib_texture3d_texture2d_half,2048,4096,14336,3.6825,65.313
xe2,8b,4w,parent,sarc_linear_q4gsw_coopmat_sweep_t128x128k16g82s16m8flib_texture3d_texture2d_half,2048,4096,4096,1.009,68.106
xe2,8b,4w,parent,sarc_linear_q4gsw_coopmat_sweep_t128x128k16g82s16m8flib_texture3d_texture2d_half,2048,1024,4096,0.2763,62.172
xe2,8b,4w,parent,sarc_linear_q4gsw_coopmat_sweep_t128x128k16g82s16m8flib_texture3d_texture2d_half,2048,1024,4096,0.2717,63.231
xe2,8b,4w,parent,sarc_linear_q4gsw_coopmat_sweep_t128x128k16g82s16m8flib_texture3d_texture2d_half,2048,4096,4096,1.0114,67.945
xe2,8b,4w,parent,sarc_linear_q4gsw_coopmat_sweep_t128x128k16g82s16m8flib_texture3d_texture2d_half,2048,14336,4096,3.7368,64.365
xe2,8b,4w,parent,sarc_linear_q4gsw_coopmat_sweep_t128x128k16g82s16m8flib_texture3d_texture2d_half,2048,14336,4096,3.6804,65.352
xe2,8b,4w,parent,sarc_linear_q4gsw_coopmat_sweep_t128x128k16g82s16m8flib_texture3d_texture2d_half,2048,4096,14336,3.6621,65.678
xe2,8b,4w,parent,sarc_linear_q4gsw_coopmat_sweep_t128x128k16g82s16m8flib_texture3d_texture2d_half,2048,4096,4096,1.0112,67.959
xe2,8b,4w,parent,sarc_linear_q4gsw_coopmat_sweep_t128x128k16g82s16m8flib_texture3d_texture2d_half,2048,1024,4096,0.2986,57.538
xe2,8b,4w,parent,sarc_linear_q4gsw_coopmat_sweep_t128x128k16g82s16m8flib_texture3d_texture2d_half,2048,1024,4096,0.2728,62.978
xe2,8b,4w,parent,sarc_linear_q4gsw_coopmat_sweep_t128x128k16g82s16m8flib_texture3d_texture2d_half,2048,4096,4096,1.0204,67.342
xe2,8b,4w,parent,sarc_linear_q4gsw_coopmat_sweep_t128x128k16g82s16m8flib_texture3d_texture2d_half,2048,14336,4096,3.7385,64.335
xe2,8b,4w,parent,sarc_linear_q4gsw_coopmat_sweep_t128x128k16g82s16m8flib_texture3d_texture2d_half,2048,14336,4096,3.7373,64.355
xe2,8b,4w,parent,sarc_linear_q4gsw_coopmat_sweep_t128x128k16g82s16m8flib_texture3d_texture2d_half,2048,4096,14336,3.708,64.865
xe2,8b,4w,parent,sarc_linear_q4gsw_coopmat_sweep_t128x128k16g82s16m8flib_texture3d_texture2d_half,2048,4096,4096,1.0385,66.169
xe2,8b,4w,parent,sarc_linear_q4gsw_coopmat_sweep_t128x128k16g82s16m8flib_texture3d_texture2d_half,2048,1024,4096,0.2794,61.489
xe2,8b,4w,parent,sarc_linear_q4gsw_coopmat_sweep_t128x128k16g82s16m8flib_texture3d_texture2d_half,2048,1024,4096,0.2738,62.739
xe2,8b,4w,parent,sarc_linear_q4gsw_coopmat_sweep_t128x128k16g82s16m8flib_texture3d_texture2d_half,2048,4096,4096,1.0329,66.529
xe2,8b,4w,parent,sarc_linear_q4gsw_coopmat_sweep_t128x128k16g82s16m8flib_texture3d_texture2d_half,2048,14336,4096,3.7162,64.722
xe2,8b,4w,parent,sarc_linear_q4gsw_coopmat_sweep_t128x128k16g82s16m8flib_texture3d_texture2d_half,2048,14336,4096,3.779,63.646
xe2,8b,4w,parent,sarc_linear_q4gsw_coopmat_sweep_t128x128k16g82s16m8flib_texture3d_texture2d_half,2048,4096,14336,3.7122,64.792
xe2,8b,4w,parent,sarc_linear_q4gsw_coopmat_sweep_t128x128k16g82s16m8flib_texture3d_texture2d_half,2048,4096,4096,1.0443,65.803
xe2,8b,4w,parent,sarc_linear_q4gsw_coopmat_sweep_t128x128k16g82s16m8flib_texture3d_texture2d_half,2048,1024,4096,0.2799,61.386
xe2,8b,4w,parent,sarc_linear_q4gsw_coopmat_sweep_t128x128k16g82s16m8flib_texture3d_texture2d_half,2048,1024,4096,0.2725,63.038
xe2,8b,4w,parent,sarc_linear_q4gsw_coopmat_sweep_t128x128k16g82s16m8flib_texture3d_texture2d_half,2048,4096,4096,1.0422,65.935
xe2,8b,4w,parent,sarc_linear_q4gsw_coopmat_sweep_t128x128k16g82s16m8flib_texture3d_texture2d_half,2048,14336,4096,3.7209,64.64
xe2,8b,4w,parent,sarc_linear_q4gsw_coopmat_sweep_t128x128k16g82s16m8flib_texture3d_texture2d_half,2048,14336,4096,3.7156,64.733
xe2,8b,4w,parent,sarc_linear_q4gsw_coopmat_sweep_t128x128k16g82s16m8flib_texture3d_texture2d_half,2048,4096,14336,3.7366,64.369
xe2,8b,4w,parent,sarc_linear_q4gsw_coopmat_sweep_t128x128k16g82s16m8flib_texture3d_texture2d_half,2048,4096,4096,1.0491,65.503
xe2,8b,4w,parent,sarc_linear_q4gsw_coopmat_sweep_t128x128k16g82s16m8flib_texture3d_texture2d_half,2048,1024,4096,0.2796,61.444
xe2,8b,4w,parent,sarc_linear_q4gsw_coopmat_sweep_t128x128k16g82s16m8flib_texture3d_texture2d_half,2048,1024,4096,0.2734,62.846
xe2,8b,4w,parent,sarc_linear_q4gsw_coopmat_sweep_t128x128k16g82s16m8flib_texture3d_texture2d_half,2048,4096,4096,1.0342,66.449
xe2,8b,4w,parent,sarc_linear_q4gsw_coopmat_sweep_t128x128k16g82s16m8flib_texture3d_texture2d_half,2048,14336,4096,3.7215,64.63
xe2,8b,4w,parent,sarc_linear_q4gsw_coopmat_sweep_t128x128k16g82s16m8flib_texture3d_texture2d_half,2048,14336,4096,3.7235,64.595
xe2,8b,4w,parent,sarc_linear_q4gsw_coopmat_sweep_t128x128k16g82s16m8flib_texture3d_texture2d_half,2048,4096,14336,3.6817,65.328
xe2,8b,4w,parent,sarc_linear_q4gsw_coopmat_sweep_t128x128k16g82s16m8flib_texture3d_texture2d_half,2048,4096,4096,1.0266,66.94
xe2,8b,4w,parent,sarc_linear_q4gsw_coopmat_sweep_t128x128k16g82s16m8flib_texture3d_texture2d_half,2048,1024,4096,0.2782,61.754
xe2,8b,4w,parent,sarc_linear_q4gsw_coopmat_sweep_t128x128k16g82s16m8flib_texture3d_texture2d_half,2048,1024,4096,0.274,62.691
xe2,8b,4w,parent,sarc_linear_q4gsw_coopmat_sweep_t128x128k16g82s16m8flib_texture3d_texture2d_half,2048,4096,4096,1.0288,66.794
xe2,8b,4w,parent,sarc_linear_q4gsw_coopmat_sweep_t128x128k16g82s16m8flib_texture3d_texture2d_half,2048,14336,4096,3.7789,63.647
xe2,8b,4w,parent,sarc_linear_q4gsw_coopmat_sweep_t128x128k16g82s16m8flib_texture3d_texture2d_half,2048,14336,4096,3.6855,65.261
xe2,8b,4w,parent,sarc_linear_q4gsw_coopmat_sweep_t128x128k16g82s16m8flib_texture3d_texture2d_half,2048,4096,14336,3.7309,64.466
xe2,8b,4w,parent,sarc_linear_q4gsw_coopmat_sweep_t128x128k16g82s16m8flib_texture3d_texture2d_half,2048,4096,4096,1.0258,66.994
xe2,8b,4w,parent,sarc_linear_q4gsw_coopmat_sweep_t128x128k16g82s16m8flib_texture3d_texture2d_half,2048,1024,4096,0.28,61.352
xe2,8b,4w,parent,sarc_linear_q4gsw_coopmat_sweep_t128x128k16g82s16m8flib_texture3d_texture2d_half,2048,1024,4096,0.2953,58.176
xe2,8b,4w,parent,sarc_linear_q4gsw_coopmat_sweep_t128x128k16g82s16m8flib_texture3d_texture2d_half,2048,4096,4096,1.023,67.171
xe2,8b,4w,parent,sarc_linear_q4gsw_coopmat_sweep_t128x128k16g82s16m8flib_texture3d_texture2d_half,2048,14336,4096,3.755,64.052
xe2,8b,4w,parent,sarc_linear_q4gsw_coopmat_sweep_t128x128k16g82s16m8flib_texture3d_texture2d_half,2048,14336,4096,3.7677,63.837
xe2,8b,4w,parent,sarc_linear_q4gsw_coopmat_sweep_t128x128k16g82s16m8flib_texture3d_texture2d_half,2048,4096,14336,3.6863,65.247
xe2,8b,4w,parent,sarc_linear_q4gsw_coopmat_sweep_t128x128k16g82s16m8flib_texture3d_texture2d_half,2048,4096,4096,1.0165,67.604
xe2,8b,4w,parent,sarc_linear_q4gsw_coopmat_sweep_t128x128k16g82s16m8flib_texture3d_texture2d_half,2048,1024,4096,0.2802,61.307
xe2,8b,4w,parent,sarc_linear_q4gsw_coopmat_sweep_t128x128k16g82s16m8flib_texture3d_texture2d_half,2048,1024,4096,0.2728,62.966
xe2,8b,4w,parent,sarc_linear_q4gsw_coopmat_sweep_t128x128k16g82s16m8flib_texture3d_texture2d_half,2048,4096,4096,1.0185,67.473
xe2,8b,4w,parent,sarc_linear_q4gsw_coopmat_sweep_t128x128k16g82s16m8flib_texture3d_texture2d_half,2048,14336,4096,3.7203,64.65
xe2,8b,4w,parent,sarc_linear_q4gsw_coopmat_sweep_t128x128k16g82s16m8flib_texture3d_texture2d_half,2048,14336,4096,3.7662,63.862
xe2,8b,4w,parent,sarc_linear_q4gsw_coopmat_sweep_t128x128k16g82s16m8flib_texture3d_texture2d_half,2048,4096,14336,3.6959,65.077
xe2,8b,4w,parent,sarc_linear_q4gsw_coopmat_sweep_t128x128k16g82s16m8flib_texture3d_texture2d_half,2048,4096,4096,1.0462,65.682
xe2,8b,4w,parent,sarc_linear_q4gsw_coopmat_sweep_t128x128k16g82s16m8flib_texture3d_texture2d_half,2048,1024,4096,0.2806,61.216
xe2,8b,4w,parent,sarc_linear_q4gsw_coopmat_sweep_t128x128k16g82s16m8flib_texture3d_texture2d_half,2048,1024,4096,0.2733,62.87
xe2,8b,4w,parent,sarc_linear_q4gsw_coopmat_sweep_t128x128k16g82s16m8flib_texture3d_texture2d_half,2048,4096,4096,1.0393,66.119
xe2,8b,4w,parent,sarc_linear_q4gsw_coopmat_sweep_t128x128k16g82s16m8flib_texture3d_texture2d_half,2048,14336,4096,3.7434,64.252
xe2,8b,4w,parent,sarc_linear_q4gsw_coopmat_sweep_t128x128k16g82s16m8flib_texture3d_texture2d_half,2048,14336,4096,3.7778,63.666
xe2,8b,4w,parent,sarc_linear_q4gsw_coopmat_sweep_t128x128k16g82s16m8flib_texture3d_texture2d_half,2048,4096,14336,3.6852,65.266
xe2,8b,4w,parent,sarc_linear_q4gsw_coopmat_sweep_t128x128k16g82s16m8flib_texture3d_texture2d_half,2048,4096,4096,1.0335,66.492
xe2,8b,4w,parent,sarc_linear_q4gsw_coopmat_sweep_t128x128k16g82s16m8flib_texture3d_texture2d_half,2048,1024,4096,0.2789,61.604
xe2,8b,4w,parent,sarc_linear_q4gsw_coopmat_sweep_t128x128k16g82s16m8flib_texture3d_texture2d_half,2048,1024,4096,0.2726,63.026
xe2,8b,4w,parent,sarc_linear_q4gsw_coopmat_sweep_t128x128k16g82s16m8flib_texture3d_texture2d_half,2048,4096,4096,1.0261,66.97
xe2,8b,4w,parent,sarc_linear_q4gsw_coopmat_sweep_t128x128k16g82s16m8flib_texture3d_texture2d_half,2048,14336,4096,3.7399,64.312
xe2,8b,4w,parent,sarc_linear_q4gsw_coopmat_sweep_t128x128k16g82s16m8flib_texture3d_texture2d_half,2048,14336,4096,3.7095,64.839
xe2,8b,4w,parent,sarc_linear_q4gsw_coopmat_sweep_t128x128k16g82s16m8flib_texture3d_texture2d_half,2048,4096,14336,3.7296,64.488
xe2,8b,4w,parent,sarc_linear_q4gsw_coopmat_sweep_t128x128k16g82s16m8flib_texture3d_texture2d_half,2048,4096,4096,1.019,67.435
xe2,8b,4w,parent,sarc_linear_q4gsw_coopmat_sweep_t128x128k16g82s16m8flib_texture3d_texture2d_half,2048,1024,4096,0.2786,61.673
xe2,8b,4w,parent,sarc_linear_q4gsw_coopmat_sweep_t128x128k16g82s16m8flib_texture3d_texture2d_half,2048,1024,4096,0.2735,62.822
xe2,8b,4w,parent,sarc_linear_q4gsw_coopmat_sweep_t128x128k16g82s16m8flib_texture3d_texture2d_half,2048,4096,4096,1.0167,67.594
xe2,8b,4w,parent,sarc_linear_q4gsw_coopmat_sweep_t128x128k16g82s16m8flib_texture3d_texture2d_half,2048,14336,4096,3.7321,64.446
xe2,8b,4w,parent,sarc_linear_q4gsw_coopmat_sweep_t128x128k16g82s16m8flib_texture3d_texture2d_half,2048,14336,4096,3.7396,64.317
xe2,8b,4w,parent,sarc_linear_q4gsw_coopmat_sweep_t128x128k16g82s16m8flib_texture3d_texture2d_half,2048,4096,14336,3.6873,65.228
xe2,8b,4w,parent,sarc_linear_q4gsw_coopmat_sweep_t128x128k16g82s16m8flib_texture3d_texture2d_half,2048,4096,4096,1.0131,67.83
xe2,8b,4w,parent,sarc_linear_q4gsw_coopmat_sweep_t128x128k16g82s16m8flib_texture3d_texture2d_half,2048,1024,4096,0.2801,61.341
xe2,8b,4w,parent,sarc_linear_q4gsw_coopmat_sweep_t128x128k16g82s16m8flib_texture3d_texture2d_half,2048,1024,4096,0.2944,58.351
xe2,8b,4w,parent,sarc_linear_q4gsw_coopmat_sweep_t128x128k16g82s16m8flib_texture3d_texture2d_half,2048,4096,4096,1.0159,67.642
xe2,8b,4w,parent,sarc_linear_q4gsw_coopmat_sweep_t128x128k16g82s16m8flib_texture3d_texture2d_half,2048,14336,4096,3.7624,63.927
xe2,8b,4w,parent,sarc_linear_q4gsw_coopmat_sweep_t128x128k16g82s16m8flib_texture3d_texture2d_half,2048,14336,4096,3.7089,64.849
xe2,8b,4w,parent,sarc_linear_q4gsw_coopmat_sweep_t128x128k16g82s16m8flib_texture3d_texture2d_half,2048,4096,14336,3.6811,65.338
xe2,8b,4w,parent,sarc_linear_q4gsw_coopmat_sweep_t128x128k16g82s16m8flib_texture3d_texture2d_half,2048,4096,4096,1.0223,67.223
xe2,8b,4w,parent,sarc_linear_q4gsw_coopmat_sweep_t128x128k16g82s16m8flib_texture3d_texture2d_half,2048,1024,4096,0.2989,57.478
xe2,8b,4w,parent,sarc_linear_q4gsw_coopmat_sweep_t128x128k16g82s16m8flib_texture3d_texture2d_half,2048,1024,4096,0.2734,62.834
xe2,8b,4w,parent,sarc_linear_q4gsw_coopmat_sweep_t128x128k16g82s16m8flib_texture3d_texture2d_half,2048,4096,4096,1.0172,67.556
xe2,8b,4w,parent,sarc_linear_q4gsw_coopmat_sweep_t128x128k16g82s16m8flib_texture3d_texture2d_half,2048,14336,4096,3.7069,64.884
xe2,8b,4w,parent,sarc_linear_q4gsw_coopmat_sweep_t128x128k16g82s16m8flib_texture3d_texture2d_half,2048,14336,4096,3.7594,63.977
xe2,8b,4w,parent,sarc_linear_q4gsw_coopmat_sweep_t128x128k16g82s16m8flib_texture3d_texture2d_half,2048,4096,14336,3.7093,64.842
xe2,8b,4w,parent,sarc_linear_q4gsw_coopmat_sweep_t128x128k16g82s16m8flib_texture3d_texture2d_half,2048,4096,4096,1.0347,66.415
xe2,8b,4w,parent,sarc_linear_q4gsw_coopmat_sweep_t128x128k16g82s16m8flib_texture3d_texture2d_half,2048,1024,4096,0.2791,61.558
xe2,8b,4w,parent,sarc_linear_q4gsw_coopmat_sweep_t128x128k16g82s16m8flib_texture3d_texture2d_half,2048,1024,4096,0.2739,62.727
xe2,8b,4w,parent,sarc_linear_q4gsw_coopmat_sweep_t128x128k16g82s16m8flib_texture3d_texture2d_half,2048,4096,4096,1.0309,66.66
xe2,8b,4w,parent,sarc_linear_q4gsw_coopmat_sweep_t128x128k16g82s16m8flib_texture3d_texture2d_half,2048,14336,4096,3.7295,64.491
xe2,8b,4w,parent,sarc_linear_q4gsw_coopmat_sweep_t128x128k16g82s16m8flib_texture3d_texture2d_half,2048,14336,4096,3.779,63.646
xe2,8b,4w,parent,sarc_linear_q4gsw_coopmat_sweep_t128x128k16g82s16m8flib_texture3d_texture2d_half,2048,4096,14336,3.6964,65.068
xe2,8b,4w,parent,sarc_linear_q4gsw_coopmat_sweep_t128x128k16g82s16m8flib_texture3d_texture2d_half,2048,4096,4096,1.0453,65.741
xe2,8b,4w,parent,sarc_linear_q4gsw_coopmat_sweep_t128x128k16g82s16m8flib_texture3d_texture2d_half,2048,1024,4096,0.2791,61.558
xe2,8b,4w,parent,sarc_linear_q4gsw_coopmat_sweep_t128x128k16g82s16m8flib_texture3d_texture2d_half,2048,1024,4096,0.2727,63.002
xe2,8b,4w,parent,sarc_linear_q4gsw_coopmat_sweep_t128x128k16g82s16m8flib_texture3d_texture2d_half,2048,4096,4096,1.0276,66.872
xe2,8b,4w,parent,sarc_linear_q4gsw_coopmat_sweep_t128x128k16g82s16m8flib_texture3d_texture2d_half,2048,14336,4096,3.7279,64.518
xe2,8b,4w,parent,sarc_linear_q4gsw_coopmat_sweep_t128x128k16g82s16m8flib_texture3d_texture2d_half,2048,14336,4096,3.7685,63.823
xe2,8b,4w,parent,sarc_linear_q4gsw_coopmat_sweep_t128x128k16g82s16m8flib_texture3d_texture2d_half,2048,4096,14336,3.6636,65.652
xe2,8b,4w,parent,sarc_linear_q4gsw_coopmat_sweep_t128x128k16g82s16m8flib_texture3d_texture2d_half,2048,4096,4096,1.0485,65.539
xe2,8b,4w,parent,sarc_linear_q4gsw_coopmat_sweep_t128x128k16g82s16m8flib_texture3d_texture2d_half,2048,1024,4096,0.2798,61.409
xe2,8b,4w,parent,sarc_linear_q4gsw_coopmat_sweep_t128x128k16g82s16m8flib_texture3d_texture2d_half,2048,1024,4096,0.2725,63.05
xe2,8b,4w,parent,sarc_linear_q4gsw_coopmat_sweep_t128x128k16g82s16m8flib_texture3d_texture2d_half,2048,4096,4096,1.0247,67.066
xe2,8b,4w,parent,sarc_linear_q4gsw_coopmat_sweep_t128x128k16g82s16m8flib_texture3d_texture2d_half,2048,14336,4096,3.7693,63.81
xe2,8b,4w,parent,sarc_linear_q4gsw_coopmat_sweep_t128x128k16g82s16m8flib_texture3d_texture2d_half,2048,14336,4096,3.6879,65.218
xe2,8b,4w,parent,sarc_linear_q4gsw_coopmat_sweep_t128x128k16g82s16m8flib_texture3d_texture2d_half,2048,4096,14336,3.6977,65.046
xe2,8b,4w,parent,sarc_linear_q4gsw_coopmat_sweep_t128x128k16g82s16m8flib_texture3d_texture2d_half,2048,4096,4096,1.0261,66.97
xe2,8b,4w,parent,sarc_linear_q4gsw_coopmat_sweep_t128x128k16g82s16m8flib_texture3d_texture2d_half,2048,1024,4096,0.2792,61.535
xe2,8b,4w,parent,sarc_linear_q4gsw_coopmat_sweep_t128x128k16g82s16m8flib_texture3d_texture2d_half,2048,1024,4096,0.2937,58.495
xe2,8b,4w,parent,sarc_linear_q4gsw_coopmat_sweep_t128x128k16g82s16m8flib_texture3d_texture2d_half,2048,4096,4096,1.0242,67.096
xe2,8b,4w,parent,sarc_linear_q4gsw_coopmat_sweep_t128x128k16g82s16m8flib_texture3d_texture2d_half,2048,14336,4096,3.754,64.07
xe2,8b,4w,parent,sarc_linear_q4gsw_coopmat_sweep_t128x128k16g82s16m8flib_texture3d_texture2d_half,2048,14336,4096,3.7275,64.525
xe2,8b,4w,parent,sarc_linear_q4gsw_coopmat_sweep_t128x128k16g82s16m8flib_texture3d_texture2d_half,2048,4096,14336,3.6866,65.24
xe2,8b,8da4w,cand,sarc_dev_linear_dq8ca_coopmat_zpg_xe2bt_t128x128k64g84s16m8_texture3d_texture2d_half,2048,4096,4096,0.6728,102.143
xe2,8b,8da4w,cand,sarc_dev_linear_dq8ca_coopmat_zpg_xe2bt_t128x128k64g84s16m8_texture3d_texture2d_half,2048,1024,4096,0.1776,96.744
xe2,8b,8da4w,cand,sarc_dev_linear_dq8ca_coopmat_zpg_xe2bt_t128x128k64g84s16m8_texture3d_texture2d_half,2048,1024,4096,0.1704,100.818
xe2,8b,8da4w,cand,sarc_dev_linear_dq8ca_coopmat_zpg_xe2bt_t128x128k64g84s16m8_texture3d_texture2d_half,2048,4096,4096,0.6086,112.922
xe2,8b,8da4w,cand,sarc_dev_linear_dq8ca_coopmat_zpg_xe2bt_t128x128k64g84s16m8_texture3d_texture2d_half,2048,14336,4096,2.2238,108.157
xe2,8b,8da4w,cand,sarc_dev_linear_dq8ca_coopmat_zpg_xe2bt_t128x128k64g84s16m8_texture3d_texture2d_half,2048,14336,4096,2.189,109.874
xe2,8b,8da4w,cand,sarc_dev_linear_dq8ca_coopmat_zpg_xe2bt_t128x128k64g84s16m8_texture3d_texture2d_half,2048,4096,14336,2.5083,95.89
xe2,8b,8da4w,cand,sarc_dev_linear_dq8ca_coopmat_zpg_xe2bt_t128x128k64g84s16m8_texture3d_texture2d_half,2048,4096,4096,0.6065,113.3
xe2,8b,8da4w,cand,sarc_dev_linear_dq8ca_coopmat_zpg_xe2bt_t128x128k64g84s16m8_texture3d_texture2d_half,2048,1024,4096,0.1701,101.003
xe2,8b,8da4w,cand,sarc_dev_linear_dq8ca_coopmat_zpg_xe2bt_t128x128k64g84s16m8_texture3d_texture2d_half,2048,1024,4096,0.1597,107.546
xe2,8b,8da4w,cand,sarc_dev_linear_dq8ca_coopmat_zpg_xe2bt_t128x128k64g84s16m8_texture3d_texture2d_half,2048,4096,4096,0.6118,112.327
xe2,8b,8da4w,cand,sarc_dev_linear_dq8ca_coopmat_zpg_xe2bt_t128x128k64g84s16m8_texture3d_texture2d_half,2048,14336,4096,2.2492,106.935
xe2,8b,8da4w,cand,sarc_dev_linear_dq8ca_coopmat_zpg_xe2bt_t128x128k64g84s16m8_texture3d_texture2d_half,2048,14336,4096,2.1976,109.447
xe2,8b,8da4w,cand,sarc_dev_linear_dq8ca_coopmat_zpg_xe2bt_t128x128k64g84s16m8_texture3d_texture2d_half,2048,4096,14336,2.5577,94.038
xe2,8b,8da4w,cand,sarc_dev_linear_dq8ca_coopmat_zpg_xe2bt_t128x128k64g84s16m8_texture3d_texture2d_half,2048,4096,4096,0.6086,112.913
xe2,8b,8da4w,cand,sarc_dev_linear_dq8ca_coopmat_zpg_xe2bt_t128x128k64g84s16m8_texture3d_texture2d_half,2048,1024,4096,0.17,101.034
xe2,8b,8da4w,cand,sarc_dev_linear_dq8ca_coopmat_zpg_xe2bt_t128x128k64g84s16m8_texture3d_texture2d_half,2048,1024,4096,0.1592,107.933
xe2,8b,8da4w,cand,sarc_dev_linear_dq8ca_coopmat_zpg_xe2bt_t128x128k64g84s16m8_texture3d_texture2d_half,2048,4096,4096,0.6197,110.885
xe2,8b,8da4w,cand,sarc_dev_linear_dq8ca_coopmat_zpg_xe2bt_t128x128k64g84s16m8_texture3d_texture2d_half,2048,14336,4096,2.1863,110.009
xe2,8b,8da4w,cand,sarc_dev_linear_dq8ca_coopmat_zpg_xe2bt_t128x128k64g84s16m8_texture3d_texture2d_half,2048,14336,4096,2.239,107.421
xe2,8b,8da4w,cand,sarc_dev_linear_dq8ca_coopmat_zpg_xe2bt_t128x128k64g84s16m8_texture3d_texture2d_half,2048,4096,14336,2.5788,93.268
xe2,8b,8da4w,cand,sarc_dev_linear_dq8ca_coopmat_zpg_xe2bt_t128x128k64g84s16m8_texture3d_texture2d_half,2048,4096,4096,0.6016,114.23
xe2,8b,8da4w,cand,sarc_dev_linear_dq8ca_coopmat_zpg_xe2bt_t128x128k64g84s16m8_texture3d_texture2d_half,2048,1024,4096,0.1694,101.406
xe2,8b,8da4w,cand,sarc_dev_linear_dq8ca_coopmat_zpg_xe2bt_t128x128k64g84s16m8_texture3d_texture2d_half,2048,1024,4096,0.1668,103.019
xe2,8b,8da4w,cand,sarc_dev_linear_dq8ca_coopmat_zpg_xe2bt_t128x128k64g84s16m8_texture3d_texture2d_half,2048,4096,4096,0.6025,114.063
xe2,8b,8da4w,cand,sarc_dev_linear_dq8ca_coopmat_zpg_xe2bt_t128x128k64g84s16m8_texture3d_texture2d_half,2048,14336,4096,2.1947,109.59
xe2,8b,8da4w,cand,sarc_dev_linear_dq8ca_coopmat_zpg_xe2bt_t128x128k64g84s16m8_texture3d_texture2d_half,2048,14336,4096,2.1914,109.756
xe2,8b,8da4w,cand,sarc_dev_linear_dq8ca_coopmat_zpg_xe2bt_t128x128k64g84s16m8_texture3d_texture2d_half,2048,4096,14336,2.4929,96.48
xe2,8b,8da4w,cand,sarc_dev_linear_dq8ca_coopmat_zpg_xe2bt_t128x128k64g84s16m8_texture3d_texture2d_half,2048,4096,4096,0.5891,116.65
xe2,8b,8da4w,cand,sarc_dev_linear_dq8ca_coopmat_zpg_xe2bt_t128x128k64g84s16m8_texture3d_texture2d_half,2048,1024,4096,0.1691,101.625
xe2,8b,8da4w,cand,sarc_dev_linear_dq8ca_coopmat_zpg_xe2bt_t128x128k64g84s16m8_texture3d_texture2d_half,2048,1024,4096,0.1662,103.341
xe2,8b,8da4w,cand,sarc_dev_linear_dq8ca_coopmat_zpg_xe2bt_t128x128k64g84s16m8_texture3d_texture2d_half,2048,4096,4096,0.6,114.527
xe2,8b,8da4w,cand,sarc_dev_linear_dq8ca_coopmat_zpg_xe2bt_t128x128k64g84s16m8_texture3d_texture2d_half,2048,14336,4096,2.2029,109.184
xe2,8b,8da4w,cand,sarc_dev_linear_dq8ca_coopmat_zpg_xe2bt_t128x128k64g84s16m8_texture3d_texture2d_half,2048,14336,4096,2.1869,109.981
xe2,8b,8da4w,cand,sarc_dev_linear_dq8ca_coopmat_zpg_xe2bt_t128x128k64g84s16m8_texture3d_texture2d_half,2048,4096,14336,2.5668,93.705
xe2,8b,8da4w,cand,sarc_dev_linear_dq8ca_coopmat_zpg_xe2bt_t128x128k64g84s16m8_texture3d_texture2d_half,2048,4096,4096,0.5958,115.347
xe2,8b,8da4w,cand,sarc_dev_linear_dq8ca_coopmat_zpg_xe2bt_t128x128k64g84s16m8_texture3d_texture2d_half,2048,1024,4096,0.1681,102.222
xe2,8b,8da4w,cand,sarc_dev_linear_dq8ca_coopmat_zpg_xe2bt_t128x128k64g84s16m8_texture3d_texture2d_half,2048,1024,4096,0.1665,103.18
xe2,8b,8da4w,cand,sarc_dev_linear_dq8ca_coopmat_zpg_xe2bt_t128x128k64g84s16m8_texture3d_texture2d_half,2048,4096,4096,0.5984,114.836
xe2,8b,8da4w,cand,sarc_dev_linear_dq8ca_coopmat_zpg_xe2bt_t128x128k64g84s16m8_texture3d_texture2d_half,2048,14336,4096,2.2195,108.365
xe2,8b,8da4w,cand,sarc_dev_linear_dq8ca_coopmat_zpg_xe2bt_t128x128k64g84s16m8_texture3d_texture2d_half,2048,14336,4096,2.2067,108.993
xe2,8b,8da4w,cand,sarc_dev_linear_dq8ca_coopmat_zpg_xe2bt_t128x128k64g84s16m8_texture3d_texture2d_half,2048,4096,14336,2.593,92.756
xe2,8b,8da4w,cand,sarc_dev_linear_dq8ca_coopmat_zpg_xe2bt_t128x128k64g84s16m8_texture3d_texture2d_half,2048,4096,4096,0.6051,113.572
xe2,8b,8da4w,cand,sarc_dev_linear_dq8ca_coopmat_zpg_xe2bt_t128x128k64g84s16m8_texture3d_texture2d_half,2048,1024,4096,0.1683,102.064
xe2,8b,8da4w,cand,sarc_dev_linear_dq8ca_coopmat_zpg_xe2bt_t128x128k64g84s16m8_texture3d_texture2d_half,2048,1024,4096,0.166,103.503
xe2,8b,8da4w,cand,sarc_dev_linear_dq8ca_coopmat_zpg_xe2bt_t128x128k64g84s16m8_texture3d_texture2d_half,2048,4096,4096,0.5979,114.936
xe2,8b,8da4w,cand,sarc_dev_linear_dq8ca_coopmat_zpg_xe2bt_t128x128k64g84s16m8_texture3d_texture2d_half,2048,14336,4096,2.1899,109.832
xe2,8b,8da4w,cand,sarc_dev_linear_dq8ca_coopmat_zpg_xe2bt_t128x128k64g84s16m8_texture3d_texture2d_half,2048,14336,4096,2.1981,109.419
xe2,8b,8da4w,cand,sarc_dev_linear_dq8ca_coopmat_zpg_xe2bt_t128x128k64g84s16m8_texture3d_texture2d_half,2048,4096,14336,2.5723,93.502
xe2,8b,8da4w,cand,sarc_dev_linear_dq8ca_coopmat_zpg_xe2bt_t128x128k64g84s16m8_texture3d_texture2d_half,2048,4096,4096,0.6082,112.98
xe2,8b,8da4w,cand,sarc_dev_linear_dq8ca_coopmat_zpg_xe2bt_t128x128k64g84s16m8_texture3d_texture2d_half,2048,1024,4096,0.1688,101.781
xe2,8b,8da4w,cand,sarc_dev_linear_dq8ca_coopmat_zpg_xe2bt_t128x128k64g84s16m8_texture3d_texture2d_half,2048,1024,4096,0.1671,102.795
xe2,8b,8da4w,cand,sarc_dev_linear_dq8ca_coopmat_zpg_xe2bt_t128x128k64g84s16m8_texture3d_texture2d_half,2048,4096,4096,0.5968,115.146
xe2,8b,8da4w,cand,sarc_dev_linear_dq8ca_coopmat_zpg_xe2bt_t128x128k64g84s16m8_texture3d_texture2d_half,2048,14336,4096,2.1905,109.801
xe2,8b,8da4w,cand,sarc_dev_linear_dq8ca_coopmat_zpg_xe2bt_t128x128k64g84s16m8_texture3d_texture2d_half,2048,14336,4096,2.1862,110.017
xe2,8b,8da4w,cand,sarc_dev_linear_dq8ca_coopmat_zpg_xe2bt_t128x128k64g84s16m8_texture3d_texture2d_half,2048,4096,14336,2.5939,92.726
xe2,8b,8da4w,cand,sarc_dev_linear_dq8ca_coopmat_zpg_xe2bt_t128x128k64g84s16m8_texture3d_texture2d_half,2048,4096,4096,0.6049,113.611
xe2,8b,8da4w,cand,sarc_dev_linear_dq8ca_coopmat_zpg_xe2bt_t128x128k64g84s16m8_texture3d_texture2d_half,2048,1024,4096,0.1694,101.406
xe2,8b,8da4w,cand,sarc_dev_linear_dq8ca_coopmat_zpg_xe2bt_t128x128k64g84s16m8_texture3d_texture2d_half,2048,1024,4096,0.1739,98.798
xe2,8b,8da4w,cand,sarc_dev_linear_dq8ca_coopmat_zpg_xe2bt_t128x128k64g84s16m8_texture3d_texture2d_half,2048,4096,4096,0.6065,113.309
xe2,8b,8da4w,cand,sarc_dev_linear_dq8ca_coopmat_zpg_xe2bt_t128x128k64g84s16m8_texture3d_texture2d_half,2048,14336,4096,2.2299,107.86
xe2,8b,8da4w,cand,sarc_dev_linear_dq8ca_coopmat_zpg_xe2bt_t128x128k64g84s16m8_texture3d_texture2d_half,2048,14336,4096,2.2049,109.086
xe2,8b,8da4w,cand,sarc_dev_linear_dq8ca_coopmat_zpg_xe2bt_t128x128k64g84s16m8_texture3d_texture2d_half,2048,4096,14336,2.5199,95.449
xe2,8b,8da4w,cand,sarc_dev_linear_dq8ca_coopmat_zpg_xe2bt_t128x128k64g84s16m8_texture3d_texture2d_half,2048,4096,4096,0.619,111.025
xe2,8b,8da4w,cand,sarc_dev_linear_dq8ca_coopmat_zpg_xe2bt_t128x128k64g84s16m8_texture3d_texture2d_half,2048,1024,4096,0.1708,100.604
xe2,8b,8da4w,cand,sarc_dev_linear_dq8ca_coopmat_zpg_xe2bt_t128x128k64g84s16m8_texture3d_texture2d_half,2048,1024,4096,0.1662,103.374
xe2,8b,8da4w,cand,sarc_dev_linear_dq8ca_coopmat_zpg_xe2bt_t128x128k64g84s16m8_texture3d_texture2d_half,2048,4096,4096,0.618,111.193
xe2,8b,8da4w,cand,sarc_dev_linear_dq8ca_coopmat_zpg_xe2bt_t128x128k64g84s16m8_texture3d_texture2d_half,2048,14336,4096,2.196,109.528
xe2,8b,8da4w,cand,sarc_dev_linear_dq8ca_coopmat_zpg_xe2bt_t128x128k64g84s16m8_texture3d_texture2d_half,2048,14336,4096,2.2487,106.957
xe2,8b,8da4w,cand,sarc_dev_linear_dq8ca_coopmat_zpg_xe2bt_t128x128k64g84s16m8_texture3d_texture2d_half,2048,4096,14336,2.581,93.187
xe2,8b,8da4w,cand,sarc_dev_linear_dq8ca_coopmat_zpg_xe2bt_t128x128k64g84s16m8_texture3d_texture2d_half,2048,4096,4096,0.593,115.893
xe2,8b,8da4w,cand,sarc_dev_linear_dq8ca_coopmat_zpg_xe2bt_t128x128k64g84s16m8_texture3d_texture2d_half,2048,1024,4096,0.1685,101.938
xe2,8b,8da4w,cand,sarc_dev_linear_dq8ca_coopmat_zpg_xe2bt_t128x128k64g84s16m8_texture3d_texture2d_half,2048,1024,4096,0.1674,102.635
xe2,8b,8da4w,cand,sarc_dev_linear_dq8ca_coopmat_zpg_xe2bt_t128x128k64g84s16m8_texture3d_texture2d_half,2048,4096,4096,0.5991,114.706
xe2,8b,8da4w,cand,sarc_dev_linear_dq8ca_coopmat_zpg_xe2bt_t128x128k64g84s16m8_texture3d_texture2d_half,2048,14336,4096,2.1953,109.559
xe2,8b,8da4w,cand,sarc_dev_linear_dq8ca_coopmat_zpg_xe2bt_t128x128k64g84s16m8_texture3d_texture2d_half,2048,14336,4096,2.1892,109.866
xe2,8b,8da4w,cand,sarc_dev_linear_dq8ca_coopmat_zpg_xe2bt_t128x128k64g84s16m8_texture3d_texture2d_half,2048,4096,14336,2.569,93.625
xe2,8b,8da4w,cand,sarc_dev_linear_dq8ca_coopmat_zpg_xe2bt_t128x128k64g84s16m8_texture3d_texture2d_half,2048,4096,4096,0.5891,116.65
xe2,8b,8da4w,cand,sarc_dev_linear_dq8ca_coopmat_zpg_xe2bt_t128x128k64g84s16m8_texture3d_texture2d_half,2048,1024,4096,0.1681,102.191
xe2,8b,8da4w,cand,sarc_dev_linear_dq8ca_coopmat_zpg_xe2bt_t128x128k64g84s16m8_texture3d_texture2d_half,2048,1024,4096,0.1672,102.731
xe2,8b,8da4w,cand,sarc_dev_linear_dq8ca_coopmat_zpg_xe2bt_t128x128k64g84s16m8_texture3d_texture2d_half,2048,4096,4096,0.6052,113.553
xe2,8b,8da4w,cand,sarc_dev_linear_dq8ca_coopmat_zpg_xe2bt_t128x128k64g84s16m8_texture3d_texture2d_half,2048,14336,4096,2.2163,108.52
xe2,8b,8da4w,cand,sarc_dev_linear_dq8ca_coopmat_zpg_xe2bt_t128x128k64g84s16m8_texture3d_texture2d_half,2048,14336,4096,2.195,109.577
xe2,8b,8da4w,cand,sarc_dev_linear_dq8ca_coopmat_zpg_xe2bt_t128x128k64g84s16m8_texture3d_texture2d_half,2048,4096,14336,2.5499,94.326
xe2,8b,8da4w,cand,sarc_dev_linear_dq8ca_coopmat_zpg_xe2bt_t128x128k64g84s16m8_texture3d_texture2d_half,2048,4096,4096,0.6068,113.251
xe2,8b,8da4w,cand,sarc_dev_linear_dq8ca_coopmat_zpg_xe2bt_t128x128k64g84s16m8_texture3d_texture2d_half,2048,1024,4096,0.1696,101.313
xe2,8b,8da4w,cand,sarc_dev_linear_dq8ca_coopmat_zpg_xe2bt_t128x128k64g84s16m8_texture3d_texture2d_half,2048,1024,4096,0.1734,99.065
xe2,8b,8da4w,cand,sarc_dev_linear_dq8ca_coopmat_zpg_xe2bt_t128x128k64g84s16m8_texture3d_texture2d_half,2048,4096,4096,0.609,112.845
xe2,8b,8da4w,cand,sarc_dev_linear_dq8ca_coopmat_zpg_xe2bt_t128x128k64g84s16m8_texture3d_texture2d_half,2048,14336,4096,2.2145,108.609
xe2,8b,8da4w,cand,sarc_dev_linear_dq8ca_coopmat_zpg_xe2bt_t128x128k64g84s16m8_texture3d_texture2d_half,2048,14336,4096,2.201,109.279
xe2,8b,8da4w,cand,sarc_dev_linear_dq8ca_coopmat_zpg_xe2bt_t128x128k64g84s16m8_texture3d_texture2d_half,2048,4096,14336,2.5179,95.522
xe2,8b,8da4w,cand,sarc_dev_linear_dq8ca_coopmat_zpg_xe2bt_t128x128k64g84s16m8_texture3d_texture2d_half,2048,4096,4096,0.603,113.954
xe2,8b,8da4w,cand,sarc_dev_linear_dq8ca_coopmat_zpg_xe2bt_t128x128k64g84s16m8_texture3d_texture2d_half,2048,1024,4096,0.169,101.656
xe2,8b,8da4w,cand,sarc_dev_linear_dq8ca_coopmat_zpg_xe2bt_t128x128k64g84s16m8_texture3d_texture2d_half,2048,1024,4096,0.1627,105.621
xe2,8b,8da4w,cand,sarc_dev_linear_dq8ca_coopmat_zpg_xe2bt_t128x128k64g84s16m8_texture3d_texture2d_half,2048,4096,4096,0.6112,112.442
xe2,8b,8da4w,cand,sarc_dev_linear_dq8ca_coopmat_zpg_xe2bt_t128x128k64g84s16m8_texture3d_texture2d_half,2048,14336,4096,2.2553,106.646
xe2,8b,8da4w,cand,sarc_dev_linear_dq8ca_coopmat_zpg_xe2bt_t128x128k64g84s16m8_texture3d_texture2d_half,2048,14336,4096,2.182,110.227
xe2,8b,8da4w,cand,sarc_dev_linear_dq8ca_coopmat_zpg_xe2bt_t128x128k64g84s16m8_texture3d_texture2d_half,2048,4096,14336,2.5855,93.026
xe2,8b,8da4w,cand,sarc_dev_linear_dq8ca_coopmat_zpg_xe2bt_t128x128k64g84s16m8_texture3d_texture2d_half,2048,4096,4096,0.5914,116.189
xe2,8b,8da4w,cand,sarc_dev_linear_dq8ca_coopmat_zpg_xe2bt_t128x128k64g84s16m8_texture3d_texture2d_half,2048,1024,4096,0.1693,101.5
xe2,8b,8da4w,cand,sarc_dev_linear_dq8ca_coopmat_zpg_xe2bt_t128x128k64g84s16m8_texture3d_texture2d_half,2048,1024,4096,0.167,102.891
xe2,8b,8da4w,cand,sarc_dev_linear_dq8ca_coopmat_zpg_xe2bt_t128x128k64g84s16m8_texture3d_texture2d_half,2048,4096,4096,0.607,113.212
xe2,8b,8da4w,cand,sarc_dev_linear_dq8ca_coopmat_zpg_xe2bt_t128x128k64g84s16m8_texture3d_texture2d_half,2048,14336,4096,2.1993,109.359
xe2,8b,8da4w,cand,sarc_dev_linear_dq8ca_coopmat_zpg_xe2bt_t128x128k64g84s16m8_texture3d_texture2d_half,2048,14336,4096,2.1978,109.434
xe2,8b,8da4w,cand,sarc_dev_linear_dq8ca_coopmat_zpg_xe2bt_t128x128k64g84s16m8_texture3d_texture2d_half,2048,4096,14336,2.5912,92.823
xe2,8b,8da4w,cand,sarc_dev_linear_dq8ca_coopmat_zpg_xe2bt_t128x128k64g84s16m8_texture3d_texture2d_half,2048,4096,4096,0.5943,115.629
xe2,8b,8da4w,cand,sarc_dev_linear_dq8ca_coopmat_zpg_xe2bt_t128x128k64g84s16m8_texture3d_texture2d_half,2048,1024,4096,0.1689,101.719
xe2,8b,8da4w,cand,sarc_dev_linear_dq8ca_coopmat_zpg_xe2bt_t128x128k64g84s16m8_texture3d_texture2d_half,2048,1024,4096,0.1668,103.019
xe2,8b,8da4w,cand,sarc_dev_linear_dq8ca_coopmat_zpg_xe2bt_t128x128k64g84s16m8_texture3d_texture2d_half,2048,4096,4096,0.6115,112.384
xe2,8b,8da4w,cand,sarc_dev_linear_dq8ca_coopmat_zpg_xe2bt_t128x128k64g84s16m8_texture3d_texture2d_half,2048,14336,4096,2.218,108.439
xe2,8b,8da4w,cand,sarc_dev_linear_dq8ca_coopmat_zpg_xe2bt_t128x128k64g84s16m8_texture3d_texture2d_half,2048,14336,4096,2.2279,107.958
xe2,8b,8da4w,cand,sarc_dev_linear_dq8ca_coopmat_zpg_xe2bt_t128x128k64g84s16m8_texture3d_texture2d_half,2048,4096,14336,2.5783,93.287
xe2,8b,8da4w,cand,sarc_dev_linear_dq8ca_coopmat_zpg_xe2bt_t128x128k64g84s16m8_texture3d_texture2d_half,2048,4096,4096,0.5975,115.016
xe2,8b,8da4w,cand,sarc_dev_linear_dq8ca_coopmat_zpg_xe2bt_t128x128k64g84s16m8_texture3d_texture2d_half,2048,1024,4096,0.1703,100.88
xe2,8b,8da4w,cand,sarc_dev_linear_dq8ca_coopmat_zpg_xe2bt_t128x128k64g84s16m8_texture3d_texture2d_half,2048,1024,4096,0.1653,103.926
xe2,8b,8da4w,cand,sarc_dev_linear_dq8ca_coopmat_zpg_xe2bt_t128x128k64g84s16m8_texture3d_texture2d_half,2048,4096,4096,0.5975,115.006
xe2,8b,8da4w,cand,sarc_dev_linear_dq8ca_coopmat_zpg_xe2bt_t128x128k64g84s16m8_texture3d_texture2d_half,2048,14336,4096,2.261,106.379
xe2,8b,8da4w,cand,sarc_dev_linear_dq8ca_coopmat_zpg_xe2bt_t128x128k64g84s16m8_texture3d_texture2d_half,2048,14336,4096,2.2042,109.119
xe2,8b,8da4w,cand,sarc_dev_linear_dq8ca_coopmat_zpg_xe2bt_t128x128k64g84s16m8_texture3d_texture2d_half,2048,4096,14336,2.59,92.865
xe2,8b,8da4w,cand,sarc_dev_linear_dq8ca_coopmat_zpg_xe2bt_t128x128k64g84s16m8_texture3d_texture2d_half,2048,4096,4096,0.604,113.768
xe2,8b,8da4w,cand,sarc_dev_linear_dq8ca_coopmat_zpg_xe2bt_t128x128k64g84s16m8_texture3d_texture2d_half,2048,1024,4096,0.1672,102.763
xe2,8b,8da4w,cand,sarc_dev_linear_dq8ca_coopmat_zpg_xe2bt_t128x128k64g84s16m8_texture3d_texture2d_half,2048,1024,4096,0.1681,102.222
xe2,8b,8da4w,cand,sarc_dev_linear_dq8ca_coopmat_zpg_xe2bt_t128x128k64g84s16m8_texture3d_texture2d_half,2048,4096,4096,0.6068,113.242
xe2,8b,8da4w,cand,sarc_dev_linear_dq8ca_coopmat_zpg_xe2bt_t128x128k64g84s16m8_texture3d_texture2d_half,2048,14336,4096,2.2538,106.717
xe2,8b,8da4w,cand,sarc_dev_linear_dq8ca_coopmat_zpg_xe2bt_t128x128k64g84s16m8_texture3d_texture2d_half,2048,14336,4096,2.1897,109.842
xe2,8b,8da4w,cand,sarc_dev_linear_dq8ca_coopmat_zpg_xe2bt_t128x128k64g84s16m8_texture3d_texture2d_half,2048,4096,14336,2.522,95.368
xe2,8b,8da4w,cand,sarc_dev_linear_dq8ca_coopmat_zpg_xe2bt_t128x128k64g84s16m8_texture3d_texture2d_half,2048,4096,4096,0.6073,113.154
xe2,8b,8da4w,cand,sarc_dev_linear_dq8ca_coopmat_zpg_xe2bt_t128x128k64g84s16m8_texture3d_texture2d_half,2048,1024,4096,0.1703,100.88
xe2,8b,8da4w,cand,sarc_dev_linear_dq8ca_coopmat_zpg_xe2bt_t128x128k64g84s16m8_texture3d_texture2d_half,2048,1024,4096,0.1663,103.277
xe2,8b,8da4w,cand,sarc_dev_linear_dq8ca_coopmat_zpg_xe2bt_t128x128k64g84s16m8_texture3d_texture2d_half,2048,4096,4096,0.6133,112.051
xe2,8b,8da4w,cand,sarc_dev_linear_dq8ca_coopmat_zpg_xe2bt_t128x128k64g84s16m8_texture3d_texture2d_half,2048,14336,4096,2.2043,109.112
xe2,8b,8da4w,cand,sarc_dev_linear_dq8ca_coopmat_zpg_xe2bt_t128x128k64g84s16m8_texture3d_texture2d_half,2048,14336,4096,2.1956,109.543
xe2,8b,8da4w,cand,sarc_dev_linear_dq8ca_coopmat_zpg_xe2bt_t128x128k64g84s16m8_texture3d_texture2d_half,2048,4096,14336,2.5836,93.095
xe2,8b,8da4w,cand,sarc_dev_linear_dq8ca_coopmat_zpg_xe2bt_t128x128k64g84s16m8_texture3d_texture2d_half,2048,4096,4096,0.6106,112.547
xe2,8b,8da4w,cand,sarc_dev_linear_dq8ca_coopmat_zpg_xe2bt_t128x128k64g84s16m8_texture3d_texture2d_half,2048,1024,4096,0.1691,101.594
xe2,8b,8da4w,cand,sarc_dev_linear_dq8ca_coopmat_zpg_xe2bt_t128x128k64g84s16m8_texture3d_texture2d_half,2048,1024,4096,0.1662,103.374
xe2,8b,8da4w,cand,sarc_dev_linear_dq8ca_coopmat_zpg_xe2bt_t128x128k64g84s16m8_texture3d_texture2d_half,2048,4096,4096,0.5956,115.387
xe2,8b,8da4w,cand,sarc_dev_linear_dq8ca_coopmat_zpg_xe2bt_t128x128k64g84s16m8_texture3d_texture2d_half,2048,14336,4096,2.1933,109.66
xe2,8b,8da4w,cand,sarc_dev_linear_dq8ca_coopmat_zpg_xe2bt_t128x128k64g84s16m8_texture3d_texture2d_half,2048,14336,4096,2.2166,108.51
xe2,8b,8da4w,cand,sarc_dev_linear_dq8ca_coopmat_zpg_xe2bt_t128x128k64g84s16m8_texture3d_texture2d_half,2048,4096,14336,2.5524,94.233
xe2,8b,8da4w,cand,sarc_dev_linear_dq8ca_coopmat_zpg_xe2bt_t128x128k64g84s16m8_texture3d_texture2d_half,2048,4096,4096,0.6204,110.764
xe2,8b,8da4w,cand,sarc_dev_linear_dq8ca_coopmat_zpg_xe2bt_t128x128k64g84s16m8_texture3d_texture2d_half,2048,1024,4096,0.1683,102.096
xe2,8b,8da4w,cand,sarc_dev_linear_dq8ca_coopmat_zpg_xe2bt_t128x128k64g84s16m8_texture3d_texture2d_half,2048,1024,4096,0.1653,103.926
xe2,8b,8da4w,cand,sarc_dev_linear_dq8ca_coopmat_zpg_xe2bt_t128x128k64g84s16m8_texture3d_texture2d_half,2048,4096,4096,0.6072,113.174
xe2,8b,8da4w,cand,sarc_dev_linear_dq8ca_coopmat_zpg_xe2bt_t128x128k64g84s16m8_texture3d_texture2d_half,2048,14336,4096,2.2452,107.125
xe2,8b,8da4w,cand,sarc_dev_linear_dq8ca_coopmat_zpg_xe2bt_t128x128k64g84s16m8_texture3d_texture2d_half,2048,14336,4096,2.1839,110.13
xe2,8b,8da4w,cand,sarc_dev_linear_dq8ca_coopmat_zpg_xe2bt_t128x128k64g84s16m8_texture3d_texture2d_half,2048,4096,14336,2.578,93.296
xe2,8b,8da4w,cand,sarc_dev_linear_dq8ca_coopmat_zpg_xe2bt_t128x128k64g84s16m8_texture3d_texture2d_half,2048,4096,4096,0.603,113.964
xe2,8b,8da4w,cand,sarc_dev_linear_dq8ca_coopmat_zpg_xe2bt_t128x128k64g84s16m8_texture3d_texture2d_half,2048,1024,4096,0.1682,102.127
xe2,8b,8da4w,cand,sarc_dev_linear_dq8ca_coopmat_zpg_xe2bt_t128x128k64g84s16m8_texture3d_texture2d_half,2048,1024,4096,0.1716,100.116
xe2,8b,8da4w,cand,sarc_dev_linear_dq8ca_coopmat_zpg_xe2bt_t128x128k64g84s16m8_texture3d_texture2d_half,2048,4096,4096,0.6116,112.365
xe2,8b,8da4w,cand,sarc_dev_linear_dq8ca_coopmat_zpg_xe2bt_t128x128k64g84s16m8_texture3d_texture2d_half,2048,14336,4096,2.1903,109.811
xe2,8b,8da4w,cand,sarc_dev_linear_dq8ca_coopmat_zpg_xe2bt_t128x128k64g84s16m8_texture3d_texture2d_half,2048,14336,4096,2.1989,109.38
xe2,8b,8da4w,cand,sarc_dev_linear_dq8ca_coopmat_zpg_xe2bt_t128x128k64g84s16m8_texture3d_texture2d_half,2048,4096,14336,2.5352,94.871
xe2,8b,8da4w,cand,sarc_dev_linear_dq8ca_coopmat_zpg_xe2bt_t128x128k64g84s16m8_texture3d_texture2d_half,2048,4096,4096,0.5877,116.929
xe2,8b,8da4w,cand,sarc_dev_linear_dq8ca_coopmat_zpg_xe2bt_t128x128k64g84s16m8_texture3d_texture2d_half,2048,1024,4096,0.1685,101.938
xe2,8b,8da4w,cand,sarc_dev_linear_dq8ca_coopmat_zpg_xe2bt_t128x128k64g84s16m8_texture3d_texture2d_half,2048,1024,4096,0.1739,98.798
xe2,8b,8da4w,cand,sarc_dev_linear_dq8ca_coopmat_zpg_xe2bt_t128x128k64g84s16m8_texture3d_texture2d_half,2048,4096,4096,0.5996,114.617
xe2,8b,8da4w,cand,sarc_dev_linear_dq8ca_coopmat_zpg_xe2bt_t128x128k64g84s16m8_texture3d_texture2d_half,2048,14336,4096,2.189,109.874
xe2,8b,8da4w,cand,sarc_dev_linear_dq8ca_coopmat_zpg_xe2bt_t128x128k64g84s16m8_texture3d_texture2d_half,2048,14336,4096,2.1889,109.881
xe2,8b,8da4w,cand,sarc_dev_linear_dq8ca_coopmat_zpg_xe2bt_t128x128k64g84s16m8_texture3d_texture2d_half,2048,4096,14336,2.5892,92.892
xe2,8b,8da4w,cand,sarc_dev_linear_dq8ca_coopmat_zpg_xe2bt_t128x128k64g84s16m8_texture3d_texture2d_half,2048,4096,4096,0.599,114.726
xe2,8b,8da4w,cand,sarc_dev_linear_dq8ca_coopmat_zpg_xe2bt_t128x128k64g84s16m8_texture3d_texture2d_half,2048,1024,4096,0.1689,101.687
xe2,8b,8da4w,cand,sarc_dev_linear_dq8ca_coopmat_zpg_xe2bt_t128x128k64g84s16m8_texture3d_texture2d_half,2048,1024,4096,0.1589,108.145
xe2,8b,8da4w,cand,sarc_dev_linear_dq8ca_coopmat_zpg_xe2bt_t128x128k64g84s16m8_texture3d_texture2d_half,2048,4096,4096,0.6112,112.442
xe2,8b,8da4w,cand,sarc_dev_linear_dq8ca_coopmat_zpg_xe2bt_t128x128k64g84s16m8_texture3d_texture2d_half,2048,14336,4096,2.23,107.855
xe2,8b,8da4w,cand,sarc_dev_linear_dq8ca_coopmat_zpg_xe2bt_t128x128k64g84s16m8_texture3d_texture2d_half,2048,14336,4096,2.1952,109.566
xe2,8b,8da4w,cand,sarc_dev_linear_dq8ca_coopmat_zpg_xe2bt_t128x128k64g84s16m8_texture3d_texture2d_half,2048,4096,14336,2.5168,95.565
xe2,8b,8da4w,cand,sarc_dev_linear_dq8ca_coopmat_zpg_xe2bt_t128x128k64g84s16m8_texture3d_texture2d_half,2048,4096,4096,0.5988,114.756
xe2,8b,8da4w,cand,sarc_dev_linear_dq8ca_coopmat_zpg_xe2bt_t128x128k64g84s16m8_texture3d_texture2d_half,2048,1024,4096,0.1686,101.907
xe2,8b,8da4w,cand,sarc_dev_linear_dq8ca_coopmat_zpg_xe2bt_t128x128k64g84s16m8_texture3d_texture2d_half,2048,1024,4096,0.1648,104.254
xe2,8b,8da4w,cand,sarc_dev_linear_dq8ca_coopmat_zpg_xe2bt_t128x128k64g84s16m8_texture3d_texture2d_half,2048,4096,4096,0.6117,112.337
xe2,8b,8da4w,cand,sarc_dev_linear_dq8ca_coopmat_zpg_xe2bt_t128x128k64g84s16m8_texture3d_texture2d_half,2048,14336,4096,2.187,109.978
xe2,8b,8da4w,cand,sarc_dev_linear_dq8ca_coopmat_zpg_xe2bt_t128x128k64g84s16m8_texture3d_texture2d_half,2048,14336,4096,2.2075,108.957
xe2,8b,8da4w,cand,sarc_dev_linear_dq8ca_coopmat_zpg_xe2bt_t128x128k64g84s16m8_texture3d_texture2d_half,2048,4096,14336,2.5407,94.667
xe2,8b,8da4w,cand,sarc_dev_linear_dq8ca_coopmat_zpg_xe2bt_t128x128k64g84s16m8_texture3d_texture2d_half,2048,4096,4096,0.6156,111.634
xe2,8b,8da4w,cand,sarc_dev_linear_dq8ca_coopmat_zpg_xe2bt_t128x128k64g84s16m8_texture3d_texture2d_half,2048,1024,4096,0.1693,101.469
xe2,8b,8da4w,cand,sarc_dev_linear_dq8ca_coopmat_zpg_xe2bt_t128x128k64g84s16m8_texture3d_texture2d_half,2048,1024,4096,0.1662,103.374
xe2,8b,8da4w,cand,sarc_dev_linear_dq8ca_coopmat_zpg_xe2bt_t128x128k64g84s16m8_texture3d_texture2d_half,2048,4096,4096,0.6074,113.145
xe2,8b,8da4w,cand,sarc_dev_linear_dq8ca_coopmat_zpg_xe2bt_t128x128k64g84s16m8_texture3d_texture2d_half,2048,14336,4096,2.1936,109.644
xe2,8b,8da4w,cand,sarc_dev_linear_dq8ca_coopmat_zpg_xe2bt_t128x128k64g84s16m8_texture3d_texture2d_half,2048,14336,4096,2.194,109.626
xe2,8b,8da4w,cand,sarc_dev_linear_dq8ca_coopmat_zpg_xe2bt_t128x128k64g84s16m8_texture3d_texture2d_half,2048,4096,14336,2.5902,92.858
xe2,8b,8da4w,cand,sarc_dev_linear_dq8ca_coopmat_zpg_xe2bt_t128x128k64g84s16m8_texture3d_texture2d_half,2048,4096,4096,0.594,115.69
xe2,8b,8da4w,cand,sarc_dev_linear_dq8ca_coopmat_zpg_xe2bt_t128x128k64g84s16m8_texture3d_texture2d_half,2048,1024,4096,0.1698,101.189
xe2,8b,8da4w,cand,sarc_dev_linear_dq8ca_coopmat_zpg_xe2bt_t128x128k64g84s16m8_texture3d_texture2d_half,2048,1024,4096,0.1654,103.894
xe2,8b,8da4w,cand,sarc_dev_linear_dq8ca_coopmat_zpg_xe2bt_t128x128k64g84s16m8_texture3d_texture2d_half,2048,4096,4096,0.6151,111.719
xe2,8b,8da4w,cand,sarc_dev_linear_dq8ca_coopmat_zpg_xe2bt_t128x128k64g84s16m8_texture3d_texture2d_half,2048,14336,4096,2.197,109.476
xe2,8b,8da4w,cand,sarc_dev_linear_dq8ca_coopmat_zpg_xe2bt_t128x128k64g84s16m8_texture3d_texture2d_half,2048,14336,4096,2.1903,109.811
xe2,8b,8da4w,cand,sarc_dev_linear_dq8ca_coopmat_zpg_xe2bt_t128x128k64g84s16m8_texture3d_texture2d_half,2048,4096,14336,2.5654,93.756
xe2,8b,8da4w,cand,sarc_dev_linear_dq8ca_coopmat_zpg_xe2bt_t128x128k64g84s16m8_texture3d_texture2d_half,2048,4096,4096,0.5996,114.607
xe2,8b,8da4w,cand,sarc_dev_linear_dq8ca_coopmat_zpg_xe2bt_t128x128k64g84s16m8_texture3d_texture2d_half,2048,1024,4096,0.1676,102.508
xe2,8b,8da4w,cand,sarc_dev_linear_dq8ca_coopmat_zpg_xe2bt_t128x128k64g84s16m8_texture3d_texture2d_half,2048,1024,4096,0.174,98.739
xe2,8b,8da4w,cand,sarc_dev_linear_dq8ca_coopmat_zpg_xe2bt_t128x128k64g84s16m8_texture3d_texture2d_half,2048,4096,4096,0.605,113.592
xe2,8b,8da4w,cand,sarc_dev_linear_dq8ca_coopmat_zpg_xe2bt_t128x128k64g84s16m8_texture3d_texture2d_half,2048,14336,4096,2.234,107.661
xe2,8b,8da4w,cand,sarc_dev_linear_dq8ca_coopmat_zpg_xe2bt_t128x128k64g84s16m8_texture3d_texture2d_half,2048,14336,4096,2.1847,110.091
xe2,8b,8da4w,cand,sarc_dev_linear_dq8ca_coopmat_zpg_xe2bt_t128x128k64g84s16m8_texture3d_texture2d_half,2048,4096,14336,2.5169,95.563
xe2,8b,8da4w,cand,sarc_dev_linear_dq8ca_coopmat_zpg_xe2bt_t128x128k64g84s16m8_texture3d_texture2d_half,2048,4096,4096,0.604,113.768
xe2,8b,8da4w,cand,sarc_dev_linear_dq8ca_coopmat_zpg_xe2bt_t128x128k64g84s16m8_texture3d_texture2d_half,2048,1024,4096,0.1699,101.096
xe2,8b,8da4w,cand,sarc_dev_linear_dq8ca_coopmat_zpg_xe2bt_t128x128k64g84s16m8_texture3d_texture2d_half,2048,1024,4096,0.1655,103.828
xe2,8b,8da4w,cand,sarc_dev_linear_dq8ca_coopmat_zpg_xe2bt_t128x128k64g84s16m8_texture3d_texture2d_half,2048,4096,4096,0.6146,111.804
xe2,8b,8da4w,cand,sarc_dev_linear_dq8ca_coopmat_zpg_xe2bt_t128x128k64g84s16m8_texture3d_texture2d_half,2048,14336,4096,2.1955,109.548
xe2,8b,8da4w,cand,sarc_dev_linear_dq8ca_coopmat_zpg_xe2bt_t128x128k64g84s16m8_texture3d_texture2d_half,2048,14336,4096,2.2057,109.042
xe2,8b,8da4w,cand,sarc_dev_linear_dq8ca_coopmat_zpg_xe2bt_t128x128k64g84s16m8_texture3d_texture2d_half,2048,4096,14336,2.56,93.952
xe2,8b,8da4w,cand,sarc_dev_linear_dq8ca_coopmat_zpg_xe2bt_t128x128k64g84s16m8_texture3d_texture2d_half,2048,4096,4096,0.5978,114.945
xe2,8b,8da4w,cand,sarc_dev_linear_dq8ca_coopmat_zpg_xe2bt_t128x128k64g84s16m8_texture3d_texture2d_half,2048,1024,4096,0.1686,101.907
xe2,8b,8da4w,cand,sarc_dev_linear_dq8ca_coopmat_zpg_xe2bt_t128x128k64g84s16m8_texture3d_texture2d_half,2048,1024,4096,0.1647,104.287
xe2,8b,8da4w,cand,sarc_dev_linear_dq8ca_coopmat_zpg_xe2bt_t128x128k64g84s16m8_texture3d_texture2d_half,2048,4096,4096,0.6073,113.164
xe2,8b,8da4w,cand,sarc_dev_linear_dq8ca_coopmat_zpg_xe2bt_t128x128k64g84s16m8_texture3d_texture2d_half,2048,14336,4096,2.199,109.377
xe2,8b,8da4w,cand,sarc_dev_linear_dq8ca_coopmat_zpg_xe2bt_t128x128k64g84s16m8_texture3d_texture2d_half,2048,14336,4096,2.2026,109.197
xe2,8b,8da4w,cand,sarc_dev_linear_dq8ca_coopmat_zpg_xe2bt_t128x128k64g84s16m8_texture3d_texture2d_half,2048,4096,14336,2.5881,92.931
xe2,8b,8da4w,cand,sarc_dev_linear_dq8ca_coopmat_zpg_xe2bt_t128x128k64g84s16m8_texture3d_texture2d_half,2048,4096,4096,0.6104,112.576
xe2,8b,8da4w,cand,sarc_dev_linear_dq8ca_coopmat_zpg_xe2bt_t128x128k64g84s16m8_texture3d_texture2d_half,2048,1024,4096,0.1729,99.363
xe2,8b,8da4w,cand,sarc_dev_linear_dq8ca_coopmat_zpg_xe2bt_t128x128k64g84s16m8_texture3d_texture2d_half,2048,1024,4096,0.1659,103.568
xe2,8b,8da4w,cand,sarc_dev_linear_dq8ca_coopmat_zpg_xe2bt_t128x128k64g84s16m8_texture3d_texture2d_half,2048,4096,4096,0.5979,114.926
xe2,8b,8da4w,cand,sarc_dev_linear_dq8ca_coopmat_zpg_xe2bt_t128x128k64g84s16m8_texture3d_texture2d_half,2048,14336,4096,2.2012,109.269
xe2,8b,8da4w,cand,sarc_dev_linear_dq8ca_coopmat_zpg_xe2bt_t128x128k64g84s16m8_texture3d_texture2d_half,2048,14336,4096,2.2198,108.35
xe2,8b,8da4w,cand,sarc_dev_linear_dq8ca_coopmat_zpg_xe2bt_t128x128k64g84s16m8_texture3d_texture2d_half,2048,4096,14336,2.4804,96.967
xe2,8b,8da4w,cand,sarc_dev_linear_dq8ca_coopmat_zpg_xe2bt_t128x128k64g84s16m8_texture3d_texture2d_half,2048,4096,4096,0.6099,112.681
xe2,8b,8da4w,cand,sarc_dev_linear_dq8ca_coopmat_zpg_xe2bt_t128x128k64g84s16m8_texture3d_texture2d_half,2048,1024,4096,0.1712,100.359
xe2,8b,8da4w,cand,sarc_dev_linear_dq8ca_coopmat_zpg_xe2bt_t128x128k64g84s16m8_texture3d_texture2d_half,2048,1024,4096,0.1608,106.816
xe2,8b,8da4w,cand,sarc_dev_linear_dq8ca_coopmat_zpg_xe2bt_t128x128k64g84s16m8_texture3d_texture2d_half,2048,4096,4096,0.6146,111.814
xe2,8b,8da4w,cand,sarc_dev_linear_dq8ca_coopmat_zpg_xe2bt_t128x128k64g84s16m8_texture3d_texture2d_half,2048,14336,4096,2.2127,108.701
xe2,8b,8da4w,cand,sarc_dev_linear_dq8ca_coopmat_zpg_xe2bt_t128x128k64g84s16m8_texture3d_texture2d_half,2048,14336,4096,2.2407,107.342
xe2,8b,8da4w,cand,sarc_dev_linear_dq8ca_coopmat_zpg_xe2bt_t128x128k64g84s16m8_texture3d_texture2d_half,2048,4096,14336,2.5828,93.123
xe2,8b,8da4w,parent,sarc_dev_linear_dq8ca_coopmat_zpg_xe2bt_t128x128k64g84s16m8_texture3d_texture2d_half,2048,4096,4096,0.6941,99.006
xe2,8b,8da4w,parent,sarc_dev_linear_dq8ca_coopmat_zpg_xe2bt_t128x128k64g84s16m8_texture3d_texture2d_half,2048,1024,4096,0.1777,96.659
xe2,8b,8da4w,parent,sarc_dev_linear_dq8ca_coopmat_zpg_xe2bt_t128x128k64g84s16m8_texture3d_texture2d_half,2048,1024,4096,0.1792,95.874
xe2,8b,8da4w,parent,sarc_dev_linear_dq8ca_coopmat_zpg_xe2bt_t128x128k64g84s16m8_texture3d_texture2d_half,2048,4096,4096,0.6079,113.038
xe2,8b,8da4w,parent,sarc_dev_linear_dq8ca_coopmat_zpg_xe2bt_t128x128k64g84s16m8_texture3d_texture2d_half,2048,14336,4096,2.1904,109.803
xe2,8b,8da4w,parent,sarc_dev_linear_dq8ca_coopmat_zpg_xe2bt_t128x128k64g84s16m8_texture3d_texture2d_half,2048,14336,4096,2.1835,110.154
xe2,8b,8da4w,parent,sarc_dev_linear_dq8ca_coopmat_zpg_xe2bt_t128x128k64g84s16m8_texture3d_texture2d_half,2048,4096,14336,2.5036,96.069
xe2,8b,8da4w,parent,sarc_dev_linear_dq8ca_coopmat_zpg_xe2bt_t128x128k64g84s16m8_texture3d_texture2d_half,2048,4096,4096,0.6096,112.72
xe2,8b,8da4w,parent,sarc_dev_linear_dq8ca_coopmat_zpg_xe2bt_t128x128k64g84s16m8_texture3d_texture2d_half,2048,1024,4096,0.1692,101.531
xe2,8b,8da4w,parent,sarc_dev_linear_dq8ca_coopmat_zpg_xe2bt_t128x128k64g84s16m8_texture3d_texture2d_half,2048,1024,4096,0.1646,104.386
xe2,8b,8da4w,parent,sarc_dev_linear_dq8ca_coopmat_zpg_xe2bt_t128x128k64g84s16m8_texture3d_texture2d_half,2048,4096,4096,0.6133,112.051
xe2,8b,8da4w,parent,sarc_dev_linear_dq8ca_coopmat_zpg_xe2bt_t128x128k64g84s16m8_texture3d_texture2d_half,2048,14336,4096,2.1896,109.845
xe2,8b,8da4w,parent,sarc_dev_linear_dq8ca_coopmat_zpg_xe2bt_t128x128k64g84s16m8_texture3d_texture2d_half,2048,14336,4096,2.2664,106.123
xe2,8b,8da4w,parent,sarc_dev_linear_dq8ca_coopmat_zpg_xe2bt_t128x128k64g84s16m8_texture3d_texture2d_half,2048,4096,14336,2.5622,93.872
xe2,8b,8da4w,parent,sarc_dev_linear_dq8ca_coopmat_zpg_xe2bt_t128x128k64g84s16m8_texture3d_texture2d_half,2048,4096,4096,0.6081,113.009
xe2,8b,8da4w,parent,sarc_dev_linear_dq8ca_coopmat_zpg_xe2bt_t128x128k64g84s16m8_texture3d_texture2d_half,2048,1024,4096,0.1692,101.531
xe2,8b,8da4w,parent,sarc_dev_linear_dq8ca_coopmat_zpg_xe2bt_t128x128k64g84s16m8_texture3d_texture2d_half,2048,1024,4096,0.1647,104.32
xe2,8b,8da4w,parent,sarc_dev_linear_dq8ca_coopmat_zpg_xe2bt_t128x128k64g84s16m8_texture3d_texture2d_half,2048,4096,4096,0.6083,112.97
xe2,8b,8da4w,parent,sarc_dev_linear_dq8ca_coopmat_zpg_xe2bt_t128x128k64g84s16m8_texture3d_texture2d_half,2048,14336,4096,2.219,108.388
xe2,8b,8da4w,parent,sarc_dev_linear_dq8ca_coopmat_zpg_xe2bt_t128x128k64g84s16m8_texture3d_texture2d_half,2048,14336,4096,2.2507,106.865
xe2,8b,8da4w,parent,sarc_dev_linear_dq8ca_coopmat_zpg_xe2bt_t128x128k64g84s16m8_texture3d_texture2d_half,2048,4096,14336,2.5777,93.308
xe2,8b,8da4w,parent,sarc_dev_linear_dq8ca_coopmat_zpg_xe2bt_t128x128k64g84s16m8_texture3d_texture2d_half,2048,4096,4096,0.6147,111.795
xe2,8b,8da4w,parent,sarc_dev_linear_dq8ca_coopmat_zpg_xe2bt_t128x128k64g84s16m8_texture3d_texture2d_half,2048,1024,4096,0.1695,101.344
xe2,8b,8da4w,parent,sarc_dev_linear_dq8ca_coopmat_zpg_xe2bt_t128x128k64g84s16m8_texture3d_texture2d_half,2048,1024,4096,0.1664,103.244
xe2,8b,8da4w,parent,sarc_dev_linear_dq8ca_coopmat_zpg_xe2bt_t128x128k64g84s16m8_texture3d_texture2d_half,2048,4096,4096,0.6059,113.426
xe2,8b,8da4w,parent,sarc_dev_linear_dq8ca_coopmat_zpg_xe2bt_t128x128k64g84s16m8_texture3d_texture2d_half,2048,14336,4096,2.2039,109.132
xe2,8b,8da4w,parent,sarc_dev_linear_dq8ca_coopmat_zpg_xe2bt_t128x128k64g84s16m8_texture3d_texture2d_half,2048,14336,4096,2.1929,109.681
xe2,8b,8da4w,parent,sarc_dev_linear_dq8ca_coopmat_zpg_xe2bt_t128x128k64g84s16m8_texture3d_texture2d_half,2048,4096,14336,2.5297,95.076
xe2,8b,8da4w,parent,sarc_dev_linear_dq8ca_coopmat_zpg_xe2bt_t128x128k64g84s16m8_texture3d_texture2d_half,2048,4096,4096,0.5957,115.357
xe2,8b,8da4w,parent,sarc_dev_linear_dq8ca_coopmat_zpg_xe2bt_t128x128k64g84s16m8_texture3d_texture2d_half,2048,1024,4096,0.1685,101.938
xe2,8b,8da4w,parent,sarc_dev_linear_dq8ca_coopmat_zpg_xe2bt_t128x128k64g84s16m8_texture3d_texture2d_half,2048,1024,4096,0.1652,103.992
xe2,8b,8da4w,parent,sarc_dev_linear_dq8ca_coopmat_zpg_xe2bt_t128x128k64g84s16m8_texture3d_texture2d_half,2048,4096,4096,0.6095,112.739
xe2,8b,8da4w,parent,sarc_dev_linear_dq8ca_coopmat_zpg_xe2bt_t128x128k64g84s16m8_texture3d_texture2d_half,2048,14336,4096,2.1966,109.496
xe2,8b,8da4w,parent,sarc_dev_linear_dq8ca_coopmat_zpg_xe2bt_t128x128k64g84s16m8_texture3d_texture2d_half,2048,14336,4096,2.1867,109.994
xe2,8b,8da4w,parent,sarc_dev_linear_dq8ca_coopmat_zpg_xe2bt_t128x128k64g84s16m8_texture3d_texture2d_half,2048,4096,14336,2.5739,93.443
xe2,8b,8da4w,parent,sarc_dev_linear_dq8ca_coopmat_zpg_xe2bt_t128x128k64g84s16m8_texture3d_texture2d_half,2048,4096,4096,0.5909,116.301
xe2,8b,8da4w,parent,sarc_dev_linear_dq8ca_coopmat_zpg_xe2bt_t128x128k64g84s16m8_texture3d_texture2d_half,2048,1024,4096,0.1682,102.127
xe2,8b,8da4w,parent,sarc_dev_linear_dq8ca_coopmat_zpg_xe2bt_t128x128k64g84s16m8_texture3d_texture2d_half,2048,1024,4096,0.1668,103.019
xe2,8b,8da4w,parent,sarc_dev_linear_dq8ca_coopmat_zpg_xe2bt_t128x128k64g84s16m8_texture3d_texture2d_half,2048,4096,4096,0.5969,115.136
xe2,8b,8da4w,parent,sarc_dev_linear_dq8ca_coopmat_zpg_xe2bt_t128x128k64g84s16m8_texture3d_texture2d_half,2048,14336,4096,2.2238,108.157
xe2,8b,8da4w,parent,sarc_dev_linear_dq8ca_coopmat_zpg_xe2bt_t128x128k64g84s16m8_texture3d_texture2d_half,2048,14336,4096,2.1905,109.801
xe2,8b,8da4w,parent,sarc_dev_linear_dq8ca_coopmat_zpg_xe2bt_t128x128k64g84s16m8_texture3d_texture2d_half,2048,4096,14336,2.5827,93.127
xe2,8b,8da4w,parent,sarc_dev_linear_dq8ca_coopmat_zpg_xe2bt_t128x128k64g84s16m8_texture3d_texture2d_half,2048,4096,4096,0.5899,116.486
xe2,8b,8da4w,parent,sarc_dev_linear_dq8ca_coopmat_zpg_xe2bt_t128x128k64g84s16m8_texture3d_texture2d_half,2048,1024,4096,0.1688,101.781
xe2,8b,8da4w,parent,sarc_dev_linear_dq8ca_coopmat_zpg_xe2bt_t128x128k64g84s16m8_texture3d_texture2d_half,2048,1024,4096,0.1667,103.051
xe2,8b,8da4w,parent,sarc_dev_linear_dq8ca_coopmat_zpg_xe2bt_t128x128k64g84s16m8_texture3d_texture2d_half,2048,4096,4096,0.6018,114.191
xe2,8b,8da4w,parent,sarc_dev_linear_dq8ca_coopmat_zpg_xe2bt_t128x128k64g84s16m8_texture3d_texture2d_half,2048,14336,4096,2.189,109.874
xe2,8b,8da4w,parent,sarc_dev_linear_dq8ca_coopmat_zpg_xe2bt_t128x128k64g84s16m8_texture3d_texture2d_half,2048,14336,4096,2.2284,107.933
xe2,8b,8da4w,parent,sarc_dev_linear_dq8ca_coopmat_zpg_xe2bt_t128x128k64g84s16m8_texture3d_texture2d_half,2048,4096,14336,2.5691,93.621
xe2,8b,8da4w,parent,sarc_dev_linear_dq8ca_coopmat_zpg_xe2bt_t128x128k64g84s16m8_texture3d_texture2d_half,2048,4096,4096,0.6094,112.768
xe2,8b,8da4w,parent,sarc_dev_linear_dq8ca_coopmat_zpg_xe2bt_t128x128k64g84s16m8_texture3d_texture2d_half,2048,1024,4096,0.1682,102.159
xe2,8b,8da4w,parent,sarc_dev_linear_dq8ca_coopmat_zpg_xe2bt_t128x128k64g84s16m8_texture3d_texture2d_half,2048,1024,4096,0.1668,102.987
xe2,8b,8da4w,parent,sarc_dev_linear_dq8ca_coopmat_zpg_xe2bt_t128x128k64g84s16m8_texture3d_texture2d_half,2048,4096,4096,0.5904,116.393
xe2,8b,8da4w,parent,sarc_dev_linear_dq8ca_coopmat_zpg_xe2bt_t128x128k64g84s16m8_texture3d_texture2d_half,2048,14336,4096,2.2501,106.89
xe2,8b,8da4w,parent,sarc_dev_linear_dq8ca_coopmat_zpg_xe2bt_t128x128k64g84s16m8_texture3d_texture2d_half,2048,14336,4096,2.1916,109.746
xe2,8b,8da4w,parent,sarc_dev_linear_dq8ca_coopmat_zpg_xe2bt_t128x128k64g84s16m8_texture3d_texture2d_half,2048,4096,14336,2.5757,93.379
xe2,8b,8da4w,parent,sarc_dev_linear_dq8ca_coopmat_zpg_xe2bt_t128x128k64g84s16m8_texture3d_texture2d_half,2048,4096,4096,0.6171,111.352
xe2,8b,8da4w,parent,sarc_dev_linear_dq8ca_coopmat_zpg_xe2bt_t128x128k64g84s16m8_texture3d_texture2d_half,2048,1024,4096,0.1688,101.781
xe2,8b,8da4w,parent,sarc_dev_linear_dq8ca_coopmat_zpg_xe2bt_t128x128k64g84s16m8_texture3d_texture2d_half,2048,1024,4096,0.1686,101.875
xe2,8b,8da4w,parent,sarc_dev_linear_dq8ca_coopmat_zpg_xe2bt_t128x128k64g84s16m8_texture3d_texture2d_half,2048,4096,4096,0.6121,112.26
xe2,8b,8da4w,parent,sarc_dev_linear_dq8ca_coopmat_zpg_xe2bt_t128x128k64g84s16m8_texture3d_texture2d_half,2048,14336,4096,2.1888,109.887
xe2,8b,8da4w,parent,sarc_dev_linear_dq8ca_coopmat_zpg_xe2bt_t128x128k64g84s16m8_texture3d_texture2d_half,2048,14336,4096,2.1863,110.009
xe2,8b,8da4w,parent,sarc_dev_linear_dq8ca_coopmat_zpg_xe2bt_t128x128k64g84s16m8_texture3d_texture2d_half,2048,4096,14336,2.5344,94.902
xe2,8b,8da4w,parent,sarc_dev_linear_dq8ca_coopmat_zpg_xe2bt_t128x128k64g84s16m8_texture3d_texture2d_half,2048,4096,4096,0.6075,113.116
xe2,8b,8da4w,parent,sarc_dev_linear_dq8ca_coopmat_zpg_xe2bt_t128x128k64g84s16m8_texture3d_texture2d_half,2048,1024,4096,0.1689,101.719
xe2,8b,8da4w,parent,sarc_dev_linear_dq8ca_coopmat_zpg_xe2bt_t128x128k64g84s16m8_texture3d_texture2d_half,2048,1024,4096,0.1659,103.536
xe2,8b,8da4w,parent,sarc_dev_linear_dq8ca_coopmat_zpg_xe2bt_t128x128k64g84s16m8_texture3d_texture2d_half,2048,4096,4096,0.6034,113.895
xe2,8b,8da4w,parent,sarc_dev_linear_dq8ca_coopmat_zpg_xe2bt_t128x128k64g84s16m8_texture3d_texture2d_half,2048,14336,4096,2.2304,107.835
xe2,8b,8da4w,parent,sarc_dev_linear_dq8ca_coopmat_zpg_xe2bt_t128x128k64g84s16m8_texture3d_texture2d_half,2048,14336,4096,2.2027,109.191
xe2,8b,8da4w,parent,sarc_dev_linear_dq8ca_coopmat_zpg_xe2bt_t128x128k64g84s16m8_texture3d_texture2d_half,2048,4096,14336,2.5829,93.12
xe2,8b,8da4w,parent,sarc_dev_linear_dq8ca_coopmat_zpg_xe2bt_t128x128k64g84s16m8_texture3d_texture2d_half,2048,4096,4096,0.5904,116.403
xe2,8b,8da4w,parent,sarc_dev_linear_dq8ca_coopmat_zpg_xe2bt_t128x128k64g84s16m8_texture3d_texture2d_half,2048,1024,4096,0.167,102.859
xe2,8b,8da4w,parent,sarc_dev_linear_dq8ca_coopmat_zpg_xe2bt_t128x128k64g84s16m8_texture3d_texture2d_half,2048,1024,4096,0.166,103.503
xe2,8b,8da4w,parent,sarc_dev_linear_dq8ca_coopmat_zpg_xe2bt_t128x128k64g84s16m8_texture3d_texture2d_half,2048,4096,4096,0.6064,113.329
xe2,8b,8da4w,parent,sarc_dev_linear_dq8ca_coopmat_zpg_xe2bt_t128x128k64g84s16m8_texture3d_texture2d_half,2048,14336,4096,2.2219,108.248
xe2,8b,8da4w,parent,sarc_dev_linear_dq8ca_coopmat_zpg_xe2bt_t128x128k64g84s16m8_texture3d_texture2d_half,2048,14336,4096,2.1932,109.668
xe2,8b,8da4w,parent,sarc_dev_linear_dq8ca_coopmat_zpg_xe2bt_t128x128k64g84s16m8_texture3d_texture2d_half,2048,4096,14336,2.5687,93.632
xe2,8b,8da4w,parent,sarc_dev_linear_dq8ca_coopmat_zpg_xe2bt_t128x128k64g84s16m8_texture3d_texture2d_half,2048,4096,4096,0.5878,116.918
xe2,8b,8da4w,parent,sarc_dev_linear_dq8ca_coopmat_zpg_xe2bt_t128x128k64g84s16m8_texture3d_texture2d_half,2048,1024,4096,0.1666,103.116
xe2,8b,8da4w,parent,sarc_dev_linear_dq8ca_coopmat_zpg_xe2bt_t128x128k64g84s16m8_texture3d_texture2d_half,2048,1024,4096,0.1674,102.635
xe2,8b,8da4w,parent,sarc_dev_linear_dq8ca_coopmat_zpg_xe2bt_t128x128k64g84s16m8_texture3d_texture2d_half,2048,4096,4096,0.6139,111.937
xe2,8b,8da4w,parent,sarc_dev_linear_dq8ca_coopmat_zpg_xe2bt_t128x128k64g84s16m8_texture3d_texture2d_half,2048,14336,4096,2.2525,106.777
xe2,8b,8da4w,parent,sarc_dev_linear_dq8ca_coopmat_zpg_xe2bt_t128x128k64g84s16m8_texture3d_texture2d_half,2048,14336,4096,2.1916,109.743
xe2,8b,8da4w,parent,sarc_dev_linear_dq8ca_coopmat_zpg_xe2bt_t128x128k64g84s16m8_texture3d_texture2d_half,2048,4096,14336,2.5205,95.423
xe2,8b,8da4w,parent,sarc_dev_linear_dq8ca_coopmat_zpg_xe2bt_t128x128k64g84s16m8_texture3d_texture2d_half,2048,4096,4096,0.5955,115.397
xe2,8b,8da4w,parent,sarc_dev_linear_dq8ca_coopmat_zpg_xe2bt_t128x128k64g84s16m8_texture3d_texture2d_half,2048,1024,4096,0.1691,101.625
xe2,8b,8da4w,parent,sarc_dev_linear_dq8ca_coopmat_zpg_xe2bt_t128x128k64g84s16m8_texture3d_texture2d_half,2048,1024,4096,0.1702,100.911
xe2,8b,8da4w,parent,sarc_dev_linear_dq8ca_coopmat_zpg_xe2bt_t128x128k64g84s16m8_texture3d_texture2d_half,2048,4096,4096,0.6054,113.514
xe2,8b,8da4w,parent,sarc_dev_linear_dq8ca_coopmat_zpg_xe2bt_t128x128k64g84s16m8_texture3d_texture2d_half,2048,14336,4096,2.1986,109.395
xe2,8b,8da4w,parent,sarc_dev_linear_dq8ca_coopmat_zpg_xe2bt_t128x128k64g84s16m8_texture3d_texture2d_half,2048,14336,4096,2.1912,109.764
xe2,8b,8da4w,parent,sarc_dev_linear_dq8ca_coopmat_zpg_xe2bt_t128x128k64g84s16m8_texture3d_texture2d_half,2048,4096,14336,2.5151,95.63
xe2,8b,8da4w,parent,sarc_dev_linear_dq8ca_coopmat_zpg_xe2bt_t128x128k64g84s16m8_texture3d_texture2d_half,2048,4096,4096,0.5929,115.903
xe2,8b,8da4w,parent,sarc_dev_linear_dq8ca_coopmat_zpg_xe2bt_t128x128k64g84s16m8_texture3d_texture2d_half,2048,1024,4096,0.1672,102.763
xe2,8b,8da4w,parent,sarc_dev_linear_dq8ca_coopmat_zpg_xe2bt_t128x128k64g84s16m8_texture3d_texture2d_half,2048,1024,4096,0.1663,103.309
xe2,8b,8da4w,parent,sarc_dev_linear_dq8ca_coopmat_zpg_xe2bt_t128x128k64g84s16m8_texture3d_texture2d_half,2048,4096,4096,0.6157,111.606
xe2,8b,8da4w,parent,sarc_dev_linear_dq8ca_coopmat_zpg_xe2bt_t128x128k64g84s16m8_texture3d_texture2d_half,2048,14336,4096,2.2094,108.862
xe2,8b,8da4w,parent,sarc_dev_linear_dq8ca_coopmat_zpg_xe2bt_t128x128k64g84s16m8_texture3d_texture2d_half,2048,14336,4096,2.1922,109.715
xe2,8b,8da4w,parent,sarc_dev_linear_dq8ca_coopmat_zpg_xe2bt_t128x128k64g84s16m8_texture3d_texture2d_half,2048,4096,14336,2.5785,93.277
xe2,8b,8da4w,parent,sarc_dev_linear_dq8ca_coopmat_zpg_xe2bt_t128x128k64g84s16m8_texture3d_texture2d_half,2048,4096,4096,0.5988,114.766
xe2,8b,8da4w,parent,sarc_dev_linear_dq8ca_coopmat_zpg_xe2bt_t128x128k64g84s16m8_texture3d_texture2d_half,2048,1024,4096,0.1693,101.5
xe2,8b,8da4w,parent,sarc_dev_linear_dq8ca_coopmat_zpg_xe2bt_t128x128k64g84s16m8_texture3d_texture2d_half,2048,1024,4096,0.1664,103.244
xe2,8b,8da4w,parent,sarc_dev_linear_dq8ca_coopmat_zpg_xe2bt_t128x128k64g84s16m8_texture3d_texture2d_half,2048,4096,4096,0.595,115.488
xe2,8b,8da4w,parent,sarc_dev_linear_dq8ca_coopmat_zpg_xe2bt_t128x128k64g84s16m8_texture3d_texture2d_half,2048,14336,4096,2.1963,109.512
xe2,8b,8da4w,parent,sarc_dev_linear_dq8ca_coopmat_zpg_xe2bt_t128x128k64g84s16m8_texture3d_texture2d_half,2048,14336,4096,2.2002,109.318
xe2,8b,8da4w,parent,sarc_dev_linear_dq8ca_coopmat_zpg_xe2bt_t128x128k64g84s16m8_texture3d_texture2d_half,2048,4096,14336,2.5863,92.996
xe2,8b,8da4w,parent,sarc_dev_linear_dq8ca_coopmat_zpg_xe2bt_t128x128k64g84s16m8_texture3d_texture2d_half,2048,4096,4096,0.5879,116.887
xe2,8b,8da4w,parent,sarc_dev_linear_dq8ca_coopmat_zpg_xe2bt_t128x128k64g84s16m8_texture3d_texture2d_half,2048,1024,4096,0.1689,101.719
xe2,8b,8da4w,parent,sarc_dev_linear_dq8ca_coopmat_zpg_xe2bt_t128x128k64g84s16m8_texture3d_texture2d_half,2048,1024,4096,0.1667,103.083
xe2,8b,8da4w,parent,sarc_dev_linear_dq8ca_coopmat_zpg_xe2bt_t128x128k64g84s16m8_texture3d_texture2d_half,2048,4096,4096,0.603,113.954
xe2,8b,8da4w,parent,sarc_dev_linear_dq8ca_coopmat_zpg_xe2bt_t128x128k64g84s16m8_texture3d_texture2d_half,2048,14336,4096,2.2616,106.349
xe2,8b,8da4w,parent,sarc_dev_linear_dq8ca_coopmat_zpg_xe2bt_t128x128k64g84s16m8_texture3d_texture2d_half,2048,14336,4096,2.1922,109.715
xe2,8b,8da4w,parent,sarc_dev_linear_dq8ca_coopmat_zpg_xe2bt_t128x128k64g84s16m8_texture3d_texture2d_half,2048,4096,14336,2.5858,93.017
xe2,8b,8da4w,parent,sarc_dev_linear_dq8ca_coopmat_zpg_xe2bt_t128x128k64g84s16m8_texture3d_texture2d_half,2048,4096,4096,0.6011,114.329
xe2,8b,8da4w,parent,sarc_dev_linear_dq8ca_coopmat_zpg_xe2bt_t128x128k64g84s16m8_texture3d_texture2d_half,2048,1024,4096,0.1702,100.942
xe2,8b,8da4w,parent,sarc_dev_linear_dq8ca_coopmat_zpg_xe2bt_t128x128k64g84s16m8_texture3d_texture2d_half,2048,1024,4096,0.1655,103.828
xe2,8b,8da4w,parent,sarc_dev_linear_dq8ca_coopmat_zpg_xe2bt_t128x128k64g84s16m8_texture3d_texture2d_half,2048,4096,4096,0.6029,113.984
xe2,8b,8da4w,parent,sarc_dev_linear_dq8ca_coopmat_zpg_xe2bt_t128x128k64g84s16m8_texture3d_texture2d_half,2048,14336,4096,2.193,109.673
xe2,8b,8da4w,parent,sarc_dev_linear_dq8ca_coopmat_zpg_xe2bt_t128x128k64g84s16m8_texture3d_texture2d_half,2048,14336,4096,2.2021,109.222
xe2,8b,8da4w,parent,sarc_dev_linear_dq8ca_coopmat_zpg_xe2bt_t128x128k64g84s16m8_texture3d_texture2d_half,2048,4096,14336,2.5914,92.815
xe2,8b,8da4w,parent,sarc_dev_linear_dq8ca_coopmat_zpg_xe2bt_t128x128k64g84s16m8_texture3d_texture2d_half,2048,4096,4096,0.6113,112.413
xe2,8b,8da4w,parent,sarc_dev_linear_dq8ca_coopmat_zpg_xe2bt_t128x128k64g84s16m8_texture3d_texture2d_half,2048,1024,4096,0.1689,101.687
xe2,8b,8da4w,parent,sarc_dev_linear_dq8ca_coopmat_zpg_xe2bt_t128x128k64g84s16m8_texture3d_texture2d_half,2048,1024,4096,0.1689,101.719
xe2,8b,8da4w,parent,sarc_dev_linear_dq8ca_coopmat_zpg_xe2bt_t128x128k64g84s16m8_texture3d_texture2d_half,2048,4096,4096,0.6259,109.789
xe2,8b,8da4w,parent,sarc_dev_linear_dq8ca_coopmat_zpg_xe2bt_t128x128k64g84s16m8_texture3d_texture2d_half,2048,14336,4096,2.1908,109.788
xe2,8b,8da4w,parent,sarc_dev_linear_dq8ca_coopmat_zpg_xe2bt_t128x128k64g84s16m8_texture3d_texture2d_half,2048,14336,4096,2.1825,110.203
xe2,8b,8da4w,parent,sarc_dev_linear_dq8ca_coopmat_zpg_xe2bt_t128x128k64g84s16m8_texture3d_texture2d_half,2048,4096,14336,2.5329,94.957
xe2,8b,8da4w,parent,sarc_dev_linear_dq8ca_coopmat_zpg_xe2bt_t128x128k64g84s16m8_texture3d_texture2d_half,2048,4096,4096,0.6143,111.861
xe2,8b,8da4w,parent,sarc_dev_linear_dq8ca_coopmat_zpg_xe2bt_t128x128k64g84s16m8_texture3d_texture2d_half,2048,1024,4096,0.1696,101.313
xe2,8b,8da4w,parent,sarc_dev_linear_dq8ca_coopmat_zpg_xe2bt_t128x128k64g84s16m8_texture3d_texture2d_half,2048,1024,4096,0.166,103.471
xe2,8b,8da4w,parent,sarc_dev_linear_dq8ca_coopmat_zpg_xe2bt_t128x128k64g84s16m8_texture3d_texture2d_half,2048,4096,4096,0.6017,114.21
xe2,8b,8da4w,parent,sarc_dev_linear_dq8ca_coopmat_zpg_xe2bt_t128x128k64g84s16m8_texture3d_texture2d_half,2048,14336,4096,2.2616,106.349
xe2,8b,8da4w,parent,sarc_dev_linear_dq8ca_coopmat_zpg_xe2bt_t128x128k64g84s16m8_texture3d_texture2d_half,2048,14336,4096,2.201,109.277
xe2,8b,8da4w,parent,sarc_dev_linear_dq8ca_coopmat_zpg_xe2bt_t128x128k64g84s16m8_texture3d_texture2d_half,2048,4096,14336,2.569,93.625
xe2,8b,8da4w,parent,sarc_dev_linear_dq8ca_coopmat_zpg_xe2bt_t128x128k64g84s16m8_texture3d_texture2d_half,2048,4096,4096,0.605,113.592
xe2,8b,8da4w,parent,sarc_dev_linear_dq8ca_coopmat_zpg_xe2bt_t128x128k64g84s16m8_texture3d_texture2d_half,2048,1024,4096,0.1696,101.282
xe2,8b,8da4w,parent,sarc_dev_linear_dq8ca_coopmat_zpg_xe2bt_t128x128k64g84s16m8_texture3d_texture2d_half,2048,1024,4096,0.1665,103.212
xe2,8b,8da4w,parent,sarc_dev_linear_dq8ca_coopmat_zpg_xe2bt_t128x128k64g84s16m8_texture3d_texture2d_half,2048,4096,4096,0.5957,115.367
xe2,8b,8da4w,parent,sarc_dev_linear_dq8ca_coopmat_zpg_xe2bt_t128x128k64g84s16m8_texture3d_texture2d_half,2048,14336,4096,2.1949,109.582
xe2,8b,8da4w,parent,sarc_dev_linear_dq8ca_coopmat_zpg_xe2bt_t128x128k64g84s16m8_texture3d_texture2d_half,2048,14336,4096,2.1843,110.112
xe2,8b,8da4w,parent,sarc_dev_linear_dq8ca_coopmat_zpg_xe2bt_t128x128k64g84s16m8_texture3d_texture2d_half,2048,4096,14336,2.5791,93.257
xe2,8b,8da4w,parent,sarc_dev_linear_dq8ca_coopmat_zpg_xe2bt_t128x128k64g84s16m8_texture3d_texture2d_half,2048,4096,4096,0.6021,114.141
xe2,8b,8da4w,parent,sarc_dev_linear_dq8ca_coopmat_zpg_xe2bt_t128x128k64g84s16m8_texture3d_texture2d_half,2048,1024,4096,0.1692,101.531
xe2,8b,8da4w,parent,sarc_dev_linear_dq8ca_coopmat_zpg_xe2bt_t128x128k64g84s16m8_texture3d_texture2d_half,2048,1024,4096,0.1658,103.601
xe2,8b,8da4w,parent,sarc_dev_linear_dq8ca_coopmat_zpg_xe2bt_t128x128k64g84s16m8_texture3d_texture2d_half,2048,4096,4096,0.5988,114.766
xe2,8b,8da4w,parent,sarc_dev_linear_dq8ca_coopmat_zpg_xe2bt_t128x128k64g84s16m8_texture3d_texture2d_half,2048,14336,4096,2.1927,109.689
xe2,8b,8da4w,parent,sarc_dev_linear_dq8ca_coopmat_zpg_xe2bt_t128x128k64g84s16m8_texture3d_texture2d_half,2048,14336,4096,2.2101,108.829
xe2,8b,8da4w,parent,sarc_dev_linear_dq8ca_coopmat_zpg_xe2bt_t128x128k64g84s16m8_texture3d_texture2d_half,2048,4096,14336,2.5573,94.051
xe2,8b,8da4w,parent,sarc_dev_linear_dq8ca_coopmat_zpg_xe2bt_t128x128k64g84s16m8_texture3d_texture2d_half,2048,4096,4096,0.61,112.653
xe2,8b,8da4w,parent,sarc_dev_linear_dq8ca_coopmat_zpg_xe2bt_t128x128k64g84s16m8_texture3d_texture2d_half,2048,1024,4096,0.1679,102.349
xe2,8b,8da4w,parent,sarc_dev_linear_dq8ca_coopmat_zpg_xe2bt_t128x128k64g84s16m8_texture3d_texture2d_half,2048,1024,4096,0.1709,100.512
xe2,8b,8da4w,parent,sarc_dev_linear_dq8ca_coopmat_zpg_xe2bt_t128x128k64g84s16m8_texture3d_texture2d_half,2048,4096,4096,0.6132,112.06
xe2,8b,8da4w,parent,sarc_dev_linear_dq8ca_coopmat_zpg_xe2bt_t128x128k64g84s16m8_texture3d_texture2d_half,2048,14336,4096,2.245,107.135
xe2,8b,8da4w,parent,sarc_dev_linear_dq8ca_coopmat_zpg_xe2bt_t128x128k64g84s16m8_texture3d_texture2d_half,2048,14336,4096,2.1918,109.735
xe2,8b,8da4w,parent,sarc_dev_linear_dq8ca_coopmat_zpg_xe2bt_t128x128k64g84s16m8_texture3d_texture2d_half,2048,4096,14336,2.5179,95.522
xe2,8b,8da4w,parent,sarc_dev_linear_dq8ca_coopmat_zpg_xe2bt_t128x128k64g84s16m8_texture3d_texture2d_half,2048,4096,4096,0.602,114.151
xe2,8b,8da4w,parent,sarc_dev_linear_dq8ca_coopmat_zpg_xe2bt_t128x128k64g84s16m8_texture3d_texture2d_half,2048,1024,4096,0.1695,101.375
xe2,8b,8da4w,parent,sarc_dev_linear_dq8ca_coopmat_zpg_xe2bt_t128x128k64g84s16m8_texture3d_texture2d_half,2048,1024,4096,0.1663,103.277
xe2,8b,8da4w,parent,sarc_dev_linear_dq8ca_coopmat_zpg_xe2bt_t128x128k64g84s16m8_texture3d_texture2d_half,2048,4096,4096,0.6047,113.641
xe2,8b,8da4w,parent,sarc_dev_linear_dq8ca_coopmat_zpg_xe2bt_t128x128k64g84s16m8_texture3d_texture2d_half,2048,14336,4096,2.1879,109.931
xe2,8b,8da4w,parent,sarc_dev_linear_dq8ca_coopmat_zpg_xe2bt_t128x128k64g84s16m8_texture3d_texture2d_half,2048,14336,4096,2.1799,110.335
xe2,8b,8da4w,parent,sarc_dev_linear_dq8ca_coopmat_zpg_xe2bt_t128x128k64g84s16m8_texture3d_texture2d_half,2048,4096,14336,2.568,93.661
xe2,8b,8da4w,parent,sarc_dev_linear_dq8ca_coopmat_zpg_xe2bt_t128x128k64g84s16m8_texture3d_texture2d_half,2048,4096,4096,0.6042,113.729
xe2,8b,8da4w,parent,sarc_dev_linear_dq8ca_coopmat_zpg_xe2bt_t128x128k64g84s16m8_texture3d_texture2d_half,2048,1024,4096,0.1696,101.313
xe2,8b,8da4w,parent,sarc_dev_linear_dq8ca_coopmat_zpg_xe2bt_t128x128k64g84s16m8_texture3d_texture2d_half,2048,1024,4096,0.1662,103.341
xe2,8b,8da4w,parent,sarc_dev_linear_dq8ca_coopmat_zpg_xe2bt_t128x128k64g84s16m8_texture3d_texture2d_half,2048,4096,4096,0.6103,112.595
xe2,8b,8da4w,parent,sarc_dev_linear_dq8ca_coopmat_zpg_xe2bt_t128x128k64g84s16m8_texture3d_texture2d_half,2048,14336,4096,2.2032,109.166
xe2,8b,8da4w,parent,sarc_dev_linear_dq8ca_coopmat_zpg_xe2bt_t128x128k64g84s16m8_texture3d_texture2d_half,2048,14336,4096,2.1919,109.733
xe2,8b,8da4w,parent,sarc_dev_linear_dq8ca_coopmat_zpg_xe2bt_t128x128k64g84s16m8_texture3d_texture2d_half,2048,4096,14336,2.5224,95.354
xe2,8b,8da4w,parent,sarc_dev_linear_dq8ca_coopmat_zpg_xe2bt_t128x128k64g84s16m8_texture3d_texture2d_half,2048,4096,4096,0.5938,115.731
xe2,8b,8da4w,parent,sarc_dev_linear_dq8ca_coopmat_zpg_xe2bt_t128x128k64g84s16m8_texture3d_texture2d_half,2048,1024,4096,0.1684,102.001
xe2,8b,8da4w,parent,sarc_dev_linear_dq8ca_coopmat_zpg_xe2bt_t128x128k64g84s16m8_texture3d_texture2d_half,2048,1024,4096,0.1636,104.983
xe2,8b,8da4w,parent,sarc_dev_linear_dq8ca_coopmat_zpg_xe2bt_t128x128k64g84s16m8_texture3d_texture2d_half,2048,4096,4096,0.6041,113.748
xe2,8b,8da4w,parent,sarc_dev_linear_dq8ca_coopmat_zpg_xe2bt_t128x128k64g84s16m8_texture3d_texture2d_half,2048,14336,4096,2.1854,110.057
xe2,8b,8da4w,parent,sarc_dev_linear_dq8ca_coopmat_zpg_xe2bt_t128x128k64g84s16m8_texture3d_texture2d_half,2048,14336,4096,2.1887,109.892
xe2,8b,8da4w,parent,sarc_dev_linear_dq8ca_coopmat_zpg_xe2bt_t128x128k64g84s16m8_texture3d_texture2d_half,2048,4096,14336,2.5092,95.854
xe2,8b,8da4w,parent,sarc_dev_linear_dq8ca_coopmat_zpg_xe2bt_t128x128k64g84s16m8_texture3d_texture2d_half,2048,4096,4096,0.6096,112.73
xe2,8b,8da4w,parent,sarc_dev_linear_dq8ca_coopmat_zpg_xe2bt_t128x128k64g84s16m8_texture3d_texture2d_half,2048,1024,4096,0.1695,101.344
xe2,8b,8da4w,parent,sarc_dev_linear_dq8ca_coopmat_zpg_xe2bt_t128x128k64g84s16m8_texture3d_texture2d_half,2048,1024,4096,0.161,106.713
xe2,8b,8da4w,parent,sarc_dev_linear_dq8ca_coopmat_zpg_xe2bt_t128x128k64g84s16m8_texture3d_texture2d_half,2048,4096,4096,0.6075,113.125
xe2,8b,8da4w,parent,sarc_dev_linear_dq8ca_coopmat_zpg_xe2bt_t128x128k64g84s16m8_texture3d_texture2d_half,2048,14336,4096,2.2025,109.204
xe2,8b,8da4w,parent,sarc_dev_linear_dq8ca_coopmat_zpg_xe2bt_t128x128k64g84s16m8_texture3d_texture2d_half,2048,14336,4096,2.2029,109.181
xe2,8b,8da4w,parent,sarc_dev_linear_dq8ca_coopmat_zpg_xe2bt_t128x128k64g84s16m8_texture3d_texture2d_half,2048,4096,14336,2.5904,92.851
xe2,8b,8da4w,parent,sarc_dev_linear_dq8ca_coopmat_zpg_xe2bt_t128x128k64g84s16m8_texture3d_texture2d_half,2048,4096,4096,0.5823,118.015
xe2,8b,8da4w,parent,sarc_dev_linear_dq8ca_coopmat_zpg_xe2bt_t128x128k64g84s16m8_texture3d_texture2d_half,2048,1024,4096,0.1709,100.512
xe2,8b,8da4w,parent,sarc_dev_linear_dq8ca_coopmat_zpg_xe2bt_t128x128k64g84s16m8_texture3d_texture2d_half,2048,1024,4096,0.1653,103.926
xe2,8b,8da4w,parent,sarc_dev_linear_dq8ca_coopmat_zpg_xe2bt_t128x128k64g84s16m8_texture3d_texture2d_half,2048,4096,4096,0.6008,114.378
xe2,8b,8da4w,parent,sarc_dev_linear_dq8ca_coopmat_zpg_xe2bt_t128x128k64g84s16m8_texture3d_texture2d_half,2048,14336,4096,2.1944,109.605
xe2,8b,8da4w,parent,sarc_dev_linear_dq8ca_coopmat_zpg_xe2bt_t128x128k64g84s16m8_texture3d_texture2d_half,2048,14336,4096,2.1894,109.855
xe2,8b,8da4w,parent,sarc_dev_linear_dq8ca_coopmat_zpg_xe2bt_t128x128k64g84s16m8_texture3d_texture2d_half,2048,4096,14336,2.5386,94.745
xe2,8b,8da4w,parent,sarc_dev_linear_dq8ca_coopmat_zpg_xe2bt_t128x128k64g84s16m8_texture3d_texture2d_half,2048,4096,4096,0.5935,115.791
xe2,8b,8da4w,parent,sarc_dev_linear_dq8ca_coopmat_zpg_xe2bt_t128x128k64g84s16m8_texture3d_texture2d_half,2048,1024,4096,0.166,103.471
xe2,8b,8da4w,parent,sarc_dev_linear_dq8ca_coopmat_zpg_xe2bt_t128x128k64g84s16m8_texture3d_texture2d_half,2048,1024,4096,0.1693,101.469
xe2,8b,8da4w,parent,sarc_dev_linear_dq8ca_coopmat_zpg_xe2bt_t128x128k64g84s16m8_texture3d_texture2d_half,2048,4096,4096,0.6078,113.067
xe2,8b,8da4w,parent,sarc_dev_linear_dq8ca_coopmat_zpg_xe2bt_t128x128k64g84s16m8_texture3d_texture2d_half,2048,14336,4096,2.1888,109.884
xe2,8b,8da4w,parent,sarc_dev_linear_dq8ca_coopmat_zpg_xe2bt_t128x128k64g84s16m8_texture3d_texture2d_half,2048,14336,4096,2.2023,109.212
xe2,8b,8da4w,parent,sarc_dev_linear_dq8ca_coopmat_zpg_xe2bt_t128x128k64g84s16m8_texture3d_texture2d_half,2048,4096,14336,2.5104,95.811
xe2,8b,8da4w,parent,sarc_dev_linear_dq8ca_coopmat_zpg_xe2bt_t128x128k64g84s16m8_texture3d_texture2d_half,2048,4096,4096,0.6189,111.043
xe2,8b,8da4w,parent,sarc_dev_linear_dq8ca_coopmat_zpg_xe2bt_t128x128k64g84s16m8_texture3d_texture2d_half,2048,1024,4096,0.1705,100.757
xe2,8b,8da4w,parent,sarc_dev_linear_dq8ca_coopmat_zpg_xe2bt_t128x128k64g84s16m8_texture3d_texture2d_half,2048,1024,4096,0.1657,103.666
xe2,8b,8da4w,parent,sarc_dev_linear_dq8ca_coopmat_zpg_xe2bt_t128x128k64g84s16m8_texture3d_texture2d_half,2048,4096,4096,0.6073,113.164
xe2,8b,8da4w,parent,sarc_dev_linear_dq8ca_coopmat_zpg_xe2bt_t128x128k64g84s16m8_texture3d_texture2d_half,2048,14336,4096,2.2019,109.233
xe2,8b,8da4w,parent,sarc_dev_linear_dq8ca_coopmat_zpg_xe2bt_t128x128k64g84s16m8_texture3d_texture2d_half,2048,14336,4096,2.1802,110.319
xe2,8b,8da4w,parent,sarc_dev_linear_dq8ca_coopmat_zpg_xe2bt_t128x128k64g84s16m8_texture3d_texture2d_half,2048,4096,14336,2.5523,94.237
xe2,8b,8da4w,parent,sarc_dev_linear_dq8ca_coopmat_zpg_xe2bt_t128x128k64g84s16m8_texture3d_texture2d_half,2048,4096,4096,0.5932,115.852
xe2,8b,8da4w,parent,sarc_dev_linear_dq8ca_coopmat_zpg_xe2bt_t128x128k64g84s16m8_texture3d_texture2d_half,2048,1024,4096,0.1681,102.191
xe2,8b,8da4w,parent,sarc_dev_linear_dq8ca_coopmat_zpg_xe2bt_t128x128k64g84s16m8_texture3d_texture2d_half,2048,1024,4096,0.1655,103.796
xe2,8b,8da4w,parent,sarc_dev_linear_dq8ca_coopmat_zpg_xe2bt_t128x128k64g84s16m8_texture3d_texture2d_half,2048,4096,4096,0.6043,113.709
xe2,8b,8da4w,parent,sarc_dev_linear_dq8ca_coopmat_zpg_xe2bt_t128x128k64g84s16m8_texture3d_texture2d_half,2048,14336,4096,2.2441,107.177
xe2,8b,8da4w,parent,sarc_dev_linear_dq8ca_coopmat_zpg_xe2bt_t128x128k64g84s16m8_texture3d_texture2d_half,2048,14336,4096,2.1982,109.416
xe2,8b,8da4w,parent,sarc_dev_linear_dq8ca_coopmat_zpg_xe2bt_t128x128k64g84s16m8_texture3d_texture2d_half,2048,4096,14336,2.57,93.585
xe2,8b,8da4w,parent,sarc_dev_linear_dq8ca_coopmat_zpg_xe2bt_t128x128k64g84s16m8_texture3d_texture2d_half,2048,4096,4096,0.6126,112.184
xe2,8b,8da4w,parent,sarc_dev_linear_dq8ca_coopmat_zpg_xe2bt_t128x128k64g84s16m8_texture3d_texture2d_half,2048,1024,4096,0.1736,98.946
xe2,8b,8da4w,parent,sarc_dev_linear_dq8ca_coopmat_zpg_xe2bt_t128x128k64g84s16m8_texture3d_texture2d_half,2048,1024,4096,0.1653,103.926
xe2,8b,8da4w,parent,sarc_dev_linear_dq8ca_coopmat_zpg_xe2bt_t128x128k64g84s16m8_texture3d_texture2d_half,2048,4096,4096,0.6,114.537
xe2,8b,8da4w,parent,sarc_dev_linear_dq8ca_coopmat_zpg_xe2bt_t128x128k64g84s16m8_texture3d_texture2d_half,2048,14336,4096,2.1924,109.707
xe2,8b,8da4w,parent,sarc_dev_linear_dq8ca_coopmat_zpg_xe2bt_t128x128k64g84s16m8_texture3d_texture2d_half,2048,14336,4096,2.1982,109.414
xe2,8b,8da4w,parent,sarc_dev_linear_dq8ca_coopmat_zpg_xe2bt_t128x128k64g84s16m8_texture3d_texture2d_half,2048,4096,14336,2.4929,96.482
xe2,8b,8da4w,parent,sarc_dev_linear_dq8ca_coopmat_zpg_xe2bt_t128x128k64g84s16m8_texture3d_texture2d_half,2048,4096,4096,0.6027,114.013
xe2,8b,8da4w,parent,sarc_dev_linear_dq8ca_coopmat_zpg_xe2bt_t128x128k64g84s16m8_texture3d_texture2d_half,2048,1024,4096,0.1699,101.127
xe2,8b,8da4w,parent,sarc_dev_linear_dq8ca_coopmat_zpg_xe2bt_t128x128k64g84s16m8_texture3d_texture2d_half,2048,1024,4096,0.165,104.09
xe2,8b,8da4w,parent,sarc_dev_linear_dq8ca_coopmat_zpg_xe2bt_t128x128k64g84s16m8_texture3d_texture2d_half,2048,4096,4096,0.6029,113.974
xe2,8b,8da4w,parent,sarc_dev_linear_dq8ca_coopmat_zpg_xe2bt_t128x128k64g84s16m8_texture3d_texture2d_half,2048,14336,4096,2.195,109.574
xe2,8b,8da4w,parent,sarc_dev_linear_dq8ca_coopmat_zpg_xe2bt_t128x128k64g84s16m8_texture3d_texture2d_half,2048,14336,4096,2.1932,109.668
xe2,8b,8da4w,parent,sarc_dev_linear_dq8ca_coopmat_zpg_xe2bt_t128x128k64g84s16m8_texture3d_texture2d_half,2048,4096,14336,2.5746,93.421
