{"op_code":0,"worker_id":"547befa4-d3f5-426d-84d3-e65f6c8cc7c8-126708796380992","study_name":"dq8ca_samsung-xclipse-970-maxclk","directions":[2]}
{"op_code":4,"worker_id":"547befa4-d3f5-426d-84d3-e65f6c8cc7c8-126708796380992","study_id":0,"datetime_start":null,"state":4,"value":null,"values":null,"distributions":{},"params":{},"user_attrs":{},"system_attrs":{"fixed_params":{"m":64,"n":128,"k":32,"gx":4,"gy":1,"sub":32}},"intermediate_values":{}}
{"op_code":4,"worker_id":"547befa4-d3f5-426d-84d3-e65f6c8cc7c8-126708796380992","study_id":0,"datetime_start":null,"state":4,"value":null,"values":null,"distributions":{},"params":{},"user_attrs":{},"system_attrs":{"fixed_params":{"m":64,"n":32,"k":32,"gx":1,"gy":2,"sub":64}},"intermediate_values":{}}
{"op_code":6,"worker_id":"547befa4-d3f5-426d-84d3-e65f6c8cc7c8-126708796380992","trial_id":0,"state":0,"values":null,"datetime_start":"2026-07-24T01:50:58.812927"}
{"op_code":5,"worker_id":"547befa4-d3f5-426d-84d3-e65f6c8cc7c8-126708796380992","trial_id":0,"param_name":"m","param_value_internal":2,"distribution":"{\"name\": \"CategoricalDistribution\", \"attributes\": {\"choices\": [16, 32, 64, 128, 256]}}"}
{"op_code":5,"worker_id":"547befa4-d3f5-426d-84d3-e65f6c8cc7c8-126708796380992","trial_id":0,"param_name":"n","param_value_internal":3,"distribution":"{\"name\": \"CategoricalDistribution\", \"attributes\": {\"choices\": [16, 32, 64, 128, 256]}}"}
{"op_code":5,"worker_id":"547befa4-d3f5-426d-84d3-e65f6c8cc7c8-126708796380992","trial_id":0,"param_name":"k","param_value_internal":1,"distribution":"{\"name\": \"CategoricalDistribution\", \"attributes\": {\"choices\": [16, 32, 64, 128]}}"}
{"op_code":5,"worker_id":"547befa4-d3f5-426d-84d3-e65f6c8cc7c8-126708796380992","trial_id":0,"param_name":"gx","param_value_internal":2,"distribution":"{\"name\": \"CategoricalDistribution\", \"attributes\": {\"choices\": [1, 2, 4, 8]}}"}
{"op_code":5,"worker_id":"547befa4-d3f5-426d-84d3-e65f6c8cc7c8-126708796380992","trial_id":0,"param_name":"gy","param_value_internal":0,"distribution":"{\"name\": \"CategoricalDistribution\", \"attributes\": {\"choices\": [1, 2, 4, 8]}}"}
{"op_code":5,"worker_id":"547befa4-d3f5-426d-84d3-e65f6c8cc7c8-126708796380992","trial_id":0,"param_name":"sub","param_value_internal":0,"distribution":"{\"name\": \"CategoricalDistribution\", \"attributes\": {\"choices\": [32, 64]}}"}
{"op_code":6,"worker_id":"547befa4-d3f5-426d-84d3-e65f6c8cc7c8-126708796380992","trial_id":0,"state":2,"values":null,"datetime_complete":"2026-07-24T01:50:58.825465"}
{"op_code":6,"worker_id":"547befa4-d3f5-426d-84d3-e65f6c8cc7c8-126708796380992","trial_id":1,"state":0,"values":null,"datetime_start":"2026-07-24T01:50:58.827659"}
{"op_code":5,"worker_id":"547befa4-d3f5-426d-84d3-e65f6c8cc7c8-126708796380992","trial_id":1,"param_name":"m","param_value_internal":2,"distribution":"{\"name\": \"CategoricalDistribution\", \"attributes\": {\"choices\": [16, 32, 64, 128, 256]}}"}
{"op_code":5,"worker_id":"547befa4-d3f5-426d-84d3-e65f6c8cc7c8-126708796380992","trial_id":1,"param_name":"n","param_value_internal":1,"distribution":"{\"name\": \"CategoricalDistribution\", \"attributes\": {\"choices\": [16, 32, 64, 128, 256]}}"}
{"op_code":5,"worker_id":"547befa4-d3f5-426d-84d3-e65f6c8cc7c8-126708796380992","trial_id":1,"param_name":"k","param_value_internal":1,"distribution":"{\"name\": \"CategoricalDistribution\", \"attributes\": {\"choices\": [16, 32, 64, 128]}}"}
{"op_code":5,"worker_id":"547befa4-d3f5-426d-84d3-e65f6c8cc7c8-126708796380992","trial_id":1,"param_name":"gx","param_value_internal":0,"distribution":"{\"name\": \"CategoricalDistribution\", \"attributes\": {\"choices\": [1, 2, 4, 8]}}"}
{"op_code":5,"worker_id":"547befa4-d3f5-426d-84d3-e65f6c8cc7c8-126708796380992","trial_id":1,"param_name":"gy","param_value_internal":1,"distribution":"{\"name\": \"CategoricalDistribution\", \"attributes\": {\"choices\": [1, 2, 4, 8]}}"}
{"op_code":5,"worker_id":"547befa4-d3f5-426d-84d3-e65f6c8cc7c8-126708796380992","trial_id":1,"param_name":"sub","param_value_internal":1,"distribution":"{\"name\": \"CategoricalDistribution\", \"attributes\": {\"choices\": [32, 64]}}"}
{"op_code":8,"worker_id":"547befa4-d3f5-426d-84d3-e65f6c8cc7c8-126708796380992","trial_id":1,"user_attr":{"token":"tsweep_t64x32k32g12s64"}}
{"op_code":4,"worker_id":"547befa4-d3f5-426d-84d3-e65f6c8cc7c8-126708796380992","study_id":0,"datetime_start":"2026-07-24T01:50:58.840826"}
{"op_code":5,"worker_id":"547befa4-d3f5-426d-84d3-e65f6c8cc7c8-126708796380992","trial_id":2,"param_name":"m","param_value_internal":2,"distribution":"{\"name\": \"CategoricalDistribution\", \"attributes\": {\"choices\": [16, 32, 64, 128, 256]}}"}
{"op_code":5,"worker_id":"547befa4-d3f5-426d-84d3-e65f6c8cc7c8-126708796380992","trial_id":2,"param_name":"n","param_value_internal":3,"distribution":"{\"name\": \"CategoricalDistribution\", \"attributes\": {\"choices\": [16, 32, 64, 128, 256]}}"}
{"op_code":5,"worker_id":"547befa4-d3f5-426d-84d3-e65f6c8cc7c8-126708796380992","trial_id":2,"param_name":"k","param_value_internal":0,"distribution":"{\"name\": \"CategoricalDistribution\", \"attributes\": {\"choices\": [16, 32, 64, 128]}}"}
{"op_code":5,"worker_id":"547befa4-d3f5-426d-84d3-e65f6c8cc7c8-126708796380992","trial_id":2,"param_name":"gx","param_value_internal":3,"distribution":"{\"name\": \"CategoricalDistribution\", \"attributes\": {\"choices\": [1, 2, 4, 8]}}"}
{"op_code":5,"worker_id":"547befa4-d3f5-426d-84d3-e65f6c8cc7c8-126708796380992","trial_id":2,"param_name":"gy","param_value_internal":2,"distribution":"{\"name\": \"CategoricalDistribution\", \"attributes\": {\"choices\": [1, 2, 4, 8]}}"}
{"op_code":5,"worker_id":"547befa4-d3f5-426d-84d3-e65f6c8cc7c8-126708796380992","trial_id":2,"param_name":"sub","param_value_internal":0,"distribution":"{\"name\": \"CategoricalDistribution\", \"attributes\": {\"choices\": [32, 64]}}"}
{"op_code":6,"worker_id":"547befa4-d3f5-426d-84d3-e65f6c8cc7c8-126708796380992","trial_id":2,"state":2,"values":null,"datetime_complete":"2026-07-24T01:50:58.855025"}
{"op_code":4,"worker_id":"547befa4-d3f5-426d-84d3-e65f6c8cc7c8-126708796380992","study_id":0,"datetime_start":"2026-07-24T01:50:58.857122"}
{"op_code":5,"worker_id":"547befa4-d3f5-426d-84d3-e65f6c8cc7c8-126708796380992","trial_id":3,"param_name":"m","param_value_internal":0,"distribution":"{\"name\": \"CategoricalDistribution\", \"attributes\": {\"choices\": [16, 32, 64, 128, 256]}}"}
{"op_code":5,"worker_id":"547befa4-d3f5-426d-84d3-e65f6c8cc7c8-126708796380992","trial_id":3,"param_name":"n","param_value_internal":1,"distribution":"{\"name\": \"CategoricalDistribution\", \"attributes\": {\"choices\": [16, 32, 64, 128, 256]}}"}
{"op_code":5,"worker_id":"547befa4-d3f5-426d-84d3-e65f6c8cc7c8-126708796380992","trial_id":3,"param_name":"k","param_value_internal":2,"distribution":"{\"name\": \"CategoricalDistribution\", \"attributes\": {\"choices\": [16, 32, 64, 128]}}"}
{"op_code":5,"worker_id":"547befa4-d3f5-426d-84d3-e65f6c8cc7c8-126708796380992","trial_id":3,"param_name":"gx","param_value_internal":2,"distribution":"{\"name\": \"CategoricalDistribution\", \"attributes\": {\"choices\": [1, 2, 4, 8]}}"}
{"op_code":5,"worker_id":"547befa4-d3f5-426d-84d3-e65f6c8cc7c8-126708796380992","trial_id":3,"param_name":"gy","param_value_internal":0,"distribution":"{\"name\": \"CategoricalDistribution\", \"attributes\": {\"choices\": [1, 2, 4, 8]}}"}
{"op_code":5,"worker_id":"547befa4-d3f5-426d-84d3-e65f6c8cc7c8-126708796380992","trial_id":3,"param_name":"sub","param_value_internal":1,"distribution":"{\"name\": \"CategoricalDistribution\", \"attributes\": {\"choices\": [32, 64]}}"}
{"op_code":6,"worker_id":"547befa4-d3f5-426d-84d3-e65f6c8cc7c8-126708796380992","trial_id":3,"state":2,"values":null,"datetime_complete":"2026-07-24T01:50:58.870884"}
{"op_code":4,"worker_id":"547befa4-d3f5-426d-84d3-e65f6c8cc7c8-126708796380992","study_id":0,"datetime_start":"2026-07-24T01:50:58.872863"}
{"op_code":5,"worker_id":"547befa4-d3f5-426d-84d3-e65f6c8cc7c8-126708796380992","trial_id":4,"param_name":"m","param_value_internal":2,"distribution":"{\"name\": \"CategoricalDistribution\", \"attributes\": {\"choices\": [16, 32, 64, 128, 256]}}"}
{"op_code":5,"worker_id":"547befa4-d3f5-426d-84d3-e65f6c8cc7c8-126708796380992","trial_id":4,"param_name":"n","param_value_internal":4,"distribution":"{\"name\": \"CategoricalDistribution\", \"attributes\": {\"choices\": [16, 32, 64, 128, 256]}}"}
{"op_code":5,"worker_id":"547befa4-d3f5-426d-84d3-e65f6c8cc7c8-126708796380992","trial_id":4,"param_name":"k","param_value_internal":0,"distribution":"{\"name\": \"CategoricalDistribution\", \"attributes\": {\"choices\": [16, 32, 64, 128]}}"}
{"op_code":5,"worker_id":"547befa4-d3f5-426d-84d3-e65f6c8cc7c8-126708796380992","trial_id":4,"param_name":"gx","param_value_internal":3,"distribution":"{\"name\": \"CategoricalDistribution\", \"attributes\": {\"choices\": [1, 2, 4, 8]}}"}
{"op_code":5,"worker_id":"547befa4-d3f5-426d-84d3-e65f6c8cc7c8-126708796380992","trial_id":4,"param_name":"gy","param_value_internal":1,"distribution":"{\"name\": \"CategoricalDistribution\", \"attributes\": {\"choices\": [1, 2, 4, 8]}}"}
{"op_code":5,"worker_id":"547befa4-d3f5-426d-84d3-e65f6c8cc7c8-126708796380992","trial_id":4,"param_name":"sub","param_value_internal":0,"distribution":"{\"name\": \"CategoricalDistribution\", \"attributes\": {\"choices\": [32, 64]}}"}
{"op_code":6,"worker_id":"547befa4-d3f5-426d-84d3-e65f6c8cc7c8-126708796380992","trial_id":4,"state":2,"values":null,"datetime_complete":"2026-07-24T01:50:58.886705"}
{"op_code":4,"worker_id":"547befa4-d3f5-426d-84d3-e65f6c8cc7c8-126708796380992","study_id":0,"datetime_start":"2026-07-24T01:50:58.888847"}
{"op_code":5,"worker_id":"547befa4-d3f5-426d-84d3-e65f6c8cc7c8-126708796380992","trial_id":5,"param_name":"m","param_value_internal":4,"distribution":"{\"name\": \"CategoricalDistribution\", \"attributes\": {\"choices\": [16, 32, 64, 128, 256]}}"}
{"op_code":5,"worker_id":"547befa4-d3f5-426d-84d3-e65f6c8cc7c8-126708796380992","trial_id":5,"param_name":"n","param_value_internal":3,"distribution":"{\"name\": \"CategoricalDistribution\", \"attributes\": {\"choices\": [16, 32, 64, 128, 256]}}"}
{"op_code":5,"worker_id":"547befa4-d3f5-426d-84d3-e65f6c8cc7c8-126708796380992","trial_id":5,"param_name":"k","param_value_internal":2,"distribution":"{\"name\": \"CategoricalDistribution\", \"attributes\": {\"choices\": [16, 32, 64, 128]}}"}
{"op_code":5,"worker_id":"547befa4-d3f5-426d-84d3-e65f6c8cc7c8-126708796380992","trial_id":5,"param_name":"gx","param_value_internal":2,"distribution":"{\"name\": \"CategoricalDistribution\", \"attributes\": {\"choices\": [1, 2, 4, 8]}}"}
{"op_code":5,"worker_id":"547befa4-d3f5-426d-84d3-e65f6c8cc7c8-126708796380992","trial_id":5,"param_name":"gy","param_value_internal":2,"distribution":"{\"name\": \"CategoricalDistribution\", \"attributes\": {\"choices\": [1, 2, 4, 8]}}"}
{"op_code":5,"worker_id":"547befa4-d3f5-426d-84d3-e65f6c8cc7c8-126708796380992","trial_id":5,"param_name":"sub","param_value_internal":0,"distribution":"{\"name\": \"CategoricalDistribution\", \"attributes\": {\"choices\": [32, 64]}}"}
{"op_code":6,"worker_id":"547befa4-d3f5-426d-84d3-e65f6c8cc7c8-126708796380992","trial_id":5,"state":2,"values":null,"datetime_complete":"2026-07-24T01:50:58.903689"}
{"op_code":4,"worker_id":"547befa4-d3f5-426d-84d3-e65f6c8cc7c8-126708796380992","study_id":0,"datetime_start":"2026-07-24T01:50:58.905805"}
{"op_code":5,"worker_id":"547befa4-d3f5-426d-84d3-e65f6c8cc7c8-126708796380992","trial_id":6,"param_name":"m","param_value_internal":2,"distribution":"{\"name\": \"CategoricalDistribution\", \"attributes\": {\"choices\": [16, 32, 64, 128, 256]}}"}
{"op_code":5,"worker_id":"547befa4-d3f5-426d-84d3-e65f6c8cc7c8-126708796380992","trial_id":6,"param_name":"n","param_value_internal":2,"distribution":"{\"name\": \"CategoricalDistribution\", \"attributes\": {\"choices\": [16, 32, 64, 128, 256]}}"}
{"op_code":5,"worker_id":"547befa4-d3f5-426d-84d3-e65f6c8cc7c8-126708796380992","trial_id":6,"param_name":"k","param_value_internal":3,"distribution":"{\"name\": \"CategoricalDistribution\", \"attributes\": {\"choices\": [16, 32, 64, 128]}}"}
{"op_code":5,"worker_id":"547befa4-d3f5-426d-84d3-e65f6c8cc7c8-126708796380992","trial_id":6,"param_name":"gx","param_value_internal":2,"distribution":"{\"name\": \"CategoricalDistribution\", \"attributes\": {\"choices\": [1, 2, 4, 8]}}"}
{"op_code":5,"worker_id":"547befa4-d3f5-426d-84d3-e65f6c8cc7c8-126708796380992","trial_id":6,"param_name":"gy","param_value_internal":2,"distribution":"{\"name\": \"CategoricalDistribution\", \"attributes\": {\"choices\": [1, 2, 4, 8]}}"}
{"op_code":5,"worker_id":"547befa4-d3f5-426d-84d3-e65f6c8cc7c8-126708796380992","trial_id":6,"param_name":"sub","param_value_internal":1,"distribution":"{\"name\": \"CategoricalDistribution\", \"attributes\": {\"choices\": [32, 64]}}"}
{"op_code":8,"worker_id":"547befa4-d3f5-426d-84d3-e65f6c8cc7c8-126708796380992","trial_id":6,"user_attr":{"token":"tsweep_t64x64k128g44s64"}}
{"op_code":4,"worker_id":"547befa4-d3f5-426d-84d3-e65f6c8cc7c8-126708796380992","study_id":0,"datetime_start":"2026-07-24T01:50:58.921394"}
{"op_code":5,"worker_id":"547befa4-d3f5-426d-84d3-e65f6c8cc7c8-126708796380992","trial_id":7,"param_name":"m","param_value_internal":4,"distribution":"{\"name\": \"CategoricalDistribution\", \"attributes\": {\"choices\": [16, 32, 64, 128, 256]}}"}
{"op_code":5,"worker_id":"547befa4-d3f5-426d-84d3-e65f6c8cc7c8-126708796380992","trial_id":7,"param_name":"n","param_value_internal":2,"distribution":"{\"name\": \"CategoricalDistribution\", \"attributes\": {\"choices\": [16, 32, 64, 128, 256]}}"}
{"op_code":5,"worker_id":"547befa4-d3f5-426d-84d3-e65f6c8cc7c8-126708796380992","trial_id":7,"param_name":"k","param_value_internal":3,"distribution":"{\"name\": \"CategoricalDistribution\", \"attributes\": {\"choices\": [16, 32, 64, 128]}}"}
{"op_code":5,"worker_id":"547befa4-d3f5-426d-84d3-e65f6c8cc7c8-126708796380992","trial_id":7,"param_name":"gx","param_value_internal":0,"distribution":"{\"name\": \"CategoricalDistribution\", \"attributes\": {\"choices\": [1, 2, 4, 8]}}"}
{"op_code":5,"worker_id":"547befa4-d3f5-426d-84d3-e65f6c8cc7c8-126708796380992","trial_id":7,"param_name":"gy","param_value_internal":1,"distribution":"{\"name\": \"CategoricalDistribution\", \"attributes\": {\"choices\": [1, 2, 4, 8]}}"}
{"op_code":5,"worker_id":"547befa4-d3f5-426d-84d3-e65f6c8cc7c8-126708796380992","trial_id":7,"param_name":"sub","param_value_internal":1,"distribution":"{\"name\": \"CategoricalDistribution\", \"attributes\": {\"choices\": [32, 64]}}"}
{"op_code":6,"worker_id":"547befa4-d3f5-426d-84d3-e65f6c8cc7c8-126708796380992","trial_id":7,"state":2,"values":null,"datetime_complete":"2026-07-24T01:50:58.935100"}
{"op_code":4,"worker_id":"547befa4-d3f5-426d-84d3-e65f6c8cc7c8-126708796380992","study_id":0,"datetime_start":"2026-07-24T01:50:58.937146"}
{"op_code":5,"worker_id":"547befa4-d3f5-426d-84d3-e65f6c8cc7c8-126708796380992","trial_id":8,"param_name":"m","param_value_internal":4,"distribution":"{\"name\": \"CategoricalDistribution\", \"attributes\": {\"choices\": [16, 32, 64, 128, 256]}}"}
{"op_code":5,"worker_id":"547befa4-d3f5-426d-84d3-e65f6c8cc7c8-126708796380992","trial_id":8,"param_name":"n","param_value_internal":1,"distribution":"{\"name\": \"CategoricalDistribution\", \"attributes\": {\"choices\": [16, 32, 64, 128, 256]}}"}
{"op_code":5,"worker_id":"547befa4-d3f5-426d-84d3-e65f6c8cc7c8-126708796380992","trial_id":8,"param_name":"k","param_value_internal":2,"distribution":"{\"name\": \"CategoricalDistribution\", \"attributes\": {\"choices\": [16, 32, 64, 128]}}"}
{"op_code":5,"worker_id":"547befa4-d3f5-426d-84d3-e65f6c8cc7c8-126708796380992","trial_id":8,"param_name":"gx","param_value_internal":1,"distribution":"{\"name\": \"CategoricalDistribution\", \"attributes\": {\"choices\": [1, 2, 4, 8]}}"}
{"op_code":5,"worker_id":"547befa4-d3f5-426d-84d3-e65f6c8cc7c8-126708796380992","trial_id":8,"param_name":"gy","param_value_internal":0,"distribution":"{\"name\": \"CategoricalDistribution\", \"attributes\": {\"choices\": [1, 2, 4, 8]}}"}
{"op_code":5,"worker_id":"547befa4-d3f5-426d-84d3-e65f6c8cc7c8-126708796380992","trial_id":8,"param_name":"sub","param_value_internal":1,"distribution":"{\"name\": \"CategoricalDistribution\", \"attributes\": {\"choices\": [32, 64]}}"}
{"op_code":8,"worker_id":"547befa4-d3f5-426d-84d3-e65f6c8cc7c8-126708796380992","trial_id":8,"user_attr":{"token":"tsweep_t256x32k64g21s64"}}
{"op_code":4,"worker_id":"547befa4-d3f5-426d-84d3-e65f6c8cc7c8-126708796380992","study_id":0,"datetime_start":"2026-07-24T01:50:58.954460"}
{"op_code":5,"worker_id":"547befa4-d3f5-426d-84d3-e65f6c8cc7c8-126708796380992","trial_id":9,"param_name":"m","param_value_internal":1,"distribution":"{\"name\": \"CategoricalDistribution\", \"attributes\": {\"choices\": [16, 32, 64, 128, 256]}}"}
{"op_code":5,"worker_id":"547befa4-d3f5-426d-84d3-e65f6c8cc7c8-126708796380992","trial_id":9,"param_name":"n","param_value_internal":1,"distribution":"{\"name\": \"CategoricalDistribution\", \"attributes\": {\"choices\": [16, 32, 64, 128, 256]}}"}
{"op_code":5,"worker_id":"547befa4-d3f5-426d-84d3-e65f6c8cc7c8-126708796380992","trial_id":9,"param_name":"k","param_value_internal":1,"distribution":"{\"name\": \"CategoricalDistribution\", \"attributes\": {\"choices\": [16, 32, 64, 128]}}"}
{"op_code":5,"worker_id":"547befa4-d3f5-426d-84d3-e65f6c8cc7c8-126708796380992","trial_id":9,"param_name":"gx","param_value_internal":2,"distribution":"{\"name\": \"CategoricalDistribution\", \"attributes\": {\"choices\": [1, 2, 4, 8]}}"}
{"op_code":5,"worker_id":"547befa4-d3f5-426d-84d3-e65f6c8cc7c8-126708796380992","trial_id":9,"param_name":"gy","param_value_internal":1,"distribution":"{\"name\": \"CategoricalDistribution\", \"attributes\": {\"choices\": [1, 2, 4, 8]}}"}
{"op_code":5,"worker_id":"547befa4-d3f5-426d-84d3-e65f6c8cc7c8-126708796380992","trial_id":9,"param_name":"sub","param_value_internal":0,"distribution":"{\"name\": \"CategoricalDistribution\", \"attributes\": {\"choices\": [32, 64]}}"}
{"op_code":6,"worker_id":"547befa4-d3f5-426d-84d3-e65f6c8cc7c8-126708796380992","trial_id":9,"state":2,"values":null,"datetime_complete":"2026-07-24T01:50:58.972369"}
{"op_code":4,"worker_id":"547befa4-d3f5-426d-84d3-e65f6c8cc7c8-126708796380992","study_id":0,"datetime_start":"2026-07-24T01:50:58.975129"}
{"op_code":5,"worker_id":"547befa4-d3f5-426d-84d3-e65f6c8cc7c8-126708796380992","trial_id":10,"param_name":"m","param_value_internal":3,"distribution":"{\"name\": \"CategoricalDistribution\", \"attributes\": {\"choices\": [16, 32, 64, 128, 256]}}"}
{"op_code":5,"worker_id":"547befa4-d3f5-426d-84d3-e65f6c8cc7c8-126708796380992","trial_id":10,"param_name":"n","param_value_internal":0,"distribution":"{\"name\": \"CategoricalDistribution\", \"attributes\": {\"choices\": [16, 32, 64, 128, 256]}}"}
{"op_code":5,"worker_id":"547befa4-d3f5-426d-84d3-e65f6c8cc7c8-126708796380992","trial_id":10,"param_name":"k","param_value_internal":2,"distribution":"{\"name\": \"CategoricalDistribution\", \"attributes\": {\"choices\": [16, 32, 64, 128]}}"}
{"op_code":5,"worker_id":"547befa4-d3f5-426d-84d3-e65f6c8cc7c8-126708796380992","trial_id":10,"param_name":"gx","param_value_internal":3,"distribution":"{\"name\": \"CategoricalDistribution\", \"attributes\": {\"choices\": [1, 2, 4, 8]}}"}
{"op_code":5,"worker_id":"547befa4-d3f5-426d-84d3-e65f6c8cc7c8-126708796380992","trial_id":10,"param_name":"gy","param_value_internal":2,"distribution":"{\"name\": \"CategoricalDistribution\", \"attributes\": {\"choices\": [1, 2, 4, 8]}}"}
{"op_code":5,"worker_id":"547befa4-d3f5-426d-84d3-e65f6c8cc7c8-126708796380992","trial_id":10,"param_name":"sub","param_value_internal":0,"distribution":"{\"name\": \"CategoricalDistribution\", \"attributes\": {\"choices\": [32, 64]}}"}
{"op_code":6,"worker_id":"547befa4-d3f5-426d-84d3-e65f6c8cc7c8-126708796380992","trial_id":10,"state":2,"values":null,"datetime_complete":"2026-07-24T01:50:58.992062"}
{"op_code":4,"worker_id":"547befa4-d3f5-426d-84d3-e65f6c8cc7c8-126708796380992","study_id":0,"datetime_start":"2026-07-24T01:50:58.994380"}
{"op_code":5,"worker_id":"547befa4-d3f5-426d-84d3-e65f6c8cc7c8-126708796380992","trial_id":11,"param_name":"m","param_value_internal":0,"distribution":"{\"name\": \"CategoricalDistribution\", \"attributes\": {\"choices\": [16, 32, 64, 128, 256]}}"}
{"op_code":5,"worker_id":"547befa4-d3f5-426d-84d3-e65f6c8cc7c8-126708796380992","trial_id":11,"param_name":"n","param_value_internal":1,"distribution":"{\"name\": \"CategoricalDistribution\", \"attributes\": {\"choices\": [16, 32, 64, 128, 256]}}"}
{"op_code":5,"worker_id":"547befa4-d3f5-426d-84d3-e65f6c8cc7c8-126708796380992","trial_id":11,"param_name":"k","param_value_internal":3,"distribution":"{\"name\": \"CategoricalDistribution\", \"attributes\": {\"choices\": [16, 32, 64, 128]}}"}
{"op_code":5,"worker_id":"547befa4-d3f5-426d-84d3-e65f6c8cc7c8-126708796380992","trial_id":11,"param_name":"gx","param_value_internal":0,"distribution":"{\"name\": \"CategoricalDistribution\", \"attributes\": {\"choices\": [1, 2, 4, 8]}}"}
{"op_code":5,"worker_id":"547befa4-d3f5-426d-84d3-e65f6c8cc7c8-126708796380992","trial_id":11,"param_name":"gy","param_value_internal":3,"distribution":"{\"name\": \"CategoricalDistribution\", \"attributes\": {\"choices\": [1, 2, 4, 8]}}"}
{"op_code":5,"worker_id":"547befa4-d3f5-426d-84d3-e65f6c8cc7c8-126708796380992","trial_id":11,"param_name":"sub","param_value_internal":0,"distribution":"{\"name\": \"CategoricalDistribution\", \"attributes\": {\"choices\": [32, 64]}}"}
{"op_code":6,"worker_id":"547befa4-d3f5-426d-84d3-e65f6c8cc7c8-126708796380992","trial_id":11,"state":2,"values":null,"datetime_complete":"2026-07-24T01:50:59.008611"}
{"op_code":4,"worker_id":"547befa4-d3f5-426d-84d3-e65f6c8cc7c8-126708796380992","study_id":0,"datetime_start":"2026-07-24T01:50:59.010650"}
{"op_code":5,"worker_id":"547befa4-d3f5-426d-84d3-e65f6c8cc7c8-126708796380992","trial_id":12,"param_name":"m","param_value_internal":0,"distribution":"{\"name\": \"CategoricalDistribution\", \"attributes\": {\"choices\": [16, 32, 64, 128, 256]}}"}
{"op_code":5,"worker_id":"547befa4-d3f5-426d-84d3-e65f6c8cc7c8-126708796380992","trial_id":12,"param_name":"n","param_value_internal":1,"distribution":"{\"name\": \"CategoricalDistribution\", \"attributes\": {\"choices\": [16, 32, 64, 128, 256]}}"}
{"op_code":5,"worker_id":"547befa4-d3f5-426d-84d3-e65f6c8cc7c8-126708796380992","trial_id":12,"param_name":"k","param_value_internal":3,"distribution":"{\"name\": \"CategoricalDistribution\", \"attributes\": {\"choices\": [16, 32, 64, 128]}}"}
{"op_code":5,"worker_id":"547befa4-d3f5-426d-84d3-e65f6c8cc7c8-126708796380992","trial_id":12,"param_name":"gx","param_value_internal":0,"distribution":"{\"name\": \"CategoricalDistribution\", \"attributes\": {\"choices\": [1, 2, 4, 8]}}"}
{"op_code":5,"worker_id":"547befa4-d3f5-426d-84d3-e65f6c8cc7c8-126708796380992","trial_id":12,"param_name":"gy","param_value_internal":3,"distribution":"{\"name\": \"CategoricalDistribution\", \"attributes\": {\"choices\": [1, 2, 4, 8]}}"}
{"op_code":5,"worker_id":"547befa4-d3f5-426d-84d3-e65f6c8cc7c8-126708796380992","trial_id":12,"param_name":"sub","param_value_internal":1,"distribution":"{\"name\": \"CategoricalDistribution\", \"attributes\": {\"choices\": [32, 64]}}"}
{"op_code":6,"worker_id":"547befa4-d3f5-426d-84d3-e65f6c8cc7c8-126708796380992","trial_id":12,"state":2,"values":null,"datetime_complete":"2026-07-24T01:50:59.024806"}
{"op_code":4,"worker_id":"547befa4-d3f5-426d-84d3-e65f6c8cc7c8-126708796380992","study_id":0,"datetime_start":"2026-07-24T01:50:59.026809"}
{"op_code":9,"worker_id":"547befa4-d3f5-426d-84d3-e65f6c8cc7c8-126708796380992","trial_id":13,"system_attr":{"tpe:relative_params:0":"{\"gx\": 4, \"gy\": 1, \"k\": 32, \"m\": 64, \"n\": 128, \"sub\": 32}"}}
{"op_code":5,"worker_id":"547befa4-d3f5-426d-84d3-e65f6c8cc7c8-126708796380992","trial_id":13,"param_name":"m","param_value_internal":2,"distribution":"{\"name\": \"CategoricalDistribution\", \"attributes\": {\"choices\": [16, 32, 64, 128, 256]}}"}
{"op_code":5,"worker_id":"547befa4-d3f5-426d-84d3-e65f6c8cc7c8-126708796380992","trial_id":13,"param_name":"n","param_value_internal":3,"distribution":"{\"name\": \"CategoricalDistribution\", \"attributes\": {\"choices\": [16, 32, 64, 128, 256]}}"}
{"op_code":5,"worker_id":"547befa4-d3f5-426d-84d3-e65f6c8cc7c8-126708796380992","trial_id":13,"param_name":"k","param_value_internal":1,"distribution":"{\"name\": \"CategoricalDistribution\", \"attributes\": {\"choices\": [16, 32, 64, 128]}}"}
{"op_code":5,"worker_id":"547befa4-d3f5-426d-84d3-e65f6c8cc7c8-126708796380992","trial_id":13,"param_name":"gx","param_value_internal":2,"distribution":"{\"name\": \"CategoricalDistribution\", \"attributes\": {\"choices\": [1, 2, 4, 8]}}"}
{"op_code":5,"worker_id":"547befa4-d3f5-426d-84d3-e65f6c8cc7c8-126708796380992","trial_id":13,"param_name":"gy","param_value_internal":0,"distribution":"{\"name\": \"CategoricalDistribution\", \"attributes\": {\"choices\": [1, 2, 4, 8]}}"}
{"op_code":5,"worker_id":"547befa4-d3f5-426d-84d3-e65f6c8cc7c8-126708796380992","trial_id":13,"param_name":"sub","param_value_internal":0,"distribution":"{\"name\": \"CategoricalDistribution\", \"attributes\": {\"choices\": [32, 64]}}"}
{"op_code":6,"worker_id":"547befa4-d3f5-426d-84d3-e65f6c8cc7c8-126708796380992","trial_id":13,"state":2,"values":null,"datetime_complete":"2026-07-24T01:50:59.046021"}
{"op_code":4,"worker_id":"547befa4-d3f5-426d-84d3-e65f6c8cc7c8-126708796380992","study_id":0,"datetime_start":"2026-07-24T01:50:59.048386"}
{"op_code":9,"worker_id":"547befa4-d3f5-426d-84d3-e65f6c8cc7c8-126708796380992","trial_id":14,"system_attr":{"tpe:relative_params:0":"{\"gx\": 8, \"gy\": 4, \"k\": 16, \"m\": 64, \"n\": 128, \"sub\": 32}"}}
{"op_code":5,"worker_id":"547befa4-d3f5-426d-84d3-e65f6c8cc7c8-126708796380992","trial_id":14,"param_name":"m","param_value_internal":2,"distribution":"{\"name\": \"CategoricalDistribution\", \"attributes\": {\"choices\": [16, 32, 64, 128, 256]}}"}
{"op_code":5,"worker_id":"547befa4-d3f5-426d-84d3-e65f6c8cc7c8-126708796380992","trial_id":14,"param_name":"n","param_value_internal":3,"distribution":"{\"name\": \"CategoricalDistribution\", \"attributes\": {\"choices\": [16, 32, 64, 128, 256]}}"}
{"op_code":5,"worker_id":"547befa4-d3f5-426d-84d3-e65f6c8cc7c8-126708796380992","trial_id":14,"param_name":"k","param_value_internal":0,"distribution":"{\"name\": \"CategoricalDistribution\", \"attributes\": {\"choices\": [16, 32, 64, 128]}}"}
{"op_code":5,"worker_id":"547befa4-d3f5-426d-84d3-e65f6c8cc7c8-126708796380992","trial_id":14,"param_name":"gx","param_value_internal":3,"distribution":"{\"name\": \"CategoricalDistribution\", \"attributes\": {\"choices\": [1, 2, 4, 8]}}"}
{"op_code":5,"worker_id":"547befa4-d3f5-426d-84d3-e65f6c8cc7c8-126708796380992","trial_id":14,"param_name":"gy","param_value_internal":2,"distribution":"{\"name\": \"CategoricalDistribution\", \"attributes\": {\"choices\": [1, 2, 4, 8]}}"}
{"op_code":5,"worker_id":"547befa4-d3f5-426d-84d3-e65f6c8cc7c8-126708796380992","trial_id":14,"param_name":"sub","param_value_internal":0,"distribution":"{\"name\": \"CategoricalDistribution\", \"attributes\": {\"choices\": [32, 64]}}"}
{"op_code":6,"worker_id":"547befa4-d3f5-426d-84d3-e65f6c8cc7c8-126708796380992","trial_id":14,"state":2,"values":null,"datetime_complete":"2026-07-24T01:50:59.066574"}
{"op_code":4,"worker_id":"547befa4-d3f5-426d-84d3-e65f6c8cc7c8-126708796380992","study_id":0,"datetime_start":"2026-07-24T01:50:59.068605"}
{"op_code":9,"worker_id":"547befa4-d3f5-426d-84d3-e65f6c8cc7c8-126708796380992","trial_id":15,"system_attr":{"tpe:relative_params:0":"{\"gx\": 1, \"gy\": 1, \"k\": 32, \"m\": 128, \"n\": 64, \"sub\": 32}"}}
{"op_code":5,"worker_id":"547befa4-d3f5-426d-84d3-e65f6c8cc7c8-126708796380992","trial_id":15,"param_name":"m","param_value_internal":3,"distribution":"{\"name\": \"CategoricalDistribution\", \"attributes\": {\"choices\": [16, 32, 64, 128, 256]}}"}
{"op_code":5,"worker_id":"547befa4-d3f5-426d-84d3-e65f6c8cc7c8-126708796380992","trial_id":15,"param_name":"n","param_value_internal":2,"distribution":"{\"name\": \"CategoricalDistribution\", \"attributes\": {\"choices\": [16, 32, 64, 128, 256]}}"}
{"op_code":5,"worker_id":"547befa4-d3f5-426d-84d3-e65f6c8cc7c8-126708796380992","trial_id":15,"param_name":"k","param_value_internal":1,"distribution":"{\"name\": \"CategoricalDistribution\", \"attributes\": {\"choices\": [16, 32, 64, 128]}}"}
{"op_code":5,"worker_id":"547befa4-d3f5-426d-84d3-e65f6c8cc7c8-126708796380992","trial_id":15,"param_name":"gx","param_value_internal":0,"distribution":"{\"name\": \"CategoricalDistribution\", \"attributes\": {\"choices\": [1, 2, 4, 8]}}"}
{"op_code":5,"worker_id":"547befa4-d3f5-426d-84d3-e65f6c8cc7c8-126708796380992","trial_id":15,"param_name":"gy","param_value_internal":0,"distribution":"{\"name\": \"CategoricalDistribution\", \"attributes\": {\"choices\": [1, 2, 4, 8]}}"}
{"op_code":5,"worker_id":"547befa4-d3f5-426d-84d3-e65f6c8cc7c8-126708796380992","trial_id":15,"param_name":"sub","param_value_internal":0,"distribution":"{\"name\": \"CategoricalDistribution\", \"attributes\": {\"choices\": [32, 64]}}"}
{"op_code":6,"worker_id":"547befa4-d3f5-426d-84d3-e65f6c8cc7c8-126708796380992","trial_id":15,"state":2,"values":null,"datetime_complete":"2026-07-24T01:50:59.085659"}
{"op_code":4,"worker_id":"547befa4-d3f5-426d-84d3-e65f6c8cc7c8-126708796380992","study_id":0,"datetime_start":"2026-07-24T01:50:59.087461"}
{"op_code":9,"worker_id":"547befa4-d3f5-426d-84d3-e65f6c8cc7c8-126708796380992","trial_id":16,"system_attr":{"tpe:relative_params:0":"{\"gx\": 2, \"gy\": 4, \"k\": 128, \"m\": 32, \"n\": 128, \"sub\": 32}"}}
{"op_code":5,"worker_id":"547befa4-d3f5-426d-84d3-e65f6c8cc7c8-126708796380992","trial_id":16,"param_name":"m","param_value_internal":1,"distribution":"{\"name\": \"CategoricalDistribution\", \"attributes\": {\"choices\": [16, 32, 64, 128, 256]}}"}
{"op_code":5,"worker_id":"547befa4-d3f5-426d-84d3-e65f6c8cc7c8-126708796380992","trial_id":16,"param_name":"n","param_value_internal":3,"distribution":"{\"name\": \"CategoricalDistribution\", \"attributes\": {\"choices\": [16, 32, 64, 128, 256]}}"}
{"op_code":5,"worker_id":"547befa4-d3f5-426d-84d3-e65f6c8cc7c8-126708796380992","trial_id":16,"param_name":"k","param_value_internal":3,"distribution":"{\"name\": \"CategoricalDistribution\", \"attributes\": {\"choices\": [16, 32, 64, 128]}}"}
{"op_code":5,"worker_id":"547befa4-d3f5-426d-84d3-e65f6c8cc7c8-126708796380992","trial_id":16,"param_name":"gx","param_value_internal":1,"distribution":"{\"name\": \"CategoricalDistribution\", \"attributes\": {\"choices\": [1, 2, 4, 8]}}"}
{"op_code":5,"worker_id":"547befa4-d3f5-426d-84d3-e65f6c8cc7c8-126708796380992","trial_id":16,"param_name":"gy","param_value_internal":2,"distribution":"{\"name\": \"CategoricalDistribution\", \"attributes\": {\"choices\": [1, 2, 4, 8]}}"}
{"op_code":5,"worker_id":"547befa4-d3f5-426d-84d3-e65f6c8cc7c8-126708796380992","trial_id":16,"param_name":"sub","param_value_internal":0,"distribution":"{\"name\": \"CategoricalDistribution\", \"attributes\": {\"choices\": [32, 64]}}"}
{"op_code":6,"worker_id":"547befa4-d3f5-426d-84d3-e65f6c8cc7c8-126708796380992","trial_id":16,"state":2,"values":null,"datetime_complete":"2026-07-24T01:50:59.104747"}
{"op_code":4,"worker_id":"547befa4-d3f5-426d-84d3-e65f6c8cc7c8-126708796380992","study_id":0,"datetime_start":"2026-07-24T01:50:59.106710"}
{"op_code":9,"worker_id":"547befa4-d3f5-426d-84d3-e65f6c8cc7c8-126708796380992","trial_id":17,"system_attr":{"tpe:relative_params:0":"{\"gx\": 4, \"gy\": 1, \"k\": 128, \"m\": 32, \"n\": 256, \"sub\": 32}"}}
{"op_code":5,"worker_id":"547befa4-d3f5-426d-84d3-e65f6c8cc7c8-126708796380992","trial_id":17,"param_name":"m","param_value_internal":1,"distribution":"{\"name\": \"CategoricalDistribution\", \"attributes\": {\"choices\": [16, 32, 64, 128, 256]}}"}
{"op_code":5,"worker_id":"547befa4-d3f5-426d-84d3-e65f6c8cc7c8-126708796380992","trial_id":17,"param_name":"n","param_value_internal":4,"distribution":"{\"name\": \"CategoricalDistribution\", \"attributes\": {\"choices\": [16, 32, 64, 128, 256]}}"}
{"op_code":5,"worker_id":"547befa4-d3f5-426d-84d3-e65f6c8cc7c8-126708796380992","trial_id":17,"param_name":"k","param_value_internal":3,"distribution":"{\"name\": \"CategoricalDistribution\", \"attributes\": {\"choices\": [16, 32, 64, 128]}}"}
{"op_code":5,"worker_id":"547befa4-d3f5-426d-84d3-e65f6c8cc7c8-126708796380992","trial_id":17,"param_name":"gx","param_value_internal":2,"distribution":"{\"name\": \"CategoricalDistribution\", \"attributes\": {\"choices\": [1, 2, 4, 8]}}"}
{"op_code":5,"worker_id":"547befa4-d3f5-426d-84d3-e65f6c8cc7c8-126708796380992","trial_id":17,"param_name":"gy","param_value_internal":0,"distribution":"{\"name\": \"CategoricalDistribution\", \"attributes\": {\"choices\": [1, 2, 4, 8]}}"}
{"op_code":5,"worker_id":"547befa4-d3f5-426d-84d3-e65f6c8cc7c8-126708796380992","trial_id":17,"param_name":"sub","param_value_internal":0,"distribution":"{\"name\": \"CategoricalDistribution\", \"attributes\": {\"choices\": [32, 64]}}"}
{"op_code":6,"worker_id":"547befa4-d3f5-426d-84d3-e65f6c8cc7c8-126708796380992","trial_id":17,"state":2,"values":null,"datetime_complete":"2026-07-24T01:50:59.123948"}
{"op_code":4,"worker_id":"547befa4-d3f5-426d-84d3-e65f6c8cc7c8-126708796380992","study_id":0,"datetime_start":"2026-07-24T01:50:59.125753"}
{"op_code":9,"worker_id":"547befa4-d3f5-426d-84d3-e65f6c8cc7c8-126708796380992","trial_id":18,"system_attr":{"tpe:relative_params:0":"{\"gx\": 2, \"gy\": 4, \"k\": 16, \"m\": 64, \"n\": 32, \"sub\": 32}"}}
{"op_code":5,"worker_id":"547befa4-d3f5-426d-84d3-e65f6c8cc7c8-126708796380992","trial_id":18,"param_name":"m","param_value_internal":2,"distribution":"{\"name\": \"CategoricalDistribution\", \"attributes\": {\"choices\": [16, 32, 64, 128, 256]}}"}
{"op_code":5,"worker_id":"547befa4-d3f5-426d-84d3-e65f6c8cc7c8-126708796380992","trial_id":18,"param_name":"n","param_value_internal":1,"distribution":"{\"name\": \"CategoricalDistribution\", \"attributes\": {\"choices\": [16, 32, 64, 128, 256]}}"}
{"op_code":5,"worker_id":"547befa4-d3f5-426d-84d3-e65f6c8cc7c8-126708796380992","trial_id":18,"param_name":"k","param_value_internal":0,"distribution":"{\"name\": \"CategoricalDistribution\", \"attributes\": {\"choices\": [16, 32, 64, 128]}}"}
{"op_code":5,"worker_id":"547befa4-d3f5-426d-84d3-e65f6c8cc7c8-126708796380992","trial_id":18,"param_name":"gx","param_value_internal":1,"distribution":"{\"name\": \"CategoricalDistribution\", \"attributes\": {\"choices\": [1, 2, 4, 8]}}"}
{"op_code":5,"worker_id":"547befa4-d3f5-426d-84d3-e65f6c8cc7c8-126708796380992","trial_id":18,"param_name":"gy","param_value_internal":2,"distribution":"{\"name\": \"CategoricalDistribution\", \"attributes\": {\"choices\": [1, 2, 4, 8]}}"}
{"op_code":5,"worker_id":"547befa4-d3f5-426d-84d3-e65f6c8cc7c8-126708796380992","trial_id":18,"param_name":"sub","param_value_internal":0,"distribution":"{\"name\": \"CategoricalDistribution\", \"attributes\": {\"choices\": [32, 64]}}"}
{"op_code":6,"worker_id":"547befa4-d3f5-426d-84d3-e65f6c8cc7c8-126708796380992","trial_id":18,"state":2,"values":null,"datetime_complete":"2026-07-24T01:50:59.143462"}
{"op_code":4,"worker_id":"547befa4-d3f5-426d-84d3-e65f6c8cc7c8-126708796380992","study_id":0,"datetime_start":"2026-07-24T01:50:59.145307"}
{"op_code":9,"worker_id":"547befa4-d3f5-426d-84d3-e65f6c8cc7c8-126708796380992","trial_id":19,"system_attr":{"tpe:relative_params:0":"{\"gx\": 8, \"gy\": 1, \"k\": 64, \"m\": 32, \"n\": 128, \"sub\": 32}"}}
{"op_code":5,"worker_id":"547befa4-d3f5-426d-84d3-e65f6c8cc7c8-126708796380992","trial_id":19,"param_name":"m","param_value_internal":1,"distribution":"{\"name\": \"CategoricalDistribution\", \"attributes\": {\"choices\": [16, 32, 64, 128, 256]}}"}
{"op_code":5,"worker_id":"547befa4-d3f5-426d-84d3-e65f6c8cc7c8-126708796380992","trial_id":19,"param_name":"n","param_value_internal":3,"distribution":"{\"name\": \"CategoricalDistribution\", \"attributes\": {\"choices\": [16, 32, 64, 128, 256]}}"}
{"op_code":5,"worker_id":"547befa4-d3f5-426d-84d3-e65f6c8cc7c8-126708796380992","trial_id":19,"param_name":"k","param_value_internal":2,"distribution":"{\"name\": \"CategoricalDistribution\", \"attributes\": {\"choices\": [16, 32, 64, 128]}}"}
{"op_code":5,"worker_id":"547befa4-d3f5-426d-84d3-e65f6c8cc7c8-126708796380992","trial_id":19,"param_name":"gx","param_value_internal":3,"distribution":"{\"name\": \"CategoricalDistribution\", \"attributes\": {\"choices\": [1, 2, 4, 8]}}"}
{"op_code":5,"worker_id":"547befa4-d3f5-426d-84d3-e65f6c8cc7c8-126708796380992","trial_id":19,"param_name":"gy","param_value_internal":0,"distribution":"{\"name\": \"CategoricalDistribution\", \"attributes\": {\"choices\": [1, 2, 4, 8]}}"}
{"op_code":5,"worker_id":"547befa4-d3f5-426d-84d3-e65f6c8cc7c8-126708796380992","trial_id":19,"param_name":"sub","param_value_internal":0,"distribution":"{\"name\": \"CategoricalDistribution\", \"attributes\": {\"choices\": [32, 64]}}"}
{"op_code":6,"worker_id":"547befa4-d3f5-426d-84d3-e65f6c8cc7c8-126708796380992","trial_id":19,"state":2,"values":null,"datetime_complete":"2026-07-24T01:50:59.163528"}
{"op_code":4,"worker_id":"547befa4-d3f5-426d-84d3-e65f6c8cc7c8-126708796380992","study_id":0,"datetime_start":"2026-07-24T01:50:59.165485"}
{"op_code":9,"worker_id":"547befa4-d3f5-426d-84d3-e65f6c8cc7c8-126708796380992","trial_id":20,"system_attr":{"tpe:relative_params:0":"{\"gx\": 8, \"gy\": 8, \"k\": 64, \"m\": 64, \"n\": 128, \"sub\": 64}"}}
{"op_code":5,"worker_id":"547befa4-d3f5-426d-84d3-e65f6c8cc7c8-126708796380992","trial_id":20,"param_name":"m","param_value_internal":2,"distribution":"{\"name\": \"CategoricalDistribution\", \"attributes\": {\"choices\": [16, 32, 64, 128, 256]}}"}
{"op_code":5,"worker_id":"547befa4-d3f5-426d-84d3-e65f6c8cc7c8-126708796380992","trial_id":20,"param_name":"n","param_value_internal":3,"distribution":"{\"name\": \"CategoricalDistribution\", \"attributes\": {\"choices\": [16, 32, 64, 128, 256]}}"}
{"op_code":5,"worker_id":"547befa4-d3f5-426d-84d3-e65f6c8cc7c8-126708796380992","trial_id":20,"param_name":"k","param_value_internal":2,"distribution":"{\"name\": \"CategoricalDistribution\", \"attributes\": {\"choices\": [16, 32, 64, 128]}}"}
{"op_code":5,"worker_id":"547befa4-d3f5-426d-84d3-e65f6c8cc7c8-126708796380992","trial_id":20,"param_name":"gx","param_value_internal":3,"distribution":"{\"name\": \"CategoricalDistribution\", \"attributes\": {\"choices\": [1, 2, 4, 8]}}"}
{"op_code":5,"worker_id":"547befa4-d3f5-426d-84d3-e65f6c8cc7c8-126708796380992","trial_id":20,"param_name":"gy","param_value_internal":3,"distribution":"{\"name\": \"CategoricalDistribution\", \"attributes\": {\"choices\": [1, 2, 4, 8]}}"}
{"op_code":5,"worker_id":"547befa4-d3f5-426d-84d3-e65f6c8cc7c8-126708796380992","trial_id":20,"param_name":"sub","param_value_internal":1,"distribution":"{\"name\": \"CategoricalDistribution\", \"attributes\": {\"choices\": [32, 64]}}"}
{"op_code":6,"worker_id":"547befa4-d3f5-426d-84d3-e65f6c8cc7c8-126708796380992","trial_id":20,"state":2,"values":null,"datetime_complete":"2026-07-24T01:50:59.183485"}
{"op_code":4,"worker_id":"547befa4-d3f5-426d-84d3-e65f6c8cc7c8-126708796380992","study_id":0,"datetime_start":"2026-07-24T01:50:59.185494"}
{"op_code":9,"worker_id":"547befa4-d3f5-426d-84d3-e65f6c8cc7c8-126708796380992","trial_id":21,"system_attr":{"tpe:relative_params:0":"{\"gx\": 8, \"gy\": 4, \"k\": 32, \"m\": 256, \"n\": 32, \"sub\": 32}"}}
{"op_code":5,"worker_id":"547befa4-d3f5-426d-84d3-e65f6c8cc7c8-126708796380992","trial_id":21,"param_name":"m","param_value_internal":4,"distribution":"{\"name\": \"CategoricalDistribution\", \"attributes\": {\"choices\": [16, 32, 64, 128, 256]}}"}
{"op_code":5,"worker_id":"547befa4-d3f5-426d-84d3-e65f6c8cc7c8-126708796380992","trial_id":21,"param_name":"n","param_value_internal":1,"distribution":"{\"name\": \"CategoricalDistribution\", \"attributes\": {\"choices\": [16, 32, 64, 128, 256]}}"}
{"op_code":5,"worker_id":"547befa4-d3f5-426d-84d3-e65f6c8cc7c8-126708796380992","trial_id":21,"param_name":"k","param_value_internal":1,"distribution":"{\"name\": \"CategoricalDistribution\", \"attributes\": {\"choices\": [16, 32, 64, 128]}}"}
{"op_code":5,"worker_id":"547befa4-d3f5-426d-84d3-e65f6c8cc7c8-126708796380992","trial_id":21,"param_name":"gx","param_value_internal":3,"distribution":"{\"name\": \"CategoricalDistribution\", \"attributes\": {\"choices\": [1, 2, 4, 8]}}"}
{"op_code":5,"worker_id":"547befa4-d3f5-426d-84d3-e65f6c8cc7c8-126708796380992","trial_id":21,"param_name":"gy","param_value_internal":2,"distribution":"{\"name\": \"CategoricalDistribution\", \"attributes\": {\"choices\": [1, 2, 4, 8]}}"}
{"op_code":5,"worker_id":"547befa4-d3f5-426d-84d3-e65f6c8cc7c8-126708796380992","trial_id":21,"param_name":"sub","param_value_internal":0,"distribution":"{\"name\": \"CategoricalDistribution\", \"attributes\": {\"choices\": [32, 64]}}"}
{"op_code":6,"worker_id":"547befa4-d3f5-426d-84d3-e65f6c8cc7c8-126708796380992","trial_id":21,"state":2,"values":null,"datetime_complete":"2026-07-24T01:50:59.203226"}
{"op_code":4,"worker_id":"547befa4-d3f5-426d-84d3-e65f6c8cc7c8-126708796380992","study_id":0,"datetime_start":"2026-07-24T01:50:59.205173"}
{"op_code":9,"worker_id":"547befa4-d3f5-426d-84d3-e65f6c8cc7c8-126708796380992","trial_id":22,"system_attr":{"tpe:relative_params:0":"{\"gx\": 2, \"gy\": 1, \"k\": 32, \"m\": 64, \"n\": 16, \"sub\": 32}"}}
{"op_code":5,"worker_id":"547befa4-d3f5-426d-84d3-e65f6c8cc7c8-126708796380992","trial_id":22,"param_name":"m","param_value_internal":2,"distribution":"{\"name\": \"CategoricalDistribution\", \"attributes\": {\"choices\": [16, 32, 64, 128, 256]}}"}
{"op_code":5,"worker_id":"547befa4-d3f5-426d-84d3-e65f6c8cc7c8-126708796380992","trial_id":22,"param_name":"n","param_value_internal":0,"distribution":"{\"name\": \"CategoricalDistribution\", \"attributes\": {\"choices\": [16, 32, 64, 128, 256]}}"}
{"op_code":5,"worker_id":"547befa4-d3f5-426d-84d3-e65f6c8cc7c8-126708796380992","trial_id":22,"param_name":"k","param_value_internal":1,"distribution":"{\"name\": \"CategoricalDistribution\", \"attributes\": {\"choices\": [16, 32, 64, 128]}}"}
{"op_code":5,"worker_id":"547befa4-d3f5-426d-84d3-e65f6c8cc7c8-126708796380992","trial_id":22,"param_name":"gx","param_value_internal":1,"distribution":"{\"name\": \"CategoricalDistribution\", \"attributes\": {\"choices\": [1, 2, 4, 8]}}"}
{"op_code":5,"worker_id":"547befa4-d3f5-426d-84d3-e65f6c8cc7c8-126708796380992","trial_id":22,"param_name":"gy","param_value_internal":0,"distribution":"{\"name\": \"CategoricalDistribution\", \"attributes\": {\"choices\": [1, 2, 4, 8]}}"}
{"op_code":5,"worker_id":"547befa4-d3f5-426d-84d3-e65f6c8cc7c8-126708796380992","trial_id":22,"param_name":"sub","param_value_internal":0,"distribution":"{\"name\": \"CategoricalDistribution\", \"attributes\": {\"choices\": [32, 64]}}"}
{"op_code":6,"worker_id":"547befa4-d3f5-426d-84d3-e65f6c8cc7c8-126708796380992","trial_id":22,"state":2,"values":null,"datetime_complete":"2026-07-24T01:50:59.222673"}
{"op_code":4,"worker_id":"547befa4-d3f5-426d-84d3-e65f6c8cc7c8-126708796380992","study_id":0,"datetime_start":"2026-07-24T01:50:59.224658"}
{"op_code":9,"worker_id":"547befa4-d3f5-426d-84d3-e65f6c8cc7c8-126708796380992","trial_id":23,"system_attr":{"tpe:relative_params:0":"{\"gx\": 4, \"gy\": 8, \"k\": 32, \"m\": 16, \"n\": 128, \"sub\": 32}"}}
{"op_code":5,"worker_id":"547befa4-d3f5-426d-84d3-e65f6c8cc7c8-126708796380992","trial_id":23,"param_name":"m","param_value_internal":0,"distribution":"{\"name\": \"CategoricalDistribution\", \"attributes\": {\"choices\": [16, 32, 64, 128, 256]}}"}
{"op_code":5,"worker_id":"547befa4-d3f5-426d-84d3-e65f6c8cc7c8-126708796380992","trial_id":23,"param_name":"n","param_value_internal":3,"distribution":"{\"name\": \"CategoricalDistribution\", \"attributes\": {\"choices\": [16, 32, 64, 128, 256]}}"}
{"op_code":5,"worker_id":"547befa4-d3f5-426d-84d3-e65f6c8cc7c8-126708796380992","trial_id":23,"param_name":"k","param_value_internal":1,"distribution":"{\"name\": \"CategoricalDistribution\", \"attributes\": {\"choices\": [16, 32, 64, 128]}}"}
{"op_code":5,"worker_id":"547befa4-d3f5-426d-84d3-e65f6c8cc7c8-126708796380992","trial_id":23,"param_name":"gx","param_value_internal":2,"distribution":"{\"name\": \"CategoricalDistribution\", \"attributes\": {\"choices\": [1, 2, 4, 8]}}"}
{"op_code":5,"worker_id":"547befa4-d3f5-426d-84d3-e65f6c8cc7c8-126708796380992","trial_id":23,"param_name":"gy","param_value_internal":3,"distribution":"{\"name\": \"CategoricalDistribution\", \"attributes\": {\"choices\": [1, 2, 4, 8]}}"}
{"op_code":5,"worker_id":"547befa4-d3f5-426d-84d3-e65f6c8cc7c8-126708796380992","trial_id":23,"param_name":"sub","param_value_internal":0,"distribution":"{\"name\": \"CategoricalDistribution\", \"attributes\": {\"choices\": [32, 64]}}"}
{"op_code":6,"worker_id":"547befa4-d3f5-426d-84d3-e65f6c8cc7c8-126708796380992","trial_id":23,"state":2,"values":null,"datetime_complete":"2026-07-24T01:50:59.242315"}
{"op_code":4,"worker_id":"547befa4-d3f5-426d-84d3-e65f6c8cc7c8-126708796380992","study_id":0,"datetime_start":"2026-07-24T01:50:59.244344"}
{"op_code":9,"worker_id":"547befa4-d3f5-426d-84d3-e65f6c8cc7c8-126708796380992","trial_id":24,"system_attr":{"tpe:relative_params:0":"{\"gx\": 1, \"gy\": 4, \"k\": 64, \"m\": 16, \"n\": 16, \"sub\": 64}"}}
{"op_code":5,"worker_id":"547befa4-d3f5-426d-84d3-e65f6c8cc7c8-126708796380992","trial_id":24,"param_name":"m","param_value_internal":0,"distribution":"{\"name\": \"CategoricalDistribution\", \"attributes\": {\"choices\": [16, 32, 64, 128, 256]}}"}
{"op_code":5,"worker_id":"547befa4-d3f5-426d-84d3-e65f6c8cc7c8-126708796380992","trial_id":24,"param_name":"n","param_value_internal":0,"distribution":"{\"name\": \"CategoricalDistribution\", \"attributes\": {\"choices\": [16, 32, 64, 128, 256]}}"}
{"op_code":5,"worker_id":"547befa4-d3f5-426d-84d3-e65f6c8cc7c8-126708796380992","trial_id":24,"param_name":"k","param_value_internal":2,"distribution":"{\"name\": \"CategoricalDistribution\", \"attributes\": {\"choices\": [16, 32, 64, 128]}}"}
{"op_code":5,"worker_id":"547befa4-d3f5-426d-84d3-e65f6c8cc7c8-126708796380992","trial_id":24,"param_name":"gx","param_value_internal":0,"distribution":"{\"name\": \"CategoricalDistribution\", \"attributes\": {\"choices\": [1, 2, 4, 8]}}"}
{"op_code":5,"worker_id":"547befa4-d3f5-426d-84d3-e65f6c8cc7c8-126708796380992","trial_id":24,"param_name":"gy","param_value_internal":2,"distribution":"{\"name\": \"CategoricalDistribution\", \"attributes\": {\"choices\": [1, 2, 4, 8]}}"}
{"op_code":5,"worker_id":"547befa4-d3f5-426d-84d3-e65f6c8cc7c8-126708796380992","trial_id":24,"param_name":"sub","param_value_internal":1,"distribution":"{\"name\": \"CategoricalDistribution\", \"attributes\": {\"choices\": [32, 64]}}"}
{"op_code":6,"worker_id":"547befa4-d3f5-426d-84d3-e65f6c8cc7c8-126708796380992","trial_id":24,"state":2,"values":null,"datetime_complete":"2026-07-24T01:50:59.262867"}
{"op_code":4,"worker_id":"547befa4-d3f5-426d-84d3-e65f6c8cc7c8-126708796380992","study_id":0,"datetime_start":"2026-07-24T01:50:59.264855"}
{"op_code":9,"worker_id":"547befa4-d3f5-426d-84d3-e65f6c8cc7c8-126708796380992","trial_id":25,"system_attr":{"tpe:relative_params:0":"{\"gx\": 4, \"gy\": 1, \"k\": 64, \"m\": 128, \"n\": 32, \"sub\": 64}"}}
{"op_code":5,"worker_id":"547befa4-d3f5-426d-84d3-e65f6c8cc7c8-126708796380992","trial_id":25,"param_name":"m","param_value_internal":3,"distribution":"{\"name\": \"CategoricalDistribution\", \"attributes\": {\"choices\": [16, 32, 64, 128, 256]}}"}
{"op_code":5,"worker_id":"547befa4-d3f5-426d-84d3-e65f6c8cc7c8-126708796380992","trial_id":25,"param_name":"n","param_value_internal":1,"distribution":"{\"name\": \"CategoricalDistribution\", \"attributes\": {\"choices\": [16, 32, 64, 128, 256]}}"}
{"op_code":5,"worker_id":"547befa4-d3f5-426d-84d3-e65f6c8cc7c8-126708796380992","trial_id":25,"param_name":"k","param_value_internal":2,"distribution":"{\"name\": \"CategoricalDistribution\", \"attributes\": {\"choices\": [16, 32, 64, 128]}}"}
{"op_code":5,"worker_id":"547befa4-d3f5-426d-84d3-e65f6c8cc7c8-126708796380992","trial_id":25,"param_name":"gx","param_value_internal":2,"distribution":"{\"name\": \"CategoricalDistribution\", \"attributes\": {\"choices\": [1, 2, 4, 8]}}"}
{"op_code":5,"worker_id":"547befa4-d3f5-426d-84d3-e65f6c8cc7c8-126708796380992","trial_id":25,"param_name":"gy","param_value_internal":0,"distribution":"{\"name\": \"CategoricalDistribution\", \"attributes\": {\"choices\": [1, 2, 4, 8]}}"}
{"op_code":5,"worker_id":"547befa4-d3f5-426d-84d3-e65f6c8cc7c8-126708796380992","trial_id":25,"param_name":"sub","param_value_internal":1,"distribution":"{\"name\": \"CategoricalDistribution\", \"attributes\": {\"choices\": [32, 64]}}"}
{"op_code":6,"worker_id":"547befa4-d3f5-426d-84d3-e65f6c8cc7c8-126708796380992","trial_id":25,"state":2,"values":null,"datetime_complete":"2026-07-24T01:50:59.282867"}
{"op_code":4,"worker_id":"547befa4-d3f5-426d-84d3-e65f6c8cc7c8-126708796380992","study_id":0,"datetime_start":"2026-07-24T01:50:59.284971"}
{"op_code":9,"worker_id":"547befa4-d3f5-426d-84d3-e65f6c8cc7c8-126708796380992","trial_id":26,"system_attr":{"tpe:relative_params:0":"{\"gx\": 4, \"gy\": 1, \"k\": 64, \"m\": 16, \"n\": 32, \"sub\": 32}"}}
{"op_code":5,"worker_id":"547befa4-d3f5-426d-84d3-e65f6c8cc7c8-126708796380992","trial_id":26,"param_name":"m","param_value_internal":0,"distribution":"{\"name\": \"CategoricalDistribution\", \"attributes\": {\"choices\": [16, 32, 64, 128, 256]}}"}
{"op_code":5,"worker_id":"547befa4-d3f5-426d-84d3-e65f6c8cc7c8-126708796380992","trial_id":26,"param_name":"n","param_value_internal":1,"distribution":"{\"name\": \"CategoricalDistribution\", \"attributes\": {\"choices\": [16, 32, 64, 128, 256]}}"}
{"op_code":5,"worker_id":"547befa4-d3f5-426d-84d3-e65f6c8cc7c8-126708796380992","trial_id":26,"param_name":"k","param_value_internal":2,"distribution":"{\"name\": \"CategoricalDistribution\", \"attributes\": {\"choices\": [16, 32, 64, 128]}}"}
{"op_code":5,"worker_id":"547befa4-d3f5-426d-84d3-e65f6c8cc7c8-126708796380992","trial_id":26,"param_name":"gx","param_value_internal":2,"distribution":"{\"name\": \"CategoricalDistribution\", \"attributes\": {\"choices\": [1, 2, 4, 8]}}"}
{"op_code":5,"worker_id":"547befa4-d3f5-426d-84d3-e65f6c8cc7c8-126708796380992","trial_id":26,"param_name":"gy","param_value_internal":0,"distribution":"{\"name\": \"CategoricalDistribution\", \"attributes\": {\"choices\": [1, 2, 4, 8]}}"}
{"op_code":5,"worker_id":"547befa4-d3f5-426d-84d3-e65f6c8cc7c8-126708796380992","trial_id":26,"param_name":"sub","param_value_internal":0,"distribution":"{\"name\": \"CategoricalDistribution\", \"attributes\": {\"choices\": [32, 64]}}"}
{"op_code":6,"worker_id":"547befa4-d3f5-426d-84d3-e65f6c8cc7c8-126708796380992","trial_id":26,"state":2,"values":null,"datetime_complete":"2026-07-24T01:50:59.303858"}
{"op_code":4,"worker_id":"547befa4-d3f5-426d-84d3-e65f6c8cc7c8-126708796380992","study_id":0,"datetime_start":"2026-07-24T01:50:59.305987"}
{"op_code":9,"worker_id":"547befa4-d3f5-426d-84d3-e65f6c8cc7c8-126708796380992","trial_id":27,"system_attr":{"tpe:relative_params:0":"{\"gx\": 4, \"gy\": 1, \"k\": 16, \"m\": 16, \"n\": 32, \"sub\": 64}"}}
{"op_code":5,"worker_id":"547befa4-d3f5-426d-84d3-e65f6c8cc7c8-126708796380992","trial_id":27,"param_name":"m","param_value_internal":0,"distribution":"{\"name\": \"CategoricalDistribution\", \"attributes\": {\"choices\": [16, 32, 64, 128, 256]}}"}
{"op_code":5,"worker_id":"547befa4-d3f5-426d-84d3-e65f6c8cc7c8-126708796380992","trial_id":27,"param_name":"n","param_value_internal":1,"distribution":"{\"name\": \"CategoricalDistribution\", \"attributes\": {\"choices\": [16, 32, 64, 128, 256]}}"}
{"op_code":5,"worker_id":"547befa4-d3f5-426d-84d3-e65f6c8cc7c8-126708796380992","trial_id":27,"param_name":"k","param_value_internal":0,"distribution":"{\"name\": \"CategoricalDistribution\", \"attributes\": {\"choices\": [16, 32, 64, 128]}}"}
{"op_code":5,"worker_id":"547befa4-d3f5-426d-84d3-e65f6c8cc7c8-126708796380992","trial_id":27,"param_name":"gx","param_value_internal":2,"distribution":"{\"name\": \"CategoricalDistribution\", \"attributes\": {\"choices\": [1, 2, 4, 8]}}"}
{"op_code":5,"worker_id":"547befa4-d3f5-426d-84d3-e65f6c8cc7c8-126708796380992","trial_id":27,"param_name":"gy","param_value_internal":0,"distribution":"{\"name\": \"CategoricalDistribution\", \"attributes\": {\"choices\": [1, 2, 4, 8]}}"}
{"op_code":5,"worker_id":"547befa4-d3f5-426d-84d3-e65f6c8cc7c8-126708796380992","trial_id":27,"param_name":"sub","param_value_internal":1,"distribution":"{\"name\": \"CategoricalDistribution\", \"attributes\": {\"choices\": [32, 64]}}"}
{"op_code":6,"worker_id":"547befa4-d3f5-426d-84d3-e65f6c8cc7c8-126708796380992","trial_id":27,"state":2,"values":null,"datetime_complete":"2026-07-24T01:50:59.324851"}
{"op_code":4,"worker_id":"547befa4-d3f5-426d-84d3-e65f6c8cc7c8-126708796380992","study_id":0,"datetime_start":"2026-07-24T01:50:59.327002"}
{"op_code":9,"worker_id":"547befa4-d3f5-426d-84d3-e65f6c8cc7c8-126708796380992","trial_id":28,"system_attr":{"tpe:relative_params:0":"{\"gx\": 4, \"gy\": 2, \"k\": 32, \"m\": 128, \"n\": 128, \"sub\": 64}"}}
{"op_code":5,"worker_id":"547befa4-d3f5-426d-84d3-e65f6c8cc7c8-126708796380992","trial_id":28,"param_name":"m","param_value_internal":3,"distribution":"{\"name\": \"CategoricalDistribution\", \"attributes\": {\"choices\": [16, 32, 64, 128, 256]}}"}
{"op_code":5,"worker_id":"547befa4-d3f5-426d-84d3-e65f6c8cc7c8-126708796380992","trial_id":28,"param_name":"n","param_value_internal":3,"distribution":"{\"name\": \"CategoricalDistribution\", \"attributes\": {\"choices\": [16, 32, 64, 128, 256]}}"}
{"op_code":5,"worker_id":"547befa4-d3f5-426d-84d3-e65f6c8cc7c8-126708796380992","trial_id":28,"param_name":"k","param_value_internal":1,"distribution":"{\"name\": \"CategoricalDistribution\", \"attributes\": {\"choices\": [16, 32, 64, 128]}}"}
{"op_code":5,"worker_id":"547befa4-d3f5-426d-84d3-e65f6c8cc7c8-126708796380992","trial_id":28,"param_name":"gx","param_value_internal":2,"distribution":"{\"name\": \"CategoricalDistribution\", \"attributes\": {\"choices\": [1, 2, 4, 8]}}"}
{"op_code":5,"worker_id":"547befa4-d3f5-426d-84d3-e65f6c8cc7c8-126708796380992","trial_id":28,"param_name":"gy","param_value_internal":1,"distribution":"{\"name\": \"CategoricalDistribution\", \"attributes\": {\"choices\": [1, 2, 4, 8]}}"}
{"op_code":5,"worker_id":"547befa4-d3f5-426d-84d3-e65f6c8cc7c8-126708796380992","trial_id":28,"param_name":"sub","param_value_internal":1,"distribution":"{\"name\": \"CategoricalDistribution\", \"attributes\": {\"choices\": [32, 64]}}"}
{"op_code":8,"worker_id":"547befa4-d3f5-426d-84d3-e65f6c8cc7c8-126708796380992","trial_id":28,"user_attr":{"token":"tsweep_t128x128k32g42s64"}}
{"op_code":4,"worker_id":"547befa4-d3f5-426d-84d3-e65f6c8cc7c8-126708796380992","study_id":0,"datetime_start":"2026-07-24T01:50:59.347552"}
{"op_code":9,"worker_id":"547befa4-d3f5-426d-84d3-e65f6c8cc7c8-126708796380992","trial_id":29,"system_attr":{"tpe:relative_params:0":"{\"gx\": 8, \"gy\": 2, \"k\": 16, \"m\": 16, \"n\": 128, \"sub\": 32}"}}
{"op_code":5,"worker_id":"547befa4-d3f5-426d-84d3-e65f6c8cc7c8-126708796380992","trial_id":29,"param_name":"m","param_value_internal":0,"distribution":"{\"name\": \"CategoricalDistribution\", \"attributes\": {\"choices\": [16, 32, 64, 128, 256]}}"}
{"op_code":5,"worker_id":"547befa4-d3f5-426d-84d3-e65f6c8cc7c8-126708796380992","trial_id":29,"param_name":"n","param_value_internal":3,"distribution":"{\"name\": \"CategoricalDistribution\", \"attributes\": {\"choices\": [16, 32, 64, 128, 256]}}"}
{"op_code":5,"worker_id":"547befa4-d3f5-426d-84d3-e65f6c8cc7c8-126708796380992","trial_id":29,"param_name":"k","param_value_internal":0,"distribution":"{\"name\": \"CategoricalDistribution\", \"attributes\": {\"choices\": [16, 32, 64, 128]}}"}
{"op_code":5,"worker_id":"547befa4-d3f5-426d-84d3-e65f6c8cc7c8-126708796380992","trial_id":29,"param_name":"gx","param_value_internal":3,"distribution":"{\"name\": \"CategoricalDistribution\", \"attributes\": {\"choices\": [1, 2, 4, 8]}}"}
{"op_code":5,"worker_id":"547befa4-d3f5-426d-84d3-e65f6c8cc7c8-126708796380992","trial_id":29,"param_name":"gy","param_value_internal":1,"distribution":"{\"name\": \"CategoricalDistribution\", \"attributes\": {\"choices\": [1, 2, 4, 8]}}"}
{"op_code":5,"worker_id":"547befa4-d3f5-426d-84d3-e65f6c8cc7c8-126708796380992","trial_id":29,"param_name":"sub","param_value_internal":0,"distribution":"{\"name\": \"CategoricalDistribution\", \"attributes\": {\"choices\": [32, 64]}}"}
{"op_code":6,"worker_id":"547befa4-d3f5-426d-84d3-e65f6c8cc7c8-126708796380992","trial_id":29,"state":2,"values":null,"datetime_complete":"2026-07-24T01:50:59.366251"}
{"op_code":4,"worker_id":"547befa4-d3f5-426d-84d3-e65f6c8cc7c8-126708796380992","study_id":0,"datetime_start":"2026-07-24T01:50:59.368403"}
{"op_code":9,"worker_id":"547befa4-d3f5-426d-84d3-e65f6c8cc7c8-126708796380992","trial_id":30,"system_attr":{"tpe:relative_params:0":"{\"gx\": 4, \"gy\": 1, \"k\": 64, \"m\": 16, \"n\": 256, \"sub\": 64}"}}
{"op_code":5,"worker_id":"547befa4-d3f5-426d-84d3-e65f6c8cc7c8-126708796380992","trial_id":30,"param_name":"m","param_value_internal":0,"distribution":"{\"name\": \"CategoricalDistribution\", \"attributes\": {\"choices\": [16, 32, 64, 128, 256]}}"}
{"op_code":5,"worker_id":"547befa4-d3f5-426d-84d3-e65f6c8cc7c8-126708796380992","trial_id":30,"param_name":"n","param_value_internal":4,"distribution":"{\"name\": \"CategoricalDistribution\", \"attributes\": {\"choices\": [16, 32, 64, 128, 256]}}"}
{"op_code":5,"worker_id":"547befa4-d3f5-426d-84d3-e65f6c8cc7c8-126708796380992","trial_id":30,"param_name":"k","param_value_internal":2,"distribution":"{\"name\": \"CategoricalDistribution\", \"attributes\": {\"choices\": [16, 32, 64, 128]}}"}
{"op_code":5,"worker_id":"547befa4-d3f5-426d-84d3-e65f6c8cc7c8-126708796380992","trial_id":30,"param_name":"gx","param_value_internal":2,"distribution":"{\"name\": \"CategoricalDistribution\", \"attributes\": {\"choices\": [1, 2, 4, 8]}}"}
{"op_code":5,"worker_id":"547befa4-d3f5-426d-84d3-e65f6c8cc7c8-126708796380992","trial_id":30,"param_name":"gy","param_value_internal":0,"distribution":"{\"name\": \"CategoricalDistribution\", \"attributes\": {\"choices\": [1, 2, 4, 8]}}"}
{"op_code":5,"worker_id":"547befa4-d3f5-426d-84d3-e65f6c8cc7c8-126708796380992","trial_id":30,"param_name":"sub","param_value_internal":1,"distribution":"{\"name\": \"CategoricalDistribution\", \"attributes\": {\"choices\": [32, 64]}}"}
{"op_code":8,"worker_id":"547befa4-d3f5-426d-84d3-e65f6c8cc7c8-126708796380992","trial_id":30,"user_attr":{"token":"tsweep_t16x256k64g41s64"}}
{"op_code":4,"worker_id":"547befa4-d3f5-426d-84d3-e65f6c8cc7c8-126708796380992","study_id":0,"datetime_start":"2026-07-24T01:50:59.392730"}
{"op_code":9,"worker_id":"547befa4-d3f5-426d-84d3-e65f6c8cc7c8-126708796380992","trial_id":31,"system_attr":{"tpe:relative_params:0":"{\"gx\": 8, \"gy\": 1, \"k\": 64, \"m\": 16, \"n\": 32, \"sub\": 64}"}}
{"op_code":5,"worker_id":"547befa4-d3f5-426d-84d3-e65f6c8cc7c8-126708796380992","trial_id":31,"param_name":"m","param_value_internal":0,"distribution":"{\"name\": \"CategoricalDistribution\", \"attributes\": {\"choices\": [16, 32, 64, 128, 256]}}"}
{"op_code":5,"worker_id":"547befa4-d3f5-426d-84d3-e65f6c8cc7c8-126708796380992","trial_id":31,"param_name":"n","param_value_internal":1,"distribution":"{\"name\": \"CategoricalDistribution\", \"attributes\": {\"choices\": [16, 32, 64, 128, 256]}}"}
{"op_code":5,"worker_id":"547befa4-d3f5-426d-84d3-e65f6c8cc7c8-126708796380992","trial_id":31,"param_name":"k","param_value_internal":2,"distribution":"{\"name\": \"CategoricalDistribution\", \"attributes\": {\"choices\": [16, 32, 64, 128]}}"}
{"op_code":5,"worker_id":"547befa4-d3f5-426d-84d3-e65f6c8cc7c8-126708796380992","trial_id":31,"param_name":"gx","param_value_internal":3,"distribution":"{\"name\": \"CategoricalDistribution\", \"attributes\": {\"choices\": [1, 2, 4, 8]}}"}
{"op_code":5,"worker_id":"547befa4-d3f5-426d-84d3-e65f6c8cc7c8-126708796380992","trial_id":31,"param_name":"gy","param_value_internal":0,"distribution":"{\"name\": \"CategoricalDistribution\", \"attributes\": {\"choices\": [1, 2, 4, 8]}}"}
{"op_code":5,"worker_id":"547befa4-d3f5-426d-84d3-e65f6c8cc7c8-126708796380992","trial_id":31,"param_name":"sub","param_value_internal":1,"distribution":"{\"name\": \"CategoricalDistribution\", \"attributes\": {\"choices\": [32, 64]}}"}
{"op_code":6,"worker_id":"547befa4-d3f5-426d-84d3-e65f6c8cc7c8-126708796380992","trial_id":31,"state":2,"values":null,"datetime_complete":"2026-07-24T01:50:59.416778"}
{"op_code":4,"worker_id":"547befa4-d3f5-426d-84d3-e65f6c8cc7c8-126708796380992","study_id":0,"datetime_start":"2026-07-24T01:50:59.419501"}
{"op_code":9,"worker_id":"547befa4-d3f5-426d-84d3-e65f6c8cc7c8-126708796380992","trial_id":32,"system_attr":{"tpe:relative_params:0":"{\"gx\": 4, \"gy\": 4, \"k\": 32, \"m\": 16, \"n\": 32, \"sub\": 64}"}}
{"op_code":5,"worker_id":"547befa4-d3f5-426d-84d3-e65f6c8cc7c8-126708796380992","trial_id":32,"param_name":"m","param_value_internal":0,"distribution":"{\"name\": \"CategoricalDistribution\", \"attributes\": {\"choices\": [16, 32, 64, 128, 256]}}"}
{"op_code":5,"worker_id":"547befa4-d3f5-426d-84d3-e65f6c8cc7c8-126708796380992","trial_id":32,"param_name":"n","param_value_internal":1,"distribution":"{\"name\": \"CategoricalDistribution\", \"attributes\": {\"choices\": [16, 32, 64, 128, 256]}}"}
{"op_code":5,"worker_id":"547befa4-d3f5-426d-84d3-e65f6c8cc7c8-126708796380992","trial_id":32,"param_name":"k","param_value_internal":1,"distribution":"{\"name\": \"CategoricalDistribution\", \"attributes\": {\"choices\": [16, 32, 64, 128]}}"}
{"op_code":5,"worker_id":"547befa4-d3f5-426d-84d3-e65f6c8cc7c8-126708796380992","trial_id":32,"param_name":"gx","param_value_internal":2,"distribution":"{\"name\": \"CategoricalDistribution\", \"attributes\": {\"choices\": [1, 2, 4, 8]}}"}
{"op_code":5,"worker_id":"547befa4-d3f5-426d-84d3-e65f6c8cc7c8-126708796380992","trial_id":32,"param_name":"gy","param_value_internal":2,"distribution":"{\"name\": \"CategoricalDistribution\", \"attributes\": {\"choices\": [1, 2, 4, 8]}}"}
{"op_code":5,"worker_id":"547befa4-d3f5-426d-84d3-e65f6c8cc7c8-126708796380992","trial_id":32,"param_name":"sub","param_value_internal":1,"distribution":"{\"name\": \"CategoricalDistribution\", \"attributes\": {\"choices\": [32, 64]}}"}
{"op_code":6,"worker_id":"547befa4-d3f5-426d-84d3-e65f6c8cc7c8-126708796380992","trial_id":32,"state":2,"values":null,"datetime_complete":"2026-07-24T01:50:59.439376"}
{"op_code":4,"worker_id":"547befa4-d3f5-426d-84d3-e65f6c8cc7c8-126708796380992","study_id":0,"datetime_start":"2026-07-24T01:50:59.441376"}
{"op_code":9,"worker_id":"547befa4-d3f5-426d-84d3-e65f6c8cc7c8-126708796380992","trial_id":33,"system_attr":{"tpe:relative_params:0":"{\"gx\": 1, \"gy\": 1, \"k\": 16, \"m\": 64, \"n\": 128, \"sub\": 64}"}}
{"op_code":5,"worker_id":"547befa4-d3f5-426d-84d3-e65f6c8cc7c8-126708796380992","trial_id":33,"param_name":"m","param_value_internal":2,"distribution":"{\"name\": \"CategoricalDistribution\", \"attributes\": {\"choices\": [16, 32, 64, 128, 256]}}"}
{"op_code":5,"worker_id":"547befa4-d3f5-426d-84d3-e65f6c8cc7c8-126708796380992","trial_id":33,"param_name":"n","param_value_internal":3,"distribution":"{\"name\": \"CategoricalDistribution\", \"attributes\": {\"choices\": [16, 32, 64, 128, 256]}}"}
{"op_code":5,"worker_id":"547befa4-d3f5-426d-84d3-e65f6c8cc7c8-126708796380992","trial_id":33,"param_name":"k","param_value_internal":0,"distribution":"{\"name\": \"CategoricalDistribution\", \"attributes\": {\"choices\": [16, 32, 64, 128]}}"}
{"op_code":5,"worker_id":"547befa4-d3f5-426d-84d3-e65f6c8cc7c8-126708796380992","trial_id":33,"param_name":"gx","param_value_internal":0,"distribution":"{\"name\": \"CategoricalDistribution\", \"attributes\": {\"choices\": [1, 2, 4, 8]}}"}
{"op_code":5,"worker_id":"547befa4-d3f5-426d-84d3-e65f6c8cc7c8-126708796380992","trial_id":33,"param_name":"gy","param_value_internal":0,"distribution":"{\"name\": \"CategoricalDistribution\", \"attributes\": {\"choices\": [1, 2, 4, 8]}}"}
{"op_code":5,"worker_id":"547befa4-d3f5-426d-84d3-e65f6c8cc7c8-126708796380992","trial_id":33,"param_name":"sub","param_value_internal":1,"distribution":"{\"name\": \"CategoricalDistribution\", \"attributes\": {\"choices\": [32, 64]}}"}
{"op_code":8,"worker_id":"547befa4-d3f5-426d-84d3-e65f6c8cc7c8-126708796380992","trial_id":33,"user_attr":{"token":"tsweep_t64x128k16g11s64"}}
{"op_code":4,"worker_id":"547befa4-d3f5-426d-84d3-e65f6c8cc7c8-126708796380992","study_id":0,"datetime_start":"2026-07-24T01:50:59.461185"}
{"op_code":9,"worker_id":"547befa4-d3f5-426d-84d3-e65f6c8cc7c8-126708796380992","trial_id":34,"system_attr":{"tpe:relative_params:0":"{\"gx\": 4, \"gy\": 4, \"k\": 16, \"m\": 64, \"n\": 256, \"sub\": 32}"}}
{"op_code":5,"worker_id":"547befa4-d3f5-426d-84d3-e65f6c8cc7c8-126708796380992","trial_id":34,"param_name":"m","param_value_internal":2,"distribution":"{\"name\": \"CategoricalDistribution\", \"attributes\": {\"choices\": [16, 32, 64, 128, 256]}}"}
{"op_code":5,"worker_id":"547befa4-d3f5-426d-84d3-e65f6c8cc7c8-126708796380992","trial_id":34,"param_name":"n","param_value_internal":4,"distribution":"{\"name\": \"CategoricalDistribution\", \"attributes\": {\"choices\": [16, 32, 64, 128, 256]}}"}
{"op_code":5,"worker_id":"547befa4-d3f5-426d-84d3-e65f6c8cc7c8-126708796380992","trial_id":34,"param_name":"k","param_value_internal":0,"distribution":"{\"name\": \"CategoricalDistribution\", \"attributes\": {\"choices\": [16, 32, 64, 128]}}"}
{"op_code":5,"worker_id":"547befa4-d3f5-426d-84d3-e65f6c8cc7c8-126708796380992","trial_id":34,"param_name":"gx","param_value_internal":2,"distribution":"{\"name\": \"CategoricalDistribution\", \"attributes\": {\"choices\": [1, 2, 4, 8]}}"}
{"op_code":5,"worker_id":"547befa4-d3f5-426d-84d3-e65f6c8cc7c8-126708796380992","trial_id":34,"param_name":"gy","param_value_internal":2,"distribution":"{\"name\": \"CategoricalDistribution\", \"attributes\": {\"choices\": [1, 2, 4, 8]}}"}
{"op_code":5,"worker_id":"547befa4-d3f5-426d-84d3-e65f6c8cc7c8-126708796380992","trial_id":34,"param_name":"sub","param_value_internal":0,"distribution":"{\"name\": \"CategoricalDistribution\", \"attributes\": {\"choices\": [32, 64]}}"}
{"op_code":6,"worker_id":"547befa4-d3f5-426d-84d3-e65f6c8cc7c8-126708796380992","trial_id":34,"state":2,"values":null,"datetime_complete":"2026-07-24T01:50:59.479410"}
{"op_code":4,"worker_id":"547befa4-d3f5-426d-84d3-e65f6c8cc7c8-126708796380992","study_id":0,"datetime_start":"2026-07-24T01:50:59.481340"}
{"op_code":9,"worker_id":"547befa4-d3f5-426d-84d3-e65f6c8cc7c8-126708796380992","trial_id":35,"system_attr":{"tpe:relative_params:0":"{\"gx\": 8, \"gy\": 4, \"k\": 128, \"m\": 64, \"n\": 64, \"sub\": 32}"}}
{"op_code":5,"worker_id":"547befa4-d3f5-426d-84d3-e65f6c8cc7c8-126708796380992","trial_id":35,"param_name":"m","param_value_internal":2,"distribution":"{\"name\": \"CategoricalDistribution\", \"attributes\": {\"choices\": [16, 32, 64, 128, 256]}}"}
{"op_code":5,"worker_id":"547befa4-d3f5-426d-84d3-e65f6c8cc7c8-126708796380992","trial_id":35,"param_name":"n","param_value_internal":2,"distribution":"{\"name\": \"CategoricalDistribution\", \"attributes\": {\"choices\": [16, 32, 64, 128, 256]}}"}
{"op_code":5,"worker_id":"547befa4-d3f5-426d-84d3-e65f6c8cc7c8-126708796380992","trial_id":35,"param_name":"k","param_value_internal":3,"distribution":"{\"name\": \"CategoricalDistribution\", \"attributes\": {\"choices\": [16, 32, 64, 128]}}"}
{"op_code":5,"worker_id":"547befa4-d3f5-426d-84d3-e65f6c8cc7c8-126708796380992","trial_id":35,"param_name":"gx","param_value_internal":3,"distribution":"{\"name\": \"CategoricalDistribution\", \"attributes\": {\"choices\": [1, 2, 4, 8]}}"}
{"op_code":5,"worker_id":"547befa4-d3f5-426d-84d3-e65f6c8cc7c8-126708796380992","trial_id":35,"param_name":"gy","param_value_internal":2,"distribution":"{\"name\": \"CategoricalDistribution\", \"attributes\": {\"choices\": [1, 2, 4, 8]}}"}
{"op_code":5,"worker_id":"547befa4-d3f5-426d-84d3-e65f6c8cc7c8-126708796380992","trial_id":35,"param_name":"sub","param_value_internal":0,"distribution":"{\"name\": \"CategoricalDistribution\", \"attributes\": {\"choices\": [32, 64]}}"}
{"op_code":6,"worker_id":"547befa4-d3f5-426d-84d3-e65f6c8cc7c8-126708796380992","trial_id":35,"state":2,"values":null,"datetime_complete":"2026-07-24T01:50:59.499042"}
{"op_code":4,"worker_id":"547befa4-d3f5-426d-84d3-e65f6c8cc7c8-126708796380992","study_id":0,"datetime_start":"2026-07-24T01:50:59.501378"}
{"op_code":9,"worker_id":"547befa4-d3f5-426d-84d3-e65f6c8cc7c8-126708796380992","trial_id":36,"system_attr":{"tpe:relative_params:0":"{\"gx\": 1, \"gy\": 2, \"k\": 64, \"m\": 64, \"n\": 128, \"sub\": 32}"}}
{"op_code":5,"worker_id":"547befa4-d3f5-426d-84d3-e65f6c8cc7c8-126708796380992","trial_id":36,"param_name":"m","param_value_internal":2,"distribution":"{\"name\": \"CategoricalDistribution\", \"attributes\": {\"choices\": [16, 32, 64, 128, 256]}}"}
{"op_code":5,"worker_id":"547befa4-d3f5-426d-84d3-e65f6c8cc7c8-126708796380992","trial_id":36,"param_name":"n","param_value_internal":3,"distribution":"{\"name\": \"CategoricalDistribution\", \"attributes\": {\"choices\": [16, 32, 64, 128, 256]}}"}
{"op_code":5,"worker_id":"547befa4-d3f5-426d-84d3-e65f6c8cc7c8-126708796380992","trial_id":36,"param_name":"k","param_value_internal":2,"distribution":"{\"name\": \"CategoricalDistribution\", \"attributes\": {\"choices\": [16, 32, 64, 128]}}"}
{"op_code":5,"worker_id":"547befa4-d3f5-426d-84d3-e65f6c8cc7c8-126708796380992","trial_id":36,"param_name":"gx","param_value_internal":0,"distribution":"{\"name\": \"CategoricalDistribution\", \"attributes\": {\"choices\": [1, 2, 4, 8]}}"}
{"op_code":5,"worker_id":"547befa4-d3f5-426d-84d3-e65f6c8cc7c8-126708796380992","trial_id":36,"param_name":"gy","param_value_internal":1,"distribution":"{\"name\": \"CategoricalDistribution\", \"attributes\": {\"choices\": [1, 2, 4, 8]}}"}
{"op_code":5,"worker_id":"547befa4-d3f5-426d-84d3-e65f6c8cc7c8-126708796380992","trial_id":36,"param_name":"sub","param_value_internal":0,"distribution":"{\"name\": \"CategoricalDistribution\", \"attributes\": {\"choices\": [32, 64]}}"}
{"op_code":6,"worker_id":"547befa4-d3f5-426d-84d3-e65f6c8cc7c8-126708796380992","trial_id":36,"state":2,"values":null,"datetime_complete":"2026-07-24T01:50:59.520251"}
{"op_code":4,"worker_id":"547befa4-d3f5-426d-84d3-e65f6c8cc7c8-126708796380992","study_id":0,"datetime_start":"2026-07-24T01:50:59.522264"}
{"op_code":9,"worker_id":"547befa4-d3f5-426d-84d3-e65f6c8cc7c8-126708796380992","trial_id":37,"system_attr":{"tpe:relative_params:0":"{\"gx\": 8, \"gy\": 2, \"k\": 16, \"m\": 64, \"n\": 256, \"sub\": 32}"}}
{"op_code":5,"worker_id":"547befa4-d3f5-426d-84d3-e65f6c8cc7c8-126708796380992","trial_id":37,"param_name":"m","param_value_internal":2,"distribution":"{\"name\": \"CategoricalDistribution\", \"attributes\": {\"choices\": [16, 32, 64, 128, 256]}}"}
{"op_code":5,"worker_id":"547befa4-d3f5-426d-84d3-e65f6c8cc7c8-126708796380992","trial_id":37,"param_name":"n","param_value_internal":4,"distribution":"{\"name\": \"CategoricalDistribution\", \"attributes\": {\"choices\": [16, 32, 64, 128, 256]}}"}
{"op_code":5,"worker_id":"547befa4-d3f5-426d-84d3-e65f6c8cc7c8-126708796380992","trial_id":37,"param_name":"k","param_value_internal":0,"distribution":"{\"name\": \"CategoricalDistribution\", \"attributes\": {\"choices\": [16, 32, 64, 128]}}"}
{"op_code":5,"worker_id":"547befa4-d3f5-426d-84d3-e65f6c8cc7c8-126708796380992","trial_id":37,"param_name":"gx","param_value_internal":3,"distribution":"{\"name\": \"CategoricalDistribution\", \"attributes\": {\"choices\": [1, 2, 4, 8]}}"}
{"op_code":5,"worker_id":"547befa4-d3f5-426d-84d3-e65f6c8cc7c8-126708796380992","trial_id":37,"param_name":"gy","param_value_internal":1,"distribution":"{\"name\": \"CategoricalDistribution\", \"attributes\": {\"choices\": [1, 2, 4, 8]}}"}
{"op_code":5,"worker_id":"547befa4-d3f5-426d-84d3-e65f6c8cc7c8-126708796380992","trial_id":37,"param_name":"sub","param_value_internal":0,"distribution":"{\"name\": \"CategoricalDistribution\", \"attributes\": {\"choices\": [32, 64]}}"}
{"op_code":6,"worker_id":"547befa4-d3f5-426d-84d3-e65f6c8cc7c8-126708796380992","trial_id":37,"state":2,"values":null,"datetime_complete":"2026-07-24T01:50:59.541073"}
{"op_code":4,"worker_id":"547befa4-d3f5-426d-84d3-e65f6c8cc7c8-126708796380992","study_id":0,"datetime_start":"2026-07-24T01:50:59.543191"}
{"op_code":9,"worker_id":"547befa4-d3f5-426d-84d3-e65f6c8cc7c8-126708796380992","trial_id":38,"system_attr":{"tpe:relative_params:0":"{\"gx\": 4, \"gy\": 8, \"k\": 64, \"m\": 256, \"n\": 32, \"sub\": 64}"}}
{"op_code":5,"worker_id":"547befa4-d3f5-426d-84d3-e65f6c8cc7c8-126708796380992","trial_id":38,"param_name":"m","param_value_internal":4,"distribution":"{\"name\": \"CategoricalDistribution\", \"attributes\": {\"choices\": [16, 32, 64, 128, 256]}}"}
{"op_code":5,"worker_id":"547befa4-d3f5-426d-84d3-e65f6c8cc7c8-126708796380992","trial_id":38,"param_name":"n","param_value_internal":1,"distribution":"{\"name\": \"CategoricalDistribution\", \"attributes\": {\"choices\": [16, 32, 64, 128, 256]}}"}
{"op_code":5,"worker_id":"547befa4-d3f5-426d-84d3-e65f6c8cc7c8-126708796380992","trial_id":38,"param_name":"k","param_value_internal":2,"distribution":"{\"name\": \"CategoricalDistribution\", \"attributes\": {\"choices\": [16, 32, 64, 128]}}"}
{"op_code":5,"worker_id":"547befa4-d3f5-426d-84d3-e65f6c8cc7c8-126708796380992","trial_id":38,"param_name":"gx","param_value_internal":2,"distribution":"{\"name\": \"CategoricalDistribution\", \"attributes\": {\"choices\": [1, 2, 4, 8]}}"}
{"op_code":5,"worker_id":"547befa4-d3f5-426d-84d3-e65f6c8cc7c8-126708796380992","trial_id":38,"param_name":"gy","param_value_internal":3,"distribution":"{\"name\": \"CategoricalDistribution\", \"attributes\": {\"choices\": [1, 2, 4, 8]}}"}
{"op_code":5,"worker_id":"547befa4-d3f5-426d-84d3-e65f6c8cc7c8-126708796380992","trial_id":38,"param_name":"sub","param_value_internal":1,"distribution":"{\"name\": \"CategoricalDistribution\", \"attributes\": {\"choices\": [32, 64]}}"}
{"op_code":6,"worker_id":"547befa4-d3f5-426d-84d3-e65f6c8cc7c8-126708796380992","trial_id":38,"state":2,"values":null,"datetime_complete":"2026-07-24T01:50:59.562086"}
{"op_code":4,"worker_id":"547befa4-d3f5-426d-84d3-e65f6c8cc7c8-126708796380992","study_id":0,"datetime_start":"2026-07-24T01:50:59.564101"}
{"op_code":9,"worker_id":"547befa4-d3f5-426d-84d3-e65f6c8cc7c8-126708796380992","trial_id":39,"system_attr":{"tpe:relative_params:0":"{\"gx\": 1, \"gy\": 2, \"k\": 16, \"m\": 128, \"n\": 256, \"sub\": 32}"}}
{"op_code":5,"worker_id":"547befa4-d3f5-426d-84d3-e65f6c8cc7c8-126708796380992","trial_id":39,"param_name":"m","param_value_internal":3,"distribution":"{\"name\": \"CategoricalDistribution\", \"attributes\": {\"choices\": [16, 32, 64, 128, 256]}}"}
{"op_code":5,"worker_id":"547befa4-d3f5-426d-84d3-e65f6c8cc7c8-126708796380992","trial_id":39,"param_name":"n","param_value_internal":4,"distribution":"{\"name\": \"CategoricalDistribution\", \"attributes\": {\"choices\": [16, 32, 64, 128, 256]}}"}
{"op_code":5,"worker_id":"547befa4-d3f5-426d-84d3-e65f6c8cc7c8-126708796380992","trial_id":39,"param_name":"k","param_value_internal":0,"distribution":"{\"name\": \"CategoricalDistribution\", \"attributes\": {\"choices\": [16, 32, 64, 128]}}"}
{"op_code":5,"worker_id":"547befa4-d3f5-426d-84d3-e65f6c8cc7c8-126708796380992","trial_id":39,"param_name":"gx","param_value_internal":0,"distribution":"{\"name\": \"CategoricalDistribution\", \"attributes\": {\"choices\": [1, 2, 4, 8]}}"}
{"op_code":5,"worker_id":"547befa4-d3f5-426d-84d3-e65f6c8cc7c8-126708796380992","trial_id":39,"param_name":"gy","param_value_internal":1,"distribution":"{\"name\": \"CategoricalDistribution\", \"attributes\": {\"choices\": [1, 2, 4, 8]}}"}
{"op_code":5,"worker_id":"547befa4-d3f5-426d-84d3-e65f6c8cc7c8-126708796380992","trial_id":39,"param_name":"sub","param_value_internal":0,"distribution":"{\"name\": \"CategoricalDistribution\", \"attributes\": {\"choices\": [32, 64]}}"}
{"op_code":6,"worker_id":"547befa4-d3f5-426d-84d3-e65f6c8cc7c8-126708796380992","trial_id":39,"state":2,"values":null,"datetime_complete":"2026-07-24T01:50:59.583129"}
{"op_code":4,"worker_id":"547befa4-d3f5-426d-84d3-e65f6c8cc7c8-126708796380992","study_id":0,"datetime_start":"2026-07-24T01:50:59.585195"}
{"op_code":9,"worker_id":"547befa4-d3f5-426d-84d3-e65f6c8cc7c8-126708796380992","trial_id":40,"system_attr":{"tpe:relative_params:0":"{\"gx\": 4, \"gy\": 8, \"k\": 16, \"m\": 64, \"n\": 128, \"sub\": 32}"}}
{"op_code":5,"worker_id":"547befa4-d3f5-426d-84d3-e65f6c8cc7c8-126708796380992","trial_id":40,"param_name":"m","param_value_internal":2,"distribution":"{\"name\": \"CategoricalDistribution\", \"attributes\": {\"choices\": [16, 32, 64, 128, 256]}}"}
{"op_code":5,"worker_id":"547befa4-d3f5-426d-84d3-e65f6c8cc7c8-126708796380992","trial_id":40,"param_name":"n","param_value_internal":3,"distribution":"{\"name\": \"CategoricalDistribution\", \"attributes\": {\"choices\": [16, 32, 64, 128, 256]}}"}
{"op_code":5,"worker_id":"547befa4-d3f5-426d-84d3-e65f6c8cc7c8-126708796380992","trial_id":40,"param_name":"k","param_value_internal":0,"distribution":"{\"name\": \"CategoricalDistribution\", \"attributes\": {\"choices\": [16, 32, 64, 128]}}"}
{"op_code":5,"worker_id":"547befa4-d3f5-426d-84d3-e65f6c8cc7c8-126708796380992","trial_id":40,"param_name":"gx","param_value_internal":2,"distribution":"{\"name\": \"CategoricalDistribution\", \"attributes\": {\"choices\": [1, 2, 4, 8]}}"}
{"op_code":5,"worker_id":"547befa4-d3f5-426d-84d3-e65f6c8cc7c8-126708796380992","trial_id":40,"param_name":"gy","param_value_internal":3,"distribution":"{\"name\": \"CategoricalDistribution\", \"attributes\": {\"choices\": [1, 2, 4, 8]}}"}
{"op_code":5,"worker_id":"547befa4-d3f5-426d-84d3-e65f6c8cc7c8-126708796380992","trial_id":40,"param_name":"sub","param_value_internal":0,"distribution":"{\"name\": \"CategoricalDistribution\", \"attributes\": {\"choices\": [32, 64]}}"}
{"op_code":6,"worker_id":"547befa4-d3f5-426d-84d3-e65f6c8cc7c8-126708796380992","trial_id":40,"state":2,"values":null,"datetime_complete":"2026-07-24T01:50:59.604104"}
{"op_code":4,"worker_id":"547befa4-d3f5-426d-84d3-e65f6c8cc7c8-126708796380992","study_id":0,"datetime_start":"2026-07-24T01:50:59.606168"}
{"op_code":9,"worker_id":"547befa4-d3f5-426d-84d3-e65f6c8cc7c8-126708796380992","trial_id":41,"system_attr":{"tpe:relative_params:0":"{\"gx\": 4, \"gy\": 1, \"k\": 32, \"m\": 32, \"n\": 128, \"sub\": 64}"}}
{"op_code":5,"worker_id":"547befa4-d3f5-426d-84d3-e65f6c8cc7c8-126708796380992","trial_id":41,"param_name":"m","param_value_internal":1,"distribution":"{\"name\": \"CategoricalDistribution\", \"attributes\": {\"choices\": [16, 32, 64, 128, 256]}}"}
{"op_code":5,"worker_id":"547befa4-d3f5-426d-84d3-e65f6c8cc7c8-126708796380992","trial_id":41,"param_name":"n","param_value_internal":3,"distribution":"{\"name\": \"CategoricalDistribution\", \"attributes\": {\"choices\": [16, 32, 64, 128, 256]}}"}
{"op_code":5,"worker_id":"547befa4-d3f5-426d-84d3-e65f6c8cc7c8-126708796380992","trial_id":41,"param_name":"k","param_value_internal":1,"distribution":"{\"name\": \"CategoricalDistribution\", \"attributes\": {\"choices\": [16, 32, 64, 128]}}"}
{"op_code":5,"worker_id":"547befa4-d3f5-426d-84d3-e65f6c8cc7c8-126708796380992","trial_id":41,"param_name":"gx","param_value_internal":2,"distribution":"{\"name\": \"CategoricalDistribution\", \"attributes\": {\"choices\": [1, 2, 4, 8]}}"}
{"op_code":5,"worker_id":"547befa4-d3f5-426d-84d3-e65f6c8cc7c8-126708796380992","trial_id":41,"param_name":"gy","param_value_internal":0,"distribution":"{\"name\": \"CategoricalDistribution\", \"attributes\": {\"choices\": [1, 2, 4, 8]}}"}
{"op_code":5,"worker_id":"547befa4-d3f5-426d-84d3-e65f6c8cc7c8-126708796380992","trial_id":41,"param_name":"sub","param_value_internal":1,"distribution":"{\"name\": \"CategoricalDistribution\", \"attributes\": {\"choices\": [32, 64]}}"}
{"op_code":8,"worker_id":"547befa4-d3f5-426d-84d3-e65f6c8cc7c8-126708796380992","trial_id":41,"user_attr":{"token":"tsweep_t32x128k32g41s64"}}
{"op_code":4,"worker_id":"547befa4-d3f5-426d-84d3-e65f6c8cc7c8-126708796380992","study_id":0,"datetime_start":"2026-07-24T01:50:59.626568"}
{"op_code":9,"worker_id":"547befa4-d3f5-426d-84d3-e65f6c8cc7c8-126708796380992","trial_id":42,"system_attr":{"tpe:relative_params:0":"{\"gx\": 8, \"gy\": 4, \"k\": 16, \"m\": 16, \"n\": 128, \"sub\": 64}"}}
{"op_code":5,"worker_id":"547befa4-d3f5-426d-84d3-e65f6c8cc7c8-126708796380992","trial_id":42,"param_name":"m","param_value_internal":0,"distribution":"{\"name\": \"CategoricalDistribution\", \"attributes\": {\"choices\": [16, 32, 64, 128, 256]}}"}
{"op_code":5,"worker_id":"547befa4-d3f5-426d-84d3-e65f6c8cc7c8-126708796380992","trial_id":42,"param_name":"n","param_value_internal":3,"distribution":"{\"name\": \"CategoricalDistribution\", \"attributes\": {\"choices\": [16, 32, 64, 128, 256]}}"}
{"op_code":5,"worker_id":"547befa4-d3f5-426d-84d3-e65f6c8cc7c8-126708796380992","trial_id":42,"param_name":"k","param_value_internal":0,"distribution":"{\"name\": \"CategoricalDistribution\", \"attributes\": {\"choices\": [16, 32, 64, 128]}}"}
{"op_code":5,"worker_id":"547befa4-d3f5-426d-84d3-e65f6c8cc7c8-126708796380992","trial_id":42,"param_name":"gx","param_value_internal":3,"distribution":"{\"name\": \"CategoricalDistribution\", \"attributes\": {\"choices\": [1, 2, 4, 8]}}"}
{"op_code":5,"worker_id":"547befa4-d3f5-426d-84d3-e65f6c8cc7c8-126708796380992","trial_id":42,"param_name":"gy","param_value_internal":2,"distribution":"{\"name\": \"CategoricalDistribution\", \"attributes\": {\"choices\": [1, 2, 4, 8]}}"}
{"op_code":5,"worker_id":"547befa4-d3f5-426d-84d3-e65f6c8cc7c8-126708796380992","trial_id":42,"param_name":"sub","param_value_internal":1,"distribution":"{\"name\": \"CategoricalDistribution\", \"attributes\": {\"choices\": [32, 64]}}"}
{"op_code":6,"worker_id":"547befa4-d3f5-426d-84d3-e65f6c8cc7c8-126708796380992","trial_id":42,"state":2,"values":null,"datetime_complete":"2026-07-24T01:50:59.646772"}
{"op_code":4,"worker_id":"547befa4-d3f5-426d-84d3-e65f6c8cc7c8-126708796380992","study_id":0,"datetime_start":"2026-07-24T01:50:59.649061"}
{"op_code":9,"worker_id":"547befa4-d3f5-426d-84d3-e65f6c8cc7c8-126708796380992","trial_id":43,"system_attr":{"tpe:relative_params:0":"{\"gx\": 4, \"gy\": 1, \"k\": 128, \"m\": 128, \"n\": 128, \"sub\": 32}"}}
{"op_code":5,"worker_id":"547befa4-d3f5-426d-84d3-e65f6c8cc7c8-126708796380992","trial_id":43,"param_name":"m","param_value_internal":3,"distribution":"{\"name\": \"CategoricalDistribution\", \"attributes\": {\"choices\": [16, 32, 64, 128, 256]}}"}
{"op_code":5,"worker_id":"547befa4-d3f5-426d-84d3-e65f6c8cc7c8-126708796380992","trial_id":43,"param_name":"n","param_value_internal":3,"distribution":"{\"name\": \"CategoricalDistribution\", \"attributes\": {\"choices\": [16, 32, 64, 128, 256]}}"}
{"op_code":5,"worker_id":"547befa4-d3f5-426d-84d3-e65f6c8cc7c8-126708796380992","trial_id":43,"param_name":"k","param_value_internal":3,"distribution":"{\"name\": \"CategoricalDistribution\", \"attributes\": {\"choices\": [16, 32, 64, 128]}}"}
{"op_code":5,"worker_id":"547befa4-d3f5-426d-84d3-e65f6c8cc7c8-126708796380992","trial_id":43,"param_name":"gx","param_value_internal":2,"distribution":"{\"name\": \"CategoricalDistribution\", \"attributes\": {\"choices\": [1, 2, 4, 8]}}"}
{"op_code":5,"worker_id":"547befa4-d3f5-426d-84d3-e65f6c8cc7c8-126708796380992","trial_id":43,"param_name":"gy","param_value_internal":0,"distribution":"{\"name\": \"CategoricalDistribution\", \"attributes\": {\"choices\": [1, 2, 4, 8]}}"}
{"op_code":5,"worker_id":"547befa4-d3f5-426d-84d3-e65f6c8cc7c8-126708796380992","trial_id":43,"param_name":"sub","param_value_internal":0,"distribution":"{\"name\": \"CategoricalDistribution\", \"attributes\": {\"choices\": [32, 64]}}"}
{"op_code":6,"worker_id":"547befa4-d3f5-426d-84d3-e65f6c8cc7c8-126708796380992","trial_id":43,"state":2,"values":null,"datetime_complete":"2026-07-24T01:50:59.667319"}
{"op_code":4,"worker_id":"547befa4-d3f5-426d-84d3-e65f6c8cc7c8-126708796380992","study_id":0,"datetime_start":"2026-07-24T01:50:59.669300"}
{"op_code":9,"worker_id":"547befa4-d3f5-426d-84d3-e65f6c8cc7c8-126708796380992","trial_id":44,"system_attr":{"tpe:relative_params:0":"{\"gx\": 8, \"gy\": 1, \"k\": 16, \"m\": 64, \"n\": 32, \"sub\": 32}"}}
{"op_code":5,"worker_id":"547befa4-d3f5-426d-84d3-e65f6c8cc7c8-126708796380992","trial_id":44,"param_name":"m","param_value_internal":2,"distribution":"{\"name\": \"CategoricalDistribution\", \"attributes\": {\"choices\": [16, 32, 64, 128, 256]}}"}
{"op_code":5,"worker_id":"547befa4-d3f5-426d-84d3-e65f6c8cc7c8-126708796380992","trial_id":44,"param_name":"n","param_value_internal":1,"distribution":"{\"name\": \"CategoricalDistribution\", \"attributes\": {\"choices\": [16, 32, 64, 128, 256]}}"}
{"op_code":5,"worker_id":"547befa4-d3f5-426d-84d3-e65f6c8cc7c8-126708796380992","trial_id":44,"param_name":"k","param_value_internal":0,"distribution":"{\"name\": \"CategoricalDistribution\", \"attributes\": {\"choices\": [16, 32, 64, 128]}}"}
{"op_code":5,"worker_id":"547befa4-d3f5-426d-84d3-e65f6c8cc7c8-126708796380992","trial_id":44,"param_name":"gx","param_value_internal":3,"distribution":"{\"name\": \"CategoricalDistribution\", \"attributes\": {\"choices\": [1, 2, 4, 8]}}"}
{"op_code":5,"worker_id":"547befa4-d3f5-426d-84d3-e65f6c8cc7c8-126708796380992","trial_id":44,"param_name":"gy","param_value_internal":0,"distribution":"{\"name\": \"CategoricalDistribution\", \"attributes\": {\"choices\": [1, 2, 4, 8]}}"}
{"op_code":5,"worker_id":"547befa4-d3f5-426d-84d3-e65f6c8cc7c8-126708796380992","trial_id":44,"param_name":"sub","param_value_internal":0,"distribution":"{\"name\": \"CategoricalDistribution\", \"attributes\": {\"choices\": [32, 64]}}"}
{"op_code":6,"worker_id":"547befa4-d3f5-426d-84d3-e65f6c8cc7c8-126708796380992","trial_id":44,"state":2,"values":null,"datetime_complete":"2026-07-24T01:50:59.688150"}
{"op_code":4,"worker_id":"547befa4-d3f5-426d-84d3-e65f6c8cc7c8-126708796380992","study_id":0,"datetime_start":"2026-07-24T01:50:59.690262"}
{"op_code":9,"worker_id":"547befa4-d3f5-426d-84d3-e65f6c8cc7c8-126708796380992","trial_id":45,"system_attr":{"tpe:relative_params:0":"{\"gx\": 4, \"gy\": 2, \"k\": 32, \"m\": 64, \"n\": 256, \"sub\": 32}"}}
{"op_code":5,"worker_id":"547befa4-d3f5-426d-84d3-e65f6c8cc7c8-126708796380992","trial_id":45,"param_name":"m","param_value_internal":2,"distribution":"{\"name\": \"CategoricalDistribution\", \"attributes\": {\"choices\": [16, 32, 64, 128, 256]}}"}
{"op_code":5,"worker_id":"547befa4-d3f5-426d-84d3-e65f6c8cc7c8-126708796380992","trial_id":45,"param_name":"n","param_value_internal":4,"distribution":"{\"name\": \"CategoricalDistribution\", \"attributes\": {\"choices\": [16, 32, 64, 128, 256]}}"}
{"op_code":5,"worker_id":"547befa4-d3f5-426d-84d3-e65f6c8cc7c8-126708796380992","trial_id":45,"param_name":"k","param_value_internal":1,"distribution":"{\"name\": \"CategoricalDistribution\", \"attributes\": {\"choices\": [16, 32, 64, 128]}}"}
{"op_code":5,"worker_id":"547befa4-d3f5-426d-84d3-e65f6c8cc7c8-126708796380992","trial_id":45,"param_name":"gx","param_value_internal":2,"distribution":"{\"name\": \"CategoricalDistribution\", \"attributes\": {\"choices\": [1, 2, 4, 8]}}"}
{"op_code":5,"worker_id":"547befa4-d3f5-426d-84d3-e65f6c8cc7c8-126708796380992","trial_id":45,"param_name":"gy","param_value_internal":1,"distribution":"{\"name\": \"CategoricalDistribution\", \"attributes\": {\"choices\": [1, 2, 4, 8]}}"}
{"op_code":5,"worker_id":"547befa4-d3f5-426d-84d3-e65f6c8cc7c8-126708796380992","trial_id":45,"param_name":"sub","param_value_internal":0,"distribution":"{\"name\": \"CategoricalDistribution\", \"attributes\": {\"choices\": [32, 64]}}"}
{"op_code":6,"worker_id":"547befa4-d3f5-426d-84d3-e65f6c8cc7c8-126708796380992","trial_id":45,"state":2,"values":null,"datetime_complete":"2026-07-24T01:50:59.708685"}
{"op_code":4,"worker_id":"547befa4-d3f5-426d-84d3-e65f6c8cc7c8-126708796380992","study_id":0,"datetime_start":"2026-07-24T01:50:59.710871"}
{"op_code":9,"worker_id":"547befa4-d3f5-426d-84d3-e65f6c8cc7c8-126708796380992","trial_id":46,"system_attr":{"tpe:relative_params:0":"{\"gx\": 4, \"gy\": 1, \"k\": 64, \"m\": 64, \"n\": 128, \"sub\": 64}"}}
{"op_code":5,"worker_id":"547befa4-d3f5-426d-84d3-e65f6c8cc7c8-126708796380992","trial_id":46,"param_name":"m","param_value_internal":2,"distribution":"{\"name\": \"CategoricalDistribution\", \"attributes\": {\"choices\": [16, 32, 64, 128, 256]}}"}
{"op_code":5,"worker_id":"547befa4-d3f5-426d-84d3-e65f6c8cc7c8-126708796380992","trial_id":46,"param_name":"n","param_value_internal":3,"distribution":"{\"name\": \"CategoricalDistribution\", \"attributes\": {\"choices\": [16, 32, 64, 128, 256]}}"}
{"op_code":5,"worker_id":"547befa4-d3f5-426d-84d3-e65f6c8cc7c8-126708796380992","trial_id":46,"param_name":"k","param_value_internal":2,"distribution":"{\"name\": \"CategoricalDistribution\", \"attributes\": {\"choices\": [16, 32, 64, 128]}}"}
{"op_code":5,"worker_id":"547befa4-d3f5-426d-84d3-e65f6c8cc7c8-126708796380992","trial_id":46,"param_name":"gx","param_value_internal":2,"distribution":"{\"name\": \"CategoricalDistribution\", \"attributes\": {\"choices\": [1, 2, 4, 8]}}"}
{"op_code":5,"worker_id":"547befa4-d3f5-426d-84d3-e65f6c8cc7c8-126708796380992","trial_id":46,"param_name":"gy","param_value_internal":0,"distribution":"{\"name\": \"CategoricalDistribution\", \"attributes\": {\"choices\": [1, 2, 4, 8]}}"}
{"op_code":5,"worker_id":"547befa4-d3f5-426d-84d3-e65f6c8cc7c8-126708796380992","trial_id":46,"param_name":"sub","param_value_internal":1,"distribution":"{\"name\": \"CategoricalDistribution\", \"attributes\": {\"choices\": [32, 64]}}"}
{"op_code":8,"worker_id":"547befa4-d3f5-426d-84d3-e65f6c8cc7c8-126708796380992","trial_id":46,"user_attr":{"token":"tsweep_t64x128k64g41s64"}}
{"op_code":4,"worker_id":"547befa4-d3f5-426d-84d3-e65f6c8cc7c8-126708796380992","study_id":0,"datetime_start":"2026-07-24T01:50:59.731670"}
{"op_code":9,"worker_id":"547befa4-d3f5-426d-84d3-e65f6c8cc7c8-126708796380992","trial_id":47,"system_attr":{"tpe:relative_params:0":"{\"gx\": 8, \"gy\": 2, \"k\": 128, \"m\": 64, \"n\": 128, \"sub\": 32}"}}
{"op_code":5,"worker_id":"547befa4-d3f5-426d-84d3-e65f6c8cc7c8-126708796380992","trial_id":47,"param_name":"m","param_value_internal":2,"distribution":"{\"name\": \"CategoricalDistribution\", \"attributes\": {\"choices\": [16, 32, 64, 128, 256]}}"}
{"op_code":5,"worker_id":"547befa4-d3f5-426d-84d3-e65f6c8cc7c8-126708796380992","trial_id":47,"param_name":"n","param_value_internal":3,"distribution":"{\"name\": \"CategoricalDistribution\", \"attributes\": {\"choices\": [16, 32, 64, 128, 256]}}"}
{"op_code":5,"worker_id":"547befa4-d3f5-426d-84d3-e65f6c8cc7c8-126708796380992","trial_id":47,"param_name":"k","param_value_internal":3,"distribution":"{\"name\": \"CategoricalDistribution\", \"attributes\": {\"choices\": [16, 32, 64, 128]}}"}
{"op_code":5,"worker_id":"547befa4-d3f5-426d-84d3-e65f6c8cc7c8-126708796380992","trial_id":47,"param_name":"gx","param_value_internal":3,"distribution":"{\"name\": \"CategoricalDistribution\", \"attributes\": {\"choices\": [1, 2, 4, 8]}}"}
{"op_code":5,"worker_id":"547befa4-d3f5-426d-84d3-e65f6c8cc7c8-126708796380992","trial_id":47,"param_name":"gy","param_value_internal":1,"distribution":"{\"name\": \"CategoricalDistribution\", \"attributes\": {\"choices\": [1, 2, 4, 8]}}"}
{"op_code":5,"worker_id":"547befa4-d3f5-426d-84d3-e65f6c8cc7c8-126708796380992","trial_id":47,"param_name":"sub","param_value_internal":0,"distribution":"{\"name\": \"CategoricalDistribution\", \"attributes\": {\"choices\": [32, 64]}}"}
{"op_code":6,"worker_id":"547befa4-d3f5-426d-84d3-e65f6c8cc7c8-126708796380992","trial_id":47,"state":2,"values":null,"datetime_complete":"2026-07-24T01:50:59.750730"}
{"op_code":4,"worker_id":"547befa4-d3f5-426d-84d3-e65f6c8cc7c8-126708796380992","study_id":0,"datetime_start":"2026-07-24T01:50:59.752688"}
{"op_code":9,"worker_id":"547befa4-d3f5-426d-84d3-e65f6c8cc7c8-126708796380992","trial_id":48,"system_attr":{"tpe:relative_params:0":"{\"gx\": 1, \"gy\": 4, \"k\": 32, \"m\": 64, \"n\": 128, \"sub\": 32}"}}
{"op_code":5,"worker_id":"547befa4-d3f5-426d-84d3-e65f6c8cc7c8-126708796380992","trial_id":48,"param_name":"m","param_value_internal":2,"distribution":"{\"name\": \"CategoricalDistribution\", \"attributes\": {\"choices\": [16, 32, 64, 128, 256]}}"}
{"op_code":5,"worker_id":"547befa4-d3f5-426d-84d3-e65f6c8cc7c8-126708796380992","trial_id":48,"param_name":"n","param_value_internal":3,"distribution":"{\"name\": \"CategoricalDistribution\", \"attributes\": {\"choices\": [16, 32, 64, 128, 256]}}"}
{"op_code":5,"worker_id":"547befa4-d3f5-426d-84d3-e65f6c8cc7c8-126708796380992","trial_id":48,"param_name":"k","param_value_internal":1,"distribution":"{\"name\": \"CategoricalDistribution\", \"attributes\": {\"choices\": [16, 32, 64, 128]}}"}
{"op_code":5,"worker_id":"547befa4-d3f5-426d-84d3-e65f6c8cc7c8-126708796380992","trial_id":48,"param_name":"gx","param_value_internal":0,"distribution":"{\"name\": \"CategoricalDistribution\", \"attributes\": {\"choices\": [1, 2, 4, 8]}}"}
{"op_code":5,"worker_id":"547befa4-d3f5-426d-84d3-e65f6c8cc7c8-126708796380992","trial_id":48,"param_name":"gy","param_value_internal":2,"distribution":"{\"name\": \"CategoricalDistribution\", \"attributes\": {\"choices\": [1, 2, 4, 8]}}"}
{"op_code":5,"worker_id":"547befa4-d3f5-426d-84d3-e65f6c8cc7c8-126708796380992","trial_id":48,"param_name":"sub","param_value_internal":0,"distribution":"{\"name\": \"CategoricalDistribution\", \"attributes\": {\"choices\": [32, 64]}}"}
{"op_code":6,"worker_id":"547befa4-d3f5-426d-84d3-e65f6c8cc7c8-126708796380992","trial_id":48,"state":2,"values":null,"datetime_complete":"2026-07-24T01:50:59.771211"}
{"op_code":4,"worker_id":"547befa4-d3f5-426d-84d3-e65f6c8cc7c8-126708796380992","study_id":0,"datetime_start":"2026-07-24T01:50:59.773298"}
{"op_code":9,"worker_id":"547befa4-d3f5-426d-84d3-e65f6c8cc7c8-126708796380992","trial_id":49,"system_attr":{"tpe:relative_params:0":"{\"gx\": 4, \"gy\": 4, \"k\": 64, \"m\": 256, \"n\": 128, \"sub\": 32}"}}
{"op_code":5,"worker_id":"547befa4-d3f5-426d-84d3-e65f6c8cc7c8-126708796380992","trial_id":49,"param_name":"m","param_value_internal":4,"distribution":"{\"name\": \"CategoricalDistribution\", \"attributes\": {\"choices\": [16, 32, 64, 128, 256]}}"}
{"op_code":5,"worker_id":"547befa4-d3f5-426d-84d3-e65f6c8cc7c8-126708796380992","trial_id":49,"param_name":"n","param_value_internal":3,"distribution":"{\"name\": \"CategoricalDistribution\", \"attributes\": {\"choices\": [16, 32, 64, 128, 256]}}"}
{"op_code":5,"worker_id":"547befa4-d3f5-426d-84d3-e65f6c8cc7c8-126708796380992","trial_id":49,"param_name":"k","param_value_internal":2,"distribution":"{\"name\": \"CategoricalDistribution\", \"attributes\": {\"choices\": [16, 32, 64, 128]}}"}
{"op_code":5,"worker_id":"547befa4-d3f5-426d-84d3-e65f6c8cc7c8-126708796380992","trial_id":49,"param_name":"gx","param_value_internal":2,"distribution":"{\"name\": \"CategoricalDistribution\", \"attributes\": {\"choices\": [1, 2, 4, 8]}}"}
{"op_code":5,"worker_id":"547befa4-d3f5-426d-84d3-e65f6c8cc7c8-126708796380992","trial_id":49,"param_name":"gy","param_value_internal":2,"distribution":"{\"name\": \"CategoricalDistribution\", \"attributes\": {\"choices\": [1, 2, 4, 8]}}"}
{"op_code":5,"worker_id":"547befa4-d3f5-426d-84d3-e65f6c8cc7c8-126708796380992","trial_id":49,"param_name":"sub","param_value_internal":0,"distribution":"{\"name\": \"CategoricalDistribution\", \"attributes\": {\"choices\": [32, 64]}}"}
{"op_code":6,"worker_id":"547befa4-d3f5-426d-84d3-e65f6c8cc7c8-126708796380992","trial_id":49,"state":2,"values":null,"datetime_complete":"2026-07-24T01:50:59.791782"}
{"op_code":4,"worker_id":"547befa4-d3f5-426d-84d3-e65f6c8cc7c8-126708796380992","study_id":0,"datetime_start":"2026-07-24T01:50:59.793954"}
{"op_code":9,"worker_id":"547befa4-d3f5-426d-84d3-e65f6c8cc7c8-126708796380992","trial_id":50,"system_attr":{"tpe:relative_params:0":"{\"gx\": 2, \"gy\": 4, \"k\": 16, \"m\": 256, \"n\": 128, \"sub\": 32}"}}
{"op_code":5,"worker_id":"547befa4-d3f5-426d-84d3-e65f6c8cc7c8-126708796380992","trial_id":50,"param_name":"m","param_value_internal":4,"distribution":"{\"name\": \"CategoricalDistribution\", \"attributes\": {\"choices\": [16, 32, 64, 128, 256]}}"}
{"op_code":5,"worker_id":"547befa4-d3f5-426d-84d3-e65f6c8cc7c8-126708796380992","trial_id":50,"param_name":"n","param_value_internal":3,"distribution":"{\"name\": \"CategoricalDistribution\", \"attributes\": {\"choices\": [16, 32, 64, 128, 256]}}"}
{"op_code":5,"worker_id":"547befa4-d3f5-426d-84d3-e65f6c8cc7c8-126708796380992","trial_id":50,"param_name":"k","param_value_internal":0,"distribution":"{\"name\": \"CategoricalDistribution\", \"attributes\": {\"choices\": [16, 32, 64, 128]}}"}
{"op_code":5,"worker_id":"547befa4-d3f5-426d-84d3-e65f6c8cc7c8-126708796380992","trial_id":50,"param_name":"gx","param_value_internal":1,"distribution":"{\"name\": \"CategoricalDistribution\", \"attributes\": {\"choices\": [1, 2, 4, 8]}}"}
{"op_code":5,"worker_id":"547befa4-d3f5-426d-84d3-e65f6c8cc7c8-126708796380992","trial_id":50,"param_name":"gy","param_value_internal":2,"distribution":"{\"name\": \"CategoricalDistribution\", \"attributes\": {\"choices\": [1, 2, 4, 8]}}"}
{"op_code":5,"worker_id":"547befa4-d3f5-426d-84d3-e65f6c8cc7c8-126708796380992","trial_id":50,"param_name":"sub","param_value_internal":0,"distribution":"{\"name\": \"CategoricalDistribution\", \"attributes\": {\"choices\": [32, 64]}}"}
{"op_code":6,"worker_id":"547befa4-d3f5-426d-84d3-e65f6c8cc7c8-126708796380992","trial_id":50,"state":2,"values":null,"datetime_complete":"2026-07-24T01:50:59.812748"}
{"op_code":4,"worker_id":"547befa4-d3f5-426d-84d3-e65f6c8cc7c8-126708796380992","study_id":0,"datetime_start":"2026-07-24T01:50:59.814823"}
{"op_code":9,"worker_id":"547befa4-d3f5-426d-84d3-e65f6c8cc7c8-126708796380992","trial_id":51,"system_attr":{"tpe:relative_params:0":"{\"gx\": 8, \"gy\": 2, \"k\": 16, \"m\": 32, \"n\": 256, \"sub\": 64}"}}
{"op_code":5,"worker_id":"547befa4-d3f5-426d-84d3-e65f6c8cc7c8-126708796380992","trial_id":51,"param_name":"m","param_value_internal":1,"distribution":"{\"name\": \"CategoricalDistribution\", \"attributes\": {\"choices\": [16, 32, 64, 128, 256]}}"}
{"op_code":5,"worker_id":"547befa4-d3f5-426d-84d3-e65f6c8cc7c8-126708796380992","trial_id":51,"param_name":"n","param_value_internal":4,"distribution":"{\"name\": \"CategoricalDistribution\", \"attributes\": {\"choices\": [16, 32, 64, 128, 256]}}"}
{"op_code":5,"worker_id":"547befa4-d3f5-426d-84d3-e65f6c8cc7c8-126708796380992","trial_id":51,"param_name":"k","param_value_internal":0,"distribution":"{\"name\": \"CategoricalDistribution\", \"attributes\": {\"choices\": [16, 32, 64, 128]}}"}
{"op_code":5,"worker_id":"547befa4-d3f5-426d-84d3-e65f6c8cc7c8-126708796380992","trial_id":51,"param_name":"gx","param_value_internal":3,"distribution":"{\"name\": \"CategoricalDistribution\", \"attributes\": {\"choices\": [1, 2, 4, 8]}}"}
{"op_code":5,"worker_id":"547befa4-d3f5-426d-84d3-e65f6c8cc7c8-126708796380992","trial_id":51,"param_name":"gy","param_value_internal":1,"distribution":"{\"name\": \"CategoricalDistribution\", \"attributes\": {\"choices\": [1, 2, 4, 8]}}"}
{"op_code":5,"worker_id":"547befa4-d3f5-426d-84d3-e65f6c8cc7c8-126708796380992","trial_id":51,"param_name":"sub","param_value_internal":1,"distribution":"{\"name\": \"CategoricalDistribution\", \"attributes\": {\"choices\": [32, 64]}}"}
{"op_code":8,"worker_id":"547befa4-d3f5-426d-84d3-e65f6c8cc7c8-126708796380992","trial_id":51,"user_attr":{"token":"tsweep_t32x256k16g82s64"}}
{"op_code":4,"worker_id":"547befa4-d3f5-426d-84d3-e65f6c8cc7c8-126708796380992","study_id":0,"datetime_start":"2026-07-24T01:50:59.836031"}
{"op_code":9,"worker_id":"547befa4-d3f5-426d-84d3-e65f6c8cc7c8-126708796380992","trial_id":52,"system_attr":{"tpe:relative_params:0":"{\"gx\": 4, \"gy\": 2, \"k\": 64, \"m\": 256, \"n\": 16, \"sub\": 32}"}}
{"op_code":5,"worker_id":"547befa4-d3f5-426d-84d3-e65f6c8cc7c8-126708796380992","trial_id":52,"param_name":"m","param_value_internal":4,"distribution":"{\"name\": \"CategoricalDistribution\", \"attributes\": {\"choices\": [16, 32, 64, 128, 256]}}"}
{"op_code":5,"worker_id":"547befa4-d3f5-426d-84d3-e65f6c8cc7c8-126708796380992","trial_id":52,"param_name":"n","param_value_internal":0,"distribution":"{\"name\": \"CategoricalDistribution\", \"attributes\": {\"choices\": [16, 32, 64, 128, 256]}}"}
{"op_code":5,"worker_id":"547befa4-d3f5-426d-84d3-e65f6c8cc7c8-126708796380992","trial_id":52,"param_name":"k","param_value_internal":2,"distribution":"{\"name\": \"CategoricalDistribution\", \"attributes\": {\"choices\": [16, 32, 64, 128]}}"}
{"op_code":5,"worker_id":"547befa4-d3f5-426d-84d3-e65f6c8cc7c8-126708796380992","trial_id":52,"param_name":"gx","param_value_internal":2,"distribution":"{\"name\": \"CategoricalDistribution\", \"attributes\": {\"choices\": [1, 2, 4, 8]}}"}
{"op_code":5,"worker_id":"547befa4-d3f5-426d-84d3-e65f6c8cc7c8-126708796380992","trial_id":52,"param_name":"gy","param_value_internal":1,"distribution":"{\"name\": \"CategoricalDistribution\", \"attributes\": {\"choices\": [1, 2, 4, 8]}}"}
{"op_code":5,"worker_id":"547befa4-d3f5-426d-84d3-e65f6c8cc7c8-126708796380992","trial_id":52,"param_name":"sub","param_value_internal":0,"distribution":"{\"name\": \"CategoricalDistribution\", \"attributes\": {\"choices\": [32, 64]}}"}
{"op_code":6,"worker_id":"547befa4-d3f5-426d-84d3-e65f6c8cc7c8-126708796380992","trial_id":52,"state":2,"values":null,"datetime_complete":"2026-07-24T01:50:59.859538"}
{"op_code":4,"worker_id":"547befa4-d3f5-426d-84d3-e65f6c8cc7c8-126708796380992","study_id":0,"datetime_start":"2026-07-24T01:50:59.862343"}
{"op_code":9,"worker_id":"547befa4-d3f5-426d-84d3-e65f6c8cc7c8-126708796380992","trial_id":53,"system_attr":{"tpe:relative_params:0":"{\"gx\": 1, \"gy\": 4, \"k\": 64, \"m\": 256, \"n\": 128, \"sub\": 64}"}}
{"op_code":5,"worker_id":"547befa4-d3f5-426d-84d3-e65f6c8cc7c8-126708796380992","trial_id":53,"param_name":"m","param_value_internal":4,"distribution":"{\"name\": \"CategoricalDistribution\", \"attributes\": {\"choices\": [16, 32, 64, 128, 256]}}"}
{"op_code":5,"worker_id":"547befa4-d3f5-426d-84d3-e65f6c8cc7c8-126708796380992","trial_id":53,"param_name":"n","param_value_internal":3,"distribution":"{\"name\": \"CategoricalDistribution\", \"attributes\": {\"choices\": [16, 32, 64, 128, 256]}}"}
{"op_code":5,"worker_id":"547befa4-d3f5-426d-84d3-e65f6c8cc7c8-126708796380992","trial_id":53,"param_name":"k","param_value_internal":2,"distribution":"{\"name\": \"CategoricalDistribution\", \"attributes\": {\"choices\": [16, 32, 64, 128]}}"}
{"op_code":5,"worker_id":"547befa4-d3f5-426d-84d3-e65f6c8cc7c8-126708796380992","trial_id":53,"param_name":"gx","param_value_internal":0,"distribution":"{\"name\": \"CategoricalDistribution\", \"attributes\": {\"choices\": [1, 2, 4, 8]}}"}
{"op_code":5,"worker_id":"547befa4-d3f5-426d-84d3-e65f6c8cc7c8-126708796380992","trial_id":53,"param_name":"gy","param_value_internal":2,"distribution":"{\"name\": \"CategoricalDistribution\", \"attributes\": {\"choices\": [1, 2, 4, 8]}}"}
{"op_code":5,"worker_id":"547befa4-d3f5-426d-84d3-e65f6c8cc7c8-126708796380992","trial_id":53,"param_name":"sub","param_value_internal":1,"distribution":"{\"name\": \"CategoricalDistribution\", \"attributes\": {\"choices\": [32, 64]}}"}
{"op_code":8,"worker_id":"547befa4-d3f5-426d-84d3-e65f6c8cc7c8-126708796380992","trial_id":53,"user_attr":{"token":"tsweep_t256x128k64g14s64"}}
{"op_code":4,"worker_id":"547befa4-d3f5-426d-84d3-e65f6c8cc7c8-126708796380992","study_id":0,"datetime_start":"2026-07-24T01:50:59.884983"}
{"op_code":9,"worker_id":"547befa4-d3f5-426d-84d3-e65f6c8cc7c8-126708796380992","trial_id":54,"system_attr":{"tpe:relative_params:0":"{\"gx\": 4, \"gy\": 2, \"k\": 64, \"m\": 32, \"n\": 32, \"sub\": 64}"}}
{"op_code":5,"worker_id":"547befa4-d3f5-426d-84d3-e65f6c8cc7c8-126708796380992","trial_id":54,"param_name":"m","param_value_internal":1,"distribution":"{\"name\": \"CategoricalDistribution\", \"attributes\": {\"choices\": [16, 32, 64, 128, 256]}}"}
{"op_code":5,"worker_id":"547befa4-d3f5-426d-84d3-e65f6c8cc7c8-126708796380992","trial_id":54,"param_name":"n","param_value_internal":1,"distribution":"{\"name\": \"CategoricalDistribution\", \"attributes\": {\"choices\": [16, 32, 64, 128, 256]}}"}
{"op_code":5,"worker_id":"547befa4-d3f5-426d-84d3-e65f6c8cc7c8-126708796380992","trial_id":54,"param_name":"k","param_value_internal":2,"distribution":"{\"name\": \"CategoricalDistribution\", \"attributes\": {\"choices\": [16, 32, 64, 128]}}"}
{"op_code":5,"worker_id":"547befa4-d3f5-426d-84d3-e65f6c8cc7c8-126708796380992","trial_id":54,"param_name":"gx","param_value_internal":2,"distribution":"{\"name\": \"CategoricalDistribution\", \"attributes\": {\"choices\": [1, 2, 4, 8]}}"}
{"op_code":5,"worker_id":"547befa4-d3f5-426d-84d3-e65f6c8cc7c8-126708796380992","trial_id":54,"param_name":"gy","param_value_internal":1,"distribution":"{\"name\": \"CategoricalDistribution\", \"attributes\": {\"choices\": [1, 2, 4, 8]}}"}
{"op_code":5,"worker_id":"547befa4-d3f5-426d-84d3-e65f6c8cc7c8-126708796380992","trial_id":54,"param_name":"sub","param_value_internal":1,"distribution":"{\"name\": \"CategoricalDistribution\", \"attributes\": {\"choices\": [32, 64]}}"}
{"op_code":6,"worker_id":"547befa4-d3f5-426d-84d3-e65f6c8cc7c8-126708796380992","trial_id":54,"state":2,"values":null,"datetime_complete":"2026-07-24T01:50:59.903956"}
{"op_code":4,"worker_id":"547befa4-d3f5-426d-84d3-e65f6c8cc7c8-126708796380992","study_id":0,"datetime_start":"2026-07-24T01:50:59.905879"}
{"op_code":9,"worker_id":"547befa4-d3f5-426d-84d3-e65f6c8cc7c8-126708796380992","trial_id":55,"system_attr":{"tpe:relative_params:0":"{\"gx\": 8, \"gy\": 4, \"k\": 16, \"m\": 64, \"n\": 16, \"sub\": 64}"}}
{"op_code":5,"worker_id":"547befa4-d3f5-426d-84d3-e65f6c8cc7c8-126708796380992","trial_id":55,"param_name":"m","param_value_internal":2,"distribution":"{\"name\": \"CategoricalDistribution\", \"attributes\": {\"choices\": [16, 32, 64, 128, 256]}}"}
{"op_code":5,"worker_id":"547befa4-d3f5-426d-84d3-e65f6c8cc7c8-126708796380992","trial_id":55,"param_name":"n","param_value_internal":0,"distribution":"{\"name\": \"CategoricalDistribution\", \"attributes\": {\"choices\": [16, 32, 64, 128, 256]}}"}
{"op_code":5,"worker_id":"547befa4-d3f5-426d-84d3-e65f6c8cc7c8-126708796380992","trial_id":55,"param_name":"k","param_value_internal":0,"distribution":"{\"name\": \"CategoricalDistribution\", \"attributes\": {\"choices\": [16, 32, 64, 128]}}"}
{"op_code":5,"worker_id":"547befa4-d3f5-426d-84d3-e65f6c8cc7c8-126708796380992","trial_id":55,"param_name":"gx","param_value_internal":3,"distribution":"{\"name\": \"CategoricalDistribution\", \"attributes\": {\"choices\": [1, 2, 4, 8]}}"}
{"op_code":5,"worker_id":"547befa4-d3f5-426d-84d3-e65f6c8cc7c8-126708796380992","trial_id":55,"param_name":"gy","param_value_internal":2,"distribution":"{\"name\": \"CategoricalDistribution\", \"attributes\": {\"choices\": [1, 2, 4, 8]}}"}
{"op_code":5,"worker_id":"547befa4-d3f5-426d-84d3-e65f6c8cc7c8-126708796380992","trial_id":55,"param_name":"sub","param_value_internal":1,"distribution":"{\"name\": \"CategoricalDistribution\", \"attributes\": {\"choices\": [32, 64]}}"}
{"op_code":6,"worker_id":"547befa4-d3f5-426d-84d3-e65f6c8cc7c8-126708796380992","trial_id":55,"state":2,"values":null,"datetime_complete":"2026-07-24T01:50:59.924354"}
{"op_code":4,"worker_id":"547befa4-d3f5-426d-84d3-e65f6c8cc7c8-126708796380992","study_id":0,"datetime_start":"2026-07-24T01:50:59.926341"}
{"op_code":9,"worker_id":"547befa4-d3f5-426d-84d3-e65f6c8cc7c8-126708796380992","trial_id":56,"system_attr":{"tpe:relative_params:0":"{\"gx\": 8, \"gy\": 1, \"k\": 16, \"m\": 256, \"n\": 256, \"sub\": 32}"}}
{"op_code":5,"worker_id":"547befa4-d3f5-426d-84d3-e65f6c8cc7c8-126708796380992","trial_id":56,"param_name":"m","param_value_internal":4,"distribution":"{\"name\": \"CategoricalDistribution\", \"attributes\": {\"choices\": [16, 32, 64, 128, 256]}}"}
{"op_code":5,"worker_id":"547befa4-d3f5-426d-84d3-e65f6c8cc7c8-126708796380992","trial_id":56,"param_name":"n","param_value_internal":4,"distribution":"{\"name\": \"CategoricalDistribution\", \"attributes\": {\"choices\": [16, 32, 64, 128, 256]}}"}
{"op_code":5,"worker_id":"547befa4-d3f5-426d-84d3-e65f6c8cc7c8-126708796380992","trial_id":56,"param_name":"k","param_value_internal":0,"distribution":"{\"name\": \"CategoricalDistribution\", \"attributes\": {\"choices\": [16, 32, 64, 128]}}"}
{"op_code":5,"worker_id":"547befa4-d3f5-426d-84d3-e65f6c8cc7c8-126708796380992","trial_id":56,"param_name":"gx","param_value_internal":3,"distribution":"{\"name\": \"CategoricalDistribution\", \"attributes\": {\"choices\": [1, 2, 4, 8]}}"}
{"op_code":5,"worker_id":"547befa4-d3f5-426d-84d3-e65f6c8cc7c8-126708796380992","trial_id":56,"param_name":"gy","param_value_internal":0,"distribution":"{\"name\": \"CategoricalDistribution\", \"attributes\": {\"choices\": [1, 2, 4, 8]}}"}
{"op_code":5,"worker_id":"547befa4-d3f5-426d-84d3-e65f6c8cc7c8-126708796380992","trial_id":56,"param_name":"sub","param_value_internal":0,"distribution":"{\"name\": \"CategoricalDistribution\", \"attributes\": {\"choices\": [32, 64]}}"}
{"op_code":6,"worker_id":"547befa4-d3f5-426d-84d3-e65f6c8cc7c8-126708796380992","trial_id":56,"state":2,"values":null,"datetime_complete":"2026-07-24T01:50:59.944782"}
{"op_code":4,"worker_id":"547befa4-d3f5-426d-84d3-e65f6c8cc7c8-126708796380992","study_id":0,"datetime_start":"2026-07-24T01:50:59.946842"}
{"op_code":9,"worker_id":"547befa4-d3f5-426d-84d3-e65f6c8cc7c8-126708796380992","trial_id":57,"system_attr":{"tpe:relative_params:0":"{\"gx\": 8, \"gy\": 4, \"k\": 128, \"m\": 256, \"n\": 128, \"sub\": 32}"}}
{"op_code":5,"worker_id":"547befa4-d3f5-426d-84d3-e65f6c8cc7c8-126708796380992","trial_id":57,"param_name":"m","param_value_internal":4,"distribution":"{\"name\": \"CategoricalDistribution\", \"attributes\": {\"choices\": [16, 32, 64, 128, 256]}}"}
{"op_code":5,"worker_id":"547befa4-d3f5-426d-84d3-e65f6c8cc7c8-126708796380992","trial_id":57,"param_name":"n","param_value_internal":3,"distribution":"{\"name\": \"CategoricalDistribution\", \"attributes\": {\"choices\": [16, 32, 64, 128, 256]}}"}
{"op_code":5,"worker_id":"547befa4-d3f5-426d-84d3-e65f6c8cc7c8-126708796380992","trial_id":57,"param_name":"k","param_value_internal":3,"distribution":"{\"name\": \"CategoricalDistribution\", \"attributes\": {\"choices\": [16, 32, 64, 128]}}"}
{"op_code":5,"worker_id":"547befa4-d3f5-426d-84d3-e65f6c8cc7c8-126708796380992","trial_id":57,"param_name":"gx","param_value_internal":3,"distribution":"{\"name\": \"CategoricalDistribution\", \"attributes\": {\"choices\": [1, 2, 4, 8]}}"}
{"op_code":5,"worker_id":"547befa4-d3f5-426d-84d3-e65f6c8cc7c8-126708796380992","trial_id":57,"param_name":"gy","param_value_internal":2,"distribution":"{\"name\": \"CategoricalDistribution\", \"attributes\": {\"choices\": [1, 2, 4, 8]}}"}
{"op_code":5,"worker_id":"547befa4-d3f5-426d-84d3-e65f6c8cc7c8-126708796380992","trial_id":57,"param_name":"sub","param_value_internal":0,"distribution":"{\"name\": \"CategoricalDistribution\", \"attributes\": {\"choices\": [32, 64]}}"}
{"op_code":6,"worker_id":"547befa4-d3f5-426d-84d3-e65f6c8cc7c8-126708796380992","trial_id":57,"state":2,"values":null,"datetime_complete":"2026-07-24T01:50:59.966270"}
{"op_code":4,"worker_id":"547befa4-d3f5-426d-84d3-e65f6c8cc7c8-126708796380992","study_id":0,"datetime_start":"2026-07-24T01:50:59.968438"}
{"op_code":9,"worker_id":"547befa4-d3f5-426d-84d3-e65f6c8cc7c8-126708796380992","trial_id":58,"system_attr":{"tpe:relative_params:0":"{\"gx\": 2, \"gy\": 2, \"k\": 16, \"m\": 64, \"n\": 64, \"sub\": 32}"}}
{"op_code":5,"worker_id":"547befa4-d3f5-426d-84d3-e65f6c8cc7c8-126708796380992","trial_id":58,"param_name":"m","param_value_internal":2,"distribution":"{\"name\": \"CategoricalDistribution\", \"attributes\": {\"choices\": [16, 32, 64, 128, 256]}}"}
{"op_code":5,"worker_id":"547befa4-d3f5-426d-84d3-e65f6c8cc7c8-126708796380992","trial_id":58,"param_name":"n","param_value_internal":2,"distribution":"{\"name\": \"CategoricalDistribution\", \"attributes\": {\"choices\": [16, 32, 64, 128, 256]}}"}
{"op_code":5,"worker_id":"547befa4-d3f5-426d-84d3-e65f6c8cc7c8-126708796380992","trial_id":58,"param_name":"k","param_value_internal":0,"distribution":"{\"name\": \"CategoricalDistribution\", \"attributes\": {\"choices\": [16, 32, 64, 128]}}"}
{"op_code":5,"worker_id":"547befa4-d3f5-426d-84d3-e65f6c8cc7c8-126708796380992","trial_id":58,"param_name":"gx","param_value_internal":1,"distribution":"{\"name\": \"CategoricalDistribution\", \"attributes\": {\"choices\": [1, 2, 4, 8]}}"}
{"op_code":5,"worker_id":"547befa4-d3f5-426d-84d3-e65f6c8cc7c8-126708796380992","trial_id":58,"param_name":"gy","param_value_internal":1,"distribution":"{\"name\": \"CategoricalDistribution\", \"attributes\": {\"choices\": [1, 2, 4, 8]}}"}
{"op_code":5,"worker_id":"547befa4-d3f5-426d-84d3-e65f6c8cc7c8-126708796380992","trial_id":58,"param_name":"sub","param_value_internal":0,"distribution":"{\"name\": \"CategoricalDistribution\", \"attributes\": {\"choices\": [32, 64]}}"}
{"op_code":6,"worker_id":"547befa4-d3f5-426d-84d3-e65f6c8cc7c8-126708796380992","trial_id":58,"state":2,"values":null,"datetime_complete":"2026-07-24T01:50:59.987670"}
{"op_code":4,"worker_id":"547befa4-d3f5-426d-84d3-e65f6c8cc7c8-126708796380992","study_id":0,"datetime_start":"2026-07-24T01:50:59.989731"}
{"op_code":9,"worker_id":"547befa4-d3f5-426d-84d3-e65f6c8cc7c8-126708796380992","trial_id":59,"system_attr":{"tpe:relative_params:0":"{\"gx\": 8, \"gy\": 4, \"k\": 16, \"m\": 128, \"n\": 64, \"sub\": 32}"}}
{"op_code":5,"worker_id":"547befa4-d3f5-426d-84d3-e65f6c8cc7c8-126708796380992","trial_id":59,"param_name":"m","param_value_internal":3,"distribution":"{\"name\": \"CategoricalDistribution\", \"attributes\": {\"choices\": [16, 32, 64, 128, 256]}}"}
{"op_code":5,"worker_id":"547befa4-d3f5-426d-84d3-e65f6c8cc7c8-126708796380992","trial_id":59,"param_name":"n","param_value_internal":2,"distribution":"{\"name\": \"CategoricalDistribution\", \"attributes\": {\"choices\": [16, 32, 64, 128, 256]}}"}
{"op_code":5,"worker_id":"547befa4-d3f5-426d-84d3-e65f6c8cc7c8-126708796380992","trial_id":59,"param_name":"k","param_value_internal":0,"distribution":"{\"name\": \"CategoricalDistribution\", \"attributes\": {\"choices\": [16, 32, 64, 128]}}"}
{"op_code":5,"worker_id":"547befa4-d3f5-426d-84d3-e65f6c8cc7c8-126708796380992","trial_id":59,"param_name":"gx","param_value_internal":3,"distribution":"{\"name\": \"CategoricalDistribution\", \"attributes\": {\"choices\": [1, 2, 4, 8]}}"}
{"op_code":5,"worker_id":"547befa4-d3f5-426d-84d3-e65f6c8cc7c8-126708796380992","trial_id":59,"param_name":"gy","param_value_internal":2,"distribution":"{\"name\": \"CategoricalDistribution\", \"attributes\": {\"choices\": [1, 2, 4, 8]}}"}
{"op_code":5,"worker_id":"547befa4-d3f5-426d-84d3-e65f6c8cc7c8-126708796380992","trial_id":59,"param_name":"sub","param_value_internal":0,"distribution":"{\"name\": \"CategoricalDistribution\", \"attributes\": {\"choices\": [32, 64]}}"}
{"op_code":6,"worker_id":"547befa4-d3f5-426d-84d3-e65f6c8cc7c8-126708796380992","trial_id":59,"state":2,"values":null,"datetime_complete":"2026-07-24T01:51:00.008352"}
{"op_code":4,"worker_id":"547befa4-d3f5-426d-84d3-e65f6c8cc7c8-126708796380992","study_id":0,"datetime_start":"2026-07-24T01:51:00.010206"}
{"op_code":9,"worker_id":"547befa4-d3f5-426d-84d3-e65f6c8cc7c8-126708796380992","trial_id":60,"system_attr":{"tpe:relative_params:0":"{\"gx\": 8, \"gy\": 1, \"k\": 32, \"m\": 128, \"n\": 128, \"sub\": 32}"}}
{"op_code":5,"worker_id":"547befa4-d3f5-426d-84d3-e65f6c8cc7c8-126708796380992","trial_id":60,"param_name":"m","param_value_internal":3,"distribution":"{\"name\": \"CategoricalDistribution\", \"attributes\": {\"choices\": [16, 32, 64, 128, 256]}}"}
{"op_code":5,"worker_id":"547befa4-d3f5-426d-84d3-e65f6c8cc7c8-126708796380992","trial_id":60,"param_name":"n","param_value_internal":3,"distribution":"{\"name\": \"CategoricalDistribution\", \"attributes\": {\"choices\": [16, 32, 64, 128, 256]}}"}
{"op_code":5,"worker_id":"547befa4-d3f5-426d-84d3-e65f6c8cc7c8-126708796380992","trial_id":60,"param_name":"k","param_value_internal":1,"distribution":"{\"name\": \"CategoricalDistribution\", \"attributes\": {\"choices\": [16, 32, 64, 128]}}"}
{"op_code":5,"worker_id":"547befa4-d3f5-426d-84d3-e65f6c8cc7c8-126708796380992","trial_id":60,"param_name":"gx","param_value_internal":3,"distribution":"{\"name\": \"CategoricalDistribution\", \"attributes\": {\"choices\": [1, 2, 4, 8]}}"}
{"op_code":5,"worker_id":"547befa4-d3f5-426d-84d3-e65f6c8cc7c8-126708796380992","trial_id":60,"param_name":"gy","param_value_internal":0,"distribution":"{\"name\": \"CategoricalDistribution\", \"attributes\": {\"choices\": [1, 2, 4, 8]}}"}
{"op_code":5,"worker_id":"547befa4-d3f5-426d-84d3-e65f6c8cc7c8-126708796380992","trial_id":60,"param_name":"sub","param_value_internal":0,"distribution":"{\"name\": \"CategoricalDistribution\", \"attributes\": {\"choices\": [32, 64]}}"}
{"op_code":6,"worker_id":"547befa4-d3f5-426d-84d3-e65f6c8cc7c8-126708796380992","trial_id":60,"state":2,"values":null,"datetime_complete":"2026-07-24T01:51:00.028884"}
{"op_code":4,"worker_id":"547befa4-d3f5-426d-84d3-e65f6c8cc7c8-126708796380992","study_id":0,"datetime_start":"2026-07-24T01:51:00.030935"}
{"op_code":9,"worker_id":"547befa4-d3f5-426d-84d3-e65f6c8cc7c8-126708796380992","trial_id":61,"system_attr":{"tpe:relative_params:0":"{\"gx\": 1, \"gy\": 2, \"k\": 128, \"m\": 32, \"n\": 256, \"sub\": 64}"}}
{"op_code":5,"worker_id":"547befa4-d3f5-426d-84d3-e65f6c8cc7c8-126708796380992","trial_id":61,"param_name":"m","param_value_internal":1,"distribution":"{\"name\": \"CategoricalDistribution\", \"attributes\": {\"choices\": [16, 32, 64, 128, 256]}}"}
{"op_code":5,"worker_id":"547befa4-d3f5-426d-84d3-e65f6c8cc7c8-126708796380992","trial_id":61,"param_name":"n","param_value_internal":4,"distribution":"{\"name\": \"CategoricalDistribution\", \"attributes\": {\"choices\": [16, 32, 64, 128, 256]}}"}
{"op_code":5,"worker_id":"547befa4-d3f5-426d-84d3-e65f6c8cc7c8-126708796380992","trial_id":61,"param_name":"k","param_value_internal":3,"distribution":"{\"name\": \"CategoricalDistribution\", \"attributes\": {\"choices\": [16, 32, 64, 128]}}"}
{"op_code":5,"worker_id":"547befa4-d3f5-426d-84d3-e65f6c8cc7c8-126708796380992","trial_id":61,"param_name":"gx","param_value_internal":0,"distribution":"{\"name\": \"CategoricalDistribution\", \"attributes\": {\"choices\": [1, 2, 4, 8]}}"}
{"op_code":5,"worker_id":"547befa4-d3f5-426d-84d3-e65f6c8cc7c8-126708796380992","trial_id":61,"param_name":"gy","param_value_internal":1,"distribution":"{\"name\": \"CategoricalDistribution\", \"attributes\": {\"choices\": [1, 2, 4, 8]}}"}
{"op_code":5,"worker_id":"547befa4-d3f5-426d-84d3-e65f6c8cc7c8-126708796380992","trial_id":61,"param_name":"sub","param_value_internal":1,"distribution":"{\"name\": \"CategoricalDistribution\", \"attributes\": {\"choices\": [32, 64]}}"}
{"op_code":6,"worker_id":"547befa4-d3f5-426d-84d3-e65f6c8cc7c8-126708796380992","trial_id":61,"state":2,"values":null,"datetime_complete":"2026-07-24T01:51:00.050913"}
{"op_code":4,"worker_id":"547befa4-d3f5-426d-84d3-e65f6c8cc7c8-126708796380992","study_id":0,"datetime_start":"2026-07-24T01:51:00.052992"}
{"op_code":9,"worker_id":"547befa4-d3f5-426d-84d3-e65f6c8cc7c8-126708796380992","trial_id":62,"system_attr":{"tpe:relative_params:0":"{\"gx\": 1, \"gy\": 4, \"k\": 128, \"m\": 256, \"n\": 64, \"sub\": 64}"}}
{"op_code":5,"worker_id":"547befa4-d3f5-426d-84d3-e65f6c8cc7c8-126708796380992","trial_id":62,"param_name":"m","param_value_internal":4,"distribution":"{\"name\": \"CategoricalDistribution\", \"attributes\": {\"choices\": [16, 32, 64, 128, 256]}}"}
{"op_code":5,"worker_id":"547befa4-d3f5-426d-84d3-e65f6c8cc7c8-126708796380992","trial_id":62,"param_name":"n","param_value_internal":2,"distribution":"{\"name\": \"CategoricalDistribution\", \"attributes\": {\"choices\": [16, 32, 64, 128, 256]}}"}
{"op_code":5,"worker_id":"547befa4-d3f5-426d-84d3-e65f6c8cc7c8-126708796380992","trial_id":62,"param_name":"k","param_value_internal":3,"distribution":"{\"name\": \"CategoricalDistribution\", \"attributes\": {\"choices\": [16, 32, 64, 128]}}"}
{"op_code":5,"worker_id":"547befa4-d3f5-426d-84d3-e65f6c8cc7c8-126708796380992","trial_id":62,"param_name":"gx","param_value_internal":0,"distribution":"{\"name\": \"CategoricalDistribution\", \"attributes\": {\"choices\": [1, 2, 4, 8]}}"}
{"op_code":5,"worker_id":"547befa4-d3f5-426d-84d3-e65f6c8cc7c8-126708796380992","trial_id":62,"param_name":"gy","param_value_internal":2,"distribution":"{\"name\": \"CategoricalDistribution\", \"attributes\": {\"choices\": [1, 2, 4, 8]}}"}
{"op_code":5,"worker_id":"547befa4-d3f5-426d-84d3-e65f6c8cc7c8-126708796380992","trial_id":62,"param_name":"sub","param_value_internal":1,"distribution":"{\"name\": \"CategoricalDistribution\", \"attributes\": {\"choices\": [32, 64]}}"}
{"op_code":6,"worker_id":"547befa4-d3f5-426d-84d3-e65f6c8cc7c8-126708796380992","trial_id":62,"state":2,"values":null,"datetime_complete":"2026-07-24T01:51:00.072515"}
{"op_code":4,"worker_id":"547befa4-d3f5-426d-84d3-e65f6c8cc7c8-126708796380992","study_id":0,"datetime_start":"2026-07-24T01:51:00.074568"}
{"op_code":9,"worker_id":"547befa4-d3f5-426d-84d3-e65f6c8cc7c8-126708796380992","trial_id":63,"system_attr":{"tpe:relative_params:0":"{\"gx\": 1, \"gy\": 2, \"k\": 128, \"m\": 256, \"n\": 64, \"sub\": 32}"}}
{"op_code":5,"worker_id":"547befa4-d3f5-426d-84d3-e65f6c8cc7c8-126708796380992","trial_id":63,"param_name":"m","param_value_internal":4,"distribution":"{\"name\": \"CategoricalDistribution\", \"attributes\": {\"choices\": [16, 32, 64, 128, 256]}}"}
{"op_code":5,"worker_id":"547befa4-d3f5-426d-84d3-e65f6c8cc7c8-126708796380992","trial_id":63,"param_name":"n","param_value_internal":2,"distribution":"{\"name\": \"CategoricalDistribution\", \"attributes\": {\"choices\": [16, 32, 64, 128, 256]}}"}
{"op_code":5,"worker_id":"547befa4-d3f5-426d-84d3-e65f6c8cc7c8-126708796380992","trial_id":63,"param_name":"k","param_value_internal":3,"distribution":"{\"name\": \"CategoricalDistribution\", \"attributes\": {\"choices\": [16, 32, 64, 128]}}"}
{"op_code":5,"worker_id":"547befa4-d3f5-426d-84d3-e65f6c8cc7c8-126708796380992","trial_id":63,"param_name":"gx","param_value_internal":0,"distribution":"{\"name\": \"CategoricalDistribution\", \"attributes\": {\"choices\": [1, 2, 4, 8]}}"}
{"op_code":5,"worker_id":"547befa4-d3f5-426d-84d3-e65f6c8cc7c8-126708796380992","trial_id":63,"param_name":"gy","param_value_internal":1,"distribution":"{\"name\": \"CategoricalDistribution\", \"attributes\": {\"choices\": [1, 2, 4, 8]}}"}
{"op_code":5,"worker_id":"547befa4-d3f5-426d-84d3-e65f6c8cc7c8-126708796380992","trial_id":63,"param_name":"sub","param_value_internal":0,"distribution":"{\"name\": \"CategoricalDistribution\", \"attributes\": {\"choices\": [32, 64]}}"}
{"op_code":6,"worker_id":"547befa4-d3f5-426d-84d3-e65f6c8cc7c8-126708796380992","trial_id":63,"state":2,"values":null,"datetime_complete":"2026-07-24T01:51:00.093769"}
{"op_code":4,"worker_id":"547befa4-d3f5-426d-84d3-e65f6c8cc7c8-126708796380992","study_id":0,"datetime_start":"2026-07-24T01:51:00.095712"}
{"op_code":9,"worker_id":"547befa4-d3f5-426d-84d3-e65f6c8cc7c8-126708796380992","trial_id":64,"system_attr":{"tpe:relative_params:0":"{\"gx\": 1, \"gy\": 2, \"k\": 32, \"m\": 256, \"n\": 64, \"sub\": 64}"}}
{"op_code":5,"worker_id":"547befa4-d3f5-426d-84d3-e65f6c8cc7c8-126708796380992","trial_id":64,"param_name":"m","param_value_internal":4,"distribution":"{\"name\": \"CategoricalDistribution\", \"attributes\": {\"choices\": [16, 32, 64, 128, 256]}}"}
{"op_code":5,"worker_id":"547befa4-d3f5-426d-84d3-e65f6c8cc7c8-126708796380992","trial_id":64,"param_name":"n","param_value_internal":2,"distribution":"{\"name\": \"CategoricalDistribution\", \"attributes\": {\"choices\": [16, 32, 64, 128, 256]}}"}
{"op_code":5,"worker_id":"547befa4-d3f5-426d-84d3-e65f6c8cc7c8-126708796380992","trial_id":64,"param_name":"k","param_value_internal":1,"distribution":"{\"name\": \"CategoricalDistribution\", \"attributes\": {\"choices\": [16, 32, 64, 128]}}"}
{"op_code":5,"worker_id":"547befa4-d3f5-426d-84d3-e65f6c8cc7c8-126708796380992","trial_id":64,"param_name":"gx","param_value_internal":0,"distribution":"{\"name\": \"CategoricalDistribution\", \"attributes\": {\"choices\": [1, 2, 4, 8]}}"}
{"op_code":5,"worker_id":"547befa4-d3f5-426d-84d3-e65f6c8cc7c8-126708796380992","trial_id":64,"param_name":"gy","param_value_internal":1,"distribution":"{\"name\": \"CategoricalDistribution\", \"attributes\": {\"choices\": [1, 2, 4, 8]}}"}
{"op_code":5,"worker_id":"547befa4-d3f5-426d-84d3-e65f6c8cc7c8-126708796380992","trial_id":64,"param_name":"sub","param_value_internal":1,"distribution":"{\"name\": \"CategoricalDistribution\", \"attributes\": {\"choices\": [32, 64]}}"}
{"op_code":8,"worker_id":"547befa4-d3f5-426d-84d3-e65f6c8cc7c8-126708796380992","trial_id":64,"user_attr":{"token":"tsweep_t256x64k32g12s64"}}
{"op_code":4,"worker_id":"547befa4-d3f5-426d-84d3-e65f6c8cc7c8-126708796380992","study_id":0,"datetime_start":"2026-07-24T01:51:00.115400"}
{"op_code":9,"worker_id":"547befa4-d3f5-426d-84d3-e65f6c8cc7c8-126708796380992","trial_id":65,"system_attr":{"tpe:relative_params:0":"{\"gx\": 4, \"gy\": 2, \"k\": 128, \"m\": 256, \"n\": 128, \"sub\": 64}"}}
{"op_code":5,"worker_id":"547befa4-d3f5-426d-84d3-e65f6c8cc7c8-126708796380992","trial_id":65,"param_name":"m","param_value_internal":4,"distribution":"{\"name\": \"CategoricalDistribution\", \"attributes\": {\"choices\": [16, 32, 64, 128, 256]}}"}
{"op_code":5,"worker_id":"547befa4-d3f5-426d-84d3-e65f6c8cc7c8-126708796380992","trial_id":65,"param_name":"n","param_value_internal":3,"distribution":"{\"name\": \"CategoricalDistribution\", \"attributes\": {\"choices\": [16, 32, 64, 128, 256]}}"}
{"op_code":5,"worker_id":"547befa4-d3f5-426d-84d3-e65f6c8cc7c8-126708796380992","trial_id":65,"param_name":"k","param_value_internal":3,"distribution":"{\"name\": \"CategoricalDistribution\", \"attributes\": {\"choices\": [16, 32, 64, 128]}}"}
{"op_code":5,"worker_id":"547befa4-d3f5-426d-84d3-e65f6c8cc7c8-126708796380992","trial_id":65,"param_name":"gx","param_value_internal":2,"distribution":"{\"name\": \"CategoricalDistribution\", \"attributes\": {\"choices\": [1, 2, 4, 8]}}"}
{"op_code":5,"worker_id":"547befa4-d3f5-426d-84d3-e65f6c8cc7c8-126708796380992","trial_id":65,"param_name":"gy","param_value_internal":1,"distribution":"{\"name\": \"CategoricalDistribution\", \"attributes\": {\"choices\": [1, 2, 4, 8]}}"}
{"op_code":5,"worker_id":"547befa4-d3f5-426d-84d3-e65f6c8cc7c8-126708796380992","trial_id":65,"param_name":"sub","param_value_internal":1,"distribution":"{\"name\": \"CategoricalDistribution\", \"attributes\": {\"choices\": [32, 64]}}"}
{"op_code":6,"worker_id":"547befa4-d3f5-426d-84d3-e65f6c8cc7c8-126708796380992","trial_id":65,"state":2,"values":null,"datetime_complete":"2026-07-24T01:51:00.134077"}
{"op_code":4,"worker_id":"547befa4-d3f5-426d-84d3-e65f6c8cc7c8-126708796380992","study_id":0,"datetime_start":"2026-07-24T01:51:00.136054"}
{"op_code":9,"worker_id":"547befa4-d3f5-426d-84d3-e65f6c8cc7c8-126708796380992","trial_id":66,"system_attr":{"tpe:relative_params:0":"{\"gx\": 1, \"gy\": 2, \"k\": 128, \"m\": 256, \"n\": 32, \"sub\": 64}"}}
{"op_code":5,"worker_id":"547befa4-d3f5-426d-84d3-e65f6c8cc7c8-126708796380992","trial_id":66,"param_name":"m","param_value_internal":4,"distribution":"{\"name\": \"CategoricalDistribution\", \"attributes\": {\"choices\": [16, 32, 64, 128, 256]}}"}
{"op_code":5,"worker_id":"547befa4-d3f5-426d-84d3-e65f6c8cc7c8-126708796380992","trial_id":66,"param_name":"n","param_value_internal":1,"distribution":"{\"name\": \"CategoricalDistribution\", \"attributes\": {\"choices\": [16, 32, 64, 128, 256]}}"}
{"op_code":5,"worker_id":"547befa4-d3f5-426d-84d3-e65f6c8cc7c8-126708796380992","trial_id":66,"param_name":"k","param_value_internal":3,"distribution":"{\"name\": \"CategoricalDistribution\", \"attributes\": {\"choices\": [16, 32, 64, 128]}}"}
{"op_code":5,"worker_id":"547befa4-d3f5-426d-84d3-e65f6c8cc7c8-126708796380992","trial_id":66,"param_name":"gx","param_value_internal":0,"distribution":"{\"name\": \"CategoricalDistribution\", \"attributes\": {\"choices\": [1, 2, 4, 8]}}"}
{"op_code":5,"worker_id":"547befa4-d3f5-426d-84d3-e65f6c8cc7c8-126708796380992","trial_id":66,"param_name":"gy","param_value_internal":1,"distribution":"{\"name\": \"CategoricalDistribution\", \"attributes\": {\"choices\": [1, 2, 4, 8]}}"}
{"op_code":5,"worker_id":"547befa4-d3f5-426d-84d3-e65f6c8cc7c8-126708796380992","trial_id":66,"param_name":"sub","param_value_internal":1,"distribution":"{\"name\": \"CategoricalDistribution\", \"attributes\": {\"choices\": [32, 64]}}"}
{"op_code":6,"worker_id":"547befa4-d3f5-426d-84d3-e65f6c8cc7c8-126708796380992","trial_id":66,"state":2,"values":null,"datetime_complete":"2026-07-24T01:51:00.155263"}
{"op_code":4,"worker_id":"547befa4-d3f5-426d-84d3-e65f6c8cc7c8-126708796380992","study_id":0,"datetime_start":"2026-07-24T01:51:00.157301"}
{"op_code":9,"worker_id":"547befa4-d3f5-426d-84d3-e65f6c8cc7c8-126708796380992","trial_id":67,"system_attr":{"tpe:relative_params:0":"{\"gx\": 4, \"gy\": 1, \"k\": 32, \"m\": 64, \"n\": 64, \"sub\": 32}"}}
{"op_code":5,"worker_id":"547befa4-d3f5-426d-84d3-e65f6c8cc7c8-126708796380992","trial_id":67,"param_name":"m","param_value_internal":2,"distribution":"{\"name\": \"CategoricalDistribution\", \"attributes\": {\"choices\": [16, 32, 64, 128, 256]}}"}
{"op_code":5,"worker_id":"547befa4-d3f5-426d-84d3-e65f6c8cc7c8-126708796380992","trial_id":67,"param_name":"n","param_value_internal":2,"distribution":"{\"name\": \"CategoricalDistribution\", \"attributes\": {\"choices\": [16, 32, 64, 128, 256]}}"}
{"op_code":5,"worker_id":"547befa4-d3f5-426d-84d3-e65f6c8cc7c8-126708796380992","trial_id":67,"param_name":"k","param_value_internal":1,"distribution":"{\"name\": \"CategoricalDistribution\", \"attributes\": {\"choices\": [16, 32, 64, 128]}}"}
{"op_code":5,"worker_id":"547befa4-d3f5-426d-84d3-e65f6c8cc7c8-126708796380992","trial_id":67,"param_name":"gx","param_value_internal":2,"distribution":"{\"name\": \"CategoricalDistribution\", \"attributes\": {\"choices\": [1, 2, 4, 8]}}"}
{"op_code":5,"worker_id":"547befa4-d3f5-426d-84d3-e65f6c8cc7c8-126708796380992","trial_id":67,"param_name":"gy","param_value_internal":0,"distribution":"{\"name\": \"CategoricalDistribution\", \"attributes\": {\"choices\": [1, 2, 4, 8]}}"}
{"op_code":5,"worker_id":"547befa4-d3f5-426d-84d3-e65f6c8cc7c8-126708796380992","trial_id":67,"param_name":"sub","param_value_internal":0,"distribution":"{\"name\": \"CategoricalDistribution\", \"attributes\": {\"choices\": [32, 64]}}"}
{"op_code":6,"worker_id":"547befa4-d3f5-426d-84d3-e65f6c8cc7c8-126708796380992","trial_id":67,"state":2,"values":null,"datetime_complete":"2026-07-24T01:51:00.177088"}
{"op_code":4,"worker_id":"547befa4-d3f5-426d-84d3-e65f6c8cc7c8-126708796380992","study_id":0,"datetime_start":"2026-07-24T01:51:00.179132"}
{"op_code":9,"worker_id":"547befa4-d3f5-426d-84d3-e65f6c8cc7c8-126708796380992","trial_id":68,"system_attr":{"tpe:relative_params:0":"{\"gx\": 8, \"gy\": 4, \"k\": 16, \"m\": 32, \"n\": 128, \"sub\": 32}"}}
{"op_code":5,"worker_id":"547befa4-d3f5-426d-84d3-e65f6c8cc7c8-126708796380992","trial_id":68,"param_name":"m","param_value_internal":1,"distribution":"{\"name\": \"CategoricalDistribution\", \"attributes\": {\"choices\": [16, 32, 64, 128, 256]}}"}
{"op_code":5,"worker_id":"547befa4-d3f5-426d-84d3-e65f6c8cc7c8-126708796380992","trial_id":68,"param_name":"n","param_value_internal":3,"distribution":"{\"name\": \"CategoricalDistribution\", \"attributes\": {\"choices\": [16, 32, 64, 128, 256]}}"}
{"op_code":5,"worker_id":"547befa4-d3f5-426d-84d3-e65f6c8cc7c8-126708796380992","trial_id":68,"param_name":"k","param_value_internal":0,"distribution":"{\"name\": \"CategoricalDistribution\", \"attributes\": {\"choices\": [16, 32, 64, 128]}}"}
{"op_code":5,"worker_id":"547befa4-d3f5-426d-84d3-e65f6c8cc7c8-126708796380992","trial_id":68,"param_name":"gx","param_value_internal":3,"distribution":"{\"name\": \"CategoricalDistribution\", \"attributes\": {\"choices\": [1, 2, 4, 8]}}"}
{"op_code":5,"worker_id":"547befa4-d3f5-426d-84d3-e65f6c8cc7c8-126708796380992","trial_id":68,"param_name":"gy","param_value_internal":2,"distribution":"{\"name\": \"CategoricalDistribution\", \"attributes\": {\"choices\": [1, 2, 4, 8]}}"}
{"op_code":5,"worker_id":"547befa4-d3f5-426d-84d3-e65f6c8cc7c8-126708796380992","trial_id":68,"param_name":"sub","param_value_internal":0,"distribution":"{\"name\": \"CategoricalDistribution\", \"attributes\": {\"choices\": [32, 64]}}"}
{"op_code":6,"worker_id":"547befa4-d3f5-426d-84d3-e65f6c8cc7c8-126708796380992","trial_id":68,"state":2,"values":null,"datetime_complete":"2026-07-24T01:51:00.197916"}
{"op_code":4,"worker_id":"547befa4-d3f5-426d-84d3-e65f6c8cc7c8-126708796380992","study_id":0,"datetime_start":"2026-07-24T01:51:00.199943"}
{"op_code":9,"worker_id":"547befa4-d3f5-426d-84d3-e65f6c8cc7c8-126708796380992","trial_id":69,"system_attr":{"tpe:relative_params:0":"{\"gx\": 8, \"gy\": 4, \"k\": 32, \"m\": 64, \"n\": 256, \"sub\": 32}"}}
{"op_code":5,"worker_id":"547befa4-d3f5-426d-84d3-e65f6c8cc7c8-126708796380992","trial_id":69,"param_name":"m","param_value_internal":2,"distribution":"{\"name\": \"CategoricalDistribution\", \"attributes\": {\"choices\": [16, 32, 64, 128, 256]}}"}
{"op_code":5,"worker_id":"547befa4-d3f5-426d-84d3-e65f6c8cc7c8-126708796380992","trial_id":69,"param_name":"n","param_value_internal":4,"distribution":"{\"name\": \"CategoricalDistribution\", \"attributes\": {\"choices\": [16, 32, 64, 128, 256]}}"}
{"op_code":5,"worker_id":"547befa4-d3f5-426d-84d3-e65f6c8cc7c8-126708796380992","trial_id":69,"param_name":"k","param_value_internal":1,"distribution":"{\"name\": \"CategoricalDistribution\", \"attributes\": {\"choices\": [16, 32, 64, 128]}}"}
{"op_code":5,"worker_id":"547befa4-d3f5-426d-84d3-e65f6c8cc7c8-126708796380992","trial_id":69,"param_name":"gx","param_value_internal":3,"distribution":"{\"name\": \"CategoricalDistribution\", \"attributes\": {\"choices\": [1, 2, 4, 8]}}"}
{"op_code":5,"worker_id":"547befa4-d3f5-426d-84d3-e65f6c8cc7c8-126708796380992","trial_id":69,"param_name":"gy","param_value_internal":2,"distribution":"{\"name\": \"CategoricalDistribution\", \"attributes\": {\"choices\": [1, 2, 4, 8]}}"}
{"op_code":5,"worker_id":"547befa4-d3f5-426d-84d3-e65f6c8cc7c8-126708796380992","trial_id":69,"param_name":"sub","param_value_internal":0,"distribution":"{\"name\": \"CategoricalDistribution\", \"attributes\": {\"choices\": [32, 64]}}"}
{"op_code":6,"worker_id":"547befa4-d3f5-426d-84d3-e65f6c8cc7c8-126708796380992","trial_id":69,"state":2,"values":null,"datetime_complete":"2026-07-24T01:51:00.218845"}
{"op_code":4,"worker_id":"547befa4-d3f5-426d-84d3-e65f6c8cc7c8-126708796380992","study_id":0,"datetime_start":"2026-07-24T01:51:00.220762"}
{"op_code":9,"worker_id":"547befa4-d3f5-426d-84d3-e65f6c8cc7c8-126708796380992","trial_id":70,"system_attr":{"tpe:relative_params:0":"{\"gx\": 1, \"gy\": 2, \"k\": 128, \"m\": 16, \"n\": 64, \"sub\": 64}"}}
{"op_code":5,"worker_id":"547befa4-d3f5-426d-84d3-e65f6c8cc7c8-126708796380992","trial_id":70,"param_name":"m","param_value_internal":0,"distribution":"{\"name\": \"CategoricalDistribution\", \"attributes\": {\"choices\": [16, 32, 64, 128, 256]}}"}
{"op_code":5,"worker_id":"547befa4-d3f5-426d-84d3-e65f6c8cc7c8-126708796380992","trial_id":70,"param_name":"n","param_value_internal":2,"distribution":"{\"name\": \"CategoricalDistribution\", \"attributes\": {\"choices\": [16, 32, 64, 128, 256]}}"}
{"op_code":5,"worker_id":"547befa4-d3f5-426d-84d3-e65f6c8cc7c8-126708796380992","trial_id":70,"param_name":"k","param_value_internal":3,"distribution":"{\"name\": \"CategoricalDistribution\", \"attributes\": {\"choices\": [16, 32, 64, 128]}}"}
{"op_code":5,"worker_id":"547befa4-d3f5-426d-84d3-e65f6c8cc7c8-126708796380992","trial_id":70,"param_name":"gx","param_value_internal":0,"distribution":"{\"name\": \"CategoricalDistribution\", \"attributes\": {\"choices\": [1, 2, 4, 8]}}"}
{"op_code":5,"worker_id":"547befa4-d3f5-426d-84d3-e65f6c8cc7c8-126708796380992","trial_id":70,"param_name":"gy","param_value_internal":1,"distribution":"{\"name\": \"CategoricalDistribution\", \"attributes\": {\"choices\": [1, 2, 4, 8]}}"}
{"op_code":5,"worker_id":"547befa4-d3f5-426d-84d3-e65f6c8cc7c8-126708796380992","trial_id":70,"param_name":"sub","param_value_internal":1,"distribution":"{\"name\": \"CategoricalDistribution\", \"attributes\": {\"choices\": [32, 64]}}"}
{"op_code":6,"worker_id":"547befa4-d3f5-426d-84d3-e65f6c8cc7c8-126708796380992","trial_id":70,"state":2,"values":null,"datetime_complete":"2026-07-24T01:51:00.238221"}
{"op_code":4,"worker_id":"547befa4-d3f5-426d-84d3-e65f6c8cc7c8-126708796380992","study_id":0,"datetime_start":"2026-07-24T01:51:00.240398"}
{"op_code":9,"worker_id":"547befa4-d3f5-426d-84d3-e65f6c8cc7c8-126708796380992","trial_id":71,"system_attr":{"tpe:relative_params:0":"{\"gx\": 8, \"gy\": 4, \"k\": 64, \"m\": 64, \"n\": 128, \"sub\": 32}"}}
{"op_code":5,"worker_id":"547befa4-d3f5-426d-84d3-e65f6c8cc7c8-126708796380992","trial_id":71,"param_name":"m","param_value_internal":2,"distribution":"{\"name\": \"CategoricalDistribution\", \"attributes\": {\"choices\": [16, 32, 64, 128, 256]}}"}
{"op_code":5,"worker_id":"547befa4-d3f5-426d-84d3-e65f6c8cc7c8-126708796380992","trial_id":71,"param_name":"n","param_value_internal":3,"distribution":"{\"name\": \"CategoricalDistribution\", \"attributes\": {\"choices\": [16, 32, 64, 128, 256]}}"}
{"op_code":5,"worker_id":"547befa4-d3f5-426d-84d3-e65f6c8cc7c8-126708796380992","trial_id":71,"param_name":"k","param_value_internal":2,"distribution":"{\"name\": \"CategoricalDistribution\", \"attributes\": {\"choices\": [16, 32, 64, 128]}}"}
{"op_code":5,"worker_id":"547befa4-d3f5-426d-84d3-e65f6c8cc7c8-126708796380992","trial_id":71,"param_name":"gx","param_value_internal":3,"distribution":"{\"name\": \"CategoricalDistribution\", \"attributes\": {\"choices\": [1, 2, 4, 8]}}"}
{"op_code":5,"worker_id":"547befa4-d3f5-426d-84d3-e65f6c8cc7c8-126708796380992","trial_id":71,"param_name":"gy","param_value_internal":2,"distribution":"{\"name\": \"CategoricalDistribution\", \"attributes\": {\"choices\": [1, 2, 4, 8]}}"}
{"op_code":5,"worker_id":"547befa4-d3f5-426d-84d3-e65f6c8cc7c8-126708796380992","trial_id":71,"param_name":"sub","param_value_internal":0,"distribution":"{\"name\": \"CategoricalDistribution\", \"attributes\": {\"choices\": [32, 64]}}"}
{"op_code":6,"worker_id":"547befa4-d3f5-426d-84d3-e65f6c8cc7c8-126708796380992","trial_id":71,"state":2,"values":null,"datetime_complete":"2026-07-24T01:51:00.259649"}
{"op_code":4,"worker_id":"547befa4-d3f5-426d-84d3-e65f6c8cc7c8-126708796380992","study_id":0,"datetime_start":"2026-07-24T01:51:00.261599"}
{"op_code":9,"worker_id":"547befa4-d3f5-426d-84d3-e65f6c8cc7c8-126708796380992","trial_id":72,"system_attr":{"tpe:relative_params:0":"{\"gx\": 4, \"gy\": 2, \"k\": 32, \"m\": 32, \"n\": 32, \"sub\": 32}"}}
{"op_code":5,"worker_id":"547befa4-d3f5-426d-84d3-e65f6c8cc7c8-126708796380992","trial_id":72,"param_name":"m","param_value_internal":1,"distribution":"{\"name\": \"CategoricalDistribution\", \"attributes\": {\"choices\": [16, 32, 64, 128, 256]}}"}
{"op_code":5,"worker_id":"547befa4-d3f5-426d-84d3-e65f6c8cc7c8-126708796380992","trial_id":72,"param_name":"n","param_value_internal":1,"distribution":"{\"name\": \"CategoricalDistribution\", \"attributes\": {\"choices\": [16, 32, 64, 128, 256]}}"}
{"op_code":5,"worker_id":"547befa4-d3f5-426d-84d3-e65f6c8cc7c8-126708796380992","trial_id":72,"param_name":"k","param_value_internal":1,"distribution":"{\"name\": \"CategoricalDistribution\", \"attributes\": {\"choices\": [16, 32, 64, 128]}}"}
{"op_code":5,"worker_id":"547befa4-d3f5-426d-84d3-e65f6c8cc7c8-126708796380992","trial_id":72,"param_name":"gx","param_value_internal":2,"distribution":"{\"name\": \"CategoricalDistribution\", \"attributes\": {\"choices\": [1, 2, 4, 8]}}"}
{"op_code":5,"worker_id":"547befa4-d3f5-426d-84d3-e65f6c8cc7c8-126708796380992","trial_id":72,"param_name":"gy","param_value_internal":1,"distribution":"{\"name\": \"CategoricalDistribution\", \"attributes\": {\"choices\": [1, 2, 4, 8]}}"}
{"op_code":5,"worker_id":"547befa4-d3f5-426d-84d3-e65f6c8cc7c8-126708796380992","trial_id":72,"param_name":"sub","param_value_internal":0,"distribution":"{\"name\": \"CategoricalDistribution\", \"attributes\": {\"choices\": [32, 64]}}"}
{"op_code":6,"worker_id":"547befa4-d3f5-426d-84d3-e65f6c8cc7c8-126708796380992","trial_id":72,"state":2,"values":null,"datetime_complete":"2026-07-24T01:51:00.280907"}
{"op_code":4,"worker_id":"547befa4-d3f5-426d-84d3-e65f6c8cc7c8-126708796380992","study_id":0,"datetime_start":"2026-07-24T01:51:00.283679"}
{"op_code":9,"worker_id":"547befa4-d3f5-426d-84d3-e65f6c8cc7c8-126708796380992","trial_id":73,"system_attr":{"tpe:relative_params:0":"{\"gx\": 4, \"gy\": 1, \"k\": 32, \"m\": 256, \"n\": 128, \"sub\": 32}"}}
{"op_code":5,"worker_id":"547befa4-d3f5-426d-84d3-e65f6c8cc7c8-126708796380992","trial_id":73,"param_name":"m","param_value_internal":4,"distribution":"{\"name\": \"CategoricalDistribution\", \"attributes\": {\"choices\": [16, 32, 64, 128, 256]}}"}
{"op_code":5,"worker_id":"547befa4-d3f5-426d-84d3-e65f6c8cc7c8-126708796380992","trial_id":73,"param_name":"n","param_value_internal":3,"distribution":"{\"name\": \"CategoricalDistribution\", \"attributes\": {\"choices\": [16, 32, 64, 128, 256]}}"}
{"op_code":5,"worker_id":"547befa4-d3f5-426d-84d3-e65f6c8cc7c8-126708796380992","trial_id":73,"param_name":"k","param_value_internal":1,"distribution":"{\"name\": \"CategoricalDistribution\", \"attributes\": {\"choices\": [16, 32, 64, 128]}}"}
{"op_code":5,"worker_id":"547befa4-d3f5-426d-84d3-e65f6c8cc7c8-126708796380992","trial_id":73,"param_name":"gx","param_value_internal":2,"distribution":"{\"name\": \"CategoricalDistribution\", \"attributes\": {\"choices\": [1, 2, 4, 8]}}"}
{"op_code":5,"worker_id":"547befa4-d3f5-426d-84d3-e65f6c8cc7c8-126708796380992","trial_id":73,"param_name":"gy","param_value_internal":0,"distribution":"{\"name\": \"CategoricalDistribution\", \"attributes\": {\"choices\": [1, 2, 4, 8]}}"}
{"op_code":5,"worker_id":"547befa4-d3f5-426d-84d3-e65f6c8cc7c8-126708796380992","trial_id":73,"param_name":"sub","param_value_internal":0,"distribution":"{\"name\": \"CategoricalDistribution\", \"attributes\": {\"choices\": [32, 64]}}"}
{"op_code":6,"worker_id":"547befa4-d3f5-426d-84d3-e65f6c8cc7c8-126708796380992","trial_id":73,"state":2,"values":null,"datetime_complete":"2026-07-24T01:51:00.308956"}
{"op_code":4,"worker_id":"547befa4-d3f5-426d-84d3-e65f6c8cc7c8-126708796380992","study_id":0,"datetime_start":"2026-07-24T01:51:00.311700"}
{"op_code":9,"worker_id":"547befa4-d3f5-426d-84d3-e65f6c8cc7c8-126708796380992","trial_id":74,"system_attr":{"tpe:relative_params:0":"{\"gx\": 1, \"gy\": 2, \"k\": 128, \"m\": 256, \"n\": 64, \"sub\": 64}"}}
{"op_code":5,"worker_id":"547befa4-d3f5-426d-84d3-e65f6c8cc7c8-126708796380992","trial_id":74,"param_name":"m","param_value_internal":4,"distribution":"{\"name\": \"CategoricalDistribution\", \"attributes\": {\"choices\": [16, 32, 64, 128, 256]}}"}
{"op_code":5,"worker_id":"547befa4-d3f5-426d-84d3-e65f6c8cc7c8-126708796380992","trial_id":74,"param_name":"n","param_value_internal":2,"distribution":"{\"name\": \"CategoricalDistribution\", \"attributes\": {\"choices\": [16, 32, 64, 128, 256]}}"}
{"op_code":5,"worker_id":"547befa4-d3f5-426d-84d3-e65f6c8cc7c8-126708796380992","trial_id":74,"param_name":"k","param_value_internal":3,"distribution":"{\"name\": \"CategoricalDistribution\", \"attributes\": {\"choices\": [16, 32, 64, 128]}}"}
{"op_code":5,"worker_id":"547befa4-d3f5-426d-84d3-e65f6c8cc7c8-126708796380992","trial_id":74,"param_name":"gx","param_value_internal":0,"distribution":"{\"name\": \"CategoricalDistribution\", \"attributes\": {\"choices\": [1, 2, 4, 8]}}"}
{"op_code":5,"worker_id":"547befa4-d3f5-426d-84d3-e65f6c8cc7c8-126708796380992","trial_id":74,"param_name":"gy","param_value_internal":1,"distribution":"{\"name\": \"CategoricalDistribution\", \"attributes\": {\"choices\": [1, 2, 4, 8]}}"}
{"op_code":5,"worker_id":"547befa4-d3f5-426d-84d3-e65f6c8cc7c8-126708796380992","trial_id":74,"param_name":"sub","param_value_internal":1,"distribution":"{\"name\": \"CategoricalDistribution\", \"attributes\": {\"choices\": [32, 64]}}"}
{"op_code":6,"worker_id":"547befa4-d3f5-426d-84d3-e65f6c8cc7c8-126708796380992","trial_id":74,"state":2,"values":null,"datetime_complete":"2026-07-24T01:51:00.335382"}
{"op_code":4,"worker_id":"547befa4-d3f5-426d-84d3-e65f6c8cc7c8-126708796380992","study_id":0,"datetime_start":"2026-07-24T01:51:00.337349"}
{"op_code":9,"worker_id":"547befa4-d3f5-426d-84d3-e65f6c8cc7c8-126708796380992","trial_id":75,"system_attr":{"tpe:relative_params:0":"{\"gx\": 4, \"gy\": 1, \"k\": 64, \"m\": 16, \"n\": 32, \"sub\": 64}"}}
{"op_code":5,"worker_id":"547befa4-d3f5-426d-84d3-e65f6c8cc7c8-126708796380992","trial_id":75,"param_name":"m","param_value_internal":0,"distribution":"{\"name\": \"CategoricalDistribution\", \"attributes\": {\"choices\": [16, 32, 64, 128, 256]}}"}
{"op_code":5,"worker_id":"547befa4-d3f5-426d-84d3-e65f6c8cc7c8-126708796380992","trial_id":75,"param_name":"n","param_value_internal":1,"distribution":"{\"name\": \"CategoricalDistribution\", \"attributes\": {\"choices\": [16, 32, 64, 128, 256]}}"}
{"op_code":5,"worker_id":"547befa4-d3f5-426d-84d3-e65f6c8cc7c8-126708796380992","trial_id":75,"param_name":"k","param_value_internal":2,"distribution":"{\"name\": \"CategoricalDistribution\", \"attributes\": {\"choices\": [16, 32, 64, 128]}}"}
{"op_code":5,"worker_id":"547befa4-d3f5-426d-84d3-e65f6c8cc7c8-126708796380992","trial_id":75,"param_name":"gx","param_value_internal":2,"distribution":"{\"name\": \"CategoricalDistribution\", \"attributes\": {\"choices\": [1, 2, 4, 8]}}"}
{"op_code":5,"worker_id":"547befa4-d3f5-426d-84d3-e65f6c8cc7c8-126708796380992","trial_id":75,"param_name":"gy","param_value_internal":0,"distribution":"{\"name\": \"CategoricalDistribution\", \"attributes\": {\"choices\": [1, 2, 4, 8]}}"}
{"op_code":5,"worker_id":"547befa4-d3f5-426d-84d3-e65f6c8cc7c8-126708796380992","trial_id":75,"param_name":"sub","param_value_internal":1,"distribution":"{\"name\": \"CategoricalDistribution\", \"attributes\": {\"choices\": [32, 64]}}"}
{"op_code":6,"worker_id":"547befa4-d3f5-426d-84d3-e65f6c8cc7c8-126708796380992","trial_id":75,"state":2,"values":null,"datetime_complete":"2026-07-24T01:51:00.356694"}
{"op_code":4,"worker_id":"547befa4-d3f5-426d-84d3-e65f6c8cc7c8-126708796380992","study_id":0,"datetime_start":"2026-07-24T01:51:00.358656"}
{"op_code":9,"worker_id":"547befa4-d3f5-426d-84d3-e65f6c8cc7c8-126708796380992","trial_id":76,"system_attr":{"tpe:relative_params:0":"{\"gx\": 8, \"gy\": 4, \"k\": 32, \"m\": 64, \"n\": 128, \"sub\": 64}"}}
{"op_code":5,"worker_id":"547befa4-d3f5-426d-84d3-e65f6c8cc7c8-126708796380992","trial_id":76,"param_name":"m","param_value_internal":2,"distribution":"{\"name\": \"CategoricalDistribution\", \"attributes\": {\"choices\": [16, 32, 64, 128, 256]}}"}
{"op_code":5,"worker_id":"547befa4-d3f5-426d-84d3-e65f6c8cc7c8-126708796380992","trial_id":76,"param_name":"n","param_value_internal":3,"distribution":"{\"name\": \"CategoricalDistribution\", \"attributes\": {\"choices\": [16, 32, 64, 128, 256]}}"}
{"op_code":5,"worker_id":"547befa4-d3f5-426d-84d3-e65f6c8cc7c8-126708796380992","trial_id":76,"param_name":"k","param_value_internal":1,"distribution":"{\"name\": \"CategoricalDistribution\", \"attributes\": {\"choices\": [16, 32, 64, 128]}}"}
{"op_code":5,"worker_id":"547befa4-d3f5-426d-84d3-e65f6c8cc7c8-126708796380992","trial_id":76,"param_name":"gx","param_value_internal":3,"distribution":"{\"name\": \"CategoricalDistribution\", \"attributes\": {\"choices\": [1, 2, 4, 8]}}"}
{"op_code":5,"worker_id":"547befa4-d3f5-426d-84d3-e65f6c8cc7c8-126708796380992","trial_id":76,"param_name":"gy","param_value_internal":2,"distribution":"{\"name\": \"CategoricalDistribution\", \"attributes\": {\"choices\": [1, 2, 4, 8]}}"}
{"op_code":5,"worker_id":"547befa4-d3f5-426d-84d3-e65f6c8cc7c8-126708796380992","trial_id":76,"param_name":"sub","param_value_internal":1,"distribution":"{\"name\": \"CategoricalDistribution\", \"attributes\": {\"choices\": [32, 64]}}"}
{"op_code":6,"worker_id":"547befa4-d3f5-426d-84d3-e65f6c8cc7c8-126708796380992","trial_id":76,"state":2,"values":null,"datetime_complete":"2026-07-24T01:51:00.377001"}
{"op_code":4,"worker_id":"547befa4-d3f5-426d-84d3-e65f6c8cc7c8-126708796380992","study_id":0,"datetime_start":"2026-07-24T01:51:00.378978"}
{"op_code":9,"worker_id":"547befa4-d3f5-426d-84d3-e65f6c8cc7c8-126708796380992","trial_id":77,"system_attr":{"tpe:relative_params:0":"{\"gx\": 8, \"gy\": 4, \"k\": 16, \"m\": 16, \"n\": 256, \"sub\": 32}"}}
{"op_code":5,"worker_id":"547befa4-d3f5-426d-84d3-e65f6c8cc7c8-126708796380992","trial_id":77,"param_name":"m","param_value_internal":0,"distribution":"{\"name\": \"CategoricalDistribution\", \"attributes\": {\"choices\": [16, 32, 64, 128, 256]}}"}
{"op_code":5,"worker_id":"547befa4-d3f5-426d-84d3-e65f6c8cc7c8-126708796380992","trial_id":77,"param_name":"n","param_value_internal":4,"distribution":"{\"name\": \"CategoricalDistribution\", \"attributes\": {\"choices\": [16, 32, 64, 128, 256]}}"}
{"op_code":5,"worker_id":"547befa4-d3f5-426d-84d3-e65f6c8cc7c8-126708796380992","trial_id":77,"param_name":"k","param_value_internal":0,"distribution":"{\"name\": \"CategoricalDistribution\", \"attributes\": {\"choices\": [16, 32, 64, 128]}}"}
{"op_code":5,"worker_id":"547befa4-d3f5-426d-84d3-e65f6c8cc7c8-126708796380992","trial_id":77,"param_name":"gx","param_value_internal":3,"distribution":"{\"name\": \"CategoricalDistribution\", \"attributes\": {\"choices\": [1, 2, 4, 8]}}"}
{"op_code":5,"worker_id":"547befa4-d3f5-426d-84d3-e65f6c8cc7c8-126708796380992","trial_id":77,"param_name":"gy","param_value_internal":2,"distribution":"{\"name\": \"CategoricalDistribution\", \"attributes\": {\"choices\": [1, 2, 4, 8]}}"}
{"op_code":5,"worker_id":"547befa4-d3f5-426d-84d3-e65f6c8cc7c8-126708796380992","trial_id":77,"param_name":"sub","param_value_internal":0,"distribution":"{\"name\": \"CategoricalDistribution\", \"attributes\": {\"choices\": [32, 64]}}"}
{"op_code":6,"worker_id":"547befa4-d3f5-426d-84d3-e65f6c8cc7c8-126708796380992","trial_id":77,"state":2,"values":null,"datetime_complete":"2026-07-24T01:51:00.398379"}
{"op_code":4,"worker_id":"547befa4-d3f5-426d-84d3-e65f6c8cc7c8-126708796380992","study_id":0,"datetime_start":"2026-07-24T01:51:00.400295"}
{"op_code":9,"worker_id":"547befa4-d3f5-426d-84d3-e65f6c8cc7c8-126708796380992","trial_id":78,"system_attr":{"tpe:relative_params:0":"{\"gx\": 4, \"gy\": 2, \"k\": 128, \"m\": 32, \"n\": 64, \"sub\": 32}"}}
{"op_code":5,"worker_id":"547befa4-d3f5-426d-84d3-e65f6c8cc7c8-126708796380992","trial_id":78,"param_name":"m","param_value_internal":1,"distribution":"{\"name\": \"CategoricalDistribution\", \"attributes\": {\"choices\": [16, 32, 64, 128, 256]}}"}
{"op_code":5,"worker_id":"547befa4-d3f5-426d-84d3-e65f6c8cc7c8-126708796380992","trial_id":78,"param_name":"n","param_value_internal":2,"distribution":"{\"name\": \"CategoricalDistribution\", \"attributes\": {\"choices\": [16, 32, 64, 128, 256]}}"}
{"op_code":5,"worker_id":"547befa4-d3f5-426d-84d3-e65f6c8cc7c8-126708796380992","trial_id":78,"param_name":"k","param_value_internal":3,"distribution":"{\"name\": \"CategoricalDistribution\", \"attributes\": {\"choices\": [16, 32, 64, 128]}}"}
{"op_code":5,"worker_id":"547befa4-d3f5-426d-84d3-e65f6c8cc7c8-126708796380992","trial_id":78,"param_name":"gx","param_value_internal":2,"distribution":"{\"name\": \"CategoricalDistribution\", \"attributes\": {\"choices\": [1, 2, 4, 8]}}"}
{"op_code":5,"worker_id":"547befa4-d3f5-426d-84d3-e65f6c8cc7c8-126708796380992","trial_id":78,"param_name":"gy","param_value_internal":1,"distribution":"{\"name\": \"CategoricalDistribution\", \"attributes\": {\"choices\": [1, 2, 4, 8]}}"}
{"op_code":5,"worker_id":"547befa4-d3f5-426d-84d3-e65f6c8cc7c8-126708796380992","trial_id":78,"param_name":"sub","param_value_internal":0,"distribution":"{\"name\": \"CategoricalDistribution\", \"attributes\": {\"choices\": [32, 64]}}"}
{"op_code":6,"worker_id":"547befa4-d3f5-426d-84d3-e65f6c8cc7c8-126708796380992","trial_id":78,"state":2,"values":null,"datetime_complete":"2026-07-24T01:51:00.420396"}
{"op_code":4,"worker_id":"547befa4-d3f5-426d-84d3-e65f6c8cc7c8-126708796380992","study_id":0,"datetime_start":"2026-07-24T01:51:00.422424"}
{"op_code":9,"worker_id":"547befa4-d3f5-426d-84d3-e65f6c8cc7c8-126708796380992","trial_id":79,"system_attr":{"tpe:relative_params:0":"{\"gx\": 4, \"gy\": 2, \"k\": 64, \"m\": 16, \"n\": 128, \"sub\": 32}"}}
{"op_code":5,"worker_id":"547befa4-d3f5-426d-84d3-e65f6c8cc7c8-126708796380992","trial_id":79,"param_name":"m","param_value_internal":0,"distribution":"{\"name\": \"CategoricalDistribution\", \"attributes\": {\"choices\": [16, 32, 64, 128, 256]}}"}
{"op_code":5,"worker_id":"547befa4-d3f5-426d-84d3-e65f6c8cc7c8-126708796380992","trial_id":79,"param_name":"n","param_value_internal":3,"distribution":"{\"name\": \"CategoricalDistribution\", \"attributes\": {\"choices\": [16, 32, 64, 128, 256]}}"}
{"op_code":5,"worker_id":"547befa4-d3f5-426d-84d3-e65f6c8cc7c8-126708796380992","trial_id":79,"param_name":"k","param_value_internal":2,"distribution":"{\"name\": \"CategoricalDistribution\", \"attributes\": {\"choices\": [16, 32, 64, 128]}}"}
{"op_code":5,"worker_id":"547befa4-d3f5-426d-84d3-e65f6c8cc7c8-126708796380992","trial_id":79,"param_name":"gx","param_value_internal":2,"distribution":"{\"name\": \"CategoricalDistribution\", \"attributes\": {\"choices\": [1, 2, 4, 8]}}"}
{"op_code":5,"worker_id":"547befa4-d3f5-426d-84d3-e65f6c8cc7c8-126708796380992","trial_id":79,"param_name":"gy","param_value_internal":1,"distribution":"{\"name\": \"CategoricalDistribution\", \"attributes\": {\"choices\": [1, 2, 4, 8]}}"}
{"op_code":5,"worker_id":"547befa4-d3f5-426d-84d3-e65f6c8cc7c8-126708796380992","trial_id":79,"param_name":"sub","param_value_internal":0,"distribution":"{\"name\": \"CategoricalDistribution\", \"attributes\": {\"choices\": [32, 64]}}"}
{"op_code":6,"worker_id":"547befa4-d3f5-426d-84d3-e65f6c8cc7c8-126708796380992","trial_id":79,"state":2,"values":null,"datetime_complete":"2026-07-24T01:51:00.442562"}
{"op_code":4,"worker_id":"547befa4-d3f5-426d-84d3-e65f6c8cc7c8-126708796380992","study_id":0,"datetime_start":"2026-07-24T01:51:00.444793"}
{"op_code":9,"worker_id":"547befa4-d3f5-426d-84d3-e65f6c8cc7c8-126708796380992","trial_id":80,"system_attr":{"tpe:relative_params:0":"{\"gx\": 4, \"gy\": 4, \"k\": 32, \"m\": 32, \"n\": 128, \"sub\": 32}"}}
{"op_code":5,"worker_id":"547befa4-d3f5-426d-84d3-e65f6c8cc7c8-126708796380992","trial_id":80,"param_name":"m","param_value_internal":1,"distribution":"{\"name\": \"CategoricalDistribution\", \"attributes\": {\"choices\": [16, 32, 64, 128, 256]}}"}
{"op_code":5,"worker_id":"547befa4-d3f5-426d-84d3-e65f6c8cc7c8-126708796380992","trial_id":80,"param_name":"n","param_value_internal":3,"distribution":"{\"name\": \"CategoricalDistribution\", \"attributes\": {\"choices\": [16, 32, 64, 128, 256]}}"}
{"op_code":5,"worker_id":"547befa4-d3f5-426d-84d3-e65f6c8cc7c8-126708796380992","trial_id":80,"param_name":"k","param_value_internal":1,"distribution":"{\"name\": \"CategoricalDistribution\", \"attributes\": {\"choices\": [16, 32, 64, 128]}}"}
{"op_code":5,"worker_id":"547befa4-d3f5-426d-84d3-e65f6c8cc7c8-126708796380992","trial_id":80,"param_name":"gx","param_value_internal":2,"distribution":"{\"name\": \"CategoricalDistribution\", \"attributes\": {\"choices\": [1, 2, 4, 8]}}"}
{"op_code":5,"worker_id":"547befa4-d3f5-426d-84d3-e65f6c8cc7c8-126708796380992","trial_id":80,"param_name":"gy","param_value_internal":2,"distribution":"{\"name\": \"CategoricalDistribution\", \"attributes\": {\"choices\": [1, 2, 4, 8]}}"}
{"op_code":5,"worker_id":"547befa4-d3f5-426d-84d3-e65f6c8cc7c8-126708796380992","trial_id":80,"param_name":"sub","param_value_internal":0,"distribution":"{\"name\": \"CategoricalDistribution\", \"attributes\": {\"choices\": [32, 64]}}"}
{"op_code":6,"worker_id":"547befa4-d3f5-426d-84d3-e65f6c8cc7c8-126708796380992","trial_id":80,"state":2,"values":null,"datetime_complete":"2026-07-24T01:51:00.463290"}
{"op_code":4,"worker_id":"547befa4-d3f5-426d-84d3-e65f6c8cc7c8-126708796380992","study_id":0,"datetime_start":"2026-07-24T01:51:00.465468"}
{"op_code":9,"worker_id":"547befa4-d3f5-426d-84d3-e65f6c8cc7c8-126708796380992","trial_id":81,"system_attr":{"tpe:relative_params:0":"{\"gx\": 4, \"gy\": 4, \"k\": 64, \"m\": 16, \"n\": 64, \"sub\": 64}"}}
{"op_code":5,"worker_id":"547befa4-d3f5-426d-84d3-e65f6c8cc7c8-126708796380992","trial_id":81,"param_name":"m","param_value_internal":0,"distribution":"{\"name\": \"CategoricalDistribution\", \"attributes\": {\"choices\": [16, 32, 64, 128, 256]}}"}
{"op_code":5,"worker_id":"547befa4-d3f5-426d-84d3-e65f6c8cc7c8-126708796380992","trial_id":81,"param_name":"n","param_value_internal":2,"distribution":"{\"name\": \"CategoricalDistribution\", \"attributes\": {\"choices\": [16, 32, 64, 128, 256]}}"}
{"op_code":5,"worker_id":"547befa4-d3f5-426d-84d3-e65f6c8cc7c8-126708796380992","trial_id":81,"param_name":"k","param_value_internal":2,"distribution":"{\"name\": \"CategoricalDistribution\", \"attributes\": {\"choices\": [16, 32, 64, 128]}}"}
{"op_code":5,"worker_id":"547befa4-d3f5-426d-84d3-e65f6c8cc7c8-126708796380992","trial_id":81,"param_name":"gx","param_value_internal":2,"distribution":"{\"name\": \"CategoricalDistribution\", \"attributes\": {\"choices\": [1, 2, 4, 8]}}"}
{"op_code":5,"worker_id":"547befa4-d3f5-426d-84d3-e65f6c8cc7c8-126708796380992","trial_id":81,"param_name":"gy","param_value_internal":2,"distribution":"{\"name\": \"CategoricalDistribution\", \"attributes\": {\"choices\": [1, 2, 4, 8]}}"}
{"op_code":5,"worker_id":"547befa4-d3f5-426d-84d3-e65f6c8cc7c8-126708796380992","trial_id":81,"param_name":"sub","param_value_internal":1,"distribution":"{\"name\": \"CategoricalDistribution\", \"attributes\": {\"choices\": [32, 64]}}"}
{"op_code":6,"worker_id":"547befa4-d3f5-426d-84d3-e65f6c8cc7c8-126708796380992","trial_id":81,"state":2,"values":null,"datetime_complete":"2026-07-24T01:51:00.484883"}
{"op_code":4,"worker_id":"547befa4-d3f5-426d-84d3-e65f6c8cc7c8-126708796380992","study_id":0,"datetime_start":"2026-07-24T01:51:00.486899"}
{"op_code":9,"worker_id":"547befa4-d3f5-426d-84d3-e65f6c8cc7c8-126708796380992","trial_id":82,"system_attr":{"tpe:relative_params:0":"{\"gx\": 1, \"gy\": 4, \"k\": 64, \"m\": 256, \"n\": 16, \"sub\": 32}"}}
{"op_code":5,"worker_id":"547befa4-d3f5-426d-84d3-e65f6c8cc7c8-126708796380992","trial_id":82,"param_name":"m","param_value_internal":4,"distribution":"{\"name\": \"CategoricalDistribution\", \"attributes\": {\"choices\": [16, 32, 64, 128, 256]}}"}
{"op_code":5,"worker_id":"547befa4-d3f5-426d-84d3-e65f6c8cc7c8-126708796380992","trial_id":82,"param_name":"n","param_value_internal":0,"distribution":"{\"name\": \"CategoricalDistribution\", \"attributes\": {\"choices\": [16, 32, 64, 128, 256]}}"}
{"op_code":5,"worker_id":"547befa4-d3f5-426d-84d3-e65f6c8cc7c8-126708796380992","trial_id":82,"param_name":"k","param_value_internal":2,"distribution":"{\"name\": \"CategoricalDistribution\", \"attributes\": {\"choices\": [16, 32, 64, 128]}}"}
{"op_code":5,"worker_id":"547befa4-d3f5-426d-84d3-e65f6c8cc7c8-126708796380992","trial_id":82,"param_name":"gx","param_value_internal":0,"distribution":"{\"name\": \"CategoricalDistribution\", \"attributes\": {\"choices\": [1, 2, 4, 8]}}"}
{"op_code":5,"worker_id":"547befa4-d3f5-426d-84d3-e65f6c8cc7c8-126708796380992","trial_id":82,"param_name":"gy","param_value_internal":2,"distribution":"{\"name\": \"CategoricalDistribution\", \"attributes\": {\"choices\": [1, 2, 4, 8]}}"}
{"op_code":5,"worker_id":"547befa4-d3f5-426d-84d3-e65f6c8cc7c8-126708796380992","trial_id":82,"param_name":"sub","param_value_internal":0,"distribution":"{\"name\": \"CategoricalDistribution\", \"attributes\": {\"choices\": [32, 64]}}"}
{"op_code":6,"worker_id":"547befa4-d3f5-426d-84d3-e65f6c8cc7c8-126708796380992","trial_id":82,"state":2,"values":null,"datetime_complete":"2026-07-24T01:51:00.507169"}
{"op_code":4,"worker_id":"547befa4-d3f5-426d-84d3-e65f6c8cc7c8-126708796380992","study_id":0,"datetime_start":"2026-07-24T01:51:00.509389"}
{"op_code":9,"worker_id":"547befa4-d3f5-426d-84d3-e65f6c8cc7c8-126708796380992","trial_id":83,"system_attr":{"tpe:relative_params:0":"{\"gx\": 8, \"gy\": 4, \"k\": 64, \"m\": 128, \"n\": 16, \"sub\": 32}"}}
{"op_code":5,"worker_id":"547befa4-d3f5-426d-84d3-e65f6c8cc7c8-126708796380992","trial_id":83,"param_name":"m","param_value_internal":3,"distribution":"{\"name\": \"CategoricalDistribution\", \"attributes\": {\"choices\": [16, 32, 64, 128, 256]}}"}
{"op_code":5,"worker_id":"547befa4-d3f5-426d-84d3-e65f6c8cc7c8-126708796380992","trial_id":83,"param_name":"n","param_value_internal":0,"distribution":"{\"name\": \"CategoricalDistribution\", \"attributes\": {\"choices\": [16, 32, 64, 128, 256]}}"}
{"op_code":5,"worker_id":"547befa4-d3f5-426d-84d3-e65f6c8cc7c8-126708796380992","trial_id":83,"param_name":"k","param_value_internal":2,"distribution":"{\"name\": \"CategoricalDistribution\", \"attributes\": {\"choices\": [16, 32, 64, 128]}}"}
{"op_code":5,"worker_id":"547befa4-d3f5-426d-84d3-e65f6c8cc7c8-126708796380992","trial_id":83,"param_name":"gx","param_value_internal":3,"distribution":"{\"name\": \"CategoricalDistribution\", \"attributes\": {\"choices\": [1, 2, 4, 8]}}"}
{"op_code":5,"worker_id":"547befa4-d3f5-426d-84d3-e65f6c8cc7c8-126708796380992","trial_id":83,"param_name":"gy","param_value_internal":2,"distribution":"{\"name\": \"CategoricalDistribution\", \"attributes\": {\"choices\": [1, 2, 4, 8]}}"}
{"op_code":5,"worker_id":"547befa4-d3f5-426d-84d3-e65f6c8cc7c8-126708796380992","trial_id":83,"param_name":"sub","param_value_internal":0,"distribution":"{\"name\": \"CategoricalDistribution\", \"attributes\": {\"choices\": [32, 64]}}"}
{"op_code":6,"worker_id":"547befa4-d3f5-426d-84d3-e65f6c8cc7c8-126708796380992","trial_id":83,"state":2,"values":null,"datetime_complete":"2026-07-24T01:51:00.529910"}
{"op_code":4,"worker_id":"547befa4-d3f5-426d-84d3-e65f6c8cc7c8-126708796380992","study_id":0,"datetime_start":"2026-07-24T01:51:00.532019"}
{"op_code":9,"worker_id":"547befa4-d3f5-426d-84d3-e65f6c8cc7c8-126708796380992","trial_id":84,"system_attr":{"tpe:relative_params:0":"{\"gx\": 8, \"gy\": 2, \"k\": 64, \"m\": 128, \"n\": 64, \"sub\": 32}"}}
{"op_code":5,"worker_id":"547befa4-d3f5-426d-84d3-e65f6c8cc7c8-126708796380992","trial_id":84,"param_name":"m","param_value_internal":3,"distribution":"{\"name\": \"CategoricalDistribution\", \"attributes\": {\"choices\": [16, 32, 64, 128, 256]}}"}
{"op_code":5,"worker_id":"547befa4-d3f5-426d-84d3-e65f6c8cc7c8-126708796380992","trial_id":84,"param_name":"n","param_value_internal":2,"distribution":"{\"name\": \"CategoricalDistribution\", \"attributes\": {\"choices\": [16, 32, 64, 128, 256]}}"}
{"op_code":5,"worker_id":"547befa4-d3f5-426d-84d3-e65f6c8cc7c8-126708796380992","trial_id":84,"param_name":"k","param_value_internal":2,"distribution":"{\"name\": \"CategoricalDistribution\", \"attributes\": {\"choices\": [16, 32, 64, 128]}}"}
{"op_code":5,"worker_id":"547befa4-d3f5-426d-84d3-e65f6c8cc7c8-126708796380992","trial_id":84,"param_name":"gx","param_value_internal":3,"distribution":"{\"name\": \"CategoricalDistribution\", \"attributes\": {\"choices\": [1, 2, 4, 8]}}"}
{"op_code":5,"worker_id":"547befa4-d3f5-426d-84d3-e65f6c8cc7c8-126708796380992","trial_id":84,"param_name":"gy","param_value_internal":1,"distribution":"{\"name\": \"CategoricalDistribution\", \"attributes\": {\"choices\": [1, 2, 4, 8]}}"}
{"op_code":5,"worker_id":"547befa4-d3f5-426d-84d3-e65f6c8cc7c8-126708796380992","trial_id":84,"param_name":"sub","param_value_internal":0,"distribution":"{\"name\": \"CategoricalDistribution\", \"attributes\": {\"choices\": [32, 64]}}"}
{"op_code":6,"worker_id":"547befa4-d3f5-426d-84d3-e65f6c8cc7c8-126708796380992","trial_id":84,"state":2,"values":null,"datetime_complete":"2026-07-24T01:51:00.551568"}
{"op_code":4,"worker_id":"547befa4-d3f5-426d-84d3-e65f6c8cc7c8-126708796380992","study_id":0,"datetime_start":"2026-07-24T01:51:00.553474"}
{"op_code":9,"worker_id":"547befa4-d3f5-426d-84d3-e65f6c8cc7c8-126708796380992","trial_id":85,"system_attr":{"tpe:relative_params:0":"{\"gx\": 8, \"gy\": 8, \"k\": 16, \"m\": 64, \"n\": 64, \"sub\": 32}"}}
{"op_code":5,"worker_id":"547befa4-d3f5-426d-84d3-e65f6c8cc7c8-126708796380992","trial_id":85,"param_name":"m","param_value_internal":2,"distribution":"{\"name\": \"CategoricalDistribution\", \"attributes\": {\"choices\": [16, 32, 64, 128, 256]}}"}
{"op_code":5,"worker_id":"547befa4-d3f5-426d-84d3-e65f6c8cc7c8-126708796380992","trial_id":85,"param_name":"n","param_value_internal":2,"distribution":"{\"name\": \"CategoricalDistribution\", \"attributes\": {\"choices\": [16, 32, 64, 128, 256]}}"}
{"op_code":5,"worker_id":"547befa4-d3f5-426d-84d3-e65f6c8cc7c8-126708796380992","trial_id":85,"param_name":"k","param_value_internal":0,"distribution":"{\"name\": \"CategoricalDistribution\", \"attributes\": {\"choices\": [16, 32, 64, 128]}}"}
{"op_code":5,"worker_id":"547befa4-d3f5-426d-84d3-e65f6c8cc7c8-126708796380992","trial_id":85,"param_name":"gx","param_value_internal":3,"distribution":"{\"name\": \"CategoricalDistribution\", \"attributes\": {\"choices\": [1, 2, 4, 8]}}"}
{"op_code":5,"worker_id":"547befa4-d3f5-426d-84d3-e65f6c8cc7c8-126708796380992","trial_id":85,"param_name":"gy","param_value_internal":3,"distribution":"{\"name\": \"CategoricalDistribution\", \"attributes\": {\"choices\": [1, 2, 4, 8]}}"}
{"op_code":5,"worker_id":"547befa4-d3f5-426d-84d3-e65f6c8cc7c8-126708796380992","trial_id":85,"param_name":"sub","param_value_internal":0,"distribution":"{\"name\": \"CategoricalDistribution\", \"attributes\": {\"choices\": [32, 64]}}"}
{"op_code":6,"worker_id":"547befa4-d3f5-426d-84d3-e65f6c8cc7c8-126708796380992","trial_id":85,"state":2,"values":null,"datetime_complete":"2026-07-24T01:51:00.572523"}
{"op_code":4,"worker_id":"547befa4-d3f5-426d-84d3-e65f6c8cc7c8-126708796380992","study_id":0,"datetime_start":"2026-07-24T01:51:00.574680"}
{"op_code":9,"worker_id":"547befa4-d3f5-426d-84d3-e65f6c8cc7c8-126708796380992","trial_id":86,"system_attr":{"tpe:relative_params:0":"{\"gx\": 1, \"gy\": 4, \"k\": 16, \"m\": 64, \"n\": 128, \"sub\": 32}"}}
{"op_code":5,"worker_id":"547befa4-d3f5-426d-84d3-e65f6c8cc7c8-126708796380992","trial_id":86,"param_name":"m","param_value_internal":2,"distribution":"{\"name\": \"CategoricalDistribution\", \"attributes\": {\"choices\": [16, 32, 64, 128, 256]}}"}
{"op_code":5,"worker_id":"547befa4-d3f5-426d-84d3-e65f6c8cc7c8-126708796380992","trial_id":86,"param_name":"n","param_value_internal":3,"distribution":"{\"name\": \"CategoricalDistribution\", \"attributes\": {\"choices\": [16, 32, 64, 128, 256]}}"}
{"op_code":5,"worker_id":"547befa4-d3f5-426d-84d3-e65f6c8cc7c8-126708796380992","trial_id":86,"param_name":"k","param_value_internal":0,"distribution":"{\"name\": \"CategoricalDistribution\", \"attributes\": {\"choices\": [16, 32, 64, 128]}}"}
{"op_code":5,"worker_id":"547befa4-d3f5-426d-84d3-e65f6c8cc7c8-126708796380992","trial_id":86,"param_name":"gx","param_value_internal":0,"distribution":"{\"name\": \"CategoricalDistribution\", \"attributes\": {\"choices\": [1, 2, 4, 8]}}"}
{"op_code":5,"worker_id":"547befa4-d3f5-426d-84d3-e65f6c8cc7c8-126708796380992","trial_id":86,"param_name":"gy","param_value_internal":2,"distribution":"{\"name\": \"CategoricalDistribution\", \"attributes\": {\"choices\": [1, 2, 4, 8]}}"}
{"op_code":5,"worker_id":"547befa4-d3f5-426d-84d3-e65f6c8cc7c8-126708796380992","trial_id":86,"param_name":"sub","param_value_internal":0,"distribution":"{\"name\": \"CategoricalDistribution\", \"attributes\": {\"choices\": [32, 64]}}"}
{"op_code":6,"worker_id":"547befa4-d3f5-426d-84d3-e65f6c8cc7c8-126708796380992","trial_id":86,"state":2,"values":null,"datetime_complete":"2026-07-24T01:51:00.594755"}
{"op_code":4,"worker_id":"547befa4-d3f5-426d-84d3-e65f6c8cc7c8-126708796380992","study_id":0,"datetime_start":"2026-07-24T01:51:00.596789"}
{"op_code":9,"worker_id":"547befa4-d3f5-426d-84d3-e65f6c8cc7c8-126708796380992","trial_id":87,"system_attr":{"tpe:relative_params:0":"{\"gx\": 4, \"gy\": 8, \"k\": 128, \"m\": 256, \"n\": 64, \"sub\": 64}"}}
{"op_code":5,"worker_id":"547befa4-d3f5-426d-84d3-e65f6c8cc7c8-126708796380992","trial_id":87,"param_name":"m","param_value_internal":4,"distribution":"{\"name\": \"CategoricalDistribution\", \"attributes\": {\"choices\": [16, 32, 64, 128, 256]}}"}
{"op_code":5,"worker_id":"547befa4-d3f5-426d-84d3-e65f6c8cc7c8-126708796380992","trial_id":87,"param_name":"n","param_value_internal":2,"distribution":"{\"name\": \"CategoricalDistribution\", \"attributes\": {\"choices\": [16, 32, 64, 128, 256]}}"}
{"op_code":5,"worker_id":"547befa4-d3f5-426d-84d3-e65f6c8cc7c8-126708796380992","trial_id":87,"param_name":"k","param_value_internal":3,"distribution":"{\"name\": \"CategoricalDistribution\", \"attributes\": {\"choices\": [16, 32, 64, 128]}}"}
{"op_code":5,"worker_id":"547befa4-d3f5-426d-84d3-e65f6c8cc7c8-126708796380992","trial_id":87,"param_name":"gx","param_value_internal":2,"distribution":"{\"name\": \"CategoricalDistribution\", \"attributes\": {\"choices\": [1, 2, 4, 8]}}"}
{"op_code":5,"worker_id":"547befa4-d3f5-426d-84d3-e65f6c8cc7c8-126708796380992","trial_id":87,"param_name":"gy","param_value_internal":3,"distribution":"{\"name\": \"CategoricalDistribution\", \"attributes\": {\"choices\": [1, 2, 4, 8]}}"}
{"op_code":5,"worker_id":"547befa4-d3f5-426d-84d3-e65f6c8cc7c8-126708796380992","trial_id":87,"param_name":"sub","param_value_internal":1,"distribution":"{\"name\": \"CategoricalDistribution\", \"attributes\": {\"choices\": [32, 64]}}"}
{"op_code":6,"worker_id":"547befa4-d3f5-426d-84d3-e65f6c8cc7c8-126708796380992","trial_id":87,"state":2,"values":null,"datetime_complete":"2026-07-24T01:51:00.616998"}
{"op_code":4,"worker_id":"547befa4-d3f5-426d-84d3-e65f6c8cc7c8-126708796380992","study_id":0,"datetime_start":"2026-07-24T01:51:00.619089"}
{"op_code":9,"worker_id":"547befa4-d3f5-426d-84d3-e65f6c8cc7c8-126708796380992","trial_id":88,"system_attr":{"tpe:relative_params:0":"{\"gx\": 4, \"gy\": 4, \"k\": 16, \"m\": 16, \"n\": 128, \"sub\": 32}"}}
{"op_code":5,"worker_id":"547befa4-d3f5-426d-84d3-e65f6c8cc7c8-126708796380992","trial_id":88,"param_name":"m","param_value_internal":0,"distribution":"{\"name\": \"CategoricalDistribution\", \"attributes\": {\"choices\": [16, 32, 64, 128, 256]}}"}
{"op_code":5,"worker_id":"547befa4-d3f5-426d-84d3-e65f6c8cc7c8-126708796380992","trial_id":88,"param_name":"n","param_value_internal":3,"distribution":"{\"name\": \"CategoricalDistribution\", \"attributes\": {\"choices\": [16, 32, 64, 128, 256]}}"}
{"op_code":5,"worker_id":"547befa4-d3f5-426d-84d3-e65f6c8cc7c8-126708796380992","trial_id":88,"param_name":"k","param_value_internal":0,"distribution":"{\"name\": \"CategoricalDistribution\", \"attributes\": {\"choices\": [16, 32, 64, 128]}}"}
{"op_code":5,"worker_id":"547befa4-d3f5-426d-84d3-e65f6c8cc7c8-126708796380992","trial_id":88,"param_name":"gx","param_value_internal":2,"distribution":"{\"name\": \"CategoricalDistribution\", \"attributes\": {\"choices\": [1, 2, 4, 8]}}"}
{"op_code":5,"worker_id":"547befa4-d3f5-426d-84d3-e65f6c8cc7c8-126708796380992","trial_id":88,"param_name":"gy","param_value_internal":2,"distribution":"{\"name\": \"CategoricalDistribution\", \"attributes\": {\"choices\": [1, 2, 4, 8]}}"}
{"op_code":5,"worker_id":"547befa4-d3f5-426d-84d3-e65f6c8cc7c8-126708796380992","trial_id":88,"param_name":"sub","param_value_internal":0,"distribution":"{\"name\": \"CategoricalDistribution\", \"attributes\": {\"choices\": [32, 64]}}"}
{"op_code":6,"worker_id":"547befa4-d3f5-426d-84d3-e65f6c8cc7c8-126708796380992","trial_id":88,"state":2,"values":null,"datetime_complete":"2026-07-24T01:51:00.640148"}
{"op_code":4,"worker_id":"547befa4-d3f5-426d-84d3-e65f6c8cc7c8-126708796380992","study_id":0,"datetime_start":"2026-07-24T01:51:00.642205"}
{"op_code":9,"worker_id":"547befa4-d3f5-426d-84d3-e65f6c8cc7c8-126708796380992","trial_id":89,"system_attr":{"tpe:relative_params:0":"{\"gx\": 4, \"gy\": 4, \"k\": 64, \"m\": 32, \"n\": 16, \"sub\": 32}"}}
{"op_code":5,"worker_id":"547befa4-d3f5-426d-84d3-e65f6c8cc7c8-126708796380992","trial_id":89,"param_name":"m","param_value_internal":1,"distribution":"{\"name\": \"CategoricalDistribution\", \"attributes\": {\"choices\": [16, 32, 64, 128, 256]}}"}
{"op_code":5,"worker_id":"547befa4-d3f5-426d-84d3-e65f6c8cc7c8-126708796380992","trial_id":89,"param_name":"n","param_value_internal":0,"distribution":"{\"name\": \"CategoricalDistribution\", \"attributes\": {\"choices\": [16, 32, 64, 128, 256]}}"}
{"op_code":5,"worker_id":"547befa4-d3f5-426d-84d3-e65f6c8cc7c8-126708796380992","trial_id":89,"param_name":"k","param_value_internal":2,"distribution":"{\"name\": \"CategoricalDistribution\", \"attributes\": {\"choices\": [16, 32, 64, 128]}}"}
{"op_code":5,"worker_id":"547befa4-d3f5-426d-84d3-e65f6c8cc7c8-126708796380992","trial_id":89,"param_name":"gx","param_value_internal":2,"distribution":"{\"name\": \"CategoricalDistribution\", \"attributes\": {\"choices\": [1, 2, 4, 8]}}"}
{"op_code":5,"worker_id":"547befa4-d3f5-426d-84d3-e65f6c8cc7c8-126708796380992","trial_id":89,"param_name":"gy","param_value_internal":2,"distribution":"{\"name\": \"CategoricalDistribution\", \"attributes\": {\"choices\": [1, 2, 4, 8]}}"}
{"op_code":5,"worker_id":"547befa4-d3f5-426d-84d3-e65f6c8cc7c8-126708796380992","trial_id":89,"param_name":"sub","param_value_internal":0,"distribution":"{\"name\": \"CategoricalDistribution\", \"attributes\": {\"choices\": [32, 64]}}"}
{"op_code":6,"worker_id":"547befa4-d3f5-426d-84d3-e65f6c8cc7c8-126708796380992","trial_id":89,"state":2,"values":null,"datetime_complete":"2026-07-24T01:51:00.662676"}
{"op_code":4,"worker_id":"547befa4-d3f5-426d-84d3-e65f6c8cc7c8-126708796380992","study_id":0,"datetime_start":"2026-07-24T01:51:00.664768"}
{"op_code":9,"worker_id":"547befa4-d3f5-426d-84d3-e65f6c8cc7c8-126708796380992","trial_id":90,"system_attr":{"tpe:relative_params:0":"{\"gx\": 4, \"gy\": 1, \"k\": 32, \"m\": 64, \"n\": 16, \"sub\": 64}"}}
{"op_code":5,"worker_id":"547befa4-d3f5-426d-84d3-e65f6c8cc7c8-126708796380992","trial_id":90,"param_name":"m","param_value_internal":2,"distribution":"{\"name\": \"CategoricalDistribution\", \"attributes\": {\"choices\": [16, 32, 64, 128, 256]}}"}
{"op_code":5,"worker_id":"547befa4-d3f5-426d-84d3-e65f6c8cc7c8-126708796380992","trial_id":90,"param_name":"n","param_value_internal":0,"distribution":"{\"name\": \"CategoricalDistribution\", \"attributes\": {\"choices\": [16, 32, 64, 128, 256]}}"}
{"op_code":5,"worker_id":"547befa4-d3f5-426d-84d3-e65f6c8cc7c8-126708796380992","trial_id":90,"param_name":"k","param_value_internal":1,"distribution":"{\"name\": \"CategoricalDistribution\", \"attributes\": {\"choices\": [16, 32, 64, 128]}}"}
{"op_code":5,"worker_id":"547befa4-d3f5-426d-84d3-e65f6c8cc7c8-126708796380992","trial_id":90,"param_name":"gx","param_value_internal":2,"distribution":"{\"name\": \"CategoricalDistribution\", \"attributes\": {\"choices\": [1, 2, 4, 8]}}"}
{"op_code":5,"worker_id":"547befa4-d3f5-426d-84d3-e65f6c8cc7c8-126708796380992","trial_id":90,"param_name":"gy","param_value_internal":0,"distribution":"{\"name\": \"CategoricalDistribution\", \"attributes\": {\"choices\": [1, 2, 4, 8]}}"}
{"op_code":5,"worker_id":"547befa4-d3f5-426d-84d3-e65f6c8cc7c8-126708796380992","trial_id":90,"param_name":"sub","param_value_internal":1,"distribution":"{\"name\": \"CategoricalDistribution\", \"attributes\": {\"choices\": [32, 64]}}"}
{"op_code":6,"worker_id":"547befa4-d3f5-426d-84d3-e65f6c8cc7c8-126708796380992","trial_id":90,"state":2,"values":null,"datetime_complete":"2026-07-24T01:51:00.685224"}
{"op_code":4,"worker_id":"547befa4-d3f5-426d-84d3-e65f6c8cc7c8-126708796380992","study_id":0,"datetime_start":"2026-07-24T01:51:00.687262"}
{"op_code":9,"worker_id":"547befa4-d3f5-426d-84d3-e65f6c8cc7c8-126708796380992","trial_id":91,"system_attr":{"tpe:relative_params:0":"{\"gx\": 8, \"gy\": 8, \"k\": 32, \"m\": 64, \"n\": 128, \"sub\": 32}"}}
{"op_code":5,"worker_id":"547befa4-d3f5-426d-84d3-e65f6c8cc7c8-126708796380992","trial_id":91,"param_name":"m","param_value_internal":2,"distribution":"{\"name\": \"CategoricalDistribution\", \"attributes\": {\"choices\": [16, 32, 64, 128, 256]}}"}
{"op_code":5,"worker_id":"547befa4-d3f5-426d-84d3-e65f6c8cc7c8-126708796380992","trial_id":91,"param_name":"n","param_value_internal":3,"distribution":"{\"name\": \"CategoricalDistribution\", \"attributes\": {\"choices\": [16, 32, 64, 128, 256]}}"}
{"op_code":5,"worker_id":"547befa4-d3f5-426d-84d3-e65f6c8cc7c8-126708796380992","trial_id":91,"param_name":"k","param_value_internal":1,"distribution":"{\"name\": \"CategoricalDistribution\", \"attributes\": {\"choices\": [16, 32, 64, 128]}}"}
{"op_code":5,"worker_id":"547befa4-d3f5-426d-84d3-e65f6c8cc7c8-126708796380992","trial_id":91,"param_name":"gx","param_value_internal":3,"distribution":"{\"name\": \"CategoricalDistribution\", \"attributes\": {\"choices\": [1, 2, 4, 8]}}"}
{"op_code":5,"worker_id":"547befa4-d3f5-426d-84d3-e65f6c8cc7c8-126708796380992","trial_id":91,"param_name":"gy","param_value_internal":3,"distribution":"{\"name\": \"CategoricalDistribution\", \"attributes\": {\"choices\": [1, 2, 4, 8]}}"}
{"op_code":5,"worker_id":"547befa4-d3f5-426d-84d3-e65f6c8cc7c8-126708796380992","trial_id":91,"param_name":"sub","param_value_internal":0,"distribution":"{\"name\": \"CategoricalDistribution\", \"attributes\": {\"choices\": [32, 64]}}"}
{"op_code":6,"worker_id":"547befa4-d3f5-426d-84d3-e65f6c8cc7c8-126708796380992","trial_id":91,"state":2,"values":null,"datetime_complete":"2026-07-24T01:51:00.707577"}
{"op_code":4,"worker_id":"547befa4-d3f5-426d-84d3-e65f6c8cc7c8-126708796380992","study_id":0,"datetime_start":"2026-07-24T01:51:00.709779"}
{"op_code":9,"worker_id":"547befa4-d3f5-426d-84d3-e65f6c8cc7c8-126708796380992","trial_id":92,"system_attr":{"tpe:relative_params:0":"{\"gx\": 1, \"gy\": 8, \"k\": 128, \"m\": 16, \"n\": 32, \"sub\": 32}"}}
{"op_code":5,"worker_id":"547befa4-d3f5-426d-84d3-e65f6c8cc7c8-126708796380992","trial_id":92,"param_name":"m","param_value_internal":0,"distribution":"{\"name\": \"CategoricalDistribution\", \"attributes\": {\"choices\": [16, 32, 64, 128, 256]}}"}
{"op_code":5,"worker_id":"547befa4-d3f5-426d-84d3-e65f6c8cc7c8-126708796380992","trial_id":92,"param_name":"n","param_value_internal":1,"distribution":"{\"name\": \"CategoricalDistribution\", \"attributes\": {\"choices\": [16, 32, 64, 128, 256]}}"}
{"op_code":5,"worker_id":"547befa4-d3f5-426d-84d3-e65f6c8cc7c8-126708796380992","trial_id":92,"param_name":"k","param_value_internal":3,"distribution":"{\"name\": \"CategoricalDistribution\", \"attributes\": {\"choices\": [16, 32, 64, 128]}}"}
{"op_code":5,"worker_id":"547befa4-d3f5-426d-84d3-e65f6c8cc7c8-126708796380992","trial_id":92,"param_name":"gx","param_value_internal":0,"distribution":"{\"name\": \"CategoricalDistribution\", \"attributes\": {\"choices\": [1, 2, 4, 8]}}"}
{"op_code":5,"worker_id":"547befa4-d3f5-426d-84d3-e65f6c8cc7c8-126708796380992","trial_id":92,"param_name":"gy","param_value_internal":3,"distribution":"{\"name\": \"CategoricalDistribution\", \"attributes\": {\"choices\": [1, 2, 4, 8]}}"}
{"op_code":5,"worker_id":"547befa4-d3f5-426d-84d3-e65f6c8cc7c8-126708796380992","trial_id":92,"param_name":"sub","param_value_internal":0,"distribution":"{\"name\": \"CategoricalDistribution\", \"attributes\": {\"choices\": [32, 64]}}"}
{"op_code":6,"worker_id":"547befa4-d3f5-426d-84d3-e65f6c8cc7c8-126708796380992","trial_id":92,"state":2,"values":null,"datetime_complete":"2026-07-24T01:51:00.729621"}
{"op_code":4,"worker_id":"547befa4-d3f5-426d-84d3-e65f6c8cc7c8-126708796380992","study_id":0,"datetime_start":"2026-07-24T01:51:00.731569"}
{"op_code":9,"worker_id":"547befa4-d3f5-426d-84d3-e65f6c8cc7c8-126708796380992","trial_id":93,"system_attr":{"tpe:relative_params:0":"{\"gx\": 1, \"gy\": 4, \"k\": 128, \"m\": 16, \"n\": 256, \"sub\": 32}"}}
{"op_code":5,"worker_id":"547befa4-d3f5-426d-84d3-e65f6c8cc7c8-126708796380992","trial_id":93,"param_name":"m","param_value_internal":0,"distribution":"{\"name\": \"CategoricalDistribution\", \"attributes\": {\"choices\": [16, 32, 64, 128, 256]}}"}
{"op_code":5,"worker_id":"547befa4-d3f5-426d-84d3-e65f6c8cc7c8-126708796380992","trial_id":93,"param_name":"n","param_value_internal":4,"distribution":"{\"name\": \"CategoricalDistribution\", \"attributes\": {\"choices\": [16, 32, 64, 128, 256]}}"}
{"op_code":5,"worker_id":"547befa4-d3f5-426d-84d3-e65f6c8cc7c8-126708796380992","trial_id":93,"param_name":"k","param_value_internal":3,"distribution":"{\"name\": \"CategoricalDistribution\", \"attributes\": {\"choices\": [16, 32, 64, 128]}}"}
{"op_code":5,"worker_id":"547befa4-d3f5-426d-84d3-e65f6c8cc7c8-126708796380992","trial_id":93,"param_name":"gx","param_value_internal":0,"distribution":"{\"name\": \"CategoricalDistribution\", \"attributes\": {\"choices\": [1, 2, 4, 8]}}"}
{"op_code":5,"worker_id":"547befa4-d3f5-426d-84d3-e65f6c8cc7c8-126708796380992","trial_id":93,"param_name":"gy","param_value_internal":2,"distribution":"{\"name\": \"CategoricalDistribution\", \"attributes\": {\"choices\": [1, 2, 4, 8]}}"}
{"op_code":5,"worker_id":"547befa4-d3f5-426d-84d3-e65f6c8cc7c8-126708796380992","trial_id":93,"param_name":"sub","param_value_internal":0,"distribution":"{\"name\": \"CategoricalDistribution\", \"attributes\": {\"choices\": [32, 64]}}"}
{"op_code":6,"worker_id":"547befa4-d3f5-426d-84d3-e65f6c8cc7c8-126708796380992","trial_id":93,"state":2,"values":null,"datetime_complete":"2026-07-24T01:51:00.750386"}
{"op_code":4,"worker_id":"547befa4-d3f5-426d-84d3-e65f6c8cc7c8-126708796380992","study_id":0,"datetime_start":"2026-07-24T01:51:00.752309"}
{"op_code":9,"worker_id":"547befa4-d3f5-426d-84d3-e65f6c8cc7c8-126708796380992","trial_id":94,"system_attr":{"tpe:relative_params:0":"{\"gx\": 1, \"gy\": 2, \"k\": 16, \"m\": 256, \"n\": 16, \"sub\": 64}"}}
{"op_code":5,"worker_id":"547befa4-d3f5-426d-84d3-e65f6c8cc7c8-126708796380992","trial_id":94,"param_name":"m","param_value_internal":4,"distribution":"{\"name\": \"CategoricalDistribution\", \"attributes\": {\"choices\": [16, 32, 64, 128, 256]}}"}
{"op_code":5,"worker_id":"547befa4-d3f5-426d-84d3-e65f6c8cc7c8-126708796380992","trial_id":94,"param_name":"n","param_value_internal":0,"distribution":"{\"name\": \"CategoricalDistribution\", \"attributes\": {\"choices\": [16, 32, 64, 128, 256]}}"}
{"op_code":5,"worker_id":"547befa4-d3f5-426d-84d3-e65f6c8cc7c8-126708796380992","trial_id":94,"param_name":"k","param_value_internal":0,"distribution":"{\"name\": \"CategoricalDistribution\", \"attributes\": {\"choices\": [16, 32, 64, 128]}}"}
{"op_code":5,"worker_id":"547befa4-d3f5-426d-84d3-e65f6c8cc7c8-126708796380992","trial_id":94,"param_name":"gx","param_value_internal":0,"distribution":"{\"name\": \"CategoricalDistribution\", \"attributes\": {\"choices\": [1, 2, 4, 8]}}"}
{"op_code":5,"worker_id":"547befa4-d3f5-426d-84d3-e65f6c8cc7c8-126708796380992","trial_id":94,"param_name":"gy","param_value_internal":1,"distribution":"{\"name\": \"CategoricalDistribution\", \"attributes\": {\"choices\": [1, 2, 4, 8]}}"}
{"op_code":5,"worker_id":"547befa4-d3f5-426d-84d3-e65f6c8cc7c8-126708796380992","trial_id":94,"param_name":"sub","param_value_internal":1,"distribution":"{\"name\": \"CategoricalDistribution\", \"attributes\": {\"choices\": [32, 64]}}"}
{"op_code":6,"worker_id":"547befa4-d3f5-426d-84d3-e65f6c8cc7c8-126708796380992","trial_id":94,"state":2,"values":null,"datetime_complete":"2026-07-24T01:51:00.775397"}
{"op_code":4,"worker_id":"547befa4-d3f5-426d-84d3-e65f6c8cc7c8-126708796380992","study_id":0,"datetime_start":"2026-07-24T01:51:00.778041"}
{"op_code":9,"worker_id":"547befa4-d3f5-426d-84d3-e65f6c8cc7c8-126708796380992","trial_id":95,"system_attr":{"tpe:relative_params:0":"{\"gx\": 4, \"gy\": 4, \"k\": 128, \"m\": 128, \"n\": 16, \"sub\": 32}"}}
{"op_code":5,"worker_id":"547befa4-d3f5-426d-84d3-e65f6c8cc7c8-126708796380992","trial_id":95,"param_name":"m","param_value_internal":3,"distribution":"{\"name\": \"CategoricalDistribution\", \"attributes\": {\"choices\": [16, 32, 64, 128, 256]}}"}
{"op_code":5,"worker_id":"547befa4-d3f5-426d-84d3-e65f6c8cc7c8-126708796380992","trial_id":95,"param_name":"n","param_value_internal":0,"distribution":"{\"name\": \"CategoricalDistribution\", \"attributes\": {\"choices\": [16, 32, 64, 128, 256]}}"}
{"op_code":5,"worker_id":"547befa4-d3f5-426d-84d3-e65f6c8cc7c8-126708796380992","trial_id":95,"param_name":"k","param_value_internal":3,"distribution":"{\"name\": \"CategoricalDistribution\", \"attributes\": {\"choices\": [16, 32, 64, 128]}}"}
{"op_code":5,"worker_id":"547befa4-d3f5-426d-84d3-e65f6c8cc7c8-126708796380992","trial_id":95,"param_name":"gx","param_value_internal":2,"distribution":"{\"name\": \"CategoricalDistribution\", \"attributes\": {\"choices\": [1, 2, 4, 8]}}"}
{"op_code":5,"worker_id":"547befa4-d3f5-426d-84d3-e65f6c8cc7c8-126708796380992","trial_id":95,"param_name":"gy","param_value_internal":2,"distribution":"{\"name\": \"CategoricalDistribution\", \"attributes\": {\"choices\": [1, 2, 4, 8]}}"}
{"op_code":5,"worker_id":"547befa4-d3f5-426d-84d3-e65f6c8cc7c8-126708796380992","trial_id":95,"param_name":"sub","param_value_internal":0,"distribution":"{\"name\": \"CategoricalDistribution\", \"attributes\": {\"choices\": [32, 64]}}"}
{"op_code":6,"worker_id":"547befa4-d3f5-426d-84d3-e65f6c8cc7c8-126708796380992","trial_id":95,"state":2,"values":null,"datetime_complete":"2026-07-24T01:51:00.803652"}
{"op_code":4,"worker_id":"547befa4-d3f5-426d-84d3-e65f6c8cc7c8-126708796380992","study_id":0,"datetime_start":"2026-07-24T01:51:00.806447"}
{"op_code":9,"worker_id":"547befa4-d3f5-426d-84d3-e65f6c8cc7c8-126708796380992","trial_id":96,"system_attr":{"tpe:relative_params:0":"{\"gx\": 1, \"gy\": 4, \"k\": 32, \"m\": 16, \"n\": 32, \"sub\": 32}"}}
{"op_code":5,"worker_id":"547befa4-d3f5-426d-84d3-e65f6c8cc7c8-126708796380992","trial_id":96,"param_name":"m","param_value_internal":0,"distribution":"{\"name\": \"CategoricalDistribution\", \"attributes\": {\"choices\": [16, 32, 64, 128, 256]}}"}
{"op_code":5,"worker_id":"547befa4-d3f5-426d-84d3-e65f6c8cc7c8-126708796380992","trial_id":96,"param_name":"n","param_value_internal":1,"distribution":"{\"name\": \"CategoricalDistribution\", \"attributes\": {\"choices\": [16, 32, 64, 128, 256]}}"}
{"op_code":5,"worker_id":"547befa4-d3f5-426d-84d3-e65f6c8cc7c8-126708796380992","trial_id":96,"param_name":"k","param_value_internal":1,"distribution":"{\"name\": \"CategoricalDistribution\", \"attributes\": {\"choices\": [16, 32, 64, 128]}}"}
{"op_code":5,"worker_id":"547befa4-d3f5-426d-84d3-e65f6c8cc7c8-126708796380992","trial_id":96,"param_name":"gx","param_value_internal":0,"distribution":"{\"name\": \"CategoricalDistribution\", \"attributes\": {\"choices\": [1, 2, 4, 8]}}"}
{"op_code":5,"worker_id":"547befa4-d3f5-426d-84d3-e65f6c8cc7c8-126708796380992","trial_id":96,"param_name":"gy","param_value_internal":2,"distribution":"{\"name\": \"CategoricalDistribution\", \"attributes\": {\"choices\": [1, 2, 4, 8]}}"}
{"op_code":5,"worker_id":"547befa4-d3f5-426d-84d3-e65f6c8cc7c8-126708796380992","trial_id":96,"param_name":"sub","param_value_internal":0,"distribution":"{\"name\": \"CategoricalDistribution\", \"attributes\": {\"choices\": [32, 64]}}"}
{"op_code":6,"worker_id":"547befa4-d3f5-426d-84d3-e65f6c8cc7c8-126708796380992","trial_id":96,"state":2,"values":null,"datetime_complete":"2026-07-24T01:51:00.826529"}
{"op_code":4,"worker_id":"547befa4-d3f5-426d-84d3-e65f6c8cc7c8-126708796380992","study_id":0,"datetime_start":"2026-07-24T01:51:00.828436"}
{"op_code":9,"worker_id":"547befa4-d3f5-426d-84d3-e65f6c8cc7c8-126708796380992","trial_id":97,"system_attr":{"tpe:relative_params:0":"{\"gx\": 8, \"gy\": 2, \"k\": 64, \"m\": 128, \"n\": 16, \"sub\": 64}"}}
{"op_code":5,"worker_id":"547befa4-d3f5-426d-84d3-e65f6c8cc7c8-126708796380992","trial_id":97,"param_name":"m","param_value_internal":3,"distribution":"{\"name\": \"CategoricalDistribution\", \"attributes\": {\"choices\": [16, 32, 64, 128, 256]}}"}
{"op_code":5,"worker_id":"547befa4-d3f5-426d-84d3-e65f6c8cc7c8-126708796380992","trial_id":97,"param_name":"n","param_value_internal":0,"distribution":"{\"name\": \"CategoricalDistribution\", \"attributes\": {\"choices\": [16, 32, 64, 128, 256]}}"}
{"op_code":5,"worker_id":"547befa4-d3f5-426d-84d3-e65f6c8cc7c8-126708796380992","trial_id":97,"param_name":"k","param_value_internal":2,"distribution":"{\"name\": \"CategoricalDistribution\", \"attributes\": {\"choices\": [16, 32, 64, 128]}}"}
{"op_code":5,"worker_id":"547befa4-d3f5-426d-84d3-e65f6c8cc7c8-126708796380992","trial_id":97,"param_name":"gx","param_value_internal":3,"distribution":"{\"name\": \"CategoricalDistribution\", \"attributes\": {\"choices\": [1, 2, 4, 8]}}"}
{"op_code":5,"worker_id":"547befa4-d3f5-426d-84d3-e65f6c8cc7c8-126708796380992","trial_id":97,"param_name":"gy","param_value_internal":1,"distribution":"{\"name\": \"CategoricalDistribution\", \"attributes\": {\"choices\": [1, 2, 4, 8]}}"}
{"op_code":5,"worker_id":"547befa4-d3f5-426d-84d3-e65f6c8cc7c8-126708796380992","trial_id":97,"param_name":"sub","param_value_internal":1,"distribution":"{\"name\": \"CategoricalDistribution\", \"attributes\": {\"choices\": [32, 64]}}"}
{"op_code":6,"worker_id":"547befa4-d3f5-426d-84d3-e65f6c8cc7c8-126708796380992","trial_id":97,"state":2,"values":null,"datetime_complete":"2026-07-24T01:51:00.848838"}
{"op_code":4,"worker_id":"547befa4-d3f5-426d-84d3-e65f6c8cc7c8-126708796380992","study_id":0,"datetime_start":"2026-07-24T01:51:00.850841"}
{"op_code":9,"worker_id":"547befa4-d3f5-426d-84d3-e65f6c8cc7c8-126708796380992","trial_id":98,"system_attr":{"tpe:relative_params:0":"{\"gx\": 8, \"gy\": 8, \"k\": 64, \"m\": 256, \"n\": 16, \"sub\": 32}"}}
{"op_code":5,"worker_id":"547befa4-d3f5-426d-84d3-e65f6c8cc7c8-126708796380992","trial_id":98,"param_name":"m","param_value_internal":4,"distribution":"{\"name\": \"CategoricalDistribution\", \"attributes\": {\"choices\": [16, 32, 64, 128, 256]}}"}
{"op_code":5,"worker_id":"547befa4-d3f5-426d-84d3-e65f6c8cc7c8-126708796380992","trial_id":98,"param_name":"n","param_value_internal":0,"distribution":"{\"name\": \"CategoricalDistribution\", \"attributes\": {\"choices\": [16, 32, 64, 128, 256]}}"}
{"op_code":5,"worker_id":"547befa4-d3f5-426d-84d3-e65f6c8cc7c8-126708796380992","trial_id":98,"param_name":"k","param_value_internal":2,"distribution":"{\"name\": \"CategoricalDistribution\", \"attributes\": {\"choices\": [16, 32, 64, 128]}}"}
{"op_code":5,"worker_id":"547befa4-d3f5-426d-84d3-e65f6c8cc7c8-126708796380992","trial_id":98,"param_name":"gx","param_value_internal":3,"distribution":"{\"name\": \"CategoricalDistribution\", \"attributes\": {\"choices\": [1, 2, 4, 8]}}"}
{"op_code":5,"worker_id":"547befa4-d3f5-426d-84d3-e65f6c8cc7c8-126708796380992","trial_id":98,"param_name":"gy","param_value_internal":3,"distribution":"{\"name\": \"CategoricalDistribution\", \"attributes\": {\"choices\": [1, 2, 4, 8]}}"}
{"op_code":5,"worker_id":"547befa4-d3f5-426d-84d3-e65f6c8cc7c8-126708796380992","trial_id":98,"param_name":"sub","param_value_internal":0,"distribution":"{\"name\": \"CategoricalDistribution\", \"attributes\": {\"choices\": [32, 64]}}"}
{"op_code":6,"worker_id":"547befa4-d3f5-426d-84d3-e65f6c8cc7c8-126708796380992","trial_id":98,"state":2,"values":null,"datetime_complete":"2026-07-24T01:51:00.871025"}
{"op_code":4,"worker_id":"547befa4-d3f5-426d-84d3-e65f6c8cc7c8-126708796380992","study_id":0,"datetime_start":"2026-07-24T01:51:00.873077"}
{"op_code":9,"worker_id":"547befa4-d3f5-426d-84d3-e65f6c8cc7c8-126708796380992","trial_id":99,"system_attr":{"tpe:relative_params:0":"{\"gx\": 2, \"gy\": 4, \"k\": 64, \"m\": 128, \"n\": 128, \"sub\": 32}"}}
{"op_code":5,"worker_id":"547befa4-d3f5-426d-84d3-e65f6c8cc7c8-126708796380992","trial_id":99,"param_name":"m","param_value_internal":3,"distribution":"{\"name\": \"CategoricalDistribution\", \"attributes\": {\"choices\": [16, 32, 64, 128, 256]}}"}
{"op_code":5,"worker_id":"547befa4-d3f5-426d-84d3-e65f6c8cc7c8-126708796380992","trial_id":99,"param_name":"n","param_value_internal":3,"distribution":"{\"name\": \"CategoricalDistribution\", \"attributes\": {\"choices\": [16, 32, 64, 128, 256]}}"}
{"op_code":5,"worker_id":"547befa4-d3f5-426d-84d3-e65f6c8cc7c8-126708796380992","trial_id":99,"param_name":"k","param_value_internal":2,"distribution":"{\"name\": \"CategoricalDistribution\", \"attributes\": {\"choices\": [16, 32, 64, 128]}}"}
{"op_code":5,"worker_id":"547befa4-d3f5-426d-84d3-e65f6c8cc7c8-126708796380992","trial_id":99,"param_name":"gx","param_value_internal":1,"distribution":"{\"name\": \"CategoricalDistribution\", \"attributes\": {\"choices\": [1, 2, 4, 8]}}"}
{"op_code":5,"worker_id":"547befa4-d3f5-426d-84d3-e65f6c8cc7c8-126708796380992","trial_id":99,"param_name":"gy","param_value_internal":2,"distribution":"{\"name\": \"CategoricalDistribution\", \"attributes\": {\"choices\": [1, 2, 4, 8]}}"}
{"op_code":5,"worker_id":"547befa4-d3f5-426d-84d3-e65f6c8cc7c8-126708796380992","trial_id":99,"param_name":"sub","param_value_internal":0,"distribution":"{\"name\": \"CategoricalDistribution\", \"attributes\": {\"choices\": [32, 64]}}"}
{"op_code":6,"worker_id":"547befa4-d3f5-426d-84d3-e65f6c8cc7c8-126708796380992","trial_id":99,"state":2,"values":null,"datetime_complete":"2026-07-24T01:51:00.891406"}
{"op_code":4,"worker_id":"547befa4-d3f5-426d-84d3-e65f6c8cc7c8-126708796380992","study_id":0,"datetime_start":"2026-07-24T01:51:00.893209"}
{"op_code":9,"worker_id":"547befa4-d3f5-426d-84d3-e65f6c8cc7c8-126708796380992","trial_id":100,"system_attr":{"tpe:relative_params:0":"{\"gx\": 1, \"gy\": 2, \"k\": 16, \"m\": 64, \"n\": 32, \"sub\": 32}"}}
{"op_code":5,"worker_id":"547befa4-d3f5-426d-84d3-e65f6c8cc7c8-126708796380992","trial_id":100,"param_name":"m","param_value_internal":2,"distribution":"{\"name\": \"CategoricalDistribution\", \"attributes\": {\"choices\": [16, 32, 64, 128, 256]}}"}
{"op_code":5,"worker_id":"547befa4-d3f5-426d-84d3-e65f6c8cc7c8-126708796380992","trial_id":100,"param_name":"n","param_value_internal":1,"distribution":"{\"name\": \"CategoricalDistribution\", \"attributes\": {\"choices\": [16, 32, 64, 128, 256]}}"}
{"op_code":5,"worker_id":"547befa4-d3f5-426d-84d3-e65f6c8cc7c8-126708796380992","trial_id":100,"param_name":"k","param_value_internal":0,"distribution":"{\"name\": \"CategoricalDistribution\", \"attributes\": {\"choices\": [16, 32, 64, 128]}}"}
{"op_code":5,"worker_id":"547befa4-d3f5-426d-84d3-e65f6c8cc7c8-126708796380992","trial_id":100,"param_name":"gx","param_value_internal":0,"distribution":"{\"name\": \"CategoricalDistribution\", \"attributes\": {\"choices\": [1, 2, 4, 8]}}"}
{"op_code":5,"worker_id":"547befa4-d3f5-426d-84d3-e65f6c8cc7c8-126708796380992","trial_id":100,"param_name":"gy","param_value_internal":1,"distribution":"{\"name\": \"CategoricalDistribution\", \"attributes\": {\"choices\": [1, 2, 4, 8]}}"}
{"op_code":5,"worker_id":"547befa4-d3f5-426d-84d3-e65f6c8cc7c8-126708796380992","trial_id":100,"param_name":"sub","param_value_internal":0,"distribution":"{\"name\": \"CategoricalDistribution\", \"attributes\": {\"choices\": [32, 64]}}"}
{"op_code":6,"worker_id":"547befa4-d3f5-426d-84d3-e65f6c8cc7c8-126708796380992","trial_id":100,"state":2,"values":null,"datetime_complete":"2026-07-24T01:51:00.910870"}
{"op_code":4,"worker_id":"547befa4-d3f5-426d-84d3-e65f6c8cc7c8-126708796380992","study_id":0,"datetime_start":"2026-07-24T01:51:00.912864"}
{"op_code":9,"worker_id":"547befa4-d3f5-426d-84d3-e65f6c8cc7c8-126708796380992","trial_id":101,"system_attr":{"tpe:relative_params:0":"{\"gx\": 4, \"gy\": 1, \"k\": 128, \"m\": 64, \"n\": 128, \"sub\": 32}"}}
{"op_code":5,"worker_id":"547befa4-d3f5-426d-84d3-e65f6c8cc7c8-126708796380992","trial_id":101,"param_name":"m","param_value_internal":2,"distribution":"{\"name\": \"CategoricalDistribution\", \"attributes\": {\"choices\": [16, 32, 64, 128, 256]}}"}
{"op_code":5,"worker_id":"547befa4-d3f5-426d-84d3-e65f6c8cc7c8-126708796380992","trial_id":101,"param_name":"n","param_value_internal":3,"distribution":"{\"name\": \"CategoricalDistribution\", \"attributes\": {\"choices\": [16, 32, 64, 128, 256]}}"}
{"op_code":5,"worker_id":"547befa4-d3f5-426d-84d3-e65f6c8cc7c8-126708796380992","trial_id":101,"param_name":"k","param_value_internal":3,"distribution":"{\"name\": \"CategoricalDistribution\", \"attributes\": {\"choices\": [16, 32, 64, 128]}}"}
{"op_code":5,"worker_id":"547befa4-d3f5-426d-84d3-e65f6c8cc7c8-126708796380992","trial_id":101,"param_name":"gx","param_value_internal":2,"distribution":"{\"name\": \"CategoricalDistribution\", \"attributes\": {\"choices\": [1, 2, 4, 8]}}"}
{"op_code":5,"worker_id":"547befa4-d3f5-426d-84d3-e65f6c8cc7c8-126708796380992","trial_id":101,"param_name":"gy","param_value_internal":0,"distribution":"{\"name\": \"CategoricalDistribution\", \"attributes\": {\"choices\": [1, 2, 4, 8]}}"}
{"op_code":5,"worker_id":"547befa4-d3f5-426d-84d3-e65f6c8cc7c8-126708796380992","trial_id":101,"param_name":"sub","param_value_internal":0,"distribution":"{\"name\": \"CategoricalDistribution\", \"attributes\": {\"choices\": [32, 64]}}"}
{"op_code":6,"worker_id":"547befa4-d3f5-426d-84d3-e65f6c8cc7c8-126708796380992","trial_id":101,"state":2,"values":null,"datetime_complete":"2026-07-24T01:51:00.932432"}
{"op_code":4,"worker_id":"547befa4-d3f5-426d-84d3-e65f6c8cc7c8-126708796380992","study_id":0,"datetime_start":"2026-07-24T01:51:00.934475"}
{"op_code":9,"worker_id":"547befa4-d3f5-426d-84d3-e65f6c8cc7c8-126708796380992","trial_id":102,"system_attr":{"tpe:relative_params:0":"{\"gx\": 2, \"gy\": 1, \"k\": 32, \"m\": 64, \"n\": 128, \"sub\": 32}"}}
{"op_code":5,"worker_id":"547befa4-d3f5-426d-84d3-e65f6c8cc7c8-126708796380992","trial_id":102,"param_name":"m","param_value_internal":2,"distribution":"{\"name\": \"CategoricalDistribution\", \"attributes\": {\"choices\": [16, 32, 64, 128, 256]}}"}
{"op_code":5,"worker_id":"547befa4-d3f5-426d-84d3-e65f6c8cc7c8-126708796380992","trial_id":102,"param_name":"n","param_value_internal":3,"distribution":"{\"name\": \"CategoricalDistribution\", \"attributes\": {\"choices\": [16, 32, 64, 128, 256]}}"}
{"op_code":5,"worker_id":"547befa4-d3f5-426d-84d3-e65f6c8cc7c8-126708796380992","trial_id":102,"param_name":"k","param_value_internal":1,"distribution":"{\"name\": \"CategoricalDistribution\", \"attributes\": {\"choices\": [16, 32, 64, 128]}}"}
{"op_code":5,"worker_id":"547befa4-d3f5-426d-84d3-e65f6c8cc7c8-126708796380992","trial_id":102,"param_name":"gx","param_value_internal":1,"distribution":"{\"name\": \"CategoricalDistribution\", \"attributes\": {\"choices\": [1, 2, 4, 8]}}"}
{"op_code":5,"worker_id":"547befa4-d3f5-426d-84d3-e65f6c8cc7c8-126708796380992","trial_id":102,"param_name":"gy","param_value_internal":0,"distribution":"{\"name\": \"CategoricalDistribution\", \"attributes\": {\"choices\": [1, 2, 4, 8]}}"}
{"op_code":5,"worker_id":"547befa4-d3f5-426d-84d3-e65f6c8cc7c8-126708796380992","trial_id":102,"param_name":"sub","param_value_internal":0,"distribution":"{\"name\": \"CategoricalDistribution\", \"attributes\": {\"choices\": [32, 64]}}"}
{"op_code":6,"worker_id":"547befa4-d3f5-426d-84d3-e65f6c8cc7c8-126708796380992","trial_id":102,"state":2,"values":null,"datetime_complete":"2026-07-24T01:51:00.953679"}
{"op_code":4,"worker_id":"547befa4-d3f5-426d-84d3-e65f6c8cc7c8-126708796380992","study_id":0,"datetime_start":"2026-07-24T01:51:00.955653"}
{"op_code":9,"worker_id":"547befa4-d3f5-426d-84d3-e65f6c8cc7c8-126708796380992","trial_id":103,"system_attr":{"tpe:relative_params:0":"{\"gx\": 1, \"gy\": 8, \"k\": 128, \"m\": 16, \"n\": 32, \"sub\": 64}"}}
{"op_code":5,"worker_id":"547befa4-d3f5-426d-84d3-e65f6c8cc7c8-126708796380992","trial_id":103,"param_name":"m","param_value_internal":0,"distribution":"{\"name\": \"CategoricalDistribution\", \"attributes\": {\"choices\": [16, 32, 64, 128, 256]}}"}
{"op_code":5,"worker_id":"547befa4-d3f5-426d-84d3-e65f6c8cc7c8-126708796380992","trial_id":103,"param_name":"n","param_value_internal":1,"distribution":"{\"name\": \"CategoricalDistribution\", \"attributes\": {\"choices\": [16, 32, 64, 128, 256]}}"}
{"op_code":5,"worker_id":"547befa4-d3f5-426d-84d3-e65f6c8cc7c8-126708796380992","trial_id":103,"param_name":"k","param_value_internal":3,"distribution":"{\"name\": \"CategoricalDistribution\", \"attributes\": {\"choices\": [16, 32, 64, 128]}}"}
{"op_code":5,"worker_id":"547befa4-d3f5-426d-84d3-e65f6c8cc7c8-126708796380992","trial_id":103,"param_name":"gx","param_value_internal":0,"distribution":"{\"name\": \"CategoricalDistribution\", \"attributes\": {\"choices\": [1, 2, 4, 8]}}"}
{"op_code":5,"worker_id":"547befa4-d3f5-426d-84d3-e65f6c8cc7c8-126708796380992","trial_id":103,"param_name":"gy","param_value_internal":3,"distribution":"{\"name\": \"CategoricalDistribution\", \"attributes\": {\"choices\": [1, 2, 4, 8]}}"}
{"op_code":5,"worker_id":"547befa4-d3f5-426d-84d3-e65f6c8cc7c8-126708796380992","trial_id":103,"param_name":"sub","param_value_internal":1,"distribution":"{\"name\": \"CategoricalDistribution\", \"attributes\": {\"choices\": [32, 64]}}"}
{"op_code":6,"worker_id":"547befa4-d3f5-426d-84d3-e65f6c8cc7c8-126708796380992","trial_id":103,"state":2,"values":null,"datetime_complete":"2026-07-24T01:51:00.974892"}
{"op_code":4,"worker_id":"547befa4-d3f5-426d-84d3-e65f6c8cc7c8-126708796380992","study_id":0,"datetime_start":"2026-07-24T01:51:00.977027"}
{"op_code":9,"worker_id":"547befa4-d3f5-426d-84d3-e65f6c8cc7c8-126708796380992","trial_id":104,"system_attr":{"tpe:relative_params:0":"{\"gx\": 1, \"gy\": 8, \"k\": 32, \"m\": 32, \"n\": 32, \"sub\": 64}"}}
{"op_code":5,"worker_id":"547befa4-d3f5-426d-84d3-e65f6c8cc7c8-126708796380992","trial_id":104,"param_name":"m","param_value_internal":1,"distribution":"{\"name\": \"CategoricalDistribution\", \"attributes\": {\"choices\": [16, 32, 64, 128, 256]}}"}
{"op_code":5,"worker_id":"547befa4-d3f5-426d-84d3-e65f6c8cc7c8-126708796380992","trial_id":104,"param_name":"n","param_value_internal":1,"distribution":"{\"name\": \"CategoricalDistribution\", \"attributes\": {\"choices\": [16, 32, 64, 128, 256]}}"}
{"op_code":5,"worker_id":"547befa4-d3f5-426d-84d3-e65f6c8cc7c8-126708796380992","trial_id":104,"param_name":"k","param_value_internal":1,"distribution":"{\"name\": \"CategoricalDistribution\", \"attributes\": {\"choices\": [16, 32, 64, 128]}}"}
{"op_code":5,"worker_id":"547befa4-d3f5-426d-84d3-e65f6c8cc7c8-126708796380992","trial_id":104,"param_name":"gx","param_value_internal":0,"distribution":"{\"name\": \"CategoricalDistribution\", \"attributes\": {\"choices\": [1, 2, 4, 8]}}"}
{"op_code":5,"worker_id":"547befa4-d3f5-426d-84d3-e65f6c8cc7c8-126708796380992","trial_id":104,"param_name":"gy","param_value_internal":3,"distribution":"{\"name\": \"CategoricalDistribution\", \"attributes\": {\"choices\": [1, 2, 4, 8]}}"}
{"op_code":5,"worker_id":"547befa4-d3f5-426d-84d3-e65f6c8cc7c8-126708796380992","trial_id":104,"param_name":"sub","param_value_internal":1,"distribution":"{\"name\": \"CategoricalDistribution\", \"attributes\": {\"choices\": [32, 64]}}"}
{"op_code":6,"worker_id":"547befa4-d3f5-426d-84d3-e65f6c8cc7c8-126708796380992","trial_id":104,"state":2,"values":null,"datetime_complete":"2026-07-24T01:51:00.996858"}
{"op_code":4,"worker_id":"547befa4-d3f5-426d-84d3-e65f6c8cc7c8-126708796380992","study_id":0,"datetime_start":"2026-07-24T01:51:00.998675"}
{"op_code":9,"worker_id":"547befa4-d3f5-426d-84d3-e65f6c8cc7c8-126708796380992","trial_id":105,"system_attr":{"tpe:relative_params:0":"{\"gx\": 4, \"gy\": 1, \"k\": 32, \"m\": 16, \"n\": 256, \"sub\": 32}"}}
{"op_code":5,"worker_id":"547befa4-d3f5-426d-84d3-e65f6c8cc7c8-126708796380992","trial_id":105,"param_name":"m","param_value_internal":0,"distribution":"{\"name\": \"CategoricalDistribution\", \"attributes\": {\"choices\": [16, 32, 64, 128, 256]}}"}
{"op_code":5,"worker_id":"547befa4-d3f5-426d-84d3-e65f6c8cc7c8-126708796380992","trial_id":105,"param_name":"n","param_value_internal":4,"distribution":"{\"name\": \"CategoricalDistribution\", \"attributes\": {\"choices\": [16, 32, 64, 128, 256]}}"}
{"op_code":5,"worker_id":"547befa4-d3f5-426d-84d3-e65f6c8cc7c8-126708796380992","trial_id":105,"param_name":"k","param_value_internal":1,"distribution":"{\"name\": \"CategoricalDistribution\", \"attributes\": {\"choices\": [16, 32, 64, 128]}}"}
{"op_code":5,"worker_id":"547befa4-d3f5-426d-84d3-e65f6c8cc7c8-126708796380992","trial_id":105,"param_name":"gx","param_value_internal":2,"distribution":"{\"name\": \"CategoricalDistribution\", \"attributes\": {\"choices\": [1, 2, 4, 8]}}"}
{"op_code":5,"worker_id":"547befa4-d3f5-426d-84d3-e65f6c8cc7c8-126708796380992","trial_id":105,"param_name":"gy","param_value_internal":0,"distribution":"{\"name\": \"CategoricalDistribution\", \"attributes\": {\"choices\": [1, 2, 4, 8]}}"}
{"op_code":5,"worker_id":"547befa4-d3f5-426d-84d3-e65f6c8cc7c8-126708796380992","trial_id":105,"param_name":"sub","param_value_internal":0,"distribution":"{\"name\": \"CategoricalDistribution\", \"attributes\": {\"choices\": [32, 64]}}"}
{"op_code":6,"worker_id":"547befa4-d3f5-426d-84d3-e65f6c8cc7c8-126708796380992","trial_id":105,"state":2,"values":null,"datetime_complete":"2026-07-24T01:51:01.017702"}
{"op_code":4,"worker_id":"547befa4-d3f5-426d-84d3-e65f6c8cc7c8-126708796380992","study_id":0,"datetime_start":"2026-07-24T01:51:01.019695"}
{"op_code":9,"worker_id":"547befa4-d3f5-426d-84d3-e65f6c8cc7c8-126708796380992","trial_id":106,"system_attr":{"tpe:relative_params:0":"{\"gx\": 4, \"gy\": 8, \"k\": 64, \"m\": 256, \"n\": 128, \"sub\": 32}"}}
{"op_code":5,"worker_id":"547befa4-d3f5-426d-84d3-e65f6c8cc7c8-126708796380992","trial_id":106,"param_name":"m","param_value_internal":4,"distribution":"{\"name\": \"CategoricalDistribution\", \"attributes\": {\"choices\": [16, 32, 64, 128, 256]}}"}
{"op_code":5,"worker_id":"547befa4-d3f5-426d-84d3-e65f6c8cc7c8-126708796380992","trial_id":106,"param_name":"n","param_value_internal":3,"distribution":"{\"name\": \"CategoricalDistribution\", \"attributes\": {\"choices\": [16, 32, 64, 128, 256]}}"}
{"op_code":5,"worker_id":"547befa4-d3f5-426d-84d3-e65f6c8cc7c8-126708796380992","trial_id":106,"param_name":"k","param_value_internal":2,"distribution":"{\"name\": \"CategoricalDistribution\", \"attributes\": {\"choices\": [16, 32, 64, 128]}}"}
{"op_code":5,"worker_id":"547befa4-d3f5-426d-84d3-e65f6c8cc7c8-126708796380992","trial_id":106,"param_name":"gx","param_value_internal":2,"distribution":"{\"name\": \"CategoricalDistribution\", \"attributes\": {\"choices\": [1, 2, 4, 8]}}"}
{"op_code":5,"worker_id":"547befa4-d3f5-426d-84d3-e65f6c8cc7c8-126708796380992","trial_id":106,"param_name":"gy","param_value_internal":3,"distribution":"{\"name\": \"CategoricalDistribution\", \"attributes\": {\"choices\": [1, 2, 4, 8]}}"}
{"op_code":5,"worker_id":"547befa4-d3f5-426d-84d3-e65f6c8cc7c8-126708796380992","trial_id":106,"param_name":"sub","param_value_internal":0,"distribution":"{\"name\": \"CategoricalDistribution\", \"attributes\": {\"choices\": [32, 64]}}"}
{"op_code":6,"worker_id":"547befa4-d3f5-426d-84d3-e65f6c8cc7c8-126708796380992","trial_id":106,"state":2,"values":null,"datetime_complete":"2026-07-24T01:51:01.040376"}
{"op_code":4,"worker_id":"547befa4-d3f5-426d-84d3-e65f6c8cc7c8-126708796380992","study_id":0,"datetime_start":"2026-07-24T01:51:01.042266"}
{"op_code":9,"worker_id":"547befa4-d3f5-426d-84d3-e65f6c8cc7c8-126708796380992","trial_id":107,"system_attr":{"tpe:relative_params:0":"{\"gx\": 4, \"gy\": 8, \"k\": 32, \"m\": 128, \"n\": 32, \"sub\": 32}"}}
{"op_code":5,"worker_id":"547befa4-d3f5-426d-84d3-e65f6c8cc7c8-126708796380992","trial_id":107,"param_name":"m","param_value_internal":3,"distribution":"{\"name\": \"CategoricalDistribution\", \"attributes\": {\"choices\": [16, 32, 64, 128, 256]}}"}
{"op_code":5,"worker_id":"547befa4-d3f5-426d-84d3-e65f6c8cc7c8-126708796380992","trial_id":107,"param_name":"n","param_value_internal":1,"distribution":"{\"name\": \"CategoricalDistribution\", \"attributes\": {\"choices\": [16, 32, 64, 128, 256]}}"}
{"op_code":5,"worker_id":"547befa4-d3f5-426d-84d3-e65f6c8cc7c8-126708796380992","trial_id":107,"param_name":"k","param_value_internal":1,"distribution":"{\"name\": \"CategoricalDistribution\", \"attributes\": {\"choices\": [16, 32, 64, 128]}}"}
{"op_code":5,"worker_id":"547befa4-d3f5-426d-84d3-e65f6c8cc7c8-126708796380992","trial_id":107,"param_name":"gx","param_value_internal":2,"distribution":"{\"name\": \"CategoricalDistribution\", \"attributes\": {\"choices\": [1, 2, 4, 8]}}"}
{"op_code":5,"worker_id":"547befa4-d3f5-426d-84d3-e65f6c8cc7c8-126708796380992","trial_id":107,"param_name":"gy","param_value_internal":3,"distribution":"{\"name\": \"CategoricalDistribution\", \"attributes\": {\"choices\": [1, 2, 4, 8]}}"}
{"op_code":5,"worker_id":"547befa4-d3f5-426d-84d3-e65f6c8cc7c8-126708796380992","trial_id":107,"param_name":"sub","param_value_internal":0,"distribution":"{\"name\": \"CategoricalDistribution\", \"attributes\": {\"choices\": [32, 64]}}"}
{"op_code":6,"worker_id":"547befa4-d3f5-426d-84d3-e65f6c8cc7c8-126708796380992","trial_id":107,"state":2,"values":null,"datetime_complete":"2026-07-24T01:51:01.062289"}
{"op_code":4,"worker_id":"547befa4-d3f5-426d-84d3-e65f6c8cc7c8-126708796380992","study_id":0,"datetime_start":"2026-07-24T01:51:01.064338"}
{"op_code":9,"worker_id":"547befa4-d3f5-426d-84d3-e65f6c8cc7c8-126708796380992","trial_id":108,"system_attr":{"tpe:relative_params:0":"{\"gx\": 8, \"gy\": 4, \"k\": 16, \"m\": 64, \"n\": 128, \"sub\": 32}"}}
{"op_code":5,"worker_id":"547befa4-d3f5-426d-84d3-e65f6c8cc7c8-126708796380992","trial_id":108,"param_name":"m","param_value_internal":2,"distribution":"{\"name\": \"CategoricalDistribution\", \"attributes\": {\"choices\": [16, 32, 64, 128, 256]}}"}
{"op_code":5,"worker_id":"547befa4-d3f5-426d-84d3-e65f6c8cc7c8-126708796380992","trial_id":108,"param_name":"n","param_value_internal":3,"distribution":"{\"name\": \"CategoricalDistribution\", \"attributes\": {\"choices\": [16, 32, 64, 128, 256]}}"}
{"op_code":5,"worker_id":"547befa4-d3f5-426d-84d3-e65f6c8cc7c8-126708796380992","trial_id":108,"param_name":"k","param_value_internal":0,"distribution":"{\"name\": \"CategoricalDistribution\", \"attributes\": {\"choices\": [16, 32, 64, 128]}}"}
{"op_code":5,"worker_id":"547befa4-d3f5-426d-84d3-e65f6c8cc7c8-126708796380992","trial_id":108,"param_name":"gx","param_value_internal":3,"distribution":"{\"name\": \"CategoricalDistribution\", \"attributes\": {\"choices\": [1, 2, 4, 8]}}"}
{"op_code":5,"worker_id":"547befa4-d3f5-426d-84d3-e65f6c8cc7c8-126708796380992","trial_id":108,"param_name":"gy","param_value_internal":2,"distribution":"{\"name\": \"CategoricalDistribution\", \"attributes\": {\"choices\": [1, 2, 4, 8]}}"}
{"op_code":5,"worker_id":"547befa4-d3f5-426d-84d3-e65f6c8cc7c8-126708796380992","trial_id":108,"param_name":"sub","param_value_internal":0,"distribution":"{\"name\": \"CategoricalDistribution\", \"attributes\": {\"choices\": [32, 64]}}"}
{"op_code":6,"worker_id":"547befa4-d3f5-426d-84d3-e65f6c8cc7c8-126708796380992","trial_id":108,"state":2,"values":null,"datetime_complete":"2026-07-24T01:51:01.084061"}
{"op_code":4,"worker_id":"547befa4-d3f5-426d-84d3-e65f6c8cc7c8-126708796380992","study_id":0,"datetime_start":"2026-07-24T01:51:01.086012"}
{"op_code":9,"worker_id":"547befa4-d3f5-426d-84d3-e65f6c8cc7c8-126708796380992","trial_id":109,"system_attr":{"tpe:relative_params:0":"{\"gx\": 2, \"gy\": 2, \"k\": 128, \"m\": 16, \"n\": 32, \"sub\": 32}"}}
{"op_code":5,"worker_id":"547befa4-d3f5-426d-84d3-e65f6c8cc7c8-126708796380992","trial_id":109,"param_name":"m","param_value_internal":0,"distribution":"{\"name\": \"CategoricalDistribution\", \"attributes\": {\"choices\": [16, 32, 64, 128, 256]}}"}
{"op_code":5,"worker_id":"547befa4-d3f5-426d-84d3-e65f6c8cc7c8-126708796380992","trial_id":109,"param_name":"n","param_value_internal":1,"distribution":"{\"name\": \"CategoricalDistribution\", \"attributes\": {\"choices\": [16, 32, 64, 128, 256]}}"}
{"op_code":5,"worker_id":"547befa4-d3f5-426d-84d3-e65f6c8cc7c8-126708796380992","trial_id":109,"param_name":"k","param_value_internal":3,"distribution":"{\"name\": \"CategoricalDistribution\", \"attributes\": {\"choices\": [16, 32, 64, 128]}}"}
{"op_code":5,"worker_id":"547befa4-d3f5-426d-84d3-e65f6c8cc7c8-126708796380992","trial_id":109,"param_name":"gx","param_value_internal":1,"distribution":"{\"name\": \"CategoricalDistribution\", \"attributes\": {\"choices\": [1, 2, 4, 8]}}"}
{"op_code":5,"worker_id":"547befa4-d3f5-426d-84d3-e65f6c8cc7c8-126708796380992","trial_id":109,"param_name":"gy","param_value_internal":1,"distribution":"{\"name\": \"CategoricalDistribution\", \"attributes\": {\"choices\": [1, 2, 4, 8]}}"}
{"op_code":5,"worker_id":"547befa4-d3f5-426d-84d3-e65f6c8cc7c8-126708796380992","trial_id":109,"param_name":"sub","param_value_internal":0,"distribution":"{\"name\": \"CategoricalDistribution\", \"attributes\": {\"choices\": [32, 64]}}"}
{"op_code":6,"worker_id":"547befa4-d3f5-426d-84d3-e65f6c8cc7c8-126708796380992","trial_id":109,"state":2,"values":null,"datetime_complete":"2026-07-24T01:51:01.103972"}
{"op_code":4,"worker_id":"547befa4-d3f5-426d-84d3-e65f6c8cc7c8-126708796380992","study_id":0,"datetime_start":"2026-07-24T01:51:01.105682"}
{"op_code":9,"worker_id":"547befa4-d3f5-426d-84d3-e65f6c8cc7c8-126708796380992","trial_id":110,"system_attr":{"tpe:relative_params:0":"{\"gx\": 4, \"gy\": 1, \"k\": 32, \"m\": 64, \"n\": 128, \"sub\": 32}"}}
{"op_code":5,"worker_id":"547befa4-d3f5-426d-84d3-e65f6c8cc7c8-126708796380992","trial_id":110,"param_name":"m","param_value_internal":2,"distribution":"{\"name\": \"CategoricalDistribution\", \"attributes\": {\"choices\": [16, 32, 64, 128, 256]}}"}
{"op_code":5,"worker_id":"547befa4-d3f5-426d-84d3-e65f6c8cc7c8-126708796380992","trial_id":110,"param_name":"n","param_value_internal":3,"distribution":"{\"name\": \"CategoricalDistribution\", \"attributes\": {\"choices\": [16, 32, 64, 128, 256]}}"}
{"op_code":5,"worker_id":"547befa4-d3f5-426d-84d3-e65f6c8cc7c8-126708796380992","trial_id":110,"param_name":"k","param_value_internal":1,"distribution":"{\"name\": \"CategoricalDistribution\", \"attributes\": {\"choices\": [16, 32, 64, 128]}}"}
{"op_code":5,"worker_id":"547befa4-d3f5-426d-84d3-e65f6c8cc7c8-126708796380992","trial_id":110,"param_name":"gx","param_value_internal":2,"distribution":"{\"name\": \"CategoricalDistribution\", \"attributes\": {\"choices\": [1, 2, 4, 8]}}"}
{"op_code":5,"worker_id":"547befa4-d3f5-426d-84d3-e65f6c8cc7c8-126708796380992","trial_id":110,"param_name":"gy","param_value_internal":0,"distribution":"{\"name\": \"CategoricalDistribution\", \"attributes\": {\"choices\": [1, 2, 4, 8]}}"}
{"op_code":5,"worker_id":"547befa4-d3f5-426d-84d3-e65f6c8cc7c8-126708796380992","trial_id":110,"param_name":"sub","param_value_internal":0,"distribution":"{\"name\": \"CategoricalDistribution\", \"attributes\": {\"choices\": [32, 64]}}"}
{"op_code":6,"worker_id":"547befa4-d3f5-426d-84d3-e65f6c8cc7c8-126708796380992","trial_id":110,"state":2,"values":null,"datetime_complete":"2026-07-24T01:51:01.123878"}
{"op_code":4,"worker_id":"547befa4-d3f5-426d-84d3-e65f6c8cc7c8-126708796380992","study_id":0,"datetime_start":"2026-07-24T01:51:01.125689"}
{"op_code":9,"worker_id":"547befa4-d3f5-426d-84d3-e65f6c8cc7c8-126708796380992","trial_id":111,"system_attr":{"tpe:relative_params:0":"{\"gx\": 4, \"gy\": 4, \"k\": 64, \"m\": 128, \"n\": 32, \"sub\": 32}"}}
{"op_code":5,"worker_id":"547befa4-d3f5-426d-84d3-e65f6c8cc7c8-126708796380992","trial_id":111,"param_name":"m","param_value_internal":3,"distribution":"{\"name\": \"CategoricalDistribution\", \"attributes\": {\"choices\": [16, 32, 64, 128, 256]}}"}
{"op_code":5,"worker_id":"547befa4-d3f5-426d-84d3-e65f6c8cc7c8-126708796380992","trial_id":111,"param_name":"n","param_value_internal":1,"distribution":"{\"name\": \"CategoricalDistribution\", \"attributes\": {\"choices\": [16, 32, 64, 128, 256]}}"}
{"op_code":5,"worker_id":"547befa4-d3f5-426d-84d3-e65f6c8cc7c8-126708796380992","trial_id":111,"param_name":"k","param_value_internal":2,"distribution":"{\"name\": \"CategoricalDistribution\", \"attributes\": {\"choices\": [16, 32, 64, 128]}}"}
{"op_code":5,"worker_id":"547befa4-d3f5-426d-84d3-e65f6c8cc7c8-126708796380992","trial_id":111,"param_name":"gx","param_value_internal":2,"distribution":"{\"name\": \"CategoricalDistribution\", \"attributes\": {\"choices\": [1, 2, 4, 8]}}"}
{"op_code":5,"worker_id":"547befa4-d3f5-426d-84d3-e65f6c8cc7c8-126708796380992","trial_id":111,"param_name":"gy","param_value_internal":2,"distribution":"{\"name\": \"CategoricalDistribution\", \"attributes\": {\"choices\": [1, 2, 4, 8]}}"}
{"op_code":5,"worker_id":"547befa4-d3f5-426d-84d3-e65f6c8cc7c8-126708796380992","trial_id":111,"param_name":"sub","param_value_internal":0,"distribution":"{\"name\": \"CategoricalDistribution\", \"attributes\": {\"choices\": [32, 64]}}"}
{"op_code":6,"worker_id":"547befa4-d3f5-426d-84d3-e65f6c8cc7c8-126708796380992","trial_id":111,"state":2,"values":null,"datetime_complete":"2026-07-24T01:51:01.144589"}
{"op_code":4,"worker_id":"547befa4-d3f5-426d-84d3-e65f6c8cc7c8-126708796380992","study_id":0,"datetime_start":"2026-07-24T01:51:01.146306"}
{"op_code":9,"worker_id":"547befa4-d3f5-426d-84d3-e65f6c8cc7c8-126708796380992","trial_id":112,"system_attr":{"tpe:relative_params:0":"{\"gx\": 1, \"gy\": 8, \"k\": 128, \"m\": 128, \"n\": 128, \"sub\": 64}"}}
{"op_code":5,"worker_id":"547befa4-d3f5-426d-84d3-e65f6c8cc7c8-126708796380992","trial_id":112,"param_name":"m","param_value_internal":3,"distribution":"{\"name\": \"CategoricalDistribution\", \"attributes\": {\"choices\": [16, 32, 64, 128, 256]}}"}
{"op_code":5,"worker_id":"547befa4-d3f5-426d-84d3-e65f6c8cc7c8-126708796380992","trial_id":112,"param_name":"n","param_value_internal":3,"distribution":"{\"name\": \"CategoricalDistribution\", \"attributes\": {\"choices\": [16, 32, 64, 128, 256]}}"}
{"op_code":5,"worker_id":"547befa4-d3f5-426d-84d3-e65f6c8cc7c8-126708796380992","trial_id":112,"param_name":"k","param_value_internal":3,"distribution":"{\"name\": \"CategoricalDistribution\", \"attributes\": {\"choices\": [16, 32, 64, 128]}}"}
{"op_code":5,"worker_id":"547befa4-d3f5-426d-84d3-e65f6c8cc7c8-126708796380992","trial_id":112,"param_name":"gx","param_value_internal":0,"distribution":"{\"name\": \"CategoricalDistribution\", \"attributes\": {\"choices\": [1, 2, 4, 8]}}"}
{"op_code":5,"worker_id":"547befa4-d3f5-426d-84d3-e65f6c8cc7c8-126708796380992","trial_id":112,"param_name":"gy","param_value_internal":3,"distribution":"{\"name\": \"CategoricalDistribution\", \"attributes\": {\"choices\": [1, 2, 4, 8]}}"}
{"op_code":5,"worker_id":"547befa4-d3f5-426d-84d3-e65f6c8cc7c8-126708796380992","trial_id":112,"param_name":"sub","param_value_internal":1,"distribution":"{\"name\": \"CategoricalDistribution\", \"attributes\": {\"choices\": [32, 64]}}"}
{"op_code":6,"worker_id":"547befa4-d3f5-426d-84d3-e65f6c8cc7c8-126708796380992","trial_id":112,"state":2,"values":null,"datetime_complete":"2026-07-24T01:51:01.164414"}
{"op_code":4,"worker_id":"547befa4-d3f5-426d-84d3-e65f6c8cc7c8-126708796380992","study_id":0,"datetime_start":"2026-07-24T01:51:01.166067"}
{"op_code":9,"worker_id":"547befa4-d3f5-426d-84d3-e65f6c8cc7c8-126708796380992","trial_id":113,"system_attr":{"tpe:relative_params:0":"{\"gx\": 4, \"gy\": 1, \"k\": 64, \"m\": 64, \"n\": 256, \"sub\": 32}"}}
{"op_code":5,"worker_id":"547befa4-d3f5-426d-84d3-e65f6c8cc7c8-126708796380992","trial_id":113,"param_name":"m","param_value_internal":2,"distribution":"{\"name\": \"CategoricalDistribution\", \"attributes\": {\"choices\": [16, 32, 64, 128, 256]}}"}
{"op_code":5,"worker_id":"547befa4-d3f5-426d-84d3-e65f6c8cc7c8-126708796380992","trial_id":113,"param_name":"n","param_value_internal":4,"distribution":"{\"name\": \"CategoricalDistribution\", \"attributes\": {\"choices\": [16, 32, 64, 128, 256]}}"}
{"op_code":5,"worker_id":"547befa4-d3f5-426d-84d3-e65f6c8cc7c8-126708796380992","trial_id":113,"param_name":"k","param_value_internal":2,"distribution":"{\"name\": \"CategoricalDistribution\", \"attributes\": {\"choices\": [16, 32, 64, 128]}}"}
{"op_code":5,"worker_id":"547befa4-d3f5-426d-84d3-e65f6c8cc7c8-126708796380992","trial_id":113,"param_name":"gx","param_value_internal":2,"distribution":"{\"name\": \"CategoricalDistribution\", \"attributes\": {\"choices\": [1, 2, 4, 8]}}"}
{"op_code":5,"worker_id":"547befa4-d3f5-426d-84d3-e65f6c8cc7c8-126708796380992","trial_id":113,"param_name":"gy","param_value_internal":0,"distribution":"{\"name\": \"CategoricalDistribution\", \"attributes\": {\"choices\": [1, 2, 4, 8]}}"}
{"op_code":5,"worker_id":"547befa4-d3f5-426d-84d3-e65f6c8cc7c8-126708796380992","trial_id":113,"param_name":"sub","param_value_internal":0,"distribution":"{\"name\": \"CategoricalDistribution\", \"attributes\": {\"choices\": [32, 64]}}"}
{"op_code":6,"worker_id":"547befa4-d3f5-426d-84d3-e65f6c8cc7c8-126708796380992","trial_id":113,"state":2,"values":null,"datetime_complete":"2026-07-24T01:51:01.183963"}
{"op_code":4,"worker_id":"547befa4-d3f5-426d-84d3-e65f6c8cc7c8-126708796380992","study_id":0,"datetime_start":"2026-07-24T01:51:01.185616"}
{"op_code":9,"worker_id":"547befa4-d3f5-426d-84d3-e65f6c8cc7c8-126708796380992","trial_id":114,"system_attr":{"tpe:relative_params:0":"{\"gx\": 2, \"gy\": 1, \"k\": 128, \"m\": 16, \"n\": 32, \"sub\": 64}"}}
{"op_code":5,"worker_id":"547befa4-d3f5-426d-84d3-e65f6c8cc7c8-126708796380992","trial_id":114,"param_name":"m","param_value_internal":0,"distribution":"{\"name\": \"CategoricalDistribution\", \"attributes\": {\"choices\": [16, 32, 64, 128, 256]}}"}
{"op_code":5,"worker_id":"547befa4-d3f5-426d-84d3-e65f6c8cc7c8-126708796380992","trial_id":114,"param_name":"n","param_value_internal":1,"distribution":"{\"name\": \"CategoricalDistribution\", \"attributes\": {\"choices\": [16, 32, 64, 128, 256]}}"}
{"op_code":5,"worker_id":"547befa4-d3f5-426d-84d3-e65f6c8cc7c8-126708796380992","trial_id":114,"param_name":"k","param_value_internal":3,"distribution":"{\"name\": \"CategoricalDistribution\", \"attributes\": {\"choices\": [16, 32, 64, 128]}}"}
{"op_code":5,"worker_id":"547befa4-d3f5-426d-84d3-e65f6c8cc7c8-126708796380992","trial_id":114,"param_name":"gx","param_value_internal":1,"distribution":"{\"name\": \"CategoricalDistribution\", \"attributes\": {\"choices\": [1, 2, 4, 8]}}"}
{"op_code":5,"worker_id":"547befa4-d3f5-426d-84d3-e65f6c8cc7c8-126708796380992","trial_id":114,"param_name":"gy","param_value_internal":0,"distribution":"{\"name\": \"CategoricalDistribution\", \"attributes\": {\"choices\": [1, 2, 4, 8]}}"}
{"op_code":5,"worker_id":"547befa4-d3f5-426d-84d3-e65f6c8cc7c8-126708796380992","trial_id":114,"param_name":"sub","param_value_internal":1,"distribution":"{\"name\": \"CategoricalDistribution\", \"attributes\": {\"choices\": [32, 64]}}"}
{"op_code":8,"worker_id":"547befa4-d3f5-426d-84d3-e65f6c8cc7c8-126708796380992","trial_id":114,"user_attr":{"token":"tsweep_t16x32k128g21s64"}}
{"op_code":4,"worker_id":"547befa4-d3f5-426d-84d3-e65f6c8cc7c8-126708796380992","study_id":0,"datetime_start":"2026-07-24T01:51:01.204762"}
{"op_code":9,"worker_id":"547befa4-d3f5-426d-84d3-e65f6c8cc7c8-126708796380992","trial_id":115,"system_attr":{"tpe:relative_params:0":"{\"gx\": 8, \"gy\": 2, \"k\": 32, \"m\": 32, \"n\": 256, \"sub\": 32}"}}
{"op_code":5,"worker_id":"547befa4-d3f5-426d-84d3-e65f6c8cc7c8-126708796380992","trial_id":115,"param_name":"m","param_value_internal":1,"distribution":"{\"name\": \"CategoricalDistribution\", \"attributes\": {\"choices\": [16, 32, 64, 128, 256]}}"}
{"op_code":5,"worker_id":"547befa4-d3f5-426d-84d3-e65f6c8cc7c8-126708796380992","trial_id":115,"param_name":"n","param_value_internal":4,"distribution":"{\"name\": \"CategoricalDistribution\", \"attributes\": {\"choices\": [16, 32, 64, 128, 256]}}"}
{"op_code":5,"worker_id":"547befa4-d3f5-426d-84d3-e65f6c8cc7c8-126708796380992","trial_id":115,"param_name":"k","param_value_internal":1,"distribution":"{\"name\": \"CategoricalDistribution\", \"attributes\": {\"choices\": [16, 32, 64, 128]}}"}
{"op_code":5,"worker_id":"547befa4-d3f5-426d-84d3-e65f6c8cc7c8-126708796380992","trial_id":115,"param_name":"gx","param_value_internal":3,"distribution":"{\"name\": \"CategoricalDistribution\", \"attributes\": {\"choices\": [1, 2, 4, 8]}}"}
{"op_code":5,"worker_id":"547befa4-d3f5-426d-84d3-e65f6c8cc7c8-126708796380992","trial_id":115,"param_name":"gy","param_value_internal":1,"distribution":"{\"name\": \"CategoricalDistribution\", \"attributes\": {\"choices\": [1, 2, 4, 8]}}"}
{"op_code":5,"worker_id":"547befa4-d3f5-426d-84d3-e65f6c8cc7c8-126708796380992","trial_id":115,"param_name":"sub","param_value_internal":0,"distribution":"{\"name\": \"CategoricalDistribution\", \"attributes\": {\"choices\": [32, 64]}}"}
{"op_code":6,"worker_id":"547befa4-d3f5-426d-84d3-e65f6c8cc7c8-126708796380992","trial_id":115,"state":2,"values":null,"datetime_complete":"2026-07-24T01:51:01.225020"}
{"op_code":4,"worker_id":"547befa4-d3f5-426d-84d3-e65f6c8cc7c8-126708796380992","study_id":0,"datetime_start":"2026-07-24T01:51:01.229027"}
{"op_code":9,"worker_id":"547befa4-d3f5-426d-84d3-e65f6c8cc7c8-126708796380992","trial_id":116,"system_attr":{"tpe:relative_params:0":"{\"gx\": 4, \"gy\": 4, \"k\": 64, \"m\": 256, \"n\": 256, \"sub\": 32}"}}
{"op_code":5,"worker_id":"547befa4-d3f5-426d-84d3-e65f6c8cc7c8-126708796380992","trial_id":116,"param_name":"m","param_value_internal":4,"distribution":"{\"name\": \"CategoricalDistribution\", \"attributes\": {\"choices\": [16, 32, 64, 128, 256]}}"}
{"op_code":5,"worker_id":"547befa4-d3f5-426d-84d3-e65f6c8cc7c8-126708796380992","trial_id":116,"param_name":"n","param_value_internal":4,"distribution":"{\"name\": \"CategoricalDistribution\", \"attributes\": {\"choices\": [16, 32, 64, 128, 256]}}"}
{"op_code":5,"worker_id":"547befa4-d3f5-426d-84d3-e65f6c8cc7c8-126708796380992","trial_id":116,"param_name":"k","param_value_internal":2,"distribution":"{\"name\": \"CategoricalDistribution\", \"attributes\": {\"choices\": [16, 32, 64, 128]}}"}
{"op_code":5,"worker_id":"547befa4-d3f5-426d-84d3-e65f6c8cc7c8-126708796380992","trial_id":116,"param_name":"gx","param_value_internal":2,"distribution":"{\"name\": \"CategoricalDistribution\", \"attributes\": {\"choices\": [1, 2, 4, 8]}}"}
{"op_code":5,"worker_id":"547befa4-d3f5-426d-84d3-e65f6c8cc7c8-126708796380992","trial_id":116,"param_name":"gy","param_value_internal":2,"distribution":"{\"name\": \"CategoricalDistribution\", \"attributes\": {\"choices\": [1, 2, 4, 8]}}"}
{"op_code":5,"worker_id":"547befa4-d3f5-426d-84d3-e65f6c8cc7c8-126708796380992","trial_id":116,"param_name":"sub","param_value_internal":0,"distribution":"{\"name\": \"CategoricalDistribution\", \"attributes\": {\"choices\": [32, 64]}}"}
{"op_code":6,"worker_id":"547befa4-d3f5-426d-84d3-e65f6c8cc7c8-126708796380992","trial_id":116,"state":2,"values":null,"datetime_complete":"2026-07-24T01:51:01.255364"}
{"op_code":4,"worker_id":"547befa4-d3f5-426d-84d3-e65f6c8cc7c8-126708796380992","study_id":0,"datetime_start":"2026-07-24T01:51:01.258057"}
{"op_code":9,"worker_id":"547befa4-d3f5-426d-84d3-e65f6c8cc7c8-126708796380992","trial_id":117,"system_attr":{"tpe:relative_params:0":"{\"gx\": 4, \"gy\": 8, \"k\": 128, \"m\": 64, \"n\": 32, \"sub\": 32}"}}
{"op_code":5,"worker_id":"547befa4-d3f5-426d-84d3-e65f6c8cc7c8-126708796380992","trial_id":117,"param_name":"m","param_value_internal":2,"distribution":"{\"name\": \"CategoricalDistribution\", \"attributes\": {\"choices\": [16, 32, 64, 128, 256]}}"}
{"op_code":5,"worker_id":"547befa4-d3f5-426d-84d3-e65f6c8cc7c8-126708796380992","trial_id":117,"param_name":"n","param_value_internal":1,"distribution":"{\"name\": \"CategoricalDistribution\", \"attributes\": {\"choices\": [16, 32, 64, 128, 256]}}"}
{"op_code":5,"worker_id":"547befa4-d3f5-426d-84d3-e65f6c8cc7c8-126708796380992","trial_id":117,"param_name":"k","param_value_internal":3,"distribution":"{\"name\": \"CategoricalDistribution\", \"attributes\": {\"choices\": [16, 32, 64, 128]}}"}
{"op_code":5,"worker_id":"547befa4-d3f5-426d-84d3-e65f6c8cc7c8-126708796380992","trial_id":117,"param_name":"gx","param_value_internal":2,"distribution":"{\"name\": \"CategoricalDistribution\", \"attributes\": {\"choices\": [1, 2, 4, 8]}}"}
{"op_code":5,"worker_id":"547befa4-d3f5-426d-84d3-e65f6c8cc7c8-126708796380992","trial_id":117,"param_name":"gy","param_value_internal":3,"distribution":"{\"name\": \"CategoricalDistribution\", \"attributes\": {\"choices\": [1, 2, 4, 8]}}"}
{"op_code":5,"worker_id":"547befa4-d3f5-426d-84d3-e65f6c8cc7c8-126708796380992","trial_id":117,"param_name":"sub","param_value_internal":0,"distribution":"{\"name\": \"CategoricalDistribution\", \"attributes\": {\"choices\": [32, 64]}}"}
{"op_code":6,"worker_id":"547befa4-d3f5-426d-84d3-e65f6c8cc7c8-126708796380992","trial_id":117,"state":2,"values":null,"datetime_complete":"2026-07-24T01:51:01.281451"}
{"op_code":4,"worker_id":"547befa4-d3f5-426d-84d3-e65f6c8cc7c8-126708796380992","study_id":0,"datetime_start":"2026-07-24T01:51:01.283462"}
{"op_code":9,"worker_id":"547befa4-d3f5-426d-84d3-e65f6c8cc7c8-126708796380992","trial_id":118,"system_attr":{"tpe:relative_params:0":"{\"gx\": 1, \"gy\": 1, \"k\": 64, \"m\": 256, \"n\": 64, \"sub\": 64}"}}
{"op_code":5,"worker_id":"547befa4-d3f5-426d-84d3-e65f6c8cc7c8-126708796380992","trial_id":118,"param_name":"m","param_value_internal":4,"distribution":"{\"name\": \"CategoricalDistribution\", \"attributes\": {\"choices\": [16, 32, 64, 128, 256]}}"}
{"op_code":5,"worker_id":"547befa4-d3f5-426d-84d3-e65f6c8cc7c8-126708796380992","trial_id":118,"param_name":"n","param_value_internal":2,"distribution":"{\"name\": \"CategoricalDistribution\", \"attributes\": {\"choices\": [16, 32, 64, 128, 256]}}"}
{"op_code":5,"worker_id":"547befa4-d3f5-426d-84d3-e65f6c8cc7c8-126708796380992","trial_id":118,"param_name":"k","param_value_internal":2,"distribution":"{\"name\": \"CategoricalDistribution\", \"attributes\": {\"choices\": [16, 32, 64, 128]}}"}
{"op_code":5,"worker_id":"547befa4-d3f5-426d-84d3-e65f6c8cc7c8-126708796380992","trial_id":118,"param_name":"gx","param_value_internal":0,"distribution":"{\"name\": \"CategoricalDistribution\", \"attributes\": {\"choices\": [1, 2, 4, 8]}}"}
{"op_code":5,"worker_id":"547befa4-d3f5-426d-84d3-e65f6c8cc7c8-126708796380992","trial_id":118,"param_name":"gy","param_value_internal":0,"distribution":"{\"name\": \"CategoricalDistribution\", \"attributes\": {\"choices\": [1, 2, 4, 8]}}"}
{"op_code":5,"worker_id":"547befa4-d3f5-426d-84d3-e65f6c8cc7c8-126708796380992","trial_id":118,"param_name":"sub","param_value_internal":1,"distribution":"{\"name\": \"CategoricalDistribution\", \"attributes\": {\"choices\": [32, 64]}}"}
{"op_code":8,"worker_id":"547befa4-d3f5-426d-84d3-e65f6c8cc7c8-126708796380992","trial_id":118,"user_attr":{"token":"tsweep_t256x64k64g11s64"}}
{"op_code":4,"worker_id":"547befa4-d3f5-426d-84d3-e65f6c8cc7c8-126708796380992","study_id":0,"datetime_start":"2026-07-24T01:51:01.305216"}
{"op_code":9,"worker_id":"547befa4-d3f5-426d-84d3-e65f6c8cc7c8-126708796380992","trial_id":119,"system_attr":{"tpe:relative_params:0":"{\"gx\": 1, \"gy\": 1, \"k\": 128, \"m\": 16, \"n\": 64, \"sub\": 32}"}}
{"op_code":5,"worker_id":"547befa4-d3f5-426d-84d3-e65f6c8cc7c8-126708796380992","trial_id":119,"param_name":"m","param_value_internal":0,"distribution":"{\"name\": \"CategoricalDistribution\", \"attributes\": {\"choices\": [16, 32, 64, 128, 256]}}"}
{"op_code":5,"worker_id":"547befa4-d3f5-426d-84d3-e65f6c8cc7c8-126708796380992","trial_id":119,"param_name":"n","param_value_internal":2,"distribution":"{\"name\": \"CategoricalDistribution\", \"attributes\": {\"choices\": [16, 32, 64, 128, 256]}}"}
{"op_code":5,"worker_id":"547befa4-d3f5-426d-84d3-e65f6c8cc7c8-126708796380992","trial_id":119,"param_name":"k","param_value_internal":3,"distribution":"{\"name\": \"CategoricalDistribution\", \"attributes\": {\"choices\": [16, 32, 64, 128]}}"}
{"op_code":5,"worker_id":"547befa4-d3f5-426d-84d3-e65f6c8cc7c8-126708796380992","trial_id":119,"param_name":"gx","param_value_internal":0,"distribution":"{\"name\": \"CategoricalDistribution\", \"attributes\": {\"choices\": [1, 2, 4, 8]}}"}
{"op_code":5,"worker_id":"547befa4-d3f5-426d-84d3-e65f6c8cc7c8-126708796380992","trial_id":119,"param_name":"gy","param_value_internal":0,"distribution":"{\"name\": \"CategoricalDistribution\", \"attributes\": {\"choices\": [1, 2, 4, 8]}}"}
{"op_code":5,"worker_id":"547befa4-d3f5-426d-84d3-e65f6c8cc7c8-126708796380992","trial_id":119,"param_name":"sub","param_value_internal":0,"distribution":"{\"name\": \"CategoricalDistribution\", \"attributes\": {\"choices\": [32, 64]}}"}
{"op_code":6,"worker_id":"547befa4-d3f5-426d-84d3-e65f6c8cc7c8-126708796380992","trial_id":119,"state":2,"values":null,"datetime_complete":"2026-07-24T01:51:01.325164"}
{"op_code":4,"worker_id":"547befa4-d3f5-426d-84d3-e65f6c8cc7c8-126708796380992","study_id":0,"datetime_start":"2026-07-24T01:51:01.327427"}
{"op_code":9,"worker_id":"547befa4-d3f5-426d-84d3-e65f6c8cc7c8-126708796380992","trial_id":120,"system_attr":{"tpe:relative_params:0":"{\"gx\": 4, \"gy\": 2, \"k\": 64, \"m\": 16, \"n\": 16, \"sub\": 64}"}}
{"op_code":5,"worker_id":"547befa4-d3f5-426d-84d3-e65f6c8cc7c8-126708796380992","trial_id":120,"param_name":"m","param_value_internal":0,"distribution":"{\"name\": \"CategoricalDistribution\", \"attributes\": {\"choices\": [16, 32, 64, 128, 256]}}"}
{"op_code":5,"worker_id":"547befa4-d3f5-426d-84d3-e65f6c8cc7c8-126708796380992","trial_id":120,"param_name":"n","param_value_internal":0,"distribution":"{\"name\": \"CategoricalDistribution\", \"attributes\": {\"choices\": [16, 32, 64, 128, 256]}}"}
{"op_code":5,"worker_id":"547befa4-d3f5-426d-84d3-e65f6c8cc7c8-126708796380992","trial_id":120,"param_name":"k","param_value_internal":2,"distribution":"{\"name\": \"CategoricalDistribution\", \"attributes\": {\"choices\": [16, 32, 64, 128]}}"}
{"op_code":5,"worker_id":"547befa4-d3f5-426d-84d3-e65f6c8cc7c8-126708796380992","trial_id":120,"param_name":"gx","param_value_internal":2,"distribution":"{\"name\": \"CategoricalDistribution\", \"attributes\": {\"choices\": [1, 2, 4, 8]}}"}
{"op_code":5,"worker_id":"547befa4-d3f5-426d-84d3-e65f6c8cc7c8-126708796380992","trial_id":120,"param_name":"gy","param_value_internal":1,"distribution":"{\"name\": \"CategoricalDistribution\", \"attributes\": {\"choices\": [1, 2, 4, 8]}}"}
{"op_code":5,"worker_id":"547befa4-d3f5-426d-84d3-e65f6c8cc7c8-126708796380992","trial_id":120,"param_name":"sub","param_value_internal":1,"distribution":"{\"name\": \"CategoricalDistribution\", \"attributes\": {\"choices\": [32, 64]}}"}
{"op_code":6,"worker_id":"547befa4-d3f5-426d-84d3-e65f6c8cc7c8-126708796380992","trial_id":120,"state":2,"values":null,"datetime_complete":"2026-07-24T01:51:01.347441"}
{"op_code":4,"worker_id":"547befa4-d3f5-426d-84d3-e65f6c8cc7c8-126708796380992","study_id":0,"datetime_start":"2026-07-24T01:51:01.349269"}
{"op_code":9,"worker_id":"547befa4-d3f5-426d-84d3-e65f6c8cc7c8-126708796380992","trial_id":121,"system_attr":{"tpe:relative_params:0":"{\"gx\": 1, \"gy\": 1, \"k\": 64, \"m\": 32, \"n\": 32, \"sub\": 64}"}}
{"op_code":5,"worker_id":"547befa4-d3f5-426d-84d3-e65f6c8cc7c8-126708796380992","trial_id":121,"param_name":"m","param_value_internal":1,"distribution":"{\"name\": \"CategoricalDistribution\", \"attributes\": {\"choices\": [16, 32, 64, 128, 256]}}"}
{"op_code":5,"worker_id":"547befa4-d3f5-426d-84d3-e65f6c8cc7c8-126708796380992","trial_id":121,"param_name":"n","param_value_internal":1,"distribution":"{\"name\": \"CategoricalDistribution\", \"attributes\": {\"choices\": [16, 32, 64, 128, 256]}}"}
{"op_code":5,"worker_id":"547befa4-d3f5-426d-84d3-e65f6c8cc7c8-126708796380992","trial_id":121,"param_name":"k","param_value_internal":2,"distribution":"{\"name\": \"CategoricalDistribution\", \"attributes\": {\"choices\": [16, 32, 64, 128]}}"}
{"op_code":5,"worker_id":"547befa4-d3f5-426d-84d3-e65f6c8cc7c8-126708796380992","trial_id":121,"param_name":"gx","param_value_internal":0,"distribution":"{\"name\": \"CategoricalDistribution\", \"attributes\": {\"choices\": [1, 2, 4, 8]}}"}
{"op_code":5,"worker_id":"547befa4-d3f5-426d-84d3-e65f6c8cc7c8-126708796380992","trial_id":121,"param_name":"gy","param_value_internal":0,"distribution":"{\"name\": \"CategoricalDistribution\", \"attributes\": {\"choices\": [1, 2, 4, 8]}}"}
{"op_code":5,"worker_id":"547befa4-d3f5-426d-84d3-e65f6c8cc7c8-126708796380992","trial_id":121,"param_name":"sub","param_value_internal":1,"distribution":"{\"name\": \"CategoricalDistribution\", \"attributes\": {\"choices\": [32, 64]}}"}
{"op_code":8,"worker_id":"547befa4-d3f5-426d-84d3-e65f6c8cc7c8-126708796380992","trial_id":121,"user_attr":{"token":"tsweep_t32x32k64g11s64"}}
{"op_code":4,"worker_id":"547befa4-d3f5-426d-84d3-e65f6c8cc7c8-126708796380992","study_id":0,"datetime_start":"2026-07-24T01:51:01.369210"}
{"op_code":9,"worker_id":"547befa4-d3f5-426d-84d3-e65f6c8cc7c8-126708796380992","trial_id":122,"system_attr":{"tpe:relative_params:0":"{\"gx\": 2, \"gy\": 8, \"k\": 32, \"m\": 32, \"n\": 32, \"sub\": 32}"}}
{"op_code":5,"worker_id":"547befa4-d3f5-426d-84d3-e65f6c8cc7c8-126708796380992","trial_id":122,"param_name":"m","param_value_internal":1,"distribution":"{\"name\": \"CategoricalDistribution\", \"attributes\": {\"choices\": [16, 32, 64, 128, 256]}}"}
{"op_code":5,"worker_id":"547befa4-d3f5-426d-84d3-e65f6c8cc7c8-126708796380992","trial_id":122,"param_name":"n","param_value_internal":1,"distribution":"{\"name\": \"CategoricalDistribution\", \"attributes\": {\"choices\": [16, 32, 64, 128, 256]}}"}
{"op_code":5,"worker_id":"547befa4-d3f5-426d-84d3-e65f6c8cc7c8-126708796380992","trial_id":122,"param_name":"k","param_value_internal":1,"distribution":"{\"name\": \"CategoricalDistribution\", \"attributes\": {\"choices\": [16, 32, 64, 128]}}"}
{"op_code":5,"worker_id":"547befa4-d3f5-426d-84d3-e65f6c8cc7c8-126708796380992","trial_id":122,"param_name":"gx","param_value_internal":1,"distribution":"{\"name\": \"CategoricalDistribution\", \"attributes\": {\"choices\": [1, 2, 4, 8]}}"}
{"op_code":5,"worker_id":"547befa4-d3f5-426d-84d3-e65f6c8cc7c8-126708796380992","trial_id":122,"param_name":"gy","param_value_internal":3,"distribution":"{\"name\": \"CategoricalDistribution\", \"attributes\": {\"choices\": [1, 2, 4, 8]}}"}
{"op_code":5,"worker_id":"547befa4-d3f5-426d-84d3-e65f6c8cc7c8-126708796380992","trial_id":122,"param_name":"sub","param_value_internal":0,"distribution":"{\"name\": \"CategoricalDistribution\", \"attributes\": {\"choices\": [32, 64]}}"}
{"op_code":6,"worker_id":"547befa4-d3f5-426d-84d3-e65f6c8cc7c8-126708796380992","trial_id":122,"state":2,"values":null,"datetime_complete":"2026-07-24T01:51:01.392566"}
{"op_code":4,"worker_id":"547befa4-d3f5-426d-84d3-e65f6c8cc7c8-126708796380992","study_id":0,"datetime_start":"2026-07-24T01:51:01.394667"}
{"op_code":9,"worker_id":"547befa4-d3f5-426d-84d3-e65f6c8cc7c8-126708796380992","trial_id":123,"system_attr":{"tpe:relative_params:0":"{\"gx\": 4, \"gy\": 2, \"k\": 32, \"m\": 16, \"n\": 32, \"sub\": 32}"}}
{"op_code":5,"worker_id":"547befa4-d3f5-426d-84d3-e65f6c8cc7c8-126708796380992","trial_id":123,"param_name":"m","param_value_internal":0,"distribution":"{\"name\": \"CategoricalDistribution\", \"attributes\": {\"choices\": [16, 32, 64, 128, 256]}}"}
{"op_code":5,"worker_id":"547befa4-d3f5-426d-84d3-e65f6c8cc7c8-126708796380992","trial_id":123,"param_name":"n","param_value_internal":1,"distribution":"{\"name\": \"CategoricalDistribution\", \"attributes\": {\"choices\": [16, 32, 64, 128, 256]}}"}
{"op_code":5,"worker_id":"547befa4-d3f5-426d-84d3-e65f6c8cc7c8-126708796380992","trial_id":123,"param_name":"k","param_value_internal":1,"distribution":"{\"name\": \"CategoricalDistribution\", \"attributes\": {\"choices\": [16, 32, 64, 128]}}"}
{"op_code":5,"worker_id":"547befa4-d3f5-426d-84d3-e65f6c8cc7c8-126708796380992","trial_id":123,"param_name":"gx","param_value_internal":2,"distribution":"{\"name\": \"CategoricalDistribution\", \"attributes\": {\"choices\": [1, 2, 4, 8]}}"}
{"op_code":5,"worker_id":"547befa4-d3f5-426d-84d3-e65f6c8cc7c8-126708796380992","trial_id":123,"param_name":"gy","param_value_internal":1,"distribution":"{\"name\": \"CategoricalDistribution\", \"attributes\": {\"choices\": [1, 2, 4, 8]}}"}
{"op_code":5,"worker_id":"547befa4-d3f5-426d-84d3-e65f6c8cc7c8-126708796380992","trial_id":123,"param_name":"sub","param_value_internal":0,"distribution":"{\"name\": \"CategoricalDistribution\", \"attributes\": {\"choices\": [32, 64]}}"}
{"op_code":6,"worker_id":"547befa4-d3f5-426d-84d3-e65f6c8cc7c8-126708796380992","trial_id":123,"state":2,"values":null,"datetime_complete":"2026-07-24T01:51:01.414447"}
{"op_code":4,"worker_id":"547befa4-d3f5-426d-84d3-e65f6c8cc7c8-126708796380992","study_id":0,"datetime_start":"2026-07-24T01:51:01.416340"}
{"op_code":9,"worker_id":"547befa4-d3f5-426d-84d3-e65f6c8cc7c8-126708796380992","trial_id":124,"system_attr":{"tpe:relative_params:0":"{\"gx\": 1, \"gy\": 1, \"k\": 32, \"m\": 32, \"n\": 128, \"sub\": 32}"}}
{"op_code":5,"worker_id":"547befa4-d3f5-426d-84d3-e65f6c8cc7c8-126708796380992","trial_id":124,"param_name":"m","param_value_internal":1,"distribution":"{\"name\": \"CategoricalDistribution\", \"attributes\": {\"choices\": [16, 32, 64, 128, 256]}}"}
{"op_code":5,"worker_id":"547befa4-d3f5-426d-84d3-e65f6c8cc7c8-126708796380992","trial_id":124,"param_name":"n","param_value_internal":3,"distribution":"{\"name\": \"CategoricalDistribution\", \"attributes\": {\"choices\": [16, 32, 64, 128, 256]}}"}
{"op_code":5,"worker_id":"547befa4-d3f5-426d-84d3-e65f6c8cc7c8-126708796380992","trial_id":124,"param_name":"k","param_value_internal":1,"distribution":"{\"name\": \"CategoricalDistribution\", \"attributes\": {\"choices\": [16, 32, 64, 128]}}"}
{"op_code":5,"worker_id":"547befa4-d3f5-426d-84d3-e65f6c8cc7c8-126708796380992","trial_id":124,"param_name":"gx","param_value_internal":0,"distribution":"{\"name\": \"CategoricalDistribution\", \"attributes\": {\"choices\": [1, 2, 4, 8]}}"}
{"op_code":5,"worker_id":"547befa4-d3f5-426d-84d3-e65f6c8cc7c8-126708796380992","trial_id":124,"param_name":"gy","param_value_internal":0,"distribution":"{\"name\": \"CategoricalDistribution\", \"attributes\": {\"choices\": [1, 2, 4, 8]}}"}
{"op_code":5,"worker_id":"547befa4-d3f5-426d-84d3-e65f6c8cc7c8-126708796380992","trial_id":124,"param_name":"sub","param_value_internal":0,"distribution":"{\"name\": \"CategoricalDistribution\", \"attributes\": {\"choices\": [32, 64]}}"}
{"op_code":6,"worker_id":"547befa4-d3f5-426d-84d3-e65f6c8cc7c8-126708796380992","trial_id":124,"state":2,"values":null,"datetime_complete":"2026-07-24T01:51:01.435668"}
{"op_code":4,"worker_id":"547befa4-d3f5-426d-84d3-e65f6c8cc7c8-126708796380992","study_id":0,"datetime_start":"2026-07-24T01:51:01.437683"}
{"op_code":9,"worker_id":"547befa4-d3f5-426d-84d3-e65f6c8cc7c8-126708796380992","trial_id":125,"system_attr":{"tpe:relative_params:0":"{\"gx\": 8, \"gy\": 2, \"k\": 16, \"m\": 32, \"n\": 16, \"sub\": 32}"}}
{"op_code":5,"worker_id":"547befa4-d3f5-426d-84d3-e65f6c8cc7c8-126708796380992","trial_id":125,"param_name":"m","param_value_internal":1,"distribution":"{\"name\": \"CategoricalDistribution\", \"attributes\": {\"choices\": [16, 32, 64, 128, 256]}}"}
{"op_code":5,"worker_id":"547befa4-d3f5-426d-84d3-e65f6c8cc7c8-126708796380992","trial_id":125,"param_name":"n","param_value_internal":0,"distribution":"{\"name\": \"CategoricalDistribution\", \"attributes\": {\"choices\": [16, 32, 64, 128, 256]}}"}
{"op_code":5,"worker_id":"547befa4-d3f5-426d-84d3-e65f6c8cc7c8-126708796380992","trial_id":125,"param_name":"k","param_value_internal":0,"distribution":"{\"name\": \"CategoricalDistribution\", \"attributes\": {\"choices\": [16, 32, 64, 128]}}"}
{"op_code":5,"worker_id":"547befa4-d3f5-426d-84d3-e65f6c8cc7c8-126708796380992","trial_id":125,"param_name":"gx","param_value_internal":3,"distribution":"{\"name\": \"CategoricalDistribution\", \"attributes\": {\"choices\": [1, 2, 4, 8]}}"}
{"op_code":5,"worker_id":"547befa4-d3f5-426d-84d3-e65f6c8cc7c8-126708796380992","trial_id":125,"param_name":"gy","param_value_internal":1,"distribution":"{\"name\": \"CategoricalDistribution\", \"attributes\": {\"choices\": [1, 2, 4, 8]}}"}
{"op_code":5,"worker_id":"547befa4-d3f5-426d-84d3-e65f6c8cc7c8-126708796380992","trial_id":125,"param_name":"sub","param_value_internal":0,"distribution":"{\"name\": \"CategoricalDistribution\", \"attributes\": {\"choices\": [32, 64]}}"}
{"op_code":6,"worker_id":"547befa4-d3f5-426d-84d3-e65f6c8cc7c8-126708796380992","trial_id":125,"state":2,"values":null,"datetime_complete":"2026-07-24T01:51:01.460818"}
{"op_code":4,"worker_id":"547befa4-d3f5-426d-84d3-e65f6c8cc7c8-126708796380992","study_id":0,"datetime_start":"2026-07-24T01:51:01.463217"}
{"op_code":9,"worker_id":"547befa4-d3f5-426d-84d3-e65f6c8cc7c8-126708796380992","trial_id":126,"system_attr":{"tpe:relative_params:0":"{\"gx\": 8, \"gy\": 2, \"k\": 16, \"m\": 64, \"n\": 128, \"sub\": 32}"}}
{"op_code":5,"worker_id":"547befa4-d3f5-426d-84d3-e65f6c8cc7c8-126708796380992","trial_id":126,"param_name":"m","param_value_internal":2,"distribution":"{\"name\": \"CategoricalDistribution\", \"attributes\": {\"choices\": [16, 32, 64, 128, 256]}}"}
{"op_code":5,"worker_id":"547befa4-d3f5-426d-84d3-e65f6c8cc7c8-126708796380992","trial_id":126,"param_name":"n","param_value_internal":3,"distribution":"{\"name\": \"CategoricalDistribution\", \"attributes\": {\"choices\": [16, 32, 64, 128, 256]}}"}
{"op_code":5,"worker_id":"547befa4-d3f5-426d-84d3-e65f6c8cc7c8-126708796380992","trial_id":126,"param_name":"k","param_value_internal":0,"distribution":"{\"name\": \"CategoricalDistribution\", \"attributes\": {\"choices\": [16, 32, 64, 128]}}"}
{"op_code":5,"worker_id":"547befa4-d3f5-426d-84d3-e65f6c8cc7c8-126708796380992","trial_id":126,"param_name":"gx","param_value_internal":3,"distribution":"{\"name\": \"CategoricalDistribution\", \"attributes\": {\"choices\": [1, 2, 4, 8]}}"}
{"op_code":5,"worker_id":"547befa4-d3f5-426d-84d3-e65f6c8cc7c8-126708796380992","trial_id":126,"param_name":"gy","param_value_internal":1,"distribution":"{\"name\": \"CategoricalDistribution\", \"attributes\": {\"choices\": [1, 2, 4, 8]}}"}
{"op_code":5,"worker_id":"547befa4-d3f5-426d-84d3-e65f6c8cc7c8-126708796380992","trial_id":126,"param_name":"sub","param_value_internal":0,"distribution":"{\"name\": \"CategoricalDistribution\", \"attributes\": {\"choices\": [32, 64]}}"}
{"op_code":6,"worker_id":"547befa4-d3f5-426d-84d3-e65f6c8cc7c8-126708796380992","trial_id":126,"state":2,"values":null,"datetime_complete":"2026-07-24T01:51:01.484427"}
{"op_code":4,"worker_id":"547befa4-d3f5-426d-84d3-e65f6c8cc7c8-126708796380992","study_id":0,"datetime_start":"2026-07-24T01:51:01.486476"}
{"op_code":9,"worker_id":"547befa4-d3f5-426d-84d3-e65f6c8cc7c8-126708796380992","trial_id":127,"system_attr":{"tpe:relative_params:0":"{\"gx\": 1, \"gy\": 8, \"k\": 64, \"m\": 16, \"n\": 256, \"sub\": 32}"}}
{"op_code":5,"worker_id":"547befa4-d3f5-426d-84d3-e65f6c8cc7c8-126708796380992","trial_id":127,"param_name":"m","param_value_internal":0,"distribution":"{\"name\": \"CategoricalDistribution\", \"attributes\": {\"choices\": [16, 32, 64, 128, 256]}}"}
{"op_code":5,"worker_id":"547befa4-d3f5-426d-84d3-e65f6c8cc7c8-126708796380992","trial_id":127,"param_name":"n","param_value_internal":4,"distribution":"{\"name\": \"CategoricalDistribution\", \"attributes\": {\"choices\": [16, 32, 64, 128, 256]}}"}
{"op_code":5,"worker_id":"547befa4-d3f5-426d-84d3-e65f6c8cc7c8-126708796380992","trial_id":127,"param_name":"k","param_value_internal":2,"distribution":"{\"name\": \"CategoricalDistribution\", \"attributes\": {\"choices\": [16, 32, 64, 128]}}"}
{"op_code":5,"worker_id":"547befa4-d3f5-426d-84d3-e65f6c8cc7c8-126708796380992","trial_id":127,"param_name":"gx","param_value_internal":0,"distribution":"{\"name\": \"CategoricalDistribution\", \"attributes\": {\"choices\": [1, 2, 4, 8]}}"}
{"op_code":5,"worker_id":"547befa4-d3f5-426d-84d3-e65f6c8cc7c8-126708796380992","trial_id":127,"param_name":"gy","param_value_internal":3,"distribution":"{\"name\": \"CategoricalDistribution\", \"attributes\": {\"choices\": [1, 2, 4, 8]}}"}
{"op_code":5,"worker_id":"547befa4-d3f5-426d-84d3-e65f6c8cc7c8-126708796380992","trial_id":127,"param_name":"sub","param_value_internal":0,"distribution":"{\"name\": \"CategoricalDistribution\", \"attributes\": {\"choices\": [32, 64]}}"}
{"op_code":6,"worker_id":"547befa4-d3f5-426d-84d3-e65f6c8cc7c8-126708796380992","trial_id":127,"state":2,"values":null,"datetime_complete":"2026-07-24T01:51:01.504887"}
{"op_code":4,"worker_id":"547befa4-d3f5-426d-84d3-e65f6c8cc7c8-126708796380992","study_id":0,"datetime_start":"2026-07-24T01:51:01.506836"}
{"op_code":9,"worker_id":"547befa4-d3f5-426d-84d3-e65f6c8cc7c8-126708796380992","trial_id":128,"system_attr":{"tpe:relative_params:0":"{\"gx\": 8, \"gy\": 4, \"k\": 16, \"m\": 64, \"n\": 16, \"sub\": 32}"}}
{"op_code":5,"worker_id":"547befa4-d3f5-426d-84d3-e65f6c8cc7c8-126708796380992","trial_id":128,"param_name":"m","param_value_internal":2,"distribution":"{\"name\": \"CategoricalDistribution\", \"attributes\": {\"choices\": [16, 32, 64, 128, 256]}}"}
{"op_code":5,"worker_id":"547befa4-d3f5-426d-84d3-e65f6c8cc7c8-126708796380992","trial_id":128,"param_name":"n","param_value_internal":0,"distribution":"{\"name\": \"CategoricalDistribution\", \"attributes\": {\"choices\": [16, 32, 64, 128, 256]}}"}
{"op_code":5,"worker_id":"547befa4-d3f5-426d-84d3-e65f6c8cc7c8-126708796380992","trial_id":128,"param_name":"k","param_value_internal":0,"distribution":"{\"name\": \"CategoricalDistribution\", \"attributes\": {\"choices\": [16, 32, 64, 128]}}"}
{"op_code":5,"worker_id":"547befa4-d3f5-426d-84d3-e65f6c8cc7c8-126708796380992","trial_id":128,"param_name":"gx","param_value_internal":3,"distribution":"{\"name\": \"CategoricalDistribution\", \"attributes\": {\"choices\": [1, 2, 4, 8]}}"}
{"op_code":5,"worker_id":"547befa4-d3f5-426d-84d3-e65f6c8cc7c8-126708796380992","trial_id":128,"param_name":"gy","param_value_internal":2,"distribution":"{\"name\": \"CategoricalDistribution\", \"attributes\": {\"choices\": [1, 2, 4, 8]}}"}
{"op_code":5,"worker_id":"547befa4-d3f5-426d-84d3-e65f6c8cc7c8-126708796380992","trial_id":128,"param_name":"sub","param_value_internal":0,"distribution":"{\"name\": \"CategoricalDistribution\", \"attributes\": {\"choices\": [32, 64]}}"}
{"op_code":6,"worker_id":"547befa4-d3f5-426d-84d3-e65f6c8cc7c8-126708796380992","trial_id":128,"state":2,"values":null,"datetime_complete":"2026-07-24T01:51:01.524420"}
{"op_code":4,"worker_id":"547befa4-d3f5-426d-84d3-e65f6c8cc7c8-126708796380992","study_id":0,"datetime_start":"2026-07-24T01:51:01.526217"}
{"op_code":9,"worker_id":"547befa4-d3f5-426d-84d3-e65f6c8cc7c8-126708796380992","trial_id":129,"system_attr":{"tpe:relative_params:0":"{\"gx\": 1, \"gy\": 4, \"k\": 128, \"m\": 128, \"n\": 32, \"sub\": 64}"}}
{"op_code":5,"worker_id":"547befa4-d3f5-426d-84d3-e65f6c8cc7c8-126708796380992","trial_id":129,"param_name":"m","param_value_internal":3,"distribution":"{\"name\": \"CategoricalDistribution\", \"attributes\": {\"choices\": [16, 32, 64, 128, 256]}}"}
{"op_code":5,"worker_id":"547befa4-d3f5-426d-84d3-e65f6c8cc7c8-126708796380992","trial_id":129,"param_name":"n","param_value_internal":1,"distribution":"{\"name\": \"CategoricalDistribution\", \"attributes\": {\"choices\": [16, 32, 64, 128, 256]}}"}
{"op_code":5,"worker_id":"547befa4-d3f5-426d-84d3-e65f6c8cc7c8-126708796380992","trial_id":129,"param_name":"k","param_value_internal":3,"distribution":"{\"name\": \"CategoricalDistribution\", \"attributes\": {\"choices\": [16, 32, 64, 128]}}"}
{"op_code":5,"worker_id":"547befa4-d3f5-426d-84d3-e65f6c8cc7c8-126708796380992","trial_id":129,"param_name":"gx","param_value_internal":0,"distribution":"{\"name\": \"CategoricalDistribution\", \"attributes\": {\"choices\": [1, 2, 4, 8]}}"}
{"op_code":5,"worker_id":"547befa4-d3f5-426d-84d3-e65f6c8cc7c8-126708796380992","trial_id":129,"param_name":"gy","param_value_internal":2,"distribution":"{\"name\": \"CategoricalDistribution\", \"attributes\": {\"choices\": [1, 2, 4, 8]}}"}
{"op_code":5,"worker_id":"547befa4-d3f5-426d-84d3-e65f6c8cc7c8-126708796380992","trial_id":129,"param_name":"sub","param_value_internal":1,"distribution":"{\"name\": \"CategoricalDistribution\", \"attributes\": {\"choices\": [32, 64]}}"}
{"op_code":8,"worker_id":"547befa4-d3f5-426d-84d3-e65f6c8cc7c8-126708796380992","trial_id":129,"user_attr":{"token":"tsweep_t128x32k128g14s64"}}
{"op_code":4,"worker_id":"547befa4-d3f5-426d-84d3-e65f6c8cc7c8-126708796380992","study_id":0,"datetime_start":"2026-07-24T01:51:01.549190"}
{"op_code":9,"worker_id":"547befa4-d3f5-426d-84d3-e65f6c8cc7c8-126708796380992","trial_id":130,"system_attr":{"tpe:relative_params:0":"{\"gx\": 4, \"gy\": 2, \"k\": 32, \"m\": 32, \"n\": 16, \"sub\": 32}"}}
{"op_code":5,"worker_id":"547befa4-d3f5-426d-84d3-e65f6c8cc7c8-126708796380992","trial_id":130,"param_name":"m","param_value_internal":1,"distribution":"{\"name\": \"CategoricalDistribution\", \"attributes\": {\"choices\": [16, 32, 64, 128, 256]}}"}
{"op_code":5,"worker_id":"547befa4-d3f5-426d-84d3-e65f6c8cc7c8-126708796380992","trial_id":130,"param_name":"n","param_value_internal":0,"distribution":"{\"name\": \"CategoricalDistribution\", \"attributes\": {\"choices\": [16, 32, 64, 128, 256]}}"}
{"op_code":5,"worker_id":"547befa4-d3f5-426d-84d3-e65f6c8cc7c8-126708796380992","trial_id":130,"param_name":"k","param_value_internal":1,"distribution":"{\"name\": \"CategoricalDistribution\", \"attributes\": {\"choices\": [16, 32, 64, 128]}}"}
{"op_code":5,"worker_id":"547befa4-d3f5-426d-84d3-e65f6c8cc7c8-126708796380992","trial_id":130,"param_name":"gx","param_value_internal":2,"distribution":"{\"name\": \"CategoricalDistribution\", \"attributes\": {\"choices\": [1, 2, 4, 8]}}"}
{"op_code":5,"worker_id":"547befa4-d3f5-426d-84d3-e65f6c8cc7c8-126708796380992","trial_id":130,"param_name":"gy","param_value_internal":1,"distribution":"{\"name\": \"CategoricalDistribution\", \"attributes\": {\"choices\": [1, 2, 4, 8]}}"}
{"op_code":5,"worker_id":"547befa4-d3f5-426d-84d3-e65f6c8cc7c8-126708796380992","trial_id":130,"param_name":"sub","param_value_internal":0,"distribution":"{\"name\": \"CategoricalDistribution\", \"attributes\": {\"choices\": [32, 64]}}"}
{"op_code":6,"worker_id":"547befa4-d3f5-426d-84d3-e65f6c8cc7c8-126708796380992","trial_id":130,"state":2,"values":null,"datetime_complete":"2026-07-24T01:51:01.570821"}
{"op_code":4,"worker_id":"547befa4-d3f5-426d-84d3-e65f6c8cc7c8-126708796380992","study_id":0,"datetime_start":"2026-07-24T01:51:01.572915"}
{"op_code":9,"worker_id":"547befa4-d3f5-426d-84d3-e65f6c8cc7c8-126708796380992","trial_id":131,"system_attr":{"tpe:relative_params:0":"{\"gx\": 8, \"gy\": 1, \"k\": 64, \"m\": 16, \"n\": 16, \"sub\": 32}"}}
{"op_code":5,"worker_id":"547befa4-d3f5-426d-84d3-e65f6c8cc7c8-126708796380992","trial_id":131,"param_name":"m","param_value_internal":0,"distribution":"{\"name\": \"CategoricalDistribution\", \"attributes\": {\"choices\": [16, 32, 64, 128, 256]}}"}
{"op_code":5,"worker_id":"547befa4-d3f5-426d-84d3-e65f6c8cc7c8-126708796380992","trial_id":131,"param_name":"n","param_value_internal":0,"distribution":"{\"name\": \"CategoricalDistribution\", \"attributes\": {\"choices\": [16, 32, 64, 128, 256]}}"}
{"op_code":5,"worker_id":"547befa4-d3f5-426d-84d3-e65f6c8cc7c8-126708796380992","trial_id":131,"param_name":"k","param_value_internal":2,"distribution":"{\"name\": \"CategoricalDistribution\", \"attributes\": {\"choices\": [16, 32, 64, 128]}}"}
{"op_code":5,"worker_id":"547befa4-d3f5-426d-84d3-e65f6c8cc7c8-126708796380992","trial_id":131,"param_name":"gx","param_value_internal":3,"distribution":"{\"name\": \"CategoricalDistribution\", \"attributes\": {\"choices\": [1, 2, 4, 8]}}"}
{"op_code":5,"worker_id":"547befa4-d3f5-426d-84d3-e65f6c8cc7c8-126708796380992","trial_id":131,"param_name":"gy","param_value_internal":0,"distribution":"{\"name\": \"CategoricalDistribution\", \"attributes\": {\"choices\": [1, 2, 4, 8]}}"}
{"op_code":5,"worker_id":"547befa4-d3f5-426d-84d3-e65f6c8cc7c8-126708796380992","trial_id":131,"param_name":"sub","param_value_internal":0,"distribution":"{\"name\": \"CategoricalDistribution\", \"attributes\": {\"choices\": [32, 64]}}"}
{"op_code":6,"worker_id":"547befa4-d3f5-426d-84d3-e65f6c8cc7c8-126708796380992","trial_id":131,"state":2,"values":null,"datetime_complete":"2026-07-24T01:51:01.593991"}
{"op_code":4,"worker_id":"547befa4-d3f5-426d-84d3-e65f6c8cc7c8-126708796380992","study_id":0,"datetime_start":"2026-07-24T01:51:01.595934"}
{"op_code":9,"worker_id":"547befa4-d3f5-426d-84d3-e65f6c8cc7c8-126708796380992","trial_id":132,"system_attr":{"tpe:relative_params:0":"{\"gx\": 4, \"gy\": 2, \"k\": 16, \"m\": 64, \"n\": 256, \"sub\": 32}"}}
{"op_code":5,"worker_id":"547befa4-d3f5-426d-84d3-e65f6c8cc7c8-126708796380992","trial_id":132,"param_name":"m","param_value_internal":2,"distribution":"{\"name\": \"CategoricalDistribution\", \"attributes\": {\"choices\": [16, 32, 64, 128, 256]}}"}
{"op_code":5,"worker_id":"547befa4-d3f5-426d-84d3-e65f6c8cc7c8-126708796380992","trial_id":132,"param_name":"n","param_value_internal":4,"distribution":"{\"name\": \"CategoricalDistribution\", \"attributes\": {\"choices\": [16, 32, 64, 128, 256]}}"}
{"op_code":5,"worker_id":"547befa4-d3f5-426d-84d3-e65f6c8cc7c8-126708796380992","trial_id":132,"param_name":"k","param_value_internal":0,"distribution":"{\"name\": \"CategoricalDistribution\", \"attributes\": {\"choices\": [16, 32, 64, 128]}}"}
{"op_code":5,"worker_id":"547befa4-d3f5-426d-84d3-e65f6c8cc7c8-126708796380992","trial_id":132,"param_name":"gx","param_value_internal":2,"distribution":"{\"name\": \"CategoricalDistribution\", \"attributes\": {\"choices\": [1, 2, 4, 8]}}"}
{"op_code":5,"worker_id":"547befa4-d3f5-426d-84d3-e65f6c8cc7c8-126708796380992","trial_id":132,"param_name":"gy","param_value_internal":1,"distribution":"{\"name\": \"CategoricalDistribution\", \"attributes\": {\"choices\": [1, 2, 4, 8]}}"}
{"op_code":5,"worker_id":"547befa4-d3f5-426d-84d3-e65f6c8cc7c8-126708796380992","trial_id":132,"param_name":"sub","param_value_internal":0,"distribution":"{\"name\": \"CategoricalDistribution\", \"attributes\": {\"choices\": [32, 64]}}"}
{"op_code":6,"worker_id":"547befa4-d3f5-426d-84d3-e65f6c8cc7c8-126708796380992","trial_id":132,"state":2,"values":null,"datetime_complete":"2026-07-24T01:51:01.618567"}
{"op_code":4,"worker_id":"547befa4-d3f5-426d-84d3-e65f6c8cc7c8-126708796380992","study_id":0,"datetime_start":"2026-07-24T01:51:01.620581"}
{"op_code":9,"worker_id":"547befa4-d3f5-426d-84d3-e65f6c8cc7c8-126708796380992","trial_id":133,"system_attr":{"tpe:relative_params:0":"{\"gx\": 1, \"gy\": 2, \"k\": 64, \"m\": 16, \"n\": 32, \"sub\": 64}"}}
{"op_code":5,"worker_id":"547befa4-d3f5-426d-84d3-e65f6c8cc7c8-126708796380992","trial_id":133,"param_name":"m","param_value_internal":0,"distribution":"{\"name\": \"CategoricalDistribution\", \"attributes\": {\"choices\": [16, 32, 64, 128, 256]}}"}
{"op_code":5,"worker_id":"547befa4-d3f5-426d-84d3-e65f6c8cc7c8-126708796380992","trial_id":133,"param_name":"n","param_value_internal":1,"distribution":"{\"name\": \"CategoricalDistribution\", \"attributes\": {\"choices\": [16, 32, 64, 128, 256]}}"}
{"op_code":5,"worker_id":"547befa4-d3f5-426d-84d3-e65f6c8cc7c8-126708796380992","trial_id":133,"param_name":"k","param_value_internal":2,"distribution":"{\"name\": \"CategoricalDistribution\", \"attributes\": {\"choices\": [16, 32, 64, 128]}}"}
{"op_code":5,"worker_id":"547befa4-d3f5-426d-84d3-e65f6c8cc7c8-126708796380992","trial_id":133,"param_name":"gx","param_value_internal":0,"distribution":"{\"name\": \"CategoricalDistribution\", \"attributes\": {\"choices\": [1, 2, 4, 8]}}"}
{"op_code":5,"worker_id":"547befa4-d3f5-426d-84d3-e65f6c8cc7c8-126708796380992","trial_id":133,"param_name":"gy","param_value_internal":1,"distribution":"{\"name\": \"CategoricalDistribution\", \"attributes\": {\"choices\": [1, 2, 4, 8]}}"}
{"op_code":5,"worker_id":"547befa4-d3f5-426d-84d3-e65f6c8cc7c8-126708796380992","trial_id":133,"param_name":"sub","param_value_internal":1,"distribution":"{\"name\": \"CategoricalDistribution\", \"attributes\": {\"choices\": [32, 64]}}"}
{"op_code":6,"worker_id":"547befa4-d3f5-426d-84d3-e65f6c8cc7c8-126708796380992","trial_id":133,"state":2,"values":null,"datetime_complete":"2026-07-24T01:51:01.640787"}
{"op_code":4,"worker_id":"547befa4-d3f5-426d-84d3-e65f6c8cc7c8-126708796380992","study_id":0,"datetime_start":"2026-07-24T01:51:01.642628"}
{"op_code":9,"worker_id":"547befa4-d3f5-426d-84d3-e65f6c8cc7c8-126708796380992","trial_id":134,"system_attr":{"tpe:relative_params:0":"{\"gx\": 1, \"gy\": 8, \"k\": 64, \"m\": 128, \"n\": 32, \"sub\": 32}"}}
{"op_code":5,"worker_id":"547befa4-d3f5-426d-84d3-e65f6c8cc7c8-126708796380992","trial_id":134,"param_name":"m","param_value_internal":3,"distribution":"{\"name\": \"CategoricalDistribution\", \"attributes\": {\"choices\": [16, 32, 64, 128, 256]}}"}
{"op_code":5,"worker_id":"547befa4-d3f5-426d-84d3-e65f6c8cc7c8-126708796380992","trial_id":134,"param_name":"n","param_value_internal":1,"distribution":"{\"name\": \"CategoricalDistribution\", \"attributes\": {\"choices\": [16, 32, 64, 128, 256]}}"}
{"op_code":5,"worker_id":"547befa4-d3f5-426d-84d3-e65f6c8cc7c8-126708796380992","trial_id":134,"param_name":"k","param_value_internal":2,"distribution":"{\"name\": \"CategoricalDistribution\", \"attributes\": {\"choices\": [16, 32, 64, 128]}}"}
{"op_code":5,"worker_id":"547befa4-d3f5-426d-84d3-e65f6c8cc7c8-126708796380992","trial_id":134,"param_name":"gx","param_value_internal":0,"distribution":"{\"name\": \"CategoricalDistribution\", \"attributes\": {\"choices\": [1, 2, 4, 8]}}"}
{"op_code":5,"worker_id":"547befa4-d3f5-426d-84d3-e65f6c8cc7c8-126708796380992","trial_id":134,"param_name":"gy","param_value_internal":3,"distribution":"{\"name\": \"CategoricalDistribution\", \"attributes\": {\"choices\": [1, 2, 4, 8]}}"}
{"op_code":5,"worker_id":"547befa4-d3f5-426d-84d3-e65f6c8cc7c8-126708796380992","trial_id":134,"param_name":"sub","param_value_internal":0,"distribution":"{\"name\": \"CategoricalDistribution\", \"attributes\": {\"choices\": [32, 64]}}"}
{"op_code":6,"worker_id":"547befa4-d3f5-426d-84d3-e65f6c8cc7c8-126708796380992","trial_id":134,"state":2,"values":null,"datetime_complete":"2026-07-24T01:51:01.661648"}
{"op_code":4,"worker_id":"547befa4-d3f5-426d-84d3-e65f6c8cc7c8-126708796380992","study_id":0,"datetime_start":"2026-07-24T01:51:01.663448"}
{"op_code":9,"worker_id":"547befa4-d3f5-426d-84d3-e65f6c8cc7c8-126708796380992","trial_id":135,"system_attr":{"tpe:relative_params:0":"{\"gx\": 1, \"gy\": 8, \"k\": 128, \"m\": 64, \"n\": 64, \"sub\": 32}"}}
{"op_code":5,"worker_id":"547befa4-d3f5-426d-84d3-e65f6c8cc7c8-126708796380992","trial_id":135,"param_name":"m","param_value_internal":2,"distribution":"{\"name\": \"CategoricalDistribution\", \"attributes\": {\"choices\": [16, 32, 64, 128, 256]}}"}
{"op_code":5,"worker_id":"547befa4-d3f5-426d-84d3-e65f6c8cc7c8-126708796380992","trial_id":135,"param_name":"n","param_value_internal":2,"distribution":"{\"name\": \"CategoricalDistribution\", \"attributes\": {\"choices\": [16, 32, 64, 128, 256]}}"}
{"op_code":5,"worker_id":"547befa4-d3f5-426d-84d3-e65f6c8cc7c8-126708796380992","trial_id":135,"param_name":"k","param_value_internal":3,"distribution":"{\"name\": \"CategoricalDistribution\", \"attributes\": {\"choices\": [16, 32, 64, 128]}}"}
{"op_code":5,"worker_id":"547befa4-d3f5-426d-84d3-e65f6c8cc7c8-126708796380992","trial_id":135,"param_name":"gx","param_value_internal":0,"distribution":"{\"name\": \"CategoricalDistribution\", \"attributes\": {\"choices\": [1, 2, 4, 8]}}"}
{"op_code":5,"worker_id":"547befa4-d3f5-426d-84d3-e65f6c8cc7c8-126708796380992","trial_id":135,"param_name":"gy","param_value_internal":3,"distribution":"{\"name\": \"CategoricalDistribution\", \"attributes\": {\"choices\": [1, 2, 4, 8]}}"}
{"op_code":5,"worker_id":"547befa4-d3f5-426d-84d3-e65f6c8cc7c8-126708796380992","trial_id":135,"param_name":"sub","param_value_internal":0,"distribution":"{\"name\": \"CategoricalDistribution\", \"attributes\": {\"choices\": [32, 64]}}"}
{"op_code":6,"worker_id":"547befa4-d3f5-426d-84d3-e65f6c8cc7c8-126708796380992","trial_id":135,"state":2,"values":null,"datetime_complete":"2026-07-24T01:51:01.684756"}
{"op_code":4,"worker_id":"547befa4-d3f5-426d-84d3-e65f6c8cc7c8-126708796380992","study_id":0,"datetime_start":"2026-07-24T01:51:01.686868"}
{"op_code":9,"worker_id":"547befa4-d3f5-426d-84d3-e65f6c8cc7c8-126708796380992","trial_id":136,"system_attr":{"tpe:relative_params:0":"{\"gx\": 4, \"gy\": 1, \"k\": 32, \"m\": 128, \"n\": 64, \"sub\": 32}"}}
{"op_code":5,"worker_id":"547befa4-d3f5-426d-84d3-e65f6c8cc7c8-126708796380992","trial_id":136,"param_name":"m","param_value_internal":3,"distribution":"{\"name\": \"CategoricalDistribution\", \"attributes\": {\"choices\": [16, 32, 64, 128, 256]}}"}
{"op_code":5,"worker_id":"547befa4-d3f5-426d-84d3-e65f6c8cc7c8-126708796380992","trial_id":136,"param_name":"n","param_value_internal":2,"distribution":"{\"name\": \"CategoricalDistribution\", \"attributes\": {\"choices\": [16, 32, 64, 128, 256]}}"}
{"op_code":5,"worker_id":"547befa4-d3f5-426d-84d3-e65f6c8cc7c8-126708796380992","trial_id":136,"param_name":"k","param_value_internal":1,"distribution":"{\"name\": \"CategoricalDistribution\", \"attributes\": {\"choices\": [16, 32, 64, 128]}}"}
{"op_code":5,"worker_id":"547befa4-d3f5-426d-84d3-e65f6c8cc7c8-126708796380992","trial_id":136,"param_name":"gx","param_value_internal":2,"distribution":"{\"name\": \"CategoricalDistribution\", \"attributes\": {\"choices\": [1, 2, 4, 8]}}"}
{"op_code":5,"worker_id":"547befa4-d3f5-426d-84d3-e65f6c8cc7c8-126708796380992","trial_id":136,"param_name":"gy","param_value_internal":0,"distribution":"{\"name\": \"CategoricalDistribution\", \"attributes\": {\"choices\": [1, 2, 4, 8]}}"}
{"op_code":5,"worker_id":"547befa4-d3f5-426d-84d3-e65f6c8cc7c8-126708796380992","trial_id":136,"param_name":"sub","param_value_internal":0,"distribution":"{\"name\": \"CategoricalDistribution\", \"attributes\": {\"choices\": [32, 64]}}"}
{"op_code":6,"worker_id":"547befa4-d3f5-426d-84d3-e65f6c8cc7c8-126708796380992","trial_id":136,"state":2,"values":null,"datetime_complete":"2026-07-24T01:51:01.706601"}
{"op_code":4,"worker_id":"547befa4-d3f5-426d-84d3-e65f6c8cc7c8-126708796380992","study_id":0,"datetime_start":"2026-07-24T01:51:01.709404"}
{"op_code":9,"worker_id":"547befa4-d3f5-426d-84d3-e65f6c8cc7c8-126708796380992","trial_id":137,"system_attr":{"tpe:relative_params:0":"{\"gx\": 1, \"gy\": 1, \"k\": 32, \"m\": 128, \"n\": 64, \"sub\": 32}"}}
{"op_code":5,"worker_id":"547befa4-d3f5-426d-84d3-e65f6c8cc7c8-126708796380992","trial_id":137,"param_name":"m","param_value_internal":3,"distribution":"{\"name\": \"CategoricalDistribution\", \"attributes\": {\"choices\": [16, 32, 64, 128, 256]}}"}
{"op_code":5,"worker_id":"547befa4-d3f5-426d-84d3-e65f6c8cc7c8-126708796380992","trial_id":137,"param_name":"n","param_value_internal":2,"distribution":"{\"name\": \"CategoricalDistribution\", \"attributes\": {\"choices\": [16, 32, 64, 128, 256]}}"}
{"op_code":5,"worker_id":"547befa4-d3f5-426d-84d3-e65f6c8cc7c8-126708796380992","trial_id":137,"param_name":"k","param_value_internal":1,"distribution":"{\"name\": \"CategoricalDistribution\", \"attributes\": {\"choices\": [16, 32, 64, 128]}}"}
{"op_code":5,"worker_id":"547befa4-d3f5-426d-84d3-e65f6c8cc7c8-126708796380992","trial_id":137,"param_name":"gx","param_value_internal":0,"distribution":"{\"name\": \"CategoricalDistribution\", \"attributes\": {\"choices\": [1, 2, 4, 8]}}"}
{"op_code":5,"worker_id":"547befa4-d3f5-426d-84d3-e65f6c8cc7c8-126708796380992","trial_id":137,"param_name":"gy","param_value_internal":0,"distribution":"{\"name\": \"CategoricalDistribution\", \"attributes\": {\"choices\": [1, 2, 4, 8]}}"}
{"op_code":5,"worker_id":"547befa4-d3f5-426d-84d3-e65f6c8cc7c8-126708796380992","trial_id":137,"param_name":"sub","param_value_internal":0,"distribution":"{\"name\": \"CategoricalDistribution\", \"attributes\": {\"choices\": [32, 64]}}"}
{"op_code":6,"worker_id":"547befa4-d3f5-426d-84d3-e65f6c8cc7c8-126708796380992","trial_id":137,"state":2,"values":null,"datetime_complete":"2026-07-24T01:51:01.735568"}
{"op_code":4,"worker_id":"547befa4-d3f5-426d-84d3-e65f6c8cc7c8-126708796380992","study_id":0,"datetime_start":"2026-07-24T01:51:01.738561"}
{"op_code":9,"worker_id":"547befa4-d3f5-426d-84d3-e65f6c8cc7c8-126708796380992","trial_id":138,"system_attr":{"tpe:relative_params:0":"{\"gx\": 4, \"gy\": 1, \"k\": 32, \"m\": 64, \"n\": 32, \"sub\": 32}"}}
{"op_code":5,"worker_id":"547befa4-d3f5-426d-84d3-e65f6c8cc7c8-126708796380992","trial_id":138,"param_name":"m","param_value_internal":2,"distribution":"{\"name\": \"CategoricalDistribution\", \"attributes\": {\"choices\": [16, 32, 64, 128, 256]}}"}
{"op_code":5,"worker_id":"547befa4-d3f5-426d-84d3-e65f6c8cc7c8-126708796380992","trial_id":138,"param_name":"n","param_value_internal":1,"distribution":"{\"name\": \"CategoricalDistribution\", \"attributes\": {\"choices\": [16, 32, 64, 128, 256]}}"}
{"op_code":5,"worker_id":"547befa4-d3f5-426d-84d3-e65f6c8cc7c8-126708796380992","trial_id":138,"param_name":"k","param_value_internal":1,"distribution":"{\"name\": \"CategoricalDistribution\", \"attributes\": {\"choices\": [16, 32, 64, 128]}}"}
{"op_code":5,"worker_id":"547befa4-d3f5-426d-84d3-e65f6c8cc7c8-126708796380992","trial_id":138,"param_name":"gx","param_value_internal":2,"distribution":"{\"name\": \"CategoricalDistribution\", \"attributes\": {\"choices\": [1, 2, 4, 8]}}"}
{"op_code":5,"worker_id":"547befa4-d3f5-426d-84d3-e65f6c8cc7c8-126708796380992","trial_id":138,"param_name":"gy","param_value_internal":0,"distribution":"{\"name\": \"CategoricalDistribution\", \"attributes\": {\"choices\": [1, 2, 4, 8]}}"}
{"op_code":5,"worker_id":"547befa4-d3f5-426d-84d3-e65f6c8cc7c8-126708796380992","trial_id":138,"param_name":"sub","param_value_internal":0,"distribution":"{\"name\": \"CategoricalDistribution\", \"attributes\": {\"choices\": [32, 64]}}"}
{"op_code":6,"worker_id":"547befa4-d3f5-426d-84d3-e65f6c8cc7c8-126708796380992","trial_id":138,"state":2,"values":null,"datetime_complete":"2026-07-24T01:51:01.763679"}
{"op_code":4,"worker_id":"547befa4-d3f5-426d-84d3-e65f6c8cc7c8-126708796380992","study_id":0,"datetime_start":"2026-07-24T01:51:01.765794"}
{"op_code":9,"worker_id":"547befa4-d3f5-426d-84d3-e65f6c8cc7c8-126708796380992","trial_id":139,"system_attr":{"tpe:relative_params:0":"{\"gx\": 8, \"gy\": 8, \"k\": 16, \"m\": 128, \"n\": 128, \"sub\": 32}"}}
{"op_code":5,"worker_id":"547befa4-d3f5-426d-84d3-e65f6c8cc7c8-126708796380992","trial_id":139,"param_name":"m","param_value_internal":3,"distribution":"{\"name\": \"CategoricalDistribution\", \"attributes\": {\"choices\": [16, 32, 64, 128, 256]}}"}
{"op_code":5,"worker_id":"547befa4-d3f5-426d-84d3-e65f6c8cc7c8-126708796380992","trial_id":139,"param_name":"n","param_value_internal":3,"distribution":"{\"name\": \"CategoricalDistribution\", \"attributes\": {\"choices\": [16, 32, 64, 128, 256]}}"}
{"op_code":5,"worker_id":"547befa4-d3f5-426d-84d3-e65f6c8cc7c8-126708796380992","trial_id":139,"param_name":"k","param_value_internal":0,"distribution":"{\"name\": \"CategoricalDistribution\", \"attributes\": {\"choices\": [16, 32, 64, 128]}}"}
{"op_code":5,"worker_id":"547befa4-d3f5-426d-84d3-e65f6c8cc7c8-126708796380992","trial_id":139,"param_name":"gx","param_value_internal":3,"distribution":"{\"name\": \"CategoricalDistribution\", \"attributes\": {\"choices\": [1, 2, 4, 8]}}"}
{"op_code":5,"worker_id":"547befa4-d3f5-426d-84d3-e65f6c8cc7c8-126708796380992","trial_id":139,"param_name":"gy","param_value_internal":3,"distribution":"{\"name\": \"CategoricalDistribution\", \"attributes\": {\"choices\": [1, 2, 4, 8]}}"}
{"op_code":5,"worker_id":"547befa4-d3f5-426d-84d3-e65f6c8cc7c8-126708796380992","trial_id":139,"param_name":"sub","param_value_internal":0,"distribution":"{\"name\": \"CategoricalDistribution\", \"attributes\": {\"choices\": [32, 64]}}"}
{"op_code":6,"worker_id":"547befa4-d3f5-426d-84d3-e65f6c8cc7c8-126708796380992","trial_id":139,"state":2,"values":null,"datetime_complete":"2026-07-24T01:51:01.786666"}
{"op_code":4,"worker_id":"547befa4-d3f5-426d-84d3-e65f6c8cc7c8-126708796380992","study_id":0,"datetime_start":"2026-07-24T01:51:01.788600"}
{"op_code":9,"worker_id":"547befa4-d3f5-426d-84d3-e65f6c8cc7c8-126708796380992","trial_id":140,"system_attr":{"tpe:relative_params:0":"{\"gx\": 8, \"gy\": 2, \"k\": 16, \"m\": 64, \"n\": 256, \"sub\": 64}"}}
{"op_code":5,"worker_id":"547befa4-d3f5-426d-84d3-e65f6c8cc7c8-126708796380992","trial_id":140,"param_name":"m","param_value_internal":2,"distribution":"{\"name\": \"CategoricalDistribution\", \"attributes\": {\"choices\": [16, 32, 64, 128, 256]}}"}
{"op_code":5,"worker_id":"547befa4-d3f5-426d-84d3-e65f6c8cc7c8-126708796380992","trial_id":140,"param_name":"n","param_value_internal":4,"distribution":"{\"name\": \"CategoricalDistribution\", \"attributes\": {\"choices\": [16, 32, 64, 128, 256]}}"}
{"op_code":5,"worker_id":"547befa4-d3f5-426d-84d3-e65f6c8cc7c8-126708796380992","trial_id":140,"param_name":"k","param_value_internal":0,"distribution":"{\"name\": \"CategoricalDistribution\", \"attributes\": {\"choices\": [16, 32, 64, 128]}}"}
{"op_code":5,"worker_id":"547befa4-d3f5-426d-84d3-e65f6c8cc7c8-126708796380992","trial_id":140,"param_name":"gx","param_value_internal":3,"distribution":"{\"name\": \"CategoricalDistribution\", \"attributes\": {\"choices\": [1, 2, 4, 8]}}"}
{"op_code":5,"worker_id":"547befa4-d3f5-426d-84d3-e65f6c8cc7c8-126708796380992","trial_id":140,"param_name":"gy","param_value_internal":1,"distribution":"{\"name\": \"CategoricalDistribution\", \"attributes\": {\"choices\": [1, 2, 4, 8]}}"}
{"op_code":5,"worker_id":"547befa4-d3f5-426d-84d3-e65f6c8cc7c8-126708796380992","trial_id":140,"param_name":"sub","param_value_internal":1,"distribution":"{\"name\": \"CategoricalDistribution\", \"attributes\": {\"choices\": [32, 64]}}"}
{"op_code":8,"worker_id":"547befa4-d3f5-426d-84d3-e65f6c8cc7c8-126708796380992","trial_id":140,"user_attr":{"token":"tsweep_t64x256k16g82s64"}}
{"op_code":6,"worker_id":"547befa4-d3f5-426d-84d3-e65f6c8cc7c8-126708796380992","trial_id":1,"state":1,"values":[1350.92],"datetime_complete":"2026-07-24T01:52:01.554142"}
{"op_code":6,"worker_id":"547befa4-d3f5-426d-84d3-e65f6c8cc7c8-126708796380992","trial_id":6,"state":2,"values":null,"datetime_complete":"2026-07-24T01:52:12.216290"}
{"op_code":6,"worker_id":"547befa4-d3f5-426d-84d3-e65f6c8cc7c8-126708796380992","trial_id":8,"state":2,"values":null,"datetime_complete":"2026-07-24T01:52:18.581450"}
{"op_code":6,"worker_id":"547befa4-d3f5-426d-84d3-e65f6c8cc7c8-126708796380992","trial_id":28,"state":1,"values":[1352.71],"datetime_complete":"2026-07-24T01:52:46.962980"}
{"op_code":6,"worker_id":"547befa4-d3f5-426d-84d3-e65f6c8cc7c8-126708796380992","trial_id":30,"state":2,"values":null,"datetime_complete":"2026-07-24T01:52:58.820439"}
{"op_code":6,"worker_id":"547befa4-d3f5-426d-84d3-e65f6c8cc7c8-126708796380992","trial_id":33,"state":2,"values":null,"datetime_complete":"2026-07-24T01:53:06.583962"}
{"op_code":6,"worker_id":"547befa4-d3f5-426d-84d3-e65f6c8cc7c8-126708796380992","trial_id":41,"state":1,"values":[832.859],"datetime_complete":"2026-07-24T01:53:36.284876"}
{"op_code":6,"worker_id":"547befa4-d3f5-426d-84d3-e65f6c8cc7c8-126708796380992","trial_id":46,"state":1,"values":[1166.29],"datetime_complete":"2026-07-24T01:54:03.892360"}
{"op_code":6,"worker_id":"547befa4-d3f5-426d-84d3-e65f6c8cc7c8-126708796380992","trial_id":51,"state":2,"values":null,"datetime_complete":"2026-07-24T01:54:15.770354"}
{"op_code":6,"worker_id":"547befa4-d3f5-426d-84d3-e65f6c8cc7c8-126708796380992","trial_id":53,"state":2,"values":null,"datetime_complete":"2026-07-24T01:54:22.277505"}
{"op_code":6,"worker_id":"547befa4-d3f5-426d-84d3-e65f6c8cc7c8-126708796380992","trial_id":64,"state":2,"values":null,"datetime_complete":"2026-07-24T01:54:28.642694"}
{"op_code":6,"worker_id":"547befa4-d3f5-426d-84d3-e65f6c8cc7c8-126708796380992","trial_id":114,"state":2,"values":null,"datetime_complete":"2026-07-24T01:54:39.052036"}
{"op_code":6,"worker_id":"547befa4-d3f5-426d-84d3-e65f6c8cc7c8-126708796380992","trial_id":118,"state":2,"values":null,"datetime_complete":"2026-07-24T01:54:46.551159"}
{"op_code":6,"worker_id":"547befa4-d3f5-426d-84d3-e65f6c8cc7c8-126708796380992","trial_id":121,"state":2,"values":null,"datetime_complete":"2026-07-24T01:54:51.837445"}
{"op_code":6,"worker_id":"547befa4-d3f5-426d-84d3-e65f6c8cc7c8-126708796380992","trial_id":129,"state":2,"values":null,"datetime_complete":"2026-07-24T01:54:59.922898"}
{"op_code":6,"worker_id":"547befa4-d3f5-426d-84d3-e65f6c8cc7c8-126708796380992","trial_id":140,"state":2,"values":null,"datetime_complete":"2026-07-24T01:55:11.887024"}
{"op_code":4,"worker_id":"547befa4-d3f5-426d-84d3-e65f6c8cc7c8-126708796380992","study_id":0,"datetime_start":"2026-07-24T01:55:11.889478"}
{"op_code":9,"worker_id":"547befa4-d3f5-426d-84d3-e65f6c8cc7c8-126708796380992","trial_id":141,"system_attr":{"tpe:relative_params:0":"{\"gx\": 4, \"gy\": 4, \"k\": 128, \"m\": 64, \"n\": 64, \"sub\": 64}"}}
{"op_code":5,"worker_id":"547befa4-d3f5-426d-84d3-e65f6c8cc7c8-126708796380992","trial_id":141,"param_name":"m","param_value_internal":2,"distribution":"{\"name\": \"CategoricalDistribution\", \"attributes\": {\"choices\": [16, 32, 64, 128, 256]}}"}
{"op_code":5,"worker_id":"547befa4-d3f5-426d-84d3-e65f6c8cc7c8-126708796380992","trial_id":141,"param_name":"n","param_value_internal":2,"distribution":"{\"name\": \"CategoricalDistribution\", \"attributes\": {\"choices\": [16, 32, 64, 128, 256]}}"}
{"op_code":5,"worker_id":"547befa4-d3f5-426d-84d3-e65f6c8cc7c8-126708796380992","trial_id":141,"param_name":"k","param_value_internal":3,"distribution":"{\"name\": \"CategoricalDistribution\", \"attributes\": {\"choices\": [16, 32, 64, 128]}}"}
{"op_code":5,"worker_id":"547befa4-d3f5-426d-84d3-e65f6c8cc7c8-126708796380992","trial_id":141,"param_name":"gx","param_value_internal":2,"distribution":"{\"name\": \"CategoricalDistribution\", \"attributes\": {\"choices\": [1, 2, 4, 8]}}"}
{"op_code":5,"worker_id":"547befa4-d3f5-426d-84d3-e65f6c8cc7c8-126708796380992","trial_id":141,"param_name":"gy","param_value_internal":2,"distribution":"{\"name\": \"CategoricalDistribution\", \"attributes\": {\"choices\": [1, 2, 4, 8]}}"}
{"op_code":5,"worker_id":"547befa4-d3f5-426d-84d3-e65f6c8cc7c8-126708796380992","trial_id":141,"param_name":"sub","param_value_internal":1,"distribution":"{\"name\": \"CategoricalDistribution\", \"attributes\": {\"choices\": [32, 64]}}"}
{"op_code":6,"worker_id":"547befa4-d3f5-426d-84d3-e65f6c8cc7c8-126708796380992","trial_id":141,"state":2,"values":null,"datetime_complete":"2026-07-24T01:55:11.910900"}
{"op_code":4,"worker_id":"547befa4-d3f5-426d-84d3-e65f6c8cc7c8-126708796380992","study_id":0,"datetime_start":"2026-07-24T01:55:11.912818"}
{"op_code":9,"worker_id":"547befa4-d3f5-426d-84d3-e65f6c8cc7c8-126708796380992","trial_id":142,"system_attr":{"tpe:relative_params:0":"{\"gx\": 4, \"gy\": 2, \"k\": 32, \"m\": 128, \"n\": 128, \"sub\": 64}"}}
{"op_code":5,"worker_id":"547befa4-d3f5-426d-84d3-e65f6c8cc7c8-126708796380992","trial_id":142,"param_name":"m","param_value_internal":3,"distribution":"{\"name\": \"CategoricalDistribution\", \"attributes\": {\"choices\": [16, 32, 64, 128, 256]}}"}
{"op_code":5,"worker_id":"547befa4-d3f5-426d-84d3-e65f6c8cc7c8-126708796380992","trial_id":142,"param_name":"n","param_value_internal":3,"distribution":"{\"name\": \"CategoricalDistribution\", \"attributes\": {\"choices\": [16, 32, 64, 128, 256]}}"}
{"op_code":5,"worker_id":"547befa4-d3f5-426d-84d3-e65f6c8cc7c8-126708796380992","trial_id":142,"param_name":"k","param_value_internal":1,"distribution":"{\"name\": \"CategoricalDistribution\", \"attributes\": {\"choices\": [16, 32, 64, 128]}}"}
{"op_code":5,"worker_id":"547befa4-d3f5-426d-84d3-e65f6c8cc7c8-126708796380992","trial_id":142,"param_name":"gx","param_value_internal":2,"distribution":"{\"name\": \"CategoricalDistribution\", \"attributes\": {\"choices\": [1, 2, 4, 8]}}"}
{"op_code":5,"worker_id":"547befa4-d3f5-426d-84d3-e65f6c8cc7c8-126708796380992","trial_id":142,"param_name":"gy","param_value_internal":1,"distribution":"{\"name\": \"CategoricalDistribution\", \"attributes\": {\"choices\": [1, 2, 4, 8]}}"}
{"op_code":5,"worker_id":"547befa4-d3f5-426d-84d3-e65f6c8cc7c8-126708796380992","trial_id":142,"param_name":"sub","param_value_internal":1,"distribution":"{\"name\": \"CategoricalDistribution\", \"attributes\": {\"choices\": [32, 64]}}"}
{"op_code":6,"worker_id":"547befa4-d3f5-426d-84d3-e65f6c8cc7c8-126708796380992","trial_id":142,"state":2,"values":null,"datetime_complete":"2026-07-24T01:55:11.933684"}
{"op_code":4,"worker_id":"547befa4-d3f5-426d-84d3-e65f6c8cc7c8-126708796380992","study_id":0,"datetime_start":"2026-07-24T01:55:11.935656"}
{"op_code":9,"worker_id":"547befa4-d3f5-426d-84d3-e65f6c8cc7c8-126708796380992","trial_id":143,"system_attr":{"tpe:relative_params:0":"{\"gx\": 1, \"gy\": 2, \"k\": 32, \"m\": 64, \"n\": 32, \"sub\": 64}"}}
{"op_code":5,"worker_id":"547befa4-d3f5-426d-84d3-e65f6c8cc7c8-126708796380992","trial_id":143,"param_name":"m","param_value_internal":2,"distribution":"{\"name\": \"CategoricalDistribution\", \"attributes\": {\"choices\": [16, 32, 64, 128, 256]}}"}
{"op_code":5,"worker_id":"547befa4-d3f5-426d-84d3-e65f6c8cc7c8-126708796380992","trial_id":143,"param_name":"n","param_value_internal":1,"distribution":"{\"name\": \"CategoricalDistribution\", \"attributes\": {\"choices\": [16, 32, 64, 128, 256]}}"}
{"op_code":5,"worker_id":"547befa4-d3f5-426d-84d3-e65f6c8cc7c8-126708796380992","trial_id":143,"param_name":"k","param_value_internal":1,"distribution":"{\"name\": \"CategoricalDistribution\", \"attributes\": {\"choices\": [16, 32, 64, 128]}}"}
{"op_code":5,"worker_id":"547befa4-d3f5-426d-84d3-e65f6c8cc7c8-126708796380992","trial_id":143,"param_name":"gx","param_value_internal":0,"distribution":"{\"name\": \"CategoricalDistribution\", \"attributes\": {\"choices\": [1, 2, 4, 8]}}"}
{"op_code":5,"worker_id":"547befa4-d3f5-426d-84d3-e65f6c8cc7c8-126708796380992","trial_id":143,"param_name":"gy","param_value_internal":1,"distribution":"{\"name\": \"CategoricalDistribution\", \"attributes\": {\"choices\": [1, 2, 4, 8]}}"}
{"op_code":5,"worker_id":"547befa4-d3f5-426d-84d3-e65f6c8cc7c8-126708796380992","trial_id":143,"param_name":"sub","param_value_internal":1,"distribution":"{\"name\": \"CategoricalDistribution\", \"attributes\": {\"choices\": [32, 64]}}"}
{"op_code":6,"worker_id":"547befa4-d3f5-426d-84d3-e65f6c8cc7c8-126708796380992","trial_id":143,"state":2,"values":null,"datetime_complete":"2026-07-24T01:55:11.955123"}
{"op_code":4,"worker_id":"547befa4-d3f5-426d-84d3-e65f6c8cc7c8-126708796380992","study_id":0,"datetime_start":"2026-07-24T01:55:11.957219"}
{"op_code":9,"worker_id":"547befa4-d3f5-426d-84d3-e65f6c8cc7c8-126708796380992","trial_id":144,"system_attr":{"tpe:relative_params:0":"{\"gx\": 4, \"gy\": 1, \"k\": 64, \"m\": 64, \"n\": 128, \"sub\": 64}"}}
{"op_code":5,"worker_id":"547befa4-d3f5-426d-84d3-e65f6c8cc7c8-126708796380992","trial_id":144,"param_name":"m","param_value_internal":2,"distribution":"{\"name\": \"CategoricalDistribution\", \"attributes\": {\"choices\": [16, 32, 64, 128, 256]}}"}
{"op_code":5,"worker_id":"547befa4-d3f5-426d-84d3-e65f6c8cc7c8-126708796380992","trial_id":144,"param_name":"n","param_value_internal":3,"distribution":"{\"name\": \"CategoricalDistribution\", \"attributes\": {\"choices\": [16, 32, 64, 128, 256]}}"}
{"op_code":5,"worker_id":"547befa4-d3f5-426d-84d3-e65f6c8cc7c8-126708796380992","trial_id":144,"param_name":"k","param_value_internal":2,"distribution":"{\"name\": \"CategoricalDistribution\", \"attributes\": {\"choices\": [16, 32, 64, 128]}}"}
{"op_code":5,"worker_id":"547befa4-d3f5-426d-84d3-e65f6c8cc7c8-126708796380992","trial_id":144,"param_name":"gx","param_value_internal":2,"distribution":"{\"name\": \"CategoricalDistribution\", \"attributes\": {\"choices\": [1, 2, 4, 8]}}"}
{"op_code":5,"worker_id":"547befa4-d3f5-426d-84d3-e65f6c8cc7c8-126708796380992","trial_id":144,"param_name":"gy","param_value_internal":0,"distribution":"{\"name\": \"CategoricalDistribution\", \"attributes\": {\"choices\": [1, 2, 4, 8]}}"}
{"op_code":5,"worker_id":"547befa4-d3f5-426d-84d3-e65f6c8cc7c8-126708796380992","trial_id":144,"param_name":"sub","param_value_internal":1,"distribution":"{\"name\": \"CategoricalDistribution\", \"attributes\": {\"choices\": [32, 64]}}"}
{"op_code":6,"worker_id":"547befa4-d3f5-426d-84d3-e65f6c8cc7c8-126708796380992","trial_id":144,"state":2,"values":null,"datetime_complete":"2026-07-24T01:55:11.979094"}
{"op_code":4,"worker_id":"547befa4-d3f5-426d-84d3-e65f6c8cc7c8-126708796380992","study_id":0,"datetime_start":"2026-07-24T01:55:11.981226"}
{"op_code":9,"worker_id":"547befa4-d3f5-426d-84d3-e65f6c8cc7c8-126708796380992","trial_id":145,"system_attr":{"tpe:relative_params:0":"{\"gx\": 4, \"gy\": 2, \"k\": 32, \"m\": 32, \"n\": 128, \"sub\": 64}"}}
{"op_code":5,"worker_id":"547befa4-d3f5-426d-84d3-e65f6c8cc7c8-126708796380992","trial_id":145,"param_name":"m","param_value_internal":1,"distribution":"{\"name\": \"CategoricalDistribution\", \"attributes\": {\"choices\": [16, 32, 64, 128, 256]}}"}
{"op_code":5,"worker_id":"547befa4-d3f5-426d-84d3-e65f6c8cc7c8-126708796380992","trial_id":145,"param_name":"n","param_value_internal":3,"distribution":"{\"name\": \"CategoricalDistribution\", \"attributes\": {\"choices\": [16, 32, 64, 128, 256]}}"}
{"op_code":5,"worker_id":"547befa4-d3f5-426d-84d3-e65f6c8cc7c8-126708796380992","trial_id":145,"param_name":"k","param_value_internal":1,"distribution":"{\"name\": \"CategoricalDistribution\", \"attributes\": {\"choices\": [16, 32, 64, 128]}}"}
{"op_code":5,"worker_id":"547befa4-d3f5-426d-84d3-e65f6c8cc7c8-126708796380992","trial_id":145,"param_name":"gx","param_value_internal":2,"distribution":"{\"name\": \"CategoricalDistribution\", \"attributes\": {\"choices\": [1, 2, 4, 8]}}"}
{"op_code":5,"worker_id":"547befa4-d3f5-426d-84d3-e65f6c8cc7c8-126708796380992","trial_id":145,"param_name":"gy","param_value_internal":1,"distribution":"{\"name\": \"CategoricalDistribution\", \"attributes\": {\"choices\": [1, 2, 4, 8]}}"}
{"op_code":5,"worker_id":"547befa4-d3f5-426d-84d3-e65f6c8cc7c8-126708796380992","trial_id":145,"param_name":"sub","param_value_internal":1,"distribution":"{\"name\": \"CategoricalDistribution\", \"attributes\": {\"choices\": [32, 64]}}"}
{"op_code":8,"worker_id":"547befa4-d3f5-426d-84d3-e65f6c8cc7c8-126708796380992","trial_id":145,"user_attr":{"token":"tsweep_t32x128k32g42s64"}}
{"op_code":4,"worker_id":"547befa4-d3f5-426d-84d3-e65f6c8cc7c8-126708796380992","study_id":0,"datetime_start":"2026-07-24T01:55:12.008073"}
{"op_code":9,"worker_id":"547befa4-d3f5-426d-84d3-e65f6c8cc7c8-126708796380992","trial_id":146,"system_attr":{"tpe:relative_params:0":"{\"gx\": 2, \"gy\": 1, \"k\": 64, \"m\": 256, \"n\": 32, \"sub\": 64}"}}
{"op_code":5,"worker_id":"547befa4-d3f5-426d-84d3-e65f6c8cc7c8-126708796380992","trial_id":146,"param_name":"m","param_value_internal":4,"distribution":"{\"name\": \"CategoricalDistribution\", \"attributes\": {\"choices\": [16, 32, 64, 128, 256]}}"}
{"op_code":5,"worker_id":"547befa4-d3f5-426d-84d3-e65f6c8cc7c8-126708796380992","trial_id":146,"param_name":"n","param_value_internal":1,"distribution":"{\"name\": \"CategoricalDistribution\", \"attributes\": {\"choices\": [16, 32, 64, 128, 256]}}"}
{"op_code":5,"worker_id":"547befa4-d3f5-426d-84d3-e65f6c8cc7c8-126708796380992","trial_id":146,"param_name":"k","param_value_internal":2,"distribution":"{\"name\": \"CategoricalDistribution\", \"attributes\": {\"choices\": [16, 32, 64, 128]}}"}
{"op_code":5,"worker_id":"547befa4-d3f5-426d-84d3-e65f6c8cc7c8-126708796380992","trial_id":146,"param_name":"gx","param_value_internal":1,"distribution":"{\"name\": \"CategoricalDistribution\", \"attributes\": {\"choices\": [1, 2, 4, 8]}}"}
{"op_code":5,"worker_id":"547befa4-d3f5-426d-84d3-e65f6c8cc7c8-126708796380992","trial_id":146,"param_name":"gy","param_value_internal":0,"distribution":"{\"name\": \"CategoricalDistribution\", \"attributes\": {\"choices\": [1, 2, 4, 8]}}"}
{"op_code":5,"worker_id":"547befa4-d3f5-426d-84d3-e65f6c8cc7c8-126708796380992","trial_id":146,"param_name":"sub","param_value_internal":1,"distribution":"{\"name\": \"CategoricalDistribution\", \"attributes\": {\"choices\": [32, 64]}}"}
{"op_code":6,"worker_id":"547befa4-d3f5-426d-84d3-e65f6c8cc7c8-126708796380992","trial_id":146,"state":2,"values":null,"datetime_complete":"2026-07-24T01:55:12.034317"}
{"op_code":4,"worker_id":"547befa4-d3f5-426d-84d3-e65f6c8cc7c8-126708796380992","study_id":0,"datetime_start":"2026-07-24T01:55:12.037250"}
{"op_code":9,"worker_id":"547befa4-d3f5-426d-84d3-e65f6c8cc7c8-126708796380992","trial_id":147,"system_attr":{"tpe:relative_params:0":"{\"gx\": 4, \"gy\": 1, \"k\": 32, \"m\": 32, \"n\": 128, \"sub\": 64}"}}
{"op_code":5,"worker_id":"547befa4-d3f5-426d-84d3-e65f6c8cc7c8-126708796380992","trial_id":147,"param_name":"m","param_value_internal":1,"distribution":"{\"name\": \"CategoricalDistribution\", \"attributes\": {\"choices\": [16, 32, 64, 128, 256]}}"}
{"op_code":5,"worker_id":"547befa4-d3f5-426d-84d3-e65f6c8cc7c8-126708796380992","trial_id":147,"param_name":"n","param_value_internal":3,"distribution":"{\"name\": \"CategoricalDistribution\", \"attributes\": {\"choices\": [16, 32, 64, 128, 256]}}"}
{"op_code":5,"worker_id":"547befa4-d3f5-426d-84d3-e65f6c8cc7c8-126708796380992","trial_id":147,"param_name":"k","param_value_internal":1,"distribution":"{\"name\": \"CategoricalDistribution\", \"attributes\": {\"choices\": [16, 32, 64, 128]}}"}
{"op_code":5,"worker_id":"547befa4-d3f5-426d-84d3-e65f6c8cc7c8-126708796380992","trial_id":147,"param_name":"gx","param_value_internal":2,"distribution":"{\"name\": \"CategoricalDistribution\", \"attributes\": {\"choices\": [1, 2, 4, 8]}}"}
{"op_code":5,"worker_id":"547befa4-d3f5-426d-84d3-e65f6c8cc7c8-126708796380992","trial_id":147,"param_name":"gy","param_value_internal":0,"distribution":"{\"name\": \"CategoricalDistribution\", \"attributes\": {\"choices\": [1, 2, 4, 8]}}"}
{"op_code":5,"worker_id":"547befa4-d3f5-426d-84d3-e65f6c8cc7c8-126708796380992","trial_id":147,"param_name":"sub","param_value_internal":1,"distribution":"{\"name\": \"CategoricalDistribution\", \"attributes\": {\"choices\": [32, 64]}}"}
{"op_code":6,"worker_id":"547befa4-d3f5-426d-84d3-e65f6c8cc7c8-126708796380992","trial_id":147,"state":2,"values":null,"datetime_complete":"2026-07-24T01:55:12.060077"}
{"op_code":4,"worker_id":"547befa4-d3f5-426d-84d3-e65f6c8cc7c8-126708796380992","study_id":0,"datetime_start":"2026-07-24T01:55:12.062126"}
{"op_code":9,"worker_id":"547befa4-d3f5-426d-84d3-e65f6c8cc7c8-126708796380992","trial_id":148,"system_attr":{"tpe:relative_params:0":"{\"gx\": 1, \"gy\": 2, \"k\": 128, \"m\": 64, \"n\": 16, \"sub\": 64}"}}
{"op_code":5,"worker_id":"547befa4-d3f5-426d-84d3-e65f6c8cc7c8-126708796380992","trial_id":148,"param_name":"m","param_value_internal":2,"distribution":"{\"name\": \"CategoricalDistribution\", \"attributes\": {\"choices\": [16, 32, 64, 128, 256]}}"}
{"op_code":5,"worker_id":"547befa4-d3f5-426d-84d3-e65f6c8cc7c8-126708796380992","trial_id":148,"param_name":"n","param_value_internal":0,"distribution":"{\"name\": \"CategoricalDistribution\", \"attributes\": {\"choices\": [16, 32, 64, 128, 256]}}"}
{"op_code":5,"worker_id":"547befa4-d3f5-426d-84d3-e65f6c8cc7c8-126708796380992","trial_id":148,"param_name":"k","param_value_internal":3,"distribution":"{\"name\": \"CategoricalDistribution\", \"attributes\": {\"choices\": [16, 32, 64, 128]}}"}
{"op_code":5,"worker_id":"547befa4-d3f5-426d-84d3-e65f6c8cc7c8-126708796380992","trial_id":148,"param_name":"gx","param_value_internal":0,"distribution":"{\"name\": \"CategoricalDistribution\", \"attributes\": {\"choices\": [1, 2, 4, 8]}}"}
{"op_code":5,"worker_id":"547befa4-d3f5-426d-84d3-e65f6c8cc7c8-126708796380992","trial_id":148,"param_name":"gy","param_value_internal":1,"distribution":"{\"name\": \"CategoricalDistribution\", \"attributes\": {\"choices\": [1, 2, 4, 8]}}"}
{"op_code":5,"worker_id":"547befa4-d3f5-426d-84d3-e65f6c8cc7c8-126708796380992","trial_id":148,"param_name":"sub","param_value_internal":1,"distribution":"{\"name\": \"CategoricalDistribution\", \"attributes\": {\"choices\": [32, 64]}}"}
{"op_code":8,"worker_id":"547befa4-d3f5-426d-84d3-e65f6c8cc7c8-126708796380992","trial_id":148,"user_attr":{"token":"tsweep_t64x16k128g12s64"}}
{"op_code":4,"worker_id":"547befa4-d3f5-426d-84d3-e65f6c8cc7c8-126708796380992","study_id":0,"datetime_start":"2026-07-24T01:55:12.086565"}
{"op_code":9,"worker_id":"547befa4-d3f5-426d-84d3-e65f6c8cc7c8-126708796380992","trial_id":149,"system_attr":{"tpe:relative_params:0":"{\"gx\": 4, \"gy\": 4, \"k\": 128, \"m\": 256, \"n\": 64, \"sub\": 32}"}}
{"op_code":5,"worker_id":"547befa4-d3f5-426d-84d3-e65f6c8cc7c8-126708796380992","trial_id":149,"param_name":"m","param_value_internal":4,"distribution":"{\"name\": \"CategoricalDistribution\", \"attributes\": {\"choices\": [16, 32, 64, 128, 256]}}"}
{"op_code":5,"worker_id":"547befa4-d3f5-426d-84d3-e65f6c8cc7c8-126708796380992","trial_id":149,"param_name":"n","param_value_internal":2,"distribution":"{\"name\": \"CategoricalDistribution\", \"attributes\": {\"choices\": [16, 32, 64, 128, 256]}}"}
{"op_code":5,"worker_id":"547befa4-d3f5-426d-84d3-e65f6c8cc7c8-126708796380992","trial_id":149,"param_name":"k","param_value_internal":3,"distribution":"{\"name\": \"CategoricalDistribution\", \"attributes\": {\"choices\": [16, 32, 64, 128]}}"}
{"op_code":5,"worker_id":"547befa4-d3f5-426d-84d3-e65f6c8cc7c8-126708796380992","trial_id":149,"param_name":"gx","param_value_internal":2,"distribution":"{\"name\": \"CategoricalDistribution\", \"attributes\": {\"choices\": [1, 2, 4, 8]}}"}
{"op_code":5,"worker_id":"547befa4-d3f5-426d-84d3-e65f6c8cc7c8-126708796380992","trial_id":149,"param_name":"gy","param_value_internal":2,"distribution":"{\"name\": \"CategoricalDistribution\", \"attributes\": {\"choices\": [1, 2, 4, 8]}}"}
{"op_code":5,"worker_id":"547befa4-d3f5-426d-84d3-e65f6c8cc7c8-126708796380992","trial_id":149,"param_name":"sub","param_value_internal":0,"distribution":"{\"name\": \"CategoricalDistribution\", \"attributes\": {\"choices\": [32, 64]}}"}
{"op_code":6,"worker_id":"547befa4-d3f5-426d-84d3-e65f6c8cc7c8-126708796380992","trial_id":149,"state":2,"values":null,"datetime_complete":"2026-07-24T01:55:12.108302"}
{"op_code":4,"worker_id":"547befa4-d3f5-426d-84d3-e65f6c8cc7c8-126708796380992","study_id":0,"datetime_start":"2026-07-24T01:55:12.110383"}
{"op_code":9,"worker_id":"547befa4-d3f5-426d-84d3-e65f6c8cc7c8-126708796380992","trial_id":150,"system_attr":{"tpe:relative_params:0":"{\"gx\": 4, \"gy\": 2, \"k\": 16, \"m\": 32, \"n\": 32, \"sub\": 32}"}}
{"op_code":5,"worker_id":"547befa4-d3f5-426d-84d3-e65f6c8cc7c8-126708796380992","trial_id":150,"param_name":"m","param_value_internal":1,"distribution":"{\"name\": \"CategoricalDistribution\", \"attributes\": {\"choices\": [16, 32, 64, 128, 256]}}"}
{"op_code":5,"worker_id":"547befa4-d3f5-426d-84d3-e65f6c8cc7c8-126708796380992","trial_id":150,"param_name":"n","param_value_internal":1,"distribution":"{\"name\": \"CategoricalDistribution\", \"attributes\": {\"choices\": [16, 32, 64, 128, 256]}}"}
{"op_code":5,"worker_id":"547befa4-d3f5-426d-84d3-e65f6c8cc7c8-126708796380992","trial_id":150,"param_name":"k","param_value_internal":0,"distribution":"{\"name\": \"CategoricalDistribution\", \"attributes\": {\"choices\": [16, 32, 64, 128]}}"}
{"op_code":5,"worker_id":"547befa4-d3f5-426d-84d3-e65f6c8cc7c8-126708796380992","trial_id":150,"param_name":"gx","param_value_internal":2,"distribution":"{\"name\": \"CategoricalDistribution\", \"attributes\": {\"choices\": [1, 2, 4, 8]}}"}
{"op_code":5,"worker_id":"547befa4-d3f5-426d-84d3-e65f6c8cc7c8-126708796380992","trial_id":150,"param_name":"gy","param_value_internal":1,"distribution":"{\"name\": \"CategoricalDistribution\", \"attributes\": {\"choices\": [1, 2, 4, 8]}}"}
{"op_code":5,"worker_id":"547befa4-d3f5-426d-84d3-e65f6c8cc7c8-126708796380992","trial_id":150,"param_name":"sub","param_value_internal":0,"distribution":"{\"name\": \"CategoricalDistribution\", \"attributes\": {\"choices\": [32, 64]}}"}
{"op_code":6,"worker_id":"547befa4-d3f5-426d-84d3-e65f6c8cc7c8-126708796380992","trial_id":150,"state":2,"values":null,"datetime_complete":"2026-07-24T01:55:12.130653"}
{"op_code":4,"worker_id":"547befa4-d3f5-426d-84d3-e65f6c8cc7c8-126708796380992","study_id":0,"datetime_start":"2026-07-24T01:55:12.132756"}
{"op_code":9,"worker_id":"547befa4-d3f5-426d-84d3-e65f6c8cc7c8-126708796380992","trial_id":151,"system_attr":{"tpe:relative_params:0":"{\"gx\": 2, \"gy\": 2, \"k\": 128, \"m\": 256, \"n\": 64, \"sub\": 64}"}}
{"op_code":5,"worker_id":"547befa4-d3f5-426d-84d3-e65f6c8cc7c8-126708796380992","trial_id":151,"param_name":"m","param_value_internal":4,"distribution":"{\"name\": \"CategoricalDistribution\", \"attributes\": {\"choices\": [16, 32, 64, 128, 256]}}"}
{"op_code":5,"worker_id":"547befa4-d3f5-426d-84d3-e65f6c8cc7c8-126708796380992","trial_id":151,"param_name":"n","param_value_internal":2,"distribution":"{\"name\": \"CategoricalDistribution\", \"attributes\": {\"choices\": [16, 32, 64, 128, 256]}}"}
{"op_code":5,"worker_id":"547befa4-d3f5-426d-84d3-e65f6c8cc7c8-126708796380992","trial_id":151,"param_name":"k","param_value_internal":3,"distribution":"{\"name\": \"CategoricalDistribution\", \"attributes\": {\"choices\": [16, 32, 64, 128]}}"}
{"op_code":5,"worker_id":"547befa4-d3f5-426d-84d3-e65f6c8cc7c8-126708796380992","trial_id":151,"param_name":"gx","param_value_internal":1,"distribution":"{\"name\": \"CategoricalDistribution\", \"attributes\": {\"choices\": [1, 2, 4, 8]}}"}
{"op_code":5,"worker_id":"547befa4-d3f5-426d-84d3-e65f6c8cc7c8-126708796380992","trial_id":151,"param_name":"gy","param_value_internal":1,"distribution":"{\"name\": \"CategoricalDistribution\", \"attributes\": {\"choices\": [1, 2, 4, 8]}}"}
{"op_code":5,"worker_id":"547befa4-d3f5-426d-84d3-e65f6c8cc7c8-126708796380992","trial_id":151,"param_name":"sub","param_value_internal":1,"distribution":"{\"name\": \"CategoricalDistribution\", \"attributes\": {\"choices\": [32, 64]}}"}
{"op_code":6,"worker_id":"547befa4-d3f5-426d-84d3-e65f6c8cc7c8-126708796380992","trial_id":151,"state":2,"values":null,"datetime_complete":"2026-07-24T01:55:12.154504"}
{"op_code":4,"worker_id":"547befa4-d3f5-426d-84d3-e65f6c8cc7c8-126708796380992","study_id":0,"datetime_start":"2026-07-24T01:55:12.156551"}
{"op_code":9,"worker_id":"547befa4-d3f5-426d-84d3-e65f6c8cc7c8-126708796380992","trial_id":152,"system_attr":{"tpe:relative_params:0":"{\"gx\": 4, \"gy\": 1, \"k\": 32, \"m\": 16, \"n\": 128, \"sub\": 64}"}}
{"op_code":5,"worker_id":"547befa4-d3f5-426d-84d3-e65f6c8cc7c8-126708796380992","trial_id":152,"param_name":"m","param_value_internal":0,"distribution":"{\"name\": \"CategoricalDistribution\", \"attributes\": {\"choices\": [16, 32, 64, 128, 256]}}"}
{"op_code":5,"worker_id":"547befa4-d3f5-426d-84d3-e65f6c8cc7c8-126708796380992","trial_id":152,"param_name":"n","param_value_internal":3,"distribution":"{\"name\": \"CategoricalDistribution\", \"attributes\": {\"choices\": [16, 32, 64, 128, 256]}}"}
{"op_code":5,"worker_id":"547befa4-d3f5-426d-84d3-e65f6c8cc7c8-126708796380992","trial_id":152,"param_name":"k","param_value_internal":1,"distribution":"{\"name\": \"CategoricalDistribution\", \"attributes\": {\"choices\": [16, 32, 64, 128]}}"}
{"op_code":5,"worker_id":"547befa4-d3f5-426d-84d3-e65f6c8cc7c8-126708796380992","trial_id":152,"param_name":"gx","param_value_internal":2,"distribution":"{\"name\": \"CategoricalDistribution\", \"attributes\": {\"choices\": [1, 2, 4, 8]}}"}
{"op_code":5,"worker_id":"547befa4-d3f5-426d-84d3-e65f6c8cc7c8-126708796380992","trial_id":152,"param_name":"gy","param_value_internal":0,"distribution":"{\"name\": \"CategoricalDistribution\", \"attributes\": {\"choices\": [1, 2, 4, 8]}}"}
{"op_code":5,"worker_id":"547befa4-d3f5-426d-84d3-e65f6c8cc7c8-126708796380992","trial_id":152,"param_name":"sub","param_value_internal":1,"distribution":"{\"name\": \"CategoricalDistribution\", \"attributes\": {\"choices\": [32, 64]}}"}
{"op_code":8,"worker_id":"547befa4-d3f5-426d-84d3-e65f6c8cc7c8-126708796380992","trial_id":152,"user_attr":{"token":"tsweep_t16x128k32g41s64"}}
{"op_code":4,"worker_id":"547befa4-d3f5-426d-84d3-e65f6c8cc7c8-126708796380992","study_id":0,"datetime_start":"2026-07-24T01:55:12.179849"}
{"op_code":9,"worker_id":"547befa4-d3f5-426d-84d3-e65f6c8cc7c8-126708796380992","trial_id":153,"system_attr":{"tpe:relative_params:0":"{\"gx\": 4, \"gy\": 2, \"k\": 32, \"m\": 256, \"n\": 32, \"sub\": 64}"}}
{"op_code":5,"worker_id":"547befa4-d3f5-426d-84d3-e65f6c8cc7c8-126708796380992","trial_id":153,"param_name":"m","param_value_internal":4,"distribution":"{\"name\": \"CategoricalDistribution\", \"attributes\": {\"choices\": [16, 32, 64, 128, 256]}}"}
{"op_code":5,"worker_id":"547befa4-d3f5-426d-84d3-e65f6c8cc7c8-126708796380992","trial_id":153,"param_name":"n","param_value_internal":1,"distribution":"{\"name\": \"CategoricalDistribution\", \"attributes\": {\"choices\": [16, 32, 64, 128, 256]}}"}
{"op_code":5,"worker_id":"547befa4-d3f5-426d-84d3-e65f6c8cc7c8-126708796380992","trial_id":153,"param_name":"k","param_value_internal":1,"distribution":"{\"name\": \"CategoricalDistribution\", \"attributes\": {\"choices\": [16, 32, 64, 128]}}"}
{"op_code":5,"worker_id":"547befa4-d3f5-426d-84d3-e65f6c8cc7c8-126708796380992","trial_id":153,"param_name":"gx","param_value_internal":2,"distribution":"{\"name\": \"CategoricalDistribution\", \"attributes\": {\"choices\": [1, 2, 4, 8]}}"}
{"op_code":5,"worker_id":"547befa4-d3f5-426d-84d3-e65f6c8cc7c8-126708796380992","trial_id":153,"param_name":"gy","param_value_internal":1,"distribution":"{\"name\": \"CategoricalDistribution\", \"attributes\": {\"choices\": [1, 2, 4, 8]}}"}
{"op_code":5,"worker_id":"547befa4-d3f5-426d-84d3-e65f6c8cc7c8-126708796380992","trial_id":153,"param_name":"sub","param_value_internal":1,"distribution":"{\"name\": \"CategoricalDistribution\", \"attributes\": {\"choices\": [32, 64]}}"}
{"op_code":6,"worker_id":"547befa4-d3f5-426d-84d3-e65f6c8cc7c8-126708796380992","trial_id":153,"state":2,"values":null,"datetime_complete":"2026-07-24T01:55:12.200710"}
{"op_code":4,"worker_id":"547befa4-d3f5-426d-84d3-e65f6c8cc7c8-126708796380992","study_id":0,"datetime_start":"2026-07-24T01:55:12.202861"}
{"op_code":9,"worker_id":"547befa4-d3f5-426d-84d3-e65f6c8cc7c8-126708796380992","trial_id":154,"system_attr":{"tpe:relative_params:0":"{\"gx\": 2, \"gy\": 1, \"k\": 32, \"m\": 32, \"n\": 32, \"sub\": 64}"}}
{"op_code":5,"worker_id":"547befa4-d3f5-426d-84d3-e65f6c8cc7c8-126708796380992","trial_id":154,"param_name":"m","param_value_internal":1,"distribution":"{\"name\": \"CategoricalDistribution\", \"attributes\": {\"choices\": [16, 32, 64, 128, 256]}}"}
{"op_code":5,"worker_id":"547befa4-d3f5-426d-84d3-e65f6c8cc7c8-126708796380992","trial_id":154,"param_name":"n","param_value_internal":1,"distribution":"{\"name\": \"CategoricalDistribution\", \"attributes\": {\"choices\": [16, 32, 64, 128, 256]}}"}
{"op_code":5,"worker_id":"547befa4-d3f5-426d-84d3-e65f6c8cc7c8-126708796380992","trial_id":154,"param_name":"k","param_value_internal":1,"distribution":"{\"name\": \"CategoricalDistribution\", \"attributes\": {\"choices\": [16, 32, 64, 128]}}"}
{"op_code":5,"worker_id":"547befa4-d3f5-426d-84d3-e65f6c8cc7c8-126708796380992","trial_id":154,"param_name":"gx","param_value_internal":1,"distribution":"{\"name\": \"CategoricalDistribution\", \"attributes\": {\"choices\": [1, 2, 4, 8]}}"}
{"op_code":5,"worker_id":"547befa4-d3f5-426d-84d3-e65f6c8cc7c8-126708796380992","trial_id":154,"param_name":"gy","param_value_internal":0,"distribution":"{\"name\": \"CategoricalDistribution\", \"attributes\": {\"choices\": [1, 2, 4, 8]}}"}
{"op_code":5,"worker_id":"547befa4-d3f5-426d-84d3-e65f6c8cc7c8-126708796380992","trial_id":154,"param_name":"sub","param_value_internal":1,"distribution":"{\"name\": \"CategoricalDistribution\", \"attributes\": {\"choices\": [32, 64]}}"}
{"op_code":8,"worker_id":"547befa4-d3f5-426d-84d3-e65f6c8cc7c8-126708796380992","trial_id":154,"user_attr":{"token":"tsweep_t32x32k32g21s64"}}
{"op_code":4,"worker_id":"547befa4-d3f5-426d-84d3-e65f6c8cc7c8-126708796380992","study_id":0,"datetime_start":"2026-07-24T01:55:12.225990"}
{"op_code":9,"worker_id":"547befa4-d3f5-426d-84d3-e65f6c8cc7c8-126708796380992","trial_id":155,"system_attr":{"tpe:relative_params:0":"{\"gx\": 4, \"gy\": 4, \"k\": 64, \"m\": 256, \"n\": 128, \"sub\": 64}"}}
{"op_code":5,"worker_id":"547befa4-d3f5-426d-84d3-e65f6c8cc7c8-126708796380992","trial_id":155,"param_name":"m","param_value_internal":4,"distribution":"{\"name\": \"CategoricalDistribution\", \"attributes\": {\"choices\": [16, 32, 64, 128, 256]}}"}
{"op_code":5,"worker_id":"547befa4-d3f5-426d-84d3-e65f6c8cc7c8-126708796380992","trial_id":155,"param_name":"n","param_value_internal":3,"distribution":"{\"name\": \"CategoricalDistribution\", \"attributes\": {\"choices\": [16, 32, 64, 128, 256]}}"}
{"op_code":5,"worker_id":"547befa4-d3f5-426d-84d3-e65f6c8cc7c8-126708796380992","trial_id":155,"param_name":"k","param_value_internal":2,"distribution":"{\"name\": \"CategoricalDistribution\", \"attributes\": {\"choices\": [16, 32, 64, 128]}}"}
{"op_code":5,"worker_id":"547befa4-d3f5-426d-84d3-e65f6c8cc7c8-126708796380992","trial_id":155,"param_name":"gx","param_value_internal":2,"distribution":"{\"name\": \"CategoricalDistribution\", \"attributes\": {\"choices\": [1, 2, 4, 8]}}"}
{"op_code":5,"worker_id":"547befa4-d3f5-426d-84d3-e65f6c8cc7c8-126708796380992","trial_id":155,"param_name":"gy","param_value_internal":2,"distribution":"{\"name\": \"CategoricalDistribution\", \"attributes\": {\"choices\": [1, 2, 4, 8]}}"}
{"op_code":5,"worker_id":"547befa4-d3f5-426d-84d3-e65f6c8cc7c8-126708796380992","trial_id":155,"param_name":"sub","param_value_internal":1,"distribution":"{\"name\": \"CategoricalDistribution\", \"attributes\": {\"choices\": [32, 64]}}"}
{"op_code":8,"worker_id":"547befa4-d3f5-426d-84d3-e65f6c8cc7c8-126708796380992","trial_id":155,"user_attr":{"token":"tsweep_t256x128k64g44s64"}}
{"op_code":4,"worker_id":"547befa4-d3f5-426d-84d3-e65f6c8cc7c8-126708796380992","study_id":0,"datetime_start":"2026-07-24T01:55:12.249355"}
{"op_code":9,"worker_id":"547befa4-d3f5-426d-84d3-e65f6c8cc7c8-126708796380992","trial_id":156,"system_attr":{"tpe:relative_params:0":"{\"gx\": 1, \"gy\": 8, \"k\": 128, \"m\": 16, \"n\": 256, \"sub\": 64}"}}
{"op_code":5,"worker_id":"547befa4-d3f5-426d-84d3-e65f6c8cc7c8-126708796380992","trial_id":156,"param_name":"m","param_value_internal":0,"distribution":"{\"name\": \"CategoricalDistribution\", \"attributes\": {\"choices\": [16, 32, 64, 128, 256]}}"}
{"op_code":5,"worker_id":"547befa4-d3f5-426d-84d3-e65f6c8cc7c8-126708796380992","trial_id":156,"param_name":"n","param_value_internal":4,"distribution":"{\"name\": \"CategoricalDistribution\", \"attributes\": {\"choices\": [16, 32, 64, 128, 256]}}"}
{"op_code":5,"worker_id":"547befa4-d3f5-426d-84d3-e65f6c8cc7c8-126708796380992","trial_id":156,"param_name":"k","param_value_internal":3,"distribution":"{\"name\": \"CategoricalDistribution\", \"attributes\": {\"choices\": [16, 32, 64, 128]}}"}
{"op_code":5,"worker_id":"547befa4-d3f5-426d-84d3-e65f6c8cc7c8-126708796380992","trial_id":156,"param_name":"gx","param_value_internal":0,"distribution":"{\"name\": \"CategoricalDistribution\", \"attributes\": {\"choices\": [1, 2, 4, 8]}}"}
{"op_code":5,"worker_id":"547befa4-d3f5-426d-84d3-e65f6c8cc7c8-126708796380992","trial_id":156,"param_name":"gy","param_value_internal":3,"distribution":"{\"name\": \"CategoricalDistribution\", \"attributes\": {\"choices\": [1, 2, 4, 8]}}"}
{"op_code":5,"worker_id":"547befa4-d3f5-426d-84d3-e65f6c8cc7c8-126708796380992","trial_id":156,"param_name":"sub","param_value_internal":1,"distribution":"{\"name\": \"CategoricalDistribution\", \"attributes\": {\"choices\": [32, 64]}}"}
{"op_code":6,"worker_id":"547befa4-d3f5-426d-84d3-e65f6c8cc7c8-126708796380992","trial_id":156,"state":2,"values":null,"datetime_complete":"2026-07-24T01:55:12.270820"}
{"op_code":4,"worker_id":"547befa4-d3f5-426d-84d3-e65f6c8cc7c8-126708796380992","study_id":0,"datetime_start":"2026-07-24T01:55:12.272946"}
{"op_code":9,"worker_id":"547befa4-d3f5-426d-84d3-e65f6c8cc7c8-126708796380992","trial_id":157,"system_attr":{"tpe:relative_params:0":"{\"gx\": 8, \"gy\": 4, \"k\": 64, \"m\": 256, \"n\": 64, \"sub\": 32}"}}
{"op_code":5,"worker_id":"547befa4-d3f5-426d-84d3-e65f6c8cc7c8-126708796380992","trial_id":157,"param_name":"m","param_value_internal":4,"distribution":"{\"name\": \"CategoricalDistribution\", \"attributes\": {\"choices\": [16, 32, 64, 128, 256]}}"}
{"op_code":5,"worker_id":"547befa4-d3f5-426d-84d3-e65f6c8cc7c8-126708796380992","trial_id":157,"param_name":"n","param_value_internal":2,"distribution":"{\"name\": \"CategoricalDistribution\", \"attributes\": {\"choices\": [16, 32, 64, 128, 256]}}"}
{"op_code":5,"worker_id":"547befa4-d3f5-426d-84d3-e65f6c8cc7c8-126708796380992","trial_id":157,"param_name":"k","param_value_internal":2,"distribution":"{\"name\": \"CategoricalDistribution\", \"attributes\": {\"choices\": [16, 32, 64, 128]}}"}
{"op_code":5,"worker_id":"547befa4-d3f5-426d-84d3-e65f6c8cc7c8-126708796380992","trial_id":157,"param_name":"gx","param_value_internal":3,"distribution":"{\"name\": \"CategoricalDistribution\", \"attributes\": {\"choices\": [1, 2, 4, 8]}}"}
{"op_code":5,"worker_id":"547befa4-d3f5-426d-84d3-e65f6c8cc7c8-126708796380992","trial_id":157,"param_name":"gy","param_value_internal":2,"distribution":"{\"name\": \"CategoricalDistribution\", \"attributes\": {\"choices\": [1, 2, 4, 8]}}"}
{"op_code":5,"worker_id":"547befa4-d3f5-426d-84d3-e65f6c8cc7c8-126708796380992","trial_id":157,"param_name":"sub","param_value_internal":0,"distribution":"{\"name\": \"CategoricalDistribution\", \"attributes\": {\"choices\": [32, 64]}}"}
{"op_code":6,"worker_id":"547befa4-d3f5-426d-84d3-e65f6c8cc7c8-126708796380992","trial_id":157,"state":2,"values":null,"datetime_complete":"2026-07-24T01:55:12.294340"}
{"op_code":4,"worker_id":"547befa4-d3f5-426d-84d3-e65f6c8cc7c8-126708796380992","study_id":0,"datetime_start":"2026-07-24T01:55:12.296406"}
{"op_code":9,"worker_id":"547befa4-d3f5-426d-84d3-e65f6c8cc7c8-126708796380992","trial_id":158,"system_attr":{"tpe:relative_params:0":"{\"gx\": 1, \"gy\": 8, \"k\": 128, \"m\": 16, \"n\": 128, \"sub\": 32}"}}
{"op_code":5,"worker_id":"547befa4-d3f5-426d-84d3-e65f6c8cc7c8-126708796380992","trial_id":158,"param_name":"m","param_value_internal":0,"distribution":"{\"name\": \"CategoricalDistribution\", \"attributes\": {\"choices\": [16, 32, 64, 128, 256]}}"}
{"op_code":5,"worker_id":"547befa4-d3f5-426d-84d3-e65f6c8cc7c8-126708796380992","trial_id":158,"param_name":"n","param_value_internal":3,"distribution":"{\"name\": \"CategoricalDistribution\", \"attributes\": {\"choices\": [16, 32, 64, 128, 256]}}"}
{"op_code":5,"worker_id":"547befa4-d3f5-426d-84d3-e65f6c8cc7c8-126708796380992","trial_id":158,"param_name":"k","param_value_internal":3,"distribution":"{\"name\": \"CategoricalDistribution\", \"attributes\": {\"choices\": [16, 32, 64, 128]}}"}
{"op_code":5,"worker_id":"547befa4-d3f5-426d-84d3-e65f6c8cc7c8-126708796380992","trial_id":158,"param_name":"gx","param_value_internal":0,"distribution":"{\"name\": \"CategoricalDistribution\", \"attributes\": {\"choices\": [1, 2, 4, 8]}}"}
{"op_code":5,"worker_id":"547befa4-d3f5-426d-84d3-e65f6c8cc7c8-126708796380992","trial_id":158,"param_name":"gy","param_value_internal":3,"distribution":"{\"name\": \"CategoricalDistribution\", \"attributes\": {\"choices\": [1, 2, 4, 8]}}"}
{"op_code":5,"worker_id":"547befa4-d3f5-426d-84d3-e65f6c8cc7c8-126708796380992","trial_id":158,"param_name":"sub","param_value_internal":0,"distribution":"{\"name\": \"CategoricalDistribution\", \"attributes\": {\"choices\": [32, 64]}}"}
{"op_code":6,"worker_id":"547befa4-d3f5-426d-84d3-e65f6c8cc7c8-126708796380992","trial_id":158,"state":2,"values":null,"datetime_complete":"2026-07-24T01:55:12.318140"}
{"op_code":4,"worker_id":"547befa4-d3f5-426d-84d3-e65f6c8cc7c8-126708796380992","study_id":0,"datetime_start":"2026-07-24T01:55:12.320160"}
{"op_code":9,"worker_id":"547befa4-d3f5-426d-84d3-e65f6c8cc7c8-126708796380992","trial_id":159,"system_attr":{"tpe:relative_params:0":"{\"gx\": 4, \"gy\": 1, \"k\": 128, \"m\": 32, \"n\": 32, \"sub\": 64}"}}
{"op_code":5,"worker_id":"547befa4-d3f5-426d-84d3-e65f6c8cc7c8-126708796380992","trial_id":159,"param_name":"m","param_value_internal":1,"distribution":"{\"name\": \"CategoricalDistribution\", \"attributes\": {\"choices\": [16, 32, 64, 128, 256]}}"}
{"op_code":5,"worker_id":"547befa4-d3f5-426d-84d3-e65f6c8cc7c8-126708796380992","trial_id":159,"param_name":"n","param_value_internal":1,"distribution":"{\"name\": \"CategoricalDistribution\", \"attributes\": {\"choices\": [16, 32, 64, 128, 256]}}"}
{"op_code":5,"worker_id":"547befa4-d3f5-426d-84d3-e65f6c8cc7c8-126708796380992","trial_id":159,"param_name":"k","param_value_internal":3,"distribution":"{\"name\": \"CategoricalDistribution\", \"attributes\": {\"choices\": [16, 32, 64, 128]}}"}
{"op_code":5,"worker_id":"547befa4-d3f5-426d-84d3-e65f6c8cc7c8-126708796380992","trial_id":159,"param_name":"gx","param_value_internal":2,"distribution":"{\"name\": \"CategoricalDistribution\", \"attributes\": {\"choices\": [1, 2, 4, 8]}}"}
{"op_code":5,"worker_id":"547befa4-d3f5-426d-84d3-e65f6c8cc7c8-126708796380992","trial_id":159,"param_name":"gy","param_value_internal":0,"distribution":"{\"name\": \"CategoricalDistribution\", \"attributes\": {\"choices\": [1, 2, 4, 8]}}"}
{"op_code":5,"worker_id":"547befa4-d3f5-426d-84d3-e65f6c8cc7c8-126708796380992","trial_id":159,"param_name":"sub","param_value_internal":1,"distribution":"{\"name\": \"CategoricalDistribution\", \"attributes\": {\"choices\": [32, 64]}}"}
{"op_code":6,"worker_id":"547befa4-d3f5-426d-84d3-e65f6c8cc7c8-126708796380992","trial_id":159,"state":2,"values":null,"datetime_complete":"2026-07-24T01:55:12.340305"}
{"op_code":4,"worker_id":"547befa4-d3f5-426d-84d3-e65f6c8cc7c8-126708796380992","study_id":0,"datetime_start":"2026-07-24T01:55:12.342253"}
{"op_code":9,"worker_id":"547befa4-d3f5-426d-84d3-e65f6c8cc7c8-126708796380992","trial_id":160,"system_attr":{"tpe:relative_params:0":"{\"gx\": 4, \"gy\": 1, \"k\": 64, \"m\": 32, \"n\": 64, \"sub\": 64}"}}
{"op_code":5,"worker_id":"547befa4-d3f5-426d-84d3-e65f6c8cc7c8-126708796380992","trial_id":160,"param_name":"m","param_value_internal":1,"distribution":"{\"name\": \"CategoricalDistribution\", \"attributes\": {\"choices\": [16, 32, 64, 128, 256]}}"}
{"op_code":5,"worker_id":"547befa4-d3f5-426d-84d3-e65f6c8cc7c8-126708796380992","trial_id":160,"param_name":"n","param_value_internal":2,"distribution":"{\"name\": \"CategoricalDistribution\", \"attributes\": {\"choices\": [16, 32, 64, 128, 256]}}"}
{"op_code":5,"worker_id":"547befa4-d3f5-426d-84d3-e65f6c8cc7c8-126708796380992","trial_id":160,"param_name":"k","param_value_internal":2,"distribution":"{\"name\": \"CategoricalDistribution\", \"attributes\": {\"choices\": [16, 32, 64, 128]}}"}
{"op_code":5,"worker_id":"547befa4-d3f5-426d-84d3-e65f6c8cc7c8-126708796380992","trial_id":160,"param_name":"gx","param_value_internal":2,"distribution":"{\"name\": \"CategoricalDistribution\", \"attributes\": {\"choices\": [1, 2, 4, 8]}}"}
{"op_code":5,"worker_id":"547befa4-d3f5-426d-84d3-e65f6c8cc7c8-126708796380992","trial_id":160,"param_name":"gy","param_value_internal":0,"distribution":"{\"name\": \"CategoricalDistribution\", \"attributes\": {\"choices\": [1, 2, 4, 8]}}"}
{"op_code":5,"worker_id":"547befa4-d3f5-426d-84d3-e65f6c8cc7c8-126708796380992","trial_id":160,"param_name":"sub","param_value_internal":1,"distribution":"{\"name\": \"CategoricalDistribution\", \"attributes\": {\"choices\": [32, 64]}}"}
{"op_code":8,"worker_id":"547befa4-d3f5-426d-84d3-e65f6c8cc7c8-126708796380992","trial_id":160,"user_attr":{"token":"tsweep_t32x64k64g41s64"}}
{"op_code":4,"worker_id":"547befa4-d3f5-426d-84d3-e65f6c8cc7c8-126708796380992","study_id":0,"datetime_start":"2026-07-24T01:55:12.365663"}
{"op_code":9,"worker_id":"547befa4-d3f5-426d-84d3-e65f6c8cc7c8-126708796380992","trial_id":161,"system_attr":{"tpe:relative_params:0":"{\"gx\": 1, \"gy\": 2, \"k\": 32, \"m\": 32, \"n\": 32, \"sub\": 32}"}}
{"op_code":5,"worker_id":"547befa4-d3f5-426d-84d3-e65f6c8cc7c8-126708796380992","trial_id":161,"param_name":"m","param_value_internal":1,"distribution":"{\"name\": \"CategoricalDistribution\", \"attributes\": {\"choices\": [16, 32, 64, 128, 256]}}"}
{"op_code":5,"worker_id":"547befa4-d3f5-426d-84d3-e65f6c8cc7c8-126708796380992","trial_id":161,"param_name":"n","param_value_internal":1,"distribution":"{\"name\": \"CategoricalDistribution\", \"attributes\": {\"choices\": [16, 32, 64, 128, 256]}}"}
{"op_code":5,"worker_id":"547befa4-d3f5-426d-84d3-e65f6c8cc7c8-126708796380992","trial_id":161,"param_name":"k","param_value_internal":1,"distribution":"{\"name\": \"CategoricalDistribution\", \"attributes\": {\"choices\": [16, 32, 64, 128]}}"}
{"op_code":5,"worker_id":"547befa4-d3f5-426d-84d3-e65f6c8cc7c8-126708796380992","trial_id":161,"param_name":"gx","param_value_internal":0,"distribution":"{\"name\": \"CategoricalDistribution\", \"attributes\": {\"choices\": [1, 2, 4, 8]}}"}
{"op_code":5,"worker_id":"547befa4-d3f5-426d-84d3-e65f6c8cc7c8-126708796380992","trial_id":161,"param_name":"gy","param_value_internal":1,"distribution":"{\"name\": \"CategoricalDistribution\", \"attributes\": {\"choices\": [1, 2, 4, 8]}}"}
{"op_code":5,"worker_id":"547befa4-d3f5-426d-84d3-e65f6c8cc7c8-126708796380992","trial_id":161,"param_name":"sub","param_value_internal":0,"distribution":"{\"name\": \"CategoricalDistribution\", \"attributes\": {\"choices\": [32, 64]}}"}
{"op_code":6,"worker_id":"547befa4-d3f5-426d-84d3-e65f6c8cc7c8-126708796380992","trial_id":161,"state":2,"values":null,"datetime_complete":"2026-07-24T01:55:12.387950"}
{"op_code":4,"worker_id":"547befa4-d3f5-426d-84d3-e65f6c8cc7c8-126708796380992","study_id":0,"datetime_start":"2026-07-24T01:55:12.389770"}
{"op_code":9,"worker_id":"547befa4-d3f5-426d-84d3-e65f6c8cc7c8-126708796380992","trial_id":162,"system_attr":{"tpe:relative_params:0":"{\"gx\": 2, \"gy\": 1, \"k\": 64, \"m\": 64, \"n\": 128, \"sub\": 64}"}}
{"op_code":5,"worker_id":"547befa4-d3f5-426d-84d3-e65f6c8cc7c8-126708796380992","trial_id":162,"param_name":"m","param_value_internal":2,"distribution":"{\"name\": \"CategoricalDistribution\", \"attributes\": {\"choices\": [16, 32, 64, 128, 256]}}"}
{"op_code":5,"worker_id":"547befa4-d3f5-426d-84d3-e65f6c8cc7c8-126708796380992","trial_id":162,"param_name":"n","param_value_internal":3,"distribution":"{\"name\": \"CategoricalDistribution\", \"attributes\": {\"choices\": [16, 32, 64, 128, 256]}}"}
{"op_code":5,"worker_id":"547befa4-d3f5-426d-84d3-e65f6c8cc7c8-126708796380992","trial_id":162,"param_name":"k","param_value_internal":2,"distribution":"{\"name\": \"CategoricalDistribution\", \"attributes\": {\"choices\": [16, 32, 64, 128]}}"}
{"op_code":5,"worker_id":"547befa4-d3f5-426d-84d3-e65f6c8cc7c8-126708796380992","trial_id":162,"param_name":"gx","param_value_internal":1,"distribution":"{\"name\": \"CategoricalDistribution\", \"attributes\": {\"choices\": [1, 2, 4, 8]}}"}
{"op_code":5,"worker_id":"547befa4-d3f5-426d-84d3-e65f6c8cc7c8-126708796380992","trial_id":162,"param_name":"gy","param_value_internal":0,"distribution":"{\"name\": \"CategoricalDistribution\", \"attributes\": {\"choices\": [1, 2, 4, 8]}}"}
{"op_code":5,"worker_id":"547befa4-d3f5-426d-84d3-e65f6c8cc7c8-126708796380992","trial_id":162,"param_name":"sub","param_value_internal":1,"distribution":"{\"name\": \"CategoricalDistribution\", \"attributes\": {\"choices\": [32, 64]}}"}
{"op_code":8,"worker_id":"547befa4-d3f5-426d-84d3-e65f6c8cc7c8-126708796380992","trial_id":162,"user_attr":{"token":"tsweep_t64x128k64g21s64"}}
{"op_code":4,"worker_id":"547befa4-d3f5-426d-84d3-e65f6c8cc7c8-126708796380992","study_id":0,"datetime_start":"2026-07-24T01:55:12.412039"}
{"op_code":9,"worker_id":"547befa4-d3f5-426d-84d3-e65f6c8cc7c8-126708796380992","trial_id":163,"system_attr":{"tpe:relative_params:0":"{\"gx\": 2, \"gy\": 4, \"k\": 16, \"m\": 64, \"n\": 128, \"sub\": 64}"}}
{"op_code":5,"worker_id":"547befa4-d3f5-426d-84d3-e65f6c8cc7c8-126708796380992","trial_id":163,"param_name":"m","param_value_internal":2,"distribution":"{\"name\": \"CategoricalDistribution\", \"attributes\": {\"choices\": [16, 32, 64, 128, 256]}}"}
{"op_code":5,"worker_id":"547befa4-d3f5-426d-84d3-e65f6c8cc7c8-126708796380992","trial_id":163,"param_name":"n","param_value_internal":3,"distribution":"{\"name\": \"CategoricalDistribution\", \"attributes\": {\"choices\": [16, 32, 64, 128, 256]}}"}
{"op_code":5,"worker_id":"547befa4-d3f5-426d-84d3-e65f6c8cc7c8-126708796380992","trial_id":163,"param_name":"k","param_value_internal":0,"distribution":"{\"name\": \"CategoricalDistribution\", \"attributes\": {\"choices\": [16, 32, 64, 128]}}"}
{"op_code":5,"worker_id":"547befa4-d3f5-426d-84d3-e65f6c8cc7c8-126708796380992","trial_id":163,"param_name":"gx","param_value_internal":1,"distribution":"{\"name\": \"CategoricalDistribution\", \"attributes\": {\"choices\": [1, 2, 4, 8]}}"}
{"op_code":5,"worker_id":"547befa4-d3f5-426d-84d3-e65f6c8cc7c8-126708796380992","trial_id":163,"param_name":"gy","param_value_internal":2,"distribution":"{\"name\": \"CategoricalDistribution\", \"attributes\": {\"choices\": [1, 2, 4, 8]}}"}
{"op_code":5,"worker_id":"547befa4-d3f5-426d-84d3-e65f6c8cc7c8-126708796380992","trial_id":163,"param_name":"sub","param_value_internal":1,"distribution":"{\"name\": \"CategoricalDistribution\", \"attributes\": {\"choices\": [32, 64]}}"}
{"op_code":8,"worker_id":"547befa4-d3f5-426d-84d3-e65f6c8cc7c8-126708796380992","trial_id":163,"user_attr":{"token":"tsweep_t64x128k16g24s64"}}
{"op_code":4,"worker_id":"547befa4-d3f5-426d-84d3-e65f6c8cc7c8-126708796380992","study_id":0,"datetime_start":"2026-07-24T01:55:12.432478"}
{"op_code":9,"worker_id":"547befa4-d3f5-426d-84d3-e65f6c8cc7c8-126708796380992","trial_id":164,"system_attr":{"tpe:relative_params:0":"{\"gx\": 4, \"gy\": 8, \"k\": 128, \"m\": 16, \"n\": 32, \"sub\": 64}"}}
{"op_code":5,"worker_id":"547befa4-d3f5-426d-84d3-e65f6c8cc7c8-126708796380992","trial_id":164,"param_name":"m","param_value_internal":0,"distribution":"{\"name\": \"CategoricalDistribution\", \"attributes\": {\"choices\": [16, 32, 64, 128, 256]}}"}
{"op_code":5,"worker_id":"547befa4-d3f5-426d-84d3-e65f6c8cc7c8-126708796380992","trial_id":164,"param_name":"n","param_value_internal":1,"distribution":"{\"name\": \"CategoricalDistribution\", \"attributes\": {\"choices\": [16, 32, 64, 128, 256]}}"}
{"op_code":5,"worker_id":"547befa4-d3f5-426d-84d3-e65f6c8cc7c8-126708796380992","trial_id":164,"param_name":"k","param_value_internal":3,"distribution":"{\"name\": \"CategoricalDistribution\", \"attributes\": {\"choices\": [16, 32, 64, 128]}}"}
{"op_code":5,"worker_id":"547befa4-d3f5-426d-84d3-e65f6c8cc7c8-126708796380992","trial_id":164,"param_name":"gx","param_value_internal":2,"distribution":"{\"name\": \"CategoricalDistribution\", \"attributes\": {\"choices\": [1, 2, 4, 8]}}"}
{"op_code":5,"worker_id":"547befa4-d3f5-426d-84d3-e65f6c8cc7c8-126708796380992","trial_id":164,"param_name":"gy","param_value_internal":3,"distribution":"{\"name\": \"CategoricalDistribution\", \"attributes\": {\"choices\": [1, 2, 4, 8]}}"}
{"op_code":5,"worker_id":"547befa4-d3f5-426d-84d3-e65f6c8cc7c8-126708796380992","trial_id":164,"param_name":"sub","param_value_internal":1,"distribution":"{\"name\": \"CategoricalDistribution\", \"attributes\": {\"choices\": [32, 64]}}"}
{"op_code":6,"worker_id":"547befa4-d3f5-426d-84d3-e65f6c8cc7c8-126708796380992","trial_id":164,"state":2,"values":null,"datetime_complete":"2026-07-24T01:55:12.451630"}
{"op_code":4,"worker_id":"547befa4-d3f5-426d-84d3-e65f6c8cc7c8-126708796380992","study_id":0,"datetime_start":"2026-07-24T01:55:12.453367"}
{"op_code":9,"worker_id":"547befa4-d3f5-426d-84d3-e65f6c8cc7c8-126708796380992","trial_id":165,"system_attr":{"tpe:relative_params:0":"{\"gx\": 8, \"gy\": 1, \"k\": 128, \"m\": 64, \"n\": 64, \"sub\": 64}"}}
{"op_code":5,"worker_id":"547befa4-d3f5-426d-84d3-e65f6c8cc7c8-126708796380992","trial_id":165,"param_name":"m","param_value_internal":2,"distribution":"{\"name\": \"CategoricalDistribution\", \"attributes\": {\"choices\": [16, 32, 64, 128, 256]}}"}
{"op_code":5,"worker_id":"547befa4-d3f5-426d-84d3-e65f6c8cc7c8-126708796380992","trial_id":165,"param_name":"n","param_value_internal":2,"distribution":"{\"name\": \"CategoricalDistribution\", \"attributes\": {\"choices\": [16, 32, 64, 128, 256]}}"}
{"op_code":5,"worker_id":"547befa4-d3f5-426d-84d3-e65f6c8cc7c8-126708796380992","trial_id":165,"param_name":"k","param_value_internal":3,"distribution":"{\"name\": \"CategoricalDistribution\", \"attributes\": {\"choices\": [16, 32, 64, 128]}}"}
{"op_code":5,"worker_id":"547befa4-d3f5-426d-84d3-e65f6c8cc7c8-126708796380992","trial_id":165,"param_name":"gx","param_value_internal":3,"distribution":"{\"name\": \"CategoricalDistribution\", \"attributes\": {\"choices\": [1, 2, 4, 8]}}"}
{"op_code":5,"worker_id":"547befa4-d3f5-426d-84d3-e65f6c8cc7c8-126708796380992","trial_id":165,"param_name":"gy","param_value_internal":0,"distribution":"{\"name\": \"CategoricalDistribution\", \"attributes\": {\"choices\": [1, 2, 4, 8]}}"}
{"op_code":5,"worker_id":"547befa4-d3f5-426d-84d3-e65f6c8cc7c8-126708796380992","trial_id":165,"param_name":"sub","param_value_internal":1,"distribution":"{\"name\": \"CategoricalDistribution\", \"attributes\": {\"choices\": [32, 64]}}"}
{"op_code":6,"worker_id":"547befa4-d3f5-426d-84d3-e65f6c8cc7c8-126708796380992","trial_id":165,"state":2,"values":null,"datetime_complete":"2026-07-24T01:55:12.475208"}
{"op_code":4,"worker_id":"547befa4-d3f5-426d-84d3-e65f6c8cc7c8-126708796380992","study_id":0,"datetime_start":"2026-07-24T01:55:12.477352"}
{"op_code":9,"worker_id":"547befa4-d3f5-426d-84d3-e65f6c8cc7c8-126708796380992","trial_id":166,"system_attr":{"tpe:relative_params:0":"{\"gx\": 1, \"gy\": 2, \"k\": 32, \"m\": 16, \"n\": 128, \"sub\": 64}"}}
{"op_code":5,"worker_id":"547befa4-d3f5-426d-84d3-e65f6c8cc7c8-126708796380992","trial_id":166,"param_name":"m","param_value_internal":0,"distribution":"{\"name\": \"CategoricalDistribution\", \"attributes\": {\"choices\": [16, 32, 64, 128, 256]}}"}
{"op_code":5,"worker_id":"547befa4-d3f5-426d-84d3-e65f6c8cc7c8-126708796380992","trial_id":166,"param_name":"n","param_value_internal":3,"distribution":"{\"name\": \"CategoricalDistribution\", \"attributes\": {\"choices\": [16, 32, 64, 128, 256]}}"}
{"op_code":5,"worker_id":"547befa4-d3f5-426d-84d3-e65f6c8cc7c8-126708796380992","trial_id":166,"param_name":"k","param_value_internal":1,"distribution":"{\"name\": \"CategoricalDistribution\", \"attributes\": {\"choices\": [16, 32, 64, 128]}}"}
{"op_code":5,"worker_id":"547befa4-d3f5-426d-84d3-e65f6c8cc7c8-126708796380992","trial_id":166,"param_name":"gx","param_value_internal":0,"distribution":"{\"name\": \"CategoricalDistribution\", \"attributes\": {\"choices\": [1, 2, 4, 8]}}"}
{"op_code":5,"worker_id":"547befa4-d3f5-426d-84d3-e65f6c8cc7c8-126708796380992","trial_id":166,"param_name":"gy","param_value_internal":1,"distribution":"{\"name\": \"CategoricalDistribution\", \"attributes\": {\"choices\": [1, 2, 4, 8]}}"}
{"op_code":5,"worker_id":"547befa4-d3f5-426d-84d3-e65f6c8cc7c8-126708796380992","trial_id":166,"param_name":"sub","param_value_internal":1,"distribution":"{\"name\": \"CategoricalDistribution\", \"attributes\": {\"choices\": [32, 64]}}"}
{"op_code":6,"worker_id":"547befa4-d3f5-426d-84d3-e65f6c8cc7c8-126708796380992","trial_id":166,"state":2,"values":null,"datetime_complete":"2026-07-24T01:55:12.499134"}
{"op_code":4,"worker_id":"547befa4-d3f5-426d-84d3-e65f6c8cc7c8-126708796380992","study_id":0,"datetime_start":"2026-07-24T01:55:12.501896"}
{"op_code":9,"worker_id":"547befa4-d3f5-426d-84d3-e65f6c8cc7c8-126708796380992","trial_id":167,"system_attr":{"tpe:relative_params:0":"{\"gx\": 4, \"gy\": 2, \"k\": 32, \"m\": 64, \"n\": 64, \"sub\": 64}"}}
{"op_code":5,"worker_id":"547befa4-d3f5-426d-84d3-e65f6c8cc7c8-126708796380992","trial_id":167,"param_name":"m","param_value_internal":2,"distribution":"{\"name\": \"CategoricalDistribution\", \"attributes\": {\"choices\": [16, 32, 64, 128, 256]}}"}
{"op_code":5,"worker_id":"547befa4-d3f5-426d-84d3-e65f6c8cc7c8-126708796380992","trial_id":167,"param_name":"n","param_value_internal":2,"distribution":"{\"name\": \"CategoricalDistribution\", \"attributes\": {\"choices\": [16, 32, 64, 128, 256]}}"}
{"op_code":5,"worker_id":"547befa4-d3f5-426d-84d3-e65f6c8cc7c8-126708796380992","trial_id":167,"param_name":"k","param_value_internal":1,"distribution":"{\"name\": \"CategoricalDistribution\", \"attributes\": {\"choices\": [16, 32, 64, 128]}}"}
{"op_code":5,"worker_id":"547befa4-d3f5-426d-84d3-e65f6c8cc7c8-126708796380992","trial_id":167,"param_name":"gx","param_value_internal":2,"distribution":"{\"name\": \"CategoricalDistribution\", \"attributes\": {\"choices\": [1, 2, 4, 8]}}"}
{"op_code":5,"worker_id":"547befa4-d3f5-426d-84d3-e65f6c8cc7c8-126708796380992","trial_id":167,"param_name":"gy","param_value_internal":1,"distribution":"{\"name\": \"CategoricalDistribution\", \"attributes\": {\"choices\": [1, 2, 4, 8]}}"}
{"op_code":5,"worker_id":"547befa4-d3f5-426d-84d3-e65f6c8cc7c8-126708796380992","trial_id":167,"param_name":"sub","param_value_internal":1,"distribution":"{\"name\": \"CategoricalDistribution\", \"attributes\": {\"choices\": [32, 64]}}"}
{"op_code":8,"worker_id":"547befa4-d3f5-426d-84d3-e65f6c8cc7c8-126708796380992","trial_id":167,"user_attr":{"token":"tsweep_t64x64k32g42s64"}}
{"op_code":4,"worker_id":"547befa4-d3f5-426d-84d3-e65f6c8cc7c8-126708796380992","study_id":0,"datetime_start":"2026-07-24T01:55:12.531052"}
{"op_code":9,"worker_id":"547befa4-d3f5-426d-84d3-e65f6c8cc7c8-126708796380992","trial_id":168,"system_attr":{"tpe:relative_params:0":"{\"gx\": 2, \"gy\": 1, \"k\": 64, \"m\": 256, \"n\": 128, \"sub\": 32}"}}
{"op_code":5,"worker_id":"547befa4-d3f5-426d-84d3-e65f6c8cc7c8-126708796380992","trial_id":168,"param_name":"m","param_value_internal":4,"distribution":"{\"name\": \"CategoricalDistribution\", \"attributes\": {\"choices\": [16, 32, 64, 128, 256]}}"}
{"op_code":5,"worker_id":"547befa4-d3f5-426d-84d3-e65f6c8cc7c8-126708796380992","trial_id":168,"param_name":"n","param_value_internal":3,"distribution":"{\"name\": \"CategoricalDistribution\", \"attributes\": {\"choices\": [16, 32, 64, 128, 256]}}"}
{"op_code":5,"worker_id":"547befa4-d3f5-426d-84d3-e65f6c8cc7c8-126708796380992","trial_id":168,"param_name":"k","param_value_internal":2,"distribution":"{\"name\": \"CategoricalDistribution\", \"attributes\": {\"choices\": [16, 32, 64, 128]}}"}
{"op_code":5,"worker_id":"547befa4-d3f5-426d-84d3-e65f6c8cc7c8-126708796380992","trial_id":168,"param_name":"gx","param_value_internal":1,"distribution":"{\"name\": \"CategoricalDistribution\", \"attributes\": {\"choices\": [1, 2, 4, 8]}}"}
{"op_code":5,"worker_id":"547befa4-d3f5-426d-84d3-e65f6c8cc7c8-126708796380992","trial_id":168,"param_name":"gy","param_value_internal":0,"distribution":"{\"name\": \"CategoricalDistribution\", \"attributes\": {\"choices\": [1, 2, 4, 8]}}"}
{"op_code":5,"worker_id":"547befa4-d3f5-426d-84d3-e65f6c8cc7c8-126708796380992","trial_id":168,"param_name":"sub","param_value_internal":0,"distribution":"{\"name\": \"CategoricalDistribution\", \"attributes\": {\"choices\": [32, 64]}}"}
{"op_code":6,"worker_id":"547befa4-d3f5-426d-84d3-e65f6c8cc7c8-126708796380992","trial_id":168,"state":2,"values":null,"datetime_complete":"2026-07-24T01:55:12.557532"}
{"op_code":4,"worker_id":"547befa4-d3f5-426d-84d3-e65f6c8cc7c8-126708796380992","study_id":0,"datetime_start":"2026-07-24T01:55:12.559768"}
{"op_code":9,"worker_id":"547befa4-d3f5-426d-84d3-e65f6c8cc7c8-126708796380992","trial_id":169,"system_attr":{"tpe:relative_params:0":"{\"gx\": 1, \"gy\": 8, \"k\": 128, \"m\": 64, \"n\": 32, \"sub\": 64}"}}
{"op_code":5,"worker_id":"547befa4-d3f5-426d-84d3-e65f6c8cc7c8-126708796380992","trial_id":169,"param_name":"m","param_value_internal":2,"distribution":"{\"name\": \"CategoricalDistribution\", \"attributes\": {\"choices\": [16, 32, 64, 128, 256]}}"}
{"op_code":5,"worker_id":"547befa4-d3f5-426d-84d3-e65f6c8cc7c8-126708796380992","trial_id":169,"param_name":"n","param_value_internal":1,"distribution":"{\"name\": \"CategoricalDistribution\", \"attributes\": {\"choices\": [16, 32, 64, 128, 256]}}"}
{"op_code":5,"worker_id":"547befa4-d3f5-426d-84d3-e65f6c8cc7c8-126708796380992","trial_id":169,"param_name":"k","param_value_internal":3,"distribution":"{\"name\": \"CategoricalDistribution\", \"attributes\": {\"choices\": [16, 32, 64, 128]}}"}
{"op_code":5,"worker_id":"547befa4-d3f5-426d-84d3-e65f6c8cc7c8-126708796380992","trial_id":169,"param_name":"gx","param_value_internal":0,"distribution":"{\"name\": \"CategoricalDistribution\", \"attributes\": {\"choices\": [1, 2, 4, 8]}}"}
{"op_code":5,"worker_id":"547befa4-d3f5-426d-84d3-e65f6c8cc7c8-126708796380992","trial_id":169,"param_name":"gy","param_value_internal":3,"distribution":"{\"name\": \"CategoricalDistribution\", \"attributes\": {\"choices\": [1, 2, 4, 8]}}"}
{"op_code":5,"worker_id":"547befa4-d3f5-426d-84d3-e65f6c8cc7c8-126708796380992","trial_id":169,"param_name":"sub","param_value_internal":1,"distribution":"{\"name\": \"CategoricalDistribution\", \"attributes\": {\"choices\": [32, 64]}}"}
{"op_code":6,"worker_id":"547befa4-d3f5-426d-84d3-e65f6c8cc7c8-126708796380992","trial_id":169,"state":2,"values":null,"datetime_complete":"2026-07-24T01:55:12.582298"}
{"op_code":4,"worker_id":"547befa4-d3f5-426d-84d3-e65f6c8cc7c8-126708796380992","study_id":0,"datetime_start":"2026-07-24T01:55:12.584259"}
{"op_code":9,"worker_id":"547befa4-d3f5-426d-84d3-e65f6c8cc7c8-126708796380992","trial_id":170,"system_attr":{"tpe:relative_params:0":"{\"gx\": 4, \"gy\": 4, \"k\": 16, \"m\": 64, \"n\": 64, \"sub\": 64}"}}
{"op_code":5,"worker_id":"547befa4-d3f5-426d-84d3-e65f6c8cc7c8-126708796380992","trial_id":170,"param_name":"m","param_value_internal":2,"distribution":"{\"name\": \"CategoricalDistribution\", \"attributes\": {\"choices\": [16, 32, 64, 128, 256]}}"}
{"op_code":5,"worker_id":"547befa4-d3f5-426d-84d3-e65f6c8cc7c8-126708796380992","trial_id":170,"param_name":"n","param_value_internal":2,"distribution":"{\"name\": \"CategoricalDistribution\", \"attributes\": {\"choices\": [16, 32, 64, 128, 256]}}"}
{"op_code":5,"worker_id":"547befa4-d3f5-426d-84d3-e65f6c8cc7c8-126708796380992","trial_id":170,"param_name":"k","param_value_internal":0,"distribution":"{\"name\": \"CategoricalDistribution\", \"attributes\": {\"choices\": [16, 32, 64, 128]}}"}
{"op_code":5,"worker_id":"547befa4-d3f5-426d-84d3-e65f6c8cc7c8-126708796380992","trial_id":170,"param_name":"gx","param_value_internal":2,"distribution":"{\"name\": \"CategoricalDistribution\", \"attributes\": {\"choices\": [1, 2, 4, 8]}}"}
{"op_code":5,"worker_id":"547befa4-d3f5-426d-84d3-e65f6c8cc7c8-126708796380992","trial_id":170,"param_name":"gy","param_value_internal":2,"distribution":"{\"name\": \"CategoricalDistribution\", \"attributes\": {\"choices\": [1, 2, 4, 8]}}"}
{"op_code":5,"worker_id":"547befa4-d3f5-426d-84d3-e65f6c8cc7c8-126708796380992","trial_id":170,"param_name":"sub","param_value_internal":1,"distribution":"{\"name\": \"CategoricalDistribution\", \"attributes\": {\"choices\": [32, 64]}}"}
{"op_code":6,"worker_id":"547befa4-d3f5-426d-84d3-e65f6c8cc7c8-126708796380992","trial_id":170,"state":2,"values":null,"datetime_complete":"2026-07-24T01:55:12.606462"}
{"op_code":4,"worker_id":"547befa4-d3f5-426d-84d3-e65f6c8cc7c8-126708796380992","study_id":0,"datetime_start":"2026-07-24T01:55:12.608586"}
{"op_code":9,"worker_id":"547befa4-d3f5-426d-84d3-e65f6c8cc7c8-126708796380992","trial_id":171,"system_attr":{"tpe:relative_params:0":"{\"gx\": 1, \"gy\": 8, \"k\": 128, \"m\": 256, \"n\": 32, \"sub\": 32}"}}
{"op_code":5,"worker_id":"547befa4-d3f5-426d-84d3-e65f6c8cc7c8-126708796380992","trial_id":171,"param_name":"m","param_value_internal":4,"distribution":"{\"name\": \"CategoricalDistribution\", \"attributes\": {\"choices\": [16, 32, 64, 128, 256]}}"}
{"op_code":5,"worker_id":"547befa4-d3f5-426d-84d3-e65f6c8cc7c8-126708796380992","trial_id":171,"param_name":"n","param_value_internal":1,"distribution":"{\"name\": \"CategoricalDistribution\", \"attributes\": {\"choices\": [16, 32, 64, 128, 256]}}"}
{"op_code":5,"worker_id":"547befa4-d3f5-426d-84d3-e65f6c8cc7c8-126708796380992","trial_id":171,"param_name":"k","param_value_internal":3,"distribution":"{\"name\": \"CategoricalDistribution\", \"attributes\": {\"choices\": [16, 32, 64, 128]}}"}
{"op_code":5,"worker_id":"547befa4-d3f5-426d-84d3-e65f6c8cc7c8-126708796380992","trial_id":171,"param_name":"gx","param_value_internal":0,"distribution":"{\"name\": \"CategoricalDistribution\", \"attributes\": {\"choices\": [1, 2, 4, 8]}}"}
{"op_code":5,"worker_id":"547befa4-d3f5-426d-84d3-e65f6c8cc7c8-126708796380992","trial_id":171,"param_name":"gy","param_value_internal":3,"distribution":"{\"name\": \"CategoricalDistribution\", \"attributes\": {\"choices\": [1, 2, 4, 8]}}"}
{"op_code":5,"worker_id":"547befa4-d3f5-426d-84d3-e65f6c8cc7c8-126708796380992","trial_id":171,"param_name":"sub","param_value_internal":0,"distribution":"{\"name\": \"CategoricalDistribution\", \"attributes\": {\"choices\": [32, 64]}}"}
{"op_code":6,"worker_id":"547befa4-d3f5-426d-84d3-e65f6c8cc7c8-126708796380992","trial_id":171,"state":2,"values":null,"datetime_complete":"2026-07-24T01:55:12.630663"}
{"op_code":4,"worker_id":"547befa4-d3f5-426d-84d3-e65f6c8cc7c8-126708796380992","study_id":0,"datetime_start":"2026-07-24T01:55:12.632836"}
{"op_code":9,"worker_id":"547befa4-d3f5-426d-84d3-e65f6c8cc7c8-126708796380992","trial_id":172,"system_attr":{"tpe:relative_params:0":"{\"gx\": 4, \"gy\": 4, \"k\": 128, \"m\": 64, \"n\": 16, \"sub\": 64}"}}
{"op_code":5,"worker_id":"547befa4-d3f5-426d-84d3-e65f6c8cc7c8-126708796380992","trial_id":172,"param_name":"m","param_value_internal":2,"distribution":"{\"name\": \"CategoricalDistribution\", \"attributes\": {\"choices\": [16, 32, 64, 128, 256]}}"}
{"op_code":5,"worker_id":"547befa4-d3f5-426d-84d3-e65f6c8cc7c8-126708796380992","trial_id":172,"param_name":"n","param_value_internal":0,"distribution":"{\"name\": \"CategoricalDistribution\", \"attributes\": {\"choices\": [16, 32, 64, 128, 256]}}"}
{"op_code":5,"worker_id":"547befa4-d3f5-426d-84d3-e65f6c8cc7c8-126708796380992","trial_id":172,"param_name":"k","param_value_internal":3,"distribution":"{\"name\": \"CategoricalDistribution\", \"attributes\": {\"choices\": [16, 32, 64, 128]}}"}
{"op_code":5,"worker_id":"547befa4-d3f5-426d-84d3-e65f6c8cc7c8-126708796380992","trial_id":172,"param_name":"gx","param_value_internal":2,"distribution":"{\"name\": \"CategoricalDistribution\", \"attributes\": {\"choices\": [1, 2, 4, 8]}}"}
{"op_code":5,"worker_id":"547befa4-d3f5-426d-84d3-e65f6c8cc7c8-126708796380992","trial_id":172,"param_name":"gy","param_value_internal":2,"distribution":"{\"name\": \"CategoricalDistribution\", \"attributes\": {\"choices\": [1, 2, 4, 8]}}"}
{"op_code":5,"worker_id":"547befa4-d3f5-426d-84d3-e65f6c8cc7c8-126708796380992","trial_id":172,"param_name":"sub","param_value_internal":1,"distribution":"{\"name\": \"CategoricalDistribution\", \"attributes\": {\"choices\": [32, 64]}}"}
{"op_code":6,"worker_id":"547befa4-d3f5-426d-84d3-e65f6c8cc7c8-126708796380992","trial_id":172,"state":2,"values":null,"datetime_complete":"2026-07-24T01:55:12.655281"}
{"op_code":4,"worker_id":"547befa4-d3f5-426d-84d3-e65f6c8cc7c8-126708796380992","study_id":0,"datetime_start":"2026-07-24T01:55:12.657190"}
{"op_code":9,"worker_id":"547befa4-d3f5-426d-84d3-e65f6c8cc7c8-126708796380992","trial_id":173,"system_attr":{"tpe:relative_params:0":"{\"gx\": 2, \"gy\": 2, \"k\": 64, \"m\": 64, \"n\": 32, \"sub\": 64}"}}
{"op_code":5,"worker_id":"547befa4-d3f5-426d-84d3-e65f6c8cc7c8-126708796380992","trial_id":173,"param_name":"m","param_value_internal":2,"distribution":"{\"name\": \"CategoricalDistribution\", \"attributes\": {\"choices\": [16, 32, 64, 128, 256]}}"}
{"op_code":5,"worker_id":"547befa4-d3f5-426d-84d3-e65f6c8cc7c8-126708796380992","trial_id":173,"param_name":"n","param_value_internal":1,"distribution":"{\"name\": \"CategoricalDistribution\", \"attributes\": {\"choices\": [16, 32, 64, 128, 256]}}"}
{"op_code":5,"worker_id":"547befa4-d3f5-426d-84d3-e65f6c8cc7c8-126708796380992","trial_id":173,"param_name":"k","param_value_internal":2,"distribution":"{\"name\": \"CategoricalDistribution\", \"attributes\": {\"choices\": [16, 32, 64, 128]}}"}
{"op_code":5,"worker_id":"547befa4-d3f5-426d-84d3-e65f6c8cc7c8-126708796380992","trial_id":173,"param_name":"gx","param_value_internal":1,"distribution":"{\"name\": \"CategoricalDistribution\", \"attributes\": {\"choices\": [1, 2, 4, 8]}}"}
{"op_code":5,"worker_id":"547befa4-d3f5-426d-84d3-e65f6c8cc7c8-126708796380992","trial_id":173,"param_name":"gy","param_value_internal":1,"distribution":"{\"name\": \"CategoricalDistribution\", \"attributes\": {\"choices\": [1, 2, 4, 8]}}"}
{"op_code":5,"worker_id":"547befa4-d3f5-426d-84d3-e65f6c8cc7c8-126708796380992","trial_id":173,"param_name":"sub","param_value_internal":1,"distribution":"{\"name\": \"CategoricalDistribution\", \"attributes\": {\"choices\": [32, 64]}}"}
{"op_code":8,"worker_id":"547befa4-d3f5-426d-84d3-e65f6c8cc7c8-126708796380992","trial_id":173,"user_attr":{"token":"tsweep_t64x32k64g22s64"}}
{"op_code":4,"worker_id":"547befa4-d3f5-426d-84d3-e65f6c8cc7c8-126708796380992","study_id":0,"datetime_start":"2026-07-24T01:55:12.680442"}
{"op_code":9,"worker_id":"547befa4-d3f5-426d-84d3-e65f6c8cc7c8-126708796380992","trial_id":174,"system_attr":{"tpe:relative_params:0":"{\"gx\": 4, \"gy\": 4, \"k\": 16, \"m\": 256, \"n\": 128, \"sub\": 32}"}}
{"op_code":5,"worker_id":"547befa4-d3f5-426d-84d3-e65f6c8cc7c8-126708796380992","trial_id":174,"param_name":"m","param_value_internal":4,"distribution":"{\"name\": \"CategoricalDistribution\", \"attributes\": {\"choices\": [16, 32, 64, 128, 256]}}"}
{"op_code":5,"worker_id":"547befa4-d3f5-426d-84d3-e65f6c8cc7c8-126708796380992","trial_id":174,"param_name":"n","param_value_internal":3,"distribution":"{\"name\": \"CategoricalDistribution\", \"attributes\": {\"choices\": [16, 32, 64, 128, 256]}}"}
{"op_code":5,"worker_id":"547befa4-d3f5-426d-84d3-e65f6c8cc7c8-126708796380992","trial_id":174,"param_name":"k","param_value_internal":0,"distribution":"{\"name\": \"CategoricalDistribution\", \"attributes\": {\"choices\": [16, 32, 64, 128]}}"}
{"op_code":5,"worker_id":"547befa4-d3f5-426d-84d3-e65f6c8cc7c8-126708796380992","trial_id":174,"param_name":"gx","param_value_internal":2,"distribution":"{\"name\": \"CategoricalDistribution\", \"attributes\": {\"choices\": [1, 2, 4, 8]}}"}
{"op_code":5,"worker_id":"547befa4-d3f5-426d-84d3-e65f6c8cc7c8-126708796380992","trial_id":174,"param_name":"gy","param_value_internal":2,"distribution":"{\"name\": \"CategoricalDistribution\", \"attributes\": {\"choices\": [1, 2, 4, 8]}}"}
{"op_code":5,"worker_id":"547befa4-d3f5-426d-84d3-e65f6c8cc7c8-126708796380992","trial_id":174,"param_name":"sub","param_value_internal":0,"distribution":"{\"name\": \"CategoricalDistribution\", \"attributes\": {\"choices\": [32, 64]}}"}
{"op_code":6,"worker_id":"547befa4-d3f5-426d-84d3-e65f6c8cc7c8-126708796380992","trial_id":174,"state":2,"values":null,"datetime_complete":"2026-07-24T01:55:12.702089"}
{"op_code":4,"worker_id":"547befa4-d3f5-426d-84d3-e65f6c8cc7c8-126708796380992","study_id":0,"datetime_start":"2026-07-24T01:55:12.703971"}
{"op_code":9,"worker_id":"547befa4-d3f5-426d-84d3-e65f6c8cc7c8-126708796380992","trial_id":175,"system_attr":{"tpe:relative_params:0":"{\"gx\": 1, \"gy\": 1, \"k\": 32, \"m\": 64, \"n\": 32, \"sub\": 64}"}}
{"op_code":5,"worker_id":"547befa4-d3f5-426d-84d3-e65f6c8cc7c8-126708796380992","trial_id":175,"param_name":"m","param_value_internal":2,"distribution":"{\"name\": \"CategoricalDistribution\", \"attributes\": {\"choices\": [16, 32, 64, 128, 256]}}"}
{"op_code":5,"worker_id":"547befa4-d3f5-426d-84d3-e65f6c8cc7c8-126708796380992","trial_id":175,"param_name":"n","param_value_internal":1,"distribution":"{\"name\": \"CategoricalDistribution\", \"attributes\": {\"choices\": [16, 32, 64, 128, 256]}}"}
{"op_code":5,"worker_id":"547befa4-d3f5-426d-84d3-e65f6c8cc7c8-126708796380992","trial_id":175,"param_name":"k","param_value_internal":1,"distribution":"{\"name\": \"CategoricalDistribution\", \"attributes\": {\"choices\": [16, 32, 64, 128]}}"}
{"op_code":5,"worker_id":"547befa4-d3f5-426d-84d3-e65f6c8cc7c8-126708796380992","trial_id":175,"param_name":"gx","param_value_internal":0,"distribution":"{\"name\": \"CategoricalDistribution\", \"attributes\": {\"choices\": [1, 2, 4, 8]}}"}
{"op_code":5,"worker_id":"547befa4-d3f5-426d-84d3-e65f6c8cc7c8-126708796380992","trial_id":175,"param_name":"gy","param_value_internal":0,"distribution":"{\"name\": \"CategoricalDistribution\", \"attributes\": {\"choices\": [1, 2, 4, 8]}}"}
{"op_code":5,"worker_id":"547befa4-d3f5-426d-84d3-e65f6c8cc7c8-126708796380992","trial_id":175,"param_name":"sub","param_value_internal":1,"distribution":"{\"name\": \"CategoricalDistribution\", \"attributes\": {\"choices\": [32, 64]}}"}
{"op_code":8,"worker_id":"547befa4-d3f5-426d-84d3-e65f6c8cc7c8-126708796380992","trial_id":175,"user_attr":{"token":"tsweep_t64x32k32g11s64"}}
{"op_code":4,"worker_id":"547befa4-d3f5-426d-84d3-e65f6c8cc7c8-126708796380992","study_id":0,"datetime_start":"2026-07-24T01:55:12.726930"}
{"op_code":9,"worker_id":"547befa4-d3f5-426d-84d3-e65f6c8cc7c8-126708796380992","trial_id":176,"system_attr":{"tpe:relative_params:0":"{\"gx\": 8, \"gy\": 2, \"k\": 16, \"m\": 256, \"n\": 256, \"sub\": 32}"}}
{"op_code":5,"worker_id":"547befa4-d3f5-426d-84d3-e65f6c8cc7c8-126708796380992","trial_id":176,"param_name":"m","param_value_internal":4,"distribution":"{\"name\": \"CategoricalDistribution\", \"attributes\": {\"choices\": [16, 32, 64, 128, 256]}}"}
{"op_code":5,"worker_id":"547befa4-d3f5-426d-84d3-e65f6c8cc7c8-126708796380992","trial_id":176,"param_name":"n","param_value_internal":4,"distribution":"{\"name\": \"CategoricalDistribution\", \"attributes\": {\"choices\": [16, 32, 64, 128, 256]}}"}
{"op_code":5,"worker_id":"547befa4-d3f5-426d-84d3-e65f6c8cc7c8-126708796380992","trial_id":176,"param_name":"k","param_value_internal":0,"distribution":"{\"name\": \"CategoricalDistribution\", \"attributes\": {\"choices\": [16, 32, 64, 128]}}"}
{"op_code":5,"worker_id":"547befa4-d3f5-426d-84d3-e65f6c8cc7c8-126708796380992","trial_id":176,"param_name":"gx","param_value_internal":3,"distribution":"{\"name\": \"CategoricalDistribution\", \"attributes\": {\"choices\": [1, 2, 4, 8]}}"}
{"op_code":5,"worker_id":"547befa4-d3f5-426d-84d3-e65f6c8cc7c8-126708796380992","trial_id":176,"param_name":"gy","param_value_internal":1,"distribution":"{\"name\": \"CategoricalDistribution\", \"attributes\": {\"choices\": [1, 2, 4, 8]}}"}
{"op_code":5,"worker_id":"547befa4-d3f5-426d-84d3-e65f6c8cc7c8-126708796380992","trial_id":176,"param_name":"sub","param_value_internal":0,"distribution":"{\"name\": \"CategoricalDistribution\", \"attributes\": {\"choices\": [32, 64]}}"}
{"op_code":6,"worker_id":"547befa4-d3f5-426d-84d3-e65f6c8cc7c8-126708796380992","trial_id":176,"state":2,"values":null,"datetime_complete":"2026-07-24T01:55:12.748401"}
{"op_code":4,"worker_id":"547befa4-d3f5-426d-84d3-e65f6c8cc7c8-126708796380992","study_id":0,"datetime_start":"2026-07-24T01:55:12.750567"}
{"op_code":9,"worker_id":"547befa4-d3f5-426d-84d3-e65f6c8cc7c8-126708796380992","trial_id":177,"system_attr":{"tpe:relative_params:0":"{\"gx\": 2, \"gy\": 4, \"k\": 64, \"m\": 256, \"n\": 32, \"sub\": 32}"}}
{"op_code":5,"worker_id":"547befa4-d3f5-426d-84d3-e65f6c8cc7c8-126708796380992","trial_id":177,"param_name":"m","param_value_internal":4,"distribution":"{\"name\": \"CategoricalDistribution\", \"attributes\": {\"choices\": [16, 32, 64, 128, 256]}}"}
{"op_code":5,"worker_id":"547befa4-d3f5-426d-84d3-e65f6c8cc7c8-126708796380992","trial_id":177,"param_name":"n","param_value_internal":1,"distribution":"{\"name\": \"CategoricalDistribution\", \"attributes\": {\"choices\": [16, 32, 64, 128, 256]}}"}
{"op_code":5,"worker_id":"547befa4-d3f5-426d-84d3-e65f6c8cc7c8-126708796380992","trial_id":177,"param_name":"k","param_value_internal":2,"distribution":"{\"name\": \"CategoricalDistribution\", \"attributes\": {\"choices\": [16, 32, 64, 128]}}"}
{"op_code":5,"worker_id":"547befa4-d3f5-426d-84d3-e65f6c8cc7c8-126708796380992","trial_id":177,"param_name":"gx","param_value_internal":1,"distribution":"{\"name\": \"CategoricalDistribution\", \"attributes\": {\"choices\": [1, 2, 4, 8]}}"}
{"op_code":5,"worker_id":"547befa4-d3f5-426d-84d3-e65f6c8cc7c8-126708796380992","trial_id":177,"param_name":"gy","param_value_internal":2,"distribution":"{\"name\": \"CategoricalDistribution\", \"attributes\": {\"choices\": [1, 2, 4, 8]}}"}
{"op_code":5,"worker_id":"547befa4-d3f5-426d-84d3-e65f6c8cc7c8-126708796380992","trial_id":177,"param_name":"sub","param_value_internal":0,"distribution":"{\"name\": \"CategoricalDistribution\", \"attributes\": {\"choices\": [32, 64]}}"}
{"op_code":6,"worker_id":"547befa4-d3f5-426d-84d3-e65f6c8cc7c8-126708796380992","trial_id":177,"state":2,"values":null,"datetime_complete":"2026-07-24T01:55:12.772703"}
{"op_code":4,"worker_id":"547befa4-d3f5-426d-84d3-e65f6c8cc7c8-126708796380992","study_id":0,"datetime_start":"2026-07-24T01:55:12.774939"}
{"op_code":9,"worker_id":"547befa4-d3f5-426d-84d3-e65f6c8cc7c8-126708796380992","trial_id":178,"system_attr":{"tpe:relative_params:0":"{\"gx\": 4, \"gy\": 1, \"k\": 16, \"m\": 64, \"n\": 128, \"sub\": 32}"}}
{"op_code":5,"worker_id":"547befa4-d3f5-426d-84d3-e65f6c8cc7c8-126708796380992","trial_id":178,"param_name":"m","param_value_internal":2,"distribution":"{\"name\": \"CategoricalDistribution\", \"attributes\": {\"choices\": [16, 32, 64, 128, 256]}}"}
{"op_code":5,"worker_id":"547befa4-d3f5-426d-84d3-e65f6c8cc7c8-126708796380992","trial_id":178,"param_name":"n","param_value_internal":3,"distribution":"{\"name\": \"CategoricalDistribution\", \"attributes\": {\"choices\": [16, 32, 64, 128, 256]}}"}
{"op_code":5,"worker_id":"547befa4-d3f5-426d-84d3-e65f6c8cc7c8-126708796380992","trial_id":178,"param_name":"k","param_value_internal":0,"distribution":"{\"name\": \"CategoricalDistribution\", \"attributes\": {\"choices\": [16, 32, 64, 128]}}"}
{"op_code":5,"worker_id":"547befa4-d3f5-426d-84d3-e65f6c8cc7c8-126708796380992","trial_id":178,"param_name":"gx","param_value_internal":2,"distribution":"{\"name\": \"CategoricalDistribution\", \"attributes\": {\"choices\": [1, 2, 4, 8]}}"}
{"op_code":5,"worker_id":"547befa4-d3f5-426d-84d3-e65f6c8cc7c8-126708796380992","trial_id":178,"param_name":"gy","param_value_internal":0,"distribution":"{\"name\": \"CategoricalDistribution\", \"attributes\": {\"choices\": [1, 2, 4, 8]}}"}
{"op_code":5,"worker_id":"547befa4-d3f5-426d-84d3-e65f6c8cc7c8-126708796380992","trial_id":178,"param_name":"sub","param_value_internal":0,"distribution":"{\"name\": \"CategoricalDistribution\", \"attributes\": {\"choices\": [32, 64]}}"}
{"op_code":6,"worker_id":"547befa4-d3f5-426d-84d3-e65f6c8cc7c8-126708796380992","trial_id":178,"state":2,"values":null,"datetime_complete":"2026-07-24T01:55:12.797712"}
{"op_code":4,"worker_id":"547befa4-d3f5-426d-84d3-e65f6c8cc7c8-126708796380992","study_id":0,"datetime_start":"2026-07-24T01:55:12.799816"}
{"op_code":9,"worker_id":"547befa4-d3f5-426d-84d3-e65f6c8cc7c8-126708796380992","trial_id":179,"system_attr":{"tpe:relative_params:0":"{\"gx\": 4, \"gy\": 2, \"k\": 32, \"m\": 64, \"n\": 128, \"sub\": 32}"}}
{"op_code":5,"worker_id":"547befa4-d3f5-426d-84d3-e65f6c8cc7c8-126708796380992","trial_id":179,"param_name":"m","param_value_internal":2,"distribution":"{\"name\": \"CategoricalDistribution\", \"attributes\": {\"choices\": [16, 32, 64, 128, 256]}}"}
{"op_code":5,"worker_id":"547befa4-d3f5-426d-84d3-e65f6c8cc7c8-126708796380992","trial_id":179,"param_name":"n","param_value_internal":3,"distribution":"{\"name\": \"CategoricalDistribution\", \"attributes\": {\"choices\": [16, 32, 64, 128, 256]}}"}
{"op_code":5,"worker_id":"547befa4-d3f5-426d-84d3-e65f6c8cc7c8-126708796380992","trial_id":179,"param_name":"k","param_value_internal":1,"distribution":"{\"name\": \"CategoricalDistribution\", \"attributes\": {\"choices\": [16, 32, 64, 128]}}"}
{"op_code":5,"worker_id":"547befa4-d3f5-426d-84d3-e65f6c8cc7c8-126708796380992","trial_id":179,"param_name":"gx","param_value_internal":2,"distribution":"{\"name\": \"CategoricalDistribution\", \"attributes\": {\"choices\": [1, 2, 4, 8]}}"}
{"op_code":5,"worker_id":"547befa4-d3f5-426d-84d3-e65f6c8cc7c8-126708796380992","trial_id":179,"param_name":"gy","param_value_internal":1,"distribution":"{\"name\": \"CategoricalDistribution\", \"attributes\": {\"choices\": [1, 2, 4, 8]}}"}
{"op_code":5,"worker_id":"547befa4-d3f5-426d-84d3-e65f6c8cc7c8-126708796380992","trial_id":179,"param_name":"sub","param_value_internal":0,"distribution":"{\"name\": \"CategoricalDistribution\", \"attributes\": {\"choices\": [32, 64]}}"}
{"op_code":6,"worker_id":"547befa4-d3f5-426d-84d3-e65f6c8cc7c8-126708796380992","trial_id":179,"state":2,"values":null,"datetime_complete":"2026-07-24T01:55:12.822925"}
{"op_code":4,"worker_id":"547befa4-d3f5-426d-84d3-e65f6c8cc7c8-126708796380992","study_id":0,"datetime_start":"2026-07-24T01:55:12.825013"}
{"op_code":9,"worker_id":"547befa4-d3f5-426d-84d3-e65f6c8cc7c8-126708796380992","trial_id":180,"system_attr":{"tpe:relative_params:0":"{\"gx\": 1, \"gy\": 2, \"k\": 128, \"m\": 128, \"n\": 64, \"sub\": 64}"}}
{"op_code":5,"worker_id":"547befa4-d3f5-426d-84d3-e65f6c8cc7c8-126708796380992","trial_id":180,"param_name":"m","param_value_internal":3,"distribution":"{\"name\": \"CategoricalDistribution\", \"attributes\": {\"choices\": [16, 32, 64, 128, 256]}}"}
{"op_code":5,"worker_id":"547befa4-d3f5-426d-84d3-e65f6c8cc7c8-126708796380992","trial_id":180,"param_name":"n","param_value_internal":2,"distribution":"{\"name\": \"CategoricalDistribution\", \"attributes\": {\"choices\": [16, 32, 64, 128, 256]}}"}
{"op_code":5,"worker_id":"547befa4-d3f5-426d-84d3-e65f6c8cc7c8-126708796380992","trial_id":180,"param_name":"k","param_value_internal":3,"distribution":"{\"name\": \"CategoricalDistribution\", \"attributes\": {\"choices\": [16, 32, 64, 128]}}"}
{"op_code":5,"worker_id":"547befa4-d3f5-426d-84d3-e65f6c8cc7c8-126708796380992","trial_id":180,"param_name":"gx","param_value_internal":0,"distribution":"{\"name\": \"CategoricalDistribution\", \"attributes\": {\"choices\": [1, 2, 4, 8]}}"}
{"op_code":5,"worker_id":"547befa4-d3f5-426d-84d3-e65f6c8cc7c8-126708796380992","trial_id":180,"param_name":"gy","param_value_internal":1,"distribution":"{\"name\": \"CategoricalDistribution\", \"attributes\": {\"choices\": [1, 2, 4, 8]}}"}
{"op_code":5,"worker_id":"547befa4-d3f5-426d-84d3-e65f6c8cc7c8-126708796380992","trial_id":180,"param_name":"sub","param_value_internal":1,"distribution":"{\"name\": \"CategoricalDistribution\", \"attributes\": {\"choices\": [32, 64]}}"}
{"op_code":8,"worker_id":"547befa4-d3f5-426d-84d3-e65f6c8cc7c8-126708796380992","trial_id":180,"user_attr":{"token":"tsweep_t128x64k128g12s64"}}
{"op_code":4,"worker_id":"547befa4-d3f5-426d-84d3-e65f6c8cc7c8-126708796380992","study_id":0,"datetime_start":"2026-07-24T01:55:12.848871"}
{"op_code":9,"worker_id":"547befa4-d3f5-426d-84d3-e65f6c8cc7c8-126708796380992","trial_id":181,"system_attr":{"tpe:relative_params:0":"{\"gx\": 2, \"gy\": 8, \"k\": 128, \"m\": 16, \"n\": 128, \"sub\": 64}"}}
{"op_code":5,"worker_id":"547befa4-d3f5-426d-84d3-e65f6c8cc7c8-126708796380992","trial_id":181,"param_name":"m","param_value_internal":0,"distribution":"{\"name\": \"CategoricalDistribution\", \"attributes\": {\"choices\": [16, 32, 64, 128, 256]}}"}
{"op_code":5,"worker_id":"547befa4-d3f5-426d-84d3-e65f6c8cc7c8-126708796380992","trial_id":181,"param_name":"n","param_value_internal":3,"distribution":"{\"name\": \"CategoricalDistribution\", \"attributes\": {\"choices\": [16, 32, 64, 128, 256]}}"}
{"op_code":5,"worker_id":"547befa4-d3f5-426d-84d3-e65f6c8cc7c8-126708796380992","trial_id":181,"param_name":"k","param_value_internal":3,"distribution":"{\"name\": \"CategoricalDistribution\", \"attributes\": {\"choices\": [16, 32, 64, 128]}}"}
{"op_code":5,"worker_id":"547befa4-d3f5-426d-84d3-e65f6c8cc7c8-126708796380992","trial_id":181,"param_name":"gx","param_value_internal":1,"distribution":"{\"name\": \"CategoricalDistribution\", \"attributes\": {\"choices\": [1, 2, 4, 8]}}"}
{"op_code":5,"worker_id":"547befa4-d3f5-426d-84d3-e65f6c8cc7c8-126708796380992","trial_id":181,"param_name":"gy","param_value_internal":3,"distribution":"{\"name\": \"CategoricalDistribution\", \"attributes\": {\"choices\": [1, 2, 4, 8]}}"}
{"op_code":5,"worker_id":"547befa4-d3f5-426d-84d3-e65f6c8cc7c8-126708796380992","trial_id":181,"param_name":"sub","param_value_internal":1,"distribution":"{\"name\": \"CategoricalDistribution\", \"attributes\": {\"choices\": [32, 64]}}"}
{"op_code":6,"worker_id":"547befa4-d3f5-426d-84d3-e65f6c8cc7c8-126708796380992","trial_id":181,"state":2,"values":null,"datetime_complete":"2026-07-24T01:55:12.868536"}
{"op_code":4,"worker_id":"547befa4-d3f5-426d-84d3-e65f6c8cc7c8-126708796380992","study_id":0,"datetime_start":"2026-07-24T01:55:12.870191"}
{"op_code":9,"worker_id":"547befa4-d3f5-426d-84d3-e65f6c8cc7c8-126708796380992","trial_id":182,"system_attr":{"tpe:relative_params:0":"{\"gx\": 8, \"gy\": 1, \"k\": 16, \"m\": 64, \"n\": 256, \"sub\": 32}"}}
{"op_code":5,"worker_id":"547befa4-d3f5-426d-84d3-e65f6c8cc7c8-126708796380992","trial_id":182,"param_name":"m","param_value_internal":2,"distribution":"{\"name\": \"CategoricalDistribution\", \"attributes\": {\"choices\": [16, 32, 64, 128, 256]}}"}
{"op_code":5,"worker_id":"547befa4-d3f5-426d-84d3-e65f6c8cc7c8-126708796380992","trial_id":182,"param_name":"n","param_value_internal":4,"distribution":"{\"name\": \"CategoricalDistribution\", \"attributes\": {\"choices\": [16, 32, 64, 128, 256]}}"}
{"op_code":5,"worker_id":"547befa4-d3f5-426d-84d3-e65f6c8cc7c8-126708796380992","trial_id":182,"param_name":"k","param_value_internal":0,"distribution":"{\"name\": \"CategoricalDistribution\", \"attributes\": {\"choices\": [16, 32, 64, 128]}}"}
{"op_code":5,"worker_id":"547befa4-d3f5-426d-84d3-e65f6c8cc7c8-126708796380992","trial_id":182,"param_name":"gx","param_value_internal":3,"distribution":"{\"name\": \"CategoricalDistribution\", \"attributes\": {\"choices\": [1, 2, 4, 8]}}"}
{"op_code":5,"worker_id":"547befa4-d3f5-426d-84d3-e65f6c8cc7c8-126708796380992","trial_id":182,"param_name":"gy","param_value_internal":0,"distribution":"{\"name\": \"CategoricalDistribution\", \"attributes\": {\"choices\": [1, 2, 4, 8]}}"}
{"op_code":5,"worker_id":"547befa4-d3f5-426d-84d3-e65f6c8cc7c8-126708796380992","trial_id":182,"param_name":"sub","param_value_internal":0,"distribution":"{\"name\": \"CategoricalDistribution\", \"attributes\": {\"choices\": [32, 64]}}"}
{"op_code":6,"worker_id":"547befa4-d3f5-426d-84d3-e65f6c8cc7c8-126708796380992","trial_id":182,"state":2,"values":null,"datetime_complete":"2026-07-24T01:55:12.892411"}
{"op_code":4,"worker_id":"547befa4-d3f5-426d-84d3-e65f6c8cc7c8-126708796380992","study_id":0,"datetime_start":"2026-07-24T01:55:12.894287"}
{"op_code":9,"worker_id":"547befa4-d3f5-426d-84d3-e65f6c8cc7c8-126708796380992","trial_id":183,"system_attr":{"tpe:relative_params:0":"{\"gx\": 4, \"gy\": 4, \"k\": 128, \"m\": 32, \"n\": 64, \"sub\": 64}"}}
{"op_code":5,"worker_id":"547befa4-d3f5-426d-84d3-e65f6c8cc7c8-126708796380992","trial_id":183,"param_name":"m","param_value_internal":1,"distribution":"{\"name\": \"CategoricalDistribution\", \"attributes\": {\"choices\": [16, 32, 64, 128, 256]}}"}
{"op_code":5,"worker_id":"547befa4-d3f5-426d-84d3-e65f6c8cc7c8-126708796380992","trial_id":183,"param_name":"n","param_value_internal":2,"distribution":"{\"name\": \"CategoricalDistribution\", \"attributes\": {\"choices\": [16, 32, 64, 128, 256]}}"}
{"op_code":5,"worker_id":"547befa4-d3f5-426d-84d3-e65f6c8cc7c8-126708796380992","trial_id":183,"param_name":"k","param_value_internal":3,"distribution":"{\"name\": \"CategoricalDistribution\", \"attributes\": {\"choices\": [16, 32, 64, 128]}}"}
{"op_code":5,"worker_id":"547befa4-d3f5-426d-84d3-e65f6c8cc7c8-126708796380992","trial_id":183,"param_name":"gx","param_value_internal":2,"distribution":"{\"name\": \"CategoricalDistribution\", \"attributes\": {\"choices\": [1, 2, 4, 8]}}"}
{"op_code":5,"worker_id":"547befa4-d3f5-426d-84d3-e65f6c8cc7c8-126708796380992","trial_id":183,"param_name":"gy","param_value_internal":2,"distribution":"{\"name\": \"CategoricalDistribution\", \"attributes\": {\"choices\": [1, 2, 4, 8]}}"}
{"op_code":5,"worker_id":"547befa4-d3f5-426d-84d3-e65f6c8cc7c8-126708796380992","trial_id":183,"param_name":"sub","param_value_internal":1,"distribution":"{\"name\": \"CategoricalDistribution\", \"attributes\": {\"choices\": [32, 64]}}"}
{"op_code":6,"worker_id":"547befa4-d3f5-426d-84d3-e65f6c8cc7c8-126708796380992","trial_id":183,"state":2,"values":null,"datetime_complete":"2026-07-24T01:55:12.915595"}
{"op_code":4,"worker_id":"547befa4-d3f5-426d-84d3-e65f6c8cc7c8-126708796380992","study_id":0,"datetime_start":"2026-07-24T01:55:12.917610"}
{"op_code":9,"worker_id":"547befa4-d3f5-426d-84d3-e65f6c8cc7c8-126708796380992","trial_id":184,"system_attr":{"tpe:relative_params:0":"{\"gx\": 4, \"gy\": 8, \"k\": 32, \"m\": 128, \"n\": 128, \"sub\": 64}"}}
{"op_code":5,"worker_id":"547befa4-d3f5-426d-84d3-e65f6c8cc7c8-126708796380992","trial_id":184,"param_name":"m","param_value_internal":3,"distribution":"{\"name\": \"CategoricalDistribution\", \"attributes\": {\"choices\": [16, 32, 64, 128, 256]}}"}
{"op_code":5,"worker_id":"547befa4-d3f5-426d-84d3-e65f6c8cc7c8-126708796380992","trial_id":184,"param_name":"n","param_value_internal":3,"distribution":"{\"name\": \"CategoricalDistribution\", \"attributes\": {\"choices\": [16, 32, 64, 128, 256]}}"}
{"op_code":5,"worker_id":"547befa4-d3f5-426d-84d3-e65f6c8cc7c8-126708796380992","trial_id":184,"param_name":"k","param_value_internal":1,"distribution":"{\"name\": \"CategoricalDistribution\", \"attributes\": {\"choices\": [16, 32, 64, 128]}}"}
{"op_code":5,"worker_id":"547befa4-d3f5-426d-84d3-e65f6c8cc7c8-126708796380992","trial_id":184,"param_name":"gx","param_value_internal":2,"distribution":"{\"name\": \"CategoricalDistribution\", \"attributes\": {\"choices\": [1, 2, 4, 8]}}"}
{"op_code":5,"worker_id":"547befa4-d3f5-426d-84d3-e65f6c8cc7c8-126708796380992","trial_id":184,"param_name":"gy","param_value_internal":3,"distribution":"{\"name\": \"CategoricalDistribution\", \"attributes\": {\"choices\": [1, 2, 4, 8]}}"}
{"op_code":5,"worker_id":"547befa4-d3f5-426d-84d3-e65f6c8cc7c8-126708796380992","trial_id":184,"param_name":"sub","param_value_internal":1,"distribution":"{\"name\": \"CategoricalDistribution\", \"attributes\": {\"choices\": [32, 64]}}"}
{"op_code":6,"worker_id":"547befa4-d3f5-426d-84d3-e65f6c8cc7c8-126708796380992","trial_id":184,"state":2,"values":null,"datetime_complete":"2026-07-24T01:55:12.938843"}
{"op_code":4,"worker_id":"547befa4-d3f5-426d-84d3-e65f6c8cc7c8-126708796380992","study_id":0,"datetime_start":"2026-07-24T01:55:12.940702"}
{"op_code":9,"worker_id":"547befa4-d3f5-426d-84d3-e65f6c8cc7c8-126708796380992","trial_id":185,"system_attr":{"tpe:relative_params:0":"{\"gx\": 8, \"gy\": 4, \"k\": 16, \"m\": 64, \"n\": 128, \"sub\": 64}"}}
{"op_code":5,"worker_id":"547befa4-d3f5-426d-84d3-e65f6c8cc7c8-126708796380992","trial_id":185,"param_name":"m","param_value_internal":2,"distribution":"{\"name\": \"CategoricalDistribution\", \"attributes\": {\"choices\": [16, 32, 64, 128, 256]}}"}
{"op_code":5,"worker_id":"547befa4-d3f5-426d-84d3-e65f6c8cc7c8-126708796380992","trial_id":185,"param_name":"n","param_value_internal":3,"distribution":"{\"name\": \"CategoricalDistribution\", \"attributes\": {\"choices\": [16, 32, 64, 128, 256]}}"}
{"op_code":5,"worker_id":"547befa4-d3f5-426d-84d3-e65f6c8cc7c8-126708796380992","trial_id":185,"param_name":"k","param_value_internal":0,"distribution":"{\"name\": \"CategoricalDistribution\", \"attributes\": {\"choices\": [16, 32, 64, 128]}}"}
{"op_code":5,"worker_id":"547befa4-d3f5-426d-84d3-e65f6c8cc7c8-126708796380992","trial_id":185,"param_name":"gx","param_value_internal":3,"distribution":"{\"name\": \"CategoricalDistribution\", \"attributes\": {\"choices\": [1, 2, 4, 8]}}"}
{"op_code":5,"worker_id":"547befa4-d3f5-426d-84d3-e65f6c8cc7c8-126708796380992","trial_id":185,"param_name":"gy","param_value_internal":2,"distribution":"{\"name\": \"CategoricalDistribution\", \"attributes\": {\"choices\": [1, 2, 4, 8]}}"}
{"op_code":5,"worker_id":"547befa4-d3f5-426d-84d3-e65f6c8cc7c8-126708796380992","trial_id":185,"param_name":"sub","param_value_internal":1,"distribution":"{\"name\": \"CategoricalDistribution\", \"attributes\": {\"choices\": [32, 64]}}"}
{"op_code":6,"worker_id":"547befa4-d3f5-426d-84d3-e65f6c8cc7c8-126708796380992","trial_id":185,"state":2,"values":null,"datetime_complete":"2026-07-24T01:55:12.961389"}
{"op_code":4,"worker_id":"547befa4-d3f5-426d-84d3-e65f6c8cc7c8-126708796380992","study_id":0,"datetime_start":"2026-07-24T01:55:12.963349"}
{"op_code":9,"worker_id":"547befa4-d3f5-426d-84d3-e65f6c8cc7c8-126708796380992","trial_id":186,"system_attr":{"tpe:relative_params:0":"{\"gx\": 4, \"gy\": 1, \"k\": 64, \"m\": 256, \"n\": 16, \"sub\": 64}"}}
{"op_code":5,"worker_id":"547befa4-d3f5-426d-84d3-e65f6c8cc7c8-126708796380992","trial_id":186,"param_name":"m","param_value_internal":4,"distribution":"{\"name\": \"CategoricalDistribution\", \"attributes\": {\"choices\": [16, 32, 64, 128, 256]}}"}
{"op_code":5,"worker_id":"547befa4-d3f5-426d-84d3-e65f6c8cc7c8-126708796380992","trial_id":186,"param_name":"n","param_value_internal":0,"distribution":"{\"name\": \"CategoricalDistribution\", \"attributes\": {\"choices\": [16, 32, 64, 128, 256]}}"}
{"op_code":5,"worker_id":"547befa4-d3f5-426d-84d3-e65f6c8cc7c8-126708796380992","trial_id":186,"param_name":"k","param_value_internal":2,"distribution":"{\"name\": \"CategoricalDistribution\", \"attributes\": {\"choices\": [16, 32, 64, 128]}}"}
{"op_code":5,"worker_id":"547befa4-d3f5-426d-84d3-e65f6c8cc7c8-126708796380992","trial_id":186,"param_name":"gx","param_value_internal":2,"distribution":"{\"name\": \"CategoricalDistribution\", \"attributes\": {\"choices\": [1, 2, 4, 8]}}"}
{"op_code":5,"worker_id":"547befa4-d3f5-426d-84d3-e65f6c8cc7c8-126708796380992","trial_id":186,"param_name":"gy","param_value_internal":0,"distribution":"{\"name\": \"CategoricalDistribution\", \"attributes\": {\"choices\": [1, 2, 4, 8]}}"}
{"op_code":5,"worker_id":"547befa4-d3f5-426d-84d3-e65f6c8cc7c8-126708796380992","trial_id":186,"param_name":"sub","param_value_internal":1,"distribution":"{\"name\": \"CategoricalDistribution\", \"attributes\": {\"choices\": [32, 64]}}"}
{"op_code":6,"worker_id":"547befa4-d3f5-426d-84d3-e65f6c8cc7c8-126708796380992","trial_id":186,"state":2,"values":null,"datetime_complete":"2026-07-24T01:55:12.984717"}
{"op_code":4,"worker_id":"547befa4-d3f5-426d-84d3-e65f6c8cc7c8-126708796380992","study_id":0,"datetime_start":"2026-07-24T01:55:12.986791"}
{"op_code":9,"worker_id":"547befa4-d3f5-426d-84d3-e65f6c8cc7c8-126708796380992","trial_id":187,"system_attr":{"tpe:relative_params:0":"{\"gx\": 4, \"gy\": 1, \"k\": 16, \"m\": 128, \"n\": 128, \"sub\": 64}"}}
{"op_code":5,"worker_id":"547befa4-d3f5-426d-84d3-e65f6c8cc7c8-126708796380992","trial_id":187,"param_name":"m","param_value_internal":3,"distribution":"{\"name\": \"CategoricalDistribution\", \"attributes\": {\"choices\": [16, 32, 64, 128, 256]}}"}
{"op_code":5,"worker_id":"547befa4-d3f5-426d-84d3-e65f6c8cc7c8-126708796380992","trial_id":187,"param_name":"n","param_value_internal":3,"distribution":"{\"name\": \"CategoricalDistribution\", \"attributes\": {\"choices\": [16, 32, 64, 128, 256]}}"}
{"op_code":5,"worker_id":"547befa4-d3f5-426d-84d3-e65f6c8cc7c8-126708796380992","trial_id":187,"param_name":"k","param_value_internal":0,"distribution":"{\"name\": \"CategoricalDistribution\", \"attributes\": {\"choices\": [16, 32, 64, 128]}}"}
{"op_code":5,"worker_id":"547befa4-d3f5-426d-84d3-e65f6c8cc7c8-126708796380992","trial_id":187,"param_name":"gx","param_value_internal":2,"distribution":"{\"name\": \"CategoricalDistribution\", \"attributes\": {\"choices\": [1, 2, 4, 8]}}"}
{"op_code":5,"worker_id":"547befa4-d3f5-426d-84d3-e65f6c8cc7c8-126708796380992","trial_id":187,"param_name":"gy","param_value_internal":0,"distribution":"{\"name\": \"CategoricalDistribution\", \"attributes\": {\"choices\": [1, 2, 4, 8]}}"}
{"op_code":5,"worker_id":"547befa4-d3f5-426d-84d3-e65f6c8cc7c8-126708796380992","trial_id":187,"param_name":"sub","param_value_internal":1,"distribution":"{\"name\": \"CategoricalDistribution\", \"attributes\": {\"choices\": [32, 64]}}"}
{"op_code":8,"worker_id":"547befa4-d3f5-426d-84d3-e65f6c8cc7c8-126708796380992","trial_id":187,"user_attr":{"token":"tsweep_t128x128k16g41s64"}}
{"op_code":4,"worker_id":"547befa4-d3f5-426d-84d3-e65f6c8cc7c8-126708796380992","study_id":0,"datetime_start":"2026-07-24T01:55:13.008609"}
{"op_code":9,"worker_id":"547befa4-d3f5-426d-84d3-e65f6c8cc7c8-126708796380992","trial_id":188,"system_attr":{"tpe:relative_params:0":"{\"gx\": 4, \"gy\": 1, \"k\": 32, \"m\": 64, \"n\": 128, \"sub\": 64}"}}
{"op_code":5,"worker_id":"547befa4-d3f5-426d-84d3-e65f6c8cc7c8-126708796380992","trial_id":188,"param_name":"m","param_value_internal":2,"distribution":"{\"name\": \"CategoricalDistribution\", \"attributes\": {\"choices\": [16, 32, 64, 128, 256]}}"}
{"op_code":5,"worker_id":"547befa4-d3f5-426d-84d3-e65f6c8cc7c8-126708796380992","trial_id":188,"param_name":"n","param_value_internal":3,"distribution":"{\"name\": \"CategoricalDistribution\", \"attributes\": {\"choices\": [16, 32, 64, 128, 256]}}"}
{"op_code":5,"worker_id":"547befa4-d3f5-426d-84d3-e65f6c8cc7c8-126708796380992","trial_id":188,"param_name":"k","param_value_internal":1,"distribution":"{\"name\": \"CategoricalDistribution\", \"attributes\": {\"choices\": [16, 32, 64, 128]}}"}
{"op_code":5,"worker_id":"547befa4-d3f5-426d-84d3-e65f6c8cc7c8-126708796380992","trial_id":188,"param_name":"gx","param_value_internal":2,"distribution":"{\"name\": \"CategoricalDistribution\", \"attributes\": {\"choices\": [1, 2, 4, 8]}}"}
{"op_code":5,"worker_id":"547befa4-d3f5-426d-84d3-e65f6c8cc7c8-126708796380992","trial_id":188,"param_name":"gy","param_value_internal":0,"distribution":"{\"name\": \"CategoricalDistribution\", \"attributes\": {\"choices\": [1, 2, 4, 8]}}"}
{"op_code":5,"worker_id":"547befa4-d3f5-426d-84d3-e65f6c8cc7c8-126708796380992","trial_id":188,"param_name":"sub","param_value_internal":1,"distribution":"{\"name\": \"CategoricalDistribution\", \"attributes\": {\"choices\": [32, 64]}}"}
{"op_code":8,"worker_id":"547befa4-d3f5-426d-84d3-e65f6c8cc7c8-126708796380992","trial_id":188,"user_attr":{"token":"tsweep_t64x128k32g41s64"}}
{"op_code":4,"worker_id":"547befa4-d3f5-426d-84d3-e65f6c8cc7c8-126708796380992","study_id":0,"datetime_start":"2026-07-24T01:55:13.037602"}
{"op_code":9,"worker_id":"547befa4-d3f5-426d-84d3-e65f6c8cc7c8-126708796380992","trial_id":189,"system_attr":{"tpe:relative_params:0":"{\"gx\": 2, \"gy\": 4, \"k\": 128, \"m\": 64, \"n\": 64, \"sub\": 64}"}}
{"op_code":5,"worker_id":"547befa4-d3f5-426d-84d3-e65f6c8cc7c8-126708796380992","trial_id":189,"param_name":"m","param_value_internal":2,"distribution":"{\"name\": \"CategoricalDistribution\", \"attributes\": {\"choices\": [16, 32, 64, 128, 256]}}"}
{"op_code":5,"worker_id":"547befa4-d3f5-426d-84d3-e65f6c8cc7c8-126708796380992","trial_id":189,"param_name":"n","param_value_internal":2,"distribution":"{\"name\": \"CategoricalDistribution\", \"attributes\": {\"choices\": [16, 32, 64, 128, 256]}}"}
{"op_code":5,"worker_id":"547befa4-d3f5-426d-84d3-e65f6c8cc7c8-126708796380992","trial_id":189,"param_name":"k","param_value_internal":3,"distribution":"{\"name\": \"CategoricalDistribution\", \"attributes\": {\"choices\": [16, 32, 64, 128]}}"}
{"op_code":5,"worker_id":"547befa4-d3f5-426d-84d3-e65f6c8cc7c8-126708796380992","trial_id":189,"param_name":"gx","param_value_internal":1,"distribution":"{\"name\": \"CategoricalDistribution\", \"attributes\": {\"choices\": [1, 2, 4, 8]}}"}
{"op_code":5,"worker_id":"547befa4-d3f5-426d-84d3-e65f6c8cc7c8-126708796380992","trial_id":189,"param_name":"gy","param_value_internal":2,"distribution":"{\"name\": \"CategoricalDistribution\", \"attributes\": {\"choices\": [1, 2, 4, 8]}}"}
{"op_code":5,"worker_id":"547befa4-d3f5-426d-84d3-e65f6c8cc7c8-126708796380992","trial_id":189,"param_name":"sub","param_value_internal":1,"distribution":"{\"name\": \"CategoricalDistribution\", \"attributes\": {\"choices\": [32, 64]}}"}
{"op_code":8,"worker_id":"547befa4-d3f5-426d-84d3-e65f6c8cc7c8-126708796380992","trial_id":189,"user_attr":{"token":"tsweep_t64x64k128g24s64"}}
{"op_code":4,"worker_id":"547befa4-d3f5-426d-84d3-e65f6c8cc7c8-126708796380992","study_id":0,"datetime_start":"2026-07-24T01:55:13.068605"}
{"op_code":9,"worker_id":"547befa4-d3f5-426d-84d3-e65f6c8cc7c8-126708796380992","trial_id":190,"system_attr":{"tpe:relative_params:0":"{\"gx\": 4, \"gy\": 2, \"k\": 64, \"m\": 64, \"n\": 128, \"sub\": 64}"}}
{"op_code":5,"worker_id":"547befa4-d3f5-426d-84d3-e65f6c8cc7c8-126708796380992","trial_id":190,"param_name":"m","param_value_internal":2,"distribution":"{\"name\": \"CategoricalDistribution\", \"attributes\": {\"choices\": [16, 32, 64, 128, 256]}}"}
{"op_code":5,"worker_id":"547befa4-d3f5-426d-84d3-e65f6c8cc7c8-126708796380992","trial_id":190,"param_name":"n","param_value_internal":3,"distribution":"{\"name\": \"CategoricalDistribution\", \"attributes\": {\"choices\": [16, 32, 64, 128, 256]}}"}
{"op_code":5,"worker_id":"547befa4-d3f5-426d-84d3-e65f6c8cc7c8-126708796380992","trial_id":190,"param_name":"k","param_value_internal":2,"distribution":"{\"name\": \"CategoricalDistribution\", \"attributes\": {\"choices\": [16, 32, 64, 128]}}"}
{"op_code":5,"worker_id":"547befa4-d3f5-426d-84d3-e65f6c8cc7c8-126708796380992","trial_id":190,"param_name":"gx","param_value_internal":2,"distribution":"{\"name\": \"CategoricalDistribution\", \"attributes\": {\"choices\": [1, 2, 4, 8]}}"}
{"op_code":5,"worker_id":"547befa4-d3f5-426d-84d3-e65f6c8cc7c8-126708796380992","trial_id":190,"param_name":"gy","param_value_internal":1,"distribution":"{\"name\": \"CategoricalDistribution\", \"attributes\": {\"choices\": [1, 2, 4, 8]}}"}
{"op_code":5,"worker_id":"547befa4-d3f5-426d-84d3-e65f6c8cc7c8-126708796380992","trial_id":190,"param_name":"sub","param_value_internal":1,"distribution":"{\"name\": \"CategoricalDistribution\", \"attributes\": {\"choices\": [32, 64]}}"}
{"op_code":8,"worker_id":"547befa4-d3f5-426d-84d3-e65f6c8cc7c8-126708796380992","trial_id":190,"user_attr":{"token":"tsweep_t64x128k64g42s64"}}
{"op_code":6,"worker_id":"547befa4-d3f5-426d-84d3-e65f6c8cc7c8-126708796380992","trial_id":145,"state":1,"values":[955.224],"datetime_complete":"2026-07-24T01:56:16.884048"}
{"op_code":0,"worker_id":"fa9db9fc-13b8-4ddc-bbee-261ea8048e75-136810363770688","study_name":"dq8ca_samsung-xclipse-970-maxclk","directions":[2]}
{"op_code":6,"worker_id":"547befa4-d3f5-426d-84d3-e65f6c8cc7c8-126708796380992","trial_id":148,"state":2,"values":null,"datetime_complete":"2026-07-24T01:56:24.961638"}
{"op_code":6,"worker_id":"547befa4-d3f5-426d-84d3-e65f6c8cc7c8-126708796380992","trial_id":152,"state":1,"values":[775.464],"datetime_complete":"2026-07-24T01:56:55.521393"}
{"op_code":6,"worker_id":"547befa4-d3f5-426d-84d3-e65f6c8cc7c8-126708796380992","trial_id":154,"state":1,"values":[1016.88],"datetime_complete":"2026-07-24T01:57:22.543101"}
{"op_code":6,"worker_id":"547befa4-d3f5-426d-84d3-e65f6c8cc7c8-126708796380992","trial_id":155,"state":2,"values":null,"datetime_complete":"2026-07-24T01:57:34.622462"}
{"op_code":6,"worker_id":"547befa4-d3f5-426d-84d3-e65f6c8cc7c8-126708796380992","trial_id":160,"state":1,"values":[796.267],"datetime_complete":"2026-07-24T01:58:03.725929"}
{"op_code":6,"worker_id":"547befa4-d3f5-426d-84d3-e65f6c8cc7c8-126708796380992","trial_id":162,"state":2,"values":null,"datetime_complete":"2026-07-24T01:58:09.578704"}
{"op_code":0,"worker_id":"22f90549-71f6-4ac9-965c-4a6ca205f291-136281723107136","study_name":"dq8ca_samsung-xclipse-970-maxclk","directions":[2]}
{"op_code":6,"worker_id":"547befa4-d3f5-426d-84d3-e65f6c8cc7c8-126708796380992","trial_id":163,"state":1,"values":[1075.63],"datetime_complete":"2026-07-24T02:02:42.320183"}
{"op_code":6,"worker_id":"547befa4-d3f5-426d-84d3-e65f6c8cc7c8-126708796380992","trial_id":167,"state":1,"values":[1057.85],"datetime_complete":"2026-07-24T02:03:09.530879"}
{"op_code":6,"worker_id":"547befa4-d3f5-426d-84d3-e65f6c8cc7c8-126708796380992","trial_id":173,"state":1,"values":[1221.23],"datetime_complete":"2026-07-24T02:03:35.003649"}
{"op_code":6,"worker_id":"547befa4-d3f5-426d-84d3-e65f6c8cc7c8-126708796380992","trial_id":175,"state":2,"values":null,"datetime_complete":"2026-07-24T02:03:40.336173"}
{"op_code":6,"worker_id":"547befa4-d3f5-426d-84d3-e65f6c8cc7c8-126708796380992","trial_id":180,"state":2,"values":null,"datetime_complete":"2026-07-24T02:03:48.804271"}
{"op_code":6,"worker_id":"547befa4-d3f5-426d-84d3-e65f6c8cc7c8-126708796380992","trial_id":187,"state":1,"values":[1083.6],"datetime_complete":"2026-07-24T02:04:18.790168"}
{"op_code":6,"worker_id":"547befa4-d3f5-426d-84d3-e65f6c8cc7c8-126708796380992","trial_id":188,"state":1,"values":[1211.83],"datetime_complete":"2026-07-24T02:04:46.129854"}
{"op_code":6,"worker_id":"547befa4-d3f5-426d-84d3-e65f6c8cc7c8-126708796380992","trial_id":189,"state":2,"values":null,"datetime_complete":"2026-07-24T02:04:56.755518"}
{"op_code":6,"worker_id":"547befa4-d3f5-426d-84d3-e65f6c8cc7c8-126708796380992","trial_id":190,"state":1,"values":[1293.75],"datetime_complete":"2026-07-24T02:05:23.917999"}
{"op_code":4,"worker_id":"547befa4-d3f5-426d-84d3-e65f6c8cc7c8-126708796380992","study_id":0,"datetime_start":"2026-07-24T02:05:23.920643"}
{"op_code":9,"worker_id":"547befa4-d3f5-426d-84d3-e65f6c8cc7c8-126708796380992","trial_id":191,"system_attr":{"tpe:relative_params:0":"{\"gx\": 4, \"gy\": 1, \"k\": 16, \"m\": 128, \"n\": 128, \"sub\": 64}"}}
{"op_code":5,"worker_id":"547befa4-d3f5-426d-84d3-e65f6c8cc7c8-126708796380992","trial_id":191,"param_name":"m","param_value_internal":3,"distribution":"{\"name\": \"CategoricalDistribution\", \"attributes\": {\"choices\": [16, 32, 64, 128, 256]}}"}
{"op_code":5,"worker_id":"547befa4-d3f5-426d-84d3-e65f6c8cc7c8-126708796380992","trial_id":191,"param_name":"n","param_value_internal":3,"distribution":"{\"name\": \"CategoricalDistribution\", \"attributes\": {\"choices\": [16, 32, 64, 128, 256]}}"}
{"op_code":5,"worker_id":"547befa4-d3f5-426d-84d3-e65f6c8cc7c8-126708796380992","trial_id":191,"param_name":"k","param_value_internal":0,"distribution":"{\"name\": \"CategoricalDistribution\", \"attributes\": {\"choices\": [16, 32, 64, 128]}}"}
{"op_code":5,"worker_id":"547befa4-d3f5-426d-84d3-e65f6c8cc7c8-126708796380992","trial_id":191,"param_name":"gx","param_value_internal":2,"distribution":"{\"name\": \"CategoricalDistribution\", \"attributes\": {\"choices\": [1, 2, 4, 8]}}"}
{"op_code":5,"worker_id":"547befa4-d3f5-426d-84d3-e65f6c8cc7c8-126708796380992","trial_id":191,"param_name":"gy","param_value_internal":0,"distribution":"{\"name\": \"CategoricalDistribution\", \"attributes\": {\"choices\": [1, 2, 4, 8]}}"}
{"op_code":5,"worker_id":"547befa4-d3f5-426d-84d3-e65f6c8cc7c8-126708796380992","trial_id":191,"param_name":"sub","param_value_internal":1,"distribution":"{\"name\": \"CategoricalDistribution\", \"attributes\": {\"choices\": [32, 64]}}"}
{"op_code":6,"worker_id":"547befa4-d3f5-426d-84d3-e65f6c8cc7c8-126708796380992","trial_id":191,"state":2,"values":null,"datetime_complete":"2026-07-24T02:05:23.944388"}
{"op_code":4,"worker_id":"547befa4-d3f5-426d-84d3-e65f6c8cc7c8-126708796380992","study_id":0,"datetime_start":"2026-07-24T02:05:23.946951"}
{"op_code":9,"worker_id":"547befa4-d3f5-426d-84d3-e65f6c8cc7c8-126708796380992","trial_id":192,"system_attr":{"tpe:relative_params:0":"{\"gx\": 4, \"gy\": 2, \"k\": 32, \"m\": 64, \"n\": 64, \"sub\": 64}"}}
{"op_code":5,"worker_id":"547befa4-d3f5-426d-84d3-e65f6c8cc7c8-126708796380992","trial_id":192,"param_name":"m","param_value_internal":2,"distribution":"{\"name\": \"CategoricalDistribution\", \"attributes\": {\"choices\": [16, 32, 64, 128, 256]}}"}
{"op_code":5,"worker_id":"547befa4-d3f5-426d-84d3-e65f6c8cc7c8-126708796380992","trial_id":192,"param_name":"n","param_value_internal":2,"distribution":"{\"name\": \"CategoricalDistribution\", \"attributes\": {\"choices\": [16, 32, 64, 128, 256]}}"}
{"op_code":5,"worker_id":"547befa4-d3f5-426d-84d3-e65f6c8cc7c8-126708796380992","trial_id":192,"param_name":"k","param_value_internal":1,"distribution":"{\"name\": \"CategoricalDistribution\", \"attributes\": {\"choices\": [16, 32, 64, 128]}}"}
{"op_code":5,"worker_id":"547befa4-d3f5-426d-84d3-e65f6c8cc7c8-126708796380992","trial_id":192,"param_name":"gx","param_value_internal":2,"distribution":"{\"name\": \"CategoricalDistribution\", \"attributes\": {\"choices\": [1, 2, 4, 8]}}"}
{"op_code":5,"worker_id":"547befa4-d3f5-426d-84d3-e65f6c8cc7c8-126708796380992","trial_id":192,"param_name":"gy","param_value_internal":1,"distribution":"{\"name\": \"CategoricalDistribution\", \"attributes\": {\"choices\": [1, 2, 4, 8]}}"}
{"op_code":5,"worker_id":"547befa4-d3f5-426d-84d3-e65f6c8cc7c8-126708796380992","trial_id":192,"param_name":"sub","param_value_internal":1,"distribution":"{\"name\": \"CategoricalDistribution\", \"attributes\": {\"choices\": [32, 64]}}"}
{"op_code":6,"worker_id":"547befa4-d3f5-426d-84d3-e65f6c8cc7c8-126708796380992","trial_id":192,"state":2,"values":null,"datetime_complete":"2026-07-24T02:05:23.974159"}
{"op_code":4,"worker_id":"547befa4-d3f5-426d-84d3-e65f6c8cc7c8-126708796380992","study_id":0,"datetime_start":"2026-07-24T02:05:23.976938"}
{"op_code":9,"worker_id":"547befa4-d3f5-426d-84d3-e65f6c8cc7c8-126708796380992","trial_id":193,"system_attr":{"tpe:relative_params:0":"{\"gx\": 4, \"gy\": 1, \"k\": 64, \"m\": 32, \"n\": 64, \"sub\": 64}"}}
{"op_code":5,"worker_id":"547befa4-d3f5-426d-84d3-e65f6c8cc7c8-126708796380992","trial_id":193,"param_name":"m","param_value_internal":1,"distribution":"{\"name\": \"CategoricalDistribution\", \"attributes\": {\"choices\": [16, 32, 64, 128, 256]}}"}
{"op_code":5,"worker_id":"547befa4-d3f5-426d-84d3-e65f6c8cc7c8-126708796380992","trial_id":193,"param_name":"n","param_value_internal":2,"distribution":"{\"name\": \"CategoricalDistribution\", \"attributes\": {\"choices\": [16, 32, 64, 128, 256]}}"}
{"op_code":5,"worker_id":"547befa4-d3f5-426d-84d3-e65f6c8cc7c8-126708796380992","trial_id":193,"param_name":"k","param_value_internal":2,"distribution":"{\"name\": \"CategoricalDistribution\", \"attributes\": {\"choices\": [16, 32, 64, 128]}}"}
{"op_code":5,"worker_id":"547befa4-d3f5-426d-84d3-e65f6c8cc7c8-126708796380992","trial_id":193,"param_name":"gx","param_value_internal":2,"distribution":"{\"name\": \"CategoricalDistribution\", \"attributes\": {\"choices\": [1, 2, 4, 8]}}"}
{"op_code":5,"worker_id":"547befa4-d3f5-426d-84d3-e65f6c8cc7c8-126708796380992","trial_id":193,"param_name":"gy","param_value_internal":0,"distribution":"{\"name\": \"CategoricalDistribution\", \"attributes\": {\"choices\": [1, 2, 4, 8]}}"}
{"op_code":5,"worker_id":"547befa4-d3f5-426d-84d3-e65f6c8cc7c8-126708796380992","trial_id":193,"param_name":"sub","param_value_internal":1,"distribution":"{\"name\": \"CategoricalDistribution\", \"attributes\": {\"choices\": [32, 64]}}"}
{"op_code":6,"worker_id":"547befa4-d3f5-426d-84d3-e65f6c8cc7c8-126708796380992","trial_id":193,"state":2,"values":null,"datetime_complete":"2026-07-24T02:05:24.002593"}
{"op_code":4,"worker_id":"547befa4-d3f5-426d-84d3-e65f6c8cc7c8-126708796380992","study_id":0,"datetime_start":"2026-07-24T02:05:24.004594"}
{"op_code":9,"worker_id":"547befa4-d3f5-426d-84d3-e65f6c8cc7c8-126708796380992","trial_id":194,"system_attr":{"tpe:relative_params:0":"{\"gx\": 2, \"gy\": 1, \"k\": 32, \"m\": 32, \"n\": 32, \"sub\": 64}"}}
{"op_code":5,"worker_id":"547befa4-d3f5-426d-84d3-e65f6c8cc7c8-126708796380992","trial_id":194,"param_name":"m","param_value_internal":1,"distribution":"{\"name\": \"CategoricalDistribution\", \"attributes\": {\"choices\": [16, 32, 64, 128, 256]}}"}
{"op_code":5,"worker_id":"547befa4-d3f5-426d-84d3-e65f6c8cc7c8-126708796380992","trial_id":194,"param_name":"n","param_value_internal":1,"distribution":"{\"name\": \"CategoricalDistribution\", \"attributes\": {\"choices\": [16, 32, 64, 128, 256]}}"}
{"op_code":5,"worker_id":"547befa4-d3f5-426d-84d3-e65f6c8cc7c8-126708796380992","trial_id":194,"param_name":"k","param_value_internal":1,"distribution":"{\"name\": \"CategoricalDistribution\", \"attributes\": {\"choices\": [16, 32, 64, 128]}}"}
{"op_code":5,"worker_id":"547befa4-d3f5-426d-84d3-e65f6c8cc7c8-126708796380992","trial_id":194,"param_name":"gx","param_value_internal":1,"distribution":"{\"name\": \"CategoricalDistribution\", \"attributes\": {\"choices\": [1, 2, 4, 8]}}"}
{"op_code":5,"worker_id":"547befa4-d3f5-426d-84d3-e65f6c8cc7c8-126708796380992","trial_id":194,"param_name":"gy","param_value_internal":0,"distribution":"{\"name\": \"CategoricalDistribution\", \"attributes\": {\"choices\": [1, 2, 4, 8]}}"}
{"op_code":5,"worker_id":"547befa4-d3f5-426d-84d3-e65f6c8cc7c8-126708796380992","trial_id":194,"param_name":"sub","param_value_internal":1,"distribution":"{\"name\": \"CategoricalDistribution\", \"attributes\": {\"choices\": [32, 64]}}"}
{"op_code":6,"worker_id":"547befa4-d3f5-426d-84d3-e65f6c8cc7c8-126708796380992","trial_id":194,"state":2,"values":null,"datetime_complete":"2026-07-24T02:05:24.025410"}
{"op_code":4,"worker_id":"547befa4-d3f5-426d-84d3-e65f6c8cc7c8-126708796380992","study_id":0,"datetime_start":"2026-07-24T02:05:24.027126"}
{"op_code":9,"worker_id":"547befa4-d3f5-426d-84d3-e65f6c8cc7c8-126708796380992","trial_id":195,"system_attr":{"tpe:relative_params:0":"{\"gx\": 2, \"gy\": 2, \"k\": 64, \"m\": 64, \"n\": 32, \"sub\": 64}"}}
{"op_code":5,"worker_id":"547befa4-d3f5-426d-84d3-e65f6c8cc7c8-126708796380992","trial_id":195,"param_name":"m","param_value_internal":2,"distribution":"{\"name\": \"CategoricalDistribution\", \"attributes\": {\"choices\": [16, 32, 64, 128, 256]}}"}
{"op_code":5,"worker_id":"547befa4-d3f5-426d-84d3-e65f6c8cc7c8-126708796380992","trial_id":195,"param_name":"n","param_value_internal":1,"distribution":"{\"name\": \"CategoricalDistribution\", \"attributes\": {\"choices\": [16, 32, 64, 128, 256]}}"}
{"op_code":5,"worker_id":"547befa4-d3f5-426d-84d3-e65f6c8cc7c8-126708796380992","trial_id":195,"param_name":"k","param_value_internal":2,"distribution":"{\"name\": \"CategoricalDistribution\", \"attributes\": {\"choices\": [16, 32, 64, 128]}}"}
{"op_code":5,"worker_id":"547befa4-d3f5-426d-84d3-e65f6c8cc7c8-126708796380992","trial_id":195,"param_name":"gx","param_value_internal":1,"distribution":"{\"name\": \"CategoricalDistribution\", \"attributes\": {\"choices\": [1, 2, 4, 8]}}"}
{"op_code":5,"worker_id":"547befa4-d3f5-426d-84d3-e65f6c8cc7c8-126708796380992","trial_id":195,"param_name":"gy","param_value_internal":1,"distribution":"{\"name\": \"CategoricalDistribution\", \"attributes\": {\"choices\": [1, 2, 4, 8]}}"}
{"op_code":5,"worker_id":"547befa4-d3f5-426d-84d3-e65f6c8cc7c8-126708796380992","trial_id":195,"param_name":"sub","param_value_internal":1,"distribution":"{\"name\": \"CategoricalDistribution\", \"attributes\": {\"choices\": [32, 64]}}"}
{"op_code":6,"worker_id":"547befa4-d3f5-426d-84d3-e65f6c8cc7c8-126708796380992","trial_id":195,"state":2,"values":null,"datetime_complete":"2026-07-24T02:05:24.049958"}
{"op_code":4,"worker_id":"547befa4-d3f5-426d-84d3-e65f6c8cc7c8-126708796380992","study_id":0,"datetime_start":"2026-07-24T02:05:24.052027"}
{"op_code":9,"worker_id":"547befa4-d3f5-426d-84d3-e65f6c8cc7c8-126708796380992","trial_id":196,"system_attr":{"tpe:relative_params:0":"{\"gx\": 4, \"gy\": 1, \"k\": 32, \"m\": 16, \"n\": 128, \"sub\": 64}"}}
{"op_code":5,"worker_id":"547befa4-d3f5-426d-84d3-e65f6c8cc7c8-126708796380992","trial_id":196,"param_name":"m","param_value_internal":0,"distribution":"{\"name\": \"CategoricalDistribution\", \"attributes\": {\"choices\": [16, 32, 64, 128, 256]}}"}
{"op_code":5,"worker_id":"547befa4-d3f5-426d-84d3-e65f6c8cc7c8-126708796380992","trial_id":196,"param_name":"n","param_value_internal":3,"distribution":"{\"name\": \"CategoricalDistribution\", \"attributes\": {\"choices\": [16, 32, 64, 128, 256]}}"}
{"op_code":5,"worker_id":"547befa4-d3f5-426d-84d3-e65f6c8cc7c8-126708796380992","trial_id":196,"param_name":"k","param_value_internal":1,"distribution":"{\"name\": \"CategoricalDistribution\", \"attributes\": {\"choices\": [16, 32, 64, 128]}}"}
{"op_code":5,"worker_id":"547befa4-d3f5-426d-84d3-e65f6c8cc7c8-126708796380992","trial_id":196,"param_name":"gx","param_value_internal":2,"distribution":"{\"name\": \"CategoricalDistribution\", \"attributes\": {\"choices\": [1, 2, 4, 8]}}"}
{"op_code":5,"worker_id":"547befa4-d3f5-426d-84d3-e65f6c8cc7c8-126708796380992","trial_id":196,"param_name":"gy","param_value_internal":0,"distribution":"{\"name\": \"CategoricalDistribution\", \"attributes\": {\"choices\": [1, 2, 4, 8]}}"}
{"op_code":5,"worker_id":"547befa4-d3f5-426d-84d3-e65f6c8cc7c8-126708796380992","trial_id":196,"param_name":"sub","param_value_internal":1,"distribution":"{\"name\": \"CategoricalDistribution\", \"attributes\": {\"choices\": [32, 64]}}"}
{"op_code":6,"worker_id":"547befa4-d3f5-426d-84d3-e65f6c8cc7c8-126708796380992","trial_id":196,"state":2,"values":null,"datetime_complete":"2026-07-24T02:05:24.074386"}
{"op_code":4,"worker_id":"547befa4-d3f5-426d-84d3-e65f6c8cc7c8-126708796380992","study_id":0,"datetime_start":"2026-07-24T02:05:24.076422"}
{"op_code":9,"worker_id":"547befa4-d3f5-426d-84d3-e65f6c8cc7c8-126708796380992","trial_id":197,"system_attr":{"tpe:relative_params:0":"{\"gx\": 4, \"gy\": 1, \"k\": 32, \"m\": 64, \"n\": 128, \"sub\": 64}"}}
{"op_code":5,"worker_id":"547befa4-d3f5-426d-84d3-e65f6c8cc7c8-126708796380992","trial_id":197,"param_name":"m","param_value_internal":2,"distribution":"{\"name\": \"CategoricalDistribution\", \"attributes\": {\"choices\": [16, 32, 64, 128, 256]}}"}
{"op_code":5,"worker_id":"547befa4-d3f5-426d-84d3-e65f6c8cc7c8-126708796380992","trial_id":197,"param_name":"n","param_value_internal":3,"distribution":"{\"name\": \"CategoricalDistribution\", \"attributes\": {\"choices\": [16, 32, 64, 128, 256]}}"}
{"op_code":5,"worker_id":"547befa4-d3f5-426d-84d3-e65f6c8cc7c8-126708796380992","trial_id":197,"param_name":"k","param_value_internal":1,"distribution":"{\"name\": \"CategoricalDistribution\", \"attributes\": {\"choices\": [16, 32, 64, 128]}}"}
{"op_code":5,"worker_id":"547befa4-d3f5-426d-84d3-e65f6c8cc7c8-126708796380992","trial_id":197,"param_name":"gx","param_value_internal":2,"distribution":"{\"name\": \"CategoricalDistribution\", \"attributes\": {\"choices\": [1, 2, 4, 8]}}"}
{"op_code":5,"worker_id":"547befa4-d3f5-426d-84d3-e65f6c8cc7c8-126708796380992","trial_id":197,"param_name":"gy","param_value_internal":0,"distribution":"{\"name\": \"CategoricalDistribution\", \"attributes\": {\"choices\": [1, 2, 4, 8]}}"}
{"op_code":5,"worker_id":"547befa4-d3f5-426d-84d3-e65f6c8cc7c8-126708796380992","trial_id":197,"param_name":"sub","param_value_internal":1,"distribution":"{\"name\": \"CategoricalDistribution\", \"attributes\": {\"choices\": [32, 64]}}"}
{"op_code":6,"worker_id":"547befa4-d3f5-426d-84d3-e65f6c8cc7c8-126708796380992","trial_id":197,"state":2,"values":null,"datetime_complete":"2026-07-24T02:05:24.098529"}
{"op_code":4,"worker_id":"547befa4-d3f5-426d-84d3-e65f6c8cc7c8-126708796380992","study_id":0,"datetime_start":"2026-07-24T02:05:24.100432"}
{"op_code":9,"worker_id":"547befa4-d3f5-426d-84d3-e65f6c8cc7c8-126708796380992","trial_id":198,"system_attr":{"tpe:relative_params:0":"{\"gx\": 4, \"gy\": 2, \"k\": 32, \"m\": 64, \"n\": 128, \"sub\": 64}"}}
{"op_code":5,"worker_id":"547befa4-d3f5-426d-84d3-e65f6c8cc7c8-126708796380992","trial_id":198,"param_name":"m","param_value_internal":2,"distribution":"{\"name\": \"CategoricalDistribution\", \"attributes\": {\"choices\": [16, 32, 64, 128, 256]}}"}
{"op_code":5,"worker_id":"547befa4-d3f5-426d-84d3-e65f6c8cc7c8-126708796380992","trial_id":198,"param_name":"n","param_value_internal":3,"distribution":"{\"name\": \"CategoricalDistribution\", \"attributes\": {\"choices\": [16, 32, 64, 128, 256]}}"}
{"op_code":5,"worker_id":"547befa4-d3f5-426d-84d3-e65f6c8cc7c8-126708796380992","trial_id":198,"param_name":"k","param_value_internal":1,"distribution":"{\"name\": \"CategoricalDistribution\", \"attributes\": {\"choices\": [16, 32, 64, 128]}}"}
{"op_code":5,"worker_id":"547befa4-d3f5-426d-84d3-e65f6c8cc7c8-126708796380992","trial_id":198,"param_name":"gx","param_value_internal":2,"distribution":"{\"name\": \"CategoricalDistribution\", \"attributes\": {\"choices\": [1, 2, 4, 8]}}"}
{"op_code":5,"worker_id":"547befa4-d3f5-426d-84d3-e65f6c8cc7c8-126708796380992","trial_id":198,"param_name":"gy","param_value_internal":1,"distribution":"{\"name\": \"CategoricalDistribution\", \"attributes\": {\"choices\": [1, 2, 4, 8]}}"}
{"op_code":5,"worker_id":"547befa4-d3f5-426d-84d3-e65f6c8cc7c8-126708796380992","trial_id":198,"param_name":"sub","param_value_internal":1,"distribution":"{\"name\": \"CategoricalDistribution\", \"attributes\": {\"choices\": [32, 64]}}"}
{"op_code":8,"worker_id":"547befa4-d3f5-426d-84d3-e65f6c8cc7c8-126708796380992","trial_id":198,"user_attr":{"token":"tsweep_t64x128k32g42s64"}}
{"op_code":4,"worker_id":"547befa4-d3f5-426d-84d3-e65f6c8cc7c8-126708796380992","study_id":0,"datetime_start":"2026-07-24T02:05:24.122153"}
{"op_code":9,"worker_id":"547befa4-d3f5-426d-84d3-e65f6c8cc7c8-126708796380992","trial_id":199,"system_attr":{"tpe:relative_params:0":"{\"gx\": 4, \"gy\": 2, \"k\": 64, \"m\": 64, \"n\": 128, \"sub\": 64}"}}
{"op_code":5,"worker_id":"547befa4-d3f5-426d-84d3-e65f6c8cc7c8-126708796380992","trial_id":199,"param_name":"m","param_value_internal":2,"distribution":"{\"name\": \"CategoricalDistribution\", \"attributes\": {\"choices\": [16, 32, 64, 128, 256]}}"}
{"op_code":5,"worker_id":"547befa4-d3f5-426d-84d3-e65f6c8cc7c8-126708796380992","trial_id":199,"param_name":"n","param_value_internal":3,"distribution":"{\"name\": \"CategoricalDistribution\", \"attributes\": {\"choices\": [16, 32, 64, 128, 256]}}"}
{"op_code":5,"worker_id":"547befa4-d3f5-426d-84d3-e65f6c8cc7c8-126708796380992","trial_id":199,"param_name":"k","param_value_internal":2,"distribution":"{\"name\": \"CategoricalDistribution\", \"attributes\": {\"choices\": [16, 32, 64, 128]}}"}
{"op_code":5,"worker_id":"547befa4-d3f5-426d-84d3-e65f6c8cc7c8-126708796380992","trial_id":199,"param_name":"gx","param_value_internal":2,"distribution":"{\"name\": \"CategoricalDistribution\", \"attributes\": {\"choices\": [1, 2, 4, 8]}}"}
{"op_code":5,"worker_id":"547befa4-d3f5-426d-84d3-e65f6c8cc7c8-126708796380992","trial_id":199,"param_name":"gy","param_value_internal":1,"distribution":"{\"name\": \"CategoricalDistribution\", \"attributes\": {\"choices\": [1, 2, 4, 8]}}"}
{"op_code":5,"worker_id":"547befa4-d3f5-426d-84d3-e65f6c8cc7c8-126708796380992","trial_id":199,"param_name":"sub","param_value_internal":1,"distribution":"{\"name\": \"CategoricalDistribution\", \"attributes\": {\"choices\": [32, 64]}}"}
{"op_code":6,"worker_id":"547befa4-d3f5-426d-84d3-e65f6c8cc7c8-126708796380992","trial_id":199,"state":2,"values":null,"datetime_complete":"2026-07-24T02:05:24.141187"}
{"op_code":4,"worker_id":"547befa4-d3f5-426d-84d3-e65f6c8cc7c8-126708796380992","study_id":0,"datetime_start":"2026-07-24T02:05:24.142893"}
{"op_code":9,"worker_id":"547befa4-d3f5-426d-84d3-e65f6c8cc7c8-126708796380992","trial_id":200,"system_attr":{"tpe:relative_params:0":"{\"gx\": 4, \"gy\": 2, \"k\": 32, \"m\": 32, \"n\": 128, \"sub\": 64}"}}
{"op_code":5,"worker_id":"547befa4-d3f5-426d-84d3-e65f6c8cc7c8-126708796380992","trial_id":200,"param_name":"m","param_value_internal":1,"distribution":"{\"name\": \"CategoricalDistribution\", \"attributes\": {\"choices\": [16, 32, 64, 128, 256]}}"}
{"op_code":5,"worker_id":"547befa4-d3f5-426d-84d3-e65f6c8cc7c8-126708796380992","trial_id":200,"param_name":"n","param_value_internal":3,"distribution":"{\"name\": \"CategoricalDistribution\", \"attributes\": {\"choices\": [16, 32, 64, 128, 256]}}"}
{"op_code":5,"worker_id":"547befa4-d3f5-426d-84d3-e65f6c8cc7c8-126708796380992","trial_id":200,"param_name":"k","param_value_internal":1,"distribution":"{\"name\": \"CategoricalDistribution\", \"attributes\": {\"choices\": [16, 32, 64, 128]}}"}
{"op_code":5,"worker_id":"547befa4-d3f5-426d-84d3-e65f6c8cc7c8-126708796380992","trial_id":200,"param_name":"gx","param_value_internal":2,"distribution":"{\"name\": \"CategoricalDistribution\", \"attributes\": {\"choices\": [1, 2, 4, 8]}}"}
{"op_code":5,"worker_id":"547befa4-d3f5-426d-84d3-e65f6c8cc7c8-126708796380992","trial_id":200,"param_name":"gy","param_value_internal":1,"distribution":"{\"name\": \"CategoricalDistribution\", \"attributes\": {\"choices\": [1, 2, 4, 8]}}"}
{"op_code":5,"worker_id":"547befa4-d3f5-426d-84d3-e65f6c8cc7c8-126708796380992","trial_id":200,"param_name":"sub","param_value_internal":1,"distribution":"{\"name\": \"CategoricalDistribution\", \"attributes\": {\"choices\": [32, 64]}}"}
{"op_code":6,"worker_id":"547befa4-d3f5-426d-84d3-e65f6c8cc7c8-126708796380992","trial_id":200,"state":2,"values":null,"datetime_complete":"2026-07-24T02:05:24.162192"}
{"op_code":4,"worker_id":"547befa4-d3f5-426d-84d3-e65f6c8cc7c8-126708796380992","study_id":0,"datetime_start":"2026-07-24T02:05:24.164449"}
{"op_code":9,"worker_id":"547befa4-d3f5-426d-84d3-e65f6c8cc7c8-126708796380992","trial_id":201,"system_attr":{"tpe:relative_params:0":"{\"gx\": 8, \"gy\": 2, \"k\": 64, \"m\": 64, \"n\": 256, \"sub\": 32}"}}
{"op_code":5,"worker_id":"547befa4-d3f5-426d-84d3-e65f6c8cc7c8-126708796380992","trial_id":201,"param_name":"m","param_value_internal":2,"distribution":"{\"name\": \"CategoricalDistribution\", \"attributes\": {\"choices\": [16, 32, 64, 128, 256]}}"}
{"op_code":5,"worker_id":"547befa4-d3f5-426d-84d3-e65f6c8cc7c8-126708796380992","trial_id":201,"param_name":"n","param_value_internal":4,"distribution":"{\"name\": \"CategoricalDistribution\", \"attributes\": {\"choices\": [16, 32, 64, 128, 256]}}"}
{"op_code":5,"worker_id":"547befa4-d3f5-426d-84d3-e65f6c8cc7c8-126708796380992","trial_id":201,"param_name":"k","param_value_internal":2,"distribution":"{\"name\": \"CategoricalDistribution\", \"attributes\": {\"choices\": [16, 32, 64, 128]}}"}
{"op_code":5,"worker_id":"547befa4-d3f5-426d-84d3-e65f6c8cc7c8-126708796380992","trial_id":201,"param_name":"gx","param_value_internal":3,"distribution":"{\"name\": \"CategoricalDistribution\", \"attributes\": {\"choices\": [1, 2, 4, 8]}}"}
{"op_code":5,"worker_id":"547befa4-d3f5-426d-84d3-e65f6c8cc7c8-126708796380992","trial_id":201,"param_name":"gy","param_value_internal":1,"distribution":"{\"name\": \"CategoricalDistribution\", \"attributes\": {\"choices\": [1, 2, 4, 8]}}"}
{"op_code":5,"worker_id":"547befa4-d3f5-426d-84d3-e65f6c8cc7c8-126708796380992","trial_id":201,"param_name":"sub","param_value_internal":0,"distribution":"{\"name\": \"CategoricalDistribution\", \"attributes\": {\"choices\": [32, 64]}}"}
{"op_code":6,"worker_id":"547befa4-d3f5-426d-84d3-e65f6c8cc7c8-126708796380992","trial_id":201,"state":2,"values":null,"datetime_complete":"2026-07-24T02:05:24.186816"}
{"op_code":4,"worker_id":"547befa4-d3f5-426d-84d3-e65f6c8cc7c8-126708796380992","study_id":0,"datetime_start":"2026-07-24T02:05:24.188780"}
{"op_code":9,"worker_id":"547befa4-d3f5-426d-84d3-e65f6c8cc7c8-126708796380992","trial_id":202,"system_attr":{"tpe:relative_params:0":"{\"gx\": 4, \"gy\": 1, \"k\": 128, \"m\": 16, \"n\": 128, \"sub\": 64}"}}
{"op_code":5,"worker_id":"547befa4-d3f5-426d-84d3-e65f6c8cc7c8-126708796380992","trial_id":202,"param_name":"m","param_value_internal":0,"distribution":"{\"name\": \"CategoricalDistribution\", \"attributes\": {\"choices\": [16, 32, 64, 128, 256]}}"}
{"op_code":5,"worker_id":"547befa4-d3f5-426d-84d3-e65f6c8cc7c8-126708796380992","trial_id":202,"param_name":"n","param_value_internal":3,"distribution":"{\"name\": \"CategoricalDistribution\", \"attributes\": {\"choices\": [16, 32, 64, 128, 256]}}"}
{"op_code":5,"worker_id":"547befa4-d3f5-426d-84d3-e65f6c8cc7c8-126708796380992","trial_id":202,"param_name":"k","param_value_internal":3,"distribution":"{\"name\": \"CategoricalDistribution\", \"attributes\": {\"choices\": [16, 32, 64, 128]}}"}
{"op_code":5,"worker_id":"547befa4-d3f5-426d-84d3-e65f6c8cc7c8-126708796380992","trial_id":202,"param_name":"gx","param_value_internal":2,"distribution":"{\"name\": \"CategoricalDistribution\", \"attributes\": {\"choices\": [1, 2, 4, 8]}}"}
{"op_code":5,"worker_id":"547befa4-d3f5-426d-84d3-e65f6c8cc7c8-126708796380992","trial_id":202,"param_name":"gy","param_value_internal":0,"distribution":"{\"name\": \"CategoricalDistribution\", \"attributes\": {\"choices\": [1, 2, 4, 8]}}"}
{"op_code":5,"worker_id":"547befa4-d3f5-426d-84d3-e65f6c8cc7c8-126708796380992","trial_id":202,"param_name":"sub","param_value_internal":1,"distribution":"{\"name\": \"CategoricalDistribution\", \"attributes\": {\"choices\": [32, 64]}}"}
{"op_code":8,"worker_id":"547befa4-d3f5-426d-84d3-e65f6c8cc7c8-126708796380992","trial_id":202,"user_attr":{"token":"tsweep_t16x128k128g41s64"}}
{"op_code":4,"worker_id":"547befa4-d3f5-426d-84d3-e65f6c8cc7c8-126708796380992","study_id":0,"datetime_start":"2026-07-24T02:05:24.211541"}
{"op_code":9,"worker_id":"547befa4-d3f5-426d-84d3-e65f6c8cc7c8-126708796380992","trial_id":203,"system_attr":{"tpe:relative_params:0":"{\"gx\": 2, \"gy\": 1, \"k\": 64, \"m\": 32, \"n\": 256, \"sub\": 64}"}}
{"op_code":5,"worker_id":"547befa4-d3f5-426d-84d3-e65f6c8cc7c8-126708796380992","trial_id":203,"param_name":"m","param_value_internal":1,"distribution":"{\"name\": \"CategoricalDistribution\", \"attributes\": {\"choices\": [16, 32, 64, 128, 256]}}"}
{"op_code":5,"worker_id":"547befa4-d3f5-426d-84d3-e65f6c8cc7c8-126708796380992","trial_id":203,"param_name":"n","param_value_internal":4,"distribution":"{\"name\": \"CategoricalDistribution\", \"attributes\": {\"choices\": [16, 32, 64, 128, 256]}}"}
{"op_code":5,"worker_id":"547befa4-d3f5-426d-84d3-e65f6c8cc7c8-126708796380992","trial_id":203,"param_name":"k","param_value_internal":2,"distribution":"{\"name\": \"CategoricalDistribution\", \"attributes\": {\"choices\": [16, 32, 64, 128]}}"}
{"op_code":5,"worker_id":"547befa4-d3f5-426d-84d3-e65f6c8cc7c8-126708796380992","trial_id":203,"param_name":"gx","param_value_internal":1,"distribution":"{\"name\": \"CategoricalDistribution\", \"attributes\": {\"choices\": [1, 2, 4, 8]}}"}
{"op_code":5,"worker_id":"547befa4-d3f5-426d-84d3-e65f6c8cc7c8-126708796380992","trial_id":203,"param_name":"gy","param_value_internal":0,"distribution":"{\"name\": \"CategoricalDistribution\", \"attributes\": {\"choices\": [1, 2, 4, 8]}}"}
{"op_code":5,"worker_id":"547befa4-d3f5-426d-84d3-e65f6c8cc7c8-126708796380992","trial_id":203,"param_name":"sub","param_value_internal":1,"distribution":"{\"name\": \"CategoricalDistribution\", \"attributes\": {\"choices\": [32, 64]}}"}
{"op_code":8,"worker_id":"547befa4-d3f5-426d-84d3-e65f6c8cc7c8-126708796380992","trial_id":203,"user_attr":{"token":"tsweep_t32x256k64g21s64"}}
{"op_code":4,"worker_id":"547befa4-d3f5-426d-84d3-e65f6c8cc7c8-126708796380992","study_id":0,"datetime_start":"2026-07-24T02:05:24.235929"}
{"op_code":9,"worker_id":"547befa4-d3f5-426d-84d3-e65f6c8cc7c8-126708796380992","trial_id":204,"system_attr":{"tpe:relative_params:0":"{\"gx\": 2, \"gy\": 4, \"k\": 16, \"m\": 32, \"n\": 128, \"sub\": 64}"}}
{"op_code":5,"worker_id":"547befa4-d3f5-426d-84d3-e65f6c8cc7c8-126708796380992","trial_id":204,"param_name":"m","param_value_internal":1,"distribution":"{\"name\": \"CategoricalDistribution\", \"attributes\": {\"choices\": [16, 32, 64, 128, 256]}}"}
{"op_code":5,"worker_id":"547befa4-d3f5-426d-84d3-e65f6c8cc7c8-126708796380992","trial_id":204,"param_name":"n","param_value_internal":3,"distribution":"{\"name\": \"CategoricalDistribution\", \"attributes\": {\"choices\": [16, 32, 64, 128, 256]}}"}
{"op_code":5,"worker_id":"547befa4-d3f5-426d-84d3-e65f6c8cc7c8-126708796380992","trial_id":204,"param_name":"k","param_value_internal":0,"distribution":"{\"name\": \"CategoricalDistribution\", \"attributes\": {\"choices\": [16, 32, 64, 128]}}"}
{"op_code":5,"worker_id":"547befa4-d3f5-426d-84d3-e65f6c8cc7c8-126708796380992","trial_id":204,"param_name":"gx","param_value_internal":1,"distribution":"{\"name\": \"CategoricalDistribution\", \"attributes\": {\"choices\": [1, 2, 4, 8]}}"}
{"op_code":5,"worker_id":"547befa4-d3f5-426d-84d3-e65f6c8cc7c8-126708796380992","trial_id":204,"param_name":"gy","param_value_internal":2,"distribution":"{\"name\": \"CategoricalDistribution\", \"attributes\": {\"choices\": [1, 2, 4, 8]}}"}
{"op_code":5,"worker_id":"547befa4-d3f5-426d-84d3-e65f6c8cc7c8-126708796380992","trial_id":204,"param_name":"sub","param_value_internal":1,"distribution":"{\"name\": \"CategoricalDistribution\", \"attributes\": {\"choices\": [32, 64]}}"}
{"op_code":6,"worker_id":"547befa4-d3f5-426d-84d3-e65f6c8cc7c8-126708796380992","trial_id":204,"state":2,"values":null,"datetime_complete":"2026-07-24T02:05:24.259062"}
{"op_code":4,"worker_id":"547befa4-d3f5-426d-84d3-e65f6c8cc7c8-126708796380992","study_id":0,"datetime_start":"2026-07-24T02:05:24.261187"}
{"op_code":9,"worker_id":"547befa4-d3f5-426d-84d3-e65f6c8cc7c8-126708796380992","trial_id":205,"system_attr":{"tpe:relative_params:0":"{\"gx\": 2, \"gy\": 4, \"k\": 16, \"m\": 64, \"n\": 128, \"sub\": 64}"}}
{"op_code":5,"worker_id":"547befa4-d3f5-426d-84d3-e65f6c8cc7c8-126708796380992","trial_id":205,"param_name":"m","param_value_internal":2,"distribution":"{\"name\": \"CategoricalDistribution\", \"attributes\": {\"choices\": [16, 32, 64, 128, 256]}}"}
{"op_code":5,"worker_id":"547befa4-d3f5-426d-84d3-e65f6c8cc7c8-126708796380992","trial_id":205,"param_name":"n","param_value_internal":3,"distribution":"{\"name\": \"CategoricalDistribution\", \"attributes\": {\"choices\": [16, 32, 64, 128, 256]}}"}
{"op_code":5,"worker_id":"547befa4-d3f5-426d-84d3-e65f6c8cc7c8-126708796380992","trial_id":205,"param_name":"k","param_value_internal":0,"distribution":"{\"name\": \"CategoricalDistribution\", \"attributes\": {\"choices\": [16, 32, 64, 128]}}"}
{"op_code":5,"worker_id":"547befa4-d3f5-426d-84d3-e65f6c8cc7c8-126708796380992","trial_id":205,"param_name":"gx","param_value_internal":1,"distribution":"{\"name\": \"CategoricalDistribution\", \"attributes\": {\"choices\": [1, 2, 4, 8]}}"}
{"op_code":5,"worker_id":"547befa4-d3f5-426d-84d3-e65f6c8cc7c8-126708796380992","trial_id":205,"param_name":"gy","param_value_internal":2,"distribution":"{\"name\": \"CategoricalDistribution\", \"attributes\": {\"choices\": [1, 2, 4, 8]}}"}
{"op_code":5,"worker_id":"547befa4-d3f5-426d-84d3-e65f6c8cc7c8-126708796380992","trial_id":205,"param_name":"sub","param_value_internal":1,"distribution":"{\"name\": \"CategoricalDistribution\", \"attributes\": {\"choices\": [32, 64]}}"}
{"op_code":6,"worker_id":"547befa4-d3f5-426d-84d3-e65f6c8cc7c8-126708796380992","trial_id":205,"state":2,"values":null,"datetime_complete":"2026-07-24T02:05:24.284315"}
{"op_code":4,"worker_id":"547befa4-d3f5-426d-84d3-e65f6c8cc7c8-126708796380992","study_id":0,"datetime_start":"2026-07-24T02:05:24.286433"}
{"op_code":9,"worker_id":"547befa4-d3f5-426d-84d3-e65f6c8cc7c8-126708796380992","trial_id":206,"system_attr":{"tpe:relative_params:0":"{\"gx\": 4, \"gy\": 1, \"k\": 64, \"m\": 32, \"n\": 128, \"sub\": 64}"}}
{"op_code":5,"worker_id":"547befa4-d3f5-426d-84d3-e65f6c8cc7c8-126708796380992","trial_id":206,"param_name":"m","param_value_internal":1,"distribution":"{\"name\": \"CategoricalDistribution\", \"attributes\": {\"choices\": [16, 32, 64, 128, 256]}}"}
{"op_code":5,"worker_id":"547befa4-d3f5-426d-84d3-e65f6c8cc7c8-126708796380992","trial_id":206,"param_name":"n","param_value_internal":3,"distribution":"{\"name\": \"CategoricalDistribution\", \"attributes\": {\"choices\": [16, 32, 64, 128, 256]}}"}
{"op_code":5,"worker_id":"547befa4-d3f5-426d-84d3-e65f6c8cc7c8-126708796380992","trial_id":206,"param_name":"k","param_value_internal":2,"distribution":"{\"name\": \"CategoricalDistribution\", \"attributes\": {\"choices\": [16, 32, 64, 128]}}"}
{"op_code":5,"worker_id":"547befa4-d3f5-426d-84d3-e65f6c8cc7c8-126708796380992","trial_id":206,"param_name":"gx","param_value_internal":2,"distribution":"{\"name\": \"CategoricalDistribution\", \"attributes\": {\"choices\": [1, 2, 4, 8]}}"}
{"op_code":5,"worker_id":"547befa4-d3f5-426d-84d3-e65f6c8cc7c8-126708796380992","trial_id":206,"param_name":"gy","param_value_internal":0,"distribution":"{\"name\": \"CategoricalDistribution\", \"attributes\": {\"choices\": [1, 2, 4, 8]}}"}
{"op_code":5,"worker_id":"547befa4-d3f5-426d-84d3-e65f6c8cc7c8-126708796380992","trial_id":206,"param_name":"sub","param_value_internal":1,"distribution":"{\"name\": \"CategoricalDistribution\", \"attributes\": {\"choices\": [32, 64]}}"}
{"op_code":8,"worker_id":"547befa4-d3f5-426d-84d3-e65f6c8cc7c8-126708796380992","trial_id":206,"user_attr":{"token":"tsweep_t32x128k64g41s64"}}
{"op_code":4,"worker_id":"547befa4-d3f5-426d-84d3-e65f6c8cc7c8-126708796380992","study_id":0,"datetime_start":"2026-07-24T02:05:24.310792"}
{"op_code":9,"worker_id":"547befa4-d3f5-426d-84d3-e65f6c8cc7c8-126708796380992","trial_id":207,"system_attr":{"tpe:relative_params:0":"{\"gx\": 4, \"gy\": 1, \"k\": 64, \"m\": 64, \"n\": 64, \"sub\": 64}"}}
{"op_code":5,"worker_id":"547befa4-d3f5-426d-84d3-e65f6c8cc7c8-126708796380992","trial_id":207,"param_name":"m","param_value_internal":2,"distribution":"{\"name\": \"CategoricalDistribution\", \"attributes\": {\"choices\": [16, 32, 64, 128, 256]}}"}
{"op_code":5,"worker_id":"547befa4-d3f5-426d-84d3-e65f6c8cc7c8-126708796380992","trial_id":207,"param_name":"n","param_value_internal":2,"distribution":"{\"name\": \"CategoricalDistribution\", \"attributes\": {\"choices\": [16, 32, 64, 128, 256]}}"}
{"op_code":5,"worker_id":"547befa4-d3f5-426d-84d3-e65f6c8cc7c8-126708796380992","trial_id":207,"param_name":"k","param_value_internal":2,"distribution":"{\"name\": \"CategoricalDistribution\", \"attributes\": {\"choices\": [16, 32, 64, 128]}}"}
{"op_code":5,"worker_id":"547befa4-d3f5-426d-84d3-e65f6c8cc7c8-126708796380992","trial_id":207,"param_name":"gx","param_value_internal":2,"distribution":"{\"name\": \"CategoricalDistribution\", \"attributes\": {\"choices\": [1, 2, 4, 8]}}"}
{"op_code":5,"worker_id":"547befa4-d3f5-426d-84d3-e65f6c8cc7c8-126708796380992","trial_id":207,"param_name":"gy","param_value_internal":0,"distribution":"{\"name\": \"CategoricalDistribution\", \"attributes\": {\"choices\": [1, 2, 4, 8]}}"}
{"op_code":5,"worker_id":"547befa4-d3f5-426d-84d3-e65f6c8cc7c8-126708796380992","trial_id":207,"param_name":"sub","param_value_internal":1,"distribution":"{\"name\": \"CategoricalDistribution\", \"attributes\": {\"choices\": [32, 64]}}"}
{"op_code":8,"worker_id":"547befa4-d3f5-426d-84d3-e65f6c8cc7c8-126708796380992","trial_id":207,"user_attr":{"token":"tsweep_t64x64k64g41s64"}}
{"op_code":4,"worker_id":"547befa4-d3f5-426d-84d3-e65f6c8cc7c8-126708796380992","study_id":0,"datetime_start":"2026-07-24T02:05:24.335992"}
{"op_code":9,"worker_id":"547befa4-d3f5-426d-84d3-e65f6c8cc7c8-126708796380992","trial_id":208,"system_attr":{"tpe:relative_params:0":"{\"gx\": 4, \"gy\": 2, \"k\": 16, \"m\": 128, \"n\": 128, \"sub\": 64}"}}
{"op_code":5,"worker_id":"547befa4-d3f5-426d-84d3-e65f6c8cc7c8-126708796380992","trial_id":208,"param_name":"m","param_value_internal":3,"distribution":"{\"name\": \"CategoricalDistribution\", \"attributes\": {\"choices\": [16, 32, 64, 128, 256]}}"}
{"op_code":5,"worker_id":"547befa4-d3f5-426d-84d3-e65f6c8cc7c8-126708796380992","trial_id":208,"param_name":"n","param_value_internal":3,"distribution":"{\"name\": \"CategoricalDistribution\", \"attributes\": {\"choices\": [16, 32, 64, 128, 256]}}"}
{"op_code":5,"worker_id":"547befa4-d3f5-426d-84d3-e65f6c8cc7c8-126708796380992","trial_id":208,"param_name":"k","param_value_internal":0,"distribution":"{\"name\": \"CategoricalDistribution\", \"attributes\": {\"choices\": [16, 32, 64, 128]}}"}
{"op_code":5,"worker_id":"547befa4-d3f5-426d-84d3-e65f6c8cc7c8-126708796380992","trial_id":208,"param_name":"gx","param_value_internal":2,"distribution":"{\"name\": \"CategoricalDistribution\", \"attributes\": {\"choices\": [1, 2, 4, 8]}}"}
{"op_code":5,"worker_id":"547befa4-d3f5-426d-84d3-e65f6c8cc7c8-126708796380992","trial_id":208,"param_name":"gy","param_value_internal":1,"distribution":"{\"name\": \"CategoricalDistribution\", \"attributes\": {\"choices\": [1, 2, 4, 8]}}"}
{"op_code":5,"worker_id":"547befa4-d3f5-426d-84d3-e65f6c8cc7c8-126708796380992","trial_id":208,"param_name":"sub","param_value_internal":1,"distribution":"{\"name\": \"CategoricalDistribution\", \"attributes\": {\"choices\": [32, 64]}}"}
{"op_code":8,"worker_id":"547befa4-d3f5-426d-84d3-e65f6c8cc7c8-126708796380992","trial_id":208,"user_attr":{"token":"tsweep_t128x128k16g42s64"}}
{"op_code":4,"worker_id":"547befa4-d3f5-426d-84d3-e65f6c8cc7c8-126708796380992","study_id":0,"datetime_start":"2026-07-24T02:05:24.360288"}
{"op_code":9,"worker_id":"547befa4-d3f5-426d-84d3-e65f6c8cc7c8-126708796380992","trial_id":209,"system_attr":{"tpe:relative_params:0":"{\"gx\": 4, \"gy\": 1, \"k\": 16, \"m\": 128, \"n\": 64, \"sub\": 64}"}}
{"op_code":5,"worker_id":"547befa4-d3f5-426d-84d3-e65f6c8cc7c8-126708796380992","trial_id":209,"param_name":"m","param_value_internal":3,"distribution":"{\"name\": \"CategoricalDistribution\", \"attributes\": {\"choices\": [16, 32, 64, 128, 256]}}"}
{"op_code":5,"worker_id":"547befa4-d3f5-426d-84d3-e65f6c8cc7c8-126708796380992","trial_id":209,"param_name":"n","param_value_internal":2,"distribution":"{\"name\": \"CategoricalDistribution\", \"attributes\": {\"choices\": [16, 32, 64, 128, 256]}}"}
{"op_code":5,"worker_id":"547befa4-d3f5-426d-84d3-e65f6c8cc7c8-126708796380992","trial_id":209,"param_name":"k","param_value_internal":0,"distribution":"{\"name\": \"CategoricalDistribution\", \"attributes\": {\"choices\": [16, 32, 64, 128]}}"}
{"op_code":5,"worker_id":"547befa4-d3f5-426d-84d3-e65f6c8cc7c8-126708796380992","trial_id":209,"param_name":"gx","param_value_internal":2,"distribution":"{\"name\": \"CategoricalDistribution\", \"attributes\": {\"choices\": [1, 2, 4, 8]}}"}
{"op_code":5,"worker_id":"547befa4-d3f5-426d-84d3-e65f6c8cc7c8-126708796380992","trial_id":209,"param_name":"gy","param_value_internal":0,"distribution":"{\"name\": \"CategoricalDistribution\", \"attributes\": {\"choices\": [1, 2, 4, 8]}}"}
{"op_code":5,"worker_id":"547befa4-d3f5-426d-84d3-e65f6c8cc7c8-126708796380992","trial_id":209,"param_name":"sub","param_value_internal":1,"distribution":"{\"name\": \"CategoricalDistribution\", \"attributes\": {\"choices\": [32, 64]}}"}
{"op_code":8,"worker_id":"547befa4-d3f5-426d-84d3-e65f6c8cc7c8-126708796380992","trial_id":209,"user_attr":{"token":"tsweep_t128x64k16g41s64"}}
{"op_code":4,"worker_id":"547befa4-d3f5-426d-84d3-e65f6c8cc7c8-126708796380992","study_id":0,"datetime_start":"2026-07-24T02:05:24.385298"}
{"op_code":9,"worker_id":"547befa4-d3f5-426d-84d3-e65f6c8cc7c8-126708796380992","trial_id":210,"system_attr":{"tpe:relative_params:0":"{\"gx\": 4, \"gy\": 1, \"k\": 32, \"m\": 128, \"n\": 128, \"sub\": 64}"}}
{"op_code":5,"worker_id":"547befa4-d3f5-426d-84d3-e65f6c8cc7c8-126708796380992","trial_id":210,"param_name":"m","param_value_internal":3,"distribution":"{\"name\": \"CategoricalDistribution\", \"attributes\": {\"choices\": [16, 32, 64, 128, 256]}}"}
{"op_code":5,"worker_id":"547befa4-d3f5-426d-84d3-e65f6c8cc7c8-126708796380992","trial_id":210,"param_name":"n","param_value_internal":3,"distribution":"{\"name\": \"CategoricalDistribution\", \"attributes\": {\"choices\": [16, 32, 64, 128, 256]}}"}
{"op_code":5,"worker_id":"547befa4-d3f5-426d-84d3-e65f6c8cc7c8-126708796380992","trial_id":210,"param_name":"k","param_value_internal":1,"distribution":"{\"name\": \"CategoricalDistribution\", \"attributes\": {\"choices\": [16, 32, 64, 128]}}"}
{"op_code":5,"worker_id":"547befa4-d3f5-426d-84d3-e65f6c8cc7c8-126708796380992","trial_id":210,"param_name":"gx","param_value_internal":2,"distribution":"{\"name\": \"CategoricalDistribution\", \"attributes\": {\"choices\": [1, 2, 4, 8]}}"}
{"op_code":5,"worker_id":"547befa4-d3f5-426d-84d3-e65f6c8cc7c8-126708796380992","trial_id":210,"param_name":"gy","param_value_internal":0,"distribution":"{\"name\": \"CategoricalDistribution\", \"attributes\": {\"choices\": [1, 2, 4, 8]}}"}
{"op_code":5,"worker_id":"547befa4-d3f5-426d-84d3-e65f6c8cc7c8-126708796380992","trial_id":210,"param_name":"sub","param_value_internal":1,"distribution":"{\"name\": \"CategoricalDistribution\", \"attributes\": {\"choices\": [32, 64]}}"}
{"op_code":8,"worker_id":"547befa4-d3f5-426d-84d3-e65f6c8cc7c8-126708796380992","trial_id":210,"user_attr":{"token":"tsweep_t128x128k32g41s64"}}
{"op_code":4,"worker_id":"547befa4-d3f5-426d-84d3-e65f6c8cc7c8-126708796380992","study_id":0,"datetime_start":"2026-07-24T02:05:24.409319"}
{"op_code":9,"worker_id":"547befa4-d3f5-426d-84d3-e65f6c8cc7c8-126708796380992","trial_id":211,"system_attr":{"tpe:relative_params:0":"{\"gx\": 2, \"gy\": 1, \"k\": 32, \"m\": 16, \"n\": 16, \"sub\": 64}"}}
{"op_code":5,"worker_id":"547befa4-d3f5-426d-84d3-e65f6c8cc7c8-126708796380992","trial_id":211,"param_name":"m","param_value_internal":0,"distribution":"{\"name\": \"CategoricalDistribution\", \"attributes\": {\"choices\": [16, 32, 64, 128, 256]}}"}
{"op_code":5,"worker_id":"547befa4-d3f5-426d-84d3-e65f6c8cc7c8-126708796380992","trial_id":211,"param_name":"n","param_value_internal":0,"distribution":"{\"name\": \"CategoricalDistribution\", \"attributes\": {\"choices\": [16, 32, 64, 128, 256]}}"}
{"op_code":5,"worker_id":"547befa4-d3f5-426d-84d3-e65f6c8cc7c8-126708796380992","trial_id":211,"param_name":"k","param_value_internal":1,"distribution":"{\"name\": \"CategoricalDistribution\", \"attributes\": {\"choices\": [16, 32, 64, 128]}}"}
{"op_code":5,"worker_id":"547befa4-d3f5-426d-84d3-e65f6c8cc7c8-126708796380992","trial_id":211,"param_name":"gx","param_value_internal":1,"distribution":"{\"name\": \"CategoricalDistribution\", \"attributes\": {\"choices\": [1, 2, 4, 8]}}"}
{"op_code":5,"worker_id":"547befa4-d3f5-426d-84d3-e65f6c8cc7c8-126708796380992","trial_id":211,"param_name":"gy","param_value_internal":0,"distribution":"{\"name\": \"CategoricalDistribution\", \"attributes\": {\"choices\": [1, 2, 4, 8]}}"}
{"op_code":5,"worker_id":"547befa4-d3f5-426d-84d3-e65f6c8cc7c8-126708796380992","trial_id":211,"param_name":"sub","param_value_internal":1,"distribution":"{\"name\": \"CategoricalDistribution\", \"attributes\": {\"choices\": [32, 64]}}"}
{"op_code":6,"worker_id":"547befa4-d3f5-426d-84d3-e65f6c8cc7c8-126708796380992","trial_id":211,"state":2,"values":null,"datetime_complete":"2026-07-24T02:05:24.430929"}
{"op_code":4,"worker_id":"547befa4-d3f5-426d-84d3-e65f6c8cc7c8-126708796380992","study_id":0,"datetime_start":"2026-07-24T02:05:24.432776"}
{"op_code":9,"worker_id":"547befa4-d3f5-426d-84d3-e65f6c8cc7c8-126708796380992","trial_id":212,"system_attr":{"tpe:relative_params:0":"{\"gx\": 1, \"gy\": 2, \"k\": 32, \"m\": 128, \"n\": 256, \"sub\": 64}"}}
{"op_code":5,"worker_id":"547befa4-d3f5-426d-84d3-e65f6c8cc7c8-126708796380992","trial_id":212,"param_name":"m","param_value_internal":3,"distribution":"{\"name\": \"CategoricalDistribution\", \"attributes\": {\"choices\": [16, 32, 64, 128, 256]}}"}
{"op_code":5,"worker_id":"547befa4-d3f5-426d-84d3-e65f6c8cc7c8-126708796380992","trial_id":212,"param_name":"n","param_value_internal":4,"distribution":"{\"name\": \"CategoricalDistribution\", \"attributes\": {\"choices\": [16, 32, 64, 128, 256]}}"}
{"op_code":5,"worker_id":"547befa4-d3f5-426d-84d3-e65f6c8cc7c8-126708796380992","trial_id":212,"param_name":"k","param_value_internal":1,"distribution":"{\"name\": \"CategoricalDistribution\", \"attributes\": {\"choices\": [16, 32, 64, 128]}}"}
{"op_code":5,"worker_id":"547befa4-d3f5-426d-84d3-e65f6c8cc7c8-126708796380992","trial_id":212,"param_name":"gx","param_value_internal":0,"distribution":"{\"name\": \"CategoricalDistribution\", \"attributes\": {\"choices\": [1, 2, 4, 8]}}"}
{"op_code":5,"worker_id":"547befa4-d3f5-426d-84d3-e65f6c8cc7c8-126708796380992","trial_id":212,"param_name":"gy","param_value_internal":1,"distribution":"{\"name\": \"CategoricalDistribution\", \"attributes\": {\"choices\": [1, 2, 4, 8]}}"}
{"op_code":5,"worker_id":"547befa4-d3f5-426d-84d3-e65f6c8cc7c8-126708796380992","trial_id":212,"param_name":"sub","param_value_internal":1,"distribution":"{\"name\": \"CategoricalDistribution\", \"attributes\": {\"choices\": [32, 64]}}"}
{"op_code":8,"worker_id":"547befa4-d3f5-426d-84d3-e65f6c8cc7c8-126708796380992","trial_id":212,"user_attr":{"token":"tsweep_t128x256k32g12s64"}}
{"op_code":4,"worker_id":"547befa4-d3f5-426d-84d3-e65f6c8cc7c8-126708796380992","study_id":0,"datetime_start":"2026-07-24T02:05:24.453645"}
{"op_code":9,"worker_id":"547befa4-d3f5-426d-84d3-e65f6c8cc7c8-126708796380992","trial_id":213,"system_attr":{"tpe:relative_params:0":"{\"gx\": 1, \"gy\": 2, \"k\": 64, \"m\": 64, \"n\": 32, \"sub\": 64}"}}
{"op_code":5,"worker_id":"547befa4-d3f5-426d-84d3-e65f6c8cc7c8-126708796380992","trial_id":213,"param_name":"m","param_value_internal":2,"distribution":"{\"name\": \"CategoricalDistribution\", \"attributes\": {\"choices\": [16, 32, 64, 128, 256]}}"}
{"op_code":5,"worker_id":"547befa4-d3f5-426d-84d3-e65f6c8cc7c8-126708796380992","trial_id":213,"param_name":"n","param_value_internal":1,"distribution":"{\"name\": \"CategoricalDistribution\", \"attributes\": {\"choices\": [16, 32, 64, 128, 256]}}"}
{"op_code":5,"worker_id":"547befa4-d3f5-426d-84d3-e65f6c8cc7c8-126708796380992","trial_id":213,"param_name":"k","param_value_internal":2,"distribution":"{\"name\": \"CategoricalDistribution\", \"attributes\": {\"choices\": [16, 32, 64, 128]}}"}
{"op_code":5,"worker_id":"547befa4-d3f5-426d-84d3-e65f6c8cc7c8-126708796380992","trial_id":213,"param_name":"gx","param_value_internal":0,"distribution":"{\"name\": \"CategoricalDistribution\", \"attributes\": {\"choices\": [1, 2, 4, 8]}}"}
{"op_code":5,"worker_id":"547befa4-d3f5-426d-84d3-e65f6c8cc7c8-126708796380992","trial_id":213,"param_name":"gy","param_value_internal":1,"distribution":"{\"name\": \"CategoricalDistribution\", \"attributes\": {\"choices\": [1, 2, 4, 8]}}"}
{"op_code":5,"worker_id":"547befa4-d3f5-426d-84d3-e65f6c8cc7c8-126708796380992","trial_id":213,"param_name":"sub","param_value_internal":1,"distribution":"{\"name\": \"CategoricalDistribution\", \"attributes\": {\"choices\": [32, 64]}}"}
{"op_code":8,"worker_id":"547befa4-d3f5-426d-84d3-e65f6c8cc7c8-126708796380992","trial_id":213,"user_attr":{"token":"tsweep_t64x32k64g12s64"}}
{"op_code":4,"worker_id":"547befa4-d3f5-426d-84d3-e65f6c8cc7c8-126708796380992","study_id":0,"datetime_start":"2026-07-24T02:05:24.482518"}
{"op_code":9,"worker_id":"547befa4-d3f5-426d-84d3-e65f6c8cc7c8-126708796380992","trial_id":214,"system_attr":{"tpe:relative_params:0":"{\"gx\": 4, \"gy\": 1, \"k\": 32, \"m\": 32, \"n\": 64, \"sub\": 64}"}}
{"op_code":5,"worker_id":"547befa4-d3f5-426d-84d3-e65f6c8cc7c8-126708796380992","trial_id":214,"param_name":"m","param_value_internal":1,"distribution":"{\"name\": \"CategoricalDistribution\", \"attributes\": {\"choices\": [16, 32, 64, 128, 256]}}"}
{"op_code":5,"worker_id":"547befa4-d3f5-426d-84d3-e65f6c8cc7c8-126708796380992","trial_id":214,"param_name":"n","param_value_internal":2,"distribution":"{\"name\": \"CategoricalDistribution\", \"attributes\": {\"choices\": [16, 32, 64, 128, 256]}}"}
{"op_code":5,"worker_id":"547befa4-d3f5-426d-84d3-e65f6c8cc7c8-126708796380992","trial_id":214,"param_name":"k","param_value_internal":1,"distribution":"{\"name\": \"CategoricalDistribution\", \"attributes\": {\"choices\": [16, 32, 64, 128]}}"}
{"op_code":5,"worker_id":"547befa4-d3f5-426d-84d3-e65f6c8cc7c8-126708796380992","trial_id":214,"param_name":"gx","param_value_internal":2,"distribution":"{\"name\": \"CategoricalDistribution\", \"attributes\": {\"choices\": [1, 2, 4, 8]}}"}
{"op_code":5,"worker_id":"547befa4-d3f5-426d-84d3-e65f6c8cc7c8-126708796380992","trial_id":214,"param_name":"gy","param_value_internal":0,"distribution":"{\"name\": \"CategoricalDistribution\", \"attributes\": {\"choices\": [1, 2, 4, 8]}}"}
{"op_code":5,"worker_id":"547befa4-d3f5-426d-84d3-e65f6c8cc7c8-126708796380992","trial_id":214,"param_name":"sub","param_value_internal":1,"distribution":"{\"name\": \"CategoricalDistribution\", \"attributes\": {\"choices\": [32, 64]}}"}
{"op_code":8,"worker_id":"547befa4-d3f5-426d-84d3-e65f6c8cc7c8-126708796380992","trial_id":214,"user_attr":{"token":"tsweep_t32x64k32g41s64"}}
{"op_code":4,"worker_id":"547befa4-d3f5-426d-84d3-e65f6c8cc7c8-126708796380992","study_id":0,"datetime_start":"2026-07-24T02:05:24.512470"}
{"op_code":9,"worker_id":"547befa4-d3f5-426d-84d3-e65f6c8cc7c8-126708796380992","trial_id":215,"system_attr":{"tpe:relative_params:0":"{\"gx\": 4, \"gy\": 1, \"k\": 64, \"m\": 64, \"n\": 32, \"sub\": 64}"}}
{"op_code":5,"worker_id":"547befa4-d3f5-426d-84d3-e65f6c8cc7c8-126708796380992","trial_id":215,"param_name":"m","param_value_internal":2,"distribution":"{\"name\": \"CategoricalDistribution\", \"attributes\": {\"choices\": [16, 32, 64, 128, 256]}}"}
{"op_code":5,"worker_id":"547befa4-d3f5-426d-84d3-e65f6c8cc7c8-126708796380992","trial_id":215,"param_name":"n","param_value_internal":1,"distribution":"{\"name\": \"CategoricalDistribution\", \"attributes\": {\"choices\": [16, 32, 64, 128, 256]}}"}
{"op_code":5,"worker_id":"547befa4-d3f5-426d-84d3-e65f6c8cc7c8-126708796380992","trial_id":215,"param_name":"k","param_value_internal":2,"distribution":"{\"name\": \"CategoricalDistribution\", \"attributes\": {\"choices\": [16, 32, 64, 128]}}"}
{"op_code":5,"worker_id":"547befa4-d3f5-426d-84d3-e65f6c8cc7c8-126708796380992","trial_id":215,"param_name":"gx","param_value_internal":2,"distribution":"{\"name\": \"CategoricalDistribution\", \"attributes\": {\"choices\": [1, 2, 4, 8]}}"}
{"op_code":5,"worker_id":"547befa4-d3f5-426d-84d3-e65f6c8cc7c8-126708796380992","trial_id":215,"param_name":"gy","param_value_internal":0,"distribution":"{\"name\": \"CategoricalDistribution\", \"attributes\": {\"choices\": [1, 2, 4, 8]}}"}
{"op_code":5,"worker_id":"547befa4-d3f5-426d-84d3-e65f6c8cc7c8-126708796380992","trial_id":215,"param_name":"sub","param_value_internal":1,"distribution":"{\"name\": \"CategoricalDistribution\", \"attributes\": {\"choices\": [32, 64]}}"}
{"op_code":6,"worker_id":"547befa4-d3f5-426d-84d3-e65f6c8cc7c8-126708796380992","trial_id":215,"state":2,"values":null,"datetime_complete":"2026-07-24T02:05:24.535146"}
{"op_code":4,"worker_id":"547befa4-d3f5-426d-84d3-e65f6c8cc7c8-126708796380992","study_id":0,"datetime_start":"2026-07-24T02:05:24.537049"}
{"op_code":9,"worker_id":"547befa4-d3f5-426d-84d3-e65f6c8cc7c8-126708796380992","trial_id":216,"system_attr":{"tpe:relative_params:0":"{\"gx\": 2, \"gy\": 1, \"k\": 32, \"m\": 32, \"n\": 128, \"sub\": 64}"}}
{"op_code":5,"worker_id":"547befa4-d3f5-426d-84d3-e65f6c8cc7c8-126708796380992","trial_id":216,"param_name":"m","param_value_internal":1,"distribution":"{\"name\": \"CategoricalDistribution\", \"attributes\": {\"choices\": [16, 32, 64, 128, 256]}}"}
{"op_code":5,"worker_id":"547befa4-d3f5-426d-84d3-e65f6c8cc7c8-126708796380992","trial_id":216,"param_name":"n","param_value_internal":3,"distribution":"{\"name\": \"CategoricalDistribution\", \"attributes\": {\"choices\": [16, 32, 64, 128, 256]}}"}
{"op_code":5,"worker_id":"547befa4-d3f5-426d-84d3-e65f6c8cc7c8-126708796380992","trial_id":216,"param_name":"k","param_value_internal":1,"distribution":"{\"name\": \"CategoricalDistribution\", \"attributes\": {\"choices\": [16, 32, 64, 128]}}"}
{"op_code":5,"worker_id":"547befa4-d3f5-426d-84d3-e65f6c8cc7c8-126708796380992","trial_id":216,"param_name":"gx","param_value_internal":1,"distribution":"{\"name\": \"CategoricalDistribution\", \"attributes\": {\"choices\": [1, 2, 4, 8]}}"}
{"op_code":5,"worker_id":"547befa4-d3f5-426d-84d3-e65f6c8cc7c8-126708796380992","trial_id":216,"param_name":"gy","param_value_internal":0,"distribution":"{\"name\": \"CategoricalDistribution\", \"attributes\": {\"choices\": [1, 2, 4, 8]}}"}
{"op_code":5,"worker_id":"547befa4-d3f5-426d-84d3-e65f6c8cc7c8-126708796380992","trial_id":216,"param_name":"sub","param_value_internal":1,"distribution":"{\"name\": \"CategoricalDistribution\", \"attributes\": {\"choices\": [32, 64]}}"}
{"op_code":8,"worker_id":"547befa4-d3f5-426d-84d3-e65f6c8cc7c8-126708796380992","trial_id":216,"user_attr":{"token":"tsweep_t32x128k32g21s64"}}
{"op_code":4,"worker_id":"547befa4-d3f5-426d-84d3-e65f6c8cc7c8-126708796380992","study_id":0,"datetime_start":"2026-07-24T02:05:24.563261"}
{"op_code":9,"worker_id":"547befa4-d3f5-426d-84d3-e65f6c8cc7c8-126708796380992","trial_id":217,"system_attr":{"tpe:relative_params:0":"{\"gx\": 2, \"gy\": 2, \"k\": 64, \"m\": 32, \"n\": 64, \"sub\": 64}"}}
{"op_code":5,"worker_id":"547befa4-d3f5-426d-84d3-e65f6c8cc7c8-126708796380992","trial_id":217,"param_name":"m","param_value_internal":1,"distribution":"{\"name\": \"CategoricalDistribution\", \"attributes\": {\"choices\": [16, 32, 64, 128, 256]}}"}
{"op_code":5,"worker_id":"547befa4-d3f5-426d-84d3-e65f6c8cc7c8-126708796380992","trial_id":217,"param_name":"n","param_value_internal":2,"distribution":"{\"name\": \"CategoricalDistribution\", \"attributes\": {\"choices\": [16, 32, 64, 128, 256]}}"}
{"op_code":5,"worker_id":"547befa4-d3f5-426d-84d3-e65f6c8cc7c8-126708796380992","trial_id":217,"param_name":"k","param_value_internal":2,"distribution":"{\"name\": \"CategoricalDistribution\", \"attributes\": {\"choices\": [16, 32, 64, 128]}}"}
{"op_code":5,"worker_id":"547befa4-d3f5-426d-84d3-e65f6c8cc7c8-126708796380992","trial_id":217,"param_name":"gx","param_value_internal":1,"distribution":"{\"name\": \"CategoricalDistribution\", \"attributes\": {\"choices\": [1, 2, 4, 8]}}"}
{"op_code":5,"worker_id":"547befa4-d3f5-426d-84d3-e65f6c8cc7c8-126708796380992","trial_id":217,"param_name":"gy","param_value_internal":1,"distribution":"{\"name\": \"CategoricalDistribution\", \"attributes\": {\"choices\": [1, 2, 4, 8]}}"}
{"op_code":5,"worker_id":"547befa4-d3f5-426d-84d3-e65f6c8cc7c8-126708796380992","trial_id":217,"param_name":"sub","param_value_internal":1,"distribution":"{\"name\": \"CategoricalDistribution\", \"attributes\": {\"choices\": [32, 64]}}"}
{"op_code":8,"worker_id":"547befa4-d3f5-426d-84d3-e65f6c8cc7c8-126708796380992","trial_id":217,"user_attr":{"token":"tsweep_t32x64k64g22s64"}}
{"op_code":4,"worker_id":"547befa4-d3f5-426d-84d3-e65f6c8cc7c8-126708796380992","study_id":0,"datetime_start":"2026-07-24T02:05:24.587688"}
{"op_code":9,"worker_id":"547befa4-d3f5-426d-84d3-e65f6c8cc7c8-126708796380992","trial_id":218,"system_attr":{"tpe:relative_params:0":"{\"gx\": 4, \"gy\": 1, \"k\": 32, \"m\": 16, \"n\": 32, \"sub\": 64}"}}
{"op_code":5,"worker_id":"547befa4-d3f5-426d-84d3-e65f6c8cc7c8-126708796380992","trial_id":218,"param_name":"m","param_value_internal":0,"distribution":"{\"name\": \"CategoricalDistribution\", \"attributes\": {\"choices\": [16, 32, 64, 128, 256]}}"}
{"op_code":5,"worker_id":"547befa4-d3f5-426d-84d3-e65f6c8cc7c8-126708796380992","trial_id":218,"param_name":"n","param_value_internal":1,"distribution":"{\"name\": \"CategoricalDistribution\", \"attributes\": {\"choices\": [16, 32, 64, 128, 256]}}"}
{"op_code":5,"worker_id":"547befa4-d3f5-426d-84d3-e65f6c8cc7c8-126708796380992","trial_id":218,"param_name":"k","param_value_internal":1,"distribution":"{\"name\": \"CategoricalDistribution\", \"attributes\": {\"choices\": [16, 32, 64, 128]}}"}
{"op_code":5,"worker_id":"547befa4-d3f5-426d-84d3-e65f6c8cc7c8-126708796380992","trial_id":218,"param_name":"gx","param_value_internal":2,"distribution":"{\"name\": \"CategoricalDistribution\", \"attributes\": {\"choices\": [1, 2, 4, 8]}}"}
{"op_code":5,"worker_id":"547befa4-d3f5-426d-84d3-e65f6c8cc7c8-126708796380992","trial_id":218,"param_name":"gy","param_value_internal":0,"distribution":"{\"name\": \"CategoricalDistribution\", \"attributes\": {\"choices\": [1, 2, 4, 8]}}"}
{"op_code":5,"worker_id":"547befa4-d3f5-426d-84d3-e65f6c8cc7c8-126708796380992","trial_id":218,"param_name":"sub","param_value_internal":1,"distribution":"{\"name\": \"CategoricalDistribution\", \"attributes\": {\"choices\": [32, 64]}}"}
{"op_code":6,"worker_id":"547befa4-d3f5-426d-84d3-e65f6c8cc7c8-126708796380992","trial_id":218,"state":2,"values":null,"datetime_complete":"2026-07-24T02:05:24.610967"}
{"op_code":4,"worker_id":"547befa4-d3f5-426d-84d3-e65f6c8cc7c8-126708796380992","study_id":0,"datetime_start":"2026-07-24T02:05:24.613119"}
{"op_code":9,"worker_id":"547befa4-d3f5-426d-84d3-e65f6c8cc7c8-126708796380992","trial_id":219,"system_attr":{"tpe:relative_params:0":"{\"gx\": 8, \"gy\": 4, \"k\": 16, \"m\": 64, \"n\": 32, \"sub\": 32}"}}
{"op_code":5,"worker_id":"547befa4-d3f5-426d-84d3-e65f6c8cc7c8-126708796380992","trial_id":219,"param_name":"m","param_value_internal":2,"distribution":"{\"name\": \"CategoricalDistribution\", \"attributes\": {\"choices\": [16, 32, 64, 128, 256]}}"}
{"op_code":5,"worker_id":"547befa4-d3f5-426d-84d3-e65f6c8cc7c8-126708796380992","trial_id":219,"param_name":"n","param_value_internal":1,"distribution":"{\"name\": \"CategoricalDistribution\", \"attributes\": {\"choices\": [16, 32, 64, 128, 256]}}"}
{"op_code":5,"worker_id":"547befa4-d3f5-426d-84d3-e65f6c8cc7c8-126708796380992","trial_id":219,"param_name":"k","param_value_internal":0,"distribution":"{\"name\": \"CategoricalDistribution\", \"attributes\": {\"choices\": [16, 32, 64, 128]}}"}
{"op_code":5,"worker_id":"547befa4-d3f5-426d-84d3-e65f6c8cc7c8-126708796380992","trial_id":219,"param_name":"gx","param_value_internal":3,"distribution":"{\"name\": \"CategoricalDistribution\", \"attributes\": {\"choices\": [1, 2, 4, 8]}}"}
{"op_code":5,"worker_id":"547befa4-d3f5-426d-84d3-e65f6c8cc7c8-126708796380992","trial_id":219,"param_name":"gy","param_value_internal":2,"distribution":"{\"name\": \"CategoricalDistribution\", \"attributes\": {\"choices\": [1, 2, 4, 8]}}"}
{"op_code":5,"worker_id":"547befa4-d3f5-426d-84d3-e65f6c8cc7c8-126708796380992","trial_id":219,"param_name":"sub","param_value_internal":0,"distribution":"{\"name\": \"CategoricalDistribution\", \"attributes\": {\"choices\": [32, 64]}}"}
{"op_code":6,"worker_id":"547befa4-d3f5-426d-84d3-e65f6c8cc7c8-126708796380992","trial_id":219,"state":2,"values":null,"datetime_complete":"2026-07-24T02:05:24.636030"}
{"op_code":4,"worker_id":"547befa4-d3f5-426d-84d3-e65f6c8cc7c8-126708796380992","study_id":0,"datetime_start":"2026-07-24T02:05:24.637894"}
{"op_code":9,"worker_id":"547befa4-d3f5-426d-84d3-e65f6c8cc7c8-126708796380992","trial_id":220,"system_attr":{"tpe:relative_params:0":"{\"gx\": 1, \"gy\": 1, \"k\": 16, \"m\": 128, \"n\": 128, \"sub\": 64}"}}
{"op_code":5,"worker_id":"547befa4-d3f5-426d-84d3-e65f6c8cc7c8-126708796380992","trial_id":220,"param_name":"m","param_value_internal":3,"distribution":"{\"name\": \"CategoricalDistribution\", \"attributes\": {\"choices\": [16, 32, 64, 128, 256]}}"}
{"op_code":5,"worker_id":"547befa4-d3f5-426d-84d3-e65f6c8cc7c8-126708796380992","trial_id":220,"param_name":"n","param_value_internal":3,"distribution":"{\"name\": \"CategoricalDistribution\", \"attributes\": {\"choices\": [16, 32, 64, 128, 256]}}"}
{"op_code":5,"worker_id":"547befa4-d3f5-426d-84d3-e65f6c8cc7c8-126708796380992","trial_id":220,"param_name":"k","param_value_internal":0,"distribution":"{\"name\": \"CategoricalDistribution\", \"attributes\": {\"choices\": [16, 32, 64, 128]}}"}
{"op_code":5,"worker_id":"547befa4-d3f5-426d-84d3-e65f6c8cc7c8-126708796380992","trial_id":220,"param_name":"gx","param_value_internal":0,"distribution":"{\"name\": \"CategoricalDistribution\", \"attributes\": {\"choices\": [1, 2, 4, 8]}}"}
{"op_code":5,"worker_id":"547befa4-d3f5-426d-84d3-e65f6c8cc7c8-126708796380992","trial_id":220,"param_name":"gy","param_value_internal":0,"distribution":"{\"name\": \"CategoricalDistribution\", \"attributes\": {\"choices\": [1, 2, 4, 8]}}"}
{"op_code":5,"worker_id":"547befa4-d3f5-426d-84d3-e65f6c8cc7c8-126708796380992","trial_id":220,"param_name":"sub","param_value_internal":1,"distribution":"{\"name\": \"CategoricalDistribution\", \"attributes\": {\"choices\": [32, 64]}}"}
{"op_code":8,"worker_id":"547befa4-d3f5-426d-84d3-e65f6c8cc7c8-126708796380992","trial_id":220,"user_attr":{"token":"tsweep_t128x128k16g11s64"}}
{"op_code":4,"worker_id":"547befa4-d3f5-426d-84d3-e65f6c8cc7c8-126708796380992","study_id":0,"datetime_start":"2026-07-24T02:05:24.661648"}
{"op_code":9,"worker_id":"547befa4-d3f5-426d-84d3-e65f6c8cc7c8-126708796380992","trial_id":221,"system_attr":{"tpe:relative_params:0":"{\"gx\": 2, \"gy\": 2, \"k\": 16, \"m\": 64, \"n\": 128, \"sub\": 64}"}}
{"op_code":5,"worker_id":"547befa4-d3f5-426d-84d3-e65f6c8cc7c8-126708796380992","trial_id":221,"param_name":"m","param_value_internal":2,"distribution":"{\"name\": \"CategoricalDistribution\", \"attributes\": {\"choices\": [16, 32, 64, 128, 256]}}"}
{"op_code":5,"worker_id":"547befa4-d3f5-426d-84d3-e65f6c8cc7c8-126708796380992","trial_id":221,"param_name":"n","param_value_internal":3,"distribution":"{\"name\": \"CategoricalDistribution\", \"attributes\": {\"choices\": [16, 32, 64, 128, 256]}}"}
{"op_code":5,"worker_id":"547befa4-d3f5-426d-84d3-e65f6c8cc7c8-126708796380992","trial_id":221,"param_name":"k","param_value_internal":0,"distribution":"{\"name\": \"CategoricalDistribution\", \"attributes\": {\"choices\": [16, 32, 64, 128]}}"}
{"op_code":5,"worker_id":"547befa4-d3f5-426d-84d3-e65f6c8cc7c8-126708796380992","trial_id":221,"param_name":"gx","param_value_internal":1,"distribution":"{\"name\": \"CategoricalDistribution\", \"attributes\": {\"choices\": [1, 2, 4, 8]}}"}
{"op_code":5,"worker_id":"547befa4-d3f5-426d-84d3-e65f6c8cc7c8-126708796380992","trial_id":221,"param_name":"gy","param_value_internal":1,"distribution":"{\"name\": \"CategoricalDistribution\", \"attributes\": {\"choices\": [1, 2, 4, 8]}}"}
{"op_code":5,"worker_id":"547befa4-d3f5-426d-84d3-e65f6c8cc7c8-126708796380992","trial_id":221,"param_name":"sub","param_value_internal":1,"distribution":"{\"name\": \"CategoricalDistribution\", \"attributes\": {\"choices\": [32, 64]}}"}
{"op_code":8,"worker_id":"547befa4-d3f5-426d-84d3-e65f6c8cc7c8-126708796380992","trial_id":221,"user_attr":{"token":"tsweep_t64x128k16g22s64"}}
{"op_code":4,"worker_id":"547befa4-d3f5-426d-84d3-e65f6c8cc7c8-126708796380992","study_id":0,"datetime_start":"2026-07-24T02:05:24.685556"}
{"op_code":9,"worker_id":"547befa4-d3f5-426d-84d3-e65f6c8cc7c8-126708796380992","trial_id":222,"system_attr":{"tpe:relative_params:0":"{\"gx\": 2, \"gy\": 1, \"k\": 16, \"m\": 32, \"n\": 64, \"sub\": 64}"}}
{"op_code":5,"worker_id":"547befa4-d3f5-426d-84d3-e65f6c8cc7c8-126708796380992","trial_id":222,"param_name":"m","param_value_internal":1,"distribution":"{\"name\": \"CategoricalDistribution\", \"attributes\": {\"choices\": [16, 32, 64, 128, 256]}}"}
{"op_code":5,"worker_id":"547befa4-d3f5-426d-84d3-e65f6c8cc7c8-126708796380992","trial_id":222,"param_name":"n","param_value_internal":2,"distribution":"{\"name\": \"CategoricalDistribution\", \"attributes\": {\"choices\": [16, 32, 64, 128, 256]}}"}
{"op_code":5,"worker_id":"547befa4-d3f5-426d-84d3-e65f6c8cc7c8-126708796380992","trial_id":222,"param_name":"k","param_value_internal":0,"distribution":"{\"name\": \"CategoricalDistribution\", \"attributes\": {\"choices\": [16, 32, 64, 128]}}"}
{"op_code":5,"worker_id":"547befa4-d3f5-426d-84d3-e65f6c8cc7c8-126708796380992","trial_id":222,"param_name":"gx","param_value_internal":1,"distribution":"{\"name\": \"CategoricalDistribution\", \"attributes\": {\"choices\": [1, 2, 4, 8]}}"}
{"op_code":5,"worker_id":"547befa4-d3f5-426d-84d3-e65f6c8cc7c8-126708796380992","trial_id":222,"param_name":"gy","param_value_internal":0,"distribution":"{\"name\": \"CategoricalDistribution\", \"attributes\": {\"choices\": [1, 2, 4, 8]}}"}
{"op_code":5,"worker_id":"547befa4-d3f5-426d-84d3-e65f6c8cc7c8-126708796380992","trial_id":222,"param_name":"sub","param_value_internal":1,"distribution":"{\"name\": \"CategoricalDistribution\", \"attributes\": {\"choices\": [32, 64]}}"}
{"op_code":8,"worker_id":"547befa4-d3f5-426d-84d3-e65f6c8cc7c8-126708796380992","trial_id":222,"user_attr":{"token":"tsweep_t32x64k16g21s64"}}
{"op_code":6,"worker_id":"547befa4-d3f5-426d-84d3-e65f6c8cc7c8-126708796380992","trial_id":198,"state":1,"values":[1147.34],"datetime_complete":"2026-07-24T02:06:26.858060"}
{"op_code":6,"worker_id":"547befa4-d3f5-426d-84d3-e65f6c8cc7c8-126708796380992","trial_id":202,"state":2,"values":null,"datetime_complete":"2026-07-24T02:06:37.714020"}
{"op_code":6,"worker_id":"547befa4-d3f5-426d-84d3-e65f6c8cc7c8-126708796380992","trial_id":203,"state":2,"values":null,"datetime_complete":"2026-07-24T02:06:44.731439"}
{"op_code":6,"worker_id":"547befa4-d3f5-426d-84d3-e65f6c8cc7c8-126708796380992","trial_id":206,"state":1,"values":[957.905],"datetime_complete":"2026-07-24T02:07:13.338840"}
{"op_code":6,"worker_id":"547befa4-d3f5-426d-84d3-e65f6c8cc7c8-126708796380992","trial_id":207,"state":1,"values":[925.859],"datetime_complete":"2026-07-24T02:09:01.128037"}
{"op_code":6,"worker_id":"547befa4-d3f5-426d-84d3-e65f6c8cc7c8-126708796380992","trial_id":208,"state":1,"values":[1099.89],"datetime_complete":"2026-07-24T02:09:30.151690"}
{"op_code":6,"worker_id":"547befa4-d3f5-426d-84d3-e65f6c8cc7c8-126708796380992","trial_id":209,"state":1,"values":[996.109],"datetime_complete":"2026-07-24T02:09:58.929912"}
{"op_code":6,"worker_id":"547befa4-d3f5-426d-84d3-e65f6c8cc7c8-126708796380992","trial_id":210,"state":1,"values":[1028.11],"datetime_complete":"2026-07-24T02:10:28.720991"}
{"op_code":6,"worker_id":"547befa4-d3f5-426d-84d3-e65f6c8cc7c8-126708796380992","trial_id":212,"state":2,"values":null,"datetime_complete":"2026-07-24T02:10:35.281412"}
{"op_code":6,"worker_id":"547befa4-d3f5-426d-84d3-e65f6c8cc7c8-126708796380992","trial_id":213,"state":2,"values":null,"datetime_complete":"2026-07-24T02:10:40.572586"}
{"op_code":6,"worker_id":"547befa4-d3f5-426d-84d3-e65f6c8cc7c8-126708796380992","trial_id":214,"state":1,"values":[1048.64],"datetime_complete":"2026-07-24T02:11:08.228438"}
{"op_code":6,"worker_id":"547befa4-d3f5-426d-84d3-e65f6c8cc7c8-126708796380992","trial_id":216,"state":1,"values":[994.658],"datetime_complete":"2026-07-24T02:11:37.272119"}
{"op_code":6,"worker_id":"547befa4-d3f5-426d-84d3-e65f6c8cc7c8-126708796380992","trial_id":217,"state":1,"values":[1051.33],"datetime_complete":"2026-07-24T02:12:04.311458"}
{"op_code":6,"worker_id":"547befa4-d3f5-426d-84d3-e65f6c8cc7c8-126708796380992","trial_id":220,"state":2,"values":null,"datetime_complete":"2026-07-24T02:12:10.215655"}
{"op_code":6,"worker_id":"547befa4-d3f5-426d-84d3-e65f6c8cc7c8-126708796380992","trial_id":221,"state":1,"values":[1034.34],"datetime_complete":"2026-07-24T02:12:38.783596"}
{"op_code":6,"worker_id":"547befa4-d3f5-426d-84d3-e65f6c8cc7c8-126708796380992","trial_id":222,"state":1,"values":[1063.34],"datetime_complete":"2026-07-24T02:16:50.619482"}
{"op_code":4,"worker_id":"547befa4-d3f5-426d-84d3-e65f6c8cc7c8-126708796380992","study_id":0,"datetime_start":"2026-07-24T02:16:50.622730"}
{"op_code":9,"worker_id":"547befa4-d3f5-426d-84d3-e65f6c8cc7c8-126708796380992","trial_id":223,"system_attr":{"tpe:relative_params:0":"{\"gx\": 2, \"gy\": 2, \"k\": 64, \"m\": 32, \"n\": 64, \"sub\": 64}"}}
{"op_code":5,"worker_id":"547befa4-d3f5-426d-84d3-e65f6c8cc7c8-126708796380992","trial_id":223,"param_name":"m","param_value_internal":1,"distribution":"{\"name\": \"CategoricalDistribution\", \"attributes\": {\"choices\": [16, 32, 64, 128, 256]}}"}
{"op_code":5,"worker_id":"547befa4-d3f5-426d-84d3-e65f6c8cc7c8-126708796380992","trial_id":223,"param_name":"n","param_value_internal":2,"distribution":"{\"name\": \"CategoricalDistribution\", \"attributes\": {\"choices\": [16, 32, 64, 128, 256]}}"}
{"op_code":5,"worker_id":"547befa4-d3f5-426d-84d3-e65f6c8cc7c8-126708796380992","trial_id":223,"param_name":"k","param_value_internal":2,"distribution":"{\"name\": \"CategoricalDistribution\", \"attributes\": {\"choices\": [16, 32, 64, 128]}}"}
{"op_code":5,"worker_id":"547befa4-d3f5-426d-84d3-e65f6c8cc7c8-126708796380992","trial_id":223,"param_name":"gx","param_value_internal":1,"distribution":"{\"name\": \"CategoricalDistribution\", \"attributes\": {\"choices\": [1, 2, 4, 8]}}"}
{"op_code":5,"worker_id":"547befa4-d3f5-426d-84d3-e65f6c8cc7c8-126708796380992","trial_id":223,"param_name":"gy","param_value_internal":1,"distribution":"{\"name\": \"CategoricalDistribution\", \"attributes\": {\"choices\": [1, 2, 4, 8]}}"}
{"op_code":5,"worker_id":"547befa4-d3f5-426d-84d3-e65f6c8cc7c8-126708796380992","trial_id":223,"param_name":"sub","param_value_internal":1,"distribution":"{\"name\": \"CategoricalDistribution\", \"attributes\": {\"choices\": [32, 64]}}"}
{"op_code":6,"worker_id":"547befa4-d3f5-426d-84d3-e65f6c8cc7c8-126708796380992","trial_id":223,"state":2,"values":null,"datetime_complete":"2026-07-24T02:16:50.651500"}
{"op_code":4,"worker_id":"547befa4-d3f5-426d-84d3-e65f6c8cc7c8-126708796380992","study_id":0,"datetime_start":"2026-07-24T02:16:50.654262"}
{"op_code":9,"worker_id":"547befa4-d3f5-426d-84d3-e65f6c8cc7c8-126708796380992","trial_id":224,"system_attr":{"tpe:relative_params:0":"{\"gx\": 2, \"gy\": 2, \"k\": 16, \"m\": 128, \"n\": 128, \"sub\": 64}"}}
{"op_code":5,"worker_id":"547befa4-d3f5-426d-84d3-e65f6c8cc7c8-126708796380992","trial_id":224,"param_name":"m","param_value_internal":3,"distribution":"{\"name\": \"CategoricalDistribution\", \"attributes\": {\"choices\": [16, 32, 64, 128, 256]}}"}
{"op_code":5,"worker_id":"547befa4-d3f5-426d-84d3-e65f6c8cc7c8-126708796380992","trial_id":224,"param_name":"n","param_value_internal":3,"distribution":"{\"name\": \"CategoricalDistribution\", \"attributes\": {\"choices\": [16, 32, 64, 128, 256]}}"}
{"op_code":5,"worker_id":"547befa4-d3f5-426d-84d3-e65f6c8cc7c8-126708796380992","trial_id":224,"param_name":"k","param_value_internal":0,"distribution":"{\"name\": \"CategoricalDistribution\", \"attributes\": {\"choices\": [16, 32, 64, 128]}}"}
{"op_code":5,"worker_id":"547befa4-d3f5-426d-84d3-e65f6c8cc7c8-126708796380992","trial_id":224,"param_name":"gx","param_value_internal":1,"distribution":"{\"name\": \"CategoricalDistribution\", \"attributes\": {\"choices\": [1, 2, 4, 8]}}"}
{"op_code":5,"worker_id":"547befa4-d3f5-426d-84d3-e65f6c8cc7c8-126708796380992","trial_id":224,"param_name":"gy","param_value_internal":1,"distribution":"{\"name\": \"CategoricalDistribution\", \"attributes\": {\"choices\": [1, 2, 4, 8]}}"}
{"op_code":5,"worker_id":"547befa4-d3f5-426d-84d3-e65f6c8cc7c8-126708796380992","trial_id":224,"param_name":"sub","param_value_internal":1,"distribution":"{\"name\": \"CategoricalDistribution\", \"attributes\": {\"choices\": [32, 64]}}"}
{"op_code":8,"worker_id":"547befa4-d3f5-426d-84d3-e65f6c8cc7c8-126708796380992","trial_id":224,"user_attr":{"token":"tsweep_t128x128k16g22s64"}}
{"op_code":4,"worker_id":"547befa4-d3f5-426d-84d3-e65f6c8cc7c8-126708796380992","study_id":0,"datetime_start":"2026-07-24T02:16:50.680144"}
{"op_code":9,"worker_id":"547befa4-d3f5-426d-84d3-e65f6c8cc7c8-126708796380992","trial_id":225,"system_attr":{"tpe:relative_params:0":"{\"gx\": 2, \"gy\": 1, \"k\": 16, \"m\": 32, \"n\": 64, \"sub\": 64}"}}
{"op_code":5,"worker_id":"547befa4-d3f5-426d-84d3-e65f6c8cc7c8-126708796380992","trial_id":225,"param_name":"m","param_value_internal":1,"distribution":"{\"name\": \"CategoricalDistribution\", \"attributes\": {\"choices\": [16, 32, 64, 128, 256]}}"}
{"op_code":5,"worker_id":"547befa4-d3f5-426d-84d3-e65f6c8cc7c8-126708796380992","trial_id":225,"param_name":"n","param_value_internal":2,"distribution":"{\"name\": \"CategoricalDistribution\", \"attributes\": {\"choices\": [16, 32, 64, 128, 256]}}"}
{"op_code":5,"worker_id":"547befa4-d3f5-426d-84d3-e65f6c8cc7c8-126708796380992","trial_id":225,"param_name":"k","param_value_internal":0,"distribution":"{\"name\": \"CategoricalDistribution\", \"attributes\": {\"choices\": [16, 32, 64, 128]}}"}
{"op_code":5,"worker_id":"547befa4-d3f5-426d-84d3-e65f6c8cc7c8-126708796380992","trial_id":225,"param_name":"gx","param_value_internal":1,"distribution":"{\"name\": \"CategoricalDistribution\", \"attributes\": {\"choices\": [1, 2, 4, 8]}}"}
{"op_code":5,"worker_id":"547befa4-d3f5-426d-84d3-e65f6c8cc7c8-126708796380992","trial_id":225,"param_name":"gy","param_value_internal":0,"distribution":"{\"name\": \"CategoricalDistribution\", \"attributes\": {\"choices\": [1, 2, 4, 8]}}"}
{"op_code":5,"worker_id":"547befa4-d3f5-426d-84d3-e65f6c8cc7c8-126708796380992","trial_id":225,"param_name":"sub","param_value_internal":1,"distribution":"{\"name\": \"CategoricalDistribution\", \"attributes\": {\"choices\": [32, 64]}}"}
{"op_code":6,"worker_id":"547befa4-d3f5-426d-84d3-e65f6c8cc7c8-126708796380992","trial_id":225,"state":2,"values":null,"datetime_complete":"2026-07-24T02:16:50.701552"}
{"op_code":4,"worker_id":"547befa4-d3f5-426d-84d3-e65f6c8cc7c8-126708796380992","study_id":0,"datetime_start":"2026-07-24T02:16:50.703451"}
{"op_code":9,"worker_id":"547befa4-d3f5-426d-84d3-e65f6c8cc7c8-126708796380992","trial_id":226,"system_attr":{"tpe:relative_params:0":"{\"gx\": 4, \"gy\": 1, \"k\": 16, \"m\": 128, \"n\": 64, \"sub\": 64}"}}
{"op_code":5,"worker_id":"547befa4-d3f5-426d-84d3-e65f6c8cc7c8-126708796380992","trial_id":226,"param_name":"m","param_value_internal":3,"distribution":"{\"name\": \"CategoricalDistribution\", \"attributes\": {\"choices\": [16, 32, 64, 128, 256]}}"}
{"op_code":5,"worker_id":"547befa4-d3f5-426d-84d3-e65f6c8cc7c8-126708796380992","trial_id":226,"param_name":"n","param_value_internal":2,"distribution":"{\"name\": \"CategoricalDistribution\", \"attributes\": {\"choices\": [16, 32, 64, 128, 256]}}"}
{"op_code":5,"worker_id":"547befa4-d3f5-426d-84d3-e65f6c8cc7c8-126708796380992","trial_id":226,"param_name":"k","param_value_internal":0,"distribution":"{\"name\": \"CategoricalDistribution\", \"attributes\": {\"choices\": [16, 32, 64, 128]}}"}
{"op_code":5,"worker_id":"547befa4-d3f5-426d-84d3-e65f6c8cc7c8-126708796380992","trial_id":226,"param_name":"gx","param_value_internal":2,"distribution":"{\"name\": \"CategoricalDistribution\", \"attributes\": {\"choices\": [1, 2, 4, 8]}}"}
{"op_code":5,"worker_id":"547befa4-d3f5-426d-84d3-e65f6c8cc7c8-126708796380992","trial_id":226,"param_name":"gy","param_value_internal":0,"distribution":"{\"name\": \"CategoricalDistribution\", \"attributes\": {\"choices\": [1, 2, 4, 8]}}"}
{"op_code":5,"worker_id":"547befa4-d3f5-426d-84d3-e65f6c8cc7c8-126708796380992","trial_id":226,"param_name":"sub","param_value_internal":1,"distribution":"{\"name\": \"CategoricalDistribution\", \"attributes\": {\"choices\": [32, 64]}}"}
{"op_code":6,"worker_id":"547befa4-d3f5-426d-84d3-e65f6c8cc7c8-126708796380992","trial_id":226,"state":2,"values":null,"datetime_complete":"2026-07-24T02:16:50.722950"}
{"op_code":4,"worker_id":"547befa4-d3f5-426d-84d3-e65f6c8cc7c8-126708796380992","study_id":0,"datetime_start":"2026-07-24T02:16:50.724721"}
{"op_code":9,"worker_id":"547befa4-d3f5-426d-84d3-e65f6c8cc7c8-126708796380992","trial_id":227,"system_attr":{"tpe:relative_params:0":"{\"gx\": 2, \"gy\": 2, \"k\": 32, \"m\": 64, \"n\": 128, \"sub\": 64}"}}
{"op_code":5,"worker_id":"547befa4-d3f5-426d-84d3-e65f6c8cc7c8-126708796380992","trial_id":227,"param_name":"m","param_value_internal":2,"distribution":"{\"name\": \"CategoricalDistribution\", \"attributes\": {\"choices\": [16, 32, 64, 128, 256]}}"}
{"op_code":5,"worker_id":"547befa4-d3f5-426d-84d3-e65f6c8cc7c8-126708796380992","trial_id":227,"param_name":"n","param_value_internal":3,"distribution":"{\"name\": \"CategoricalDistribution\", \"attributes\": {\"choices\": [16, 32, 64, 128, 256]}}"}
{"op_code":5,"worker_id":"547befa4-d3f5-426d-84d3-e65f6c8cc7c8-126708796380992","trial_id":227,"param_name":"k","param_value_internal":1,"distribution":"{\"name\": \"CategoricalDistribution\", \"attributes\": {\"choices\": [16, 32, 64, 128]}}"}
{"op_code":5,"worker_id":"547befa4-d3f5-426d-84d3-e65f6c8cc7c8-126708796380992","trial_id":227,"param_name":"gx","param_value_internal":1,"distribution":"{\"name\": \"CategoricalDistribution\", \"attributes\": {\"choices\": [1, 2, 4, 8]}}"}
{"op_code":5,"worker_id":"547befa4-d3f5-426d-84d3-e65f6c8cc7c8-126708796380992","trial_id":227,"param_name":"gy","param_value_internal":1,"distribution":"{\"name\": \"CategoricalDistribution\", \"attributes\": {\"choices\": [1, 2, 4, 8]}}"}
{"op_code":5,"worker_id":"547befa4-d3f5-426d-84d3-e65f6c8cc7c8-126708796380992","trial_id":227,"param_name":"sub","param_value_internal":1,"distribution":"{\"name\": \"CategoricalDistribution\", \"attributes\": {\"choices\": [32, 64]}}"}
{"op_code":8,"worker_id":"547befa4-d3f5-426d-84d3-e65f6c8cc7c8-126708796380992","trial_id":227,"user_attr":{"token":"tsweep_t64x128k32g22s64"}}
{"op_code":4,"worker_id":"547befa4-d3f5-426d-84d3-e65f6c8cc7c8-126708796380992","study_id":0,"datetime_start":"2026-07-24T02:16:50.745494"}
{"op_code":9,"worker_id":"547befa4-d3f5-426d-84d3-e65f6c8cc7c8-126708796380992","trial_id":228,"system_attr":{"tpe:relative_params:0":"{\"gx\": 4, \"gy\": 2, \"k\": 16, \"m\": 128, \"n\": 128, \"sub\": 64}"}}
{"op_code":5,"worker_id":"547befa4-d3f5-426d-84d3-e65f6c8cc7c8-126708796380992","trial_id":228,"param_name":"m","param_value_internal":3,"distribution":"{\"name\": \"CategoricalDistribution\", \"attributes\": {\"choices\": [16, 32, 64, 128, 256]}}"}
{"op_code":5,"worker_id":"547befa4-d3f5-426d-84d3-e65f6c8cc7c8-126708796380992","trial_id":228,"param_name":"n","param_value_internal":3,"distribution":"{\"name\": \"CategoricalDistribution\", \"attributes\": {\"choices\": [16, 32, 64, 128, 256]}}"}
{"op_code":5,"worker_id":"547befa4-d3f5-426d-84d3-e65f6c8cc7c8-126708796380992","trial_id":228,"param_name":"k","param_value_internal":0,"distribution":"{\"name\": \"CategoricalDistribution\", \"attributes\": {\"choices\": [16, 32, 64, 128]}}"}
{"op_code":5,"worker_id":"547befa4-d3f5-426d-84d3-e65f6c8cc7c8-126708796380992","trial_id":228,"param_name":"gx","param_value_internal":2,"distribution":"{\"name\": \"CategoricalDistribution\", \"attributes\": {\"choices\": [1, 2, 4, 8]}}"}
{"op_code":5,"worker_id":"547befa4-d3f5-426d-84d3-e65f6c8cc7c8-126708796380992","trial_id":228,"param_name":"gy","param_value_internal":1,"distribution":"{\"name\": \"CategoricalDistribution\", \"attributes\": {\"choices\": [1, 2, 4, 8]}}"}
{"op_code":5,"worker_id":"547befa4-d3f5-426d-84d3-e65f6c8cc7c8-126708796380992","trial_id":228,"param_name":"sub","param_value_internal":1,"distribution":"{\"name\": \"CategoricalDistribution\", \"attributes\": {\"choices\": [32, 64]}}"}
{"op_code":6,"worker_id":"547befa4-d3f5-426d-84d3-e65f6c8cc7c8-126708796380992","trial_id":228,"state":2,"values":null,"datetime_complete":"2026-07-24T02:16:50.765941"}
{"op_code":4,"worker_id":"547befa4-d3f5-426d-84d3-e65f6c8cc7c8-126708796380992","study_id":0,"datetime_start":"2026-07-24T02:16:50.767585"}
{"op_code":9,"worker_id":"547befa4-d3f5-426d-84d3-e65f6c8cc7c8-126708796380992","trial_id":229,"system_attr":{"tpe:relative_params:0":"{\"gx\": 2, \"gy\": 1, \"k\": 32, \"m\": 32, \"n\": 128, \"sub\": 64}"}}
{"op_code":5,"worker_id":"547befa4-d3f5-426d-84d3-e65f6c8cc7c8-126708796380992","trial_id":229,"param_name":"m","param_value_internal":1,"distribution":"{\"name\": \"CategoricalDistribution\", \"attributes\": {\"choices\": [16, 32, 64, 128, 256]}}"}
{"op_code":5,"worker_id":"547befa4-d3f5-426d-84d3-e65f6c8cc7c8-126708796380992","trial_id":229,"param_name":"n","param_value_internal":3,"distribution":"{\"name\": \"CategoricalDistribution\", \"attributes\": {\"choices\": [16, 32, 64, 128, 256]}}"}
{"op_code":5,"worker_id":"547befa4-d3f5-426d-84d3-e65f6c8cc7c8-126708796380992","trial_id":229,"param_name":"k","param_value_internal":1,"distribution":"{\"name\": \"CategoricalDistribution\", \"attributes\": {\"choices\": [16, 32, 64, 128]}}"}
{"op_code":5,"worker_id":"547befa4-d3f5-426d-84d3-e65f6c8cc7c8-126708796380992","trial_id":229,"param_name":"gx","param_value_internal":1,"distribution":"{\"name\": \"CategoricalDistribution\", \"attributes\": {\"choices\": [1, 2, 4, 8]}}"}
{"op_code":5,"worker_id":"547befa4-d3f5-426d-84d3-e65f6c8cc7c8-126708796380992","trial_id":229,"param_name":"gy","param_value_internal":0,"distribution":"{\"name\": \"CategoricalDistribution\", \"attributes\": {\"choices\": [1, 2, 4, 8]}}"}
{"op_code":5,"worker_id":"547befa4-d3f5-426d-84d3-e65f6c8cc7c8-126708796380992","trial_id":229,"param_name":"sub","param_value_internal":1,"distribution":"{\"name\": \"CategoricalDistribution\", \"attributes\": {\"choices\": [32, 64]}}"}
{"op_code":6,"worker_id":"547befa4-d3f5-426d-84d3-e65f6c8cc7c8-126708796380992","trial_id":229,"state":2,"values":null,"datetime_complete":"2026-07-24T02:16:50.789404"}
{"op_code":4,"worker_id":"547befa4-d3f5-426d-84d3-e65f6c8cc7c8-126708796380992","study_id":0,"datetime_start":"2026-07-24T02:16:50.791078"}
{"op_code":9,"worker_id":"547befa4-d3f5-426d-84d3-e65f6c8cc7c8-126708796380992","trial_id":230,"system_attr":{"tpe:relative_params:0":"{\"gx\": 4, \"gy\": 1, \"k\": 64, \"m\": 64, \"n\": 64, \"sub\": 64}"}}
{"op_code":5,"worker_id":"547befa4-d3f5-426d-84d3-e65f6c8cc7c8-126708796380992","trial_id":230,"param_name":"m","param_value_internal":2,"distribution":"{\"name\": \"CategoricalDistribution\", \"attributes\": {\"choices\": [16, 32, 64, 128, 256]}}"}
{"op_code":5,"worker_id":"547befa4-d3f5-426d-84d3-e65f6c8cc7c8-126708796380992","trial_id":230,"param_name":"n","param_value_internal":2,"distribution":"{\"name\": \"CategoricalDistribution\", \"attributes\": {\"choices\": [16, 32, 64, 128, 256]}}"}
{"op_code":5,"worker_id":"547befa4-d3f5-426d-84d3-e65f6c8cc7c8-126708796380992","trial_id":230,"param_name":"k","param_value_internal":2,"distribution":"{\"name\": \"CategoricalDistribution\", \"attributes\": {\"choices\": [16, 32, 64, 128]}}"}
{"op_code":5,"worker_id":"547befa4-d3f5-426d-84d3-e65f6c8cc7c8-126708796380992","trial_id":230,"param_name":"gx","param_value_internal":2,"distribution":"{\"name\": \"CategoricalDistribution\", \"attributes\": {\"choices\": [1, 2, 4, 8]}}"}
{"op_code":5,"worker_id":"547befa4-d3f5-426d-84d3-e65f6c8cc7c8-126708796380992","trial_id":230,"param_name":"gy","param_value_internal":0,"distribution":"{\"name\": \"CategoricalDistribution\", \"attributes\": {\"choices\": [1, 2, 4, 8]}}"}
{"op_code":5,"worker_id":"547befa4-d3f5-426d-84d3-e65f6c8cc7c8-126708796380992","trial_id":230,"param_name":"sub","param_value_internal":1,"distribution":"{\"name\": \"CategoricalDistribution\", \"attributes\": {\"choices\": [32, 64]}}"}
{"op_code":6,"worker_id":"547befa4-d3f5-426d-84d3-e65f6c8cc7c8-126708796380992","trial_id":230,"state":2,"values":null,"datetime_complete":"2026-07-24T02:16:50.814942"}
{"op_code":4,"worker_id":"547befa4-d3f5-426d-84d3-e65f6c8cc7c8-126708796380992","study_id":0,"datetime_start":"2026-07-24T02:16:50.816987"}
{"op_code":9,"worker_id":"547befa4-d3f5-426d-84d3-e65f6c8cc7c8-126708796380992","trial_id":231,"system_attr":{"tpe:relative_params:0":"{\"gx\": 4, \"gy\": 1, \"k\": 64, \"m\": 32, \"n\": 128, \"sub\": 64}"}}
{"op_code":5,"worker_id":"547befa4-d3f5-426d-84d3-e65f6c8cc7c8-126708796380992","trial_id":231,"param_name":"m","param_value_internal":1,"distribution":"{\"name\": \"CategoricalDistribution\", \"attributes\": {\"choices\": [16, 32, 64, 128, 256]}}"}
{"op_code":5,"worker_id":"547befa4-d3f5-426d-84d3-e65f6c8cc7c8-126708796380992","trial_id":231,"param_name":"n","param_value_internal":3,"distribution":"{\"name\": \"CategoricalDistribution\", \"attributes\": {\"choices\": [16, 32, 64, 128, 256]}}"}
{"op_code":5,"worker_id":"547befa4-d3f5-426d-84d3-e65f6c8cc7c8-126708796380992","trial_id":231,"param_name":"k","param_value_internal":2,"distribution":"{\"name\": \"CategoricalDistribution\", \"attributes\": {\"choices\": [16, 32, 64, 128]}}"}
{"op_code":5,"worker_id":"547befa4-d3f5-426d-84d3-e65f6c8cc7c8-126708796380992","trial_id":231,"param_name":"gx","param_value_internal":2,"distribution":"{\"name\": \"CategoricalDistribution\", \"attributes\": {\"choices\": [1, 2, 4, 8]}}"}
{"op_code":5,"worker_id":"547befa4-d3f5-426d-84d3-e65f6c8cc7c8-126708796380992","trial_id":231,"param_name":"gy","param_value_internal":0,"distribution":"{\"name\": \"CategoricalDistribution\", \"attributes\": {\"choices\": [1, 2, 4, 8]}}"}
{"op_code":5,"worker_id":"547befa4-d3f5-426d-84d3-e65f6c8cc7c8-126708796380992","trial_id":231,"param_name":"sub","param_value_internal":1,"distribution":"{\"name\": \"CategoricalDistribution\", \"attributes\": {\"choices\": [32, 64]}}"}
{"op_code":6,"worker_id":"547befa4-d3f5-426d-84d3-e65f6c8cc7c8-126708796380992","trial_id":231,"state":2,"values":null,"datetime_complete":"2026-07-24T02:16:50.838734"}
{"op_code":4,"worker_id":"547befa4-d3f5-426d-84d3-e65f6c8cc7c8-126708796380992","study_id":0,"datetime_start":"2026-07-24T02:16:50.840244"}
{"op_code":9,"worker_id":"547befa4-d3f5-426d-84d3-e65f6c8cc7c8-126708796380992","trial_id":232,"system_attr":{"tpe:relative_params:0":"{\"gx\": 2, \"gy\": 2, \"k\": 16, \"m\": 64, \"n\": 128, \"sub\": 64}"}}
{"op_code":5,"worker_id":"547befa4-d3f5-426d-84d3-e65f6c8cc7c8-126708796380992","trial_id":232,"param_name":"m","param_value_internal":2,"distribution":"{\"name\": \"CategoricalDistribution\", \"attributes\": {\"choices\": [16, 32, 64, 128, 256]}}"}
{"op_code":5,"worker_id":"547befa4-d3f5-426d-84d3-e65f6c8cc7c8-126708796380992","trial_id":232,"param_name":"n","param_value_internal":3,"distribution":"{\"name\": \"CategoricalDistribution\", \"attributes\": {\"choices\": [16, 32, 64, 128, 256]}}"}
{"op_code":5,"worker_id":"547befa4-d3f5-426d-84d3-e65f6c8cc7c8-126708796380992","trial_id":232,"param_name":"k","param_value_internal":0,"distribution":"{\"name\": \"CategoricalDistribution\", \"attributes\": {\"choices\": [16, 32, 64, 128]}}"}
{"op_code":5,"worker_id":"547befa4-d3f5-426d-84d3-e65f6c8cc7c8-126708796380992","trial_id":232,"param_name":"gx","param_value_internal":1,"distribution":"{\"name\": \"CategoricalDistribution\", \"attributes\": {\"choices\": [1, 2, 4, 8]}}"}
{"op_code":5,"worker_id":"547befa4-d3f5-426d-84d3-e65f6c8cc7c8-126708796380992","trial_id":232,"param_name":"gy","param_value_internal":1,"distribution":"{\"name\": \"CategoricalDistribution\", \"attributes\": {\"choices\": [1, 2, 4, 8]}}"}
{"op_code":5,"worker_id":"547befa4-d3f5-426d-84d3-e65f6c8cc7c8-126708796380992","trial_id":232,"param_name":"sub","param_value_internal":1,"distribution":"{\"name\": \"CategoricalDistribution\", \"attributes\": {\"choices\": [32, 64]}}"}
{"op_code":6,"worker_id":"547befa4-d3f5-426d-84d3-e65f6c8cc7c8-126708796380992","trial_id":232,"state":2,"values":null,"datetime_complete":"2026-07-24T02:16:50.861857"}
{"op_code":4,"worker_id":"547befa4-d3f5-426d-84d3-e65f6c8cc7c8-126708796380992","study_id":0,"datetime_start":"2026-07-24T02:16:50.864014"}
{"op_code":9,"worker_id":"547befa4-d3f5-426d-84d3-e65f6c8cc7c8-126708796380992","trial_id":233,"system_attr":{"tpe:relative_params:0":"{\"gx\": 4, \"gy\": 1, \"k\": 32, \"m\": 32, \"n\": 64, \"sub\": 64}"}}
{"op_code":5,"worker_id":"547befa4-d3f5-426d-84d3-e65f6c8cc7c8-126708796380992","trial_id":233,"param_name":"m","param_value_internal":1,"distribution":"{\"name\": \"CategoricalDistribution\", \"attributes\": {\"choices\": [16, 32, 64, 128, 256]}}"}
{"op_code":5,"worker_id":"547befa4-d3f5-426d-84d3-e65f6c8cc7c8-126708796380992","trial_id":233,"param_name":"n","param_value_internal":2,"distribution":"{\"name\": \"CategoricalDistribution\", \"attributes\": {\"choices\": [16, 32, 64, 128, 256]}}"}
{"op_code":5,"worker_id":"547befa4-d3f5-426d-84d3-e65f6c8cc7c8-126708796380992","trial_id":233,"param_name":"k","param_value_internal":1,"distribution":"{\"name\": \"CategoricalDistribution\", \"attributes\": {\"choices\": [16, 32, 64, 128]}}"}
{"op_code":5,"worker_id":"547befa4-d3f5-426d-84d3-e65f6c8cc7c8-126708796380992","trial_id":233,"param_name":"gx","param_value_internal":2,"distribution":"{\"name\": \"CategoricalDistribution\", \"attributes\": {\"choices\": [1, 2, 4, 8]}}"}
{"op_code":5,"worker_id":"547befa4-d3f5-426d-84d3-e65f6c8cc7c8-126708796380992","trial_id":233,"param_name":"gy","param_value_internal":0,"distribution":"{\"name\": \"CategoricalDistribution\", \"attributes\": {\"choices\": [1, 2, 4, 8]}}"}
{"op_code":5,"worker_id":"547befa4-d3f5-426d-84d3-e65f6c8cc7c8-126708796380992","trial_id":233,"param_name":"sub","param_value_internal":1,"distribution":"{\"name\": \"CategoricalDistribution\", \"attributes\": {\"choices\": [32, 64]}}"}
{"op_code":6,"worker_id":"547befa4-d3f5-426d-84d3-e65f6c8cc7c8-126708796380992","trial_id":233,"state":2,"values":null,"datetime_complete":"2026-07-24T02:16:50.887291"}
{"op_code":4,"worker_id":"547befa4-d3f5-426d-84d3-e65f6c8cc7c8-126708796380992","study_id":0,"datetime_start":"2026-07-24T02:16:50.889412"}
{"op_code":9,"worker_id":"547befa4-d3f5-426d-84d3-e65f6c8cc7c8-126708796380992","trial_id":234,"system_attr":{"tpe:relative_params:0":"{\"gx\": 4, \"gy\": 2, \"k\": 32, \"m\": 64, \"n\": 128, \"sub\": 64}"}}
{"op_code":5,"worker_id":"547befa4-d3f5-426d-84d3-e65f6c8cc7c8-126708796380992","trial_id":234,"param_name":"m","param_value_internal":2,"distribution":"{\"name\": \"CategoricalDistribution\", \"attributes\": {\"choices\": [16, 32, 64, 128, 256]}}"}
{"op_code":5,"worker_id":"547befa4-d3f5-426d-84d3-e65f6c8cc7c8-126708796380992","trial_id":234,"param_name":"n","param_value_internal":3,"distribution":"{\"name\": \"CategoricalDistribution\", \"attributes\": {\"choices\": [16, 32, 64, 128, 256]}}"}
{"op_code":5,"worker_id":"547befa4-d3f5-426d-84d3-e65f6c8cc7c8-126708796380992","trial_id":234,"param_name":"k","param_value_internal":1,"distribution":"{\"name\": \"CategoricalDistribution\", \"attributes\": {\"choices\": [16, 32, 64, 128]}}"}
{"op_code":5,"worker_id":"547befa4-d3f5-426d-84d3-e65f6c8cc7c8-126708796380992","trial_id":234,"param_name":"gx","param_value_internal":2,"distribution":"{\"name\": \"CategoricalDistribution\", \"attributes\": {\"choices\": [1, 2, 4, 8]}}"}
{"op_code":5,"worker_id":"547befa4-d3f5-426d-84d3-e65f6c8cc7c8-126708796380992","trial_id":234,"param_name":"gy","param_value_internal":1,"distribution":"{\"name\": \"CategoricalDistribution\", \"attributes\": {\"choices\": [1, 2, 4, 8]}}"}
{"op_code":5,"worker_id":"547befa4-d3f5-426d-84d3-e65f6c8cc7c8-126708796380992","trial_id":234,"param_name":"sub","param_value_internal":1,"distribution":"{\"name\": \"CategoricalDistribution\", \"attributes\": {\"choices\": [32, 64]}}"}
{"op_code":6,"worker_id":"547befa4-d3f5-426d-84d3-e65f6c8cc7c8-126708796380992","trial_id":234,"state":2,"values":null,"datetime_complete":"2026-07-24T02:16:50.912262"}
{"op_code":4,"worker_id":"547befa4-d3f5-426d-84d3-e65f6c8cc7c8-126708796380992","study_id":0,"datetime_start":"2026-07-24T02:16:50.914253"}
{"op_code":9,"worker_id":"547befa4-d3f5-426d-84d3-e65f6c8cc7c8-126708796380992","trial_id":235,"system_attr":{"tpe:relative_params:0":"{\"gx\": 4, \"gy\": 2, \"k\": 16, \"m\": 16, \"n\": 128, \"sub\": 64}"}}
{"op_code":5,"worker_id":"547befa4-d3f5-426d-84d3-e65f6c8cc7c8-126708796380992","trial_id":235,"param_name":"m","param_value_internal":0,"distribution":"{\"name\": \"CategoricalDistribution\", \"attributes\": {\"choices\": [16, 32, 64, 128, 256]}}"}
{"op_code":5,"worker_id":"547befa4-d3f5-426d-84d3-e65f6c8cc7c8-126708796380992","trial_id":235,"param_name":"n","param_value_internal":3,"distribution":"{\"name\": \"CategoricalDistribution\", \"attributes\": {\"choices\": [16, 32, 64, 128, 256]}}"}
{"op_code":5,"worker_id":"547befa4-d3f5-426d-84d3-e65f6c8cc7c8-126708796380992","trial_id":235,"param_name":"k","param_value_internal":0,"distribution":"{\"name\": \"CategoricalDistribution\", \"attributes\": {\"choices\": [16, 32, 64, 128]}}"}
{"op_code":5,"worker_id":"547befa4-d3f5-426d-84d3-e65f6c8cc7c8-126708796380992","trial_id":235,"param_name":"gx","param_value_internal":2,"distribution":"{\"name\": \"CategoricalDistribution\", \"attributes\": {\"choices\": [1, 2, 4, 8]}}"}
{"op_code":5,"worker_id":"547befa4-d3f5-426d-84d3-e65f6c8cc7c8-126708796380992","trial_id":235,"param_name":"gy","param_value_internal":1,"distribution":"{\"name\": \"CategoricalDistribution\", \"attributes\": {\"choices\": [1, 2, 4, 8]}}"}
{"op_code":5,"worker_id":"547befa4-d3f5-426d-84d3-e65f6c8cc7c8-126708796380992","trial_id":235,"param_name":"sub","param_value_internal":1,"distribution":"{\"name\": \"CategoricalDistribution\", \"attributes\": {\"choices\": [32, 64]}}"}
{"op_code":6,"worker_id":"547befa4-d3f5-426d-84d3-e65f6c8cc7c8-126708796380992","trial_id":235,"state":2,"values":null,"datetime_complete":"2026-07-24T02:16:50.937878"}
{"op_code":4,"worker_id":"547befa4-d3f5-426d-84d3-e65f6c8cc7c8-126708796380992","study_id":0,"datetime_start":"2026-07-24T02:16:50.939786"}
{"op_code":9,"worker_id":"547befa4-d3f5-426d-84d3-e65f6c8cc7c8-126708796380992","trial_id":236,"system_attr":{"tpe:relative_params:0":"{\"gx\": 8, \"gy\": 2, \"k\": 32, \"m\": 32, \"n\": 128, \"sub\": 64}"}}
{"op_code":5,"worker_id":"547befa4-d3f5-426d-84d3-e65f6c8cc7c8-126708796380992","trial_id":236,"param_name":"m","param_value_internal":1,"distribution":"{\"name\": \"CategoricalDistribution\", \"attributes\": {\"choices\": [16, 32, 64, 128, 256]}}"}
{"op_code":5,"worker_id":"547befa4-d3f5-426d-84d3-e65f6c8cc7c8-126708796380992","trial_id":236,"param_name":"n","param_value_internal":3,"distribution":"{\"name\": \"CategoricalDistribution\", \"attributes\": {\"choices\": [16, 32, 64, 128, 256]}}"}
{"op_code":5,"worker_id":"547befa4-d3f5-426d-84d3-e65f6c8cc7c8-126708796380992","trial_id":236,"param_name":"k","param_value_internal":1,"distribution":"{\"name\": \"CategoricalDistribution\", \"attributes\": {\"choices\": [16, 32, 64, 128]}}"}
{"op_code":5,"worker_id":"547befa4-d3f5-426d-84d3-e65f6c8cc7c8-126708796380992","trial_id":236,"param_name":"gx","param_value_internal":3,"distribution":"{\"name\": \"CategoricalDistribution\", \"attributes\": {\"choices\": [1, 2, 4, 8]}}"}
{"op_code":5,"worker_id":"547befa4-d3f5-426d-84d3-e65f6c8cc7c8-126708796380992","trial_id":236,"param_name":"gy","param_value_internal":1,"distribution":"{\"name\": \"CategoricalDistribution\", \"attributes\": {\"choices\": [1, 2, 4, 8]}}"}
{"op_code":5,"worker_id":"547befa4-d3f5-426d-84d3-e65f6c8cc7c8-126708796380992","trial_id":236,"param_name":"sub","param_value_internal":1,"distribution":"{\"name\": \"CategoricalDistribution\", \"attributes\": {\"choices\": [32, 64]}}"}
{"op_code":8,"worker_id":"547befa4-d3f5-426d-84d3-e65f6c8cc7c8-126708796380992","trial_id":236,"user_attr":{"token":"tsweep_t32x128k32g82s64"}}
{"op_code":4,"worker_id":"547befa4-d3f5-426d-84d3-e65f6c8cc7c8-126708796380992","study_id":0,"datetime_start":"2026-07-24T02:16:50.962982"}
{"op_code":9,"worker_id":"547befa4-d3f5-426d-84d3-e65f6c8cc7c8-126708796380992","trial_id":237,"system_attr":{"tpe:relative_params:0":"{\"gx\": 4, \"gy\": 2, \"k\": 32, \"m\": 128, \"n\": 64, \"sub\": 64}"}}
{"op_code":5,"worker_id":"547befa4-d3f5-426d-84d3-e65f6c8cc7c8-126708796380992","trial_id":237,"param_name":"m","param_value_internal":3,"distribution":"{\"name\": \"CategoricalDistribution\", \"attributes\": {\"choices\": [16, 32, 64, 128, 256]}}"}
{"op_code":5,"worker_id":"547befa4-d3f5-426d-84d3-e65f6c8cc7c8-126708796380992","trial_id":237,"param_name":"n","param_value_internal":2,"distribution":"{\"name\": \"CategoricalDistribution\", \"attributes\": {\"choices\": [16, 32, 64, 128, 256]}}"}
{"op_code":5,"worker_id":"547befa4-d3f5-426d-84d3-e65f6c8cc7c8-126708796380992","trial_id":237,"param_name":"k","param_value_internal":1,"distribution":"{\"name\": \"CategoricalDistribution\", \"attributes\": {\"choices\": [16, 32, 64, 128]}}"}
{"op_code":5,"worker_id":"547befa4-d3f5-426d-84d3-e65f6c8cc7c8-126708796380992","trial_id":237,"param_name":"gx","param_value_internal":2,"distribution":"{\"name\": \"CategoricalDistribution\", \"attributes\": {\"choices\": [1, 2, 4, 8]}}"}
{"op_code":5,"worker_id":"547befa4-d3f5-426d-84d3-e65f6c8cc7c8-126708796380992","trial_id":237,"param_name":"gy","param_value_internal":1,"distribution":"{\"name\": \"CategoricalDistribution\", \"attributes\": {\"choices\": [1, 2, 4, 8]}}"}
{"op_code":5,"worker_id":"547befa4-d3f5-426d-84d3-e65f6c8cc7c8-126708796380992","trial_id":237,"param_name":"sub","param_value_internal":1,"distribution":"{\"name\": \"CategoricalDistribution\", \"attributes\": {\"choices\": [32, 64]}}"}
{"op_code":8,"worker_id":"547befa4-d3f5-426d-84d3-e65f6c8cc7c8-126708796380992","trial_id":237,"user_attr":{"token":"tsweep_t128x64k32g42s64"}}
{"op_code":4,"worker_id":"547befa4-d3f5-426d-84d3-e65f6c8cc7c8-126708796380992","study_id":0,"datetime_start":"2026-07-24T02:16:50.987484"}
{"op_code":9,"worker_id":"547befa4-d3f5-426d-84d3-e65f6c8cc7c8-126708796380992","trial_id":238,"system_attr":{"tpe:relative_params:0":"{\"gx\": 4, \"gy\": 1, \"k\": 32, \"m\": 128, \"n\": 128, \"sub\": 64}"}}
{"op_code":5,"worker_id":"547befa4-d3f5-426d-84d3-e65f6c8cc7c8-126708796380992","trial_id":238,"param_name":"m","param_value_internal":3,"distribution":"{\"name\": \"CategoricalDistribution\", \"attributes\": {\"choices\": [16, 32, 64, 128, 256]}}"}
{"op_code":5,"worker_id":"547befa4-d3f5-426d-84d3-e65f6c8cc7c8-126708796380992","trial_id":238,"param_name":"n","param_value_internal":3,"distribution":"{\"name\": \"CategoricalDistribution\", \"attributes\": {\"choices\": [16, 32, 64, 128, 256]}}"}
{"op_code":5,"worker_id":"547befa4-d3f5-426d-84d3-e65f6c8cc7c8-126708796380992","trial_id":238,"param_name":"k","param_value_internal":1,"distribution":"{\"name\": \"CategoricalDistribution\", \"attributes\": {\"choices\": [16, 32, 64, 128]}}"}
{"op_code":5,"worker_id":"547befa4-d3f5-426d-84d3-e65f6c8cc7c8-126708796380992","trial_id":238,"param_name":"gx","param_value_internal":2,"distribution":"{\"name\": \"CategoricalDistribution\", \"attributes\": {\"choices\": [1, 2, 4, 8]}}"}
{"op_code":5,"worker_id":"547befa4-d3f5-426d-84d3-e65f6c8cc7c8-126708796380992","trial_id":238,"param_name":"gy","param_value_internal":0,"distribution":"{\"name\": \"CategoricalDistribution\", \"attributes\": {\"choices\": [1, 2, 4, 8]}}"}
{"op_code":5,"worker_id":"547befa4-d3f5-426d-84d3-e65f6c8cc7c8-126708796380992","trial_id":238,"param_name":"sub","param_value_internal":1,"distribution":"{\"name\": \"CategoricalDistribution\", \"attributes\": {\"choices\": [32, 64]}}"}
{"op_code":6,"worker_id":"547befa4-d3f5-426d-84d3-e65f6c8cc7c8-126708796380992","trial_id":238,"state":2,"values":null,"datetime_complete":"2026-07-24T02:16:51.010459"}
{"op_code":4,"worker_id":"547befa4-d3f5-426d-84d3-e65f6c8cc7c8-126708796380992","study_id":0,"datetime_start":"2026-07-24T02:16:51.012222"}
{"op_code":9,"worker_id":"547befa4-d3f5-426d-84d3-e65f6c8cc7c8-126708796380992","trial_id":239,"system_attr":{"tpe:relative_params:0":"{\"gx\": 8, \"gy\": 1, \"k\": 32, \"m\": 32, \"n\": 64, \"sub\": 64}"}}
{"op_code":5,"worker_id":"547befa4-d3f5-426d-84d3-e65f6c8cc7c8-126708796380992","trial_id":239,"param_name":"m","param_value_internal":1,"distribution":"{\"name\": \"CategoricalDistribution\", \"attributes\": {\"choices\": [16, 32, 64, 128, 256]}}"}
{"op_code":5,"worker_id":"547befa4-d3f5-426d-84d3-e65f6c8cc7c8-126708796380992","trial_id":239,"param_name":"n","param_value_internal":2,"distribution":"{\"name\": \"CategoricalDistribution\", \"attributes\": {\"choices\": [16, 32, 64, 128, 256]}}"}
{"op_code":5,"worker_id":"547befa4-d3f5-426d-84d3-e65f6c8cc7c8-126708796380992","trial_id":239,"param_name":"k","param_value_internal":1,"distribution":"{\"name\": \"CategoricalDistribution\", \"attributes\": {\"choices\": [16, 32, 64, 128]}}"}
{"op_code":5,"worker_id":"547befa4-d3f5-426d-84d3-e65f6c8cc7c8-126708796380992","trial_id":239,"param_name":"gx","param_value_internal":3,"distribution":"{\"name\": \"CategoricalDistribution\", \"attributes\": {\"choices\": [1, 2, 4, 8]}}"}
{"op_code":5,"worker_id":"547befa4-d3f5-426d-84d3-e65f6c8cc7c8-126708796380992","trial_id":239,"param_name":"gy","param_value_internal":0,"distribution":"{\"name\": \"CategoricalDistribution\", \"attributes\": {\"choices\": [1, 2, 4, 8]}}"}
{"op_code":5,"worker_id":"547befa4-d3f5-426d-84d3-e65f6c8cc7c8-126708796380992","trial_id":239,"param_name":"sub","param_value_internal":1,"distribution":"{\"name\": \"CategoricalDistribution\", \"attributes\": {\"choices\": [32, 64]}}"}
{"op_code":6,"worker_id":"547befa4-d3f5-426d-84d3-e65f6c8cc7c8-126708796380992","trial_id":239,"state":2,"values":null,"datetime_complete":"2026-07-24T02:16:51.033352"}
{"op_code":4,"worker_id":"547befa4-d3f5-426d-84d3-e65f6c8cc7c8-126708796380992","study_id":0,"datetime_start":"2026-07-24T02:16:51.034968"}
{"op_code":9,"worker_id":"547befa4-d3f5-426d-84d3-e65f6c8cc7c8-126708796380992","trial_id":240,"system_attr":{"tpe:relative_params:0":"{\"gx\": 2, \"gy\": 1, \"k\": 16, \"m\": 256, \"n\": 64, \"sub\": 64}"}}
{"op_code":5,"worker_id":"547befa4-d3f5-426d-84d3-e65f6c8cc7c8-126708796380992","trial_id":240,"param_name":"m","param_value_internal":4,"distribution":"{\"name\": \"CategoricalDistribution\", \"attributes\": {\"choices\": [16, 32, 64, 128, 256]}}"}
{"op_code":5,"worker_id":"547befa4-d3f5-426d-84d3-e65f6c8cc7c8-126708796380992","trial_id":240,"param_name":"n","param_value_internal":2,"distribution":"{\"name\": \"CategoricalDistribution\", \"attributes\": {\"choices\": [16, 32, 64, 128, 256]}}"}
{"op_code":5,"worker_id":"547befa4-d3f5-426d-84d3-e65f6c8cc7c8-126708796380992","trial_id":240,"param_name":"k","param_value_internal":0,"distribution":"{\"name\": \"CategoricalDistribution\", \"attributes\": {\"choices\": [16, 32, 64, 128]}}"}
{"op_code":5,"worker_id":"547befa4-d3f5-426d-84d3-e65f6c8cc7c8-126708796380992","trial_id":240,"param_name":"gx","param_value_internal":1,"distribution":"{\"name\": \"CategoricalDistribution\", \"attributes\": {\"choices\": [1, 2, 4, 8]}}"}
{"op_code":5,"worker_id":"547befa4-d3f5-426d-84d3-e65f6c8cc7c8-126708796380992","trial_id":240,"param_name":"gy","param_value_internal":0,"distribution":"{\"name\": \"CategoricalDistribution\", \"attributes\": {\"choices\": [1, 2, 4, 8]}}"}
{"op_code":5,"worker_id":"547befa4-d3f5-426d-84d3-e65f6c8cc7c8-126708796380992","trial_id":240,"param_name":"sub","param_value_internal":1,"distribution":"{\"name\": \"CategoricalDistribution\", \"attributes\": {\"choices\": [32, 64]}}"}
{"op_code":8,"worker_id":"547befa4-d3f5-426d-84d3-e65f6c8cc7c8-126708796380992","trial_id":240,"user_attr":{"token":"tsweep_t256x64k16g21s64"}}
{"op_code":4,"worker_id":"547befa4-d3f5-426d-84d3-e65f6c8cc7c8-126708796380992","study_id":0,"datetime_start":"2026-07-24T02:16:51.055600"}
{"op_code":9,"worker_id":"547befa4-d3f5-426d-84d3-e65f6c8cc7c8-126708796380992","trial_id":241,"system_attr":{"tpe:relative_params:0":"{\"gx\": 2, \"gy\": 4, \"k\": 16, \"m\": 64, \"n\": 16, \"sub\": 64}"}}
{"op_code":5,"worker_id":"547befa4-d3f5-426d-84d3-e65f6c8cc7c8-126708796380992","trial_id":241,"param_name":"m","param_value_internal":2,"distribution":"{\"name\": \"CategoricalDistribution\", \"attributes\": {\"choices\": [16, 32, 64, 128, 256]}}"}
{"op_code":5,"worker_id":"547befa4-d3f5-426d-84d3-e65f6c8cc7c8-126708796380992","trial_id":241,"param_name":"n","param_value_internal":0,"distribution":"{\"name\": \"CategoricalDistribution\", \"attributes\": {\"choices\": [16, 32, 64, 128, 256]}}"}
{"op_code":5,"worker_id":"547befa4-d3f5-426d-84d3-e65f6c8cc7c8-126708796380992","trial_id":241,"param_name":"k","param_value_internal":0,"distribution":"{\"name\": \"CategoricalDistribution\", \"attributes\": {\"choices\": [16, 32, 64, 128]}}"}
{"op_code":5,"worker_id":"547befa4-d3f5-426d-84d3-e65f6c8cc7c8-126708796380992","trial_id":241,"param_name":"gx","param_value_internal":1,"distribution":"{\"name\": \"CategoricalDistribution\", \"attributes\": {\"choices\": [1, 2, 4, 8]}}"}
{"op_code":5,"worker_id":"547befa4-d3f5-426d-84d3-e65f6c8cc7c8-126708796380992","trial_id":241,"param_name":"gy","param_value_internal":2,"distribution":"{\"name\": \"CategoricalDistribution\", \"attributes\": {\"choices\": [1, 2, 4, 8]}}"}
{"op_code":5,"worker_id":"547befa4-d3f5-426d-84d3-e65f6c8cc7c8-126708796380992","trial_id":241,"param_name":"sub","param_value_internal":1,"distribution":"{\"name\": \"CategoricalDistribution\", \"attributes\": {\"choices\": [32, 64]}}"}
{"op_code":6,"worker_id":"547befa4-d3f5-426d-84d3-e65f6c8cc7c8-126708796380992","trial_id":241,"state":2,"values":null,"datetime_complete":"2026-07-24T02:16:51.076205"}
{"op_code":4,"worker_id":"547befa4-d3f5-426d-84d3-e65f6c8cc7c8-126708796380992","study_id":0,"datetime_start":"2026-07-24T02:16:51.078405"}
{"op_code":9,"worker_id":"547befa4-d3f5-426d-84d3-e65f6c8cc7c8-126708796380992","trial_id":242,"system_attr":{"tpe:relative_params:0":"{\"gx\": 4, \"gy\": 1, \"k\": 64, \"m\": 128, \"n\": 128, \"sub\": 64}"}}
{"op_code":5,"worker_id":"547befa4-d3f5-426d-84d3-e65f6c8cc7c8-126708796380992","trial_id":242,"param_name":"m","param_value_internal":3,"distribution":"{\"name\": \"CategoricalDistribution\", \"attributes\": {\"choices\": [16, 32, 64, 128, 256]}}"}
{"op_code":5,"worker_id":"547befa4-d3f5-426d-84d3-e65f6c8cc7c8-126708796380992","trial_id":242,"param_name":"n","param_value_internal":3,"distribution":"{\"name\": \"CategoricalDistribution\", \"attributes\": {\"choices\": [16, 32, 64, 128, 256]}}"}
{"op_code":5,"worker_id":"547befa4-d3f5-426d-84d3-e65f6c8cc7c8-126708796380992","trial_id":242,"param_name":"k","param_value_internal":2,"distribution":"{\"name\": \"CategoricalDistribution\", \"attributes\": {\"choices\": [16, 32, 64, 128]}}"}
{"op_code":5,"worker_id":"547befa4-d3f5-426d-84d3-e65f6c8cc7c8-126708796380992","trial_id":242,"param_name":"gx","param_value_internal":2,"distribution":"{\"name\": \"CategoricalDistribution\", \"attributes\": {\"choices\": [1, 2, 4, 8]}}"}
{"op_code":5,"worker_id":"547befa4-d3f5-426d-84d3-e65f6c8cc7c8-126708796380992","trial_id":242,"param_name":"gy","param_value_internal":0,"distribution":"{\"name\": \"CategoricalDistribution\", \"attributes\": {\"choices\": [1, 2, 4, 8]}}"}
{"op_code":5,"worker_id":"547befa4-d3f5-426d-84d3-e65f6c8cc7c8-126708796380992","trial_id":242,"param_name":"sub","param_value_internal":1,"distribution":"{\"name\": \"CategoricalDistribution\", \"attributes\": {\"choices\": [32, 64]}}"}
{"op_code":8,"worker_id":"547befa4-d3f5-426d-84d3-e65f6c8cc7c8-126708796380992","trial_id":242,"user_attr":{"token":"tsweep_t128x128k64g41s64"}}
{"op_code":4,"worker_id":"547befa4-d3f5-426d-84d3-e65f6c8cc7c8-126708796380992","study_id":0,"datetime_start":"2026-07-24T02:16:51.103843"}
{"op_code":9,"worker_id":"547befa4-d3f5-426d-84d3-e65f6c8cc7c8-126708796380992","trial_id":243,"system_attr":{"tpe:relative_params:0":"{\"gx\": 4, \"gy\": 1, \"k\": 32, \"m\": 256, \"n\": 64, \"sub\": 64}"}}
{"op_code":5,"worker_id":"547befa4-d3f5-426d-84d3-e65f6c8cc7c8-126708796380992","trial_id":243,"param_name":"m","param_value_internal":4,"distribution":"{\"name\": \"CategoricalDistribution\", \"attributes\": {\"choices\": [16, 32, 64, 128, 256]}}"}
{"op_code":5,"worker_id":"547befa4-d3f5-426d-84d3-e65f6c8cc7c8-126708796380992","trial_id":243,"param_name":"n","param_value_internal":2,"distribution":"{\"name\": \"CategoricalDistribution\", \"attributes\": {\"choices\": [16, 32, 64, 128, 256]}}"}
{"op_code":5,"worker_id":"547befa4-d3f5-426d-84d3-e65f6c8cc7c8-126708796380992","trial_id":243,"param_name":"k","param_value_internal":1,"distribution":"{\"name\": \"CategoricalDistribution\", \"attributes\": {\"choices\": [16, 32, 64, 128]}}"}
{"op_code":5,"worker_id":"547befa4-d3f5-426d-84d3-e65f6c8cc7c8-126708796380992","trial_id":243,"param_name":"gx","param_value_internal":2,"distribution":"{\"name\": \"CategoricalDistribution\", \"attributes\": {\"choices\": [1, 2, 4, 8]}}"}
{"op_code":5,"worker_id":"547befa4-d3f5-426d-84d3-e65f6c8cc7c8-126708796380992","trial_id":243,"param_name":"gy","param_value_internal":0,"distribution":"{\"name\": \"CategoricalDistribution\", \"attributes\": {\"choices\": [1, 2, 4, 8]}}"}
{"op_code":5,"worker_id":"547befa4-d3f5-426d-84d3-e65f6c8cc7c8-126708796380992","trial_id":243,"param_name":"sub","param_value_internal":1,"distribution":"{\"name\": \"CategoricalDistribution\", \"attributes\": {\"choices\": [32, 64]}}"}
{"op_code":8,"worker_id":"547befa4-d3f5-426d-84d3-e65f6c8cc7c8-126708796380992","trial_id":243,"user_attr":{"token":"tsweep_t256x64k32g41s64"}}
{"op_code":4,"worker_id":"547befa4-d3f5-426d-84d3-e65f6c8cc7c8-126708796380992","study_id":0,"datetime_start":"2026-07-24T02:16:51.124116"}
{"op_code":9,"worker_id":"547befa4-d3f5-426d-84d3-e65f6c8cc7c8-126708796380992","trial_id":244,"system_attr":{"tpe:relative_params:0":"{\"gx\": 4, \"gy\": 1, \"k\": 32, \"m\": 32, \"n\": 16, \"sub\": 64}"}}
{"op_code":5,"worker_id":"547befa4-d3f5-426d-84d3-e65f6c8cc7c8-126708796380992","trial_id":244,"param_name":"m","param_value_internal":1,"distribution":"{\"name\": \"CategoricalDistribution\", \"attributes\": {\"choices\": [16, 32, 64, 128, 256]}}"}
{"op_code":5,"worker_id":"547befa4-d3f5-426d-84d3-e65f6c8cc7c8-126708796380992","trial_id":244,"param_name":"n","param_value_internal":0,"distribution":"{\"name\": \"CategoricalDistribution\", \"attributes\": {\"choices\": [16, 32, 64, 128, 256]}}"}
{"op_code":5,"worker_id":"547befa4-d3f5-426d-84d3-e65f6c8cc7c8-126708796380992","trial_id":244,"param_name":"k","param_value_internal":1,"distribution":"{\"name\": \"CategoricalDistribution\", \"attributes\": {\"choices\": [16, 32, 64, 128]}}"}
{"op_code":5,"worker_id":"547befa4-d3f5-426d-84d3-e65f6c8cc7c8-126708796380992","trial_id":244,"param_name":"gx","param_value_internal":2,"distribution":"{\"name\": \"CategoricalDistribution\", \"attributes\": {\"choices\": [1, 2, 4, 8]}}"}
{"op_code":5,"worker_id":"547befa4-d3f5-426d-84d3-e65f6c8cc7c8-126708796380992","trial_id":244,"param_name":"gy","param_value_internal":0,"distribution":"{\"name\": \"CategoricalDistribution\", \"attributes\": {\"choices\": [1, 2, 4, 8]}}"}
{"op_code":5,"worker_id":"547befa4-d3f5-426d-84d3-e65f6c8cc7c8-126708796380992","trial_id":244,"param_name":"sub","param_value_internal":1,"distribution":"{\"name\": \"CategoricalDistribution\", \"attributes\": {\"choices\": [32, 64]}}"}
{"op_code":6,"worker_id":"547befa4-d3f5-426d-84d3-e65f6c8cc7c8-126708796380992","trial_id":244,"state":2,"values":null,"datetime_complete":"2026-07-24T02:16:51.147868"}
{"op_code":4,"worker_id":"547befa4-d3f5-426d-84d3-e65f6c8cc7c8-126708796380992","study_id":0,"datetime_start":"2026-07-24T02:16:51.150169"}
{"op_code":9,"worker_id":"547befa4-d3f5-426d-84d3-e65f6c8cc7c8-126708796380992","trial_id":245,"system_attr":{"tpe:relative_params:0":"{\"gx\": 8, \"gy\": 2, \"k\": 32, \"m\": 64, \"n\": 32, \"sub\": 64}"}}
{"op_code":5,"worker_id":"547befa4-d3f5-426d-84d3-e65f6c8cc7c8-126708796380992","trial_id":245,"param_name":"m","param_value_internal":2,"distribution":"{\"name\": \"CategoricalDistribution\", \"attributes\": {\"choices\": [16, 32, 64, 128, 256]}}"}
{"op_code":5,"worker_id":"547befa4-d3f5-426d-84d3-e65f6c8cc7c8-126708796380992","trial_id":245,"param_name":"n","param_value_internal":1,"distribution":"{\"name\": \"CategoricalDistribution\", \"attributes\": {\"choices\": [16, 32, 64, 128, 256]}}"}
{"op_code":5,"worker_id":"547befa4-d3f5-426d-84d3-e65f6c8cc7c8-126708796380992","trial_id":245,"param_name":"k","param_value_internal":1,"distribution":"{\"name\": \"CategoricalDistribution\", \"attributes\": {\"choices\": [16, 32, 64, 128]}}"}
{"op_code":5,"worker_id":"547befa4-d3f5-426d-84d3-e65f6c8cc7c8-126708796380992","trial_id":245,"param_name":"gx","param_value_internal":3,"distribution":"{\"name\": \"CategoricalDistribution\", \"attributes\": {\"choices\": [1, 2, 4, 8]}}"}
{"op_code":5,"worker_id":"547befa4-d3f5-426d-84d3-e65f6c8cc7c8-126708796380992","trial_id":245,"param_name":"gy","param_value_internal":1,"distribution":"{\"name\": \"CategoricalDistribution\", \"attributes\": {\"choices\": [1, 2, 4, 8]}}"}
{"op_code":5,"worker_id":"547befa4-d3f5-426d-84d3-e65f6c8cc7c8-126708796380992","trial_id":245,"param_name":"sub","param_value_internal":1,"distribution":"{\"name\": \"CategoricalDistribution\", \"attributes\": {\"choices\": [32, 64]}}"}
{"op_code":6,"worker_id":"547befa4-d3f5-426d-84d3-e65f6c8cc7c8-126708796380992","trial_id":245,"state":2,"values":null,"datetime_complete":"2026-07-24T02:16:51.174397"}
{"op_code":4,"worker_id":"547befa4-d3f5-426d-84d3-e65f6c8cc7c8-126708796380992","study_id":0,"datetime_start":"2026-07-24T02:16:51.176313"}
{"op_code":9,"worker_id":"547befa4-d3f5-426d-84d3-e65f6c8cc7c8-126708796380992","trial_id":246,"system_attr":{"tpe:relative_params:0":"{\"gx\": 4, \"gy\": 1, \"k\": 16, \"m\": 32, \"n\": 64, \"sub\": 64}"}}
{"op_code":5,"worker_id":"547befa4-d3f5-426d-84d3-e65f6c8cc7c8-126708796380992","trial_id":246,"param_name":"m","param_value_internal":1,"distribution":"{\"name\": \"CategoricalDistribution\", \"attributes\": {\"choices\": [16, 32, 64, 128, 256]}}"}
{"op_code":5,"worker_id":"547befa4-d3f5-426d-84d3-e65f6c8cc7c8-126708796380992","trial_id":246,"param_name":"n","param_value_internal":2,"distribution":"{\"name\": \"CategoricalDistribution\", \"attributes\": {\"choices\": [16, 32, 64, 128, 256]}}"}
{"op_code":5,"worker_id":"547befa4-d3f5-426d-84d3-e65f6c8cc7c8-126708796380992","trial_id":246,"param_name":"k","param_value_internal":0,"distribution":"{\"name\": \"CategoricalDistribution\", \"attributes\": {\"choices\": [16, 32, 64, 128]}}"}
{"op_code":5,"worker_id":"547befa4-d3f5-426d-84d3-e65f6c8cc7c8-126708796380992","trial_id":246,"param_name":"gx","param_value_internal":2,"distribution":"{\"name\": \"CategoricalDistribution\", \"attributes\": {\"choices\": [1, 2, 4, 8]}}"}
{"op_code":5,"worker_id":"547befa4-d3f5-426d-84d3-e65f6c8cc7c8-126708796380992","trial_id":246,"param_name":"gy","param_value_internal":0,"distribution":"{\"name\": \"CategoricalDistribution\", \"attributes\": {\"choices\": [1, 2, 4, 8]}}"}
{"op_code":5,"worker_id":"547befa4-d3f5-426d-84d3-e65f6c8cc7c8-126708796380992","trial_id":246,"param_name":"sub","param_value_internal":1,"distribution":"{\"name\": \"CategoricalDistribution\", \"attributes\": {\"choices\": [32, 64]}}"}
{"op_code":8,"worker_id":"547befa4-d3f5-426d-84d3-e65f6c8cc7c8-126708796380992","trial_id":246,"user_attr":{"token":"tsweep_t32x64k16g41s64"}}
{"op_code":4,"worker_id":"547befa4-d3f5-426d-84d3-e65f6c8cc7c8-126708796380992","study_id":0,"datetime_start":"2026-07-24T02:16:51.203340"}
{"op_code":9,"worker_id":"547befa4-d3f5-426d-84d3-e65f6c8cc7c8-126708796380992","trial_id":247,"system_attr":{"tpe:relative_params:0":"{\"gx\": 4, \"gy\": 2, \"k\": 64, \"m\": 32, \"n\": 128, \"sub\": 64}"}}
{"op_code":5,"worker_id":"547befa4-d3f5-426d-84d3-e65f6c8cc7c8-126708796380992","trial_id":247,"param_name":"m","param_value_internal":1,"distribution":"{\"name\": \"CategoricalDistribution\", \"attributes\": {\"choices\": [16, 32, 64, 128, 256]}}"}
{"op_code":5,"worker_id":"547befa4-d3f5-426d-84d3-e65f6c8cc7c8-126708796380992","trial_id":247,"param_name":"n","param_value_internal":3,"distribution":"{\"name\": \"CategoricalDistribution\", \"attributes\": {\"choices\": [16, 32, 64, 128, 256]}}"}
{"op_code":5,"worker_id":"547befa4-d3f5-426d-84d3-e65f6c8cc7c8-126708796380992","trial_id":247,"param_name":"k","param_value_internal":2,"distribution":"{\"name\": \"CategoricalDistribution\", \"attributes\": {\"choices\": [16, 32, 64, 128]}}"}
{"op_code":5,"worker_id":"547befa4-d3f5-426d-84d3-e65f6c8cc7c8-126708796380992","trial_id":247,"param_name":"gx","param_value_internal":2,"distribution":"{\"name\": \"CategoricalDistribution\", \"attributes\": {\"choices\": [1, 2, 4, 8]}}"}
{"op_code":5,"worker_id":"547befa4-d3f5-426d-84d3-e65f6c8cc7c8-126708796380992","trial_id":247,"param_name":"gy","param_value_internal":1,"distribution":"{\"name\": \"CategoricalDistribution\", \"attributes\": {\"choices\": [1, 2, 4, 8]}}"}
{"op_code":5,"worker_id":"547befa4-d3f5-426d-84d3-e65f6c8cc7c8-126708796380992","trial_id":247,"param_name":"sub","param_value_internal":1,"distribution":"{\"name\": \"CategoricalDistribution\", \"attributes\": {\"choices\": [32, 64]}}"}
{"op_code":8,"worker_id":"547befa4-d3f5-426d-84d3-e65f6c8cc7c8-126708796380992","trial_id":247,"user_attr":{"token":"tsweep_t32x128k64g42s64"}}
{"op_code":4,"worker_id":"547befa4-d3f5-426d-84d3-e65f6c8cc7c8-126708796380992","study_id":0,"datetime_start":"2026-07-24T02:16:51.227787"}
{"op_code":9,"worker_id":"547befa4-d3f5-426d-84d3-e65f6c8cc7c8-126708796380992","trial_id":248,"system_attr":{"tpe:relative_params:0":"{\"gx\": 4, \"gy\": 1, \"k\": 16, \"m\": 128, \"n\": 256, \"sub\": 64}"}}
{"op_code":5,"worker_id":"547befa4-d3f5-426d-84d3-e65f6c8cc7c8-126708796380992","trial_id":248,"param_name":"m","param_value_internal":3,"distribution":"{\"name\": \"CategoricalDistribution\", \"attributes\": {\"choices\": [16, 32, 64, 128, 256]}}"}
{"op_code":5,"worker_id":"547befa4-d3f5-426d-84d3-e65f6c8cc7c8-126708796380992","trial_id":248,"param_name":"n","param_value_internal":4,"distribution":"{\"name\": \"CategoricalDistribution\", \"attributes\": {\"choices\": [16, 32, 64, 128, 256]}}"}
{"op_code":5,"worker_id":"547befa4-d3f5-426d-84d3-e65f6c8cc7c8-126708796380992","trial_id":248,"param_name":"k","param_value_internal":0,"distribution":"{\"name\": \"CategoricalDistribution\", \"attributes\": {\"choices\": [16, 32, 64, 128]}}"}
{"op_code":5,"worker_id":"547befa4-d3f5-426d-84d3-e65f6c8cc7c8-126708796380992","trial_id":248,"param_name":"gx","param_value_internal":2,"distribution":"{\"name\": \"CategoricalDistribution\", \"attributes\": {\"choices\": [1, 2, 4, 8]}}"}
{"op_code":5,"worker_id":"547befa4-d3f5-426d-84d3-e65f6c8cc7c8-126708796380992","trial_id":248,"param_name":"gy","param_value_internal":0,"distribution":"{\"name\": \"CategoricalDistribution\", \"attributes\": {\"choices\": [1, 2, 4, 8]}}"}
{"op_code":5,"worker_id":"547befa4-d3f5-426d-84d3-e65f6c8cc7c8-126708796380992","trial_id":248,"param_name":"sub","param_value_internal":1,"distribution":"{\"name\": \"CategoricalDistribution\", \"attributes\": {\"choices\": [32, 64]}}"}
{"op_code":8,"worker_id":"547befa4-d3f5-426d-84d3-e65f6c8cc7c8-126708796380992","trial_id":248,"user_attr":{"token":"tsweep_t128x256k16g41s64"}}
{"op_code":4,"worker_id":"547befa4-d3f5-426d-84d3-e65f6c8cc7c8-126708796380992","study_id":0,"datetime_start":"2026-07-24T02:16:51.250589"}
{"op_code":9,"worker_id":"547befa4-d3f5-426d-84d3-e65f6c8cc7c8-126708796380992","trial_id":249,"system_attr":{"tpe:relative_params:0":"{\"gx\": 4, \"gy\": 4, \"k\": 32, \"m\": 128, \"n\": 128, \"sub\": 64}"}}
{"op_code":5,"worker_id":"547befa4-d3f5-426d-84d3-e65f6c8cc7c8-126708796380992","trial_id":249,"param_name":"m","param_value_internal":3,"distribution":"{\"name\": \"CategoricalDistribution\", \"attributes\": {\"choices\": [16, 32, 64, 128, 256]}}"}
{"op_code":5,"worker_id":"547befa4-d3f5-426d-84d3-e65f6c8cc7c8-126708796380992","trial_id":249,"param_name":"n","param_value_internal":3,"distribution":"{\"name\": \"CategoricalDistribution\", \"attributes\": {\"choices\": [16, 32, 64, 128, 256]}}"}
{"op_code":5,"worker_id":"547befa4-d3f5-426d-84d3-e65f6c8cc7c8-126708796380992","trial_id":249,"param_name":"k","param_value_internal":1,"distribution":"{\"name\": \"CategoricalDistribution\", \"attributes\": {\"choices\": [16, 32, 64, 128]}}"}
{"op_code":5,"worker_id":"547befa4-d3f5-426d-84d3-e65f6c8cc7c8-126708796380992","trial_id":249,"param_name":"gx","param_value_internal":2,"distribution":"{\"name\": \"CategoricalDistribution\", \"attributes\": {\"choices\": [1, 2, 4, 8]}}"}
{"op_code":5,"worker_id":"547befa4-d3f5-426d-84d3-e65f6c8cc7c8-126708796380992","trial_id":249,"param_name":"gy","param_value_internal":2,"distribution":"{\"name\": \"CategoricalDistribution\", \"attributes\": {\"choices\": [1, 2, 4, 8]}}"}
{"op_code":5,"worker_id":"547befa4-d3f5-426d-84d3-e65f6c8cc7c8-126708796380992","trial_id":249,"param_name":"sub","param_value_internal":1,"distribution":"{\"name\": \"CategoricalDistribution\", \"attributes\": {\"choices\": [32, 64]}}"}
{"op_code":8,"worker_id":"547befa4-d3f5-426d-84d3-e65f6c8cc7c8-126708796380992","trial_id":249,"user_attr":{"token":"tsweep_t128x128k32g44s64"}}
{"op_code":4,"worker_id":"547befa4-d3f5-426d-84d3-e65f6c8cc7c8-126708796380992","study_id":0,"datetime_start":"2026-07-24T02:16:51.275522"}
{"op_code":9,"worker_id":"547befa4-d3f5-426d-84d3-e65f6c8cc7c8-126708796380992","trial_id":250,"system_attr":{"tpe:relative_params:0":"{\"gx\": 2, \"gy\": 1, \"k\": 16, \"m\": 128, \"n\": 64, \"sub\": 64}"}}
{"op_code":5,"worker_id":"547befa4-d3f5-426d-84d3-e65f6c8cc7c8-126708796380992","trial_id":250,"param_name":"m","param_value_internal":3,"distribution":"{\"name\": \"CategoricalDistribution\", \"attributes\": {\"choices\": [16, 32, 64, 128, 256]}}"}
{"op_code":5,"worker_id":"547befa4-d3f5-426d-84d3-e65f6c8cc7c8-126708796380992","trial_id":250,"param_name":"n","param_value_internal":2,"distribution":"{\"name\": \"CategoricalDistribution\", \"attributes\": {\"choices\": [16, 32, 64, 128, 256]}}"}
{"op_code":5,"worker_id":"547befa4-d3f5-426d-84d3-e65f6c8cc7c8-126708796380992","trial_id":250,"param_name":"k","param_value_internal":0,"distribution":"{\"name\": \"CategoricalDistribution\", \"attributes\": {\"choices\": [16, 32, 64, 128]}}"}
{"op_code":5,"worker_id":"547befa4-d3f5-426d-84d3-e65f6c8cc7c8-126708796380992","trial_id":250,"param_name":"gx","param_value_internal":1,"distribution":"{\"name\": \"CategoricalDistribution\", \"attributes\": {\"choices\": [1, 2, 4, 8]}}"}
{"op_code":5,"worker_id":"547befa4-d3f5-426d-84d3-e65f6c8cc7c8-126708796380992","trial_id":250,"param_name":"gy","param_value_internal":0,"distribution":"{\"name\": \"CategoricalDistribution\", \"attributes\": {\"choices\": [1, 2, 4, 8]}}"}
{"op_code":5,"worker_id":"547befa4-d3f5-426d-84d3-e65f6c8cc7c8-126708796380992","trial_id":250,"param_name":"sub","param_value_internal":1,"distribution":"{\"name\": \"CategoricalDistribution\", \"attributes\": {\"choices\": [32, 64]}}"}
{"op_code":8,"worker_id":"547befa4-d3f5-426d-84d3-e65f6c8cc7c8-126708796380992","trial_id":250,"user_attr":{"token":"tsweep_t128x64k16g21s64"}}
{"op_code":4,"worker_id":"547befa4-d3f5-426d-84d3-e65f6c8cc7c8-126708796380992","study_id":0,"datetime_start":"2026-07-24T02:16:51.302554"}
{"op_code":9,"worker_id":"547befa4-d3f5-426d-84d3-e65f6c8cc7c8-126708796380992","trial_id":251,"system_attr":{"tpe:relative_params:0":"{\"gx\": 4, \"gy\": 2, \"k\": 32, \"m\": 64, \"n\": 256, \"sub\": 64}"}}
{"op_code":5,"worker_id":"547befa4-d3f5-426d-84d3-e65f6c8cc7c8-126708796380992","trial_id":251,"param_name":"m","param_value_internal":2,"distribution":"{\"name\": \"CategoricalDistribution\", \"attributes\": {\"choices\": [16, 32, 64, 128, 256]}}"}
{"op_code":5,"worker_id":"547befa4-d3f5-426d-84d3-e65f6c8cc7c8-126708796380992","trial_id":251,"param_name":"n","param_value_internal":4,"distribution":"{\"name\": \"CategoricalDistribution\", \"attributes\": {\"choices\": [16, 32, 64, 128, 256]}}"}
{"op_code":5,"worker_id":"547befa4-d3f5-426d-84d3-e65f6c8cc7c8-126708796380992","trial_id":251,"param_name":"k","param_value_internal":1,"distribution":"{\"name\": \"CategoricalDistribution\", \"attributes\": {\"choices\": [16, 32, 64, 128]}}"}
{"op_code":5,"worker_id":"547befa4-d3f5-426d-84d3-e65f6c8cc7c8-126708796380992","trial_id":251,"param_name":"gx","param_value_internal":2,"distribution":"{\"name\": \"CategoricalDistribution\", \"attributes\": {\"choices\": [1, 2, 4, 8]}}"}
{"op_code":5,"worker_id":"547befa4-d3f5-426d-84d3-e65f6c8cc7c8-126708796380992","trial_id":251,"param_name":"gy","param_value_internal":1,"distribution":"{\"name\": \"CategoricalDistribution\", \"attributes\": {\"choices\": [1, 2, 4, 8]}}"}
{"op_code":5,"worker_id":"547befa4-d3f5-426d-84d3-e65f6c8cc7c8-126708796380992","trial_id":251,"param_name":"sub","param_value_internal":1,"distribution":"{\"name\": \"CategoricalDistribution\", \"attributes\": {\"choices\": [32, 64]}}"}
{"op_code":8,"worker_id":"547befa4-d3f5-426d-84d3-e65f6c8cc7c8-126708796380992","trial_id":251,"user_attr":{"token":"tsweep_t64x256k32g42s64"}}
{"op_code":4,"worker_id":"547befa4-d3f5-426d-84d3-e65f6c8cc7c8-126708796380992","study_id":0,"datetime_start":"2026-07-24T02:16:51.325092"}
{"op_code":9,"worker_id":"547befa4-d3f5-426d-84d3-e65f6c8cc7c8-126708796380992","trial_id":252,"system_attr":{"tpe:relative_params:0":"{\"gx\": 2, \"gy\": 1, \"k\": 32, \"m\": 32, \"n\": 64, \"sub\": 32}"}}
{"op_code":5,"worker_id":"547befa4-d3f5-426d-84d3-e65f6c8cc7c8-126708796380992","trial_id":252,"param_name":"m","param_value_internal":1,"distribution":"{\"name\": \"CategoricalDistribution\", \"attributes\": {\"choices\": [16, 32, 64, 128, 256]}}"}
{"op_code":5,"worker_id":"547befa4-d3f5-426d-84d3-e65f6c8cc7c8-126708796380992","trial_id":252,"param_name":"n","param_value_internal":2,"distribution":"{\"name\": \"CategoricalDistribution\", \"attributes\": {\"choices\": [16, 32, 64, 128, 256]}}"}
{"op_code":5,"worker_id":"547befa4-d3f5-426d-84d3-e65f6c8cc7c8-126708796380992","trial_id":252,"param_name":"k","param_value_internal":1,"distribution":"{\"name\": \"CategoricalDistribution\", \"attributes\": {\"choices\": [16, 32, 64, 128]}}"}
{"op_code":5,"worker_id":"547befa4-d3f5-426d-84d3-e65f6c8cc7c8-126708796380992","trial_id":252,"param_name":"gx","param_value_internal":1,"distribution":"{\"name\": \"CategoricalDistribution\", \"attributes\": {\"choices\": [1, 2, 4, 8]}}"}
{"op_code":5,"worker_id":"547befa4-d3f5-426d-84d3-e65f6c8cc7c8-126708796380992","trial_id":252,"param_name":"gy","param_value_internal":0,"distribution":"{\"name\": \"CategoricalDistribution\", \"attributes\": {\"choices\": [1, 2, 4, 8]}}"}
{"op_code":5,"worker_id":"547befa4-d3f5-426d-84d3-e65f6c8cc7c8-126708796380992","trial_id":252,"param_name":"sub","param_value_internal":0,"distribution":"{\"name\": \"CategoricalDistribution\", \"attributes\": {\"choices\": [32, 64]}}"}
{"op_code":6,"worker_id":"547befa4-d3f5-426d-84d3-e65f6c8cc7c8-126708796380992","trial_id":252,"state":2,"values":null,"datetime_complete":"2026-07-24T02:16:51.345972"}
{"op_code":4,"worker_id":"547befa4-d3f5-426d-84d3-e65f6c8cc7c8-126708796380992","study_id":0,"datetime_start":"2026-07-24T02:16:51.347795"}
{"op_code":9,"worker_id":"547befa4-d3f5-426d-84d3-e65f6c8cc7c8-126708796380992","trial_id":253,"system_attr":{"tpe:relative_params:0":"{\"gx\": 2, \"gy\": 2, \"k\": 64, \"m\": 16, \"n\": 128, \"sub\": 64}"}}
{"op_code":5,"worker_id":"547befa4-d3f5-426d-84d3-e65f6c8cc7c8-126708796380992","trial_id":253,"param_name":"m","param_value_internal":0,"distribution":"{\"name\": \"CategoricalDistribution\", \"attributes\": {\"choices\": [16, 32, 64, 128, 256]}}"}
{"op_code":5,"worker_id":"547befa4-d3f5-426d-84d3-e65f6c8cc7c8-126708796380992","trial_id":253,"param_name":"n","param_value_internal":3,"distribution":"{\"name\": \"CategoricalDistribution\", \"attributes\": {\"choices\": [16, 32, 64, 128, 256]}}"}
{"op_code":5,"worker_id":"547befa4-d3f5-426d-84d3-e65f6c8cc7c8-126708796380992","trial_id":253,"param_name":"k","param_value_internal":2,"distribution":"{\"name\": \"CategoricalDistribution\", \"attributes\": {\"choices\": [16, 32, 64, 128]}}"}
{"op_code":5,"worker_id":"547befa4-d3f5-426d-84d3-e65f6c8cc7c8-126708796380992","trial_id":253,"param_name":"gx","param_value_internal":1,"distribution":"{\"name\": \"CategoricalDistribution\", \"attributes\": {\"choices\": [1, 2, 4, 8]}}"}
{"op_code":5,"worker_id":"547befa4-d3f5-426d-84d3-e65f6c8cc7c8-126708796380992","trial_id":253,"param_name":"gy","param_value_internal":1,"distribution":"{\"name\": \"CategoricalDistribution\", \"attributes\": {\"choices\": [1, 2, 4, 8]}}"}
{"op_code":5,"worker_id":"547befa4-d3f5-426d-84d3-e65f6c8cc7c8-126708796380992","trial_id":253,"param_name":"sub","param_value_internal":1,"distribution":"{\"name\": \"CategoricalDistribution\", \"attributes\": {\"choices\": [32, 64]}}"}
{"op_code":6,"worker_id":"547befa4-d3f5-426d-84d3-e65f6c8cc7c8-126708796380992","trial_id":253,"state":2,"values":null,"datetime_complete":"2026-07-24T02:16:51.367007"}
{"op_code":4,"worker_id":"547befa4-d3f5-426d-84d3-e65f6c8cc7c8-126708796380992","study_id":0,"datetime_start":"2026-07-24T02:16:51.368456"}
{"op_code":9,"worker_id":"547befa4-d3f5-426d-84d3-e65f6c8cc7c8-126708796380992","trial_id":254,"system_attr":{"tpe:relative_params:0":"{\"gx\": 2, \"gy\": 8, \"k\": 32, \"m\": 32, \"n\": 64, \"sub\": 64}"}}
{"op_code":5,"worker_id":"547befa4-d3f5-426d-84d3-e65f6c8cc7c8-126708796380992","trial_id":254,"param_name":"m","param_value_internal":1,"distribution":"{\"name\": \"CategoricalDistribution\", \"attributes\": {\"choices\": [16, 32, 64, 128, 256]}}"}
{"op_code":5,"worker_id":"547befa4-d3f5-426d-84d3-e65f6c8cc7c8-126708796380992","trial_id":254,"param_name":"n","param_value_internal":2,"distribution":"{\"name\": \"CategoricalDistribution\", \"attributes\": {\"choices\": [16, 32, 64, 128, 256]}}"}
{"op_code":5,"worker_id":"547befa4-d3f5-426d-84d3-e65f6c8cc7c8-126708796380992","trial_id":254,"param_name":"k","param_value_internal":1,"distribution":"{\"name\": \"CategoricalDistribution\", \"attributes\": {\"choices\": [16, 32, 64, 128]}}"}
{"op_code":5,"worker_id":"547befa4-d3f5-426d-84d3-e65f6c8cc7c8-126708796380992","trial_id":254,"param_name":"gx","param_value_internal":1,"distribution":"{\"name\": \"CategoricalDistribution\", \"attributes\": {\"choices\": [1, 2, 4, 8]}}"}
{"op_code":5,"worker_id":"547befa4-d3f5-426d-84d3-e65f6c8cc7c8-126708796380992","trial_id":254,"param_name":"gy","param_value_internal":3,"distribution":"{\"name\": \"CategoricalDistribution\", \"attributes\": {\"choices\": [1, 2, 4, 8]}}"}
{"op_code":5,"worker_id":"547befa4-d3f5-426d-84d3-e65f6c8cc7c8-126708796380992","trial_id":254,"param_name":"sub","param_value_internal":1,"distribution":"{\"name\": \"CategoricalDistribution\", \"attributes\": {\"choices\": [32, 64]}}"}
{"op_code":6,"worker_id":"547befa4-d3f5-426d-84d3-e65f6c8cc7c8-126708796380992","trial_id":254,"state":2,"values":null,"datetime_complete":"2026-07-24T02:16:51.386182"}
{"op_code":4,"worker_id":"547befa4-d3f5-426d-84d3-e65f6c8cc7c8-126708796380992","study_id":0,"datetime_start":"2026-07-24T02:16:51.387614"}
{"op_code":9,"worker_id":"547befa4-d3f5-426d-84d3-e65f6c8cc7c8-126708796380992","trial_id":255,"system_attr":{"tpe:relative_params:0":"{\"gx\": 2, \"gy\": 1, \"k\": 32, \"m\": 128, \"n\": 128, \"sub\": 64}"}}
{"op_code":5,"worker_id":"547befa4-d3f5-426d-84d3-e65f6c8cc7c8-126708796380992","trial_id":255,"param_name":"m","param_value_internal":3,"distribution":"{\"name\": \"CategoricalDistribution\", \"attributes\": {\"choices\": [16, 32, 64, 128, 256]}}"}
{"op_code":5,"worker_id":"547befa4-d3f5-426d-84d3-e65f6c8cc7c8-126708796380992","trial_id":255,"param_name":"n","param_value_internal":3,"distribution":"{\"name\": \"CategoricalDistribution\", \"attributes\": {\"choices\": [16, 32, 64, 128, 256]}}"}
{"op_code":5,"worker_id":"547befa4-d3f5-426d-84d3-e65f6c8cc7c8-126708796380992","trial_id":255,"param_name":"k","param_value_internal":1,"distribution":"{\"name\": \"CategoricalDistribution\", \"attributes\": {\"choices\": [16, 32, 64, 128]}}"}
{"op_code":5,"worker_id":"547befa4-d3f5-426d-84d3-e65f6c8cc7c8-126708796380992","trial_id":255,"param_name":"gx","param_value_internal":1,"distribution":"{\"name\": \"CategoricalDistribution\", \"attributes\": {\"choices\": [1, 2, 4, 8]}}"}
{"op_code":5,"worker_id":"547befa4-d3f5-426d-84d3-e65f6c8cc7c8-126708796380992","trial_id":255,"param_name":"gy","param_value_internal":0,"distribution":"{\"name\": \"CategoricalDistribution\", \"attributes\": {\"choices\": [1, 2, 4, 8]}}"}
{"op_code":5,"worker_id":"547befa4-d3f5-426d-84d3-e65f6c8cc7c8-126708796380992","trial_id":255,"param_name":"sub","param_value_internal":1,"distribution":"{\"name\": \"CategoricalDistribution\", \"attributes\": {\"choices\": [32, 64]}}"}
{"op_code":8,"worker_id":"547befa4-d3f5-426d-84d3-e65f6c8cc7c8-126708796380992","trial_id":255,"user_attr":{"token":"tsweep_t128x128k32g21s64"}}
{"op_code":4,"worker_id":"547befa4-d3f5-426d-84d3-e65f6c8cc7c8-126708796380992","study_id":0,"datetime_start":"2026-07-24T02:16:51.405895"}
{"op_code":9,"worker_id":"547befa4-d3f5-426d-84d3-e65f6c8cc7c8-126708796380992","trial_id":256,"system_attr":{"tpe:relative_params:0":"{\"gx\": 4, \"gy\": 1, \"k\": 16, \"m\": 32, \"n\": 128, \"sub\": 64}"}}
{"op_code":5,"worker_id":"547befa4-d3f5-426d-84d3-e65f6c8cc7c8-126708796380992","trial_id":256,"param_name":"m","param_value_internal":1,"distribution":"{\"name\": \"CategoricalDistribution\", \"attributes\": {\"choices\": [16, 32, 64, 128, 256]}}"}
{"op_code":5,"worker_id":"547befa4-d3f5-426d-84d3-e65f6c8cc7c8-126708796380992","trial_id":256,"param_name":"n","param_value_internal":3,"distribution":"{\"name\": \"CategoricalDistribution\", \"attributes\": {\"choices\": [16, 32, 64, 128, 256]}}"}
{"op_code":5,"worker_id":"547befa4-d3f5-426d-84d3-e65f6c8cc7c8-126708796380992","trial_id":256,"param_name":"k","param_value_internal":0,"distribution":"{\"name\": \"CategoricalDistribution\", \"attributes\": {\"choices\": [16, 32, 64, 128]}}"}
{"op_code":5,"worker_id":"547befa4-d3f5-426d-84d3-e65f6c8cc7c8-126708796380992","trial_id":256,"param_name":"gx","param_value_internal":2,"distribution":"{\"name\": \"CategoricalDistribution\", \"attributes\": {\"choices\": [1, 2, 4, 8]}}"}
{"op_code":5,"worker_id":"547befa4-d3f5-426d-84d3-e65f6c8cc7c8-126708796380992","trial_id":256,"param_name":"gy","param_value_internal":0,"distribution":"{\"name\": \"CategoricalDistribution\", \"attributes\": {\"choices\": [1, 2, 4, 8]}}"}
{"op_code":5,"worker_id":"547befa4-d3f5-426d-84d3-e65f6c8cc7c8-126708796380992","trial_id":256,"param_name":"sub","param_value_internal":1,"distribution":"{\"name\": \"CategoricalDistribution\", \"attributes\": {\"choices\": [32, 64]}}"}
{"op_code":8,"worker_id":"547befa4-d3f5-426d-84d3-e65f6c8cc7c8-126708796380992","trial_id":256,"user_attr":{"token":"tsweep_t32x128k16g41s64"}}
{"op_code":4,"worker_id":"547befa4-d3f5-426d-84d3-e65f6c8cc7c8-126708796380992","study_id":0,"datetime_start":"2026-07-24T02:16:51.423668"}
{"op_code":9,"worker_id":"547befa4-d3f5-426d-84d3-e65f6c8cc7c8-126708796380992","trial_id":257,"system_attr":{"tpe:relative_params:0":"{\"gx\": 8, \"gy\": 2, \"k\": 64, \"m\": 64, \"n\": 64, \"sub\": 64}"}}
{"op_code":5,"worker_id":"547befa4-d3f5-426d-84d3-e65f6c8cc7c8-126708796380992","trial_id":257,"param_name":"m","param_value_internal":2,"distribution":"{\"name\": \"CategoricalDistribution\", \"attributes\": {\"choices\": [16, 32, 64, 128, 256]}}"}
{"op_code":5,"worker_id":"547befa4-d3f5-426d-84d3-e65f6c8cc7c8-126708796380992","trial_id":257,"param_name":"n","param_value_internal":2,"distribution":"{\"name\": \"CategoricalDistribution\", \"attributes\": {\"choices\": [16, 32, 64, 128, 256]}}"}
{"op_code":5,"worker_id":"547befa4-d3f5-426d-84d3-e65f6c8cc7c8-126708796380992","trial_id":257,"param_name":"k","param_value_internal":2,"distribution":"{\"name\": \"CategoricalDistribution\", \"attributes\": {\"choices\": [16, 32, 64, 128]}}"}
{"op_code":5,"worker_id":"547befa4-d3f5-426d-84d3-e65f6c8cc7c8-126708796380992","trial_id":257,"param_name":"gx","param_value_internal":3,"distribution":"{\"name\": \"CategoricalDistribution\", \"attributes\": {\"choices\": [1, 2, 4, 8]}}"}
{"op_code":5,"worker_id":"547befa4-d3f5-426d-84d3-e65f6c8cc7c8-126708796380992","trial_id":257,"param_name":"gy","param_value_internal":1,"distribution":"{\"name\": \"CategoricalDistribution\", \"attributes\": {\"choices\": [1, 2, 4, 8]}}"}
{"op_code":5,"worker_id":"547befa4-d3f5-426d-84d3-e65f6c8cc7c8-126708796380992","trial_id":257,"param_name":"sub","param_value_internal":1,"distribution":"{\"name\": \"CategoricalDistribution\", \"attributes\": {\"choices\": [32, 64]}}"}
{"op_code":6,"worker_id":"547befa4-d3f5-426d-84d3-e65f6c8cc7c8-126708796380992","trial_id":257,"state":2,"values":null,"datetime_complete":"2026-07-24T02:16:51.440749"}
{"op_code":4,"worker_id":"547befa4-d3f5-426d-84d3-e65f6c8cc7c8-126708796380992","study_id":0,"datetime_start":"2026-07-24T02:16:51.442094"}
{"op_code":9,"worker_id":"547befa4-d3f5-426d-84d3-e65f6c8cc7c8-126708796380992","trial_id":258,"system_attr":{"tpe:relative_params:0":"{\"gx\": 1, \"gy\": 2, \"k\": 32, \"m\": 64, \"n\": 64, \"sub\": 64}"}}
{"op_code":5,"worker_id":"547befa4-d3f5-426d-84d3-e65f6c8cc7c8-126708796380992","trial_id":258,"param_name":"m","param_value_internal":2,"distribution":"{\"name\": \"CategoricalDistribution\", \"attributes\": {\"choices\": [16, 32, 64, 128, 256]}}"}
{"op_code":5,"worker_id":"547befa4-d3f5-426d-84d3-e65f6c8cc7c8-126708796380992","trial_id":258,"param_name":"n","param_value_internal":2,"distribution":"{\"name\": \"CategoricalDistribution\", \"attributes\": {\"choices\": [16, 32, 64, 128, 256]}}"}
{"op_code":5,"worker_id":"547befa4-d3f5-426d-84d3-e65f6c8cc7c8-126708796380992","trial_id":258,"param_name":"k","param_value_internal":1,"distribution":"{\"name\": \"CategoricalDistribution\", \"attributes\": {\"choices\": [16, 32, 64, 128]}}"}
{"op_code":5,"worker_id":"547befa4-d3f5-426d-84d3-e65f6c8cc7c8-126708796380992","trial_id":258,"param_name":"gx","param_value_internal":0,"distribution":"{\"name\": \"CategoricalDistribution\", \"attributes\": {\"choices\": [1, 2, 4, 8]}}"}
{"op_code":5,"worker_id":"547befa4-d3f5-426d-84d3-e65f6c8cc7c8-126708796380992","trial_id":258,"param_name":"gy","param_value_internal":1,"distribution":"{\"name\": \"CategoricalDistribution\", \"attributes\": {\"choices\": [1, 2, 4, 8]}}"}
{"op_code":5,"worker_id":"547befa4-d3f5-426d-84d3-e65f6c8cc7c8-126708796380992","trial_id":258,"param_name":"sub","param_value_internal":1,"distribution":"{\"name\": \"CategoricalDistribution\", \"attributes\": {\"choices\": [32, 64]}}"}
{"op_code":8,"worker_id":"547befa4-d3f5-426d-84d3-e65f6c8cc7c8-126708796380992","trial_id":258,"user_attr":{"token":"tsweep_t64x64k32g12s64"}}
{"op_code":6,"worker_id":"547befa4-d3f5-426d-84d3-e65f6c8cc7c8-126708796380992","trial_id":224,"state":1,"values":[1130.24],"datetime_complete":"2026-07-24T02:17:56.581738"}
{"op_code":6,"worker_id":"547befa4-d3f5-426d-84d3-e65f6c8cc7c8-126708796380992","trial_id":227,"state":1,"values":[1067.78],"datetime_complete":"2026-07-24T02:18:24.134385"}
{"op_code":6,"worker_id":"547befa4-d3f5-426d-84d3-e65f6c8cc7c8-126708796380992","trial_id":236,"state":1,"values":[835.237],"datetime_complete":"2026-07-24T02:18:54.261377"}
{"op_code":6,"worker_id":"547befa4-d3f5-426d-84d3-e65f6c8cc7c8-126708796380992","trial_id":237,"state":1,"values":[1349.14],"datetime_complete":"2026-07-24T02:19:19.794423"}
{"op_code":6,"worker_id":"547befa4-d3f5-426d-84d3-e65f6c8cc7c8-126708796380992","trial_id":240,"state":2,"values":null,"datetime_complete":"2026-07-24T02:19:26.259515"}
{"op_code":6,"worker_id":"547befa4-d3f5-426d-84d3-e65f6c8cc7c8-126708796380992","trial_id":242,"state":2,"values":null,"datetime_complete":"2026-07-24T02:19:32.104284"}
{"op_code":6,"worker_id":"547befa4-d3f5-426d-84d3-e65f6c8cc7c8-126708796380992","trial_id":243,"state":2,"values":null,"datetime_complete":"2026-07-24T02:19:38.463273"}
{"op_code":6,"worker_id":"547befa4-d3f5-426d-84d3-e65f6c8cc7c8-126708796380992","trial_id":246,"state":1,"values":[729.865],"datetime_complete":"2026-07-24T02:20:09.136655"}
{"op_code":6,"worker_id":"547befa4-d3f5-426d-84d3-e65f6c8cc7c8-126708796380992","trial_id":247,"state":1,"values":[1113.04],"datetime_complete":"2026-07-24T02:20:35.901017"}
{"op_code":6,"worker_id":"547befa4-d3f5-426d-84d3-e65f6c8cc7c8-126708796380992","trial_id":248,"state":2,"values":null,"datetime_complete":"2026-07-24T02:20:48.192610"}
{"op_code":6,"worker_id":"547befa4-d3f5-426d-84d3-e65f6c8cc7c8-126708796380992","trial_id":249,"state":1,"values":[1088.78],"datetime_complete":"2026-07-24T02:21:17.766036"}
{"op_code":6,"worker_id":"547befa4-d3f5-426d-84d3-e65f6c8cc7c8-126708796380992","trial_id":250,"state":1,"values":[1276.01],"datetime_complete":"2026-07-24T02:24:18.751335"}
{"op_code":6,"worker_id":"547befa4-d3f5-426d-84d3-e65f6c8cc7c8-126708796380992","trial_id":251,"state":2,"values":null,"datetime_complete":"2026-07-24T02:24:30.729627"}
{"op_code":6,"worker_id":"547befa4-d3f5-426d-84d3-e65f6c8cc7c8-126708796380992","trial_id":255,"state":2,"values":null,"datetime_complete":"2026-07-24T02:24:36.702457"}
{"op_code":6,"worker_id":"547befa4-d3f5-426d-84d3-e65f6c8cc7c8-126708796380992","trial_id":256,"state":1,"values":[1001.47],"datetime_complete":"2026-07-24T02:25:05.133052"}
{"op_code":6,"worker_id":"547befa4-d3f5-426d-84d3-e65f6c8cc7c8-126708796380992","trial_id":258,"state":1,"values":[1250.31],"datetime_complete":"2026-07-24T02:25:32.267064"}
{"op_code":4,"worker_id":"547befa4-d3f5-426d-84d3-e65f6c8cc7c8-126708796380992","study_id":0,"datetime_start":"2026-07-24T02:25:32.270059"}
{"op_code":9,"worker_id":"547befa4-d3f5-426d-84d3-e65f6c8cc7c8-126708796380992","trial_id":259,"system_attr":{"tpe:relative_params:0":"{\"gx\": 2, \"gy\": 2, \"k\": 32, \"m\": 64, \"n\": 128, \"sub\": 64}"}}
{"op_code":5,"worker_id":"547befa4-d3f5-426d-84d3-e65f6c8cc7c8-126708796380992","trial_id":259,"param_name":"m","param_value_internal":2,"distribution":"{\"name\": \"CategoricalDistribution\", \"attributes\": {\"choices\": [16, 32, 64, 128, 256]}}"}
{"op_code":5,"worker_id":"547befa4-d3f5-426d-84d3-e65f6c8cc7c8-126708796380992","trial_id":259,"param_name":"n","param_value_internal":3,"distribution":"{\"name\": \"CategoricalDistribution\", \"attributes\": {\"choices\": [16, 32, 64, 128, 256]}}"}
{"op_code":5,"worker_id":"547befa4-d3f5-426d-84d3-e65f6c8cc7c8-126708796380992","trial_id":259,"param_name":"k","param_value_internal":1,"distribution":"{\"name\": \"CategoricalDistribution\", \"attributes\": {\"choices\": [16, 32, 64, 128]}}"}
{"op_code":5,"worker_id":"547befa4-d3f5-426d-84d3-e65f6c8cc7c8-126708796380992","trial_id":259,"param_name":"gx","param_value_internal":1,"distribution":"{\"name\": \"CategoricalDistribution\", \"attributes\": {\"choices\": [1, 2, 4, 8]}}"}
{"op_code":5,"worker_id":"547befa4-d3f5-426d-84d3-e65f6c8cc7c8-126708796380992","trial_id":259,"param_name":"gy","param_value_internal":1,"distribution":"{\"name\": \"CategoricalDistribution\", \"attributes\": {\"choices\": [1, 2, 4, 8]}}"}
{"op_code":5,"worker_id":"547befa4-d3f5-426d-84d3-e65f6c8cc7c8-126708796380992","trial_id":259,"param_name":"sub","param_value_internal":1,"distribution":"{\"name\": \"CategoricalDistribution\", \"attributes\": {\"choices\": [32, 64]}}"}
{"op_code":6,"worker_id":"547befa4-d3f5-426d-84d3-e65f6c8cc7c8-126708796380992","trial_id":259,"state":2,"values":null,"datetime_complete":"2026-07-24T02:25:32.294030"}
{"op_code":4,"worker_id":"547befa4-d3f5-426d-84d3-e65f6c8cc7c8-126708796380992","study_id":0,"datetime_start":"2026-07-24T02:25:32.296539"}
{"op_code":9,"worker_id":"547befa4-d3f5-426d-84d3-e65f6c8cc7c8-126708796380992","trial_id":260,"system_attr":{"tpe:relative_params:0":"{\"gx\": 1, \"gy\": 2, \"k\": 32, \"m\": 64, \"n\": 64, \"sub\": 64}"}}
{"op_code":5,"worker_id":"547befa4-d3f5-426d-84d3-e65f6c8cc7c8-126708796380992","trial_id":260,"param_name":"m","param_value_internal":2,"distribution":"{\"name\": \"CategoricalDistribution\", \"attributes\": {\"choices\": [16, 32, 64, 128, 256]}}"}
{"op_code":5,"worker_id":"547befa4-d3f5-426d-84d3-e65f6c8cc7c8-126708796380992","trial_id":260,"param_name":"n","param_value_internal":2,"distribution":"{\"name\": \"CategoricalDistribution\", \"attributes\": {\"choices\": [16, 32, 64, 128, 256]}}"}
{"op_code":5,"worker_id":"547befa4-d3f5-426d-84d3-e65f6c8cc7c8-126708796380992","trial_id":260,"param_name":"k","param_value_internal":1,"distribution":"{\"name\": \"CategoricalDistribution\", \"attributes\": {\"choices\": [16, 32, 64, 128]}}"}
{"op_code":5,"worker_id":"547befa4-d3f5-426d-84d3-e65f6c8cc7c8-126708796380992","trial_id":260,"param_name":"gx","param_value_internal":0,"distribution":"{\"name\": \"CategoricalDistribution\", \"attributes\": {\"choices\": [1, 2, 4, 8]}}"}
{"op_code":5,"worker_id":"547befa4-d3f5-426d-84d3-e65f6c8cc7c8-126708796380992","trial_id":260,"param_name":"gy","param_value_internal":1,"distribution":"{\"name\": \"CategoricalDistribution\", \"attributes\": {\"choices\": [1, 2, 4, 8]}}"}
{"op_code":5,"worker_id":"547befa4-d3f5-426d-84d3-e65f6c8cc7c8-126708796380992","trial_id":260,"param_name":"sub","param_value_internal":1,"distribution":"{\"name\": \"CategoricalDistribution\", \"attributes\": {\"choices\": [32, 64]}}"}
{"op_code":6,"worker_id":"547befa4-d3f5-426d-84d3-e65f6c8cc7c8-126708796380992","trial_id":260,"state":2,"values":null,"datetime_complete":"2026-07-24T02:25:32.320898"}
{"op_code":4,"worker_id":"547befa4-d3f5-426d-84d3-e65f6c8cc7c8-126708796380992","study_id":0,"datetime_start":"2026-07-24T02:25:32.322686"}
{"op_code":9,"worker_id":"547befa4-d3f5-426d-84d3-e65f6c8cc7c8-126708796380992","trial_id":261,"system_attr":{"tpe:relative_params:0":"{\"gx\": 2, \"gy\": 1, \"k\": 16, \"m\": 128, \"n\": 64, \"sub\": 64}"}}
{"op_code":5,"worker_id":"547befa4-d3f5-426d-84d3-e65f6c8cc7c8-126708796380992","trial_id":261,"param_name":"m","param_value_internal":3,"distribution":"{\"name\": \"CategoricalDistribution\", \"attributes\": {\"choices\": [16, 32, 64, 128, 256]}}"}
{"op_code":5,"worker_id":"547befa4-d3f5-426d-84d3-e65f6c8cc7c8-126708796380992","trial_id":261,"param_name":"n","param_value_internal":2,"distribution":"{\"name\": \"CategoricalDistribution\", \"attributes\": {\"choices\": [16, 32, 64, 128, 256]}}"}
{"op_code":5,"worker_id":"547befa4-d3f5-426d-84d3-e65f6c8cc7c8-126708796380992","trial_id":261,"param_name":"k","param_value_internal":0,"distribution":"{\"name\": \"CategoricalDistribution\", \"attributes\": {\"choices\": [16, 32, 64, 128]}}"}
{"op_code":5,"worker_id":"547befa4-d3f5-426d-84d3-e65f6c8cc7c8-126708796380992","trial_id":261,"param_name":"gx","param_value_internal":1,"distribution":"{\"name\": \"CategoricalDistribution\", \"attributes\": {\"choices\": [1, 2, 4, 8]}}"}
{"op_code":5,"worker_id":"547befa4-d3f5-426d-84d3-e65f6c8cc7c8-126708796380992","trial_id":261,"param_name":"gy","param_value_internal":0,"distribution":"{\"name\": \"CategoricalDistribution\", \"attributes\": {\"choices\": [1, 2, 4, 8]}}"}
{"op_code":5,"worker_id":"547befa4-d3f5-426d-84d3-e65f6c8cc7c8-126708796380992","trial_id":261,"param_name":"sub","param_value_internal":1,"distribution":"{\"name\": \"CategoricalDistribution\", \"attributes\": {\"choices\": [32, 64]}}"}
{"op_code":6,"worker_id":"547befa4-d3f5-426d-84d3-e65f6c8cc7c8-126708796380992","trial_id":261,"state":2,"values":null,"datetime_complete":"2026-07-24T02:25:32.343869"}
{"op_code":4,"worker_id":"547befa4-d3f5-426d-84d3-e65f6c8cc7c8-126708796380992","study_id":0,"datetime_start":"2026-07-24T02:25:32.345608"}
{"op_code":9,"worker_id":"547befa4-d3f5-426d-84d3-e65f6c8cc7c8-126708796380992","trial_id":262,"system_attr":{"tpe:relative_params:0":"{\"gx\": 4, \"gy\": 2, \"k\": 32, \"m\": 128, \"n\": 64, \"sub\": 64}"}}
{"op_code":5,"worker_id":"547befa4-d3f5-426d-84d3-e65f6c8cc7c8-126708796380992","trial_id":262,"param_name":"m","param_value_internal":3,"distribution":"{\"name\": \"CategoricalDistribution\", \"attributes\": {\"choices\": [16, 32, 64, 128, 256]}}"}
{"op_code":5,"worker_id":"547befa4-d3f5-426d-84d3-e65f6c8cc7c8-126708796380992","trial_id":262,"param_name":"n","param_value_internal":2,"distribution":"{\"name\": \"CategoricalDistribution\", \"attributes\": {\"choices\": [16, 32, 64, 128, 256]}}"}
{"op_code":5,"worker_id":"547befa4-d3f5-426d-84d3-e65f6c8cc7c8-126708796380992","trial_id":262,"param_name":"k","param_value_internal":1,"distribution":"{\"name\": \"CategoricalDistribution\", \"attributes\": {\"choices\": [16, 32, 64, 128]}}"}
{"op_code":5,"worker_id":"547befa4-d3f5-426d-84d3-e65f6c8cc7c8-126708796380992","trial_id":262,"param_name":"gx","param_value_internal":2,"distribution":"{\"name\": \"CategoricalDistribution\", \"attributes\": {\"choices\": [1, 2, 4, 8]}}"}
{"op_code":5,"worker_id":"547befa4-d3f5-426d-84d3-e65f6c8cc7c8-126708796380992","trial_id":262,"param_name":"gy","param_value_internal":1,"distribution":"{\"name\": \"CategoricalDistribution\", \"attributes\": {\"choices\": [1, 2, 4, 8]}}"}
{"op_code":5,"worker_id":"547befa4-d3f5-426d-84d3-e65f6c8cc7c8-126708796380992","trial_id":262,"param_name":"sub","param_value_internal":1,"distribution":"{\"name\": \"CategoricalDistribution\", \"attributes\": {\"choices\": [32, 64]}}"}
{"op_code":6,"worker_id":"547befa4-d3f5-426d-84d3-e65f6c8cc7c8-126708796380992","trial_id":262,"state":2,"values":null,"datetime_complete":"2026-07-24T02:25:32.365369"}
{"op_code":4,"worker_id":"547befa4-d3f5-426d-84d3-e65f6c8cc7c8-126708796380992","study_id":0,"datetime_start":"2026-07-24T02:25:32.367008"}
{"op_code":9,"worker_id":"547befa4-d3f5-426d-84d3-e65f6c8cc7c8-126708796380992","trial_id":263,"system_attr":{"tpe:relative_params:0":"{\"gx\": 2, \"gy\": 2, \"k\": 16, \"m\": 128, \"n\": 128, \"sub\": 64}"}}
{"op_code":5,"worker_id":"547befa4-d3f5-426d-84d3-e65f6c8cc7c8-126708796380992","trial_id":263,"param_name":"m","param_value_internal":3,"distribution":"{\"name\": \"CategoricalDistribution\", \"attributes\": {\"choices\": [16, 32, 64, 128, 256]}}"}
{"op_code":5,"worker_id":"547befa4-d3f5-426d-84d3-e65f6c8cc7c8-126708796380992","trial_id":263,"param_name":"n","param_value_internal":3,"distribution":"{\"name\": \"CategoricalDistribution\", \"attributes\": {\"choices\": [16, 32, 64, 128, 256]}}"}
{"op_code":5,"worker_id":"547befa4-d3f5-426d-84d3-e65f6c8cc7c8-126708796380992","trial_id":263,"param_name":"k","param_value_internal":0,"distribution":"{\"name\": \"CategoricalDistribution\", \"attributes\": {\"choices\": [16, 32, 64, 128]}}"}
{"op_code":5,"worker_id":"547befa4-d3f5-426d-84d3-e65f6c8cc7c8-126708796380992","trial_id":263,"param_name":"gx","param_value_internal":1,"distribution":"{\"name\": \"CategoricalDistribution\", \"attributes\": {\"choices\": [1, 2, 4, 8]}}"}
{"op_code":5,"worker_id":"547befa4-d3f5-426d-84d3-e65f6c8cc7c8-126708796380992","trial_id":263,"param_name":"gy","param_value_internal":1,"distribution":"{\"name\": \"CategoricalDistribution\", \"attributes\": {\"choices\": [1, 2, 4, 8]}}"}
{"op_code":5,"worker_id":"547befa4-d3f5-426d-84d3-e65f6c8cc7c8-126708796380992","trial_id":263,"param_name":"sub","param_value_internal":1,"distribution":"{\"name\": \"CategoricalDistribution\", \"attributes\": {\"choices\": [32, 64]}}"}
{"op_code":6,"worker_id":"547befa4-d3f5-426d-84d3-e65f6c8cc7c8-126708796380992","trial_id":263,"state":2,"values":null,"datetime_complete":"2026-07-24T02:25:32.387522"}
{"op_code":4,"worker_id":"547befa4-d3f5-426d-84d3-e65f6c8cc7c8-126708796380992","study_id":0,"datetime_start":"2026-07-24T02:25:32.389887"}
{"op_code":9,"worker_id":"547befa4-d3f5-426d-84d3-e65f6c8cc7c8-126708796380992","trial_id":264,"system_attr":{"tpe:relative_params:0":"{\"gx\": 4, \"gy\": 4, \"k\": 32, \"m\": 128, \"n\": 128, \"sub\": 64}"}}
{"op_code":5,"worker_id":"547befa4-d3f5-426d-84d3-e65f6c8cc7c8-126708796380992","trial_id":264,"param_name":"m","param_value_internal":3,"distribution":"{\"name\": \"CategoricalDistribution\", \"attributes\": {\"choices\": [16, 32, 64, 128, 256]}}"}
{"op_code":5,"worker_id":"547befa4-d3f5-426d-84d3-e65f6c8cc7c8-126708796380992","trial_id":264,"param_name":"n","param_value_internal":3,"distribution":"{\"name\": \"CategoricalDistribution\", \"attributes\": {\"choices\": [16, 32, 64, 128, 256]}}"}
{"op_code":5,"worker_id":"547befa4-d3f5-426d-84d3-e65f6c8cc7c8-126708796380992","trial_id":264,"param_name":"k","param_value_internal":1,"distribution":"{\"name\": \"CategoricalDistribution\", \"attributes\": {\"choices\": [16, 32, 64, 128]}}"}
{"op_code":5,"worker_id":"547befa4-d3f5-426d-84d3-e65f6c8cc7c8-126708796380992","trial_id":264,"param_name":"gx","param_value_internal":2,"distribution":"{\"name\": \"CategoricalDistribution\", \"attributes\": {\"choices\": [1, 2, 4, 8]}}"}
{"op_code":5,"worker_id":"547befa4-d3f5-426d-84d3-e65f6c8cc7c8-126708796380992","trial_id":264,"param_name":"gy","param_value_internal":2,"distribution":"{\"name\": \"CategoricalDistribution\", \"attributes\": {\"choices\": [1, 2, 4, 8]}}"}
{"op_code":5,"worker_id":"547befa4-d3f5-426d-84d3-e65f6c8cc7c8-126708796380992","trial_id":264,"param_name":"sub","param_value_internal":1,"distribution":"{\"name\": \"CategoricalDistribution\", \"attributes\": {\"choices\": [32, 64]}}"}
{"op_code":6,"worker_id":"547befa4-d3f5-426d-84d3-e65f6c8cc7c8-126708796380992","trial_id":264,"state":2,"values":null,"datetime_complete":"2026-07-24T02:25:32.418163"}
{"op_code":4,"worker_id":"547befa4-d3f5-426d-84d3-e65f6c8cc7c8-126708796380992","study_id":0,"datetime_start":"2026-07-24T02:25:32.420889"}
{"op_code":9,"worker_id":"547befa4-d3f5-426d-84d3-e65f6c8cc7c8-126708796380992","trial_id":265,"system_attr":{"tpe:relative_params:0":"{\"gx\": 4, \"gy\": 1, \"k\": 16, \"m\": 32, \"n\": 128, \"sub\": 64}"}}
{"op_code":5,"worker_id":"547befa4-d3f5-426d-84d3-e65f6c8cc7c8-126708796380992","trial_id":265,"param_name":"m","param_value_internal":1,"distribution":"{\"name\": \"CategoricalDistribution\", \"attributes\": {\"choices\": [16, 32, 64, 128, 256]}}"}
{"op_code":5,"worker_id":"547befa4-d3f5-426d-84d3-e65f6c8cc7c8-126708796380992","trial_id":265,"param_name":"n","param_value_internal":3,"distribution":"{\"name\": \"CategoricalDistribution\", \"attributes\": {\"choices\": [16, 32, 64, 128, 256]}}"}
{"op_code":5,"worker_id":"547befa4-d3f5-426d-84d3-e65f6c8cc7c8-126708796380992","trial_id":265,"param_name":"k","param_value_internal":0,"distribution":"{\"name\": \"CategoricalDistribution\", \"attributes\": {\"choices\": [16, 32, 64, 128]}}"}
{"op_code":5,"worker_id":"547befa4-d3f5-426d-84d3-e65f6c8cc7c8-126708796380992","trial_id":265,"param_name":"gx","param_value_internal":2,"distribution":"{\"name\": \"CategoricalDistribution\", \"attributes\": {\"choices\": [1, 2, 4, 8]}}"}
{"op_code":5,"worker_id":"547befa4-d3f5-426d-84d3-e65f6c8cc7c8-126708796380992","trial_id":265,"param_name":"gy","param_value_internal":0,"distribution":"{\"name\": \"CategoricalDistribution\", \"attributes\": {\"choices\": [1, 2, 4, 8]}}"}
{"op_code":5,"worker_id":"547befa4-d3f5-426d-84d3-e65f6c8cc7c8-126708796380992","trial_id":265,"param_name":"sub","param_value_internal":1,"distribution":"{\"name\": \"CategoricalDistribution\", \"attributes\": {\"choices\": [32, 64]}}"}
{"op_code":6,"worker_id":"547befa4-d3f5-426d-84d3-e65f6c8cc7c8-126708796380992","trial_id":265,"state":2,"values":null,"datetime_complete":"2026-07-24T02:25:32.448698"}
{"op_code":4,"worker_id":"547befa4-d3f5-426d-84d3-e65f6c8cc7c8-126708796380992","study_id":0,"datetime_start":"2026-07-24T02:25:32.450742"}
{"op_code":9,"worker_id":"547befa4-d3f5-426d-84d3-e65f6c8cc7c8-126708796380992","trial_id":266,"system_attr":{"tpe:relative_params:0":"{\"gx\": 4, \"gy\": 2, \"k\": 64, \"m\": 32, \"n\": 128, \"sub\": 64}"}}
{"op_code":5,"worker_id":"547befa4-d3f5-426d-84d3-e65f6c8cc7c8-126708796380992","trial_id":266,"param_name":"m","param_value_internal":1,"distribution":"{\"name\": \"CategoricalDistribution\", \"attributes\": {\"choices\": [16, 32, 64, 128, 256]}}"}
{"op_code":5,"worker_id":"547befa4-d3f5-426d-84d3-e65f6c8cc7c8-126708796380992","trial_id":266,"param_name":"n","param_value_internal":3,"distribution":"{\"name\": \"CategoricalDistribution\", \"attributes\": {\"choices\": [16, 32, 64, 128, 256]}}"}
{"op_code":5,"worker_id":"547befa4-d3f5-426d-84d3-e65f6c8cc7c8-126708796380992","trial_id":266,"param_name":"k","param_value_internal":2,"distribution":"{\"name\": \"CategoricalDistribution\", \"attributes\": {\"choices\": [16, 32, 64, 128]}}"}
{"op_code":5,"worker_id":"547befa4-d3f5-426d-84d3-e65f6c8cc7c8-126708796380992","trial_id":266,"param_name":"gx","param_value_internal":2,"distribution":"{\"name\": \"CategoricalDistribution\", \"attributes\": {\"choices\": [1, 2, 4, 8]}}"}
{"op_code":5,"worker_id":"547befa4-d3f5-426d-84d3-e65f6c8cc7c8-126708796380992","trial_id":266,"param_name":"gy","param_value_internal":1,"distribution":"{\"name\": \"CategoricalDistribution\", \"attributes\": {\"choices\": [1, 2, 4, 8]}}"}
{"op_code":5,"worker_id":"547befa4-d3f5-426d-84d3-e65f6c8cc7c8-126708796380992","trial_id":266,"param_name":"sub","param_value_internal":1,"distribution":"{\"name\": \"CategoricalDistribution\", \"attributes\": {\"choices\": [32, 64]}}"}
{"op_code":6,"worker_id":"547befa4-d3f5-426d-84d3-e65f6c8cc7c8-126708796380992","trial_id":266,"state":2,"values":null,"datetime_complete":"2026-07-24T02:25:32.473497"}
{"op_code":4,"worker_id":"547befa4-d3f5-426d-84d3-e65f6c8cc7c8-126708796380992","study_id":0,"datetime_start":"2026-07-24T02:25:32.475371"}
{"op_code":9,"worker_id":"547befa4-d3f5-426d-84d3-e65f6c8cc7c8-126708796380992","trial_id":267,"system_attr":{"tpe:relative_params:0":"{\"gx\": 4, \"gy\": 2, \"k\": 32, \"m\": 128, \"n\": 128, \"sub\": 32}"}}
{"op_code":5,"worker_id":"547befa4-d3f5-426d-84d3-e65f6c8cc7c8-126708796380992","trial_id":267,"param_name":"m","param_value_internal":3,"distribution":"{\"name\": \"CategoricalDistribution\", \"attributes\": {\"choices\": [16, 32, 64, 128, 256]}}"}
{"op_code":5,"worker_id":"547befa4-d3f5-426d-84d3-e65f6c8cc7c8-126708796380992","trial_id":267,"param_name":"n","param_value_internal":3,"distribution":"{\"name\": \"CategoricalDistribution\", \"attributes\": {\"choices\": [16, 32, 64, 128, 256]}}"}
{"op_code":5,"worker_id":"547befa4-d3f5-426d-84d3-e65f6c8cc7c8-126708796380992","trial_id":267,"param_name":"k","param_value_internal":1,"distribution":"{\"name\": \"CategoricalDistribution\", \"attributes\": {\"choices\": [16, 32, 64, 128]}}"}
{"op_code":5,"worker_id":"547befa4-d3f5-426d-84d3-e65f6c8cc7c8-126708796380992","trial_id":267,"param_name":"gx","param_value_internal":2,"distribution":"{\"name\": \"CategoricalDistribution\", \"attributes\": {\"choices\": [1, 2, 4, 8]}}"}
{"op_code":5,"worker_id":"547befa4-d3f5-426d-84d3-e65f6c8cc7c8-126708796380992","trial_id":267,"param_name":"gy","param_value_internal":1,"distribution":"{\"name\": \"CategoricalDistribution\", \"attributes\": {\"choices\": [1, 2, 4, 8]}}"}
{"op_code":5,"worker_id":"547befa4-d3f5-426d-84d3-e65f6c8cc7c8-126708796380992","trial_id":267,"param_name":"sub","param_value_internal":0,"distribution":"{\"name\": \"CategoricalDistribution\", \"attributes\": {\"choices\": [32, 64]}}"}
{"op_code":6,"worker_id":"547befa4-d3f5-426d-84d3-e65f6c8cc7c8-126708796380992","trial_id":267,"state":2,"values":null,"datetime_complete":"2026-07-24T02:25:32.497400"}
{"op_code":4,"worker_id":"547befa4-d3f5-426d-84d3-e65f6c8cc7c8-126708796380992","study_id":0,"datetime_start":"2026-07-24T02:25:32.499544"}
{"op_code":9,"worker_id":"547befa4-d3f5-426d-84d3-e65f6c8cc7c8-126708796380992","trial_id":268,"system_attr":{"tpe:relative_params:0":"{\"gx\": 2, \"gy\": 2, \"k\": 128, \"m\": 128, \"n\": 128, \"sub\": 64}"}}
{"op_code":5,"worker_id":"547befa4-d3f5-426d-84d3-e65f6c8cc7c8-126708796380992","trial_id":268,"param_name":"m","param_value_internal":3,"distribution":"{\"name\": \"CategoricalDistribution\", \"attributes\": {\"choices\": [16, 32, 64, 128, 256]}}"}
{"op_code":5,"worker_id":"547befa4-d3f5-426d-84d3-e65f6c8cc7c8-126708796380992","trial_id":268,"param_name":"n","param_value_internal":3,"distribution":"{\"name\": \"CategoricalDistribution\", \"attributes\": {\"choices\": [16, 32, 64, 128, 256]}}"}
{"op_code":5,"worker_id":"547befa4-d3f5-426d-84d3-e65f6c8cc7c8-126708796380992","trial_id":268,"param_name":"k","param_value_internal":3,"distribution":"{\"name\": \"CategoricalDistribution\", \"attributes\": {\"choices\": [16, 32, 64, 128]}}"}
{"op_code":5,"worker_id":"547befa4-d3f5-426d-84d3-e65f6c8cc7c8-126708796380992","trial_id":268,"param_name":"gx","param_value_internal":1,"distribution":"{\"name\": \"CategoricalDistribution\", \"attributes\": {\"choices\": [1, 2, 4, 8]}}"}
{"op_code":5,"worker_id":"547befa4-d3f5-426d-84d3-e65f6c8cc7c8-126708796380992","trial_id":268,"param_name":"gy","param_value_internal":1,"distribution":"{\"name\": \"CategoricalDistribution\", \"attributes\": {\"choices\": [1, 2, 4, 8]}}"}
{"op_code":5,"worker_id":"547befa4-d3f5-426d-84d3-e65f6c8cc7c8-126708796380992","trial_id":268,"param_name":"sub","param_value_internal":1,"distribution":"{\"name\": \"CategoricalDistribution\", \"attributes\": {\"choices\": [32, 64]}}"}
{"op_code":6,"worker_id":"547befa4-d3f5-426d-84d3-e65f6c8cc7c8-126708796380992","trial_id":268,"state":2,"values":null,"datetime_complete":"2026-07-24T02:25:32.524201"}
{"op_code":4,"worker_id":"547befa4-d3f5-426d-84d3-e65f6c8cc7c8-126708796380992","study_id":0,"datetime_start":"2026-07-24T02:25:32.526180"}
{"op_code":9,"worker_id":"547befa4-d3f5-426d-84d3-e65f6c8cc7c8-126708796380992","trial_id":269,"system_attr":{"tpe:relative_params:0":"{\"gx\": 2, \"gy\": 1, \"k\": 32, \"m\": 256, \"n\": 32, \"sub\": 64}"}}
{"op_code":5,"worker_id":"547befa4-d3f5-426d-84d3-e65f6c8cc7c8-126708796380992","trial_id":269,"param_name":"m","param_value_internal":4,"distribution":"{\"name\": \"CategoricalDistribution\", \"attributes\": {\"choices\": [16, 32, 64, 128, 256]}}"}
{"op_code":5,"worker_id":"547befa4-d3f5-426d-84d3-e65f6c8cc7c8-126708796380992","trial_id":269,"param_name":"n","param_value_internal":1,"distribution":"{\"name\": \"CategoricalDistribution\", \"attributes\": {\"choices\": [16, 32, 64, 128, 256]}}"}
{"op_code":5,"worker_id":"547befa4-d3f5-426d-84d3-e65f6c8cc7c8-126708796380992","trial_id":269,"param_name":"k","param_value_internal":1,"distribution":"{\"name\": \"CategoricalDistribution\", \"attributes\": {\"choices\": [16, 32, 64, 128]}}"}
{"op_code":5,"worker_id":"547befa4-d3f5-426d-84d3-e65f6c8cc7c8-126708796380992","trial_id":269,"param_name":"gx","param_value_internal":1,"distribution":"{\"name\": \"CategoricalDistribution\", \"attributes\": {\"choices\": [1, 2, 4, 8]}}"}
{"op_code":5,"worker_id":"547befa4-d3f5-426d-84d3-e65f6c8cc7c8-126708796380992","trial_id":269,"param_name":"gy","param_value_internal":0,"distribution":"{\"name\": \"CategoricalDistribution\", \"attributes\": {\"choices\": [1, 2, 4, 8]}}"}
{"op_code":5,"worker_id":"547befa4-d3f5-426d-84d3-e65f6c8cc7c8-126708796380992","trial_id":269,"param_name":"sub","param_value_internal":1,"distribution":"{\"name\": \"CategoricalDistribution\", \"attributes\": {\"choices\": [32, 64]}}"}
{"op_code":8,"worker_id":"547befa4-d3f5-426d-84d3-e65f6c8cc7c8-126708796380992","trial_id":269,"user_attr":{"token":"tsweep_t256x32k32g21s64"}}
{"op_code":4,"worker_id":"547befa4-d3f5-426d-84d3-e65f6c8cc7c8-126708796380992","study_id":0,"datetime_start":"2026-07-24T02:25:32.549158"}
{"op_code":9,"worker_id":"547befa4-d3f5-426d-84d3-e65f6c8cc7c8-126708796380992","trial_id":270,"system_attr":{"tpe:relative_params:0":"{\"gx\": 1, \"gy\": 2, \"k\": 16, \"m\": 64, \"n\": 128, \"sub\": 64}"}}
{"op_code":5,"worker_id":"547befa4-d3f5-426d-84d3-e65f6c8cc7c8-126708796380992","trial_id":270,"param_name":"m","param_value_internal":2,"distribution":"{\"name\": \"CategoricalDistribution\", \"attributes\": {\"choices\": [16, 32, 64, 128, 256]}}"}
{"op_code":5,"worker_id":"547befa4-d3f5-426d-84d3-e65f6c8cc7c8-126708796380992","trial_id":270,"param_name":"n","param_value_internal":3,"distribution":"{\"name\": \"CategoricalDistribution\", \"attributes\": {\"choices\": [16, 32, 64, 128, 256]}}"}
{"op_code":5,"worker_id":"547befa4-d3f5-426d-84d3-e65f6c8cc7c8-126708796380992","trial_id":270,"param_name":"k","param_value_internal":0,"distribution":"{\"name\": \"CategoricalDistribution\", \"attributes\": {\"choices\": [16, 32, 64, 128]}}"}
{"op_code":5,"worker_id":"547befa4-d3f5-426d-84d3-e65f6c8cc7c8-126708796380992","trial_id":270,"param_name":"gx","param_value_internal":0,"distribution":"{\"name\": \"CategoricalDistribution\", \"attributes\": {\"choices\": [1, 2, 4, 8]}}"}
{"op_code":5,"worker_id":"547befa4-d3f5-426d-84d3-e65f6c8cc7c8-126708796380992","trial_id":270,"param_name":"gy","param_value_internal":1,"distribution":"{\"name\": \"CategoricalDistribution\", \"attributes\": {\"choices\": [1, 2, 4, 8]}}"}
{"op_code":5,"worker_id":"547befa4-d3f5-426d-84d3-e65f6c8cc7c8-126708796380992","trial_id":270,"param_name":"sub","param_value_internal":1,"distribution":"{\"name\": \"CategoricalDistribution\", \"attributes\": {\"choices\": [32, 64]}}"}
{"op_code":8,"worker_id":"547befa4-d3f5-426d-84d3-e65f6c8cc7c8-126708796380992","trial_id":270,"user_attr":{"token":"tsweep_t64x128k16g12s64"}}
{"op_code":4,"worker_id":"547befa4-d3f5-426d-84d3-e65f6c8cc7c8-126708796380992","study_id":0,"datetime_start":"2026-07-24T02:25:32.575549"}
{"op_code":9,"worker_id":"547befa4-d3f5-426d-84d3-e65f6c8cc7c8-126708796380992","trial_id":271,"system_attr":{"tpe:relative_params:0":"{\"gx\": 4, \"gy\": 8, \"k\": 32, \"m\": 64, \"n\": 32, \"sub\": 64}"}}
{"op_code":5,"worker_id":"547befa4-d3f5-426d-84d3-e65f6c8cc7c8-126708796380992","trial_id":271,"param_name":"m","param_value_internal":2,"distribution":"{\"name\": \"CategoricalDistribution\", \"attributes\": {\"choices\": [16, 32, 64, 128, 256]}}"}
{"op_code":5,"worker_id":"547befa4-d3f5-426d-84d3-e65f6c8cc7c8-126708796380992","trial_id":271,"param_name":"n","param_value_internal":1,"distribution":"{\"name\": \"CategoricalDistribution\", \"attributes\": {\"choices\": [16, 32, 64, 128, 256]}}"}
{"op_code":5,"worker_id":"547befa4-d3f5-426d-84d3-e65f6c8cc7c8-126708796380992","trial_id":271,"param_name":"k","param_value_internal":1,"distribution":"{\"name\": \"CategoricalDistribution\", \"attributes\": {\"choices\": [16, 32, 64, 128]}}"}
{"op_code":5,"worker_id":"547befa4-d3f5-426d-84d3-e65f6c8cc7c8-126708796380992","trial_id":271,"param_name":"gx","param_value_internal":2,"distribution":"{\"name\": \"CategoricalDistribution\", \"attributes\": {\"choices\": [1, 2, 4, 8]}}"}
{"op_code":5,"worker_id":"547befa4-d3f5-426d-84d3-e65f6c8cc7c8-126708796380992","trial_id":271,"param_name":"gy","param_value_internal":3,"distribution":"{\"name\": \"CategoricalDistribution\", \"attributes\": {\"choices\": [1, 2, 4, 8]}}"}
{"op_code":5,"worker_id":"547befa4-d3f5-426d-84d3-e65f6c8cc7c8-126708796380992","trial_id":271,"param_name":"sub","param_value_internal":1,"distribution":"{\"name\": \"CategoricalDistribution\", \"attributes\": {\"choices\": [32, 64]}}"}
{"op_code":6,"worker_id":"547befa4-d3f5-426d-84d3-e65f6c8cc7c8-126708796380992","trial_id":271,"state":2,"values":null,"datetime_complete":"2026-07-24T02:25:32.598380"}
{"op_code":4,"worker_id":"547befa4-d3f5-426d-84d3-e65f6c8cc7c8-126708796380992","study_id":0,"datetime_start":"2026-07-24T02:25:32.600457"}
{"op_code":9,"worker_id":"547befa4-d3f5-426d-84d3-e65f6c8cc7c8-126708796380992","trial_id":272,"system_attr":{"tpe:relative_params:0":"{\"gx\": 2, \"gy\": 1, \"k\": 32, \"m\": 64, \"n\": 64, \"sub\": 64}"}}
{"op_code":5,"worker_id":"547befa4-d3f5-426d-84d3-e65f6c8cc7c8-126708796380992","trial_id":272,"param_name":"m","param_value_internal":2,"distribution":"{\"name\": \"CategoricalDistribution\", \"attributes\": {\"choices\": [16, 32, 64, 128, 256]}}"}
{"op_code":5,"worker_id":"547befa4-d3f5-426d-84d3-e65f6c8cc7c8-126708796380992","trial_id":272,"param_name":"n","param_value_internal":2,"distribution":"{\"name\": \"CategoricalDistribution\", \"attributes\": {\"choices\": [16, 32, 64, 128, 256]}}"}
{"op_code":5,"worker_id":"547befa4-d3f5-426d-84d3-e65f6c8cc7c8-126708796380992","trial_id":272,"param_name":"k","param_value_internal":1,"distribution":"{\"name\": \"CategoricalDistribution\", \"attributes\": {\"choices\": [16, 32, 64, 128]}}"}
{"op_code":5,"worker_id":"547befa4-d3f5-426d-84d3-e65f6c8cc7c8-126708796380992","trial_id":272,"param_name":"gx","param_value_internal":1,"distribution":"{\"name\": \"CategoricalDistribution\", \"attributes\": {\"choices\": [1, 2, 4, 8]}}"}
{"op_code":5,"worker_id":"547befa4-d3f5-426d-84d3-e65f6c8cc7c8-126708796380992","trial_id":272,"param_name":"gy","param_value_internal":0,"distribution":"{\"name\": \"CategoricalDistribution\", \"attributes\": {\"choices\": [1, 2, 4, 8]}}"}
{"op_code":5,"worker_id":"547befa4-d3f5-426d-84d3-e65f6c8cc7c8-126708796380992","trial_id":272,"param_name":"sub","param_value_internal":1,"distribution":"{\"name\": \"CategoricalDistribution\", \"attributes\": {\"choices\": [32, 64]}}"}
{"op_code":8,"worker_id":"547befa4-d3f5-426d-84d3-e65f6c8cc7c8-126708796380992","trial_id":272,"user_attr":{"token":"tsweep_t64x64k32g21s64"}}
{"op_code":4,"worker_id":"547befa4-d3f5-426d-84d3-e65f6c8cc7c8-126708796380992","study_id":0,"datetime_start":"2026-07-24T02:25:32.625960"}
{"op_code":9,"worker_id":"547befa4-d3f5-426d-84d3-e65f6c8cc7c8-126708796380992","trial_id":273,"system_attr":{"tpe:relative_params:0":"{\"gx\": 2, \"gy\": 2, \"k\": 32, \"m\": 64, \"n\": 16, \"sub\": 64}"}}
{"op_code":5,"worker_id":"547befa4-d3f5-426d-84d3-e65f6c8cc7c8-126708796380992","trial_id":273,"param_name":"m","param_value_internal":2,"distribution":"{\"name\": \"CategoricalDistribution\", \"attributes\": {\"choices\": [16, 32, 64, 128, 256]}}"}
{"op_code":5,"worker_id":"547befa4-d3f5-426d-84d3-e65f6c8cc7c8-126708796380992","trial_id":273,"param_name":"n","param_value_internal":0,"distribution":"{\"name\": \"CategoricalDistribution\", \"attributes\": {\"choices\": [16, 32, 64, 128, 256]}}"}
{"op_code":5,"worker_id":"547befa4-d3f5-426d-84d3-e65f6c8cc7c8-126708796380992","trial_id":273,"param_name":"k","param_value_internal":1,"distribution":"{\"name\": \"CategoricalDistribution\", \"attributes\": {\"choices\": [16, 32, 64, 128]}}"}
{"op_code":5,"worker_id":"547befa4-d3f5-426d-84d3-e65f6c8cc7c8-126708796380992","trial_id":273,"param_name":"gx","param_value_internal":1,"distribution":"{\"name\": \"CategoricalDistribution\", \"attributes\": {\"choices\": [1, 2, 4, 8]}}"}
{"op_code":5,"worker_id":"547befa4-d3f5-426d-84d3-e65f6c8cc7c8-126708796380992","trial_id":273,"param_name":"gy","param_value_internal":1,"distribution":"{\"name\": \"CategoricalDistribution\", \"attributes\": {\"choices\": [1, 2, 4, 8]}}"}
{"op_code":5,"worker_id":"547befa4-d3f5-426d-84d3-e65f6c8cc7c8-126708796380992","trial_id":273,"param_name":"sub","param_value_internal":1,"distribution":"{\"name\": \"CategoricalDistribution\", \"attributes\": {\"choices\": [32, 64]}}"}
{"op_code":6,"worker_id":"547befa4-d3f5-426d-84d3-e65f6c8cc7c8-126708796380992","trial_id":273,"state":2,"values":null,"datetime_complete":"2026-07-24T02:25:32.652552"}
{"op_code":4,"worker_id":"547befa4-d3f5-426d-84d3-e65f6c8cc7c8-126708796380992","study_id":0,"datetime_start":"2026-07-24T02:25:32.654669"}
{"op_code":9,"worker_id":"547befa4-d3f5-426d-84d3-e65f6c8cc7c8-126708796380992","trial_id":274,"system_attr":{"tpe:relative_params:0":"{\"gx\": 2, \"gy\": 8, \"k\": 64, \"m\": 64, \"n\": 32, \"sub\": 64}"}}
{"op_code":5,"worker_id":"547befa4-d3f5-426d-84d3-e65f6c8cc7c8-126708796380992","trial_id":274,"param_name":"m","param_value_internal":2,"distribution":"{\"name\": \"CategoricalDistribution\", \"attributes\": {\"choices\": [16, 32, 64, 128, 256]}}"}
{"op_code":5,"worker_id":"547befa4-d3f5-426d-84d3-e65f6c8cc7c8-126708796380992","trial_id":274,"param_name":"n","param_value_internal":1,"distribution":"{\"name\": \"CategoricalDistribution\", \"attributes\": {\"choices\": [16, 32, 64, 128, 256]}}"}
{"op_code":5,"worker_id":"547befa4-d3f5-426d-84d3-e65f6c8cc7c8-126708796380992","trial_id":274,"param_name":"k","param_value_internal":2,"distribution":"{\"name\": \"CategoricalDistribution\", \"attributes\": {\"choices\": [16, 32, 64, 128]}}"}
{"op_code":5,"worker_id":"547befa4-d3f5-426d-84d3-e65f6c8cc7c8-126708796380992","trial_id":274,"param_name":"gx","param_value_internal":1,"distribution":"{\"name\": \"CategoricalDistribution\", \"attributes\": {\"choices\": [1, 2, 4, 8]}}"}
{"op_code":5,"worker_id":"547befa4-d3f5-426d-84d3-e65f6c8cc7c8-126708796380992","trial_id":274,"param_name":"gy","param_value_internal":3,"distribution":"{\"name\": \"CategoricalDistribution\", \"attributes\": {\"choices\": [1, 2, 4, 8]}}"}
{"op_code":5,"worker_id":"547befa4-d3f5-426d-84d3-e65f6c8cc7c8-126708796380992","trial_id":274,"param_name":"sub","param_value_internal":1,"distribution":"{\"name\": \"CategoricalDistribution\", \"attributes\": {\"choices\": [32, 64]}}"}
{"op_code":6,"worker_id":"547befa4-d3f5-426d-84d3-e65f6c8cc7c8-126708796380992","trial_id":274,"state":2,"values":null,"datetime_complete":"2026-07-24T02:25:32.680499"}
{"op_code":4,"worker_id":"547befa4-d3f5-426d-84d3-e65f6c8cc7c8-126708796380992","study_id":0,"datetime_start":"2026-07-24T02:25:32.682713"}
{"op_code":9,"worker_id":"547befa4-d3f5-426d-84d3-e65f6c8cc7c8-126708796380992","trial_id":275,"system_attr":{"tpe:relative_params:0":"{\"gx\": 2, \"gy\": 2, \"k\": 16, \"m\": 16, \"n\": 64, \"sub\": 64}"}}
{"op_code":5,"worker_id":"547befa4-d3f5-426d-84d3-e65f6c8cc7c8-126708796380992","trial_id":275,"param_name":"m","param_value_internal":0,"distribution":"{\"name\": \"CategoricalDistribution\", \"attributes\": {\"choices\": [16, 32, 64, 128, 256]}}"}
{"op_code":5,"worker_id":"547befa4-d3f5-426d-84d3-e65f6c8cc7c8-126708796380992","trial_id":275,"param_name":"n","param_value_internal":2,"distribution":"{\"name\": \"CategoricalDistribution\", \"attributes\": {\"choices\": [16, 32, 64, 128, 256]}}"}
{"op_code":5,"worker_id":"547befa4-d3f5-426d-84d3-e65f6c8cc7c8-126708796380992","trial_id":275,"param_name":"k","param_value_internal":0,"distribution":"{\"name\": \"CategoricalDistribution\", \"attributes\": {\"choices\": [16, 32, 64, 128]}}"}
{"op_code":5,"worker_id":"547befa4-d3f5-426d-84d3-e65f6c8cc7c8-126708796380992","trial_id":275,"param_name":"gx","param_value_internal":1,"distribution":"{\"name\": \"CategoricalDistribution\", \"attributes\": {\"choices\": [1, 2, 4, 8]}}"}
{"op_code":5,"worker_id":"547befa4-d3f5-426d-84d3-e65f6c8cc7c8-126708796380992","trial_id":275,"param_name":"gy","param_value_internal":1,"distribution":"{\"name\": \"CategoricalDistribution\", \"attributes\": {\"choices\": [1, 2, 4, 8]}}"}
{"op_code":5,"worker_id":"547befa4-d3f5-426d-84d3-e65f6c8cc7c8-126708796380992","trial_id":275,"param_name":"sub","param_value_internal":1,"distribution":"{\"name\": \"CategoricalDistribution\", \"attributes\": {\"choices\": [32, 64]}}"}
{"op_code":6,"worker_id":"547befa4-d3f5-426d-84d3-e65f6c8cc7c8-126708796380992","trial_id":275,"state":2,"values":null,"datetime_complete":"2026-07-24T02:25:32.708057"}
{"op_code":4,"worker_id":"547befa4-d3f5-426d-84d3-e65f6c8cc7c8-126708796380992","study_id":0,"datetime_start":"2026-07-24T02:25:32.710180"}
{"op_code":9,"worker_id":"547befa4-d3f5-426d-84d3-e65f6c8cc7c8-126708796380992","trial_id":276,"system_attr":{"tpe:relative_params:0":"{\"gx\": 2, \"gy\": 8, \"k\": 16, \"m\": 128, \"n\": 64, \"sub\": 64}"}}
{"op_code":5,"worker_id":"547befa4-d3f5-426d-84d3-e65f6c8cc7c8-126708796380992","trial_id":276,"param_name":"m","param_value_internal":3,"distribution":"{\"name\": \"CategoricalDistribution\", \"attributes\": {\"choices\": [16, 32, 64, 128, 256]}}"}
{"op_code":5,"worker_id":"547befa4-d3f5-426d-84d3-e65f6c8cc7c8-126708796380992","trial_id":276,"param_name":"n","param_value_internal":2,"distribution":"{\"name\": \"CategoricalDistribution\", \"attributes\": {\"choices\": [16, 32, 64, 128, 256]}}"}
{"op_code":5,"worker_id":"547befa4-d3f5-426d-84d3-e65f6c8cc7c8-126708796380992","trial_id":276,"param_name":"k","param_value_internal":0,"distribution":"{\"name\": \"CategoricalDistribution\", \"attributes\": {\"choices\": [16, 32, 64, 128]}}"}
{"op_code":5,"worker_id":"547befa4-d3f5-426d-84d3-e65f6c8cc7c8-126708796380992","trial_id":276,"param_name":"gx","param_value_internal":1,"distribution":"{\"name\": \"CategoricalDistribution\", \"attributes\": {\"choices\": [1, 2, 4, 8]}}"}
{"op_code":5,"worker_id":"547befa4-d3f5-426d-84d3-e65f6c8cc7c8-126708796380992","trial_id":276,"param_name":"gy","param_value_internal":3,"distribution":"{\"name\": \"CategoricalDistribution\", \"attributes\": {\"choices\": [1, 2, 4, 8]}}"}
{"op_code":5,"worker_id":"547befa4-d3f5-426d-84d3-e65f6c8cc7c8-126708796380992","trial_id":276,"param_name":"sub","param_value_internal":1,"distribution":"{\"name\": \"CategoricalDistribution\", \"attributes\": {\"choices\": [32, 64]}}"}
{"op_code":6,"worker_id":"547befa4-d3f5-426d-84d3-e65f6c8cc7c8-126708796380992","trial_id":276,"state":2,"values":null,"datetime_complete":"2026-07-24T02:25:32.732373"}
{"op_code":4,"worker_id":"547befa4-d3f5-426d-84d3-e65f6c8cc7c8-126708796380992","study_id":0,"datetime_start":"2026-07-24T02:25:32.734434"}
{"op_code":9,"worker_id":"547befa4-d3f5-426d-84d3-e65f6c8cc7c8-126708796380992","trial_id":277,"system_attr":{"tpe:relative_params:0":"{\"gx\": 2, \"gy\": 4, \"k\": 32, \"m\": 64, \"n\": 128, \"sub\": 64}"}}
{"op_code":5,"worker_id":"547befa4-d3f5-426d-84d3-e65f6c8cc7c8-126708796380992","trial_id":277,"param_name":"m","param_value_internal":2,"distribution":"{\"name\": \"CategoricalDistribution\", \"attributes\": {\"choices\": [16, 32, 64, 128, 256]}}"}
{"op_code":5,"worker_id":"547befa4-d3f5-426d-84d3-e65f6c8cc7c8-126708796380992","trial_id":277,"param_name":"n","param_value_internal":3,"distribution":"{\"name\": \"CategoricalDistribution\", \"attributes\": {\"choices\": [16, 32, 64, 128, 256]}}"}
{"op_code":5,"worker_id":"547befa4-d3f5-426d-84d3-e65f6c8cc7c8-126708796380992","trial_id":277,"param_name":"k","param_value_internal":1,"distribution":"{\"name\": \"CategoricalDistribution\", \"attributes\": {\"choices\": [16, 32, 64, 128]}}"}
{"op_code":5,"worker_id":"547befa4-d3f5-426d-84d3-e65f6c8cc7c8-126708796380992","trial_id":277,"param_name":"gx","param_value_internal":1,"distribution":"{\"name\": \"CategoricalDistribution\", \"attributes\": {\"choices\": [1, 2, 4, 8]}}"}
{"op_code":5,"worker_id":"547befa4-d3f5-426d-84d3-e65f6c8cc7c8-126708796380992","trial_id":277,"param_name":"gy","param_value_internal":2,"distribution":"{\"name\": \"CategoricalDistribution\", \"attributes\": {\"choices\": [1, 2, 4, 8]}}"}
{"op_code":5,"worker_id":"547befa4-d3f5-426d-84d3-e65f6c8cc7c8-126708796380992","trial_id":277,"param_name":"sub","param_value_internal":1,"distribution":"{\"name\": \"CategoricalDistribution\", \"attributes\": {\"choices\": [32, 64]}}"}
{"op_code":8,"worker_id":"547befa4-d3f5-426d-84d3-e65f6c8cc7c8-126708796380992","trial_id":277,"user_attr":{"token":"tsweep_t64x128k32g24s64"}}
{"op_code":4,"worker_id":"547befa4-d3f5-426d-84d3-e65f6c8cc7c8-126708796380992","study_id":0,"datetime_start":"2026-07-24T02:25:32.760029"}
{"op_code":9,"worker_id":"547befa4-d3f5-426d-84d3-e65f6c8cc7c8-126708796380992","trial_id":278,"system_attr":{"tpe:relative_params:0":"{\"gx\": 2, \"gy\": 1, \"k\": 16, \"m\": 32, \"n\": 32, \"sub\": 64}"}}
{"op_code":5,"worker_id":"547befa4-d3f5-426d-84d3-e65f6c8cc7c8-126708796380992","trial_id":278,"param_name":"m","param_value_internal":1,"distribution":"{\"name\": \"CategoricalDistribution\", \"attributes\": {\"choices\": [16, 32, 64, 128, 256]}}"}
{"op_code":5,"worker_id":"547befa4-d3f5-426d-84d3-e65f6c8cc7c8-126708796380992","trial_id":278,"param_name":"n","param_value_internal":1,"distribution":"{\"name\": \"CategoricalDistribution\", \"attributes\": {\"choices\": [16, 32, 64, 128, 256]}}"}
{"op_code":5,"worker_id":"547befa4-d3f5-426d-84d3-e65f6c8cc7c8-126708796380992","trial_id":278,"param_name":"k","param_value_internal":0,"distribution":"{\"name\": \"CategoricalDistribution\", \"attributes\": {\"choices\": [16, 32, 64, 128]}}"}
{"op_code":5,"worker_id":"547befa4-d3f5-426d-84d3-e65f6c8cc7c8-126708796380992","trial_id":278,"param_name":"gx","param_value_internal":1,"distribution":"{\"name\": \"CategoricalDistribution\", \"attributes\": {\"choices\": [1, 2, 4, 8]}}"}
{"op_code":5,"worker_id":"547befa4-d3f5-426d-84d3-e65f6c8cc7c8-126708796380992","trial_id":278,"param_name":"gy","param_value_internal":0,"distribution":"{\"name\": \"CategoricalDistribution\", \"attributes\": {\"choices\": [1, 2, 4, 8]}}"}
{"op_code":5,"worker_id":"547befa4-d3f5-426d-84d3-e65f6c8cc7c8-126708796380992","trial_id":278,"param_name":"sub","param_value_internal":1,"distribution":"{\"name\": \"CategoricalDistribution\", \"attributes\": {\"choices\": [32, 64]}}"}
{"op_code":8,"worker_id":"547befa4-d3f5-426d-84d3-e65f6c8cc7c8-126708796380992","trial_id":278,"user_attr":{"token":"tsweep_t32x32k16g21s64"}}
{"op_code":4,"worker_id":"547befa4-d3f5-426d-84d3-e65f6c8cc7c8-126708796380992","study_id":0,"datetime_start":"2026-07-24T02:25:32.786296"}
{"op_code":9,"worker_id":"547befa4-d3f5-426d-84d3-e65f6c8cc7c8-126708796380992","trial_id":279,"system_attr":{"tpe:relative_params:0":"{\"gx\": 4, \"gy\": 8, \"k\": 64, \"m\": 64, \"n\": 128, \"sub\": 64}"}}
{"op_code":5,"worker_id":"547befa4-d3f5-426d-84d3-e65f6c8cc7c8-126708796380992","trial_id":279,"param_name":"m","param_value_internal":2,"distribution":"{\"name\": \"CategoricalDistribution\", \"attributes\": {\"choices\": [16, 32, 64, 128, 256]}}"}
{"op_code":5,"worker_id":"547befa4-d3f5-426d-84d3-e65f6c8cc7c8-126708796380992","trial_id":279,"param_name":"n","param_value_internal":3,"distribution":"{\"name\": \"CategoricalDistribution\", \"attributes\": {\"choices\": [16, 32, 64, 128, 256]}}"}
{"op_code":5,"worker_id":"547befa4-d3f5-426d-84d3-e65f6c8cc7c8-126708796380992","trial_id":279,"param_name":"k","param_value_internal":2,"distribution":"{\"name\": \"CategoricalDistribution\", \"attributes\": {\"choices\": [16, 32, 64, 128]}}"}
{"op_code":5,"worker_id":"547befa4-d3f5-426d-84d3-e65f6c8cc7c8-126708796380992","trial_id":279,"param_name":"gx","param_value_internal":2,"distribution":"{\"name\": \"CategoricalDistribution\", \"attributes\": {\"choices\": [1, 2, 4, 8]}}"}
{"op_code":5,"worker_id":"547befa4-d3f5-426d-84d3-e65f6c8cc7c8-126708796380992","trial_id":279,"param_name":"gy","param_value_internal":3,"distribution":"{\"name\": \"CategoricalDistribution\", \"attributes\": {\"choices\": [1, 2, 4, 8]}}"}
{"op_code":5,"worker_id":"547befa4-d3f5-426d-84d3-e65f6c8cc7c8-126708796380992","trial_id":279,"param_name":"sub","param_value_internal":1,"distribution":"{\"name\": \"CategoricalDistribution\", \"attributes\": {\"choices\": [32, 64]}}"}
{"op_code":6,"worker_id":"547befa4-d3f5-426d-84d3-e65f6c8cc7c8-126708796380992","trial_id":279,"state":2,"values":null,"datetime_complete":"2026-07-24T02:25:32.809402"}
{"op_code":4,"worker_id":"547befa4-d3f5-426d-84d3-e65f6c8cc7c8-126708796380992","study_id":0,"datetime_start":"2026-07-24T02:25:32.811137"}
{"op_code":9,"worker_id":"547befa4-d3f5-426d-84d3-e65f6c8cc7c8-126708796380992","trial_id":280,"system_attr":{"tpe:relative_params:0":"{\"gx\": 1, \"gy\": 2, \"k\": 32, \"m\": 32, \"n\": 64, \"sub\": 64}"}}
{"op_code":5,"worker_id":"547befa4-d3f5-426d-84d3-e65f6c8cc7c8-126708796380992","trial_id":280,"param_name":"m","param_value_internal":1,"distribution":"{\"name\": \"CategoricalDistribution\", \"attributes\": {\"choices\": [16, 32, 64, 128, 256]}}"}
{"op_code":5,"worker_id":"547befa4-d3f5-426d-84d3-e65f6c8cc7c8-126708796380992","trial_id":280,"param_name":"n","param_value_internal":2,"distribution":"{\"name\": \"CategoricalDistribution\", \"attributes\": {\"choices\": [16, 32, 64, 128, 256]}}"}
{"op_code":5,"worker_id":"547befa4-d3f5-426d-84d3-e65f6c8cc7c8-126708796380992","trial_id":280,"param_name":"k","param_value_internal":1,"distribution":"{\"name\": \"CategoricalDistribution\", \"attributes\": {\"choices\": [16, 32, 64, 128]}}"}
{"op_code":5,"worker_id":"547befa4-d3f5-426d-84d3-e65f6c8cc7c8-126708796380992","trial_id":280,"param_name":"gx","param_value_internal":0,"distribution":"{\"name\": \"CategoricalDistribution\", \"attributes\": {\"choices\": [1, 2, 4, 8]}}"}
{"op_code":5,"worker_id":"547befa4-d3f5-426d-84d3-e65f6c8cc7c8-126708796380992","trial_id":280,"param_name":"gy","param_value_internal":1,"distribution":"{\"name\": \"CategoricalDistribution\", \"attributes\": {\"choices\": [1, 2, 4, 8]}}"}
{"op_code":5,"worker_id":"547befa4-d3f5-426d-84d3-e65f6c8cc7c8-126708796380992","trial_id":280,"param_name":"sub","param_value_internal":1,"distribution":"{\"name\": \"CategoricalDistribution\", \"attributes\": {\"choices\": [32, 64]}}"}
{"op_code":8,"worker_id":"547befa4-d3f5-426d-84d3-e65f6c8cc7c8-126708796380992","trial_id":280,"user_attr":{"token":"tsweep_t32x64k32g12s64"}}
{"op_code":4,"worker_id":"547befa4-d3f5-426d-84d3-e65f6c8cc7c8-126708796380992","study_id":0,"datetime_start":"2026-07-24T02:25:32.838285"}
{"op_code":9,"worker_id":"547befa4-d3f5-426d-84d3-e65f6c8cc7c8-126708796380992","trial_id":281,"system_attr":{"tpe:relative_params:0":"{\"gx\": 4, \"gy\": 2, \"k\": 64, \"m\": 32, \"n\": 128, \"sub\": 32}"}}
{"op_code":5,"worker_id":"547befa4-d3f5-426d-84d3-e65f6c8cc7c8-126708796380992","trial_id":281,"param_name":"m","param_value_internal":1,"distribution":"{\"name\": \"CategoricalDistribution\", \"attributes\": {\"choices\": [16, 32, 64, 128, 256]}}"}
{"op_code":5,"worker_id":"547befa4-d3f5-426d-84d3-e65f6c8cc7c8-126708796380992","trial_id":281,"param_name":"n","param_value_internal":3,"distribution":"{\"name\": \"CategoricalDistribution\", \"attributes\": {\"choices\": [16, 32, 64, 128, 256]}}"}
{"op_code":5,"worker_id":"547befa4-d3f5-426d-84d3-e65f6c8cc7c8-126708796380992","trial_id":281,"param_name":"k","param_value_internal":2,"distribution":"{\"name\": \"CategoricalDistribution\", \"attributes\": {\"choices\": [16, 32, 64, 128]}}"}
{"op_code":5,"worker_id":"547befa4-d3f5-426d-84d3-e65f6c8cc7c8-126708796380992","trial_id":281,"param_name":"gx","param_value_internal":2,"distribution":"{\"name\": \"CategoricalDistribution\", \"attributes\": {\"choices\": [1, 2, 4, 8]}}"}
{"op_code":5,"worker_id":"547befa4-d3f5-426d-84d3-e65f6c8cc7c8-126708796380992","trial_id":281,"param_name":"gy","param_value_internal":1,"distribution":"{\"name\": \"CategoricalDistribution\", \"attributes\": {\"choices\": [1, 2, 4, 8]}}"}
{"op_code":5,"worker_id":"547befa4-d3f5-426d-84d3-e65f6c8cc7c8-126708796380992","trial_id":281,"param_name":"sub","param_value_internal":0,"distribution":"{\"name\": \"CategoricalDistribution\", \"attributes\": {\"choices\": [32, 64]}}"}
{"op_code":6,"worker_id":"547befa4-d3f5-426d-84d3-e65f6c8cc7c8-126708796380992","trial_id":281,"state":2,"values":null,"datetime_complete":"2026-07-24T02:25:32.862763"}
{"op_code":4,"worker_id":"547befa4-d3f5-426d-84d3-e65f6c8cc7c8-126708796380992","study_id":0,"datetime_start":"2026-07-24T02:25:32.864980"}
{"op_code":9,"worker_id":"547befa4-d3f5-426d-84d3-e65f6c8cc7c8-126708796380992","trial_id":282,"system_attr":{"tpe:relative_params:0":"{\"gx\": 4, \"gy\": 2, \"k\": 16, \"m\": 256, \"n\": 64, \"sub\": 64}"}}
{"op_code":5,"worker_id":"547befa4-d3f5-426d-84d3-e65f6c8cc7c8-126708796380992","trial_id":282,"param_name":"m","param_value_internal":4,"distribution":"{\"name\": \"CategoricalDistribution\", \"attributes\": {\"choices\": [16, 32, 64, 128, 256]}}"}
{"op_code":5,"worker_id":"547befa4-d3f5-426d-84d3-e65f6c8cc7c8-126708796380992","trial_id":282,"param_name":"n","param_value_internal":2,"distribution":"{\"name\": \"CategoricalDistribution\", \"attributes\": {\"choices\": [16, 32, 64, 128, 256]}}"}
{"op_code":5,"worker_id":"547befa4-d3f5-426d-84d3-e65f6c8cc7c8-126708796380992","trial_id":282,"param_name":"k","param_value_internal":0,"distribution":"{\"name\": \"CategoricalDistribution\", \"attributes\": {\"choices\": [16, 32, 64, 128]}}"}
{"op_code":5,"worker_id":"547befa4-d3f5-426d-84d3-e65f6c8cc7c8-126708796380992","trial_id":282,"param_name":"gx","param_value_internal":2,"distribution":"{\"name\": \"CategoricalDistribution\", \"attributes\": {\"choices\": [1, 2, 4, 8]}}"}
{"op_code":5,"worker_id":"547befa4-d3f5-426d-84d3-e65f6c8cc7c8-126708796380992","trial_id":282,"param_name":"gy","param_value_internal":1,"distribution":"{\"name\": \"CategoricalDistribution\", \"attributes\": {\"choices\": [1, 2, 4, 8]}}"}
{"op_code":5,"worker_id":"547befa4-d3f5-426d-84d3-e65f6c8cc7c8-126708796380992","trial_id":282,"param_name":"sub","param_value_internal":1,"distribution":"{\"name\": \"CategoricalDistribution\", \"attributes\": {\"choices\": [32, 64]}}"}
{"op_code":6,"worker_id":"547befa4-d3f5-426d-84d3-e65f6c8cc7c8-126708796380992","trial_id":282,"state":2,"values":null,"datetime_complete":"2026-07-24T02:25:32.890446"}
{"op_code":4,"worker_id":"547befa4-d3f5-426d-84d3-e65f6c8cc7c8-126708796380992","study_id":0,"datetime_start":"2026-07-24T02:25:32.892449"}
{"op_code":9,"worker_id":"547befa4-d3f5-426d-84d3-e65f6c8cc7c8-126708796380992","trial_id":283,"system_attr":{"tpe:relative_params:0":"{\"gx\": 8, \"gy\": 2, \"k\": 16, \"m\": 128, \"n\": 128, \"sub\": 64}"}}
{"op_code":5,"worker_id":"547befa4-d3f5-426d-84d3-e65f6c8cc7c8-126708796380992","trial_id":283,"param_name":"m","param_value_internal":3,"distribution":"{\"name\": \"CategoricalDistribution\", \"attributes\": {\"choices\": [16, 32, 64, 128, 256]}}"}
{"op_code":5,"worker_id":"547befa4-d3f5-426d-84d3-e65f6c8cc7c8-126708796380992","trial_id":283,"param_name":"n","param_value_internal":3,"distribution":"{\"name\": \"CategoricalDistribution\", \"attributes\": {\"choices\": [16, 32, 64, 128, 256]}}"}
{"op_code":5,"worker_id":"547befa4-d3f5-426d-84d3-e65f6c8cc7c8-126708796380992","trial_id":283,"param_name":"k","param_value_internal":0,"distribution":"{\"name\": \"CategoricalDistribution\", \"attributes\": {\"choices\": [16, 32, 64, 128]}}"}
{"op_code":5,"worker_id":"547befa4-d3f5-426d-84d3-e65f6c8cc7c8-126708796380992","trial_id":283,"param_name":"gx","param_value_internal":3,"distribution":"{\"name\": \"CategoricalDistribution\", \"attributes\": {\"choices\": [1, 2, 4, 8]}}"}
{"op_code":5,"worker_id":"547befa4-d3f5-426d-84d3-e65f6c8cc7c8-126708796380992","trial_id":283,"param_name":"gy","param_value_internal":1,"distribution":"{\"name\": \"CategoricalDistribution\", \"attributes\": {\"choices\": [1, 2, 4, 8]}}"}
{"op_code":5,"worker_id":"547befa4-d3f5-426d-84d3-e65f6c8cc7c8-126708796380992","trial_id":283,"param_name":"sub","param_value_internal":1,"distribution":"{\"name\": \"CategoricalDistribution\", \"attributes\": {\"choices\": [32, 64]}}"}
{"op_code":6,"worker_id":"547befa4-d3f5-426d-84d3-e65f6c8cc7c8-126708796380992","trial_id":283,"state":2,"values":null,"datetime_complete":"2026-07-24T02:25:32.917114"}
{"op_code":4,"worker_id":"547befa4-d3f5-426d-84d3-e65f6c8cc7c8-126708796380992","study_id":0,"datetime_start":"2026-07-24T02:25:32.919370"}
{"op_code":9,"worker_id":"547befa4-d3f5-426d-84d3-e65f6c8cc7c8-126708796380992","trial_id":284,"system_attr":{"tpe:relative_params:0":"{\"gx\": 4, \"gy\": 2, \"k\": 64, \"m\": 128, \"n\": 256, \"sub\": 64}"}}
{"op_code":5,"worker_id":"547befa4-d3f5-426d-84d3-e65f6c8cc7c8-126708796380992","trial_id":284,"param_name":"m","param_value_internal":3,"distribution":"{\"name\": \"CategoricalDistribution\", \"attributes\": {\"choices\": [16, 32, 64, 128, 256]}}"}
{"op_code":5,"worker_id":"547befa4-d3f5-426d-84d3-e65f6c8cc7c8-126708796380992","trial_id":284,"param_name":"n","param_value_internal":4,"distribution":"{\"name\": \"CategoricalDistribution\", \"attributes\": {\"choices\": [16, 32, 64, 128, 256]}}"}
{"op_code":5,"worker_id":"547befa4-d3f5-426d-84d3-e65f6c8cc7c8-126708796380992","trial_id":284,"param_name":"k","param_value_internal":2,"distribution":"{\"name\": \"CategoricalDistribution\", \"attributes\": {\"choices\": [16, 32, 64, 128]}}"}
{"op_code":5,"worker_id":"547befa4-d3f5-426d-84d3-e65f6c8cc7c8-126708796380992","trial_id":284,"param_name":"gx","param_value_internal":2,"distribution":"{\"name\": \"CategoricalDistribution\", \"attributes\": {\"choices\": [1, 2, 4, 8]}}"}
{"op_code":5,"worker_id":"547befa4-d3f5-426d-84d3-e65f6c8cc7c8-126708796380992","trial_id":284,"param_name":"gy","param_value_internal":1,"distribution":"{\"name\": \"CategoricalDistribution\", \"attributes\": {\"choices\": [1, 2, 4, 8]}}"}
{"op_code":5,"worker_id":"547befa4-d3f5-426d-84d3-e65f6c8cc7c8-126708796380992","trial_id":284,"param_name":"sub","param_value_internal":1,"distribution":"{\"name\": \"CategoricalDistribution\", \"attributes\": {\"choices\": [32, 64]}}"}
{"op_code":8,"worker_id":"547befa4-d3f5-426d-84d3-e65f6c8cc7c8-126708796380992","trial_id":284,"user_attr":{"token":"tsweep_t128x256k64g42s64"}}
{"op_code":4,"worker_id":"547befa4-d3f5-426d-84d3-e65f6c8cc7c8-126708796380992","study_id":0,"datetime_start":"2026-07-24T02:25:32.946359"}
{"op_code":9,"worker_id":"547befa4-d3f5-426d-84d3-e65f6c8cc7c8-126708796380992","trial_id":285,"system_attr":{"tpe:relative_params:0":"{\"gx\": 4, \"gy\": 8, \"k\": 16, \"m\": 256, \"n\": 128, \"sub\": 64}"}}
{"op_code":5,"worker_id":"547befa4-d3f5-426d-84d3-e65f6c8cc7c8-126708796380992","trial_id":285,"param_name":"m","param_value_internal":4,"distribution":"{\"name\": \"CategoricalDistribution\", \"attributes\": {\"choices\": [16, 32, 64, 128, 256]}}"}
{"op_code":5,"worker_id":"547befa4-d3f5-426d-84d3-e65f6c8cc7c8-126708796380992","trial_id":285,"param_name":"n","param_value_internal":3,"distribution":"{\"name\": \"CategoricalDistribution\", \"attributes\": {\"choices\": [16, 32, 64, 128, 256]}}"}
{"op_code":5,"worker_id":"547befa4-d3f5-426d-84d3-e65f6c8cc7c8-126708796380992","trial_id":285,"param_name":"k","param_value_internal":0,"distribution":"{\"name\": \"CategoricalDistribution\", \"attributes\": {\"choices\": [16, 32, 64, 128]}}"}
{"op_code":5,"worker_id":"547befa4-d3f5-426d-84d3-e65f6c8cc7c8-126708796380992","trial_id":285,"param_name":"gx","param_value_internal":2,"distribution":"{\"name\": \"CategoricalDistribution\", \"attributes\": {\"choices\": [1, 2, 4, 8]}}"}
{"op_code":5,"worker_id":"547befa4-d3f5-426d-84d3-e65f6c8cc7c8-126708796380992","trial_id":285,"param_name":"gy","param_value_internal":3,"distribution":"{\"name\": \"CategoricalDistribution\", \"attributes\": {\"choices\": [1, 2, 4, 8]}}"}
{"op_code":5,"worker_id":"547befa4-d3f5-426d-84d3-e65f6c8cc7c8-126708796380992","trial_id":285,"param_name":"sub","param_value_internal":1,"distribution":"{\"name\": \"CategoricalDistribution\", \"attributes\": {\"choices\": [32, 64]}}"}
{"op_code":6,"worker_id":"547befa4-d3f5-426d-84d3-e65f6c8cc7c8-126708796380992","trial_id":285,"state":2,"values":null,"datetime_complete":"2026-07-24T02:25:32.975932"}
{"op_code":4,"worker_id":"547befa4-d3f5-426d-84d3-e65f6c8cc7c8-126708796380992","study_id":0,"datetime_start":"2026-07-24T02:25:32.978805"}
{"op_code":9,"worker_id":"547befa4-d3f5-426d-84d3-e65f6c8cc7c8-126708796380992","trial_id":286,"system_attr":{"tpe:relative_params:0":"{\"gx\": 2, \"gy\": 4, \"k\": 64, \"m\": 64, \"n\": 256, \"sub\": 64}"}}
{"op_code":5,"worker_id":"547befa4-d3f5-426d-84d3-e65f6c8cc7c8-126708796380992","trial_id":286,"param_name":"m","param_value_internal":2,"distribution":"{\"name\": \"CategoricalDistribution\", \"attributes\": {\"choices\": [16, 32, 64, 128, 256]}}"}
{"op_code":5,"worker_id":"547befa4-d3f5-426d-84d3-e65f6c8cc7c8-126708796380992","trial_id":286,"param_name":"n","param_value_internal":4,"distribution":"{\"name\": \"CategoricalDistribution\", \"attributes\": {\"choices\": [16, 32, 64, 128, 256]}}"}
{"op_code":5,"worker_id":"547befa4-d3f5-426d-84d3-e65f6c8cc7c8-126708796380992","trial_id":286,"param_name":"k","param_value_internal":2,"distribution":"{\"name\": \"CategoricalDistribution\", \"attributes\": {\"choices\": [16, 32, 64, 128]}}"}
{"op_code":5,"worker_id":"547befa4-d3f5-426d-84d3-e65f6c8cc7c8-126708796380992","trial_id":286,"param_name":"gx","param_value_internal":1,"distribution":"{\"name\": \"CategoricalDistribution\", \"attributes\": {\"choices\": [1, 2, 4, 8]}}"}
{"op_code":5,"worker_id":"547befa4-d3f5-426d-84d3-e65f6c8cc7c8-126708796380992","trial_id":286,"param_name":"gy","param_value_internal":2,"distribution":"{\"name\": \"CategoricalDistribution\", \"attributes\": {\"choices\": [1, 2, 4, 8]}}"}
{"op_code":5,"worker_id":"547befa4-d3f5-426d-84d3-e65f6c8cc7c8-126708796380992","trial_id":286,"param_name":"sub","param_value_internal":1,"distribution":"{\"name\": \"CategoricalDistribution\", \"attributes\": {\"choices\": [32, 64]}}"}
{"op_code":8,"worker_id":"547befa4-d3f5-426d-84d3-e65f6c8cc7c8-126708796380992","trial_id":286,"user_attr":{"token":"tsweep_t64x256k64g24s64"}}
{"op_code":4,"worker_id":"547befa4-d3f5-426d-84d3-e65f6c8cc7c8-126708796380992","study_id":0,"datetime_start":"2026-07-24T02:25:33.010266"}
{"op_code":9,"worker_id":"547befa4-d3f5-426d-84d3-e65f6c8cc7c8-126708796380992","trial_id":287,"system_attr":{"tpe:relative_params:0":"{\"gx\": 2, \"gy\": 2, \"k\": 32, \"m\": 16, \"n\": 32, \"sub\": 64}"}}
{"op_code":5,"worker_id":"547befa4-d3f5-426d-84d3-e65f6c8cc7c8-126708796380992","trial_id":287,"param_name":"m","param_value_internal":0,"distribution":"{\"name\": \"CategoricalDistribution\", \"attributes\": {\"choices\": [16, 32, 64, 128, 256]}}"}
{"op_code":5,"worker_id":"547befa4-d3f5-426d-84d3-e65f6c8cc7c8-126708796380992","trial_id":287,"param_name":"n","param_value_internal":1,"distribution":"{\"name\": \"CategoricalDistribution\", \"attributes\": {\"choices\": [16, 32, 64, 128, 256]}}"}
{"op_code":5,"worker_id":"547befa4-d3f5-426d-84d3-e65f6c8cc7c8-126708796380992","trial_id":287,"param_name":"k","param_value_internal":1,"distribution":"{\"name\": \"CategoricalDistribution\", \"attributes\": {\"choices\": [16, 32, 64, 128]}}"}
{"op_code":5,"worker_id":"547befa4-d3f5-426d-84d3-e65f6c8cc7c8-126708796380992","trial_id":287,"param_name":"gx","param_value_internal":1,"distribution":"{\"name\": \"CategoricalDistribution\", \"attributes\": {\"choices\": [1, 2, 4, 8]}}"}
{"op_code":5,"worker_id":"547befa4-d3f5-426d-84d3-e65f6c8cc7c8-126708796380992","trial_id":287,"param_name":"gy","param_value_internal":1,"distribution":"{\"name\": \"CategoricalDistribution\", \"attributes\": {\"choices\": [1, 2, 4, 8]}}"}
{"op_code":5,"worker_id":"547befa4-d3f5-426d-84d3-e65f6c8cc7c8-126708796380992","trial_id":287,"param_name":"sub","param_value_internal":1,"distribution":"{\"name\": \"CategoricalDistribution\", \"attributes\": {\"choices\": [32, 64]}}"}
{"op_code":6,"worker_id":"547befa4-d3f5-426d-84d3-e65f6c8cc7c8-126708796380992","trial_id":287,"state":2,"values":null,"datetime_complete":"2026-07-24T02:25:33.034418"}
{"op_code":4,"worker_id":"547befa4-d3f5-426d-84d3-e65f6c8cc7c8-126708796380992","study_id":0,"datetime_start":"2026-07-24T02:25:33.036348"}
{"op_code":9,"worker_id":"547befa4-d3f5-426d-84d3-e65f6c8cc7c8-126708796380992","trial_id":288,"system_attr":{"tpe:relative_params:0":"{\"gx\": 8, \"gy\": 2, \"k\": 32, \"m\": 128, \"n\": 64, \"sub\": 64}"}}
{"op_code":5,"worker_id":"547befa4-d3f5-426d-84d3-e65f6c8cc7c8-126708796380992","trial_id":288,"param_name":"m","param_value_internal":3,"distribution":"{\"name\": \"CategoricalDistribution\", \"attributes\": {\"choices\": [16, 32, 64, 128, 256]}}"}
{"op_code":5,"worker_id":"547befa4-d3f5-426d-84d3-e65f6c8cc7c8-126708796380992","trial_id":288,"param_name":"n","param_value_internal":2,"distribution":"{\"name\": \"CategoricalDistribution\", \"attributes\": {\"choices\": [16, 32, 64, 128, 256]}}"}
{"op_code":5,"worker_id":"547befa4-d3f5-426d-84d3-e65f6c8cc7c8-126708796380992","trial_id":288,"param_name":"k","param_value_internal":1,"distribution":"{\"name\": \"CategoricalDistribution\", \"attributes\": {\"choices\": [16, 32, 64, 128]}}"}
{"op_code":5,"worker_id":"547befa4-d3f5-426d-84d3-e65f6c8cc7c8-126708796380992","trial_id":288,"param_name":"gx","param_value_internal":3,"distribution":"{\"name\": \"CategoricalDistribution\", \"attributes\": {\"choices\": [1, 2, 4, 8]}}"}
{"op_code":5,"worker_id":"547befa4-d3f5-426d-84d3-e65f6c8cc7c8-126708796380992","trial_id":288,"param_name":"gy","param_value_internal":1,"distribution":"{\"name\": \"CategoricalDistribution\", \"attributes\": {\"choices\": [1, 2, 4, 8]}}"}
{"op_code":5,"worker_id":"547befa4-d3f5-426d-84d3-e65f6c8cc7c8-126708796380992","trial_id":288,"param_name":"sub","param_value_internal":1,"distribution":"{\"name\": \"CategoricalDistribution\", \"attributes\": {\"choices\": [32, 64]}}"}
{"op_code":6,"worker_id":"547befa4-d3f5-426d-84d3-e65f6c8cc7c8-126708796380992","trial_id":288,"state":2,"values":null,"datetime_complete":"2026-07-24T02:25:33.058008"}
{"op_code":4,"worker_id":"547befa4-d3f5-426d-84d3-e65f6c8cc7c8-126708796380992","study_id":0,"datetime_start":"2026-07-24T02:25:33.060358"}
{"op_code":9,"worker_id":"547befa4-d3f5-426d-84d3-e65f6c8cc7c8-126708796380992","trial_id":289,"system_attr":{"tpe:relative_params:0":"{\"gx\": 4, \"gy\": 8, \"k\": 32, \"m\": 128, \"n\": 64, \"sub\": 64}"}}
{"op_code":5,"worker_id":"547befa4-d3f5-426d-84d3-e65f6c8cc7c8-126708796380992","trial_id":289,"param_name":"m","param_value_internal":3,"distribution":"{\"name\": \"CategoricalDistribution\", \"attributes\": {\"choices\": [16, 32, 64, 128, 256]}}"}
{"op_code":5,"worker_id":"547befa4-d3f5-426d-84d3-e65f6c8cc7c8-126708796380992","trial_id":289,"param_name":"n","param_value_internal":2,"distribution":"{\"name\": \"CategoricalDistribution\", \"attributes\": {\"choices\": [16, 32, 64, 128, 256]}}"}
{"op_code":5,"worker_id":"547befa4-d3f5-426d-84d3-e65f6c8cc7c8-126708796380992","trial_id":289,"param_name":"k","param_value_internal":1,"distribution":"{\"name\": \"CategoricalDistribution\", \"attributes\": {\"choices\": [16, 32, 64, 128]}}"}
{"op_code":5,"worker_id":"547befa4-d3f5-426d-84d3-e65f6c8cc7c8-126708796380992","trial_id":289,"param_name":"gx","param_value_internal":2,"distribution":"{\"name\": \"CategoricalDistribution\", \"attributes\": {\"choices\": [1, 2, 4, 8]}}"}
{"op_code":5,"worker_id":"547befa4-d3f5-426d-84d3-e65f6c8cc7c8-126708796380992","trial_id":289,"param_name":"gy","param_value_internal":3,"distribution":"{\"name\": \"CategoricalDistribution\", \"attributes\": {\"choices\": [1, 2, 4, 8]}}"}
{"op_code":5,"worker_id":"547befa4-d3f5-426d-84d3-e65f6c8cc7c8-126708796380992","trial_id":289,"param_name":"sub","param_value_internal":1,"distribution":"{\"name\": \"CategoricalDistribution\", \"attributes\": {\"choices\": [32, 64]}}"}
{"op_code":6,"worker_id":"547befa4-d3f5-426d-84d3-e65f6c8cc7c8-126708796380992","trial_id":289,"state":2,"values":null,"datetime_complete":"2026-07-24T02:25:33.085332"}
{"op_code":4,"worker_id":"547befa4-d3f5-426d-84d3-e65f6c8cc7c8-126708796380992","study_id":0,"datetime_start":"2026-07-24T02:25:33.087397"}
{"op_code":9,"worker_id":"547befa4-d3f5-426d-84d3-e65f6c8cc7c8-126708796380992","trial_id":290,"system_attr":{"tpe:relative_params:0":"{\"gx\": 2, \"gy\": 2, \"k\": 64, \"m\": 64, \"n\": 32, \"sub\": 32}"}}
{"op_code":5,"worker_id":"547befa4-d3f5-426d-84d3-e65f6c8cc7c8-126708796380992","trial_id":290,"param_name":"m","param_value_internal":2,"distribution":"{\"name\": \"CategoricalDistribution\", \"attributes\": {\"choices\": [16, 32, 64, 128, 256]}}"}
{"op_code":5,"worker_id":"547befa4-d3f5-426d-84d3-e65f6c8cc7c8-126708796380992","trial_id":290,"param_name":"n","param_value_internal":1,"distribution":"{\"name\": \"CategoricalDistribution\", \"attributes\": {\"choices\": [16, 32, 64, 128, 256]}}"}
{"op_code":5,"worker_id":"547befa4-d3f5-426d-84d3-e65f6c8cc7c8-126708796380992","trial_id":290,"param_name":"k","param_value_internal":2,"distribution":"{\"name\": \"CategoricalDistribution\", \"attributes\": {\"choices\": [16, 32, 64, 128]}}"}
{"op_code":5,"worker_id":"547befa4-d3f5-426d-84d3-e65f6c8cc7c8-126708796380992","trial_id":290,"param_name":"gx","param_value_internal":1,"distribution":"{\"name\": \"CategoricalDistribution\", \"attributes\": {\"choices\": [1, 2, 4, 8]}}"}
{"op_code":5,"worker_id":"547befa4-d3f5-426d-84d3-e65f6c8cc7c8-126708796380992","trial_id":290,"param_name":"gy","param_value_internal":1,"distribution":"{\"name\": \"CategoricalDistribution\", \"attributes\": {\"choices\": [1, 2, 4, 8]}}"}
{"op_code":5,"worker_id":"547befa4-d3f5-426d-84d3-e65f6c8cc7c8-126708796380992","trial_id":290,"param_name":"sub","param_value_internal":0,"distribution":"{\"name\": \"CategoricalDistribution\", \"attributes\": {\"choices\": [32, 64]}}"}
{"op_code":6,"worker_id":"547befa4-d3f5-426d-84d3-e65f6c8cc7c8-126708796380992","trial_id":290,"state":2,"values":null,"datetime_complete":"2026-07-24T02:25:33.111357"}
{"op_code":4,"worker_id":"547befa4-d3f5-426d-84d3-e65f6c8cc7c8-126708796380992","study_id":0,"datetime_start":"2026-07-24T02:25:33.113445"}
{"op_code":9,"worker_id":"547befa4-d3f5-426d-84d3-e65f6c8cc7c8-126708796380992","trial_id":291,"system_attr":{"tpe:relative_params:0":"{\"gx\": 2, \"gy\": 1, \"k\": 16, \"m\": 64, \"n\": 128, \"sub\": 64}"}}
{"op_code":5,"worker_id":"547befa4-d3f5-426d-84d3-e65f6c8cc7c8-126708796380992","trial_id":291,"param_name":"m","param_value_internal":2,"distribution":"{\"name\": \"CategoricalDistribution\", \"attributes\": {\"choices\": [16, 32, 64, 128, 256]}}"}
{"op_code":5,"worker_id":"547befa4-d3f5-426d-84d3-e65f6c8cc7c8-126708796380992","trial_id":291,"param_name":"n","param_value_internal":3,"distribution":"{\"name\": \"CategoricalDistribution\", \"attributes\": {\"choices\": [16, 32, 64, 128, 256]}}"}
{"op_code":5,"worker_id":"547befa4-d3f5-426d-84d3-e65f6c8cc7c8-126708796380992","trial_id":291,"param_name":"k","param_value_internal":0,"distribution":"{\"name\": \"CategoricalDistribution\", \"attributes\": {\"choices\": [16, 32, 64, 128]}}"}
{"op_code":5,"worker_id":"547befa4-d3f5-426d-84d3-e65f6c8cc7c8-126708796380992","trial_id":291,"param_name":"gx","param_value_internal":1,"distribution":"{\"name\": \"CategoricalDistribution\", \"attributes\": {\"choices\": [1, 2, 4, 8]}}"}
{"op_code":5,"worker_id":"547befa4-d3f5-426d-84d3-e65f6c8cc7c8-126708796380992","trial_id":291,"param_name":"gy","param_value_internal":0,"distribution":"{\"name\": \"CategoricalDistribution\", \"attributes\": {\"choices\": [1, 2, 4, 8]}}"}
{"op_code":5,"worker_id":"547befa4-d3f5-426d-84d3-e65f6c8cc7c8-126708796380992","trial_id":291,"param_name":"sub","param_value_internal":1,"distribution":"{\"name\": \"CategoricalDistribution\", \"attributes\": {\"choices\": [32, 64]}}"}
{"op_code":8,"worker_id":"547befa4-d3f5-426d-84d3-e65f6c8cc7c8-126708796380992","trial_id":291,"user_attr":{"token":"tsweep_t64x128k16g21s64"}}
{"op_code":4,"worker_id":"547befa4-d3f5-426d-84d3-e65f6c8cc7c8-126708796380992","study_id":0,"datetime_start":"2026-07-24T02:25:33.135677"}
{"op_code":9,"worker_id":"547befa4-d3f5-426d-84d3-e65f6c8cc7c8-126708796380992","trial_id":292,"system_attr":{"tpe:relative_params:0":"{\"gx\": 2, \"gy\": 1, \"k\": 16, \"m\": 128, \"n\": 16, \"sub\": 64}"}}
{"op_code":5,"worker_id":"547befa4-d3f5-426d-84d3-e65f6c8cc7c8-126708796380992","trial_id":292,"param_name":"m","param_value_internal":3,"distribution":"{\"name\": \"CategoricalDistribution\", \"attributes\": {\"choices\": [16, 32, 64, 128, 256]}}"}
{"op_code":5,"worker_id":"547befa4-d3f5-426d-84d3-e65f6c8cc7c8-126708796380992","trial_id":292,"param_name":"n","param_value_internal":0,"distribution":"{\"name\": \"CategoricalDistribution\", \"attributes\": {\"choices\": [16, 32, 64, 128, 256]}}"}
{"op_code":5,"worker_id":"547befa4-d3f5-426d-84d3-e65f6c8cc7c8-126708796380992","trial_id":292,"param_name":"k","param_value_internal":0,"distribution":"{\"name\": \"CategoricalDistribution\", \"attributes\": {\"choices\": [16, 32, 64, 128]}}"}
{"op_code":5,"worker_id":"547befa4-d3f5-426d-84d3-e65f6c8cc7c8-126708796380992","trial_id":292,"param_name":"gx","param_value_internal":1,"distribution":"{\"name\": \"CategoricalDistribution\", \"attributes\": {\"choices\": [1, 2, 4, 8]}}"}
{"op_code":5,"worker_id":"547befa4-d3f5-426d-84d3-e65f6c8cc7c8-126708796380992","trial_id":292,"param_name":"gy","param_value_internal":0,"distribution":"{\"name\": \"CategoricalDistribution\", \"attributes\": {\"choices\": [1, 2, 4, 8]}}"}
{"op_code":5,"worker_id":"547befa4-d3f5-426d-84d3-e65f6c8cc7c8-126708796380992","trial_id":292,"param_name":"sub","param_value_internal":1,"distribution":"{\"name\": \"CategoricalDistribution\", \"attributes\": {\"choices\": [32, 64]}}"}
{"op_code":6,"worker_id":"547befa4-d3f5-426d-84d3-e65f6c8cc7c8-126708796380992","trial_id":292,"state":2,"values":null,"datetime_complete":"2026-07-24T02:25:33.159957"}
{"op_code":4,"worker_id":"547befa4-d3f5-426d-84d3-e65f6c8cc7c8-126708796380992","study_id":0,"datetime_start":"2026-07-24T02:25:33.161901"}
{"op_code":9,"worker_id":"547befa4-d3f5-426d-84d3-e65f6c8cc7c8-126708796380992","trial_id":293,"system_attr":{"tpe:relative_params:0":"{\"gx\": 2, \"gy\": 2, \"k\": 32, \"m\": 64, \"n\": 64, \"sub\": 64}"}}
{"op_code":5,"worker_id":"547befa4-d3f5-426d-84d3-e65f6c8cc7c8-126708796380992","trial_id":293,"param_name":"m","param_value_internal":2,"distribution":"{\"name\": \"CategoricalDistribution\", \"attributes\": {\"choices\": [16, 32, 64, 128, 256]}}"}
{"op_code":5,"worker_id":"547befa4-d3f5-426d-84d3-e65f6c8cc7c8-126708796380992","trial_id":293,"param_name":"n","param_value_internal":2,"distribution":"{\"name\": \"CategoricalDistribution\", \"attributes\": {\"choices\": [16, 32, 64, 128, 256]}}"}
{"op_code":5,"worker_id":"547befa4-d3f5-426d-84d3-e65f6c8cc7c8-126708796380992","trial_id":293,"param_name":"k","param_value_internal":1,"distribution":"{\"name\": \"CategoricalDistribution\", \"attributes\": {\"choices\": [16, 32, 64, 128]}}"}
{"op_code":5,"worker_id":"547befa4-d3f5-426d-84d3-e65f6c8cc7c8-126708796380992","trial_id":293,"param_name":"gx","param_value_internal":1,"distribution":"{\"name\": \"CategoricalDistribution\", \"attributes\": {\"choices\": [1, 2, 4, 8]}}"}
{"op_code":5,"worker_id":"547befa4-d3f5-426d-84d3-e65f6c8cc7c8-126708796380992","trial_id":293,"param_name":"gy","param_value_internal":1,"distribution":"{\"name\": \"CategoricalDistribution\", \"attributes\": {\"choices\": [1, 2, 4, 8]}}"}
{"op_code":5,"worker_id":"547befa4-d3f5-426d-84d3-e65f6c8cc7c8-126708796380992","trial_id":293,"param_name":"sub","param_value_internal":1,"distribution":"{\"name\": \"CategoricalDistribution\", \"attributes\": {\"choices\": [32, 64]}}"}
{"op_code":8,"worker_id":"547befa4-d3f5-426d-84d3-e65f6c8cc7c8-126708796380992","trial_id":293,"user_attr":{"token":"tsweep_t64x64k32g22s64"}}
{"op_code":4,"worker_id":"547befa4-d3f5-426d-84d3-e65f6c8cc7c8-126708796380992","study_id":0,"datetime_start":"2026-07-24T02:25:33.186868"}
{"op_code":9,"worker_id":"547befa4-d3f5-426d-84d3-e65f6c8cc7c8-126708796380992","trial_id":294,"system_attr":{"tpe:relative_params:0":"{\"gx\": 2, \"gy\": 2, \"k\": 16, \"m\": 128, \"n\": 32, \"sub\": 64}"}}
{"op_code":5,"worker_id":"547befa4-d3f5-426d-84d3-e65f6c8cc7c8-126708796380992","trial_id":294,"param_name":"m","param_value_internal":3,"distribution":"{\"name\": \"CategoricalDistribution\", \"attributes\": {\"choices\": [16, 32, 64, 128, 256]}}"}
{"op_code":5,"worker_id":"547befa4-d3f5-426d-84d3-e65f6c8cc7c8-126708796380992","trial_id":294,"param_name":"n","param_value_internal":1,"distribution":"{\"name\": \"CategoricalDistribution\", \"attributes\": {\"choices\": [16, 32, 64, 128, 256]}}"}
{"op_code":5,"worker_id":"547befa4-d3f5-426d-84d3-e65f6c8cc7c8-126708796380992","trial_id":294,"param_name":"k","param_value_internal":0,"distribution":"{\"name\": \"CategoricalDistribution\", \"attributes\": {\"choices\": [16, 32, 64, 128]}}"}
{"op_code":5,"worker_id":"547befa4-d3f5-426d-84d3-e65f6c8cc7c8-126708796380992","trial_id":294,"param_name":"gx","param_value_internal":1,"distribution":"{\"name\": \"CategoricalDistribution\", \"attributes\": {\"choices\": [1, 2, 4, 8]}}"}
{"op_code":5,"worker_id":"547befa4-d3f5-426d-84d3-e65f6c8cc7c8-126708796380992","trial_id":294,"param_name":"gy","param_value_internal":1,"distribution":"{\"name\": \"CategoricalDistribution\", \"attributes\": {\"choices\": [1, 2, 4, 8]}}"}
{"op_code":5,"worker_id":"547befa4-d3f5-426d-84d3-e65f6c8cc7c8-126708796380992","trial_id":294,"param_name":"sub","param_value_internal":1,"distribution":"{\"name\": \"CategoricalDistribution\", \"attributes\": {\"choices\": [32, 64]}}"}
{"op_code":6,"worker_id":"547befa4-d3f5-426d-84d3-e65f6c8cc7c8-126708796380992","trial_id":294,"state":2,"values":null,"datetime_complete":"2026-07-24T02:25:33.209268"}
{"op_code":4,"worker_id":"547befa4-d3f5-426d-84d3-e65f6c8cc7c8-126708796380992","study_id":0,"datetime_start":"2026-07-24T02:25:33.211320"}
{"op_code":9,"worker_id":"547befa4-d3f5-426d-84d3-e65f6c8cc7c8-126708796380992","trial_id":295,"system_attr":{"tpe:relative_params:0":"{\"gx\": 1, \"gy\": 4, \"k\": 32, \"m\": 64, \"n\": 64, \"sub\": 64}"}}
{"op_code":5,"worker_id":"547befa4-d3f5-426d-84d3-e65f6c8cc7c8-126708796380992","trial_id":295,"param_name":"m","param_value_internal":2,"distribution":"{\"name\": \"CategoricalDistribution\", \"attributes\": {\"choices\": [16, 32, 64, 128, 256]}}"}
{"op_code":5,"worker_id":"547befa4-d3f5-426d-84d3-e65f6c8cc7c8-126708796380992","trial_id":295,"param_name":"n","param_value_internal":2,"distribution":"{\"name\": \"CategoricalDistribution\", \"attributes\": {\"choices\": [16, 32, 64, 128, 256]}}"}
{"op_code":5,"worker_id":"547befa4-d3f5-426d-84d3-e65f6c8cc7c8-126708796380992","trial_id":295,"param_name":"k","param_value_internal":1,"distribution":"{\"name\": \"CategoricalDistribution\", \"attributes\": {\"choices\": [16, 32, 64, 128]}}"}
{"op_code":5,"worker_id":"547befa4-d3f5-426d-84d3-e65f6c8cc7c8-126708796380992","trial_id":295,"param_name":"gx","param_value_internal":0,"distribution":"{\"name\": \"CategoricalDistribution\", \"attributes\": {\"choices\": [1, 2, 4, 8]}}"}
{"op_code":5,"worker_id":"547befa4-d3f5-426d-84d3-e65f6c8cc7c8-126708796380992","trial_id":295,"param_name":"gy","param_value_internal":2,"distribution":"{\"name\": \"CategoricalDistribution\", \"attributes\": {\"choices\": [1, 2, 4, 8]}}"}
{"op_code":5,"worker_id":"547befa4-d3f5-426d-84d3-e65f6c8cc7c8-126708796380992","trial_id":295,"param_name":"sub","param_value_internal":1,"distribution":"{\"name\": \"CategoricalDistribution\", \"attributes\": {\"choices\": [32, 64]}}"}
{"op_code":8,"worker_id":"547befa4-d3f5-426d-84d3-e65f6c8cc7c8-126708796380992","trial_id":295,"user_attr":{"token":"tsweep_t64x64k32g14s64"}}
{"op_code":4,"worker_id":"547befa4-d3f5-426d-84d3-e65f6c8cc7c8-126708796380992","study_id":0,"datetime_start":"2026-07-24T02:25:33.238445"}
{"op_code":9,"worker_id":"547befa4-d3f5-426d-84d3-e65f6c8cc7c8-126708796380992","trial_id":296,"system_attr":{"tpe:relative_params:0":"{\"gx\": 4, \"gy\": 2, \"k\": 16, \"m\": 128, \"n\": 16, \"sub\": 64}"}}
{"op_code":5,"worker_id":"547befa4-d3f5-426d-84d3-e65f6c8cc7c8-126708796380992","trial_id":296,"param_name":"m","param_value_internal":3,"distribution":"{\"name\": \"CategoricalDistribution\", \"attributes\": {\"choices\": [16, 32, 64, 128, 256]}}"}
{"op_code":5,"worker_id":"547befa4-d3f5-426d-84d3-e65f6c8cc7c8-126708796380992","trial_id":296,"param_name":"n","param_value_internal":0,"distribution":"{\"name\": \"CategoricalDistribution\", \"attributes\": {\"choices\": [16, 32, 64, 128, 256]}}"}
{"op_code":5,"worker_id":"547befa4-d3f5-426d-84d3-e65f6c8cc7c8-126708796380992","trial_id":296,"param_name":"k","param_value_internal":0,"distribution":"{\"name\": \"CategoricalDistribution\", \"attributes\": {\"choices\": [16, 32, 64, 128]}}"}
{"op_code":5,"worker_id":"547befa4-d3f5-426d-84d3-e65f6c8cc7c8-126708796380992","trial_id":296,"param_name":"gx","param_value_internal":2,"distribution":"{\"name\": \"CategoricalDistribution\", \"attributes\": {\"choices\": [1, 2, 4, 8]}}"}
{"op_code":5,"worker_id":"547befa4-d3f5-426d-84d3-e65f6c8cc7c8-126708796380992","trial_id":296,"param_name":"gy","param_value_internal":1,"distribution":"{\"name\": \"CategoricalDistribution\", \"attributes\": {\"choices\": [1, 2, 4, 8]}}"}
{"op_code":5,"worker_id":"547befa4-d3f5-426d-84d3-e65f6c8cc7c8-126708796380992","trial_id":296,"param_name":"sub","param_value_internal":1,"distribution":"{\"name\": \"CategoricalDistribution\", \"attributes\": {\"choices\": [32, 64]}}"}
{"op_code":6,"worker_id":"547befa4-d3f5-426d-84d3-e65f6c8cc7c8-126708796380992","trial_id":296,"state":2,"values":null,"datetime_complete":"2026-07-24T02:25:33.264342"}
{"op_code":4,"worker_id":"547befa4-d3f5-426d-84d3-e65f6c8cc7c8-126708796380992","study_id":0,"datetime_start":"2026-07-24T02:25:33.266487"}
{"op_code":9,"worker_id":"547befa4-d3f5-426d-84d3-e65f6c8cc7c8-126708796380992","trial_id":297,"system_attr":{"tpe:relative_params:0":"{\"gx\": 4, \"gy\": 2, \"k\": 32, \"m\": 16, \"n\": 64, \"sub\": 64}"}}
{"op_code":5,"worker_id":"547befa4-d3f5-426d-84d3-e65f6c8cc7c8-126708796380992","trial_id":297,"param_name":"m","param_value_internal":0,"distribution":"{\"name\": \"CategoricalDistribution\", \"attributes\": {\"choices\": [16, 32, 64, 128, 256]}}"}
{"op_code":5,"worker_id":"547befa4-d3f5-426d-84d3-e65f6c8cc7c8-126708796380992","trial_id":297,"param_name":"n","param_value_internal":2,"distribution":"{\"name\": \"CategoricalDistribution\", \"attributes\": {\"choices\": [16, 32, 64, 128, 256]}}"}
{"op_code":5,"worker_id":"547befa4-d3f5-426d-84d3-e65f6c8cc7c8-126708796380992","trial_id":297,"param_name":"k","param_value_internal":1,"distribution":"{\"name\": \"CategoricalDistribution\", \"attributes\": {\"choices\": [16, 32, 64, 128]}}"}
{"op_code":5,"worker_id":"547befa4-d3f5-426d-84d3-e65f6c8cc7c8-126708796380992","trial_id":297,"param_name":"gx","param_value_internal":2,"distribution":"{\"name\": \"CategoricalDistribution\", \"attributes\": {\"choices\": [1, 2, 4, 8]}}"}
{"op_code":5,"worker_id":"547befa4-d3f5-426d-84d3-e65f6c8cc7c8-126708796380992","trial_id":297,"param_name":"gy","param_value_internal":1,"distribution":"{\"name\": \"CategoricalDistribution\", \"attributes\": {\"choices\": [1, 2, 4, 8]}}"}
{"op_code":5,"worker_id":"547befa4-d3f5-426d-84d3-e65f6c8cc7c8-126708796380992","trial_id":297,"param_name":"sub","param_value_internal":1,"distribution":"{\"name\": \"CategoricalDistribution\", \"attributes\": {\"choices\": [32, 64]}}"}
{"op_code":6,"worker_id":"547befa4-d3f5-426d-84d3-e65f6c8cc7c8-126708796380992","trial_id":297,"state":2,"values":null,"datetime_complete":"2026-07-24T02:25:33.292914"}
{"op_code":4,"worker_id":"547befa4-d3f5-426d-84d3-e65f6c8cc7c8-126708796380992","study_id":0,"datetime_start":"2026-07-24T02:25:33.295203"}
{"op_code":9,"worker_id":"547befa4-d3f5-426d-84d3-e65f6c8cc7c8-126708796380992","trial_id":298,"system_attr":{"tpe:relative_params:0":"{\"gx\": 4, \"gy\": 4, \"k\": 16, \"m\": 128, \"n\": 128, \"sub\": 64}"}}
{"op_code":5,"worker_id":"547befa4-d3f5-426d-84d3-e65f6c8cc7c8-126708796380992","trial_id":298,"param_name":"m","param_value_internal":3,"distribution":"{\"name\": \"CategoricalDistribution\", \"attributes\": {\"choices\": [16, 32, 64, 128, 256]}}"}
{"op_code":5,"worker_id":"547befa4-d3f5-426d-84d3-e65f6c8cc7c8-126708796380992","trial_id":298,"param_name":"n","param_value_internal":3,"distribution":"{\"name\": \"CategoricalDistribution\", \"attributes\": {\"choices\": [16, 32, 64, 128, 256]}}"}
{"op_code":5,"worker_id":"547befa4-d3f5-426d-84d3-e65f6c8cc7c8-126708796380992","trial_id":298,"param_name":"k","param_value_internal":0,"distribution":"{\"name\": \"CategoricalDistribution\", \"attributes\": {\"choices\": [16, 32, 64, 128]}}"}
{"op_code":5,"worker_id":"547befa4-d3f5-426d-84d3-e65f6c8cc7c8-126708796380992","trial_id":298,"param_name":"gx","param_value_internal":2,"distribution":"{\"name\": \"CategoricalDistribution\", \"attributes\": {\"choices\": [1, 2, 4, 8]}}"}
{"op_code":5,"worker_id":"547befa4-d3f5-426d-84d3-e65f6c8cc7c8-126708796380992","trial_id":298,"param_name":"gy","param_value_internal":2,"distribution":"{\"name\": \"CategoricalDistribution\", \"attributes\": {\"choices\": [1, 2, 4, 8]}}"}
{"op_code":5,"worker_id":"547befa4-d3f5-426d-84d3-e65f6c8cc7c8-126708796380992","trial_id":298,"param_name":"sub","param_value_internal":1,"distribution":"{\"name\": \"CategoricalDistribution\", \"attributes\": {\"choices\": [32, 64]}}"}
{"op_code":6,"worker_id":"547befa4-d3f5-426d-84d3-e65f6c8cc7c8-126708796380992","trial_id":298,"state":2,"values":null,"datetime_complete":"2026-07-24T02:25:33.320263"}
{"op_code":4,"worker_id":"547befa4-d3f5-426d-84d3-e65f6c8cc7c8-126708796380992","study_id":0,"datetime_start":"2026-07-24T02:25:33.322010"}
{"op_code":9,"worker_id":"547befa4-d3f5-426d-84d3-e65f6c8cc7c8-126708796380992","trial_id":299,"system_attr":{"tpe:relative_params:0":"{\"gx\": 4, \"gy\": 2, \"k\": 64, \"m\": 256, \"n\": 128, \"sub\": 64}"}}
{"op_code":5,"worker_id":"547befa4-d3f5-426d-84d3-e65f6c8cc7c8-126708796380992","trial_id":299,"param_name":"m","param_value_internal":4,"distribution":"{\"name\": \"CategoricalDistribution\", \"attributes\": {\"choices\": [16, 32, 64, 128, 256]}}"}
{"op_code":5,"worker_id":"547befa4-d3f5-426d-84d3-e65f6c8cc7c8-126708796380992","trial_id":299,"param_name":"n","param_value_internal":3,"distribution":"{\"name\": \"CategoricalDistribution\", \"attributes\": {\"choices\": [16, 32, 64, 128, 256]}}"}
{"op_code":5,"worker_id":"547befa4-d3f5-426d-84d3-e65f6c8cc7c8-126708796380992","trial_id":299,"param_name":"k","param_value_internal":2,"distribution":"{\"name\": \"CategoricalDistribution\", \"attributes\": {\"choices\": [16, 32, 64, 128]}}"}
{"op_code":5,"worker_id":"547befa4-d3f5-426d-84d3-e65f6c8cc7c8-126708796380992","trial_id":299,"param_name":"gx","param_value_internal":2,"distribution":"{\"name\": \"CategoricalDistribution\", \"attributes\": {\"choices\": [1, 2, 4, 8]}}"}
{"op_code":5,"worker_id":"547befa4-d3f5-426d-84d3-e65f6c8cc7c8-126708796380992","trial_id":299,"param_name":"gy","param_value_internal":1,"distribution":"{\"name\": \"CategoricalDistribution\", \"attributes\": {\"choices\": [1, 2, 4, 8]}}"}
{"op_code":5,"worker_id":"547befa4-d3f5-426d-84d3-e65f6c8cc7c8-126708796380992","trial_id":299,"param_name":"sub","param_value_internal":1,"distribution":"{\"name\": \"CategoricalDistribution\", \"attributes\": {\"choices\": [32, 64]}}"}
{"op_code":8,"worker_id":"547befa4-d3f5-426d-84d3-e65f6c8cc7c8-126708796380992","trial_id":299,"user_attr":{"token":"tsweep_t256x128k64g42s64"}}
{"op_code":4,"worker_id":"547befa4-d3f5-426d-84d3-e65f6c8cc7c8-126708796380992","study_id":0,"datetime_start":"2026-07-24T02:25:33.346009"}
{"op_code":9,"worker_id":"547befa4-d3f5-426d-84d3-e65f6c8cc7c8-126708796380992","trial_id":300,"system_attr":{"tpe:relative_params:0":"{\"gx\": 4, \"gy\": 1, \"k\": 16, \"m\": 32, \"n\": 128, \"sub\": 32}"}}
{"op_code":5,"worker_id":"547befa4-d3f5-426d-84d3-e65f6c8cc7c8-126708796380992","trial_id":300,"param_name":"m","param_value_internal":1,"distribution":"{\"name\": \"CategoricalDistribution\", \"attributes\": {\"choices\": [16, 32, 64, 128, 256]}}"}
{"op_code":5,"worker_id":"547befa4-d3f5-426d-84d3-e65f6c8cc7c8-126708796380992","trial_id":300,"param_name":"n","param_value_internal":3,"distribution":"{\"name\": \"CategoricalDistribution\", \"attributes\": {\"choices\": [16, 32, 64, 128, 256]}}"}
{"op_code":5,"worker_id":"547befa4-d3f5-426d-84d3-e65f6c8cc7c8-126708796380992","trial_id":300,"param_name":"k","param_value_internal":0,"distribution":"{\"name\": \"CategoricalDistribution\", \"attributes\": {\"choices\": [16, 32, 64, 128]}}"}
{"op_code":5,"worker_id":"547befa4-d3f5-426d-84d3-e65f6c8cc7c8-126708796380992","trial_id":300,"param_name":"gx","param_value_internal":2,"distribution":"{\"name\": \"CategoricalDistribution\", \"attributes\": {\"choices\": [1, 2, 4, 8]}}"}
{"op_code":5,"worker_id":"547befa4-d3f5-426d-84d3-e65f6c8cc7c8-126708796380992","trial_id":300,"param_name":"gy","param_value_internal":0,"distribution":"{\"name\": \"CategoricalDistribution\", \"attributes\": {\"choices\": [1, 2, 4, 8]}}"}
{"op_code":5,"worker_id":"547befa4-d3f5-426d-84d3-e65f6c8cc7c8-126708796380992","trial_id":300,"param_name":"sub","param_value_internal":0,"distribution":"{\"name\": \"CategoricalDistribution\", \"attributes\": {\"choices\": [32, 64]}}"}
{"op_code":6,"worker_id":"547befa4-d3f5-426d-84d3-e65f6c8cc7c8-126708796380992","trial_id":300,"state":2,"values":null,"datetime_complete":"2026-07-24T02:25:33.371043"}
{"op_code":4,"worker_id":"547befa4-d3f5-426d-84d3-e65f6c8cc7c8-126708796380992","study_id":0,"datetime_start":"2026-07-24T02:25:33.373144"}
{"op_code":9,"worker_id":"547befa4-d3f5-426d-84d3-e65f6c8cc7c8-126708796380992","trial_id":301,"system_attr":{"tpe:relative_params:0":"{\"gx\": 4, \"gy\": 2, \"k\": 32, \"m\": 128, \"n\": 32, \"sub\": 64}"}}
{"op_code":5,"worker_id":"547befa4-d3f5-426d-84d3-e65f6c8cc7c8-126708796380992","trial_id":301,"param_name":"m","param_value_internal":3,"distribution":"{\"name\": \"CategoricalDistribution\", \"attributes\": {\"choices\": [16, 32, 64, 128, 256]}}"}
{"op_code":5,"worker_id":"547befa4-d3f5-426d-84d3-e65f6c8cc7c8-126708796380992","trial_id":301,"param_name":"n","param_value_internal":1,"distribution":"{\"name\": \"CategoricalDistribution\", \"attributes\": {\"choices\": [16, 32, 64, 128, 256]}}"}
{"op_code":5,"worker_id":"547befa4-d3f5-426d-84d3-e65f6c8cc7c8-126708796380992","trial_id":301,"param_name":"k","param_value_internal":1,"distribution":"{\"name\": \"CategoricalDistribution\", \"attributes\": {\"choices\": [16, 32, 64, 128]}}"}
{"op_code":5,"worker_id":"547befa4-d3f5-426d-84d3-e65f6c8cc7c8-126708796380992","trial_id":301,"param_name":"gx","param_value_internal":2,"distribution":"{\"name\": \"CategoricalDistribution\", \"attributes\": {\"choices\": [1, 2, 4, 8]}}"}
{"op_code":5,"worker_id":"547befa4-d3f5-426d-84d3-e65f6c8cc7c8-126708796380992","trial_id":301,"param_name":"gy","param_value_internal":1,"distribution":"{\"name\": \"CategoricalDistribution\", \"attributes\": {\"choices\": [1, 2, 4, 8]}}"}
{"op_code":5,"worker_id":"547befa4-d3f5-426d-84d3-e65f6c8cc7c8-126708796380992","trial_id":301,"param_name":"sub","param_value_internal":1,"distribution":"{\"name\": \"CategoricalDistribution\", \"attributes\": {\"choices\": [32, 64]}}"}
{"op_code":6,"worker_id":"547befa4-d3f5-426d-84d3-e65f6c8cc7c8-126708796380992","trial_id":301,"state":2,"values":null,"datetime_complete":"2026-07-24T02:25:33.397546"}
{"op_code":4,"worker_id":"547befa4-d3f5-426d-84d3-e65f6c8cc7c8-126708796380992","study_id":0,"datetime_start":"2026-07-24T02:25:33.399213"}
{"op_code":9,"worker_id":"547befa4-d3f5-426d-84d3-e65f6c8cc7c8-126708796380992","trial_id":302,"system_attr":{"tpe:relative_params:0":"{\"gx\": 2, \"gy\": 2, \"k\": 16, \"m\": 256, \"n\": 128, \"sub\": 64}"}}
{"op_code":5,"worker_id":"547befa4-d3f5-426d-84d3-e65f6c8cc7c8-126708796380992","trial_id":302,"param_name":"m","param_value_internal":4,"distribution":"{\"name\": \"CategoricalDistribution\", \"attributes\": {\"choices\": [16, 32, 64, 128, 256]}}"}
{"op_code":5,"worker_id":"547befa4-d3f5-426d-84d3-e65f6c8cc7c8-126708796380992","trial_id":302,"param_name":"n","param_value_internal":3,"distribution":"{\"name\": \"CategoricalDistribution\", \"attributes\": {\"choices\": [16, 32, 64, 128, 256]}}"}
{"op_code":5,"worker_id":"547befa4-d3f5-426d-84d3-e65f6c8cc7c8-126708796380992","trial_id":302,"param_name":"k","param_value_internal":0,"distribution":"{\"name\": \"CategoricalDistribution\", \"attributes\": {\"choices\": [16, 32, 64, 128]}}"}
{"op_code":5,"worker_id":"547befa4-d3f5-426d-84d3-e65f6c8cc7c8-126708796380992","trial_id":302,"param_name":"gx","param_value_internal":1,"distribution":"{\"name\": \"CategoricalDistribution\", \"attributes\": {\"choices\": [1, 2, 4, 8]}}"}
{"op_code":5,"worker_id":"547befa4-d3f5-426d-84d3-e65f6c8cc7c8-126708796380992","trial_id":302,"param_name":"gy","param_value_internal":1,"distribution":"{\"name\": \"CategoricalDistribution\", \"attributes\": {\"choices\": [1, 2, 4, 8]}}"}
{"op_code":5,"worker_id":"547befa4-d3f5-426d-84d3-e65f6c8cc7c8-126708796380992","trial_id":302,"param_name":"sub","param_value_internal":1,"distribution":"{\"name\": \"CategoricalDistribution\", \"attributes\": {\"choices\": [32, 64]}}"}
{"op_code":8,"worker_id":"547befa4-d3f5-426d-84d3-e65f6c8cc7c8-126708796380992","trial_id":302,"user_attr":{"token":"tsweep_t256x128k16g22s64"}}
{"op_code":4,"worker_id":"547befa4-d3f5-426d-84d3-e65f6c8cc7c8-126708796380992","study_id":0,"datetime_start":"2026-07-24T02:25:33.425563"}
{"op_code":9,"worker_id":"547befa4-d3f5-426d-84d3-e65f6c8cc7c8-126708796380992","trial_id":303,"system_attr":{"tpe:relative_params:0":"{\"gx\": 4, \"gy\": 1, \"k\": 128, \"m\": 64, \"n\": 128, \"sub\": 64}"}}
{"op_code":5,"worker_id":"547befa4-d3f5-426d-84d3-e65f6c8cc7c8-126708796380992","trial_id":303,"param_name":"m","param_value_internal":2,"distribution":"{\"name\": \"CategoricalDistribution\", \"attributes\": {\"choices\": [16, 32, 64, 128, 256]}}"}
{"op_code":5,"worker_id":"547befa4-d3f5-426d-84d3-e65f6c8cc7c8-126708796380992","trial_id":303,"param_name":"n","param_value_internal":3,"distribution":"{\"name\": \"CategoricalDistribution\", \"attributes\": {\"choices\": [16, 32, 64, 128, 256]}}"}
{"op_code":5,"worker_id":"547befa4-d3f5-426d-84d3-e65f6c8cc7c8-126708796380992","trial_id":303,"param_name":"k","param_value_internal":3,"distribution":"{\"name\": \"CategoricalDistribution\", \"attributes\": {\"choices\": [16, 32, 64, 128]}}"}
{"op_code":5,"worker_id":"547befa4-d3f5-426d-84d3-e65f6c8cc7c8-126708796380992","trial_id":303,"param_name":"gx","param_value_internal":2,"distribution":"{\"name\": \"CategoricalDistribution\", \"attributes\": {\"choices\": [1, 2, 4, 8]}}"}
{"op_code":5,"worker_id":"547befa4-d3f5-426d-84d3-e65f6c8cc7c8-126708796380992","trial_id":303,"param_name":"gy","param_value_internal":0,"distribution":"{\"name\": \"CategoricalDistribution\", \"attributes\": {\"choices\": [1, 2, 4, 8]}}"}
{"op_code":5,"worker_id":"547befa4-d3f5-426d-84d3-e65f6c8cc7c8-126708796380992","trial_id":303,"param_name":"sub","param_value_internal":1,"distribution":"{\"name\": \"CategoricalDistribution\", \"attributes\": {\"choices\": [32, 64]}}"}
{"op_code":8,"worker_id":"547befa4-d3f5-426d-84d3-e65f6c8cc7c8-126708796380992","trial_id":303,"user_attr":{"token":"tsweep_t64x128k128g41s64"}}
{"op_code":4,"worker_id":"547befa4-d3f5-426d-84d3-e65f6c8cc7c8-126708796380992","study_id":0,"datetime_start":"2026-07-24T02:25:33.448760"}
{"op_code":9,"worker_id":"547befa4-d3f5-426d-84d3-e65f6c8cc7c8-126708796380992","trial_id":304,"system_attr":{"tpe:relative_params:0":"{\"gx\": 2, \"gy\": 2, \"k\": 128, \"m\": 64, \"n\": 32, \"sub\": 64}"}}
{"op_code":5,"worker_id":"547befa4-d3f5-426d-84d3-e65f6c8cc7c8-126708796380992","trial_id":304,"param_name":"m","param_value_internal":2,"distribution":"{\"name\": \"CategoricalDistribution\", \"attributes\": {\"choices\": [16, 32, 64, 128, 256]}}"}
{"op_code":5,"worker_id":"547befa4-d3f5-426d-84d3-e65f6c8cc7c8-126708796380992","trial_id":304,"param_name":"n","param_value_internal":1,"distribution":"{\"name\": \"CategoricalDistribution\", \"attributes\": {\"choices\": [16, 32, 64, 128, 256]}}"}
{"op_code":5,"worker_id":"547befa4-d3f5-426d-84d3-e65f6c8cc7c8-126708796380992","trial_id":304,"param_name":"k","param_value_internal":3,"distribution":"{\"name\": \"CategoricalDistribution\", \"attributes\": {\"choices\": [16, 32, 64, 128]}}"}
{"op_code":5,"worker_id":"547befa4-d3f5-426d-84d3-e65f6c8cc7c8-126708796380992","trial_id":304,"param_name":"gx","param_value_internal":1,"distribution":"{\"name\": \"CategoricalDistribution\", \"attributes\": {\"choices\": [1, 2, 4, 8]}}"}
{"op_code":5,"worker_id":"547befa4-d3f5-426d-84d3-e65f6c8cc7c8-126708796380992","trial_id":304,"param_name":"gy","param_value_internal":1,"distribution":"{\"name\": \"CategoricalDistribution\", \"attributes\": {\"choices\": [1, 2, 4, 8]}}"}
{"op_code":5,"worker_id":"547befa4-d3f5-426d-84d3-e65f6c8cc7c8-126708796380992","trial_id":304,"param_name":"sub","param_value_internal":1,"distribution":"{\"name\": \"CategoricalDistribution\", \"attributes\": {\"choices\": [32, 64]}}"}
{"op_code":8,"worker_id":"547befa4-d3f5-426d-84d3-e65f6c8cc7c8-126708796380992","trial_id":304,"user_attr":{"token":"tsweep_t64x32k128g22s64"}}
{"op_code":4,"worker_id":"547befa4-d3f5-426d-84d3-e65f6c8cc7c8-126708796380992","study_id":0,"datetime_start":"2026-07-24T02:25:33.472732"}
{"op_code":9,"worker_id":"547befa4-d3f5-426d-84d3-e65f6c8cc7c8-126708796380992","trial_id":305,"system_attr":{"tpe:relative_params:0":"{\"gx\": 2, \"gy\": 2, \"k\": 64, \"m\": 32, \"n\": 16, \"sub\": 64}"}}
{"op_code":5,"worker_id":"547befa4-d3f5-426d-84d3-e65f6c8cc7c8-126708796380992","trial_id":305,"param_name":"m","param_value_internal":1,"distribution":"{\"name\": \"CategoricalDistribution\", \"attributes\": {\"choices\": [16, 32, 64, 128, 256]}}"}
{"op_code":5,"worker_id":"547befa4-d3f5-426d-84d3-e65f6c8cc7c8-126708796380992","trial_id":305,"param_name":"n","param_value_internal":0,"distribution":"{\"name\": \"CategoricalDistribution\", \"attributes\": {\"choices\": [16, 32, 64, 128, 256]}}"}
{"op_code":5,"worker_id":"547befa4-d3f5-426d-84d3-e65f6c8cc7c8-126708796380992","trial_id":305,"param_name":"k","param_value_internal":2,"distribution":"{\"name\": \"CategoricalDistribution\", \"attributes\": {\"choices\": [16, 32, 64, 128]}}"}
{"op_code":5,"worker_id":"547befa4-d3f5-426d-84d3-e65f6c8cc7c8-126708796380992","trial_id":305,"param_name":"gx","param_value_internal":1,"distribution":"{\"name\": \"CategoricalDistribution\", \"attributes\": {\"choices\": [1, 2, 4, 8]}}"}
{"op_code":5,"worker_id":"547befa4-d3f5-426d-84d3-e65f6c8cc7c8-126708796380992","trial_id":305,"param_name":"gy","param_value_internal":1,"distribution":"{\"name\": \"CategoricalDistribution\", \"attributes\": {\"choices\": [1, 2, 4, 8]}}"}
{"op_code":5,"worker_id":"547befa4-d3f5-426d-84d3-e65f6c8cc7c8-126708796380992","trial_id":305,"param_name":"sub","param_value_internal":1,"distribution":"{\"name\": \"CategoricalDistribution\", \"attributes\": {\"choices\": [32, 64]}}"}
{"op_code":6,"worker_id":"547befa4-d3f5-426d-84d3-e65f6c8cc7c8-126708796380992","trial_id":305,"state":2,"values":null,"datetime_complete":"2026-07-24T02:25:33.494184"}
{"op_code":4,"worker_id":"547befa4-d3f5-426d-84d3-e65f6c8cc7c8-126708796380992","study_id":0,"datetime_start":"2026-07-24T02:25:33.496258"}
{"op_code":9,"worker_id":"547befa4-d3f5-426d-84d3-e65f6c8cc7c8-126708796380992","trial_id":306,"system_attr":{"tpe:relative_params:0":"{\"gx\": 8, \"gy\": 1, \"k\": 32, \"m\": 64, \"n\": 128, \"sub\": 64}"}}
{"op_code":5,"worker_id":"547befa4-d3f5-426d-84d3-e65f6c8cc7c8-126708796380992","trial_id":306,"param_name":"m","param_value_internal":2,"distribution":"{\"name\": \"CategoricalDistribution\", \"attributes\": {\"choices\": [16, 32, 64, 128, 256]}}"}
{"op_code":5,"worker_id":"547befa4-d3f5-426d-84d3-e65f6c8cc7c8-126708796380992","trial_id":306,"param_name":"n","param_value_internal":3,"distribution":"{\"name\": \"CategoricalDistribution\", \"attributes\": {\"choices\": [16, 32, 64, 128, 256]}}"}
{"op_code":5,"worker_id":"547befa4-d3f5-426d-84d3-e65f6c8cc7c8-126708796380992","trial_id":306,"param_name":"k","param_value_internal":1,"distribution":"{\"name\": \"CategoricalDistribution\", \"attributes\": {\"choices\": [16, 32, 64, 128]}}"}
{"op_code":5,"worker_id":"547befa4-d3f5-426d-84d3-e65f6c8cc7c8-126708796380992","trial_id":306,"param_name":"gx","param_value_internal":3,"distribution":"{\"name\": \"CategoricalDistribution\", \"attributes\": {\"choices\": [1, 2, 4, 8]}}"}
{"op_code":5,"worker_id":"547befa4-d3f5-426d-84d3-e65f6c8cc7c8-126708796380992","trial_id":306,"param_name":"gy","param_value_internal":0,"distribution":"{\"name\": \"CategoricalDistribution\", \"attributes\": {\"choices\": [1, 2, 4, 8]}}"}
{"op_code":5,"worker_id":"547befa4-d3f5-426d-84d3-e65f6c8cc7c8-126708796380992","trial_id":306,"param_name":"sub","param_value_internal":1,"distribution":"{\"name\": \"CategoricalDistribution\", \"attributes\": {\"choices\": [32, 64]}}"}
{"op_code":8,"worker_id":"547befa4-d3f5-426d-84d3-e65f6c8cc7c8-126708796380992","trial_id":306,"user_attr":{"token":"tsweep_t64x128k32g81s64"}}
{"op_code":6,"worker_id":"547befa4-d3f5-426d-84d3-e65f6c8cc7c8-126708796380992","trial_id":269,"state":2,"values":null,"datetime_complete":"2026-07-24T02:26:15.688539"}
{"op_code":6,"worker_id":"547befa4-d3f5-426d-84d3-e65f6c8cc7c8-126708796380992","trial_id":270,"state":1,"values":[1201.88],"datetime_complete":"2026-07-24T02:26:44.312897"}
{"op_code":6,"worker_id":"547befa4-d3f5-426d-84d3-e65f6c8cc7c8-126708796380992","trial_id":272,"state":1,"values":[1309.46],"datetime_complete":"2026-07-24T02:27:11.164113"}
{"op_code":6,"worker_id":"547befa4-d3f5-426d-84d3-e65f6c8cc7c8-126708796380992","trial_id":277,"state":1,"values":[1110.63],"datetime_complete":"2026-07-24T02:27:38.344539"}
{"op_code":6,"worker_id":"547befa4-d3f5-426d-84d3-e65f6c8cc7c8-126708796380992","trial_id":278,"state":1,"values":[899.824],"datetime_complete":"2026-07-24T02:28:07.077437"}
{"op_code":6,"worker_id":"547befa4-d3f5-426d-84d3-e65f6c8cc7c8-126708796380992","trial_id":280,"state":1,"values":[1039.59],"datetime_complete":"2026-07-24T02:28:34.729670"}
{"op_code":6,"worker_id":"547befa4-d3f5-426d-84d3-e65f6c8cc7c8-126708796380992","trial_id":284,"state":2,"values":null,"datetime_complete":"2026-07-24T02:28:41.002441"}
{"op_code":6,"worker_id":"547befa4-d3f5-426d-84d3-e65f6c8cc7c8-126708796380992","trial_id":286,"state":2,"values":null,"datetime_complete":"2026-07-24T02:28:53.007355"}
{"op_code":6,"worker_id":"547befa4-d3f5-426d-84d3-e65f6c8cc7c8-126708796380992","trial_id":291,"state":1,"values":[1248.78],"datetime_complete":"2026-07-24T02:29:30.408633"}
{"op_code":6,"worker_id":"547befa4-d3f5-426d-84d3-e65f6c8cc7c8-126708796380992","trial_id":293,"state":1,"values":[1005.4],"datetime_complete":"2026-07-24T02:29:58.964911"}
{"op_code":0,"worker_id":"7aabe43f-4dbb-4140-b9a7-f204e4519bf6-128651837622080","study_name":"dq8ca_samsung-xclipse-970-maxclk","directions":[2]}
{"op_code":6,"worker_id":"547befa4-d3f5-426d-84d3-e65f6c8cc7c8-126708796380992","trial_id":295,"state":1,"values":[1288.86],"datetime_complete":"2026-07-24T02:30:24.978974"}
{"op_code":6,"worker_id":"547befa4-d3f5-426d-84d3-e65f6c8cc7c8-126708796380992","trial_id":299,"state":2,"values":null,"datetime_complete":"2026-07-24T02:30:31.383152"}
{"op_code":6,"worker_id":"547befa4-d3f5-426d-84d3-e65f6c8cc7c8-126708796380992","trial_id":302,"state":2,"values":null,"datetime_complete":"2026-07-24T02:30:43.576418"}
{"op_code":6,"worker_id":"547befa4-d3f5-426d-84d3-e65f6c8cc7c8-126708796380992","trial_id":303,"state":2,"values":null,"datetime_complete":"2026-07-24T02:30:54.756738"}
{"op_code":6,"worker_id":"547befa4-d3f5-426d-84d3-e65f6c8cc7c8-126708796380992","trial_id":304,"state":2,"values":null,"datetime_complete":"2026-07-24T02:31:05.269562"}
{"op_code":6,"worker_id":"547befa4-d3f5-426d-84d3-e65f6c8cc7c8-126708796380992","trial_id":306,"state":1,"values":[1145.41],"datetime_complete":"2026-07-24T02:31:32.899718"}
{"op_code":0,"worker_id":"89bb961d-2242-45cc-9f8d-8533a7cf6ffb-126432721758016","study_name":"dq8ca_samsung-xclipse-970-maxclk","directions":[2]}
