{"op_code":0,"worker_id":"14ccb1d8-6cd5-4d00-bc76-74a331961dd9-135760465028928","study_name":"dq8ca_dbuf4_samsung-xclipse-970-debug08-bf70c579c33-dbuf4","directions":[2]}
{"op_code":4,"worker_id":"14ccb1d8-6cd5-4d00-bc76-74a331961dd9-135760465028928","study_id":0,"datetime_start":null,"state":4,"value":null,"values":null,"distributions":{},"params":{},"user_attrs":{},"system_attrs":{"fixed_params":{"m":64,"n":32,"k":32,"gx":1,"gy":2,"sub":64}},"intermediate_values":{}}
{"op_code":6,"worker_id":"14ccb1d8-6cd5-4d00-bc76-74a331961dd9-135760465028928","trial_id":0,"state":0,"values":null,"datetime_start":"2026-08-07T13:37:20.966029"}
{"op_code":5,"worker_id":"14ccb1d8-6cd5-4d00-bc76-74a331961dd9-135760465028928","trial_id":0,"param_name":"m","param_value_internal":2,"distribution":"{\"name\": \"CategoricalDistribution\", \"attributes\": {\"choices\": [16, 32, 64, 128, 256]}}"}
{"op_code":5,"worker_id":"14ccb1d8-6cd5-4d00-bc76-74a331961dd9-135760465028928","trial_id":0,"param_name":"n","param_value_internal":1,"distribution":"{\"name\": \"CategoricalDistribution\", \"attributes\": {\"choices\": [16, 32, 64, 128, 256]}}"}
{"op_code":5,"worker_id":"14ccb1d8-6cd5-4d00-bc76-74a331961dd9-135760465028928","trial_id":0,"param_name":"k","param_value_internal":1,"distribution":"{\"name\": \"CategoricalDistribution\", \"attributes\": {\"choices\": [16, 32, 64, 128]}}"}
{"op_code":5,"worker_id":"14ccb1d8-6cd5-4d00-bc76-74a331961dd9-135760465028928","trial_id":0,"param_name":"gx","param_value_internal":0,"distribution":"{\"name\": \"CategoricalDistribution\", \"attributes\": {\"choices\": [1, 2, 4, 8]}}"}
{"op_code":5,"worker_id":"14ccb1d8-6cd5-4d00-bc76-74a331961dd9-135760465028928","trial_id":0,"param_name":"gy","param_value_internal":1,"distribution":"{\"name\": \"CategoricalDistribution\", \"attributes\": {\"choices\": [1, 2, 4, 8]}}"}
{"op_code":5,"worker_id":"14ccb1d8-6cd5-4d00-bc76-74a331961dd9-135760465028928","trial_id":0,"param_name":"sub","param_value_internal":1,"distribution":"{\"name\": \"CategoricalDistribution\", \"attributes\": {\"choices\": [32, 64]}}"}
{"op_code":8,"worker_id":"14ccb1d8-6cd5-4d00-bc76-74a331961dd9-135760465028928","trial_id":0,"user_attr":{"token":"tsweep_dbuf4_t64x32k32g12s64"}}
{"op_code":4,"worker_id":"14ccb1d8-6cd5-4d00-bc76-74a331961dd9-135760465028928","study_id":0,"datetime_start":"2026-08-07T13:37:20.979140"}
{"op_code":5,"worker_id":"14ccb1d8-6cd5-4d00-bc76-74a331961dd9-135760465028928","trial_id":1,"param_name":"m","param_value_internal":2,"distribution":"{\"name\": \"CategoricalDistribution\", \"attributes\": {\"choices\": [16, 32, 64, 128, 256]}}"}
{"op_code":5,"worker_id":"14ccb1d8-6cd5-4d00-bc76-74a331961dd9-135760465028928","trial_id":1,"param_name":"n","param_value_internal":3,"distribution":"{\"name\": \"CategoricalDistribution\", \"attributes\": {\"choices\": [16, 32, 64, 128, 256]}}"}
{"op_code":5,"worker_id":"14ccb1d8-6cd5-4d00-bc76-74a331961dd9-135760465028928","trial_id":1,"param_name":"k","param_value_internal":0,"distribution":"{\"name\": \"CategoricalDistribution\", \"attributes\": {\"choices\": [16, 32, 64, 128]}}"}
{"op_code":5,"worker_id":"14ccb1d8-6cd5-4d00-bc76-74a331961dd9-135760465028928","trial_id":1,"param_name":"gx","param_value_internal":3,"distribution":"{\"name\": \"CategoricalDistribution\", \"attributes\": {\"choices\": [1, 2, 4, 8]}}"}
{"op_code":5,"worker_id":"14ccb1d8-6cd5-4d00-bc76-74a331961dd9-135760465028928","trial_id":1,"param_name":"gy","param_value_internal":2,"distribution":"{\"name\": \"CategoricalDistribution\", \"attributes\": {\"choices\": [1, 2, 4, 8]}}"}
{"op_code":5,"worker_id":"14ccb1d8-6cd5-4d00-bc76-74a331961dd9-135760465028928","trial_id":1,"param_name":"sub","param_value_internal":0,"distribution":"{\"name\": \"CategoricalDistribution\", \"attributes\": {\"choices\": [32, 64]}}"}
{"op_code":6,"worker_id":"14ccb1d8-6cd5-4d00-bc76-74a331961dd9-135760465028928","trial_id":1,"state":2,"values":null,"datetime_complete":"2026-08-07T13:37:20.992731"}
{"op_code":4,"worker_id":"14ccb1d8-6cd5-4d00-bc76-74a331961dd9-135760465028928","study_id":0,"datetime_start":"2026-08-07T13:37:20.994751"}
{"op_code":5,"worker_id":"14ccb1d8-6cd5-4d00-bc76-74a331961dd9-135760465028928","trial_id":2,"param_name":"m","param_value_internal":0,"distribution":"{\"name\": \"CategoricalDistribution\", \"attributes\": {\"choices\": [16, 32, 64, 128, 256]}}"}
{"op_code":5,"worker_id":"14ccb1d8-6cd5-4d00-bc76-74a331961dd9-135760465028928","trial_id":2,"param_name":"n","param_value_internal":1,"distribution":"{\"name\": \"CategoricalDistribution\", \"attributes\": {\"choices\": [16, 32, 64, 128, 256]}}"}
{"op_code":5,"worker_id":"14ccb1d8-6cd5-4d00-bc76-74a331961dd9-135760465028928","trial_id":2,"param_name":"k","param_value_internal":2,"distribution":"{\"name\": \"CategoricalDistribution\", \"attributes\": {\"choices\": [16, 32, 64, 128]}}"}
{"op_code":5,"worker_id":"14ccb1d8-6cd5-4d00-bc76-74a331961dd9-135760465028928","trial_id":2,"param_name":"gx","param_value_internal":2,"distribution":"{\"name\": \"CategoricalDistribution\", \"attributes\": {\"choices\": [1, 2, 4, 8]}}"}
{"op_code":5,"worker_id":"14ccb1d8-6cd5-4d00-bc76-74a331961dd9-135760465028928","trial_id":2,"param_name":"gy","param_value_internal":0,"distribution":"{\"name\": \"CategoricalDistribution\", \"attributes\": {\"choices\": [1, 2, 4, 8]}}"}
{"op_code":5,"worker_id":"14ccb1d8-6cd5-4d00-bc76-74a331961dd9-135760465028928","trial_id":2,"param_name":"sub","param_value_internal":1,"distribution":"{\"name\": \"CategoricalDistribution\", \"attributes\": {\"choices\": [32, 64]}}"}
{"op_code":6,"worker_id":"14ccb1d8-6cd5-4d00-bc76-74a331961dd9-135760465028928","trial_id":2,"state":2,"values":null,"datetime_complete":"2026-08-07T13:37:21.008851"}
{"op_code":4,"worker_id":"14ccb1d8-6cd5-4d00-bc76-74a331961dd9-135760465028928","study_id":0,"datetime_start":"2026-08-07T13:37:21.010903"}
{"op_code":5,"worker_id":"14ccb1d8-6cd5-4d00-bc76-74a331961dd9-135760465028928","trial_id":3,"param_name":"m","param_value_internal":2,"distribution":"{\"name\": \"CategoricalDistribution\", \"attributes\": {\"choices\": [16, 32, 64, 128, 256]}}"}
{"op_code":5,"worker_id":"14ccb1d8-6cd5-4d00-bc76-74a331961dd9-135760465028928","trial_id":3,"param_name":"n","param_value_internal":4,"distribution":"{\"name\": \"CategoricalDistribution\", \"attributes\": {\"choices\": [16, 32, 64, 128, 256]}}"}
{"op_code":5,"worker_id":"14ccb1d8-6cd5-4d00-bc76-74a331961dd9-135760465028928","trial_id":3,"param_name":"k","param_value_internal":0,"distribution":"{\"name\": \"CategoricalDistribution\", \"attributes\": {\"choices\": [16, 32, 64, 128]}}"}
{"op_code":5,"worker_id":"14ccb1d8-6cd5-4d00-bc76-74a331961dd9-135760465028928","trial_id":3,"param_name":"gx","param_value_internal":3,"distribution":"{\"name\": \"CategoricalDistribution\", \"attributes\": {\"choices\": [1, 2, 4, 8]}}"}
{"op_code":5,"worker_id":"14ccb1d8-6cd5-4d00-bc76-74a331961dd9-135760465028928","trial_id":3,"param_name":"gy","param_value_internal":1,"distribution":"{\"name\": \"CategoricalDistribution\", \"attributes\": {\"choices\": [1, 2, 4, 8]}}"}
{"op_code":5,"worker_id":"14ccb1d8-6cd5-4d00-bc76-74a331961dd9-135760465028928","trial_id":3,"param_name":"sub","param_value_internal":0,"distribution":"{\"name\": \"CategoricalDistribution\", \"attributes\": {\"choices\": [32, 64]}}"}
{"op_code":8,"worker_id":"14ccb1d8-6cd5-4d00-bc76-74a331961dd9-135760465028928","trial_id":3,"user_attr":{"token":"tsweep_dbuf4_t64x256k16g82s32"}}
{"op_code":4,"worker_id":"14ccb1d8-6cd5-4d00-bc76-74a331961dd9-135760465028928","study_id":0,"datetime_start":"2026-08-07T13:37:21.027146"}
{"op_code":5,"worker_id":"14ccb1d8-6cd5-4d00-bc76-74a331961dd9-135760465028928","trial_id":4,"param_name":"m","param_value_internal":4,"distribution":"{\"name\": \"CategoricalDistribution\", \"attributes\": {\"choices\": [16, 32, 64, 128, 256]}}"}
{"op_code":5,"worker_id":"14ccb1d8-6cd5-4d00-bc76-74a331961dd9-135760465028928","trial_id":4,"param_name":"n","param_value_internal":3,"distribution":"{\"name\": \"CategoricalDistribution\", \"attributes\": {\"choices\": [16, 32, 64, 128, 256]}}"}
{"op_code":5,"worker_id":"14ccb1d8-6cd5-4d00-bc76-74a331961dd9-135760465028928","trial_id":4,"param_name":"k","param_value_internal":2,"distribution":"{\"name\": \"CategoricalDistribution\", \"attributes\": {\"choices\": [16, 32, 64, 128]}}"}
{"op_code":5,"worker_id":"14ccb1d8-6cd5-4d00-bc76-74a331961dd9-135760465028928","trial_id":4,"param_name":"gx","param_value_internal":2,"distribution":"{\"name\": \"CategoricalDistribution\", \"attributes\": {\"choices\": [1, 2, 4, 8]}}"}
{"op_code":5,"worker_id":"14ccb1d8-6cd5-4d00-bc76-74a331961dd9-135760465028928","trial_id":4,"param_name":"gy","param_value_internal":2,"distribution":"{\"name\": \"CategoricalDistribution\", \"attributes\": {\"choices\": [1, 2, 4, 8]}}"}
{"op_code":5,"worker_id":"14ccb1d8-6cd5-4d00-bc76-74a331961dd9-135760465028928","trial_id":4,"param_name":"sub","param_value_internal":0,"distribution":"{\"name\": \"CategoricalDistribution\", \"attributes\": {\"choices\": [32, 64]}}"}
{"op_code":8,"worker_id":"14ccb1d8-6cd5-4d00-bc76-74a331961dd9-135760465028928","trial_id":4,"user_attr":{"token":"tsweep_dbuf4_t256x128k64g44s32"}}
{"op_code":4,"worker_id":"14ccb1d8-6cd5-4d00-bc76-74a331961dd9-135760465028928","study_id":0,"datetime_start":"2026-08-07T13:37:21.042013"}
{"op_code":5,"worker_id":"14ccb1d8-6cd5-4d00-bc76-74a331961dd9-135760465028928","trial_id":5,"param_name":"m","param_value_internal":2,"distribution":"{\"name\": \"CategoricalDistribution\", \"attributes\": {\"choices\": [16, 32, 64, 128, 256]}}"}
{"op_code":5,"worker_id":"14ccb1d8-6cd5-4d00-bc76-74a331961dd9-135760465028928","trial_id":5,"param_name":"n","param_value_internal":2,"distribution":"{\"name\": \"CategoricalDistribution\", \"attributes\": {\"choices\": [16, 32, 64, 128, 256]}}"}
{"op_code":5,"worker_id":"14ccb1d8-6cd5-4d00-bc76-74a331961dd9-135760465028928","trial_id":5,"param_name":"k","param_value_internal":3,"distribution":"{\"name\": \"CategoricalDistribution\", \"attributes\": {\"choices\": [16, 32, 64, 128]}}"}
{"op_code":5,"worker_id":"14ccb1d8-6cd5-4d00-bc76-74a331961dd9-135760465028928","trial_id":5,"param_name":"gx","param_value_internal":2,"distribution":"{\"name\": \"CategoricalDistribution\", \"attributes\": {\"choices\": [1, 2, 4, 8]}}"}
{"op_code":5,"worker_id":"14ccb1d8-6cd5-4d00-bc76-74a331961dd9-135760465028928","trial_id":5,"param_name":"gy","param_value_internal":2,"distribution":"{\"name\": \"CategoricalDistribution\", \"attributes\": {\"choices\": [1, 2, 4, 8]}}"}
{"op_code":5,"worker_id":"14ccb1d8-6cd5-4d00-bc76-74a331961dd9-135760465028928","trial_id":5,"param_name":"sub","param_value_internal":1,"distribution":"{\"name\": \"CategoricalDistribution\", \"attributes\": {\"choices\": [32, 64]}}"}
{"op_code":8,"worker_id":"14ccb1d8-6cd5-4d00-bc76-74a331961dd9-135760465028928","trial_id":5,"user_attr":{"token":"tsweep_dbuf4_t64x64k128g44s64"}}
{"op_code":4,"worker_id":"14ccb1d8-6cd5-4d00-bc76-74a331961dd9-135760465028928","study_id":0,"datetime_start":"2026-08-07T13:37:21.056569"}
{"op_code":5,"worker_id":"14ccb1d8-6cd5-4d00-bc76-74a331961dd9-135760465028928","trial_id":6,"param_name":"m","param_value_internal":4,"distribution":"{\"name\": \"CategoricalDistribution\", \"attributes\": {\"choices\": [16, 32, 64, 128, 256]}}"}
{"op_code":5,"worker_id":"14ccb1d8-6cd5-4d00-bc76-74a331961dd9-135760465028928","trial_id":6,"param_name":"n","param_value_internal":2,"distribution":"{\"name\": \"CategoricalDistribution\", \"attributes\": {\"choices\": [16, 32, 64, 128, 256]}}"}
{"op_code":5,"worker_id":"14ccb1d8-6cd5-4d00-bc76-74a331961dd9-135760465028928","trial_id":6,"param_name":"k","param_value_internal":3,"distribution":"{\"name\": \"CategoricalDistribution\", \"attributes\": {\"choices\": [16, 32, 64, 128]}}"}
{"op_code":5,"worker_id":"14ccb1d8-6cd5-4d00-bc76-74a331961dd9-135760465028928","trial_id":6,"param_name":"gx","param_value_internal":0,"distribution":"{\"name\": \"CategoricalDistribution\", \"attributes\": {\"choices\": [1, 2, 4, 8]}}"}
{"op_code":5,"worker_id":"14ccb1d8-6cd5-4d00-bc76-74a331961dd9-135760465028928","trial_id":6,"param_name":"gy","param_value_internal":1,"distribution":"{\"name\": \"CategoricalDistribution\", \"attributes\": {\"choices\": [1, 2, 4, 8]}}"}
{"op_code":5,"worker_id":"14ccb1d8-6cd5-4d00-bc76-74a331961dd9-135760465028928","trial_id":6,"param_name":"sub","param_value_internal":1,"distribution":"{\"name\": \"CategoricalDistribution\", \"attributes\": {\"choices\": [32, 64]}}"}
{"op_code":6,"worker_id":"14ccb1d8-6cd5-4d00-bc76-74a331961dd9-135760465028928","trial_id":6,"state":2,"values":null,"datetime_complete":"2026-08-07T13:37:21.069863"}
{"op_code":4,"worker_id":"14ccb1d8-6cd5-4d00-bc76-74a331961dd9-135760465028928","study_id":0,"datetime_start":"2026-08-07T13:37:21.071886"}
{"op_code":5,"worker_id":"14ccb1d8-6cd5-4d00-bc76-74a331961dd9-135760465028928","trial_id":7,"param_name":"m","param_value_internal":4,"distribution":"{\"name\": \"CategoricalDistribution\", \"attributes\": {\"choices\": [16, 32, 64, 128, 256]}}"}
{"op_code":5,"worker_id":"14ccb1d8-6cd5-4d00-bc76-74a331961dd9-135760465028928","trial_id":7,"param_name":"n","param_value_internal":1,"distribution":"{\"name\": \"CategoricalDistribution\", \"attributes\": {\"choices\": [16, 32, 64, 128, 256]}}"}
{"op_code":5,"worker_id":"14ccb1d8-6cd5-4d00-bc76-74a331961dd9-135760465028928","trial_id":7,"param_name":"k","param_value_internal":2,"distribution":"{\"name\": \"CategoricalDistribution\", \"attributes\": {\"choices\": [16, 32, 64, 128]}}"}
{"op_code":5,"worker_id":"14ccb1d8-6cd5-4d00-bc76-74a331961dd9-135760465028928","trial_id":7,"param_name":"gx","param_value_internal":1,"distribution":"{\"name\": \"CategoricalDistribution\", \"attributes\": {\"choices\": [1, 2, 4, 8]}}"}
{"op_code":5,"worker_id":"14ccb1d8-6cd5-4d00-bc76-74a331961dd9-135760465028928","trial_id":7,"param_name":"gy","param_value_internal":0,"distribution":"{\"name\": \"CategoricalDistribution\", \"attributes\": {\"choices\": [1, 2, 4, 8]}}"}
{"op_code":5,"worker_id":"14ccb1d8-6cd5-4d00-bc76-74a331961dd9-135760465028928","trial_id":7,"param_name":"sub","param_value_internal":1,"distribution":"{\"name\": \"CategoricalDistribution\", \"attributes\": {\"choices\": [32, 64]}}"}
{"op_code":8,"worker_id":"14ccb1d8-6cd5-4d00-bc76-74a331961dd9-135760465028928","trial_id":7,"user_attr":{"token":"tsweep_dbuf4_t256x32k64g21s64"}}
{"op_code":4,"worker_id":"14ccb1d8-6cd5-4d00-bc76-74a331961dd9-135760465028928","study_id":0,"datetime_start":"2026-08-07T13:37:21.086556"}
{"op_code":5,"worker_id":"14ccb1d8-6cd5-4d00-bc76-74a331961dd9-135760465028928","trial_id":8,"param_name":"m","param_value_internal":1,"distribution":"{\"name\": \"CategoricalDistribution\", \"attributes\": {\"choices\": [16, 32, 64, 128, 256]}}"}
{"op_code":5,"worker_id":"14ccb1d8-6cd5-4d00-bc76-74a331961dd9-135760465028928","trial_id":8,"param_name":"n","param_value_internal":1,"distribution":"{\"name\": \"CategoricalDistribution\", \"attributes\": {\"choices\": [16, 32, 64, 128, 256]}}"}
{"op_code":5,"worker_id":"14ccb1d8-6cd5-4d00-bc76-74a331961dd9-135760465028928","trial_id":8,"param_name":"k","param_value_internal":1,"distribution":"{\"name\": \"CategoricalDistribution\", \"attributes\": {\"choices\": [16, 32, 64, 128]}}"}
{"op_code":5,"worker_id":"14ccb1d8-6cd5-4d00-bc76-74a331961dd9-135760465028928","trial_id":8,"param_name":"gx","param_value_internal":2,"distribution":"{\"name\": \"CategoricalDistribution\", \"attributes\": {\"choices\": [1, 2, 4, 8]}}"}
{"op_code":5,"worker_id":"14ccb1d8-6cd5-4d00-bc76-74a331961dd9-135760465028928","trial_id":8,"param_name":"gy","param_value_internal":1,"distribution":"{\"name\": \"CategoricalDistribution\", \"attributes\": {\"choices\": [1, 2, 4, 8]}}"}
{"op_code":5,"worker_id":"14ccb1d8-6cd5-4d00-bc76-74a331961dd9-135760465028928","trial_id":8,"param_name":"sub","param_value_internal":0,"distribution":"{\"name\": \"CategoricalDistribution\", \"attributes\": {\"choices\": [32, 64]}}"}
{"op_code":6,"worker_id":"14ccb1d8-6cd5-4d00-bc76-74a331961dd9-135760465028928","trial_id":8,"state":2,"values":null,"datetime_complete":"2026-08-07T13:37:21.099522"}
{"op_code":4,"worker_id":"14ccb1d8-6cd5-4d00-bc76-74a331961dd9-135760465028928","study_id":0,"datetime_start":"2026-08-07T13:37:21.101483"}
{"op_code":5,"worker_id":"14ccb1d8-6cd5-4d00-bc76-74a331961dd9-135760465028928","trial_id":9,"param_name":"m","param_value_internal":3,"distribution":"{\"name\": \"CategoricalDistribution\", \"attributes\": {\"choices\": [16, 32, 64, 128, 256]}}"}
{"op_code":5,"worker_id":"14ccb1d8-6cd5-4d00-bc76-74a331961dd9-135760465028928","trial_id":9,"param_name":"n","param_value_internal":0,"distribution":"{\"name\": \"CategoricalDistribution\", \"attributes\": {\"choices\": [16, 32, 64, 128, 256]}}"}
{"op_code":5,"worker_id":"14ccb1d8-6cd5-4d00-bc76-74a331961dd9-135760465028928","trial_id":9,"param_name":"k","param_value_internal":2,"distribution":"{\"name\": \"CategoricalDistribution\", \"attributes\": {\"choices\": [16, 32, 64, 128]}}"}
{"op_code":5,"worker_id":"14ccb1d8-6cd5-4d00-bc76-74a331961dd9-135760465028928","trial_id":9,"param_name":"gx","param_value_internal":3,"distribution":"{\"name\": \"CategoricalDistribution\", \"attributes\": {\"choices\": [1, 2, 4, 8]}}"}
{"op_code":5,"worker_id":"14ccb1d8-6cd5-4d00-bc76-74a331961dd9-135760465028928","trial_id":9,"param_name":"gy","param_value_internal":2,"distribution":"{\"name\": \"CategoricalDistribution\", \"attributes\": {\"choices\": [1, 2, 4, 8]}}"}
{"op_code":5,"worker_id":"14ccb1d8-6cd5-4d00-bc76-74a331961dd9-135760465028928","trial_id":9,"param_name":"sub","param_value_internal":0,"distribution":"{\"name\": \"CategoricalDistribution\", \"attributes\": {\"choices\": [32, 64]}}"}
{"op_code":6,"worker_id":"14ccb1d8-6cd5-4d00-bc76-74a331961dd9-135760465028928","trial_id":9,"state":2,"values":null,"datetime_complete":"2026-08-07T13:37:21.116703"}
{"op_code":4,"worker_id":"14ccb1d8-6cd5-4d00-bc76-74a331961dd9-135760465028928","study_id":0,"datetime_start":"2026-08-07T13:37:21.119343"}
{"op_code":5,"worker_id":"14ccb1d8-6cd5-4d00-bc76-74a331961dd9-135760465028928","trial_id":10,"param_name":"m","param_value_internal":0,"distribution":"{\"name\": \"CategoricalDistribution\", \"attributes\": {\"choices\": [16, 32, 64, 128, 256]}}"}
{"op_code":5,"worker_id":"14ccb1d8-6cd5-4d00-bc76-74a331961dd9-135760465028928","trial_id":10,"param_name":"n","param_value_internal":1,"distribution":"{\"name\": \"CategoricalDistribution\", \"attributes\": {\"choices\": [16, 32, 64, 128, 256]}}"}
{"op_code":5,"worker_id":"14ccb1d8-6cd5-4d00-bc76-74a331961dd9-135760465028928","trial_id":10,"param_name":"k","param_value_internal":3,"distribution":"{\"name\": \"CategoricalDistribution\", \"attributes\": {\"choices\": [16, 32, 64, 128]}}"}
{"op_code":5,"worker_id":"14ccb1d8-6cd5-4d00-bc76-74a331961dd9-135760465028928","trial_id":10,"param_name":"gx","param_value_internal":0,"distribution":"{\"name\": \"CategoricalDistribution\", \"attributes\": {\"choices\": [1, 2, 4, 8]}}"}
{"op_code":5,"worker_id":"14ccb1d8-6cd5-4d00-bc76-74a331961dd9-135760465028928","trial_id":10,"param_name":"gy","param_value_internal":3,"distribution":"{\"name\": \"CategoricalDistribution\", \"attributes\": {\"choices\": [1, 2, 4, 8]}}"}
{"op_code":5,"worker_id":"14ccb1d8-6cd5-4d00-bc76-74a331961dd9-135760465028928","trial_id":10,"param_name":"sub","param_value_internal":0,"distribution":"{\"name\": \"CategoricalDistribution\", \"attributes\": {\"choices\": [32, 64]}}"}
{"op_code":6,"worker_id":"14ccb1d8-6cd5-4d00-bc76-74a331961dd9-135760465028928","trial_id":10,"state":2,"values":null,"datetime_complete":"2026-08-07T13:37:21.136777"}
{"op_code":4,"worker_id":"14ccb1d8-6cd5-4d00-bc76-74a331961dd9-135760465028928","study_id":0,"datetime_start":"2026-08-07T13:37:21.139359"}
{"op_code":5,"worker_id":"14ccb1d8-6cd5-4d00-bc76-74a331961dd9-135760465028928","trial_id":11,"param_name":"m","param_value_internal":0,"distribution":"{\"name\": \"CategoricalDistribution\", \"attributes\": {\"choices\": [16, 32, 64, 128, 256]}}"}
{"op_code":5,"worker_id":"14ccb1d8-6cd5-4d00-bc76-74a331961dd9-135760465028928","trial_id":11,"param_name":"n","param_value_internal":1,"distribution":"{\"name\": \"CategoricalDistribution\", \"attributes\": {\"choices\": [16, 32, 64, 128, 256]}}"}
{"op_code":5,"worker_id":"14ccb1d8-6cd5-4d00-bc76-74a331961dd9-135760465028928","trial_id":11,"param_name":"k","param_value_internal":3,"distribution":"{\"name\": \"CategoricalDistribution\", \"attributes\": {\"choices\": [16, 32, 64, 128]}}"}
{"op_code":5,"worker_id":"14ccb1d8-6cd5-4d00-bc76-74a331961dd9-135760465028928","trial_id":11,"param_name":"gx","param_value_internal":0,"distribution":"{\"name\": \"CategoricalDistribution\", \"attributes\": {\"choices\": [1, 2, 4, 8]}}"}
{"op_code":5,"worker_id":"14ccb1d8-6cd5-4d00-bc76-74a331961dd9-135760465028928","trial_id":11,"param_name":"gy","param_value_internal":3,"distribution":"{\"name\": \"CategoricalDistribution\", \"attributes\": {\"choices\": [1, 2, 4, 8]}}"}
{"op_code":5,"worker_id":"14ccb1d8-6cd5-4d00-bc76-74a331961dd9-135760465028928","trial_id":11,"param_name":"sub","param_value_internal":1,"distribution":"{\"name\": \"CategoricalDistribution\", \"attributes\": {\"choices\": [32, 64]}}"}
{"op_code":6,"worker_id":"14ccb1d8-6cd5-4d00-bc76-74a331961dd9-135760465028928","trial_id":11,"state":2,"values":null,"datetime_complete":"2026-08-07T13:37:21.154087"}
{"op_code":4,"worker_id":"14ccb1d8-6cd5-4d00-bc76-74a331961dd9-135760465028928","study_id":0,"datetime_start":"2026-08-07T13:37:21.155994"}
{"op_code":5,"worker_id":"14ccb1d8-6cd5-4d00-bc76-74a331961dd9-135760465028928","trial_id":12,"param_name":"m","param_value_internal":0,"distribution":"{\"name\": \"CategoricalDistribution\", \"attributes\": {\"choices\": [16, 32, 64, 128, 256]}}"}
{"op_code":5,"worker_id":"14ccb1d8-6cd5-4d00-bc76-74a331961dd9-135760465028928","trial_id":12,"param_name":"n","param_value_internal":0,"distribution":"{\"name\": \"CategoricalDistribution\", \"attributes\": {\"choices\": [16, 32, 64, 128, 256]}}"}
{"op_code":5,"worker_id":"14ccb1d8-6cd5-4d00-bc76-74a331961dd9-135760465028928","trial_id":12,"param_name":"k","param_value_internal":0,"distribution":"{\"name\": \"CategoricalDistribution\", \"attributes\": {\"choices\": [16, 32, 64, 128]}}"}
{"op_code":5,"worker_id":"14ccb1d8-6cd5-4d00-bc76-74a331961dd9-135760465028928","trial_id":12,"param_name":"gx","param_value_internal":1,"distribution":"{\"name\": \"CategoricalDistribution\", \"attributes\": {\"choices\": [1, 2, 4, 8]}}"}
{"op_code":5,"worker_id":"14ccb1d8-6cd5-4d00-bc76-74a331961dd9-135760465028928","trial_id":12,"param_name":"gy","param_value_internal":3,"distribution":"{\"name\": \"CategoricalDistribution\", \"attributes\": {\"choices\": [1, 2, 4, 8]}}"}
{"op_code":5,"worker_id":"14ccb1d8-6cd5-4d00-bc76-74a331961dd9-135760465028928","trial_id":12,"param_name":"sub","param_value_internal":0,"distribution":"{\"name\": \"CategoricalDistribution\", \"attributes\": {\"choices\": [32, 64]}}"}
{"op_code":6,"worker_id":"14ccb1d8-6cd5-4d00-bc76-74a331961dd9-135760465028928","trial_id":12,"state":2,"values":null,"datetime_complete":"2026-08-07T13:37:21.168357"}
{"op_code":4,"worker_id":"14ccb1d8-6cd5-4d00-bc76-74a331961dd9-135760465028928","study_id":0,"datetime_start":"2026-08-07T13:37:21.170409"}
{"op_code":5,"worker_id":"14ccb1d8-6cd5-4d00-bc76-74a331961dd9-135760465028928","trial_id":13,"param_name":"m","param_value_internal":0,"distribution":"{\"name\": \"CategoricalDistribution\", \"attributes\": {\"choices\": [16, 32, 64, 128, 256]}}"}
{"op_code":5,"worker_id":"14ccb1d8-6cd5-4d00-bc76-74a331961dd9-135760465028928","trial_id":13,"param_name":"n","param_value_internal":1,"distribution":"{\"name\": \"CategoricalDistribution\", \"attributes\": {\"choices\": [16, 32, 64, 128, 256]}}"}
{"op_code":5,"worker_id":"14ccb1d8-6cd5-4d00-bc76-74a331961dd9-135760465028928","trial_id":13,"param_name":"k","param_value_internal":1,"distribution":"{\"name\": \"CategoricalDistribution\", \"attributes\": {\"choices\": [16, 32, 64, 128]}}"}
{"op_code":5,"worker_id":"14ccb1d8-6cd5-4d00-bc76-74a331961dd9-135760465028928","trial_id":13,"param_name":"gx","param_value_internal":3,"distribution":"{\"name\": \"CategoricalDistribution\", \"attributes\": {\"choices\": [1, 2, 4, 8]}}"}
{"op_code":5,"worker_id":"14ccb1d8-6cd5-4d00-bc76-74a331961dd9-135760465028928","trial_id":13,"param_name":"gy","param_value_internal":0,"distribution":"{\"name\": \"CategoricalDistribution\", \"attributes\": {\"choices\": [1, 2, 4, 8]}}"}
{"op_code":5,"worker_id":"14ccb1d8-6cd5-4d00-bc76-74a331961dd9-135760465028928","trial_id":13,"param_name":"sub","param_value_internal":1,"distribution":"{\"name\": \"CategoricalDistribution\", \"attributes\": {\"choices\": [32, 64]}}"}
{"op_code":6,"worker_id":"14ccb1d8-6cd5-4d00-bc76-74a331961dd9-135760465028928","trial_id":13,"state":2,"values":null,"datetime_complete":"2026-08-07T13:37:21.183474"}
{"op_code":4,"worker_id":"14ccb1d8-6cd5-4d00-bc76-74a331961dd9-135760465028928","study_id":0,"datetime_start":"2026-08-07T13:37:21.185343"}
{"op_code":5,"worker_id":"14ccb1d8-6cd5-4d00-bc76-74a331961dd9-135760465028928","trial_id":14,"param_name":"m","param_value_internal":3,"distribution":"{\"name\": \"CategoricalDistribution\", \"attributes\": {\"choices\": [16, 32, 64, 128, 256]}}"}
{"op_code":5,"worker_id":"14ccb1d8-6cd5-4d00-bc76-74a331961dd9-135760465028928","trial_id":14,"param_name":"n","param_value_internal":2,"distribution":"{\"name\": \"CategoricalDistribution\", \"attributes\": {\"choices\": [16, 32, 64, 128, 256]}}"}
{"op_code":5,"worker_id":"14ccb1d8-6cd5-4d00-bc76-74a331961dd9-135760465028928","trial_id":14,"param_name":"k","param_value_internal":2,"distribution":"{\"name\": \"CategoricalDistribution\", \"attributes\": {\"choices\": [16, 32, 64, 128]}}"}
{"op_code":5,"worker_id":"14ccb1d8-6cd5-4d00-bc76-74a331961dd9-135760465028928","trial_id":14,"param_name":"gx","param_value_internal":2,"distribution":"{\"name\": \"CategoricalDistribution\", \"attributes\": {\"choices\": [1, 2, 4, 8]}}"}
{"op_code":5,"worker_id":"14ccb1d8-6cd5-4d00-bc76-74a331961dd9-135760465028928","trial_id":14,"param_name":"gy","param_value_internal":1,"distribution":"{\"name\": \"CategoricalDistribution\", \"attributes\": {\"choices\": [1, 2, 4, 8]}}"}
{"op_code":5,"worker_id":"14ccb1d8-6cd5-4d00-bc76-74a331961dd9-135760465028928","trial_id":14,"param_name":"sub","param_value_internal":1,"distribution":"{\"name\": \"CategoricalDistribution\", \"attributes\": {\"choices\": [32, 64]}}"}
{"op_code":8,"worker_id":"14ccb1d8-6cd5-4d00-bc76-74a331961dd9-135760465028928","trial_id":14,"user_attr":{"token":"tsweep_dbuf4_t128x64k64g42s64"}}
{"op_code":4,"worker_id":"14ccb1d8-6cd5-4d00-bc76-74a331961dd9-135760465028928","study_id":0,"datetime_start":"2026-08-07T13:37:21.199807"}
{"op_code":5,"worker_id":"14ccb1d8-6cd5-4d00-bc76-74a331961dd9-135760465028928","trial_id":15,"param_name":"m","param_value_internal":2,"distribution":"{\"name\": \"CategoricalDistribution\", \"attributes\": {\"choices\": [16, 32, 64, 128, 256]}}"}
{"op_code":5,"worker_id":"14ccb1d8-6cd5-4d00-bc76-74a331961dd9-135760465028928","trial_id":15,"param_name":"n","param_value_internal":2,"distribution":"{\"name\": \"CategoricalDistribution\", \"attributes\": {\"choices\": [16, 32, 64, 128, 256]}}"}
{"op_code":5,"worker_id":"14ccb1d8-6cd5-4d00-bc76-74a331961dd9-135760465028928","trial_id":15,"param_name":"k","param_value_internal":3,"distribution":"{\"name\": \"CategoricalDistribution\", \"attributes\": {\"choices\": [16, 32, 64, 128]}}"}
{"op_code":5,"worker_id":"14ccb1d8-6cd5-4d00-bc76-74a331961dd9-135760465028928","trial_id":15,"param_name":"gx","param_value_internal":2,"distribution":"{\"name\": \"CategoricalDistribution\", \"attributes\": {\"choices\": [1, 2, 4, 8]}}"}
{"op_code":5,"worker_id":"14ccb1d8-6cd5-4d00-bc76-74a331961dd9-135760465028928","trial_id":15,"param_name":"gy","param_value_internal":3,"distribution":"{\"name\": \"CategoricalDistribution\", \"attributes\": {\"choices\": [1, 2, 4, 8]}}"}
{"op_code":5,"worker_id":"14ccb1d8-6cd5-4d00-bc76-74a331961dd9-135760465028928","trial_id":15,"param_name":"sub","param_value_internal":0,"distribution":"{\"name\": \"CategoricalDistribution\", \"attributes\": {\"choices\": [32, 64]}}"}
{"op_code":6,"worker_id":"14ccb1d8-6cd5-4d00-bc76-74a331961dd9-135760465028928","trial_id":15,"state":2,"values":null,"datetime_complete":"2026-08-07T13:37:21.213568"}
{"op_code":4,"worker_id":"14ccb1d8-6cd5-4d00-bc76-74a331961dd9-135760465028928","study_id":0,"datetime_start":"2026-08-07T13:37:21.215520"}
{"op_code":9,"worker_id":"14ccb1d8-6cd5-4d00-bc76-74a331961dd9-135760465028928","trial_id":16,"system_attr":{"tpe:relative_params:0":"{\"gx\": 4, \"gy\": 1, \"k\": 16, \"m\": 64, \"n\": 128, \"sub\": 32}"}}
{"op_code":5,"worker_id":"14ccb1d8-6cd5-4d00-bc76-74a331961dd9-135760465028928","trial_id":16,"param_name":"m","param_value_internal":2,"distribution":"{\"name\": \"CategoricalDistribution\", \"attributes\": {\"choices\": [16, 32, 64, 128, 256]}}"}
{"op_code":5,"worker_id":"14ccb1d8-6cd5-4d00-bc76-74a331961dd9-135760465028928","trial_id":16,"param_name":"n","param_value_internal":3,"distribution":"{\"name\": \"CategoricalDistribution\", \"attributes\": {\"choices\": [16, 32, 64, 128, 256]}}"}
{"op_code":5,"worker_id":"14ccb1d8-6cd5-4d00-bc76-74a331961dd9-135760465028928","trial_id":16,"param_name":"k","param_value_internal":0,"distribution":"{\"name\": \"CategoricalDistribution\", \"attributes\": {\"choices\": [16, 32, 64, 128]}}"}
{"op_code":5,"worker_id":"14ccb1d8-6cd5-4d00-bc76-74a331961dd9-135760465028928","trial_id":16,"param_name":"gx","param_value_internal":2,"distribution":"{\"name\": \"CategoricalDistribution\", \"attributes\": {\"choices\": [1, 2, 4, 8]}}"}
{"op_code":5,"worker_id":"14ccb1d8-6cd5-4d00-bc76-74a331961dd9-135760465028928","trial_id":16,"param_name":"gy","param_value_internal":0,"distribution":"{\"name\": \"CategoricalDistribution\", \"attributes\": {\"choices\": [1, 2, 4, 8]}}"}
{"op_code":5,"worker_id":"14ccb1d8-6cd5-4d00-bc76-74a331961dd9-135760465028928","trial_id":16,"param_name":"sub","param_value_internal":0,"distribution":"{\"name\": \"CategoricalDistribution\", \"attributes\": {\"choices\": [32, 64]}}"}
{"op_code":8,"worker_id":"14ccb1d8-6cd5-4d00-bc76-74a331961dd9-135760465028928","trial_id":16,"user_attr":{"token":"tsweep_dbuf4_t64x128k16g41s32"}}
{"op_code":4,"worker_id":"14ccb1d8-6cd5-4d00-bc76-74a331961dd9-135760465028928","study_id":0,"datetime_start":"2026-08-07T13:37:21.234927"}
{"op_code":9,"worker_id":"14ccb1d8-6cd5-4d00-bc76-74a331961dd9-135760465028928","trial_id":17,"system_attr":{"tpe:relative_params:0":"{\"gx\": 8, \"gy\": 4, \"k\": 128, \"m\": 64, \"n\": 128, \"sub\": 32}"}}
{"op_code":5,"worker_id":"14ccb1d8-6cd5-4d00-bc76-74a331961dd9-135760465028928","trial_id":17,"param_name":"m","param_value_internal":2,"distribution":"{\"name\": \"CategoricalDistribution\", \"attributes\": {\"choices\": [16, 32, 64, 128, 256]}}"}
{"op_code":5,"worker_id":"14ccb1d8-6cd5-4d00-bc76-74a331961dd9-135760465028928","trial_id":17,"param_name":"n","param_value_internal":3,"distribution":"{\"name\": \"CategoricalDistribution\", \"attributes\": {\"choices\": [16, 32, 64, 128, 256]}}"}
{"op_code":5,"worker_id":"14ccb1d8-6cd5-4d00-bc76-74a331961dd9-135760465028928","trial_id":17,"param_name":"k","param_value_internal":3,"distribution":"{\"name\": \"CategoricalDistribution\", \"attributes\": {\"choices\": [16, 32, 64, 128]}}"}
{"op_code":5,"worker_id":"14ccb1d8-6cd5-4d00-bc76-74a331961dd9-135760465028928","trial_id":17,"param_name":"gx","param_value_internal":3,"distribution":"{\"name\": \"CategoricalDistribution\", \"attributes\": {\"choices\": [1, 2, 4, 8]}}"}
{"op_code":5,"worker_id":"14ccb1d8-6cd5-4d00-bc76-74a331961dd9-135760465028928","trial_id":17,"param_name":"gy","param_value_internal":2,"distribution":"{\"name\": \"CategoricalDistribution\", \"attributes\": {\"choices\": [1, 2, 4, 8]}}"}
{"op_code":5,"worker_id":"14ccb1d8-6cd5-4d00-bc76-74a331961dd9-135760465028928","trial_id":17,"param_name":"sub","param_value_internal":0,"distribution":"{\"name\": \"CategoricalDistribution\", \"attributes\": {\"choices\": [32, 64]}}"}
{"op_code":8,"worker_id":"14ccb1d8-6cd5-4d00-bc76-74a331961dd9-135760465028928","trial_id":17,"user_attr":{"token":"tsweep_dbuf4_t64x128k128g84s32"}}
{"op_code":4,"worker_id":"14ccb1d8-6cd5-4d00-bc76-74a331961dd9-135760465028928","study_id":0,"datetime_start":"2026-08-07T13:37:21.253614"}
{"op_code":9,"worker_id":"14ccb1d8-6cd5-4d00-bc76-74a331961dd9-135760465028928","trial_id":18,"system_attr":{"tpe:relative_params:0":"{\"gx\": 8, \"gy\": 4, \"k\": 16, \"m\": 64, \"n\": 128, \"sub\": 64}"}}
{"op_code":5,"worker_id":"14ccb1d8-6cd5-4d00-bc76-74a331961dd9-135760465028928","trial_id":18,"param_name":"m","param_value_internal":2,"distribution":"{\"name\": \"CategoricalDistribution\", \"attributes\": {\"choices\": [16, 32, 64, 128, 256]}}"}
{"op_code":5,"worker_id":"14ccb1d8-6cd5-4d00-bc76-74a331961dd9-135760465028928","trial_id":18,"param_name":"n","param_value_internal":3,"distribution":"{\"name\": \"CategoricalDistribution\", \"attributes\": {\"choices\": [16, 32, 64, 128, 256]}}"}
{"op_code":5,"worker_id":"14ccb1d8-6cd5-4d00-bc76-74a331961dd9-135760465028928","trial_id":18,"param_name":"k","param_value_internal":0,"distribution":"{\"name\": \"CategoricalDistribution\", \"attributes\": {\"choices\": [16, 32, 64, 128]}}"}
{"op_code":5,"worker_id":"14ccb1d8-6cd5-4d00-bc76-74a331961dd9-135760465028928","trial_id":18,"param_name":"gx","param_value_internal":3,"distribution":"{\"name\": \"CategoricalDistribution\", \"attributes\": {\"choices\": [1, 2, 4, 8]}}"}
{"op_code":5,"worker_id":"14ccb1d8-6cd5-4d00-bc76-74a331961dd9-135760465028928","trial_id":18,"param_name":"gy","param_value_internal":2,"distribution":"{\"name\": \"CategoricalDistribution\", \"attributes\": {\"choices\": [1, 2, 4, 8]}}"}
{"op_code":5,"worker_id":"14ccb1d8-6cd5-4d00-bc76-74a331961dd9-135760465028928","trial_id":18,"param_name":"sub","param_value_internal":1,"distribution":"{\"name\": \"CategoricalDistribution\", \"attributes\": {\"choices\": [32, 64]}}"}
{"op_code":6,"worker_id":"14ccb1d8-6cd5-4d00-bc76-74a331961dd9-135760465028928","trial_id":18,"state":2,"values":null,"datetime_complete":"2026-08-07T13:37:21.270199"}
{"op_code":4,"worker_id":"14ccb1d8-6cd5-4d00-bc76-74a331961dd9-135760465028928","study_id":0,"datetime_start":"2026-08-07T13:37:21.272245"}
{"op_code":9,"worker_id":"14ccb1d8-6cd5-4d00-bc76-74a331961dd9-135760465028928","trial_id":19,"system_attr":{"tpe:relative_params:0":"{\"gx\": 4, \"gy\": 1, \"k\": 64, \"m\": 16, \"n\": 32, \"sub\": 64}"}}
{"op_code":5,"worker_id":"14ccb1d8-6cd5-4d00-bc76-74a331961dd9-135760465028928","trial_id":19,"param_name":"m","param_value_internal":0,"distribution":"{\"name\": \"CategoricalDistribution\", \"attributes\": {\"choices\": [16, 32, 64, 128, 256]}}"}
{"op_code":5,"worker_id":"14ccb1d8-6cd5-4d00-bc76-74a331961dd9-135760465028928","trial_id":19,"param_name":"n","param_value_internal":1,"distribution":"{\"name\": \"CategoricalDistribution\", \"attributes\": {\"choices\": [16, 32, 64, 128, 256]}}"}
{"op_code":5,"worker_id":"14ccb1d8-6cd5-4d00-bc76-74a331961dd9-135760465028928","trial_id":19,"param_name":"k","param_value_internal":2,"distribution":"{\"name\": \"CategoricalDistribution\", \"attributes\": {\"choices\": [16, 32, 64, 128]}}"}
{"op_code":5,"worker_id":"14ccb1d8-6cd5-4d00-bc76-74a331961dd9-135760465028928","trial_id":19,"param_name":"gx","param_value_internal":2,"distribution":"{\"name\": \"CategoricalDistribution\", \"attributes\": {\"choices\": [1, 2, 4, 8]}}"}
{"op_code":5,"worker_id":"14ccb1d8-6cd5-4d00-bc76-74a331961dd9-135760465028928","trial_id":19,"param_name":"gy","param_value_internal":0,"distribution":"{\"name\": \"CategoricalDistribution\", \"attributes\": {\"choices\": [1, 2, 4, 8]}}"}
{"op_code":5,"worker_id":"14ccb1d8-6cd5-4d00-bc76-74a331961dd9-135760465028928","trial_id":19,"param_name":"sub","param_value_internal":1,"distribution":"{\"name\": \"CategoricalDistribution\", \"attributes\": {\"choices\": [32, 64]}}"}
{"op_code":6,"worker_id":"14ccb1d8-6cd5-4d00-bc76-74a331961dd9-135760465028928","trial_id":19,"state":2,"values":null,"datetime_complete":"2026-08-07T13:37:21.289763"}
{"op_code":4,"worker_id":"14ccb1d8-6cd5-4d00-bc76-74a331961dd9-135760465028928","study_id":0,"datetime_start":"2026-08-07T13:37:21.291737"}
{"op_code":9,"worker_id":"14ccb1d8-6cd5-4d00-bc76-74a331961dd9-135760465028928","trial_id":20,"system_attr":{"tpe:relative_params:0":"{\"gx\": 2, \"gy\": 4, \"k\": 16, \"m\": 128, \"n\": 128, \"sub\": 32}"}}
{"op_code":5,"worker_id":"14ccb1d8-6cd5-4d00-bc76-74a331961dd9-135760465028928","trial_id":20,"param_name":"m","param_value_internal":3,"distribution":"{\"name\": \"CategoricalDistribution\", \"attributes\": {\"choices\": [16, 32, 64, 128, 256]}}"}
{"op_code":5,"worker_id":"14ccb1d8-6cd5-4d00-bc76-74a331961dd9-135760465028928","trial_id":20,"param_name":"n","param_value_internal":3,"distribution":"{\"name\": \"CategoricalDistribution\", \"attributes\": {\"choices\": [16, 32, 64, 128, 256]}}"}
{"op_code":5,"worker_id":"14ccb1d8-6cd5-4d00-bc76-74a331961dd9-135760465028928","trial_id":20,"param_name":"k","param_value_internal":0,"distribution":"{\"name\": \"CategoricalDistribution\", \"attributes\": {\"choices\": [16, 32, 64, 128]}}"}
{"op_code":5,"worker_id":"14ccb1d8-6cd5-4d00-bc76-74a331961dd9-135760465028928","trial_id":20,"param_name":"gx","param_value_internal":1,"distribution":"{\"name\": \"CategoricalDistribution\", \"attributes\": {\"choices\": [1, 2, 4, 8]}}"}
{"op_code":5,"worker_id":"14ccb1d8-6cd5-4d00-bc76-74a331961dd9-135760465028928","trial_id":20,"param_name":"gy","param_value_internal":2,"distribution":"{\"name\": \"CategoricalDistribution\", \"attributes\": {\"choices\": [1, 2, 4, 8]}}"}
{"op_code":5,"worker_id":"14ccb1d8-6cd5-4d00-bc76-74a331961dd9-135760465028928","trial_id":20,"param_name":"sub","param_value_internal":0,"distribution":"{\"name\": \"CategoricalDistribution\", \"attributes\": {\"choices\": [32, 64]}}"}
{"op_code":8,"worker_id":"14ccb1d8-6cd5-4d00-bc76-74a331961dd9-135760465028928","trial_id":20,"user_attr":{"token":"tsweep_dbuf4_t128x128k16g24s32"}}
{"op_code":4,"worker_id":"14ccb1d8-6cd5-4d00-bc76-74a331961dd9-135760465028928","study_id":0,"datetime_start":"2026-08-07T13:37:21.310540"}
{"op_code":9,"worker_id":"14ccb1d8-6cd5-4d00-bc76-74a331961dd9-135760465028928","trial_id":21,"system_attr":{"tpe:relative_params:0":"{\"gx\": 4, \"gy\": 1, \"k\": 16, \"m\": 32, \"n\": 32, \"sub\": 64}"}}
{"op_code":5,"worker_id":"14ccb1d8-6cd5-4d00-bc76-74a331961dd9-135760465028928","trial_id":21,"param_name":"m","param_value_internal":1,"distribution":"{\"name\": \"CategoricalDistribution\", \"attributes\": {\"choices\": [16, 32, 64, 128, 256]}}"}
{"op_code":5,"worker_id":"14ccb1d8-6cd5-4d00-bc76-74a331961dd9-135760465028928","trial_id":21,"param_name":"n","param_value_internal":1,"distribution":"{\"name\": \"CategoricalDistribution\", \"attributes\": {\"choices\": [16, 32, 64, 128, 256]}}"}
{"op_code":5,"worker_id":"14ccb1d8-6cd5-4d00-bc76-74a331961dd9-135760465028928","trial_id":21,"param_name":"k","param_value_internal":0,"distribution":"{\"name\": \"CategoricalDistribution\", \"attributes\": {\"choices\": [16, 32, 64, 128]}}"}
{"op_code":5,"worker_id":"14ccb1d8-6cd5-4d00-bc76-74a331961dd9-135760465028928","trial_id":21,"param_name":"gx","param_value_internal":2,"distribution":"{\"name\": \"CategoricalDistribution\", \"attributes\": {\"choices\": [1, 2, 4, 8]}}"}
{"op_code":5,"worker_id":"14ccb1d8-6cd5-4d00-bc76-74a331961dd9-135760465028928","trial_id":21,"param_name":"gy","param_value_internal":0,"distribution":"{\"name\": \"CategoricalDistribution\", \"attributes\": {\"choices\": [1, 2, 4, 8]}}"}
{"op_code":5,"worker_id":"14ccb1d8-6cd5-4d00-bc76-74a331961dd9-135760465028928","trial_id":21,"param_name":"sub","param_value_internal":1,"distribution":"{\"name\": \"CategoricalDistribution\", \"attributes\": {\"choices\": [32, 64]}}"}
{"op_code":6,"worker_id":"14ccb1d8-6cd5-4d00-bc76-74a331961dd9-135760465028928","trial_id":21,"state":2,"values":null,"datetime_complete":"2026-08-07T13:37:21.327891"}
{"op_code":4,"worker_id":"14ccb1d8-6cd5-4d00-bc76-74a331961dd9-135760465028928","study_id":0,"datetime_start":"2026-08-07T13:37:21.329913"}
{"op_code":9,"worker_id":"14ccb1d8-6cd5-4d00-bc76-74a331961dd9-135760465028928","trial_id":22,"system_attr":{"tpe:relative_params:0":"{\"gx\": 8, \"gy\": 2, \"k\": 64, \"m\": 16, \"n\": 16, \"sub\": 64}"}}
{"op_code":5,"worker_id":"14ccb1d8-6cd5-4d00-bc76-74a331961dd9-135760465028928","trial_id":22,"param_name":"m","param_value_internal":0,"distribution":"{\"name\": \"CategoricalDistribution\", \"attributes\": {\"choices\": [16, 32, 64, 128, 256]}}"}
{"op_code":5,"worker_id":"14ccb1d8-6cd5-4d00-bc76-74a331961dd9-135760465028928","trial_id":22,"param_name":"n","param_value_internal":0,"distribution":"{\"name\": \"CategoricalDistribution\", \"attributes\": {\"choices\": [16, 32, 64, 128, 256]}}"}
{"op_code":5,"worker_id":"14ccb1d8-6cd5-4d00-bc76-74a331961dd9-135760465028928","trial_id":22,"param_name":"k","param_value_internal":2,"distribution":"{\"name\": \"CategoricalDistribution\", \"attributes\": {\"choices\": [16, 32, 64, 128]}}"}
{"op_code":5,"worker_id":"14ccb1d8-6cd5-4d00-bc76-74a331961dd9-135760465028928","trial_id":22,"param_name":"gx","param_value_internal":3,"distribution":"{\"name\": \"CategoricalDistribution\", \"attributes\": {\"choices\": [1, 2, 4, 8]}}"}
{"op_code":5,"worker_id":"14ccb1d8-6cd5-4d00-bc76-74a331961dd9-135760465028928","trial_id":22,"param_name":"gy","param_value_internal":1,"distribution":"{\"name\": \"CategoricalDistribution\", \"attributes\": {\"choices\": [1, 2, 4, 8]}}"}
{"op_code":5,"worker_id":"14ccb1d8-6cd5-4d00-bc76-74a331961dd9-135760465028928","trial_id":22,"param_name":"sub","param_value_internal":1,"distribution":"{\"name\": \"CategoricalDistribution\", \"attributes\": {\"choices\": [32, 64]}}"}
{"op_code":6,"worker_id":"14ccb1d8-6cd5-4d00-bc76-74a331961dd9-135760465028928","trial_id":22,"state":2,"values":null,"datetime_complete":"2026-08-07T13:37:21.347562"}
{"op_code":4,"worker_id":"14ccb1d8-6cd5-4d00-bc76-74a331961dd9-135760465028928","study_id":0,"datetime_start":"2026-08-07T13:37:21.349582"}
{"op_code":9,"worker_id":"14ccb1d8-6cd5-4d00-bc76-74a331961dd9-135760465028928","trial_id":23,"system_attr":{"tpe:relative_params:0":"{\"gx\": 2, \"gy\": 4, \"k\": 32, \"m\": 64, \"n\": 256, \"sub\": 32}"}}
{"op_code":5,"worker_id":"14ccb1d8-6cd5-4d00-bc76-74a331961dd9-135760465028928","trial_id":23,"param_name":"m","param_value_internal":2,"distribution":"{\"name\": \"CategoricalDistribution\", \"attributes\": {\"choices\": [16, 32, 64, 128, 256]}}"}
{"op_code":5,"worker_id":"14ccb1d8-6cd5-4d00-bc76-74a331961dd9-135760465028928","trial_id":23,"param_name":"n","param_value_internal":4,"distribution":"{\"name\": \"CategoricalDistribution\", \"attributes\": {\"choices\": [16, 32, 64, 128, 256]}}"}
{"op_code":5,"worker_id":"14ccb1d8-6cd5-4d00-bc76-74a331961dd9-135760465028928","trial_id":23,"param_name":"k","param_value_internal":1,"distribution":"{\"name\": \"CategoricalDistribution\", \"attributes\": {\"choices\": [16, 32, 64, 128]}}"}
{"op_code":5,"worker_id":"14ccb1d8-6cd5-4d00-bc76-74a331961dd9-135760465028928","trial_id":23,"param_name":"gx","param_value_internal":1,"distribution":"{\"name\": \"CategoricalDistribution\", \"attributes\": {\"choices\": [1, 2, 4, 8]}}"}
{"op_code":5,"worker_id":"14ccb1d8-6cd5-4d00-bc76-74a331961dd9-135760465028928","trial_id":23,"param_name":"gy","param_value_internal":2,"distribution":"{\"name\": \"CategoricalDistribution\", \"attributes\": {\"choices\": [1, 2, 4, 8]}}"}
{"op_code":5,"worker_id":"14ccb1d8-6cd5-4d00-bc76-74a331961dd9-135760465028928","trial_id":23,"param_name":"sub","param_value_internal":0,"distribution":"{\"name\": \"CategoricalDistribution\", \"attributes\": {\"choices\": [32, 64]}}"}
{"op_code":8,"worker_id":"14ccb1d8-6cd5-4d00-bc76-74a331961dd9-135760465028928","trial_id":23,"user_attr":{"token":"tsweep_dbuf4_t64x256k32g24s32"}}
{"op_code":4,"worker_id":"14ccb1d8-6cd5-4d00-bc76-74a331961dd9-135760465028928","study_id":0,"datetime_start":"2026-08-07T13:37:21.367541"}
{"op_code":9,"worker_id":"14ccb1d8-6cd5-4d00-bc76-74a331961dd9-135760465028928","trial_id":24,"system_attr":{"tpe:relative_params:0":"{\"gx\": 8, \"gy\": 4, \"k\": 16, \"m\": 256, \"n\": 32, \"sub\": 32}"}}
{"op_code":5,"worker_id":"14ccb1d8-6cd5-4d00-bc76-74a331961dd9-135760465028928","trial_id":24,"param_name":"m","param_value_internal":4,"distribution":"{\"name\": \"CategoricalDistribution\", \"attributes\": {\"choices\": [16, 32, 64, 128, 256]}}"}
{"op_code":5,"worker_id":"14ccb1d8-6cd5-4d00-bc76-74a331961dd9-135760465028928","trial_id":24,"param_name":"n","param_value_internal":1,"distribution":"{\"name\": \"CategoricalDistribution\", \"attributes\": {\"choices\": [16, 32, 64, 128, 256]}}"}
{"op_code":5,"worker_id":"14ccb1d8-6cd5-4d00-bc76-74a331961dd9-135760465028928","trial_id":24,"param_name":"k","param_value_internal":0,"distribution":"{\"name\": \"CategoricalDistribution\", \"attributes\": {\"choices\": [16, 32, 64, 128]}}"}
{"op_code":5,"worker_id":"14ccb1d8-6cd5-4d00-bc76-74a331961dd9-135760465028928","trial_id":24,"param_name":"gx","param_value_internal":3,"distribution":"{\"name\": \"CategoricalDistribution\", \"attributes\": {\"choices\": [1, 2, 4, 8]}}"}
{"op_code":5,"worker_id":"14ccb1d8-6cd5-4d00-bc76-74a331961dd9-135760465028928","trial_id":24,"param_name":"gy","param_value_internal":2,"distribution":"{\"name\": \"CategoricalDistribution\", \"attributes\": {\"choices\": [1, 2, 4, 8]}}"}
{"op_code":5,"worker_id":"14ccb1d8-6cd5-4d00-bc76-74a331961dd9-135760465028928","trial_id":24,"param_name":"sub","param_value_internal":0,"distribution":"{\"name\": \"CategoricalDistribution\", \"attributes\": {\"choices\": [32, 64]}}"}
{"op_code":6,"worker_id":"14ccb1d8-6cd5-4d00-bc76-74a331961dd9-135760465028928","trial_id":24,"state":2,"values":null,"datetime_complete":"2026-08-07T13:37:21.384666"}
{"op_code":4,"worker_id":"14ccb1d8-6cd5-4d00-bc76-74a331961dd9-135760465028928","study_id":0,"datetime_start":"2026-08-07T13:37:21.386587"}
{"op_code":9,"worker_id":"14ccb1d8-6cd5-4d00-bc76-74a331961dd9-135760465028928","trial_id":25,"system_attr":{"tpe:relative_params:0":"{\"gx\": 8, \"gy\": 8, \"k\": 16, \"m\": 64, \"n\": 128, \"sub\": 32}"}}
{"op_code":5,"worker_id":"14ccb1d8-6cd5-4d00-bc76-74a331961dd9-135760465028928","trial_id":25,"param_name":"m","param_value_internal":2,"distribution":"{\"name\": \"CategoricalDistribution\", \"attributes\": {\"choices\": [16, 32, 64, 128, 256]}}"}
{"op_code":5,"worker_id":"14ccb1d8-6cd5-4d00-bc76-74a331961dd9-135760465028928","trial_id":25,"param_name":"n","param_value_internal":3,"distribution":"{\"name\": \"CategoricalDistribution\", \"attributes\": {\"choices\": [16, 32, 64, 128, 256]}}"}
{"op_code":5,"worker_id":"14ccb1d8-6cd5-4d00-bc76-74a331961dd9-135760465028928","trial_id":25,"param_name":"k","param_value_internal":0,"distribution":"{\"name\": \"CategoricalDistribution\", \"attributes\": {\"choices\": [16, 32, 64, 128]}}"}
{"op_code":5,"worker_id":"14ccb1d8-6cd5-4d00-bc76-74a331961dd9-135760465028928","trial_id":25,"param_name":"gx","param_value_internal":3,"distribution":"{\"name\": \"CategoricalDistribution\", \"attributes\": {\"choices\": [1, 2, 4, 8]}}"}
{"op_code":5,"worker_id":"14ccb1d8-6cd5-4d00-bc76-74a331961dd9-135760465028928","trial_id":25,"param_name":"gy","param_value_internal":3,"distribution":"{\"name\": \"CategoricalDistribution\", \"attributes\": {\"choices\": [1, 2, 4, 8]}}"}
{"op_code":5,"worker_id":"14ccb1d8-6cd5-4d00-bc76-74a331961dd9-135760465028928","trial_id":25,"param_name":"sub","param_value_internal":0,"distribution":"{\"name\": \"CategoricalDistribution\", \"attributes\": {\"choices\": [32, 64]}}"}
{"op_code":6,"worker_id":"14ccb1d8-6cd5-4d00-bc76-74a331961dd9-135760465028928","trial_id":25,"state":2,"values":null,"datetime_complete":"2026-08-07T13:37:21.403055"}
{"op_code":4,"worker_id":"14ccb1d8-6cd5-4d00-bc76-74a331961dd9-135760465028928","study_id":0,"datetime_start":"2026-08-07T13:37:21.405276"}
{"op_code":9,"worker_id":"14ccb1d8-6cd5-4d00-bc76-74a331961dd9-135760465028928","trial_id":26,"system_attr":{"tpe:relative_params:0":"{\"gx\": 4, \"gy\": 8, \"k\": 64, \"m\": 16, \"n\": 128, \"sub\": 64}"}}
{"op_code":5,"worker_id":"14ccb1d8-6cd5-4d00-bc76-74a331961dd9-135760465028928","trial_id":26,"param_name":"m","param_value_internal":0,"distribution":"{\"name\": \"CategoricalDistribution\", \"attributes\": {\"choices\": [16, 32, 64, 128, 256]}}"}
{"op_code":5,"worker_id":"14ccb1d8-6cd5-4d00-bc76-74a331961dd9-135760465028928","trial_id":26,"param_name":"n","param_value_internal":3,"distribution":"{\"name\": \"CategoricalDistribution\", \"attributes\": {\"choices\": [16, 32, 64, 128, 256]}}"}
{"op_code":5,"worker_id":"14ccb1d8-6cd5-4d00-bc76-74a331961dd9-135760465028928","trial_id":26,"param_name":"k","param_value_internal":2,"distribution":"{\"name\": \"CategoricalDistribution\", \"attributes\": {\"choices\": [16, 32, 64, 128]}}"}
{"op_code":5,"worker_id":"14ccb1d8-6cd5-4d00-bc76-74a331961dd9-135760465028928","trial_id":26,"param_name":"gx","param_value_internal":2,"distribution":"{\"name\": \"CategoricalDistribution\", \"attributes\": {\"choices\": [1, 2, 4, 8]}}"}
{"op_code":5,"worker_id":"14ccb1d8-6cd5-4d00-bc76-74a331961dd9-135760465028928","trial_id":26,"param_name":"gy","param_value_internal":3,"distribution":"{\"name\": \"CategoricalDistribution\", \"attributes\": {\"choices\": [1, 2, 4, 8]}}"}
{"op_code":5,"worker_id":"14ccb1d8-6cd5-4d00-bc76-74a331961dd9-135760465028928","trial_id":26,"param_name":"sub","param_value_internal":1,"distribution":"{\"name\": \"CategoricalDistribution\", \"attributes\": {\"choices\": [32, 64]}}"}
{"op_code":6,"worker_id":"14ccb1d8-6cd5-4d00-bc76-74a331961dd9-135760465028928","trial_id":26,"state":2,"values":null,"datetime_complete":"2026-08-07T13:37:21.423083"}
{"op_code":4,"worker_id":"14ccb1d8-6cd5-4d00-bc76-74a331961dd9-135760465028928","study_id":0,"datetime_start":"2026-08-07T13:37:21.425247"}
{"op_code":9,"worker_id":"14ccb1d8-6cd5-4d00-bc76-74a331961dd9-135760465028928","trial_id":27,"system_attr":{"tpe:relative_params:0":"{\"gx\": 1, \"gy\": 4, \"k\": 16, \"m\": 32, \"n\": 128, \"sub\": 32}"}}
{"op_code":5,"worker_id":"14ccb1d8-6cd5-4d00-bc76-74a331961dd9-135760465028928","trial_id":27,"param_name":"m","param_value_internal":1,"distribution":"{\"name\": \"CategoricalDistribution\", \"attributes\": {\"choices\": [16, 32, 64, 128, 256]}}"}
{"op_code":5,"worker_id":"14ccb1d8-6cd5-4d00-bc76-74a331961dd9-135760465028928","trial_id":27,"param_name":"n","param_value_internal":3,"distribution":"{\"name\": \"CategoricalDistribution\", \"attributes\": {\"choices\": [16, 32, 64, 128, 256]}}"}
{"op_code":5,"worker_id":"14ccb1d8-6cd5-4d00-bc76-74a331961dd9-135760465028928","trial_id":27,"param_name":"k","param_value_internal":0,"distribution":"{\"name\": \"CategoricalDistribution\", \"attributes\": {\"choices\": [16, 32, 64, 128]}}"}
{"op_code":5,"worker_id":"14ccb1d8-6cd5-4d00-bc76-74a331961dd9-135760465028928","trial_id":27,"param_name":"gx","param_value_internal":0,"distribution":"{\"name\": \"CategoricalDistribution\", \"attributes\": {\"choices\": [1, 2, 4, 8]}}"}
{"op_code":5,"worker_id":"14ccb1d8-6cd5-4d00-bc76-74a331961dd9-135760465028928","trial_id":27,"param_name":"gy","param_value_internal":2,"distribution":"{\"name\": \"CategoricalDistribution\", \"attributes\": {\"choices\": [1, 2, 4, 8]}}"}
{"op_code":5,"worker_id":"14ccb1d8-6cd5-4d00-bc76-74a331961dd9-135760465028928","trial_id":27,"param_name":"sub","param_value_internal":0,"distribution":"{\"name\": \"CategoricalDistribution\", \"attributes\": {\"choices\": [32, 64]}}"}
{"op_code":6,"worker_id":"14ccb1d8-6cd5-4d00-bc76-74a331961dd9-135760465028928","trial_id":27,"state":2,"values":null,"datetime_complete":"2026-08-07T13:37:21.443114"}
{"op_code":4,"worker_id":"14ccb1d8-6cd5-4d00-bc76-74a331961dd9-135760465028928","study_id":0,"datetime_start":"2026-08-07T13:37:21.445129"}
{"op_code":9,"worker_id":"14ccb1d8-6cd5-4d00-bc76-74a331961dd9-135760465028928","trial_id":28,"system_attr":{"tpe:relative_params:0":"{\"gx\": 1, \"gy\": 1, \"k\": 64, \"m\": 128, \"n\": 32, \"sub\": 32}"}}
{"op_code":5,"worker_id":"14ccb1d8-6cd5-4d00-bc76-74a331961dd9-135760465028928","trial_id":28,"param_name":"m","param_value_internal":3,"distribution":"{\"name\": \"CategoricalDistribution\", \"attributes\": {\"choices\": [16, 32, 64, 128, 256]}}"}
{"op_code":5,"worker_id":"14ccb1d8-6cd5-4d00-bc76-74a331961dd9-135760465028928","trial_id":28,"param_name":"n","param_value_internal":1,"distribution":"{\"name\": \"CategoricalDistribution\", \"attributes\": {\"choices\": [16, 32, 64, 128, 256]}}"}
{"op_code":5,"worker_id":"14ccb1d8-6cd5-4d00-bc76-74a331961dd9-135760465028928","trial_id":28,"param_name":"k","param_value_internal":2,"distribution":"{\"name\": \"CategoricalDistribution\", \"attributes\": {\"choices\": [16, 32, 64, 128]}}"}
{"op_code":5,"worker_id":"14ccb1d8-6cd5-4d00-bc76-74a331961dd9-135760465028928","trial_id":28,"param_name":"gx","param_value_internal":0,"distribution":"{\"name\": \"CategoricalDistribution\", \"attributes\": {\"choices\": [1, 2, 4, 8]}}"}
{"op_code":5,"worker_id":"14ccb1d8-6cd5-4d00-bc76-74a331961dd9-135760465028928","trial_id":28,"param_name":"gy","param_value_internal":0,"distribution":"{\"name\": \"CategoricalDistribution\", \"attributes\": {\"choices\": [1, 2, 4, 8]}}"}
{"op_code":5,"worker_id":"14ccb1d8-6cd5-4d00-bc76-74a331961dd9-135760465028928","trial_id":28,"param_name":"sub","param_value_internal":0,"distribution":"{\"name\": \"CategoricalDistribution\", \"attributes\": {\"choices\": [32, 64]}}"}
{"op_code":8,"worker_id":"14ccb1d8-6cd5-4d00-bc76-74a331961dd9-135760465028928","trial_id":28,"user_attr":{"token":"tsweep_dbuf4_t128x32k64g11s32"}}
{"op_code":4,"worker_id":"14ccb1d8-6cd5-4d00-bc76-74a331961dd9-135760465028928","study_id":0,"datetime_start":"2026-08-07T13:37:21.464223"}
{"op_code":9,"worker_id":"14ccb1d8-6cd5-4d00-bc76-74a331961dd9-135760465028928","trial_id":29,"system_attr":{"tpe:relative_params:0":"{\"gx\": 8, \"gy\": 4, \"k\": 16, \"m\": 16, \"n\": 128, \"sub\": 32}"}}
{"op_code":5,"worker_id":"14ccb1d8-6cd5-4d00-bc76-74a331961dd9-135760465028928","trial_id":29,"param_name":"m","param_value_internal":0,"distribution":"{\"name\": \"CategoricalDistribution\", \"attributes\": {\"choices\": [16, 32, 64, 128, 256]}}"}
{"op_code":5,"worker_id":"14ccb1d8-6cd5-4d00-bc76-74a331961dd9-135760465028928","trial_id":29,"param_name":"n","param_value_internal":3,"distribution":"{\"name\": \"CategoricalDistribution\", \"attributes\": {\"choices\": [16, 32, 64, 128, 256]}}"}
{"op_code":5,"worker_id":"14ccb1d8-6cd5-4d00-bc76-74a331961dd9-135760465028928","trial_id":29,"param_name":"k","param_value_internal":0,"distribution":"{\"name\": \"CategoricalDistribution\", \"attributes\": {\"choices\": [16, 32, 64, 128]}}"}
{"op_code":5,"worker_id":"14ccb1d8-6cd5-4d00-bc76-74a331961dd9-135760465028928","trial_id":29,"param_name":"gx","param_value_internal":3,"distribution":"{\"name\": \"CategoricalDistribution\", \"attributes\": {\"choices\": [1, 2, 4, 8]}}"}
{"op_code":5,"worker_id":"14ccb1d8-6cd5-4d00-bc76-74a331961dd9-135760465028928","trial_id":29,"param_name":"gy","param_value_internal":2,"distribution":"{\"name\": \"CategoricalDistribution\", \"attributes\": {\"choices\": [1, 2, 4, 8]}}"}
{"op_code":5,"worker_id":"14ccb1d8-6cd5-4d00-bc76-74a331961dd9-135760465028928","trial_id":29,"param_name":"sub","param_value_internal":0,"distribution":"{\"name\": \"CategoricalDistribution\", \"attributes\": {\"choices\": [32, 64]}}"}
{"op_code":6,"worker_id":"14ccb1d8-6cd5-4d00-bc76-74a331961dd9-135760465028928","trial_id":29,"state":2,"values":null,"datetime_complete":"2026-08-07T13:37:21.481659"}
{"op_code":4,"worker_id":"14ccb1d8-6cd5-4d00-bc76-74a331961dd9-135760465028928","study_id":0,"datetime_start":"2026-08-07T13:37:21.483600"}
{"op_code":9,"worker_id":"14ccb1d8-6cd5-4d00-bc76-74a331961dd9-135760465028928","trial_id":30,"system_attr":{"tpe:relative_params:0":"{\"gx\": 4, \"gy\": 4, \"k\": 16, \"m\": 16, \"n\": 32, \"sub\": 64}"}}
{"op_code":5,"worker_id":"14ccb1d8-6cd5-4d00-bc76-74a331961dd9-135760465028928","trial_id":30,"param_name":"m","param_value_internal":0,"distribution":"{\"name\": \"CategoricalDistribution\", \"attributes\": {\"choices\": [16, 32, 64, 128, 256]}}"}
{"op_code":5,"worker_id":"14ccb1d8-6cd5-4d00-bc76-74a331961dd9-135760465028928","trial_id":30,"param_name":"n","param_value_internal":1,"distribution":"{\"name\": \"CategoricalDistribution\", \"attributes\": {\"choices\": [16, 32, 64, 128, 256]}}"}
{"op_code":5,"worker_id":"14ccb1d8-6cd5-4d00-bc76-74a331961dd9-135760465028928","trial_id":30,"param_name":"k","param_value_internal":0,"distribution":"{\"name\": \"CategoricalDistribution\", \"attributes\": {\"choices\": [16, 32, 64, 128]}}"}
{"op_code":5,"worker_id":"14ccb1d8-6cd5-4d00-bc76-74a331961dd9-135760465028928","trial_id":30,"param_name":"gx","param_value_internal":2,"distribution":"{\"name\": \"CategoricalDistribution\", \"attributes\": {\"choices\": [1, 2, 4, 8]}}"}
{"op_code":5,"worker_id":"14ccb1d8-6cd5-4d00-bc76-74a331961dd9-135760465028928","trial_id":30,"param_name":"gy","param_value_internal":2,"distribution":"{\"name\": \"CategoricalDistribution\", \"attributes\": {\"choices\": [1, 2, 4, 8]}}"}
{"op_code":5,"worker_id":"14ccb1d8-6cd5-4d00-bc76-74a331961dd9-135760465028928","trial_id":30,"param_name":"sub","param_value_internal":1,"distribution":"{\"name\": \"CategoricalDistribution\", \"attributes\": {\"choices\": [32, 64]}}"}
{"op_code":6,"worker_id":"14ccb1d8-6cd5-4d00-bc76-74a331961dd9-135760465028928","trial_id":30,"state":2,"values":null,"datetime_complete":"2026-08-07T13:37:21.501569"}
{"op_code":4,"worker_id":"14ccb1d8-6cd5-4d00-bc76-74a331961dd9-135760465028928","study_id":0,"datetime_start":"2026-08-07T13:37:21.503880"}
{"op_code":9,"worker_id":"14ccb1d8-6cd5-4d00-bc76-74a331961dd9-135760465028928","trial_id":31,"system_attr":{"tpe:relative_params:0":"{\"gx\": 2, \"gy\": 1, \"k\": 64, \"m\": 16, \"n\": 128, \"sub\": 32}"}}
{"op_code":5,"worker_id":"14ccb1d8-6cd5-4d00-bc76-74a331961dd9-135760465028928","trial_id":31,"param_name":"m","param_value_internal":0,"distribution":"{\"name\": \"CategoricalDistribution\", \"attributes\": {\"choices\": [16, 32, 64, 128, 256]}}"}
{"op_code":5,"worker_id":"14ccb1d8-6cd5-4d00-bc76-74a331961dd9-135760465028928","trial_id":31,"param_name":"n","param_value_internal":3,"distribution":"{\"name\": \"CategoricalDistribution\", \"attributes\": {\"choices\": [16, 32, 64, 128, 256]}}"}
{"op_code":5,"worker_id":"14ccb1d8-6cd5-4d00-bc76-74a331961dd9-135760465028928","trial_id":31,"param_name":"k","param_value_internal":2,"distribution":"{\"name\": \"CategoricalDistribution\", \"attributes\": {\"choices\": [16, 32, 64, 128]}}"}
{"op_code":5,"worker_id":"14ccb1d8-6cd5-4d00-bc76-74a331961dd9-135760465028928","trial_id":31,"param_name":"gx","param_value_internal":1,"distribution":"{\"name\": \"CategoricalDistribution\", \"attributes\": {\"choices\": [1, 2, 4, 8]}}"}
{"op_code":5,"worker_id":"14ccb1d8-6cd5-4d00-bc76-74a331961dd9-135760465028928","trial_id":31,"param_name":"gy","param_value_internal":0,"distribution":"{\"name\": \"CategoricalDistribution\", \"attributes\": {\"choices\": [1, 2, 4, 8]}}"}
{"op_code":5,"worker_id":"14ccb1d8-6cd5-4d00-bc76-74a331961dd9-135760465028928","trial_id":31,"param_name":"sub","param_value_internal":0,"distribution":"{\"name\": \"CategoricalDistribution\", \"attributes\": {\"choices\": [32, 64]}}"}
{"op_code":8,"worker_id":"14ccb1d8-6cd5-4d00-bc76-74a331961dd9-135760465028928","trial_id":31,"user_attr":{"token":"tsweep_dbuf4_t16x128k64g21s32"}}
{"op_code":4,"worker_id":"14ccb1d8-6cd5-4d00-bc76-74a331961dd9-135760465028928","study_id":0,"datetime_start":"2026-08-07T13:37:21.526598"}
{"op_code":9,"worker_id":"14ccb1d8-6cd5-4d00-bc76-74a331961dd9-135760465028928","trial_id":32,"system_attr":{"tpe:relative_params:0":"{\"gx\": 8, \"gy\": 1, \"k\": 64, \"m\": 128, \"n\": 128, \"sub\": 64}"}}
{"op_code":5,"worker_id":"14ccb1d8-6cd5-4d00-bc76-74a331961dd9-135760465028928","trial_id":32,"param_name":"m","param_value_internal":3,"distribution":"{\"name\": \"CategoricalDistribution\", \"attributes\": {\"choices\": [16, 32, 64, 128, 256]}}"}
{"op_code":5,"worker_id":"14ccb1d8-6cd5-4d00-bc76-74a331961dd9-135760465028928","trial_id":32,"param_name":"n","param_value_internal":3,"distribution":"{\"name\": \"CategoricalDistribution\", \"attributes\": {\"choices\": [16, 32, 64, 128, 256]}}"}
{"op_code":5,"worker_id":"14ccb1d8-6cd5-4d00-bc76-74a331961dd9-135760465028928","trial_id":32,"param_name":"k","param_value_internal":2,"distribution":"{\"name\": \"CategoricalDistribution\", \"attributes\": {\"choices\": [16, 32, 64, 128]}}"}
{"op_code":5,"worker_id":"14ccb1d8-6cd5-4d00-bc76-74a331961dd9-135760465028928","trial_id":32,"param_name":"gx","param_value_internal":3,"distribution":"{\"name\": \"CategoricalDistribution\", \"attributes\": {\"choices\": [1, 2, 4, 8]}}"}
{"op_code":5,"worker_id":"14ccb1d8-6cd5-4d00-bc76-74a331961dd9-135760465028928","trial_id":32,"param_name":"gy","param_value_internal":0,"distribution":"{\"name\": \"CategoricalDistribution\", \"attributes\": {\"choices\": [1, 2, 4, 8]}}"}
{"op_code":5,"worker_id":"14ccb1d8-6cd5-4d00-bc76-74a331961dd9-135760465028928","trial_id":32,"param_name":"sub","param_value_internal":1,"distribution":"{\"name\": \"CategoricalDistribution\", \"attributes\": {\"choices\": [32, 64]}}"}
{"op_code":8,"worker_id":"14ccb1d8-6cd5-4d00-bc76-74a331961dd9-135760465028928","trial_id":32,"user_attr":{"token":"tsweep_dbuf4_t128x128k64g81s64"}}
{"op_code":4,"worker_id":"14ccb1d8-6cd5-4d00-bc76-74a331961dd9-135760465028928","study_id":0,"datetime_start":"2026-08-07T13:37:21.551613"}
{"op_code":9,"worker_id":"14ccb1d8-6cd5-4d00-bc76-74a331961dd9-135760465028928","trial_id":33,"system_attr":{"tpe:relative_params:0":"{\"gx\": 2, \"gy\": 2, \"k\": 64, \"m\": 32, \"n\": 256, \"sub\": 64}"}}
{"op_code":5,"worker_id":"14ccb1d8-6cd5-4d00-bc76-74a331961dd9-135760465028928","trial_id":33,"param_name":"m","param_value_internal":1,"distribution":"{\"name\": \"CategoricalDistribution\", \"attributes\": {\"choices\": [16, 32, 64, 128, 256]}}"}
{"op_code":5,"worker_id":"14ccb1d8-6cd5-4d00-bc76-74a331961dd9-135760465028928","trial_id":33,"param_name":"n","param_value_internal":4,"distribution":"{\"name\": \"CategoricalDistribution\", \"attributes\": {\"choices\": [16, 32, 64, 128, 256]}}"}
{"op_code":5,"worker_id":"14ccb1d8-6cd5-4d00-bc76-74a331961dd9-135760465028928","trial_id":33,"param_name":"k","param_value_internal":2,"distribution":"{\"name\": \"CategoricalDistribution\", \"attributes\": {\"choices\": [16, 32, 64, 128]}}"}
{"op_code":5,"worker_id":"14ccb1d8-6cd5-4d00-bc76-74a331961dd9-135760465028928","trial_id":33,"param_name":"gx","param_value_internal":1,"distribution":"{\"name\": \"CategoricalDistribution\", \"attributes\": {\"choices\": [1, 2, 4, 8]}}"}
{"op_code":5,"worker_id":"14ccb1d8-6cd5-4d00-bc76-74a331961dd9-135760465028928","trial_id":33,"param_name":"gy","param_value_internal":1,"distribution":"{\"name\": \"CategoricalDistribution\", \"attributes\": {\"choices\": [1, 2, 4, 8]}}"}
{"op_code":5,"worker_id":"14ccb1d8-6cd5-4d00-bc76-74a331961dd9-135760465028928","trial_id":33,"param_name":"sub","param_value_internal":1,"distribution":"{\"name\": \"CategoricalDistribution\", \"attributes\": {\"choices\": [32, 64]}}"}
{"op_code":8,"worker_id":"14ccb1d8-6cd5-4d00-bc76-74a331961dd9-135760465028928","trial_id":33,"user_attr":{"token":"tsweep_dbuf4_t32x256k64g22s64"}}
{"op_code":4,"worker_id":"14ccb1d8-6cd5-4d00-bc76-74a331961dd9-135760465028928","study_id":0,"datetime_start":"2026-08-07T13:37:21.571068"}
{"op_code":9,"worker_id":"14ccb1d8-6cd5-4d00-bc76-74a331961dd9-135760465028928","trial_id":34,"system_attr":{"tpe:relative_params:0":"{\"gx\": 8, \"gy\": 4, \"k\": 16, \"m\": 64, \"n\": 64, \"sub\": 32}"}}
{"op_code":5,"worker_id":"14ccb1d8-6cd5-4d00-bc76-74a331961dd9-135760465028928","trial_id":34,"param_name":"m","param_value_internal":2,"distribution":"{\"name\": \"CategoricalDistribution\", \"attributes\": {\"choices\": [16, 32, 64, 128, 256]}}"}
{"op_code":5,"worker_id":"14ccb1d8-6cd5-4d00-bc76-74a331961dd9-135760465028928","trial_id":34,"param_name":"n","param_value_internal":2,"distribution":"{\"name\": \"CategoricalDistribution\", \"attributes\": {\"choices\": [16, 32, 64, 128, 256]}}"}
{"op_code":5,"worker_id":"14ccb1d8-6cd5-4d00-bc76-74a331961dd9-135760465028928","trial_id":34,"param_name":"k","param_value_internal":0,"distribution":"{\"name\": \"CategoricalDistribution\", \"attributes\": {\"choices\": [16, 32, 64, 128]}}"}
{"op_code":5,"worker_id":"14ccb1d8-6cd5-4d00-bc76-74a331961dd9-135760465028928","trial_id":34,"param_name":"gx","param_value_internal":3,"distribution":"{\"name\": \"CategoricalDistribution\", \"attributes\": {\"choices\": [1, 2, 4, 8]}}"}
{"op_code":5,"worker_id":"14ccb1d8-6cd5-4d00-bc76-74a331961dd9-135760465028928","trial_id":34,"param_name":"gy","param_value_internal":2,"distribution":"{\"name\": \"CategoricalDistribution\", \"attributes\": {\"choices\": [1, 2, 4, 8]}}"}
{"op_code":5,"worker_id":"14ccb1d8-6cd5-4d00-bc76-74a331961dd9-135760465028928","trial_id":34,"param_name":"sub","param_value_internal":0,"distribution":"{\"name\": \"CategoricalDistribution\", \"attributes\": {\"choices\": [32, 64]}}"}
{"op_code":6,"worker_id":"14ccb1d8-6cd5-4d00-bc76-74a331961dd9-135760465028928","trial_id":34,"state":2,"values":null,"datetime_complete":"2026-08-07T13:37:21.588561"}
{"op_code":4,"worker_id":"14ccb1d8-6cd5-4d00-bc76-74a331961dd9-135760465028928","study_id":0,"datetime_start":"2026-08-07T13:37:21.590535"}
{"op_code":9,"worker_id":"14ccb1d8-6cd5-4d00-bc76-74a331961dd9-135760465028928","trial_id":35,"system_attr":{"tpe:relative_params:0":"{\"gx\": 1, \"gy\": 2, \"k\": 128, \"m\": 256, \"n\": 64, \"sub\": 64}"}}
{"op_code":5,"worker_id":"14ccb1d8-6cd5-4d00-bc76-74a331961dd9-135760465028928","trial_id":35,"param_name":"m","param_value_internal":4,"distribution":"{\"name\": \"CategoricalDistribution\", \"attributes\": {\"choices\": [16, 32, 64, 128, 256]}}"}
{"op_code":5,"worker_id":"14ccb1d8-6cd5-4d00-bc76-74a331961dd9-135760465028928","trial_id":35,"param_name":"n","param_value_internal":2,"distribution":"{\"name\": \"CategoricalDistribution\", \"attributes\": {\"choices\": [16, 32, 64, 128, 256]}}"}
{"op_code":5,"worker_id":"14ccb1d8-6cd5-4d00-bc76-74a331961dd9-135760465028928","trial_id":35,"param_name":"k","param_value_internal":3,"distribution":"{\"name\": \"CategoricalDistribution\", \"attributes\": {\"choices\": [16, 32, 64, 128]}}"}
{"op_code":5,"worker_id":"14ccb1d8-6cd5-4d00-bc76-74a331961dd9-135760465028928","trial_id":35,"param_name":"gx","param_value_internal":0,"distribution":"{\"name\": \"CategoricalDistribution\", \"attributes\": {\"choices\": [1, 2, 4, 8]}}"}
{"op_code":5,"worker_id":"14ccb1d8-6cd5-4d00-bc76-74a331961dd9-135760465028928","trial_id":35,"param_name":"gy","param_value_internal":1,"distribution":"{\"name\": \"CategoricalDistribution\", \"attributes\": {\"choices\": [1, 2, 4, 8]}}"}
{"op_code":5,"worker_id":"14ccb1d8-6cd5-4d00-bc76-74a331961dd9-135760465028928","trial_id":35,"param_name":"sub","param_value_internal":1,"distribution":"{\"name\": \"CategoricalDistribution\", \"attributes\": {\"choices\": [32, 64]}}"}
{"op_code":6,"worker_id":"14ccb1d8-6cd5-4d00-bc76-74a331961dd9-135760465028928","trial_id":35,"state":2,"values":null,"datetime_complete":"2026-08-07T13:37:21.608357"}
{"op_code":4,"worker_id":"14ccb1d8-6cd5-4d00-bc76-74a331961dd9-135760465028928","study_id":0,"datetime_start":"2026-08-07T13:37:21.610435"}
{"op_code":9,"worker_id":"14ccb1d8-6cd5-4d00-bc76-74a331961dd9-135760465028928","trial_id":36,"system_attr":{"tpe:relative_params:0":"{\"gx\": 4, \"gy\": 1, \"k\": 64, \"m\": 256, \"n\": 256, \"sub\": 64}"}}
{"op_code":5,"worker_id":"14ccb1d8-6cd5-4d00-bc76-74a331961dd9-135760465028928","trial_id":36,"param_name":"m","param_value_internal":4,"distribution":"{\"name\": \"CategoricalDistribution\", \"attributes\": {\"choices\": [16, 32, 64, 128, 256]}}"}
{"op_code":5,"worker_id":"14ccb1d8-6cd5-4d00-bc76-74a331961dd9-135760465028928","trial_id":36,"param_name":"n","param_value_internal":4,"distribution":"{\"name\": \"CategoricalDistribution\", \"attributes\": {\"choices\": [16, 32, 64, 128, 256]}}"}
{"op_code":5,"worker_id":"14ccb1d8-6cd5-4d00-bc76-74a331961dd9-135760465028928","trial_id":36,"param_name":"k","param_value_internal":2,"distribution":"{\"name\": \"CategoricalDistribution\", \"attributes\": {\"choices\": [16, 32, 64, 128]}}"}
{"op_code":5,"worker_id":"14ccb1d8-6cd5-4d00-bc76-74a331961dd9-135760465028928","trial_id":36,"param_name":"gx","param_value_internal":2,"distribution":"{\"name\": \"CategoricalDistribution\", \"attributes\": {\"choices\": [1, 2, 4, 8]}}"}
{"op_code":5,"worker_id":"14ccb1d8-6cd5-4d00-bc76-74a331961dd9-135760465028928","trial_id":36,"param_name":"gy","param_value_internal":0,"distribution":"{\"name\": \"CategoricalDistribution\", \"attributes\": {\"choices\": [1, 2, 4, 8]}}"}
{"op_code":5,"worker_id":"14ccb1d8-6cd5-4d00-bc76-74a331961dd9-135760465028928","trial_id":36,"param_name":"sub","param_value_internal":1,"distribution":"{\"name\": \"CategoricalDistribution\", \"attributes\": {\"choices\": [32, 64]}}"}
{"op_code":6,"worker_id":"14ccb1d8-6cd5-4d00-bc76-74a331961dd9-135760465028928","trial_id":36,"state":2,"values":null,"datetime_complete":"2026-08-07T13:37:21.628836"}
{"op_code":4,"worker_id":"14ccb1d8-6cd5-4d00-bc76-74a331961dd9-135760465028928","study_id":0,"datetime_start":"2026-08-07T13:37:21.630834"}
{"op_code":9,"worker_id":"14ccb1d8-6cd5-4d00-bc76-74a331961dd9-135760465028928","trial_id":37,"system_attr":{"tpe:relative_params:0":"{\"gx\": 2, \"gy\": 2, \"k\": 128, \"m\": 16, \"n\": 64, \"sub\": 64}"}}
{"op_code":5,"worker_id":"14ccb1d8-6cd5-4d00-bc76-74a331961dd9-135760465028928","trial_id":37,"param_name":"m","param_value_internal":0,"distribution":"{\"name\": \"CategoricalDistribution\", \"attributes\": {\"choices\": [16, 32, 64, 128, 256]}}"}
{"op_code":5,"worker_id":"14ccb1d8-6cd5-4d00-bc76-74a331961dd9-135760465028928","trial_id":37,"param_name":"n","param_value_internal":2,"distribution":"{\"name\": \"CategoricalDistribution\", \"attributes\": {\"choices\": [16, 32, 64, 128, 256]}}"}
{"op_code":5,"worker_id":"14ccb1d8-6cd5-4d00-bc76-74a331961dd9-135760465028928","trial_id":37,"param_name":"k","param_value_internal":3,"distribution":"{\"name\": \"CategoricalDistribution\", \"attributes\": {\"choices\": [16, 32, 64, 128]}}"}
{"op_code":5,"worker_id":"14ccb1d8-6cd5-4d00-bc76-74a331961dd9-135760465028928","trial_id":37,"param_name":"gx","param_value_internal":1,"distribution":"{\"name\": \"CategoricalDistribution\", \"attributes\": {\"choices\": [1, 2, 4, 8]}}"}
{"op_code":5,"worker_id":"14ccb1d8-6cd5-4d00-bc76-74a331961dd9-135760465028928","trial_id":37,"param_name":"gy","param_value_internal":1,"distribution":"{\"name\": \"CategoricalDistribution\", \"attributes\": {\"choices\": [1, 2, 4, 8]}}"}
{"op_code":5,"worker_id":"14ccb1d8-6cd5-4d00-bc76-74a331961dd9-135760465028928","trial_id":37,"param_name":"sub","param_value_internal":1,"distribution":"{\"name\": \"CategoricalDistribution\", \"attributes\": {\"choices\": [32, 64]}}"}
{"op_code":6,"worker_id":"14ccb1d8-6cd5-4d00-bc76-74a331961dd9-135760465028928","trial_id":37,"state":2,"values":null,"datetime_complete":"2026-08-07T13:37:21.649507"}
{"op_code":4,"worker_id":"14ccb1d8-6cd5-4d00-bc76-74a331961dd9-135760465028928","study_id":0,"datetime_start":"2026-08-07T13:37:21.651436"}
{"op_code":9,"worker_id":"14ccb1d8-6cd5-4d00-bc76-74a331961dd9-135760465028928","trial_id":38,"system_attr":{"tpe:relative_params:0":"{\"gx\": 1, \"gy\": 2, \"k\": 32, \"m\": 256, \"n\": 128, \"sub\": 64}"}}
{"op_code":5,"worker_id":"14ccb1d8-6cd5-4d00-bc76-74a331961dd9-135760465028928","trial_id":38,"param_name":"m","param_value_internal":4,"distribution":"{\"name\": \"CategoricalDistribution\", \"attributes\": {\"choices\": [16, 32, 64, 128, 256]}}"}
{"op_code":5,"worker_id":"14ccb1d8-6cd5-4d00-bc76-74a331961dd9-135760465028928","trial_id":38,"param_name":"n","param_value_internal":3,"distribution":"{\"name\": \"CategoricalDistribution\", \"attributes\": {\"choices\": [16, 32, 64, 128, 256]}}"}
{"op_code":5,"worker_id":"14ccb1d8-6cd5-4d00-bc76-74a331961dd9-135760465028928","trial_id":38,"param_name":"k","param_value_internal":1,"distribution":"{\"name\": \"CategoricalDistribution\", \"attributes\": {\"choices\": [16, 32, 64, 128]}}"}
{"op_code":5,"worker_id":"14ccb1d8-6cd5-4d00-bc76-74a331961dd9-135760465028928","trial_id":38,"param_name":"gx","param_value_internal":0,"distribution":"{\"name\": \"CategoricalDistribution\", \"attributes\": {\"choices\": [1, 2, 4, 8]}}"}
{"op_code":5,"worker_id":"14ccb1d8-6cd5-4d00-bc76-74a331961dd9-135760465028928","trial_id":38,"param_name":"gy","param_value_internal":1,"distribution":"{\"name\": \"CategoricalDistribution\", \"attributes\": {\"choices\": [1, 2, 4, 8]}}"}
{"op_code":5,"worker_id":"14ccb1d8-6cd5-4d00-bc76-74a331961dd9-135760465028928","trial_id":38,"param_name":"sub","param_value_internal":1,"distribution":"{\"name\": \"CategoricalDistribution\", \"attributes\": {\"choices\": [32, 64]}}"}
{"op_code":8,"worker_id":"14ccb1d8-6cd5-4d00-bc76-74a331961dd9-135760465028928","trial_id":38,"user_attr":{"token":"tsweep_dbuf4_t256x128k32g12s64"}}
{"op_code":4,"worker_id":"14ccb1d8-6cd5-4d00-bc76-74a331961dd9-135760465028928","study_id":0,"datetime_start":"2026-08-07T13:37:21.670535"}
{"op_code":9,"worker_id":"14ccb1d8-6cd5-4d00-bc76-74a331961dd9-135760465028928","trial_id":39,"system_attr":{"tpe:relative_params:0":"{\"gx\": 1, \"gy\": 1, \"k\": 128, \"m\": 256, \"n\": 64, \"sub\": 32}"}}
{"op_code":5,"worker_id":"14ccb1d8-6cd5-4d00-bc76-74a331961dd9-135760465028928","trial_id":39,"param_name":"m","param_value_internal":4,"distribution":"{\"name\": \"CategoricalDistribution\", \"attributes\": {\"choices\": [16, 32, 64, 128, 256]}}"}
{"op_code":5,"worker_id":"14ccb1d8-6cd5-4d00-bc76-74a331961dd9-135760465028928","trial_id":39,"param_name":"n","param_value_internal":2,"distribution":"{\"name\": \"CategoricalDistribution\", \"attributes\": {\"choices\": [16, 32, 64, 128, 256]}}"}
{"op_code":5,"worker_id":"14ccb1d8-6cd5-4d00-bc76-74a331961dd9-135760465028928","trial_id":39,"param_name":"k","param_value_internal":3,"distribution":"{\"name\": \"CategoricalDistribution\", \"attributes\": {\"choices\": [16, 32, 64, 128]}}"}
{"op_code":5,"worker_id":"14ccb1d8-6cd5-4d00-bc76-74a331961dd9-135760465028928","trial_id":39,"param_name":"gx","param_value_internal":0,"distribution":"{\"name\": \"CategoricalDistribution\", \"attributes\": {\"choices\": [1, 2, 4, 8]}}"}
{"op_code":5,"worker_id":"14ccb1d8-6cd5-4d00-bc76-74a331961dd9-135760465028928","trial_id":39,"param_name":"gy","param_value_internal":0,"distribution":"{\"name\": \"CategoricalDistribution\", \"attributes\": {\"choices\": [1, 2, 4, 8]}}"}
{"op_code":5,"worker_id":"14ccb1d8-6cd5-4d00-bc76-74a331961dd9-135760465028928","trial_id":39,"param_name":"sub","param_value_internal":0,"distribution":"{\"name\": \"CategoricalDistribution\", \"attributes\": {\"choices\": [32, 64]}}"}
{"op_code":6,"worker_id":"14ccb1d8-6cd5-4d00-bc76-74a331961dd9-135760465028928","trial_id":39,"state":2,"values":null,"datetime_complete":"2026-08-07T13:37:21.687944"}
{"op_code":4,"worker_id":"14ccb1d8-6cd5-4d00-bc76-74a331961dd9-135760465028928","study_id":0,"datetime_start":"2026-08-07T13:37:21.689782"}
{"op_code":9,"worker_id":"14ccb1d8-6cd5-4d00-bc76-74a331961dd9-135760465028928","trial_id":40,"system_attr":{"tpe:relative_params:0":"{\"gx\": 1, \"gy\": 4, \"k\": 16, \"m\": 256, \"n\": 64, \"sub\": 64}"}}
{"op_code":5,"worker_id":"14ccb1d8-6cd5-4d00-bc76-74a331961dd9-135760465028928","trial_id":40,"param_name":"m","param_value_internal":4,"distribution":"{\"name\": \"CategoricalDistribution\", \"attributes\": {\"choices\": [16, 32, 64, 128, 256]}}"}
{"op_code":5,"worker_id":"14ccb1d8-6cd5-4d00-bc76-74a331961dd9-135760465028928","trial_id":40,"param_name":"n","param_value_internal":2,"distribution":"{\"name\": \"CategoricalDistribution\", \"attributes\": {\"choices\": [16, 32, 64, 128, 256]}}"}
{"op_code":5,"worker_id":"14ccb1d8-6cd5-4d00-bc76-74a331961dd9-135760465028928","trial_id":40,"param_name":"k","param_value_internal":0,"distribution":"{\"name\": \"CategoricalDistribution\", \"attributes\": {\"choices\": [16, 32, 64, 128]}}"}
{"op_code":5,"worker_id":"14ccb1d8-6cd5-4d00-bc76-74a331961dd9-135760465028928","trial_id":40,"param_name":"gx","param_value_internal":0,"distribution":"{\"name\": \"CategoricalDistribution\", \"attributes\": {\"choices\": [1, 2, 4, 8]}}"}
{"op_code":5,"worker_id":"14ccb1d8-6cd5-4d00-bc76-74a331961dd9-135760465028928","trial_id":40,"param_name":"gy","param_value_internal":2,"distribution":"{\"name\": \"CategoricalDistribution\", \"attributes\": {\"choices\": [1, 2, 4, 8]}}"}
{"op_code":5,"worker_id":"14ccb1d8-6cd5-4d00-bc76-74a331961dd9-135760465028928","trial_id":40,"param_name":"sub","param_value_internal":1,"distribution":"{\"name\": \"CategoricalDistribution\", \"attributes\": {\"choices\": [32, 64]}}"}
{"op_code":8,"worker_id":"14ccb1d8-6cd5-4d00-bc76-74a331961dd9-135760465028928","trial_id":40,"user_attr":{"token":"tsweep_dbuf4_t256x64k16g14s64"}}
{"op_code":6,"worker_id":"14ccb1d8-6cd5-4d00-bc76-74a331961dd9-135760465028928","trial_id":0,"state":1,"values":[975.944],"datetime_complete":"2026-08-07T13:38:20.508185"}
{"op_code":6,"worker_id":"14ccb1d8-6cd5-4d00-bc76-74a331961dd9-135760465028928","trial_id":3,"state":2,"values":null,"datetime_complete":"2026-08-07T13:38:33.123948"}
{"op_code":6,"worker_id":"14ccb1d8-6cd5-4d00-bc76-74a331961dd9-135760465028928","trial_id":4,"state":2,"values":null,"datetime_complete":"2026-08-07T13:38:40.005927"}
{"op_code":6,"worker_id":"14ccb1d8-6cd5-4d00-bc76-74a331961dd9-135760465028928","trial_id":5,"state":2,"values":null,"datetime_complete":"2026-08-07T13:38:51.148171"}
{"op_code":6,"worker_id":"14ccb1d8-6cd5-4d00-bc76-74a331961dd9-135760465028928","trial_id":7,"state":2,"values":null,"datetime_complete":"2026-08-07T13:38:58.094290"}
{"op_code":6,"worker_id":"14ccb1d8-6cd5-4d00-bc76-74a331961dd9-135760465028928","trial_id":14,"state":1,"values":[1163.8525],"datetime_complete":"2026-08-07T13:39:22.876981"}
{"op_code":6,"worker_id":"14ccb1d8-6cd5-4d00-bc76-74a331961dd9-135760465028928","trial_id":16,"state":1,"values":[870.47],"datetime_complete":"2026-08-07T13:39:52.341173"}
{"op_code":6,"worker_id":"14ccb1d8-6cd5-4d00-bc76-74a331961dd9-135760465028928","trial_id":17,"state":2,"values":null,"datetime_complete":"2026-08-07T13:40:04.338124"}
{"op_code":6,"worker_id":"14ccb1d8-6cd5-4d00-bc76-74a331961dd9-135760465028928","trial_id":20,"state":1,"values":[1185.145],"datetime_complete":"2026-08-07T13:40:32.085893"}
{"op_code":6,"worker_id":"14ccb1d8-6cd5-4d00-bc76-74a331961dd9-135760465028928","trial_id":23,"state":2,"values":null,"datetime_complete":"2026-08-07T13:40:44.781607"}
{"op_code":6,"worker_id":"14ccb1d8-6cd5-4d00-bc76-74a331961dd9-135760465028928","trial_id":28,"state":2,"values":null,"datetime_complete":"2026-08-07T13:40:51.241834"}
{"op_code":6,"worker_id":"14ccb1d8-6cd5-4d00-bc76-74a331961dd9-135760465028928","trial_id":31,"state":2,"values":null,"datetime_complete":"2026-08-07T13:40:57.986140"}
{"op_code":6,"worker_id":"14ccb1d8-6cd5-4d00-bc76-74a331961dd9-135760465028928","trial_id":32,"state":1,"values":[1096.58],"datetime_complete":"2026-08-07T13:41:25.025011"}
{"op_code":6,"worker_id":"14ccb1d8-6cd5-4d00-bc76-74a331961dd9-135760465028928","trial_id":33,"state":2,"values":null,"datetime_complete":"2026-08-07T13:41:37.557466"}
{"op_code":6,"worker_id":"14ccb1d8-6cd5-4d00-bc76-74a331961dd9-135760465028928","trial_id":38,"state":2,"values":null,"datetime_complete":"2026-08-07T13:41:45.073208"}
{"op_code":6,"worker_id":"14ccb1d8-6cd5-4d00-bc76-74a331961dd9-135760465028928","trial_id":40,"state":2,"values":null,"datetime_complete":"2026-08-07T13:41:57.514479"}
{"op_code":4,"worker_id":"14ccb1d8-6cd5-4d00-bc76-74a331961dd9-135760465028928","study_id":0,"datetime_start":"2026-08-07T13:41:57.517355"}
{"op_code":9,"worker_id":"14ccb1d8-6cd5-4d00-bc76-74a331961dd9-135760465028928","trial_id":41,"system_attr":{"tpe:relative_params:0":"{\"gx\": 4, \"gy\": 2, \"k\": 64, \"m\": 128, \"n\": 64, \"sub\": 64}"}}
{"op_code":5,"worker_id":"14ccb1d8-6cd5-4d00-bc76-74a331961dd9-135760465028928","trial_id":41,"param_name":"m","param_value_internal":3,"distribution":"{\"name\": \"CategoricalDistribution\", \"attributes\": {\"choices\": [16, 32, 64, 128, 256]}}"}
{"op_code":5,"worker_id":"14ccb1d8-6cd5-4d00-bc76-74a331961dd9-135760465028928","trial_id":41,"param_name":"n","param_value_internal":2,"distribution":"{\"name\": \"CategoricalDistribution\", \"attributes\": {\"choices\": [16, 32, 64, 128, 256]}}"}
{"op_code":5,"worker_id":"14ccb1d8-6cd5-4d00-bc76-74a331961dd9-135760465028928","trial_id":41,"param_name":"k","param_value_internal":2,"distribution":"{\"name\": \"CategoricalDistribution\", \"attributes\": {\"choices\": [16, 32, 64, 128]}}"}
{"op_code":5,"worker_id":"14ccb1d8-6cd5-4d00-bc76-74a331961dd9-135760465028928","trial_id":41,"param_name":"gx","param_value_internal":2,"distribution":"{\"name\": \"CategoricalDistribution\", \"attributes\": {\"choices\": [1, 2, 4, 8]}}"}
{"op_code":5,"worker_id":"14ccb1d8-6cd5-4d00-bc76-74a331961dd9-135760465028928","trial_id":41,"param_name":"gy","param_value_internal":1,"distribution":"{\"name\": \"CategoricalDistribution\", \"attributes\": {\"choices\": [1, 2, 4, 8]}}"}
{"op_code":5,"worker_id":"14ccb1d8-6cd5-4d00-bc76-74a331961dd9-135760465028928","trial_id":41,"param_name":"sub","param_value_internal":1,"distribution":"{\"name\": \"CategoricalDistribution\", \"attributes\": {\"choices\": [32, 64]}}"}
{"op_code":6,"worker_id":"14ccb1d8-6cd5-4d00-bc76-74a331961dd9-135760465028928","trial_id":41,"state":2,"values":null,"datetime_complete":"2026-08-07T13:41:57.538495"}
{"op_code":4,"worker_id":"14ccb1d8-6cd5-4d00-bc76-74a331961dd9-135760465028928","study_id":0,"datetime_start":"2026-08-07T13:41:57.540612"}
{"op_code":9,"worker_id":"14ccb1d8-6cd5-4d00-bc76-74a331961dd9-135760465028928","trial_id":42,"system_attr":{"tpe:relative_params:0":"{\"gx\": 2, \"gy\": 4, \"k\": 16, \"m\": 128, \"n\": 32, \"sub\": 32}"}}
{"op_code":5,"worker_id":"14ccb1d8-6cd5-4d00-bc76-74a331961dd9-135760465028928","trial_id":42,"param_name":"m","param_value_internal":3,"distribution":"{\"name\": \"CategoricalDistribution\", \"attributes\": {\"choices\": [16, 32, 64, 128, 256]}}"}
{"op_code":5,"worker_id":"14ccb1d8-6cd5-4d00-bc76-74a331961dd9-135760465028928","trial_id":42,"param_name":"n","param_value_internal":1,"distribution":"{\"name\": \"CategoricalDistribution\", \"attributes\": {\"choices\": [16, 32, 64, 128, 256]}}"}
{"op_code":5,"worker_id":"14ccb1d8-6cd5-4d00-bc76-74a331961dd9-135760465028928","trial_id":42,"param_name":"k","param_value_internal":0,"distribution":"{\"name\": \"CategoricalDistribution\", \"attributes\": {\"choices\": [16, 32, 64, 128]}}"}
{"op_code":5,"worker_id":"14ccb1d8-6cd5-4d00-bc76-74a331961dd9-135760465028928","trial_id":42,"param_name":"gx","param_value_internal":1,"distribution":"{\"name\": \"CategoricalDistribution\", \"attributes\": {\"choices\": [1, 2, 4, 8]}}"}
{"op_code":5,"worker_id":"14ccb1d8-6cd5-4d00-bc76-74a331961dd9-135760465028928","trial_id":42,"param_name":"gy","param_value_internal":2,"distribution":"{\"name\": \"CategoricalDistribution\", \"attributes\": {\"choices\": [1, 2, 4, 8]}}"}
{"op_code":5,"worker_id":"14ccb1d8-6cd5-4d00-bc76-74a331961dd9-135760465028928","trial_id":42,"param_name":"sub","param_value_internal":0,"distribution":"{\"name\": \"CategoricalDistribution\", \"attributes\": {\"choices\": [32, 64]}}"}
{"op_code":6,"worker_id":"14ccb1d8-6cd5-4d00-bc76-74a331961dd9-135760465028928","trial_id":42,"state":2,"values":null,"datetime_complete":"2026-08-07T13:41:57.559687"}
{"op_code":4,"worker_id":"14ccb1d8-6cd5-4d00-bc76-74a331961dd9-135760465028928","study_id":0,"datetime_start":"2026-08-07T13:41:57.561831"}
{"op_code":9,"worker_id":"14ccb1d8-6cd5-4d00-bc76-74a331961dd9-135760465028928","trial_id":43,"system_attr":{"tpe:relative_params:0":"{\"gx\": 8, \"gy\": 1, \"k\": 64, \"m\": 128, \"n\": 128, \"sub\": 64}"}}
{"op_code":5,"worker_id":"14ccb1d8-6cd5-4d00-bc76-74a331961dd9-135760465028928","trial_id":43,"param_name":"m","param_value_internal":3,"distribution":"{\"name\": \"CategoricalDistribution\", \"attributes\": {\"choices\": [16, 32, 64, 128, 256]}}"}
{"op_code":5,"worker_id":"14ccb1d8-6cd5-4d00-bc76-74a331961dd9-135760465028928","trial_id":43,"param_name":"n","param_value_internal":3,"distribution":"{\"name\": \"CategoricalDistribution\", \"attributes\": {\"choices\": [16, 32, 64, 128, 256]}}"}
{"op_code":5,"worker_id":"14ccb1d8-6cd5-4d00-bc76-74a331961dd9-135760465028928","trial_id":43,"param_name":"k","param_value_internal":2,"distribution":"{\"name\": \"CategoricalDistribution\", \"attributes\": {\"choices\": [16, 32, 64, 128]}}"}
{"op_code":5,"worker_id":"14ccb1d8-6cd5-4d00-bc76-74a331961dd9-135760465028928","trial_id":43,"param_name":"gx","param_value_internal":3,"distribution":"{\"name\": \"CategoricalDistribution\", \"attributes\": {\"choices\": [1, 2, 4, 8]}}"}
{"op_code":5,"worker_id":"14ccb1d8-6cd5-4d00-bc76-74a331961dd9-135760465028928","trial_id":43,"param_name":"gy","param_value_internal":0,"distribution":"{\"name\": \"CategoricalDistribution\", \"attributes\": {\"choices\": [1, 2, 4, 8]}}"}
{"op_code":5,"worker_id":"14ccb1d8-6cd5-4d00-bc76-74a331961dd9-135760465028928","trial_id":43,"param_name":"sub","param_value_internal":1,"distribution":"{\"name\": \"CategoricalDistribution\", \"attributes\": {\"choices\": [32, 64]}}"}
{"op_code":6,"worker_id":"14ccb1d8-6cd5-4d00-bc76-74a331961dd9-135760465028928","trial_id":43,"state":2,"values":null,"datetime_complete":"2026-08-07T13:41:57.582293"}
{"op_code":4,"worker_id":"14ccb1d8-6cd5-4d00-bc76-74a331961dd9-135760465028928","study_id":0,"datetime_start":"2026-08-07T13:41:57.584418"}
{"op_code":9,"worker_id":"14ccb1d8-6cd5-4d00-bc76-74a331961dd9-135760465028928","trial_id":44,"system_attr":{"tpe:relative_params:0":"{\"gx\": 4, \"gy\": 1, \"k\": 16, \"m\": 64, \"n\": 128, \"sub\": 32}"}}
{"op_code":5,"worker_id":"14ccb1d8-6cd5-4d00-bc76-74a331961dd9-135760465028928","trial_id":44,"param_name":"m","param_value_internal":2,"distribution":"{\"name\": \"CategoricalDistribution\", \"attributes\": {\"choices\": [16, 32, 64, 128, 256]}}"}
{"op_code":5,"worker_id":"14ccb1d8-6cd5-4d00-bc76-74a331961dd9-135760465028928","trial_id":44,"param_name":"n","param_value_internal":3,"distribution":"{\"name\": \"CategoricalDistribution\", \"attributes\": {\"choices\": [16, 32, 64, 128, 256]}}"}
{"op_code":5,"worker_id":"14ccb1d8-6cd5-4d00-bc76-74a331961dd9-135760465028928","trial_id":44,"param_name":"k","param_value_internal":0,"distribution":"{\"name\": \"CategoricalDistribution\", \"attributes\": {\"choices\": [16, 32, 64, 128]}}"}
{"op_code":5,"worker_id":"14ccb1d8-6cd5-4d00-bc76-74a331961dd9-135760465028928","trial_id":44,"param_name":"gx","param_value_internal":2,"distribution":"{\"name\": \"CategoricalDistribution\", \"attributes\": {\"choices\": [1, 2, 4, 8]}}"}
{"op_code":5,"worker_id":"14ccb1d8-6cd5-4d00-bc76-74a331961dd9-135760465028928","trial_id":44,"param_name":"gy","param_value_internal":0,"distribution":"{\"name\": \"CategoricalDistribution\", \"attributes\": {\"choices\": [1, 2, 4, 8]}}"}
{"op_code":5,"worker_id":"14ccb1d8-6cd5-4d00-bc76-74a331961dd9-135760465028928","trial_id":44,"param_name":"sub","param_value_internal":0,"distribution":"{\"name\": \"CategoricalDistribution\", \"attributes\": {\"choices\": [32, 64]}}"}
{"op_code":6,"worker_id":"14ccb1d8-6cd5-4d00-bc76-74a331961dd9-135760465028928","trial_id":44,"state":2,"values":null,"datetime_complete":"2026-08-07T13:41:57.603305"}
{"op_code":4,"worker_id":"14ccb1d8-6cd5-4d00-bc76-74a331961dd9-135760465028928","study_id":0,"datetime_start":"2026-08-07T13:41:57.605307"}
{"op_code":9,"worker_id":"14ccb1d8-6cd5-4d00-bc76-74a331961dd9-135760465028928","trial_id":45,"system_attr":{"tpe:relative_params:0":"{\"gx\": 1, \"gy\": 2, \"k\": 32, \"m\": 64, \"n\": 16, \"sub\": 64}"}}
{"op_code":5,"worker_id":"14ccb1d8-6cd5-4d00-bc76-74a331961dd9-135760465028928","trial_id":45,"param_name":"m","param_value_internal":2,"distribution":"{\"name\": \"CategoricalDistribution\", \"attributes\": {\"choices\": [16, 32, 64, 128, 256]}}"}
{"op_code":5,"worker_id":"14ccb1d8-6cd5-4d00-bc76-74a331961dd9-135760465028928","trial_id":45,"param_name":"n","param_value_internal":0,"distribution":"{\"name\": \"CategoricalDistribution\", \"attributes\": {\"choices\": [16, 32, 64, 128, 256]}}"}
{"op_code":5,"worker_id":"14ccb1d8-6cd5-4d00-bc76-74a331961dd9-135760465028928","trial_id":45,"param_name":"k","param_value_internal":1,"distribution":"{\"name\": \"CategoricalDistribution\", \"attributes\": {\"choices\": [16, 32, 64, 128]}}"}
{"op_code":5,"worker_id":"14ccb1d8-6cd5-4d00-bc76-74a331961dd9-135760465028928","trial_id":45,"param_name":"gx","param_value_internal":0,"distribution":"{\"name\": \"CategoricalDistribution\", \"attributes\": {\"choices\": [1, 2, 4, 8]}}"}
{"op_code":5,"worker_id":"14ccb1d8-6cd5-4d00-bc76-74a331961dd9-135760465028928","trial_id":45,"param_name":"gy","param_value_internal":1,"distribution":"{\"name\": \"CategoricalDistribution\", \"attributes\": {\"choices\": [1, 2, 4, 8]}}"}
{"op_code":5,"worker_id":"14ccb1d8-6cd5-4d00-bc76-74a331961dd9-135760465028928","trial_id":45,"param_name":"sub","param_value_internal":1,"distribution":"{\"name\": \"CategoricalDistribution\", \"attributes\": {\"choices\": [32, 64]}}"}
{"op_code":8,"worker_id":"14ccb1d8-6cd5-4d00-bc76-74a331961dd9-135760465028928","trial_id":45,"user_attr":{"token":"tsweep_dbuf4_t64x16k32g12s64"}}
{"op_code":4,"worker_id":"14ccb1d8-6cd5-4d00-bc76-74a331961dd9-135760465028928","study_id":0,"datetime_start":"2026-08-07T13:41:57.626378"}
{"op_code":9,"worker_id":"14ccb1d8-6cd5-4d00-bc76-74a331961dd9-135760465028928","trial_id":46,"system_attr":{"tpe:relative_params:0":"{\"gx\": 2, \"gy\": 4, \"k\": 128, \"m\": 128, \"n\": 128, \"sub\": 32}"}}
{"op_code":5,"worker_id":"14ccb1d8-6cd5-4d00-bc76-74a331961dd9-135760465028928","trial_id":46,"param_name":"m","param_value_internal":3,"distribution":"{\"name\": \"CategoricalDistribution\", \"attributes\": {\"choices\": [16, 32, 64, 128, 256]}}"}
{"op_code":5,"worker_id":"14ccb1d8-6cd5-4d00-bc76-74a331961dd9-135760465028928","trial_id":46,"param_name":"n","param_value_internal":3,"distribution":"{\"name\": \"CategoricalDistribution\", \"attributes\": {\"choices\": [16, 32, 64, 128, 256]}}"}
{"op_code":5,"worker_id":"14ccb1d8-6cd5-4d00-bc76-74a331961dd9-135760465028928","trial_id":46,"param_name":"k","param_value_internal":3,"distribution":"{\"name\": \"CategoricalDistribution\", \"attributes\": {\"choices\": [16, 32, 64, 128]}}"}
{"op_code":5,"worker_id":"14ccb1d8-6cd5-4d00-bc76-74a331961dd9-135760465028928","trial_id":46,"param_name":"gx","param_value_internal":1,"distribution":"{\"name\": \"CategoricalDistribution\", \"attributes\": {\"choices\": [1, 2, 4, 8]}}"}
{"op_code":5,"worker_id":"14ccb1d8-6cd5-4d00-bc76-74a331961dd9-135760465028928","trial_id":46,"param_name":"gy","param_value_internal":2,"distribution":"{\"name\": \"CategoricalDistribution\", \"attributes\": {\"choices\": [1, 2, 4, 8]}}"}
{"op_code":5,"worker_id":"14ccb1d8-6cd5-4d00-bc76-74a331961dd9-135760465028928","trial_id":46,"param_name":"sub","param_value_internal":0,"distribution":"{\"name\": \"CategoricalDistribution\", \"attributes\": {\"choices\": [32, 64]}}"}
{"op_code":6,"worker_id":"14ccb1d8-6cd5-4d00-bc76-74a331961dd9-135760465028928","trial_id":46,"state":2,"values":null,"datetime_complete":"2026-08-07T13:41:57.645904"}
{"op_code":4,"worker_id":"14ccb1d8-6cd5-4d00-bc76-74a331961dd9-135760465028928","study_id":0,"datetime_start":"2026-08-07T13:41:57.648053"}
{"op_code":9,"worker_id":"14ccb1d8-6cd5-4d00-bc76-74a331961dd9-135760465028928","trial_id":47,"system_attr":{"tpe:relative_params:0":"{\"gx\": 1, \"gy\": 8, \"k\": 32, \"m\": 64, \"n\": 32, \"sub\": 64}"}}
{"op_code":5,"worker_id":"14ccb1d8-6cd5-4d00-bc76-74a331961dd9-135760465028928","trial_id":47,"param_name":"m","param_value_internal":2,"distribution":"{\"name\": \"CategoricalDistribution\", \"attributes\": {\"choices\": [16, 32, 64, 128, 256]}}"}
{"op_code":5,"worker_id":"14ccb1d8-6cd5-4d00-bc76-74a331961dd9-135760465028928","trial_id":47,"param_name":"n","param_value_internal":1,"distribution":"{\"name\": \"CategoricalDistribution\", \"attributes\": {\"choices\": [16, 32, 64, 128, 256]}}"}
{"op_code":5,"worker_id":"14ccb1d8-6cd5-4d00-bc76-74a331961dd9-135760465028928","trial_id":47,"param_name":"k","param_value_internal":1,"distribution":"{\"name\": \"CategoricalDistribution\", \"attributes\": {\"choices\": [16, 32, 64, 128]}}"}
{"op_code":5,"worker_id":"14ccb1d8-6cd5-4d00-bc76-74a331961dd9-135760465028928","trial_id":47,"param_name":"gx","param_value_internal":0,"distribution":"{\"name\": \"CategoricalDistribution\", \"attributes\": {\"choices\": [1, 2, 4, 8]}}"}
{"op_code":5,"worker_id":"14ccb1d8-6cd5-4d00-bc76-74a331961dd9-135760465028928","trial_id":47,"param_name":"gy","param_value_internal":3,"distribution":"{\"name\": \"CategoricalDistribution\", \"attributes\": {\"choices\": [1, 2, 4, 8]}}"}
{"op_code":5,"worker_id":"14ccb1d8-6cd5-4d00-bc76-74a331961dd9-135760465028928","trial_id":47,"param_name":"sub","param_value_internal":1,"distribution":"{\"name\": \"CategoricalDistribution\", \"attributes\": {\"choices\": [32, 64]}}"}
{"op_code":6,"worker_id":"14ccb1d8-6cd5-4d00-bc76-74a331961dd9-135760465028928","trial_id":47,"state":2,"values":null,"datetime_complete":"2026-08-07T13:41:57.667283"}
{"op_code":4,"worker_id":"14ccb1d8-6cd5-4d00-bc76-74a331961dd9-135760465028928","study_id":0,"datetime_start":"2026-08-07T13:41:57.669539"}
{"op_code":9,"worker_id":"14ccb1d8-6cd5-4d00-bc76-74a331961dd9-135760465028928","trial_id":48,"system_attr":{"tpe:relative_params:0":"{\"gx\": 2, \"gy\": 4, \"k\": 16, \"m\": 64, \"n\": 128, \"sub\": 32}"}}
{"op_code":5,"worker_id":"14ccb1d8-6cd5-4d00-bc76-74a331961dd9-135760465028928","trial_id":48,"param_name":"m","param_value_internal":2,"distribution":"{\"name\": \"CategoricalDistribution\", \"attributes\": {\"choices\": [16, 32, 64, 128, 256]}}"}
{"op_code":5,"worker_id":"14ccb1d8-6cd5-4d00-bc76-74a331961dd9-135760465028928","trial_id":48,"param_name":"n","param_value_internal":3,"distribution":"{\"name\": \"CategoricalDistribution\", \"attributes\": {\"choices\": [16, 32, 64, 128, 256]}}"}
{"op_code":5,"worker_id":"14ccb1d8-6cd5-4d00-bc76-74a331961dd9-135760465028928","trial_id":48,"param_name":"k","param_value_internal":0,"distribution":"{\"name\": \"CategoricalDistribution\", \"attributes\": {\"choices\": [16, 32, 64, 128]}}"}
{"op_code":5,"worker_id":"14ccb1d8-6cd5-4d00-bc76-74a331961dd9-135760465028928","trial_id":48,"param_name":"gx","param_value_internal":1,"distribution":"{\"name\": \"CategoricalDistribution\", \"attributes\": {\"choices\": [1, 2, 4, 8]}}"}
{"op_code":5,"worker_id":"14ccb1d8-6cd5-4d00-bc76-74a331961dd9-135760465028928","trial_id":48,"param_name":"gy","param_value_internal":2,"distribution":"{\"name\": \"CategoricalDistribution\", \"attributes\": {\"choices\": [1, 2, 4, 8]}}"}
{"op_code":5,"worker_id":"14ccb1d8-6cd5-4d00-bc76-74a331961dd9-135760465028928","trial_id":48,"param_name":"sub","param_value_internal":0,"distribution":"{\"name\": \"CategoricalDistribution\", \"attributes\": {\"choices\": [32, 64]}}"}
{"op_code":8,"worker_id":"14ccb1d8-6cd5-4d00-bc76-74a331961dd9-135760465028928","trial_id":48,"user_attr":{"token":"tsweep_dbuf4_t64x128k16g24s32"}}
{"op_code":4,"worker_id":"14ccb1d8-6cd5-4d00-bc76-74a331961dd9-135760465028928","study_id":0,"datetime_start":"2026-08-07T13:41:57.690263"}
{"op_code":9,"worker_id":"14ccb1d8-6cd5-4d00-bc76-74a331961dd9-135760465028928","trial_id":49,"system_attr":{"tpe:relative_params:0":"{\"gx\": 4, \"gy\": 2, \"k\": 32, \"m\": 64, \"n\": 32, \"sub\": 64}"}}
{"op_code":5,"worker_id":"14ccb1d8-6cd5-4d00-bc76-74a331961dd9-135760465028928","trial_id":49,"param_name":"m","param_value_internal":2,"distribution":"{\"name\": \"CategoricalDistribution\", \"attributes\": {\"choices\": [16, 32, 64, 128, 256]}}"}
{"op_code":5,"worker_id":"14ccb1d8-6cd5-4d00-bc76-74a331961dd9-135760465028928","trial_id":49,"param_name":"n","param_value_internal":1,"distribution":"{\"name\": \"CategoricalDistribution\", \"attributes\": {\"choices\": [16, 32, 64, 128, 256]}}"}
{"op_code":5,"worker_id":"14ccb1d8-6cd5-4d00-bc76-74a331961dd9-135760465028928","trial_id":49,"param_name":"k","param_value_internal":1,"distribution":"{\"name\": \"CategoricalDistribution\", \"attributes\": {\"choices\": [16, 32, 64, 128]}}"}
{"op_code":5,"worker_id":"14ccb1d8-6cd5-4d00-bc76-74a331961dd9-135760465028928","trial_id":49,"param_name":"gx","param_value_internal":2,"distribution":"{\"name\": \"CategoricalDistribution\", \"attributes\": {\"choices\": [1, 2, 4, 8]}}"}
{"op_code":5,"worker_id":"14ccb1d8-6cd5-4d00-bc76-74a331961dd9-135760465028928","trial_id":49,"param_name":"gy","param_value_internal":1,"distribution":"{\"name\": \"CategoricalDistribution\", \"attributes\": {\"choices\": [1, 2, 4, 8]}}"}
{"op_code":5,"worker_id":"14ccb1d8-6cd5-4d00-bc76-74a331961dd9-135760465028928","trial_id":49,"param_name":"sub","param_value_internal":1,"distribution":"{\"name\": \"CategoricalDistribution\", \"attributes\": {\"choices\": [32, 64]}}"}
{"op_code":6,"worker_id":"14ccb1d8-6cd5-4d00-bc76-74a331961dd9-135760465028928","trial_id":49,"state":2,"values":null,"datetime_complete":"2026-08-07T13:41:57.710221"}
{"op_code":4,"worker_id":"14ccb1d8-6cd5-4d00-bc76-74a331961dd9-135760465028928","study_id":0,"datetime_start":"2026-08-07T13:41:57.712304"}
{"op_code":9,"worker_id":"14ccb1d8-6cd5-4d00-bc76-74a331961dd9-135760465028928","trial_id":50,"system_attr":{"tpe:relative_params:0":"{\"gx\": 1, \"gy\": 2, \"k\": 32, \"m\": 32, \"n\": 32, \"sub\": 64}"}}
{"op_code":5,"worker_id":"14ccb1d8-6cd5-4d00-bc76-74a331961dd9-135760465028928","trial_id":50,"param_name":"m","param_value_internal":1,"distribution":"{\"name\": \"CategoricalDistribution\", \"attributes\": {\"choices\": [16, 32, 64, 128, 256]}}"}
{"op_code":5,"worker_id":"14ccb1d8-6cd5-4d00-bc76-74a331961dd9-135760465028928","trial_id":50,"param_name":"n","param_value_internal":1,"distribution":"{\"name\": \"CategoricalDistribution\", \"attributes\": {\"choices\": [16, 32, 64, 128, 256]}}"}
{"op_code":5,"worker_id":"14ccb1d8-6cd5-4d00-bc76-74a331961dd9-135760465028928","trial_id":50,"param_name":"k","param_value_internal":1,"distribution":"{\"name\": \"CategoricalDistribution\", \"attributes\": {\"choices\": [16, 32, 64, 128]}}"}
{"op_code":5,"worker_id":"14ccb1d8-6cd5-4d00-bc76-74a331961dd9-135760465028928","trial_id":50,"param_name":"gx","param_value_internal":0,"distribution":"{\"name\": \"CategoricalDistribution\", \"attributes\": {\"choices\": [1, 2, 4, 8]}}"}
{"op_code":5,"worker_id":"14ccb1d8-6cd5-4d00-bc76-74a331961dd9-135760465028928","trial_id":50,"param_name":"gy","param_value_internal":1,"distribution":"{\"name\": \"CategoricalDistribution\", \"attributes\": {\"choices\": [1, 2, 4, 8]}}"}
{"op_code":5,"worker_id":"14ccb1d8-6cd5-4d00-bc76-74a331961dd9-135760465028928","trial_id":50,"param_name":"sub","param_value_internal":1,"distribution":"{\"name\": \"CategoricalDistribution\", \"attributes\": {\"choices\": [32, 64]}}"}
{"op_code":8,"worker_id":"14ccb1d8-6cd5-4d00-bc76-74a331961dd9-135760465028928","trial_id":50,"user_attr":{"token":"tsweep_dbuf4_t32x32k32g12s64"}}
{"op_code":4,"worker_id":"14ccb1d8-6cd5-4d00-bc76-74a331961dd9-135760465028928","study_id":0,"datetime_start":"2026-08-07T13:41:57.733721"}
{"op_code":9,"worker_id":"14ccb1d8-6cd5-4d00-bc76-74a331961dd9-135760465028928","trial_id":51,"system_attr":{"tpe:relative_params:0":"{\"gx\": 2, \"gy\": 2, \"k\": 64, \"m\": 128, \"n\": 64, \"sub\": 32}"}}
{"op_code":5,"worker_id":"14ccb1d8-6cd5-4d00-bc76-74a331961dd9-135760465028928","trial_id":51,"param_name":"m","param_value_internal":3,"distribution":"{\"name\": \"CategoricalDistribution\", \"attributes\": {\"choices\": [16, 32, 64, 128, 256]}}"}
{"op_code":5,"worker_id":"14ccb1d8-6cd5-4d00-bc76-74a331961dd9-135760465028928","trial_id":51,"param_name":"n","param_value_internal":2,"distribution":"{\"name\": \"CategoricalDistribution\", \"attributes\": {\"choices\": [16, 32, 64, 128, 256]}}"}
{"op_code":5,"worker_id":"14ccb1d8-6cd5-4d00-bc76-74a331961dd9-135760465028928","trial_id":51,"param_name":"k","param_value_internal":2,"distribution":"{\"name\": \"CategoricalDistribution\", \"attributes\": {\"choices\": [16, 32, 64, 128]}}"}
{"op_code":5,"worker_id":"14ccb1d8-6cd5-4d00-bc76-74a331961dd9-135760465028928","trial_id":51,"param_name":"gx","param_value_internal":1,"distribution":"{\"name\": \"CategoricalDistribution\", \"attributes\": {\"choices\": [1, 2, 4, 8]}}"}
{"op_code":5,"worker_id":"14ccb1d8-6cd5-4d00-bc76-74a331961dd9-135760465028928","trial_id":51,"param_name":"gy","param_value_internal":1,"distribution":"{\"name\": \"CategoricalDistribution\", \"attributes\": {\"choices\": [1, 2, 4, 8]}}"}
{"op_code":5,"worker_id":"14ccb1d8-6cd5-4d00-bc76-74a331961dd9-135760465028928","trial_id":51,"param_name":"sub","param_value_internal":0,"distribution":"{\"name\": \"CategoricalDistribution\", \"attributes\": {\"choices\": [32, 64]}}"}
{"op_code":8,"worker_id":"14ccb1d8-6cd5-4d00-bc76-74a331961dd9-135760465028928","trial_id":51,"user_attr":{"token":"tsweep_dbuf4_t128x64k64g22s32"}}
{"op_code":4,"worker_id":"14ccb1d8-6cd5-4d00-bc76-74a331961dd9-135760465028928","study_id":0,"datetime_start":"2026-08-07T13:41:57.754602"}
{"op_code":9,"worker_id":"14ccb1d8-6cd5-4d00-bc76-74a331961dd9-135760465028928","trial_id":52,"system_attr":{"tpe:relative_params:0":"{\"gx\": 2, \"gy\": 4, \"k\": 16, \"m\": 128, \"n\": 128, \"sub\": 64}"}}
{"op_code":5,"worker_id":"14ccb1d8-6cd5-4d00-bc76-74a331961dd9-135760465028928","trial_id":52,"param_name":"m","param_value_internal":3,"distribution":"{\"name\": \"CategoricalDistribution\", \"attributes\": {\"choices\": [16, 32, 64, 128, 256]}}"}
{"op_code":5,"worker_id":"14ccb1d8-6cd5-4d00-bc76-74a331961dd9-135760465028928","trial_id":52,"param_name":"n","param_value_internal":3,"distribution":"{\"name\": \"CategoricalDistribution\", \"attributes\": {\"choices\": [16, 32, 64, 128, 256]}}"}
{"op_code":5,"worker_id":"14ccb1d8-6cd5-4d00-bc76-74a331961dd9-135760465028928","trial_id":52,"param_name":"k","param_value_internal":0,"distribution":"{\"name\": \"CategoricalDistribution\", \"attributes\": {\"choices\": [16, 32, 64, 128]}}"}
{"op_code":5,"worker_id":"14ccb1d8-6cd5-4d00-bc76-74a331961dd9-135760465028928","trial_id":52,"param_name":"gx","param_value_internal":1,"distribution":"{\"name\": \"CategoricalDistribution\", \"attributes\": {\"choices\": [1, 2, 4, 8]}}"}
{"op_code":5,"worker_id":"14ccb1d8-6cd5-4d00-bc76-74a331961dd9-135760465028928","trial_id":52,"param_name":"gy","param_value_internal":2,"distribution":"{\"name\": \"CategoricalDistribution\", \"attributes\": {\"choices\": [1, 2, 4, 8]}}"}
{"op_code":5,"worker_id":"14ccb1d8-6cd5-4d00-bc76-74a331961dd9-135760465028928","trial_id":52,"param_name":"sub","param_value_internal":1,"distribution":"{\"name\": \"CategoricalDistribution\", \"attributes\": {\"choices\": [32, 64]}}"}
{"op_code":8,"worker_id":"14ccb1d8-6cd5-4d00-bc76-74a331961dd9-135760465028928","trial_id":52,"user_attr":{"token":"tsweep_dbuf4_t128x128k16g24s64"}}
{"op_code":4,"worker_id":"14ccb1d8-6cd5-4d00-bc76-74a331961dd9-135760465028928","study_id":0,"datetime_start":"2026-08-07T13:41:57.775197"}
{"op_code":9,"worker_id":"14ccb1d8-6cd5-4d00-bc76-74a331961dd9-135760465028928","trial_id":53,"system_attr":{"tpe:relative_params:0":"{\"gx\": 1, \"gy\": 2, \"k\": 16, \"m\": 64, \"n\": 32, \"sub\": 32}"}}
{"op_code":5,"worker_id":"14ccb1d8-6cd5-4d00-bc76-74a331961dd9-135760465028928","trial_id":53,"param_name":"m","param_value_internal":2,"distribution":"{\"name\": \"CategoricalDistribution\", \"attributes\": {\"choices\": [16, 32, 64, 128, 256]}}"}
{"op_code":5,"worker_id":"14ccb1d8-6cd5-4d00-bc76-74a331961dd9-135760465028928","trial_id":53,"param_name":"n","param_value_internal":1,"distribution":"{\"name\": \"CategoricalDistribution\", \"attributes\": {\"choices\": [16, 32, 64, 128, 256]}}"}
{"op_code":5,"worker_id":"14ccb1d8-6cd5-4d00-bc76-74a331961dd9-135760465028928","trial_id":53,"param_name":"k","param_value_internal":0,"distribution":"{\"name\": \"CategoricalDistribution\", \"attributes\": {\"choices\": [16, 32, 64, 128]}}"}
{"op_code":5,"worker_id":"14ccb1d8-6cd5-4d00-bc76-74a331961dd9-135760465028928","trial_id":53,"param_name":"gx","param_value_internal":0,"distribution":"{\"name\": \"CategoricalDistribution\", \"attributes\": {\"choices\": [1, 2, 4, 8]}}"}
{"op_code":5,"worker_id":"14ccb1d8-6cd5-4d00-bc76-74a331961dd9-135760465028928","trial_id":53,"param_name":"gy","param_value_internal":1,"distribution":"{\"name\": \"CategoricalDistribution\", \"attributes\": {\"choices\": [1, 2, 4, 8]}}"}
{"op_code":5,"worker_id":"14ccb1d8-6cd5-4d00-bc76-74a331961dd9-135760465028928","trial_id":53,"param_name":"sub","param_value_internal":0,"distribution":"{\"name\": \"CategoricalDistribution\", \"attributes\": {\"choices\": [32, 64]}}"}
{"op_code":8,"worker_id":"14ccb1d8-6cd5-4d00-bc76-74a331961dd9-135760465028928","trial_id":53,"user_attr":{"token":"tsweep_dbuf4_t64x32k16g12s32"}}
{"op_code":4,"worker_id":"14ccb1d8-6cd5-4d00-bc76-74a331961dd9-135760465028928","study_id":0,"datetime_start":"2026-08-07T13:41:57.795366"}
{"op_code":9,"worker_id":"14ccb1d8-6cd5-4d00-bc76-74a331961dd9-135760465028928","trial_id":54,"system_attr":{"tpe:relative_params:0":"{\"gx\": 1, \"gy\": 1, \"k\": 64, \"m\": 32, \"n\": 128, \"sub\": 64}"}}
{"op_code":5,"worker_id":"14ccb1d8-6cd5-4d00-bc76-74a331961dd9-135760465028928","trial_id":54,"param_name":"m","param_value_internal":1,"distribution":"{\"name\": \"CategoricalDistribution\", \"attributes\": {\"choices\": [16, 32, 64, 128, 256]}}"}
{"op_code":5,"worker_id":"14ccb1d8-6cd5-4d00-bc76-74a331961dd9-135760465028928","trial_id":54,"param_name":"n","param_value_internal":3,"distribution":"{\"name\": \"CategoricalDistribution\", \"attributes\": {\"choices\": [16, 32, 64, 128, 256]}}"}
{"op_code":5,"worker_id":"14ccb1d8-6cd5-4d00-bc76-74a331961dd9-135760465028928","trial_id":54,"param_name":"k","param_value_internal":2,"distribution":"{\"name\": \"CategoricalDistribution\", \"attributes\": {\"choices\": [16, 32, 64, 128]}}"}
{"op_code":5,"worker_id":"14ccb1d8-6cd5-4d00-bc76-74a331961dd9-135760465028928","trial_id":54,"param_name":"gx","param_value_internal":0,"distribution":"{\"name\": \"CategoricalDistribution\", \"attributes\": {\"choices\": [1, 2, 4, 8]}}"}
{"op_code":5,"worker_id":"14ccb1d8-6cd5-4d00-bc76-74a331961dd9-135760465028928","trial_id":54,"param_name":"gy","param_value_internal":0,"distribution":"{\"name\": \"CategoricalDistribution\", \"attributes\": {\"choices\": [1, 2, 4, 8]}}"}
{"op_code":5,"worker_id":"14ccb1d8-6cd5-4d00-bc76-74a331961dd9-135760465028928","trial_id":54,"param_name":"sub","param_value_internal":1,"distribution":"{\"name\": \"CategoricalDistribution\", \"attributes\": {\"choices\": [32, 64]}}"}
{"op_code":8,"worker_id":"14ccb1d8-6cd5-4d00-bc76-74a331961dd9-135760465028928","trial_id":54,"user_attr":{"token":"tsweep_dbuf4_t32x128k64g11s64"}}
{"op_code":4,"worker_id":"14ccb1d8-6cd5-4d00-bc76-74a331961dd9-135760465028928","study_id":0,"datetime_start":"2026-08-07T13:41:57.815913"}
{"op_code":9,"worker_id":"14ccb1d8-6cd5-4d00-bc76-74a331961dd9-135760465028928","trial_id":55,"system_attr":{"tpe:relative_params:0":"{\"gx\": 4, \"gy\": 1, \"k\": 64, \"m\": 128, \"n\": 16, \"sub\": 64}"}}
{"op_code":5,"worker_id":"14ccb1d8-6cd5-4d00-bc76-74a331961dd9-135760465028928","trial_id":55,"param_name":"m","param_value_internal":3,"distribution":"{\"name\": \"CategoricalDistribution\", \"attributes\": {\"choices\": [16, 32, 64, 128, 256]}}"}
{"op_code":5,"worker_id":"14ccb1d8-6cd5-4d00-bc76-74a331961dd9-135760465028928","trial_id":55,"param_name":"n","param_value_internal":0,"distribution":"{\"name\": \"CategoricalDistribution\", \"attributes\": {\"choices\": [16, 32, 64, 128, 256]}}"}
{"op_code":5,"worker_id":"14ccb1d8-6cd5-4d00-bc76-74a331961dd9-135760465028928","trial_id":55,"param_name":"k","param_value_internal":2,"distribution":"{\"name\": \"CategoricalDistribution\", \"attributes\": {\"choices\": [16, 32, 64, 128]}}"}
{"op_code":5,"worker_id":"14ccb1d8-6cd5-4d00-bc76-74a331961dd9-135760465028928","trial_id":55,"param_name":"gx","param_value_internal":2,"distribution":"{\"name\": \"CategoricalDistribution\", \"attributes\": {\"choices\": [1, 2, 4, 8]}}"}
{"op_code":5,"worker_id":"14ccb1d8-6cd5-4d00-bc76-74a331961dd9-135760465028928","trial_id":55,"param_name":"gy","param_value_internal":0,"distribution":"{\"name\": \"CategoricalDistribution\", \"attributes\": {\"choices\": [1, 2, 4, 8]}}"}
{"op_code":5,"worker_id":"14ccb1d8-6cd5-4d00-bc76-74a331961dd9-135760465028928","trial_id":55,"param_name":"sub","param_value_internal":1,"distribution":"{\"name\": \"CategoricalDistribution\", \"attributes\": {\"choices\": [32, 64]}}"}
{"op_code":6,"worker_id":"14ccb1d8-6cd5-4d00-bc76-74a331961dd9-135760465028928","trial_id":55,"state":2,"values":null,"datetime_complete":"2026-08-07T13:41:57.835524"}
{"op_code":4,"worker_id":"14ccb1d8-6cd5-4d00-bc76-74a331961dd9-135760465028928","study_id":0,"datetime_start":"2026-08-07T13:41:57.837697"}
{"op_code":9,"worker_id":"14ccb1d8-6cd5-4d00-bc76-74a331961dd9-135760465028928","trial_id":56,"system_attr":{"tpe:relative_params:0":"{\"gx\": 8, \"gy\": 2, \"k\": 16, \"m\": 128, \"n\": 64, \"sub\": 64}"}}
{"op_code":5,"worker_id":"14ccb1d8-6cd5-4d00-bc76-74a331961dd9-135760465028928","trial_id":56,"param_name":"m","param_value_internal":3,"distribution":"{\"name\": \"CategoricalDistribution\", \"attributes\": {\"choices\": [16, 32, 64, 128, 256]}}"}
{"op_code":5,"worker_id":"14ccb1d8-6cd5-4d00-bc76-74a331961dd9-135760465028928","trial_id":56,"param_name":"n","param_value_internal":2,"distribution":"{\"name\": \"CategoricalDistribution\", \"attributes\": {\"choices\": [16, 32, 64, 128, 256]}}"}
{"op_code":5,"worker_id":"14ccb1d8-6cd5-4d00-bc76-74a331961dd9-135760465028928","trial_id":56,"param_name":"k","param_value_internal":0,"distribution":"{\"name\": \"CategoricalDistribution\", \"attributes\": {\"choices\": [16, 32, 64, 128]}}"}
{"op_code":5,"worker_id":"14ccb1d8-6cd5-4d00-bc76-74a331961dd9-135760465028928","trial_id":56,"param_name":"gx","param_value_internal":3,"distribution":"{\"name\": \"CategoricalDistribution\", \"attributes\": {\"choices\": [1, 2, 4, 8]}}"}
{"op_code":5,"worker_id":"14ccb1d8-6cd5-4d00-bc76-74a331961dd9-135760465028928","trial_id":56,"param_name":"gy","param_value_internal":1,"distribution":"{\"name\": \"CategoricalDistribution\", \"attributes\": {\"choices\": [1, 2, 4, 8]}}"}
{"op_code":5,"worker_id":"14ccb1d8-6cd5-4d00-bc76-74a331961dd9-135760465028928","trial_id":56,"param_name":"sub","param_value_internal":1,"distribution":"{\"name\": \"CategoricalDistribution\", \"attributes\": {\"choices\": [32, 64]}}"}
{"op_code":6,"worker_id":"14ccb1d8-6cd5-4d00-bc76-74a331961dd9-135760465028928","trial_id":56,"state":2,"values":null,"datetime_complete":"2026-08-07T13:41:57.857421"}
{"op_code":4,"worker_id":"14ccb1d8-6cd5-4d00-bc76-74a331961dd9-135760465028928","study_id":0,"datetime_start":"2026-08-07T13:41:57.859595"}
{"op_code":9,"worker_id":"14ccb1d8-6cd5-4d00-bc76-74a331961dd9-135760465028928","trial_id":57,"system_attr":{"tpe:relative_params:0":"{\"gx\": 8, \"gy\": 1, \"k\": 64, \"m\": 32, \"n\": 64, \"sub\": 64}"}}
{"op_code":5,"worker_id":"14ccb1d8-6cd5-4d00-bc76-74a331961dd9-135760465028928","trial_id":57,"param_name":"m","param_value_internal":1,"distribution":"{\"name\": \"CategoricalDistribution\", \"attributes\": {\"choices\": [16, 32, 64, 128, 256]}}"}
{"op_code":5,"worker_id":"14ccb1d8-6cd5-4d00-bc76-74a331961dd9-135760465028928","trial_id":57,"param_name":"n","param_value_internal":2,"distribution":"{\"name\": \"CategoricalDistribution\", \"attributes\": {\"choices\": [16, 32, 64, 128, 256]}}"}
{"op_code":5,"worker_id":"14ccb1d8-6cd5-4d00-bc76-74a331961dd9-135760465028928","trial_id":57,"param_name":"k","param_value_internal":2,"distribution":"{\"name\": \"CategoricalDistribution\", \"attributes\": {\"choices\": [16, 32, 64, 128]}}"}
{"op_code":5,"worker_id":"14ccb1d8-6cd5-4d00-bc76-74a331961dd9-135760465028928","trial_id":57,"param_name":"gx","param_value_internal":3,"distribution":"{\"name\": \"CategoricalDistribution\", \"attributes\": {\"choices\": [1, 2, 4, 8]}}"}
{"op_code":5,"worker_id":"14ccb1d8-6cd5-4d00-bc76-74a331961dd9-135760465028928","trial_id":57,"param_name":"gy","param_value_internal":0,"distribution":"{\"name\": \"CategoricalDistribution\", \"attributes\": {\"choices\": [1, 2, 4, 8]}}"}
{"op_code":5,"worker_id":"14ccb1d8-6cd5-4d00-bc76-74a331961dd9-135760465028928","trial_id":57,"param_name":"sub","param_value_internal":1,"distribution":"{\"name\": \"CategoricalDistribution\", \"attributes\": {\"choices\": [32, 64]}}"}
{"op_code":6,"worker_id":"14ccb1d8-6cd5-4d00-bc76-74a331961dd9-135760465028928","trial_id":57,"state":2,"values":null,"datetime_complete":"2026-08-07T13:41:57.878987"}
{"op_code":4,"worker_id":"14ccb1d8-6cd5-4d00-bc76-74a331961dd9-135760465028928","study_id":0,"datetime_start":"2026-08-07T13:41:57.881027"}
{"op_code":9,"worker_id":"14ccb1d8-6cd5-4d00-bc76-74a331961dd9-135760465028928","trial_id":58,"system_attr":{"tpe:relative_params:0":"{\"gx\": 4, \"gy\": 1, \"k\": 32, \"m\": 128, \"n\": 64, \"sub\": 64}"}}
{"op_code":5,"worker_id":"14ccb1d8-6cd5-4d00-bc76-74a331961dd9-135760465028928","trial_id":58,"param_name":"m","param_value_internal":3,"distribution":"{\"name\": \"CategoricalDistribution\", \"attributes\": {\"choices\": [16, 32, 64, 128, 256]}}"}
{"op_code":5,"worker_id":"14ccb1d8-6cd5-4d00-bc76-74a331961dd9-135760465028928","trial_id":58,"param_name":"n","param_value_internal":2,"distribution":"{\"name\": \"CategoricalDistribution\", \"attributes\": {\"choices\": [16, 32, 64, 128, 256]}}"}
{"op_code":5,"worker_id":"14ccb1d8-6cd5-4d00-bc76-74a331961dd9-135760465028928","trial_id":58,"param_name":"k","param_value_internal":1,"distribution":"{\"name\": \"CategoricalDistribution\", \"attributes\": {\"choices\": [16, 32, 64, 128]}}"}
{"op_code":5,"worker_id":"14ccb1d8-6cd5-4d00-bc76-74a331961dd9-135760465028928","trial_id":58,"param_name":"gx","param_value_internal":2,"distribution":"{\"name\": \"CategoricalDistribution\", \"attributes\": {\"choices\": [1, 2, 4, 8]}}"}
{"op_code":5,"worker_id":"14ccb1d8-6cd5-4d00-bc76-74a331961dd9-135760465028928","trial_id":58,"param_name":"gy","param_value_internal":0,"distribution":"{\"name\": \"CategoricalDistribution\", \"attributes\": {\"choices\": [1, 2, 4, 8]}}"}
{"op_code":5,"worker_id":"14ccb1d8-6cd5-4d00-bc76-74a331961dd9-135760465028928","trial_id":58,"param_name":"sub","param_value_internal":1,"distribution":"{\"name\": \"CategoricalDistribution\", \"attributes\": {\"choices\": [32, 64]}}"}
{"op_code":8,"worker_id":"14ccb1d8-6cd5-4d00-bc76-74a331961dd9-135760465028928","trial_id":58,"user_attr":{"token":"tsweep_dbuf4_t128x64k32g41s64"}}
{"op_code":4,"worker_id":"14ccb1d8-6cd5-4d00-bc76-74a331961dd9-135760465028928","study_id":0,"datetime_start":"2026-08-07T13:41:57.902054"}
{"op_code":9,"worker_id":"14ccb1d8-6cd5-4d00-bc76-74a331961dd9-135760465028928","trial_id":59,"system_attr":{"tpe:relative_params:0":"{\"gx\": 8, \"gy\": 1, \"k\": 16, \"m\": 256, \"n\": 128, \"sub\": 32}"}}
{"op_code":5,"worker_id":"14ccb1d8-6cd5-4d00-bc76-74a331961dd9-135760465028928","trial_id":59,"param_name":"m","param_value_internal":4,"distribution":"{\"name\": \"CategoricalDistribution\", \"attributes\": {\"choices\": [16, 32, 64, 128, 256]}}"}
{"op_code":5,"worker_id":"14ccb1d8-6cd5-4d00-bc76-74a331961dd9-135760465028928","trial_id":59,"param_name":"n","param_value_internal":3,"distribution":"{\"name\": \"CategoricalDistribution\", \"attributes\": {\"choices\": [16, 32, 64, 128, 256]}}"}
{"op_code":5,"worker_id":"14ccb1d8-6cd5-4d00-bc76-74a331961dd9-135760465028928","trial_id":59,"param_name":"k","param_value_internal":0,"distribution":"{\"name\": \"CategoricalDistribution\", \"attributes\": {\"choices\": [16, 32, 64, 128]}}"}
{"op_code":5,"worker_id":"14ccb1d8-6cd5-4d00-bc76-74a331961dd9-135760465028928","trial_id":59,"param_name":"gx","param_value_internal":3,"distribution":"{\"name\": \"CategoricalDistribution\", \"attributes\": {\"choices\": [1, 2, 4, 8]}}"}
{"op_code":5,"worker_id":"14ccb1d8-6cd5-4d00-bc76-74a331961dd9-135760465028928","trial_id":59,"param_name":"gy","param_value_internal":0,"distribution":"{\"name\": \"CategoricalDistribution\", \"attributes\": {\"choices\": [1, 2, 4, 8]}}"}
{"op_code":5,"worker_id":"14ccb1d8-6cd5-4d00-bc76-74a331961dd9-135760465028928","trial_id":59,"param_name":"sub","param_value_internal":0,"distribution":"{\"name\": \"CategoricalDistribution\", \"attributes\": {\"choices\": [32, 64]}}"}
{"op_code":8,"worker_id":"14ccb1d8-6cd5-4d00-bc76-74a331961dd9-135760465028928","trial_id":59,"user_attr":{"token":"tsweep_dbuf4_t256x128k16g81s32"}}
{"op_code":4,"worker_id":"14ccb1d8-6cd5-4d00-bc76-74a331961dd9-135760465028928","study_id":0,"datetime_start":"2026-08-07T13:41:57.922147"}
{"op_code":9,"worker_id":"14ccb1d8-6cd5-4d00-bc76-74a331961dd9-135760465028928","trial_id":60,"system_attr":{"tpe:relative_params:0":"{\"gx\": 2, \"gy\": 8, \"k\": 16, \"m\": 128, \"n\": 128, \"sub\": 32}"}}
{"op_code":5,"worker_id":"14ccb1d8-6cd5-4d00-bc76-74a331961dd9-135760465028928","trial_id":60,"param_name":"m","param_value_internal":3,"distribution":"{\"name\": \"CategoricalDistribution\", \"attributes\": {\"choices\": [16, 32, 64, 128, 256]}}"}
{"op_code":5,"worker_id":"14ccb1d8-6cd5-4d00-bc76-74a331961dd9-135760465028928","trial_id":60,"param_name":"n","param_value_internal":3,"distribution":"{\"name\": \"CategoricalDistribution\", \"attributes\": {\"choices\": [16, 32, 64, 128, 256]}}"}
{"op_code":5,"worker_id":"14ccb1d8-6cd5-4d00-bc76-74a331961dd9-135760465028928","trial_id":60,"param_name":"k","param_value_internal":0,"distribution":"{\"name\": \"CategoricalDistribution\", \"attributes\": {\"choices\": [16, 32, 64, 128]}}"}
{"op_code":5,"worker_id":"14ccb1d8-6cd5-4d00-bc76-74a331961dd9-135760465028928","trial_id":60,"param_name":"gx","param_value_internal":1,"distribution":"{\"name\": \"CategoricalDistribution\", \"attributes\": {\"choices\": [1, 2, 4, 8]}}"}
{"op_code":5,"worker_id":"14ccb1d8-6cd5-4d00-bc76-74a331961dd9-135760465028928","trial_id":60,"param_name":"gy","param_value_internal":3,"distribution":"{\"name\": \"CategoricalDistribution\", \"attributes\": {\"choices\": [1, 2, 4, 8]}}"}
{"op_code":5,"worker_id":"14ccb1d8-6cd5-4d00-bc76-74a331961dd9-135760465028928","trial_id":60,"param_name":"sub","param_value_internal":0,"distribution":"{\"name\": \"CategoricalDistribution\", \"attributes\": {\"choices\": [32, 64]}}"}
{"op_code":8,"worker_id":"14ccb1d8-6cd5-4d00-bc76-74a331961dd9-135760465028928","trial_id":60,"user_attr":{"token":"tsweep_dbuf4_t128x128k16g28s32"}}
{"op_code":4,"worker_id":"14ccb1d8-6cd5-4d00-bc76-74a331961dd9-135760465028928","study_id":0,"datetime_start":"2026-08-07T13:41:57.944258"}
{"op_code":9,"worker_id":"14ccb1d8-6cd5-4d00-bc76-74a331961dd9-135760465028928","trial_id":61,"system_attr":{"tpe:relative_params:0":"{\"gx\": 8, \"gy\": 2, \"k\": 128, \"m\": 64, \"n\": 32, \"sub\": 64}"}}
{"op_code":5,"worker_id":"14ccb1d8-6cd5-4d00-bc76-74a331961dd9-135760465028928","trial_id":61,"param_name":"m","param_value_internal":2,"distribution":"{\"name\": \"CategoricalDistribution\", \"attributes\": {\"choices\": [16, 32, 64, 128, 256]}}"}
{"op_code":5,"worker_id":"14ccb1d8-6cd5-4d00-bc76-74a331961dd9-135760465028928","trial_id":61,"param_name":"n","param_value_internal":1,"distribution":"{\"name\": \"CategoricalDistribution\", \"attributes\": {\"choices\": [16, 32, 64, 128, 256]}}"}
{"op_code":5,"worker_id":"14ccb1d8-6cd5-4d00-bc76-74a331961dd9-135760465028928","trial_id":61,"param_name":"k","param_value_internal":3,"distribution":"{\"name\": \"CategoricalDistribution\", \"attributes\": {\"choices\": [16, 32, 64, 128]}}"}
{"op_code":5,"worker_id":"14ccb1d8-6cd5-4d00-bc76-74a331961dd9-135760465028928","trial_id":61,"param_name":"gx","param_value_internal":3,"distribution":"{\"name\": \"CategoricalDistribution\", \"attributes\": {\"choices\": [1, 2, 4, 8]}}"}
{"op_code":5,"worker_id":"14ccb1d8-6cd5-4d00-bc76-74a331961dd9-135760465028928","trial_id":61,"param_name":"gy","param_value_internal":1,"distribution":"{\"name\": \"CategoricalDistribution\", \"attributes\": {\"choices\": [1, 2, 4, 8]}}"}
{"op_code":5,"worker_id":"14ccb1d8-6cd5-4d00-bc76-74a331961dd9-135760465028928","trial_id":61,"param_name":"sub","param_value_internal":1,"distribution":"{\"name\": \"CategoricalDistribution\", \"attributes\": {\"choices\": [32, 64]}}"}
{"op_code":6,"worker_id":"14ccb1d8-6cd5-4d00-bc76-74a331961dd9-135760465028928","trial_id":61,"state":2,"values":null,"datetime_complete":"2026-08-07T13:41:57.968839"}
{"op_code":4,"worker_id":"14ccb1d8-6cd5-4d00-bc76-74a331961dd9-135760465028928","study_id":0,"datetime_start":"2026-08-07T13:41:57.971491"}
{"op_code":9,"worker_id":"14ccb1d8-6cd5-4d00-bc76-74a331961dd9-135760465028928","trial_id":62,"system_attr":{"tpe:relative_params:0":"{\"gx\": 4, \"gy\": 4, \"k\": 32, \"m\": 128, \"n\": 128, \"sub\": 32}"}}
{"op_code":5,"worker_id":"14ccb1d8-6cd5-4d00-bc76-74a331961dd9-135760465028928","trial_id":62,"param_name":"m","param_value_internal":3,"distribution":"{\"name\": \"CategoricalDistribution\", \"attributes\": {\"choices\": [16, 32, 64, 128, 256]}}"}
{"op_code":5,"worker_id":"14ccb1d8-6cd5-4d00-bc76-74a331961dd9-135760465028928","trial_id":62,"param_name":"n","param_value_internal":3,"distribution":"{\"name\": \"CategoricalDistribution\", \"attributes\": {\"choices\": [16, 32, 64, 128, 256]}}"}
{"op_code":5,"worker_id":"14ccb1d8-6cd5-4d00-bc76-74a331961dd9-135760465028928","trial_id":62,"param_name":"k","param_value_internal":1,"distribution":"{\"name\": \"CategoricalDistribution\", \"attributes\": {\"choices\": [16, 32, 64, 128]}}"}
{"op_code":5,"worker_id":"14ccb1d8-6cd5-4d00-bc76-74a331961dd9-135760465028928","trial_id":62,"param_name":"gx","param_value_internal":2,"distribution":"{\"name\": \"CategoricalDistribution\", \"attributes\": {\"choices\": [1, 2, 4, 8]}}"}
{"op_code":5,"worker_id":"14ccb1d8-6cd5-4d00-bc76-74a331961dd9-135760465028928","trial_id":62,"param_name":"gy","param_value_internal":2,"distribution":"{\"name\": \"CategoricalDistribution\", \"attributes\": {\"choices\": [1, 2, 4, 8]}}"}
{"op_code":5,"worker_id":"14ccb1d8-6cd5-4d00-bc76-74a331961dd9-135760465028928","trial_id":62,"param_name":"sub","param_value_internal":0,"distribution":"{\"name\": \"CategoricalDistribution\", \"attributes\": {\"choices\": [32, 64]}}"}
{"op_code":8,"worker_id":"14ccb1d8-6cd5-4d00-bc76-74a331961dd9-135760465028928","trial_id":62,"user_attr":{"token":"tsweep_dbuf4_t128x128k32g44s32"}}
{"op_code":4,"worker_id":"14ccb1d8-6cd5-4d00-bc76-74a331961dd9-135760465028928","study_id":0,"datetime_start":"2026-08-07T13:41:57.996821"}
{"op_code":9,"worker_id":"14ccb1d8-6cd5-4d00-bc76-74a331961dd9-135760465028928","trial_id":63,"system_attr":{"tpe:relative_params:0":"{\"gx\": 8, \"gy\": 1, \"k\": 16, \"m\": 128, \"n\": 256, \"sub\": 64}"}}
{"op_code":5,"worker_id":"14ccb1d8-6cd5-4d00-bc76-74a331961dd9-135760465028928","trial_id":63,"param_name":"m","param_value_internal":3,"distribution":"{\"name\": \"CategoricalDistribution\", \"attributes\": {\"choices\": [16, 32, 64, 128, 256]}}"}
{"op_code":5,"worker_id":"14ccb1d8-6cd5-4d00-bc76-74a331961dd9-135760465028928","trial_id":63,"param_name":"n","param_value_internal":4,"distribution":"{\"name\": \"CategoricalDistribution\", \"attributes\": {\"choices\": [16, 32, 64, 128, 256]}}"}
{"op_code":5,"worker_id":"14ccb1d8-6cd5-4d00-bc76-74a331961dd9-135760465028928","trial_id":63,"param_name":"k","param_value_internal":0,"distribution":"{\"name\": \"CategoricalDistribution\", \"attributes\": {\"choices\": [16, 32, 64, 128]}}"}
{"op_code":5,"worker_id":"14ccb1d8-6cd5-4d00-bc76-74a331961dd9-135760465028928","trial_id":63,"param_name":"gx","param_value_internal":3,"distribution":"{\"name\": \"CategoricalDistribution\", \"attributes\": {\"choices\": [1, 2, 4, 8]}}"}
{"op_code":5,"worker_id":"14ccb1d8-6cd5-4d00-bc76-74a331961dd9-135760465028928","trial_id":63,"param_name":"gy","param_value_internal":0,"distribution":"{\"name\": \"CategoricalDistribution\", \"attributes\": {\"choices\": [1, 2, 4, 8]}}"}
{"op_code":5,"worker_id":"14ccb1d8-6cd5-4d00-bc76-74a331961dd9-135760465028928","trial_id":63,"param_name":"sub","param_value_internal":1,"distribution":"{\"name\": \"CategoricalDistribution\", \"attributes\": {\"choices\": [32, 64]}}"}
{"op_code":8,"worker_id":"14ccb1d8-6cd5-4d00-bc76-74a331961dd9-135760465028928","trial_id":63,"user_attr":{"token":"tsweep_dbuf4_t128x256k16g81s64"}}
{"op_code":4,"worker_id":"14ccb1d8-6cd5-4d00-bc76-74a331961dd9-135760465028928","study_id":0,"datetime_start":"2026-08-07T13:41:58.017467"}
{"op_code":9,"worker_id":"14ccb1d8-6cd5-4d00-bc76-74a331961dd9-135760465028928","trial_id":64,"system_attr":{"tpe:relative_params:0":"{\"gx\": 1, \"gy\": 2, \"k\": 16, \"m\": 128, \"n\": 128, \"sub\": 32}"}}
{"op_code":5,"worker_id":"14ccb1d8-6cd5-4d00-bc76-74a331961dd9-135760465028928","trial_id":64,"param_name":"m","param_value_internal":3,"distribution":"{\"name\": \"CategoricalDistribution\", \"attributes\": {\"choices\": [16, 32, 64, 128, 256]}}"}
{"op_code":5,"worker_id":"14ccb1d8-6cd5-4d00-bc76-74a331961dd9-135760465028928","trial_id":64,"param_name":"n","param_value_internal":3,"distribution":"{\"name\": \"CategoricalDistribution\", \"attributes\": {\"choices\": [16, 32, 64, 128, 256]}}"}
{"op_code":5,"worker_id":"14ccb1d8-6cd5-4d00-bc76-74a331961dd9-135760465028928","trial_id":64,"param_name":"k","param_value_internal":0,"distribution":"{\"name\": \"CategoricalDistribution\", \"attributes\": {\"choices\": [16, 32, 64, 128]}}"}
{"op_code":5,"worker_id":"14ccb1d8-6cd5-4d00-bc76-74a331961dd9-135760465028928","trial_id":64,"param_name":"gx","param_value_internal":0,"distribution":"{\"name\": \"CategoricalDistribution\", \"attributes\": {\"choices\": [1, 2, 4, 8]}}"}
{"op_code":5,"worker_id":"14ccb1d8-6cd5-4d00-bc76-74a331961dd9-135760465028928","trial_id":64,"param_name":"gy","param_value_internal":1,"distribution":"{\"name\": \"CategoricalDistribution\", \"attributes\": {\"choices\": [1, 2, 4, 8]}}"}
{"op_code":5,"worker_id":"14ccb1d8-6cd5-4d00-bc76-74a331961dd9-135760465028928","trial_id":64,"param_name":"sub","param_value_internal":0,"distribution":"{\"name\": \"CategoricalDistribution\", \"attributes\": {\"choices\": [32, 64]}}"}
{"op_code":8,"worker_id":"14ccb1d8-6cd5-4d00-bc76-74a331961dd9-135760465028928","trial_id":64,"user_attr":{"token":"tsweep_dbuf4_t128x128k16g12s32"}}
{"op_code":4,"worker_id":"14ccb1d8-6cd5-4d00-bc76-74a331961dd9-135760465028928","study_id":0,"datetime_start":"2026-08-07T13:41:58.037717"}
{"op_code":9,"worker_id":"14ccb1d8-6cd5-4d00-bc76-74a331961dd9-135760465028928","trial_id":65,"system_attr":{"tpe:relative_params:0":"{\"gx\": 1, \"gy\": 1, \"k\": 32, \"m\": 64, \"n\": 128, \"sub\": 32}"}}
{"op_code":5,"worker_id":"14ccb1d8-6cd5-4d00-bc76-74a331961dd9-135760465028928","trial_id":65,"param_name":"m","param_value_internal":2,"distribution":"{\"name\": \"CategoricalDistribution\", \"attributes\": {\"choices\": [16, 32, 64, 128, 256]}}"}
{"op_code":5,"worker_id":"14ccb1d8-6cd5-4d00-bc76-74a331961dd9-135760465028928","trial_id":65,"param_name":"n","param_value_internal":3,"distribution":"{\"name\": \"CategoricalDistribution\", \"attributes\": {\"choices\": [16, 32, 64, 128, 256]}}"}
{"op_code":5,"worker_id":"14ccb1d8-6cd5-4d00-bc76-74a331961dd9-135760465028928","trial_id":65,"param_name":"k","param_value_internal":1,"distribution":"{\"name\": \"CategoricalDistribution\", \"attributes\": {\"choices\": [16, 32, 64, 128]}}"}
{"op_code":5,"worker_id":"14ccb1d8-6cd5-4d00-bc76-74a331961dd9-135760465028928","trial_id":65,"param_name":"gx","param_value_internal":0,"distribution":"{\"name\": \"CategoricalDistribution\", \"attributes\": {\"choices\": [1, 2, 4, 8]}}"}
{"op_code":5,"worker_id":"14ccb1d8-6cd5-4d00-bc76-74a331961dd9-135760465028928","trial_id":65,"param_name":"gy","param_value_internal":0,"distribution":"{\"name\": \"CategoricalDistribution\", \"attributes\": {\"choices\": [1, 2, 4, 8]}}"}
{"op_code":5,"worker_id":"14ccb1d8-6cd5-4d00-bc76-74a331961dd9-135760465028928","trial_id":65,"param_name":"sub","param_value_internal":0,"distribution":"{\"name\": \"CategoricalDistribution\", \"attributes\": {\"choices\": [32, 64]}}"}
{"op_code":8,"worker_id":"14ccb1d8-6cd5-4d00-bc76-74a331961dd9-135760465028928","trial_id":65,"user_attr":{"token":"tsweep_dbuf4_t64x128k32g11s32"}}
{"op_code":4,"worker_id":"14ccb1d8-6cd5-4d00-bc76-74a331961dd9-135760465028928","study_id":0,"datetime_start":"2026-08-07T13:41:58.057669"}
{"op_code":9,"worker_id":"14ccb1d8-6cd5-4d00-bc76-74a331961dd9-135760465028928","trial_id":66,"system_attr":{"tpe:relative_params:0":"{\"gx\": 8, \"gy\": 2, \"k\": 64, \"m\": 256, \"n\": 128, \"sub\": 64}"}}
{"op_code":5,"worker_id":"14ccb1d8-6cd5-4d00-bc76-74a331961dd9-135760465028928","trial_id":66,"param_name":"m","param_value_internal":4,"distribution":"{\"name\": \"CategoricalDistribution\", \"attributes\": {\"choices\": [16, 32, 64, 128, 256]}}"}
{"op_code":5,"worker_id":"14ccb1d8-6cd5-4d00-bc76-74a331961dd9-135760465028928","trial_id":66,"param_name":"n","param_value_internal":3,"distribution":"{\"name\": \"CategoricalDistribution\", \"attributes\": {\"choices\": [16, 32, 64, 128, 256]}}"}
{"op_code":5,"worker_id":"14ccb1d8-6cd5-4d00-bc76-74a331961dd9-135760465028928","trial_id":66,"param_name":"k","param_value_internal":2,"distribution":"{\"name\": \"CategoricalDistribution\", \"attributes\": {\"choices\": [16, 32, 64, 128]}}"}
{"op_code":5,"worker_id":"14ccb1d8-6cd5-4d00-bc76-74a331961dd9-135760465028928","trial_id":66,"param_name":"gx","param_value_internal":3,"distribution":"{\"name\": \"CategoricalDistribution\", \"attributes\": {\"choices\": [1, 2, 4, 8]}}"}
{"op_code":5,"worker_id":"14ccb1d8-6cd5-4d00-bc76-74a331961dd9-135760465028928","trial_id":66,"param_name":"gy","param_value_internal":1,"distribution":"{\"name\": \"CategoricalDistribution\", \"attributes\": {\"choices\": [1, 2, 4, 8]}}"}
{"op_code":5,"worker_id":"14ccb1d8-6cd5-4d00-bc76-74a331961dd9-135760465028928","trial_id":66,"param_name":"sub","param_value_internal":1,"distribution":"{\"name\": \"CategoricalDistribution\", \"attributes\": {\"choices\": [32, 64]}}"}
{"op_code":8,"worker_id":"14ccb1d8-6cd5-4d00-bc76-74a331961dd9-135760465028928","trial_id":66,"user_attr":{"token":"tsweep_dbuf4_t256x128k64g82s64"}}
{"op_code":4,"worker_id":"14ccb1d8-6cd5-4d00-bc76-74a331961dd9-135760465028928","study_id":0,"datetime_start":"2026-08-07T13:41:58.078945"}
{"op_code":9,"worker_id":"14ccb1d8-6cd5-4d00-bc76-74a331961dd9-135760465028928","trial_id":67,"system_attr":{"tpe:relative_params:0":"{\"gx\": 1, \"gy\": 1, \"k\": 128, \"m\": 64, \"n\": 32, \"sub\": 64}"}}
{"op_code":5,"worker_id":"14ccb1d8-6cd5-4d00-bc76-74a331961dd9-135760465028928","trial_id":67,"param_name":"m","param_value_internal":2,"distribution":"{\"name\": \"CategoricalDistribution\", \"attributes\": {\"choices\": [16, 32, 64, 128, 256]}}"}
{"op_code":5,"worker_id":"14ccb1d8-6cd5-4d00-bc76-74a331961dd9-135760465028928","trial_id":67,"param_name":"n","param_value_internal":1,"distribution":"{\"name\": \"CategoricalDistribution\", \"attributes\": {\"choices\": [16, 32, 64, 128, 256]}}"}
{"op_code":5,"worker_id":"14ccb1d8-6cd5-4d00-bc76-74a331961dd9-135760465028928","trial_id":67,"param_name":"k","param_value_internal":3,"distribution":"{\"name\": \"CategoricalDistribution\", \"attributes\": {\"choices\": [16, 32, 64, 128]}}"}
{"op_code":5,"worker_id":"14ccb1d8-6cd5-4d00-bc76-74a331961dd9-135760465028928","trial_id":67,"param_name":"gx","param_value_internal":0,"distribution":"{\"name\": \"CategoricalDistribution\", \"attributes\": {\"choices\": [1, 2, 4, 8]}}"}
{"op_code":5,"worker_id":"14ccb1d8-6cd5-4d00-bc76-74a331961dd9-135760465028928","trial_id":67,"param_name":"gy","param_value_internal":0,"distribution":"{\"name\": \"CategoricalDistribution\", \"attributes\": {\"choices\": [1, 2, 4, 8]}}"}
{"op_code":5,"worker_id":"14ccb1d8-6cd5-4d00-bc76-74a331961dd9-135760465028928","trial_id":67,"param_name":"sub","param_value_internal":1,"distribution":"{\"name\": \"CategoricalDistribution\", \"attributes\": {\"choices\": [32, 64]}}"}
{"op_code":8,"worker_id":"14ccb1d8-6cd5-4d00-bc76-74a331961dd9-135760465028928","trial_id":67,"user_attr":{"token":"tsweep_dbuf4_t64x32k128g11s64"}}
{"op_code":6,"worker_id":"14ccb1d8-6cd5-4d00-bc76-74a331961dd9-135760465028928","trial_id":45,"state":1,"values":[1123.245],"datetime_complete":"2026-08-07T13:42:55.646560"}
{"op_code":6,"worker_id":"14ccb1d8-6cd5-4d00-bc76-74a331961dd9-135760465028928","trial_id":48,"state":1,"values":[1032.5245],"datetime_complete":"2026-08-07T13:43:21.450135"}
{"op_code":6,"worker_id":"14ccb1d8-6cd5-4d00-bc76-74a331961dd9-135760465028928","trial_id":50,"state":1,"values":[952.8985],"datetime_complete":"2026-08-07T13:43:46.717883"}
{"op_code":6,"worker_id":"14ccb1d8-6cd5-4d00-bc76-74a331961dd9-135760465028928","trial_id":51,"state":2,"values":null,"datetime_complete":"2026-08-07T13:43:53.016105"}
{"op_code":6,"worker_id":"14ccb1d8-6cd5-4d00-bc76-74a331961dd9-135760465028928","trial_id":52,"state":1,"values":[1181.125],"datetime_complete":"2026-08-07T13:48:31.921920"}
{"op_code":6,"worker_id":"14ccb1d8-6cd5-4d00-bc76-74a331961dd9-135760465028928","trial_id":53,"state":1,"values":[1111.415],"datetime_complete":"2026-08-07T13:48:57.489695"}
{"op_code":6,"worker_id":"14ccb1d8-6cd5-4d00-bc76-74a331961dd9-135760465028928","trial_id":54,"state":2,"values":null,"datetime_complete":"2026-08-07T13:49:04.043273"}
{"op_code":6,"worker_id":"14ccb1d8-6cd5-4d00-bc76-74a331961dd9-135760465028928","trial_id":58,"state":1,"values":[1021.5935],"datetime_complete":"2026-08-07T13:49:29.105227"}
{"op_code":6,"worker_id":"14ccb1d8-6cd5-4d00-bc76-74a331961dd9-135760465028928","trial_id":59,"state":2,"values":null,"datetime_complete":"2026-08-07T13:49:41.964755"}
{"op_code":6,"worker_id":"14ccb1d8-6cd5-4d00-bc76-74a331961dd9-135760465028928","trial_id":60,"state":1,"values":[1030.7085],"datetime_complete":"2026-08-07T13:50:09.546631"}
{"op_code":6,"worker_id":"14ccb1d8-6cd5-4d00-bc76-74a331961dd9-135760465028928","trial_id":62,"state":1,"values":[1106.165],"datetime_complete":"2026-08-07T13:50:36.248502"}
{"op_code":6,"worker_id":"14ccb1d8-6cd5-4d00-bc76-74a331961dd9-135760465028928","trial_id":63,"state":2,"values":null,"datetime_complete":"2026-08-07T13:50:48.898588"}
{"op_code":6,"worker_id":"14ccb1d8-6cd5-4d00-bc76-74a331961dd9-135760465028928","trial_id":64,"state":2,"values":null,"datetime_complete":"2026-08-07T13:50:56.069041"}
{"op_code":6,"worker_id":"14ccb1d8-6cd5-4d00-bc76-74a331961dd9-135760465028928","trial_id":65,"state":2,"values":null,"datetime_complete":"2026-08-07T13:51:03.991441"}
{"op_code":6,"worker_id":"14ccb1d8-6cd5-4d00-bc76-74a331961dd9-135760465028928","trial_id":66,"state":2,"values":null,"datetime_complete":"2026-08-07T13:51:16.588027"}
{"op_code":6,"worker_id":"14ccb1d8-6cd5-4d00-bc76-74a331961dd9-135760465028928","trial_id":67,"state":2,"values":null,"datetime_complete":"2026-08-07T13:51:28.353182"}
{"op_code":4,"worker_id":"14ccb1d8-6cd5-4d00-bc76-74a331961dd9-135760465028928","study_id":0,"datetime_start":"2026-08-07T13:51:28.355528"}
{"op_code":9,"worker_id":"14ccb1d8-6cd5-4d00-bc76-74a331961dd9-135760465028928","trial_id":68,"system_attr":{"tpe:relative_params:0":"{\"gx\": 1, \"gy\": 2, \"k\": 16, \"m\": 64, \"n\": 32, \"sub\": 32}"}}
{"op_code":5,"worker_id":"14ccb1d8-6cd5-4d00-bc76-74a331961dd9-135760465028928","trial_id":68,"param_name":"m","param_value_internal":2,"distribution":"{\"name\": \"CategoricalDistribution\", \"attributes\": {\"choices\": [16, 32, 64, 128, 256]}}"}
{"op_code":5,"worker_id":"14ccb1d8-6cd5-4d00-bc76-74a331961dd9-135760465028928","trial_id":68,"param_name":"n","param_value_internal":1,"distribution":"{\"name\": \"CategoricalDistribution\", \"attributes\": {\"choices\": [16, 32, 64, 128, 256]}}"}
{"op_code":5,"worker_id":"14ccb1d8-6cd5-4d00-bc76-74a331961dd9-135760465028928","trial_id":68,"param_name":"k","param_value_internal":0,"distribution":"{\"name\": \"CategoricalDistribution\", \"attributes\": {\"choices\": [16, 32, 64, 128]}}"}
{"op_code":5,"worker_id":"14ccb1d8-6cd5-4d00-bc76-74a331961dd9-135760465028928","trial_id":68,"param_name":"gx","param_value_internal":0,"distribution":"{\"name\": \"CategoricalDistribution\", \"attributes\": {\"choices\": [1, 2, 4, 8]}}"}
{"op_code":5,"worker_id":"14ccb1d8-6cd5-4d00-bc76-74a331961dd9-135760465028928","trial_id":68,"param_name":"gy","param_value_internal":1,"distribution":"{\"name\": \"CategoricalDistribution\", \"attributes\": {\"choices\": [1, 2, 4, 8]}}"}
{"op_code":5,"worker_id":"14ccb1d8-6cd5-4d00-bc76-74a331961dd9-135760465028928","trial_id":68,"param_name":"sub","param_value_internal":0,"distribution":"{\"name\": \"CategoricalDistribution\", \"attributes\": {\"choices\": [32, 64]}}"}
{"op_code":6,"worker_id":"14ccb1d8-6cd5-4d00-bc76-74a331961dd9-135760465028928","trial_id":68,"state":2,"values":null,"datetime_complete":"2026-08-07T13:51:28.374919"}
{"op_code":4,"worker_id":"14ccb1d8-6cd5-4d00-bc76-74a331961dd9-135760465028928","study_id":0,"datetime_start":"2026-08-07T13:51:28.376874"}
{"op_code":9,"worker_id":"14ccb1d8-6cd5-4d00-bc76-74a331961dd9-135760465028928","trial_id":69,"system_attr":{"tpe:relative_params:0":"{\"gx\": 4, \"gy\": 4, \"k\": 32, \"m\": 128, \"n\": 128, \"sub\": 32}"}}
{"op_code":5,"worker_id":"14ccb1d8-6cd5-4d00-bc76-74a331961dd9-135760465028928","trial_id":69,"param_name":"m","param_value_internal":3,"distribution":"{\"name\": \"CategoricalDistribution\", \"attributes\": {\"choices\": [16, 32, 64, 128, 256]}}"}
{"op_code":5,"worker_id":"14ccb1d8-6cd5-4d00-bc76-74a331961dd9-135760465028928","trial_id":69,"param_name":"n","param_value_internal":3,"distribution":"{\"name\": \"CategoricalDistribution\", \"attributes\": {\"choices\": [16, 32, 64, 128, 256]}}"}
{"op_code":5,"worker_id":"14ccb1d8-6cd5-4d00-bc76-74a331961dd9-135760465028928","trial_id":69,"param_name":"k","param_value_internal":1,"distribution":"{\"name\": \"CategoricalDistribution\", \"attributes\": {\"choices\": [16, 32, 64, 128]}}"}
{"op_code":5,"worker_id":"14ccb1d8-6cd5-4d00-bc76-74a331961dd9-135760465028928","trial_id":69,"param_name":"gx","param_value_internal":2,"distribution":"{\"name\": \"CategoricalDistribution\", \"attributes\": {\"choices\": [1, 2, 4, 8]}}"}
{"op_code":5,"worker_id":"14ccb1d8-6cd5-4d00-bc76-74a331961dd9-135760465028928","trial_id":69,"param_name":"gy","param_value_internal":2,"distribution":"{\"name\": \"CategoricalDistribution\", \"attributes\": {\"choices\": [1, 2, 4, 8]}}"}
{"op_code":5,"worker_id":"14ccb1d8-6cd5-4d00-bc76-74a331961dd9-135760465028928","trial_id":69,"param_name":"sub","param_value_internal":0,"distribution":"{\"name\": \"CategoricalDistribution\", \"attributes\": {\"choices\": [32, 64]}}"}
{"op_code":6,"worker_id":"14ccb1d8-6cd5-4d00-bc76-74a331961dd9-135760465028928","trial_id":69,"state":2,"values":null,"datetime_complete":"2026-08-07T13:51:28.395717"}
{"op_code":4,"worker_id":"14ccb1d8-6cd5-4d00-bc76-74a331961dd9-135760465028928","study_id":0,"datetime_start":"2026-08-07T13:51:28.397598"}
{"op_code":9,"worker_id":"14ccb1d8-6cd5-4d00-bc76-74a331961dd9-135760465028928","trial_id":70,"system_attr":{"tpe:relative_params:0":"{\"gx\": 1, \"gy\": 2, \"k\": 32, \"m\": 64, \"n\": 16, \"sub\": 64}"}}
{"op_code":5,"worker_id":"14ccb1d8-6cd5-4d00-bc76-74a331961dd9-135760465028928","trial_id":70,"param_name":"m","param_value_internal":2,"distribution":"{\"name\": \"CategoricalDistribution\", \"attributes\": {\"choices\": [16, 32, 64, 128, 256]}}"}
{"op_code":5,"worker_id":"14ccb1d8-6cd5-4d00-bc76-74a331961dd9-135760465028928","trial_id":70,"param_name":"n","param_value_internal":0,"distribution":"{\"name\": \"CategoricalDistribution\", \"attributes\": {\"choices\": [16, 32, 64, 128, 256]}}"}
{"op_code":5,"worker_id":"14ccb1d8-6cd5-4d00-bc76-74a331961dd9-135760465028928","trial_id":70,"param_name":"k","param_value_internal":1,"distribution":"{\"name\": \"CategoricalDistribution\", \"attributes\": {\"choices\": [16, 32, 64, 128]}}"}
{"op_code":5,"worker_id":"14ccb1d8-6cd5-4d00-bc76-74a331961dd9-135760465028928","trial_id":70,"param_name":"gx","param_value_internal":0,"distribution":"{\"name\": \"CategoricalDistribution\", \"attributes\": {\"choices\": [1, 2, 4, 8]}}"}
{"op_code":5,"worker_id":"14ccb1d8-6cd5-4d00-bc76-74a331961dd9-135760465028928","trial_id":70,"param_name":"gy","param_value_internal":1,"distribution":"{\"name\": \"CategoricalDistribution\", \"attributes\": {\"choices\": [1, 2, 4, 8]}}"}
{"op_code":5,"worker_id":"14ccb1d8-6cd5-4d00-bc76-74a331961dd9-135760465028928","trial_id":70,"param_name":"sub","param_value_internal":1,"distribution":"{\"name\": \"CategoricalDistribution\", \"attributes\": {\"choices\": [32, 64]}}"}
{"op_code":6,"worker_id":"14ccb1d8-6cd5-4d00-bc76-74a331961dd9-135760465028928","trial_id":70,"state":2,"values":null,"datetime_complete":"2026-08-07T13:51:28.417266"}
{"op_code":4,"worker_id":"14ccb1d8-6cd5-4d00-bc76-74a331961dd9-135760465028928","study_id":0,"datetime_start":"2026-08-07T13:51:28.419321"}
{"op_code":9,"worker_id":"14ccb1d8-6cd5-4d00-bc76-74a331961dd9-135760465028928","trial_id":71,"system_attr":{"tpe:relative_params:0":"{\"gx\": 2, \"gy\": 4, \"k\": 16, \"m\": 128, \"n\": 128, \"sub\": 64}"}}
{"op_code":5,"worker_id":"14ccb1d8-6cd5-4d00-bc76-74a331961dd9-135760465028928","trial_id":71,"param_name":"m","param_value_internal":3,"distribution":"{\"name\": \"CategoricalDistribution\", \"attributes\": {\"choices\": [16, 32, 64, 128, 256]}}"}
{"op_code":5,"worker_id":"14ccb1d8-6cd5-4d00-bc76-74a331961dd9-135760465028928","trial_id":71,"param_name":"n","param_value_internal":3,"distribution":"{\"name\": \"CategoricalDistribution\", \"attributes\": {\"choices\": [16, 32, 64, 128, 256]}}"}
{"op_code":5,"worker_id":"14ccb1d8-6cd5-4d00-bc76-74a331961dd9-135760465028928","trial_id":71,"param_name":"k","param_value_internal":0,"distribution":"{\"name\": \"CategoricalDistribution\", \"attributes\": {\"choices\": [16, 32, 64, 128]}}"}
{"op_code":5,"worker_id":"14ccb1d8-6cd5-4d00-bc76-74a331961dd9-135760465028928","trial_id":71,"param_name":"gx","param_value_internal":1,"distribution":"{\"name\": \"CategoricalDistribution\", \"attributes\": {\"choices\": [1, 2, 4, 8]}}"}
{"op_code":5,"worker_id":"14ccb1d8-6cd5-4d00-bc76-74a331961dd9-135760465028928","trial_id":71,"param_name":"gy","param_value_internal":2,"distribution":"{\"name\": \"CategoricalDistribution\", \"attributes\": {\"choices\": [1, 2, 4, 8]}}"}
{"op_code":5,"worker_id":"14ccb1d8-6cd5-4d00-bc76-74a331961dd9-135760465028928","trial_id":71,"param_name":"sub","param_value_internal":1,"distribution":"{\"name\": \"CategoricalDistribution\", \"attributes\": {\"choices\": [32, 64]}}"}
{"op_code":6,"worker_id":"14ccb1d8-6cd5-4d00-bc76-74a331961dd9-135760465028928","trial_id":71,"state":2,"values":null,"datetime_complete":"2026-08-07T13:51:28.437968"}
{"op_code":4,"worker_id":"14ccb1d8-6cd5-4d00-bc76-74a331961dd9-135760465028928","study_id":0,"datetime_start":"2026-08-07T13:51:28.440078"}
{"op_code":9,"worker_id":"14ccb1d8-6cd5-4d00-bc76-74a331961dd9-135760465028928","trial_id":72,"system_attr":{"tpe:relative_params:0":"{\"gx\": 2, \"gy\": 2, \"k\": 32, \"m\": 128, \"n\": 16, \"sub\": 64}"}}
{"op_code":5,"worker_id":"14ccb1d8-6cd5-4d00-bc76-74a331961dd9-135760465028928","trial_id":72,"param_name":"m","param_value_internal":3,"distribution":"{\"name\": \"CategoricalDistribution\", \"attributes\": {\"choices\": [16, 32, 64, 128, 256]}}"}
{"op_code":5,"worker_id":"14ccb1d8-6cd5-4d00-bc76-74a331961dd9-135760465028928","trial_id":72,"param_name":"n","param_value_internal":0,"distribution":"{\"name\": \"CategoricalDistribution\", \"attributes\": {\"choices\": [16, 32, 64, 128, 256]}}"}
{"op_code":5,"worker_id":"14ccb1d8-6cd5-4d00-bc76-74a331961dd9-135760465028928","trial_id":72,"param_name":"k","param_value_internal":1,"distribution":"{\"name\": \"CategoricalDistribution\", \"attributes\": {\"choices\": [16, 32, 64, 128]}}"}
{"op_code":5,"worker_id":"14ccb1d8-6cd5-4d00-bc76-74a331961dd9-135760465028928","trial_id":72,"param_name":"gx","param_value_internal":1,"distribution":"{\"name\": \"CategoricalDistribution\", \"attributes\": {\"choices\": [1, 2, 4, 8]}}"}
{"op_code":5,"worker_id":"14ccb1d8-6cd5-4d00-bc76-74a331961dd9-135760465028928","trial_id":72,"param_name":"gy","param_value_internal":1,"distribution":"{\"name\": \"CategoricalDistribution\", \"attributes\": {\"choices\": [1, 2, 4, 8]}}"}
{"op_code":5,"worker_id":"14ccb1d8-6cd5-4d00-bc76-74a331961dd9-135760465028928","trial_id":72,"param_name":"sub","param_value_internal":1,"distribution":"{\"name\": \"CategoricalDistribution\", \"attributes\": {\"choices\": [32, 64]}}"}
{"op_code":6,"worker_id":"14ccb1d8-6cd5-4d00-bc76-74a331961dd9-135760465028928","trial_id":72,"state":2,"values":null,"datetime_complete":"2026-08-07T13:51:28.459773"}
{"op_code":4,"worker_id":"14ccb1d8-6cd5-4d00-bc76-74a331961dd9-135760465028928","study_id":0,"datetime_start":"2026-08-07T13:51:28.461841"}
{"op_code":9,"worker_id":"14ccb1d8-6cd5-4d00-bc76-74a331961dd9-135760465028928","trial_id":73,"system_attr":{"tpe:relative_params:0":"{\"gx\": 1, \"gy\": 4, \"k\": 64, \"m\": 64, \"n\": 32, \"sub\": 32}"}}
{"op_code":5,"worker_id":"14ccb1d8-6cd5-4d00-bc76-74a331961dd9-135760465028928","trial_id":73,"param_name":"m","param_value_internal":2,"distribution":"{\"name\": \"CategoricalDistribution\", \"attributes\": {\"choices\": [16, 32, 64, 128, 256]}}"}
{"op_code":5,"worker_id":"14ccb1d8-6cd5-4d00-bc76-74a331961dd9-135760465028928","trial_id":73,"param_name":"n","param_value_internal":1,"distribution":"{\"name\": \"CategoricalDistribution\", \"attributes\": {\"choices\": [16, 32, 64, 128, 256]}}"}
{"op_code":5,"worker_id":"14ccb1d8-6cd5-4d00-bc76-74a331961dd9-135760465028928","trial_id":73,"param_name":"k","param_value_internal":2,"distribution":"{\"name\": \"CategoricalDistribution\", \"attributes\": {\"choices\": [16, 32, 64, 128]}}"}
{"op_code":5,"worker_id":"14ccb1d8-6cd5-4d00-bc76-74a331961dd9-135760465028928","trial_id":73,"param_name":"gx","param_value_internal":0,"distribution":"{\"name\": \"CategoricalDistribution\", \"attributes\": {\"choices\": [1, 2, 4, 8]}}"}
{"op_code":5,"worker_id":"14ccb1d8-6cd5-4d00-bc76-74a331961dd9-135760465028928","trial_id":73,"param_name":"gy","param_value_internal":2,"distribution":"{\"name\": \"CategoricalDistribution\", \"attributes\": {\"choices\": [1, 2, 4, 8]}}"}
{"op_code":5,"worker_id":"14ccb1d8-6cd5-4d00-bc76-74a331961dd9-135760465028928","trial_id":73,"param_name":"sub","param_value_internal":0,"distribution":"{\"name\": \"CategoricalDistribution\", \"attributes\": {\"choices\": [32, 64]}}"}
{"op_code":8,"worker_id":"14ccb1d8-6cd5-4d00-bc76-74a331961dd9-135760465028928","trial_id":73,"user_attr":{"token":"tsweep_dbuf4_t64x32k64g14s32"}}
{"op_code":4,"worker_id":"14ccb1d8-6cd5-4d00-bc76-74a331961dd9-135760465028928","study_id":0,"datetime_start":"2026-08-07T13:51:28.481939"}
{"op_code":9,"worker_id":"14ccb1d8-6cd5-4d00-bc76-74a331961dd9-135760465028928","trial_id":74,"system_attr":{"tpe:relative_params:0":"{\"gx\": 2, \"gy\": 4, \"k\": 64, \"m\": 64, \"n\": 128, \"sub\": 32}"}}
{"op_code":5,"worker_id":"14ccb1d8-6cd5-4d00-bc76-74a331961dd9-135760465028928","trial_id":74,"param_name":"m","param_value_internal":2,"distribution":"{\"name\": \"CategoricalDistribution\", \"attributes\": {\"choices\": [16, 32, 64, 128, 256]}}"}
{"op_code":5,"worker_id":"14ccb1d8-6cd5-4d00-bc76-74a331961dd9-135760465028928","trial_id":74,"param_name":"n","param_value_internal":3,"distribution":"{\"name\": \"CategoricalDistribution\", \"attributes\": {\"choices\": [16, 32, 64, 128, 256]}}"}
{"op_code":5,"worker_id":"14ccb1d8-6cd5-4d00-bc76-74a331961dd9-135760465028928","trial_id":74,"param_name":"k","param_value_internal":2,"distribution":"{\"name\": \"CategoricalDistribution\", \"attributes\": {\"choices\": [16, 32, 64, 128]}}"}
{"op_code":5,"worker_id":"14ccb1d8-6cd5-4d00-bc76-74a331961dd9-135760465028928","trial_id":74,"param_name":"gx","param_value_internal":1,"distribution":"{\"name\": \"CategoricalDistribution\", \"attributes\": {\"choices\": [1, 2, 4, 8]}}"}
{"op_code":5,"worker_id":"14ccb1d8-6cd5-4d00-bc76-74a331961dd9-135760465028928","trial_id":74,"param_name":"gy","param_value_internal":2,"distribution":"{\"name\": \"CategoricalDistribution\", \"attributes\": {\"choices\": [1, 2, 4, 8]}}"}
{"op_code":5,"worker_id":"14ccb1d8-6cd5-4d00-bc76-74a331961dd9-135760465028928","trial_id":74,"param_name":"sub","param_value_internal":0,"distribution":"{\"name\": \"CategoricalDistribution\", \"attributes\": {\"choices\": [32, 64]}}"}
{"op_code":8,"worker_id":"14ccb1d8-6cd5-4d00-bc76-74a331961dd9-135760465028928","trial_id":74,"user_attr":{"token":"tsweep_dbuf4_t64x128k64g24s32"}}
{"op_code":4,"worker_id":"14ccb1d8-6cd5-4d00-bc76-74a331961dd9-135760465028928","study_id":0,"datetime_start":"2026-08-07T13:51:28.507543"}
{"op_code":9,"worker_id":"14ccb1d8-6cd5-4d00-bc76-74a331961dd9-135760465028928","trial_id":75,"system_attr":{"tpe:relative_params:0":"{\"gx\": 2, \"gy\": 4, \"k\": 16, \"m\": 64, \"n\": 256, \"sub\": 64}"}}
{"op_code":5,"worker_id":"14ccb1d8-6cd5-4d00-bc76-74a331961dd9-135760465028928","trial_id":75,"param_name":"m","param_value_internal":2,"distribution":"{\"name\": \"CategoricalDistribution\", \"attributes\": {\"choices\": [16, 32, 64, 128, 256]}}"}
{"op_code":5,"worker_id":"14ccb1d8-6cd5-4d00-bc76-74a331961dd9-135760465028928","trial_id":75,"param_name":"n","param_value_internal":4,"distribution":"{\"name\": \"CategoricalDistribution\", \"attributes\": {\"choices\": [16, 32, 64, 128, 256]}}"}
{"op_code":5,"worker_id":"14ccb1d8-6cd5-4d00-bc76-74a331961dd9-135760465028928","trial_id":75,"param_name":"k","param_value_internal":0,"distribution":"{\"name\": \"CategoricalDistribution\", \"attributes\": {\"choices\": [16, 32, 64, 128]}}"}
{"op_code":5,"worker_id":"14ccb1d8-6cd5-4d00-bc76-74a331961dd9-135760465028928","trial_id":75,"param_name":"gx","param_value_internal":1,"distribution":"{\"name\": \"CategoricalDistribution\", \"attributes\": {\"choices\": [1, 2, 4, 8]}}"}
{"op_code":5,"worker_id":"14ccb1d8-6cd5-4d00-bc76-74a331961dd9-135760465028928","trial_id":75,"param_name":"gy","param_value_internal":2,"distribution":"{\"name\": \"CategoricalDistribution\", \"attributes\": {\"choices\": [1, 2, 4, 8]}}"}
{"op_code":5,"worker_id":"14ccb1d8-6cd5-4d00-bc76-74a331961dd9-135760465028928","trial_id":75,"param_name":"sub","param_value_internal":1,"distribution":"{\"name\": \"CategoricalDistribution\", \"attributes\": {\"choices\": [32, 64]}}"}
{"op_code":8,"worker_id":"14ccb1d8-6cd5-4d00-bc76-74a331961dd9-135760465028928","trial_id":75,"user_attr":{"token":"tsweep_dbuf4_t64x256k16g24s64"}}
{"op_code":4,"worker_id":"14ccb1d8-6cd5-4d00-bc76-74a331961dd9-135760465028928","study_id":0,"datetime_start":"2026-08-07T13:51:28.533199"}
{"op_code":9,"worker_id":"14ccb1d8-6cd5-4d00-bc76-74a331961dd9-135760465028928","trial_id":76,"system_attr":{"tpe:relative_params:0":"{\"gx\": 2, \"gy\": 1, \"k\": 128, \"m\": 128, \"n\": 128, \"sub\": 64}"}}
{"op_code":5,"worker_id":"14ccb1d8-6cd5-4d00-bc76-74a331961dd9-135760465028928","trial_id":76,"param_name":"m","param_value_internal":3,"distribution":"{\"name\": \"CategoricalDistribution\", \"attributes\": {\"choices\": [16, 32, 64, 128, 256]}}"}
{"op_code":5,"worker_id":"14ccb1d8-6cd5-4d00-bc76-74a331961dd9-135760465028928","trial_id":76,"param_name":"n","param_value_internal":3,"distribution":"{\"name\": \"CategoricalDistribution\", \"attributes\": {\"choices\": [16, 32, 64, 128, 256]}}"}
{"op_code":5,"worker_id":"14ccb1d8-6cd5-4d00-bc76-74a331961dd9-135760465028928","trial_id":76,"param_name":"k","param_value_internal":3,"distribution":"{\"name\": \"CategoricalDistribution\", \"attributes\": {\"choices\": [16, 32, 64, 128]}}"}
{"op_code":5,"worker_id":"14ccb1d8-6cd5-4d00-bc76-74a331961dd9-135760465028928","trial_id":76,"param_name":"gx","param_value_internal":1,"distribution":"{\"name\": \"CategoricalDistribution\", \"attributes\": {\"choices\": [1, 2, 4, 8]}}"}
{"op_code":5,"worker_id":"14ccb1d8-6cd5-4d00-bc76-74a331961dd9-135760465028928","trial_id":76,"param_name":"gy","param_value_internal":0,"distribution":"{\"name\": \"CategoricalDistribution\", \"attributes\": {\"choices\": [1, 2, 4, 8]}}"}
{"op_code":5,"worker_id":"14ccb1d8-6cd5-4d00-bc76-74a331961dd9-135760465028928","trial_id":76,"param_name":"sub","param_value_internal":1,"distribution":"{\"name\": \"CategoricalDistribution\", \"attributes\": {\"choices\": [32, 64]}}"}
{"op_code":6,"worker_id":"14ccb1d8-6cd5-4d00-bc76-74a331961dd9-135760465028928","trial_id":76,"state":2,"values":null,"datetime_complete":"2026-08-07T13:51:28.553852"}
{"op_code":4,"worker_id":"14ccb1d8-6cd5-4d00-bc76-74a331961dd9-135760465028928","study_id":0,"datetime_start":"2026-08-07T13:51:28.556166"}
{"op_code":9,"worker_id":"14ccb1d8-6cd5-4d00-bc76-74a331961dd9-135760465028928","trial_id":77,"system_attr":{"tpe:relative_params:0":"{\"gx\": 2, \"gy\": 4, \"k\": 16, \"m\": 128, \"n\": 128, \"sub\": 32}"}}
{"op_code":5,"worker_id":"14ccb1d8-6cd5-4d00-bc76-74a331961dd9-135760465028928","trial_id":77,"param_name":"m","param_value_internal":3,"distribution":"{\"name\": \"CategoricalDistribution\", \"attributes\": {\"choices\": [16, 32, 64, 128, 256]}}"}
{"op_code":5,"worker_id":"14ccb1d8-6cd5-4d00-bc76-74a331961dd9-135760465028928","trial_id":77,"param_name":"n","param_value_internal":3,"distribution":"{\"name\": \"CategoricalDistribution\", \"attributes\": {\"choices\": [16, 32, 64, 128, 256]}}"}
{"op_code":5,"worker_id":"14ccb1d8-6cd5-4d00-bc76-74a331961dd9-135760465028928","trial_id":77,"param_name":"k","param_value_internal":0,"distribution":"{\"name\": \"CategoricalDistribution\", \"attributes\": {\"choices\": [16, 32, 64, 128]}}"}
{"op_code":5,"worker_id":"14ccb1d8-6cd5-4d00-bc76-74a331961dd9-135760465028928","trial_id":77,"param_name":"gx","param_value_internal":1,"distribution":"{\"name\": \"CategoricalDistribution\", \"attributes\": {\"choices\": [1, 2, 4, 8]}}"}
{"op_code":5,"worker_id":"14ccb1d8-6cd5-4d00-bc76-74a331961dd9-135760465028928","trial_id":77,"param_name":"gy","param_value_internal":2,"distribution":"{\"name\": \"CategoricalDistribution\", \"attributes\": {\"choices\": [1, 2, 4, 8]}}"}
{"op_code":5,"worker_id":"14ccb1d8-6cd5-4d00-bc76-74a331961dd9-135760465028928","trial_id":77,"param_name":"sub","param_value_internal":0,"distribution":"{\"name\": \"CategoricalDistribution\", \"attributes\": {\"choices\": [32, 64]}}"}
{"op_code":6,"worker_id":"14ccb1d8-6cd5-4d00-bc76-74a331961dd9-135760465028928","trial_id":77,"state":2,"values":null,"datetime_complete":"2026-08-07T13:51:28.576010"}
{"op_code":4,"worker_id":"14ccb1d8-6cd5-4d00-bc76-74a331961dd9-135760465028928","study_id":0,"datetime_start":"2026-08-07T13:51:28.577705"}
{"op_code":9,"worker_id":"14ccb1d8-6cd5-4d00-bc76-74a331961dd9-135760465028928","trial_id":78,"system_attr":{"tpe:relative_params:0":"{\"gx\": 2, \"gy\": 8, \"k\": 64, \"m\": 128, \"n\": 128, \"sub\": 64}"}}
{"op_code":5,"worker_id":"14ccb1d8-6cd5-4d00-bc76-74a331961dd9-135760465028928","trial_id":78,"param_name":"m","param_value_internal":3,"distribution":"{\"name\": \"CategoricalDistribution\", \"attributes\": {\"choices\": [16, 32, 64, 128, 256]}}"}
{"op_code":5,"worker_id":"14ccb1d8-6cd5-4d00-bc76-74a331961dd9-135760465028928","trial_id":78,"param_name":"n","param_value_internal":3,"distribution":"{\"name\": \"CategoricalDistribution\", \"attributes\": {\"choices\": [16, 32, 64, 128, 256]}}"}
{"op_code":5,"worker_id":"14ccb1d8-6cd5-4d00-bc76-74a331961dd9-135760465028928","trial_id":78,"param_name":"k","param_value_internal":2,"distribution":"{\"name\": \"CategoricalDistribution\", \"attributes\": {\"choices\": [16, 32, 64, 128]}}"}
{"op_code":5,"worker_id":"14ccb1d8-6cd5-4d00-bc76-74a331961dd9-135760465028928","trial_id":78,"param_name":"gx","param_value_internal":1,"distribution":"{\"name\": \"CategoricalDistribution\", \"attributes\": {\"choices\": [1, 2, 4, 8]}}"}
{"op_code":5,"worker_id":"14ccb1d8-6cd5-4d00-bc76-74a331961dd9-135760465028928","trial_id":78,"param_name":"gy","param_value_internal":3,"distribution":"{\"name\": \"CategoricalDistribution\", \"attributes\": {\"choices\": [1, 2, 4, 8]}}"}
{"op_code":5,"worker_id":"14ccb1d8-6cd5-4d00-bc76-74a331961dd9-135760465028928","trial_id":78,"param_name":"sub","param_value_internal":1,"distribution":"{\"name\": \"CategoricalDistribution\", \"attributes\": {\"choices\": [32, 64]}}"}
{"op_code":8,"worker_id":"14ccb1d8-6cd5-4d00-bc76-74a331961dd9-135760465028928","trial_id":78,"user_attr":{"token":"tsweep_dbuf4_t128x128k64g28s64"}}
{"op_code":4,"worker_id":"14ccb1d8-6cd5-4d00-bc76-74a331961dd9-135760465028928","study_id":0,"datetime_start":"2026-08-07T13:51:28.597076"}
{"op_code":9,"worker_id":"14ccb1d8-6cd5-4d00-bc76-74a331961dd9-135760465028928","trial_id":79,"system_attr":{"tpe:relative_params:0":"{\"gx\": 1, \"gy\": 8, \"k\": 64, \"m\": 128, \"n\": 64, \"sub\": 64}"}}
{"op_code":5,"worker_id":"14ccb1d8-6cd5-4d00-bc76-74a331961dd9-135760465028928","trial_id":79,"param_name":"m","param_value_internal":3,"distribution":"{\"name\": \"CategoricalDistribution\", \"attributes\": {\"choices\": [16, 32, 64, 128, 256]}}"}
{"op_code":5,"worker_id":"14ccb1d8-6cd5-4d00-bc76-74a331961dd9-135760465028928","trial_id":79,"param_name":"n","param_value_internal":2,"distribution":"{\"name\": \"CategoricalDistribution\", \"attributes\": {\"choices\": [16, 32, 64, 128, 256]}}"}
{"op_code":5,"worker_id":"14ccb1d8-6cd5-4d00-bc76-74a331961dd9-135760465028928","trial_id":79,"param_name":"k","param_value_internal":2,"distribution":"{\"name\": \"CategoricalDistribution\", \"attributes\": {\"choices\": [16, 32, 64, 128]}}"}
{"op_code":5,"worker_id":"14ccb1d8-6cd5-4d00-bc76-74a331961dd9-135760465028928","trial_id":79,"param_name":"gx","param_value_internal":0,"distribution":"{\"name\": \"CategoricalDistribution\", \"attributes\": {\"choices\": [1, 2, 4, 8]}}"}
{"op_code":5,"worker_id":"14ccb1d8-6cd5-4d00-bc76-74a331961dd9-135760465028928","trial_id":79,"param_name":"gy","param_value_internal":3,"distribution":"{\"name\": \"CategoricalDistribution\", \"attributes\": {\"choices\": [1, 2, 4, 8]}}"}
{"op_code":5,"worker_id":"14ccb1d8-6cd5-4d00-bc76-74a331961dd9-135760465028928","trial_id":79,"param_name":"sub","param_value_internal":1,"distribution":"{\"name\": \"CategoricalDistribution\", \"attributes\": {\"choices\": [32, 64]}}"}
{"op_code":8,"worker_id":"14ccb1d8-6cd5-4d00-bc76-74a331961dd9-135760465028928","trial_id":79,"user_attr":{"token":"tsweep_dbuf4_t128x64k64g18s64"}}
{"op_code":4,"worker_id":"14ccb1d8-6cd5-4d00-bc76-74a331961dd9-135760465028928","study_id":0,"datetime_start":"2026-08-07T13:51:28.617664"}
{"op_code":9,"worker_id":"14ccb1d8-6cd5-4d00-bc76-74a331961dd9-135760465028928","trial_id":80,"system_attr":{"tpe:relative_params:0":"{\"gx\": 4, \"gy\": 2, \"k\": 64, \"m\": 128, \"n\": 128, \"sub\": 32}"}}
{"op_code":5,"worker_id":"14ccb1d8-6cd5-4d00-bc76-74a331961dd9-135760465028928","trial_id":80,"param_name":"m","param_value_internal":3,"distribution":"{\"name\": \"CategoricalDistribution\", \"attributes\": {\"choices\": [16, 32, 64, 128, 256]}}"}
{"op_code":5,"worker_id":"14ccb1d8-6cd5-4d00-bc76-74a331961dd9-135760465028928","trial_id":80,"param_name":"n","param_value_internal":3,"distribution":"{\"name\": \"CategoricalDistribution\", \"attributes\": {\"choices\": [16, 32, 64, 128, 256]}}"}
{"op_code":5,"worker_id":"14ccb1d8-6cd5-4d00-bc76-74a331961dd9-135760465028928","trial_id":80,"param_name":"k","param_value_internal":2,"distribution":"{\"name\": \"CategoricalDistribution\", \"attributes\": {\"choices\": [16, 32, 64, 128]}}"}
{"op_code":5,"worker_id":"14ccb1d8-6cd5-4d00-bc76-74a331961dd9-135760465028928","trial_id":80,"param_name":"gx","param_value_internal":2,"distribution":"{\"name\": \"CategoricalDistribution\", \"attributes\": {\"choices\": [1, 2, 4, 8]}}"}
{"op_code":5,"worker_id":"14ccb1d8-6cd5-4d00-bc76-74a331961dd9-135760465028928","trial_id":80,"param_name":"gy","param_value_internal":1,"distribution":"{\"name\": \"CategoricalDistribution\", \"attributes\": {\"choices\": [1, 2, 4, 8]}}"}
{"op_code":5,"worker_id":"14ccb1d8-6cd5-4d00-bc76-74a331961dd9-135760465028928","trial_id":80,"param_name":"sub","param_value_internal":0,"distribution":"{\"name\": \"CategoricalDistribution\", \"attributes\": {\"choices\": [32, 64]}}"}
{"op_code":8,"worker_id":"14ccb1d8-6cd5-4d00-bc76-74a331961dd9-135760465028928","trial_id":80,"user_attr":{"token":"tsweep_dbuf4_t128x128k64g42s32"}}
{"op_code":4,"worker_id":"14ccb1d8-6cd5-4d00-bc76-74a331961dd9-135760465028928","study_id":0,"datetime_start":"2026-08-07T13:51:28.638183"}
{"op_code":9,"worker_id":"14ccb1d8-6cd5-4d00-bc76-74a331961dd9-135760465028928","trial_id":81,"system_attr":{"tpe:relative_params:0":"{\"gx\": 2, \"gy\": 4, \"k\": 16, \"m\": 64, \"n\": 128, \"sub\": 32}"}}
{"op_code":5,"worker_id":"14ccb1d8-6cd5-4d00-bc76-74a331961dd9-135760465028928","trial_id":81,"param_name":"m","param_value_internal":2,"distribution":"{\"name\": \"CategoricalDistribution\", \"attributes\": {\"choices\": [16, 32, 64, 128, 256]}}"}
{"op_code":5,"worker_id":"14ccb1d8-6cd5-4d00-bc76-74a331961dd9-135760465028928","trial_id":81,"param_name":"n","param_value_internal":3,"distribution":"{\"name\": \"CategoricalDistribution\", \"attributes\": {\"choices\": [16, 32, 64, 128, 256]}}"}
{"op_code":5,"worker_id":"14ccb1d8-6cd5-4d00-bc76-74a331961dd9-135760465028928","trial_id":81,"param_name":"k","param_value_internal":0,"distribution":"{\"name\": \"CategoricalDistribution\", \"attributes\": {\"choices\": [16, 32, 64, 128]}}"}
{"op_code":5,"worker_id":"14ccb1d8-6cd5-4d00-bc76-74a331961dd9-135760465028928","trial_id":81,"param_name":"gx","param_value_internal":1,"distribution":"{\"name\": \"CategoricalDistribution\", \"attributes\": {\"choices\": [1, 2, 4, 8]}}"}
{"op_code":5,"worker_id":"14ccb1d8-6cd5-4d00-bc76-74a331961dd9-135760465028928","trial_id":81,"param_name":"gy","param_value_internal":2,"distribution":"{\"name\": \"CategoricalDistribution\", \"attributes\": {\"choices\": [1, 2, 4, 8]}}"}
{"op_code":5,"worker_id":"14ccb1d8-6cd5-4d00-bc76-74a331961dd9-135760465028928","trial_id":81,"param_name":"sub","param_value_internal":0,"distribution":"{\"name\": \"CategoricalDistribution\", \"attributes\": {\"choices\": [32, 64]}}"}
{"op_code":6,"worker_id":"14ccb1d8-6cd5-4d00-bc76-74a331961dd9-135760465028928","trial_id":81,"state":2,"values":null,"datetime_complete":"2026-08-07T13:51:28.658046"}
{"op_code":4,"worker_id":"14ccb1d8-6cd5-4d00-bc76-74a331961dd9-135760465028928","study_id":0,"datetime_start":"2026-08-07T13:51:28.660031"}
{"op_code":9,"worker_id":"14ccb1d8-6cd5-4d00-bc76-74a331961dd9-135760465028928","trial_id":82,"system_attr":{"tpe:relative_params:0":"{\"gx\": 8, \"gy\": 2, \"k\": 32, \"m\": 64, \"n\": 16, \"sub\": 32}"}}
{"op_code":5,"worker_id":"14ccb1d8-6cd5-4d00-bc76-74a331961dd9-135760465028928","trial_id":82,"param_name":"m","param_value_internal":2,"distribution":"{\"name\": \"CategoricalDistribution\", \"attributes\": {\"choices\": [16, 32, 64, 128, 256]}}"}
{"op_code":5,"worker_id":"14ccb1d8-6cd5-4d00-bc76-74a331961dd9-135760465028928","trial_id":82,"param_name":"n","param_value_internal":0,"distribution":"{\"name\": \"CategoricalDistribution\", \"attributes\": {\"choices\": [16, 32, 64, 128, 256]}}"}
{"op_code":5,"worker_id":"14ccb1d8-6cd5-4d00-bc76-74a331961dd9-135760465028928","trial_id":82,"param_name":"k","param_value_internal":1,"distribution":"{\"name\": \"CategoricalDistribution\", \"attributes\": {\"choices\": [16, 32, 64, 128]}}"}
{"op_code":5,"worker_id":"14ccb1d8-6cd5-4d00-bc76-74a331961dd9-135760465028928","trial_id":82,"param_name":"gx","param_value_internal":3,"distribution":"{\"name\": \"CategoricalDistribution\", \"attributes\": {\"choices\": [1, 2, 4, 8]}}"}
{"op_code":5,"worker_id":"14ccb1d8-6cd5-4d00-bc76-74a331961dd9-135760465028928","trial_id":82,"param_name":"gy","param_value_internal":1,"distribution":"{\"name\": \"CategoricalDistribution\", \"attributes\": {\"choices\": [1, 2, 4, 8]}}"}
{"op_code":5,"worker_id":"14ccb1d8-6cd5-4d00-bc76-74a331961dd9-135760465028928","trial_id":82,"param_name":"sub","param_value_internal":0,"distribution":"{\"name\": \"CategoricalDistribution\", \"attributes\": {\"choices\": [32, 64]}}"}
{"op_code":6,"worker_id":"14ccb1d8-6cd5-4d00-bc76-74a331961dd9-135760465028928","trial_id":82,"state":2,"values":null,"datetime_complete":"2026-08-07T13:51:28.680016"}
{"op_code":4,"worker_id":"14ccb1d8-6cd5-4d00-bc76-74a331961dd9-135760465028928","study_id":0,"datetime_start":"2026-08-07T13:51:28.681943"}
{"op_code":9,"worker_id":"14ccb1d8-6cd5-4d00-bc76-74a331961dd9-135760465028928","trial_id":83,"system_attr":{"tpe:relative_params:0":"{\"gx\": 4, \"gy\": 2, \"k\": 64, \"m\": 64, \"n\": 16, \"sub\": 64}"}}
{"op_code":5,"worker_id":"14ccb1d8-6cd5-4d00-bc76-74a331961dd9-135760465028928","trial_id":83,"param_name":"m","param_value_internal":2,"distribution":"{\"name\": \"CategoricalDistribution\", \"attributes\": {\"choices\": [16, 32, 64, 128, 256]}}"}
{"op_code":5,"worker_id":"14ccb1d8-6cd5-4d00-bc76-74a331961dd9-135760465028928","trial_id":83,"param_name":"n","param_value_internal":0,"distribution":"{\"name\": \"CategoricalDistribution\", \"attributes\": {\"choices\": [16, 32, 64, 128, 256]}}"}
{"op_code":5,"worker_id":"14ccb1d8-6cd5-4d00-bc76-74a331961dd9-135760465028928","trial_id":83,"param_name":"k","param_value_internal":2,"distribution":"{\"name\": \"CategoricalDistribution\", \"attributes\": {\"choices\": [16, 32, 64, 128]}}"}
{"op_code":5,"worker_id":"14ccb1d8-6cd5-4d00-bc76-74a331961dd9-135760465028928","trial_id":83,"param_name":"gx","param_value_internal":2,"distribution":"{\"name\": \"CategoricalDistribution\", \"attributes\": {\"choices\": [1, 2, 4, 8]}}"}
{"op_code":5,"worker_id":"14ccb1d8-6cd5-4d00-bc76-74a331961dd9-135760465028928","trial_id":83,"param_name":"gy","param_value_internal":1,"distribution":"{\"name\": \"CategoricalDistribution\", \"attributes\": {\"choices\": [1, 2, 4, 8]}}"}
{"op_code":5,"worker_id":"14ccb1d8-6cd5-4d00-bc76-74a331961dd9-135760465028928","trial_id":83,"param_name":"sub","param_value_internal":1,"distribution":"{\"name\": \"CategoricalDistribution\", \"attributes\": {\"choices\": [32, 64]}}"}
{"op_code":6,"worker_id":"14ccb1d8-6cd5-4d00-bc76-74a331961dd9-135760465028928","trial_id":83,"state":2,"values":null,"datetime_complete":"2026-08-07T13:51:28.701872"}
{"op_code":4,"worker_id":"14ccb1d8-6cd5-4d00-bc76-74a331961dd9-135760465028928","study_id":0,"datetime_start":"2026-08-07T13:51:28.703778"}
{"op_code":9,"worker_id":"14ccb1d8-6cd5-4d00-bc76-74a331961dd9-135760465028928","trial_id":84,"system_attr":{"tpe:relative_params:0":"{\"gx\": 1, \"gy\": 8, \"k\": 16, \"m\": 64, \"n\": 16, \"sub\": 32}"}}
{"op_code":5,"worker_id":"14ccb1d8-6cd5-4d00-bc76-74a331961dd9-135760465028928","trial_id":84,"param_name":"m","param_value_internal":2,"distribution":"{\"name\": \"CategoricalDistribution\", \"attributes\": {\"choices\": [16, 32, 64, 128, 256]}}"}
{"op_code":5,"worker_id":"14ccb1d8-6cd5-4d00-bc76-74a331961dd9-135760465028928","trial_id":84,"param_name":"n","param_value_internal":0,"distribution":"{\"name\": \"CategoricalDistribution\", \"attributes\": {\"choices\": [16, 32, 64, 128, 256]}}"}
{"op_code":5,"worker_id":"14ccb1d8-6cd5-4d00-bc76-74a331961dd9-135760465028928","trial_id":84,"param_name":"k","param_value_internal":0,"distribution":"{\"name\": \"CategoricalDistribution\", \"attributes\": {\"choices\": [16, 32, 64, 128]}}"}
{"op_code":5,"worker_id":"14ccb1d8-6cd5-4d00-bc76-74a331961dd9-135760465028928","trial_id":84,"param_name":"gx","param_value_internal":0,"distribution":"{\"name\": \"CategoricalDistribution\", \"attributes\": {\"choices\": [1, 2, 4, 8]}}"}
{"op_code":5,"worker_id":"14ccb1d8-6cd5-4d00-bc76-74a331961dd9-135760465028928","trial_id":84,"param_name":"gy","param_value_internal":3,"distribution":"{\"name\": \"CategoricalDistribution\", \"attributes\": {\"choices\": [1, 2, 4, 8]}}"}
{"op_code":5,"worker_id":"14ccb1d8-6cd5-4d00-bc76-74a331961dd9-135760465028928","trial_id":84,"param_name":"sub","param_value_internal":0,"distribution":"{\"name\": \"CategoricalDistribution\", \"attributes\": {\"choices\": [32, 64]}}"}
{"op_code":6,"worker_id":"14ccb1d8-6cd5-4d00-bc76-74a331961dd9-135760465028928","trial_id":84,"state":2,"values":null,"datetime_complete":"2026-08-07T13:51:28.723586"}
{"op_code":4,"worker_id":"14ccb1d8-6cd5-4d00-bc76-74a331961dd9-135760465028928","study_id":0,"datetime_start":"2026-08-07T13:51:28.725659"}
{"op_code":9,"worker_id":"14ccb1d8-6cd5-4d00-bc76-74a331961dd9-135760465028928","trial_id":85,"system_attr":{"tpe:relative_params:0":"{\"gx\": 2, \"gy\": 2, \"k\": 16, \"m\": 16, \"n\": 128, \"sub\": 64}"}}
{"op_code":5,"worker_id":"14ccb1d8-6cd5-4d00-bc76-74a331961dd9-135760465028928","trial_id":85,"param_name":"m","param_value_internal":0,"distribution":"{\"name\": \"CategoricalDistribution\", \"attributes\": {\"choices\": [16, 32, 64, 128, 256]}}"}
{"op_code":5,"worker_id":"14ccb1d8-6cd5-4d00-bc76-74a331961dd9-135760465028928","trial_id":85,"param_name":"n","param_value_internal":3,"distribution":"{\"name\": \"CategoricalDistribution\", \"attributes\": {\"choices\": [16, 32, 64, 128, 256]}}"}
{"op_code":5,"worker_id":"14ccb1d8-6cd5-4d00-bc76-74a331961dd9-135760465028928","trial_id":85,"param_name":"k","param_value_internal":0,"distribution":"{\"name\": \"CategoricalDistribution\", \"attributes\": {\"choices\": [16, 32, 64, 128]}}"}
{"op_code":5,"worker_id":"14ccb1d8-6cd5-4d00-bc76-74a331961dd9-135760465028928","trial_id":85,"param_name":"gx","param_value_internal":1,"distribution":"{\"name\": \"CategoricalDistribution\", \"attributes\": {\"choices\": [1, 2, 4, 8]}}"}
{"op_code":5,"worker_id":"14ccb1d8-6cd5-4d00-bc76-74a331961dd9-135760465028928","trial_id":85,"param_name":"gy","param_value_internal":1,"distribution":"{\"name\": \"CategoricalDistribution\", \"attributes\": {\"choices\": [1, 2, 4, 8]}}"}
{"op_code":5,"worker_id":"14ccb1d8-6cd5-4d00-bc76-74a331961dd9-135760465028928","trial_id":85,"param_name":"sub","param_value_internal":1,"distribution":"{\"name\": \"CategoricalDistribution\", \"attributes\": {\"choices\": [32, 64]}}"}
{"op_code":6,"worker_id":"14ccb1d8-6cd5-4d00-bc76-74a331961dd9-135760465028928","trial_id":85,"state":2,"values":null,"datetime_complete":"2026-08-07T13:51:28.745628"}
{"op_code":4,"worker_id":"14ccb1d8-6cd5-4d00-bc76-74a331961dd9-135760465028928","study_id":0,"datetime_start":"2026-08-07T13:51:28.747600"}
{"op_code":9,"worker_id":"14ccb1d8-6cd5-4d00-bc76-74a331961dd9-135760465028928","trial_id":86,"system_attr":{"tpe:relative_params:0":"{\"gx\": 2, \"gy\": 2, \"k\": 16, \"m\": 64, \"n\": 64, \"sub\": 32}"}}
{"op_code":5,"worker_id":"14ccb1d8-6cd5-4d00-bc76-74a331961dd9-135760465028928","trial_id":86,"param_name":"m","param_value_internal":2,"distribution":"{\"name\": \"CategoricalDistribution\", \"attributes\": {\"choices\": [16, 32, 64, 128, 256]}}"}
{"op_code":5,"worker_id":"14ccb1d8-6cd5-4d00-bc76-74a331961dd9-135760465028928","trial_id":86,"param_name":"n","param_value_internal":2,"distribution":"{\"name\": \"CategoricalDistribution\", \"attributes\": {\"choices\": [16, 32, 64, 128, 256]}}"}
{"op_code":5,"worker_id":"14ccb1d8-6cd5-4d00-bc76-74a331961dd9-135760465028928","trial_id":86,"param_name":"k","param_value_internal":0,"distribution":"{\"name\": \"CategoricalDistribution\", \"attributes\": {\"choices\": [16, 32, 64, 128]}}"}
{"op_code":5,"worker_id":"14ccb1d8-6cd5-4d00-bc76-74a331961dd9-135760465028928","trial_id":86,"param_name":"gx","param_value_internal":1,"distribution":"{\"name\": \"CategoricalDistribution\", \"attributes\": {\"choices\": [1, 2, 4, 8]}}"}
{"op_code":5,"worker_id":"14ccb1d8-6cd5-4d00-bc76-74a331961dd9-135760465028928","trial_id":86,"param_name":"gy","param_value_internal":1,"distribution":"{\"name\": \"CategoricalDistribution\", \"attributes\": {\"choices\": [1, 2, 4, 8]}}"}
{"op_code":5,"worker_id":"14ccb1d8-6cd5-4d00-bc76-74a331961dd9-135760465028928","trial_id":86,"param_name":"sub","param_value_internal":0,"distribution":"{\"name\": \"CategoricalDistribution\", \"attributes\": {\"choices\": [32, 64]}}"}
{"op_code":8,"worker_id":"14ccb1d8-6cd5-4d00-bc76-74a331961dd9-135760465028928","trial_id":86,"user_attr":{"token":"tsweep_dbuf4_t64x64k16g22s32"}}
{"op_code":4,"worker_id":"14ccb1d8-6cd5-4d00-bc76-74a331961dd9-135760465028928","study_id":0,"datetime_start":"2026-08-07T13:51:28.768573"}
{"op_code":9,"worker_id":"14ccb1d8-6cd5-4d00-bc76-74a331961dd9-135760465028928","trial_id":87,"system_attr":{"tpe:relative_params:0":"{\"gx\": 1, \"gy\": 2, \"k\": 16, \"m\": 32, \"n\": 256, \"sub\": 32}"}}
{"op_code":5,"worker_id":"14ccb1d8-6cd5-4d00-bc76-74a331961dd9-135760465028928","trial_id":87,"param_name":"m","param_value_internal":1,"distribution":"{\"name\": \"CategoricalDistribution\", \"attributes\": {\"choices\": [16, 32, 64, 128, 256]}}"}
{"op_code":5,"worker_id":"14ccb1d8-6cd5-4d00-bc76-74a331961dd9-135760465028928","trial_id":87,"param_name":"n","param_value_internal":4,"distribution":"{\"name\": \"CategoricalDistribution\", \"attributes\": {\"choices\": [16, 32, 64, 128, 256]}}"}
{"op_code":5,"worker_id":"14ccb1d8-6cd5-4d00-bc76-74a331961dd9-135760465028928","trial_id":87,"param_name":"k","param_value_internal":0,"distribution":"{\"name\": \"CategoricalDistribution\", \"attributes\": {\"choices\": [16, 32, 64, 128]}}"}
{"op_code":5,"worker_id":"14ccb1d8-6cd5-4d00-bc76-74a331961dd9-135760465028928","trial_id":87,"param_name":"gx","param_value_internal":0,"distribution":"{\"name\": \"CategoricalDistribution\", \"attributes\": {\"choices\": [1, 2, 4, 8]}}"}
{"op_code":5,"worker_id":"14ccb1d8-6cd5-4d00-bc76-74a331961dd9-135760465028928","trial_id":87,"param_name":"gy","param_value_internal":1,"distribution":"{\"name\": \"CategoricalDistribution\", \"attributes\": {\"choices\": [1, 2, 4, 8]}}"}
{"op_code":5,"worker_id":"14ccb1d8-6cd5-4d00-bc76-74a331961dd9-135760465028928","trial_id":87,"param_name":"sub","param_value_internal":0,"distribution":"{\"name\": \"CategoricalDistribution\", \"attributes\": {\"choices\": [32, 64]}}"}
{"op_code":8,"worker_id":"14ccb1d8-6cd5-4d00-bc76-74a331961dd9-135760465028928","trial_id":87,"user_attr":{"token":"tsweep_dbuf4_t32x256k16g12s32"}}
{"op_code":4,"worker_id":"14ccb1d8-6cd5-4d00-bc76-74a331961dd9-135760465028928","study_id":0,"datetime_start":"2026-08-07T13:51:28.788786"}
{"op_code":9,"worker_id":"14ccb1d8-6cd5-4d00-bc76-74a331961dd9-135760465028928","trial_id":88,"system_attr":{"tpe:relative_params:0":"{\"gx\": 4, \"gy\": 4, \"k\": 16, \"m\": 64, \"n\": 16, \"sub\": 32}"}}
{"op_code":5,"worker_id":"14ccb1d8-6cd5-4d00-bc76-74a331961dd9-135760465028928","trial_id":88,"param_name":"m","param_value_internal":2,"distribution":"{\"name\": \"CategoricalDistribution\", \"attributes\": {\"choices\": [16, 32, 64, 128, 256]}}"}
{"op_code":5,"worker_id":"14ccb1d8-6cd5-4d00-bc76-74a331961dd9-135760465028928","trial_id":88,"param_name":"n","param_value_internal":0,"distribution":"{\"name\": \"CategoricalDistribution\", \"attributes\": {\"choices\": [16, 32, 64, 128, 256]}}"}
{"op_code":5,"worker_id":"14ccb1d8-6cd5-4d00-bc76-74a331961dd9-135760465028928","trial_id":88,"param_name":"k","param_value_internal":0,"distribution":"{\"name\": \"CategoricalDistribution\", \"attributes\": {\"choices\": [16, 32, 64, 128]}}"}
{"op_code":5,"worker_id":"14ccb1d8-6cd5-4d00-bc76-74a331961dd9-135760465028928","trial_id":88,"param_name":"gx","param_value_internal":2,"distribution":"{\"name\": \"CategoricalDistribution\", \"attributes\": {\"choices\": [1, 2, 4, 8]}}"}
{"op_code":5,"worker_id":"14ccb1d8-6cd5-4d00-bc76-74a331961dd9-135760465028928","trial_id":88,"param_name":"gy","param_value_internal":2,"distribution":"{\"name\": \"CategoricalDistribution\", \"attributes\": {\"choices\": [1, 2, 4, 8]}}"}
{"op_code":5,"worker_id":"14ccb1d8-6cd5-4d00-bc76-74a331961dd9-135760465028928","trial_id":88,"param_name":"sub","param_value_internal":0,"distribution":"{\"name\": \"CategoricalDistribution\", \"attributes\": {\"choices\": [32, 64]}}"}
{"op_code":6,"worker_id":"14ccb1d8-6cd5-4d00-bc76-74a331961dd9-135760465028928","trial_id":88,"state":2,"values":null,"datetime_complete":"2026-08-07T13:51:28.809436"}
{"op_code":4,"worker_id":"14ccb1d8-6cd5-4d00-bc76-74a331961dd9-135760465028928","study_id":0,"datetime_start":"2026-08-07T13:51:28.811380"}
{"op_code":9,"worker_id":"14ccb1d8-6cd5-4d00-bc76-74a331961dd9-135760465028928","trial_id":89,"system_attr":{"tpe:relative_params:0":"{\"gx\": 2, \"gy\": 8, \"k\": 16, \"m\": 128, \"n\": 256, \"sub\": 32}"}}
{"op_code":5,"worker_id":"14ccb1d8-6cd5-4d00-bc76-74a331961dd9-135760465028928","trial_id":89,"param_name":"m","param_value_internal":3,"distribution":"{\"name\": \"CategoricalDistribution\", \"attributes\": {\"choices\": [16, 32, 64, 128, 256]}}"}
{"op_code":5,"worker_id":"14ccb1d8-6cd5-4d00-bc76-74a331961dd9-135760465028928","trial_id":89,"param_name":"n","param_value_internal":4,"distribution":"{\"name\": \"CategoricalDistribution\", \"attributes\": {\"choices\": [16, 32, 64, 128, 256]}}"}
{"op_code":5,"worker_id":"14ccb1d8-6cd5-4d00-bc76-74a331961dd9-135760465028928","trial_id":89,"param_name":"k","param_value_internal":0,"distribution":"{\"name\": \"CategoricalDistribution\", \"attributes\": {\"choices\": [16, 32, 64, 128]}}"}
{"op_code":5,"worker_id":"14ccb1d8-6cd5-4d00-bc76-74a331961dd9-135760465028928","trial_id":89,"param_name":"gx","param_value_internal":1,"distribution":"{\"name\": \"CategoricalDistribution\", \"attributes\": {\"choices\": [1, 2, 4, 8]}}"}
{"op_code":5,"worker_id":"14ccb1d8-6cd5-4d00-bc76-74a331961dd9-135760465028928","trial_id":89,"param_name":"gy","param_value_internal":3,"distribution":"{\"name\": \"CategoricalDistribution\", \"attributes\": {\"choices\": [1, 2, 4, 8]}}"}
{"op_code":5,"worker_id":"14ccb1d8-6cd5-4d00-bc76-74a331961dd9-135760465028928","trial_id":89,"param_name":"sub","param_value_internal":0,"distribution":"{\"name\": \"CategoricalDistribution\", \"attributes\": {\"choices\": [32, 64]}}"}
{"op_code":8,"worker_id":"14ccb1d8-6cd5-4d00-bc76-74a331961dd9-135760465028928","trial_id":89,"user_attr":{"token":"tsweep_dbuf4_t128x256k16g28s32"}}
{"op_code":4,"worker_id":"14ccb1d8-6cd5-4d00-bc76-74a331961dd9-135760465028928","study_id":0,"datetime_start":"2026-08-07T13:51:28.832470"}
{"op_code":9,"worker_id":"14ccb1d8-6cd5-4d00-bc76-74a331961dd9-135760465028928","trial_id":90,"system_attr":{"tpe:relative_params:0":"{\"gx\": 4, \"gy\": 8, \"k\": 16, \"m\": 128, \"n\": 128, \"sub\": 32}"}}
{"op_code":5,"worker_id":"14ccb1d8-6cd5-4d00-bc76-74a331961dd9-135760465028928","trial_id":90,"param_name":"m","param_value_internal":3,"distribution":"{\"name\": \"CategoricalDistribution\", \"attributes\": {\"choices\": [16, 32, 64, 128, 256]}}"}
{"op_code":5,"worker_id":"14ccb1d8-6cd5-4d00-bc76-74a331961dd9-135760465028928","trial_id":90,"param_name":"n","param_value_internal":3,"distribution":"{\"name\": \"CategoricalDistribution\", \"attributes\": {\"choices\": [16, 32, 64, 128, 256]}}"}
{"op_code":5,"worker_id":"14ccb1d8-6cd5-4d00-bc76-74a331961dd9-135760465028928","trial_id":90,"param_name":"k","param_value_internal":0,"distribution":"{\"name\": \"CategoricalDistribution\", \"attributes\": {\"choices\": [16, 32, 64, 128]}}"}
{"op_code":5,"worker_id":"14ccb1d8-6cd5-4d00-bc76-74a331961dd9-135760465028928","trial_id":90,"param_name":"gx","param_value_internal":2,"distribution":"{\"name\": \"CategoricalDistribution\", \"attributes\": {\"choices\": [1, 2, 4, 8]}}"}
{"op_code":5,"worker_id":"14ccb1d8-6cd5-4d00-bc76-74a331961dd9-135760465028928","trial_id":90,"param_name":"gy","param_value_internal":3,"distribution":"{\"name\": \"CategoricalDistribution\", \"attributes\": {\"choices\": [1, 2, 4, 8]}}"}
{"op_code":5,"worker_id":"14ccb1d8-6cd5-4d00-bc76-74a331961dd9-135760465028928","trial_id":90,"param_name":"sub","param_value_internal":0,"distribution":"{\"name\": \"CategoricalDistribution\", \"attributes\": {\"choices\": [32, 64]}}"}
{"op_code":6,"worker_id":"14ccb1d8-6cd5-4d00-bc76-74a331961dd9-135760465028928","trial_id":90,"state":2,"values":null,"datetime_complete":"2026-08-07T13:51:28.851664"}
{"op_code":4,"worker_id":"14ccb1d8-6cd5-4d00-bc76-74a331961dd9-135760465028928","study_id":0,"datetime_start":"2026-08-07T13:51:28.853440"}
{"op_code":9,"worker_id":"14ccb1d8-6cd5-4d00-bc76-74a331961dd9-135760465028928","trial_id":91,"system_attr":{"tpe:relative_params:0":"{\"gx\": 2, \"gy\": 8, \"k\": 16, \"m\": 128, \"n\": 128, \"sub\": 32}"}}
{"op_code":5,"worker_id":"14ccb1d8-6cd5-4d00-bc76-74a331961dd9-135760465028928","trial_id":91,"param_name":"m","param_value_internal":3,"distribution":"{\"name\": \"CategoricalDistribution\", \"attributes\": {\"choices\": [16, 32, 64, 128, 256]}}"}
{"op_code":5,"worker_id":"14ccb1d8-6cd5-4d00-bc76-74a331961dd9-135760465028928","trial_id":91,"param_name":"n","param_value_internal":3,"distribution":"{\"name\": \"CategoricalDistribution\", \"attributes\": {\"choices\": [16, 32, 64, 128, 256]}}"}
{"op_code":5,"worker_id":"14ccb1d8-6cd5-4d00-bc76-74a331961dd9-135760465028928","trial_id":91,"param_name":"k","param_value_internal":0,"distribution":"{\"name\": \"CategoricalDistribution\", \"attributes\": {\"choices\": [16, 32, 64, 128]}}"}
{"op_code":5,"worker_id":"14ccb1d8-6cd5-4d00-bc76-74a331961dd9-135760465028928","trial_id":91,"param_name":"gx","param_value_internal":1,"distribution":"{\"name\": \"CategoricalDistribution\", \"attributes\": {\"choices\": [1, 2, 4, 8]}}"}
{"op_code":5,"worker_id":"14ccb1d8-6cd5-4d00-bc76-74a331961dd9-135760465028928","trial_id":91,"param_name":"gy","param_value_internal":3,"distribution":"{\"name\": \"CategoricalDistribution\", \"attributes\": {\"choices\": [1, 2, 4, 8]}}"}
{"op_code":5,"worker_id":"14ccb1d8-6cd5-4d00-bc76-74a331961dd9-135760465028928","trial_id":91,"param_name":"sub","param_value_internal":0,"distribution":"{\"name\": \"CategoricalDistribution\", \"attributes\": {\"choices\": [32, 64]}}"}
{"op_code":6,"worker_id":"14ccb1d8-6cd5-4d00-bc76-74a331961dd9-135760465028928","trial_id":91,"state":2,"values":null,"datetime_complete":"2026-08-07T13:51:28.872458"}
{"op_code":4,"worker_id":"14ccb1d8-6cd5-4d00-bc76-74a331961dd9-135760465028928","study_id":0,"datetime_start":"2026-08-07T13:51:28.874471"}
{"op_code":9,"worker_id":"14ccb1d8-6cd5-4d00-bc76-74a331961dd9-135760465028928","trial_id":92,"system_attr":{"tpe:relative_params:0":"{\"gx\": 1, \"gy\": 2, \"k\": 32, \"m\": 16, \"n\": 16, \"sub\": 32}"}}
{"op_code":5,"worker_id":"14ccb1d8-6cd5-4d00-bc76-74a331961dd9-135760465028928","trial_id":92,"param_name":"m","param_value_internal":0,"distribution":"{\"name\": \"CategoricalDistribution\", \"attributes\": {\"choices\": [16, 32, 64, 128, 256]}}"}
{"op_code":5,"worker_id":"14ccb1d8-6cd5-4d00-bc76-74a331961dd9-135760465028928","trial_id":92,"param_name":"n","param_value_internal":0,"distribution":"{\"name\": \"CategoricalDistribution\", \"attributes\": {\"choices\": [16, 32, 64, 128, 256]}}"}
{"op_code":5,"worker_id":"14ccb1d8-6cd5-4d00-bc76-74a331961dd9-135760465028928","trial_id":92,"param_name":"k","param_value_internal":1,"distribution":"{\"name\": \"CategoricalDistribution\", \"attributes\": {\"choices\": [16, 32, 64, 128]}}"}
{"op_code":5,"worker_id":"14ccb1d8-6cd5-4d00-bc76-74a331961dd9-135760465028928","trial_id":92,"param_name":"gx","param_value_internal":0,"distribution":"{\"name\": \"CategoricalDistribution\", \"attributes\": {\"choices\": [1, 2, 4, 8]}}"}
{"op_code":5,"worker_id":"14ccb1d8-6cd5-4d00-bc76-74a331961dd9-135760465028928","trial_id":92,"param_name":"gy","param_value_internal":1,"distribution":"{\"name\": \"CategoricalDistribution\", \"attributes\": {\"choices\": [1, 2, 4, 8]}}"}
{"op_code":5,"worker_id":"14ccb1d8-6cd5-4d00-bc76-74a331961dd9-135760465028928","trial_id":92,"param_name":"sub","param_value_internal":0,"distribution":"{\"name\": \"CategoricalDistribution\", \"attributes\": {\"choices\": [32, 64]}}"}
{"op_code":6,"worker_id":"14ccb1d8-6cd5-4d00-bc76-74a331961dd9-135760465028928","trial_id":92,"state":2,"values":null,"datetime_complete":"2026-08-07T13:51:28.895270"}
{"op_code":4,"worker_id":"14ccb1d8-6cd5-4d00-bc76-74a331961dd9-135760465028928","study_id":0,"datetime_start":"2026-08-07T13:51:28.897304"}
{"op_code":9,"worker_id":"14ccb1d8-6cd5-4d00-bc76-74a331961dd9-135760465028928","trial_id":93,"system_attr":{"tpe:relative_params:0":"{\"gx\": 1, \"gy\": 1, \"k\": 32, \"m\": 16, \"n\": 16, \"sub\": 64}"}}
{"op_code":5,"worker_id":"14ccb1d8-6cd5-4d00-bc76-74a331961dd9-135760465028928","trial_id":93,"param_name":"m","param_value_internal":0,"distribution":"{\"name\": \"CategoricalDistribution\", \"attributes\": {\"choices\": [16, 32, 64, 128, 256]}}"}
{"op_code":5,"worker_id":"14ccb1d8-6cd5-4d00-bc76-74a331961dd9-135760465028928","trial_id":93,"param_name":"n","param_value_internal":0,"distribution":"{\"name\": \"CategoricalDistribution\", \"attributes\": {\"choices\": [16, 32, 64, 128, 256]}}"}
{"op_code":5,"worker_id":"14ccb1d8-6cd5-4d00-bc76-74a331961dd9-135760465028928","trial_id":93,"param_name":"k","param_value_internal":1,"distribution":"{\"name\": \"CategoricalDistribution\", \"attributes\": {\"choices\": [16, 32, 64, 128]}}"}
{"op_code":5,"worker_id":"14ccb1d8-6cd5-4d00-bc76-74a331961dd9-135760465028928","trial_id":93,"param_name":"gx","param_value_internal":0,"distribution":"{\"name\": \"CategoricalDistribution\", \"attributes\": {\"choices\": [1, 2, 4, 8]}}"}
{"op_code":5,"worker_id":"14ccb1d8-6cd5-4d00-bc76-74a331961dd9-135760465028928","trial_id":93,"param_name":"gy","param_value_internal":0,"distribution":"{\"name\": \"CategoricalDistribution\", \"attributes\": {\"choices\": [1, 2, 4, 8]}}"}
{"op_code":5,"worker_id":"14ccb1d8-6cd5-4d00-bc76-74a331961dd9-135760465028928","trial_id":93,"param_name":"sub","param_value_internal":1,"distribution":"{\"name\": \"CategoricalDistribution\", \"attributes\": {\"choices\": [32, 64]}}"}
{"op_code":8,"worker_id":"14ccb1d8-6cd5-4d00-bc76-74a331961dd9-135760465028928","trial_id":93,"user_attr":{"token":"tsweep_dbuf4_t16x16k32g11s64"}}
{"op_code":4,"worker_id":"14ccb1d8-6cd5-4d00-bc76-74a331961dd9-135760465028928","study_id":0,"datetime_start":"2026-08-07T13:51:28.918008"}
{"op_code":9,"worker_id":"14ccb1d8-6cd5-4d00-bc76-74a331961dd9-135760465028928","trial_id":94,"system_attr":{"tpe:relative_params:0":"{\"gx\": 4, \"gy\": 4, \"k\": 16, \"m\": 128, \"n\": 64, \"sub\": 64}"}}
{"op_code":5,"worker_id":"14ccb1d8-6cd5-4d00-bc76-74a331961dd9-135760465028928","trial_id":94,"param_name":"m","param_value_internal":3,"distribution":"{\"name\": \"CategoricalDistribution\", \"attributes\": {\"choices\": [16, 32, 64, 128, 256]}}"}
{"op_code":5,"worker_id":"14ccb1d8-6cd5-4d00-bc76-74a331961dd9-135760465028928","trial_id":94,"param_name":"n","param_value_internal":2,"distribution":"{\"name\": \"CategoricalDistribution\", \"attributes\": {\"choices\": [16, 32, 64, 128, 256]}}"}
{"op_code":5,"worker_id":"14ccb1d8-6cd5-4d00-bc76-74a331961dd9-135760465028928","trial_id":94,"param_name":"k","param_value_internal":0,"distribution":"{\"name\": \"CategoricalDistribution\", \"attributes\": {\"choices\": [16, 32, 64, 128]}}"}
{"op_code":5,"worker_id":"14ccb1d8-6cd5-4d00-bc76-74a331961dd9-135760465028928","trial_id":94,"param_name":"gx","param_value_internal":2,"distribution":"{\"name\": \"CategoricalDistribution\", \"attributes\": {\"choices\": [1, 2, 4, 8]}}"}
{"op_code":5,"worker_id":"14ccb1d8-6cd5-4d00-bc76-74a331961dd9-135760465028928","trial_id":94,"param_name":"gy","param_value_internal":2,"distribution":"{\"name\": \"CategoricalDistribution\", \"attributes\": {\"choices\": [1, 2, 4, 8]}}"}
{"op_code":5,"worker_id":"14ccb1d8-6cd5-4d00-bc76-74a331961dd9-135760465028928","trial_id":94,"param_name":"sub","param_value_internal":1,"distribution":"{\"name\": \"CategoricalDistribution\", \"attributes\": {\"choices\": [32, 64]}}"}
{"op_code":6,"worker_id":"14ccb1d8-6cd5-4d00-bc76-74a331961dd9-135760465028928","trial_id":94,"state":2,"values":null,"datetime_complete":"2026-08-07T13:51:28.936832"}
{"op_code":4,"worker_id":"14ccb1d8-6cd5-4d00-bc76-74a331961dd9-135760465028928","study_id":0,"datetime_start":"2026-08-07T13:51:28.938868"}
{"op_code":9,"worker_id":"14ccb1d8-6cd5-4d00-bc76-74a331961dd9-135760465028928","trial_id":95,"system_attr":{"tpe:relative_params:0":"{\"gx\": 1, \"gy\": 4, \"k\": 32, \"m\": 64, \"n\": 128, \"sub\": 64}"}}
{"op_code":5,"worker_id":"14ccb1d8-6cd5-4d00-bc76-74a331961dd9-135760465028928","trial_id":95,"param_name":"m","param_value_internal":2,"distribution":"{\"name\": \"CategoricalDistribution\", \"attributes\": {\"choices\": [16, 32, 64, 128, 256]}}"}
{"op_code":5,"worker_id":"14ccb1d8-6cd5-4d00-bc76-74a331961dd9-135760465028928","trial_id":95,"param_name":"n","param_value_internal":3,"distribution":"{\"name\": \"CategoricalDistribution\", \"attributes\": {\"choices\": [16, 32, 64, 128, 256]}}"}
{"op_code":5,"worker_id":"14ccb1d8-6cd5-4d00-bc76-74a331961dd9-135760465028928","trial_id":95,"param_name":"k","param_value_internal":1,"distribution":"{\"name\": \"CategoricalDistribution\", \"attributes\": {\"choices\": [16, 32, 64, 128]}}"}
{"op_code":5,"worker_id":"14ccb1d8-6cd5-4d00-bc76-74a331961dd9-135760465028928","trial_id":95,"param_name":"gx","param_value_internal":0,"distribution":"{\"name\": \"CategoricalDistribution\", \"attributes\": {\"choices\": [1, 2, 4, 8]}}"}
{"op_code":5,"worker_id":"14ccb1d8-6cd5-4d00-bc76-74a331961dd9-135760465028928","trial_id":95,"param_name":"gy","param_value_internal":2,"distribution":"{\"name\": \"CategoricalDistribution\", \"attributes\": {\"choices\": [1, 2, 4, 8]}}"}
{"op_code":5,"worker_id":"14ccb1d8-6cd5-4d00-bc76-74a331961dd9-135760465028928","trial_id":95,"param_name":"sub","param_value_internal":1,"distribution":"{\"name\": \"CategoricalDistribution\", \"attributes\": {\"choices\": [32, 64]}}"}
{"op_code":8,"worker_id":"14ccb1d8-6cd5-4d00-bc76-74a331961dd9-135760465028928","trial_id":95,"user_attr":{"token":"tsweep_dbuf4_t64x128k32g14s64"}}
{"op_code":4,"worker_id":"14ccb1d8-6cd5-4d00-bc76-74a331961dd9-135760465028928","study_id":0,"datetime_start":"2026-08-07T13:51:28.964361"}
{"op_code":9,"worker_id":"14ccb1d8-6cd5-4d00-bc76-74a331961dd9-135760465028928","trial_id":96,"system_attr":{"tpe:relative_params:0":"{\"gx\": 1, \"gy\": 2, \"k\": 32, \"m\": 128, \"n\": 64, \"sub\": 64}"}}
{"op_code":5,"worker_id":"14ccb1d8-6cd5-4d00-bc76-74a331961dd9-135760465028928","trial_id":96,"param_name":"m","param_value_internal":3,"distribution":"{\"name\": \"CategoricalDistribution\", \"attributes\": {\"choices\": [16, 32, 64, 128, 256]}}"}
{"op_code":5,"worker_id":"14ccb1d8-6cd5-4d00-bc76-74a331961dd9-135760465028928","trial_id":96,"param_name":"n","param_value_internal":2,"distribution":"{\"name\": \"CategoricalDistribution\", \"attributes\": {\"choices\": [16, 32, 64, 128, 256]}}"}
{"op_code":5,"worker_id":"14ccb1d8-6cd5-4d00-bc76-74a331961dd9-135760465028928","trial_id":96,"param_name":"k","param_value_internal":1,"distribution":"{\"name\": \"CategoricalDistribution\", \"attributes\": {\"choices\": [16, 32, 64, 128]}}"}
{"op_code":5,"worker_id":"14ccb1d8-6cd5-4d00-bc76-74a331961dd9-135760465028928","trial_id":96,"param_name":"gx","param_value_internal":0,"distribution":"{\"name\": \"CategoricalDistribution\", \"attributes\": {\"choices\": [1, 2, 4, 8]}}"}
{"op_code":5,"worker_id":"14ccb1d8-6cd5-4d00-bc76-74a331961dd9-135760465028928","trial_id":96,"param_name":"gy","param_value_internal":1,"distribution":"{\"name\": \"CategoricalDistribution\", \"attributes\": {\"choices\": [1, 2, 4, 8]}}"}
{"op_code":5,"worker_id":"14ccb1d8-6cd5-4d00-bc76-74a331961dd9-135760465028928","trial_id":96,"param_name":"sub","param_value_internal":1,"distribution":"{\"name\": \"CategoricalDistribution\", \"attributes\": {\"choices\": [32, 64]}}"}
{"op_code":8,"worker_id":"14ccb1d8-6cd5-4d00-bc76-74a331961dd9-135760465028928","trial_id":96,"user_attr":{"token":"tsweep_dbuf4_t128x64k32g12s64"}}
{"op_code":4,"worker_id":"14ccb1d8-6cd5-4d00-bc76-74a331961dd9-135760465028928","study_id":0,"datetime_start":"2026-08-07T13:51:28.992941"}
{"op_code":9,"worker_id":"14ccb1d8-6cd5-4d00-bc76-74a331961dd9-135760465028928","trial_id":97,"system_attr":{"tpe:relative_params:0":"{\"gx\": 4, \"gy\": 4, \"k\": 32, \"m\": 32, \"n\": 256, \"sub\": 32}"}}
{"op_code":5,"worker_id":"14ccb1d8-6cd5-4d00-bc76-74a331961dd9-135760465028928","trial_id":97,"param_name":"m","param_value_internal":1,"distribution":"{\"name\": \"CategoricalDistribution\", \"attributes\": {\"choices\": [16, 32, 64, 128, 256]}}"}
{"op_code":5,"worker_id":"14ccb1d8-6cd5-4d00-bc76-74a331961dd9-135760465028928","trial_id":97,"param_name":"n","param_value_internal":4,"distribution":"{\"name\": \"CategoricalDistribution\", \"attributes\": {\"choices\": [16, 32, 64, 128, 256]}}"}
{"op_code":5,"worker_id":"14ccb1d8-6cd5-4d00-bc76-74a331961dd9-135760465028928","trial_id":97,"param_name":"k","param_value_internal":1,"distribution":"{\"name\": \"CategoricalDistribution\", \"attributes\": {\"choices\": [16, 32, 64, 128]}}"}
{"op_code":5,"worker_id":"14ccb1d8-6cd5-4d00-bc76-74a331961dd9-135760465028928","trial_id":97,"param_name":"gx","param_value_internal":2,"distribution":"{\"name\": \"CategoricalDistribution\", \"attributes\": {\"choices\": [1, 2, 4, 8]}}"}
{"op_code":5,"worker_id":"14ccb1d8-6cd5-4d00-bc76-74a331961dd9-135760465028928","trial_id":97,"param_name":"gy","param_value_internal":2,"distribution":"{\"name\": \"CategoricalDistribution\", \"attributes\": {\"choices\": [1, 2, 4, 8]}}"}
{"op_code":5,"worker_id":"14ccb1d8-6cd5-4d00-bc76-74a331961dd9-135760465028928","trial_id":97,"param_name":"sub","param_value_internal":0,"distribution":"{\"name\": \"CategoricalDistribution\", \"attributes\": {\"choices\": [32, 64]}}"}
{"op_code":6,"worker_id":"14ccb1d8-6cd5-4d00-bc76-74a331961dd9-135760465028928","trial_id":97,"state":2,"values":null,"datetime_complete":"2026-08-07T13:51:29.014517"}
{"op_code":4,"worker_id":"14ccb1d8-6cd5-4d00-bc76-74a331961dd9-135760465028928","study_id":0,"datetime_start":"2026-08-07T13:51:29.016632"}
{"op_code":9,"worker_id":"14ccb1d8-6cd5-4d00-bc76-74a331961dd9-135760465028928","trial_id":98,"system_attr":{"tpe:relative_params:0":"{\"gx\": 1, \"gy\": 2, \"k\": 32, \"m\": 64, \"n\": 256, \"sub\": 32}"}}
{"op_code":5,"worker_id":"14ccb1d8-6cd5-4d00-bc76-74a331961dd9-135760465028928","trial_id":98,"param_name":"m","param_value_internal":2,"distribution":"{\"name\": \"CategoricalDistribution\", \"attributes\": {\"choices\": [16, 32, 64, 128, 256]}}"}
{"op_code":5,"worker_id":"14ccb1d8-6cd5-4d00-bc76-74a331961dd9-135760465028928","trial_id":98,"param_name":"n","param_value_internal":4,"distribution":"{\"name\": \"CategoricalDistribution\", \"attributes\": {\"choices\": [16, 32, 64, 128, 256]}}"}
{"op_code":5,"worker_id":"14ccb1d8-6cd5-4d00-bc76-74a331961dd9-135760465028928","trial_id":98,"param_name":"k","param_value_internal":1,"distribution":"{\"name\": \"CategoricalDistribution\", \"attributes\": {\"choices\": [16, 32, 64, 128]}}"}
{"op_code":5,"worker_id":"14ccb1d8-6cd5-4d00-bc76-74a331961dd9-135760465028928","trial_id":98,"param_name":"gx","param_value_internal":0,"distribution":"{\"name\": \"CategoricalDistribution\", \"attributes\": {\"choices\": [1, 2, 4, 8]}}"}
{"op_code":5,"worker_id":"14ccb1d8-6cd5-4d00-bc76-74a331961dd9-135760465028928","trial_id":98,"param_name":"gy","param_value_internal":1,"distribution":"{\"name\": \"CategoricalDistribution\", \"attributes\": {\"choices\": [1, 2, 4, 8]}}"}
{"op_code":5,"worker_id":"14ccb1d8-6cd5-4d00-bc76-74a331961dd9-135760465028928","trial_id":98,"param_name":"sub","param_value_internal":0,"distribution":"{\"name\": \"CategoricalDistribution\", \"attributes\": {\"choices\": [32, 64]}}"}
{"op_code":8,"worker_id":"14ccb1d8-6cd5-4d00-bc76-74a331961dd9-135760465028928","trial_id":98,"user_attr":{"token":"tsweep_dbuf4_t64x256k32g12s32"}}
{"op_code":4,"worker_id":"14ccb1d8-6cd5-4d00-bc76-74a331961dd9-135760465028928","study_id":0,"datetime_start":"2026-08-07T13:51:29.038163"}
{"op_code":9,"worker_id":"14ccb1d8-6cd5-4d00-bc76-74a331961dd9-135760465028928","trial_id":99,"system_attr":{"tpe:relative_params:0":"{\"gx\": 1, \"gy\": 4, \"k\": 16, \"m\": 16, \"n\": 32, \"sub\": 32}"}}
{"op_code":5,"worker_id":"14ccb1d8-6cd5-4d00-bc76-74a331961dd9-135760465028928","trial_id":99,"param_name":"m","param_value_internal":0,"distribution":"{\"name\": \"CategoricalDistribution\", \"attributes\": {\"choices\": [16, 32, 64, 128, 256]}}"}
{"op_code":5,"worker_id":"14ccb1d8-6cd5-4d00-bc76-74a331961dd9-135760465028928","trial_id":99,"param_name":"n","param_value_internal":1,"distribution":"{\"name\": \"CategoricalDistribution\", \"attributes\": {\"choices\": [16, 32, 64, 128, 256]}}"}
{"op_code":5,"worker_id":"14ccb1d8-6cd5-4d00-bc76-74a331961dd9-135760465028928","trial_id":99,"param_name":"k","param_value_internal":0,"distribution":"{\"name\": \"CategoricalDistribution\", \"attributes\": {\"choices\": [16, 32, 64, 128]}}"}
{"op_code":5,"worker_id":"14ccb1d8-6cd5-4d00-bc76-74a331961dd9-135760465028928","trial_id":99,"param_name":"gx","param_value_internal":0,"distribution":"{\"name\": \"CategoricalDistribution\", \"attributes\": {\"choices\": [1, 2, 4, 8]}}"}
{"op_code":5,"worker_id":"14ccb1d8-6cd5-4d00-bc76-74a331961dd9-135760465028928","trial_id":99,"param_name":"gy","param_value_internal":2,"distribution":"{\"name\": \"CategoricalDistribution\", \"attributes\": {\"choices\": [1, 2, 4, 8]}}"}
{"op_code":5,"worker_id":"14ccb1d8-6cd5-4d00-bc76-74a331961dd9-135760465028928","trial_id":99,"param_name":"sub","param_value_internal":0,"distribution":"{\"name\": \"CategoricalDistribution\", \"attributes\": {\"choices\": [32, 64]}}"}
{"op_code":6,"worker_id":"14ccb1d8-6cd5-4d00-bc76-74a331961dd9-135760465028928","trial_id":99,"state":2,"values":null,"datetime_complete":"2026-08-07T13:51:29.058965"}
{"op_code":4,"worker_id":"14ccb1d8-6cd5-4d00-bc76-74a331961dd9-135760465028928","study_id":0,"datetime_start":"2026-08-07T13:51:29.060852"}
{"op_code":9,"worker_id":"14ccb1d8-6cd5-4d00-bc76-74a331961dd9-135760465028928","trial_id":100,"system_attr":{"tpe:relative_params:0":"{\"gx\": 2, \"gy\": 2, \"k\": 16, \"m\": 256, \"n\": 128, \"sub\": 32}"}}
{"op_code":5,"worker_id":"14ccb1d8-6cd5-4d00-bc76-74a331961dd9-135760465028928","trial_id":100,"param_name":"m","param_value_internal":4,"distribution":"{\"name\": \"CategoricalDistribution\", \"attributes\": {\"choices\": [16, 32, 64, 128, 256]}}"}
{"op_code":5,"worker_id":"14ccb1d8-6cd5-4d00-bc76-74a331961dd9-135760465028928","trial_id":100,"param_name":"n","param_value_internal":3,"distribution":"{\"name\": \"CategoricalDistribution\", \"attributes\": {\"choices\": [16, 32, 64, 128, 256]}}"}
{"op_code":5,"worker_id":"14ccb1d8-6cd5-4d00-bc76-74a331961dd9-135760465028928","trial_id":100,"param_name":"k","param_value_internal":0,"distribution":"{\"name\": \"CategoricalDistribution\", \"attributes\": {\"choices\": [16, 32, 64, 128]}}"}
{"op_code":5,"worker_id":"14ccb1d8-6cd5-4d00-bc76-74a331961dd9-135760465028928","trial_id":100,"param_name":"gx","param_value_internal":1,"distribution":"{\"name\": \"CategoricalDistribution\", \"attributes\": {\"choices\": [1, 2, 4, 8]}}"}
{"op_code":5,"worker_id":"14ccb1d8-6cd5-4d00-bc76-74a331961dd9-135760465028928","trial_id":100,"param_name":"gy","param_value_internal":1,"distribution":"{\"name\": \"CategoricalDistribution\", \"attributes\": {\"choices\": [1, 2, 4, 8]}}"}
{"op_code":5,"worker_id":"14ccb1d8-6cd5-4d00-bc76-74a331961dd9-135760465028928","trial_id":100,"param_name":"sub","param_value_internal":0,"distribution":"{\"name\": \"CategoricalDistribution\", \"attributes\": {\"choices\": [32, 64]}}"}
{"op_code":8,"worker_id":"14ccb1d8-6cd5-4d00-bc76-74a331961dd9-135760465028928","trial_id":100,"user_attr":{"token":"tsweep_dbuf4_t256x128k16g22s32"}}
{"op_code":4,"worker_id":"14ccb1d8-6cd5-4d00-bc76-74a331961dd9-135760465028928","study_id":0,"datetime_start":"2026-08-07T13:51:29.081949"}
{"op_code":9,"worker_id":"14ccb1d8-6cd5-4d00-bc76-74a331961dd9-135760465028928","trial_id":101,"system_attr":{"tpe:relative_params:0":"{\"gx\": 2, \"gy\": 4, \"k\": 16, \"m\": 256, \"n\": 16, \"sub\": 32}"}}
{"op_code":5,"worker_id":"14ccb1d8-6cd5-4d00-bc76-74a331961dd9-135760465028928","trial_id":101,"param_name":"m","param_value_internal":4,"distribution":"{\"name\": \"CategoricalDistribution\", \"attributes\": {\"choices\": [16, 32, 64, 128, 256]}}"}
{"op_code":5,"worker_id":"14ccb1d8-6cd5-4d00-bc76-74a331961dd9-135760465028928","trial_id":101,"param_name":"n","param_value_internal":0,"distribution":"{\"name\": \"CategoricalDistribution\", \"attributes\": {\"choices\": [16, 32, 64, 128, 256]}}"}
{"op_code":5,"worker_id":"14ccb1d8-6cd5-4d00-bc76-74a331961dd9-135760465028928","trial_id":101,"param_name":"k","param_value_internal":0,"distribution":"{\"name\": \"CategoricalDistribution\", \"attributes\": {\"choices\": [16, 32, 64, 128]}}"}
{"op_code":5,"worker_id":"14ccb1d8-6cd5-4d00-bc76-74a331961dd9-135760465028928","trial_id":101,"param_name":"gx","param_value_internal":1,"distribution":"{\"name\": \"CategoricalDistribution\", \"attributes\": {\"choices\": [1, 2, 4, 8]}}"}
{"op_code":5,"worker_id":"14ccb1d8-6cd5-4d00-bc76-74a331961dd9-135760465028928","trial_id":101,"param_name":"gy","param_value_internal":2,"distribution":"{\"name\": \"CategoricalDistribution\", \"attributes\": {\"choices\": [1, 2, 4, 8]}}"}
{"op_code":5,"worker_id":"14ccb1d8-6cd5-4d00-bc76-74a331961dd9-135760465028928","trial_id":101,"param_name":"sub","param_value_internal":0,"distribution":"{\"name\": \"CategoricalDistribution\", \"attributes\": {\"choices\": [32, 64]}}"}
{"op_code":6,"worker_id":"14ccb1d8-6cd5-4d00-bc76-74a331961dd9-135760465028928","trial_id":101,"state":2,"values":null,"datetime_complete":"2026-08-07T13:51:29.101848"}
{"op_code":4,"worker_id":"14ccb1d8-6cd5-4d00-bc76-74a331961dd9-135760465028928","study_id":0,"datetime_start":"2026-08-07T13:51:29.104186"}
{"op_code":9,"worker_id":"14ccb1d8-6cd5-4d00-bc76-74a331961dd9-135760465028928","trial_id":102,"system_attr":{"tpe:relative_params:0":"{\"gx\": 8, \"gy\": 4, \"k\": 32, \"m\": 128, \"n\": 128, \"sub\": 64}"}}
{"op_code":5,"worker_id":"14ccb1d8-6cd5-4d00-bc76-74a331961dd9-135760465028928","trial_id":102,"param_name":"m","param_value_internal":3,"distribution":"{\"name\": \"CategoricalDistribution\", \"attributes\": {\"choices\": [16, 32, 64, 128, 256]}}"}
{"op_code":5,"worker_id":"14ccb1d8-6cd5-4d00-bc76-74a331961dd9-135760465028928","trial_id":102,"param_name":"n","param_value_internal":3,"distribution":"{\"name\": \"CategoricalDistribution\", \"attributes\": {\"choices\": [16, 32, 64, 128, 256]}}"}
{"op_code":5,"worker_id":"14ccb1d8-6cd5-4d00-bc76-74a331961dd9-135760465028928","trial_id":102,"param_name":"k","param_value_internal":1,"distribution":"{\"name\": \"CategoricalDistribution\", \"attributes\": {\"choices\": [16, 32, 64, 128]}}"}
{"op_code":5,"worker_id":"14ccb1d8-6cd5-4d00-bc76-74a331961dd9-135760465028928","trial_id":102,"param_name":"gx","param_value_internal":3,"distribution":"{\"name\": \"CategoricalDistribution\", \"attributes\": {\"choices\": [1, 2, 4, 8]}}"}
{"op_code":5,"worker_id":"14ccb1d8-6cd5-4d00-bc76-74a331961dd9-135760465028928","trial_id":102,"param_name":"gy","param_value_internal":2,"distribution":"{\"name\": \"CategoricalDistribution\", \"attributes\": {\"choices\": [1, 2, 4, 8]}}"}
{"op_code":5,"worker_id":"14ccb1d8-6cd5-4d00-bc76-74a331961dd9-135760465028928","trial_id":102,"param_name":"sub","param_value_internal":1,"distribution":"{\"name\": \"CategoricalDistribution\", \"attributes\": {\"choices\": [32, 64]}}"}
{"op_code":6,"worker_id":"14ccb1d8-6cd5-4d00-bc76-74a331961dd9-135760465028928","trial_id":102,"state":2,"values":null,"datetime_complete":"2026-08-07T13:51:29.124512"}
{"op_code":4,"worker_id":"14ccb1d8-6cd5-4d00-bc76-74a331961dd9-135760465028928","study_id":0,"datetime_start":"2026-08-07T13:51:29.126593"}
{"op_code":9,"worker_id":"14ccb1d8-6cd5-4d00-bc76-74a331961dd9-135760465028928","trial_id":103,"system_attr":{"tpe:relative_params:0":"{\"gx\": 1, \"gy\": 2, \"k\": 64, \"m\": 256, \"n\": 32, \"sub\": 32}"}}
{"op_code":5,"worker_id":"14ccb1d8-6cd5-4d00-bc76-74a331961dd9-135760465028928","trial_id":103,"param_name":"m","param_value_internal":4,"distribution":"{\"name\": \"CategoricalDistribution\", \"attributes\": {\"choices\": [16, 32, 64, 128, 256]}}"}
{"op_code":5,"worker_id":"14ccb1d8-6cd5-4d00-bc76-74a331961dd9-135760465028928","trial_id":103,"param_name":"n","param_value_internal":1,"distribution":"{\"name\": \"CategoricalDistribution\", \"attributes\": {\"choices\": [16, 32, 64, 128, 256]}}"}
{"op_code":5,"worker_id":"14ccb1d8-6cd5-4d00-bc76-74a331961dd9-135760465028928","trial_id":103,"param_name":"k","param_value_internal":2,"distribution":"{\"name\": \"CategoricalDistribution\", \"attributes\": {\"choices\": [16, 32, 64, 128]}}"}
{"op_code":5,"worker_id":"14ccb1d8-6cd5-4d00-bc76-74a331961dd9-135760465028928","trial_id":103,"param_name":"gx","param_value_internal":0,"distribution":"{\"name\": \"CategoricalDistribution\", \"attributes\": {\"choices\": [1, 2, 4, 8]}}"}
{"op_code":5,"worker_id":"14ccb1d8-6cd5-4d00-bc76-74a331961dd9-135760465028928","trial_id":103,"param_name":"gy","param_value_internal":1,"distribution":"{\"name\": \"CategoricalDistribution\", \"attributes\": {\"choices\": [1, 2, 4, 8]}}"}
{"op_code":5,"worker_id":"14ccb1d8-6cd5-4d00-bc76-74a331961dd9-135760465028928","trial_id":103,"param_name":"sub","param_value_internal":0,"distribution":"{\"name\": \"CategoricalDistribution\", \"attributes\": {\"choices\": [32, 64]}}"}
{"op_code":8,"worker_id":"14ccb1d8-6cd5-4d00-bc76-74a331961dd9-135760465028928","trial_id":103,"user_attr":{"token":"tsweep_dbuf4_t256x32k64g12s32"}}
{"op_code":4,"worker_id":"14ccb1d8-6cd5-4d00-bc76-74a331961dd9-135760465028928","study_id":0,"datetime_start":"2026-08-07T13:51:29.148477"}
{"op_code":9,"worker_id":"14ccb1d8-6cd5-4d00-bc76-74a331961dd9-135760465028928","trial_id":104,"system_attr":{"tpe:relative_params:0":"{\"gx\": 4, \"gy\": 2, \"k\": 128, \"m\": 128, \"n\": 64, \"sub\": 64}"}}
{"op_code":5,"worker_id":"14ccb1d8-6cd5-4d00-bc76-74a331961dd9-135760465028928","trial_id":104,"param_name":"m","param_value_internal":3,"distribution":"{\"name\": \"CategoricalDistribution\", \"attributes\": {\"choices\": [16, 32, 64, 128, 256]}}"}
{"op_code":5,"worker_id":"14ccb1d8-6cd5-4d00-bc76-74a331961dd9-135760465028928","trial_id":104,"param_name":"n","param_value_internal":2,"distribution":"{\"name\": \"CategoricalDistribution\", \"attributes\": {\"choices\": [16, 32, 64, 128, 256]}}"}
{"op_code":5,"worker_id":"14ccb1d8-6cd5-4d00-bc76-74a331961dd9-135760465028928","trial_id":104,"param_name":"k","param_value_internal":3,"distribution":"{\"name\": \"CategoricalDistribution\", \"attributes\": {\"choices\": [16, 32, 64, 128]}}"}
{"op_code":5,"worker_id":"14ccb1d8-6cd5-4d00-bc76-74a331961dd9-135760465028928","trial_id":104,"param_name":"gx","param_value_internal":2,"distribution":"{\"name\": \"CategoricalDistribution\", \"attributes\": {\"choices\": [1, 2, 4, 8]}}"}
{"op_code":5,"worker_id":"14ccb1d8-6cd5-4d00-bc76-74a331961dd9-135760465028928","trial_id":104,"param_name":"gy","param_value_internal":1,"distribution":"{\"name\": \"CategoricalDistribution\", \"attributes\": {\"choices\": [1, 2, 4, 8]}}"}
{"op_code":5,"worker_id":"14ccb1d8-6cd5-4d00-bc76-74a331961dd9-135760465028928","trial_id":104,"param_name":"sub","param_value_internal":1,"distribution":"{\"name\": \"CategoricalDistribution\", \"attributes\": {\"choices\": [32, 64]}}"}
{"op_code":8,"worker_id":"14ccb1d8-6cd5-4d00-bc76-74a331961dd9-135760465028928","trial_id":104,"user_attr":{"token":"tsweep_dbuf4_t128x64k128g42s64"}}
{"op_code":6,"worker_id":"14ccb1d8-6cd5-4d00-bc76-74a331961dd9-135760465028928","trial_id":73,"state":2,"values":null,"datetime_complete":"2026-08-07T13:52:09.289862"}
{"op_code":6,"worker_id":"14ccb1d8-6cd5-4d00-bc76-74a331961dd9-135760465028928","trial_id":74,"state":1,"values":[1135.875],"datetime_complete":"2026-08-07T13:52:34.341642"}
{"op_code":6,"worker_id":"14ccb1d8-6cd5-4d00-bc76-74a331961dd9-135760465028928","trial_id":75,"state":2,"values":null,"datetime_complete":"2026-08-07T13:52:46.862222"}
{"op_code":6,"worker_id":"14ccb1d8-6cd5-4d00-bc76-74a331961dd9-135760465028928","trial_id":78,"state":1,"values":[1295.5900000000001],"datetime_complete":"2026-08-07T13:53:12.611796"}
{"op_code":6,"worker_id":"14ccb1d8-6cd5-4d00-bc76-74a331961dd9-135760465028928","trial_id":79,"state":1,"values":[1247.315],"datetime_complete":"2026-08-07T13:53:36.463941"}
{"op_code":6,"worker_id":"14ccb1d8-6cd5-4d00-bc76-74a331961dd9-135760465028928","trial_id":80,"state":2,"values":null,"datetime_complete":"2026-08-07T13:53:42.706256"}
{"op_code":6,"worker_id":"14ccb1d8-6cd5-4d00-bc76-74a331961dd9-135760465028928","trial_id":86,"state":1,"values":[1026.487],"datetime_complete":"2026-08-07T13:55:30.334015"}
{"op_code":6,"worker_id":"14ccb1d8-6cd5-4d00-bc76-74a331961dd9-135760465028928","trial_id":87,"state":2,"values":null,"datetime_complete":"2026-08-07T13:55:38.030943"}
{"op_code":6,"worker_id":"14ccb1d8-6cd5-4d00-bc76-74a331961dd9-135760465028928","trial_id":89,"state":2,"values":null,"datetime_complete":"2026-08-07T13:55:50.719610"}
{"op_code":6,"worker_id":"14ccb1d8-6cd5-4d00-bc76-74a331961dd9-135760465028928","trial_id":93,"state":1,"values":[797.9955],"datetime_complete":"2026-08-07T13:56:17.113041"}
{"op_code":6,"worker_id":"14ccb1d8-6cd5-4d00-bc76-74a331961dd9-135760465028928","trial_id":95,"state":1,"values":[878.25],"datetime_complete":"2026-08-07T13:56:43.334458"}
{"op_code":6,"worker_id":"14ccb1d8-6cd5-4d00-bc76-74a331961dd9-135760465028928","trial_id":96,"state":2,"values":null,"datetime_complete":"2026-08-07T13:56:49.717276"}
{"op_code":6,"worker_id":"14ccb1d8-6cd5-4d00-bc76-74a331961dd9-135760465028928","trial_id":98,"state":2,"values":null,"datetime_complete":"2026-08-07T13:56:57.741538"}
{"op_code":6,"worker_id":"14ccb1d8-6cd5-4d00-bc76-74a331961dd9-135760465028928","trial_id":100,"state":2,"values":null,"datetime_complete":"2026-08-07T13:57:05.309851"}
{"op_code":6,"worker_id":"14ccb1d8-6cd5-4d00-bc76-74a331961dd9-135760465028928","trial_id":103,"state":2,"values":null,"datetime_complete":"2026-08-07T13:57:12.350893"}
{"op_code":6,"worker_id":"14ccb1d8-6cd5-4d00-bc76-74a331961dd9-135760465028928","trial_id":104,"state":2,"values":null,"datetime_complete":"2026-08-07T13:57:21.632799"}
{"op_code":4,"worker_id":"14ccb1d8-6cd5-4d00-bc76-74a331961dd9-135760465028928","study_id":0,"datetime_start":"2026-08-07T13:57:21.635252"}
{"op_code":9,"worker_id":"14ccb1d8-6cd5-4d00-bc76-74a331961dd9-135760465028928","trial_id":105,"system_attr":{"tpe:relative_params:0":"{\"gx\": 2, \"gy\": 8, \"k\": 64, \"m\": 128, \"n\": 128, \"sub\": 64}"}}
{"op_code":5,"worker_id":"14ccb1d8-6cd5-4d00-bc76-74a331961dd9-135760465028928","trial_id":105,"param_name":"m","param_value_internal":3,"distribution":"{\"name\": \"CategoricalDistribution\", \"attributes\": {\"choices\": [16, 32, 64, 128, 256]}}"}
{"op_code":5,"worker_id":"14ccb1d8-6cd5-4d00-bc76-74a331961dd9-135760465028928","trial_id":105,"param_name":"n","param_value_internal":3,"distribution":"{\"name\": \"CategoricalDistribution\", \"attributes\": {\"choices\": [16, 32, 64, 128, 256]}}"}
{"op_code":5,"worker_id":"14ccb1d8-6cd5-4d00-bc76-74a331961dd9-135760465028928","trial_id":105,"param_name":"k","param_value_internal":2,"distribution":"{\"name\": \"CategoricalDistribution\", \"attributes\": {\"choices\": [16, 32, 64, 128]}}"}
{"op_code":5,"worker_id":"14ccb1d8-6cd5-4d00-bc76-74a331961dd9-135760465028928","trial_id":105,"param_name":"gx","param_value_internal":1,"distribution":"{\"name\": \"CategoricalDistribution\", \"attributes\": {\"choices\": [1, 2, 4, 8]}}"}
{"op_code":5,"worker_id":"14ccb1d8-6cd5-4d00-bc76-74a331961dd9-135760465028928","trial_id":105,"param_name":"gy","param_value_internal":3,"distribution":"{\"name\": \"CategoricalDistribution\", \"attributes\": {\"choices\": [1, 2, 4, 8]}}"}
{"op_code":5,"worker_id":"14ccb1d8-6cd5-4d00-bc76-74a331961dd9-135760465028928","trial_id":105,"param_name":"sub","param_value_internal":1,"distribution":"{\"name\": \"CategoricalDistribution\", \"attributes\": {\"choices\": [32, 64]}}"}
{"op_code":6,"worker_id":"14ccb1d8-6cd5-4d00-bc76-74a331961dd9-135760465028928","trial_id":105,"state":2,"values":null,"datetime_complete":"2026-08-07T13:57:21.659782"}
{"op_code":4,"worker_id":"14ccb1d8-6cd5-4d00-bc76-74a331961dd9-135760465028928","study_id":0,"datetime_start":"2026-08-07T13:57:21.661884"}
{"op_code":9,"worker_id":"14ccb1d8-6cd5-4d00-bc76-74a331961dd9-135760465028928","trial_id":106,"system_attr":{"tpe:relative_params:0":"{\"gx\": 2, \"gy\": 4, \"k\": 64, \"m\": 64, \"n\": 128, \"sub\": 32}"}}
{"op_code":5,"worker_id":"14ccb1d8-6cd5-4d00-bc76-74a331961dd9-135760465028928","trial_id":106,"param_name":"m","param_value_internal":2,"distribution":"{\"name\": \"CategoricalDistribution\", \"attributes\": {\"choices\": [16, 32, 64, 128, 256]}}"}
{"op_code":5,"worker_id":"14ccb1d8-6cd5-4d00-bc76-74a331961dd9-135760465028928","trial_id":106,"param_name":"n","param_value_internal":3,"distribution":"{\"name\": \"CategoricalDistribution\", \"attributes\": {\"choices\": [16, 32, 64, 128, 256]}}"}
{"op_code":5,"worker_id":"14ccb1d8-6cd5-4d00-bc76-74a331961dd9-135760465028928","trial_id":106,"param_name":"k","param_value_internal":2,"distribution":"{\"name\": \"CategoricalDistribution\", \"attributes\": {\"choices\": [16, 32, 64, 128]}}"}
{"op_code":5,"worker_id":"14ccb1d8-6cd5-4d00-bc76-74a331961dd9-135760465028928","trial_id":106,"param_name":"gx","param_value_internal":1,"distribution":"{\"name\": \"CategoricalDistribution\", \"attributes\": {\"choices\": [1, 2, 4, 8]}}"}
{"op_code":5,"worker_id":"14ccb1d8-6cd5-4d00-bc76-74a331961dd9-135760465028928","trial_id":106,"param_name":"gy","param_value_internal":2,"distribution":"{\"name\": \"CategoricalDistribution\", \"attributes\": {\"choices\": [1, 2, 4, 8]}}"}
{"op_code":5,"worker_id":"14ccb1d8-6cd5-4d00-bc76-74a331961dd9-135760465028928","trial_id":106,"param_name":"sub","param_value_internal":0,"distribution":"{\"name\": \"CategoricalDistribution\", \"attributes\": {\"choices\": [32, 64]}}"}
{"op_code":6,"worker_id":"14ccb1d8-6cd5-4d00-bc76-74a331961dd9-135760465028928","trial_id":106,"state":2,"values":null,"datetime_complete":"2026-08-07T13:57:21.683252"}
{"op_code":4,"worker_id":"14ccb1d8-6cd5-4d00-bc76-74a331961dd9-135760465028928","study_id":0,"datetime_start":"2026-08-07T13:57:21.685201"}
{"op_code":9,"worker_id":"14ccb1d8-6cd5-4d00-bc76-74a331961dd9-135760465028928","trial_id":107,"system_attr":{"tpe:relative_params:0":"{\"gx\": 1, \"gy\": 8, \"k\": 64, \"m\": 128, \"n\": 256, \"sub\": 64}"}}
{"op_code":5,"worker_id":"14ccb1d8-6cd5-4d00-bc76-74a331961dd9-135760465028928","trial_id":107,"param_name":"m","param_value_internal":3,"distribution":"{\"name\": \"CategoricalDistribution\", \"attributes\": {\"choices\": [16, 32, 64, 128, 256]}}"}
{"op_code":5,"worker_id":"14ccb1d8-6cd5-4d00-bc76-74a331961dd9-135760465028928","trial_id":107,"param_name":"n","param_value_internal":4,"distribution":"{\"name\": \"CategoricalDistribution\", \"attributes\": {\"choices\": [16, 32, 64, 128, 256]}}"}
{"op_code":5,"worker_id":"14ccb1d8-6cd5-4d00-bc76-74a331961dd9-135760465028928","trial_id":107,"param_name":"k","param_value_internal":2,"distribution":"{\"name\": \"CategoricalDistribution\", \"attributes\": {\"choices\": [16, 32, 64, 128]}}"}
{"op_code":5,"worker_id":"14ccb1d8-6cd5-4d00-bc76-74a331961dd9-135760465028928","trial_id":107,"param_name":"gx","param_value_internal":0,"distribution":"{\"name\": \"CategoricalDistribution\", \"attributes\": {\"choices\": [1, 2, 4, 8]}}"}
{"op_code":5,"worker_id":"14ccb1d8-6cd5-4d00-bc76-74a331961dd9-135760465028928","trial_id":107,"param_name":"gy","param_value_internal":3,"distribution":"{\"name\": \"CategoricalDistribution\", \"attributes\": {\"choices\": [1, 2, 4, 8]}}"}
{"op_code":5,"worker_id":"14ccb1d8-6cd5-4d00-bc76-74a331961dd9-135760465028928","trial_id":107,"param_name":"sub","param_value_internal":1,"distribution":"{\"name\": \"CategoricalDistribution\", \"attributes\": {\"choices\": [32, 64]}}"}
{"op_code":8,"worker_id":"14ccb1d8-6cd5-4d00-bc76-74a331961dd9-135760465028928","trial_id":107,"user_attr":{"token":"tsweep_dbuf4_t128x256k64g18s64"}}
{"op_code":4,"worker_id":"14ccb1d8-6cd5-4d00-bc76-74a331961dd9-135760465028928","study_id":0,"datetime_start":"2026-08-07T13:57:21.706277"}
{"op_code":9,"worker_id":"14ccb1d8-6cd5-4d00-bc76-74a331961dd9-135760465028928","trial_id":108,"system_attr":{"tpe:relative_params:0":"{\"gx\": 1, \"gy\": 8, \"k\": 64, \"m\": 128, \"n\": 64, \"sub\": 64}"}}
{"op_code":5,"worker_id":"14ccb1d8-6cd5-4d00-bc76-74a331961dd9-135760465028928","trial_id":108,"param_name":"m","param_value_internal":3,"distribution":"{\"name\": \"CategoricalDistribution\", \"attributes\": {\"choices\": [16, 32, 64, 128, 256]}}"}
{"op_code":5,"worker_id":"14ccb1d8-6cd5-4d00-bc76-74a331961dd9-135760465028928","trial_id":108,"param_name":"n","param_value_internal":2,"distribution":"{\"name\": \"CategoricalDistribution\", \"attributes\": {\"choices\": [16, 32, 64, 128, 256]}}"}
{"op_code":5,"worker_id":"14ccb1d8-6cd5-4d00-bc76-74a331961dd9-135760465028928","trial_id":108,"param_name":"k","param_value_internal":2,"distribution":"{\"name\": \"CategoricalDistribution\", \"attributes\": {\"choices\": [16, 32, 64, 128]}}"}
{"op_code":5,"worker_id":"14ccb1d8-6cd5-4d00-bc76-74a331961dd9-135760465028928","trial_id":108,"param_name":"gx","param_value_internal":0,"distribution":"{\"name\": \"CategoricalDistribution\", \"attributes\": {\"choices\": [1, 2, 4, 8]}}"}
{"op_code":5,"worker_id":"14ccb1d8-6cd5-4d00-bc76-74a331961dd9-135760465028928","trial_id":108,"param_name":"gy","param_value_internal":3,"distribution":"{\"name\": \"CategoricalDistribution\", \"attributes\": {\"choices\": [1, 2, 4, 8]}}"}
{"op_code":5,"worker_id":"14ccb1d8-6cd5-4d00-bc76-74a331961dd9-135760465028928","trial_id":108,"param_name":"sub","param_value_internal":1,"distribution":"{\"name\": \"CategoricalDistribution\", \"attributes\": {\"choices\": [32, 64]}}"}
{"op_code":6,"worker_id":"14ccb1d8-6cd5-4d00-bc76-74a331961dd9-135760465028928","trial_id":108,"state":2,"values":null,"datetime_complete":"2026-08-07T13:57:21.725568"}
{"op_code":4,"worker_id":"14ccb1d8-6cd5-4d00-bc76-74a331961dd9-135760465028928","study_id":0,"datetime_start":"2026-08-07T13:57:21.727528"}
{"op_code":9,"worker_id":"14ccb1d8-6cd5-4d00-bc76-74a331961dd9-135760465028928","trial_id":109,"system_attr":{"tpe:relative_params:0":"{\"gx\": 1, \"gy\": 4, \"k\": 64, \"m\": 128, \"n\": 128, \"sub\": 32}"}}
{"op_code":5,"worker_id":"14ccb1d8-6cd5-4d00-bc76-74a331961dd9-135760465028928","trial_id":109,"param_name":"m","param_value_internal":3,"distribution":"{\"name\": \"CategoricalDistribution\", \"attributes\": {\"choices\": [16, 32, 64, 128, 256]}}"}
{"op_code":5,"worker_id":"14ccb1d8-6cd5-4d00-bc76-74a331961dd9-135760465028928","trial_id":109,"param_name":"n","param_value_internal":3,"distribution":"{\"name\": \"CategoricalDistribution\", \"attributes\": {\"choices\": [16, 32, 64, 128, 256]}}"}
{"op_code":5,"worker_id":"14ccb1d8-6cd5-4d00-bc76-74a331961dd9-135760465028928","trial_id":109,"param_name":"k","param_value_internal":2,"distribution":"{\"name\": \"CategoricalDistribution\", \"attributes\": {\"choices\": [16, 32, 64, 128]}}"}
{"op_code":5,"worker_id":"14ccb1d8-6cd5-4d00-bc76-74a331961dd9-135760465028928","trial_id":109,"param_name":"gx","param_value_internal":0,"distribution":"{\"name\": \"CategoricalDistribution\", \"attributes\": {\"choices\": [1, 2, 4, 8]}}"}
{"op_code":5,"worker_id":"14ccb1d8-6cd5-4d00-bc76-74a331961dd9-135760465028928","trial_id":109,"param_name":"gy","param_value_internal":2,"distribution":"{\"name\": \"CategoricalDistribution\", \"attributes\": {\"choices\": [1, 2, 4, 8]}}"}
{"op_code":5,"worker_id":"14ccb1d8-6cd5-4d00-bc76-74a331961dd9-135760465028928","trial_id":109,"param_name":"sub","param_value_internal":0,"distribution":"{\"name\": \"CategoricalDistribution\", \"attributes\": {\"choices\": [32, 64]}}"}
{"op_code":8,"worker_id":"14ccb1d8-6cd5-4d00-bc76-74a331961dd9-135760465028928","trial_id":109,"user_attr":{"token":"tsweep_dbuf4_t128x128k64g14s32"}}
{"op_code":4,"worker_id":"14ccb1d8-6cd5-4d00-bc76-74a331961dd9-135760465028928","study_id":0,"datetime_start":"2026-08-07T13:57:21.747924"}
{"op_code":9,"worker_id":"14ccb1d8-6cd5-4d00-bc76-74a331961dd9-135760465028928","trial_id":110,"system_attr":{"tpe:relative_params:0":"{\"gx\": 2, \"gy\": 4, \"k\": 64, \"m\": 128, \"n\": 32, \"sub\": 64}"}}
{"op_code":5,"worker_id":"14ccb1d8-6cd5-4d00-bc76-74a331961dd9-135760465028928","trial_id":110,"param_name":"m","param_value_internal":3,"distribution":"{\"name\": \"CategoricalDistribution\", \"attributes\": {\"choices\": [16, 32, 64, 128, 256]}}"}
{"op_code":5,"worker_id":"14ccb1d8-6cd5-4d00-bc76-74a331961dd9-135760465028928","trial_id":110,"param_name":"n","param_value_internal":1,"distribution":"{\"name\": \"CategoricalDistribution\", \"attributes\": {\"choices\": [16, 32, 64, 128, 256]}}"}
{"op_code":5,"worker_id":"14ccb1d8-6cd5-4d00-bc76-74a331961dd9-135760465028928","trial_id":110,"param_name":"k","param_value_internal":2,"distribution":"{\"name\": \"CategoricalDistribution\", \"attributes\": {\"choices\": [16, 32, 64, 128]}}"}
{"op_code":5,"worker_id":"14ccb1d8-6cd5-4d00-bc76-74a331961dd9-135760465028928","trial_id":110,"param_name":"gx","param_value_internal":1,"distribution":"{\"name\": \"CategoricalDistribution\", \"attributes\": {\"choices\": [1, 2, 4, 8]}}"}
{"op_code":5,"worker_id":"14ccb1d8-6cd5-4d00-bc76-74a331961dd9-135760465028928","trial_id":110,"param_name":"gy","param_value_internal":2,"distribution":"{\"name\": \"CategoricalDistribution\", \"attributes\": {\"choices\": [1, 2, 4, 8]}}"}
{"op_code":5,"worker_id":"14ccb1d8-6cd5-4d00-bc76-74a331961dd9-135760465028928","trial_id":110,"param_name":"sub","param_value_internal":1,"distribution":"{\"name\": \"CategoricalDistribution\", \"attributes\": {\"choices\": [32, 64]}}"}
{"op_code":8,"worker_id":"14ccb1d8-6cd5-4d00-bc76-74a331961dd9-135760465028928","trial_id":110,"user_attr":{"token":"tsweep_dbuf4_t128x32k64g24s64"}}
{"op_code":4,"worker_id":"14ccb1d8-6cd5-4d00-bc76-74a331961dd9-135760465028928","study_id":0,"datetime_start":"2026-08-07T13:57:21.771116"}
{"op_code":9,"worker_id":"14ccb1d8-6cd5-4d00-bc76-74a331961dd9-135760465028928","trial_id":111,"system_attr":{"tpe:relative_params:0":"{\"gx\": 8, \"gy\": 1, \"k\": 64, \"m\": 128, \"n\": 128, \"sub\": 32}"}}
{"op_code":5,"worker_id":"14ccb1d8-6cd5-4d00-bc76-74a331961dd9-135760465028928","trial_id":111,"param_name":"m","param_value_internal":3,"distribution":"{\"name\": \"CategoricalDistribution\", \"attributes\": {\"choices\": [16, 32, 64, 128, 256]}}"}
{"op_code":5,"worker_id":"14ccb1d8-6cd5-4d00-bc76-74a331961dd9-135760465028928","trial_id":111,"param_name":"n","param_value_internal":3,"distribution":"{\"name\": \"CategoricalDistribution\", \"attributes\": {\"choices\": [16, 32, 64, 128, 256]}}"}
{"op_code":5,"worker_id":"14ccb1d8-6cd5-4d00-bc76-74a331961dd9-135760465028928","trial_id":111,"param_name":"k","param_value_internal":2,"distribution":"{\"name\": \"CategoricalDistribution\", \"attributes\": {\"choices\": [16, 32, 64, 128]}}"}
{"op_code":5,"worker_id":"14ccb1d8-6cd5-4d00-bc76-74a331961dd9-135760465028928","trial_id":111,"param_name":"gx","param_value_internal":3,"distribution":"{\"name\": \"CategoricalDistribution\", \"attributes\": {\"choices\": [1, 2, 4, 8]}}"}
{"op_code":5,"worker_id":"14ccb1d8-6cd5-4d00-bc76-74a331961dd9-135760465028928","trial_id":111,"param_name":"gy","param_value_internal":0,"distribution":"{\"name\": \"CategoricalDistribution\", \"attributes\": {\"choices\": [1, 2, 4, 8]}}"}
{"op_code":5,"worker_id":"14ccb1d8-6cd5-4d00-bc76-74a331961dd9-135760465028928","trial_id":111,"param_name":"sub","param_value_internal":0,"distribution":"{\"name\": \"CategoricalDistribution\", \"attributes\": {\"choices\": [32, 64]}}"}
{"op_code":8,"worker_id":"14ccb1d8-6cd5-4d00-bc76-74a331961dd9-135760465028928","trial_id":111,"user_attr":{"token":"tsweep_dbuf4_t128x128k64g81s32"}}
{"op_code":4,"worker_id":"14ccb1d8-6cd5-4d00-bc76-74a331961dd9-135760465028928","study_id":0,"datetime_start":"2026-08-07T13:57:21.793052"}
{"op_code":9,"worker_id":"14ccb1d8-6cd5-4d00-bc76-74a331961dd9-135760465028928","trial_id":112,"system_attr":{"tpe:relative_params:0":"{\"gx\": 4, \"gy\": 8, \"k\": 64, \"m\": 256, \"n\": 64, \"sub\": 64}"}}
{"op_code":5,"worker_id":"14ccb1d8-6cd5-4d00-bc76-74a331961dd9-135760465028928","trial_id":112,"param_name":"m","param_value_internal":4,"distribution":"{\"name\": \"CategoricalDistribution\", \"attributes\": {\"choices\": [16, 32, 64, 128, 256]}}"}
{"op_code":5,"worker_id":"14ccb1d8-6cd5-4d00-bc76-74a331961dd9-135760465028928","trial_id":112,"param_name":"n","param_value_internal":2,"distribution":"{\"name\": \"CategoricalDistribution\", \"attributes\": {\"choices\": [16, 32, 64, 128, 256]}}"}
{"op_code":5,"worker_id":"14ccb1d8-6cd5-4d00-bc76-74a331961dd9-135760465028928","trial_id":112,"param_name":"k","param_value_internal":2,"distribution":"{\"name\": \"CategoricalDistribution\", \"attributes\": {\"choices\": [16, 32, 64, 128]}}"}
{"op_code":5,"worker_id":"14ccb1d8-6cd5-4d00-bc76-74a331961dd9-135760465028928","trial_id":112,"param_name":"gx","param_value_internal":2,"distribution":"{\"name\": \"CategoricalDistribution\", \"attributes\": {\"choices\": [1, 2, 4, 8]}}"}
{"op_code":5,"worker_id":"14ccb1d8-6cd5-4d00-bc76-74a331961dd9-135760465028928","trial_id":112,"param_name":"gy","param_value_internal":3,"distribution":"{\"name\": \"CategoricalDistribution\", \"attributes\": {\"choices\": [1, 2, 4, 8]}}"}
{"op_code":5,"worker_id":"14ccb1d8-6cd5-4d00-bc76-74a331961dd9-135760465028928","trial_id":112,"param_name":"sub","param_value_internal":1,"distribution":"{\"name\": \"CategoricalDistribution\", \"attributes\": {\"choices\": [32, 64]}}"}
{"op_code":6,"worker_id":"14ccb1d8-6cd5-4d00-bc76-74a331961dd9-135760465028928","trial_id":112,"state":2,"values":null,"datetime_complete":"2026-08-07T13:57:21.813555"}
{"op_code":4,"worker_id":"14ccb1d8-6cd5-4d00-bc76-74a331961dd9-135760465028928","study_id":0,"datetime_start":"2026-08-07T13:57:21.815626"}
{"op_code":9,"worker_id":"14ccb1d8-6cd5-4d00-bc76-74a331961dd9-135760465028928","trial_id":113,"system_attr":{"tpe:relative_params:0":"{\"gx\": 2, \"gy\": 8, \"k\": 32, \"m\": 128, \"n\": 64, \"sub\": 64}"}}
{"op_code":5,"worker_id":"14ccb1d8-6cd5-4d00-bc76-74a331961dd9-135760465028928","trial_id":113,"param_name":"m","param_value_internal":3,"distribution":"{\"name\": \"CategoricalDistribution\", \"attributes\": {\"choices\": [16, 32, 64, 128, 256]}}"}
{"op_code":5,"worker_id":"14ccb1d8-6cd5-4d00-bc76-74a331961dd9-135760465028928","trial_id":113,"param_name":"n","param_value_internal":2,"distribution":"{\"name\": \"CategoricalDistribution\", \"attributes\": {\"choices\": [16, 32, 64, 128, 256]}}"}
{"op_code":5,"worker_id":"14ccb1d8-6cd5-4d00-bc76-74a331961dd9-135760465028928","trial_id":113,"param_name":"k","param_value_internal":1,"distribution":"{\"name\": \"CategoricalDistribution\", \"attributes\": {\"choices\": [16, 32, 64, 128]}}"}
{"op_code":5,"worker_id":"14ccb1d8-6cd5-4d00-bc76-74a331961dd9-135760465028928","trial_id":113,"param_name":"gx","param_value_internal":1,"distribution":"{\"name\": \"CategoricalDistribution\", \"attributes\": {\"choices\": [1, 2, 4, 8]}}"}
{"op_code":5,"worker_id":"14ccb1d8-6cd5-4d00-bc76-74a331961dd9-135760465028928","trial_id":113,"param_name":"gy","param_value_internal":3,"distribution":"{\"name\": \"CategoricalDistribution\", \"attributes\": {\"choices\": [1, 2, 4, 8]}}"}
{"op_code":5,"worker_id":"14ccb1d8-6cd5-4d00-bc76-74a331961dd9-135760465028928","trial_id":113,"param_name":"sub","param_value_internal":1,"distribution":"{\"name\": \"CategoricalDistribution\", \"attributes\": {\"choices\": [32, 64]}}"}
{"op_code":6,"worker_id":"14ccb1d8-6cd5-4d00-bc76-74a331961dd9-135760465028928","trial_id":113,"state":2,"values":null,"datetime_complete":"2026-08-07T13:57:21.836687"}
{"op_code":4,"worker_id":"14ccb1d8-6cd5-4d00-bc76-74a331961dd9-135760465028928","study_id":0,"datetime_start":"2026-08-07T13:57:21.838790"}
{"op_code":9,"worker_id":"14ccb1d8-6cd5-4d00-bc76-74a331961dd9-135760465028928","trial_id":114,"system_attr":{"tpe:relative_params:0":"{\"gx\": 2, \"gy\": 2, \"k\": 128, \"m\": 64, \"n\": 128, \"sub\": 32}"}}
{"op_code":5,"worker_id":"14ccb1d8-6cd5-4d00-bc76-74a331961dd9-135760465028928","trial_id":114,"param_name":"m","param_value_internal":2,"distribution":"{\"name\": \"CategoricalDistribution\", \"attributes\": {\"choices\": [16, 32, 64, 128, 256]}}"}
{"op_code":5,"worker_id":"14ccb1d8-6cd5-4d00-bc76-74a331961dd9-135760465028928","trial_id":114,"param_name":"n","param_value_internal":3,"distribution":"{\"name\": \"CategoricalDistribution\", \"attributes\": {\"choices\": [16, 32, 64, 128, 256]}}"}
{"op_code":5,"worker_id":"14ccb1d8-6cd5-4d00-bc76-74a331961dd9-135760465028928","trial_id":114,"param_name":"k","param_value_internal":3,"distribution":"{\"name\": \"CategoricalDistribution\", \"attributes\": {\"choices\": [16, 32, 64, 128]}}"}
{"op_code":5,"worker_id":"14ccb1d8-6cd5-4d00-bc76-74a331961dd9-135760465028928","trial_id":114,"param_name":"gx","param_value_internal":1,"distribution":"{\"name\": \"CategoricalDistribution\", \"attributes\": {\"choices\": [1, 2, 4, 8]}}"}
{"op_code":5,"worker_id":"14ccb1d8-6cd5-4d00-bc76-74a331961dd9-135760465028928","trial_id":114,"param_name":"gy","param_value_internal":1,"distribution":"{\"name\": \"CategoricalDistribution\", \"attributes\": {\"choices\": [1, 2, 4, 8]}}"}
{"op_code":5,"worker_id":"14ccb1d8-6cd5-4d00-bc76-74a331961dd9-135760465028928","trial_id":114,"param_name":"sub","param_value_internal":0,"distribution":"{\"name\": \"CategoricalDistribution\", \"attributes\": {\"choices\": [32, 64]}}"}
{"op_code":8,"worker_id":"14ccb1d8-6cd5-4d00-bc76-74a331961dd9-135760465028928","trial_id":114,"user_attr":{"token":"tsweep_dbuf4_t64x128k128g22s32"}}
{"op_code":4,"worker_id":"14ccb1d8-6cd5-4d00-bc76-74a331961dd9-135760465028928","study_id":0,"datetime_start":"2026-08-07T13:57:21.861861"}
{"op_code":9,"worker_id":"14ccb1d8-6cd5-4d00-bc76-74a331961dd9-135760465028928","trial_id":115,"system_attr":{"tpe:relative_params:0":"{\"gx\": 1, \"gy\": 2, \"k\": 64, \"m\": 64, \"n\": 64, \"sub\": 64}"}}
{"op_code":5,"worker_id":"14ccb1d8-6cd5-4d00-bc76-74a331961dd9-135760465028928","trial_id":115,"param_name":"m","param_value_internal":2,"distribution":"{\"name\": \"CategoricalDistribution\", \"attributes\": {\"choices\": [16, 32, 64, 128, 256]}}"}
{"op_code":5,"worker_id":"14ccb1d8-6cd5-4d00-bc76-74a331961dd9-135760465028928","trial_id":115,"param_name":"n","param_value_internal":2,"distribution":"{\"name\": \"CategoricalDistribution\", \"attributes\": {\"choices\": [16, 32, 64, 128, 256]}}"}
{"op_code":5,"worker_id":"14ccb1d8-6cd5-4d00-bc76-74a331961dd9-135760465028928","trial_id":115,"param_name":"k","param_value_internal":2,"distribution":"{\"name\": \"CategoricalDistribution\", \"attributes\": {\"choices\": [16, 32, 64, 128]}}"}
{"op_code":5,"worker_id":"14ccb1d8-6cd5-4d00-bc76-74a331961dd9-135760465028928","trial_id":115,"param_name":"gx","param_value_internal":0,"distribution":"{\"name\": \"CategoricalDistribution\", \"attributes\": {\"choices\": [1, 2, 4, 8]}}"}
{"op_code":5,"worker_id":"14ccb1d8-6cd5-4d00-bc76-74a331961dd9-135760465028928","trial_id":115,"param_name":"gy","param_value_internal":1,"distribution":"{\"name\": \"CategoricalDistribution\", \"attributes\": {\"choices\": [1, 2, 4, 8]}}"}
{"op_code":5,"worker_id":"14ccb1d8-6cd5-4d00-bc76-74a331961dd9-135760465028928","trial_id":115,"param_name":"sub","param_value_internal":1,"distribution":"{\"name\": \"CategoricalDistribution\", \"attributes\": {\"choices\": [32, 64]}}"}
{"op_code":8,"worker_id":"14ccb1d8-6cd5-4d00-bc76-74a331961dd9-135760465028928","trial_id":115,"user_attr":{"token":"tsweep_dbuf4_t64x64k64g12s64"}}
{"op_code":4,"worker_id":"14ccb1d8-6cd5-4d00-bc76-74a331961dd9-135760465028928","study_id":0,"datetime_start":"2026-08-07T13:57:21.882411"}
{"op_code":9,"worker_id":"14ccb1d8-6cd5-4d00-bc76-74a331961dd9-135760465028928","trial_id":116,"system_attr":{"tpe:relative_params:0":"{\"gx\": 8, \"gy\": 2, \"k\": 64, \"m\": 128, \"n\": 256, \"sub\": 64}"}}
{"op_code":5,"worker_id":"14ccb1d8-6cd5-4d00-bc76-74a331961dd9-135760465028928","trial_id":116,"param_name":"m","param_value_internal":3,"distribution":"{\"name\": \"CategoricalDistribution\", \"attributes\": {\"choices\": [16, 32, 64, 128, 256]}}"}
{"op_code":5,"worker_id":"14ccb1d8-6cd5-4d00-bc76-74a331961dd9-135760465028928","trial_id":116,"param_name":"n","param_value_internal":4,"distribution":"{\"name\": \"CategoricalDistribution\", \"attributes\": {\"choices\": [16, 32, 64, 128, 256]}}"}
{"op_code":5,"worker_id":"14ccb1d8-6cd5-4d00-bc76-74a331961dd9-135760465028928","trial_id":116,"param_name":"k","param_value_internal":2,"distribution":"{\"name\": \"CategoricalDistribution\", \"attributes\": {\"choices\": [16, 32, 64, 128]}}"}
{"op_code":5,"worker_id":"14ccb1d8-6cd5-4d00-bc76-74a331961dd9-135760465028928","trial_id":116,"param_name":"gx","param_value_internal":3,"distribution":"{\"name\": \"CategoricalDistribution\", \"attributes\": {\"choices\": [1, 2, 4, 8]}}"}
{"op_code":5,"worker_id":"14ccb1d8-6cd5-4d00-bc76-74a331961dd9-135760465028928","trial_id":116,"param_name":"gy","param_value_internal":1,"distribution":"{\"name\": \"CategoricalDistribution\", \"attributes\": {\"choices\": [1, 2, 4, 8]}}"}
{"op_code":5,"worker_id":"14ccb1d8-6cd5-4d00-bc76-74a331961dd9-135760465028928","trial_id":116,"param_name":"sub","param_value_internal":1,"distribution":"{\"name\": \"CategoricalDistribution\", \"attributes\": {\"choices\": [32, 64]}}"}
{"op_code":8,"worker_id":"14ccb1d8-6cd5-4d00-bc76-74a331961dd9-135760465028928","trial_id":116,"user_attr":{"token":"tsweep_dbuf4_t128x256k64g82s64"}}
{"op_code":4,"worker_id":"14ccb1d8-6cd5-4d00-bc76-74a331961dd9-135760465028928","study_id":0,"datetime_start":"2026-08-07T13:57:21.901119"}
{"op_code":9,"worker_id":"14ccb1d8-6cd5-4d00-bc76-74a331961dd9-135760465028928","trial_id":117,"system_attr":{"tpe:relative_params:0":"{\"gx\": 2, \"gy\": 4, \"k\": 16, \"m\": 32, \"n\": 128, \"sub\": 64}"}}
{"op_code":5,"worker_id":"14ccb1d8-6cd5-4d00-bc76-74a331961dd9-135760465028928","trial_id":117,"param_name":"m","param_value_internal":1,"distribution":"{\"name\": \"CategoricalDistribution\", \"attributes\": {\"choices\": [16, 32, 64, 128, 256]}}"}
{"op_code":5,"worker_id":"14ccb1d8-6cd5-4d00-bc76-74a331961dd9-135760465028928","trial_id":117,"param_name":"n","param_value_internal":3,"distribution":"{\"name\": \"CategoricalDistribution\", \"attributes\": {\"choices\": [16, 32, 64, 128, 256]}}"}
{"op_code":5,"worker_id":"14ccb1d8-6cd5-4d00-bc76-74a331961dd9-135760465028928","trial_id":117,"param_name":"k","param_value_internal":0,"distribution":"{\"name\": \"CategoricalDistribution\", \"attributes\": {\"choices\": [16, 32, 64, 128]}}"}
{"op_code":5,"worker_id":"14ccb1d8-6cd5-4d00-bc76-74a331961dd9-135760465028928","trial_id":117,"param_name":"gx","param_value_internal":1,"distribution":"{\"name\": \"CategoricalDistribution\", \"attributes\": {\"choices\": [1, 2, 4, 8]}}"}
{"op_code":5,"worker_id":"14ccb1d8-6cd5-4d00-bc76-74a331961dd9-135760465028928","trial_id":117,"param_name":"gy","param_value_internal":2,"distribution":"{\"name\": \"CategoricalDistribution\", \"attributes\": {\"choices\": [1, 2, 4, 8]}}"}
{"op_code":5,"worker_id":"14ccb1d8-6cd5-4d00-bc76-74a331961dd9-135760465028928","trial_id":117,"param_name":"sub","param_value_internal":1,"distribution":"{\"name\": \"CategoricalDistribution\", \"attributes\": {\"choices\": [32, 64]}}"}
{"op_code":6,"worker_id":"14ccb1d8-6cd5-4d00-bc76-74a331961dd9-135760465028928","trial_id":117,"state":2,"values":null,"datetime_complete":"2026-08-07T13:57:21.918592"}
{"op_code":4,"worker_id":"14ccb1d8-6cd5-4d00-bc76-74a331961dd9-135760465028928","study_id":0,"datetime_start":"2026-08-07T13:57:21.920514"}
{"op_code":9,"worker_id":"14ccb1d8-6cd5-4d00-bc76-74a331961dd9-135760465028928","trial_id":118,"system_attr":{"tpe:relative_params:0":"{\"gx\": 2, \"gy\": 8, \"k\": 16, \"m\": 128, \"n\": 16, \"sub\": 64}"}}
{"op_code":5,"worker_id":"14ccb1d8-6cd5-4d00-bc76-74a331961dd9-135760465028928","trial_id":118,"param_name":"m","param_value_internal":3,"distribution":"{\"name\": \"CategoricalDistribution\", \"attributes\": {\"choices\": [16, 32, 64, 128, 256]}}"}
{"op_code":5,"worker_id":"14ccb1d8-6cd5-4d00-bc76-74a331961dd9-135760465028928","trial_id":118,"param_name":"n","param_value_internal":0,"distribution":"{\"name\": \"CategoricalDistribution\", \"attributes\": {\"choices\": [16, 32, 64, 128, 256]}}"}
{"op_code":5,"worker_id":"14ccb1d8-6cd5-4d00-bc76-74a331961dd9-135760465028928","trial_id":118,"param_name":"k","param_value_internal":0,"distribution":"{\"name\": \"CategoricalDistribution\", \"attributes\": {\"choices\": [16, 32, 64, 128]}}"}
{"op_code":5,"worker_id":"14ccb1d8-6cd5-4d00-bc76-74a331961dd9-135760465028928","trial_id":118,"param_name":"gx","param_value_internal":1,"distribution":"{\"name\": \"CategoricalDistribution\", \"attributes\": {\"choices\": [1, 2, 4, 8]}}"}
{"op_code":5,"worker_id":"14ccb1d8-6cd5-4d00-bc76-74a331961dd9-135760465028928","trial_id":118,"param_name":"gy","param_value_internal":3,"distribution":"{\"name\": \"CategoricalDistribution\", \"attributes\": {\"choices\": [1, 2, 4, 8]}}"}
{"op_code":5,"worker_id":"14ccb1d8-6cd5-4d00-bc76-74a331961dd9-135760465028928","trial_id":118,"param_name":"sub","param_value_internal":1,"distribution":"{\"name\": \"CategoricalDistribution\", \"attributes\": {\"choices\": [32, 64]}}"}
{"op_code":6,"worker_id":"14ccb1d8-6cd5-4d00-bc76-74a331961dd9-135760465028928","trial_id":118,"state":2,"values":null,"datetime_complete":"2026-08-07T13:57:21.939874"}
{"op_code":4,"worker_id":"14ccb1d8-6cd5-4d00-bc76-74a331961dd9-135760465028928","study_id":0,"datetime_start":"2026-08-07T13:57:21.941951"}
{"op_code":9,"worker_id":"14ccb1d8-6cd5-4d00-bc76-74a331961dd9-135760465028928","trial_id":119,"system_attr":{"tpe:relative_params:0":"{\"gx\": 8, \"gy\": 8, \"k\": 64, \"m\": 128, \"n\": 128, \"sub\": 64}"}}
{"op_code":5,"worker_id":"14ccb1d8-6cd5-4d00-bc76-74a331961dd9-135760465028928","trial_id":119,"param_name":"m","param_value_internal":3,"distribution":"{\"name\": \"CategoricalDistribution\", \"attributes\": {\"choices\": [16, 32, 64, 128, 256]}}"}
{"op_code":5,"worker_id":"14ccb1d8-6cd5-4d00-bc76-74a331961dd9-135760465028928","trial_id":119,"param_name":"n","param_value_internal":3,"distribution":"{\"name\": \"CategoricalDistribution\", \"attributes\": {\"choices\": [16, 32, 64, 128, 256]}}"}
{"op_code":5,"worker_id":"14ccb1d8-6cd5-4d00-bc76-74a331961dd9-135760465028928","trial_id":119,"param_name":"k","param_value_internal":2,"distribution":"{\"name\": \"CategoricalDistribution\", \"attributes\": {\"choices\": [16, 32, 64, 128]}}"}
{"op_code":5,"worker_id":"14ccb1d8-6cd5-4d00-bc76-74a331961dd9-135760465028928","trial_id":119,"param_name":"gx","param_value_internal":3,"distribution":"{\"name\": \"CategoricalDistribution\", \"attributes\": {\"choices\": [1, 2, 4, 8]}}"}
{"op_code":5,"worker_id":"14ccb1d8-6cd5-4d00-bc76-74a331961dd9-135760465028928","trial_id":119,"param_name":"gy","param_value_internal":3,"distribution":"{\"name\": \"CategoricalDistribution\", \"attributes\": {\"choices\": [1, 2, 4, 8]}}"}
{"op_code":5,"worker_id":"14ccb1d8-6cd5-4d00-bc76-74a331961dd9-135760465028928","trial_id":119,"param_name":"sub","param_value_internal":1,"distribution":"{\"name\": \"CategoricalDistribution\", \"attributes\": {\"choices\": [32, 64]}}"}
{"op_code":6,"worker_id":"14ccb1d8-6cd5-4d00-bc76-74a331961dd9-135760465028928","trial_id":119,"state":2,"values":null,"datetime_complete":"2026-08-07T13:57:21.962254"}
{"op_code":4,"worker_id":"14ccb1d8-6cd5-4d00-bc76-74a331961dd9-135760465028928","study_id":0,"datetime_start":"2026-08-07T13:57:21.964107"}
{"op_code":9,"worker_id":"14ccb1d8-6cd5-4d00-bc76-74a331961dd9-135760465028928","trial_id":120,"system_attr":{"tpe:relative_params:0":"{\"gx\": 4, \"gy\": 2, \"k\": 64, \"m\": 32, \"n\": 64, \"sub\": 64}"}}
{"op_code":5,"worker_id":"14ccb1d8-6cd5-4d00-bc76-74a331961dd9-135760465028928","trial_id":120,"param_name":"m","param_value_internal":1,"distribution":"{\"name\": \"CategoricalDistribution\", \"attributes\": {\"choices\": [16, 32, 64, 128, 256]}}"}
{"op_code":5,"worker_id":"14ccb1d8-6cd5-4d00-bc76-74a331961dd9-135760465028928","trial_id":120,"param_name":"n","param_value_internal":2,"distribution":"{\"name\": \"CategoricalDistribution\", \"attributes\": {\"choices\": [16, 32, 64, 128, 256]}}"}
{"op_code":5,"worker_id":"14ccb1d8-6cd5-4d00-bc76-74a331961dd9-135760465028928","trial_id":120,"param_name":"k","param_value_internal":2,"distribution":"{\"name\": \"CategoricalDistribution\", \"attributes\": {\"choices\": [16, 32, 64, 128]}}"}
{"op_code":5,"worker_id":"14ccb1d8-6cd5-4d00-bc76-74a331961dd9-135760465028928","trial_id":120,"param_name":"gx","param_value_internal":2,"distribution":"{\"name\": \"CategoricalDistribution\", \"attributes\": {\"choices\": [1, 2, 4, 8]}}"}
{"op_code":5,"worker_id":"14ccb1d8-6cd5-4d00-bc76-74a331961dd9-135760465028928","trial_id":120,"param_name":"gy","param_value_internal":1,"distribution":"{\"name\": \"CategoricalDistribution\", \"attributes\": {\"choices\": [1, 2, 4, 8]}}"}
{"op_code":5,"worker_id":"14ccb1d8-6cd5-4d00-bc76-74a331961dd9-135760465028928","trial_id":120,"param_name":"sub","param_value_internal":1,"distribution":"{\"name\": \"CategoricalDistribution\", \"attributes\": {\"choices\": [32, 64]}}"}
{"op_code":8,"worker_id":"14ccb1d8-6cd5-4d00-bc76-74a331961dd9-135760465028928","trial_id":120,"user_attr":{"token":"tsweep_dbuf4_t32x64k64g42s64"}}
{"op_code":4,"worker_id":"14ccb1d8-6cd5-4d00-bc76-74a331961dd9-135760465028928","study_id":0,"datetime_start":"2026-08-07T13:57:21.986932"}
{"op_code":9,"worker_id":"14ccb1d8-6cd5-4d00-bc76-74a331961dd9-135760465028928","trial_id":121,"system_attr":{"tpe:relative_params:0":"{\"gx\": 1, \"gy\": 2, \"k\": 16, \"m\": 64, \"n\": 32, \"sub\": 64}"}}
{"op_code":5,"worker_id":"14ccb1d8-6cd5-4d00-bc76-74a331961dd9-135760465028928","trial_id":121,"param_name":"m","param_value_internal":2,"distribution":"{\"name\": \"CategoricalDistribution\", \"attributes\": {\"choices\": [16, 32, 64, 128, 256]}}"}
{"op_code":5,"worker_id":"14ccb1d8-6cd5-4d00-bc76-74a331961dd9-135760465028928","trial_id":121,"param_name":"n","param_value_internal":1,"distribution":"{\"name\": \"CategoricalDistribution\", \"attributes\": {\"choices\": [16, 32, 64, 128, 256]}}"}
{"op_code":5,"worker_id":"14ccb1d8-6cd5-4d00-bc76-74a331961dd9-135760465028928","trial_id":121,"param_name":"k","param_value_internal":0,"distribution":"{\"name\": \"CategoricalDistribution\", \"attributes\": {\"choices\": [16, 32, 64, 128]}}"}
{"op_code":5,"worker_id":"14ccb1d8-6cd5-4d00-bc76-74a331961dd9-135760465028928","trial_id":121,"param_name":"gx","param_value_internal":0,"distribution":"{\"name\": \"CategoricalDistribution\", \"attributes\": {\"choices\": [1, 2, 4, 8]}}"}
{"op_code":5,"worker_id":"14ccb1d8-6cd5-4d00-bc76-74a331961dd9-135760465028928","trial_id":121,"param_name":"gy","param_value_internal":1,"distribution":"{\"name\": \"CategoricalDistribution\", \"attributes\": {\"choices\": [1, 2, 4, 8]}}"}
{"op_code":5,"worker_id":"14ccb1d8-6cd5-4d00-bc76-74a331961dd9-135760465028928","trial_id":121,"param_name":"sub","param_value_internal":1,"distribution":"{\"name\": \"CategoricalDistribution\", \"attributes\": {\"choices\": [32, 64]}}"}
{"op_code":8,"worker_id":"14ccb1d8-6cd5-4d00-bc76-74a331961dd9-135760465028928","trial_id":121,"user_attr":{"token":"tsweep_dbuf4_t64x32k16g12s64"}}
{"op_code":4,"worker_id":"14ccb1d8-6cd5-4d00-bc76-74a331961dd9-135760465028928","study_id":0,"datetime_start":"2026-08-07T13:57:22.015031"}
{"op_code":9,"worker_id":"14ccb1d8-6cd5-4d00-bc76-74a331961dd9-135760465028928","trial_id":122,"system_attr":{"tpe:relative_params:0":"{\"gx\": 2, \"gy\": 8, \"k\": 64, \"m\": 32, \"n\": 128, \"sub\": 32}"}}
{"op_code":5,"worker_id":"14ccb1d8-6cd5-4d00-bc76-74a331961dd9-135760465028928","trial_id":122,"param_name":"m","param_value_internal":1,"distribution":"{\"name\": \"CategoricalDistribution\", \"attributes\": {\"choices\": [16, 32, 64, 128, 256]}}"}
{"op_code":5,"worker_id":"14ccb1d8-6cd5-4d00-bc76-74a331961dd9-135760465028928","trial_id":122,"param_name":"n","param_value_internal":3,"distribution":"{\"name\": \"CategoricalDistribution\", \"attributes\": {\"choices\": [16, 32, 64, 128, 256]}}"}
{"op_code":5,"worker_id":"14ccb1d8-6cd5-4d00-bc76-74a331961dd9-135760465028928","trial_id":122,"param_name":"k","param_value_internal":2,"distribution":"{\"name\": \"CategoricalDistribution\", \"attributes\": {\"choices\": [16, 32, 64, 128]}}"}
{"op_code":5,"worker_id":"14ccb1d8-6cd5-4d00-bc76-74a331961dd9-135760465028928","trial_id":122,"param_name":"gx","param_value_internal":1,"distribution":"{\"name\": \"CategoricalDistribution\", \"attributes\": {\"choices\": [1, 2, 4, 8]}}"}
{"op_code":5,"worker_id":"14ccb1d8-6cd5-4d00-bc76-74a331961dd9-135760465028928","trial_id":122,"param_name":"gy","param_value_internal":3,"distribution":"{\"name\": \"CategoricalDistribution\", \"attributes\": {\"choices\": [1, 2, 4, 8]}}"}
{"op_code":5,"worker_id":"14ccb1d8-6cd5-4d00-bc76-74a331961dd9-135760465028928","trial_id":122,"param_name":"sub","param_value_internal":0,"distribution":"{\"name\": \"CategoricalDistribution\", \"attributes\": {\"choices\": [32, 64]}}"}
{"op_code":6,"worker_id":"14ccb1d8-6cd5-4d00-bc76-74a331961dd9-135760465028928","trial_id":122,"state":2,"values":null,"datetime_complete":"2026-08-07T13:57:22.043535"}
{"op_code":4,"worker_id":"14ccb1d8-6cd5-4d00-bc76-74a331961dd9-135760465028928","study_id":0,"datetime_start":"2026-08-07T13:57:22.046394"}
{"op_code":9,"worker_id":"14ccb1d8-6cd5-4d00-bc76-74a331961dd9-135760465028928","trial_id":123,"system_attr":{"tpe:relative_params:0":"{\"gx\": 4, \"gy\": 2, \"k\": 16, \"m\": 128, \"n\": 128, \"sub\": 64}"}}
{"op_code":5,"worker_id":"14ccb1d8-6cd5-4d00-bc76-74a331961dd9-135760465028928","trial_id":123,"param_name":"m","param_value_internal":3,"distribution":"{\"name\": \"CategoricalDistribution\", \"attributes\": {\"choices\": [16, 32, 64, 128, 256]}}"}
{"op_code":5,"worker_id":"14ccb1d8-6cd5-4d00-bc76-74a331961dd9-135760465028928","trial_id":123,"param_name":"n","param_value_internal":3,"distribution":"{\"name\": \"CategoricalDistribution\", \"attributes\": {\"choices\": [16, 32, 64, 128, 256]}}"}
{"op_code":5,"worker_id":"14ccb1d8-6cd5-4d00-bc76-74a331961dd9-135760465028928","trial_id":123,"param_name":"k","param_value_internal":0,"distribution":"{\"name\": \"CategoricalDistribution\", \"attributes\": {\"choices\": [16, 32, 64, 128]}}"}
{"op_code":5,"worker_id":"14ccb1d8-6cd5-4d00-bc76-74a331961dd9-135760465028928","trial_id":123,"param_name":"gx","param_value_internal":2,"distribution":"{\"name\": \"CategoricalDistribution\", \"attributes\": {\"choices\": [1, 2, 4, 8]}}"}
{"op_code":5,"worker_id":"14ccb1d8-6cd5-4d00-bc76-74a331961dd9-135760465028928","trial_id":123,"param_name":"gy","param_value_internal":1,"distribution":"{\"name\": \"CategoricalDistribution\", \"attributes\": {\"choices\": [1, 2, 4, 8]}}"}
{"op_code":5,"worker_id":"14ccb1d8-6cd5-4d00-bc76-74a331961dd9-135760465028928","trial_id":123,"param_name":"sub","param_value_internal":1,"distribution":"{\"name\": \"CategoricalDistribution\", \"attributes\": {\"choices\": [32, 64]}}"}
{"op_code":8,"worker_id":"14ccb1d8-6cd5-4d00-bc76-74a331961dd9-135760465028928","trial_id":123,"user_attr":{"token":"tsweep_dbuf4_t128x128k16g42s64"}}
{"op_code":4,"worker_id":"14ccb1d8-6cd5-4d00-bc76-74a331961dd9-135760465028928","study_id":0,"datetime_start":"2026-08-07T13:57:22.068037"}
{"op_code":9,"worker_id":"14ccb1d8-6cd5-4d00-bc76-74a331961dd9-135760465028928","trial_id":124,"system_attr":{"tpe:relative_params:0":"{\"gx\": 4, \"gy\": 8, \"k\": 32, \"m\": 256, \"n\": 128, \"sub\": 32}"}}
{"op_code":5,"worker_id":"14ccb1d8-6cd5-4d00-bc76-74a331961dd9-135760465028928","trial_id":124,"param_name":"m","param_value_internal":4,"distribution":"{\"name\": \"CategoricalDistribution\", \"attributes\": {\"choices\": [16, 32, 64, 128, 256]}}"}
{"op_code":5,"worker_id":"14ccb1d8-6cd5-4d00-bc76-74a331961dd9-135760465028928","trial_id":124,"param_name":"n","param_value_internal":3,"distribution":"{\"name\": \"CategoricalDistribution\", \"attributes\": {\"choices\": [16, 32, 64, 128, 256]}}"}
{"op_code":5,"worker_id":"14ccb1d8-6cd5-4d00-bc76-74a331961dd9-135760465028928","trial_id":124,"param_name":"k","param_value_internal":1,"distribution":"{\"name\": \"CategoricalDistribution\", \"attributes\": {\"choices\": [16, 32, 64, 128]}}"}
{"op_code":5,"worker_id":"14ccb1d8-6cd5-4d00-bc76-74a331961dd9-135760465028928","trial_id":124,"param_name":"gx","param_value_internal":2,"distribution":"{\"name\": \"CategoricalDistribution\", \"attributes\": {\"choices\": [1, 2, 4, 8]}}"}
{"op_code":5,"worker_id":"14ccb1d8-6cd5-4d00-bc76-74a331961dd9-135760465028928","trial_id":124,"param_name":"gy","param_value_internal":3,"distribution":"{\"name\": \"CategoricalDistribution\", \"attributes\": {\"choices\": [1, 2, 4, 8]}}"}
{"op_code":5,"worker_id":"14ccb1d8-6cd5-4d00-bc76-74a331961dd9-135760465028928","trial_id":124,"param_name":"sub","param_value_internal":0,"distribution":"{\"name\": \"CategoricalDistribution\", \"attributes\": {\"choices\": [32, 64]}}"}
{"op_code":8,"worker_id":"14ccb1d8-6cd5-4d00-bc76-74a331961dd9-135760465028928","trial_id":124,"user_attr":{"token":"tsweep_dbuf4_t256x128k32g48s32"}}
{"op_code":4,"worker_id":"14ccb1d8-6cd5-4d00-bc76-74a331961dd9-135760465028928","study_id":0,"datetime_start":"2026-08-07T13:57:22.089658"}
{"op_code":9,"worker_id":"14ccb1d8-6cd5-4d00-bc76-74a331961dd9-135760465028928","trial_id":125,"system_attr":{"tpe:relative_params:0":"{\"gx\": 4, \"gy\": 4, \"k\": 32, \"m\": 64, \"n\": 128, \"sub\": 32}"}}
{"op_code":5,"worker_id":"14ccb1d8-6cd5-4d00-bc76-74a331961dd9-135760465028928","trial_id":125,"param_name":"m","param_value_internal":2,"distribution":"{\"name\": \"CategoricalDistribution\", \"attributes\": {\"choices\": [16, 32, 64, 128, 256]}}"}
{"op_code":5,"worker_id":"14ccb1d8-6cd5-4d00-bc76-74a331961dd9-135760465028928","trial_id":125,"param_name":"n","param_value_internal":3,"distribution":"{\"name\": \"CategoricalDistribution\", \"attributes\": {\"choices\": [16, 32, 64, 128, 256]}}"}
{"op_code":5,"worker_id":"14ccb1d8-6cd5-4d00-bc76-74a331961dd9-135760465028928","trial_id":125,"param_name":"k","param_value_internal":1,"distribution":"{\"name\": \"CategoricalDistribution\", \"attributes\": {\"choices\": [16, 32, 64, 128]}}"}
{"op_code":5,"worker_id":"14ccb1d8-6cd5-4d00-bc76-74a331961dd9-135760465028928","trial_id":125,"param_name":"gx","param_value_internal":2,"distribution":"{\"name\": \"CategoricalDistribution\", \"attributes\": {\"choices\": [1, 2, 4, 8]}}"}
{"op_code":5,"worker_id":"14ccb1d8-6cd5-4d00-bc76-74a331961dd9-135760465028928","trial_id":125,"param_name":"gy","param_value_internal":2,"distribution":"{\"name\": \"CategoricalDistribution\", \"attributes\": {\"choices\": [1, 2, 4, 8]}}"}
{"op_code":5,"worker_id":"14ccb1d8-6cd5-4d00-bc76-74a331961dd9-135760465028928","trial_id":125,"param_name":"sub","param_value_internal":0,"distribution":"{\"name\": \"CategoricalDistribution\", \"attributes\": {\"choices\": [32, 64]}}"}
{"op_code":8,"worker_id":"14ccb1d8-6cd5-4d00-bc76-74a331961dd9-135760465028928","trial_id":125,"user_attr":{"token":"tsweep_dbuf4_t64x128k32g44s32"}}
{"op_code":4,"worker_id":"14ccb1d8-6cd5-4d00-bc76-74a331961dd9-135760465028928","study_id":0,"datetime_start":"2026-08-07T13:57:22.111656"}
{"op_code":9,"worker_id":"14ccb1d8-6cd5-4d00-bc76-74a331961dd9-135760465028928","trial_id":126,"system_attr":{"tpe:relative_params:0":"{\"gx\": 4, \"gy\": 2, \"k\": 64, \"m\": 128, \"n\": 32, \"sub\": 64}"}}
{"op_code":5,"worker_id":"14ccb1d8-6cd5-4d00-bc76-74a331961dd9-135760465028928","trial_id":126,"param_name":"m","param_value_internal":3,"distribution":"{\"name\": \"CategoricalDistribution\", \"attributes\": {\"choices\": [16, 32, 64, 128, 256]}}"}
{"op_code":5,"worker_id":"14ccb1d8-6cd5-4d00-bc76-74a331961dd9-135760465028928","trial_id":126,"param_name":"n","param_value_internal":1,"distribution":"{\"name\": \"CategoricalDistribution\", \"attributes\": {\"choices\": [16, 32, 64, 128, 256]}}"}
{"op_code":5,"worker_id":"14ccb1d8-6cd5-4d00-bc76-74a331961dd9-135760465028928","trial_id":126,"param_name":"k","param_value_internal":2,"distribution":"{\"name\": \"CategoricalDistribution\", \"attributes\": {\"choices\": [16, 32, 64, 128]}}"}
{"op_code":5,"worker_id":"14ccb1d8-6cd5-4d00-bc76-74a331961dd9-135760465028928","trial_id":126,"param_name":"gx","param_value_internal":2,"distribution":"{\"name\": \"CategoricalDistribution\", \"attributes\": {\"choices\": [1, 2, 4, 8]}}"}
{"op_code":5,"worker_id":"14ccb1d8-6cd5-4d00-bc76-74a331961dd9-135760465028928","trial_id":126,"param_name":"gy","param_value_internal":1,"distribution":"{\"name\": \"CategoricalDistribution\", \"attributes\": {\"choices\": [1, 2, 4, 8]}}"}
{"op_code":5,"worker_id":"14ccb1d8-6cd5-4d00-bc76-74a331961dd9-135760465028928","trial_id":126,"param_name":"sub","param_value_internal":1,"distribution":"{\"name\": \"CategoricalDistribution\", \"attributes\": {\"choices\": [32, 64]}}"}
{"op_code":6,"worker_id":"14ccb1d8-6cd5-4d00-bc76-74a331961dd9-135760465028928","trial_id":126,"state":2,"values":null,"datetime_complete":"2026-08-07T13:57:22.132328"}
{"op_code":4,"worker_id":"14ccb1d8-6cd5-4d00-bc76-74a331961dd9-135760465028928","study_id":0,"datetime_start":"2026-08-07T13:57:22.134306"}
{"op_code":9,"worker_id":"14ccb1d8-6cd5-4d00-bc76-74a331961dd9-135760465028928","trial_id":127,"system_attr":{"tpe:relative_params:0":"{\"gx\": 8, \"gy\": 2, \"k\": 64, \"m\": 64, \"n\": 32, \"sub\": 32}"}}
{"op_code":5,"worker_id":"14ccb1d8-6cd5-4d00-bc76-74a331961dd9-135760465028928","trial_id":127,"param_name":"m","param_value_internal":2,"distribution":"{\"name\": \"CategoricalDistribution\", \"attributes\": {\"choices\": [16, 32, 64, 128, 256]}}"}
{"op_code":5,"worker_id":"14ccb1d8-6cd5-4d00-bc76-74a331961dd9-135760465028928","trial_id":127,"param_name":"n","param_value_internal":1,"distribution":"{\"name\": \"CategoricalDistribution\", \"attributes\": {\"choices\": [16, 32, 64, 128, 256]}}"}
{"op_code":5,"worker_id":"14ccb1d8-6cd5-4d00-bc76-74a331961dd9-135760465028928","trial_id":127,"param_name":"k","param_value_internal":2,"distribution":"{\"name\": \"CategoricalDistribution\", \"attributes\": {\"choices\": [16, 32, 64, 128]}}"}
{"op_code":5,"worker_id":"14ccb1d8-6cd5-4d00-bc76-74a331961dd9-135760465028928","trial_id":127,"param_name":"gx","param_value_internal":3,"distribution":"{\"name\": \"CategoricalDistribution\", \"attributes\": {\"choices\": [1, 2, 4, 8]}}"}
{"op_code":5,"worker_id":"14ccb1d8-6cd5-4d00-bc76-74a331961dd9-135760465028928","trial_id":127,"param_name":"gy","param_value_internal":1,"distribution":"{\"name\": \"CategoricalDistribution\", \"attributes\": {\"choices\": [1, 2, 4, 8]}}"}
{"op_code":5,"worker_id":"14ccb1d8-6cd5-4d00-bc76-74a331961dd9-135760465028928","trial_id":127,"param_name":"sub","param_value_internal":0,"distribution":"{\"name\": \"CategoricalDistribution\", \"attributes\": {\"choices\": [32, 64]}}"}
{"op_code":6,"worker_id":"14ccb1d8-6cd5-4d00-bc76-74a331961dd9-135760465028928","trial_id":127,"state":2,"values":null,"datetime_complete":"2026-08-07T13:57:22.153297"}
{"op_code":4,"worker_id":"14ccb1d8-6cd5-4d00-bc76-74a331961dd9-135760465028928","study_id":0,"datetime_start":"2026-08-07T13:57:22.155175"}
{"op_code":9,"worker_id":"14ccb1d8-6cd5-4d00-bc76-74a331961dd9-135760465028928","trial_id":128,"system_attr":{"tpe:relative_params:0":"{\"gx\": 1, \"gy\": 8, \"k\": 16, \"m\": 128, \"n\": 128, \"sub\": 64}"}}
{"op_code":5,"worker_id":"14ccb1d8-6cd5-4d00-bc76-74a331961dd9-135760465028928","trial_id":128,"param_name":"m","param_value_internal":3,"distribution":"{\"name\": \"CategoricalDistribution\", \"attributes\": {\"choices\": [16, 32, 64, 128, 256]}}"}
{"op_code":5,"worker_id":"14ccb1d8-6cd5-4d00-bc76-74a331961dd9-135760465028928","trial_id":128,"param_name":"n","param_value_internal":3,"distribution":"{\"name\": \"CategoricalDistribution\", \"attributes\": {\"choices\": [16, 32, 64, 128, 256]}}"}
{"op_code":5,"worker_id":"14ccb1d8-6cd5-4d00-bc76-74a331961dd9-135760465028928","trial_id":128,"param_name":"k","param_value_internal":0,"distribution":"{\"name\": \"CategoricalDistribution\", \"attributes\": {\"choices\": [16, 32, 64, 128]}}"}
{"op_code":5,"worker_id":"14ccb1d8-6cd5-4d00-bc76-74a331961dd9-135760465028928","trial_id":128,"param_name":"gx","param_value_internal":0,"distribution":"{\"name\": \"CategoricalDistribution\", \"attributes\": {\"choices\": [1, 2, 4, 8]}}"}
{"op_code":5,"worker_id":"14ccb1d8-6cd5-4d00-bc76-74a331961dd9-135760465028928","trial_id":128,"param_name":"gy","param_value_internal":3,"distribution":"{\"name\": \"CategoricalDistribution\", \"attributes\": {\"choices\": [1, 2, 4, 8]}}"}
{"op_code":5,"worker_id":"14ccb1d8-6cd5-4d00-bc76-74a331961dd9-135760465028928","trial_id":128,"param_name":"sub","param_value_internal":1,"distribution":"{\"name\": \"CategoricalDistribution\", \"attributes\": {\"choices\": [32, 64]}}"}
{"op_code":8,"worker_id":"14ccb1d8-6cd5-4d00-bc76-74a331961dd9-135760465028928","trial_id":128,"user_attr":{"token":"tsweep_dbuf4_t128x128k16g18s64"}}
{"op_code":4,"worker_id":"14ccb1d8-6cd5-4d00-bc76-74a331961dd9-135760465028928","study_id":0,"datetime_start":"2026-08-07T13:57:22.174954"}
{"op_code":9,"worker_id":"14ccb1d8-6cd5-4d00-bc76-74a331961dd9-135760465028928","trial_id":129,"system_attr":{"tpe:relative_params:0":"{\"gx\": 4, \"gy\": 4, \"k\": 16, \"m\": 256, \"n\": 128, \"sub\": 64}"}}
{"op_code":5,"worker_id":"14ccb1d8-6cd5-4d00-bc76-74a331961dd9-135760465028928","trial_id":129,"param_name":"m","param_value_internal":4,"distribution":"{\"name\": \"CategoricalDistribution\", \"attributes\": {\"choices\": [16, 32, 64, 128, 256]}}"}
{"op_code":5,"worker_id":"14ccb1d8-6cd5-4d00-bc76-74a331961dd9-135760465028928","trial_id":129,"param_name":"n","param_value_internal":3,"distribution":"{\"name\": \"CategoricalDistribution\", \"attributes\": {\"choices\": [16, 32, 64, 128, 256]}}"}
{"op_code":5,"worker_id":"14ccb1d8-6cd5-4d00-bc76-74a331961dd9-135760465028928","trial_id":129,"param_name":"k","param_value_internal":0,"distribution":"{\"name\": \"CategoricalDistribution\", \"attributes\": {\"choices\": [16, 32, 64, 128]}}"}
{"op_code":5,"worker_id":"14ccb1d8-6cd5-4d00-bc76-74a331961dd9-135760465028928","trial_id":129,"param_name":"gx","param_value_internal":2,"distribution":"{\"name\": \"CategoricalDistribution\", \"attributes\": {\"choices\": [1, 2, 4, 8]}}"}
{"op_code":5,"worker_id":"14ccb1d8-6cd5-4d00-bc76-74a331961dd9-135760465028928","trial_id":129,"param_name":"gy","param_value_internal":2,"distribution":"{\"name\": \"CategoricalDistribution\", \"attributes\": {\"choices\": [1, 2, 4, 8]}}"}
{"op_code":5,"worker_id":"14ccb1d8-6cd5-4d00-bc76-74a331961dd9-135760465028928","trial_id":129,"param_name":"sub","param_value_internal":1,"distribution":"{\"name\": \"CategoricalDistribution\", \"attributes\": {\"choices\": [32, 64]}}"}
{"op_code":6,"worker_id":"14ccb1d8-6cd5-4d00-bc76-74a331961dd9-135760465028928","trial_id":129,"state":2,"values":null,"datetime_complete":"2026-08-07T13:57:22.191746"}
{"op_code":4,"worker_id":"14ccb1d8-6cd5-4d00-bc76-74a331961dd9-135760465028928","study_id":0,"datetime_start":"2026-08-07T13:57:22.193444"}
{"op_code":9,"worker_id":"14ccb1d8-6cd5-4d00-bc76-74a331961dd9-135760465028928","trial_id":130,"system_attr":{"tpe:relative_params:0":"{\"gx\": 2, \"gy\": 1, \"k\": 16, \"m\": 32, \"n\": 128, \"sub\": 32}"}}
{"op_code":5,"worker_id":"14ccb1d8-6cd5-4d00-bc76-74a331961dd9-135760465028928","trial_id":130,"param_name":"m","param_value_internal":1,"distribution":"{\"name\": \"CategoricalDistribution\", \"attributes\": {\"choices\": [16, 32, 64, 128, 256]}}"}
{"op_code":5,"worker_id":"14ccb1d8-6cd5-4d00-bc76-74a331961dd9-135760465028928","trial_id":130,"param_name":"n","param_value_internal":3,"distribution":"{\"name\": \"CategoricalDistribution\", \"attributes\": {\"choices\": [16, 32, 64, 128, 256]}}"}
{"op_code":5,"worker_id":"14ccb1d8-6cd5-4d00-bc76-74a331961dd9-135760465028928","trial_id":130,"param_name":"k","param_value_internal":0,"distribution":"{\"name\": \"CategoricalDistribution\", \"attributes\": {\"choices\": [16, 32, 64, 128]}}"}
{"op_code":5,"worker_id":"14ccb1d8-6cd5-4d00-bc76-74a331961dd9-135760465028928","trial_id":130,"param_name":"gx","param_value_internal":1,"distribution":"{\"name\": \"CategoricalDistribution\", \"attributes\": {\"choices\": [1, 2, 4, 8]}}"}
{"op_code":5,"worker_id":"14ccb1d8-6cd5-4d00-bc76-74a331961dd9-135760465028928","trial_id":130,"param_name":"gy","param_value_internal":0,"distribution":"{\"name\": \"CategoricalDistribution\", \"attributes\": {\"choices\": [1, 2, 4, 8]}}"}
{"op_code":5,"worker_id":"14ccb1d8-6cd5-4d00-bc76-74a331961dd9-135760465028928","trial_id":130,"param_name":"sub","param_value_internal":0,"distribution":"{\"name\": \"CategoricalDistribution\", \"attributes\": {\"choices\": [32, 64]}}"}
{"op_code":8,"worker_id":"14ccb1d8-6cd5-4d00-bc76-74a331961dd9-135760465028928","trial_id":130,"user_attr":{"token":"tsweep_dbuf4_t32x128k16g21s32"}}
{"op_code":4,"worker_id":"14ccb1d8-6cd5-4d00-bc76-74a331961dd9-135760465028928","study_id":0,"datetime_start":"2026-08-07T13:57:22.211672"}
{"op_code":9,"worker_id":"14ccb1d8-6cd5-4d00-bc76-74a331961dd9-135760465028928","trial_id":131,"system_attr":{"tpe:relative_params:0":"{\"gx\": 8, \"gy\": 1, \"k\": 64, \"m\": 16, \"n\": 128, \"sub\": 64}"}}
{"op_code":5,"worker_id":"14ccb1d8-6cd5-4d00-bc76-74a331961dd9-135760465028928","trial_id":131,"param_name":"m","param_value_internal":0,"distribution":"{\"name\": \"CategoricalDistribution\", \"attributes\": {\"choices\": [16, 32, 64, 128, 256]}}"}
{"op_code":5,"worker_id":"14ccb1d8-6cd5-4d00-bc76-74a331961dd9-135760465028928","trial_id":131,"param_name":"n","param_value_internal":3,"distribution":"{\"name\": \"CategoricalDistribution\", \"attributes\": {\"choices\": [16, 32, 64, 128, 256]}}"}
{"op_code":5,"worker_id":"14ccb1d8-6cd5-4d00-bc76-74a331961dd9-135760465028928","trial_id":131,"param_name":"k","param_value_internal":2,"distribution":"{\"name\": \"CategoricalDistribution\", \"attributes\": {\"choices\": [16, 32, 64, 128]}}"}
{"op_code":5,"worker_id":"14ccb1d8-6cd5-4d00-bc76-74a331961dd9-135760465028928","trial_id":131,"param_name":"gx","param_value_internal":3,"distribution":"{\"name\": \"CategoricalDistribution\", \"attributes\": {\"choices\": [1, 2, 4, 8]}}"}
{"op_code":5,"worker_id":"14ccb1d8-6cd5-4d00-bc76-74a331961dd9-135760465028928","trial_id":131,"param_name":"gy","param_value_internal":0,"distribution":"{\"name\": \"CategoricalDistribution\", \"attributes\": {\"choices\": [1, 2, 4, 8]}}"}
{"op_code":5,"worker_id":"14ccb1d8-6cd5-4d00-bc76-74a331961dd9-135760465028928","trial_id":131,"param_name":"sub","param_value_internal":1,"distribution":"{\"name\": \"CategoricalDistribution\", \"attributes\": {\"choices\": [32, 64]}}"}
{"op_code":8,"worker_id":"14ccb1d8-6cd5-4d00-bc76-74a331961dd9-135760465028928","trial_id":131,"user_attr":{"token":"tsweep_dbuf4_t16x128k64g81s64"}}
{"op_code":4,"worker_id":"14ccb1d8-6cd5-4d00-bc76-74a331961dd9-135760465028928","study_id":0,"datetime_start":"2026-08-07T13:57:22.233308"}
{"op_code":9,"worker_id":"14ccb1d8-6cd5-4d00-bc76-74a331961dd9-135760465028928","trial_id":132,"system_attr":{"tpe:relative_params:0":"{\"gx\": 2, \"gy\": 4, \"k\": 16, \"m\": 16, \"n\": 128, \"sub\": 32}"}}
{"op_code":5,"worker_id":"14ccb1d8-6cd5-4d00-bc76-74a331961dd9-135760465028928","trial_id":132,"param_name":"m","param_value_internal":0,"distribution":"{\"name\": \"CategoricalDistribution\", \"attributes\": {\"choices\": [16, 32, 64, 128, 256]}}"}
{"op_code":5,"worker_id":"14ccb1d8-6cd5-4d00-bc76-74a331961dd9-135760465028928","trial_id":132,"param_name":"n","param_value_internal":3,"distribution":"{\"name\": \"CategoricalDistribution\", \"attributes\": {\"choices\": [16, 32, 64, 128, 256]}}"}
{"op_code":5,"worker_id":"14ccb1d8-6cd5-4d00-bc76-74a331961dd9-135760465028928","trial_id":132,"param_name":"k","param_value_internal":0,"distribution":"{\"name\": \"CategoricalDistribution\", \"attributes\": {\"choices\": [16, 32, 64, 128]}}"}
{"op_code":5,"worker_id":"14ccb1d8-6cd5-4d00-bc76-74a331961dd9-135760465028928","trial_id":132,"param_name":"gx","param_value_internal":1,"distribution":"{\"name\": \"CategoricalDistribution\", \"attributes\": {\"choices\": [1, 2, 4, 8]}}"}
{"op_code":5,"worker_id":"14ccb1d8-6cd5-4d00-bc76-74a331961dd9-135760465028928","trial_id":132,"param_name":"gy","param_value_internal":2,"distribution":"{\"name\": \"CategoricalDistribution\", \"attributes\": {\"choices\": [1, 2, 4, 8]}}"}
{"op_code":5,"worker_id":"14ccb1d8-6cd5-4d00-bc76-74a331961dd9-135760465028928","trial_id":132,"param_name":"sub","param_value_internal":0,"distribution":"{\"name\": \"CategoricalDistribution\", \"attributes\": {\"choices\": [32, 64]}}"}
{"op_code":6,"worker_id":"14ccb1d8-6cd5-4d00-bc76-74a331961dd9-135760465028928","trial_id":132,"state":2,"values":null,"datetime_complete":"2026-08-07T13:57:22.252672"}
{"op_code":4,"worker_id":"14ccb1d8-6cd5-4d00-bc76-74a331961dd9-135760465028928","study_id":0,"datetime_start":"2026-08-07T13:57:22.254369"}
{"op_code":9,"worker_id":"14ccb1d8-6cd5-4d00-bc76-74a331961dd9-135760465028928","trial_id":133,"system_attr":{"tpe:relative_params:0":"{\"gx\": 1, \"gy\": 8, \"k\": 16, \"m\": 128, \"n\": 64, \"sub\": 32}"}}
{"op_code":5,"worker_id":"14ccb1d8-6cd5-4d00-bc76-74a331961dd9-135760465028928","trial_id":133,"param_name":"m","param_value_internal":3,"distribution":"{\"name\": \"CategoricalDistribution\", \"attributes\": {\"choices\": [16, 32, 64, 128, 256]}}"}
{"op_code":5,"worker_id":"14ccb1d8-6cd5-4d00-bc76-74a331961dd9-135760465028928","trial_id":133,"param_name":"n","param_value_internal":2,"distribution":"{\"name\": \"CategoricalDistribution\", \"attributes\": {\"choices\": [16, 32, 64, 128, 256]}}"}
{"op_code":5,"worker_id":"14ccb1d8-6cd5-4d00-bc76-74a331961dd9-135760465028928","trial_id":133,"param_name":"k","param_value_internal":0,"distribution":"{\"name\": \"CategoricalDistribution\", \"attributes\": {\"choices\": [16, 32, 64, 128]}}"}
{"op_code":5,"worker_id":"14ccb1d8-6cd5-4d00-bc76-74a331961dd9-135760465028928","trial_id":133,"param_name":"gx","param_value_internal":0,"distribution":"{\"name\": \"CategoricalDistribution\", \"attributes\": {\"choices\": [1, 2, 4, 8]}}"}
{"op_code":5,"worker_id":"14ccb1d8-6cd5-4d00-bc76-74a331961dd9-135760465028928","trial_id":133,"param_name":"gy","param_value_internal":3,"distribution":"{\"name\": \"CategoricalDistribution\", \"attributes\": {\"choices\": [1, 2, 4, 8]}}"}
{"op_code":5,"worker_id":"14ccb1d8-6cd5-4d00-bc76-74a331961dd9-135760465028928","trial_id":133,"param_name":"sub","param_value_internal":0,"distribution":"{\"name\": \"CategoricalDistribution\", \"attributes\": {\"choices\": [32, 64]}}"}
{"op_code":8,"worker_id":"14ccb1d8-6cd5-4d00-bc76-74a331961dd9-135760465028928","trial_id":133,"user_attr":{"token":"tsweep_dbuf4_t128x64k16g18s32"}}
{"op_code":6,"worker_id":"14ccb1d8-6cd5-4d00-bc76-74a331961dd9-135760465028928","trial_id":107,"state":2,"values":null,"datetime_complete":"2026-08-07T13:58:09.399328"}
{"op_code":6,"worker_id":"14ccb1d8-6cd5-4d00-bc76-74a331961dd9-135760465028928","trial_id":109,"state":2,"values":null,"datetime_complete":"2026-08-07T13:58:16.083963"}
{"op_code":6,"worker_id":"14ccb1d8-6cd5-4d00-bc76-74a331961dd9-135760465028928","trial_id":110,"state":1,"values":[1255.0700000000002],"datetime_complete":"2026-08-07T13:58:40.448072"}
{"op_code":6,"worker_id":"14ccb1d8-6cd5-4d00-bc76-74a331961dd9-135760465028928","trial_id":111,"state":2,"values":null,"datetime_complete":"2026-08-07T13:58:46.737863"}
{"op_code":6,"worker_id":"14ccb1d8-6cd5-4d00-bc76-74a331961dd9-135760465028928","trial_id":114,"state":2,"values":null,"datetime_complete":"2026-08-07T13:58:59.934441"}
{"op_code":6,"worker_id":"14ccb1d8-6cd5-4d00-bc76-74a331961dd9-135760465028928","trial_id":115,"state":2,"values":null,"datetime_complete":"2026-08-07T13:59:05.878309"}
{"op_code":6,"worker_id":"14ccb1d8-6cd5-4d00-bc76-74a331961dd9-135760465028928","trial_id":116,"state":2,"values":null,"datetime_complete":"2026-08-07T13:59:18.411938"}
{"op_code":6,"worker_id":"14ccb1d8-6cd5-4d00-bc76-74a331961dd9-135760465028928","trial_id":120,"state":1,"values":[945.518],"datetime_complete":"2026-08-07T13:59:44.464997"}
{"op_code":6,"worker_id":"14ccb1d8-6cd5-4d00-bc76-74a331961dd9-135760465028928","trial_id":121,"state":1,"values":[1056.142],"datetime_complete":"2026-08-07T14:00:09.224971"}
{"op_code":6,"worker_id":"14ccb1d8-6cd5-4d00-bc76-74a331961dd9-135760465028928","trial_id":123,"state":1,"values":[1009.6215],"datetime_complete":"2026-08-07T14:00:37.026820"}
{"op_code":6,"worker_id":"14ccb1d8-6cd5-4d00-bc76-74a331961dd9-135760465028928","trial_id":124,"state":2,"values":null,"datetime_complete":"2026-08-07T14:00:49.621332"}
{"op_code":6,"worker_id":"14ccb1d8-6cd5-4d00-bc76-74a331961dd9-135760465028928","trial_id":125,"state":1,"values":[1104.4315],"datetime_complete":"2026-08-07T14:01:14.313908"}
{"op_code":6,"worker_id":"14ccb1d8-6cd5-4d00-bc76-74a331961dd9-135760465028928","trial_id":128,"state":1,"values":[1004.845],"datetime_complete":"2026-08-07T14:05:53.523500"}
{"op_code":6,"worker_id":"14ccb1d8-6cd5-4d00-bc76-74a331961dd9-135760465028928","trial_id":130,"state":2,"values":null,"datetime_complete":"2026-08-07T14:06:00.641298"}
{"op_code":6,"worker_id":"14ccb1d8-6cd5-4d00-bc76-74a331961dd9-135760465028928","trial_id":131,"state":1,"values":[642.063],"datetime_complete":"2026-08-07T14:06:29.034222"}
{"op_code":6,"worker_id":"14ccb1d8-6cd5-4d00-bc76-74a331961dd9-135760465028928","trial_id":133,"state":1,"values":[1069.045],"datetime_complete":"2026-08-07T14:06:55.249120"}
{"op_code":4,"worker_id":"14ccb1d8-6cd5-4d00-bc76-74a331961dd9-135760465028928","study_id":0,"datetime_start":"2026-08-07T14:06:55.251501"}
{"op_code":9,"worker_id":"14ccb1d8-6cd5-4d00-bc76-74a331961dd9-135760465028928","trial_id":134,"system_attr":{"tpe:relative_params:0":"{\"gx\": 1, \"gy\": 2, \"k\": 16, \"m\": 64, \"n\": 32, \"sub\": 64}"}}
{"op_code":5,"worker_id":"14ccb1d8-6cd5-4d00-bc76-74a331961dd9-135760465028928","trial_id":134,"param_name":"m","param_value_internal":2,"distribution":"{\"name\": \"CategoricalDistribution\", \"attributes\": {\"choices\": [16, 32, 64, 128, 256]}}"}
{"op_code":5,"worker_id":"14ccb1d8-6cd5-4d00-bc76-74a331961dd9-135760465028928","trial_id":134,"param_name":"n","param_value_internal":1,"distribution":"{\"name\": \"CategoricalDistribution\", \"attributes\": {\"choices\": [16, 32, 64, 128, 256]}}"}
{"op_code":5,"worker_id":"14ccb1d8-6cd5-4d00-bc76-74a331961dd9-135760465028928","trial_id":134,"param_name":"k","param_value_internal":0,"distribution":"{\"name\": \"CategoricalDistribution\", \"attributes\": {\"choices\": [16, 32, 64, 128]}}"}
{"op_code":5,"worker_id":"14ccb1d8-6cd5-4d00-bc76-74a331961dd9-135760465028928","trial_id":134,"param_name":"gx","param_value_internal":0,"distribution":"{\"name\": \"CategoricalDistribution\", \"attributes\": {\"choices\": [1, 2, 4, 8]}}"}
{"op_code":5,"worker_id":"14ccb1d8-6cd5-4d00-bc76-74a331961dd9-135760465028928","trial_id":134,"param_name":"gy","param_value_internal":1,"distribution":"{\"name\": \"CategoricalDistribution\", \"attributes\": {\"choices\": [1, 2, 4, 8]}}"}
{"op_code":5,"worker_id":"14ccb1d8-6cd5-4d00-bc76-74a331961dd9-135760465028928","trial_id":134,"param_name":"sub","param_value_internal":1,"distribution":"{\"name\": \"CategoricalDistribution\", \"attributes\": {\"choices\": [32, 64]}}"}
{"op_code":6,"worker_id":"14ccb1d8-6cd5-4d00-bc76-74a331961dd9-135760465028928","trial_id":134,"state":2,"values":null,"datetime_complete":"2026-08-07T14:06:55.273065"}
{"op_code":4,"worker_id":"14ccb1d8-6cd5-4d00-bc76-74a331961dd9-135760465028928","study_id":0,"datetime_start":"2026-08-07T14:06:55.275219"}
{"op_code":9,"worker_id":"14ccb1d8-6cd5-4d00-bc76-74a331961dd9-135760465028928","trial_id":135,"system_attr":{"tpe:relative_params:0":"{\"gx\": 2, \"gy\": 4, \"k\": 64, \"m\": 128, \"n\": 32, \"sub\": 64}"}}
{"op_code":5,"worker_id":"14ccb1d8-6cd5-4d00-bc76-74a331961dd9-135760465028928","trial_id":135,"param_name":"m","param_value_internal":3,"distribution":"{\"name\": \"CategoricalDistribution\", \"attributes\": {\"choices\": [16, 32, 64, 128, 256]}}"}
{"op_code":5,"worker_id":"14ccb1d8-6cd5-4d00-bc76-74a331961dd9-135760465028928","trial_id":135,"param_name":"n","param_value_internal":1,"distribution":"{\"name\": \"CategoricalDistribution\", \"attributes\": {\"choices\": [16, 32, 64, 128, 256]}}"}
{"op_code":5,"worker_id":"14ccb1d8-6cd5-4d00-bc76-74a331961dd9-135760465028928","trial_id":135,"param_name":"k","param_value_internal":2,"distribution":"{\"name\": \"CategoricalDistribution\", \"attributes\": {\"choices\": [16, 32, 64, 128]}}"}
{"op_code":5,"worker_id":"14ccb1d8-6cd5-4d00-bc76-74a331961dd9-135760465028928","trial_id":135,"param_name":"gx","param_value_internal":1,"distribution":"{\"name\": \"CategoricalDistribution\", \"attributes\": {\"choices\": [1, 2, 4, 8]}}"}
{"op_code":5,"worker_id":"14ccb1d8-6cd5-4d00-bc76-74a331961dd9-135760465028928","trial_id":135,"param_name":"gy","param_value_internal":2,"distribution":"{\"name\": \"CategoricalDistribution\", \"attributes\": {\"choices\": [1, 2, 4, 8]}}"}
{"op_code":5,"worker_id":"14ccb1d8-6cd5-4d00-bc76-74a331961dd9-135760465028928","trial_id":135,"param_name":"sub","param_value_internal":1,"distribution":"{\"name\": \"CategoricalDistribution\", \"attributes\": {\"choices\": [32, 64]}}"}
{"op_code":6,"worker_id":"14ccb1d8-6cd5-4d00-bc76-74a331961dd9-135760465028928","trial_id":135,"state":2,"values":null,"datetime_complete":"2026-08-07T14:06:55.295562"}
{"op_code":4,"worker_id":"14ccb1d8-6cd5-4d00-bc76-74a331961dd9-135760465028928","study_id":0,"datetime_start":"2026-08-07T14:06:55.297218"}
{"op_code":9,"worker_id":"14ccb1d8-6cd5-4d00-bc76-74a331961dd9-135760465028928","trial_id":136,"system_attr":{"tpe:relative_params:0":"{\"gx\": 4, \"gy\": 4, \"k\": 32, \"m\": 64, \"n\": 128, \"sub\": 32}"}}
{"op_code":5,"worker_id":"14ccb1d8-6cd5-4d00-bc76-74a331961dd9-135760465028928","trial_id":136,"param_name":"m","param_value_internal":2,"distribution":"{\"name\": \"CategoricalDistribution\", \"attributes\": {\"choices\": [16, 32, 64, 128, 256]}}"}
{"op_code":5,"worker_id":"14ccb1d8-6cd5-4d00-bc76-74a331961dd9-135760465028928","trial_id":136,"param_name":"n","param_value_internal":3,"distribution":"{\"name\": \"CategoricalDistribution\", \"attributes\": {\"choices\": [16, 32, 64, 128, 256]}}"}
{"op_code":5,"worker_id":"14ccb1d8-6cd5-4d00-bc76-74a331961dd9-135760465028928","trial_id":136,"param_name":"k","param_value_internal":1,"distribution":"{\"name\": \"CategoricalDistribution\", \"attributes\": {\"choices\": [16, 32, 64, 128]}}"}
{"op_code":5,"worker_id":"14ccb1d8-6cd5-4d00-bc76-74a331961dd9-135760465028928","trial_id":136,"param_name":"gx","param_value_internal":2,"distribution":"{\"name\": \"CategoricalDistribution\", \"attributes\": {\"choices\": [1, 2, 4, 8]}}"}
{"op_code":5,"worker_id":"14ccb1d8-6cd5-4d00-bc76-74a331961dd9-135760465028928","trial_id":136,"param_name":"gy","param_value_internal":2,"distribution":"{\"name\": \"CategoricalDistribution\", \"attributes\": {\"choices\": [1, 2, 4, 8]}}"}
{"op_code":5,"worker_id":"14ccb1d8-6cd5-4d00-bc76-74a331961dd9-135760465028928","trial_id":136,"param_name":"sub","param_value_internal":0,"distribution":"{\"name\": \"CategoricalDistribution\", \"attributes\": {\"choices\": [32, 64]}}"}
{"op_code":6,"worker_id":"14ccb1d8-6cd5-4d00-bc76-74a331961dd9-135760465028928","trial_id":136,"state":2,"values":null,"datetime_complete":"2026-08-07T14:06:55.317864"}
{"op_code":4,"worker_id":"14ccb1d8-6cd5-4d00-bc76-74a331961dd9-135760465028928","study_id":0,"datetime_start":"2026-08-07T14:06:55.319876"}
{"op_code":9,"worker_id":"14ccb1d8-6cd5-4d00-bc76-74a331961dd9-135760465028928","trial_id":137,"system_attr":{"tpe:relative_params:0":"{\"gx\": 2, \"gy\": 2, \"k\": 64, \"m\": 128, \"n\": 64, \"sub\": 64}"}}
{"op_code":5,"worker_id":"14ccb1d8-6cd5-4d00-bc76-74a331961dd9-135760465028928","trial_id":137,"param_name":"m","param_value_internal":3,"distribution":"{\"name\": \"CategoricalDistribution\", \"attributes\": {\"choices\": [16, 32, 64, 128, 256]}}"}
{"op_code":5,"worker_id":"14ccb1d8-6cd5-4d00-bc76-74a331961dd9-135760465028928","trial_id":137,"param_name":"n","param_value_internal":2,"distribution":"{\"name\": \"CategoricalDistribution\", \"attributes\": {\"choices\": [16, 32, 64, 128, 256]}}"}
{"op_code":5,"worker_id":"14ccb1d8-6cd5-4d00-bc76-74a331961dd9-135760465028928","trial_id":137,"param_name":"k","param_value_internal":2,"distribution":"{\"name\": \"CategoricalDistribution\", \"attributes\": {\"choices\": [16, 32, 64, 128]}}"}
{"op_code":5,"worker_id":"14ccb1d8-6cd5-4d00-bc76-74a331961dd9-135760465028928","trial_id":137,"param_name":"gx","param_value_internal":1,"distribution":"{\"name\": \"CategoricalDistribution\", \"attributes\": {\"choices\": [1, 2, 4, 8]}}"}
{"op_code":5,"worker_id":"14ccb1d8-6cd5-4d00-bc76-74a331961dd9-135760465028928","trial_id":137,"param_name":"gy","param_value_internal":1,"distribution":"{\"name\": \"CategoricalDistribution\", \"attributes\": {\"choices\": [1, 2, 4, 8]}}"}
{"op_code":5,"worker_id":"14ccb1d8-6cd5-4d00-bc76-74a331961dd9-135760465028928","trial_id":137,"param_name":"sub","param_value_internal":1,"distribution":"{\"name\": \"CategoricalDistribution\", \"attributes\": {\"choices\": [32, 64]}}"}
{"op_code":8,"worker_id":"14ccb1d8-6cd5-4d00-bc76-74a331961dd9-135760465028928","trial_id":137,"user_attr":{"token":"tsweep_dbuf4_t128x64k64g22s64"}}
{"op_code":4,"worker_id":"14ccb1d8-6cd5-4d00-bc76-74a331961dd9-135760465028928","study_id":0,"datetime_start":"2026-08-07T14:06:55.342574"}
{"op_code":9,"worker_id":"14ccb1d8-6cd5-4d00-bc76-74a331961dd9-135760465028928","trial_id":138,"system_attr":{"tpe:relative_params:0":"{\"gx\": 1, \"gy\": 8, \"k\": 16, \"m\": 128, \"n\": 64, \"sub\": 32}"}}
{"op_code":5,"worker_id":"14ccb1d8-6cd5-4d00-bc76-74a331961dd9-135760465028928","trial_id":138,"param_name":"m","param_value_internal":3,"distribution":"{\"name\": \"CategoricalDistribution\", \"attributes\": {\"choices\": [16, 32, 64, 128, 256]}}"}
{"op_code":5,"worker_id":"14ccb1d8-6cd5-4d00-bc76-74a331961dd9-135760465028928","trial_id":138,"param_name":"n","param_value_internal":2,"distribution":"{\"name\": \"CategoricalDistribution\", \"attributes\": {\"choices\": [16, 32, 64, 128, 256]}}"}
{"op_code":5,"worker_id":"14ccb1d8-6cd5-4d00-bc76-74a331961dd9-135760465028928","trial_id":138,"param_name":"k","param_value_internal":0,"distribution":"{\"name\": \"CategoricalDistribution\", \"attributes\": {\"choices\": [16, 32, 64, 128]}}"}
{"op_code":5,"worker_id":"14ccb1d8-6cd5-4d00-bc76-74a331961dd9-135760465028928","trial_id":138,"param_name":"gx","param_value_internal":0,"distribution":"{\"name\": \"CategoricalDistribution\", \"attributes\": {\"choices\": [1, 2, 4, 8]}}"}
{"op_code":5,"worker_id":"14ccb1d8-6cd5-4d00-bc76-74a331961dd9-135760465028928","trial_id":138,"param_name":"gy","param_value_internal":3,"distribution":"{\"name\": \"CategoricalDistribution\", \"attributes\": {\"choices\": [1, 2, 4, 8]}}"}
{"op_code":5,"worker_id":"14ccb1d8-6cd5-4d00-bc76-74a331961dd9-135760465028928","trial_id":138,"param_name":"sub","param_value_internal":0,"distribution":"{\"name\": \"CategoricalDistribution\", \"attributes\": {\"choices\": [32, 64]}}"}
{"op_code":6,"worker_id":"14ccb1d8-6cd5-4d00-bc76-74a331961dd9-135760465028928","trial_id":138,"state":2,"values":null,"datetime_complete":"2026-08-07T14:06:55.361038"}
{"op_code":4,"worker_id":"14ccb1d8-6cd5-4d00-bc76-74a331961dd9-135760465028928","study_id":0,"datetime_start":"2026-08-07T14:06:55.363146"}
{"op_code":9,"worker_id":"14ccb1d8-6cd5-4d00-bc76-74a331961dd9-135760465028928","trial_id":139,"system_attr":{"tpe:relative_params:0":"{\"gx\": 2, \"gy\": 4, \"k\": 32, \"m\": 128, \"n\": 128, \"sub\": 32}"}}
{"op_code":5,"worker_id":"14ccb1d8-6cd5-4d00-bc76-74a331961dd9-135760465028928","trial_id":139,"param_name":"m","param_value_internal":3,"distribution":"{\"name\": \"CategoricalDistribution\", \"attributes\": {\"choices\": [16, 32, 64, 128, 256]}}"}
{"op_code":5,"worker_id":"14ccb1d8-6cd5-4d00-bc76-74a331961dd9-135760465028928","trial_id":139,"param_name":"n","param_value_internal":3,"distribution":"{\"name\": \"CategoricalDistribution\", \"attributes\": {\"choices\": [16, 32, 64, 128, 256]}}"}
{"op_code":5,"worker_id":"14ccb1d8-6cd5-4d00-bc76-74a331961dd9-135760465028928","trial_id":139,"param_name":"k","param_value_internal":1,"distribution":"{\"name\": \"CategoricalDistribution\", \"attributes\": {\"choices\": [16, 32, 64, 128]}}"}
{"op_code":5,"worker_id":"14ccb1d8-6cd5-4d00-bc76-74a331961dd9-135760465028928","trial_id":139,"param_name":"gx","param_value_internal":1,"distribution":"{\"name\": \"CategoricalDistribution\", \"attributes\": {\"choices\": [1, 2, 4, 8]}}"}
{"op_code":5,"worker_id":"14ccb1d8-6cd5-4d00-bc76-74a331961dd9-135760465028928","trial_id":139,"param_name":"gy","param_value_internal":2,"distribution":"{\"name\": \"CategoricalDistribution\", \"attributes\": {\"choices\": [1, 2, 4, 8]}}"}
{"op_code":5,"worker_id":"14ccb1d8-6cd5-4d00-bc76-74a331961dd9-135760465028928","trial_id":139,"param_name":"sub","param_value_internal":0,"distribution":"{\"name\": \"CategoricalDistribution\", \"attributes\": {\"choices\": [32, 64]}}"}
{"op_code":8,"worker_id":"14ccb1d8-6cd5-4d00-bc76-74a331961dd9-135760465028928","trial_id":139,"user_attr":{"token":"tsweep_dbuf4_t128x128k32g24s32"}}
{"op_code":4,"worker_id":"14ccb1d8-6cd5-4d00-bc76-74a331961dd9-135760465028928","study_id":0,"datetime_start":"2026-08-07T14:06:55.386870"}
{"op_code":9,"worker_id":"14ccb1d8-6cd5-4d00-bc76-74a331961dd9-135760465028928","trial_id":140,"system_attr":{"tpe:relative_params:0":"{\"gx\": 2, \"gy\": 2, \"k\": 64, \"m\": 64, \"n\": 32, \"sub\": 64}"}}
{"op_code":5,"worker_id":"14ccb1d8-6cd5-4d00-bc76-74a331961dd9-135760465028928","trial_id":140,"param_name":"m","param_value_internal":2,"distribution":"{\"name\": \"CategoricalDistribution\", \"attributes\": {\"choices\": [16, 32, 64, 128, 256]}}"}
{"op_code":5,"worker_id":"14ccb1d8-6cd5-4d00-bc76-74a331961dd9-135760465028928","trial_id":140,"param_name":"n","param_value_internal":1,"distribution":"{\"name\": \"CategoricalDistribution\", \"attributes\": {\"choices\": [16, 32, 64, 128, 256]}}"}
{"op_code":5,"worker_id":"14ccb1d8-6cd5-4d00-bc76-74a331961dd9-135760465028928","trial_id":140,"param_name":"k","param_value_internal":2,"distribution":"{\"name\": \"CategoricalDistribution\", \"attributes\": {\"choices\": [16, 32, 64, 128]}}"}
{"op_code":5,"worker_id":"14ccb1d8-6cd5-4d00-bc76-74a331961dd9-135760465028928","trial_id":140,"param_name":"gx","param_value_internal":1,"distribution":"{\"name\": \"CategoricalDistribution\", \"attributes\": {\"choices\": [1, 2, 4, 8]}}"}
{"op_code":5,"worker_id":"14ccb1d8-6cd5-4d00-bc76-74a331961dd9-135760465028928","trial_id":140,"param_name":"gy","param_value_internal":1,"distribution":"{\"name\": \"CategoricalDistribution\", \"attributes\": {\"choices\": [1, 2, 4, 8]}}"}
{"op_code":5,"worker_id":"14ccb1d8-6cd5-4d00-bc76-74a331961dd9-135760465028928","trial_id":140,"param_name":"sub","param_value_internal":1,"distribution":"{\"name\": \"CategoricalDistribution\", \"attributes\": {\"choices\": [32, 64]}}"}
{"op_code":8,"worker_id":"14ccb1d8-6cd5-4d00-bc76-74a331961dd9-135760465028928","trial_id":140,"user_attr":{"token":"tsweep_dbuf4_t64x32k64g22s64"}}
{"op_code":4,"worker_id":"14ccb1d8-6cd5-4d00-bc76-74a331961dd9-135760465028928","study_id":0,"datetime_start":"2026-08-07T14:06:55.409315"}
{"op_code":9,"worker_id":"14ccb1d8-6cd5-4d00-bc76-74a331961dd9-135760465028928","trial_id":141,"system_attr":{"tpe:relative_params:0":"{\"gx\": 4, \"gy\": 8, \"k\": 32, \"m\": 64, \"n\": 128, \"sub\": 64}"}}
{"op_code":5,"worker_id":"14ccb1d8-6cd5-4d00-bc76-74a331961dd9-135760465028928","trial_id":141,"param_name":"m","param_value_internal":2,"distribution":"{\"name\": \"CategoricalDistribution\", \"attributes\": {\"choices\": [16, 32, 64, 128, 256]}}"}
{"op_code":5,"worker_id":"14ccb1d8-6cd5-4d00-bc76-74a331961dd9-135760465028928","trial_id":141,"param_name":"n","param_value_internal":3,"distribution":"{\"name\": \"CategoricalDistribution\", \"attributes\": {\"choices\": [16, 32, 64, 128, 256]}}"}
{"op_code":5,"worker_id":"14ccb1d8-6cd5-4d00-bc76-74a331961dd9-135760465028928","trial_id":141,"param_name":"k","param_value_internal":1,"distribution":"{\"name\": \"CategoricalDistribution\", \"attributes\": {\"choices\": [16, 32, 64, 128]}}"}
{"op_code":5,"worker_id":"14ccb1d8-6cd5-4d00-bc76-74a331961dd9-135760465028928","trial_id":141,"param_name":"gx","param_value_internal":2,"distribution":"{\"name\": \"CategoricalDistribution\", \"attributes\": {\"choices\": [1, 2, 4, 8]}}"}
{"op_code":5,"worker_id":"14ccb1d8-6cd5-4d00-bc76-74a331961dd9-135760465028928","trial_id":141,"param_name":"gy","param_value_internal":3,"distribution":"{\"name\": \"CategoricalDistribution\", \"attributes\": {\"choices\": [1, 2, 4, 8]}}"}
{"op_code":5,"worker_id":"14ccb1d8-6cd5-4d00-bc76-74a331961dd9-135760465028928","trial_id":141,"param_name":"sub","param_value_internal":1,"distribution":"{\"name\": \"CategoricalDistribution\", \"attributes\": {\"choices\": [32, 64]}}"}
{"op_code":6,"worker_id":"14ccb1d8-6cd5-4d00-bc76-74a331961dd9-135760465028928","trial_id":141,"state":2,"values":null,"datetime_complete":"2026-08-07T14:06:55.432915"}
{"op_code":4,"worker_id":"14ccb1d8-6cd5-4d00-bc76-74a331961dd9-135760465028928","study_id":0,"datetime_start":"2026-08-07T14:06:55.436048"}
{"op_code":9,"worker_id":"14ccb1d8-6cd5-4d00-bc76-74a331961dd9-135760465028928","trial_id":142,"system_attr":{"tpe:relative_params:0":"{\"gx\": 2, \"gy\": 8, \"k\": 64, \"m\": 128, \"n\": 32, \"sub\": 32}"}}
{"op_code":5,"worker_id":"14ccb1d8-6cd5-4d00-bc76-74a331961dd9-135760465028928","trial_id":142,"param_name":"m","param_value_internal":3,"distribution":"{\"name\": \"CategoricalDistribution\", \"attributes\": {\"choices\": [16, 32, 64, 128, 256]}}"}
{"op_code":5,"worker_id":"14ccb1d8-6cd5-4d00-bc76-74a331961dd9-135760465028928","trial_id":142,"param_name":"n","param_value_internal":1,"distribution":"{\"name\": \"CategoricalDistribution\", \"attributes\": {\"choices\": [16, 32, 64, 128, 256]}}"}
{"op_code":5,"worker_id":"14ccb1d8-6cd5-4d00-bc76-74a331961dd9-135760465028928","trial_id":142,"param_name":"k","param_value_internal":2,"distribution":"{\"name\": \"CategoricalDistribution\", \"attributes\": {\"choices\": [16, 32, 64, 128]}}"}
{"op_code":5,"worker_id":"14ccb1d8-6cd5-4d00-bc76-74a331961dd9-135760465028928","trial_id":142,"param_name":"gx","param_value_internal":1,"distribution":"{\"name\": \"CategoricalDistribution\", \"attributes\": {\"choices\": [1, 2, 4, 8]}}"}
{"op_code":5,"worker_id":"14ccb1d8-6cd5-4d00-bc76-74a331961dd9-135760465028928","trial_id":142,"param_name":"gy","param_value_internal":3,"distribution":"{\"name\": \"CategoricalDistribution\", \"attributes\": {\"choices\": [1, 2, 4, 8]}}"}
{"op_code":5,"worker_id":"14ccb1d8-6cd5-4d00-bc76-74a331961dd9-135760465028928","trial_id":142,"param_name":"sub","param_value_internal":0,"distribution":"{\"name\": \"CategoricalDistribution\", \"attributes\": {\"choices\": [32, 64]}}"}
{"op_code":8,"worker_id":"14ccb1d8-6cd5-4d00-bc76-74a331961dd9-135760465028928","trial_id":142,"user_attr":{"token":"tsweep_dbuf4_t128x32k64g28s32"}}
{"op_code":4,"worker_id":"14ccb1d8-6cd5-4d00-bc76-74a331961dd9-135760465028928","study_id":0,"datetime_start":"2026-08-07T14:06:55.473526"}
{"op_code":9,"worker_id":"14ccb1d8-6cd5-4d00-bc76-74a331961dd9-135760465028928","trial_id":143,"system_attr":{"tpe:relative_params:0":"{\"gx\": 4, \"gy\": 1, \"k\": 32, \"m\": 128, \"n\": 128, \"sub\": 32}"}}
{"op_code":5,"worker_id":"14ccb1d8-6cd5-4d00-bc76-74a331961dd9-135760465028928","trial_id":143,"param_name":"m","param_value_internal":3,"distribution":"{\"name\": \"CategoricalDistribution\", \"attributes\": {\"choices\": [16, 32, 64, 128, 256]}}"}
{"op_code":5,"worker_id":"14ccb1d8-6cd5-4d00-bc76-74a331961dd9-135760465028928","trial_id":143,"param_name":"n","param_value_internal":3,"distribution":"{\"name\": \"CategoricalDistribution\", \"attributes\": {\"choices\": [16, 32, 64, 128, 256]}}"}
{"op_code":5,"worker_id":"14ccb1d8-6cd5-4d00-bc76-74a331961dd9-135760465028928","trial_id":143,"param_name":"k","param_value_internal":1,"distribution":"{\"name\": \"CategoricalDistribution\", \"attributes\": {\"choices\": [16, 32, 64, 128]}}"}
{"op_code":5,"worker_id":"14ccb1d8-6cd5-4d00-bc76-74a331961dd9-135760465028928","trial_id":143,"param_name":"gx","param_value_internal":2,"distribution":"{\"name\": \"CategoricalDistribution\", \"attributes\": {\"choices\": [1, 2, 4, 8]}}"}
{"op_code":5,"worker_id":"14ccb1d8-6cd5-4d00-bc76-74a331961dd9-135760465028928","trial_id":143,"param_name":"gy","param_value_internal":0,"distribution":"{\"name\": \"CategoricalDistribution\", \"attributes\": {\"choices\": [1, 2, 4, 8]}}"}
{"op_code":5,"worker_id":"14ccb1d8-6cd5-4d00-bc76-74a331961dd9-135760465028928","trial_id":143,"param_name":"sub","param_value_internal":0,"distribution":"{\"name\": \"CategoricalDistribution\", \"attributes\": {\"choices\": [32, 64]}}"}
{"op_code":8,"worker_id":"14ccb1d8-6cd5-4d00-bc76-74a331961dd9-135760465028928","trial_id":143,"user_attr":{"token":"tsweep_dbuf4_t128x128k32g41s32"}}
{"op_code":4,"worker_id":"14ccb1d8-6cd5-4d00-bc76-74a331961dd9-135760465028928","study_id":0,"datetime_start":"2026-08-07T14:06:55.494765"}
{"op_code":9,"worker_id":"14ccb1d8-6cd5-4d00-bc76-74a331961dd9-135760465028928","trial_id":144,"system_attr":{"tpe:relative_params:0":"{\"gx\": 2, \"gy\": 8, \"k\": 128, \"m\": 128, \"n\": 64, \"sub\": 32}"}}
{"op_code":5,"worker_id":"14ccb1d8-6cd5-4d00-bc76-74a331961dd9-135760465028928","trial_id":144,"param_name":"m","param_value_internal":3,"distribution":"{\"name\": \"CategoricalDistribution\", \"attributes\": {\"choices\": [16, 32, 64, 128, 256]}}"}
{"op_code":5,"worker_id":"14ccb1d8-6cd5-4d00-bc76-74a331961dd9-135760465028928","trial_id":144,"param_name":"n","param_value_internal":2,"distribution":"{\"name\": \"CategoricalDistribution\", \"attributes\": {\"choices\": [16, 32, 64, 128, 256]}}"}
{"op_code":5,"worker_id":"14ccb1d8-6cd5-4d00-bc76-74a331961dd9-135760465028928","trial_id":144,"param_name":"k","param_value_internal":3,"distribution":"{\"name\": \"CategoricalDistribution\", \"attributes\": {\"choices\": [16, 32, 64, 128]}}"}
{"op_code":5,"worker_id":"14ccb1d8-6cd5-4d00-bc76-74a331961dd9-135760465028928","trial_id":144,"param_name":"gx","param_value_internal":1,"distribution":"{\"name\": \"CategoricalDistribution\", \"attributes\": {\"choices\": [1, 2, 4, 8]}}"}
{"op_code":5,"worker_id":"14ccb1d8-6cd5-4d00-bc76-74a331961dd9-135760465028928","trial_id":144,"param_name":"gy","param_value_internal":3,"distribution":"{\"name\": \"CategoricalDistribution\", \"attributes\": {\"choices\": [1, 2, 4, 8]}}"}
{"op_code":5,"worker_id":"14ccb1d8-6cd5-4d00-bc76-74a331961dd9-135760465028928","trial_id":144,"param_name":"sub","param_value_internal":0,"distribution":"{\"name\": \"CategoricalDistribution\", \"attributes\": {\"choices\": [32, 64]}}"}
{"op_code":8,"worker_id":"14ccb1d8-6cd5-4d00-bc76-74a331961dd9-135760465028928","trial_id":144,"user_attr":{"token":"tsweep_dbuf4_t128x64k128g28s32"}}
{"op_code":4,"worker_id":"14ccb1d8-6cd5-4d00-bc76-74a331961dd9-135760465028928","study_id":0,"datetime_start":"2026-08-07T14:06:55.513451"}
{"op_code":9,"worker_id":"14ccb1d8-6cd5-4d00-bc76-74a331961dd9-135760465028928","trial_id":145,"system_attr":{"tpe:relative_params:0":"{\"gx\": 2, \"gy\": 8, \"k\": 64, \"m\": 16, \"n\": 32, \"sub\": 64}"}}
{"op_code":5,"worker_id":"14ccb1d8-6cd5-4d00-bc76-74a331961dd9-135760465028928","trial_id":145,"param_name":"m","param_value_internal":0,"distribution":"{\"name\": \"CategoricalDistribution\", \"attributes\": {\"choices\": [16, 32, 64, 128, 256]}}"}
{"op_code":5,"worker_id":"14ccb1d8-6cd5-4d00-bc76-74a331961dd9-135760465028928","trial_id":145,"param_name":"n","param_value_internal":1,"distribution":"{\"name\": \"CategoricalDistribution\", \"attributes\": {\"choices\": [16, 32, 64, 128, 256]}}"}
{"op_code":5,"worker_id":"14ccb1d8-6cd5-4d00-bc76-74a331961dd9-135760465028928","trial_id":145,"param_name":"k","param_value_internal":2,"distribution":"{\"name\": \"CategoricalDistribution\", \"attributes\": {\"choices\": [16, 32, 64, 128]}}"}
{"op_code":5,"worker_id":"14ccb1d8-6cd5-4d00-bc76-74a331961dd9-135760465028928","trial_id":145,"param_name":"gx","param_value_internal":1,"distribution":"{\"name\": \"CategoricalDistribution\", \"attributes\": {\"choices\": [1, 2, 4, 8]}}"}
{"op_code":5,"worker_id":"14ccb1d8-6cd5-4d00-bc76-74a331961dd9-135760465028928","trial_id":145,"param_name":"gy","param_value_internal":3,"distribution":"{\"name\": \"CategoricalDistribution\", \"attributes\": {\"choices\": [1, 2, 4, 8]}}"}
{"op_code":5,"worker_id":"14ccb1d8-6cd5-4d00-bc76-74a331961dd9-135760465028928","trial_id":145,"param_name":"sub","param_value_internal":1,"distribution":"{\"name\": \"CategoricalDistribution\", \"attributes\": {\"choices\": [32, 64]}}"}
{"op_code":6,"worker_id":"14ccb1d8-6cd5-4d00-bc76-74a331961dd9-135760465028928","trial_id":145,"state":2,"values":null,"datetime_complete":"2026-08-07T14:06:55.538386"}
{"op_code":4,"worker_id":"14ccb1d8-6cd5-4d00-bc76-74a331961dd9-135760465028928","study_id":0,"datetime_start":"2026-08-07T14:06:55.540139"}
{"op_code":9,"worker_id":"14ccb1d8-6cd5-4d00-bc76-74a331961dd9-135760465028928","trial_id":146,"system_attr":{"tpe:relative_params:0":"{\"gx\": 1, \"gy\": 1, \"k\": 16, \"m\": 256, \"n\": 32, \"sub\": 32}"}}
{"op_code":5,"worker_id":"14ccb1d8-6cd5-4d00-bc76-74a331961dd9-135760465028928","trial_id":146,"param_name":"m","param_value_internal":4,"distribution":"{\"name\": \"CategoricalDistribution\", \"attributes\": {\"choices\": [16, 32, 64, 128, 256]}}"}
{"op_code":5,"worker_id":"14ccb1d8-6cd5-4d00-bc76-74a331961dd9-135760465028928","trial_id":146,"param_name":"n","param_value_internal":1,"distribution":"{\"name\": \"CategoricalDistribution\", \"attributes\": {\"choices\": [16, 32, 64, 128, 256]}}"}
{"op_code":5,"worker_id":"14ccb1d8-6cd5-4d00-bc76-74a331961dd9-135760465028928","trial_id":146,"param_name":"k","param_value_internal":0,"distribution":"{\"name\": \"CategoricalDistribution\", \"attributes\": {\"choices\": [16, 32, 64, 128]}}"}
{"op_code":5,"worker_id":"14ccb1d8-6cd5-4d00-bc76-74a331961dd9-135760465028928","trial_id":146,"param_name":"gx","param_value_internal":0,"distribution":"{\"name\": \"CategoricalDistribution\", \"attributes\": {\"choices\": [1, 2, 4, 8]}}"}
{"op_code":5,"worker_id":"14ccb1d8-6cd5-4d00-bc76-74a331961dd9-135760465028928","trial_id":146,"param_name":"gy","param_value_internal":0,"distribution":"{\"name\": \"CategoricalDistribution\", \"attributes\": {\"choices\": [1, 2, 4, 8]}}"}
{"op_code":5,"worker_id":"14ccb1d8-6cd5-4d00-bc76-74a331961dd9-135760465028928","trial_id":146,"param_name":"sub","param_value_internal":0,"distribution":"{\"name\": \"CategoricalDistribution\", \"attributes\": {\"choices\": [32, 64]}}"}
{"op_code":8,"worker_id":"14ccb1d8-6cd5-4d00-bc76-74a331961dd9-135760465028928","trial_id":146,"user_attr":{"token":"tsweep_dbuf4_t256x32k16g11s32"}}
{"op_code":4,"worker_id":"14ccb1d8-6cd5-4d00-bc76-74a331961dd9-135760465028928","study_id":0,"datetime_start":"2026-08-07T14:06:55.565139"}
{"op_code":9,"worker_id":"14ccb1d8-6cd5-4d00-bc76-74a331961dd9-135760465028928","trial_id":147,"system_attr":{"tpe:relative_params:0":"{\"gx\": 4, \"gy\": 4, \"k\": 64, \"m\": 64, \"n\": 128, \"sub\": 64}"}}
{"op_code":5,"worker_id":"14ccb1d8-6cd5-4d00-bc76-74a331961dd9-135760465028928","trial_id":147,"param_name":"m","param_value_internal":2,"distribution":"{\"name\": \"CategoricalDistribution\", \"attributes\": {\"choices\": [16, 32, 64, 128, 256]}}"}
{"op_code":5,"worker_id":"14ccb1d8-6cd5-4d00-bc76-74a331961dd9-135760465028928","trial_id":147,"param_name":"n","param_value_internal":3,"distribution":"{\"name\": \"CategoricalDistribution\", \"attributes\": {\"choices\": [16, 32, 64, 128, 256]}}"}
{"op_code":5,"worker_id":"14ccb1d8-6cd5-4d00-bc76-74a331961dd9-135760465028928","trial_id":147,"param_name":"k","param_value_internal":2,"distribution":"{\"name\": \"CategoricalDistribution\", \"attributes\": {\"choices\": [16, 32, 64, 128]}}"}
{"op_code":5,"worker_id":"14ccb1d8-6cd5-4d00-bc76-74a331961dd9-135760465028928","trial_id":147,"param_name":"gx","param_value_internal":2,"distribution":"{\"name\": \"CategoricalDistribution\", \"attributes\": {\"choices\": [1, 2, 4, 8]}}"}
{"op_code":5,"worker_id":"14ccb1d8-6cd5-4d00-bc76-74a331961dd9-135760465028928","trial_id":147,"param_name":"gy","param_value_internal":2,"distribution":"{\"name\": \"CategoricalDistribution\", \"attributes\": {\"choices\": [1, 2, 4, 8]}}"}
{"op_code":5,"worker_id":"14ccb1d8-6cd5-4d00-bc76-74a331961dd9-135760465028928","trial_id":147,"param_name":"sub","param_value_internal":1,"distribution":"{\"name\": \"CategoricalDistribution\", \"attributes\": {\"choices\": [32, 64]}}"}
{"op_code":8,"worker_id":"14ccb1d8-6cd5-4d00-bc76-74a331961dd9-135760465028928","trial_id":147,"user_attr":{"token":"tsweep_dbuf4_t64x128k64g44s64"}}
{"op_code":4,"worker_id":"14ccb1d8-6cd5-4d00-bc76-74a331961dd9-135760465028928","study_id":0,"datetime_start":"2026-08-07T14:06:55.614181"}
{"op_code":9,"worker_id":"14ccb1d8-6cd5-4d00-bc76-74a331961dd9-135760465028928","trial_id":148,"system_attr":{"tpe:relative_params:0":"{\"gx\": 1, \"gy\": 4, \"k\": 16, \"m\": 128, \"n\": 64, \"sub\": 32}"}}
{"op_code":5,"worker_id":"14ccb1d8-6cd5-4d00-bc76-74a331961dd9-135760465028928","trial_id":148,"param_name":"m","param_value_internal":3,"distribution":"{\"name\": \"CategoricalDistribution\", \"attributes\": {\"choices\": [16, 32, 64, 128, 256]}}"}
{"op_code":5,"worker_id":"14ccb1d8-6cd5-4d00-bc76-74a331961dd9-135760465028928","trial_id":148,"param_name":"n","param_value_internal":2,"distribution":"{\"name\": \"CategoricalDistribution\", \"attributes\": {\"choices\": [16, 32, 64, 128, 256]}}"}
{"op_code":5,"worker_id":"14ccb1d8-6cd5-4d00-bc76-74a331961dd9-135760465028928","trial_id":148,"param_name":"k","param_value_internal":0,"distribution":"{\"name\": \"CategoricalDistribution\", \"attributes\": {\"choices\": [16, 32, 64, 128]}}"}
{"op_code":5,"worker_id":"14ccb1d8-6cd5-4d00-bc76-74a331961dd9-135760465028928","trial_id":148,"param_name":"gx","param_value_internal":0,"distribution":"{\"name\": \"CategoricalDistribution\", \"attributes\": {\"choices\": [1, 2, 4, 8]}}"}
{"op_code":5,"worker_id":"14ccb1d8-6cd5-4d00-bc76-74a331961dd9-135760465028928","trial_id":148,"param_name":"gy","param_value_internal":2,"distribution":"{\"name\": \"CategoricalDistribution\", \"attributes\": {\"choices\": [1, 2, 4, 8]}}"}
{"op_code":5,"worker_id":"14ccb1d8-6cd5-4d00-bc76-74a331961dd9-135760465028928","trial_id":148,"param_name":"sub","param_value_internal":0,"distribution":"{\"name\": \"CategoricalDistribution\", \"attributes\": {\"choices\": [32, 64]}}"}
{"op_code":8,"worker_id":"14ccb1d8-6cd5-4d00-bc76-74a331961dd9-135760465028928","trial_id":148,"user_attr":{"token":"tsweep_dbuf4_t128x64k16g14s32"}}
{"op_code":4,"worker_id":"14ccb1d8-6cd5-4d00-bc76-74a331961dd9-135760465028928","study_id":0,"datetime_start":"2026-08-07T14:06:55.633629"}
{"op_code":9,"worker_id":"14ccb1d8-6cd5-4d00-bc76-74a331961dd9-135760465028928","trial_id":149,"system_attr":{"tpe:relative_params:0":"{\"gx\": 1, \"gy\": 2, \"k\": 64, \"m\": 128, \"n\": 16, \"sub\": 64}"}}
{"op_code":5,"worker_id":"14ccb1d8-6cd5-4d00-bc76-74a331961dd9-135760465028928","trial_id":149,"param_name":"m","param_value_internal":3,"distribution":"{\"name\": \"CategoricalDistribution\", \"attributes\": {\"choices\": [16, 32, 64, 128, 256]}}"}
{"op_code":5,"worker_id":"14ccb1d8-6cd5-4d00-bc76-74a331961dd9-135760465028928","trial_id":149,"param_name":"n","param_value_internal":0,"distribution":"{\"name\": \"CategoricalDistribution\", \"attributes\": {\"choices\": [16, 32, 64, 128, 256]}}"}
{"op_code":5,"worker_id":"14ccb1d8-6cd5-4d00-bc76-74a331961dd9-135760465028928","trial_id":149,"param_name":"k","param_value_internal":2,"distribution":"{\"name\": \"CategoricalDistribution\", \"attributes\": {\"choices\": [16, 32, 64, 128]}}"}
{"op_code":5,"worker_id":"14ccb1d8-6cd5-4d00-bc76-74a331961dd9-135760465028928","trial_id":149,"param_name":"gx","param_value_internal":0,"distribution":"{\"name\": \"CategoricalDistribution\", \"attributes\": {\"choices\": [1, 2, 4, 8]}}"}
{"op_code":5,"worker_id":"14ccb1d8-6cd5-4d00-bc76-74a331961dd9-135760465028928","trial_id":149,"param_name":"gy","param_value_internal":1,"distribution":"{\"name\": \"CategoricalDistribution\", \"attributes\": {\"choices\": [1, 2, 4, 8]}}"}
{"op_code":5,"worker_id":"14ccb1d8-6cd5-4d00-bc76-74a331961dd9-135760465028928","trial_id":149,"param_name":"sub","param_value_internal":1,"distribution":"{\"name\": \"CategoricalDistribution\", \"attributes\": {\"choices\": [32, 64]}}"}
{"op_code":8,"worker_id":"14ccb1d8-6cd5-4d00-bc76-74a331961dd9-135760465028928","trial_id":149,"user_attr":{"token":"tsweep_dbuf4_t128x16k64g12s64"}}
{"op_code":4,"worker_id":"14ccb1d8-6cd5-4d00-bc76-74a331961dd9-135760465028928","study_id":0,"datetime_start":"2026-08-07T14:06:55.655504"}
{"op_code":9,"worker_id":"14ccb1d8-6cd5-4d00-bc76-74a331961dd9-135760465028928","trial_id":150,"system_attr":{"tpe:relative_params:0":"{\"gx\": 2, \"gy\": 1, \"k\": 16, \"m\": 128, \"n\": 64, \"sub\": 32}"}}
{"op_code":5,"worker_id":"14ccb1d8-6cd5-4d00-bc76-74a331961dd9-135760465028928","trial_id":150,"param_name":"m","param_value_internal":3,"distribution":"{\"name\": \"CategoricalDistribution\", \"attributes\": {\"choices\": [16, 32, 64, 128, 256]}}"}
{"op_code":5,"worker_id":"14ccb1d8-6cd5-4d00-bc76-74a331961dd9-135760465028928","trial_id":150,"param_name":"n","param_value_internal":2,"distribution":"{\"name\": \"CategoricalDistribution\", \"attributes\": {\"choices\": [16, 32, 64, 128, 256]}}"}
{"op_code":5,"worker_id":"14ccb1d8-6cd5-4d00-bc76-74a331961dd9-135760465028928","trial_id":150,"param_name":"k","param_value_internal":0,"distribution":"{\"name\": \"CategoricalDistribution\", \"attributes\": {\"choices\": [16, 32, 64, 128]}}"}
{"op_code":5,"worker_id":"14ccb1d8-6cd5-4d00-bc76-74a331961dd9-135760465028928","trial_id":150,"param_name":"gx","param_value_internal":1,"distribution":"{\"name\": \"CategoricalDistribution\", \"attributes\": {\"choices\": [1, 2, 4, 8]}}"}
{"op_code":5,"worker_id":"14ccb1d8-6cd5-4d00-bc76-74a331961dd9-135760465028928","trial_id":150,"param_name":"gy","param_value_internal":0,"distribution":"{\"name\": \"CategoricalDistribution\", \"attributes\": {\"choices\": [1, 2, 4, 8]}}"}
{"op_code":5,"worker_id":"14ccb1d8-6cd5-4d00-bc76-74a331961dd9-135760465028928","trial_id":150,"param_name":"sub","param_value_internal":0,"distribution":"{\"name\": \"CategoricalDistribution\", \"attributes\": {\"choices\": [32, 64]}}"}
{"op_code":8,"worker_id":"14ccb1d8-6cd5-4d00-bc76-74a331961dd9-135760465028928","trial_id":150,"user_attr":{"token":"tsweep_dbuf4_t128x64k16g21s32"}}
{"op_code":4,"worker_id":"14ccb1d8-6cd5-4d00-bc76-74a331961dd9-135760465028928","study_id":0,"datetime_start":"2026-08-07T14:06:55.677913"}
{"op_code":9,"worker_id":"14ccb1d8-6cd5-4d00-bc76-74a331961dd9-135760465028928","trial_id":151,"system_attr":{"tpe:relative_params:0":"{\"gx\": 2, \"gy\": 4, \"k\": 16, \"m\": 128, \"n\": 32, \"sub\": 64}"}}
{"op_code":5,"worker_id":"14ccb1d8-6cd5-4d00-bc76-74a331961dd9-135760465028928","trial_id":151,"param_name":"m","param_value_internal":3,"distribution":"{\"name\": \"CategoricalDistribution\", \"attributes\": {\"choices\": [16, 32, 64, 128, 256]}}"}
{"op_code":5,"worker_id":"14ccb1d8-6cd5-4d00-bc76-74a331961dd9-135760465028928","trial_id":151,"param_name":"n","param_value_internal":1,"distribution":"{\"name\": \"CategoricalDistribution\", \"attributes\": {\"choices\": [16, 32, 64, 128, 256]}}"}
{"op_code":5,"worker_id":"14ccb1d8-6cd5-4d00-bc76-74a331961dd9-135760465028928","trial_id":151,"param_name":"k","param_value_internal":0,"distribution":"{\"name\": \"CategoricalDistribution\", \"attributes\": {\"choices\": [16, 32, 64, 128]}}"}
{"op_code":5,"worker_id":"14ccb1d8-6cd5-4d00-bc76-74a331961dd9-135760465028928","trial_id":151,"param_name":"gx","param_value_internal":1,"distribution":"{\"name\": \"CategoricalDistribution\", \"attributes\": {\"choices\": [1, 2, 4, 8]}}"}
{"op_code":5,"worker_id":"14ccb1d8-6cd5-4d00-bc76-74a331961dd9-135760465028928","trial_id":151,"param_name":"gy","param_value_internal":2,"distribution":"{\"name\": \"CategoricalDistribution\", \"attributes\": {\"choices\": [1, 2, 4, 8]}}"}
{"op_code":5,"worker_id":"14ccb1d8-6cd5-4d00-bc76-74a331961dd9-135760465028928","trial_id":151,"param_name":"sub","param_value_internal":1,"distribution":"{\"name\": \"CategoricalDistribution\", \"attributes\": {\"choices\": [32, 64]}}"}
{"op_code":6,"worker_id":"14ccb1d8-6cd5-4d00-bc76-74a331961dd9-135760465028928","trial_id":151,"state":2,"values":null,"datetime_complete":"2026-08-07T14:06:55.697868"}
{"op_code":4,"worker_id":"14ccb1d8-6cd5-4d00-bc76-74a331961dd9-135760465028928","study_id":0,"datetime_start":"2026-08-07T14:06:55.699550"}
{"op_code":9,"worker_id":"14ccb1d8-6cd5-4d00-bc76-74a331961dd9-135760465028928","trial_id":152,"system_attr":{"tpe:relative_params:0":"{\"gx\": 1, \"gy\": 8, \"k\": 32, \"m\": 128, \"n\": 128, \"sub\": 32}"}}
{"op_code":5,"worker_id":"14ccb1d8-6cd5-4d00-bc76-74a331961dd9-135760465028928","trial_id":152,"param_name":"m","param_value_internal":3,"distribution":"{\"name\": \"CategoricalDistribution\", \"attributes\": {\"choices\": [16, 32, 64, 128, 256]}}"}
{"op_code":5,"worker_id":"14ccb1d8-6cd5-4d00-bc76-74a331961dd9-135760465028928","trial_id":152,"param_name":"n","param_value_internal":3,"distribution":"{\"name\": \"CategoricalDistribution\", \"attributes\": {\"choices\": [16, 32, 64, 128, 256]}}"}
{"op_code":5,"worker_id":"14ccb1d8-6cd5-4d00-bc76-74a331961dd9-135760465028928","trial_id":152,"param_name":"k","param_value_internal":1,"distribution":"{\"name\": \"CategoricalDistribution\", \"attributes\": {\"choices\": [16, 32, 64, 128]}}"}
{"op_code":5,"worker_id":"14ccb1d8-6cd5-4d00-bc76-74a331961dd9-135760465028928","trial_id":152,"param_name":"gx","param_value_internal":0,"distribution":"{\"name\": \"CategoricalDistribution\", \"attributes\": {\"choices\": [1, 2, 4, 8]}}"}
{"op_code":5,"worker_id":"14ccb1d8-6cd5-4d00-bc76-74a331961dd9-135760465028928","trial_id":152,"param_name":"gy","param_value_internal":3,"distribution":"{\"name\": \"CategoricalDistribution\", \"attributes\": {\"choices\": [1, 2, 4, 8]}}"}
{"op_code":5,"worker_id":"14ccb1d8-6cd5-4d00-bc76-74a331961dd9-135760465028928","trial_id":152,"param_name":"sub","param_value_internal":0,"distribution":"{\"name\": \"CategoricalDistribution\", \"attributes\": {\"choices\": [32, 64]}}"}
{"op_code":8,"worker_id":"14ccb1d8-6cd5-4d00-bc76-74a331961dd9-135760465028928","trial_id":152,"user_attr":{"token":"tsweep_dbuf4_t128x128k32g18s32"}}
{"op_code":4,"worker_id":"14ccb1d8-6cd5-4d00-bc76-74a331961dd9-135760465028928","study_id":0,"datetime_start":"2026-08-07T14:06:55.717486"}
{"op_code":9,"worker_id":"14ccb1d8-6cd5-4d00-bc76-74a331961dd9-135760465028928","trial_id":153,"system_attr":{"tpe:relative_params:0":"{\"gx\": 2, \"gy\": 4, \"k\": 64, \"m\": 128, \"n\": 128, \"sub\": 64}"}}
{"op_code":5,"worker_id":"14ccb1d8-6cd5-4d00-bc76-74a331961dd9-135760465028928","trial_id":153,"param_name":"m","param_value_internal":3,"distribution":"{\"name\": \"CategoricalDistribution\", \"attributes\": {\"choices\": [16, 32, 64, 128, 256]}}"}
{"op_code":5,"worker_id":"14ccb1d8-6cd5-4d00-bc76-74a331961dd9-135760465028928","trial_id":153,"param_name":"n","param_value_internal":3,"distribution":"{\"name\": \"CategoricalDistribution\", \"attributes\": {\"choices\": [16, 32, 64, 128, 256]}}"}
{"op_code":5,"worker_id":"14ccb1d8-6cd5-4d00-bc76-74a331961dd9-135760465028928","trial_id":153,"param_name":"k","param_value_internal":2,"distribution":"{\"name\": \"CategoricalDistribution\", \"attributes\": {\"choices\": [16, 32, 64, 128]}}"}
{"op_code":5,"worker_id":"14ccb1d8-6cd5-4d00-bc76-74a331961dd9-135760465028928","trial_id":153,"param_name":"gx","param_value_internal":1,"distribution":"{\"name\": \"CategoricalDistribution\", \"attributes\": {\"choices\": [1, 2, 4, 8]}}"}
{"op_code":5,"worker_id":"14ccb1d8-6cd5-4d00-bc76-74a331961dd9-135760465028928","trial_id":153,"param_name":"gy","param_value_internal":2,"distribution":"{\"name\": \"CategoricalDistribution\", \"attributes\": {\"choices\": [1, 2, 4, 8]}}"}
{"op_code":5,"worker_id":"14ccb1d8-6cd5-4d00-bc76-74a331961dd9-135760465028928","trial_id":153,"param_name":"sub","param_value_internal":1,"distribution":"{\"name\": \"CategoricalDistribution\", \"attributes\": {\"choices\": [32, 64]}}"}
{"op_code":8,"worker_id":"14ccb1d8-6cd5-4d00-bc76-74a331961dd9-135760465028928","trial_id":153,"user_attr":{"token":"tsweep_dbuf4_t128x128k64g24s64"}}
{"op_code":4,"worker_id":"14ccb1d8-6cd5-4d00-bc76-74a331961dd9-135760465028928","study_id":0,"datetime_start":"2026-08-07T14:06:55.733844"}
{"op_code":9,"worker_id":"14ccb1d8-6cd5-4d00-bc76-74a331961dd9-135760465028928","trial_id":154,"system_attr":{"tpe:relative_params:0":"{\"gx\": 4, \"gy\": 2, \"k\": 32, \"m\": 64, \"n\": 128, \"sub\": 32}"}}
{"op_code":5,"worker_id":"14ccb1d8-6cd5-4d00-bc76-74a331961dd9-135760465028928","trial_id":154,"param_name":"m","param_value_internal":2,"distribution":"{\"name\": \"CategoricalDistribution\", \"attributes\": {\"choices\": [16, 32, 64, 128, 256]}}"}
{"op_code":5,"worker_id":"14ccb1d8-6cd5-4d00-bc76-74a331961dd9-135760465028928","trial_id":154,"param_name":"n","param_value_internal":3,"distribution":"{\"name\": \"CategoricalDistribution\", \"attributes\": {\"choices\": [16, 32, 64, 128, 256]}}"}
{"op_code":5,"worker_id":"14ccb1d8-6cd5-4d00-bc76-74a331961dd9-135760465028928","trial_id":154,"param_name":"k","param_value_internal":1,"distribution":"{\"name\": \"CategoricalDistribution\", \"attributes\": {\"choices\": [16, 32, 64, 128]}}"}
{"op_code":5,"worker_id":"14ccb1d8-6cd5-4d00-bc76-74a331961dd9-135760465028928","trial_id":154,"param_name":"gx","param_value_internal":2,"distribution":"{\"name\": \"CategoricalDistribution\", \"attributes\": {\"choices\": [1, 2, 4, 8]}}"}
{"op_code":5,"worker_id":"14ccb1d8-6cd5-4d00-bc76-74a331961dd9-135760465028928","trial_id":154,"param_name":"gy","param_value_internal":1,"distribution":"{\"name\": \"CategoricalDistribution\", \"attributes\": {\"choices\": [1, 2, 4, 8]}}"}
{"op_code":5,"worker_id":"14ccb1d8-6cd5-4d00-bc76-74a331961dd9-135760465028928","trial_id":154,"param_name":"sub","param_value_internal":0,"distribution":"{\"name\": \"CategoricalDistribution\", \"attributes\": {\"choices\": [32, 64]}}"}
{"op_code":8,"worker_id":"14ccb1d8-6cd5-4d00-bc76-74a331961dd9-135760465028928","trial_id":154,"user_attr":{"token":"tsweep_dbuf4_t64x128k32g42s32"}}
{"op_code":4,"worker_id":"14ccb1d8-6cd5-4d00-bc76-74a331961dd9-135760465028928","study_id":0,"datetime_start":"2026-08-07T14:06:55.751366"}
{"op_code":9,"worker_id":"14ccb1d8-6cd5-4d00-bc76-74a331961dd9-135760465028928","trial_id":155,"system_attr":{"tpe:relative_params:0":"{\"gx\": 4, \"gy\": 4, \"k\": 32, \"m\": 16, \"n\": 128, \"sub\": 32}"}}
{"op_code":5,"worker_id":"14ccb1d8-6cd5-4d00-bc76-74a331961dd9-135760465028928","trial_id":155,"param_name":"m","param_value_internal":0,"distribution":"{\"name\": \"CategoricalDistribution\", \"attributes\": {\"choices\": [16, 32, 64, 128, 256]}}"}
{"op_code":5,"worker_id":"14ccb1d8-6cd5-4d00-bc76-74a331961dd9-135760465028928","trial_id":155,"param_name":"n","param_value_internal":3,"distribution":"{\"name\": \"CategoricalDistribution\", \"attributes\": {\"choices\": [16, 32, 64, 128, 256]}}"}
{"op_code":5,"worker_id":"14ccb1d8-6cd5-4d00-bc76-74a331961dd9-135760465028928","trial_id":155,"param_name":"k","param_value_internal":1,"distribution":"{\"name\": \"CategoricalDistribution\", \"attributes\": {\"choices\": [16, 32, 64, 128]}}"}
{"op_code":5,"worker_id":"14ccb1d8-6cd5-4d00-bc76-74a331961dd9-135760465028928","trial_id":155,"param_name":"gx","param_value_internal":2,"distribution":"{\"name\": \"CategoricalDistribution\", \"attributes\": {\"choices\": [1, 2, 4, 8]}}"}
{"op_code":5,"worker_id":"14ccb1d8-6cd5-4d00-bc76-74a331961dd9-135760465028928","trial_id":155,"param_name":"gy","param_value_internal":2,"distribution":"{\"name\": \"CategoricalDistribution\", \"attributes\": {\"choices\": [1, 2, 4, 8]}}"}
{"op_code":5,"worker_id":"14ccb1d8-6cd5-4d00-bc76-74a331961dd9-135760465028928","trial_id":155,"param_name":"sub","param_value_internal":0,"distribution":"{\"name\": \"CategoricalDistribution\", \"attributes\": {\"choices\": [32, 64]}}"}
{"op_code":6,"worker_id":"14ccb1d8-6cd5-4d00-bc76-74a331961dd9-135760465028928","trial_id":155,"state":2,"values":null,"datetime_complete":"2026-08-07T14:06:55.771918"}
{"op_code":4,"worker_id":"14ccb1d8-6cd5-4d00-bc76-74a331961dd9-135760465028928","study_id":0,"datetime_start":"2026-08-07T14:06:55.773810"}
{"op_code":9,"worker_id":"14ccb1d8-6cd5-4d00-bc76-74a331961dd9-135760465028928","trial_id":156,"system_attr":{"tpe:relative_params:0":"{\"gx\": 1, \"gy\": 8, \"k\": 128, \"m\": 128, \"n\": 64, \"sub\": 64}"}}
{"op_code":5,"worker_id":"14ccb1d8-6cd5-4d00-bc76-74a331961dd9-135760465028928","trial_id":156,"param_name":"m","param_value_internal":3,"distribution":"{\"name\": \"CategoricalDistribution\", \"attributes\": {\"choices\": [16, 32, 64, 128, 256]}}"}
{"op_code":5,"worker_id":"14ccb1d8-6cd5-4d00-bc76-74a331961dd9-135760465028928","trial_id":156,"param_name":"n","param_value_internal":2,"distribution":"{\"name\": \"CategoricalDistribution\", \"attributes\": {\"choices\": [16, 32, 64, 128, 256]}}"}
{"op_code":5,"worker_id":"14ccb1d8-6cd5-4d00-bc76-74a331961dd9-135760465028928","trial_id":156,"param_name":"k","param_value_internal":3,"distribution":"{\"name\": \"CategoricalDistribution\", \"attributes\": {\"choices\": [16, 32, 64, 128]}}"}
{"op_code":5,"worker_id":"14ccb1d8-6cd5-4d00-bc76-74a331961dd9-135760465028928","trial_id":156,"param_name":"gx","param_value_internal":0,"distribution":"{\"name\": \"CategoricalDistribution\", \"attributes\": {\"choices\": [1, 2, 4, 8]}}"}
{"op_code":5,"worker_id":"14ccb1d8-6cd5-4d00-bc76-74a331961dd9-135760465028928","trial_id":156,"param_name":"gy","param_value_internal":3,"distribution":"{\"name\": \"CategoricalDistribution\", \"attributes\": {\"choices\": [1, 2, 4, 8]}}"}
{"op_code":5,"worker_id":"14ccb1d8-6cd5-4d00-bc76-74a331961dd9-135760465028928","trial_id":156,"param_name":"sub","param_value_internal":1,"distribution":"{\"name\": \"CategoricalDistribution\", \"attributes\": {\"choices\": [32, 64]}}"}
{"op_code":8,"worker_id":"14ccb1d8-6cd5-4d00-bc76-74a331961dd9-135760465028928","trial_id":156,"user_attr":{"token":"tsweep_dbuf4_t128x64k128g18s64"}}
{"op_code":4,"worker_id":"14ccb1d8-6cd5-4d00-bc76-74a331961dd9-135760465028928","study_id":0,"datetime_start":"2026-08-07T14:06:55.795828"}
{"op_code":9,"worker_id":"14ccb1d8-6cd5-4d00-bc76-74a331961dd9-135760465028928","trial_id":157,"system_attr":{"tpe:relative_params:0":"{\"gx\": 1, \"gy\": 2, \"k\": 16, \"m\": 64, \"n\": 16, \"sub\": 64}"}}
{"op_code":5,"worker_id":"14ccb1d8-6cd5-4d00-bc76-74a331961dd9-135760465028928","trial_id":157,"param_name":"m","param_value_internal":2,"distribution":"{\"name\": \"CategoricalDistribution\", \"attributes\": {\"choices\": [16, 32, 64, 128, 256]}}"}
{"op_code":5,"worker_id":"14ccb1d8-6cd5-4d00-bc76-74a331961dd9-135760465028928","trial_id":157,"param_name":"n","param_value_internal":0,"distribution":"{\"name\": \"CategoricalDistribution\", \"attributes\": {\"choices\": [16, 32, 64, 128, 256]}}"}
{"op_code":5,"worker_id":"14ccb1d8-6cd5-4d00-bc76-74a331961dd9-135760465028928","trial_id":157,"param_name":"k","param_value_internal":0,"distribution":"{\"name\": \"CategoricalDistribution\", \"attributes\": {\"choices\": [16, 32, 64, 128]}}"}
{"op_code":5,"worker_id":"14ccb1d8-6cd5-4d00-bc76-74a331961dd9-135760465028928","trial_id":157,"param_name":"gx","param_value_internal":0,"distribution":"{\"name\": \"CategoricalDistribution\", \"attributes\": {\"choices\": [1, 2, 4, 8]}}"}
{"op_code":5,"worker_id":"14ccb1d8-6cd5-4d00-bc76-74a331961dd9-135760465028928","trial_id":157,"param_name":"gy","param_value_internal":1,"distribution":"{\"name\": \"CategoricalDistribution\", \"attributes\": {\"choices\": [1, 2, 4, 8]}}"}
{"op_code":5,"worker_id":"14ccb1d8-6cd5-4d00-bc76-74a331961dd9-135760465028928","trial_id":157,"param_name":"sub","param_value_internal":1,"distribution":"{\"name\": \"CategoricalDistribution\", \"attributes\": {\"choices\": [32, 64]}}"}
{"op_code":6,"worker_id":"14ccb1d8-6cd5-4d00-bc76-74a331961dd9-135760465028928","trial_id":157,"state":2,"values":null,"datetime_complete":"2026-08-07T14:06:55.814242"}
{"op_code":4,"worker_id":"14ccb1d8-6cd5-4d00-bc76-74a331961dd9-135760465028928","study_id":0,"datetime_start":"2026-08-07T14:06:55.815749"}
{"op_code":9,"worker_id":"14ccb1d8-6cd5-4d00-bc76-74a331961dd9-135760465028928","trial_id":158,"system_attr":{"tpe:relative_params:0":"{\"gx\": 1, \"gy\": 4, \"k\": 32, \"m\": 256, \"n\": 16, \"sub\": 64}"}}
{"op_code":5,"worker_id":"14ccb1d8-6cd5-4d00-bc76-74a331961dd9-135760465028928","trial_id":158,"param_name":"m","param_value_internal":4,"distribution":"{\"name\": \"CategoricalDistribution\", \"attributes\": {\"choices\": [16, 32, 64, 128, 256]}}"}
{"op_code":5,"worker_id":"14ccb1d8-6cd5-4d00-bc76-74a331961dd9-135760465028928","trial_id":158,"param_name":"n","param_value_internal":0,"distribution":"{\"name\": \"CategoricalDistribution\", \"attributes\": {\"choices\": [16, 32, 64, 128, 256]}}"}
{"op_code":5,"worker_id":"14ccb1d8-6cd5-4d00-bc76-74a331961dd9-135760465028928","trial_id":158,"param_name":"k","param_value_internal":1,"distribution":"{\"name\": \"CategoricalDistribution\", \"attributes\": {\"choices\": [16, 32, 64, 128]}}"}
{"op_code":5,"worker_id":"14ccb1d8-6cd5-4d00-bc76-74a331961dd9-135760465028928","trial_id":158,"param_name":"gx","param_value_internal":0,"distribution":"{\"name\": \"CategoricalDistribution\", \"attributes\": {\"choices\": [1, 2, 4, 8]}}"}
{"op_code":5,"worker_id":"14ccb1d8-6cd5-4d00-bc76-74a331961dd9-135760465028928","trial_id":158,"param_name":"gy","param_value_internal":2,"distribution":"{\"name\": \"CategoricalDistribution\", \"attributes\": {\"choices\": [1, 2, 4, 8]}}"}
{"op_code":5,"worker_id":"14ccb1d8-6cd5-4d00-bc76-74a331961dd9-135760465028928","trial_id":158,"param_name":"sub","param_value_internal":1,"distribution":"{\"name\": \"CategoricalDistribution\", \"attributes\": {\"choices\": [32, 64]}}"}
{"op_code":6,"worker_id":"14ccb1d8-6cd5-4d00-bc76-74a331961dd9-135760465028928","trial_id":158,"state":2,"values":null,"datetime_complete":"2026-08-07T14:06:55.831467"}
{"op_code":4,"worker_id":"14ccb1d8-6cd5-4d00-bc76-74a331961dd9-135760465028928","study_id":0,"datetime_start":"2026-08-07T14:06:55.833421"}
{"op_code":9,"worker_id":"14ccb1d8-6cd5-4d00-bc76-74a331961dd9-135760465028928","trial_id":159,"system_attr":{"tpe:relative_params:0":"{\"gx\": 1, \"gy\": 4, \"k\": 32, \"m\": 64, \"n\": 16, \"sub\": 64}"}}
{"op_code":5,"worker_id":"14ccb1d8-6cd5-4d00-bc76-74a331961dd9-135760465028928","trial_id":159,"param_name":"m","param_value_internal":2,"distribution":"{\"name\": \"CategoricalDistribution\", \"attributes\": {\"choices\": [16, 32, 64, 128, 256]}}"}
{"op_code":5,"worker_id":"14ccb1d8-6cd5-4d00-bc76-74a331961dd9-135760465028928","trial_id":159,"param_name":"n","param_value_internal":0,"distribution":"{\"name\": \"CategoricalDistribution\", \"attributes\": {\"choices\": [16, 32, 64, 128, 256]}}"}
{"op_code":5,"worker_id":"14ccb1d8-6cd5-4d00-bc76-74a331961dd9-135760465028928","trial_id":159,"param_name":"k","param_value_internal":1,"distribution":"{\"name\": \"CategoricalDistribution\", \"attributes\": {\"choices\": [16, 32, 64, 128]}}"}
{"op_code":5,"worker_id":"14ccb1d8-6cd5-4d00-bc76-74a331961dd9-135760465028928","trial_id":159,"param_name":"gx","param_value_internal":0,"distribution":"{\"name\": \"CategoricalDistribution\", \"attributes\": {\"choices\": [1, 2, 4, 8]}}"}
{"op_code":5,"worker_id":"14ccb1d8-6cd5-4d00-bc76-74a331961dd9-135760465028928","trial_id":159,"param_name":"gy","param_value_internal":2,"distribution":"{\"name\": \"CategoricalDistribution\", \"attributes\": {\"choices\": [1, 2, 4, 8]}}"}
{"op_code":5,"worker_id":"14ccb1d8-6cd5-4d00-bc76-74a331961dd9-135760465028928","trial_id":159,"param_name":"sub","param_value_internal":1,"distribution":"{\"name\": \"CategoricalDistribution\", \"attributes\": {\"choices\": [32, 64]}}"}
{"op_code":6,"worker_id":"14ccb1d8-6cd5-4d00-bc76-74a331961dd9-135760465028928","trial_id":159,"state":2,"values":null,"datetime_complete":"2026-08-07T14:06:55.853852"}
{"op_code":4,"worker_id":"14ccb1d8-6cd5-4d00-bc76-74a331961dd9-135760465028928","study_id":0,"datetime_start":"2026-08-07T14:06:55.855581"}
{"op_code":9,"worker_id":"14ccb1d8-6cd5-4d00-bc76-74a331961dd9-135760465028928","trial_id":160,"system_attr":{"tpe:relative_params:0":"{\"gx\": 1, \"gy\": 8, \"k\": 64, \"m\": 128, \"n\": 16, \"sub\": 32}"}}
{"op_code":5,"worker_id":"14ccb1d8-6cd5-4d00-bc76-74a331961dd9-135760465028928","trial_id":160,"param_name":"m","param_value_internal":3,"distribution":"{\"name\": \"CategoricalDistribution\", \"attributes\": {\"choices\": [16, 32, 64, 128, 256]}}"}
{"op_code":5,"worker_id":"14ccb1d8-6cd5-4d00-bc76-74a331961dd9-135760465028928","trial_id":160,"param_name":"n","param_value_internal":0,"distribution":"{\"name\": \"CategoricalDistribution\", \"attributes\": {\"choices\": [16, 32, 64, 128, 256]}}"}
{"op_code":5,"worker_id":"14ccb1d8-6cd5-4d00-bc76-74a331961dd9-135760465028928","trial_id":160,"param_name":"k","param_value_internal":2,"distribution":"{\"name\": \"CategoricalDistribution\", \"attributes\": {\"choices\": [16, 32, 64, 128]}}"}
{"op_code":5,"worker_id":"14ccb1d8-6cd5-4d00-bc76-74a331961dd9-135760465028928","trial_id":160,"param_name":"gx","param_value_internal":0,"distribution":"{\"name\": \"CategoricalDistribution\", \"attributes\": {\"choices\": [1, 2, 4, 8]}}"}
{"op_code":5,"worker_id":"14ccb1d8-6cd5-4d00-bc76-74a331961dd9-135760465028928","trial_id":160,"param_name":"gy","param_value_internal":3,"distribution":"{\"name\": \"CategoricalDistribution\", \"attributes\": {\"choices\": [1, 2, 4, 8]}}"}
{"op_code":5,"worker_id":"14ccb1d8-6cd5-4d00-bc76-74a331961dd9-135760465028928","trial_id":160,"param_name":"sub","param_value_internal":0,"distribution":"{\"name\": \"CategoricalDistribution\", \"attributes\": {\"choices\": [32, 64]}}"}
{"op_code":8,"worker_id":"14ccb1d8-6cd5-4d00-bc76-74a331961dd9-135760465028928","trial_id":160,"user_attr":{"token":"tsweep_dbuf4_t128x16k64g18s32"}}
{"op_code":6,"worker_id":"14ccb1d8-6cd5-4d00-bc76-74a331961dd9-135760465028928","trial_id":137,"state":2,"values":null,"datetime_complete":"2026-08-07T14:07:39.083777"}
{"op_code":6,"worker_id":"14ccb1d8-6cd5-4d00-bc76-74a331961dd9-135760465028928","trial_id":139,"state":1,"values":[1312.725],"datetime_complete":"2026-08-07T14:08:05.696526"}
{"op_code":6,"worker_id":"14ccb1d8-6cd5-4d00-bc76-74a331961dd9-135760465028928","trial_id":140,"state":1,"values":[972.1590000000001],"datetime_complete":"2026-08-07T14:08:30.435593"}
{"op_code":6,"worker_id":"14ccb1d8-6cd5-4d00-bc76-74a331961dd9-135760465028928","trial_id":142,"state":1,"values":[1074.966],"datetime_complete":"2026-08-07T14:08:56.405839"}
{"op_code":6,"worker_id":"14ccb1d8-6cd5-4d00-bc76-74a331961dd9-135760465028928","trial_id":143,"state":2,"values":null,"datetime_complete":"2026-08-07T14:09:02.821778"}
{"op_code":6,"worker_id":"14ccb1d8-6cd5-4d00-bc76-74a331961dd9-135760465028928","trial_id":144,"state":2,"values":null,"datetime_complete":"2026-08-07T14:09:11.582269"}
{"op_code":6,"worker_id":"14ccb1d8-6cd5-4d00-bc76-74a331961dd9-135760465028928","trial_id":146,"state":2,"values":null,"datetime_complete":"2026-08-07T14:09:19.230435"}
{"op_code":6,"worker_id":"14ccb1d8-6cd5-4d00-bc76-74a331961dd9-135760465028928","trial_id":147,"state":1,"values":[1048.13],"datetime_complete":"2026-08-07T14:09:45.706393"}
{"op_code":6,"worker_id":"14ccb1d8-6cd5-4d00-bc76-74a331961dd9-135760465028928","trial_id":148,"state":1,"values":[1129.2055],"datetime_complete":"2026-08-07T14:10:12.178360"}
{"op_code":6,"worker_id":"14ccb1d8-6cd5-4d00-bc76-74a331961dd9-135760465028928","trial_id":149,"state":2,"values":null,"datetime_complete":"2026-08-07T14:10:18.358853"}
{"op_code":6,"worker_id":"14ccb1d8-6cd5-4d00-bc76-74a331961dd9-135760465028928","trial_id":150,"state":2,"values":null,"datetime_complete":"2026-08-07T14:10:24.776283"}
{"op_code":6,"worker_id":"14ccb1d8-6cd5-4d00-bc76-74a331961dd9-135760465028928","trial_id":152,"state":1,"values":[1279.65],"datetime_complete":"2026-08-07T14:15:03.401444"}
{"op_code":6,"worker_id":"14ccb1d8-6cd5-4d00-bc76-74a331961dd9-135760465028928","trial_id":153,"state":1,"values":[1093.1535],"datetime_complete":"2026-08-07T14:15:30.519411"}
{"op_code":6,"worker_id":"14ccb1d8-6cd5-4d00-bc76-74a331961dd9-135760465028928","trial_id":154,"state":1,"values":[1093.58],"datetime_complete":"2026-08-07T14:15:55.734949"}
{"op_code":6,"worker_id":"14ccb1d8-6cd5-4d00-bc76-74a331961dd9-135760465028928","trial_id":156,"state":2,"values":null,"datetime_complete":"2026-08-07T14:16:04.434205"}
{"op_code":6,"worker_id":"14ccb1d8-6cd5-4d00-bc76-74a331961dd9-135760465028928","trial_id":160,"state":2,"values":null,"datetime_complete":"2026-08-07T14:16:10.605110"}
{"op_code":4,"worker_id":"14ccb1d8-6cd5-4d00-bc76-74a331961dd9-135760465028928","study_id":0,"datetime_start":"2026-08-07T14:16:10.608395"}
{"op_code":9,"worker_id":"14ccb1d8-6cd5-4d00-bc76-74a331961dd9-135760465028928","trial_id":161,"system_attr":{"tpe:relative_params:0":"{\"gx\": 1, \"gy\": 8, \"k\": 32, \"m\": 128, \"n\": 128, \"sub\": 32}"}}
{"op_code":5,"worker_id":"14ccb1d8-6cd5-4d00-bc76-74a331961dd9-135760465028928","trial_id":161,"param_name":"m","param_value_internal":3,"distribution":"{\"name\": \"CategoricalDistribution\", \"attributes\": {\"choices\": [16, 32, 64, 128, 256]}}"}
{"op_code":5,"worker_id":"14ccb1d8-6cd5-4d00-bc76-74a331961dd9-135760465028928","trial_id":161,"param_name":"n","param_value_internal":3,"distribution":"{\"name\": \"CategoricalDistribution\", \"attributes\": {\"choices\": [16, 32, 64, 128, 256]}}"}
{"op_code":5,"worker_id":"14ccb1d8-6cd5-4d00-bc76-74a331961dd9-135760465028928","trial_id":161,"param_name":"k","param_value_internal":1,"distribution":"{\"name\": \"CategoricalDistribution\", \"attributes\": {\"choices\": [16, 32, 64, 128]}}"}
{"op_code":5,"worker_id":"14ccb1d8-6cd5-4d00-bc76-74a331961dd9-135760465028928","trial_id":161,"param_name":"gx","param_value_internal":0,"distribution":"{\"name\": \"CategoricalDistribution\", \"attributes\": {\"choices\": [1, 2, 4, 8]}}"}
{"op_code":5,"worker_id":"14ccb1d8-6cd5-4d00-bc76-74a331961dd9-135760465028928","trial_id":161,"param_name":"gy","param_value_internal":3,"distribution":"{\"name\": \"CategoricalDistribution\", \"attributes\": {\"choices\": [1, 2, 4, 8]}}"}
{"op_code":5,"worker_id":"14ccb1d8-6cd5-4d00-bc76-74a331961dd9-135760465028928","trial_id":161,"param_name":"sub","param_value_internal":0,"distribution":"{\"name\": \"CategoricalDistribution\", \"attributes\": {\"choices\": [32, 64]}}"}
{"op_code":6,"worker_id":"14ccb1d8-6cd5-4d00-bc76-74a331961dd9-135760465028928","trial_id":161,"state":2,"values":null,"datetime_complete":"2026-08-07T14:16:10.635135"}
{"op_code":4,"worker_id":"14ccb1d8-6cd5-4d00-bc76-74a331961dd9-135760465028928","study_id":0,"datetime_start":"2026-08-07T14:16:10.637330"}
{"op_code":9,"worker_id":"14ccb1d8-6cd5-4d00-bc76-74a331961dd9-135760465028928","trial_id":162,"system_attr":{"tpe:relative_params:0":"{\"gx\": 4, \"gy\": 2, \"k\": 32, \"m\": 64, \"n\": 128, \"sub\": 32}"}}
{"op_code":5,"worker_id":"14ccb1d8-6cd5-4d00-bc76-74a331961dd9-135760465028928","trial_id":162,"param_name":"m","param_value_internal":2,"distribution":"{\"name\": \"CategoricalDistribution\", \"attributes\": {\"choices\": [16, 32, 64, 128, 256]}}"}
{"op_code":5,"worker_id":"14ccb1d8-6cd5-4d00-bc76-74a331961dd9-135760465028928","trial_id":162,"param_name":"n","param_value_internal":3,"distribution":"{\"name\": \"CategoricalDistribution\", \"attributes\": {\"choices\": [16, 32, 64, 128, 256]}}"}
{"op_code":5,"worker_id":"14ccb1d8-6cd5-4d00-bc76-74a331961dd9-135760465028928","trial_id":162,"param_name":"k","param_value_internal":1,"distribution":"{\"name\": \"CategoricalDistribution\", \"attributes\": {\"choices\": [16, 32, 64, 128]}}"}
{"op_code":5,"worker_id":"14ccb1d8-6cd5-4d00-bc76-74a331961dd9-135760465028928","trial_id":162,"param_name":"gx","param_value_internal":2,"distribution":"{\"name\": \"CategoricalDistribution\", \"attributes\": {\"choices\": [1, 2, 4, 8]}}"}
{"op_code":5,"worker_id":"14ccb1d8-6cd5-4d00-bc76-74a331961dd9-135760465028928","trial_id":162,"param_name":"gy","param_value_internal":1,"distribution":"{\"name\": \"CategoricalDistribution\", \"attributes\": {\"choices\": [1, 2, 4, 8]}}"}
{"op_code":5,"worker_id":"14ccb1d8-6cd5-4d00-bc76-74a331961dd9-135760465028928","trial_id":162,"param_name":"sub","param_value_internal":0,"distribution":"{\"name\": \"CategoricalDistribution\", \"attributes\": {\"choices\": [32, 64]}}"}
{"op_code":6,"worker_id":"14ccb1d8-6cd5-4d00-bc76-74a331961dd9-135760465028928","trial_id":162,"state":2,"values":null,"datetime_complete":"2026-08-07T14:16:10.659825"}
{"op_code":4,"worker_id":"14ccb1d8-6cd5-4d00-bc76-74a331961dd9-135760465028928","study_id":0,"datetime_start":"2026-08-07T14:16:10.661821"}
{"op_code":9,"worker_id":"14ccb1d8-6cd5-4d00-bc76-74a331961dd9-135760465028928","trial_id":163,"system_attr":{"tpe:relative_params:0":"{\"gx\": 2, \"gy\": 4, \"k\": 64, \"m\": 128, \"n\": 128, \"sub\": 64}"}}
{"op_code":5,"worker_id":"14ccb1d8-6cd5-4d00-bc76-74a331961dd9-135760465028928","trial_id":163,"param_name":"m","param_value_internal":3,"distribution":"{\"name\": \"CategoricalDistribution\", \"attributes\": {\"choices\": [16, 32, 64, 128, 256]}}"}
{"op_code":5,"worker_id":"14ccb1d8-6cd5-4d00-bc76-74a331961dd9-135760465028928","trial_id":163,"param_name":"n","param_value_internal":3,"distribution":"{\"name\": \"CategoricalDistribution\", \"attributes\": {\"choices\": [16, 32, 64, 128, 256]}}"}
{"op_code":5,"worker_id":"14ccb1d8-6cd5-4d00-bc76-74a331961dd9-135760465028928","trial_id":163,"param_name":"k","param_value_internal":2,"distribution":"{\"name\": \"CategoricalDistribution\", \"attributes\": {\"choices\": [16, 32, 64, 128]}}"}
{"op_code":5,"worker_id":"14ccb1d8-6cd5-4d00-bc76-74a331961dd9-135760465028928","trial_id":163,"param_name":"gx","param_value_internal":1,"distribution":"{\"name\": \"CategoricalDistribution\", \"attributes\": {\"choices\": [1, 2, 4, 8]}}"}
{"op_code":5,"worker_id":"14ccb1d8-6cd5-4d00-bc76-74a331961dd9-135760465028928","trial_id":163,"param_name":"gy","param_value_internal":2,"distribution":"{\"name\": \"CategoricalDistribution\", \"attributes\": {\"choices\": [1, 2, 4, 8]}}"}
{"op_code":5,"worker_id":"14ccb1d8-6cd5-4d00-bc76-74a331961dd9-135760465028928","trial_id":163,"param_name":"sub","param_value_internal":1,"distribution":"{\"name\": \"CategoricalDistribution\", \"attributes\": {\"choices\": [32, 64]}}"}
{"op_code":6,"worker_id":"14ccb1d8-6cd5-4d00-bc76-74a331961dd9-135760465028928","trial_id":163,"state":2,"values":null,"datetime_complete":"2026-08-07T14:16:10.683661"}
{"op_code":4,"worker_id":"14ccb1d8-6cd5-4d00-bc76-74a331961dd9-135760465028928","study_id":0,"datetime_start":"2026-08-07T14:16:10.685757"}
{"op_code":9,"worker_id":"14ccb1d8-6cd5-4d00-bc76-74a331961dd9-135760465028928","trial_id":164,"system_attr":{"tpe:relative_params:0":"{\"gx\": 2, \"gy\": 4, \"k\": 32, \"m\": 128, \"n\": 128, \"sub\": 32}"}}
{"op_code":5,"worker_id":"14ccb1d8-6cd5-4d00-bc76-74a331961dd9-135760465028928","trial_id":164,"param_name":"m","param_value_internal":3,"distribution":"{\"name\": \"CategoricalDistribution\", \"attributes\": {\"choices\": [16, 32, 64, 128, 256]}}"}
{"op_code":5,"worker_id":"14ccb1d8-6cd5-4d00-bc76-74a331961dd9-135760465028928","trial_id":164,"param_name":"n","param_value_internal":3,"distribution":"{\"name\": \"CategoricalDistribution\", \"attributes\": {\"choices\": [16, 32, 64, 128, 256]}}"}
{"op_code":5,"worker_id":"14ccb1d8-6cd5-4d00-bc76-74a331961dd9-135760465028928","trial_id":164,"param_name":"k","param_value_internal":1,"distribution":"{\"name\": \"CategoricalDistribution\", \"attributes\": {\"choices\": [16, 32, 64, 128]}}"}
{"op_code":5,"worker_id":"14ccb1d8-6cd5-4d00-bc76-74a331961dd9-135760465028928","trial_id":164,"param_name":"gx","param_value_internal":1,"distribution":"{\"name\": \"CategoricalDistribution\", \"attributes\": {\"choices\": [1, 2, 4, 8]}}"}
{"op_code":5,"worker_id":"14ccb1d8-6cd5-4d00-bc76-74a331961dd9-135760465028928","trial_id":164,"param_name":"gy","param_value_internal":2,"distribution":"{\"name\": \"CategoricalDistribution\", \"attributes\": {\"choices\": [1, 2, 4, 8]}}"}
{"op_code":5,"worker_id":"14ccb1d8-6cd5-4d00-bc76-74a331961dd9-135760465028928","trial_id":164,"param_name":"sub","param_value_internal":0,"distribution":"{\"name\": \"CategoricalDistribution\", \"attributes\": {\"choices\": [32, 64]}}"}
{"op_code":6,"worker_id":"14ccb1d8-6cd5-4d00-bc76-74a331961dd9-135760465028928","trial_id":164,"state":2,"values":null,"datetime_complete":"2026-08-07T14:16:10.704942"}
{"op_code":4,"worker_id":"14ccb1d8-6cd5-4d00-bc76-74a331961dd9-135760465028928","study_id":0,"datetime_start":"2026-08-07T14:16:10.706826"}
{"op_code":9,"worker_id":"14ccb1d8-6cd5-4d00-bc76-74a331961dd9-135760465028928","trial_id":165,"system_attr":{"tpe:relative_params:0":"{\"gx\": 1, \"gy\": 4, \"k\": 16, \"m\": 128, \"n\": 64, \"sub\": 32}"}}
{"op_code":5,"worker_id":"14ccb1d8-6cd5-4d00-bc76-74a331961dd9-135760465028928","trial_id":165,"param_name":"m","param_value_internal":3,"distribution":"{\"name\": \"CategoricalDistribution\", \"attributes\": {\"choices\": [16, 32, 64, 128, 256]}}"}
{"op_code":5,"worker_id":"14ccb1d8-6cd5-4d00-bc76-74a331961dd9-135760465028928","trial_id":165,"param_name":"n","param_value_internal":2,"distribution":"{\"name\": \"CategoricalDistribution\", \"attributes\": {\"choices\": [16, 32, 64, 128, 256]}}"}
{"op_code":5,"worker_id":"14ccb1d8-6cd5-4d00-bc76-74a331961dd9-135760465028928","trial_id":165,"param_name":"k","param_value_internal":0,"distribution":"{\"name\": \"CategoricalDistribution\", \"attributes\": {\"choices\": [16, 32, 64, 128]}}"}
{"op_code":5,"worker_id":"14ccb1d8-6cd5-4d00-bc76-74a331961dd9-135760465028928","trial_id":165,"param_name":"gx","param_value_internal":0,"distribution":"{\"name\": \"CategoricalDistribution\", \"attributes\": {\"choices\": [1, 2, 4, 8]}}"}
{"op_code":5,"worker_id":"14ccb1d8-6cd5-4d00-bc76-74a331961dd9-135760465028928","trial_id":165,"param_name":"gy","param_value_internal":2,"distribution":"{\"name\": \"CategoricalDistribution\", \"attributes\": {\"choices\": [1, 2, 4, 8]}}"}
{"op_code":5,"worker_id":"14ccb1d8-6cd5-4d00-bc76-74a331961dd9-135760465028928","trial_id":165,"param_name":"sub","param_value_internal":0,"distribution":"{\"name\": \"CategoricalDistribution\", \"attributes\": {\"choices\": [32, 64]}}"}
{"op_code":6,"worker_id":"14ccb1d8-6cd5-4d00-bc76-74a331961dd9-135760465028928","trial_id":165,"state":2,"values":null,"datetime_complete":"2026-08-07T14:16:10.724857"}
{"op_code":4,"worker_id":"14ccb1d8-6cd5-4d00-bc76-74a331961dd9-135760465028928","study_id":0,"datetime_start":"2026-08-07T14:16:10.726616"}
{"op_code":9,"worker_id":"14ccb1d8-6cd5-4d00-bc76-74a331961dd9-135760465028928","trial_id":166,"system_attr":{"tpe:relative_params:0":"{\"gx\": 2, \"gy\": 1, \"k\": 64, \"m\": 128, \"n\": 128, \"sub\": 64}"}}
{"op_code":5,"worker_id":"14ccb1d8-6cd5-4d00-bc76-74a331961dd9-135760465028928","trial_id":166,"param_name":"m","param_value_internal":3,"distribution":"{\"name\": \"CategoricalDistribution\", \"attributes\": {\"choices\": [16, 32, 64, 128, 256]}}"}
{"op_code":5,"worker_id":"14ccb1d8-6cd5-4d00-bc76-74a331961dd9-135760465028928","trial_id":166,"param_name":"n","param_value_internal":3,"distribution":"{\"name\": \"CategoricalDistribution\", \"attributes\": {\"choices\": [16, 32, 64, 128, 256]}}"}
{"op_code":5,"worker_id":"14ccb1d8-6cd5-4d00-bc76-74a331961dd9-135760465028928","trial_id":166,"param_name":"k","param_value_internal":2,"distribution":"{\"name\": \"CategoricalDistribution\", \"attributes\": {\"choices\": [16, 32, 64, 128]}}"}
{"op_code":5,"worker_id":"14ccb1d8-6cd5-4d00-bc76-74a331961dd9-135760465028928","trial_id":166,"param_name":"gx","param_value_internal":1,"distribution":"{\"name\": \"CategoricalDistribution\", \"attributes\": {\"choices\": [1, 2, 4, 8]}}"}
{"op_code":5,"worker_id":"14ccb1d8-6cd5-4d00-bc76-74a331961dd9-135760465028928","trial_id":166,"param_name":"gy","param_value_internal":0,"distribution":"{\"name\": \"CategoricalDistribution\", \"attributes\": {\"choices\": [1, 2, 4, 8]}}"}
{"op_code":5,"worker_id":"14ccb1d8-6cd5-4d00-bc76-74a331961dd9-135760465028928","trial_id":166,"param_name":"sub","param_value_internal":1,"distribution":"{\"name\": \"CategoricalDistribution\", \"attributes\": {\"choices\": [32, 64]}}"}
{"op_code":8,"worker_id":"14ccb1d8-6cd5-4d00-bc76-74a331961dd9-135760465028928","trial_id":166,"user_attr":{"token":"tsweep_dbuf4_t128x128k64g21s64"}}
{"op_code":4,"worker_id":"14ccb1d8-6cd5-4d00-bc76-74a331961dd9-135760465028928","study_id":0,"datetime_start":"2026-08-07T14:16:10.747113"}
{"op_code":9,"worker_id":"14ccb1d8-6cd5-4d00-bc76-74a331961dd9-135760465028928","trial_id":167,"system_attr":{"tpe:relative_params:0":"{\"gx\": 4, \"gy\": 8, \"k\": 32, \"m\": 128, \"n\": 32, \"sub\": 32}"}}
{"op_code":5,"worker_id":"14ccb1d8-6cd5-4d00-bc76-74a331961dd9-135760465028928","trial_id":167,"param_name":"m","param_value_internal":3,"distribution":"{\"name\": \"CategoricalDistribution\", \"attributes\": {\"choices\": [16, 32, 64, 128, 256]}}"}
{"op_code":5,"worker_id":"14ccb1d8-6cd5-4d00-bc76-74a331961dd9-135760465028928","trial_id":167,"param_name":"n","param_value_internal":1,"distribution":"{\"name\": \"CategoricalDistribution\", \"attributes\": {\"choices\": [16, 32, 64, 128, 256]}}"}
{"op_code":5,"worker_id":"14ccb1d8-6cd5-4d00-bc76-74a331961dd9-135760465028928","trial_id":167,"param_name":"k","param_value_internal":1,"distribution":"{\"name\": \"CategoricalDistribution\", \"attributes\": {\"choices\": [16, 32, 64, 128]}}"}
{"op_code":5,"worker_id":"14ccb1d8-6cd5-4d00-bc76-74a331961dd9-135760465028928","trial_id":167,"param_name":"gx","param_value_internal":2,"distribution":"{\"name\": \"CategoricalDistribution\", \"attributes\": {\"choices\": [1, 2, 4, 8]}}"}
{"op_code":5,"worker_id":"14ccb1d8-6cd5-4d00-bc76-74a331961dd9-135760465028928","trial_id":167,"param_name":"gy","param_value_internal":3,"distribution":"{\"name\": \"CategoricalDistribution\", \"attributes\": {\"choices\": [1, 2, 4, 8]}}"}
{"op_code":5,"worker_id":"14ccb1d8-6cd5-4d00-bc76-74a331961dd9-135760465028928","trial_id":167,"param_name":"sub","param_value_internal":0,"distribution":"{\"name\": \"CategoricalDistribution\", \"attributes\": {\"choices\": [32, 64]}}"}
{"op_code":6,"worker_id":"14ccb1d8-6cd5-4d00-bc76-74a331961dd9-135760465028928","trial_id":167,"state":2,"values":null,"datetime_complete":"2026-08-07T14:16:10.768640"}
{"op_code":4,"worker_id":"14ccb1d8-6cd5-4d00-bc76-74a331961dd9-135760465028928","study_id":0,"datetime_start":"2026-08-07T14:16:10.770696"}
{"op_code":9,"worker_id":"14ccb1d8-6cd5-4d00-bc76-74a331961dd9-135760465028928","trial_id":168,"system_attr":{"tpe:relative_params:0":"{\"gx\": 2, \"gy\": 4, \"k\": 32, \"m\": 64, \"n\": 128, \"sub\": 32}"}}
{"op_code":5,"worker_id":"14ccb1d8-6cd5-4d00-bc76-74a331961dd9-135760465028928","trial_id":168,"param_name":"m","param_value_internal":2,"distribution":"{\"name\": \"CategoricalDistribution\", \"attributes\": {\"choices\": [16, 32, 64, 128, 256]}}"}
{"op_code":5,"worker_id":"14ccb1d8-6cd5-4d00-bc76-74a331961dd9-135760465028928","trial_id":168,"param_name":"n","param_value_internal":3,"distribution":"{\"name\": \"CategoricalDistribution\", \"attributes\": {\"choices\": [16, 32, 64, 128, 256]}}"}
{"op_code":5,"worker_id":"14ccb1d8-6cd5-4d00-bc76-74a331961dd9-135760465028928","trial_id":168,"param_name":"k","param_value_internal":1,"distribution":"{\"name\": \"CategoricalDistribution\", \"attributes\": {\"choices\": [16, 32, 64, 128]}}"}
{"op_code":5,"worker_id":"14ccb1d8-6cd5-4d00-bc76-74a331961dd9-135760465028928","trial_id":168,"param_name":"gx","param_value_internal":1,"distribution":"{\"name\": \"CategoricalDistribution\", \"attributes\": {\"choices\": [1, 2, 4, 8]}}"}
{"op_code":5,"worker_id":"14ccb1d8-6cd5-4d00-bc76-74a331961dd9-135760465028928","trial_id":168,"param_name":"gy","param_value_internal":2,"distribution":"{\"name\": \"CategoricalDistribution\", \"attributes\": {\"choices\": [1, 2, 4, 8]}}"}
{"op_code":5,"worker_id":"14ccb1d8-6cd5-4d00-bc76-74a331961dd9-135760465028928","trial_id":168,"param_name":"sub","param_value_internal":0,"distribution":"{\"name\": \"CategoricalDistribution\", \"attributes\": {\"choices\": [32, 64]}}"}
{"op_code":8,"worker_id":"14ccb1d8-6cd5-4d00-bc76-74a331961dd9-135760465028928","trial_id":168,"user_attr":{"token":"tsweep_dbuf4_t64x128k32g24s32"}}
{"op_code":4,"worker_id":"14ccb1d8-6cd5-4d00-bc76-74a331961dd9-135760465028928","study_id":0,"datetime_start":"2026-08-07T14:16:10.791118"}
{"op_code":9,"worker_id":"14ccb1d8-6cd5-4d00-bc76-74a331961dd9-135760465028928","trial_id":169,"system_attr":{"tpe:relative_params:0":"{\"gx\": 8, \"gy\": 4, \"k\": 32, \"m\": 128, \"n\": 256, \"sub\": 32}"}}
{"op_code":5,"worker_id":"14ccb1d8-6cd5-4d00-bc76-74a331961dd9-135760465028928","trial_id":169,"param_name":"m","param_value_internal":3,"distribution":"{\"name\": \"CategoricalDistribution\", \"attributes\": {\"choices\": [16, 32, 64, 128, 256]}}"}
{"op_code":5,"worker_id":"14ccb1d8-6cd5-4d00-bc76-74a331961dd9-135760465028928","trial_id":169,"param_name":"n","param_value_internal":4,"distribution":"{\"name\": \"CategoricalDistribution\", \"attributes\": {\"choices\": [16, 32, 64, 128, 256]}}"}
{"op_code":5,"worker_id":"14ccb1d8-6cd5-4d00-bc76-74a331961dd9-135760465028928","trial_id":169,"param_name":"k","param_value_internal":1,"distribution":"{\"name\": \"CategoricalDistribution\", \"attributes\": {\"choices\": [16, 32, 64, 128]}}"}
{"op_code":5,"worker_id":"14ccb1d8-6cd5-4d00-bc76-74a331961dd9-135760465028928","trial_id":169,"param_name":"gx","param_value_internal":3,"distribution":"{\"name\": \"CategoricalDistribution\", \"attributes\": {\"choices\": [1, 2, 4, 8]}}"}
{"op_code":5,"worker_id":"14ccb1d8-6cd5-4d00-bc76-74a331961dd9-135760465028928","trial_id":169,"param_name":"gy","param_value_internal":2,"distribution":"{\"name\": \"CategoricalDistribution\", \"attributes\": {\"choices\": [1, 2, 4, 8]}}"}
{"op_code":5,"worker_id":"14ccb1d8-6cd5-4d00-bc76-74a331961dd9-135760465028928","trial_id":169,"param_name":"sub","param_value_internal":0,"distribution":"{\"name\": \"CategoricalDistribution\", \"attributes\": {\"choices\": [32, 64]}}"}
{"op_code":8,"worker_id":"14ccb1d8-6cd5-4d00-bc76-74a331961dd9-135760465028928","trial_id":169,"user_attr":{"token":"tsweep_dbuf4_t128x256k32g84s32"}}
{"op_code":4,"worker_id":"14ccb1d8-6cd5-4d00-bc76-74a331961dd9-135760465028928","study_id":0,"datetime_start":"2026-08-07T14:16:10.812274"}
{"op_code":9,"worker_id":"14ccb1d8-6cd5-4d00-bc76-74a331961dd9-135760465028928","trial_id":170,"system_attr":{"tpe:relative_params:0":"{\"gx\": 4, \"gy\": 4, \"k\": 16, \"m\": 128, \"n\": 128, \"sub\": 32}"}}
{"op_code":5,"worker_id":"14ccb1d8-6cd5-4d00-bc76-74a331961dd9-135760465028928","trial_id":170,"param_name":"m","param_value_internal":3,"distribution":"{\"name\": \"CategoricalDistribution\", \"attributes\": {\"choices\": [16, 32, 64, 128, 256]}}"}
{"op_code":5,"worker_id":"14ccb1d8-6cd5-4d00-bc76-74a331961dd9-135760465028928","trial_id":170,"param_name":"n","param_value_internal":3,"distribution":"{\"name\": \"CategoricalDistribution\", \"attributes\": {\"choices\": [16, 32, 64, 128, 256]}}"}
{"op_code":5,"worker_id":"14ccb1d8-6cd5-4d00-bc76-74a331961dd9-135760465028928","trial_id":170,"param_name":"k","param_value_internal":0,"distribution":"{\"name\": \"CategoricalDistribution\", \"attributes\": {\"choices\": [16, 32, 64, 128]}}"}
{"op_code":5,"worker_id":"14ccb1d8-6cd5-4d00-bc76-74a331961dd9-135760465028928","trial_id":170,"param_name":"gx","param_value_internal":2,"distribution":"{\"name\": \"CategoricalDistribution\", \"attributes\": {\"choices\": [1, 2, 4, 8]}}"}
{"op_code":5,"worker_id":"14ccb1d8-6cd5-4d00-bc76-74a331961dd9-135760465028928","trial_id":170,"param_name":"gy","param_value_internal":2,"distribution":"{\"name\": \"CategoricalDistribution\", \"attributes\": {\"choices\": [1, 2, 4, 8]}}"}
{"op_code":5,"worker_id":"14ccb1d8-6cd5-4d00-bc76-74a331961dd9-135760465028928","trial_id":170,"param_name":"sub","param_value_internal":0,"distribution":"{\"name\": \"CategoricalDistribution\", \"attributes\": {\"choices\": [32, 64]}}"}
{"op_code":8,"worker_id":"14ccb1d8-6cd5-4d00-bc76-74a331961dd9-135760465028928","trial_id":170,"user_attr":{"token":"tsweep_dbuf4_t128x128k16g44s32"}}
{"op_code":4,"worker_id":"14ccb1d8-6cd5-4d00-bc76-74a331961dd9-135760465028928","study_id":0,"datetime_start":"2026-08-07T14:16:10.836166"}
{"op_code":9,"worker_id":"14ccb1d8-6cd5-4d00-bc76-74a331961dd9-135760465028928","trial_id":171,"system_attr":{"tpe:relative_params:0":"{\"gx\": 4, \"gy\": 4, \"k\": 32, \"m\": 128, \"n\": 16, \"sub\": 32}"}}
{"op_code":5,"worker_id":"14ccb1d8-6cd5-4d00-bc76-74a331961dd9-135760465028928","trial_id":171,"param_name":"m","param_value_internal":3,"distribution":"{\"name\": \"CategoricalDistribution\", \"attributes\": {\"choices\": [16, 32, 64, 128, 256]}}"}
{"op_code":5,"worker_id":"14ccb1d8-6cd5-4d00-bc76-74a331961dd9-135760465028928","trial_id":171,"param_name":"n","param_value_internal":0,"distribution":"{\"name\": \"CategoricalDistribution\", \"attributes\": {\"choices\": [16, 32, 64, 128, 256]}}"}
{"op_code":5,"worker_id":"14ccb1d8-6cd5-4d00-bc76-74a331961dd9-135760465028928","trial_id":171,"param_name":"k","param_value_internal":1,"distribution":"{\"name\": \"CategoricalDistribution\", \"attributes\": {\"choices\": [16, 32, 64, 128]}}"}
{"op_code":5,"worker_id":"14ccb1d8-6cd5-4d00-bc76-74a331961dd9-135760465028928","trial_id":171,"param_name":"gx","param_value_internal":2,"distribution":"{\"name\": \"CategoricalDistribution\", \"attributes\": {\"choices\": [1, 2, 4, 8]}}"}
{"op_code":5,"worker_id":"14ccb1d8-6cd5-4d00-bc76-74a331961dd9-135760465028928","trial_id":171,"param_name":"gy","param_value_internal":2,"distribution":"{\"name\": \"CategoricalDistribution\", \"attributes\": {\"choices\": [1, 2, 4, 8]}}"}
{"op_code":5,"worker_id":"14ccb1d8-6cd5-4d00-bc76-74a331961dd9-135760465028928","trial_id":171,"param_name":"sub","param_value_internal":0,"distribution":"{\"name\": \"CategoricalDistribution\", \"attributes\": {\"choices\": [32, 64]}}"}
{"op_code":6,"worker_id":"14ccb1d8-6cd5-4d00-bc76-74a331961dd9-135760465028928","trial_id":171,"state":2,"values":null,"datetime_complete":"2026-08-07T14:16:10.858931"}
{"op_code":4,"worker_id":"14ccb1d8-6cd5-4d00-bc76-74a331961dd9-135760465028928","study_id":0,"datetime_start":"2026-08-07T14:16:10.861024"}
{"op_code":9,"worker_id":"14ccb1d8-6cd5-4d00-bc76-74a331961dd9-135760465028928","trial_id":172,"system_attr":{"tpe:relative_params:0":"{\"gx\": 1, \"gy\": 2, \"k\": 32, \"m\": 128, \"n\": 128, \"sub\": 32}"}}
{"op_code":5,"worker_id":"14ccb1d8-6cd5-4d00-bc76-74a331961dd9-135760465028928","trial_id":172,"param_name":"m","param_value_internal":3,"distribution":"{\"name\": \"CategoricalDistribution\", \"attributes\": {\"choices\": [16, 32, 64, 128, 256]}}"}
{"op_code":5,"worker_id":"14ccb1d8-6cd5-4d00-bc76-74a331961dd9-135760465028928","trial_id":172,"param_name":"n","param_value_internal":3,"distribution":"{\"name\": \"CategoricalDistribution\", \"attributes\": {\"choices\": [16, 32, 64, 128, 256]}}"}
{"op_code":5,"worker_id":"14ccb1d8-6cd5-4d00-bc76-74a331961dd9-135760465028928","trial_id":172,"param_name":"k","param_value_internal":1,"distribution":"{\"name\": \"CategoricalDistribution\", \"attributes\": {\"choices\": [16, 32, 64, 128]}}"}
{"op_code":5,"worker_id":"14ccb1d8-6cd5-4d00-bc76-74a331961dd9-135760465028928","trial_id":172,"param_name":"gx","param_value_internal":0,"distribution":"{\"name\": \"CategoricalDistribution\", \"attributes\": {\"choices\": [1, 2, 4, 8]}}"}
{"op_code":5,"worker_id":"14ccb1d8-6cd5-4d00-bc76-74a331961dd9-135760465028928","trial_id":172,"param_name":"gy","param_value_internal":1,"distribution":"{\"name\": \"CategoricalDistribution\", \"attributes\": {\"choices\": [1, 2, 4, 8]}}"}
{"op_code":5,"worker_id":"14ccb1d8-6cd5-4d00-bc76-74a331961dd9-135760465028928","trial_id":172,"param_name":"sub","param_value_internal":0,"distribution":"{\"name\": \"CategoricalDistribution\", \"attributes\": {\"choices\": [32, 64]}}"}
{"op_code":8,"worker_id":"14ccb1d8-6cd5-4d00-bc76-74a331961dd9-135760465028928","trial_id":172,"user_attr":{"token":"tsweep_dbuf4_t128x128k32g12s32"}}
{"op_code":4,"worker_id":"14ccb1d8-6cd5-4d00-bc76-74a331961dd9-135760465028928","study_id":0,"datetime_start":"2026-08-07T14:16:10.884995"}
{"op_code":9,"worker_id":"14ccb1d8-6cd5-4d00-bc76-74a331961dd9-135760465028928","trial_id":173,"system_attr":{"tpe:relative_params:0":"{\"gx\": 4, \"gy\": 2, \"k\": 16, \"m\": 64, \"n\": 32, \"sub\": 32}"}}
{"op_code":5,"worker_id":"14ccb1d8-6cd5-4d00-bc76-74a331961dd9-135760465028928","trial_id":173,"param_name":"m","param_value_internal":2,"distribution":"{\"name\": \"CategoricalDistribution\", \"attributes\": {\"choices\": [16, 32, 64, 128, 256]}}"}
{"op_code":5,"worker_id":"14ccb1d8-6cd5-4d00-bc76-74a331961dd9-135760465028928","trial_id":173,"param_name":"n","param_value_internal":1,"distribution":"{\"name\": \"CategoricalDistribution\", \"attributes\": {\"choices\": [16, 32, 64, 128, 256]}}"}
{"op_code":5,"worker_id":"14ccb1d8-6cd5-4d00-bc76-74a331961dd9-135760465028928","trial_id":173,"param_name":"k","param_value_internal":0,"distribution":"{\"name\": \"CategoricalDistribution\", \"attributes\": {\"choices\": [16, 32, 64, 128]}}"}
{"op_code":5,"worker_id":"14ccb1d8-6cd5-4d00-bc76-74a331961dd9-135760465028928","trial_id":173,"param_name":"gx","param_value_internal":2,"distribution":"{\"name\": \"CategoricalDistribution\", \"attributes\": {\"choices\": [1, 2, 4, 8]}}"}
{"op_code":5,"worker_id":"14ccb1d8-6cd5-4d00-bc76-74a331961dd9-135760465028928","trial_id":173,"param_name":"gy","param_value_internal":1,"distribution":"{\"name\": \"CategoricalDistribution\", \"attributes\": {\"choices\": [1, 2, 4, 8]}}"}
{"op_code":5,"worker_id":"14ccb1d8-6cd5-4d00-bc76-74a331961dd9-135760465028928","trial_id":173,"param_name":"sub","param_value_internal":0,"distribution":"{\"name\": \"CategoricalDistribution\", \"attributes\": {\"choices\": [32, 64]}}"}
{"op_code":6,"worker_id":"14ccb1d8-6cd5-4d00-bc76-74a331961dd9-135760465028928","trial_id":173,"state":2,"values":null,"datetime_complete":"2026-08-07T14:16:10.907426"}
{"op_code":4,"worker_id":"14ccb1d8-6cd5-4d00-bc76-74a331961dd9-135760465028928","study_id":0,"datetime_start":"2026-08-07T14:16:10.909447"}
{"op_code":9,"worker_id":"14ccb1d8-6cd5-4d00-bc76-74a331961dd9-135760465028928","trial_id":174,"system_attr":{"tpe:relative_params:0":"{\"gx\": 1, \"gy\": 1, \"k\": 64, \"m\": 128, \"n\": 64, \"sub\": 64}"}}
{"op_code":5,"worker_id":"14ccb1d8-6cd5-4d00-bc76-74a331961dd9-135760465028928","trial_id":174,"param_name":"m","param_value_internal":3,"distribution":"{\"name\": \"CategoricalDistribution\", \"attributes\": {\"choices\": [16, 32, 64, 128, 256]}}"}
{"op_code":5,"worker_id":"14ccb1d8-6cd5-4d00-bc76-74a331961dd9-135760465028928","trial_id":174,"param_name":"n","param_value_internal":2,"distribution":"{\"name\": \"CategoricalDistribution\", \"attributes\": {\"choices\": [16, 32, 64, 128, 256]}}"}
{"op_code":5,"worker_id":"14ccb1d8-6cd5-4d00-bc76-74a331961dd9-135760465028928","trial_id":174,"param_name":"k","param_value_internal":2,"distribution":"{\"name\": \"CategoricalDistribution\", \"attributes\": {\"choices\": [16, 32, 64, 128]}}"}
{"op_code":5,"worker_id":"14ccb1d8-6cd5-4d00-bc76-74a331961dd9-135760465028928","trial_id":174,"param_name":"gx","param_value_internal":0,"distribution":"{\"name\": \"CategoricalDistribution\", \"attributes\": {\"choices\": [1, 2, 4, 8]}}"}
{"op_code":5,"worker_id":"14ccb1d8-6cd5-4d00-bc76-74a331961dd9-135760465028928","trial_id":174,"param_name":"gy","param_value_internal":0,"distribution":"{\"name\": \"CategoricalDistribution\", \"attributes\": {\"choices\": [1, 2, 4, 8]}}"}
{"op_code":5,"worker_id":"14ccb1d8-6cd5-4d00-bc76-74a331961dd9-135760465028928","trial_id":174,"param_name":"sub","param_value_internal":1,"distribution":"{\"name\": \"CategoricalDistribution\", \"attributes\": {\"choices\": [32, 64]}}"}
{"op_code":8,"worker_id":"14ccb1d8-6cd5-4d00-bc76-74a331961dd9-135760465028928","trial_id":174,"user_attr":{"token":"tsweep_dbuf4_t128x64k64g11s64"}}
{"op_code":4,"worker_id":"14ccb1d8-6cd5-4d00-bc76-74a331961dd9-135760465028928","study_id":0,"datetime_start":"2026-08-07T14:16:10.932687"}
{"op_code":9,"worker_id":"14ccb1d8-6cd5-4d00-bc76-74a331961dd9-135760465028928","trial_id":175,"system_attr":{"tpe:relative_params:0":"{\"gx\": 1, \"gy\": 2, \"k\": 64, \"m\": 64, \"n\": 16, \"sub\": 32}"}}
{"op_code":5,"worker_id":"14ccb1d8-6cd5-4d00-bc76-74a331961dd9-135760465028928","trial_id":175,"param_name":"m","param_value_internal":2,"distribution":"{\"name\": \"CategoricalDistribution\", \"attributes\": {\"choices\": [16, 32, 64, 128, 256]}}"}
{"op_code":5,"worker_id":"14ccb1d8-6cd5-4d00-bc76-74a331961dd9-135760465028928","trial_id":175,"param_name":"n","param_value_internal":0,"distribution":"{\"name\": \"CategoricalDistribution\", \"attributes\": {\"choices\": [16, 32, 64, 128, 256]}}"}
{"op_code":5,"worker_id":"14ccb1d8-6cd5-4d00-bc76-74a331961dd9-135760465028928","trial_id":175,"param_name":"k","param_value_internal":2,"distribution":"{\"name\": \"CategoricalDistribution\", \"attributes\": {\"choices\": [16, 32, 64, 128]}}"}
{"op_code":5,"worker_id":"14ccb1d8-6cd5-4d00-bc76-74a331961dd9-135760465028928","trial_id":175,"param_name":"gx","param_value_internal":0,"distribution":"{\"name\": \"CategoricalDistribution\", \"attributes\": {\"choices\": [1, 2, 4, 8]}}"}
{"op_code":5,"worker_id":"14ccb1d8-6cd5-4d00-bc76-74a331961dd9-135760465028928","trial_id":175,"param_name":"gy","param_value_internal":1,"distribution":"{\"name\": \"CategoricalDistribution\", \"attributes\": {\"choices\": [1, 2, 4, 8]}}"}
{"op_code":5,"worker_id":"14ccb1d8-6cd5-4d00-bc76-74a331961dd9-135760465028928","trial_id":175,"param_name":"sub","param_value_internal":0,"distribution":"{\"name\": \"CategoricalDistribution\", \"attributes\": {\"choices\": [32, 64]}}"}
{"op_code":8,"worker_id":"14ccb1d8-6cd5-4d00-bc76-74a331961dd9-135760465028928","trial_id":175,"user_attr":{"token":"tsweep_dbuf4_t64x16k64g12s32"}}
{"op_code":4,"worker_id":"14ccb1d8-6cd5-4d00-bc76-74a331961dd9-135760465028928","study_id":0,"datetime_start":"2026-08-07T14:16:10.957522"}
{"op_code":9,"worker_id":"14ccb1d8-6cd5-4d00-bc76-74a331961dd9-135760465028928","trial_id":176,"system_attr":{"tpe:relative_params:0":"{\"gx\": 2, \"gy\": 8, \"k\": 64, \"m\": 64, \"n\": 128, \"sub\": 64}"}}
{"op_code":5,"worker_id":"14ccb1d8-6cd5-4d00-bc76-74a331961dd9-135760465028928","trial_id":176,"param_name":"m","param_value_internal":2,"distribution":"{\"name\": \"CategoricalDistribution\", \"attributes\": {\"choices\": [16, 32, 64, 128, 256]}}"}
{"op_code":5,"worker_id":"14ccb1d8-6cd5-4d00-bc76-74a331961dd9-135760465028928","trial_id":176,"param_name":"n","param_value_internal":3,"distribution":"{\"name\": \"CategoricalDistribution\", \"attributes\": {\"choices\": [16, 32, 64, 128, 256]}}"}
{"op_code":5,"worker_id":"14ccb1d8-6cd5-4d00-bc76-74a331961dd9-135760465028928","trial_id":176,"param_name":"k","param_value_internal":2,"distribution":"{\"name\": \"CategoricalDistribution\", \"attributes\": {\"choices\": [16, 32, 64, 128]}}"}
{"op_code":5,"worker_id":"14ccb1d8-6cd5-4d00-bc76-74a331961dd9-135760465028928","trial_id":176,"param_name":"gx","param_value_internal":1,"distribution":"{\"name\": \"CategoricalDistribution\", \"attributes\": {\"choices\": [1, 2, 4, 8]}}"}
{"op_code":5,"worker_id":"14ccb1d8-6cd5-4d00-bc76-74a331961dd9-135760465028928","trial_id":176,"param_name":"gy","param_value_internal":3,"distribution":"{\"name\": \"CategoricalDistribution\", \"attributes\": {\"choices\": [1, 2, 4, 8]}}"}
{"op_code":5,"worker_id":"14ccb1d8-6cd5-4d00-bc76-74a331961dd9-135760465028928","trial_id":176,"param_name":"sub","param_value_internal":1,"distribution":"{\"name\": \"CategoricalDistribution\", \"attributes\": {\"choices\": [32, 64]}}"}
{"op_code":6,"worker_id":"14ccb1d8-6cd5-4d00-bc76-74a331961dd9-135760465028928","trial_id":176,"state":2,"values":null,"datetime_complete":"2026-08-07T14:16:10.979041"}
{"op_code":4,"worker_id":"14ccb1d8-6cd5-4d00-bc76-74a331961dd9-135760465028928","study_id":0,"datetime_start":"2026-08-07T14:16:10.981096"}
{"op_code":9,"worker_id":"14ccb1d8-6cd5-4d00-bc76-74a331961dd9-135760465028928","trial_id":177,"system_attr":{"tpe:relative_params:0":"{\"gx\": 2, \"gy\": 4, \"k\": 64, \"m\": 256, \"n\": 128, \"sub\": 32}"}}
{"op_code":5,"worker_id":"14ccb1d8-6cd5-4d00-bc76-74a331961dd9-135760465028928","trial_id":177,"param_name":"m","param_value_internal":4,"distribution":"{\"name\": \"CategoricalDistribution\", \"attributes\": {\"choices\": [16, 32, 64, 128, 256]}}"}
{"op_code":5,"worker_id":"14ccb1d8-6cd5-4d00-bc76-74a331961dd9-135760465028928","trial_id":177,"param_name":"n","param_value_internal":3,"distribution":"{\"name\": \"CategoricalDistribution\", \"attributes\": {\"choices\": [16, 32, 64, 128, 256]}}"}
{"op_code":5,"worker_id":"14ccb1d8-6cd5-4d00-bc76-74a331961dd9-135760465028928","trial_id":177,"param_name":"k","param_value_internal":2,"distribution":"{\"name\": \"CategoricalDistribution\", \"attributes\": {\"choices\": [16, 32, 64, 128]}}"}
{"op_code":5,"worker_id":"14ccb1d8-6cd5-4d00-bc76-74a331961dd9-135760465028928","trial_id":177,"param_name":"gx","param_value_internal":1,"distribution":"{\"name\": \"CategoricalDistribution\", \"attributes\": {\"choices\": [1, 2, 4, 8]}}"}
{"op_code":5,"worker_id":"14ccb1d8-6cd5-4d00-bc76-74a331961dd9-135760465028928","trial_id":177,"param_name":"gy","param_value_internal":2,"distribution":"{\"name\": \"CategoricalDistribution\", \"attributes\": {\"choices\": [1, 2, 4, 8]}}"}
{"op_code":5,"worker_id":"14ccb1d8-6cd5-4d00-bc76-74a331961dd9-135760465028928","trial_id":177,"param_name":"sub","param_value_internal":0,"distribution":"{\"name\": \"CategoricalDistribution\", \"attributes\": {\"choices\": [32, 64]}}"}
{"op_code":8,"worker_id":"14ccb1d8-6cd5-4d00-bc76-74a331961dd9-135760465028928","trial_id":177,"user_attr":{"token":"tsweep_dbuf4_t256x128k64g24s32"}}
{"op_code":4,"worker_id":"14ccb1d8-6cd5-4d00-bc76-74a331961dd9-135760465028928","study_id":0,"datetime_start":"2026-08-07T14:16:11.005681"}
{"op_code":9,"worker_id":"14ccb1d8-6cd5-4d00-bc76-74a331961dd9-135760465028928","trial_id":178,"system_attr":{"tpe:relative_params:0":"{\"gx\": 2, \"gy\": 4, \"k\": 32, \"m\": 128, \"n\": 64, \"sub\": 32}"}}
{"op_code":5,"worker_id":"14ccb1d8-6cd5-4d00-bc76-74a331961dd9-135760465028928","trial_id":178,"param_name":"m","param_value_internal":3,"distribution":"{\"name\": \"CategoricalDistribution\", \"attributes\": {\"choices\": [16, 32, 64, 128, 256]}}"}
{"op_code":5,"worker_id":"14ccb1d8-6cd5-4d00-bc76-74a331961dd9-135760465028928","trial_id":178,"param_name":"n","param_value_internal":2,"distribution":"{\"name\": \"CategoricalDistribution\", \"attributes\": {\"choices\": [16, 32, 64, 128, 256]}}"}
{"op_code":5,"worker_id":"14ccb1d8-6cd5-4d00-bc76-74a331961dd9-135760465028928","trial_id":178,"param_name":"k","param_value_internal":1,"distribution":"{\"name\": \"CategoricalDistribution\", \"attributes\": {\"choices\": [16, 32, 64, 128]}}"}
{"op_code":5,"worker_id":"14ccb1d8-6cd5-4d00-bc76-74a331961dd9-135760465028928","trial_id":178,"param_name":"gx","param_value_internal":1,"distribution":"{\"name\": \"CategoricalDistribution\", \"attributes\": {\"choices\": [1, 2, 4, 8]}}"}
{"op_code":5,"worker_id":"14ccb1d8-6cd5-4d00-bc76-74a331961dd9-135760465028928","trial_id":178,"param_name":"gy","param_value_internal":2,"distribution":"{\"name\": \"CategoricalDistribution\", \"attributes\": {\"choices\": [1, 2, 4, 8]}}"}
{"op_code":5,"worker_id":"14ccb1d8-6cd5-4d00-bc76-74a331961dd9-135760465028928","trial_id":178,"param_name":"sub","param_value_internal":0,"distribution":"{\"name\": \"CategoricalDistribution\", \"attributes\": {\"choices\": [32, 64]}}"}
{"op_code":8,"worker_id":"14ccb1d8-6cd5-4d00-bc76-74a331961dd9-135760465028928","trial_id":178,"user_attr":{"token":"tsweep_dbuf4_t128x64k32g24s32"}}
{"op_code":4,"worker_id":"14ccb1d8-6cd5-4d00-bc76-74a331961dd9-135760465028928","study_id":0,"datetime_start":"2026-08-07T14:16:11.029352"}
{"op_code":9,"worker_id":"14ccb1d8-6cd5-4d00-bc76-74a331961dd9-135760465028928","trial_id":179,"system_attr":{"tpe:relative_params:0":"{\"gx\": 1, \"gy\": 2, \"k\": 128, \"m\": 64, \"n\": 32, \"sub\": 32}"}}
{"op_code":5,"worker_id":"14ccb1d8-6cd5-4d00-bc76-74a331961dd9-135760465028928","trial_id":179,"param_name":"m","param_value_internal":2,"distribution":"{\"name\": \"CategoricalDistribution\", \"attributes\": {\"choices\": [16, 32, 64, 128, 256]}}"}
{"op_code":5,"worker_id":"14ccb1d8-6cd5-4d00-bc76-74a331961dd9-135760465028928","trial_id":179,"param_name":"n","param_value_internal":1,"distribution":"{\"name\": \"CategoricalDistribution\", \"attributes\": {\"choices\": [16, 32, 64, 128, 256]}}"}
{"op_code":5,"worker_id":"14ccb1d8-6cd5-4d00-bc76-74a331961dd9-135760465028928","trial_id":179,"param_name":"k","param_value_internal":3,"distribution":"{\"name\": \"CategoricalDistribution\", \"attributes\": {\"choices\": [16, 32, 64, 128]}}"}
{"op_code":5,"worker_id":"14ccb1d8-6cd5-4d00-bc76-74a331961dd9-135760465028928","trial_id":179,"param_name":"gx","param_value_internal":0,"distribution":"{\"name\": \"CategoricalDistribution\", \"attributes\": {\"choices\": [1, 2, 4, 8]}}"}
{"op_code":5,"worker_id":"14ccb1d8-6cd5-4d00-bc76-74a331961dd9-135760465028928","trial_id":179,"param_name":"gy","param_value_internal":1,"distribution":"{\"name\": \"CategoricalDistribution\", \"attributes\": {\"choices\": [1, 2, 4, 8]}}"}
{"op_code":5,"worker_id":"14ccb1d8-6cd5-4d00-bc76-74a331961dd9-135760465028928","trial_id":179,"param_name":"sub","param_value_internal":0,"distribution":"{\"name\": \"CategoricalDistribution\", \"attributes\": {\"choices\": [32, 64]}}"}
{"op_code":8,"worker_id":"14ccb1d8-6cd5-4d00-bc76-74a331961dd9-135760465028928","trial_id":179,"user_attr":{"token":"tsweep_dbuf4_t64x32k128g12s32"}}
{"op_code":4,"worker_id":"14ccb1d8-6cd5-4d00-bc76-74a331961dd9-135760465028928","study_id":0,"datetime_start":"2026-08-07T14:16:11.052475"}
{"op_code":9,"worker_id":"14ccb1d8-6cd5-4d00-bc76-74a331961dd9-135760465028928","trial_id":180,"system_attr":{"tpe:relative_params:0":"{\"gx\": 8, \"gy\": 1, \"k\": 64, \"m\": 128, \"n\": 16, \"sub\": 64}"}}
{"op_code":5,"worker_id":"14ccb1d8-6cd5-4d00-bc76-74a331961dd9-135760465028928","trial_id":180,"param_name":"m","param_value_internal":3,"distribution":"{\"name\": \"CategoricalDistribution\", \"attributes\": {\"choices\": [16, 32, 64, 128, 256]}}"}
{"op_code":5,"worker_id":"14ccb1d8-6cd5-4d00-bc76-74a331961dd9-135760465028928","trial_id":180,"param_name":"n","param_value_internal":0,"distribution":"{\"name\": \"CategoricalDistribution\", \"attributes\": {\"choices\": [16, 32, 64, 128, 256]}}"}
{"op_code":5,"worker_id":"14ccb1d8-6cd5-4d00-bc76-74a331961dd9-135760465028928","trial_id":180,"param_name":"k","param_value_internal":2,"distribution":"{\"name\": \"CategoricalDistribution\", \"attributes\": {\"choices\": [16, 32, 64, 128]}}"}
{"op_code":5,"worker_id":"14ccb1d8-6cd5-4d00-bc76-74a331961dd9-135760465028928","trial_id":180,"param_name":"gx","param_value_internal":3,"distribution":"{\"name\": \"CategoricalDistribution\", \"attributes\": {\"choices\": [1, 2, 4, 8]}}"}
{"op_code":5,"worker_id":"14ccb1d8-6cd5-4d00-bc76-74a331961dd9-135760465028928","trial_id":180,"param_name":"gy","param_value_internal":0,"distribution":"{\"name\": \"CategoricalDistribution\", \"attributes\": {\"choices\": [1, 2, 4, 8]}}"}
{"op_code":5,"worker_id":"14ccb1d8-6cd5-4d00-bc76-74a331961dd9-135760465028928","trial_id":180,"param_name":"sub","param_value_internal":1,"distribution":"{\"name\": \"CategoricalDistribution\", \"attributes\": {\"choices\": [32, 64]}}"}
{"op_code":6,"worker_id":"14ccb1d8-6cd5-4d00-bc76-74a331961dd9-135760465028928","trial_id":180,"state":2,"values":null,"datetime_complete":"2026-08-07T14:16:11.073026"}
{"op_code":4,"worker_id":"14ccb1d8-6cd5-4d00-bc76-74a331961dd9-135760465028928","study_id":0,"datetime_start":"2026-08-07T14:16:11.075264"}
{"op_code":9,"worker_id":"14ccb1d8-6cd5-4d00-bc76-74a331961dd9-135760465028928","trial_id":181,"system_attr":{"tpe:relative_params:0":"{\"gx\": 2, \"gy\": 8, \"k\": 64, \"m\": 128, \"n\": 32, \"sub\": 32}"}}
{"op_code":5,"worker_id":"14ccb1d8-6cd5-4d00-bc76-74a331961dd9-135760465028928","trial_id":181,"param_name":"m","param_value_internal":3,"distribution":"{\"name\": \"CategoricalDistribution\", \"attributes\": {\"choices\": [16, 32, 64, 128, 256]}}"}
{"op_code":5,"worker_id":"14ccb1d8-6cd5-4d00-bc76-74a331961dd9-135760465028928","trial_id":181,"param_name":"n","param_value_internal":1,"distribution":"{\"name\": \"CategoricalDistribution\", \"attributes\": {\"choices\": [16, 32, 64, 128, 256]}}"}
{"op_code":5,"worker_id":"14ccb1d8-6cd5-4d00-bc76-74a331961dd9-135760465028928","trial_id":181,"param_name":"k","param_value_internal":2,"distribution":"{\"name\": \"CategoricalDistribution\", \"attributes\": {\"choices\": [16, 32, 64, 128]}}"}
{"op_code":5,"worker_id":"14ccb1d8-6cd5-4d00-bc76-74a331961dd9-135760465028928","trial_id":181,"param_name":"gx","param_value_internal":1,"distribution":"{\"name\": \"CategoricalDistribution\", \"attributes\": {\"choices\": [1, 2, 4, 8]}}"}
{"op_code":5,"worker_id":"14ccb1d8-6cd5-4d00-bc76-74a331961dd9-135760465028928","trial_id":181,"param_name":"gy","param_value_internal":3,"distribution":"{\"name\": \"CategoricalDistribution\", \"attributes\": {\"choices\": [1, 2, 4, 8]}}"}
{"op_code":5,"worker_id":"14ccb1d8-6cd5-4d00-bc76-74a331961dd9-135760465028928","trial_id":181,"param_name":"sub","param_value_internal":0,"distribution":"{\"name\": \"CategoricalDistribution\", \"attributes\": {\"choices\": [32, 64]}}"}
{"op_code":6,"worker_id":"14ccb1d8-6cd5-4d00-bc76-74a331961dd9-135760465028928","trial_id":181,"state":2,"values":null,"datetime_complete":"2026-08-07T14:16:11.102881"}
{"op_code":4,"worker_id":"14ccb1d8-6cd5-4d00-bc76-74a331961dd9-135760465028928","study_id":0,"datetime_start":"2026-08-07T14:16:11.105674"}
{"op_code":9,"worker_id":"14ccb1d8-6cd5-4d00-bc76-74a331961dd9-135760465028928","trial_id":182,"system_attr":{"tpe:relative_params:0":"{\"gx\": 4, \"gy\": 4, \"k\": 128, \"m\": 64, \"n\": 128, \"sub\": 32}"}}
{"op_code":5,"worker_id":"14ccb1d8-6cd5-4d00-bc76-74a331961dd9-135760465028928","trial_id":182,"param_name":"m","param_value_internal":2,"distribution":"{\"name\": \"CategoricalDistribution\", \"attributes\": {\"choices\": [16, 32, 64, 128, 256]}}"}
{"op_code":5,"worker_id":"14ccb1d8-6cd5-4d00-bc76-74a331961dd9-135760465028928","trial_id":182,"param_name":"n","param_value_internal":3,"distribution":"{\"name\": \"CategoricalDistribution\", \"attributes\": {\"choices\": [16, 32, 64, 128, 256]}}"}
{"op_code":5,"worker_id":"14ccb1d8-6cd5-4d00-bc76-74a331961dd9-135760465028928","trial_id":182,"param_name":"k","param_value_internal":3,"distribution":"{\"name\": \"CategoricalDistribution\", \"attributes\": {\"choices\": [16, 32, 64, 128]}}"}
{"op_code":5,"worker_id":"14ccb1d8-6cd5-4d00-bc76-74a331961dd9-135760465028928","trial_id":182,"param_name":"gx","param_value_internal":2,"distribution":"{\"name\": \"CategoricalDistribution\", \"attributes\": {\"choices\": [1, 2, 4, 8]}}"}
{"op_code":5,"worker_id":"14ccb1d8-6cd5-4d00-bc76-74a331961dd9-135760465028928","trial_id":182,"param_name":"gy","param_value_internal":2,"distribution":"{\"name\": \"CategoricalDistribution\", \"attributes\": {\"choices\": [1, 2, 4, 8]}}"}
{"op_code":5,"worker_id":"14ccb1d8-6cd5-4d00-bc76-74a331961dd9-135760465028928","trial_id":182,"param_name":"sub","param_value_internal":0,"distribution":"{\"name\": \"CategoricalDistribution\", \"attributes\": {\"choices\": [32, 64]}}"}
{"op_code":8,"worker_id":"14ccb1d8-6cd5-4d00-bc76-74a331961dd9-135760465028928","trial_id":182,"user_attr":{"token":"tsweep_dbuf4_t64x128k128g44s32"}}
{"op_code":4,"worker_id":"14ccb1d8-6cd5-4d00-bc76-74a331961dd9-135760465028928","study_id":0,"datetime_start":"2026-08-07T14:16:11.135543"}
{"op_code":9,"worker_id":"14ccb1d8-6cd5-4d00-bc76-74a331961dd9-135760465028928","trial_id":183,"system_attr":{"tpe:relative_params:0":"{\"gx\": 2, \"gy\": 4, \"k\": 32, \"m\": 128, \"n\": 128, \"sub\": 64}"}}
{"op_code":5,"worker_id":"14ccb1d8-6cd5-4d00-bc76-74a331961dd9-135760465028928","trial_id":183,"param_name":"m","param_value_internal":3,"distribution":"{\"name\": \"CategoricalDistribution\", \"attributes\": {\"choices\": [16, 32, 64, 128, 256]}}"}
{"op_code":5,"worker_id":"14ccb1d8-6cd5-4d00-bc76-74a331961dd9-135760465028928","trial_id":183,"param_name":"n","param_value_internal":3,"distribution":"{\"name\": \"CategoricalDistribution\", \"attributes\": {\"choices\": [16, 32, 64, 128, 256]}}"}
{"op_code":5,"worker_id":"14ccb1d8-6cd5-4d00-bc76-74a331961dd9-135760465028928","trial_id":183,"param_name":"k","param_value_internal":1,"distribution":"{\"name\": \"CategoricalDistribution\", \"attributes\": {\"choices\": [16, 32, 64, 128]}}"}
{"op_code":5,"worker_id":"14ccb1d8-6cd5-4d00-bc76-74a331961dd9-135760465028928","trial_id":183,"param_name":"gx","param_value_internal":1,"distribution":"{\"name\": \"CategoricalDistribution\", \"attributes\": {\"choices\": [1, 2, 4, 8]}}"}
{"op_code":5,"worker_id":"14ccb1d8-6cd5-4d00-bc76-74a331961dd9-135760465028928","trial_id":183,"param_name":"gy","param_value_internal":2,"distribution":"{\"name\": \"CategoricalDistribution\", \"attributes\": {\"choices\": [1, 2, 4, 8]}}"}
{"op_code":5,"worker_id":"14ccb1d8-6cd5-4d00-bc76-74a331961dd9-135760465028928","trial_id":183,"param_name":"sub","param_value_internal":1,"distribution":"{\"name\": \"CategoricalDistribution\", \"attributes\": {\"choices\": [32, 64]}}"}
{"op_code":8,"worker_id":"14ccb1d8-6cd5-4d00-bc76-74a331961dd9-135760465028928","trial_id":183,"user_attr":{"token":"tsweep_dbuf4_t128x128k32g24s64"}}
{"op_code":4,"worker_id":"14ccb1d8-6cd5-4d00-bc76-74a331961dd9-135760465028928","study_id":0,"datetime_start":"2026-08-07T14:16:11.159961"}
{"op_code":9,"worker_id":"14ccb1d8-6cd5-4d00-bc76-74a331961dd9-135760465028928","trial_id":184,"system_attr":{"tpe:relative_params:0":"{\"gx\": 2, \"gy\": 4, \"k\": 64, \"m\": 32, \"n\": 32, \"sub\": 64}"}}
{"op_code":5,"worker_id":"14ccb1d8-6cd5-4d00-bc76-74a331961dd9-135760465028928","trial_id":184,"param_name":"m","param_value_internal":1,"distribution":"{\"name\": \"CategoricalDistribution\", \"attributes\": {\"choices\": [16, 32, 64, 128, 256]}}"}
{"op_code":5,"worker_id":"14ccb1d8-6cd5-4d00-bc76-74a331961dd9-135760465028928","trial_id":184,"param_name":"n","param_value_internal":1,"distribution":"{\"name\": \"CategoricalDistribution\", \"attributes\": {\"choices\": [16, 32, 64, 128, 256]}}"}
{"op_code":5,"worker_id":"14ccb1d8-6cd5-4d00-bc76-74a331961dd9-135760465028928","trial_id":184,"param_name":"k","param_value_internal":2,"distribution":"{\"name\": \"CategoricalDistribution\", \"attributes\": {\"choices\": [16, 32, 64, 128]}}"}
{"op_code":5,"worker_id":"14ccb1d8-6cd5-4d00-bc76-74a331961dd9-135760465028928","trial_id":184,"param_name":"gx","param_value_internal":1,"distribution":"{\"name\": \"CategoricalDistribution\", \"attributes\": {\"choices\": [1, 2, 4, 8]}}"}
{"op_code":5,"worker_id":"14ccb1d8-6cd5-4d00-bc76-74a331961dd9-135760465028928","trial_id":184,"param_name":"gy","param_value_internal":2,"distribution":"{\"name\": \"CategoricalDistribution\", \"attributes\": {\"choices\": [1, 2, 4, 8]}}"}
{"op_code":5,"worker_id":"14ccb1d8-6cd5-4d00-bc76-74a331961dd9-135760465028928","trial_id":184,"param_name":"sub","param_value_internal":1,"distribution":"{\"name\": \"CategoricalDistribution\", \"attributes\": {\"choices\": [32, 64]}}"}
{"op_code":6,"worker_id":"14ccb1d8-6cd5-4d00-bc76-74a331961dd9-135760465028928","trial_id":184,"state":2,"values":null,"datetime_complete":"2026-08-07T14:16:11.181848"}
{"op_code":4,"worker_id":"14ccb1d8-6cd5-4d00-bc76-74a331961dd9-135760465028928","study_id":0,"datetime_start":"2026-08-07T14:16:11.183852"}
{"op_code":9,"worker_id":"14ccb1d8-6cd5-4d00-bc76-74a331961dd9-135760465028928","trial_id":185,"system_attr":{"tpe:relative_params:0":"{\"gx\": 8, \"gy\": 4, \"k\": 64, \"m\": 64, \"n\": 128, \"sub\": 32}"}}
{"op_code":5,"worker_id":"14ccb1d8-6cd5-4d00-bc76-74a331961dd9-135760465028928","trial_id":185,"param_name":"m","param_value_internal":2,"distribution":"{\"name\": \"CategoricalDistribution\", \"attributes\": {\"choices\": [16, 32, 64, 128, 256]}}"}
{"op_code":5,"worker_id":"14ccb1d8-6cd5-4d00-bc76-74a331961dd9-135760465028928","trial_id":185,"param_name":"n","param_value_internal":3,"distribution":"{\"name\": \"CategoricalDistribution\", \"attributes\": {\"choices\": [16, 32, 64, 128, 256]}}"}
{"op_code":5,"worker_id":"14ccb1d8-6cd5-4d00-bc76-74a331961dd9-135760465028928","trial_id":185,"param_name":"k","param_value_internal":2,"distribution":"{\"name\": \"CategoricalDistribution\", \"attributes\": {\"choices\": [16, 32, 64, 128]}}"}
{"op_code":5,"worker_id":"14ccb1d8-6cd5-4d00-bc76-74a331961dd9-135760465028928","trial_id":185,"param_name":"gx","param_value_internal":3,"distribution":"{\"name\": \"CategoricalDistribution\", \"attributes\": {\"choices\": [1, 2, 4, 8]}}"}
{"op_code":5,"worker_id":"14ccb1d8-6cd5-4d00-bc76-74a331961dd9-135760465028928","trial_id":185,"param_name":"gy","param_value_internal":2,"distribution":"{\"name\": \"CategoricalDistribution\", \"attributes\": {\"choices\": [1, 2, 4, 8]}}"}
{"op_code":5,"worker_id":"14ccb1d8-6cd5-4d00-bc76-74a331961dd9-135760465028928","trial_id":185,"param_name":"sub","param_value_internal":0,"distribution":"{\"name\": \"CategoricalDistribution\", \"attributes\": {\"choices\": [32, 64]}}"}
{"op_code":8,"worker_id":"14ccb1d8-6cd5-4d00-bc76-74a331961dd9-135760465028928","trial_id":185,"user_attr":{"token":"tsweep_dbuf4_t64x128k64g84s32"}}
{"op_code":4,"worker_id":"14ccb1d8-6cd5-4d00-bc76-74a331961dd9-135760465028928","study_id":0,"datetime_start":"2026-08-07T14:16:11.206154"}
{"op_code":9,"worker_id":"14ccb1d8-6cd5-4d00-bc76-74a331961dd9-135760465028928","trial_id":186,"system_attr":{"tpe:relative_params:0":"{\"gx\": 8, \"gy\": 4, \"k\": 32, \"m\": 32, \"n\": 128, \"sub\": 32}"}}
{"op_code":5,"worker_id":"14ccb1d8-6cd5-4d00-bc76-74a331961dd9-135760465028928","trial_id":186,"param_name":"m","param_value_internal":1,"distribution":"{\"name\": \"CategoricalDistribution\", \"attributes\": {\"choices\": [16, 32, 64, 128, 256]}}"}
{"op_code":5,"worker_id":"14ccb1d8-6cd5-4d00-bc76-74a331961dd9-135760465028928","trial_id":186,"param_name":"n","param_value_internal":3,"distribution":"{\"name\": \"CategoricalDistribution\", \"attributes\": {\"choices\": [16, 32, 64, 128, 256]}}"}
{"op_code":5,"worker_id":"14ccb1d8-6cd5-4d00-bc76-74a331961dd9-135760465028928","trial_id":186,"param_name":"k","param_value_internal":1,"distribution":"{\"name\": \"CategoricalDistribution\", \"attributes\": {\"choices\": [16, 32, 64, 128]}}"}
{"op_code":5,"worker_id":"14ccb1d8-6cd5-4d00-bc76-74a331961dd9-135760465028928","trial_id":186,"param_name":"gx","param_value_internal":3,"distribution":"{\"name\": \"CategoricalDistribution\", \"attributes\": {\"choices\": [1, 2, 4, 8]}}"}
{"op_code":5,"worker_id":"14ccb1d8-6cd5-4d00-bc76-74a331961dd9-135760465028928","trial_id":186,"param_name":"gy","param_value_internal":2,"distribution":"{\"name\": \"CategoricalDistribution\", \"attributes\": {\"choices\": [1, 2, 4, 8]}}"}
{"op_code":5,"worker_id":"14ccb1d8-6cd5-4d00-bc76-74a331961dd9-135760465028928","trial_id":186,"param_name":"sub","param_value_internal":0,"distribution":"{\"name\": \"CategoricalDistribution\", \"attributes\": {\"choices\": [32, 64]}}"}
{"op_code":6,"worker_id":"14ccb1d8-6cd5-4d00-bc76-74a331961dd9-135760465028928","trial_id":186,"state":2,"values":null,"datetime_complete":"2026-08-07T14:16:11.228292"}
{"op_code":4,"worker_id":"14ccb1d8-6cd5-4d00-bc76-74a331961dd9-135760465028928","study_id":0,"datetime_start":"2026-08-07T14:16:11.230361"}
{"op_code":9,"worker_id":"14ccb1d8-6cd5-4d00-bc76-74a331961dd9-135760465028928","trial_id":187,"system_attr":{"tpe:relative_params:0":"{\"gx\": 1, \"gy\": 2, \"k\": 32, \"m\": 32, \"n\": 16, \"sub\": 64}"}}
{"op_code":5,"worker_id":"14ccb1d8-6cd5-4d00-bc76-74a331961dd9-135760465028928","trial_id":187,"param_name":"m","param_value_internal":1,"distribution":"{\"name\": \"CategoricalDistribution\", \"attributes\": {\"choices\": [16, 32, 64, 128, 256]}}"}
{"op_code":5,"worker_id":"14ccb1d8-6cd5-4d00-bc76-74a331961dd9-135760465028928","trial_id":187,"param_name":"n","param_value_internal":0,"distribution":"{\"name\": \"CategoricalDistribution\", \"attributes\": {\"choices\": [16, 32, 64, 128, 256]}}"}
{"op_code":5,"worker_id":"14ccb1d8-6cd5-4d00-bc76-74a331961dd9-135760465028928","trial_id":187,"param_name":"k","param_value_internal":1,"distribution":"{\"name\": \"CategoricalDistribution\", \"attributes\": {\"choices\": [16, 32, 64, 128]}}"}
{"op_code":5,"worker_id":"14ccb1d8-6cd5-4d00-bc76-74a331961dd9-135760465028928","trial_id":187,"param_name":"gx","param_value_internal":0,"distribution":"{\"name\": \"CategoricalDistribution\", \"attributes\": {\"choices\": [1, 2, 4, 8]}}"}
{"op_code":5,"worker_id":"14ccb1d8-6cd5-4d00-bc76-74a331961dd9-135760465028928","trial_id":187,"param_name":"gy","param_value_internal":1,"distribution":"{\"name\": \"CategoricalDistribution\", \"attributes\": {\"choices\": [1, 2, 4, 8]}}"}
{"op_code":5,"worker_id":"14ccb1d8-6cd5-4d00-bc76-74a331961dd9-135760465028928","trial_id":187,"param_name":"sub","param_value_internal":1,"distribution":"{\"name\": \"CategoricalDistribution\", \"attributes\": {\"choices\": [32, 64]}}"}
{"op_code":8,"worker_id":"14ccb1d8-6cd5-4d00-bc76-74a331961dd9-135760465028928","trial_id":187,"user_attr":{"token":"tsweep_dbuf4_t32x16k32g12s64"}}
{"op_code":4,"worker_id":"14ccb1d8-6cd5-4d00-bc76-74a331961dd9-135760465028928","study_id":0,"datetime_start":"2026-08-07T14:16:11.253790"}
{"op_code":9,"worker_id":"14ccb1d8-6cd5-4d00-bc76-74a331961dd9-135760465028928","trial_id":188,"system_attr":{"tpe:relative_params:0":"{\"gx\": 4, \"gy\": 2, \"k\": 32, \"m\": 64, \"n\": 64, \"sub\": 32}"}}
{"op_code":5,"worker_id":"14ccb1d8-6cd5-4d00-bc76-74a331961dd9-135760465028928","trial_id":188,"param_name":"m","param_value_internal":2,"distribution":"{\"name\": \"CategoricalDistribution\", \"attributes\": {\"choices\": [16, 32, 64, 128, 256]}}"}
{"op_code":5,"worker_id":"14ccb1d8-6cd5-4d00-bc76-74a331961dd9-135760465028928","trial_id":188,"param_name":"n","param_value_internal":2,"distribution":"{\"name\": \"CategoricalDistribution\", \"attributes\": {\"choices\": [16, 32, 64, 128, 256]}}"}
{"op_code":5,"worker_id":"14ccb1d8-6cd5-4d00-bc76-74a331961dd9-135760465028928","trial_id":188,"param_name":"k","param_value_internal":1,"distribution":"{\"name\": \"CategoricalDistribution\", \"attributes\": {\"choices\": [16, 32, 64, 128]}}"}
{"op_code":5,"worker_id":"14ccb1d8-6cd5-4d00-bc76-74a331961dd9-135760465028928","trial_id":188,"param_name":"gx","param_value_internal":2,"distribution":"{\"name\": \"CategoricalDistribution\", \"attributes\": {\"choices\": [1, 2, 4, 8]}}"}
{"op_code":5,"worker_id":"14ccb1d8-6cd5-4d00-bc76-74a331961dd9-135760465028928","trial_id":188,"param_name":"gy","param_value_internal":1,"distribution":"{\"name\": \"CategoricalDistribution\", \"attributes\": {\"choices\": [1, 2, 4, 8]}}"}
{"op_code":5,"worker_id":"14ccb1d8-6cd5-4d00-bc76-74a331961dd9-135760465028928","trial_id":188,"param_name":"sub","param_value_internal":0,"distribution":"{\"name\": \"CategoricalDistribution\", \"attributes\": {\"choices\": [32, 64]}}"}
{"op_code":8,"worker_id":"14ccb1d8-6cd5-4d00-bc76-74a331961dd9-135760465028928","trial_id":188,"user_attr":{"token":"tsweep_dbuf4_t64x64k32g42s32"}}
{"op_code":4,"worker_id":"14ccb1d8-6cd5-4d00-bc76-74a331961dd9-135760465028928","study_id":0,"datetime_start":"2026-08-07T14:16:11.278332"}
{"op_code":9,"worker_id":"14ccb1d8-6cd5-4d00-bc76-74a331961dd9-135760465028928","trial_id":189,"system_attr":{"tpe:relative_params:0":"{\"gx\": 8, \"gy\": 1, \"k\": 64, \"m\": 256, \"n\": 128, \"sub\": 64}"}}
{"op_code":5,"worker_id":"14ccb1d8-6cd5-4d00-bc76-74a331961dd9-135760465028928","trial_id":189,"param_name":"m","param_value_internal":4,"distribution":"{\"name\": \"CategoricalDistribution\", \"attributes\": {\"choices\": [16, 32, 64, 128, 256]}}"}
{"op_code":5,"worker_id":"14ccb1d8-6cd5-4d00-bc76-74a331961dd9-135760465028928","trial_id":189,"param_name":"n","param_value_internal":3,"distribution":"{\"name\": \"CategoricalDistribution\", \"attributes\": {\"choices\": [16, 32, 64, 128, 256]}}"}
{"op_code":5,"worker_id":"14ccb1d8-6cd5-4d00-bc76-74a331961dd9-135760465028928","trial_id":189,"param_name":"k","param_value_internal":2,"distribution":"{\"name\": \"CategoricalDistribution\", \"attributes\": {\"choices\": [16, 32, 64, 128]}}"}
{"op_code":5,"worker_id":"14ccb1d8-6cd5-4d00-bc76-74a331961dd9-135760465028928","trial_id":189,"param_name":"gx","param_value_internal":3,"distribution":"{\"name\": \"CategoricalDistribution\", \"attributes\": {\"choices\": [1, 2, 4, 8]}}"}
{"op_code":5,"worker_id":"14ccb1d8-6cd5-4d00-bc76-74a331961dd9-135760465028928","trial_id":189,"param_name":"gy","param_value_internal":0,"distribution":"{\"name\": \"CategoricalDistribution\", \"attributes\": {\"choices\": [1, 2, 4, 8]}}"}
{"op_code":5,"worker_id":"14ccb1d8-6cd5-4d00-bc76-74a331961dd9-135760465028928","trial_id":189,"param_name":"sub","param_value_internal":1,"distribution":"{\"name\": \"CategoricalDistribution\", \"attributes\": {\"choices\": [32, 64]}}"}
{"op_code":8,"worker_id":"14ccb1d8-6cd5-4d00-bc76-74a331961dd9-135760465028928","trial_id":189,"user_attr":{"token":"tsweep_dbuf4_t256x128k64g81s64"}}
{"op_code":6,"worker_id":"14ccb1d8-6cd5-4d00-bc76-74a331961dd9-135760465028928","trial_id":166,"state":2,"values":null,"datetime_complete":"2026-08-07T14:16:54.417265"}
{"op_code":6,"worker_id":"14ccb1d8-6cd5-4d00-bc76-74a331961dd9-135760465028928","trial_id":168,"state":1,"values":[1096.6115],"datetime_complete":"2026-08-07T14:17:19.676196"}
{"op_code":6,"worker_id":"14ccb1d8-6cd5-4d00-bc76-74a331961dd9-135760465028928","trial_id":169,"state":2,"values":null,"datetime_complete":"2026-08-07T14:17:32.159092"}
{"op_code":6,"worker_id":"14ccb1d8-6cd5-4d00-bc76-74a331961dd9-135760465028928","trial_id":170,"state":1,"values":[915.1065],"datetime_complete":"2026-08-07T14:17:59.846758"}
{"op_code":6,"worker_id":"14ccb1d8-6cd5-4d00-bc76-74a331961dd9-135760465028928","trial_id":172,"state":2,"values":null,"datetime_complete":"2026-08-07T14:18:07.012176"}
{"op_code":6,"worker_id":"14ccb1d8-6cd5-4d00-bc76-74a331961dd9-135760465028928","trial_id":174,"state":2,"values":null,"datetime_complete":"2026-08-07T14:18:13.597609"}
{"op_code":6,"worker_id":"14ccb1d8-6cd5-4d00-bc76-74a331961dd9-135760465028928","trial_id":175,"state":2,"values":null,"datetime_complete":"2026-08-07T14:18:19.389393"}
{"op_code":6,"worker_id":"14ccb1d8-6cd5-4d00-bc76-74a331961dd9-135760465028928","trial_id":177,"state":2,"values":null,"datetime_complete":"2026-08-07T14:18:26.392285"}
{"op_code":6,"worker_id":"14ccb1d8-6cd5-4d00-bc76-74a331961dd9-135760465028928","trial_id":178,"state":1,"values":[1191.95],"datetime_complete":"2026-08-07T14:18:51.289627"}
{"op_code":6,"worker_id":"14ccb1d8-6cd5-4d00-bc76-74a331961dd9-135760465028928","trial_id":179,"state":2,"values":null,"datetime_complete":"2026-08-07T14:19:02.813675"}
{"op_code":6,"worker_id":"14ccb1d8-6cd5-4d00-bc76-74a331961dd9-135760465028928","trial_id":182,"state":2,"values":null,"datetime_complete":"2026-08-07T14:19:14.596268"}
{"op_code":6,"worker_id":"14ccb1d8-6cd5-4d00-bc76-74a331961dd9-135760465028928","trial_id":183,"state":1,"values":[1214.1100000000001],"datetime_complete":"2026-08-07T14:19:40.307363"}
{"op_code":6,"worker_id":"14ccb1d8-6cd5-4d00-bc76-74a331961dd9-135760465028928","trial_id":185,"state":1,"values":[873.1814999999999],"datetime_complete":"2026-08-07T14:20:08.168806"}
{"op_code":6,"worker_id":"14ccb1d8-6cd5-4d00-bc76-74a331961dd9-135760465028928","trial_id":187,"state":1,"values":[976.5450000000001],"datetime_complete":"2026-08-07T14:20:41.586805"}
{"op_code":6,"worker_id":"14ccb1d8-6cd5-4d00-bc76-74a331961dd9-135760465028928","trial_id":188,"state":1,"values":[999.4169999999999],"datetime_complete":"2026-08-07T14:21:07.381979"}
{"op_code":6,"worker_id":"14ccb1d8-6cd5-4d00-bc76-74a331961dd9-135760465028928","trial_id":189,"state":2,"values":null,"datetime_complete":"2026-08-07T14:21:14.307545"}
{"op_code":4,"worker_id":"14ccb1d8-6cd5-4d00-bc76-74a331961dd9-135760465028928","study_id":0,"datetime_start":"2026-08-07T14:21:14.309948"}
{"op_code":9,"worker_id":"14ccb1d8-6cd5-4d00-bc76-74a331961dd9-135760465028928","trial_id":190,"system_attr":{"tpe:relative_params:0":"{\"gx\": 2, \"gy\": 8, \"k\": 32, \"m\": 64, \"n\": 128, \"sub\": 32}"}}
{"op_code":5,"worker_id":"14ccb1d8-6cd5-4d00-bc76-74a331961dd9-135760465028928","trial_id":190,"param_name":"m","param_value_internal":2,"distribution":"{\"name\": \"CategoricalDistribution\", \"attributes\": {\"choices\": [16, 32, 64, 128, 256]}}"}
{"op_code":5,"worker_id":"14ccb1d8-6cd5-4d00-bc76-74a331961dd9-135760465028928","trial_id":190,"param_name":"n","param_value_internal":3,"distribution":"{\"name\": \"CategoricalDistribution\", \"attributes\": {\"choices\": [16, 32, 64, 128, 256]}}"}
{"op_code":5,"worker_id":"14ccb1d8-6cd5-4d00-bc76-74a331961dd9-135760465028928","trial_id":190,"param_name":"k","param_value_internal":1,"distribution":"{\"name\": \"CategoricalDistribution\", \"attributes\": {\"choices\": [16, 32, 64, 128]}}"}
{"op_code":5,"worker_id":"14ccb1d8-6cd5-4d00-bc76-74a331961dd9-135760465028928","trial_id":190,"param_name":"gx","param_value_internal":1,"distribution":"{\"name\": \"CategoricalDistribution\", \"attributes\": {\"choices\": [1, 2, 4, 8]}}"}
{"op_code":5,"worker_id":"14ccb1d8-6cd5-4d00-bc76-74a331961dd9-135760465028928","trial_id":190,"param_name":"gy","param_value_internal":3,"distribution":"{\"name\": \"CategoricalDistribution\", \"attributes\": {\"choices\": [1, 2, 4, 8]}}"}
{"op_code":5,"worker_id":"14ccb1d8-6cd5-4d00-bc76-74a331961dd9-135760465028928","trial_id":190,"param_name":"sub","param_value_internal":0,"distribution":"{\"name\": \"CategoricalDistribution\", \"attributes\": {\"choices\": [32, 64]}}"}
{"op_code":6,"worker_id":"14ccb1d8-6cd5-4d00-bc76-74a331961dd9-135760465028928","trial_id":190,"state":2,"values":null,"datetime_complete":"2026-08-07T14:21:14.331716"}
{"op_code":4,"worker_id":"14ccb1d8-6cd5-4d00-bc76-74a331961dd9-135760465028928","study_id":0,"datetime_start":"2026-08-07T14:21:14.333719"}
{"op_code":9,"worker_id":"14ccb1d8-6cd5-4d00-bc76-74a331961dd9-135760465028928","trial_id":191,"system_attr":{"tpe:relative_params:0":"{\"gx\": 2, \"gy\": 4, \"k\": 32, \"m\": 128, \"n\": 64, \"sub\": 32}"}}
{"op_code":5,"worker_id":"14ccb1d8-6cd5-4d00-bc76-74a331961dd9-135760465028928","trial_id":191,"param_name":"m","param_value_internal":3,"distribution":"{\"name\": \"CategoricalDistribution\", \"attributes\": {\"choices\": [16, 32, 64, 128, 256]}}"}
{"op_code":5,"worker_id":"14ccb1d8-6cd5-4d00-bc76-74a331961dd9-135760465028928","trial_id":191,"param_name":"n","param_value_internal":2,"distribution":"{\"name\": \"CategoricalDistribution\", \"attributes\": {\"choices\": [16, 32, 64, 128, 256]}}"}
{"op_code":5,"worker_id":"14ccb1d8-6cd5-4d00-bc76-74a331961dd9-135760465028928","trial_id":191,"param_name":"k","param_value_internal":1,"distribution":"{\"name\": \"CategoricalDistribution\", \"attributes\": {\"choices\": [16, 32, 64, 128]}}"}
{"op_code":5,"worker_id":"14ccb1d8-6cd5-4d00-bc76-74a331961dd9-135760465028928","trial_id":191,"param_name":"gx","param_value_internal":1,"distribution":"{\"name\": \"CategoricalDistribution\", \"attributes\": {\"choices\": [1, 2, 4, 8]}}"}
{"op_code":5,"worker_id":"14ccb1d8-6cd5-4d00-bc76-74a331961dd9-135760465028928","trial_id":191,"param_name":"gy","param_value_internal":2,"distribution":"{\"name\": \"CategoricalDistribution\", \"attributes\": {\"choices\": [1, 2, 4, 8]}}"}
{"op_code":5,"worker_id":"14ccb1d8-6cd5-4d00-bc76-74a331961dd9-135760465028928","trial_id":191,"param_name":"sub","param_value_internal":0,"distribution":"{\"name\": \"CategoricalDistribution\", \"attributes\": {\"choices\": [32, 64]}}"}
{"op_code":6,"worker_id":"14ccb1d8-6cd5-4d00-bc76-74a331961dd9-135760465028928","trial_id":191,"state":2,"values":null,"datetime_complete":"2026-08-07T14:21:14.353040"}
{"op_code":4,"worker_id":"14ccb1d8-6cd5-4d00-bc76-74a331961dd9-135760465028928","study_id":0,"datetime_start":"2026-08-07T14:21:14.355145"}
{"op_code":9,"worker_id":"14ccb1d8-6cd5-4d00-bc76-74a331961dd9-135760465028928","trial_id":192,"system_attr":{"tpe:relative_params:0":"{\"gx\": 2, \"gy\": 4, \"k\": 32, \"m\": 128, \"n\": 128, \"sub\": 64}"}}
{"op_code":5,"worker_id":"14ccb1d8-6cd5-4d00-bc76-74a331961dd9-135760465028928","trial_id":192,"param_name":"m","param_value_internal":3,"distribution":"{\"name\": \"CategoricalDistribution\", \"attributes\": {\"choices\": [16, 32, 64, 128, 256]}}"}
{"op_code":5,"worker_id":"14ccb1d8-6cd5-4d00-bc76-74a331961dd9-135760465028928","trial_id":192,"param_name":"n","param_value_internal":3,"distribution":"{\"name\": \"CategoricalDistribution\", \"attributes\": {\"choices\": [16, 32, 64, 128, 256]}}"}
{"op_code":5,"worker_id":"14ccb1d8-6cd5-4d00-bc76-74a331961dd9-135760465028928","trial_id":192,"param_name":"k","param_value_internal":1,"distribution":"{\"name\": \"CategoricalDistribution\", \"attributes\": {\"choices\": [16, 32, 64, 128]}}"}
{"op_code":5,"worker_id":"14ccb1d8-6cd5-4d00-bc76-74a331961dd9-135760465028928","trial_id":192,"param_name":"gx","param_value_internal":1,"distribution":"{\"name\": \"CategoricalDistribution\", \"attributes\": {\"choices\": [1, 2, 4, 8]}}"}
{"op_code":5,"worker_id":"14ccb1d8-6cd5-4d00-bc76-74a331961dd9-135760465028928","trial_id":192,"param_name":"gy","param_value_internal":2,"distribution":"{\"name\": \"CategoricalDistribution\", \"attributes\": {\"choices\": [1, 2, 4, 8]}}"}
{"op_code":5,"worker_id":"14ccb1d8-6cd5-4d00-bc76-74a331961dd9-135760465028928","trial_id":192,"param_name":"sub","param_value_internal":1,"distribution":"{\"name\": \"CategoricalDistribution\", \"attributes\": {\"choices\": [32, 64]}}"}
{"op_code":6,"worker_id":"14ccb1d8-6cd5-4d00-bc76-74a331961dd9-135760465028928","trial_id":192,"state":2,"values":null,"datetime_complete":"2026-08-07T14:21:14.377672"}
{"op_code":4,"worker_id":"14ccb1d8-6cd5-4d00-bc76-74a331961dd9-135760465028928","study_id":0,"datetime_start":"2026-08-07T14:21:14.382769"}
{"op_code":9,"worker_id":"14ccb1d8-6cd5-4d00-bc76-74a331961dd9-135760465028928","trial_id":193,"system_attr":{"tpe:relative_params:0":"{\"gx\": 4, \"gy\": 4, \"k\": 64, \"m\": 128, \"n\": 64, \"sub\": 64}"}}
{"op_code":5,"worker_id":"14ccb1d8-6cd5-4d00-bc76-74a331961dd9-135760465028928","trial_id":193,"param_name":"m","param_value_internal":3,"distribution":"{\"name\": \"CategoricalDistribution\", \"attributes\": {\"choices\": [16, 32, 64, 128, 256]}}"}
{"op_code":5,"worker_id":"14ccb1d8-6cd5-4d00-bc76-74a331961dd9-135760465028928","trial_id":193,"param_name":"n","param_value_internal":2,"distribution":"{\"name\": \"CategoricalDistribution\", \"attributes\": {\"choices\": [16, 32, 64, 128, 256]}}"}
{"op_code":5,"worker_id":"14ccb1d8-6cd5-4d00-bc76-74a331961dd9-135760465028928","trial_id":193,"param_name":"k","param_value_internal":2,"distribution":"{\"name\": \"CategoricalDistribution\", \"attributes\": {\"choices\": [16, 32, 64, 128]}}"}
{"op_code":5,"worker_id":"14ccb1d8-6cd5-4d00-bc76-74a331961dd9-135760465028928","trial_id":193,"param_name":"gx","param_value_internal":2,"distribution":"{\"name\": \"CategoricalDistribution\", \"attributes\": {\"choices\": [1, 2, 4, 8]}}"}
{"op_code":5,"worker_id":"14ccb1d8-6cd5-4d00-bc76-74a331961dd9-135760465028928","trial_id":193,"param_name":"gy","param_value_internal":2,"distribution":"{\"name\": \"CategoricalDistribution\", \"attributes\": {\"choices\": [1, 2, 4, 8]}}"}
{"op_code":5,"worker_id":"14ccb1d8-6cd5-4d00-bc76-74a331961dd9-135760465028928","trial_id":193,"param_name":"sub","param_value_internal":1,"distribution":"{\"name\": \"CategoricalDistribution\", \"attributes\": {\"choices\": [32, 64]}}"}
{"op_code":8,"worker_id":"14ccb1d8-6cd5-4d00-bc76-74a331961dd9-135760465028928","trial_id":193,"user_attr":{"token":"tsweep_dbuf4_t128x64k64g44s64"}}
{"op_code":4,"worker_id":"14ccb1d8-6cd5-4d00-bc76-74a331961dd9-135760465028928","study_id":0,"datetime_start":"2026-08-07T14:21:14.407730"}
{"op_code":9,"worker_id":"14ccb1d8-6cd5-4d00-bc76-74a331961dd9-135760465028928","trial_id":194,"system_attr":{"tpe:relative_params:0":"{\"gx\": 2, \"gy\": 4, \"k\": 32, \"m\": 64, \"n\": 128, \"sub\": 32}"}}
{"op_code":5,"worker_id":"14ccb1d8-6cd5-4d00-bc76-74a331961dd9-135760465028928","trial_id":194,"param_name":"m","param_value_internal":2,"distribution":"{\"name\": \"CategoricalDistribution\", \"attributes\": {\"choices\": [16, 32, 64, 128, 256]}}"}
{"op_code":5,"worker_id":"14ccb1d8-6cd5-4d00-bc76-74a331961dd9-135760465028928","trial_id":194,"param_name":"n","param_value_internal":3,"distribution":"{\"name\": \"CategoricalDistribution\", \"attributes\": {\"choices\": [16, 32, 64, 128, 256]}}"}
{"op_code":5,"worker_id":"14ccb1d8-6cd5-4d00-bc76-74a331961dd9-135760465028928","trial_id":194,"param_name":"k","param_value_internal":1,"distribution":"{\"name\": \"CategoricalDistribution\", \"attributes\": {\"choices\": [16, 32, 64, 128]}}"}
{"op_code":5,"worker_id":"14ccb1d8-6cd5-4d00-bc76-74a331961dd9-135760465028928","trial_id":194,"param_name":"gx","param_value_internal":1,"distribution":"{\"name\": \"CategoricalDistribution\", \"attributes\": {\"choices\": [1, 2, 4, 8]}}"}
{"op_code":5,"worker_id":"14ccb1d8-6cd5-4d00-bc76-74a331961dd9-135760465028928","trial_id":194,"param_name":"gy","param_value_internal":2,"distribution":"{\"name\": \"CategoricalDistribution\", \"attributes\": {\"choices\": [1, 2, 4, 8]}}"}
{"op_code":5,"worker_id":"14ccb1d8-6cd5-4d00-bc76-74a331961dd9-135760465028928","trial_id":194,"param_name":"sub","param_value_internal":0,"distribution":"{\"name\": \"CategoricalDistribution\", \"attributes\": {\"choices\": [32, 64]}}"}
{"op_code":6,"worker_id":"14ccb1d8-6cd5-4d00-bc76-74a331961dd9-135760465028928","trial_id":194,"state":2,"values":null,"datetime_complete":"2026-08-07T14:21:14.430919"}
{"op_code":4,"worker_id":"14ccb1d8-6cd5-4d00-bc76-74a331961dd9-135760465028928","study_id":0,"datetime_start":"2026-08-07T14:21:14.433403"}
{"op_code":9,"worker_id":"14ccb1d8-6cd5-4d00-bc76-74a331961dd9-135760465028928","trial_id":195,"system_attr":{"tpe:relative_params:0":"{\"gx\": 2, \"gy\": 4, \"k\": 32, \"m\": 64, \"n\": 64, \"sub\": 32}"}}
{"op_code":5,"worker_id":"14ccb1d8-6cd5-4d00-bc76-74a331961dd9-135760465028928","trial_id":195,"param_name":"m","param_value_internal":2,"distribution":"{\"name\": \"CategoricalDistribution\", \"attributes\": {\"choices\": [16, 32, 64, 128, 256]}}"}
{"op_code":5,"worker_id":"14ccb1d8-6cd5-4d00-bc76-74a331961dd9-135760465028928","trial_id":195,"param_name":"n","param_value_internal":2,"distribution":"{\"name\": \"CategoricalDistribution\", \"attributes\": {\"choices\": [16, 32, 64, 128, 256]}}"}
{"op_code":5,"worker_id":"14ccb1d8-6cd5-4d00-bc76-74a331961dd9-135760465028928","trial_id":195,"param_name":"k","param_value_internal":1,"distribution":"{\"name\": \"CategoricalDistribution\", \"attributes\": {\"choices\": [16, 32, 64, 128]}}"}
{"op_code":5,"worker_id":"14ccb1d8-6cd5-4d00-bc76-74a331961dd9-135760465028928","trial_id":195,"param_name":"gx","param_value_internal":1,"distribution":"{\"name\": \"CategoricalDistribution\", \"attributes\": {\"choices\": [1, 2, 4, 8]}}"}
{"op_code":5,"worker_id":"14ccb1d8-6cd5-4d00-bc76-74a331961dd9-135760465028928","trial_id":195,"param_name":"gy","param_value_internal":2,"distribution":"{\"name\": \"CategoricalDistribution\", \"attributes\": {\"choices\": [1, 2, 4, 8]}}"}
{"op_code":5,"worker_id":"14ccb1d8-6cd5-4d00-bc76-74a331961dd9-135760465028928","trial_id":195,"param_name":"sub","param_value_internal":0,"distribution":"{\"name\": \"CategoricalDistribution\", \"attributes\": {\"choices\": [32, 64]}}"}
{"op_code":8,"worker_id":"14ccb1d8-6cd5-4d00-bc76-74a331961dd9-135760465028928","trial_id":195,"user_attr":{"token":"tsweep_dbuf4_t64x64k32g24s32"}}
{"op_code":4,"worker_id":"14ccb1d8-6cd5-4d00-bc76-74a331961dd9-135760465028928","study_id":0,"datetime_start":"2026-08-07T14:21:14.460240"}
{"op_code":9,"worker_id":"14ccb1d8-6cd5-4d00-bc76-74a331961dd9-135760465028928","trial_id":196,"system_attr":{"tpe:relative_params:0":"{\"gx\": 1, \"gy\": 4, \"k\": 16, \"m\": 128, \"n\": 256, \"sub\": 32}"}}
{"op_code":5,"worker_id":"14ccb1d8-6cd5-4d00-bc76-74a331961dd9-135760465028928","trial_id":196,"param_name":"m","param_value_internal":3,"distribution":"{\"name\": \"CategoricalDistribution\", \"attributes\": {\"choices\": [16, 32, 64, 128, 256]}}"}
{"op_code":5,"worker_id":"14ccb1d8-6cd5-4d00-bc76-74a331961dd9-135760465028928","trial_id":196,"param_name":"n","param_value_internal":4,"distribution":"{\"name\": \"CategoricalDistribution\", \"attributes\": {\"choices\": [16, 32, 64, 128, 256]}}"}
{"op_code":5,"worker_id":"14ccb1d8-6cd5-4d00-bc76-74a331961dd9-135760465028928","trial_id":196,"param_name":"k","param_value_internal":0,"distribution":"{\"name\": \"CategoricalDistribution\", \"attributes\": {\"choices\": [16, 32, 64, 128]}}"}
{"op_code":5,"worker_id":"14ccb1d8-6cd5-4d00-bc76-74a331961dd9-135760465028928","trial_id":196,"param_name":"gx","param_value_internal":0,"distribution":"{\"name\": \"CategoricalDistribution\", \"attributes\": {\"choices\": [1, 2, 4, 8]}}"}
{"op_code":5,"worker_id":"14ccb1d8-6cd5-4d00-bc76-74a331961dd9-135760465028928","trial_id":196,"param_name":"gy","param_value_internal":2,"distribution":"{\"name\": \"CategoricalDistribution\", \"attributes\": {\"choices\": [1, 2, 4, 8]}}"}
{"op_code":5,"worker_id":"14ccb1d8-6cd5-4d00-bc76-74a331961dd9-135760465028928","trial_id":196,"param_name":"sub","param_value_internal":0,"distribution":"{\"name\": \"CategoricalDistribution\", \"attributes\": {\"choices\": [32, 64]}}"}
{"op_code":8,"worker_id":"14ccb1d8-6cd5-4d00-bc76-74a331961dd9-135760465028928","trial_id":196,"user_attr":{"token":"tsweep_dbuf4_t128x256k16g14s32"}}
{"op_code":4,"worker_id":"14ccb1d8-6cd5-4d00-bc76-74a331961dd9-135760465028928","study_id":0,"datetime_start":"2026-08-07T14:21:14.486489"}
{"op_code":9,"worker_id":"14ccb1d8-6cd5-4d00-bc76-74a331961dd9-135760465028928","trial_id":197,"system_attr":{"tpe:relative_params:0":"{\"gx\": 8, \"gy\": 4, \"k\": 64, \"m\": 128, \"n\": 32, \"sub\": 64}"}}
{"op_code":5,"worker_id":"14ccb1d8-6cd5-4d00-bc76-74a331961dd9-135760465028928","trial_id":197,"param_name":"m","param_value_internal":3,"distribution":"{\"name\": \"CategoricalDistribution\", \"attributes\": {\"choices\": [16, 32, 64, 128, 256]}}"}
{"op_code":5,"worker_id":"14ccb1d8-6cd5-4d00-bc76-74a331961dd9-135760465028928","trial_id":197,"param_name":"n","param_value_internal":1,"distribution":"{\"name\": \"CategoricalDistribution\", \"attributes\": {\"choices\": [16, 32, 64, 128, 256]}}"}
{"op_code":5,"worker_id":"14ccb1d8-6cd5-4d00-bc76-74a331961dd9-135760465028928","trial_id":197,"param_name":"k","param_value_internal":2,"distribution":"{\"name\": \"CategoricalDistribution\", \"attributes\": {\"choices\": [16, 32, 64, 128]}}"}
{"op_code":5,"worker_id":"14ccb1d8-6cd5-4d00-bc76-74a331961dd9-135760465028928","trial_id":197,"param_name":"gx","param_value_internal":3,"distribution":"{\"name\": \"CategoricalDistribution\", \"attributes\": {\"choices\": [1, 2, 4, 8]}}"}
{"op_code":5,"worker_id":"14ccb1d8-6cd5-4d00-bc76-74a331961dd9-135760465028928","trial_id":197,"param_name":"gy","param_value_internal":2,"distribution":"{\"name\": \"CategoricalDistribution\", \"attributes\": {\"choices\": [1, 2, 4, 8]}}"}
{"op_code":5,"worker_id":"14ccb1d8-6cd5-4d00-bc76-74a331961dd9-135760465028928","trial_id":197,"param_name":"sub","param_value_internal":1,"distribution":"{\"name\": \"CategoricalDistribution\", \"attributes\": {\"choices\": [32, 64]}}"}
{"op_code":6,"worker_id":"14ccb1d8-6cd5-4d00-bc76-74a331961dd9-135760465028928","trial_id":197,"state":2,"values":null,"datetime_complete":"2026-08-07T14:21:14.504576"}
{"op_code":4,"worker_id":"14ccb1d8-6cd5-4d00-bc76-74a331961dd9-135760465028928","study_id":0,"datetime_start":"2026-08-07T14:21:14.506131"}
{"op_code":9,"worker_id":"14ccb1d8-6cd5-4d00-bc76-74a331961dd9-135760465028928","trial_id":198,"system_attr":{"tpe:relative_params:0":"{\"gx\": 4, \"gy\": 4, \"k\": 32, \"m\": 128, \"n\": 256, \"sub\": 64}"}}
{"op_code":5,"worker_id":"14ccb1d8-6cd5-4d00-bc76-74a331961dd9-135760465028928","trial_id":198,"param_name":"m","param_value_internal":3,"distribution":"{\"name\": \"CategoricalDistribution\", \"attributes\": {\"choices\": [16, 32, 64, 128, 256]}}"}
{"op_code":5,"worker_id":"14ccb1d8-6cd5-4d00-bc76-74a331961dd9-135760465028928","trial_id":198,"param_name":"n","param_value_internal":4,"distribution":"{\"name\": \"CategoricalDistribution\", \"attributes\": {\"choices\": [16, 32, 64, 128, 256]}}"}
{"op_code":5,"worker_id":"14ccb1d8-6cd5-4d00-bc76-74a331961dd9-135760465028928","trial_id":198,"param_name":"k","param_value_internal":1,"distribution":"{\"name\": \"CategoricalDistribution\", \"attributes\": {\"choices\": [16, 32, 64, 128]}}"}
{"op_code":5,"worker_id":"14ccb1d8-6cd5-4d00-bc76-74a331961dd9-135760465028928","trial_id":198,"param_name":"gx","param_value_internal":2,"distribution":"{\"name\": \"CategoricalDistribution\", \"attributes\": {\"choices\": [1, 2, 4, 8]}}"}
{"op_code":5,"worker_id":"14ccb1d8-6cd5-4d00-bc76-74a331961dd9-135760465028928","trial_id":198,"param_name":"gy","param_value_internal":2,"distribution":"{\"name\": \"CategoricalDistribution\", \"attributes\": {\"choices\": [1, 2, 4, 8]}}"}
{"op_code":5,"worker_id":"14ccb1d8-6cd5-4d00-bc76-74a331961dd9-135760465028928","trial_id":198,"param_name":"sub","param_value_internal":1,"distribution":"{\"name\": \"CategoricalDistribution\", \"attributes\": {\"choices\": [32, 64]}}"}
{"op_code":8,"worker_id":"14ccb1d8-6cd5-4d00-bc76-74a331961dd9-135760465028928","trial_id":198,"user_attr":{"token":"tsweep_dbuf4_t128x256k32g44s64"}}
{"op_code":4,"worker_id":"14ccb1d8-6cd5-4d00-bc76-74a331961dd9-135760465028928","study_id":0,"datetime_start":"2026-08-07T14:21:14.524457"}
{"op_code":9,"worker_id":"14ccb1d8-6cd5-4d00-bc76-74a331961dd9-135760465028928","trial_id":199,"system_attr":{"tpe:relative_params:0":"{\"gx\": 1, \"gy\": 8, \"k\": 64, \"m\": 16, \"n\": 64, \"sub\": 64}"}}
{"op_code":5,"worker_id":"14ccb1d8-6cd5-4d00-bc76-74a331961dd9-135760465028928","trial_id":199,"param_name":"m","param_value_internal":0,"distribution":"{\"name\": \"CategoricalDistribution\", \"attributes\": {\"choices\": [16, 32, 64, 128, 256]}}"}
{"op_code":5,"worker_id":"14ccb1d8-6cd5-4d00-bc76-74a331961dd9-135760465028928","trial_id":199,"param_name":"n","param_value_internal":2,"distribution":"{\"name\": \"CategoricalDistribution\", \"attributes\": {\"choices\": [16, 32, 64, 128, 256]}}"}
{"op_code":5,"worker_id":"14ccb1d8-6cd5-4d00-bc76-74a331961dd9-135760465028928","trial_id":199,"param_name":"k","param_value_internal":2,"distribution":"{\"name\": \"CategoricalDistribution\", \"attributes\": {\"choices\": [16, 32, 64, 128]}}"}
{"op_code":5,"worker_id":"14ccb1d8-6cd5-4d00-bc76-74a331961dd9-135760465028928","trial_id":199,"param_name":"gx","param_value_internal":0,"distribution":"{\"name\": \"CategoricalDistribution\", \"attributes\": {\"choices\": [1, 2, 4, 8]}}"}
{"op_code":5,"worker_id":"14ccb1d8-6cd5-4d00-bc76-74a331961dd9-135760465028928","trial_id":199,"param_name":"gy","param_value_internal":3,"distribution":"{\"name\": \"CategoricalDistribution\", \"attributes\": {\"choices\": [1, 2, 4, 8]}}"}
{"op_code":5,"worker_id":"14ccb1d8-6cd5-4d00-bc76-74a331961dd9-135760465028928","trial_id":199,"param_name":"sub","param_value_internal":1,"distribution":"{\"name\": \"CategoricalDistribution\", \"attributes\": {\"choices\": [32, 64]}}"}
{"op_code":6,"worker_id":"14ccb1d8-6cd5-4d00-bc76-74a331961dd9-135760465028928","trial_id":199,"state":2,"values":null,"datetime_complete":"2026-08-07T14:21:14.543019"}
{"op_code":4,"worker_id":"14ccb1d8-6cd5-4d00-bc76-74a331961dd9-135760465028928","study_id":0,"datetime_start":"2026-08-07T14:21:14.545090"}
{"op_code":9,"worker_id":"14ccb1d8-6cd5-4d00-bc76-74a331961dd9-135760465028928","trial_id":200,"system_attr":{"tpe:relative_params:0":"{\"gx\": 1, \"gy\": 8, \"k\": 128, \"m\": 128, \"n\": 128, \"sub\": 32}"}}
{"op_code":5,"worker_id":"14ccb1d8-6cd5-4d00-bc76-74a331961dd9-135760465028928","trial_id":200,"param_name":"m","param_value_internal":3,"distribution":"{\"name\": \"CategoricalDistribution\", \"attributes\": {\"choices\": [16, 32, 64, 128, 256]}}"}
{"op_code":5,"worker_id":"14ccb1d8-6cd5-4d00-bc76-74a331961dd9-135760465028928","trial_id":200,"param_name":"n","param_value_internal":3,"distribution":"{\"name\": \"CategoricalDistribution\", \"attributes\": {\"choices\": [16, 32, 64, 128, 256]}}"}
{"op_code":5,"worker_id":"14ccb1d8-6cd5-4d00-bc76-74a331961dd9-135760465028928","trial_id":200,"param_name":"k","param_value_internal":3,"distribution":"{\"name\": \"CategoricalDistribution\", \"attributes\": {\"choices\": [16, 32, 64, 128]}}"}
{"op_code":5,"worker_id":"14ccb1d8-6cd5-4d00-bc76-74a331961dd9-135760465028928","trial_id":200,"param_name":"gx","param_value_internal":0,"distribution":"{\"name\": \"CategoricalDistribution\", \"attributes\": {\"choices\": [1, 2, 4, 8]}}"}
{"op_code":5,"worker_id":"14ccb1d8-6cd5-4d00-bc76-74a331961dd9-135760465028928","trial_id":200,"param_name":"gy","param_value_internal":3,"distribution":"{\"name\": \"CategoricalDistribution\", \"attributes\": {\"choices\": [1, 2, 4, 8]}}"}
{"op_code":5,"worker_id":"14ccb1d8-6cd5-4d00-bc76-74a331961dd9-135760465028928","trial_id":200,"param_name":"sub","param_value_internal":0,"distribution":"{\"name\": \"CategoricalDistribution\", \"attributes\": {\"choices\": [32, 64]}}"}
{"op_code":6,"worker_id":"14ccb1d8-6cd5-4d00-bc76-74a331961dd9-135760465028928","trial_id":200,"state":2,"values":null,"datetime_complete":"2026-08-07T14:21:14.568214"}
{"op_code":4,"worker_id":"14ccb1d8-6cd5-4d00-bc76-74a331961dd9-135760465028928","study_id":0,"datetime_start":"2026-08-07T14:21:14.570023"}
{"op_code":9,"worker_id":"14ccb1d8-6cd5-4d00-bc76-74a331961dd9-135760465028928","trial_id":201,"system_attr":{"tpe:relative_params:0":"{\"gx\": 2, \"gy\": 4, \"k\": 32, \"m\": 128, \"n\": 32, \"sub\": 32}"}}
{"op_code":5,"worker_id":"14ccb1d8-6cd5-4d00-bc76-74a331961dd9-135760465028928","trial_id":201,"param_name":"m","param_value_internal":3,"distribution":"{\"name\": \"CategoricalDistribution\", \"attributes\": {\"choices\": [16, 32, 64, 128, 256]}}"}
{"op_code":5,"worker_id":"14ccb1d8-6cd5-4d00-bc76-74a331961dd9-135760465028928","trial_id":201,"param_name":"n","param_value_internal":1,"distribution":"{\"name\": \"CategoricalDistribution\", \"attributes\": {\"choices\": [16, 32, 64, 128, 256]}}"}
{"op_code":5,"worker_id":"14ccb1d8-6cd5-4d00-bc76-74a331961dd9-135760465028928","trial_id":201,"param_name":"k","param_value_internal":1,"distribution":"{\"name\": \"CategoricalDistribution\", \"attributes\": {\"choices\": [16, 32, 64, 128]}}"}
{"op_code":5,"worker_id":"14ccb1d8-6cd5-4d00-bc76-74a331961dd9-135760465028928","trial_id":201,"param_name":"gx","param_value_internal":1,"distribution":"{\"name\": \"CategoricalDistribution\", \"attributes\": {\"choices\": [1, 2, 4, 8]}}"}
{"op_code":5,"worker_id":"14ccb1d8-6cd5-4d00-bc76-74a331961dd9-135760465028928","trial_id":201,"param_name":"gy","param_value_internal":2,"distribution":"{\"name\": \"CategoricalDistribution\", \"attributes\": {\"choices\": [1, 2, 4, 8]}}"}
{"op_code":5,"worker_id":"14ccb1d8-6cd5-4d00-bc76-74a331961dd9-135760465028928","trial_id":201,"param_name":"sub","param_value_internal":0,"distribution":"{\"name\": \"CategoricalDistribution\", \"attributes\": {\"choices\": [32, 64]}}"}
{"op_code":8,"worker_id":"14ccb1d8-6cd5-4d00-bc76-74a331961dd9-135760465028928","trial_id":201,"user_attr":{"token":"tsweep_dbuf4_t128x32k32g24s32"}}
{"op_code":4,"worker_id":"14ccb1d8-6cd5-4d00-bc76-74a331961dd9-135760465028928","study_id":0,"datetime_start":"2026-08-07T14:21:14.594364"}
{"op_code":9,"worker_id":"14ccb1d8-6cd5-4d00-bc76-74a331961dd9-135760465028928","trial_id":202,"system_attr":{"tpe:relative_params:0":"{\"gx\": 2, \"gy\": 8, \"k\": 128, \"m\": 128, \"n\": 128, \"sub\": 64}"}}
{"op_code":5,"worker_id":"14ccb1d8-6cd5-4d00-bc76-74a331961dd9-135760465028928","trial_id":202,"param_name":"m","param_value_internal":3,"distribution":"{\"name\": \"CategoricalDistribution\", \"attributes\": {\"choices\": [16, 32, 64, 128, 256]}}"}
{"op_code":5,"worker_id":"14ccb1d8-6cd5-4d00-bc76-74a331961dd9-135760465028928","trial_id":202,"param_name":"n","param_value_internal":3,"distribution":"{\"name\": \"CategoricalDistribution\", \"attributes\": {\"choices\": [16, 32, 64, 128, 256]}}"}
{"op_code":5,"worker_id":"14ccb1d8-6cd5-4d00-bc76-74a331961dd9-135760465028928","trial_id":202,"param_name":"k","param_value_internal":3,"distribution":"{\"name\": \"CategoricalDistribution\", \"attributes\": {\"choices\": [16, 32, 64, 128]}}"}
{"op_code":5,"worker_id":"14ccb1d8-6cd5-4d00-bc76-74a331961dd9-135760465028928","trial_id":202,"param_name":"gx","param_value_internal":1,"distribution":"{\"name\": \"CategoricalDistribution\", \"attributes\": {\"choices\": [1, 2, 4, 8]}}"}
{"op_code":5,"worker_id":"14ccb1d8-6cd5-4d00-bc76-74a331961dd9-135760465028928","trial_id":202,"param_name":"gy","param_value_internal":3,"distribution":"{\"name\": \"CategoricalDistribution\", \"attributes\": {\"choices\": [1, 2, 4, 8]}}"}
{"op_code":5,"worker_id":"14ccb1d8-6cd5-4d00-bc76-74a331961dd9-135760465028928","trial_id":202,"param_name":"sub","param_value_internal":1,"distribution":"{\"name\": \"CategoricalDistribution\", \"attributes\": {\"choices\": [32, 64]}}"}
{"op_code":6,"worker_id":"14ccb1d8-6cd5-4d00-bc76-74a331961dd9-135760465028928","trial_id":202,"state":2,"values":null,"datetime_complete":"2026-08-07T14:21:14.616579"}
{"op_code":4,"worker_id":"14ccb1d8-6cd5-4d00-bc76-74a331961dd9-135760465028928","study_id":0,"datetime_start":"2026-08-07T14:21:14.618759"}
{"op_code":9,"worker_id":"14ccb1d8-6cd5-4d00-bc76-74a331961dd9-135760465028928","trial_id":203,"system_attr":{"tpe:relative_params:0":"{\"gx\": 2, \"gy\": 4, \"k\": 64, \"m\": 128, \"n\": 64, \"sub\": 32}"}}
{"op_code":5,"worker_id":"14ccb1d8-6cd5-4d00-bc76-74a331961dd9-135760465028928","trial_id":203,"param_name":"m","param_value_internal":3,"distribution":"{\"name\": \"CategoricalDistribution\", \"attributes\": {\"choices\": [16, 32, 64, 128, 256]}}"}
{"op_code":5,"worker_id":"14ccb1d8-6cd5-4d00-bc76-74a331961dd9-135760465028928","trial_id":203,"param_name":"n","param_value_internal":2,"distribution":"{\"name\": \"CategoricalDistribution\", \"attributes\": {\"choices\": [16, 32, 64, 128, 256]}}"}
{"op_code":5,"worker_id":"14ccb1d8-6cd5-4d00-bc76-74a331961dd9-135760465028928","trial_id":203,"param_name":"k","param_value_internal":2,"distribution":"{\"name\": \"CategoricalDistribution\", \"attributes\": {\"choices\": [16, 32, 64, 128]}}"}
{"op_code":5,"worker_id":"14ccb1d8-6cd5-4d00-bc76-74a331961dd9-135760465028928","trial_id":203,"param_name":"gx","param_value_internal":1,"distribution":"{\"name\": \"CategoricalDistribution\", \"attributes\": {\"choices\": [1, 2, 4, 8]}}"}
{"op_code":5,"worker_id":"14ccb1d8-6cd5-4d00-bc76-74a331961dd9-135760465028928","trial_id":203,"param_name":"gy","param_value_internal":2,"distribution":"{\"name\": \"CategoricalDistribution\", \"attributes\": {\"choices\": [1, 2, 4, 8]}}"}
{"op_code":5,"worker_id":"14ccb1d8-6cd5-4d00-bc76-74a331961dd9-135760465028928","trial_id":203,"param_name":"sub","param_value_internal":0,"distribution":"{\"name\": \"CategoricalDistribution\", \"attributes\": {\"choices\": [32, 64]}}"}
{"op_code":8,"worker_id":"14ccb1d8-6cd5-4d00-bc76-74a331961dd9-135760465028928","trial_id":203,"user_attr":{"token":"tsweep_dbuf4_t128x64k64g24s32"}}
{"op_code":4,"worker_id":"14ccb1d8-6cd5-4d00-bc76-74a331961dd9-135760465028928","study_id":0,"datetime_start":"2026-08-07T14:21:14.643155"}
{"op_code":9,"worker_id":"14ccb1d8-6cd5-4d00-bc76-74a331961dd9-135760465028928","trial_id":204,"system_attr":{"tpe:relative_params:0":"{\"gx\": 1, \"gy\": 4, \"k\": 32, \"m\": 64, \"n\": 128, \"sub\": 32}"}}
{"op_code":5,"worker_id":"14ccb1d8-6cd5-4d00-bc76-74a331961dd9-135760465028928","trial_id":204,"param_name":"m","param_value_internal":2,"distribution":"{\"name\": \"CategoricalDistribution\", \"attributes\": {\"choices\": [16, 32, 64, 128, 256]}}"}
{"op_code":5,"worker_id":"14ccb1d8-6cd5-4d00-bc76-74a331961dd9-135760465028928","trial_id":204,"param_name":"n","param_value_internal":3,"distribution":"{\"name\": \"CategoricalDistribution\", \"attributes\": {\"choices\": [16, 32, 64, 128, 256]}}"}
{"op_code":5,"worker_id":"14ccb1d8-6cd5-4d00-bc76-74a331961dd9-135760465028928","trial_id":204,"param_name":"k","param_value_internal":1,"distribution":"{\"name\": \"CategoricalDistribution\", \"attributes\": {\"choices\": [16, 32, 64, 128]}}"}
{"op_code":5,"worker_id":"14ccb1d8-6cd5-4d00-bc76-74a331961dd9-135760465028928","trial_id":204,"param_name":"gx","param_value_internal":0,"distribution":"{\"name\": \"CategoricalDistribution\", \"attributes\": {\"choices\": [1, 2, 4, 8]}}"}
{"op_code":5,"worker_id":"14ccb1d8-6cd5-4d00-bc76-74a331961dd9-135760465028928","trial_id":204,"param_name":"gy","param_value_internal":2,"distribution":"{\"name\": \"CategoricalDistribution\", \"attributes\": {\"choices\": [1, 2, 4, 8]}}"}
{"op_code":5,"worker_id":"14ccb1d8-6cd5-4d00-bc76-74a331961dd9-135760465028928","trial_id":204,"param_name":"sub","param_value_internal":0,"distribution":"{\"name\": \"CategoricalDistribution\", \"attributes\": {\"choices\": [32, 64]}}"}
{"op_code":8,"worker_id":"14ccb1d8-6cd5-4d00-bc76-74a331961dd9-135760465028928","trial_id":204,"user_attr":{"token":"tsweep_dbuf4_t64x128k32g14s32"}}
{"op_code":4,"worker_id":"14ccb1d8-6cd5-4d00-bc76-74a331961dd9-135760465028928","study_id":0,"datetime_start":"2026-08-07T14:21:14.668110"}
{"op_code":9,"worker_id":"14ccb1d8-6cd5-4d00-bc76-74a331961dd9-135760465028928","trial_id":205,"system_attr":{"tpe:relative_params:0":"{\"gx\": 1, \"gy\": 2, \"k\": 16, \"m\": 128, \"n\": 32, \"sub\": 32}"}}
{"op_code":5,"worker_id":"14ccb1d8-6cd5-4d00-bc76-74a331961dd9-135760465028928","trial_id":205,"param_name":"m","param_value_internal":3,"distribution":"{\"name\": \"CategoricalDistribution\", \"attributes\": {\"choices\": [16, 32, 64, 128, 256]}}"}
{"op_code":5,"worker_id":"14ccb1d8-6cd5-4d00-bc76-74a331961dd9-135760465028928","trial_id":205,"param_name":"n","param_value_internal":1,"distribution":"{\"name\": \"CategoricalDistribution\", \"attributes\": {\"choices\": [16, 32, 64, 128, 256]}}"}
{"op_code":5,"worker_id":"14ccb1d8-6cd5-4d00-bc76-74a331961dd9-135760465028928","trial_id":205,"param_name":"k","param_value_internal":0,"distribution":"{\"name\": \"CategoricalDistribution\", \"attributes\": {\"choices\": [16, 32, 64, 128]}}"}
{"op_code":5,"worker_id":"14ccb1d8-6cd5-4d00-bc76-74a331961dd9-135760465028928","trial_id":205,"param_name":"gx","param_value_internal":0,"distribution":"{\"name\": \"CategoricalDistribution\", \"attributes\": {\"choices\": [1, 2, 4, 8]}}"}
{"op_code":5,"worker_id":"14ccb1d8-6cd5-4d00-bc76-74a331961dd9-135760465028928","trial_id":205,"param_name":"gy","param_value_internal":1,"distribution":"{\"name\": \"CategoricalDistribution\", \"attributes\": {\"choices\": [1, 2, 4, 8]}}"}
{"op_code":5,"worker_id":"14ccb1d8-6cd5-4d00-bc76-74a331961dd9-135760465028928","trial_id":205,"param_name":"sub","param_value_internal":0,"distribution":"{\"name\": \"CategoricalDistribution\", \"attributes\": {\"choices\": [32, 64]}}"}
{"op_code":8,"worker_id":"14ccb1d8-6cd5-4d00-bc76-74a331961dd9-135760465028928","trial_id":205,"user_attr":{"token":"tsweep_dbuf4_t128x32k16g12s32"}}
{"op_code":4,"worker_id":"14ccb1d8-6cd5-4d00-bc76-74a331961dd9-135760465028928","study_id":0,"datetime_start":"2026-08-07T14:21:14.692989"}
{"op_code":9,"worker_id":"14ccb1d8-6cd5-4d00-bc76-74a331961dd9-135760465028928","trial_id":206,"system_attr":{"tpe:relative_params:0":"{\"gx\": 2, \"gy\": 4, \"k\": 64, \"m\": 128, \"n\": 16, \"sub\": 64}"}}
{"op_code":5,"worker_id":"14ccb1d8-6cd5-4d00-bc76-74a331961dd9-135760465028928","trial_id":206,"param_name":"m","param_value_internal":3,"distribution":"{\"name\": \"CategoricalDistribution\", \"attributes\": {\"choices\": [16, 32, 64, 128, 256]}}"}
{"op_code":5,"worker_id":"14ccb1d8-6cd5-4d00-bc76-74a331961dd9-135760465028928","trial_id":206,"param_name":"n","param_value_internal":0,"distribution":"{\"name\": \"CategoricalDistribution\", \"attributes\": {\"choices\": [16, 32, 64, 128, 256]}}"}
{"op_code":5,"worker_id":"14ccb1d8-6cd5-4d00-bc76-74a331961dd9-135760465028928","trial_id":206,"param_name":"k","param_value_internal":2,"distribution":"{\"name\": \"CategoricalDistribution\", \"attributes\": {\"choices\": [16, 32, 64, 128]}}"}
{"op_code":5,"worker_id":"14ccb1d8-6cd5-4d00-bc76-74a331961dd9-135760465028928","trial_id":206,"param_name":"gx","param_value_internal":1,"distribution":"{\"name\": \"CategoricalDistribution\", \"attributes\": {\"choices\": [1, 2, 4, 8]}}"}
{"op_code":5,"worker_id":"14ccb1d8-6cd5-4d00-bc76-74a331961dd9-135760465028928","trial_id":206,"param_name":"gy","param_value_internal":2,"distribution":"{\"name\": \"CategoricalDistribution\", \"attributes\": {\"choices\": [1, 2, 4, 8]}}"}
{"op_code":5,"worker_id":"14ccb1d8-6cd5-4d00-bc76-74a331961dd9-135760465028928","trial_id":206,"param_name":"sub","param_value_internal":1,"distribution":"{\"name\": \"CategoricalDistribution\", \"attributes\": {\"choices\": [32, 64]}}"}
{"op_code":6,"worker_id":"14ccb1d8-6cd5-4d00-bc76-74a331961dd9-135760465028928","trial_id":206,"state":2,"values":null,"datetime_complete":"2026-08-07T14:21:14.714052"}
{"op_code":4,"worker_id":"14ccb1d8-6cd5-4d00-bc76-74a331961dd9-135760465028928","study_id":0,"datetime_start":"2026-08-07T14:21:14.715649"}
{"op_code":9,"worker_id":"14ccb1d8-6cd5-4d00-bc76-74a331961dd9-135760465028928","trial_id":207,"system_attr":{"tpe:relative_params:0":"{\"gx\": 1, \"gy\": 4, \"k\": 32, \"m\": 128, \"n\": 64, \"sub\": 32}"}}
{"op_code":5,"worker_id":"14ccb1d8-6cd5-4d00-bc76-74a331961dd9-135760465028928","trial_id":207,"param_name":"m","param_value_internal":3,"distribution":"{\"name\": \"CategoricalDistribution\", \"attributes\": {\"choices\": [16, 32, 64, 128, 256]}}"}
{"op_code":5,"worker_id":"14ccb1d8-6cd5-4d00-bc76-74a331961dd9-135760465028928","trial_id":207,"param_name":"n","param_value_internal":2,"distribution":"{\"name\": \"CategoricalDistribution\", \"attributes\": {\"choices\": [16, 32, 64, 128, 256]}}"}
{"op_code":5,"worker_id":"14ccb1d8-6cd5-4d00-bc76-74a331961dd9-135760465028928","trial_id":207,"param_name":"k","param_value_internal":1,"distribution":"{\"name\": \"CategoricalDistribution\", \"attributes\": {\"choices\": [16, 32, 64, 128]}}"}
{"op_code":5,"worker_id":"14ccb1d8-6cd5-4d00-bc76-74a331961dd9-135760465028928","trial_id":207,"param_name":"gx","param_value_internal":0,"distribution":"{\"name\": \"CategoricalDistribution\", \"attributes\": {\"choices\": [1, 2, 4, 8]}}"}
{"op_code":5,"worker_id":"14ccb1d8-6cd5-4d00-bc76-74a331961dd9-135760465028928","trial_id":207,"param_name":"gy","param_value_internal":2,"distribution":"{\"name\": \"CategoricalDistribution\", \"attributes\": {\"choices\": [1, 2, 4, 8]}}"}
{"op_code":5,"worker_id":"14ccb1d8-6cd5-4d00-bc76-74a331961dd9-135760465028928","trial_id":207,"param_name":"sub","param_value_internal":0,"distribution":"{\"name\": \"CategoricalDistribution\", \"attributes\": {\"choices\": [32, 64]}}"}
{"op_code":8,"worker_id":"14ccb1d8-6cd5-4d00-bc76-74a331961dd9-135760465028928","trial_id":207,"user_attr":{"token":"tsweep_dbuf4_t128x64k32g14s32"}}
{"op_code":4,"worker_id":"14ccb1d8-6cd5-4d00-bc76-74a331961dd9-135760465028928","study_id":0,"datetime_start":"2026-08-07T14:21:14.735609"}
{"op_code":9,"worker_id":"14ccb1d8-6cd5-4d00-bc76-74a331961dd9-135760465028928","trial_id":208,"system_attr":{"tpe:relative_params:0":"{\"gx\": 2, \"gy\": 4, \"k\": 32, \"m\": 64, \"n\": 128, \"sub\": 64}"}}
{"op_code":5,"worker_id":"14ccb1d8-6cd5-4d00-bc76-74a331961dd9-135760465028928","trial_id":208,"param_name":"m","param_value_internal":2,"distribution":"{\"name\": \"CategoricalDistribution\", \"attributes\": {\"choices\": [16, 32, 64, 128, 256]}}"}
{"op_code":5,"worker_id":"14ccb1d8-6cd5-4d00-bc76-74a331961dd9-135760465028928","trial_id":208,"param_name":"n","param_value_internal":3,"distribution":"{\"name\": \"CategoricalDistribution\", \"attributes\": {\"choices\": [16, 32, 64, 128, 256]}}"}
{"op_code":5,"worker_id":"14ccb1d8-6cd5-4d00-bc76-74a331961dd9-135760465028928","trial_id":208,"param_name":"k","param_value_internal":1,"distribution":"{\"name\": \"CategoricalDistribution\", \"attributes\": {\"choices\": [16, 32, 64, 128]}}"}
{"op_code":5,"worker_id":"14ccb1d8-6cd5-4d00-bc76-74a331961dd9-135760465028928","trial_id":208,"param_name":"gx","param_value_internal":1,"distribution":"{\"name\": \"CategoricalDistribution\", \"attributes\": {\"choices\": [1, 2, 4, 8]}}"}
{"op_code":5,"worker_id":"14ccb1d8-6cd5-4d00-bc76-74a331961dd9-135760465028928","trial_id":208,"param_name":"gy","param_value_internal":2,"distribution":"{\"name\": \"CategoricalDistribution\", \"attributes\": {\"choices\": [1, 2, 4, 8]}}"}
{"op_code":5,"worker_id":"14ccb1d8-6cd5-4d00-bc76-74a331961dd9-135760465028928","trial_id":208,"param_name":"sub","param_value_internal":1,"distribution":"{\"name\": \"CategoricalDistribution\", \"attributes\": {\"choices\": [32, 64]}}"}
{"op_code":8,"worker_id":"14ccb1d8-6cd5-4d00-bc76-74a331961dd9-135760465028928","trial_id":208,"user_attr":{"token":"tsweep_dbuf4_t64x128k32g24s64"}}
{"op_code":4,"worker_id":"14ccb1d8-6cd5-4d00-bc76-74a331961dd9-135760465028928","study_id":0,"datetime_start":"2026-08-07T14:21:14.758335"}
{"op_code":9,"worker_id":"14ccb1d8-6cd5-4d00-bc76-74a331961dd9-135760465028928","trial_id":209,"system_attr":{"tpe:relative_params:0":"{\"gx\": 2, \"gy\": 4, \"k\": 16, \"m\": 128, \"n\": 64, \"sub\": 32}"}}
{"op_code":5,"worker_id":"14ccb1d8-6cd5-4d00-bc76-74a331961dd9-135760465028928","trial_id":209,"param_name":"m","param_value_internal":3,"distribution":"{\"name\": \"CategoricalDistribution\", \"attributes\": {\"choices\": [16, 32, 64, 128, 256]}}"}
{"op_code":5,"worker_id":"14ccb1d8-6cd5-4d00-bc76-74a331961dd9-135760465028928","trial_id":209,"param_name":"n","param_value_internal":2,"distribution":"{\"name\": \"CategoricalDistribution\", \"attributes\": {\"choices\": [16, 32, 64, 128, 256]}}"}
{"op_code":5,"worker_id":"14ccb1d8-6cd5-4d00-bc76-74a331961dd9-135760465028928","trial_id":209,"param_name":"k","param_value_internal":0,"distribution":"{\"name\": \"CategoricalDistribution\", \"attributes\": {\"choices\": [16, 32, 64, 128]}}"}
{"op_code":5,"worker_id":"14ccb1d8-6cd5-4d00-bc76-74a331961dd9-135760465028928","trial_id":209,"param_name":"gx","param_value_internal":1,"distribution":"{\"name\": \"CategoricalDistribution\", \"attributes\": {\"choices\": [1, 2, 4, 8]}}"}
{"op_code":5,"worker_id":"14ccb1d8-6cd5-4d00-bc76-74a331961dd9-135760465028928","trial_id":209,"param_name":"gy","param_value_internal":2,"distribution":"{\"name\": \"CategoricalDistribution\", \"attributes\": {\"choices\": [1, 2, 4, 8]}}"}
{"op_code":5,"worker_id":"14ccb1d8-6cd5-4d00-bc76-74a331961dd9-135760465028928","trial_id":209,"param_name":"sub","param_value_internal":0,"distribution":"{\"name\": \"CategoricalDistribution\", \"attributes\": {\"choices\": [32, 64]}}"}
{"op_code":8,"worker_id":"14ccb1d8-6cd5-4d00-bc76-74a331961dd9-135760465028928","trial_id":209,"user_attr":{"token":"tsweep_dbuf4_t128x64k16g24s32"}}
{"op_code":4,"worker_id":"14ccb1d8-6cd5-4d00-bc76-74a331961dd9-135760465028928","study_id":0,"datetime_start":"2026-08-07T14:21:14.787673"}
{"op_code":9,"worker_id":"14ccb1d8-6cd5-4d00-bc76-74a331961dd9-135760465028928","trial_id":210,"system_attr":{"tpe:relative_params:0":"{\"gx\": 2, \"gy\": 4, \"k\": 64, \"m\": 64, \"n\": 16, \"sub\": 32}"}}
{"op_code":5,"worker_id":"14ccb1d8-6cd5-4d00-bc76-74a331961dd9-135760465028928","trial_id":210,"param_name":"m","param_value_internal":2,"distribution":"{\"name\": \"CategoricalDistribution\", \"attributes\": {\"choices\": [16, 32, 64, 128, 256]}}"}
{"op_code":5,"worker_id":"14ccb1d8-6cd5-4d00-bc76-74a331961dd9-135760465028928","trial_id":210,"param_name":"n","param_value_internal":0,"distribution":"{\"name\": \"CategoricalDistribution\", \"attributes\": {\"choices\": [16, 32, 64, 128, 256]}}"}
{"op_code":5,"worker_id":"14ccb1d8-6cd5-4d00-bc76-74a331961dd9-135760465028928","trial_id":210,"param_name":"k","param_value_internal":2,"distribution":"{\"name\": \"CategoricalDistribution\", \"attributes\": {\"choices\": [16, 32, 64, 128]}}"}
{"op_code":5,"worker_id":"14ccb1d8-6cd5-4d00-bc76-74a331961dd9-135760465028928","trial_id":210,"param_name":"gx","param_value_internal":1,"distribution":"{\"name\": \"CategoricalDistribution\", \"attributes\": {\"choices\": [1, 2, 4, 8]}}"}
{"op_code":5,"worker_id":"14ccb1d8-6cd5-4d00-bc76-74a331961dd9-135760465028928","trial_id":210,"param_name":"gy","param_value_internal":2,"distribution":"{\"name\": \"CategoricalDistribution\", \"attributes\": {\"choices\": [1, 2, 4, 8]}}"}
{"op_code":5,"worker_id":"14ccb1d8-6cd5-4d00-bc76-74a331961dd9-135760465028928","trial_id":210,"param_name":"sub","param_value_internal":0,"distribution":"{\"name\": \"CategoricalDistribution\", \"attributes\": {\"choices\": [32, 64]}}"}
{"op_code":6,"worker_id":"14ccb1d8-6cd5-4d00-bc76-74a331961dd9-135760465028928","trial_id":210,"state":2,"values":null,"datetime_complete":"2026-08-07T14:21:14.813019"}
{"op_code":4,"worker_id":"14ccb1d8-6cd5-4d00-bc76-74a331961dd9-135760465028928","study_id":0,"datetime_start":"2026-08-07T14:21:14.815177"}
{"op_code":9,"worker_id":"14ccb1d8-6cd5-4d00-bc76-74a331961dd9-135760465028928","trial_id":211,"system_attr":{"tpe:relative_params:0":"{\"gx\": 4, \"gy\": 4, \"k\": 16, \"m\": 256, \"n\": 64, \"sub\": 32}"}}
{"op_code":5,"worker_id":"14ccb1d8-6cd5-4d00-bc76-74a331961dd9-135760465028928","trial_id":211,"param_name":"m","param_value_internal":4,"distribution":"{\"name\": \"CategoricalDistribution\", \"attributes\": {\"choices\": [16, 32, 64, 128, 256]}}"}
{"op_code":5,"worker_id":"14ccb1d8-6cd5-4d00-bc76-74a331961dd9-135760465028928","trial_id":211,"param_name":"n","param_value_internal":2,"distribution":"{\"name\": \"CategoricalDistribution\", \"attributes\": {\"choices\": [16, 32, 64, 128, 256]}}"}
{"op_code":5,"worker_id":"14ccb1d8-6cd5-4d00-bc76-74a331961dd9-135760465028928","trial_id":211,"param_name":"k","param_value_internal":0,"distribution":"{\"name\": \"CategoricalDistribution\", \"attributes\": {\"choices\": [16, 32, 64, 128]}}"}
{"op_code":5,"worker_id":"14ccb1d8-6cd5-4d00-bc76-74a331961dd9-135760465028928","trial_id":211,"param_name":"gx","param_value_internal":2,"distribution":"{\"name\": \"CategoricalDistribution\", \"attributes\": {\"choices\": [1, 2, 4, 8]}}"}
{"op_code":5,"worker_id":"14ccb1d8-6cd5-4d00-bc76-74a331961dd9-135760465028928","trial_id":211,"param_name":"gy","param_value_internal":2,"distribution":"{\"name\": \"CategoricalDistribution\", \"attributes\": {\"choices\": [1, 2, 4, 8]}}"}
{"op_code":5,"worker_id":"14ccb1d8-6cd5-4d00-bc76-74a331961dd9-135760465028928","trial_id":211,"param_name":"sub","param_value_internal":0,"distribution":"{\"name\": \"CategoricalDistribution\", \"attributes\": {\"choices\": [32, 64]}}"}
{"op_code":6,"worker_id":"14ccb1d8-6cd5-4d00-bc76-74a331961dd9-135760465028928","trial_id":211,"state":2,"values":null,"datetime_complete":"2026-08-07T14:21:14.838199"}
{"op_code":4,"worker_id":"14ccb1d8-6cd5-4d00-bc76-74a331961dd9-135760465028928","study_id":0,"datetime_start":"2026-08-07T14:21:14.840435"}
{"op_code":9,"worker_id":"14ccb1d8-6cd5-4d00-bc76-74a331961dd9-135760465028928","trial_id":212,"system_attr":{"tpe:relative_params:0":"{\"gx\": 4, \"gy\": 8, \"k\": 64, \"m\": 128, \"n\": 64, \"sub\": 64}"}}
{"op_code":5,"worker_id":"14ccb1d8-6cd5-4d00-bc76-74a331961dd9-135760465028928","trial_id":212,"param_name":"m","param_value_internal":3,"distribution":"{\"name\": \"CategoricalDistribution\", \"attributes\": {\"choices\": [16, 32, 64, 128, 256]}}"}
{"op_code":5,"worker_id":"14ccb1d8-6cd5-4d00-bc76-74a331961dd9-135760465028928","trial_id":212,"param_name":"n","param_value_internal":2,"distribution":"{\"name\": \"CategoricalDistribution\", \"attributes\": {\"choices\": [16, 32, 64, 128, 256]}}"}
{"op_code":5,"worker_id":"14ccb1d8-6cd5-4d00-bc76-74a331961dd9-135760465028928","trial_id":212,"param_name":"k","param_value_internal":2,"distribution":"{\"name\": \"CategoricalDistribution\", \"attributes\": {\"choices\": [16, 32, 64, 128]}}"}
{"op_code":5,"worker_id":"14ccb1d8-6cd5-4d00-bc76-74a331961dd9-135760465028928","trial_id":212,"param_name":"gx","param_value_internal":2,"distribution":"{\"name\": \"CategoricalDistribution\", \"attributes\": {\"choices\": [1, 2, 4, 8]}}"}
{"op_code":5,"worker_id":"14ccb1d8-6cd5-4d00-bc76-74a331961dd9-135760465028928","trial_id":212,"param_name":"gy","param_value_internal":3,"distribution":"{\"name\": \"CategoricalDistribution\", \"attributes\": {\"choices\": [1, 2, 4, 8]}}"}
{"op_code":5,"worker_id":"14ccb1d8-6cd5-4d00-bc76-74a331961dd9-135760465028928","trial_id":212,"param_name":"sub","param_value_internal":1,"distribution":"{\"name\": \"CategoricalDistribution\", \"attributes\": {\"choices\": [32, 64]}}"}
{"op_code":6,"worker_id":"14ccb1d8-6cd5-4d00-bc76-74a331961dd9-135760465028928","trial_id":212,"state":2,"values":null,"datetime_complete":"2026-08-07T14:21:14.862660"}
{"op_code":4,"worker_id":"14ccb1d8-6cd5-4d00-bc76-74a331961dd9-135760465028928","study_id":0,"datetime_start":"2026-08-07T14:21:14.864601"}
{"op_code":9,"worker_id":"14ccb1d8-6cd5-4d00-bc76-74a331961dd9-135760465028928","trial_id":213,"system_attr":{"tpe:relative_params:0":"{\"gx\": 1, \"gy\": 2, \"k\": 16, \"m\": 64, \"n\": 256, \"sub\": 32}"}}
{"op_code":5,"worker_id":"14ccb1d8-6cd5-4d00-bc76-74a331961dd9-135760465028928","trial_id":213,"param_name":"m","param_value_internal":2,"distribution":"{\"name\": \"CategoricalDistribution\", \"attributes\": {\"choices\": [16, 32, 64, 128, 256]}}"}
{"op_code":5,"worker_id":"14ccb1d8-6cd5-4d00-bc76-74a331961dd9-135760465028928","trial_id":213,"param_name":"n","param_value_internal":4,"distribution":"{\"name\": \"CategoricalDistribution\", \"attributes\": {\"choices\": [16, 32, 64, 128, 256]}}"}
{"op_code":5,"worker_id":"14ccb1d8-6cd5-4d00-bc76-74a331961dd9-135760465028928","trial_id":213,"param_name":"k","param_value_internal":0,"distribution":"{\"name\": \"CategoricalDistribution\", \"attributes\": {\"choices\": [16, 32, 64, 128]}}"}
{"op_code":5,"worker_id":"14ccb1d8-6cd5-4d00-bc76-74a331961dd9-135760465028928","trial_id":213,"param_name":"gx","param_value_internal":0,"distribution":"{\"name\": \"CategoricalDistribution\", \"attributes\": {\"choices\": [1, 2, 4, 8]}}"}
{"op_code":5,"worker_id":"14ccb1d8-6cd5-4d00-bc76-74a331961dd9-135760465028928","trial_id":213,"param_name":"gy","param_value_internal":1,"distribution":"{\"name\": \"CategoricalDistribution\", \"attributes\": {\"choices\": [1, 2, 4, 8]}}"}
{"op_code":5,"worker_id":"14ccb1d8-6cd5-4d00-bc76-74a331961dd9-135760465028928","trial_id":213,"param_name":"sub","param_value_internal":0,"distribution":"{\"name\": \"CategoricalDistribution\", \"attributes\": {\"choices\": [32, 64]}}"}
{"op_code":8,"worker_id":"14ccb1d8-6cd5-4d00-bc76-74a331961dd9-135760465028928","trial_id":213,"user_attr":{"token":"tsweep_dbuf4_t64x256k16g12s32"}}
{"op_code":4,"worker_id":"14ccb1d8-6cd5-4d00-bc76-74a331961dd9-135760465028928","study_id":0,"datetime_start":"2026-08-07T14:21:14.888360"}
{"op_code":9,"worker_id":"14ccb1d8-6cd5-4d00-bc76-74a331961dd9-135760465028928","trial_id":214,"system_attr":{"tpe:relative_params:0":"{\"gx\": 2, \"gy\": 4, \"k\": 16, \"m\": 128, \"n\": 256, \"sub\": 64}"}}
{"op_code":5,"worker_id":"14ccb1d8-6cd5-4d00-bc76-74a331961dd9-135760465028928","trial_id":214,"param_name":"m","param_value_internal":3,"distribution":"{\"name\": \"CategoricalDistribution\", \"attributes\": {\"choices\": [16, 32, 64, 128, 256]}}"}
{"op_code":5,"worker_id":"14ccb1d8-6cd5-4d00-bc76-74a331961dd9-135760465028928","trial_id":214,"param_name":"n","param_value_internal":4,"distribution":"{\"name\": \"CategoricalDistribution\", \"attributes\": {\"choices\": [16, 32, 64, 128, 256]}}"}
{"op_code":5,"worker_id":"14ccb1d8-6cd5-4d00-bc76-74a331961dd9-135760465028928","trial_id":214,"param_name":"k","param_value_internal":0,"distribution":"{\"name\": \"CategoricalDistribution\", \"attributes\": {\"choices\": [16, 32, 64, 128]}}"}
{"op_code":5,"worker_id":"14ccb1d8-6cd5-4d00-bc76-74a331961dd9-135760465028928","trial_id":214,"param_name":"gx","param_value_internal":1,"distribution":"{\"name\": \"CategoricalDistribution\", \"attributes\": {\"choices\": [1, 2, 4, 8]}}"}
{"op_code":5,"worker_id":"14ccb1d8-6cd5-4d00-bc76-74a331961dd9-135760465028928","trial_id":214,"param_name":"gy","param_value_internal":2,"distribution":"{\"name\": \"CategoricalDistribution\", \"attributes\": {\"choices\": [1, 2, 4, 8]}}"}
{"op_code":5,"worker_id":"14ccb1d8-6cd5-4d00-bc76-74a331961dd9-135760465028928","trial_id":214,"param_name":"sub","param_value_internal":1,"distribution":"{\"name\": \"CategoricalDistribution\", \"attributes\": {\"choices\": [32, 64]}}"}
{"op_code":8,"worker_id":"14ccb1d8-6cd5-4d00-bc76-74a331961dd9-135760465028928","trial_id":214,"user_attr":{"token":"tsweep_dbuf4_t128x256k16g24s64"}}
{"op_code":4,"worker_id":"14ccb1d8-6cd5-4d00-bc76-74a331961dd9-135760465028928","study_id":0,"datetime_start":"2026-08-07T14:21:14.909806"}
{"op_code":9,"worker_id":"14ccb1d8-6cd5-4d00-bc76-74a331961dd9-135760465028928","trial_id":215,"system_attr":{"tpe:relative_params:0":"{\"gx\": 2, \"gy\": 4, \"k\": 32, \"m\": 32, \"n\": 128, \"sub\": 32}"}}
{"op_code":5,"worker_id":"14ccb1d8-6cd5-4d00-bc76-74a331961dd9-135760465028928","trial_id":215,"param_name":"m","param_value_internal":1,"distribution":"{\"name\": \"CategoricalDistribution\", \"attributes\": {\"choices\": [16, 32, 64, 128, 256]}}"}
{"op_code":5,"worker_id":"14ccb1d8-6cd5-4d00-bc76-74a331961dd9-135760465028928","trial_id":215,"param_name":"n","param_value_internal":3,"distribution":"{\"name\": \"CategoricalDistribution\", \"attributes\": {\"choices\": [16, 32, 64, 128, 256]}}"}
{"op_code":5,"worker_id":"14ccb1d8-6cd5-4d00-bc76-74a331961dd9-135760465028928","trial_id":215,"param_name":"k","param_value_internal":1,"distribution":"{\"name\": \"CategoricalDistribution\", \"attributes\": {\"choices\": [16, 32, 64, 128]}}"}
{"op_code":5,"worker_id":"14ccb1d8-6cd5-4d00-bc76-74a331961dd9-135760465028928","trial_id":215,"param_name":"gx","param_value_internal":1,"distribution":"{\"name\": \"CategoricalDistribution\", \"attributes\": {\"choices\": [1, 2, 4, 8]}}"}
{"op_code":5,"worker_id":"14ccb1d8-6cd5-4d00-bc76-74a331961dd9-135760465028928","trial_id":215,"param_name":"gy","param_value_internal":2,"distribution":"{\"name\": \"CategoricalDistribution\", \"attributes\": {\"choices\": [1, 2, 4, 8]}}"}
{"op_code":5,"worker_id":"14ccb1d8-6cd5-4d00-bc76-74a331961dd9-135760465028928","trial_id":215,"param_name":"sub","param_value_internal":0,"distribution":"{\"name\": \"CategoricalDistribution\", \"attributes\": {\"choices\": [32, 64]}}"}
{"op_code":6,"worker_id":"14ccb1d8-6cd5-4d00-bc76-74a331961dd9-135760465028928","trial_id":215,"state":2,"values":null,"datetime_complete":"2026-08-07T14:21:14.931604"}
{"op_code":4,"worker_id":"14ccb1d8-6cd5-4d00-bc76-74a331961dd9-135760465028928","study_id":0,"datetime_start":"2026-08-07T14:21:14.933469"}
{"op_code":9,"worker_id":"14ccb1d8-6cd5-4d00-bc76-74a331961dd9-135760465028928","trial_id":216,"system_attr":{"tpe:relative_params:0":"{\"gx\": 8, \"gy\": 2, \"k\": 32, \"m\": 64, \"n\": 16, \"sub\": 64}"}}
{"op_code":5,"worker_id":"14ccb1d8-6cd5-4d00-bc76-74a331961dd9-135760465028928","trial_id":216,"param_name":"m","param_value_internal":2,"distribution":"{\"name\": \"CategoricalDistribution\", \"attributes\": {\"choices\": [16, 32, 64, 128, 256]}}"}
{"op_code":5,"worker_id":"14ccb1d8-6cd5-4d00-bc76-74a331961dd9-135760465028928","trial_id":216,"param_name":"n","param_value_internal":0,"distribution":"{\"name\": \"CategoricalDistribution\", \"attributes\": {\"choices\": [16, 32, 64, 128, 256]}}"}
{"op_code":5,"worker_id":"14ccb1d8-6cd5-4d00-bc76-74a331961dd9-135760465028928","trial_id":216,"param_name":"k","param_value_internal":1,"distribution":"{\"name\": \"CategoricalDistribution\", \"attributes\": {\"choices\": [16, 32, 64, 128]}}"}
{"op_code":5,"worker_id":"14ccb1d8-6cd5-4d00-bc76-74a331961dd9-135760465028928","trial_id":216,"param_name":"gx","param_value_internal":3,"distribution":"{\"name\": \"CategoricalDistribution\", \"attributes\": {\"choices\": [1, 2, 4, 8]}}"}
{"op_code":5,"worker_id":"14ccb1d8-6cd5-4d00-bc76-74a331961dd9-135760465028928","trial_id":216,"param_name":"gy","param_value_internal":1,"distribution":"{\"name\": \"CategoricalDistribution\", \"attributes\": {\"choices\": [1, 2, 4, 8]}}"}
{"op_code":5,"worker_id":"14ccb1d8-6cd5-4d00-bc76-74a331961dd9-135760465028928","trial_id":216,"param_name":"sub","param_value_internal":1,"distribution":"{\"name\": \"CategoricalDistribution\", \"attributes\": {\"choices\": [32, 64]}}"}
{"op_code":6,"worker_id":"14ccb1d8-6cd5-4d00-bc76-74a331961dd9-135760465028928","trial_id":216,"state":2,"values":null,"datetime_complete":"2026-08-07T14:21:14.953860"}
{"op_code":4,"worker_id":"14ccb1d8-6cd5-4d00-bc76-74a331961dd9-135760465028928","study_id":0,"datetime_start":"2026-08-07T14:21:14.957810"}
{"op_code":9,"worker_id":"14ccb1d8-6cd5-4d00-bc76-74a331961dd9-135760465028928","trial_id":217,"system_attr":{"tpe:relative_params:0":"{\"gx\": 2, \"gy\": 8, \"k\": 64, \"m\": 128, \"n\": 128, \"sub\": 32}"}}
{"op_code":5,"worker_id":"14ccb1d8-6cd5-4d00-bc76-74a331961dd9-135760465028928","trial_id":217,"param_name":"m","param_value_internal":3,"distribution":"{\"name\": \"CategoricalDistribution\", \"attributes\": {\"choices\": [16, 32, 64, 128, 256]}}"}
{"op_code":5,"worker_id":"14ccb1d8-6cd5-4d00-bc76-74a331961dd9-135760465028928","trial_id":217,"param_name":"n","param_value_internal":3,"distribution":"{\"name\": \"CategoricalDistribution\", \"attributes\": {\"choices\": [16, 32, 64, 128, 256]}}"}
{"op_code":5,"worker_id":"14ccb1d8-6cd5-4d00-bc76-74a331961dd9-135760465028928","trial_id":217,"param_name":"k","param_value_internal":2,"distribution":"{\"name\": \"CategoricalDistribution\", \"attributes\": {\"choices\": [16, 32, 64, 128]}}"}
{"op_code":5,"worker_id":"14ccb1d8-6cd5-4d00-bc76-74a331961dd9-135760465028928","trial_id":217,"param_name":"gx","param_value_internal":1,"distribution":"{\"name\": \"CategoricalDistribution\", \"attributes\": {\"choices\": [1, 2, 4, 8]}}"}
{"op_code":5,"worker_id":"14ccb1d8-6cd5-4d00-bc76-74a331961dd9-135760465028928","trial_id":217,"param_name":"gy","param_value_internal":3,"distribution":"{\"name\": \"CategoricalDistribution\", \"attributes\": {\"choices\": [1, 2, 4, 8]}}"}
{"op_code":5,"worker_id":"14ccb1d8-6cd5-4d00-bc76-74a331961dd9-135760465028928","trial_id":217,"param_name":"sub","param_value_internal":0,"distribution":"{\"name\": \"CategoricalDistribution\", \"attributes\": {\"choices\": [32, 64]}}"}
{"op_code":8,"worker_id":"14ccb1d8-6cd5-4d00-bc76-74a331961dd9-135760465028928","trial_id":217,"user_attr":{"token":"tsweep_dbuf4_t128x128k64g28s32"}}
{"op_code":4,"worker_id":"14ccb1d8-6cd5-4d00-bc76-74a331961dd9-135760465028928","study_id":0,"datetime_start":"2026-08-07T14:21:14.981215"}
{"op_code":9,"worker_id":"14ccb1d8-6cd5-4d00-bc76-74a331961dd9-135760465028928","trial_id":218,"system_attr":{"tpe:relative_params:0":"{\"gx\": 1, \"gy\": 4, \"k\": 16, \"m\": 128, \"n\": 128, \"sub\": 64}"}}
{"op_code":5,"worker_id":"14ccb1d8-6cd5-4d00-bc76-74a331961dd9-135760465028928","trial_id":218,"param_name":"m","param_value_internal":3,"distribution":"{\"name\": \"CategoricalDistribution\", \"attributes\": {\"choices\": [16, 32, 64, 128, 256]}}"}
{"op_code":5,"worker_id":"14ccb1d8-6cd5-4d00-bc76-74a331961dd9-135760465028928","trial_id":218,"param_name":"n","param_value_internal":3,"distribution":"{\"name\": \"CategoricalDistribution\", \"attributes\": {\"choices\": [16, 32, 64, 128, 256]}}"}
{"op_code":5,"worker_id":"14ccb1d8-6cd5-4d00-bc76-74a331961dd9-135760465028928","trial_id":218,"param_name":"k","param_value_internal":0,"distribution":"{\"name\": \"CategoricalDistribution\", \"attributes\": {\"choices\": [16, 32, 64, 128]}}"}
{"op_code":5,"worker_id":"14ccb1d8-6cd5-4d00-bc76-74a331961dd9-135760465028928","trial_id":218,"param_name":"gx","param_value_internal":0,"distribution":"{\"name\": \"CategoricalDistribution\", \"attributes\": {\"choices\": [1, 2, 4, 8]}}"}
{"op_code":5,"worker_id":"14ccb1d8-6cd5-4d00-bc76-74a331961dd9-135760465028928","trial_id":218,"param_name":"gy","param_value_internal":2,"distribution":"{\"name\": \"CategoricalDistribution\", \"attributes\": {\"choices\": [1, 2, 4, 8]}}"}
{"op_code":5,"worker_id":"14ccb1d8-6cd5-4d00-bc76-74a331961dd9-135760465028928","trial_id":218,"param_name":"sub","param_value_internal":1,"distribution":"{\"name\": \"CategoricalDistribution\", \"attributes\": {\"choices\": [32, 64]}}"}
{"op_code":8,"worker_id":"14ccb1d8-6cd5-4d00-bc76-74a331961dd9-135760465028928","trial_id":218,"user_attr":{"token":"tsweep_dbuf4_t128x128k16g14s64"}}
{"op_code":4,"worker_id":"14ccb1d8-6cd5-4d00-bc76-74a331961dd9-135760465028928","study_id":0,"datetime_start":"2026-08-07T14:21:15.006685"}
{"op_code":9,"worker_id":"14ccb1d8-6cd5-4d00-bc76-74a331961dd9-135760465028928","trial_id":219,"system_attr":{"tpe:relative_params:0":"{\"gx\": 1, \"gy\": 8, \"k\": 16, \"m\": 64, \"n\": 32, \"sub\": 32}"}}
{"op_code":5,"worker_id":"14ccb1d8-6cd5-4d00-bc76-74a331961dd9-135760465028928","trial_id":219,"param_name":"m","param_value_internal":2,"distribution":"{\"name\": \"CategoricalDistribution\", \"attributes\": {\"choices\": [16, 32, 64, 128, 256]}}"}
{"op_code":5,"worker_id":"14ccb1d8-6cd5-4d00-bc76-74a331961dd9-135760465028928","trial_id":219,"param_name":"n","param_value_internal":1,"distribution":"{\"name\": \"CategoricalDistribution\", \"attributes\": {\"choices\": [16, 32, 64, 128, 256]}}"}
{"op_code":5,"worker_id":"14ccb1d8-6cd5-4d00-bc76-74a331961dd9-135760465028928","trial_id":219,"param_name":"k","param_value_internal":0,"distribution":"{\"name\": \"CategoricalDistribution\", \"attributes\": {\"choices\": [16, 32, 64, 128]}}"}
{"op_code":5,"worker_id":"14ccb1d8-6cd5-4d00-bc76-74a331961dd9-135760465028928","trial_id":219,"param_name":"gx","param_value_internal":0,"distribution":"{\"name\": \"CategoricalDistribution\", \"attributes\": {\"choices\": [1, 2, 4, 8]}}"}
{"op_code":5,"worker_id":"14ccb1d8-6cd5-4d00-bc76-74a331961dd9-135760465028928","trial_id":219,"param_name":"gy","param_value_internal":3,"distribution":"{\"name\": \"CategoricalDistribution\", \"attributes\": {\"choices\": [1, 2, 4, 8]}}"}
{"op_code":5,"worker_id":"14ccb1d8-6cd5-4d00-bc76-74a331961dd9-135760465028928","trial_id":219,"param_name":"sub","param_value_internal":0,"distribution":"{\"name\": \"CategoricalDistribution\", \"attributes\": {\"choices\": [32, 64]}}"}
{"op_code":6,"worker_id":"14ccb1d8-6cd5-4d00-bc76-74a331961dd9-135760465028928","trial_id":219,"state":2,"values":null,"datetime_complete":"2026-08-07T14:21:15.028242"}
{"op_code":4,"worker_id":"14ccb1d8-6cd5-4d00-bc76-74a331961dd9-135760465028928","study_id":0,"datetime_start":"2026-08-07T14:21:15.030004"}
{"op_code":9,"worker_id":"14ccb1d8-6cd5-4d00-bc76-74a331961dd9-135760465028928","trial_id":220,"system_attr":{"tpe:relative_params:0":"{\"gx\": 1, \"gy\": 8, \"k\": 32, \"m\": 128, \"n\": 256, \"sub\": 32}"}}
{"op_code":5,"worker_id":"14ccb1d8-6cd5-4d00-bc76-74a331961dd9-135760465028928","trial_id":220,"param_name":"m","param_value_internal":3,"distribution":"{\"name\": \"CategoricalDistribution\", \"attributes\": {\"choices\": [16, 32, 64, 128, 256]}}"}
{"op_code":5,"worker_id":"14ccb1d8-6cd5-4d00-bc76-74a331961dd9-135760465028928","trial_id":220,"param_name":"n","param_value_internal":4,"distribution":"{\"name\": \"CategoricalDistribution\", \"attributes\": {\"choices\": [16, 32, 64, 128, 256]}}"}
{"op_code":5,"worker_id":"14ccb1d8-6cd5-4d00-bc76-74a331961dd9-135760465028928","trial_id":220,"param_name":"k","param_value_internal":1,"distribution":"{\"name\": \"CategoricalDistribution\", \"attributes\": {\"choices\": [16, 32, 64, 128]}}"}
{"op_code":5,"worker_id":"14ccb1d8-6cd5-4d00-bc76-74a331961dd9-135760465028928","trial_id":220,"param_name":"gx","param_value_internal":0,"distribution":"{\"name\": \"CategoricalDistribution\", \"attributes\": {\"choices\": [1, 2, 4, 8]}}"}
{"op_code":5,"worker_id":"14ccb1d8-6cd5-4d00-bc76-74a331961dd9-135760465028928","trial_id":220,"param_name":"gy","param_value_internal":3,"distribution":"{\"name\": \"CategoricalDistribution\", \"attributes\": {\"choices\": [1, 2, 4, 8]}}"}
{"op_code":5,"worker_id":"14ccb1d8-6cd5-4d00-bc76-74a331961dd9-135760465028928","trial_id":220,"param_name":"sub","param_value_internal":0,"distribution":"{\"name\": \"CategoricalDistribution\", \"attributes\": {\"choices\": [32, 64]}}"}
{"op_code":8,"worker_id":"14ccb1d8-6cd5-4d00-bc76-74a331961dd9-135760465028928","trial_id":220,"user_attr":{"token":"tsweep_dbuf4_t128x256k32g18s32"}}
{"op_code":6,"worker_id":"14ccb1d8-6cd5-4d00-bc76-74a331961dd9-135760465028928","trial_id":193,"state":1,"values":[1096.9235],"datetime_complete":"2026-08-07T14:22:18.030744"}
{"op_code":6,"worker_id":"14ccb1d8-6cd5-4d00-bc76-74a331961dd9-135760465028928","trial_id":195,"state":1,"values":[1133.0335],"datetime_complete":"2026-08-07T14:22:41.998178"}
{"op_code":6,"worker_id":"14ccb1d8-6cd5-4d00-bc76-74a331961dd9-135760465028928","trial_id":196,"state":2,"values":null,"datetime_complete":"2026-08-07T14:22:50.115973"}
{"op_code":6,"worker_id":"14ccb1d8-6cd5-4d00-bc76-74a331961dd9-135760465028928","trial_id":198,"state":2,"values":null,"datetime_complete":"2026-08-07T14:22:56.854416"}
{"op_code":6,"worker_id":"14ccb1d8-6cd5-4d00-bc76-74a331961dd9-135760465028928","trial_id":201,"state":1,"values":[979.1855],"datetime_complete":"2026-08-07T14:23:22.427387"}
{"op_code":6,"worker_id":"14ccb1d8-6cd5-4d00-bc76-74a331961dd9-135760465028928","trial_id":203,"state":2,"values":null,"datetime_complete":"2026-08-07T14:23:28.576164"}
{"op_code":6,"worker_id":"14ccb1d8-6cd5-4d00-bc76-74a331961dd9-135760465028928","trial_id":204,"state":1,"values":[1060.0],"datetime_complete":"2026-08-07T14:23:56.270602"}
{"op_code":6,"worker_id":"14ccb1d8-6cd5-4d00-bc76-74a331961dd9-135760465028928","trial_id":205,"state":2,"values":null,"datetime_complete":"2026-08-07T14:24:02.571095"}
{"op_code":6,"worker_id":"14ccb1d8-6cd5-4d00-bc76-74a331961dd9-135760465028928","trial_id":207,"state":2,"values":null,"datetime_complete":"2026-08-07T14:24:08.876428"}
{"op_code":6,"worker_id":"14ccb1d8-6cd5-4d00-bc76-74a331961dd9-135760465028928","trial_id":208,"state":1,"values":[1048.83],"datetime_complete":"2026-08-07T14:24:34.561337"}
{"op_code":6,"worker_id":"14ccb1d8-6cd5-4d00-bc76-74a331961dd9-135760465028928","trial_id":209,"state":1,"values":[1083.375],"datetime_complete":"2026-08-07T14:24:59.993848"}
{"op_code":6,"worker_id":"14ccb1d8-6cd5-4d00-bc76-74a331961dd9-135760465028928","trial_id":213,"state":2,"values":null,"datetime_complete":"2026-08-07T14:25:08.177898"}
{"op_code":6,"worker_id":"14ccb1d8-6cd5-4d00-bc76-74a331961dd9-135760465028928","trial_id":214,"state":2,"values":null,"datetime_complete":"2026-08-07T14:25:20.843223"}
{"op_code":6,"worker_id":"14ccb1d8-6cd5-4d00-bc76-74a331961dd9-135760465028928","trial_id":217,"state":1,"values":[1042.6535],"datetime_complete":"2026-08-07T14:25:57.557074"}
{"op_code":6,"worker_id":"14ccb1d8-6cd5-4d00-bc76-74a331961dd9-135760465028928","trial_id":218,"state":1,"values":[1074.1045],"datetime_complete":"2026-08-07T14:26:23.781867"}
{"op_code":6,"worker_id":"14ccb1d8-6cd5-4d00-bc76-74a331961dd9-135760465028928","trial_id":220,"state":2,"values":null,"datetime_complete":"2026-08-07T14:26:37.130404"}
