{"op_code":0,"worker_id":"3f81c282-2f80-4c89-a3fd-484482b02720-127485161060160","study_name":"q4gsw_samsung-xclipse-970","directions":[2]}
{"op_code":4,"worker_id":"3f81c282-2f80-4c89-a3fd-484482b02720-127485161060160","study_id":0,"datetime_start":null,"state":4,"value":null,"values":null,"distributions":{},"params":{},"user_attrs":{},"system_attrs":{"fixed_params":{"m":128,"n":64,"k":32,"gx":2,"gy":2,"sub":32}},"intermediate_values":{}}
{"op_code":4,"worker_id":"3f81c282-2f80-4c89-a3fd-484482b02720-127485161060160","study_id":0,"datetime_start":null,"state":4,"value":null,"values":null,"distributions":{},"params":{},"user_attrs":{},"system_attrs":{"fixed_params":{"m":128,"n":64,"k":16,"gx":2,"gy":2,"sub":32}},"intermediate_values":{}}
{"op_code":6,"worker_id":"3f81c282-2f80-4c89-a3fd-484482b02720-127485161060160","trial_id":0,"state":0,"values":null,"datetime_start":"2026-07-23T21:32:58.418046"}
{"op_code":5,"worker_id":"3f81c282-2f80-4c89-a3fd-484482b02720-127485161060160","trial_id":0,"param_name":"m","param_value_internal":3,"distribution":"{\"name\": \"CategoricalDistribution\", \"attributes\": {\"choices\": [16, 32, 64, 128, 256]}}"}
{"op_code":5,"worker_id":"3f81c282-2f80-4c89-a3fd-484482b02720-127485161060160","trial_id":0,"param_name":"n","param_value_internal":2,"distribution":"{\"name\": \"CategoricalDistribution\", \"attributes\": {\"choices\": [16, 32, 64, 128, 256]}}"}
{"op_code":5,"worker_id":"3f81c282-2f80-4c89-a3fd-484482b02720-127485161060160","trial_id":0,"param_name":"k","param_value_internal":1,"distribution":"{\"name\": \"CategoricalDistribution\", \"attributes\": {\"choices\": [16, 32, 64, 128]}}"}
{"op_code":5,"worker_id":"3f81c282-2f80-4c89-a3fd-484482b02720-127485161060160","trial_id":0,"param_name":"gx","param_value_internal":1,"distribution":"{\"name\": \"CategoricalDistribution\", \"attributes\": {\"choices\": [1, 2, 4, 8]}}"}
{"op_code":5,"worker_id":"3f81c282-2f80-4c89-a3fd-484482b02720-127485161060160","trial_id":0,"param_name":"gy","param_value_internal":1,"distribution":"{\"name\": \"CategoricalDistribution\", \"attributes\": {\"choices\": [1, 2, 4, 8]}}"}
{"op_code":5,"worker_id":"3f81c282-2f80-4c89-a3fd-484482b02720-127485161060160","trial_id":0,"param_name":"sub","param_value_internal":0,"distribution":"{\"name\": \"CategoricalDistribution\", \"attributes\": {\"choices\": [32, 64]}}"}
{"op_code":8,"worker_id":"3f81c282-2f80-4c89-a3fd-484482b02720-127485161060160","trial_id":0,"user_attr":{"token":"tsweep_t128x64k32g22s32"}}
{"op_code":6,"worker_id":"3f81c282-2f80-4c89-a3fd-484482b02720-127485161060160","trial_id":1,"state":0,"values":null,"datetime_start":"2026-07-23T21:32:58.432293"}
{"op_code":5,"worker_id":"3f81c282-2f80-4c89-a3fd-484482b02720-127485161060160","trial_id":1,"param_name":"m","param_value_internal":3,"distribution":"{\"name\": \"CategoricalDistribution\", \"attributes\": {\"choices\": [16, 32, 64, 128, 256]}}"}
{"op_code":5,"worker_id":"3f81c282-2f80-4c89-a3fd-484482b02720-127485161060160","trial_id":1,"param_name":"n","param_value_internal":2,"distribution":"{\"name\": \"CategoricalDistribution\", \"attributes\": {\"choices\": [16, 32, 64, 128, 256]}}"}
{"op_code":5,"worker_id":"3f81c282-2f80-4c89-a3fd-484482b02720-127485161060160","trial_id":1,"param_name":"k","param_value_internal":0,"distribution":"{\"name\": \"CategoricalDistribution\", \"attributes\": {\"choices\": [16, 32, 64, 128]}}"}
{"op_code":5,"worker_id":"3f81c282-2f80-4c89-a3fd-484482b02720-127485161060160","trial_id":1,"param_name":"gx","param_value_internal":1,"distribution":"{\"name\": \"CategoricalDistribution\", \"attributes\": {\"choices\": [1, 2, 4, 8]}}"}
{"op_code":5,"worker_id":"3f81c282-2f80-4c89-a3fd-484482b02720-127485161060160","trial_id":1,"param_name":"gy","param_value_internal":1,"distribution":"{\"name\": \"CategoricalDistribution\", \"attributes\": {\"choices\": [1, 2, 4, 8]}}"}
{"op_code":5,"worker_id":"3f81c282-2f80-4c89-a3fd-484482b02720-127485161060160","trial_id":1,"param_name":"sub","param_value_internal":0,"distribution":"{\"name\": \"CategoricalDistribution\", \"attributes\": {\"choices\": [32, 64]}}"}
{"op_code":8,"worker_id":"3f81c282-2f80-4c89-a3fd-484482b02720-127485161060160","trial_id":1,"user_attr":{"token":"tsweep_t128x64k16g22s32"}}
{"op_code":4,"worker_id":"3f81c282-2f80-4c89-a3fd-484482b02720-127485161060160","study_id":0,"datetime_start":"2026-07-23T21:32:58.446707"}
{"op_code":5,"worker_id":"3f81c282-2f80-4c89-a3fd-484482b02720-127485161060160","trial_id":2,"param_name":"m","param_value_internal":2,"distribution":"{\"name\": \"CategoricalDistribution\", \"attributes\": {\"choices\": [16, 32, 64, 128, 256]}}"}
{"op_code":5,"worker_id":"3f81c282-2f80-4c89-a3fd-484482b02720-127485161060160","trial_id":2,"param_name":"n","param_value_internal":3,"distribution":"{\"name\": \"CategoricalDistribution\", \"attributes\": {\"choices\": [16, 32, 64, 128, 256]}}"}
{"op_code":5,"worker_id":"3f81c282-2f80-4c89-a3fd-484482b02720-127485161060160","trial_id":2,"param_name":"k","param_value_internal":0,"distribution":"{\"name\": \"CategoricalDistribution\", \"attributes\": {\"choices\": [16, 32, 64, 128]}}"}
{"op_code":5,"worker_id":"3f81c282-2f80-4c89-a3fd-484482b02720-127485161060160","trial_id":2,"param_name":"gx","param_value_internal":3,"distribution":"{\"name\": \"CategoricalDistribution\", \"attributes\": {\"choices\": [1, 2, 4, 8]}}"}
{"op_code":5,"worker_id":"3f81c282-2f80-4c89-a3fd-484482b02720-127485161060160","trial_id":2,"param_name":"gy","param_value_internal":2,"distribution":"{\"name\": \"CategoricalDistribution\", \"attributes\": {\"choices\": [1, 2, 4, 8]}}"}
{"op_code":5,"worker_id":"3f81c282-2f80-4c89-a3fd-484482b02720-127485161060160","trial_id":2,"param_name":"sub","param_value_internal":0,"distribution":"{\"name\": \"CategoricalDistribution\", \"attributes\": {\"choices\": [32, 64]}}"}
{"op_code":6,"worker_id":"3f81c282-2f80-4c89-a3fd-484482b02720-127485161060160","trial_id":2,"state":2,"values":null,"datetime_complete":"2026-07-23T21:32:58.465410"}
{"op_code":4,"worker_id":"3f81c282-2f80-4c89-a3fd-484482b02720-127485161060160","study_id":0,"datetime_start":"2026-07-23T21:32:58.467542"}
{"op_code":5,"worker_id":"3f81c282-2f80-4c89-a3fd-484482b02720-127485161060160","trial_id":3,"param_name":"m","param_value_internal":0,"distribution":"{\"name\": \"CategoricalDistribution\", \"attributes\": {\"choices\": [16, 32, 64, 128, 256]}}"}
{"op_code":5,"worker_id":"3f81c282-2f80-4c89-a3fd-484482b02720-127485161060160","trial_id":3,"param_name":"n","param_value_internal":1,"distribution":"{\"name\": \"CategoricalDistribution\", \"attributes\": {\"choices\": [16, 32, 64, 128, 256]}}"}
{"op_code":5,"worker_id":"3f81c282-2f80-4c89-a3fd-484482b02720-127485161060160","trial_id":3,"param_name":"k","param_value_internal":2,"distribution":"{\"name\": \"CategoricalDistribution\", \"attributes\": {\"choices\": [16, 32, 64, 128]}}"}
{"op_code":5,"worker_id":"3f81c282-2f80-4c89-a3fd-484482b02720-127485161060160","trial_id":3,"param_name":"gx","param_value_internal":2,"distribution":"{\"name\": \"CategoricalDistribution\", \"attributes\": {\"choices\": [1, 2, 4, 8]}}"}
{"op_code":5,"worker_id":"3f81c282-2f80-4c89-a3fd-484482b02720-127485161060160","trial_id":3,"param_name":"gy","param_value_internal":0,"distribution":"{\"name\": \"CategoricalDistribution\", \"attributes\": {\"choices\": [1, 2, 4, 8]}}"}
{"op_code":5,"worker_id":"3f81c282-2f80-4c89-a3fd-484482b02720-127485161060160","trial_id":3,"param_name":"sub","param_value_internal":1,"distribution":"{\"name\": \"CategoricalDistribution\", \"attributes\": {\"choices\": [32, 64]}}"}
{"op_code":6,"worker_id":"3f81c282-2f80-4c89-a3fd-484482b02720-127485161060160","trial_id":3,"state":2,"values":null,"datetime_complete":"2026-07-23T21:32:58.483243"}
{"op_code":4,"worker_id":"3f81c282-2f80-4c89-a3fd-484482b02720-127485161060160","study_id":0,"datetime_start":"2026-07-23T21:32:58.485278"}
{"op_code":5,"worker_id":"3f81c282-2f80-4c89-a3fd-484482b02720-127485161060160","trial_id":4,"param_name":"m","param_value_internal":2,"distribution":"{\"name\": \"CategoricalDistribution\", \"attributes\": {\"choices\": [16, 32, 64, 128, 256]}}"}
{"op_code":5,"worker_id":"3f81c282-2f80-4c89-a3fd-484482b02720-127485161060160","trial_id":4,"param_name":"n","param_value_internal":4,"distribution":"{\"name\": \"CategoricalDistribution\", \"attributes\": {\"choices\": [16, 32, 64, 128, 256]}}"}
{"op_code":5,"worker_id":"3f81c282-2f80-4c89-a3fd-484482b02720-127485161060160","trial_id":4,"param_name":"k","param_value_internal":0,"distribution":"{\"name\": \"CategoricalDistribution\", \"attributes\": {\"choices\": [16, 32, 64, 128]}}"}
{"op_code":5,"worker_id":"3f81c282-2f80-4c89-a3fd-484482b02720-127485161060160","trial_id":4,"param_name":"gx","param_value_internal":3,"distribution":"{\"name\": \"CategoricalDistribution\", \"attributes\": {\"choices\": [1, 2, 4, 8]}}"}
{"op_code":5,"worker_id":"3f81c282-2f80-4c89-a3fd-484482b02720-127485161060160","trial_id":4,"param_name":"gy","param_value_internal":1,"distribution":"{\"name\": \"CategoricalDistribution\", \"attributes\": {\"choices\": [1, 2, 4, 8]}}"}
{"op_code":5,"worker_id":"3f81c282-2f80-4c89-a3fd-484482b02720-127485161060160","trial_id":4,"param_name":"sub","param_value_internal":0,"distribution":"{\"name\": \"CategoricalDistribution\", \"attributes\": {\"choices\": [32, 64]}}"}
{"op_code":6,"worker_id":"3f81c282-2f80-4c89-a3fd-484482b02720-127485161060160","trial_id":4,"state":2,"values":null,"datetime_complete":"2026-07-23T21:32:58.499840"}
{"op_code":4,"worker_id":"3f81c282-2f80-4c89-a3fd-484482b02720-127485161060160","study_id":0,"datetime_start":"2026-07-23T21:32:58.501765"}
{"op_code":5,"worker_id":"3f81c282-2f80-4c89-a3fd-484482b02720-127485161060160","trial_id":5,"param_name":"m","param_value_internal":4,"distribution":"{\"name\": \"CategoricalDistribution\", \"attributes\": {\"choices\": [16, 32, 64, 128, 256]}}"}
{"op_code":5,"worker_id":"3f81c282-2f80-4c89-a3fd-484482b02720-127485161060160","trial_id":5,"param_name":"n","param_value_internal":3,"distribution":"{\"name\": \"CategoricalDistribution\", \"attributes\": {\"choices\": [16, 32, 64, 128, 256]}}"}
{"op_code":5,"worker_id":"3f81c282-2f80-4c89-a3fd-484482b02720-127485161060160","trial_id":5,"param_name":"k","param_value_internal":2,"distribution":"{\"name\": \"CategoricalDistribution\", \"attributes\": {\"choices\": [16, 32, 64, 128]}}"}
{"op_code":5,"worker_id":"3f81c282-2f80-4c89-a3fd-484482b02720-127485161060160","trial_id":5,"param_name":"gx","param_value_internal":2,"distribution":"{\"name\": \"CategoricalDistribution\", \"attributes\": {\"choices\": [1, 2, 4, 8]}}"}
{"op_code":5,"worker_id":"3f81c282-2f80-4c89-a3fd-484482b02720-127485161060160","trial_id":5,"param_name":"gy","param_value_internal":2,"distribution":"{\"name\": \"CategoricalDistribution\", \"attributes\": {\"choices\": [1, 2, 4, 8]}}"}
{"op_code":5,"worker_id":"3f81c282-2f80-4c89-a3fd-484482b02720-127485161060160","trial_id":5,"param_name":"sub","param_value_internal":0,"distribution":"{\"name\": \"CategoricalDistribution\", \"attributes\": {\"choices\": [32, 64]}}"}
{"op_code":6,"worker_id":"3f81c282-2f80-4c89-a3fd-484482b02720-127485161060160","trial_id":5,"state":2,"values":null,"datetime_complete":"2026-07-23T21:32:58.515639"}
{"op_code":4,"worker_id":"3f81c282-2f80-4c89-a3fd-484482b02720-127485161060160","study_id":0,"datetime_start":"2026-07-23T21:32:58.517786"}
{"op_code":5,"worker_id":"3f81c282-2f80-4c89-a3fd-484482b02720-127485161060160","trial_id":6,"param_name":"m","param_value_internal":2,"distribution":"{\"name\": \"CategoricalDistribution\", \"attributes\": {\"choices\": [16, 32, 64, 128, 256]}}"}
{"op_code":5,"worker_id":"3f81c282-2f80-4c89-a3fd-484482b02720-127485161060160","trial_id":6,"param_name":"n","param_value_internal":2,"distribution":"{\"name\": \"CategoricalDistribution\", \"attributes\": {\"choices\": [16, 32, 64, 128, 256]}}"}
{"op_code":5,"worker_id":"3f81c282-2f80-4c89-a3fd-484482b02720-127485161060160","trial_id":6,"param_name":"k","param_value_internal":3,"distribution":"{\"name\": \"CategoricalDistribution\", \"attributes\": {\"choices\": [16, 32, 64, 128]}}"}
{"op_code":5,"worker_id":"3f81c282-2f80-4c89-a3fd-484482b02720-127485161060160","trial_id":6,"param_name":"gx","param_value_internal":2,"distribution":"{\"name\": \"CategoricalDistribution\", \"attributes\": {\"choices\": [1, 2, 4, 8]}}"}
{"op_code":5,"worker_id":"3f81c282-2f80-4c89-a3fd-484482b02720-127485161060160","trial_id":6,"param_name":"gy","param_value_internal":2,"distribution":"{\"name\": \"CategoricalDistribution\", \"attributes\": {\"choices\": [1, 2, 4, 8]}}"}
{"op_code":5,"worker_id":"3f81c282-2f80-4c89-a3fd-484482b02720-127485161060160","trial_id":6,"param_name":"sub","param_value_internal":1,"distribution":"{\"name\": \"CategoricalDistribution\", \"attributes\": {\"choices\": [32, 64]}}"}
{"op_code":6,"worker_id":"3f81c282-2f80-4c89-a3fd-484482b02720-127485161060160","trial_id":6,"state":2,"values":null,"datetime_complete":"2026-07-23T21:32:58.533894"}
{"op_code":4,"worker_id":"3f81c282-2f80-4c89-a3fd-484482b02720-127485161060160","study_id":0,"datetime_start":"2026-07-23T21:32:58.536607"}
{"op_code":5,"worker_id":"3f81c282-2f80-4c89-a3fd-484482b02720-127485161060160","trial_id":7,"param_name":"m","param_value_internal":4,"distribution":"{\"name\": \"CategoricalDistribution\", \"attributes\": {\"choices\": [16, 32, 64, 128, 256]}}"}
{"op_code":5,"worker_id":"3f81c282-2f80-4c89-a3fd-484482b02720-127485161060160","trial_id":7,"param_name":"n","param_value_internal":2,"distribution":"{\"name\": \"CategoricalDistribution\", \"attributes\": {\"choices\": [16, 32, 64, 128, 256]}}"}
{"op_code":5,"worker_id":"3f81c282-2f80-4c89-a3fd-484482b02720-127485161060160","trial_id":7,"param_name":"k","param_value_internal":3,"distribution":"{\"name\": \"CategoricalDistribution\", \"attributes\": {\"choices\": [16, 32, 64, 128]}}"}
{"op_code":5,"worker_id":"3f81c282-2f80-4c89-a3fd-484482b02720-127485161060160","trial_id":7,"param_name":"gx","param_value_internal":0,"distribution":"{\"name\": \"CategoricalDistribution\", \"attributes\": {\"choices\": [1, 2, 4, 8]}}"}
{"op_code":5,"worker_id":"3f81c282-2f80-4c89-a3fd-484482b02720-127485161060160","trial_id":7,"param_name":"gy","param_value_internal":1,"distribution":"{\"name\": \"CategoricalDistribution\", \"attributes\": {\"choices\": [1, 2, 4, 8]}}"}
{"op_code":5,"worker_id":"3f81c282-2f80-4c89-a3fd-484482b02720-127485161060160","trial_id":7,"param_name":"sub","param_value_internal":1,"distribution":"{\"name\": \"CategoricalDistribution\", \"attributes\": {\"choices\": [32, 64]}}"}
{"op_code":6,"worker_id":"3f81c282-2f80-4c89-a3fd-484482b02720-127485161060160","trial_id":7,"state":2,"values":null,"datetime_complete":"2026-07-23T21:32:58.554814"}
{"op_code":4,"worker_id":"3f81c282-2f80-4c89-a3fd-484482b02720-127485161060160","study_id":0,"datetime_start":"2026-07-23T21:32:58.557501"}
{"op_code":5,"worker_id":"3f81c282-2f80-4c89-a3fd-484482b02720-127485161060160","trial_id":8,"param_name":"m","param_value_internal":4,"distribution":"{\"name\": \"CategoricalDistribution\", \"attributes\": {\"choices\": [16, 32, 64, 128, 256]}}"}
{"op_code":5,"worker_id":"3f81c282-2f80-4c89-a3fd-484482b02720-127485161060160","trial_id":8,"param_name":"n","param_value_internal":1,"distribution":"{\"name\": \"CategoricalDistribution\", \"attributes\": {\"choices\": [16, 32, 64, 128, 256]}}"}
{"op_code":5,"worker_id":"3f81c282-2f80-4c89-a3fd-484482b02720-127485161060160","trial_id":8,"param_name":"k","param_value_internal":2,"distribution":"{\"name\": \"CategoricalDistribution\", \"attributes\": {\"choices\": [16, 32, 64, 128]}}"}
{"op_code":5,"worker_id":"3f81c282-2f80-4c89-a3fd-484482b02720-127485161060160","trial_id":8,"param_name":"gx","param_value_internal":1,"distribution":"{\"name\": \"CategoricalDistribution\", \"attributes\": {\"choices\": [1, 2, 4, 8]}}"}
{"op_code":5,"worker_id":"3f81c282-2f80-4c89-a3fd-484482b02720-127485161060160","trial_id":8,"param_name":"gy","param_value_internal":0,"distribution":"{\"name\": \"CategoricalDistribution\", \"attributes\": {\"choices\": [1, 2, 4, 8]}}"}
{"op_code":5,"worker_id":"3f81c282-2f80-4c89-a3fd-484482b02720-127485161060160","trial_id":8,"param_name":"sub","param_value_internal":1,"distribution":"{\"name\": \"CategoricalDistribution\", \"attributes\": {\"choices\": [32, 64]}}"}
{"op_code":6,"worker_id":"3f81c282-2f80-4c89-a3fd-484482b02720-127485161060160","trial_id":8,"state":2,"values":null,"datetime_complete":"2026-07-23T21:32:58.573985"}
{"op_code":4,"worker_id":"3f81c282-2f80-4c89-a3fd-484482b02720-127485161060160","study_id":0,"datetime_start":"2026-07-23T21:32:58.576061"}
{"op_code":5,"worker_id":"3f81c282-2f80-4c89-a3fd-484482b02720-127485161060160","trial_id":9,"param_name":"m","param_value_internal":1,"distribution":"{\"name\": \"CategoricalDistribution\", \"attributes\": {\"choices\": [16, 32, 64, 128, 256]}}"}
{"op_code":5,"worker_id":"3f81c282-2f80-4c89-a3fd-484482b02720-127485161060160","trial_id":9,"param_name":"n","param_value_internal":1,"distribution":"{\"name\": \"CategoricalDistribution\", \"attributes\": {\"choices\": [16, 32, 64, 128, 256]}}"}
{"op_code":5,"worker_id":"3f81c282-2f80-4c89-a3fd-484482b02720-127485161060160","trial_id":9,"param_name":"k","param_value_internal":1,"distribution":"{\"name\": \"CategoricalDistribution\", \"attributes\": {\"choices\": [16, 32, 64, 128]}}"}
{"op_code":5,"worker_id":"3f81c282-2f80-4c89-a3fd-484482b02720-127485161060160","trial_id":9,"param_name":"gx","param_value_internal":2,"distribution":"{\"name\": \"CategoricalDistribution\", \"attributes\": {\"choices\": [1, 2, 4, 8]}}"}
{"op_code":5,"worker_id":"3f81c282-2f80-4c89-a3fd-484482b02720-127485161060160","trial_id":9,"param_name":"gy","param_value_internal":1,"distribution":"{\"name\": \"CategoricalDistribution\", \"attributes\": {\"choices\": [1, 2, 4, 8]}}"}
{"op_code":5,"worker_id":"3f81c282-2f80-4c89-a3fd-484482b02720-127485161060160","trial_id":9,"param_name":"sub","param_value_internal":0,"distribution":"{\"name\": \"CategoricalDistribution\", \"attributes\": {\"choices\": [32, 64]}}"}
{"op_code":6,"worker_id":"3f81c282-2f80-4c89-a3fd-484482b02720-127485161060160","trial_id":9,"state":2,"values":null,"datetime_complete":"2026-07-23T21:32:58.590399"}
{"op_code":4,"worker_id":"3f81c282-2f80-4c89-a3fd-484482b02720-127485161060160","study_id":0,"datetime_start":"2026-07-23T21:32:58.592522"}
{"op_code":5,"worker_id":"3f81c282-2f80-4c89-a3fd-484482b02720-127485161060160","trial_id":10,"param_name":"m","param_value_internal":3,"distribution":"{\"name\": \"CategoricalDistribution\", \"attributes\": {\"choices\": [16, 32, 64, 128, 256]}}"}
{"op_code":5,"worker_id":"3f81c282-2f80-4c89-a3fd-484482b02720-127485161060160","trial_id":10,"param_name":"n","param_value_internal":0,"distribution":"{\"name\": \"CategoricalDistribution\", \"attributes\": {\"choices\": [16, 32, 64, 128, 256]}}"}
{"op_code":5,"worker_id":"3f81c282-2f80-4c89-a3fd-484482b02720-127485161060160","trial_id":10,"param_name":"k","param_value_internal":2,"distribution":"{\"name\": \"CategoricalDistribution\", \"attributes\": {\"choices\": [16, 32, 64, 128]}}"}
{"op_code":5,"worker_id":"3f81c282-2f80-4c89-a3fd-484482b02720-127485161060160","trial_id":10,"param_name":"gx","param_value_internal":3,"distribution":"{\"name\": \"CategoricalDistribution\", \"attributes\": {\"choices\": [1, 2, 4, 8]}}"}
{"op_code":5,"worker_id":"3f81c282-2f80-4c89-a3fd-484482b02720-127485161060160","trial_id":10,"param_name":"gy","param_value_internal":2,"distribution":"{\"name\": \"CategoricalDistribution\", \"attributes\": {\"choices\": [1, 2, 4, 8]}}"}
{"op_code":5,"worker_id":"3f81c282-2f80-4c89-a3fd-484482b02720-127485161060160","trial_id":10,"param_name":"sub","param_value_internal":0,"distribution":"{\"name\": \"CategoricalDistribution\", \"attributes\": {\"choices\": [32, 64]}}"}
{"op_code":6,"worker_id":"3f81c282-2f80-4c89-a3fd-484482b02720-127485161060160","trial_id":10,"state":2,"values":null,"datetime_complete":"2026-07-23T21:32:58.606404"}
{"op_code":4,"worker_id":"3f81c282-2f80-4c89-a3fd-484482b02720-127485161060160","study_id":0,"datetime_start":"2026-07-23T21:32:58.608384"}
{"op_code":5,"worker_id":"3f81c282-2f80-4c89-a3fd-484482b02720-127485161060160","trial_id":11,"param_name":"m","param_value_internal":0,"distribution":"{\"name\": \"CategoricalDistribution\", \"attributes\": {\"choices\": [16, 32, 64, 128, 256]}}"}
{"op_code":5,"worker_id":"3f81c282-2f80-4c89-a3fd-484482b02720-127485161060160","trial_id":11,"param_name":"n","param_value_internal":1,"distribution":"{\"name\": \"CategoricalDistribution\", \"attributes\": {\"choices\": [16, 32, 64, 128, 256]}}"}
{"op_code":5,"worker_id":"3f81c282-2f80-4c89-a3fd-484482b02720-127485161060160","trial_id":11,"param_name":"k","param_value_internal":3,"distribution":"{\"name\": \"CategoricalDistribution\", \"attributes\": {\"choices\": [16, 32, 64, 128]}}"}
{"op_code":5,"worker_id":"3f81c282-2f80-4c89-a3fd-484482b02720-127485161060160","trial_id":11,"param_name":"gx","param_value_internal":0,"distribution":"{\"name\": \"CategoricalDistribution\", \"attributes\": {\"choices\": [1, 2, 4, 8]}}"}
{"op_code":5,"worker_id":"3f81c282-2f80-4c89-a3fd-484482b02720-127485161060160","trial_id":11,"param_name":"gy","param_value_internal":3,"distribution":"{\"name\": \"CategoricalDistribution\", \"attributes\": {\"choices\": [1, 2, 4, 8]}}"}
{"op_code":5,"worker_id":"3f81c282-2f80-4c89-a3fd-484482b02720-127485161060160","trial_id":11,"param_name":"sub","param_value_internal":0,"distribution":"{\"name\": \"CategoricalDistribution\", \"attributes\": {\"choices\": [32, 64]}}"}
{"op_code":6,"worker_id":"3f81c282-2f80-4c89-a3fd-484482b02720-127485161060160","trial_id":11,"state":2,"values":null,"datetime_complete":"2026-07-23T21:32:58.622685"}
{"op_code":4,"worker_id":"3f81c282-2f80-4c89-a3fd-484482b02720-127485161060160","study_id":0,"datetime_start":"2026-07-23T21:32:58.624859"}
{"op_code":9,"worker_id":"3f81c282-2f80-4c89-a3fd-484482b02720-127485161060160","trial_id":12,"system_attr":{"tpe:relative_params:0":"{\"gx\": 4, \"gy\": 1, \"k\": 16, \"m\": 64, \"n\": 128, \"sub\": 32}"}}
{"op_code":5,"worker_id":"3f81c282-2f80-4c89-a3fd-484482b02720-127485161060160","trial_id":12,"param_name":"m","param_value_internal":2,"distribution":"{\"name\": \"CategoricalDistribution\", \"attributes\": {\"choices\": [16, 32, 64, 128, 256]}}"}
{"op_code":5,"worker_id":"3f81c282-2f80-4c89-a3fd-484482b02720-127485161060160","trial_id":12,"param_name":"n","param_value_internal":3,"distribution":"{\"name\": \"CategoricalDistribution\", \"attributes\": {\"choices\": [16, 32, 64, 128, 256]}}"}
{"op_code":5,"worker_id":"3f81c282-2f80-4c89-a3fd-484482b02720-127485161060160","trial_id":12,"param_name":"k","param_value_internal":0,"distribution":"{\"name\": \"CategoricalDistribution\", \"attributes\": {\"choices\": [16, 32, 64, 128]}}"}
{"op_code":5,"worker_id":"3f81c282-2f80-4c89-a3fd-484482b02720-127485161060160","trial_id":12,"param_name":"gx","param_value_internal":2,"distribution":"{\"name\": \"CategoricalDistribution\", \"attributes\": {\"choices\": [1, 2, 4, 8]}}"}
{"op_code":5,"worker_id":"3f81c282-2f80-4c89-a3fd-484482b02720-127485161060160","trial_id":12,"param_name":"gy","param_value_internal":0,"distribution":"{\"name\": \"CategoricalDistribution\", \"attributes\": {\"choices\": [1, 2, 4, 8]}}"}
{"op_code":5,"worker_id":"3f81c282-2f80-4c89-a3fd-484482b02720-127485161060160","trial_id":12,"param_name":"sub","param_value_internal":0,"distribution":"{\"name\": \"CategoricalDistribution\", \"attributes\": {\"choices\": [32, 64]}}"}
{"op_code":8,"worker_id":"3f81c282-2f80-4c89-a3fd-484482b02720-127485161060160","trial_id":12,"user_attr":{"token":"tsweep_t64x128k16g41s32"}}
{"op_code":4,"worker_id":"3f81c282-2f80-4c89-a3fd-484482b02720-127485161060160","study_id":0,"datetime_start":"2026-07-23T21:32:58.645904"}
{"op_code":9,"worker_id":"3f81c282-2f80-4c89-a3fd-484482b02720-127485161060160","trial_id":13,"system_attr":{"tpe:relative_params:0":"{\"gx\": 8, \"gy\": 4, \"k\": 128, \"m\": 64, \"n\": 128, \"sub\": 32}"}}
{"op_code":5,"worker_id":"3f81c282-2f80-4c89-a3fd-484482b02720-127485161060160","trial_id":13,"param_name":"m","param_value_internal":2,"distribution":"{\"name\": \"CategoricalDistribution\", \"attributes\": {\"choices\": [16, 32, 64, 128, 256]}}"}
{"op_code":5,"worker_id":"3f81c282-2f80-4c89-a3fd-484482b02720-127485161060160","trial_id":13,"param_name":"n","param_value_internal":3,"distribution":"{\"name\": \"CategoricalDistribution\", \"attributes\": {\"choices\": [16, 32, 64, 128, 256]}}"}
{"op_code":5,"worker_id":"3f81c282-2f80-4c89-a3fd-484482b02720-127485161060160","trial_id":13,"param_name":"k","param_value_internal":3,"distribution":"{\"name\": \"CategoricalDistribution\", \"attributes\": {\"choices\": [16, 32, 64, 128]}}"}
{"op_code":5,"worker_id":"3f81c282-2f80-4c89-a3fd-484482b02720-127485161060160","trial_id":13,"param_name":"gx","param_value_internal":3,"distribution":"{\"name\": \"CategoricalDistribution\", \"attributes\": {\"choices\": [1, 2, 4, 8]}}"}
{"op_code":5,"worker_id":"3f81c282-2f80-4c89-a3fd-484482b02720-127485161060160","trial_id":13,"param_name":"gy","param_value_internal":2,"distribution":"{\"name\": \"CategoricalDistribution\", \"attributes\": {\"choices\": [1, 2, 4, 8]}}"}
{"op_code":5,"worker_id":"3f81c282-2f80-4c89-a3fd-484482b02720-127485161060160","trial_id":13,"param_name":"sub","param_value_internal":0,"distribution":"{\"name\": \"CategoricalDistribution\", \"attributes\": {\"choices\": [32, 64]}}"}
{"op_code":6,"worker_id":"3f81c282-2f80-4c89-a3fd-484482b02720-127485161060160","trial_id":13,"state":2,"values":null,"datetime_complete":"2026-07-23T21:32:58.664173"}
{"op_code":4,"worker_id":"3f81c282-2f80-4c89-a3fd-484482b02720-127485161060160","study_id":0,"datetime_start":"2026-07-23T21:32:58.666191"}
{"op_code":9,"worker_id":"3f81c282-2f80-4c89-a3fd-484482b02720-127485161060160","trial_id":14,"system_attr":{"tpe:relative_params:0":"{\"gx\": 8, \"gy\": 4, \"k\": 16, \"m\": 64, \"n\": 128, \"sub\": 64}"}}
{"op_code":5,"worker_id":"3f81c282-2f80-4c89-a3fd-484482b02720-127485161060160","trial_id":14,"param_name":"m","param_value_internal":2,"distribution":"{\"name\": \"CategoricalDistribution\", \"attributes\": {\"choices\": [16, 32, 64, 128, 256]}}"}
{"op_code":5,"worker_id":"3f81c282-2f80-4c89-a3fd-484482b02720-127485161060160","trial_id":14,"param_name":"n","param_value_internal":3,"distribution":"{\"name\": \"CategoricalDistribution\", \"attributes\": {\"choices\": [16, 32, 64, 128, 256]}}"}
{"op_code":5,"worker_id":"3f81c282-2f80-4c89-a3fd-484482b02720-127485161060160","trial_id":14,"param_name":"k","param_value_internal":0,"distribution":"{\"name\": \"CategoricalDistribution\", \"attributes\": {\"choices\": [16, 32, 64, 128]}}"}
{"op_code":5,"worker_id":"3f81c282-2f80-4c89-a3fd-484482b02720-127485161060160","trial_id":14,"param_name":"gx","param_value_internal":3,"distribution":"{\"name\": \"CategoricalDistribution\", \"attributes\": {\"choices\": [1, 2, 4, 8]}}"}
{"op_code":5,"worker_id":"3f81c282-2f80-4c89-a3fd-484482b02720-127485161060160","trial_id":14,"param_name":"gy","param_value_internal":2,"distribution":"{\"name\": \"CategoricalDistribution\", \"attributes\": {\"choices\": [1, 2, 4, 8]}}"}
{"op_code":5,"worker_id":"3f81c282-2f80-4c89-a3fd-484482b02720-127485161060160","trial_id":14,"param_name":"sub","param_value_internal":1,"distribution":"{\"name\": \"CategoricalDistribution\", \"attributes\": {\"choices\": [32, 64]}}"}
{"op_code":6,"worker_id":"3f81c282-2f80-4c89-a3fd-484482b02720-127485161060160","trial_id":14,"state":2,"values":null,"datetime_complete":"2026-07-23T21:32:58.682841"}
{"op_code":4,"worker_id":"3f81c282-2f80-4c89-a3fd-484482b02720-127485161060160","study_id":0,"datetime_start":"2026-07-23T21:32:58.684848"}
{"op_code":9,"worker_id":"3f81c282-2f80-4c89-a3fd-484482b02720-127485161060160","trial_id":15,"system_attr":{"tpe:relative_params:0":"{\"gx\": 4, \"gy\": 1, \"k\": 64, \"m\": 16, \"n\": 32, \"sub\": 64}"}}
{"op_code":5,"worker_id":"3f81c282-2f80-4c89-a3fd-484482b02720-127485161060160","trial_id":15,"param_name":"m","param_value_internal":0,"distribution":"{\"name\": \"CategoricalDistribution\", \"attributes\": {\"choices\": [16, 32, 64, 128, 256]}}"}
{"op_code":5,"worker_id":"3f81c282-2f80-4c89-a3fd-484482b02720-127485161060160","trial_id":15,"param_name":"n","param_value_internal":1,"distribution":"{\"name\": \"CategoricalDistribution\", \"attributes\": {\"choices\": [16, 32, 64, 128, 256]}}"}
{"op_code":5,"worker_id":"3f81c282-2f80-4c89-a3fd-484482b02720-127485161060160","trial_id":15,"param_name":"k","param_value_internal":2,"distribution":"{\"name\": \"CategoricalDistribution\", \"attributes\": {\"choices\": [16, 32, 64, 128]}}"}
{"op_code":5,"worker_id":"3f81c282-2f80-4c89-a3fd-484482b02720-127485161060160","trial_id":15,"param_name":"gx","param_value_internal":2,"distribution":"{\"name\": \"CategoricalDistribution\", \"attributes\": {\"choices\": [1, 2, 4, 8]}}"}
{"op_code":5,"worker_id":"3f81c282-2f80-4c89-a3fd-484482b02720-127485161060160","trial_id":15,"param_name":"gy","param_value_internal":0,"distribution":"{\"name\": \"CategoricalDistribution\", \"attributes\": {\"choices\": [1, 2, 4, 8]}}"}
{"op_code":5,"worker_id":"3f81c282-2f80-4c89-a3fd-484482b02720-127485161060160","trial_id":15,"param_name":"sub","param_value_internal":1,"distribution":"{\"name\": \"CategoricalDistribution\", \"attributes\": {\"choices\": [32, 64]}}"}
{"op_code":6,"worker_id":"3f81c282-2f80-4c89-a3fd-484482b02720-127485161060160","trial_id":15,"state":2,"values":null,"datetime_complete":"2026-07-23T21:32:58.702900"}
{"op_code":4,"worker_id":"3f81c282-2f80-4c89-a3fd-484482b02720-127485161060160","study_id":0,"datetime_start":"2026-07-23T21:32:58.704984"}
{"op_code":9,"worker_id":"3f81c282-2f80-4c89-a3fd-484482b02720-127485161060160","trial_id":16,"system_attr":{"tpe:relative_params:0":"{\"gx\": 8, \"gy\": 4, \"k\": 16, \"m\": 16, \"n\": 128, \"sub\": 32}"}}
{"op_code":5,"worker_id":"3f81c282-2f80-4c89-a3fd-484482b02720-127485161060160","trial_id":16,"param_name":"m","param_value_internal":0,"distribution":"{\"name\": \"CategoricalDistribution\", \"attributes\": {\"choices\": [16, 32, 64, 128, 256]}}"}
{"op_code":5,"worker_id":"3f81c282-2f80-4c89-a3fd-484482b02720-127485161060160","trial_id":16,"param_name":"n","param_value_internal":3,"distribution":"{\"name\": \"CategoricalDistribution\", \"attributes\": {\"choices\": [16, 32, 64, 128, 256]}}"}
{"op_code":5,"worker_id":"3f81c282-2f80-4c89-a3fd-484482b02720-127485161060160","trial_id":16,"param_name":"k","param_value_internal":0,"distribution":"{\"name\": \"CategoricalDistribution\", \"attributes\": {\"choices\": [16, 32, 64, 128]}}"}
{"op_code":5,"worker_id":"3f81c282-2f80-4c89-a3fd-484482b02720-127485161060160","trial_id":16,"param_name":"gx","param_value_internal":3,"distribution":"{\"name\": \"CategoricalDistribution\", \"attributes\": {\"choices\": [1, 2, 4, 8]}}"}
{"op_code":5,"worker_id":"3f81c282-2f80-4c89-a3fd-484482b02720-127485161060160","trial_id":16,"param_name":"gy","param_value_internal":2,"distribution":"{\"name\": \"CategoricalDistribution\", \"attributes\": {\"choices\": [1, 2, 4, 8]}}"}
{"op_code":5,"worker_id":"3f81c282-2f80-4c89-a3fd-484482b02720-127485161060160","trial_id":16,"param_name":"sub","param_value_internal":0,"distribution":"{\"name\": \"CategoricalDistribution\", \"attributes\": {\"choices\": [32, 64]}}"}
{"op_code":6,"worker_id":"3f81c282-2f80-4c89-a3fd-484482b02720-127485161060160","trial_id":16,"state":2,"values":null,"datetime_complete":"2026-07-23T21:32:58.722785"}
{"op_code":4,"worker_id":"3f81c282-2f80-4c89-a3fd-484482b02720-127485161060160","study_id":0,"datetime_start":"2026-07-23T21:32:58.724878"}
{"op_code":9,"worker_id":"3f81c282-2f80-4c89-a3fd-484482b02720-127485161060160","trial_id":17,"system_attr":{"tpe:relative_params:0":"{\"gx\": 4, \"gy\": 2, \"k\": 32, \"m\": 16, \"n\": 128, \"sub\": 64}"}}
{"op_code":5,"worker_id":"3f81c282-2f80-4c89-a3fd-484482b02720-127485161060160","trial_id":17,"param_name":"m","param_value_internal":0,"distribution":"{\"name\": \"CategoricalDistribution\", \"attributes\": {\"choices\": [16, 32, 64, 128, 256]}}"}
{"op_code":5,"worker_id":"3f81c282-2f80-4c89-a3fd-484482b02720-127485161060160","trial_id":17,"param_name":"n","param_value_internal":3,"distribution":"{\"name\": \"CategoricalDistribution\", \"attributes\": {\"choices\": [16, 32, 64, 128, 256]}}"}
{"op_code":5,"worker_id":"3f81c282-2f80-4c89-a3fd-484482b02720-127485161060160","trial_id":17,"param_name":"k","param_value_internal":1,"distribution":"{\"name\": \"CategoricalDistribution\", \"attributes\": {\"choices\": [16, 32, 64, 128]}}"}
{"op_code":5,"worker_id":"3f81c282-2f80-4c89-a3fd-484482b02720-127485161060160","trial_id":17,"param_name":"gx","param_value_internal":2,"distribution":"{\"name\": \"CategoricalDistribution\", \"attributes\": {\"choices\": [1, 2, 4, 8]}}"}
{"op_code":5,"worker_id":"3f81c282-2f80-4c89-a3fd-484482b02720-127485161060160","trial_id":17,"param_name":"gy","param_value_internal":1,"distribution":"{\"name\": \"CategoricalDistribution\", \"attributes\": {\"choices\": [1, 2, 4, 8]}}"}
{"op_code":5,"worker_id":"3f81c282-2f80-4c89-a3fd-484482b02720-127485161060160","trial_id":17,"param_name":"sub","param_value_internal":1,"distribution":"{\"name\": \"CategoricalDistribution\", \"attributes\": {\"choices\": [32, 64]}}"}
{"op_code":6,"worker_id":"3f81c282-2f80-4c89-a3fd-484482b02720-127485161060160","trial_id":17,"state":2,"values":null,"datetime_complete":"2026-07-23T21:32:58.742718"}
{"op_code":4,"worker_id":"3f81c282-2f80-4c89-a3fd-484482b02720-127485161060160","study_id":0,"datetime_start":"2026-07-23T21:32:58.744542"}
{"op_code":9,"worker_id":"3f81c282-2f80-4c89-a3fd-484482b02720-127485161060160","trial_id":18,"system_attr":{"tpe:relative_params:0":"{\"gx\": 8, \"gy\": 2, \"k\": 64, \"m\": 16, \"n\": 16, \"sub\": 64}"}}
{"op_code":5,"worker_id":"3f81c282-2f80-4c89-a3fd-484482b02720-127485161060160","trial_id":18,"param_name":"m","param_value_internal":0,"distribution":"{\"name\": \"CategoricalDistribution\", \"attributes\": {\"choices\": [16, 32, 64, 128, 256]}}"}
{"op_code":5,"worker_id":"3f81c282-2f80-4c89-a3fd-484482b02720-127485161060160","trial_id":18,"param_name":"n","param_value_internal":0,"distribution":"{\"name\": \"CategoricalDistribution\", \"attributes\": {\"choices\": [16, 32, 64, 128, 256]}}"}
{"op_code":5,"worker_id":"3f81c282-2f80-4c89-a3fd-484482b02720-127485161060160","trial_id":18,"param_name":"k","param_value_internal":2,"distribution":"{\"name\": \"CategoricalDistribution\", \"attributes\": {\"choices\": [16, 32, 64, 128]}}"}
{"op_code":5,"worker_id":"3f81c282-2f80-4c89-a3fd-484482b02720-127485161060160","trial_id":18,"param_name":"gx","param_value_internal":3,"distribution":"{\"name\": \"CategoricalDistribution\", \"attributes\": {\"choices\": [1, 2, 4, 8]}}"}
{"op_code":5,"worker_id":"3f81c282-2f80-4c89-a3fd-484482b02720-127485161060160","trial_id":18,"param_name":"gy","param_value_internal":1,"distribution":"{\"name\": \"CategoricalDistribution\", \"attributes\": {\"choices\": [1, 2, 4, 8]}}"}
{"op_code":5,"worker_id":"3f81c282-2f80-4c89-a3fd-484482b02720-127485161060160","trial_id":18,"param_name":"sub","param_value_internal":1,"distribution":"{\"name\": \"CategoricalDistribution\", \"attributes\": {\"choices\": [32, 64]}}"}
{"op_code":6,"worker_id":"3f81c282-2f80-4c89-a3fd-484482b02720-127485161060160","trial_id":18,"state":2,"values":null,"datetime_complete":"2026-07-23T21:32:58.761940"}
{"op_code":4,"worker_id":"3f81c282-2f80-4c89-a3fd-484482b02720-127485161060160","study_id":0,"datetime_start":"2026-07-23T21:32:58.763932"}
{"op_code":9,"worker_id":"3f81c282-2f80-4c89-a3fd-484482b02720-127485161060160","trial_id":19,"system_attr":{"tpe:relative_params:0":"{\"gx\": 2, \"gy\": 4, \"k\": 32, \"m\": 64, \"n\": 256, \"sub\": 32}"}}
{"op_code":5,"worker_id":"3f81c282-2f80-4c89-a3fd-484482b02720-127485161060160","trial_id":19,"param_name":"m","param_value_internal":2,"distribution":"{\"name\": \"CategoricalDistribution\", \"attributes\": {\"choices\": [16, 32, 64, 128, 256]}}"}
{"op_code":5,"worker_id":"3f81c282-2f80-4c89-a3fd-484482b02720-127485161060160","trial_id":19,"param_name":"n","param_value_internal":4,"distribution":"{\"name\": \"CategoricalDistribution\", \"attributes\": {\"choices\": [16, 32, 64, 128, 256]}}"}
{"op_code":5,"worker_id":"3f81c282-2f80-4c89-a3fd-484482b02720-127485161060160","trial_id":19,"param_name":"k","param_value_internal":1,"distribution":"{\"name\": \"CategoricalDistribution\", \"attributes\": {\"choices\": [16, 32, 64, 128]}}"}
{"op_code":5,"worker_id":"3f81c282-2f80-4c89-a3fd-484482b02720-127485161060160","trial_id":19,"param_name":"gx","param_value_internal":1,"distribution":"{\"name\": \"CategoricalDistribution\", \"attributes\": {\"choices\": [1, 2, 4, 8]}}"}
{"op_code":5,"worker_id":"3f81c282-2f80-4c89-a3fd-484482b02720-127485161060160","trial_id":19,"param_name":"gy","param_value_internal":2,"distribution":"{\"name\": \"CategoricalDistribution\", \"attributes\": {\"choices\": [1, 2, 4, 8]}}"}
{"op_code":5,"worker_id":"3f81c282-2f80-4c89-a3fd-484482b02720-127485161060160","trial_id":19,"param_name":"sub","param_value_internal":0,"distribution":"{\"name\": \"CategoricalDistribution\", \"attributes\": {\"choices\": [32, 64]}}"}
{"op_code":8,"worker_id":"3f81c282-2f80-4c89-a3fd-484482b02720-127485161060160","trial_id":19,"user_attr":{"token":"tsweep_t64x256k32g24s32"}}
{"op_code":4,"worker_id":"3f81c282-2f80-4c89-a3fd-484482b02720-127485161060160","study_id":0,"datetime_start":"2026-07-23T21:32:58.783014"}
{"op_code":9,"worker_id":"3f81c282-2f80-4c89-a3fd-484482b02720-127485161060160","trial_id":20,"system_attr":{"tpe:relative_params:0":"{\"gx\": 8, \"gy\": 8, \"k\": 16, \"m\": 64, \"n\": 128, \"sub\": 32}"}}
{"op_code":5,"worker_id":"3f81c282-2f80-4c89-a3fd-484482b02720-127485161060160","trial_id":20,"param_name":"m","param_value_internal":2,"distribution":"{\"name\": \"CategoricalDistribution\", \"attributes\": {\"choices\": [16, 32, 64, 128, 256]}}"}
{"op_code":5,"worker_id":"3f81c282-2f80-4c89-a3fd-484482b02720-127485161060160","trial_id":20,"param_name":"n","param_value_internal":3,"distribution":"{\"name\": \"CategoricalDistribution\", \"attributes\": {\"choices\": [16, 32, 64, 128, 256]}}"}
{"op_code":5,"worker_id":"3f81c282-2f80-4c89-a3fd-484482b02720-127485161060160","trial_id":20,"param_name":"k","param_value_internal":0,"distribution":"{\"name\": \"CategoricalDistribution\", \"attributes\": {\"choices\": [16, 32, 64, 128]}}"}
{"op_code":5,"worker_id":"3f81c282-2f80-4c89-a3fd-484482b02720-127485161060160","trial_id":20,"param_name":"gx","param_value_internal":3,"distribution":"{\"name\": \"CategoricalDistribution\", \"attributes\": {\"choices\": [1, 2, 4, 8]}}"}
{"op_code":5,"worker_id":"3f81c282-2f80-4c89-a3fd-484482b02720-127485161060160","trial_id":20,"param_name":"gy","param_value_internal":3,"distribution":"{\"name\": \"CategoricalDistribution\", \"attributes\": {\"choices\": [1, 2, 4, 8]}}"}
{"op_code":5,"worker_id":"3f81c282-2f80-4c89-a3fd-484482b02720-127485161060160","trial_id":20,"param_name":"sub","param_value_internal":0,"distribution":"{\"name\": \"CategoricalDistribution\", \"attributes\": {\"choices\": [32, 64]}}"}
{"op_code":6,"worker_id":"3f81c282-2f80-4c89-a3fd-484482b02720-127485161060160","trial_id":20,"state":2,"values":null,"datetime_complete":"2026-07-23T21:32:58.801507"}
{"op_code":4,"worker_id":"3f81c282-2f80-4c89-a3fd-484482b02720-127485161060160","study_id":0,"datetime_start":"2026-07-23T21:32:58.803637"}
{"op_code":9,"worker_id":"3f81c282-2f80-4c89-a3fd-484482b02720-127485161060160","trial_id":21,"system_attr":{"tpe:relative_params:0":"{\"gx\": 4, \"gy\": 1, \"k\": 32, \"m\": 256, \"n\": 16, \"sub\": 64}"}}
{"op_code":5,"worker_id":"3f81c282-2f80-4c89-a3fd-484482b02720-127485161060160","trial_id":21,"param_name":"m","param_value_internal":4,"distribution":"{\"name\": \"CategoricalDistribution\", \"attributes\": {\"choices\": [16, 32, 64, 128, 256]}}"}
{"op_code":5,"worker_id":"3f81c282-2f80-4c89-a3fd-484482b02720-127485161060160","trial_id":21,"param_name":"n","param_value_internal":0,"distribution":"{\"name\": \"CategoricalDistribution\", \"attributes\": {\"choices\": [16, 32, 64, 128, 256]}}"}
{"op_code":5,"worker_id":"3f81c282-2f80-4c89-a3fd-484482b02720-127485161060160","trial_id":21,"param_name":"k","param_value_internal":1,"distribution":"{\"name\": \"CategoricalDistribution\", \"attributes\": {\"choices\": [16, 32, 64, 128]}}"}
{"op_code":5,"worker_id":"3f81c282-2f80-4c89-a3fd-484482b02720-127485161060160","trial_id":21,"param_name":"gx","param_value_internal":2,"distribution":"{\"name\": \"CategoricalDistribution\", \"attributes\": {\"choices\": [1, 2, 4, 8]}}"}
{"op_code":5,"worker_id":"3f81c282-2f80-4c89-a3fd-484482b02720-127485161060160","trial_id":21,"param_name":"gy","param_value_internal":0,"distribution":"{\"name\": \"CategoricalDistribution\", \"attributes\": {\"choices\": [1, 2, 4, 8]}}"}
{"op_code":5,"worker_id":"3f81c282-2f80-4c89-a3fd-484482b02720-127485161060160","trial_id":21,"param_name":"sub","param_value_internal":1,"distribution":"{\"name\": \"CategoricalDistribution\", \"attributes\": {\"choices\": [32, 64]}}"}
{"op_code":6,"worker_id":"3f81c282-2f80-4c89-a3fd-484482b02720-127485161060160","trial_id":21,"state":2,"values":null,"datetime_complete":"2026-07-23T21:32:58.821904"}
{"op_code":4,"worker_id":"3f81c282-2f80-4c89-a3fd-484482b02720-127485161060160","study_id":0,"datetime_start":"2026-07-23T21:32:58.823810"}
{"op_code":9,"worker_id":"3f81c282-2f80-4c89-a3fd-484482b02720-127485161060160","trial_id":22,"system_attr":{"tpe:relative_params:0":"{\"gx\": 1, \"gy\": 1, \"k\": 64, \"m\": 64, \"n\": 64, \"sub\": 64}"}}
{"op_code":5,"worker_id":"3f81c282-2f80-4c89-a3fd-484482b02720-127485161060160","trial_id":22,"param_name":"m","param_value_internal":2,"distribution":"{\"name\": \"CategoricalDistribution\", \"attributes\": {\"choices\": [16, 32, 64, 128, 256]}}"}
{"op_code":5,"worker_id":"3f81c282-2f80-4c89-a3fd-484482b02720-127485161060160","trial_id":22,"param_name":"n","param_value_internal":2,"distribution":"{\"name\": \"CategoricalDistribution\", \"attributes\": {\"choices\": [16, 32, 64, 128, 256]}}"}
{"op_code":5,"worker_id":"3f81c282-2f80-4c89-a3fd-484482b02720-127485161060160","trial_id":22,"param_name":"k","param_value_internal":2,"distribution":"{\"name\": \"CategoricalDistribution\", \"attributes\": {\"choices\": [16, 32, 64, 128]}}"}
{"op_code":5,"worker_id":"3f81c282-2f80-4c89-a3fd-484482b02720-127485161060160","trial_id":22,"param_name":"gx","param_value_internal":0,"distribution":"{\"name\": \"CategoricalDistribution\", \"attributes\": {\"choices\": [1, 2, 4, 8]}}"}
{"op_code":5,"worker_id":"3f81c282-2f80-4c89-a3fd-484482b02720-127485161060160","trial_id":22,"param_name":"gy","param_value_internal":0,"distribution":"{\"name\": \"CategoricalDistribution\", \"attributes\": {\"choices\": [1, 2, 4, 8]}}"}
{"op_code":5,"worker_id":"3f81c282-2f80-4c89-a3fd-484482b02720-127485161060160","trial_id":22,"param_name":"sub","param_value_internal":1,"distribution":"{\"name\": \"CategoricalDistribution\", \"attributes\": {\"choices\": [32, 64]}}"}
{"op_code":8,"worker_id":"3f81c282-2f80-4c89-a3fd-484482b02720-127485161060160","trial_id":22,"user_attr":{"token":"tsweep_t64x64k64g11s64"}}
{"op_code":4,"worker_id":"3f81c282-2f80-4c89-a3fd-484482b02720-127485161060160","study_id":0,"datetime_start":"2026-07-23T21:32:58.843879"}
{"op_code":9,"worker_id":"3f81c282-2f80-4c89-a3fd-484482b02720-127485161060160","trial_id":23,"system_attr":{"tpe:relative_params:0":"{\"gx\": 1, \"gy\": 4, \"k\": 16, \"m\": 32, \"n\": 128, \"sub\": 32}"}}
{"op_code":5,"worker_id":"3f81c282-2f80-4c89-a3fd-484482b02720-127485161060160","trial_id":23,"param_name":"m","param_value_internal":1,"distribution":"{\"name\": \"CategoricalDistribution\", \"attributes\": {\"choices\": [16, 32, 64, 128, 256]}}"}
{"op_code":5,"worker_id":"3f81c282-2f80-4c89-a3fd-484482b02720-127485161060160","trial_id":23,"param_name":"n","param_value_internal":3,"distribution":"{\"name\": \"CategoricalDistribution\", \"attributes\": {\"choices\": [16, 32, 64, 128, 256]}}"}
{"op_code":5,"worker_id":"3f81c282-2f80-4c89-a3fd-484482b02720-127485161060160","trial_id":23,"param_name":"k","param_value_internal":0,"distribution":"{\"name\": \"CategoricalDistribution\", \"attributes\": {\"choices\": [16, 32, 64, 128]}}"}
{"op_code":5,"worker_id":"3f81c282-2f80-4c89-a3fd-484482b02720-127485161060160","trial_id":23,"param_name":"gx","param_value_internal":0,"distribution":"{\"name\": \"CategoricalDistribution\", \"attributes\": {\"choices\": [1, 2, 4, 8]}}"}
{"op_code":5,"worker_id":"3f81c282-2f80-4c89-a3fd-484482b02720-127485161060160","trial_id":23,"param_name":"gy","param_value_internal":2,"distribution":"{\"name\": \"CategoricalDistribution\", \"attributes\": {\"choices\": [1, 2, 4, 8]}}"}
{"op_code":5,"worker_id":"3f81c282-2f80-4c89-a3fd-484482b02720-127485161060160","trial_id":23,"param_name":"sub","param_value_internal":0,"distribution":"{\"name\": \"CategoricalDistribution\", \"attributes\": {\"choices\": [32, 64]}}"}
{"op_code":6,"worker_id":"3f81c282-2f80-4c89-a3fd-484482b02720-127485161060160","trial_id":23,"state":2,"values":null,"datetime_complete":"2026-07-23T21:32:58.861979"}
{"op_code":4,"worker_id":"3f81c282-2f80-4c89-a3fd-484482b02720-127485161060160","study_id":0,"datetime_start":"2026-07-23T21:32:58.863968"}
{"op_code":9,"worker_id":"3f81c282-2f80-4c89-a3fd-484482b02720-127485161060160","trial_id":24,"system_attr":{"tpe:relative_params:0":"{\"gx\": 4, \"gy\": 8, \"k\": 64, \"m\": 128, \"n\": 32, \"sub\": 64}"}}
{"op_code":5,"worker_id":"3f81c282-2f80-4c89-a3fd-484482b02720-127485161060160","trial_id":24,"param_name":"m","param_value_internal":3,"distribution":"{\"name\": \"CategoricalDistribution\", \"attributes\": {\"choices\": [16, 32, 64, 128, 256]}}"}
{"op_code":5,"worker_id":"3f81c282-2f80-4c89-a3fd-484482b02720-127485161060160","trial_id":24,"param_name":"n","param_value_internal":1,"distribution":"{\"name\": \"CategoricalDistribution\", \"attributes\": {\"choices\": [16, 32, 64, 128, 256]}}"}
{"op_code":5,"worker_id":"3f81c282-2f80-4c89-a3fd-484482b02720-127485161060160","trial_id":24,"param_name":"k","param_value_internal":2,"distribution":"{\"name\": \"CategoricalDistribution\", \"attributes\": {\"choices\": [16, 32, 64, 128]}}"}
{"op_code":5,"worker_id":"3f81c282-2f80-4c89-a3fd-484482b02720-127485161060160","trial_id":24,"param_name":"gx","param_value_internal":2,"distribution":"{\"name\": \"CategoricalDistribution\", \"attributes\": {\"choices\": [1, 2, 4, 8]}}"}
{"op_code":5,"worker_id":"3f81c282-2f80-4c89-a3fd-484482b02720-127485161060160","trial_id":24,"param_name":"gy","param_value_internal":3,"distribution":"{\"name\": \"CategoricalDistribution\", \"attributes\": {\"choices\": [1, 2, 4, 8]}}"}
{"op_code":5,"worker_id":"3f81c282-2f80-4c89-a3fd-484482b02720-127485161060160","trial_id":24,"param_name":"sub","param_value_internal":1,"distribution":"{\"name\": \"CategoricalDistribution\", \"attributes\": {\"choices\": [32, 64]}}"}
{"op_code":6,"worker_id":"3f81c282-2f80-4c89-a3fd-484482b02720-127485161060160","trial_id":24,"state":2,"values":null,"datetime_complete":"2026-07-23T21:32:58.881358"}
{"op_code":4,"worker_id":"3f81c282-2f80-4c89-a3fd-484482b02720-127485161060160","study_id":0,"datetime_start":"2026-07-23T21:32:58.883000"}
{"op_code":9,"worker_id":"3f81c282-2f80-4c89-a3fd-484482b02720-127485161060160","trial_id":25,"system_attr":{"tpe:relative_params:0":"{\"gx\": 1, \"gy\": 2, \"k\": 64, \"m\": 32, \"n\": 32, \"sub\": 64}"}}
{"op_code":5,"worker_id":"3f81c282-2f80-4c89-a3fd-484482b02720-127485161060160","trial_id":25,"param_name":"m","param_value_internal":1,"distribution":"{\"name\": \"CategoricalDistribution\", \"attributes\": {\"choices\": [16, 32, 64, 128, 256]}}"}
{"op_code":5,"worker_id":"3f81c282-2f80-4c89-a3fd-484482b02720-127485161060160","trial_id":25,"param_name":"n","param_value_internal":1,"distribution":"{\"name\": \"CategoricalDistribution\", \"attributes\": {\"choices\": [16, 32, 64, 128, 256]}}"}
{"op_code":5,"worker_id":"3f81c282-2f80-4c89-a3fd-484482b02720-127485161060160","trial_id":25,"param_name":"k","param_value_internal":2,"distribution":"{\"name\": \"CategoricalDistribution\", \"attributes\": {\"choices\": [16, 32, 64, 128]}}"}
{"op_code":5,"worker_id":"3f81c282-2f80-4c89-a3fd-484482b02720-127485161060160","trial_id":25,"param_name":"gx","param_value_internal":0,"distribution":"{\"name\": \"CategoricalDistribution\", \"attributes\": {\"choices\": [1, 2, 4, 8]}}"}
{"op_code":5,"worker_id":"3f81c282-2f80-4c89-a3fd-484482b02720-127485161060160","trial_id":25,"param_name":"gy","param_value_internal":1,"distribution":"{\"name\": \"CategoricalDistribution\", \"attributes\": {\"choices\": [1, 2, 4, 8]}}"}
{"op_code":5,"worker_id":"3f81c282-2f80-4c89-a3fd-484482b02720-127485161060160","trial_id":25,"param_name":"sub","param_value_internal":1,"distribution":"{\"name\": \"CategoricalDistribution\", \"attributes\": {\"choices\": [32, 64]}}"}
{"op_code":8,"worker_id":"3f81c282-2f80-4c89-a3fd-484482b02720-127485161060160","trial_id":25,"user_attr":{"token":"tsweep_t32x32k64g12s64"}}
{"op_code":4,"worker_id":"3f81c282-2f80-4c89-a3fd-484482b02720-127485161060160","study_id":0,"datetime_start":"2026-07-23T21:32:58.901834"}
{"op_code":9,"worker_id":"3f81c282-2f80-4c89-a3fd-484482b02720-127485161060160","trial_id":26,"system_attr":{"tpe:relative_params:0":"{\"gx\": 4, \"gy\": 4, \"k\": 16, \"m\": 16, \"n\": 32, \"sub\": 64}"}}
{"op_code":5,"worker_id":"3f81c282-2f80-4c89-a3fd-484482b02720-127485161060160","trial_id":26,"param_name":"m","param_value_internal":0,"distribution":"{\"name\": \"CategoricalDistribution\", \"attributes\": {\"choices\": [16, 32, 64, 128, 256]}}"}
{"op_code":5,"worker_id":"3f81c282-2f80-4c89-a3fd-484482b02720-127485161060160","trial_id":26,"param_name":"n","param_value_internal":1,"distribution":"{\"name\": \"CategoricalDistribution\", \"attributes\": {\"choices\": [16, 32, 64, 128, 256]}}"}
{"op_code":5,"worker_id":"3f81c282-2f80-4c89-a3fd-484482b02720-127485161060160","trial_id":26,"param_name":"k","param_value_internal":0,"distribution":"{\"name\": \"CategoricalDistribution\", \"attributes\": {\"choices\": [16, 32, 64, 128]}}"}
{"op_code":5,"worker_id":"3f81c282-2f80-4c89-a3fd-484482b02720-127485161060160","trial_id":26,"param_name":"gx","param_value_internal":2,"distribution":"{\"name\": \"CategoricalDistribution\", \"attributes\": {\"choices\": [1, 2, 4, 8]}}"}
{"op_code":5,"worker_id":"3f81c282-2f80-4c89-a3fd-484482b02720-127485161060160","trial_id":26,"param_name":"gy","param_value_internal":2,"distribution":"{\"name\": \"CategoricalDistribution\", \"attributes\": {\"choices\": [1, 2, 4, 8]}}"}
{"op_code":5,"worker_id":"3f81c282-2f80-4c89-a3fd-484482b02720-127485161060160","trial_id":26,"param_name":"sub","param_value_internal":1,"distribution":"{\"name\": \"CategoricalDistribution\", \"attributes\": {\"choices\": [32, 64]}}"}
{"op_code":6,"worker_id":"3f81c282-2f80-4c89-a3fd-484482b02720-127485161060160","trial_id":26,"state":2,"values":null,"datetime_complete":"2026-07-23T21:32:58.920094"}
{"op_code":4,"worker_id":"3f81c282-2f80-4c89-a3fd-484482b02720-127485161060160","study_id":0,"datetime_start":"2026-07-23T21:32:58.922362"}
{"op_code":9,"worker_id":"3f81c282-2f80-4c89-a3fd-484482b02720-127485161060160","trial_id":27,"system_attr":{"tpe:relative_params:0":"{\"gx\": 8, \"gy\": 1, \"k\": 16, \"m\": 64, \"n\": 256, \"sub\": 32}"}}
{"op_code":5,"worker_id":"3f81c282-2f80-4c89-a3fd-484482b02720-127485161060160","trial_id":27,"param_name":"m","param_value_internal":2,"distribution":"{\"name\": \"CategoricalDistribution\", \"attributes\": {\"choices\": [16, 32, 64, 128, 256]}}"}
{"op_code":5,"worker_id":"3f81c282-2f80-4c89-a3fd-484482b02720-127485161060160","trial_id":27,"param_name":"n","param_value_internal":4,"distribution":"{\"name\": \"CategoricalDistribution\", \"attributes\": {\"choices\": [16, 32, 64, 128, 256]}}"}
{"op_code":5,"worker_id":"3f81c282-2f80-4c89-a3fd-484482b02720-127485161060160","trial_id":27,"param_name":"k","param_value_internal":0,"distribution":"{\"name\": \"CategoricalDistribution\", \"attributes\": {\"choices\": [16, 32, 64, 128]}}"}
{"op_code":5,"worker_id":"3f81c282-2f80-4c89-a3fd-484482b02720-127485161060160","trial_id":27,"param_name":"gx","param_value_internal":3,"distribution":"{\"name\": \"CategoricalDistribution\", \"attributes\": {\"choices\": [1, 2, 4, 8]}}"}
{"op_code":5,"worker_id":"3f81c282-2f80-4c89-a3fd-484482b02720-127485161060160","trial_id":27,"param_name":"gy","param_value_internal":0,"distribution":"{\"name\": \"CategoricalDistribution\", \"attributes\": {\"choices\": [1, 2, 4, 8]}}"}
{"op_code":5,"worker_id":"3f81c282-2f80-4c89-a3fd-484482b02720-127485161060160","trial_id":27,"param_name":"sub","param_value_internal":0,"distribution":"{\"name\": \"CategoricalDistribution\", \"attributes\": {\"choices\": [32, 64]}}"}
{"op_code":6,"worker_id":"3f81c282-2f80-4c89-a3fd-484482b02720-127485161060160","trial_id":27,"state":2,"values":null,"datetime_complete":"2026-07-23T21:32:58.941323"}
{"op_code":4,"worker_id":"3f81c282-2f80-4c89-a3fd-484482b02720-127485161060160","study_id":0,"datetime_start":"2026-07-23T21:32:58.943517"}
{"op_code":9,"worker_id":"3f81c282-2f80-4c89-a3fd-484482b02720-127485161060160","trial_id":28,"system_attr":{"tpe:relative_params:0":"{\"gx\": 8, \"gy\": 1, \"k\": 64, \"m\": 128, \"n\": 128, \"sub\": 64}"}}
{"op_code":5,"worker_id":"3f81c282-2f80-4c89-a3fd-484482b02720-127485161060160","trial_id":28,"param_name":"m","param_value_internal":3,"distribution":"{\"name\": \"CategoricalDistribution\", \"attributes\": {\"choices\": [16, 32, 64, 128, 256]}}"}
{"op_code":5,"worker_id":"3f81c282-2f80-4c89-a3fd-484482b02720-127485161060160","trial_id":28,"param_name":"n","param_value_internal":3,"distribution":"{\"name\": \"CategoricalDistribution\", \"attributes\": {\"choices\": [16, 32, 64, 128, 256]}}"}
{"op_code":5,"worker_id":"3f81c282-2f80-4c89-a3fd-484482b02720-127485161060160","trial_id":28,"param_name":"k","param_value_internal":2,"distribution":"{\"name\": \"CategoricalDistribution\", \"attributes\": {\"choices\": [16, 32, 64, 128]}}"}
{"op_code":5,"worker_id":"3f81c282-2f80-4c89-a3fd-484482b02720-127485161060160","trial_id":28,"param_name":"gx","param_value_internal":3,"distribution":"{\"name\": \"CategoricalDistribution\", \"attributes\": {\"choices\": [1, 2, 4, 8]}}"}
{"op_code":5,"worker_id":"3f81c282-2f80-4c89-a3fd-484482b02720-127485161060160","trial_id":28,"param_name":"gy","param_value_internal":0,"distribution":"{\"name\": \"CategoricalDistribution\", \"attributes\": {\"choices\": [1, 2, 4, 8]}}"}
{"op_code":5,"worker_id":"3f81c282-2f80-4c89-a3fd-484482b02720-127485161060160","trial_id":28,"param_name":"sub","param_value_internal":1,"distribution":"{\"name\": \"CategoricalDistribution\", \"attributes\": {\"choices\": [32, 64]}}"}
{"op_code":6,"worker_id":"3f81c282-2f80-4c89-a3fd-484482b02720-127485161060160","trial_id":28,"state":2,"values":null,"datetime_complete":"2026-07-23T21:32:58.965096"}
{"op_code":4,"worker_id":"3f81c282-2f80-4c89-a3fd-484482b02720-127485161060160","study_id":0,"datetime_start":"2026-07-23T21:32:58.967717"}
{"op_code":9,"worker_id":"3f81c282-2f80-4c89-a3fd-484482b02720-127485161060160","trial_id":29,"system_attr":{"tpe:relative_params:0":"{\"gx\": 8, \"gy\": 2, \"k\": 128, \"m\": 64, \"n\": 256, \"sub\": 32}"}}
{"op_code":5,"worker_id":"3f81c282-2f80-4c89-a3fd-484482b02720-127485161060160","trial_id":29,"param_name":"m","param_value_internal":2,"distribution":"{\"name\": \"CategoricalDistribution\", \"attributes\": {\"choices\": [16, 32, 64, 128, 256]}}"}
{"op_code":5,"worker_id":"3f81c282-2f80-4c89-a3fd-484482b02720-127485161060160","trial_id":29,"param_name":"n","param_value_internal":4,"distribution":"{\"name\": \"CategoricalDistribution\", \"attributes\": {\"choices\": [16, 32, 64, 128, 256]}}"}
{"op_code":5,"worker_id":"3f81c282-2f80-4c89-a3fd-484482b02720-127485161060160","trial_id":29,"param_name":"k","param_value_internal":3,"distribution":"{\"name\": \"CategoricalDistribution\", \"attributes\": {\"choices\": [16, 32, 64, 128]}}"}
{"op_code":5,"worker_id":"3f81c282-2f80-4c89-a3fd-484482b02720-127485161060160","trial_id":29,"param_name":"gx","param_value_internal":3,"distribution":"{\"name\": \"CategoricalDistribution\", \"attributes\": {\"choices\": [1, 2, 4, 8]}}"}
{"op_code":5,"worker_id":"3f81c282-2f80-4c89-a3fd-484482b02720-127485161060160","trial_id":29,"param_name":"gy","param_value_internal":1,"distribution":"{\"name\": \"CategoricalDistribution\", \"attributes\": {\"choices\": [1, 2, 4, 8]}}"}
{"op_code":5,"worker_id":"3f81c282-2f80-4c89-a3fd-484482b02720-127485161060160","trial_id":29,"param_name":"sub","param_value_internal":0,"distribution":"{\"name\": \"CategoricalDistribution\", \"attributes\": {\"choices\": [32, 64]}}"}
{"op_code":6,"worker_id":"3f81c282-2f80-4c89-a3fd-484482b02720-127485161060160","trial_id":29,"state":2,"values":null,"datetime_complete":"2026-07-23T21:32:58.991024"}
{"op_code":4,"worker_id":"3f81c282-2f80-4c89-a3fd-484482b02720-127485161060160","study_id":0,"datetime_start":"2026-07-23T21:32:58.993835"}
{"op_code":9,"worker_id":"3f81c282-2f80-4c89-a3fd-484482b02720-127485161060160","trial_id":30,"system_attr":{"tpe:relative_params:0":"{\"gx\": 8, \"gy\": 4, \"k\": 16, \"m\": 64, \"n\": 32, \"sub\": 32}"}}
{"op_code":5,"worker_id":"3f81c282-2f80-4c89-a3fd-484482b02720-127485161060160","trial_id":30,"param_name":"m","param_value_internal":2,"distribution":"{\"name\": \"CategoricalDistribution\", \"attributes\": {\"choices\": [16, 32, 64, 128, 256]}}"}
{"op_code":5,"worker_id":"3f81c282-2f80-4c89-a3fd-484482b02720-127485161060160","trial_id":30,"param_name":"n","param_value_internal":1,"distribution":"{\"name\": \"CategoricalDistribution\", \"attributes\": {\"choices\": [16, 32, 64, 128, 256]}}"}
{"op_code":5,"worker_id":"3f81c282-2f80-4c89-a3fd-484482b02720-127485161060160","trial_id":30,"param_name":"k","param_value_internal":0,"distribution":"{\"name\": \"CategoricalDistribution\", \"attributes\": {\"choices\": [16, 32, 64, 128]}}"}
{"op_code":5,"worker_id":"3f81c282-2f80-4c89-a3fd-484482b02720-127485161060160","trial_id":30,"param_name":"gx","param_value_internal":3,"distribution":"{\"name\": \"CategoricalDistribution\", \"attributes\": {\"choices\": [1, 2, 4, 8]}}"}
{"op_code":5,"worker_id":"3f81c282-2f80-4c89-a3fd-484482b02720-127485161060160","trial_id":30,"param_name":"gy","param_value_internal":2,"distribution":"{\"name\": \"CategoricalDistribution\", \"attributes\": {\"choices\": [1, 2, 4, 8]}}"}
{"op_code":5,"worker_id":"3f81c282-2f80-4c89-a3fd-484482b02720-127485161060160","trial_id":30,"param_name":"sub","param_value_internal":0,"distribution":"{\"name\": \"CategoricalDistribution\", \"attributes\": {\"choices\": [32, 64]}}"}
{"op_code":6,"worker_id":"3f81c282-2f80-4c89-a3fd-484482b02720-127485161060160","trial_id":30,"state":2,"values":null,"datetime_complete":"2026-07-23T21:32:59.014019"}
{"op_code":4,"worker_id":"3f81c282-2f80-4c89-a3fd-484482b02720-127485161060160","study_id":0,"datetime_start":"2026-07-23T21:32:59.016077"}
{"op_code":9,"worker_id":"3f81c282-2f80-4c89-a3fd-484482b02720-127485161060160","trial_id":31,"system_attr":{"tpe:relative_params:0":"{\"gx\": 8, \"gy\": 2, \"k\": 16, \"m\": 16, \"n\": 256, \"sub\": 32}"}}
{"op_code":5,"worker_id":"3f81c282-2f80-4c89-a3fd-484482b02720-127485161060160","trial_id":31,"param_name":"m","param_value_internal":0,"distribution":"{\"name\": \"CategoricalDistribution\", \"attributes\": {\"choices\": [16, 32, 64, 128, 256]}}"}
{"op_code":5,"worker_id":"3f81c282-2f80-4c89-a3fd-484482b02720-127485161060160","trial_id":31,"param_name":"n","param_value_internal":4,"distribution":"{\"name\": \"CategoricalDistribution\", \"attributes\": {\"choices\": [16, 32, 64, 128, 256]}}"}
{"op_code":5,"worker_id":"3f81c282-2f80-4c89-a3fd-484482b02720-127485161060160","trial_id":31,"param_name":"k","param_value_internal":0,"distribution":"{\"name\": \"CategoricalDistribution\", \"attributes\": {\"choices\": [16, 32, 64, 128]}}"}
{"op_code":5,"worker_id":"3f81c282-2f80-4c89-a3fd-484482b02720-127485161060160","trial_id":31,"param_name":"gx","param_value_internal":3,"distribution":"{\"name\": \"CategoricalDistribution\", \"attributes\": {\"choices\": [1, 2, 4, 8]}}"}
{"op_code":5,"worker_id":"3f81c282-2f80-4c89-a3fd-484482b02720-127485161060160","trial_id":31,"param_name":"gy","param_value_internal":1,"distribution":"{\"name\": \"CategoricalDistribution\", \"attributes\": {\"choices\": [1, 2, 4, 8]}}"}
{"op_code":5,"worker_id":"3f81c282-2f80-4c89-a3fd-484482b02720-127485161060160","trial_id":31,"param_name":"sub","param_value_internal":0,"distribution":"{\"name\": \"CategoricalDistribution\", \"attributes\": {\"choices\": [32, 64]}}"}
{"op_code":6,"worker_id":"3f81c282-2f80-4c89-a3fd-484482b02720-127485161060160","trial_id":31,"state":2,"values":null,"datetime_complete":"2026-07-23T21:32:59.034440"}
{"op_code":4,"worker_id":"3f81c282-2f80-4c89-a3fd-484482b02720-127485161060160","study_id":0,"datetime_start":"2026-07-23T21:32:59.036478"}
{"op_code":9,"worker_id":"3f81c282-2f80-4c89-a3fd-484482b02720-127485161060160","trial_id":32,"system_attr":{"tpe:relative_params:0":"{\"gx\": 8, \"gy\": 2, \"k\": 32, \"m\": 128, \"n\": 128, \"sub\": 32}"}}
{"op_code":5,"worker_id":"3f81c282-2f80-4c89-a3fd-484482b02720-127485161060160","trial_id":32,"param_name":"m","param_value_internal":3,"distribution":"{\"name\": \"CategoricalDistribution\", \"attributes\": {\"choices\": [16, 32, 64, 128, 256]}}"}
{"op_code":5,"worker_id":"3f81c282-2f80-4c89-a3fd-484482b02720-127485161060160","trial_id":32,"param_name":"n","param_value_internal":3,"distribution":"{\"name\": \"CategoricalDistribution\", \"attributes\": {\"choices\": [16, 32, 64, 128, 256]}}"}
{"op_code":5,"worker_id":"3f81c282-2f80-4c89-a3fd-484482b02720-127485161060160","trial_id":32,"param_name":"k","param_value_internal":1,"distribution":"{\"name\": \"CategoricalDistribution\", \"attributes\": {\"choices\": [16, 32, 64, 128]}}"}
{"op_code":5,"worker_id":"3f81c282-2f80-4c89-a3fd-484482b02720-127485161060160","trial_id":32,"param_name":"gx","param_value_internal":3,"distribution":"{\"name\": \"CategoricalDistribution\", \"attributes\": {\"choices\": [1, 2, 4, 8]}}"}
{"op_code":5,"worker_id":"3f81c282-2f80-4c89-a3fd-484482b02720-127485161060160","trial_id":32,"param_name":"gy","param_value_internal":1,"distribution":"{\"name\": \"CategoricalDistribution\", \"attributes\": {\"choices\": [1, 2, 4, 8]}}"}
{"op_code":5,"worker_id":"3f81c282-2f80-4c89-a3fd-484482b02720-127485161060160","trial_id":32,"param_name":"sub","param_value_internal":0,"distribution":"{\"name\": \"CategoricalDistribution\", \"attributes\": {\"choices\": [32, 64]}}"}
{"op_code":8,"worker_id":"3f81c282-2f80-4c89-a3fd-484482b02720-127485161060160","trial_id":32,"user_attr":{"token":"tsweep_t128x128k32g82s32"}}
{"op_code":4,"worker_id":"3f81c282-2f80-4c89-a3fd-484482b02720-127485161060160","study_id":0,"datetime_start":"2026-07-23T21:32:59.056151"}
{"op_code":9,"worker_id":"3f81c282-2f80-4c89-a3fd-484482b02720-127485161060160","trial_id":33,"system_attr":{"tpe:relative_params:0":"{\"gx\": 4, \"gy\": 2, \"k\": 16, \"m\": 64, \"n\": 256, \"sub\": 64}"}}
{"op_code":5,"worker_id":"3f81c282-2f80-4c89-a3fd-484482b02720-127485161060160","trial_id":33,"param_name":"m","param_value_internal":2,"distribution":"{\"name\": \"CategoricalDistribution\", \"attributes\": {\"choices\": [16, 32, 64, 128, 256]}}"}
{"op_code":5,"worker_id":"3f81c282-2f80-4c89-a3fd-484482b02720-127485161060160","trial_id":33,"param_name":"n","param_value_internal":4,"distribution":"{\"name\": \"CategoricalDistribution\", \"attributes\": {\"choices\": [16, 32, 64, 128, 256]}}"}
{"op_code":5,"worker_id":"3f81c282-2f80-4c89-a3fd-484482b02720-127485161060160","trial_id":33,"param_name":"k","param_value_internal":0,"distribution":"{\"name\": \"CategoricalDistribution\", \"attributes\": {\"choices\": [16, 32, 64, 128]}}"}
{"op_code":5,"worker_id":"3f81c282-2f80-4c89-a3fd-484482b02720-127485161060160","trial_id":33,"param_name":"gx","param_value_internal":2,"distribution":"{\"name\": \"CategoricalDistribution\", \"attributes\": {\"choices\": [1, 2, 4, 8]}}"}
{"op_code":5,"worker_id":"3f81c282-2f80-4c89-a3fd-484482b02720-127485161060160","trial_id":33,"param_name":"gy","param_value_internal":1,"distribution":"{\"name\": \"CategoricalDistribution\", \"attributes\": {\"choices\": [1, 2, 4, 8]}}"}
{"op_code":5,"worker_id":"3f81c282-2f80-4c89-a3fd-484482b02720-127485161060160","trial_id":33,"param_name":"sub","param_value_internal":1,"distribution":"{\"name\": \"CategoricalDistribution\", \"attributes\": {\"choices\": [32, 64]}}"}
{"op_code":6,"worker_id":"3f81c282-2f80-4c89-a3fd-484482b02720-127485161060160","trial_id":33,"state":2,"values":null,"datetime_complete":"2026-07-23T21:32:59.075176"}
{"op_code":4,"worker_id":"3f81c282-2f80-4c89-a3fd-484482b02720-127485161060160","study_id":0,"datetime_start":"2026-07-23T21:32:59.077133"}
{"op_code":9,"worker_id":"3f81c282-2f80-4c89-a3fd-484482b02720-127485161060160","trial_id":34,"system_attr":{"tpe:relative_params:0":"{\"gx\": 1, \"gy\": 1, \"k\": 128, \"m\": 16, \"n\": 128, \"sub\": 64}"}}
{"op_code":5,"worker_id":"3f81c282-2f80-4c89-a3fd-484482b02720-127485161060160","trial_id":34,"param_name":"m","param_value_internal":0,"distribution":"{\"name\": \"CategoricalDistribution\", \"attributes\": {\"choices\": [16, 32, 64, 128, 256]}}"}
{"op_code":5,"worker_id":"3f81c282-2f80-4c89-a3fd-484482b02720-127485161060160","trial_id":34,"param_name":"n","param_value_internal":3,"distribution":"{\"name\": \"CategoricalDistribution\", \"attributes\": {\"choices\": [16, 32, 64, 128, 256]}}"}
{"op_code":5,"worker_id":"3f81c282-2f80-4c89-a3fd-484482b02720-127485161060160","trial_id":34,"param_name":"k","param_value_internal":3,"distribution":"{\"name\": \"CategoricalDistribution\", \"attributes\": {\"choices\": [16, 32, 64, 128]}}"}
{"op_code":5,"worker_id":"3f81c282-2f80-4c89-a3fd-484482b02720-127485161060160","trial_id":34,"param_name":"gx","param_value_internal":0,"distribution":"{\"name\": \"CategoricalDistribution\", \"attributes\": {\"choices\": [1, 2, 4, 8]}}"}
{"op_code":5,"worker_id":"3f81c282-2f80-4c89-a3fd-484482b02720-127485161060160","trial_id":34,"param_name":"gy","param_value_internal":0,"distribution":"{\"name\": \"CategoricalDistribution\", \"attributes\": {\"choices\": [1, 2, 4, 8]}}"}
{"op_code":5,"worker_id":"3f81c282-2f80-4c89-a3fd-484482b02720-127485161060160","trial_id":34,"param_name":"sub","param_value_internal":1,"distribution":"{\"name\": \"CategoricalDistribution\", \"attributes\": {\"choices\": [32, 64]}}"}
{"op_code":6,"worker_id":"3f81c282-2f80-4c89-a3fd-484482b02720-127485161060160","trial_id":34,"state":2,"values":null,"datetime_complete":"2026-07-23T21:32:59.096478"}
{"op_code":4,"worker_id":"3f81c282-2f80-4c89-a3fd-484482b02720-127485161060160","study_id":0,"datetime_start":"2026-07-23T21:32:59.098461"}
{"op_code":9,"worker_id":"3f81c282-2f80-4c89-a3fd-484482b02720-127485161060160","trial_id":35,"system_attr":{"tpe:relative_params:0":"{\"gx\": 8, \"gy\": 2, \"k\": 64, \"m\": 64, \"n\": 64, \"sub\": 32}"}}
{"op_code":5,"worker_id":"3f81c282-2f80-4c89-a3fd-484482b02720-127485161060160","trial_id":35,"param_name":"m","param_value_internal":2,"distribution":"{\"name\": \"CategoricalDistribution\", \"attributes\": {\"choices\": [16, 32, 64, 128, 256]}}"}
{"op_code":5,"worker_id":"3f81c282-2f80-4c89-a3fd-484482b02720-127485161060160","trial_id":35,"param_name":"n","param_value_internal":2,"distribution":"{\"name\": \"CategoricalDistribution\", \"attributes\": {\"choices\": [16, 32, 64, 128, 256]}}"}
{"op_code":5,"worker_id":"3f81c282-2f80-4c89-a3fd-484482b02720-127485161060160","trial_id":35,"param_name":"k","param_value_internal":2,"distribution":"{\"name\": \"CategoricalDistribution\", \"attributes\": {\"choices\": [16, 32, 64, 128]}}"}
{"op_code":5,"worker_id":"3f81c282-2f80-4c89-a3fd-484482b02720-127485161060160","trial_id":35,"param_name":"gx","param_value_internal":3,"distribution":"{\"name\": \"CategoricalDistribution\", \"attributes\": {\"choices\": [1, 2, 4, 8]}}"}
{"op_code":5,"worker_id":"3f81c282-2f80-4c89-a3fd-484482b02720-127485161060160","trial_id":35,"param_name":"gy","param_value_internal":1,"distribution":"{\"name\": \"CategoricalDistribution\", \"attributes\": {\"choices\": [1, 2, 4, 8]}}"}
{"op_code":5,"worker_id":"3f81c282-2f80-4c89-a3fd-484482b02720-127485161060160","trial_id":35,"param_name":"sub","param_value_internal":0,"distribution":"{\"name\": \"CategoricalDistribution\", \"attributes\": {\"choices\": [32, 64]}}"}
{"op_code":6,"worker_id":"3f81c282-2f80-4c89-a3fd-484482b02720-127485161060160","trial_id":35,"state":2,"values":null,"datetime_complete":"2026-07-23T21:32:59.117112"}
{"op_code":4,"worker_id":"3f81c282-2f80-4c89-a3fd-484482b02720-127485161060160","study_id":0,"datetime_start":"2026-07-23T21:32:59.119078"}
{"op_code":9,"worker_id":"3f81c282-2f80-4c89-a3fd-484482b02720-127485161060160","trial_id":36,"system_attr":{"tpe:relative_params:0":"{\"gx\": 8, \"gy\": 2, \"k\": 16, \"m\": 256, \"n\": 16, \"sub\": 32}"}}
{"op_code":5,"worker_id":"3f81c282-2f80-4c89-a3fd-484482b02720-127485161060160","trial_id":36,"param_name":"m","param_value_internal":4,"distribution":"{\"name\": \"CategoricalDistribution\", \"attributes\": {\"choices\": [16, 32, 64, 128, 256]}}"}
{"op_code":5,"worker_id":"3f81c282-2f80-4c89-a3fd-484482b02720-127485161060160","trial_id":36,"param_name":"n","param_value_internal":0,"distribution":"{\"name\": \"CategoricalDistribution\", \"attributes\": {\"choices\": [16, 32, 64, 128, 256]}}"}
{"op_code":5,"worker_id":"3f81c282-2f80-4c89-a3fd-484482b02720-127485161060160","trial_id":36,"param_name":"k","param_value_internal":0,"distribution":"{\"name\": \"CategoricalDistribution\", \"attributes\": {\"choices\": [16, 32, 64, 128]}}"}
{"op_code":5,"worker_id":"3f81c282-2f80-4c89-a3fd-484482b02720-127485161060160","trial_id":36,"param_name":"gx","param_value_internal":3,"distribution":"{\"name\": \"CategoricalDistribution\", \"attributes\": {\"choices\": [1, 2, 4, 8]}}"}
{"op_code":5,"worker_id":"3f81c282-2f80-4c89-a3fd-484482b02720-127485161060160","trial_id":36,"param_name":"gy","param_value_internal":1,"distribution":"{\"name\": \"CategoricalDistribution\", \"attributes\": {\"choices\": [1, 2, 4, 8]}}"}
{"op_code":5,"worker_id":"3f81c282-2f80-4c89-a3fd-484482b02720-127485161060160","trial_id":36,"param_name":"sub","param_value_internal":0,"distribution":"{\"name\": \"CategoricalDistribution\", \"attributes\": {\"choices\": [32, 64]}}"}
{"op_code":6,"worker_id":"3f81c282-2f80-4c89-a3fd-484482b02720-127485161060160","trial_id":36,"state":2,"values":null,"datetime_complete":"2026-07-23T21:32:59.137276"}
{"op_code":4,"worker_id":"3f81c282-2f80-4c89-a3fd-484482b02720-127485161060160","study_id":0,"datetime_start":"2026-07-23T21:32:59.139302"}
{"op_code":9,"worker_id":"3f81c282-2f80-4c89-a3fd-484482b02720-127485161060160","trial_id":37,"system_attr":{"tpe:relative_params:0":"{\"gx\": 4, \"gy\": 1, \"k\": 64, \"m\": 32, \"n\": 64, \"sub\": 64}"}}
{"op_code":5,"worker_id":"3f81c282-2f80-4c89-a3fd-484482b02720-127485161060160","trial_id":37,"param_name":"m","param_value_internal":1,"distribution":"{\"name\": \"CategoricalDistribution\", \"attributes\": {\"choices\": [16, 32, 64, 128, 256]}}"}
{"op_code":5,"worker_id":"3f81c282-2f80-4c89-a3fd-484482b02720-127485161060160","trial_id":37,"param_name":"n","param_value_internal":2,"distribution":"{\"name\": \"CategoricalDistribution\", \"attributes\": {\"choices\": [16, 32, 64, 128, 256]}}"}
{"op_code":5,"worker_id":"3f81c282-2f80-4c89-a3fd-484482b02720-127485161060160","trial_id":37,"param_name":"k","param_value_internal":2,"distribution":"{\"name\": \"CategoricalDistribution\", \"attributes\": {\"choices\": [16, 32, 64, 128]}}"}
{"op_code":5,"worker_id":"3f81c282-2f80-4c89-a3fd-484482b02720-127485161060160","trial_id":37,"param_name":"gx","param_value_internal":2,"distribution":"{\"name\": \"CategoricalDistribution\", \"attributes\": {\"choices\": [1, 2, 4, 8]}}"}
{"op_code":5,"worker_id":"3f81c282-2f80-4c89-a3fd-484482b02720-127485161060160","trial_id":37,"param_name":"gy","param_value_internal":0,"distribution":"{\"name\": \"CategoricalDistribution\", \"attributes\": {\"choices\": [1, 2, 4, 8]}}"}
{"op_code":5,"worker_id":"3f81c282-2f80-4c89-a3fd-484482b02720-127485161060160","trial_id":37,"param_name":"sub","param_value_internal":1,"distribution":"{\"name\": \"CategoricalDistribution\", \"attributes\": {\"choices\": [32, 64]}}"}
{"op_code":8,"worker_id":"3f81c282-2f80-4c89-a3fd-484482b02720-127485161060160","trial_id":37,"user_attr":{"token":"tsweep_t32x64k64g41s64"}}
{"op_code":4,"worker_id":"3f81c282-2f80-4c89-a3fd-484482b02720-127485161060160","study_id":0,"datetime_start":"2026-07-23T21:32:59.158716"}
{"op_code":9,"worker_id":"3f81c282-2f80-4c89-a3fd-484482b02720-127485161060160","trial_id":38,"system_attr":{"tpe:relative_params:0":"{\"gx\": 2, \"gy\": 2, \"k\": 16, \"m\": 64, \"n\": 16, \"sub\": 32}"}}
{"op_code":5,"worker_id":"3f81c282-2f80-4c89-a3fd-484482b02720-127485161060160","trial_id":38,"param_name":"m","param_value_internal":2,"distribution":"{\"name\": \"CategoricalDistribution\", \"attributes\": {\"choices\": [16, 32, 64, 128, 256]}}"}
{"op_code":5,"worker_id":"3f81c282-2f80-4c89-a3fd-484482b02720-127485161060160","trial_id":38,"param_name":"n","param_value_internal":0,"distribution":"{\"name\": \"CategoricalDistribution\", \"attributes\": {\"choices\": [16, 32, 64, 128, 256]}}"}
{"op_code":5,"worker_id":"3f81c282-2f80-4c89-a3fd-484482b02720-127485161060160","trial_id":38,"param_name":"k","param_value_internal":0,"distribution":"{\"name\": \"CategoricalDistribution\", \"attributes\": {\"choices\": [16, 32, 64, 128]}}"}
{"op_code":5,"worker_id":"3f81c282-2f80-4c89-a3fd-484482b02720-127485161060160","trial_id":38,"param_name":"gx","param_value_internal":1,"distribution":"{\"name\": \"CategoricalDistribution\", \"attributes\": {\"choices\": [1, 2, 4, 8]}}"}
{"op_code":5,"worker_id":"3f81c282-2f80-4c89-a3fd-484482b02720-127485161060160","trial_id":38,"param_name":"gy","param_value_internal":1,"distribution":"{\"name\": \"CategoricalDistribution\", \"attributes\": {\"choices\": [1, 2, 4, 8]}}"}
{"op_code":5,"worker_id":"3f81c282-2f80-4c89-a3fd-484482b02720-127485161060160","trial_id":38,"param_name":"sub","param_value_internal":0,"distribution":"{\"name\": \"CategoricalDistribution\", \"attributes\": {\"choices\": [32, 64]}}"}
{"op_code":6,"worker_id":"3f81c282-2f80-4c89-a3fd-484482b02720-127485161060160","trial_id":38,"state":2,"values":null,"datetime_complete":"2026-07-23T21:32:59.177632"}
{"op_code":4,"worker_id":"3f81c282-2f80-4c89-a3fd-484482b02720-127485161060160","study_id":0,"datetime_start":"2026-07-23T21:32:59.179661"}
{"op_code":9,"worker_id":"3f81c282-2f80-4c89-a3fd-484482b02720-127485161060160","trial_id":39,"system_attr":{"tpe:relative_params:0":"{\"gx\": 4, \"gy\": 4, \"k\": 64, \"m\": 16, \"n\": 128, \"sub\": 32}"}}
{"op_code":5,"worker_id":"3f81c282-2f80-4c89-a3fd-484482b02720-127485161060160","trial_id":39,"param_name":"m","param_value_internal":0,"distribution":"{\"name\": \"CategoricalDistribution\", \"attributes\": {\"choices\": [16, 32, 64, 128, 256]}}"}
{"op_code":5,"worker_id":"3f81c282-2f80-4c89-a3fd-484482b02720-127485161060160","trial_id":39,"param_name":"n","param_value_internal":3,"distribution":"{\"name\": \"CategoricalDistribution\", \"attributes\": {\"choices\": [16, 32, 64, 128, 256]}}"}
{"op_code":5,"worker_id":"3f81c282-2f80-4c89-a3fd-484482b02720-127485161060160","trial_id":39,"param_name":"k","param_value_internal":2,"distribution":"{\"name\": \"CategoricalDistribution\", \"attributes\": {\"choices\": [16, 32, 64, 128]}}"}
{"op_code":5,"worker_id":"3f81c282-2f80-4c89-a3fd-484482b02720-127485161060160","trial_id":39,"param_name":"gx","param_value_internal":2,"distribution":"{\"name\": \"CategoricalDistribution\", \"attributes\": {\"choices\": [1, 2, 4, 8]}}"}
{"op_code":5,"worker_id":"3f81c282-2f80-4c89-a3fd-484482b02720-127485161060160","trial_id":39,"param_name":"gy","param_value_internal":2,"distribution":"{\"name\": \"CategoricalDistribution\", \"attributes\": {\"choices\": [1, 2, 4, 8]}}"}
{"op_code":5,"worker_id":"3f81c282-2f80-4c89-a3fd-484482b02720-127485161060160","trial_id":39,"param_name":"sub","param_value_internal":0,"distribution":"{\"name\": \"CategoricalDistribution\", \"attributes\": {\"choices\": [32, 64]}}"}
{"op_code":6,"worker_id":"3f81c282-2f80-4c89-a3fd-484482b02720-127485161060160","trial_id":39,"state":2,"values":null,"datetime_complete":"2026-07-23T21:32:59.198329"}
{"op_code":4,"worker_id":"3f81c282-2f80-4c89-a3fd-484482b02720-127485161060160","study_id":0,"datetime_start":"2026-07-23T21:32:59.200399"}
{"op_code":9,"worker_id":"3f81c282-2f80-4c89-a3fd-484482b02720-127485161060160","trial_id":40,"system_attr":{"tpe:relative_params:0":"{\"gx\": 4, \"gy\": 2, \"k\": 64, \"m\": 256, \"n\": 128, \"sub\": 32}"}}
{"op_code":5,"worker_id":"3f81c282-2f80-4c89-a3fd-484482b02720-127485161060160","trial_id":40,"param_name":"m","param_value_internal":4,"distribution":"{\"name\": \"CategoricalDistribution\", \"attributes\": {\"choices\": [16, 32, 64, 128, 256]}}"}
{"op_code":5,"worker_id":"3f81c282-2f80-4c89-a3fd-484482b02720-127485161060160","trial_id":40,"param_name":"n","param_value_internal":3,"distribution":"{\"name\": \"CategoricalDistribution\", \"attributes\": {\"choices\": [16, 32, 64, 128, 256]}}"}
{"op_code":5,"worker_id":"3f81c282-2f80-4c89-a3fd-484482b02720-127485161060160","trial_id":40,"param_name":"k","param_value_internal":2,"distribution":"{\"name\": \"CategoricalDistribution\", \"attributes\": {\"choices\": [16, 32, 64, 128]}}"}
{"op_code":5,"worker_id":"3f81c282-2f80-4c89-a3fd-484482b02720-127485161060160","trial_id":40,"param_name":"gx","param_value_internal":2,"distribution":"{\"name\": \"CategoricalDistribution\", \"attributes\": {\"choices\": [1, 2, 4, 8]}}"}
{"op_code":5,"worker_id":"3f81c282-2f80-4c89-a3fd-484482b02720-127485161060160","trial_id":40,"param_name":"gy","param_value_internal":1,"distribution":"{\"name\": \"CategoricalDistribution\", \"attributes\": {\"choices\": [1, 2, 4, 8]}}"}
{"op_code":5,"worker_id":"3f81c282-2f80-4c89-a3fd-484482b02720-127485161060160","trial_id":40,"param_name":"sub","param_value_internal":0,"distribution":"{\"name\": \"CategoricalDistribution\", \"attributes\": {\"choices\": [32, 64]}}"}
{"op_code":6,"worker_id":"3f81c282-2f80-4c89-a3fd-484482b02720-127485161060160","trial_id":40,"state":2,"values":null,"datetime_complete":"2026-07-23T21:32:59.219046"}
{"op_code":4,"worker_id":"3f81c282-2f80-4c89-a3fd-484482b02720-127485161060160","study_id":0,"datetime_start":"2026-07-23T21:32:59.220965"}
{"op_code":9,"worker_id":"3f81c282-2f80-4c89-a3fd-484482b02720-127485161060160","trial_id":41,"system_attr":{"tpe:relative_params:0":"{\"gx\": 2, \"gy\": 4, \"k\": 64, \"m\": 256, \"n\": 128, \"sub\": 32}"}}
{"op_code":5,"worker_id":"3f81c282-2f80-4c89-a3fd-484482b02720-127485161060160","trial_id":41,"param_name":"m","param_value_internal":4,"distribution":"{\"name\": \"CategoricalDistribution\", \"attributes\": {\"choices\": [16, 32, 64, 128, 256]}}"}
{"op_code":5,"worker_id":"3f81c282-2f80-4c89-a3fd-484482b02720-127485161060160","trial_id":41,"param_name":"n","param_value_internal":3,"distribution":"{\"name\": \"CategoricalDistribution\", \"attributes\": {\"choices\": [16, 32, 64, 128, 256]}}"}
{"op_code":5,"worker_id":"3f81c282-2f80-4c89-a3fd-484482b02720-127485161060160","trial_id":41,"param_name":"k","param_value_internal":2,"distribution":"{\"name\": \"CategoricalDistribution\", \"attributes\": {\"choices\": [16, 32, 64, 128]}}"}
{"op_code":5,"worker_id":"3f81c282-2f80-4c89-a3fd-484482b02720-127485161060160","trial_id":41,"param_name":"gx","param_value_internal":1,"distribution":"{\"name\": \"CategoricalDistribution\", \"attributes\": {\"choices\": [1, 2, 4, 8]}}"}
{"op_code":5,"worker_id":"3f81c282-2f80-4c89-a3fd-484482b02720-127485161060160","trial_id":41,"param_name":"gy","param_value_internal":2,"distribution":"{\"name\": \"CategoricalDistribution\", \"attributes\": {\"choices\": [1, 2, 4, 8]}}"}
{"op_code":5,"worker_id":"3f81c282-2f80-4c89-a3fd-484482b02720-127485161060160","trial_id":41,"param_name":"sub","param_value_internal":0,"distribution":"{\"name\": \"CategoricalDistribution\", \"attributes\": {\"choices\": [32, 64]}}"}
{"op_code":6,"worker_id":"3f81c282-2f80-4c89-a3fd-484482b02720-127485161060160","trial_id":41,"state":2,"values":null,"datetime_complete":"2026-07-23T21:32:59.240334"}
{"op_code":4,"worker_id":"3f81c282-2f80-4c89-a3fd-484482b02720-127485161060160","study_id":0,"datetime_start":"2026-07-23T21:32:59.242406"}
{"op_code":9,"worker_id":"3f81c282-2f80-4c89-a3fd-484482b02720-127485161060160","trial_id":42,"system_attr":{"tpe:relative_params:0":"{\"gx\": 4, \"gy\": 4, \"k\": 64, \"m\": 256, \"n\": 64, \"sub\": 32}"}}
{"op_code":5,"worker_id":"3f81c282-2f80-4c89-a3fd-484482b02720-127485161060160","trial_id":42,"param_name":"m","param_value_internal":4,"distribution":"{\"name\": \"CategoricalDistribution\", \"attributes\": {\"choices\": [16, 32, 64, 128, 256]}}"}
{"op_code":5,"worker_id":"3f81c282-2f80-4c89-a3fd-484482b02720-127485161060160","trial_id":42,"param_name":"n","param_value_internal":2,"distribution":"{\"name\": \"CategoricalDistribution\", \"attributes\": {\"choices\": [16, 32, 64, 128, 256]}}"}
{"op_code":5,"worker_id":"3f81c282-2f80-4c89-a3fd-484482b02720-127485161060160","trial_id":42,"param_name":"k","param_value_internal":2,"distribution":"{\"name\": \"CategoricalDistribution\", \"attributes\": {\"choices\": [16, 32, 64, 128]}}"}
{"op_code":5,"worker_id":"3f81c282-2f80-4c89-a3fd-484482b02720-127485161060160","trial_id":42,"param_name":"gx","param_value_internal":2,"distribution":"{\"name\": \"CategoricalDistribution\", \"attributes\": {\"choices\": [1, 2, 4, 8]}}"}
{"op_code":5,"worker_id":"3f81c282-2f80-4c89-a3fd-484482b02720-127485161060160","trial_id":42,"param_name":"gy","param_value_internal":2,"distribution":"{\"name\": \"CategoricalDistribution\", \"attributes\": {\"choices\": [1, 2, 4, 8]}}"}
{"op_code":5,"worker_id":"3f81c282-2f80-4c89-a3fd-484482b02720-127485161060160","trial_id":42,"param_name":"sub","param_value_internal":0,"distribution":"{\"name\": \"CategoricalDistribution\", \"attributes\": {\"choices\": [32, 64]}}"}
{"op_code":6,"worker_id":"3f81c282-2f80-4c89-a3fd-484482b02720-127485161060160","trial_id":42,"state":2,"values":null,"datetime_complete":"2026-07-23T21:32:59.261352"}
{"op_code":4,"worker_id":"3f81c282-2f80-4c89-a3fd-484482b02720-127485161060160","study_id":0,"datetime_start":"2026-07-23T21:32:59.263338"}
{"op_code":9,"worker_id":"3f81c282-2f80-4c89-a3fd-484482b02720-127485161060160","trial_id":43,"system_attr":{"tpe:relative_params:0":"{\"gx\": 2, \"gy\": 1, \"k\": 64, \"m\": 16, \"n\": 32, \"sub\": 32}"}}
{"op_code":5,"worker_id":"3f81c282-2f80-4c89-a3fd-484482b02720-127485161060160","trial_id":43,"param_name":"m","param_value_internal":0,"distribution":"{\"name\": \"CategoricalDistribution\", \"attributes\": {\"choices\": [16, 32, 64, 128, 256]}}"}
{"op_code":5,"worker_id":"3f81c282-2f80-4c89-a3fd-484482b02720-127485161060160","trial_id":43,"param_name":"n","param_value_internal":1,"distribution":"{\"name\": \"CategoricalDistribution\", \"attributes\": {\"choices\": [16, 32, 64, 128, 256]}}"}
{"op_code":5,"worker_id":"3f81c282-2f80-4c89-a3fd-484482b02720-127485161060160","trial_id":43,"param_name":"k","param_value_internal":2,"distribution":"{\"name\": \"CategoricalDistribution\", \"attributes\": {\"choices\": [16, 32, 64, 128]}}"}
{"op_code":5,"worker_id":"3f81c282-2f80-4c89-a3fd-484482b02720-127485161060160","trial_id":43,"param_name":"gx","param_value_internal":1,"distribution":"{\"name\": \"CategoricalDistribution\", \"attributes\": {\"choices\": [1, 2, 4, 8]}}"}
{"op_code":5,"worker_id":"3f81c282-2f80-4c89-a3fd-484482b02720-127485161060160","trial_id":43,"param_name":"gy","param_value_internal":0,"distribution":"{\"name\": \"CategoricalDistribution\", \"attributes\": {\"choices\": [1, 2, 4, 8]}}"}
{"op_code":5,"worker_id":"3f81c282-2f80-4c89-a3fd-484482b02720-127485161060160","trial_id":43,"param_name":"sub","param_value_internal":0,"distribution":"{\"name\": \"CategoricalDistribution\", \"attributes\": {\"choices\": [32, 64]}}"}
{"op_code":8,"worker_id":"3f81c282-2f80-4c89-a3fd-484482b02720-127485161060160","trial_id":43,"user_attr":{"token":"tsweep_t16x32k64g21s32"}}
{"op_code":4,"worker_id":"3f81c282-2f80-4c89-a3fd-484482b02720-127485161060160","study_id":0,"datetime_start":"2026-07-23T21:32:59.282466"}
{"op_code":9,"worker_id":"3f81c282-2f80-4c89-a3fd-484482b02720-127485161060160","trial_id":44,"system_attr":{"tpe:relative_params:0":"{\"gx\": 1, \"gy\": 2, \"k\": 16, \"m\": 64, \"n\": 64, \"sub\": 32}"}}
{"op_code":5,"worker_id":"3f81c282-2f80-4c89-a3fd-484482b02720-127485161060160","trial_id":44,"param_name":"m","param_value_internal":2,"distribution":"{\"name\": \"CategoricalDistribution\", \"attributes\": {\"choices\": [16, 32, 64, 128, 256]}}"}
{"op_code":5,"worker_id":"3f81c282-2f80-4c89-a3fd-484482b02720-127485161060160","trial_id":44,"param_name":"n","param_value_internal":2,"distribution":"{\"name\": \"CategoricalDistribution\", \"attributes\": {\"choices\": [16, 32, 64, 128, 256]}}"}
{"op_code":5,"worker_id":"3f81c282-2f80-4c89-a3fd-484482b02720-127485161060160","trial_id":44,"param_name":"k","param_value_internal":0,"distribution":"{\"name\": \"CategoricalDistribution\", \"attributes\": {\"choices\": [16, 32, 64, 128]}}"}
{"op_code":5,"worker_id":"3f81c282-2f80-4c89-a3fd-484482b02720-127485161060160","trial_id":44,"param_name":"gx","param_value_internal":0,"distribution":"{\"name\": \"CategoricalDistribution\", \"attributes\": {\"choices\": [1, 2, 4, 8]}}"}
{"op_code":5,"worker_id":"3f81c282-2f80-4c89-a3fd-484482b02720-127485161060160","trial_id":44,"param_name":"gy","param_value_internal":1,"distribution":"{\"name\": \"CategoricalDistribution\", \"attributes\": {\"choices\": [1, 2, 4, 8]}}"}
{"op_code":5,"worker_id":"3f81c282-2f80-4c89-a3fd-484482b02720-127485161060160","trial_id":44,"param_name":"sub","param_value_internal":0,"distribution":"{\"name\": \"CategoricalDistribution\", \"attributes\": {\"choices\": [32, 64]}}"}
{"op_code":8,"worker_id":"3f81c282-2f80-4c89-a3fd-484482b02720-127485161060160","trial_id":44,"user_attr":{"token":"tsweep_t64x64k16g12s32"}}
{"op_code":6,"worker_id":"3f81c282-2f80-4c89-a3fd-484482b02720-127485161060160","trial_id":0,"state":1,"values":[779.7495],"datetime_complete":"2026-07-23T21:33:56.413723"}
{"op_code":6,"worker_id":"3f81c282-2f80-4c89-a3fd-484482b02720-127485161060160","trial_id":1,"state":1,"values":[797.933],"datetime_complete":"2026-07-23T21:34:23.114668"}
{"op_code":6,"worker_id":"3f81c282-2f80-4c89-a3fd-484482b02720-127485161060160","trial_id":12,"state":1,"values":[809.3045],"datetime_complete":"2026-07-23T21:34:50.537878"}
{"op_code":6,"worker_id":"3f81c282-2f80-4c89-a3fd-484482b02720-127485161060160","trial_id":19,"state":2,"values":null,"datetime_complete":"2026-07-23T21:35:02.424883"}
{"op_code":6,"worker_id":"3f81c282-2f80-4c89-a3fd-484482b02720-127485161060160","trial_id":22,"state":1,"values":[398.53],"datetime_complete":"2026-07-23T21:35:38.620977"}
{"op_code":6,"worker_id":"3f81c282-2f80-4c89-a3fd-484482b02720-127485161060160","trial_id":25,"state":1,"values":[456.024],"datetime_complete":"2026-07-23T21:36:11.550159"}
{"op_code":6,"worker_id":"3f81c282-2f80-4c89-a3fd-484482b02720-127485161060160","trial_id":32,"state":1,"values":[779.5085],"datetime_complete":"2026-07-23T21:36:38.734046"}
{"op_code":6,"worker_id":"3f81c282-2f80-4c89-a3fd-484482b02720-127485161060160","trial_id":37,"state":1,"values":[532.225],"datetime_complete":"2026-07-23T21:37:10.659956"}
{"op_code":6,"worker_id":"3f81c282-2f80-4c89-a3fd-484482b02720-127485161060160","trial_id":43,"state":1,"values":[414.78700000000003],"datetime_complete":"2026-07-23T21:37:42.979000"}
{"op_code":6,"worker_id":"3f81c282-2f80-4c89-a3fd-484482b02720-127485161060160","trial_id":44,"state":1,"values":[773.1405],"datetime_complete":"2026-07-23T21:38:19.646415"}
{"op_code":4,"worker_id":"3f81c282-2f80-4c89-a3fd-484482b02720-127485161060160","study_id":0,"datetime_start":"2026-07-23T21:38:19.649093"}
{"op_code":9,"worker_id":"3f81c282-2f80-4c89-a3fd-484482b02720-127485161060160","trial_id":45,"system_attr":{"tpe:relative_params:0":"{\"gx\": 2, \"gy\": 2, \"k\": 32, \"m\": 128, \"n\": 64, \"sub\": 32}"}}
{"op_code":5,"worker_id":"3f81c282-2f80-4c89-a3fd-484482b02720-127485161060160","trial_id":45,"param_name":"m","param_value_internal":3,"distribution":"{\"name\": \"CategoricalDistribution\", \"attributes\": {\"choices\": [16, 32, 64, 128, 256]}}"}
{"op_code":5,"worker_id":"3f81c282-2f80-4c89-a3fd-484482b02720-127485161060160","trial_id":45,"param_name":"n","param_value_internal":2,"distribution":"{\"name\": \"CategoricalDistribution\", \"attributes\": {\"choices\": [16, 32, 64, 128, 256]}}"}
{"op_code":5,"worker_id":"3f81c282-2f80-4c89-a3fd-484482b02720-127485161060160","trial_id":45,"param_name":"k","param_value_internal":1,"distribution":"{\"name\": \"CategoricalDistribution\", \"attributes\": {\"choices\": [16, 32, 64, 128]}}"}
{"op_code":5,"worker_id":"3f81c282-2f80-4c89-a3fd-484482b02720-127485161060160","trial_id":45,"param_name":"gx","param_value_internal":1,"distribution":"{\"name\": \"CategoricalDistribution\", \"attributes\": {\"choices\": [1, 2, 4, 8]}}"}
{"op_code":5,"worker_id":"3f81c282-2f80-4c89-a3fd-484482b02720-127485161060160","trial_id":45,"param_name":"gy","param_value_internal":1,"distribution":"{\"name\": \"CategoricalDistribution\", \"attributes\": {\"choices\": [1, 2, 4, 8]}}"}
{"op_code":5,"worker_id":"3f81c282-2f80-4c89-a3fd-484482b02720-127485161060160","trial_id":45,"param_name":"sub","param_value_internal":0,"distribution":"{\"name\": \"CategoricalDistribution\", \"attributes\": {\"choices\": [32, 64]}}"}
{"op_code":6,"worker_id":"3f81c282-2f80-4c89-a3fd-484482b02720-127485161060160","trial_id":45,"state":2,"values":null,"datetime_complete":"2026-07-23T21:38:19.668499"}
{"op_code":4,"worker_id":"3f81c282-2f80-4c89-a3fd-484482b02720-127485161060160","study_id":0,"datetime_start":"2026-07-23T21:38:19.670599"}
{"op_code":9,"worker_id":"3f81c282-2f80-4c89-a3fd-484482b02720-127485161060160","trial_id":46,"system_attr":{"tpe:relative_params:0":"{\"gx\": 8, \"gy\": 2, \"k\": 32, \"m\": 128, \"n\": 128, \"sub\": 32}"}}
{"op_code":5,"worker_id":"3f81c282-2f80-4c89-a3fd-484482b02720-127485161060160","trial_id":46,"param_name":"m","param_value_internal":3,"distribution":"{\"name\": \"CategoricalDistribution\", \"attributes\": {\"choices\": [16, 32, 64, 128, 256]}}"}
{"op_code":5,"worker_id":"3f81c282-2f80-4c89-a3fd-484482b02720-127485161060160","trial_id":46,"param_name":"n","param_value_internal":3,"distribution":"{\"name\": \"CategoricalDistribution\", \"attributes\": {\"choices\": [16, 32, 64, 128, 256]}}"}
{"op_code":5,"worker_id":"3f81c282-2f80-4c89-a3fd-484482b02720-127485161060160","trial_id":46,"param_name":"k","param_value_internal":1,"distribution":"{\"name\": \"CategoricalDistribution\", \"attributes\": {\"choices\": [16, 32, 64, 128]}}"}
{"op_code":5,"worker_id":"3f81c282-2f80-4c89-a3fd-484482b02720-127485161060160","trial_id":46,"param_name":"gx","param_value_internal":3,"distribution":"{\"name\": \"CategoricalDistribution\", \"attributes\": {\"choices\": [1, 2, 4, 8]}}"}
{"op_code":5,"worker_id":"3f81c282-2f80-4c89-a3fd-484482b02720-127485161060160","trial_id":46,"param_name":"gy","param_value_internal":1,"distribution":"{\"name\": \"CategoricalDistribution\", \"attributes\": {\"choices\": [1, 2, 4, 8]}}"}
{"op_code":5,"worker_id":"3f81c282-2f80-4c89-a3fd-484482b02720-127485161060160","trial_id":46,"param_name":"sub","param_value_internal":0,"distribution":"{\"name\": \"CategoricalDistribution\", \"attributes\": {\"choices\": [32, 64]}}"}
{"op_code":6,"worker_id":"3f81c282-2f80-4c89-a3fd-484482b02720-127485161060160","trial_id":46,"state":2,"values":null,"datetime_complete":"2026-07-23T21:38:19.689701"}
{"op_code":4,"worker_id":"3f81c282-2f80-4c89-a3fd-484482b02720-127485161060160","study_id":0,"datetime_start":"2026-07-23T21:38:19.691759"}
{"op_code":9,"worker_id":"3f81c282-2f80-4c89-a3fd-484482b02720-127485161060160","trial_id":47,"system_attr":{"tpe:relative_params:0":"{\"gx\": 1, \"gy\": 2, \"k\": 16, \"m\": 64, \"n\": 64, \"sub\": 32}"}}
{"op_code":5,"worker_id":"3f81c282-2f80-4c89-a3fd-484482b02720-127485161060160","trial_id":47,"param_name":"m","param_value_internal":2,"distribution":"{\"name\": \"CategoricalDistribution\", \"attributes\": {\"choices\": [16, 32, 64, 128, 256]}}"}
{"op_code":5,"worker_id":"3f81c282-2f80-4c89-a3fd-484482b02720-127485161060160","trial_id":47,"param_name":"n","param_value_internal":2,"distribution":"{\"name\": \"CategoricalDistribution\", \"attributes\": {\"choices\": [16, 32, 64, 128, 256]}}"}
{"op_code":5,"worker_id":"3f81c282-2f80-4c89-a3fd-484482b02720-127485161060160","trial_id":47,"param_name":"k","param_value_internal":0,"distribution":"{\"name\": \"CategoricalDistribution\", \"attributes\": {\"choices\": [16, 32, 64, 128]}}"}
{"op_code":5,"worker_id":"3f81c282-2f80-4c89-a3fd-484482b02720-127485161060160","trial_id":47,"param_name":"gx","param_value_internal":0,"distribution":"{\"name\": \"CategoricalDistribution\", \"attributes\": {\"choices\": [1, 2, 4, 8]}}"}
{"op_code":5,"worker_id":"3f81c282-2f80-4c89-a3fd-484482b02720-127485161060160","trial_id":47,"param_name":"gy","param_value_internal":1,"distribution":"{\"name\": \"CategoricalDistribution\", \"attributes\": {\"choices\": [1, 2, 4, 8]}}"}
{"op_code":5,"worker_id":"3f81c282-2f80-4c89-a3fd-484482b02720-127485161060160","trial_id":47,"param_name":"sub","param_value_internal":0,"distribution":"{\"name\": \"CategoricalDistribution\", \"attributes\": {\"choices\": [32, 64]}}"}
{"op_code":6,"worker_id":"3f81c282-2f80-4c89-a3fd-484482b02720-127485161060160","trial_id":47,"state":2,"values":null,"datetime_complete":"2026-07-23T21:38:19.711199"}
{"op_code":4,"worker_id":"3f81c282-2f80-4c89-a3fd-484482b02720-127485161060160","study_id":0,"datetime_start":"2026-07-23T21:38:19.713421"}
{"op_code":9,"worker_id":"3f81c282-2f80-4c89-a3fd-484482b02720-127485161060160","trial_id":48,"system_attr":{"tpe:relative_params:0":"{\"gx\": 2, \"gy\": 2, \"k\": 16, \"m\": 32, \"n\": 64, \"sub\": 32}"}}
{"op_code":5,"worker_id":"3f81c282-2f80-4c89-a3fd-484482b02720-127485161060160","trial_id":48,"param_name":"m","param_value_internal":1,"distribution":"{\"name\": \"CategoricalDistribution\", \"attributes\": {\"choices\": [16, 32, 64, 128, 256]}}"}
{"op_code":5,"worker_id":"3f81c282-2f80-4c89-a3fd-484482b02720-127485161060160","trial_id":48,"param_name":"n","param_value_internal":2,"distribution":"{\"name\": \"CategoricalDistribution\", \"attributes\": {\"choices\": [16, 32, 64, 128, 256]}}"}
{"op_code":5,"worker_id":"3f81c282-2f80-4c89-a3fd-484482b02720-127485161060160","trial_id":48,"param_name":"k","param_value_internal":0,"distribution":"{\"name\": \"CategoricalDistribution\", \"attributes\": {\"choices\": [16, 32, 64, 128]}}"}
{"op_code":5,"worker_id":"3f81c282-2f80-4c89-a3fd-484482b02720-127485161060160","trial_id":48,"param_name":"gx","param_value_internal":1,"distribution":"{\"name\": \"CategoricalDistribution\", \"attributes\": {\"choices\": [1, 2, 4, 8]}}"}
{"op_code":5,"worker_id":"3f81c282-2f80-4c89-a3fd-484482b02720-127485161060160","trial_id":48,"param_name":"gy","param_value_internal":1,"distribution":"{\"name\": \"CategoricalDistribution\", \"attributes\": {\"choices\": [1, 2, 4, 8]}}"}
{"op_code":5,"worker_id":"3f81c282-2f80-4c89-a3fd-484482b02720-127485161060160","trial_id":48,"param_name":"sub","param_value_internal":0,"distribution":"{\"name\": \"CategoricalDistribution\", \"attributes\": {\"choices\": [32, 64]}}"}
{"op_code":6,"worker_id":"3f81c282-2f80-4c89-a3fd-484482b02720-127485161060160","trial_id":48,"state":2,"values":null,"datetime_complete":"2026-07-23T21:38:19.732790"}
{"op_code":4,"worker_id":"3f81c282-2f80-4c89-a3fd-484482b02720-127485161060160","study_id":0,"datetime_start":"2026-07-23T21:38:19.734842"}
{"op_code":9,"worker_id":"3f81c282-2f80-4c89-a3fd-484482b02720-127485161060160","trial_id":49,"system_attr":{"tpe:relative_params:0":"{\"gx\": 4, \"gy\": 1, \"k\": 16, \"m\": 256, \"n\": 32, \"sub\": 32}"}}
{"op_code":5,"worker_id":"3f81c282-2f80-4c89-a3fd-484482b02720-127485161060160","trial_id":49,"param_name":"m","param_value_internal":4,"distribution":"{\"name\": \"CategoricalDistribution\", \"attributes\": {\"choices\": [16, 32, 64, 128, 256]}}"}
{"op_code":5,"worker_id":"3f81c282-2f80-4c89-a3fd-484482b02720-127485161060160","trial_id":49,"param_name":"n","param_value_internal":1,"distribution":"{\"name\": \"CategoricalDistribution\", \"attributes\": {\"choices\": [16, 32, 64, 128, 256]}}"}
{"op_code":5,"worker_id":"3f81c282-2f80-4c89-a3fd-484482b02720-127485161060160","trial_id":49,"param_name":"k","param_value_internal":0,"distribution":"{\"name\": \"CategoricalDistribution\", \"attributes\": {\"choices\": [16, 32, 64, 128]}}"}
{"op_code":5,"worker_id":"3f81c282-2f80-4c89-a3fd-484482b02720-127485161060160","trial_id":49,"param_name":"gx","param_value_internal":2,"distribution":"{\"name\": \"CategoricalDistribution\", \"attributes\": {\"choices\": [1, 2, 4, 8]}}"}
{"op_code":5,"worker_id":"3f81c282-2f80-4c89-a3fd-484482b02720-127485161060160","trial_id":49,"param_name":"gy","param_value_internal":0,"distribution":"{\"name\": \"CategoricalDistribution\", \"attributes\": {\"choices\": [1, 2, 4, 8]}}"}
{"op_code":5,"worker_id":"3f81c282-2f80-4c89-a3fd-484482b02720-127485161060160","trial_id":49,"param_name":"sub","param_value_internal":0,"distribution":"{\"name\": \"CategoricalDistribution\", \"attributes\": {\"choices\": [32, 64]}}"}
{"op_code":6,"worker_id":"3f81c282-2f80-4c89-a3fd-484482b02720-127485161060160","trial_id":49,"state":2,"values":null,"datetime_complete":"2026-07-23T21:38:19.753065"}
{"op_code":4,"worker_id":"3f81c282-2f80-4c89-a3fd-484482b02720-127485161060160","study_id":0,"datetime_start":"2026-07-23T21:38:19.755169"}
{"op_code":9,"worker_id":"3f81c282-2f80-4c89-a3fd-484482b02720-127485161060160","trial_id":50,"system_attr":{"tpe:relative_params:0":"{\"gx\": 2, \"gy\": 1, \"k\": 16, \"m\": 128, \"n\": 64, \"sub\": 32}"}}
{"op_code":5,"worker_id":"3f81c282-2f80-4c89-a3fd-484482b02720-127485161060160","trial_id":50,"param_name":"m","param_value_internal":3,"distribution":"{\"name\": \"CategoricalDistribution\", \"attributes\": {\"choices\": [16, 32, 64, 128, 256]}}"}
{"op_code":5,"worker_id":"3f81c282-2f80-4c89-a3fd-484482b02720-127485161060160","trial_id":50,"param_name":"n","param_value_internal":2,"distribution":"{\"name\": \"CategoricalDistribution\", \"attributes\": {\"choices\": [16, 32, 64, 128, 256]}}"}
{"op_code":5,"worker_id":"3f81c282-2f80-4c89-a3fd-484482b02720-127485161060160","trial_id":50,"param_name":"k","param_value_internal":0,"distribution":"{\"name\": \"CategoricalDistribution\", \"attributes\": {\"choices\": [16, 32, 64, 128]}}"}
{"op_code":5,"worker_id":"3f81c282-2f80-4c89-a3fd-484482b02720-127485161060160","trial_id":50,"param_name":"gx","param_value_internal":1,"distribution":"{\"name\": \"CategoricalDistribution\", \"attributes\": {\"choices\": [1, 2, 4, 8]}}"}
{"op_code":5,"worker_id":"3f81c282-2f80-4c89-a3fd-484482b02720-127485161060160","trial_id":50,"param_name":"gy","param_value_internal":0,"distribution":"{\"name\": \"CategoricalDistribution\", \"attributes\": {\"choices\": [1, 2, 4, 8]}}"}
{"op_code":5,"worker_id":"3f81c282-2f80-4c89-a3fd-484482b02720-127485161060160","trial_id":50,"param_name":"sub","param_value_internal":0,"distribution":"{\"name\": \"CategoricalDistribution\", \"attributes\": {\"choices\": [32, 64]}}"}
{"op_code":8,"worker_id":"3f81c282-2f80-4c89-a3fd-484482b02720-127485161060160","trial_id":50,"user_attr":{"token":"tsweep_t128x64k16g21s32"}}
{"op_code":4,"worker_id":"3f81c282-2f80-4c89-a3fd-484482b02720-127485161060160","study_id":0,"datetime_start":"2026-07-23T21:38:19.774964"}
{"op_code":9,"worker_id":"3f81c282-2f80-4c89-a3fd-484482b02720-127485161060160","trial_id":51,"system_attr":{"tpe:relative_params:0":"{\"gx\": 4, \"gy\": 1, \"k\": 32, \"m\": 64, \"n\": 128, \"sub\": 32}"}}
{"op_code":5,"worker_id":"3f81c282-2f80-4c89-a3fd-484482b02720-127485161060160","trial_id":51,"param_name":"m","param_value_internal":2,"distribution":"{\"name\": \"CategoricalDistribution\", \"attributes\": {\"choices\": [16, 32, 64, 128, 256]}}"}
{"op_code":5,"worker_id":"3f81c282-2f80-4c89-a3fd-484482b02720-127485161060160","trial_id":51,"param_name":"n","param_value_internal":3,"distribution":"{\"name\": \"CategoricalDistribution\", \"attributes\": {\"choices\": [16, 32, 64, 128, 256]}}"}
{"op_code":5,"worker_id":"3f81c282-2f80-4c89-a3fd-484482b02720-127485161060160","trial_id":51,"param_name":"k","param_value_internal":1,"distribution":"{\"name\": \"CategoricalDistribution\", \"attributes\": {\"choices\": [16, 32, 64, 128]}}"}
{"op_code":5,"worker_id":"3f81c282-2f80-4c89-a3fd-484482b02720-127485161060160","trial_id":51,"param_name":"gx","param_value_internal":2,"distribution":"{\"name\": \"CategoricalDistribution\", \"attributes\": {\"choices\": [1, 2, 4, 8]}}"}
{"op_code":5,"worker_id":"3f81c282-2f80-4c89-a3fd-484482b02720-127485161060160","trial_id":51,"param_name":"gy","param_value_internal":0,"distribution":"{\"name\": \"CategoricalDistribution\", \"attributes\": {\"choices\": [1, 2, 4, 8]}}"}
{"op_code":5,"worker_id":"3f81c282-2f80-4c89-a3fd-484482b02720-127485161060160","trial_id":51,"param_name":"sub","param_value_internal":0,"distribution":"{\"name\": \"CategoricalDistribution\", \"attributes\": {\"choices\": [32, 64]}}"}
{"op_code":8,"worker_id":"3f81c282-2f80-4c89-a3fd-484482b02720-127485161060160","trial_id":51,"user_attr":{"token":"tsweep_t64x128k32g41s32"}}
{"op_code":4,"worker_id":"3f81c282-2f80-4c89-a3fd-484482b02720-127485161060160","study_id":0,"datetime_start":"2026-07-23T21:38:19.796818"}
{"op_code":9,"worker_id":"3f81c282-2f80-4c89-a3fd-484482b02720-127485161060160","trial_id":52,"system_attr":{"tpe:relative_params:0":"{\"gx\": 4, \"gy\": 1, \"k\": 16, \"m\": 64, \"n\": 16, \"sub\": 32}"}}
{"op_code":5,"worker_id":"3f81c282-2f80-4c89-a3fd-484482b02720-127485161060160","trial_id":52,"param_name":"m","param_value_internal":2,"distribution":"{\"name\": \"CategoricalDistribution\", \"attributes\": {\"choices\": [16, 32, 64, 128, 256]}}"}
{"op_code":5,"worker_id":"3f81c282-2f80-4c89-a3fd-484482b02720-127485161060160","trial_id":52,"param_name":"n","param_value_internal":0,"distribution":"{\"name\": \"CategoricalDistribution\", \"attributes\": {\"choices\": [16, 32, 64, 128, 256]}}"}
{"op_code":5,"worker_id":"3f81c282-2f80-4c89-a3fd-484482b02720-127485161060160","trial_id":52,"param_name":"k","param_value_internal":0,"distribution":"{\"name\": \"CategoricalDistribution\", \"attributes\": {\"choices\": [16, 32, 64, 128]}}"}
{"op_code":5,"worker_id":"3f81c282-2f80-4c89-a3fd-484482b02720-127485161060160","trial_id":52,"param_name":"gx","param_value_internal":2,"distribution":"{\"name\": \"CategoricalDistribution\", \"attributes\": {\"choices\": [1, 2, 4, 8]}}"}
{"op_code":5,"worker_id":"3f81c282-2f80-4c89-a3fd-484482b02720-127485161060160","trial_id":52,"param_name":"gy","param_value_internal":0,"distribution":"{\"name\": \"CategoricalDistribution\", \"attributes\": {\"choices\": [1, 2, 4, 8]}}"}
{"op_code":5,"worker_id":"3f81c282-2f80-4c89-a3fd-484482b02720-127485161060160","trial_id":52,"param_name":"sub","param_value_internal":0,"distribution":"{\"name\": \"CategoricalDistribution\", \"attributes\": {\"choices\": [32, 64]}}"}
{"op_code":6,"worker_id":"3f81c282-2f80-4c89-a3fd-484482b02720-127485161060160","trial_id":52,"state":2,"values":null,"datetime_complete":"2026-07-23T21:38:19.815590"}
{"op_code":4,"worker_id":"3f81c282-2f80-4c89-a3fd-484482b02720-127485161060160","study_id":0,"datetime_start":"2026-07-23T21:38:19.817423"}
{"op_code":9,"worker_id":"3f81c282-2f80-4c89-a3fd-484482b02720-127485161060160","trial_id":53,"system_attr":{"tpe:relative_params:0":"{\"gx\": 4, \"gy\": 1, \"k\": 64, \"m\": 32, \"n\": 256, \"sub\": 64}"}}
{"op_code":5,"worker_id":"3f81c282-2f80-4c89-a3fd-484482b02720-127485161060160","trial_id":53,"param_name":"m","param_value_internal":1,"distribution":"{\"name\": \"CategoricalDistribution\", \"attributes\": {\"choices\": [16, 32, 64, 128, 256]}}"}
{"op_code":5,"worker_id":"3f81c282-2f80-4c89-a3fd-484482b02720-127485161060160","trial_id":53,"param_name":"n","param_value_internal":4,"distribution":"{\"name\": \"CategoricalDistribution\", \"attributes\": {\"choices\": [16, 32, 64, 128, 256]}}"}
{"op_code":5,"worker_id":"3f81c282-2f80-4c89-a3fd-484482b02720-127485161060160","trial_id":53,"param_name":"k","param_value_internal":2,"distribution":"{\"name\": \"CategoricalDistribution\", \"attributes\": {\"choices\": [16, 32, 64, 128]}}"}
{"op_code":5,"worker_id":"3f81c282-2f80-4c89-a3fd-484482b02720-127485161060160","trial_id":53,"param_name":"gx","param_value_internal":2,"distribution":"{\"name\": \"CategoricalDistribution\", \"attributes\": {\"choices\": [1, 2, 4, 8]}}"}
{"op_code":5,"worker_id":"3f81c282-2f80-4c89-a3fd-484482b02720-127485161060160","trial_id":53,"param_name":"gy","param_value_internal":0,"distribution":"{\"name\": \"CategoricalDistribution\", \"attributes\": {\"choices\": [1, 2, 4, 8]}}"}
{"op_code":5,"worker_id":"3f81c282-2f80-4c89-a3fd-484482b02720-127485161060160","trial_id":53,"param_name":"sub","param_value_internal":1,"distribution":"{\"name\": \"CategoricalDistribution\", \"attributes\": {\"choices\": [32, 64]}}"}
{"op_code":6,"worker_id":"3f81c282-2f80-4c89-a3fd-484482b02720-127485161060160","trial_id":53,"state":2,"values":null,"datetime_complete":"2026-07-23T21:38:19.837756"}
{"op_code":4,"worker_id":"3f81c282-2f80-4c89-a3fd-484482b02720-127485161060160","study_id":0,"datetime_start":"2026-07-23T21:38:19.839940"}
{"op_code":9,"worker_id":"3f81c282-2f80-4c89-a3fd-484482b02720-127485161060160","trial_id":54,"system_attr":{"tpe:relative_params:0":"{\"gx\": 2, \"gy\": 2, \"k\": 16, \"m\": 128, \"n\": 128, \"sub\": 32}"}}
{"op_code":5,"worker_id":"3f81c282-2f80-4c89-a3fd-484482b02720-127485161060160","trial_id":54,"param_name":"m","param_value_internal":3,"distribution":"{\"name\": \"CategoricalDistribution\", \"attributes\": {\"choices\": [16, 32, 64, 128, 256]}}"}
{"op_code":5,"worker_id":"3f81c282-2f80-4c89-a3fd-484482b02720-127485161060160","trial_id":54,"param_name":"n","param_value_internal":3,"distribution":"{\"name\": \"CategoricalDistribution\", \"attributes\": {\"choices\": [16, 32, 64, 128, 256]}}"}
{"op_code":5,"worker_id":"3f81c282-2f80-4c89-a3fd-484482b02720-127485161060160","trial_id":54,"param_name":"k","param_value_internal":0,"distribution":"{\"name\": \"CategoricalDistribution\", \"attributes\": {\"choices\": [16, 32, 64, 128]}}"}
{"op_code":5,"worker_id":"3f81c282-2f80-4c89-a3fd-484482b02720-127485161060160","trial_id":54,"param_name":"gx","param_value_internal":1,"distribution":"{\"name\": \"CategoricalDistribution\", \"attributes\": {\"choices\": [1, 2, 4, 8]}}"}
{"op_code":5,"worker_id":"3f81c282-2f80-4c89-a3fd-484482b02720-127485161060160","trial_id":54,"param_name":"gy","param_value_internal":1,"distribution":"{\"name\": \"CategoricalDistribution\", \"attributes\": {\"choices\": [1, 2, 4, 8]}}"}
{"op_code":5,"worker_id":"3f81c282-2f80-4c89-a3fd-484482b02720-127485161060160","trial_id":54,"param_name":"sub","param_value_internal":0,"distribution":"{\"name\": \"CategoricalDistribution\", \"attributes\": {\"choices\": [32, 64]}}"}
{"op_code":8,"worker_id":"3f81c282-2f80-4c89-a3fd-484482b02720-127485161060160","trial_id":54,"user_attr":{"token":"tsweep_t128x128k16g22s32"}}
{"op_code":4,"worker_id":"3f81c282-2f80-4c89-a3fd-484482b02720-127485161060160","study_id":0,"datetime_start":"2026-07-23T21:38:19.860823"}
{"op_code":9,"worker_id":"3f81c282-2f80-4c89-a3fd-484482b02720-127485161060160","trial_id":55,"system_attr":{"tpe:relative_params:0":"{\"gx\": 8, \"gy\": 1, \"k\": 64, \"m\": 32, \"n\": 64, \"sub\": 64}"}}
{"op_code":5,"worker_id":"3f81c282-2f80-4c89-a3fd-484482b02720-127485161060160","trial_id":55,"param_name":"m","param_value_internal":1,"distribution":"{\"name\": \"CategoricalDistribution\", \"attributes\": {\"choices\": [16, 32, 64, 128, 256]}}"}
{"op_code":5,"worker_id":"3f81c282-2f80-4c89-a3fd-484482b02720-127485161060160","trial_id":55,"param_name":"n","param_value_internal":2,"distribution":"{\"name\": \"CategoricalDistribution\", \"attributes\": {\"choices\": [16, 32, 64, 128, 256]}}"}
{"op_code":5,"worker_id":"3f81c282-2f80-4c89-a3fd-484482b02720-127485161060160","trial_id":55,"param_name":"k","param_value_internal":2,"distribution":"{\"name\": \"CategoricalDistribution\", \"attributes\": {\"choices\": [16, 32, 64, 128]}}"}
{"op_code":5,"worker_id":"3f81c282-2f80-4c89-a3fd-484482b02720-127485161060160","trial_id":55,"param_name":"gx","param_value_internal":3,"distribution":"{\"name\": \"CategoricalDistribution\", \"attributes\": {\"choices\": [1, 2, 4, 8]}}"}
{"op_code":5,"worker_id":"3f81c282-2f80-4c89-a3fd-484482b02720-127485161060160","trial_id":55,"param_name":"gy","param_value_internal":0,"distribution":"{\"name\": \"CategoricalDistribution\", \"attributes\": {\"choices\": [1, 2, 4, 8]}}"}
{"op_code":5,"worker_id":"3f81c282-2f80-4c89-a3fd-484482b02720-127485161060160","trial_id":55,"param_name":"sub","param_value_internal":1,"distribution":"{\"name\": \"CategoricalDistribution\", \"attributes\": {\"choices\": [32, 64]}}"}
{"op_code":6,"worker_id":"3f81c282-2f80-4c89-a3fd-484482b02720-127485161060160","trial_id":55,"state":2,"values":null,"datetime_complete":"2026-07-23T21:38:19.880505"}
{"op_code":4,"worker_id":"3f81c282-2f80-4c89-a3fd-484482b02720-127485161060160","study_id":0,"datetime_start":"2026-07-23T21:38:19.882580"}
{"op_code":9,"worker_id":"3f81c282-2f80-4c89-a3fd-484482b02720-127485161060160","trial_id":56,"system_attr":{"tpe:relative_params:0":"{\"gx\": 4, \"gy\": 1, \"k\": 16, \"m\": 32, \"n\": 64, \"sub\": 64}"}}
{"op_code":5,"worker_id":"3f81c282-2f80-4c89-a3fd-484482b02720-127485161060160","trial_id":56,"param_name":"m","param_value_internal":1,"distribution":"{\"name\": \"CategoricalDistribution\", \"attributes\": {\"choices\": [16, 32, 64, 128, 256]}}"}
{"op_code":5,"worker_id":"3f81c282-2f80-4c89-a3fd-484482b02720-127485161060160","trial_id":56,"param_name":"n","param_value_internal":2,"distribution":"{\"name\": \"CategoricalDistribution\", \"attributes\": {\"choices\": [16, 32, 64, 128, 256]}}"}
{"op_code":5,"worker_id":"3f81c282-2f80-4c89-a3fd-484482b02720-127485161060160","trial_id":56,"param_name":"k","param_value_internal":0,"distribution":"{\"name\": \"CategoricalDistribution\", \"attributes\": {\"choices\": [16, 32, 64, 128]}}"}
{"op_code":5,"worker_id":"3f81c282-2f80-4c89-a3fd-484482b02720-127485161060160","trial_id":56,"param_name":"gx","param_value_internal":2,"distribution":"{\"name\": \"CategoricalDistribution\", \"attributes\": {\"choices\": [1, 2, 4, 8]}}"}
{"op_code":5,"worker_id":"3f81c282-2f80-4c89-a3fd-484482b02720-127485161060160","trial_id":56,"param_name":"gy","param_value_internal":0,"distribution":"{\"name\": \"CategoricalDistribution\", \"attributes\": {\"choices\": [1, 2, 4, 8]}}"}
{"op_code":5,"worker_id":"3f81c282-2f80-4c89-a3fd-484482b02720-127485161060160","trial_id":56,"param_name":"sub","param_value_internal":1,"distribution":"{\"name\": \"CategoricalDistribution\", \"attributes\": {\"choices\": [32, 64]}}"}
{"op_code":6,"worker_id":"3f81c282-2f80-4c89-a3fd-484482b02720-127485161060160","trial_id":56,"state":2,"values":null,"datetime_complete":"2026-07-23T21:38:19.901997"}
{"op_code":4,"worker_id":"3f81c282-2f80-4c89-a3fd-484482b02720-127485161060160","study_id":0,"datetime_start":"2026-07-23T21:38:19.903992"}
{"op_code":9,"worker_id":"3f81c282-2f80-4c89-a3fd-484482b02720-127485161060160","trial_id":57,"system_attr":{"tpe:relative_params:0":"{\"gx\": 2, \"gy\": 8, \"k\": 32, \"m\": 128, \"n\": 128, \"sub\": 32}"}}
{"op_code":5,"worker_id":"3f81c282-2f80-4c89-a3fd-484482b02720-127485161060160","trial_id":57,"param_name":"m","param_value_internal":3,"distribution":"{\"name\": \"CategoricalDistribution\", \"attributes\": {\"choices\": [16, 32, 64, 128, 256]}}"}
{"op_code":5,"worker_id":"3f81c282-2f80-4c89-a3fd-484482b02720-127485161060160","trial_id":57,"param_name":"n","param_value_internal":3,"distribution":"{\"name\": \"CategoricalDistribution\", \"attributes\": {\"choices\": [16, 32, 64, 128, 256]}}"}
{"op_code":5,"worker_id":"3f81c282-2f80-4c89-a3fd-484482b02720-127485161060160","trial_id":57,"param_name":"k","param_value_internal":1,"distribution":"{\"name\": \"CategoricalDistribution\", \"attributes\": {\"choices\": [16, 32, 64, 128]}}"}
{"op_code":5,"worker_id":"3f81c282-2f80-4c89-a3fd-484482b02720-127485161060160","trial_id":57,"param_name":"gx","param_value_internal":1,"distribution":"{\"name\": \"CategoricalDistribution\", \"attributes\": {\"choices\": [1, 2, 4, 8]}}"}
{"op_code":5,"worker_id":"3f81c282-2f80-4c89-a3fd-484482b02720-127485161060160","trial_id":57,"param_name":"gy","param_value_internal":3,"distribution":"{\"name\": \"CategoricalDistribution\", \"attributes\": {\"choices\": [1, 2, 4, 8]}}"}
{"op_code":5,"worker_id":"3f81c282-2f80-4c89-a3fd-484482b02720-127485161060160","trial_id":57,"param_name":"sub","param_value_internal":0,"distribution":"{\"name\": \"CategoricalDistribution\", \"attributes\": {\"choices\": [32, 64]}}"}
{"op_code":8,"worker_id":"3f81c282-2f80-4c89-a3fd-484482b02720-127485161060160","trial_id":57,"user_attr":{"token":"tsweep_t128x128k32g28s32"}}
{"op_code":4,"worker_id":"3f81c282-2f80-4c89-a3fd-484482b02720-127485161060160","study_id":0,"datetime_start":"2026-07-23T21:38:19.924813"}
{"op_code":9,"worker_id":"3f81c282-2f80-4c89-a3fd-484482b02720-127485161060160","trial_id":58,"system_attr":{"tpe:relative_params:0":"{\"gx\": 4, \"gy\": 2, \"k\": 16, \"m\": 128, \"n\": 64, \"sub\": 32}"}}
{"op_code":5,"worker_id":"3f81c282-2f80-4c89-a3fd-484482b02720-127485161060160","trial_id":58,"param_name":"m","param_value_internal":3,"distribution":"{\"name\": \"CategoricalDistribution\", \"attributes\": {\"choices\": [16, 32, 64, 128, 256]}}"}
{"op_code":5,"worker_id":"3f81c282-2f80-4c89-a3fd-484482b02720-127485161060160","trial_id":58,"param_name":"n","param_value_internal":2,"distribution":"{\"name\": \"CategoricalDistribution\", \"attributes\": {\"choices\": [16, 32, 64, 128, 256]}}"}
{"op_code":5,"worker_id":"3f81c282-2f80-4c89-a3fd-484482b02720-127485161060160","trial_id":58,"param_name":"k","param_value_internal":0,"distribution":"{\"name\": \"CategoricalDistribution\", \"attributes\": {\"choices\": [16, 32, 64, 128]}}"}
{"op_code":5,"worker_id":"3f81c282-2f80-4c89-a3fd-484482b02720-127485161060160","trial_id":58,"param_name":"gx","param_value_internal":2,"distribution":"{\"name\": \"CategoricalDistribution\", \"attributes\": {\"choices\": [1, 2, 4, 8]}}"}
{"op_code":5,"worker_id":"3f81c282-2f80-4c89-a3fd-484482b02720-127485161060160","trial_id":58,"param_name":"gy","param_value_internal":1,"distribution":"{\"name\": \"CategoricalDistribution\", \"attributes\": {\"choices\": [1, 2, 4, 8]}}"}
{"op_code":5,"worker_id":"3f81c282-2f80-4c89-a3fd-484482b02720-127485161060160","trial_id":58,"param_name":"sub","param_value_internal":0,"distribution":"{\"name\": \"CategoricalDistribution\", \"attributes\": {\"choices\": [32, 64]}}"}
{"op_code":6,"worker_id":"3f81c282-2f80-4c89-a3fd-484482b02720-127485161060160","trial_id":58,"state":2,"values":null,"datetime_complete":"2026-07-23T21:38:19.949302"}
{"op_code":4,"worker_id":"3f81c282-2f80-4c89-a3fd-484482b02720-127485161060160","study_id":0,"datetime_start":"2026-07-23T21:38:19.952190"}
{"op_code":9,"worker_id":"3f81c282-2f80-4c89-a3fd-484482b02720-127485161060160","trial_id":59,"system_attr":{"tpe:relative_params:0":"{\"gx\": 4, \"gy\": 1, \"k\": 16, \"m\": 32, \"n\": 128, \"sub\": 32}"}}
{"op_code":5,"worker_id":"3f81c282-2f80-4c89-a3fd-484482b02720-127485161060160","trial_id":59,"param_name":"m","param_value_internal":1,"distribution":"{\"name\": \"CategoricalDistribution\", \"attributes\": {\"choices\": [16, 32, 64, 128, 256]}}"}
{"op_code":5,"worker_id":"3f81c282-2f80-4c89-a3fd-484482b02720-127485161060160","trial_id":59,"param_name":"n","param_value_internal":3,"distribution":"{\"name\": \"CategoricalDistribution\", \"attributes\": {\"choices\": [16, 32, 64, 128, 256]}}"}
{"op_code":5,"worker_id":"3f81c282-2f80-4c89-a3fd-484482b02720-127485161060160","trial_id":59,"param_name":"k","param_value_internal":0,"distribution":"{\"name\": \"CategoricalDistribution\", \"attributes\": {\"choices\": [16, 32, 64, 128]}}"}
{"op_code":5,"worker_id":"3f81c282-2f80-4c89-a3fd-484482b02720-127485161060160","trial_id":59,"param_name":"gx","param_value_internal":2,"distribution":"{\"name\": \"CategoricalDistribution\", \"attributes\": {\"choices\": [1, 2, 4, 8]}}"}
{"op_code":5,"worker_id":"3f81c282-2f80-4c89-a3fd-484482b02720-127485161060160","trial_id":59,"param_name":"gy","param_value_internal":0,"distribution":"{\"name\": \"CategoricalDistribution\", \"attributes\": {\"choices\": [1, 2, 4, 8]}}"}
{"op_code":5,"worker_id":"3f81c282-2f80-4c89-a3fd-484482b02720-127485161060160","trial_id":59,"param_name":"sub","param_value_internal":0,"distribution":"{\"name\": \"CategoricalDistribution\", \"attributes\": {\"choices\": [32, 64]}}"}
{"op_code":6,"worker_id":"3f81c282-2f80-4c89-a3fd-484482b02720-127485161060160","trial_id":59,"state":2,"values":null,"datetime_complete":"2026-07-23T21:38:19.977013"}
{"op_code":4,"worker_id":"3f81c282-2f80-4c89-a3fd-484482b02720-127485161060160","study_id":0,"datetime_start":"2026-07-23T21:38:19.979242"}
{"op_code":9,"worker_id":"3f81c282-2f80-4c89-a3fd-484482b02720-127485161060160","trial_id":60,"system_attr":{"tpe:relative_params:0":"{\"gx\": 4, \"gy\": 1, \"k\": 64, \"m\": 128, \"n\": 64, \"sub\": 64}"}}
{"op_code":5,"worker_id":"3f81c282-2f80-4c89-a3fd-484482b02720-127485161060160","trial_id":60,"param_name":"m","param_value_internal":3,"distribution":"{\"name\": \"CategoricalDistribution\", \"attributes\": {\"choices\": [16, 32, 64, 128, 256]}}"}
{"op_code":5,"worker_id":"3f81c282-2f80-4c89-a3fd-484482b02720-127485161060160","trial_id":60,"param_name":"n","param_value_internal":2,"distribution":"{\"name\": \"CategoricalDistribution\", \"attributes\": {\"choices\": [16, 32, 64, 128, 256]}}"}
{"op_code":5,"worker_id":"3f81c282-2f80-4c89-a3fd-484482b02720-127485161060160","trial_id":60,"param_name":"k","param_value_internal":2,"distribution":"{\"name\": \"CategoricalDistribution\", \"attributes\": {\"choices\": [16, 32, 64, 128]}}"}
{"op_code":5,"worker_id":"3f81c282-2f80-4c89-a3fd-484482b02720-127485161060160","trial_id":60,"param_name":"gx","param_value_internal":2,"distribution":"{\"name\": \"CategoricalDistribution\", \"attributes\": {\"choices\": [1, 2, 4, 8]}}"}
{"op_code":5,"worker_id":"3f81c282-2f80-4c89-a3fd-484482b02720-127485161060160","trial_id":60,"param_name":"gy","param_value_internal":0,"distribution":"{\"name\": \"CategoricalDistribution\", \"attributes\": {\"choices\": [1, 2, 4, 8]}}"}
{"op_code":5,"worker_id":"3f81c282-2f80-4c89-a3fd-484482b02720-127485161060160","trial_id":60,"param_name":"sub","param_value_internal":1,"distribution":"{\"name\": \"CategoricalDistribution\", \"attributes\": {\"choices\": [32, 64]}}"}
{"op_code":8,"worker_id":"3f81c282-2f80-4c89-a3fd-484482b02720-127485161060160","trial_id":60,"user_attr":{"token":"tsweep_t128x64k64g41s64"}}
{"op_code":4,"worker_id":"3f81c282-2f80-4c89-a3fd-484482b02720-127485161060160","study_id":0,"datetime_start":"2026-07-23T21:38:20.000157"}
{"op_code":9,"worker_id":"3f81c282-2f80-4c89-a3fd-484482b02720-127485161060160","trial_id":61,"system_attr":{"tpe:relative_params:0":"{\"gx\": 4, \"gy\": 2, \"k\": 16, \"m\": 64, \"n\": 128, \"sub\": 32}"}}
{"op_code":5,"worker_id":"3f81c282-2f80-4c89-a3fd-484482b02720-127485161060160","trial_id":61,"param_name":"m","param_value_internal":2,"distribution":"{\"name\": \"CategoricalDistribution\", \"attributes\": {\"choices\": [16, 32, 64, 128, 256]}}"}
{"op_code":5,"worker_id":"3f81c282-2f80-4c89-a3fd-484482b02720-127485161060160","trial_id":61,"param_name":"n","param_value_internal":3,"distribution":"{\"name\": \"CategoricalDistribution\", \"attributes\": {\"choices\": [16, 32, 64, 128, 256]}}"}
{"op_code":5,"worker_id":"3f81c282-2f80-4c89-a3fd-484482b02720-127485161060160","trial_id":61,"param_name":"k","param_value_internal":0,"distribution":"{\"name\": \"CategoricalDistribution\", \"attributes\": {\"choices\": [16, 32, 64, 128]}}"}
{"op_code":5,"worker_id":"3f81c282-2f80-4c89-a3fd-484482b02720-127485161060160","trial_id":61,"param_name":"gx","param_value_internal":2,"distribution":"{\"name\": \"CategoricalDistribution\", \"attributes\": {\"choices\": [1, 2, 4, 8]}}"}
{"op_code":5,"worker_id":"3f81c282-2f80-4c89-a3fd-484482b02720-127485161060160","trial_id":61,"param_name":"gy","param_value_internal":1,"distribution":"{\"name\": \"CategoricalDistribution\", \"attributes\": {\"choices\": [1, 2, 4, 8]}}"}
{"op_code":5,"worker_id":"3f81c282-2f80-4c89-a3fd-484482b02720-127485161060160","trial_id":61,"param_name":"sub","param_value_internal":0,"distribution":"{\"name\": \"CategoricalDistribution\", \"attributes\": {\"choices\": [32, 64]}}"}
{"op_code":6,"worker_id":"3f81c282-2f80-4c89-a3fd-484482b02720-127485161060160","trial_id":61,"state":2,"values":null,"datetime_complete":"2026-07-23T21:38:20.019480"}
{"op_code":4,"worker_id":"3f81c282-2f80-4c89-a3fd-484482b02720-127485161060160","study_id":0,"datetime_start":"2026-07-23T21:38:20.021510"}
{"op_code":9,"worker_id":"3f81c282-2f80-4c89-a3fd-484482b02720-127485161060160","trial_id":62,"system_attr":{"tpe:relative_params:0":"{\"gx\": 4, \"gy\": 1, \"k\": 64, \"m\": 32, \"n\": 64, \"sub\": 32}"}}
{"op_code":5,"worker_id":"3f81c282-2f80-4c89-a3fd-484482b02720-127485161060160","trial_id":62,"param_name":"m","param_value_internal":1,"distribution":"{\"name\": \"CategoricalDistribution\", \"attributes\": {\"choices\": [16, 32, 64, 128, 256]}}"}
{"op_code":5,"worker_id":"3f81c282-2f80-4c89-a3fd-484482b02720-127485161060160","trial_id":62,"param_name":"n","param_value_internal":2,"distribution":"{\"name\": \"CategoricalDistribution\", \"attributes\": {\"choices\": [16, 32, 64, 128, 256]}}"}
{"op_code":5,"worker_id":"3f81c282-2f80-4c89-a3fd-484482b02720-127485161060160","trial_id":62,"param_name":"k","param_value_internal":2,"distribution":"{\"name\": \"CategoricalDistribution\", \"attributes\": {\"choices\": [16, 32, 64, 128]}}"}
{"op_code":5,"worker_id":"3f81c282-2f80-4c89-a3fd-484482b02720-127485161060160","trial_id":62,"param_name":"gx","param_value_internal":2,"distribution":"{\"name\": \"CategoricalDistribution\", \"attributes\": {\"choices\": [1, 2, 4, 8]}}"}
{"op_code":5,"worker_id":"3f81c282-2f80-4c89-a3fd-484482b02720-127485161060160","trial_id":62,"param_name":"gy","param_value_internal":0,"distribution":"{\"name\": \"CategoricalDistribution\", \"attributes\": {\"choices\": [1, 2, 4, 8]}}"}
{"op_code":5,"worker_id":"3f81c282-2f80-4c89-a3fd-484482b02720-127485161060160","trial_id":62,"param_name":"sub","param_value_internal":0,"distribution":"{\"name\": \"CategoricalDistribution\", \"attributes\": {\"choices\": [32, 64]}}"}
{"op_code":8,"worker_id":"3f81c282-2f80-4c89-a3fd-484482b02720-127485161060160","trial_id":62,"user_attr":{"token":"tsweep_t32x64k64g41s32"}}
{"op_code":4,"worker_id":"3f81c282-2f80-4c89-a3fd-484482b02720-127485161060160","study_id":0,"datetime_start":"2026-07-23T21:38:20.042070"}
{"op_code":9,"worker_id":"3f81c282-2f80-4c89-a3fd-484482b02720-127485161060160","trial_id":63,"system_attr":{"tpe:relative_params:0":"{\"gx\": 4, \"gy\": 8, \"k\": 64, \"m\": 64, \"n\": 64, \"sub\": 64}"}}
{"op_code":5,"worker_id":"3f81c282-2f80-4c89-a3fd-484482b02720-127485161060160","trial_id":63,"param_name":"m","param_value_internal":2,"distribution":"{\"name\": \"CategoricalDistribution\", \"attributes\": {\"choices\": [16, 32, 64, 128, 256]}}"}
{"op_code":5,"worker_id":"3f81c282-2f80-4c89-a3fd-484482b02720-127485161060160","trial_id":63,"param_name":"n","param_value_internal":2,"distribution":"{\"name\": \"CategoricalDistribution\", \"attributes\": {\"choices\": [16, 32, 64, 128, 256]}}"}
{"op_code":5,"worker_id":"3f81c282-2f80-4c89-a3fd-484482b02720-127485161060160","trial_id":63,"param_name":"k","param_value_internal":2,"distribution":"{\"name\": \"CategoricalDistribution\", \"attributes\": {\"choices\": [16, 32, 64, 128]}}"}
{"op_code":5,"worker_id":"3f81c282-2f80-4c89-a3fd-484482b02720-127485161060160","trial_id":63,"param_name":"gx","param_value_internal":2,"distribution":"{\"name\": \"CategoricalDistribution\", \"attributes\": {\"choices\": [1, 2, 4, 8]}}"}
{"op_code":5,"worker_id":"3f81c282-2f80-4c89-a3fd-484482b02720-127485161060160","trial_id":63,"param_name":"gy","param_value_internal":3,"distribution":"{\"name\": \"CategoricalDistribution\", \"attributes\": {\"choices\": [1, 2, 4, 8]}}"}
{"op_code":5,"worker_id":"3f81c282-2f80-4c89-a3fd-484482b02720-127485161060160","trial_id":63,"param_name":"sub","param_value_internal":1,"distribution":"{\"name\": \"CategoricalDistribution\", \"attributes\": {\"choices\": [32, 64]}}"}
{"op_code":6,"worker_id":"3f81c282-2f80-4c89-a3fd-484482b02720-127485161060160","trial_id":63,"state":2,"values":null,"datetime_complete":"2026-07-23T21:38:20.060673"}
{"op_code":4,"worker_id":"3f81c282-2f80-4c89-a3fd-484482b02720-127485161060160","study_id":0,"datetime_start":"2026-07-23T21:38:20.062657"}
{"op_code":9,"worker_id":"3f81c282-2f80-4c89-a3fd-484482b02720-127485161060160","trial_id":64,"system_attr":{"tpe:relative_params:0":"{\"gx\": 2, \"gy\": 2, \"k\": 128, \"m\": 128, \"n\": 256, \"sub\": 32}"}}
{"op_code":5,"worker_id":"3f81c282-2f80-4c89-a3fd-484482b02720-127485161060160","trial_id":64,"param_name":"m","param_value_internal":3,"distribution":"{\"name\": \"CategoricalDistribution\", \"attributes\": {\"choices\": [16, 32, 64, 128, 256]}}"}
{"op_code":5,"worker_id":"3f81c282-2f80-4c89-a3fd-484482b02720-127485161060160","trial_id":64,"param_name":"n","param_value_internal":4,"distribution":"{\"name\": \"CategoricalDistribution\", \"attributes\": {\"choices\": [16, 32, 64, 128, 256]}}"}
{"op_code":5,"worker_id":"3f81c282-2f80-4c89-a3fd-484482b02720-127485161060160","trial_id":64,"param_name":"k","param_value_internal":3,"distribution":"{\"name\": \"CategoricalDistribution\", \"attributes\": {\"choices\": [16, 32, 64, 128]}}"}
{"op_code":5,"worker_id":"3f81c282-2f80-4c89-a3fd-484482b02720-127485161060160","trial_id":64,"param_name":"gx","param_value_internal":1,"distribution":"{\"name\": \"CategoricalDistribution\", \"attributes\": {\"choices\": [1, 2, 4, 8]}}"}
{"op_code":5,"worker_id":"3f81c282-2f80-4c89-a3fd-484482b02720-127485161060160","trial_id":64,"param_name":"gy","param_value_internal":1,"distribution":"{\"name\": \"CategoricalDistribution\", \"attributes\": {\"choices\": [1, 2, 4, 8]}}"}
{"op_code":5,"worker_id":"3f81c282-2f80-4c89-a3fd-484482b02720-127485161060160","trial_id":64,"param_name":"sub","param_value_internal":0,"distribution":"{\"name\": \"CategoricalDistribution\", \"attributes\": {\"choices\": [32, 64]}}"}
{"op_code":6,"worker_id":"3f81c282-2f80-4c89-a3fd-484482b02720-127485161060160","trial_id":64,"state":2,"values":null,"datetime_complete":"2026-07-23T21:38:20.082108"}
{"op_code":4,"worker_id":"3f81c282-2f80-4c89-a3fd-484482b02720-127485161060160","study_id":0,"datetime_start":"2026-07-23T21:38:20.084253"}
{"op_code":9,"worker_id":"3f81c282-2f80-4c89-a3fd-484482b02720-127485161060160","trial_id":65,"system_attr":{"tpe:relative_params:0":"{\"gx\": 2, \"gy\": 1, \"k\": 16, \"m\": 64, \"n\": 128, \"sub\": 32}"}}
{"op_code":5,"worker_id":"3f81c282-2f80-4c89-a3fd-484482b02720-127485161060160","trial_id":65,"param_name":"m","param_value_internal":2,"distribution":"{\"name\": \"CategoricalDistribution\", \"attributes\": {\"choices\": [16, 32, 64, 128, 256]}}"}
{"op_code":5,"worker_id":"3f81c282-2f80-4c89-a3fd-484482b02720-127485161060160","trial_id":65,"param_name":"n","param_value_internal":3,"distribution":"{\"name\": \"CategoricalDistribution\", \"attributes\": {\"choices\": [16, 32, 64, 128, 256]}}"}
{"op_code":5,"worker_id":"3f81c282-2f80-4c89-a3fd-484482b02720-127485161060160","trial_id":65,"param_name":"k","param_value_internal":0,"distribution":"{\"name\": \"CategoricalDistribution\", \"attributes\": {\"choices\": [16, 32, 64, 128]}}"}
{"op_code":5,"worker_id":"3f81c282-2f80-4c89-a3fd-484482b02720-127485161060160","trial_id":65,"param_name":"gx","param_value_internal":1,"distribution":"{\"name\": \"CategoricalDistribution\", \"attributes\": {\"choices\": [1, 2, 4, 8]}}"}
{"op_code":5,"worker_id":"3f81c282-2f80-4c89-a3fd-484482b02720-127485161060160","trial_id":65,"param_name":"gy","param_value_internal":0,"distribution":"{\"name\": \"CategoricalDistribution\", \"attributes\": {\"choices\": [1, 2, 4, 8]}}"}
{"op_code":5,"worker_id":"3f81c282-2f80-4c89-a3fd-484482b02720-127485161060160","trial_id":65,"param_name":"sub","param_value_internal":0,"distribution":"{\"name\": \"CategoricalDistribution\", \"attributes\": {\"choices\": [32, 64]}}"}
{"op_code":8,"worker_id":"3f81c282-2f80-4c89-a3fd-484482b02720-127485161060160","trial_id":65,"user_attr":{"token":"tsweep_t64x128k16g21s32"}}
{"op_code":4,"worker_id":"3f81c282-2f80-4c89-a3fd-484482b02720-127485161060160","study_id":0,"datetime_start":"2026-07-23T21:38:20.106049"}
{"op_code":9,"worker_id":"3f81c282-2f80-4c89-a3fd-484482b02720-127485161060160","trial_id":66,"system_attr":{"tpe:relative_params:0":"{\"gx\": 2, \"gy\": 4, \"k\": 32, \"m\": 128, \"n\": 32, \"sub\": 32}"}}
{"op_code":5,"worker_id":"3f81c282-2f80-4c89-a3fd-484482b02720-127485161060160","trial_id":66,"param_name":"m","param_value_internal":3,"distribution":"{\"name\": \"CategoricalDistribution\", \"attributes\": {\"choices\": [16, 32, 64, 128, 256]}}"}
{"op_code":5,"worker_id":"3f81c282-2f80-4c89-a3fd-484482b02720-127485161060160","trial_id":66,"param_name":"n","param_value_internal":1,"distribution":"{\"name\": \"CategoricalDistribution\", \"attributes\": {\"choices\": [16, 32, 64, 128, 256]}}"}
{"op_code":5,"worker_id":"3f81c282-2f80-4c89-a3fd-484482b02720-127485161060160","trial_id":66,"param_name":"k","param_value_internal":1,"distribution":"{\"name\": \"CategoricalDistribution\", \"attributes\": {\"choices\": [16, 32, 64, 128]}}"}
{"op_code":5,"worker_id":"3f81c282-2f80-4c89-a3fd-484482b02720-127485161060160","trial_id":66,"param_name":"gx","param_value_internal":1,"distribution":"{\"name\": \"CategoricalDistribution\", \"attributes\": {\"choices\": [1, 2, 4, 8]}}"}
{"op_code":5,"worker_id":"3f81c282-2f80-4c89-a3fd-484482b02720-127485161060160","trial_id":66,"param_name":"gy","param_value_internal":2,"distribution":"{\"name\": \"CategoricalDistribution\", \"attributes\": {\"choices\": [1, 2, 4, 8]}}"}
{"op_code":5,"worker_id":"3f81c282-2f80-4c89-a3fd-484482b02720-127485161060160","trial_id":66,"param_name":"sub","param_value_internal":0,"distribution":"{\"name\": \"CategoricalDistribution\", \"attributes\": {\"choices\": [32, 64]}}"}
{"op_code":6,"worker_id":"3f81c282-2f80-4c89-a3fd-484482b02720-127485161060160","trial_id":66,"state":2,"values":null,"datetime_complete":"2026-07-23T21:38:20.125773"}
{"op_code":4,"worker_id":"3f81c282-2f80-4c89-a3fd-484482b02720-127485161060160","study_id":0,"datetime_start":"2026-07-23T21:38:20.127914"}
{"op_code":9,"worker_id":"3f81c282-2f80-4c89-a3fd-484482b02720-127485161060160","trial_id":67,"system_attr":{"tpe:relative_params:0":"{\"gx\": 8, \"gy\": 1, \"k\": 32, \"m\": 128, \"n\": 16, \"sub\": 32}"}}
{"op_code":5,"worker_id":"3f81c282-2f80-4c89-a3fd-484482b02720-127485161060160","trial_id":67,"param_name":"m","param_value_internal":3,"distribution":"{\"name\": \"CategoricalDistribution\", \"attributes\": {\"choices\": [16, 32, 64, 128, 256]}}"}
{"op_code":5,"worker_id":"3f81c282-2f80-4c89-a3fd-484482b02720-127485161060160","trial_id":67,"param_name":"n","param_value_internal":0,"distribution":"{\"name\": \"CategoricalDistribution\", \"attributes\": {\"choices\": [16, 32, 64, 128, 256]}}"}
{"op_code":5,"worker_id":"3f81c282-2f80-4c89-a3fd-484482b02720-127485161060160","trial_id":67,"param_name":"k","param_value_internal":1,"distribution":"{\"name\": \"CategoricalDistribution\", \"attributes\": {\"choices\": [16, 32, 64, 128]}}"}
{"op_code":5,"worker_id":"3f81c282-2f80-4c89-a3fd-484482b02720-127485161060160","trial_id":67,"param_name":"gx","param_value_internal":3,"distribution":"{\"name\": \"CategoricalDistribution\", \"attributes\": {\"choices\": [1, 2, 4, 8]}}"}
{"op_code":5,"worker_id":"3f81c282-2f80-4c89-a3fd-484482b02720-127485161060160","trial_id":67,"param_name":"gy","param_value_internal":0,"distribution":"{\"name\": \"CategoricalDistribution\", \"attributes\": {\"choices\": [1, 2, 4, 8]}}"}
{"op_code":5,"worker_id":"3f81c282-2f80-4c89-a3fd-484482b02720-127485161060160","trial_id":67,"param_name":"sub","param_value_internal":0,"distribution":"{\"name\": \"CategoricalDistribution\", \"attributes\": {\"choices\": [32, 64]}}"}
{"op_code":6,"worker_id":"3f81c282-2f80-4c89-a3fd-484482b02720-127485161060160","trial_id":67,"state":2,"values":null,"datetime_complete":"2026-07-23T21:38:20.147256"}
{"op_code":4,"worker_id":"3f81c282-2f80-4c89-a3fd-484482b02720-127485161060160","study_id":0,"datetime_start":"2026-07-23T21:38:20.149263"}
{"op_code":9,"worker_id":"3f81c282-2f80-4c89-a3fd-484482b02720-127485161060160","trial_id":68,"system_attr":{"tpe:relative_params:0":"{\"gx\": 1, \"gy\": 2, \"k\": 32, \"m\": 128, \"n\": 32, \"sub\": 32}"}}
{"op_code":5,"worker_id":"3f81c282-2f80-4c89-a3fd-484482b02720-127485161060160","trial_id":68,"param_name":"m","param_value_internal":3,"distribution":"{\"name\": \"CategoricalDistribution\", \"attributes\": {\"choices\": [16, 32, 64, 128, 256]}}"}
{"op_code":5,"worker_id":"3f81c282-2f80-4c89-a3fd-484482b02720-127485161060160","trial_id":68,"param_name":"n","param_value_internal":1,"distribution":"{\"name\": \"CategoricalDistribution\", \"attributes\": {\"choices\": [16, 32, 64, 128, 256]}}"}
{"op_code":5,"worker_id":"3f81c282-2f80-4c89-a3fd-484482b02720-127485161060160","trial_id":68,"param_name":"k","param_value_internal":1,"distribution":"{\"name\": \"CategoricalDistribution\", \"attributes\": {\"choices\": [16, 32, 64, 128]}}"}
{"op_code":5,"worker_id":"3f81c282-2f80-4c89-a3fd-484482b02720-127485161060160","trial_id":68,"param_name":"gx","param_value_internal":0,"distribution":"{\"name\": \"CategoricalDistribution\", \"attributes\": {\"choices\": [1, 2, 4, 8]}}"}
{"op_code":5,"worker_id":"3f81c282-2f80-4c89-a3fd-484482b02720-127485161060160","trial_id":68,"param_name":"gy","param_value_internal":1,"distribution":"{\"name\": \"CategoricalDistribution\", \"attributes\": {\"choices\": [1, 2, 4, 8]}}"}
{"op_code":5,"worker_id":"3f81c282-2f80-4c89-a3fd-484482b02720-127485161060160","trial_id":68,"param_name":"sub","param_value_internal":0,"distribution":"{\"name\": \"CategoricalDistribution\", \"attributes\": {\"choices\": [32, 64]}}"}
{"op_code":8,"worker_id":"3f81c282-2f80-4c89-a3fd-484482b02720-127485161060160","trial_id":68,"user_attr":{"token":"tsweep_t128x32k32g12s32"}}
{"op_code":4,"worker_id":"3f81c282-2f80-4c89-a3fd-484482b02720-127485161060160","study_id":0,"datetime_start":"2026-07-23T21:38:20.169611"}
{"op_code":9,"worker_id":"3f81c282-2f80-4c89-a3fd-484482b02720-127485161060160","trial_id":69,"system_attr":{"tpe:relative_params:0":"{\"gx\": 4, \"gy\": 4, \"k\": 64, \"m\": 32, \"n\": 64, \"sub\": 64}"}}
{"op_code":5,"worker_id":"3f81c282-2f80-4c89-a3fd-484482b02720-127485161060160","trial_id":69,"param_name":"m","param_value_internal":1,"distribution":"{\"name\": \"CategoricalDistribution\", \"attributes\": {\"choices\": [16, 32, 64, 128, 256]}}"}
{"op_code":5,"worker_id":"3f81c282-2f80-4c89-a3fd-484482b02720-127485161060160","trial_id":69,"param_name":"n","param_value_internal":2,"distribution":"{\"name\": \"CategoricalDistribution\", \"attributes\": {\"choices\": [16, 32, 64, 128, 256]}}"}
{"op_code":5,"worker_id":"3f81c282-2f80-4c89-a3fd-484482b02720-127485161060160","trial_id":69,"param_name":"k","param_value_internal":2,"distribution":"{\"name\": \"CategoricalDistribution\", \"attributes\": {\"choices\": [16, 32, 64, 128]}}"}
{"op_code":5,"worker_id":"3f81c282-2f80-4c89-a3fd-484482b02720-127485161060160","trial_id":69,"param_name":"gx","param_value_internal":2,"distribution":"{\"name\": \"CategoricalDistribution\", \"attributes\": {\"choices\": [1, 2, 4, 8]}}"}
{"op_code":5,"worker_id":"3f81c282-2f80-4c89-a3fd-484482b02720-127485161060160","trial_id":69,"param_name":"gy","param_value_internal":2,"distribution":"{\"name\": \"CategoricalDistribution\", \"attributes\": {\"choices\": [1, 2, 4, 8]}}"}
{"op_code":5,"worker_id":"3f81c282-2f80-4c89-a3fd-484482b02720-127485161060160","trial_id":69,"param_name":"sub","param_value_internal":1,"distribution":"{\"name\": \"CategoricalDistribution\", \"attributes\": {\"choices\": [32, 64]}}"}
{"op_code":6,"worker_id":"3f81c282-2f80-4c89-a3fd-484482b02720-127485161060160","trial_id":69,"state":2,"values":null,"datetime_complete":"2026-07-23T21:38:20.189115"}
{"op_code":4,"worker_id":"3f81c282-2f80-4c89-a3fd-484482b02720-127485161060160","study_id":0,"datetime_start":"2026-07-23T21:38:20.191173"}
{"op_code":9,"worker_id":"3f81c282-2f80-4c89-a3fd-484482b02720-127485161060160","trial_id":70,"system_attr":{"tpe:relative_params:0":"{\"gx\": 1, \"gy\": 2, \"k\": 64, \"m\": 32, \"n\": 32, \"sub\": 64}"}}
{"op_code":5,"worker_id":"3f81c282-2f80-4c89-a3fd-484482b02720-127485161060160","trial_id":70,"param_name":"m","param_value_internal":1,"distribution":"{\"name\": \"CategoricalDistribution\", \"attributes\": {\"choices\": [16, 32, 64, 128, 256]}}"}
{"op_code":5,"worker_id":"3f81c282-2f80-4c89-a3fd-484482b02720-127485161060160","trial_id":70,"param_name":"n","param_value_internal":1,"distribution":"{\"name\": \"CategoricalDistribution\", \"attributes\": {\"choices\": [16, 32, 64, 128, 256]}}"}
{"op_code":5,"worker_id":"3f81c282-2f80-4c89-a3fd-484482b02720-127485161060160","trial_id":70,"param_name":"k","param_value_internal":2,"distribution":"{\"name\": \"CategoricalDistribution\", \"attributes\": {\"choices\": [16, 32, 64, 128]}}"}
{"op_code":5,"worker_id":"3f81c282-2f80-4c89-a3fd-484482b02720-127485161060160","trial_id":70,"param_name":"gx","param_value_internal":0,"distribution":"{\"name\": \"CategoricalDistribution\", \"attributes\": {\"choices\": [1, 2, 4, 8]}}"}
{"op_code":5,"worker_id":"3f81c282-2f80-4c89-a3fd-484482b02720-127485161060160","trial_id":70,"param_name":"gy","param_value_internal":1,"distribution":"{\"name\": \"CategoricalDistribution\", \"attributes\": {\"choices\": [1, 2, 4, 8]}}"}
{"op_code":5,"worker_id":"3f81c282-2f80-4c89-a3fd-484482b02720-127485161060160","trial_id":70,"param_name":"sub","param_value_internal":1,"distribution":"{\"name\": \"CategoricalDistribution\", \"attributes\": {\"choices\": [32, 64]}}"}
{"op_code":6,"worker_id":"3f81c282-2f80-4c89-a3fd-484482b02720-127485161060160","trial_id":70,"state":2,"values":null,"datetime_complete":"2026-07-23T21:38:20.211249"}
{"op_code":4,"worker_id":"3f81c282-2f80-4c89-a3fd-484482b02720-127485161060160","study_id":0,"datetime_start":"2026-07-23T21:38:20.213382"}
{"op_code":9,"worker_id":"3f81c282-2f80-4c89-a3fd-484482b02720-127485161060160","trial_id":71,"system_attr":{"tpe:relative_params:0":"{\"gx\": 2, \"gy\": 8, \"k\": 128, \"m\": 128, \"n\": 64, \"sub\": 32}"}}
{"op_code":5,"worker_id":"3f81c282-2f80-4c89-a3fd-484482b02720-127485161060160","trial_id":71,"param_name":"m","param_value_internal":3,"distribution":"{\"name\": \"CategoricalDistribution\", \"attributes\": {\"choices\": [16, 32, 64, 128, 256]}}"}
{"op_code":5,"worker_id":"3f81c282-2f80-4c89-a3fd-484482b02720-127485161060160","trial_id":71,"param_name":"n","param_value_internal":2,"distribution":"{\"name\": \"CategoricalDistribution\", \"attributes\": {\"choices\": [16, 32, 64, 128, 256]}}"}
{"op_code":5,"worker_id":"3f81c282-2f80-4c89-a3fd-484482b02720-127485161060160","trial_id":71,"param_name":"k","param_value_internal":3,"distribution":"{\"name\": \"CategoricalDistribution\", \"attributes\": {\"choices\": [16, 32, 64, 128]}}"}
{"op_code":5,"worker_id":"3f81c282-2f80-4c89-a3fd-484482b02720-127485161060160","trial_id":71,"param_name":"gx","param_value_internal":1,"distribution":"{\"name\": \"CategoricalDistribution\", \"attributes\": {\"choices\": [1, 2, 4, 8]}}"}
{"op_code":5,"worker_id":"3f81c282-2f80-4c89-a3fd-484482b02720-127485161060160","trial_id":71,"param_name":"gy","param_value_internal":3,"distribution":"{\"name\": \"CategoricalDistribution\", \"attributes\": {\"choices\": [1, 2, 4, 8]}}"}
{"op_code":5,"worker_id":"3f81c282-2f80-4c89-a3fd-484482b02720-127485161060160","trial_id":71,"param_name":"sub","param_value_internal":0,"distribution":"{\"name\": \"CategoricalDistribution\", \"attributes\": {\"choices\": [32, 64]}}"}
{"op_code":6,"worker_id":"3f81c282-2f80-4c89-a3fd-484482b02720-127485161060160","trial_id":71,"state":2,"values":null,"datetime_complete":"2026-07-23T21:38:20.232704"}
{"op_code":4,"worker_id":"3f81c282-2f80-4c89-a3fd-484482b02720-127485161060160","study_id":0,"datetime_start":"2026-07-23T21:38:20.234665"}
{"op_code":9,"worker_id":"3f81c282-2f80-4c89-a3fd-484482b02720-127485161060160","trial_id":72,"system_attr":{"tpe:relative_params:0":"{\"gx\": 8, \"gy\": 2, \"k\": 32, \"m\": 16, \"n\": 64, \"sub\": 32}"}}
{"op_code":5,"worker_id":"3f81c282-2f80-4c89-a3fd-484482b02720-127485161060160","trial_id":72,"param_name":"m","param_value_internal":0,"distribution":"{\"name\": \"CategoricalDistribution\", \"attributes\": {\"choices\": [16, 32, 64, 128, 256]}}"}
{"op_code":5,"worker_id":"3f81c282-2f80-4c89-a3fd-484482b02720-127485161060160","trial_id":72,"param_name":"n","param_value_internal":2,"distribution":"{\"name\": \"CategoricalDistribution\", \"attributes\": {\"choices\": [16, 32, 64, 128, 256]}}"}
{"op_code":5,"worker_id":"3f81c282-2f80-4c89-a3fd-484482b02720-127485161060160","trial_id":72,"param_name":"k","param_value_internal":1,"distribution":"{\"name\": \"CategoricalDistribution\", \"attributes\": {\"choices\": [16, 32, 64, 128]}}"}
{"op_code":5,"worker_id":"3f81c282-2f80-4c89-a3fd-484482b02720-127485161060160","trial_id":72,"param_name":"gx","param_value_internal":3,"distribution":"{\"name\": \"CategoricalDistribution\", \"attributes\": {\"choices\": [1, 2, 4, 8]}}"}
{"op_code":5,"worker_id":"3f81c282-2f80-4c89-a3fd-484482b02720-127485161060160","trial_id":72,"param_name":"gy","param_value_internal":1,"distribution":"{\"name\": \"CategoricalDistribution\", \"attributes\": {\"choices\": [1, 2, 4, 8]}}"}
{"op_code":5,"worker_id":"3f81c282-2f80-4c89-a3fd-484482b02720-127485161060160","trial_id":72,"param_name":"sub","param_value_internal":0,"distribution":"{\"name\": \"CategoricalDistribution\", \"attributes\": {\"choices\": [32, 64]}}"}
{"op_code":6,"worker_id":"3f81c282-2f80-4c89-a3fd-484482b02720-127485161060160","trial_id":72,"state":2,"values":null,"datetime_complete":"2026-07-23T21:38:20.254054"}
{"op_code":4,"worker_id":"3f81c282-2f80-4c89-a3fd-484482b02720-127485161060160","study_id":0,"datetime_start":"2026-07-23T21:38:20.256372"}
{"op_code":9,"worker_id":"3f81c282-2f80-4c89-a3fd-484482b02720-127485161060160","trial_id":73,"system_attr":{"tpe:relative_params:0":"{\"gx\": 2, \"gy\": 8, \"k\": 16, \"m\": 128, \"n\": 64, \"sub\": 64}"}}
{"op_code":5,"worker_id":"3f81c282-2f80-4c89-a3fd-484482b02720-127485161060160","trial_id":73,"param_name":"m","param_value_internal":3,"distribution":"{\"name\": \"CategoricalDistribution\", \"attributes\": {\"choices\": [16, 32, 64, 128, 256]}}"}
{"op_code":5,"worker_id":"3f81c282-2f80-4c89-a3fd-484482b02720-127485161060160","trial_id":73,"param_name":"n","param_value_internal":2,"distribution":"{\"name\": \"CategoricalDistribution\", \"attributes\": {\"choices\": [16, 32, 64, 128, 256]}}"}
{"op_code":5,"worker_id":"3f81c282-2f80-4c89-a3fd-484482b02720-127485161060160","trial_id":73,"param_name":"k","param_value_internal":0,"distribution":"{\"name\": \"CategoricalDistribution\", \"attributes\": {\"choices\": [16, 32, 64, 128]}}"}
{"op_code":5,"worker_id":"3f81c282-2f80-4c89-a3fd-484482b02720-127485161060160","trial_id":73,"param_name":"gx","param_value_internal":1,"distribution":"{\"name\": \"CategoricalDistribution\", \"attributes\": {\"choices\": [1, 2, 4, 8]}}"}
{"op_code":5,"worker_id":"3f81c282-2f80-4c89-a3fd-484482b02720-127485161060160","trial_id":73,"param_name":"gy","param_value_internal":3,"distribution":"{\"name\": \"CategoricalDistribution\", \"attributes\": {\"choices\": [1, 2, 4, 8]}}"}
{"op_code":5,"worker_id":"3f81c282-2f80-4c89-a3fd-484482b02720-127485161060160","trial_id":73,"param_name":"sub","param_value_internal":1,"distribution":"{\"name\": \"CategoricalDistribution\", \"attributes\": {\"choices\": [32, 64]}}"}
{"op_code":6,"worker_id":"3f81c282-2f80-4c89-a3fd-484482b02720-127485161060160","trial_id":73,"state":2,"values":null,"datetime_complete":"2026-07-23T21:38:20.276149"}
{"op_code":4,"worker_id":"3f81c282-2f80-4c89-a3fd-484482b02720-127485161060160","study_id":0,"datetime_start":"2026-07-23T21:38:20.278140"}
{"op_code":9,"worker_id":"3f81c282-2f80-4c89-a3fd-484482b02720-127485161060160","trial_id":74,"system_attr":{"tpe:relative_params:0":"{\"gx\": 2, \"gy\": 2, \"k\": 64, \"m\": 256, \"n\": 64, \"sub\": 32}"}}
{"op_code":5,"worker_id":"3f81c282-2f80-4c89-a3fd-484482b02720-127485161060160","trial_id":74,"param_name":"m","param_value_internal":4,"distribution":"{\"name\": \"CategoricalDistribution\", \"attributes\": {\"choices\": [16, 32, 64, 128, 256]}}"}
{"op_code":5,"worker_id":"3f81c282-2f80-4c89-a3fd-484482b02720-127485161060160","trial_id":74,"param_name":"n","param_value_internal":2,"distribution":"{\"name\": \"CategoricalDistribution\", \"attributes\": {\"choices\": [16, 32, 64, 128, 256]}}"}
{"op_code":5,"worker_id":"3f81c282-2f80-4c89-a3fd-484482b02720-127485161060160","trial_id":74,"param_name":"k","param_value_internal":2,"distribution":"{\"name\": \"CategoricalDistribution\", \"attributes\": {\"choices\": [16, 32, 64, 128]}}"}
{"op_code":5,"worker_id":"3f81c282-2f80-4c89-a3fd-484482b02720-127485161060160","trial_id":74,"param_name":"gx","param_value_internal":1,"distribution":"{\"name\": \"CategoricalDistribution\", \"attributes\": {\"choices\": [1, 2, 4, 8]}}"}
{"op_code":5,"worker_id":"3f81c282-2f80-4c89-a3fd-484482b02720-127485161060160","trial_id":74,"param_name":"gy","param_value_internal":1,"distribution":"{\"name\": \"CategoricalDistribution\", \"attributes\": {\"choices\": [1, 2, 4, 8]}}"}
{"op_code":5,"worker_id":"3f81c282-2f80-4c89-a3fd-484482b02720-127485161060160","trial_id":74,"param_name":"sub","param_value_internal":0,"distribution":"{\"name\": \"CategoricalDistribution\", \"attributes\": {\"choices\": [32, 64]}}"}
{"op_code":6,"worker_id":"3f81c282-2f80-4c89-a3fd-484482b02720-127485161060160","trial_id":74,"state":2,"values":null,"datetime_complete":"2026-07-23T21:38:20.296875"}
{"op_code":4,"worker_id":"3f81c282-2f80-4c89-a3fd-484482b02720-127485161060160","study_id":0,"datetime_start":"2026-07-23T21:38:20.299041"}
{"op_code":9,"worker_id":"3f81c282-2f80-4c89-a3fd-484482b02720-127485161060160","trial_id":75,"system_attr":{"tpe:relative_params:0":"{\"gx\": 1, \"gy\": 2, \"k\": 16, \"m\": 128, \"n\": 64, \"sub\": 64}"}}
{"op_code":5,"worker_id":"3f81c282-2f80-4c89-a3fd-484482b02720-127485161060160","trial_id":75,"param_name":"m","param_value_internal":3,"distribution":"{\"name\": \"CategoricalDistribution\", \"attributes\": {\"choices\": [16, 32, 64, 128, 256]}}"}
{"op_code":5,"worker_id":"3f81c282-2f80-4c89-a3fd-484482b02720-127485161060160","trial_id":75,"param_name":"n","param_value_internal":2,"distribution":"{\"name\": \"CategoricalDistribution\", \"attributes\": {\"choices\": [16, 32, 64, 128, 256]}}"}
{"op_code":5,"worker_id":"3f81c282-2f80-4c89-a3fd-484482b02720-127485161060160","trial_id":75,"param_name":"k","param_value_internal":0,"distribution":"{\"name\": \"CategoricalDistribution\", \"attributes\": {\"choices\": [16, 32, 64, 128]}}"}
{"op_code":5,"worker_id":"3f81c282-2f80-4c89-a3fd-484482b02720-127485161060160","trial_id":75,"param_name":"gx","param_value_internal":0,"distribution":"{\"name\": \"CategoricalDistribution\", \"attributes\": {\"choices\": [1, 2, 4, 8]}}"}
{"op_code":5,"worker_id":"3f81c282-2f80-4c89-a3fd-484482b02720-127485161060160","trial_id":75,"param_name":"gy","param_value_internal":1,"distribution":"{\"name\": \"CategoricalDistribution\", \"attributes\": {\"choices\": [1, 2, 4, 8]}}"}
{"op_code":5,"worker_id":"3f81c282-2f80-4c89-a3fd-484482b02720-127485161060160","trial_id":75,"param_name":"sub","param_value_internal":1,"distribution":"{\"name\": \"CategoricalDistribution\", \"attributes\": {\"choices\": [32, 64]}}"}
{"op_code":8,"worker_id":"3f81c282-2f80-4c89-a3fd-484482b02720-127485161060160","trial_id":75,"user_attr":{"token":"tsweep_t128x64k16g12s64"}}
{"op_code":4,"worker_id":"3f81c282-2f80-4c89-a3fd-484482b02720-127485161060160","study_id":0,"datetime_start":"2026-07-23T21:38:20.318886"}
{"op_code":9,"worker_id":"3f81c282-2f80-4c89-a3fd-484482b02720-127485161060160","trial_id":76,"system_attr":{"tpe:relative_params:0":"{\"gx\": 2, \"gy\": 2, \"k\": 16, \"m\": 128, \"n\": 64, \"sub\": 32}"}}
{"op_code":5,"worker_id":"3f81c282-2f80-4c89-a3fd-484482b02720-127485161060160","trial_id":76,"param_name":"m","param_value_internal":3,"distribution":"{\"name\": \"CategoricalDistribution\", \"attributes\": {\"choices\": [16, 32, 64, 128, 256]}}"}
{"op_code":5,"worker_id":"3f81c282-2f80-4c89-a3fd-484482b02720-127485161060160","trial_id":76,"param_name":"n","param_value_internal":2,"distribution":"{\"name\": \"CategoricalDistribution\", \"attributes\": {\"choices\": [16, 32, 64, 128, 256]}}"}
{"op_code":5,"worker_id":"3f81c282-2f80-4c89-a3fd-484482b02720-127485161060160","trial_id":76,"param_name":"k","param_value_internal":0,"distribution":"{\"name\": \"CategoricalDistribution\", \"attributes\": {\"choices\": [16, 32, 64, 128]}}"}
{"op_code":5,"worker_id":"3f81c282-2f80-4c89-a3fd-484482b02720-127485161060160","trial_id":76,"param_name":"gx","param_value_internal":1,"distribution":"{\"name\": \"CategoricalDistribution\", \"attributes\": {\"choices\": [1, 2, 4, 8]}}"}
{"op_code":5,"worker_id":"3f81c282-2f80-4c89-a3fd-484482b02720-127485161060160","trial_id":76,"param_name":"gy","param_value_internal":1,"distribution":"{\"name\": \"CategoricalDistribution\", \"attributes\": {\"choices\": [1, 2, 4, 8]}}"}
{"op_code":5,"worker_id":"3f81c282-2f80-4c89-a3fd-484482b02720-127485161060160","trial_id":76,"param_name":"sub","param_value_internal":0,"distribution":"{\"name\": \"CategoricalDistribution\", \"attributes\": {\"choices\": [32, 64]}}"}
{"op_code":6,"worker_id":"3f81c282-2f80-4c89-a3fd-484482b02720-127485161060160","trial_id":76,"state":2,"values":null,"datetime_complete":"2026-07-23T21:38:20.339412"}
{"op_code":4,"worker_id":"3f81c282-2f80-4c89-a3fd-484482b02720-127485161060160","study_id":0,"datetime_start":"2026-07-23T21:38:20.341307"}
{"op_code":9,"worker_id":"3f81c282-2f80-4c89-a3fd-484482b02720-127485161060160","trial_id":77,"system_attr":{"tpe:relative_params:0":"{\"gx\": 8, \"gy\": 2, \"k\": 32, \"m\": 128, \"n\": 64, \"sub\": 64}"}}
{"op_code":5,"worker_id":"3f81c282-2f80-4c89-a3fd-484482b02720-127485161060160","trial_id":77,"param_name":"m","param_value_internal":3,"distribution":"{\"name\": \"CategoricalDistribution\", \"attributes\": {\"choices\": [16, 32, 64, 128, 256]}}"}
{"op_code":5,"worker_id":"3f81c282-2f80-4c89-a3fd-484482b02720-127485161060160","trial_id":77,"param_name":"n","param_value_internal":2,"distribution":"{\"name\": \"CategoricalDistribution\", \"attributes\": {\"choices\": [16, 32, 64, 128, 256]}}"}
{"op_code":5,"worker_id":"3f81c282-2f80-4c89-a3fd-484482b02720-127485161060160","trial_id":77,"param_name":"k","param_value_internal":1,"distribution":"{\"name\": \"CategoricalDistribution\", \"attributes\": {\"choices\": [16, 32, 64, 128]}}"}
{"op_code":5,"worker_id":"3f81c282-2f80-4c89-a3fd-484482b02720-127485161060160","trial_id":77,"param_name":"gx","param_value_internal":3,"distribution":"{\"name\": \"CategoricalDistribution\", \"attributes\": {\"choices\": [1, 2, 4, 8]}}"}
{"op_code":5,"worker_id":"3f81c282-2f80-4c89-a3fd-484482b02720-127485161060160","trial_id":77,"param_name":"gy","param_value_internal":1,"distribution":"{\"name\": \"CategoricalDistribution\", \"attributes\": {\"choices\": [1, 2, 4, 8]}}"}
{"op_code":5,"worker_id":"3f81c282-2f80-4c89-a3fd-484482b02720-127485161060160","trial_id":77,"param_name":"sub","param_value_internal":1,"distribution":"{\"name\": \"CategoricalDistribution\", \"attributes\": {\"choices\": [32, 64]}}"}
{"op_code":6,"worker_id":"3f81c282-2f80-4c89-a3fd-484482b02720-127485161060160","trial_id":77,"state":2,"values":null,"datetime_complete":"2026-07-23T21:38:20.360664"}
{"op_code":4,"worker_id":"3f81c282-2f80-4c89-a3fd-484482b02720-127485161060160","study_id":0,"datetime_start":"2026-07-23T21:38:20.362605"}
{"op_code":9,"worker_id":"3f81c282-2f80-4c89-a3fd-484482b02720-127485161060160","trial_id":78,"system_attr":{"tpe:relative_params:0":"{\"gx\": 8, \"gy\": 2, \"k\": 64, \"m\": 32, \"n\": 32, \"sub\": 32}"}}
{"op_code":5,"worker_id":"3f81c282-2f80-4c89-a3fd-484482b02720-127485161060160","trial_id":78,"param_name":"m","param_value_internal":1,"distribution":"{\"name\": \"CategoricalDistribution\", \"attributes\": {\"choices\": [16, 32, 64, 128, 256]}}"}
{"op_code":5,"worker_id":"3f81c282-2f80-4c89-a3fd-484482b02720-127485161060160","trial_id":78,"param_name":"n","param_value_internal":1,"distribution":"{\"name\": \"CategoricalDistribution\", \"attributes\": {\"choices\": [16, 32, 64, 128, 256]}}"}
{"op_code":5,"worker_id":"3f81c282-2f80-4c89-a3fd-484482b02720-127485161060160","trial_id":78,"param_name":"k","param_value_internal":2,"distribution":"{\"name\": \"CategoricalDistribution\", \"attributes\": {\"choices\": [16, 32, 64, 128]}}"}
{"op_code":5,"worker_id":"3f81c282-2f80-4c89-a3fd-484482b02720-127485161060160","trial_id":78,"param_name":"gx","param_value_internal":3,"distribution":"{\"name\": \"CategoricalDistribution\", \"attributes\": {\"choices\": [1, 2, 4, 8]}}"}
{"op_code":5,"worker_id":"3f81c282-2f80-4c89-a3fd-484482b02720-127485161060160","trial_id":78,"param_name":"gy","param_value_internal":1,"distribution":"{\"name\": \"CategoricalDistribution\", \"attributes\": {\"choices\": [1, 2, 4, 8]}}"}
{"op_code":5,"worker_id":"3f81c282-2f80-4c89-a3fd-484482b02720-127485161060160","trial_id":78,"param_name":"sub","param_value_internal":0,"distribution":"{\"name\": \"CategoricalDistribution\", \"attributes\": {\"choices\": [32, 64]}}"}
{"op_code":6,"worker_id":"3f81c282-2f80-4c89-a3fd-484482b02720-127485161060160","trial_id":78,"state":2,"values":null,"datetime_complete":"2026-07-23T21:38:20.380642"}
{"op_code":4,"worker_id":"3f81c282-2f80-4c89-a3fd-484482b02720-127485161060160","study_id":0,"datetime_start":"2026-07-23T21:38:20.382430"}
{"op_code":9,"worker_id":"3f81c282-2f80-4c89-a3fd-484482b02720-127485161060160","trial_id":79,"system_attr":{"tpe:relative_params:0":"{\"gx\": 8, \"gy\": 4, \"k\": 32, \"m\": 128, \"n\": 64, \"sub\": 32}"}}
{"op_code":5,"worker_id":"3f81c282-2f80-4c89-a3fd-484482b02720-127485161060160","trial_id":79,"param_name":"m","param_value_internal":3,"distribution":"{\"name\": \"CategoricalDistribution\", \"attributes\": {\"choices\": [16, 32, 64, 128, 256]}}"}
{"op_code":5,"worker_id":"3f81c282-2f80-4c89-a3fd-484482b02720-127485161060160","trial_id":79,"param_name":"n","param_value_internal":2,"distribution":"{\"name\": \"CategoricalDistribution\", \"attributes\": {\"choices\": [16, 32, 64, 128, 256]}}"}
{"op_code":5,"worker_id":"3f81c282-2f80-4c89-a3fd-484482b02720-127485161060160","trial_id":79,"param_name":"k","param_value_internal":1,"distribution":"{\"name\": \"CategoricalDistribution\", \"attributes\": {\"choices\": [16, 32, 64, 128]}}"}
{"op_code":5,"worker_id":"3f81c282-2f80-4c89-a3fd-484482b02720-127485161060160","trial_id":79,"param_name":"gx","param_value_internal":3,"distribution":"{\"name\": \"CategoricalDistribution\", \"attributes\": {\"choices\": [1, 2, 4, 8]}}"}
{"op_code":5,"worker_id":"3f81c282-2f80-4c89-a3fd-484482b02720-127485161060160","trial_id":79,"param_name":"gy","param_value_internal":2,"distribution":"{\"name\": \"CategoricalDistribution\", \"attributes\": {\"choices\": [1, 2, 4, 8]}}"}
{"op_code":5,"worker_id":"3f81c282-2f80-4c89-a3fd-484482b02720-127485161060160","trial_id":79,"param_name":"sub","param_value_internal":0,"distribution":"{\"name\": \"CategoricalDistribution\", \"attributes\": {\"choices\": [32, 64]}}"}
{"op_code":6,"worker_id":"3f81c282-2f80-4c89-a3fd-484482b02720-127485161060160","trial_id":79,"state":2,"values":null,"datetime_complete":"2026-07-23T21:38:20.405715"}
{"op_code":4,"worker_id":"3f81c282-2f80-4c89-a3fd-484482b02720-127485161060160","study_id":0,"datetime_start":"2026-07-23T21:38:20.408377"}
{"op_code":9,"worker_id":"3f81c282-2f80-4c89-a3fd-484482b02720-127485161060160","trial_id":80,"system_attr":{"tpe:relative_params:0":"{\"gx\": 2, \"gy\": 1, \"k\": 64, \"m\": 32, \"n\": 32, \"sub\": 32}"}}
{"op_code":5,"worker_id":"3f81c282-2f80-4c89-a3fd-484482b02720-127485161060160","trial_id":80,"param_name":"m","param_value_internal":1,"distribution":"{\"name\": \"CategoricalDistribution\", \"attributes\": {\"choices\": [16, 32, 64, 128, 256]}}"}
{"op_code":5,"worker_id":"3f81c282-2f80-4c89-a3fd-484482b02720-127485161060160","trial_id":80,"param_name":"n","param_value_internal":1,"distribution":"{\"name\": \"CategoricalDistribution\", \"attributes\": {\"choices\": [16, 32, 64, 128, 256]}}"}
{"op_code":5,"worker_id":"3f81c282-2f80-4c89-a3fd-484482b02720-127485161060160","trial_id":80,"param_name":"k","param_value_internal":2,"distribution":"{\"name\": \"CategoricalDistribution\", \"attributes\": {\"choices\": [16, 32, 64, 128]}}"}
{"op_code":5,"worker_id":"3f81c282-2f80-4c89-a3fd-484482b02720-127485161060160","trial_id":80,"param_name":"gx","param_value_internal":1,"distribution":"{\"name\": \"CategoricalDistribution\", \"attributes\": {\"choices\": [1, 2, 4, 8]}}"}
{"op_code":5,"worker_id":"3f81c282-2f80-4c89-a3fd-484482b02720-127485161060160","trial_id":80,"param_name":"gy","param_value_internal":0,"distribution":"{\"name\": \"CategoricalDistribution\", \"attributes\": {\"choices\": [1, 2, 4, 8]}}"}
{"op_code":5,"worker_id":"3f81c282-2f80-4c89-a3fd-484482b02720-127485161060160","trial_id":80,"param_name":"sub","param_value_internal":0,"distribution":"{\"name\": \"CategoricalDistribution\", \"attributes\": {\"choices\": [32, 64]}}"}
{"op_code":8,"worker_id":"3f81c282-2f80-4c89-a3fd-484482b02720-127485161060160","trial_id":80,"user_attr":{"token":"tsweep_t32x32k64g21s32"}}
{"op_code":6,"worker_id":"3f81c282-2f80-4c89-a3fd-484482b02720-127485161060160","trial_id":50,"state":1,"values":[788.4590000000001],"datetime_complete":"2026-07-23T21:39:16.468855"}
{"op_code":6,"worker_id":"3f81c282-2f80-4c89-a3fd-484482b02720-127485161060160","trial_id":51,"state":1,"values":[788.3505],"datetime_complete":"2026-07-23T21:39:43.587993"}
{"op_code":6,"worker_id":"3f81c282-2f80-4c89-a3fd-484482b02720-127485161060160","trial_id":54,"state":1,"values":[896.7345],"datetime_complete":"2026-07-23T21:40:10.854444"}
{"op_code":6,"worker_id":"3f81c282-2f80-4c89-a3fd-484482b02720-127485161060160","trial_id":57,"state":1,"values":[756.5944999999999],"datetime_complete":"2026-07-23T21:40:38.566565"}
{"op_code":6,"worker_id":"3f81c282-2f80-4c89-a3fd-484482b02720-127485161060160","trial_id":60,"state":1,"values":[664.6179999999999],"datetime_complete":"2026-07-23T21:41:09.461914"}
{"op_code":6,"worker_id":"3f81c282-2f80-4c89-a3fd-484482b02720-127485161060160","trial_id":62,"state":1,"values":[583.809],"datetime_complete":"2026-07-23T21:41:38.189800"}
{"op_code":6,"worker_id":"3f81c282-2f80-4c89-a3fd-484482b02720-127485161060160","trial_id":65,"state":1,"values":[812.9355],"datetime_complete":"2026-07-23T21:42:05.136334"}
{"op_code":6,"worker_id":"3f81c282-2f80-4c89-a3fd-484482b02720-127485161060160","trial_id":68,"state":1,"values":[631.5315],"datetime_complete":"2026-07-23T21:42:43.903124"}
{"op_code":6,"worker_id":"3f81c282-2f80-4c89-a3fd-484482b02720-127485161060160","trial_id":75,"state":1,"values":[797.6555000000001],"datetime_complete":"2026-07-23T21:43:12.033845"}
{"op_code":6,"worker_id":"3f81c282-2f80-4c89-a3fd-484482b02720-127485161060160","trial_id":80,"state":1,"values":[495.345],"datetime_complete":"2026-07-23T21:43:42.820693"}
{"op_code":4,"worker_id":"3f81c282-2f80-4c89-a3fd-484482b02720-127485161060160","study_id":0,"datetime_start":"2026-07-23T21:43:42.823279"}
{"op_code":9,"worker_id":"3f81c282-2f80-4c89-a3fd-484482b02720-127485161060160","trial_id":81,"system_attr":{"tpe:relative_params:0":"{\"gx\": 2, \"gy\": 1, \"k\": 16, \"m\": 64, \"n\": 128, \"sub\": 32}"}}
{"op_code":5,"worker_id":"3f81c282-2f80-4c89-a3fd-484482b02720-127485161060160","trial_id":81,"param_name":"m","param_value_internal":2,"distribution":"{\"name\": \"CategoricalDistribution\", \"attributes\": {\"choices\": [16, 32, 64, 128, 256]}}"}
{"op_code":5,"worker_id":"3f81c282-2f80-4c89-a3fd-484482b02720-127485161060160","trial_id":81,"param_name":"n","param_value_internal":3,"distribution":"{\"name\": \"CategoricalDistribution\", \"attributes\": {\"choices\": [16, 32, 64, 128, 256]}}"}
{"op_code":5,"worker_id":"3f81c282-2f80-4c89-a3fd-484482b02720-127485161060160","trial_id":81,"param_name":"k","param_value_internal":0,"distribution":"{\"name\": \"CategoricalDistribution\", \"attributes\": {\"choices\": [16, 32, 64, 128]}}"}
{"op_code":5,"worker_id":"3f81c282-2f80-4c89-a3fd-484482b02720-127485161060160","trial_id":81,"param_name":"gx","param_value_internal":1,"distribution":"{\"name\": \"CategoricalDistribution\", \"attributes\": {\"choices\": [1, 2, 4, 8]}}"}
{"op_code":5,"worker_id":"3f81c282-2f80-4c89-a3fd-484482b02720-127485161060160","trial_id":81,"param_name":"gy","param_value_internal":0,"distribution":"{\"name\": \"CategoricalDistribution\", \"attributes\": {\"choices\": [1, 2, 4, 8]}}"}
{"op_code":5,"worker_id":"3f81c282-2f80-4c89-a3fd-484482b02720-127485161060160","trial_id":81,"param_name":"sub","param_value_internal":0,"distribution":"{\"name\": \"CategoricalDistribution\", \"attributes\": {\"choices\": [32, 64]}}"}
{"op_code":6,"worker_id":"3f81c282-2f80-4c89-a3fd-484482b02720-127485161060160","trial_id":81,"state":2,"values":null,"datetime_complete":"2026-07-23T21:43:42.843419"}
{"op_code":4,"worker_id":"3f81c282-2f80-4c89-a3fd-484482b02720-127485161060160","study_id":0,"datetime_start":"2026-07-23T21:43:42.845283"}
{"op_code":9,"worker_id":"3f81c282-2f80-4c89-a3fd-484482b02720-127485161060160","trial_id":82,"system_attr":{"tpe:relative_params:0":"{\"gx\": 4, \"gy\": 1, \"k\": 32, \"m\": 64, \"n\": 128, \"sub\": 32}"}}
{"op_code":5,"worker_id":"3f81c282-2f80-4c89-a3fd-484482b02720-127485161060160","trial_id":82,"param_name":"m","param_value_internal":2,"distribution":"{\"name\": \"CategoricalDistribution\", \"attributes\": {\"choices\": [16, 32, 64, 128, 256]}}"}
{"op_code":5,"worker_id":"3f81c282-2f80-4c89-a3fd-484482b02720-127485161060160","trial_id":82,"param_name":"n","param_value_internal":3,"distribution":"{\"name\": \"CategoricalDistribution\", \"attributes\": {\"choices\": [16, 32, 64, 128, 256]}}"}
{"op_code":5,"worker_id":"3f81c282-2f80-4c89-a3fd-484482b02720-127485161060160","trial_id":82,"param_name":"k","param_value_internal":1,"distribution":"{\"name\": \"CategoricalDistribution\", \"attributes\": {\"choices\": [16, 32, 64, 128]}}"}
{"op_code":5,"worker_id":"3f81c282-2f80-4c89-a3fd-484482b02720-127485161060160","trial_id":82,"param_name":"gx","param_value_internal":2,"distribution":"{\"name\": \"CategoricalDistribution\", \"attributes\": {\"choices\": [1, 2, 4, 8]}}"}
{"op_code":5,"worker_id":"3f81c282-2f80-4c89-a3fd-484482b02720-127485161060160","trial_id":82,"param_name":"gy","param_value_internal":0,"distribution":"{\"name\": \"CategoricalDistribution\", \"attributes\": {\"choices\": [1, 2, 4, 8]}}"}
{"op_code":5,"worker_id":"3f81c282-2f80-4c89-a3fd-484482b02720-127485161060160","trial_id":82,"param_name":"sub","param_value_internal":0,"distribution":"{\"name\": \"CategoricalDistribution\", \"attributes\": {\"choices\": [32, 64]}}"}
{"op_code":6,"worker_id":"3f81c282-2f80-4c89-a3fd-484482b02720-127485161060160","trial_id":82,"state":2,"values":null,"datetime_complete":"2026-07-23T21:43:42.864836"}
{"op_code":4,"worker_id":"3f81c282-2f80-4c89-a3fd-484482b02720-127485161060160","study_id":0,"datetime_start":"2026-07-23T21:43:42.866806"}
{"op_code":9,"worker_id":"3f81c282-2f80-4c89-a3fd-484482b02720-127485161060160","trial_id":83,"system_attr":{"tpe:relative_params:0":"{\"gx\": 1, \"gy\": 2, \"k\": 16, \"m\": 128, \"n\": 64, \"sub\": 64}"}}
{"op_code":5,"worker_id":"3f81c282-2f80-4c89-a3fd-484482b02720-127485161060160","trial_id":83,"param_name":"m","param_value_internal":3,"distribution":"{\"name\": \"CategoricalDistribution\", \"attributes\": {\"choices\": [16, 32, 64, 128, 256]}}"}
{"op_code":5,"worker_id":"3f81c282-2f80-4c89-a3fd-484482b02720-127485161060160","trial_id":83,"param_name":"n","param_value_internal":2,"distribution":"{\"name\": \"CategoricalDistribution\", \"attributes\": {\"choices\": [16, 32, 64, 128, 256]}}"}
{"op_code":5,"worker_id":"3f81c282-2f80-4c89-a3fd-484482b02720-127485161060160","trial_id":83,"param_name":"k","param_value_internal":0,"distribution":"{\"name\": \"CategoricalDistribution\", \"attributes\": {\"choices\": [16, 32, 64, 128]}}"}
{"op_code":5,"worker_id":"3f81c282-2f80-4c89-a3fd-484482b02720-127485161060160","trial_id":83,"param_name":"gx","param_value_internal":0,"distribution":"{\"name\": \"CategoricalDistribution\", \"attributes\": {\"choices\": [1, 2, 4, 8]}}"}
{"op_code":5,"worker_id":"3f81c282-2f80-4c89-a3fd-484482b02720-127485161060160","trial_id":83,"param_name":"gy","param_value_internal":1,"distribution":"{\"name\": \"CategoricalDistribution\", \"attributes\": {\"choices\": [1, 2, 4, 8]}}"}
{"op_code":5,"worker_id":"3f81c282-2f80-4c89-a3fd-484482b02720-127485161060160","trial_id":83,"param_name":"sub","param_value_internal":1,"distribution":"{\"name\": \"CategoricalDistribution\", \"attributes\": {\"choices\": [32, 64]}}"}
{"op_code":6,"worker_id":"3f81c282-2f80-4c89-a3fd-484482b02720-127485161060160","trial_id":83,"state":2,"values":null,"datetime_complete":"2026-07-23T21:43:42.887080"}
{"op_code":4,"worker_id":"3f81c282-2f80-4c89-a3fd-484482b02720-127485161060160","study_id":0,"datetime_start":"2026-07-23T21:43:42.889102"}
{"op_code":9,"worker_id":"3f81c282-2f80-4c89-a3fd-484482b02720-127485161060160","trial_id":84,"system_attr":{"tpe:relative_params:0":"{\"gx\": 2, \"gy\": 1, \"k\": 16, \"m\": 128, \"n\": 64, \"sub\": 32}"}}
{"op_code":5,"worker_id":"3f81c282-2f80-4c89-a3fd-484482b02720-127485161060160","trial_id":84,"param_name":"m","param_value_internal":3,"distribution":"{\"name\": \"CategoricalDistribution\", \"attributes\": {\"choices\": [16, 32, 64, 128, 256]}}"}
{"op_code":5,"worker_id":"3f81c282-2f80-4c89-a3fd-484482b02720-127485161060160","trial_id":84,"param_name":"n","param_value_internal":2,"distribution":"{\"name\": \"CategoricalDistribution\", \"attributes\": {\"choices\": [16, 32, 64, 128, 256]}}"}
{"op_code":5,"worker_id":"3f81c282-2f80-4c89-a3fd-484482b02720-127485161060160","trial_id":84,"param_name":"k","param_value_internal":0,"distribution":"{\"name\": \"CategoricalDistribution\", \"attributes\": {\"choices\": [16, 32, 64, 128]}}"}
{"op_code":5,"worker_id":"3f81c282-2f80-4c89-a3fd-484482b02720-127485161060160","trial_id":84,"param_name":"gx","param_value_internal":1,"distribution":"{\"name\": \"CategoricalDistribution\", \"attributes\": {\"choices\": [1, 2, 4, 8]}}"}
{"op_code":5,"worker_id":"3f81c282-2f80-4c89-a3fd-484482b02720-127485161060160","trial_id":84,"param_name":"gy","param_value_internal":0,"distribution":"{\"name\": \"CategoricalDistribution\", \"attributes\": {\"choices\": [1, 2, 4, 8]}}"}
{"op_code":5,"worker_id":"3f81c282-2f80-4c89-a3fd-484482b02720-127485161060160","trial_id":84,"param_name":"sub","param_value_internal":0,"distribution":"{\"name\": \"CategoricalDistribution\", \"attributes\": {\"choices\": [32, 64]}}"}
{"op_code":6,"worker_id":"3f81c282-2f80-4c89-a3fd-484482b02720-127485161060160","trial_id":84,"state":2,"values":null,"datetime_complete":"2026-07-23T21:43:42.908971"}
{"op_code":4,"worker_id":"3f81c282-2f80-4c89-a3fd-484482b02720-127485161060160","study_id":0,"datetime_start":"2026-07-23T21:43:42.911125"}
{"op_code":9,"worker_id":"3f81c282-2f80-4c89-a3fd-484482b02720-127485161060160","trial_id":85,"system_attr":{"tpe:relative_params:0":"{\"gx\": 4, \"gy\": 1, \"k\": 16, \"m\": 64, \"n\": 128, \"sub\": 32}"}}
{"op_code":5,"worker_id":"3f81c282-2f80-4c89-a3fd-484482b02720-127485161060160","trial_id":85,"param_name":"m","param_value_internal":2,"distribution":"{\"name\": \"CategoricalDistribution\", \"attributes\": {\"choices\": [16, 32, 64, 128, 256]}}"}
{"op_code":5,"worker_id":"3f81c282-2f80-4c89-a3fd-484482b02720-127485161060160","trial_id":85,"param_name":"n","param_value_internal":3,"distribution":"{\"name\": \"CategoricalDistribution\", \"attributes\": {\"choices\": [16, 32, 64, 128, 256]}}"}
{"op_code":5,"worker_id":"3f81c282-2f80-4c89-a3fd-484482b02720-127485161060160","trial_id":85,"param_name":"k","param_value_internal":0,"distribution":"{\"name\": \"CategoricalDistribution\", \"attributes\": {\"choices\": [16, 32, 64, 128]}}"}
{"op_code":5,"worker_id":"3f81c282-2f80-4c89-a3fd-484482b02720-127485161060160","trial_id":85,"param_name":"gx","param_value_internal":2,"distribution":"{\"name\": \"CategoricalDistribution\", \"attributes\": {\"choices\": [1, 2, 4, 8]}}"}
{"op_code":5,"worker_id":"3f81c282-2f80-4c89-a3fd-484482b02720-127485161060160","trial_id":85,"param_name":"gy","param_value_internal":0,"distribution":"{\"name\": \"CategoricalDistribution\", \"attributes\": {\"choices\": [1, 2, 4, 8]}}"}
{"op_code":5,"worker_id":"3f81c282-2f80-4c89-a3fd-484482b02720-127485161060160","trial_id":85,"param_name":"sub","param_value_internal":0,"distribution":"{\"name\": \"CategoricalDistribution\", \"attributes\": {\"choices\": [32, 64]}}"}
{"op_code":6,"worker_id":"3f81c282-2f80-4c89-a3fd-484482b02720-127485161060160","trial_id":85,"state":2,"values":null,"datetime_complete":"2026-07-23T21:43:42.930902"}
{"op_code":4,"worker_id":"3f81c282-2f80-4c89-a3fd-484482b02720-127485161060160","study_id":0,"datetime_start":"2026-07-23T21:43:42.932997"}
{"op_code":9,"worker_id":"3f81c282-2f80-4c89-a3fd-484482b02720-127485161060160","trial_id":86,"system_attr":{"tpe:relative_params:0":"{\"gx\": 2, \"gy\": 2, \"k\": 64, \"m\": 128, \"n\": 128, \"sub\": 32}"}}
{"op_code":5,"worker_id":"3f81c282-2f80-4c89-a3fd-484482b02720-127485161060160","trial_id":86,"param_name":"m","param_value_internal":3,"distribution":"{\"name\": \"CategoricalDistribution\", \"attributes\": {\"choices\": [16, 32, 64, 128, 256]}}"}
{"op_code":5,"worker_id":"3f81c282-2f80-4c89-a3fd-484482b02720-127485161060160","trial_id":86,"param_name":"n","param_value_internal":3,"distribution":"{\"name\": \"CategoricalDistribution\", \"attributes\": {\"choices\": [16, 32, 64, 128, 256]}}"}
{"op_code":5,"worker_id":"3f81c282-2f80-4c89-a3fd-484482b02720-127485161060160","trial_id":86,"param_name":"k","param_value_internal":2,"distribution":"{\"name\": \"CategoricalDistribution\", \"attributes\": {\"choices\": [16, 32, 64, 128]}}"}
{"op_code":5,"worker_id":"3f81c282-2f80-4c89-a3fd-484482b02720-127485161060160","trial_id":86,"param_name":"gx","param_value_internal":1,"distribution":"{\"name\": \"CategoricalDistribution\", \"attributes\": {\"choices\": [1, 2, 4, 8]}}"}
{"op_code":5,"worker_id":"3f81c282-2f80-4c89-a3fd-484482b02720-127485161060160","trial_id":86,"param_name":"gy","param_value_internal":1,"distribution":"{\"name\": \"CategoricalDistribution\", \"attributes\": {\"choices\": [1, 2, 4, 8]}}"}
{"op_code":5,"worker_id":"3f81c282-2f80-4c89-a3fd-484482b02720-127485161060160","trial_id":86,"param_name":"sub","param_value_internal":0,"distribution":"{\"name\": \"CategoricalDistribution\", \"attributes\": {\"choices\": [32, 64]}}"}
{"op_code":6,"worker_id":"3f81c282-2f80-4c89-a3fd-484482b02720-127485161060160","trial_id":86,"state":2,"values":null,"datetime_complete":"2026-07-23T21:43:42.953590"}
{"op_code":4,"worker_id":"3f81c282-2f80-4c89-a3fd-484482b02720-127485161060160","study_id":0,"datetime_start":"2026-07-23T21:43:42.955694"}
{"op_code":9,"worker_id":"3f81c282-2f80-4c89-a3fd-484482b02720-127485161060160","trial_id":87,"system_attr":{"tpe:relative_params:0":"{\"gx\": 2, \"gy\": 2, \"k\": 16, \"m\": 128, \"n\": 128, \"sub\": 32}"}}
{"op_code":5,"worker_id":"3f81c282-2f80-4c89-a3fd-484482b02720-127485161060160","trial_id":87,"param_name":"m","param_value_internal":3,"distribution":"{\"name\": \"CategoricalDistribution\", \"attributes\": {\"choices\": [16, 32, 64, 128, 256]}}"}
{"op_code":5,"worker_id":"3f81c282-2f80-4c89-a3fd-484482b02720-127485161060160","trial_id":87,"param_name":"n","param_value_internal":3,"distribution":"{\"name\": \"CategoricalDistribution\", \"attributes\": {\"choices\": [16, 32, 64, 128, 256]}}"}
{"op_code":5,"worker_id":"3f81c282-2f80-4c89-a3fd-484482b02720-127485161060160","trial_id":87,"param_name":"k","param_value_internal":0,"distribution":"{\"name\": \"CategoricalDistribution\", \"attributes\": {\"choices\": [16, 32, 64, 128]}}"}
{"op_code":5,"worker_id":"3f81c282-2f80-4c89-a3fd-484482b02720-127485161060160","trial_id":87,"param_name":"gx","param_value_internal":1,"distribution":"{\"name\": \"CategoricalDistribution\", \"attributes\": {\"choices\": [1, 2, 4, 8]}}"}
{"op_code":5,"worker_id":"3f81c282-2f80-4c89-a3fd-484482b02720-127485161060160","trial_id":87,"param_name":"gy","param_value_internal":1,"distribution":"{\"name\": \"CategoricalDistribution\", \"attributes\": {\"choices\": [1, 2, 4, 8]}}"}
{"op_code":5,"worker_id":"3f81c282-2f80-4c89-a3fd-484482b02720-127485161060160","trial_id":87,"param_name":"sub","param_value_internal":0,"distribution":"{\"name\": \"CategoricalDistribution\", \"attributes\": {\"choices\": [32, 64]}}"}
{"op_code":6,"worker_id":"3f81c282-2f80-4c89-a3fd-484482b02720-127485161060160","trial_id":87,"state":2,"values":null,"datetime_complete":"2026-07-23T21:43:42.974845"}
{"op_code":4,"worker_id":"3f81c282-2f80-4c89-a3fd-484482b02720-127485161060160","study_id":0,"datetime_start":"2026-07-23T21:43:42.976690"}
{"op_code":9,"worker_id":"3f81c282-2f80-4c89-a3fd-484482b02720-127485161060160","trial_id":88,"system_attr":{"tpe:relative_params:0":"{\"gx\": 8, \"gy\": 1, \"k\": 64, \"m\": 64, \"n\": 128, \"sub\": 32}"}}
{"op_code":5,"worker_id":"3f81c282-2f80-4c89-a3fd-484482b02720-127485161060160","trial_id":88,"param_name":"m","param_value_internal":2,"distribution":"{\"name\": \"CategoricalDistribution\", \"attributes\": {\"choices\": [16, 32, 64, 128, 256]}}"}
{"op_code":5,"worker_id":"3f81c282-2f80-4c89-a3fd-484482b02720-127485161060160","trial_id":88,"param_name":"n","param_value_internal":3,"distribution":"{\"name\": \"CategoricalDistribution\", \"attributes\": {\"choices\": [16, 32, 64, 128, 256]}}"}
{"op_code":5,"worker_id":"3f81c282-2f80-4c89-a3fd-484482b02720-127485161060160","trial_id":88,"param_name":"k","param_value_internal":2,"distribution":"{\"name\": \"CategoricalDistribution\", \"attributes\": {\"choices\": [16, 32, 64, 128]}}"}
{"op_code":5,"worker_id":"3f81c282-2f80-4c89-a3fd-484482b02720-127485161060160","trial_id":88,"param_name":"gx","param_value_internal":3,"distribution":"{\"name\": \"CategoricalDistribution\", \"attributes\": {\"choices\": [1, 2, 4, 8]}}"}
{"op_code":5,"worker_id":"3f81c282-2f80-4c89-a3fd-484482b02720-127485161060160","trial_id":88,"param_name":"gy","param_value_internal":0,"distribution":"{\"name\": \"CategoricalDistribution\", \"attributes\": {\"choices\": [1, 2, 4, 8]}}"}
{"op_code":5,"worker_id":"3f81c282-2f80-4c89-a3fd-484482b02720-127485161060160","trial_id":88,"param_name":"sub","param_value_internal":0,"distribution":"{\"name\": \"CategoricalDistribution\", \"attributes\": {\"choices\": [32, 64]}}"}
{"op_code":8,"worker_id":"3f81c282-2f80-4c89-a3fd-484482b02720-127485161060160","trial_id":88,"user_attr":{"token":"tsweep_t64x128k64g81s32"}}
{"op_code":6,"worker_id":"3f81c282-2f80-4c89-a3fd-484482b02720-127485161060160","trial_id":88,"state":1,"values":[682.2155],"datetime_complete":"2026-07-23T21:44:39.727354"}
