{"op_code":0,"worker_id":"5f9335b3-0e2c-48c5-b5ec-8f16a23a772a-135414175008576","study_name":"dq8ca_samsung-xclipse-970","directions":[2]}
{"op_code":4,"worker_id":"5f9335b3-0e2c-48c5-b5ec-8f16a23a772a-135414175008576","study_id":0,"datetime_start":null,"state":4,"value":null,"values":null,"distributions":{},"params":{},"user_attrs":{},"system_attrs":{"fixed_params":{"m":64,"n":128,"k":32,"gx":4,"gy":1,"sub":32}},"intermediate_values":{}}
{"op_code":4,"worker_id":"5f9335b3-0e2c-48c5-b5ec-8f16a23a772a-135414175008576","study_id":0,"datetime_start":null,"state":4,"value":null,"values":null,"distributions":{},"params":{},"user_attrs":{},"system_attrs":{"fixed_params":{"m":64,"n":32,"k":32,"gx":1,"gy":2,"sub":64}},"intermediate_values":{}}
{"op_code":6,"worker_id":"5f9335b3-0e2c-48c5-b5ec-8f16a23a772a-135414175008576","trial_id":0,"state":0,"values":null,"datetime_start":"2026-07-23T21:48:23.533620"}
{"op_code":5,"worker_id":"5f9335b3-0e2c-48c5-b5ec-8f16a23a772a-135414175008576","trial_id":0,"param_name":"m","param_value_internal":2,"distribution":"{\"name\": \"CategoricalDistribution\", \"attributes\": {\"choices\": [16, 32, 64, 128, 256]}}"}
{"op_code":5,"worker_id":"5f9335b3-0e2c-48c5-b5ec-8f16a23a772a-135414175008576","trial_id":0,"param_name":"n","param_value_internal":3,"distribution":"{\"name\": \"CategoricalDistribution\", \"attributes\": {\"choices\": [16, 32, 64, 128, 256]}}"}
{"op_code":5,"worker_id":"5f9335b3-0e2c-48c5-b5ec-8f16a23a772a-135414175008576","trial_id":0,"param_name":"k","param_value_internal":1,"distribution":"{\"name\": \"CategoricalDistribution\", \"attributes\": {\"choices\": [16, 32, 64, 128]}}"}
{"op_code":5,"worker_id":"5f9335b3-0e2c-48c5-b5ec-8f16a23a772a-135414175008576","trial_id":0,"param_name":"gx","param_value_internal":2,"distribution":"{\"name\": \"CategoricalDistribution\", \"attributes\": {\"choices\": [1, 2, 4, 8]}}"}
{"op_code":5,"worker_id":"5f9335b3-0e2c-48c5-b5ec-8f16a23a772a-135414175008576","trial_id":0,"param_name":"gy","param_value_internal":0,"distribution":"{\"name\": \"CategoricalDistribution\", \"attributes\": {\"choices\": [1, 2, 4, 8]}}"}
{"op_code":5,"worker_id":"5f9335b3-0e2c-48c5-b5ec-8f16a23a772a-135414175008576","trial_id":0,"param_name":"sub","param_value_internal":0,"distribution":"{\"name\": \"CategoricalDistribution\", \"attributes\": {\"choices\": [32, 64]}}"}
{"op_code":6,"worker_id":"5f9335b3-0e2c-48c5-b5ec-8f16a23a772a-135414175008576","trial_id":0,"state":2,"values":null,"datetime_complete":"2026-07-23T21:48:23.545704"}
{"op_code":6,"worker_id":"5f9335b3-0e2c-48c5-b5ec-8f16a23a772a-135414175008576","trial_id":1,"state":0,"values":null,"datetime_start":"2026-07-23T21:48:23.548447"}
{"op_code":5,"worker_id":"5f9335b3-0e2c-48c5-b5ec-8f16a23a772a-135414175008576","trial_id":1,"param_name":"m","param_value_internal":2,"distribution":"{\"name\": \"CategoricalDistribution\", \"attributes\": {\"choices\": [16, 32, 64, 128, 256]}}"}
{"op_code":5,"worker_id":"5f9335b3-0e2c-48c5-b5ec-8f16a23a772a-135414175008576","trial_id":1,"param_name":"n","param_value_internal":1,"distribution":"{\"name\": \"CategoricalDistribution\", \"attributes\": {\"choices\": [16, 32, 64, 128, 256]}}"}
{"op_code":5,"worker_id":"5f9335b3-0e2c-48c5-b5ec-8f16a23a772a-135414175008576","trial_id":1,"param_name":"k","param_value_internal":1,"distribution":"{\"name\": \"CategoricalDistribution\", \"attributes\": {\"choices\": [16, 32, 64, 128]}}"}
{"op_code":5,"worker_id":"5f9335b3-0e2c-48c5-b5ec-8f16a23a772a-135414175008576","trial_id":1,"param_name":"gx","param_value_internal":0,"distribution":"{\"name\": \"CategoricalDistribution\", \"attributes\": {\"choices\": [1, 2, 4, 8]}}"}
{"op_code":5,"worker_id":"5f9335b3-0e2c-48c5-b5ec-8f16a23a772a-135414175008576","trial_id":1,"param_name":"gy","param_value_internal":1,"distribution":"{\"name\": \"CategoricalDistribution\", \"attributes\": {\"choices\": [1, 2, 4, 8]}}"}
{"op_code":5,"worker_id":"5f9335b3-0e2c-48c5-b5ec-8f16a23a772a-135414175008576","trial_id":1,"param_name":"sub","param_value_internal":1,"distribution":"{\"name\": \"CategoricalDistribution\", \"attributes\": {\"choices\": [32, 64]}}"}
{"op_code":8,"worker_id":"5f9335b3-0e2c-48c5-b5ec-8f16a23a772a-135414175008576","trial_id":1,"user_attr":{"token":"tsweep_t64x32k32g12s64"}}
{"op_code":4,"worker_id":"5f9335b3-0e2c-48c5-b5ec-8f16a23a772a-135414175008576","study_id":0,"datetime_start":"2026-07-23T21:48:23.565943"}
{"op_code":5,"worker_id":"5f9335b3-0e2c-48c5-b5ec-8f16a23a772a-135414175008576","trial_id":2,"param_name":"m","param_value_internal":2,"distribution":"{\"name\": \"CategoricalDistribution\", \"attributes\": {\"choices\": [16, 32, 64, 128, 256]}}"}
{"op_code":5,"worker_id":"5f9335b3-0e2c-48c5-b5ec-8f16a23a772a-135414175008576","trial_id":2,"param_name":"n","param_value_internal":3,"distribution":"{\"name\": \"CategoricalDistribution\", \"attributes\": {\"choices\": [16, 32, 64, 128, 256]}}"}
{"op_code":5,"worker_id":"5f9335b3-0e2c-48c5-b5ec-8f16a23a772a-135414175008576","trial_id":2,"param_name":"k","param_value_internal":0,"distribution":"{\"name\": \"CategoricalDistribution\", \"attributes\": {\"choices\": [16, 32, 64, 128]}}"}
{"op_code":5,"worker_id":"5f9335b3-0e2c-48c5-b5ec-8f16a23a772a-135414175008576","trial_id":2,"param_name":"gx","param_value_internal":3,"distribution":"{\"name\": \"CategoricalDistribution\", \"attributes\": {\"choices\": [1, 2, 4, 8]}}"}
{"op_code":5,"worker_id":"5f9335b3-0e2c-48c5-b5ec-8f16a23a772a-135414175008576","trial_id":2,"param_name":"gy","param_value_internal":2,"distribution":"{\"name\": \"CategoricalDistribution\", \"attributes\": {\"choices\": [1, 2, 4, 8]}}"}
{"op_code":5,"worker_id":"5f9335b3-0e2c-48c5-b5ec-8f16a23a772a-135414175008576","trial_id":2,"param_name":"sub","param_value_internal":0,"distribution":"{\"name\": \"CategoricalDistribution\", \"attributes\": {\"choices\": [32, 64]}}"}
{"op_code":6,"worker_id":"5f9335b3-0e2c-48c5-b5ec-8f16a23a772a-135414175008576","trial_id":2,"state":2,"values":null,"datetime_complete":"2026-07-23T21:48:23.582990"}
{"op_code":4,"worker_id":"5f9335b3-0e2c-48c5-b5ec-8f16a23a772a-135414175008576","study_id":0,"datetime_start":"2026-07-23T21:48:23.584954"}
{"op_code":5,"worker_id":"5f9335b3-0e2c-48c5-b5ec-8f16a23a772a-135414175008576","trial_id":3,"param_name":"m","param_value_internal":0,"distribution":"{\"name\": \"CategoricalDistribution\", \"attributes\": {\"choices\": [16, 32, 64, 128, 256]}}"}
{"op_code":5,"worker_id":"5f9335b3-0e2c-48c5-b5ec-8f16a23a772a-135414175008576","trial_id":3,"param_name":"n","param_value_internal":1,"distribution":"{\"name\": \"CategoricalDistribution\", \"attributes\": {\"choices\": [16, 32, 64, 128, 256]}}"}
{"op_code":5,"worker_id":"5f9335b3-0e2c-48c5-b5ec-8f16a23a772a-135414175008576","trial_id":3,"param_name":"k","param_value_internal":2,"distribution":"{\"name\": \"CategoricalDistribution\", \"attributes\": {\"choices\": [16, 32, 64, 128]}}"}
{"op_code":5,"worker_id":"5f9335b3-0e2c-48c5-b5ec-8f16a23a772a-135414175008576","trial_id":3,"param_name":"gx","param_value_internal":2,"distribution":"{\"name\": \"CategoricalDistribution\", \"attributes\": {\"choices\": [1, 2, 4, 8]}}"}
{"op_code":5,"worker_id":"5f9335b3-0e2c-48c5-b5ec-8f16a23a772a-135414175008576","trial_id":3,"param_name":"gy","param_value_internal":0,"distribution":"{\"name\": \"CategoricalDistribution\", \"attributes\": {\"choices\": [1, 2, 4, 8]}}"}
{"op_code":5,"worker_id":"5f9335b3-0e2c-48c5-b5ec-8f16a23a772a-135414175008576","trial_id":3,"param_name":"sub","param_value_internal":1,"distribution":"{\"name\": \"CategoricalDistribution\", \"attributes\": {\"choices\": [32, 64]}}"}
{"op_code":6,"worker_id":"5f9335b3-0e2c-48c5-b5ec-8f16a23a772a-135414175008576","trial_id":3,"state":2,"values":null,"datetime_complete":"2026-07-23T21:48:23.597616"}
{"op_code":4,"worker_id":"5f9335b3-0e2c-48c5-b5ec-8f16a23a772a-135414175008576","study_id":0,"datetime_start":"2026-07-23T21:48:23.599513"}
{"op_code":5,"worker_id":"5f9335b3-0e2c-48c5-b5ec-8f16a23a772a-135414175008576","trial_id":4,"param_name":"m","param_value_internal":2,"distribution":"{\"name\": \"CategoricalDistribution\", \"attributes\": {\"choices\": [16, 32, 64, 128, 256]}}"}
{"op_code":5,"worker_id":"5f9335b3-0e2c-48c5-b5ec-8f16a23a772a-135414175008576","trial_id":4,"param_name":"n","param_value_internal":4,"distribution":"{\"name\": \"CategoricalDistribution\", \"attributes\": {\"choices\": [16, 32, 64, 128, 256]}}"}
{"op_code":5,"worker_id":"5f9335b3-0e2c-48c5-b5ec-8f16a23a772a-135414175008576","trial_id":4,"param_name":"k","param_value_internal":0,"distribution":"{\"name\": \"CategoricalDistribution\", \"attributes\": {\"choices\": [16, 32, 64, 128]}}"}
{"op_code":5,"worker_id":"5f9335b3-0e2c-48c5-b5ec-8f16a23a772a-135414175008576","trial_id":4,"param_name":"gx","param_value_internal":3,"distribution":"{\"name\": \"CategoricalDistribution\", \"attributes\": {\"choices\": [1, 2, 4, 8]}}"}
{"op_code":5,"worker_id":"5f9335b3-0e2c-48c5-b5ec-8f16a23a772a-135414175008576","trial_id":4,"param_name":"gy","param_value_internal":1,"distribution":"{\"name\": \"CategoricalDistribution\", \"attributes\": {\"choices\": [1, 2, 4, 8]}}"}
{"op_code":5,"worker_id":"5f9335b3-0e2c-48c5-b5ec-8f16a23a772a-135414175008576","trial_id":4,"param_name":"sub","param_value_internal":0,"distribution":"{\"name\": \"CategoricalDistribution\", \"attributes\": {\"choices\": [32, 64]}}"}
{"op_code":6,"worker_id":"5f9335b3-0e2c-48c5-b5ec-8f16a23a772a-135414175008576","trial_id":4,"state":2,"values":null,"datetime_complete":"2026-07-23T21:48:23.612120"}
{"op_code":4,"worker_id":"5f9335b3-0e2c-48c5-b5ec-8f16a23a772a-135414175008576","study_id":0,"datetime_start":"2026-07-23T21:48:23.614118"}
{"op_code":5,"worker_id":"5f9335b3-0e2c-48c5-b5ec-8f16a23a772a-135414175008576","trial_id":5,"param_name":"m","param_value_internal":4,"distribution":"{\"name\": \"CategoricalDistribution\", \"attributes\": {\"choices\": [16, 32, 64, 128, 256]}}"}
{"op_code":5,"worker_id":"5f9335b3-0e2c-48c5-b5ec-8f16a23a772a-135414175008576","trial_id":5,"param_name":"n","param_value_internal":3,"distribution":"{\"name\": \"CategoricalDistribution\", \"attributes\": {\"choices\": [16, 32, 64, 128, 256]}}"}
{"op_code":5,"worker_id":"5f9335b3-0e2c-48c5-b5ec-8f16a23a772a-135414175008576","trial_id":5,"param_name":"k","param_value_internal":2,"distribution":"{\"name\": \"CategoricalDistribution\", \"attributes\": {\"choices\": [16, 32, 64, 128]}}"}
{"op_code":5,"worker_id":"5f9335b3-0e2c-48c5-b5ec-8f16a23a772a-135414175008576","trial_id":5,"param_name":"gx","param_value_internal":2,"distribution":"{\"name\": \"CategoricalDistribution\", \"attributes\": {\"choices\": [1, 2, 4, 8]}}"}
{"op_code":5,"worker_id":"5f9335b3-0e2c-48c5-b5ec-8f16a23a772a-135414175008576","trial_id":5,"param_name":"gy","param_value_internal":2,"distribution":"{\"name\": \"CategoricalDistribution\", \"attributes\": {\"choices\": [1, 2, 4, 8]}}"}
{"op_code":5,"worker_id":"5f9335b3-0e2c-48c5-b5ec-8f16a23a772a-135414175008576","trial_id":5,"param_name":"sub","param_value_internal":0,"distribution":"{\"name\": \"CategoricalDistribution\", \"attributes\": {\"choices\": [32, 64]}}"}
{"op_code":6,"worker_id":"5f9335b3-0e2c-48c5-b5ec-8f16a23a772a-135414175008576","trial_id":5,"state":2,"values":null,"datetime_complete":"2026-07-23T21:48:23.627149"}
{"op_code":4,"worker_id":"5f9335b3-0e2c-48c5-b5ec-8f16a23a772a-135414175008576","study_id":0,"datetime_start":"2026-07-23T21:48:23.629163"}
{"op_code":5,"worker_id":"5f9335b3-0e2c-48c5-b5ec-8f16a23a772a-135414175008576","trial_id":6,"param_name":"m","param_value_internal":2,"distribution":"{\"name\": \"CategoricalDistribution\", \"attributes\": {\"choices\": [16, 32, 64, 128, 256]}}"}
{"op_code":5,"worker_id":"5f9335b3-0e2c-48c5-b5ec-8f16a23a772a-135414175008576","trial_id":6,"param_name":"n","param_value_internal":2,"distribution":"{\"name\": \"CategoricalDistribution\", \"attributes\": {\"choices\": [16, 32, 64, 128, 256]}}"}
{"op_code":5,"worker_id":"5f9335b3-0e2c-48c5-b5ec-8f16a23a772a-135414175008576","trial_id":6,"param_name":"k","param_value_internal":3,"distribution":"{\"name\": \"CategoricalDistribution\", \"attributes\": {\"choices\": [16, 32, 64, 128]}}"}
{"op_code":5,"worker_id":"5f9335b3-0e2c-48c5-b5ec-8f16a23a772a-135414175008576","trial_id":6,"param_name":"gx","param_value_internal":2,"distribution":"{\"name\": \"CategoricalDistribution\", \"attributes\": {\"choices\": [1, 2, 4, 8]}}"}
{"op_code":5,"worker_id":"5f9335b3-0e2c-48c5-b5ec-8f16a23a772a-135414175008576","trial_id":6,"param_name":"gy","param_value_internal":2,"distribution":"{\"name\": \"CategoricalDistribution\", \"attributes\": {\"choices\": [1, 2, 4, 8]}}"}
{"op_code":5,"worker_id":"5f9335b3-0e2c-48c5-b5ec-8f16a23a772a-135414175008576","trial_id":6,"param_name":"sub","param_value_internal":1,"distribution":"{\"name\": \"CategoricalDistribution\", \"attributes\": {\"choices\": [32, 64]}}"}
{"op_code":8,"worker_id":"5f9335b3-0e2c-48c5-b5ec-8f16a23a772a-135414175008576","trial_id":6,"user_attr":{"token":"tsweep_t64x64k128g44s64"}}
{"op_code":4,"worker_id":"5f9335b3-0e2c-48c5-b5ec-8f16a23a772a-135414175008576","study_id":0,"datetime_start":"2026-07-23T21:48:23.644546"}
{"op_code":5,"worker_id":"5f9335b3-0e2c-48c5-b5ec-8f16a23a772a-135414175008576","trial_id":7,"param_name":"m","param_value_internal":4,"distribution":"{\"name\": \"CategoricalDistribution\", \"attributes\": {\"choices\": [16, 32, 64, 128, 256]}}"}
{"op_code":5,"worker_id":"5f9335b3-0e2c-48c5-b5ec-8f16a23a772a-135414175008576","trial_id":7,"param_name":"n","param_value_internal":2,"distribution":"{\"name\": \"CategoricalDistribution\", \"attributes\": {\"choices\": [16, 32, 64, 128, 256]}}"}
{"op_code":5,"worker_id":"5f9335b3-0e2c-48c5-b5ec-8f16a23a772a-135414175008576","trial_id":7,"param_name":"k","param_value_internal":3,"distribution":"{\"name\": \"CategoricalDistribution\", \"attributes\": {\"choices\": [16, 32, 64, 128]}}"}
{"op_code":5,"worker_id":"5f9335b3-0e2c-48c5-b5ec-8f16a23a772a-135414175008576","trial_id":7,"param_name":"gx","param_value_internal":0,"distribution":"{\"name\": \"CategoricalDistribution\", \"attributes\": {\"choices\": [1, 2, 4, 8]}}"}
{"op_code":5,"worker_id":"5f9335b3-0e2c-48c5-b5ec-8f16a23a772a-135414175008576","trial_id":7,"param_name":"gy","param_value_internal":1,"distribution":"{\"name\": \"CategoricalDistribution\", \"attributes\": {\"choices\": [1, 2, 4, 8]}}"}
{"op_code":5,"worker_id":"5f9335b3-0e2c-48c5-b5ec-8f16a23a772a-135414175008576","trial_id":7,"param_name":"sub","param_value_internal":1,"distribution":"{\"name\": \"CategoricalDistribution\", \"attributes\": {\"choices\": [32, 64]}}"}
{"op_code":6,"worker_id":"5f9335b3-0e2c-48c5-b5ec-8f16a23a772a-135414175008576","trial_id":7,"state":2,"values":null,"datetime_complete":"2026-07-23T21:48:23.657304"}
{"op_code":4,"worker_id":"5f9335b3-0e2c-48c5-b5ec-8f16a23a772a-135414175008576","study_id":0,"datetime_start":"2026-07-23T21:48:23.659196"}
{"op_code":5,"worker_id":"5f9335b3-0e2c-48c5-b5ec-8f16a23a772a-135414175008576","trial_id":8,"param_name":"m","param_value_internal":4,"distribution":"{\"name\": \"CategoricalDistribution\", \"attributes\": {\"choices\": [16, 32, 64, 128, 256]}}"}
{"op_code":5,"worker_id":"5f9335b3-0e2c-48c5-b5ec-8f16a23a772a-135414175008576","trial_id":8,"param_name":"n","param_value_internal":1,"distribution":"{\"name\": \"CategoricalDistribution\", \"attributes\": {\"choices\": [16, 32, 64, 128, 256]}}"}
{"op_code":5,"worker_id":"5f9335b3-0e2c-48c5-b5ec-8f16a23a772a-135414175008576","trial_id":8,"param_name":"k","param_value_internal":2,"distribution":"{\"name\": \"CategoricalDistribution\", \"attributes\": {\"choices\": [16, 32, 64, 128]}}"}
{"op_code":5,"worker_id":"5f9335b3-0e2c-48c5-b5ec-8f16a23a772a-135414175008576","trial_id":8,"param_name":"gx","param_value_internal":1,"distribution":"{\"name\": \"CategoricalDistribution\", \"attributes\": {\"choices\": [1, 2, 4, 8]}}"}
{"op_code":5,"worker_id":"5f9335b3-0e2c-48c5-b5ec-8f16a23a772a-135414175008576","trial_id":8,"param_name":"gy","param_value_internal":0,"distribution":"{\"name\": \"CategoricalDistribution\", \"attributes\": {\"choices\": [1, 2, 4, 8]}}"}
{"op_code":5,"worker_id":"5f9335b3-0e2c-48c5-b5ec-8f16a23a772a-135414175008576","trial_id":8,"param_name":"sub","param_value_internal":1,"distribution":"{\"name\": \"CategoricalDistribution\", \"attributes\": {\"choices\": [32, 64]}}"}
{"op_code":8,"worker_id":"5f9335b3-0e2c-48c5-b5ec-8f16a23a772a-135414175008576","trial_id":8,"user_attr":{"token":"tsweep_t256x32k64g21s64"}}
{"op_code":4,"worker_id":"5f9335b3-0e2c-48c5-b5ec-8f16a23a772a-135414175008576","study_id":0,"datetime_start":"2026-07-23T21:48:23.674492"}
{"op_code":5,"worker_id":"5f9335b3-0e2c-48c5-b5ec-8f16a23a772a-135414175008576","trial_id":9,"param_name":"m","param_value_internal":1,"distribution":"{\"name\": \"CategoricalDistribution\", \"attributes\": {\"choices\": [16, 32, 64, 128, 256]}}"}
{"op_code":5,"worker_id":"5f9335b3-0e2c-48c5-b5ec-8f16a23a772a-135414175008576","trial_id":9,"param_name":"n","param_value_internal":1,"distribution":"{\"name\": \"CategoricalDistribution\", \"attributes\": {\"choices\": [16, 32, 64, 128, 256]}}"}
{"op_code":5,"worker_id":"5f9335b3-0e2c-48c5-b5ec-8f16a23a772a-135414175008576","trial_id":9,"param_name":"k","param_value_internal":1,"distribution":"{\"name\": \"CategoricalDistribution\", \"attributes\": {\"choices\": [16, 32, 64, 128]}}"}
{"op_code":5,"worker_id":"5f9335b3-0e2c-48c5-b5ec-8f16a23a772a-135414175008576","trial_id":9,"param_name":"gx","param_value_internal":2,"distribution":"{\"name\": \"CategoricalDistribution\", \"attributes\": {\"choices\": [1, 2, 4, 8]}}"}
{"op_code":5,"worker_id":"5f9335b3-0e2c-48c5-b5ec-8f16a23a772a-135414175008576","trial_id":9,"param_name":"gy","param_value_internal":1,"distribution":"{\"name\": \"CategoricalDistribution\", \"attributes\": {\"choices\": [1, 2, 4, 8]}}"}
{"op_code":5,"worker_id":"5f9335b3-0e2c-48c5-b5ec-8f16a23a772a-135414175008576","trial_id":9,"param_name":"sub","param_value_internal":0,"distribution":"{\"name\": \"CategoricalDistribution\", \"attributes\": {\"choices\": [32, 64]}}"}
{"op_code":6,"worker_id":"5f9335b3-0e2c-48c5-b5ec-8f16a23a772a-135414175008576","trial_id":9,"state":2,"values":null,"datetime_complete":"2026-07-23T21:48:23.687291"}
{"op_code":4,"worker_id":"5f9335b3-0e2c-48c5-b5ec-8f16a23a772a-135414175008576","study_id":0,"datetime_start":"2026-07-23T21:48:23.689243"}
{"op_code":5,"worker_id":"5f9335b3-0e2c-48c5-b5ec-8f16a23a772a-135414175008576","trial_id":10,"param_name":"m","param_value_internal":3,"distribution":"{\"name\": \"CategoricalDistribution\", \"attributes\": {\"choices\": [16, 32, 64, 128, 256]}}"}
{"op_code":5,"worker_id":"5f9335b3-0e2c-48c5-b5ec-8f16a23a772a-135414175008576","trial_id":10,"param_name":"n","param_value_internal":0,"distribution":"{\"name\": \"CategoricalDistribution\", \"attributes\": {\"choices\": [16, 32, 64, 128, 256]}}"}
{"op_code":5,"worker_id":"5f9335b3-0e2c-48c5-b5ec-8f16a23a772a-135414175008576","trial_id":10,"param_name":"k","param_value_internal":2,"distribution":"{\"name\": \"CategoricalDistribution\", \"attributes\": {\"choices\": [16, 32, 64, 128]}}"}
{"op_code":5,"worker_id":"5f9335b3-0e2c-48c5-b5ec-8f16a23a772a-135414175008576","trial_id":10,"param_name":"gx","param_value_internal":3,"distribution":"{\"name\": \"CategoricalDistribution\", \"attributes\": {\"choices\": [1, 2, 4, 8]}}"}
{"op_code":5,"worker_id":"5f9335b3-0e2c-48c5-b5ec-8f16a23a772a-135414175008576","trial_id":10,"param_name":"gy","param_value_internal":2,"distribution":"{\"name\": \"CategoricalDistribution\", \"attributes\": {\"choices\": [1, 2, 4, 8]}}"}
{"op_code":5,"worker_id":"5f9335b3-0e2c-48c5-b5ec-8f16a23a772a-135414175008576","trial_id":10,"param_name":"sub","param_value_internal":0,"distribution":"{\"name\": \"CategoricalDistribution\", \"attributes\": {\"choices\": [32, 64]}}"}
{"op_code":6,"worker_id":"5f9335b3-0e2c-48c5-b5ec-8f16a23a772a-135414175008576","trial_id":10,"state":2,"values":null,"datetime_complete":"2026-07-23T21:48:23.701706"}
{"op_code":4,"worker_id":"5f9335b3-0e2c-48c5-b5ec-8f16a23a772a-135414175008576","study_id":0,"datetime_start":"2026-07-23T21:48:23.703535"}
{"op_code":5,"worker_id":"5f9335b3-0e2c-48c5-b5ec-8f16a23a772a-135414175008576","trial_id":11,"param_name":"m","param_value_internal":0,"distribution":"{\"name\": \"CategoricalDistribution\", \"attributes\": {\"choices\": [16, 32, 64, 128, 256]}}"}
{"op_code":5,"worker_id":"5f9335b3-0e2c-48c5-b5ec-8f16a23a772a-135414175008576","trial_id":11,"param_name":"n","param_value_internal":1,"distribution":"{\"name\": \"CategoricalDistribution\", \"attributes\": {\"choices\": [16, 32, 64, 128, 256]}}"}
{"op_code":5,"worker_id":"5f9335b3-0e2c-48c5-b5ec-8f16a23a772a-135414175008576","trial_id":11,"param_name":"k","param_value_internal":3,"distribution":"{\"name\": \"CategoricalDistribution\", \"attributes\": {\"choices\": [16, 32, 64, 128]}}"}
{"op_code":5,"worker_id":"5f9335b3-0e2c-48c5-b5ec-8f16a23a772a-135414175008576","trial_id":11,"param_name":"gx","param_value_internal":0,"distribution":"{\"name\": \"CategoricalDistribution\", \"attributes\": {\"choices\": [1, 2, 4, 8]}}"}
{"op_code":5,"worker_id":"5f9335b3-0e2c-48c5-b5ec-8f16a23a772a-135414175008576","trial_id":11,"param_name":"gy","param_value_internal":3,"distribution":"{\"name\": \"CategoricalDistribution\", \"attributes\": {\"choices\": [1, 2, 4, 8]}}"}
{"op_code":5,"worker_id":"5f9335b3-0e2c-48c5-b5ec-8f16a23a772a-135414175008576","trial_id":11,"param_name":"sub","param_value_internal":0,"distribution":"{\"name\": \"CategoricalDistribution\", \"attributes\": {\"choices\": [32, 64]}}"}
{"op_code":6,"worker_id":"5f9335b3-0e2c-48c5-b5ec-8f16a23a772a-135414175008576","trial_id":11,"state":2,"values":null,"datetime_complete":"2026-07-23T21:48:23.716924"}
{"op_code":4,"worker_id":"5f9335b3-0e2c-48c5-b5ec-8f16a23a772a-135414175008576","study_id":0,"datetime_start":"2026-07-23T21:48:23.718948"}
{"op_code":5,"worker_id":"5f9335b3-0e2c-48c5-b5ec-8f16a23a772a-135414175008576","trial_id":12,"param_name":"m","param_value_internal":0,"distribution":"{\"name\": \"CategoricalDistribution\", \"attributes\": {\"choices\": [16, 32, 64, 128, 256]}}"}
{"op_code":5,"worker_id":"5f9335b3-0e2c-48c5-b5ec-8f16a23a772a-135414175008576","trial_id":12,"param_name":"n","param_value_internal":1,"distribution":"{\"name\": \"CategoricalDistribution\", \"attributes\": {\"choices\": [16, 32, 64, 128, 256]}}"}
{"op_code":5,"worker_id":"5f9335b3-0e2c-48c5-b5ec-8f16a23a772a-135414175008576","trial_id":12,"param_name":"k","param_value_internal":3,"distribution":"{\"name\": \"CategoricalDistribution\", \"attributes\": {\"choices\": [16, 32, 64, 128]}}"}
{"op_code":5,"worker_id":"5f9335b3-0e2c-48c5-b5ec-8f16a23a772a-135414175008576","trial_id":12,"param_name":"gx","param_value_internal":0,"distribution":"{\"name\": \"CategoricalDistribution\", \"attributes\": {\"choices\": [1, 2, 4, 8]}}"}
{"op_code":5,"worker_id":"5f9335b3-0e2c-48c5-b5ec-8f16a23a772a-135414175008576","trial_id":12,"param_name":"gy","param_value_internal":3,"distribution":"{\"name\": \"CategoricalDistribution\", \"attributes\": {\"choices\": [1, 2, 4, 8]}}"}
{"op_code":5,"worker_id":"5f9335b3-0e2c-48c5-b5ec-8f16a23a772a-135414175008576","trial_id":12,"param_name":"sub","param_value_internal":1,"distribution":"{\"name\": \"CategoricalDistribution\", \"attributes\": {\"choices\": [32, 64]}}"}
{"op_code":6,"worker_id":"5f9335b3-0e2c-48c5-b5ec-8f16a23a772a-135414175008576","trial_id":12,"state":2,"values":null,"datetime_complete":"2026-07-23T21:48:23.731863"}
{"op_code":4,"worker_id":"5f9335b3-0e2c-48c5-b5ec-8f16a23a772a-135414175008576","study_id":0,"datetime_start":"2026-07-23T21:48:23.733861"}
{"op_code":9,"worker_id":"5f9335b3-0e2c-48c5-b5ec-8f16a23a772a-135414175008576","trial_id":13,"system_attr":{"tpe:relative_params:0":"{\"gx\": 4, \"gy\": 1, \"k\": 32, \"m\": 64, \"n\": 128, \"sub\": 32}"}}
{"op_code":5,"worker_id":"5f9335b3-0e2c-48c5-b5ec-8f16a23a772a-135414175008576","trial_id":13,"param_name":"m","param_value_internal":2,"distribution":"{\"name\": \"CategoricalDistribution\", \"attributes\": {\"choices\": [16, 32, 64, 128, 256]}}"}
{"op_code":5,"worker_id":"5f9335b3-0e2c-48c5-b5ec-8f16a23a772a-135414175008576","trial_id":13,"param_name":"n","param_value_internal":3,"distribution":"{\"name\": \"CategoricalDistribution\", \"attributes\": {\"choices\": [16, 32, 64, 128, 256]}}"}
{"op_code":5,"worker_id":"5f9335b3-0e2c-48c5-b5ec-8f16a23a772a-135414175008576","trial_id":13,"param_name":"k","param_value_internal":1,"distribution":"{\"name\": \"CategoricalDistribution\", \"attributes\": {\"choices\": [16, 32, 64, 128]}}"}
{"op_code":5,"worker_id":"5f9335b3-0e2c-48c5-b5ec-8f16a23a772a-135414175008576","trial_id":13,"param_name":"gx","param_value_internal":2,"distribution":"{\"name\": \"CategoricalDistribution\", \"attributes\": {\"choices\": [1, 2, 4, 8]}}"}
{"op_code":5,"worker_id":"5f9335b3-0e2c-48c5-b5ec-8f16a23a772a-135414175008576","trial_id":13,"param_name":"gy","param_value_internal":0,"distribution":"{\"name\": \"CategoricalDistribution\", \"attributes\": {\"choices\": [1, 2, 4, 8]}}"}
{"op_code":5,"worker_id":"5f9335b3-0e2c-48c5-b5ec-8f16a23a772a-135414175008576","trial_id":13,"param_name":"sub","param_value_internal":0,"distribution":"{\"name\": \"CategoricalDistribution\", \"attributes\": {\"choices\": [32, 64]}}"}
{"op_code":6,"worker_id":"5f9335b3-0e2c-48c5-b5ec-8f16a23a772a-135414175008576","trial_id":13,"state":2,"values":null,"datetime_complete":"2026-07-23T21:48:23.753083"}
{"op_code":4,"worker_id":"5f9335b3-0e2c-48c5-b5ec-8f16a23a772a-135414175008576","study_id":0,"datetime_start":"2026-07-23T21:48:23.755082"}
{"op_code":9,"worker_id":"5f9335b3-0e2c-48c5-b5ec-8f16a23a772a-135414175008576","trial_id":14,"system_attr":{"tpe:relative_params:0":"{\"gx\": 8, \"gy\": 4, \"k\": 16, \"m\": 64, \"n\": 128, \"sub\": 32}"}}
{"op_code":5,"worker_id":"5f9335b3-0e2c-48c5-b5ec-8f16a23a772a-135414175008576","trial_id":14,"param_name":"m","param_value_internal":2,"distribution":"{\"name\": \"CategoricalDistribution\", \"attributes\": {\"choices\": [16, 32, 64, 128, 256]}}"}
{"op_code":5,"worker_id":"5f9335b3-0e2c-48c5-b5ec-8f16a23a772a-135414175008576","trial_id":14,"param_name":"n","param_value_internal":3,"distribution":"{\"name\": \"CategoricalDistribution\", \"attributes\": {\"choices\": [16, 32, 64, 128, 256]}}"}
{"op_code":5,"worker_id":"5f9335b3-0e2c-48c5-b5ec-8f16a23a772a-135414175008576","trial_id":14,"param_name":"k","param_value_internal":0,"distribution":"{\"name\": \"CategoricalDistribution\", \"attributes\": {\"choices\": [16, 32, 64, 128]}}"}
{"op_code":5,"worker_id":"5f9335b3-0e2c-48c5-b5ec-8f16a23a772a-135414175008576","trial_id":14,"param_name":"gx","param_value_internal":3,"distribution":"{\"name\": \"CategoricalDistribution\", \"attributes\": {\"choices\": [1, 2, 4, 8]}}"}
{"op_code":5,"worker_id":"5f9335b3-0e2c-48c5-b5ec-8f16a23a772a-135414175008576","trial_id":14,"param_name":"gy","param_value_internal":2,"distribution":"{\"name\": \"CategoricalDistribution\", \"attributes\": {\"choices\": [1, 2, 4, 8]}}"}
{"op_code":5,"worker_id":"5f9335b3-0e2c-48c5-b5ec-8f16a23a772a-135414175008576","trial_id":14,"param_name":"sub","param_value_internal":0,"distribution":"{\"name\": \"CategoricalDistribution\", \"attributes\": {\"choices\": [32, 64]}}"}
{"op_code":6,"worker_id":"5f9335b3-0e2c-48c5-b5ec-8f16a23a772a-135414175008576","trial_id":14,"state":2,"values":null,"datetime_complete":"2026-07-23T21:48:23.773070"}
{"op_code":4,"worker_id":"5f9335b3-0e2c-48c5-b5ec-8f16a23a772a-135414175008576","study_id":0,"datetime_start":"2026-07-23T21:48:23.775218"}
{"op_code":9,"worker_id":"5f9335b3-0e2c-48c5-b5ec-8f16a23a772a-135414175008576","trial_id":15,"system_attr":{"tpe:relative_params:0":"{\"gx\": 1, \"gy\": 1, \"k\": 32, \"m\": 128, \"n\": 64, \"sub\": 32}"}}
{"op_code":5,"worker_id":"5f9335b3-0e2c-48c5-b5ec-8f16a23a772a-135414175008576","trial_id":15,"param_name":"m","param_value_internal":3,"distribution":"{\"name\": \"CategoricalDistribution\", \"attributes\": {\"choices\": [16, 32, 64, 128, 256]}}"}
{"op_code":5,"worker_id":"5f9335b3-0e2c-48c5-b5ec-8f16a23a772a-135414175008576","trial_id":15,"param_name":"n","param_value_internal":2,"distribution":"{\"name\": \"CategoricalDistribution\", \"attributes\": {\"choices\": [16, 32, 64, 128, 256]}}"}
{"op_code":5,"worker_id":"5f9335b3-0e2c-48c5-b5ec-8f16a23a772a-135414175008576","trial_id":15,"param_name":"k","param_value_internal":1,"distribution":"{\"name\": \"CategoricalDistribution\", \"attributes\": {\"choices\": [16, 32, 64, 128]}}"}
{"op_code":5,"worker_id":"5f9335b3-0e2c-48c5-b5ec-8f16a23a772a-135414175008576","trial_id":15,"param_name":"gx","param_value_internal":0,"distribution":"{\"name\": \"CategoricalDistribution\", \"attributes\": {\"choices\": [1, 2, 4, 8]}}"}
{"op_code":5,"worker_id":"5f9335b3-0e2c-48c5-b5ec-8f16a23a772a-135414175008576","trial_id":15,"param_name":"gy","param_value_internal":0,"distribution":"{\"name\": \"CategoricalDistribution\", \"attributes\": {\"choices\": [1, 2, 4, 8]}}"}
{"op_code":5,"worker_id":"5f9335b3-0e2c-48c5-b5ec-8f16a23a772a-135414175008576","trial_id":15,"param_name":"sub","param_value_internal":0,"distribution":"{\"name\": \"CategoricalDistribution\", \"attributes\": {\"choices\": [32, 64]}}"}
{"op_code":6,"worker_id":"5f9335b3-0e2c-48c5-b5ec-8f16a23a772a-135414175008576","trial_id":15,"state":2,"values":null,"datetime_complete":"2026-07-23T21:48:23.793249"}
{"op_code":4,"worker_id":"5f9335b3-0e2c-48c5-b5ec-8f16a23a772a-135414175008576","study_id":0,"datetime_start":"2026-07-23T21:48:23.795271"}
{"op_code":9,"worker_id":"5f9335b3-0e2c-48c5-b5ec-8f16a23a772a-135414175008576","trial_id":16,"system_attr":{"tpe:relative_params:0":"{\"gx\": 2, \"gy\": 4, \"k\": 128, \"m\": 32, \"n\": 128, \"sub\": 32}"}}
{"op_code":5,"worker_id":"5f9335b3-0e2c-48c5-b5ec-8f16a23a772a-135414175008576","trial_id":16,"param_name":"m","param_value_internal":1,"distribution":"{\"name\": \"CategoricalDistribution\", \"attributes\": {\"choices\": [16, 32, 64, 128, 256]}}"}
{"op_code":5,"worker_id":"5f9335b3-0e2c-48c5-b5ec-8f16a23a772a-135414175008576","trial_id":16,"param_name":"n","param_value_internal":3,"distribution":"{\"name\": \"CategoricalDistribution\", \"attributes\": {\"choices\": [16, 32, 64, 128, 256]}}"}
{"op_code":5,"worker_id":"5f9335b3-0e2c-48c5-b5ec-8f16a23a772a-135414175008576","trial_id":16,"param_name":"k","param_value_internal":3,"distribution":"{\"name\": \"CategoricalDistribution\", \"attributes\": {\"choices\": [16, 32, 64, 128]}}"}
{"op_code":5,"worker_id":"5f9335b3-0e2c-48c5-b5ec-8f16a23a772a-135414175008576","trial_id":16,"param_name":"gx","param_value_internal":1,"distribution":"{\"name\": \"CategoricalDistribution\", \"attributes\": {\"choices\": [1, 2, 4, 8]}}"}
{"op_code":5,"worker_id":"5f9335b3-0e2c-48c5-b5ec-8f16a23a772a-135414175008576","trial_id":16,"param_name":"gy","param_value_internal":2,"distribution":"{\"name\": \"CategoricalDistribution\", \"attributes\": {\"choices\": [1, 2, 4, 8]}}"}
{"op_code":5,"worker_id":"5f9335b3-0e2c-48c5-b5ec-8f16a23a772a-135414175008576","trial_id":16,"param_name":"sub","param_value_internal":0,"distribution":"{\"name\": \"CategoricalDistribution\", \"attributes\": {\"choices\": [32, 64]}}"}
{"op_code":6,"worker_id":"5f9335b3-0e2c-48c5-b5ec-8f16a23a772a-135414175008576","trial_id":16,"state":2,"values":null,"datetime_complete":"2026-07-23T21:48:23.813376"}
{"op_code":4,"worker_id":"5f9335b3-0e2c-48c5-b5ec-8f16a23a772a-135414175008576","study_id":0,"datetime_start":"2026-07-23T21:48:23.815439"}
{"op_code":9,"worker_id":"5f9335b3-0e2c-48c5-b5ec-8f16a23a772a-135414175008576","trial_id":17,"system_attr":{"tpe:relative_params:0":"{\"gx\": 4, \"gy\": 1, \"k\": 128, \"m\": 32, \"n\": 256, \"sub\": 32}"}}
{"op_code":5,"worker_id":"5f9335b3-0e2c-48c5-b5ec-8f16a23a772a-135414175008576","trial_id":17,"param_name":"m","param_value_internal":1,"distribution":"{\"name\": \"CategoricalDistribution\", \"attributes\": {\"choices\": [16, 32, 64, 128, 256]}}"}
{"op_code":5,"worker_id":"5f9335b3-0e2c-48c5-b5ec-8f16a23a772a-135414175008576","trial_id":17,"param_name":"n","param_value_internal":4,"distribution":"{\"name\": \"CategoricalDistribution\", \"attributes\": {\"choices\": [16, 32, 64, 128, 256]}}"}
{"op_code":5,"worker_id":"5f9335b3-0e2c-48c5-b5ec-8f16a23a772a-135414175008576","trial_id":17,"param_name":"k","param_value_internal":3,"distribution":"{\"name\": \"CategoricalDistribution\", \"attributes\": {\"choices\": [16, 32, 64, 128]}}"}
{"op_code":5,"worker_id":"5f9335b3-0e2c-48c5-b5ec-8f16a23a772a-135414175008576","trial_id":17,"param_name":"gx","param_value_internal":2,"distribution":"{\"name\": \"CategoricalDistribution\", \"attributes\": {\"choices\": [1, 2, 4, 8]}}"}
{"op_code":5,"worker_id":"5f9335b3-0e2c-48c5-b5ec-8f16a23a772a-135414175008576","trial_id":17,"param_name":"gy","param_value_internal":0,"distribution":"{\"name\": \"CategoricalDistribution\", \"attributes\": {\"choices\": [1, 2, 4, 8]}}"}
{"op_code":5,"worker_id":"5f9335b3-0e2c-48c5-b5ec-8f16a23a772a-135414175008576","trial_id":17,"param_name":"sub","param_value_internal":0,"distribution":"{\"name\": \"CategoricalDistribution\", \"attributes\": {\"choices\": [32, 64]}}"}
{"op_code":6,"worker_id":"5f9335b3-0e2c-48c5-b5ec-8f16a23a772a-135414175008576","trial_id":17,"state":2,"values":null,"datetime_complete":"2026-07-23T21:48:23.832186"}
{"op_code":4,"worker_id":"5f9335b3-0e2c-48c5-b5ec-8f16a23a772a-135414175008576","study_id":0,"datetime_start":"2026-07-23T21:48:23.834023"}
{"op_code":9,"worker_id":"5f9335b3-0e2c-48c5-b5ec-8f16a23a772a-135414175008576","trial_id":18,"system_attr":{"tpe:relative_params:0":"{\"gx\": 2, \"gy\": 4, \"k\": 16, \"m\": 64, \"n\": 32, \"sub\": 32}"}}
{"op_code":5,"worker_id":"5f9335b3-0e2c-48c5-b5ec-8f16a23a772a-135414175008576","trial_id":18,"param_name":"m","param_value_internal":2,"distribution":"{\"name\": \"CategoricalDistribution\", \"attributes\": {\"choices\": [16, 32, 64, 128, 256]}}"}
{"op_code":5,"worker_id":"5f9335b3-0e2c-48c5-b5ec-8f16a23a772a-135414175008576","trial_id":18,"param_name":"n","param_value_internal":1,"distribution":"{\"name\": \"CategoricalDistribution\", \"attributes\": {\"choices\": [16, 32, 64, 128, 256]}}"}
{"op_code":5,"worker_id":"5f9335b3-0e2c-48c5-b5ec-8f16a23a772a-135414175008576","trial_id":18,"param_name":"k","param_value_internal":0,"distribution":"{\"name\": \"CategoricalDistribution\", \"attributes\": {\"choices\": [16, 32, 64, 128]}}"}
{"op_code":5,"worker_id":"5f9335b3-0e2c-48c5-b5ec-8f16a23a772a-135414175008576","trial_id":18,"param_name":"gx","param_value_internal":1,"distribution":"{\"name\": \"CategoricalDistribution\", \"attributes\": {\"choices\": [1, 2, 4, 8]}}"}
{"op_code":5,"worker_id":"5f9335b3-0e2c-48c5-b5ec-8f16a23a772a-135414175008576","trial_id":18,"param_name":"gy","param_value_internal":2,"distribution":"{\"name\": \"CategoricalDistribution\", \"attributes\": {\"choices\": [1, 2, 4, 8]}}"}
{"op_code":5,"worker_id":"5f9335b3-0e2c-48c5-b5ec-8f16a23a772a-135414175008576","trial_id":18,"param_name":"sub","param_value_internal":0,"distribution":"{\"name\": \"CategoricalDistribution\", \"attributes\": {\"choices\": [32, 64]}}"}
{"op_code":6,"worker_id":"5f9335b3-0e2c-48c5-b5ec-8f16a23a772a-135414175008576","trial_id":18,"state":2,"values":null,"datetime_complete":"2026-07-23T21:48:23.850497"}
{"op_code":4,"worker_id":"5f9335b3-0e2c-48c5-b5ec-8f16a23a772a-135414175008576","study_id":0,"datetime_start":"2026-07-23T21:48:23.852287"}
{"op_code":9,"worker_id":"5f9335b3-0e2c-48c5-b5ec-8f16a23a772a-135414175008576","trial_id":19,"system_attr":{"tpe:relative_params:0":"{\"gx\": 8, \"gy\": 1, \"k\": 64, \"m\": 32, \"n\": 128, \"sub\": 32}"}}
{"op_code":5,"worker_id":"5f9335b3-0e2c-48c5-b5ec-8f16a23a772a-135414175008576","trial_id":19,"param_name":"m","param_value_internal":1,"distribution":"{\"name\": \"CategoricalDistribution\", \"attributes\": {\"choices\": [16, 32, 64, 128, 256]}}"}
{"op_code":5,"worker_id":"5f9335b3-0e2c-48c5-b5ec-8f16a23a772a-135414175008576","trial_id":19,"param_name":"n","param_value_internal":3,"distribution":"{\"name\": \"CategoricalDistribution\", \"attributes\": {\"choices\": [16, 32, 64, 128, 256]}}"}
{"op_code":5,"worker_id":"5f9335b3-0e2c-48c5-b5ec-8f16a23a772a-135414175008576","trial_id":19,"param_name":"k","param_value_internal":2,"distribution":"{\"name\": \"CategoricalDistribution\", \"attributes\": {\"choices\": [16, 32, 64, 128]}}"}
{"op_code":5,"worker_id":"5f9335b3-0e2c-48c5-b5ec-8f16a23a772a-135414175008576","trial_id":19,"param_name":"gx","param_value_internal":3,"distribution":"{\"name\": \"CategoricalDistribution\", \"attributes\": {\"choices\": [1, 2, 4, 8]}}"}
{"op_code":5,"worker_id":"5f9335b3-0e2c-48c5-b5ec-8f16a23a772a-135414175008576","trial_id":19,"param_name":"gy","param_value_internal":0,"distribution":"{\"name\": \"CategoricalDistribution\", \"attributes\": {\"choices\": [1, 2, 4, 8]}}"}
{"op_code":5,"worker_id":"5f9335b3-0e2c-48c5-b5ec-8f16a23a772a-135414175008576","trial_id":19,"param_name":"sub","param_value_internal":0,"distribution":"{\"name\": \"CategoricalDistribution\", \"attributes\": {\"choices\": [32, 64]}}"}
{"op_code":6,"worker_id":"5f9335b3-0e2c-48c5-b5ec-8f16a23a772a-135414175008576","trial_id":19,"state":2,"values":null,"datetime_complete":"2026-07-23T21:48:23.869340"}
{"op_code":4,"worker_id":"5f9335b3-0e2c-48c5-b5ec-8f16a23a772a-135414175008576","study_id":0,"datetime_start":"2026-07-23T21:48:23.871416"}
{"op_code":9,"worker_id":"5f9335b3-0e2c-48c5-b5ec-8f16a23a772a-135414175008576","trial_id":20,"system_attr":{"tpe:relative_params:0":"{\"gx\": 8, \"gy\": 8, \"k\": 64, \"m\": 64, \"n\": 128, \"sub\": 64}"}}
{"op_code":5,"worker_id":"5f9335b3-0e2c-48c5-b5ec-8f16a23a772a-135414175008576","trial_id":20,"param_name":"m","param_value_internal":2,"distribution":"{\"name\": \"CategoricalDistribution\", \"attributes\": {\"choices\": [16, 32, 64, 128, 256]}}"}
{"op_code":5,"worker_id":"5f9335b3-0e2c-48c5-b5ec-8f16a23a772a-135414175008576","trial_id":20,"param_name":"n","param_value_internal":3,"distribution":"{\"name\": \"CategoricalDistribution\", \"attributes\": {\"choices\": [16, 32, 64, 128, 256]}}"}
{"op_code":5,"worker_id":"5f9335b3-0e2c-48c5-b5ec-8f16a23a772a-135414175008576","trial_id":20,"param_name":"k","param_value_internal":2,"distribution":"{\"name\": \"CategoricalDistribution\", \"attributes\": {\"choices\": [16, 32, 64, 128]}}"}
{"op_code":5,"worker_id":"5f9335b3-0e2c-48c5-b5ec-8f16a23a772a-135414175008576","trial_id":20,"param_name":"gx","param_value_internal":3,"distribution":"{\"name\": \"CategoricalDistribution\", \"attributes\": {\"choices\": [1, 2, 4, 8]}}"}
{"op_code":5,"worker_id":"5f9335b3-0e2c-48c5-b5ec-8f16a23a772a-135414175008576","trial_id":20,"param_name":"gy","param_value_internal":3,"distribution":"{\"name\": \"CategoricalDistribution\", \"attributes\": {\"choices\": [1, 2, 4, 8]}}"}
{"op_code":5,"worker_id":"5f9335b3-0e2c-48c5-b5ec-8f16a23a772a-135414175008576","trial_id":20,"param_name":"sub","param_value_internal":1,"distribution":"{\"name\": \"CategoricalDistribution\", \"attributes\": {\"choices\": [32, 64]}}"}
{"op_code":6,"worker_id":"5f9335b3-0e2c-48c5-b5ec-8f16a23a772a-135414175008576","trial_id":20,"state":2,"values":null,"datetime_complete":"2026-07-23T21:48:23.889798"}
{"op_code":4,"worker_id":"5f9335b3-0e2c-48c5-b5ec-8f16a23a772a-135414175008576","study_id":0,"datetime_start":"2026-07-23T21:48:23.891973"}
{"op_code":9,"worker_id":"5f9335b3-0e2c-48c5-b5ec-8f16a23a772a-135414175008576","trial_id":21,"system_attr":{"tpe:relative_params:0":"{\"gx\": 8, \"gy\": 4, \"k\": 32, \"m\": 256, \"n\": 32, \"sub\": 32}"}}
{"op_code":5,"worker_id":"5f9335b3-0e2c-48c5-b5ec-8f16a23a772a-135414175008576","trial_id":21,"param_name":"m","param_value_internal":4,"distribution":"{\"name\": \"CategoricalDistribution\", \"attributes\": {\"choices\": [16, 32, 64, 128, 256]}}"}
{"op_code":5,"worker_id":"5f9335b3-0e2c-48c5-b5ec-8f16a23a772a-135414175008576","trial_id":21,"param_name":"n","param_value_internal":1,"distribution":"{\"name\": \"CategoricalDistribution\", \"attributes\": {\"choices\": [16, 32, 64, 128, 256]}}"}
{"op_code":5,"worker_id":"5f9335b3-0e2c-48c5-b5ec-8f16a23a772a-135414175008576","trial_id":21,"param_name":"k","param_value_internal":1,"distribution":"{\"name\": \"CategoricalDistribution\", \"attributes\": {\"choices\": [16, 32, 64, 128]}}"}
{"op_code":5,"worker_id":"5f9335b3-0e2c-48c5-b5ec-8f16a23a772a-135414175008576","trial_id":21,"param_name":"gx","param_value_internal":3,"distribution":"{\"name\": \"CategoricalDistribution\", \"attributes\": {\"choices\": [1, 2, 4, 8]}}"}
{"op_code":5,"worker_id":"5f9335b3-0e2c-48c5-b5ec-8f16a23a772a-135414175008576","trial_id":21,"param_name":"gy","param_value_internal":2,"distribution":"{\"name\": \"CategoricalDistribution\", \"attributes\": {\"choices\": [1, 2, 4, 8]}}"}
{"op_code":5,"worker_id":"5f9335b3-0e2c-48c5-b5ec-8f16a23a772a-135414175008576","trial_id":21,"param_name":"sub","param_value_internal":0,"distribution":"{\"name\": \"CategoricalDistribution\", \"attributes\": {\"choices\": [32, 64]}}"}
{"op_code":6,"worker_id":"5f9335b3-0e2c-48c5-b5ec-8f16a23a772a-135414175008576","trial_id":21,"state":2,"values":null,"datetime_complete":"2026-07-23T21:48:23.909062"}
{"op_code":4,"worker_id":"5f9335b3-0e2c-48c5-b5ec-8f16a23a772a-135414175008576","study_id":0,"datetime_start":"2026-07-23T21:48:23.910893"}
{"op_code":9,"worker_id":"5f9335b3-0e2c-48c5-b5ec-8f16a23a772a-135414175008576","trial_id":22,"system_attr":{"tpe:relative_params:0":"{\"gx\": 2, \"gy\": 1, \"k\": 32, \"m\": 64, \"n\": 16, \"sub\": 32}"}}
{"op_code":5,"worker_id":"5f9335b3-0e2c-48c5-b5ec-8f16a23a772a-135414175008576","trial_id":22,"param_name":"m","param_value_internal":2,"distribution":"{\"name\": \"CategoricalDistribution\", \"attributes\": {\"choices\": [16, 32, 64, 128, 256]}}"}
{"op_code":5,"worker_id":"5f9335b3-0e2c-48c5-b5ec-8f16a23a772a-135414175008576","trial_id":22,"param_name":"n","param_value_internal":0,"distribution":"{\"name\": \"CategoricalDistribution\", \"attributes\": {\"choices\": [16, 32, 64, 128, 256]}}"}
{"op_code":5,"worker_id":"5f9335b3-0e2c-48c5-b5ec-8f16a23a772a-135414175008576","trial_id":22,"param_name":"k","param_value_internal":1,"distribution":"{\"name\": \"CategoricalDistribution\", \"attributes\": {\"choices\": [16, 32, 64, 128]}}"}
{"op_code":5,"worker_id":"5f9335b3-0e2c-48c5-b5ec-8f16a23a772a-135414175008576","trial_id":22,"param_name":"gx","param_value_internal":1,"distribution":"{\"name\": \"CategoricalDistribution\", \"attributes\": {\"choices\": [1, 2, 4, 8]}}"}
{"op_code":5,"worker_id":"5f9335b3-0e2c-48c5-b5ec-8f16a23a772a-135414175008576","trial_id":22,"param_name":"gy","param_value_internal":0,"distribution":"{\"name\": \"CategoricalDistribution\", \"attributes\": {\"choices\": [1, 2, 4, 8]}}"}
{"op_code":5,"worker_id":"5f9335b3-0e2c-48c5-b5ec-8f16a23a772a-135414175008576","trial_id":22,"param_name":"sub","param_value_internal":0,"distribution":"{\"name\": \"CategoricalDistribution\", \"attributes\": {\"choices\": [32, 64]}}"}
{"op_code":6,"worker_id":"5f9335b3-0e2c-48c5-b5ec-8f16a23a772a-135414175008576","trial_id":22,"state":2,"values":null,"datetime_complete":"2026-07-23T21:48:23.927872"}
{"op_code":4,"worker_id":"5f9335b3-0e2c-48c5-b5ec-8f16a23a772a-135414175008576","study_id":0,"datetime_start":"2026-07-23T21:48:23.929766"}
{"op_code":9,"worker_id":"5f9335b3-0e2c-48c5-b5ec-8f16a23a772a-135414175008576","trial_id":23,"system_attr":{"tpe:relative_params:0":"{\"gx\": 4, \"gy\": 8, \"k\": 32, \"m\": 16, \"n\": 128, \"sub\": 32}"}}
{"op_code":5,"worker_id":"5f9335b3-0e2c-48c5-b5ec-8f16a23a772a-135414175008576","trial_id":23,"param_name":"m","param_value_internal":0,"distribution":"{\"name\": \"CategoricalDistribution\", \"attributes\": {\"choices\": [16, 32, 64, 128, 256]}}"}
{"op_code":5,"worker_id":"5f9335b3-0e2c-48c5-b5ec-8f16a23a772a-135414175008576","trial_id":23,"param_name":"n","param_value_internal":3,"distribution":"{\"name\": \"CategoricalDistribution\", \"attributes\": {\"choices\": [16, 32, 64, 128, 256]}}"}
{"op_code":5,"worker_id":"5f9335b3-0e2c-48c5-b5ec-8f16a23a772a-135414175008576","trial_id":23,"param_name":"k","param_value_internal":1,"distribution":"{\"name\": \"CategoricalDistribution\", \"attributes\": {\"choices\": [16, 32, 64, 128]}}"}
{"op_code":5,"worker_id":"5f9335b3-0e2c-48c5-b5ec-8f16a23a772a-135414175008576","trial_id":23,"param_name":"gx","param_value_internal":2,"distribution":"{\"name\": \"CategoricalDistribution\", \"attributes\": {\"choices\": [1, 2, 4, 8]}}"}
{"op_code":5,"worker_id":"5f9335b3-0e2c-48c5-b5ec-8f16a23a772a-135414175008576","trial_id":23,"param_name":"gy","param_value_internal":3,"distribution":"{\"name\": \"CategoricalDistribution\", \"attributes\": {\"choices\": [1, 2, 4, 8]}}"}
{"op_code":5,"worker_id":"5f9335b3-0e2c-48c5-b5ec-8f16a23a772a-135414175008576","trial_id":23,"param_name":"sub","param_value_internal":0,"distribution":"{\"name\": \"CategoricalDistribution\", \"attributes\": {\"choices\": [32, 64]}}"}
{"op_code":6,"worker_id":"5f9335b3-0e2c-48c5-b5ec-8f16a23a772a-135414175008576","trial_id":23,"state":2,"values":null,"datetime_complete":"2026-07-23T21:48:23.949291"}
{"op_code":4,"worker_id":"5f9335b3-0e2c-48c5-b5ec-8f16a23a772a-135414175008576","study_id":0,"datetime_start":"2026-07-23T21:48:23.951829"}
{"op_code":9,"worker_id":"5f9335b3-0e2c-48c5-b5ec-8f16a23a772a-135414175008576","trial_id":24,"system_attr":{"tpe:relative_params:0":"{\"gx\": 1, \"gy\": 4, \"k\": 64, \"m\": 16, \"n\": 16, \"sub\": 64}"}}
{"op_code":5,"worker_id":"5f9335b3-0e2c-48c5-b5ec-8f16a23a772a-135414175008576","trial_id":24,"param_name":"m","param_value_internal":0,"distribution":"{\"name\": \"CategoricalDistribution\", \"attributes\": {\"choices\": [16, 32, 64, 128, 256]}}"}
{"op_code":5,"worker_id":"5f9335b3-0e2c-48c5-b5ec-8f16a23a772a-135414175008576","trial_id":24,"param_name":"n","param_value_internal":0,"distribution":"{\"name\": \"CategoricalDistribution\", \"attributes\": {\"choices\": [16, 32, 64, 128, 256]}}"}
{"op_code":5,"worker_id":"5f9335b3-0e2c-48c5-b5ec-8f16a23a772a-135414175008576","trial_id":24,"param_name":"k","param_value_internal":2,"distribution":"{\"name\": \"CategoricalDistribution\", \"attributes\": {\"choices\": [16, 32, 64, 128]}}"}
{"op_code":5,"worker_id":"5f9335b3-0e2c-48c5-b5ec-8f16a23a772a-135414175008576","trial_id":24,"param_name":"gx","param_value_internal":0,"distribution":"{\"name\": \"CategoricalDistribution\", \"attributes\": {\"choices\": [1, 2, 4, 8]}}"}
{"op_code":5,"worker_id":"5f9335b3-0e2c-48c5-b5ec-8f16a23a772a-135414175008576","trial_id":24,"param_name":"gy","param_value_internal":2,"distribution":"{\"name\": \"CategoricalDistribution\", \"attributes\": {\"choices\": [1, 2, 4, 8]}}"}
{"op_code":5,"worker_id":"5f9335b3-0e2c-48c5-b5ec-8f16a23a772a-135414175008576","trial_id":24,"param_name":"sub","param_value_internal":1,"distribution":"{\"name\": \"CategoricalDistribution\", \"attributes\": {\"choices\": [32, 64]}}"}
{"op_code":6,"worker_id":"5f9335b3-0e2c-48c5-b5ec-8f16a23a772a-135414175008576","trial_id":24,"state":2,"values":null,"datetime_complete":"2026-07-23T21:48:23.974888"}
{"op_code":4,"worker_id":"5f9335b3-0e2c-48c5-b5ec-8f16a23a772a-135414175008576","study_id":0,"datetime_start":"2026-07-23T21:48:23.977614"}
{"op_code":9,"worker_id":"5f9335b3-0e2c-48c5-b5ec-8f16a23a772a-135414175008576","trial_id":25,"system_attr":{"tpe:relative_params:0":"{\"gx\": 4, \"gy\": 1, \"k\": 64, \"m\": 128, \"n\": 32, \"sub\": 64}"}}
{"op_code":5,"worker_id":"5f9335b3-0e2c-48c5-b5ec-8f16a23a772a-135414175008576","trial_id":25,"param_name":"m","param_value_internal":3,"distribution":"{\"name\": \"CategoricalDistribution\", \"attributes\": {\"choices\": [16, 32, 64, 128, 256]}}"}
{"op_code":5,"worker_id":"5f9335b3-0e2c-48c5-b5ec-8f16a23a772a-135414175008576","trial_id":25,"param_name":"n","param_value_internal":1,"distribution":"{\"name\": \"CategoricalDistribution\", \"attributes\": {\"choices\": [16, 32, 64, 128, 256]}}"}
{"op_code":5,"worker_id":"5f9335b3-0e2c-48c5-b5ec-8f16a23a772a-135414175008576","trial_id":25,"param_name":"k","param_value_internal":2,"distribution":"{\"name\": \"CategoricalDistribution\", \"attributes\": {\"choices\": [16, 32, 64, 128]}}"}
{"op_code":5,"worker_id":"5f9335b3-0e2c-48c5-b5ec-8f16a23a772a-135414175008576","trial_id":25,"param_name":"gx","param_value_internal":2,"distribution":"{\"name\": \"CategoricalDistribution\", \"attributes\": {\"choices\": [1, 2, 4, 8]}}"}
{"op_code":5,"worker_id":"5f9335b3-0e2c-48c5-b5ec-8f16a23a772a-135414175008576","trial_id":25,"param_name":"gy","param_value_internal":0,"distribution":"{\"name\": \"CategoricalDistribution\", \"attributes\": {\"choices\": [1, 2, 4, 8]}}"}
{"op_code":5,"worker_id":"5f9335b3-0e2c-48c5-b5ec-8f16a23a772a-135414175008576","trial_id":25,"param_name":"sub","param_value_internal":1,"distribution":"{\"name\": \"CategoricalDistribution\", \"attributes\": {\"choices\": [32, 64]}}"}
{"op_code":6,"worker_id":"5f9335b3-0e2c-48c5-b5ec-8f16a23a772a-135414175008576","trial_id":25,"state":2,"values":null,"datetime_complete":"2026-07-23T21:48:23.996912"}
{"op_code":4,"worker_id":"5f9335b3-0e2c-48c5-b5ec-8f16a23a772a-135414175008576","study_id":0,"datetime_start":"2026-07-23T21:48:23.999059"}
{"op_code":9,"worker_id":"5f9335b3-0e2c-48c5-b5ec-8f16a23a772a-135414175008576","trial_id":26,"system_attr":{"tpe:relative_params:0":"{\"gx\": 4, \"gy\": 1, \"k\": 64, \"m\": 16, \"n\": 32, \"sub\": 32}"}}
{"op_code":5,"worker_id":"5f9335b3-0e2c-48c5-b5ec-8f16a23a772a-135414175008576","trial_id":26,"param_name":"m","param_value_internal":0,"distribution":"{\"name\": \"CategoricalDistribution\", \"attributes\": {\"choices\": [16, 32, 64, 128, 256]}}"}
{"op_code":5,"worker_id":"5f9335b3-0e2c-48c5-b5ec-8f16a23a772a-135414175008576","trial_id":26,"param_name":"n","param_value_internal":1,"distribution":"{\"name\": \"CategoricalDistribution\", \"attributes\": {\"choices\": [16, 32, 64, 128, 256]}}"}
{"op_code":5,"worker_id":"5f9335b3-0e2c-48c5-b5ec-8f16a23a772a-135414175008576","trial_id":26,"param_name":"k","param_value_internal":2,"distribution":"{\"name\": \"CategoricalDistribution\", \"attributes\": {\"choices\": [16, 32, 64, 128]}}"}
{"op_code":5,"worker_id":"5f9335b3-0e2c-48c5-b5ec-8f16a23a772a-135414175008576","trial_id":26,"param_name":"gx","param_value_internal":2,"distribution":"{\"name\": \"CategoricalDistribution\", \"attributes\": {\"choices\": [1, 2, 4, 8]}}"}
{"op_code":5,"worker_id":"5f9335b3-0e2c-48c5-b5ec-8f16a23a772a-135414175008576","trial_id":26,"param_name":"gy","param_value_internal":0,"distribution":"{\"name\": \"CategoricalDistribution\", \"attributes\": {\"choices\": [1, 2, 4, 8]}}"}
{"op_code":5,"worker_id":"5f9335b3-0e2c-48c5-b5ec-8f16a23a772a-135414175008576","trial_id":26,"param_name":"sub","param_value_internal":0,"distribution":"{\"name\": \"CategoricalDistribution\", \"attributes\": {\"choices\": [32, 64]}}"}
{"op_code":6,"worker_id":"5f9335b3-0e2c-48c5-b5ec-8f16a23a772a-135414175008576","trial_id":26,"state":2,"values":null,"datetime_complete":"2026-07-23T21:48:24.017262"}
{"op_code":4,"worker_id":"5f9335b3-0e2c-48c5-b5ec-8f16a23a772a-135414175008576","study_id":0,"datetime_start":"2026-07-23T21:48:24.019268"}
{"op_code":9,"worker_id":"5f9335b3-0e2c-48c5-b5ec-8f16a23a772a-135414175008576","trial_id":27,"system_attr":{"tpe:relative_params:0":"{\"gx\": 4, \"gy\": 1, \"k\": 16, \"m\": 16, \"n\": 32, \"sub\": 64}"}}
{"op_code":5,"worker_id":"5f9335b3-0e2c-48c5-b5ec-8f16a23a772a-135414175008576","trial_id":27,"param_name":"m","param_value_internal":0,"distribution":"{\"name\": \"CategoricalDistribution\", \"attributes\": {\"choices\": [16, 32, 64, 128, 256]}}"}
{"op_code":5,"worker_id":"5f9335b3-0e2c-48c5-b5ec-8f16a23a772a-135414175008576","trial_id":27,"param_name":"n","param_value_internal":1,"distribution":"{\"name\": \"CategoricalDistribution\", \"attributes\": {\"choices\": [16, 32, 64, 128, 256]}}"}
{"op_code":5,"worker_id":"5f9335b3-0e2c-48c5-b5ec-8f16a23a772a-135414175008576","trial_id":27,"param_name":"k","param_value_internal":0,"distribution":"{\"name\": \"CategoricalDistribution\", \"attributes\": {\"choices\": [16, 32, 64, 128]}}"}
{"op_code":5,"worker_id":"5f9335b3-0e2c-48c5-b5ec-8f16a23a772a-135414175008576","trial_id":27,"param_name":"gx","param_value_internal":2,"distribution":"{\"name\": \"CategoricalDistribution\", \"attributes\": {\"choices\": [1, 2, 4, 8]}}"}
{"op_code":5,"worker_id":"5f9335b3-0e2c-48c5-b5ec-8f16a23a772a-135414175008576","trial_id":27,"param_name":"gy","param_value_internal":0,"distribution":"{\"name\": \"CategoricalDistribution\", \"attributes\": {\"choices\": [1, 2, 4, 8]}}"}
{"op_code":5,"worker_id":"5f9335b3-0e2c-48c5-b5ec-8f16a23a772a-135414175008576","trial_id":27,"param_name":"sub","param_value_internal":1,"distribution":"{\"name\": \"CategoricalDistribution\", \"attributes\": {\"choices\": [32, 64]}}"}
{"op_code":6,"worker_id":"5f9335b3-0e2c-48c5-b5ec-8f16a23a772a-135414175008576","trial_id":27,"state":2,"values":null,"datetime_complete":"2026-07-23T21:48:24.037272"}
{"op_code":4,"worker_id":"5f9335b3-0e2c-48c5-b5ec-8f16a23a772a-135414175008576","study_id":0,"datetime_start":"2026-07-23T21:48:24.039273"}
{"op_code":9,"worker_id":"5f9335b3-0e2c-48c5-b5ec-8f16a23a772a-135414175008576","trial_id":28,"system_attr":{"tpe:relative_params:0":"{\"gx\": 4, \"gy\": 2, \"k\": 32, \"m\": 128, \"n\": 128, \"sub\": 64}"}}
{"op_code":5,"worker_id":"5f9335b3-0e2c-48c5-b5ec-8f16a23a772a-135414175008576","trial_id":28,"param_name":"m","param_value_internal":3,"distribution":"{\"name\": \"CategoricalDistribution\", \"attributes\": {\"choices\": [16, 32, 64, 128, 256]}}"}
{"op_code":5,"worker_id":"5f9335b3-0e2c-48c5-b5ec-8f16a23a772a-135414175008576","trial_id":28,"param_name":"n","param_value_internal":3,"distribution":"{\"name\": \"CategoricalDistribution\", \"attributes\": {\"choices\": [16, 32, 64, 128, 256]}}"}
{"op_code":5,"worker_id":"5f9335b3-0e2c-48c5-b5ec-8f16a23a772a-135414175008576","trial_id":28,"param_name":"k","param_value_internal":1,"distribution":"{\"name\": \"CategoricalDistribution\", \"attributes\": {\"choices\": [16, 32, 64, 128]}}"}
{"op_code":5,"worker_id":"5f9335b3-0e2c-48c5-b5ec-8f16a23a772a-135414175008576","trial_id":28,"param_name":"gx","param_value_internal":2,"distribution":"{\"name\": \"CategoricalDistribution\", \"attributes\": {\"choices\": [1, 2, 4, 8]}}"}
{"op_code":5,"worker_id":"5f9335b3-0e2c-48c5-b5ec-8f16a23a772a-135414175008576","trial_id":28,"param_name":"gy","param_value_internal":1,"distribution":"{\"name\": \"CategoricalDistribution\", \"attributes\": {\"choices\": [1, 2, 4, 8]}}"}
{"op_code":5,"worker_id":"5f9335b3-0e2c-48c5-b5ec-8f16a23a772a-135414175008576","trial_id":28,"param_name":"sub","param_value_internal":1,"distribution":"{\"name\": \"CategoricalDistribution\", \"attributes\": {\"choices\": [32, 64]}}"}
{"op_code":8,"worker_id":"5f9335b3-0e2c-48c5-b5ec-8f16a23a772a-135414175008576","trial_id":28,"user_attr":{"token":"tsweep_t128x128k32g42s64"}}
{"op_code":4,"worker_id":"5f9335b3-0e2c-48c5-b5ec-8f16a23a772a-135414175008576","study_id":0,"datetime_start":"2026-07-23T21:48:24.058368"}
{"op_code":9,"worker_id":"5f9335b3-0e2c-48c5-b5ec-8f16a23a772a-135414175008576","trial_id":29,"system_attr":{"tpe:relative_params:0":"{\"gx\": 8, \"gy\": 2, \"k\": 16, \"m\": 16, \"n\": 128, \"sub\": 32}"}}
{"op_code":5,"worker_id":"5f9335b3-0e2c-48c5-b5ec-8f16a23a772a-135414175008576","trial_id":29,"param_name":"m","param_value_internal":0,"distribution":"{\"name\": \"CategoricalDistribution\", \"attributes\": {\"choices\": [16, 32, 64, 128, 256]}}"}
{"op_code":5,"worker_id":"5f9335b3-0e2c-48c5-b5ec-8f16a23a772a-135414175008576","trial_id":29,"param_name":"n","param_value_internal":3,"distribution":"{\"name\": \"CategoricalDistribution\", \"attributes\": {\"choices\": [16, 32, 64, 128, 256]}}"}
{"op_code":5,"worker_id":"5f9335b3-0e2c-48c5-b5ec-8f16a23a772a-135414175008576","trial_id":29,"param_name":"k","param_value_internal":0,"distribution":"{\"name\": \"CategoricalDistribution\", \"attributes\": {\"choices\": [16, 32, 64, 128]}}"}
{"op_code":5,"worker_id":"5f9335b3-0e2c-48c5-b5ec-8f16a23a772a-135414175008576","trial_id":29,"param_name":"gx","param_value_internal":3,"distribution":"{\"name\": \"CategoricalDistribution\", \"attributes\": {\"choices\": [1, 2, 4, 8]}}"}
{"op_code":5,"worker_id":"5f9335b3-0e2c-48c5-b5ec-8f16a23a772a-135414175008576","trial_id":29,"param_name":"gy","param_value_internal":1,"distribution":"{\"name\": \"CategoricalDistribution\", \"attributes\": {\"choices\": [1, 2, 4, 8]}}"}
{"op_code":5,"worker_id":"5f9335b3-0e2c-48c5-b5ec-8f16a23a772a-135414175008576","trial_id":29,"param_name":"sub","param_value_internal":0,"distribution":"{\"name\": \"CategoricalDistribution\", \"attributes\": {\"choices\": [32, 64]}}"}
{"op_code":6,"worker_id":"5f9335b3-0e2c-48c5-b5ec-8f16a23a772a-135414175008576","trial_id":29,"state":2,"values":null,"datetime_complete":"2026-07-23T21:48:24.076960"}
{"op_code":4,"worker_id":"5f9335b3-0e2c-48c5-b5ec-8f16a23a772a-135414175008576","study_id":0,"datetime_start":"2026-07-23T21:48:24.079017"}
{"op_code":9,"worker_id":"5f9335b3-0e2c-48c5-b5ec-8f16a23a772a-135414175008576","trial_id":30,"system_attr":{"tpe:relative_params:0":"{\"gx\": 4, \"gy\": 1, \"k\": 64, \"m\": 16, \"n\": 256, \"sub\": 64}"}}
{"op_code":5,"worker_id":"5f9335b3-0e2c-48c5-b5ec-8f16a23a772a-135414175008576","trial_id":30,"param_name":"m","param_value_internal":0,"distribution":"{\"name\": \"CategoricalDistribution\", \"attributes\": {\"choices\": [16, 32, 64, 128, 256]}}"}
{"op_code":5,"worker_id":"5f9335b3-0e2c-48c5-b5ec-8f16a23a772a-135414175008576","trial_id":30,"param_name":"n","param_value_internal":4,"distribution":"{\"name\": \"CategoricalDistribution\", \"attributes\": {\"choices\": [16, 32, 64, 128, 256]}}"}
{"op_code":5,"worker_id":"5f9335b3-0e2c-48c5-b5ec-8f16a23a772a-135414175008576","trial_id":30,"param_name":"k","param_value_internal":2,"distribution":"{\"name\": \"CategoricalDistribution\", \"attributes\": {\"choices\": [16, 32, 64, 128]}}"}
{"op_code":5,"worker_id":"5f9335b3-0e2c-48c5-b5ec-8f16a23a772a-135414175008576","trial_id":30,"param_name":"gx","param_value_internal":2,"distribution":"{\"name\": \"CategoricalDistribution\", \"attributes\": {\"choices\": [1, 2, 4, 8]}}"}
{"op_code":5,"worker_id":"5f9335b3-0e2c-48c5-b5ec-8f16a23a772a-135414175008576","trial_id":30,"param_name":"gy","param_value_internal":0,"distribution":"{\"name\": \"CategoricalDistribution\", \"attributes\": {\"choices\": [1, 2, 4, 8]}}"}
{"op_code":5,"worker_id":"5f9335b3-0e2c-48c5-b5ec-8f16a23a772a-135414175008576","trial_id":30,"param_name":"sub","param_value_internal":1,"distribution":"{\"name\": \"CategoricalDistribution\", \"attributes\": {\"choices\": [32, 64]}}"}
{"op_code":8,"worker_id":"5f9335b3-0e2c-48c5-b5ec-8f16a23a772a-135414175008576","trial_id":30,"user_attr":{"token":"tsweep_t16x256k64g41s64"}}
{"op_code":4,"worker_id":"5f9335b3-0e2c-48c5-b5ec-8f16a23a772a-135414175008576","study_id":0,"datetime_start":"2026-07-23T21:48:24.098947"}
{"op_code":9,"worker_id":"5f9335b3-0e2c-48c5-b5ec-8f16a23a772a-135414175008576","trial_id":31,"system_attr":{"tpe:relative_params:0":"{\"gx\": 8, \"gy\": 1, \"k\": 64, \"m\": 16, \"n\": 32, \"sub\": 64}"}}
{"op_code":5,"worker_id":"5f9335b3-0e2c-48c5-b5ec-8f16a23a772a-135414175008576","trial_id":31,"param_name":"m","param_value_internal":0,"distribution":"{\"name\": \"CategoricalDistribution\", \"attributes\": {\"choices\": [16, 32, 64, 128, 256]}}"}
{"op_code":5,"worker_id":"5f9335b3-0e2c-48c5-b5ec-8f16a23a772a-135414175008576","trial_id":31,"param_name":"n","param_value_internal":1,"distribution":"{\"name\": \"CategoricalDistribution\", \"attributes\": {\"choices\": [16, 32, 64, 128, 256]}}"}
{"op_code":5,"worker_id":"5f9335b3-0e2c-48c5-b5ec-8f16a23a772a-135414175008576","trial_id":31,"param_name":"k","param_value_internal":2,"distribution":"{\"name\": \"CategoricalDistribution\", \"attributes\": {\"choices\": [16, 32, 64, 128]}}"}
{"op_code":5,"worker_id":"5f9335b3-0e2c-48c5-b5ec-8f16a23a772a-135414175008576","trial_id":31,"param_name":"gx","param_value_internal":3,"distribution":"{\"name\": \"CategoricalDistribution\", \"attributes\": {\"choices\": [1, 2, 4, 8]}}"}
{"op_code":5,"worker_id":"5f9335b3-0e2c-48c5-b5ec-8f16a23a772a-135414175008576","trial_id":31,"param_name":"gy","param_value_internal":0,"distribution":"{\"name\": \"CategoricalDistribution\", \"attributes\": {\"choices\": [1, 2, 4, 8]}}"}
{"op_code":5,"worker_id":"5f9335b3-0e2c-48c5-b5ec-8f16a23a772a-135414175008576","trial_id":31,"param_name":"sub","param_value_internal":1,"distribution":"{\"name\": \"CategoricalDistribution\", \"attributes\": {\"choices\": [32, 64]}}"}
{"op_code":6,"worker_id":"5f9335b3-0e2c-48c5-b5ec-8f16a23a772a-135414175008576","trial_id":31,"state":2,"values":null,"datetime_complete":"2026-07-23T21:48:24.117102"}
{"op_code":4,"worker_id":"5f9335b3-0e2c-48c5-b5ec-8f16a23a772a-135414175008576","study_id":0,"datetime_start":"2026-07-23T21:48:24.119078"}
{"op_code":9,"worker_id":"5f9335b3-0e2c-48c5-b5ec-8f16a23a772a-135414175008576","trial_id":32,"system_attr":{"tpe:relative_params:0":"{\"gx\": 4, \"gy\": 4, \"k\": 32, \"m\": 16, \"n\": 32, \"sub\": 64}"}}
{"op_code":5,"worker_id":"5f9335b3-0e2c-48c5-b5ec-8f16a23a772a-135414175008576","trial_id":32,"param_name":"m","param_value_internal":0,"distribution":"{\"name\": \"CategoricalDistribution\", \"attributes\": {\"choices\": [16, 32, 64, 128, 256]}}"}
{"op_code":5,"worker_id":"5f9335b3-0e2c-48c5-b5ec-8f16a23a772a-135414175008576","trial_id":32,"param_name":"n","param_value_internal":1,"distribution":"{\"name\": \"CategoricalDistribution\", \"attributes\": {\"choices\": [16, 32, 64, 128, 256]}}"}
{"op_code":5,"worker_id":"5f9335b3-0e2c-48c5-b5ec-8f16a23a772a-135414175008576","trial_id":32,"param_name":"k","param_value_internal":1,"distribution":"{\"name\": \"CategoricalDistribution\", \"attributes\": {\"choices\": [16, 32, 64, 128]}}"}
{"op_code":5,"worker_id":"5f9335b3-0e2c-48c5-b5ec-8f16a23a772a-135414175008576","trial_id":32,"param_name":"gx","param_value_internal":2,"distribution":"{\"name\": \"CategoricalDistribution\", \"attributes\": {\"choices\": [1, 2, 4, 8]}}"}
{"op_code":5,"worker_id":"5f9335b3-0e2c-48c5-b5ec-8f16a23a772a-135414175008576","trial_id":32,"param_name":"gy","param_value_internal":2,"distribution":"{\"name\": \"CategoricalDistribution\", \"attributes\": {\"choices\": [1, 2, 4, 8]}}"}
{"op_code":5,"worker_id":"5f9335b3-0e2c-48c5-b5ec-8f16a23a772a-135414175008576","trial_id":32,"param_name":"sub","param_value_internal":1,"distribution":"{\"name\": \"CategoricalDistribution\", \"attributes\": {\"choices\": [32, 64]}}"}
{"op_code":6,"worker_id":"5f9335b3-0e2c-48c5-b5ec-8f16a23a772a-135414175008576","trial_id":32,"state":2,"values":null,"datetime_complete":"2026-07-23T21:48:24.137397"}
{"op_code":4,"worker_id":"5f9335b3-0e2c-48c5-b5ec-8f16a23a772a-135414175008576","study_id":0,"datetime_start":"2026-07-23T21:48:24.139403"}
{"op_code":9,"worker_id":"5f9335b3-0e2c-48c5-b5ec-8f16a23a772a-135414175008576","trial_id":33,"system_attr":{"tpe:relative_params:0":"{\"gx\": 1, \"gy\": 1, \"k\": 16, \"m\": 64, \"n\": 128, \"sub\": 64}"}}
{"op_code":5,"worker_id":"5f9335b3-0e2c-48c5-b5ec-8f16a23a772a-135414175008576","trial_id":33,"param_name":"m","param_value_internal":2,"distribution":"{\"name\": \"CategoricalDistribution\", \"attributes\": {\"choices\": [16, 32, 64, 128, 256]}}"}
{"op_code":5,"worker_id":"5f9335b3-0e2c-48c5-b5ec-8f16a23a772a-135414175008576","trial_id":33,"param_name":"n","param_value_internal":3,"distribution":"{\"name\": \"CategoricalDistribution\", \"attributes\": {\"choices\": [16, 32, 64, 128, 256]}}"}
{"op_code":5,"worker_id":"5f9335b3-0e2c-48c5-b5ec-8f16a23a772a-135414175008576","trial_id":33,"param_name":"k","param_value_internal":0,"distribution":"{\"name\": \"CategoricalDistribution\", \"attributes\": {\"choices\": [16, 32, 64, 128]}}"}
{"op_code":5,"worker_id":"5f9335b3-0e2c-48c5-b5ec-8f16a23a772a-135414175008576","trial_id":33,"param_name":"gx","param_value_internal":0,"distribution":"{\"name\": \"CategoricalDistribution\", \"attributes\": {\"choices\": [1, 2, 4, 8]}}"}
{"op_code":5,"worker_id":"5f9335b3-0e2c-48c5-b5ec-8f16a23a772a-135414175008576","trial_id":33,"param_name":"gy","param_value_internal":0,"distribution":"{\"name\": \"CategoricalDistribution\", \"attributes\": {\"choices\": [1, 2, 4, 8]}}"}
{"op_code":5,"worker_id":"5f9335b3-0e2c-48c5-b5ec-8f16a23a772a-135414175008576","trial_id":33,"param_name":"sub","param_value_internal":1,"distribution":"{\"name\": \"CategoricalDistribution\", \"attributes\": {\"choices\": [32, 64]}}"}
{"op_code":8,"worker_id":"5f9335b3-0e2c-48c5-b5ec-8f16a23a772a-135414175008576","trial_id":33,"user_attr":{"token":"tsweep_t64x128k16g11s64"}}
{"op_code":4,"worker_id":"5f9335b3-0e2c-48c5-b5ec-8f16a23a772a-135414175008576","study_id":0,"datetime_start":"2026-07-23T21:48:24.159135"}
{"op_code":9,"worker_id":"5f9335b3-0e2c-48c5-b5ec-8f16a23a772a-135414175008576","trial_id":34,"system_attr":{"tpe:relative_params:0":"{\"gx\": 4, \"gy\": 4, \"k\": 16, \"m\": 64, \"n\": 256, \"sub\": 32}"}}
{"op_code":5,"worker_id":"5f9335b3-0e2c-48c5-b5ec-8f16a23a772a-135414175008576","trial_id":34,"param_name":"m","param_value_internal":2,"distribution":"{\"name\": \"CategoricalDistribution\", \"attributes\": {\"choices\": [16, 32, 64, 128, 256]}}"}
{"op_code":5,"worker_id":"5f9335b3-0e2c-48c5-b5ec-8f16a23a772a-135414175008576","trial_id":34,"param_name":"n","param_value_internal":4,"distribution":"{\"name\": \"CategoricalDistribution\", \"attributes\": {\"choices\": [16, 32, 64, 128, 256]}}"}
{"op_code":5,"worker_id":"5f9335b3-0e2c-48c5-b5ec-8f16a23a772a-135414175008576","trial_id":34,"param_name":"k","param_value_internal":0,"distribution":"{\"name\": \"CategoricalDistribution\", \"attributes\": {\"choices\": [16, 32, 64, 128]}}"}
{"op_code":5,"worker_id":"5f9335b3-0e2c-48c5-b5ec-8f16a23a772a-135414175008576","trial_id":34,"param_name":"gx","param_value_internal":2,"distribution":"{\"name\": \"CategoricalDistribution\", \"attributes\": {\"choices\": [1, 2, 4, 8]}}"}
{"op_code":5,"worker_id":"5f9335b3-0e2c-48c5-b5ec-8f16a23a772a-135414175008576","trial_id":34,"param_name":"gy","param_value_internal":2,"distribution":"{\"name\": \"CategoricalDistribution\", \"attributes\": {\"choices\": [1, 2, 4, 8]}}"}
{"op_code":5,"worker_id":"5f9335b3-0e2c-48c5-b5ec-8f16a23a772a-135414175008576","trial_id":34,"param_name":"sub","param_value_internal":0,"distribution":"{\"name\": \"CategoricalDistribution\", \"attributes\": {\"choices\": [32, 64]}}"}
{"op_code":6,"worker_id":"5f9335b3-0e2c-48c5-b5ec-8f16a23a772a-135414175008576","trial_id":34,"state":2,"values":null,"datetime_complete":"2026-07-23T21:48:24.177780"}
{"op_code":4,"worker_id":"5f9335b3-0e2c-48c5-b5ec-8f16a23a772a-135414175008576","study_id":0,"datetime_start":"2026-07-23T21:48:24.179968"}
{"op_code":9,"worker_id":"5f9335b3-0e2c-48c5-b5ec-8f16a23a772a-135414175008576","trial_id":35,"system_attr":{"tpe:relative_params:0":"{\"gx\": 8, \"gy\": 4, \"k\": 128, \"m\": 64, \"n\": 64, \"sub\": 32}"}}
{"op_code":5,"worker_id":"5f9335b3-0e2c-48c5-b5ec-8f16a23a772a-135414175008576","trial_id":35,"param_name":"m","param_value_internal":2,"distribution":"{\"name\": \"CategoricalDistribution\", \"attributes\": {\"choices\": [16, 32, 64, 128, 256]}}"}
{"op_code":5,"worker_id":"5f9335b3-0e2c-48c5-b5ec-8f16a23a772a-135414175008576","trial_id":35,"param_name":"n","param_value_internal":2,"distribution":"{\"name\": \"CategoricalDistribution\", \"attributes\": {\"choices\": [16, 32, 64, 128, 256]}}"}
{"op_code":5,"worker_id":"5f9335b3-0e2c-48c5-b5ec-8f16a23a772a-135414175008576","trial_id":35,"param_name":"k","param_value_internal":3,"distribution":"{\"name\": \"CategoricalDistribution\", \"attributes\": {\"choices\": [16, 32, 64, 128]}}"}
{"op_code":5,"worker_id":"5f9335b3-0e2c-48c5-b5ec-8f16a23a772a-135414175008576","trial_id":35,"param_name":"gx","param_value_internal":3,"distribution":"{\"name\": \"CategoricalDistribution\", \"attributes\": {\"choices\": [1, 2, 4, 8]}}"}
{"op_code":5,"worker_id":"5f9335b3-0e2c-48c5-b5ec-8f16a23a772a-135414175008576","trial_id":35,"param_name":"gy","param_value_internal":2,"distribution":"{\"name\": \"CategoricalDistribution\", \"attributes\": {\"choices\": [1, 2, 4, 8]}}"}
{"op_code":5,"worker_id":"5f9335b3-0e2c-48c5-b5ec-8f16a23a772a-135414175008576","trial_id":35,"param_name":"sub","param_value_internal":0,"distribution":"{\"name\": \"CategoricalDistribution\", \"attributes\": {\"choices\": [32, 64]}}"}
{"op_code":6,"worker_id":"5f9335b3-0e2c-48c5-b5ec-8f16a23a772a-135414175008576","trial_id":35,"state":2,"values":null,"datetime_complete":"2026-07-23T21:48:24.198808"}
{"op_code":4,"worker_id":"5f9335b3-0e2c-48c5-b5ec-8f16a23a772a-135414175008576","study_id":0,"datetime_start":"2026-07-23T21:48:24.200910"}
{"op_code":9,"worker_id":"5f9335b3-0e2c-48c5-b5ec-8f16a23a772a-135414175008576","trial_id":36,"system_attr":{"tpe:relative_params:0":"{\"gx\": 1, \"gy\": 2, \"k\": 64, \"m\": 64, \"n\": 128, \"sub\": 32}"}}
{"op_code":5,"worker_id":"5f9335b3-0e2c-48c5-b5ec-8f16a23a772a-135414175008576","trial_id":36,"param_name":"m","param_value_internal":2,"distribution":"{\"name\": \"CategoricalDistribution\", \"attributes\": {\"choices\": [16, 32, 64, 128, 256]}}"}
{"op_code":5,"worker_id":"5f9335b3-0e2c-48c5-b5ec-8f16a23a772a-135414175008576","trial_id":36,"param_name":"n","param_value_internal":3,"distribution":"{\"name\": \"CategoricalDistribution\", \"attributes\": {\"choices\": [16, 32, 64, 128, 256]}}"}
{"op_code":5,"worker_id":"5f9335b3-0e2c-48c5-b5ec-8f16a23a772a-135414175008576","trial_id":36,"param_name":"k","param_value_internal":2,"distribution":"{\"name\": \"CategoricalDistribution\", \"attributes\": {\"choices\": [16, 32, 64, 128]}}"}
{"op_code":5,"worker_id":"5f9335b3-0e2c-48c5-b5ec-8f16a23a772a-135414175008576","trial_id":36,"param_name":"gx","param_value_internal":0,"distribution":"{\"name\": \"CategoricalDistribution\", \"attributes\": {\"choices\": [1, 2, 4, 8]}}"}
{"op_code":5,"worker_id":"5f9335b3-0e2c-48c5-b5ec-8f16a23a772a-135414175008576","trial_id":36,"param_name":"gy","param_value_internal":1,"distribution":"{\"name\": \"CategoricalDistribution\", \"attributes\": {\"choices\": [1, 2, 4, 8]}}"}
{"op_code":5,"worker_id":"5f9335b3-0e2c-48c5-b5ec-8f16a23a772a-135414175008576","trial_id":36,"param_name":"sub","param_value_internal":0,"distribution":"{\"name\": \"CategoricalDistribution\", \"attributes\": {\"choices\": [32, 64]}}"}
{"op_code":6,"worker_id":"5f9335b3-0e2c-48c5-b5ec-8f16a23a772a-135414175008576","trial_id":36,"state":2,"values":null,"datetime_complete":"2026-07-23T21:48:24.218265"}
{"op_code":4,"worker_id":"5f9335b3-0e2c-48c5-b5ec-8f16a23a772a-135414175008576","study_id":0,"datetime_start":"2026-07-23T21:48:24.220118"}
{"op_code":9,"worker_id":"5f9335b3-0e2c-48c5-b5ec-8f16a23a772a-135414175008576","trial_id":37,"system_attr":{"tpe:relative_params:0":"{\"gx\": 8, \"gy\": 2, \"k\": 16, \"m\": 64, \"n\": 256, \"sub\": 32}"}}
{"op_code":5,"worker_id":"5f9335b3-0e2c-48c5-b5ec-8f16a23a772a-135414175008576","trial_id":37,"param_name":"m","param_value_internal":2,"distribution":"{\"name\": \"CategoricalDistribution\", \"attributes\": {\"choices\": [16, 32, 64, 128, 256]}}"}
{"op_code":5,"worker_id":"5f9335b3-0e2c-48c5-b5ec-8f16a23a772a-135414175008576","trial_id":37,"param_name":"n","param_value_internal":4,"distribution":"{\"name\": \"CategoricalDistribution\", \"attributes\": {\"choices\": [16, 32, 64, 128, 256]}}"}
{"op_code":5,"worker_id":"5f9335b3-0e2c-48c5-b5ec-8f16a23a772a-135414175008576","trial_id":37,"param_name":"k","param_value_internal":0,"distribution":"{\"name\": \"CategoricalDistribution\", \"attributes\": {\"choices\": [16, 32, 64, 128]}}"}
{"op_code":5,"worker_id":"5f9335b3-0e2c-48c5-b5ec-8f16a23a772a-135414175008576","trial_id":37,"param_name":"gx","param_value_internal":3,"distribution":"{\"name\": \"CategoricalDistribution\", \"attributes\": {\"choices\": [1, 2, 4, 8]}}"}
{"op_code":5,"worker_id":"5f9335b3-0e2c-48c5-b5ec-8f16a23a772a-135414175008576","trial_id":37,"param_name":"gy","param_value_internal":1,"distribution":"{\"name\": \"CategoricalDistribution\", \"attributes\": {\"choices\": [1, 2, 4, 8]}}"}
{"op_code":5,"worker_id":"5f9335b3-0e2c-48c5-b5ec-8f16a23a772a-135414175008576","trial_id":37,"param_name":"sub","param_value_internal":0,"distribution":"{\"name\": \"CategoricalDistribution\", \"attributes\": {\"choices\": [32, 64]}}"}
{"op_code":6,"worker_id":"5f9335b3-0e2c-48c5-b5ec-8f16a23a772a-135414175008576","trial_id":37,"state":2,"values":null,"datetime_complete":"2026-07-23T21:48:24.237054"}
{"op_code":4,"worker_id":"5f9335b3-0e2c-48c5-b5ec-8f16a23a772a-135414175008576","study_id":0,"datetime_start":"2026-07-23T21:48:24.239188"}
{"op_code":9,"worker_id":"5f9335b3-0e2c-48c5-b5ec-8f16a23a772a-135414175008576","trial_id":38,"system_attr":{"tpe:relative_params:0":"{\"gx\": 4, \"gy\": 8, \"k\": 64, \"m\": 256, \"n\": 32, \"sub\": 64}"}}
{"op_code":5,"worker_id":"5f9335b3-0e2c-48c5-b5ec-8f16a23a772a-135414175008576","trial_id":38,"param_name":"m","param_value_internal":4,"distribution":"{\"name\": \"CategoricalDistribution\", \"attributes\": {\"choices\": [16, 32, 64, 128, 256]}}"}
{"op_code":5,"worker_id":"5f9335b3-0e2c-48c5-b5ec-8f16a23a772a-135414175008576","trial_id":38,"param_name":"n","param_value_internal":1,"distribution":"{\"name\": \"CategoricalDistribution\", \"attributes\": {\"choices\": [16, 32, 64, 128, 256]}}"}
{"op_code":5,"worker_id":"5f9335b3-0e2c-48c5-b5ec-8f16a23a772a-135414175008576","trial_id":38,"param_name":"k","param_value_internal":2,"distribution":"{\"name\": \"CategoricalDistribution\", \"attributes\": {\"choices\": [16, 32, 64, 128]}}"}
{"op_code":5,"worker_id":"5f9335b3-0e2c-48c5-b5ec-8f16a23a772a-135414175008576","trial_id":38,"param_name":"gx","param_value_internal":2,"distribution":"{\"name\": \"CategoricalDistribution\", \"attributes\": {\"choices\": [1, 2, 4, 8]}}"}
{"op_code":5,"worker_id":"5f9335b3-0e2c-48c5-b5ec-8f16a23a772a-135414175008576","trial_id":38,"param_name":"gy","param_value_internal":3,"distribution":"{\"name\": \"CategoricalDistribution\", \"attributes\": {\"choices\": [1, 2, 4, 8]}}"}
{"op_code":5,"worker_id":"5f9335b3-0e2c-48c5-b5ec-8f16a23a772a-135414175008576","trial_id":38,"param_name":"sub","param_value_internal":1,"distribution":"{\"name\": \"CategoricalDistribution\", \"attributes\": {\"choices\": [32, 64]}}"}
{"op_code":6,"worker_id":"5f9335b3-0e2c-48c5-b5ec-8f16a23a772a-135414175008576","trial_id":38,"state":2,"values":null,"datetime_complete":"2026-07-23T21:48:24.257317"}
{"op_code":4,"worker_id":"5f9335b3-0e2c-48c5-b5ec-8f16a23a772a-135414175008576","study_id":0,"datetime_start":"2026-07-23T21:48:24.259285"}
{"op_code":9,"worker_id":"5f9335b3-0e2c-48c5-b5ec-8f16a23a772a-135414175008576","trial_id":39,"system_attr":{"tpe:relative_params:0":"{\"gx\": 1, \"gy\": 2, \"k\": 16, \"m\": 128, \"n\": 256, \"sub\": 32}"}}
{"op_code":5,"worker_id":"5f9335b3-0e2c-48c5-b5ec-8f16a23a772a-135414175008576","trial_id":39,"param_name":"m","param_value_internal":3,"distribution":"{\"name\": \"CategoricalDistribution\", \"attributes\": {\"choices\": [16, 32, 64, 128, 256]}}"}
{"op_code":5,"worker_id":"5f9335b3-0e2c-48c5-b5ec-8f16a23a772a-135414175008576","trial_id":39,"param_name":"n","param_value_internal":4,"distribution":"{\"name\": \"CategoricalDistribution\", \"attributes\": {\"choices\": [16, 32, 64, 128, 256]}}"}
{"op_code":5,"worker_id":"5f9335b3-0e2c-48c5-b5ec-8f16a23a772a-135414175008576","trial_id":39,"param_name":"k","param_value_internal":0,"distribution":"{\"name\": \"CategoricalDistribution\", \"attributes\": {\"choices\": [16, 32, 64, 128]}}"}
{"op_code":5,"worker_id":"5f9335b3-0e2c-48c5-b5ec-8f16a23a772a-135414175008576","trial_id":39,"param_name":"gx","param_value_internal":0,"distribution":"{\"name\": \"CategoricalDistribution\", \"attributes\": {\"choices\": [1, 2, 4, 8]}}"}
{"op_code":5,"worker_id":"5f9335b3-0e2c-48c5-b5ec-8f16a23a772a-135414175008576","trial_id":39,"param_name":"gy","param_value_internal":1,"distribution":"{\"name\": \"CategoricalDistribution\", \"attributes\": {\"choices\": [1, 2, 4, 8]}}"}
{"op_code":5,"worker_id":"5f9335b3-0e2c-48c5-b5ec-8f16a23a772a-135414175008576","trial_id":39,"param_name":"sub","param_value_internal":0,"distribution":"{\"name\": \"CategoricalDistribution\", \"attributes\": {\"choices\": [32, 64]}}"}
{"op_code":6,"worker_id":"5f9335b3-0e2c-48c5-b5ec-8f16a23a772a-135414175008576","trial_id":39,"state":2,"values":null,"datetime_complete":"2026-07-23T21:48:24.276883"}
{"op_code":4,"worker_id":"5f9335b3-0e2c-48c5-b5ec-8f16a23a772a-135414175008576","study_id":0,"datetime_start":"2026-07-23T21:48:24.278729"}
{"op_code":9,"worker_id":"5f9335b3-0e2c-48c5-b5ec-8f16a23a772a-135414175008576","trial_id":40,"system_attr":{"tpe:relative_params:0":"{\"gx\": 4, \"gy\": 8, \"k\": 16, \"m\": 64, \"n\": 128, \"sub\": 32}"}}
{"op_code":5,"worker_id":"5f9335b3-0e2c-48c5-b5ec-8f16a23a772a-135414175008576","trial_id":40,"param_name":"m","param_value_internal":2,"distribution":"{\"name\": \"CategoricalDistribution\", \"attributes\": {\"choices\": [16, 32, 64, 128, 256]}}"}
{"op_code":5,"worker_id":"5f9335b3-0e2c-48c5-b5ec-8f16a23a772a-135414175008576","trial_id":40,"param_name":"n","param_value_internal":3,"distribution":"{\"name\": \"CategoricalDistribution\", \"attributes\": {\"choices\": [16, 32, 64, 128, 256]}}"}
{"op_code":5,"worker_id":"5f9335b3-0e2c-48c5-b5ec-8f16a23a772a-135414175008576","trial_id":40,"param_name":"k","param_value_internal":0,"distribution":"{\"name\": \"CategoricalDistribution\", \"attributes\": {\"choices\": [16, 32, 64, 128]}}"}
{"op_code":5,"worker_id":"5f9335b3-0e2c-48c5-b5ec-8f16a23a772a-135414175008576","trial_id":40,"param_name":"gx","param_value_internal":2,"distribution":"{\"name\": \"CategoricalDistribution\", \"attributes\": {\"choices\": [1, 2, 4, 8]}}"}
{"op_code":5,"worker_id":"5f9335b3-0e2c-48c5-b5ec-8f16a23a772a-135414175008576","trial_id":40,"param_name":"gy","param_value_internal":3,"distribution":"{\"name\": \"CategoricalDistribution\", \"attributes\": {\"choices\": [1, 2, 4, 8]}}"}
{"op_code":5,"worker_id":"5f9335b3-0e2c-48c5-b5ec-8f16a23a772a-135414175008576","trial_id":40,"param_name":"sub","param_value_internal":0,"distribution":"{\"name\": \"CategoricalDistribution\", \"attributes\": {\"choices\": [32, 64]}}"}
{"op_code":6,"worker_id":"5f9335b3-0e2c-48c5-b5ec-8f16a23a772a-135414175008576","trial_id":40,"state":2,"values":null,"datetime_complete":"2026-07-23T21:48:24.297850"}
{"op_code":4,"worker_id":"5f9335b3-0e2c-48c5-b5ec-8f16a23a772a-135414175008576","study_id":0,"datetime_start":"2026-07-23T21:48:24.299828"}
{"op_code":9,"worker_id":"5f9335b3-0e2c-48c5-b5ec-8f16a23a772a-135414175008576","trial_id":41,"system_attr":{"tpe:relative_params:0":"{\"gx\": 4, \"gy\": 1, \"k\": 32, \"m\": 32, \"n\": 128, \"sub\": 64}"}}
{"op_code":5,"worker_id":"5f9335b3-0e2c-48c5-b5ec-8f16a23a772a-135414175008576","trial_id":41,"param_name":"m","param_value_internal":1,"distribution":"{\"name\": \"CategoricalDistribution\", \"attributes\": {\"choices\": [16, 32, 64, 128, 256]}}"}
{"op_code":5,"worker_id":"5f9335b3-0e2c-48c5-b5ec-8f16a23a772a-135414175008576","trial_id":41,"param_name":"n","param_value_internal":3,"distribution":"{\"name\": \"CategoricalDistribution\", \"attributes\": {\"choices\": [16, 32, 64, 128, 256]}}"}
{"op_code":5,"worker_id":"5f9335b3-0e2c-48c5-b5ec-8f16a23a772a-135414175008576","trial_id":41,"param_name":"k","param_value_internal":1,"distribution":"{\"name\": \"CategoricalDistribution\", \"attributes\": {\"choices\": [16, 32, 64, 128]}}"}
{"op_code":5,"worker_id":"5f9335b3-0e2c-48c5-b5ec-8f16a23a772a-135414175008576","trial_id":41,"param_name":"gx","param_value_internal":2,"distribution":"{\"name\": \"CategoricalDistribution\", \"attributes\": {\"choices\": [1, 2, 4, 8]}}"}
{"op_code":5,"worker_id":"5f9335b3-0e2c-48c5-b5ec-8f16a23a772a-135414175008576","trial_id":41,"param_name":"gy","param_value_internal":0,"distribution":"{\"name\": \"CategoricalDistribution\", \"attributes\": {\"choices\": [1, 2, 4, 8]}}"}
{"op_code":5,"worker_id":"5f9335b3-0e2c-48c5-b5ec-8f16a23a772a-135414175008576","trial_id":41,"param_name":"sub","param_value_internal":1,"distribution":"{\"name\": \"CategoricalDistribution\", \"attributes\": {\"choices\": [32, 64]}}"}
{"op_code":8,"worker_id":"5f9335b3-0e2c-48c5-b5ec-8f16a23a772a-135414175008576","trial_id":41,"user_attr":{"token":"tsweep_t32x128k32g41s64"}}
{"op_code":4,"worker_id":"5f9335b3-0e2c-48c5-b5ec-8f16a23a772a-135414175008576","study_id":0,"datetime_start":"2026-07-23T21:48:24.319544"}
{"op_code":9,"worker_id":"5f9335b3-0e2c-48c5-b5ec-8f16a23a772a-135414175008576","trial_id":42,"system_attr":{"tpe:relative_params:0":"{\"gx\": 8, \"gy\": 4, \"k\": 16, \"m\": 16, \"n\": 128, \"sub\": 64}"}}
{"op_code":5,"worker_id":"5f9335b3-0e2c-48c5-b5ec-8f16a23a772a-135414175008576","trial_id":42,"param_name":"m","param_value_internal":0,"distribution":"{\"name\": \"CategoricalDistribution\", \"attributes\": {\"choices\": [16, 32, 64, 128, 256]}}"}
{"op_code":5,"worker_id":"5f9335b3-0e2c-48c5-b5ec-8f16a23a772a-135414175008576","trial_id":42,"param_name":"n","param_value_internal":3,"distribution":"{\"name\": \"CategoricalDistribution\", \"attributes\": {\"choices\": [16, 32, 64, 128, 256]}}"}
{"op_code":5,"worker_id":"5f9335b3-0e2c-48c5-b5ec-8f16a23a772a-135414175008576","trial_id":42,"param_name":"k","param_value_internal":0,"distribution":"{\"name\": \"CategoricalDistribution\", \"attributes\": {\"choices\": [16, 32, 64, 128]}}"}
{"op_code":5,"worker_id":"5f9335b3-0e2c-48c5-b5ec-8f16a23a772a-135414175008576","trial_id":42,"param_name":"gx","param_value_internal":3,"distribution":"{\"name\": \"CategoricalDistribution\", \"attributes\": {\"choices\": [1, 2, 4, 8]}}"}
{"op_code":5,"worker_id":"5f9335b3-0e2c-48c5-b5ec-8f16a23a772a-135414175008576","trial_id":42,"param_name":"gy","param_value_internal":2,"distribution":"{\"name\": \"CategoricalDistribution\", \"attributes\": {\"choices\": [1, 2, 4, 8]}}"}
{"op_code":5,"worker_id":"5f9335b3-0e2c-48c5-b5ec-8f16a23a772a-135414175008576","trial_id":42,"param_name":"sub","param_value_internal":1,"distribution":"{\"name\": \"CategoricalDistribution\", \"attributes\": {\"choices\": [32, 64]}}"}
{"op_code":6,"worker_id":"5f9335b3-0e2c-48c5-b5ec-8f16a23a772a-135414175008576","trial_id":42,"state":2,"values":null,"datetime_complete":"2026-07-23T21:48:24.337853"}
{"op_code":4,"worker_id":"5f9335b3-0e2c-48c5-b5ec-8f16a23a772a-135414175008576","study_id":0,"datetime_start":"2026-07-23T21:48:24.339712"}
{"op_code":9,"worker_id":"5f9335b3-0e2c-48c5-b5ec-8f16a23a772a-135414175008576","trial_id":43,"system_attr":{"tpe:relative_params:0":"{\"gx\": 4, \"gy\": 1, \"k\": 128, \"m\": 128, \"n\": 128, \"sub\": 32}"}}
{"op_code":5,"worker_id":"5f9335b3-0e2c-48c5-b5ec-8f16a23a772a-135414175008576","trial_id":43,"param_name":"m","param_value_internal":3,"distribution":"{\"name\": \"CategoricalDistribution\", \"attributes\": {\"choices\": [16, 32, 64, 128, 256]}}"}
{"op_code":5,"worker_id":"5f9335b3-0e2c-48c5-b5ec-8f16a23a772a-135414175008576","trial_id":43,"param_name":"n","param_value_internal":3,"distribution":"{\"name\": \"CategoricalDistribution\", \"attributes\": {\"choices\": [16, 32, 64, 128, 256]}}"}
{"op_code":5,"worker_id":"5f9335b3-0e2c-48c5-b5ec-8f16a23a772a-135414175008576","trial_id":43,"param_name":"k","param_value_internal":3,"distribution":"{\"name\": \"CategoricalDistribution\", \"attributes\": {\"choices\": [16, 32, 64, 128]}}"}
{"op_code":5,"worker_id":"5f9335b3-0e2c-48c5-b5ec-8f16a23a772a-135414175008576","trial_id":43,"param_name":"gx","param_value_internal":2,"distribution":"{\"name\": \"CategoricalDistribution\", \"attributes\": {\"choices\": [1, 2, 4, 8]}}"}
{"op_code":5,"worker_id":"5f9335b3-0e2c-48c5-b5ec-8f16a23a772a-135414175008576","trial_id":43,"param_name":"gy","param_value_internal":0,"distribution":"{\"name\": \"CategoricalDistribution\", \"attributes\": {\"choices\": [1, 2, 4, 8]}}"}
{"op_code":5,"worker_id":"5f9335b3-0e2c-48c5-b5ec-8f16a23a772a-135414175008576","trial_id":43,"param_name":"sub","param_value_internal":0,"distribution":"{\"name\": \"CategoricalDistribution\", \"attributes\": {\"choices\": [32, 64]}}"}
{"op_code":6,"worker_id":"5f9335b3-0e2c-48c5-b5ec-8f16a23a772a-135414175008576","trial_id":43,"state":2,"values":null,"datetime_complete":"2026-07-23T21:48:24.357272"}
{"op_code":4,"worker_id":"5f9335b3-0e2c-48c5-b5ec-8f16a23a772a-135414175008576","study_id":0,"datetime_start":"2026-07-23T21:48:24.359278"}
{"op_code":9,"worker_id":"5f9335b3-0e2c-48c5-b5ec-8f16a23a772a-135414175008576","trial_id":44,"system_attr":{"tpe:relative_params:0":"{\"gx\": 8, \"gy\": 1, \"k\": 16, \"m\": 64, \"n\": 32, \"sub\": 32}"}}
{"op_code":5,"worker_id":"5f9335b3-0e2c-48c5-b5ec-8f16a23a772a-135414175008576","trial_id":44,"param_name":"m","param_value_internal":2,"distribution":"{\"name\": \"CategoricalDistribution\", \"attributes\": {\"choices\": [16, 32, 64, 128, 256]}}"}
{"op_code":5,"worker_id":"5f9335b3-0e2c-48c5-b5ec-8f16a23a772a-135414175008576","trial_id":44,"param_name":"n","param_value_internal":1,"distribution":"{\"name\": \"CategoricalDistribution\", \"attributes\": {\"choices\": [16, 32, 64, 128, 256]}}"}
{"op_code":5,"worker_id":"5f9335b3-0e2c-48c5-b5ec-8f16a23a772a-135414175008576","trial_id":44,"param_name":"k","param_value_internal":0,"distribution":"{\"name\": \"CategoricalDistribution\", \"attributes\": {\"choices\": [16, 32, 64, 128]}}"}
{"op_code":5,"worker_id":"5f9335b3-0e2c-48c5-b5ec-8f16a23a772a-135414175008576","trial_id":44,"param_name":"gx","param_value_internal":3,"distribution":"{\"name\": \"CategoricalDistribution\", \"attributes\": {\"choices\": [1, 2, 4, 8]}}"}
{"op_code":5,"worker_id":"5f9335b3-0e2c-48c5-b5ec-8f16a23a772a-135414175008576","trial_id":44,"param_name":"gy","param_value_internal":0,"distribution":"{\"name\": \"CategoricalDistribution\", \"attributes\": {\"choices\": [1, 2, 4, 8]}}"}
{"op_code":5,"worker_id":"5f9335b3-0e2c-48c5-b5ec-8f16a23a772a-135414175008576","trial_id":44,"param_name":"sub","param_value_internal":0,"distribution":"{\"name\": \"CategoricalDistribution\", \"attributes\": {\"choices\": [32, 64]}}"}
{"op_code":6,"worker_id":"5f9335b3-0e2c-48c5-b5ec-8f16a23a772a-135414175008576","trial_id":44,"state":2,"values":null,"datetime_complete":"2026-07-23T21:48:24.378251"}
{"op_code":4,"worker_id":"5f9335b3-0e2c-48c5-b5ec-8f16a23a772a-135414175008576","study_id":0,"datetime_start":"2026-07-23T21:48:24.380820"}
{"op_code":9,"worker_id":"5f9335b3-0e2c-48c5-b5ec-8f16a23a772a-135414175008576","trial_id":45,"system_attr":{"tpe:relative_params:0":"{\"gx\": 4, \"gy\": 2, \"k\": 32, \"m\": 64, \"n\": 256, \"sub\": 32}"}}
{"op_code":5,"worker_id":"5f9335b3-0e2c-48c5-b5ec-8f16a23a772a-135414175008576","trial_id":45,"param_name":"m","param_value_internal":2,"distribution":"{\"name\": \"CategoricalDistribution\", \"attributes\": {\"choices\": [16, 32, 64, 128, 256]}}"}
{"op_code":5,"worker_id":"5f9335b3-0e2c-48c5-b5ec-8f16a23a772a-135414175008576","trial_id":45,"param_name":"n","param_value_internal":4,"distribution":"{\"name\": \"CategoricalDistribution\", \"attributes\": {\"choices\": [16, 32, 64, 128, 256]}}"}
{"op_code":5,"worker_id":"5f9335b3-0e2c-48c5-b5ec-8f16a23a772a-135414175008576","trial_id":45,"param_name":"k","param_value_internal":1,"distribution":"{\"name\": \"CategoricalDistribution\", \"attributes\": {\"choices\": [16, 32, 64, 128]}}"}
{"op_code":5,"worker_id":"5f9335b3-0e2c-48c5-b5ec-8f16a23a772a-135414175008576","trial_id":45,"param_name":"gx","param_value_internal":2,"distribution":"{\"name\": \"CategoricalDistribution\", \"attributes\": {\"choices\": [1, 2, 4, 8]}}"}
{"op_code":5,"worker_id":"5f9335b3-0e2c-48c5-b5ec-8f16a23a772a-135414175008576","trial_id":45,"param_name":"gy","param_value_internal":1,"distribution":"{\"name\": \"CategoricalDistribution\", \"attributes\": {\"choices\": [1, 2, 4, 8]}}"}
{"op_code":5,"worker_id":"5f9335b3-0e2c-48c5-b5ec-8f16a23a772a-135414175008576","trial_id":45,"param_name":"sub","param_value_internal":0,"distribution":"{\"name\": \"CategoricalDistribution\", \"attributes\": {\"choices\": [32, 64]}}"}
{"op_code":6,"worker_id":"5f9335b3-0e2c-48c5-b5ec-8f16a23a772a-135414175008576","trial_id":45,"state":2,"values":null,"datetime_complete":"2026-07-23T21:48:24.405373"}
{"op_code":4,"worker_id":"5f9335b3-0e2c-48c5-b5ec-8f16a23a772a-135414175008576","study_id":0,"datetime_start":"2026-07-23T21:48:24.408081"}
{"op_code":9,"worker_id":"5f9335b3-0e2c-48c5-b5ec-8f16a23a772a-135414175008576","trial_id":46,"system_attr":{"tpe:relative_params:0":"{\"gx\": 4, \"gy\": 1, \"k\": 64, \"m\": 64, \"n\": 128, \"sub\": 64}"}}
{"op_code":5,"worker_id":"5f9335b3-0e2c-48c5-b5ec-8f16a23a772a-135414175008576","trial_id":46,"param_name":"m","param_value_internal":2,"distribution":"{\"name\": \"CategoricalDistribution\", \"attributes\": {\"choices\": [16, 32, 64, 128, 256]}}"}
{"op_code":5,"worker_id":"5f9335b3-0e2c-48c5-b5ec-8f16a23a772a-135414175008576","trial_id":46,"param_name":"n","param_value_internal":3,"distribution":"{\"name\": \"CategoricalDistribution\", \"attributes\": {\"choices\": [16, 32, 64, 128, 256]}}"}
{"op_code":5,"worker_id":"5f9335b3-0e2c-48c5-b5ec-8f16a23a772a-135414175008576","trial_id":46,"param_name":"k","param_value_internal":2,"distribution":"{\"name\": \"CategoricalDistribution\", \"attributes\": {\"choices\": [16, 32, 64, 128]}}"}
{"op_code":5,"worker_id":"5f9335b3-0e2c-48c5-b5ec-8f16a23a772a-135414175008576","trial_id":46,"param_name":"gx","param_value_internal":2,"distribution":"{\"name\": \"CategoricalDistribution\", \"attributes\": {\"choices\": [1, 2, 4, 8]}}"}
{"op_code":5,"worker_id":"5f9335b3-0e2c-48c5-b5ec-8f16a23a772a-135414175008576","trial_id":46,"param_name":"gy","param_value_internal":0,"distribution":"{\"name\": \"CategoricalDistribution\", \"attributes\": {\"choices\": [1, 2, 4, 8]}}"}
{"op_code":5,"worker_id":"5f9335b3-0e2c-48c5-b5ec-8f16a23a772a-135414175008576","trial_id":46,"param_name":"sub","param_value_internal":1,"distribution":"{\"name\": \"CategoricalDistribution\", \"attributes\": {\"choices\": [32, 64]}}"}
{"op_code":8,"worker_id":"5f9335b3-0e2c-48c5-b5ec-8f16a23a772a-135414175008576","trial_id":46,"user_attr":{"token":"tsweep_t64x128k64g41s64"}}
{"op_code":4,"worker_id":"5f9335b3-0e2c-48c5-b5ec-8f16a23a772a-135414175008576","study_id":0,"datetime_start":"2026-07-23T21:48:24.431910"}
{"op_code":9,"worker_id":"5f9335b3-0e2c-48c5-b5ec-8f16a23a772a-135414175008576","trial_id":47,"system_attr":{"tpe:relative_params:0":"{\"gx\": 8, \"gy\": 2, \"k\": 128, \"m\": 64, \"n\": 128, \"sub\": 32}"}}
{"op_code":5,"worker_id":"5f9335b3-0e2c-48c5-b5ec-8f16a23a772a-135414175008576","trial_id":47,"param_name":"m","param_value_internal":2,"distribution":"{\"name\": \"CategoricalDistribution\", \"attributes\": {\"choices\": [16, 32, 64, 128, 256]}}"}
{"op_code":5,"worker_id":"5f9335b3-0e2c-48c5-b5ec-8f16a23a772a-135414175008576","trial_id":47,"param_name":"n","param_value_internal":3,"distribution":"{\"name\": \"CategoricalDistribution\", \"attributes\": {\"choices\": [16, 32, 64, 128, 256]}}"}
{"op_code":5,"worker_id":"5f9335b3-0e2c-48c5-b5ec-8f16a23a772a-135414175008576","trial_id":47,"param_name":"k","param_value_internal":3,"distribution":"{\"name\": \"CategoricalDistribution\", \"attributes\": {\"choices\": [16, 32, 64, 128]}}"}
{"op_code":5,"worker_id":"5f9335b3-0e2c-48c5-b5ec-8f16a23a772a-135414175008576","trial_id":47,"param_name":"gx","param_value_internal":3,"distribution":"{\"name\": \"CategoricalDistribution\", \"attributes\": {\"choices\": [1, 2, 4, 8]}}"}
{"op_code":5,"worker_id":"5f9335b3-0e2c-48c5-b5ec-8f16a23a772a-135414175008576","trial_id":47,"param_name":"gy","param_value_internal":1,"distribution":"{\"name\": \"CategoricalDistribution\", \"attributes\": {\"choices\": [1, 2, 4, 8]}}"}
{"op_code":5,"worker_id":"5f9335b3-0e2c-48c5-b5ec-8f16a23a772a-135414175008576","trial_id":47,"param_name":"sub","param_value_internal":0,"distribution":"{\"name\": \"CategoricalDistribution\", \"attributes\": {\"choices\": [32, 64]}}"}
{"op_code":6,"worker_id":"5f9335b3-0e2c-48c5-b5ec-8f16a23a772a-135414175008576","trial_id":47,"state":2,"values":null,"datetime_complete":"2026-07-23T21:48:24.451096"}
{"op_code":4,"worker_id":"5f9335b3-0e2c-48c5-b5ec-8f16a23a772a-135414175008576","study_id":0,"datetime_start":"2026-07-23T21:48:24.453040"}
{"op_code":9,"worker_id":"5f9335b3-0e2c-48c5-b5ec-8f16a23a772a-135414175008576","trial_id":48,"system_attr":{"tpe:relative_params:0":"{\"gx\": 1, \"gy\": 4, \"k\": 32, \"m\": 64, \"n\": 128, \"sub\": 32}"}}
{"op_code":5,"worker_id":"5f9335b3-0e2c-48c5-b5ec-8f16a23a772a-135414175008576","trial_id":48,"param_name":"m","param_value_internal":2,"distribution":"{\"name\": \"CategoricalDistribution\", \"attributes\": {\"choices\": [16, 32, 64, 128, 256]}}"}
{"op_code":5,"worker_id":"5f9335b3-0e2c-48c5-b5ec-8f16a23a772a-135414175008576","trial_id":48,"param_name":"n","param_value_internal":3,"distribution":"{\"name\": \"CategoricalDistribution\", \"attributes\": {\"choices\": [16, 32, 64, 128, 256]}}"}
{"op_code":5,"worker_id":"5f9335b3-0e2c-48c5-b5ec-8f16a23a772a-135414175008576","trial_id":48,"param_name":"k","param_value_internal":1,"distribution":"{\"name\": \"CategoricalDistribution\", \"attributes\": {\"choices\": [16, 32, 64, 128]}}"}
{"op_code":5,"worker_id":"5f9335b3-0e2c-48c5-b5ec-8f16a23a772a-135414175008576","trial_id":48,"param_name":"gx","param_value_internal":0,"distribution":"{\"name\": \"CategoricalDistribution\", \"attributes\": {\"choices\": [1, 2, 4, 8]}}"}
{"op_code":5,"worker_id":"5f9335b3-0e2c-48c5-b5ec-8f16a23a772a-135414175008576","trial_id":48,"param_name":"gy","param_value_internal":2,"distribution":"{\"name\": \"CategoricalDistribution\", \"attributes\": {\"choices\": [1, 2, 4, 8]}}"}
{"op_code":5,"worker_id":"5f9335b3-0e2c-48c5-b5ec-8f16a23a772a-135414175008576","trial_id":48,"param_name":"sub","param_value_internal":0,"distribution":"{\"name\": \"CategoricalDistribution\", \"attributes\": {\"choices\": [32, 64]}}"}
{"op_code":6,"worker_id":"5f9335b3-0e2c-48c5-b5ec-8f16a23a772a-135414175008576","trial_id":48,"state":2,"values":null,"datetime_complete":"2026-07-23T21:48:24.470020"}
{"op_code":4,"worker_id":"5f9335b3-0e2c-48c5-b5ec-8f16a23a772a-135414175008576","study_id":0,"datetime_start":"2026-07-23T21:48:24.471786"}
{"op_code":9,"worker_id":"5f9335b3-0e2c-48c5-b5ec-8f16a23a772a-135414175008576","trial_id":49,"system_attr":{"tpe:relative_params:0":"{\"gx\": 4, \"gy\": 4, \"k\": 64, \"m\": 256, \"n\": 128, \"sub\": 32}"}}
{"op_code":5,"worker_id":"5f9335b3-0e2c-48c5-b5ec-8f16a23a772a-135414175008576","trial_id":49,"param_name":"m","param_value_internal":4,"distribution":"{\"name\": \"CategoricalDistribution\", \"attributes\": {\"choices\": [16, 32, 64, 128, 256]}}"}
{"op_code":5,"worker_id":"5f9335b3-0e2c-48c5-b5ec-8f16a23a772a-135414175008576","trial_id":49,"param_name":"n","param_value_internal":3,"distribution":"{\"name\": \"CategoricalDistribution\", \"attributes\": {\"choices\": [16, 32, 64, 128, 256]}}"}
{"op_code":5,"worker_id":"5f9335b3-0e2c-48c5-b5ec-8f16a23a772a-135414175008576","trial_id":49,"param_name":"k","param_value_internal":2,"distribution":"{\"name\": \"CategoricalDistribution\", \"attributes\": {\"choices\": [16, 32, 64, 128]}}"}
{"op_code":5,"worker_id":"5f9335b3-0e2c-48c5-b5ec-8f16a23a772a-135414175008576","trial_id":49,"param_name":"gx","param_value_internal":2,"distribution":"{\"name\": \"CategoricalDistribution\", \"attributes\": {\"choices\": [1, 2, 4, 8]}}"}
{"op_code":5,"worker_id":"5f9335b3-0e2c-48c5-b5ec-8f16a23a772a-135414175008576","trial_id":49,"param_name":"gy","param_value_internal":2,"distribution":"{\"name\": \"CategoricalDistribution\", \"attributes\": {\"choices\": [1, 2, 4, 8]}}"}
{"op_code":5,"worker_id":"5f9335b3-0e2c-48c5-b5ec-8f16a23a772a-135414175008576","trial_id":49,"param_name":"sub","param_value_internal":0,"distribution":"{\"name\": \"CategoricalDistribution\", \"attributes\": {\"choices\": [32, 64]}}"}
{"op_code":6,"worker_id":"5f9335b3-0e2c-48c5-b5ec-8f16a23a772a-135414175008576","trial_id":49,"state":2,"values":null,"datetime_complete":"2026-07-23T21:48:24.488438"}
{"op_code":4,"worker_id":"5f9335b3-0e2c-48c5-b5ec-8f16a23a772a-135414175008576","study_id":0,"datetime_start":"2026-07-23T21:48:24.490124"}
{"op_code":9,"worker_id":"5f9335b3-0e2c-48c5-b5ec-8f16a23a772a-135414175008576","trial_id":50,"system_attr":{"tpe:relative_params:0":"{\"gx\": 2, \"gy\": 4, \"k\": 16, \"m\": 256, \"n\": 128, \"sub\": 32}"}}
{"op_code":5,"worker_id":"5f9335b3-0e2c-48c5-b5ec-8f16a23a772a-135414175008576","trial_id":50,"param_name":"m","param_value_internal":4,"distribution":"{\"name\": \"CategoricalDistribution\", \"attributes\": {\"choices\": [16, 32, 64, 128, 256]}}"}
{"op_code":5,"worker_id":"5f9335b3-0e2c-48c5-b5ec-8f16a23a772a-135414175008576","trial_id":50,"param_name":"n","param_value_internal":3,"distribution":"{\"name\": \"CategoricalDistribution\", \"attributes\": {\"choices\": [16, 32, 64, 128, 256]}}"}
{"op_code":5,"worker_id":"5f9335b3-0e2c-48c5-b5ec-8f16a23a772a-135414175008576","trial_id":50,"param_name":"k","param_value_internal":0,"distribution":"{\"name\": \"CategoricalDistribution\", \"attributes\": {\"choices\": [16, 32, 64, 128]}}"}
{"op_code":5,"worker_id":"5f9335b3-0e2c-48c5-b5ec-8f16a23a772a-135414175008576","trial_id":50,"param_name":"gx","param_value_internal":1,"distribution":"{\"name\": \"CategoricalDistribution\", \"attributes\": {\"choices\": [1, 2, 4, 8]}}"}
{"op_code":5,"worker_id":"5f9335b3-0e2c-48c5-b5ec-8f16a23a772a-135414175008576","trial_id":50,"param_name":"gy","param_value_internal":2,"distribution":"{\"name\": \"CategoricalDistribution\", \"attributes\": {\"choices\": [1, 2, 4, 8]}}"}
{"op_code":5,"worker_id":"5f9335b3-0e2c-48c5-b5ec-8f16a23a772a-135414175008576","trial_id":50,"param_name":"sub","param_value_internal":0,"distribution":"{\"name\": \"CategoricalDistribution\", \"attributes\": {\"choices\": [32, 64]}}"}
{"op_code":6,"worker_id":"5f9335b3-0e2c-48c5-b5ec-8f16a23a772a-135414175008576","trial_id":50,"state":2,"values":null,"datetime_complete":"2026-07-23T21:48:24.507216"}
{"op_code":4,"worker_id":"5f9335b3-0e2c-48c5-b5ec-8f16a23a772a-135414175008576","study_id":0,"datetime_start":"2026-07-23T21:48:24.509424"}
{"op_code":9,"worker_id":"5f9335b3-0e2c-48c5-b5ec-8f16a23a772a-135414175008576","trial_id":51,"system_attr":{"tpe:relative_params:0":"{\"gx\": 8, \"gy\": 2, \"k\": 16, \"m\": 32, \"n\": 256, \"sub\": 64}"}}
{"op_code":5,"worker_id":"5f9335b3-0e2c-48c5-b5ec-8f16a23a772a-135414175008576","trial_id":51,"param_name":"m","param_value_internal":1,"distribution":"{\"name\": \"CategoricalDistribution\", \"attributes\": {\"choices\": [16, 32, 64, 128, 256]}}"}
{"op_code":5,"worker_id":"5f9335b3-0e2c-48c5-b5ec-8f16a23a772a-135414175008576","trial_id":51,"param_name":"n","param_value_internal":4,"distribution":"{\"name\": \"CategoricalDistribution\", \"attributes\": {\"choices\": [16, 32, 64, 128, 256]}}"}
{"op_code":5,"worker_id":"5f9335b3-0e2c-48c5-b5ec-8f16a23a772a-135414175008576","trial_id":51,"param_name":"k","param_value_internal":0,"distribution":"{\"name\": \"CategoricalDistribution\", \"attributes\": {\"choices\": [16, 32, 64, 128]}}"}
{"op_code":5,"worker_id":"5f9335b3-0e2c-48c5-b5ec-8f16a23a772a-135414175008576","trial_id":51,"param_name":"gx","param_value_internal":3,"distribution":"{\"name\": \"CategoricalDistribution\", \"attributes\": {\"choices\": [1, 2, 4, 8]}}"}
{"op_code":5,"worker_id":"5f9335b3-0e2c-48c5-b5ec-8f16a23a772a-135414175008576","trial_id":51,"param_name":"gy","param_value_internal":1,"distribution":"{\"name\": \"CategoricalDistribution\", \"attributes\": {\"choices\": [1, 2, 4, 8]}}"}
{"op_code":5,"worker_id":"5f9335b3-0e2c-48c5-b5ec-8f16a23a772a-135414175008576","trial_id":51,"param_name":"sub","param_value_internal":1,"distribution":"{\"name\": \"CategoricalDistribution\", \"attributes\": {\"choices\": [32, 64]}}"}
{"op_code":8,"worker_id":"5f9335b3-0e2c-48c5-b5ec-8f16a23a772a-135414175008576","trial_id":51,"user_attr":{"token":"tsweep_t32x256k16g82s64"}}
{"op_code":4,"worker_id":"5f9335b3-0e2c-48c5-b5ec-8f16a23a772a-135414175008576","study_id":0,"datetime_start":"2026-07-23T21:48:24.529399"}
{"op_code":9,"worker_id":"5f9335b3-0e2c-48c5-b5ec-8f16a23a772a-135414175008576","trial_id":52,"system_attr":{"tpe:relative_params:0":"{\"gx\": 4, \"gy\": 2, \"k\": 64, \"m\": 256, \"n\": 16, \"sub\": 32}"}}
{"op_code":5,"worker_id":"5f9335b3-0e2c-48c5-b5ec-8f16a23a772a-135414175008576","trial_id":52,"param_name":"m","param_value_internal":4,"distribution":"{\"name\": \"CategoricalDistribution\", \"attributes\": {\"choices\": [16, 32, 64, 128, 256]}}"}
{"op_code":5,"worker_id":"5f9335b3-0e2c-48c5-b5ec-8f16a23a772a-135414175008576","trial_id":52,"param_name":"n","param_value_internal":0,"distribution":"{\"name\": \"CategoricalDistribution\", \"attributes\": {\"choices\": [16, 32, 64, 128, 256]}}"}
{"op_code":5,"worker_id":"5f9335b3-0e2c-48c5-b5ec-8f16a23a772a-135414175008576","trial_id":52,"param_name":"k","param_value_internal":2,"distribution":"{\"name\": \"CategoricalDistribution\", \"attributes\": {\"choices\": [16, 32, 64, 128]}}"}
{"op_code":5,"worker_id":"5f9335b3-0e2c-48c5-b5ec-8f16a23a772a-135414175008576","trial_id":52,"param_name":"gx","param_value_internal":2,"distribution":"{\"name\": \"CategoricalDistribution\", \"attributes\": {\"choices\": [1, 2, 4, 8]}}"}
{"op_code":5,"worker_id":"5f9335b3-0e2c-48c5-b5ec-8f16a23a772a-135414175008576","trial_id":52,"param_name":"gy","param_value_internal":1,"distribution":"{\"name\": \"CategoricalDistribution\", \"attributes\": {\"choices\": [1, 2, 4, 8]}}"}
{"op_code":5,"worker_id":"5f9335b3-0e2c-48c5-b5ec-8f16a23a772a-135414175008576","trial_id":52,"param_name":"sub","param_value_internal":0,"distribution":"{\"name\": \"CategoricalDistribution\", \"attributes\": {\"choices\": [32, 64]}}"}
{"op_code":6,"worker_id":"5f9335b3-0e2c-48c5-b5ec-8f16a23a772a-135414175008576","trial_id":52,"state":2,"values":null,"datetime_complete":"2026-07-23T21:48:24.546870"}
{"op_code":4,"worker_id":"5f9335b3-0e2c-48c5-b5ec-8f16a23a772a-135414175008576","study_id":0,"datetime_start":"2026-07-23T21:48:24.549120"}
{"op_code":9,"worker_id":"5f9335b3-0e2c-48c5-b5ec-8f16a23a772a-135414175008576","trial_id":53,"system_attr":{"tpe:relative_params:0":"{\"gx\": 1, \"gy\": 4, \"k\": 64, \"m\": 256, \"n\": 128, \"sub\": 64}"}}
{"op_code":5,"worker_id":"5f9335b3-0e2c-48c5-b5ec-8f16a23a772a-135414175008576","trial_id":53,"param_name":"m","param_value_internal":4,"distribution":"{\"name\": \"CategoricalDistribution\", \"attributes\": {\"choices\": [16, 32, 64, 128, 256]}}"}
{"op_code":5,"worker_id":"5f9335b3-0e2c-48c5-b5ec-8f16a23a772a-135414175008576","trial_id":53,"param_name":"n","param_value_internal":3,"distribution":"{\"name\": \"CategoricalDistribution\", \"attributes\": {\"choices\": [16, 32, 64, 128, 256]}}"}
{"op_code":5,"worker_id":"5f9335b3-0e2c-48c5-b5ec-8f16a23a772a-135414175008576","trial_id":53,"param_name":"k","param_value_internal":2,"distribution":"{\"name\": \"CategoricalDistribution\", \"attributes\": {\"choices\": [16, 32, 64, 128]}}"}
{"op_code":5,"worker_id":"5f9335b3-0e2c-48c5-b5ec-8f16a23a772a-135414175008576","trial_id":53,"param_name":"gx","param_value_internal":0,"distribution":"{\"name\": \"CategoricalDistribution\", \"attributes\": {\"choices\": [1, 2, 4, 8]}}"}
{"op_code":5,"worker_id":"5f9335b3-0e2c-48c5-b5ec-8f16a23a772a-135414175008576","trial_id":53,"param_name":"gy","param_value_internal":2,"distribution":"{\"name\": \"CategoricalDistribution\", \"attributes\": {\"choices\": [1, 2, 4, 8]}}"}
{"op_code":5,"worker_id":"5f9335b3-0e2c-48c5-b5ec-8f16a23a772a-135414175008576","trial_id":53,"param_name":"sub","param_value_internal":1,"distribution":"{\"name\": \"CategoricalDistribution\", \"attributes\": {\"choices\": [32, 64]}}"}
{"op_code":8,"worker_id":"5f9335b3-0e2c-48c5-b5ec-8f16a23a772a-135414175008576","trial_id":53,"user_attr":{"token":"tsweep_t256x128k64g14s64"}}
{"op_code":6,"worker_id":"5f9335b3-0e2c-48c5-b5ec-8f16a23a772a-135414175008576","trial_id":1,"state":1,"values":[817.5755],"datetime_complete":"2026-07-23T21:49:21.292411"}
{"op_code":6,"worker_id":"5f9335b3-0e2c-48c5-b5ec-8f16a23a772a-135414175008576","trial_id":6,"state":2,"values":null,"datetime_complete":"2026-07-23T21:49:34.194336"}
{"op_code":6,"worker_id":"5f9335b3-0e2c-48c5-b5ec-8f16a23a772a-135414175008576","trial_id":8,"state":2,"values":null,"datetime_complete":"2026-07-23T21:49:41.704221"}
{"op_code":6,"worker_id":"5f9335b3-0e2c-48c5-b5ec-8f16a23a772a-135414175008576","trial_id":28,"state":1,"values":[800.0035],"datetime_complete":"2026-07-23T21:50:10.790643"}
{"op_code":6,"worker_id":"5f9335b3-0e2c-48c5-b5ec-8f16a23a772a-135414175008576","trial_id":30,"state":2,"values":null,"datetime_complete":"2026-07-23T21:50:24.265852"}
{"op_code":6,"worker_id":"5f9335b3-0e2c-48c5-b5ec-8f16a23a772a-135414175008576","trial_id":33,"state":2,"values":null,"datetime_complete":"2026-07-23T21:50:31.862086"}
{"op_code":6,"worker_id":"5f9335b3-0e2c-48c5-b5ec-8f16a23a772a-135414175008576","trial_id":41,"state":1,"values":[521.057],"datetime_complete":"2026-07-23T21:51:03.858134"}
{"op_code":6,"worker_id":"5f9335b3-0e2c-48c5-b5ec-8f16a23a772a-135414175008576","trial_id":46,"state":1,"values":[745.682],"datetime_complete":"2026-07-23T21:51:32.433812"}
{"op_code":6,"worker_id":"5f9335b3-0e2c-48c5-b5ec-8f16a23a772a-135414175008576","trial_id":51,"state":2,"values":null,"datetime_complete":"2026-07-23T21:51:45.985587"}
{"op_code":6,"worker_id":"5f9335b3-0e2c-48c5-b5ec-8f16a23a772a-135414175008576","trial_id":53,"state":2,"values":null,"datetime_complete":"2026-07-23T21:51:53.799078"}
{"op_code":4,"worker_id":"5f9335b3-0e2c-48c5-b5ec-8f16a23a772a-135414175008576","study_id":0,"datetime_start":"2026-07-23T21:51:53.801354"}
{"op_code":9,"worker_id":"5f9335b3-0e2c-48c5-b5ec-8f16a23a772a-135414175008576","trial_id":54,"system_attr":{"tpe:relative_params:0":"{\"gx\": 1, \"gy\": 2, \"k\": 32, \"m\": 64, \"n\": 32, \"sub\": 64}"}}
{"op_code":5,"worker_id":"5f9335b3-0e2c-48c5-b5ec-8f16a23a772a-135414175008576","trial_id":54,"param_name":"m","param_value_internal":2,"distribution":"{\"name\": \"CategoricalDistribution\", \"attributes\": {\"choices\": [16, 32, 64, 128, 256]}}"}
{"op_code":5,"worker_id":"5f9335b3-0e2c-48c5-b5ec-8f16a23a772a-135414175008576","trial_id":54,"param_name":"n","param_value_internal":1,"distribution":"{\"name\": \"CategoricalDistribution\", \"attributes\": {\"choices\": [16, 32, 64, 128, 256]}}"}
{"op_code":5,"worker_id":"5f9335b3-0e2c-48c5-b5ec-8f16a23a772a-135414175008576","trial_id":54,"param_name":"k","param_value_internal":1,"distribution":"{\"name\": \"CategoricalDistribution\", \"attributes\": {\"choices\": [16, 32, 64, 128]}}"}
{"op_code":5,"worker_id":"5f9335b3-0e2c-48c5-b5ec-8f16a23a772a-135414175008576","trial_id":54,"param_name":"gx","param_value_internal":0,"distribution":"{\"name\": \"CategoricalDistribution\", \"attributes\": {\"choices\": [1, 2, 4, 8]}}"}
{"op_code":5,"worker_id":"5f9335b3-0e2c-48c5-b5ec-8f16a23a772a-135414175008576","trial_id":54,"param_name":"gy","param_value_internal":1,"distribution":"{\"name\": \"CategoricalDistribution\", \"attributes\": {\"choices\": [1, 2, 4, 8]}}"}
{"op_code":5,"worker_id":"5f9335b3-0e2c-48c5-b5ec-8f16a23a772a-135414175008576","trial_id":54,"param_name":"sub","param_value_internal":1,"distribution":"{\"name\": \"CategoricalDistribution\", \"attributes\": {\"choices\": [32, 64]}}"}
{"op_code":6,"worker_id":"5f9335b3-0e2c-48c5-b5ec-8f16a23a772a-135414175008576","trial_id":54,"state":2,"values":null,"datetime_complete":"2026-07-23T21:51:53.825119"}
{"op_code":4,"worker_id":"5f9335b3-0e2c-48c5-b5ec-8f16a23a772a-135414175008576","study_id":0,"datetime_start":"2026-07-23T21:51:53.827960"}
{"op_code":9,"worker_id":"5f9335b3-0e2c-48c5-b5ec-8f16a23a772a-135414175008576","trial_id":55,"system_attr":{"tpe:relative_params:0":"{\"gx\": 4, \"gy\": 2, \"k\": 32, \"m\": 128, \"n\": 128, \"sub\": 64}"}}
{"op_code":5,"worker_id":"5f9335b3-0e2c-48c5-b5ec-8f16a23a772a-135414175008576","trial_id":55,"param_name":"m","param_value_internal":3,"distribution":"{\"name\": \"CategoricalDistribution\", \"attributes\": {\"choices\": [16, 32, 64, 128, 256]}}"}
{"op_code":5,"worker_id":"5f9335b3-0e2c-48c5-b5ec-8f16a23a772a-135414175008576","trial_id":55,"param_name":"n","param_value_internal":3,"distribution":"{\"name\": \"CategoricalDistribution\", \"attributes\": {\"choices\": [16, 32, 64, 128, 256]}}"}
{"op_code":5,"worker_id":"5f9335b3-0e2c-48c5-b5ec-8f16a23a772a-135414175008576","trial_id":55,"param_name":"k","param_value_internal":1,"distribution":"{\"name\": \"CategoricalDistribution\", \"attributes\": {\"choices\": [16, 32, 64, 128]}}"}
{"op_code":5,"worker_id":"5f9335b3-0e2c-48c5-b5ec-8f16a23a772a-135414175008576","trial_id":55,"param_name":"gx","param_value_internal":2,"distribution":"{\"name\": \"CategoricalDistribution\", \"attributes\": {\"choices\": [1, 2, 4, 8]}}"}
{"op_code":5,"worker_id":"5f9335b3-0e2c-48c5-b5ec-8f16a23a772a-135414175008576","trial_id":55,"param_name":"gy","param_value_internal":1,"distribution":"{\"name\": \"CategoricalDistribution\", \"attributes\": {\"choices\": [1, 2, 4, 8]}}"}
{"op_code":5,"worker_id":"5f9335b3-0e2c-48c5-b5ec-8f16a23a772a-135414175008576","trial_id":55,"param_name":"sub","param_value_internal":1,"distribution":"{\"name\": \"CategoricalDistribution\", \"attributes\": {\"choices\": [32, 64]}}"}
{"op_code":6,"worker_id":"5f9335b3-0e2c-48c5-b5ec-8f16a23a772a-135414175008576","trial_id":55,"state":2,"values":null,"datetime_complete":"2026-07-23T21:51:53.853387"}
{"op_code":4,"worker_id":"5f9335b3-0e2c-48c5-b5ec-8f16a23a772a-135414175008576","study_id":0,"datetime_start":"2026-07-23T21:51:53.856267"}
{"op_code":9,"worker_id":"5f9335b3-0e2c-48c5-b5ec-8f16a23a772a-135414175008576","trial_id":56,"system_attr":{"tpe:relative_params:0":"{\"gx\": 4, \"gy\": 1, \"k\": 32, \"m\": 32, \"n\": 128, \"sub\": 64}"}}
{"op_code":5,"worker_id":"5f9335b3-0e2c-48c5-b5ec-8f16a23a772a-135414175008576","trial_id":56,"param_name":"m","param_value_internal":1,"distribution":"{\"name\": \"CategoricalDistribution\", \"attributes\": {\"choices\": [16, 32, 64, 128, 256]}}"}
{"op_code":5,"worker_id":"5f9335b3-0e2c-48c5-b5ec-8f16a23a772a-135414175008576","trial_id":56,"param_name":"n","param_value_internal":3,"distribution":"{\"name\": \"CategoricalDistribution\", \"attributes\": {\"choices\": [16, 32, 64, 128, 256]}}"}
{"op_code":5,"worker_id":"5f9335b3-0e2c-48c5-b5ec-8f16a23a772a-135414175008576","trial_id":56,"param_name":"k","param_value_internal":1,"distribution":"{\"name\": \"CategoricalDistribution\", \"attributes\": {\"choices\": [16, 32, 64, 128]}}"}
{"op_code":5,"worker_id":"5f9335b3-0e2c-48c5-b5ec-8f16a23a772a-135414175008576","trial_id":56,"param_name":"gx","param_value_internal":2,"distribution":"{\"name\": \"CategoricalDistribution\", \"attributes\": {\"choices\": [1, 2, 4, 8]}}"}
{"op_code":5,"worker_id":"5f9335b3-0e2c-48c5-b5ec-8f16a23a772a-135414175008576","trial_id":56,"param_name":"gy","param_value_internal":0,"distribution":"{\"name\": \"CategoricalDistribution\", \"attributes\": {\"choices\": [1, 2, 4, 8]}}"}
{"op_code":5,"worker_id":"5f9335b3-0e2c-48c5-b5ec-8f16a23a772a-135414175008576","trial_id":56,"param_name":"sub","param_value_internal":1,"distribution":"{\"name\": \"CategoricalDistribution\", \"attributes\": {\"choices\": [32, 64]}}"}
{"op_code":6,"worker_id":"5f9335b3-0e2c-48c5-b5ec-8f16a23a772a-135414175008576","trial_id":56,"state":2,"values":null,"datetime_complete":"2026-07-23T21:51:53.876716"}
{"op_code":4,"worker_id":"5f9335b3-0e2c-48c5-b5ec-8f16a23a772a-135414175008576","study_id":0,"datetime_start":"2026-07-23T21:51:53.878872"}
{"op_code":9,"worker_id":"5f9335b3-0e2c-48c5-b5ec-8f16a23a772a-135414175008576","trial_id":57,"system_attr":{"tpe:relative_params:0":"{\"gx\": 4, \"gy\": 2, \"k\": 64, \"m\": 32, \"n\": 128, \"sub\": 64}"}}
{"op_code":5,"worker_id":"5f9335b3-0e2c-48c5-b5ec-8f16a23a772a-135414175008576","trial_id":57,"param_name":"m","param_value_internal":1,"distribution":"{\"name\": \"CategoricalDistribution\", \"attributes\": {\"choices\": [16, 32, 64, 128, 256]}}"}
{"op_code":5,"worker_id":"5f9335b3-0e2c-48c5-b5ec-8f16a23a772a-135414175008576","trial_id":57,"param_name":"n","param_value_internal":3,"distribution":"{\"name\": \"CategoricalDistribution\", \"attributes\": {\"choices\": [16, 32, 64, 128, 256]}}"}
{"op_code":5,"worker_id":"5f9335b3-0e2c-48c5-b5ec-8f16a23a772a-135414175008576","trial_id":57,"param_name":"k","param_value_internal":2,"distribution":"{\"name\": \"CategoricalDistribution\", \"attributes\": {\"choices\": [16, 32, 64, 128]}}"}
{"op_code":5,"worker_id":"5f9335b3-0e2c-48c5-b5ec-8f16a23a772a-135414175008576","trial_id":57,"param_name":"gx","param_value_internal":2,"distribution":"{\"name\": \"CategoricalDistribution\", \"attributes\": {\"choices\": [1, 2, 4, 8]}}"}
{"op_code":5,"worker_id":"5f9335b3-0e2c-48c5-b5ec-8f16a23a772a-135414175008576","trial_id":57,"param_name":"gy","param_value_internal":1,"distribution":"{\"name\": \"CategoricalDistribution\", \"attributes\": {\"choices\": [1, 2, 4, 8]}}"}
{"op_code":5,"worker_id":"5f9335b3-0e2c-48c5-b5ec-8f16a23a772a-135414175008576","trial_id":57,"param_name":"sub","param_value_internal":1,"distribution":"{\"name\": \"CategoricalDistribution\", \"attributes\": {\"choices\": [32, 64]}}"}
{"op_code":8,"worker_id":"5f9335b3-0e2c-48c5-b5ec-8f16a23a772a-135414175008576","trial_id":57,"user_attr":{"token":"tsweep_t32x128k64g42s64"}}
{"op_code":4,"worker_id":"5f9335b3-0e2c-48c5-b5ec-8f16a23a772a-135414175008576","study_id":0,"datetime_start":"2026-07-23T21:51:53.899485"}
{"op_code":9,"worker_id":"5f9335b3-0e2c-48c5-b5ec-8f16a23a772a-135414175008576","trial_id":58,"system_attr":{"tpe:relative_params:0":"{\"gx\": 4, \"gy\": 1, \"k\": 64, \"m\": 64, \"n\": 128, \"sub\": 64}"}}
{"op_code":5,"worker_id":"5f9335b3-0e2c-48c5-b5ec-8f16a23a772a-135414175008576","trial_id":58,"param_name":"m","param_value_internal":2,"distribution":"{\"name\": \"CategoricalDistribution\", \"attributes\": {\"choices\": [16, 32, 64, 128, 256]}}"}
{"op_code":5,"worker_id":"5f9335b3-0e2c-48c5-b5ec-8f16a23a772a-135414175008576","trial_id":58,"param_name":"n","param_value_internal":3,"distribution":"{\"name\": \"CategoricalDistribution\", \"attributes\": {\"choices\": [16, 32, 64, 128, 256]}}"}
{"op_code":5,"worker_id":"5f9335b3-0e2c-48c5-b5ec-8f16a23a772a-135414175008576","trial_id":58,"param_name":"k","param_value_internal":2,"distribution":"{\"name\": \"CategoricalDistribution\", \"attributes\": {\"choices\": [16, 32, 64, 128]}}"}
{"op_code":5,"worker_id":"5f9335b3-0e2c-48c5-b5ec-8f16a23a772a-135414175008576","trial_id":58,"param_name":"gx","param_value_internal":2,"distribution":"{\"name\": \"CategoricalDistribution\", \"attributes\": {\"choices\": [1, 2, 4, 8]}}"}
{"op_code":5,"worker_id":"5f9335b3-0e2c-48c5-b5ec-8f16a23a772a-135414175008576","trial_id":58,"param_name":"gy","param_value_internal":0,"distribution":"{\"name\": \"CategoricalDistribution\", \"attributes\": {\"choices\": [1, 2, 4, 8]}}"}
{"op_code":5,"worker_id":"5f9335b3-0e2c-48c5-b5ec-8f16a23a772a-135414175008576","trial_id":58,"param_name":"sub","param_value_internal":1,"distribution":"{\"name\": \"CategoricalDistribution\", \"attributes\": {\"choices\": [32, 64]}}"}
{"op_code":6,"worker_id":"5f9335b3-0e2c-48c5-b5ec-8f16a23a772a-135414175008576","trial_id":58,"state":2,"values":null,"datetime_complete":"2026-07-23T21:51:53.918243"}
{"op_code":4,"worker_id":"5f9335b3-0e2c-48c5-b5ec-8f16a23a772a-135414175008576","study_id":0,"datetime_start":"2026-07-23T21:51:53.920183"}
{"op_code":9,"worker_id":"5f9335b3-0e2c-48c5-b5ec-8f16a23a772a-135414175008576","trial_id":59,"system_attr":{"tpe:relative_params:0":"{\"gx\": 4, \"gy\": 8, \"k\": 32, \"m\": 128, \"n\": 16, \"sub\": 64}"}}
{"op_code":5,"worker_id":"5f9335b3-0e2c-48c5-b5ec-8f16a23a772a-135414175008576","trial_id":59,"param_name":"m","param_value_internal":3,"distribution":"{\"name\": \"CategoricalDistribution\", \"attributes\": {\"choices\": [16, 32, 64, 128, 256]}}"}
{"op_code":5,"worker_id":"5f9335b3-0e2c-48c5-b5ec-8f16a23a772a-135414175008576","trial_id":59,"param_name":"n","param_value_internal":0,"distribution":"{\"name\": \"CategoricalDistribution\", \"attributes\": {\"choices\": [16, 32, 64, 128, 256]}}"}
{"op_code":5,"worker_id":"5f9335b3-0e2c-48c5-b5ec-8f16a23a772a-135414175008576","trial_id":59,"param_name":"k","param_value_internal":1,"distribution":"{\"name\": \"CategoricalDistribution\", \"attributes\": {\"choices\": [16, 32, 64, 128]}}"}
{"op_code":5,"worker_id":"5f9335b3-0e2c-48c5-b5ec-8f16a23a772a-135414175008576","trial_id":59,"param_name":"gx","param_value_internal":2,"distribution":"{\"name\": \"CategoricalDistribution\", \"attributes\": {\"choices\": [1, 2, 4, 8]}}"}
{"op_code":5,"worker_id":"5f9335b3-0e2c-48c5-b5ec-8f16a23a772a-135414175008576","trial_id":59,"param_name":"gy","param_value_internal":3,"distribution":"{\"name\": \"CategoricalDistribution\", \"attributes\": {\"choices\": [1, 2, 4, 8]}}"}
{"op_code":5,"worker_id":"5f9335b3-0e2c-48c5-b5ec-8f16a23a772a-135414175008576","trial_id":59,"param_name":"sub","param_value_internal":1,"distribution":"{\"name\": \"CategoricalDistribution\", \"attributes\": {\"choices\": [32, 64]}}"}
{"op_code":6,"worker_id":"5f9335b3-0e2c-48c5-b5ec-8f16a23a772a-135414175008576","trial_id":59,"state":2,"values":null,"datetime_complete":"2026-07-23T21:51:53.939263"}
{"op_code":4,"worker_id":"5f9335b3-0e2c-48c5-b5ec-8f16a23a772a-135414175008576","study_id":0,"datetime_start":"2026-07-23T21:51:53.941397"}
{"op_code":9,"worker_id":"5f9335b3-0e2c-48c5-b5ec-8f16a23a772a-135414175008576","trial_id":60,"system_attr":{"tpe:relative_params:0":"{\"gx\": 4, \"gy\": 1, \"k\": 128, \"m\": 32, \"n\": 16, \"sub\": 64}"}}
{"op_code":5,"worker_id":"5f9335b3-0e2c-48c5-b5ec-8f16a23a772a-135414175008576","trial_id":60,"param_name":"m","param_value_internal":1,"distribution":"{\"name\": \"CategoricalDistribution\", \"attributes\": {\"choices\": [16, 32, 64, 128, 256]}}"}
{"op_code":5,"worker_id":"5f9335b3-0e2c-48c5-b5ec-8f16a23a772a-135414175008576","trial_id":60,"param_name":"n","param_value_internal":0,"distribution":"{\"name\": \"CategoricalDistribution\", \"attributes\": {\"choices\": [16, 32, 64, 128, 256]}}"}
{"op_code":5,"worker_id":"5f9335b3-0e2c-48c5-b5ec-8f16a23a772a-135414175008576","trial_id":60,"param_name":"k","param_value_internal":3,"distribution":"{\"name\": \"CategoricalDistribution\", \"attributes\": {\"choices\": [16, 32, 64, 128]}}"}
{"op_code":5,"worker_id":"5f9335b3-0e2c-48c5-b5ec-8f16a23a772a-135414175008576","trial_id":60,"param_name":"gx","param_value_internal":2,"distribution":"{\"name\": \"CategoricalDistribution\", \"attributes\": {\"choices\": [1, 2, 4, 8]}}"}
{"op_code":5,"worker_id":"5f9335b3-0e2c-48c5-b5ec-8f16a23a772a-135414175008576","trial_id":60,"param_name":"gy","param_value_internal":0,"distribution":"{\"name\": \"CategoricalDistribution\", \"attributes\": {\"choices\": [1, 2, 4, 8]}}"}
{"op_code":5,"worker_id":"5f9335b3-0e2c-48c5-b5ec-8f16a23a772a-135414175008576","trial_id":60,"param_name":"sub","param_value_internal":1,"distribution":"{\"name\": \"CategoricalDistribution\", \"attributes\": {\"choices\": [32, 64]}}"}
{"op_code":6,"worker_id":"5f9335b3-0e2c-48c5-b5ec-8f16a23a772a-135414175008576","trial_id":60,"state":2,"values":null,"datetime_complete":"2026-07-23T21:51:53.960705"}
{"op_code":4,"worker_id":"5f9335b3-0e2c-48c5-b5ec-8f16a23a772a-135414175008576","study_id":0,"datetime_start":"2026-07-23T21:51:53.962727"}
{"op_code":9,"worker_id":"5f9335b3-0e2c-48c5-b5ec-8f16a23a772a-135414175008576","trial_id":61,"system_attr":{"tpe:relative_params:0":"{\"gx\": 4, \"gy\": 4, \"k\": 16, \"m\": 64, \"n\": 128, \"sub\": 64}"}}
{"op_code":5,"worker_id":"5f9335b3-0e2c-48c5-b5ec-8f16a23a772a-135414175008576","trial_id":61,"param_name":"m","param_value_internal":2,"distribution":"{\"name\": \"CategoricalDistribution\", \"attributes\": {\"choices\": [16, 32, 64, 128, 256]}}"}
{"op_code":5,"worker_id":"5f9335b3-0e2c-48c5-b5ec-8f16a23a772a-135414175008576","trial_id":61,"param_name":"n","param_value_internal":3,"distribution":"{\"name\": \"CategoricalDistribution\", \"attributes\": {\"choices\": [16, 32, 64, 128, 256]}}"}
{"op_code":5,"worker_id":"5f9335b3-0e2c-48c5-b5ec-8f16a23a772a-135414175008576","trial_id":61,"param_name":"k","param_value_internal":0,"distribution":"{\"name\": \"CategoricalDistribution\", \"attributes\": {\"choices\": [16, 32, 64, 128]}}"}
{"op_code":5,"worker_id":"5f9335b3-0e2c-48c5-b5ec-8f16a23a772a-135414175008576","trial_id":61,"param_name":"gx","param_value_internal":2,"distribution":"{\"name\": \"CategoricalDistribution\", \"attributes\": {\"choices\": [1, 2, 4, 8]}}"}
{"op_code":5,"worker_id":"5f9335b3-0e2c-48c5-b5ec-8f16a23a772a-135414175008576","trial_id":61,"param_name":"gy","param_value_internal":2,"distribution":"{\"name\": \"CategoricalDistribution\", \"attributes\": {\"choices\": [1, 2, 4, 8]}}"}
{"op_code":5,"worker_id":"5f9335b3-0e2c-48c5-b5ec-8f16a23a772a-135414175008576","trial_id":61,"param_name":"sub","param_value_internal":1,"distribution":"{\"name\": \"CategoricalDistribution\", \"attributes\": {\"choices\": [32, 64]}}"}
{"op_code":6,"worker_id":"5f9335b3-0e2c-48c5-b5ec-8f16a23a772a-135414175008576","trial_id":61,"state":2,"values":null,"datetime_complete":"2026-07-23T21:51:53.982281"}
{"op_code":4,"worker_id":"5f9335b3-0e2c-48c5-b5ec-8f16a23a772a-135414175008576","study_id":0,"datetime_start":"2026-07-23T21:51:53.984422"}
{"op_code":9,"worker_id":"5f9335b3-0e2c-48c5-b5ec-8f16a23a772a-135414175008576","trial_id":62,"system_attr":{"tpe:relative_params:0":"{\"gx\": 4, \"gy\": 2, \"k\": 64, \"m\": 16, \"n\": 32, \"sub\": 64}"}}
{"op_code":5,"worker_id":"5f9335b3-0e2c-48c5-b5ec-8f16a23a772a-135414175008576","trial_id":62,"param_name":"m","param_value_internal":0,"distribution":"{\"name\": \"CategoricalDistribution\", \"attributes\": {\"choices\": [16, 32, 64, 128, 256]}}"}
{"op_code":5,"worker_id":"5f9335b3-0e2c-48c5-b5ec-8f16a23a772a-135414175008576","trial_id":62,"param_name":"n","param_value_internal":1,"distribution":"{\"name\": \"CategoricalDistribution\", \"attributes\": {\"choices\": [16, 32, 64, 128, 256]}}"}
{"op_code":5,"worker_id":"5f9335b3-0e2c-48c5-b5ec-8f16a23a772a-135414175008576","trial_id":62,"param_name":"k","param_value_internal":2,"distribution":"{\"name\": \"CategoricalDistribution\", \"attributes\": {\"choices\": [16, 32, 64, 128]}}"}
{"op_code":5,"worker_id":"5f9335b3-0e2c-48c5-b5ec-8f16a23a772a-135414175008576","trial_id":62,"param_name":"gx","param_value_internal":2,"distribution":"{\"name\": \"CategoricalDistribution\", \"attributes\": {\"choices\": [1, 2, 4, 8]}}"}
{"op_code":5,"worker_id":"5f9335b3-0e2c-48c5-b5ec-8f16a23a772a-135414175008576","trial_id":62,"param_name":"gy","param_value_internal":1,"distribution":"{\"name\": \"CategoricalDistribution\", \"attributes\": {\"choices\": [1, 2, 4, 8]}}"}
{"op_code":5,"worker_id":"5f9335b3-0e2c-48c5-b5ec-8f16a23a772a-135414175008576","trial_id":62,"param_name":"sub","param_value_internal":1,"distribution":"{\"name\": \"CategoricalDistribution\", \"attributes\": {\"choices\": [32, 64]}}"}
{"op_code":6,"worker_id":"5f9335b3-0e2c-48c5-b5ec-8f16a23a772a-135414175008576","trial_id":62,"state":2,"values":null,"datetime_complete":"2026-07-23T21:51:54.003445"}
{"op_code":4,"worker_id":"5f9335b3-0e2c-48c5-b5ec-8f16a23a772a-135414175008576","study_id":0,"datetime_start":"2026-07-23T21:51:54.005268"}
{"op_code":9,"worker_id":"5f9335b3-0e2c-48c5-b5ec-8f16a23a772a-135414175008576","trial_id":63,"system_attr":{"tpe:relative_params:0":"{\"gx\": 4, \"gy\": 1, \"k\": 32, \"m\": 64, \"n\": 64, \"sub\": 64}"}}
{"op_code":5,"worker_id":"5f9335b3-0e2c-48c5-b5ec-8f16a23a772a-135414175008576","trial_id":63,"param_name":"m","param_value_internal":2,"distribution":"{\"name\": \"CategoricalDistribution\", \"attributes\": {\"choices\": [16, 32, 64, 128, 256]}}"}
{"op_code":5,"worker_id":"5f9335b3-0e2c-48c5-b5ec-8f16a23a772a-135414175008576","trial_id":63,"param_name":"n","param_value_internal":2,"distribution":"{\"name\": \"CategoricalDistribution\", \"attributes\": {\"choices\": [16, 32, 64, 128, 256]}}"}
{"op_code":5,"worker_id":"5f9335b3-0e2c-48c5-b5ec-8f16a23a772a-135414175008576","trial_id":63,"param_name":"k","param_value_internal":1,"distribution":"{\"name\": \"CategoricalDistribution\", \"attributes\": {\"choices\": [16, 32, 64, 128]}}"}
{"op_code":5,"worker_id":"5f9335b3-0e2c-48c5-b5ec-8f16a23a772a-135414175008576","trial_id":63,"param_name":"gx","param_value_internal":2,"distribution":"{\"name\": \"CategoricalDistribution\", \"attributes\": {\"choices\": [1, 2, 4, 8]}}"}
{"op_code":5,"worker_id":"5f9335b3-0e2c-48c5-b5ec-8f16a23a772a-135414175008576","trial_id":63,"param_name":"gy","param_value_internal":0,"distribution":"{\"name\": \"CategoricalDistribution\", \"attributes\": {\"choices\": [1, 2, 4, 8]}}"}
{"op_code":5,"worker_id":"5f9335b3-0e2c-48c5-b5ec-8f16a23a772a-135414175008576","trial_id":63,"param_name":"sub","param_value_internal":1,"distribution":"{\"name\": \"CategoricalDistribution\", \"attributes\": {\"choices\": [32, 64]}}"}
{"op_code":8,"worker_id":"5f9335b3-0e2c-48c5-b5ec-8f16a23a772a-135414175008576","trial_id":63,"user_attr":{"token":"tsweep_t64x64k32g41s64"}}
{"op_code":4,"worker_id":"5f9335b3-0e2c-48c5-b5ec-8f16a23a772a-135414175008576","study_id":0,"datetime_start":"2026-07-23T21:51:54.026345"}
{"op_code":9,"worker_id":"5f9335b3-0e2c-48c5-b5ec-8f16a23a772a-135414175008576","trial_id":64,"system_attr":{"tpe:relative_params:0":"{\"gx\": 4, \"gy\": 4, \"k\": 32, \"m\": 32, \"n\": 128, \"sub\": 32}"}}
{"op_code":5,"worker_id":"5f9335b3-0e2c-48c5-b5ec-8f16a23a772a-135414175008576","trial_id":64,"param_name":"m","param_value_internal":1,"distribution":"{\"name\": \"CategoricalDistribution\", \"attributes\": {\"choices\": [16, 32, 64, 128, 256]}}"}
{"op_code":5,"worker_id":"5f9335b3-0e2c-48c5-b5ec-8f16a23a772a-135414175008576","trial_id":64,"param_name":"n","param_value_internal":3,"distribution":"{\"name\": \"CategoricalDistribution\", \"attributes\": {\"choices\": [16, 32, 64, 128, 256]}}"}
{"op_code":5,"worker_id":"5f9335b3-0e2c-48c5-b5ec-8f16a23a772a-135414175008576","trial_id":64,"param_name":"k","param_value_internal":1,"distribution":"{\"name\": \"CategoricalDistribution\", \"attributes\": {\"choices\": [16, 32, 64, 128]}}"}
{"op_code":5,"worker_id":"5f9335b3-0e2c-48c5-b5ec-8f16a23a772a-135414175008576","trial_id":64,"param_name":"gx","param_value_internal":2,"distribution":"{\"name\": \"CategoricalDistribution\", \"attributes\": {\"choices\": [1, 2, 4, 8]}}"}
{"op_code":5,"worker_id":"5f9335b3-0e2c-48c5-b5ec-8f16a23a772a-135414175008576","trial_id":64,"param_name":"gy","param_value_internal":2,"distribution":"{\"name\": \"CategoricalDistribution\", \"attributes\": {\"choices\": [1, 2, 4, 8]}}"}
{"op_code":5,"worker_id":"5f9335b3-0e2c-48c5-b5ec-8f16a23a772a-135414175008576","trial_id":64,"param_name":"sub","param_value_internal":0,"distribution":"{\"name\": \"CategoricalDistribution\", \"attributes\": {\"choices\": [32, 64]}}"}
{"op_code":6,"worker_id":"5f9335b3-0e2c-48c5-b5ec-8f16a23a772a-135414175008576","trial_id":64,"state":2,"values":null,"datetime_complete":"2026-07-23T21:51:54.045615"}
{"op_code":4,"worker_id":"5f9335b3-0e2c-48c5-b5ec-8f16a23a772a-135414175008576","study_id":0,"datetime_start":"2026-07-23T21:51:54.047532"}
{"op_code":9,"worker_id":"5f9335b3-0e2c-48c5-b5ec-8f16a23a772a-135414175008576","trial_id":65,"system_attr":{"tpe:relative_params:0":"{\"gx\": 1, \"gy\": 4, \"k\": 32, \"m\": 32, \"n\": 64, \"sub\": 64}"}}
{"op_code":5,"worker_id":"5f9335b3-0e2c-48c5-b5ec-8f16a23a772a-135414175008576","trial_id":65,"param_name":"m","param_value_internal":1,"distribution":"{\"name\": \"CategoricalDistribution\", \"attributes\": {\"choices\": [16, 32, 64, 128, 256]}}"}
{"op_code":5,"worker_id":"5f9335b3-0e2c-48c5-b5ec-8f16a23a772a-135414175008576","trial_id":65,"param_name":"n","param_value_internal":2,"distribution":"{\"name\": \"CategoricalDistribution\", \"attributes\": {\"choices\": [16, 32, 64, 128, 256]}}"}
{"op_code":5,"worker_id":"5f9335b3-0e2c-48c5-b5ec-8f16a23a772a-135414175008576","trial_id":65,"param_name":"k","param_value_internal":1,"distribution":"{\"name\": \"CategoricalDistribution\", \"attributes\": {\"choices\": [16, 32, 64, 128]}}"}
{"op_code":5,"worker_id":"5f9335b3-0e2c-48c5-b5ec-8f16a23a772a-135414175008576","trial_id":65,"param_name":"gx","param_value_internal":0,"distribution":"{\"name\": \"CategoricalDistribution\", \"attributes\": {\"choices\": [1, 2, 4, 8]}}"}
{"op_code":5,"worker_id":"5f9335b3-0e2c-48c5-b5ec-8f16a23a772a-135414175008576","trial_id":65,"param_name":"gy","param_value_internal":2,"distribution":"{\"name\": \"CategoricalDistribution\", \"attributes\": {\"choices\": [1, 2, 4, 8]}}"}
{"op_code":5,"worker_id":"5f9335b3-0e2c-48c5-b5ec-8f16a23a772a-135414175008576","trial_id":65,"param_name":"sub","param_value_internal":1,"distribution":"{\"name\": \"CategoricalDistribution\", \"attributes\": {\"choices\": [32, 64]}}"}
{"op_code":6,"worker_id":"5f9335b3-0e2c-48c5-b5ec-8f16a23a772a-135414175008576","trial_id":65,"state":2,"values":null,"datetime_complete":"2026-07-23T21:51:54.066914"}
{"op_code":4,"worker_id":"5f9335b3-0e2c-48c5-b5ec-8f16a23a772a-135414175008576","study_id":0,"datetime_start":"2026-07-23T21:51:54.068847"}
{"op_code":9,"worker_id":"5f9335b3-0e2c-48c5-b5ec-8f16a23a772a-135414175008576","trial_id":66,"system_attr":{"tpe:relative_params:0":"{\"gx\": 4, \"gy\": 1, \"k\": 32, \"m\": 256, \"n\": 128, \"sub\": 32}"}}
{"op_code":5,"worker_id":"5f9335b3-0e2c-48c5-b5ec-8f16a23a772a-135414175008576","trial_id":66,"param_name":"m","param_value_internal":4,"distribution":"{\"name\": \"CategoricalDistribution\", \"attributes\": {\"choices\": [16, 32, 64, 128, 256]}}"}
{"op_code":5,"worker_id":"5f9335b3-0e2c-48c5-b5ec-8f16a23a772a-135414175008576","trial_id":66,"param_name":"n","param_value_internal":3,"distribution":"{\"name\": \"CategoricalDistribution\", \"attributes\": {\"choices\": [16, 32, 64, 128, 256]}}"}
{"op_code":5,"worker_id":"5f9335b3-0e2c-48c5-b5ec-8f16a23a772a-135414175008576","trial_id":66,"param_name":"k","param_value_internal":1,"distribution":"{\"name\": \"CategoricalDistribution\", \"attributes\": {\"choices\": [16, 32, 64, 128]}}"}
{"op_code":5,"worker_id":"5f9335b3-0e2c-48c5-b5ec-8f16a23a772a-135414175008576","trial_id":66,"param_name":"gx","param_value_internal":2,"distribution":"{\"name\": \"CategoricalDistribution\", \"attributes\": {\"choices\": [1, 2, 4, 8]}}"}
{"op_code":5,"worker_id":"5f9335b3-0e2c-48c5-b5ec-8f16a23a772a-135414175008576","trial_id":66,"param_name":"gy","param_value_internal":0,"distribution":"{\"name\": \"CategoricalDistribution\", \"attributes\": {\"choices\": [1, 2, 4, 8]}}"}
{"op_code":5,"worker_id":"5f9335b3-0e2c-48c5-b5ec-8f16a23a772a-135414175008576","trial_id":66,"param_name":"sub","param_value_internal":0,"distribution":"{\"name\": \"CategoricalDistribution\", \"attributes\": {\"choices\": [32, 64]}}"}
{"op_code":6,"worker_id":"5f9335b3-0e2c-48c5-b5ec-8f16a23a772a-135414175008576","trial_id":66,"state":2,"values":null,"datetime_complete":"2026-07-23T21:51:54.088084"}
{"op_code":4,"worker_id":"5f9335b3-0e2c-48c5-b5ec-8f16a23a772a-135414175008576","study_id":0,"datetime_start":"2026-07-23T21:51:54.090195"}
{"op_code":9,"worker_id":"5f9335b3-0e2c-48c5-b5ec-8f16a23a772a-135414175008576","trial_id":67,"system_attr":{"tpe:relative_params:0":"{\"gx\": 1, \"gy\": 1, \"k\": 64, \"m\": 32, \"n\": 32, \"sub\": 64}"}}
{"op_code":5,"worker_id":"5f9335b3-0e2c-48c5-b5ec-8f16a23a772a-135414175008576","trial_id":67,"param_name":"m","param_value_internal":1,"distribution":"{\"name\": \"CategoricalDistribution\", \"attributes\": {\"choices\": [16, 32, 64, 128, 256]}}"}
{"op_code":5,"worker_id":"5f9335b3-0e2c-48c5-b5ec-8f16a23a772a-135414175008576","trial_id":67,"param_name":"n","param_value_internal":1,"distribution":"{\"name\": \"CategoricalDistribution\", \"attributes\": {\"choices\": [16, 32, 64, 128, 256]}}"}
{"op_code":5,"worker_id":"5f9335b3-0e2c-48c5-b5ec-8f16a23a772a-135414175008576","trial_id":67,"param_name":"k","param_value_internal":2,"distribution":"{\"name\": \"CategoricalDistribution\", \"attributes\": {\"choices\": [16, 32, 64, 128]}}"}
{"op_code":5,"worker_id":"5f9335b3-0e2c-48c5-b5ec-8f16a23a772a-135414175008576","trial_id":67,"param_name":"gx","param_value_internal":0,"distribution":"{\"name\": \"CategoricalDistribution\", \"attributes\": {\"choices\": [1, 2, 4, 8]}}"}
{"op_code":5,"worker_id":"5f9335b3-0e2c-48c5-b5ec-8f16a23a772a-135414175008576","trial_id":67,"param_name":"gy","param_value_internal":0,"distribution":"{\"name\": \"CategoricalDistribution\", \"attributes\": {\"choices\": [1, 2, 4, 8]}}"}
{"op_code":5,"worker_id":"5f9335b3-0e2c-48c5-b5ec-8f16a23a772a-135414175008576","trial_id":67,"param_name":"sub","param_value_internal":1,"distribution":"{\"name\": \"CategoricalDistribution\", \"attributes\": {\"choices\": [32, 64]}}"}
{"op_code":8,"worker_id":"5f9335b3-0e2c-48c5-b5ec-8f16a23a772a-135414175008576","trial_id":67,"user_attr":{"token":"tsweep_t32x32k64g11s64"}}
{"op_code":4,"worker_id":"5f9335b3-0e2c-48c5-b5ec-8f16a23a772a-135414175008576","study_id":0,"datetime_start":"2026-07-23T21:51:54.110917"}
{"op_code":9,"worker_id":"5f9335b3-0e2c-48c5-b5ec-8f16a23a772a-135414175008576","trial_id":68,"system_attr":{"tpe:relative_params:0":"{\"gx\": 2, \"gy\": 2, \"k\": 32, \"m\": 16, \"n\": 32, \"sub\": 64}"}}
{"op_code":5,"worker_id":"5f9335b3-0e2c-48c5-b5ec-8f16a23a772a-135414175008576","trial_id":68,"param_name":"m","param_value_internal":0,"distribution":"{\"name\": \"CategoricalDistribution\", \"attributes\": {\"choices\": [16, 32, 64, 128, 256]}}"}
{"op_code":5,"worker_id":"5f9335b3-0e2c-48c5-b5ec-8f16a23a772a-135414175008576","trial_id":68,"param_name":"n","param_value_internal":1,"distribution":"{\"name\": \"CategoricalDistribution\", \"attributes\": {\"choices\": [16, 32, 64, 128, 256]}}"}
{"op_code":5,"worker_id":"5f9335b3-0e2c-48c5-b5ec-8f16a23a772a-135414175008576","trial_id":68,"param_name":"k","param_value_internal":1,"distribution":"{\"name\": \"CategoricalDistribution\", \"attributes\": {\"choices\": [16, 32, 64, 128]}}"}
{"op_code":5,"worker_id":"5f9335b3-0e2c-48c5-b5ec-8f16a23a772a-135414175008576","trial_id":68,"param_name":"gx","param_value_internal":1,"distribution":"{\"name\": \"CategoricalDistribution\", \"attributes\": {\"choices\": [1, 2, 4, 8]}}"}
{"op_code":5,"worker_id":"5f9335b3-0e2c-48c5-b5ec-8f16a23a772a-135414175008576","trial_id":68,"param_name":"gy","param_value_internal":1,"distribution":"{\"name\": \"CategoricalDistribution\", \"attributes\": {\"choices\": [1, 2, 4, 8]}}"}
{"op_code":5,"worker_id":"5f9335b3-0e2c-48c5-b5ec-8f16a23a772a-135414175008576","trial_id":68,"param_name":"sub","param_value_internal":1,"distribution":"{\"name\": \"CategoricalDistribution\", \"attributes\": {\"choices\": [32, 64]}}"}
{"op_code":6,"worker_id":"5f9335b3-0e2c-48c5-b5ec-8f16a23a772a-135414175008576","trial_id":68,"state":2,"values":null,"datetime_complete":"2026-07-23T21:51:54.130377"}
{"op_code":4,"worker_id":"5f9335b3-0e2c-48c5-b5ec-8f16a23a772a-135414175008576","study_id":0,"datetime_start":"2026-07-23T21:51:54.132340"}
{"op_code":9,"worker_id":"5f9335b3-0e2c-48c5-b5ec-8f16a23a772a-135414175008576","trial_id":69,"system_attr":{"tpe:relative_params:0":"{\"gx\": 4, \"gy\": 1, \"k\": 32, \"m\": 32, \"n\": 16, \"sub\": 32}"}}
{"op_code":5,"worker_id":"5f9335b3-0e2c-48c5-b5ec-8f16a23a772a-135414175008576","trial_id":69,"param_name":"m","param_value_internal":1,"distribution":"{\"name\": \"CategoricalDistribution\", \"attributes\": {\"choices\": [16, 32, 64, 128, 256]}}"}
{"op_code":5,"worker_id":"5f9335b3-0e2c-48c5-b5ec-8f16a23a772a-135414175008576","trial_id":69,"param_name":"n","param_value_internal":0,"distribution":"{\"name\": \"CategoricalDistribution\", \"attributes\": {\"choices\": [16, 32, 64, 128, 256]}}"}
{"op_code":5,"worker_id":"5f9335b3-0e2c-48c5-b5ec-8f16a23a772a-135414175008576","trial_id":69,"param_name":"k","param_value_internal":1,"distribution":"{\"name\": \"CategoricalDistribution\", \"attributes\": {\"choices\": [16, 32, 64, 128]}}"}
{"op_code":5,"worker_id":"5f9335b3-0e2c-48c5-b5ec-8f16a23a772a-135414175008576","trial_id":69,"param_name":"gx","param_value_internal":2,"distribution":"{\"name\": \"CategoricalDistribution\", \"attributes\": {\"choices\": [1, 2, 4, 8]}}"}
{"op_code":5,"worker_id":"5f9335b3-0e2c-48c5-b5ec-8f16a23a772a-135414175008576","trial_id":69,"param_name":"gy","param_value_internal":0,"distribution":"{\"name\": \"CategoricalDistribution\", \"attributes\": {\"choices\": [1, 2, 4, 8]}}"}
{"op_code":5,"worker_id":"5f9335b3-0e2c-48c5-b5ec-8f16a23a772a-135414175008576","trial_id":69,"param_name":"sub","param_value_internal":0,"distribution":"{\"name\": \"CategoricalDistribution\", \"attributes\": {\"choices\": [32, 64]}}"}
{"op_code":6,"worker_id":"5f9335b3-0e2c-48c5-b5ec-8f16a23a772a-135414175008576","trial_id":69,"state":2,"values":null,"datetime_complete":"2026-07-23T21:51:54.151558"}
{"op_code":4,"worker_id":"5f9335b3-0e2c-48c5-b5ec-8f16a23a772a-135414175008576","study_id":0,"datetime_start":"2026-07-23T21:51:54.153510"}
{"op_code":9,"worker_id":"5f9335b3-0e2c-48c5-b5ec-8f16a23a772a-135414175008576","trial_id":70,"system_attr":{"tpe:relative_params:0":"{\"gx\": 8, \"gy\": 4, \"k\": 16, \"m\": 32, \"n\": 16, \"sub\": 32}"}}
{"op_code":5,"worker_id":"5f9335b3-0e2c-48c5-b5ec-8f16a23a772a-135414175008576","trial_id":70,"param_name":"m","param_value_internal":1,"distribution":"{\"name\": \"CategoricalDistribution\", \"attributes\": {\"choices\": [16, 32, 64, 128, 256]}}"}
{"op_code":5,"worker_id":"5f9335b3-0e2c-48c5-b5ec-8f16a23a772a-135414175008576","trial_id":70,"param_name":"n","param_value_internal":0,"distribution":"{\"name\": \"CategoricalDistribution\", \"attributes\": {\"choices\": [16, 32, 64, 128, 256]}}"}
{"op_code":5,"worker_id":"5f9335b3-0e2c-48c5-b5ec-8f16a23a772a-135414175008576","trial_id":70,"param_name":"k","param_value_internal":0,"distribution":"{\"name\": \"CategoricalDistribution\", \"attributes\": {\"choices\": [16, 32, 64, 128]}}"}
{"op_code":5,"worker_id":"5f9335b3-0e2c-48c5-b5ec-8f16a23a772a-135414175008576","trial_id":70,"param_name":"gx","param_value_internal":3,"distribution":"{\"name\": \"CategoricalDistribution\", \"attributes\": {\"choices\": [1, 2, 4, 8]}}"}
{"op_code":5,"worker_id":"5f9335b3-0e2c-48c5-b5ec-8f16a23a772a-135414175008576","trial_id":70,"param_name":"gy","param_value_internal":2,"distribution":"{\"name\": \"CategoricalDistribution\", \"attributes\": {\"choices\": [1, 2, 4, 8]}}"}
{"op_code":5,"worker_id":"5f9335b3-0e2c-48c5-b5ec-8f16a23a772a-135414175008576","trial_id":70,"param_name":"sub","param_value_internal":0,"distribution":"{\"name\": \"CategoricalDistribution\", \"attributes\": {\"choices\": [32, 64]}}"}
{"op_code":6,"worker_id":"5f9335b3-0e2c-48c5-b5ec-8f16a23a772a-135414175008576","trial_id":70,"state":2,"values":null,"datetime_complete":"2026-07-23T21:51:54.173064"}
{"op_code":4,"worker_id":"5f9335b3-0e2c-48c5-b5ec-8f16a23a772a-135414175008576","study_id":0,"datetime_start":"2026-07-23T21:51:54.175119"}
{"op_code":9,"worker_id":"5f9335b3-0e2c-48c5-b5ec-8f16a23a772a-135414175008576","trial_id":71,"system_attr":{"tpe:relative_params:0":"{\"gx\": 8, \"gy\": 1, \"k\": 32, \"m\": 128, \"n\": 128, \"sub\": 64}"}}
{"op_code":5,"worker_id":"5f9335b3-0e2c-48c5-b5ec-8f16a23a772a-135414175008576","trial_id":71,"param_name":"m","param_value_internal":3,"distribution":"{\"name\": \"CategoricalDistribution\", \"attributes\": {\"choices\": [16, 32, 64, 128, 256]}}"}
{"op_code":5,"worker_id":"5f9335b3-0e2c-48c5-b5ec-8f16a23a772a-135414175008576","trial_id":71,"param_name":"n","param_value_internal":3,"distribution":"{\"name\": \"CategoricalDistribution\", \"attributes\": {\"choices\": [16, 32, 64, 128, 256]}}"}
{"op_code":5,"worker_id":"5f9335b3-0e2c-48c5-b5ec-8f16a23a772a-135414175008576","trial_id":71,"param_name":"k","param_value_internal":1,"distribution":"{\"name\": \"CategoricalDistribution\", \"attributes\": {\"choices\": [16, 32, 64, 128]}}"}
{"op_code":5,"worker_id":"5f9335b3-0e2c-48c5-b5ec-8f16a23a772a-135414175008576","trial_id":71,"param_name":"gx","param_value_internal":3,"distribution":"{\"name\": \"CategoricalDistribution\", \"attributes\": {\"choices\": [1, 2, 4, 8]}}"}
{"op_code":5,"worker_id":"5f9335b3-0e2c-48c5-b5ec-8f16a23a772a-135414175008576","trial_id":71,"param_name":"gy","param_value_internal":0,"distribution":"{\"name\": \"CategoricalDistribution\", \"attributes\": {\"choices\": [1, 2, 4, 8]}}"}
{"op_code":5,"worker_id":"5f9335b3-0e2c-48c5-b5ec-8f16a23a772a-135414175008576","trial_id":71,"param_name":"sub","param_value_internal":1,"distribution":"{\"name\": \"CategoricalDistribution\", \"attributes\": {\"choices\": [32, 64]}}"}
{"op_code":8,"worker_id":"5f9335b3-0e2c-48c5-b5ec-8f16a23a772a-135414175008576","trial_id":71,"user_attr":{"token":"tsweep_t128x128k32g81s64"}}
{"op_code":4,"worker_id":"5f9335b3-0e2c-48c5-b5ec-8f16a23a772a-135414175008576","study_id":0,"datetime_start":"2026-07-23T21:51:54.194857"}
{"op_code":9,"worker_id":"5f9335b3-0e2c-48c5-b5ec-8f16a23a772a-135414175008576","trial_id":72,"system_attr":{"tpe:relative_params:0":"{\"gx\": 2, \"gy\": 2, \"k\": 32, \"m\": 32, \"n\": 128, \"sub\": 64}"}}
{"op_code":5,"worker_id":"5f9335b3-0e2c-48c5-b5ec-8f16a23a772a-135414175008576","trial_id":72,"param_name":"m","param_value_internal":1,"distribution":"{\"name\": \"CategoricalDistribution\", \"attributes\": {\"choices\": [16, 32, 64, 128, 256]}}"}
{"op_code":5,"worker_id":"5f9335b3-0e2c-48c5-b5ec-8f16a23a772a-135414175008576","trial_id":72,"param_name":"n","param_value_internal":3,"distribution":"{\"name\": \"CategoricalDistribution\", \"attributes\": {\"choices\": [16, 32, 64, 128, 256]}}"}
{"op_code":5,"worker_id":"5f9335b3-0e2c-48c5-b5ec-8f16a23a772a-135414175008576","trial_id":72,"param_name":"k","param_value_internal":1,"distribution":"{\"name\": \"CategoricalDistribution\", \"attributes\": {\"choices\": [16, 32, 64, 128]}}"}
{"op_code":5,"worker_id":"5f9335b3-0e2c-48c5-b5ec-8f16a23a772a-135414175008576","trial_id":72,"param_name":"gx","param_value_internal":1,"distribution":"{\"name\": \"CategoricalDistribution\", \"attributes\": {\"choices\": [1, 2, 4, 8]}}"}
{"op_code":5,"worker_id":"5f9335b3-0e2c-48c5-b5ec-8f16a23a772a-135414175008576","trial_id":72,"param_name":"gy","param_value_internal":1,"distribution":"{\"name\": \"CategoricalDistribution\", \"attributes\": {\"choices\": [1, 2, 4, 8]}}"}
{"op_code":5,"worker_id":"5f9335b3-0e2c-48c5-b5ec-8f16a23a772a-135414175008576","trial_id":72,"param_name":"sub","param_value_internal":1,"distribution":"{\"name\": \"CategoricalDistribution\", \"attributes\": {\"choices\": [32, 64]}}"}
{"op_code":8,"worker_id":"5f9335b3-0e2c-48c5-b5ec-8f16a23a772a-135414175008576","trial_id":72,"user_attr":{"token":"tsweep_t32x128k32g22s64"}}
{"op_code":4,"worker_id":"5f9335b3-0e2c-48c5-b5ec-8f16a23a772a-135414175008576","study_id":0,"datetime_start":"2026-07-23T21:51:54.214770"}
{"op_code":9,"worker_id":"5f9335b3-0e2c-48c5-b5ec-8f16a23a772a-135414175008576","trial_id":73,"system_attr":{"tpe:relative_params:0":"{\"gx\": 4, \"gy\": 2, \"k\": 32, \"m\": 32, \"n\": 64, \"sub\": 64}"}}
{"op_code":5,"worker_id":"5f9335b3-0e2c-48c5-b5ec-8f16a23a772a-135414175008576","trial_id":73,"param_name":"m","param_value_internal":1,"distribution":"{\"name\": \"CategoricalDistribution\", \"attributes\": {\"choices\": [16, 32, 64, 128, 256]}}"}
{"op_code":5,"worker_id":"5f9335b3-0e2c-48c5-b5ec-8f16a23a772a-135414175008576","trial_id":73,"param_name":"n","param_value_internal":2,"distribution":"{\"name\": \"CategoricalDistribution\", \"attributes\": {\"choices\": [16, 32, 64, 128, 256]}}"}
{"op_code":5,"worker_id":"5f9335b3-0e2c-48c5-b5ec-8f16a23a772a-135414175008576","trial_id":73,"param_name":"k","param_value_internal":1,"distribution":"{\"name\": \"CategoricalDistribution\", \"attributes\": {\"choices\": [16, 32, 64, 128]}}"}
{"op_code":5,"worker_id":"5f9335b3-0e2c-48c5-b5ec-8f16a23a772a-135414175008576","trial_id":73,"param_name":"gx","param_value_internal":2,"distribution":"{\"name\": \"CategoricalDistribution\", \"attributes\": {\"choices\": [1, 2, 4, 8]}}"}
{"op_code":5,"worker_id":"5f9335b3-0e2c-48c5-b5ec-8f16a23a772a-135414175008576","trial_id":73,"param_name":"gy","param_value_internal":1,"distribution":"{\"name\": \"CategoricalDistribution\", \"attributes\": {\"choices\": [1, 2, 4, 8]}}"}
{"op_code":5,"worker_id":"5f9335b3-0e2c-48c5-b5ec-8f16a23a772a-135414175008576","trial_id":73,"param_name":"sub","param_value_internal":1,"distribution":"{\"name\": \"CategoricalDistribution\", \"attributes\": {\"choices\": [32, 64]}}"}
{"op_code":8,"worker_id":"5f9335b3-0e2c-48c5-b5ec-8f16a23a772a-135414175008576","trial_id":73,"user_attr":{"token":"tsweep_t32x64k32g42s64"}}
{"op_code":4,"worker_id":"5f9335b3-0e2c-48c5-b5ec-8f16a23a772a-135414175008576","study_id":0,"datetime_start":"2026-07-23T21:51:54.235954"}
{"op_code":9,"worker_id":"5f9335b3-0e2c-48c5-b5ec-8f16a23a772a-135414175008576","trial_id":74,"system_attr":{"tpe:relative_params:0":"{\"gx\": 1, \"gy\": 2, \"k\": 64, \"m\": 64, \"n\": 64, \"sub\": 64}"}}
{"op_code":5,"worker_id":"5f9335b3-0e2c-48c5-b5ec-8f16a23a772a-135414175008576","trial_id":74,"param_name":"m","param_value_internal":2,"distribution":"{\"name\": \"CategoricalDistribution\", \"attributes\": {\"choices\": [16, 32, 64, 128, 256]}}"}
{"op_code":5,"worker_id":"5f9335b3-0e2c-48c5-b5ec-8f16a23a772a-135414175008576","trial_id":74,"param_name":"n","param_value_internal":2,"distribution":"{\"name\": \"CategoricalDistribution\", \"attributes\": {\"choices\": [16, 32, 64, 128, 256]}}"}
{"op_code":5,"worker_id":"5f9335b3-0e2c-48c5-b5ec-8f16a23a772a-135414175008576","trial_id":74,"param_name":"k","param_value_internal":2,"distribution":"{\"name\": \"CategoricalDistribution\", \"attributes\": {\"choices\": [16, 32, 64, 128]}}"}
{"op_code":5,"worker_id":"5f9335b3-0e2c-48c5-b5ec-8f16a23a772a-135414175008576","trial_id":74,"param_name":"gx","param_value_internal":0,"distribution":"{\"name\": \"CategoricalDistribution\", \"attributes\": {\"choices\": [1, 2, 4, 8]}}"}
{"op_code":5,"worker_id":"5f9335b3-0e2c-48c5-b5ec-8f16a23a772a-135414175008576","trial_id":74,"param_name":"gy","param_value_internal":1,"distribution":"{\"name\": \"CategoricalDistribution\", \"attributes\": {\"choices\": [1, 2, 4, 8]}}"}
{"op_code":5,"worker_id":"5f9335b3-0e2c-48c5-b5ec-8f16a23a772a-135414175008576","trial_id":74,"param_name":"sub","param_value_internal":1,"distribution":"{\"name\": \"CategoricalDistribution\", \"attributes\": {\"choices\": [32, 64]}}"}
{"op_code":8,"worker_id":"5f9335b3-0e2c-48c5-b5ec-8f16a23a772a-135414175008576","trial_id":74,"user_attr":{"token":"tsweep_t64x64k64g12s64"}}
{"op_code":4,"worker_id":"5f9335b3-0e2c-48c5-b5ec-8f16a23a772a-135414175008576","study_id":0,"datetime_start":"2026-07-23T21:51:54.256657"}
{"op_code":9,"worker_id":"5f9335b3-0e2c-48c5-b5ec-8f16a23a772a-135414175008576","trial_id":75,"system_attr":{"tpe:relative_params:0":"{\"gx\": 4, \"gy\": 1, \"k\": 64, \"m\": 64, \"n\": 64, \"sub\": 32}"}}
{"op_code":5,"worker_id":"5f9335b3-0e2c-48c5-b5ec-8f16a23a772a-135414175008576","trial_id":75,"param_name":"m","param_value_internal":2,"distribution":"{\"name\": \"CategoricalDistribution\", \"attributes\": {\"choices\": [16, 32, 64, 128, 256]}}"}
{"op_code":5,"worker_id":"5f9335b3-0e2c-48c5-b5ec-8f16a23a772a-135414175008576","trial_id":75,"param_name":"n","param_value_internal":2,"distribution":"{\"name\": \"CategoricalDistribution\", \"attributes\": {\"choices\": [16, 32, 64, 128, 256]}}"}
{"op_code":5,"worker_id":"5f9335b3-0e2c-48c5-b5ec-8f16a23a772a-135414175008576","trial_id":75,"param_name":"k","param_value_internal":2,"distribution":"{\"name\": \"CategoricalDistribution\", \"attributes\": {\"choices\": [16, 32, 64, 128]}}"}
{"op_code":5,"worker_id":"5f9335b3-0e2c-48c5-b5ec-8f16a23a772a-135414175008576","trial_id":75,"param_name":"gx","param_value_internal":2,"distribution":"{\"name\": \"CategoricalDistribution\", \"attributes\": {\"choices\": [1, 2, 4, 8]}}"}
{"op_code":5,"worker_id":"5f9335b3-0e2c-48c5-b5ec-8f16a23a772a-135414175008576","trial_id":75,"param_name":"gy","param_value_internal":0,"distribution":"{\"name\": \"CategoricalDistribution\", \"attributes\": {\"choices\": [1, 2, 4, 8]}}"}
{"op_code":5,"worker_id":"5f9335b3-0e2c-48c5-b5ec-8f16a23a772a-135414175008576","trial_id":75,"param_name":"sub","param_value_internal":0,"distribution":"{\"name\": \"CategoricalDistribution\", \"attributes\": {\"choices\": [32, 64]}}"}
{"op_code":6,"worker_id":"5f9335b3-0e2c-48c5-b5ec-8f16a23a772a-135414175008576","trial_id":75,"state":2,"values":null,"datetime_complete":"2026-07-23T21:51:54.276243"}
{"op_code":4,"worker_id":"5f9335b3-0e2c-48c5-b5ec-8f16a23a772a-135414175008576","study_id":0,"datetime_start":"2026-07-23T21:51:54.278635"}
{"op_code":9,"worker_id":"5f9335b3-0e2c-48c5-b5ec-8f16a23a772a-135414175008576","trial_id":76,"system_attr":{"tpe:relative_params:0":"{\"gx\": 4, \"gy\": 1, \"k\": 64, \"m\": 16, \"n\": 32, \"sub\": 64}"}}
{"op_code":5,"worker_id":"5f9335b3-0e2c-48c5-b5ec-8f16a23a772a-135414175008576","trial_id":76,"param_name":"m","param_value_internal":0,"distribution":"{\"name\": \"CategoricalDistribution\", \"attributes\": {\"choices\": [16, 32, 64, 128, 256]}}"}
{"op_code":5,"worker_id":"5f9335b3-0e2c-48c5-b5ec-8f16a23a772a-135414175008576","trial_id":76,"param_name":"n","param_value_internal":1,"distribution":"{\"name\": \"CategoricalDistribution\", \"attributes\": {\"choices\": [16, 32, 64, 128, 256]}}"}
{"op_code":5,"worker_id":"5f9335b3-0e2c-48c5-b5ec-8f16a23a772a-135414175008576","trial_id":76,"param_name":"k","param_value_internal":2,"distribution":"{\"name\": \"CategoricalDistribution\", \"attributes\": {\"choices\": [16, 32, 64, 128]}}"}
{"op_code":5,"worker_id":"5f9335b3-0e2c-48c5-b5ec-8f16a23a772a-135414175008576","trial_id":76,"param_name":"gx","param_value_internal":2,"distribution":"{\"name\": \"CategoricalDistribution\", \"attributes\": {\"choices\": [1, 2, 4, 8]}}"}
{"op_code":5,"worker_id":"5f9335b3-0e2c-48c5-b5ec-8f16a23a772a-135414175008576","trial_id":76,"param_name":"gy","param_value_internal":0,"distribution":"{\"name\": \"CategoricalDistribution\", \"attributes\": {\"choices\": [1, 2, 4, 8]}}"}
{"op_code":5,"worker_id":"5f9335b3-0e2c-48c5-b5ec-8f16a23a772a-135414175008576","trial_id":76,"param_name":"sub","param_value_internal":1,"distribution":"{\"name\": \"CategoricalDistribution\", \"attributes\": {\"choices\": [32, 64]}}"}
{"op_code":6,"worker_id":"5f9335b3-0e2c-48c5-b5ec-8f16a23a772a-135414175008576","trial_id":76,"state":2,"values":null,"datetime_complete":"2026-07-23T21:51:54.302193"}
{"op_code":4,"worker_id":"5f9335b3-0e2c-48c5-b5ec-8f16a23a772a-135414175008576","study_id":0,"datetime_start":"2026-07-23T21:51:54.304979"}
{"op_code":9,"worker_id":"5f9335b3-0e2c-48c5-b5ec-8f16a23a772a-135414175008576","trial_id":77,"system_attr":{"tpe:relative_params:0":"{\"gx\": 8, \"gy\": 4, \"k\": 64, \"m\": 64, \"n\": 128, \"sub\": 32}"}}
{"op_code":5,"worker_id":"5f9335b3-0e2c-48c5-b5ec-8f16a23a772a-135414175008576","trial_id":77,"param_name":"m","param_value_internal":2,"distribution":"{\"name\": \"CategoricalDistribution\", \"attributes\": {\"choices\": [16, 32, 64, 128, 256]}}"}
{"op_code":5,"worker_id":"5f9335b3-0e2c-48c5-b5ec-8f16a23a772a-135414175008576","trial_id":77,"param_name":"n","param_value_internal":3,"distribution":"{\"name\": \"CategoricalDistribution\", \"attributes\": {\"choices\": [16, 32, 64, 128, 256]}}"}
{"op_code":5,"worker_id":"5f9335b3-0e2c-48c5-b5ec-8f16a23a772a-135414175008576","trial_id":77,"param_name":"k","param_value_internal":2,"distribution":"{\"name\": \"CategoricalDistribution\", \"attributes\": {\"choices\": [16, 32, 64, 128]}}"}
{"op_code":5,"worker_id":"5f9335b3-0e2c-48c5-b5ec-8f16a23a772a-135414175008576","trial_id":77,"param_name":"gx","param_value_internal":3,"distribution":"{\"name\": \"CategoricalDistribution\", \"attributes\": {\"choices\": [1, 2, 4, 8]}}"}
{"op_code":5,"worker_id":"5f9335b3-0e2c-48c5-b5ec-8f16a23a772a-135414175008576","trial_id":77,"param_name":"gy","param_value_internal":2,"distribution":"{\"name\": \"CategoricalDistribution\", \"attributes\": {\"choices\": [1, 2, 4, 8]}}"}
{"op_code":5,"worker_id":"5f9335b3-0e2c-48c5-b5ec-8f16a23a772a-135414175008576","trial_id":77,"param_name":"sub","param_value_internal":0,"distribution":"{\"name\": \"CategoricalDistribution\", \"attributes\": {\"choices\": [32, 64]}}"}
{"op_code":6,"worker_id":"5f9335b3-0e2c-48c5-b5ec-8f16a23a772a-135414175008576","trial_id":77,"state":2,"values":null,"datetime_complete":"2026-07-23T21:51:54.327452"}
{"op_code":4,"worker_id":"5f9335b3-0e2c-48c5-b5ec-8f16a23a772a-135414175008576","study_id":0,"datetime_start":"2026-07-23T21:51:54.329571"}
{"op_code":9,"worker_id":"5f9335b3-0e2c-48c5-b5ec-8f16a23a772a-135414175008576","trial_id":78,"system_attr":{"tpe:relative_params:0":"{\"gx\": 1, \"gy\": 4, \"k\": 16, \"m\": 64, \"n\": 64, \"sub\": 32}"}}
{"op_code":5,"worker_id":"5f9335b3-0e2c-48c5-b5ec-8f16a23a772a-135414175008576","trial_id":78,"param_name":"m","param_value_internal":2,"distribution":"{\"name\": \"CategoricalDistribution\", \"attributes\": {\"choices\": [16, 32, 64, 128, 256]}}"}
{"op_code":5,"worker_id":"5f9335b3-0e2c-48c5-b5ec-8f16a23a772a-135414175008576","trial_id":78,"param_name":"n","param_value_internal":2,"distribution":"{\"name\": \"CategoricalDistribution\", \"attributes\": {\"choices\": [16, 32, 64, 128, 256]}}"}
{"op_code":5,"worker_id":"5f9335b3-0e2c-48c5-b5ec-8f16a23a772a-135414175008576","trial_id":78,"param_name":"k","param_value_internal":0,"distribution":"{\"name\": \"CategoricalDistribution\", \"attributes\": {\"choices\": [16, 32, 64, 128]}}"}
{"op_code":5,"worker_id":"5f9335b3-0e2c-48c5-b5ec-8f16a23a772a-135414175008576","trial_id":78,"param_name":"gx","param_value_internal":0,"distribution":"{\"name\": \"CategoricalDistribution\", \"attributes\": {\"choices\": [1, 2, 4, 8]}}"}
{"op_code":5,"worker_id":"5f9335b3-0e2c-48c5-b5ec-8f16a23a772a-135414175008576","trial_id":78,"param_name":"gy","param_value_internal":2,"distribution":"{\"name\": \"CategoricalDistribution\", \"attributes\": {\"choices\": [1, 2, 4, 8]}}"}
{"op_code":5,"worker_id":"5f9335b3-0e2c-48c5-b5ec-8f16a23a772a-135414175008576","trial_id":78,"param_name":"sub","param_value_internal":0,"distribution":"{\"name\": \"CategoricalDistribution\", \"attributes\": {\"choices\": [32, 64]}}"}
{"op_code":6,"worker_id":"5f9335b3-0e2c-48c5-b5ec-8f16a23a772a-135414175008576","trial_id":78,"state":2,"values":null,"datetime_complete":"2026-07-23T21:51:54.348259"}
{"op_code":4,"worker_id":"5f9335b3-0e2c-48c5-b5ec-8f16a23a772a-135414175008576","study_id":0,"datetime_start":"2026-07-23T21:51:54.350089"}
{"op_code":9,"worker_id":"5f9335b3-0e2c-48c5-b5ec-8f16a23a772a-135414175008576","trial_id":79,"system_attr":{"tpe:relative_params:0":"{\"gx\": 2, \"gy\": 1, \"k\": 16, \"m\": 64, \"n\": 128, \"sub\": 32}"}}
{"op_code":5,"worker_id":"5f9335b3-0e2c-48c5-b5ec-8f16a23a772a-135414175008576","trial_id":79,"param_name":"m","param_value_internal":2,"distribution":"{\"name\": \"CategoricalDistribution\", \"attributes\": {\"choices\": [16, 32, 64, 128, 256]}}"}
{"op_code":5,"worker_id":"5f9335b3-0e2c-48c5-b5ec-8f16a23a772a-135414175008576","trial_id":79,"param_name":"n","param_value_internal":3,"distribution":"{\"name\": \"CategoricalDistribution\", \"attributes\": {\"choices\": [16, 32, 64, 128, 256]}}"}
{"op_code":5,"worker_id":"5f9335b3-0e2c-48c5-b5ec-8f16a23a772a-135414175008576","trial_id":79,"param_name":"k","param_value_internal":0,"distribution":"{\"name\": \"CategoricalDistribution\", \"attributes\": {\"choices\": [16, 32, 64, 128]}}"}
{"op_code":5,"worker_id":"5f9335b3-0e2c-48c5-b5ec-8f16a23a772a-135414175008576","trial_id":79,"param_name":"gx","param_value_internal":1,"distribution":"{\"name\": \"CategoricalDistribution\", \"attributes\": {\"choices\": [1, 2, 4, 8]}}"}
{"op_code":5,"worker_id":"5f9335b3-0e2c-48c5-b5ec-8f16a23a772a-135414175008576","trial_id":79,"param_name":"gy","param_value_internal":0,"distribution":"{\"name\": \"CategoricalDistribution\", \"attributes\": {\"choices\": [1, 2, 4, 8]}}"}
{"op_code":5,"worker_id":"5f9335b3-0e2c-48c5-b5ec-8f16a23a772a-135414175008576","trial_id":79,"param_name":"sub","param_value_internal":0,"distribution":"{\"name\": \"CategoricalDistribution\", \"attributes\": {\"choices\": [32, 64]}}"}
{"op_code":6,"worker_id":"5f9335b3-0e2c-48c5-b5ec-8f16a23a772a-135414175008576","trial_id":79,"state":2,"values":null,"datetime_complete":"2026-07-23T21:51:54.368810"}
{"op_code":4,"worker_id":"5f9335b3-0e2c-48c5-b5ec-8f16a23a772a-135414175008576","study_id":0,"datetime_start":"2026-07-23T21:51:54.370667"}
{"op_code":9,"worker_id":"5f9335b3-0e2c-48c5-b5ec-8f16a23a772a-135414175008576","trial_id":80,"system_attr":{"tpe:relative_params:0":"{\"gx\": 4, \"gy\": 1, \"k\": 128, \"m\": 256, \"n\": 128, \"sub\": 64}"}}
{"op_code":5,"worker_id":"5f9335b3-0e2c-48c5-b5ec-8f16a23a772a-135414175008576","trial_id":80,"param_name":"m","param_value_internal":4,"distribution":"{\"name\": \"CategoricalDistribution\", \"attributes\": {\"choices\": [16, 32, 64, 128, 256]}}"}
{"op_code":5,"worker_id":"5f9335b3-0e2c-48c5-b5ec-8f16a23a772a-135414175008576","trial_id":80,"param_name":"n","param_value_internal":3,"distribution":"{\"name\": \"CategoricalDistribution\", \"attributes\": {\"choices\": [16, 32, 64, 128, 256]}}"}
{"op_code":5,"worker_id":"5f9335b3-0e2c-48c5-b5ec-8f16a23a772a-135414175008576","trial_id":80,"param_name":"k","param_value_internal":3,"distribution":"{\"name\": \"CategoricalDistribution\", \"attributes\": {\"choices\": [16, 32, 64, 128]}}"}
{"op_code":5,"worker_id":"5f9335b3-0e2c-48c5-b5ec-8f16a23a772a-135414175008576","trial_id":80,"param_name":"gx","param_value_internal":2,"distribution":"{\"name\": \"CategoricalDistribution\", \"attributes\": {\"choices\": [1, 2, 4, 8]}}"}
{"op_code":5,"worker_id":"5f9335b3-0e2c-48c5-b5ec-8f16a23a772a-135414175008576","trial_id":80,"param_name":"gy","param_value_internal":0,"distribution":"{\"name\": \"CategoricalDistribution\", \"attributes\": {\"choices\": [1, 2, 4, 8]}}"}
{"op_code":5,"worker_id":"5f9335b3-0e2c-48c5-b5ec-8f16a23a772a-135414175008576","trial_id":80,"param_name":"sub","param_value_internal":1,"distribution":"{\"name\": \"CategoricalDistribution\", \"attributes\": {\"choices\": [32, 64]}}"}
{"op_code":6,"worker_id":"5f9335b3-0e2c-48c5-b5ec-8f16a23a772a-135414175008576","trial_id":80,"state":2,"values":null,"datetime_complete":"2026-07-23T21:51:54.387887"}
{"op_code":4,"worker_id":"5f9335b3-0e2c-48c5-b5ec-8f16a23a772a-135414175008576","study_id":0,"datetime_start":"2026-07-23T21:51:54.389750"}
{"op_code":9,"worker_id":"5f9335b3-0e2c-48c5-b5ec-8f16a23a772a-135414175008576","trial_id":81,"system_attr":{"tpe:relative_params:0":"{\"gx\": 4, \"gy\": 1, \"k\": 128, \"m\": 64, \"n\": 32, \"sub\": 32}"}}
{"op_code":5,"worker_id":"5f9335b3-0e2c-48c5-b5ec-8f16a23a772a-135414175008576","trial_id":81,"param_name":"m","param_value_internal":2,"distribution":"{\"name\": \"CategoricalDistribution\", \"attributes\": {\"choices\": [16, 32, 64, 128, 256]}}"}
{"op_code":5,"worker_id":"5f9335b3-0e2c-48c5-b5ec-8f16a23a772a-135414175008576","trial_id":81,"param_name":"n","param_value_internal":1,"distribution":"{\"name\": \"CategoricalDistribution\", \"attributes\": {\"choices\": [16, 32, 64, 128, 256]}}"}
{"op_code":5,"worker_id":"5f9335b3-0e2c-48c5-b5ec-8f16a23a772a-135414175008576","trial_id":81,"param_name":"k","param_value_internal":3,"distribution":"{\"name\": \"CategoricalDistribution\", \"attributes\": {\"choices\": [16, 32, 64, 128]}}"}
{"op_code":5,"worker_id":"5f9335b3-0e2c-48c5-b5ec-8f16a23a772a-135414175008576","trial_id":81,"param_name":"gx","param_value_internal":2,"distribution":"{\"name\": \"CategoricalDistribution\", \"attributes\": {\"choices\": [1, 2, 4, 8]}}"}
{"op_code":5,"worker_id":"5f9335b3-0e2c-48c5-b5ec-8f16a23a772a-135414175008576","trial_id":81,"param_name":"gy","param_value_internal":0,"distribution":"{\"name\": \"CategoricalDistribution\", \"attributes\": {\"choices\": [1, 2, 4, 8]}}"}
{"op_code":5,"worker_id":"5f9335b3-0e2c-48c5-b5ec-8f16a23a772a-135414175008576","trial_id":81,"param_name":"sub","param_value_internal":0,"distribution":"{\"name\": \"CategoricalDistribution\", \"attributes\": {\"choices\": [32, 64]}}"}
{"op_code":6,"worker_id":"5f9335b3-0e2c-48c5-b5ec-8f16a23a772a-135414175008576","trial_id":81,"state":2,"values":null,"datetime_complete":"2026-07-23T21:51:54.407057"}
{"op_code":4,"worker_id":"5f9335b3-0e2c-48c5-b5ec-8f16a23a772a-135414175008576","study_id":0,"datetime_start":"2026-07-23T21:51:54.409177"}
{"op_code":9,"worker_id":"5f9335b3-0e2c-48c5-b5ec-8f16a23a772a-135414175008576","trial_id":82,"system_attr":{"tpe:relative_params:0":"{\"gx\": 8, \"gy\": 8, \"k\": 16, \"m\": 32, \"n\": 128, \"sub\": 32}"}}
{"op_code":5,"worker_id":"5f9335b3-0e2c-48c5-b5ec-8f16a23a772a-135414175008576","trial_id":82,"param_name":"m","param_value_internal":1,"distribution":"{\"name\": \"CategoricalDistribution\", \"attributes\": {\"choices\": [16, 32, 64, 128, 256]}}"}
{"op_code":5,"worker_id":"5f9335b3-0e2c-48c5-b5ec-8f16a23a772a-135414175008576","trial_id":82,"param_name":"n","param_value_internal":3,"distribution":"{\"name\": \"CategoricalDistribution\", \"attributes\": {\"choices\": [16, 32, 64, 128, 256]}}"}
{"op_code":5,"worker_id":"5f9335b3-0e2c-48c5-b5ec-8f16a23a772a-135414175008576","trial_id":82,"param_name":"k","param_value_internal":0,"distribution":"{\"name\": \"CategoricalDistribution\", \"attributes\": {\"choices\": [16, 32, 64, 128]}}"}
{"op_code":5,"worker_id":"5f9335b3-0e2c-48c5-b5ec-8f16a23a772a-135414175008576","trial_id":82,"param_name":"gx","param_value_internal":3,"distribution":"{\"name\": \"CategoricalDistribution\", \"attributes\": {\"choices\": [1, 2, 4, 8]}}"}
{"op_code":5,"worker_id":"5f9335b3-0e2c-48c5-b5ec-8f16a23a772a-135414175008576","trial_id":82,"param_name":"gy","param_value_internal":3,"distribution":"{\"name\": \"CategoricalDistribution\", \"attributes\": {\"choices\": [1, 2, 4, 8]}}"}
{"op_code":5,"worker_id":"5f9335b3-0e2c-48c5-b5ec-8f16a23a772a-135414175008576","trial_id":82,"param_name":"sub","param_value_internal":0,"distribution":"{\"name\": \"CategoricalDistribution\", \"attributes\": {\"choices\": [32, 64]}}"}
{"op_code":6,"worker_id":"5f9335b3-0e2c-48c5-b5ec-8f16a23a772a-135414175008576","trial_id":82,"state":2,"values":null,"datetime_complete":"2026-07-23T21:51:54.428931"}
{"op_code":4,"worker_id":"5f9335b3-0e2c-48c5-b5ec-8f16a23a772a-135414175008576","study_id":0,"datetime_start":"2026-07-23T21:51:54.430955"}
{"op_code":9,"worker_id":"5f9335b3-0e2c-48c5-b5ec-8f16a23a772a-135414175008576","trial_id":83,"system_attr":{"tpe:relative_params:0":"{\"gx\": 8, \"gy\": 2, \"k\": 32, \"m\": 128, \"n\": 16, \"sub\": 64}"}}
{"op_code":5,"worker_id":"5f9335b3-0e2c-48c5-b5ec-8f16a23a772a-135414175008576","trial_id":83,"param_name":"m","param_value_internal":3,"distribution":"{\"name\": \"CategoricalDistribution\", \"attributes\": {\"choices\": [16, 32, 64, 128, 256]}}"}
{"op_code":5,"worker_id":"5f9335b3-0e2c-48c5-b5ec-8f16a23a772a-135414175008576","trial_id":83,"param_name":"n","param_value_internal":0,"distribution":"{\"name\": \"CategoricalDistribution\", \"attributes\": {\"choices\": [16, 32, 64, 128, 256]}}"}
{"op_code":5,"worker_id":"5f9335b3-0e2c-48c5-b5ec-8f16a23a772a-135414175008576","trial_id":83,"param_name":"k","param_value_internal":1,"distribution":"{\"name\": \"CategoricalDistribution\", \"attributes\": {\"choices\": [16, 32, 64, 128]}}"}
{"op_code":5,"worker_id":"5f9335b3-0e2c-48c5-b5ec-8f16a23a772a-135414175008576","trial_id":83,"param_name":"gx","param_value_internal":3,"distribution":"{\"name\": \"CategoricalDistribution\", \"attributes\": {\"choices\": [1, 2, 4, 8]}}"}
{"op_code":5,"worker_id":"5f9335b3-0e2c-48c5-b5ec-8f16a23a772a-135414175008576","trial_id":83,"param_name":"gy","param_value_internal":1,"distribution":"{\"name\": \"CategoricalDistribution\", \"attributes\": {\"choices\": [1, 2, 4, 8]}}"}
{"op_code":5,"worker_id":"5f9335b3-0e2c-48c5-b5ec-8f16a23a772a-135414175008576","trial_id":83,"param_name":"sub","param_value_internal":1,"distribution":"{\"name\": \"CategoricalDistribution\", \"attributes\": {\"choices\": [32, 64]}}"}
{"op_code":6,"worker_id":"5f9335b3-0e2c-48c5-b5ec-8f16a23a772a-135414175008576","trial_id":83,"state":2,"values":null,"datetime_complete":"2026-07-23T21:51:54.451406"}
{"op_code":4,"worker_id":"5f9335b3-0e2c-48c5-b5ec-8f16a23a772a-135414175008576","study_id":0,"datetime_start":"2026-07-23T21:51:54.453517"}
{"op_code":9,"worker_id":"5f9335b3-0e2c-48c5-b5ec-8f16a23a772a-135414175008576","trial_id":84,"system_attr":{"tpe:relative_params:0":"{\"gx\": 4, \"gy\": 1, \"k\": 32, \"m\": 128, \"n\": 256, \"sub\": 64}"}}
{"op_code":5,"worker_id":"5f9335b3-0e2c-48c5-b5ec-8f16a23a772a-135414175008576","trial_id":84,"param_name":"m","param_value_internal":3,"distribution":"{\"name\": \"CategoricalDistribution\", \"attributes\": {\"choices\": [16, 32, 64, 128, 256]}}"}
{"op_code":5,"worker_id":"5f9335b3-0e2c-48c5-b5ec-8f16a23a772a-135414175008576","trial_id":84,"param_name":"n","param_value_internal":4,"distribution":"{\"name\": \"CategoricalDistribution\", \"attributes\": {\"choices\": [16, 32, 64, 128, 256]}}"}
{"op_code":5,"worker_id":"5f9335b3-0e2c-48c5-b5ec-8f16a23a772a-135414175008576","trial_id":84,"param_name":"k","param_value_internal":1,"distribution":"{\"name\": \"CategoricalDistribution\", \"attributes\": {\"choices\": [16, 32, 64, 128]}}"}
{"op_code":5,"worker_id":"5f9335b3-0e2c-48c5-b5ec-8f16a23a772a-135414175008576","trial_id":84,"param_name":"gx","param_value_internal":2,"distribution":"{\"name\": \"CategoricalDistribution\", \"attributes\": {\"choices\": [1, 2, 4, 8]}}"}
{"op_code":5,"worker_id":"5f9335b3-0e2c-48c5-b5ec-8f16a23a772a-135414175008576","trial_id":84,"param_name":"gy","param_value_internal":0,"distribution":"{\"name\": \"CategoricalDistribution\", \"attributes\": {\"choices\": [1, 2, 4, 8]}}"}
{"op_code":5,"worker_id":"5f9335b3-0e2c-48c5-b5ec-8f16a23a772a-135414175008576","trial_id":84,"param_name":"sub","param_value_internal":1,"distribution":"{\"name\": \"CategoricalDistribution\", \"attributes\": {\"choices\": [32, 64]}}"}
{"op_code":8,"worker_id":"5f9335b3-0e2c-48c5-b5ec-8f16a23a772a-135414175008576","trial_id":84,"user_attr":{"token":"tsweep_t128x256k32g41s64"}}
{"op_code":4,"worker_id":"5f9335b3-0e2c-48c5-b5ec-8f16a23a772a-135414175008576","study_id":0,"datetime_start":"2026-07-23T21:51:54.474585"}
{"op_code":9,"worker_id":"5f9335b3-0e2c-48c5-b5ec-8f16a23a772a-135414175008576","trial_id":85,"system_attr":{"tpe:relative_params:0":"{\"gx\": 1, \"gy\": 8, \"k\": 16, \"m\": 64, \"n\": 32, \"sub\": 64}"}}
{"op_code":5,"worker_id":"5f9335b3-0e2c-48c5-b5ec-8f16a23a772a-135414175008576","trial_id":85,"param_name":"m","param_value_internal":2,"distribution":"{\"name\": \"CategoricalDistribution\", \"attributes\": {\"choices\": [16, 32, 64, 128, 256]}}"}
{"op_code":5,"worker_id":"5f9335b3-0e2c-48c5-b5ec-8f16a23a772a-135414175008576","trial_id":85,"param_name":"n","param_value_internal":1,"distribution":"{\"name\": \"CategoricalDistribution\", \"attributes\": {\"choices\": [16, 32, 64, 128, 256]}}"}
{"op_code":5,"worker_id":"5f9335b3-0e2c-48c5-b5ec-8f16a23a772a-135414175008576","trial_id":85,"param_name":"k","param_value_internal":0,"distribution":"{\"name\": \"CategoricalDistribution\", \"attributes\": {\"choices\": [16, 32, 64, 128]}}"}
{"op_code":5,"worker_id":"5f9335b3-0e2c-48c5-b5ec-8f16a23a772a-135414175008576","trial_id":85,"param_name":"gx","param_value_internal":0,"distribution":"{\"name\": \"CategoricalDistribution\", \"attributes\": {\"choices\": [1, 2, 4, 8]}}"}
{"op_code":5,"worker_id":"5f9335b3-0e2c-48c5-b5ec-8f16a23a772a-135414175008576","trial_id":85,"param_name":"gy","param_value_internal":3,"distribution":"{\"name\": \"CategoricalDistribution\", \"attributes\": {\"choices\": [1, 2, 4, 8]}}"}
{"op_code":5,"worker_id":"5f9335b3-0e2c-48c5-b5ec-8f16a23a772a-135414175008576","trial_id":85,"param_name":"sub","param_value_internal":1,"distribution":"{\"name\": \"CategoricalDistribution\", \"attributes\": {\"choices\": [32, 64]}}"}
{"op_code":6,"worker_id":"5f9335b3-0e2c-48c5-b5ec-8f16a23a772a-135414175008576","trial_id":85,"state":2,"values":null,"datetime_complete":"2026-07-23T21:51:54.493847"}
{"op_code":4,"worker_id":"5f9335b3-0e2c-48c5-b5ec-8f16a23a772a-135414175008576","study_id":0,"datetime_start":"2026-07-23T21:51:54.495852"}
{"op_code":9,"worker_id":"5f9335b3-0e2c-48c5-b5ec-8f16a23a772a-135414175008576","trial_id":86,"system_attr":{"tpe:relative_params:0":"{\"gx\": 1, \"gy\": 1, \"k\": 32, \"m\": 64, \"n\": 32, \"sub\": 32}"}}
{"op_code":5,"worker_id":"5f9335b3-0e2c-48c5-b5ec-8f16a23a772a-135414175008576","trial_id":86,"param_name":"m","param_value_internal":2,"distribution":"{\"name\": \"CategoricalDistribution\", \"attributes\": {\"choices\": [16, 32, 64, 128, 256]}}"}
{"op_code":5,"worker_id":"5f9335b3-0e2c-48c5-b5ec-8f16a23a772a-135414175008576","trial_id":86,"param_name":"n","param_value_internal":1,"distribution":"{\"name\": \"CategoricalDistribution\", \"attributes\": {\"choices\": [16, 32, 64, 128, 256]}}"}
{"op_code":5,"worker_id":"5f9335b3-0e2c-48c5-b5ec-8f16a23a772a-135414175008576","trial_id":86,"param_name":"k","param_value_internal":1,"distribution":"{\"name\": \"CategoricalDistribution\", \"attributes\": {\"choices\": [16, 32, 64, 128]}}"}
{"op_code":5,"worker_id":"5f9335b3-0e2c-48c5-b5ec-8f16a23a772a-135414175008576","trial_id":86,"param_name":"gx","param_value_internal":0,"distribution":"{\"name\": \"CategoricalDistribution\", \"attributes\": {\"choices\": [1, 2, 4, 8]}}"}
{"op_code":5,"worker_id":"5f9335b3-0e2c-48c5-b5ec-8f16a23a772a-135414175008576","trial_id":86,"param_name":"gy","param_value_internal":0,"distribution":"{\"name\": \"CategoricalDistribution\", \"attributes\": {\"choices\": [1, 2, 4, 8]}}"}
{"op_code":5,"worker_id":"5f9335b3-0e2c-48c5-b5ec-8f16a23a772a-135414175008576","trial_id":86,"param_name":"sub","param_value_internal":0,"distribution":"{\"name\": \"CategoricalDistribution\", \"attributes\": {\"choices\": [32, 64]}}"}
{"op_code":6,"worker_id":"5f9335b3-0e2c-48c5-b5ec-8f16a23a772a-135414175008576","trial_id":86,"state":2,"values":null,"datetime_complete":"2026-07-23T21:51:54.515599"}
{"op_code":4,"worker_id":"5f9335b3-0e2c-48c5-b5ec-8f16a23a772a-135414175008576","study_id":0,"datetime_start":"2026-07-23T21:51:54.517646"}
{"op_code":9,"worker_id":"5f9335b3-0e2c-48c5-b5ec-8f16a23a772a-135414175008576","trial_id":87,"system_attr":{"tpe:relative_params:0":"{\"gx\": 8, \"gy\": 2, \"k\": 32, \"m\": 64, \"n\": 32, \"sub\": 32}"}}
{"op_code":5,"worker_id":"5f9335b3-0e2c-48c5-b5ec-8f16a23a772a-135414175008576","trial_id":87,"param_name":"m","param_value_internal":2,"distribution":"{\"name\": \"CategoricalDistribution\", \"attributes\": {\"choices\": [16, 32, 64, 128, 256]}}"}
{"op_code":5,"worker_id":"5f9335b3-0e2c-48c5-b5ec-8f16a23a772a-135414175008576","trial_id":87,"param_name":"n","param_value_internal":1,"distribution":"{\"name\": \"CategoricalDistribution\", \"attributes\": {\"choices\": [16, 32, 64, 128, 256]}}"}
{"op_code":5,"worker_id":"5f9335b3-0e2c-48c5-b5ec-8f16a23a772a-135414175008576","trial_id":87,"param_name":"k","param_value_internal":1,"distribution":"{\"name\": \"CategoricalDistribution\", \"attributes\": {\"choices\": [16, 32, 64, 128]}}"}
{"op_code":5,"worker_id":"5f9335b3-0e2c-48c5-b5ec-8f16a23a772a-135414175008576","trial_id":87,"param_name":"gx","param_value_internal":3,"distribution":"{\"name\": \"CategoricalDistribution\", \"attributes\": {\"choices\": [1, 2, 4, 8]}}"}
{"op_code":5,"worker_id":"5f9335b3-0e2c-48c5-b5ec-8f16a23a772a-135414175008576","trial_id":87,"param_name":"gy","param_value_internal":1,"distribution":"{\"name\": \"CategoricalDistribution\", \"attributes\": {\"choices\": [1, 2, 4, 8]}}"}
{"op_code":5,"worker_id":"5f9335b3-0e2c-48c5-b5ec-8f16a23a772a-135414175008576","trial_id":87,"param_name":"sub","param_value_internal":0,"distribution":"{\"name\": \"CategoricalDistribution\", \"attributes\": {\"choices\": [32, 64]}}"}
{"op_code":6,"worker_id":"5f9335b3-0e2c-48c5-b5ec-8f16a23a772a-135414175008576","trial_id":87,"state":2,"values":null,"datetime_complete":"2026-07-23T21:51:54.536544"}
{"op_code":4,"worker_id":"5f9335b3-0e2c-48c5-b5ec-8f16a23a772a-135414175008576","study_id":0,"datetime_start":"2026-07-23T21:51:54.538606"}
{"op_code":9,"worker_id":"5f9335b3-0e2c-48c5-b5ec-8f16a23a772a-135414175008576","trial_id":88,"system_attr":{"tpe:relative_params:0":"{\"gx\": 8, \"gy\": 4, \"k\": 16, \"m\": 128, \"n\": 256, \"sub\": 32}"}}
{"op_code":5,"worker_id":"5f9335b3-0e2c-48c5-b5ec-8f16a23a772a-135414175008576","trial_id":88,"param_name":"m","param_value_internal":3,"distribution":"{\"name\": \"CategoricalDistribution\", \"attributes\": {\"choices\": [16, 32, 64, 128, 256]}}"}
{"op_code":5,"worker_id":"5f9335b3-0e2c-48c5-b5ec-8f16a23a772a-135414175008576","trial_id":88,"param_name":"n","param_value_internal":4,"distribution":"{\"name\": \"CategoricalDistribution\", \"attributes\": {\"choices\": [16, 32, 64, 128, 256]}}"}
{"op_code":5,"worker_id":"5f9335b3-0e2c-48c5-b5ec-8f16a23a772a-135414175008576","trial_id":88,"param_name":"k","param_value_internal":0,"distribution":"{\"name\": \"CategoricalDistribution\", \"attributes\": {\"choices\": [16, 32, 64, 128]}}"}
{"op_code":5,"worker_id":"5f9335b3-0e2c-48c5-b5ec-8f16a23a772a-135414175008576","trial_id":88,"param_name":"gx","param_value_internal":3,"distribution":"{\"name\": \"CategoricalDistribution\", \"attributes\": {\"choices\": [1, 2, 4, 8]}}"}
{"op_code":5,"worker_id":"5f9335b3-0e2c-48c5-b5ec-8f16a23a772a-135414175008576","trial_id":88,"param_name":"gy","param_value_internal":2,"distribution":"{\"name\": \"CategoricalDistribution\", \"attributes\": {\"choices\": [1, 2, 4, 8]}}"}
{"op_code":5,"worker_id":"5f9335b3-0e2c-48c5-b5ec-8f16a23a772a-135414175008576","trial_id":88,"param_name":"sub","param_value_internal":0,"distribution":"{\"name\": \"CategoricalDistribution\", \"attributes\": {\"choices\": [32, 64]}}"}
{"op_code":6,"worker_id":"5f9335b3-0e2c-48c5-b5ec-8f16a23a772a-135414175008576","trial_id":88,"state":2,"values":null,"datetime_complete":"2026-07-23T21:51:54.557647"}
{"op_code":4,"worker_id":"5f9335b3-0e2c-48c5-b5ec-8f16a23a772a-135414175008576","study_id":0,"datetime_start":"2026-07-23T21:51:54.559653"}
{"op_code":9,"worker_id":"5f9335b3-0e2c-48c5-b5ec-8f16a23a772a-135414175008576","trial_id":89,"system_attr":{"tpe:relative_params:0":"{\"gx\": 1, \"gy\": 2, \"k\": 128, \"m\": 128, \"n\": 128, \"sub\": 64}"}}
{"op_code":5,"worker_id":"5f9335b3-0e2c-48c5-b5ec-8f16a23a772a-135414175008576","trial_id":89,"param_name":"m","param_value_internal":3,"distribution":"{\"name\": \"CategoricalDistribution\", \"attributes\": {\"choices\": [16, 32, 64, 128, 256]}}"}
{"op_code":5,"worker_id":"5f9335b3-0e2c-48c5-b5ec-8f16a23a772a-135414175008576","trial_id":89,"param_name":"n","param_value_internal":3,"distribution":"{\"name\": \"CategoricalDistribution\", \"attributes\": {\"choices\": [16, 32, 64, 128, 256]}}"}
{"op_code":5,"worker_id":"5f9335b3-0e2c-48c5-b5ec-8f16a23a772a-135414175008576","trial_id":89,"param_name":"k","param_value_internal":3,"distribution":"{\"name\": \"CategoricalDistribution\", \"attributes\": {\"choices\": [16, 32, 64, 128]}}"}
{"op_code":5,"worker_id":"5f9335b3-0e2c-48c5-b5ec-8f16a23a772a-135414175008576","trial_id":89,"param_name":"gx","param_value_internal":0,"distribution":"{\"name\": \"CategoricalDistribution\", \"attributes\": {\"choices\": [1, 2, 4, 8]}}"}
{"op_code":5,"worker_id":"5f9335b3-0e2c-48c5-b5ec-8f16a23a772a-135414175008576","trial_id":89,"param_name":"gy","param_value_internal":1,"distribution":"{\"name\": \"CategoricalDistribution\", \"attributes\": {\"choices\": [1, 2, 4, 8]}}"}
{"op_code":5,"worker_id":"5f9335b3-0e2c-48c5-b5ec-8f16a23a772a-135414175008576","trial_id":89,"param_name":"sub","param_value_internal":1,"distribution":"{\"name\": \"CategoricalDistribution\", \"attributes\": {\"choices\": [32, 64]}}"}
{"op_code":6,"worker_id":"5f9335b3-0e2c-48c5-b5ec-8f16a23a772a-135414175008576","trial_id":89,"state":2,"values":null,"datetime_complete":"2026-07-23T21:51:54.578349"}
{"op_code":4,"worker_id":"5f9335b3-0e2c-48c5-b5ec-8f16a23a772a-135414175008576","study_id":0,"datetime_start":"2026-07-23T21:51:54.580241"}
{"op_code":9,"worker_id":"5f9335b3-0e2c-48c5-b5ec-8f16a23a772a-135414175008576","trial_id":90,"system_attr":{"tpe:relative_params:0":"{\"gx\": 4, \"gy\": 4, \"k\": 64, \"m\": 256, \"n\": 64, \"sub\": 32}"}}
{"op_code":5,"worker_id":"5f9335b3-0e2c-48c5-b5ec-8f16a23a772a-135414175008576","trial_id":90,"param_name":"m","param_value_internal":4,"distribution":"{\"name\": \"CategoricalDistribution\", \"attributes\": {\"choices\": [16, 32, 64, 128, 256]}}"}
{"op_code":5,"worker_id":"5f9335b3-0e2c-48c5-b5ec-8f16a23a772a-135414175008576","trial_id":90,"param_name":"n","param_value_internal":2,"distribution":"{\"name\": \"CategoricalDistribution\", \"attributes\": {\"choices\": [16, 32, 64, 128, 256]}}"}
{"op_code":5,"worker_id":"5f9335b3-0e2c-48c5-b5ec-8f16a23a772a-135414175008576","trial_id":90,"param_name":"k","param_value_internal":2,"distribution":"{\"name\": \"CategoricalDistribution\", \"attributes\": {\"choices\": [16, 32, 64, 128]}}"}
{"op_code":5,"worker_id":"5f9335b3-0e2c-48c5-b5ec-8f16a23a772a-135414175008576","trial_id":90,"param_name":"gx","param_value_internal":2,"distribution":"{\"name\": \"CategoricalDistribution\", \"attributes\": {\"choices\": [1, 2, 4, 8]}}"}
{"op_code":5,"worker_id":"5f9335b3-0e2c-48c5-b5ec-8f16a23a772a-135414175008576","trial_id":90,"param_name":"gy","param_value_internal":2,"distribution":"{\"name\": \"CategoricalDistribution\", \"attributes\": {\"choices\": [1, 2, 4, 8]}}"}
{"op_code":5,"worker_id":"5f9335b3-0e2c-48c5-b5ec-8f16a23a772a-135414175008576","trial_id":90,"param_name":"sub","param_value_internal":0,"distribution":"{\"name\": \"CategoricalDistribution\", \"attributes\": {\"choices\": [32, 64]}}"}
{"op_code":6,"worker_id":"5f9335b3-0e2c-48c5-b5ec-8f16a23a772a-135414175008576","trial_id":90,"state":2,"values":null,"datetime_complete":"2026-07-23T21:51:54.598375"}
{"op_code":4,"worker_id":"5f9335b3-0e2c-48c5-b5ec-8f16a23a772a-135414175008576","study_id":0,"datetime_start":"2026-07-23T21:51:54.600280"}
{"op_code":9,"worker_id":"5f9335b3-0e2c-48c5-b5ec-8f16a23a772a-135414175008576","trial_id":91,"system_attr":{"tpe:relative_params:0":"{\"gx\": 1, \"gy\": 4, \"k\": 128, \"m\": 64, \"n\": 32, \"sub\": 64}"}}
{"op_code":5,"worker_id":"5f9335b3-0e2c-48c5-b5ec-8f16a23a772a-135414175008576","trial_id":91,"param_name":"m","param_value_internal":2,"distribution":"{\"name\": \"CategoricalDistribution\", \"attributes\": {\"choices\": [16, 32, 64, 128, 256]}}"}
{"op_code":5,"worker_id":"5f9335b3-0e2c-48c5-b5ec-8f16a23a772a-135414175008576","trial_id":91,"param_name":"n","param_value_internal":1,"distribution":"{\"name\": \"CategoricalDistribution\", \"attributes\": {\"choices\": [16, 32, 64, 128, 256]}}"}
{"op_code":5,"worker_id":"5f9335b3-0e2c-48c5-b5ec-8f16a23a772a-135414175008576","trial_id":91,"param_name":"k","param_value_internal":3,"distribution":"{\"name\": \"CategoricalDistribution\", \"attributes\": {\"choices\": [16, 32, 64, 128]}}"}
{"op_code":5,"worker_id":"5f9335b3-0e2c-48c5-b5ec-8f16a23a772a-135414175008576","trial_id":91,"param_name":"gx","param_value_internal":0,"distribution":"{\"name\": \"CategoricalDistribution\", \"attributes\": {\"choices\": [1, 2, 4, 8]}}"}
{"op_code":5,"worker_id":"5f9335b3-0e2c-48c5-b5ec-8f16a23a772a-135414175008576","trial_id":91,"param_name":"gy","param_value_internal":2,"distribution":"{\"name\": \"CategoricalDistribution\", \"attributes\": {\"choices\": [1, 2, 4, 8]}}"}
{"op_code":5,"worker_id":"5f9335b3-0e2c-48c5-b5ec-8f16a23a772a-135414175008576","trial_id":91,"param_name":"sub","param_value_internal":1,"distribution":"{\"name\": \"CategoricalDistribution\", \"attributes\": {\"choices\": [32, 64]}}"}
{"op_code":8,"worker_id":"5f9335b3-0e2c-48c5-b5ec-8f16a23a772a-135414175008576","trial_id":91,"user_attr":{"token":"tsweep_t64x32k128g14s64"}}
{"op_code":4,"worker_id":"5f9335b3-0e2c-48c5-b5ec-8f16a23a772a-135414175008576","study_id":0,"datetime_start":"2026-07-23T21:51:54.620137"}
{"op_code":9,"worker_id":"5f9335b3-0e2c-48c5-b5ec-8f16a23a772a-135414175008576","trial_id":92,"system_attr":{"tpe:relative_params:0":"{\"gx\": 4, \"gy\": 2, \"k\": 64, \"m\": 128, \"n\": 128, \"sub\": 32}"}}
{"op_code":5,"worker_id":"5f9335b3-0e2c-48c5-b5ec-8f16a23a772a-135414175008576","trial_id":92,"param_name":"m","param_value_internal":3,"distribution":"{\"name\": \"CategoricalDistribution\", \"attributes\": {\"choices\": [16, 32, 64, 128, 256]}}"}
{"op_code":5,"worker_id":"5f9335b3-0e2c-48c5-b5ec-8f16a23a772a-135414175008576","trial_id":92,"param_name":"n","param_value_internal":3,"distribution":"{\"name\": \"CategoricalDistribution\", \"attributes\": {\"choices\": [16, 32, 64, 128, 256]}}"}
{"op_code":5,"worker_id":"5f9335b3-0e2c-48c5-b5ec-8f16a23a772a-135414175008576","trial_id":92,"param_name":"k","param_value_internal":2,"distribution":"{\"name\": \"CategoricalDistribution\", \"attributes\": {\"choices\": [16, 32, 64, 128]}}"}
{"op_code":5,"worker_id":"5f9335b3-0e2c-48c5-b5ec-8f16a23a772a-135414175008576","trial_id":92,"param_name":"gx","param_value_internal":2,"distribution":"{\"name\": \"CategoricalDistribution\", \"attributes\": {\"choices\": [1, 2, 4, 8]}}"}
{"op_code":5,"worker_id":"5f9335b3-0e2c-48c5-b5ec-8f16a23a772a-135414175008576","trial_id":92,"param_name":"gy","param_value_internal":1,"distribution":"{\"name\": \"CategoricalDistribution\", \"attributes\": {\"choices\": [1, 2, 4, 8]}}"}
{"op_code":5,"worker_id":"5f9335b3-0e2c-48c5-b5ec-8f16a23a772a-135414175008576","trial_id":92,"param_name":"sub","param_value_internal":0,"distribution":"{\"name\": \"CategoricalDistribution\", \"attributes\": {\"choices\": [32, 64]}}"}
{"op_code":6,"worker_id":"5f9335b3-0e2c-48c5-b5ec-8f16a23a772a-135414175008576","trial_id":92,"state":2,"values":null,"datetime_complete":"2026-07-23T21:51:54.641401"}
{"op_code":4,"worker_id":"5f9335b3-0e2c-48c5-b5ec-8f16a23a772a-135414175008576","study_id":0,"datetime_start":"2026-07-23T21:51:54.643558"}
{"op_code":9,"worker_id":"5f9335b3-0e2c-48c5-b5ec-8f16a23a772a-135414175008576","trial_id":93,"system_attr":{"tpe:relative_params:0":"{\"gx\": 2, \"gy\": 1, \"k\": 128, \"m\": 16, \"n\": 32, \"sub\": 64}"}}
{"op_code":5,"worker_id":"5f9335b3-0e2c-48c5-b5ec-8f16a23a772a-135414175008576","trial_id":93,"param_name":"m","param_value_internal":0,"distribution":"{\"name\": \"CategoricalDistribution\", \"attributes\": {\"choices\": [16, 32, 64, 128, 256]}}"}
{"op_code":5,"worker_id":"5f9335b3-0e2c-48c5-b5ec-8f16a23a772a-135414175008576","trial_id":93,"param_name":"n","param_value_internal":1,"distribution":"{\"name\": \"CategoricalDistribution\", \"attributes\": {\"choices\": [16, 32, 64, 128, 256]}}"}
{"op_code":5,"worker_id":"5f9335b3-0e2c-48c5-b5ec-8f16a23a772a-135414175008576","trial_id":93,"param_name":"k","param_value_internal":3,"distribution":"{\"name\": \"CategoricalDistribution\", \"attributes\": {\"choices\": [16, 32, 64, 128]}}"}
{"op_code":5,"worker_id":"5f9335b3-0e2c-48c5-b5ec-8f16a23a772a-135414175008576","trial_id":93,"param_name":"gx","param_value_internal":1,"distribution":"{\"name\": \"CategoricalDistribution\", \"attributes\": {\"choices\": [1, 2, 4, 8]}}"}
{"op_code":5,"worker_id":"5f9335b3-0e2c-48c5-b5ec-8f16a23a772a-135414175008576","trial_id":93,"param_name":"gy","param_value_internal":0,"distribution":"{\"name\": \"CategoricalDistribution\", \"attributes\": {\"choices\": [1, 2, 4, 8]}}"}
{"op_code":5,"worker_id":"5f9335b3-0e2c-48c5-b5ec-8f16a23a772a-135414175008576","trial_id":93,"param_name":"sub","param_value_internal":1,"distribution":"{\"name\": \"CategoricalDistribution\", \"attributes\": {\"choices\": [32, 64]}}"}
{"op_code":8,"worker_id":"5f9335b3-0e2c-48c5-b5ec-8f16a23a772a-135414175008576","trial_id":93,"user_attr":{"token":"tsweep_t16x32k128g21s64"}}
{"op_code":6,"worker_id":"5f9335b3-0e2c-48c5-b5ec-8f16a23a772a-135414175008576","trial_id":57,"state":1,"values":[624.1055],"datetime_complete":"2026-07-23T21:52:59.348101"}
{"op_code":6,"worker_id":"5f9335b3-0e2c-48c5-b5ec-8f16a23a772a-135414175008576","trial_id":63,"state":1,"values":[802.0474999999999],"datetime_complete":"2026-07-23T21:53:26.694441"}
{"op_code":6,"worker_id":"5f9335b3-0e2c-48c5-b5ec-8f16a23a772a-135414175008576","trial_id":67,"state":2,"values":null,"datetime_complete":"2026-07-23T21:53:32.637635"}
{"op_code":6,"worker_id":"5f9335b3-0e2c-48c5-b5ec-8f16a23a772a-135414175008576","trial_id":71,"state":1,"values":[761.2085],"datetime_complete":"2026-07-23T21:54:01.883581"}
{"op_code":6,"worker_id":"5f9335b3-0e2c-48c5-b5ec-8f16a23a772a-135414175008576","trial_id":72,"state":1,"values":[496.3045],"datetime_complete":"2026-07-23T21:54:34.592446"}
{"op_code":6,"worker_id":"5f9335b3-0e2c-48c5-b5ec-8f16a23a772a-135414175008576","trial_id":73,"state":1,"values":[406.55100000000004],"datetime_complete":"2026-07-23T21:55:17.912181"}
{"op_code":6,"worker_id":"5f9335b3-0e2c-48c5-b5ec-8f16a23a772a-135414175008576","trial_id":74,"state":2,"values":null,"datetime_complete":"2026-07-23T21:55:23.817353"}
{"op_code":6,"worker_id":"5f9335b3-0e2c-48c5-b5ec-8f16a23a772a-135414175008576","trial_id":84,"state":2,"values":null,"datetime_complete":"2026-07-23T21:55:38.014296"}
{"op_code":6,"worker_id":"5f9335b3-0e2c-48c5-b5ec-8f16a23a772a-135414175008576","trial_id":91,"state":2,"values":null,"datetime_complete":"2026-07-23T21:55:51.096735"}
{"op_code":6,"worker_id":"5f9335b3-0e2c-48c5-b5ec-8f16a23a772a-135414175008576","trial_id":93,"state":2,"values":null,"datetime_complete":"2026-07-23T21:56:03.682001"}
