{"op_code":0,"worker_id":"045c6a49-06dc-488c-a0d7-91a6937a21c5-131069414635328","study_name":"q4gsw_samsung-xclipse-970-maxclk","directions":[2]}
{"op_code":4,"worker_id":"045c6a49-06dc-488c-a0d7-91a6937a21c5-131069414635328","study_id":0,"datetime_start":null,"state":4,"value":null,"values":null,"distributions":{},"params":{},"user_attrs":{},"system_attrs":{"fixed_params":{"m":128,"n":64,"k":32,"gx":2,"gy":2,"sub":32}},"intermediate_values":{}}
{"op_code":4,"worker_id":"045c6a49-06dc-488c-a0d7-91a6937a21c5-131069414635328","study_id":0,"datetime_start":null,"state":4,"value":null,"values":null,"distributions":{},"params":{},"user_attrs":{},"system_attrs":{"fixed_params":{"m":128,"n":64,"k":16,"gx":2,"gy":2,"sub":32}},"intermediate_values":{}}
{"op_code":6,"worker_id":"045c6a49-06dc-488c-a0d7-91a6937a21c5-131069414635328","trial_id":0,"state":0,"values":null,"datetime_start":"2026-07-24T01:03:20.467447"}
{"op_code":5,"worker_id":"045c6a49-06dc-488c-a0d7-91a6937a21c5-131069414635328","trial_id":0,"param_name":"m","param_value_internal":3,"distribution":"{\"name\": \"CategoricalDistribution\", \"attributes\": {\"choices\": [16, 32, 64, 128, 256]}}"}
{"op_code":5,"worker_id":"045c6a49-06dc-488c-a0d7-91a6937a21c5-131069414635328","trial_id":0,"param_name":"n","param_value_internal":2,"distribution":"{\"name\": \"CategoricalDistribution\", \"attributes\": {\"choices\": [16, 32, 64, 128, 256]}}"}
{"op_code":5,"worker_id":"045c6a49-06dc-488c-a0d7-91a6937a21c5-131069414635328","trial_id":0,"param_name":"k","param_value_internal":1,"distribution":"{\"name\": \"CategoricalDistribution\", \"attributes\": {\"choices\": [16, 32, 64, 128]}}"}
{"op_code":5,"worker_id":"045c6a49-06dc-488c-a0d7-91a6937a21c5-131069414635328","trial_id":0,"param_name":"gx","param_value_internal":1,"distribution":"{\"name\": \"CategoricalDistribution\", \"attributes\": {\"choices\": [1, 2, 4, 8]}}"}
{"op_code":5,"worker_id":"045c6a49-06dc-488c-a0d7-91a6937a21c5-131069414635328","trial_id":0,"param_name":"gy","param_value_internal":1,"distribution":"{\"name\": \"CategoricalDistribution\", \"attributes\": {\"choices\": [1, 2, 4, 8]}}"}
{"op_code":5,"worker_id":"045c6a49-06dc-488c-a0d7-91a6937a21c5-131069414635328","trial_id":0,"param_name":"sub","param_value_internal":0,"distribution":"{\"name\": \"CategoricalDistribution\", \"attributes\": {\"choices\": [32, 64]}}"}
{"op_code":8,"worker_id":"045c6a49-06dc-488c-a0d7-91a6937a21c5-131069414635328","trial_id":0,"user_attr":{"token":"tsweep_t128x64k32g22s32"}}
{"op_code":6,"worker_id":"045c6a49-06dc-488c-a0d7-91a6937a21c5-131069414635328","trial_id":1,"state":0,"values":null,"datetime_start":"2026-07-24T01:03:20.481624"}
{"op_code":5,"worker_id":"045c6a49-06dc-488c-a0d7-91a6937a21c5-131069414635328","trial_id":1,"param_name":"m","param_value_internal":3,"distribution":"{\"name\": \"CategoricalDistribution\", \"attributes\": {\"choices\": [16, 32, 64, 128, 256]}}"}
{"op_code":5,"worker_id":"045c6a49-06dc-488c-a0d7-91a6937a21c5-131069414635328","trial_id":1,"param_name":"n","param_value_internal":2,"distribution":"{\"name\": \"CategoricalDistribution\", \"attributes\": {\"choices\": [16, 32, 64, 128, 256]}}"}
{"op_code":5,"worker_id":"045c6a49-06dc-488c-a0d7-91a6937a21c5-131069414635328","trial_id":1,"param_name":"k","param_value_internal":0,"distribution":"{\"name\": \"CategoricalDistribution\", \"attributes\": {\"choices\": [16, 32, 64, 128]}}"}
{"op_code":5,"worker_id":"045c6a49-06dc-488c-a0d7-91a6937a21c5-131069414635328","trial_id":1,"param_name":"gx","param_value_internal":1,"distribution":"{\"name\": \"CategoricalDistribution\", \"attributes\": {\"choices\": [1, 2, 4, 8]}}"}
{"op_code":5,"worker_id":"045c6a49-06dc-488c-a0d7-91a6937a21c5-131069414635328","trial_id":1,"param_name":"gy","param_value_internal":1,"distribution":"{\"name\": \"CategoricalDistribution\", \"attributes\": {\"choices\": [1, 2, 4, 8]}}"}
{"op_code":5,"worker_id":"045c6a49-06dc-488c-a0d7-91a6937a21c5-131069414635328","trial_id":1,"param_name":"sub","param_value_internal":0,"distribution":"{\"name\": \"CategoricalDistribution\", \"attributes\": {\"choices\": [32, 64]}}"}
{"op_code":8,"worker_id":"045c6a49-06dc-488c-a0d7-91a6937a21c5-131069414635328","trial_id":1,"user_attr":{"token":"tsweep_t128x64k16g22s32"}}
{"op_code":4,"worker_id":"045c6a49-06dc-488c-a0d7-91a6937a21c5-131069414635328","study_id":0,"datetime_start":"2026-07-24T01:03:20.495887"}
{"op_code":5,"worker_id":"045c6a49-06dc-488c-a0d7-91a6937a21c5-131069414635328","trial_id":2,"param_name":"m","param_value_internal":2,"distribution":"{\"name\": \"CategoricalDistribution\", \"attributes\": {\"choices\": [16, 32, 64, 128, 256]}}"}
{"op_code":5,"worker_id":"045c6a49-06dc-488c-a0d7-91a6937a21c5-131069414635328","trial_id":2,"param_name":"n","param_value_internal":3,"distribution":"{\"name\": \"CategoricalDistribution\", \"attributes\": {\"choices\": [16, 32, 64, 128, 256]}}"}
{"op_code":5,"worker_id":"045c6a49-06dc-488c-a0d7-91a6937a21c5-131069414635328","trial_id":2,"param_name":"k","param_value_internal":0,"distribution":"{\"name\": \"CategoricalDistribution\", \"attributes\": {\"choices\": [16, 32, 64, 128]}}"}
{"op_code":5,"worker_id":"045c6a49-06dc-488c-a0d7-91a6937a21c5-131069414635328","trial_id":2,"param_name":"gx","param_value_internal":3,"distribution":"{\"name\": \"CategoricalDistribution\", \"attributes\": {\"choices\": [1, 2, 4, 8]}}"}
{"op_code":5,"worker_id":"045c6a49-06dc-488c-a0d7-91a6937a21c5-131069414635328","trial_id":2,"param_name":"gy","param_value_internal":2,"distribution":"{\"name\": \"CategoricalDistribution\", \"attributes\": {\"choices\": [1, 2, 4, 8]}}"}
{"op_code":5,"worker_id":"045c6a49-06dc-488c-a0d7-91a6937a21c5-131069414635328","trial_id":2,"param_name":"sub","param_value_internal":0,"distribution":"{\"name\": \"CategoricalDistribution\", \"attributes\": {\"choices\": [32, 64]}}"}
{"op_code":6,"worker_id":"045c6a49-06dc-488c-a0d7-91a6937a21c5-131069414635328","trial_id":2,"state":2,"values":null,"datetime_complete":"2026-07-24T01:03:20.510301"}
{"op_code":4,"worker_id":"045c6a49-06dc-488c-a0d7-91a6937a21c5-131069414635328","study_id":0,"datetime_start":"2026-07-24T01:03:20.513028"}
{"op_code":5,"worker_id":"045c6a49-06dc-488c-a0d7-91a6937a21c5-131069414635328","trial_id":3,"param_name":"m","param_value_internal":0,"distribution":"{\"name\": \"CategoricalDistribution\", \"attributes\": {\"choices\": [16, 32, 64, 128, 256]}}"}
{"op_code":5,"worker_id":"045c6a49-06dc-488c-a0d7-91a6937a21c5-131069414635328","trial_id":3,"param_name":"n","param_value_internal":1,"distribution":"{\"name\": \"CategoricalDistribution\", \"attributes\": {\"choices\": [16, 32, 64, 128, 256]}}"}
{"op_code":5,"worker_id":"045c6a49-06dc-488c-a0d7-91a6937a21c5-131069414635328","trial_id":3,"param_name":"k","param_value_internal":2,"distribution":"{\"name\": \"CategoricalDistribution\", \"attributes\": {\"choices\": [16, 32, 64, 128]}}"}
{"op_code":5,"worker_id":"045c6a49-06dc-488c-a0d7-91a6937a21c5-131069414635328","trial_id":3,"param_name":"gx","param_value_internal":2,"distribution":"{\"name\": \"CategoricalDistribution\", \"attributes\": {\"choices\": [1, 2, 4, 8]}}"}
{"op_code":5,"worker_id":"045c6a49-06dc-488c-a0d7-91a6937a21c5-131069414635328","trial_id":3,"param_name":"gy","param_value_internal":0,"distribution":"{\"name\": \"CategoricalDistribution\", \"attributes\": {\"choices\": [1, 2, 4, 8]}}"}
{"op_code":5,"worker_id":"045c6a49-06dc-488c-a0d7-91a6937a21c5-131069414635328","trial_id":3,"param_name":"sub","param_value_internal":1,"distribution":"{\"name\": \"CategoricalDistribution\", \"attributes\": {\"choices\": [32, 64]}}"}
{"op_code":6,"worker_id":"045c6a49-06dc-488c-a0d7-91a6937a21c5-131069414635328","trial_id":3,"state":2,"values":null,"datetime_complete":"2026-07-24T01:03:20.530938"}
{"op_code":4,"worker_id":"045c6a49-06dc-488c-a0d7-91a6937a21c5-131069414635328","study_id":0,"datetime_start":"2026-07-24T01:03:20.533628"}
{"op_code":5,"worker_id":"045c6a49-06dc-488c-a0d7-91a6937a21c5-131069414635328","trial_id":4,"param_name":"m","param_value_internal":2,"distribution":"{\"name\": \"CategoricalDistribution\", \"attributes\": {\"choices\": [16, 32, 64, 128, 256]}}"}
{"op_code":5,"worker_id":"045c6a49-06dc-488c-a0d7-91a6937a21c5-131069414635328","trial_id":4,"param_name":"n","param_value_internal":4,"distribution":"{\"name\": \"CategoricalDistribution\", \"attributes\": {\"choices\": [16, 32, 64, 128, 256]}}"}
{"op_code":5,"worker_id":"045c6a49-06dc-488c-a0d7-91a6937a21c5-131069414635328","trial_id":4,"param_name":"k","param_value_internal":0,"distribution":"{\"name\": \"CategoricalDistribution\", \"attributes\": {\"choices\": [16, 32, 64, 128]}}"}
{"op_code":5,"worker_id":"045c6a49-06dc-488c-a0d7-91a6937a21c5-131069414635328","trial_id":4,"param_name":"gx","param_value_internal":3,"distribution":"{\"name\": \"CategoricalDistribution\", \"attributes\": {\"choices\": [1, 2, 4, 8]}}"}
{"op_code":5,"worker_id":"045c6a49-06dc-488c-a0d7-91a6937a21c5-131069414635328","trial_id":4,"param_name":"gy","param_value_internal":1,"distribution":"{\"name\": \"CategoricalDistribution\", \"attributes\": {\"choices\": [1, 2, 4, 8]}}"}
{"op_code":5,"worker_id":"045c6a49-06dc-488c-a0d7-91a6937a21c5-131069414635328","trial_id":4,"param_name":"sub","param_value_internal":0,"distribution":"{\"name\": \"CategoricalDistribution\", \"attributes\": {\"choices\": [32, 64]}}"}
{"op_code":6,"worker_id":"045c6a49-06dc-488c-a0d7-91a6937a21c5-131069414635328","trial_id":4,"state":2,"values":null,"datetime_complete":"2026-07-24T01:03:20.551066"}
{"op_code":4,"worker_id":"045c6a49-06dc-488c-a0d7-91a6937a21c5-131069414635328","study_id":0,"datetime_start":"2026-07-24T01:03:20.553190"}
{"op_code":5,"worker_id":"045c6a49-06dc-488c-a0d7-91a6937a21c5-131069414635328","trial_id":5,"param_name":"m","param_value_internal":4,"distribution":"{\"name\": \"CategoricalDistribution\", \"attributes\": {\"choices\": [16, 32, 64, 128, 256]}}"}
{"op_code":5,"worker_id":"045c6a49-06dc-488c-a0d7-91a6937a21c5-131069414635328","trial_id":5,"param_name":"n","param_value_internal":3,"distribution":"{\"name\": \"CategoricalDistribution\", \"attributes\": {\"choices\": [16, 32, 64, 128, 256]}}"}
{"op_code":5,"worker_id":"045c6a49-06dc-488c-a0d7-91a6937a21c5-131069414635328","trial_id":5,"param_name":"k","param_value_internal":2,"distribution":"{\"name\": \"CategoricalDistribution\", \"attributes\": {\"choices\": [16, 32, 64, 128]}}"}
{"op_code":5,"worker_id":"045c6a49-06dc-488c-a0d7-91a6937a21c5-131069414635328","trial_id":5,"param_name":"gx","param_value_internal":2,"distribution":"{\"name\": \"CategoricalDistribution\", \"attributes\": {\"choices\": [1, 2, 4, 8]}}"}
{"op_code":5,"worker_id":"045c6a49-06dc-488c-a0d7-91a6937a21c5-131069414635328","trial_id":5,"param_name":"gy","param_value_internal":2,"distribution":"{\"name\": \"CategoricalDistribution\", \"attributes\": {\"choices\": [1, 2, 4, 8]}}"}
{"op_code":5,"worker_id":"045c6a49-06dc-488c-a0d7-91a6937a21c5-131069414635328","trial_id":5,"param_name":"sub","param_value_internal":0,"distribution":"{\"name\": \"CategoricalDistribution\", \"attributes\": {\"choices\": [32, 64]}}"}
{"op_code":6,"worker_id":"045c6a49-06dc-488c-a0d7-91a6937a21c5-131069414635328","trial_id":5,"state":2,"values":null,"datetime_complete":"2026-07-24T01:03:20.567115"}
{"op_code":4,"worker_id":"045c6a49-06dc-488c-a0d7-91a6937a21c5-131069414635328","study_id":0,"datetime_start":"2026-07-24T01:03:20.569367"}
{"op_code":5,"worker_id":"045c6a49-06dc-488c-a0d7-91a6937a21c5-131069414635328","trial_id":6,"param_name":"m","param_value_internal":2,"distribution":"{\"name\": \"CategoricalDistribution\", \"attributes\": {\"choices\": [16, 32, 64, 128, 256]}}"}
{"op_code":5,"worker_id":"045c6a49-06dc-488c-a0d7-91a6937a21c5-131069414635328","trial_id":6,"param_name":"n","param_value_internal":2,"distribution":"{\"name\": \"CategoricalDistribution\", \"attributes\": {\"choices\": [16, 32, 64, 128, 256]}}"}
{"op_code":5,"worker_id":"045c6a49-06dc-488c-a0d7-91a6937a21c5-131069414635328","trial_id":6,"param_name":"k","param_value_internal":3,"distribution":"{\"name\": \"CategoricalDistribution\", \"attributes\": {\"choices\": [16, 32, 64, 128]}}"}
{"op_code":5,"worker_id":"045c6a49-06dc-488c-a0d7-91a6937a21c5-131069414635328","trial_id":6,"param_name":"gx","param_value_internal":2,"distribution":"{\"name\": \"CategoricalDistribution\", \"attributes\": {\"choices\": [1, 2, 4, 8]}}"}
{"op_code":5,"worker_id":"045c6a49-06dc-488c-a0d7-91a6937a21c5-131069414635328","trial_id":6,"param_name":"gy","param_value_internal":2,"distribution":"{\"name\": \"CategoricalDistribution\", \"attributes\": {\"choices\": [1, 2, 4, 8]}}"}
{"op_code":5,"worker_id":"045c6a49-06dc-488c-a0d7-91a6937a21c5-131069414635328","trial_id":6,"param_name":"sub","param_value_internal":1,"distribution":"{\"name\": \"CategoricalDistribution\", \"attributes\": {\"choices\": [32, 64]}}"}
{"op_code":6,"worker_id":"045c6a49-06dc-488c-a0d7-91a6937a21c5-131069414635328","trial_id":6,"state":2,"values":null,"datetime_complete":"2026-07-24T01:03:20.583009"}
{"op_code":4,"worker_id":"045c6a49-06dc-488c-a0d7-91a6937a21c5-131069414635328","study_id":0,"datetime_start":"2026-07-24T01:03:20.585032"}
{"op_code":5,"worker_id":"045c6a49-06dc-488c-a0d7-91a6937a21c5-131069414635328","trial_id":7,"param_name":"m","param_value_internal":4,"distribution":"{\"name\": \"CategoricalDistribution\", \"attributes\": {\"choices\": [16, 32, 64, 128, 256]}}"}
{"op_code":5,"worker_id":"045c6a49-06dc-488c-a0d7-91a6937a21c5-131069414635328","trial_id":7,"param_name":"n","param_value_internal":2,"distribution":"{\"name\": \"CategoricalDistribution\", \"attributes\": {\"choices\": [16, 32, 64, 128, 256]}}"}
{"op_code":5,"worker_id":"045c6a49-06dc-488c-a0d7-91a6937a21c5-131069414635328","trial_id":7,"param_name":"k","param_value_internal":3,"distribution":"{\"name\": \"CategoricalDistribution\", \"attributes\": {\"choices\": [16, 32, 64, 128]}}"}
{"op_code":5,"worker_id":"045c6a49-06dc-488c-a0d7-91a6937a21c5-131069414635328","trial_id":7,"param_name":"gx","param_value_internal":0,"distribution":"{\"name\": \"CategoricalDistribution\", \"attributes\": {\"choices\": [1, 2, 4, 8]}}"}
{"op_code":5,"worker_id":"045c6a49-06dc-488c-a0d7-91a6937a21c5-131069414635328","trial_id":7,"param_name":"gy","param_value_internal":1,"distribution":"{\"name\": \"CategoricalDistribution\", \"attributes\": {\"choices\": [1, 2, 4, 8]}}"}
{"op_code":5,"worker_id":"045c6a49-06dc-488c-a0d7-91a6937a21c5-131069414635328","trial_id":7,"param_name":"sub","param_value_internal":1,"distribution":"{\"name\": \"CategoricalDistribution\", \"attributes\": {\"choices\": [32, 64]}}"}
{"op_code":6,"worker_id":"045c6a49-06dc-488c-a0d7-91a6937a21c5-131069414635328","trial_id":7,"state":2,"values":null,"datetime_complete":"2026-07-24T01:03:20.598716"}
{"op_code":4,"worker_id":"045c6a49-06dc-488c-a0d7-91a6937a21c5-131069414635328","study_id":0,"datetime_start":"2026-07-24T01:03:20.600726"}
{"op_code":5,"worker_id":"045c6a49-06dc-488c-a0d7-91a6937a21c5-131069414635328","trial_id":8,"param_name":"m","param_value_internal":4,"distribution":"{\"name\": \"CategoricalDistribution\", \"attributes\": {\"choices\": [16, 32, 64, 128, 256]}}"}
{"op_code":5,"worker_id":"045c6a49-06dc-488c-a0d7-91a6937a21c5-131069414635328","trial_id":8,"param_name":"n","param_value_internal":1,"distribution":"{\"name\": \"CategoricalDistribution\", \"attributes\": {\"choices\": [16, 32, 64, 128, 256]}}"}
{"op_code":5,"worker_id":"045c6a49-06dc-488c-a0d7-91a6937a21c5-131069414635328","trial_id":8,"param_name":"k","param_value_internal":2,"distribution":"{\"name\": \"CategoricalDistribution\", \"attributes\": {\"choices\": [16, 32, 64, 128]}}"}
{"op_code":5,"worker_id":"045c6a49-06dc-488c-a0d7-91a6937a21c5-131069414635328","trial_id":8,"param_name":"gx","param_value_internal":1,"distribution":"{\"name\": \"CategoricalDistribution\", \"attributes\": {\"choices\": [1, 2, 4, 8]}}"}
{"op_code":5,"worker_id":"045c6a49-06dc-488c-a0d7-91a6937a21c5-131069414635328","trial_id":8,"param_name":"gy","param_value_internal":0,"distribution":"{\"name\": \"CategoricalDistribution\", \"attributes\": {\"choices\": [1, 2, 4, 8]}}"}
{"op_code":5,"worker_id":"045c6a49-06dc-488c-a0d7-91a6937a21c5-131069414635328","trial_id":8,"param_name":"sub","param_value_internal":1,"distribution":"{\"name\": \"CategoricalDistribution\", \"attributes\": {\"choices\": [32, 64]}}"}
{"op_code":6,"worker_id":"045c6a49-06dc-488c-a0d7-91a6937a21c5-131069414635328","trial_id":8,"state":2,"values":null,"datetime_complete":"2026-07-24T01:03:20.614179"}
{"op_code":4,"worker_id":"045c6a49-06dc-488c-a0d7-91a6937a21c5-131069414635328","study_id":0,"datetime_start":"2026-07-24T01:03:20.616299"}
{"op_code":5,"worker_id":"045c6a49-06dc-488c-a0d7-91a6937a21c5-131069414635328","trial_id":9,"param_name":"m","param_value_internal":1,"distribution":"{\"name\": \"CategoricalDistribution\", \"attributes\": {\"choices\": [16, 32, 64, 128, 256]}}"}
{"op_code":5,"worker_id":"045c6a49-06dc-488c-a0d7-91a6937a21c5-131069414635328","trial_id":9,"param_name":"n","param_value_internal":1,"distribution":"{\"name\": \"CategoricalDistribution\", \"attributes\": {\"choices\": [16, 32, 64, 128, 256]}}"}
{"op_code":5,"worker_id":"045c6a49-06dc-488c-a0d7-91a6937a21c5-131069414635328","trial_id":9,"param_name":"k","param_value_internal":1,"distribution":"{\"name\": \"CategoricalDistribution\", \"attributes\": {\"choices\": [16, 32, 64, 128]}}"}
{"op_code":5,"worker_id":"045c6a49-06dc-488c-a0d7-91a6937a21c5-131069414635328","trial_id":9,"param_name":"gx","param_value_internal":2,"distribution":"{\"name\": \"CategoricalDistribution\", \"attributes\": {\"choices\": [1, 2, 4, 8]}}"}
{"op_code":5,"worker_id":"045c6a49-06dc-488c-a0d7-91a6937a21c5-131069414635328","trial_id":9,"param_name":"gy","param_value_internal":1,"distribution":"{\"name\": \"CategoricalDistribution\", \"attributes\": {\"choices\": [1, 2, 4, 8]}}"}
{"op_code":5,"worker_id":"045c6a49-06dc-488c-a0d7-91a6937a21c5-131069414635328","trial_id":9,"param_name":"sub","param_value_internal":0,"distribution":"{\"name\": \"CategoricalDistribution\", \"attributes\": {\"choices\": [32, 64]}}"}
{"op_code":6,"worker_id":"045c6a49-06dc-488c-a0d7-91a6937a21c5-131069414635328","trial_id":9,"state":2,"values":null,"datetime_complete":"2026-07-24T01:03:20.629967"}
{"op_code":4,"worker_id":"045c6a49-06dc-488c-a0d7-91a6937a21c5-131069414635328","study_id":0,"datetime_start":"2026-07-24T01:03:20.632072"}
{"op_code":5,"worker_id":"045c6a49-06dc-488c-a0d7-91a6937a21c5-131069414635328","trial_id":10,"param_name":"m","param_value_internal":3,"distribution":"{\"name\": \"CategoricalDistribution\", \"attributes\": {\"choices\": [16, 32, 64, 128, 256]}}"}
{"op_code":5,"worker_id":"045c6a49-06dc-488c-a0d7-91a6937a21c5-131069414635328","trial_id":10,"param_name":"n","param_value_internal":0,"distribution":"{\"name\": \"CategoricalDistribution\", \"attributes\": {\"choices\": [16, 32, 64, 128, 256]}}"}
{"op_code":5,"worker_id":"045c6a49-06dc-488c-a0d7-91a6937a21c5-131069414635328","trial_id":10,"param_name":"k","param_value_internal":2,"distribution":"{\"name\": \"CategoricalDistribution\", \"attributes\": {\"choices\": [16, 32, 64, 128]}}"}
{"op_code":5,"worker_id":"045c6a49-06dc-488c-a0d7-91a6937a21c5-131069414635328","trial_id":10,"param_name":"gx","param_value_internal":3,"distribution":"{\"name\": \"CategoricalDistribution\", \"attributes\": {\"choices\": [1, 2, 4, 8]}}"}
{"op_code":5,"worker_id":"045c6a49-06dc-488c-a0d7-91a6937a21c5-131069414635328","trial_id":10,"param_name":"gy","param_value_internal":2,"distribution":"{\"name\": \"CategoricalDistribution\", \"attributes\": {\"choices\": [1, 2, 4, 8]}}"}
{"op_code":5,"worker_id":"045c6a49-06dc-488c-a0d7-91a6937a21c5-131069414635328","trial_id":10,"param_name":"sub","param_value_internal":0,"distribution":"{\"name\": \"CategoricalDistribution\", \"attributes\": {\"choices\": [32, 64]}}"}
{"op_code":6,"worker_id":"045c6a49-06dc-488c-a0d7-91a6937a21c5-131069414635328","trial_id":10,"state":2,"values":null,"datetime_complete":"2026-07-24T01:03:20.646056"}
{"op_code":4,"worker_id":"045c6a49-06dc-488c-a0d7-91a6937a21c5-131069414635328","study_id":0,"datetime_start":"2026-07-24T01:03:20.648142"}
{"op_code":5,"worker_id":"045c6a49-06dc-488c-a0d7-91a6937a21c5-131069414635328","trial_id":11,"param_name":"m","param_value_internal":0,"distribution":"{\"name\": \"CategoricalDistribution\", \"attributes\": {\"choices\": [16, 32, 64, 128, 256]}}"}
{"op_code":5,"worker_id":"045c6a49-06dc-488c-a0d7-91a6937a21c5-131069414635328","trial_id":11,"param_name":"n","param_value_internal":1,"distribution":"{\"name\": \"CategoricalDistribution\", \"attributes\": {\"choices\": [16, 32, 64, 128, 256]}}"}
{"op_code":5,"worker_id":"045c6a49-06dc-488c-a0d7-91a6937a21c5-131069414635328","trial_id":11,"param_name":"k","param_value_internal":3,"distribution":"{\"name\": \"CategoricalDistribution\", \"attributes\": {\"choices\": [16, 32, 64, 128]}}"}
{"op_code":5,"worker_id":"045c6a49-06dc-488c-a0d7-91a6937a21c5-131069414635328","trial_id":11,"param_name":"gx","param_value_internal":0,"distribution":"{\"name\": \"CategoricalDistribution\", \"attributes\": {\"choices\": [1, 2, 4, 8]}}"}
{"op_code":5,"worker_id":"045c6a49-06dc-488c-a0d7-91a6937a21c5-131069414635328","trial_id":11,"param_name":"gy","param_value_internal":3,"distribution":"{\"name\": \"CategoricalDistribution\", \"attributes\": {\"choices\": [1, 2, 4, 8]}}"}
{"op_code":5,"worker_id":"045c6a49-06dc-488c-a0d7-91a6937a21c5-131069414635328","trial_id":11,"param_name":"sub","param_value_internal":0,"distribution":"{\"name\": \"CategoricalDistribution\", \"attributes\": {\"choices\": [32, 64]}}"}
{"op_code":6,"worker_id":"045c6a49-06dc-488c-a0d7-91a6937a21c5-131069414635328","trial_id":11,"state":2,"values":null,"datetime_complete":"2026-07-24T01:03:20.661764"}
{"op_code":4,"worker_id":"045c6a49-06dc-488c-a0d7-91a6937a21c5-131069414635328","study_id":0,"datetime_start":"2026-07-24T01:03:20.664012"}
{"op_code":9,"worker_id":"045c6a49-06dc-488c-a0d7-91a6937a21c5-131069414635328","trial_id":12,"system_attr":{"tpe:relative_params:0":"{\"gx\": 4, \"gy\": 1, \"k\": 16, \"m\": 64, \"n\": 128, \"sub\": 32}"}}
{"op_code":5,"worker_id":"045c6a49-06dc-488c-a0d7-91a6937a21c5-131069414635328","trial_id":12,"param_name":"m","param_value_internal":2,"distribution":"{\"name\": \"CategoricalDistribution\", \"attributes\": {\"choices\": [16, 32, 64, 128, 256]}}"}
{"op_code":5,"worker_id":"045c6a49-06dc-488c-a0d7-91a6937a21c5-131069414635328","trial_id":12,"param_name":"n","param_value_internal":3,"distribution":"{\"name\": \"CategoricalDistribution\", \"attributes\": {\"choices\": [16, 32, 64, 128, 256]}}"}
{"op_code":5,"worker_id":"045c6a49-06dc-488c-a0d7-91a6937a21c5-131069414635328","trial_id":12,"param_name":"k","param_value_internal":0,"distribution":"{\"name\": \"CategoricalDistribution\", \"attributes\": {\"choices\": [16, 32, 64, 128]}}"}
{"op_code":5,"worker_id":"045c6a49-06dc-488c-a0d7-91a6937a21c5-131069414635328","trial_id":12,"param_name":"gx","param_value_internal":2,"distribution":"{\"name\": \"CategoricalDistribution\", \"attributes\": {\"choices\": [1, 2, 4, 8]}}"}
{"op_code":5,"worker_id":"045c6a49-06dc-488c-a0d7-91a6937a21c5-131069414635328","trial_id":12,"param_name":"gy","param_value_internal":0,"distribution":"{\"name\": \"CategoricalDistribution\", \"attributes\": {\"choices\": [1, 2, 4, 8]}}"}
{"op_code":5,"worker_id":"045c6a49-06dc-488c-a0d7-91a6937a21c5-131069414635328","trial_id":12,"param_name":"sub","param_value_internal":0,"distribution":"{\"name\": \"CategoricalDistribution\", \"attributes\": {\"choices\": [32, 64]}}"}
{"op_code":8,"worker_id":"045c6a49-06dc-488c-a0d7-91a6937a21c5-131069414635328","trial_id":12,"user_attr":{"token":"tsweep_t64x128k16g41s32"}}
{"op_code":4,"worker_id":"045c6a49-06dc-488c-a0d7-91a6937a21c5-131069414635328","study_id":0,"datetime_start":"2026-07-24T01:03:20.684637"}
{"op_code":9,"worker_id":"045c6a49-06dc-488c-a0d7-91a6937a21c5-131069414635328","trial_id":13,"system_attr":{"tpe:relative_params:0":"{\"gx\": 8, \"gy\": 4, \"k\": 128, \"m\": 64, \"n\": 128, \"sub\": 32}"}}
{"op_code":5,"worker_id":"045c6a49-06dc-488c-a0d7-91a6937a21c5-131069414635328","trial_id":13,"param_name":"m","param_value_internal":2,"distribution":"{\"name\": \"CategoricalDistribution\", \"attributes\": {\"choices\": [16, 32, 64, 128, 256]}}"}
{"op_code":5,"worker_id":"045c6a49-06dc-488c-a0d7-91a6937a21c5-131069414635328","trial_id":13,"param_name":"n","param_value_internal":3,"distribution":"{\"name\": \"CategoricalDistribution\", \"attributes\": {\"choices\": [16, 32, 64, 128, 256]}}"}
{"op_code":5,"worker_id":"045c6a49-06dc-488c-a0d7-91a6937a21c5-131069414635328","trial_id":13,"param_name":"k","param_value_internal":3,"distribution":"{\"name\": \"CategoricalDistribution\", \"attributes\": {\"choices\": [16, 32, 64, 128]}}"}
{"op_code":5,"worker_id":"045c6a49-06dc-488c-a0d7-91a6937a21c5-131069414635328","trial_id":13,"param_name":"gx","param_value_internal":3,"distribution":"{\"name\": \"CategoricalDistribution\", \"attributes\": {\"choices\": [1, 2, 4, 8]}}"}
{"op_code":5,"worker_id":"045c6a49-06dc-488c-a0d7-91a6937a21c5-131069414635328","trial_id":13,"param_name":"gy","param_value_internal":2,"distribution":"{\"name\": \"CategoricalDistribution\", \"attributes\": {\"choices\": [1, 2, 4, 8]}}"}
{"op_code":5,"worker_id":"045c6a49-06dc-488c-a0d7-91a6937a21c5-131069414635328","trial_id":13,"param_name":"sub","param_value_internal":0,"distribution":"{\"name\": \"CategoricalDistribution\", \"attributes\": {\"choices\": [32, 64]}}"}
{"op_code":6,"worker_id":"045c6a49-06dc-488c-a0d7-91a6937a21c5-131069414635328","trial_id":13,"state":2,"values":null,"datetime_complete":"2026-07-24T01:03:20.701752"}
{"op_code":4,"worker_id":"045c6a49-06dc-488c-a0d7-91a6937a21c5-131069414635328","study_id":0,"datetime_start":"2026-07-24T01:03:20.703709"}
{"op_code":9,"worker_id":"045c6a49-06dc-488c-a0d7-91a6937a21c5-131069414635328","trial_id":14,"system_attr":{"tpe:relative_params:0":"{\"gx\": 8, \"gy\": 4, \"k\": 16, \"m\": 64, \"n\": 128, \"sub\": 64}"}}
{"op_code":5,"worker_id":"045c6a49-06dc-488c-a0d7-91a6937a21c5-131069414635328","trial_id":14,"param_name":"m","param_value_internal":2,"distribution":"{\"name\": \"CategoricalDistribution\", \"attributes\": {\"choices\": [16, 32, 64, 128, 256]}}"}
{"op_code":5,"worker_id":"045c6a49-06dc-488c-a0d7-91a6937a21c5-131069414635328","trial_id":14,"param_name":"n","param_value_internal":3,"distribution":"{\"name\": \"CategoricalDistribution\", \"attributes\": {\"choices\": [16, 32, 64, 128, 256]}}"}
{"op_code":5,"worker_id":"045c6a49-06dc-488c-a0d7-91a6937a21c5-131069414635328","trial_id":14,"param_name":"k","param_value_internal":0,"distribution":"{\"name\": \"CategoricalDistribution\", \"attributes\": {\"choices\": [16, 32, 64, 128]}}"}
{"op_code":5,"worker_id":"045c6a49-06dc-488c-a0d7-91a6937a21c5-131069414635328","trial_id":14,"param_name":"gx","param_value_internal":3,"distribution":"{\"name\": \"CategoricalDistribution\", \"attributes\": {\"choices\": [1, 2, 4, 8]}}"}
{"op_code":5,"worker_id":"045c6a49-06dc-488c-a0d7-91a6937a21c5-131069414635328","trial_id":14,"param_name":"gy","param_value_internal":2,"distribution":"{\"name\": \"CategoricalDistribution\", \"attributes\": {\"choices\": [1, 2, 4, 8]}}"}
{"op_code":5,"worker_id":"045c6a49-06dc-488c-a0d7-91a6937a21c5-131069414635328","trial_id":14,"param_name":"sub","param_value_internal":1,"distribution":"{\"name\": \"CategoricalDistribution\", \"attributes\": {\"choices\": [32, 64]}}"}
{"op_code":6,"worker_id":"045c6a49-06dc-488c-a0d7-91a6937a21c5-131069414635328","trial_id":14,"state":2,"values":null,"datetime_complete":"2026-07-24T01:03:20.721702"}
{"op_code":4,"worker_id":"045c6a49-06dc-488c-a0d7-91a6937a21c5-131069414635328","study_id":0,"datetime_start":"2026-07-24T01:03:20.723924"}
{"op_code":9,"worker_id":"045c6a49-06dc-488c-a0d7-91a6937a21c5-131069414635328","trial_id":15,"system_attr":{"tpe:relative_params:0":"{\"gx\": 4, \"gy\": 1, \"k\": 64, \"m\": 16, \"n\": 32, \"sub\": 64}"}}
{"op_code":5,"worker_id":"045c6a49-06dc-488c-a0d7-91a6937a21c5-131069414635328","trial_id":15,"param_name":"m","param_value_internal":0,"distribution":"{\"name\": \"CategoricalDistribution\", \"attributes\": {\"choices\": [16, 32, 64, 128, 256]}}"}
{"op_code":5,"worker_id":"045c6a49-06dc-488c-a0d7-91a6937a21c5-131069414635328","trial_id":15,"param_name":"n","param_value_internal":1,"distribution":"{\"name\": \"CategoricalDistribution\", \"attributes\": {\"choices\": [16, 32, 64, 128, 256]}}"}
{"op_code":5,"worker_id":"045c6a49-06dc-488c-a0d7-91a6937a21c5-131069414635328","trial_id":15,"param_name":"k","param_value_internal":2,"distribution":"{\"name\": \"CategoricalDistribution\", \"attributes\": {\"choices\": [16, 32, 64, 128]}}"}
{"op_code":5,"worker_id":"045c6a49-06dc-488c-a0d7-91a6937a21c5-131069414635328","trial_id":15,"param_name":"gx","param_value_internal":2,"distribution":"{\"name\": \"CategoricalDistribution\", \"attributes\": {\"choices\": [1, 2, 4, 8]}}"}
{"op_code":5,"worker_id":"045c6a49-06dc-488c-a0d7-91a6937a21c5-131069414635328","trial_id":15,"param_name":"gy","param_value_internal":0,"distribution":"{\"name\": \"CategoricalDistribution\", \"attributes\": {\"choices\": [1, 2, 4, 8]}}"}
{"op_code":5,"worker_id":"045c6a49-06dc-488c-a0d7-91a6937a21c5-131069414635328","trial_id":15,"param_name":"sub","param_value_internal":1,"distribution":"{\"name\": \"CategoricalDistribution\", \"attributes\": {\"choices\": [32, 64]}}"}
{"op_code":6,"worker_id":"045c6a49-06dc-488c-a0d7-91a6937a21c5-131069414635328","trial_id":15,"state":2,"values":null,"datetime_complete":"2026-07-24T01:03:20.742501"}
{"op_code":4,"worker_id":"045c6a49-06dc-488c-a0d7-91a6937a21c5-131069414635328","study_id":0,"datetime_start":"2026-07-24T01:03:20.744593"}
{"op_code":9,"worker_id":"045c6a49-06dc-488c-a0d7-91a6937a21c5-131069414635328","trial_id":16,"system_attr":{"tpe:relative_params:0":"{\"gx\": 8, \"gy\": 4, \"k\": 16, \"m\": 16, \"n\": 128, \"sub\": 32}"}}
{"op_code":5,"worker_id":"045c6a49-06dc-488c-a0d7-91a6937a21c5-131069414635328","trial_id":16,"param_name":"m","param_value_internal":0,"distribution":"{\"name\": \"CategoricalDistribution\", \"attributes\": {\"choices\": [16, 32, 64, 128, 256]}}"}
{"op_code":5,"worker_id":"045c6a49-06dc-488c-a0d7-91a6937a21c5-131069414635328","trial_id":16,"param_name":"n","param_value_internal":3,"distribution":"{\"name\": \"CategoricalDistribution\", \"attributes\": {\"choices\": [16, 32, 64, 128, 256]}}"}
{"op_code":5,"worker_id":"045c6a49-06dc-488c-a0d7-91a6937a21c5-131069414635328","trial_id":16,"param_name":"k","param_value_internal":0,"distribution":"{\"name\": \"CategoricalDistribution\", \"attributes\": {\"choices\": [16, 32, 64, 128]}}"}
{"op_code":5,"worker_id":"045c6a49-06dc-488c-a0d7-91a6937a21c5-131069414635328","trial_id":16,"param_name":"gx","param_value_internal":3,"distribution":"{\"name\": \"CategoricalDistribution\", \"attributes\": {\"choices\": [1, 2, 4, 8]}}"}
{"op_code":5,"worker_id":"045c6a49-06dc-488c-a0d7-91a6937a21c5-131069414635328","trial_id":16,"param_name":"gy","param_value_internal":2,"distribution":"{\"name\": \"CategoricalDistribution\", \"attributes\": {\"choices\": [1, 2, 4, 8]}}"}
{"op_code":5,"worker_id":"045c6a49-06dc-488c-a0d7-91a6937a21c5-131069414635328","trial_id":16,"param_name":"sub","param_value_internal":0,"distribution":"{\"name\": \"CategoricalDistribution\", \"attributes\": {\"choices\": [32, 64]}}"}
{"op_code":6,"worker_id":"045c6a49-06dc-488c-a0d7-91a6937a21c5-131069414635328","trial_id":16,"state":2,"values":null,"datetime_complete":"2026-07-24T01:03:20.762530"}
{"op_code":4,"worker_id":"045c6a49-06dc-488c-a0d7-91a6937a21c5-131069414635328","study_id":0,"datetime_start":"2026-07-24T01:03:20.764603"}
{"op_code":9,"worker_id":"045c6a49-06dc-488c-a0d7-91a6937a21c5-131069414635328","trial_id":17,"system_attr":{"tpe:relative_params:0":"{\"gx\": 4, \"gy\": 2, \"k\": 32, \"m\": 16, \"n\": 128, \"sub\": 64}"}}
{"op_code":5,"worker_id":"045c6a49-06dc-488c-a0d7-91a6937a21c5-131069414635328","trial_id":17,"param_name":"m","param_value_internal":0,"distribution":"{\"name\": \"CategoricalDistribution\", \"attributes\": {\"choices\": [16, 32, 64, 128, 256]}}"}
{"op_code":5,"worker_id":"045c6a49-06dc-488c-a0d7-91a6937a21c5-131069414635328","trial_id":17,"param_name":"n","param_value_internal":3,"distribution":"{\"name\": \"CategoricalDistribution\", \"attributes\": {\"choices\": [16, 32, 64, 128, 256]}}"}
{"op_code":5,"worker_id":"045c6a49-06dc-488c-a0d7-91a6937a21c5-131069414635328","trial_id":17,"param_name":"k","param_value_internal":1,"distribution":"{\"name\": \"CategoricalDistribution\", \"attributes\": {\"choices\": [16, 32, 64, 128]}}"}
{"op_code":5,"worker_id":"045c6a49-06dc-488c-a0d7-91a6937a21c5-131069414635328","trial_id":17,"param_name":"gx","param_value_internal":2,"distribution":"{\"name\": \"CategoricalDistribution\", \"attributes\": {\"choices\": [1, 2, 4, 8]}}"}
{"op_code":5,"worker_id":"045c6a49-06dc-488c-a0d7-91a6937a21c5-131069414635328","trial_id":17,"param_name":"gy","param_value_internal":1,"distribution":"{\"name\": \"CategoricalDistribution\", \"attributes\": {\"choices\": [1, 2, 4, 8]}}"}
{"op_code":5,"worker_id":"045c6a49-06dc-488c-a0d7-91a6937a21c5-131069414635328","trial_id":17,"param_name":"sub","param_value_internal":1,"distribution":"{\"name\": \"CategoricalDistribution\", \"attributes\": {\"choices\": [32, 64]}}"}
{"op_code":6,"worker_id":"045c6a49-06dc-488c-a0d7-91a6937a21c5-131069414635328","trial_id":17,"state":2,"values":null,"datetime_complete":"2026-07-24T01:03:20.782727"}
{"op_code":4,"worker_id":"045c6a49-06dc-488c-a0d7-91a6937a21c5-131069414635328","study_id":0,"datetime_start":"2026-07-24T01:03:20.784672"}
{"op_code":9,"worker_id":"045c6a49-06dc-488c-a0d7-91a6937a21c5-131069414635328","trial_id":18,"system_attr":{"tpe:relative_params:0":"{\"gx\": 8, \"gy\": 2, \"k\": 64, \"m\": 16, \"n\": 16, \"sub\": 64}"}}
{"op_code":5,"worker_id":"045c6a49-06dc-488c-a0d7-91a6937a21c5-131069414635328","trial_id":18,"param_name":"m","param_value_internal":0,"distribution":"{\"name\": \"CategoricalDistribution\", \"attributes\": {\"choices\": [16, 32, 64, 128, 256]}}"}
{"op_code":5,"worker_id":"045c6a49-06dc-488c-a0d7-91a6937a21c5-131069414635328","trial_id":18,"param_name":"n","param_value_internal":0,"distribution":"{\"name\": \"CategoricalDistribution\", \"attributes\": {\"choices\": [16, 32, 64, 128, 256]}}"}
{"op_code":5,"worker_id":"045c6a49-06dc-488c-a0d7-91a6937a21c5-131069414635328","trial_id":18,"param_name":"k","param_value_internal":2,"distribution":"{\"name\": \"CategoricalDistribution\", \"attributes\": {\"choices\": [16, 32, 64, 128]}}"}
{"op_code":5,"worker_id":"045c6a49-06dc-488c-a0d7-91a6937a21c5-131069414635328","trial_id":18,"param_name":"gx","param_value_internal":3,"distribution":"{\"name\": \"CategoricalDistribution\", \"attributes\": {\"choices\": [1, 2, 4, 8]}}"}
{"op_code":5,"worker_id":"045c6a49-06dc-488c-a0d7-91a6937a21c5-131069414635328","trial_id":18,"param_name":"gy","param_value_internal":1,"distribution":"{\"name\": \"CategoricalDistribution\", \"attributes\": {\"choices\": [1, 2, 4, 8]}}"}
{"op_code":5,"worker_id":"045c6a49-06dc-488c-a0d7-91a6937a21c5-131069414635328","trial_id":18,"param_name":"sub","param_value_internal":1,"distribution":"{\"name\": \"CategoricalDistribution\", \"attributes\": {\"choices\": [32, 64]}}"}
{"op_code":6,"worker_id":"045c6a49-06dc-488c-a0d7-91a6937a21c5-131069414635328","trial_id":18,"state":2,"values":null,"datetime_complete":"2026-07-24T01:03:20.800985"}
{"op_code":4,"worker_id":"045c6a49-06dc-488c-a0d7-91a6937a21c5-131069414635328","study_id":0,"datetime_start":"2026-07-24T01:03:20.802637"}
{"op_code":9,"worker_id":"045c6a49-06dc-488c-a0d7-91a6937a21c5-131069414635328","trial_id":19,"system_attr":{"tpe:relative_params:0":"{\"gx\": 2, \"gy\": 4, \"k\": 32, \"m\": 64, \"n\": 256, \"sub\": 32}"}}
{"op_code":5,"worker_id":"045c6a49-06dc-488c-a0d7-91a6937a21c5-131069414635328","trial_id":19,"param_name":"m","param_value_internal":2,"distribution":"{\"name\": \"CategoricalDistribution\", \"attributes\": {\"choices\": [16, 32, 64, 128, 256]}}"}
{"op_code":5,"worker_id":"045c6a49-06dc-488c-a0d7-91a6937a21c5-131069414635328","trial_id":19,"param_name":"n","param_value_internal":4,"distribution":"{\"name\": \"CategoricalDistribution\", \"attributes\": {\"choices\": [16, 32, 64, 128, 256]}}"}
{"op_code":5,"worker_id":"045c6a49-06dc-488c-a0d7-91a6937a21c5-131069414635328","trial_id":19,"param_name":"k","param_value_internal":1,"distribution":"{\"name\": \"CategoricalDistribution\", \"attributes\": {\"choices\": [16, 32, 64, 128]}}"}
{"op_code":5,"worker_id":"045c6a49-06dc-488c-a0d7-91a6937a21c5-131069414635328","trial_id":19,"param_name":"gx","param_value_internal":1,"distribution":"{\"name\": \"CategoricalDistribution\", \"attributes\": {\"choices\": [1, 2, 4, 8]}}"}
{"op_code":5,"worker_id":"045c6a49-06dc-488c-a0d7-91a6937a21c5-131069414635328","trial_id":19,"param_name":"gy","param_value_internal":2,"distribution":"{\"name\": \"CategoricalDistribution\", \"attributes\": {\"choices\": [1, 2, 4, 8]}}"}
{"op_code":5,"worker_id":"045c6a49-06dc-488c-a0d7-91a6937a21c5-131069414635328","trial_id":19,"param_name":"sub","param_value_internal":0,"distribution":"{\"name\": \"CategoricalDistribution\", \"attributes\": {\"choices\": [32, 64]}}"}
{"op_code":8,"worker_id":"045c6a49-06dc-488c-a0d7-91a6937a21c5-131069414635328","trial_id":19,"user_attr":{"token":"tsweep_t64x256k32g24s32"}}
{"op_code":4,"worker_id":"045c6a49-06dc-488c-a0d7-91a6937a21c5-131069414635328","study_id":0,"datetime_start":"2026-07-24T01:03:20.819758"}
{"op_code":9,"worker_id":"045c6a49-06dc-488c-a0d7-91a6937a21c5-131069414635328","trial_id":20,"system_attr":{"tpe:relative_params:0":"{\"gx\": 8, \"gy\": 8, \"k\": 16, \"m\": 64, \"n\": 128, \"sub\": 32}"}}
{"op_code":5,"worker_id":"045c6a49-06dc-488c-a0d7-91a6937a21c5-131069414635328","trial_id":20,"param_name":"m","param_value_internal":2,"distribution":"{\"name\": \"CategoricalDistribution\", \"attributes\": {\"choices\": [16, 32, 64, 128, 256]}}"}
{"op_code":5,"worker_id":"045c6a49-06dc-488c-a0d7-91a6937a21c5-131069414635328","trial_id":20,"param_name":"n","param_value_internal":3,"distribution":"{\"name\": \"CategoricalDistribution\", \"attributes\": {\"choices\": [16, 32, 64, 128, 256]}}"}
{"op_code":5,"worker_id":"045c6a49-06dc-488c-a0d7-91a6937a21c5-131069414635328","trial_id":20,"param_name":"k","param_value_internal":0,"distribution":"{\"name\": \"CategoricalDistribution\", \"attributes\": {\"choices\": [16, 32, 64, 128]}}"}
{"op_code":5,"worker_id":"045c6a49-06dc-488c-a0d7-91a6937a21c5-131069414635328","trial_id":20,"param_name":"gx","param_value_internal":3,"distribution":"{\"name\": \"CategoricalDistribution\", \"attributes\": {\"choices\": [1, 2, 4, 8]}}"}
{"op_code":5,"worker_id":"045c6a49-06dc-488c-a0d7-91a6937a21c5-131069414635328","trial_id":20,"param_name":"gy","param_value_internal":3,"distribution":"{\"name\": \"CategoricalDistribution\", \"attributes\": {\"choices\": [1, 2, 4, 8]}}"}
{"op_code":5,"worker_id":"045c6a49-06dc-488c-a0d7-91a6937a21c5-131069414635328","trial_id":20,"param_name":"sub","param_value_internal":0,"distribution":"{\"name\": \"CategoricalDistribution\", \"attributes\": {\"choices\": [32, 64]}}"}
{"op_code":6,"worker_id":"045c6a49-06dc-488c-a0d7-91a6937a21c5-131069414635328","trial_id":20,"state":2,"values":null,"datetime_complete":"2026-07-24T01:03:20.835348"}
{"op_code":4,"worker_id":"045c6a49-06dc-488c-a0d7-91a6937a21c5-131069414635328","study_id":0,"datetime_start":"2026-07-24T01:03:20.837358"}
{"op_code":9,"worker_id":"045c6a49-06dc-488c-a0d7-91a6937a21c5-131069414635328","trial_id":21,"system_attr":{"tpe:relative_params:0":"{\"gx\": 4, \"gy\": 1, \"k\": 32, \"m\": 256, \"n\": 16, \"sub\": 64}"}}
{"op_code":5,"worker_id":"045c6a49-06dc-488c-a0d7-91a6937a21c5-131069414635328","trial_id":21,"param_name":"m","param_value_internal":4,"distribution":"{\"name\": \"CategoricalDistribution\", \"attributes\": {\"choices\": [16, 32, 64, 128, 256]}}"}
{"op_code":5,"worker_id":"045c6a49-06dc-488c-a0d7-91a6937a21c5-131069414635328","trial_id":21,"param_name":"n","param_value_internal":0,"distribution":"{\"name\": \"CategoricalDistribution\", \"attributes\": {\"choices\": [16, 32, 64, 128, 256]}}"}
{"op_code":5,"worker_id":"045c6a49-06dc-488c-a0d7-91a6937a21c5-131069414635328","trial_id":21,"param_name":"k","param_value_internal":1,"distribution":"{\"name\": \"CategoricalDistribution\", \"attributes\": {\"choices\": [16, 32, 64, 128]}}"}
{"op_code":5,"worker_id":"045c6a49-06dc-488c-a0d7-91a6937a21c5-131069414635328","trial_id":21,"param_name":"gx","param_value_internal":2,"distribution":"{\"name\": \"CategoricalDistribution\", \"attributes\": {\"choices\": [1, 2, 4, 8]}}"}
{"op_code":5,"worker_id":"045c6a49-06dc-488c-a0d7-91a6937a21c5-131069414635328","trial_id":21,"param_name":"gy","param_value_internal":0,"distribution":"{\"name\": \"CategoricalDistribution\", \"attributes\": {\"choices\": [1, 2, 4, 8]}}"}
{"op_code":5,"worker_id":"045c6a49-06dc-488c-a0d7-91a6937a21c5-131069414635328","trial_id":21,"param_name":"sub","param_value_internal":1,"distribution":"{\"name\": \"CategoricalDistribution\", \"attributes\": {\"choices\": [32, 64]}}"}
{"op_code":6,"worker_id":"045c6a49-06dc-488c-a0d7-91a6937a21c5-131069414635328","trial_id":21,"state":2,"values":null,"datetime_complete":"2026-07-24T01:03:20.854472"}
{"op_code":4,"worker_id":"045c6a49-06dc-488c-a0d7-91a6937a21c5-131069414635328","study_id":0,"datetime_start":"2026-07-24T01:03:20.856275"}
{"op_code":9,"worker_id":"045c6a49-06dc-488c-a0d7-91a6937a21c5-131069414635328","trial_id":22,"system_attr":{"tpe:relative_params:0":"{\"gx\": 1, \"gy\": 1, \"k\": 64, \"m\": 64, \"n\": 64, \"sub\": 64}"}}
{"op_code":5,"worker_id":"045c6a49-06dc-488c-a0d7-91a6937a21c5-131069414635328","trial_id":22,"param_name":"m","param_value_internal":2,"distribution":"{\"name\": \"CategoricalDistribution\", \"attributes\": {\"choices\": [16, 32, 64, 128, 256]}}"}
{"op_code":5,"worker_id":"045c6a49-06dc-488c-a0d7-91a6937a21c5-131069414635328","trial_id":22,"param_name":"n","param_value_internal":2,"distribution":"{\"name\": \"CategoricalDistribution\", \"attributes\": {\"choices\": [16, 32, 64, 128, 256]}}"}
{"op_code":5,"worker_id":"045c6a49-06dc-488c-a0d7-91a6937a21c5-131069414635328","trial_id":22,"param_name":"k","param_value_internal":2,"distribution":"{\"name\": \"CategoricalDistribution\", \"attributes\": {\"choices\": [16, 32, 64, 128]}}"}
{"op_code":5,"worker_id":"045c6a49-06dc-488c-a0d7-91a6937a21c5-131069414635328","trial_id":22,"param_name":"gx","param_value_internal":0,"distribution":"{\"name\": \"CategoricalDistribution\", \"attributes\": {\"choices\": [1, 2, 4, 8]}}"}
{"op_code":5,"worker_id":"045c6a49-06dc-488c-a0d7-91a6937a21c5-131069414635328","trial_id":22,"param_name":"gy","param_value_internal":0,"distribution":"{\"name\": \"CategoricalDistribution\", \"attributes\": {\"choices\": [1, 2, 4, 8]}}"}
{"op_code":5,"worker_id":"045c6a49-06dc-488c-a0d7-91a6937a21c5-131069414635328","trial_id":22,"param_name":"sub","param_value_internal":1,"distribution":"{\"name\": \"CategoricalDistribution\", \"attributes\": {\"choices\": [32, 64]}}"}
{"op_code":8,"worker_id":"045c6a49-06dc-488c-a0d7-91a6937a21c5-131069414635328","trial_id":22,"user_attr":{"token":"tsweep_t64x64k64g11s64"}}
{"op_code":4,"worker_id":"045c6a49-06dc-488c-a0d7-91a6937a21c5-131069414635328","study_id":0,"datetime_start":"2026-07-24T01:03:20.875207"}
{"op_code":9,"worker_id":"045c6a49-06dc-488c-a0d7-91a6937a21c5-131069414635328","trial_id":23,"system_attr":{"tpe:relative_params:0":"{\"gx\": 1, \"gy\": 4, \"k\": 16, \"m\": 32, \"n\": 128, \"sub\": 32}"}}
{"op_code":5,"worker_id":"045c6a49-06dc-488c-a0d7-91a6937a21c5-131069414635328","trial_id":23,"param_name":"m","param_value_internal":1,"distribution":"{\"name\": \"CategoricalDistribution\", \"attributes\": {\"choices\": [16, 32, 64, 128, 256]}}"}
{"op_code":5,"worker_id":"045c6a49-06dc-488c-a0d7-91a6937a21c5-131069414635328","trial_id":23,"param_name":"n","param_value_internal":3,"distribution":"{\"name\": \"CategoricalDistribution\", \"attributes\": {\"choices\": [16, 32, 64, 128, 256]}}"}
{"op_code":5,"worker_id":"045c6a49-06dc-488c-a0d7-91a6937a21c5-131069414635328","trial_id":23,"param_name":"k","param_value_internal":0,"distribution":"{\"name\": \"CategoricalDistribution\", \"attributes\": {\"choices\": [16, 32, 64, 128]}}"}
{"op_code":5,"worker_id":"045c6a49-06dc-488c-a0d7-91a6937a21c5-131069414635328","trial_id":23,"param_name":"gx","param_value_internal":0,"distribution":"{\"name\": \"CategoricalDistribution\", \"attributes\": {\"choices\": [1, 2, 4, 8]}}"}
{"op_code":5,"worker_id":"045c6a49-06dc-488c-a0d7-91a6937a21c5-131069414635328","trial_id":23,"param_name":"gy","param_value_internal":2,"distribution":"{\"name\": \"CategoricalDistribution\", \"attributes\": {\"choices\": [1, 2, 4, 8]}}"}
{"op_code":5,"worker_id":"045c6a49-06dc-488c-a0d7-91a6937a21c5-131069414635328","trial_id":23,"param_name":"sub","param_value_internal":0,"distribution":"{\"name\": \"CategoricalDistribution\", \"attributes\": {\"choices\": [32, 64]}}"}
{"op_code":6,"worker_id":"045c6a49-06dc-488c-a0d7-91a6937a21c5-131069414635328","trial_id":23,"state":2,"values":null,"datetime_complete":"2026-07-24T01:03:20.893434"}
{"op_code":4,"worker_id":"045c6a49-06dc-488c-a0d7-91a6937a21c5-131069414635328","study_id":0,"datetime_start":"2026-07-24T01:03:20.895267"}
{"op_code":9,"worker_id":"045c6a49-06dc-488c-a0d7-91a6937a21c5-131069414635328","trial_id":24,"system_attr":{"tpe:relative_params:0":"{\"gx\": 4, \"gy\": 8, \"k\": 64, \"m\": 128, \"n\": 32, \"sub\": 64}"}}
{"op_code":5,"worker_id":"045c6a49-06dc-488c-a0d7-91a6937a21c5-131069414635328","trial_id":24,"param_name":"m","param_value_internal":3,"distribution":"{\"name\": \"CategoricalDistribution\", \"attributes\": {\"choices\": [16, 32, 64, 128, 256]}}"}
{"op_code":5,"worker_id":"045c6a49-06dc-488c-a0d7-91a6937a21c5-131069414635328","trial_id":24,"param_name":"n","param_value_internal":1,"distribution":"{\"name\": \"CategoricalDistribution\", \"attributes\": {\"choices\": [16, 32, 64, 128, 256]}}"}
{"op_code":5,"worker_id":"045c6a49-06dc-488c-a0d7-91a6937a21c5-131069414635328","trial_id":24,"param_name":"k","param_value_internal":2,"distribution":"{\"name\": \"CategoricalDistribution\", \"attributes\": {\"choices\": [16, 32, 64, 128]}}"}
{"op_code":5,"worker_id":"045c6a49-06dc-488c-a0d7-91a6937a21c5-131069414635328","trial_id":24,"param_name":"gx","param_value_internal":2,"distribution":"{\"name\": \"CategoricalDistribution\", \"attributes\": {\"choices\": [1, 2, 4, 8]}}"}
{"op_code":5,"worker_id":"045c6a49-06dc-488c-a0d7-91a6937a21c5-131069414635328","trial_id":24,"param_name":"gy","param_value_internal":3,"distribution":"{\"name\": \"CategoricalDistribution\", \"attributes\": {\"choices\": [1, 2, 4, 8]}}"}
{"op_code":5,"worker_id":"045c6a49-06dc-488c-a0d7-91a6937a21c5-131069414635328","trial_id":24,"param_name":"sub","param_value_internal":1,"distribution":"{\"name\": \"CategoricalDistribution\", \"attributes\": {\"choices\": [32, 64]}}"}
{"op_code":6,"worker_id":"045c6a49-06dc-488c-a0d7-91a6937a21c5-131069414635328","trial_id":24,"state":2,"values":null,"datetime_complete":"2026-07-24T01:03:20.913054"}
{"op_code":4,"worker_id":"045c6a49-06dc-488c-a0d7-91a6937a21c5-131069414635328","study_id":0,"datetime_start":"2026-07-24T01:03:20.915015"}
{"op_code":9,"worker_id":"045c6a49-06dc-488c-a0d7-91a6937a21c5-131069414635328","trial_id":25,"system_attr":{"tpe:relative_params:0":"{\"gx\": 1, \"gy\": 2, \"k\": 64, \"m\": 32, \"n\": 32, \"sub\": 64}"}}
{"op_code":5,"worker_id":"045c6a49-06dc-488c-a0d7-91a6937a21c5-131069414635328","trial_id":25,"param_name":"m","param_value_internal":1,"distribution":"{\"name\": \"CategoricalDistribution\", \"attributes\": {\"choices\": [16, 32, 64, 128, 256]}}"}
{"op_code":5,"worker_id":"045c6a49-06dc-488c-a0d7-91a6937a21c5-131069414635328","trial_id":25,"param_name":"n","param_value_internal":1,"distribution":"{\"name\": \"CategoricalDistribution\", \"attributes\": {\"choices\": [16, 32, 64, 128, 256]}}"}
{"op_code":5,"worker_id":"045c6a49-06dc-488c-a0d7-91a6937a21c5-131069414635328","trial_id":25,"param_name":"k","param_value_internal":2,"distribution":"{\"name\": \"CategoricalDistribution\", \"attributes\": {\"choices\": [16, 32, 64, 128]}}"}
{"op_code":5,"worker_id":"045c6a49-06dc-488c-a0d7-91a6937a21c5-131069414635328","trial_id":25,"param_name":"gx","param_value_internal":0,"distribution":"{\"name\": \"CategoricalDistribution\", \"attributes\": {\"choices\": [1, 2, 4, 8]}}"}
{"op_code":5,"worker_id":"045c6a49-06dc-488c-a0d7-91a6937a21c5-131069414635328","trial_id":25,"param_name":"gy","param_value_internal":1,"distribution":"{\"name\": \"CategoricalDistribution\", \"attributes\": {\"choices\": [1, 2, 4, 8]}}"}
{"op_code":5,"worker_id":"045c6a49-06dc-488c-a0d7-91a6937a21c5-131069414635328","trial_id":25,"param_name":"sub","param_value_internal":1,"distribution":"{\"name\": \"CategoricalDistribution\", \"attributes\": {\"choices\": [32, 64]}}"}
{"op_code":8,"worker_id":"045c6a49-06dc-488c-a0d7-91a6937a21c5-131069414635328","trial_id":25,"user_attr":{"token":"tsweep_t32x32k64g12s64"}}
{"op_code":4,"worker_id":"045c6a49-06dc-488c-a0d7-91a6937a21c5-131069414635328","study_id":0,"datetime_start":"2026-07-24T01:03:20.940120"}
{"op_code":9,"worker_id":"045c6a49-06dc-488c-a0d7-91a6937a21c5-131069414635328","trial_id":26,"system_attr":{"tpe:relative_params:0":"{\"gx\": 4, \"gy\": 4, \"k\": 16, \"m\": 16, \"n\": 32, \"sub\": 64}"}}
{"op_code":5,"worker_id":"045c6a49-06dc-488c-a0d7-91a6937a21c5-131069414635328","trial_id":26,"param_name":"m","param_value_internal":0,"distribution":"{\"name\": \"CategoricalDistribution\", \"attributes\": {\"choices\": [16, 32, 64, 128, 256]}}"}
{"op_code":5,"worker_id":"045c6a49-06dc-488c-a0d7-91a6937a21c5-131069414635328","trial_id":26,"param_name":"n","param_value_internal":1,"distribution":"{\"name\": \"CategoricalDistribution\", \"attributes\": {\"choices\": [16, 32, 64, 128, 256]}}"}
{"op_code":5,"worker_id":"045c6a49-06dc-488c-a0d7-91a6937a21c5-131069414635328","trial_id":26,"param_name":"k","param_value_internal":0,"distribution":"{\"name\": \"CategoricalDistribution\", \"attributes\": {\"choices\": [16, 32, 64, 128]}}"}
{"op_code":5,"worker_id":"045c6a49-06dc-488c-a0d7-91a6937a21c5-131069414635328","trial_id":26,"param_name":"gx","param_value_internal":2,"distribution":"{\"name\": \"CategoricalDistribution\", \"attributes\": {\"choices\": [1, 2, 4, 8]}}"}
{"op_code":5,"worker_id":"045c6a49-06dc-488c-a0d7-91a6937a21c5-131069414635328","trial_id":26,"param_name":"gy","param_value_internal":2,"distribution":"{\"name\": \"CategoricalDistribution\", \"attributes\": {\"choices\": [1, 2, 4, 8]}}"}
{"op_code":5,"worker_id":"045c6a49-06dc-488c-a0d7-91a6937a21c5-131069414635328","trial_id":26,"param_name":"sub","param_value_internal":1,"distribution":"{\"name\": \"CategoricalDistribution\", \"attributes\": {\"choices\": [32, 64]}}"}
{"op_code":6,"worker_id":"045c6a49-06dc-488c-a0d7-91a6937a21c5-131069414635328","trial_id":26,"state":2,"values":null,"datetime_complete":"2026-07-24T01:03:20.963566"}
{"op_code":4,"worker_id":"045c6a49-06dc-488c-a0d7-91a6937a21c5-131069414635328","study_id":0,"datetime_start":"2026-07-24T01:03:20.965626"}
{"op_code":9,"worker_id":"045c6a49-06dc-488c-a0d7-91a6937a21c5-131069414635328","trial_id":27,"system_attr":{"tpe:relative_params:0":"{\"gx\": 8, \"gy\": 1, \"k\": 16, \"m\": 64, \"n\": 256, \"sub\": 32}"}}
{"op_code":5,"worker_id":"045c6a49-06dc-488c-a0d7-91a6937a21c5-131069414635328","trial_id":27,"param_name":"m","param_value_internal":2,"distribution":"{\"name\": \"CategoricalDistribution\", \"attributes\": {\"choices\": [16, 32, 64, 128, 256]}}"}
{"op_code":5,"worker_id":"045c6a49-06dc-488c-a0d7-91a6937a21c5-131069414635328","trial_id":27,"param_name":"n","param_value_internal":4,"distribution":"{\"name\": \"CategoricalDistribution\", \"attributes\": {\"choices\": [16, 32, 64, 128, 256]}}"}
{"op_code":5,"worker_id":"045c6a49-06dc-488c-a0d7-91a6937a21c5-131069414635328","trial_id":27,"param_name":"k","param_value_internal":0,"distribution":"{\"name\": \"CategoricalDistribution\", \"attributes\": {\"choices\": [16, 32, 64, 128]}}"}
{"op_code":5,"worker_id":"045c6a49-06dc-488c-a0d7-91a6937a21c5-131069414635328","trial_id":27,"param_name":"gx","param_value_internal":3,"distribution":"{\"name\": \"CategoricalDistribution\", \"attributes\": {\"choices\": [1, 2, 4, 8]}}"}
{"op_code":5,"worker_id":"045c6a49-06dc-488c-a0d7-91a6937a21c5-131069414635328","trial_id":27,"param_name":"gy","param_value_internal":0,"distribution":"{\"name\": \"CategoricalDistribution\", \"attributes\": {\"choices\": [1, 2, 4, 8]}}"}
{"op_code":5,"worker_id":"045c6a49-06dc-488c-a0d7-91a6937a21c5-131069414635328","trial_id":27,"param_name":"sub","param_value_internal":0,"distribution":"{\"name\": \"CategoricalDistribution\", \"attributes\": {\"choices\": [32, 64]}}"}
{"op_code":6,"worker_id":"045c6a49-06dc-488c-a0d7-91a6937a21c5-131069414635328","trial_id":27,"state":2,"values":null,"datetime_complete":"2026-07-24T01:03:20.983903"}
{"op_code":4,"worker_id":"045c6a49-06dc-488c-a0d7-91a6937a21c5-131069414635328","study_id":0,"datetime_start":"2026-07-24T01:03:20.986087"}
{"op_code":9,"worker_id":"045c6a49-06dc-488c-a0d7-91a6937a21c5-131069414635328","trial_id":28,"system_attr":{"tpe:relative_params:0":"{\"gx\": 8, \"gy\": 1, \"k\": 64, \"m\": 128, \"n\": 128, \"sub\": 64}"}}
{"op_code":5,"worker_id":"045c6a49-06dc-488c-a0d7-91a6937a21c5-131069414635328","trial_id":28,"param_name":"m","param_value_internal":3,"distribution":"{\"name\": \"CategoricalDistribution\", \"attributes\": {\"choices\": [16, 32, 64, 128, 256]}}"}
{"op_code":5,"worker_id":"045c6a49-06dc-488c-a0d7-91a6937a21c5-131069414635328","trial_id":28,"param_name":"n","param_value_internal":3,"distribution":"{\"name\": \"CategoricalDistribution\", \"attributes\": {\"choices\": [16, 32, 64, 128, 256]}}"}
{"op_code":5,"worker_id":"045c6a49-06dc-488c-a0d7-91a6937a21c5-131069414635328","trial_id":28,"param_name":"k","param_value_internal":2,"distribution":"{\"name\": \"CategoricalDistribution\", \"attributes\": {\"choices\": [16, 32, 64, 128]}}"}
{"op_code":5,"worker_id":"045c6a49-06dc-488c-a0d7-91a6937a21c5-131069414635328","trial_id":28,"param_name":"gx","param_value_internal":3,"distribution":"{\"name\": \"CategoricalDistribution\", \"attributes\": {\"choices\": [1, 2, 4, 8]}}"}
{"op_code":5,"worker_id":"045c6a49-06dc-488c-a0d7-91a6937a21c5-131069414635328","trial_id":28,"param_name":"gy","param_value_internal":0,"distribution":"{\"name\": \"CategoricalDistribution\", \"attributes\": {\"choices\": [1, 2, 4, 8]}}"}
{"op_code":5,"worker_id":"045c6a49-06dc-488c-a0d7-91a6937a21c5-131069414635328","trial_id":28,"param_name":"sub","param_value_internal":1,"distribution":"{\"name\": \"CategoricalDistribution\", \"attributes\": {\"choices\": [32, 64]}}"}
{"op_code":6,"worker_id":"045c6a49-06dc-488c-a0d7-91a6937a21c5-131069414635328","trial_id":28,"state":2,"values":null,"datetime_complete":"2026-07-24T01:03:21.003962"}
{"op_code":4,"worker_id":"045c6a49-06dc-488c-a0d7-91a6937a21c5-131069414635328","study_id":0,"datetime_start":"2026-07-24T01:03:21.005994"}
{"op_code":9,"worker_id":"045c6a49-06dc-488c-a0d7-91a6937a21c5-131069414635328","trial_id":29,"system_attr":{"tpe:relative_params:0":"{\"gx\": 8, \"gy\": 2, \"k\": 128, \"m\": 64, \"n\": 256, \"sub\": 32}"}}
{"op_code":5,"worker_id":"045c6a49-06dc-488c-a0d7-91a6937a21c5-131069414635328","trial_id":29,"param_name":"m","param_value_internal":2,"distribution":"{\"name\": \"CategoricalDistribution\", \"attributes\": {\"choices\": [16, 32, 64, 128, 256]}}"}
{"op_code":5,"worker_id":"045c6a49-06dc-488c-a0d7-91a6937a21c5-131069414635328","trial_id":29,"param_name":"n","param_value_internal":4,"distribution":"{\"name\": \"CategoricalDistribution\", \"attributes\": {\"choices\": [16, 32, 64, 128, 256]}}"}
{"op_code":5,"worker_id":"045c6a49-06dc-488c-a0d7-91a6937a21c5-131069414635328","trial_id":29,"param_name":"k","param_value_internal":3,"distribution":"{\"name\": \"CategoricalDistribution\", \"attributes\": {\"choices\": [16, 32, 64, 128]}}"}
{"op_code":5,"worker_id":"045c6a49-06dc-488c-a0d7-91a6937a21c5-131069414635328","trial_id":29,"param_name":"gx","param_value_internal":3,"distribution":"{\"name\": \"CategoricalDistribution\", \"attributes\": {\"choices\": [1, 2, 4, 8]}}"}
{"op_code":5,"worker_id":"045c6a49-06dc-488c-a0d7-91a6937a21c5-131069414635328","trial_id":29,"param_name":"gy","param_value_internal":1,"distribution":"{\"name\": \"CategoricalDistribution\", \"attributes\": {\"choices\": [1, 2, 4, 8]}}"}
{"op_code":5,"worker_id":"045c6a49-06dc-488c-a0d7-91a6937a21c5-131069414635328","trial_id":29,"param_name":"sub","param_value_internal":0,"distribution":"{\"name\": \"CategoricalDistribution\", \"attributes\": {\"choices\": [32, 64]}}"}
{"op_code":6,"worker_id":"045c6a49-06dc-488c-a0d7-91a6937a21c5-131069414635328","trial_id":29,"state":2,"values":null,"datetime_complete":"2026-07-24T01:03:21.023999"}
{"op_code":4,"worker_id":"045c6a49-06dc-488c-a0d7-91a6937a21c5-131069414635328","study_id":0,"datetime_start":"2026-07-24T01:03:21.025777"}
{"op_code":9,"worker_id":"045c6a49-06dc-488c-a0d7-91a6937a21c5-131069414635328","trial_id":30,"system_attr":{"tpe:relative_params:0":"{\"gx\": 8, \"gy\": 4, \"k\": 16, \"m\": 64, \"n\": 32, \"sub\": 32}"}}
{"op_code":5,"worker_id":"045c6a49-06dc-488c-a0d7-91a6937a21c5-131069414635328","trial_id":30,"param_name":"m","param_value_internal":2,"distribution":"{\"name\": \"CategoricalDistribution\", \"attributes\": {\"choices\": [16, 32, 64, 128, 256]}}"}
{"op_code":5,"worker_id":"045c6a49-06dc-488c-a0d7-91a6937a21c5-131069414635328","trial_id":30,"param_name":"n","param_value_internal":1,"distribution":"{\"name\": \"CategoricalDistribution\", \"attributes\": {\"choices\": [16, 32, 64, 128, 256]}}"}
{"op_code":5,"worker_id":"045c6a49-06dc-488c-a0d7-91a6937a21c5-131069414635328","trial_id":30,"param_name":"k","param_value_internal":0,"distribution":"{\"name\": \"CategoricalDistribution\", \"attributes\": {\"choices\": [16, 32, 64, 128]}}"}
{"op_code":5,"worker_id":"045c6a49-06dc-488c-a0d7-91a6937a21c5-131069414635328","trial_id":30,"param_name":"gx","param_value_internal":3,"distribution":"{\"name\": \"CategoricalDistribution\", \"attributes\": {\"choices\": [1, 2, 4, 8]}}"}
{"op_code":5,"worker_id":"045c6a49-06dc-488c-a0d7-91a6937a21c5-131069414635328","trial_id":30,"param_name":"gy","param_value_internal":2,"distribution":"{\"name\": \"CategoricalDistribution\", \"attributes\": {\"choices\": [1, 2, 4, 8]}}"}
{"op_code":5,"worker_id":"045c6a49-06dc-488c-a0d7-91a6937a21c5-131069414635328","trial_id":30,"param_name":"sub","param_value_internal":0,"distribution":"{\"name\": \"CategoricalDistribution\", \"attributes\": {\"choices\": [32, 64]}}"}
{"op_code":6,"worker_id":"045c6a49-06dc-488c-a0d7-91a6937a21c5-131069414635328","trial_id":30,"state":2,"values":null,"datetime_complete":"2026-07-24T01:03:21.042937"}
{"op_code":4,"worker_id":"045c6a49-06dc-488c-a0d7-91a6937a21c5-131069414635328","study_id":0,"datetime_start":"2026-07-24T01:03:21.044861"}
{"op_code":9,"worker_id":"045c6a49-06dc-488c-a0d7-91a6937a21c5-131069414635328","trial_id":31,"system_attr":{"tpe:relative_params:0":"{\"gx\": 8, \"gy\": 2, \"k\": 16, \"m\": 16, \"n\": 256, \"sub\": 32}"}}
{"op_code":5,"worker_id":"045c6a49-06dc-488c-a0d7-91a6937a21c5-131069414635328","trial_id":31,"param_name":"m","param_value_internal":0,"distribution":"{\"name\": \"CategoricalDistribution\", \"attributes\": {\"choices\": [16, 32, 64, 128, 256]}}"}
{"op_code":5,"worker_id":"045c6a49-06dc-488c-a0d7-91a6937a21c5-131069414635328","trial_id":31,"param_name":"n","param_value_internal":4,"distribution":"{\"name\": \"CategoricalDistribution\", \"attributes\": {\"choices\": [16, 32, 64, 128, 256]}}"}
{"op_code":5,"worker_id":"045c6a49-06dc-488c-a0d7-91a6937a21c5-131069414635328","trial_id":31,"param_name":"k","param_value_internal":0,"distribution":"{\"name\": \"CategoricalDistribution\", \"attributes\": {\"choices\": [16, 32, 64, 128]}}"}
{"op_code":5,"worker_id":"045c6a49-06dc-488c-a0d7-91a6937a21c5-131069414635328","trial_id":31,"param_name":"gx","param_value_internal":3,"distribution":"{\"name\": \"CategoricalDistribution\", \"attributes\": {\"choices\": [1, 2, 4, 8]}}"}
{"op_code":5,"worker_id":"045c6a49-06dc-488c-a0d7-91a6937a21c5-131069414635328","trial_id":31,"param_name":"gy","param_value_internal":1,"distribution":"{\"name\": \"CategoricalDistribution\", \"attributes\": {\"choices\": [1, 2, 4, 8]}}"}
{"op_code":5,"worker_id":"045c6a49-06dc-488c-a0d7-91a6937a21c5-131069414635328","trial_id":31,"param_name":"sub","param_value_internal":0,"distribution":"{\"name\": \"CategoricalDistribution\", \"attributes\": {\"choices\": [32, 64]}}"}
{"op_code":6,"worker_id":"045c6a49-06dc-488c-a0d7-91a6937a21c5-131069414635328","trial_id":31,"state":2,"values":null,"datetime_complete":"2026-07-24T01:03:21.063462"}
{"op_code":4,"worker_id":"045c6a49-06dc-488c-a0d7-91a6937a21c5-131069414635328","study_id":0,"datetime_start":"2026-07-24T01:03:21.065469"}
{"op_code":9,"worker_id":"045c6a49-06dc-488c-a0d7-91a6937a21c5-131069414635328","trial_id":32,"system_attr":{"tpe:relative_params:0":"{\"gx\": 8, \"gy\": 2, \"k\": 32, \"m\": 128, \"n\": 128, \"sub\": 32}"}}
{"op_code":5,"worker_id":"045c6a49-06dc-488c-a0d7-91a6937a21c5-131069414635328","trial_id":32,"param_name":"m","param_value_internal":3,"distribution":"{\"name\": \"CategoricalDistribution\", \"attributes\": {\"choices\": [16, 32, 64, 128, 256]}}"}
{"op_code":5,"worker_id":"045c6a49-06dc-488c-a0d7-91a6937a21c5-131069414635328","trial_id":32,"param_name":"n","param_value_internal":3,"distribution":"{\"name\": \"CategoricalDistribution\", \"attributes\": {\"choices\": [16, 32, 64, 128, 256]}}"}
{"op_code":5,"worker_id":"045c6a49-06dc-488c-a0d7-91a6937a21c5-131069414635328","trial_id":32,"param_name":"k","param_value_internal":1,"distribution":"{\"name\": \"CategoricalDistribution\", \"attributes\": {\"choices\": [16, 32, 64, 128]}}"}
{"op_code":5,"worker_id":"045c6a49-06dc-488c-a0d7-91a6937a21c5-131069414635328","trial_id":32,"param_name":"gx","param_value_internal":3,"distribution":"{\"name\": \"CategoricalDistribution\", \"attributes\": {\"choices\": [1, 2, 4, 8]}}"}
{"op_code":5,"worker_id":"045c6a49-06dc-488c-a0d7-91a6937a21c5-131069414635328","trial_id":32,"param_name":"gy","param_value_internal":1,"distribution":"{\"name\": \"CategoricalDistribution\", \"attributes\": {\"choices\": [1, 2, 4, 8]}}"}
{"op_code":5,"worker_id":"045c6a49-06dc-488c-a0d7-91a6937a21c5-131069414635328","trial_id":32,"param_name":"sub","param_value_internal":0,"distribution":"{\"name\": \"CategoricalDistribution\", \"attributes\": {\"choices\": [32, 64]}}"}
{"op_code":8,"worker_id":"045c6a49-06dc-488c-a0d7-91a6937a21c5-131069414635328","trial_id":32,"user_attr":{"token":"tsweep_t128x128k32g82s32"}}
{"op_code":4,"worker_id":"045c6a49-06dc-488c-a0d7-91a6937a21c5-131069414635328","study_id":0,"datetime_start":"2026-07-24T01:03:21.085643"}
{"op_code":9,"worker_id":"045c6a49-06dc-488c-a0d7-91a6937a21c5-131069414635328","trial_id":33,"system_attr":{"tpe:relative_params:0":"{\"gx\": 4, \"gy\": 2, \"k\": 16, \"m\": 64, \"n\": 256, \"sub\": 64}"}}
{"op_code":5,"worker_id":"045c6a49-06dc-488c-a0d7-91a6937a21c5-131069414635328","trial_id":33,"param_name":"m","param_value_internal":2,"distribution":"{\"name\": \"CategoricalDistribution\", \"attributes\": {\"choices\": [16, 32, 64, 128, 256]}}"}
{"op_code":5,"worker_id":"045c6a49-06dc-488c-a0d7-91a6937a21c5-131069414635328","trial_id":33,"param_name":"n","param_value_internal":4,"distribution":"{\"name\": \"CategoricalDistribution\", \"attributes\": {\"choices\": [16, 32, 64, 128, 256]}}"}
{"op_code":5,"worker_id":"045c6a49-06dc-488c-a0d7-91a6937a21c5-131069414635328","trial_id":33,"param_name":"k","param_value_internal":0,"distribution":"{\"name\": \"CategoricalDistribution\", \"attributes\": {\"choices\": [16, 32, 64, 128]}}"}
{"op_code":5,"worker_id":"045c6a49-06dc-488c-a0d7-91a6937a21c5-131069414635328","trial_id":33,"param_name":"gx","param_value_internal":2,"distribution":"{\"name\": \"CategoricalDistribution\", \"attributes\": {\"choices\": [1, 2, 4, 8]}}"}
{"op_code":5,"worker_id":"045c6a49-06dc-488c-a0d7-91a6937a21c5-131069414635328","trial_id":33,"param_name":"gy","param_value_internal":1,"distribution":"{\"name\": \"CategoricalDistribution\", \"attributes\": {\"choices\": [1, 2, 4, 8]}}"}
{"op_code":5,"worker_id":"045c6a49-06dc-488c-a0d7-91a6937a21c5-131069414635328","trial_id":33,"param_name":"sub","param_value_internal":1,"distribution":"{\"name\": \"CategoricalDistribution\", \"attributes\": {\"choices\": [32, 64]}}"}
{"op_code":6,"worker_id":"045c6a49-06dc-488c-a0d7-91a6937a21c5-131069414635328","trial_id":33,"state":2,"values":null,"datetime_complete":"2026-07-24T01:03:21.106304"}
{"op_code":4,"worker_id":"045c6a49-06dc-488c-a0d7-91a6937a21c5-131069414635328","study_id":0,"datetime_start":"2026-07-24T01:03:21.108209"}
{"op_code":9,"worker_id":"045c6a49-06dc-488c-a0d7-91a6937a21c5-131069414635328","trial_id":34,"system_attr":{"tpe:relative_params:0":"{\"gx\": 1, \"gy\": 1, \"k\": 128, \"m\": 16, \"n\": 128, \"sub\": 64}"}}
{"op_code":5,"worker_id":"045c6a49-06dc-488c-a0d7-91a6937a21c5-131069414635328","trial_id":34,"param_name":"m","param_value_internal":0,"distribution":"{\"name\": \"CategoricalDistribution\", \"attributes\": {\"choices\": [16, 32, 64, 128, 256]}}"}
{"op_code":5,"worker_id":"045c6a49-06dc-488c-a0d7-91a6937a21c5-131069414635328","trial_id":34,"param_name":"n","param_value_internal":3,"distribution":"{\"name\": \"CategoricalDistribution\", \"attributes\": {\"choices\": [16, 32, 64, 128, 256]}}"}
{"op_code":5,"worker_id":"045c6a49-06dc-488c-a0d7-91a6937a21c5-131069414635328","trial_id":34,"param_name":"k","param_value_internal":3,"distribution":"{\"name\": \"CategoricalDistribution\", \"attributes\": {\"choices\": [16, 32, 64, 128]}}"}
{"op_code":5,"worker_id":"045c6a49-06dc-488c-a0d7-91a6937a21c5-131069414635328","trial_id":34,"param_name":"gx","param_value_internal":0,"distribution":"{\"name\": \"CategoricalDistribution\", \"attributes\": {\"choices\": [1, 2, 4, 8]}}"}
{"op_code":5,"worker_id":"045c6a49-06dc-488c-a0d7-91a6937a21c5-131069414635328","trial_id":34,"param_name":"gy","param_value_internal":0,"distribution":"{\"name\": \"CategoricalDistribution\", \"attributes\": {\"choices\": [1, 2, 4, 8]}}"}
{"op_code":5,"worker_id":"045c6a49-06dc-488c-a0d7-91a6937a21c5-131069414635328","trial_id":34,"param_name":"sub","param_value_internal":1,"distribution":"{\"name\": \"CategoricalDistribution\", \"attributes\": {\"choices\": [32, 64]}}"}
{"op_code":6,"worker_id":"045c6a49-06dc-488c-a0d7-91a6937a21c5-131069414635328","trial_id":34,"state":2,"values":null,"datetime_complete":"2026-07-24T01:03:21.126514"}
{"op_code":4,"worker_id":"045c6a49-06dc-488c-a0d7-91a6937a21c5-131069414635328","study_id":0,"datetime_start":"2026-07-24T01:03:21.128446"}
{"op_code":9,"worker_id":"045c6a49-06dc-488c-a0d7-91a6937a21c5-131069414635328","trial_id":35,"system_attr":{"tpe:relative_params:0":"{\"gx\": 8, \"gy\": 2, \"k\": 64, \"m\": 64, \"n\": 64, \"sub\": 32}"}}
{"op_code":5,"worker_id":"045c6a49-06dc-488c-a0d7-91a6937a21c5-131069414635328","trial_id":35,"param_name":"m","param_value_internal":2,"distribution":"{\"name\": \"CategoricalDistribution\", \"attributes\": {\"choices\": [16, 32, 64, 128, 256]}}"}
{"op_code":5,"worker_id":"045c6a49-06dc-488c-a0d7-91a6937a21c5-131069414635328","trial_id":35,"param_name":"n","param_value_internal":2,"distribution":"{\"name\": \"CategoricalDistribution\", \"attributes\": {\"choices\": [16, 32, 64, 128, 256]}}"}
{"op_code":5,"worker_id":"045c6a49-06dc-488c-a0d7-91a6937a21c5-131069414635328","trial_id":35,"param_name":"k","param_value_internal":2,"distribution":"{\"name\": \"CategoricalDistribution\", \"attributes\": {\"choices\": [16, 32, 64, 128]}}"}
{"op_code":5,"worker_id":"045c6a49-06dc-488c-a0d7-91a6937a21c5-131069414635328","trial_id":35,"param_name":"gx","param_value_internal":3,"distribution":"{\"name\": \"CategoricalDistribution\", \"attributes\": {\"choices\": [1, 2, 4, 8]}}"}
{"op_code":5,"worker_id":"045c6a49-06dc-488c-a0d7-91a6937a21c5-131069414635328","trial_id":35,"param_name":"gy","param_value_internal":1,"distribution":"{\"name\": \"CategoricalDistribution\", \"attributes\": {\"choices\": [1, 2, 4, 8]}}"}
{"op_code":5,"worker_id":"045c6a49-06dc-488c-a0d7-91a6937a21c5-131069414635328","trial_id":35,"param_name":"sub","param_value_internal":0,"distribution":"{\"name\": \"CategoricalDistribution\", \"attributes\": {\"choices\": [32, 64]}}"}
{"op_code":6,"worker_id":"045c6a49-06dc-488c-a0d7-91a6937a21c5-131069414635328","trial_id":35,"state":2,"values":null,"datetime_complete":"2026-07-24T01:03:21.145933"}
{"op_code":4,"worker_id":"045c6a49-06dc-488c-a0d7-91a6937a21c5-131069414635328","study_id":0,"datetime_start":"2026-07-24T01:03:21.147811"}
{"op_code":9,"worker_id":"045c6a49-06dc-488c-a0d7-91a6937a21c5-131069414635328","trial_id":36,"system_attr":{"tpe:relative_params:0":"{\"gx\": 8, \"gy\": 2, \"k\": 16, \"m\": 256, \"n\": 16, \"sub\": 32}"}}
{"op_code":5,"worker_id":"045c6a49-06dc-488c-a0d7-91a6937a21c5-131069414635328","trial_id":36,"param_name":"m","param_value_internal":4,"distribution":"{\"name\": \"CategoricalDistribution\", \"attributes\": {\"choices\": [16, 32, 64, 128, 256]}}"}
{"op_code":5,"worker_id":"045c6a49-06dc-488c-a0d7-91a6937a21c5-131069414635328","trial_id":36,"param_name":"n","param_value_internal":0,"distribution":"{\"name\": \"CategoricalDistribution\", \"attributes\": {\"choices\": [16, 32, 64, 128, 256]}}"}
{"op_code":5,"worker_id":"045c6a49-06dc-488c-a0d7-91a6937a21c5-131069414635328","trial_id":36,"param_name":"k","param_value_internal":0,"distribution":"{\"name\": \"CategoricalDistribution\", \"attributes\": {\"choices\": [16, 32, 64, 128]}}"}
{"op_code":5,"worker_id":"045c6a49-06dc-488c-a0d7-91a6937a21c5-131069414635328","trial_id":36,"param_name":"gx","param_value_internal":3,"distribution":"{\"name\": \"CategoricalDistribution\", \"attributes\": {\"choices\": [1, 2, 4, 8]}}"}
{"op_code":5,"worker_id":"045c6a49-06dc-488c-a0d7-91a6937a21c5-131069414635328","trial_id":36,"param_name":"gy","param_value_internal":1,"distribution":"{\"name\": \"CategoricalDistribution\", \"attributes\": {\"choices\": [1, 2, 4, 8]}}"}
{"op_code":5,"worker_id":"045c6a49-06dc-488c-a0d7-91a6937a21c5-131069414635328","trial_id":36,"param_name":"sub","param_value_internal":0,"distribution":"{\"name\": \"CategoricalDistribution\", \"attributes\": {\"choices\": [32, 64]}}"}
{"op_code":6,"worker_id":"045c6a49-06dc-488c-a0d7-91a6937a21c5-131069414635328","trial_id":36,"state":2,"values":null,"datetime_complete":"2026-07-24T01:03:21.164525"}
{"op_code":4,"worker_id":"045c6a49-06dc-488c-a0d7-91a6937a21c5-131069414635328","study_id":0,"datetime_start":"2026-07-24T01:03:21.166105"}
{"op_code":9,"worker_id":"045c6a49-06dc-488c-a0d7-91a6937a21c5-131069414635328","trial_id":37,"system_attr":{"tpe:relative_params:0":"{\"gx\": 4, \"gy\": 1, \"k\": 64, \"m\": 32, \"n\": 64, \"sub\": 64}"}}
{"op_code":5,"worker_id":"045c6a49-06dc-488c-a0d7-91a6937a21c5-131069414635328","trial_id":37,"param_name":"m","param_value_internal":1,"distribution":"{\"name\": \"CategoricalDistribution\", \"attributes\": {\"choices\": [16, 32, 64, 128, 256]}}"}
{"op_code":5,"worker_id":"045c6a49-06dc-488c-a0d7-91a6937a21c5-131069414635328","trial_id":37,"param_name":"n","param_value_internal":2,"distribution":"{\"name\": \"CategoricalDistribution\", \"attributes\": {\"choices\": [16, 32, 64, 128, 256]}}"}
{"op_code":5,"worker_id":"045c6a49-06dc-488c-a0d7-91a6937a21c5-131069414635328","trial_id":37,"param_name":"k","param_value_internal":2,"distribution":"{\"name\": \"CategoricalDistribution\", \"attributes\": {\"choices\": [16, 32, 64, 128]}}"}
{"op_code":5,"worker_id":"045c6a49-06dc-488c-a0d7-91a6937a21c5-131069414635328","trial_id":37,"param_name":"gx","param_value_internal":2,"distribution":"{\"name\": \"CategoricalDistribution\", \"attributes\": {\"choices\": [1, 2, 4, 8]}}"}
{"op_code":5,"worker_id":"045c6a49-06dc-488c-a0d7-91a6937a21c5-131069414635328","trial_id":37,"param_name":"gy","param_value_internal":0,"distribution":"{\"name\": \"CategoricalDistribution\", \"attributes\": {\"choices\": [1, 2, 4, 8]}}"}
{"op_code":5,"worker_id":"045c6a49-06dc-488c-a0d7-91a6937a21c5-131069414635328","trial_id":37,"param_name":"sub","param_value_internal":1,"distribution":"{\"name\": \"CategoricalDistribution\", \"attributes\": {\"choices\": [32, 64]}}"}
{"op_code":8,"worker_id":"045c6a49-06dc-488c-a0d7-91a6937a21c5-131069414635328","trial_id":37,"user_attr":{"token":"tsweep_t32x64k64g41s64"}}
{"op_code":4,"worker_id":"045c6a49-06dc-488c-a0d7-91a6937a21c5-131069414635328","study_id":0,"datetime_start":"2026-07-24T01:03:21.183139"}
{"op_code":9,"worker_id":"045c6a49-06dc-488c-a0d7-91a6937a21c5-131069414635328","trial_id":38,"system_attr":{"tpe:relative_params:0":"{\"gx\": 2, \"gy\": 2, \"k\": 16, \"m\": 64, \"n\": 16, \"sub\": 32}"}}
{"op_code":5,"worker_id":"045c6a49-06dc-488c-a0d7-91a6937a21c5-131069414635328","trial_id":38,"param_name":"m","param_value_internal":2,"distribution":"{\"name\": \"CategoricalDistribution\", \"attributes\": {\"choices\": [16, 32, 64, 128, 256]}}"}
{"op_code":5,"worker_id":"045c6a49-06dc-488c-a0d7-91a6937a21c5-131069414635328","trial_id":38,"param_name":"n","param_value_internal":0,"distribution":"{\"name\": \"CategoricalDistribution\", \"attributes\": {\"choices\": [16, 32, 64, 128, 256]}}"}
{"op_code":5,"worker_id":"045c6a49-06dc-488c-a0d7-91a6937a21c5-131069414635328","trial_id":38,"param_name":"k","param_value_internal":0,"distribution":"{\"name\": \"CategoricalDistribution\", \"attributes\": {\"choices\": [16, 32, 64, 128]}}"}
{"op_code":5,"worker_id":"045c6a49-06dc-488c-a0d7-91a6937a21c5-131069414635328","trial_id":38,"param_name":"gx","param_value_internal":1,"distribution":"{\"name\": \"CategoricalDistribution\", \"attributes\": {\"choices\": [1, 2, 4, 8]}}"}
{"op_code":5,"worker_id":"045c6a49-06dc-488c-a0d7-91a6937a21c5-131069414635328","trial_id":38,"param_name":"gy","param_value_internal":1,"distribution":"{\"name\": \"CategoricalDistribution\", \"attributes\": {\"choices\": [1, 2, 4, 8]}}"}
{"op_code":5,"worker_id":"045c6a49-06dc-488c-a0d7-91a6937a21c5-131069414635328","trial_id":38,"param_name":"sub","param_value_internal":0,"distribution":"{\"name\": \"CategoricalDistribution\", \"attributes\": {\"choices\": [32, 64]}}"}
{"op_code":6,"worker_id":"045c6a49-06dc-488c-a0d7-91a6937a21c5-131069414635328","trial_id":38,"state":2,"values":null,"datetime_complete":"2026-07-24T01:03:21.201850"}
{"op_code":4,"worker_id":"045c6a49-06dc-488c-a0d7-91a6937a21c5-131069414635328","study_id":0,"datetime_start":"2026-07-24T01:03:21.203801"}
{"op_code":9,"worker_id":"045c6a49-06dc-488c-a0d7-91a6937a21c5-131069414635328","trial_id":39,"system_attr":{"tpe:relative_params:0":"{\"gx\": 4, \"gy\": 4, \"k\": 64, \"m\": 16, \"n\": 128, \"sub\": 32}"}}
{"op_code":5,"worker_id":"045c6a49-06dc-488c-a0d7-91a6937a21c5-131069414635328","trial_id":39,"param_name":"m","param_value_internal":0,"distribution":"{\"name\": \"CategoricalDistribution\", \"attributes\": {\"choices\": [16, 32, 64, 128, 256]}}"}
{"op_code":5,"worker_id":"045c6a49-06dc-488c-a0d7-91a6937a21c5-131069414635328","trial_id":39,"param_name":"n","param_value_internal":3,"distribution":"{\"name\": \"CategoricalDistribution\", \"attributes\": {\"choices\": [16, 32, 64, 128, 256]}}"}
{"op_code":5,"worker_id":"045c6a49-06dc-488c-a0d7-91a6937a21c5-131069414635328","trial_id":39,"param_name":"k","param_value_internal":2,"distribution":"{\"name\": \"CategoricalDistribution\", \"attributes\": {\"choices\": [16, 32, 64, 128]}}"}
{"op_code":5,"worker_id":"045c6a49-06dc-488c-a0d7-91a6937a21c5-131069414635328","trial_id":39,"param_name":"gx","param_value_internal":2,"distribution":"{\"name\": \"CategoricalDistribution\", \"attributes\": {\"choices\": [1, 2, 4, 8]}}"}
{"op_code":5,"worker_id":"045c6a49-06dc-488c-a0d7-91a6937a21c5-131069414635328","trial_id":39,"param_name":"gy","param_value_internal":2,"distribution":"{\"name\": \"CategoricalDistribution\", \"attributes\": {\"choices\": [1, 2, 4, 8]}}"}
{"op_code":5,"worker_id":"045c6a49-06dc-488c-a0d7-91a6937a21c5-131069414635328","trial_id":39,"param_name":"sub","param_value_internal":0,"distribution":"{\"name\": \"CategoricalDistribution\", \"attributes\": {\"choices\": [32, 64]}}"}
{"op_code":6,"worker_id":"045c6a49-06dc-488c-a0d7-91a6937a21c5-131069414635328","trial_id":39,"state":2,"values":null,"datetime_complete":"2026-07-24T01:03:21.221160"}
{"op_code":4,"worker_id":"045c6a49-06dc-488c-a0d7-91a6937a21c5-131069414635328","study_id":0,"datetime_start":"2026-07-24T01:03:21.223182"}
{"op_code":9,"worker_id":"045c6a49-06dc-488c-a0d7-91a6937a21c5-131069414635328","trial_id":40,"system_attr":{"tpe:relative_params:0":"{\"gx\": 4, \"gy\": 2, \"k\": 64, \"m\": 256, \"n\": 128, \"sub\": 32}"}}
{"op_code":5,"worker_id":"045c6a49-06dc-488c-a0d7-91a6937a21c5-131069414635328","trial_id":40,"param_name":"m","param_value_internal":4,"distribution":"{\"name\": \"CategoricalDistribution\", \"attributes\": {\"choices\": [16, 32, 64, 128, 256]}}"}
{"op_code":5,"worker_id":"045c6a49-06dc-488c-a0d7-91a6937a21c5-131069414635328","trial_id":40,"param_name":"n","param_value_internal":3,"distribution":"{\"name\": \"CategoricalDistribution\", \"attributes\": {\"choices\": [16, 32, 64, 128, 256]}}"}
{"op_code":5,"worker_id":"045c6a49-06dc-488c-a0d7-91a6937a21c5-131069414635328","trial_id":40,"param_name":"k","param_value_internal":2,"distribution":"{\"name\": \"CategoricalDistribution\", \"attributes\": {\"choices\": [16, 32, 64, 128]}}"}
{"op_code":5,"worker_id":"045c6a49-06dc-488c-a0d7-91a6937a21c5-131069414635328","trial_id":40,"param_name":"gx","param_value_internal":2,"distribution":"{\"name\": \"CategoricalDistribution\", \"attributes\": {\"choices\": [1, 2, 4, 8]}}"}
{"op_code":5,"worker_id":"045c6a49-06dc-488c-a0d7-91a6937a21c5-131069414635328","trial_id":40,"param_name":"gy","param_value_internal":1,"distribution":"{\"name\": \"CategoricalDistribution\", \"attributes\": {\"choices\": [1, 2, 4, 8]}}"}
{"op_code":5,"worker_id":"045c6a49-06dc-488c-a0d7-91a6937a21c5-131069414635328","trial_id":40,"param_name":"sub","param_value_internal":0,"distribution":"{\"name\": \"CategoricalDistribution\", \"attributes\": {\"choices\": [32, 64]}}"}
{"op_code":6,"worker_id":"045c6a49-06dc-488c-a0d7-91a6937a21c5-131069414635328","trial_id":40,"state":2,"values":null,"datetime_complete":"2026-07-24T01:03:21.241460"}
{"op_code":4,"worker_id":"045c6a49-06dc-488c-a0d7-91a6937a21c5-131069414635328","study_id":0,"datetime_start":"2026-07-24T01:03:21.243444"}
{"op_code":9,"worker_id":"045c6a49-06dc-488c-a0d7-91a6937a21c5-131069414635328","trial_id":41,"system_attr":{"tpe:relative_params:0":"{\"gx\": 2, \"gy\": 4, \"k\": 64, \"m\": 256, \"n\": 128, \"sub\": 32}"}}
{"op_code":5,"worker_id":"045c6a49-06dc-488c-a0d7-91a6937a21c5-131069414635328","trial_id":41,"param_name":"m","param_value_internal":4,"distribution":"{\"name\": \"CategoricalDistribution\", \"attributes\": {\"choices\": [16, 32, 64, 128, 256]}}"}
{"op_code":5,"worker_id":"045c6a49-06dc-488c-a0d7-91a6937a21c5-131069414635328","trial_id":41,"param_name":"n","param_value_internal":3,"distribution":"{\"name\": \"CategoricalDistribution\", \"attributes\": {\"choices\": [16, 32, 64, 128, 256]}}"}
{"op_code":5,"worker_id":"045c6a49-06dc-488c-a0d7-91a6937a21c5-131069414635328","trial_id":41,"param_name":"k","param_value_internal":2,"distribution":"{\"name\": \"CategoricalDistribution\", \"attributes\": {\"choices\": [16, 32, 64, 128]}}"}
{"op_code":5,"worker_id":"045c6a49-06dc-488c-a0d7-91a6937a21c5-131069414635328","trial_id":41,"param_name":"gx","param_value_internal":1,"distribution":"{\"name\": \"CategoricalDistribution\", \"attributes\": {\"choices\": [1, 2, 4, 8]}}"}
{"op_code":5,"worker_id":"045c6a49-06dc-488c-a0d7-91a6937a21c5-131069414635328","trial_id":41,"param_name":"gy","param_value_internal":2,"distribution":"{\"name\": \"CategoricalDistribution\", \"attributes\": {\"choices\": [1, 2, 4, 8]}}"}
{"op_code":5,"worker_id":"045c6a49-06dc-488c-a0d7-91a6937a21c5-131069414635328","trial_id":41,"param_name":"sub","param_value_internal":0,"distribution":"{\"name\": \"CategoricalDistribution\", \"attributes\": {\"choices\": [32, 64]}}"}
{"op_code":6,"worker_id":"045c6a49-06dc-488c-a0d7-91a6937a21c5-131069414635328","trial_id":41,"state":2,"values":null,"datetime_complete":"2026-07-24T01:03:21.261854"}
{"op_code":4,"worker_id":"045c6a49-06dc-488c-a0d7-91a6937a21c5-131069414635328","study_id":0,"datetime_start":"2026-07-24T01:03:21.263858"}
{"op_code":9,"worker_id":"045c6a49-06dc-488c-a0d7-91a6937a21c5-131069414635328","trial_id":42,"system_attr":{"tpe:relative_params:0":"{\"gx\": 4, \"gy\": 4, \"k\": 64, \"m\": 256, \"n\": 64, \"sub\": 32}"}}
{"op_code":5,"worker_id":"045c6a49-06dc-488c-a0d7-91a6937a21c5-131069414635328","trial_id":42,"param_name":"m","param_value_internal":4,"distribution":"{\"name\": \"CategoricalDistribution\", \"attributes\": {\"choices\": [16, 32, 64, 128, 256]}}"}
{"op_code":5,"worker_id":"045c6a49-06dc-488c-a0d7-91a6937a21c5-131069414635328","trial_id":42,"param_name":"n","param_value_internal":2,"distribution":"{\"name\": \"CategoricalDistribution\", \"attributes\": {\"choices\": [16, 32, 64, 128, 256]}}"}
{"op_code":5,"worker_id":"045c6a49-06dc-488c-a0d7-91a6937a21c5-131069414635328","trial_id":42,"param_name":"k","param_value_internal":2,"distribution":"{\"name\": \"CategoricalDistribution\", \"attributes\": {\"choices\": [16, 32, 64, 128]}}"}
{"op_code":5,"worker_id":"045c6a49-06dc-488c-a0d7-91a6937a21c5-131069414635328","trial_id":42,"param_name":"gx","param_value_internal":2,"distribution":"{\"name\": \"CategoricalDistribution\", \"attributes\": {\"choices\": [1, 2, 4, 8]}}"}
{"op_code":5,"worker_id":"045c6a49-06dc-488c-a0d7-91a6937a21c5-131069414635328","trial_id":42,"param_name":"gy","param_value_internal":2,"distribution":"{\"name\": \"CategoricalDistribution\", \"attributes\": {\"choices\": [1, 2, 4, 8]}}"}
{"op_code":5,"worker_id":"045c6a49-06dc-488c-a0d7-91a6937a21c5-131069414635328","trial_id":42,"param_name":"sub","param_value_internal":0,"distribution":"{\"name\": \"CategoricalDistribution\", \"attributes\": {\"choices\": [32, 64]}}"}
{"op_code":6,"worker_id":"045c6a49-06dc-488c-a0d7-91a6937a21c5-131069414635328","trial_id":42,"state":2,"values":null,"datetime_complete":"2026-07-24T01:03:21.282484"}
{"op_code":4,"worker_id":"045c6a49-06dc-488c-a0d7-91a6937a21c5-131069414635328","study_id":0,"datetime_start":"2026-07-24T01:03:21.284424"}
{"op_code":9,"worker_id":"045c6a49-06dc-488c-a0d7-91a6937a21c5-131069414635328","trial_id":43,"system_attr":{"tpe:relative_params:0":"{\"gx\": 2, \"gy\": 1, \"k\": 64, \"m\": 16, \"n\": 32, \"sub\": 32}"}}
{"op_code":5,"worker_id":"045c6a49-06dc-488c-a0d7-91a6937a21c5-131069414635328","trial_id":43,"param_name":"m","param_value_internal":0,"distribution":"{\"name\": \"CategoricalDistribution\", \"attributes\": {\"choices\": [16, 32, 64, 128, 256]}}"}
{"op_code":5,"worker_id":"045c6a49-06dc-488c-a0d7-91a6937a21c5-131069414635328","trial_id":43,"param_name":"n","param_value_internal":1,"distribution":"{\"name\": \"CategoricalDistribution\", \"attributes\": {\"choices\": [16, 32, 64, 128, 256]}}"}
{"op_code":5,"worker_id":"045c6a49-06dc-488c-a0d7-91a6937a21c5-131069414635328","trial_id":43,"param_name":"k","param_value_internal":2,"distribution":"{\"name\": \"CategoricalDistribution\", \"attributes\": {\"choices\": [16, 32, 64, 128]}}"}
{"op_code":5,"worker_id":"045c6a49-06dc-488c-a0d7-91a6937a21c5-131069414635328","trial_id":43,"param_name":"gx","param_value_internal":1,"distribution":"{\"name\": \"CategoricalDistribution\", \"attributes\": {\"choices\": [1, 2, 4, 8]}}"}
{"op_code":5,"worker_id":"045c6a49-06dc-488c-a0d7-91a6937a21c5-131069414635328","trial_id":43,"param_name":"gy","param_value_internal":0,"distribution":"{\"name\": \"CategoricalDistribution\", \"attributes\": {\"choices\": [1, 2, 4, 8]}}"}
{"op_code":5,"worker_id":"045c6a49-06dc-488c-a0d7-91a6937a21c5-131069414635328","trial_id":43,"param_name":"sub","param_value_internal":0,"distribution":"{\"name\": \"CategoricalDistribution\", \"attributes\": {\"choices\": [32, 64]}}"}
{"op_code":8,"worker_id":"045c6a49-06dc-488c-a0d7-91a6937a21c5-131069414635328","trial_id":43,"user_attr":{"token":"tsweep_t16x32k64g21s32"}}
{"op_code":4,"worker_id":"045c6a49-06dc-488c-a0d7-91a6937a21c5-131069414635328","study_id":0,"datetime_start":"2026-07-24T01:03:21.304541"}
{"op_code":9,"worker_id":"045c6a49-06dc-488c-a0d7-91a6937a21c5-131069414635328","trial_id":44,"system_attr":{"tpe:relative_params:0":"{\"gx\": 1, \"gy\": 2, \"k\": 16, \"m\": 64, \"n\": 64, \"sub\": 32}"}}
{"op_code":5,"worker_id":"045c6a49-06dc-488c-a0d7-91a6937a21c5-131069414635328","trial_id":44,"param_name":"m","param_value_internal":2,"distribution":"{\"name\": \"CategoricalDistribution\", \"attributes\": {\"choices\": [16, 32, 64, 128, 256]}}"}
{"op_code":5,"worker_id":"045c6a49-06dc-488c-a0d7-91a6937a21c5-131069414635328","trial_id":44,"param_name":"n","param_value_internal":2,"distribution":"{\"name\": \"CategoricalDistribution\", \"attributes\": {\"choices\": [16, 32, 64, 128, 256]}}"}
{"op_code":5,"worker_id":"045c6a49-06dc-488c-a0d7-91a6937a21c5-131069414635328","trial_id":44,"param_name":"k","param_value_internal":0,"distribution":"{\"name\": \"CategoricalDistribution\", \"attributes\": {\"choices\": [16, 32, 64, 128]}}"}
{"op_code":5,"worker_id":"045c6a49-06dc-488c-a0d7-91a6937a21c5-131069414635328","trial_id":44,"param_name":"gx","param_value_internal":0,"distribution":"{\"name\": \"CategoricalDistribution\", \"attributes\": {\"choices\": [1, 2, 4, 8]}}"}
{"op_code":5,"worker_id":"045c6a49-06dc-488c-a0d7-91a6937a21c5-131069414635328","trial_id":44,"param_name":"gy","param_value_internal":1,"distribution":"{\"name\": \"CategoricalDistribution\", \"attributes\": {\"choices\": [1, 2, 4, 8]}}"}
{"op_code":5,"worker_id":"045c6a49-06dc-488c-a0d7-91a6937a21c5-131069414635328","trial_id":44,"param_name":"sub","param_value_internal":0,"distribution":"{\"name\": \"CategoricalDistribution\", \"attributes\": {\"choices\": [32, 64]}}"}
{"op_code":8,"worker_id":"045c6a49-06dc-488c-a0d7-91a6937a21c5-131069414635328","trial_id":44,"user_attr":{"token":"tsweep_t64x64k16g12s32"}}
{"op_code":4,"worker_id":"045c6a49-06dc-488c-a0d7-91a6937a21c5-131069414635328","study_id":0,"datetime_start":"2026-07-24T01:03:21.324474"}
{"op_code":9,"worker_id":"045c6a49-06dc-488c-a0d7-91a6937a21c5-131069414635328","trial_id":45,"system_attr":{"tpe:relative_params:0":"{\"gx\": 4, \"gy\": 1, \"k\": 128, \"m\": 256, \"n\": 128, \"sub\": 32}"}}
{"op_code":5,"worker_id":"045c6a49-06dc-488c-a0d7-91a6937a21c5-131069414635328","trial_id":45,"param_name":"m","param_value_internal":4,"distribution":"{\"name\": \"CategoricalDistribution\", \"attributes\": {\"choices\": [16, 32, 64, 128, 256]}}"}
{"op_code":5,"worker_id":"045c6a49-06dc-488c-a0d7-91a6937a21c5-131069414635328","trial_id":45,"param_name":"n","param_value_internal":3,"distribution":"{\"name\": \"CategoricalDistribution\", \"attributes\": {\"choices\": [16, 32, 64, 128, 256]}}"}
{"op_code":5,"worker_id":"045c6a49-06dc-488c-a0d7-91a6937a21c5-131069414635328","trial_id":45,"param_name":"k","param_value_internal":3,"distribution":"{\"name\": \"CategoricalDistribution\", \"attributes\": {\"choices\": [16, 32, 64, 128]}}"}
{"op_code":5,"worker_id":"045c6a49-06dc-488c-a0d7-91a6937a21c5-131069414635328","trial_id":45,"param_name":"gx","param_value_internal":2,"distribution":"{\"name\": \"CategoricalDistribution\", \"attributes\": {\"choices\": [1, 2, 4, 8]}}"}
{"op_code":5,"worker_id":"045c6a49-06dc-488c-a0d7-91a6937a21c5-131069414635328","trial_id":45,"param_name":"gy","param_value_internal":0,"distribution":"{\"name\": \"CategoricalDistribution\", \"attributes\": {\"choices\": [1, 2, 4, 8]}}"}
{"op_code":5,"worker_id":"045c6a49-06dc-488c-a0d7-91a6937a21c5-131069414635328","trial_id":45,"param_name":"sub","param_value_internal":0,"distribution":"{\"name\": \"CategoricalDistribution\", \"attributes\": {\"choices\": [32, 64]}}"}
{"op_code":6,"worker_id":"045c6a49-06dc-488c-a0d7-91a6937a21c5-131069414635328","trial_id":45,"state":2,"values":null,"datetime_complete":"2026-07-24T01:03:21.343084"}
{"op_code":4,"worker_id":"045c6a49-06dc-488c-a0d7-91a6937a21c5-131069414635328","study_id":0,"datetime_start":"2026-07-24T01:03:21.345059"}
{"op_code":9,"worker_id":"045c6a49-06dc-488c-a0d7-91a6937a21c5-131069414635328","trial_id":46,"system_attr":{"tpe:relative_params:0":"{\"gx\": 2, \"gy\": 4, \"k\": 16, \"m\": 64, \"n\": 128, \"sub\": 32}"}}
{"op_code":5,"worker_id":"045c6a49-06dc-488c-a0d7-91a6937a21c5-131069414635328","trial_id":46,"param_name":"m","param_value_internal":2,"distribution":"{\"name\": \"CategoricalDistribution\", \"attributes\": {\"choices\": [16, 32, 64, 128, 256]}}"}
{"op_code":5,"worker_id":"045c6a49-06dc-488c-a0d7-91a6937a21c5-131069414635328","trial_id":46,"param_name":"n","param_value_internal":3,"distribution":"{\"name\": \"CategoricalDistribution\", \"attributes\": {\"choices\": [16, 32, 64, 128, 256]}}"}
{"op_code":5,"worker_id":"045c6a49-06dc-488c-a0d7-91a6937a21c5-131069414635328","trial_id":46,"param_name":"k","param_value_internal":0,"distribution":"{\"name\": \"CategoricalDistribution\", \"attributes\": {\"choices\": [16, 32, 64, 128]}}"}
{"op_code":5,"worker_id":"045c6a49-06dc-488c-a0d7-91a6937a21c5-131069414635328","trial_id":46,"param_name":"gx","param_value_internal":1,"distribution":"{\"name\": \"CategoricalDistribution\", \"attributes\": {\"choices\": [1, 2, 4, 8]}}"}
{"op_code":5,"worker_id":"045c6a49-06dc-488c-a0d7-91a6937a21c5-131069414635328","trial_id":46,"param_name":"gy","param_value_internal":2,"distribution":"{\"name\": \"CategoricalDistribution\", \"attributes\": {\"choices\": [1, 2, 4, 8]}}"}
{"op_code":5,"worker_id":"045c6a49-06dc-488c-a0d7-91a6937a21c5-131069414635328","trial_id":46,"param_name":"sub","param_value_internal":0,"distribution":"{\"name\": \"CategoricalDistribution\", \"attributes\": {\"choices\": [32, 64]}}"}
{"op_code":6,"worker_id":"045c6a49-06dc-488c-a0d7-91a6937a21c5-131069414635328","trial_id":46,"state":2,"values":null,"datetime_complete":"2026-07-24T01:03:21.367346"}
{"op_code":4,"worker_id":"045c6a49-06dc-488c-a0d7-91a6937a21c5-131069414635328","study_id":0,"datetime_start":"2026-07-24T01:03:21.370029"}
{"op_code":9,"worker_id":"045c6a49-06dc-488c-a0d7-91a6937a21c5-131069414635328","trial_id":47,"system_attr":{"tpe:relative_params:0":"{\"gx\": 8, \"gy\": 1, \"k\": 64, \"m\": 16, \"n\": 256, \"sub\": 64}"}}
{"op_code":5,"worker_id":"045c6a49-06dc-488c-a0d7-91a6937a21c5-131069414635328","trial_id":47,"param_name":"m","param_value_internal":0,"distribution":"{\"name\": \"CategoricalDistribution\", \"attributes\": {\"choices\": [16, 32, 64, 128, 256]}}"}
{"op_code":5,"worker_id":"045c6a49-06dc-488c-a0d7-91a6937a21c5-131069414635328","trial_id":47,"param_name":"n","param_value_internal":4,"distribution":"{\"name\": \"CategoricalDistribution\", \"attributes\": {\"choices\": [16, 32, 64, 128, 256]}}"}
{"op_code":5,"worker_id":"045c6a49-06dc-488c-a0d7-91a6937a21c5-131069414635328","trial_id":47,"param_name":"k","param_value_internal":2,"distribution":"{\"name\": \"CategoricalDistribution\", \"attributes\": {\"choices\": [16, 32, 64, 128]}}"}
{"op_code":5,"worker_id":"045c6a49-06dc-488c-a0d7-91a6937a21c5-131069414635328","trial_id":47,"param_name":"gx","param_value_internal":3,"distribution":"{\"name\": \"CategoricalDistribution\", \"attributes\": {\"choices\": [1, 2, 4, 8]}}"}
{"op_code":5,"worker_id":"045c6a49-06dc-488c-a0d7-91a6937a21c5-131069414635328","trial_id":47,"param_name":"gy","param_value_internal":0,"distribution":"{\"name\": \"CategoricalDistribution\", \"attributes\": {\"choices\": [1, 2, 4, 8]}}"}
{"op_code":5,"worker_id":"045c6a49-06dc-488c-a0d7-91a6937a21c5-131069414635328","trial_id":47,"param_name":"sub","param_value_internal":1,"distribution":"{\"name\": \"CategoricalDistribution\", \"attributes\": {\"choices\": [32, 64]}}"}
{"op_code":6,"worker_id":"045c6a49-06dc-488c-a0d7-91a6937a21c5-131069414635328","trial_id":47,"state":2,"values":null,"datetime_complete":"2026-07-24T01:03:21.393208"}
{"op_code":4,"worker_id":"045c6a49-06dc-488c-a0d7-91a6937a21c5-131069414635328","study_id":0,"datetime_start":"2026-07-24T01:03:21.395951"}
{"op_code":9,"worker_id":"045c6a49-06dc-488c-a0d7-91a6937a21c5-131069414635328","trial_id":48,"system_attr":{"tpe:relative_params:0":"{\"gx\": 8, \"gy\": 8, \"k\": 16, \"m\": 32, \"n\": 256, \"sub\": 32}"}}
{"op_code":5,"worker_id":"045c6a49-06dc-488c-a0d7-91a6937a21c5-131069414635328","trial_id":48,"param_name":"m","param_value_internal":1,"distribution":"{\"name\": \"CategoricalDistribution\", \"attributes\": {\"choices\": [16, 32, 64, 128, 256]}}"}
{"op_code":5,"worker_id":"045c6a49-06dc-488c-a0d7-91a6937a21c5-131069414635328","trial_id":48,"param_name":"n","param_value_internal":4,"distribution":"{\"name\": \"CategoricalDistribution\", \"attributes\": {\"choices\": [16, 32, 64, 128, 256]}}"}
{"op_code":5,"worker_id":"045c6a49-06dc-488c-a0d7-91a6937a21c5-131069414635328","trial_id":48,"param_name":"k","param_value_internal":0,"distribution":"{\"name\": \"CategoricalDistribution\", \"attributes\": {\"choices\": [16, 32, 64, 128]}}"}
{"op_code":5,"worker_id":"045c6a49-06dc-488c-a0d7-91a6937a21c5-131069414635328","trial_id":48,"param_name":"gx","param_value_internal":3,"distribution":"{\"name\": \"CategoricalDistribution\", \"attributes\": {\"choices\": [1, 2, 4, 8]}}"}
{"op_code":5,"worker_id":"045c6a49-06dc-488c-a0d7-91a6937a21c5-131069414635328","trial_id":48,"param_name":"gy","param_value_internal":3,"distribution":"{\"name\": \"CategoricalDistribution\", \"attributes\": {\"choices\": [1, 2, 4, 8]}}"}
{"op_code":5,"worker_id":"045c6a49-06dc-488c-a0d7-91a6937a21c5-131069414635328","trial_id":48,"param_name":"sub","param_value_internal":0,"distribution":"{\"name\": \"CategoricalDistribution\", \"attributes\": {\"choices\": [32, 64]}}"}
{"op_code":6,"worker_id":"045c6a49-06dc-488c-a0d7-91a6937a21c5-131069414635328","trial_id":48,"state":2,"values":null,"datetime_complete":"2026-07-24T01:03:21.415767"}
{"op_code":4,"worker_id":"045c6a49-06dc-488c-a0d7-91a6937a21c5-131069414635328","study_id":0,"datetime_start":"2026-07-24T01:03:21.417514"}
{"op_code":9,"worker_id":"045c6a49-06dc-488c-a0d7-91a6937a21c5-131069414635328","trial_id":49,"system_attr":{"tpe:relative_params:0":"{\"gx\": 8, \"gy\": 4, \"k\": 64, \"m\": 32, \"n\": 128, \"sub\": 32}"}}
{"op_code":5,"worker_id":"045c6a49-06dc-488c-a0d7-91a6937a21c5-131069414635328","trial_id":49,"param_name":"m","param_value_internal":1,"distribution":"{\"name\": \"CategoricalDistribution\", \"attributes\": {\"choices\": [16, 32, 64, 128, 256]}}"}
{"op_code":5,"worker_id":"045c6a49-06dc-488c-a0d7-91a6937a21c5-131069414635328","trial_id":49,"param_name":"n","param_value_internal":3,"distribution":"{\"name\": \"CategoricalDistribution\", \"attributes\": {\"choices\": [16, 32, 64, 128, 256]}}"}
{"op_code":5,"worker_id":"045c6a49-06dc-488c-a0d7-91a6937a21c5-131069414635328","trial_id":49,"param_name":"k","param_value_internal":2,"distribution":"{\"name\": \"CategoricalDistribution\", \"attributes\": {\"choices\": [16, 32, 64, 128]}}"}
{"op_code":5,"worker_id":"045c6a49-06dc-488c-a0d7-91a6937a21c5-131069414635328","trial_id":49,"param_name":"gx","param_value_internal":3,"distribution":"{\"name\": \"CategoricalDistribution\", \"attributes\": {\"choices\": [1, 2, 4, 8]}}"}
{"op_code":5,"worker_id":"045c6a49-06dc-488c-a0d7-91a6937a21c5-131069414635328","trial_id":49,"param_name":"gy","param_value_internal":2,"distribution":"{\"name\": \"CategoricalDistribution\", \"attributes\": {\"choices\": [1, 2, 4, 8]}}"}
{"op_code":5,"worker_id":"045c6a49-06dc-488c-a0d7-91a6937a21c5-131069414635328","trial_id":49,"param_name":"sub","param_value_internal":0,"distribution":"{\"name\": \"CategoricalDistribution\", \"attributes\": {\"choices\": [32, 64]}}"}
{"op_code":6,"worker_id":"045c6a49-06dc-488c-a0d7-91a6937a21c5-131069414635328","trial_id":49,"state":2,"values":null,"datetime_complete":"2026-07-24T01:03:21.435823"}
{"op_code":4,"worker_id":"045c6a49-06dc-488c-a0d7-91a6937a21c5-131069414635328","study_id":0,"datetime_start":"2026-07-24T01:03:21.437630"}
{"op_code":9,"worker_id":"045c6a49-06dc-488c-a0d7-91a6937a21c5-131069414635328","trial_id":50,"system_attr":{"tpe:relative_params:0":"{\"gx\": 4, \"gy\": 4, \"k\": 32, \"m\": 256, \"n\": 128, \"sub\": 32}"}}
{"op_code":5,"worker_id":"045c6a49-06dc-488c-a0d7-91a6937a21c5-131069414635328","trial_id":50,"param_name":"m","param_value_internal":4,"distribution":"{\"name\": \"CategoricalDistribution\", \"attributes\": {\"choices\": [16, 32, 64, 128, 256]}}"}
{"op_code":5,"worker_id":"045c6a49-06dc-488c-a0d7-91a6937a21c5-131069414635328","trial_id":50,"param_name":"n","param_value_internal":3,"distribution":"{\"name\": \"CategoricalDistribution\", \"attributes\": {\"choices\": [16, 32, 64, 128, 256]}}"}
{"op_code":5,"worker_id":"045c6a49-06dc-488c-a0d7-91a6937a21c5-131069414635328","trial_id":50,"param_name":"k","param_value_internal":1,"distribution":"{\"name\": \"CategoricalDistribution\", \"attributes\": {\"choices\": [16, 32, 64, 128]}}"}
{"op_code":5,"worker_id":"045c6a49-06dc-488c-a0d7-91a6937a21c5-131069414635328","trial_id":50,"param_name":"gx","param_value_internal":2,"distribution":"{\"name\": \"CategoricalDistribution\", \"attributes\": {\"choices\": [1, 2, 4, 8]}}"}
{"op_code":5,"worker_id":"045c6a49-06dc-488c-a0d7-91a6937a21c5-131069414635328","trial_id":50,"param_name":"gy","param_value_internal":2,"distribution":"{\"name\": \"CategoricalDistribution\", \"attributes\": {\"choices\": [1, 2, 4, 8]}}"}
{"op_code":5,"worker_id":"045c6a49-06dc-488c-a0d7-91a6937a21c5-131069414635328","trial_id":50,"param_name":"sub","param_value_internal":0,"distribution":"{\"name\": \"CategoricalDistribution\", \"attributes\": {\"choices\": [32, 64]}}"}
{"op_code":8,"worker_id":"045c6a49-06dc-488c-a0d7-91a6937a21c5-131069414635328","trial_id":50,"user_attr":{"token":"tsweep_t256x128k32g44s32"}}
{"op_code":4,"worker_id":"045c6a49-06dc-488c-a0d7-91a6937a21c5-131069414635328","study_id":0,"datetime_start":"2026-07-24T01:03:21.457890"}
{"op_code":9,"worker_id":"045c6a49-06dc-488c-a0d7-91a6937a21c5-131069414635328","trial_id":51,"system_attr":{"tpe:relative_params:0":"{\"gx\": 1, \"gy\": 1, \"k\": 32, \"m\": 16, \"n\": 32, \"sub\": 64}"}}
{"op_code":5,"worker_id":"045c6a49-06dc-488c-a0d7-91a6937a21c5-131069414635328","trial_id":51,"param_name":"m","param_value_internal":0,"distribution":"{\"name\": \"CategoricalDistribution\", \"attributes\": {\"choices\": [16, 32, 64, 128, 256]}}"}
{"op_code":5,"worker_id":"045c6a49-06dc-488c-a0d7-91a6937a21c5-131069414635328","trial_id":51,"param_name":"n","param_value_internal":1,"distribution":"{\"name\": \"CategoricalDistribution\", \"attributes\": {\"choices\": [16, 32, 64, 128, 256]}}"}
{"op_code":5,"worker_id":"045c6a49-06dc-488c-a0d7-91a6937a21c5-131069414635328","trial_id":51,"param_name":"k","param_value_internal":1,"distribution":"{\"name\": \"CategoricalDistribution\", \"attributes\": {\"choices\": [16, 32, 64, 128]}}"}
{"op_code":5,"worker_id":"045c6a49-06dc-488c-a0d7-91a6937a21c5-131069414635328","trial_id":51,"param_name":"gx","param_value_internal":0,"distribution":"{\"name\": \"CategoricalDistribution\", \"attributes\": {\"choices\": [1, 2, 4, 8]}}"}
{"op_code":5,"worker_id":"045c6a49-06dc-488c-a0d7-91a6937a21c5-131069414635328","trial_id":51,"param_name":"gy","param_value_internal":0,"distribution":"{\"name\": \"CategoricalDistribution\", \"attributes\": {\"choices\": [1, 2, 4, 8]}}"}
{"op_code":5,"worker_id":"045c6a49-06dc-488c-a0d7-91a6937a21c5-131069414635328","trial_id":51,"param_name":"sub","param_value_internal":1,"distribution":"{\"name\": \"CategoricalDistribution\", \"attributes\": {\"choices\": [32, 64]}}"}
{"op_code":8,"worker_id":"045c6a49-06dc-488c-a0d7-91a6937a21c5-131069414635328","trial_id":51,"user_attr":{"token":"tsweep_t16x32k32g11s64"}}
{"op_code":4,"worker_id":"045c6a49-06dc-488c-a0d7-91a6937a21c5-131069414635328","study_id":0,"datetime_start":"2026-07-24T01:03:21.477129"}
{"op_code":9,"worker_id":"045c6a49-06dc-488c-a0d7-91a6937a21c5-131069414635328","trial_id":52,"system_attr":{"tpe:relative_params:0":"{\"gx\": 1, \"gy\": 4, \"k\": 64, \"m\": 256, \"n\": 128, \"sub\": 64}"}}
{"op_code":5,"worker_id":"045c6a49-06dc-488c-a0d7-91a6937a21c5-131069414635328","trial_id":52,"param_name":"m","param_value_internal":4,"distribution":"{\"name\": \"CategoricalDistribution\", \"attributes\": {\"choices\": [16, 32, 64, 128, 256]}}"}
{"op_code":5,"worker_id":"045c6a49-06dc-488c-a0d7-91a6937a21c5-131069414635328","trial_id":52,"param_name":"n","param_value_internal":3,"distribution":"{\"name\": \"CategoricalDistribution\", \"attributes\": {\"choices\": [16, 32, 64, 128, 256]}}"}
{"op_code":5,"worker_id":"045c6a49-06dc-488c-a0d7-91a6937a21c5-131069414635328","trial_id":52,"param_name":"k","param_value_internal":2,"distribution":"{\"name\": \"CategoricalDistribution\", \"attributes\": {\"choices\": [16, 32, 64, 128]}}"}
{"op_code":5,"worker_id":"045c6a49-06dc-488c-a0d7-91a6937a21c5-131069414635328","trial_id":52,"param_name":"gx","param_value_internal":0,"distribution":"{\"name\": \"CategoricalDistribution\", \"attributes\": {\"choices\": [1, 2, 4, 8]}}"}
{"op_code":5,"worker_id":"045c6a49-06dc-488c-a0d7-91a6937a21c5-131069414635328","trial_id":52,"param_name":"gy","param_value_internal":2,"distribution":"{\"name\": \"CategoricalDistribution\", \"attributes\": {\"choices\": [1, 2, 4, 8]}}"}
{"op_code":5,"worker_id":"045c6a49-06dc-488c-a0d7-91a6937a21c5-131069414635328","trial_id":52,"param_name":"sub","param_value_internal":1,"distribution":"{\"name\": \"CategoricalDistribution\", \"attributes\": {\"choices\": [32, 64]}}"}
{"op_code":6,"worker_id":"045c6a49-06dc-488c-a0d7-91a6937a21c5-131069414635328","trial_id":52,"state":2,"values":null,"datetime_complete":"2026-07-24T01:03:21.495423"}
{"op_code":4,"worker_id":"045c6a49-06dc-488c-a0d7-91a6937a21c5-131069414635328","study_id":0,"datetime_start":"2026-07-24T01:03:21.497517"}
{"op_code":9,"worker_id":"045c6a49-06dc-488c-a0d7-91a6937a21c5-131069414635328","trial_id":53,"system_attr":{"tpe:relative_params:0":"{\"gx\": 4, \"gy\": 4, \"k\": 128, \"m\": 64, \"n\": 64, \"sub\": 64}"}}
{"op_code":5,"worker_id":"045c6a49-06dc-488c-a0d7-91a6937a21c5-131069414635328","trial_id":53,"param_name":"m","param_value_internal":2,"distribution":"{\"name\": \"CategoricalDistribution\", \"attributes\": {\"choices\": [16, 32, 64, 128, 256]}}"}
{"op_code":5,"worker_id":"045c6a49-06dc-488c-a0d7-91a6937a21c5-131069414635328","trial_id":53,"param_name":"n","param_value_internal":2,"distribution":"{\"name\": \"CategoricalDistribution\", \"attributes\": {\"choices\": [16, 32, 64, 128, 256]}}"}
{"op_code":5,"worker_id":"045c6a49-06dc-488c-a0d7-91a6937a21c5-131069414635328","trial_id":53,"param_name":"k","param_value_internal":3,"distribution":"{\"name\": \"CategoricalDistribution\", \"attributes\": {\"choices\": [16, 32, 64, 128]}}"}
{"op_code":5,"worker_id":"045c6a49-06dc-488c-a0d7-91a6937a21c5-131069414635328","trial_id":53,"param_name":"gx","param_value_internal":2,"distribution":"{\"name\": \"CategoricalDistribution\", \"attributes\": {\"choices\": [1, 2, 4, 8]}}"}
{"op_code":5,"worker_id":"045c6a49-06dc-488c-a0d7-91a6937a21c5-131069414635328","trial_id":53,"param_name":"gy","param_value_internal":2,"distribution":"{\"name\": \"CategoricalDistribution\", \"attributes\": {\"choices\": [1, 2, 4, 8]}}"}
{"op_code":5,"worker_id":"045c6a49-06dc-488c-a0d7-91a6937a21c5-131069414635328","trial_id":53,"param_name":"sub","param_value_internal":1,"distribution":"{\"name\": \"CategoricalDistribution\", \"attributes\": {\"choices\": [32, 64]}}"}
{"op_code":6,"worker_id":"045c6a49-06dc-488c-a0d7-91a6937a21c5-131069414635328","trial_id":53,"state":2,"values":null,"datetime_complete":"2026-07-24T01:03:21.516410"}
{"op_code":4,"worker_id":"045c6a49-06dc-488c-a0d7-91a6937a21c5-131069414635328","study_id":0,"datetime_start":"2026-07-24T01:03:21.518347"}
{"op_code":9,"worker_id":"045c6a49-06dc-488c-a0d7-91a6937a21c5-131069414635328","trial_id":54,"system_attr":{"tpe:relative_params:0":"{\"gx\": 4, \"gy\": 1, \"k\": 64, \"m\": 64, \"n\": 16, \"sub\": 64}"}}
{"op_code":5,"worker_id":"045c6a49-06dc-488c-a0d7-91a6937a21c5-131069414635328","trial_id":54,"param_name":"m","param_value_internal":2,"distribution":"{\"name\": \"CategoricalDistribution\", \"attributes\": {\"choices\": [16, 32, 64, 128, 256]}}"}
{"op_code":5,"worker_id":"045c6a49-06dc-488c-a0d7-91a6937a21c5-131069414635328","trial_id":54,"param_name":"n","param_value_internal":0,"distribution":"{\"name\": \"CategoricalDistribution\", \"attributes\": {\"choices\": [16, 32, 64, 128, 256]}}"}
{"op_code":5,"worker_id":"045c6a49-06dc-488c-a0d7-91a6937a21c5-131069414635328","trial_id":54,"param_name":"k","param_value_internal":2,"distribution":"{\"name\": \"CategoricalDistribution\", \"attributes\": {\"choices\": [16, 32, 64, 128]}}"}
{"op_code":5,"worker_id":"045c6a49-06dc-488c-a0d7-91a6937a21c5-131069414635328","trial_id":54,"param_name":"gx","param_value_internal":2,"distribution":"{\"name\": \"CategoricalDistribution\", \"attributes\": {\"choices\": [1, 2, 4, 8]}}"}
{"op_code":5,"worker_id":"045c6a49-06dc-488c-a0d7-91a6937a21c5-131069414635328","trial_id":54,"param_name":"gy","param_value_internal":0,"distribution":"{\"name\": \"CategoricalDistribution\", \"attributes\": {\"choices\": [1, 2, 4, 8]}}"}
{"op_code":5,"worker_id":"045c6a49-06dc-488c-a0d7-91a6937a21c5-131069414635328","trial_id":54,"param_name":"sub","param_value_internal":1,"distribution":"{\"name\": \"CategoricalDistribution\", \"attributes\": {\"choices\": [32, 64]}}"}
{"op_code":6,"worker_id":"045c6a49-06dc-488c-a0d7-91a6937a21c5-131069414635328","trial_id":54,"state":2,"values":null,"datetime_complete":"2026-07-24T01:03:21.536918"}
{"op_code":4,"worker_id":"045c6a49-06dc-488c-a0d7-91a6937a21c5-131069414635328","study_id":0,"datetime_start":"2026-07-24T01:03:21.539163"}
{"op_code":9,"worker_id":"045c6a49-06dc-488c-a0d7-91a6937a21c5-131069414635328","trial_id":55,"system_attr":{"tpe:relative_params:0":"{\"gx\": 4, \"gy\": 2, \"k\": 128, \"m\": 16, \"n\": 64, \"sub\": 64}"}}
{"op_code":5,"worker_id":"045c6a49-06dc-488c-a0d7-91a6937a21c5-131069414635328","trial_id":55,"param_name":"m","param_value_internal":0,"distribution":"{\"name\": \"CategoricalDistribution\", \"attributes\": {\"choices\": [16, 32, 64, 128, 256]}}"}
{"op_code":5,"worker_id":"045c6a49-06dc-488c-a0d7-91a6937a21c5-131069414635328","trial_id":55,"param_name":"n","param_value_internal":2,"distribution":"{\"name\": \"CategoricalDistribution\", \"attributes\": {\"choices\": [16, 32, 64, 128, 256]}}"}
{"op_code":5,"worker_id":"045c6a49-06dc-488c-a0d7-91a6937a21c5-131069414635328","trial_id":55,"param_name":"k","param_value_internal":3,"distribution":"{\"name\": \"CategoricalDistribution\", \"attributes\": {\"choices\": [16, 32, 64, 128]}}"}
{"op_code":5,"worker_id":"045c6a49-06dc-488c-a0d7-91a6937a21c5-131069414635328","trial_id":55,"param_name":"gx","param_value_internal":2,"distribution":"{\"name\": \"CategoricalDistribution\", \"attributes\": {\"choices\": [1, 2, 4, 8]}}"}
{"op_code":5,"worker_id":"045c6a49-06dc-488c-a0d7-91a6937a21c5-131069414635328","trial_id":55,"param_name":"gy","param_value_internal":1,"distribution":"{\"name\": \"CategoricalDistribution\", \"attributes\": {\"choices\": [1, 2, 4, 8]}}"}
{"op_code":5,"worker_id":"045c6a49-06dc-488c-a0d7-91a6937a21c5-131069414635328","trial_id":55,"param_name":"sub","param_value_internal":1,"distribution":"{\"name\": \"CategoricalDistribution\", \"attributes\": {\"choices\": [32, 64]}}"}
{"op_code":6,"worker_id":"045c6a49-06dc-488c-a0d7-91a6937a21c5-131069414635328","trial_id":55,"state":2,"values":null,"datetime_complete":"2026-07-24T01:03:21.557399"}
{"op_code":4,"worker_id":"045c6a49-06dc-488c-a0d7-91a6937a21c5-131069414635328","study_id":0,"datetime_start":"2026-07-24T01:03:21.558991"}
{"op_code":9,"worker_id":"045c6a49-06dc-488c-a0d7-91a6937a21c5-131069414635328","trial_id":56,"system_attr":{"tpe:relative_params:0":"{\"gx\": 4, \"gy\": 1, \"k\": 128, \"m\": 256, \"n\": 32, \"sub\": 64}"}}
{"op_code":5,"worker_id":"045c6a49-06dc-488c-a0d7-91a6937a21c5-131069414635328","trial_id":56,"param_name":"m","param_value_internal":4,"distribution":"{\"name\": \"CategoricalDistribution\", \"attributes\": {\"choices\": [16, 32, 64, 128, 256]}}"}
{"op_code":5,"worker_id":"045c6a49-06dc-488c-a0d7-91a6937a21c5-131069414635328","trial_id":56,"param_name":"n","param_value_internal":1,"distribution":"{\"name\": \"CategoricalDistribution\", \"attributes\": {\"choices\": [16, 32, 64, 128, 256]}}"}
{"op_code":5,"worker_id":"045c6a49-06dc-488c-a0d7-91a6937a21c5-131069414635328","trial_id":56,"param_name":"k","param_value_internal":3,"distribution":"{\"name\": \"CategoricalDistribution\", \"attributes\": {\"choices\": [16, 32, 64, 128]}}"}
{"op_code":5,"worker_id":"045c6a49-06dc-488c-a0d7-91a6937a21c5-131069414635328","trial_id":56,"param_name":"gx","param_value_internal":2,"distribution":"{\"name\": \"CategoricalDistribution\", \"attributes\": {\"choices\": [1, 2, 4, 8]}}"}
{"op_code":5,"worker_id":"045c6a49-06dc-488c-a0d7-91a6937a21c5-131069414635328","trial_id":56,"param_name":"gy","param_value_internal":0,"distribution":"{\"name\": \"CategoricalDistribution\", \"attributes\": {\"choices\": [1, 2, 4, 8]}}"}
{"op_code":5,"worker_id":"045c6a49-06dc-488c-a0d7-91a6937a21c5-131069414635328","trial_id":56,"param_name":"sub","param_value_internal":1,"distribution":"{\"name\": \"CategoricalDistribution\", \"attributes\": {\"choices\": [32, 64]}}"}
{"op_code":6,"worker_id":"045c6a49-06dc-488c-a0d7-91a6937a21c5-131069414635328","trial_id":56,"state":2,"values":null,"datetime_complete":"2026-07-24T01:03:21.575103"}
{"op_code":4,"worker_id":"045c6a49-06dc-488c-a0d7-91a6937a21c5-131069414635328","study_id":0,"datetime_start":"2026-07-24T01:03:21.576846"}
{"op_code":9,"worker_id":"045c6a49-06dc-488c-a0d7-91a6937a21c5-131069414635328","trial_id":57,"system_attr":{"tpe:relative_params:0":"{\"gx\": 8, \"gy\": 4, \"k\": 128, \"m\": 64, \"n\": 32, \"sub\": 64}"}}
{"op_code":5,"worker_id":"045c6a49-06dc-488c-a0d7-91a6937a21c5-131069414635328","trial_id":57,"param_name":"m","param_value_internal":2,"distribution":"{\"name\": \"CategoricalDistribution\", \"attributes\": {\"choices\": [16, 32, 64, 128, 256]}}"}
{"op_code":5,"worker_id":"045c6a49-06dc-488c-a0d7-91a6937a21c5-131069414635328","trial_id":57,"param_name":"n","param_value_internal":1,"distribution":"{\"name\": \"CategoricalDistribution\", \"attributes\": {\"choices\": [16, 32, 64, 128, 256]}}"}
{"op_code":5,"worker_id":"045c6a49-06dc-488c-a0d7-91a6937a21c5-131069414635328","trial_id":57,"param_name":"k","param_value_internal":3,"distribution":"{\"name\": \"CategoricalDistribution\", \"attributes\": {\"choices\": [16, 32, 64, 128]}}"}
{"op_code":5,"worker_id":"045c6a49-06dc-488c-a0d7-91a6937a21c5-131069414635328","trial_id":57,"param_name":"gx","param_value_internal":3,"distribution":"{\"name\": \"CategoricalDistribution\", \"attributes\": {\"choices\": [1, 2, 4, 8]}}"}
{"op_code":5,"worker_id":"045c6a49-06dc-488c-a0d7-91a6937a21c5-131069414635328","trial_id":57,"param_name":"gy","param_value_internal":2,"distribution":"{\"name\": \"CategoricalDistribution\", \"attributes\": {\"choices\": [1, 2, 4, 8]}}"}
{"op_code":5,"worker_id":"045c6a49-06dc-488c-a0d7-91a6937a21c5-131069414635328","trial_id":57,"param_name":"sub","param_value_internal":1,"distribution":"{\"name\": \"CategoricalDistribution\", \"attributes\": {\"choices\": [32, 64]}}"}
{"op_code":6,"worker_id":"045c6a49-06dc-488c-a0d7-91a6937a21c5-131069414635328","trial_id":57,"state":2,"values":null,"datetime_complete":"2026-07-24T01:03:21.596194"}
{"op_code":4,"worker_id":"045c6a49-06dc-488c-a0d7-91a6937a21c5-131069414635328","study_id":0,"datetime_start":"2026-07-24T01:03:21.598272"}
{"op_code":9,"worker_id":"045c6a49-06dc-488c-a0d7-91a6937a21c5-131069414635328","trial_id":58,"system_attr":{"tpe:relative_params:0":"{\"gx\": 4, \"gy\": 4, \"k\": 32, \"m\": 32, \"n\": 64, \"sub\": 64}"}}
{"op_code":5,"worker_id":"045c6a49-06dc-488c-a0d7-91a6937a21c5-131069414635328","trial_id":58,"param_name":"m","param_value_internal":1,"distribution":"{\"name\": \"CategoricalDistribution\", \"attributes\": {\"choices\": [16, 32, 64, 128, 256]}}"}
{"op_code":5,"worker_id":"045c6a49-06dc-488c-a0d7-91a6937a21c5-131069414635328","trial_id":58,"param_name":"n","param_value_internal":2,"distribution":"{\"name\": \"CategoricalDistribution\", \"attributes\": {\"choices\": [16, 32, 64, 128, 256]}}"}
{"op_code":5,"worker_id":"045c6a49-06dc-488c-a0d7-91a6937a21c5-131069414635328","trial_id":58,"param_name":"k","param_value_internal":1,"distribution":"{\"name\": \"CategoricalDistribution\", \"attributes\": {\"choices\": [16, 32, 64, 128]}}"}
{"op_code":5,"worker_id":"045c6a49-06dc-488c-a0d7-91a6937a21c5-131069414635328","trial_id":58,"param_name":"gx","param_value_internal":2,"distribution":"{\"name\": \"CategoricalDistribution\", \"attributes\": {\"choices\": [1, 2, 4, 8]}}"}
{"op_code":5,"worker_id":"045c6a49-06dc-488c-a0d7-91a6937a21c5-131069414635328","trial_id":58,"param_name":"gy","param_value_internal":2,"distribution":"{\"name\": \"CategoricalDistribution\", \"attributes\": {\"choices\": [1, 2, 4, 8]}}"}
{"op_code":5,"worker_id":"045c6a49-06dc-488c-a0d7-91a6937a21c5-131069414635328","trial_id":58,"param_name":"sub","param_value_internal":1,"distribution":"{\"name\": \"CategoricalDistribution\", \"attributes\": {\"choices\": [32, 64]}}"}
{"op_code":6,"worker_id":"045c6a49-06dc-488c-a0d7-91a6937a21c5-131069414635328","trial_id":58,"state":2,"values":null,"datetime_complete":"2026-07-24T01:03:21.617386"}
{"op_code":4,"worker_id":"045c6a49-06dc-488c-a0d7-91a6937a21c5-131069414635328","study_id":0,"datetime_start":"2026-07-24T01:03:21.619384"}
{"op_code":9,"worker_id":"045c6a49-06dc-488c-a0d7-91a6937a21c5-131069414635328","trial_id":59,"system_attr":{"tpe:relative_params:0":"{\"gx\": 8, \"gy\": 2, \"k\": 16, \"m\": 128, \"n\": 256, \"sub\": 64}"}}
{"op_code":5,"worker_id":"045c6a49-06dc-488c-a0d7-91a6937a21c5-131069414635328","trial_id":59,"param_name":"m","param_value_internal":3,"distribution":"{\"name\": \"CategoricalDistribution\", \"attributes\": {\"choices\": [16, 32, 64, 128, 256]}}"}
{"op_code":5,"worker_id":"045c6a49-06dc-488c-a0d7-91a6937a21c5-131069414635328","trial_id":59,"param_name":"n","param_value_internal":4,"distribution":"{\"name\": \"CategoricalDistribution\", \"attributes\": {\"choices\": [16, 32, 64, 128, 256]}}"}
{"op_code":5,"worker_id":"045c6a49-06dc-488c-a0d7-91a6937a21c5-131069414635328","trial_id":59,"param_name":"k","param_value_internal":0,"distribution":"{\"name\": \"CategoricalDistribution\", \"attributes\": {\"choices\": [16, 32, 64, 128]}}"}
{"op_code":5,"worker_id":"045c6a49-06dc-488c-a0d7-91a6937a21c5-131069414635328","trial_id":59,"param_name":"gx","param_value_internal":3,"distribution":"{\"name\": \"CategoricalDistribution\", \"attributes\": {\"choices\": [1, 2, 4, 8]}}"}
{"op_code":5,"worker_id":"045c6a49-06dc-488c-a0d7-91a6937a21c5-131069414635328","trial_id":59,"param_name":"gy","param_value_internal":1,"distribution":"{\"name\": \"CategoricalDistribution\", \"attributes\": {\"choices\": [1, 2, 4, 8]}}"}
{"op_code":5,"worker_id":"045c6a49-06dc-488c-a0d7-91a6937a21c5-131069414635328","trial_id":59,"param_name":"sub","param_value_internal":1,"distribution":"{\"name\": \"CategoricalDistribution\", \"attributes\": {\"choices\": [32, 64]}}"}
{"op_code":6,"worker_id":"045c6a49-06dc-488c-a0d7-91a6937a21c5-131069414635328","trial_id":59,"state":2,"values":null,"datetime_complete":"2026-07-24T01:03:21.638145"}
{"op_code":4,"worker_id":"045c6a49-06dc-488c-a0d7-91a6937a21c5-131069414635328","study_id":0,"datetime_start":"2026-07-24T01:03:21.639984"}
{"op_code":9,"worker_id":"045c6a49-06dc-488c-a0d7-91a6937a21c5-131069414635328","trial_id":60,"system_attr":{"tpe:relative_params:0":"{\"gx\": 8, \"gy\": 2, \"k\": 16, \"m\": 64, \"n\": 256, \"sub\": 32}"}}
{"op_code":5,"worker_id":"045c6a49-06dc-488c-a0d7-91a6937a21c5-131069414635328","trial_id":60,"param_name":"m","param_value_internal":2,"distribution":"{\"name\": \"CategoricalDistribution\", \"attributes\": {\"choices\": [16, 32, 64, 128, 256]}}"}
{"op_code":5,"worker_id":"045c6a49-06dc-488c-a0d7-91a6937a21c5-131069414635328","trial_id":60,"param_name":"n","param_value_internal":4,"distribution":"{\"name\": \"CategoricalDistribution\", \"attributes\": {\"choices\": [16, 32, 64, 128, 256]}}"}
{"op_code":5,"worker_id":"045c6a49-06dc-488c-a0d7-91a6937a21c5-131069414635328","trial_id":60,"param_name":"k","param_value_internal":0,"distribution":"{\"name\": \"CategoricalDistribution\", \"attributes\": {\"choices\": [16, 32, 64, 128]}}"}
{"op_code":5,"worker_id":"045c6a49-06dc-488c-a0d7-91a6937a21c5-131069414635328","trial_id":60,"param_name":"gx","param_value_internal":3,"distribution":"{\"name\": \"CategoricalDistribution\", \"attributes\": {\"choices\": [1, 2, 4, 8]}}"}
{"op_code":5,"worker_id":"045c6a49-06dc-488c-a0d7-91a6937a21c5-131069414635328","trial_id":60,"param_name":"gy","param_value_internal":1,"distribution":"{\"name\": \"CategoricalDistribution\", \"attributes\": {\"choices\": [1, 2, 4, 8]}}"}
{"op_code":5,"worker_id":"045c6a49-06dc-488c-a0d7-91a6937a21c5-131069414635328","trial_id":60,"param_name":"sub","param_value_internal":0,"distribution":"{\"name\": \"CategoricalDistribution\", \"attributes\": {\"choices\": [32, 64]}}"}
{"op_code":6,"worker_id":"045c6a49-06dc-488c-a0d7-91a6937a21c5-131069414635328","trial_id":60,"state":2,"values":null,"datetime_complete":"2026-07-24T01:03:21.658988"}
{"op_code":4,"worker_id":"045c6a49-06dc-488c-a0d7-91a6937a21c5-131069414635328","study_id":0,"datetime_start":"2026-07-24T01:03:21.660995"}
{"op_code":9,"worker_id":"045c6a49-06dc-488c-a0d7-91a6937a21c5-131069414635328","trial_id":61,"system_attr":{"tpe:relative_params:0":"{\"gx\": 8, \"gy\": 4, \"k\": 16, \"m\": 64, \"n\": 128, \"sub\": 32}"}}
{"op_code":5,"worker_id":"045c6a49-06dc-488c-a0d7-91a6937a21c5-131069414635328","trial_id":61,"param_name":"m","param_value_internal":2,"distribution":"{\"name\": \"CategoricalDistribution\", \"attributes\": {\"choices\": [16, 32, 64, 128, 256]}}"}
{"op_code":5,"worker_id":"045c6a49-06dc-488c-a0d7-91a6937a21c5-131069414635328","trial_id":61,"param_name":"n","param_value_internal":3,"distribution":"{\"name\": \"CategoricalDistribution\", \"attributes\": {\"choices\": [16, 32, 64, 128, 256]}}"}
{"op_code":5,"worker_id":"045c6a49-06dc-488c-a0d7-91a6937a21c5-131069414635328","trial_id":61,"param_name":"k","param_value_internal":0,"distribution":"{\"name\": \"CategoricalDistribution\", \"attributes\": {\"choices\": [16, 32, 64, 128]}}"}
{"op_code":5,"worker_id":"045c6a49-06dc-488c-a0d7-91a6937a21c5-131069414635328","trial_id":61,"param_name":"gx","param_value_internal":3,"distribution":"{\"name\": \"CategoricalDistribution\", \"attributes\": {\"choices\": [1, 2, 4, 8]}}"}
{"op_code":5,"worker_id":"045c6a49-06dc-488c-a0d7-91a6937a21c5-131069414635328","trial_id":61,"param_name":"gy","param_value_internal":2,"distribution":"{\"name\": \"CategoricalDistribution\", \"attributes\": {\"choices\": [1, 2, 4, 8]}}"}
{"op_code":5,"worker_id":"045c6a49-06dc-488c-a0d7-91a6937a21c5-131069414635328","trial_id":61,"param_name":"sub","param_value_internal":0,"distribution":"{\"name\": \"CategoricalDistribution\", \"attributes\": {\"choices\": [32, 64]}}"}
{"op_code":6,"worker_id":"045c6a49-06dc-488c-a0d7-91a6937a21c5-131069414635328","trial_id":61,"state":2,"values":null,"datetime_complete":"2026-07-24T01:03:21.680118"}
{"op_code":4,"worker_id":"045c6a49-06dc-488c-a0d7-91a6937a21c5-131069414635328","study_id":0,"datetime_start":"2026-07-24T01:03:21.682060"}
{"op_code":9,"worker_id":"045c6a49-06dc-488c-a0d7-91a6937a21c5-131069414635328","trial_id":62,"system_attr":{"tpe:relative_params:0":"{\"gx\": 1, \"gy\": 8, \"k\": 128, \"m\": 64, \"n\": 64, \"sub\": 64}"}}
{"op_code":5,"worker_id":"045c6a49-06dc-488c-a0d7-91a6937a21c5-131069414635328","trial_id":62,"param_name":"m","param_value_internal":2,"distribution":"{\"name\": \"CategoricalDistribution\", \"attributes\": {\"choices\": [16, 32, 64, 128, 256]}}"}
{"op_code":5,"worker_id":"045c6a49-06dc-488c-a0d7-91a6937a21c5-131069414635328","trial_id":62,"param_name":"n","param_value_internal":2,"distribution":"{\"name\": \"CategoricalDistribution\", \"attributes\": {\"choices\": [16, 32, 64, 128, 256]}}"}
{"op_code":5,"worker_id":"045c6a49-06dc-488c-a0d7-91a6937a21c5-131069414635328","trial_id":62,"param_name":"k","param_value_internal":3,"distribution":"{\"name\": \"CategoricalDistribution\", \"attributes\": {\"choices\": [16, 32, 64, 128]}}"}
{"op_code":5,"worker_id":"045c6a49-06dc-488c-a0d7-91a6937a21c5-131069414635328","trial_id":62,"param_name":"gx","param_value_internal":0,"distribution":"{\"name\": \"CategoricalDistribution\", \"attributes\": {\"choices\": [1, 2, 4, 8]}}"}
{"op_code":5,"worker_id":"045c6a49-06dc-488c-a0d7-91a6937a21c5-131069414635328","trial_id":62,"param_name":"gy","param_value_internal":3,"distribution":"{\"name\": \"CategoricalDistribution\", \"attributes\": {\"choices\": [1, 2, 4, 8]}}"}
{"op_code":5,"worker_id":"045c6a49-06dc-488c-a0d7-91a6937a21c5-131069414635328","trial_id":62,"param_name":"sub","param_value_internal":1,"distribution":"{\"name\": \"CategoricalDistribution\", \"attributes\": {\"choices\": [32, 64]}}"}
{"op_code":6,"worker_id":"045c6a49-06dc-488c-a0d7-91a6937a21c5-131069414635328","trial_id":62,"state":2,"values":null,"datetime_complete":"2026-07-24T01:03:21.699770"}
{"op_code":4,"worker_id":"045c6a49-06dc-488c-a0d7-91a6937a21c5-131069414635328","study_id":0,"datetime_start":"2026-07-24T01:03:21.701468"}
{"op_code":9,"worker_id":"045c6a49-06dc-488c-a0d7-91a6937a21c5-131069414635328","trial_id":63,"system_attr":{"tpe:relative_params:0":"{\"gx\": 1, \"gy\": 2, \"k\": 128, \"m\": 256, \"n\": 64, \"sub\": 64}"}}
{"op_code":5,"worker_id":"045c6a49-06dc-488c-a0d7-91a6937a21c5-131069414635328","trial_id":63,"param_name":"m","param_value_internal":4,"distribution":"{\"name\": \"CategoricalDistribution\", \"attributes\": {\"choices\": [16, 32, 64, 128, 256]}}"}
{"op_code":5,"worker_id":"045c6a49-06dc-488c-a0d7-91a6937a21c5-131069414635328","trial_id":63,"param_name":"n","param_value_internal":2,"distribution":"{\"name\": \"CategoricalDistribution\", \"attributes\": {\"choices\": [16, 32, 64, 128, 256]}}"}
{"op_code":5,"worker_id":"045c6a49-06dc-488c-a0d7-91a6937a21c5-131069414635328","trial_id":63,"param_name":"k","param_value_internal":3,"distribution":"{\"name\": \"CategoricalDistribution\", \"attributes\": {\"choices\": [16, 32, 64, 128]}}"}
{"op_code":5,"worker_id":"045c6a49-06dc-488c-a0d7-91a6937a21c5-131069414635328","trial_id":63,"param_name":"gx","param_value_internal":0,"distribution":"{\"name\": \"CategoricalDistribution\", \"attributes\": {\"choices\": [1, 2, 4, 8]}}"}
{"op_code":5,"worker_id":"045c6a49-06dc-488c-a0d7-91a6937a21c5-131069414635328","trial_id":63,"param_name":"gy","param_value_internal":1,"distribution":"{\"name\": \"CategoricalDistribution\", \"attributes\": {\"choices\": [1, 2, 4, 8]}}"}
{"op_code":5,"worker_id":"045c6a49-06dc-488c-a0d7-91a6937a21c5-131069414635328","trial_id":63,"param_name":"sub","param_value_internal":1,"distribution":"{\"name\": \"CategoricalDistribution\", \"attributes\": {\"choices\": [32, 64]}}"}
{"op_code":6,"worker_id":"045c6a49-06dc-488c-a0d7-91a6937a21c5-131069414635328","trial_id":63,"state":2,"values":null,"datetime_complete":"2026-07-24T01:03:21.719118"}
{"op_code":4,"worker_id":"045c6a49-06dc-488c-a0d7-91a6937a21c5-131069414635328","study_id":0,"datetime_start":"2026-07-24T01:03:21.721066"}
{"op_code":9,"worker_id":"045c6a49-06dc-488c-a0d7-91a6937a21c5-131069414635328","trial_id":64,"system_attr":{"tpe:relative_params:0":"{\"gx\": 4, \"gy\": 8, \"k\": 64, \"m\": 256, \"n\": 16, \"sub\": 32}"}}
{"op_code":5,"worker_id":"045c6a49-06dc-488c-a0d7-91a6937a21c5-131069414635328","trial_id":64,"param_name":"m","param_value_internal":4,"distribution":"{\"name\": \"CategoricalDistribution\", \"attributes\": {\"choices\": [16, 32, 64, 128, 256]}}"}
{"op_code":5,"worker_id":"045c6a49-06dc-488c-a0d7-91a6937a21c5-131069414635328","trial_id":64,"param_name":"n","param_value_internal":0,"distribution":"{\"name\": \"CategoricalDistribution\", \"attributes\": {\"choices\": [16, 32, 64, 128, 256]}}"}
{"op_code":5,"worker_id":"045c6a49-06dc-488c-a0d7-91a6937a21c5-131069414635328","trial_id":64,"param_name":"k","param_value_internal":2,"distribution":"{\"name\": \"CategoricalDistribution\", \"attributes\": {\"choices\": [16, 32, 64, 128]}}"}
{"op_code":5,"worker_id":"045c6a49-06dc-488c-a0d7-91a6937a21c5-131069414635328","trial_id":64,"param_name":"gx","param_value_internal":2,"distribution":"{\"name\": \"CategoricalDistribution\", \"attributes\": {\"choices\": [1, 2, 4, 8]}}"}
{"op_code":5,"worker_id":"045c6a49-06dc-488c-a0d7-91a6937a21c5-131069414635328","trial_id":64,"param_name":"gy","param_value_internal":3,"distribution":"{\"name\": \"CategoricalDistribution\", \"attributes\": {\"choices\": [1, 2, 4, 8]}}"}
{"op_code":5,"worker_id":"045c6a49-06dc-488c-a0d7-91a6937a21c5-131069414635328","trial_id":64,"param_name":"sub","param_value_internal":0,"distribution":"{\"name\": \"CategoricalDistribution\", \"attributes\": {\"choices\": [32, 64]}}"}
{"op_code":6,"worker_id":"045c6a49-06dc-488c-a0d7-91a6937a21c5-131069414635328","trial_id":64,"state":2,"values":null,"datetime_complete":"2026-07-24T01:03:21.739992"}
{"op_code":4,"worker_id":"045c6a49-06dc-488c-a0d7-91a6937a21c5-131069414635328","study_id":0,"datetime_start":"2026-07-24T01:03:21.742113"}
{"op_code":9,"worker_id":"045c6a49-06dc-488c-a0d7-91a6937a21c5-131069414635328","trial_id":65,"system_attr":{"tpe:relative_params:0":"{\"gx\": 4, \"gy\": 1, \"k\": 64, \"m\": 16, \"n\": 128, \"sub\": 64}"}}
{"op_code":5,"worker_id":"045c6a49-06dc-488c-a0d7-91a6937a21c5-131069414635328","trial_id":65,"param_name":"m","param_value_internal":0,"distribution":"{\"name\": \"CategoricalDistribution\", \"attributes\": {\"choices\": [16, 32, 64, 128, 256]}}"}
{"op_code":5,"worker_id":"045c6a49-06dc-488c-a0d7-91a6937a21c5-131069414635328","trial_id":65,"param_name":"n","param_value_internal":3,"distribution":"{\"name\": \"CategoricalDistribution\", \"attributes\": {\"choices\": [16, 32, 64, 128, 256]}}"}
{"op_code":5,"worker_id":"045c6a49-06dc-488c-a0d7-91a6937a21c5-131069414635328","trial_id":65,"param_name":"k","param_value_internal":2,"distribution":"{\"name\": \"CategoricalDistribution\", \"attributes\": {\"choices\": [16, 32, 64, 128]}}"}
{"op_code":5,"worker_id":"045c6a49-06dc-488c-a0d7-91a6937a21c5-131069414635328","trial_id":65,"param_name":"gx","param_value_internal":2,"distribution":"{\"name\": \"CategoricalDistribution\", \"attributes\": {\"choices\": [1, 2, 4, 8]}}"}
{"op_code":5,"worker_id":"045c6a49-06dc-488c-a0d7-91a6937a21c5-131069414635328","trial_id":65,"param_name":"gy","param_value_internal":0,"distribution":"{\"name\": \"CategoricalDistribution\", \"attributes\": {\"choices\": [1, 2, 4, 8]}}"}
{"op_code":5,"worker_id":"045c6a49-06dc-488c-a0d7-91a6937a21c5-131069414635328","trial_id":65,"param_name":"sub","param_value_internal":1,"distribution":"{\"name\": \"CategoricalDistribution\", \"attributes\": {\"choices\": [32, 64]}}"}
{"op_code":6,"worker_id":"045c6a49-06dc-488c-a0d7-91a6937a21c5-131069414635328","trial_id":65,"state":2,"values":null,"datetime_complete":"2026-07-24T01:03:21.761697"}
{"op_code":4,"worker_id":"045c6a49-06dc-488c-a0d7-91a6937a21c5-131069414635328","study_id":0,"datetime_start":"2026-07-24T01:03:21.763663"}
{"op_code":9,"worker_id":"045c6a49-06dc-488c-a0d7-91a6937a21c5-131069414635328","trial_id":66,"system_attr":{"tpe:relative_params:0":"{\"gx\": 4, \"gy\": 4, \"k\": 64, \"m\": 64, \"n\": 32, \"sub\": 64}"}}
{"op_code":5,"worker_id":"045c6a49-06dc-488c-a0d7-91a6937a21c5-131069414635328","trial_id":66,"param_name":"m","param_value_internal":2,"distribution":"{\"name\": \"CategoricalDistribution\", \"attributes\": {\"choices\": [16, 32, 64, 128, 256]}}"}
{"op_code":5,"worker_id":"045c6a49-06dc-488c-a0d7-91a6937a21c5-131069414635328","trial_id":66,"param_name":"n","param_value_internal":1,"distribution":"{\"name\": \"CategoricalDistribution\", \"attributes\": {\"choices\": [16, 32, 64, 128, 256]}}"}
{"op_code":5,"worker_id":"045c6a49-06dc-488c-a0d7-91a6937a21c5-131069414635328","trial_id":66,"param_name":"k","param_value_internal":2,"distribution":"{\"name\": \"CategoricalDistribution\", \"attributes\": {\"choices\": [16, 32, 64, 128]}}"}
{"op_code":5,"worker_id":"045c6a49-06dc-488c-a0d7-91a6937a21c5-131069414635328","trial_id":66,"param_name":"gx","param_value_internal":2,"distribution":"{\"name\": \"CategoricalDistribution\", \"attributes\": {\"choices\": [1, 2, 4, 8]}}"}
{"op_code":5,"worker_id":"045c6a49-06dc-488c-a0d7-91a6937a21c5-131069414635328","trial_id":66,"param_name":"gy","param_value_internal":2,"distribution":"{\"name\": \"CategoricalDistribution\", \"attributes\": {\"choices\": [1, 2, 4, 8]}}"}
{"op_code":5,"worker_id":"045c6a49-06dc-488c-a0d7-91a6937a21c5-131069414635328","trial_id":66,"param_name":"sub","param_value_internal":1,"distribution":"{\"name\": \"CategoricalDistribution\", \"attributes\": {\"choices\": [32, 64]}}"}
{"op_code":6,"worker_id":"045c6a49-06dc-488c-a0d7-91a6937a21c5-131069414635328","trial_id":66,"state":2,"values":null,"datetime_complete":"2026-07-24T01:03:21.782686"}
{"op_code":4,"worker_id":"045c6a49-06dc-488c-a0d7-91a6937a21c5-131069414635328","study_id":0,"datetime_start":"2026-07-24T01:03:21.784705"}
{"op_code":9,"worker_id":"045c6a49-06dc-488c-a0d7-91a6937a21c5-131069414635328","trial_id":67,"system_attr":{"tpe:relative_params:0":"{\"gx\": 1, \"gy\": 2, \"k\": 128, \"m\": 32, \"n\": 256, \"sub\": 64}"}}
{"op_code":5,"worker_id":"045c6a49-06dc-488c-a0d7-91a6937a21c5-131069414635328","trial_id":67,"param_name":"m","param_value_internal":1,"distribution":"{\"name\": \"CategoricalDistribution\", \"attributes\": {\"choices\": [16, 32, 64, 128, 256]}}"}
{"op_code":5,"worker_id":"045c6a49-06dc-488c-a0d7-91a6937a21c5-131069414635328","trial_id":67,"param_name":"n","param_value_internal":4,"distribution":"{\"name\": \"CategoricalDistribution\", \"attributes\": {\"choices\": [16, 32, 64, 128, 256]}}"}
{"op_code":5,"worker_id":"045c6a49-06dc-488c-a0d7-91a6937a21c5-131069414635328","trial_id":67,"param_name":"k","param_value_internal":3,"distribution":"{\"name\": \"CategoricalDistribution\", \"attributes\": {\"choices\": [16, 32, 64, 128]}}"}
{"op_code":5,"worker_id":"045c6a49-06dc-488c-a0d7-91a6937a21c5-131069414635328","trial_id":67,"param_name":"gx","param_value_internal":0,"distribution":"{\"name\": \"CategoricalDistribution\", \"attributes\": {\"choices\": [1, 2, 4, 8]}}"}
{"op_code":5,"worker_id":"045c6a49-06dc-488c-a0d7-91a6937a21c5-131069414635328","trial_id":67,"param_name":"gy","param_value_internal":1,"distribution":"{\"name\": \"CategoricalDistribution\", \"attributes\": {\"choices\": [1, 2, 4, 8]}}"}
{"op_code":5,"worker_id":"045c6a49-06dc-488c-a0d7-91a6937a21c5-131069414635328","trial_id":67,"param_name":"sub","param_value_internal":1,"distribution":"{\"name\": \"CategoricalDistribution\", \"attributes\": {\"choices\": [32, 64]}}"}
{"op_code":6,"worker_id":"045c6a49-06dc-488c-a0d7-91a6937a21c5-131069414635328","trial_id":67,"state":2,"values":null,"datetime_complete":"2026-07-24T01:03:21.805570"}
{"op_code":4,"worker_id":"045c6a49-06dc-488c-a0d7-91a6937a21c5-131069414635328","study_id":0,"datetime_start":"2026-07-24T01:03:21.808194"}
{"op_code":9,"worker_id":"045c6a49-06dc-488c-a0d7-91a6937a21c5-131069414635328","trial_id":68,"system_attr":{"tpe:relative_params:0":"{\"gx\": 4, \"gy\": 4, \"k\": 16, \"m\": 256, \"n\": 256, \"sub\": 32}"}}
{"op_code":5,"worker_id":"045c6a49-06dc-488c-a0d7-91a6937a21c5-131069414635328","trial_id":68,"param_name":"m","param_value_internal":4,"distribution":"{\"name\": \"CategoricalDistribution\", \"attributes\": {\"choices\": [16, 32, 64, 128, 256]}}"}
{"op_code":5,"worker_id":"045c6a49-06dc-488c-a0d7-91a6937a21c5-131069414635328","trial_id":68,"param_name":"n","param_value_internal":4,"distribution":"{\"name\": \"CategoricalDistribution\", \"attributes\": {\"choices\": [16, 32, 64, 128, 256]}}"}
{"op_code":5,"worker_id":"045c6a49-06dc-488c-a0d7-91a6937a21c5-131069414635328","trial_id":68,"param_name":"k","param_value_internal":0,"distribution":"{\"name\": \"CategoricalDistribution\", \"attributes\": {\"choices\": [16, 32, 64, 128]}}"}
{"op_code":5,"worker_id":"045c6a49-06dc-488c-a0d7-91a6937a21c5-131069414635328","trial_id":68,"param_name":"gx","param_value_internal":2,"distribution":"{\"name\": \"CategoricalDistribution\", \"attributes\": {\"choices\": [1, 2, 4, 8]}}"}
{"op_code":5,"worker_id":"045c6a49-06dc-488c-a0d7-91a6937a21c5-131069414635328","trial_id":68,"param_name":"gy","param_value_internal":2,"distribution":"{\"name\": \"CategoricalDistribution\", \"attributes\": {\"choices\": [1, 2, 4, 8]}}"}
{"op_code":5,"worker_id":"045c6a49-06dc-488c-a0d7-91a6937a21c5-131069414635328","trial_id":68,"param_name":"sub","param_value_internal":0,"distribution":"{\"name\": \"CategoricalDistribution\", \"attributes\": {\"choices\": [32, 64]}}"}
{"op_code":8,"worker_id":"045c6a49-06dc-488c-a0d7-91a6937a21c5-131069414635328","trial_id":68,"user_attr":{"token":"tsweep_t256x256k16g44s32"}}
{"op_code":4,"worker_id":"045c6a49-06dc-488c-a0d7-91a6937a21c5-131069414635328","study_id":0,"datetime_start":"2026-07-24T01:03:21.835435"}
{"op_code":9,"worker_id":"045c6a49-06dc-488c-a0d7-91a6937a21c5-131069414635328","trial_id":69,"system_attr":{"tpe:relative_params:0":"{\"gx\": 4, \"gy\": 1, \"k\": 128, \"m\": 64, \"n\": 64, \"sub\": 32}"}}
{"op_code":5,"worker_id":"045c6a49-06dc-488c-a0d7-91a6937a21c5-131069414635328","trial_id":69,"param_name":"m","param_value_internal":2,"distribution":"{\"name\": \"CategoricalDistribution\", \"attributes\": {\"choices\": [16, 32, 64, 128, 256]}}"}
{"op_code":5,"worker_id":"045c6a49-06dc-488c-a0d7-91a6937a21c5-131069414635328","trial_id":69,"param_name":"n","param_value_internal":2,"distribution":"{\"name\": \"CategoricalDistribution\", \"attributes\": {\"choices\": [16, 32, 64, 128, 256]}}"}
{"op_code":5,"worker_id":"045c6a49-06dc-488c-a0d7-91a6937a21c5-131069414635328","trial_id":69,"param_name":"k","param_value_internal":3,"distribution":"{\"name\": \"CategoricalDistribution\", \"attributes\": {\"choices\": [16, 32, 64, 128]}}"}
{"op_code":5,"worker_id":"045c6a49-06dc-488c-a0d7-91a6937a21c5-131069414635328","trial_id":69,"param_name":"gx","param_value_internal":2,"distribution":"{\"name\": \"CategoricalDistribution\", \"attributes\": {\"choices\": [1, 2, 4, 8]}}"}
{"op_code":5,"worker_id":"045c6a49-06dc-488c-a0d7-91a6937a21c5-131069414635328","trial_id":69,"param_name":"gy","param_value_internal":0,"distribution":"{\"name\": \"CategoricalDistribution\", \"attributes\": {\"choices\": [1, 2, 4, 8]}}"}
{"op_code":5,"worker_id":"045c6a49-06dc-488c-a0d7-91a6937a21c5-131069414635328","trial_id":69,"param_name":"sub","param_value_internal":0,"distribution":"{\"name\": \"CategoricalDistribution\", \"attributes\": {\"choices\": [32, 64]}}"}
{"op_code":6,"worker_id":"045c6a49-06dc-488c-a0d7-91a6937a21c5-131069414635328","trial_id":69,"state":2,"values":null,"datetime_complete":"2026-07-24T01:03:21.857794"}
{"op_code":4,"worker_id":"045c6a49-06dc-488c-a0d7-91a6937a21c5-131069414635328","study_id":0,"datetime_start":"2026-07-24T01:03:21.859939"}
{"op_code":9,"worker_id":"045c6a49-06dc-488c-a0d7-91a6937a21c5-131069414635328","trial_id":70,"system_attr":{"tpe:relative_params:0":"{\"gx\": 8, \"gy\": 2, \"k\": 32, \"m\": 256, \"n\": 64, \"sub\": 64}"}}
{"op_code":5,"worker_id":"045c6a49-06dc-488c-a0d7-91a6937a21c5-131069414635328","trial_id":70,"param_name":"m","param_value_internal":4,"distribution":"{\"name\": \"CategoricalDistribution\", \"attributes\": {\"choices\": [16, 32, 64, 128, 256]}}"}
{"op_code":5,"worker_id":"045c6a49-06dc-488c-a0d7-91a6937a21c5-131069414635328","trial_id":70,"param_name":"n","param_value_internal":2,"distribution":"{\"name\": \"CategoricalDistribution\", \"attributes\": {\"choices\": [16, 32, 64, 128, 256]}}"}
{"op_code":5,"worker_id":"045c6a49-06dc-488c-a0d7-91a6937a21c5-131069414635328","trial_id":70,"param_name":"k","param_value_internal":1,"distribution":"{\"name\": \"CategoricalDistribution\", \"attributes\": {\"choices\": [16, 32, 64, 128]}}"}
{"op_code":5,"worker_id":"045c6a49-06dc-488c-a0d7-91a6937a21c5-131069414635328","trial_id":70,"param_name":"gx","param_value_internal":3,"distribution":"{\"name\": \"CategoricalDistribution\", \"attributes\": {\"choices\": [1, 2, 4, 8]}}"}
{"op_code":5,"worker_id":"045c6a49-06dc-488c-a0d7-91a6937a21c5-131069414635328","trial_id":70,"param_name":"gy","param_value_internal":1,"distribution":"{\"name\": \"CategoricalDistribution\", \"attributes\": {\"choices\": [1, 2, 4, 8]}}"}
{"op_code":5,"worker_id":"045c6a49-06dc-488c-a0d7-91a6937a21c5-131069414635328","trial_id":70,"param_name":"sub","param_value_internal":1,"distribution":"{\"name\": \"CategoricalDistribution\", \"attributes\": {\"choices\": [32, 64]}}"}
{"op_code":6,"worker_id":"045c6a49-06dc-488c-a0d7-91a6937a21c5-131069414635328","trial_id":70,"state":2,"values":null,"datetime_complete":"2026-07-24T01:03:21.879041"}
{"op_code":4,"worker_id":"045c6a49-06dc-488c-a0d7-91a6937a21c5-131069414635328","study_id":0,"datetime_start":"2026-07-24T01:03:21.881037"}
{"op_code":9,"worker_id":"045c6a49-06dc-488c-a0d7-91a6937a21c5-131069414635328","trial_id":71,"system_attr":{"tpe:relative_params:0":"{\"gx\": 4, \"gy\": 4, \"k\": 128, \"m\": 16, \"n\": 16, \"sub\": 64}"}}
{"op_code":5,"worker_id":"045c6a49-06dc-488c-a0d7-91a6937a21c5-131069414635328","trial_id":71,"param_name":"m","param_value_internal":0,"distribution":"{\"name\": \"CategoricalDistribution\", \"attributes\": {\"choices\": [16, 32, 64, 128, 256]}}"}
{"op_code":5,"worker_id":"045c6a49-06dc-488c-a0d7-91a6937a21c5-131069414635328","trial_id":71,"param_name":"n","param_value_internal":0,"distribution":"{\"name\": \"CategoricalDistribution\", \"attributes\": {\"choices\": [16, 32, 64, 128, 256]}}"}
{"op_code":5,"worker_id":"045c6a49-06dc-488c-a0d7-91a6937a21c5-131069414635328","trial_id":71,"param_name":"k","param_value_internal":3,"distribution":"{\"name\": \"CategoricalDistribution\", \"attributes\": {\"choices\": [16, 32, 64, 128]}}"}
{"op_code":5,"worker_id":"045c6a49-06dc-488c-a0d7-91a6937a21c5-131069414635328","trial_id":71,"param_name":"gx","param_value_internal":2,"distribution":"{\"name\": \"CategoricalDistribution\", \"attributes\": {\"choices\": [1, 2, 4, 8]}}"}
{"op_code":5,"worker_id":"045c6a49-06dc-488c-a0d7-91a6937a21c5-131069414635328","trial_id":71,"param_name":"gy","param_value_internal":2,"distribution":"{\"name\": \"CategoricalDistribution\", \"attributes\": {\"choices\": [1, 2, 4, 8]}}"}
{"op_code":5,"worker_id":"045c6a49-06dc-488c-a0d7-91a6937a21c5-131069414635328","trial_id":71,"param_name":"sub","param_value_internal":1,"distribution":"{\"name\": \"CategoricalDistribution\", \"attributes\": {\"choices\": [32, 64]}}"}
{"op_code":6,"worker_id":"045c6a49-06dc-488c-a0d7-91a6937a21c5-131069414635328","trial_id":71,"state":2,"values":null,"datetime_complete":"2026-07-24T01:03:21.900251"}
{"op_code":4,"worker_id":"045c6a49-06dc-488c-a0d7-91a6937a21c5-131069414635328","study_id":0,"datetime_start":"2026-07-24T01:03:21.902223"}
{"op_code":9,"worker_id":"045c6a49-06dc-488c-a0d7-91a6937a21c5-131069414635328","trial_id":72,"system_attr":{"tpe:relative_params:0":"{\"gx\": 2, \"gy\": 1, \"k\": 128, \"m\": 16, \"n\": 32, \"sub\": 64}"}}
{"op_code":5,"worker_id":"045c6a49-06dc-488c-a0d7-91a6937a21c5-131069414635328","trial_id":72,"param_name":"m","param_value_internal":0,"distribution":"{\"name\": \"CategoricalDistribution\", \"attributes\": {\"choices\": [16, 32, 64, 128, 256]}}"}
{"op_code":5,"worker_id":"045c6a49-06dc-488c-a0d7-91a6937a21c5-131069414635328","trial_id":72,"param_name":"n","param_value_internal":1,"distribution":"{\"name\": \"CategoricalDistribution\", \"attributes\": {\"choices\": [16, 32, 64, 128, 256]}}"}
{"op_code":5,"worker_id":"045c6a49-06dc-488c-a0d7-91a6937a21c5-131069414635328","trial_id":72,"param_name":"k","param_value_internal":3,"distribution":"{\"name\": \"CategoricalDistribution\", \"attributes\": {\"choices\": [16, 32, 64, 128]}}"}
{"op_code":5,"worker_id":"045c6a49-06dc-488c-a0d7-91a6937a21c5-131069414635328","trial_id":72,"param_name":"gx","param_value_internal":1,"distribution":"{\"name\": \"CategoricalDistribution\", \"attributes\": {\"choices\": [1, 2, 4, 8]}}"}
{"op_code":5,"worker_id":"045c6a49-06dc-488c-a0d7-91a6937a21c5-131069414635328","trial_id":72,"param_name":"gy","param_value_internal":0,"distribution":"{\"name\": \"CategoricalDistribution\", \"attributes\": {\"choices\": [1, 2, 4, 8]}}"}
{"op_code":5,"worker_id":"045c6a49-06dc-488c-a0d7-91a6937a21c5-131069414635328","trial_id":72,"param_name":"sub","param_value_internal":1,"distribution":"{\"name\": \"CategoricalDistribution\", \"attributes\": {\"choices\": [32, 64]}}"}
{"op_code":8,"worker_id":"045c6a49-06dc-488c-a0d7-91a6937a21c5-131069414635328","trial_id":72,"user_attr":{"token":"tsweep_t16x32k128g21s64"}}
{"op_code":4,"worker_id":"045c6a49-06dc-488c-a0d7-91a6937a21c5-131069414635328","study_id":0,"datetime_start":"2026-07-24T01:03:21.923770"}
{"op_code":9,"worker_id":"045c6a49-06dc-488c-a0d7-91a6937a21c5-131069414635328","trial_id":73,"system_attr":{"tpe:relative_params:0":"{\"gx\": 2, \"gy\": 2, \"k\": 16, \"m\": 32, \"n\": 256, \"sub\": 32}"}}
{"op_code":5,"worker_id":"045c6a49-06dc-488c-a0d7-91a6937a21c5-131069414635328","trial_id":73,"param_name":"m","param_value_internal":1,"distribution":"{\"name\": \"CategoricalDistribution\", \"attributes\": {\"choices\": [16, 32, 64, 128, 256]}}"}
{"op_code":5,"worker_id":"045c6a49-06dc-488c-a0d7-91a6937a21c5-131069414635328","trial_id":73,"param_name":"n","param_value_internal":4,"distribution":"{\"name\": \"CategoricalDistribution\", \"attributes\": {\"choices\": [16, 32, 64, 128, 256]}}"}
{"op_code":5,"worker_id":"045c6a49-06dc-488c-a0d7-91a6937a21c5-131069414635328","trial_id":73,"param_name":"k","param_value_internal":0,"distribution":"{\"name\": \"CategoricalDistribution\", \"attributes\": {\"choices\": [16, 32, 64, 128]}}"}
{"op_code":5,"worker_id":"045c6a49-06dc-488c-a0d7-91a6937a21c5-131069414635328","trial_id":73,"param_name":"gx","param_value_internal":1,"distribution":"{\"name\": \"CategoricalDistribution\", \"attributes\": {\"choices\": [1, 2, 4, 8]}}"}
{"op_code":5,"worker_id":"045c6a49-06dc-488c-a0d7-91a6937a21c5-131069414635328","trial_id":73,"param_name":"gy","param_value_internal":1,"distribution":"{\"name\": \"CategoricalDistribution\", \"attributes\": {\"choices\": [1, 2, 4, 8]}}"}
{"op_code":5,"worker_id":"045c6a49-06dc-488c-a0d7-91a6937a21c5-131069414635328","trial_id":73,"param_name":"sub","param_value_internal":0,"distribution":"{\"name\": \"CategoricalDistribution\", \"attributes\": {\"choices\": [32, 64]}}"}
{"op_code":6,"worker_id":"045c6a49-06dc-488c-a0d7-91a6937a21c5-131069414635328","trial_id":73,"state":2,"values":null,"datetime_complete":"2026-07-24T01:03:21.943060"}
{"op_code":4,"worker_id":"045c6a49-06dc-488c-a0d7-91a6937a21c5-131069414635328","study_id":0,"datetime_start":"2026-07-24T01:03:21.945100"}
{"op_code":9,"worker_id":"045c6a49-06dc-488c-a0d7-91a6937a21c5-131069414635328","trial_id":74,"system_attr":{"tpe:relative_params:0":"{\"gx\": 2, \"gy\": 4, \"k\": 128, \"m\": 256, \"n\": 64, \"sub\": 64}"}}
{"op_code":5,"worker_id":"045c6a49-06dc-488c-a0d7-91a6937a21c5-131069414635328","trial_id":74,"param_name":"m","param_value_internal":4,"distribution":"{\"name\": \"CategoricalDistribution\", \"attributes\": {\"choices\": [16, 32, 64, 128, 256]}}"}
{"op_code":5,"worker_id":"045c6a49-06dc-488c-a0d7-91a6937a21c5-131069414635328","trial_id":74,"param_name":"n","param_value_internal":2,"distribution":"{\"name\": \"CategoricalDistribution\", \"attributes\": {\"choices\": [16, 32, 64, 128, 256]}}"}
{"op_code":5,"worker_id":"045c6a49-06dc-488c-a0d7-91a6937a21c5-131069414635328","trial_id":74,"param_name":"k","param_value_internal":3,"distribution":"{\"name\": \"CategoricalDistribution\", \"attributes\": {\"choices\": [16, 32, 64, 128]}}"}
{"op_code":5,"worker_id":"045c6a49-06dc-488c-a0d7-91a6937a21c5-131069414635328","trial_id":74,"param_name":"gx","param_value_internal":1,"distribution":"{\"name\": \"CategoricalDistribution\", \"attributes\": {\"choices\": [1, 2, 4, 8]}}"}
{"op_code":5,"worker_id":"045c6a49-06dc-488c-a0d7-91a6937a21c5-131069414635328","trial_id":74,"param_name":"gy","param_value_internal":2,"distribution":"{\"name\": \"CategoricalDistribution\", \"attributes\": {\"choices\": [1, 2, 4, 8]}}"}
{"op_code":5,"worker_id":"045c6a49-06dc-488c-a0d7-91a6937a21c5-131069414635328","trial_id":74,"param_name":"sub","param_value_internal":1,"distribution":"{\"name\": \"CategoricalDistribution\", \"attributes\": {\"choices\": [32, 64]}}"}
{"op_code":6,"worker_id":"045c6a49-06dc-488c-a0d7-91a6937a21c5-131069414635328","trial_id":74,"state":2,"values":null,"datetime_complete":"2026-07-24T01:03:21.965388"}
{"op_code":4,"worker_id":"045c6a49-06dc-488c-a0d7-91a6937a21c5-131069414635328","study_id":0,"datetime_start":"2026-07-24T01:03:21.967409"}
{"op_code":9,"worker_id":"045c6a49-06dc-488c-a0d7-91a6937a21c5-131069414635328","trial_id":75,"system_attr":{"tpe:relative_params:0":"{\"gx\": 2, \"gy\": 2, \"k\": 64, \"m\": 256, \"n\": 32, \"sub\": 64}"}}
{"op_code":5,"worker_id":"045c6a49-06dc-488c-a0d7-91a6937a21c5-131069414635328","trial_id":75,"param_name":"m","param_value_internal":4,"distribution":"{\"name\": \"CategoricalDistribution\", \"attributes\": {\"choices\": [16, 32, 64, 128, 256]}}"}
{"op_code":5,"worker_id":"045c6a49-06dc-488c-a0d7-91a6937a21c5-131069414635328","trial_id":75,"param_name":"n","param_value_internal":1,"distribution":"{\"name\": \"CategoricalDistribution\", \"attributes\": {\"choices\": [16, 32, 64, 128, 256]}}"}
{"op_code":5,"worker_id":"045c6a49-06dc-488c-a0d7-91a6937a21c5-131069414635328","trial_id":75,"param_name":"k","param_value_internal":2,"distribution":"{\"name\": \"CategoricalDistribution\", \"attributes\": {\"choices\": [16, 32, 64, 128]}}"}
{"op_code":5,"worker_id":"045c6a49-06dc-488c-a0d7-91a6937a21c5-131069414635328","trial_id":75,"param_name":"gx","param_value_internal":1,"distribution":"{\"name\": \"CategoricalDistribution\", \"attributes\": {\"choices\": [1, 2, 4, 8]}}"}
{"op_code":5,"worker_id":"045c6a49-06dc-488c-a0d7-91a6937a21c5-131069414635328","trial_id":75,"param_name":"gy","param_value_internal":1,"distribution":"{\"name\": \"CategoricalDistribution\", \"attributes\": {\"choices\": [1, 2, 4, 8]}}"}
{"op_code":5,"worker_id":"045c6a49-06dc-488c-a0d7-91a6937a21c5-131069414635328","trial_id":75,"param_name":"sub","param_value_internal":1,"distribution":"{\"name\": \"CategoricalDistribution\", \"attributes\": {\"choices\": [32, 64]}}"}
{"op_code":6,"worker_id":"045c6a49-06dc-488c-a0d7-91a6937a21c5-131069414635328","trial_id":75,"state":2,"values":null,"datetime_complete":"2026-07-24T01:03:21.987940"}
{"op_code":4,"worker_id":"045c6a49-06dc-488c-a0d7-91a6937a21c5-131069414635328","study_id":0,"datetime_start":"2026-07-24T01:03:21.989878"}
{"op_code":9,"worker_id":"045c6a49-06dc-488c-a0d7-91a6937a21c5-131069414635328","trial_id":76,"system_attr":{"tpe:relative_params:0":"{\"gx\": 2, \"gy\": 1, \"k\": 64, \"m\": 256, \"n\": 32, \"sub\": 64}"}}
{"op_code":5,"worker_id":"045c6a49-06dc-488c-a0d7-91a6937a21c5-131069414635328","trial_id":76,"param_name":"m","param_value_internal":4,"distribution":"{\"name\": \"CategoricalDistribution\", \"attributes\": {\"choices\": [16, 32, 64, 128, 256]}}"}
{"op_code":5,"worker_id":"045c6a49-06dc-488c-a0d7-91a6937a21c5-131069414635328","trial_id":76,"param_name":"n","param_value_internal":1,"distribution":"{\"name\": \"CategoricalDistribution\", \"attributes\": {\"choices\": [16, 32, 64, 128, 256]}}"}
{"op_code":5,"worker_id":"045c6a49-06dc-488c-a0d7-91a6937a21c5-131069414635328","trial_id":76,"param_name":"k","param_value_internal":2,"distribution":"{\"name\": \"CategoricalDistribution\", \"attributes\": {\"choices\": [16, 32, 64, 128]}}"}
{"op_code":5,"worker_id":"045c6a49-06dc-488c-a0d7-91a6937a21c5-131069414635328","trial_id":76,"param_name":"gx","param_value_internal":1,"distribution":"{\"name\": \"CategoricalDistribution\", \"attributes\": {\"choices\": [1, 2, 4, 8]}}"}
{"op_code":5,"worker_id":"045c6a49-06dc-488c-a0d7-91a6937a21c5-131069414635328","trial_id":76,"param_name":"gy","param_value_internal":0,"distribution":"{\"name\": \"CategoricalDistribution\", \"attributes\": {\"choices\": [1, 2, 4, 8]}}"}
{"op_code":5,"worker_id":"045c6a49-06dc-488c-a0d7-91a6937a21c5-131069414635328","trial_id":76,"param_name":"sub","param_value_internal":1,"distribution":"{\"name\": \"CategoricalDistribution\", \"attributes\": {\"choices\": [32, 64]}}"}
{"op_code":6,"worker_id":"045c6a49-06dc-488c-a0d7-91a6937a21c5-131069414635328","trial_id":76,"state":2,"values":null,"datetime_complete":"2026-07-24T01:03:22.010221"}
{"op_code":4,"worker_id":"045c6a49-06dc-488c-a0d7-91a6937a21c5-131069414635328","study_id":0,"datetime_start":"2026-07-24T01:03:22.012275"}
{"op_code":9,"worker_id":"045c6a49-06dc-488c-a0d7-91a6937a21c5-131069414635328","trial_id":77,"system_attr":{"tpe:relative_params:0":"{\"gx\": 1, \"gy\": 2, \"k\": 128, \"m\": 256, \"n\": 32, \"sub\": 32}"}}
{"op_code":5,"worker_id":"045c6a49-06dc-488c-a0d7-91a6937a21c5-131069414635328","trial_id":77,"param_name":"m","param_value_internal":4,"distribution":"{\"name\": \"CategoricalDistribution\", \"attributes\": {\"choices\": [16, 32, 64, 128, 256]}}"}
{"op_code":5,"worker_id":"045c6a49-06dc-488c-a0d7-91a6937a21c5-131069414635328","trial_id":77,"param_name":"n","param_value_internal":1,"distribution":"{\"name\": \"CategoricalDistribution\", \"attributes\": {\"choices\": [16, 32, 64, 128, 256]}}"}
{"op_code":5,"worker_id":"045c6a49-06dc-488c-a0d7-91a6937a21c5-131069414635328","trial_id":77,"param_name":"k","param_value_internal":3,"distribution":"{\"name\": \"CategoricalDistribution\", \"attributes\": {\"choices\": [16, 32, 64, 128]}}"}
{"op_code":5,"worker_id":"045c6a49-06dc-488c-a0d7-91a6937a21c5-131069414635328","trial_id":77,"param_name":"gx","param_value_internal":0,"distribution":"{\"name\": \"CategoricalDistribution\", \"attributes\": {\"choices\": [1, 2, 4, 8]}}"}
{"op_code":5,"worker_id":"045c6a49-06dc-488c-a0d7-91a6937a21c5-131069414635328","trial_id":77,"param_name":"gy","param_value_internal":1,"distribution":"{\"name\": \"CategoricalDistribution\", \"attributes\": {\"choices\": [1, 2, 4, 8]}}"}
{"op_code":5,"worker_id":"045c6a49-06dc-488c-a0d7-91a6937a21c5-131069414635328","trial_id":77,"param_name":"sub","param_value_internal":0,"distribution":"{\"name\": \"CategoricalDistribution\", \"attributes\": {\"choices\": [32, 64]}}"}
{"op_code":6,"worker_id":"045c6a49-06dc-488c-a0d7-91a6937a21c5-131069414635328","trial_id":77,"state":2,"values":null,"datetime_complete":"2026-07-24T01:03:22.030856"}
{"op_code":4,"worker_id":"045c6a49-06dc-488c-a0d7-91a6937a21c5-131069414635328","study_id":0,"datetime_start":"2026-07-24T01:03:22.032907"}
{"op_code":9,"worker_id":"045c6a49-06dc-488c-a0d7-91a6937a21c5-131069414635328","trial_id":78,"system_attr":{"tpe:relative_params:0":"{\"gx\": 4, \"gy\": 1, \"k\": 64, \"m\": 16, \"n\": 16, \"sub\": 32}"}}
{"op_code":5,"worker_id":"045c6a49-06dc-488c-a0d7-91a6937a21c5-131069414635328","trial_id":78,"param_name":"m","param_value_internal":0,"distribution":"{\"name\": \"CategoricalDistribution\", \"attributes\": {\"choices\": [16, 32, 64, 128, 256]}}"}
{"op_code":5,"worker_id":"045c6a49-06dc-488c-a0d7-91a6937a21c5-131069414635328","trial_id":78,"param_name":"n","param_value_internal":0,"distribution":"{\"name\": \"CategoricalDistribution\", \"attributes\": {\"choices\": [16, 32, 64, 128, 256]}}"}
{"op_code":5,"worker_id":"045c6a49-06dc-488c-a0d7-91a6937a21c5-131069414635328","trial_id":78,"param_name":"k","param_value_internal":2,"distribution":"{\"name\": \"CategoricalDistribution\", \"attributes\": {\"choices\": [16, 32, 64, 128]}}"}
{"op_code":5,"worker_id":"045c6a49-06dc-488c-a0d7-91a6937a21c5-131069414635328","trial_id":78,"param_name":"gx","param_value_internal":2,"distribution":"{\"name\": \"CategoricalDistribution\", \"attributes\": {\"choices\": [1, 2, 4, 8]}}"}
{"op_code":5,"worker_id":"045c6a49-06dc-488c-a0d7-91a6937a21c5-131069414635328","trial_id":78,"param_name":"gy","param_value_internal":0,"distribution":"{\"name\": \"CategoricalDistribution\", \"attributes\": {\"choices\": [1, 2, 4, 8]}}"}
{"op_code":5,"worker_id":"045c6a49-06dc-488c-a0d7-91a6937a21c5-131069414635328","trial_id":78,"param_name":"sub","param_value_internal":0,"distribution":"{\"name\": \"CategoricalDistribution\", \"attributes\": {\"choices\": [32, 64]}}"}
{"op_code":6,"worker_id":"045c6a49-06dc-488c-a0d7-91a6937a21c5-131069414635328","trial_id":78,"state":2,"values":null,"datetime_complete":"2026-07-24T01:03:22.050524"}
{"op_code":4,"worker_id":"045c6a49-06dc-488c-a0d7-91a6937a21c5-131069414635328","study_id":0,"datetime_start":"2026-07-24T01:03:22.052174"}
{"op_code":9,"worker_id":"045c6a49-06dc-488c-a0d7-91a6937a21c5-131069414635328","trial_id":79,"system_attr":{"tpe:relative_params:0":"{\"gx\": 4, \"gy\": 4, \"k\": 64, \"m\": 256, \"n\": 128, \"sub\": 32}"}}
{"op_code":5,"worker_id":"045c6a49-06dc-488c-a0d7-91a6937a21c5-131069414635328","trial_id":79,"param_name":"m","param_value_internal":4,"distribution":"{\"name\": \"CategoricalDistribution\", \"attributes\": {\"choices\": [16, 32, 64, 128, 256]}}"}
{"op_code":5,"worker_id":"045c6a49-06dc-488c-a0d7-91a6937a21c5-131069414635328","trial_id":79,"param_name":"n","param_value_internal":3,"distribution":"{\"name\": \"CategoricalDistribution\", \"attributes\": {\"choices\": [16, 32, 64, 128, 256]}}"}
{"op_code":5,"worker_id":"045c6a49-06dc-488c-a0d7-91a6937a21c5-131069414635328","trial_id":79,"param_name":"k","param_value_internal":2,"distribution":"{\"name\": \"CategoricalDistribution\", \"attributes\": {\"choices\": [16, 32, 64, 128]}}"}
{"op_code":5,"worker_id":"045c6a49-06dc-488c-a0d7-91a6937a21c5-131069414635328","trial_id":79,"param_name":"gx","param_value_internal":2,"distribution":"{\"name\": \"CategoricalDistribution\", \"attributes\": {\"choices\": [1, 2, 4, 8]}}"}
{"op_code":5,"worker_id":"045c6a49-06dc-488c-a0d7-91a6937a21c5-131069414635328","trial_id":79,"param_name":"gy","param_value_internal":2,"distribution":"{\"name\": \"CategoricalDistribution\", \"attributes\": {\"choices\": [1, 2, 4, 8]}}"}
{"op_code":5,"worker_id":"045c6a49-06dc-488c-a0d7-91a6937a21c5-131069414635328","trial_id":79,"param_name":"sub","param_value_internal":0,"distribution":"{\"name\": \"CategoricalDistribution\", \"attributes\": {\"choices\": [32, 64]}}"}
{"op_code":6,"worker_id":"045c6a49-06dc-488c-a0d7-91a6937a21c5-131069414635328","trial_id":79,"state":2,"values":null,"datetime_complete":"2026-07-24T01:03:22.070340"}
{"op_code":4,"worker_id":"045c6a49-06dc-488c-a0d7-91a6937a21c5-131069414635328","study_id":0,"datetime_start":"2026-07-24T01:03:22.072312"}
{"op_code":9,"worker_id":"045c6a49-06dc-488c-a0d7-91a6937a21c5-131069414635328","trial_id":80,"system_attr":{"tpe:relative_params:0":"{\"gx\": 1, \"gy\": 4, \"k\": 128, \"m\": 128, \"n\": 64, \"sub\": 64}"}}
{"op_code":5,"worker_id":"045c6a49-06dc-488c-a0d7-91a6937a21c5-131069414635328","trial_id":80,"param_name":"m","param_value_internal":3,"distribution":"{\"name\": \"CategoricalDistribution\", \"attributes\": {\"choices\": [16, 32, 64, 128, 256]}}"}
{"op_code":5,"worker_id":"045c6a49-06dc-488c-a0d7-91a6937a21c5-131069414635328","trial_id":80,"param_name":"n","param_value_internal":2,"distribution":"{\"name\": \"CategoricalDistribution\", \"attributes\": {\"choices\": [16, 32, 64, 128, 256]}}"}
{"op_code":5,"worker_id":"045c6a49-06dc-488c-a0d7-91a6937a21c5-131069414635328","trial_id":80,"param_name":"k","param_value_internal":3,"distribution":"{\"name\": \"CategoricalDistribution\", \"attributes\": {\"choices\": [16, 32, 64, 128]}}"}
{"op_code":5,"worker_id":"045c6a49-06dc-488c-a0d7-91a6937a21c5-131069414635328","trial_id":80,"param_name":"gx","param_value_internal":0,"distribution":"{\"name\": \"CategoricalDistribution\", \"attributes\": {\"choices\": [1, 2, 4, 8]}}"}
{"op_code":5,"worker_id":"045c6a49-06dc-488c-a0d7-91a6937a21c5-131069414635328","trial_id":80,"param_name":"gy","param_value_internal":2,"distribution":"{\"name\": \"CategoricalDistribution\", \"attributes\": {\"choices\": [1, 2, 4, 8]}}"}
{"op_code":5,"worker_id":"045c6a49-06dc-488c-a0d7-91a6937a21c5-131069414635328","trial_id":80,"param_name":"sub","param_value_internal":1,"distribution":"{\"name\": \"CategoricalDistribution\", \"attributes\": {\"choices\": [32, 64]}}"}
{"op_code":6,"worker_id":"045c6a49-06dc-488c-a0d7-91a6937a21c5-131069414635328","trial_id":80,"state":2,"values":null,"datetime_complete":"2026-07-24T01:03:22.090742"}
{"op_code":4,"worker_id":"045c6a49-06dc-488c-a0d7-91a6937a21c5-131069414635328","study_id":0,"datetime_start":"2026-07-24T01:03:22.092559"}
{"op_code":9,"worker_id":"045c6a49-06dc-488c-a0d7-91a6937a21c5-131069414635328","trial_id":81,"system_attr":{"tpe:relative_params:0":"{\"gx\": 2, \"gy\": 8, \"k\": 64, \"m\": 256, \"n\": 256, \"sub\": 64}"}}
{"op_code":5,"worker_id":"045c6a49-06dc-488c-a0d7-91a6937a21c5-131069414635328","trial_id":81,"param_name":"m","param_value_internal":4,"distribution":"{\"name\": \"CategoricalDistribution\", \"attributes\": {\"choices\": [16, 32, 64, 128, 256]}}"}
{"op_code":5,"worker_id":"045c6a49-06dc-488c-a0d7-91a6937a21c5-131069414635328","trial_id":81,"param_name":"n","param_value_internal":4,"distribution":"{\"name\": \"CategoricalDistribution\", \"attributes\": {\"choices\": [16, 32, 64, 128, 256]}}"}
{"op_code":5,"worker_id":"045c6a49-06dc-488c-a0d7-91a6937a21c5-131069414635328","trial_id":81,"param_name":"k","param_value_internal":2,"distribution":"{\"name\": \"CategoricalDistribution\", \"attributes\": {\"choices\": [16, 32, 64, 128]}}"}
{"op_code":5,"worker_id":"045c6a49-06dc-488c-a0d7-91a6937a21c5-131069414635328","trial_id":81,"param_name":"gx","param_value_internal":1,"distribution":"{\"name\": \"CategoricalDistribution\", \"attributes\": {\"choices\": [1, 2, 4, 8]}}"}
{"op_code":5,"worker_id":"045c6a49-06dc-488c-a0d7-91a6937a21c5-131069414635328","trial_id":81,"param_name":"gy","param_value_internal":3,"distribution":"{\"name\": \"CategoricalDistribution\", \"attributes\": {\"choices\": [1, 2, 4, 8]}}"}
{"op_code":5,"worker_id":"045c6a49-06dc-488c-a0d7-91a6937a21c5-131069414635328","trial_id":81,"param_name":"sub","param_value_internal":1,"distribution":"{\"name\": \"CategoricalDistribution\", \"attributes\": {\"choices\": [32, 64]}}"}
{"op_code":6,"worker_id":"045c6a49-06dc-488c-a0d7-91a6937a21c5-131069414635328","trial_id":81,"state":2,"values":null,"datetime_complete":"2026-07-24T01:03:22.112074"}
{"op_code":4,"worker_id":"045c6a49-06dc-488c-a0d7-91a6937a21c5-131069414635328","study_id":0,"datetime_start":"2026-07-24T01:03:22.114275"}
{"op_code":9,"worker_id":"045c6a49-06dc-488c-a0d7-91a6937a21c5-131069414635328","trial_id":82,"system_attr":{"tpe:relative_params:0":"{\"gx\": 4, \"gy\": 2, \"k\": 64, \"m\": 16, \"n\": 32, \"sub\": 64}"}}
{"op_code":5,"worker_id":"045c6a49-06dc-488c-a0d7-91a6937a21c5-131069414635328","trial_id":82,"param_name":"m","param_value_internal":0,"distribution":"{\"name\": \"CategoricalDistribution\", \"attributes\": {\"choices\": [16, 32, 64, 128, 256]}}"}
{"op_code":5,"worker_id":"045c6a49-06dc-488c-a0d7-91a6937a21c5-131069414635328","trial_id":82,"param_name":"n","param_value_internal":1,"distribution":"{\"name\": \"CategoricalDistribution\", \"attributes\": {\"choices\": [16, 32, 64, 128, 256]}}"}
{"op_code":5,"worker_id":"045c6a49-06dc-488c-a0d7-91a6937a21c5-131069414635328","trial_id":82,"param_name":"k","param_value_internal":2,"distribution":"{\"name\": \"CategoricalDistribution\", \"attributes\": {\"choices\": [16, 32, 64, 128]}}"}
{"op_code":5,"worker_id":"045c6a49-06dc-488c-a0d7-91a6937a21c5-131069414635328","trial_id":82,"param_name":"gx","param_value_internal":2,"distribution":"{\"name\": \"CategoricalDistribution\", \"attributes\": {\"choices\": [1, 2, 4, 8]}}"}
{"op_code":5,"worker_id":"045c6a49-06dc-488c-a0d7-91a6937a21c5-131069414635328","trial_id":82,"param_name":"gy","param_value_internal":1,"distribution":"{\"name\": \"CategoricalDistribution\", \"attributes\": {\"choices\": [1, 2, 4, 8]}}"}
{"op_code":5,"worker_id":"045c6a49-06dc-488c-a0d7-91a6937a21c5-131069414635328","trial_id":82,"param_name":"sub","param_value_internal":1,"distribution":"{\"name\": \"CategoricalDistribution\", \"attributes\": {\"choices\": [32, 64]}}"}
{"op_code":6,"worker_id":"045c6a49-06dc-488c-a0d7-91a6937a21c5-131069414635328","trial_id":82,"state":2,"values":null,"datetime_complete":"2026-07-24T01:03:22.133399"}
{"op_code":4,"worker_id":"045c6a49-06dc-488c-a0d7-91a6937a21c5-131069414635328","study_id":0,"datetime_start":"2026-07-24T01:03:22.135273"}
{"op_code":9,"worker_id":"045c6a49-06dc-488c-a0d7-91a6937a21c5-131069414635328","trial_id":83,"system_attr":{"tpe:relative_params:0":"{\"gx\": 2, \"gy\": 1, \"k\": 64, \"m\": 16, \"n\": 64, \"sub\": 64}"}}
{"op_code":5,"worker_id":"045c6a49-06dc-488c-a0d7-91a6937a21c5-131069414635328","trial_id":83,"param_name":"m","param_value_internal":0,"distribution":"{\"name\": \"CategoricalDistribution\", \"attributes\": {\"choices\": [16, 32, 64, 128, 256]}}"}
{"op_code":5,"worker_id":"045c6a49-06dc-488c-a0d7-91a6937a21c5-131069414635328","trial_id":83,"param_name":"n","param_value_internal":2,"distribution":"{\"name\": \"CategoricalDistribution\", \"attributes\": {\"choices\": [16, 32, 64, 128, 256]}}"}
{"op_code":5,"worker_id":"045c6a49-06dc-488c-a0d7-91a6937a21c5-131069414635328","trial_id":83,"param_name":"k","param_value_internal":2,"distribution":"{\"name\": \"CategoricalDistribution\", \"attributes\": {\"choices\": [16, 32, 64, 128]}}"}
{"op_code":5,"worker_id":"045c6a49-06dc-488c-a0d7-91a6937a21c5-131069414635328","trial_id":83,"param_name":"gx","param_value_internal":1,"distribution":"{\"name\": \"CategoricalDistribution\", \"attributes\": {\"choices\": [1, 2, 4, 8]}}"}
{"op_code":5,"worker_id":"045c6a49-06dc-488c-a0d7-91a6937a21c5-131069414635328","trial_id":83,"param_name":"gy","param_value_internal":0,"distribution":"{\"name\": \"CategoricalDistribution\", \"attributes\": {\"choices\": [1, 2, 4, 8]}}"}
{"op_code":5,"worker_id":"045c6a49-06dc-488c-a0d7-91a6937a21c5-131069414635328","trial_id":83,"param_name":"sub","param_value_internal":1,"distribution":"{\"name\": \"CategoricalDistribution\", \"attributes\": {\"choices\": [32, 64]}}"}
{"op_code":8,"worker_id":"045c6a49-06dc-488c-a0d7-91a6937a21c5-131069414635328","trial_id":83,"user_attr":{"token":"tsweep_t16x64k64g21s64"}}
{"op_code":4,"worker_id":"045c6a49-06dc-488c-a0d7-91a6937a21c5-131069414635328","study_id":0,"datetime_start":"2026-07-24T01:03:22.157048"}
{"op_code":9,"worker_id":"045c6a49-06dc-488c-a0d7-91a6937a21c5-131069414635328","trial_id":84,"system_attr":{"tpe:relative_params:0":"{\"gx\": 4, \"gy\": 4, \"k\": 16, \"m\": 64, \"n\": 16, \"sub\": 32}"}}
{"op_code":5,"worker_id":"045c6a49-06dc-488c-a0d7-91a6937a21c5-131069414635328","trial_id":84,"param_name":"m","param_value_internal":2,"distribution":"{\"name\": \"CategoricalDistribution\", \"attributes\": {\"choices\": [16, 32, 64, 128, 256]}}"}
{"op_code":5,"worker_id":"045c6a49-06dc-488c-a0d7-91a6937a21c5-131069414635328","trial_id":84,"param_name":"n","param_value_internal":0,"distribution":"{\"name\": \"CategoricalDistribution\", \"attributes\": {\"choices\": [16, 32, 64, 128, 256]}}"}
{"op_code":5,"worker_id":"045c6a49-06dc-488c-a0d7-91a6937a21c5-131069414635328","trial_id":84,"param_name":"k","param_value_internal":0,"distribution":"{\"name\": \"CategoricalDistribution\", \"attributes\": {\"choices\": [16, 32, 64, 128]}}"}
{"op_code":5,"worker_id":"045c6a49-06dc-488c-a0d7-91a6937a21c5-131069414635328","trial_id":84,"param_name":"gx","param_value_internal":2,"distribution":"{\"name\": \"CategoricalDistribution\", \"attributes\": {\"choices\": [1, 2, 4, 8]}}"}
{"op_code":5,"worker_id":"045c6a49-06dc-488c-a0d7-91a6937a21c5-131069414635328","trial_id":84,"param_name":"gy","param_value_internal":2,"distribution":"{\"name\": \"CategoricalDistribution\", \"attributes\": {\"choices\": [1, 2, 4, 8]}}"}
{"op_code":5,"worker_id":"045c6a49-06dc-488c-a0d7-91a6937a21c5-131069414635328","trial_id":84,"param_name":"sub","param_value_internal":0,"distribution":"{\"name\": \"CategoricalDistribution\", \"attributes\": {\"choices\": [32, 64]}}"}
{"op_code":6,"worker_id":"045c6a49-06dc-488c-a0d7-91a6937a21c5-131069414635328","trial_id":84,"state":2,"values":null,"datetime_complete":"2026-07-24T01:03:22.177206"}
{"op_code":4,"worker_id":"045c6a49-06dc-488c-a0d7-91a6937a21c5-131069414635328","study_id":0,"datetime_start":"2026-07-24T01:03:22.179163"}
{"op_code":9,"worker_id":"045c6a49-06dc-488c-a0d7-91a6937a21c5-131069414635328","trial_id":85,"system_attr":{"tpe:relative_params:0":"{\"gx\": 2, \"gy\": 8, \"k\": 32, \"m\": 256, \"n\": 32, \"sub\": 64}"}}
{"op_code":5,"worker_id":"045c6a49-06dc-488c-a0d7-91a6937a21c5-131069414635328","trial_id":85,"param_name":"m","param_value_internal":4,"distribution":"{\"name\": \"CategoricalDistribution\", \"attributes\": {\"choices\": [16, 32, 64, 128, 256]}}"}
{"op_code":5,"worker_id":"045c6a49-06dc-488c-a0d7-91a6937a21c5-131069414635328","trial_id":85,"param_name":"n","param_value_internal":1,"distribution":"{\"name\": \"CategoricalDistribution\", \"attributes\": {\"choices\": [16, 32, 64, 128, 256]}}"}
{"op_code":5,"worker_id":"045c6a49-06dc-488c-a0d7-91a6937a21c5-131069414635328","trial_id":85,"param_name":"k","param_value_internal":1,"distribution":"{\"name\": \"CategoricalDistribution\", \"attributes\": {\"choices\": [16, 32, 64, 128]}}"}
{"op_code":5,"worker_id":"045c6a49-06dc-488c-a0d7-91a6937a21c5-131069414635328","trial_id":85,"param_name":"gx","param_value_internal":1,"distribution":"{\"name\": \"CategoricalDistribution\", \"attributes\": {\"choices\": [1, 2, 4, 8]}}"}
{"op_code":5,"worker_id":"045c6a49-06dc-488c-a0d7-91a6937a21c5-131069414635328","trial_id":85,"param_name":"gy","param_value_internal":3,"distribution":"{\"name\": \"CategoricalDistribution\", \"attributes\": {\"choices\": [1, 2, 4, 8]}}"}
{"op_code":5,"worker_id":"045c6a49-06dc-488c-a0d7-91a6937a21c5-131069414635328","trial_id":85,"param_name":"sub","param_value_internal":1,"distribution":"{\"name\": \"CategoricalDistribution\", \"attributes\": {\"choices\": [32, 64]}}"}
{"op_code":6,"worker_id":"045c6a49-06dc-488c-a0d7-91a6937a21c5-131069414635328","trial_id":85,"state":2,"values":null,"datetime_complete":"2026-07-24T01:03:22.199008"}
{"op_code":4,"worker_id":"045c6a49-06dc-488c-a0d7-91a6937a21c5-131069414635328","study_id":0,"datetime_start":"2026-07-24T01:03:22.201051"}
{"op_code":9,"worker_id":"045c6a49-06dc-488c-a0d7-91a6937a21c5-131069414635328","trial_id":86,"system_attr":{"tpe:relative_params:0":"{\"gx\": 4, \"gy\": 2, \"k\": 32, \"m\": 32, \"n\": 32, \"sub\": 32}"}}
{"op_code":5,"worker_id":"045c6a49-06dc-488c-a0d7-91a6937a21c5-131069414635328","trial_id":86,"param_name":"m","param_value_internal":1,"distribution":"{\"name\": \"CategoricalDistribution\", \"attributes\": {\"choices\": [16, 32, 64, 128, 256]}}"}
{"op_code":5,"worker_id":"045c6a49-06dc-488c-a0d7-91a6937a21c5-131069414635328","trial_id":86,"param_name":"n","param_value_internal":1,"distribution":"{\"name\": \"CategoricalDistribution\", \"attributes\": {\"choices\": [16, 32, 64, 128, 256]}}"}
{"op_code":5,"worker_id":"045c6a49-06dc-488c-a0d7-91a6937a21c5-131069414635328","trial_id":86,"param_name":"k","param_value_internal":1,"distribution":"{\"name\": \"CategoricalDistribution\", \"attributes\": {\"choices\": [16, 32, 64, 128]}}"}
{"op_code":5,"worker_id":"045c6a49-06dc-488c-a0d7-91a6937a21c5-131069414635328","trial_id":86,"param_name":"gx","param_value_internal":2,"distribution":"{\"name\": \"CategoricalDistribution\", \"attributes\": {\"choices\": [1, 2, 4, 8]}}"}
{"op_code":5,"worker_id":"045c6a49-06dc-488c-a0d7-91a6937a21c5-131069414635328","trial_id":86,"param_name":"gy","param_value_internal":1,"distribution":"{\"name\": \"CategoricalDistribution\", \"attributes\": {\"choices\": [1, 2, 4, 8]}}"}
{"op_code":5,"worker_id":"045c6a49-06dc-488c-a0d7-91a6937a21c5-131069414635328","trial_id":86,"param_name":"sub","param_value_internal":0,"distribution":"{\"name\": \"CategoricalDistribution\", \"attributes\": {\"choices\": [32, 64]}}"}
{"op_code":6,"worker_id":"045c6a49-06dc-488c-a0d7-91a6937a21c5-131069414635328","trial_id":86,"state":2,"values":null,"datetime_complete":"2026-07-24T01:03:22.222001"}
{"op_code":4,"worker_id":"045c6a49-06dc-488c-a0d7-91a6937a21c5-131069414635328","study_id":0,"datetime_start":"2026-07-24T01:03:22.224068"}
{"op_code":9,"worker_id":"045c6a49-06dc-488c-a0d7-91a6937a21c5-131069414635328","trial_id":87,"system_attr":{"tpe:relative_params:0":"{\"gx\": 1, \"gy\": 2, \"k\": 32, \"m\": 32, \"n\": 128, \"sub\": 32}"}}
{"op_code":5,"worker_id":"045c6a49-06dc-488c-a0d7-91a6937a21c5-131069414635328","trial_id":87,"param_name":"m","param_value_internal":1,"distribution":"{\"name\": \"CategoricalDistribution\", \"attributes\": {\"choices\": [16, 32, 64, 128, 256]}}"}
{"op_code":5,"worker_id":"045c6a49-06dc-488c-a0d7-91a6937a21c5-131069414635328","trial_id":87,"param_name":"n","param_value_internal":3,"distribution":"{\"name\": \"CategoricalDistribution\", \"attributes\": {\"choices\": [16, 32, 64, 128, 256]}}"}
{"op_code":5,"worker_id":"045c6a49-06dc-488c-a0d7-91a6937a21c5-131069414635328","trial_id":87,"param_name":"k","param_value_internal":1,"distribution":"{\"name\": \"CategoricalDistribution\", \"attributes\": {\"choices\": [16, 32, 64, 128]}}"}
{"op_code":5,"worker_id":"045c6a49-06dc-488c-a0d7-91a6937a21c5-131069414635328","trial_id":87,"param_name":"gx","param_value_internal":0,"distribution":"{\"name\": \"CategoricalDistribution\", \"attributes\": {\"choices\": [1, 2, 4, 8]}}"}
{"op_code":5,"worker_id":"045c6a49-06dc-488c-a0d7-91a6937a21c5-131069414635328","trial_id":87,"param_name":"gy","param_value_internal":1,"distribution":"{\"name\": \"CategoricalDistribution\", \"attributes\": {\"choices\": [1, 2, 4, 8]}}"}
{"op_code":5,"worker_id":"045c6a49-06dc-488c-a0d7-91a6937a21c5-131069414635328","trial_id":87,"param_name":"sub","param_value_internal":0,"distribution":"{\"name\": \"CategoricalDistribution\", \"attributes\": {\"choices\": [32, 64]}}"}
{"op_code":8,"worker_id":"045c6a49-06dc-488c-a0d7-91a6937a21c5-131069414635328","trial_id":87,"user_attr":{"token":"tsweep_t32x128k32g12s32"}}
{"op_code":6,"worker_id":"045c6a49-06dc-488c-a0d7-91a6937a21c5-131069414635328","trial_id":0,"state":1,"values":[1321.29],"datetime_complete":"2026-07-24T01:04:22.014117"}
{"op_code":6,"worker_id":"045c6a49-06dc-488c-a0d7-91a6937a21c5-131069414635328","trial_id":1,"state":1,"values":[1453.51],"datetime_complete":"2026-07-24T01:04:45.863008"}
{"op_code":6,"worker_id":"045c6a49-06dc-488c-a0d7-91a6937a21c5-131069414635328","trial_id":12,"state":1,"values":[1478.7],"datetime_complete":"2026-07-24T01:05:10.840031"}
{"op_code":6,"worker_id":"045c6a49-06dc-488c-a0d7-91a6937a21c5-131069414635328","trial_id":19,"state":2,"values":null,"datetime_complete":"2026-07-24T01:05:20.575113"}
{"op_code":6,"worker_id":"045c6a49-06dc-488c-a0d7-91a6937a21c5-131069414635328","trial_id":22,"state":1,"values":[738.284],"datetime_complete":"2026-07-24T01:05:52.842659"}
{"op_code":6,"worker_id":"045c6a49-06dc-488c-a0d7-91a6937a21c5-131069414635328","trial_id":25,"state":1,"values":[740.955],"datetime_complete":"2026-07-24T01:06:22.896660"}
{"op_code":6,"worker_id":"045c6a49-06dc-488c-a0d7-91a6937a21c5-131069414635328","trial_id":32,"state":1,"values":[1278.4],"datetime_complete":"2026-07-24T01:06:48.534907"}
{"op_code":6,"worker_id":"045c6a49-06dc-488c-a0d7-91a6937a21c5-131069414635328","trial_id":37,"state":1,"values":[957.009],"datetime_complete":"2026-07-24T01:07:17.749354"}
{"op_code":6,"worker_id":"045c6a49-06dc-488c-a0d7-91a6937a21c5-131069414635328","trial_id":43,"state":1,"values":[740.687],"datetime_complete":"2026-07-24T01:07:46.026404"}
{"op_code":6,"worker_id":"045c6a49-06dc-488c-a0d7-91a6937a21c5-131069414635328","trial_id":44,"state":1,"values":[1392.25],"datetime_complete":"2026-07-24T01:12:12.188166"}
{"op_code":6,"worker_id":"045c6a49-06dc-488c-a0d7-91a6937a21c5-131069414635328","trial_id":50,"state":2,"values":null,"datetime_complete":"2026-07-24T01:12:21.795677"}
{"op_code":6,"worker_id":"045c6a49-06dc-488c-a0d7-91a6937a21c5-131069414635328","trial_id":51,"state":1,"values":[686.097],"datetime_complete":"2026-07-24T01:12:54.975413"}
{"op_code":6,"worker_id":"045c6a49-06dc-488c-a0d7-91a6937a21c5-131069414635328","trial_id":68,"state":2,"values":null,"datetime_complete":"2026-07-24T01:13:04.756605"}
{"op_code":6,"worker_id":"045c6a49-06dc-488c-a0d7-91a6937a21c5-131069414635328","trial_id":72,"state":2,"values":null,"datetime_complete":"2026-07-24T01:13:13.052561"}
{"op_code":6,"worker_id":"045c6a49-06dc-488c-a0d7-91a6937a21c5-131069414635328","trial_id":83,"state":1,"values":[715.334],"datetime_complete":"2026-07-24T01:13:48.366859"}
{"op_code":6,"worker_id":"045c6a49-06dc-488c-a0d7-91a6937a21c5-131069414635328","trial_id":87,"state":1,"values":[1077.33],"datetime_complete":"2026-07-24T01:14:14.396196"}
{"op_code":4,"worker_id":"045c6a49-06dc-488c-a0d7-91a6937a21c5-131069414635328","study_id":0,"datetime_start":"2026-07-24T01:14:14.398928"}
{"op_code":9,"worker_id":"045c6a49-06dc-488c-a0d7-91a6937a21c5-131069414635328","trial_id":88,"system_attr":{"tpe:relative_params:0":"{\"gx\": 8, \"gy\": 2, \"k\": 32, \"m\": 128, \"n\": 128, \"sub\": 32}"}}
{"op_code":5,"worker_id":"045c6a49-06dc-488c-a0d7-91a6937a21c5-131069414635328","trial_id":88,"param_name":"m","param_value_internal":3,"distribution":"{\"name\": \"CategoricalDistribution\", \"attributes\": {\"choices\": [16, 32, 64, 128, 256]}}"}
{"op_code":5,"worker_id":"045c6a49-06dc-488c-a0d7-91a6937a21c5-131069414635328","trial_id":88,"param_name":"n","param_value_internal":3,"distribution":"{\"name\": \"CategoricalDistribution\", \"attributes\": {\"choices\": [16, 32, 64, 128, 256]}}"}
{"op_code":5,"worker_id":"045c6a49-06dc-488c-a0d7-91a6937a21c5-131069414635328","trial_id":88,"param_name":"k","param_value_internal":1,"distribution":"{\"name\": \"CategoricalDistribution\", \"attributes\": {\"choices\": [16, 32, 64, 128]}}"}
{"op_code":5,"worker_id":"045c6a49-06dc-488c-a0d7-91a6937a21c5-131069414635328","trial_id":88,"param_name":"gx","param_value_internal":3,"distribution":"{\"name\": \"CategoricalDistribution\", \"attributes\": {\"choices\": [1, 2, 4, 8]}}"}
{"op_code":5,"worker_id":"045c6a49-06dc-488c-a0d7-91a6937a21c5-131069414635328","trial_id":88,"param_name":"gy","param_value_internal":1,"distribution":"{\"name\": \"CategoricalDistribution\", \"attributes\": {\"choices\": [1, 2, 4, 8]}}"}
{"op_code":5,"worker_id":"045c6a49-06dc-488c-a0d7-91a6937a21c5-131069414635328","trial_id":88,"param_name":"sub","param_value_internal":0,"distribution":"{\"name\": \"CategoricalDistribution\", \"attributes\": {\"choices\": [32, 64]}}"}
{"op_code":6,"worker_id":"045c6a49-06dc-488c-a0d7-91a6937a21c5-131069414635328","trial_id":88,"state":2,"values":null,"datetime_complete":"2026-07-24T01:14:14.420735"}
{"op_code":4,"worker_id":"045c6a49-06dc-488c-a0d7-91a6937a21c5-131069414635328","study_id":0,"datetime_start":"2026-07-24T01:14:14.422887"}
{"op_code":9,"worker_id":"045c6a49-06dc-488c-a0d7-91a6937a21c5-131069414635328","trial_id":89,"system_attr":{"tpe:relative_params:0":"{\"gx\": 2, \"gy\": 2, \"k\": 32, \"m\": 128, \"n\": 64, \"sub\": 32}"}}
{"op_code":5,"worker_id":"045c6a49-06dc-488c-a0d7-91a6937a21c5-131069414635328","trial_id":89,"param_name":"m","param_value_internal":3,"distribution":"{\"name\": \"CategoricalDistribution\", \"attributes\": {\"choices\": [16, 32, 64, 128, 256]}}"}
{"op_code":5,"worker_id":"045c6a49-06dc-488c-a0d7-91a6937a21c5-131069414635328","trial_id":89,"param_name":"n","param_value_internal":2,"distribution":"{\"name\": \"CategoricalDistribution\", \"attributes\": {\"choices\": [16, 32, 64, 128, 256]}}"}
{"op_code":5,"worker_id":"045c6a49-06dc-488c-a0d7-91a6937a21c5-131069414635328","trial_id":89,"param_name":"k","param_value_internal":1,"distribution":"{\"name\": \"CategoricalDistribution\", \"attributes\": {\"choices\": [16, 32, 64, 128]}}"}
{"op_code":5,"worker_id":"045c6a49-06dc-488c-a0d7-91a6937a21c5-131069414635328","trial_id":89,"param_name":"gx","param_value_internal":1,"distribution":"{\"name\": \"CategoricalDistribution\", \"attributes\": {\"choices\": [1, 2, 4, 8]}}"}
{"op_code":5,"worker_id":"045c6a49-06dc-488c-a0d7-91a6937a21c5-131069414635328","trial_id":89,"param_name":"gy","param_value_internal":1,"distribution":"{\"name\": \"CategoricalDistribution\", \"attributes\": {\"choices\": [1, 2, 4, 8]}}"}
{"op_code":5,"worker_id":"045c6a49-06dc-488c-a0d7-91a6937a21c5-131069414635328","trial_id":89,"param_name":"sub","param_value_internal":0,"distribution":"{\"name\": \"CategoricalDistribution\", \"attributes\": {\"choices\": [32, 64]}}"}
{"op_code":6,"worker_id":"045c6a49-06dc-488c-a0d7-91a6937a21c5-131069414635328","trial_id":89,"state":2,"values":null,"datetime_complete":"2026-07-24T01:14:14.443343"}
{"op_code":4,"worker_id":"045c6a49-06dc-488c-a0d7-91a6937a21c5-131069414635328","study_id":0,"datetime_start":"2026-07-24T01:14:14.445346"}
{"op_code":9,"worker_id":"045c6a49-06dc-488c-a0d7-91a6937a21c5-131069414635328","trial_id":90,"system_attr":{"tpe:relative_params:0":"{\"gx\": 1, \"gy\": 2, \"k\": 16, \"m\": 64, \"n\": 64, \"sub\": 32}"}}
{"op_code":5,"worker_id":"045c6a49-06dc-488c-a0d7-91a6937a21c5-131069414635328","trial_id":90,"param_name":"m","param_value_internal":2,"distribution":"{\"name\": \"CategoricalDistribution\", \"attributes\": {\"choices\": [16, 32, 64, 128, 256]}}"}
{"op_code":5,"worker_id":"045c6a49-06dc-488c-a0d7-91a6937a21c5-131069414635328","trial_id":90,"param_name":"n","param_value_internal":2,"distribution":"{\"name\": \"CategoricalDistribution\", \"attributes\": {\"choices\": [16, 32, 64, 128, 256]}}"}
{"op_code":5,"worker_id":"045c6a49-06dc-488c-a0d7-91a6937a21c5-131069414635328","trial_id":90,"param_name":"k","param_value_internal":0,"distribution":"{\"name\": \"CategoricalDistribution\", \"attributes\": {\"choices\": [16, 32, 64, 128]}}"}
{"op_code":5,"worker_id":"045c6a49-06dc-488c-a0d7-91a6937a21c5-131069414635328","trial_id":90,"param_name":"gx","param_value_internal":0,"distribution":"{\"name\": \"CategoricalDistribution\", \"attributes\": {\"choices\": [1, 2, 4, 8]}}"}
{"op_code":5,"worker_id":"045c6a49-06dc-488c-a0d7-91a6937a21c5-131069414635328","trial_id":90,"param_name":"gy","param_value_internal":1,"distribution":"{\"name\": \"CategoricalDistribution\", \"attributes\": {\"choices\": [1, 2, 4, 8]}}"}
{"op_code":5,"worker_id":"045c6a49-06dc-488c-a0d7-91a6937a21c5-131069414635328","trial_id":90,"param_name":"sub","param_value_internal":0,"distribution":"{\"name\": \"CategoricalDistribution\", \"attributes\": {\"choices\": [32, 64]}}"}
{"op_code":6,"worker_id":"045c6a49-06dc-488c-a0d7-91a6937a21c5-131069414635328","trial_id":90,"state":2,"values":null,"datetime_complete":"2026-07-24T01:14:14.464949"}
{"op_code":4,"worker_id":"045c6a49-06dc-488c-a0d7-91a6937a21c5-131069414635328","study_id":0,"datetime_start":"2026-07-24T01:14:14.467065"}
{"op_code":9,"worker_id":"045c6a49-06dc-488c-a0d7-91a6937a21c5-131069414635328","trial_id":91,"system_attr":{"tpe:relative_params:0":"{\"gx\": 1, \"gy\": 2, \"k\": 32, \"m\": 32, \"n\": 128, \"sub\": 32}"}}
{"op_code":5,"worker_id":"045c6a49-06dc-488c-a0d7-91a6937a21c5-131069414635328","trial_id":91,"param_name":"m","param_value_internal":1,"distribution":"{\"name\": \"CategoricalDistribution\", \"attributes\": {\"choices\": [16, 32, 64, 128, 256]}}"}
{"op_code":5,"worker_id":"045c6a49-06dc-488c-a0d7-91a6937a21c5-131069414635328","trial_id":91,"param_name":"n","param_value_internal":3,"distribution":"{\"name\": \"CategoricalDistribution\", \"attributes\": {\"choices\": [16, 32, 64, 128, 256]}}"}
{"op_code":5,"worker_id":"045c6a49-06dc-488c-a0d7-91a6937a21c5-131069414635328","trial_id":91,"param_name":"k","param_value_internal":1,"distribution":"{\"name\": \"CategoricalDistribution\", \"attributes\": {\"choices\": [16, 32, 64, 128]}}"}
{"op_code":5,"worker_id":"045c6a49-06dc-488c-a0d7-91a6937a21c5-131069414635328","trial_id":91,"param_name":"gx","param_value_internal":0,"distribution":"{\"name\": \"CategoricalDistribution\", \"attributes\": {\"choices\": [1, 2, 4, 8]}}"}
{"op_code":5,"worker_id":"045c6a49-06dc-488c-a0d7-91a6937a21c5-131069414635328","trial_id":91,"param_name":"gy","param_value_internal":1,"distribution":"{\"name\": \"CategoricalDistribution\", \"attributes\": {\"choices\": [1, 2, 4, 8]}}"}
{"op_code":5,"worker_id":"045c6a49-06dc-488c-a0d7-91a6937a21c5-131069414635328","trial_id":91,"param_name":"sub","param_value_internal":0,"distribution":"{\"name\": \"CategoricalDistribution\", \"attributes\": {\"choices\": [32, 64]}}"}
{"op_code":6,"worker_id":"045c6a49-06dc-488c-a0d7-91a6937a21c5-131069414635328","trial_id":91,"state":2,"values":null,"datetime_complete":"2026-07-24T01:14:14.486624"}
{"op_code":4,"worker_id":"045c6a49-06dc-488c-a0d7-91a6937a21c5-131069414635328","study_id":0,"datetime_start":"2026-07-24T01:14:14.488774"}
{"op_code":9,"worker_id":"045c6a49-06dc-488c-a0d7-91a6937a21c5-131069414635328","trial_id":92,"system_attr":{"tpe:relative_params:0":"{\"gx\": 4, \"gy\": 1, \"k\": 16, \"m\": 64, \"n\": 128, \"sub\": 32}"}}
{"op_code":5,"worker_id":"045c6a49-06dc-488c-a0d7-91a6937a21c5-131069414635328","trial_id":92,"param_name":"m","param_value_internal":2,"distribution":"{\"name\": \"CategoricalDistribution\", \"attributes\": {\"choices\": [16, 32, 64, 128, 256]}}"}
{"op_code":5,"worker_id":"045c6a49-06dc-488c-a0d7-91a6937a21c5-131069414635328","trial_id":92,"param_name":"n","param_value_internal":3,"distribution":"{\"name\": \"CategoricalDistribution\", \"attributes\": {\"choices\": [16, 32, 64, 128, 256]}}"}
{"op_code":5,"worker_id":"045c6a49-06dc-488c-a0d7-91a6937a21c5-131069414635328","trial_id":92,"param_name":"k","param_value_internal":0,"distribution":"{\"name\": \"CategoricalDistribution\", \"attributes\": {\"choices\": [16, 32, 64, 128]}}"}
{"op_code":5,"worker_id":"045c6a49-06dc-488c-a0d7-91a6937a21c5-131069414635328","trial_id":92,"param_name":"gx","param_value_internal":2,"distribution":"{\"name\": \"CategoricalDistribution\", \"attributes\": {\"choices\": [1, 2, 4, 8]}}"}
{"op_code":5,"worker_id":"045c6a49-06dc-488c-a0d7-91a6937a21c5-131069414635328","trial_id":92,"param_name":"gy","param_value_internal":0,"distribution":"{\"name\": \"CategoricalDistribution\", \"attributes\": {\"choices\": [1, 2, 4, 8]}}"}
{"op_code":5,"worker_id":"045c6a49-06dc-488c-a0d7-91a6937a21c5-131069414635328","trial_id":92,"param_name":"sub","param_value_internal":0,"distribution":"{\"name\": \"CategoricalDistribution\", \"attributes\": {\"choices\": [32, 64]}}"}
{"op_code":6,"worker_id":"045c6a49-06dc-488c-a0d7-91a6937a21c5-131069414635328","trial_id":92,"state":2,"values":null,"datetime_complete":"2026-07-24T01:14:14.507870"}
{"op_code":4,"worker_id":"045c6a49-06dc-488c-a0d7-91a6937a21c5-131069414635328","study_id":0,"datetime_start":"2026-07-24T01:14:14.510018"}
{"op_code":9,"worker_id":"045c6a49-06dc-488c-a0d7-91a6937a21c5-131069414635328","trial_id":93,"system_attr":{"tpe:relative_params:0":"{\"gx\": 1, \"gy\": 1, \"k\": 64, \"m\": 64, \"n\": 64, \"sub\": 64}"}}
{"op_code":5,"worker_id":"045c6a49-06dc-488c-a0d7-91a6937a21c5-131069414635328","trial_id":93,"param_name":"m","param_value_internal":2,"distribution":"{\"name\": \"CategoricalDistribution\", \"attributes\": {\"choices\": [16, 32, 64, 128, 256]}}"}
{"op_code":5,"worker_id":"045c6a49-06dc-488c-a0d7-91a6937a21c5-131069414635328","trial_id":93,"param_name":"n","param_value_internal":2,"distribution":"{\"name\": \"CategoricalDistribution\", \"attributes\": {\"choices\": [16, 32, 64, 128, 256]}}"}
{"op_code":5,"worker_id":"045c6a49-06dc-488c-a0d7-91a6937a21c5-131069414635328","trial_id":93,"param_name":"k","param_value_internal":2,"distribution":"{\"name\": \"CategoricalDistribution\", \"attributes\": {\"choices\": [16, 32, 64, 128]}}"}
{"op_code":5,"worker_id":"045c6a49-06dc-488c-a0d7-91a6937a21c5-131069414635328","trial_id":93,"param_name":"gx","param_value_internal":0,"distribution":"{\"name\": \"CategoricalDistribution\", \"attributes\": {\"choices\": [1, 2, 4, 8]}}"}
{"op_code":5,"worker_id":"045c6a49-06dc-488c-a0d7-91a6937a21c5-131069414635328","trial_id":93,"param_name":"gy","param_value_internal":0,"distribution":"{\"name\": \"CategoricalDistribution\", \"attributes\": {\"choices\": [1, 2, 4, 8]}}"}
{"op_code":5,"worker_id":"045c6a49-06dc-488c-a0d7-91a6937a21c5-131069414635328","trial_id":93,"param_name":"sub","param_value_internal":1,"distribution":"{\"name\": \"CategoricalDistribution\", \"attributes\": {\"choices\": [32, 64]}}"}
{"op_code":6,"worker_id":"045c6a49-06dc-488c-a0d7-91a6937a21c5-131069414635328","trial_id":93,"state":2,"values":null,"datetime_complete":"2026-07-24T01:14:14.530821"}
{"op_code":4,"worker_id":"045c6a49-06dc-488c-a0d7-91a6937a21c5-131069414635328","study_id":0,"datetime_start":"2026-07-24T01:14:14.532947"}
{"op_code":9,"worker_id":"045c6a49-06dc-488c-a0d7-91a6937a21c5-131069414635328","trial_id":94,"system_attr":{"tpe:relative_params:0":"{\"gx\": 1, \"gy\": 2, \"k\": 64, \"m\": 32, \"n\": 32, \"sub\": 64}"}}
{"op_code":5,"worker_id":"045c6a49-06dc-488c-a0d7-91a6937a21c5-131069414635328","trial_id":94,"param_name":"m","param_value_internal":1,"distribution":"{\"name\": \"CategoricalDistribution\", \"attributes\": {\"choices\": [16, 32, 64, 128, 256]}}"}
{"op_code":5,"worker_id":"045c6a49-06dc-488c-a0d7-91a6937a21c5-131069414635328","trial_id":94,"param_name":"n","param_value_internal":1,"distribution":"{\"name\": \"CategoricalDistribution\", \"attributes\": {\"choices\": [16, 32, 64, 128, 256]}}"}
{"op_code":5,"worker_id":"045c6a49-06dc-488c-a0d7-91a6937a21c5-131069414635328","trial_id":94,"param_name":"k","param_value_internal":2,"distribution":"{\"name\": \"CategoricalDistribution\", \"attributes\": {\"choices\": [16, 32, 64, 128]}}"}
{"op_code":5,"worker_id":"045c6a49-06dc-488c-a0d7-91a6937a21c5-131069414635328","trial_id":94,"param_name":"gx","param_value_internal":0,"distribution":"{\"name\": \"CategoricalDistribution\", \"attributes\": {\"choices\": [1, 2, 4, 8]}}"}
{"op_code":5,"worker_id":"045c6a49-06dc-488c-a0d7-91a6937a21c5-131069414635328","trial_id":94,"param_name":"gy","param_value_internal":1,"distribution":"{\"name\": \"CategoricalDistribution\", \"attributes\": {\"choices\": [1, 2, 4, 8]}}"}
{"op_code":5,"worker_id":"045c6a49-06dc-488c-a0d7-91a6937a21c5-131069414635328","trial_id":94,"param_name":"sub","param_value_internal":1,"distribution":"{\"name\": \"CategoricalDistribution\", \"attributes\": {\"choices\": [32, 64]}}"}
{"op_code":6,"worker_id":"045c6a49-06dc-488c-a0d7-91a6937a21c5-131069414635328","trial_id":94,"state":2,"values":null,"datetime_complete":"2026-07-24T01:14:14.553650"}
{"op_code":4,"worker_id":"045c6a49-06dc-488c-a0d7-91a6937a21c5-131069414635328","study_id":0,"datetime_start":"2026-07-24T01:14:14.555600"}
{"op_code":9,"worker_id":"045c6a49-06dc-488c-a0d7-91a6937a21c5-131069414635328","trial_id":95,"system_attr":{"tpe:relative_params:0":"{\"gx\": 4, \"gy\": 1, \"k\": 64, \"m\": 32, \"n\": 64, \"sub\": 64}"}}
{"op_code":5,"worker_id":"045c6a49-06dc-488c-a0d7-91a6937a21c5-131069414635328","trial_id":95,"param_name":"m","param_value_internal":1,"distribution":"{\"name\": \"CategoricalDistribution\", \"attributes\": {\"choices\": [16, 32, 64, 128, 256]}}"}
{"op_code":5,"worker_id":"045c6a49-06dc-488c-a0d7-91a6937a21c5-131069414635328","trial_id":95,"param_name":"n","param_value_internal":2,"distribution":"{\"name\": \"CategoricalDistribution\", \"attributes\": {\"choices\": [16, 32, 64, 128, 256]}}"}
{"op_code":5,"worker_id":"045c6a49-06dc-488c-a0d7-91a6937a21c5-131069414635328","trial_id":95,"param_name":"k","param_value_internal":2,"distribution":"{\"name\": \"CategoricalDistribution\", \"attributes\": {\"choices\": [16, 32, 64, 128]}}"}
{"op_code":5,"worker_id":"045c6a49-06dc-488c-a0d7-91a6937a21c5-131069414635328","trial_id":95,"param_name":"gx","param_value_internal":2,"distribution":"{\"name\": \"CategoricalDistribution\", \"attributes\": {\"choices\": [1, 2, 4, 8]}}"}
{"op_code":5,"worker_id":"045c6a49-06dc-488c-a0d7-91a6937a21c5-131069414635328","trial_id":95,"param_name":"gy","param_value_internal":0,"distribution":"{\"name\": \"CategoricalDistribution\", \"attributes\": {\"choices\": [1, 2, 4, 8]}}"}
{"op_code":5,"worker_id":"045c6a49-06dc-488c-a0d7-91a6937a21c5-131069414635328","trial_id":95,"param_name":"sub","param_value_internal":1,"distribution":"{\"name\": \"CategoricalDistribution\", \"attributes\": {\"choices\": [32, 64]}}"}
{"op_code":6,"worker_id":"045c6a49-06dc-488c-a0d7-91a6937a21c5-131069414635328","trial_id":95,"state":2,"values":null,"datetime_complete":"2026-07-24T01:14:14.575680"}
{"op_code":4,"worker_id":"045c6a49-06dc-488c-a0d7-91a6937a21c5-131069414635328","study_id":0,"datetime_start":"2026-07-24T01:14:14.577747"}
{"op_code":9,"worker_id":"045c6a49-06dc-488c-a0d7-91a6937a21c5-131069414635328","trial_id":96,"system_attr":{"tpe:relative_params:0":"{\"gx\": 2, \"gy\": 2, \"k\": 16, \"m\": 128, \"n\": 32, \"sub\": 32}"}}
{"op_code":5,"worker_id":"045c6a49-06dc-488c-a0d7-91a6937a21c5-131069414635328","trial_id":96,"param_name":"m","param_value_internal":3,"distribution":"{\"name\": \"CategoricalDistribution\", \"attributes\": {\"choices\": [16, 32, 64, 128, 256]}}"}
{"op_code":5,"worker_id":"045c6a49-06dc-488c-a0d7-91a6937a21c5-131069414635328","trial_id":96,"param_name":"n","param_value_internal":1,"distribution":"{\"name\": \"CategoricalDistribution\", \"attributes\": {\"choices\": [16, 32, 64, 128, 256]}}"}
{"op_code":5,"worker_id":"045c6a49-06dc-488c-a0d7-91a6937a21c5-131069414635328","trial_id":96,"param_name":"k","param_value_internal":0,"distribution":"{\"name\": \"CategoricalDistribution\", \"attributes\": {\"choices\": [16, 32, 64, 128]}}"}
{"op_code":5,"worker_id":"045c6a49-06dc-488c-a0d7-91a6937a21c5-131069414635328","trial_id":96,"param_name":"gx","param_value_internal":1,"distribution":"{\"name\": \"CategoricalDistribution\", \"attributes\": {\"choices\": [1, 2, 4, 8]}}"}
{"op_code":5,"worker_id":"045c6a49-06dc-488c-a0d7-91a6937a21c5-131069414635328","trial_id":96,"param_name":"gy","param_value_internal":1,"distribution":"{\"name\": \"CategoricalDistribution\", \"attributes\": {\"choices\": [1, 2, 4, 8]}}"}
{"op_code":5,"worker_id":"045c6a49-06dc-488c-a0d7-91a6937a21c5-131069414635328","trial_id":96,"param_name":"sub","param_value_internal":0,"distribution":"{\"name\": \"CategoricalDistribution\", \"attributes\": {\"choices\": [32, 64]}}"}
{"op_code":6,"worker_id":"045c6a49-06dc-488c-a0d7-91a6937a21c5-131069414635328","trial_id":96,"state":2,"values":null,"datetime_complete":"2026-07-24T01:14:14.597330"}
{"op_code":4,"worker_id":"045c6a49-06dc-488c-a0d7-91a6937a21c5-131069414635328","study_id":0,"datetime_start":"2026-07-24T01:14:14.599337"}
{"op_code":9,"worker_id":"045c6a49-06dc-488c-a0d7-91a6937a21c5-131069414635328","trial_id":97,"system_attr":{"tpe:relative_params:0":"{\"gx\": 2, \"gy\": 1, \"k\": 64, \"m\": 16, \"n\": 32, \"sub\": 32}"}}
{"op_code":5,"worker_id":"045c6a49-06dc-488c-a0d7-91a6937a21c5-131069414635328","trial_id":97,"param_name":"m","param_value_internal":0,"distribution":"{\"name\": \"CategoricalDistribution\", \"attributes\": {\"choices\": [16, 32, 64, 128, 256]}}"}
{"op_code":5,"worker_id":"045c6a49-06dc-488c-a0d7-91a6937a21c5-131069414635328","trial_id":97,"param_name":"n","param_value_internal":1,"distribution":"{\"name\": \"CategoricalDistribution\", \"attributes\": {\"choices\": [16, 32, 64, 128, 256]}}"}
{"op_code":5,"worker_id":"045c6a49-06dc-488c-a0d7-91a6937a21c5-131069414635328","trial_id":97,"param_name":"k","param_value_internal":2,"distribution":"{\"name\": \"CategoricalDistribution\", \"attributes\": {\"choices\": [16, 32, 64, 128]}}"}
{"op_code":5,"worker_id":"045c6a49-06dc-488c-a0d7-91a6937a21c5-131069414635328","trial_id":97,"param_name":"gx","param_value_internal":1,"distribution":"{\"name\": \"CategoricalDistribution\", \"attributes\": {\"choices\": [1, 2, 4, 8]}}"}
{"op_code":5,"worker_id":"045c6a49-06dc-488c-a0d7-91a6937a21c5-131069414635328","trial_id":97,"param_name":"gy","param_value_internal":0,"distribution":"{\"name\": \"CategoricalDistribution\", \"attributes\": {\"choices\": [1, 2, 4, 8]}}"}
{"op_code":5,"worker_id":"045c6a49-06dc-488c-a0d7-91a6937a21c5-131069414635328","trial_id":97,"param_name":"sub","param_value_internal":0,"distribution":"{\"name\": \"CategoricalDistribution\", \"attributes\": {\"choices\": [32, 64]}}"}
{"op_code":6,"worker_id":"045c6a49-06dc-488c-a0d7-91a6937a21c5-131069414635328","trial_id":97,"state":2,"values":null,"datetime_complete":"2026-07-24T01:14:14.619303"}
{"op_code":4,"worker_id":"045c6a49-06dc-488c-a0d7-91a6937a21c5-131069414635328","study_id":0,"datetime_start":"2026-07-24T01:14:14.621274"}
{"op_code":9,"worker_id":"045c6a49-06dc-488c-a0d7-91a6937a21c5-131069414635328","trial_id":98,"system_attr":{"tpe:relative_params:0":"{\"gx\": 4, \"gy\": 2, \"k\": 16, \"m\": 128, \"n\": 64, \"sub\": 32}"}}
{"op_code":5,"worker_id":"045c6a49-06dc-488c-a0d7-91a6937a21c5-131069414635328","trial_id":98,"param_name":"m","param_value_internal":3,"distribution":"{\"name\": \"CategoricalDistribution\", \"attributes\": {\"choices\": [16, 32, 64, 128, 256]}}"}
{"op_code":5,"worker_id":"045c6a49-06dc-488c-a0d7-91a6937a21c5-131069414635328","trial_id":98,"param_name":"n","param_value_internal":2,"distribution":"{\"name\": \"CategoricalDistribution\", \"attributes\": {\"choices\": [16, 32, 64, 128, 256]}}"}
{"op_code":5,"worker_id":"045c6a49-06dc-488c-a0d7-91a6937a21c5-131069414635328","trial_id":98,"param_name":"k","param_value_internal":0,"distribution":"{\"name\": \"CategoricalDistribution\", \"attributes\": {\"choices\": [16, 32, 64, 128]}}"}
{"op_code":5,"worker_id":"045c6a49-06dc-488c-a0d7-91a6937a21c5-131069414635328","trial_id":98,"param_name":"gx","param_value_internal":2,"distribution":"{\"name\": \"CategoricalDistribution\", \"attributes\": {\"choices\": [1, 2, 4, 8]}}"}
{"op_code":5,"worker_id":"045c6a49-06dc-488c-a0d7-91a6937a21c5-131069414635328","trial_id":98,"param_name":"gy","param_value_internal":1,"distribution":"{\"name\": \"CategoricalDistribution\", \"attributes\": {\"choices\": [1, 2, 4, 8]}}"}
{"op_code":5,"worker_id":"045c6a49-06dc-488c-a0d7-91a6937a21c5-131069414635328","trial_id":98,"param_name":"sub","param_value_internal":0,"distribution":"{\"name\": \"CategoricalDistribution\", \"attributes\": {\"choices\": [32, 64]}}"}
{"op_code":6,"worker_id":"045c6a49-06dc-488c-a0d7-91a6937a21c5-131069414635328","trial_id":98,"state":2,"values":null,"datetime_complete":"2026-07-24T01:14:14.640833"}
{"op_code":4,"worker_id":"045c6a49-06dc-488c-a0d7-91a6937a21c5-131069414635328","study_id":0,"datetime_start":"2026-07-24T01:14:14.642935"}
{"op_code":9,"worker_id":"045c6a49-06dc-488c-a0d7-91a6937a21c5-131069414635328","trial_id":99,"system_attr":{"tpe:relative_params:0":"{\"gx\": 8, \"gy\": 1, \"k\": 32, \"m\": 16, \"n\": 128, \"sub\": 32}"}}
{"op_code":5,"worker_id":"045c6a49-06dc-488c-a0d7-91a6937a21c5-131069414635328","trial_id":99,"param_name":"m","param_value_internal":0,"distribution":"{\"name\": \"CategoricalDistribution\", \"attributes\": {\"choices\": [16, 32, 64, 128, 256]}}"}
{"op_code":5,"worker_id":"045c6a49-06dc-488c-a0d7-91a6937a21c5-131069414635328","trial_id":99,"param_name":"n","param_value_internal":3,"distribution":"{\"name\": \"CategoricalDistribution\", \"attributes\": {\"choices\": [16, 32, 64, 128, 256]}}"}
{"op_code":5,"worker_id":"045c6a49-06dc-488c-a0d7-91a6937a21c5-131069414635328","trial_id":99,"param_name":"k","param_value_internal":1,"distribution":"{\"name\": \"CategoricalDistribution\", \"attributes\": {\"choices\": [16, 32, 64, 128]}}"}
{"op_code":5,"worker_id":"045c6a49-06dc-488c-a0d7-91a6937a21c5-131069414635328","trial_id":99,"param_name":"gx","param_value_internal":3,"distribution":"{\"name\": \"CategoricalDistribution\", \"attributes\": {\"choices\": [1, 2, 4, 8]}}"}
{"op_code":5,"worker_id":"045c6a49-06dc-488c-a0d7-91a6937a21c5-131069414635328","trial_id":99,"param_name":"gy","param_value_internal":0,"distribution":"{\"name\": \"CategoricalDistribution\", \"attributes\": {\"choices\": [1, 2, 4, 8]}}"}
{"op_code":5,"worker_id":"045c6a49-06dc-488c-a0d7-91a6937a21c5-131069414635328","trial_id":99,"param_name":"sub","param_value_internal":0,"distribution":"{\"name\": \"CategoricalDistribution\", \"attributes\": {\"choices\": [32, 64]}}"}
{"op_code":6,"worker_id":"045c6a49-06dc-488c-a0d7-91a6937a21c5-131069414635328","trial_id":99,"state":2,"values":null,"datetime_complete":"2026-07-24T01:14:14.663985"}
{"op_code":4,"worker_id":"045c6a49-06dc-488c-a0d7-91a6937a21c5-131069414635328","study_id":0,"datetime_start":"2026-07-24T01:14:14.667039"}
{"op_code":9,"worker_id":"045c6a49-06dc-488c-a0d7-91a6937a21c5-131069414635328","trial_id":100,"system_attr":{"tpe:relative_params:0":"{\"gx\": 2, \"gy\": 2, \"k\": 64, \"m\": 128, \"n\": 64, \"sub\": 32}"}}
{"op_code":5,"worker_id":"045c6a49-06dc-488c-a0d7-91a6937a21c5-131069414635328","trial_id":100,"param_name":"m","param_value_internal":3,"distribution":"{\"name\": \"CategoricalDistribution\", \"attributes\": {\"choices\": [16, 32, 64, 128, 256]}}"}
{"op_code":5,"worker_id":"045c6a49-06dc-488c-a0d7-91a6937a21c5-131069414635328","trial_id":100,"param_name":"n","param_value_internal":2,"distribution":"{\"name\": \"CategoricalDistribution\", \"attributes\": {\"choices\": [16, 32, 64, 128, 256]}}"}
{"op_code":5,"worker_id":"045c6a49-06dc-488c-a0d7-91a6937a21c5-131069414635328","trial_id":100,"param_name":"k","param_value_internal":2,"distribution":"{\"name\": \"CategoricalDistribution\", \"attributes\": {\"choices\": [16, 32, 64, 128]}}"}
{"op_code":5,"worker_id":"045c6a49-06dc-488c-a0d7-91a6937a21c5-131069414635328","trial_id":100,"param_name":"gx","param_value_internal":1,"distribution":"{\"name\": \"CategoricalDistribution\", \"attributes\": {\"choices\": [1, 2, 4, 8]}}"}
{"op_code":5,"worker_id":"045c6a49-06dc-488c-a0d7-91a6937a21c5-131069414635328","trial_id":100,"param_name":"gy","param_value_internal":1,"distribution":"{\"name\": \"CategoricalDistribution\", \"attributes\": {\"choices\": [1, 2, 4, 8]}}"}
{"op_code":5,"worker_id":"045c6a49-06dc-488c-a0d7-91a6937a21c5-131069414635328","trial_id":100,"param_name":"sub","param_value_internal":0,"distribution":"{\"name\": \"CategoricalDistribution\", \"attributes\": {\"choices\": [32, 64]}}"}
{"op_code":8,"worker_id":"045c6a49-06dc-488c-a0d7-91a6937a21c5-131069414635328","trial_id":100,"user_attr":{"token":"tsweep_t128x64k64g22s32"}}
{"op_code":4,"worker_id":"045c6a49-06dc-488c-a0d7-91a6937a21c5-131069414635328","study_id":0,"datetime_start":"2026-07-24T01:14:14.688707"}
{"op_code":9,"worker_id":"045c6a49-06dc-488c-a0d7-91a6937a21c5-131069414635328","trial_id":101,"system_attr":{"tpe:relative_params:0":"{\"gx\": 1, \"gy\": 2, \"k\": 16, \"m\": 128, \"n\": 128, \"sub\": 32}"}}
{"op_code":5,"worker_id":"045c6a49-06dc-488c-a0d7-91a6937a21c5-131069414635328","trial_id":101,"param_name":"m","param_value_internal":3,"distribution":"{\"name\": \"CategoricalDistribution\", \"attributes\": {\"choices\": [16, 32, 64, 128, 256]}}"}
{"op_code":5,"worker_id":"045c6a49-06dc-488c-a0d7-91a6937a21c5-131069414635328","trial_id":101,"param_name":"n","param_value_internal":3,"distribution":"{\"name\": \"CategoricalDistribution\", \"attributes\": {\"choices\": [16, 32, 64, 128, 256]}}"}
{"op_code":5,"worker_id":"045c6a49-06dc-488c-a0d7-91a6937a21c5-131069414635328","trial_id":101,"param_name":"k","param_value_internal":0,"distribution":"{\"name\": \"CategoricalDistribution\", \"attributes\": {\"choices\": [16, 32, 64, 128]}}"}
{"op_code":5,"worker_id":"045c6a49-06dc-488c-a0d7-91a6937a21c5-131069414635328","trial_id":101,"param_name":"gx","param_value_internal":0,"distribution":"{\"name\": \"CategoricalDistribution\", \"attributes\": {\"choices\": [1, 2, 4, 8]}}"}
{"op_code":5,"worker_id":"045c6a49-06dc-488c-a0d7-91a6937a21c5-131069414635328","trial_id":101,"param_name":"gy","param_value_internal":1,"distribution":"{\"name\": \"CategoricalDistribution\", \"attributes\": {\"choices\": [1, 2, 4, 8]}}"}
{"op_code":5,"worker_id":"045c6a49-06dc-488c-a0d7-91a6937a21c5-131069414635328","trial_id":101,"param_name":"sub","param_value_internal":0,"distribution":"{\"name\": \"CategoricalDistribution\", \"attributes\": {\"choices\": [32, 64]}}"}
{"op_code":8,"worker_id":"045c6a49-06dc-488c-a0d7-91a6937a21c5-131069414635328","trial_id":101,"user_attr":{"token":"tsweep_t128x128k16g12s32"}}
{"op_code":4,"worker_id":"045c6a49-06dc-488c-a0d7-91a6937a21c5-131069414635328","study_id":0,"datetime_start":"2026-07-24T01:14:14.710511"}
{"op_code":9,"worker_id":"045c6a49-06dc-488c-a0d7-91a6937a21c5-131069414635328","trial_id":102,"system_attr":{"tpe:relative_params:0":"{\"gx\": 2, \"gy\": 2, \"k\": 16, \"m\": 128, \"n\": 64, \"sub\": 32}"}}
{"op_code":5,"worker_id":"045c6a49-06dc-488c-a0d7-91a6937a21c5-131069414635328","trial_id":102,"param_name":"m","param_value_internal":3,"distribution":"{\"name\": \"CategoricalDistribution\", \"attributes\": {\"choices\": [16, 32, 64, 128, 256]}}"}
{"op_code":5,"worker_id":"045c6a49-06dc-488c-a0d7-91a6937a21c5-131069414635328","trial_id":102,"param_name":"n","param_value_internal":2,"distribution":"{\"name\": \"CategoricalDistribution\", \"attributes\": {\"choices\": [16, 32, 64, 128, 256]}}"}
{"op_code":5,"worker_id":"045c6a49-06dc-488c-a0d7-91a6937a21c5-131069414635328","trial_id":102,"param_name":"k","param_value_internal":0,"distribution":"{\"name\": \"CategoricalDistribution\", \"attributes\": {\"choices\": [16, 32, 64, 128]}}"}
{"op_code":5,"worker_id":"045c6a49-06dc-488c-a0d7-91a6937a21c5-131069414635328","trial_id":102,"param_name":"gx","param_value_internal":1,"distribution":"{\"name\": \"CategoricalDistribution\", \"attributes\": {\"choices\": [1, 2, 4, 8]}}"}
{"op_code":5,"worker_id":"045c6a49-06dc-488c-a0d7-91a6937a21c5-131069414635328","trial_id":102,"param_name":"gy","param_value_internal":1,"distribution":"{\"name\": \"CategoricalDistribution\", \"attributes\": {\"choices\": [1, 2, 4, 8]}}"}
{"op_code":5,"worker_id":"045c6a49-06dc-488c-a0d7-91a6937a21c5-131069414635328","trial_id":102,"param_name":"sub","param_value_internal":0,"distribution":"{\"name\": \"CategoricalDistribution\", \"attributes\": {\"choices\": [32, 64]}}"}
{"op_code":6,"worker_id":"045c6a49-06dc-488c-a0d7-91a6937a21c5-131069414635328","trial_id":102,"state":2,"values":null,"datetime_complete":"2026-07-24T01:14:14.730549"}
{"op_code":4,"worker_id":"045c6a49-06dc-488c-a0d7-91a6937a21c5-131069414635328","study_id":0,"datetime_start":"2026-07-24T01:14:14.732729"}
{"op_code":9,"worker_id":"045c6a49-06dc-488c-a0d7-91a6937a21c5-131069414635328","trial_id":103,"system_attr":{"tpe:relative_params:0":"{\"gx\": 2, \"gy\": 1, \"k\": 64, \"m\": 16, \"n\": 64, \"sub\": 64}"}}
{"op_code":5,"worker_id":"045c6a49-06dc-488c-a0d7-91a6937a21c5-131069414635328","trial_id":103,"param_name":"m","param_value_internal":0,"distribution":"{\"name\": \"CategoricalDistribution\", \"attributes\": {\"choices\": [16, 32, 64, 128, 256]}}"}
{"op_code":5,"worker_id":"045c6a49-06dc-488c-a0d7-91a6937a21c5-131069414635328","trial_id":103,"param_name":"n","param_value_internal":2,"distribution":"{\"name\": \"CategoricalDistribution\", \"attributes\": {\"choices\": [16, 32, 64, 128, 256]}}"}
{"op_code":5,"worker_id":"045c6a49-06dc-488c-a0d7-91a6937a21c5-131069414635328","trial_id":103,"param_name":"k","param_value_internal":2,"distribution":"{\"name\": \"CategoricalDistribution\", \"attributes\": {\"choices\": [16, 32, 64, 128]}}"}
{"op_code":5,"worker_id":"045c6a49-06dc-488c-a0d7-91a6937a21c5-131069414635328","trial_id":103,"param_name":"gx","param_value_internal":1,"distribution":"{\"name\": \"CategoricalDistribution\", \"attributes\": {\"choices\": [1, 2, 4, 8]}}"}
{"op_code":5,"worker_id":"045c6a49-06dc-488c-a0d7-91a6937a21c5-131069414635328","trial_id":103,"param_name":"gy","param_value_internal":0,"distribution":"{\"name\": \"CategoricalDistribution\", \"attributes\": {\"choices\": [1, 2, 4, 8]}}"}
{"op_code":5,"worker_id":"045c6a49-06dc-488c-a0d7-91a6937a21c5-131069414635328","trial_id":103,"param_name":"sub","param_value_internal":1,"distribution":"{\"name\": \"CategoricalDistribution\", \"attributes\": {\"choices\": [32, 64]}}"}
{"op_code":6,"worker_id":"045c6a49-06dc-488c-a0d7-91a6937a21c5-131069414635328","trial_id":103,"state":2,"values":null,"datetime_complete":"2026-07-24T01:14:14.753058"}
{"op_code":4,"worker_id":"045c6a49-06dc-488c-a0d7-91a6937a21c5-131069414635328","study_id":0,"datetime_start":"2026-07-24T01:14:14.755209"}
{"op_code":9,"worker_id":"045c6a49-06dc-488c-a0d7-91a6937a21c5-131069414635328","trial_id":104,"system_attr":{"tpe:relative_params:0":"{\"gx\": 1, \"gy\": 2, \"k\": 32, \"m\": 128, \"n\": 128, \"sub\": 64}"}}
{"op_code":5,"worker_id":"045c6a49-06dc-488c-a0d7-91a6937a21c5-131069414635328","trial_id":104,"param_name":"m","param_value_internal":3,"distribution":"{\"name\": \"CategoricalDistribution\", \"attributes\": {\"choices\": [16, 32, 64, 128, 256]}}"}
{"op_code":5,"worker_id":"045c6a49-06dc-488c-a0d7-91a6937a21c5-131069414635328","trial_id":104,"param_name":"n","param_value_internal":3,"distribution":"{\"name\": \"CategoricalDistribution\", \"attributes\": {\"choices\": [16, 32, 64, 128, 256]}}"}
{"op_code":5,"worker_id":"045c6a49-06dc-488c-a0d7-91a6937a21c5-131069414635328","trial_id":104,"param_name":"k","param_value_internal":1,"distribution":"{\"name\": \"CategoricalDistribution\", \"attributes\": {\"choices\": [16, 32, 64, 128]}}"}
{"op_code":5,"worker_id":"045c6a49-06dc-488c-a0d7-91a6937a21c5-131069414635328","trial_id":104,"param_name":"gx","param_value_internal":0,"distribution":"{\"name\": \"CategoricalDistribution\", \"attributes\": {\"choices\": [1, 2, 4, 8]}}"}
{"op_code":5,"worker_id":"045c6a49-06dc-488c-a0d7-91a6937a21c5-131069414635328","trial_id":104,"param_name":"gy","param_value_internal":1,"distribution":"{\"name\": \"CategoricalDistribution\", \"attributes\": {\"choices\": [1, 2, 4, 8]}}"}
{"op_code":5,"worker_id":"045c6a49-06dc-488c-a0d7-91a6937a21c5-131069414635328","trial_id":104,"param_name":"sub","param_value_internal":1,"distribution":"{\"name\": \"CategoricalDistribution\", \"attributes\": {\"choices\": [32, 64]}}"}
{"op_code":8,"worker_id":"045c6a49-06dc-488c-a0d7-91a6937a21c5-131069414635328","trial_id":104,"user_attr":{"token":"tsweep_t128x128k32g12s64"}}
{"op_code":4,"worker_id":"045c6a49-06dc-488c-a0d7-91a6937a21c5-131069414635328","study_id":0,"datetime_start":"2026-07-24T01:14:14.777517"}
{"op_code":9,"worker_id":"045c6a49-06dc-488c-a0d7-91a6937a21c5-131069414635328","trial_id":105,"system_attr":{"tpe:relative_params:0":"{\"gx\": 2, \"gy\": 1, \"k\": 16, \"m\": 128, \"n\": 64, \"sub\": 64}"}}
{"op_code":5,"worker_id":"045c6a49-06dc-488c-a0d7-91a6937a21c5-131069414635328","trial_id":105,"param_name":"m","param_value_internal":3,"distribution":"{\"name\": \"CategoricalDistribution\", \"attributes\": {\"choices\": [16, 32, 64, 128, 256]}}"}
{"op_code":5,"worker_id":"045c6a49-06dc-488c-a0d7-91a6937a21c5-131069414635328","trial_id":105,"param_name":"n","param_value_internal":2,"distribution":"{\"name\": \"CategoricalDistribution\", \"attributes\": {\"choices\": [16, 32, 64, 128, 256]}}"}
{"op_code":5,"worker_id":"045c6a49-06dc-488c-a0d7-91a6937a21c5-131069414635328","trial_id":105,"param_name":"k","param_value_internal":0,"distribution":"{\"name\": \"CategoricalDistribution\", \"attributes\": {\"choices\": [16, 32, 64, 128]}}"}
{"op_code":5,"worker_id":"045c6a49-06dc-488c-a0d7-91a6937a21c5-131069414635328","trial_id":105,"param_name":"gx","param_value_internal":1,"distribution":"{\"name\": \"CategoricalDistribution\", \"attributes\": {\"choices\": [1, 2, 4, 8]}}"}
{"op_code":5,"worker_id":"045c6a49-06dc-488c-a0d7-91a6937a21c5-131069414635328","trial_id":105,"param_name":"gy","param_value_internal":0,"distribution":"{\"name\": \"CategoricalDistribution\", \"attributes\": {\"choices\": [1, 2, 4, 8]}}"}
{"op_code":5,"worker_id":"045c6a49-06dc-488c-a0d7-91a6937a21c5-131069414635328","trial_id":105,"param_name":"sub","param_value_internal":1,"distribution":"{\"name\": \"CategoricalDistribution\", \"attributes\": {\"choices\": [32, 64]}}"}
{"op_code":8,"worker_id":"045c6a49-06dc-488c-a0d7-91a6937a21c5-131069414635328","trial_id":105,"user_attr":{"token":"tsweep_t128x64k16g21s64"}}
{"op_code":4,"worker_id":"045c6a49-06dc-488c-a0d7-91a6937a21c5-131069414635328","study_id":0,"datetime_start":"2026-07-24T01:14:14.804784"}
{"op_code":9,"worker_id":"045c6a49-06dc-488c-a0d7-91a6937a21c5-131069414635328","trial_id":106,"system_attr":{"tpe:relative_params:0":"{\"gx\": 1, \"gy\": 2, \"k\": 64, \"m\": 16, \"n\": 32, \"sub\": 32}"}}
{"op_code":5,"worker_id":"045c6a49-06dc-488c-a0d7-91a6937a21c5-131069414635328","trial_id":106,"param_name":"m","param_value_internal":0,"distribution":"{\"name\": \"CategoricalDistribution\", \"attributes\": {\"choices\": [16, 32, 64, 128, 256]}}"}
{"op_code":5,"worker_id":"045c6a49-06dc-488c-a0d7-91a6937a21c5-131069414635328","trial_id":106,"param_name":"n","param_value_internal":1,"distribution":"{\"name\": \"CategoricalDistribution\", \"attributes\": {\"choices\": [16, 32, 64, 128, 256]}}"}
{"op_code":5,"worker_id":"045c6a49-06dc-488c-a0d7-91a6937a21c5-131069414635328","trial_id":106,"param_name":"k","param_value_internal":2,"distribution":"{\"name\": \"CategoricalDistribution\", \"attributes\": {\"choices\": [16, 32, 64, 128]}}"}
{"op_code":5,"worker_id":"045c6a49-06dc-488c-a0d7-91a6937a21c5-131069414635328","trial_id":106,"param_name":"gx","param_value_internal":0,"distribution":"{\"name\": \"CategoricalDistribution\", \"attributes\": {\"choices\": [1, 2, 4, 8]}}"}
{"op_code":5,"worker_id":"045c6a49-06dc-488c-a0d7-91a6937a21c5-131069414635328","trial_id":106,"param_name":"gy","param_value_internal":1,"distribution":"{\"name\": \"CategoricalDistribution\", \"attributes\": {\"choices\": [1, 2, 4, 8]}}"}
{"op_code":5,"worker_id":"045c6a49-06dc-488c-a0d7-91a6937a21c5-131069414635328","trial_id":106,"param_name":"sub","param_value_internal":0,"distribution":"{\"name\": \"CategoricalDistribution\", \"attributes\": {\"choices\": [32, 64]}}"}
{"op_code":6,"worker_id":"045c6a49-06dc-488c-a0d7-91a6937a21c5-131069414635328","trial_id":106,"state":2,"values":null,"datetime_complete":"2026-07-24T01:14:14.829951"}
{"op_code":4,"worker_id":"045c6a49-06dc-488c-a0d7-91a6937a21c5-131069414635328","study_id":0,"datetime_start":"2026-07-24T01:14:14.832015"}
{"op_code":9,"worker_id":"045c6a49-06dc-488c-a0d7-91a6937a21c5-131069414635328","trial_id":107,"system_attr":{"tpe:relative_params:0":"{\"gx\": 1, \"gy\": 8, \"k\": 64, \"m\": 16, \"n\": 64, \"sub\": 64}"}}
{"op_code":5,"worker_id":"045c6a49-06dc-488c-a0d7-91a6937a21c5-131069414635328","trial_id":107,"param_name":"m","param_value_internal":0,"distribution":"{\"name\": \"CategoricalDistribution\", \"attributes\": {\"choices\": [16, 32, 64, 128, 256]}}"}
{"op_code":5,"worker_id":"045c6a49-06dc-488c-a0d7-91a6937a21c5-131069414635328","trial_id":107,"param_name":"n","param_value_internal":2,"distribution":"{\"name\": \"CategoricalDistribution\", \"attributes\": {\"choices\": [16, 32, 64, 128, 256]}}"}
{"op_code":5,"worker_id":"045c6a49-06dc-488c-a0d7-91a6937a21c5-131069414635328","trial_id":107,"param_name":"k","param_value_internal":2,"distribution":"{\"name\": \"CategoricalDistribution\", \"attributes\": {\"choices\": [16, 32, 64, 128]}}"}
{"op_code":5,"worker_id":"045c6a49-06dc-488c-a0d7-91a6937a21c5-131069414635328","trial_id":107,"param_name":"gx","param_value_internal":0,"distribution":"{\"name\": \"CategoricalDistribution\", \"attributes\": {\"choices\": [1, 2, 4, 8]}}"}
{"op_code":5,"worker_id":"045c6a49-06dc-488c-a0d7-91a6937a21c5-131069414635328","trial_id":107,"param_name":"gy","param_value_internal":3,"distribution":"{\"name\": \"CategoricalDistribution\", \"attributes\": {\"choices\": [1, 2, 4, 8]}}"}
{"op_code":5,"worker_id":"045c6a49-06dc-488c-a0d7-91a6937a21c5-131069414635328","trial_id":107,"param_name":"sub","param_value_internal":1,"distribution":"{\"name\": \"CategoricalDistribution\", \"attributes\": {\"choices\": [32, 64]}}"}
{"op_code":6,"worker_id":"045c6a49-06dc-488c-a0d7-91a6937a21c5-131069414635328","trial_id":107,"state":2,"values":null,"datetime_complete":"2026-07-24T01:14:14.852521"}
{"op_code":4,"worker_id":"045c6a49-06dc-488c-a0d7-91a6937a21c5-131069414635328","study_id":0,"datetime_start":"2026-07-24T01:14:14.854712"}
{"op_code":9,"worker_id":"045c6a49-06dc-488c-a0d7-91a6937a21c5-131069414635328","trial_id":108,"system_attr":{"tpe:relative_params:0":"{\"gx\": 4, \"gy\": 1, \"k\": 16, \"m\": 16, \"n\": 32, \"sub\": 32}"}}
{"op_code":5,"worker_id":"045c6a49-06dc-488c-a0d7-91a6937a21c5-131069414635328","trial_id":108,"param_name":"m","param_value_internal":0,"distribution":"{\"name\": \"CategoricalDistribution\", \"attributes\": {\"choices\": [16, 32, 64, 128, 256]}}"}
{"op_code":5,"worker_id":"045c6a49-06dc-488c-a0d7-91a6937a21c5-131069414635328","trial_id":108,"param_name":"n","param_value_internal":1,"distribution":"{\"name\": \"CategoricalDistribution\", \"attributes\": {\"choices\": [16, 32, 64, 128, 256]}}"}
{"op_code":5,"worker_id":"045c6a49-06dc-488c-a0d7-91a6937a21c5-131069414635328","trial_id":108,"param_name":"k","param_value_internal":0,"distribution":"{\"name\": \"CategoricalDistribution\", \"attributes\": {\"choices\": [16, 32, 64, 128]}}"}
{"op_code":5,"worker_id":"045c6a49-06dc-488c-a0d7-91a6937a21c5-131069414635328","trial_id":108,"param_name":"gx","param_value_internal":2,"distribution":"{\"name\": \"CategoricalDistribution\", \"attributes\": {\"choices\": [1, 2, 4, 8]}}"}
{"op_code":5,"worker_id":"045c6a49-06dc-488c-a0d7-91a6937a21c5-131069414635328","trial_id":108,"param_name":"gy","param_value_internal":0,"distribution":"{\"name\": \"CategoricalDistribution\", \"attributes\": {\"choices\": [1, 2, 4, 8]}}"}
{"op_code":5,"worker_id":"045c6a49-06dc-488c-a0d7-91a6937a21c5-131069414635328","trial_id":108,"param_name":"sub","param_value_internal":0,"distribution":"{\"name\": \"CategoricalDistribution\", \"attributes\": {\"choices\": [32, 64]}}"}
{"op_code":6,"worker_id":"045c6a49-06dc-488c-a0d7-91a6937a21c5-131069414635328","trial_id":108,"state":2,"values":null,"datetime_complete":"2026-07-24T01:14:14.873876"}
{"op_code":4,"worker_id":"045c6a49-06dc-488c-a0d7-91a6937a21c5-131069414635328","study_id":0,"datetime_start":"2026-07-24T01:14:14.875954"}
{"op_code":9,"worker_id":"045c6a49-06dc-488c-a0d7-91a6937a21c5-131069414635328","trial_id":109,"system_attr":{"tpe:relative_params:0":"{\"gx\": 2, \"gy\": 2, \"k\": 32, \"m\": 16, \"n\": 128, \"sub\": 32}"}}
{"op_code":5,"worker_id":"045c6a49-06dc-488c-a0d7-91a6937a21c5-131069414635328","trial_id":109,"param_name":"m","param_value_internal":0,"distribution":"{\"name\": \"CategoricalDistribution\", \"attributes\": {\"choices\": [16, 32, 64, 128, 256]}}"}
{"op_code":5,"worker_id":"045c6a49-06dc-488c-a0d7-91a6937a21c5-131069414635328","trial_id":109,"param_name":"n","param_value_internal":3,"distribution":"{\"name\": \"CategoricalDistribution\", \"attributes\": {\"choices\": [16, 32, 64, 128, 256]}}"}
{"op_code":5,"worker_id":"045c6a49-06dc-488c-a0d7-91a6937a21c5-131069414635328","trial_id":109,"param_name":"k","param_value_internal":1,"distribution":"{\"name\": \"CategoricalDistribution\", \"attributes\": {\"choices\": [16, 32, 64, 128]}}"}
{"op_code":5,"worker_id":"045c6a49-06dc-488c-a0d7-91a6937a21c5-131069414635328","trial_id":109,"param_name":"gx","param_value_internal":1,"distribution":"{\"name\": \"CategoricalDistribution\", \"attributes\": {\"choices\": [1, 2, 4, 8]}}"}
{"op_code":5,"worker_id":"045c6a49-06dc-488c-a0d7-91a6937a21c5-131069414635328","trial_id":109,"param_name":"gy","param_value_internal":1,"distribution":"{\"name\": \"CategoricalDistribution\", \"attributes\": {\"choices\": [1, 2, 4, 8]}}"}
{"op_code":5,"worker_id":"045c6a49-06dc-488c-a0d7-91a6937a21c5-131069414635328","trial_id":109,"param_name":"sub","param_value_internal":0,"distribution":"{\"name\": \"CategoricalDistribution\", \"attributes\": {\"choices\": [32, 64]}}"}
{"op_code":6,"worker_id":"045c6a49-06dc-488c-a0d7-91a6937a21c5-131069414635328","trial_id":109,"state":2,"values":null,"datetime_complete":"2026-07-24T01:14:14.896795"}
{"op_code":4,"worker_id":"045c6a49-06dc-488c-a0d7-91a6937a21c5-131069414635328","study_id":0,"datetime_start":"2026-07-24T01:14:14.898968"}
{"op_code":9,"worker_id":"045c6a49-06dc-488c-a0d7-91a6937a21c5-131069414635328","trial_id":110,"system_attr":{"tpe:relative_params:0":"{\"gx\": 2, \"gy\": 2, \"k\": 64, \"m\": 32, \"n\": 64, \"sub\": 64}"}}
{"op_code":5,"worker_id":"045c6a49-06dc-488c-a0d7-91a6937a21c5-131069414635328","trial_id":110,"param_name":"m","param_value_internal":1,"distribution":"{\"name\": \"CategoricalDistribution\", \"attributes\": {\"choices\": [16, 32, 64, 128, 256]}}"}
{"op_code":5,"worker_id":"045c6a49-06dc-488c-a0d7-91a6937a21c5-131069414635328","trial_id":110,"param_name":"n","param_value_internal":2,"distribution":"{\"name\": \"CategoricalDistribution\", \"attributes\": {\"choices\": [16, 32, 64, 128, 256]}}"}
{"op_code":5,"worker_id":"045c6a49-06dc-488c-a0d7-91a6937a21c5-131069414635328","trial_id":110,"param_name":"k","param_value_internal":2,"distribution":"{\"name\": \"CategoricalDistribution\", \"attributes\": {\"choices\": [16, 32, 64, 128]}}"}
{"op_code":5,"worker_id":"045c6a49-06dc-488c-a0d7-91a6937a21c5-131069414635328","trial_id":110,"param_name":"gx","param_value_internal":1,"distribution":"{\"name\": \"CategoricalDistribution\", \"attributes\": {\"choices\": [1, 2, 4, 8]}}"}
{"op_code":5,"worker_id":"045c6a49-06dc-488c-a0d7-91a6937a21c5-131069414635328","trial_id":110,"param_name":"gy","param_value_internal":1,"distribution":"{\"name\": \"CategoricalDistribution\", \"attributes\": {\"choices\": [1, 2, 4, 8]}}"}
{"op_code":5,"worker_id":"045c6a49-06dc-488c-a0d7-91a6937a21c5-131069414635328","trial_id":110,"param_name":"sub","param_value_internal":1,"distribution":"{\"name\": \"CategoricalDistribution\", \"attributes\": {\"choices\": [32, 64]}}"}
{"op_code":8,"worker_id":"045c6a49-06dc-488c-a0d7-91a6937a21c5-131069414635328","trial_id":110,"user_attr":{"token":"tsweep_t32x64k64g22s64"}}
{"op_code":4,"worker_id":"045c6a49-06dc-488c-a0d7-91a6937a21c5-131069414635328","study_id":0,"datetime_start":"2026-07-24T01:14:14.920997"}
{"op_code":9,"worker_id":"045c6a49-06dc-488c-a0d7-91a6937a21c5-131069414635328","trial_id":111,"system_attr":{"tpe:relative_params:0":"{\"gx\": 2, \"gy\": 2, \"k\": 64, \"m\": 32, \"n\": 32, \"sub\": 32}"}}
{"op_code":5,"worker_id":"045c6a49-06dc-488c-a0d7-91a6937a21c5-131069414635328","trial_id":111,"param_name":"m","param_value_internal":1,"distribution":"{\"name\": \"CategoricalDistribution\", \"attributes\": {\"choices\": [16, 32, 64, 128, 256]}}"}
{"op_code":5,"worker_id":"045c6a49-06dc-488c-a0d7-91a6937a21c5-131069414635328","trial_id":111,"param_name":"n","param_value_internal":1,"distribution":"{\"name\": \"CategoricalDistribution\", \"attributes\": {\"choices\": [16, 32, 64, 128, 256]}}"}
{"op_code":5,"worker_id":"045c6a49-06dc-488c-a0d7-91a6937a21c5-131069414635328","trial_id":111,"param_name":"k","param_value_internal":2,"distribution":"{\"name\": \"CategoricalDistribution\", \"attributes\": {\"choices\": [16, 32, 64, 128]}}"}
{"op_code":5,"worker_id":"045c6a49-06dc-488c-a0d7-91a6937a21c5-131069414635328","trial_id":111,"param_name":"gx","param_value_internal":1,"distribution":"{\"name\": \"CategoricalDistribution\", \"attributes\": {\"choices\": [1, 2, 4, 8]}}"}
{"op_code":5,"worker_id":"045c6a49-06dc-488c-a0d7-91a6937a21c5-131069414635328","trial_id":111,"param_name":"gy","param_value_internal":1,"distribution":"{\"name\": \"CategoricalDistribution\", \"attributes\": {\"choices\": [1, 2, 4, 8]}}"}
{"op_code":5,"worker_id":"045c6a49-06dc-488c-a0d7-91a6937a21c5-131069414635328","trial_id":111,"param_name":"sub","param_value_internal":0,"distribution":"{\"name\": \"CategoricalDistribution\", \"attributes\": {\"choices\": [32, 64]}}"}
{"op_code":8,"worker_id":"045c6a49-06dc-488c-a0d7-91a6937a21c5-131069414635328","trial_id":111,"user_attr":{"token":"tsweep_t32x32k64g22s32"}}
{"op_code":4,"worker_id":"045c6a49-06dc-488c-a0d7-91a6937a21c5-131069414635328","study_id":0,"datetime_start":"2026-07-24T01:14:14.942963"}
{"op_code":9,"worker_id":"045c6a49-06dc-488c-a0d7-91a6937a21c5-131069414635328","trial_id":112,"system_attr":{"tpe:relative_params:0":"{\"gx\": 1, \"gy\": 1, \"k\": 64, \"m\": 128, \"n\": 32, \"sub\": 64}"}}
{"op_code":5,"worker_id":"045c6a49-06dc-488c-a0d7-91a6937a21c5-131069414635328","trial_id":112,"param_name":"m","param_value_internal":3,"distribution":"{\"name\": \"CategoricalDistribution\", \"attributes\": {\"choices\": [16, 32, 64, 128, 256]}}"}
{"op_code":5,"worker_id":"045c6a49-06dc-488c-a0d7-91a6937a21c5-131069414635328","trial_id":112,"param_name":"n","param_value_internal":1,"distribution":"{\"name\": \"CategoricalDistribution\", \"attributes\": {\"choices\": [16, 32, 64, 128, 256]}}"}
{"op_code":5,"worker_id":"045c6a49-06dc-488c-a0d7-91a6937a21c5-131069414635328","trial_id":112,"param_name":"k","param_value_internal":2,"distribution":"{\"name\": \"CategoricalDistribution\", \"attributes\": {\"choices\": [16, 32, 64, 128]}}"}
{"op_code":5,"worker_id":"045c6a49-06dc-488c-a0d7-91a6937a21c5-131069414635328","trial_id":112,"param_name":"gx","param_value_internal":0,"distribution":"{\"name\": \"CategoricalDistribution\", \"attributes\": {\"choices\": [1, 2, 4, 8]}}"}
{"op_code":5,"worker_id":"045c6a49-06dc-488c-a0d7-91a6937a21c5-131069414635328","trial_id":112,"param_name":"gy","param_value_internal":0,"distribution":"{\"name\": \"CategoricalDistribution\", \"attributes\": {\"choices\": [1, 2, 4, 8]}}"}
{"op_code":5,"worker_id":"045c6a49-06dc-488c-a0d7-91a6937a21c5-131069414635328","trial_id":112,"param_name":"sub","param_value_internal":1,"distribution":"{\"name\": \"CategoricalDistribution\", \"attributes\": {\"choices\": [32, 64]}}"}
{"op_code":8,"worker_id":"045c6a49-06dc-488c-a0d7-91a6937a21c5-131069414635328","trial_id":112,"user_attr":{"token":"tsweep_t128x32k64g11s64"}}
{"op_code":4,"worker_id":"045c6a49-06dc-488c-a0d7-91a6937a21c5-131069414635328","study_id":0,"datetime_start":"2026-07-24T01:14:14.964961"}
{"op_code":9,"worker_id":"045c6a49-06dc-488c-a0d7-91a6937a21c5-131069414635328","trial_id":113,"system_attr":{"tpe:relative_params:0":"{\"gx\": 2, \"gy\": 1, \"k\": 128, \"m\": 64, \"n\": 128, \"sub\": 32}"}}
{"op_code":5,"worker_id":"045c6a49-06dc-488c-a0d7-91a6937a21c5-131069414635328","trial_id":113,"param_name":"m","param_value_internal":2,"distribution":"{\"name\": \"CategoricalDistribution\", \"attributes\": {\"choices\": [16, 32, 64, 128, 256]}}"}
{"op_code":5,"worker_id":"045c6a49-06dc-488c-a0d7-91a6937a21c5-131069414635328","trial_id":113,"param_name":"n","param_value_internal":3,"distribution":"{\"name\": \"CategoricalDistribution\", \"attributes\": {\"choices\": [16, 32, 64, 128, 256]}}"}
{"op_code":5,"worker_id":"045c6a49-06dc-488c-a0d7-91a6937a21c5-131069414635328","trial_id":113,"param_name":"k","param_value_internal":3,"distribution":"{\"name\": \"CategoricalDistribution\", \"attributes\": {\"choices\": [16, 32, 64, 128]}}"}
{"op_code":5,"worker_id":"045c6a49-06dc-488c-a0d7-91a6937a21c5-131069414635328","trial_id":113,"param_name":"gx","param_value_internal":1,"distribution":"{\"name\": \"CategoricalDistribution\", \"attributes\": {\"choices\": [1, 2, 4, 8]}}"}
{"op_code":5,"worker_id":"045c6a49-06dc-488c-a0d7-91a6937a21c5-131069414635328","trial_id":113,"param_name":"gy","param_value_internal":0,"distribution":"{\"name\": \"CategoricalDistribution\", \"attributes\": {\"choices\": [1, 2, 4, 8]}}"}
{"op_code":5,"worker_id":"045c6a49-06dc-488c-a0d7-91a6937a21c5-131069414635328","trial_id":113,"param_name":"sub","param_value_internal":0,"distribution":"{\"name\": \"CategoricalDistribution\", \"attributes\": {\"choices\": [32, 64]}}"}
{"op_code":6,"worker_id":"045c6a49-06dc-488c-a0d7-91a6937a21c5-131069414635328","trial_id":113,"state":2,"values":null,"datetime_complete":"2026-07-24T01:14:14.985809"}
{"op_code":4,"worker_id":"045c6a49-06dc-488c-a0d7-91a6937a21c5-131069414635328","study_id":0,"datetime_start":"2026-07-24T01:14:14.987925"}
{"op_code":9,"worker_id":"045c6a49-06dc-488c-a0d7-91a6937a21c5-131069414635328","trial_id":114,"system_attr":{"tpe:relative_params:0":"{\"gx\": 2, \"gy\": 8, \"k\": 32, \"m\": 128, \"n\": 16, \"sub\": 32}"}}
{"op_code":5,"worker_id":"045c6a49-06dc-488c-a0d7-91a6937a21c5-131069414635328","trial_id":114,"param_name":"m","param_value_internal":3,"distribution":"{\"name\": \"CategoricalDistribution\", \"attributes\": {\"choices\": [16, 32, 64, 128, 256]}}"}
{"op_code":5,"worker_id":"045c6a49-06dc-488c-a0d7-91a6937a21c5-131069414635328","trial_id":114,"param_name":"n","param_value_internal":0,"distribution":"{\"name\": \"CategoricalDistribution\", \"attributes\": {\"choices\": [16, 32, 64, 128, 256]}}"}
{"op_code":5,"worker_id":"045c6a49-06dc-488c-a0d7-91a6937a21c5-131069414635328","trial_id":114,"param_name":"k","param_value_internal":1,"distribution":"{\"name\": \"CategoricalDistribution\", \"attributes\": {\"choices\": [16, 32, 64, 128]}}"}
{"op_code":5,"worker_id":"045c6a49-06dc-488c-a0d7-91a6937a21c5-131069414635328","trial_id":114,"param_name":"gx","param_value_internal":1,"distribution":"{\"name\": \"CategoricalDistribution\", \"attributes\": {\"choices\": [1, 2, 4, 8]}}"}
{"op_code":5,"worker_id":"045c6a49-06dc-488c-a0d7-91a6937a21c5-131069414635328","trial_id":114,"param_name":"gy","param_value_internal":3,"distribution":"{\"name\": \"CategoricalDistribution\", \"attributes\": {\"choices\": [1, 2, 4, 8]}}"}
{"op_code":5,"worker_id":"045c6a49-06dc-488c-a0d7-91a6937a21c5-131069414635328","trial_id":114,"param_name":"sub","param_value_internal":0,"distribution":"{\"name\": \"CategoricalDistribution\", \"attributes\": {\"choices\": [32, 64]}}"}
{"op_code":6,"worker_id":"045c6a49-06dc-488c-a0d7-91a6937a21c5-131069414635328","trial_id":114,"state":2,"values":null,"datetime_complete":"2026-07-24T01:14:15.009041"}
{"op_code":4,"worker_id":"045c6a49-06dc-488c-a0d7-91a6937a21c5-131069414635328","study_id":0,"datetime_start":"2026-07-24T01:14:15.011217"}
{"op_code":9,"worker_id":"045c6a49-06dc-488c-a0d7-91a6937a21c5-131069414635328","trial_id":115,"system_attr":{"tpe:relative_params:0":"{\"gx\": 1, \"gy\": 2, \"k\": 64, \"m\": 64, \"n\": 256, \"sub\": 64}"}}
{"op_code":5,"worker_id":"045c6a49-06dc-488c-a0d7-91a6937a21c5-131069414635328","trial_id":115,"param_name":"m","param_value_internal":2,"distribution":"{\"name\": \"CategoricalDistribution\", \"attributes\": {\"choices\": [16, 32, 64, 128, 256]}}"}
{"op_code":5,"worker_id":"045c6a49-06dc-488c-a0d7-91a6937a21c5-131069414635328","trial_id":115,"param_name":"n","param_value_internal":4,"distribution":"{\"name\": \"CategoricalDistribution\", \"attributes\": {\"choices\": [16, 32, 64, 128, 256]}}"}
{"op_code":5,"worker_id":"045c6a49-06dc-488c-a0d7-91a6937a21c5-131069414635328","trial_id":115,"param_name":"k","param_value_internal":2,"distribution":"{\"name\": \"CategoricalDistribution\", \"attributes\": {\"choices\": [16, 32, 64, 128]}}"}
{"op_code":5,"worker_id":"045c6a49-06dc-488c-a0d7-91a6937a21c5-131069414635328","trial_id":115,"param_name":"gx","param_value_internal":0,"distribution":"{\"name\": \"CategoricalDistribution\", \"attributes\": {\"choices\": [1, 2, 4, 8]}}"}
{"op_code":5,"worker_id":"045c6a49-06dc-488c-a0d7-91a6937a21c5-131069414635328","trial_id":115,"param_name":"gy","param_value_internal":1,"distribution":"{\"name\": \"CategoricalDistribution\", \"attributes\": {\"choices\": [1, 2, 4, 8]}}"}
{"op_code":5,"worker_id":"045c6a49-06dc-488c-a0d7-91a6937a21c5-131069414635328","trial_id":115,"param_name":"sub","param_value_internal":1,"distribution":"{\"name\": \"CategoricalDistribution\", \"attributes\": {\"choices\": [32, 64]}}"}
{"op_code":6,"worker_id":"045c6a49-06dc-488c-a0d7-91a6937a21c5-131069414635328","trial_id":115,"state":2,"values":null,"datetime_complete":"2026-07-24T01:14:15.031422"}
{"op_code":4,"worker_id":"045c6a49-06dc-488c-a0d7-91a6937a21c5-131069414635328","study_id":0,"datetime_start":"2026-07-24T01:14:15.033451"}
{"op_code":9,"worker_id":"045c6a49-06dc-488c-a0d7-91a6937a21c5-131069414635328","trial_id":116,"system_attr":{"tpe:relative_params:0":"{\"gx\": 1, \"gy\": 8, \"k\": 64, \"m\": 32, \"n\": 128, \"sub\": 32}"}}
{"op_code":5,"worker_id":"045c6a49-06dc-488c-a0d7-91a6937a21c5-131069414635328","trial_id":116,"param_name":"m","param_value_internal":1,"distribution":"{\"name\": \"CategoricalDistribution\", \"attributes\": {\"choices\": [16, 32, 64, 128, 256]}}"}
{"op_code":5,"worker_id":"045c6a49-06dc-488c-a0d7-91a6937a21c5-131069414635328","trial_id":116,"param_name":"n","param_value_internal":3,"distribution":"{\"name\": \"CategoricalDistribution\", \"attributes\": {\"choices\": [16, 32, 64, 128, 256]}}"}
{"op_code":5,"worker_id":"045c6a49-06dc-488c-a0d7-91a6937a21c5-131069414635328","trial_id":116,"param_name":"k","param_value_internal":2,"distribution":"{\"name\": \"CategoricalDistribution\", \"attributes\": {\"choices\": [16, 32, 64, 128]}}"}
{"op_code":5,"worker_id":"045c6a49-06dc-488c-a0d7-91a6937a21c5-131069414635328","trial_id":116,"param_name":"gx","param_value_internal":0,"distribution":"{\"name\": \"CategoricalDistribution\", \"attributes\": {\"choices\": [1, 2, 4, 8]}}"}
{"op_code":5,"worker_id":"045c6a49-06dc-488c-a0d7-91a6937a21c5-131069414635328","trial_id":116,"param_name":"gy","param_value_internal":3,"distribution":"{\"name\": \"CategoricalDistribution\", \"attributes\": {\"choices\": [1, 2, 4, 8]}}"}
{"op_code":5,"worker_id":"045c6a49-06dc-488c-a0d7-91a6937a21c5-131069414635328","trial_id":116,"param_name":"sub","param_value_internal":0,"distribution":"{\"name\": \"CategoricalDistribution\", \"attributes\": {\"choices\": [32, 64]}}"}
{"op_code":6,"worker_id":"045c6a49-06dc-488c-a0d7-91a6937a21c5-131069414635328","trial_id":116,"state":2,"values":null,"datetime_complete":"2026-07-24T01:14:15.053781"}
{"op_code":4,"worker_id":"045c6a49-06dc-488c-a0d7-91a6937a21c5-131069414635328","study_id":0,"datetime_start":"2026-07-24T01:14:15.055826"}
{"op_code":9,"worker_id":"045c6a49-06dc-488c-a0d7-91a6937a21c5-131069414635328","trial_id":117,"system_attr":{"tpe:relative_params:0":"{\"gx\": 8, \"gy\": 8, \"k\": 32, \"m\": 128, \"n\": 32, \"sub\": 32}"}}
{"op_code":5,"worker_id":"045c6a49-06dc-488c-a0d7-91a6937a21c5-131069414635328","trial_id":117,"param_name":"m","param_value_internal":3,"distribution":"{\"name\": \"CategoricalDistribution\", \"attributes\": {\"choices\": [16, 32, 64, 128, 256]}}"}
{"op_code":5,"worker_id":"045c6a49-06dc-488c-a0d7-91a6937a21c5-131069414635328","trial_id":117,"param_name":"n","param_value_internal":1,"distribution":"{\"name\": \"CategoricalDistribution\", \"attributes\": {\"choices\": [16, 32, 64, 128, 256]}}"}
{"op_code":5,"worker_id":"045c6a49-06dc-488c-a0d7-91a6937a21c5-131069414635328","trial_id":117,"param_name":"k","param_value_internal":1,"distribution":"{\"name\": \"CategoricalDistribution\", \"attributes\": {\"choices\": [16, 32, 64, 128]}}"}
{"op_code":5,"worker_id":"045c6a49-06dc-488c-a0d7-91a6937a21c5-131069414635328","trial_id":117,"param_name":"gx","param_value_internal":3,"distribution":"{\"name\": \"CategoricalDistribution\", \"attributes\": {\"choices\": [1, 2, 4, 8]}}"}
{"op_code":5,"worker_id":"045c6a49-06dc-488c-a0d7-91a6937a21c5-131069414635328","trial_id":117,"param_name":"gy","param_value_internal":3,"distribution":"{\"name\": \"CategoricalDistribution\", \"attributes\": {\"choices\": [1, 2, 4, 8]}}"}
{"op_code":5,"worker_id":"045c6a49-06dc-488c-a0d7-91a6937a21c5-131069414635328","trial_id":117,"param_name":"sub","param_value_internal":0,"distribution":"{\"name\": \"CategoricalDistribution\", \"attributes\": {\"choices\": [32, 64]}}"}
{"op_code":6,"worker_id":"045c6a49-06dc-488c-a0d7-91a6937a21c5-131069414635328","trial_id":117,"state":2,"values":null,"datetime_complete":"2026-07-24T01:14:15.077089"}
{"op_code":4,"worker_id":"045c6a49-06dc-488c-a0d7-91a6937a21c5-131069414635328","study_id":0,"datetime_start":"2026-07-24T01:14:15.079433"}
{"op_code":9,"worker_id":"045c6a49-06dc-488c-a0d7-91a6937a21c5-131069414635328","trial_id":118,"system_attr":{"tpe:relative_params:0":"{\"gx\": 1, \"gy\": 8, \"k\": 32, \"m\": 16, \"n\": 32, \"sub\": 64}"}}
{"op_code":5,"worker_id":"045c6a49-06dc-488c-a0d7-91a6937a21c5-131069414635328","trial_id":118,"param_name":"m","param_value_internal":0,"distribution":"{\"name\": \"CategoricalDistribution\", \"attributes\": {\"choices\": [16, 32, 64, 128, 256]}}"}
{"op_code":5,"worker_id":"045c6a49-06dc-488c-a0d7-91a6937a21c5-131069414635328","trial_id":118,"param_name":"n","param_value_internal":1,"distribution":"{\"name\": \"CategoricalDistribution\", \"attributes\": {\"choices\": [16, 32, 64, 128, 256]}}"}
{"op_code":5,"worker_id":"045c6a49-06dc-488c-a0d7-91a6937a21c5-131069414635328","trial_id":118,"param_name":"k","param_value_internal":1,"distribution":"{\"name\": \"CategoricalDistribution\", \"attributes\": {\"choices\": [16, 32, 64, 128]}}"}
{"op_code":5,"worker_id":"045c6a49-06dc-488c-a0d7-91a6937a21c5-131069414635328","trial_id":118,"param_name":"gx","param_value_internal":0,"distribution":"{\"name\": \"CategoricalDistribution\", \"attributes\": {\"choices\": [1, 2, 4, 8]}}"}
{"op_code":5,"worker_id":"045c6a49-06dc-488c-a0d7-91a6937a21c5-131069414635328","trial_id":118,"param_name":"gy","param_value_internal":3,"distribution":"{\"name\": \"CategoricalDistribution\", \"attributes\": {\"choices\": [1, 2, 4, 8]}}"}
{"op_code":5,"worker_id":"045c6a49-06dc-488c-a0d7-91a6937a21c5-131069414635328","trial_id":118,"param_name":"sub","param_value_internal":1,"distribution":"{\"name\": \"CategoricalDistribution\", \"attributes\": {\"choices\": [32, 64]}}"}
{"op_code":6,"worker_id":"045c6a49-06dc-488c-a0d7-91a6937a21c5-131069414635328","trial_id":118,"state":2,"values":null,"datetime_complete":"2026-07-24T01:14:15.100035"}
{"op_code":4,"worker_id":"045c6a49-06dc-488c-a0d7-91a6937a21c5-131069414635328","study_id":0,"datetime_start":"2026-07-24T01:14:15.102018"}
{"op_code":9,"worker_id":"045c6a49-06dc-488c-a0d7-91a6937a21c5-131069414635328","trial_id":119,"system_attr":{"tpe:relative_params:0":"{\"gx\": 1, \"gy\": 1, \"k\": 32, \"m\": 64, \"n\": 32, \"sub\": 64}"}}
{"op_code":5,"worker_id":"045c6a49-06dc-488c-a0d7-91a6937a21c5-131069414635328","trial_id":119,"param_name":"m","param_value_internal":2,"distribution":"{\"name\": \"CategoricalDistribution\", \"attributes\": {\"choices\": [16, 32, 64, 128, 256]}}"}
{"op_code":5,"worker_id":"045c6a49-06dc-488c-a0d7-91a6937a21c5-131069414635328","trial_id":119,"param_name":"n","param_value_internal":1,"distribution":"{\"name\": \"CategoricalDistribution\", \"attributes\": {\"choices\": [16, 32, 64, 128, 256]}}"}
{"op_code":5,"worker_id":"045c6a49-06dc-488c-a0d7-91a6937a21c5-131069414635328","trial_id":119,"param_name":"k","param_value_internal":1,"distribution":"{\"name\": \"CategoricalDistribution\", \"attributes\": {\"choices\": [16, 32, 64, 128]}}"}
{"op_code":5,"worker_id":"045c6a49-06dc-488c-a0d7-91a6937a21c5-131069414635328","trial_id":119,"param_name":"gx","param_value_internal":0,"distribution":"{\"name\": \"CategoricalDistribution\", \"attributes\": {\"choices\": [1, 2, 4, 8]}}"}
{"op_code":5,"worker_id":"045c6a49-06dc-488c-a0d7-91a6937a21c5-131069414635328","trial_id":119,"param_name":"gy","param_value_internal":0,"distribution":"{\"name\": \"CategoricalDistribution\", \"attributes\": {\"choices\": [1, 2, 4, 8]}}"}
{"op_code":5,"worker_id":"045c6a49-06dc-488c-a0d7-91a6937a21c5-131069414635328","trial_id":119,"param_name":"sub","param_value_internal":1,"distribution":"{\"name\": \"CategoricalDistribution\", \"attributes\": {\"choices\": [32, 64]}}"}
{"op_code":8,"worker_id":"045c6a49-06dc-488c-a0d7-91a6937a21c5-131069414635328","trial_id":119,"user_attr":{"token":"tsweep_t64x32k32g11s64"}}
{"op_code":4,"worker_id":"045c6a49-06dc-488c-a0d7-91a6937a21c5-131069414635328","study_id":0,"datetime_start":"2026-07-24T01:14:15.123606"}
{"op_code":9,"worker_id":"045c6a49-06dc-488c-a0d7-91a6937a21c5-131069414635328","trial_id":120,"system_attr":{"tpe:relative_params:0":"{\"gx\": 4, \"gy\": 1, \"k\": 32, \"m\": 16, \"n\": 32, \"sub\": 64}"}}
{"op_code":5,"worker_id":"045c6a49-06dc-488c-a0d7-91a6937a21c5-131069414635328","trial_id":120,"param_name":"m","param_value_internal":0,"distribution":"{\"name\": \"CategoricalDistribution\", \"attributes\": {\"choices\": [16, 32, 64, 128, 256]}}"}
{"op_code":5,"worker_id":"045c6a49-06dc-488c-a0d7-91a6937a21c5-131069414635328","trial_id":120,"param_name":"n","param_value_internal":1,"distribution":"{\"name\": \"CategoricalDistribution\", \"attributes\": {\"choices\": [16, 32, 64, 128, 256]}}"}
{"op_code":5,"worker_id":"045c6a49-06dc-488c-a0d7-91a6937a21c5-131069414635328","trial_id":120,"param_name":"k","param_value_internal":1,"distribution":"{\"name\": \"CategoricalDistribution\", \"attributes\": {\"choices\": [16, 32, 64, 128]}}"}
{"op_code":5,"worker_id":"045c6a49-06dc-488c-a0d7-91a6937a21c5-131069414635328","trial_id":120,"param_name":"gx","param_value_internal":2,"distribution":"{\"name\": \"CategoricalDistribution\", \"attributes\": {\"choices\": [1, 2, 4, 8]}}"}
{"op_code":5,"worker_id":"045c6a49-06dc-488c-a0d7-91a6937a21c5-131069414635328","trial_id":120,"param_name":"gy","param_value_internal":0,"distribution":"{\"name\": \"CategoricalDistribution\", \"attributes\": {\"choices\": [1, 2, 4, 8]}}"}
{"op_code":5,"worker_id":"045c6a49-06dc-488c-a0d7-91a6937a21c5-131069414635328","trial_id":120,"param_name":"sub","param_value_internal":1,"distribution":"{\"name\": \"CategoricalDistribution\", \"attributes\": {\"choices\": [32, 64]}}"}
{"op_code":6,"worker_id":"045c6a49-06dc-488c-a0d7-91a6937a21c5-131069414635328","trial_id":120,"state":2,"values":null,"datetime_complete":"2026-07-24T01:14:15.143770"}
{"op_code":4,"worker_id":"045c6a49-06dc-488c-a0d7-91a6937a21c5-131069414635328","study_id":0,"datetime_start":"2026-07-24T01:14:15.145638"}
{"op_code":9,"worker_id":"045c6a49-06dc-488c-a0d7-91a6937a21c5-131069414635328","trial_id":121,"system_attr":{"tpe:relative_params:0":"{\"gx\": 1, \"gy\": 1, \"k\": 32, \"m\": 16, \"n\": 32, \"sub\": 64}"}}
{"op_code":5,"worker_id":"045c6a49-06dc-488c-a0d7-91a6937a21c5-131069414635328","trial_id":121,"param_name":"m","param_value_internal":0,"distribution":"{\"name\": \"CategoricalDistribution\", \"attributes\": {\"choices\": [16, 32, 64, 128, 256]}}"}
{"op_code":5,"worker_id":"045c6a49-06dc-488c-a0d7-91a6937a21c5-131069414635328","trial_id":121,"param_name":"n","param_value_internal":1,"distribution":"{\"name\": \"CategoricalDistribution\", \"attributes\": {\"choices\": [16, 32, 64, 128, 256]}}"}
{"op_code":5,"worker_id":"045c6a49-06dc-488c-a0d7-91a6937a21c5-131069414635328","trial_id":121,"param_name":"k","param_value_internal":1,"distribution":"{\"name\": \"CategoricalDistribution\", \"attributes\": {\"choices\": [16, 32, 64, 128]}}"}
{"op_code":5,"worker_id":"045c6a49-06dc-488c-a0d7-91a6937a21c5-131069414635328","trial_id":121,"param_name":"gx","param_value_internal":0,"distribution":"{\"name\": \"CategoricalDistribution\", \"attributes\": {\"choices\": [1, 2, 4, 8]}}"}
{"op_code":5,"worker_id":"045c6a49-06dc-488c-a0d7-91a6937a21c5-131069414635328","trial_id":121,"param_name":"gy","param_value_internal":0,"distribution":"{\"name\": \"CategoricalDistribution\", \"attributes\": {\"choices\": [1, 2, 4, 8]}}"}
{"op_code":5,"worker_id":"045c6a49-06dc-488c-a0d7-91a6937a21c5-131069414635328","trial_id":121,"param_name":"sub","param_value_internal":1,"distribution":"{\"name\": \"CategoricalDistribution\", \"attributes\": {\"choices\": [32, 64]}}"}
{"op_code":6,"worker_id":"045c6a49-06dc-488c-a0d7-91a6937a21c5-131069414635328","trial_id":121,"state":2,"values":null,"datetime_complete":"2026-07-24T01:14:15.166038"}
{"op_code":4,"worker_id":"045c6a49-06dc-488c-a0d7-91a6937a21c5-131069414635328","study_id":0,"datetime_start":"2026-07-24T01:14:15.167946"}
{"op_code":9,"worker_id":"045c6a49-06dc-488c-a0d7-91a6937a21c5-131069414635328","trial_id":122,"system_attr":{"tpe:relative_params:0":"{\"gx\": 1, \"gy\": 1, \"k\": 16, \"m\": 256, \"n\": 64, \"sub\": 32}"}}
{"op_code":5,"worker_id":"045c6a49-06dc-488c-a0d7-91a6937a21c5-131069414635328","trial_id":122,"param_name":"m","param_value_internal":4,"distribution":"{\"name\": \"CategoricalDistribution\", \"attributes\": {\"choices\": [16, 32, 64, 128, 256]}}"}
{"op_code":5,"worker_id":"045c6a49-06dc-488c-a0d7-91a6937a21c5-131069414635328","trial_id":122,"param_name":"n","param_value_internal":2,"distribution":"{\"name\": \"CategoricalDistribution\", \"attributes\": {\"choices\": [16, 32, 64, 128, 256]}}"}
{"op_code":5,"worker_id":"045c6a49-06dc-488c-a0d7-91a6937a21c5-131069414635328","trial_id":122,"param_name":"k","param_value_internal":0,"distribution":"{\"name\": \"CategoricalDistribution\", \"attributes\": {\"choices\": [16, 32, 64, 128]}}"}
{"op_code":5,"worker_id":"045c6a49-06dc-488c-a0d7-91a6937a21c5-131069414635328","trial_id":122,"param_name":"gx","param_value_internal":0,"distribution":"{\"name\": \"CategoricalDistribution\", \"attributes\": {\"choices\": [1, 2, 4, 8]}}"}
{"op_code":5,"worker_id":"045c6a49-06dc-488c-a0d7-91a6937a21c5-131069414635328","trial_id":122,"param_name":"gy","param_value_internal":0,"distribution":"{\"name\": \"CategoricalDistribution\", \"attributes\": {\"choices\": [1, 2, 4, 8]}}"}
{"op_code":5,"worker_id":"045c6a49-06dc-488c-a0d7-91a6937a21c5-131069414635328","trial_id":122,"param_name":"sub","param_value_internal":0,"distribution":"{\"name\": \"CategoricalDistribution\", \"attributes\": {\"choices\": [32, 64]}}"}
{"op_code":8,"worker_id":"045c6a49-06dc-488c-a0d7-91a6937a21c5-131069414635328","trial_id":122,"user_attr":{"token":"tsweep_t256x64k16g11s32"}}
{"op_code":4,"worker_id":"045c6a49-06dc-488c-a0d7-91a6937a21c5-131069414635328","study_id":0,"datetime_start":"2026-07-24T01:14:15.189616"}
{"op_code":9,"worker_id":"045c6a49-06dc-488c-a0d7-91a6937a21c5-131069414635328","trial_id":123,"system_attr":{"tpe:relative_params:0":"{\"gx\": 1, \"gy\": 2, \"k\": 32, \"m\": 64, \"n\": 64, \"sub\": 32}"}}
{"op_code":5,"worker_id":"045c6a49-06dc-488c-a0d7-91a6937a21c5-131069414635328","trial_id":123,"param_name":"m","param_value_internal":2,"distribution":"{\"name\": \"CategoricalDistribution\", \"attributes\": {\"choices\": [16, 32, 64, 128, 256]}}"}
{"op_code":5,"worker_id":"045c6a49-06dc-488c-a0d7-91a6937a21c5-131069414635328","trial_id":123,"param_name":"n","param_value_internal":2,"distribution":"{\"name\": \"CategoricalDistribution\", \"attributes\": {\"choices\": [16, 32, 64, 128, 256]}}"}
{"op_code":5,"worker_id":"045c6a49-06dc-488c-a0d7-91a6937a21c5-131069414635328","trial_id":123,"param_name":"k","param_value_internal":1,"distribution":"{\"name\": \"CategoricalDistribution\", \"attributes\": {\"choices\": [16, 32, 64, 128]}}"}
{"op_code":5,"worker_id":"045c6a49-06dc-488c-a0d7-91a6937a21c5-131069414635328","trial_id":123,"param_name":"gx","param_value_internal":0,"distribution":"{\"name\": \"CategoricalDistribution\", \"attributes\": {\"choices\": [1, 2, 4, 8]}}"}
{"op_code":5,"worker_id":"045c6a49-06dc-488c-a0d7-91a6937a21c5-131069414635328","trial_id":123,"param_name":"gy","param_value_internal":1,"distribution":"{\"name\": \"CategoricalDistribution\", \"attributes\": {\"choices\": [1, 2, 4, 8]}}"}
{"op_code":5,"worker_id":"045c6a49-06dc-488c-a0d7-91a6937a21c5-131069414635328","trial_id":123,"param_name":"sub","param_value_internal":0,"distribution":"{\"name\": \"CategoricalDistribution\", \"attributes\": {\"choices\": [32, 64]}}"}
{"op_code":8,"worker_id":"045c6a49-06dc-488c-a0d7-91a6937a21c5-131069414635328","trial_id":123,"user_attr":{"token":"tsweep_t64x64k32g12s32"}}
{"op_code":4,"worker_id":"045c6a49-06dc-488c-a0d7-91a6937a21c5-131069414635328","study_id":0,"datetime_start":"2026-07-24T01:14:15.211776"}
{"op_code":9,"worker_id":"045c6a49-06dc-488c-a0d7-91a6937a21c5-131069414635328","trial_id":124,"system_attr":{"tpe:relative_params:0":"{\"gx\": 1, \"gy\": 1, \"k\": 64, \"m\": 32, \"n\": 16, \"sub\": 64}"}}
{"op_code":5,"worker_id":"045c6a49-06dc-488c-a0d7-91a6937a21c5-131069414635328","trial_id":124,"param_name":"m","param_value_internal":1,"distribution":"{\"name\": \"CategoricalDistribution\", \"attributes\": {\"choices\": [16, 32, 64, 128, 256]}}"}
{"op_code":5,"worker_id":"045c6a49-06dc-488c-a0d7-91a6937a21c5-131069414635328","trial_id":124,"param_name":"n","param_value_internal":0,"distribution":"{\"name\": \"CategoricalDistribution\", \"attributes\": {\"choices\": [16, 32, 64, 128, 256]}}"}
{"op_code":5,"worker_id":"045c6a49-06dc-488c-a0d7-91a6937a21c5-131069414635328","trial_id":124,"param_name":"k","param_value_internal":2,"distribution":"{\"name\": \"CategoricalDistribution\", \"attributes\": {\"choices\": [16, 32, 64, 128]}}"}
{"op_code":5,"worker_id":"045c6a49-06dc-488c-a0d7-91a6937a21c5-131069414635328","trial_id":124,"param_name":"gx","param_value_internal":0,"distribution":"{\"name\": \"CategoricalDistribution\", \"attributes\": {\"choices\": [1, 2, 4, 8]}}"}
{"op_code":5,"worker_id":"045c6a49-06dc-488c-a0d7-91a6937a21c5-131069414635328","trial_id":124,"param_name":"gy","param_value_internal":0,"distribution":"{\"name\": \"CategoricalDistribution\", \"attributes\": {\"choices\": [1, 2, 4, 8]}}"}
{"op_code":5,"worker_id":"045c6a49-06dc-488c-a0d7-91a6937a21c5-131069414635328","trial_id":124,"param_name":"sub","param_value_internal":1,"distribution":"{\"name\": \"CategoricalDistribution\", \"attributes\": {\"choices\": [32, 64]}}"}
{"op_code":8,"worker_id":"045c6a49-06dc-488c-a0d7-91a6937a21c5-131069414635328","trial_id":124,"user_attr":{"token":"tsweep_t32x16k64g11s64"}}
{"op_code":4,"worker_id":"045c6a49-06dc-488c-a0d7-91a6937a21c5-131069414635328","study_id":0,"datetime_start":"2026-07-24T01:14:15.233584"}
{"op_code":9,"worker_id":"045c6a49-06dc-488c-a0d7-91a6937a21c5-131069414635328","trial_id":125,"system_attr":{"tpe:relative_params:0":"{\"gx\": 1, \"gy\": 1, \"k\": 16, \"m\": 64, \"n\": 32, \"sub\": 32}"}}
{"op_code":5,"worker_id":"045c6a49-06dc-488c-a0d7-91a6937a21c5-131069414635328","trial_id":125,"param_name":"m","param_value_internal":2,"distribution":"{\"name\": \"CategoricalDistribution\", \"attributes\": {\"choices\": [16, 32, 64, 128, 256]}}"}
{"op_code":5,"worker_id":"045c6a49-06dc-488c-a0d7-91a6937a21c5-131069414635328","trial_id":125,"param_name":"n","param_value_internal":1,"distribution":"{\"name\": \"CategoricalDistribution\", \"attributes\": {\"choices\": [16, 32, 64, 128, 256]}}"}
{"op_code":5,"worker_id":"045c6a49-06dc-488c-a0d7-91a6937a21c5-131069414635328","trial_id":125,"param_name":"k","param_value_internal":0,"distribution":"{\"name\": \"CategoricalDistribution\", \"attributes\": {\"choices\": [16, 32, 64, 128]}}"}
{"op_code":5,"worker_id":"045c6a49-06dc-488c-a0d7-91a6937a21c5-131069414635328","trial_id":125,"param_name":"gx","param_value_internal":0,"distribution":"{\"name\": \"CategoricalDistribution\", \"attributes\": {\"choices\": [1, 2, 4, 8]}}"}
{"op_code":5,"worker_id":"045c6a49-06dc-488c-a0d7-91a6937a21c5-131069414635328","trial_id":125,"param_name":"gy","param_value_internal":0,"distribution":"{\"name\": \"CategoricalDistribution\", \"attributes\": {\"choices\": [1, 2, 4, 8]}}"}
{"op_code":5,"worker_id":"045c6a49-06dc-488c-a0d7-91a6937a21c5-131069414635328","trial_id":125,"param_name":"sub","param_value_internal":0,"distribution":"{\"name\": \"CategoricalDistribution\", \"attributes\": {\"choices\": [32, 64]}}"}
{"op_code":8,"worker_id":"045c6a49-06dc-488c-a0d7-91a6937a21c5-131069414635328","trial_id":125,"user_attr":{"token":"tsweep_t64x32k16g11s32"}}
{"op_code":4,"worker_id":"045c6a49-06dc-488c-a0d7-91a6937a21c5-131069414635328","study_id":0,"datetime_start":"2026-07-24T01:14:15.255079"}
{"op_code":9,"worker_id":"045c6a49-06dc-488c-a0d7-91a6937a21c5-131069414635328","trial_id":126,"system_attr":{"tpe:relative_params:0":"{\"gx\": 4, \"gy\": 1, \"k\": 32, \"m\": 64, \"n\": 256, \"sub\": 32}"}}
{"op_code":5,"worker_id":"045c6a49-06dc-488c-a0d7-91a6937a21c5-131069414635328","trial_id":126,"param_name":"m","param_value_internal":2,"distribution":"{\"name\": \"CategoricalDistribution\", \"attributes\": {\"choices\": [16, 32, 64, 128, 256]}}"}
{"op_code":5,"worker_id":"045c6a49-06dc-488c-a0d7-91a6937a21c5-131069414635328","trial_id":126,"param_name":"n","param_value_internal":4,"distribution":"{\"name\": \"CategoricalDistribution\", \"attributes\": {\"choices\": [16, 32, 64, 128, 256]}}"}
{"op_code":5,"worker_id":"045c6a49-06dc-488c-a0d7-91a6937a21c5-131069414635328","trial_id":126,"param_name":"k","param_value_internal":1,"distribution":"{\"name\": \"CategoricalDistribution\", \"attributes\": {\"choices\": [16, 32, 64, 128]}}"}
{"op_code":5,"worker_id":"045c6a49-06dc-488c-a0d7-91a6937a21c5-131069414635328","trial_id":126,"param_name":"gx","param_value_internal":2,"distribution":"{\"name\": \"CategoricalDistribution\", \"attributes\": {\"choices\": [1, 2, 4, 8]}}"}
{"op_code":5,"worker_id":"045c6a49-06dc-488c-a0d7-91a6937a21c5-131069414635328","trial_id":126,"param_name":"gy","param_value_internal":0,"distribution":"{\"name\": \"CategoricalDistribution\", \"attributes\": {\"choices\": [1, 2, 4, 8]}}"}
{"op_code":5,"worker_id":"045c6a49-06dc-488c-a0d7-91a6937a21c5-131069414635328","trial_id":126,"param_name":"sub","param_value_internal":0,"distribution":"{\"name\": \"CategoricalDistribution\", \"attributes\": {\"choices\": [32, 64]}}"}
{"op_code":8,"worker_id":"045c6a49-06dc-488c-a0d7-91a6937a21c5-131069414635328","trial_id":126,"user_attr":{"token":"tsweep_t64x256k32g41s32"}}
{"op_code":4,"worker_id":"045c6a49-06dc-488c-a0d7-91a6937a21c5-131069414635328","study_id":0,"datetime_start":"2026-07-24T01:14:15.281170"}
{"op_code":9,"worker_id":"045c6a49-06dc-488c-a0d7-91a6937a21c5-131069414635328","trial_id":127,"system_attr":{"tpe:relative_params:0":"{\"gx\": 2, \"gy\": 4, \"k\": 64, \"m\": 64, \"n\": 64, \"sub\": 64}"}}
{"op_code":5,"worker_id":"045c6a49-06dc-488c-a0d7-91a6937a21c5-131069414635328","trial_id":127,"param_name":"m","param_value_internal":2,"distribution":"{\"name\": \"CategoricalDistribution\", \"attributes\": {\"choices\": [16, 32, 64, 128, 256]}}"}
{"op_code":5,"worker_id":"045c6a49-06dc-488c-a0d7-91a6937a21c5-131069414635328","trial_id":127,"param_name":"n","param_value_internal":2,"distribution":"{\"name\": \"CategoricalDistribution\", \"attributes\": {\"choices\": [16, 32, 64, 128, 256]}}"}
{"op_code":5,"worker_id":"045c6a49-06dc-488c-a0d7-91a6937a21c5-131069414635328","trial_id":127,"param_name":"k","param_value_internal":2,"distribution":"{\"name\": \"CategoricalDistribution\", \"attributes\": {\"choices\": [16, 32, 64, 128]}}"}
{"op_code":5,"worker_id":"045c6a49-06dc-488c-a0d7-91a6937a21c5-131069414635328","trial_id":127,"param_name":"gx","param_value_internal":1,"distribution":"{\"name\": \"CategoricalDistribution\", \"attributes\": {\"choices\": [1, 2, 4, 8]}}"}
{"op_code":5,"worker_id":"045c6a49-06dc-488c-a0d7-91a6937a21c5-131069414635328","trial_id":127,"param_name":"gy","param_value_internal":2,"distribution":"{\"name\": \"CategoricalDistribution\", \"attributes\": {\"choices\": [1, 2, 4, 8]}}"}
{"op_code":5,"worker_id":"045c6a49-06dc-488c-a0d7-91a6937a21c5-131069414635328","trial_id":127,"param_name":"sub","param_value_internal":1,"distribution":"{\"name\": \"CategoricalDistribution\", \"attributes\": {\"choices\": [32, 64]}}"}
{"op_code":8,"worker_id":"045c6a49-06dc-488c-a0d7-91a6937a21c5-131069414635328","trial_id":127,"user_attr":{"token":"tsweep_t64x64k64g24s64"}}
{"op_code":4,"worker_id":"045c6a49-06dc-488c-a0d7-91a6937a21c5-131069414635328","study_id":0,"datetime_start":"2026-07-24T01:14:15.309481"}
{"op_code":9,"worker_id":"045c6a49-06dc-488c-a0d7-91a6937a21c5-131069414635328","trial_id":128,"system_attr":{"tpe:relative_params:0":"{\"gx\": 2, \"gy\": 2, \"k\": 128, \"m\": 128, \"n\": 16, \"sub\": 32}"}}
{"op_code":5,"worker_id":"045c6a49-06dc-488c-a0d7-91a6937a21c5-131069414635328","trial_id":128,"param_name":"m","param_value_internal":3,"distribution":"{\"name\": \"CategoricalDistribution\", \"attributes\": {\"choices\": [16, 32, 64, 128, 256]}}"}
{"op_code":5,"worker_id":"045c6a49-06dc-488c-a0d7-91a6937a21c5-131069414635328","trial_id":128,"param_name":"n","param_value_internal":0,"distribution":"{\"name\": \"CategoricalDistribution\", \"attributes\": {\"choices\": [16, 32, 64, 128, 256]}}"}
{"op_code":5,"worker_id":"045c6a49-06dc-488c-a0d7-91a6937a21c5-131069414635328","trial_id":128,"param_name":"k","param_value_internal":3,"distribution":"{\"name\": \"CategoricalDistribution\", \"attributes\": {\"choices\": [16, 32, 64, 128]}}"}
{"op_code":5,"worker_id":"045c6a49-06dc-488c-a0d7-91a6937a21c5-131069414635328","trial_id":128,"param_name":"gx","param_value_internal":1,"distribution":"{\"name\": \"CategoricalDistribution\", \"attributes\": {\"choices\": [1, 2, 4, 8]}}"}
{"op_code":5,"worker_id":"045c6a49-06dc-488c-a0d7-91a6937a21c5-131069414635328","trial_id":128,"param_name":"gy","param_value_internal":1,"distribution":"{\"name\": \"CategoricalDistribution\", \"attributes\": {\"choices\": [1, 2, 4, 8]}}"}
{"op_code":5,"worker_id":"045c6a49-06dc-488c-a0d7-91a6937a21c5-131069414635328","trial_id":128,"param_name":"sub","param_value_internal":0,"distribution":"{\"name\": \"CategoricalDistribution\", \"attributes\": {\"choices\": [32, 64]}}"}
{"op_code":6,"worker_id":"045c6a49-06dc-488c-a0d7-91a6937a21c5-131069414635328","trial_id":128,"state":2,"values":null,"datetime_complete":"2026-07-24T01:14:15.331211"}
{"op_code":4,"worker_id":"045c6a49-06dc-488c-a0d7-91a6937a21c5-131069414635328","study_id":0,"datetime_start":"2026-07-24T01:14:15.333318"}
{"op_code":9,"worker_id":"045c6a49-06dc-488c-a0d7-91a6937a21c5-131069414635328","trial_id":129,"system_attr":{"tpe:relative_params:0":"{\"gx\": 2, \"gy\": 2, \"k\": 32, \"m\": 32, \"n\": 16, \"sub\": 32}"}}
{"op_code":5,"worker_id":"045c6a49-06dc-488c-a0d7-91a6937a21c5-131069414635328","trial_id":129,"param_name":"m","param_value_internal":1,"distribution":"{\"name\": \"CategoricalDistribution\", \"attributes\": {\"choices\": [16, 32, 64, 128, 256]}}"}
{"op_code":5,"worker_id":"045c6a49-06dc-488c-a0d7-91a6937a21c5-131069414635328","trial_id":129,"param_name":"n","param_value_internal":0,"distribution":"{\"name\": \"CategoricalDistribution\", \"attributes\": {\"choices\": [16, 32, 64, 128, 256]}}"}
{"op_code":5,"worker_id":"045c6a49-06dc-488c-a0d7-91a6937a21c5-131069414635328","trial_id":129,"param_name":"k","param_value_internal":1,"distribution":"{\"name\": \"CategoricalDistribution\", \"attributes\": {\"choices\": [16, 32, 64, 128]}}"}
{"op_code":5,"worker_id":"045c6a49-06dc-488c-a0d7-91a6937a21c5-131069414635328","trial_id":129,"param_name":"gx","param_value_internal":1,"distribution":"{\"name\": \"CategoricalDistribution\", \"attributes\": {\"choices\": [1, 2, 4, 8]}}"}
{"op_code":5,"worker_id":"045c6a49-06dc-488c-a0d7-91a6937a21c5-131069414635328","trial_id":129,"param_name":"gy","param_value_internal":1,"distribution":"{\"name\": \"CategoricalDistribution\", \"attributes\": {\"choices\": [1, 2, 4, 8]}}"}
{"op_code":5,"worker_id":"045c6a49-06dc-488c-a0d7-91a6937a21c5-131069414635328","trial_id":129,"param_name":"sub","param_value_internal":0,"distribution":"{\"name\": \"CategoricalDistribution\", \"attributes\": {\"choices\": [32, 64]}}"}
{"op_code":6,"worker_id":"045c6a49-06dc-488c-a0d7-91a6937a21c5-131069414635328","trial_id":129,"state":2,"values":null,"datetime_complete":"2026-07-24T01:14:15.354489"}
{"op_code":4,"worker_id":"045c6a49-06dc-488c-a0d7-91a6937a21c5-131069414635328","study_id":0,"datetime_start":"2026-07-24T01:14:15.356569"}
{"op_code":9,"worker_id":"045c6a49-06dc-488c-a0d7-91a6937a21c5-131069414635328","trial_id":130,"system_attr":{"tpe:relative_params:0":"{\"gx\": 1, \"gy\": 1, \"k\": 16, \"m\": 64, \"n\": 128, \"sub\": 64}"}}
{"op_code":5,"worker_id":"045c6a49-06dc-488c-a0d7-91a6937a21c5-131069414635328","trial_id":130,"param_name":"m","param_value_internal":2,"distribution":"{\"name\": \"CategoricalDistribution\", \"attributes\": {\"choices\": [16, 32, 64, 128, 256]}}"}
{"op_code":5,"worker_id":"045c6a49-06dc-488c-a0d7-91a6937a21c5-131069414635328","trial_id":130,"param_name":"n","param_value_internal":3,"distribution":"{\"name\": \"CategoricalDistribution\", \"attributes\": {\"choices\": [16, 32, 64, 128, 256]}}"}
{"op_code":5,"worker_id":"045c6a49-06dc-488c-a0d7-91a6937a21c5-131069414635328","trial_id":130,"param_name":"k","param_value_internal":0,"distribution":"{\"name\": \"CategoricalDistribution\", \"attributes\": {\"choices\": [16, 32, 64, 128]}}"}
{"op_code":5,"worker_id":"045c6a49-06dc-488c-a0d7-91a6937a21c5-131069414635328","trial_id":130,"param_name":"gx","param_value_internal":0,"distribution":"{\"name\": \"CategoricalDistribution\", \"attributes\": {\"choices\": [1, 2, 4, 8]}}"}
{"op_code":5,"worker_id":"045c6a49-06dc-488c-a0d7-91a6937a21c5-131069414635328","trial_id":130,"param_name":"gy","param_value_internal":0,"distribution":"{\"name\": \"CategoricalDistribution\", \"attributes\": {\"choices\": [1, 2, 4, 8]}}"}
{"op_code":5,"worker_id":"045c6a49-06dc-488c-a0d7-91a6937a21c5-131069414635328","trial_id":130,"param_name":"sub","param_value_internal":1,"distribution":"{\"name\": \"CategoricalDistribution\", \"attributes\": {\"choices\": [32, 64]}}"}
{"op_code":8,"worker_id":"045c6a49-06dc-488c-a0d7-91a6937a21c5-131069414635328","trial_id":130,"user_attr":{"token":"tsweep_t64x128k16g11s64"}}
{"op_code":4,"worker_id":"045c6a49-06dc-488c-a0d7-91a6937a21c5-131069414635328","study_id":0,"datetime_start":"2026-07-24T01:14:15.378143"}
{"op_code":9,"worker_id":"045c6a49-06dc-488c-a0d7-91a6937a21c5-131069414635328","trial_id":131,"system_attr":{"tpe:relative_params:0":"{\"gx\": 1, \"gy\": 2, \"k\": 16, \"m\": 64, \"n\": 32, \"sub\": 64}"}}
{"op_code":5,"worker_id":"045c6a49-06dc-488c-a0d7-91a6937a21c5-131069414635328","trial_id":131,"param_name":"m","param_value_internal":2,"distribution":"{\"name\": \"CategoricalDistribution\", \"attributes\": {\"choices\": [16, 32, 64, 128, 256]}}"}
{"op_code":5,"worker_id":"045c6a49-06dc-488c-a0d7-91a6937a21c5-131069414635328","trial_id":131,"param_name":"n","param_value_internal":1,"distribution":"{\"name\": \"CategoricalDistribution\", \"attributes\": {\"choices\": [16, 32, 64, 128, 256]}}"}
{"op_code":5,"worker_id":"045c6a49-06dc-488c-a0d7-91a6937a21c5-131069414635328","trial_id":131,"param_name":"k","param_value_internal":0,"distribution":"{\"name\": \"CategoricalDistribution\", \"attributes\": {\"choices\": [16, 32, 64, 128]}}"}
{"op_code":5,"worker_id":"045c6a49-06dc-488c-a0d7-91a6937a21c5-131069414635328","trial_id":131,"param_name":"gx","param_value_internal":0,"distribution":"{\"name\": \"CategoricalDistribution\", \"attributes\": {\"choices\": [1, 2, 4, 8]}}"}
{"op_code":5,"worker_id":"045c6a49-06dc-488c-a0d7-91a6937a21c5-131069414635328","trial_id":131,"param_name":"gy","param_value_internal":1,"distribution":"{\"name\": \"CategoricalDistribution\", \"attributes\": {\"choices\": [1, 2, 4, 8]}}"}
{"op_code":5,"worker_id":"045c6a49-06dc-488c-a0d7-91a6937a21c5-131069414635328","trial_id":131,"param_name":"sub","param_value_internal":1,"distribution":"{\"name\": \"CategoricalDistribution\", \"attributes\": {\"choices\": [32, 64]}}"}
{"op_code":6,"worker_id":"045c6a49-06dc-488c-a0d7-91a6937a21c5-131069414635328","trial_id":131,"state":2,"values":null,"datetime_complete":"2026-07-24T01:14:15.396582"}
{"op_code":4,"worker_id":"045c6a49-06dc-488c-a0d7-91a6937a21c5-131069414635328","study_id":0,"datetime_start":"2026-07-24T01:14:15.398458"}
{"op_code":9,"worker_id":"045c6a49-06dc-488c-a0d7-91a6937a21c5-131069414635328","trial_id":132,"system_attr":{"tpe:relative_params:0":"{\"gx\": 8, \"gy\": 1, \"k\": 32, \"m\": 64, \"n\": 64, \"sub\": 64}"}}
{"op_code":5,"worker_id":"045c6a49-06dc-488c-a0d7-91a6937a21c5-131069414635328","trial_id":132,"param_name":"m","param_value_internal":2,"distribution":"{\"name\": \"CategoricalDistribution\", \"attributes\": {\"choices\": [16, 32, 64, 128, 256]}}"}
{"op_code":5,"worker_id":"045c6a49-06dc-488c-a0d7-91a6937a21c5-131069414635328","trial_id":132,"param_name":"n","param_value_internal":2,"distribution":"{\"name\": \"CategoricalDistribution\", \"attributes\": {\"choices\": [16, 32, 64, 128, 256]}}"}
{"op_code":5,"worker_id":"045c6a49-06dc-488c-a0d7-91a6937a21c5-131069414635328","trial_id":132,"param_name":"k","param_value_internal":1,"distribution":"{\"name\": \"CategoricalDistribution\", \"attributes\": {\"choices\": [16, 32, 64, 128]}}"}
{"op_code":5,"worker_id":"045c6a49-06dc-488c-a0d7-91a6937a21c5-131069414635328","trial_id":132,"param_name":"gx","param_value_internal":3,"distribution":"{\"name\": \"CategoricalDistribution\", \"attributes\": {\"choices\": [1, 2, 4, 8]}}"}
{"op_code":5,"worker_id":"045c6a49-06dc-488c-a0d7-91a6937a21c5-131069414635328","trial_id":132,"param_name":"gy","param_value_internal":0,"distribution":"{\"name\": \"CategoricalDistribution\", \"attributes\": {\"choices\": [1, 2, 4, 8]}}"}
{"op_code":5,"worker_id":"045c6a49-06dc-488c-a0d7-91a6937a21c5-131069414635328","trial_id":132,"param_name":"sub","param_value_internal":1,"distribution":"{\"name\": \"CategoricalDistribution\", \"attributes\": {\"choices\": [32, 64]}}"}
{"op_code":6,"worker_id":"045c6a49-06dc-488c-a0d7-91a6937a21c5-131069414635328","trial_id":132,"state":2,"values":null,"datetime_complete":"2026-07-24T01:14:15.416050"}
{"op_code":4,"worker_id":"045c6a49-06dc-488c-a0d7-91a6937a21c5-131069414635328","study_id":0,"datetime_start":"2026-07-24T01:14:15.418085"}
{"op_code":9,"worker_id":"045c6a49-06dc-488c-a0d7-91a6937a21c5-131069414635328","trial_id":133,"system_attr":{"tpe:relative_params:0":"{\"gx\": 2, \"gy\": 2, \"k\": 128, \"m\": 16, \"n\": 64, \"sub\": 32}"}}
{"op_code":5,"worker_id":"045c6a49-06dc-488c-a0d7-91a6937a21c5-131069414635328","trial_id":133,"param_name":"m","param_value_internal":0,"distribution":"{\"name\": \"CategoricalDistribution\", \"attributes\": {\"choices\": [16, 32, 64, 128, 256]}}"}
{"op_code":5,"worker_id":"045c6a49-06dc-488c-a0d7-91a6937a21c5-131069414635328","trial_id":133,"param_name":"n","param_value_internal":2,"distribution":"{\"name\": \"CategoricalDistribution\", \"attributes\": {\"choices\": [16, 32, 64, 128, 256]}}"}
{"op_code":5,"worker_id":"045c6a49-06dc-488c-a0d7-91a6937a21c5-131069414635328","trial_id":133,"param_name":"k","param_value_internal":3,"distribution":"{\"name\": \"CategoricalDistribution\", \"attributes\": {\"choices\": [16, 32, 64, 128]}}"}
{"op_code":5,"worker_id":"045c6a49-06dc-488c-a0d7-91a6937a21c5-131069414635328","trial_id":133,"param_name":"gx","param_value_internal":1,"distribution":"{\"name\": \"CategoricalDistribution\", \"attributes\": {\"choices\": [1, 2, 4, 8]}}"}
{"op_code":5,"worker_id":"045c6a49-06dc-488c-a0d7-91a6937a21c5-131069414635328","trial_id":133,"param_name":"gy","param_value_internal":1,"distribution":"{\"name\": \"CategoricalDistribution\", \"attributes\": {\"choices\": [1, 2, 4, 8]}}"}
{"op_code":5,"worker_id":"045c6a49-06dc-488c-a0d7-91a6937a21c5-131069414635328","trial_id":133,"param_name":"sub","param_value_internal":0,"distribution":"{\"name\": \"CategoricalDistribution\", \"attributes\": {\"choices\": [32, 64]}}"}
{"op_code":6,"worker_id":"045c6a49-06dc-488c-a0d7-91a6937a21c5-131069414635328","trial_id":133,"state":2,"values":null,"datetime_complete":"2026-07-24T01:14:15.436210"}
{"op_code":4,"worker_id":"045c6a49-06dc-488c-a0d7-91a6937a21c5-131069414635328","study_id":0,"datetime_start":"2026-07-24T01:14:15.438399"}
{"op_code":9,"worker_id":"045c6a49-06dc-488c-a0d7-91a6937a21c5-131069414635328","trial_id":134,"system_attr":{"tpe:relative_params:0":"{\"gx\": 2, \"gy\": 1, \"k\": 32, \"m\": 128, \"n\": 64, \"sub\": 32}"}}
{"op_code":5,"worker_id":"045c6a49-06dc-488c-a0d7-91a6937a21c5-131069414635328","trial_id":134,"param_name":"m","param_value_internal":3,"distribution":"{\"name\": \"CategoricalDistribution\", \"attributes\": {\"choices\": [16, 32, 64, 128, 256]}}"}
{"op_code":5,"worker_id":"045c6a49-06dc-488c-a0d7-91a6937a21c5-131069414635328","trial_id":134,"param_name":"n","param_value_internal":2,"distribution":"{\"name\": \"CategoricalDistribution\", \"attributes\": {\"choices\": [16, 32, 64, 128, 256]}}"}
{"op_code":5,"worker_id":"045c6a49-06dc-488c-a0d7-91a6937a21c5-131069414635328","trial_id":134,"param_name":"k","param_value_internal":1,"distribution":"{\"name\": \"CategoricalDistribution\", \"attributes\": {\"choices\": [16, 32, 64, 128]}}"}
{"op_code":5,"worker_id":"045c6a49-06dc-488c-a0d7-91a6937a21c5-131069414635328","trial_id":134,"param_name":"gx","param_value_internal":1,"distribution":"{\"name\": \"CategoricalDistribution\", \"attributes\": {\"choices\": [1, 2, 4, 8]}}"}
{"op_code":5,"worker_id":"045c6a49-06dc-488c-a0d7-91a6937a21c5-131069414635328","trial_id":134,"param_name":"gy","param_value_internal":0,"distribution":"{\"name\": \"CategoricalDistribution\", \"attributes\": {\"choices\": [1, 2, 4, 8]}}"}
{"op_code":5,"worker_id":"045c6a49-06dc-488c-a0d7-91a6937a21c5-131069414635328","trial_id":134,"param_name":"sub","param_value_internal":0,"distribution":"{\"name\": \"CategoricalDistribution\", \"attributes\": {\"choices\": [32, 64]}}"}
{"op_code":8,"worker_id":"045c6a49-06dc-488c-a0d7-91a6937a21c5-131069414635328","trial_id":134,"user_attr":{"token":"tsweep_t128x64k32g21s32"}}
{"op_code":6,"worker_id":"045c6a49-06dc-488c-a0d7-91a6937a21c5-131069414635328","trial_id":100,"state":1,"values":[1139.68],"datetime_complete":"2026-07-24T01:15:14.080041"}
{"op_code":6,"worker_id":"045c6a49-06dc-488c-a0d7-91a6937a21c5-131069414635328","trial_id":101,"state":1,"values":[1434.17],"datetime_complete":"2026-07-24T01:15:40.815921"}
{"op_code":6,"worker_id":"045c6a49-06dc-488c-a0d7-91a6937a21c5-131069414635328","trial_id":104,"state":1,"values":[1199.06],"datetime_complete":"2026-07-24T01:16:10.839374"}
{"op_code":6,"worker_id":"045c6a49-06dc-488c-a0d7-91a6937a21c5-131069414635328","trial_id":105,"state":1,"values":[1380.98],"datetime_complete":"2026-07-24T01:16:37.210809"}
{"op_code":6,"worker_id":"045c6a49-06dc-488c-a0d7-91a6937a21c5-131069414635328","trial_id":110,"state":1,"values":[835.577],"datetime_complete":"2026-07-24T01:21:10.398033"}
{"op_code":6,"worker_id":"045c6a49-06dc-488c-a0d7-91a6937a21c5-131069414635328","trial_id":111,"state":1,"values":[785.577],"datetime_complete":"2026-07-24T01:21:38.555514"}
{"op_code":6,"worker_id":"045c6a49-06dc-488c-a0d7-91a6937a21c5-131069414635328","trial_id":112,"state":1,"values":[607.355],"datetime_complete":"2026-07-24T01:22:12.742087"}
{"op_code":6,"worker_id":"045c6a49-06dc-488c-a0d7-91a6937a21c5-131069414635328","trial_id":119,"state":1,"values":[1041.18],"datetime_complete":"2026-07-24T01:22:41.911105"}
{"op_code":6,"worker_id":"045c6a49-06dc-488c-a0d7-91a6937a21c5-131069414635328","trial_id":122,"state":2,"values":null,"datetime_complete":"2026-07-24T01:22:52.545180"}
{"op_code":6,"worker_id":"045c6a49-06dc-488c-a0d7-91a6937a21c5-131069414635328","trial_id":123,"state":1,"values":[1012.36],"datetime_complete":"2026-07-24T01:23:18.316663"}
{"op_code":6,"worker_id":"045c6a49-06dc-488c-a0d7-91a6937a21c5-131069414635328","trial_id":124,"state":1,"values":[664.073],"datetime_complete":"2026-07-24T01:23:49.916612"}
{"op_code":6,"worker_id":"045c6a49-06dc-488c-a0d7-91a6937a21c5-131069414635328","trial_id":125,"state":1,"values":[1078.46],"datetime_complete":"2026-07-24T01:24:16.545079"}
{"op_code":6,"worker_id":"045c6a49-06dc-488c-a0d7-91a6937a21c5-131069414635328","trial_id":126,"state":2,"values":null,"datetime_complete":"2026-07-24T01:24:26.231187"}
{"op_code":0,"worker_id":"4c1e9158-4d7e-4819-a017-cc8424a4781a-140095365838656","study_name":"q4gsw_samsung-xclipse-970-maxclk","directions":[2]}
{"op_code":6,"worker_id":"045c6a49-06dc-488c-a0d7-91a6937a21c5-131069414635328","trial_id":127,"state":1,"values":[1048.64],"datetime_complete":"2026-07-24T01:24:54.209446"}
{"op_code":6,"worker_id":"045c6a49-06dc-488c-a0d7-91a6937a21c5-131069414635328","trial_id":130,"state":1,"values":[1313.66],"datetime_complete":"2026-07-24T01:26:41.806694"}
{"op_code":6,"worker_id":"045c6a49-06dc-488c-a0d7-91a6937a21c5-131069414635328","trial_id":134,"state":1,"values":[1088.78],"datetime_complete":"2026-07-24T01:27:07.448351"}
{"op_code":4,"worker_id":"045c6a49-06dc-488c-a0d7-91a6937a21c5-131069414635328","study_id":0,"datetime_start":"2026-07-24T01:27:07.451098"}
{"op_code":9,"worker_id":"045c6a49-06dc-488c-a0d7-91a6937a21c5-131069414635328","trial_id":135,"system_attr":{"tpe:relative_params:0":"{\"gx\": 2, \"gy\": 1, \"k\": 16, \"m\": 128, \"n\": 64, \"sub\": 64}"}}
{"op_code":5,"worker_id":"045c6a49-06dc-488c-a0d7-91a6937a21c5-131069414635328","trial_id":135,"param_name":"m","param_value_internal":3,"distribution":"{\"name\": \"CategoricalDistribution\", \"attributes\": {\"choices\": [16, 32, 64, 128, 256]}}"}
{"op_code":5,"worker_id":"045c6a49-06dc-488c-a0d7-91a6937a21c5-131069414635328","trial_id":135,"param_name":"n","param_value_internal":2,"distribution":"{\"name\": \"CategoricalDistribution\", \"attributes\": {\"choices\": [16, 32, 64, 128, 256]}}"}
{"op_code":5,"worker_id":"045c6a49-06dc-488c-a0d7-91a6937a21c5-131069414635328","trial_id":135,"param_name":"k","param_value_internal":0,"distribution":"{\"name\": \"CategoricalDistribution\", \"attributes\": {\"choices\": [16, 32, 64, 128]}}"}
{"op_code":5,"worker_id":"045c6a49-06dc-488c-a0d7-91a6937a21c5-131069414635328","trial_id":135,"param_name":"gx","param_value_internal":1,"distribution":"{\"name\": \"CategoricalDistribution\", \"attributes\": {\"choices\": [1, 2, 4, 8]}}"}
{"op_code":5,"worker_id":"045c6a49-06dc-488c-a0d7-91a6937a21c5-131069414635328","trial_id":135,"param_name":"gy","param_value_internal":0,"distribution":"{\"name\": \"CategoricalDistribution\", \"attributes\": {\"choices\": [1, 2, 4, 8]}}"}
{"op_code":5,"worker_id":"045c6a49-06dc-488c-a0d7-91a6937a21c5-131069414635328","trial_id":135,"param_name":"sub","param_value_internal":1,"distribution":"{\"name\": \"CategoricalDistribution\", \"attributes\": {\"choices\": [32, 64]}}"}
{"op_code":6,"worker_id":"045c6a49-06dc-488c-a0d7-91a6937a21c5-131069414635328","trial_id":135,"state":2,"values":null,"datetime_complete":"2026-07-24T01:27:07.472370"}
{"op_code":4,"worker_id":"045c6a49-06dc-488c-a0d7-91a6937a21c5-131069414635328","study_id":0,"datetime_start":"2026-07-24T01:27:07.474380"}
{"op_code":9,"worker_id":"045c6a49-06dc-488c-a0d7-91a6937a21c5-131069414635328","trial_id":136,"system_attr":{"tpe:relative_params:0":"{\"gx\": 2, \"gy\": 4, \"k\": 64, \"m\": 64, \"n\": 64, \"sub\": 64}"}}
{"op_code":5,"worker_id":"045c6a49-06dc-488c-a0d7-91a6937a21c5-131069414635328","trial_id":136,"param_name":"m","param_value_internal":2,"distribution":"{\"name\": \"CategoricalDistribution\", \"attributes\": {\"choices\": [16, 32, 64, 128, 256]}}"}
{"op_code":5,"worker_id":"045c6a49-06dc-488c-a0d7-91a6937a21c5-131069414635328","trial_id":136,"param_name":"n","param_value_internal":2,"distribution":"{\"name\": \"CategoricalDistribution\", \"attributes\": {\"choices\": [16, 32, 64, 128, 256]}}"}
{"op_code":5,"worker_id":"045c6a49-06dc-488c-a0d7-91a6937a21c5-131069414635328","trial_id":136,"param_name":"k","param_value_internal":2,"distribution":"{\"name\": \"CategoricalDistribution\", \"attributes\": {\"choices\": [16, 32, 64, 128]}}"}
{"op_code":5,"worker_id":"045c6a49-06dc-488c-a0d7-91a6937a21c5-131069414635328","trial_id":136,"param_name":"gx","param_value_internal":1,"distribution":"{\"name\": \"CategoricalDistribution\", \"attributes\": {\"choices\": [1, 2, 4, 8]}}"}
{"op_code":5,"worker_id":"045c6a49-06dc-488c-a0d7-91a6937a21c5-131069414635328","trial_id":136,"param_name":"gy","param_value_internal":2,"distribution":"{\"name\": \"CategoricalDistribution\", \"attributes\": {\"choices\": [1, 2, 4, 8]}}"}
{"op_code":5,"worker_id":"045c6a49-06dc-488c-a0d7-91a6937a21c5-131069414635328","trial_id":136,"param_name":"sub","param_value_internal":1,"distribution":"{\"name\": \"CategoricalDistribution\", \"attributes\": {\"choices\": [32, 64]}}"}
{"op_code":6,"worker_id":"045c6a49-06dc-488c-a0d7-91a6937a21c5-131069414635328","trial_id":136,"state":2,"values":null,"datetime_complete":"2026-07-24T01:27:07.494353"}
{"op_code":4,"worker_id":"045c6a49-06dc-488c-a0d7-91a6937a21c5-131069414635328","study_id":0,"datetime_start":"2026-07-24T01:27:07.496302"}
{"op_code":9,"worker_id":"045c6a49-06dc-488c-a0d7-91a6937a21c5-131069414635328","trial_id":137,"system_attr":{"tpe:relative_params:0":"{\"gx\": 1, \"gy\": 2, \"k\": 32, \"m\": 128, \"n\": 128, \"sub\": 64}"}}
{"op_code":5,"worker_id":"045c6a49-06dc-488c-a0d7-91a6937a21c5-131069414635328","trial_id":137,"param_name":"m","param_value_internal":3,"distribution":"{\"name\": \"CategoricalDistribution\", \"attributes\": {\"choices\": [16, 32, 64, 128, 256]}}"}
{"op_code":5,"worker_id":"045c6a49-06dc-488c-a0d7-91a6937a21c5-131069414635328","trial_id":137,"param_name":"n","param_value_internal":3,"distribution":"{\"name\": \"CategoricalDistribution\", \"attributes\": {\"choices\": [16, 32, 64, 128, 256]}}"}
{"op_code":5,"worker_id":"045c6a49-06dc-488c-a0d7-91a6937a21c5-131069414635328","trial_id":137,"param_name":"k","param_value_internal":1,"distribution":"{\"name\": \"CategoricalDistribution\", \"attributes\": {\"choices\": [16, 32, 64, 128]}}"}
{"op_code":5,"worker_id":"045c6a49-06dc-488c-a0d7-91a6937a21c5-131069414635328","trial_id":137,"param_name":"gx","param_value_internal":0,"distribution":"{\"name\": \"CategoricalDistribution\", \"attributes\": {\"choices\": [1, 2, 4, 8]}}"}
{"op_code":5,"worker_id":"045c6a49-06dc-488c-a0d7-91a6937a21c5-131069414635328","trial_id":137,"param_name":"gy","param_value_internal":1,"distribution":"{\"name\": \"CategoricalDistribution\", \"attributes\": {\"choices\": [1, 2, 4, 8]}}"}
{"op_code":5,"worker_id":"045c6a49-06dc-488c-a0d7-91a6937a21c5-131069414635328","trial_id":137,"param_name":"sub","param_value_internal":1,"distribution":"{\"name\": \"CategoricalDistribution\", \"attributes\": {\"choices\": [32, 64]}}"}
{"op_code":6,"worker_id":"045c6a49-06dc-488c-a0d7-91a6937a21c5-131069414635328","trial_id":137,"state":2,"values":null,"datetime_complete":"2026-07-24T01:27:07.516923"}
{"op_code":4,"worker_id":"045c6a49-06dc-488c-a0d7-91a6937a21c5-131069414635328","study_id":0,"datetime_start":"2026-07-24T01:27:07.518791"}
{"op_code":9,"worker_id":"045c6a49-06dc-488c-a0d7-91a6937a21c5-131069414635328","trial_id":138,"system_attr":{"tpe:relative_params:0":"{\"gx\": 1, \"gy\": 1, \"k\": 16, \"m\": 64, \"n\": 128, \"sub\": 64}"}}
{"op_code":5,"worker_id":"045c6a49-06dc-488c-a0d7-91a6937a21c5-131069414635328","trial_id":138,"param_name":"m","param_value_internal":2,"distribution":"{\"name\": \"CategoricalDistribution\", \"attributes\": {\"choices\": [16, 32, 64, 128, 256]}}"}
{"op_code":5,"worker_id":"045c6a49-06dc-488c-a0d7-91a6937a21c5-131069414635328","trial_id":138,"param_name":"n","param_value_internal":3,"distribution":"{\"name\": \"CategoricalDistribution\", \"attributes\": {\"choices\": [16, 32, 64, 128, 256]}}"}
{"op_code":5,"worker_id":"045c6a49-06dc-488c-a0d7-91a6937a21c5-131069414635328","trial_id":138,"param_name":"k","param_value_internal":0,"distribution":"{\"name\": \"CategoricalDistribution\", \"attributes\": {\"choices\": [16, 32, 64, 128]}}"}
{"op_code":5,"worker_id":"045c6a49-06dc-488c-a0d7-91a6937a21c5-131069414635328","trial_id":138,"param_name":"gx","param_value_internal":0,"distribution":"{\"name\": \"CategoricalDistribution\", \"attributes\": {\"choices\": [1, 2, 4, 8]}}"}
{"op_code":5,"worker_id":"045c6a49-06dc-488c-a0d7-91a6937a21c5-131069414635328","trial_id":138,"param_name":"gy","param_value_internal":0,"distribution":"{\"name\": \"CategoricalDistribution\", \"attributes\": {\"choices\": [1, 2, 4, 8]}}"}
{"op_code":5,"worker_id":"045c6a49-06dc-488c-a0d7-91a6937a21c5-131069414635328","trial_id":138,"param_name":"sub","param_value_internal":1,"distribution":"{\"name\": \"CategoricalDistribution\", \"attributes\": {\"choices\": [32, 64]}}"}
{"op_code":6,"worker_id":"045c6a49-06dc-488c-a0d7-91a6937a21c5-131069414635328","trial_id":138,"state":2,"values":null,"datetime_complete":"2026-07-24T01:27:07.540902"}
{"op_code":4,"worker_id":"045c6a49-06dc-488c-a0d7-91a6937a21c5-131069414635328","study_id":0,"datetime_start":"2026-07-24T01:27:07.543087"}
{"op_code":9,"worker_id":"045c6a49-06dc-488c-a0d7-91a6937a21c5-131069414635328","trial_id":139,"system_attr":{"tpe:relative_params:0":"{\"gx\": 2, \"gy\": 1, \"k\": 64, \"m\": 128, \"n\": 64, \"sub\": 32}"}}
{"op_code":5,"worker_id":"045c6a49-06dc-488c-a0d7-91a6937a21c5-131069414635328","trial_id":139,"param_name":"m","param_value_internal":3,"distribution":"{\"name\": \"CategoricalDistribution\", \"attributes\": {\"choices\": [16, 32, 64, 128, 256]}}"}
{"op_code":5,"worker_id":"045c6a49-06dc-488c-a0d7-91a6937a21c5-131069414635328","trial_id":139,"param_name":"n","param_value_internal":2,"distribution":"{\"name\": \"CategoricalDistribution\", \"attributes\": {\"choices\": [16, 32, 64, 128, 256]}}"}
{"op_code":5,"worker_id":"045c6a49-06dc-488c-a0d7-91a6937a21c5-131069414635328","trial_id":139,"param_name":"k","param_value_internal":2,"distribution":"{\"name\": \"CategoricalDistribution\", \"attributes\": {\"choices\": [16, 32, 64, 128]}}"}
{"op_code":5,"worker_id":"045c6a49-06dc-488c-a0d7-91a6937a21c5-131069414635328","trial_id":139,"param_name":"gx","param_value_internal":1,"distribution":"{\"name\": \"CategoricalDistribution\", \"attributes\": {\"choices\": [1, 2, 4, 8]}}"}
{"op_code":5,"worker_id":"045c6a49-06dc-488c-a0d7-91a6937a21c5-131069414635328","trial_id":139,"param_name":"gy","param_value_internal":0,"distribution":"{\"name\": \"CategoricalDistribution\", \"attributes\": {\"choices\": [1, 2, 4, 8]}}"}
{"op_code":5,"worker_id":"045c6a49-06dc-488c-a0d7-91a6937a21c5-131069414635328","trial_id":139,"param_name":"sub","param_value_internal":0,"distribution":"{\"name\": \"CategoricalDistribution\", \"attributes\": {\"choices\": [32, 64]}}"}
{"op_code":8,"worker_id":"045c6a49-06dc-488c-a0d7-91a6937a21c5-131069414635328","trial_id":139,"user_attr":{"token":"tsweep_t128x64k64g21s32"}}
{"op_code":4,"worker_id":"045c6a49-06dc-488c-a0d7-91a6937a21c5-131069414635328","study_id":0,"datetime_start":"2026-07-24T01:27:07.566931"}
{"op_code":9,"worker_id":"045c6a49-06dc-488c-a0d7-91a6937a21c5-131069414635328","trial_id":140,"system_attr":{"tpe:relative_params:0":"{\"gx\": 1, \"gy\": 1, \"k\": 16, \"m\": 128, \"n\": 128, \"sub\": 32}"}}
{"op_code":5,"worker_id":"045c6a49-06dc-488c-a0d7-91a6937a21c5-131069414635328","trial_id":140,"param_name":"m","param_value_internal":3,"distribution":"{\"name\": \"CategoricalDistribution\", \"attributes\": {\"choices\": [16, 32, 64, 128, 256]}}"}
{"op_code":5,"worker_id":"045c6a49-06dc-488c-a0d7-91a6937a21c5-131069414635328","trial_id":140,"param_name":"n","param_value_internal":3,"distribution":"{\"name\": \"CategoricalDistribution\", \"attributes\": {\"choices\": [16, 32, 64, 128, 256]}}"}
{"op_code":5,"worker_id":"045c6a49-06dc-488c-a0d7-91a6937a21c5-131069414635328","trial_id":140,"param_name":"k","param_value_internal":0,"distribution":"{\"name\": \"CategoricalDistribution\", \"attributes\": {\"choices\": [16, 32, 64, 128]}}"}
{"op_code":5,"worker_id":"045c6a49-06dc-488c-a0d7-91a6937a21c5-131069414635328","trial_id":140,"param_name":"gx","param_value_internal":0,"distribution":"{\"name\": \"CategoricalDistribution\", \"attributes\": {\"choices\": [1, 2, 4, 8]}}"}
{"op_code":5,"worker_id":"045c6a49-06dc-488c-a0d7-91a6937a21c5-131069414635328","trial_id":140,"param_name":"gy","param_value_internal":0,"distribution":"{\"name\": \"CategoricalDistribution\", \"attributes\": {\"choices\": [1, 2, 4, 8]}}"}
{"op_code":5,"worker_id":"045c6a49-06dc-488c-a0d7-91a6937a21c5-131069414635328","trial_id":140,"param_name":"sub","param_value_internal":0,"distribution":"{\"name\": \"CategoricalDistribution\", \"attributes\": {\"choices\": [32, 64]}}"}
{"op_code":8,"worker_id":"045c6a49-06dc-488c-a0d7-91a6937a21c5-131069414635328","trial_id":140,"user_attr":{"token":"tsweep_t128x128k16g11s32"}}
{"op_code":4,"worker_id":"045c6a49-06dc-488c-a0d7-91a6937a21c5-131069414635328","study_id":0,"datetime_start":"2026-07-24T01:27:07.589489"}
{"op_code":9,"worker_id":"045c6a49-06dc-488c-a0d7-91a6937a21c5-131069414635328","trial_id":141,"system_attr":{"tpe:relative_params:0":"{\"gx\": 1, \"gy\": 1, \"k\": 32, \"m\": 128, \"n\": 64, \"sub\": 32}"}}
{"op_code":5,"worker_id":"045c6a49-06dc-488c-a0d7-91a6937a21c5-131069414635328","trial_id":141,"param_name":"m","param_value_internal":3,"distribution":"{\"name\": \"CategoricalDistribution\", \"attributes\": {\"choices\": [16, 32, 64, 128, 256]}}"}
{"op_code":5,"worker_id":"045c6a49-06dc-488c-a0d7-91a6937a21c5-131069414635328","trial_id":141,"param_name":"n","param_value_internal":2,"distribution":"{\"name\": \"CategoricalDistribution\", \"attributes\": {\"choices\": [16, 32, 64, 128, 256]}}"}
{"op_code":5,"worker_id":"045c6a49-06dc-488c-a0d7-91a6937a21c5-131069414635328","trial_id":141,"param_name":"k","param_value_internal":1,"distribution":"{\"name\": \"CategoricalDistribution\", \"attributes\": {\"choices\": [16, 32, 64, 128]}}"}
{"op_code":5,"worker_id":"045c6a49-06dc-488c-a0d7-91a6937a21c5-131069414635328","trial_id":141,"param_name":"gx","param_value_internal":0,"distribution":"{\"name\": \"CategoricalDistribution\", \"attributes\": {\"choices\": [1, 2, 4, 8]}}"}
{"op_code":5,"worker_id":"045c6a49-06dc-488c-a0d7-91a6937a21c5-131069414635328","trial_id":141,"param_name":"gy","param_value_internal":0,"distribution":"{\"name\": \"CategoricalDistribution\", \"attributes\": {\"choices\": [1, 2, 4, 8]}}"}
{"op_code":5,"worker_id":"045c6a49-06dc-488c-a0d7-91a6937a21c5-131069414635328","trial_id":141,"param_name":"sub","param_value_internal":0,"distribution":"{\"name\": \"CategoricalDistribution\", \"attributes\": {\"choices\": [32, 64]}}"}
{"op_code":8,"worker_id":"045c6a49-06dc-488c-a0d7-91a6937a21c5-131069414635328","trial_id":141,"user_attr":{"token":"tsweep_t128x64k32g11s32"}}
{"op_code":4,"worker_id":"045c6a49-06dc-488c-a0d7-91a6937a21c5-131069414635328","study_id":0,"datetime_start":"2026-07-24T01:27:07.611091"}
{"op_code":9,"worker_id":"045c6a49-06dc-488c-a0d7-91a6937a21c5-131069414635328","trial_id":142,"system_attr":{"tpe:relative_params:0":"{\"gx\": 1, \"gy\": 1, \"k\": 16, \"m\": 64, \"n\": 32, \"sub\": 32}"}}
{"op_code":5,"worker_id":"045c6a49-06dc-488c-a0d7-91a6937a21c5-131069414635328","trial_id":142,"param_name":"m","param_value_internal":2,"distribution":"{\"name\": \"CategoricalDistribution\", \"attributes\": {\"choices\": [16, 32, 64, 128, 256]}}"}
{"op_code":5,"worker_id":"045c6a49-06dc-488c-a0d7-91a6937a21c5-131069414635328","trial_id":142,"param_name":"n","param_value_internal":1,"distribution":"{\"name\": \"CategoricalDistribution\", \"attributes\": {\"choices\": [16, 32, 64, 128, 256]}}"}
{"op_code":5,"worker_id":"045c6a49-06dc-488c-a0d7-91a6937a21c5-131069414635328","trial_id":142,"param_name":"k","param_value_internal":0,"distribution":"{\"name\": \"CategoricalDistribution\", \"attributes\": {\"choices\": [16, 32, 64, 128]}}"}
{"op_code":5,"worker_id":"045c6a49-06dc-488c-a0d7-91a6937a21c5-131069414635328","trial_id":142,"param_name":"gx","param_value_internal":0,"distribution":"{\"name\": \"CategoricalDistribution\", \"attributes\": {\"choices\": [1, 2, 4, 8]}}"}
{"op_code":5,"worker_id":"045c6a49-06dc-488c-a0d7-91a6937a21c5-131069414635328","trial_id":142,"param_name":"gy","param_value_internal":0,"distribution":"{\"name\": \"CategoricalDistribution\", \"attributes\": {\"choices\": [1, 2, 4, 8]}}"}
{"op_code":5,"worker_id":"045c6a49-06dc-488c-a0d7-91a6937a21c5-131069414635328","trial_id":142,"param_name":"sub","param_value_internal":0,"distribution":"{\"name\": \"CategoricalDistribution\", \"attributes\": {\"choices\": [32, 64]}}"}
{"op_code":6,"worker_id":"045c6a49-06dc-488c-a0d7-91a6937a21c5-131069414635328","trial_id":142,"state":2,"values":null,"datetime_complete":"2026-07-24T01:27:07.631192"}
{"op_code":4,"worker_id":"045c6a49-06dc-488c-a0d7-91a6937a21c5-131069414635328","study_id":0,"datetime_start":"2026-07-24T01:27:07.633108"}
{"op_code":9,"worker_id":"045c6a49-06dc-488c-a0d7-91a6937a21c5-131069414635328","trial_id":143,"system_attr":{"tpe:relative_params:0":"{\"gx\": 2, \"gy\": 2, \"k\": 64, \"m\": 128, \"n\": 64, \"sub\": 32}"}}
{"op_code":5,"worker_id":"045c6a49-06dc-488c-a0d7-91a6937a21c5-131069414635328","trial_id":143,"param_name":"m","param_value_internal":3,"distribution":"{\"name\": \"CategoricalDistribution\", \"attributes\": {\"choices\": [16, 32, 64, 128, 256]}}"}
{"op_code":5,"worker_id":"045c6a49-06dc-488c-a0d7-91a6937a21c5-131069414635328","trial_id":143,"param_name":"n","param_value_internal":2,"distribution":"{\"name\": \"CategoricalDistribution\", \"attributes\": {\"choices\": [16, 32, 64, 128, 256]}}"}
{"op_code":5,"worker_id":"045c6a49-06dc-488c-a0d7-91a6937a21c5-131069414635328","trial_id":143,"param_name":"k","param_value_internal":2,"distribution":"{\"name\": \"CategoricalDistribution\", \"attributes\": {\"choices\": [16, 32, 64, 128]}}"}
{"op_code":5,"worker_id":"045c6a49-06dc-488c-a0d7-91a6937a21c5-131069414635328","trial_id":143,"param_name":"gx","param_value_internal":1,"distribution":"{\"name\": \"CategoricalDistribution\", \"attributes\": {\"choices\": [1, 2, 4, 8]}}"}
{"op_code":5,"worker_id":"045c6a49-06dc-488c-a0d7-91a6937a21c5-131069414635328","trial_id":143,"param_name":"gy","param_value_internal":1,"distribution":"{\"name\": \"CategoricalDistribution\", \"attributes\": {\"choices\": [1, 2, 4, 8]}}"}
{"op_code":5,"worker_id":"045c6a49-06dc-488c-a0d7-91a6937a21c5-131069414635328","trial_id":143,"param_name":"sub","param_value_internal":0,"distribution":"{\"name\": \"CategoricalDistribution\", \"attributes\": {\"choices\": [32, 64]}}"}
{"op_code":6,"worker_id":"045c6a49-06dc-488c-a0d7-91a6937a21c5-131069414635328","trial_id":143,"state":2,"values":null,"datetime_complete":"2026-07-24T01:27:07.652934"}
{"op_code":4,"worker_id":"045c6a49-06dc-488c-a0d7-91a6937a21c5-131069414635328","study_id":0,"datetime_start":"2026-07-24T01:27:07.654816"}
{"op_code":9,"worker_id":"045c6a49-06dc-488c-a0d7-91a6937a21c5-131069414635328","trial_id":144,"system_attr":{"tpe:relative_params:0":"{\"gx\": 1, \"gy\": 1, \"k\": 32, \"m\": 64, \"n\": 32, \"sub\": 64}"}}
{"op_code":5,"worker_id":"045c6a49-06dc-488c-a0d7-91a6937a21c5-131069414635328","trial_id":144,"param_name":"m","param_value_internal":2,"distribution":"{\"name\": \"CategoricalDistribution\", \"attributes\": {\"choices\": [16, 32, 64, 128, 256]}}"}
{"op_code":5,"worker_id":"045c6a49-06dc-488c-a0d7-91a6937a21c5-131069414635328","trial_id":144,"param_name":"n","param_value_internal":1,"distribution":"{\"name\": \"CategoricalDistribution\", \"attributes\": {\"choices\": [16, 32, 64, 128, 256]}}"}
{"op_code":5,"worker_id":"045c6a49-06dc-488c-a0d7-91a6937a21c5-131069414635328","trial_id":144,"param_name":"k","param_value_internal":1,"distribution":"{\"name\": \"CategoricalDistribution\", \"attributes\": {\"choices\": [16, 32, 64, 128]}}"}
{"op_code":5,"worker_id":"045c6a49-06dc-488c-a0d7-91a6937a21c5-131069414635328","trial_id":144,"param_name":"gx","param_value_internal":0,"distribution":"{\"name\": \"CategoricalDistribution\", \"attributes\": {\"choices\": [1, 2, 4, 8]}}"}
{"op_code":5,"worker_id":"045c6a49-06dc-488c-a0d7-91a6937a21c5-131069414635328","trial_id":144,"param_name":"gy","param_value_internal":0,"distribution":"{\"name\": \"CategoricalDistribution\", \"attributes\": {\"choices\": [1, 2, 4, 8]}}"}
{"op_code":5,"worker_id":"045c6a49-06dc-488c-a0d7-91a6937a21c5-131069414635328","trial_id":144,"param_name":"sub","param_value_internal":1,"distribution":"{\"name\": \"CategoricalDistribution\", \"attributes\": {\"choices\": [32, 64]}}"}
{"op_code":6,"worker_id":"045c6a49-06dc-488c-a0d7-91a6937a21c5-131069414635328","trial_id":144,"state":2,"values":null,"datetime_complete":"2026-07-24T01:27:07.674691"}
{"op_code":4,"worker_id":"045c6a49-06dc-488c-a0d7-91a6937a21c5-131069414635328","study_id":0,"datetime_start":"2026-07-24T01:27:07.676728"}
{"op_code":9,"worker_id":"045c6a49-06dc-488c-a0d7-91a6937a21c5-131069414635328","trial_id":145,"system_attr":{"tpe:relative_params:0":"{\"gx\": 2, \"gy\": 1, \"k\": 32, \"m\": 128, \"n\": 64, \"sub\": 32}"}}
{"op_code":5,"worker_id":"045c6a49-06dc-488c-a0d7-91a6937a21c5-131069414635328","trial_id":145,"param_name":"m","param_value_internal":3,"distribution":"{\"name\": \"CategoricalDistribution\", \"attributes\": {\"choices\": [16, 32, 64, 128, 256]}}"}
{"op_code":5,"worker_id":"045c6a49-06dc-488c-a0d7-91a6937a21c5-131069414635328","trial_id":145,"param_name":"n","param_value_internal":2,"distribution":"{\"name\": \"CategoricalDistribution\", \"attributes\": {\"choices\": [16, 32, 64, 128, 256]}}"}
{"op_code":5,"worker_id":"045c6a49-06dc-488c-a0d7-91a6937a21c5-131069414635328","trial_id":145,"param_name":"k","param_value_internal":1,"distribution":"{\"name\": \"CategoricalDistribution\", \"attributes\": {\"choices\": [16, 32, 64, 128]}}"}
{"op_code":5,"worker_id":"045c6a49-06dc-488c-a0d7-91a6937a21c5-131069414635328","trial_id":145,"param_name":"gx","param_value_internal":1,"distribution":"{\"name\": \"CategoricalDistribution\", \"attributes\": {\"choices\": [1, 2, 4, 8]}}"}
{"op_code":5,"worker_id":"045c6a49-06dc-488c-a0d7-91a6937a21c5-131069414635328","trial_id":145,"param_name":"gy","param_value_internal":0,"distribution":"{\"name\": \"CategoricalDistribution\", \"attributes\": {\"choices\": [1, 2, 4, 8]}}"}
{"op_code":5,"worker_id":"045c6a49-06dc-488c-a0d7-91a6937a21c5-131069414635328","trial_id":145,"param_name":"sub","param_value_internal":0,"distribution":"{\"name\": \"CategoricalDistribution\", \"attributes\": {\"choices\": [32, 64]}}"}
{"op_code":6,"worker_id":"045c6a49-06dc-488c-a0d7-91a6937a21c5-131069414635328","trial_id":145,"state":2,"values":null,"datetime_complete":"2026-07-24T01:27:07.696486"}
{"op_code":4,"worker_id":"045c6a49-06dc-488c-a0d7-91a6937a21c5-131069414635328","study_id":0,"datetime_start":"2026-07-24T01:27:07.698465"}
{"op_code":9,"worker_id":"045c6a49-06dc-488c-a0d7-91a6937a21c5-131069414635328","trial_id":146,"system_attr":{"tpe:relative_params:0":"{\"gx\": 2, \"gy\": 4, \"k\": 32, \"m\": 256, \"n\": 64, \"sub\": 32}"}}
{"op_code":5,"worker_id":"045c6a49-06dc-488c-a0d7-91a6937a21c5-131069414635328","trial_id":146,"param_name":"m","param_value_internal":4,"distribution":"{\"name\": \"CategoricalDistribution\", \"attributes\": {\"choices\": [16, 32, 64, 128, 256]}}"}
{"op_code":5,"worker_id":"045c6a49-06dc-488c-a0d7-91a6937a21c5-131069414635328","trial_id":146,"param_name":"n","param_value_internal":2,"distribution":"{\"name\": \"CategoricalDistribution\", \"attributes\": {\"choices\": [16, 32, 64, 128, 256]}}"}
{"op_code":5,"worker_id":"045c6a49-06dc-488c-a0d7-91a6937a21c5-131069414635328","trial_id":146,"param_name":"k","param_value_internal":1,"distribution":"{\"name\": \"CategoricalDistribution\", \"attributes\": {\"choices\": [16, 32, 64, 128]}}"}
{"op_code":5,"worker_id":"045c6a49-06dc-488c-a0d7-91a6937a21c5-131069414635328","trial_id":146,"param_name":"gx","param_value_internal":1,"distribution":"{\"name\": \"CategoricalDistribution\", \"attributes\": {\"choices\": [1, 2, 4, 8]}}"}
{"op_code":5,"worker_id":"045c6a49-06dc-488c-a0d7-91a6937a21c5-131069414635328","trial_id":146,"param_name":"gy","param_value_internal":2,"distribution":"{\"name\": \"CategoricalDistribution\", \"attributes\": {\"choices\": [1, 2, 4, 8]}}"}
{"op_code":5,"worker_id":"045c6a49-06dc-488c-a0d7-91a6937a21c5-131069414635328","trial_id":146,"param_name":"sub","param_value_internal":0,"distribution":"{\"name\": \"CategoricalDistribution\", \"attributes\": {\"choices\": [32, 64]}}"}
{"op_code":8,"worker_id":"045c6a49-06dc-488c-a0d7-91a6937a21c5-131069414635328","trial_id":146,"user_attr":{"token":"tsweep_t256x64k32g24s32"}}
{"op_code":4,"worker_id":"045c6a49-06dc-488c-a0d7-91a6937a21c5-131069414635328","study_id":0,"datetime_start":"2026-07-24T01:27:07.719698"}
{"op_code":9,"worker_id":"045c6a49-06dc-488c-a0d7-91a6937a21c5-131069414635328","trial_id":147,"system_attr":{"tpe:relative_params:0":"{\"gx\": 1, \"gy\": 2, \"k\": 16, \"m\": 128, \"n\": 128, \"sub\": 32}"}}
{"op_code":5,"worker_id":"045c6a49-06dc-488c-a0d7-91a6937a21c5-131069414635328","trial_id":147,"param_name":"m","param_value_internal":3,"distribution":"{\"name\": \"CategoricalDistribution\", \"attributes\": {\"choices\": [16, 32, 64, 128, 256]}}"}
{"op_code":5,"worker_id":"045c6a49-06dc-488c-a0d7-91a6937a21c5-131069414635328","trial_id":147,"param_name":"n","param_value_internal":3,"distribution":"{\"name\": \"CategoricalDistribution\", \"attributes\": {\"choices\": [16, 32, 64, 128, 256]}}"}
{"op_code":5,"worker_id":"045c6a49-06dc-488c-a0d7-91a6937a21c5-131069414635328","trial_id":147,"param_name":"k","param_value_internal":0,"distribution":"{\"name\": \"CategoricalDistribution\", \"attributes\": {\"choices\": [16, 32, 64, 128]}}"}
{"op_code":5,"worker_id":"045c6a49-06dc-488c-a0d7-91a6937a21c5-131069414635328","trial_id":147,"param_name":"gx","param_value_internal":0,"distribution":"{\"name\": \"CategoricalDistribution\", \"attributes\": {\"choices\": [1, 2, 4, 8]}}"}
{"op_code":5,"worker_id":"045c6a49-06dc-488c-a0d7-91a6937a21c5-131069414635328","trial_id":147,"param_name":"gy","param_value_internal":1,"distribution":"{\"name\": \"CategoricalDistribution\", \"attributes\": {\"choices\": [1, 2, 4, 8]}}"}
{"op_code":5,"worker_id":"045c6a49-06dc-488c-a0d7-91a6937a21c5-131069414635328","trial_id":147,"param_name":"sub","param_value_internal":0,"distribution":"{\"name\": \"CategoricalDistribution\", \"attributes\": {\"choices\": [32, 64]}}"}
{"op_code":6,"worker_id":"045c6a49-06dc-488c-a0d7-91a6937a21c5-131069414635328","trial_id":147,"state":2,"values":null,"datetime_complete":"2026-07-24T01:27:07.739334"}
{"op_code":4,"worker_id":"045c6a49-06dc-488c-a0d7-91a6937a21c5-131069414635328","study_id":0,"datetime_start":"2026-07-24T01:27:07.741307"}
{"op_code":9,"worker_id":"045c6a49-06dc-488c-a0d7-91a6937a21c5-131069414635328","trial_id":148,"system_attr":{"tpe:relative_params:0":"{\"gx\": 1, \"gy\": 8, \"k\": 16, \"m\": 128, \"n\": 128, \"sub\": 64}"}}
{"op_code":5,"worker_id":"045c6a49-06dc-488c-a0d7-91a6937a21c5-131069414635328","trial_id":148,"param_name":"m","param_value_internal":3,"distribution":"{\"name\": \"CategoricalDistribution\", \"attributes\": {\"choices\": [16, 32, 64, 128, 256]}}"}
{"op_code":5,"worker_id":"045c6a49-06dc-488c-a0d7-91a6937a21c5-131069414635328","trial_id":148,"param_name":"n","param_value_internal":3,"distribution":"{\"name\": \"CategoricalDistribution\", \"attributes\": {\"choices\": [16, 32, 64, 128, 256]}}"}
{"op_code":5,"worker_id":"045c6a49-06dc-488c-a0d7-91a6937a21c5-131069414635328","trial_id":148,"param_name":"k","param_value_internal":0,"distribution":"{\"name\": \"CategoricalDistribution\", \"attributes\": {\"choices\": [16, 32, 64, 128]}}"}
{"op_code":5,"worker_id":"045c6a49-06dc-488c-a0d7-91a6937a21c5-131069414635328","trial_id":148,"param_name":"gx","param_value_internal":0,"distribution":"{\"name\": \"CategoricalDistribution\", \"attributes\": {\"choices\": [1, 2, 4, 8]}}"}
{"op_code":5,"worker_id":"045c6a49-06dc-488c-a0d7-91a6937a21c5-131069414635328","trial_id":148,"param_name":"gy","param_value_internal":3,"distribution":"{\"name\": \"CategoricalDistribution\", \"attributes\": {\"choices\": [1, 2, 4, 8]}}"}
{"op_code":5,"worker_id":"045c6a49-06dc-488c-a0d7-91a6937a21c5-131069414635328","trial_id":148,"param_name":"sub","param_value_internal":1,"distribution":"{\"name\": \"CategoricalDistribution\", \"attributes\": {\"choices\": [32, 64]}}"}
{"op_code":6,"worker_id":"045c6a49-06dc-488c-a0d7-91a6937a21c5-131069414635328","trial_id":148,"state":2,"values":null,"datetime_complete":"2026-07-24T01:27:07.761556"}
{"op_code":4,"worker_id":"045c6a49-06dc-488c-a0d7-91a6937a21c5-131069414635328","study_id":0,"datetime_start":"2026-07-24T01:27:07.763619"}
{"op_code":9,"worker_id":"045c6a49-06dc-488c-a0d7-91a6937a21c5-131069414635328","trial_id":149,"system_attr":{"tpe:relative_params:0":"{\"gx\": 1, \"gy\": 2, \"k\": 16, \"m\": 128, \"n\": 256, \"sub\": 32}"}}
{"op_code":5,"worker_id":"045c6a49-06dc-488c-a0d7-91a6937a21c5-131069414635328","trial_id":149,"param_name":"m","param_value_internal":3,"distribution":"{\"name\": \"CategoricalDistribution\", \"attributes\": {\"choices\": [16, 32, 64, 128, 256]}}"}
{"op_code":5,"worker_id":"045c6a49-06dc-488c-a0d7-91a6937a21c5-131069414635328","trial_id":149,"param_name":"n","param_value_internal":4,"distribution":"{\"name\": \"CategoricalDistribution\", \"attributes\": {\"choices\": [16, 32, 64, 128, 256]}}"}
{"op_code":5,"worker_id":"045c6a49-06dc-488c-a0d7-91a6937a21c5-131069414635328","trial_id":149,"param_name":"k","param_value_internal":0,"distribution":"{\"name\": \"CategoricalDistribution\", \"attributes\": {\"choices\": [16, 32, 64, 128]}}"}
{"op_code":5,"worker_id":"045c6a49-06dc-488c-a0d7-91a6937a21c5-131069414635328","trial_id":149,"param_name":"gx","param_value_internal":0,"distribution":"{\"name\": \"CategoricalDistribution\", \"attributes\": {\"choices\": [1, 2, 4, 8]}}"}
{"op_code":5,"worker_id":"045c6a49-06dc-488c-a0d7-91a6937a21c5-131069414635328","trial_id":149,"param_name":"gy","param_value_internal":1,"distribution":"{\"name\": \"CategoricalDistribution\", \"attributes\": {\"choices\": [1, 2, 4, 8]}}"}
{"op_code":5,"worker_id":"045c6a49-06dc-488c-a0d7-91a6937a21c5-131069414635328","trial_id":149,"param_name":"sub","param_value_internal":0,"distribution":"{\"name\": \"CategoricalDistribution\", \"attributes\": {\"choices\": [32, 64]}}"}
{"op_code":8,"worker_id":"045c6a49-06dc-488c-a0d7-91a6937a21c5-131069414635328","trial_id":149,"user_attr":{"token":"tsweep_t128x256k16g12s32"}}
{"op_code":4,"worker_id":"045c6a49-06dc-488c-a0d7-91a6937a21c5-131069414635328","study_id":0,"datetime_start":"2026-07-24T01:27:07.786968"}
{"op_code":9,"worker_id":"045c6a49-06dc-488c-a0d7-91a6937a21c5-131069414635328","trial_id":150,"system_attr":{"tpe:relative_params:0":"{\"gx\": 2, \"gy\": 1, \"k\": 16, \"m\": 32, \"n\": 128, \"sub\": 64}"}}
{"op_code":5,"worker_id":"045c6a49-06dc-488c-a0d7-91a6937a21c5-131069414635328","trial_id":150,"param_name":"m","param_value_internal":1,"distribution":"{\"name\": \"CategoricalDistribution\", \"attributes\": {\"choices\": [16, 32, 64, 128, 256]}}"}
{"op_code":5,"worker_id":"045c6a49-06dc-488c-a0d7-91a6937a21c5-131069414635328","trial_id":150,"param_name":"n","param_value_internal":3,"distribution":"{\"name\": \"CategoricalDistribution\", \"attributes\": {\"choices\": [16, 32, 64, 128, 256]}}"}
{"op_code":5,"worker_id":"045c6a49-06dc-488c-a0d7-91a6937a21c5-131069414635328","trial_id":150,"param_name":"k","param_value_internal":0,"distribution":"{\"name\": \"CategoricalDistribution\", \"attributes\": {\"choices\": [16, 32, 64, 128]}}"}
{"op_code":5,"worker_id":"045c6a49-06dc-488c-a0d7-91a6937a21c5-131069414635328","trial_id":150,"param_name":"gx","param_value_internal":1,"distribution":"{\"name\": \"CategoricalDistribution\", \"attributes\": {\"choices\": [1, 2, 4, 8]}}"}
{"op_code":5,"worker_id":"045c6a49-06dc-488c-a0d7-91a6937a21c5-131069414635328","trial_id":150,"param_name":"gy","param_value_internal":0,"distribution":"{\"name\": \"CategoricalDistribution\", \"attributes\": {\"choices\": [1, 2, 4, 8]}}"}
{"op_code":5,"worker_id":"045c6a49-06dc-488c-a0d7-91a6937a21c5-131069414635328","trial_id":150,"param_name":"sub","param_value_internal":1,"distribution":"{\"name\": \"CategoricalDistribution\", \"attributes\": {\"choices\": [32, 64]}}"}
{"op_code":6,"worker_id":"045c6a49-06dc-488c-a0d7-91a6937a21c5-131069414635328","trial_id":150,"state":2,"values":null,"datetime_complete":"2026-07-24T01:27:07.809000"}
{"op_code":4,"worker_id":"045c6a49-06dc-488c-a0d7-91a6937a21c5-131069414635328","study_id":0,"datetime_start":"2026-07-24T01:27:07.811177"}
{"op_code":9,"worker_id":"045c6a49-06dc-488c-a0d7-91a6937a21c5-131069414635328","trial_id":151,"system_attr":{"tpe:relative_params:0":"{\"gx\": 2, \"gy\": 4, \"k\": 32, \"m\": 128, \"n\": 64, \"sub\": 64}"}}
{"op_code":5,"worker_id":"045c6a49-06dc-488c-a0d7-91a6937a21c5-131069414635328","trial_id":151,"param_name":"m","param_value_internal":3,"distribution":"{\"name\": \"CategoricalDistribution\", \"attributes\": {\"choices\": [16, 32, 64, 128, 256]}}"}
{"op_code":5,"worker_id":"045c6a49-06dc-488c-a0d7-91a6937a21c5-131069414635328","trial_id":151,"param_name":"n","param_value_internal":2,"distribution":"{\"name\": \"CategoricalDistribution\", \"attributes\": {\"choices\": [16, 32, 64, 128, 256]}}"}
{"op_code":5,"worker_id":"045c6a49-06dc-488c-a0d7-91a6937a21c5-131069414635328","trial_id":151,"param_name":"k","param_value_internal":1,"distribution":"{\"name\": \"CategoricalDistribution\", \"attributes\": {\"choices\": [16, 32, 64, 128]}}"}
{"op_code":5,"worker_id":"045c6a49-06dc-488c-a0d7-91a6937a21c5-131069414635328","trial_id":151,"param_name":"gx","param_value_internal":1,"distribution":"{\"name\": \"CategoricalDistribution\", \"attributes\": {\"choices\": [1, 2, 4, 8]}}"}
{"op_code":5,"worker_id":"045c6a49-06dc-488c-a0d7-91a6937a21c5-131069414635328","trial_id":151,"param_name":"gy","param_value_internal":2,"distribution":"{\"name\": \"CategoricalDistribution\", \"attributes\": {\"choices\": [1, 2, 4, 8]}}"}
{"op_code":5,"worker_id":"045c6a49-06dc-488c-a0d7-91a6937a21c5-131069414635328","trial_id":151,"param_name":"sub","param_value_internal":1,"distribution":"{\"name\": \"CategoricalDistribution\", \"attributes\": {\"choices\": [32, 64]}}"}
{"op_code":6,"worker_id":"045c6a49-06dc-488c-a0d7-91a6937a21c5-131069414635328","trial_id":151,"state":2,"values":null,"datetime_complete":"2026-07-24T01:27:07.832941"}
{"op_code":4,"worker_id":"045c6a49-06dc-488c-a0d7-91a6937a21c5-131069414635328","study_id":0,"datetime_start":"2026-07-24T01:27:07.835049"}
{"op_code":9,"worker_id":"045c6a49-06dc-488c-a0d7-91a6937a21c5-131069414635328","trial_id":152,"system_attr":{"tpe:relative_params:0":"{\"gx\": 8, \"gy\": 1, \"k\": 32, \"m\": 128, \"n\": 16, \"sub\": 32}"}}
{"op_code":5,"worker_id":"045c6a49-06dc-488c-a0d7-91a6937a21c5-131069414635328","trial_id":152,"param_name":"m","param_value_internal":3,"distribution":"{\"name\": \"CategoricalDistribution\", \"attributes\": {\"choices\": [16, 32, 64, 128, 256]}}"}
{"op_code":5,"worker_id":"045c6a49-06dc-488c-a0d7-91a6937a21c5-131069414635328","trial_id":152,"param_name":"n","param_value_internal":0,"distribution":"{\"name\": \"CategoricalDistribution\", \"attributes\": {\"choices\": [16, 32, 64, 128, 256]}}"}
{"op_code":5,"worker_id":"045c6a49-06dc-488c-a0d7-91a6937a21c5-131069414635328","trial_id":152,"param_name":"k","param_value_internal":1,"distribution":"{\"name\": \"CategoricalDistribution\", \"attributes\": {\"choices\": [16, 32, 64, 128]}}"}
{"op_code":5,"worker_id":"045c6a49-06dc-488c-a0d7-91a6937a21c5-131069414635328","trial_id":152,"param_name":"gx","param_value_internal":3,"distribution":"{\"name\": \"CategoricalDistribution\", \"attributes\": {\"choices\": [1, 2, 4, 8]}}"}
{"op_code":5,"worker_id":"045c6a49-06dc-488c-a0d7-91a6937a21c5-131069414635328","trial_id":152,"param_name":"gy","param_value_internal":0,"distribution":"{\"name\": \"CategoricalDistribution\", \"attributes\": {\"choices\": [1, 2, 4, 8]}}"}
{"op_code":5,"worker_id":"045c6a49-06dc-488c-a0d7-91a6937a21c5-131069414635328","trial_id":152,"param_name":"sub","param_value_internal":0,"distribution":"{\"name\": \"CategoricalDistribution\", \"attributes\": {\"choices\": [32, 64]}}"}
{"op_code":6,"worker_id":"045c6a49-06dc-488c-a0d7-91a6937a21c5-131069414635328","trial_id":152,"state":2,"values":null,"datetime_complete":"2026-07-24T01:27:07.857043"}
{"op_code":4,"worker_id":"045c6a49-06dc-488c-a0d7-91a6937a21c5-131069414635328","study_id":0,"datetime_start":"2026-07-24T01:27:07.858981"}
{"op_code":9,"worker_id":"045c6a49-06dc-488c-a0d7-91a6937a21c5-131069414635328","trial_id":153,"system_attr":{"tpe:relative_params:0":"{\"gx\": 1, \"gy\": 4, \"k\": 32, \"m\": 32, \"n\": 128, \"sub\": 64}"}}
{"op_code":5,"worker_id":"045c6a49-06dc-488c-a0d7-91a6937a21c5-131069414635328","trial_id":153,"param_name":"m","param_value_internal":1,"distribution":"{\"name\": \"CategoricalDistribution\", \"attributes\": {\"choices\": [16, 32, 64, 128, 256]}}"}
{"op_code":5,"worker_id":"045c6a49-06dc-488c-a0d7-91a6937a21c5-131069414635328","trial_id":153,"param_name":"n","param_value_internal":3,"distribution":"{\"name\": \"CategoricalDistribution\", \"attributes\": {\"choices\": [16, 32, 64, 128, 256]}}"}
{"op_code":5,"worker_id":"045c6a49-06dc-488c-a0d7-91a6937a21c5-131069414635328","trial_id":153,"param_name":"k","param_value_internal":1,"distribution":"{\"name\": \"CategoricalDistribution\", \"attributes\": {\"choices\": [16, 32, 64, 128]}}"}
{"op_code":5,"worker_id":"045c6a49-06dc-488c-a0d7-91a6937a21c5-131069414635328","trial_id":153,"param_name":"gx","param_value_internal":0,"distribution":"{\"name\": \"CategoricalDistribution\", \"attributes\": {\"choices\": [1, 2, 4, 8]}}"}
{"op_code":5,"worker_id":"045c6a49-06dc-488c-a0d7-91a6937a21c5-131069414635328","trial_id":153,"param_name":"gy","param_value_internal":2,"distribution":"{\"name\": \"CategoricalDistribution\", \"attributes\": {\"choices\": [1, 2, 4, 8]}}"}
{"op_code":5,"worker_id":"045c6a49-06dc-488c-a0d7-91a6937a21c5-131069414635328","trial_id":153,"param_name":"sub","param_value_internal":1,"distribution":"{\"name\": \"CategoricalDistribution\", \"attributes\": {\"choices\": [32, 64]}}"}
{"op_code":6,"worker_id":"045c6a49-06dc-488c-a0d7-91a6937a21c5-131069414635328","trial_id":153,"state":2,"values":null,"datetime_complete":"2026-07-24T01:27:07.880111"}
{"op_code":4,"worker_id":"045c6a49-06dc-488c-a0d7-91a6937a21c5-131069414635328","study_id":0,"datetime_start":"2026-07-24T01:27:07.882251"}
{"op_code":9,"worker_id":"045c6a49-06dc-488c-a0d7-91a6937a21c5-131069414635328","trial_id":154,"system_attr":{"tpe:relative_params:0":"{\"gx\": 1, \"gy\": 4, \"k\": 16, \"m\": 128, \"n\": 32, \"sub\": 32}"}}
{"op_code":5,"worker_id":"045c6a49-06dc-488c-a0d7-91a6937a21c5-131069414635328","trial_id":154,"param_name":"m","param_value_internal":3,"distribution":"{\"name\": \"CategoricalDistribution\", \"attributes\": {\"choices\": [16, 32, 64, 128, 256]}}"}
{"op_code":5,"worker_id":"045c6a49-06dc-488c-a0d7-91a6937a21c5-131069414635328","trial_id":154,"param_name":"n","param_value_internal":1,"distribution":"{\"name\": \"CategoricalDistribution\", \"attributes\": {\"choices\": [16, 32, 64, 128, 256]}}"}
{"op_code":5,"worker_id":"045c6a49-06dc-488c-a0d7-91a6937a21c5-131069414635328","trial_id":154,"param_name":"k","param_value_internal":0,"distribution":"{\"name\": \"CategoricalDistribution\", \"attributes\": {\"choices\": [16, 32, 64, 128]}}"}
{"op_code":5,"worker_id":"045c6a49-06dc-488c-a0d7-91a6937a21c5-131069414635328","trial_id":154,"param_name":"gx","param_value_internal":0,"distribution":"{\"name\": \"CategoricalDistribution\", \"attributes\": {\"choices\": [1, 2, 4, 8]}}"}
{"op_code":5,"worker_id":"045c6a49-06dc-488c-a0d7-91a6937a21c5-131069414635328","trial_id":154,"param_name":"gy","param_value_internal":2,"distribution":"{\"name\": \"CategoricalDistribution\", \"attributes\": {\"choices\": [1, 2, 4, 8]}}"}
{"op_code":5,"worker_id":"045c6a49-06dc-488c-a0d7-91a6937a21c5-131069414635328","trial_id":154,"param_name":"sub","param_value_internal":0,"distribution":"{\"name\": \"CategoricalDistribution\", \"attributes\": {\"choices\": [32, 64]}}"}
{"op_code":6,"worker_id":"045c6a49-06dc-488c-a0d7-91a6937a21c5-131069414635328","trial_id":154,"state":2,"values":null,"datetime_complete":"2026-07-24T01:27:07.909904"}
{"op_code":4,"worker_id":"045c6a49-06dc-488c-a0d7-91a6937a21c5-131069414635328","study_id":0,"datetime_start":"2026-07-24T01:27:07.912737"}
{"op_code":9,"worker_id":"045c6a49-06dc-488c-a0d7-91a6937a21c5-131069414635328","trial_id":155,"system_attr":{"tpe:relative_params:0":"{\"gx\": 8, \"gy\": 4, \"k\": 32, \"m\": 128, \"n\": 64, \"sub\": 32}"}}
{"op_code":5,"worker_id":"045c6a49-06dc-488c-a0d7-91a6937a21c5-131069414635328","trial_id":155,"param_name":"m","param_value_internal":3,"distribution":"{\"name\": \"CategoricalDistribution\", \"attributes\": {\"choices\": [16, 32, 64, 128, 256]}}"}
{"op_code":5,"worker_id":"045c6a49-06dc-488c-a0d7-91a6937a21c5-131069414635328","trial_id":155,"param_name":"n","param_value_internal":2,"distribution":"{\"name\": \"CategoricalDistribution\", \"attributes\": {\"choices\": [16, 32, 64, 128, 256]}}"}
{"op_code":5,"worker_id":"045c6a49-06dc-488c-a0d7-91a6937a21c5-131069414635328","trial_id":155,"param_name":"k","param_value_internal":1,"distribution":"{\"name\": \"CategoricalDistribution\", \"attributes\": {\"choices\": [16, 32, 64, 128]}}"}
{"op_code":5,"worker_id":"045c6a49-06dc-488c-a0d7-91a6937a21c5-131069414635328","trial_id":155,"param_name":"gx","param_value_internal":3,"distribution":"{\"name\": \"CategoricalDistribution\", \"attributes\": {\"choices\": [1, 2, 4, 8]}}"}
{"op_code":5,"worker_id":"045c6a49-06dc-488c-a0d7-91a6937a21c5-131069414635328","trial_id":155,"param_name":"gy","param_value_internal":2,"distribution":"{\"name\": \"CategoricalDistribution\", \"attributes\": {\"choices\": [1, 2, 4, 8]}}"}
{"op_code":5,"worker_id":"045c6a49-06dc-488c-a0d7-91a6937a21c5-131069414635328","trial_id":155,"param_name":"sub","param_value_internal":0,"distribution":"{\"name\": \"CategoricalDistribution\", \"attributes\": {\"choices\": [32, 64]}}"}
{"op_code":6,"worker_id":"045c6a49-06dc-488c-a0d7-91a6937a21c5-131069414635328","trial_id":155,"state":2,"values":null,"datetime_complete":"2026-07-24T01:27:07.939464"}
{"op_code":4,"worker_id":"045c6a49-06dc-488c-a0d7-91a6937a21c5-131069414635328","study_id":0,"datetime_start":"2026-07-24T01:27:07.941746"}
{"op_code":9,"worker_id":"045c6a49-06dc-488c-a0d7-91a6937a21c5-131069414635328","trial_id":156,"system_attr":{"tpe:relative_params:0":"{\"gx\": 1, \"gy\": 1, \"k\": 32, \"m\": 64, \"n\": 128, \"sub\": 32}"}}
{"op_code":5,"worker_id":"045c6a49-06dc-488c-a0d7-91a6937a21c5-131069414635328","trial_id":156,"param_name":"m","param_value_internal":2,"distribution":"{\"name\": \"CategoricalDistribution\", \"attributes\": {\"choices\": [16, 32, 64, 128, 256]}}"}
{"op_code":5,"worker_id":"045c6a49-06dc-488c-a0d7-91a6937a21c5-131069414635328","trial_id":156,"param_name":"n","param_value_internal":3,"distribution":"{\"name\": \"CategoricalDistribution\", \"attributes\": {\"choices\": [16, 32, 64, 128, 256]}}"}
{"op_code":5,"worker_id":"045c6a49-06dc-488c-a0d7-91a6937a21c5-131069414635328","trial_id":156,"param_name":"k","param_value_internal":1,"distribution":"{\"name\": \"CategoricalDistribution\", \"attributes\": {\"choices\": [16, 32, 64, 128]}}"}
{"op_code":5,"worker_id":"045c6a49-06dc-488c-a0d7-91a6937a21c5-131069414635328","trial_id":156,"param_name":"gx","param_value_internal":0,"distribution":"{\"name\": \"CategoricalDistribution\", \"attributes\": {\"choices\": [1, 2, 4, 8]}}"}
{"op_code":5,"worker_id":"045c6a49-06dc-488c-a0d7-91a6937a21c5-131069414635328","trial_id":156,"param_name":"gy","param_value_internal":0,"distribution":"{\"name\": \"CategoricalDistribution\", \"attributes\": {\"choices\": [1, 2, 4, 8]}}"}
{"op_code":5,"worker_id":"045c6a49-06dc-488c-a0d7-91a6937a21c5-131069414635328","trial_id":156,"param_name":"sub","param_value_internal":0,"distribution":"{\"name\": \"CategoricalDistribution\", \"attributes\": {\"choices\": [32, 64]}}"}
{"op_code":8,"worker_id":"045c6a49-06dc-488c-a0d7-91a6937a21c5-131069414635328","trial_id":156,"user_attr":{"token":"tsweep_t64x128k32g11s32"}}
{"op_code":4,"worker_id":"045c6a49-06dc-488c-a0d7-91a6937a21c5-131069414635328","study_id":0,"datetime_start":"2026-07-24T01:27:07.964278"}
{"op_code":9,"worker_id":"045c6a49-06dc-488c-a0d7-91a6937a21c5-131069414635328","trial_id":157,"system_attr":{"tpe:relative_params:0":"{\"gx\": 1, \"gy\": 2, \"k\": 32, \"m\": 64, \"n\": 64, \"sub\": 32}"}}
{"op_code":5,"worker_id":"045c6a49-06dc-488c-a0d7-91a6937a21c5-131069414635328","trial_id":157,"param_name":"m","param_value_internal":2,"distribution":"{\"name\": \"CategoricalDistribution\", \"attributes\": {\"choices\": [16, 32, 64, 128, 256]}}"}
{"op_code":5,"worker_id":"045c6a49-06dc-488c-a0d7-91a6937a21c5-131069414635328","trial_id":157,"param_name":"n","param_value_internal":2,"distribution":"{\"name\": \"CategoricalDistribution\", \"attributes\": {\"choices\": [16, 32, 64, 128, 256]}}"}
{"op_code":5,"worker_id":"045c6a49-06dc-488c-a0d7-91a6937a21c5-131069414635328","trial_id":157,"param_name":"k","param_value_internal":1,"distribution":"{\"name\": \"CategoricalDistribution\", \"attributes\": {\"choices\": [16, 32, 64, 128]}}"}
{"op_code":5,"worker_id":"045c6a49-06dc-488c-a0d7-91a6937a21c5-131069414635328","trial_id":157,"param_name":"gx","param_value_internal":0,"distribution":"{\"name\": \"CategoricalDistribution\", \"attributes\": {\"choices\": [1, 2, 4, 8]}}"}
{"op_code":5,"worker_id":"045c6a49-06dc-488c-a0d7-91a6937a21c5-131069414635328","trial_id":157,"param_name":"gy","param_value_internal":1,"distribution":"{\"name\": \"CategoricalDistribution\", \"attributes\": {\"choices\": [1, 2, 4, 8]}}"}
{"op_code":5,"worker_id":"045c6a49-06dc-488c-a0d7-91a6937a21c5-131069414635328","trial_id":157,"param_name":"sub","param_value_internal":0,"distribution":"{\"name\": \"CategoricalDistribution\", \"attributes\": {\"choices\": [32, 64]}}"}
{"op_code":6,"worker_id":"045c6a49-06dc-488c-a0d7-91a6937a21c5-131069414635328","trial_id":157,"state":2,"values":null,"datetime_complete":"2026-07-24T01:27:07.987002"}
{"op_code":4,"worker_id":"045c6a49-06dc-488c-a0d7-91a6937a21c5-131069414635328","study_id":0,"datetime_start":"2026-07-24T01:27:07.989378"}
{"op_code":9,"worker_id":"045c6a49-06dc-488c-a0d7-91a6937a21c5-131069414635328","trial_id":158,"system_attr":{"tpe:relative_params:0":"{\"gx\": 1, \"gy\": 2, \"k\": 128, \"m\": 32, \"n\": 64, \"sub\": 32}"}}
{"op_code":5,"worker_id":"045c6a49-06dc-488c-a0d7-91a6937a21c5-131069414635328","trial_id":158,"param_name":"m","param_value_internal":1,"distribution":"{\"name\": \"CategoricalDistribution\", \"attributes\": {\"choices\": [16, 32, 64, 128, 256]}}"}
{"op_code":5,"worker_id":"045c6a49-06dc-488c-a0d7-91a6937a21c5-131069414635328","trial_id":158,"param_name":"n","param_value_internal":2,"distribution":"{\"name\": \"CategoricalDistribution\", \"attributes\": {\"choices\": [16, 32, 64, 128, 256]}}"}
{"op_code":5,"worker_id":"045c6a49-06dc-488c-a0d7-91a6937a21c5-131069414635328","trial_id":158,"param_name":"k","param_value_internal":3,"distribution":"{\"name\": \"CategoricalDistribution\", \"attributes\": {\"choices\": [16, 32, 64, 128]}}"}
{"op_code":5,"worker_id":"045c6a49-06dc-488c-a0d7-91a6937a21c5-131069414635328","trial_id":158,"param_name":"gx","param_value_internal":0,"distribution":"{\"name\": \"CategoricalDistribution\", \"attributes\": {\"choices\": [1, 2, 4, 8]}}"}
{"op_code":5,"worker_id":"045c6a49-06dc-488c-a0d7-91a6937a21c5-131069414635328","trial_id":158,"param_name":"gy","param_value_internal":1,"distribution":"{\"name\": \"CategoricalDistribution\", \"attributes\": {\"choices\": [1, 2, 4, 8]}}"}
{"op_code":5,"worker_id":"045c6a49-06dc-488c-a0d7-91a6937a21c5-131069414635328","trial_id":158,"param_name":"sub","param_value_internal":0,"distribution":"{\"name\": \"CategoricalDistribution\", \"attributes\": {\"choices\": [32, 64]}}"}
{"op_code":8,"worker_id":"045c6a49-06dc-488c-a0d7-91a6937a21c5-131069414635328","trial_id":158,"user_attr":{"token":"tsweep_t32x64k128g12s32"}}
{"op_code":4,"worker_id":"045c6a49-06dc-488c-a0d7-91a6937a21c5-131069414635328","study_id":0,"datetime_start":"2026-07-24T01:27:08.012351"}
{"op_code":9,"worker_id":"045c6a49-06dc-488c-a0d7-91a6937a21c5-131069414635328","trial_id":159,"system_attr":{"tpe:relative_params:0":"{\"gx\": 4, \"gy\": 8, \"k\": 16, \"m\": 128, \"n\": 128, \"sub\": 32}"}}
{"op_code":5,"worker_id":"045c6a49-06dc-488c-a0d7-91a6937a21c5-131069414635328","trial_id":159,"param_name":"m","param_value_internal":3,"distribution":"{\"name\": \"CategoricalDistribution\", \"attributes\": {\"choices\": [16, 32, 64, 128, 256]}}"}
{"op_code":5,"worker_id":"045c6a49-06dc-488c-a0d7-91a6937a21c5-131069414635328","trial_id":159,"param_name":"n","param_value_internal":3,"distribution":"{\"name\": \"CategoricalDistribution\", \"attributes\": {\"choices\": [16, 32, 64, 128, 256]}}"}
{"op_code":5,"worker_id":"045c6a49-06dc-488c-a0d7-91a6937a21c5-131069414635328","trial_id":159,"param_name":"k","param_value_internal":0,"distribution":"{\"name\": \"CategoricalDistribution\", \"attributes\": {\"choices\": [16, 32, 64, 128]}}"}
{"op_code":5,"worker_id":"045c6a49-06dc-488c-a0d7-91a6937a21c5-131069414635328","trial_id":159,"param_name":"gx","param_value_internal":2,"distribution":"{\"name\": \"CategoricalDistribution\", \"attributes\": {\"choices\": [1, 2, 4, 8]}}"}
{"op_code":5,"worker_id":"045c6a49-06dc-488c-a0d7-91a6937a21c5-131069414635328","trial_id":159,"param_name":"gy","param_value_internal":3,"distribution":"{\"name\": \"CategoricalDistribution\", \"attributes\": {\"choices\": [1, 2, 4, 8]}}"}
{"op_code":5,"worker_id":"045c6a49-06dc-488c-a0d7-91a6937a21c5-131069414635328","trial_id":159,"param_name":"sub","param_value_internal":0,"distribution":"{\"name\": \"CategoricalDistribution\", \"attributes\": {\"choices\": [32, 64]}}"}
{"op_code":6,"worker_id":"045c6a49-06dc-488c-a0d7-91a6937a21c5-131069414635328","trial_id":159,"state":2,"values":null,"datetime_complete":"2026-07-24T01:27:08.033410"}
{"op_code":4,"worker_id":"045c6a49-06dc-488c-a0d7-91a6937a21c5-131069414635328","study_id":0,"datetime_start":"2026-07-24T01:27:08.035428"}
{"op_code":9,"worker_id":"045c6a49-06dc-488c-a0d7-91a6937a21c5-131069414635328","trial_id":160,"system_attr":{"tpe:relative_params:0":"{\"gx\": 1, \"gy\": 2, \"k\": 32, \"m\": 128, \"n\": 16, \"sub\": 32}"}}
{"op_code":5,"worker_id":"045c6a49-06dc-488c-a0d7-91a6937a21c5-131069414635328","trial_id":160,"param_name":"m","param_value_internal":3,"distribution":"{\"name\": \"CategoricalDistribution\", \"attributes\": {\"choices\": [16, 32, 64, 128, 256]}}"}
{"op_code":5,"worker_id":"045c6a49-06dc-488c-a0d7-91a6937a21c5-131069414635328","trial_id":160,"param_name":"n","param_value_internal":0,"distribution":"{\"name\": \"CategoricalDistribution\", \"attributes\": {\"choices\": [16, 32, 64, 128, 256]}}"}
{"op_code":5,"worker_id":"045c6a49-06dc-488c-a0d7-91a6937a21c5-131069414635328","trial_id":160,"param_name":"k","param_value_internal":1,"distribution":"{\"name\": \"CategoricalDistribution\", \"attributes\": {\"choices\": [16, 32, 64, 128]}}"}
{"op_code":5,"worker_id":"045c6a49-06dc-488c-a0d7-91a6937a21c5-131069414635328","trial_id":160,"param_name":"gx","param_value_internal":0,"distribution":"{\"name\": \"CategoricalDistribution\", \"attributes\": {\"choices\": [1, 2, 4, 8]}}"}
{"op_code":5,"worker_id":"045c6a49-06dc-488c-a0d7-91a6937a21c5-131069414635328","trial_id":160,"param_name":"gy","param_value_internal":1,"distribution":"{\"name\": \"CategoricalDistribution\", \"attributes\": {\"choices\": [1, 2, 4, 8]}}"}
{"op_code":5,"worker_id":"045c6a49-06dc-488c-a0d7-91a6937a21c5-131069414635328","trial_id":160,"param_name":"sub","param_value_internal":0,"distribution":"{\"name\": \"CategoricalDistribution\", \"attributes\": {\"choices\": [32, 64]}}"}
{"op_code":8,"worker_id":"045c6a49-06dc-488c-a0d7-91a6937a21c5-131069414635328","trial_id":160,"user_attr":{"token":"tsweep_t128x16k32g12s32"}}
{"op_code":4,"worker_id":"045c6a49-06dc-488c-a0d7-91a6937a21c5-131069414635328","study_id":0,"datetime_start":"2026-07-24T01:27:08.059451"}
{"op_code":9,"worker_id":"045c6a49-06dc-488c-a0d7-91a6937a21c5-131069414635328","trial_id":161,"system_attr":{"tpe:relative_params:0":"{\"gx\": 1, \"gy\": 2, \"k\": 32, \"m\": 32, \"n\": 256, \"sub\": 32}"}}
{"op_code":5,"worker_id":"045c6a49-06dc-488c-a0d7-91a6937a21c5-131069414635328","trial_id":161,"param_name":"m","param_value_internal":1,"distribution":"{\"name\": \"CategoricalDistribution\", \"attributes\": {\"choices\": [16, 32, 64, 128, 256]}}"}
{"op_code":5,"worker_id":"045c6a49-06dc-488c-a0d7-91a6937a21c5-131069414635328","trial_id":161,"param_name":"n","param_value_internal":4,"distribution":"{\"name\": \"CategoricalDistribution\", \"attributes\": {\"choices\": [16, 32, 64, 128, 256]}}"}
{"op_code":5,"worker_id":"045c6a49-06dc-488c-a0d7-91a6937a21c5-131069414635328","trial_id":161,"param_name":"k","param_value_internal":1,"distribution":"{\"name\": \"CategoricalDistribution\", \"attributes\": {\"choices\": [16, 32, 64, 128]}}"}
{"op_code":5,"worker_id":"045c6a49-06dc-488c-a0d7-91a6937a21c5-131069414635328","trial_id":161,"param_name":"gx","param_value_internal":0,"distribution":"{\"name\": \"CategoricalDistribution\", \"attributes\": {\"choices\": [1, 2, 4, 8]}}"}
{"op_code":5,"worker_id":"045c6a49-06dc-488c-a0d7-91a6937a21c5-131069414635328","trial_id":161,"param_name":"gy","param_value_internal":1,"distribution":"{\"name\": \"CategoricalDistribution\", \"attributes\": {\"choices\": [1, 2, 4, 8]}}"}
{"op_code":5,"worker_id":"045c6a49-06dc-488c-a0d7-91a6937a21c5-131069414635328","trial_id":161,"param_name":"sub","param_value_internal":0,"distribution":"{\"name\": \"CategoricalDistribution\", \"attributes\": {\"choices\": [32, 64]}}"}
{"op_code":8,"worker_id":"045c6a49-06dc-488c-a0d7-91a6937a21c5-131069414635328","trial_id":161,"user_attr":{"token":"tsweep_t32x256k32g12s32"}}
{"op_code":4,"worker_id":"045c6a49-06dc-488c-a0d7-91a6937a21c5-131069414635328","study_id":0,"datetime_start":"2026-07-24T01:27:08.082333"}
{"op_code":9,"worker_id":"045c6a49-06dc-488c-a0d7-91a6937a21c5-131069414635328","trial_id":162,"system_attr":{"tpe:relative_params:0":"{\"gx\": 1, \"gy\": 1, \"k\": 16, \"m\": 256, \"n\": 32, \"sub\": 64}"}}
{"op_code":5,"worker_id":"045c6a49-06dc-488c-a0d7-91a6937a21c5-131069414635328","trial_id":162,"param_name":"m","param_value_internal":4,"distribution":"{\"name\": \"CategoricalDistribution\", \"attributes\": {\"choices\": [16, 32, 64, 128, 256]}}"}
{"op_code":5,"worker_id":"045c6a49-06dc-488c-a0d7-91a6937a21c5-131069414635328","trial_id":162,"param_name":"n","param_value_internal":1,"distribution":"{\"name\": \"CategoricalDistribution\", \"attributes\": {\"choices\": [16, 32, 64, 128, 256]}}"}
{"op_code":5,"worker_id":"045c6a49-06dc-488c-a0d7-91a6937a21c5-131069414635328","trial_id":162,"param_name":"k","param_value_internal":0,"distribution":"{\"name\": \"CategoricalDistribution\", \"attributes\": {\"choices\": [16, 32, 64, 128]}}"}
{"op_code":5,"worker_id":"045c6a49-06dc-488c-a0d7-91a6937a21c5-131069414635328","trial_id":162,"param_name":"gx","param_value_internal":0,"distribution":"{\"name\": \"CategoricalDistribution\", \"attributes\": {\"choices\": [1, 2, 4, 8]}}"}
{"op_code":5,"worker_id":"045c6a49-06dc-488c-a0d7-91a6937a21c5-131069414635328","trial_id":162,"param_name":"gy","param_value_internal":0,"distribution":"{\"name\": \"CategoricalDistribution\", \"attributes\": {\"choices\": [1, 2, 4, 8]}}"}
{"op_code":5,"worker_id":"045c6a49-06dc-488c-a0d7-91a6937a21c5-131069414635328","trial_id":162,"param_name":"sub","param_value_internal":1,"distribution":"{\"name\": \"CategoricalDistribution\", \"attributes\": {\"choices\": [32, 64]}}"}
{"op_code":8,"worker_id":"045c6a49-06dc-488c-a0d7-91a6937a21c5-131069414635328","trial_id":162,"user_attr":{"token":"tsweep_t256x32k16g11s64"}}
{"op_code":4,"worker_id":"045c6a49-06dc-488c-a0d7-91a6937a21c5-131069414635328","study_id":0,"datetime_start":"2026-07-24T01:27:08.104570"}
{"op_code":9,"worker_id":"045c6a49-06dc-488c-a0d7-91a6937a21c5-131069414635328","trial_id":163,"system_attr":{"tpe:relative_params:0":"{\"gx\": 4, \"gy\": 1, \"k\": 16, \"m\": 64, \"n\": 32, \"sub\": 64}"}}
{"op_code":5,"worker_id":"045c6a49-06dc-488c-a0d7-91a6937a21c5-131069414635328","trial_id":163,"param_name":"m","param_value_internal":2,"distribution":"{\"name\": \"CategoricalDistribution\", \"attributes\": {\"choices\": [16, 32, 64, 128, 256]}}"}
{"op_code":5,"worker_id":"045c6a49-06dc-488c-a0d7-91a6937a21c5-131069414635328","trial_id":163,"param_name":"n","param_value_internal":1,"distribution":"{\"name\": \"CategoricalDistribution\", \"attributes\": {\"choices\": [16, 32, 64, 128, 256]}}"}
{"op_code":5,"worker_id":"045c6a49-06dc-488c-a0d7-91a6937a21c5-131069414635328","trial_id":163,"param_name":"k","param_value_internal":0,"distribution":"{\"name\": \"CategoricalDistribution\", \"attributes\": {\"choices\": [16, 32, 64, 128]}}"}
{"op_code":5,"worker_id":"045c6a49-06dc-488c-a0d7-91a6937a21c5-131069414635328","trial_id":163,"param_name":"gx","param_value_internal":2,"distribution":"{\"name\": \"CategoricalDistribution\", \"attributes\": {\"choices\": [1, 2, 4, 8]}}"}
{"op_code":5,"worker_id":"045c6a49-06dc-488c-a0d7-91a6937a21c5-131069414635328","trial_id":163,"param_name":"gy","param_value_internal":0,"distribution":"{\"name\": \"CategoricalDistribution\", \"attributes\": {\"choices\": [1, 2, 4, 8]}}"}
{"op_code":5,"worker_id":"045c6a49-06dc-488c-a0d7-91a6937a21c5-131069414635328","trial_id":163,"param_name":"sub","param_value_internal":1,"distribution":"{\"name\": \"CategoricalDistribution\", \"attributes\": {\"choices\": [32, 64]}}"}
{"op_code":6,"worker_id":"045c6a49-06dc-488c-a0d7-91a6937a21c5-131069414635328","trial_id":163,"state":2,"values":null,"datetime_complete":"2026-07-24T01:27:08.126948"}
{"op_code":4,"worker_id":"045c6a49-06dc-488c-a0d7-91a6937a21c5-131069414635328","study_id":0,"datetime_start":"2026-07-24T01:27:08.128985"}
{"op_code":9,"worker_id":"045c6a49-06dc-488c-a0d7-91a6937a21c5-131069414635328","trial_id":164,"system_attr":{"tpe:relative_params:0":"{\"gx\": 1, \"gy\": 2, \"k\": 32, \"m\": 32, \"n\": 64, \"sub\": 64}"}}
{"op_code":5,"worker_id":"045c6a49-06dc-488c-a0d7-91a6937a21c5-131069414635328","trial_id":164,"param_name":"m","param_value_internal":1,"distribution":"{\"name\": \"CategoricalDistribution\", \"attributes\": {\"choices\": [16, 32, 64, 128, 256]}}"}
{"op_code":5,"worker_id":"045c6a49-06dc-488c-a0d7-91a6937a21c5-131069414635328","trial_id":164,"param_name":"n","param_value_internal":2,"distribution":"{\"name\": \"CategoricalDistribution\", \"attributes\": {\"choices\": [16, 32, 64, 128, 256]}}"}
{"op_code":5,"worker_id":"045c6a49-06dc-488c-a0d7-91a6937a21c5-131069414635328","trial_id":164,"param_name":"k","param_value_internal":1,"distribution":"{\"name\": \"CategoricalDistribution\", \"attributes\": {\"choices\": [16, 32, 64, 128]}}"}
{"op_code":5,"worker_id":"045c6a49-06dc-488c-a0d7-91a6937a21c5-131069414635328","trial_id":164,"param_name":"gx","param_value_internal":0,"distribution":"{\"name\": \"CategoricalDistribution\", \"attributes\": {\"choices\": [1, 2, 4, 8]}}"}
{"op_code":5,"worker_id":"045c6a49-06dc-488c-a0d7-91a6937a21c5-131069414635328","trial_id":164,"param_name":"gy","param_value_internal":1,"distribution":"{\"name\": \"CategoricalDistribution\", \"attributes\": {\"choices\": [1, 2, 4, 8]}}"}
{"op_code":5,"worker_id":"045c6a49-06dc-488c-a0d7-91a6937a21c5-131069414635328","trial_id":164,"param_name":"sub","param_value_internal":1,"distribution":"{\"name\": \"CategoricalDistribution\", \"attributes\": {\"choices\": [32, 64]}}"}
{"op_code":8,"worker_id":"045c6a49-06dc-488c-a0d7-91a6937a21c5-131069414635328","trial_id":164,"user_attr":{"token":"tsweep_t32x64k32g12s64"}}
{"op_code":4,"worker_id":"045c6a49-06dc-488c-a0d7-91a6937a21c5-131069414635328","study_id":0,"datetime_start":"2026-07-24T01:27:08.152708"}
{"op_code":9,"worker_id":"045c6a49-06dc-488c-a0d7-91a6937a21c5-131069414635328","trial_id":165,"system_attr":{"tpe:relative_params:0":"{\"gx\": 4, \"gy\": 2, \"k\": 32, \"m\": 128, \"n\": 128, \"sub\": 32}"}}
{"op_code":5,"worker_id":"045c6a49-06dc-488c-a0d7-91a6937a21c5-131069414635328","trial_id":165,"param_name":"m","param_value_internal":3,"distribution":"{\"name\": \"CategoricalDistribution\", \"attributes\": {\"choices\": [16, 32, 64, 128, 256]}}"}
{"op_code":5,"worker_id":"045c6a49-06dc-488c-a0d7-91a6937a21c5-131069414635328","trial_id":165,"param_name":"n","param_value_internal":3,"distribution":"{\"name\": \"CategoricalDistribution\", \"attributes\": {\"choices\": [16, 32, 64, 128, 256]}}"}
{"op_code":5,"worker_id":"045c6a49-06dc-488c-a0d7-91a6937a21c5-131069414635328","trial_id":165,"param_name":"k","param_value_internal":1,"distribution":"{\"name\": \"CategoricalDistribution\", \"attributes\": {\"choices\": [16, 32, 64, 128]}}"}
{"op_code":5,"worker_id":"045c6a49-06dc-488c-a0d7-91a6937a21c5-131069414635328","trial_id":165,"param_name":"gx","param_value_internal":2,"distribution":"{\"name\": \"CategoricalDistribution\", \"attributes\": {\"choices\": [1, 2, 4, 8]}}"}
{"op_code":5,"worker_id":"045c6a49-06dc-488c-a0d7-91a6937a21c5-131069414635328","trial_id":165,"param_name":"gy","param_value_internal":1,"distribution":"{\"name\": \"CategoricalDistribution\", \"attributes\": {\"choices\": [1, 2, 4, 8]}}"}
{"op_code":5,"worker_id":"045c6a49-06dc-488c-a0d7-91a6937a21c5-131069414635328","trial_id":165,"param_name":"sub","param_value_internal":0,"distribution":"{\"name\": \"CategoricalDistribution\", \"attributes\": {\"choices\": [32, 64]}}"}
{"op_code":8,"worker_id":"045c6a49-06dc-488c-a0d7-91a6937a21c5-131069414635328","trial_id":165,"user_attr":{"token":"tsweep_t128x128k32g42s32"}}
{"op_code":4,"worker_id":"045c6a49-06dc-488c-a0d7-91a6937a21c5-131069414635328","study_id":0,"datetime_start":"2026-07-24T01:27:08.176359"}
{"op_code":9,"worker_id":"045c6a49-06dc-488c-a0d7-91a6937a21c5-131069414635328","trial_id":166,"system_attr":{"tpe:relative_params:0":"{\"gx\": 1, \"gy\": 8, \"k\": 16, \"m\": 64, \"n\": 64, \"sub\": 32}"}}
{"op_code":5,"worker_id":"045c6a49-06dc-488c-a0d7-91a6937a21c5-131069414635328","trial_id":166,"param_name":"m","param_value_internal":2,"distribution":"{\"name\": \"CategoricalDistribution\", \"attributes\": {\"choices\": [16, 32, 64, 128, 256]}}"}
{"op_code":5,"worker_id":"045c6a49-06dc-488c-a0d7-91a6937a21c5-131069414635328","trial_id":166,"param_name":"n","param_value_internal":2,"distribution":"{\"name\": \"CategoricalDistribution\", \"attributes\": {\"choices\": [16, 32, 64, 128, 256]}}"}
{"op_code":5,"worker_id":"045c6a49-06dc-488c-a0d7-91a6937a21c5-131069414635328","trial_id":166,"param_name":"k","param_value_internal":0,"distribution":"{\"name\": \"CategoricalDistribution\", \"attributes\": {\"choices\": [16, 32, 64, 128]}}"}
{"op_code":5,"worker_id":"045c6a49-06dc-488c-a0d7-91a6937a21c5-131069414635328","trial_id":166,"param_name":"gx","param_value_internal":0,"distribution":"{\"name\": \"CategoricalDistribution\", \"attributes\": {\"choices\": [1, 2, 4, 8]}}"}
{"op_code":5,"worker_id":"045c6a49-06dc-488c-a0d7-91a6937a21c5-131069414635328","trial_id":166,"param_name":"gy","param_value_internal":3,"distribution":"{\"name\": \"CategoricalDistribution\", \"attributes\": {\"choices\": [1, 2, 4, 8]}}"}
{"op_code":5,"worker_id":"045c6a49-06dc-488c-a0d7-91a6937a21c5-131069414635328","trial_id":166,"param_name":"sub","param_value_internal":0,"distribution":"{\"name\": \"CategoricalDistribution\", \"attributes\": {\"choices\": [32, 64]}}"}
{"op_code":6,"worker_id":"045c6a49-06dc-488c-a0d7-91a6937a21c5-131069414635328","trial_id":166,"state":2,"values":null,"datetime_complete":"2026-07-24T01:27:08.196368"}
{"op_code":4,"worker_id":"045c6a49-06dc-488c-a0d7-91a6937a21c5-131069414635328","study_id":0,"datetime_start":"2026-07-24T01:27:08.198438"}
{"op_code":9,"worker_id":"045c6a49-06dc-488c-a0d7-91a6937a21c5-131069414635328","trial_id":167,"system_attr":{"tpe:relative_params:0":"{\"gx\": 4, \"gy\": 1, \"k\": 16, \"m\": 128, \"n\": 128, \"sub\": 64}"}}
{"op_code":5,"worker_id":"045c6a49-06dc-488c-a0d7-91a6937a21c5-131069414635328","trial_id":167,"param_name":"m","param_value_internal":3,"distribution":"{\"name\": \"CategoricalDistribution\", \"attributes\": {\"choices\": [16, 32, 64, 128, 256]}}"}
{"op_code":5,"worker_id":"045c6a49-06dc-488c-a0d7-91a6937a21c5-131069414635328","trial_id":167,"param_name":"n","param_value_internal":3,"distribution":"{\"name\": \"CategoricalDistribution\", \"attributes\": {\"choices\": [16, 32, 64, 128, 256]}}"}
{"op_code":5,"worker_id":"045c6a49-06dc-488c-a0d7-91a6937a21c5-131069414635328","trial_id":167,"param_name":"k","param_value_internal":0,"distribution":"{\"name\": \"CategoricalDistribution\", \"attributes\": {\"choices\": [16, 32, 64, 128]}}"}
{"op_code":5,"worker_id":"045c6a49-06dc-488c-a0d7-91a6937a21c5-131069414635328","trial_id":167,"param_name":"gx","param_value_internal":2,"distribution":"{\"name\": \"CategoricalDistribution\", \"attributes\": {\"choices\": [1, 2, 4, 8]}}"}
{"op_code":5,"worker_id":"045c6a49-06dc-488c-a0d7-91a6937a21c5-131069414635328","trial_id":167,"param_name":"gy","param_value_internal":0,"distribution":"{\"name\": \"CategoricalDistribution\", \"attributes\": {\"choices\": [1, 2, 4, 8]}}"}
{"op_code":5,"worker_id":"045c6a49-06dc-488c-a0d7-91a6937a21c5-131069414635328","trial_id":167,"param_name":"sub","param_value_internal":1,"distribution":"{\"name\": \"CategoricalDistribution\", \"attributes\": {\"choices\": [32, 64]}}"}
{"op_code":8,"worker_id":"045c6a49-06dc-488c-a0d7-91a6937a21c5-131069414635328","trial_id":167,"user_attr":{"token":"tsweep_t128x128k16g41s64"}}
{"op_code":4,"worker_id":"045c6a49-06dc-488c-a0d7-91a6937a21c5-131069414635328","study_id":0,"datetime_start":"2026-07-24T01:27:08.221212"}
{"op_code":9,"worker_id":"045c6a49-06dc-488c-a0d7-91a6937a21c5-131069414635328","trial_id":168,"system_attr":{"tpe:relative_params:0":"{\"gx\": 8, \"gy\": 2, \"k\": 32, \"m\": 256, \"n\": 128, \"sub\": 32}"}}
{"op_code":5,"worker_id":"045c6a49-06dc-488c-a0d7-91a6937a21c5-131069414635328","trial_id":168,"param_name":"m","param_value_internal":4,"distribution":"{\"name\": \"CategoricalDistribution\", \"attributes\": {\"choices\": [16, 32, 64, 128, 256]}}"}
{"op_code":5,"worker_id":"045c6a49-06dc-488c-a0d7-91a6937a21c5-131069414635328","trial_id":168,"param_name":"n","param_value_internal":3,"distribution":"{\"name\": \"CategoricalDistribution\", \"attributes\": {\"choices\": [16, 32, 64, 128, 256]}}"}
{"op_code":5,"worker_id":"045c6a49-06dc-488c-a0d7-91a6937a21c5-131069414635328","trial_id":168,"param_name":"k","param_value_internal":1,"distribution":"{\"name\": \"CategoricalDistribution\", \"attributes\": {\"choices\": [16, 32, 64, 128]}}"}
{"op_code":5,"worker_id":"045c6a49-06dc-488c-a0d7-91a6937a21c5-131069414635328","trial_id":168,"param_name":"gx","param_value_internal":3,"distribution":"{\"name\": \"CategoricalDistribution\", \"attributes\": {\"choices\": [1, 2, 4, 8]}}"}
{"op_code":5,"worker_id":"045c6a49-06dc-488c-a0d7-91a6937a21c5-131069414635328","trial_id":168,"param_name":"gy","param_value_internal":1,"distribution":"{\"name\": \"CategoricalDistribution\", \"attributes\": {\"choices\": [1, 2, 4, 8]}}"}
{"op_code":5,"worker_id":"045c6a49-06dc-488c-a0d7-91a6937a21c5-131069414635328","trial_id":168,"param_name":"sub","param_value_internal":0,"distribution":"{\"name\": \"CategoricalDistribution\", \"attributes\": {\"choices\": [32, 64]}}"}
{"op_code":8,"worker_id":"045c6a49-06dc-488c-a0d7-91a6937a21c5-131069414635328","trial_id":168,"user_attr":{"token":"tsweep_t256x128k32g82s32"}}
{"op_code":4,"worker_id":"045c6a49-06dc-488c-a0d7-91a6937a21c5-131069414635328","study_id":0,"datetime_start":"2026-07-24T01:27:08.244587"}
{"op_code":9,"worker_id":"045c6a49-06dc-488c-a0d7-91a6937a21c5-131069414635328","trial_id":169,"system_attr":{"tpe:relative_params:0":"{\"gx\": 8, \"gy\": 2, \"k\": 32, \"m\": 128, \"n\": 256, \"sub\": 32}"}}
{"op_code":5,"worker_id":"045c6a49-06dc-488c-a0d7-91a6937a21c5-131069414635328","trial_id":169,"param_name":"m","param_value_internal":3,"distribution":"{\"name\": \"CategoricalDistribution\", \"attributes\": {\"choices\": [16, 32, 64, 128, 256]}}"}
{"op_code":5,"worker_id":"045c6a49-06dc-488c-a0d7-91a6937a21c5-131069414635328","trial_id":169,"param_name":"n","param_value_internal":4,"distribution":"{\"name\": \"CategoricalDistribution\", \"attributes\": {\"choices\": [16, 32, 64, 128, 256]}}"}
{"op_code":5,"worker_id":"045c6a49-06dc-488c-a0d7-91a6937a21c5-131069414635328","trial_id":169,"param_name":"k","param_value_internal":1,"distribution":"{\"name\": \"CategoricalDistribution\", \"attributes\": {\"choices\": [16, 32, 64, 128]}}"}
{"op_code":5,"worker_id":"045c6a49-06dc-488c-a0d7-91a6937a21c5-131069414635328","trial_id":169,"param_name":"gx","param_value_internal":3,"distribution":"{\"name\": \"CategoricalDistribution\", \"attributes\": {\"choices\": [1, 2, 4, 8]}}"}
{"op_code":5,"worker_id":"045c6a49-06dc-488c-a0d7-91a6937a21c5-131069414635328","trial_id":169,"param_name":"gy","param_value_internal":1,"distribution":"{\"name\": \"CategoricalDistribution\", \"attributes\": {\"choices\": [1, 2, 4, 8]}}"}
{"op_code":5,"worker_id":"045c6a49-06dc-488c-a0d7-91a6937a21c5-131069414635328","trial_id":169,"param_name":"sub","param_value_internal":0,"distribution":"{\"name\": \"CategoricalDistribution\", \"attributes\": {\"choices\": [32, 64]}}"}
{"op_code":8,"worker_id":"045c6a49-06dc-488c-a0d7-91a6937a21c5-131069414635328","trial_id":169,"user_attr":{"token":"tsweep_t128x256k32g82s32"}}
{"op_code":4,"worker_id":"045c6a49-06dc-488c-a0d7-91a6937a21c5-131069414635328","study_id":0,"datetime_start":"2026-07-24T01:27:08.266920"}
{"op_code":9,"worker_id":"045c6a49-06dc-488c-a0d7-91a6937a21c5-131069414635328","trial_id":170,"system_attr":{"tpe:relative_params:0":"{\"gx\": 8, \"gy\": 2, \"k\": 16, \"m\": 128, \"n\": 128, \"sub\": 32}"}}
{"op_code":5,"worker_id":"045c6a49-06dc-488c-a0d7-91a6937a21c5-131069414635328","trial_id":170,"param_name":"m","param_value_internal":3,"distribution":"{\"name\": \"CategoricalDistribution\", \"attributes\": {\"choices\": [16, 32, 64, 128, 256]}}"}
{"op_code":5,"worker_id":"045c6a49-06dc-488c-a0d7-91a6937a21c5-131069414635328","trial_id":170,"param_name":"n","param_value_internal":3,"distribution":"{\"name\": \"CategoricalDistribution\", \"attributes\": {\"choices\": [16, 32, 64, 128, 256]}}"}
{"op_code":5,"worker_id":"045c6a49-06dc-488c-a0d7-91a6937a21c5-131069414635328","trial_id":170,"param_name":"k","param_value_internal":0,"distribution":"{\"name\": \"CategoricalDistribution\", \"attributes\": {\"choices\": [16, 32, 64, 128]}}"}
{"op_code":5,"worker_id":"045c6a49-06dc-488c-a0d7-91a6937a21c5-131069414635328","trial_id":170,"param_name":"gx","param_value_internal":3,"distribution":"{\"name\": \"CategoricalDistribution\", \"attributes\": {\"choices\": [1, 2, 4, 8]}}"}
{"op_code":5,"worker_id":"045c6a49-06dc-488c-a0d7-91a6937a21c5-131069414635328","trial_id":170,"param_name":"gy","param_value_internal":1,"distribution":"{\"name\": \"CategoricalDistribution\", \"attributes\": {\"choices\": [1, 2, 4, 8]}}"}
{"op_code":5,"worker_id":"045c6a49-06dc-488c-a0d7-91a6937a21c5-131069414635328","trial_id":170,"param_name":"sub","param_value_internal":0,"distribution":"{\"name\": \"CategoricalDistribution\", \"attributes\": {\"choices\": [32, 64]}}"}
{"op_code":6,"worker_id":"045c6a49-06dc-488c-a0d7-91a6937a21c5-131069414635328","trial_id":170,"state":2,"values":null,"datetime_complete":"2026-07-24T01:27:08.288558"}
{"op_code":4,"worker_id":"045c6a49-06dc-488c-a0d7-91a6937a21c5-131069414635328","study_id":0,"datetime_start":"2026-07-24T01:27:08.290702"}
{"op_code":9,"worker_id":"045c6a49-06dc-488c-a0d7-91a6937a21c5-131069414635328","trial_id":171,"system_attr":{"tpe:relative_params:0":"{\"gx\": 1, \"gy\": 2, \"k\": 64, \"m\": 64, \"n\": 16, \"sub\": 32}"}}
{"op_code":5,"worker_id":"045c6a49-06dc-488c-a0d7-91a6937a21c5-131069414635328","trial_id":171,"param_name":"m","param_value_internal":2,"distribution":"{\"name\": \"CategoricalDistribution\", \"attributes\": {\"choices\": [16, 32, 64, 128, 256]}}"}
{"op_code":5,"worker_id":"045c6a49-06dc-488c-a0d7-91a6937a21c5-131069414635328","trial_id":171,"param_name":"n","param_value_internal":0,"distribution":"{\"name\": \"CategoricalDistribution\", \"attributes\": {\"choices\": [16, 32, 64, 128, 256]}}"}
{"op_code":5,"worker_id":"045c6a49-06dc-488c-a0d7-91a6937a21c5-131069414635328","trial_id":171,"param_name":"k","param_value_internal":2,"distribution":"{\"name\": \"CategoricalDistribution\", \"attributes\": {\"choices\": [16, 32, 64, 128]}}"}
{"op_code":5,"worker_id":"045c6a49-06dc-488c-a0d7-91a6937a21c5-131069414635328","trial_id":171,"param_name":"gx","param_value_internal":0,"distribution":"{\"name\": \"CategoricalDistribution\", \"attributes\": {\"choices\": [1, 2, 4, 8]}}"}
{"op_code":5,"worker_id":"045c6a49-06dc-488c-a0d7-91a6937a21c5-131069414635328","trial_id":171,"param_name":"gy","param_value_internal":1,"distribution":"{\"name\": \"CategoricalDistribution\", \"attributes\": {\"choices\": [1, 2, 4, 8]}}"}
{"op_code":5,"worker_id":"045c6a49-06dc-488c-a0d7-91a6937a21c5-131069414635328","trial_id":171,"param_name":"sub","param_value_internal":0,"distribution":"{\"name\": \"CategoricalDistribution\", \"attributes\": {\"choices\": [32, 64]}}"}
{"op_code":8,"worker_id":"045c6a49-06dc-488c-a0d7-91a6937a21c5-131069414635328","trial_id":171,"user_attr":{"token":"tsweep_t64x16k64g12s32"}}
{"op_code":6,"worker_id":"045c6a49-06dc-488c-a0d7-91a6937a21c5-131069414635328","trial_id":139,"state":1,"values":[987.94],"datetime_complete":"2026-07-24T01:28:09.297789"}
{"op_code":6,"worker_id":"045c6a49-06dc-488c-a0d7-91a6937a21c5-131069414635328","trial_id":140,"state":2,"values":null,"datetime_complete":"2026-07-24T01:28:52.321452"}
{"op_code":6,"worker_id":"045c6a49-06dc-488c-a0d7-91a6937a21c5-131069414635328","trial_id":141,"state":1,"values":[844.536],"datetime_complete":"2026-07-24T01:29:23.582994"}
{"op_code":6,"worker_id":"045c6a49-06dc-488c-a0d7-91a6937a21c5-131069414635328","trial_id":146,"state":2,"values":null,"datetime_complete":"2026-07-24T01:29:33.319208"}
{"op_code":6,"worker_id":"045c6a49-06dc-488c-a0d7-91a6937a21c5-131069414635328","trial_id":149,"state":2,"values":null,"datetime_complete":"2026-07-24T01:29:43.783970"}
{"op_code":6,"worker_id":"045c6a49-06dc-488c-a0d7-91a6937a21c5-131069414635328","trial_id":156,"state":2,"values":null,"datetime_complete":"2026-07-24T01:30:15.708097"}
{"op_code":6,"worker_id":"045c6a49-06dc-488c-a0d7-91a6937a21c5-131069414635328","trial_id":158,"state":2,"values":null,"datetime_complete":"2026-07-24T01:30:24.245194"}
{"op_code":6,"worker_id":"045c6a49-06dc-488c-a0d7-91a6937a21c5-131069414635328","trial_id":160,"state":1,"values":[776.052],"datetime_complete":"2026-07-24T01:30:52.151668"}
{"op_code":6,"worker_id":"045c6a49-06dc-488c-a0d7-91a6937a21c5-131069414635328","trial_id":161,"state":2,"values":null,"datetime_complete":"2026-07-24T01:31:01.778579"}
{"op_code":6,"worker_id":"045c6a49-06dc-488c-a0d7-91a6937a21c5-131069414635328","trial_id":162,"state":2,"values":null,"datetime_complete":"2026-07-24T01:31:11.715354"}
{"op_code":6,"worker_id":"045c6a49-06dc-488c-a0d7-91a6937a21c5-131069414635328","trial_id":164,"state":1,"values":[1073.94],"datetime_complete":"2026-07-24T01:31:39.720841"}
{"op_code":6,"worker_id":"045c6a49-06dc-488c-a0d7-91a6937a21c5-131069414635328","trial_id":165,"state":1,"values":[1005.4],"datetime_complete":"2026-07-24T01:34:38.227707"}
{"op_code":6,"worker_id":"045c6a49-06dc-488c-a0d7-91a6937a21c5-131069414635328","trial_id":167,"state":1,"values":[1200.47],"datetime_complete":"2026-07-24T01:35:08.628079"}
{"op_code":6,"worker_id":"045c6a49-06dc-488c-a0d7-91a6937a21c5-131069414635328","trial_id":168,"state":2,"values":null,"datetime_complete":"2026-07-24T01:35:18.394615"}
{"op_code":6,"worker_id":"045c6a49-06dc-488c-a0d7-91a6937a21c5-131069414635328","trial_id":169,"state":2,"values":null,"datetime_complete":"2026-07-24T01:35:28.580951"}
{"op_code":6,"worker_id":"045c6a49-06dc-488c-a0d7-91a6937a21c5-131069414635328","trial_id":171,"state":1,"values":[738.55],"datetime_complete":"2026-07-24T01:35:56.651037"}
{"op_code":4,"worker_id":"045c6a49-06dc-488c-a0d7-91a6937a21c5-131069414635328","study_id":0,"datetime_start":"2026-07-24T01:35:56.653776"}
{"op_code":9,"worker_id":"045c6a49-06dc-488c-a0d7-91a6937a21c5-131069414635328","trial_id":172,"system_attr":{"tpe:relative_params:0":"{\"gx\": 4, \"gy\": 1, \"k\": 16, \"m\": 128, \"n\": 128, \"sub\": 64}"}}
{"op_code":5,"worker_id":"045c6a49-06dc-488c-a0d7-91a6937a21c5-131069414635328","trial_id":172,"param_name":"m","param_value_internal":3,"distribution":"{\"name\": \"CategoricalDistribution\", \"attributes\": {\"choices\": [16, 32, 64, 128, 256]}}"}
{"op_code":5,"worker_id":"045c6a49-06dc-488c-a0d7-91a6937a21c5-131069414635328","trial_id":172,"param_name":"n","param_value_internal":3,"distribution":"{\"name\": \"CategoricalDistribution\", \"attributes\": {\"choices\": [16, 32, 64, 128, 256]}}"}
{"op_code":5,"worker_id":"045c6a49-06dc-488c-a0d7-91a6937a21c5-131069414635328","trial_id":172,"param_name":"k","param_value_internal":0,"distribution":"{\"name\": \"CategoricalDistribution\", \"attributes\": {\"choices\": [16, 32, 64, 128]}}"}
{"op_code":5,"worker_id":"045c6a49-06dc-488c-a0d7-91a6937a21c5-131069414635328","trial_id":172,"param_name":"gx","param_value_internal":2,"distribution":"{\"name\": \"CategoricalDistribution\", \"attributes\": {\"choices\": [1, 2, 4, 8]}}"}
{"op_code":5,"worker_id":"045c6a49-06dc-488c-a0d7-91a6937a21c5-131069414635328","trial_id":172,"param_name":"gy","param_value_internal":0,"distribution":"{\"name\": \"CategoricalDistribution\", \"attributes\": {\"choices\": [1, 2, 4, 8]}}"}
{"op_code":5,"worker_id":"045c6a49-06dc-488c-a0d7-91a6937a21c5-131069414635328","trial_id":172,"param_name":"sub","param_value_internal":1,"distribution":"{\"name\": \"CategoricalDistribution\", \"attributes\": {\"choices\": [32, 64]}}"}
{"op_code":6,"worker_id":"045c6a49-06dc-488c-a0d7-91a6937a21c5-131069414635328","trial_id":172,"state":2,"values":null,"datetime_complete":"2026-07-24T01:35:56.676990"}
{"op_code":4,"worker_id":"045c6a49-06dc-488c-a0d7-91a6937a21c5-131069414635328","study_id":0,"datetime_start":"2026-07-24T01:35:56.679039"}
{"op_code":9,"worker_id":"045c6a49-06dc-488c-a0d7-91a6937a21c5-131069414635328","trial_id":173,"system_attr":{"tpe:relative_params:0":"{\"gx\": 1, \"gy\": 2, \"k\": 32, \"m\": 32, \"n\": 64, \"sub\": 64}"}}
{"op_code":5,"worker_id":"045c6a49-06dc-488c-a0d7-91a6937a21c5-131069414635328","trial_id":173,"param_name":"m","param_value_internal":1,"distribution":"{\"name\": \"CategoricalDistribution\", \"attributes\": {\"choices\": [16, 32, 64, 128, 256]}}"}
{"op_code":5,"worker_id":"045c6a49-06dc-488c-a0d7-91a6937a21c5-131069414635328","trial_id":173,"param_name":"n","param_value_internal":2,"distribution":"{\"name\": \"CategoricalDistribution\", \"attributes\": {\"choices\": [16, 32, 64, 128, 256]}}"}
{"op_code":5,"worker_id":"045c6a49-06dc-488c-a0d7-91a6937a21c5-131069414635328","trial_id":173,"param_name":"k","param_value_internal":1,"distribution":"{\"name\": \"CategoricalDistribution\", \"attributes\": {\"choices\": [16, 32, 64, 128]}}"}
{"op_code":5,"worker_id":"045c6a49-06dc-488c-a0d7-91a6937a21c5-131069414635328","trial_id":173,"param_name":"gx","param_value_internal":0,"distribution":"{\"name\": \"CategoricalDistribution\", \"attributes\": {\"choices\": [1, 2, 4, 8]}}"}
{"op_code":5,"worker_id":"045c6a49-06dc-488c-a0d7-91a6937a21c5-131069414635328","trial_id":173,"param_name":"gy","param_value_internal":1,"distribution":"{\"name\": \"CategoricalDistribution\", \"attributes\": {\"choices\": [1, 2, 4, 8]}}"}
{"op_code":5,"worker_id":"045c6a49-06dc-488c-a0d7-91a6937a21c5-131069414635328","trial_id":173,"param_name":"sub","param_value_internal":1,"distribution":"{\"name\": \"CategoricalDistribution\", \"attributes\": {\"choices\": [32, 64]}}"}
{"op_code":6,"worker_id":"045c6a49-06dc-488c-a0d7-91a6937a21c5-131069414635328","trial_id":173,"state":2,"values":null,"datetime_complete":"2026-07-24T01:35:56.702744"}
{"op_code":4,"worker_id":"045c6a49-06dc-488c-a0d7-91a6937a21c5-131069414635328","study_id":0,"datetime_start":"2026-07-24T01:35:56.704851"}
{"op_code":9,"worker_id":"045c6a49-06dc-488c-a0d7-91a6937a21c5-131069414635328","trial_id":174,"system_attr":{"tpe:relative_params:0":"{\"gx\": 1, \"gy\": 1, \"k\": 32, \"m\": 256, \"n\": 128, \"sub\": 64}"}}
{"op_code":5,"worker_id":"045c6a49-06dc-488c-a0d7-91a6937a21c5-131069414635328","trial_id":174,"param_name":"m","param_value_internal":4,"distribution":"{\"name\": \"CategoricalDistribution\", \"attributes\": {\"choices\": [16, 32, 64, 128, 256]}}"}
{"op_code":5,"worker_id":"045c6a49-06dc-488c-a0d7-91a6937a21c5-131069414635328","trial_id":174,"param_name":"n","param_value_internal":3,"distribution":"{\"name\": \"CategoricalDistribution\", \"attributes\": {\"choices\": [16, 32, 64, 128, 256]}}"}
{"op_code":5,"worker_id":"045c6a49-06dc-488c-a0d7-91a6937a21c5-131069414635328","trial_id":174,"param_name":"k","param_value_internal":1,"distribution":"{\"name\": \"CategoricalDistribution\", \"attributes\": {\"choices\": [16, 32, 64, 128]}}"}
{"op_code":5,"worker_id":"045c6a49-06dc-488c-a0d7-91a6937a21c5-131069414635328","trial_id":174,"param_name":"gx","param_value_internal":0,"distribution":"{\"name\": \"CategoricalDistribution\", \"attributes\": {\"choices\": [1, 2, 4, 8]}}"}
{"op_code":5,"worker_id":"045c6a49-06dc-488c-a0d7-91a6937a21c5-131069414635328","trial_id":174,"param_name":"gy","param_value_internal":0,"distribution":"{\"name\": \"CategoricalDistribution\", \"attributes\": {\"choices\": [1, 2, 4, 8]}}"}
{"op_code":5,"worker_id":"045c6a49-06dc-488c-a0d7-91a6937a21c5-131069414635328","trial_id":174,"param_name":"sub","param_value_internal":1,"distribution":"{\"name\": \"CategoricalDistribution\", \"attributes\": {\"choices\": [32, 64]}}"}
{"op_code":8,"worker_id":"045c6a49-06dc-488c-a0d7-91a6937a21c5-131069414635328","trial_id":174,"user_attr":{"token":"tsweep_t256x128k32g11s64"}}
{"op_code":4,"worker_id":"045c6a49-06dc-488c-a0d7-91a6937a21c5-131069414635328","study_id":0,"datetime_start":"2026-07-24T01:35:56.727964"}
{"op_code":9,"worker_id":"045c6a49-06dc-488c-a0d7-91a6937a21c5-131069414635328","trial_id":175,"system_attr":{"tpe:relative_params:0":"{\"gx\": 1, \"gy\": 2, \"k\": 128, \"m\": 128, \"n\": 128, \"sub\": 64}"}}
{"op_code":5,"worker_id":"045c6a49-06dc-488c-a0d7-91a6937a21c5-131069414635328","trial_id":175,"param_name":"m","param_value_internal":3,"distribution":"{\"name\": \"CategoricalDistribution\", \"attributes\": {\"choices\": [16, 32, 64, 128, 256]}}"}
{"op_code":5,"worker_id":"045c6a49-06dc-488c-a0d7-91a6937a21c5-131069414635328","trial_id":175,"param_name":"n","param_value_internal":3,"distribution":"{\"name\": \"CategoricalDistribution\", \"attributes\": {\"choices\": [16, 32, 64, 128, 256]}}"}
{"op_code":5,"worker_id":"045c6a49-06dc-488c-a0d7-91a6937a21c5-131069414635328","trial_id":175,"param_name":"k","param_value_internal":3,"distribution":"{\"name\": \"CategoricalDistribution\", \"attributes\": {\"choices\": [16, 32, 64, 128]}}"}
{"op_code":5,"worker_id":"045c6a49-06dc-488c-a0d7-91a6937a21c5-131069414635328","trial_id":175,"param_name":"gx","param_value_internal":0,"distribution":"{\"name\": \"CategoricalDistribution\", \"attributes\": {\"choices\": [1, 2, 4, 8]}}"}
{"op_code":5,"worker_id":"045c6a49-06dc-488c-a0d7-91a6937a21c5-131069414635328","trial_id":175,"param_name":"gy","param_value_internal":1,"distribution":"{\"name\": \"CategoricalDistribution\", \"attributes\": {\"choices\": [1, 2, 4, 8]}}"}
{"op_code":5,"worker_id":"045c6a49-06dc-488c-a0d7-91a6937a21c5-131069414635328","trial_id":175,"param_name":"sub","param_value_internal":1,"distribution":"{\"name\": \"CategoricalDistribution\", \"attributes\": {\"choices\": [32, 64]}}"}
{"op_code":6,"worker_id":"045c6a49-06dc-488c-a0d7-91a6937a21c5-131069414635328","trial_id":175,"state":2,"values":null,"datetime_complete":"2026-07-24T01:35:56.749545"}
{"op_code":4,"worker_id":"045c6a49-06dc-488c-a0d7-91a6937a21c5-131069414635328","study_id":0,"datetime_start":"2026-07-24T01:35:56.751659"}
{"op_code":9,"worker_id":"045c6a49-06dc-488c-a0d7-91a6937a21c5-131069414635328","trial_id":176,"system_attr":{"tpe:relative_params:0":"{\"gx\": 2, \"gy\": 1, \"k\": 16, \"m\": 128, \"n\": 32, \"sub\": 64}"}}
{"op_code":5,"worker_id":"045c6a49-06dc-488c-a0d7-91a6937a21c5-131069414635328","trial_id":176,"param_name":"m","param_value_internal":3,"distribution":"{\"name\": \"CategoricalDistribution\", \"attributes\": {\"choices\": [16, 32, 64, 128, 256]}}"}
{"op_code":5,"worker_id":"045c6a49-06dc-488c-a0d7-91a6937a21c5-131069414635328","trial_id":176,"param_name":"n","param_value_internal":1,"distribution":"{\"name\": \"CategoricalDistribution\", \"attributes\": {\"choices\": [16, 32, 64, 128, 256]}}"}
{"op_code":5,"worker_id":"045c6a49-06dc-488c-a0d7-91a6937a21c5-131069414635328","trial_id":176,"param_name":"k","param_value_internal":0,"distribution":"{\"name\": \"CategoricalDistribution\", \"attributes\": {\"choices\": [16, 32, 64, 128]}}"}
{"op_code":5,"worker_id":"045c6a49-06dc-488c-a0d7-91a6937a21c5-131069414635328","trial_id":176,"param_name":"gx","param_value_internal":1,"distribution":"{\"name\": \"CategoricalDistribution\", \"attributes\": {\"choices\": [1, 2, 4, 8]}}"}
{"op_code":5,"worker_id":"045c6a49-06dc-488c-a0d7-91a6937a21c5-131069414635328","trial_id":176,"param_name":"gy","param_value_internal":0,"distribution":"{\"name\": \"CategoricalDistribution\", \"attributes\": {\"choices\": [1, 2, 4, 8]}}"}
{"op_code":5,"worker_id":"045c6a49-06dc-488c-a0d7-91a6937a21c5-131069414635328","trial_id":176,"param_name":"sub","param_value_internal":1,"distribution":"{\"name\": \"CategoricalDistribution\", \"attributes\": {\"choices\": [32, 64]}}"}
{"op_code":6,"worker_id":"045c6a49-06dc-488c-a0d7-91a6937a21c5-131069414635328","trial_id":176,"state":2,"values":null,"datetime_complete":"2026-07-24T01:35:56.773830"}
{"op_code":4,"worker_id":"045c6a49-06dc-488c-a0d7-91a6937a21c5-131069414635328","study_id":0,"datetime_start":"2026-07-24T01:35:56.775984"}
{"op_code":9,"worker_id":"045c6a49-06dc-488c-a0d7-91a6937a21c5-131069414635328","trial_id":177,"system_attr":{"tpe:relative_params:0":"{\"gx\": 8, \"gy\": 2, \"k\": 32, \"m\": 32, \"n\": 64, \"sub\": 32}"}}
{"op_code":5,"worker_id":"045c6a49-06dc-488c-a0d7-91a6937a21c5-131069414635328","trial_id":177,"param_name":"m","param_value_internal":1,"distribution":"{\"name\": \"CategoricalDistribution\", \"attributes\": {\"choices\": [16, 32, 64, 128, 256]}}"}
{"op_code":5,"worker_id":"045c6a49-06dc-488c-a0d7-91a6937a21c5-131069414635328","trial_id":177,"param_name":"n","param_value_internal":2,"distribution":"{\"name\": \"CategoricalDistribution\", \"attributes\": {\"choices\": [16, 32, 64, 128, 256]}}"}
{"op_code":5,"worker_id":"045c6a49-06dc-488c-a0d7-91a6937a21c5-131069414635328","trial_id":177,"param_name":"k","param_value_internal":1,"distribution":"{\"name\": \"CategoricalDistribution\", \"attributes\": {\"choices\": [16, 32, 64, 128]}}"}
{"op_code":5,"worker_id":"045c6a49-06dc-488c-a0d7-91a6937a21c5-131069414635328","trial_id":177,"param_name":"gx","param_value_internal":3,"distribution":"{\"name\": \"CategoricalDistribution\", \"attributes\": {\"choices\": [1, 2, 4, 8]}}"}
{"op_code":5,"worker_id":"045c6a49-06dc-488c-a0d7-91a6937a21c5-131069414635328","trial_id":177,"param_name":"gy","param_value_internal":1,"distribution":"{\"name\": \"CategoricalDistribution\", \"attributes\": {\"choices\": [1, 2, 4, 8]}}"}
{"op_code":5,"worker_id":"045c6a49-06dc-488c-a0d7-91a6937a21c5-131069414635328","trial_id":177,"param_name":"sub","param_value_internal":0,"distribution":"{\"name\": \"CategoricalDistribution\", \"attributes\": {\"choices\": [32, 64]}}"}
{"op_code":6,"worker_id":"045c6a49-06dc-488c-a0d7-91a6937a21c5-131069414635328","trial_id":177,"state":2,"values":null,"datetime_complete":"2026-07-24T01:35:56.798080"}
{"op_code":4,"worker_id":"045c6a49-06dc-488c-a0d7-91a6937a21c5-131069414635328","study_id":0,"datetime_start":"2026-07-24T01:35:56.800169"}
{"op_code":9,"worker_id":"045c6a49-06dc-488c-a0d7-91a6937a21c5-131069414635328","trial_id":178,"system_attr":{"tpe:relative_params:0":"{\"gx\": 2, \"gy\": 4, \"k\": 16, \"m\": 128, \"n\": 64, \"sub\": 32}"}}
{"op_code":5,"worker_id":"045c6a49-06dc-488c-a0d7-91a6937a21c5-131069414635328","trial_id":178,"param_name":"m","param_value_internal":3,"distribution":"{\"name\": \"CategoricalDistribution\", \"attributes\": {\"choices\": [16, 32, 64, 128, 256]}}"}
{"op_code":5,"worker_id":"045c6a49-06dc-488c-a0d7-91a6937a21c5-131069414635328","trial_id":178,"param_name":"n","param_value_internal":2,"distribution":"{\"name\": \"CategoricalDistribution\", \"attributes\": {\"choices\": [16, 32, 64, 128, 256]}}"}
{"op_code":5,"worker_id":"045c6a49-06dc-488c-a0d7-91a6937a21c5-131069414635328","trial_id":178,"param_name":"k","param_value_internal":0,"distribution":"{\"name\": \"CategoricalDistribution\", \"attributes\": {\"choices\": [16, 32, 64, 128]}}"}
{"op_code":5,"worker_id":"045c6a49-06dc-488c-a0d7-91a6937a21c5-131069414635328","trial_id":178,"param_name":"gx","param_value_internal":1,"distribution":"{\"name\": \"CategoricalDistribution\", \"attributes\": {\"choices\": [1, 2, 4, 8]}}"}
{"op_code":5,"worker_id":"045c6a49-06dc-488c-a0d7-91a6937a21c5-131069414635328","trial_id":178,"param_name":"gy","param_value_internal":2,"distribution":"{\"name\": \"CategoricalDistribution\", \"attributes\": {\"choices\": [1, 2, 4, 8]}}"}
{"op_code":5,"worker_id":"045c6a49-06dc-488c-a0d7-91a6937a21c5-131069414635328","trial_id":178,"param_name":"sub","param_value_internal":0,"distribution":"{\"name\": \"CategoricalDistribution\", \"attributes\": {\"choices\": [32, 64]}}"}
{"op_code":6,"worker_id":"045c6a49-06dc-488c-a0d7-91a6937a21c5-131069414635328","trial_id":178,"state":2,"values":null,"datetime_complete":"2026-07-24T01:35:56.822512"}
{"op_code":4,"worker_id":"045c6a49-06dc-488c-a0d7-91a6937a21c5-131069414635328","study_id":0,"datetime_start":"2026-07-24T01:35:56.824300"}
{"op_code":9,"worker_id":"045c6a49-06dc-488c-a0d7-91a6937a21c5-131069414635328","trial_id":179,"system_attr":{"tpe:relative_params:0":"{\"gx\": 2, \"gy\": 1, \"k\": 16, \"m\": 32, \"n\": 64, \"sub\": 32}"}}
{"op_code":5,"worker_id":"045c6a49-06dc-488c-a0d7-91a6937a21c5-131069414635328","trial_id":179,"param_name":"m","param_value_internal":1,"distribution":"{\"name\": \"CategoricalDistribution\", \"attributes\": {\"choices\": [16, 32, 64, 128, 256]}}"}
{"op_code":5,"worker_id":"045c6a49-06dc-488c-a0d7-91a6937a21c5-131069414635328","trial_id":179,"param_name":"n","param_value_internal":2,"distribution":"{\"name\": \"CategoricalDistribution\", \"attributes\": {\"choices\": [16, 32, 64, 128, 256]}}"}
{"op_code":5,"worker_id":"045c6a49-06dc-488c-a0d7-91a6937a21c5-131069414635328","trial_id":179,"param_name":"k","param_value_internal":0,"distribution":"{\"name\": \"CategoricalDistribution\", \"attributes\": {\"choices\": [16, 32, 64, 128]}}"}
{"op_code":5,"worker_id":"045c6a49-06dc-488c-a0d7-91a6937a21c5-131069414635328","trial_id":179,"param_name":"gx","param_value_internal":1,"distribution":"{\"name\": \"CategoricalDistribution\", \"attributes\": {\"choices\": [1, 2, 4, 8]}}"}
{"op_code":5,"worker_id":"045c6a49-06dc-488c-a0d7-91a6937a21c5-131069414635328","trial_id":179,"param_name":"gy","param_value_internal":0,"distribution":"{\"name\": \"CategoricalDistribution\", \"attributes\": {\"choices\": [1, 2, 4, 8]}}"}
{"op_code":5,"worker_id":"045c6a49-06dc-488c-a0d7-91a6937a21c5-131069414635328","trial_id":179,"param_name":"sub","param_value_internal":0,"distribution":"{\"name\": \"CategoricalDistribution\", \"attributes\": {\"choices\": [32, 64]}}"}
{"op_code":8,"worker_id":"045c6a49-06dc-488c-a0d7-91a6937a21c5-131069414635328","trial_id":179,"user_attr":{"token":"tsweep_t32x64k16g21s32"}}
{"op_code":4,"worker_id":"045c6a49-06dc-488c-a0d7-91a6937a21c5-131069414635328","study_id":0,"datetime_start":"2026-07-24T01:35:56.848957"}
{"op_code":9,"worker_id":"045c6a49-06dc-488c-a0d7-91a6937a21c5-131069414635328","trial_id":180,"system_attr":{"tpe:relative_params:0":"{\"gx\": 1, \"gy\": 2, \"k\": 32, \"m\": 128, \"n\": 64, \"sub\": 64}"}}
{"op_code":5,"worker_id":"045c6a49-06dc-488c-a0d7-91a6937a21c5-131069414635328","trial_id":180,"param_name":"m","param_value_internal":3,"distribution":"{\"name\": \"CategoricalDistribution\", \"attributes\": {\"choices\": [16, 32, 64, 128, 256]}}"}
{"op_code":5,"worker_id":"045c6a49-06dc-488c-a0d7-91a6937a21c5-131069414635328","trial_id":180,"param_name":"n","param_value_internal":2,"distribution":"{\"name\": \"CategoricalDistribution\", \"attributes\": {\"choices\": [16, 32, 64, 128, 256]}}"}
{"op_code":5,"worker_id":"045c6a49-06dc-488c-a0d7-91a6937a21c5-131069414635328","trial_id":180,"param_name":"k","param_value_internal":1,"distribution":"{\"name\": \"CategoricalDistribution\", \"attributes\": {\"choices\": [16, 32, 64, 128]}}"}
{"op_code":5,"worker_id":"045c6a49-06dc-488c-a0d7-91a6937a21c5-131069414635328","trial_id":180,"param_name":"gx","param_value_internal":0,"distribution":"{\"name\": \"CategoricalDistribution\", \"attributes\": {\"choices\": [1, 2, 4, 8]}}"}
{"op_code":5,"worker_id":"045c6a49-06dc-488c-a0d7-91a6937a21c5-131069414635328","trial_id":180,"param_name":"gy","param_value_internal":1,"distribution":"{\"name\": \"CategoricalDistribution\", \"attributes\": {\"choices\": [1, 2, 4, 8]}}"}
{"op_code":5,"worker_id":"045c6a49-06dc-488c-a0d7-91a6937a21c5-131069414635328","trial_id":180,"param_name":"sub","param_value_internal":1,"distribution":"{\"name\": \"CategoricalDistribution\", \"attributes\": {\"choices\": [32, 64]}}"}
{"op_code":8,"worker_id":"045c6a49-06dc-488c-a0d7-91a6937a21c5-131069414635328","trial_id":180,"user_attr":{"token":"tsweep_t128x64k32g12s64"}}
{"op_code":4,"worker_id":"045c6a49-06dc-488c-a0d7-91a6937a21c5-131069414635328","study_id":0,"datetime_start":"2026-07-24T01:35:56.871154"}
{"op_code":9,"worker_id":"045c6a49-06dc-488c-a0d7-91a6937a21c5-131069414635328","trial_id":181,"system_attr":{"tpe:relative_params:0":"{\"gx\": 1, \"gy\": 8, \"k\": 32, \"m\": 64, \"n\": 32, \"sub\": 32}"}}
{"op_code":5,"worker_id":"045c6a49-06dc-488c-a0d7-91a6937a21c5-131069414635328","trial_id":181,"param_name":"m","param_value_internal":2,"distribution":"{\"name\": \"CategoricalDistribution\", \"attributes\": {\"choices\": [16, 32, 64, 128, 256]}}"}
{"op_code":5,"worker_id":"045c6a49-06dc-488c-a0d7-91a6937a21c5-131069414635328","trial_id":181,"param_name":"n","param_value_internal":1,"distribution":"{\"name\": \"CategoricalDistribution\", \"attributes\": {\"choices\": [16, 32, 64, 128, 256]}}"}
{"op_code":5,"worker_id":"045c6a49-06dc-488c-a0d7-91a6937a21c5-131069414635328","trial_id":181,"param_name":"k","param_value_internal":1,"distribution":"{\"name\": \"CategoricalDistribution\", \"attributes\": {\"choices\": [16, 32, 64, 128]}}"}
{"op_code":5,"worker_id":"045c6a49-06dc-488c-a0d7-91a6937a21c5-131069414635328","trial_id":181,"param_name":"gx","param_value_internal":0,"distribution":"{\"name\": \"CategoricalDistribution\", \"attributes\": {\"choices\": [1, 2, 4, 8]}}"}
{"op_code":5,"worker_id":"045c6a49-06dc-488c-a0d7-91a6937a21c5-131069414635328","trial_id":181,"param_name":"gy","param_value_internal":3,"distribution":"{\"name\": \"CategoricalDistribution\", \"attributes\": {\"choices\": [1, 2, 4, 8]}}"}
{"op_code":5,"worker_id":"045c6a49-06dc-488c-a0d7-91a6937a21c5-131069414635328","trial_id":181,"param_name":"sub","param_value_internal":0,"distribution":"{\"name\": \"CategoricalDistribution\", \"attributes\": {\"choices\": [32, 64]}}"}
{"op_code":6,"worker_id":"045c6a49-06dc-488c-a0d7-91a6937a21c5-131069414635328","trial_id":181,"state":2,"values":null,"datetime_complete":"2026-07-24T01:35:56.892568"}
{"op_code":4,"worker_id":"045c6a49-06dc-488c-a0d7-91a6937a21c5-131069414635328","study_id":0,"datetime_start":"2026-07-24T01:35:56.894508"}
{"op_code":9,"worker_id":"045c6a49-06dc-488c-a0d7-91a6937a21c5-131069414635328","trial_id":182,"system_attr":{"tpe:relative_params:0":"{\"gx\": 2, \"gy\": 2, \"k\": 16, \"m\": 64, \"n\": 64, \"sub\": 32}"}}
{"op_code":5,"worker_id":"045c6a49-06dc-488c-a0d7-91a6937a21c5-131069414635328","trial_id":182,"param_name":"m","param_value_internal":2,"distribution":"{\"name\": \"CategoricalDistribution\", \"attributes\": {\"choices\": [16, 32, 64, 128, 256]}}"}
{"op_code":5,"worker_id":"045c6a49-06dc-488c-a0d7-91a6937a21c5-131069414635328","trial_id":182,"param_name":"n","param_value_internal":2,"distribution":"{\"name\": \"CategoricalDistribution\", \"attributes\": {\"choices\": [16, 32, 64, 128, 256]}}"}
{"op_code":5,"worker_id":"045c6a49-06dc-488c-a0d7-91a6937a21c5-131069414635328","trial_id":182,"param_name":"k","param_value_internal":0,"distribution":"{\"name\": \"CategoricalDistribution\", \"attributes\": {\"choices\": [16, 32, 64, 128]}}"}
{"op_code":5,"worker_id":"045c6a49-06dc-488c-a0d7-91a6937a21c5-131069414635328","trial_id":182,"param_name":"gx","param_value_internal":1,"distribution":"{\"name\": \"CategoricalDistribution\", \"attributes\": {\"choices\": [1, 2, 4, 8]}}"}
{"op_code":5,"worker_id":"045c6a49-06dc-488c-a0d7-91a6937a21c5-131069414635328","trial_id":182,"param_name":"gy","param_value_internal":1,"distribution":"{\"name\": \"CategoricalDistribution\", \"attributes\": {\"choices\": [1, 2, 4, 8]}}"}
{"op_code":5,"worker_id":"045c6a49-06dc-488c-a0d7-91a6937a21c5-131069414635328","trial_id":182,"param_name":"sub","param_value_internal":0,"distribution":"{\"name\": \"CategoricalDistribution\", \"attributes\": {\"choices\": [32, 64]}}"}
{"op_code":8,"worker_id":"045c6a49-06dc-488c-a0d7-91a6937a21c5-131069414635328","trial_id":182,"user_attr":{"token":"tsweep_t64x64k16g22s32"}}
{"op_code":4,"worker_id":"045c6a49-06dc-488c-a0d7-91a6937a21c5-131069414635328","study_id":0,"datetime_start":"2026-07-24T01:35:56.918323"}
{"op_code":9,"worker_id":"045c6a49-06dc-488c-a0d7-91a6937a21c5-131069414635328","trial_id":183,"system_attr":{"tpe:relative_params:0":"{\"gx\": 2, \"gy\": 4, \"k\": 64, \"m\": 64, \"n\": 16, \"sub\": 64}"}}
{"op_code":5,"worker_id":"045c6a49-06dc-488c-a0d7-91a6937a21c5-131069414635328","trial_id":183,"param_name":"m","param_value_internal":2,"distribution":"{\"name\": \"CategoricalDistribution\", \"attributes\": {\"choices\": [16, 32, 64, 128, 256]}}"}
{"op_code":5,"worker_id":"045c6a49-06dc-488c-a0d7-91a6937a21c5-131069414635328","trial_id":183,"param_name":"n","param_value_internal":0,"distribution":"{\"name\": \"CategoricalDistribution\", \"attributes\": {\"choices\": [16, 32, 64, 128, 256]}}"}
{"op_code":5,"worker_id":"045c6a49-06dc-488c-a0d7-91a6937a21c5-131069414635328","trial_id":183,"param_name":"k","param_value_internal":2,"distribution":"{\"name\": \"CategoricalDistribution\", \"attributes\": {\"choices\": [16, 32, 64, 128]}}"}
{"op_code":5,"worker_id":"045c6a49-06dc-488c-a0d7-91a6937a21c5-131069414635328","trial_id":183,"param_name":"gx","param_value_internal":1,"distribution":"{\"name\": \"CategoricalDistribution\", \"attributes\": {\"choices\": [1, 2, 4, 8]}}"}
{"op_code":5,"worker_id":"045c6a49-06dc-488c-a0d7-91a6937a21c5-131069414635328","trial_id":183,"param_name":"gy","param_value_internal":2,"distribution":"{\"name\": \"CategoricalDistribution\", \"attributes\": {\"choices\": [1, 2, 4, 8]}}"}
{"op_code":5,"worker_id":"045c6a49-06dc-488c-a0d7-91a6937a21c5-131069414635328","trial_id":183,"param_name":"sub","param_value_internal":1,"distribution":"{\"name\": \"CategoricalDistribution\", \"attributes\": {\"choices\": [32, 64]}}"}
{"op_code":6,"worker_id":"045c6a49-06dc-488c-a0d7-91a6937a21c5-131069414635328","trial_id":183,"state":2,"values":null,"datetime_complete":"2026-07-24T01:35:56.940545"}
{"op_code":4,"worker_id":"045c6a49-06dc-488c-a0d7-91a6937a21c5-131069414635328","study_id":0,"datetime_start":"2026-07-24T01:35:56.942734"}
{"op_code":9,"worker_id":"045c6a49-06dc-488c-a0d7-91a6937a21c5-131069414635328","trial_id":184,"system_attr":{"tpe:relative_params:0":"{\"gx\": 2, \"gy\": 2, \"k\": 32, \"m\": 128, \"n\": 128, \"sub\": 64}"}}
{"op_code":5,"worker_id":"045c6a49-06dc-488c-a0d7-91a6937a21c5-131069414635328","trial_id":184,"param_name":"m","param_value_internal":3,"distribution":"{\"name\": \"CategoricalDistribution\", \"attributes\": {\"choices\": [16, 32, 64, 128, 256]}}"}
{"op_code":5,"worker_id":"045c6a49-06dc-488c-a0d7-91a6937a21c5-131069414635328","trial_id":184,"param_name":"n","param_value_internal":3,"distribution":"{\"name\": \"CategoricalDistribution\", \"attributes\": {\"choices\": [16, 32, 64, 128, 256]}}"}
{"op_code":5,"worker_id":"045c6a49-06dc-488c-a0d7-91a6937a21c5-131069414635328","trial_id":184,"param_name":"k","param_value_internal":1,"distribution":"{\"name\": \"CategoricalDistribution\", \"attributes\": {\"choices\": [16, 32, 64, 128]}}"}
{"op_code":5,"worker_id":"045c6a49-06dc-488c-a0d7-91a6937a21c5-131069414635328","trial_id":184,"param_name":"gx","param_value_internal":1,"distribution":"{\"name\": \"CategoricalDistribution\", \"attributes\": {\"choices\": [1, 2, 4, 8]}}"}
{"op_code":5,"worker_id":"045c6a49-06dc-488c-a0d7-91a6937a21c5-131069414635328","trial_id":184,"param_name":"gy","param_value_internal":1,"distribution":"{\"name\": \"CategoricalDistribution\", \"attributes\": {\"choices\": [1, 2, 4, 8]}}"}
{"op_code":5,"worker_id":"045c6a49-06dc-488c-a0d7-91a6937a21c5-131069414635328","trial_id":184,"param_name":"sub","param_value_internal":1,"distribution":"{\"name\": \"CategoricalDistribution\", \"attributes\": {\"choices\": [32, 64]}}"}
{"op_code":8,"worker_id":"045c6a49-06dc-488c-a0d7-91a6937a21c5-131069414635328","trial_id":184,"user_attr":{"token":"tsweep_t128x128k32g22s64"}}
{"op_code":4,"worker_id":"045c6a49-06dc-488c-a0d7-91a6937a21c5-131069414635328","study_id":0,"datetime_start":"2026-07-24T01:35:56.967053"}
{"op_code":9,"worker_id":"045c6a49-06dc-488c-a0d7-91a6937a21c5-131069414635328","trial_id":185,"system_attr":{"tpe:relative_params:0":"{\"gx\": 1, \"gy\": 2, \"k\": 64, \"m\": 128, \"n\": 128, \"sub\": 32}"}}
{"op_code":5,"worker_id":"045c6a49-06dc-488c-a0d7-91a6937a21c5-131069414635328","trial_id":185,"param_name":"m","param_value_internal":3,"distribution":"{\"name\": \"CategoricalDistribution\", \"attributes\": {\"choices\": [16, 32, 64, 128, 256]}}"}
{"op_code":5,"worker_id":"045c6a49-06dc-488c-a0d7-91a6937a21c5-131069414635328","trial_id":185,"param_name":"n","param_value_internal":3,"distribution":"{\"name\": \"CategoricalDistribution\", \"attributes\": {\"choices\": [16, 32, 64, 128, 256]}}"}
{"op_code":5,"worker_id":"045c6a49-06dc-488c-a0d7-91a6937a21c5-131069414635328","trial_id":185,"param_name":"k","param_value_internal":2,"distribution":"{\"name\": \"CategoricalDistribution\", \"attributes\": {\"choices\": [16, 32, 64, 128]}}"}
{"op_code":5,"worker_id":"045c6a49-06dc-488c-a0d7-91a6937a21c5-131069414635328","trial_id":185,"param_name":"gx","param_value_internal":0,"distribution":"{\"name\": \"CategoricalDistribution\", \"attributes\": {\"choices\": [1, 2, 4, 8]}}"}
{"op_code":5,"worker_id":"045c6a49-06dc-488c-a0d7-91a6937a21c5-131069414635328","trial_id":185,"param_name":"gy","param_value_internal":1,"distribution":"{\"name\": \"CategoricalDistribution\", \"attributes\": {\"choices\": [1, 2, 4, 8]}}"}
{"op_code":5,"worker_id":"045c6a49-06dc-488c-a0d7-91a6937a21c5-131069414635328","trial_id":185,"param_name":"sub","param_value_internal":0,"distribution":"{\"name\": \"CategoricalDistribution\", \"attributes\": {\"choices\": [32, 64]}}"}
{"op_code":6,"worker_id":"045c6a49-06dc-488c-a0d7-91a6937a21c5-131069414635328","trial_id":185,"state":2,"values":null,"datetime_complete":"2026-07-24T01:35:56.993372"}
{"op_code":4,"worker_id":"045c6a49-06dc-488c-a0d7-91a6937a21c5-131069414635328","study_id":0,"datetime_start":"2026-07-24T01:35:56.995416"}
{"op_code":9,"worker_id":"045c6a49-06dc-488c-a0d7-91a6937a21c5-131069414635328","trial_id":186,"system_attr":{"tpe:relative_params:0":"{\"gx\": 1, \"gy\": 8, \"k\": 32, \"m\": 32, \"n\": 64, \"sub\": 32}"}}
{"op_code":5,"worker_id":"045c6a49-06dc-488c-a0d7-91a6937a21c5-131069414635328","trial_id":186,"param_name":"m","param_value_internal":1,"distribution":"{\"name\": \"CategoricalDistribution\", \"attributes\": {\"choices\": [16, 32, 64, 128, 256]}}"}
{"op_code":5,"worker_id":"045c6a49-06dc-488c-a0d7-91a6937a21c5-131069414635328","trial_id":186,"param_name":"n","param_value_internal":2,"distribution":"{\"name\": \"CategoricalDistribution\", \"attributes\": {\"choices\": [16, 32, 64, 128, 256]}}"}
{"op_code":5,"worker_id":"045c6a49-06dc-488c-a0d7-91a6937a21c5-131069414635328","trial_id":186,"param_name":"k","param_value_internal":1,"distribution":"{\"name\": \"CategoricalDistribution\", \"attributes\": {\"choices\": [16, 32, 64, 128]}}"}
{"op_code":5,"worker_id":"045c6a49-06dc-488c-a0d7-91a6937a21c5-131069414635328","trial_id":186,"param_name":"gx","param_value_internal":0,"distribution":"{\"name\": \"CategoricalDistribution\", \"attributes\": {\"choices\": [1, 2, 4, 8]}}"}
{"op_code":5,"worker_id":"045c6a49-06dc-488c-a0d7-91a6937a21c5-131069414635328","trial_id":186,"param_name":"gy","param_value_internal":3,"distribution":"{\"name\": \"CategoricalDistribution\", \"attributes\": {\"choices\": [1, 2, 4, 8]}}"}
{"op_code":5,"worker_id":"045c6a49-06dc-488c-a0d7-91a6937a21c5-131069414635328","trial_id":186,"param_name":"sub","param_value_internal":0,"distribution":"{\"name\": \"CategoricalDistribution\", \"attributes\": {\"choices\": [32, 64]}}"}
{"op_code":6,"worker_id":"045c6a49-06dc-488c-a0d7-91a6937a21c5-131069414635328","trial_id":186,"state":2,"values":null,"datetime_complete":"2026-07-24T01:35:57.017679"}
{"op_code":4,"worker_id":"045c6a49-06dc-488c-a0d7-91a6937a21c5-131069414635328","study_id":0,"datetime_start":"2026-07-24T01:35:57.019771"}
{"op_code":9,"worker_id":"045c6a49-06dc-488c-a0d7-91a6937a21c5-131069414635328","trial_id":187,"system_attr":{"tpe:relative_params:0":"{\"gx\": 4, \"gy\": 1, \"k\": 64, \"m\": 128, \"n\": 128, \"sub\": 32}"}}
{"op_code":5,"worker_id":"045c6a49-06dc-488c-a0d7-91a6937a21c5-131069414635328","trial_id":187,"param_name":"m","param_value_internal":3,"distribution":"{\"name\": \"CategoricalDistribution\", \"attributes\": {\"choices\": [16, 32, 64, 128, 256]}}"}
{"op_code":5,"worker_id":"045c6a49-06dc-488c-a0d7-91a6937a21c5-131069414635328","trial_id":187,"param_name":"n","param_value_internal":3,"distribution":"{\"name\": \"CategoricalDistribution\", \"attributes\": {\"choices\": [16, 32, 64, 128, 256]}}"}
{"op_code":5,"worker_id":"045c6a49-06dc-488c-a0d7-91a6937a21c5-131069414635328","trial_id":187,"param_name":"k","param_value_internal":2,"distribution":"{\"name\": \"CategoricalDistribution\", \"attributes\": {\"choices\": [16, 32, 64, 128]}}"}
{"op_code":5,"worker_id":"045c6a49-06dc-488c-a0d7-91a6937a21c5-131069414635328","trial_id":187,"param_name":"gx","param_value_internal":2,"distribution":"{\"name\": \"CategoricalDistribution\", \"attributes\": {\"choices\": [1, 2, 4, 8]}}"}
{"op_code":5,"worker_id":"045c6a49-06dc-488c-a0d7-91a6937a21c5-131069414635328","trial_id":187,"param_name":"gy","param_value_internal":0,"distribution":"{\"name\": \"CategoricalDistribution\", \"attributes\": {\"choices\": [1, 2, 4, 8]}}"}
{"op_code":5,"worker_id":"045c6a49-06dc-488c-a0d7-91a6937a21c5-131069414635328","trial_id":187,"param_name":"sub","param_value_internal":0,"distribution":"{\"name\": \"CategoricalDistribution\", \"attributes\": {\"choices\": [32, 64]}}"}
{"op_code":6,"worker_id":"045c6a49-06dc-488c-a0d7-91a6937a21c5-131069414635328","trial_id":187,"state":2,"values":null,"datetime_complete":"2026-07-24T01:35:57.042319"}
{"op_code":4,"worker_id":"045c6a49-06dc-488c-a0d7-91a6937a21c5-131069414635328","study_id":0,"datetime_start":"2026-07-24T01:35:57.044463"}
{"op_code":9,"worker_id":"045c6a49-06dc-488c-a0d7-91a6937a21c5-131069414635328","trial_id":188,"system_attr":{"tpe:relative_params:0":"{\"gx\": 4, \"gy\": 2, \"k\": 32, \"m\": 128, \"n\": 128, \"sub\": 32}"}}
{"op_code":5,"worker_id":"045c6a49-06dc-488c-a0d7-91a6937a21c5-131069414635328","trial_id":188,"param_name":"m","param_value_internal":3,"distribution":"{\"name\": \"CategoricalDistribution\", \"attributes\": {\"choices\": [16, 32, 64, 128, 256]}}"}
{"op_code":5,"worker_id":"045c6a49-06dc-488c-a0d7-91a6937a21c5-131069414635328","trial_id":188,"param_name":"n","param_value_internal":3,"distribution":"{\"name\": \"CategoricalDistribution\", \"attributes\": {\"choices\": [16, 32, 64, 128, 256]}}"}
{"op_code":5,"worker_id":"045c6a49-06dc-488c-a0d7-91a6937a21c5-131069414635328","trial_id":188,"param_name":"k","param_value_internal":1,"distribution":"{\"name\": \"CategoricalDistribution\", \"attributes\": {\"choices\": [16, 32, 64, 128]}}"}
{"op_code":5,"worker_id":"045c6a49-06dc-488c-a0d7-91a6937a21c5-131069414635328","trial_id":188,"param_name":"gx","param_value_internal":2,"distribution":"{\"name\": \"CategoricalDistribution\", \"attributes\": {\"choices\": [1, 2, 4, 8]}}"}
{"op_code":5,"worker_id":"045c6a49-06dc-488c-a0d7-91a6937a21c5-131069414635328","trial_id":188,"param_name":"gy","param_value_internal":1,"distribution":"{\"name\": \"CategoricalDistribution\", \"attributes\": {\"choices\": [1, 2, 4, 8]}}"}
{"op_code":5,"worker_id":"045c6a49-06dc-488c-a0d7-91a6937a21c5-131069414635328","trial_id":188,"param_name":"sub","param_value_internal":0,"distribution":"{\"name\": \"CategoricalDistribution\", \"attributes\": {\"choices\": [32, 64]}}"}
{"op_code":6,"worker_id":"045c6a49-06dc-488c-a0d7-91a6937a21c5-131069414635328","trial_id":188,"state":2,"values":null,"datetime_complete":"2026-07-24T01:35:57.068348"}
{"op_code":4,"worker_id":"045c6a49-06dc-488c-a0d7-91a6937a21c5-131069414635328","study_id":0,"datetime_start":"2026-07-24T01:35:57.071136"}
{"op_code":9,"worker_id":"045c6a49-06dc-488c-a0d7-91a6937a21c5-131069414635328","trial_id":189,"system_attr":{"tpe:relative_params:0":"{\"gx\": 1, \"gy\": 4, \"k\": 32, \"m\": 128, \"n\": 128, \"sub\": 32}"}}
{"op_code":5,"worker_id":"045c6a49-06dc-488c-a0d7-91a6937a21c5-131069414635328","trial_id":189,"param_name":"m","param_value_internal":3,"distribution":"{\"name\": \"CategoricalDistribution\", \"attributes\": {\"choices\": [16, 32, 64, 128, 256]}}"}
{"op_code":5,"worker_id":"045c6a49-06dc-488c-a0d7-91a6937a21c5-131069414635328","trial_id":189,"param_name":"n","param_value_internal":3,"distribution":"{\"name\": \"CategoricalDistribution\", \"attributes\": {\"choices\": [16, 32, 64, 128, 256]}}"}
{"op_code":5,"worker_id":"045c6a49-06dc-488c-a0d7-91a6937a21c5-131069414635328","trial_id":189,"param_name":"k","param_value_internal":1,"distribution":"{\"name\": \"CategoricalDistribution\", \"attributes\": {\"choices\": [16, 32, 64, 128]}}"}
{"op_code":5,"worker_id":"045c6a49-06dc-488c-a0d7-91a6937a21c5-131069414635328","trial_id":189,"param_name":"gx","param_value_internal":0,"distribution":"{\"name\": \"CategoricalDistribution\", \"attributes\": {\"choices\": [1, 2, 4, 8]}}"}
{"op_code":5,"worker_id":"045c6a49-06dc-488c-a0d7-91a6937a21c5-131069414635328","trial_id":189,"param_name":"gy","param_value_internal":2,"distribution":"{\"name\": \"CategoricalDistribution\", \"attributes\": {\"choices\": [1, 2, 4, 8]}}"}
{"op_code":5,"worker_id":"045c6a49-06dc-488c-a0d7-91a6937a21c5-131069414635328","trial_id":189,"param_name":"sub","param_value_internal":0,"distribution":"{\"name\": \"CategoricalDistribution\", \"attributes\": {\"choices\": [32, 64]}}"}
{"op_code":8,"worker_id":"045c6a49-06dc-488c-a0d7-91a6937a21c5-131069414635328","trial_id":189,"user_attr":{"token":"tsweep_t128x128k32g14s32"}}
{"op_code":4,"worker_id":"045c6a49-06dc-488c-a0d7-91a6937a21c5-131069414635328","study_id":0,"datetime_start":"2026-07-24T01:35:57.101954"}
{"op_code":9,"worker_id":"045c6a49-06dc-488c-a0d7-91a6937a21c5-131069414635328","trial_id":190,"system_attr":{"tpe:relative_params:0":"{\"gx\": 2, \"gy\": 2, \"k\": 16, \"m\": 128, \"n\": 16, \"sub\": 64}"}}
{"op_code":5,"worker_id":"045c6a49-06dc-488c-a0d7-91a6937a21c5-131069414635328","trial_id":190,"param_name":"m","param_value_internal":3,"distribution":"{\"name\": \"CategoricalDistribution\", \"attributes\": {\"choices\": [16, 32, 64, 128, 256]}}"}
{"op_code":5,"worker_id":"045c6a49-06dc-488c-a0d7-91a6937a21c5-131069414635328","trial_id":190,"param_name":"n","param_value_internal":0,"distribution":"{\"name\": \"CategoricalDistribution\", \"attributes\": {\"choices\": [16, 32, 64, 128, 256]}}"}
{"op_code":5,"worker_id":"045c6a49-06dc-488c-a0d7-91a6937a21c5-131069414635328","trial_id":190,"param_name":"k","param_value_internal":0,"distribution":"{\"name\": \"CategoricalDistribution\", \"attributes\": {\"choices\": [16, 32, 64, 128]}}"}
{"op_code":5,"worker_id":"045c6a49-06dc-488c-a0d7-91a6937a21c5-131069414635328","trial_id":190,"param_name":"gx","param_value_internal":1,"distribution":"{\"name\": \"CategoricalDistribution\", \"attributes\": {\"choices\": [1, 2, 4, 8]}}"}
{"op_code":5,"worker_id":"045c6a49-06dc-488c-a0d7-91a6937a21c5-131069414635328","trial_id":190,"param_name":"gy","param_value_internal":1,"distribution":"{\"name\": \"CategoricalDistribution\", \"attributes\": {\"choices\": [1, 2, 4, 8]}}"}
{"op_code":5,"worker_id":"045c6a49-06dc-488c-a0d7-91a6937a21c5-131069414635328","trial_id":190,"param_name":"sub","param_value_internal":1,"distribution":"{\"name\": \"CategoricalDistribution\", \"attributes\": {\"choices\": [32, 64]}}"}
{"op_code":6,"worker_id":"045c6a49-06dc-488c-a0d7-91a6937a21c5-131069414635328","trial_id":190,"state":2,"values":null,"datetime_complete":"2026-07-24T01:35:57.128386"}
{"op_code":4,"worker_id":"045c6a49-06dc-488c-a0d7-91a6937a21c5-131069414635328","study_id":0,"datetime_start":"2026-07-24T01:35:57.130742"}
{"op_code":9,"worker_id":"045c6a49-06dc-488c-a0d7-91a6937a21c5-131069414635328","trial_id":191,"system_attr":{"tpe:relative_params:0":"{\"gx\": 1, \"gy\": 2, \"k\": 16, \"m\": 64, \"n\": 128, \"sub\": 32}"}}
{"op_code":5,"worker_id":"045c6a49-06dc-488c-a0d7-91a6937a21c5-131069414635328","trial_id":191,"param_name":"m","param_value_internal":2,"distribution":"{\"name\": \"CategoricalDistribution\", \"attributes\": {\"choices\": [16, 32, 64, 128, 256]}}"}
{"op_code":5,"worker_id":"045c6a49-06dc-488c-a0d7-91a6937a21c5-131069414635328","trial_id":191,"param_name":"n","param_value_internal":3,"distribution":"{\"name\": \"CategoricalDistribution\", \"attributes\": {\"choices\": [16, 32, 64, 128, 256]}}"}
{"op_code":5,"worker_id":"045c6a49-06dc-488c-a0d7-91a6937a21c5-131069414635328","trial_id":191,"param_name":"k","param_value_internal":0,"distribution":"{\"name\": \"CategoricalDistribution\", \"attributes\": {\"choices\": [16, 32, 64, 128]}}"}
{"op_code":5,"worker_id":"045c6a49-06dc-488c-a0d7-91a6937a21c5-131069414635328","trial_id":191,"param_name":"gx","param_value_internal":0,"distribution":"{\"name\": \"CategoricalDistribution\", \"attributes\": {\"choices\": [1, 2, 4, 8]}}"}
{"op_code":5,"worker_id":"045c6a49-06dc-488c-a0d7-91a6937a21c5-131069414635328","trial_id":191,"param_name":"gy","param_value_internal":1,"distribution":"{\"name\": \"CategoricalDistribution\", \"attributes\": {\"choices\": [1, 2, 4, 8]}}"}
{"op_code":5,"worker_id":"045c6a49-06dc-488c-a0d7-91a6937a21c5-131069414635328","trial_id":191,"param_name":"sub","param_value_internal":0,"distribution":"{\"name\": \"CategoricalDistribution\", \"attributes\": {\"choices\": [32, 64]}}"}
{"op_code":8,"worker_id":"045c6a49-06dc-488c-a0d7-91a6937a21c5-131069414635328","trial_id":191,"user_attr":{"token":"tsweep_t64x128k16g12s32"}}
{"op_code":4,"worker_id":"045c6a49-06dc-488c-a0d7-91a6937a21c5-131069414635328","study_id":0,"datetime_start":"2026-07-24T01:35:57.154304"}
{"op_code":9,"worker_id":"045c6a49-06dc-488c-a0d7-91a6937a21c5-131069414635328","trial_id":192,"system_attr":{"tpe:relative_params:0":"{\"gx\": 1, \"gy\": 1, \"k\": 32, \"m\": 64, \"n\": 16, \"sub\": 64}"}}
{"op_code":5,"worker_id":"045c6a49-06dc-488c-a0d7-91a6937a21c5-131069414635328","trial_id":192,"param_name":"m","param_value_internal":2,"distribution":"{\"name\": \"CategoricalDistribution\", \"attributes\": {\"choices\": [16, 32, 64, 128, 256]}}"}
{"op_code":5,"worker_id":"045c6a49-06dc-488c-a0d7-91a6937a21c5-131069414635328","trial_id":192,"param_name":"n","param_value_internal":0,"distribution":"{\"name\": \"CategoricalDistribution\", \"attributes\": {\"choices\": [16, 32, 64, 128, 256]}}"}
{"op_code":5,"worker_id":"045c6a49-06dc-488c-a0d7-91a6937a21c5-131069414635328","trial_id":192,"param_name":"k","param_value_internal":1,"distribution":"{\"name\": \"CategoricalDistribution\", \"attributes\": {\"choices\": [16, 32, 64, 128]}}"}
{"op_code":5,"worker_id":"045c6a49-06dc-488c-a0d7-91a6937a21c5-131069414635328","trial_id":192,"param_name":"gx","param_value_internal":0,"distribution":"{\"name\": \"CategoricalDistribution\", \"attributes\": {\"choices\": [1, 2, 4, 8]}}"}
{"op_code":5,"worker_id":"045c6a49-06dc-488c-a0d7-91a6937a21c5-131069414635328","trial_id":192,"param_name":"gy","param_value_internal":0,"distribution":"{\"name\": \"CategoricalDistribution\", \"attributes\": {\"choices\": [1, 2, 4, 8]}}"}
{"op_code":5,"worker_id":"045c6a49-06dc-488c-a0d7-91a6937a21c5-131069414635328","trial_id":192,"param_name":"sub","param_value_internal":1,"distribution":"{\"name\": \"CategoricalDistribution\", \"attributes\": {\"choices\": [32, 64]}}"}
{"op_code":8,"worker_id":"045c6a49-06dc-488c-a0d7-91a6937a21c5-131069414635328","trial_id":192,"user_attr":{"token":"tsweep_t64x16k32g11s64"}}
{"op_code":4,"worker_id":"045c6a49-06dc-488c-a0d7-91a6937a21c5-131069414635328","study_id":0,"datetime_start":"2026-07-24T01:35:57.177850"}
{"op_code":9,"worker_id":"045c6a49-06dc-488c-a0d7-91a6937a21c5-131069414635328","trial_id":193,"system_attr":{"tpe:relative_params:0":"{\"gx\": 4, \"gy\": 1, \"k\": 32, \"m\": 128, \"n\": 128, \"sub\": 64}"}}
{"op_code":5,"worker_id":"045c6a49-06dc-488c-a0d7-91a6937a21c5-131069414635328","trial_id":193,"param_name":"m","param_value_internal":3,"distribution":"{\"name\": \"CategoricalDistribution\", \"attributes\": {\"choices\": [16, 32, 64, 128, 256]}}"}
{"op_code":5,"worker_id":"045c6a49-06dc-488c-a0d7-91a6937a21c5-131069414635328","trial_id":193,"param_name":"n","param_value_internal":3,"distribution":"{\"name\": \"CategoricalDistribution\", \"attributes\": {\"choices\": [16, 32, 64, 128, 256]}}"}
{"op_code":5,"worker_id":"045c6a49-06dc-488c-a0d7-91a6937a21c5-131069414635328","trial_id":193,"param_name":"k","param_value_internal":1,"distribution":"{\"name\": \"CategoricalDistribution\", \"attributes\": {\"choices\": [16, 32, 64, 128]}}"}
{"op_code":5,"worker_id":"045c6a49-06dc-488c-a0d7-91a6937a21c5-131069414635328","trial_id":193,"param_name":"gx","param_value_internal":2,"distribution":"{\"name\": \"CategoricalDistribution\", \"attributes\": {\"choices\": [1, 2, 4, 8]}}"}
{"op_code":5,"worker_id":"045c6a49-06dc-488c-a0d7-91a6937a21c5-131069414635328","trial_id":193,"param_name":"gy","param_value_internal":0,"distribution":"{\"name\": \"CategoricalDistribution\", \"attributes\": {\"choices\": [1, 2, 4, 8]}}"}
{"op_code":5,"worker_id":"045c6a49-06dc-488c-a0d7-91a6937a21c5-131069414635328","trial_id":193,"param_name":"sub","param_value_internal":1,"distribution":"{\"name\": \"CategoricalDistribution\", \"attributes\": {\"choices\": [32, 64]}}"}
{"op_code":8,"worker_id":"045c6a49-06dc-488c-a0d7-91a6937a21c5-131069414635328","trial_id":193,"user_attr":{"token":"tsweep_t128x128k32g41s64"}}
{"op_code":4,"worker_id":"045c6a49-06dc-488c-a0d7-91a6937a21c5-131069414635328","study_id":0,"datetime_start":"2026-07-24T01:35:57.201290"}
{"op_code":9,"worker_id":"045c6a49-06dc-488c-a0d7-91a6937a21c5-131069414635328","trial_id":194,"system_attr":{"tpe:relative_params:0":"{\"gx\": 2, \"gy\": 2, \"k\": 32, \"m\": 64, \"n\": 64, \"sub\": 64}"}}
{"op_code":5,"worker_id":"045c6a49-06dc-488c-a0d7-91a6937a21c5-131069414635328","trial_id":194,"param_name":"m","param_value_internal":2,"distribution":"{\"name\": \"CategoricalDistribution\", \"attributes\": {\"choices\": [16, 32, 64, 128, 256]}}"}
{"op_code":5,"worker_id":"045c6a49-06dc-488c-a0d7-91a6937a21c5-131069414635328","trial_id":194,"param_name":"n","param_value_internal":2,"distribution":"{\"name\": \"CategoricalDistribution\", \"attributes\": {\"choices\": [16, 32, 64, 128, 256]}}"}
{"op_code":5,"worker_id":"045c6a49-06dc-488c-a0d7-91a6937a21c5-131069414635328","trial_id":194,"param_name":"k","param_value_internal":1,"distribution":"{\"name\": \"CategoricalDistribution\", \"attributes\": {\"choices\": [16, 32, 64, 128]}}"}
{"op_code":5,"worker_id":"045c6a49-06dc-488c-a0d7-91a6937a21c5-131069414635328","trial_id":194,"param_name":"gx","param_value_internal":1,"distribution":"{\"name\": \"CategoricalDistribution\", \"attributes\": {\"choices\": [1, 2, 4, 8]}}"}
{"op_code":5,"worker_id":"045c6a49-06dc-488c-a0d7-91a6937a21c5-131069414635328","trial_id":194,"param_name":"gy","param_value_internal":1,"distribution":"{\"name\": \"CategoricalDistribution\", \"attributes\": {\"choices\": [1, 2, 4, 8]}}"}
{"op_code":5,"worker_id":"045c6a49-06dc-488c-a0d7-91a6937a21c5-131069414635328","trial_id":194,"param_name":"sub","param_value_internal":1,"distribution":"{\"name\": \"CategoricalDistribution\", \"attributes\": {\"choices\": [32, 64]}}"}
{"op_code":8,"worker_id":"045c6a49-06dc-488c-a0d7-91a6937a21c5-131069414635328","trial_id":194,"user_attr":{"token":"tsweep_t64x64k32g22s64"}}
{"op_code":4,"worker_id":"045c6a49-06dc-488c-a0d7-91a6937a21c5-131069414635328","study_id":0,"datetime_start":"2026-07-24T01:35:57.224440"}
{"op_code":9,"worker_id":"045c6a49-06dc-488c-a0d7-91a6937a21c5-131069414635328","trial_id":195,"system_attr":{"tpe:relative_params:0":"{\"gx\": 4, \"gy\": 1, \"k\": 16, \"m\": 16, \"n\": 64, \"sub\": 64}"}}
{"op_code":5,"worker_id":"045c6a49-06dc-488c-a0d7-91a6937a21c5-131069414635328","trial_id":195,"param_name":"m","param_value_internal":0,"distribution":"{\"name\": \"CategoricalDistribution\", \"attributes\": {\"choices\": [16, 32, 64, 128, 256]}}"}
{"op_code":5,"worker_id":"045c6a49-06dc-488c-a0d7-91a6937a21c5-131069414635328","trial_id":195,"param_name":"n","param_value_internal":2,"distribution":"{\"name\": \"CategoricalDistribution\", \"attributes\": {\"choices\": [16, 32, 64, 128, 256]}}"}
{"op_code":5,"worker_id":"045c6a49-06dc-488c-a0d7-91a6937a21c5-131069414635328","trial_id":195,"param_name":"k","param_value_internal":0,"distribution":"{\"name\": \"CategoricalDistribution\", \"attributes\": {\"choices\": [16, 32, 64, 128]}}"}
{"op_code":5,"worker_id":"045c6a49-06dc-488c-a0d7-91a6937a21c5-131069414635328","trial_id":195,"param_name":"gx","param_value_internal":2,"distribution":"{\"name\": \"CategoricalDistribution\", \"attributes\": {\"choices\": [1, 2, 4, 8]}}"}
{"op_code":5,"worker_id":"045c6a49-06dc-488c-a0d7-91a6937a21c5-131069414635328","trial_id":195,"param_name":"gy","param_value_internal":0,"distribution":"{\"name\": \"CategoricalDistribution\", \"attributes\": {\"choices\": [1, 2, 4, 8]}}"}
{"op_code":5,"worker_id":"045c6a49-06dc-488c-a0d7-91a6937a21c5-131069414635328","trial_id":195,"param_name":"sub","param_value_internal":1,"distribution":"{\"name\": \"CategoricalDistribution\", \"attributes\": {\"choices\": [32, 64]}}"}
{"op_code":6,"worker_id":"045c6a49-06dc-488c-a0d7-91a6937a21c5-131069414635328","trial_id":195,"state":2,"values":null,"datetime_complete":"2026-07-24T01:35:57.245728"}
{"op_code":4,"worker_id":"045c6a49-06dc-488c-a0d7-91a6937a21c5-131069414635328","study_id":0,"datetime_start":"2026-07-24T01:35:57.247765"}
{"op_code":9,"worker_id":"045c6a49-06dc-488c-a0d7-91a6937a21c5-131069414635328","trial_id":196,"system_attr":{"tpe:relative_params:0":"{\"gx\": 1, \"gy\": 2, \"k\": 32, \"m\": 128, \"n\": 128, \"sub\": 32}"}}
{"op_code":5,"worker_id":"045c6a49-06dc-488c-a0d7-91a6937a21c5-131069414635328","trial_id":196,"param_name":"m","param_value_internal":3,"distribution":"{\"name\": \"CategoricalDistribution\", \"attributes\": {\"choices\": [16, 32, 64, 128, 256]}}"}
{"op_code":5,"worker_id":"045c6a49-06dc-488c-a0d7-91a6937a21c5-131069414635328","trial_id":196,"param_name":"n","param_value_internal":3,"distribution":"{\"name\": \"CategoricalDistribution\", \"attributes\": {\"choices\": [16, 32, 64, 128, 256]}}"}
{"op_code":5,"worker_id":"045c6a49-06dc-488c-a0d7-91a6937a21c5-131069414635328","trial_id":196,"param_name":"k","param_value_internal":1,"distribution":"{\"name\": \"CategoricalDistribution\", \"attributes\": {\"choices\": [16, 32, 64, 128]}}"}
{"op_code":5,"worker_id":"045c6a49-06dc-488c-a0d7-91a6937a21c5-131069414635328","trial_id":196,"param_name":"gx","param_value_internal":0,"distribution":"{\"name\": \"CategoricalDistribution\", \"attributes\": {\"choices\": [1, 2, 4, 8]}}"}
{"op_code":5,"worker_id":"045c6a49-06dc-488c-a0d7-91a6937a21c5-131069414635328","trial_id":196,"param_name":"gy","param_value_internal":1,"distribution":"{\"name\": \"CategoricalDistribution\", \"attributes\": {\"choices\": [1, 2, 4, 8]}}"}
{"op_code":5,"worker_id":"045c6a49-06dc-488c-a0d7-91a6937a21c5-131069414635328","trial_id":196,"param_name":"sub","param_value_internal":0,"distribution":"{\"name\": \"CategoricalDistribution\", \"attributes\": {\"choices\": [32, 64]}}"}
{"op_code":8,"worker_id":"045c6a49-06dc-488c-a0d7-91a6937a21c5-131069414635328","trial_id":196,"user_attr":{"token":"tsweep_t128x128k32g12s32"}}
{"op_code":4,"worker_id":"045c6a49-06dc-488c-a0d7-91a6937a21c5-131069414635328","study_id":0,"datetime_start":"2026-07-24T01:35:57.270624"}
{"op_code":9,"worker_id":"045c6a49-06dc-488c-a0d7-91a6937a21c5-131069414635328","trial_id":197,"system_attr":{"tpe:relative_params:0":"{\"gx\": 4, \"gy\": 2, \"k\": 16, \"m\": 128, \"n\": 128, \"sub\": 64}"}}
{"op_code":5,"worker_id":"045c6a49-06dc-488c-a0d7-91a6937a21c5-131069414635328","trial_id":197,"param_name":"m","param_value_internal":3,"distribution":"{\"name\": \"CategoricalDistribution\", \"attributes\": {\"choices\": [16, 32, 64, 128, 256]}}"}
{"op_code":5,"worker_id":"045c6a49-06dc-488c-a0d7-91a6937a21c5-131069414635328","trial_id":197,"param_name":"n","param_value_internal":3,"distribution":"{\"name\": \"CategoricalDistribution\", \"attributes\": {\"choices\": [16, 32, 64, 128, 256]}}"}
{"op_code":5,"worker_id":"045c6a49-06dc-488c-a0d7-91a6937a21c5-131069414635328","trial_id":197,"param_name":"k","param_value_internal":0,"distribution":"{\"name\": \"CategoricalDistribution\", \"attributes\": {\"choices\": [16, 32, 64, 128]}}"}
{"op_code":5,"worker_id":"045c6a49-06dc-488c-a0d7-91a6937a21c5-131069414635328","trial_id":197,"param_name":"gx","param_value_internal":2,"distribution":"{\"name\": \"CategoricalDistribution\", \"attributes\": {\"choices\": [1, 2, 4, 8]}}"}
{"op_code":5,"worker_id":"045c6a49-06dc-488c-a0d7-91a6937a21c5-131069414635328","trial_id":197,"param_name":"gy","param_value_internal":1,"distribution":"{\"name\": \"CategoricalDistribution\", \"attributes\": {\"choices\": [1, 2, 4, 8]}}"}
{"op_code":5,"worker_id":"045c6a49-06dc-488c-a0d7-91a6937a21c5-131069414635328","trial_id":197,"param_name":"sub","param_value_internal":1,"distribution":"{\"name\": \"CategoricalDistribution\", \"attributes\": {\"choices\": [32, 64]}}"}
{"op_code":6,"worker_id":"045c6a49-06dc-488c-a0d7-91a6937a21c5-131069414635328","trial_id":197,"state":2,"values":null,"datetime_complete":"2026-07-24T01:35:57.292891"}
{"op_code":4,"worker_id":"045c6a49-06dc-488c-a0d7-91a6937a21c5-131069414635328","study_id":0,"datetime_start":"2026-07-24T01:35:57.295015"}
{"op_code":9,"worker_id":"045c6a49-06dc-488c-a0d7-91a6937a21c5-131069414635328","trial_id":198,"system_attr":{"tpe:relative_params:0":"{\"gx\": 8, \"gy\": 2, \"k\": 32, \"m\": 64, \"n\": 32, \"sub\": 32}"}}
{"op_code":5,"worker_id":"045c6a49-06dc-488c-a0d7-91a6937a21c5-131069414635328","trial_id":198,"param_name":"m","param_value_internal":2,"distribution":"{\"name\": \"CategoricalDistribution\", \"attributes\": {\"choices\": [16, 32, 64, 128, 256]}}"}
{"op_code":5,"worker_id":"045c6a49-06dc-488c-a0d7-91a6937a21c5-131069414635328","trial_id":198,"param_name":"n","param_value_internal":1,"distribution":"{\"name\": \"CategoricalDistribution\", \"attributes\": {\"choices\": [16, 32, 64, 128, 256]}}"}
{"op_code":5,"worker_id":"045c6a49-06dc-488c-a0d7-91a6937a21c5-131069414635328","trial_id":198,"param_name":"k","param_value_internal":1,"distribution":"{\"name\": \"CategoricalDistribution\", \"attributes\": {\"choices\": [16, 32, 64, 128]}}"}
{"op_code":5,"worker_id":"045c6a49-06dc-488c-a0d7-91a6937a21c5-131069414635328","trial_id":198,"param_name":"gx","param_value_internal":3,"distribution":"{\"name\": \"CategoricalDistribution\", \"attributes\": {\"choices\": [1, 2, 4, 8]}}"}
{"op_code":5,"worker_id":"045c6a49-06dc-488c-a0d7-91a6937a21c5-131069414635328","trial_id":198,"param_name":"gy","param_value_internal":1,"distribution":"{\"name\": \"CategoricalDistribution\", \"attributes\": {\"choices\": [1, 2, 4, 8]}}"}
{"op_code":5,"worker_id":"045c6a49-06dc-488c-a0d7-91a6937a21c5-131069414635328","trial_id":198,"param_name":"sub","param_value_internal":0,"distribution":"{\"name\": \"CategoricalDistribution\", \"attributes\": {\"choices\": [32, 64]}}"}
{"op_code":6,"worker_id":"045c6a49-06dc-488c-a0d7-91a6937a21c5-131069414635328","trial_id":198,"state":2,"values":null,"datetime_complete":"2026-07-24T01:35:57.317240"}
{"op_code":4,"worker_id":"045c6a49-06dc-488c-a0d7-91a6937a21c5-131069414635328","study_id":0,"datetime_start":"2026-07-24T01:35:57.319132"}
{"op_code":9,"worker_id":"045c6a49-06dc-488c-a0d7-91a6937a21c5-131069414635328","trial_id":199,"system_attr":{"tpe:relative_params:0":"{\"gx\": 1, \"gy\": 2, \"k\": 32, \"m\": 16, \"n\": 64, \"sub\": 32}"}}
{"op_code":5,"worker_id":"045c6a49-06dc-488c-a0d7-91a6937a21c5-131069414635328","trial_id":199,"param_name":"m","param_value_internal":0,"distribution":"{\"name\": \"CategoricalDistribution\", \"attributes\": {\"choices\": [16, 32, 64, 128, 256]}}"}
{"op_code":5,"worker_id":"045c6a49-06dc-488c-a0d7-91a6937a21c5-131069414635328","trial_id":199,"param_name":"n","param_value_internal":2,"distribution":"{\"name\": \"CategoricalDistribution\", \"attributes\": {\"choices\": [16, 32, 64, 128, 256]}}"}
{"op_code":5,"worker_id":"045c6a49-06dc-488c-a0d7-91a6937a21c5-131069414635328","trial_id":199,"param_name":"k","param_value_internal":1,"distribution":"{\"name\": \"CategoricalDistribution\", \"attributes\": {\"choices\": [16, 32, 64, 128]}}"}
{"op_code":5,"worker_id":"045c6a49-06dc-488c-a0d7-91a6937a21c5-131069414635328","trial_id":199,"param_name":"gx","param_value_internal":0,"distribution":"{\"name\": \"CategoricalDistribution\", \"attributes\": {\"choices\": [1, 2, 4, 8]}}"}
{"op_code":5,"worker_id":"045c6a49-06dc-488c-a0d7-91a6937a21c5-131069414635328","trial_id":199,"param_name":"gy","param_value_internal":1,"distribution":"{\"name\": \"CategoricalDistribution\", \"attributes\": {\"choices\": [1, 2, 4, 8]}}"}
{"op_code":5,"worker_id":"045c6a49-06dc-488c-a0d7-91a6937a21c5-131069414635328","trial_id":199,"param_name":"sub","param_value_internal":0,"distribution":"{\"name\": \"CategoricalDistribution\", \"attributes\": {\"choices\": [32, 64]}}"}
{"op_code":6,"worker_id":"045c6a49-06dc-488c-a0d7-91a6937a21c5-131069414635328","trial_id":199,"state":2,"values":null,"datetime_complete":"2026-07-24T01:35:57.342871"}
{"op_code":4,"worker_id":"045c6a49-06dc-488c-a0d7-91a6937a21c5-131069414635328","study_id":0,"datetime_start":"2026-07-24T01:35:57.344994"}
{"op_code":9,"worker_id":"045c6a49-06dc-488c-a0d7-91a6937a21c5-131069414635328","trial_id":200,"system_attr":{"tpe:relative_params:0":"{\"gx\": 1, \"gy\": 4, \"k\": 32, \"m\": 64, \"n\": 64, \"sub\": 64}"}}
{"op_code":5,"worker_id":"045c6a49-06dc-488c-a0d7-91a6937a21c5-131069414635328","trial_id":200,"param_name":"m","param_value_internal":2,"distribution":"{\"name\": \"CategoricalDistribution\", \"attributes\": {\"choices\": [16, 32, 64, 128, 256]}}"}
{"op_code":5,"worker_id":"045c6a49-06dc-488c-a0d7-91a6937a21c5-131069414635328","trial_id":200,"param_name":"n","param_value_internal":2,"distribution":"{\"name\": \"CategoricalDistribution\", \"attributes\": {\"choices\": [16, 32, 64, 128, 256]}}"}
{"op_code":5,"worker_id":"045c6a49-06dc-488c-a0d7-91a6937a21c5-131069414635328","trial_id":200,"param_name":"k","param_value_internal":1,"distribution":"{\"name\": \"CategoricalDistribution\", \"attributes\": {\"choices\": [16, 32, 64, 128]}}"}
{"op_code":5,"worker_id":"045c6a49-06dc-488c-a0d7-91a6937a21c5-131069414635328","trial_id":200,"param_name":"gx","param_value_internal":0,"distribution":"{\"name\": \"CategoricalDistribution\", \"attributes\": {\"choices\": [1, 2, 4, 8]}}"}
{"op_code":5,"worker_id":"045c6a49-06dc-488c-a0d7-91a6937a21c5-131069414635328","trial_id":200,"param_name":"gy","param_value_internal":2,"distribution":"{\"name\": \"CategoricalDistribution\", \"attributes\": {\"choices\": [1, 2, 4, 8]}}"}
{"op_code":5,"worker_id":"045c6a49-06dc-488c-a0d7-91a6937a21c5-131069414635328","trial_id":200,"param_name":"sub","param_value_internal":1,"distribution":"{\"name\": \"CategoricalDistribution\", \"attributes\": {\"choices\": [32, 64]}}"}
{"op_code":8,"worker_id":"045c6a49-06dc-488c-a0d7-91a6937a21c5-131069414635328","trial_id":200,"user_attr":{"token":"tsweep_t64x64k32g14s64"}}
{"op_code":4,"worker_id":"045c6a49-06dc-488c-a0d7-91a6937a21c5-131069414635328","study_id":0,"datetime_start":"2026-07-24T01:35:57.371057"}
{"op_code":9,"worker_id":"045c6a49-06dc-488c-a0d7-91a6937a21c5-131069414635328","trial_id":201,"system_attr":{"tpe:relative_params:0":"{\"gx\": 1, \"gy\": 1, \"k\": 16, \"m\": 64, \"n\": 256, \"sub\": 64}"}}
{"op_code":5,"worker_id":"045c6a49-06dc-488c-a0d7-91a6937a21c5-131069414635328","trial_id":201,"param_name":"m","param_value_internal":2,"distribution":"{\"name\": \"CategoricalDistribution\", \"attributes\": {\"choices\": [16, 32, 64, 128, 256]}}"}
{"op_code":5,"worker_id":"045c6a49-06dc-488c-a0d7-91a6937a21c5-131069414635328","trial_id":201,"param_name":"n","param_value_internal":4,"distribution":"{\"name\": \"CategoricalDistribution\", \"attributes\": {\"choices\": [16, 32, 64, 128, 256]}}"}
{"op_code":5,"worker_id":"045c6a49-06dc-488c-a0d7-91a6937a21c5-131069414635328","trial_id":201,"param_name":"k","param_value_internal":0,"distribution":"{\"name\": \"CategoricalDistribution\", \"attributes\": {\"choices\": [16, 32, 64, 128]}}"}
{"op_code":5,"worker_id":"045c6a49-06dc-488c-a0d7-91a6937a21c5-131069414635328","trial_id":201,"param_name":"gx","param_value_internal":0,"distribution":"{\"name\": \"CategoricalDistribution\", \"attributes\": {\"choices\": [1, 2, 4, 8]}}"}
{"op_code":5,"worker_id":"045c6a49-06dc-488c-a0d7-91a6937a21c5-131069414635328","trial_id":201,"param_name":"gy","param_value_internal":0,"distribution":"{\"name\": \"CategoricalDistribution\", \"attributes\": {\"choices\": [1, 2, 4, 8]}}"}
{"op_code":5,"worker_id":"045c6a49-06dc-488c-a0d7-91a6937a21c5-131069414635328","trial_id":201,"param_name":"sub","param_value_internal":1,"distribution":"{\"name\": \"CategoricalDistribution\", \"attributes\": {\"choices\": [32, 64]}}"}
{"op_code":8,"worker_id":"045c6a49-06dc-488c-a0d7-91a6937a21c5-131069414635328","trial_id":201,"user_attr":{"token":"tsweep_t64x256k16g11s64"}}
{"op_code":4,"worker_id":"045c6a49-06dc-488c-a0d7-91a6937a21c5-131069414635328","study_id":0,"datetime_start":"2026-07-24T01:35:57.395063"}
{"op_code":9,"worker_id":"045c6a49-06dc-488c-a0d7-91a6937a21c5-131069414635328","trial_id":202,"system_attr":{"tpe:relative_params:0":"{\"gx\": 1, \"gy\": 2, \"k\": 16, \"m\": 32, \"n\": 64, \"sub\": 64}"}}
{"op_code":5,"worker_id":"045c6a49-06dc-488c-a0d7-91a6937a21c5-131069414635328","trial_id":202,"param_name":"m","param_value_internal":1,"distribution":"{\"name\": \"CategoricalDistribution\", \"attributes\": {\"choices\": [16, 32, 64, 128, 256]}}"}
{"op_code":5,"worker_id":"045c6a49-06dc-488c-a0d7-91a6937a21c5-131069414635328","trial_id":202,"param_name":"n","param_value_internal":2,"distribution":"{\"name\": \"CategoricalDistribution\", \"attributes\": {\"choices\": [16, 32, 64, 128, 256]}}"}
{"op_code":5,"worker_id":"045c6a49-06dc-488c-a0d7-91a6937a21c5-131069414635328","trial_id":202,"param_name":"k","param_value_internal":0,"distribution":"{\"name\": \"CategoricalDistribution\", \"attributes\": {\"choices\": [16, 32, 64, 128]}}"}
{"op_code":5,"worker_id":"045c6a49-06dc-488c-a0d7-91a6937a21c5-131069414635328","trial_id":202,"param_name":"gx","param_value_internal":0,"distribution":"{\"name\": \"CategoricalDistribution\", \"attributes\": {\"choices\": [1, 2, 4, 8]}}"}
{"op_code":5,"worker_id":"045c6a49-06dc-488c-a0d7-91a6937a21c5-131069414635328","trial_id":202,"param_name":"gy","param_value_internal":1,"distribution":"{\"name\": \"CategoricalDistribution\", \"attributes\": {\"choices\": [1, 2, 4, 8]}}"}
{"op_code":5,"worker_id":"045c6a49-06dc-488c-a0d7-91a6937a21c5-131069414635328","trial_id":202,"param_name":"sub","param_value_internal":1,"distribution":"{\"name\": \"CategoricalDistribution\", \"attributes\": {\"choices\": [32, 64]}}"}
{"op_code":6,"worker_id":"045c6a49-06dc-488c-a0d7-91a6937a21c5-131069414635328","trial_id":202,"state":2,"values":null,"datetime_complete":"2026-07-24T01:35:57.418482"}
{"op_code":4,"worker_id":"045c6a49-06dc-488c-a0d7-91a6937a21c5-131069414635328","study_id":0,"datetime_start":"2026-07-24T01:35:57.420476"}
{"op_code":9,"worker_id":"045c6a49-06dc-488c-a0d7-91a6937a21c5-131069414635328","trial_id":203,"system_attr":{"tpe:relative_params:0":"{\"gx\": 2, \"gy\": 2, \"k\": 64, \"m\": 256, \"n\": 64, \"sub\": 32}"}}
{"op_code":5,"worker_id":"045c6a49-06dc-488c-a0d7-91a6937a21c5-131069414635328","trial_id":203,"param_name":"m","param_value_internal":4,"distribution":"{\"name\": \"CategoricalDistribution\", \"attributes\": {\"choices\": [16, 32, 64, 128, 256]}}"}
{"op_code":5,"worker_id":"045c6a49-06dc-488c-a0d7-91a6937a21c5-131069414635328","trial_id":203,"param_name":"n","param_value_internal":2,"distribution":"{\"name\": \"CategoricalDistribution\", \"attributes\": {\"choices\": [16, 32, 64, 128, 256]}}"}
{"op_code":5,"worker_id":"045c6a49-06dc-488c-a0d7-91a6937a21c5-131069414635328","trial_id":203,"param_name":"k","param_value_internal":2,"distribution":"{\"name\": \"CategoricalDistribution\", \"attributes\": {\"choices\": [16, 32, 64, 128]}}"}
{"op_code":5,"worker_id":"045c6a49-06dc-488c-a0d7-91a6937a21c5-131069414635328","trial_id":203,"param_name":"gx","param_value_internal":1,"distribution":"{\"name\": \"CategoricalDistribution\", \"attributes\": {\"choices\": [1, 2, 4, 8]}}"}
{"op_code":5,"worker_id":"045c6a49-06dc-488c-a0d7-91a6937a21c5-131069414635328","trial_id":203,"param_name":"gy","param_value_internal":1,"distribution":"{\"name\": \"CategoricalDistribution\", \"attributes\": {\"choices\": [1, 2, 4, 8]}}"}
{"op_code":5,"worker_id":"045c6a49-06dc-488c-a0d7-91a6937a21c5-131069414635328","trial_id":203,"param_name":"sub","param_value_internal":0,"distribution":"{\"name\": \"CategoricalDistribution\", \"attributes\": {\"choices\": [32, 64]}}"}
{"op_code":6,"worker_id":"045c6a49-06dc-488c-a0d7-91a6937a21c5-131069414635328","trial_id":203,"state":2,"values":null,"datetime_complete":"2026-07-24T01:35:57.443104"}
{"op_code":4,"worker_id":"045c6a49-06dc-488c-a0d7-91a6937a21c5-131069414635328","study_id":0,"datetime_start":"2026-07-24T01:35:57.445186"}
{"op_code":9,"worker_id":"045c6a49-06dc-488c-a0d7-91a6937a21c5-131069414635328","trial_id":204,"system_attr":{"tpe:relative_params:0":"{\"gx\": 2, \"gy\": 1, \"k\": 64, \"m\": 128, \"n\": 64, \"sub\": 32}"}}
{"op_code":5,"worker_id":"045c6a49-06dc-488c-a0d7-91a6937a21c5-131069414635328","trial_id":204,"param_name":"m","param_value_internal":3,"distribution":"{\"name\": \"CategoricalDistribution\", \"attributes\": {\"choices\": [16, 32, 64, 128, 256]}}"}
{"op_code":5,"worker_id":"045c6a49-06dc-488c-a0d7-91a6937a21c5-131069414635328","trial_id":204,"param_name":"n","param_value_internal":2,"distribution":"{\"name\": \"CategoricalDistribution\", \"attributes\": {\"choices\": [16, 32, 64, 128, 256]}}"}
{"op_code":5,"worker_id":"045c6a49-06dc-488c-a0d7-91a6937a21c5-131069414635328","trial_id":204,"param_name":"k","param_value_internal":2,"distribution":"{\"name\": \"CategoricalDistribution\", \"attributes\": {\"choices\": [16, 32, 64, 128]}}"}
{"op_code":5,"worker_id":"045c6a49-06dc-488c-a0d7-91a6937a21c5-131069414635328","trial_id":204,"param_name":"gx","param_value_internal":1,"distribution":"{\"name\": \"CategoricalDistribution\", \"attributes\": {\"choices\": [1, 2, 4, 8]}}"}
{"op_code":5,"worker_id":"045c6a49-06dc-488c-a0d7-91a6937a21c5-131069414635328","trial_id":204,"param_name":"gy","param_value_internal":0,"distribution":"{\"name\": \"CategoricalDistribution\", \"attributes\": {\"choices\": [1, 2, 4, 8]}}"}
{"op_code":5,"worker_id":"045c6a49-06dc-488c-a0d7-91a6937a21c5-131069414635328","trial_id":204,"param_name":"sub","param_value_internal":0,"distribution":"{\"name\": \"CategoricalDistribution\", \"attributes\": {\"choices\": [32, 64]}}"}
{"op_code":6,"worker_id":"045c6a49-06dc-488c-a0d7-91a6937a21c5-131069414635328","trial_id":204,"state":2,"values":null,"datetime_complete":"2026-07-24T01:35:57.468373"}
{"op_code":4,"worker_id":"045c6a49-06dc-488c-a0d7-91a6937a21c5-131069414635328","study_id":0,"datetime_start":"2026-07-24T01:35:57.470495"}
{"op_code":9,"worker_id":"045c6a49-06dc-488c-a0d7-91a6937a21c5-131069414635328","trial_id":205,"system_attr":{"tpe:relative_params:0":"{\"gx\": 2, \"gy\": 4, \"k\": 16, \"m\": 64, \"n\": 64, \"sub\": 64}"}}
{"op_code":5,"worker_id":"045c6a49-06dc-488c-a0d7-91a6937a21c5-131069414635328","trial_id":205,"param_name":"m","param_value_internal":2,"distribution":"{\"name\": \"CategoricalDistribution\", \"attributes\": {\"choices\": [16, 32, 64, 128, 256]}}"}
{"op_code":5,"worker_id":"045c6a49-06dc-488c-a0d7-91a6937a21c5-131069414635328","trial_id":205,"param_name":"n","param_value_internal":2,"distribution":"{\"name\": \"CategoricalDistribution\", \"attributes\": {\"choices\": [16, 32, 64, 128, 256]}}"}
{"op_code":5,"worker_id":"045c6a49-06dc-488c-a0d7-91a6937a21c5-131069414635328","trial_id":205,"param_name":"k","param_value_internal":0,"distribution":"{\"name\": \"CategoricalDistribution\", \"attributes\": {\"choices\": [16, 32, 64, 128]}}"}
{"op_code":5,"worker_id":"045c6a49-06dc-488c-a0d7-91a6937a21c5-131069414635328","trial_id":205,"param_name":"gx","param_value_internal":1,"distribution":"{\"name\": \"CategoricalDistribution\", \"attributes\": {\"choices\": [1, 2, 4, 8]}}"}
{"op_code":5,"worker_id":"045c6a49-06dc-488c-a0d7-91a6937a21c5-131069414635328","trial_id":205,"param_name":"gy","param_value_internal":2,"distribution":"{\"name\": \"CategoricalDistribution\", \"attributes\": {\"choices\": [1, 2, 4, 8]}}"}
{"op_code":5,"worker_id":"045c6a49-06dc-488c-a0d7-91a6937a21c5-131069414635328","trial_id":205,"param_name":"sub","param_value_internal":1,"distribution":"{\"name\": \"CategoricalDistribution\", \"attributes\": {\"choices\": [32, 64]}}"}
{"op_code":6,"worker_id":"045c6a49-06dc-488c-a0d7-91a6937a21c5-131069414635328","trial_id":205,"state":2,"values":null,"datetime_complete":"2026-07-24T01:35:57.493890"}
{"op_code":4,"worker_id":"045c6a49-06dc-488c-a0d7-91a6937a21c5-131069414635328","study_id":0,"datetime_start":"2026-07-24T01:35:57.495937"}
{"op_code":9,"worker_id":"045c6a49-06dc-488c-a0d7-91a6937a21c5-131069414635328","trial_id":206,"system_attr":{"tpe:relative_params:0":"{\"gx\": 2, \"gy\": 8, \"k\": 32, \"m\": 128, \"n\": 64, \"sub\": 32}"}}
{"op_code":5,"worker_id":"045c6a49-06dc-488c-a0d7-91a6937a21c5-131069414635328","trial_id":206,"param_name":"m","param_value_internal":3,"distribution":"{\"name\": \"CategoricalDistribution\", \"attributes\": {\"choices\": [16, 32, 64, 128, 256]}}"}
{"op_code":5,"worker_id":"045c6a49-06dc-488c-a0d7-91a6937a21c5-131069414635328","trial_id":206,"param_name":"n","param_value_internal":2,"distribution":"{\"name\": \"CategoricalDistribution\", \"attributes\": {\"choices\": [16, 32, 64, 128, 256]}}"}
{"op_code":5,"worker_id":"045c6a49-06dc-488c-a0d7-91a6937a21c5-131069414635328","trial_id":206,"param_name":"k","param_value_internal":1,"distribution":"{\"name\": \"CategoricalDistribution\", \"attributes\": {\"choices\": [16, 32, 64, 128]}}"}
{"op_code":5,"worker_id":"045c6a49-06dc-488c-a0d7-91a6937a21c5-131069414635328","trial_id":206,"param_name":"gx","param_value_internal":1,"distribution":"{\"name\": \"CategoricalDistribution\", \"attributes\": {\"choices\": [1, 2, 4, 8]}}"}
{"op_code":5,"worker_id":"045c6a49-06dc-488c-a0d7-91a6937a21c5-131069414635328","trial_id":206,"param_name":"gy","param_value_internal":3,"distribution":"{\"name\": \"CategoricalDistribution\", \"attributes\": {\"choices\": [1, 2, 4, 8]}}"}
{"op_code":5,"worker_id":"045c6a49-06dc-488c-a0d7-91a6937a21c5-131069414635328","trial_id":206,"param_name":"sub","param_value_internal":0,"distribution":"{\"name\": \"CategoricalDistribution\", \"attributes\": {\"choices\": [32, 64]}}"}
{"op_code":6,"worker_id":"045c6a49-06dc-488c-a0d7-91a6937a21c5-131069414635328","trial_id":206,"state":2,"values":null,"datetime_complete":"2026-07-24T01:35:57.520636"}
{"op_code":4,"worker_id":"045c6a49-06dc-488c-a0d7-91a6937a21c5-131069414635328","study_id":0,"datetime_start":"2026-07-24T01:35:57.522824"}
{"op_code":9,"worker_id":"045c6a49-06dc-488c-a0d7-91a6937a21c5-131069414635328","trial_id":207,"system_attr":{"tpe:relative_params:0":"{\"gx\": 2, \"gy\": 1, \"k\": 32, \"m\": 64, \"n\": 64, \"sub\": 32}"}}
{"op_code":5,"worker_id":"045c6a49-06dc-488c-a0d7-91a6937a21c5-131069414635328","trial_id":207,"param_name":"m","param_value_internal":2,"distribution":"{\"name\": \"CategoricalDistribution\", \"attributes\": {\"choices\": [16, 32, 64, 128, 256]}}"}
{"op_code":5,"worker_id":"045c6a49-06dc-488c-a0d7-91a6937a21c5-131069414635328","trial_id":207,"param_name":"n","param_value_internal":2,"distribution":"{\"name\": \"CategoricalDistribution\", \"attributes\": {\"choices\": [16, 32, 64, 128, 256]}}"}
{"op_code":5,"worker_id":"045c6a49-06dc-488c-a0d7-91a6937a21c5-131069414635328","trial_id":207,"param_name":"k","param_value_internal":1,"distribution":"{\"name\": \"CategoricalDistribution\", \"attributes\": {\"choices\": [16, 32, 64, 128]}}"}
{"op_code":5,"worker_id":"045c6a49-06dc-488c-a0d7-91a6937a21c5-131069414635328","trial_id":207,"param_name":"gx","param_value_internal":1,"distribution":"{\"name\": \"CategoricalDistribution\", \"attributes\": {\"choices\": [1, 2, 4, 8]}}"}
{"op_code":5,"worker_id":"045c6a49-06dc-488c-a0d7-91a6937a21c5-131069414635328","trial_id":207,"param_name":"gy","param_value_internal":0,"distribution":"{\"name\": \"CategoricalDistribution\", \"attributes\": {\"choices\": [1, 2, 4, 8]}}"}
{"op_code":5,"worker_id":"045c6a49-06dc-488c-a0d7-91a6937a21c5-131069414635328","trial_id":207,"param_name":"sub","param_value_internal":0,"distribution":"{\"name\": \"CategoricalDistribution\", \"attributes\": {\"choices\": [32, 64]}}"}
{"op_code":8,"worker_id":"045c6a49-06dc-488c-a0d7-91a6937a21c5-131069414635328","trial_id":207,"user_attr":{"token":"tsweep_t64x64k32g21s32"}}
{"op_code":4,"worker_id":"045c6a49-06dc-488c-a0d7-91a6937a21c5-131069414635328","study_id":0,"datetime_start":"2026-07-24T01:35:57.547593"}
{"op_code":9,"worker_id":"045c6a49-06dc-488c-a0d7-91a6937a21c5-131069414635328","trial_id":208,"system_attr":{"tpe:relative_params:0":"{\"gx\": 2, \"gy\": 1, \"k\": 32, \"m\": 128, \"n\": 256, \"sub\": 32}"}}
{"op_code":5,"worker_id":"045c6a49-06dc-488c-a0d7-91a6937a21c5-131069414635328","trial_id":208,"param_name":"m","param_value_internal":3,"distribution":"{\"name\": \"CategoricalDistribution\", \"attributes\": {\"choices\": [16, 32, 64, 128, 256]}}"}
{"op_code":5,"worker_id":"045c6a49-06dc-488c-a0d7-91a6937a21c5-131069414635328","trial_id":208,"param_name":"n","param_value_internal":4,"distribution":"{\"name\": \"CategoricalDistribution\", \"attributes\": {\"choices\": [16, 32, 64, 128, 256]}}"}
{"op_code":5,"worker_id":"045c6a49-06dc-488c-a0d7-91a6937a21c5-131069414635328","trial_id":208,"param_name":"k","param_value_internal":1,"distribution":"{\"name\": \"CategoricalDistribution\", \"attributes\": {\"choices\": [16, 32, 64, 128]}}"}
{"op_code":5,"worker_id":"045c6a49-06dc-488c-a0d7-91a6937a21c5-131069414635328","trial_id":208,"param_name":"gx","param_value_internal":1,"distribution":"{\"name\": \"CategoricalDistribution\", \"attributes\": {\"choices\": [1, 2, 4, 8]}}"}
{"op_code":5,"worker_id":"045c6a49-06dc-488c-a0d7-91a6937a21c5-131069414635328","trial_id":208,"param_name":"gy","param_value_internal":0,"distribution":"{\"name\": \"CategoricalDistribution\", \"attributes\": {\"choices\": [1, 2, 4, 8]}}"}
{"op_code":5,"worker_id":"045c6a49-06dc-488c-a0d7-91a6937a21c5-131069414635328","trial_id":208,"param_name":"sub","param_value_internal":0,"distribution":"{\"name\": \"CategoricalDistribution\", \"attributes\": {\"choices\": [32, 64]}}"}
{"op_code":8,"worker_id":"045c6a49-06dc-488c-a0d7-91a6937a21c5-131069414635328","trial_id":208,"user_attr":{"token":"tsweep_t128x256k32g21s32"}}
{"op_code":4,"worker_id":"045c6a49-06dc-488c-a0d7-91a6937a21c5-131069414635328","study_id":0,"datetime_start":"2026-07-24T01:35:57.571394"}
{"op_code":9,"worker_id":"045c6a49-06dc-488c-a0d7-91a6937a21c5-131069414635328","trial_id":209,"system_attr":{"tpe:relative_params:0":"{\"gx\": 2, \"gy\": 1, \"k\": 128, \"m\": 128, \"n\": 64, \"sub\": 64}"}}
{"op_code":5,"worker_id":"045c6a49-06dc-488c-a0d7-91a6937a21c5-131069414635328","trial_id":209,"param_name":"m","param_value_internal":3,"distribution":"{\"name\": \"CategoricalDistribution\", \"attributes\": {\"choices\": [16, 32, 64, 128, 256]}}"}
{"op_code":5,"worker_id":"045c6a49-06dc-488c-a0d7-91a6937a21c5-131069414635328","trial_id":209,"param_name":"n","param_value_internal":2,"distribution":"{\"name\": \"CategoricalDistribution\", \"attributes\": {\"choices\": [16, 32, 64, 128, 256]}}"}
{"op_code":5,"worker_id":"045c6a49-06dc-488c-a0d7-91a6937a21c5-131069414635328","trial_id":209,"param_name":"k","param_value_internal":3,"distribution":"{\"name\": \"CategoricalDistribution\", \"attributes\": {\"choices\": [16, 32, 64, 128]}}"}
{"op_code":5,"worker_id":"045c6a49-06dc-488c-a0d7-91a6937a21c5-131069414635328","trial_id":209,"param_name":"gx","param_value_internal":1,"distribution":"{\"name\": \"CategoricalDistribution\", \"attributes\": {\"choices\": [1, 2, 4, 8]}}"}
{"op_code":5,"worker_id":"045c6a49-06dc-488c-a0d7-91a6937a21c5-131069414635328","trial_id":209,"param_name":"gy","param_value_internal":0,"distribution":"{\"name\": \"CategoricalDistribution\", \"attributes\": {\"choices\": [1, 2, 4, 8]}}"}
{"op_code":5,"worker_id":"045c6a49-06dc-488c-a0d7-91a6937a21c5-131069414635328","trial_id":209,"param_name":"sub","param_value_internal":1,"distribution":"{\"name\": \"CategoricalDistribution\", \"attributes\": {\"choices\": [32, 64]}}"}
{"op_code":6,"worker_id":"045c6a49-06dc-488c-a0d7-91a6937a21c5-131069414635328","trial_id":209,"state":2,"values":null,"datetime_complete":"2026-07-24T01:35:57.595005"}
{"op_code":4,"worker_id":"045c6a49-06dc-488c-a0d7-91a6937a21c5-131069414635328","study_id":0,"datetime_start":"2026-07-24T01:35:57.597067"}
{"op_code":9,"worker_id":"045c6a49-06dc-488c-a0d7-91a6937a21c5-131069414635328","trial_id":210,"system_attr":{"tpe:relative_params:0":"{\"gx\": 1, \"gy\": 1, \"k\": 16, \"m\": 16, \"n\": 16, \"sub\": 32}"}}
{"op_code":5,"worker_id":"045c6a49-06dc-488c-a0d7-91a6937a21c5-131069414635328","trial_id":210,"param_name":"m","param_value_internal":0,"distribution":"{\"name\": \"CategoricalDistribution\", \"attributes\": {\"choices\": [16, 32, 64, 128, 256]}}"}
{"op_code":5,"worker_id":"045c6a49-06dc-488c-a0d7-91a6937a21c5-131069414635328","trial_id":210,"param_name":"n","param_value_internal":0,"distribution":"{\"name\": \"CategoricalDistribution\", \"attributes\": {\"choices\": [16, 32, 64, 128, 256]}}"}
{"op_code":5,"worker_id":"045c6a49-06dc-488c-a0d7-91a6937a21c5-131069414635328","trial_id":210,"param_name":"k","param_value_internal":0,"distribution":"{\"name\": \"CategoricalDistribution\", \"attributes\": {\"choices\": [16, 32, 64, 128]}}"}
{"op_code":5,"worker_id":"045c6a49-06dc-488c-a0d7-91a6937a21c5-131069414635328","trial_id":210,"param_name":"gx","param_value_internal":0,"distribution":"{\"name\": \"CategoricalDistribution\", \"attributes\": {\"choices\": [1, 2, 4, 8]}}"}
{"op_code":5,"worker_id":"045c6a49-06dc-488c-a0d7-91a6937a21c5-131069414635328","trial_id":210,"param_name":"gy","param_value_internal":0,"distribution":"{\"name\": \"CategoricalDistribution\", \"attributes\": {\"choices\": [1, 2, 4, 8]}}"}
{"op_code":5,"worker_id":"045c6a49-06dc-488c-a0d7-91a6937a21c5-131069414635328","trial_id":210,"param_name":"sub","param_value_internal":0,"distribution":"{\"name\": \"CategoricalDistribution\", \"attributes\": {\"choices\": [32, 64]}}"}
{"op_code":8,"worker_id":"045c6a49-06dc-488c-a0d7-91a6937a21c5-131069414635328","trial_id":210,"user_attr":{"token":"tsweep_t16x16k16g11s32"}}
{"op_code":6,"worker_id":"045c6a49-06dc-488c-a0d7-91a6937a21c5-131069414635328","trial_id":174,"state":2,"values":null,"datetime_complete":"2026-07-24T01:36:42.261026"}
{"op_code":6,"worker_id":"045c6a49-06dc-488c-a0d7-91a6937a21c5-131069414635328","trial_id":179,"state":1,"values":[1053.5],"datetime_complete":"2026-07-24T01:37:06.798513"}
{"op_code":6,"worker_id":"045c6a49-06dc-488c-a0d7-91a6937a21c5-131069414635328","trial_id":180,"state":1,"values":[1230.77],"datetime_complete":"2026-07-24T01:37:36.535149"}
{"op_code":6,"worker_id":"045c6a49-06dc-488c-a0d7-91a6937a21c5-131069414635328","trial_id":182,"state":1,"values":[1284.82],"datetime_complete":"2026-07-24T01:38:00.464305"}
{"op_code":6,"worker_id":"045c6a49-06dc-488c-a0d7-91a6937a21c5-131069414635328","trial_id":184,"state":1,"values":[1125.89],"datetime_complete":"2026-07-24T01:38:33.089564"}
{"op_code":6,"worker_id":"045c6a49-06dc-488c-a0d7-91a6937a21c5-131069414635328","trial_id":189,"state":1,"values":[1441.24],"datetime_complete":"2026-07-24T01:38:57.421348"}
{"op_code":6,"worker_id":"045c6a49-06dc-488c-a0d7-91a6937a21c5-131069414635328","trial_id":191,"state":1,"values":[1289.67],"datetime_complete":"2026-07-24T01:39:30.307414"}
{"op_code":6,"worker_id":"045c6a49-06dc-488c-a0d7-91a6937a21c5-131069414635328","trial_id":192,"state":1,"values":[786.482],"datetime_complete":"2026-07-24T01:40:00.631256"}
{"op_code":6,"worker_id":"045c6a49-06dc-488c-a0d7-91a6937a21c5-131069414635328","trial_id":193,"state":1,"values":[1231.51],"datetime_complete":"2026-07-24T01:40:32.707051"}
{"op_code":6,"worker_id":"045c6a49-06dc-488c-a0d7-91a6937a21c5-131069414635328","trial_id":194,"state":1,"values":[1221.96],"datetime_complete":"2026-07-24T01:41:03.061490"}
{"op_code":6,"worker_id":"045c6a49-06dc-488c-a0d7-91a6937a21c5-131069414635328","trial_id":196,"state":1,"values":[1094.6],"datetime_complete":"2026-07-24T01:41:30.879784"}
{"op_code":6,"worker_id":"045c6a49-06dc-488c-a0d7-91a6937a21c5-131069414635328","trial_id":200,"state":1,"values":[1083.02],"datetime_complete":"2026-07-24T01:41:59.765008"}
{"op_code":6,"worker_id":"045c6a49-06dc-488c-a0d7-91a6937a21c5-131069414635328","trial_id":201,"state":2,"values":null,"datetime_complete":"2026-07-24T01:42:09.941886"}
{"op_code":6,"worker_id":"045c6a49-06dc-488c-a0d7-91a6937a21c5-131069414635328","trial_id":207,"state":1,"values":[1278.4],"datetime_complete":"2026-07-24T01:42:35.705661"}
{"op_code":6,"worker_id":"045c6a49-06dc-488c-a0d7-91a6937a21c5-131069414635328","trial_id":208,"state":2,"values":null,"datetime_complete":"2026-07-24T01:42:46.409203"}
{"op_code":6,"worker_id":"045c6a49-06dc-488c-a0d7-91a6937a21c5-131069414635328","trial_id":210,"state":1,"values":[536.688],"datetime_complete":"2026-07-24T01:43:18.942688"}
