{"op_code":0,"worker_id":"a9a919f8-fdbd-4401-9bce-e556fa4aa967-139275528476480","study_name":"q4gsw_dbuf4_samsung-xclipse-970-debug08-bf70c579c33-dbuf4","directions":[2]}
{"op_code":4,"worker_id":"a9a919f8-fdbd-4401-9bce-e556fa4aa967-139275528476480","study_id":0,"datetime_start":null,"state":4,"value":null,"values":null,"distributions":{},"params":{},"user_attrs":{},"system_attrs":{"fixed_params":{"m":128,"n":128,"k":16,"gx":2,"gy":2,"sub":32}},"intermediate_values":{}}
{"op_code":6,"worker_id":"a9a919f8-fdbd-4401-9bce-e556fa4aa967-139275528476480","trial_id":0,"state":0,"values":null,"datetime_start":"2026-08-07T13:06:43.483288"}
{"op_code":5,"worker_id":"a9a919f8-fdbd-4401-9bce-e556fa4aa967-139275528476480","trial_id":0,"param_name":"m","param_value_internal":3,"distribution":"{\"name\": \"CategoricalDistribution\", \"attributes\": {\"choices\": [16, 32, 64, 128, 256]}}"}
{"op_code":5,"worker_id":"a9a919f8-fdbd-4401-9bce-e556fa4aa967-139275528476480","trial_id":0,"param_name":"n","param_value_internal":3,"distribution":"{\"name\": \"CategoricalDistribution\", \"attributes\": {\"choices\": [16, 32, 64, 128, 256]}}"}
{"op_code":5,"worker_id":"a9a919f8-fdbd-4401-9bce-e556fa4aa967-139275528476480","trial_id":0,"param_name":"k","param_value_internal":0,"distribution":"{\"name\": \"CategoricalDistribution\", \"attributes\": {\"choices\": [16, 32, 64, 128]}}"}
{"op_code":5,"worker_id":"a9a919f8-fdbd-4401-9bce-e556fa4aa967-139275528476480","trial_id":0,"param_name":"gx","param_value_internal":1,"distribution":"{\"name\": \"CategoricalDistribution\", \"attributes\": {\"choices\": [1, 2, 4, 8]}}"}
{"op_code":5,"worker_id":"a9a919f8-fdbd-4401-9bce-e556fa4aa967-139275528476480","trial_id":0,"param_name":"gy","param_value_internal":1,"distribution":"{\"name\": \"CategoricalDistribution\", \"attributes\": {\"choices\": [1, 2, 4, 8]}}"}
{"op_code":5,"worker_id":"a9a919f8-fdbd-4401-9bce-e556fa4aa967-139275528476480","trial_id":0,"param_name":"sub","param_value_internal":0,"distribution":"{\"name\": \"CategoricalDistribution\", \"attributes\": {\"choices\": [32, 64]}}"}
{"op_code":8,"worker_id":"a9a919f8-fdbd-4401-9bce-e556fa4aa967-139275528476480","trial_id":0,"user_attr":{"token":"tsweep_dbuf4_t128x128k16g22s32"}}
{"op_code":4,"worker_id":"a9a919f8-fdbd-4401-9bce-e556fa4aa967-139275528476480","study_id":0,"datetime_start":"2026-08-07T13:06:43.496384"}
{"op_code":5,"worker_id":"a9a919f8-fdbd-4401-9bce-e556fa4aa967-139275528476480","trial_id":1,"param_name":"m","param_value_internal":2,"distribution":"{\"name\": \"CategoricalDistribution\", \"attributes\": {\"choices\": [16, 32, 64, 128, 256]}}"}
{"op_code":5,"worker_id":"a9a919f8-fdbd-4401-9bce-e556fa4aa967-139275528476480","trial_id":1,"param_name":"n","param_value_internal":3,"distribution":"{\"name\": \"CategoricalDistribution\", \"attributes\": {\"choices\": [16, 32, 64, 128, 256]}}"}
{"op_code":5,"worker_id":"a9a919f8-fdbd-4401-9bce-e556fa4aa967-139275528476480","trial_id":1,"param_name":"k","param_value_internal":0,"distribution":"{\"name\": \"CategoricalDistribution\", \"attributes\": {\"choices\": [16, 32, 64, 128]}}"}
{"op_code":5,"worker_id":"a9a919f8-fdbd-4401-9bce-e556fa4aa967-139275528476480","trial_id":1,"param_name":"gx","param_value_internal":3,"distribution":"{\"name\": \"CategoricalDistribution\", \"attributes\": {\"choices\": [1, 2, 4, 8]}}"}
{"op_code":5,"worker_id":"a9a919f8-fdbd-4401-9bce-e556fa4aa967-139275528476480","trial_id":1,"param_name":"gy","param_value_internal":2,"distribution":"{\"name\": \"CategoricalDistribution\", \"attributes\": {\"choices\": [1, 2, 4, 8]}}"}
{"op_code":5,"worker_id":"a9a919f8-fdbd-4401-9bce-e556fa4aa967-139275528476480","trial_id":1,"param_name":"sub","param_value_internal":0,"distribution":"{\"name\": \"CategoricalDistribution\", \"attributes\": {\"choices\": [32, 64]}}"}
{"op_code":6,"worker_id":"a9a919f8-fdbd-4401-9bce-e556fa4aa967-139275528476480","trial_id":1,"state":2,"values":null,"datetime_complete":"2026-08-07T13:06:43.508651"}
{"op_code":4,"worker_id":"a9a919f8-fdbd-4401-9bce-e556fa4aa967-139275528476480","study_id":0,"datetime_start":"2026-08-07T13:06:43.510657"}
{"op_code":5,"worker_id":"a9a919f8-fdbd-4401-9bce-e556fa4aa967-139275528476480","trial_id":2,"param_name":"m","param_value_internal":0,"distribution":"{\"name\": \"CategoricalDistribution\", \"attributes\": {\"choices\": [16, 32, 64, 128, 256]}}"}
{"op_code":5,"worker_id":"a9a919f8-fdbd-4401-9bce-e556fa4aa967-139275528476480","trial_id":2,"param_name":"n","param_value_internal":1,"distribution":"{\"name\": \"CategoricalDistribution\", \"attributes\": {\"choices\": [16, 32, 64, 128, 256]}}"}
{"op_code":5,"worker_id":"a9a919f8-fdbd-4401-9bce-e556fa4aa967-139275528476480","trial_id":2,"param_name":"k","param_value_internal":2,"distribution":"{\"name\": \"CategoricalDistribution\", \"attributes\": {\"choices\": [16, 32, 64, 128]}}"}
{"op_code":5,"worker_id":"a9a919f8-fdbd-4401-9bce-e556fa4aa967-139275528476480","trial_id":2,"param_name":"gx","param_value_internal":2,"distribution":"{\"name\": \"CategoricalDistribution\", \"attributes\": {\"choices\": [1, 2, 4, 8]}}"}
{"op_code":5,"worker_id":"a9a919f8-fdbd-4401-9bce-e556fa4aa967-139275528476480","trial_id":2,"param_name":"gy","param_value_internal":0,"distribution":"{\"name\": \"CategoricalDistribution\", \"attributes\": {\"choices\": [1, 2, 4, 8]}}"}
{"op_code":5,"worker_id":"a9a919f8-fdbd-4401-9bce-e556fa4aa967-139275528476480","trial_id":2,"param_name":"sub","param_value_internal":1,"distribution":"{\"name\": \"CategoricalDistribution\", \"attributes\": {\"choices\": [32, 64]}}"}
{"op_code":6,"worker_id":"a9a919f8-fdbd-4401-9bce-e556fa4aa967-139275528476480","trial_id":2,"state":2,"values":null,"datetime_complete":"2026-08-07T13:06:43.524089"}
{"op_code":4,"worker_id":"a9a919f8-fdbd-4401-9bce-e556fa4aa967-139275528476480","study_id":0,"datetime_start":"2026-08-07T13:06:43.526201"}
{"op_code":5,"worker_id":"a9a919f8-fdbd-4401-9bce-e556fa4aa967-139275528476480","trial_id":3,"param_name":"m","param_value_internal":2,"distribution":"{\"name\": \"CategoricalDistribution\", \"attributes\": {\"choices\": [16, 32, 64, 128, 256]}}"}
{"op_code":5,"worker_id":"a9a919f8-fdbd-4401-9bce-e556fa4aa967-139275528476480","trial_id":3,"param_name":"n","param_value_internal":4,"distribution":"{\"name\": \"CategoricalDistribution\", \"attributes\": {\"choices\": [16, 32, 64, 128, 256]}}"}
{"op_code":5,"worker_id":"a9a919f8-fdbd-4401-9bce-e556fa4aa967-139275528476480","trial_id":3,"param_name":"k","param_value_internal":0,"distribution":"{\"name\": \"CategoricalDistribution\", \"attributes\": {\"choices\": [16, 32, 64, 128]}}"}
{"op_code":5,"worker_id":"a9a919f8-fdbd-4401-9bce-e556fa4aa967-139275528476480","trial_id":3,"param_name":"gx","param_value_internal":3,"distribution":"{\"name\": \"CategoricalDistribution\", \"attributes\": {\"choices\": [1, 2, 4, 8]}}"}
{"op_code":5,"worker_id":"a9a919f8-fdbd-4401-9bce-e556fa4aa967-139275528476480","trial_id":3,"param_name":"gy","param_value_internal":1,"distribution":"{\"name\": \"CategoricalDistribution\", \"attributes\": {\"choices\": [1, 2, 4, 8]}}"}
{"op_code":5,"worker_id":"a9a919f8-fdbd-4401-9bce-e556fa4aa967-139275528476480","trial_id":3,"param_name":"sub","param_value_internal":0,"distribution":"{\"name\": \"CategoricalDistribution\", \"attributes\": {\"choices\": [32, 64]}}"}
{"op_code":6,"worker_id":"a9a919f8-fdbd-4401-9bce-e556fa4aa967-139275528476480","trial_id":3,"state":2,"values":null,"datetime_complete":"2026-08-07T13:06:43.539326"}
{"op_code":4,"worker_id":"a9a919f8-fdbd-4401-9bce-e556fa4aa967-139275528476480","study_id":0,"datetime_start":"2026-08-07T13:06:43.541191"}
{"op_code":5,"worker_id":"a9a919f8-fdbd-4401-9bce-e556fa4aa967-139275528476480","trial_id":4,"param_name":"m","param_value_internal":4,"distribution":"{\"name\": \"CategoricalDistribution\", \"attributes\": {\"choices\": [16, 32, 64, 128, 256]}}"}
{"op_code":5,"worker_id":"a9a919f8-fdbd-4401-9bce-e556fa4aa967-139275528476480","trial_id":4,"param_name":"n","param_value_internal":3,"distribution":"{\"name\": \"CategoricalDistribution\", \"attributes\": {\"choices\": [16, 32, 64, 128, 256]}}"}
{"op_code":5,"worker_id":"a9a919f8-fdbd-4401-9bce-e556fa4aa967-139275528476480","trial_id":4,"param_name":"k","param_value_internal":2,"distribution":"{\"name\": \"CategoricalDistribution\", \"attributes\": {\"choices\": [16, 32, 64, 128]}}"}
{"op_code":5,"worker_id":"a9a919f8-fdbd-4401-9bce-e556fa4aa967-139275528476480","trial_id":4,"param_name":"gx","param_value_internal":2,"distribution":"{\"name\": \"CategoricalDistribution\", \"attributes\": {\"choices\": [1, 2, 4, 8]}}"}
{"op_code":5,"worker_id":"a9a919f8-fdbd-4401-9bce-e556fa4aa967-139275528476480","trial_id":4,"param_name":"gy","param_value_internal":2,"distribution":"{\"name\": \"CategoricalDistribution\", \"attributes\": {\"choices\": [1, 2, 4, 8]}}"}
{"op_code":5,"worker_id":"a9a919f8-fdbd-4401-9bce-e556fa4aa967-139275528476480","trial_id":4,"param_name":"sub","param_value_internal":0,"distribution":"{\"name\": \"CategoricalDistribution\", \"attributes\": {\"choices\": [32, 64]}}"}
{"op_code":6,"worker_id":"a9a919f8-fdbd-4401-9bce-e556fa4aa967-139275528476480","trial_id":4,"state":2,"values":null,"datetime_complete":"2026-08-07T13:06:43.554593"}
{"op_code":4,"worker_id":"a9a919f8-fdbd-4401-9bce-e556fa4aa967-139275528476480","study_id":0,"datetime_start":"2026-08-07T13:06:43.556596"}
{"op_code":5,"worker_id":"a9a919f8-fdbd-4401-9bce-e556fa4aa967-139275528476480","trial_id":5,"param_name":"m","param_value_internal":2,"distribution":"{\"name\": \"CategoricalDistribution\", \"attributes\": {\"choices\": [16, 32, 64, 128, 256]}}"}
{"op_code":5,"worker_id":"a9a919f8-fdbd-4401-9bce-e556fa4aa967-139275528476480","trial_id":5,"param_name":"n","param_value_internal":2,"distribution":"{\"name\": \"CategoricalDistribution\", \"attributes\": {\"choices\": [16, 32, 64, 128, 256]}}"}
{"op_code":5,"worker_id":"a9a919f8-fdbd-4401-9bce-e556fa4aa967-139275528476480","trial_id":5,"param_name":"k","param_value_internal":3,"distribution":"{\"name\": \"CategoricalDistribution\", \"attributes\": {\"choices\": [16, 32, 64, 128]}}"}
{"op_code":5,"worker_id":"a9a919f8-fdbd-4401-9bce-e556fa4aa967-139275528476480","trial_id":5,"param_name":"gx","param_value_internal":2,"distribution":"{\"name\": \"CategoricalDistribution\", \"attributes\": {\"choices\": [1, 2, 4, 8]}}"}
{"op_code":5,"worker_id":"a9a919f8-fdbd-4401-9bce-e556fa4aa967-139275528476480","trial_id":5,"param_name":"gy","param_value_internal":2,"distribution":"{\"name\": \"CategoricalDistribution\", \"attributes\": {\"choices\": [1, 2, 4, 8]}}"}
{"op_code":5,"worker_id":"a9a919f8-fdbd-4401-9bce-e556fa4aa967-139275528476480","trial_id":5,"param_name":"sub","param_value_internal":1,"distribution":"{\"name\": \"CategoricalDistribution\", \"attributes\": {\"choices\": [32, 64]}}"}
{"op_code":6,"worker_id":"a9a919f8-fdbd-4401-9bce-e556fa4aa967-139275528476480","trial_id":5,"state":2,"values":null,"datetime_complete":"2026-08-07T13:06:43.570464"}
{"op_code":4,"worker_id":"a9a919f8-fdbd-4401-9bce-e556fa4aa967-139275528476480","study_id":0,"datetime_start":"2026-08-07T13:06:43.572511"}
{"op_code":5,"worker_id":"a9a919f8-fdbd-4401-9bce-e556fa4aa967-139275528476480","trial_id":6,"param_name":"m","param_value_internal":4,"distribution":"{\"name\": \"CategoricalDistribution\", \"attributes\": {\"choices\": [16, 32, 64, 128, 256]}}"}
{"op_code":5,"worker_id":"a9a919f8-fdbd-4401-9bce-e556fa4aa967-139275528476480","trial_id":6,"param_name":"n","param_value_internal":2,"distribution":"{\"name\": \"CategoricalDistribution\", \"attributes\": {\"choices\": [16, 32, 64, 128, 256]}}"}
{"op_code":5,"worker_id":"a9a919f8-fdbd-4401-9bce-e556fa4aa967-139275528476480","trial_id":6,"param_name":"k","param_value_internal":3,"distribution":"{\"name\": \"CategoricalDistribution\", \"attributes\": {\"choices\": [16, 32, 64, 128]}}"}
{"op_code":5,"worker_id":"a9a919f8-fdbd-4401-9bce-e556fa4aa967-139275528476480","trial_id":6,"param_name":"gx","param_value_internal":0,"distribution":"{\"name\": \"CategoricalDistribution\", \"attributes\": {\"choices\": [1, 2, 4, 8]}}"}
{"op_code":5,"worker_id":"a9a919f8-fdbd-4401-9bce-e556fa4aa967-139275528476480","trial_id":6,"param_name":"gy","param_value_internal":1,"distribution":"{\"name\": \"CategoricalDistribution\", \"attributes\": {\"choices\": [1, 2, 4, 8]}}"}
{"op_code":5,"worker_id":"a9a919f8-fdbd-4401-9bce-e556fa4aa967-139275528476480","trial_id":6,"param_name":"sub","param_value_internal":1,"distribution":"{\"name\": \"CategoricalDistribution\", \"attributes\": {\"choices\": [32, 64]}}"}
{"op_code":6,"worker_id":"a9a919f8-fdbd-4401-9bce-e556fa4aa967-139275528476480","trial_id":6,"state":2,"values":null,"datetime_complete":"2026-08-07T13:06:43.585848"}
{"op_code":4,"worker_id":"a9a919f8-fdbd-4401-9bce-e556fa4aa967-139275528476480","study_id":0,"datetime_start":"2026-08-07T13:06:43.587816"}
{"op_code":5,"worker_id":"a9a919f8-fdbd-4401-9bce-e556fa4aa967-139275528476480","trial_id":7,"param_name":"m","param_value_internal":4,"distribution":"{\"name\": \"CategoricalDistribution\", \"attributes\": {\"choices\": [16, 32, 64, 128, 256]}}"}
{"op_code":5,"worker_id":"a9a919f8-fdbd-4401-9bce-e556fa4aa967-139275528476480","trial_id":7,"param_name":"n","param_value_internal":1,"distribution":"{\"name\": \"CategoricalDistribution\", \"attributes\": {\"choices\": [16, 32, 64, 128, 256]}}"}
{"op_code":5,"worker_id":"a9a919f8-fdbd-4401-9bce-e556fa4aa967-139275528476480","trial_id":7,"param_name":"k","param_value_internal":2,"distribution":"{\"name\": \"CategoricalDistribution\", \"attributes\": {\"choices\": [16, 32, 64, 128]}}"}
{"op_code":5,"worker_id":"a9a919f8-fdbd-4401-9bce-e556fa4aa967-139275528476480","trial_id":7,"param_name":"gx","param_value_internal":1,"distribution":"{\"name\": \"CategoricalDistribution\", \"attributes\": {\"choices\": [1, 2, 4, 8]}}"}
{"op_code":5,"worker_id":"a9a919f8-fdbd-4401-9bce-e556fa4aa967-139275528476480","trial_id":7,"param_name":"gy","param_value_internal":0,"distribution":"{\"name\": \"CategoricalDistribution\", \"attributes\": {\"choices\": [1, 2, 4, 8]}}"}
{"op_code":5,"worker_id":"a9a919f8-fdbd-4401-9bce-e556fa4aa967-139275528476480","trial_id":7,"param_name":"sub","param_value_internal":1,"distribution":"{\"name\": \"CategoricalDistribution\", \"attributes\": {\"choices\": [32, 64]}}"}
{"op_code":6,"worker_id":"a9a919f8-fdbd-4401-9bce-e556fa4aa967-139275528476480","trial_id":7,"state":2,"values":null,"datetime_complete":"2026-08-07T13:06:43.600438"}
{"op_code":4,"worker_id":"a9a919f8-fdbd-4401-9bce-e556fa4aa967-139275528476480","study_id":0,"datetime_start":"2026-08-07T13:06:43.602518"}
{"op_code":5,"worker_id":"a9a919f8-fdbd-4401-9bce-e556fa4aa967-139275528476480","trial_id":8,"param_name":"m","param_value_internal":1,"distribution":"{\"name\": \"CategoricalDistribution\", \"attributes\": {\"choices\": [16, 32, 64, 128, 256]}}"}
{"op_code":5,"worker_id":"a9a919f8-fdbd-4401-9bce-e556fa4aa967-139275528476480","trial_id":8,"param_name":"n","param_value_internal":1,"distribution":"{\"name\": \"CategoricalDistribution\", \"attributes\": {\"choices\": [16, 32, 64, 128, 256]}}"}
{"op_code":5,"worker_id":"a9a919f8-fdbd-4401-9bce-e556fa4aa967-139275528476480","trial_id":8,"param_name":"k","param_value_internal":1,"distribution":"{\"name\": \"CategoricalDistribution\", \"attributes\": {\"choices\": [16, 32, 64, 128]}}"}
{"op_code":5,"worker_id":"a9a919f8-fdbd-4401-9bce-e556fa4aa967-139275528476480","trial_id":8,"param_name":"gx","param_value_internal":2,"distribution":"{\"name\": \"CategoricalDistribution\", \"attributes\": {\"choices\": [1, 2, 4, 8]}}"}
{"op_code":5,"worker_id":"a9a919f8-fdbd-4401-9bce-e556fa4aa967-139275528476480","trial_id":8,"param_name":"gy","param_value_internal":1,"distribution":"{\"name\": \"CategoricalDistribution\", \"attributes\": {\"choices\": [1, 2, 4, 8]}}"}
{"op_code":5,"worker_id":"a9a919f8-fdbd-4401-9bce-e556fa4aa967-139275528476480","trial_id":8,"param_name":"sub","param_value_internal":0,"distribution":"{\"name\": \"CategoricalDistribution\", \"attributes\": {\"choices\": [32, 64]}}"}
{"op_code":6,"worker_id":"a9a919f8-fdbd-4401-9bce-e556fa4aa967-139275528476480","trial_id":8,"state":2,"values":null,"datetime_complete":"2026-08-07T13:06:43.614808"}
{"op_code":4,"worker_id":"a9a919f8-fdbd-4401-9bce-e556fa4aa967-139275528476480","study_id":0,"datetime_start":"2026-08-07T13:06:43.616741"}
{"op_code":5,"worker_id":"a9a919f8-fdbd-4401-9bce-e556fa4aa967-139275528476480","trial_id":9,"param_name":"m","param_value_internal":3,"distribution":"{\"name\": \"CategoricalDistribution\", \"attributes\": {\"choices\": [16, 32, 64, 128, 256]}}"}
{"op_code":5,"worker_id":"a9a919f8-fdbd-4401-9bce-e556fa4aa967-139275528476480","trial_id":9,"param_name":"n","param_value_internal":0,"distribution":"{\"name\": \"CategoricalDistribution\", \"attributes\": {\"choices\": [16, 32, 64, 128, 256]}}"}
{"op_code":5,"worker_id":"a9a919f8-fdbd-4401-9bce-e556fa4aa967-139275528476480","trial_id":9,"param_name":"k","param_value_internal":2,"distribution":"{\"name\": \"CategoricalDistribution\", \"attributes\": {\"choices\": [16, 32, 64, 128]}}"}
{"op_code":5,"worker_id":"a9a919f8-fdbd-4401-9bce-e556fa4aa967-139275528476480","trial_id":9,"param_name":"gx","param_value_internal":3,"distribution":"{\"name\": \"CategoricalDistribution\", \"attributes\": {\"choices\": [1, 2, 4, 8]}}"}
{"op_code":5,"worker_id":"a9a919f8-fdbd-4401-9bce-e556fa4aa967-139275528476480","trial_id":9,"param_name":"gy","param_value_internal":2,"distribution":"{\"name\": \"CategoricalDistribution\", \"attributes\": {\"choices\": [1, 2, 4, 8]}}"}
{"op_code":5,"worker_id":"a9a919f8-fdbd-4401-9bce-e556fa4aa967-139275528476480","trial_id":9,"param_name":"sub","param_value_internal":0,"distribution":"{\"name\": \"CategoricalDistribution\", \"attributes\": {\"choices\": [32, 64]}}"}
{"op_code":6,"worker_id":"a9a919f8-fdbd-4401-9bce-e556fa4aa967-139275528476480","trial_id":9,"state":2,"values":null,"datetime_complete":"2026-08-07T13:06:43.629450"}
{"op_code":4,"worker_id":"a9a919f8-fdbd-4401-9bce-e556fa4aa967-139275528476480","study_id":0,"datetime_start":"2026-08-07T13:06:43.631387"}
{"op_code":5,"worker_id":"a9a919f8-fdbd-4401-9bce-e556fa4aa967-139275528476480","trial_id":10,"param_name":"m","param_value_internal":0,"distribution":"{\"name\": \"CategoricalDistribution\", \"attributes\": {\"choices\": [16, 32, 64, 128, 256]}}"}
{"op_code":5,"worker_id":"a9a919f8-fdbd-4401-9bce-e556fa4aa967-139275528476480","trial_id":10,"param_name":"n","param_value_internal":1,"distribution":"{\"name\": \"CategoricalDistribution\", \"attributes\": {\"choices\": [16, 32, 64, 128, 256]}}"}
{"op_code":5,"worker_id":"a9a919f8-fdbd-4401-9bce-e556fa4aa967-139275528476480","trial_id":10,"param_name":"k","param_value_internal":3,"distribution":"{\"name\": \"CategoricalDistribution\", \"attributes\": {\"choices\": [16, 32, 64, 128]}}"}
{"op_code":5,"worker_id":"a9a919f8-fdbd-4401-9bce-e556fa4aa967-139275528476480","trial_id":10,"param_name":"gx","param_value_internal":0,"distribution":"{\"name\": \"CategoricalDistribution\", \"attributes\": {\"choices\": [1, 2, 4, 8]}}"}
{"op_code":5,"worker_id":"a9a919f8-fdbd-4401-9bce-e556fa4aa967-139275528476480","trial_id":10,"param_name":"gy","param_value_internal":3,"distribution":"{\"name\": \"CategoricalDistribution\", \"attributes\": {\"choices\": [1, 2, 4, 8]}}"}
{"op_code":5,"worker_id":"a9a919f8-fdbd-4401-9bce-e556fa4aa967-139275528476480","trial_id":10,"param_name":"sub","param_value_internal":0,"distribution":"{\"name\": \"CategoricalDistribution\", \"attributes\": {\"choices\": [32, 64]}}"}
{"op_code":6,"worker_id":"a9a919f8-fdbd-4401-9bce-e556fa4aa967-139275528476480","trial_id":10,"state":2,"values":null,"datetime_complete":"2026-08-07T13:06:43.643957"}
{"op_code":4,"worker_id":"a9a919f8-fdbd-4401-9bce-e556fa4aa967-139275528476480","study_id":0,"datetime_start":"2026-08-07T13:06:43.645839"}
{"op_code":9,"worker_id":"a9a919f8-fdbd-4401-9bce-e556fa4aa967-139275528476480","trial_id":11,"system_attr":{"tpe:relative_params:0":"{\"gx\": 4, \"gy\": 1, \"k\": 16, \"m\": 64, \"n\": 128, \"sub\": 32}"}}
{"op_code":5,"worker_id":"a9a919f8-fdbd-4401-9bce-e556fa4aa967-139275528476480","trial_id":11,"param_name":"m","param_value_internal":2,"distribution":"{\"name\": \"CategoricalDistribution\", \"attributes\": {\"choices\": [16, 32, 64, 128, 256]}}"}
{"op_code":5,"worker_id":"a9a919f8-fdbd-4401-9bce-e556fa4aa967-139275528476480","trial_id":11,"param_name":"n","param_value_internal":3,"distribution":"{\"name\": \"CategoricalDistribution\", \"attributes\": {\"choices\": [16, 32, 64, 128, 256]}}"}
{"op_code":5,"worker_id":"a9a919f8-fdbd-4401-9bce-e556fa4aa967-139275528476480","trial_id":11,"param_name":"k","param_value_internal":0,"distribution":"{\"name\": \"CategoricalDistribution\", \"attributes\": {\"choices\": [16, 32, 64, 128]}}"}
{"op_code":5,"worker_id":"a9a919f8-fdbd-4401-9bce-e556fa4aa967-139275528476480","trial_id":11,"param_name":"gx","param_value_internal":2,"distribution":"{\"name\": \"CategoricalDistribution\", \"attributes\": {\"choices\": [1, 2, 4, 8]}}"}
{"op_code":5,"worker_id":"a9a919f8-fdbd-4401-9bce-e556fa4aa967-139275528476480","trial_id":11,"param_name":"gy","param_value_internal":0,"distribution":"{\"name\": \"CategoricalDistribution\", \"attributes\": {\"choices\": [1, 2, 4, 8]}}"}
{"op_code":5,"worker_id":"a9a919f8-fdbd-4401-9bce-e556fa4aa967-139275528476480","trial_id":11,"param_name":"sub","param_value_internal":0,"distribution":"{\"name\": \"CategoricalDistribution\", \"attributes\": {\"choices\": [32, 64]}}"}
{"op_code":8,"worker_id":"a9a919f8-fdbd-4401-9bce-e556fa4aa967-139275528476480","trial_id":11,"user_attr":{"token":"tsweep_dbuf4_t64x128k16g41s32"}}
{"op_code":4,"worker_id":"a9a919f8-fdbd-4401-9bce-e556fa4aa967-139275528476480","study_id":0,"datetime_start":"2026-08-07T13:06:43.663130"}
{"op_code":9,"worker_id":"a9a919f8-fdbd-4401-9bce-e556fa4aa967-139275528476480","trial_id":12,"system_attr":{"tpe:relative_params:0":"{\"gx\": 8, \"gy\": 4, \"k\": 128, \"m\": 64, \"n\": 128, \"sub\": 32}"}}
{"op_code":5,"worker_id":"a9a919f8-fdbd-4401-9bce-e556fa4aa967-139275528476480","trial_id":12,"param_name":"m","param_value_internal":2,"distribution":"{\"name\": \"CategoricalDistribution\", \"attributes\": {\"choices\": [16, 32, 64, 128, 256]}}"}
{"op_code":5,"worker_id":"a9a919f8-fdbd-4401-9bce-e556fa4aa967-139275528476480","trial_id":12,"param_name":"n","param_value_internal":3,"distribution":"{\"name\": \"CategoricalDistribution\", \"attributes\": {\"choices\": [16, 32, 64, 128, 256]}}"}
{"op_code":5,"worker_id":"a9a919f8-fdbd-4401-9bce-e556fa4aa967-139275528476480","trial_id":12,"param_name":"k","param_value_internal":3,"distribution":"{\"name\": \"CategoricalDistribution\", \"attributes\": {\"choices\": [16, 32, 64, 128]}}"}
{"op_code":5,"worker_id":"a9a919f8-fdbd-4401-9bce-e556fa4aa967-139275528476480","trial_id":12,"param_name":"gx","param_value_internal":3,"distribution":"{\"name\": \"CategoricalDistribution\", \"attributes\": {\"choices\": [1, 2, 4, 8]}}"}
{"op_code":5,"worker_id":"a9a919f8-fdbd-4401-9bce-e556fa4aa967-139275528476480","trial_id":12,"param_name":"gy","param_value_internal":2,"distribution":"{\"name\": \"CategoricalDistribution\", \"attributes\": {\"choices\": [1, 2, 4, 8]}}"}
{"op_code":5,"worker_id":"a9a919f8-fdbd-4401-9bce-e556fa4aa967-139275528476480","trial_id":12,"param_name":"sub","param_value_internal":0,"distribution":"{\"name\": \"CategoricalDistribution\", \"attributes\": {\"choices\": [32, 64]}}"}
{"op_code":6,"worker_id":"a9a919f8-fdbd-4401-9bce-e556fa4aa967-139275528476480","trial_id":12,"state":2,"values":null,"datetime_complete":"2026-08-07T13:06:43.678306"}
{"op_code":4,"worker_id":"a9a919f8-fdbd-4401-9bce-e556fa4aa967-139275528476480","study_id":0,"datetime_start":"2026-08-07T13:06:43.679917"}
{"op_code":9,"worker_id":"a9a919f8-fdbd-4401-9bce-e556fa4aa967-139275528476480","trial_id":13,"system_attr":{"tpe:relative_params:0":"{\"gx\": 8, \"gy\": 4, \"k\": 16, \"m\": 64, \"n\": 128, \"sub\": 64}"}}
{"op_code":5,"worker_id":"a9a919f8-fdbd-4401-9bce-e556fa4aa967-139275528476480","trial_id":13,"param_name":"m","param_value_internal":2,"distribution":"{\"name\": \"CategoricalDistribution\", \"attributes\": {\"choices\": [16, 32, 64, 128, 256]}}"}
{"op_code":5,"worker_id":"a9a919f8-fdbd-4401-9bce-e556fa4aa967-139275528476480","trial_id":13,"param_name":"n","param_value_internal":3,"distribution":"{\"name\": \"CategoricalDistribution\", \"attributes\": {\"choices\": [16, 32, 64, 128, 256]}}"}
{"op_code":5,"worker_id":"a9a919f8-fdbd-4401-9bce-e556fa4aa967-139275528476480","trial_id":13,"param_name":"k","param_value_internal":0,"distribution":"{\"name\": \"CategoricalDistribution\", \"attributes\": {\"choices\": [16, 32, 64, 128]}}"}
{"op_code":5,"worker_id":"a9a919f8-fdbd-4401-9bce-e556fa4aa967-139275528476480","trial_id":13,"param_name":"gx","param_value_internal":3,"distribution":"{\"name\": \"CategoricalDistribution\", \"attributes\": {\"choices\": [1, 2, 4, 8]}}"}
{"op_code":5,"worker_id":"a9a919f8-fdbd-4401-9bce-e556fa4aa967-139275528476480","trial_id":13,"param_name":"gy","param_value_internal":2,"distribution":"{\"name\": \"CategoricalDistribution\", \"attributes\": {\"choices\": [1, 2, 4, 8]}}"}
{"op_code":5,"worker_id":"a9a919f8-fdbd-4401-9bce-e556fa4aa967-139275528476480","trial_id":13,"param_name":"sub","param_value_internal":1,"distribution":"{\"name\": \"CategoricalDistribution\", \"attributes\": {\"choices\": [32, 64]}}"}
{"op_code":6,"worker_id":"a9a919f8-fdbd-4401-9bce-e556fa4aa967-139275528476480","trial_id":13,"state":2,"values":null,"datetime_complete":"2026-08-07T13:06:43.695643"}
{"op_code":4,"worker_id":"a9a919f8-fdbd-4401-9bce-e556fa4aa967-139275528476480","study_id":0,"datetime_start":"2026-08-07T13:06:43.697476"}
{"op_code":9,"worker_id":"a9a919f8-fdbd-4401-9bce-e556fa4aa967-139275528476480","trial_id":14,"system_attr":{"tpe:relative_params:0":"{\"gx\": 4, \"gy\": 1, \"k\": 64, \"m\": 16, \"n\": 32, \"sub\": 64}"}}
{"op_code":5,"worker_id":"a9a919f8-fdbd-4401-9bce-e556fa4aa967-139275528476480","trial_id":14,"param_name":"m","param_value_internal":0,"distribution":"{\"name\": \"CategoricalDistribution\", \"attributes\": {\"choices\": [16, 32, 64, 128, 256]}}"}
{"op_code":5,"worker_id":"a9a919f8-fdbd-4401-9bce-e556fa4aa967-139275528476480","trial_id":14,"param_name":"n","param_value_internal":1,"distribution":"{\"name\": \"CategoricalDistribution\", \"attributes\": {\"choices\": [16, 32, 64, 128, 256]}}"}
{"op_code":5,"worker_id":"a9a919f8-fdbd-4401-9bce-e556fa4aa967-139275528476480","trial_id":14,"param_name":"k","param_value_internal":2,"distribution":"{\"name\": \"CategoricalDistribution\", \"attributes\": {\"choices\": [16, 32, 64, 128]}}"}
{"op_code":5,"worker_id":"a9a919f8-fdbd-4401-9bce-e556fa4aa967-139275528476480","trial_id":14,"param_name":"gx","param_value_internal":2,"distribution":"{\"name\": \"CategoricalDistribution\", \"attributes\": {\"choices\": [1, 2, 4, 8]}}"}
{"op_code":5,"worker_id":"a9a919f8-fdbd-4401-9bce-e556fa4aa967-139275528476480","trial_id":14,"param_name":"gy","param_value_internal":0,"distribution":"{\"name\": \"CategoricalDistribution\", \"attributes\": {\"choices\": [1, 2, 4, 8]}}"}
{"op_code":5,"worker_id":"a9a919f8-fdbd-4401-9bce-e556fa4aa967-139275528476480","trial_id":14,"param_name":"sub","param_value_internal":1,"distribution":"{\"name\": \"CategoricalDistribution\", \"attributes\": {\"choices\": [32, 64]}}"}
{"op_code":6,"worker_id":"a9a919f8-fdbd-4401-9bce-e556fa4aa967-139275528476480","trial_id":14,"state":2,"values":null,"datetime_complete":"2026-08-07T13:06:43.712631"}
{"op_code":4,"worker_id":"a9a919f8-fdbd-4401-9bce-e556fa4aa967-139275528476480","study_id":0,"datetime_start":"2026-08-07T13:06:43.714489"}
{"op_code":9,"worker_id":"a9a919f8-fdbd-4401-9bce-e556fa4aa967-139275528476480","trial_id":15,"system_attr":{"tpe:relative_params:0":"{\"gx\": 8, \"gy\": 4, \"k\": 16, \"m\": 16, \"n\": 128, \"sub\": 32}"}}
{"op_code":5,"worker_id":"a9a919f8-fdbd-4401-9bce-e556fa4aa967-139275528476480","trial_id":15,"param_name":"m","param_value_internal":0,"distribution":"{\"name\": \"CategoricalDistribution\", \"attributes\": {\"choices\": [16, 32, 64, 128, 256]}}"}
{"op_code":5,"worker_id":"a9a919f8-fdbd-4401-9bce-e556fa4aa967-139275528476480","trial_id":15,"param_name":"n","param_value_internal":3,"distribution":"{\"name\": \"CategoricalDistribution\", \"attributes\": {\"choices\": [16, 32, 64, 128, 256]}}"}
{"op_code":5,"worker_id":"a9a919f8-fdbd-4401-9bce-e556fa4aa967-139275528476480","trial_id":15,"param_name":"k","param_value_internal":0,"distribution":"{\"name\": \"CategoricalDistribution\", \"attributes\": {\"choices\": [16, 32, 64, 128]}}"}
{"op_code":5,"worker_id":"a9a919f8-fdbd-4401-9bce-e556fa4aa967-139275528476480","trial_id":15,"param_name":"gx","param_value_internal":3,"distribution":"{\"name\": \"CategoricalDistribution\", \"attributes\": {\"choices\": [1, 2, 4, 8]}}"}
{"op_code":5,"worker_id":"a9a919f8-fdbd-4401-9bce-e556fa4aa967-139275528476480","trial_id":15,"param_name":"gy","param_value_internal":2,"distribution":"{\"name\": \"CategoricalDistribution\", \"attributes\": {\"choices\": [1, 2, 4, 8]}}"}
{"op_code":5,"worker_id":"a9a919f8-fdbd-4401-9bce-e556fa4aa967-139275528476480","trial_id":15,"param_name":"sub","param_value_internal":0,"distribution":"{\"name\": \"CategoricalDistribution\", \"attributes\": {\"choices\": [32, 64]}}"}
{"op_code":6,"worker_id":"a9a919f8-fdbd-4401-9bce-e556fa4aa967-139275528476480","trial_id":15,"state":2,"values":null,"datetime_complete":"2026-08-07T13:06:43.735514"}
{"op_code":4,"worker_id":"a9a919f8-fdbd-4401-9bce-e556fa4aa967-139275528476480","study_id":0,"datetime_start":"2026-08-07T13:06:43.738002"}
{"op_code":9,"worker_id":"a9a919f8-fdbd-4401-9bce-e556fa4aa967-139275528476480","trial_id":16,"system_attr":{"tpe:relative_params:0":"{\"gx\": 4, \"gy\": 2, \"k\": 32, \"m\": 16, \"n\": 128, \"sub\": 64}"}}
{"op_code":5,"worker_id":"a9a919f8-fdbd-4401-9bce-e556fa4aa967-139275528476480","trial_id":16,"param_name":"m","param_value_internal":0,"distribution":"{\"name\": \"CategoricalDistribution\", \"attributes\": {\"choices\": [16, 32, 64, 128, 256]}}"}
{"op_code":5,"worker_id":"a9a919f8-fdbd-4401-9bce-e556fa4aa967-139275528476480","trial_id":16,"param_name":"n","param_value_internal":3,"distribution":"{\"name\": \"CategoricalDistribution\", \"attributes\": {\"choices\": [16, 32, 64, 128, 256]}}"}
{"op_code":5,"worker_id":"a9a919f8-fdbd-4401-9bce-e556fa4aa967-139275528476480","trial_id":16,"param_name":"k","param_value_internal":1,"distribution":"{\"name\": \"CategoricalDistribution\", \"attributes\": {\"choices\": [16, 32, 64, 128]}}"}
{"op_code":5,"worker_id":"a9a919f8-fdbd-4401-9bce-e556fa4aa967-139275528476480","trial_id":16,"param_name":"gx","param_value_internal":2,"distribution":"{\"name\": \"CategoricalDistribution\", \"attributes\": {\"choices\": [1, 2, 4, 8]}}"}
{"op_code":5,"worker_id":"a9a919f8-fdbd-4401-9bce-e556fa4aa967-139275528476480","trial_id":16,"param_name":"gy","param_value_internal":1,"distribution":"{\"name\": \"CategoricalDistribution\", \"attributes\": {\"choices\": [1, 2, 4, 8]}}"}
{"op_code":5,"worker_id":"a9a919f8-fdbd-4401-9bce-e556fa4aa967-139275528476480","trial_id":16,"param_name":"sub","param_value_internal":1,"distribution":"{\"name\": \"CategoricalDistribution\", \"attributes\": {\"choices\": [32, 64]}}"}
{"op_code":6,"worker_id":"a9a919f8-fdbd-4401-9bce-e556fa4aa967-139275528476480","trial_id":16,"state":2,"values":null,"datetime_complete":"2026-08-07T13:06:43.759194"}
{"op_code":4,"worker_id":"a9a919f8-fdbd-4401-9bce-e556fa4aa967-139275528476480","study_id":0,"datetime_start":"2026-08-07T13:06:43.761394"}
{"op_code":9,"worker_id":"a9a919f8-fdbd-4401-9bce-e556fa4aa967-139275528476480","trial_id":17,"system_attr":{"tpe:relative_params:0":"{\"gx\": 8, \"gy\": 2, \"k\": 64, \"m\": 16, \"n\": 16, \"sub\": 64}"}}
{"op_code":5,"worker_id":"a9a919f8-fdbd-4401-9bce-e556fa4aa967-139275528476480","trial_id":17,"param_name":"m","param_value_internal":0,"distribution":"{\"name\": \"CategoricalDistribution\", \"attributes\": {\"choices\": [16, 32, 64, 128, 256]}}"}
{"op_code":5,"worker_id":"a9a919f8-fdbd-4401-9bce-e556fa4aa967-139275528476480","trial_id":17,"param_name":"n","param_value_internal":0,"distribution":"{\"name\": \"CategoricalDistribution\", \"attributes\": {\"choices\": [16, 32, 64, 128, 256]}}"}
{"op_code":5,"worker_id":"a9a919f8-fdbd-4401-9bce-e556fa4aa967-139275528476480","trial_id":17,"param_name":"k","param_value_internal":2,"distribution":"{\"name\": \"CategoricalDistribution\", \"attributes\": {\"choices\": [16, 32, 64, 128]}}"}
{"op_code":5,"worker_id":"a9a919f8-fdbd-4401-9bce-e556fa4aa967-139275528476480","trial_id":17,"param_name":"gx","param_value_internal":3,"distribution":"{\"name\": \"CategoricalDistribution\", \"attributes\": {\"choices\": [1, 2, 4, 8]}}"}
{"op_code":5,"worker_id":"a9a919f8-fdbd-4401-9bce-e556fa4aa967-139275528476480","trial_id":17,"param_name":"gy","param_value_internal":1,"distribution":"{\"name\": \"CategoricalDistribution\", \"attributes\": {\"choices\": [1, 2, 4, 8]}}"}
{"op_code":5,"worker_id":"a9a919f8-fdbd-4401-9bce-e556fa4aa967-139275528476480","trial_id":17,"param_name":"sub","param_value_internal":1,"distribution":"{\"name\": \"CategoricalDistribution\", \"attributes\": {\"choices\": [32, 64]}}"}
{"op_code":6,"worker_id":"a9a919f8-fdbd-4401-9bce-e556fa4aa967-139275528476480","trial_id":17,"state":2,"values":null,"datetime_complete":"2026-08-07T13:06:43.779290"}
{"op_code":4,"worker_id":"a9a919f8-fdbd-4401-9bce-e556fa4aa967-139275528476480","study_id":0,"datetime_start":"2026-08-07T13:06:43.781295"}
{"op_code":9,"worker_id":"a9a919f8-fdbd-4401-9bce-e556fa4aa967-139275528476480","trial_id":18,"system_attr":{"tpe:relative_params:0":"{\"gx\": 2, \"gy\": 4, \"k\": 16, \"m\": 64, \"n\": 64, \"sub\": 32}"}}
{"op_code":5,"worker_id":"a9a919f8-fdbd-4401-9bce-e556fa4aa967-139275528476480","trial_id":18,"param_name":"m","param_value_internal":2,"distribution":"{\"name\": \"CategoricalDistribution\", \"attributes\": {\"choices\": [16, 32, 64, 128, 256]}}"}
{"op_code":5,"worker_id":"a9a919f8-fdbd-4401-9bce-e556fa4aa967-139275528476480","trial_id":18,"param_name":"n","param_value_internal":2,"distribution":"{\"name\": \"CategoricalDistribution\", \"attributes\": {\"choices\": [16, 32, 64, 128, 256]}}"}
{"op_code":5,"worker_id":"a9a919f8-fdbd-4401-9bce-e556fa4aa967-139275528476480","trial_id":18,"param_name":"k","param_value_internal":0,"distribution":"{\"name\": \"CategoricalDistribution\", \"attributes\": {\"choices\": [16, 32, 64, 128]}}"}
{"op_code":5,"worker_id":"a9a919f8-fdbd-4401-9bce-e556fa4aa967-139275528476480","trial_id":18,"param_name":"gx","param_value_internal":1,"distribution":"{\"name\": \"CategoricalDistribution\", \"attributes\": {\"choices\": [1, 2, 4, 8]}}"}
{"op_code":5,"worker_id":"a9a919f8-fdbd-4401-9bce-e556fa4aa967-139275528476480","trial_id":18,"param_name":"gy","param_value_internal":2,"distribution":"{\"name\": \"CategoricalDistribution\", \"attributes\": {\"choices\": [1, 2, 4, 8]}}"}
{"op_code":5,"worker_id":"a9a919f8-fdbd-4401-9bce-e556fa4aa967-139275528476480","trial_id":18,"param_name":"sub","param_value_internal":0,"distribution":"{\"name\": \"CategoricalDistribution\", \"attributes\": {\"choices\": [32, 64]}}"}
{"op_code":6,"worker_id":"a9a919f8-fdbd-4401-9bce-e556fa4aa967-139275528476480","trial_id":18,"state":2,"values":null,"datetime_complete":"2026-08-07T13:06:43.799026"}
{"op_code":4,"worker_id":"a9a919f8-fdbd-4401-9bce-e556fa4aa967-139275528476480","study_id":0,"datetime_start":"2026-08-07T13:06:43.801003"}
{"op_code":9,"worker_id":"a9a919f8-fdbd-4401-9bce-e556fa4aa967-139275528476480","trial_id":19,"system_attr":{"tpe:relative_params:0":"{\"gx\": 1, \"gy\": 4, \"k\": 16, \"m\": 256, \"n\": 256, \"sub\": 32}"}}
{"op_code":5,"worker_id":"a9a919f8-fdbd-4401-9bce-e556fa4aa967-139275528476480","trial_id":19,"param_name":"m","param_value_internal":4,"distribution":"{\"name\": \"CategoricalDistribution\", \"attributes\": {\"choices\": [16, 32, 64, 128, 256]}}"}
{"op_code":5,"worker_id":"a9a919f8-fdbd-4401-9bce-e556fa4aa967-139275528476480","trial_id":19,"param_name":"n","param_value_internal":4,"distribution":"{\"name\": \"CategoricalDistribution\", \"attributes\": {\"choices\": [16, 32, 64, 128, 256]}}"}
{"op_code":5,"worker_id":"a9a919f8-fdbd-4401-9bce-e556fa4aa967-139275528476480","trial_id":19,"param_name":"k","param_value_internal":0,"distribution":"{\"name\": \"CategoricalDistribution\", \"attributes\": {\"choices\": [16, 32, 64, 128]}}"}
{"op_code":5,"worker_id":"a9a919f8-fdbd-4401-9bce-e556fa4aa967-139275528476480","trial_id":19,"param_name":"gx","param_value_internal":0,"distribution":"{\"name\": \"CategoricalDistribution\", \"attributes\": {\"choices\": [1, 2, 4, 8]}}"}
{"op_code":5,"worker_id":"a9a919f8-fdbd-4401-9bce-e556fa4aa967-139275528476480","trial_id":19,"param_name":"gy","param_value_internal":2,"distribution":"{\"name\": \"CategoricalDistribution\", \"attributes\": {\"choices\": [1, 2, 4, 8]}}"}
{"op_code":5,"worker_id":"a9a919f8-fdbd-4401-9bce-e556fa4aa967-139275528476480","trial_id":19,"param_name":"sub","param_value_internal":0,"distribution":"{\"name\": \"CategoricalDistribution\", \"attributes\": {\"choices\": [32, 64]}}"}
{"op_code":8,"worker_id":"a9a919f8-fdbd-4401-9bce-e556fa4aa967-139275528476480","trial_id":19,"user_attr":{"token":"tsweep_dbuf4_t256x256k16g14s32"}}
{"op_code":4,"worker_id":"a9a919f8-fdbd-4401-9bce-e556fa4aa967-139275528476480","study_id":0,"datetime_start":"2026-08-07T13:06:43.821201"}
{"op_code":9,"worker_id":"a9a919f8-fdbd-4401-9bce-e556fa4aa967-139275528476480","trial_id":20,"system_attr":{"tpe:relative_params:0":"{\"gx\": 2, \"gy\": 4, \"k\": 32, \"m\": 16, \"n\": 32, \"sub\": 64}"}}
{"op_code":5,"worker_id":"a9a919f8-fdbd-4401-9bce-e556fa4aa967-139275528476480","trial_id":20,"param_name":"m","param_value_internal":0,"distribution":"{\"name\": \"CategoricalDistribution\", \"attributes\": {\"choices\": [16, 32, 64, 128, 256]}}"}
{"op_code":5,"worker_id":"a9a919f8-fdbd-4401-9bce-e556fa4aa967-139275528476480","trial_id":20,"param_name":"n","param_value_internal":1,"distribution":"{\"name\": \"CategoricalDistribution\", \"attributes\": {\"choices\": [16, 32, 64, 128, 256]}}"}
{"op_code":5,"worker_id":"a9a919f8-fdbd-4401-9bce-e556fa4aa967-139275528476480","trial_id":20,"param_name":"k","param_value_internal":1,"distribution":"{\"name\": \"CategoricalDistribution\", \"attributes\": {\"choices\": [16, 32, 64, 128]}}"}
{"op_code":5,"worker_id":"a9a919f8-fdbd-4401-9bce-e556fa4aa967-139275528476480","trial_id":20,"param_name":"gx","param_value_internal":1,"distribution":"{\"name\": \"CategoricalDistribution\", \"attributes\": {\"choices\": [1, 2, 4, 8]}}"}
{"op_code":5,"worker_id":"a9a919f8-fdbd-4401-9bce-e556fa4aa967-139275528476480","trial_id":20,"param_name":"gy","param_value_internal":2,"distribution":"{\"name\": \"CategoricalDistribution\", \"attributes\": {\"choices\": [1, 2, 4, 8]}}"}
{"op_code":5,"worker_id":"a9a919f8-fdbd-4401-9bce-e556fa4aa967-139275528476480","trial_id":20,"param_name":"sub","param_value_internal":1,"distribution":"{\"name\": \"CategoricalDistribution\", \"attributes\": {\"choices\": [32, 64]}}"}
{"op_code":6,"worker_id":"a9a919f8-fdbd-4401-9bce-e556fa4aa967-139275528476480","trial_id":20,"state":2,"values":null,"datetime_complete":"2026-08-07T13:06:43.839931"}
{"op_code":4,"worker_id":"a9a919f8-fdbd-4401-9bce-e556fa4aa967-139275528476480","study_id":0,"datetime_start":"2026-08-07T13:06:43.842064"}
{"op_code":9,"worker_id":"a9a919f8-fdbd-4401-9bce-e556fa4aa967-139275528476480","trial_id":21,"system_attr":{"tpe:relative_params:0":"{\"gx\": 8, \"gy\": 8, \"k\": 32, \"m\": 32, \"n\": 128, \"sub\": 32}"}}
{"op_code":5,"worker_id":"a9a919f8-fdbd-4401-9bce-e556fa4aa967-139275528476480","trial_id":21,"param_name":"m","param_value_internal":1,"distribution":"{\"name\": \"CategoricalDistribution\", \"attributes\": {\"choices\": [16, 32, 64, 128, 256]}}"}
{"op_code":5,"worker_id":"a9a919f8-fdbd-4401-9bce-e556fa4aa967-139275528476480","trial_id":21,"param_name":"n","param_value_internal":3,"distribution":"{\"name\": \"CategoricalDistribution\", \"attributes\": {\"choices\": [16, 32, 64, 128, 256]}}"}
{"op_code":5,"worker_id":"a9a919f8-fdbd-4401-9bce-e556fa4aa967-139275528476480","trial_id":21,"param_name":"k","param_value_internal":1,"distribution":"{\"name\": \"CategoricalDistribution\", \"attributes\": {\"choices\": [16, 32, 64, 128]}}"}
{"op_code":5,"worker_id":"a9a919f8-fdbd-4401-9bce-e556fa4aa967-139275528476480","trial_id":21,"param_name":"gx","param_value_internal":3,"distribution":"{\"name\": \"CategoricalDistribution\", \"attributes\": {\"choices\": [1, 2, 4, 8]}}"}
{"op_code":5,"worker_id":"a9a919f8-fdbd-4401-9bce-e556fa4aa967-139275528476480","trial_id":21,"param_name":"gy","param_value_internal":3,"distribution":"{\"name\": \"CategoricalDistribution\", \"attributes\": {\"choices\": [1, 2, 4, 8]}}"}
{"op_code":5,"worker_id":"a9a919f8-fdbd-4401-9bce-e556fa4aa967-139275528476480","trial_id":21,"param_name":"sub","param_value_internal":0,"distribution":"{\"name\": \"CategoricalDistribution\", \"attributes\": {\"choices\": [32, 64]}}"}
{"op_code":6,"worker_id":"a9a919f8-fdbd-4401-9bce-e556fa4aa967-139275528476480","trial_id":21,"state":2,"values":null,"datetime_complete":"2026-08-07T13:06:43.859758"}
{"op_code":4,"worker_id":"a9a919f8-fdbd-4401-9bce-e556fa4aa967-139275528476480","study_id":0,"datetime_start":"2026-08-07T13:06:43.861760"}
{"op_code":9,"worker_id":"a9a919f8-fdbd-4401-9bce-e556fa4aa967-139275528476480","trial_id":22,"system_attr":{"tpe:relative_params:0":"{\"gx\": 1, \"gy\": 8, \"k\": 64, \"m\": 64, \"n\": 32, \"sub\": 64}"}}
{"op_code":5,"worker_id":"a9a919f8-fdbd-4401-9bce-e556fa4aa967-139275528476480","trial_id":22,"param_name":"m","param_value_internal":2,"distribution":"{\"name\": \"CategoricalDistribution\", \"attributes\": {\"choices\": [16, 32, 64, 128, 256]}}"}
{"op_code":5,"worker_id":"a9a919f8-fdbd-4401-9bce-e556fa4aa967-139275528476480","trial_id":22,"param_name":"n","param_value_internal":1,"distribution":"{\"name\": \"CategoricalDistribution\", \"attributes\": {\"choices\": [16, 32, 64, 128, 256]}}"}
{"op_code":5,"worker_id":"a9a919f8-fdbd-4401-9bce-e556fa4aa967-139275528476480","trial_id":22,"param_name":"k","param_value_internal":2,"distribution":"{\"name\": \"CategoricalDistribution\", \"attributes\": {\"choices\": [16, 32, 64, 128]}}"}
{"op_code":5,"worker_id":"a9a919f8-fdbd-4401-9bce-e556fa4aa967-139275528476480","trial_id":22,"param_name":"gx","param_value_internal":0,"distribution":"{\"name\": \"CategoricalDistribution\", \"attributes\": {\"choices\": [1, 2, 4, 8]}}"}
{"op_code":5,"worker_id":"a9a919f8-fdbd-4401-9bce-e556fa4aa967-139275528476480","trial_id":22,"param_name":"gy","param_value_internal":3,"distribution":"{\"name\": \"CategoricalDistribution\", \"attributes\": {\"choices\": [1, 2, 4, 8]}}"}
{"op_code":5,"worker_id":"a9a919f8-fdbd-4401-9bce-e556fa4aa967-139275528476480","trial_id":22,"param_name":"sub","param_value_internal":1,"distribution":"{\"name\": \"CategoricalDistribution\", \"attributes\": {\"choices\": [32, 64]}}"}
{"op_code":6,"worker_id":"a9a919f8-fdbd-4401-9bce-e556fa4aa967-139275528476480","trial_id":22,"state":2,"values":null,"datetime_complete":"2026-08-07T13:06:43.879005"}
{"op_code":4,"worker_id":"a9a919f8-fdbd-4401-9bce-e556fa4aa967-139275528476480","study_id":0,"datetime_start":"2026-08-07T13:06:43.881008"}
{"op_code":9,"worker_id":"a9a919f8-fdbd-4401-9bce-e556fa4aa967-139275528476480","trial_id":23,"system_attr":{"tpe:relative_params:0":"{\"gx\": 8, \"gy\": 4, \"k\": 16, \"m\": 64, \"n\": 32, \"sub\": 32}"}}
{"op_code":5,"worker_id":"a9a919f8-fdbd-4401-9bce-e556fa4aa967-139275528476480","trial_id":23,"param_name":"m","param_value_internal":2,"distribution":"{\"name\": \"CategoricalDistribution\", \"attributes\": {\"choices\": [16, 32, 64, 128, 256]}}"}
{"op_code":5,"worker_id":"a9a919f8-fdbd-4401-9bce-e556fa4aa967-139275528476480","trial_id":23,"param_name":"n","param_value_internal":1,"distribution":"{\"name\": \"CategoricalDistribution\", \"attributes\": {\"choices\": [16, 32, 64, 128, 256]}}"}
{"op_code":5,"worker_id":"a9a919f8-fdbd-4401-9bce-e556fa4aa967-139275528476480","trial_id":23,"param_name":"k","param_value_internal":0,"distribution":"{\"name\": \"CategoricalDistribution\", \"attributes\": {\"choices\": [16, 32, 64, 128]}}"}
{"op_code":5,"worker_id":"a9a919f8-fdbd-4401-9bce-e556fa4aa967-139275528476480","trial_id":23,"param_name":"gx","param_value_internal":3,"distribution":"{\"name\": \"CategoricalDistribution\", \"attributes\": {\"choices\": [1, 2, 4, 8]}}"}
{"op_code":5,"worker_id":"a9a919f8-fdbd-4401-9bce-e556fa4aa967-139275528476480","trial_id":23,"param_name":"gy","param_value_internal":2,"distribution":"{\"name\": \"CategoricalDistribution\", \"attributes\": {\"choices\": [1, 2, 4, 8]}}"}
{"op_code":5,"worker_id":"a9a919f8-fdbd-4401-9bce-e556fa4aa967-139275528476480","trial_id":23,"param_name":"sub","param_value_internal":0,"distribution":"{\"name\": \"CategoricalDistribution\", \"attributes\": {\"choices\": [32, 64]}}"}
{"op_code":6,"worker_id":"a9a919f8-fdbd-4401-9bce-e556fa4aa967-139275528476480","trial_id":23,"state":2,"values":null,"datetime_complete":"2026-08-07T13:06:43.898942"}
{"op_code":4,"worker_id":"a9a919f8-fdbd-4401-9bce-e556fa4aa967-139275528476480","study_id":0,"datetime_start":"2026-08-07T13:06:43.900851"}
{"op_code":9,"worker_id":"a9a919f8-fdbd-4401-9bce-e556fa4aa967-139275528476480","trial_id":24,"system_attr":{"tpe:relative_params:0":"{\"gx\": 8, \"gy\": 2, \"k\": 16, \"m\": 64, \"n\": 256, \"sub\": 32}"}}
{"op_code":5,"worker_id":"a9a919f8-fdbd-4401-9bce-e556fa4aa967-139275528476480","trial_id":24,"param_name":"m","param_value_internal":2,"distribution":"{\"name\": \"CategoricalDistribution\", \"attributes\": {\"choices\": [16, 32, 64, 128, 256]}}"}
{"op_code":5,"worker_id":"a9a919f8-fdbd-4401-9bce-e556fa4aa967-139275528476480","trial_id":24,"param_name":"n","param_value_internal":4,"distribution":"{\"name\": \"CategoricalDistribution\", \"attributes\": {\"choices\": [16, 32, 64, 128, 256]}}"}
{"op_code":5,"worker_id":"a9a919f8-fdbd-4401-9bce-e556fa4aa967-139275528476480","trial_id":24,"param_name":"k","param_value_internal":0,"distribution":"{\"name\": \"CategoricalDistribution\", \"attributes\": {\"choices\": [16, 32, 64, 128]}}"}
{"op_code":5,"worker_id":"a9a919f8-fdbd-4401-9bce-e556fa4aa967-139275528476480","trial_id":24,"param_name":"gx","param_value_internal":3,"distribution":"{\"name\": \"CategoricalDistribution\", \"attributes\": {\"choices\": [1, 2, 4, 8]}}"}
{"op_code":5,"worker_id":"a9a919f8-fdbd-4401-9bce-e556fa4aa967-139275528476480","trial_id":24,"param_name":"gy","param_value_internal":1,"distribution":"{\"name\": \"CategoricalDistribution\", \"attributes\": {\"choices\": [1, 2, 4, 8]}}"}
{"op_code":5,"worker_id":"a9a919f8-fdbd-4401-9bce-e556fa4aa967-139275528476480","trial_id":24,"param_name":"sub","param_value_internal":0,"distribution":"{\"name\": \"CategoricalDistribution\", \"attributes\": {\"choices\": [32, 64]}}"}
{"op_code":6,"worker_id":"a9a919f8-fdbd-4401-9bce-e556fa4aa967-139275528476480","trial_id":24,"state":2,"values":null,"datetime_complete":"2026-08-07T13:06:43.919830"}
{"op_code":4,"worker_id":"a9a919f8-fdbd-4401-9bce-e556fa4aa967-139275528476480","study_id":0,"datetime_start":"2026-08-07T13:06:43.925217"}
{"op_code":9,"worker_id":"a9a919f8-fdbd-4401-9bce-e556fa4aa967-139275528476480","trial_id":25,"system_attr":{"tpe:relative_params:0":"{\"gx\": 8, \"gy\": 1, \"k\": 16, \"m\": 16, \"n\": 256, \"sub\": 64}"}}
{"op_code":5,"worker_id":"a9a919f8-fdbd-4401-9bce-e556fa4aa967-139275528476480","trial_id":25,"param_name":"m","param_value_internal":0,"distribution":"{\"name\": \"CategoricalDistribution\", \"attributes\": {\"choices\": [16, 32, 64, 128, 256]}}"}
{"op_code":5,"worker_id":"a9a919f8-fdbd-4401-9bce-e556fa4aa967-139275528476480","trial_id":25,"param_name":"n","param_value_internal":4,"distribution":"{\"name\": \"CategoricalDistribution\", \"attributes\": {\"choices\": [16, 32, 64, 128, 256]}}"}
{"op_code":5,"worker_id":"a9a919f8-fdbd-4401-9bce-e556fa4aa967-139275528476480","trial_id":25,"param_name":"k","param_value_internal":0,"distribution":"{\"name\": \"CategoricalDistribution\", \"attributes\": {\"choices\": [16, 32, 64, 128]}}"}
{"op_code":5,"worker_id":"a9a919f8-fdbd-4401-9bce-e556fa4aa967-139275528476480","trial_id":25,"param_name":"gx","param_value_internal":3,"distribution":"{\"name\": \"CategoricalDistribution\", \"attributes\": {\"choices\": [1, 2, 4, 8]}}"}
{"op_code":5,"worker_id":"a9a919f8-fdbd-4401-9bce-e556fa4aa967-139275528476480","trial_id":25,"param_name":"gy","param_value_internal":0,"distribution":"{\"name\": \"CategoricalDistribution\", \"attributes\": {\"choices\": [1, 2, 4, 8]}}"}
{"op_code":5,"worker_id":"a9a919f8-fdbd-4401-9bce-e556fa4aa967-139275528476480","trial_id":25,"param_name":"sub","param_value_internal":1,"distribution":"{\"name\": \"CategoricalDistribution\", \"attributes\": {\"choices\": [32, 64]}}"}
{"op_code":6,"worker_id":"a9a919f8-fdbd-4401-9bce-e556fa4aa967-139275528476480","trial_id":25,"state":2,"values":null,"datetime_complete":"2026-08-07T13:06:43.943832"}
{"op_code":4,"worker_id":"a9a919f8-fdbd-4401-9bce-e556fa4aa967-139275528476480","study_id":0,"datetime_start":"2026-08-07T13:06:43.945911"}
{"op_code":9,"worker_id":"a9a919f8-fdbd-4401-9bce-e556fa4aa967-139275528476480","trial_id":26,"system_attr":{"tpe:relative_params:0":"{\"gx\": 8, \"gy\": 1, \"k\": 32, \"m\": 64, \"n\": 256, \"sub\": 32}"}}
{"op_code":5,"worker_id":"a9a919f8-fdbd-4401-9bce-e556fa4aa967-139275528476480","trial_id":26,"param_name":"m","param_value_internal":2,"distribution":"{\"name\": \"CategoricalDistribution\", \"attributes\": {\"choices\": [16, 32, 64, 128, 256]}}"}
{"op_code":5,"worker_id":"a9a919f8-fdbd-4401-9bce-e556fa4aa967-139275528476480","trial_id":26,"param_name":"n","param_value_internal":4,"distribution":"{\"name\": \"CategoricalDistribution\", \"attributes\": {\"choices\": [16, 32, 64, 128, 256]}}"}
{"op_code":5,"worker_id":"a9a919f8-fdbd-4401-9bce-e556fa4aa967-139275528476480","trial_id":26,"param_name":"k","param_value_internal":1,"distribution":"{\"name\": \"CategoricalDistribution\", \"attributes\": {\"choices\": [16, 32, 64, 128]}}"}
{"op_code":5,"worker_id":"a9a919f8-fdbd-4401-9bce-e556fa4aa967-139275528476480","trial_id":26,"param_name":"gx","param_value_internal":3,"distribution":"{\"name\": \"CategoricalDistribution\", \"attributes\": {\"choices\": [1, 2, 4, 8]}}"}
{"op_code":5,"worker_id":"a9a919f8-fdbd-4401-9bce-e556fa4aa967-139275528476480","trial_id":26,"param_name":"gy","param_value_internal":0,"distribution":"{\"name\": \"CategoricalDistribution\", \"attributes\": {\"choices\": [1, 2, 4, 8]}}"}
{"op_code":5,"worker_id":"a9a919f8-fdbd-4401-9bce-e556fa4aa967-139275528476480","trial_id":26,"param_name":"sub","param_value_internal":0,"distribution":"{\"name\": \"CategoricalDistribution\", \"attributes\": {\"choices\": [32, 64]}}"}
{"op_code":8,"worker_id":"a9a919f8-fdbd-4401-9bce-e556fa4aa967-139275528476480","trial_id":26,"user_attr":{"token":"tsweep_dbuf4_t64x256k32g81s32"}}
{"op_code":4,"worker_id":"a9a919f8-fdbd-4401-9bce-e556fa4aa967-139275528476480","study_id":0,"datetime_start":"2026-08-07T13:06:43.965847"}
{"op_code":9,"worker_id":"a9a919f8-fdbd-4401-9bce-e556fa4aa967-139275528476480","trial_id":27,"system_attr":{"tpe:relative_params:0":"{\"gx\": 4, \"gy\": 1, \"k\": 128, \"m\": 128, \"n\": 32, \"sub\": 64}"}}
{"op_code":5,"worker_id":"a9a919f8-fdbd-4401-9bce-e556fa4aa967-139275528476480","trial_id":27,"param_name":"m","param_value_internal":3,"distribution":"{\"name\": \"CategoricalDistribution\", \"attributes\": {\"choices\": [16, 32, 64, 128, 256]}}"}
{"op_code":5,"worker_id":"a9a919f8-fdbd-4401-9bce-e556fa4aa967-139275528476480","trial_id":27,"param_name":"n","param_value_internal":1,"distribution":"{\"name\": \"CategoricalDistribution\", \"attributes\": {\"choices\": [16, 32, 64, 128, 256]}}"}
{"op_code":5,"worker_id":"a9a919f8-fdbd-4401-9bce-e556fa4aa967-139275528476480","trial_id":27,"param_name":"k","param_value_internal":3,"distribution":"{\"name\": \"CategoricalDistribution\", \"attributes\": {\"choices\": [16, 32, 64, 128]}}"}
{"op_code":5,"worker_id":"a9a919f8-fdbd-4401-9bce-e556fa4aa967-139275528476480","trial_id":27,"param_name":"gx","param_value_internal":2,"distribution":"{\"name\": \"CategoricalDistribution\", \"attributes\": {\"choices\": [1, 2, 4, 8]}}"}
{"op_code":5,"worker_id":"a9a919f8-fdbd-4401-9bce-e556fa4aa967-139275528476480","trial_id":27,"param_name":"gy","param_value_internal":0,"distribution":"{\"name\": \"CategoricalDistribution\", \"attributes\": {\"choices\": [1, 2, 4, 8]}}"}
{"op_code":5,"worker_id":"a9a919f8-fdbd-4401-9bce-e556fa4aa967-139275528476480","trial_id":27,"param_name":"sub","param_value_internal":1,"distribution":"{\"name\": \"CategoricalDistribution\", \"attributes\": {\"choices\": [32, 64]}}"}
{"op_code":6,"worker_id":"a9a919f8-fdbd-4401-9bce-e556fa4aa967-139275528476480","trial_id":27,"state":2,"values":null,"datetime_complete":"2026-08-07T13:06:43.983389"}
{"op_code":4,"worker_id":"a9a919f8-fdbd-4401-9bce-e556fa4aa967-139275528476480","study_id":0,"datetime_start":"2026-08-07T13:06:43.985511"}
{"op_code":9,"worker_id":"a9a919f8-fdbd-4401-9bce-e556fa4aa967-139275528476480","trial_id":28,"system_attr":{"tpe:relative_params:0":"{\"gx\": 8, \"gy\": 2, \"k\": 16, \"m\": 256, \"n\": 16, \"sub\": 32}"}}
{"op_code":5,"worker_id":"a9a919f8-fdbd-4401-9bce-e556fa4aa967-139275528476480","trial_id":28,"param_name":"m","param_value_internal":4,"distribution":"{\"name\": \"CategoricalDistribution\", \"attributes\": {\"choices\": [16, 32, 64, 128, 256]}}"}
{"op_code":5,"worker_id":"a9a919f8-fdbd-4401-9bce-e556fa4aa967-139275528476480","trial_id":28,"param_name":"n","param_value_internal":0,"distribution":"{\"name\": \"CategoricalDistribution\", \"attributes\": {\"choices\": [16, 32, 64, 128, 256]}}"}
{"op_code":5,"worker_id":"a9a919f8-fdbd-4401-9bce-e556fa4aa967-139275528476480","trial_id":28,"param_name":"k","param_value_internal":0,"distribution":"{\"name\": \"CategoricalDistribution\", \"attributes\": {\"choices\": [16, 32, 64, 128]}}"}
{"op_code":5,"worker_id":"a9a919f8-fdbd-4401-9bce-e556fa4aa967-139275528476480","trial_id":28,"param_name":"gx","param_value_internal":3,"distribution":"{\"name\": \"CategoricalDistribution\", \"attributes\": {\"choices\": [1, 2, 4, 8]}}"}
{"op_code":5,"worker_id":"a9a919f8-fdbd-4401-9bce-e556fa4aa967-139275528476480","trial_id":28,"param_name":"gy","param_value_internal":1,"distribution":"{\"name\": \"CategoricalDistribution\", \"attributes\": {\"choices\": [1, 2, 4, 8]}}"}
{"op_code":5,"worker_id":"a9a919f8-fdbd-4401-9bce-e556fa4aa967-139275528476480","trial_id":28,"param_name":"sub","param_value_internal":0,"distribution":"{\"name\": \"CategoricalDistribution\", \"attributes\": {\"choices\": [32, 64]}}"}
{"op_code":6,"worker_id":"a9a919f8-fdbd-4401-9bce-e556fa4aa967-139275528476480","trial_id":28,"state":2,"values":null,"datetime_complete":"2026-08-07T13:06:44.004389"}
{"op_code":4,"worker_id":"a9a919f8-fdbd-4401-9bce-e556fa4aa967-139275528476480","study_id":0,"datetime_start":"2026-08-07T13:06:44.006561"}
{"op_code":9,"worker_id":"a9a919f8-fdbd-4401-9bce-e556fa4aa967-139275528476480","trial_id":29,"system_attr":{"tpe:relative_params:0":"{\"gx\": 8, \"gy\": 8, \"k\": 16, \"m\": 64, \"n\": 128, \"sub\": 32}"}}
{"op_code":5,"worker_id":"a9a919f8-fdbd-4401-9bce-e556fa4aa967-139275528476480","trial_id":29,"param_name":"m","param_value_internal":2,"distribution":"{\"name\": \"CategoricalDistribution\", \"attributes\": {\"choices\": [16, 32, 64, 128, 256]}}"}
{"op_code":5,"worker_id":"a9a919f8-fdbd-4401-9bce-e556fa4aa967-139275528476480","trial_id":29,"param_name":"n","param_value_internal":3,"distribution":"{\"name\": \"CategoricalDistribution\", \"attributes\": {\"choices\": [16, 32, 64, 128, 256]}}"}
{"op_code":5,"worker_id":"a9a919f8-fdbd-4401-9bce-e556fa4aa967-139275528476480","trial_id":29,"param_name":"k","param_value_internal":0,"distribution":"{\"name\": \"CategoricalDistribution\", \"attributes\": {\"choices\": [16, 32, 64, 128]}}"}
{"op_code":5,"worker_id":"a9a919f8-fdbd-4401-9bce-e556fa4aa967-139275528476480","trial_id":29,"param_name":"gx","param_value_internal":3,"distribution":"{\"name\": \"CategoricalDistribution\", \"attributes\": {\"choices\": [1, 2, 4, 8]}}"}
{"op_code":5,"worker_id":"a9a919f8-fdbd-4401-9bce-e556fa4aa967-139275528476480","trial_id":29,"param_name":"gy","param_value_internal":3,"distribution":"{\"name\": \"CategoricalDistribution\", \"attributes\": {\"choices\": [1, 2, 4, 8]}}"}
{"op_code":5,"worker_id":"a9a919f8-fdbd-4401-9bce-e556fa4aa967-139275528476480","trial_id":29,"param_name":"sub","param_value_internal":0,"distribution":"{\"name\": \"CategoricalDistribution\", \"attributes\": {\"choices\": [32, 64]}}"}
{"op_code":6,"worker_id":"a9a919f8-fdbd-4401-9bce-e556fa4aa967-139275528476480","trial_id":29,"state":2,"values":null,"datetime_complete":"2026-08-07T13:06:44.024523"}
{"op_code":4,"worker_id":"a9a919f8-fdbd-4401-9bce-e556fa4aa967-139275528476480","study_id":0,"datetime_start":"2026-08-07T13:06:44.026546"}
{"op_code":9,"worker_id":"a9a919f8-fdbd-4401-9bce-e556fa4aa967-139275528476480","trial_id":30,"system_attr":{"tpe:relative_params:0":"{\"gx\": 8, \"gy\": 2, \"k\": 16, \"m\": 32, \"n\": 64, \"sub\": 32}"}}
{"op_code":5,"worker_id":"a9a919f8-fdbd-4401-9bce-e556fa4aa967-139275528476480","trial_id":30,"param_name":"m","param_value_internal":1,"distribution":"{\"name\": \"CategoricalDistribution\", \"attributes\": {\"choices\": [16, 32, 64, 128, 256]}}"}
{"op_code":5,"worker_id":"a9a919f8-fdbd-4401-9bce-e556fa4aa967-139275528476480","trial_id":30,"param_name":"n","param_value_internal":2,"distribution":"{\"name\": \"CategoricalDistribution\", \"attributes\": {\"choices\": [16, 32, 64, 128, 256]}}"}
{"op_code":5,"worker_id":"a9a919f8-fdbd-4401-9bce-e556fa4aa967-139275528476480","trial_id":30,"param_name":"k","param_value_internal":0,"distribution":"{\"name\": \"CategoricalDistribution\", \"attributes\": {\"choices\": [16, 32, 64, 128]}}"}
{"op_code":5,"worker_id":"a9a919f8-fdbd-4401-9bce-e556fa4aa967-139275528476480","trial_id":30,"param_name":"gx","param_value_internal":3,"distribution":"{\"name\": \"CategoricalDistribution\", \"attributes\": {\"choices\": [1, 2, 4, 8]}}"}
{"op_code":5,"worker_id":"a9a919f8-fdbd-4401-9bce-e556fa4aa967-139275528476480","trial_id":30,"param_name":"gy","param_value_internal":1,"distribution":"{\"name\": \"CategoricalDistribution\", \"attributes\": {\"choices\": [1, 2, 4, 8]}}"}
{"op_code":5,"worker_id":"a9a919f8-fdbd-4401-9bce-e556fa4aa967-139275528476480","trial_id":30,"param_name":"sub","param_value_internal":0,"distribution":"{\"name\": \"CategoricalDistribution\", \"attributes\": {\"choices\": [32, 64]}}"}
{"op_code":6,"worker_id":"a9a919f8-fdbd-4401-9bce-e556fa4aa967-139275528476480","trial_id":30,"state":2,"values":null,"datetime_complete":"2026-08-07T13:06:44.045080"}
{"op_code":4,"worker_id":"a9a919f8-fdbd-4401-9bce-e556fa4aa967-139275528476480","study_id":0,"datetime_start":"2026-08-07T13:06:44.047196"}
{"op_code":9,"worker_id":"a9a919f8-fdbd-4401-9bce-e556fa4aa967-139275528476480","trial_id":31,"system_attr":{"tpe:relative_params:0":"{\"gx\": 4, \"gy\": 1, \"k\": 64, \"m\": 32, \"n\": 64, \"sub\": 64}"}}
{"op_code":5,"worker_id":"a9a919f8-fdbd-4401-9bce-e556fa4aa967-139275528476480","trial_id":31,"param_name":"m","param_value_internal":1,"distribution":"{\"name\": \"CategoricalDistribution\", \"attributes\": {\"choices\": [16, 32, 64, 128, 256]}}"}
{"op_code":5,"worker_id":"a9a919f8-fdbd-4401-9bce-e556fa4aa967-139275528476480","trial_id":31,"param_name":"n","param_value_internal":2,"distribution":"{\"name\": \"CategoricalDistribution\", \"attributes\": {\"choices\": [16, 32, 64, 128, 256]}}"}
{"op_code":5,"worker_id":"a9a919f8-fdbd-4401-9bce-e556fa4aa967-139275528476480","trial_id":31,"param_name":"k","param_value_internal":2,"distribution":"{\"name\": \"CategoricalDistribution\", \"attributes\": {\"choices\": [16, 32, 64, 128]}}"}
{"op_code":5,"worker_id":"a9a919f8-fdbd-4401-9bce-e556fa4aa967-139275528476480","trial_id":31,"param_name":"gx","param_value_internal":2,"distribution":"{\"name\": \"CategoricalDistribution\", \"attributes\": {\"choices\": [1, 2, 4, 8]}}"}
{"op_code":5,"worker_id":"a9a919f8-fdbd-4401-9bce-e556fa4aa967-139275528476480","trial_id":31,"param_name":"gy","param_value_internal":0,"distribution":"{\"name\": \"CategoricalDistribution\", \"attributes\": {\"choices\": [1, 2, 4, 8]}}"}
{"op_code":5,"worker_id":"a9a919f8-fdbd-4401-9bce-e556fa4aa967-139275528476480","trial_id":31,"param_name":"sub","param_value_internal":1,"distribution":"{\"name\": \"CategoricalDistribution\", \"attributes\": {\"choices\": [32, 64]}}"}
{"op_code":8,"worker_id":"a9a919f8-fdbd-4401-9bce-e556fa4aa967-139275528476480","trial_id":31,"user_attr":{"token":"tsweep_dbuf4_t32x64k64g41s64"}}
{"op_code":4,"worker_id":"a9a919f8-fdbd-4401-9bce-e556fa4aa967-139275528476480","study_id":0,"datetime_start":"2026-08-07T13:06:44.066824"}
{"op_code":9,"worker_id":"a9a919f8-fdbd-4401-9bce-e556fa4aa967-139275528476480","trial_id":32,"system_attr":{"tpe:relative_params:0":"{\"gx\": 2, \"gy\": 2, \"k\": 128, \"m\": 64, \"n\": 256, \"sub\": 32}"}}
{"op_code":5,"worker_id":"a9a919f8-fdbd-4401-9bce-e556fa4aa967-139275528476480","trial_id":32,"param_name":"m","param_value_internal":2,"distribution":"{\"name\": \"CategoricalDistribution\", \"attributes\": {\"choices\": [16, 32, 64, 128, 256]}}"}
{"op_code":5,"worker_id":"a9a919f8-fdbd-4401-9bce-e556fa4aa967-139275528476480","trial_id":32,"param_name":"n","param_value_internal":4,"distribution":"{\"name\": \"CategoricalDistribution\", \"attributes\": {\"choices\": [16, 32, 64, 128, 256]}}"}
{"op_code":5,"worker_id":"a9a919f8-fdbd-4401-9bce-e556fa4aa967-139275528476480","trial_id":32,"param_name":"k","param_value_internal":3,"distribution":"{\"name\": \"CategoricalDistribution\", \"attributes\": {\"choices\": [16, 32, 64, 128]}}"}
{"op_code":5,"worker_id":"a9a919f8-fdbd-4401-9bce-e556fa4aa967-139275528476480","trial_id":32,"param_name":"gx","param_value_internal":1,"distribution":"{\"name\": \"CategoricalDistribution\", \"attributes\": {\"choices\": [1, 2, 4, 8]}}"}
{"op_code":5,"worker_id":"a9a919f8-fdbd-4401-9bce-e556fa4aa967-139275528476480","trial_id":32,"param_name":"gy","param_value_internal":1,"distribution":"{\"name\": \"CategoricalDistribution\", \"attributes\": {\"choices\": [1, 2, 4, 8]}}"}
{"op_code":5,"worker_id":"a9a919f8-fdbd-4401-9bce-e556fa4aa967-139275528476480","trial_id":32,"param_name":"sub","param_value_internal":0,"distribution":"{\"name\": \"CategoricalDistribution\", \"attributes\": {\"choices\": [32, 64]}}"}
{"op_code":6,"worker_id":"a9a919f8-fdbd-4401-9bce-e556fa4aa967-139275528476480","trial_id":32,"state":2,"values":null,"datetime_complete":"2026-08-07T13:06:44.085757"}
{"op_code":4,"worker_id":"a9a919f8-fdbd-4401-9bce-e556fa4aa967-139275528476480","study_id":0,"datetime_start":"2026-08-07T13:06:44.087716"}
{"op_code":9,"worker_id":"a9a919f8-fdbd-4401-9bce-e556fa4aa967-139275528476480","trial_id":33,"system_attr":{"tpe:relative_params:0":"{\"gx\": 1, \"gy\": 1, \"k\": 128, \"m\": 16, \"n\": 128, \"sub\": 64}"}}
{"op_code":5,"worker_id":"a9a919f8-fdbd-4401-9bce-e556fa4aa967-139275528476480","trial_id":33,"param_name":"m","param_value_internal":0,"distribution":"{\"name\": \"CategoricalDistribution\", \"attributes\": {\"choices\": [16, 32, 64, 128, 256]}}"}
{"op_code":5,"worker_id":"a9a919f8-fdbd-4401-9bce-e556fa4aa967-139275528476480","trial_id":33,"param_name":"n","param_value_internal":3,"distribution":"{\"name\": \"CategoricalDistribution\", \"attributes\": {\"choices\": [16, 32, 64, 128, 256]}}"}
{"op_code":5,"worker_id":"a9a919f8-fdbd-4401-9bce-e556fa4aa967-139275528476480","trial_id":33,"param_name":"k","param_value_internal":3,"distribution":"{\"name\": \"CategoricalDistribution\", \"attributes\": {\"choices\": [16, 32, 64, 128]}}"}
{"op_code":5,"worker_id":"a9a919f8-fdbd-4401-9bce-e556fa4aa967-139275528476480","trial_id":33,"param_name":"gx","param_value_internal":0,"distribution":"{\"name\": \"CategoricalDistribution\", \"attributes\": {\"choices\": [1, 2, 4, 8]}}"}
{"op_code":5,"worker_id":"a9a919f8-fdbd-4401-9bce-e556fa4aa967-139275528476480","trial_id":33,"param_name":"gy","param_value_internal":0,"distribution":"{\"name\": \"CategoricalDistribution\", \"attributes\": {\"choices\": [1, 2, 4, 8]}}"}
{"op_code":5,"worker_id":"a9a919f8-fdbd-4401-9bce-e556fa4aa967-139275528476480","trial_id":33,"param_name":"sub","param_value_internal":1,"distribution":"{\"name\": \"CategoricalDistribution\", \"attributes\": {\"choices\": [32, 64]}}"}
{"op_code":6,"worker_id":"a9a919f8-fdbd-4401-9bce-e556fa4aa967-139275528476480","trial_id":33,"state":2,"values":null,"datetime_complete":"2026-08-07T13:06:44.105185"}
{"op_code":4,"worker_id":"a9a919f8-fdbd-4401-9bce-e556fa4aa967-139275528476480","study_id":0,"datetime_start":"2026-08-07T13:06:44.107179"}
{"op_code":9,"worker_id":"a9a919f8-fdbd-4401-9bce-e556fa4aa967-139275528476480","trial_id":34,"system_attr":{"tpe:relative_params:0":"{\"gx\": 1, \"gy\": 4, \"k\": 64, \"m\": 64, \"n\": 128, \"sub\": 32}"}}
{"op_code":5,"worker_id":"a9a919f8-fdbd-4401-9bce-e556fa4aa967-139275528476480","trial_id":34,"param_name":"m","param_value_internal":2,"distribution":"{\"name\": \"CategoricalDistribution\", \"attributes\": {\"choices\": [16, 32, 64, 128, 256]}}"}
{"op_code":5,"worker_id":"a9a919f8-fdbd-4401-9bce-e556fa4aa967-139275528476480","trial_id":34,"param_name":"n","param_value_internal":3,"distribution":"{\"name\": \"CategoricalDistribution\", \"attributes\": {\"choices\": [16, 32, 64, 128, 256]}}"}
{"op_code":5,"worker_id":"a9a919f8-fdbd-4401-9bce-e556fa4aa967-139275528476480","trial_id":34,"param_name":"k","param_value_internal":2,"distribution":"{\"name\": \"CategoricalDistribution\", \"attributes\": {\"choices\": [16, 32, 64, 128]}}"}
{"op_code":5,"worker_id":"a9a919f8-fdbd-4401-9bce-e556fa4aa967-139275528476480","trial_id":34,"param_name":"gx","param_value_internal":0,"distribution":"{\"name\": \"CategoricalDistribution\", \"attributes\": {\"choices\": [1, 2, 4, 8]}}"}
{"op_code":5,"worker_id":"a9a919f8-fdbd-4401-9bce-e556fa4aa967-139275528476480","trial_id":34,"param_name":"gy","param_value_internal":2,"distribution":"{\"name\": \"CategoricalDistribution\", \"attributes\": {\"choices\": [1, 2, 4, 8]}}"}
{"op_code":5,"worker_id":"a9a919f8-fdbd-4401-9bce-e556fa4aa967-139275528476480","trial_id":34,"param_name":"sub","param_value_internal":0,"distribution":"{\"name\": \"CategoricalDistribution\", \"attributes\": {\"choices\": [32, 64]}}"}
{"op_code":8,"worker_id":"a9a919f8-fdbd-4401-9bce-e556fa4aa967-139275528476480","trial_id":34,"user_attr":{"token":"tsweep_dbuf4_t64x128k64g14s32"}}
{"op_code":4,"worker_id":"a9a919f8-fdbd-4401-9bce-e556fa4aa967-139275528476480","study_id":0,"datetime_start":"2026-08-07T13:06:44.127003"}
{"op_code":9,"worker_id":"a9a919f8-fdbd-4401-9bce-e556fa4aa967-139275528476480","trial_id":35,"system_attr":{"tpe:relative_params:0":"{\"gx\": 1, \"gy\": 8, \"k\": 32, \"m\": 128, \"n\": 256, \"sub\": 32}"}}
{"op_code":5,"worker_id":"a9a919f8-fdbd-4401-9bce-e556fa4aa967-139275528476480","trial_id":35,"param_name":"m","param_value_internal":3,"distribution":"{\"name\": \"CategoricalDistribution\", \"attributes\": {\"choices\": [16, 32, 64, 128, 256]}}"}
{"op_code":5,"worker_id":"a9a919f8-fdbd-4401-9bce-e556fa4aa967-139275528476480","trial_id":35,"param_name":"n","param_value_internal":4,"distribution":"{\"name\": \"CategoricalDistribution\", \"attributes\": {\"choices\": [16, 32, 64, 128, 256]}}"}
{"op_code":5,"worker_id":"a9a919f8-fdbd-4401-9bce-e556fa4aa967-139275528476480","trial_id":35,"param_name":"k","param_value_internal":1,"distribution":"{\"name\": \"CategoricalDistribution\", \"attributes\": {\"choices\": [16, 32, 64, 128]}}"}
{"op_code":5,"worker_id":"a9a919f8-fdbd-4401-9bce-e556fa4aa967-139275528476480","trial_id":35,"param_name":"gx","param_value_internal":0,"distribution":"{\"name\": \"CategoricalDistribution\", \"attributes\": {\"choices\": [1, 2, 4, 8]}}"}
{"op_code":5,"worker_id":"a9a919f8-fdbd-4401-9bce-e556fa4aa967-139275528476480","trial_id":35,"param_name":"gy","param_value_internal":3,"distribution":"{\"name\": \"CategoricalDistribution\", \"attributes\": {\"choices\": [1, 2, 4, 8]}}"}
{"op_code":5,"worker_id":"a9a919f8-fdbd-4401-9bce-e556fa4aa967-139275528476480","trial_id":35,"param_name":"sub","param_value_internal":0,"distribution":"{\"name\": \"CategoricalDistribution\", \"attributes\": {\"choices\": [32, 64]}}"}
{"op_code":8,"worker_id":"a9a919f8-fdbd-4401-9bce-e556fa4aa967-139275528476480","trial_id":35,"user_attr":{"token":"tsweep_dbuf4_t128x256k32g18s32"}}
{"op_code":4,"worker_id":"a9a919f8-fdbd-4401-9bce-e556fa4aa967-139275528476480","study_id":0,"datetime_start":"2026-08-07T13:06:44.146552"}
{"op_code":9,"worker_id":"a9a919f8-fdbd-4401-9bce-e556fa4aa967-139275528476480","trial_id":36,"system_attr":{"tpe:relative_params:0":"{\"gx\": 4, \"gy\": 4, \"k\": 64, \"m\": 128, \"n\": 32, \"sub\": 64}"}}
{"op_code":5,"worker_id":"a9a919f8-fdbd-4401-9bce-e556fa4aa967-139275528476480","trial_id":36,"param_name":"m","param_value_internal":3,"distribution":"{\"name\": \"CategoricalDistribution\", \"attributes\": {\"choices\": [16, 32, 64, 128, 256]}}"}
{"op_code":5,"worker_id":"a9a919f8-fdbd-4401-9bce-e556fa4aa967-139275528476480","trial_id":36,"param_name":"n","param_value_internal":1,"distribution":"{\"name\": \"CategoricalDistribution\", \"attributes\": {\"choices\": [16, 32, 64, 128, 256]}}"}
{"op_code":5,"worker_id":"a9a919f8-fdbd-4401-9bce-e556fa4aa967-139275528476480","trial_id":36,"param_name":"k","param_value_internal":2,"distribution":"{\"name\": \"CategoricalDistribution\", \"attributes\": {\"choices\": [16, 32, 64, 128]}}"}
{"op_code":5,"worker_id":"a9a919f8-fdbd-4401-9bce-e556fa4aa967-139275528476480","trial_id":36,"param_name":"gx","param_value_internal":2,"distribution":"{\"name\": \"CategoricalDistribution\", \"attributes\": {\"choices\": [1, 2, 4, 8]}}"}
{"op_code":5,"worker_id":"a9a919f8-fdbd-4401-9bce-e556fa4aa967-139275528476480","trial_id":36,"param_name":"gy","param_value_internal":2,"distribution":"{\"name\": \"CategoricalDistribution\", \"attributes\": {\"choices\": [1, 2, 4, 8]}}"}
{"op_code":5,"worker_id":"a9a919f8-fdbd-4401-9bce-e556fa4aa967-139275528476480","trial_id":36,"param_name":"sub","param_value_internal":1,"distribution":"{\"name\": \"CategoricalDistribution\", \"attributes\": {\"choices\": [32, 64]}}"}
{"op_code":6,"worker_id":"a9a919f8-fdbd-4401-9bce-e556fa4aa967-139275528476480","trial_id":36,"state":2,"values":null,"datetime_complete":"2026-08-07T13:06:44.166914"}
{"op_code":4,"worker_id":"a9a919f8-fdbd-4401-9bce-e556fa4aa967-139275528476480","study_id":0,"datetime_start":"2026-08-07T13:06:44.169374"}
{"op_code":9,"worker_id":"a9a919f8-fdbd-4401-9bce-e556fa4aa967-139275528476480","trial_id":37,"system_attr":{"tpe:relative_params:0":"{\"gx\": 4, \"gy\": 4, \"k\": 64, \"m\": 16, \"n\": 256, \"sub\": 64}"}}
{"op_code":5,"worker_id":"a9a919f8-fdbd-4401-9bce-e556fa4aa967-139275528476480","trial_id":37,"param_name":"m","param_value_internal":0,"distribution":"{\"name\": \"CategoricalDistribution\", \"attributes\": {\"choices\": [16, 32, 64, 128, 256]}}"}
{"op_code":5,"worker_id":"a9a919f8-fdbd-4401-9bce-e556fa4aa967-139275528476480","trial_id":37,"param_name":"n","param_value_internal":4,"distribution":"{\"name\": \"CategoricalDistribution\", \"attributes\": {\"choices\": [16, 32, 64, 128, 256]}}"}
{"op_code":5,"worker_id":"a9a919f8-fdbd-4401-9bce-e556fa4aa967-139275528476480","trial_id":37,"param_name":"k","param_value_internal":2,"distribution":"{\"name\": \"CategoricalDistribution\", \"attributes\": {\"choices\": [16, 32, 64, 128]}}"}
{"op_code":5,"worker_id":"a9a919f8-fdbd-4401-9bce-e556fa4aa967-139275528476480","trial_id":37,"param_name":"gx","param_value_internal":2,"distribution":"{\"name\": \"CategoricalDistribution\", \"attributes\": {\"choices\": [1, 2, 4, 8]}}"}
{"op_code":5,"worker_id":"a9a919f8-fdbd-4401-9bce-e556fa4aa967-139275528476480","trial_id":37,"param_name":"gy","param_value_internal":2,"distribution":"{\"name\": \"CategoricalDistribution\", \"attributes\": {\"choices\": [1, 2, 4, 8]}}"}
{"op_code":5,"worker_id":"a9a919f8-fdbd-4401-9bce-e556fa4aa967-139275528476480","trial_id":37,"param_name":"sub","param_value_internal":1,"distribution":"{\"name\": \"CategoricalDistribution\", \"attributes\": {\"choices\": [32, 64]}}"}
{"op_code":6,"worker_id":"a9a919f8-fdbd-4401-9bce-e556fa4aa967-139275528476480","trial_id":37,"state":2,"values":null,"datetime_complete":"2026-08-07T13:06:44.191645"}
{"op_code":4,"worker_id":"a9a919f8-fdbd-4401-9bce-e556fa4aa967-139275528476480","study_id":0,"datetime_start":"2026-08-07T13:06:44.193958"}
{"op_code":9,"worker_id":"a9a919f8-fdbd-4401-9bce-e556fa4aa967-139275528476480","trial_id":38,"system_attr":{"tpe:relative_params:0":"{\"gx\": 4, \"gy\": 4, \"k\": 64, \"m\": 16, \"n\": 128, \"sub\": 32}"}}
{"op_code":5,"worker_id":"a9a919f8-fdbd-4401-9bce-e556fa4aa967-139275528476480","trial_id":38,"param_name":"m","param_value_internal":0,"distribution":"{\"name\": \"CategoricalDistribution\", \"attributes\": {\"choices\": [16, 32, 64, 128, 256]}}"}
{"op_code":5,"worker_id":"a9a919f8-fdbd-4401-9bce-e556fa4aa967-139275528476480","trial_id":38,"param_name":"n","param_value_internal":3,"distribution":"{\"name\": \"CategoricalDistribution\", \"attributes\": {\"choices\": [16, 32, 64, 128, 256]}}"}
{"op_code":5,"worker_id":"a9a919f8-fdbd-4401-9bce-e556fa4aa967-139275528476480","trial_id":38,"param_name":"k","param_value_internal":2,"distribution":"{\"name\": \"CategoricalDistribution\", \"attributes\": {\"choices\": [16, 32, 64, 128]}}"}
{"op_code":5,"worker_id":"a9a919f8-fdbd-4401-9bce-e556fa4aa967-139275528476480","trial_id":38,"param_name":"gx","param_value_internal":2,"distribution":"{\"name\": \"CategoricalDistribution\", \"attributes\": {\"choices\": [1, 2, 4, 8]}}"}
{"op_code":5,"worker_id":"a9a919f8-fdbd-4401-9bce-e556fa4aa967-139275528476480","trial_id":38,"param_name":"gy","param_value_internal":2,"distribution":"{\"name\": \"CategoricalDistribution\", \"attributes\": {\"choices\": [1, 2, 4, 8]}}"}
{"op_code":5,"worker_id":"a9a919f8-fdbd-4401-9bce-e556fa4aa967-139275528476480","trial_id":38,"param_name":"sub","param_value_internal":0,"distribution":"{\"name\": \"CategoricalDistribution\", \"attributes\": {\"choices\": [32, 64]}}"}
{"op_code":6,"worker_id":"a9a919f8-fdbd-4401-9bce-e556fa4aa967-139275528476480","trial_id":38,"state":2,"values":null,"datetime_complete":"2026-08-07T13:06:44.211682"}
{"op_code":4,"worker_id":"a9a919f8-fdbd-4401-9bce-e556fa4aa967-139275528476480","study_id":0,"datetime_start":"2026-08-07T13:06:44.213390"}
{"op_code":9,"worker_id":"a9a919f8-fdbd-4401-9bce-e556fa4aa967-139275528476480","trial_id":39,"system_attr":{"tpe:relative_params:0":"{\"gx\": 4, \"gy\": 2, \"k\": 64, \"m\": 256, \"n\": 128, \"sub\": 32}"}}
{"op_code":5,"worker_id":"a9a919f8-fdbd-4401-9bce-e556fa4aa967-139275528476480","trial_id":39,"param_name":"m","param_value_internal":4,"distribution":"{\"name\": \"CategoricalDistribution\", \"attributes\": {\"choices\": [16, 32, 64, 128, 256]}}"}
{"op_code":5,"worker_id":"a9a919f8-fdbd-4401-9bce-e556fa4aa967-139275528476480","trial_id":39,"param_name":"n","param_value_internal":3,"distribution":"{\"name\": \"CategoricalDistribution\", \"attributes\": {\"choices\": [16, 32, 64, 128, 256]}}"}
{"op_code":5,"worker_id":"a9a919f8-fdbd-4401-9bce-e556fa4aa967-139275528476480","trial_id":39,"param_name":"k","param_value_internal":2,"distribution":"{\"name\": \"CategoricalDistribution\", \"attributes\": {\"choices\": [16, 32, 64, 128]}}"}
{"op_code":5,"worker_id":"a9a919f8-fdbd-4401-9bce-e556fa4aa967-139275528476480","trial_id":39,"param_name":"gx","param_value_internal":2,"distribution":"{\"name\": \"CategoricalDistribution\", \"attributes\": {\"choices\": [1, 2, 4, 8]}}"}
{"op_code":5,"worker_id":"a9a919f8-fdbd-4401-9bce-e556fa4aa967-139275528476480","trial_id":39,"param_name":"gy","param_value_internal":1,"distribution":"{\"name\": \"CategoricalDistribution\", \"attributes\": {\"choices\": [1, 2, 4, 8]}}"}
{"op_code":5,"worker_id":"a9a919f8-fdbd-4401-9bce-e556fa4aa967-139275528476480","trial_id":39,"param_name":"sub","param_value_internal":0,"distribution":"{\"name\": \"CategoricalDistribution\", \"attributes\": {\"choices\": [32, 64]}}"}
{"op_code":6,"worker_id":"a9a919f8-fdbd-4401-9bce-e556fa4aa967-139275528476480","trial_id":39,"state":2,"values":null,"datetime_complete":"2026-08-07T13:06:44.228880"}
{"op_code":4,"worker_id":"a9a919f8-fdbd-4401-9bce-e556fa4aa967-139275528476480","study_id":0,"datetime_start":"2026-08-07T13:06:44.230337"}
{"op_code":9,"worker_id":"a9a919f8-fdbd-4401-9bce-e556fa4aa967-139275528476480","trial_id":40,"system_attr":{"tpe:relative_params:0":"{\"gx\": 2, \"gy\": 4, \"k\": 64, \"m\": 256, \"n\": 128, \"sub\": 32}"}}
{"op_code":5,"worker_id":"a9a919f8-fdbd-4401-9bce-e556fa4aa967-139275528476480","trial_id":40,"param_name":"m","param_value_internal":4,"distribution":"{\"name\": \"CategoricalDistribution\", \"attributes\": {\"choices\": [16, 32, 64, 128, 256]}}"}
{"op_code":5,"worker_id":"a9a919f8-fdbd-4401-9bce-e556fa4aa967-139275528476480","trial_id":40,"param_name":"n","param_value_internal":3,"distribution":"{\"name\": \"CategoricalDistribution\", \"attributes\": {\"choices\": [16, 32, 64, 128, 256]}}"}
{"op_code":5,"worker_id":"a9a919f8-fdbd-4401-9bce-e556fa4aa967-139275528476480","trial_id":40,"param_name":"k","param_value_internal":2,"distribution":"{\"name\": \"CategoricalDistribution\", \"attributes\": {\"choices\": [16, 32, 64, 128]}}"}
{"op_code":5,"worker_id":"a9a919f8-fdbd-4401-9bce-e556fa4aa967-139275528476480","trial_id":40,"param_name":"gx","param_value_internal":1,"distribution":"{\"name\": \"CategoricalDistribution\", \"attributes\": {\"choices\": [1, 2, 4, 8]}}"}
{"op_code":5,"worker_id":"a9a919f8-fdbd-4401-9bce-e556fa4aa967-139275528476480","trial_id":40,"param_name":"gy","param_value_internal":2,"distribution":"{\"name\": \"CategoricalDistribution\", \"attributes\": {\"choices\": [1, 2, 4, 8]}}"}
{"op_code":5,"worker_id":"a9a919f8-fdbd-4401-9bce-e556fa4aa967-139275528476480","trial_id":40,"param_name":"sub","param_value_internal":0,"distribution":"{\"name\": \"CategoricalDistribution\", \"attributes\": {\"choices\": [32, 64]}}"}
{"op_code":6,"worker_id":"a9a919f8-fdbd-4401-9bce-e556fa4aa967-139275528476480","trial_id":40,"state":2,"values":null,"datetime_complete":"2026-08-07T13:06:44.245140"}
{"op_code":4,"worker_id":"a9a919f8-fdbd-4401-9bce-e556fa4aa967-139275528476480","study_id":0,"datetime_start":"2026-08-07T13:06:44.247079"}
{"op_code":9,"worker_id":"a9a919f8-fdbd-4401-9bce-e556fa4aa967-139275528476480","trial_id":41,"system_attr":{"tpe:relative_params:0":"{\"gx\": 4, \"gy\": 4, \"k\": 64, \"m\": 256, \"n\": 64, \"sub\": 32}"}}
{"op_code":5,"worker_id":"a9a919f8-fdbd-4401-9bce-e556fa4aa967-139275528476480","trial_id":41,"param_name":"m","param_value_internal":4,"distribution":"{\"name\": \"CategoricalDistribution\", \"attributes\": {\"choices\": [16, 32, 64, 128, 256]}}"}
{"op_code":5,"worker_id":"a9a919f8-fdbd-4401-9bce-e556fa4aa967-139275528476480","trial_id":41,"param_name":"n","param_value_internal":2,"distribution":"{\"name\": \"CategoricalDistribution\", \"attributes\": {\"choices\": [16, 32, 64, 128, 256]}}"}
{"op_code":5,"worker_id":"a9a919f8-fdbd-4401-9bce-e556fa4aa967-139275528476480","trial_id":41,"param_name":"k","param_value_internal":2,"distribution":"{\"name\": \"CategoricalDistribution\", \"attributes\": {\"choices\": [16, 32, 64, 128]}}"}
{"op_code":5,"worker_id":"a9a919f8-fdbd-4401-9bce-e556fa4aa967-139275528476480","trial_id":41,"param_name":"gx","param_value_internal":2,"distribution":"{\"name\": \"CategoricalDistribution\", \"attributes\": {\"choices\": [1, 2, 4, 8]}}"}
{"op_code":5,"worker_id":"a9a919f8-fdbd-4401-9bce-e556fa4aa967-139275528476480","trial_id":41,"param_name":"gy","param_value_internal":2,"distribution":"{\"name\": \"CategoricalDistribution\", \"attributes\": {\"choices\": [1, 2, 4, 8]}}"}
{"op_code":5,"worker_id":"a9a919f8-fdbd-4401-9bce-e556fa4aa967-139275528476480","trial_id":41,"param_name":"sub","param_value_internal":0,"distribution":"{\"name\": \"CategoricalDistribution\", \"attributes\": {\"choices\": [32, 64]}}"}
{"op_code":6,"worker_id":"a9a919f8-fdbd-4401-9bce-e556fa4aa967-139275528476480","trial_id":41,"state":2,"values":null,"datetime_complete":"2026-08-07T13:06:44.267122"}
{"op_code":4,"worker_id":"a9a919f8-fdbd-4401-9bce-e556fa4aa967-139275528476480","study_id":0,"datetime_start":"2026-08-07T13:06:44.269102"}
{"op_code":9,"worker_id":"a9a919f8-fdbd-4401-9bce-e556fa4aa967-139275528476480","trial_id":42,"system_attr":{"tpe:relative_params:0":"{\"gx\": 4, \"gy\": 2, \"k\": 16, \"m\": 64, \"n\": 256, \"sub\": 64}"}}
{"op_code":5,"worker_id":"a9a919f8-fdbd-4401-9bce-e556fa4aa967-139275528476480","trial_id":42,"param_name":"m","param_value_internal":2,"distribution":"{\"name\": \"CategoricalDistribution\", \"attributes\": {\"choices\": [16, 32, 64, 128, 256]}}"}
{"op_code":5,"worker_id":"a9a919f8-fdbd-4401-9bce-e556fa4aa967-139275528476480","trial_id":42,"param_name":"n","param_value_internal":4,"distribution":"{\"name\": \"CategoricalDistribution\", \"attributes\": {\"choices\": [16, 32, 64, 128, 256]}}"}
{"op_code":5,"worker_id":"a9a919f8-fdbd-4401-9bce-e556fa4aa967-139275528476480","trial_id":42,"param_name":"k","param_value_internal":0,"distribution":"{\"name\": \"CategoricalDistribution\", \"attributes\": {\"choices\": [16, 32, 64, 128]}}"}
{"op_code":5,"worker_id":"a9a919f8-fdbd-4401-9bce-e556fa4aa967-139275528476480","trial_id":42,"param_name":"gx","param_value_internal":2,"distribution":"{\"name\": \"CategoricalDistribution\", \"attributes\": {\"choices\": [1, 2, 4, 8]}}"}
{"op_code":5,"worker_id":"a9a919f8-fdbd-4401-9bce-e556fa4aa967-139275528476480","trial_id":42,"param_name":"gy","param_value_internal":1,"distribution":"{\"name\": \"CategoricalDistribution\", \"attributes\": {\"choices\": [1, 2, 4, 8]}}"}
{"op_code":5,"worker_id":"a9a919f8-fdbd-4401-9bce-e556fa4aa967-139275528476480","trial_id":42,"param_name":"sub","param_value_internal":1,"distribution":"{\"name\": \"CategoricalDistribution\", \"attributes\": {\"choices\": [32, 64]}}"}
{"op_code":6,"worker_id":"a9a919f8-fdbd-4401-9bce-e556fa4aa967-139275528476480","trial_id":42,"state":2,"values":null,"datetime_complete":"2026-08-07T13:06:44.290494"}
{"op_code":4,"worker_id":"a9a919f8-fdbd-4401-9bce-e556fa4aa967-139275528476480","study_id":0,"datetime_start":"2026-08-07T13:06:44.292381"}
{"op_code":9,"worker_id":"a9a919f8-fdbd-4401-9bce-e556fa4aa967-139275528476480","trial_id":43,"system_attr":{"tpe:relative_params:0":"{\"gx\": 8, \"gy\": 2, \"k\": 64, \"m\": 128, \"n\": 256, \"sub\": 32}"}}
{"op_code":5,"worker_id":"a9a919f8-fdbd-4401-9bce-e556fa4aa967-139275528476480","trial_id":43,"param_name":"m","param_value_internal":3,"distribution":"{\"name\": \"CategoricalDistribution\", \"attributes\": {\"choices\": [16, 32, 64, 128, 256]}}"}
{"op_code":5,"worker_id":"a9a919f8-fdbd-4401-9bce-e556fa4aa967-139275528476480","trial_id":43,"param_name":"n","param_value_internal":4,"distribution":"{\"name\": \"CategoricalDistribution\", \"attributes\": {\"choices\": [16, 32, 64, 128, 256]}}"}
{"op_code":5,"worker_id":"a9a919f8-fdbd-4401-9bce-e556fa4aa967-139275528476480","trial_id":43,"param_name":"k","param_value_internal":2,"distribution":"{\"name\": \"CategoricalDistribution\", \"attributes\": {\"choices\": [16, 32, 64, 128]}}"}
{"op_code":5,"worker_id":"a9a919f8-fdbd-4401-9bce-e556fa4aa967-139275528476480","trial_id":43,"param_name":"gx","param_value_internal":3,"distribution":"{\"name\": \"CategoricalDistribution\", \"attributes\": {\"choices\": [1, 2, 4, 8]}}"}
{"op_code":5,"worker_id":"a9a919f8-fdbd-4401-9bce-e556fa4aa967-139275528476480","trial_id":43,"param_name":"gy","param_value_internal":1,"distribution":"{\"name\": \"CategoricalDistribution\", \"attributes\": {\"choices\": [1, 2, 4, 8]}}"}
{"op_code":5,"worker_id":"a9a919f8-fdbd-4401-9bce-e556fa4aa967-139275528476480","trial_id":43,"param_name":"sub","param_value_internal":0,"distribution":"{\"name\": \"CategoricalDistribution\", \"attributes\": {\"choices\": [32, 64]}}"}
{"op_code":6,"worker_id":"a9a919f8-fdbd-4401-9bce-e556fa4aa967-139275528476480","trial_id":43,"state":2,"values":null,"datetime_complete":"2026-08-07T13:06:44.309460"}
{"op_code":4,"worker_id":"a9a919f8-fdbd-4401-9bce-e556fa4aa967-139275528476480","study_id":0,"datetime_start":"2026-08-07T13:06:44.311211"}
{"op_code":9,"worker_id":"a9a919f8-fdbd-4401-9bce-e556fa4aa967-139275528476480","trial_id":44,"system_attr":{"tpe:relative_params:0":"{\"gx\": 4, \"gy\": 1, \"k\": 128, \"m\": 256, \"n\": 128, \"sub\": 32}"}}
{"op_code":5,"worker_id":"a9a919f8-fdbd-4401-9bce-e556fa4aa967-139275528476480","trial_id":44,"param_name":"m","param_value_internal":4,"distribution":"{\"name\": \"CategoricalDistribution\", \"attributes\": {\"choices\": [16, 32, 64, 128, 256]}}"}
{"op_code":5,"worker_id":"a9a919f8-fdbd-4401-9bce-e556fa4aa967-139275528476480","trial_id":44,"param_name":"n","param_value_internal":3,"distribution":"{\"name\": \"CategoricalDistribution\", \"attributes\": {\"choices\": [16, 32, 64, 128, 256]}}"}
{"op_code":5,"worker_id":"a9a919f8-fdbd-4401-9bce-e556fa4aa967-139275528476480","trial_id":44,"param_name":"k","param_value_internal":3,"distribution":"{\"name\": \"CategoricalDistribution\", \"attributes\": {\"choices\": [16, 32, 64, 128]}}"}
{"op_code":5,"worker_id":"a9a919f8-fdbd-4401-9bce-e556fa4aa967-139275528476480","trial_id":44,"param_name":"gx","param_value_internal":2,"distribution":"{\"name\": \"CategoricalDistribution\", \"attributes\": {\"choices\": [1, 2, 4, 8]}}"}
{"op_code":5,"worker_id":"a9a919f8-fdbd-4401-9bce-e556fa4aa967-139275528476480","trial_id":44,"param_name":"gy","param_value_internal":0,"distribution":"{\"name\": \"CategoricalDistribution\", \"attributes\": {\"choices\": [1, 2, 4, 8]}}"}
{"op_code":5,"worker_id":"a9a919f8-fdbd-4401-9bce-e556fa4aa967-139275528476480","trial_id":44,"param_name":"sub","param_value_internal":0,"distribution":"{\"name\": \"CategoricalDistribution\", \"attributes\": {\"choices\": [32, 64]}}"}
{"op_code":6,"worker_id":"a9a919f8-fdbd-4401-9bce-e556fa4aa967-139275528476480","trial_id":44,"state":2,"values":null,"datetime_complete":"2026-08-07T13:06:44.326881"}
{"op_code":4,"worker_id":"a9a919f8-fdbd-4401-9bce-e556fa4aa967-139275528476480","study_id":0,"datetime_start":"2026-08-07T13:06:44.328634"}
{"op_code":9,"worker_id":"a9a919f8-fdbd-4401-9bce-e556fa4aa967-139275528476480","trial_id":45,"system_attr":{"tpe:relative_params:0":"{\"gx\": 4, \"gy\": 4, \"k\": 64, \"m\": 256, \"n\": 16, \"sub\": 64}"}}
{"op_code":5,"worker_id":"a9a919f8-fdbd-4401-9bce-e556fa4aa967-139275528476480","trial_id":45,"param_name":"m","param_value_internal":4,"distribution":"{\"name\": \"CategoricalDistribution\", \"attributes\": {\"choices\": [16, 32, 64, 128, 256]}}"}
{"op_code":5,"worker_id":"a9a919f8-fdbd-4401-9bce-e556fa4aa967-139275528476480","trial_id":45,"param_name":"n","param_value_internal":0,"distribution":"{\"name\": \"CategoricalDistribution\", \"attributes\": {\"choices\": [16, 32, 64, 128, 256]}}"}
{"op_code":5,"worker_id":"a9a919f8-fdbd-4401-9bce-e556fa4aa967-139275528476480","trial_id":45,"param_name":"k","param_value_internal":2,"distribution":"{\"name\": \"CategoricalDistribution\", \"attributes\": {\"choices\": [16, 32, 64, 128]}}"}
{"op_code":5,"worker_id":"a9a919f8-fdbd-4401-9bce-e556fa4aa967-139275528476480","trial_id":45,"param_name":"gx","param_value_internal":2,"distribution":"{\"name\": \"CategoricalDistribution\", \"attributes\": {\"choices\": [1, 2, 4, 8]}}"}
{"op_code":5,"worker_id":"a9a919f8-fdbd-4401-9bce-e556fa4aa967-139275528476480","trial_id":45,"param_name":"gy","param_value_internal":2,"distribution":"{\"name\": \"CategoricalDistribution\", \"attributes\": {\"choices\": [1, 2, 4, 8]}}"}
{"op_code":5,"worker_id":"a9a919f8-fdbd-4401-9bce-e556fa4aa967-139275528476480","trial_id":45,"param_name":"sub","param_value_internal":1,"distribution":"{\"name\": \"CategoricalDistribution\", \"attributes\": {\"choices\": [32, 64]}}"}
{"op_code":6,"worker_id":"a9a919f8-fdbd-4401-9bce-e556fa4aa967-139275528476480","trial_id":45,"state":2,"values":null,"datetime_complete":"2026-08-07T13:06:44.344001"}
{"op_code":4,"worker_id":"a9a919f8-fdbd-4401-9bce-e556fa4aa967-139275528476480","study_id":0,"datetime_start":"2026-08-07T13:06:44.345938"}
{"op_code":9,"worker_id":"a9a919f8-fdbd-4401-9bce-e556fa4aa967-139275528476480","trial_id":46,"system_attr":{"tpe:relative_params:0":"{\"gx\": 1, \"gy\": 1, \"k\": 64, \"m\": 16, \"n\": 64, \"sub\": 32}"}}
{"op_code":5,"worker_id":"a9a919f8-fdbd-4401-9bce-e556fa4aa967-139275528476480","trial_id":46,"param_name":"m","param_value_internal":0,"distribution":"{\"name\": \"CategoricalDistribution\", \"attributes\": {\"choices\": [16, 32, 64, 128, 256]}}"}
{"op_code":5,"worker_id":"a9a919f8-fdbd-4401-9bce-e556fa4aa967-139275528476480","trial_id":46,"param_name":"n","param_value_internal":2,"distribution":"{\"name\": \"CategoricalDistribution\", \"attributes\": {\"choices\": [16, 32, 64, 128, 256]}}"}
{"op_code":5,"worker_id":"a9a919f8-fdbd-4401-9bce-e556fa4aa967-139275528476480","trial_id":46,"param_name":"k","param_value_internal":2,"distribution":"{\"name\": \"CategoricalDistribution\", \"attributes\": {\"choices\": [16, 32, 64, 128]}}"}
{"op_code":5,"worker_id":"a9a919f8-fdbd-4401-9bce-e556fa4aa967-139275528476480","trial_id":46,"param_name":"gx","param_value_internal":0,"distribution":"{\"name\": \"CategoricalDistribution\", \"attributes\": {\"choices\": [1, 2, 4, 8]}}"}
{"op_code":5,"worker_id":"a9a919f8-fdbd-4401-9bce-e556fa4aa967-139275528476480","trial_id":46,"param_name":"gy","param_value_internal":0,"distribution":"{\"name\": \"CategoricalDistribution\", \"attributes\": {\"choices\": [1, 2, 4, 8]}}"}
{"op_code":5,"worker_id":"a9a919f8-fdbd-4401-9bce-e556fa4aa967-139275528476480","trial_id":46,"param_name":"sub","param_value_internal":0,"distribution":"{\"name\": \"CategoricalDistribution\", \"attributes\": {\"choices\": [32, 64]}}"}
{"op_code":8,"worker_id":"a9a919f8-fdbd-4401-9bce-e556fa4aa967-139275528476480","trial_id":46,"user_attr":{"token":"tsweep_dbuf4_t16x64k64g11s32"}}
{"op_code":4,"worker_id":"a9a919f8-fdbd-4401-9bce-e556fa4aa967-139275528476480","study_id":0,"datetime_start":"2026-08-07T13:06:44.365293"}
{"op_code":9,"worker_id":"a9a919f8-fdbd-4401-9bce-e556fa4aa967-139275528476480","trial_id":47,"system_attr":{"tpe:relative_params:0":"{\"gx\": 4, \"gy\": 4, \"k\": 16, \"m\": 256, \"n\": 32, \"sub\": 32}"}}
{"op_code":5,"worker_id":"a9a919f8-fdbd-4401-9bce-e556fa4aa967-139275528476480","trial_id":47,"param_name":"m","param_value_internal":4,"distribution":"{\"name\": \"CategoricalDistribution\", \"attributes\": {\"choices\": [16, 32, 64, 128, 256]}}"}
{"op_code":5,"worker_id":"a9a919f8-fdbd-4401-9bce-e556fa4aa967-139275528476480","trial_id":47,"param_name":"n","param_value_internal":1,"distribution":"{\"name\": \"CategoricalDistribution\", \"attributes\": {\"choices\": [16, 32, 64, 128, 256]}}"}
{"op_code":5,"worker_id":"a9a919f8-fdbd-4401-9bce-e556fa4aa967-139275528476480","trial_id":47,"param_name":"k","param_value_internal":0,"distribution":"{\"name\": \"CategoricalDistribution\", \"attributes\": {\"choices\": [16, 32, 64, 128]}}"}
{"op_code":5,"worker_id":"a9a919f8-fdbd-4401-9bce-e556fa4aa967-139275528476480","trial_id":47,"param_name":"gx","param_value_internal":2,"distribution":"{\"name\": \"CategoricalDistribution\", \"attributes\": {\"choices\": [1, 2, 4, 8]}}"}
{"op_code":5,"worker_id":"a9a919f8-fdbd-4401-9bce-e556fa4aa967-139275528476480","trial_id":47,"param_name":"gy","param_value_internal":2,"distribution":"{\"name\": \"CategoricalDistribution\", \"attributes\": {\"choices\": [1, 2, 4, 8]}}"}
{"op_code":5,"worker_id":"a9a919f8-fdbd-4401-9bce-e556fa4aa967-139275528476480","trial_id":47,"param_name":"sub","param_value_internal":0,"distribution":"{\"name\": \"CategoricalDistribution\", \"attributes\": {\"choices\": [32, 64]}}"}
{"op_code":6,"worker_id":"a9a919f8-fdbd-4401-9bce-e556fa4aa967-139275528476480","trial_id":47,"state":2,"values":null,"datetime_complete":"2026-08-07T13:06:44.383047"}
{"op_code":4,"worker_id":"a9a919f8-fdbd-4401-9bce-e556fa4aa967-139275528476480","study_id":0,"datetime_start":"2026-08-07T13:06:44.385071"}
{"op_code":9,"worker_id":"a9a919f8-fdbd-4401-9bce-e556fa4aa967-139275528476480","trial_id":48,"system_attr":{"tpe:relative_params:0":"{\"gx\": 8, \"gy\": 4, \"k\": 64, \"m\": 32, \"n\": 128, \"sub\": 32}"}}
{"op_code":5,"worker_id":"a9a919f8-fdbd-4401-9bce-e556fa4aa967-139275528476480","trial_id":48,"param_name":"m","param_value_internal":1,"distribution":"{\"name\": \"CategoricalDistribution\", \"attributes\": {\"choices\": [16, 32, 64, 128, 256]}}"}
{"op_code":5,"worker_id":"a9a919f8-fdbd-4401-9bce-e556fa4aa967-139275528476480","trial_id":48,"param_name":"n","param_value_internal":3,"distribution":"{\"name\": \"CategoricalDistribution\", \"attributes\": {\"choices\": [16, 32, 64, 128, 256]}}"}
{"op_code":5,"worker_id":"a9a919f8-fdbd-4401-9bce-e556fa4aa967-139275528476480","trial_id":48,"param_name":"k","param_value_internal":2,"distribution":"{\"name\": \"CategoricalDistribution\", \"attributes\": {\"choices\": [16, 32, 64, 128]}}"}
{"op_code":5,"worker_id":"a9a919f8-fdbd-4401-9bce-e556fa4aa967-139275528476480","trial_id":48,"param_name":"gx","param_value_internal":3,"distribution":"{\"name\": \"CategoricalDistribution\", \"attributes\": {\"choices\": [1, 2, 4, 8]}}"}
{"op_code":5,"worker_id":"a9a919f8-fdbd-4401-9bce-e556fa4aa967-139275528476480","trial_id":48,"param_name":"gy","param_value_internal":2,"distribution":"{\"name\": \"CategoricalDistribution\", \"attributes\": {\"choices\": [1, 2, 4, 8]}}"}
{"op_code":5,"worker_id":"a9a919f8-fdbd-4401-9bce-e556fa4aa967-139275528476480","trial_id":48,"param_name":"sub","param_value_internal":0,"distribution":"{\"name\": \"CategoricalDistribution\", \"attributes\": {\"choices\": [32, 64]}}"}
{"op_code":6,"worker_id":"a9a919f8-fdbd-4401-9bce-e556fa4aa967-139275528476480","trial_id":48,"state":2,"values":null,"datetime_complete":"2026-08-07T13:06:44.403090"}
{"op_code":4,"worker_id":"a9a919f8-fdbd-4401-9bce-e556fa4aa967-139275528476480","study_id":0,"datetime_start":"2026-08-07T13:06:44.405170"}
{"op_code":9,"worker_id":"a9a919f8-fdbd-4401-9bce-e556fa4aa967-139275528476480","trial_id":49,"system_attr":{"tpe:relative_params:0":"{\"gx\": 4, \"gy\": 4, \"k\": 128, \"m\": 64, \"n\": 64, \"sub\": 64}"}}
{"op_code":5,"worker_id":"a9a919f8-fdbd-4401-9bce-e556fa4aa967-139275528476480","trial_id":49,"param_name":"m","param_value_internal":2,"distribution":"{\"name\": \"CategoricalDistribution\", \"attributes\": {\"choices\": [16, 32, 64, 128, 256]}}"}
{"op_code":5,"worker_id":"a9a919f8-fdbd-4401-9bce-e556fa4aa967-139275528476480","trial_id":49,"param_name":"n","param_value_internal":2,"distribution":"{\"name\": \"CategoricalDistribution\", \"attributes\": {\"choices\": [16, 32, 64, 128, 256]}}"}
{"op_code":5,"worker_id":"a9a919f8-fdbd-4401-9bce-e556fa4aa967-139275528476480","trial_id":49,"param_name":"k","param_value_internal":3,"distribution":"{\"name\": \"CategoricalDistribution\", \"attributes\": {\"choices\": [16, 32, 64, 128]}}"}
{"op_code":5,"worker_id":"a9a919f8-fdbd-4401-9bce-e556fa4aa967-139275528476480","trial_id":49,"param_name":"gx","param_value_internal":2,"distribution":"{\"name\": \"CategoricalDistribution\", \"attributes\": {\"choices\": [1, 2, 4, 8]}}"}
{"op_code":5,"worker_id":"a9a919f8-fdbd-4401-9bce-e556fa4aa967-139275528476480","trial_id":49,"param_name":"gy","param_value_internal":2,"distribution":"{\"name\": \"CategoricalDistribution\", \"attributes\": {\"choices\": [1, 2, 4, 8]}}"}
{"op_code":5,"worker_id":"a9a919f8-fdbd-4401-9bce-e556fa4aa967-139275528476480","trial_id":49,"param_name":"sub","param_value_internal":1,"distribution":"{\"name\": \"CategoricalDistribution\", \"attributes\": {\"choices\": [32, 64]}}"}
{"op_code":6,"worker_id":"a9a919f8-fdbd-4401-9bce-e556fa4aa967-139275528476480","trial_id":49,"state":2,"values":null,"datetime_complete":"2026-08-07T13:06:44.424040"}
{"op_code":4,"worker_id":"a9a919f8-fdbd-4401-9bce-e556fa4aa967-139275528476480","study_id":0,"datetime_start":"2026-08-07T13:06:44.426009"}
{"op_code":9,"worker_id":"a9a919f8-fdbd-4401-9bce-e556fa4aa967-139275528476480","trial_id":50,"system_attr":{"tpe:relative_params:0":"{\"gx\": 4, \"gy\": 4, \"k\": 32, \"m\": 256, \"n\": 128, \"sub\": 32}"}}
{"op_code":5,"worker_id":"a9a919f8-fdbd-4401-9bce-e556fa4aa967-139275528476480","trial_id":50,"param_name":"m","param_value_internal":4,"distribution":"{\"name\": \"CategoricalDistribution\", \"attributes\": {\"choices\": [16, 32, 64, 128, 256]}}"}
{"op_code":5,"worker_id":"a9a919f8-fdbd-4401-9bce-e556fa4aa967-139275528476480","trial_id":50,"param_name":"n","param_value_internal":3,"distribution":"{\"name\": \"CategoricalDistribution\", \"attributes\": {\"choices\": [16, 32, 64, 128, 256]}}"}
{"op_code":5,"worker_id":"a9a919f8-fdbd-4401-9bce-e556fa4aa967-139275528476480","trial_id":50,"param_name":"k","param_value_internal":1,"distribution":"{\"name\": \"CategoricalDistribution\", \"attributes\": {\"choices\": [16, 32, 64, 128]}}"}
{"op_code":5,"worker_id":"a9a919f8-fdbd-4401-9bce-e556fa4aa967-139275528476480","trial_id":50,"param_name":"gx","param_value_internal":2,"distribution":"{\"name\": \"CategoricalDistribution\", \"attributes\": {\"choices\": [1, 2, 4, 8]}}"}
{"op_code":5,"worker_id":"a9a919f8-fdbd-4401-9bce-e556fa4aa967-139275528476480","trial_id":50,"param_name":"gy","param_value_internal":2,"distribution":"{\"name\": \"CategoricalDistribution\", \"attributes\": {\"choices\": [1, 2, 4, 8]}}"}
{"op_code":5,"worker_id":"a9a919f8-fdbd-4401-9bce-e556fa4aa967-139275528476480","trial_id":50,"param_name":"sub","param_value_internal":0,"distribution":"{\"name\": \"CategoricalDistribution\", \"attributes\": {\"choices\": [32, 64]}}"}
{"op_code":8,"worker_id":"a9a919f8-fdbd-4401-9bce-e556fa4aa967-139275528476480","trial_id":50,"user_attr":{"token":"tsweep_dbuf4_t256x128k32g44s32"}}
{"op_code":4,"worker_id":"a9a919f8-fdbd-4401-9bce-e556fa4aa967-139275528476480","study_id":0,"datetime_start":"2026-08-07T13:06:44.445402"}
{"op_code":9,"worker_id":"a9a919f8-fdbd-4401-9bce-e556fa4aa967-139275528476480","trial_id":51,"system_attr":{"tpe:relative_params:0":"{\"gx\": 8, \"gy\": 4, \"k\": 32, \"m\": 64, \"n\": 64, \"sub\": 64}"}}
{"op_code":5,"worker_id":"a9a919f8-fdbd-4401-9bce-e556fa4aa967-139275528476480","trial_id":51,"param_name":"m","param_value_internal":2,"distribution":"{\"name\": \"CategoricalDistribution\", \"attributes\": {\"choices\": [16, 32, 64, 128, 256]}}"}
{"op_code":5,"worker_id":"a9a919f8-fdbd-4401-9bce-e556fa4aa967-139275528476480","trial_id":51,"param_name":"n","param_value_internal":2,"distribution":"{\"name\": \"CategoricalDistribution\", \"attributes\": {\"choices\": [16, 32, 64, 128, 256]}}"}
{"op_code":5,"worker_id":"a9a919f8-fdbd-4401-9bce-e556fa4aa967-139275528476480","trial_id":51,"param_name":"k","param_value_internal":1,"distribution":"{\"name\": \"CategoricalDistribution\", \"attributes\": {\"choices\": [16, 32, 64, 128]}}"}
{"op_code":5,"worker_id":"a9a919f8-fdbd-4401-9bce-e556fa4aa967-139275528476480","trial_id":51,"param_name":"gx","param_value_internal":3,"distribution":"{\"name\": \"CategoricalDistribution\", \"attributes\": {\"choices\": [1, 2, 4, 8]}}"}
{"op_code":5,"worker_id":"a9a919f8-fdbd-4401-9bce-e556fa4aa967-139275528476480","trial_id":51,"param_name":"gy","param_value_internal":2,"distribution":"{\"name\": \"CategoricalDistribution\", \"attributes\": {\"choices\": [1, 2, 4, 8]}}"}
{"op_code":5,"worker_id":"a9a919f8-fdbd-4401-9bce-e556fa4aa967-139275528476480","trial_id":51,"param_name":"sub","param_value_internal":1,"distribution":"{\"name\": \"CategoricalDistribution\", \"attributes\": {\"choices\": [32, 64]}}"}
{"op_code":6,"worker_id":"a9a919f8-fdbd-4401-9bce-e556fa4aa967-139275528476480","trial_id":51,"state":2,"values":null,"datetime_complete":"2026-08-07T13:06:44.463653"}
{"op_code":4,"worker_id":"a9a919f8-fdbd-4401-9bce-e556fa4aa967-139275528476480","study_id":0,"datetime_start":"2026-08-07T13:06:44.465338"}
{"op_code":9,"worker_id":"a9a919f8-fdbd-4401-9bce-e556fa4aa967-139275528476480","trial_id":52,"system_attr":{"tpe:relative_params:0":"{\"gx\": 8, \"gy\": 4, \"k\": 128, \"m\": 32, \"n\": 64, \"sub\": 64}"}}
{"op_code":5,"worker_id":"a9a919f8-fdbd-4401-9bce-e556fa4aa967-139275528476480","trial_id":52,"param_name":"m","param_value_internal":1,"distribution":"{\"name\": \"CategoricalDistribution\", \"attributes\": {\"choices\": [16, 32, 64, 128, 256]}}"}
{"op_code":5,"worker_id":"a9a919f8-fdbd-4401-9bce-e556fa4aa967-139275528476480","trial_id":52,"param_name":"n","param_value_internal":2,"distribution":"{\"name\": \"CategoricalDistribution\", \"attributes\": {\"choices\": [16, 32, 64, 128, 256]}}"}
{"op_code":5,"worker_id":"a9a919f8-fdbd-4401-9bce-e556fa4aa967-139275528476480","trial_id":52,"param_name":"k","param_value_internal":3,"distribution":"{\"name\": \"CategoricalDistribution\", \"attributes\": {\"choices\": [16, 32, 64, 128]}}"}
{"op_code":5,"worker_id":"a9a919f8-fdbd-4401-9bce-e556fa4aa967-139275528476480","trial_id":52,"param_name":"gx","param_value_internal":3,"distribution":"{\"name\": \"CategoricalDistribution\", \"attributes\": {\"choices\": [1, 2, 4, 8]}}"}
{"op_code":5,"worker_id":"a9a919f8-fdbd-4401-9bce-e556fa4aa967-139275528476480","trial_id":52,"param_name":"gy","param_value_internal":2,"distribution":"{\"name\": \"CategoricalDistribution\", \"attributes\": {\"choices\": [1, 2, 4, 8]}}"}
{"op_code":5,"worker_id":"a9a919f8-fdbd-4401-9bce-e556fa4aa967-139275528476480","trial_id":52,"param_name":"sub","param_value_internal":1,"distribution":"{\"name\": \"CategoricalDistribution\", \"attributes\": {\"choices\": [32, 64]}}"}
{"op_code":6,"worker_id":"a9a919f8-fdbd-4401-9bce-e556fa4aa967-139275528476480","trial_id":52,"state":2,"values":null,"datetime_complete":"2026-08-07T13:06:44.483349"}
{"op_code":4,"worker_id":"a9a919f8-fdbd-4401-9bce-e556fa4aa967-139275528476480","study_id":0,"datetime_start":"2026-08-07T13:06:44.485142"}
{"op_code":9,"worker_id":"a9a919f8-fdbd-4401-9bce-e556fa4aa967-139275528476480","trial_id":53,"system_attr":{"tpe:relative_params:0":"{\"gx\": 4, \"gy\": 1, \"k\": 64, \"m\": 64, \"n\": 16, \"sub\": 64}"}}
{"op_code":5,"worker_id":"a9a919f8-fdbd-4401-9bce-e556fa4aa967-139275528476480","trial_id":53,"param_name":"m","param_value_internal":2,"distribution":"{\"name\": \"CategoricalDistribution\", \"attributes\": {\"choices\": [16, 32, 64, 128, 256]}}"}
{"op_code":5,"worker_id":"a9a919f8-fdbd-4401-9bce-e556fa4aa967-139275528476480","trial_id":53,"param_name":"n","param_value_internal":0,"distribution":"{\"name\": \"CategoricalDistribution\", \"attributes\": {\"choices\": [16, 32, 64, 128, 256]}}"}
{"op_code":5,"worker_id":"a9a919f8-fdbd-4401-9bce-e556fa4aa967-139275528476480","trial_id":53,"param_name":"k","param_value_internal":2,"distribution":"{\"name\": \"CategoricalDistribution\", \"attributes\": {\"choices\": [16, 32, 64, 128]}}"}
{"op_code":5,"worker_id":"a9a919f8-fdbd-4401-9bce-e556fa4aa967-139275528476480","trial_id":53,"param_name":"gx","param_value_internal":2,"distribution":"{\"name\": \"CategoricalDistribution\", \"attributes\": {\"choices\": [1, 2, 4, 8]}}"}
{"op_code":5,"worker_id":"a9a919f8-fdbd-4401-9bce-e556fa4aa967-139275528476480","trial_id":53,"param_name":"gy","param_value_internal":0,"distribution":"{\"name\": \"CategoricalDistribution\", \"attributes\": {\"choices\": [1, 2, 4, 8]}}"}
{"op_code":5,"worker_id":"a9a919f8-fdbd-4401-9bce-e556fa4aa967-139275528476480","trial_id":53,"param_name":"sub","param_value_internal":1,"distribution":"{\"name\": \"CategoricalDistribution\", \"attributes\": {\"choices\": [32, 64]}}"}
{"op_code":6,"worker_id":"a9a919f8-fdbd-4401-9bce-e556fa4aa967-139275528476480","trial_id":53,"state":2,"values":null,"datetime_complete":"2026-08-07T13:06:44.502140"}
{"op_code":4,"worker_id":"a9a919f8-fdbd-4401-9bce-e556fa4aa967-139275528476480","study_id":0,"datetime_start":"2026-08-07T13:06:44.503829"}
{"op_code":9,"worker_id":"a9a919f8-fdbd-4401-9bce-e556fa4aa967-139275528476480","trial_id":54,"system_attr":{"tpe:relative_params:0":"{\"gx\": 4, \"gy\": 2, \"k\": 128, \"m\": 16, \"n\": 64, \"sub\": 64}"}}
{"op_code":5,"worker_id":"a9a919f8-fdbd-4401-9bce-e556fa4aa967-139275528476480","trial_id":54,"param_name":"m","param_value_internal":0,"distribution":"{\"name\": \"CategoricalDistribution\", \"attributes\": {\"choices\": [16, 32, 64, 128, 256]}}"}
{"op_code":5,"worker_id":"a9a919f8-fdbd-4401-9bce-e556fa4aa967-139275528476480","trial_id":54,"param_name":"n","param_value_internal":2,"distribution":"{\"name\": \"CategoricalDistribution\", \"attributes\": {\"choices\": [16, 32, 64, 128, 256]}}"}
{"op_code":5,"worker_id":"a9a919f8-fdbd-4401-9bce-e556fa4aa967-139275528476480","trial_id":54,"param_name":"k","param_value_internal":3,"distribution":"{\"name\": \"CategoricalDistribution\", \"attributes\": {\"choices\": [16, 32, 64, 128]}}"}
{"op_code":5,"worker_id":"a9a919f8-fdbd-4401-9bce-e556fa4aa967-139275528476480","trial_id":54,"param_name":"gx","param_value_internal":2,"distribution":"{\"name\": \"CategoricalDistribution\", \"attributes\": {\"choices\": [1, 2, 4, 8]}}"}
{"op_code":5,"worker_id":"a9a919f8-fdbd-4401-9bce-e556fa4aa967-139275528476480","trial_id":54,"param_name":"gy","param_value_internal":1,"distribution":"{\"name\": \"CategoricalDistribution\", \"attributes\": {\"choices\": [1, 2, 4, 8]}}"}
{"op_code":5,"worker_id":"a9a919f8-fdbd-4401-9bce-e556fa4aa967-139275528476480","trial_id":54,"param_name":"sub","param_value_internal":1,"distribution":"{\"name\": \"CategoricalDistribution\", \"attributes\": {\"choices\": [32, 64]}}"}
{"op_code":6,"worker_id":"a9a919f8-fdbd-4401-9bce-e556fa4aa967-139275528476480","trial_id":54,"state":2,"values":null,"datetime_complete":"2026-08-07T13:06:44.519631"}
{"op_code":4,"worker_id":"a9a919f8-fdbd-4401-9bce-e556fa4aa967-139275528476480","study_id":0,"datetime_start":"2026-08-07T13:06:44.521654"}
{"op_code":9,"worker_id":"a9a919f8-fdbd-4401-9bce-e556fa4aa967-139275528476480","trial_id":55,"system_attr":{"tpe:relative_params:0":"{\"gx\": 4, \"gy\": 4, \"k\": 16, \"m\": 32, \"n\": 128, \"sub\": 32}"}}
{"op_code":5,"worker_id":"a9a919f8-fdbd-4401-9bce-e556fa4aa967-139275528476480","trial_id":55,"param_name":"m","param_value_internal":1,"distribution":"{\"name\": \"CategoricalDistribution\", \"attributes\": {\"choices\": [16, 32, 64, 128, 256]}}"}
{"op_code":5,"worker_id":"a9a919f8-fdbd-4401-9bce-e556fa4aa967-139275528476480","trial_id":55,"param_name":"n","param_value_internal":3,"distribution":"{\"name\": \"CategoricalDistribution\", \"attributes\": {\"choices\": [16, 32, 64, 128, 256]}}"}
{"op_code":5,"worker_id":"a9a919f8-fdbd-4401-9bce-e556fa4aa967-139275528476480","trial_id":55,"param_name":"k","param_value_internal":0,"distribution":"{\"name\": \"CategoricalDistribution\", \"attributes\": {\"choices\": [16, 32, 64, 128]}}"}
{"op_code":5,"worker_id":"a9a919f8-fdbd-4401-9bce-e556fa4aa967-139275528476480","trial_id":55,"param_name":"gx","param_value_internal":2,"distribution":"{\"name\": \"CategoricalDistribution\", \"attributes\": {\"choices\": [1, 2, 4, 8]}}"}
{"op_code":5,"worker_id":"a9a919f8-fdbd-4401-9bce-e556fa4aa967-139275528476480","trial_id":55,"param_name":"gy","param_value_internal":2,"distribution":"{\"name\": \"CategoricalDistribution\", \"attributes\": {\"choices\": [1, 2, 4, 8]}}"}
{"op_code":5,"worker_id":"a9a919f8-fdbd-4401-9bce-e556fa4aa967-139275528476480","trial_id":55,"param_name":"sub","param_value_internal":0,"distribution":"{\"name\": \"CategoricalDistribution\", \"attributes\": {\"choices\": [32, 64]}}"}
{"op_code":6,"worker_id":"a9a919f8-fdbd-4401-9bce-e556fa4aa967-139275528476480","trial_id":55,"state":2,"values":null,"datetime_complete":"2026-08-07T13:06:44.536067"}
{"op_code":4,"worker_id":"a9a919f8-fdbd-4401-9bce-e556fa4aa967-139275528476480","study_id":0,"datetime_start":"2026-08-07T13:06:44.537621"}
{"op_code":9,"worker_id":"a9a919f8-fdbd-4401-9bce-e556fa4aa967-139275528476480","trial_id":56,"system_attr":{"tpe:relative_params:0":"{\"gx\": 4, \"gy\": 4, \"k\": 16, \"m\": 16, \"n\": 64, \"sub\": 64}"}}
{"op_code":5,"worker_id":"a9a919f8-fdbd-4401-9bce-e556fa4aa967-139275528476480","trial_id":56,"param_name":"m","param_value_internal":0,"distribution":"{\"name\": \"CategoricalDistribution\", \"attributes\": {\"choices\": [16, 32, 64, 128, 256]}}"}
{"op_code":5,"worker_id":"a9a919f8-fdbd-4401-9bce-e556fa4aa967-139275528476480","trial_id":56,"param_name":"n","param_value_internal":2,"distribution":"{\"name\": \"CategoricalDistribution\", \"attributes\": {\"choices\": [16, 32, 64, 128, 256]}}"}
{"op_code":5,"worker_id":"a9a919f8-fdbd-4401-9bce-e556fa4aa967-139275528476480","trial_id":56,"param_name":"k","param_value_internal":0,"distribution":"{\"name\": \"CategoricalDistribution\", \"attributes\": {\"choices\": [16, 32, 64, 128]}}"}
{"op_code":5,"worker_id":"a9a919f8-fdbd-4401-9bce-e556fa4aa967-139275528476480","trial_id":56,"param_name":"gx","param_value_internal":2,"distribution":"{\"name\": \"CategoricalDistribution\", \"attributes\": {\"choices\": [1, 2, 4, 8]}}"}
{"op_code":5,"worker_id":"a9a919f8-fdbd-4401-9bce-e556fa4aa967-139275528476480","trial_id":56,"param_name":"gy","param_value_internal":2,"distribution":"{\"name\": \"CategoricalDistribution\", \"attributes\": {\"choices\": [1, 2, 4, 8]}}"}
{"op_code":5,"worker_id":"a9a919f8-fdbd-4401-9bce-e556fa4aa967-139275528476480","trial_id":56,"param_name":"sub","param_value_internal":1,"distribution":"{\"name\": \"CategoricalDistribution\", \"attributes\": {\"choices\": [32, 64]}}"}
{"op_code":6,"worker_id":"a9a919f8-fdbd-4401-9bce-e556fa4aa967-139275528476480","trial_id":56,"state":2,"values":null,"datetime_complete":"2026-08-07T13:06:44.554162"}
{"op_code":4,"worker_id":"a9a919f8-fdbd-4401-9bce-e556fa4aa967-139275528476480","study_id":0,"datetime_start":"2026-08-07T13:06:44.556073"}
{"op_code":9,"worker_id":"a9a919f8-fdbd-4401-9bce-e556fa4aa967-139275528476480","trial_id":57,"system_attr":{"tpe:relative_params:0":"{\"gx\": 4, \"gy\": 8, \"k\": 64, \"m\": 32, \"n\": 32, \"sub\": 32}"}}
{"op_code":5,"worker_id":"a9a919f8-fdbd-4401-9bce-e556fa4aa967-139275528476480","trial_id":57,"param_name":"m","param_value_internal":1,"distribution":"{\"name\": \"CategoricalDistribution\", \"attributes\": {\"choices\": [16, 32, 64, 128, 256]}}"}
{"op_code":5,"worker_id":"a9a919f8-fdbd-4401-9bce-e556fa4aa967-139275528476480","trial_id":57,"param_name":"n","param_value_internal":1,"distribution":"{\"name\": \"CategoricalDistribution\", \"attributes\": {\"choices\": [16, 32, 64, 128, 256]}}"}
{"op_code":5,"worker_id":"a9a919f8-fdbd-4401-9bce-e556fa4aa967-139275528476480","trial_id":57,"param_name":"k","param_value_internal":2,"distribution":"{\"name\": \"CategoricalDistribution\", \"attributes\": {\"choices\": [16, 32, 64, 128]}}"}
{"op_code":5,"worker_id":"a9a919f8-fdbd-4401-9bce-e556fa4aa967-139275528476480","trial_id":57,"param_name":"gx","param_value_internal":2,"distribution":"{\"name\": \"CategoricalDistribution\", \"attributes\": {\"choices\": [1, 2, 4, 8]}}"}
{"op_code":5,"worker_id":"a9a919f8-fdbd-4401-9bce-e556fa4aa967-139275528476480","trial_id":57,"param_name":"gy","param_value_internal":3,"distribution":"{\"name\": \"CategoricalDistribution\", \"attributes\": {\"choices\": [1, 2, 4, 8]}}"}
{"op_code":5,"worker_id":"a9a919f8-fdbd-4401-9bce-e556fa4aa967-139275528476480","trial_id":57,"param_name":"sub","param_value_internal":0,"distribution":"{\"name\": \"CategoricalDistribution\", \"attributes\": {\"choices\": [32, 64]}}"}
{"op_code":6,"worker_id":"a9a919f8-fdbd-4401-9bce-e556fa4aa967-139275528476480","trial_id":57,"state":2,"values":null,"datetime_complete":"2026-08-07T13:06:44.575958"}
{"op_code":4,"worker_id":"a9a919f8-fdbd-4401-9bce-e556fa4aa967-139275528476480","study_id":0,"datetime_start":"2026-08-07T13:06:44.578443"}
{"op_code":9,"worker_id":"a9a919f8-fdbd-4401-9bce-e556fa4aa967-139275528476480","trial_id":58,"system_attr":{"tpe:relative_params:0":"{\"gx\": 4, \"gy\": 4, \"k\": 128, \"m\": 256, \"n\": 128, \"sub\": 64}"}}
{"op_code":5,"worker_id":"a9a919f8-fdbd-4401-9bce-e556fa4aa967-139275528476480","trial_id":58,"param_name":"m","param_value_internal":4,"distribution":"{\"name\": \"CategoricalDistribution\", \"attributes\": {\"choices\": [16, 32, 64, 128, 256]}}"}
{"op_code":5,"worker_id":"a9a919f8-fdbd-4401-9bce-e556fa4aa967-139275528476480","trial_id":58,"param_name":"n","param_value_internal":3,"distribution":"{\"name\": \"CategoricalDistribution\", \"attributes\": {\"choices\": [16, 32, 64, 128, 256]}}"}
{"op_code":5,"worker_id":"a9a919f8-fdbd-4401-9bce-e556fa4aa967-139275528476480","trial_id":58,"param_name":"k","param_value_internal":3,"distribution":"{\"name\": \"CategoricalDistribution\", \"attributes\": {\"choices\": [16, 32, 64, 128]}}"}
{"op_code":5,"worker_id":"a9a919f8-fdbd-4401-9bce-e556fa4aa967-139275528476480","trial_id":58,"param_name":"gx","param_value_internal":2,"distribution":"{\"name\": \"CategoricalDistribution\", \"attributes\": {\"choices\": [1, 2, 4, 8]}}"}
{"op_code":5,"worker_id":"a9a919f8-fdbd-4401-9bce-e556fa4aa967-139275528476480","trial_id":58,"param_name":"gy","param_value_internal":2,"distribution":"{\"name\": \"CategoricalDistribution\", \"attributes\": {\"choices\": [1, 2, 4, 8]}}"}
{"op_code":5,"worker_id":"a9a919f8-fdbd-4401-9bce-e556fa4aa967-139275528476480","trial_id":58,"param_name":"sub","param_value_internal":1,"distribution":"{\"name\": \"CategoricalDistribution\", \"attributes\": {\"choices\": [32, 64]}}"}
{"op_code":6,"worker_id":"a9a919f8-fdbd-4401-9bce-e556fa4aa967-139275528476480","trial_id":58,"state":2,"values":null,"datetime_complete":"2026-08-07T13:06:44.601460"}
{"op_code":4,"worker_id":"a9a919f8-fdbd-4401-9bce-e556fa4aa967-139275528476480","study_id":0,"datetime_start":"2026-08-07T13:06:44.603988"}
{"op_code":9,"worker_id":"a9a919f8-fdbd-4401-9bce-e556fa4aa967-139275528476480","trial_id":59,"system_attr":{"tpe:relative_params:0":"{\"gx\": 4, \"gy\": 1, \"k\": 64, \"m\": 256, \"n\": 32, \"sub\": 32}"}}
{"op_code":5,"worker_id":"a9a919f8-fdbd-4401-9bce-e556fa4aa967-139275528476480","trial_id":59,"param_name":"m","param_value_internal":4,"distribution":"{\"name\": \"CategoricalDistribution\", \"attributes\": {\"choices\": [16, 32, 64, 128, 256]}}"}
{"op_code":5,"worker_id":"a9a919f8-fdbd-4401-9bce-e556fa4aa967-139275528476480","trial_id":59,"param_name":"n","param_value_internal":1,"distribution":"{\"name\": \"CategoricalDistribution\", \"attributes\": {\"choices\": [16, 32, 64, 128, 256]}}"}
{"op_code":5,"worker_id":"a9a919f8-fdbd-4401-9bce-e556fa4aa967-139275528476480","trial_id":59,"param_name":"k","param_value_internal":2,"distribution":"{\"name\": \"CategoricalDistribution\", \"attributes\": {\"choices\": [16, 32, 64, 128]}}"}
{"op_code":5,"worker_id":"a9a919f8-fdbd-4401-9bce-e556fa4aa967-139275528476480","trial_id":59,"param_name":"gx","param_value_internal":2,"distribution":"{\"name\": \"CategoricalDistribution\", \"attributes\": {\"choices\": [1, 2, 4, 8]}}"}
{"op_code":5,"worker_id":"a9a919f8-fdbd-4401-9bce-e556fa4aa967-139275528476480","trial_id":59,"param_name":"gy","param_value_internal":0,"distribution":"{\"name\": \"CategoricalDistribution\", \"attributes\": {\"choices\": [1, 2, 4, 8]}}"}
{"op_code":5,"worker_id":"a9a919f8-fdbd-4401-9bce-e556fa4aa967-139275528476480","trial_id":59,"param_name":"sub","param_value_internal":0,"distribution":"{\"name\": \"CategoricalDistribution\", \"attributes\": {\"choices\": [32, 64]}}"}
{"op_code":6,"worker_id":"a9a919f8-fdbd-4401-9bce-e556fa4aa967-139275528476480","trial_id":59,"state":2,"values":null,"datetime_complete":"2026-08-07T13:06:44.624811"}
{"op_code":4,"worker_id":"a9a919f8-fdbd-4401-9bce-e556fa4aa967-139275528476480","study_id":0,"datetime_start":"2026-08-07T13:06:44.626657"}
{"op_code":9,"worker_id":"a9a919f8-fdbd-4401-9bce-e556fa4aa967-139275528476480","trial_id":60,"system_attr":{"tpe:relative_params:0":"{\"gx\": 1, \"gy\": 4, \"k\": 128, \"m\": 256, \"n\": 64, \"sub\": 64}"}}
{"op_code":5,"worker_id":"a9a919f8-fdbd-4401-9bce-e556fa4aa967-139275528476480","trial_id":60,"param_name":"m","param_value_internal":4,"distribution":"{\"name\": \"CategoricalDistribution\", \"attributes\": {\"choices\": [16, 32, 64, 128, 256]}}"}
{"op_code":5,"worker_id":"a9a919f8-fdbd-4401-9bce-e556fa4aa967-139275528476480","trial_id":60,"param_name":"n","param_value_internal":2,"distribution":"{\"name\": \"CategoricalDistribution\", \"attributes\": {\"choices\": [16, 32, 64, 128, 256]}}"}
{"op_code":5,"worker_id":"a9a919f8-fdbd-4401-9bce-e556fa4aa967-139275528476480","trial_id":60,"param_name":"k","param_value_internal":3,"distribution":"{\"name\": \"CategoricalDistribution\", \"attributes\": {\"choices\": [16, 32, 64, 128]}}"}
{"op_code":5,"worker_id":"a9a919f8-fdbd-4401-9bce-e556fa4aa967-139275528476480","trial_id":60,"param_name":"gx","param_value_internal":0,"distribution":"{\"name\": \"CategoricalDistribution\", \"attributes\": {\"choices\": [1, 2, 4, 8]}}"}
{"op_code":5,"worker_id":"a9a919f8-fdbd-4401-9bce-e556fa4aa967-139275528476480","trial_id":60,"param_name":"gy","param_value_internal":2,"distribution":"{\"name\": \"CategoricalDistribution\", \"attributes\": {\"choices\": [1, 2, 4, 8]}}"}
{"op_code":5,"worker_id":"a9a919f8-fdbd-4401-9bce-e556fa4aa967-139275528476480","trial_id":60,"param_name":"sub","param_value_internal":1,"distribution":"{\"name\": \"CategoricalDistribution\", \"attributes\": {\"choices\": [32, 64]}}"}
{"op_code":6,"worker_id":"a9a919f8-fdbd-4401-9bce-e556fa4aa967-139275528476480","trial_id":60,"state":2,"values":null,"datetime_complete":"2026-08-07T13:06:44.645207"}
{"op_code":4,"worker_id":"a9a919f8-fdbd-4401-9bce-e556fa4aa967-139275528476480","study_id":0,"datetime_start":"2026-08-07T13:06:44.647004"}
{"op_code":9,"worker_id":"a9a919f8-fdbd-4401-9bce-e556fa4aa967-139275528476480","trial_id":61,"system_attr":{"tpe:relative_params:0":"{\"gx\": 1, \"gy\": 2, \"k\": 64, \"m\": 256, \"n\": 64, \"sub\": 64}"}}
{"op_code":5,"worker_id":"a9a919f8-fdbd-4401-9bce-e556fa4aa967-139275528476480","trial_id":61,"param_name":"m","param_value_internal":4,"distribution":"{\"name\": \"CategoricalDistribution\", \"attributes\": {\"choices\": [16, 32, 64, 128, 256]}}"}
{"op_code":5,"worker_id":"a9a919f8-fdbd-4401-9bce-e556fa4aa967-139275528476480","trial_id":61,"param_name":"n","param_value_internal":2,"distribution":"{\"name\": \"CategoricalDistribution\", \"attributes\": {\"choices\": [16, 32, 64, 128, 256]}}"}
{"op_code":5,"worker_id":"a9a919f8-fdbd-4401-9bce-e556fa4aa967-139275528476480","trial_id":61,"param_name":"k","param_value_internal":2,"distribution":"{\"name\": \"CategoricalDistribution\", \"attributes\": {\"choices\": [16, 32, 64, 128]}}"}
{"op_code":5,"worker_id":"a9a919f8-fdbd-4401-9bce-e556fa4aa967-139275528476480","trial_id":61,"param_name":"gx","param_value_internal":0,"distribution":"{\"name\": \"CategoricalDistribution\", \"attributes\": {\"choices\": [1, 2, 4, 8]}}"}
{"op_code":5,"worker_id":"a9a919f8-fdbd-4401-9bce-e556fa4aa967-139275528476480","trial_id":61,"param_name":"gy","param_value_internal":1,"distribution":"{\"name\": \"CategoricalDistribution\", \"attributes\": {\"choices\": [1, 2, 4, 8]}}"}
{"op_code":5,"worker_id":"a9a919f8-fdbd-4401-9bce-e556fa4aa967-139275528476480","trial_id":61,"param_name":"sub","param_value_internal":1,"distribution":"{\"name\": \"CategoricalDistribution\", \"attributes\": {\"choices\": [32, 64]}}"}
{"op_code":6,"worker_id":"a9a919f8-fdbd-4401-9bce-e556fa4aa967-139275528476480","trial_id":61,"state":2,"values":null,"datetime_complete":"2026-08-07T13:06:44.664813"}
{"op_code":4,"worker_id":"a9a919f8-fdbd-4401-9bce-e556fa4aa967-139275528476480","study_id":0,"datetime_start":"2026-08-07T13:06:44.666529"}
{"op_code":9,"worker_id":"a9a919f8-fdbd-4401-9bce-e556fa4aa967-139275528476480","trial_id":62,"system_attr":{"tpe:relative_params:0":"{\"gx\": 1, \"gy\": 2, \"k\": 128, \"m\": 256, \"n\": 16, \"sub\": 64}"}}
{"op_code":5,"worker_id":"a9a919f8-fdbd-4401-9bce-e556fa4aa967-139275528476480","trial_id":62,"param_name":"m","param_value_internal":4,"distribution":"{\"name\": \"CategoricalDistribution\", \"attributes\": {\"choices\": [16, 32, 64, 128, 256]}}"}
{"op_code":5,"worker_id":"a9a919f8-fdbd-4401-9bce-e556fa4aa967-139275528476480","trial_id":62,"param_name":"n","param_value_internal":0,"distribution":"{\"name\": \"CategoricalDistribution\", \"attributes\": {\"choices\": [16, 32, 64, 128, 256]}}"}
{"op_code":5,"worker_id":"a9a919f8-fdbd-4401-9bce-e556fa4aa967-139275528476480","trial_id":62,"param_name":"k","param_value_internal":3,"distribution":"{\"name\": \"CategoricalDistribution\", \"attributes\": {\"choices\": [16, 32, 64, 128]}}"}
{"op_code":5,"worker_id":"a9a919f8-fdbd-4401-9bce-e556fa4aa967-139275528476480","trial_id":62,"param_name":"gx","param_value_internal":0,"distribution":"{\"name\": \"CategoricalDistribution\", \"attributes\": {\"choices\": [1, 2, 4, 8]}}"}
{"op_code":5,"worker_id":"a9a919f8-fdbd-4401-9bce-e556fa4aa967-139275528476480","trial_id":62,"param_name":"gy","param_value_internal":1,"distribution":"{\"name\": \"CategoricalDistribution\", \"attributes\": {\"choices\": [1, 2, 4, 8]}}"}
{"op_code":5,"worker_id":"a9a919f8-fdbd-4401-9bce-e556fa4aa967-139275528476480","trial_id":62,"param_name":"sub","param_value_internal":1,"distribution":"{\"name\": \"CategoricalDistribution\", \"attributes\": {\"choices\": [32, 64]}}"}
{"op_code":6,"worker_id":"a9a919f8-fdbd-4401-9bce-e556fa4aa967-139275528476480","trial_id":62,"state":2,"values":null,"datetime_complete":"2026-08-07T13:06:44.685100"}
{"op_code":4,"worker_id":"a9a919f8-fdbd-4401-9bce-e556fa4aa967-139275528476480","study_id":0,"datetime_start":"2026-08-07T13:06:44.687024"}
{"op_code":9,"worker_id":"a9a919f8-fdbd-4401-9bce-e556fa4aa967-139275528476480","trial_id":63,"system_attr":{"tpe:relative_params:0":"{\"gx\": 8, \"gy\": 4, \"k\": 16, \"m\": 256, \"n\": 128, \"sub\": 32}"}}
{"op_code":5,"worker_id":"a9a919f8-fdbd-4401-9bce-e556fa4aa967-139275528476480","trial_id":63,"param_name":"m","param_value_internal":4,"distribution":"{\"name\": \"CategoricalDistribution\", \"attributes\": {\"choices\": [16, 32, 64, 128, 256]}}"}
{"op_code":5,"worker_id":"a9a919f8-fdbd-4401-9bce-e556fa4aa967-139275528476480","trial_id":63,"param_name":"n","param_value_internal":3,"distribution":"{\"name\": \"CategoricalDistribution\", \"attributes\": {\"choices\": [16, 32, 64, 128, 256]}}"}
{"op_code":5,"worker_id":"a9a919f8-fdbd-4401-9bce-e556fa4aa967-139275528476480","trial_id":63,"param_name":"k","param_value_internal":0,"distribution":"{\"name\": \"CategoricalDistribution\", \"attributes\": {\"choices\": [16, 32, 64, 128]}}"}
{"op_code":5,"worker_id":"a9a919f8-fdbd-4401-9bce-e556fa4aa967-139275528476480","trial_id":63,"param_name":"gx","param_value_internal":3,"distribution":"{\"name\": \"CategoricalDistribution\", \"attributes\": {\"choices\": [1, 2, 4, 8]}}"}
{"op_code":5,"worker_id":"a9a919f8-fdbd-4401-9bce-e556fa4aa967-139275528476480","trial_id":63,"param_name":"gy","param_value_internal":2,"distribution":"{\"name\": \"CategoricalDistribution\", \"attributes\": {\"choices\": [1, 2, 4, 8]}}"}
{"op_code":5,"worker_id":"a9a919f8-fdbd-4401-9bce-e556fa4aa967-139275528476480","trial_id":63,"param_name":"sub","param_value_internal":0,"distribution":"{\"name\": \"CategoricalDistribution\", \"attributes\": {\"choices\": [32, 64]}}"}
{"op_code":6,"worker_id":"a9a919f8-fdbd-4401-9bce-e556fa4aa967-139275528476480","trial_id":63,"state":2,"values":null,"datetime_complete":"2026-08-07T13:06:44.704669"}
{"op_code":4,"worker_id":"a9a919f8-fdbd-4401-9bce-e556fa4aa967-139275528476480","study_id":0,"datetime_start":"2026-08-07T13:06:44.706552"}
{"op_code":9,"worker_id":"a9a919f8-fdbd-4401-9bce-e556fa4aa967-139275528476480","trial_id":64,"system_attr":{"tpe:relative_params:0":"{\"gx\": 2, \"gy\": 2, \"k\": 16, \"m\": 64, \"n\": 128, \"sub\": 32}"}}
{"op_code":5,"worker_id":"a9a919f8-fdbd-4401-9bce-e556fa4aa967-139275528476480","trial_id":64,"param_name":"m","param_value_internal":2,"distribution":"{\"name\": \"CategoricalDistribution\", \"attributes\": {\"choices\": [16, 32, 64, 128, 256]}}"}
{"op_code":5,"worker_id":"a9a919f8-fdbd-4401-9bce-e556fa4aa967-139275528476480","trial_id":64,"param_name":"n","param_value_internal":3,"distribution":"{\"name\": \"CategoricalDistribution\", \"attributes\": {\"choices\": [16, 32, 64, 128, 256]}}"}
{"op_code":5,"worker_id":"a9a919f8-fdbd-4401-9bce-e556fa4aa967-139275528476480","trial_id":64,"param_name":"k","param_value_internal":0,"distribution":"{\"name\": \"CategoricalDistribution\", \"attributes\": {\"choices\": [16, 32, 64, 128]}}"}
{"op_code":5,"worker_id":"a9a919f8-fdbd-4401-9bce-e556fa4aa967-139275528476480","trial_id":64,"param_name":"gx","param_value_internal":1,"distribution":"{\"name\": \"CategoricalDistribution\", \"attributes\": {\"choices\": [1, 2, 4, 8]}}"}
{"op_code":5,"worker_id":"a9a919f8-fdbd-4401-9bce-e556fa4aa967-139275528476480","trial_id":64,"param_name":"gy","param_value_internal":1,"distribution":"{\"name\": \"CategoricalDistribution\", \"attributes\": {\"choices\": [1, 2, 4, 8]}}"}
{"op_code":5,"worker_id":"a9a919f8-fdbd-4401-9bce-e556fa4aa967-139275528476480","trial_id":64,"param_name":"sub","param_value_internal":0,"distribution":"{\"name\": \"CategoricalDistribution\", \"attributes\": {\"choices\": [32, 64]}}"}
{"op_code":8,"worker_id":"a9a919f8-fdbd-4401-9bce-e556fa4aa967-139275528476480","trial_id":64,"user_attr":{"token":"tsweep_dbuf4_t64x128k16g22s32"}}
{"op_code":4,"worker_id":"a9a919f8-fdbd-4401-9bce-e556fa4aa967-139275528476480","study_id":0,"datetime_start":"2026-08-07T13:06:44.724781"}
{"op_code":9,"worker_id":"a9a919f8-fdbd-4401-9bce-e556fa4aa967-139275528476480","trial_id":65,"system_attr":{"tpe:relative_params:0":"{\"gx\": 1, \"gy\": 2, \"k\": 128, \"m\": 256, \"n\": 64, \"sub\": 64}"}}
{"op_code":5,"worker_id":"a9a919f8-fdbd-4401-9bce-e556fa4aa967-139275528476480","trial_id":65,"param_name":"m","param_value_internal":4,"distribution":"{\"name\": \"CategoricalDistribution\", \"attributes\": {\"choices\": [16, 32, 64, 128, 256]}}"}
{"op_code":5,"worker_id":"a9a919f8-fdbd-4401-9bce-e556fa4aa967-139275528476480","trial_id":65,"param_name":"n","param_value_internal":2,"distribution":"{\"name\": \"CategoricalDistribution\", \"attributes\": {\"choices\": [16, 32, 64, 128, 256]}}"}
{"op_code":5,"worker_id":"a9a919f8-fdbd-4401-9bce-e556fa4aa967-139275528476480","trial_id":65,"param_name":"k","param_value_internal":3,"distribution":"{\"name\": \"CategoricalDistribution\", \"attributes\": {\"choices\": [16, 32, 64, 128]}}"}
{"op_code":5,"worker_id":"a9a919f8-fdbd-4401-9bce-e556fa4aa967-139275528476480","trial_id":65,"param_name":"gx","param_value_internal":0,"distribution":"{\"name\": \"CategoricalDistribution\", \"attributes\": {\"choices\": [1, 2, 4, 8]}}"}
{"op_code":5,"worker_id":"a9a919f8-fdbd-4401-9bce-e556fa4aa967-139275528476480","trial_id":65,"param_name":"gy","param_value_internal":1,"distribution":"{\"name\": \"CategoricalDistribution\", \"attributes\": {\"choices\": [1, 2, 4, 8]}}"}
{"op_code":5,"worker_id":"a9a919f8-fdbd-4401-9bce-e556fa4aa967-139275528476480","trial_id":65,"param_name":"sub","param_value_internal":1,"distribution":"{\"name\": \"CategoricalDistribution\", \"attributes\": {\"choices\": [32, 64]}}"}
{"op_code":6,"worker_id":"a9a919f8-fdbd-4401-9bce-e556fa4aa967-139275528476480","trial_id":65,"state":2,"values":null,"datetime_complete":"2026-08-07T13:06:44.743097"}
{"op_code":4,"worker_id":"a9a919f8-fdbd-4401-9bce-e556fa4aa967-139275528476480","study_id":0,"datetime_start":"2026-08-07T13:06:44.745015"}
{"op_code":9,"worker_id":"a9a919f8-fdbd-4401-9bce-e556fa4aa967-139275528476480","trial_id":66,"system_attr":{"tpe:relative_params:0":"{\"gx\": 2, \"gy\": 1, \"k\": 128, \"m\": 64, \"n\": 64, \"sub\": 64}"}}
{"op_code":5,"worker_id":"a9a919f8-fdbd-4401-9bce-e556fa4aa967-139275528476480","trial_id":66,"param_name":"m","param_value_internal":2,"distribution":"{\"name\": \"CategoricalDistribution\", \"attributes\": {\"choices\": [16, 32, 64, 128, 256]}}"}
{"op_code":5,"worker_id":"a9a919f8-fdbd-4401-9bce-e556fa4aa967-139275528476480","trial_id":66,"param_name":"n","param_value_internal":2,"distribution":"{\"name\": \"CategoricalDistribution\", \"attributes\": {\"choices\": [16, 32, 64, 128, 256]}}"}
{"op_code":5,"worker_id":"a9a919f8-fdbd-4401-9bce-e556fa4aa967-139275528476480","trial_id":66,"param_name":"k","param_value_internal":3,"distribution":"{\"name\": \"CategoricalDistribution\", \"attributes\": {\"choices\": [16, 32, 64, 128]}}"}
{"op_code":5,"worker_id":"a9a919f8-fdbd-4401-9bce-e556fa4aa967-139275528476480","trial_id":66,"param_name":"gx","param_value_internal":1,"distribution":"{\"name\": \"CategoricalDistribution\", \"attributes\": {\"choices\": [1, 2, 4, 8]}}"}
{"op_code":5,"worker_id":"a9a919f8-fdbd-4401-9bce-e556fa4aa967-139275528476480","trial_id":66,"param_name":"gy","param_value_internal":0,"distribution":"{\"name\": \"CategoricalDistribution\", \"attributes\": {\"choices\": [1, 2, 4, 8]}}"}
{"op_code":5,"worker_id":"a9a919f8-fdbd-4401-9bce-e556fa4aa967-139275528476480","trial_id":66,"param_name":"sub","param_value_internal":1,"distribution":"{\"name\": \"CategoricalDistribution\", \"attributes\": {\"choices\": [32, 64]}}"}
{"op_code":6,"worker_id":"a9a919f8-fdbd-4401-9bce-e556fa4aa967-139275528476480","trial_id":66,"state":2,"values":null,"datetime_complete":"2026-08-07T13:06:44.763519"}
{"op_code":4,"worker_id":"a9a919f8-fdbd-4401-9bce-e556fa4aa967-139275528476480","study_id":0,"datetime_start":"2026-08-07T13:06:44.765530"}
{"op_code":9,"worker_id":"a9a919f8-fdbd-4401-9bce-e556fa4aa967-139275528476480","trial_id":67,"system_attr":{"tpe:relative_params:0":"{\"gx\": 8, \"gy\": 1, \"k\": 64, \"m\": 16, \"n\": 128, \"sub\": 64}"}}
{"op_code":5,"worker_id":"a9a919f8-fdbd-4401-9bce-e556fa4aa967-139275528476480","trial_id":67,"param_name":"m","param_value_internal":0,"distribution":"{\"name\": \"CategoricalDistribution\", \"attributes\": {\"choices\": [16, 32, 64, 128, 256]}}"}
{"op_code":5,"worker_id":"a9a919f8-fdbd-4401-9bce-e556fa4aa967-139275528476480","trial_id":67,"param_name":"n","param_value_internal":3,"distribution":"{\"name\": \"CategoricalDistribution\", \"attributes\": {\"choices\": [16, 32, 64, 128, 256]}}"}
{"op_code":5,"worker_id":"a9a919f8-fdbd-4401-9bce-e556fa4aa967-139275528476480","trial_id":67,"param_name":"k","param_value_internal":2,"distribution":"{\"name\": \"CategoricalDistribution\", \"attributes\": {\"choices\": [16, 32, 64, 128]}}"}
{"op_code":5,"worker_id":"a9a919f8-fdbd-4401-9bce-e556fa4aa967-139275528476480","trial_id":67,"param_name":"gx","param_value_internal":3,"distribution":"{\"name\": \"CategoricalDistribution\", \"attributes\": {\"choices\": [1, 2, 4, 8]}}"}
{"op_code":5,"worker_id":"a9a919f8-fdbd-4401-9bce-e556fa4aa967-139275528476480","trial_id":67,"param_name":"gy","param_value_internal":0,"distribution":"{\"name\": \"CategoricalDistribution\", \"attributes\": {\"choices\": [1, 2, 4, 8]}}"}
{"op_code":5,"worker_id":"a9a919f8-fdbd-4401-9bce-e556fa4aa967-139275528476480","trial_id":67,"param_name":"sub","param_value_internal":1,"distribution":"{\"name\": \"CategoricalDistribution\", \"attributes\": {\"choices\": [32, 64]}}"}
{"op_code":6,"worker_id":"a9a919f8-fdbd-4401-9bce-e556fa4aa967-139275528476480","trial_id":67,"state":2,"values":null,"datetime_complete":"2026-08-07T13:06:44.785446"}
{"op_code":4,"worker_id":"a9a919f8-fdbd-4401-9bce-e556fa4aa967-139275528476480","study_id":0,"datetime_start":"2026-08-07T13:06:44.787458"}
{"op_code":9,"worker_id":"a9a919f8-fdbd-4401-9bce-e556fa4aa967-139275528476480","trial_id":68,"system_attr":{"tpe:relative_params:0":"{\"gx\": 4, \"gy\": 8, \"k\": 64, \"m\": 16, \"n\": 32, \"sub\": 64}"}}
{"op_code":5,"worker_id":"a9a919f8-fdbd-4401-9bce-e556fa4aa967-139275528476480","trial_id":68,"param_name":"m","param_value_internal":0,"distribution":"{\"name\": \"CategoricalDistribution\", \"attributes\": {\"choices\": [16, 32, 64, 128, 256]}}"}
{"op_code":5,"worker_id":"a9a919f8-fdbd-4401-9bce-e556fa4aa967-139275528476480","trial_id":68,"param_name":"n","param_value_internal":1,"distribution":"{\"name\": \"CategoricalDistribution\", \"attributes\": {\"choices\": [16, 32, 64, 128, 256]}}"}
{"op_code":5,"worker_id":"a9a919f8-fdbd-4401-9bce-e556fa4aa967-139275528476480","trial_id":68,"param_name":"k","param_value_internal":2,"distribution":"{\"name\": \"CategoricalDistribution\", \"attributes\": {\"choices\": [16, 32, 64, 128]}}"}
{"op_code":5,"worker_id":"a9a919f8-fdbd-4401-9bce-e556fa4aa967-139275528476480","trial_id":68,"param_name":"gx","param_value_internal":2,"distribution":"{\"name\": \"CategoricalDistribution\", \"attributes\": {\"choices\": [1, 2, 4, 8]}}"}
{"op_code":5,"worker_id":"a9a919f8-fdbd-4401-9bce-e556fa4aa967-139275528476480","trial_id":68,"param_name":"gy","param_value_internal":3,"distribution":"{\"name\": \"CategoricalDistribution\", \"attributes\": {\"choices\": [1, 2, 4, 8]}}"}
{"op_code":5,"worker_id":"a9a919f8-fdbd-4401-9bce-e556fa4aa967-139275528476480","trial_id":68,"param_name":"sub","param_value_internal":1,"distribution":"{\"name\": \"CategoricalDistribution\", \"attributes\": {\"choices\": [32, 64]}}"}
{"op_code":6,"worker_id":"a9a919f8-fdbd-4401-9bce-e556fa4aa967-139275528476480","trial_id":68,"state":2,"values":null,"datetime_complete":"2026-08-07T13:06:44.806626"}
{"op_code":4,"worker_id":"a9a919f8-fdbd-4401-9bce-e556fa4aa967-139275528476480","study_id":0,"datetime_start":"2026-08-07T13:06:44.808481"}
{"op_code":9,"worker_id":"a9a919f8-fdbd-4401-9bce-e556fa4aa967-139275528476480","trial_id":69,"system_attr":{"tpe:relative_params:0":"{\"gx\": 4, \"gy\": 2, \"k\": 32, \"m\": 256, \"n\": 64, \"sub\": 64}"}}
{"op_code":5,"worker_id":"a9a919f8-fdbd-4401-9bce-e556fa4aa967-139275528476480","trial_id":69,"param_name":"m","param_value_internal":4,"distribution":"{\"name\": \"CategoricalDistribution\", \"attributes\": {\"choices\": [16, 32, 64, 128, 256]}}"}
{"op_code":5,"worker_id":"a9a919f8-fdbd-4401-9bce-e556fa4aa967-139275528476480","trial_id":69,"param_name":"n","param_value_internal":2,"distribution":"{\"name\": \"CategoricalDistribution\", \"attributes\": {\"choices\": [16, 32, 64, 128, 256]}}"}
{"op_code":5,"worker_id":"a9a919f8-fdbd-4401-9bce-e556fa4aa967-139275528476480","trial_id":69,"param_name":"k","param_value_internal":1,"distribution":"{\"name\": \"CategoricalDistribution\", \"attributes\": {\"choices\": [16, 32, 64, 128]}}"}
{"op_code":5,"worker_id":"a9a919f8-fdbd-4401-9bce-e556fa4aa967-139275528476480","trial_id":69,"param_name":"gx","param_value_internal":2,"distribution":"{\"name\": \"CategoricalDistribution\", \"attributes\": {\"choices\": [1, 2, 4, 8]}}"}
{"op_code":5,"worker_id":"a9a919f8-fdbd-4401-9bce-e556fa4aa967-139275528476480","trial_id":69,"param_name":"gy","param_value_internal":1,"distribution":"{\"name\": \"CategoricalDistribution\", \"attributes\": {\"choices\": [1, 2, 4, 8]}}"}
{"op_code":5,"worker_id":"a9a919f8-fdbd-4401-9bce-e556fa4aa967-139275528476480","trial_id":69,"param_name":"sub","param_value_internal":1,"distribution":"{\"name\": \"CategoricalDistribution\", \"attributes\": {\"choices\": [32, 64]}}"}
{"op_code":6,"worker_id":"a9a919f8-fdbd-4401-9bce-e556fa4aa967-139275528476480","trial_id":69,"state":2,"values":null,"datetime_complete":"2026-08-07T13:06:44.826987"}
{"op_code":4,"worker_id":"a9a919f8-fdbd-4401-9bce-e556fa4aa967-139275528476480","study_id":0,"datetime_start":"2026-08-07T13:06:44.829344"}
{"op_code":9,"worker_id":"a9a919f8-fdbd-4401-9bce-e556fa4aa967-139275528476480","trial_id":70,"system_attr":{"tpe:relative_params:0":"{\"gx\": 1, \"gy\": 2, \"k\": 128, \"m\": 32, \"n\": 64, \"sub\": 32}"}}
{"op_code":5,"worker_id":"a9a919f8-fdbd-4401-9bce-e556fa4aa967-139275528476480","trial_id":70,"param_name":"m","param_value_internal":1,"distribution":"{\"name\": \"CategoricalDistribution\", \"attributes\": {\"choices\": [16, 32, 64, 128, 256]}}"}
{"op_code":5,"worker_id":"a9a919f8-fdbd-4401-9bce-e556fa4aa967-139275528476480","trial_id":70,"param_name":"n","param_value_internal":2,"distribution":"{\"name\": \"CategoricalDistribution\", \"attributes\": {\"choices\": [16, 32, 64, 128, 256]}}"}
{"op_code":5,"worker_id":"a9a919f8-fdbd-4401-9bce-e556fa4aa967-139275528476480","trial_id":70,"param_name":"k","param_value_internal":3,"distribution":"{\"name\": \"CategoricalDistribution\", \"attributes\": {\"choices\": [16, 32, 64, 128]}}"}
{"op_code":5,"worker_id":"a9a919f8-fdbd-4401-9bce-e556fa4aa967-139275528476480","trial_id":70,"param_name":"gx","param_value_internal":0,"distribution":"{\"name\": \"CategoricalDistribution\", \"attributes\": {\"choices\": [1, 2, 4, 8]}}"}
{"op_code":5,"worker_id":"a9a919f8-fdbd-4401-9bce-e556fa4aa967-139275528476480","trial_id":70,"param_name":"gy","param_value_internal":1,"distribution":"{\"name\": \"CategoricalDistribution\", \"attributes\": {\"choices\": [1, 2, 4, 8]}}"}
{"op_code":5,"worker_id":"a9a919f8-fdbd-4401-9bce-e556fa4aa967-139275528476480","trial_id":70,"param_name":"sub","param_value_internal":0,"distribution":"{\"name\": \"CategoricalDistribution\", \"attributes\": {\"choices\": [32, 64]}}"}
{"op_code":8,"worker_id":"a9a919f8-fdbd-4401-9bce-e556fa4aa967-139275528476480","trial_id":70,"user_attr":{"token":"tsweep_dbuf4_t32x64k128g12s32"}}
{"op_code":4,"worker_id":"a9a919f8-fdbd-4401-9bce-e556fa4aa967-139275528476480","study_id":0,"datetime_start":"2026-08-07T13:06:44.851053"}
{"op_code":9,"worker_id":"a9a919f8-fdbd-4401-9bce-e556fa4aa967-139275528476480","trial_id":71,"system_attr":{"tpe:relative_params:0":"{\"gx\": 8, \"gy\": 4, \"k\": 16, \"m\": 64, \"n\": 16, \"sub\": 32}"}}
{"op_code":5,"worker_id":"a9a919f8-fdbd-4401-9bce-e556fa4aa967-139275528476480","trial_id":71,"param_name":"m","param_value_internal":2,"distribution":"{\"name\": \"CategoricalDistribution\", \"attributes\": {\"choices\": [16, 32, 64, 128, 256]}}"}
{"op_code":5,"worker_id":"a9a919f8-fdbd-4401-9bce-e556fa4aa967-139275528476480","trial_id":71,"param_name":"n","param_value_internal":0,"distribution":"{\"name\": \"CategoricalDistribution\", \"attributes\": {\"choices\": [16, 32, 64, 128, 256]}}"}
{"op_code":5,"worker_id":"a9a919f8-fdbd-4401-9bce-e556fa4aa967-139275528476480","trial_id":71,"param_name":"k","param_value_internal":0,"distribution":"{\"name\": \"CategoricalDistribution\", \"attributes\": {\"choices\": [16, 32, 64, 128]}}"}
{"op_code":5,"worker_id":"a9a919f8-fdbd-4401-9bce-e556fa4aa967-139275528476480","trial_id":71,"param_name":"gx","param_value_internal":3,"distribution":"{\"name\": \"CategoricalDistribution\", \"attributes\": {\"choices\": [1, 2, 4, 8]}}"}
{"op_code":5,"worker_id":"a9a919f8-fdbd-4401-9bce-e556fa4aa967-139275528476480","trial_id":71,"param_name":"gy","param_value_internal":2,"distribution":"{\"name\": \"CategoricalDistribution\", \"attributes\": {\"choices\": [1, 2, 4, 8]}}"}
{"op_code":5,"worker_id":"a9a919f8-fdbd-4401-9bce-e556fa4aa967-139275528476480","trial_id":71,"param_name":"sub","param_value_internal":0,"distribution":"{\"name\": \"CategoricalDistribution\", \"attributes\": {\"choices\": [32, 64]}}"}
{"op_code":6,"worker_id":"a9a919f8-fdbd-4401-9bce-e556fa4aa967-139275528476480","trial_id":71,"state":2,"values":null,"datetime_complete":"2026-08-07T13:06:44.870647"}
{"op_code":4,"worker_id":"a9a919f8-fdbd-4401-9bce-e556fa4aa967-139275528476480","study_id":0,"datetime_start":"2026-08-07T13:06:44.872563"}
{"op_code":9,"worker_id":"a9a919f8-fdbd-4401-9bce-e556fa4aa967-139275528476480","trial_id":72,"system_attr":{"tpe:relative_params:0":"{\"gx\": 2, \"gy\": 1, \"k\": 64, \"m\": 256, \"n\": 32, \"sub\": 64}"}}
{"op_code":5,"worker_id":"a9a919f8-fdbd-4401-9bce-e556fa4aa967-139275528476480","trial_id":72,"param_name":"m","param_value_internal":4,"distribution":"{\"name\": \"CategoricalDistribution\", \"attributes\": {\"choices\": [16, 32, 64, 128, 256]}}"}
{"op_code":5,"worker_id":"a9a919f8-fdbd-4401-9bce-e556fa4aa967-139275528476480","trial_id":72,"param_name":"n","param_value_internal":1,"distribution":"{\"name\": \"CategoricalDistribution\", \"attributes\": {\"choices\": [16, 32, 64, 128, 256]}}"}
{"op_code":5,"worker_id":"a9a919f8-fdbd-4401-9bce-e556fa4aa967-139275528476480","trial_id":72,"param_name":"k","param_value_internal":2,"distribution":"{\"name\": \"CategoricalDistribution\", \"attributes\": {\"choices\": [16, 32, 64, 128]}}"}
{"op_code":5,"worker_id":"a9a919f8-fdbd-4401-9bce-e556fa4aa967-139275528476480","trial_id":72,"param_name":"gx","param_value_internal":1,"distribution":"{\"name\": \"CategoricalDistribution\", \"attributes\": {\"choices\": [1, 2, 4, 8]}}"}
{"op_code":5,"worker_id":"a9a919f8-fdbd-4401-9bce-e556fa4aa967-139275528476480","trial_id":72,"param_name":"gy","param_value_internal":0,"distribution":"{\"name\": \"CategoricalDistribution\", \"attributes\": {\"choices\": [1, 2, 4, 8]}}"}
{"op_code":5,"worker_id":"a9a919f8-fdbd-4401-9bce-e556fa4aa967-139275528476480","trial_id":72,"param_name":"sub","param_value_internal":1,"distribution":"{\"name\": \"CategoricalDistribution\", \"attributes\": {\"choices\": [32, 64]}}"}
{"op_code":6,"worker_id":"a9a919f8-fdbd-4401-9bce-e556fa4aa967-139275528476480","trial_id":72,"state":2,"values":null,"datetime_complete":"2026-08-07T13:06:44.891815"}
{"op_code":4,"worker_id":"a9a919f8-fdbd-4401-9bce-e556fa4aa967-139275528476480","study_id":0,"datetime_start":"2026-08-07T13:06:44.893780"}
{"op_code":9,"worker_id":"a9a919f8-fdbd-4401-9bce-e556fa4aa967-139275528476480","trial_id":73,"system_attr":{"tpe:relative_params:0":"{\"gx\": 8, \"gy\": 4, \"k\": 32, \"m\": 64, \"n\": 128, \"sub\": 32}"}}
{"op_code":5,"worker_id":"a9a919f8-fdbd-4401-9bce-e556fa4aa967-139275528476480","trial_id":73,"param_name":"m","param_value_internal":2,"distribution":"{\"name\": \"CategoricalDistribution\", \"attributes\": {\"choices\": [16, 32, 64, 128, 256]}}"}
{"op_code":5,"worker_id":"a9a919f8-fdbd-4401-9bce-e556fa4aa967-139275528476480","trial_id":73,"param_name":"n","param_value_internal":3,"distribution":"{\"name\": \"CategoricalDistribution\", \"attributes\": {\"choices\": [16, 32, 64, 128, 256]}}"}
{"op_code":5,"worker_id":"a9a919f8-fdbd-4401-9bce-e556fa4aa967-139275528476480","trial_id":73,"param_name":"k","param_value_internal":1,"distribution":"{\"name\": \"CategoricalDistribution\", \"attributes\": {\"choices\": [16, 32, 64, 128]}}"}
{"op_code":5,"worker_id":"a9a919f8-fdbd-4401-9bce-e556fa4aa967-139275528476480","trial_id":73,"param_name":"gx","param_value_internal":3,"distribution":"{\"name\": \"CategoricalDistribution\", \"attributes\": {\"choices\": [1, 2, 4, 8]}}"}
{"op_code":5,"worker_id":"a9a919f8-fdbd-4401-9bce-e556fa4aa967-139275528476480","trial_id":73,"param_name":"gy","param_value_internal":2,"distribution":"{\"name\": \"CategoricalDistribution\", \"attributes\": {\"choices\": [1, 2, 4, 8]}}"}
{"op_code":5,"worker_id":"a9a919f8-fdbd-4401-9bce-e556fa4aa967-139275528476480","trial_id":73,"param_name":"sub","param_value_internal":0,"distribution":"{\"name\": \"CategoricalDistribution\", \"attributes\": {\"choices\": [32, 64]}}"}
{"op_code":6,"worker_id":"a9a919f8-fdbd-4401-9bce-e556fa4aa967-139275528476480","trial_id":73,"state":2,"values":null,"datetime_complete":"2026-08-07T13:06:44.913524"}
{"op_code":4,"worker_id":"a9a919f8-fdbd-4401-9bce-e556fa4aa967-139275528476480","study_id":0,"datetime_start":"2026-08-07T13:06:44.915545"}
{"op_code":9,"worker_id":"a9a919f8-fdbd-4401-9bce-e556fa4aa967-139275528476480","trial_id":74,"system_attr":{"tpe:relative_params:0":"{\"gx\": 1, \"gy\": 1, \"k\": 16, \"m\": 16, \"n\": 32, \"sub\": 64}"}}
{"op_code":5,"worker_id":"a9a919f8-fdbd-4401-9bce-e556fa4aa967-139275528476480","trial_id":74,"param_name":"m","param_value_internal":0,"distribution":"{\"name\": \"CategoricalDistribution\", \"attributes\": {\"choices\": [16, 32, 64, 128, 256]}}"}
{"op_code":5,"worker_id":"a9a919f8-fdbd-4401-9bce-e556fa4aa967-139275528476480","trial_id":74,"param_name":"n","param_value_internal":1,"distribution":"{\"name\": \"CategoricalDistribution\", \"attributes\": {\"choices\": [16, 32, 64, 128, 256]}}"}
{"op_code":5,"worker_id":"a9a919f8-fdbd-4401-9bce-e556fa4aa967-139275528476480","trial_id":74,"param_name":"k","param_value_internal":0,"distribution":"{\"name\": \"CategoricalDistribution\", \"attributes\": {\"choices\": [16, 32, 64, 128]}}"}
{"op_code":5,"worker_id":"a9a919f8-fdbd-4401-9bce-e556fa4aa967-139275528476480","trial_id":74,"param_name":"gx","param_value_internal":0,"distribution":"{\"name\": \"CategoricalDistribution\", \"attributes\": {\"choices\": [1, 2, 4, 8]}}"}
{"op_code":5,"worker_id":"a9a919f8-fdbd-4401-9bce-e556fa4aa967-139275528476480","trial_id":74,"param_name":"gy","param_value_internal":0,"distribution":"{\"name\": \"CategoricalDistribution\", \"attributes\": {\"choices\": [1, 2, 4, 8]}}"}
{"op_code":5,"worker_id":"a9a919f8-fdbd-4401-9bce-e556fa4aa967-139275528476480","trial_id":74,"param_name":"sub","param_value_internal":1,"distribution":"{\"name\": \"CategoricalDistribution\", \"attributes\": {\"choices\": [32, 64]}}"}
{"op_code":6,"worker_id":"a9a919f8-fdbd-4401-9bce-e556fa4aa967-139275528476480","trial_id":74,"state":2,"values":null,"datetime_complete":"2026-08-07T13:06:44.934757"}
{"op_code":4,"worker_id":"a9a919f8-fdbd-4401-9bce-e556fa4aa967-139275528476480","study_id":0,"datetime_start":"2026-08-07T13:06:44.936755"}
{"op_code":9,"worker_id":"a9a919f8-fdbd-4401-9bce-e556fa4aa967-139275528476480","trial_id":75,"system_attr":{"tpe:relative_params:0":"{\"gx\": 8, \"gy\": 4, \"k\": 16, \"m\": 64, \"n\": 128, \"sub\": 32}"}}
{"op_code":5,"worker_id":"a9a919f8-fdbd-4401-9bce-e556fa4aa967-139275528476480","trial_id":75,"param_name":"m","param_value_internal":2,"distribution":"{\"name\": \"CategoricalDistribution\", \"attributes\": {\"choices\": [16, 32, 64, 128, 256]}}"}
{"op_code":5,"worker_id":"a9a919f8-fdbd-4401-9bce-e556fa4aa967-139275528476480","trial_id":75,"param_name":"n","param_value_internal":3,"distribution":"{\"name\": \"CategoricalDistribution\", \"attributes\": {\"choices\": [16, 32, 64, 128, 256]}}"}
{"op_code":5,"worker_id":"a9a919f8-fdbd-4401-9bce-e556fa4aa967-139275528476480","trial_id":75,"param_name":"k","param_value_internal":0,"distribution":"{\"name\": \"CategoricalDistribution\", \"attributes\": {\"choices\": [16, 32, 64, 128]}}"}
{"op_code":5,"worker_id":"a9a919f8-fdbd-4401-9bce-e556fa4aa967-139275528476480","trial_id":75,"param_name":"gx","param_value_internal":3,"distribution":"{\"name\": \"CategoricalDistribution\", \"attributes\": {\"choices\": [1, 2, 4, 8]}}"}
{"op_code":5,"worker_id":"a9a919f8-fdbd-4401-9bce-e556fa4aa967-139275528476480","trial_id":75,"param_name":"gy","param_value_internal":2,"distribution":"{\"name\": \"CategoricalDistribution\", \"attributes\": {\"choices\": [1, 2, 4, 8]}}"}
{"op_code":5,"worker_id":"a9a919f8-fdbd-4401-9bce-e556fa4aa967-139275528476480","trial_id":75,"param_name":"sub","param_value_internal":0,"distribution":"{\"name\": \"CategoricalDistribution\", \"attributes\": {\"choices\": [32, 64]}}"}
{"op_code":6,"worker_id":"a9a919f8-fdbd-4401-9bce-e556fa4aa967-139275528476480","trial_id":75,"state":2,"values":null,"datetime_complete":"2026-08-07T13:06:44.954889"}
{"op_code":4,"worker_id":"a9a919f8-fdbd-4401-9bce-e556fa4aa967-139275528476480","study_id":0,"datetime_start":"2026-08-07T13:06:44.956773"}
{"op_code":9,"worker_id":"a9a919f8-fdbd-4401-9bce-e556fa4aa967-139275528476480","trial_id":76,"system_attr":{"tpe:relative_params:0":"{\"gx\": 4, \"gy\": 1, \"k\": 32, \"m\": 16, \"n\": 32, \"sub\": 64}"}}
{"op_code":5,"worker_id":"a9a919f8-fdbd-4401-9bce-e556fa4aa967-139275528476480","trial_id":76,"param_name":"m","param_value_internal":0,"distribution":"{\"name\": \"CategoricalDistribution\", \"attributes\": {\"choices\": [16, 32, 64, 128, 256]}}"}
{"op_code":5,"worker_id":"a9a919f8-fdbd-4401-9bce-e556fa4aa967-139275528476480","trial_id":76,"param_name":"n","param_value_internal":1,"distribution":"{\"name\": \"CategoricalDistribution\", \"attributes\": {\"choices\": [16, 32, 64, 128, 256]}}"}
{"op_code":5,"worker_id":"a9a919f8-fdbd-4401-9bce-e556fa4aa967-139275528476480","trial_id":76,"param_name":"k","param_value_internal":1,"distribution":"{\"name\": \"CategoricalDistribution\", \"attributes\": {\"choices\": [16, 32, 64, 128]}}"}
{"op_code":5,"worker_id":"a9a919f8-fdbd-4401-9bce-e556fa4aa967-139275528476480","trial_id":76,"param_name":"gx","param_value_internal":2,"distribution":"{\"name\": \"CategoricalDistribution\", \"attributes\": {\"choices\": [1, 2, 4, 8]}}"}
{"op_code":5,"worker_id":"a9a919f8-fdbd-4401-9bce-e556fa4aa967-139275528476480","trial_id":76,"param_name":"gy","param_value_internal":0,"distribution":"{\"name\": \"CategoricalDistribution\", \"attributes\": {\"choices\": [1, 2, 4, 8]}}"}
{"op_code":5,"worker_id":"a9a919f8-fdbd-4401-9bce-e556fa4aa967-139275528476480","trial_id":76,"param_name":"sub","param_value_internal":1,"distribution":"{\"name\": \"CategoricalDistribution\", \"attributes\": {\"choices\": [32, 64]}}"}
{"op_code":6,"worker_id":"a9a919f8-fdbd-4401-9bce-e556fa4aa967-139275528476480","trial_id":76,"state":2,"values":null,"datetime_complete":"2026-08-07T13:06:44.975090"}
{"op_code":4,"worker_id":"a9a919f8-fdbd-4401-9bce-e556fa4aa967-139275528476480","study_id":0,"datetime_start":"2026-08-07T13:06:44.976971"}
{"op_code":9,"worker_id":"a9a919f8-fdbd-4401-9bce-e556fa4aa967-139275528476480","trial_id":77,"system_attr":{"tpe:relative_params:0":"{\"gx\": 4, \"gy\": 1, \"k\": 64, \"m\": 16, \"n\": 16, \"sub\": 32}"}}
{"op_code":5,"worker_id":"a9a919f8-fdbd-4401-9bce-e556fa4aa967-139275528476480","trial_id":77,"param_name":"m","param_value_internal":0,"distribution":"{\"name\": \"CategoricalDistribution\", \"attributes\": {\"choices\": [16, 32, 64, 128, 256]}}"}
{"op_code":5,"worker_id":"a9a919f8-fdbd-4401-9bce-e556fa4aa967-139275528476480","trial_id":77,"param_name":"n","param_value_internal":0,"distribution":"{\"name\": \"CategoricalDistribution\", \"attributes\": {\"choices\": [16, 32, 64, 128, 256]}}"}
{"op_code":5,"worker_id":"a9a919f8-fdbd-4401-9bce-e556fa4aa967-139275528476480","trial_id":77,"param_name":"k","param_value_internal":2,"distribution":"{\"name\": \"CategoricalDistribution\", \"attributes\": {\"choices\": [16, 32, 64, 128]}}"}
{"op_code":5,"worker_id":"a9a919f8-fdbd-4401-9bce-e556fa4aa967-139275528476480","trial_id":77,"param_name":"gx","param_value_internal":2,"distribution":"{\"name\": \"CategoricalDistribution\", \"attributes\": {\"choices\": [1, 2, 4, 8]}}"}
{"op_code":5,"worker_id":"a9a919f8-fdbd-4401-9bce-e556fa4aa967-139275528476480","trial_id":77,"param_name":"gy","param_value_internal":0,"distribution":"{\"name\": \"CategoricalDistribution\", \"attributes\": {\"choices\": [1, 2, 4, 8]}}"}
{"op_code":5,"worker_id":"a9a919f8-fdbd-4401-9bce-e556fa4aa967-139275528476480","trial_id":77,"param_name":"sub","param_value_internal":0,"distribution":"{\"name\": \"CategoricalDistribution\", \"attributes\": {\"choices\": [32, 64]}}"}
{"op_code":6,"worker_id":"a9a919f8-fdbd-4401-9bce-e556fa4aa967-139275528476480","trial_id":77,"state":2,"values":null,"datetime_complete":"2026-08-07T13:06:44.994547"}
{"op_code":4,"worker_id":"a9a919f8-fdbd-4401-9bce-e556fa4aa967-139275528476480","study_id":0,"datetime_start":"2026-08-07T13:06:44.996465"}
{"op_code":9,"worker_id":"a9a919f8-fdbd-4401-9bce-e556fa4aa967-139275528476480","trial_id":78,"system_attr":{"tpe:relative_params:0":"{\"gx\": 1, \"gy\": 2, \"k\": 16, \"m\": 64, \"n\": 256, \"sub\": 32}"}}
{"op_code":5,"worker_id":"a9a919f8-fdbd-4401-9bce-e556fa4aa967-139275528476480","trial_id":78,"param_name":"m","param_value_internal":2,"distribution":"{\"name\": \"CategoricalDistribution\", \"attributes\": {\"choices\": [16, 32, 64, 128, 256]}}"}
{"op_code":5,"worker_id":"a9a919f8-fdbd-4401-9bce-e556fa4aa967-139275528476480","trial_id":78,"param_name":"n","param_value_internal":4,"distribution":"{\"name\": \"CategoricalDistribution\", \"attributes\": {\"choices\": [16, 32, 64, 128, 256]}}"}
{"op_code":5,"worker_id":"a9a919f8-fdbd-4401-9bce-e556fa4aa967-139275528476480","trial_id":78,"param_name":"k","param_value_internal":0,"distribution":"{\"name\": \"CategoricalDistribution\", \"attributes\": {\"choices\": [16, 32, 64, 128]}}"}
{"op_code":5,"worker_id":"a9a919f8-fdbd-4401-9bce-e556fa4aa967-139275528476480","trial_id":78,"param_name":"gx","param_value_internal":0,"distribution":"{\"name\": \"CategoricalDistribution\", \"attributes\": {\"choices\": [1, 2, 4, 8]}}"}
{"op_code":5,"worker_id":"a9a919f8-fdbd-4401-9bce-e556fa4aa967-139275528476480","trial_id":78,"param_name":"gy","param_value_internal":1,"distribution":"{\"name\": \"CategoricalDistribution\", \"attributes\": {\"choices\": [1, 2, 4, 8]}}"}
{"op_code":5,"worker_id":"a9a919f8-fdbd-4401-9bce-e556fa4aa967-139275528476480","trial_id":78,"param_name":"sub","param_value_internal":0,"distribution":"{\"name\": \"CategoricalDistribution\", \"attributes\": {\"choices\": [32, 64]}}"}
{"op_code":8,"worker_id":"a9a919f8-fdbd-4401-9bce-e556fa4aa967-139275528476480","trial_id":78,"user_attr":{"token":"tsweep_dbuf4_t64x256k16g12s32"}}
{"op_code":4,"worker_id":"a9a919f8-fdbd-4401-9bce-e556fa4aa967-139275528476480","study_id":0,"datetime_start":"2026-08-07T13:06:45.014523"}
{"op_code":9,"worker_id":"a9a919f8-fdbd-4401-9bce-e556fa4aa967-139275528476480","trial_id":79,"system_attr":{"tpe:relative_params:0":"{\"gx\": 1, \"gy\": 4, \"k\": 128, \"m\": 64, \"n\": 256, \"sub\": 64}"}}
{"op_code":5,"worker_id":"a9a919f8-fdbd-4401-9bce-e556fa4aa967-139275528476480","trial_id":79,"param_name":"m","param_value_internal":2,"distribution":"{\"name\": \"CategoricalDistribution\", \"attributes\": {\"choices\": [16, 32, 64, 128, 256]}}"}
{"op_code":5,"worker_id":"a9a919f8-fdbd-4401-9bce-e556fa4aa967-139275528476480","trial_id":79,"param_name":"n","param_value_internal":4,"distribution":"{\"name\": \"CategoricalDistribution\", \"attributes\": {\"choices\": [16, 32, 64, 128, 256]}}"}
{"op_code":5,"worker_id":"a9a919f8-fdbd-4401-9bce-e556fa4aa967-139275528476480","trial_id":79,"param_name":"k","param_value_internal":3,"distribution":"{\"name\": \"CategoricalDistribution\", \"attributes\": {\"choices\": [16, 32, 64, 128]}}"}
{"op_code":5,"worker_id":"a9a919f8-fdbd-4401-9bce-e556fa4aa967-139275528476480","trial_id":79,"param_name":"gx","param_value_internal":0,"distribution":"{\"name\": \"CategoricalDistribution\", \"attributes\": {\"choices\": [1, 2, 4, 8]}}"}
{"op_code":5,"worker_id":"a9a919f8-fdbd-4401-9bce-e556fa4aa967-139275528476480","trial_id":79,"param_name":"gy","param_value_internal":2,"distribution":"{\"name\": \"CategoricalDistribution\", \"attributes\": {\"choices\": [1, 2, 4, 8]}}"}
{"op_code":5,"worker_id":"a9a919f8-fdbd-4401-9bce-e556fa4aa967-139275528476480","trial_id":79,"param_name":"sub","param_value_internal":1,"distribution":"{\"name\": \"CategoricalDistribution\", \"attributes\": {\"choices\": [32, 64]}}"}
{"op_code":6,"worker_id":"a9a919f8-fdbd-4401-9bce-e556fa4aa967-139275528476480","trial_id":79,"state":2,"values":null,"datetime_complete":"2026-08-07T13:06:45.036688"}
{"op_code":4,"worker_id":"a9a919f8-fdbd-4401-9bce-e556fa4aa967-139275528476480","study_id":0,"datetime_start":"2026-08-07T13:06:45.039535"}
{"op_code":9,"worker_id":"a9a919f8-fdbd-4401-9bce-e556fa4aa967-139275528476480","trial_id":80,"system_attr":{"tpe:relative_params:0":"{\"gx\": 2, \"gy\": 8, \"k\": 64, \"m\": 256, \"n\": 256, \"sub\": 64}"}}
{"op_code":5,"worker_id":"a9a919f8-fdbd-4401-9bce-e556fa4aa967-139275528476480","trial_id":80,"param_name":"m","param_value_internal":4,"distribution":"{\"name\": \"CategoricalDistribution\", \"attributes\": {\"choices\": [16, 32, 64, 128, 256]}}"}
{"op_code":5,"worker_id":"a9a919f8-fdbd-4401-9bce-e556fa4aa967-139275528476480","trial_id":80,"param_name":"n","param_value_internal":4,"distribution":"{\"name\": \"CategoricalDistribution\", \"attributes\": {\"choices\": [16, 32, 64, 128, 256]}}"}
{"op_code":5,"worker_id":"a9a919f8-fdbd-4401-9bce-e556fa4aa967-139275528476480","trial_id":80,"param_name":"k","param_value_internal":2,"distribution":"{\"name\": \"CategoricalDistribution\", \"attributes\": {\"choices\": [16, 32, 64, 128]}}"}
{"op_code":5,"worker_id":"a9a919f8-fdbd-4401-9bce-e556fa4aa967-139275528476480","trial_id":80,"param_name":"gx","param_value_internal":1,"distribution":"{\"name\": \"CategoricalDistribution\", \"attributes\": {\"choices\": [1, 2, 4, 8]}}"}
{"op_code":5,"worker_id":"a9a919f8-fdbd-4401-9bce-e556fa4aa967-139275528476480","trial_id":80,"param_name":"gy","param_value_internal":3,"distribution":"{\"name\": \"CategoricalDistribution\", \"attributes\": {\"choices\": [1, 2, 4, 8]}}"}
{"op_code":5,"worker_id":"a9a919f8-fdbd-4401-9bce-e556fa4aa967-139275528476480","trial_id":80,"param_name":"sub","param_value_internal":1,"distribution":"{\"name\": \"CategoricalDistribution\", \"attributes\": {\"choices\": [32, 64]}}"}
{"op_code":6,"worker_id":"a9a919f8-fdbd-4401-9bce-e556fa4aa967-139275528476480","trial_id":80,"state":2,"values":null,"datetime_complete":"2026-08-07T13:06:45.064370"}
{"op_code":4,"worker_id":"a9a919f8-fdbd-4401-9bce-e556fa4aa967-139275528476480","study_id":0,"datetime_start":"2026-08-07T13:06:45.066488"}
{"op_code":9,"worker_id":"a9a919f8-fdbd-4401-9bce-e556fa4aa967-139275528476480","trial_id":81,"system_attr":{"tpe:relative_params:0":"{\"gx\": 8, \"gy\": 2, \"k\": 64, \"m\": 64, \"n\": 32, \"sub\": 32}"}}
{"op_code":5,"worker_id":"a9a919f8-fdbd-4401-9bce-e556fa4aa967-139275528476480","trial_id":81,"param_name":"m","param_value_internal":2,"distribution":"{\"name\": \"CategoricalDistribution\", \"attributes\": {\"choices\": [16, 32, 64, 128, 256]}}"}
{"op_code":5,"worker_id":"a9a919f8-fdbd-4401-9bce-e556fa4aa967-139275528476480","trial_id":81,"param_name":"n","param_value_internal":1,"distribution":"{\"name\": \"CategoricalDistribution\", \"attributes\": {\"choices\": [16, 32, 64, 128, 256]}}"}
{"op_code":5,"worker_id":"a9a919f8-fdbd-4401-9bce-e556fa4aa967-139275528476480","trial_id":81,"param_name":"k","param_value_internal":2,"distribution":"{\"name\": \"CategoricalDistribution\", \"attributes\": {\"choices\": [16, 32, 64, 128]}}"}
{"op_code":5,"worker_id":"a9a919f8-fdbd-4401-9bce-e556fa4aa967-139275528476480","trial_id":81,"param_name":"gx","param_value_internal":3,"distribution":"{\"name\": \"CategoricalDistribution\", \"attributes\": {\"choices\": [1, 2, 4, 8]}}"}
{"op_code":5,"worker_id":"a9a919f8-fdbd-4401-9bce-e556fa4aa967-139275528476480","trial_id":81,"param_name":"gy","param_value_internal":1,"distribution":"{\"name\": \"CategoricalDistribution\", \"attributes\": {\"choices\": [1, 2, 4, 8]}}"}
{"op_code":5,"worker_id":"a9a919f8-fdbd-4401-9bce-e556fa4aa967-139275528476480","trial_id":81,"param_name":"sub","param_value_internal":0,"distribution":"{\"name\": \"CategoricalDistribution\", \"attributes\": {\"choices\": [32, 64]}}"}
{"op_code":6,"worker_id":"a9a919f8-fdbd-4401-9bce-e556fa4aa967-139275528476480","trial_id":81,"state":2,"values":null,"datetime_complete":"2026-08-07T13:06:45.087461"}
{"op_code":4,"worker_id":"a9a919f8-fdbd-4401-9bce-e556fa4aa967-139275528476480","study_id":0,"datetime_start":"2026-08-07T13:06:45.089825"}
{"op_code":9,"worker_id":"a9a919f8-fdbd-4401-9bce-e556fa4aa967-139275528476480","trial_id":82,"system_attr":{"tpe:relative_params:0":"{\"gx\": 2, \"gy\": 1, \"k\": 64, \"m\": 16, \"n\": 64, \"sub\": 64}"}}
{"op_code":5,"worker_id":"a9a919f8-fdbd-4401-9bce-e556fa4aa967-139275528476480","trial_id":82,"param_name":"m","param_value_internal":0,"distribution":"{\"name\": \"CategoricalDistribution\", \"attributes\": {\"choices\": [16, 32, 64, 128, 256]}}"}
{"op_code":5,"worker_id":"a9a919f8-fdbd-4401-9bce-e556fa4aa967-139275528476480","trial_id":82,"param_name":"n","param_value_internal":2,"distribution":"{\"name\": \"CategoricalDistribution\", \"attributes\": {\"choices\": [16, 32, 64, 128, 256]}}"}
{"op_code":5,"worker_id":"a9a919f8-fdbd-4401-9bce-e556fa4aa967-139275528476480","trial_id":82,"param_name":"k","param_value_internal":2,"distribution":"{\"name\": \"CategoricalDistribution\", \"attributes\": {\"choices\": [16, 32, 64, 128]}}"}
{"op_code":5,"worker_id":"a9a919f8-fdbd-4401-9bce-e556fa4aa967-139275528476480","trial_id":82,"param_name":"gx","param_value_internal":1,"distribution":"{\"name\": \"CategoricalDistribution\", \"attributes\": {\"choices\": [1, 2, 4, 8]}}"}
{"op_code":5,"worker_id":"a9a919f8-fdbd-4401-9bce-e556fa4aa967-139275528476480","trial_id":82,"param_name":"gy","param_value_internal":0,"distribution":"{\"name\": \"CategoricalDistribution\", \"attributes\": {\"choices\": [1, 2, 4, 8]}}"}
{"op_code":5,"worker_id":"a9a919f8-fdbd-4401-9bce-e556fa4aa967-139275528476480","trial_id":82,"param_name":"sub","param_value_internal":1,"distribution":"{\"name\": \"CategoricalDistribution\", \"attributes\": {\"choices\": [32, 64]}}"}
{"op_code":8,"worker_id":"a9a919f8-fdbd-4401-9bce-e556fa4aa967-139275528476480","trial_id":82,"user_attr":{"token":"tsweep_dbuf4_t16x64k64g21s64"}}
{"op_code":4,"worker_id":"a9a919f8-fdbd-4401-9bce-e556fa4aa967-139275528476480","study_id":0,"datetime_start":"2026-08-07T13:06:45.111061"}
{"op_code":9,"worker_id":"a9a919f8-fdbd-4401-9bce-e556fa4aa967-139275528476480","trial_id":83,"system_attr":{"tpe:relative_params:0":"{\"gx\": 4, \"gy\": 4, \"k\": 128, \"m\": 32, \"n\": 256, \"sub\": 64}"}}
{"op_code":5,"worker_id":"a9a919f8-fdbd-4401-9bce-e556fa4aa967-139275528476480","trial_id":83,"param_name":"m","param_value_internal":1,"distribution":"{\"name\": \"CategoricalDistribution\", \"attributes\": {\"choices\": [16, 32, 64, 128, 256]}}"}
{"op_code":5,"worker_id":"a9a919f8-fdbd-4401-9bce-e556fa4aa967-139275528476480","trial_id":83,"param_name":"n","param_value_internal":4,"distribution":"{\"name\": \"CategoricalDistribution\", \"attributes\": {\"choices\": [16, 32, 64, 128, 256]}}"}
{"op_code":5,"worker_id":"a9a919f8-fdbd-4401-9bce-e556fa4aa967-139275528476480","trial_id":83,"param_name":"k","param_value_internal":3,"distribution":"{\"name\": \"CategoricalDistribution\", \"attributes\": {\"choices\": [16, 32, 64, 128]}}"}
{"op_code":5,"worker_id":"a9a919f8-fdbd-4401-9bce-e556fa4aa967-139275528476480","trial_id":83,"param_name":"gx","param_value_internal":2,"distribution":"{\"name\": \"CategoricalDistribution\", \"attributes\": {\"choices\": [1, 2, 4, 8]}}"}
{"op_code":5,"worker_id":"a9a919f8-fdbd-4401-9bce-e556fa4aa967-139275528476480","trial_id":83,"param_name":"gy","param_value_internal":2,"distribution":"{\"name\": \"CategoricalDistribution\", \"attributes\": {\"choices\": [1, 2, 4, 8]}}"}
{"op_code":5,"worker_id":"a9a919f8-fdbd-4401-9bce-e556fa4aa967-139275528476480","trial_id":83,"param_name":"sub","param_value_internal":1,"distribution":"{\"name\": \"CategoricalDistribution\", \"attributes\": {\"choices\": [32, 64]}}"}
{"op_code":6,"worker_id":"a9a919f8-fdbd-4401-9bce-e556fa4aa967-139275528476480","trial_id":83,"state":2,"values":null,"datetime_complete":"2026-08-07T13:06:45.130800"}
{"op_code":4,"worker_id":"a9a919f8-fdbd-4401-9bce-e556fa4aa967-139275528476480","study_id":0,"datetime_start":"2026-08-07T13:06:45.133031"}
{"op_code":9,"worker_id":"a9a919f8-fdbd-4401-9bce-e556fa4aa967-139275528476480","trial_id":84,"system_attr":{"tpe:relative_params:0":"{\"gx\": 4, \"gy\": 2, \"k\": 16, \"m\": 32, \"n\": 32, \"sub\": 64}"}}
{"op_code":5,"worker_id":"a9a919f8-fdbd-4401-9bce-e556fa4aa967-139275528476480","trial_id":84,"param_name":"m","param_value_internal":1,"distribution":"{\"name\": \"CategoricalDistribution\", \"attributes\": {\"choices\": [16, 32, 64, 128, 256]}}"}
{"op_code":5,"worker_id":"a9a919f8-fdbd-4401-9bce-e556fa4aa967-139275528476480","trial_id":84,"param_name":"n","param_value_internal":1,"distribution":"{\"name\": \"CategoricalDistribution\", \"attributes\": {\"choices\": [16, 32, 64, 128, 256]}}"}
{"op_code":5,"worker_id":"a9a919f8-fdbd-4401-9bce-e556fa4aa967-139275528476480","trial_id":84,"param_name":"k","param_value_internal":0,"distribution":"{\"name\": \"CategoricalDistribution\", \"attributes\": {\"choices\": [16, 32, 64, 128]}}"}
{"op_code":5,"worker_id":"a9a919f8-fdbd-4401-9bce-e556fa4aa967-139275528476480","trial_id":84,"param_name":"gx","param_value_internal":2,"distribution":"{\"name\": \"CategoricalDistribution\", \"attributes\": {\"choices\": [1, 2, 4, 8]}}"}
{"op_code":5,"worker_id":"a9a919f8-fdbd-4401-9bce-e556fa4aa967-139275528476480","trial_id":84,"param_name":"gy","param_value_internal":1,"distribution":"{\"name\": \"CategoricalDistribution\", \"attributes\": {\"choices\": [1, 2, 4, 8]}}"}
{"op_code":5,"worker_id":"a9a919f8-fdbd-4401-9bce-e556fa4aa967-139275528476480","trial_id":84,"param_name":"sub","param_value_internal":1,"distribution":"{\"name\": \"CategoricalDistribution\", \"attributes\": {\"choices\": [32, 64]}}"}
{"op_code":6,"worker_id":"a9a919f8-fdbd-4401-9bce-e556fa4aa967-139275528476480","trial_id":84,"state":2,"values":null,"datetime_complete":"2026-08-07T13:06:45.151928"}
{"op_code":4,"worker_id":"a9a919f8-fdbd-4401-9bce-e556fa4aa967-139275528476480","study_id":0,"datetime_start":"2026-08-07T13:06:45.153861"}
{"op_code":9,"worker_id":"a9a919f8-fdbd-4401-9bce-e556fa4aa967-139275528476480","trial_id":85,"system_attr":{"tpe:relative_params:0":"{\"gx\": 4, \"gy\": 2, \"k\": 32, \"m\": 32, \"n\": 32, \"sub\": 32}"}}
{"op_code":5,"worker_id":"a9a919f8-fdbd-4401-9bce-e556fa4aa967-139275528476480","trial_id":85,"param_name":"m","param_value_internal":1,"distribution":"{\"name\": \"CategoricalDistribution\", \"attributes\": {\"choices\": [16, 32, 64, 128, 256]}}"}
{"op_code":5,"worker_id":"a9a919f8-fdbd-4401-9bce-e556fa4aa967-139275528476480","trial_id":85,"param_name":"n","param_value_internal":1,"distribution":"{\"name\": \"CategoricalDistribution\", \"attributes\": {\"choices\": [16, 32, 64, 128, 256]}}"}
{"op_code":5,"worker_id":"a9a919f8-fdbd-4401-9bce-e556fa4aa967-139275528476480","trial_id":85,"param_name":"k","param_value_internal":1,"distribution":"{\"name\": \"CategoricalDistribution\", \"attributes\": {\"choices\": [16, 32, 64, 128]}}"}
{"op_code":5,"worker_id":"a9a919f8-fdbd-4401-9bce-e556fa4aa967-139275528476480","trial_id":85,"param_name":"gx","param_value_internal":2,"distribution":"{\"name\": \"CategoricalDistribution\", \"attributes\": {\"choices\": [1, 2, 4, 8]}}"}
{"op_code":5,"worker_id":"a9a919f8-fdbd-4401-9bce-e556fa4aa967-139275528476480","trial_id":85,"param_name":"gy","param_value_internal":1,"distribution":"{\"name\": \"CategoricalDistribution\", \"attributes\": {\"choices\": [1, 2, 4, 8]}}"}
{"op_code":5,"worker_id":"a9a919f8-fdbd-4401-9bce-e556fa4aa967-139275528476480","trial_id":85,"param_name":"sub","param_value_internal":0,"distribution":"{\"name\": \"CategoricalDistribution\", \"attributes\": {\"choices\": [32, 64]}}"}
{"op_code":6,"worker_id":"a9a919f8-fdbd-4401-9bce-e556fa4aa967-139275528476480","trial_id":85,"state":2,"values":null,"datetime_complete":"2026-08-07T13:06:45.171514"}
{"op_code":4,"worker_id":"a9a919f8-fdbd-4401-9bce-e556fa4aa967-139275528476480","study_id":0,"datetime_start":"2026-08-07T13:06:45.173222"}
{"op_code":9,"worker_id":"a9a919f8-fdbd-4401-9bce-e556fa4aa967-139275528476480","trial_id":86,"system_attr":{"tpe:relative_params:0":"{\"gx\": 4, \"gy\": 4, \"k\": 64, \"m\": 256, \"n\": 128, \"sub\": 32}"}}
{"op_code":5,"worker_id":"a9a919f8-fdbd-4401-9bce-e556fa4aa967-139275528476480","trial_id":86,"param_name":"m","param_value_internal":4,"distribution":"{\"name\": \"CategoricalDistribution\", \"attributes\": {\"choices\": [16, 32, 64, 128, 256]}}"}
{"op_code":5,"worker_id":"a9a919f8-fdbd-4401-9bce-e556fa4aa967-139275528476480","trial_id":86,"param_name":"n","param_value_internal":3,"distribution":"{\"name\": \"CategoricalDistribution\", \"attributes\": {\"choices\": [16, 32, 64, 128, 256]}}"}
{"op_code":5,"worker_id":"a9a919f8-fdbd-4401-9bce-e556fa4aa967-139275528476480","trial_id":86,"param_name":"k","param_value_internal":2,"distribution":"{\"name\": \"CategoricalDistribution\", \"attributes\": {\"choices\": [16, 32, 64, 128]}}"}
{"op_code":5,"worker_id":"a9a919f8-fdbd-4401-9bce-e556fa4aa967-139275528476480","trial_id":86,"param_name":"gx","param_value_internal":2,"distribution":"{\"name\": \"CategoricalDistribution\", \"attributes\": {\"choices\": [1, 2, 4, 8]}}"}
{"op_code":5,"worker_id":"a9a919f8-fdbd-4401-9bce-e556fa4aa967-139275528476480","trial_id":86,"param_name":"gy","param_value_internal":2,"distribution":"{\"name\": \"CategoricalDistribution\", \"attributes\": {\"choices\": [1, 2, 4, 8]}}"}
{"op_code":5,"worker_id":"a9a919f8-fdbd-4401-9bce-e556fa4aa967-139275528476480","trial_id":86,"param_name":"sub","param_value_internal":0,"distribution":"{\"name\": \"CategoricalDistribution\", \"attributes\": {\"choices\": [32, 64]}}"}
{"op_code":6,"worker_id":"a9a919f8-fdbd-4401-9bce-e556fa4aa967-139275528476480","trial_id":86,"state":2,"values":null,"datetime_complete":"2026-08-07T13:06:45.189620"}
{"op_code":4,"worker_id":"a9a919f8-fdbd-4401-9bce-e556fa4aa967-139275528476480","study_id":0,"datetime_start":"2026-08-07T13:06:45.191253"}
{"op_code":9,"worker_id":"a9a919f8-fdbd-4401-9bce-e556fa4aa967-139275528476480","trial_id":87,"system_attr":{"tpe:relative_params:0":"{\"gx\": 1, \"gy\": 2, \"k\": 128, \"m\": 128, \"n\": 128, \"sub\": 64}"}}
{"op_code":5,"worker_id":"a9a919f8-fdbd-4401-9bce-e556fa4aa967-139275528476480","trial_id":87,"param_name":"m","param_value_internal":3,"distribution":"{\"name\": \"CategoricalDistribution\", \"attributes\": {\"choices\": [16, 32, 64, 128, 256]}}"}
{"op_code":5,"worker_id":"a9a919f8-fdbd-4401-9bce-e556fa4aa967-139275528476480","trial_id":87,"param_name":"n","param_value_internal":3,"distribution":"{\"name\": \"CategoricalDistribution\", \"attributes\": {\"choices\": [16, 32, 64, 128, 256]}}"}
{"op_code":5,"worker_id":"a9a919f8-fdbd-4401-9bce-e556fa4aa967-139275528476480","trial_id":87,"param_name":"k","param_value_internal":3,"distribution":"{\"name\": \"CategoricalDistribution\", \"attributes\": {\"choices\": [16, 32, 64, 128]}}"}
{"op_code":5,"worker_id":"a9a919f8-fdbd-4401-9bce-e556fa4aa967-139275528476480","trial_id":87,"param_name":"gx","param_value_internal":0,"distribution":"{\"name\": \"CategoricalDistribution\", \"attributes\": {\"choices\": [1, 2, 4, 8]}}"}
{"op_code":5,"worker_id":"a9a919f8-fdbd-4401-9bce-e556fa4aa967-139275528476480","trial_id":87,"param_name":"gy","param_value_internal":1,"distribution":"{\"name\": \"CategoricalDistribution\", \"attributes\": {\"choices\": [1, 2, 4, 8]}}"}
{"op_code":5,"worker_id":"a9a919f8-fdbd-4401-9bce-e556fa4aa967-139275528476480","trial_id":87,"param_name":"sub","param_value_internal":1,"distribution":"{\"name\": \"CategoricalDistribution\", \"attributes\": {\"choices\": [32, 64]}}"}
{"op_code":6,"worker_id":"a9a919f8-fdbd-4401-9bce-e556fa4aa967-139275528476480","trial_id":87,"state":2,"values":null,"datetime_complete":"2026-08-07T13:06:45.208064"}
{"op_code":4,"worker_id":"a9a919f8-fdbd-4401-9bce-e556fa4aa967-139275528476480","study_id":0,"datetime_start":"2026-08-07T13:06:45.209936"}
{"op_code":9,"worker_id":"a9a919f8-fdbd-4401-9bce-e556fa4aa967-139275528476480","trial_id":88,"system_attr":{"tpe:relative_params:0":"{\"gx\": 2, \"gy\": 2, \"k\": 64, \"m\": 64, \"n\": 32, \"sub\": 64}"}}
{"op_code":5,"worker_id":"a9a919f8-fdbd-4401-9bce-e556fa4aa967-139275528476480","trial_id":88,"param_name":"m","param_value_internal":2,"distribution":"{\"name\": \"CategoricalDistribution\", \"attributes\": {\"choices\": [16, 32, 64, 128, 256]}}"}
{"op_code":5,"worker_id":"a9a919f8-fdbd-4401-9bce-e556fa4aa967-139275528476480","trial_id":88,"param_name":"n","param_value_internal":1,"distribution":"{\"name\": \"CategoricalDistribution\", \"attributes\": {\"choices\": [16, 32, 64, 128, 256]}}"}
{"op_code":5,"worker_id":"a9a919f8-fdbd-4401-9bce-e556fa4aa967-139275528476480","trial_id":88,"param_name":"k","param_value_internal":2,"distribution":"{\"name\": \"CategoricalDistribution\", \"attributes\": {\"choices\": [16, 32, 64, 128]}}"}
{"op_code":5,"worker_id":"a9a919f8-fdbd-4401-9bce-e556fa4aa967-139275528476480","trial_id":88,"param_name":"gx","param_value_internal":1,"distribution":"{\"name\": \"CategoricalDistribution\", \"attributes\": {\"choices\": [1, 2, 4, 8]}}"}
{"op_code":5,"worker_id":"a9a919f8-fdbd-4401-9bce-e556fa4aa967-139275528476480","trial_id":88,"param_name":"gy","param_value_internal":1,"distribution":"{\"name\": \"CategoricalDistribution\", \"attributes\": {\"choices\": [1, 2, 4, 8]}}"}
{"op_code":5,"worker_id":"a9a919f8-fdbd-4401-9bce-e556fa4aa967-139275528476480","trial_id":88,"param_name":"sub","param_value_internal":1,"distribution":"{\"name\": \"CategoricalDistribution\", \"attributes\": {\"choices\": [32, 64]}}"}
{"op_code":8,"worker_id":"a9a919f8-fdbd-4401-9bce-e556fa4aa967-139275528476480","trial_id":88,"user_attr":{"token":"tsweep_dbuf4_t64x32k64g22s64"}}
{"op_code":4,"worker_id":"a9a919f8-fdbd-4401-9bce-e556fa4aa967-139275528476480","study_id":0,"datetime_start":"2026-08-07T13:06:45.229674"}
{"op_code":9,"worker_id":"a9a919f8-fdbd-4401-9bce-e556fa4aa967-139275528476480","trial_id":89,"system_attr":{"tpe:relative_params:0":"{\"gx\": 8, \"gy\": 2, \"k\": 16, \"m\": 32, \"n\": 256, \"sub\": 32}"}}
{"op_code":5,"worker_id":"a9a919f8-fdbd-4401-9bce-e556fa4aa967-139275528476480","trial_id":89,"param_name":"m","param_value_internal":1,"distribution":"{\"name\": \"CategoricalDistribution\", \"attributes\": {\"choices\": [16, 32, 64, 128, 256]}}"}
{"op_code":5,"worker_id":"a9a919f8-fdbd-4401-9bce-e556fa4aa967-139275528476480","trial_id":89,"param_name":"n","param_value_internal":4,"distribution":"{\"name\": \"CategoricalDistribution\", \"attributes\": {\"choices\": [16, 32, 64, 128, 256]}}"}
{"op_code":5,"worker_id":"a9a919f8-fdbd-4401-9bce-e556fa4aa967-139275528476480","trial_id":89,"param_name":"k","param_value_internal":0,"distribution":"{\"name\": \"CategoricalDistribution\", \"attributes\": {\"choices\": [16, 32, 64, 128]}}"}
{"op_code":5,"worker_id":"a9a919f8-fdbd-4401-9bce-e556fa4aa967-139275528476480","trial_id":89,"param_name":"gx","param_value_internal":3,"distribution":"{\"name\": \"CategoricalDistribution\", \"attributes\": {\"choices\": [1, 2, 4, 8]}}"}
{"op_code":5,"worker_id":"a9a919f8-fdbd-4401-9bce-e556fa4aa967-139275528476480","trial_id":89,"param_name":"gy","param_value_internal":1,"distribution":"{\"name\": \"CategoricalDistribution\", \"attributes\": {\"choices\": [1, 2, 4, 8]}}"}
{"op_code":5,"worker_id":"a9a919f8-fdbd-4401-9bce-e556fa4aa967-139275528476480","trial_id":89,"param_name":"sub","param_value_internal":0,"distribution":"{\"name\": \"CategoricalDistribution\", \"attributes\": {\"choices\": [32, 64]}}"}
{"op_code":6,"worker_id":"a9a919f8-fdbd-4401-9bce-e556fa4aa967-139275528476480","trial_id":89,"state":2,"values":null,"datetime_complete":"2026-08-07T13:06:45.248559"}
{"op_code":4,"worker_id":"a9a919f8-fdbd-4401-9bce-e556fa4aa967-139275528476480","study_id":0,"datetime_start":"2026-08-07T13:06:45.250282"}
{"op_code":9,"worker_id":"a9a919f8-fdbd-4401-9bce-e556fa4aa967-139275528476480","trial_id":90,"system_attr":{"tpe:relative_params:0":"{\"gx\": 8, \"gy\": 1, \"k\": 16, \"m\": 128, \"n\": 256, \"sub\": 32}"}}
{"op_code":5,"worker_id":"a9a919f8-fdbd-4401-9bce-e556fa4aa967-139275528476480","trial_id":90,"param_name":"m","param_value_internal":3,"distribution":"{\"name\": \"CategoricalDistribution\", \"attributes\": {\"choices\": [16, 32, 64, 128, 256]}}"}
{"op_code":5,"worker_id":"a9a919f8-fdbd-4401-9bce-e556fa4aa967-139275528476480","trial_id":90,"param_name":"n","param_value_internal":4,"distribution":"{\"name\": \"CategoricalDistribution\", \"attributes\": {\"choices\": [16, 32, 64, 128, 256]}}"}
{"op_code":5,"worker_id":"a9a919f8-fdbd-4401-9bce-e556fa4aa967-139275528476480","trial_id":90,"param_name":"k","param_value_internal":0,"distribution":"{\"name\": \"CategoricalDistribution\", \"attributes\": {\"choices\": [16, 32, 64, 128]}}"}
{"op_code":5,"worker_id":"a9a919f8-fdbd-4401-9bce-e556fa4aa967-139275528476480","trial_id":90,"param_name":"gx","param_value_internal":3,"distribution":"{\"name\": \"CategoricalDistribution\", \"attributes\": {\"choices\": [1, 2, 4, 8]}}"}
{"op_code":5,"worker_id":"a9a919f8-fdbd-4401-9bce-e556fa4aa967-139275528476480","trial_id":90,"param_name":"gy","param_value_internal":0,"distribution":"{\"name\": \"CategoricalDistribution\", \"attributes\": {\"choices\": [1, 2, 4, 8]}}"}
{"op_code":5,"worker_id":"a9a919f8-fdbd-4401-9bce-e556fa4aa967-139275528476480","trial_id":90,"param_name":"sub","param_value_internal":0,"distribution":"{\"name\": \"CategoricalDistribution\", \"attributes\": {\"choices\": [32, 64]}}"}
{"op_code":8,"worker_id":"a9a919f8-fdbd-4401-9bce-e556fa4aa967-139275528476480","trial_id":90,"user_attr":{"token":"tsweep_dbuf4_t128x256k16g81s32"}}
{"op_code":4,"worker_id":"a9a919f8-fdbd-4401-9bce-e556fa4aa967-139275528476480","study_id":0,"datetime_start":"2026-08-07T13:06:45.269524"}
{"op_code":9,"worker_id":"a9a919f8-fdbd-4401-9bce-e556fa4aa967-139275528476480","trial_id":91,"system_attr":{"tpe:relative_params:0":"{\"gx\": 4, \"gy\": 4, \"k\": 16, \"m\": 64, \"n\": 32, \"sub\": 64}"}}
{"op_code":5,"worker_id":"a9a919f8-fdbd-4401-9bce-e556fa4aa967-139275528476480","trial_id":91,"param_name":"m","param_value_internal":2,"distribution":"{\"name\": \"CategoricalDistribution\", \"attributes\": {\"choices\": [16, 32, 64, 128, 256]}}"}
{"op_code":5,"worker_id":"a9a919f8-fdbd-4401-9bce-e556fa4aa967-139275528476480","trial_id":91,"param_name":"n","param_value_internal":1,"distribution":"{\"name\": \"CategoricalDistribution\", \"attributes\": {\"choices\": [16, 32, 64, 128, 256]}}"}
{"op_code":5,"worker_id":"a9a919f8-fdbd-4401-9bce-e556fa4aa967-139275528476480","trial_id":91,"param_name":"k","param_value_internal":0,"distribution":"{\"name\": \"CategoricalDistribution\", \"attributes\": {\"choices\": [16, 32, 64, 128]}}"}
{"op_code":5,"worker_id":"a9a919f8-fdbd-4401-9bce-e556fa4aa967-139275528476480","trial_id":91,"param_name":"gx","param_value_internal":2,"distribution":"{\"name\": \"CategoricalDistribution\", \"attributes\": {\"choices\": [1, 2, 4, 8]}}"}
{"op_code":5,"worker_id":"a9a919f8-fdbd-4401-9bce-e556fa4aa967-139275528476480","trial_id":91,"param_name":"gy","param_value_internal":2,"distribution":"{\"name\": \"CategoricalDistribution\", \"attributes\": {\"choices\": [1, 2, 4, 8]}}"}
{"op_code":5,"worker_id":"a9a919f8-fdbd-4401-9bce-e556fa4aa967-139275528476480","trial_id":91,"param_name":"sub","param_value_internal":1,"distribution":"{\"name\": \"CategoricalDistribution\", \"attributes\": {\"choices\": [32, 64]}}"}
{"op_code":6,"worker_id":"a9a919f8-fdbd-4401-9bce-e556fa4aa967-139275528476480","trial_id":91,"state":2,"values":null,"datetime_complete":"2026-08-07T13:06:45.286217"}
{"op_code":4,"worker_id":"a9a919f8-fdbd-4401-9bce-e556fa4aa967-139275528476480","study_id":0,"datetime_start":"2026-08-07T13:06:45.288148"}
{"op_code":9,"worker_id":"a9a919f8-fdbd-4401-9bce-e556fa4aa967-139275528476480","trial_id":92,"system_attr":{"tpe:relative_params:0":"{\"gx\": 4, \"gy\": 2, \"k\": 64, \"m\": 256, \"n\": 32, \"sub\": 64}"}}
{"op_code":5,"worker_id":"a9a919f8-fdbd-4401-9bce-e556fa4aa967-139275528476480","trial_id":92,"param_name":"m","param_value_internal":4,"distribution":"{\"name\": \"CategoricalDistribution\", \"attributes\": {\"choices\": [16, 32, 64, 128, 256]}}"}
{"op_code":5,"worker_id":"a9a919f8-fdbd-4401-9bce-e556fa4aa967-139275528476480","trial_id":92,"param_name":"n","param_value_internal":1,"distribution":"{\"name\": \"CategoricalDistribution\", \"attributes\": {\"choices\": [16, 32, 64, 128, 256]}}"}
{"op_code":5,"worker_id":"a9a919f8-fdbd-4401-9bce-e556fa4aa967-139275528476480","trial_id":92,"param_name":"k","param_value_internal":2,"distribution":"{\"name\": \"CategoricalDistribution\", \"attributes\": {\"choices\": [16, 32, 64, 128]}}"}
{"op_code":5,"worker_id":"a9a919f8-fdbd-4401-9bce-e556fa4aa967-139275528476480","trial_id":92,"param_name":"gx","param_value_internal":2,"distribution":"{\"name\": \"CategoricalDistribution\", \"attributes\": {\"choices\": [1, 2, 4, 8]}}"}
{"op_code":5,"worker_id":"a9a919f8-fdbd-4401-9bce-e556fa4aa967-139275528476480","trial_id":92,"param_name":"gy","param_value_internal":1,"distribution":"{\"name\": \"CategoricalDistribution\", \"attributes\": {\"choices\": [1, 2, 4, 8]}}"}
{"op_code":5,"worker_id":"a9a919f8-fdbd-4401-9bce-e556fa4aa967-139275528476480","trial_id":92,"param_name":"sub","param_value_internal":1,"distribution":"{\"name\": \"CategoricalDistribution\", \"attributes\": {\"choices\": [32, 64]}}"}
{"op_code":6,"worker_id":"a9a919f8-fdbd-4401-9bce-e556fa4aa967-139275528476480","trial_id":92,"state":2,"values":null,"datetime_complete":"2026-08-07T13:06:45.306012"}
{"op_code":4,"worker_id":"a9a919f8-fdbd-4401-9bce-e556fa4aa967-139275528476480","study_id":0,"datetime_start":"2026-08-07T13:06:45.308112"}
{"op_code":9,"worker_id":"a9a919f8-fdbd-4401-9bce-e556fa4aa967-139275528476480","trial_id":93,"system_attr":{"tpe:relative_params:0":"{\"gx\": 4, \"gy\": 2, \"k\": 128, \"m\": 64, \"n\": 16, \"sub\": 64}"}}
{"op_code":5,"worker_id":"a9a919f8-fdbd-4401-9bce-e556fa4aa967-139275528476480","trial_id":93,"param_name":"m","param_value_internal":2,"distribution":"{\"name\": \"CategoricalDistribution\", \"attributes\": {\"choices\": [16, 32, 64, 128, 256]}}"}
{"op_code":5,"worker_id":"a9a919f8-fdbd-4401-9bce-e556fa4aa967-139275528476480","trial_id":93,"param_name":"n","param_value_internal":0,"distribution":"{\"name\": \"CategoricalDistribution\", \"attributes\": {\"choices\": [16, 32, 64, 128, 256]}}"}
{"op_code":5,"worker_id":"a9a919f8-fdbd-4401-9bce-e556fa4aa967-139275528476480","trial_id":93,"param_name":"k","param_value_internal":3,"distribution":"{\"name\": \"CategoricalDistribution\", \"attributes\": {\"choices\": [16, 32, 64, 128]}}"}
{"op_code":5,"worker_id":"a9a919f8-fdbd-4401-9bce-e556fa4aa967-139275528476480","trial_id":93,"param_name":"gx","param_value_internal":2,"distribution":"{\"name\": \"CategoricalDistribution\", \"attributes\": {\"choices\": [1, 2, 4, 8]}}"}
{"op_code":5,"worker_id":"a9a919f8-fdbd-4401-9bce-e556fa4aa967-139275528476480","trial_id":93,"param_name":"gy","param_value_internal":1,"distribution":"{\"name\": \"CategoricalDistribution\", \"attributes\": {\"choices\": [1, 2, 4, 8]}}"}
{"op_code":5,"worker_id":"a9a919f8-fdbd-4401-9bce-e556fa4aa967-139275528476480","trial_id":93,"param_name":"sub","param_value_internal":1,"distribution":"{\"name\": \"CategoricalDistribution\", \"attributes\": {\"choices\": [32, 64]}}"}
{"op_code":6,"worker_id":"a9a919f8-fdbd-4401-9bce-e556fa4aa967-139275528476480","trial_id":93,"state":2,"values":null,"datetime_complete":"2026-08-07T13:06:45.328536"}
{"op_code":4,"worker_id":"a9a919f8-fdbd-4401-9bce-e556fa4aa967-139275528476480","study_id":0,"datetime_start":"2026-08-07T13:06:45.330565"}
{"op_code":9,"worker_id":"a9a919f8-fdbd-4401-9bce-e556fa4aa967-139275528476480","trial_id":94,"system_attr":{"tpe:relative_params:0":"{\"gx\": 1, \"gy\": 4, \"k\": 32, \"m\": 32, \"n\": 32, \"sub\": 32}"}}
{"op_code":5,"worker_id":"a9a919f8-fdbd-4401-9bce-e556fa4aa967-139275528476480","trial_id":94,"param_name":"m","param_value_internal":1,"distribution":"{\"name\": \"CategoricalDistribution\", \"attributes\": {\"choices\": [16, 32, 64, 128, 256]}}"}
{"op_code":5,"worker_id":"a9a919f8-fdbd-4401-9bce-e556fa4aa967-139275528476480","trial_id":94,"param_name":"n","param_value_internal":1,"distribution":"{\"name\": \"CategoricalDistribution\", \"attributes\": {\"choices\": [16, 32, 64, 128, 256]}}"}
{"op_code":5,"worker_id":"a9a919f8-fdbd-4401-9bce-e556fa4aa967-139275528476480","trial_id":94,"param_name":"k","param_value_internal":1,"distribution":"{\"name\": \"CategoricalDistribution\", \"attributes\": {\"choices\": [16, 32, 64, 128]}}"}
{"op_code":5,"worker_id":"a9a919f8-fdbd-4401-9bce-e556fa4aa967-139275528476480","trial_id":94,"param_name":"gx","param_value_internal":0,"distribution":"{\"name\": \"CategoricalDistribution\", \"attributes\": {\"choices\": [1, 2, 4, 8]}}"}
{"op_code":5,"worker_id":"a9a919f8-fdbd-4401-9bce-e556fa4aa967-139275528476480","trial_id":94,"param_name":"gy","param_value_internal":2,"distribution":"{\"name\": \"CategoricalDistribution\", \"attributes\": {\"choices\": [1, 2, 4, 8]}}"}
{"op_code":5,"worker_id":"a9a919f8-fdbd-4401-9bce-e556fa4aa967-139275528476480","trial_id":94,"param_name":"sub","param_value_internal":0,"distribution":"{\"name\": \"CategoricalDistribution\", \"attributes\": {\"choices\": [32, 64]}}"}
{"op_code":6,"worker_id":"a9a919f8-fdbd-4401-9bce-e556fa4aa967-139275528476480","trial_id":94,"state":2,"values":null,"datetime_complete":"2026-08-07T13:06:45.350261"}
{"op_code":4,"worker_id":"a9a919f8-fdbd-4401-9bce-e556fa4aa967-139275528476480","study_id":0,"datetime_start":"2026-08-07T13:06:45.352267"}
{"op_code":9,"worker_id":"a9a919f8-fdbd-4401-9bce-e556fa4aa967-139275528476480","trial_id":95,"system_attr":{"tpe:relative_params:0":"{\"gx\": 4, \"gy\": 1, \"k\": 128, \"m\": 256, \"n\": 64, \"sub\": 64}"}}
{"op_code":5,"worker_id":"a9a919f8-fdbd-4401-9bce-e556fa4aa967-139275528476480","trial_id":95,"param_name":"m","param_value_internal":4,"distribution":"{\"name\": \"CategoricalDistribution\", \"attributes\": {\"choices\": [16, 32, 64, 128, 256]}}"}
{"op_code":5,"worker_id":"a9a919f8-fdbd-4401-9bce-e556fa4aa967-139275528476480","trial_id":95,"param_name":"n","param_value_internal":2,"distribution":"{\"name\": \"CategoricalDistribution\", \"attributes\": {\"choices\": [16, 32, 64, 128, 256]}}"}
{"op_code":5,"worker_id":"a9a919f8-fdbd-4401-9bce-e556fa4aa967-139275528476480","trial_id":95,"param_name":"k","param_value_internal":3,"distribution":"{\"name\": \"CategoricalDistribution\", \"attributes\": {\"choices\": [16, 32, 64, 128]}}"}
{"op_code":5,"worker_id":"a9a919f8-fdbd-4401-9bce-e556fa4aa967-139275528476480","trial_id":95,"param_name":"gx","param_value_internal":2,"distribution":"{\"name\": \"CategoricalDistribution\", \"attributes\": {\"choices\": [1, 2, 4, 8]}}"}
{"op_code":5,"worker_id":"a9a919f8-fdbd-4401-9bce-e556fa4aa967-139275528476480","trial_id":95,"param_name":"gy","param_value_internal":0,"distribution":"{\"name\": \"CategoricalDistribution\", \"attributes\": {\"choices\": [1, 2, 4, 8]}}"}
{"op_code":5,"worker_id":"a9a919f8-fdbd-4401-9bce-e556fa4aa967-139275528476480","trial_id":95,"param_name":"sub","param_value_internal":1,"distribution":"{\"name\": \"CategoricalDistribution\", \"attributes\": {\"choices\": [32, 64]}}"}
{"op_code":6,"worker_id":"a9a919f8-fdbd-4401-9bce-e556fa4aa967-139275528476480","trial_id":95,"state":2,"values":null,"datetime_complete":"2026-08-07T13:06:45.371509"}
{"op_code":4,"worker_id":"a9a919f8-fdbd-4401-9bce-e556fa4aa967-139275528476480","study_id":0,"datetime_start":"2026-08-07T13:06:45.373335"}
{"op_code":9,"worker_id":"a9a919f8-fdbd-4401-9bce-e556fa4aa967-139275528476480","trial_id":96,"system_attr":{"tpe:relative_params:0":"{\"gx\": 8, \"gy\": 4, \"k\": 64, \"m\": 256, \"n\": 256, \"sub\": 32}"}}
{"op_code":5,"worker_id":"a9a919f8-fdbd-4401-9bce-e556fa4aa967-139275528476480","trial_id":96,"param_name":"m","param_value_internal":4,"distribution":"{\"name\": \"CategoricalDistribution\", \"attributes\": {\"choices\": [16, 32, 64, 128, 256]}}"}
{"op_code":5,"worker_id":"a9a919f8-fdbd-4401-9bce-e556fa4aa967-139275528476480","trial_id":96,"param_name":"n","param_value_internal":4,"distribution":"{\"name\": \"CategoricalDistribution\", \"attributes\": {\"choices\": [16, 32, 64, 128, 256]}}"}
{"op_code":5,"worker_id":"a9a919f8-fdbd-4401-9bce-e556fa4aa967-139275528476480","trial_id":96,"param_name":"k","param_value_internal":2,"distribution":"{\"name\": \"CategoricalDistribution\", \"attributes\": {\"choices\": [16, 32, 64, 128]}}"}
{"op_code":5,"worker_id":"a9a919f8-fdbd-4401-9bce-e556fa4aa967-139275528476480","trial_id":96,"param_name":"gx","param_value_internal":3,"distribution":"{\"name\": \"CategoricalDistribution\", \"attributes\": {\"choices\": [1, 2, 4, 8]}}"}
{"op_code":5,"worker_id":"a9a919f8-fdbd-4401-9bce-e556fa4aa967-139275528476480","trial_id":96,"param_name":"gy","param_value_internal":2,"distribution":"{\"name\": \"CategoricalDistribution\", \"attributes\": {\"choices\": [1, 2, 4, 8]}}"}
{"op_code":5,"worker_id":"a9a919f8-fdbd-4401-9bce-e556fa4aa967-139275528476480","trial_id":96,"param_name":"sub","param_value_internal":0,"distribution":"{\"name\": \"CategoricalDistribution\", \"attributes\": {\"choices\": [32, 64]}}"}
{"op_code":6,"worker_id":"a9a919f8-fdbd-4401-9bce-e556fa4aa967-139275528476480","trial_id":96,"state":2,"values":null,"datetime_complete":"2026-08-07T13:06:45.392726"}
{"op_code":4,"worker_id":"a9a919f8-fdbd-4401-9bce-e556fa4aa967-139275528476480","study_id":0,"datetime_start":"2026-08-07T13:06:45.394616"}
{"op_code":9,"worker_id":"a9a919f8-fdbd-4401-9bce-e556fa4aa967-139275528476480","trial_id":97,"system_attr":{"tpe:relative_params:0":"{\"gx\": 2, \"gy\": 4, \"k\": 64, \"m\": 128, \"n\": 16, \"sub\": 32}"}}
{"op_code":5,"worker_id":"a9a919f8-fdbd-4401-9bce-e556fa4aa967-139275528476480","trial_id":97,"param_name":"m","param_value_internal":3,"distribution":"{\"name\": \"CategoricalDistribution\", \"attributes\": {\"choices\": [16, 32, 64, 128, 256]}}"}
{"op_code":5,"worker_id":"a9a919f8-fdbd-4401-9bce-e556fa4aa967-139275528476480","trial_id":97,"param_name":"n","param_value_internal":0,"distribution":"{\"name\": \"CategoricalDistribution\", \"attributes\": {\"choices\": [16, 32, 64, 128, 256]}}"}
{"op_code":5,"worker_id":"a9a919f8-fdbd-4401-9bce-e556fa4aa967-139275528476480","trial_id":97,"param_name":"k","param_value_internal":2,"distribution":"{\"name\": \"CategoricalDistribution\", \"attributes\": {\"choices\": [16, 32, 64, 128]}}"}
{"op_code":5,"worker_id":"a9a919f8-fdbd-4401-9bce-e556fa4aa967-139275528476480","trial_id":97,"param_name":"gx","param_value_internal":1,"distribution":"{\"name\": \"CategoricalDistribution\", \"attributes\": {\"choices\": [1, 2, 4, 8]}}"}
{"op_code":5,"worker_id":"a9a919f8-fdbd-4401-9bce-e556fa4aa967-139275528476480","trial_id":97,"param_name":"gy","param_value_internal":2,"distribution":"{\"name\": \"CategoricalDistribution\", \"attributes\": {\"choices\": [1, 2, 4, 8]}}"}
{"op_code":5,"worker_id":"a9a919f8-fdbd-4401-9bce-e556fa4aa967-139275528476480","trial_id":97,"param_name":"sub","param_value_internal":0,"distribution":"{\"name\": \"CategoricalDistribution\", \"attributes\": {\"choices\": [32, 64]}}"}
{"op_code":6,"worker_id":"a9a919f8-fdbd-4401-9bce-e556fa4aa967-139275528476480","trial_id":97,"state":2,"values":null,"datetime_complete":"2026-08-07T13:06:45.412822"}
{"op_code":4,"worker_id":"a9a919f8-fdbd-4401-9bce-e556fa4aa967-139275528476480","study_id":0,"datetime_start":"2026-08-07T13:06:45.414928"}
{"op_code":9,"worker_id":"a9a919f8-fdbd-4401-9bce-e556fa4aa967-139275528476480","trial_id":98,"system_attr":{"tpe:relative_params:0":"{\"gx\": 8, \"gy\": 4, \"k\": 64, \"m\": 128, \"n\": 16, \"sub\": 32}"}}
{"op_code":5,"worker_id":"a9a919f8-fdbd-4401-9bce-e556fa4aa967-139275528476480","trial_id":98,"param_name":"m","param_value_internal":3,"distribution":"{\"name\": \"CategoricalDistribution\", \"attributes\": {\"choices\": [16, 32, 64, 128, 256]}}"}
{"op_code":5,"worker_id":"a9a919f8-fdbd-4401-9bce-e556fa4aa967-139275528476480","trial_id":98,"param_name":"n","param_value_internal":0,"distribution":"{\"name\": \"CategoricalDistribution\", \"attributes\": {\"choices\": [16, 32, 64, 128, 256]}}"}
{"op_code":5,"worker_id":"a9a919f8-fdbd-4401-9bce-e556fa4aa967-139275528476480","trial_id":98,"param_name":"k","param_value_internal":2,"distribution":"{\"name\": \"CategoricalDistribution\", \"attributes\": {\"choices\": [16, 32, 64, 128]}}"}
{"op_code":5,"worker_id":"a9a919f8-fdbd-4401-9bce-e556fa4aa967-139275528476480","trial_id":98,"param_name":"gx","param_value_internal":3,"distribution":"{\"name\": \"CategoricalDistribution\", \"attributes\": {\"choices\": [1, 2, 4, 8]}}"}
{"op_code":5,"worker_id":"a9a919f8-fdbd-4401-9bce-e556fa4aa967-139275528476480","trial_id":98,"param_name":"gy","param_value_internal":2,"distribution":"{\"name\": \"CategoricalDistribution\", \"attributes\": {\"choices\": [1, 2, 4, 8]}}"}
{"op_code":5,"worker_id":"a9a919f8-fdbd-4401-9bce-e556fa4aa967-139275528476480","trial_id":98,"param_name":"sub","param_value_internal":0,"distribution":"{\"name\": \"CategoricalDistribution\", \"attributes\": {\"choices\": [32, 64]}}"}
{"op_code":6,"worker_id":"a9a919f8-fdbd-4401-9bce-e556fa4aa967-139275528476480","trial_id":98,"state":2,"values":null,"datetime_complete":"2026-08-07T13:06:45.434565"}
{"op_code":4,"worker_id":"a9a919f8-fdbd-4401-9bce-e556fa4aa967-139275528476480","study_id":0,"datetime_start":"2026-08-07T13:06:45.436511"}
{"op_code":9,"worker_id":"a9a919f8-fdbd-4401-9bce-e556fa4aa967-139275528476480","trial_id":99,"system_attr":{"tpe:relative_params:0":"{\"gx\": 8, \"gy\": 2, \"k\": 16, \"m\": 64, \"n\": 64, \"sub\": 32}"}}
{"op_code":5,"worker_id":"a9a919f8-fdbd-4401-9bce-e556fa4aa967-139275528476480","trial_id":99,"param_name":"m","param_value_internal":2,"distribution":"{\"name\": \"CategoricalDistribution\", \"attributes\": {\"choices\": [16, 32, 64, 128, 256]}}"}
{"op_code":5,"worker_id":"a9a919f8-fdbd-4401-9bce-e556fa4aa967-139275528476480","trial_id":99,"param_name":"n","param_value_internal":2,"distribution":"{\"name\": \"CategoricalDistribution\", \"attributes\": {\"choices\": [16, 32, 64, 128, 256]}}"}
{"op_code":5,"worker_id":"a9a919f8-fdbd-4401-9bce-e556fa4aa967-139275528476480","trial_id":99,"param_name":"k","param_value_internal":0,"distribution":"{\"name\": \"CategoricalDistribution\", \"attributes\": {\"choices\": [16, 32, 64, 128]}}"}
{"op_code":5,"worker_id":"a9a919f8-fdbd-4401-9bce-e556fa4aa967-139275528476480","trial_id":99,"param_name":"gx","param_value_internal":3,"distribution":"{\"name\": \"CategoricalDistribution\", \"attributes\": {\"choices\": [1, 2, 4, 8]}}"}
{"op_code":5,"worker_id":"a9a919f8-fdbd-4401-9bce-e556fa4aa967-139275528476480","trial_id":99,"param_name":"gy","param_value_internal":1,"distribution":"{\"name\": \"CategoricalDistribution\", \"attributes\": {\"choices\": [1, 2, 4, 8]}}"}
{"op_code":5,"worker_id":"a9a919f8-fdbd-4401-9bce-e556fa4aa967-139275528476480","trial_id":99,"param_name":"sub","param_value_internal":0,"distribution":"{\"name\": \"CategoricalDistribution\", \"attributes\": {\"choices\": [32, 64]}}"}
{"op_code":6,"worker_id":"a9a919f8-fdbd-4401-9bce-e556fa4aa967-139275528476480","trial_id":99,"state":2,"values":null,"datetime_complete":"2026-08-07T13:06:45.455625"}
{"op_code":4,"worker_id":"a9a919f8-fdbd-4401-9bce-e556fa4aa967-139275528476480","study_id":0,"datetime_start":"2026-08-07T13:06:45.457653"}
{"op_code":9,"worker_id":"a9a919f8-fdbd-4401-9bce-e556fa4aa967-139275528476480","trial_id":100,"system_attr":{"tpe:relative_params:0":"{\"gx\": 2, \"gy\": 2, \"k\": 128, \"m\": 256, \"n\": 128, \"sub\": 64}"}}
{"op_code":5,"worker_id":"a9a919f8-fdbd-4401-9bce-e556fa4aa967-139275528476480","trial_id":100,"param_name":"m","param_value_internal":4,"distribution":"{\"name\": \"CategoricalDistribution\", \"attributes\": {\"choices\": [16, 32, 64, 128, 256]}}"}
{"op_code":5,"worker_id":"a9a919f8-fdbd-4401-9bce-e556fa4aa967-139275528476480","trial_id":100,"param_name":"n","param_value_internal":3,"distribution":"{\"name\": \"CategoricalDistribution\", \"attributes\": {\"choices\": [16, 32, 64, 128, 256]}}"}
{"op_code":5,"worker_id":"a9a919f8-fdbd-4401-9bce-e556fa4aa967-139275528476480","trial_id":100,"param_name":"k","param_value_internal":3,"distribution":"{\"name\": \"CategoricalDistribution\", \"attributes\": {\"choices\": [16, 32, 64, 128]}}"}
{"op_code":5,"worker_id":"a9a919f8-fdbd-4401-9bce-e556fa4aa967-139275528476480","trial_id":100,"param_name":"gx","param_value_internal":1,"distribution":"{\"name\": \"CategoricalDistribution\", \"attributes\": {\"choices\": [1, 2, 4, 8]}}"}
{"op_code":5,"worker_id":"a9a919f8-fdbd-4401-9bce-e556fa4aa967-139275528476480","trial_id":100,"param_name":"gy","param_value_internal":1,"distribution":"{\"name\": \"CategoricalDistribution\", \"attributes\": {\"choices\": [1, 2, 4, 8]}}"}
{"op_code":5,"worker_id":"a9a919f8-fdbd-4401-9bce-e556fa4aa967-139275528476480","trial_id":100,"param_name":"sub","param_value_internal":1,"distribution":"{\"name\": \"CategoricalDistribution\", \"attributes\": {\"choices\": [32, 64]}}"}
{"op_code":6,"worker_id":"a9a919f8-fdbd-4401-9bce-e556fa4aa967-139275528476480","trial_id":100,"state":2,"values":null,"datetime_complete":"2026-08-07T13:06:45.480803"}
{"op_code":4,"worker_id":"a9a919f8-fdbd-4401-9bce-e556fa4aa967-139275528476480","study_id":0,"datetime_start":"2026-08-07T13:06:45.483463"}
{"op_code":9,"worker_id":"a9a919f8-fdbd-4401-9bce-e556fa4aa967-139275528476480","trial_id":101,"system_attr":{"tpe:relative_params:0":"{\"gx\": 2, \"gy\": 2, \"k\": 32, \"m\": 32, \"n\": 32, \"sub\": 64}"}}
{"op_code":5,"worker_id":"a9a919f8-fdbd-4401-9bce-e556fa4aa967-139275528476480","trial_id":101,"param_name":"m","param_value_internal":1,"distribution":"{\"name\": \"CategoricalDistribution\", \"attributes\": {\"choices\": [16, 32, 64, 128, 256]}}"}
{"op_code":5,"worker_id":"a9a919f8-fdbd-4401-9bce-e556fa4aa967-139275528476480","trial_id":101,"param_name":"n","param_value_internal":1,"distribution":"{\"name\": \"CategoricalDistribution\", \"attributes\": {\"choices\": [16, 32, 64, 128, 256]}}"}
{"op_code":5,"worker_id":"a9a919f8-fdbd-4401-9bce-e556fa4aa967-139275528476480","trial_id":101,"param_name":"k","param_value_internal":1,"distribution":"{\"name\": \"CategoricalDistribution\", \"attributes\": {\"choices\": [16, 32, 64, 128]}}"}
{"op_code":5,"worker_id":"a9a919f8-fdbd-4401-9bce-e556fa4aa967-139275528476480","trial_id":101,"param_name":"gx","param_value_internal":1,"distribution":"{\"name\": \"CategoricalDistribution\", \"attributes\": {\"choices\": [1, 2, 4, 8]}}"}
{"op_code":5,"worker_id":"a9a919f8-fdbd-4401-9bce-e556fa4aa967-139275528476480","trial_id":101,"param_name":"gy","param_value_internal":1,"distribution":"{\"name\": \"CategoricalDistribution\", \"attributes\": {\"choices\": [1, 2, 4, 8]}}"}
{"op_code":5,"worker_id":"a9a919f8-fdbd-4401-9bce-e556fa4aa967-139275528476480","trial_id":101,"param_name":"sub","param_value_internal":1,"distribution":"{\"name\": \"CategoricalDistribution\", \"attributes\": {\"choices\": [32, 64]}}"}
{"op_code":6,"worker_id":"a9a919f8-fdbd-4401-9bce-e556fa4aa967-139275528476480","trial_id":101,"state":2,"values":null,"datetime_complete":"2026-08-07T13:06:45.508726"}
{"op_code":4,"worker_id":"a9a919f8-fdbd-4401-9bce-e556fa4aa967-139275528476480","study_id":0,"datetime_start":"2026-08-07T13:06:45.511489"}
{"op_code":9,"worker_id":"a9a919f8-fdbd-4401-9bce-e556fa4aa967-139275528476480","trial_id":102,"system_attr":{"tpe:relative_params:0":"{\"gx\": 2, \"gy\": 1, \"k\": 64, \"m\": 256, \"n\": 16, \"sub\": 64}"}}
{"op_code":5,"worker_id":"a9a919f8-fdbd-4401-9bce-e556fa4aa967-139275528476480","trial_id":102,"param_name":"m","param_value_internal":4,"distribution":"{\"name\": \"CategoricalDistribution\", \"attributes\": {\"choices\": [16, 32, 64, 128, 256]}}"}
{"op_code":5,"worker_id":"a9a919f8-fdbd-4401-9bce-e556fa4aa967-139275528476480","trial_id":102,"param_name":"n","param_value_internal":0,"distribution":"{\"name\": \"CategoricalDistribution\", \"attributes\": {\"choices\": [16, 32, 64, 128, 256]}}"}
{"op_code":5,"worker_id":"a9a919f8-fdbd-4401-9bce-e556fa4aa967-139275528476480","trial_id":102,"param_name":"k","param_value_internal":2,"distribution":"{\"name\": \"CategoricalDistribution\", \"attributes\": {\"choices\": [16, 32, 64, 128]}}"}
{"op_code":5,"worker_id":"a9a919f8-fdbd-4401-9bce-e556fa4aa967-139275528476480","trial_id":102,"param_name":"gx","param_value_internal":1,"distribution":"{\"name\": \"CategoricalDistribution\", \"attributes\": {\"choices\": [1, 2, 4, 8]}}"}
{"op_code":5,"worker_id":"a9a919f8-fdbd-4401-9bce-e556fa4aa967-139275528476480","trial_id":102,"param_name":"gy","param_value_internal":0,"distribution":"{\"name\": \"CategoricalDistribution\", \"attributes\": {\"choices\": [1, 2, 4, 8]}}"}
{"op_code":5,"worker_id":"a9a919f8-fdbd-4401-9bce-e556fa4aa967-139275528476480","trial_id":102,"param_name":"sub","param_value_internal":1,"distribution":"{\"name\": \"CategoricalDistribution\", \"attributes\": {\"choices\": [32, 64]}}"}
{"op_code":6,"worker_id":"a9a919f8-fdbd-4401-9bce-e556fa4aa967-139275528476480","trial_id":102,"state":2,"values":null,"datetime_complete":"2026-08-07T13:06:45.532518"}
{"op_code":4,"worker_id":"a9a919f8-fdbd-4401-9bce-e556fa4aa967-139275528476480","study_id":0,"datetime_start":"2026-08-07T13:06:45.534440"}
{"op_code":9,"worker_id":"a9a919f8-fdbd-4401-9bce-e556fa4aa967-139275528476480","trial_id":103,"system_attr":{"tpe:relative_params:0":"{\"gx\": 8, \"gy\": 8, \"k\": 128, \"m\": 128, \"n\": 16, \"sub\": 32}"}}
{"op_code":5,"worker_id":"a9a919f8-fdbd-4401-9bce-e556fa4aa967-139275528476480","trial_id":103,"param_name":"m","param_value_internal":3,"distribution":"{\"name\": \"CategoricalDistribution\", \"attributes\": {\"choices\": [16, 32, 64, 128, 256]}}"}
{"op_code":5,"worker_id":"a9a919f8-fdbd-4401-9bce-e556fa4aa967-139275528476480","trial_id":103,"param_name":"n","param_value_internal":0,"distribution":"{\"name\": \"CategoricalDistribution\", \"attributes\": {\"choices\": [16, 32, 64, 128, 256]}}"}
{"op_code":5,"worker_id":"a9a919f8-fdbd-4401-9bce-e556fa4aa967-139275528476480","trial_id":103,"param_name":"k","param_value_internal":3,"distribution":"{\"name\": \"CategoricalDistribution\", \"attributes\": {\"choices\": [16, 32, 64, 128]}}"}
{"op_code":5,"worker_id":"a9a919f8-fdbd-4401-9bce-e556fa4aa967-139275528476480","trial_id":103,"param_name":"gx","param_value_internal":3,"distribution":"{\"name\": \"CategoricalDistribution\", \"attributes\": {\"choices\": [1, 2, 4, 8]}}"}
{"op_code":5,"worker_id":"a9a919f8-fdbd-4401-9bce-e556fa4aa967-139275528476480","trial_id":103,"param_name":"gy","param_value_internal":3,"distribution":"{\"name\": \"CategoricalDistribution\", \"attributes\": {\"choices\": [1, 2, 4, 8]}}"}
{"op_code":5,"worker_id":"a9a919f8-fdbd-4401-9bce-e556fa4aa967-139275528476480","trial_id":103,"param_name":"sub","param_value_internal":0,"distribution":"{\"name\": \"CategoricalDistribution\", \"attributes\": {\"choices\": [32, 64]}}"}
{"op_code":6,"worker_id":"a9a919f8-fdbd-4401-9bce-e556fa4aa967-139275528476480","trial_id":103,"state":2,"values":null,"datetime_complete":"2026-08-07T13:06:45.553758"}
{"op_code":4,"worker_id":"a9a919f8-fdbd-4401-9bce-e556fa4aa967-139275528476480","study_id":0,"datetime_start":"2026-08-07T13:06:45.555525"}
{"op_code":9,"worker_id":"a9a919f8-fdbd-4401-9bce-e556fa4aa967-139275528476480","trial_id":104,"system_attr":{"tpe:relative_params:0":"{\"gx\": 4, \"gy\": 8, \"k\": 16, \"m\": 64, \"n\": 64, \"sub\": 64}"}}
{"op_code":5,"worker_id":"a9a919f8-fdbd-4401-9bce-e556fa4aa967-139275528476480","trial_id":104,"param_name":"m","param_value_internal":2,"distribution":"{\"name\": \"CategoricalDistribution\", \"attributes\": {\"choices\": [16, 32, 64, 128, 256]}}"}
{"op_code":5,"worker_id":"a9a919f8-fdbd-4401-9bce-e556fa4aa967-139275528476480","trial_id":104,"param_name":"n","param_value_internal":2,"distribution":"{\"name\": \"CategoricalDistribution\", \"attributes\": {\"choices\": [16, 32, 64, 128, 256]}}"}
{"op_code":5,"worker_id":"a9a919f8-fdbd-4401-9bce-e556fa4aa967-139275528476480","trial_id":104,"param_name":"k","param_value_internal":0,"distribution":"{\"name\": \"CategoricalDistribution\", \"attributes\": {\"choices\": [16, 32, 64, 128]}}"}
{"op_code":5,"worker_id":"a9a919f8-fdbd-4401-9bce-e556fa4aa967-139275528476480","trial_id":104,"param_name":"gx","param_value_internal":2,"distribution":"{\"name\": \"CategoricalDistribution\", \"attributes\": {\"choices\": [1, 2, 4, 8]}}"}
{"op_code":5,"worker_id":"a9a919f8-fdbd-4401-9bce-e556fa4aa967-139275528476480","trial_id":104,"param_name":"gy","param_value_internal":3,"distribution":"{\"name\": \"CategoricalDistribution\", \"attributes\": {\"choices\": [1, 2, 4, 8]}}"}
{"op_code":5,"worker_id":"a9a919f8-fdbd-4401-9bce-e556fa4aa967-139275528476480","trial_id":104,"param_name":"sub","param_value_internal":1,"distribution":"{\"name\": \"CategoricalDistribution\", \"attributes\": {\"choices\": [32, 64]}}"}
{"op_code":6,"worker_id":"a9a919f8-fdbd-4401-9bce-e556fa4aa967-139275528476480","trial_id":104,"state":2,"values":null,"datetime_complete":"2026-08-07T13:06:45.573833"}
{"op_code":4,"worker_id":"a9a919f8-fdbd-4401-9bce-e556fa4aa967-139275528476480","study_id":0,"datetime_start":"2026-08-07T13:06:45.575641"}
{"op_code":9,"worker_id":"a9a919f8-fdbd-4401-9bce-e556fa4aa967-139275528476480","trial_id":105,"system_attr":{"tpe:relative_params:0":"{\"gx\": 8, \"gy\": 2, \"k\": 32, \"m\": 16, \"n\": 256, \"sub\": 32}"}}
{"op_code":5,"worker_id":"a9a919f8-fdbd-4401-9bce-e556fa4aa967-139275528476480","trial_id":105,"param_name":"m","param_value_internal":0,"distribution":"{\"name\": \"CategoricalDistribution\", \"attributes\": {\"choices\": [16, 32, 64, 128, 256]}}"}
{"op_code":5,"worker_id":"a9a919f8-fdbd-4401-9bce-e556fa4aa967-139275528476480","trial_id":105,"param_name":"n","param_value_internal":4,"distribution":"{\"name\": \"CategoricalDistribution\", \"attributes\": {\"choices\": [16, 32, 64, 128, 256]}}"}
{"op_code":5,"worker_id":"a9a919f8-fdbd-4401-9bce-e556fa4aa967-139275528476480","trial_id":105,"param_name":"k","param_value_internal":1,"distribution":"{\"name\": \"CategoricalDistribution\", \"attributes\": {\"choices\": [16, 32, 64, 128]}}"}
{"op_code":5,"worker_id":"a9a919f8-fdbd-4401-9bce-e556fa4aa967-139275528476480","trial_id":105,"param_name":"gx","param_value_internal":3,"distribution":"{\"name\": \"CategoricalDistribution\", \"attributes\": {\"choices\": [1, 2, 4, 8]}}"}
{"op_code":5,"worker_id":"a9a919f8-fdbd-4401-9bce-e556fa4aa967-139275528476480","trial_id":105,"param_name":"gy","param_value_internal":1,"distribution":"{\"name\": \"CategoricalDistribution\", \"attributes\": {\"choices\": [1, 2, 4, 8]}}"}
{"op_code":5,"worker_id":"a9a919f8-fdbd-4401-9bce-e556fa4aa967-139275528476480","trial_id":105,"param_name":"sub","param_value_internal":0,"distribution":"{\"name\": \"CategoricalDistribution\", \"attributes\": {\"choices\": [32, 64]}}"}
{"op_code":6,"worker_id":"a9a919f8-fdbd-4401-9bce-e556fa4aa967-139275528476480","trial_id":105,"state":2,"values":null,"datetime_complete":"2026-08-07T13:06:45.595458"}
{"op_code":4,"worker_id":"a9a919f8-fdbd-4401-9bce-e556fa4aa967-139275528476480","study_id":0,"datetime_start":"2026-08-07T13:06:45.597542"}
{"op_code":9,"worker_id":"a9a919f8-fdbd-4401-9bce-e556fa4aa967-139275528476480","trial_id":106,"system_attr":{"tpe:relative_params:0":"{\"gx\": 1, \"gy\": 8, \"k\": 128, \"m\": 16, \"n\": 128, \"sub\": 32}"}}
{"op_code":5,"worker_id":"a9a919f8-fdbd-4401-9bce-e556fa4aa967-139275528476480","trial_id":106,"param_name":"m","param_value_internal":0,"distribution":"{\"name\": \"CategoricalDistribution\", \"attributes\": {\"choices\": [16, 32, 64, 128, 256]}}"}
{"op_code":5,"worker_id":"a9a919f8-fdbd-4401-9bce-e556fa4aa967-139275528476480","trial_id":106,"param_name":"n","param_value_internal":3,"distribution":"{\"name\": \"CategoricalDistribution\", \"attributes\": {\"choices\": [16, 32, 64, 128, 256]}}"}
{"op_code":5,"worker_id":"a9a919f8-fdbd-4401-9bce-e556fa4aa967-139275528476480","trial_id":106,"param_name":"k","param_value_internal":3,"distribution":"{\"name\": \"CategoricalDistribution\", \"attributes\": {\"choices\": [16, 32, 64, 128]}}"}
{"op_code":5,"worker_id":"a9a919f8-fdbd-4401-9bce-e556fa4aa967-139275528476480","trial_id":106,"param_name":"gx","param_value_internal":0,"distribution":"{\"name\": \"CategoricalDistribution\", \"attributes\": {\"choices\": [1, 2, 4, 8]}}"}
{"op_code":5,"worker_id":"a9a919f8-fdbd-4401-9bce-e556fa4aa967-139275528476480","trial_id":106,"param_name":"gy","param_value_internal":3,"distribution":"{\"name\": \"CategoricalDistribution\", \"attributes\": {\"choices\": [1, 2, 4, 8]}}"}
{"op_code":5,"worker_id":"a9a919f8-fdbd-4401-9bce-e556fa4aa967-139275528476480","trial_id":106,"param_name":"sub","param_value_internal":0,"distribution":"{\"name\": \"CategoricalDistribution\", \"attributes\": {\"choices\": [32, 64]}}"}
{"op_code":6,"worker_id":"a9a919f8-fdbd-4401-9bce-e556fa4aa967-139275528476480","trial_id":106,"state":2,"values":null,"datetime_complete":"2026-08-07T13:06:45.618279"}
{"op_code":4,"worker_id":"a9a919f8-fdbd-4401-9bce-e556fa4aa967-139275528476480","study_id":0,"datetime_start":"2026-08-07T13:06:45.620332"}
{"op_code":9,"worker_id":"a9a919f8-fdbd-4401-9bce-e556fa4aa967-139275528476480","trial_id":107,"system_attr":{"tpe:relative_params:0":"{\"gx\": 1, \"gy\": 8, \"k\": 128, \"m\": 16, \"n\": 32, \"sub\": 32}"}}
{"op_code":5,"worker_id":"a9a919f8-fdbd-4401-9bce-e556fa4aa967-139275528476480","trial_id":107,"param_name":"m","param_value_internal":0,"distribution":"{\"name\": \"CategoricalDistribution\", \"attributes\": {\"choices\": [16, 32, 64, 128, 256]}}"}
{"op_code":5,"worker_id":"a9a919f8-fdbd-4401-9bce-e556fa4aa967-139275528476480","trial_id":107,"param_name":"n","param_value_internal":1,"distribution":"{\"name\": \"CategoricalDistribution\", \"attributes\": {\"choices\": [16, 32, 64, 128, 256]}}"}
{"op_code":5,"worker_id":"a9a919f8-fdbd-4401-9bce-e556fa4aa967-139275528476480","trial_id":107,"param_name":"k","param_value_internal":3,"distribution":"{\"name\": \"CategoricalDistribution\", \"attributes\": {\"choices\": [16, 32, 64, 128]}}"}
{"op_code":5,"worker_id":"a9a919f8-fdbd-4401-9bce-e556fa4aa967-139275528476480","trial_id":107,"param_name":"gx","param_value_internal":0,"distribution":"{\"name\": \"CategoricalDistribution\", \"attributes\": {\"choices\": [1, 2, 4, 8]}}"}
{"op_code":5,"worker_id":"a9a919f8-fdbd-4401-9bce-e556fa4aa967-139275528476480","trial_id":107,"param_name":"gy","param_value_internal":3,"distribution":"{\"name\": \"CategoricalDistribution\", \"attributes\": {\"choices\": [1, 2, 4, 8]}}"}
{"op_code":5,"worker_id":"a9a919f8-fdbd-4401-9bce-e556fa4aa967-139275528476480","trial_id":107,"param_name":"sub","param_value_internal":0,"distribution":"{\"name\": \"CategoricalDistribution\", \"attributes\": {\"choices\": [32, 64]}}"}
{"op_code":6,"worker_id":"a9a919f8-fdbd-4401-9bce-e556fa4aa967-139275528476480","trial_id":107,"state":2,"values":null,"datetime_complete":"2026-08-07T13:06:45.639674"}
{"op_code":4,"worker_id":"a9a919f8-fdbd-4401-9bce-e556fa4aa967-139275528476480","study_id":0,"datetime_start":"2026-08-07T13:06:45.641677"}
{"op_code":9,"worker_id":"a9a919f8-fdbd-4401-9bce-e556fa4aa967-139275528476480","trial_id":108,"system_attr":{"tpe:relative_params:0":"{\"gx\": 4, \"gy\": 2, \"k\": 16, \"m\": 16, \"n\": 32, \"sub\": 32}"}}
{"op_code":5,"worker_id":"a9a919f8-fdbd-4401-9bce-e556fa4aa967-139275528476480","trial_id":108,"param_name":"m","param_value_internal":0,"distribution":"{\"name\": \"CategoricalDistribution\", \"attributes\": {\"choices\": [16, 32, 64, 128, 256]}}"}
{"op_code":5,"worker_id":"a9a919f8-fdbd-4401-9bce-e556fa4aa967-139275528476480","trial_id":108,"param_name":"n","param_value_internal":1,"distribution":"{\"name\": \"CategoricalDistribution\", \"attributes\": {\"choices\": [16, 32, 64, 128, 256]}}"}
{"op_code":5,"worker_id":"a9a919f8-fdbd-4401-9bce-e556fa4aa967-139275528476480","trial_id":108,"param_name":"k","param_value_internal":0,"distribution":"{\"name\": \"CategoricalDistribution\", \"attributes\": {\"choices\": [16, 32, 64, 128]}}"}
{"op_code":5,"worker_id":"a9a919f8-fdbd-4401-9bce-e556fa4aa967-139275528476480","trial_id":108,"param_name":"gx","param_value_internal":2,"distribution":"{\"name\": \"CategoricalDistribution\", \"attributes\": {\"choices\": [1, 2, 4, 8]}}"}
{"op_code":5,"worker_id":"a9a919f8-fdbd-4401-9bce-e556fa4aa967-139275528476480","trial_id":108,"param_name":"gy","param_value_internal":1,"distribution":"{\"name\": \"CategoricalDistribution\", \"attributes\": {\"choices\": [1, 2, 4, 8]}}"}
{"op_code":5,"worker_id":"a9a919f8-fdbd-4401-9bce-e556fa4aa967-139275528476480","trial_id":108,"param_name":"sub","param_value_internal":0,"distribution":"{\"name\": \"CategoricalDistribution\", \"attributes\": {\"choices\": [32, 64]}}"}
{"op_code":6,"worker_id":"a9a919f8-fdbd-4401-9bce-e556fa4aa967-139275528476480","trial_id":108,"state":2,"values":null,"datetime_complete":"2026-08-07T13:06:45.661692"}
{"op_code":4,"worker_id":"a9a919f8-fdbd-4401-9bce-e556fa4aa967-139275528476480","study_id":0,"datetime_start":"2026-08-07T13:06:45.663893"}
{"op_code":9,"worker_id":"a9a919f8-fdbd-4401-9bce-e556fa4aa967-139275528476480","trial_id":109,"system_attr":{"tpe:relative_params:0":"{\"gx\": 4, \"gy\": 1, \"k\": 64, \"m\": 128, \"n\": 32, \"sub\": 64}"}}
{"op_code":5,"worker_id":"a9a919f8-fdbd-4401-9bce-e556fa4aa967-139275528476480","trial_id":109,"param_name":"m","param_value_internal":3,"distribution":"{\"name\": \"CategoricalDistribution\", \"attributes\": {\"choices\": [16, 32, 64, 128, 256]}}"}
{"op_code":5,"worker_id":"a9a919f8-fdbd-4401-9bce-e556fa4aa967-139275528476480","trial_id":109,"param_name":"n","param_value_internal":1,"distribution":"{\"name\": \"CategoricalDistribution\", \"attributes\": {\"choices\": [16, 32, 64, 128, 256]}}"}
{"op_code":5,"worker_id":"a9a919f8-fdbd-4401-9bce-e556fa4aa967-139275528476480","trial_id":109,"param_name":"k","param_value_internal":2,"distribution":"{\"name\": \"CategoricalDistribution\", \"attributes\": {\"choices\": [16, 32, 64, 128]}}"}
{"op_code":5,"worker_id":"a9a919f8-fdbd-4401-9bce-e556fa4aa967-139275528476480","trial_id":109,"param_name":"gx","param_value_internal":2,"distribution":"{\"name\": \"CategoricalDistribution\", \"attributes\": {\"choices\": [1, 2, 4, 8]}}"}
{"op_code":5,"worker_id":"a9a919f8-fdbd-4401-9bce-e556fa4aa967-139275528476480","trial_id":109,"param_name":"gy","param_value_internal":0,"distribution":"{\"name\": \"CategoricalDistribution\", \"attributes\": {\"choices\": [1, 2, 4, 8]}}"}
{"op_code":5,"worker_id":"a9a919f8-fdbd-4401-9bce-e556fa4aa967-139275528476480","trial_id":109,"param_name":"sub","param_value_internal":1,"distribution":"{\"name\": \"CategoricalDistribution\", \"attributes\": {\"choices\": [32, 64]}}"}
{"op_code":6,"worker_id":"a9a919f8-fdbd-4401-9bce-e556fa4aa967-139275528476480","trial_id":109,"state":2,"values":null,"datetime_complete":"2026-08-07T13:06:45.684923"}
{"op_code":4,"worker_id":"a9a919f8-fdbd-4401-9bce-e556fa4aa967-139275528476480","study_id":0,"datetime_start":"2026-08-07T13:06:45.686961"}
{"op_code":9,"worker_id":"a9a919f8-fdbd-4401-9bce-e556fa4aa967-139275528476480","trial_id":110,"system_attr":{"tpe:relative_params:0":"{\"gx\": 2, \"gy\": 8, \"k\": 64, \"m\": 16, \"n\": 32, \"sub\": 32}"}}
{"op_code":5,"worker_id":"a9a919f8-fdbd-4401-9bce-e556fa4aa967-139275528476480","trial_id":110,"param_name":"m","param_value_internal":0,"distribution":"{\"name\": \"CategoricalDistribution\", \"attributes\": {\"choices\": [16, 32, 64, 128, 256]}}"}
{"op_code":5,"worker_id":"a9a919f8-fdbd-4401-9bce-e556fa4aa967-139275528476480","trial_id":110,"param_name":"n","param_value_internal":1,"distribution":"{\"name\": \"CategoricalDistribution\", \"attributes\": {\"choices\": [16, 32, 64, 128, 256]}}"}
{"op_code":5,"worker_id":"a9a919f8-fdbd-4401-9bce-e556fa4aa967-139275528476480","trial_id":110,"param_name":"k","param_value_internal":2,"distribution":"{\"name\": \"CategoricalDistribution\", \"attributes\": {\"choices\": [16, 32, 64, 128]}}"}
{"op_code":5,"worker_id":"a9a919f8-fdbd-4401-9bce-e556fa4aa967-139275528476480","trial_id":110,"param_name":"gx","param_value_internal":1,"distribution":"{\"name\": \"CategoricalDistribution\", \"attributes\": {\"choices\": [1, 2, 4, 8]}}"}
{"op_code":5,"worker_id":"a9a919f8-fdbd-4401-9bce-e556fa4aa967-139275528476480","trial_id":110,"param_name":"gy","param_value_internal":3,"distribution":"{\"name\": \"CategoricalDistribution\", \"attributes\": {\"choices\": [1, 2, 4, 8]}}"}
{"op_code":5,"worker_id":"a9a919f8-fdbd-4401-9bce-e556fa4aa967-139275528476480","trial_id":110,"param_name":"sub","param_value_internal":0,"distribution":"{\"name\": \"CategoricalDistribution\", \"attributes\": {\"choices\": [32, 64]}}"}
{"op_code":6,"worker_id":"a9a919f8-fdbd-4401-9bce-e556fa4aa967-139275528476480","trial_id":110,"state":2,"values":null,"datetime_complete":"2026-08-07T13:06:45.708026"}
{"op_code":4,"worker_id":"a9a919f8-fdbd-4401-9bce-e556fa4aa967-139275528476480","study_id":0,"datetime_start":"2026-08-07T13:06:45.710051"}
{"op_code":9,"worker_id":"a9a919f8-fdbd-4401-9bce-e556fa4aa967-139275528476480","trial_id":111,"system_attr":{"tpe:relative_params:0":"{\"gx\": 8, \"gy\": 4, \"k\": 64, \"m\": 16, \"n\": 64, \"sub\": 32}"}}
{"op_code":5,"worker_id":"a9a919f8-fdbd-4401-9bce-e556fa4aa967-139275528476480","trial_id":111,"param_name":"m","param_value_internal":0,"distribution":"{\"name\": \"CategoricalDistribution\", \"attributes\": {\"choices\": [16, 32, 64, 128, 256]}}"}
{"op_code":5,"worker_id":"a9a919f8-fdbd-4401-9bce-e556fa4aa967-139275528476480","trial_id":111,"param_name":"n","param_value_internal":2,"distribution":"{\"name\": \"CategoricalDistribution\", \"attributes\": {\"choices\": [16, 32, 64, 128, 256]}}"}
{"op_code":5,"worker_id":"a9a919f8-fdbd-4401-9bce-e556fa4aa967-139275528476480","trial_id":111,"param_name":"k","param_value_internal":2,"distribution":"{\"name\": \"CategoricalDistribution\", \"attributes\": {\"choices\": [16, 32, 64, 128]}}"}
{"op_code":5,"worker_id":"a9a919f8-fdbd-4401-9bce-e556fa4aa967-139275528476480","trial_id":111,"param_name":"gx","param_value_internal":3,"distribution":"{\"name\": \"CategoricalDistribution\", \"attributes\": {\"choices\": [1, 2, 4, 8]}}"}
{"op_code":5,"worker_id":"a9a919f8-fdbd-4401-9bce-e556fa4aa967-139275528476480","trial_id":111,"param_name":"gy","param_value_internal":2,"distribution":"{\"name\": \"CategoricalDistribution\", \"attributes\": {\"choices\": [1, 2, 4, 8]}}"}
{"op_code":5,"worker_id":"a9a919f8-fdbd-4401-9bce-e556fa4aa967-139275528476480","trial_id":111,"param_name":"sub","param_value_internal":0,"distribution":"{\"name\": \"CategoricalDistribution\", \"attributes\": {\"choices\": [32, 64]}}"}
{"op_code":6,"worker_id":"a9a919f8-fdbd-4401-9bce-e556fa4aa967-139275528476480","trial_id":111,"state":2,"values":null,"datetime_complete":"2026-08-07T13:06:45.729986"}
{"op_code":4,"worker_id":"a9a919f8-fdbd-4401-9bce-e556fa4aa967-139275528476480","study_id":0,"datetime_start":"2026-08-07T13:06:45.731741"}
{"op_code":9,"worker_id":"a9a919f8-fdbd-4401-9bce-e556fa4aa967-139275528476480","trial_id":112,"system_attr":{"tpe:relative_params:0":"{\"gx\": 2, \"gy\": 1, \"k\": 128, \"m\": 16, \"n\": 32, \"sub\": 64}"}}
{"op_code":5,"worker_id":"a9a919f8-fdbd-4401-9bce-e556fa4aa967-139275528476480","trial_id":112,"param_name":"m","param_value_internal":0,"distribution":"{\"name\": \"CategoricalDistribution\", \"attributes\": {\"choices\": [16, 32, 64, 128, 256]}}"}
{"op_code":5,"worker_id":"a9a919f8-fdbd-4401-9bce-e556fa4aa967-139275528476480","trial_id":112,"param_name":"n","param_value_internal":1,"distribution":"{\"name\": \"CategoricalDistribution\", \"attributes\": {\"choices\": [16, 32, 64, 128, 256]}}"}
{"op_code":5,"worker_id":"a9a919f8-fdbd-4401-9bce-e556fa4aa967-139275528476480","trial_id":112,"param_name":"k","param_value_internal":3,"distribution":"{\"name\": \"CategoricalDistribution\", \"attributes\": {\"choices\": [16, 32, 64, 128]}}"}
{"op_code":5,"worker_id":"a9a919f8-fdbd-4401-9bce-e556fa4aa967-139275528476480","trial_id":112,"param_name":"gx","param_value_internal":1,"distribution":"{\"name\": \"CategoricalDistribution\", \"attributes\": {\"choices\": [1, 2, 4, 8]}}"}
{"op_code":5,"worker_id":"a9a919f8-fdbd-4401-9bce-e556fa4aa967-139275528476480","trial_id":112,"param_name":"gy","param_value_internal":0,"distribution":"{\"name\": \"CategoricalDistribution\", \"attributes\": {\"choices\": [1, 2, 4, 8]}}"}
{"op_code":5,"worker_id":"a9a919f8-fdbd-4401-9bce-e556fa4aa967-139275528476480","trial_id":112,"param_name":"sub","param_value_internal":1,"distribution":"{\"name\": \"CategoricalDistribution\", \"attributes\": {\"choices\": [32, 64]}}"}
{"op_code":8,"worker_id":"a9a919f8-fdbd-4401-9bce-e556fa4aa967-139275528476480","trial_id":112,"user_attr":{"token":"tsweep_dbuf4_t16x32k128g21s64"}}
{"op_code":6,"worker_id":"a9a919f8-fdbd-4401-9bce-e556fa4aa967-139275528476480","trial_id":0,"state":1,"values":[1261.4450000000002],"datetime_complete":"2026-08-07T13:07:41.677357"}
{"op_code":6,"worker_id":"a9a919f8-fdbd-4401-9bce-e556fa4aa967-139275528476480","trial_id":11,"state":1,"values":[1430.17],"datetime_complete":"2026-08-07T13:08:03.779819"}
{"op_code":6,"worker_id":"a9a919f8-fdbd-4401-9bce-e556fa4aa967-139275528476480","trial_id":19,"state":2,"values":null,"datetime_complete":"2026-08-07T13:08:14.236641"}
{"op_code":6,"worker_id":"a9a919f8-fdbd-4401-9bce-e556fa4aa967-139275528476480","trial_id":26,"state":2,"values":null,"datetime_complete":"2026-08-07T13:08:24.388293"}
{"op_code":6,"worker_id":"a9a919f8-fdbd-4401-9bce-e556fa4aa967-139275528476480","trial_id":31,"state":1,"values":[952.8125],"datetime_complete":"2026-08-07T13:08:47.493533"}
{"op_code":6,"worker_id":"a9a919f8-fdbd-4401-9bce-e556fa4aa967-139275528476480","trial_id":34,"state":1,"values":[948.832],"datetime_complete":"2026-08-07T13:09:11.795613"}
{"op_code":6,"worker_id":"a9a919f8-fdbd-4401-9bce-e556fa4aa967-139275528476480","trial_id":35,"state":2,"values":null,"datetime_complete":"2026-08-07T13:09:22.061841"}
{"op_code":6,"worker_id":"a9a919f8-fdbd-4401-9bce-e556fa4aa967-139275528476480","trial_id":46,"state":1,"values":[526.77],"datetime_complete":"2026-08-07T13:09:52.765400"}
{"op_code":6,"worker_id":"a9a919f8-fdbd-4401-9bce-e556fa4aa967-139275528476480","trial_id":50,"state":2,"values":null,"datetime_complete":"2026-08-07T13:10:02.972628"}
{"op_code":6,"worker_id":"a9a919f8-fdbd-4401-9bce-e556fa4aa967-139275528476480","trial_id":64,"state":1,"values":[1175.4445],"datetime_complete":"2026-08-07T13:10:25.747107"}
{"op_code":6,"worker_id":"a9a919f8-fdbd-4401-9bce-e556fa4aa967-139275528476480","trial_id":70,"state":2,"values":null,"datetime_complete":"2026-08-07T13:10:34.682443"}
{"op_code":6,"worker_id":"a9a919f8-fdbd-4401-9bce-e556fa4aa967-139275528476480","trial_id":78,"state":2,"values":null,"datetime_complete":"2026-08-07T13:10:44.943375"}
{"op_code":6,"worker_id":"a9a919f8-fdbd-4401-9bce-e556fa4aa967-139275528476480","trial_id":82,"state":1,"values":[722.5550000000001],"datetime_complete":"2026-08-07T13:11:10.485751"}
{"op_code":6,"worker_id":"a9a919f8-fdbd-4401-9bce-e556fa4aa967-139275528476480","trial_id":88,"state":1,"values":[882.7785],"datetime_complete":"2026-08-07T13:11:33.427902"}
{"op_code":6,"worker_id":"a9a919f8-fdbd-4401-9bce-e556fa4aa967-139275528476480","trial_id":90,"state":2,"values":null,"datetime_complete":"2026-08-07T13:11:43.886788"}
{"op_code":6,"worker_id":"a9a919f8-fdbd-4401-9bce-e556fa4aa967-139275528476480","trial_id":112,"state":2,"values":null,"datetime_complete":"2026-08-07T13:11:52.435571"}
{"op_code":4,"worker_id":"a9a919f8-fdbd-4401-9bce-e556fa4aa967-139275528476480","study_id":0,"datetime_start":"2026-08-07T13:11:52.438153"}
{"op_code":9,"worker_id":"a9a919f8-fdbd-4401-9bce-e556fa4aa967-139275528476480","trial_id":113,"system_attr":{"tpe:relative_params:0":"{\"gx\": 2, \"gy\": 2, \"k\": 16, \"m\": 128, \"n\": 128, \"sub\": 32}"}}
{"op_code":5,"worker_id":"a9a919f8-fdbd-4401-9bce-e556fa4aa967-139275528476480","trial_id":113,"param_name":"m","param_value_internal":3,"distribution":"{\"name\": \"CategoricalDistribution\", \"attributes\": {\"choices\": [16, 32, 64, 128, 256]}}"}
{"op_code":5,"worker_id":"a9a919f8-fdbd-4401-9bce-e556fa4aa967-139275528476480","trial_id":113,"param_name":"n","param_value_internal":3,"distribution":"{\"name\": \"CategoricalDistribution\", \"attributes\": {\"choices\": [16, 32, 64, 128, 256]}}"}
{"op_code":5,"worker_id":"a9a919f8-fdbd-4401-9bce-e556fa4aa967-139275528476480","trial_id":113,"param_name":"k","param_value_internal":0,"distribution":"{\"name\": \"CategoricalDistribution\", \"attributes\": {\"choices\": [16, 32, 64, 128]}}"}
{"op_code":5,"worker_id":"a9a919f8-fdbd-4401-9bce-e556fa4aa967-139275528476480","trial_id":113,"param_name":"gx","param_value_internal":1,"distribution":"{\"name\": \"CategoricalDistribution\", \"attributes\": {\"choices\": [1, 2, 4, 8]}}"}
{"op_code":5,"worker_id":"a9a919f8-fdbd-4401-9bce-e556fa4aa967-139275528476480","trial_id":113,"param_name":"gy","param_value_internal":1,"distribution":"{\"name\": \"CategoricalDistribution\", \"attributes\": {\"choices\": [1, 2, 4, 8]}}"}
{"op_code":5,"worker_id":"a9a919f8-fdbd-4401-9bce-e556fa4aa967-139275528476480","trial_id":113,"param_name":"sub","param_value_internal":0,"distribution":"{\"name\": \"CategoricalDistribution\", \"attributes\": {\"choices\": [32, 64]}}"}
{"op_code":6,"worker_id":"a9a919f8-fdbd-4401-9bce-e556fa4aa967-139275528476480","trial_id":113,"state":2,"values":null,"datetime_complete":"2026-08-07T13:11:52.458443"}
{"op_code":4,"worker_id":"a9a919f8-fdbd-4401-9bce-e556fa4aa967-139275528476480","study_id":0,"datetime_start":"2026-08-07T13:11:52.460180"}
{"op_code":9,"worker_id":"a9a919f8-fdbd-4401-9bce-e556fa4aa967-139275528476480","trial_id":114,"system_attr":{"tpe:relative_params:0":"{\"gx\": 4, \"gy\": 1, \"k\": 16, \"m\": 64, \"n\": 128, \"sub\": 32}"}}
{"op_code":5,"worker_id":"a9a919f8-fdbd-4401-9bce-e556fa4aa967-139275528476480","trial_id":114,"param_name":"m","param_value_internal":2,"distribution":"{\"name\": \"CategoricalDistribution\", \"attributes\": {\"choices\": [16, 32, 64, 128, 256]}}"}
{"op_code":5,"worker_id":"a9a919f8-fdbd-4401-9bce-e556fa4aa967-139275528476480","trial_id":114,"param_name":"n","param_value_internal":3,"distribution":"{\"name\": \"CategoricalDistribution\", \"attributes\": {\"choices\": [16, 32, 64, 128, 256]}}"}
{"op_code":5,"worker_id":"a9a919f8-fdbd-4401-9bce-e556fa4aa967-139275528476480","trial_id":114,"param_name":"k","param_value_internal":0,"distribution":"{\"name\": \"CategoricalDistribution\", \"attributes\": {\"choices\": [16, 32, 64, 128]}}"}
{"op_code":5,"worker_id":"a9a919f8-fdbd-4401-9bce-e556fa4aa967-139275528476480","trial_id":114,"param_name":"gx","param_value_internal":2,"distribution":"{\"name\": \"CategoricalDistribution\", \"attributes\": {\"choices\": [1, 2, 4, 8]}}"}
{"op_code":5,"worker_id":"a9a919f8-fdbd-4401-9bce-e556fa4aa967-139275528476480","trial_id":114,"param_name":"gy","param_value_internal":0,"distribution":"{\"name\": \"CategoricalDistribution\", \"attributes\": {\"choices\": [1, 2, 4, 8]}}"}
{"op_code":5,"worker_id":"a9a919f8-fdbd-4401-9bce-e556fa4aa967-139275528476480","trial_id":114,"param_name":"sub","param_value_internal":0,"distribution":"{\"name\": \"CategoricalDistribution\", \"attributes\": {\"choices\": [32, 64]}}"}
{"op_code":6,"worker_id":"a9a919f8-fdbd-4401-9bce-e556fa4aa967-139275528476480","trial_id":114,"state":2,"values":null,"datetime_complete":"2026-08-07T13:11:52.478870"}
{"op_code":4,"worker_id":"a9a919f8-fdbd-4401-9bce-e556fa4aa967-139275528476480","study_id":0,"datetime_start":"2026-08-07T13:11:52.480645"}
{"op_code":9,"worker_id":"a9a919f8-fdbd-4401-9bce-e556fa4aa967-139275528476480","trial_id":115,"system_attr":{"tpe:relative_params:0":"{\"gx\": 1, \"gy\": 1, \"k\": 64, \"m\": 16, \"n\": 64, \"sub\": 32}"}}
{"op_code":5,"worker_id":"a9a919f8-fdbd-4401-9bce-e556fa4aa967-139275528476480","trial_id":115,"param_name":"m","param_value_internal":0,"distribution":"{\"name\": \"CategoricalDistribution\", \"attributes\": {\"choices\": [16, 32, 64, 128, 256]}}"}
{"op_code":5,"worker_id":"a9a919f8-fdbd-4401-9bce-e556fa4aa967-139275528476480","trial_id":115,"param_name":"n","param_value_internal":2,"distribution":"{\"name\": \"CategoricalDistribution\", \"attributes\": {\"choices\": [16, 32, 64, 128, 256]}}"}
{"op_code":5,"worker_id":"a9a919f8-fdbd-4401-9bce-e556fa4aa967-139275528476480","trial_id":115,"param_name":"k","param_value_internal":2,"distribution":"{\"name\": \"CategoricalDistribution\", \"attributes\": {\"choices\": [16, 32, 64, 128]}}"}
{"op_code":5,"worker_id":"a9a919f8-fdbd-4401-9bce-e556fa4aa967-139275528476480","trial_id":115,"param_name":"gx","param_value_internal":0,"distribution":"{\"name\": \"CategoricalDistribution\", \"attributes\": {\"choices\": [1, 2, 4, 8]}}"}
{"op_code":5,"worker_id":"a9a919f8-fdbd-4401-9bce-e556fa4aa967-139275528476480","trial_id":115,"param_name":"gy","param_value_internal":0,"distribution":"{\"name\": \"CategoricalDistribution\", \"attributes\": {\"choices\": [1, 2, 4, 8]}}"}
{"op_code":5,"worker_id":"a9a919f8-fdbd-4401-9bce-e556fa4aa967-139275528476480","trial_id":115,"param_name":"sub","param_value_internal":0,"distribution":"{\"name\": \"CategoricalDistribution\", \"attributes\": {\"choices\": [32, 64]}}"}
{"op_code":6,"worker_id":"a9a919f8-fdbd-4401-9bce-e556fa4aa967-139275528476480","trial_id":115,"state":2,"values":null,"datetime_complete":"2026-08-07T13:11:52.498127"}
{"op_code":4,"worker_id":"a9a919f8-fdbd-4401-9bce-e556fa4aa967-139275528476480","study_id":0,"datetime_start":"2026-08-07T13:11:52.499337"}
{"op_code":9,"worker_id":"a9a919f8-fdbd-4401-9bce-e556fa4aa967-139275528476480","trial_id":116,"system_attr":{"tpe:relative_params:0":"{\"gx\": 4, \"gy\": 1, \"k\": 64, \"m\": 32, \"n\": 64, \"sub\": 64}"}}
{"op_code":5,"worker_id":"a9a919f8-fdbd-4401-9bce-e556fa4aa967-139275528476480","trial_id":116,"param_name":"m","param_value_internal":1,"distribution":"{\"name\": \"CategoricalDistribution\", \"attributes\": {\"choices\": [16, 32, 64, 128, 256]}}"}
{"op_code":5,"worker_id":"a9a919f8-fdbd-4401-9bce-e556fa4aa967-139275528476480","trial_id":116,"param_name":"n","param_value_internal":2,"distribution":"{\"name\": \"CategoricalDistribution\", \"attributes\": {\"choices\": [16, 32, 64, 128, 256]}}"}
{"op_code":5,"worker_id":"a9a919f8-fdbd-4401-9bce-e556fa4aa967-139275528476480","trial_id":116,"param_name":"k","param_value_internal":2,"distribution":"{\"name\": \"CategoricalDistribution\", \"attributes\": {\"choices\": [16, 32, 64, 128]}}"}
{"op_code":5,"worker_id":"a9a919f8-fdbd-4401-9bce-e556fa4aa967-139275528476480","trial_id":116,"param_name":"gx","param_value_internal":2,"distribution":"{\"name\": \"CategoricalDistribution\", \"attributes\": {\"choices\": [1, 2, 4, 8]}}"}
{"op_code":5,"worker_id":"a9a919f8-fdbd-4401-9bce-e556fa4aa967-139275528476480","trial_id":116,"param_name":"gy","param_value_internal":0,"distribution":"{\"name\": \"CategoricalDistribution\", \"attributes\": {\"choices\": [1, 2, 4, 8]}}"}
{"op_code":5,"worker_id":"a9a919f8-fdbd-4401-9bce-e556fa4aa967-139275528476480","trial_id":116,"param_name":"sub","param_value_internal":1,"distribution":"{\"name\": \"CategoricalDistribution\", \"attributes\": {\"choices\": [32, 64]}}"}
{"op_code":6,"worker_id":"a9a919f8-fdbd-4401-9bce-e556fa4aa967-139275528476480","trial_id":116,"state":2,"values":null,"datetime_complete":"2026-08-07T13:11:52.511750"}
{"op_code":4,"worker_id":"a9a919f8-fdbd-4401-9bce-e556fa4aa967-139275528476480","study_id":0,"datetime_start":"2026-08-07T13:11:52.513291"}
{"op_code":9,"worker_id":"a9a919f8-fdbd-4401-9bce-e556fa4aa967-139275528476480","trial_id":117,"system_attr":{"tpe:relative_params:0":"{\"gx\": 2, \"gy\": 2, \"k\": 64, \"m\": 64, \"n\": 128, \"sub\": 64}"}}
{"op_code":5,"worker_id":"a9a919f8-fdbd-4401-9bce-e556fa4aa967-139275528476480","trial_id":117,"param_name":"m","param_value_internal":2,"distribution":"{\"name\": \"CategoricalDistribution\", \"attributes\": {\"choices\": [16, 32, 64, 128, 256]}}"}
{"op_code":5,"worker_id":"a9a919f8-fdbd-4401-9bce-e556fa4aa967-139275528476480","trial_id":117,"param_name":"n","param_value_internal":3,"distribution":"{\"name\": \"CategoricalDistribution\", \"attributes\": {\"choices\": [16, 32, 64, 128, 256]}}"}
{"op_code":5,"worker_id":"a9a919f8-fdbd-4401-9bce-e556fa4aa967-139275528476480","trial_id":117,"param_name":"k","param_value_internal":2,"distribution":"{\"name\": \"CategoricalDistribution\", \"attributes\": {\"choices\": [16, 32, 64, 128]}}"}
{"op_code":5,"worker_id":"a9a919f8-fdbd-4401-9bce-e556fa4aa967-139275528476480","trial_id":117,"param_name":"gx","param_value_internal":1,"distribution":"{\"name\": \"CategoricalDistribution\", \"attributes\": {\"choices\": [1, 2, 4, 8]}}"}
{"op_code":5,"worker_id":"a9a919f8-fdbd-4401-9bce-e556fa4aa967-139275528476480","trial_id":117,"param_name":"gy","param_value_internal":1,"distribution":"{\"name\": \"CategoricalDistribution\", \"attributes\": {\"choices\": [1, 2, 4, 8]}}"}
{"op_code":5,"worker_id":"a9a919f8-fdbd-4401-9bce-e556fa4aa967-139275528476480","trial_id":117,"param_name":"sub","param_value_internal":1,"distribution":"{\"name\": \"CategoricalDistribution\", \"attributes\": {\"choices\": [32, 64]}}"}
{"op_code":8,"worker_id":"a9a919f8-fdbd-4401-9bce-e556fa4aa967-139275528476480","trial_id":117,"user_attr":{"token":"tsweep_dbuf4_t64x128k64g22s64"}}
{"op_code":4,"worker_id":"a9a919f8-fdbd-4401-9bce-e556fa4aa967-139275528476480","study_id":0,"datetime_start":"2026-08-07T13:11:52.526529"}
{"op_code":9,"worker_id":"a9a919f8-fdbd-4401-9bce-e556fa4aa967-139275528476480","trial_id":118,"system_attr":{"tpe:relative_params:0":"{\"gx\": 1, \"gy\": 4, \"k\": 64, \"m\": 64, \"n\": 128, \"sub\": 32}"}}
{"op_code":5,"worker_id":"a9a919f8-fdbd-4401-9bce-e556fa4aa967-139275528476480","trial_id":118,"param_name":"m","param_value_internal":2,"distribution":"{\"name\": \"CategoricalDistribution\", \"attributes\": {\"choices\": [16, 32, 64, 128, 256]}}"}
{"op_code":5,"worker_id":"a9a919f8-fdbd-4401-9bce-e556fa4aa967-139275528476480","trial_id":118,"param_name":"n","param_value_internal":3,"distribution":"{\"name\": \"CategoricalDistribution\", \"attributes\": {\"choices\": [16, 32, 64, 128, 256]}}"}
{"op_code":5,"worker_id":"a9a919f8-fdbd-4401-9bce-e556fa4aa967-139275528476480","trial_id":118,"param_name":"k","param_value_internal":2,"distribution":"{\"name\": \"CategoricalDistribution\", \"attributes\": {\"choices\": [16, 32, 64, 128]}}"}
{"op_code":5,"worker_id":"a9a919f8-fdbd-4401-9bce-e556fa4aa967-139275528476480","trial_id":118,"param_name":"gx","param_value_internal":0,"distribution":"{\"name\": \"CategoricalDistribution\", \"attributes\": {\"choices\": [1, 2, 4, 8]}}"}
{"op_code":5,"worker_id":"a9a919f8-fdbd-4401-9bce-e556fa4aa967-139275528476480","trial_id":118,"param_name":"gy","param_value_internal":2,"distribution":"{\"name\": \"CategoricalDistribution\", \"attributes\": {\"choices\": [1, 2, 4, 8]}}"}
{"op_code":5,"worker_id":"a9a919f8-fdbd-4401-9bce-e556fa4aa967-139275528476480","trial_id":118,"param_name":"sub","param_value_internal":0,"distribution":"{\"name\": \"CategoricalDistribution\", \"attributes\": {\"choices\": [32, 64]}}"}
{"op_code":6,"worker_id":"a9a919f8-fdbd-4401-9bce-e556fa4aa967-139275528476480","trial_id":118,"state":2,"values":null,"datetime_complete":"2026-08-07T13:11:52.538827"}
{"op_code":4,"worker_id":"a9a919f8-fdbd-4401-9bce-e556fa4aa967-139275528476480","study_id":0,"datetime_start":"2026-08-07T13:11:52.539972"}
{"op_code":9,"worker_id":"a9a919f8-fdbd-4401-9bce-e556fa4aa967-139275528476480","trial_id":119,"system_attr":{"tpe:relative_params:0":"{\"gx\": 2, \"gy\": 1, \"k\": 64, \"m\": 16, \"n\": 64, \"sub\": 64}"}}
{"op_code":5,"worker_id":"a9a919f8-fdbd-4401-9bce-e556fa4aa967-139275528476480","trial_id":119,"param_name":"m","param_value_internal":0,"distribution":"{\"name\": \"CategoricalDistribution\", \"attributes\": {\"choices\": [16, 32, 64, 128, 256]}}"}
{"op_code":5,"worker_id":"a9a919f8-fdbd-4401-9bce-e556fa4aa967-139275528476480","trial_id":119,"param_name":"n","param_value_internal":2,"distribution":"{\"name\": \"CategoricalDistribution\", \"attributes\": {\"choices\": [16, 32, 64, 128, 256]}}"}
{"op_code":5,"worker_id":"a9a919f8-fdbd-4401-9bce-e556fa4aa967-139275528476480","trial_id":119,"param_name":"k","param_value_internal":2,"distribution":"{\"name\": \"CategoricalDistribution\", \"attributes\": {\"choices\": [16, 32, 64, 128]}}"}
{"op_code":5,"worker_id":"a9a919f8-fdbd-4401-9bce-e556fa4aa967-139275528476480","trial_id":119,"param_name":"gx","param_value_internal":1,"distribution":"{\"name\": \"CategoricalDistribution\", \"attributes\": {\"choices\": [1, 2, 4, 8]}}"}
{"op_code":5,"worker_id":"a9a919f8-fdbd-4401-9bce-e556fa4aa967-139275528476480","trial_id":119,"param_name":"gy","param_value_internal":0,"distribution":"{\"name\": \"CategoricalDistribution\", \"attributes\": {\"choices\": [1, 2, 4, 8]}}"}
{"op_code":5,"worker_id":"a9a919f8-fdbd-4401-9bce-e556fa4aa967-139275528476480","trial_id":119,"param_name":"sub","param_value_internal":1,"distribution":"{\"name\": \"CategoricalDistribution\", \"attributes\": {\"choices\": [32, 64]}}"}
{"op_code":6,"worker_id":"a9a919f8-fdbd-4401-9bce-e556fa4aa967-139275528476480","trial_id":119,"state":2,"values":null,"datetime_complete":"2026-08-07T13:11:52.555192"}
{"op_code":4,"worker_id":"a9a919f8-fdbd-4401-9bce-e556fa4aa967-139275528476480","study_id":0,"datetime_start":"2026-08-07T13:11:52.557410"}
{"op_code":9,"worker_id":"a9a919f8-fdbd-4401-9bce-e556fa4aa967-139275528476480","trial_id":120,"system_attr":{"tpe:relative_params:0":"{\"gx\": 2, \"gy\": 2, \"k\": 16, \"m\": 64, \"n\": 128, \"sub\": 32}"}}
{"op_code":5,"worker_id":"a9a919f8-fdbd-4401-9bce-e556fa4aa967-139275528476480","trial_id":120,"param_name":"m","param_value_internal":2,"distribution":"{\"name\": \"CategoricalDistribution\", \"attributes\": {\"choices\": [16, 32, 64, 128, 256]}}"}
{"op_code":5,"worker_id":"a9a919f8-fdbd-4401-9bce-e556fa4aa967-139275528476480","trial_id":120,"param_name":"n","param_value_internal":3,"distribution":"{\"name\": \"CategoricalDistribution\", \"attributes\": {\"choices\": [16, 32, 64, 128, 256]}}"}
{"op_code":5,"worker_id":"a9a919f8-fdbd-4401-9bce-e556fa4aa967-139275528476480","trial_id":120,"param_name":"k","param_value_internal":0,"distribution":"{\"name\": \"CategoricalDistribution\", \"attributes\": {\"choices\": [16, 32, 64, 128]}}"}
{"op_code":5,"worker_id":"a9a919f8-fdbd-4401-9bce-e556fa4aa967-139275528476480","trial_id":120,"param_name":"gx","param_value_internal":1,"distribution":"{\"name\": \"CategoricalDistribution\", \"attributes\": {\"choices\": [1, 2, 4, 8]}}"}
{"op_code":5,"worker_id":"a9a919f8-fdbd-4401-9bce-e556fa4aa967-139275528476480","trial_id":120,"param_name":"gy","param_value_internal":1,"distribution":"{\"name\": \"CategoricalDistribution\", \"attributes\": {\"choices\": [1, 2, 4, 8]}}"}
{"op_code":5,"worker_id":"a9a919f8-fdbd-4401-9bce-e556fa4aa967-139275528476480","trial_id":120,"param_name":"sub","param_value_internal":0,"distribution":"{\"name\": \"CategoricalDistribution\", \"attributes\": {\"choices\": [32, 64]}}"}
{"op_code":6,"worker_id":"a9a919f8-fdbd-4401-9bce-e556fa4aa967-139275528476480","trial_id":120,"state":2,"values":null,"datetime_complete":"2026-08-07T13:11:52.577054"}
{"op_code":4,"worker_id":"a9a919f8-fdbd-4401-9bce-e556fa4aa967-139275528476480","study_id":0,"datetime_start":"2026-08-07T13:11:52.579097"}
{"op_code":9,"worker_id":"a9a919f8-fdbd-4401-9bce-e556fa4aa967-139275528476480","trial_id":121,"system_attr":{"tpe:relative_params:0":"{\"gx\": 2, \"gy\": 2, \"k\": 64, \"m\": 64, \"n\": 32, \"sub\": 64}"}}
{"op_code":5,"worker_id":"a9a919f8-fdbd-4401-9bce-e556fa4aa967-139275528476480","trial_id":121,"param_name":"m","param_value_internal":2,"distribution":"{\"name\": \"CategoricalDistribution\", \"attributes\": {\"choices\": [16, 32, 64, 128, 256]}}"}
{"op_code":5,"worker_id":"a9a919f8-fdbd-4401-9bce-e556fa4aa967-139275528476480","trial_id":121,"param_name":"n","param_value_internal":1,"distribution":"{\"name\": \"CategoricalDistribution\", \"attributes\": {\"choices\": [16, 32, 64, 128, 256]}}"}
{"op_code":5,"worker_id":"a9a919f8-fdbd-4401-9bce-e556fa4aa967-139275528476480","trial_id":121,"param_name":"k","param_value_internal":2,"distribution":"{\"name\": \"CategoricalDistribution\", \"attributes\": {\"choices\": [16, 32, 64, 128]}}"}
{"op_code":5,"worker_id":"a9a919f8-fdbd-4401-9bce-e556fa4aa967-139275528476480","trial_id":121,"param_name":"gx","param_value_internal":1,"distribution":"{\"name\": \"CategoricalDistribution\", \"attributes\": {\"choices\": [1, 2, 4, 8]}}"}
{"op_code":5,"worker_id":"a9a919f8-fdbd-4401-9bce-e556fa4aa967-139275528476480","trial_id":121,"param_name":"gy","param_value_internal":1,"distribution":"{\"name\": \"CategoricalDistribution\", \"attributes\": {\"choices\": [1, 2, 4, 8]}}"}
{"op_code":5,"worker_id":"a9a919f8-fdbd-4401-9bce-e556fa4aa967-139275528476480","trial_id":121,"param_name":"sub","param_value_internal":1,"distribution":"{\"name\": \"CategoricalDistribution\", \"attributes\": {\"choices\": [32, 64]}}"}
{"op_code":6,"worker_id":"a9a919f8-fdbd-4401-9bce-e556fa4aa967-139275528476480","trial_id":121,"state":2,"values":null,"datetime_complete":"2026-08-07T13:11:52.599040"}
{"op_code":4,"worker_id":"a9a919f8-fdbd-4401-9bce-e556fa4aa967-139275528476480","study_id":0,"datetime_start":"2026-08-07T13:11:52.601566"}
{"op_code":9,"worker_id":"a9a919f8-fdbd-4401-9bce-e556fa4aa967-139275528476480","trial_id":122,"system_attr":{"tpe:relative_params:0":"{\"gx\": 8, \"gy\": 1, \"k\": 64, \"m\": 64, \"n\": 128, \"sub\": 32}"}}
{"op_code":5,"worker_id":"a9a919f8-fdbd-4401-9bce-e556fa4aa967-139275528476480","trial_id":122,"param_name":"m","param_value_internal":2,"distribution":"{\"name\": \"CategoricalDistribution\", \"attributes\": {\"choices\": [16, 32, 64, 128, 256]}}"}
{"op_code":5,"worker_id":"a9a919f8-fdbd-4401-9bce-e556fa4aa967-139275528476480","trial_id":122,"param_name":"n","param_value_internal":3,"distribution":"{\"name\": \"CategoricalDistribution\", \"attributes\": {\"choices\": [16, 32, 64, 128, 256]}}"}
{"op_code":5,"worker_id":"a9a919f8-fdbd-4401-9bce-e556fa4aa967-139275528476480","trial_id":122,"param_name":"k","param_value_internal":2,"distribution":"{\"name\": \"CategoricalDistribution\", \"attributes\": {\"choices\": [16, 32, 64, 128]}}"}
{"op_code":5,"worker_id":"a9a919f8-fdbd-4401-9bce-e556fa4aa967-139275528476480","trial_id":122,"param_name":"gx","param_value_internal":3,"distribution":"{\"name\": \"CategoricalDistribution\", \"attributes\": {\"choices\": [1, 2, 4, 8]}}"}
{"op_code":5,"worker_id":"a9a919f8-fdbd-4401-9bce-e556fa4aa967-139275528476480","trial_id":122,"param_name":"gy","param_value_internal":0,"distribution":"{\"name\": \"CategoricalDistribution\", \"attributes\": {\"choices\": [1, 2, 4, 8]}}"}
{"op_code":5,"worker_id":"a9a919f8-fdbd-4401-9bce-e556fa4aa967-139275528476480","trial_id":122,"param_name":"sub","param_value_internal":0,"distribution":"{\"name\": \"CategoricalDistribution\", \"attributes\": {\"choices\": [32, 64]}}"}
{"op_code":8,"worker_id":"a9a919f8-fdbd-4401-9bce-e556fa4aa967-139275528476480","trial_id":122,"user_attr":{"token":"tsweep_dbuf4_t64x128k64g81s32"}}
{"op_code":4,"worker_id":"a9a919f8-fdbd-4401-9bce-e556fa4aa967-139275528476480","study_id":0,"datetime_start":"2026-08-07T13:11:52.624161"}
{"op_code":9,"worker_id":"a9a919f8-fdbd-4401-9bce-e556fa4aa967-139275528476480","trial_id":123,"system_attr":{"tpe:relative_params:0":"{\"gx\": 2, \"gy\": 2, \"k\": 64, \"m\": 16, \"n\": 64, \"sub\": 32}"}}
{"op_code":5,"worker_id":"a9a919f8-fdbd-4401-9bce-e556fa4aa967-139275528476480","trial_id":123,"param_name":"m","param_value_internal":0,"distribution":"{\"name\": \"CategoricalDistribution\", \"attributes\": {\"choices\": [16, 32, 64, 128, 256]}}"}
{"op_code":5,"worker_id":"a9a919f8-fdbd-4401-9bce-e556fa4aa967-139275528476480","trial_id":123,"param_name":"n","param_value_internal":2,"distribution":"{\"name\": \"CategoricalDistribution\", \"attributes\": {\"choices\": [16, 32, 64, 128, 256]}}"}
{"op_code":5,"worker_id":"a9a919f8-fdbd-4401-9bce-e556fa4aa967-139275528476480","trial_id":123,"param_name":"k","param_value_internal":2,"distribution":"{\"name\": \"CategoricalDistribution\", \"attributes\": {\"choices\": [16, 32, 64, 128]}}"}
{"op_code":5,"worker_id":"a9a919f8-fdbd-4401-9bce-e556fa4aa967-139275528476480","trial_id":123,"param_name":"gx","param_value_internal":1,"distribution":"{\"name\": \"CategoricalDistribution\", \"attributes\": {\"choices\": [1, 2, 4, 8]}}"}
{"op_code":5,"worker_id":"a9a919f8-fdbd-4401-9bce-e556fa4aa967-139275528476480","trial_id":123,"param_name":"gy","param_value_internal":1,"distribution":"{\"name\": \"CategoricalDistribution\", \"attributes\": {\"choices\": [1, 2, 4, 8]}}"}
{"op_code":5,"worker_id":"a9a919f8-fdbd-4401-9bce-e556fa4aa967-139275528476480","trial_id":123,"param_name":"sub","param_value_internal":0,"distribution":"{\"name\": \"CategoricalDistribution\", \"attributes\": {\"choices\": [32, 64]}}"}
{"op_code":6,"worker_id":"a9a919f8-fdbd-4401-9bce-e556fa4aa967-139275528476480","trial_id":123,"state":2,"values":null,"datetime_complete":"2026-08-07T13:11:52.644959"}
{"op_code":4,"worker_id":"a9a919f8-fdbd-4401-9bce-e556fa4aa967-139275528476480","study_id":0,"datetime_start":"2026-08-07T13:11:52.647167"}
{"op_code":9,"worker_id":"a9a919f8-fdbd-4401-9bce-e556fa4aa967-139275528476480","trial_id":124,"system_attr":{"tpe:relative_params:0":"{\"gx\": 1, \"gy\": 4, \"k\": 128, \"m\": 64, \"n\": 64, \"sub\": 32}"}}
{"op_code":5,"worker_id":"a9a919f8-fdbd-4401-9bce-e556fa4aa967-139275528476480","trial_id":124,"param_name":"m","param_value_internal":2,"distribution":"{\"name\": \"CategoricalDistribution\", \"attributes\": {\"choices\": [16, 32, 64, 128, 256]}}"}
{"op_code":5,"worker_id":"a9a919f8-fdbd-4401-9bce-e556fa4aa967-139275528476480","trial_id":124,"param_name":"n","param_value_internal":2,"distribution":"{\"name\": \"CategoricalDistribution\", \"attributes\": {\"choices\": [16, 32, 64, 128, 256]}}"}
{"op_code":5,"worker_id":"a9a919f8-fdbd-4401-9bce-e556fa4aa967-139275528476480","trial_id":124,"param_name":"k","param_value_internal":3,"distribution":"{\"name\": \"CategoricalDistribution\", \"attributes\": {\"choices\": [16, 32, 64, 128]}}"}
{"op_code":5,"worker_id":"a9a919f8-fdbd-4401-9bce-e556fa4aa967-139275528476480","trial_id":124,"param_name":"gx","param_value_internal":0,"distribution":"{\"name\": \"CategoricalDistribution\", \"attributes\": {\"choices\": [1, 2, 4, 8]}}"}
{"op_code":5,"worker_id":"a9a919f8-fdbd-4401-9bce-e556fa4aa967-139275528476480","trial_id":124,"param_name":"gy","param_value_internal":2,"distribution":"{\"name\": \"CategoricalDistribution\", \"attributes\": {\"choices\": [1, 2, 4, 8]}}"}
{"op_code":5,"worker_id":"a9a919f8-fdbd-4401-9bce-e556fa4aa967-139275528476480","trial_id":124,"param_name":"sub","param_value_internal":0,"distribution":"{\"name\": \"CategoricalDistribution\", \"attributes\": {\"choices\": [32, 64]}}"}
{"op_code":6,"worker_id":"a9a919f8-fdbd-4401-9bce-e556fa4aa967-139275528476480","trial_id":124,"state":2,"values":null,"datetime_complete":"2026-08-07T13:11:52.667438"}
{"op_code":4,"worker_id":"a9a919f8-fdbd-4401-9bce-e556fa4aa967-139275528476480","study_id":0,"datetime_start":"2026-08-07T13:11:52.669466"}
{"op_code":9,"worker_id":"a9a919f8-fdbd-4401-9bce-e556fa4aa967-139275528476480","trial_id":125,"system_attr":{"tpe:relative_params:0":"{\"gx\": 4, \"gy\": 1, \"k\": 64, \"m\": 32, \"n\": 128, \"sub\": 32}"}}
{"op_code":5,"worker_id":"a9a919f8-fdbd-4401-9bce-e556fa4aa967-139275528476480","trial_id":125,"param_name":"m","param_value_internal":1,"distribution":"{\"name\": \"CategoricalDistribution\", \"attributes\": {\"choices\": [16, 32, 64, 128, 256]}}"}
{"op_code":5,"worker_id":"a9a919f8-fdbd-4401-9bce-e556fa4aa967-139275528476480","trial_id":125,"param_name":"n","param_value_internal":3,"distribution":"{\"name\": \"CategoricalDistribution\", \"attributes\": {\"choices\": [16, 32, 64, 128, 256]}}"}
{"op_code":5,"worker_id":"a9a919f8-fdbd-4401-9bce-e556fa4aa967-139275528476480","trial_id":125,"param_name":"k","param_value_internal":2,"distribution":"{\"name\": \"CategoricalDistribution\", \"attributes\": {\"choices\": [16, 32, 64, 128]}}"}
{"op_code":5,"worker_id":"a9a919f8-fdbd-4401-9bce-e556fa4aa967-139275528476480","trial_id":125,"param_name":"gx","param_value_internal":2,"distribution":"{\"name\": \"CategoricalDistribution\", \"attributes\": {\"choices\": [1, 2, 4, 8]}}"}
{"op_code":5,"worker_id":"a9a919f8-fdbd-4401-9bce-e556fa4aa967-139275528476480","trial_id":125,"param_name":"gy","param_value_internal":0,"distribution":"{\"name\": \"CategoricalDistribution\", \"attributes\": {\"choices\": [1, 2, 4, 8]}}"}
{"op_code":5,"worker_id":"a9a919f8-fdbd-4401-9bce-e556fa4aa967-139275528476480","trial_id":125,"param_name":"sub","param_value_internal":0,"distribution":"{\"name\": \"CategoricalDistribution\", \"attributes\": {\"choices\": [32, 64]}}"}
{"op_code":8,"worker_id":"a9a919f8-fdbd-4401-9bce-e556fa4aa967-139275528476480","trial_id":125,"user_attr":{"token":"tsweep_dbuf4_t32x128k64g41s32"}}
{"op_code":4,"worker_id":"a9a919f8-fdbd-4401-9bce-e556fa4aa967-139275528476480","study_id":0,"datetime_start":"2026-08-07T13:11:52.690978"}
{"op_code":9,"worker_id":"a9a919f8-fdbd-4401-9bce-e556fa4aa967-139275528476480","trial_id":126,"system_attr":{"tpe:relative_params:0":"{\"gx\": 1, \"gy\": 1, \"k\": 32, \"m\": 16, \"n\": 64, \"sub\": 64}"}}
{"op_code":5,"worker_id":"a9a919f8-fdbd-4401-9bce-e556fa4aa967-139275528476480","trial_id":126,"param_name":"m","param_value_internal":0,"distribution":"{\"name\": \"CategoricalDistribution\", \"attributes\": {\"choices\": [16, 32, 64, 128, 256]}}"}
{"op_code":5,"worker_id":"a9a919f8-fdbd-4401-9bce-e556fa4aa967-139275528476480","trial_id":126,"param_name":"n","param_value_internal":2,"distribution":"{\"name\": \"CategoricalDistribution\", \"attributes\": {\"choices\": [16, 32, 64, 128, 256]}}"}
{"op_code":5,"worker_id":"a9a919f8-fdbd-4401-9bce-e556fa4aa967-139275528476480","trial_id":126,"param_name":"k","param_value_internal":1,"distribution":"{\"name\": \"CategoricalDistribution\", \"attributes\": {\"choices\": [16, 32, 64, 128]}}"}
{"op_code":5,"worker_id":"a9a919f8-fdbd-4401-9bce-e556fa4aa967-139275528476480","trial_id":126,"param_name":"gx","param_value_internal":0,"distribution":"{\"name\": \"CategoricalDistribution\", \"attributes\": {\"choices\": [1, 2, 4, 8]}}"}
{"op_code":5,"worker_id":"a9a919f8-fdbd-4401-9bce-e556fa4aa967-139275528476480","trial_id":126,"param_name":"gy","param_value_internal":0,"distribution":"{\"name\": \"CategoricalDistribution\", \"attributes\": {\"choices\": [1, 2, 4, 8]}}"}
{"op_code":5,"worker_id":"a9a919f8-fdbd-4401-9bce-e556fa4aa967-139275528476480","trial_id":126,"param_name":"sub","param_value_internal":1,"distribution":"{\"name\": \"CategoricalDistribution\", \"attributes\": {\"choices\": [32, 64]}}"}
{"op_code":8,"worker_id":"a9a919f8-fdbd-4401-9bce-e556fa4aa967-139275528476480","trial_id":126,"user_attr":{"token":"tsweep_dbuf4_t16x64k32g11s64"}}
{"op_code":4,"worker_id":"a9a919f8-fdbd-4401-9bce-e556fa4aa967-139275528476480","study_id":0,"datetime_start":"2026-08-07T13:11:52.712759"}
{"op_code":9,"worker_id":"a9a919f8-fdbd-4401-9bce-e556fa4aa967-139275528476480","trial_id":127,"system_attr":{"tpe:relative_params:0":"{\"gx\": 8, \"gy\": 1, \"k\": 64, \"m\": 16, \"n\": 32, \"sub\": 64}"}}
{"op_code":5,"worker_id":"a9a919f8-fdbd-4401-9bce-e556fa4aa967-139275528476480","trial_id":127,"param_name":"m","param_value_internal":0,"distribution":"{\"name\": \"CategoricalDistribution\", \"attributes\": {\"choices\": [16, 32, 64, 128, 256]}}"}
{"op_code":5,"worker_id":"a9a919f8-fdbd-4401-9bce-e556fa4aa967-139275528476480","trial_id":127,"param_name":"n","param_value_internal":1,"distribution":"{\"name\": \"CategoricalDistribution\", \"attributes\": {\"choices\": [16, 32, 64, 128, 256]}}"}
{"op_code":5,"worker_id":"a9a919f8-fdbd-4401-9bce-e556fa4aa967-139275528476480","trial_id":127,"param_name":"k","param_value_internal":2,"distribution":"{\"name\": \"CategoricalDistribution\", \"attributes\": {\"choices\": [16, 32, 64, 128]}}"}
{"op_code":5,"worker_id":"a9a919f8-fdbd-4401-9bce-e556fa4aa967-139275528476480","trial_id":127,"param_name":"gx","param_value_internal":3,"distribution":"{\"name\": \"CategoricalDistribution\", \"attributes\": {\"choices\": [1, 2, 4, 8]}}"}
{"op_code":5,"worker_id":"a9a919f8-fdbd-4401-9bce-e556fa4aa967-139275528476480","trial_id":127,"param_name":"gy","param_value_internal":0,"distribution":"{\"name\": \"CategoricalDistribution\", \"attributes\": {\"choices\": [1, 2, 4, 8]}}"}
{"op_code":5,"worker_id":"a9a919f8-fdbd-4401-9bce-e556fa4aa967-139275528476480","trial_id":127,"param_name":"sub","param_value_internal":1,"distribution":"{\"name\": \"CategoricalDistribution\", \"attributes\": {\"choices\": [32, 64]}}"}
{"op_code":6,"worker_id":"a9a919f8-fdbd-4401-9bce-e556fa4aa967-139275528476480","trial_id":127,"state":2,"values":null,"datetime_complete":"2026-08-07T13:11:52.734087"}
{"op_code":4,"worker_id":"a9a919f8-fdbd-4401-9bce-e556fa4aa967-139275528476480","study_id":0,"datetime_start":"2026-08-07T13:11:52.735996"}
{"op_code":9,"worker_id":"a9a919f8-fdbd-4401-9bce-e556fa4aa967-139275528476480","trial_id":128,"system_attr":{"tpe:relative_params:0":"{\"gx\": 4, \"gy\": 1, \"k\": 64, \"m\": 16, \"n\": 64, \"sub\": 64}"}}
{"op_code":5,"worker_id":"a9a919f8-fdbd-4401-9bce-e556fa4aa967-139275528476480","trial_id":128,"param_name":"m","param_value_internal":0,"distribution":"{\"name\": \"CategoricalDistribution\", \"attributes\": {\"choices\": [16, 32, 64, 128, 256]}}"}
{"op_code":5,"worker_id":"a9a919f8-fdbd-4401-9bce-e556fa4aa967-139275528476480","trial_id":128,"param_name":"n","param_value_internal":2,"distribution":"{\"name\": \"CategoricalDistribution\", \"attributes\": {\"choices\": [16, 32, 64, 128, 256]}}"}
{"op_code":5,"worker_id":"a9a919f8-fdbd-4401-9bce-e556fa4aa967-139275528476480","trial_id":128,"param_name":"k","param_value_internal":2,"distribution":"{\"name\": \"CategoricalDistribution\", \"attributes\": {\"choices\": [16, 32, 64, 128]}}"}
{"op_code":5,"worker_id":"a9a919f8-fdbd-4401-9bce-e556fa4aa967-139275528476480","trial_id":128,"param_name":"gx","param_value_internal":2,"distribution":"{\"name\": \"CategoricalDistribution\", \"attributes\": {\"choices\": [1, 2, 4, 8]}}"}
{"op_code":5,"worker_id":"a9a919f8-fdbd-4401-9bce-e556fa4aa967-139275528476480","trial_id":128,"param_name":"gy","param_value_internal":0,"distribution":"{\"name\": \"CategoricalDistribution\", \"attributes\": {\"choices\": [1, 2, 4, 8]}}"}
{"op_code":5,"worker_id":"a9a919f8-fdbd-4401-9bce-e556fa4aa967-139275528476480","trial_id":128,"param_name":"sub","param_value_internal":1,"distribution":"{\"name\": \"CategoricalDistribution\", \"attributes\": {\"choices\": [32, 64]}}"}
{"op_code":6,"worker_id":"a9a919f8-fdbd-4401-9bce-e556fa4aa967-139275528476480","trial_id":128,"state":2,"values":null,"datetime_complete":"2026-08-07T13:11:52.757282"}
{"op_code":4,"worker_id":"a9a919f8-fdbd-4401-9bce-e556fa4aa967-139275528476480","study_id":0,"datetime_start":"2026-08-07T13:11:52.759944"}
{"op_code":9,"worker_id":"a9a919f8-fdbd-4401-9bce-e556fa4aa967-139275528476480","trial_id":129,"system_attr":{"tpe:relative_params:0":"{\"gx\": 8, \"gy\": 2, \"k\": 16, \"m\": 128, \"n\": 128, \"sub\": 32}"}}
{"op_code":5,"worker_id":"a9a919f8-fdbd-4401-9bce-e556fa4aa967-139275528476480","trial_id":129,"param_name":"m","param_value_internal":3,"distribution":"{\"name\": \"CategoricalDistribution\", \"attributes\": {\"choices\": [16, 32, 64, 128, 256]}}"}
{"op_code":5,"worker_id":"a9a919f8-fdbd-4401-9bce-e556fa4aa967-139275528476480","trial_id":129,"param_name":"n","param_value_internal":3,"distribution":"{\"name\": \"CategoricalDistribution\", \"attributes\": {\"choices\": [16, 32, 64, 128, 256]}}"}
{"op_code":5,"worker_id":"a9a919f8-fdbd-4401-9bce-e556fa4aa967-139275528476480","trial_id":129,"param_name":"k","param_value_internal":0,"distribution":"{\"name\": \"CategoricalDistribution\", \"attributes\": {\"choices\": [16, 32, 64, 128]}}"}
{"op_code":5,"worker_id":"a9a919f8-fdbd-4401-9bce-e556fa4aa967-139275528476480","trial_id":129,"param_name":"gx","param_value_internal":3,"distribution":"{\"name\": \"CategoricalDistribution\", \"attributes\": {\"choices\": [1, 2, 4, 8]}}"}
{"op_code":5,"worker_id":"a9a919f8-fdbd-4401-9bce-e556fa4aa967-139275528476480","trial_id":129,"param_name":"gy","param_value_internal":1,"distribution":"{\"name\": \"CategoricalDistribution\", \"attributes\": {\"choices\": [1, 2, 4, 8]}}"}
{"op_code":5,"worker_id":"a9a919f8-fdbd-4401-9bce-e556fa4aa967-139275528476480","trial_id":129,"param_name":"sub","param_value_internal":0,"distribution":"{\"name\": \"CategoricalDistribution\", \"attributes\": {\"choices\": [32, 64]}}"}
{"op_code":6,"worker_id":"a9a919f8-fdbd-4401-9bce-e556fa4aa967-139275528476480","trial_id":129,"state":2,"values":null,"datetime_complete":"2026-08-07T13:11:52.785764"}
{"op_code":4,"worker_id":"a9a919f8-fdbd-4401-9bce-e556fa4aa967-139275528476480","study_id":0,"datetime_start":"2026-08-07T13:11:52.791701"}
{"op_code":9,"worker_id":"a9a919f8-fdbd-4401-9bce-e556fa4aa967-139275528476480","trial_id":130,"system_attr":{"tpe:relative_params:0":"{\"gx\": 1, \"gy\": 1, \"k\": 64, \"m\": 16, \"n\": 16, \"sub\": 64}"}}
{"op_code":5,"worker_id":"a9a919f8-fdbd-4401-9bce-e556fa4aa967-139275528476480","trial_id":130,"param_name":"m","param_value_internal":0,"distribution":"{\"name\": \"CategoricalDistribution\", \"attributes\": {\"choices\": [16, 32, 64, 128, 256]}}"}
{"op_code":5,"worker_id":"a9a919f8-fdbd-4401-9bce-e556fa4aa967-139275528476480","trial_id":130,"param_name":"n","param_value_internal":0,"distribution":"{\"name\": \"CategoricalDistribution\", \"attributes\": {\"choices\": [16, 32, 64, 128, 256]}}"}
{"op_code":5,"worker_id":"a9a919f8-fdbd-4401-9bce-e556fa4aa967-139275528476480","trial_id":130,"param_name":"k","param_value_internal":2,"distribution":"{\"name\": \"CategoricalDistribution\", \"attributes\": {\"choices\": [16, 32, 64, 128]}}"}
{"op_code":5,"worker_id":"a9a919f8-fdbd-4401-9bce-e556fa4aa967-139275528476480","trial_id":130,"param_name":"gx","param_value_internal":0,"distribution":"{\"name\": \"CategoricalDistribution\", \"attributes\": {\"choices\": [1, 2, 4, 8]}}"}
{"op_code":5,"worker_id":"a9a919f8-fdbd-4401-9bce-e556fa4aa967-139275528476480","trial_id":130,"param_name":"gy","param_value_internal":0,"distribution":"{\"name\": \"CategoricalDistribution\", \"attributes\": {\"choices\": [1, 2, 4, 8]}}"}
{"op_code":5,"worker_id":"a9a919f8-fdbd-4401-9bce-e556fa4aa967-139275528476480","trial_id":130,"param_name":"sub","param_value_internal":1,"distribution":"{\"name\": \"CategoricalDistribution\", \"attributes\": {\"choices\": [32, 64]}}"}
{"op_code":8,"worker_id":"a9a919f8-fdbd-4401-9bce-e556fa4aa967-139275528476480","trial_id":130,"user_attr":{"token":"tsweep_dbuf4_t16x16k64g11s64"}}
{"op_code":4,"worker_id":"a9a919f8-fdbd-4401-9bce-e556fa4aa967-139275528476480","study_id":0,"datetime_start":"2026-08-07T13:11:52.816262"}
{"op_code":9,"worker_id":"a9a919f8-fdbd-4401-9bce-e556fa4aa967-139275528476480","trial_id":131,"system_attr":{"tpe:relative_params:0":"{\"gx\": 1, \"gy\": 2, \"k\": 64, \"m\": 16, \"n\": 32, \"sub\": 64}"}}
{"op_code":5,"worker_id":"a9a919f8-fdbd-4401-9bce-e556fa4aa967-139275528476480","trial_id":131,"param_name":"m","param_value_internal":0,"distribution":"{\"name\": \"CategoricalDistribution\", \"attributes\": {\"choices\": [16, 32, 64, 128, 256]}}"}
{"op_code":5,"worker_id":"a9a919f8-fdbd-4401-9bce-e556fa4aa967-139275528476480","trial_id":131,"param_name":"n","param_value_internal":1,"distribution":"{\"name\": \"CategoricalDistribution\", \"attributes\": {\"choices\": [16, 32, 64, 128, 256]}}"}
{"op_code":5,"worker_id":"a9a919f8-fdbd-4401-9bce-e556fa4aa967-139275528476480","trial_id":131,"param_name":"k","param_value_internal":2,"distribution":"{\"name\": \"CategoricalDistribution\", \"attributes\": {\"choices\": [16, 32, 64, 128]}}"}
{"op_code":5,"worker_id":"a9a919f8-fdbd-4401-9bce-e556fa4aa967-139275528476480","trial_id":131,"param_name":"gx","param_value_internal":0,"distribution":"{\"name\": \"CategoricalDistribution\", \"attributes\": {\"choices\": [1, 2, 4, 8]}}"}
{"op_code":5,"worker_id":"a9a919f8-fdbd-4401-9bce-e556fa4aa967-139275528476480","trial_id":131,"param_name":"gy","param_value_internal":1,"distribution":"{\"name\": \"CategoricalDistribution\", \"attributes\": {\"choices\": [1, 2, 4, 8]}}"}
{"op_code":5,"worker_id":"a9a919f8-fdbd-4401-9bce-e556fa4aa967-139275528476480","trial_id":131,"param_name":"sub","param_value_internal":1,"distribution":"{\"name\": \"CategoricalDistribution\", \"attributes\": {\"choices\": [32, 64]}}"}
{"op_code":6,"worker_id":"a9a919f8-fdbd-4401-9bce-e556fa4aa967-139275528476480","trial_id":131,"state":2,"values":null,"datetime_complete":"2026-08-07T13:11:52.837653"}
{"op_code":4,"worker_id":"a9a919f8-fdbd-4401-9bce-e556fa4aa967-139275528476480","study_id":0,"datetime_start":"2026-08-07T13:11:52.839666"}
{"op_code":9,"worker_id":"a9a919f8-fdbd-4401-9bce-e556fa4aa967-139275528476480","trial_id":132,"system_attr":{"tpe:relative_params:0":"{\"gx\": 2, \"gy\": 2, \"k\": 16, \"m\": 128, \"n\": 64, \"sub\": 32}"}}
{"op_code":5,"worker_id":"a9a919f8-fdbd-4401-9bce-e556fa4aa967-139275528476480","trial_id":132,"param_name":"m","param_value_internal":3,"distribution":"{\"name\": \"CategoricalDistribution\", \"attributes\": {\"choices\": [16, 32, 64, 128, 256]}}"}
{"op_code":5,"worker_id":"a9a919f8-fdbd-4401-9bce-e556fa4aa967-139275528476480","trial_id":132,"param_name":"n","param_value_internal":2,"distribution":"{\"name\": \"CategoricalDistribution\", \"attributes\": {\"choices\": [16, 32, 64, 128, 256]}}"}
{"op_code":5,"worker_id":"a9a919f8-fdbd-4401-9bce-e556fa4aa967-139275528476480","trial_id":132,"param_name":"k","param_value_internal":0,"distribution":"{\"name\": \"CategoricalDistribution\", \"attributes\": {\"choices\": [16, 32, 64, 128]}}"}
{"op_code":5,"worker_id":"a9a919f8-fdbd-4401-9bce-e556fa4aa967-139275528476480","trial_id":132,"param_name":"gx","param_value_internal":1,"distribution":"{\"name\": \"CategoricalDistribution\", \"attributes\": {\"choices\": [1, 2, 4, 8]}}"}
{"op_code":5,"worker_id":"a9a919f8-fdbd-4401-9bce-e556fa4aa967-139275528476480","trial_id":132,"param_name":"gy","param_value_internal":1,"distribution":"{\"name\": \"CategoricalDistribution\", \"attributes\": {\"choices\": [1, 2, 4, 8]}}"}
{"op_code":5,"worker_id":"a9a919f8-fdbd-4401-9bce-e556fa4aa967-139275528476480","trial_id":132,"param_name":"sub","param_value_internal":0,"distribution":"{\"name\": \"CategoricalDistribution\", \"attributes\": {\"choices\": [32, 64]}}"}
{"op_code":8,"worker_id":"a9a919f8-fdbd-4401-9bce-e556fa4aa967-139275528476480","trial_id":132,"user_attr":{"token":"tsweep_dbuf4_t128x64k16g22s32"}}
{"op_code":4,"worker_id":"a9a919f8-fdbd-4401-9bce-e556fa4aa967-139275528476480","study_id":0,"datetime_start":"2026-08-07T13:11:52.861635"}
{"op_code":9,"worker_id":"a9a919f8-fdbd-4401-9bce-e556fa4aa967-139275528476480","trial_id":133,"system_attr":{"tpe:relative_params:0":"{\"gx\": 2, \"gy\": 2, \"k\": 32, \"m\": 32, \"n\": 128, \"sub\": 32}"}}
{"op_code":5,"worker_id":"a9a919f8-fdbd-4401-9bce-e556fa4aa967-139275528476480","trial_id":133,"param_name":"m","param_value_internal":1,"distribution":"{\"name\": \"CategoricalDistribution\", \"attributes\": {\"choices\": [16, 32, 64, 128, 256]}}"}
{"op_code":5,"worker_id":"a9a919f8-fdbd-4401-9bce-e556fa4aa967-139275528476480","trial_id":133,"param_name":"n","param_value_internal":3,"distribution":"{\"name\": \"CategoricalDistribution\", \"attributes\": {\"choices\": [16, 32, 64, 128, 256]}}"}
{"op_code":5,"worker_id":"a9a919f8-fdbd-4401-9bce-e556fa4aa967-139275528476480","trial_id":133,"param_name":"k","param_value_internal":1,"distribution":"{\"name\": \"CategoricalDistribution\", \"attributes\": {\"choices\": [16, 32, 64, 128]}}"}
{"op_code":5,"worker_id":"a9a919f8-fdbd-4401-9bce-e556fa4aa967-139275528476480","trial_id":133,"param_name":"gx","param_value_internal":1,"distribution":"{\"name\": \"CategoricalDistribution\", \"attributes\": {\"choices\": [1, 2, 4, 8]}}"}
{"op_code":5,"worker_id":"a9a919f8-fdbd-4401-9bce-e556fa4aa967-139275528476480","trial_id":133,"param_name":"gy","param_value_internal":1,"distribution":"{\"name\": \"CategoricalDistribution\", \"attributes\": {\"choices\": [1, 2, 4, 8]}}"}
{"op_code":5,"worker_id":"a9a919f8-fdbd-4401-9bce-e556fa4aa967-139275528476480","trial_id":133,"param_name":"sub","param_value_internal":0,"distribution":"{\"name\": \"CategoricalDistribution\", \"attributes\": {\"choices\": [32, 64]}}"}
{"op_code":8,"worker_id":"a9a919f8-fdbd-4401-9bce-e556fa4aa967-139275528476480","trial_id":133,"user_attr":{"token":"tsweep_dbuf4_t32x128k32g22s32"}}
{"op_code":4,"worker_id":"a9a919f8-fdbd-4401-9bce-e556fa4aa967-139275528476480","study_id":0,"datetime_start":"2026-08-07T13:11:52.883699"}
{"op_code":9,"worker_id":"a9a919f8-fdbd-4401-9bce-e556fa4aa967-139275528476480","trial_id":134,"system_attr":{"tpe:relative_params:0":"{\"gx\": 1, \"gy\": 1, \"k\": 32, \"m\": 64, \"n\": 128, \"sub\": 32}"}}
{"op_code":5,"worker_id":"a9a919f8-fdbd-4401-9bce-e556fa4aa967-139275528476480","trial_id":134,"param_name":"m","param_value_internal":2,"distribution":"{\"name\": \"CategoricalDistribution\", \"attributes\": {\"choices\": [16, 32, 64, 128, 256]}}"}
{"op_code":5,"worker_id":"a9a919f8-fdbd-4401-9bce-e556fa4aa967-139275528476480","trial_id":134,"param_name":"n","param_value_internal":3,"distribution":"{\"name\": \"CategoricalDistribution\", \"attributes\": {\"choices\": [16, 32, 64, 128, 256]}}"}
{"op_code":5,"worker_id":"a9a919f8-fdbd-4401-9bce-e556fa4aa967-139275528476480","trial_id":134,"param_name":"k","param_value_internal":1,"distribution":"{\"name\": \"CategoricalDistribution\", \"attributes\": {\"choices\": [16, 32, 64, 128]}}"}
{"op_code":5,"worker_id":"a9a919f8-fdbd-4401-9bce-e556fa4aa967-139275528476480","trial_id":134,"param_name":"gx","param_value_internal":0,"distribution":"{\"name\": \"CategoricalDistribution\", \"attributes\": {\"choices\": [1, 2, 4, 8]}}"}
{"op_code":5,"worker_id":"a9a919f8-fdbd-4401-9bce-e556fa4aa967-139275528476480","trial_id":134,"param_name":"gy","param_value_internal":0,"distribution":"{\"name\": \"CategoricalDistribution\", \"attributes\": {\"choices\": [1, 2, 4, 8]}}"}
{"op_code":5,"worker_id":"a9a919f8-fdbd-4401-9bce-e556fa4aa967-139275528476480","trial_id":134,"param_name":"sub","param_value_internal":0,"distribution":"{\"name\": \"CategoricalDistribution\", \"attributes\": {\"choices\": [32, 64]}}"}
{"op_code":8,"worker_id":"a9a919f8-fdbd-4401-9bce-e556fa4aa967-139275528476480","trial_id":134,"user_attr":{"token":"tsweep_dbuf4_t64x128k32g11s32"}}
{"op_code":4,"worker_id":"a9a919f8-fdbd-4401-9bce-e556fa4aa967-139275528476480","study_id":0,"datetime_start":"2026-08-07T13:11:52.901837"}
{"op_code":9,"worker_id":"a9a919f8-fdbd-4401-9bce-e556fa4aa967-139275528476480","trial_id":135,"system_attr":{"tpe:relative_params:0":"{\"gx\": 8, \"gy\": 1, \"k\": 64, \"m\": 128, \"n\": 64, \"sub\": 32}"}}
{"op_code":5,"worker_id":"a9a919f8-fdbd-4401-9bce-e556fa4aa967-139275528476480","trial_id":135,"param_name":"m","param_value_internal":3,"distribution":"{\"name\": \"CategoricalDistribution\", \"attributes\": {\"choices\": [16, 32, 64, 128, 256]}}"}
{"op_code":5,"worker_id":"a9a919f8-fdbd-4401-9bce-e556fa4aa967-139275528476480","trial_id":135,"param_name":"n","param_value_internal":2,"distribution":"{\"name\": \"CategoricalDistribution\", \"attributes\": {\"choices\": [16, 32, 64, 128, 256]}}"}
{"op_code":5,"worker_id":"a9a919f8-fdbd-4401-9bce-e556fa4aa967-139275528476480","trial_id":135,"param_name":"k","param_value_internal":2,"distribution":"{\"name\": \"CategoricalDistribution\", \"attributes\": {\"choices\": [16, 32, 64, 128]}}"}
{"op_code":5,"worker_id":"a9a919f8-fdbd-4401-9bce-e556fa4aa967-139275528476480","trial_id":135,"param_name":"gx","param_value_internal":3,"distribution":"{\"name\": \"CategoricalDistribution\", \"attributes\": {\"choices\": [1, 2, 4, 8]}}"}
{"op_code":5,"worker_id":"a9a919f8-fdbd-4401-9bce-e556fa4aa967-139275528476480","trial_id":135,"param_name":"gy","param_value_internal":0,"distribution":"{\"name\": \"CategoricalDistribution\", \"attributes\": {\"choices\": [1, 2, 4, 8]}}"}
{"op_code":5,"worker_id":"a9a919f8-fdbd-4401-9bce-e556fa4aa967-139275528476480","trial_id":135,"param_name":"sub","param_value_internal":0,"distribution":"{\"name\": \"CategoricalDistribution\", \"attributes\": {\"choices\": [32, 64]}}"}
{"op_code":6,"worker_id":"a9a919f8-fdbd-4401-9bce-e556fa4aa967-139275528476480","trial_id":135,"state":2,"values":null,"datetime_complete":"2026-08-07T13:11:52.922537"}
{"op_code":4,"worker_id":"a9a919f8-fdbd-4401-9bce-e556fa4aa967-139275528476480","study_id":0,"datetime_start":"2026-08-07T13:11:52.924375"}
{"op_code":9,"worker_id":"a9a919f8-fdbd-4401-9bce-e556fa4aa967-139275528476480","trial_id":136,"system_attr":{"tpe:relative_params:0":"{\"gx\": 2, \"gy\": 8, \"k\": 128, \"m\": 64, \"n\": 128, \"sub\": 32}"}}
{"op_code":5,"worker_id":"a9a919f8-fdbd-4401-9bce-e556fa4aa967-139275528476480","trial_id":136,"param_name":"m","param_value_internal":2,"distribution":"{\"name\": \"CategoricalDistribution\", \"attributes\": {\"choices\": [16, 32, 64, 128, 256]}}"}
{"op_code":5,"worker_id":"a9a919f8-fdbd-4401-9bce-e556fa4aa967-139275528476480","trial_id":136,"param_name":"n","param_value_internal":3,"distribution":"{\"name\": \"CategoricalDistribution\", \"attributes\": {\"choices\": [16, 32, 64, 128, 256]}}"}
{"op_code":5,"worker_id":"a9a919f8-fdbd-4401-9bce-e556fa4aa967-139275528476480","trial_id":136,"param_name":"k","param_value_internal":3,"distribution":"{\"name\": \"CategoricalDistribution\", \"attributes\": {\"choices\": [16, 32, 64, 128]}}"}
{"op_code":5,"worker_id":"a9a919f8-fdbd-4401-9bce-e556fa4aa967-139275528476480","trial_id":136,"param_name":"gx","param_value_internal":1,"distribution":"{\"name\": \"CategoricalDistribution\", \"attributes\": {\"choices\": [1, 2, 4, 8]}}"}
{"op_code":5,"worker_id":"a9a919f8-fdbd-4401-9bce-e556fa4aa967-139275528476480","trial_id":136,"param_name":"gy","param_value_internal":3,"distribution":"{\"name\": \"CategoricalDistribution\", \"attributes\": {\"choices\": [1, 2, 4, 8]}}"}
{"op_code":5,"worker_id":"a9a919f8-fdbd-4401-9bce-e556fa4aa967-139275528476480","trial_id":136,"param_name":"sub","param_value_internal":0,"distribution":"{\"name\": \"CategoricalDistribution\", \"attributes\": {\"choices\": [32, 64]}}"}
{"op_code":6,"worker_id":"a9a919f8-fdbd-4401-9bce-e556fa4aa967-139275528476480","trial_id":136,"state":2,"values":null,"datetime_complete":"2026-08-07T13:11:52.942450"}
{"op_code":4,"worker_id":"a9a919f8-fdbd-4401-9bce-e556fa4aa967-139275528476480","study_id":0,"datetime_start":"2026-08-07T13:11:52.944011"}
{"op_code":9,"worker_id":"a9a919f8-fdbd-4401-9bce-e556fa4aa967-139275528476480","trial_id":137,"system_attr":{"tpe:relative_params:0":"{\"gx\": 4, \"gy\": 4, \"k\": 64, \"m\": 64, \"n\": 64, \"sub\": 64}"}}
{"op_code":5,"worker_id":"a9a919f8-fdbd-4401-9bce-e556fa4aa967-139275528476480","trial_id":137,"param_name":"m","param_value_internal":2,"distribution":"{\"name\": \"CategoricalDistribution\", \"attributes\": {\"choices\": [16, 32, 64, 128, 256]}}"}
{"op_code":5,"worker_id":"a9a919f8-fdbd-4401-9bce-e556fa4aa967-139275528476480","trial_id":137,"param_name":"n","param_value_internal":2,"distribution":"{\"name\": \"CategoricalDistribution\", \"attributes\": {\"choices\": [16, 32, 64, 128, 256]}}"}
{"op_code":5,"worker_id":"a9a919f8-fdbd-4401-9bce-e556fa4aa967-139275528476480","trial_id":137,"param_name":"k","param_value_internal":2,"distribution":"{\"name\": \"CategoricalDistribution\", \"attributes\": {\"choices\": [16, 32, 64, 128]}}"}
{"op_code":5,"worker_id":"a9a919f8-fdbd-4401-9bce-e556fa4aa967-139275528476480","trial_id":137,"param_name":"gx","param_value_internal":2,"distribution":"{\"name\": \"CategoricalDistribution\", \"attributes\": {\"choices\": [1, 2, 4, 8]}}"}
{"op_code":5,"worker_id":"a9a919f8-fdbd-4401-9bce-e556fa4aa967-139275528476480","trial_id":137,"param_name":"gy","param_value_internal":2,"distribution":"{\"name\": \"CategoricalDistribution\", \"attributes\": {\"choices\": [1, 2, 4, 8]}}"}
{"op_code":5,"worker_id":"a9a919f8-fdbd-4401-9bce-e556fa4aa967-139275528476480","trial_id":137,"param_name":"sub","param_value_internal":1,"distribution":"{\"name\": \"CategoricalDistribution\", \"attributes\": {\"choices\": [32, 64]}}"}
{"op_code":6,"worker_id":"a9a919f8-fdbd-4401-9bce-e556fa4aa967-139275528476480","trial_id":137,"state":2,"values":null,"datetime_complete":"2026-08-07T13:11:52.960666"}
{"op_code":4,"worker_id":"a9a919f8-fdbd-4401-9bce-e556fa4aa967-139275528476480","study_id":0,"datetime_start":"2026-08-07T13:11:52.962678"}
{"op_code":9,"worker_id":"a9a919f8-fdbd-4401-9bce-e556fa4aa967-139275528476480","trial_id":138,"system_attr":{"tpe:relative_params:0":"{\"gx\": 4, \"gy\": 4, \"k\": 128, \"m\": 128, \"n\": 64, \"sub\": 64}"}}
{"op_code":5,"worker_id":"a9a919f8-fdbd-4401-9bce-e556fa4aa967-139275528476480","trial_id":138,"param_name":"m","param_value_internal":3,"distribution":"{\"name\": \"CategoricalDistribution\", \"attributes\": {\"choices\": [16, 32, 64, 128, 256]}}"}
{"op_code":5,"worker_id":"a9a919f8-fdbd-4401-9bce-e556fa4aa967-139275528476480","trial_id":138,"param_name":"n","param_value_internal":2,"distribution":"{\"name\": \"CategoricalDistribution\", \"attributes\": {\"choices\": [16, 32, 64, 128, 256]}}"}
{"op_code":5,"worker_id":"a9a919f8-fdbd-4401-9bce-e556fa4aa967-139275528476480","trial_id":138,"param_name":"k","param_value_internal":3,"distribution":"{\"name\": \"CategoricalDistribution\", \"attributes\": {\"choices\": [16, 32, 64, 128]}}"}
{"op_code":5,"worker_id":"a9a919f8-fdbd-4401-9bce-e556fa4aa967-139275528476480","trial_id":138,"param_name":"gx","param_value_internal":2,"distribution":"{\"name\": \"CategoricalDistribution\", \"attributes\": {\"choices\": [1, 2, 4, 8]}}"}
{"op_code":5,"worker_id":"a9a919f8-fdbd-4401-9bce-e556fa4aa967-139275528476480","trial_id":138,"param_name":"gy","param_value_internal":2,"distribution":"{\"name\": \"CategoricalDistribution\", \"attributes\": {\"choices\": [1, 2, 4, 8]}}"}
{"op_code":5,"worker_id":"a9a919f8-fdbd-4401-9bce-e556fa4aa967-139275528476480","trial_id":138,"param_name":"sub","param_value_internal":1,"distribution":"{\"name\": \"CategoricalDistribution\", \"attributes\": {\"choices\": [32, 64]}}"}
{"op_code":6,"worker_id":"a9a919f8-fdbd-4401-9bce-e556fa4aa967-139275528476480","trial_id":138,"state":2,"values":null,"datetime_complete":"2026-08-07T13:11:52.982249"}
{"op_code":4,"worker_id":"a9a919f8-fdbd-4401-9bce-e556fa4aa967-139275528476480","study_id":0,"datetime_start":"2026-08-07T13:11:52.983939"}
{"op_code":9,"worker_id":"a9a919f8-fdbd-4401-9bce-e556fa4aa967-139275528476480","trial_id":139,"system_attr":{"tpe:relative_params:0":"{\"gx\": 4, \"gy\": 1, \"k\": 64, \"m\": 16, \"n\": 32, \"sub\": 64}"}}
{"op_code":5,"worker_id":"a9a919f8-fdbd-4401-9bce-e556fa4aa967-139275528476480","trial_id":139,"param_name":"m","param_value_internal":0,"distribution":"{\"name\": \"CategoricalDistribution\", \"attributes\": {\"choices\": [16, 32, 64, 128, 256]}}"}
{"op_code":5,"worker_id":"a9a919f8-fdbd-4401-9bce-e556fa4aa967-139275528476480","trial_id":139,"param_name":"n","param_value_internal":1,"distribution":"{\"name\": \"CategoricalDistribution\", \"attributes\": {\"choices\": [16, 32, 64, 128, 256]}}"}
{"op_code":5,"worker_id":"a9a919f8-fdbd-4401-9bce-e556fa4aa967-139275528476480","trial_id":139,"param_name":"k","param_value_internal":2,"distribution":"{\"name\": \"CategoricalDistribution\", \"attributes\": {\"choices\": [16, 32, 64, 128]}}"}
{"op_code":5,"worker_id":"a9a919f8-fdbd-4401-9bce-e556fa4aa967-139275528476480","trial_id":139,"param_name":"gx","param_value_internal":2,"distribution":"{\"name\": \"CategoricalDistribution\", \"attributes\": {\"choices\": [1, 2, 4, 8]}}"}
{"op_code":5,"worker_id":"a9a919f8-fdbd-4401-9bce-e556fa4aa967-139275528476480","trial_id":139,"param_name":"gy","param_value_internal":0,"distribution":"{\"name\": \"CategoricalDistribution\", \"attributes\": {\"choices\": [1, 2, 4, 8]}}"}
{"op_code":5,"worker_id":"a9a919f8-fdbd-4401-9bce-e556fa4aa967-139275528476480","trial_id":139,"param_name":"sub","param_value_internal":1,"distribution":"{\"name\": \"CategoricalDistribution\", \"attributes\": {\"choices\": [32, 64]}}"}
{"op_code":6,"worker_id":"a9a919f8-fdbd-4401-9bce-e556fa4aa967-139275528476480","trial_id":139,"state":2,"values":null,"datetime_complete":"2026-08-07T13:11:53.000930"}
{"op_code":4,"worker_id":"a9a919f8-fdbd-4401-9bce-e556fa4aa967-139275528476480","study_id":0,"datetime_start":"2026-08-07T13:11:53.003160"}
{"op_code":9,"worker_id":"a9a919f8-fdbd-4401-9bce-e556fa4aa967-139275528476480","trial_id":140,"system_attr":{"tpe:relative_params:0":"{\"gx\": 1, \"gy\": 2, \"k\": 64, \"m\": 128, \"n\": 64, \"sub\": 32}"}}
{"op_code":5,"worker_id":"a9a919f8-fdbd-4401-9bce-e556fa4aa967-139275528476480","trial_id":140,"param_name":"m","param_value_internal":3,"distribution":"{\"name\": \"CategoricalDistribution\", \"attributes\": {\"choices\": [16, 32, 64, 128, 256]}}"}
{"op_code":5,"worker_id":"a9a919f8-fdbd-4401-9bce-e556fa4aa967-139275528476480","trial_id":140,"param_name":"n","param_value_internal":2,"distribution":"{\"name\": \"CategoricalDistribution\", \"attributes\": {\"choices\": [16, 32, 64, 128, 256]}}"}
{"op_code":5,"worker_id":"a9a919f8-fdbd-4401-9bce-e556fa4aa967-139275528476480","trial_id":140,"param_name":"k","param_value_internal":2,"distribution":"{\"name\": \"CategoricalDistribution\", \"attributes\": {\"choices\": [16, 32, 64, 128]}}"}
{"op_code":5,"worker_id":"a9a919f8-fdbd-4401-9bce-e556fa4aa967-139275528476480","trial_id":140,"param_name":"gx","param_value_internal":0,"distribution":"{\"name\": \"CategoricalDistribution\", \"attributes\": {\"choices\": [1, 2, 4, 8]}}"}
{"op_code":5,"worker_id":"a9a919f8-fdbd-4401-9bce-e556fa4aa967-139275528476480","trial_id":140,"param_name":"gy","param_value_internal":1,"distribution":"{\"name\": \"CategoricalDistribution\", \"attributes\": {\"choices\": [1, 2, 4, 8]}}"}
{"op_code":5,"worker_id":"a9a919f8-fdbd-4401-9bce-e556fa4aa967-139275528476480","trial_id":140,"param_name":"sub","param_value_internal":0,"distribution":"{\"name\": \"CategoricalDistribution\", \"attributes\": {\"choices\": [32, 64]}}"}
{"op_code":8,"worker_id":"a9a919f8-fdbd-4401-9bce-e556fa4aa967-139275528476480","trial_id":140,"user_attr":{"token":"tsweep_dbuf4_t128x64k64g12s32"}}
{"op_code":4,"worker_id":"a9a919f8-fdbd-4401-9bce-e556fa4aa967-139275528476480","study_id":0,"datetime_start":"2026-08-07T13:11:53.021589"}
{"op_code":9,"worker_id":"a9a919f8-fdbd-4401-9bce-e556fa4aa967-139275528476480","trial_id":141,"system_attr":{"tpe:relative_params:0":"{\"gx\": 1, \"gy\": 2, \"k\": 16, \"m\": 64, \"n\": 128, \"sub\": 64}"}}
{"op_code":5,"worker_id":"a9a919f8-fdbd-4401-9bce-e556fa4aa967-139275528476480","trial_id":141,"param_name":"m","param_value_internal":2,"distribution":"{\"name\": \"CategoricalDistribution\", \"attributes\": {\"choices\": [16, 32, 64, 128, 256]}}"}
{"op_code":5,"worker_id":"a9a919f8-fdbd-4401-9bce-e556fa4aa967-139275528476480","trial_id":141,"param_name":"n","param_value_internal":3,"distribution":"{\"name\": \"CategoricalDistribution\", \"attributes\": {\"choices\": [16, 32, 64, 128, 256]}}"}
{"op_code":5,"worker_id":"a9a919f8-fdbd-4401-9bce-e556fa4aa967-139275528476480","trial_id":141,"param_name":"k","param_value_internal":0,"distribution":"{\"name\": \"CategoricalDistribution\", \"attributes\": {\"choices\": [16, 32, 64, 128]}}"}
{"op_code":5,"worker_id":"a9a919f8-fdbd-4401-9bce-e556fa4aa967-139275528476480","trial_id":141,"param_name":"gx","param_value_internal":0,"distribution":"{\"name\": \"CategoricalDistribution\", \"attributes\": {\"choices\": [1, 2, 4, 8]}}"}
{"op_code":5,"worker_id":"a9a919f8-fdbd-4401-9bce-e556fa4aa967-139275528476480","trial_id":141,"param_name":"gy","param_value_internal":1,"distribution":"{\"name\": \"CategoricalDistribution\", \"attributes\": {\"choices\": [1, 2, 4, 8]}}"}
{"op_code":5,"worker_id":"a9a919f8-fdbd-4401-9bce-e556fa4aa967-139275528476480","trial_id":141,"param_name":"sub","param_value_internal":1,"distribution":"{\"name\": \"CategoricalDistribution\", \"attributes\": {\"choices\": [32, 64]}}"}
{"op_code":8,"worker_id":"a9a919f8-fdbd-4401-9bce-e556fa4aa967-139275528476480","trial_id":141,"user_attr":{"token":"tsweep_dbuf4_t64x128k16g12s64"}}
{"op_code":4,"worker_id":"a9a919f8-fdbd-4401-9bce-e556fa4aa967-139275528476480","study_id":0,"datetime_start":"2026-08-07T13:11:53.044787"}
{"op_code":9,"worker_id":"a9a919f8-fdbd-4401-9bce-e556fa4aa967-139275528476480","trial_id":142,"system_attr":{"tpe:relative_params:0":"{\"gx\": 8, \"gy\": 8, \"k\": 64, \"m\": 32, \"n\": 64, \"sub\": 64}"}}
{"op_code":5,"worker_id":"a9a919f8-fdbd-4401-9bce-e556fa4aa967-139275528476480","trial_id":142,"param_name":"m","param_value_internal":1,"distribution":"{\"name\": \"CategoricalDistribution\", \"attributes\": {\"choices\": [16, 32, 64, 128, 256]}}"}
{"op_code":5,"worker_id":"a9a919f8-fdbd-4401-9bce-e556fa4aa967-139275528476480","trial_id":142,"param_name":"n","param_value_internal":2,"distribution":"{\"name\": \"CategoricalDistribution\", \"attributes\": {\"choices\": [16, 32, 64, 128, 256]}}"}
{"op_code":5,"worker_id":"a9a919f8-fdbd-4401-9bce-e556fa4aa967-139275528476480","trial_id":142,"param_name":"k","param_value_internal":2,"distribution":"{\"name\": \"CategoricalDistribution\", \"attributes\": {\"choices\": [16, 32, 64, 128]}}"}
{"op_code":5,"worker_id":"a9a919f8-fdbd-4401-9bce-e556fa4aa967-139275528476480","trial_id":142,"param_name":"gx","param_value_internal":3,"distribution":"{\"name\": \"CategoricalDistribution\", \"attributes\": {\"choices\": [1, 2, 4, 8]}}"}
{"op_code":5,"worker_id":"a9a919f8-fdbd-4401-9bce-e556fa4aa967-139275528476480","trial_id":142,"param_name":"gy","param_value_internal":3,"distribution":"{\"name\": \"CategoricalDistribution\", \"attributes\": {\"choices\": [1, 2, 4, 8]}}"}
{"op_code":5,"worker_id":"a9a919f8-fdbd-4401-9bce-e556fa4aa967-139275528476480","trial_id":142,"param_name":"sub","param_value_internal":1,"distribution":"{\"name\": \"CategoricalDistribution\", \"attributes\": {\"choices\": [32, 64]}}"}
{"op_code":6,"worker_id":"a9a919f8-fdbd-4401-9bce-e556fa4aa967-139275528476480","trial_id":142,"state":2,"values":null,"datetime_complete":"2026-08-07T13:11:53.064442"}
{"op_code":4,"worker_id":"a9a919f8-fdbd-4401-9bce-e556fa4aa967-139275528476480","study_id":0,"datetime_start":"2026-08-07T13:11:53.066028"}
{"op_code":9,"worker_id":"a9a919f8-fdbd-4401-9bce-e556fa4aa967-139275528476480","trial_id":143,"system_attr":{"tpe:relative_params:0":"{\"gx\": 2, \"gy\": 1, \"k\": 16, \"m\": 128, \"n\": 128, \"sub\": 32}"}}
{"op_code":5,"worker_id":"a9a919f8-fdbd-4401-9bce-e556fa4aa967-139275528476480","trial_id":143,"param_name":"m","param_value_internal":3,"distribution":"{\"name\": \"CategoricalDistribution\", \"attributes\": {\"choices\": [16, 32, 64, 128, 256]}}"}
{"op_code":5,"worker_id":"a9a919f8-fdbd-4401-9bce-e556fa4aa967-139275528476480","trial_id":143,"param_name":"n","param_value_internal":3,"distribution":"{\"name\": \"CategoricalDistribution\", \"attributes\": {\"choices\": [16, 32, 64, 128, 256]}}"}
{"op_code":5,"worker_id":"a9a919f8-fdbd-4401-9bce-e556fa4aa967-139275528476480","trial_id":143,"param_name":"k","param_value_internal":0,"distribution":"{\"name\": \"CategoricalDistribution\", \"attributes\": {\"choices\": [16, 32, 64, 128]}}"}
{"op_code":5,"worker_id":"a9a919f8-fdbd-4401-9bce-e556fa4aa967-139275528476480","trial_id":143,"param_name":"gx","param_value_internal":1,"distribution":"{\"name\": \"CategoricalDistribution\", \"attributes\": {\"choices\": [1, 2, 4, 8]}}"}
{"op_code":5,"worker_id":"a9a919f8-fdbd-4401-9bce-e556fa4aa967-139275528476480","trial_id":143,"param_name":"gy","param_value_internal":0,"distribution":"{\"name\": \"CategoricalDistribution\", \"attributes\": {\"choices\": [1, 2, 4, 8]}}"}
{"op_code":5,"worker_id":"a9a919f8-fdbd-4401-9bce-e556fa4aa967-139275528476480","trial_id":143,"param_name":"sub","param_value_internal":0,"distribution":"{\"name\": \"CategoricalDistribution\", \"attributes\": {\"choices\": [32, 64]}}"}
{"op_code":8,"worker_id":"a9a919f8-fdbd-4401-9bce-e556fa4aa967-139275528476480","trial_id":143,"user_attr":{"token":"tsweep_dbuf4_t128x128k16g21s32"}}
{"op_code":4,"worker_id":"a9a919f8-fdbd-4401-9bce-e556fa4aa967-139275528476480","study_id":0,"datetime_start":"2026-08-07T13:11:53.085219"}
{"op_code":9,"worker_id":"a9a919f8-fdbd-4401-9bce-e556fa4aa967-139275528476480","trial_id":144,"system_attr":{"tpe:relative_params:0":"{\"gx\": 8, \"gy\": 2, \"k\": 128, \"m\": 256, \"n\": 64, \"sub\": 64}"}}
{"op_code":5,"worker_id":"a9a919f8-fdbd-4401-9bce-e556fa4aa967-139275528476480","trial_id":144,"param_name":"m","param_value_internal":4,"distribution":"{\"name\": \"CategoricalDistribution\", \"attributes\": {\"choices\": [16, 32, 64, 128, 256]}}"}
{"op_code":5,"worker_id":"a9a919f8-fdbd-4401-9bce-e556fa4aa967-139275528476480","trial_id":144,"param_name":"n","param_value_internal":2,"distribution":"{\"name\": \"CategoricalDistribution\", \"attributes\": {\"choices\": [16, 32, 64, 128, 256]}}"}
{"op_code":5,"worker_id":"a9a919f8-fdbd-4401-9bce-e556fa4aa967-139275528476480","trial_id":144,"param_name":"k","param_value_internal":3,"distribution":"{\"name\": \"CategoricalDistribution\", \"attributes\": {\"choices\": [16, 32, 64, 128]}}"}
{"op_code":5,"worker_id":"a9a919f8-fdbd-4401-9bce-e556fa4aa967-139275528476480","trial_id":144,"param_name":"gx","param_value_internal":3,"distribution":"{\"name\": \"CategoricalDistribution\", \"attributes\": {\"choices\": [1, 2, 4, 8]}}"}
{"op_code":5,"worker_id":"a9a919f8-fdbd-4401-9bce-e556fa4aa967-139275528476480","trial_id":144,"param_name":"gy","param_value_internal":1,"distribution":"{\"name\": \"CategoricalDistribution\", \"attributes\": {\"choices\": [1, 2, 4, 8]}}"}
{"op_code":5,"worker_id":"a9a919f8-fdbd-4401-9bce-e556fa4aa967-139275528476480","trial_id":144,"param_name":"sub","param_value_internal":1,"distribution":"{\"name\": \"CategoricalDistribution\", \"attributes\": {\"choices\": [32, 64]}}"}
{"op_code":6,"worker_id":"a9a919f8-fdbd-4401-9bce-e556fa4aa967-139275528476480","trial_id":144,"state":2,"values":null,"datetime_complete":"2026-08-07T13:11:53.102620"}
{"op_code":4,"worker_id":"a9a919f8-fdbd-4401-9bce-e556fa4aa967-139275528476480","study_id":0,"datetime_start":"2026-08-07T13:11:53.104746"}
{"op_code":9,"worker_id":"a9a919f8-fdbd-4401-9bce-e556fa4aa967-139275528476480","trial_id":145,"system_attr":{"tpe:relative_params:0":"{\"gx\": 4, \"gy\": 8, \"k\": 128, \"m\": 32, \"n\": 64, \"sub\": 64}"}}
{"op_code":5,"worker_id":"a9a919f8-fdbd-4401-9bce-e556fa4aa967-139275528476480","trial_id":145,"param_name":"m","param_value_internal":1,"distribution":"{\"name\": \"CategoricalDistribution\", \"attributes\": {\"choices\": [16, 32, 64, 128, 256]}}"}
{"op_code":5,"worker_id":"a9a919f8-fdbd-4401-9bce-e556fa4aa967-139275528476480","trial_id":145,"param_name":"n","param_value_internal":2,"distribution":"{\"name\": \"CategoricalDistribution\", \"attributes\": {\"choices\": [16, 32, 64, 128, 256]}}"}
{"op_code":5,"worker_id":"a9a919f8-fdbd-4401-9bce-e556fa4aa967-139275528476480","trial_id":145,"param_name":"k","param_value_internal":3,"distribution":"{\"name\": \"CategoricalDistribution\", \"attributes\": {\"choices\": [16, 32, 64, 128]}}"}
{"op_code":5,"worker_id":"a9a919f8-fdbd-4401-9bce-e556fa4aa967-139275528476480","trial_id":145,"param_name":"gx","param_value_internal":2,"distribution":"{\"name\": \"CategoricalDistribution\", \"attributes\": {\"choices\": [1, 2, 4, 8]}}"}
{"op_code":5,"worker_id":"a9a919f8-fdbd-4401-9bce-e556fa4aa967-139275528476480","trial_id":145,"param_name":"gy","param_value_internal":3,"distribution":"{\"name\": \"CategoricalDistribution\", \"attributes\": {\"choices\": [1, 2, 4, 8]}}"}
{"op_code":5,"worker_id":"a9a919f8-fdbd-4401-9bce-e556fa4aa967-139275528476480","trial_id":145,"param_name":"sub","param_value_internal":1,"distribution":"{\"name\": \"CategoricalDistribution\", \"attributes\": {\"choices\": [32, 64]}}"}
{"op_code":6,"worker_id":"a9a919f8-fdbd-4401-9bce-e556fa4aa967-139275528476480","trial_id":145,"state":2,"values":null,"datetime_complete":"2026-08-07T13:11:53.125652"}
{"op_code":4,"worker_id":"a9a919f8-fdbd-4401-9bce-e556fa4aa967-139275528476480","study_id":0,"datetime_start":"2026-08-07T13:11:53.127665"}
{"op_code":9,"worker_id":"a9a919f8-fdbd-4401-9bce-e556fa4aa967-139275528476480","trial_id":146,"system_attr":{"tpe:relative_params:0":"{\"gx\": 8, \"gy\": 1, \"k\": 16, \"m\": 32, \"n\": 128, \"sub\": 32}"}}
{"op_code":5,"worker_id":"a9a919f8-fdbd-4401-9bce-e556fa4aa967-139275528476480","trial_id":146,"param_name":"m","param_value_internal":1,"distribution":"{\"name\": \"CategoricalDistribution\", \"attributes\": {\"choices\": [16, 32, 64, 128, 256]}}"}
{"op_code":5,"worker_id":"a9a919f8-fdbd-4401-9bce-e556fa4aa967-139275528476480","trial_id":146,"param_name":"n","param_value_internal":3,"distribution":"{\"name\": \"CategoricalDistribution\", \"attributes\": {\"choices\": [16, 32, 64, 128, 256]}}"}
{"op_code":5,"worker_id":"a9a919f8-fdbd-4401-9bce-e556fa4aa967-139275528476480","trial_id":146,"param_name":"k","param_value_internal":0,"distribution":"{\"name\": \"CategoricalDistribution\", \"attributes\": {\"choices\": [16, 32, 64, 128]}}"}
{"op_code":5,"worker_id":"a9a919f8-fdbd-4401-9bce-e556fa4aa967-139275528476480","trial_id":146,"param_name":"gx","param_value_internal":3,"distribution":"{\"name\": \"CategoricalDistribution\", \"attributes\": {\"choices\": [1, 2, 4, 8]}}"}
{"op_code":5,"worker_id":"a9a919f8-fdbd-4401-9bce-e556fa4aa967-139275528476480","trial_id":146,"param_name":"gy","param_value_internal":0,"distribution":"{\"name\": \"CategoricalDistribution\", \"attributes\": {\"choices\": [1, 2, 4, 8]}}"}
{"op_code":5,"worker_id":"a9a919f8-fdbd-4401-9bce-e556fa4aa967-139275528476480","trial_id":146,"param_name":"sub","param_value_internal":0,"distribution":"{\"name\": \"CategoricalDistribution\", \"attributes\": {\"choices\": [32, 64]}}"}
{"op_code":6,"worker_id":"a9a919f8-fdbd-4401-9bce-e556fa4aa967-139275528476480","trial_id":146,"state":2,"values":null,"datetime_complete":"2026-08-07T13:11:53.149644"}
{"op_code":4,"worker_id":"a9a919f8-fdbd-4401-9bce-e556fa4aa967-139275528476480","study_id":0,"datetime_start":"2026-08-07T13:11:53.151920"}
{"op_code":9,"worker_id":"a9a919f8-fdbd-4401-9bce-e556fa4aa967-139275528476480","trial_id":147,"system_attr":{"tpe:relative_params:0":"{\"gx\": 2, \"gy\": 1, \"k\": 32, \"m\": 16, \"n\": 64, \"sub\": 32}"}}
{"op_code":5,"worker_id":"a9a919f8-fdbd-4401-9bce-e556fa4aa967-139275528476480","trial_id":147,"param_name":"m","param_value_internal":0,"distribution":"{\"name\": \"CategoricalDistribution\", \"attributes\": {\"choices\": [16, 32, 64, 128, 256]}}"}
{"op_code":5,"worker_id":"a9a919f8-fdbd-4401-9bce-e556fa4aa967-139275528476480","trial_id":147,"param_name":"n","param_value_internal":2,"distribution":"{\"name\": \"CategoricalDistribution\", \"attributes\": {\"choices\": [16, 32, 64, 128, 256]}}"}
{"op_code":5,"worker_id":"a9a919f8-fdbd-4401-9bce-e556fa4aa967-139275528476480","trial_id":147,"param_name":"k","param_value_internal":1,"distribution":"{\"name\": \"CategoricalDistribution\", \"attributes\": {\"choices\": [16, 32, 64, 128]}}"}
{"op_code":5,"worker_id":"a9a919f8-fdbd-4401-9bce-e556fa4aa967-139275528476480","trial_id":147,"param_name":"gx","param_value_internal":1,"distribution":"{\"name\": \"CategoricalDistribution\", \"attributes\": {\"choices\": [1, 2, 4, 8]}}"}
{"op_code":5,"worker_id":"a9a919f8-fdbd-4401-9bce-e556fa4aa967-139275528476480","trial_id":147,"param_name":"gy","param_value_internal":0,"distribution":"{\"name\": \"CategoricalDistribution\", \"attributes\": {\"choices\": [1, 2, 4, 8]}}"}
{"op_code":5,"worker_id":"a9a919f8-fdbd-4401-9bce-e556fa4aa967-139275528476480","trial_id":147,"param_name":"sub","param_value_internal":0,"distribution":"{\"name\": \"CategoricalDistribution\", \"attributes\": {\"choices\": [32, 64]}}"}
{"op_code":8,"worker_id":"a9a919f8-fdbd-4401-9bce-e556fa4aa967-139275528476480","trial_id":147,"user_attr":{"token":"tsweep_dbuf4_t16x64k32g21s32"}}
{"op_code":4,"worker_id":"a9a919f8-fdbd-4401-9bce-e556fa4aa967-139275528476480","study_id":0,"datetime_start":"2026-08-07T13:11:53.174092"}
{"op_code":9,"worker_id":"a9a919f8-fdbd-4401-9bce-e556fa4aa967-139275528476480","trial_id":148,"system_attr":{"tpe:relative_params:0":"{\"gx\": 2, \"gy\": 4, \"k\": 16, \"m\": 16, \"n\": 128, \"sub\": 32}"}}
{"op_code":5,"worker_id":"a9a919f8-fdbd-4401-9bce-e556fa4aa967-139275528476480","trial_id":148,"param_name":"m","param_value_internal":0,"distribution":"{\"name\": \"CategoricalDistribution\", \"attributes\": {\"choices\": [16, 32, 64, 128, 256]}}"}
{"op_code":5,"worker_id":"a9a919f8-fdbd-4401-9bce-e556fa4aa967-139275528476480","trial_id":148,"param_name":"n","param_value_internal":3,"distribution":"{\"name\": \"CategoricalDistribution\", \"attributes\": {\"choices\": [16, 32, 64, 128, 256]}}"}
{"op_code":5,"worker_id":"a9a919f8-fdbd-4401-9bce-e556fa4aa967-139275528476480","trial_id":148,"param_name":"k","param_value_internal":0,"distribution":"{\"name\": \"CategoricalDistribution\", \"attributes\": {\"choices\": [16, 32, 64, 128]}}"}
{"op_code":5,"worker_id":"a9a919f8-fdbd-4401-9bce-e556fa4aa967-139275528476480","trial_id":148,"param_name":"gx","param_value_internal":1,"distribution":"{\"name\": \"CategoricalDistribution\", \"attributes\": {\"choices\": [1, 2, 4, 8]}}"}
{"op_code":5,"worker_id":"a9a919f8-fdbd-4401-9bce-e556fa4aa967-139275528476480","trial_id":148,"param_name":"gy","param_value_internal":2,"distribution":"{\"name\": \"CategoricalDistribution\", \"attributes\": {\"choices\": [1, 2, 4, 8]}}"}
{"op_code":5,"worker_id":"a9a919f8-fdbd-4401-9bce-e556fa4aa967-139275528476480","trial_id":148,"param_name":"sub","param_value_internal":0,"distribution":"{\"name\": \"CategoricalDistribution\", \"attributes\": {\"choices\": [32, 64]}}"}
{"op_code":6,"worker_id":"a9a919f8-fdbd-4401-9bce-e556fa4aa967-139275528476480","trial_id":148,"state":2,"values":null,"datetime_complete":"2026-08-07T13:11:53.192548"}
{"op_code":4,"worker_id":"a9a919f8-fdbd-4401-9bce-e556fa4aa967-139275528476480","study_id":0,"datetime_start":"2026-08-07T13:11:53.194245"}
{"op_code":9,"worker_id":"a9a919f8-fdbd-4401-9bce-e556fa4aa967-139275528476480","trial_id":149,"system_attr":{"tpe:relative_params:0":"{\"gx\": 1, \"gy\": 4, \"k\": 64, \"m\": 16, \"n\": 16, \"sub\": 32}"}}
{"op_code":5,"worker_id":"a9a919f8-fdbd-4401-9bce-e556fa4aa967-139275528476480","trial_id":149,"param_name":"m","param_value_internal":0,"distribution":"{\"name\": \"CategoricalDistribution\", \"attributes\": {\"choices\": [16, 32, 64, 128, 256]}}"}
{"op_code":5,"worker_id":"a9a919f8-fdbd-4401-9bce-e556fa4aa967-139275528476480","trial_id":149,"param_name":"n","param_value_internal":0,"distribution":"{\"name\": \"CategoricalDistribution\", \"attributes\": {\"choices\": [16, 32, 64, 128, 256]}}"}
{"op_code":5,"worker_id":"a9a919f8-fdbd-4401-9bce-e556fa4aa967-139275528476480","trial_id":149,"param_name":"k","param_value_internal":2,"distribution":"{\"name\": \"CategoricalDistribution\", \"attributes\": {\"choices\": [16, 32, 64, 128]}}"}
{"op_code":5,"worker_id":"a9a919f8-fdbd-4401-9bce-e556fa4aa967-139275528476480","trial_id":149,"param_name":"gx","param_value_internal":0,"distribution":"{\"name\": \"CategoricalDistribution\", \"attributes\": {\"choices\": [1, 2, 4, 8]}}"}
{"op_code":5,"worker_id":"a9a919f8-fdbd-4401-9bce-e556fa4aa967-139275528476480","trial_id":149,"param_name":"gy","param_value_internal":2,"distribution":"{\"name\": \"CategoricalDistribution\", \"attributes\": {\"choices\": [1, 2, 4, 8]}}"}
{"op_code":5,"worker_id":"a9a919f8-fdbd-4401-9bce-e556fa4aa967-139275528476480","trial_id":149,"param_name":"sub","param_value_internal":0,"distribution":"{\"name\": \"CategoricalDistribution\", \"attributes\": {\"choices\": [32, 64]}}"}
{"op_code":6,"worker_id":"a9a919f8-fdbd-4401-9bce-e556fa4aa967-139275528476480","trial_id":149,"state":2,"values":null,"datetime_complete":"2026-08-07T13:11:53.213178"}
{"op_code":4,"worker_id":"a9a919f8-fdbd-4401-9bce-e556fa4aa967-139275528476480","study_id":0,"datetime_start":"2026-08-07T13:11:53.215945"}
{"op_code":9,"worker_id":"a9a919f8-fdbd-4401-9bce-e556fa4aa967-139275528476480","trial_id":150,"system_attr":{"tpe:relative_params:0":"{\"gx\": 4, \"gy\": 1, \"k\": 16, \"m\": 32, \"n\": 128, \"sub\": 64}"}}
{"op_code":5,"worker_id":"a9a919f8-fdbd-4401-9bce-e556fa4aa967-139275528476480","trial_id":150,"param_name":"m","param_value_internal":1,"distribution":"{\"name\": \"CategoricalDistribution\", \"attributes\": {\"choices\": [16, 32, 64, 128, 256]}}"}
{"op_code":5,"worker_id":"a9a919f8-fdbd-4401-9bce-e556fa4aa967-139275528476480","trial_id":150,"param_name":"n","param_value_internal":3,"distribution":"{\"name\": \"CategoricalDistribution\", \"attributes\": {\"choices\": [16, 32, 64, 128, 256]}}"}
{"op_code":5,"worker_id":"a9a919f8-fdbd-4401-9bce-e556fa4aa967-139275528476480","trial_id":150,"param_name":"k","param_value_internal":0,"distribution":"{\"name\": \"CategoricalDistribution\", \"attributes\": {\"choices\": [16, 32, 64, 128]}}"}
{"op_code":5,"worker_id":"a9a919f8-fdbd-4401-9bce-e556fa4aa967-139275528476480","trial_id":150,"param_name":"gx","param_value_internal":2,"distribution":"{\"name\": \"CategoricalDistribution\", \"attributes\": {\"choices\": [1, 2, 4, 8]}}"}
{"op_code":5,"worker_id":"a9a919f8-fdbd-4401-9bce-e556fa4aa967-139275528476480","trial_id":150,"param_name":"gy","param_value_internal":0,"distribution":"{\"name\": \"CategoricalDistribution\", \"attributes\": {\"choices\": [1, 2, 4, 8]}}"}
{"op_code":5,"worker_id":"a9a919f8-fdbd-4401-9bce-e556fa4aa967-139275528476480","trial_id":150,"param_name":"sub","param_value_internal":1,"distribution":"{\"name\": \"CategoricalDistribution\", \"attributes\": {\"choices\": [32, 64]}}"}
{"op_code":6,"worker_id":"a9a919f8-fdbd-4401-9bce-e556fa4aa967-139275528476480","trial_id":150,"state":2,"values":null,"datetime_complete":"2026-08-07T13:11:53.241951"}
{"op_code":4,"worker_id":"a9a919f8-fdbd-4401-9bce-e556fa4aa967-139275528476480","study_id":0,"datetime_start":"2026-08-07T13:11:53.244692"}
{"op_code":9,"worker_id":"a9a919f8-fdbd-4401-9bce-e556fa4aa967-139275528476480","trial_id":151,"system_attr":{"tpe:relative_params:0":"{\"gx\": 2, \"gy\": 2, \"k\": 16, \"m\": 256, \"n\": 32, \"sub\": 32}"}}
{"op_code":5,"worker_id":"a9a919f8-fdbd-4401-9bce-e556fa4aa967-139275528476480","trial_id":151,"param_name":"m","param_value_internal":4,"distribution":"{\"name\": \"CategoricalDistribution\", \"attributes\": {\"choices\": [16, 32, 64, 128, 256]}}"}
{"op_code":5,"worker_id":"a9a919f8-fdbd-4401-9bce-e556fa4aa967-139275528476480","trial_id":151,"param_name":"n","param_value_internal":1,"distribution":"{\"name\": \"CategoricalDistribution\", \"attributes\": {\"choices\": [16, 32, 64, 128, 256]}}"}
{"op_code":5,"worker_id":"a9a919f8-fdbd-4401-9bce-e556fa4aa967-139275528476480","trial_id":151,"param_name":"k","param_value_internal":0,"distribution":"{\"name\": \"CategoricalDistribution\", \"attributes\": {\"choices\": [16, 32, 64, 128]}}"}
{"op_code":5,"worker_id":"a9a919f8-fdbd-4401-9bce-e556fa4aa967-139275528476480","trial_id":151,"param_name":"gx","param_value_internal":1,"distribution":"{\"name\": \"CategoricalDistribution\", \"attributes\": {\"choices\": [1, 2, 4, 8]}}"}
{"op_code":5,"worker_id":"a9a919f8-fdbd-4401-9bce-e556fa4aa967-139275528476480","trial_id":151,"param_name":"gy","param_value_internal":1,"distribution":"{\"name\": \"CategoricalDistribution\", \"attributes\": {\"choices\": [1, 2, 4, 8]}}"}
{"op_code":5,"worker_id":"a9a919f8-fdbd-4401-9bce-e556fa4aa967-139275528476480","trial_id":151,"param_name":"sub","param_value_internal":0,"distribution":"{\"name\": \"CategoricalDistribution\", \"attributes\": {\"choices\": [32, 64]}}"}
{"op_code":6,"worker_id":"a9a919f8-fdbd-4401-9bce-e556fa4aa967-139275528476480","trial_id":151,"state":2,"values":null,"datetime_complete":"2026-08-07T13:11:53.269263"}
{"op_code":4,"worker_id":"a9a919f8-fdbd-4401-9bce-e556fa4aa967-139275528476480","study_id":0,"datetime_start":"2026-08-07T13:11:53.271254"}
{"op_code":9,"worker_id":"a9a919f8-fdbd-4401-9bce-e556fa4aa967-139275528476480","trial_id":152,"system_attr":{"tpe:relative_params:0":"{\"gx\": 1, \"gy\": 4, \"k\": 16, \"m\": 64, \"n\": 128, \"sub\": 32}"}}
{"op_code":5,"worker_id":"a9a919f8-fdbd-4401-9bce-e556fa4aa967-139275528476480","trial_id":152,"param_name":"m","param_value_internal":2,"distribution":"{\"name\": \"CategoricalDistribution\", \"attributes\": {\"choices\": [16, 32, 64, 128, 256]}}"}
{"op_code":5,"worker_id":"a9a919f8-fdbd-4401-9bce-e556fa4aa967-139275528476480","trial_id":152,"param_name":"n","param_value_internal":3,"distribution":"{\"name\": \"CategoricalDistribution\", \"attributes\": {\"choices\": [16, 32, 64, 128, 256]}}"}
{"op_code":5,"worker_id":"a9a919f8-fdbd-4401-9bce-e556fa4aa967-139275528476480","trial_id":152,"param_name":"k","param_value_internal":0,"distribution":"{\"name\": \"CategoricalDistribution\", \"attributes\": {\"choices\": [16, 32, 64, 128]}}"}
{"op_code":5,"worker_id":"a9a919f8-fdbd-4401-9bce-e556fa4aa967-139275528476480","trial_id":152,"param_name":"gx","param_value_internal":0,"distribution":"{\"name\": \"CategoricalDistribution\", \"attributes\": {\"choices\": [1, 2, 4, 8]}}"}
{"op_code":5,"worker_id":"a9a919f8-fdbd-4401-9bce-e556fa4aa967-139275528476480","trial_id":152,"param_name":"gy","param_value_internal":2,"distribution":"{\"name\": \"CategoricalDistribution\", \"attributes\": {\"choices\": [1, 2, 4, 8]}}"}
{"op_code":5,"worker_id":"a9a919f8-fdbd-4401-9bce-e556fa4aa967-139275528476480","trial_id":152,"param_name":"sub","param_value_internal":0,"distribution":"{\"name\": \"CategoricalDistribution\", \"attributes\": {\"choices\": [32, 64]}}"}
{"op_code":8,"worker_id":"a9a919f8-fdbd-4401-9bce-e556fa4aa967-139275528476480","trial_id":152,"user_attr":{"token":"tsweep_dbuf4_t64x128k16g14s32"}}
{"op_code":4,"worker_id":"a9a919f8-fdbd-4401-9bce-e556fa4aa967-139275528476480","study_id":0,"datetime_start":"2026-08-07T13:11:53.293525"}
{"op_code":9,"worker_id":"a9a919f8-fdbd-4401-9bce-e556fa4aa967-139275528476480","trial_id":153,"system_attr":{"tpe:relative_params:0":"{\"gx\": 1, \"gy\": 2, \"k\": 128, \"m\": 64, \"n\": 128, \"sub\": 32}"}}
{"op_code":5,"worker_id":"a9a919f8-fdbd-4401-9bce-e556fa4aa967-139275528476480","trial_id":153,"param_name":"m","param_value_internal":2,"distribution":"{\"name\": \"CategoricalDistribution\", \"attributes\": {\"choices\": [16, 32, 64, 128, 256]}}"}
{"op_code":5,"worker_id":"a9a919f8-fdbd-4401-9bce-e556fa4aa967-139275528476480","trial_id":153,"param_name":"n","param_value_internal":3,"distribution":"{\"name\": \"CategoricalDistribution\", \"attributes\": {\"choices\": [16, 32, 64, 128, 256]}}"}
{"op_code":5,"worker_id":"a9a919f8-fdbd-4401-9bce-e556fa4aa967-139275528476480","trial_id":153,"param_name":"k","param_value_internal":3,"distribution":"{\"name\": \"CategoricalDistribution\", \"attributes\": {\"choices\": [16, 32, 64, 128]}}"}
{"op_code":5,"worker_id":"a9a919f8-fdbd-4401-9bce-e556fa4aa967-139275528476480","trial_id":153,"param_name":"gx","param_value_internal":0,"distribution":"{\"name\": \"CategoricalDistribution\", \"attributes\": {\"choices\": [1, 2, 4, 8]}}"}
{"op_code":5,"worker_id":"a9a919f8-fdbd-4401-9bce-e556fa4aa967-139275528476480","trial_id":153,"param_name":"gy","param_value_internal":1,"distribution":"{\"name\": \"CategoricalDistribution\", \"attributes\": {\"choices\": [1, 2, 4, 8]}}"}
{"op_code":5,"worker_id":"a9a919f8-fdbd-4401-9bce-e556fa4aa967-139275528476480","trial_id":153,"param_name":"sub","param_value_internal":0,"distribution":"{\"name\": \"CategoricalDistribution\", \"attributes\": {\"choices\": [32, 64]}}"}
{"op_code":6,"worker_id":"a9a919f8-fdbd-4401-9bce-e556fa4aa967-139275528476480","trial_id":153,"state":2,"values":null,"datetime_complete":"2026-08-07T13:11:53.315929"}
{"op_code":4,"worker_id":"a9a919f8-fdbd-4401-9bce-e556fa4aa967-139275528476480","study_id":0,"datetime_start":"2026-08-07T13:11:53.318012"}
{"op_code":9,"worker_id":"a9a919f8-fdbd-4401-9bce-e556fa4aa967-139275528476480","trial_id":154,"system_attr":{"tpe:relative_params:0":"{\"gx\": 8, \"gy\": 2, \"k\": 16, \"m\": 64, \"n\": 256, \"sub\": 64}"}}
{"op_code":5,"worker_id":"a9a919f8-fdbd-4401-9bce-e556fa4aa967-139275528476480","trial_id":154,"param_name":"m","param_value_internal":2,"distribution":"{\"name\": \"CategoricalDistribution\", \"attributes\": {\"choices\": [16, 32, 64, 128, 256]}}"}
{"op_code":5,"worker_id":"a9a919f8-fdbd-4401-9bce-e556fa4aa967-139275528476480","trial_id":154,"param_name":"n","param_value_internal":4,"distribution":"{\"name\": \"CategoricalDistribution\", \"attributes\": {\"choices\": [16, 32, 64, 128, 256]}}"}
{"op_code":5,"worker_id":"a9a919f8-fdbd-4401-9bce-e556fa4aa967-139275528476480","trial_id":154,"param_name":"k","param_value_internal":0,"distribution":"{\"name\": \"CategoricalDistribution\", \"attributes\": {\"choices\": [16, 32, 64, 128]}}"}
{"op_code":5,"worker_id":"a9a919f8-fdbd-4401-9bce-e556fa4aa967-139275528476480","trial_id":154,"param_name":"gx","param_value_internal":3,"distribution":"{\"name\": \"CategoricalDistribution\", \"attributes\": {\"choices\": [1, 2, 4, 8]}}"}
{"op_code":5,"worker_id":"a9a919f8-fdbd-4401-9bce-e556fa4aa967-139275528476480","trial_id":154,"param_name":"gy","param_value_internal":1,"distribution":"{\"name\": \"CategoricalDistribution\", \"attributes\": {\"choices\": [1, 2, 4, 8]}}"}
{"op_code":5,"worker_id":"a9a919f8-fdbd-4401-9bce-e556fa4aa967-139275528476480","trial_id":154,"param_name":"sub","param_value_internal":1,"distribution":"{\"name\": \"CategoricalDistribution\", \"attributes\": {\"choices\": [32, 64]}}"}
{"op_code":6,"worker_id":"a9a919f8-fdbd-4401-9bce-e556fa4aa967-139275528476480","trial_id":154,"state":2,"values":null,"datetime_complete":"2026-08-07T13:11:53.338292"}
{"op_code":4,"worker_id":"a9a919f8-fdbd-4401-9bce-e556fa4aa967-139275528476480","study_id":0,"datetime_start":"2026-08-07T13:11:53.340292"}
{"op_code":9,"worker_id":"a9a919f8-fdbd-4401-9bce-e556fa4aa967-139275528476480","trial_id":155,"system_attr":{"tpe:relative_params:0":"{\"gx\": 2, \"gy\": 2, \"k\": 16, \"m\": 16, \"n\": 256, \"sub\": 32}"}}
{"op_code":5,"worker_id":"a9a919f8-fdbd-4401-9bce-e556fa4aa967-139275528476480","trial_id":155,"param_name":"m","param_value_internal":0,"distribution":"{\"name\": \"CategoricalDistribution\", \"attributes\": {\"choices\": [16, 32, 64, 128, 256]}}"}
{"op_code":5,"worker_id":"a9a919f8-fdbd-4401-9bce-e556fa4aa967-139275528476480","trial_id":155,"param_name":"n","param_value_internal":4,"distribution":"{\"name\": \"CategoricalDistribution\", \"attributes\": {\"choices\": [16, 32, 64, 128, 256]}}"}
{"op_code":5,"worker_id":"a9a919f8-fdbd-4401-9bce-e556fa4aa967-139275528476480","trial_id":155,"param_name":"k","param_value_internal":0,"distribution":"{\"name\": \"CategoricalDistribution\", \"attributes\": {\"choices\": [16, 32, 64, 128]}}"}
{"op_code":5,"worker_id":"a9a919f8-fdbd-4401-9bce-e556fa4aa967-139275528476480","trial_id":155,"param_name":"gx","param_value_internal":1,"distribution":"{\"name\": \"CategoricalDistribution\", \"attributes\": {\"choices\": [1, 2, 4, 8]}}"}
{"op_code":5,"worker_id":"a9a919f8-fdbd-4401-9bce-e556fa4aa967-139275528476480","trial_id":155,"param_name":"gy","param_value_internal":1,"distribution":"{\"name\": \"CategoricalDistribution\", \"attributes\": {\"choices\": [1, 2, 4, 8]}}"}
{"op_code":5,"worker_id":"a9a919f8-fdbd-4401-9bce-e556fa4aa967-139275528476480","trial_id":155,"param_name":"sub","param_value_internal":0,"distribution":"{\"name\": \"CategoricalDistribution\", \"attributes\": {\"choices\": [32, 64]}}"}
{"op_code":6,"worker_id":"a9a919f8-fdbd-4401-9bce-e556fa4aa967-139275528476480","trial_id":155,"state":2,"values":null,"datetime_complete":"2026-08-07T13:11:53.358420"}
{"op_code":4,"worker_id":"a9a919f8-fdbd-4401-9bce-e556fa4aa967-139275528476480","study_id":0,"datetime_start":"2026-08-07T13:11:53.360108"}
{"op_code":9,"worker_id":"a9a919f8-fdbd-4401-9bce-e556fa4aa967-139275528476480","trial_id":156,"system_attr":{"tpe:relative_params:0":"{\"gx\": 8, \"gy\": 1, \"k\": 64, \"m\": 256, \"n\": 64, \"sub\": 64}"}}
{"op_code":5,"worker_id":"a9a919f8-fdbd-4401-9bce-e556fa4aa967-139275528476480","trial_id":156,"param_name":"m","param_value_internal":4,"distribution":"{\"name\": \"CategoricalDistribution\", \"attributes\": {\"choices\": [16, 32, 64, 128, 256]}}"}
{"op_code":5,"worker_id":"a9a919f8-fdbd-4401-9bce-e556fa4aa967-139275528476480","trial_id":156,"param_name":"n","param_value_internal":2,"distribution":"{\"name\": \"CategoricalDistribution\", \"attributes\": {\"choices\": [16, 32, 64, 128, 256]}}"}
{"op_code":5,"worker_id":"a9a919f8-fdbd-4401-9bce-e556fa4aa967-139275528476480","trial_id":156,"param_name":"k","param_value_internal":2,"distribution":"{\"name\": \"CategoricalDistribution\", \"attributes\": {\"choices\": [16, 32, 64, 128]}}"}
{"op_code":5,"worker_id":"a9a919f8-fdbd-4401-9bce-e556fa4aa967-139275528476480","trial_id":156,"param_name":"gx","param_value_internal":3,"distribution":"{\"name\": \"CategoricalDistribution\", \"attributes\": {\"choices\": [1, 2, 4, 8]}}"}
{"op_code":5,"worker_id":"a9a919f8-fdbd-4401-9bce-e556fa4aa967-139275528476480","trial_id":156,"param_name":"gy","param_value_internal":0,"distribution":"{\"name\": \"CategoricalDistribution\", \"attributes\": {\"choices\": [1, 2, 4, 8]}}"}
{"op_code":5,"worker_id":"a9a919f8-fdbd-4401-9bce-e556fa4aa967-139275528476480","trial_id":156,"param_name":"sub","param_value_internal":1,"distribution":"{\"name\": \"CategoricalDistribution\", \"attributes\": {\"choices\": [32, 64]}}"}
{"op_code":6,"worker_id":"a9a919f8-fdbd-4401-9bce-e556fa4aa967-139275528476480","trial_id":156,"state":2,"values":null,"datetime_complete":"2026-08-07T13:11:53.378908"}
{"op_code":4,"worker_id":"a9a919f8-fdbd-4401-9bce-e556fa4aa967-139275528476480","study_id":0,"datetime_start":"2026-08-07T13:11:53.380553"}
{"op_code":9,"worker_id":"a9a919f8-fdbd-4401-9bce-e556fa4aa967-139275528476480","trial_id":157,"system_attr":{"tpe:relative_params:0":"{\"gx\": 1, \"gy\": 1, \"k\": 64, \"m\": 16, \"n\": 32, \"sub\": 32}"}}
{"op_code":5,"worker_id":"a9a919f8-fdbd-4401-9bce-e556fa4aa967-139275528476480","trial_id":157,"param_name":"m","param_value_internal":0,"distribution":"{\"name\": \"CategoricalDistribution\", \"attributes\": {\"choices\": [16, 32, 64, 128, 256]}}"}
{"op_code":5,"worker_id":"a9a919f8-fdbd-4401-9bce-e556fa4aa967-139275528476480","trial_id":157,"param_name":"n","param_value_internal":1,"distribution":"{\"name\": \"CategoricalDistribution\", \"attributes\": {\"choices\": [16, 32, 64, 128, 256]}}"}
{"op_code":5,"worker_id":"a9a919f8-fdbd-4401-9bce-e556fa4aa967-139275528476480","trial_id":157,"param_name":"k","param_value_internal":2,"distribution":"{\"name\": \"CategoricalDistribution\", \"attributes\": {\"choices\": [16, 32, 64, 128]}}"}
{"op_code":5,"worker_id":"a9a919f8-fdbd-4401-9bce-e556fa4aa967-139275528476480","trial_id":157,"param_name":"gx","param_value_internal":0,"distribution":"{\"name\": \"CategoricalDistribution\", \"attributes\": {\"choices\": [1, 2, 4, 8]}}"}
{"op_code":5,"worker_id":"a9a919f8-fdbd-4401-9bce-e556fa4aa967-139275528476480","trial_id":157,"param_name":"gy","param_value_internal":0,"distribution":"{\"name\": \"CategoricalDistribution\", \"attributes\": {\"choices\": [1, 2, 4, 8]}}"}
{"op_code":5,"worker_id":"a9a919f8-fdbd-4401-9bce-e556fa4aa967-139275528476480","trial_id":157,"param_name":"sub","param_value_internal":0,"distribution":"{\"name\": \"CategoricalDistribution\", \"attributes\": {\"choices\": [32, 64]}}"}
{"op_code":8,"worker_id":"a9a919f8-fdbd-4401-9bce-e556fa4aa967-139275528476480","trial_id":157,"user_attr":{"token":"tsweep_dbuf4_t16x32k64g11s32"}}
{"op_code":4,"worker_id":"a9a919f8-fdbd-4401-9bce-e556fa4aa967-139275528476480","study_id":0,"datetime_start":"2026-08-07T13:11:53.399319"}
{"op_code":9,"worker_id":"a9a919f8-fdbd-4401-9bce-e556fa4aa967-139275528476480","trial_id":158,"system_attr":{"tpe:relative_params:0":"{\"gx\": 2, \"gy\": 1, \"k\": 64, \"m\": 64, \"n\": 32, \"sub\": 64}"}}
{"op_code":5,"worker_id":"a9a919f8-fdbd-4401-9bce-e556fa4aa967-139275528476480","trial_id":158,"param_name":"m","param_value_internal":2,"distribution":"{\"name\": \"CategoricalDistribution\", \"attributes\": {\"choices\": [16, 32, 64, 128, 256]}}"}
{"op_code":5,"worker_id":"a9a919f8-fdbd-4401-9bce-e556fa4aa967-139275528476480","trial_id":158,"param_name":"n","param_value_internal":1,"distribution":"{\"name\": \"CategoricalDistribution\", \"attributes\": {\"choices\": [16, 32, 64, 128, 256]}}"}
{"op_code":5,"worker_id":"a9a919f8-fdbd-4401-9bce-e556fa4aa967-139275528476480","trial_id":158,"param_name":"k","param_value_internal":2,"distribution":"{\"name\": \"CategoricalDistribution\", \"attributes\": {\"choices\": [16, 32, 64, 128]}}"}
{"op_code":5,"worker_id":"a9a919f8-fdbd-4401-9bce-e556fa4aa967-139275528476480","trial_id":158,"param_name":"gx","param_value_internal":1,"distribution":"{\"name\": \"CategoricalDistribution\", \"attributes\": {\"choices\": [1, 2, 4, 8]}}"}
{"op_code":5,"worker_id":"a9a919f8-fdbd-4401-9bce-e556fa4aa967-139275528476480","trial_id":158,"param_name":"gy","param_value_internal":0,"distribution":"{\"name\": \"CategoricalDistribution\", \"attributes\": {\"choices\": [1, 2, 4, 8]}}"}
{"op_code":5,"worker_id":"a9a919f8-fdbd-4401-9bce-e556fa4aa967-139275528476480","trial_id":158,"param_name":"sub","param_value_internal":1,"distribution":"{\"name\": \"CategoricalDistribution\", \"attributes\": {\"choices\": [32, 64]}}"}
{"op_code":8,"worker_id":"a9a919f8-fdbd-4401-9bce-e556fa4aa967-139275528476480","trial_id":158,"user_attr":{"token":"tsweep_dbuf4_t64x32k64g21s64"}}
{"op_code":4,"worker_id":"a9a919f8-fdbd-4401-9bce-e556fa4aa967-139275528476480","study_id":0,"datetime_start":"2026-08-07T13:11:53.418510"}
{"op_code":9,"worker_id":"a9a919f8-fdbd-4401-9bce-e556fa4aa967-139275528476480","trial_id":159,"system_attr":{"tpe:relative_params:0":"{\"gx\": 1, \"gy\": 1, \"k\": 64, \"m\": 32, \"n\": 64, \"sub\": 32}"}}
{"op_code":5,"worker_id":"a9a919f8-fdbd-4401-9bce-e556fa4aa967-139275528476480","trial_id":159,"param_name":"m","param_value_internal":1,"distribution":"{\"name\": \"CategoricalDistribution\", \"attributes\": {\"choices\": [16, 32, 64, 128, 256]}}"}
{"op_code":5,"worker_id":"a9a919f8-fdbd-4401-9bce-e556fa4aa967-139275528476480","trial_id":159,"param_name":"n","param_value_internal":2,"distribution":"{\"name\": \"CategoricalDistribution\", \"attributes\": {\"choices\": [16, 32, 64, 128, 256]}}"}
{"op_code":5,"worker_id":"a9a919f8-fdbd-4401-9bce-e556fa4aa967-139275528476480","trial_id":159,"param_name":"k","param_value_internal":2,"distribution":"{\"name\": \"CategoricalDistribution\", \"attributes\": {\"choices\": [16, 32, 64, 128]}}"}
{"op_code":5,"worker_id":"a9a919f8-fdbd-4401-9bce-e556fa4aa967-139275528476480","trial_id":159,"param_name":"gx","param_value_internal":0,"distribution":"{\"name\": \"CategoricalDistribution\", \"attributes\": {\"choices\": [1, 2, 4, 8]}}"}
{"op_code":5,"worker_id":"a9a919f8-fdbd-4401-9bce-e556fa4aa967-139275528476480","trial_id":159,"param_name":"gy","param_value_internal":0,"distribution":"{\"name\": \"CategoricalDistribution\", \"attributes\": {\"choices\": [1, 2, 4, 8]}}"}
{"op_code":5,"worker_id":"a9a919f8-fdbd-4401-9bce-e556fa4aa967-139275528476480","trial_id":159,"param_name":"sub","param_value_internal":0,"distribution":"{\"name\": \"CategoricalDistribution\", \"attributes\": {\"choices\": [32, 64]}}"}
{"op_code":8,"worker_id":"a9a919f8-fdbd-4401-9bce-e556fa4aa967-139275528476480","trial_id":159,"user_attr":{"token":"tsweep_dbuf4_t32x64k64g11s32"}}
{"op_code":6,"worker_id":"a9a919f8-fdbd-4401-9bce-e556fa4aa967-139275528476480","trial_id":117,"state":1,"values":[971.943],"datetime_complete":"2026-08-07T13:12:57.641873"}
{"op_code":6,"worker_id":"a9a919f8-fdbd-4401-9bce-e556fa4aa967-139275528476480","trial_id":122,"state":1,"values":[1056.681],"datetime_complete":"2026-08-07T13:13:20.780144"}
{"op_code":6,"worker_id":"a9a919f8-fdbd-4401-9bce-e556fa4aa967-139275528476480","trial_id":125,"state":1,"values":[943.0615],"datetime_complete":"2026-08-07T13:13:45.305972"}
{"op_code":6,"worker_id":"a9a919f8-fdbd-4401-9bce-e556fa4aa967-139275528476480","trial_id":126,"state":1,"values":[886.0445],"datetime_complete":"2026-08-07T13:14:09.479569"}
{"op_code":6,"worker_id":"a9a919f8-fdbd-4401-9bce-e556fa4aa967-139275528476480","trial_id":130,"state":1,"values":[564.9725000000001],"datetime_complete":"2026-08-07T13:14:36.769925"}
{"op_code":6,"worker_id":"a9a919f8-fdbd-4401-9bce-e556fa4aa967-139275528476480","trial_id":132,"state":1,"values":[1375.98],"datetime_complete":"2026-08-07T13:14:58.580202"}
{"op_code":6,"worker_id":"a9a919f8-fdbd-4401-9bce-e556fa4aa967-139275528476480","trial_id":133,"state":1,"values":[1179.095],"datetime_complete":"2026-08-07T13:15:21.600109"}
{"op_code":6,"worker_id":"a9a919f8-fdbd-4401-9bce-e556fa4aa967-139275528476480","trial_id":134,"state":2,"values":null,"datetime_complete":"2026-08-07T13:15:54.815636"}
{"op_code":6,"worker_id":"a9a919f8-fdbd-4401-9bce-e556fa4aa967-139275528476480","trial_id":140,"state":1,"values":[933.7825],"datetime_complete":"2026-08-07T13:16:28.270497"}
{"op_code":6,"worker_id":"a9a919f8-fdbd-4401-9bce-e556fa4aa967-139275528476480","trial_id":141,"state":1,"values":[1362.315],"datetime_complete":"2026-08-07T13:16:51.015933"}
{"op_code":6,"worker_id":"a9a919f8-fdbd-4401-9bce-e556fa4aa967-139275528476480","trial_id":143,"state":1,"values":[1453.435],"datetime_complete":"2026-08-07T13:17:13.954992"}
{"op_code":6,"worker_id":"a9a919f8-fdbd-4401-9bce-e556fa4aa967-139275528476480","trial_id":147,"state":1,"values":[891.6324999999999],"datetime_complete":"2026-08-07T13:17:37.659379"}
{"op_code":6,"worker_id":"a9a919f8-fdbd-4401-9bce-e556fa4aa967-139275528476480","trial_id":152,"state":1,"values":[1258.215],"datetime_complete":"2026-08-07T13:18:00.615743"}
{"op_code":6,"worker_id":"a9a919f8-fdbd-4401-9bce-e556fa4aa967-139275528476480","trial_id":157,"state":1,"values":[621.7249999999999],"datetime_complete":"2026-08-07T13:18:27.156167"}
{"op_code":6,"worker_id":"a9a919f8-fdbd-4401-9bce-e556fa4aa967-139275528476480","trial_id":158,"state":1,"values":[883.472],"datetime_complete":"2026-08-07T13:18:50.582637"}
{"op_code":6,"worker_id":"a9a919f8-fdbd-4401-9bce-e556fa4aa967-139275528476480","trial_id":159,"state":1,"values":[593.788],"datetime_complete":"2026-08-07T13:19:18.864055"}
{"op_code":4,"worker_id":"a9a919f8-fdbd-4401-9bce-e556fa4aa967-139275528476480","study_id":0,"datetime_start":"2026-08-07T13:19:18.866626"}
{"op_code":9,"worker_id":"a9a919f8-fdbd-4401-9bce-e556fa4aa967-139275528476480","trial_id":160,"system_attr":{"tpe:relative_params:0":"{\"gx\": 2, \"gy\": 1, \"k\": 32, \"m\": 16, \"n\": 64, \"sub\": 32}"}}
{"op_code":5,"worker_id":"a9a919f8-fdbd-4401-9bce-e556fa4aa967-139275528476480","trial_id":160,"param_name":"m","param_value_internal":0,"distribution":"{\"name\": \"CategoricalDistribution\", \"attributes\": {\"choices\": [16, 32, 64, 128, 256]}}"}
{"op_code":5,"worker_id":"a9a919f8-fdbd-4401-9bce-e556fa4aa967-139275528476480","trial_id":160,"param_name":"n","param_value_internal":2,"distribution":"{\"name\": \"CategoricalDistribution\", \"attributes\": {\"choices\": [16, 32, 64, 128, 256]}}"}
{"op_code":5,"worker_id":"a9a919f8-fdbd-4401-9bce-e556fa4aa967-139275528476480","trial_id":160,"param_name":"k","param_value_internal":1,"distribution":"{\"name\": \"CategoricalDistribution\", \"attributes\": {\"choices\": [16, 32, 64, 128]}}"}
{"op_code":5,"worker_id":"a9a919f8-fdbd-4401-9bce-e556fa4aa967-139275528476480","trial_id":160,"param_name":"gx","param_value_internal":1,"distribution":"{\"name\": \"CategoricalDistribution\", \"attributes\": {\"choices\": [1, 2, 4, 8]}}"}
{"op_code":5,"worker_id":"a9a919f8-fdbd-4401-9bce-e556fa4aa967-139275528476480","trial_id":160,"param_name":"gy","param_value_internal":0,"distribution":"{\"name\": \"CategoricalDistribution\", \"attributes\": {\"choices\": [1, 2, 4, 8]}}"}
{"op_code":5,"worker_id":"a9a919f8-fdbd-4401-9bce-e556fa4aa967-139275528476480","trial_id":160,"param_name":"sub","param_value_internal":0,"distribution":"{\"name\": \"CategoricalDistribution\", \"attributes\": {\"choices\": [32, 64]}}"}
{"op_code":6,"worker_id":"a9a919f8-fdbd-4401-9bce-e556fa4aa967-139275528476480","trial_id":160,"state":2,"values":null,"datetime_complete":"2026-08-07T13:19:18.889418"}
{"op_code":4,"worker_id":"a9a919f8-fdbd-4401-9bce-e556fa4aa967-139275528476480","study_id":0,"datetime_start":"2026-08-07T13:19:18.891561"}
{"op_code":9,"worker_id":"a9a919f8-fdbd-4401-9bce-e556fa4aa967-139275528476480","trial_id":161,"system_attr":{"tpe:relative_params:0":"{\"gx\": 2, \"gy\": 2, \"k\": 32, \"m\": 32, \"n\": 128, \"sub\": 32}"}}
{"op_code":5,"worker_id":"a9a919f8-fdbd-4401-9bce-e556fa4aa967-139275528476480","trial_id":161,"param_name":"m","param_value_internal":1,"distribution":"{\"name\": \"CategoricalDistribution\", \"attributes\": {\"choices\": [16, 32, 64, 128, 256]}}"}
{"op_code":5,"worker_id":"a9a919f8-fdbd-4401-9bce-e556fa4aa967-139275528476480","trial_id":161,"param_name":"n","param_value_internal":3,"distribution":"{\"name\": \"CategoricalDistribution\", \"attributes\": {\"choices\": [16, 32, 64, 128, 256]}}"}
{"op_code":5,"worker_id":"a9a919f8-fdbd-4401-9bce-e556fa4aa967-139275528476480","trial_id":161,"param_name":"k","param_value_internal":1,"distribution":"{\"name\": \"CategoricalDistribution\", \"attributes\": {\"choices\": [16, 32, 64, 128]}}"}
{"op_code":5,"worker_id":"a9a919f8-fdbd-4401-9bce-e556fa4aa967-139275528476480","trial_id":161,"param_name":"gx","param_value_internal":1,"distribution":"{\"name\": \"CategoricalDistribution\", \"attributes\": {\"choices\": [1, 2, 4, 8]}}"}
{"op_code":5,"worker_id":"a9a919f8-fdbd-4401-9bce-e556fa4aa967-139275528476480","trial_id":161,"param_name":"gy","param_value_internal":1,"distribution":"{\"name\": \"CategoricalDistribution\", \"attributes\": {\"choices\": [1, 2, 4, 8]}}"}
{"op_code":5,"worker_id":"a9a919f8-fdbd-4401-9bce-e556fa4aa967-139275528476480","trial_id":161,"param_name":"sub","param_value_internal":0,"distribution":"{\"name\": \"CategoricalDistribution\", \"attributes\": {\"choices\": [32, 64]}}"}
{"op_code":6,"worker_id":"a9a919f8-fdbd-4401-9bce-e556fa4aa967-139275528476480","trial_id":161,"state":2,"values":null,"datetime_complete":"2026-08-07T13:19:18.913075"}
{"op_code":4,"worker_id":"a9a919f8-fdbd-4401-9bce-e556fa4aa967-139275528476480","study_id":0,"datetime_start":"2026-08-07T13:19:18.915027"}
{"op_code":9,"worker_id":"a9a919f8-fdbd-4401-9bce-e556fa4aa967-139275528476480","trial_id":162,"system_attr":{"tpe:relative_params:0":"{\"gx\": 1, \"gy\": 2, \"k\": 16, \"m\": 64, \"n\": 128, \"sub\": 64}"}}
{"op_code":5,"worker_id":"a9a919f8-fdbd-4401-9bce-e556fa4aa967-139275528476480","trial_id":162,"param_name":"m","param_value_internal":2,"distribution":"{\"name\": \"CategoricalDistribution\", \"attributes\": {\"choices\": [16, 32, 64, 128, 256]}}"}
{"op_code":5,"worker_id":"a9a919f8-fdbd-4401-9bce-e556fa4aa967-139275528476480","trial_id":162,"param_name":"n","param_value_internal":3,"distribution":"{\"name\": \"CategoricalDistribution\", \"attributes\": {\"choices\": [16, 32, 64, 128, 256]}}"}
{"op_code":5,"worker_id":"a9a919f8-fdbd-4401-9bce-e556fa4aa967-139275528476480","trial_id":162,"param_name":"k","param_value_internal":0,"distribution":"{\"name\": \"CategoricalDistribution\", \"attributes\": {\"choices\": [16, 32, 64, 128]}}"}
{"op_code":5,"worker_id":"a9a919f8-fdbd-4401-9bce-e556fa4aa967-139275528476480","trial_id":162,"param_name":"gx","param_value_internal":0,"distribution":"{\"name\": \"CategoricalDistribution\", \"attributes\": {\"choices\": [1, 2, 4, 8]}}"}
{"op_code":5,"worker_id":"a9a919f8-fdbd-4401-9bce-e556fa4aa967-139275528476480","trial_id":162,"param_name":"gy","param_value_internal":1,"distribution":"{\"name\": \"CategoricalDistribution\", \"attributes\": {\"choices\": [1, 2, 4, 8]}}"}
{"op_code":5,"worker_id":"a9a919f8-fdbd-4401-9bce-e556fa4aa967-139275528476480","trial_id":162,"param_name":"sub","param_value_internal":1,"distribution":"{\"name\": \"CategoricalDistribution\", \"attributes\": {\"choices\": [32, 64]}}"}
{"op_code":6,"worker_id":"a9a919f8-fdbd-4401-9bce-e556fa4aa967-139275528476480","trial_id":162,"state":2,"values":null,"datetime_complete":"2026-08-07T13:19:18.936091"}
{"op_code":4,"worker_id":"a9a919f8-fdbd-4401-9bce-e556fa4aa967-139275528476480","study_id":0,"datetime_start":"2026-08-07T13:19:18.938167"}
{"op_code":9,"worker_id":"a9a919f8-fdbd-4401-9bce-e556fa4aa967-139275528476480","trial_id":163,"system_attr":{"tpe:relative_params:0":"{\"gx\": 1, \"gy\": 2, \"k\": 64, \"m\": 128, \"n\": 64, \"sub\": 32}"}}
{"op_code":5,"worker_id":"a9a919f8-fdbd-4401-9bce-e556fa4aa967-139275528476480","trial_id":163,"param_name":"m","param_value_internal":3,"distribution":"{\"name\": \"CategoricalDistribution\", \"attributes\": {\"choices\": [16, 32, 64, 128, 256]}}"}
{"op_code":5,"worker_id":"a9a919f8-fdbd-4401-9bce-e556fa4aa967-139275528476480","trial_id":163,"param_name":"n","param_value_internal":2,"distribution":"{\"name\": \"CategoricalDistribution\", \"attributes\": {\"choices\": [16, 32, 64, 128, 256]}}"}
{"op_code":5,"worker_id":"a9a919f8-fdbd-4401-9bce-e556fa4aa967-139275528476480","trial_id":163,"param_name":"k","param_value_internal":2,"distribution":"{\"name\": \"CategoricalDistribution\", \"attributes\": {\"choices\": [16, 32, 64, 128]}}"}
{"op_code":5,"worker_id":"a9a919f8-fdbd-4401-9bce-e556fa4aa967-139275528476480","trial_id":163,"param_name":"gx","param_value_internal":0,"distribution":"{\"name\": \"CategoricalDistribution\", \"attributes\": {\"choices\": [1, 2, 4, 8]}}"}
{"op_code":5,"worker_id":"a9a919f8-fdbd-4401-9bce-e556fa4aa967-139275528476480","trial_id":163,"param_name":"gy","param_value_internal":1,"distribution":"{\"name\": \"CategoricalDistribution\", \"attributes\": {\"choices\": [1, 2, 4, 8]}}"}
{"op_code":5,"worker_id":"a9a919f8-fdbd-4401-9bce-e556fa4aa967-139275528476480","trial_id":163,"param_name":"sub","param_value_internal":0,"distribution":"{\"name\": \"CategoricalDistribution\", \"attributes\": {\"choices\": [32, 64]}}"}
{"op_code":6,"worker_id":"a9a919f8-fdbd-4401-9bce-e556fa4aa967-139275528476480","trial_id":163,"state":2,"values":null,"datetime_complete":"2026-08-07T13:19:18.958643"}
{"op_code":4,"worker_id":"a9a919f8-fdbd-4401-9bce-e556fa4aa967-139275528476480","study_id":0,"datetime_start":"2026-08-07T13:19:18.960517"}
{"op_code":9,"worker_id":"a9a919f8-fdbd-4401-9bce-e556fa4aa967-139275528476480","trial_id":164,"system_attr":{"tpe:relative_params:0":"{\"gx\": 2, \"gy\": 1, \"k\": 16, \"m\": 128, \"n\": 64, \"sub\": 32}"}}
{"op_code":5,"worker_id":"a9a919f8-fdbd-4401-9bce-e556fa4aa967-139275528476480","trial_id":164,"param_name":"m","param_value_internal":3,"distribution":"{\"name\": \"CategoricalDistribution\", \"attributes\": {\"choices\": [16, 32, 64, 128, 256]}}"}
{"op_code":5,"worker_id":"a9a919f8-fdbd-4401-9bce-e556fa4aa967-139275528476480","trial_id":164,"param_name":"n","param_value_internal":2,"distribution":"{\"name\": \"CategoricalDistribution\", \"attributes\": {\"choices\": [16, 32, 64, 128, 256]}}"}
{"op_code":5,"worker_id":"a9a919f8-fdbd-4401-9bce-e556fa4aa967-139275528476480","trial_id":164,"param_name":"k","param_value_internal":0,"distribution":"{\"name\": \"CategoricalDistribution\", \"attributes\": {\"choices\": [16, 32, 64, 128]}}"}
{"op_code":5,"worker_id":"a9a919f8-fdbd-4401-9bce-e556fa4aa967-139275528476480","trial_id":164,"param_name":"gx","param_value_internal":1,"distribution":"{\"name\": \"CategoricalDistribution\", \"attributes\": {\"choices\": [1, 2, 4, 8]}}"}
{"op_code":5,"worker_id":"a9a919f8-fdbd-4401-9bce-e556fa4aa967-139275528476480","trial_id":164,"param_name":"gy","param_value_internal":0,"distribution":"{\"name\": \"CategoricalDistribution\", \"attributes\": {\"choices\": [1, 2, 4, 8]}}"}
{"op_code":5,"worker_id":"a9a919f8-fdbd-4401-9bce-e556fa4aa967-139275528476480","trial_id":164,"param_name":"sub","param_value_internal":0,"distribution":"{\"name\": \"CategoricalDistribution\", \"attributes\": {\"choices\": [32, 64]}}"}
{"op_code":8,"worker_id":"a9a919f8-fdbd-4401-9bce-e556fa4aa967-139275528476480","trial_id":164,"user_attr":{"token":"tsweep_dbuf4_t128x64k16g21s32"}}
{"op_code":4,"worker_id":"a9a919f8-fdbd-4401-9bce-e556fa4aa967-139275528476480","study_id":0,"datetime_start":"2026-08-07T13:19:18.984806"}
{"op_code":9,"worker_id":"a9a919f8-fdbd-4401-9bce-e556fa4aa967-139275528476480","trial_id":165,"system_attr":{"tpe:relative_params:0":"{\"gx\": 4, \"gy\": 1, \"k\": 64, \"m\": 32, \"n\": 128, \"sub\": 32}"}}
{"op_code":5,"worker_id":"a9a919f8-fdbd-4401-9bce-e556fa4aa967-139275528476480","trial_id":165,"param_name":"m","param_value_internal":1,"distribution":"{\"name\": \"CategoricalDistribution\", \"attributes\": {\"choices\": [16, 32, 64, 128, 256]}}"}
{"op_code":5,"worker_id":"a9a919f8-fdbd-4401-9bce-e556fa4aa967-139275528476480","trial_id":165,"param_name":"n","param_value_internal":3,"distribution":"{\"name\": \"CategoricalDistribution\", \"attributes\": {\"choices\": [16, 32, 64, 128, 256]}}"}
{"op_code":5,"worker_id":"a9a919f8-fdbd-4401-9bce-e556fa4aa967-139275528476480","trial_id":165,"param_name":"k","param_value_internal":2,"distribution":"{\"name\": \"CategoricalDistribution\", \"attributes\": {\"choices\": [16, 32, 64, 128]}}"}
{"op_code":5,"worker_id":"a9a919f8-fdbd-4401-9bce-e556fa4aa967-139275528476480","trial_id":165,"param_name":"gx","param_value_internal":2,"distribution":"{\"name\": \"CategoricalDistribution\", \"attributes\": {\"choices\": [1, 2, 4, 8]}}"}
{"op_code":5,"worker_id":"a9a919f8-fdbd-4401-9bce-e556fa4aa967-139275528476480","trial_id":165,"param_name":"gy","param_value_internal":0,"distribution":"{\"name\": \"CategoricalDistribution\", \"attributes\": {\"choices\": [1, 2, 4, 8]}}"}
{"op_code":5,"worker_id":"a9a919f8-fdbd-4401-9bce-e556fa4aa967-139275528476480","trial_id":165,"param_name":"sub","param_value_internal":0,"distribution":"{\"name\": \"CategoricalDistribution\", \"attributes\": {\"choices\": [32, 64]}}"}
{"op_code":6,"worker_id":"a9a919f8-fdbd-4401-9bce-e556fa4aa967-139275528476480","trial_id":165,"state":2,"values":null,"datetime_complete":"2026-08-07T13:19:19.006749"}
{"op_code":4,"worker_id":"a9a919f8-fdbd-4401-9bce-e556fa4aa967-139275528476480","study_id":0,"datetime_start":"2026-08-07T13:19:19.008739"}
{"op_code":9,"worker_id":"a9a919f8-fdbd-4401-9bce-e556fa4aa967-139275528476480","trial_id":166,"system_attr":{"tpe:relative_params:0":"{\"gx\": 8, \"gy\": 1, \"k\": 64, \"m\": 64, \"n\": 16, \"sub\": 32}"}}
{"op_code":5,"worker_id":"a9a919f8-fdbd-4401-9bce-e556fa4aa967-139275528476480","trial_id":166,"param_name":"m","param_value_internal":2,"distribution":"{\"name\": \"CategoricalDistribution\", \"attributes\": {\"choices\": [16, 32, 64, 128, 256]}}"}
{"op_code":5,"worker_id":"a9a919f8-fdbd-4401-9bce-e556fa4aa967-139275528476480","trial_id":166,"param_name":"n","param_value_internal":0,"distribution":"{\"name\": \"CategoricalDistribution\", \"attributes\": {\"choices\": [16, 32, 64, 128, 256]}}"}
{"op_code":5,"worker_id":"a9a919f8-fdbd-4401-9bce-e556fa4aa967-139275528476480","trial_id":166,"param_name":"k","param_value_internal":2,"distribution":"{\"name\": \"CategoricalDistribution\", \"attributes\": {\"choices\": [16, 32, 64, 128]}}"}
{"op_code":5,"worker_id":"a9a919f8-fdbd-4401-9bce-e556fa4aa967-139275528476480","trial_id":166,"param_name":"gx","param_value_internal":3,"distribution":"{\"name\": \"CategoricalDistribution\", \"attributes\": {\"choices\": [1, 2, 4, 8]}}"}
{"op_code":5,"worker_id":"a9a919f8-fdbd-4401-9bce-e556fa4aa967-139275528476480","trial_id":166,"param_name":"gy","param_value_internal":0,"distribution":"{\"name\": \"CategoricalDistribution\", \"attributes\": {\"choices\": [1, 2, 4, 8]}}"}
{"op_code":5,"worker_id":"a9a919f8-fdbd-4401-9bce-e556fa4aa967-139275528476480","trial_id":166,"param_name":"sub","param_value_internal":0,"distribution":"{\"name\": \"CategoricalDistribution\", \"attributes\": {\"choices\": [32, 64]}}"}
{"op_code":6,"worker_id":"a9a919f8-fdbd-4401-9bce-e556fa4aa967-139275528476480","trial_id":166,"state":2,"values":null,"datetime_complete":"2026-08-07T13:19:19.030491"}
{"op_code":4,"worker_id":"a9a919f8-fdbd-4401-9bce-e556fa4aa967-139275528476480","study_id":0,"datetime_start":"2026-08-07T13:19:19.032445"}
{"op_code":9,"worker_id":"a9a919f8-fdbd-4401-9bce-e556fa4aa967-139275528476480","trial_id":167,"system_attr":{"tpe:relative_params:0":"{\"gx\": 1, \"gy\": 4, \"k\": 16, \"m\": 64, \"n\": 128, \"sub\": 32}"}}
{"op_code":5,"worker_id":"a9a919f8-fdbd-4401-9bce-e556fa4aa967-139275528476480","trial_id":167,"param_name":"m","param_value_internal":2,"distribution":"{\"name\": \"CategoricalDistribution\", \"attributes\": {\"choices\": [16, 32, 64, 128, 256]}}"}
{"op_code":5,"worker_id":"a9a919f8-fdbd-4401-9bce-e556fa4aa967-139275528476480","trial_id":167,"param_name":"n","param_value_internal":3,"distribution":"{\"name\": \"CategoricalDistribution\", \"attributes\": {\"choices\": [16, 32, 64, 128, 256]}}"}
{"op_code":5,"worker_id":"a9a919f8-fdbd-4401-9bce-e556fa4aa967-139275528476480","trial_id":167,"param_name":"k","param_value_internal":0,"distribution":"{\"name\": \"CategoricalDistribution\", \"attributes\": {\"choices\": [16, 32, 64, 128]}}"}
{"op_code":5,"worker_id":"a9a919f8-fdbd-4401-9bce-e556fa4aa967-139275528476480","trial_id":167,"param_name":"gx","param_value_internal":0,"distribution":"{\"name\": \"CategoricalDistribution\", \"attributes\": {\"choices\": [1, 2, 4, 8]}}"}
{"op_code":5,"worker_id":"a9a919f8-fdbd-4401-9bce-e556fa4aa967-139275528476480","trial_id":167,"param_name":"gy","param_value_internal":2,"distribution":"{\"name\": \"CategoricalDistribution\", \"attributes\": {\"choices\": [1, 2, 4, 8]}}"}
{"op_code":5,"worker_id":"a9a919f8-fdbd-4401-9bce-e556fa4aa967-139275528476480","trial_id":167,"param_name":"sub","param_value_internal":0,"distribution":"{\"name\": \"CategoricalDistribution\", \"attributes\": {\"choices\": [32, 64]}}"}
{"op_code":6,"worker_id":"a9a919f8-fdbd-4401-9bce-e556fa4aa967-139275528476480","trial_id":167,"state":2,"values":null,"datetime_complete":"2026-08-07T13:19:19.051648"}
{"op_code":4,"worker_id":"a9a919f8-fdbd-4401-9bce-e556fa4aa967-139275528476480","study_id":0,"datetime_start":"2026-08-07T13:19:19.053692"}
{"op_code":9,"worker_id":"a9a919f8-fdbd-4401-9bce-e556fa4aa967-139275528476480","trial_id":168,"system_attr":{"tpe:relative_params:0":"{\"gx\": 2, \"gy\": 1, \"k\": 64, \"m\": 64, \"n\": 128, \"sub\": 64}"}}
{"op_code":5,"worker_id":"a9a919f8-fdbd-4401-9bce-e556fa4aa967-139275528476480","trial_id":168,"param_name":"m","param_value_internal":2,"distribution":"{\"name\": \"CategoricalDistribution\", \"attributes\": {\"choices\": [16, 32, 64, 128, 256]}}"}
{"op_code":5,"worker_id":"a9a919f8-fdbd-4401-9bce-e556fa4aa967-139275528476480","trial_id":168,"param_name":"n","param_value_internal":3,"distribution":"{\"name\": \"CategoricalDistribution\", \"attributes\": {\"choices\": [16, 32, 64, 128, 256]}}"}
{"op_code":5,"worker_id":"a9a919f8-fdbd-4401-9bce-e556fa4aa967-139275528476480","trial_id":168,"param_name":"k","param_value_internal":2,"distribution":"{\"name\": \"CategoricalDistribution\", \"attributes\": {\"choices\": [16, 32, 64, 128]}}"}
{"op_code":5,"worker_id":"a9a919f8-fdbd-4401-9bce-e556fa4aa967-139275528476480","trial_id":168,"param_name":"gx","param_value_internal":1,"distribution":"{\"name\": \"CategoricalDistribution\", \"attributes\": {\"choices\": [1, 2, 4, 8]}}"}
{"op_code":5,"worker_id":"a9a919f8-fdbd-4401-9bce-e556fa4aa967-139275528476480","trial_id":168,"param_name":"gy","param_value_internal":0,"distribution":"{\"name\": \"CategoricalDistribution\", \"attributes\": {\"choices\": [1, 2, 4, 8]}}"}
{"op_code":5,"worker_id":"a9a919f8-fdbd-4401-9bce-e556fa4aa967-139275528476480","trial_id":168,"param_name":"sub","param_value_internal":1,"distribution":"{\"name\": \"CategoricalDistribution\", \"attributes\": {\"choices\": [32, 64]}}"}
{"op_code":8,"worker_id":"a9a919f8-fdbd-4401-9bce-e556fa4aa967-139275528476480","trial_id":168,"user_attr":{"token":"tsweep_dbuf4_t64x128k64g21s64"}}
{"op_code":4,"worker_id":"a9a919f8-fdbd-4401-9bce-e556fa4aa967-139275528476480","study_id":0,"datetime_start":"2026-08-07T13:19:19.074395"}
{"op_code":9,"worker_id":"a9a919f8-fdbd-4401-9bce-e556fa4aa967-139275528476480","trial_id":169,"system_attr":{"tpe:relative_params:0":"{\"gx\": 1, \"gy\": 1, \"k\": 32, \"m\": 16, \"n\": 64, \"sub\": 64}"}}
{"op_code":5,"worker_id":"a9a919f8-fdbd-4401-9bce-e556fa4aa967-139275528476480","trial_id":169,"param_name":"m","param_value_internal":0,"distribution":"{\"name\": \"CategoricalDistribution\", \"attributes\": {\"choices\": [16, 32, 64, 128, 256]}}"}
{"op_code":5,"worker_id":"a9a919f8-fdbd-4401-9bce-e556fa4aa967-139275528476480","trial_id":169,"param_name":"n","param_value_internal":2,"distribution":"{\"name\": \"CategoricalDistribution\", \"attributes\": {\"choices\": [16, 32, 64, 128, 256]}}"}
{"op_code":5,"worker_id":"a9a919f8-fdbd-4401-9bce-e556fa4aa967-139275528476480","trial_id":169,"param_name":"k","param_value_internal":1,"distribution":"{\"name\": \"CategoricalDistribution\", \"attributes\": {\"choices\": [16, 32, 64, 128]}}"}
{"op_code":5,"worker_id":"a9a919f8-fdbd-4401-9bce-e556fa4aa967-139275528476480","trial_id":169,"param_name":"gx","param_value_internal":0,"distribution":"{\"name\": \"CategoricalDistribution\", \"attributes\": {\"choices\": [1, 2, 4, 8]}}"}
{"op_code":5,"worker_id":"a9a919f8-fdbd-4401-9bce-e556fa4aa967-139275528476480","trial_id":169,"param_name":"gy","param_value_internal":0,"distribution":"{\"name\": \"CategoricalDistribution\", \"attributes\": {\"choices\": [1, 2, 4, 8]}}"}
{"op_code":5,"worker_id":"a9a919f8-fdbd-4401-9bce-e556fa4aa967-139275528476480","trial_id":169,"param_name":"sub","param_value_internal":1,"distribution":"{\"name\": \"CategoricalDistribution\", \"attributes\": {\"choices\": [32, 64]}}"}
{"op_code":6,"worker_id":"a9a919f8-fdbd-4401-9bce-e556fa4aa967-139275528476480","trial_id":169,"state":2,"values":null,"datetime_complete":"2026-08-07T13:19:19.097741"}
{"op_code":4,"worker_id":"a9a919f8-fdbd-4401-9bce-e556fa4aa967-139275528476480","study_id":0,"datetime_start":"2026-08-07T13:19:19.100408"}
{"op_code":9,"worker_id":"a9a919f8-fdbd-4401-9bce-e556fa4aa967-139275528476480","trial_id":170,"system_attr":{"tpe:relative_params:0":"{\"gx\": 2, \"gy\": 2, \"k\": 32, \"m\": 64, \"n\": 128, \"sub\": 64}"}}
{"op_code":5,"worker_id":"a9a919f8-fdbd-4401-9bce-e556fa4aa967-139275528476480","trial_id":170,"param_name":"m","param_value_internal":2,"distribution":"{\"name\": \"CategoricalDistribution\", \"attributes\": {\"choices\": [16, 32, 64, 128, 256]}}"}
{"op_code":5,"worker_id":"a9a919f8-fdbd-4401-9bce-e556fa4aa967-139275528476480","trial_id":170,"param_name":"n","param_value_internal":3,"distribution":"{\"name\": \"CategoricalDistribution\", \"attributes\": {\"choices\": [16, 32, 64, 128, 256]}}"}
{"op_code":5,"worker_id":"a9a919f8-fdbd-4401-9bce-e556fa4aa967-139275528476480","trial_id":170,"param_name":"k","param_value_internal":1,"distribution":"{\"name\": \"CategoricalDistribution\", \"attributes\": {\"choices\": [16, 32, 64, 128]}}"}
{"op_code":5,"worker_id":"a9a919f8-fdbd-4401-9bce-e556fa4aa967-139275528476480","trial_id":170,"param_name":"gx","param_value_internal":1,"distribution":"{\"name\": \"CategoricalDistribution\", \"attributes\": {\"choices\": [1, 2, 4, 8]}}"}
{"op_code":5,"worker_id":"a9a919f8-fdbd-4401-9bce-e556fa4aa967-139275528476480","trial_id":170,"param_name":"gy","param_value_internal":1,"distribution":"{\"name\": \"CategoricalDistribution\", \"attributes\": {\"choices\": [1, 2, 4, 8]}}"}
{"op_code":5,"worker_id":"a9a919f8-fdbd-4401-9bce-e556fa4aa967-139275528476480","trial_id":170,"param_name":"sub","param_value_internal":1,"distribution":"{\"name\": \"CategoricalDistribution\", \"attributes\": {\"choices\": [32, 64]}}"}
{"op_code":8,"worker_id":"a9a919f8-fdbd-4401-9bce-e556fa4aa967-139275528476480","trial_id":170,"user_attr":{"token":"tsweep_dbuf4_t64x128k32g22s64"}}
{"op_code":4,"worker_id":"a9a919f8-fdbd-4401-9bce-e556fa4aa967-139275528476480","study_id":0,"datetime_start":"2026-08-07T13:19:19.129979"}
{"op_code":9,"worker_id":"a9a919f8-fdbd-4401-9bce-e556fa4aa967-139275528476480","trial_id":171,"system_attr":{"tpe:relative_params:0":"{\"gx\": 8, \"gy\": 1, \"k\": 64, \"m\": 64, \"n\": 128, \"sub\": 32}"}}
{"op_code":5,"worker_id":"a9a919f8-fdbd-4401-9bce-e556fa4aa967-139275528476480","trial_id":171,"param_name":"m","param_value_internal":2,"distribution":"{\"name\": \"CategoricalDistribution\", \"attributes\": {\"choices\": [16, 32, 64, 128, 256]}}"}
{"op_code":5,"worker_id":"a9a919f8-fdbd-4401-9bce-e556fa4aa967-139275528476480","trial_id":171,"param_name":"n","param_value_internal":3,"distribution":"{\"name\": \"CategoricalDistribution\", \"attributes\": {\"choices\": [16, 32, 64, 128, 256]}}"}
{"op_code":5,"worker_id":"a9a919f8-fdbd-4401-9bce-e556fa4aa967-139275528476480","trial_id":171,"param_name":"k","param_value_internal":2,"distribution":"{\"name\": \"CategoricalDistribution\", \"attributes\": {\"choices\": [16, 32, 64, 128]}}"}
{"op_code":5,"worker_id":"a9a919f8-fdbd-4401-9bce-e556fa4aa967-139275528476480","trial_id":171,"param_name":"gx","param_value_internal":3,"distribution":"{\"name\": \"CategoricalDistribution\", \"attributes\": {\"choices\": [1, 2, 4, 8]}}"}
{"op_code":5,"worker_id":"a9a919f8-fdbd-4401-9bce-e556fa4aa967-139275528476480","trial_id":171,"param_name":"gy","param_value_internal":0,"distribution":"{\"name\": \"CategoricalDistribution\", \"attributes\": {\"choices\": [1, 2, 4, 8]}}"}
{"op_code":5,"worker_id":"a9a919f8-fdbd-4401-9bce-e556fa4aa967-139275528476480","trial_id":171,"param_name":"sub","param_value_internal":0,"distribution":"{\"name\": \"CategoricalDistribution\", \"attributes\": {\"choices\": [32, 64]}}"}
{"op_code":6,"worker_id":"a9a919f8-fdbd-4401-9bce-e556fa4aa967-139275528476480","trial_id":171,"state":2,"values":null,"datetime_complete":"2026-08-07T13:19:19.151485"}
{"op_code":4,"worker_id":"a9a919f8-fdbd-4401-9bce-e556fa4aa967-139275528476480","study_id":0,"datetime_start":"2026-08-07T13:19:19.153268"}
{"op_code":9,"worker_id":"a9a919f8-fdbd-4401-9bce-e556fa4aa967-139275528476480","trial_id":172,"system_attr":{"tpe:relative_params:0":"{\"gx\": 2, \"gy\": 2, \"k\": 128, \"m\": 128, \"n\": 64, \"sub\": 32}"}}
{"op_code":5,"worker_id":"a9a919f8-fdbd-4401-9bce-e556fa4aa967-139275528476480","trial_id":172,"param_name":"m","param_value_internal":3,"distribution":"{\"name\": \"CategoricalDistribution\", \"attributes\": {\"choices\": [16, 32, 64, 128, 256]}}"}
{"op_code":5,"worker_id":"a9a919f8-fdbd-4401-9bce-e556fa4aa967-139275528476480","trial_id":172,"param_name":"n","param_value_internal":2,"distribution":"{\"name\": \"CategoricalDistribution\", \"attributes\": {\"choices\": [16, 32, 64, 128, 256]}}"}
{"op_code":5,"worker_id":"a9a919f8-fdbd-4401-9bce-e556fa4aa967-139275528476480","trial_id":172,"param_name":"k","param_value_internal":3,"distribution":"{\"name\": \"CategoricalDistribution\", \"attributes\": {\"choices\": [16, 32, 64, 128]}}"}
{"op_code":5,"worker_id":"a9a919f8-fdbd-4401-9bce-e556fa4aa967-139275528476480","trial_id":172,"param_name":"gx","param_value_internal":1,"distribution":"{\"name\": \"CategoricalDistribution\", \"attributes\": {\"choices\": [1, 2, 4, 8]}}"}
{"op_code":5,"worker_id":"a9a919f8-fdbd-4401-9bce-e556fa4aa967-139275528476480","trial_id":172,"param_name":"gy","param_value_internal":1,"distribution":"{\"name\": \"CategoricalDistribution\", \"attributes\": {\"choices\": [1, 2, 4, 8]}}"}
{"op_code":5,"worker_id":"a9a919f8-fdbd-4401-9bce-e556fa4aa967-139275528476480","trial_id":172,"param_name":"sub","param_value_internal":0,"distribution":"{\"name\": \"CategoricalDistribution\", \"attributes\": {\"choices\": [32, 64]}}"}
{"op_code":6,"worker_id":"a9a919f8-fdbd-4401-9bce-e556fa4aa967-139275528476480","trial_id":172,"state":2,"values":null,"datetime_complete":"2026-08-07T13:19:19.174072"}
{"op_code":4,"worker_id":"a9a919f8-fdbd-4401-9bce-e556fa4aa967-139275528476480","study_id":0,"datetime_start":"2026-08-07T13:19:19.176108"}
{"op_code":9,"worker_id":"a9a919f8-fdbd-4401-9bce-e556fa4aa967-139275528476480","trial_id":173,"system_attr":{"tpe:relative_params:0":"{\"gx\": 2, \"gy\": 2, \"k\": 16, \"m\": 128, \"n\": 64, \"sub\": 64}"}}
{"op_code":5,"worker_id":"a9a919f8-fdbd-4401-9bce-e556fa4aa967-139275528476480","trial_id":173,"param_name":"m","param_value_internal":3,"distribution":"{\"name\": \"CategoricalDistribution\", \"attributes\": {\"choices\": [16, 32, 64, 128, 256]}}"}
{"op_code":5,"worker_id":"a9a919f8-fdbd-4401-9bce-e556fa4aa967-139275528476480","trial_id":173,"param_name":"n","param_value_internal":2,"distribution":"{\"name\": \"CategoricalDistribution\", \"attributes\": {\"choices\": [16, 32, 64, 128, 256]}}"}
{"op_code":5,"worker_id":"a9a919f8-fdbd-4401-9bce-e556fa4aa967-139275528476480","trial_id":173,"param_name":"k","param_value_internal":0,"distribution":"{\"name\": \"CategoricalDistribution\", \"attributes\": {\"choices\": [16, 32, 64, 128]}}"}
{"op_code":5,"worker_id":"a9a919f8-fdbd-4401-9bce-e556fa4aa967-139275528476480","trial_id":173,"param_name":"gx","param_value_internal":1,"distribution":"{\"name\": \"CategoricalDistribution\", \"attributes\": {\"choices\": [1, 2, 4, 8]}}"}
{"op_code":5,"worker_id":"a9a919f8-fdbd-4401-9bce-e556fa4aa967-139275528476480","trial_id":173,"param_name":"gy","param_value_internal":1,"distribution":"{\"name\": \"CategoricalDistribution\", \"attributes\": {\"choices\": [1, 2, 4, 8]}}"}
{"op_code":5,"worker_id":"a9a919f8-fdbd-4401-9bce-e556fa4aa967-139275528476480","trial_id":173,"param_name":"sub","param_value_internal":1,"distribution":"{\"name\": \"CategoricalDistribution\", \"attributes\": {\"choices\": [32, 64]}}"}
{"op_code":6,"worker_id":"a9a919f8-fdbd-4401-9bce-e556fa4aa967-139275528476480","trial_id":173,"state":2,"values":null,"datetime_complete":"2026-08-07T13:19:19.199395"}
{"op_code":4,"worker_id":"a9a919f8-fdbd-4401-9bce-e556fa4aa967-139275528476480","study_id":0,"datetime_start":"2026-08-07T13:19:19.201490"}
{"op_code":9,"worker_id":"a9a919f8-fdbd-4401-9bce-e556fa4aa967-139275528476480","trial_id":174,"system_attr":{"tpe:relative_params:0":"{\"gx\": 2, \"gy\": 2, \"k\": 16, \"m\": 128, \"n\": 64, \"sub\": 32}"}}
{"op_code":5,"worker_id":"a9a919f8-fdbd-4401-9bce-e556fa4aa967-139275528476480","trial_id":174,"param_name":"m","param_value_internal":3,"distribution":"{\"name\": \"CategoricalDistribution\", \"attributes\": {\"choices\": [16, 32, 64, 128, 256]}}"}
{"op_code":5,"worker_id":"a9a919f8-fdbd-4401-9bce-e556fa4aa967-139275528476480","trial_id":174,"param_name":"n","param_value_internal":2,"distribution":"{\"name\": \"CategoricalDistribution\", \"attributes\": {\"choices\": [16, 32, 64, 128, 256]}}"}
{"op_code":5,"worker_id":"a9a919f8-fdbd-4401-9bce-e556fa4aa967-139275528476480","trial_id":174,"param_name":"k","param_value_internal":0,"distribution":"{\"name\": \"CategoricalDistribution\", \"attributes\": {\"choices\": [16, 32, 64, 128]}}"}
{"op_code":5,"worker_id":"a9a919f8-fdbd-4401-9bce-e556fa4aa967-139275528476480","trial_id":174,"param_name":"gx","param_value_internal":1,"distribution":"{\"name\": \"CategoricalDistribution\", \"attributes\": {\"choices\": [1, 2, 4, 8]}}"}
{"op_code":5,"worker_id":"a9a919f8-fdbd-4401-9bce-e556fa4aa967-139275528476480","trial_id":174,"param_name":"gy","param_value_internal":1,"distribution":"{\"name\": \"CategoricalDistribution\", \"attributes\": {\"choices\": [1, 2, 4, 8]}}"}
{"op_code":5,"worker_id":"a9a919f8-fdbd-4401-9bce-e556fa4aa967-139275528476480","trial_id":174,"param_name":"sub","param_value_internal":0,"distribution":"{\"name\": \"CategoricalDistribution\", \"attributes\": {\"choices\": [32, 64]}}"}
{"op_code":6,"worker_id":"a9a919f8-fdbd-4401-9bce-e556fa4aa967-139275528476480","trial_id":174,"state":2,"values":null,"datetime_complete":"2026-08-07T13:19:19.223765"}
{"op_code":4,"worker_id":"a9a919f8-fdbd-4401-9bce-e556fa4aa967-139275528476480","study_id":0,"datetime_start":"2026-08-07T13:19:19.225638"}
{"op_code":9,"worker_id":"a9a919f8-fdbd-4401-9bce-e556fa4aa967-139275528476480","trial_id":175,"system_attr":{"tpe:relative_params:0":"{\"gx\": 2, \"gy\": 1, \"k\": 16, \"m\": 128, \"n\": 128, \"sub\": 32}"}}
{"op_code":5,"worker_id":"a9a919f8-fdbd-4401-9bce-e556fa4aa967-139275528476480","trial_id":175,"param_name":"m","param_value_internal":3,"distribution":"{\"name\": \"CategoricalDistribution\", \"attributes\": {\"choices\": [16, 32, 64, 128, 256]}}"}
{"op_code":5,"worker_id":"a9a919f8-fdbd-4401-9bce-e556fa4aa967-139275528476480","trial_id":175,"param_name":"n","param_value_internal":3,"distribution":"{\"name\": \"CategoricalDistribution\", \"attributes\": {\"choices\": [16, 32, 64, 128, 256]}}"}
{"op_code":5,"worker_id":"a9a919f8-fdbd-4401-9bce-e556fa4aa967-139275528476480","trial_id":175,"param_name":"k","param_value_internal":0,"distribution":"{\"name\": \"CategoricalDistribution\", \"attributes\": {\"choices\": [16, 32, 64, 128]}}"}
{"op_code":5,"worker_id":"a9a919f8-fdbd-4401-9bce-e556fa4aa967-139275528476480","trial_id":175,"param_name":"gx","param_value_internal":1,"distribution":"{\"name\": \"CategoricalDistribution\", \"attributes\": {\"choices\": [1, 2, 4, 8]}}"}
{"op_code":5,"worker_id":"a9a919f8-fdbd-4401-9bce-e556fa4aa967-139275528476480","trial_id":175,"param_name":"gy","param_value_internal":0,"distribution":"{\"name\": \"CategoricalDistribution\", \"attributes\": {\"choices\": [1, 2, 4, 8]}}"}
{"op_code":5,"worker_id":"a9a919f8-fdbd-4401-9bce-e556fa4aa967-139275528476480","trial_id":175,"param_name":"sub","param_value_internal":0,"distribution":"{\"name\": \"CategoricalDistribution\", \"attributes\": {\"choices\": [32, 64]}}"}
{"op_code":6,"worker_id":"a9a919f8-fdbd-4401-9bce-e556fa4aa967-139275528476480","trial_id":175,"state":2,"values":null,"datetime_complete":"2026-08-07T13:19:19.247793"}
{"op_code":4,"worker_id":"a9a919f8-fdbd-4401-9bce-e556fa4aa967-139275528476480","study_id":0,"datetime_start":"2026-08-07T13:19:19.249906"}
{"op_code":9,"worker_id":"a9a919f8-fdbd-4401-9bce-e556fa4aa967-139275528476480","trial_id":176,"system_attr":{"tpe:relative_params:0":"{\"gx\": 2, \"gy\": 2, \"k\": 64, \"m\": 32, \"n\": 128, \"sub\": 64}"}}
{"op_code":5,"worker_id":"a9a919f8-fdbd-4401-9bce-e556fa4aa967-139275528476480","trial_id":176,"param_name":"m","param_value_internal":1,"distribution":"{\"name\": \"CategoricalDistribution\", \"attributes\": {\"choices\": [16, 32, 64, 128, 256]}}"}
{"op_code":5,"worker_id":"a9a919f8-fdbd-4401-9bce-e556fa4aa967-139275528476480","trial_id":176,"param_name":"n","param_value_internal":3,"distribution":"{\"name\": \"CategoricalDistribution\", \"attributes\": {\"choices\": [16, 32, 64, 128, 256]}}"}
{"op_code":5,"worker_id":"a9a919f8-fdbd-4401-9bce-e556fa4aa967-139275528476480","trial_id":176,"param_name":"k","param_value_internal":2,"distribution":"{\"name\": \"CategoricalDistribution\", \"attributes\": {\"choices\": [16, 32, 64, 128]}}"}
{"op_code":5,"worker_id":"a9a919f8-fdbd-4401-9bce-e556fa4aa967-139275528476480","trial_id":176,"param_name":"gx","param_value_internal":1,"distribution":"{\"name\": \"CategoricalDistribution\", \"attributes\": {\"choices\": [1, 2, 4, 8]}}"}
{"op_code":5,"worker_id":"a9a919f8-fdbd-4401-9bce-e556fa4aa967-139275528476480","trial_id":176,"param_name":"gy","param_value_internal":1,"distribution":"{\"name\": \"CategoricalDistribution\", \"attributes\": {\"choices\": [1, 2, 4, 8]}}"}
{"op_code":5,"worker_id":"a9a919f8-fdbd-4401-9bce-e556fa4aa967-139275528476480","trial_id":176,"param_name":"sub","param_value_internal":1,"distribution":"{\"name\": \"CategoricalDistribution\", \"attributes\": {\"choices\": [32, 64]}}"}
{"op_code":8,"worker_id":"a9a919f8-fdbd-4401-9bce-e556fa4aa967-139275528476480","trial_id":176,"user_attr":{"token":"tsweep_dbuf4_t32x128k64g22s64"}}
{"op_code":4,"worker_id":"a9a919f8-fdbd-4401-9bce-e556fa4aa967-139275528476480","study_id":0,"datetime_start":"2026-08-07T13:19:19.274910"}
{"op_code":9,"worker_id":"a9a919f8-fdbd-4401-9bce-e556fa4aa967-139275528476480","trial_id":177,"system_attr":{"tpe:relative_params:0":"{\"gx\": 2, \"gy\": 2, \"k\": 64, \"m\": 64, \"n\": 16, \"sub\": 64}"}}
{"op_code":5,"worker_id":"a9a919f8-fdbd-4401-9bce-e556fa4aa967-139275528476480","trial_id":177,"param_name":"m","param_value_internal":2,"distribution":"{\"name\": \"CategoricalDistribution\", \"attributes\": {\"choices\": [16, 32, 64, 128, 256]}}"}
{"op_code":5,"worker_id":"a9a919f8-fdbd-4401-9bce-e556fa4aa967-139275528476480","trial_id":177,"param_name":"n","param_value_internal":0,"distribution":"{\"name\": \"CategoricalDistribution\", \"attributes\": {\"choices\": [16, 32, 64, 128, 256]}}"}
{"op_code":5,"worker_id":"a9a919f8-fdbd-4401-9bce-e556fa4aa967-139275528476480","trial_id":177,"param_name":"k","param_value_internal":2,"distribution":"{\"name\": \"CategoricalDistribution\", \"attributes\": {\"choices\": [16, 32, 64, 128]}}"}
{"op_code":5,"worker_id":"a9a919f8-fdbd-4401-9bce-e556fa4aa967-139275528476480","trial_id":177,"param_name":"gx","param_value_internal":1,"distribution":"{\"name\": \"CategoricalDistribution\", \"attributes\": {\"choices\": [1, 2, 4, 8]}}"}
{"op_code":5,"worker_id":"a9a919f8-fdbd-4401-9bce-e556fa4aa967-139275528476480","trial_id":177,"param_name":"gy","param_value_internal":1,"distribution":"{\"name\": \"CategoricalDistribution\", \"attributes\": {\"choices\": [1, 2, 4, 8]}}"}
{"op_code":5,"worker_id":"a9a919f8-fdbd-4401-9bce-e556fa4aa967-139275528476480","trial_id":177,"param_name":"sub","param_value_internal":1,"distribution":"{\"name\": \"CategoricalDistribution\", \"attributes\": {\"choices\": [32, 64]}}"}
{"op_code":6,"worker_id":"a9a919f8-fdbd-4401-9bce-e556fa4aa967-139275528476480","trial_id":177,"state":2,"values":null,"datetime_complete":"2026-08-07T13:19:19.296560"}
{"op_code":4,"worker_id":"a9a919f8-fdbd-4401-9bce-e556fa4aa967-139275528476480","study_id":0,"datetime_start":"2026-08-07T13:19:19.298728"}
{"op_code":9,"worker_id":"a9a919f8-fdbd-4401-9bce-e556fa4aa967-139275528476480","trial_id":178,"system_attr":{"tpe:relative_params:0":"{\"gx\": 2, \"gy\": 2, \"k\": 16, \"m\": 32, \"n\": 128, \"sub\": 32}"}}
{"op_code":5,"worker_id":"a9a919f8-fdbd-4401-9bce-e556fa4aa967-139275528476480","trial_id":178,"param_name":"m","param_value_internal":1,"distribution":"{\"name\": \"CategoricalDistribution\", \"attributes\": {\"choices\": [16, 32, 64, 128, 256]}}"}
{"op_code":5,"worker_id":"a9a919f8-fdbd-4401-9bce-e556fa4aa967-139275528476480","trial_id":178,"param_name":"n","param_value_internal":3,"distribution":"{\"name\": \"CategoricalDistribution\", \"attributes\": {\"choices\": [16, 32, 64, 128, 256]}}"}
{"op_code":5,"worker_id":"a9a919f8-fdbd-4401-9bce-e556fa4aa967-139275528476480","trial_id":178,"param_name":"k","param_value_internal":0,"distribution":"{\"name\": \"CategoricalDistribution\", \"attributes\": {\"choices\": [16, 32, 64, 128]}}"}
{"op_code":5,"worker_id":"a9a919f8-fdbd-4401-9bce-e556fa4aa967-139275528476480","trial_id":178,"param_name":"gx","param_value_internal":1,"distribution":"{\"name\": \"CategoricalDistribution\", \"attributes\": {\"choices\": [1, 2, 4, 8]}}"}
{"op_code":5,"worker_id":"a9a919f8-fdbd-4401-9bce-e556fa4aa967-139275528476480","trial_id":178,"param_name":"gy","param_value_internal":1,"distribution":"{\"name\": \"CategoricalDistribution\", \"attributes\": {\"choices\": [1, 2, 4, 8]}}"}
{"op_code":5,"worker_id":"a9a919f8-fdbd-4401-9bce-e556fa4aa967-139275528476480","trial_id":178,"param_name":"sub","param_value_internal":0,"distribution":"{\"name\": \"CategoricalDistribution\", \"attributes\": {\"choices\": [32, 64]}}"}
{"op_code":6,"worker_id":"a9a919f8-fdbd-4401-9bce-e556fa4aa967-139275528476480","trial_id":178,"state":2,"values":null,"datetime_complete":"2026-08-07T13:19:19.322022"}
{"op_code":4,"worker_id":"a9a919f8-fdbd-4401-9bce-e556fa4aa967-139275528476480","study_id":0,"datetime_start":"2026-08-07T13:19:19.324440"}
{"op_code":9,"worker_id":"a9a919f8-fdbd-4401-9bce-e556fa4aa967-139275528476480","trial_id":179,"system_attr":{"tpe:relative_params:0":"{\"gx\": 2, \"gy\": 1, \"k\": 64, \"m\": 64, \"n\": 32, \"sub\": 64}"}}
{"op_code":5,"worker_id":"a9a919f8-fdbd-4401-9bce-e556fa4aa967-139275528476480","trial_id":179,"param_name":"m","param_value_internal":2,"distribution":"{\"name\": \"CategoricalDistribution\", \"attributes\": {\"choices\": [16, 32, 64, 128, 256]}}"}
{"op_code":5,"worker_id":"a9a919f8-fdbd-4401-9bce-e556fa4aa967-139275528476480","trial_id":179,"param_name":"n","param_value_internal":1,"distribution":"{\"name\": \"CategoricalDistribution\", \"attributes\": {\"choices\": [16, 32, 64, 128, 256]}}"}
{"op_code":5,"worker_id":"a9a919f8-fdbd-4401-9bce-e556fa4aa967-139275528476480","trial_id":179,"param_name":"k","param_value_internal":2,"distribution":"{\"name\": \"CategoricalDistribution\", \"attributes\": {\"choices\": [16, 32, 64, 128]}}"}
{"op_code":5,"worker_id":"a9a919f8-fdbd-4401-9bce-e556fa4aa967-139275528476480","trial_id":179,"param_name":"gx","param_value_internal":1,"distribution":"{\"name\": \"CategoricalDistribution\", \"attributes\": {\"choices\": [1, 2, 4, 8]}}"}
{"op_code":5,"worker_id":"a9a919f8-fdbd-4401-9bce-e556fa4aa967-139275528476480","trial_id":179,"param_name":"gy","param_value_internal":0,"distribution":"{\"name\": \"CategoricalDistribution\", \"attributes\": {\"choices\": [1, 2, 4, 8]}}"}
{"op_code":5,"worker_id":"a9a919f8-fdbd-4401-9bce-e556fa4aa967-139275528476480","trial_id":179,"param_name":"sub","param_value_internal":1,"distribution":"{\"name\": \"CategoricalDistribution\", \"attributes\": {\"choices\": [32, 64]}}"}
{"op_code":6,"worker_id":"a9a919f8-fdbd-4401-9bce-e556fa4aa967-139275528476480","trial_id":179,"state":2,"values":null,"datetime_complete":"2026-08-07T13:19:19.346332"}
{"op_code":4,"worker_id":"a9a919f8-fdbd-4401-9bce-e556fa4aa967-139275528476480","study_id":0,"datetime_start":"2026-08-07T13:19:19.348300"}
{"op_code":9,"worker_id":"a9a919f8-fdbd-4401-9bce-e556fa4aa967-139275528476480","trial_id":180,"system_attr":{"tpe:relative_params:0":"{\"gx\": 8, \"gy\": 2, \"k\": 64, \"m\": 64, \"n\": 128, \"sub\": 64}"}}
{"op_code":5,"worker_id":"a9a919f8-fdbd-4401-9bce-e556fa4aa967-139275528476480","trial_id":180,"param_name":"m","param_value_internal":2,"distribution":"{\"name\": \"CategoricalDistribution\", \"attributes\": {\"choices\": [16, 32, 64, 128, 256]}}"}
{"op_code":5,"worker_id":"a9a919f8-fdbd-4401-9bce-e556fa4aa967-139275528476480","trial_id":180,"param_name":"n","param_value_internal":3,"distribution":"{\"name\": \"CategoricalDistribution\", \"attributes\": {\"choices\": [16, 32, 64, 128, 256]}}"}
{"op_code":5,"worker_id":"a9a919f8-fdbd-4401-9bce-e556fa4aa967-139275528476480","trial_id":180,"param_name":"k","param_value_internal":2,"distribution":"{\"name\": \"CategoricalDistribution\", \"attributes\": {\"choices\": [16, 32, 64, 128]}}"}
{"op_code":5,"worker_id":"a9a919f8-fdbd-4401-9bce-e556fa4aa967-139275528476480","trial_id":180,"param_name":"gx","param_value_internal":3,"distribution":"{\"name\": \"CategoricalDistribution\", \"attributes\": {\"choices\": [1, 2, 4, 8]}}"}
{"op_code":5,"worker_id":"a9a919f8-fdbd-4401-9bce-e556fa4aa967-139275528476480","trial_id":180,"param_name":"gy","param_value_internal":1,"distribution":"{\"name\": \"CategoricalDistribution\", \"attributes\": {\"choices\": [1, 2, 4, 8]}}"}
{"op_code":5,"worker_id":"a9a919f8-fdbd-4401-9bce-e556fa4aa967-139275528476480","trial_id":180,"param_name":"sub","param_value_internal":1,"distribution":"{\"name\": \"CategoricalDistribution\", \"attributes\": {\"choices\": [32, 64]}}"}
{"op_code":6,"worker_id":"a9a919f8-fdbd-4401-9bce-e556fa4aa967-139275528476480","trial_id":180,"state":2,"values":null,"datetime_complete":"2026-08-07T13:19:19.370581"}
{"op_code":4,"worker_id":"a9a919f8-fdbd-4401-9bce-e556fa4aa967-139275528476480","study_id":0,"datetime_start":"2026-08-07T13:19:19.372736"}
{"op_code":9,"worker_id":"a9a919f8-fdbd-4401-9bce-e556fa4aa967-139275528476480","trial_id":181,"system_attr":{"tpe:relative_params:0":"{\"gx\": 2, \"gy\": 2, \"k\": 64, \"m\": 64, \"n\": 128, \"sub\": 64}"}}
{"op_code":5,"worker_id":"a9a919f8-fdbd-4401-9bce-e556fa4aa967-139275528476480","trial_id":181,"param_name":"m","param_value_internal":2,"distribution":"{\"name\": \"CategoricalDistribution\", \"attributes\": {\"choices\": [16, 32, 64, 128, 256]}}"}
{"op_code":5,"worker_id":"a9a919f8-fdbd-4401-9bce-e556fa4aa967-139275528476480","trial_id":181,"param_name":"n","param_value_internal":3,"distribution":"{\"name\": \"CategoricalDistribution\", \"attributes\": {\"choices\": [16, 32, 64, 128, 256]}}"}
{"op_code":5,"worker_id":"a9a919f8-fdbd-4401-9bce-e556fa4aa967-139275528476480","trial_id":181,"param_name":"k","param_value_internal":2,"distribution":"{\"name\": \"CategoricalDistribution\", \"attributes\": {\"choices\": [16, 32, 64, 128]}}"}
{"op_code":5,"worker_id":"a9a919f8-fdbd-4401-9bce-e556fa4aa967-139275528476480","trial_id":181,"param_name":"gx","param_value_internal":1,"distribution":"{\"name\": \"CategoricalDistribution\", \"attributes\": {\"choices\": [1, 2, 4, 8]}}"}
{"op_code":5,"worker_id":"a9a919f8-fdbd-4401-9bce-e556fa4aa967-139275528476480","trial_id":181,"param_name":"gy","param_value_internal":1,"distribution":"{\"name\": \"CategoricalDistribution\", \"attributes\": {\"choices\": [1, 2, 4, 8]}}"}
{"op_code":5,"worker_id":"a9a919f8-fdbd-4401-9bce-e556fa4aa967-139275528476480","trial_id":181,"param_name":"sub","param_value_internal":1,"distribution":"{\"name\": \"CategoricalDistribution\", \"attributes\": {\"choices\": [32, 64]}}"}
{"op_code":6,"worker_id":"a9a919f8-fdbd-4401-9bce-e556fa4aa967-139275528476480","trial_id":181,"state":2,"values":null,"datetime_complete":"2026-08-07T13:19:19.394562"}
{"op_code":4,"worker_id":"a9a919f8-fdbd-4401-9bce-e556fa4aa967-139275528476480","study_id":0,"datetime_start":"2026-08-07T13:19:19.396479"}
{"op_code":9,"worker_id":"a9a919f8-fdbd-4401-9bce-e556fa4aa967-139275528476480","trial_id":182,"system_attr":{"tpe:relative_params:0":"{\"gx\": 4, \"gy\": 1, \"k\": 64, \"m\": 32, \"n\": 256, \"sub\": 64}"}}
{"op_code":5,"worker_id":"a9a919f8-fdbd-4401-9bce-e556fa4aa967-139275528476480","trial_id":182,"param_name":"m","param_value_internal":1,"distribution":"{\"name\": \"CategoricalDistribution\", \"attributes\": {\"choices\": [16, 32, 64, 128, 256]}}"}
{"op_code":5,"worker_id":"a9a919f8-fdbd-4401-9bce-e556fa4aa967-139275528476480","trial_id":182,"param_name":"n","param_value_internal":4,"distribution":"{\"name\": \"CategoricalDistribution\", \"attributes\": {\"choices\": [16, 32, 64, 128, 256]}}"}
{"op_code":5,"worker_id":"a9a919f8-fdbd-4401-9bce-e556fa4aa967-139275528476480","trial_id":182,"param_name":"k","param_value_internal":2,"distribution":"{\"name\": \"CategoricalDistribution\", \"attributes\": {\"choices\": [16, 32, 64, 128]}}"}
{"op_code":5,"worker_id":"a9a919f8-fdbd-4401-9bce-e556fa4aa967-139275528476480","trial_id":182,"param_name":"gx","param_value_internal":2,"distribution":"{\"name\": \"CategoricalDistribution\", \"attributes\": {\"choices\": [1, 2, 4, 8]}}"}
{"op_code":5,"worker_id":"a9a919f8-fdbd-4401-9bce-e556fa4aa967-139275528476480","trial_id":182,"param_name":"gy","param_value_internal":0,"distribution":"{\"name\": \"CategoricalDistribution\", \"attributes\": {\"choices\": [1, 2, 4, 8]}}"}
{"op_code":5,"worker_id":"a9a919f8-fdbd-4401-9bce-e556fa4aa967-139275528476480","trial_id":182,"param_name":"sub","param_value_internal":1,"distribution":"{\"name\": \"CategoricalDistribution\", \"attributes\": {\"choices\": [32, 64]}}"}
{"op_code":6,"worker_id":"a9a919f8-fdbd-4401-9bce-e556fa4aa967-139275528476480","trial_id":182,"state":2,"values":null,"datetime_complete":"2026-08-07T13:19:19.418003"}
{"op_code":4,"worker_id":"a9a919f8-fdbd-4401-9bce-e556fa4aa967-139275528476480","study_id":0,"datetime_start":"2026-08-07T13:19:19.419944"}
{"op_code":9,"worker_id":"a9a919f8-fdbd-4401-9bce-e556fa4aa967-139275528476480","trial_id":183,"system_attr":{"tpe:relative_params:0":"{\"gx\": 1, \"gy\": 4, \"k\": 16, \"m\": 128, \"n\": 128, \"sub\": 32}"}}
{"op_code":5,"worker_id":"a9a919f8-fdbd-4401-9bce-e556fa4aa967-139275528476480","trial_id":183,"param_name":"m","param_value_internal":3,"distribution":"{\"name\": \"CategoricalDistribution\", \"attributes\": {\"choices\": [16, 32, 64, 128, 256]}}"}
{"op_code":5,"worker_id":"a9a919f8-fdbd-4401-9bce-e556fa4aa967-139275528476480","trial_id":183,"param_name":"n","param_value_internal":3,"distribution":"{\"name\": \"CategoricalDistribution\", \"attributes\": {\"choices\": [16, 32, 64, 128, 256]}}"}
{"op_code":5,"worker_id":"a9a919f8-fdbd-4401-9bce-e556fa4aa967-139275528476480","trial_id":183,"param_name":"k","param_value_internal":0,"distribution":"{\"name\": \"CategoricalDistribution\", \"attributes\": {\"choices\": [16, 32, 64, 128]}}"}
{"op_code":5,"worker_id":"a9a919f8-fdbd-4401-9bce-e556fa4aa967-139275528476480","trial_id":183,"param_name":"gx","param_value_internal":0,"distribution":"{\"name\": \"CategoricalDistribution\", \"attributes\": {\"choices\": [1, 2, 4, 8]}}"}
{"op_code":5,"worker_id":"a9a919f8-fdbd-4401-9bce-e556fa4aa967-139275528476480","trial_id":183,"param_name":"gy","param_value_internal":2,"distribution":"{\"name\": \"CategoricalDistribution\", \"attributes\": {\"choices\": [1, 2, 4, 8]}}"}
{"op_code":5,"worker_id":"a9a919f8-fdbd-4401-9bce-e556fa4aa967-139275528476480","trial_id":183,"param_name":"sub","param_value_internal":0,"distribution":"{\"name\": \"CategoricalDistribution\", \"attributes\": {\"choices\": [32, 64]}}"}
{"op_code":8,"worker_id":"a9a919f8-fdbd-4401-9bce-e556fa4aa967-139275528476480","trial_id":183,"user_attr":{"token":"tsweep_dbuf4_t128x128k16g14s32"}}
{"op_code":4,"worker_id":"a9a919f8-fdbd-4401-9bce-e556fa4aa967-139275528476480","study_id":0,"datetime_start":"2026-08-07T13:19:19.440930"}
{"op_code":9,"worker_id":"a9a919f8-fdbd-4401-9bce-e556fa4aa967-139275528476480","trial_id":184,"system_attr":{"tpe:relative_params:0":"{\"gx\": 1, \"gy\": 2, \"k\": 16, \"m\": 128, \"n\": 64, \"sub\": 32}"}}
{"op_code":5,"worker_id":"a9a919f8-fdbd-4401-9bce-e556fa4aa967-139275528476480","trial_id":184,"param_name":"m","param_value_internal":3,"distribution":"{\"name\": \"CategoricalDistribution\", \"attributes\": {\"choices\": [16, 32, 64, 128, 256]}}"}
{"op_code":5,"worker_id":"a9a919f8-fdbd-4401-9bce-e556fa4aa967-139275528476480","trial_id":184,"param_name":"n","param_value_internal":2,"distribution":"{\"name\": \"CategoricalDistribution\", \"attributes\": {\"choices\": [16, 32, 64, 128, 256]}}"}
{"op_code":5,"worker_id":"a9a919f8-fdbd-4401-9bce-e556fa4aa967-139275528476480","trial_id":184,"param_name":"k","param_value_internal":0,"distribution":"{\"name\": \"CategoricalDistribution\", \"attributes\": {\"choices\": [16, 32, 64, 128]}}"}
{"op_code":5,"worker_id":"a9a919f8-fdbd-4401-9bce-e556fa4aa967-139275528476480","trial_id":184,"param_name":"gx","param_value_internal":0,"distribution":"{\"name\": \"CategoricalDistribution\", \"attributes\": {\"choices\": [1, 2, 4, 8]}}"}
{"op_code":5,"worker_id":"a9a919f8-fdbd-4401-9bce-e556fa4aa967-139275528476480","trial_id":184,"param_name":"gy","param_value_internal":1,"distribution":"{\"name\": \"CategoricalDistribution\", \"attributes\": {\"choices\": [1, 2, 4, 8]}}"}
{"op_code":5,"worker_id":"a9a919f8-fdbd-4401-9bce-e556fa4aa967-139275528476480","trial_id":184,"param_name":"sub","param_value_internal":0,"distribution":"{\"name\": \"CategoricalDistribution\", \"attributes\": {\"choices\": [32, 64]}}"}
{"op_code":8,"worker_id":"a9a919f8-fdbd-4401-9bce-e556fa4aa967-139275528476480","trial_id":184,"user_attr":{"token":"tsweep_dbuf4_t128x64k16g12s32"}}
{"op_code":4,"worker_id":"a9a919f8-fdbd-4401-9bce-e556fa4aa967-139275528476480","study_id":0,"datetime_start":"2026-08-07T13:19:19.464063"}
{"op_code":9,"worker_id":"a9a919f8-fdbd-4401-9bce-e556fa4aa967-139275528476480","trial_id":185,"system_attr":{"tpe:relative_params:0":"{\"gx\": 2, \"gy\": 1, \"k\": 16, \"m\": 64, \"n\": 128, \"sub\": 32}"}}
{"op_code":5,"worker_id":"a9a919f8-fdbd-4401-9bce-e556fa4aa967-139275528476480","trial_id":185,"param_name":"m","param_value_internal":2,"distribution":"{\"name\": \"CategoricalDistribution\", \"attributes\": {\"choices\": [16, 32, 64, 128, 256]}}"}
{"op_code":5,"worker_id":"a9a919f8-fdbd-4401-9bce-e556fa4aa967-139275528476480","trial_id":185,"param_name":"n","param_value_internal":3,"distribution":"{\"name\": \"CategoricalDistribution\", \"attributes\": {\"choices\": [16, 32, 64, 128, 256]}}"}
{"op_code":5,"worker_id":"a9a919f8-fdbd-4401-9bce-e556fa4aa967-139275528476480","trial_id":185,"param_name":"k","param_value_internal":0,"distribution":"{\"name\": \"CategoricalDistribution\", \"attributes\": {\"choices\": [16, 32, 64, 128]}}"}
{"op_code":5,"worker_id":"a9a919f8-fdbd-4401-9bce-e556fa4aa967-139275528476480","trial_id":185,"param_name":"gx","param_value_internal":1,"distribution":"{\"name\": \"CategoricalDistribution\", \"attributes\": {\"choices\": [1, 2, 4, 8]}}"}
{"op_code":5,"worker_id":"a9a919f8-fdbd-4401-9bce-e556fa4aa967-139275528476480","trial_id":185,"param_name":"gy","param_value_internal":0,"distribution":"{\"name\": \"CategoricalDistribution\", \"attributes\": {\"choices\": [1, 2, 4, 8]}}"}
{"op_code":5,"worker_id":"a9a919f8-fdbd-4401-9bce-e556fa4aa967-139275528476480","trial_id":185,"param_name":"sub","param_value_internal":0,"distribution":"{\"name\": \"CategoricalDistribution\", \"attributes\": {\"choices\": [32, 64]}}"}
{"op_code":8,"worker_id":"a9a919f8-fdbd-4401-9bce-e556fa4aa967-139275528476480","trial_id":185,"user_attr":{"token":"tsweep_dbuf4_t64x128k16g21s32"}}
{"op_code":4,"worker_id":"a9a919f8-fdbd-4401-9bce-e556fa4aa967-139275528476480","study_id":0,"datetime_start":"2026-08-07T13:19:19.484426"}
{"op_code":9,"worker_id":"a9a919f8-fdbd-4401-9bce-e556fa4aa967-139275528476480","trial_id":186,"system_attr":{"tpe:relative_params:0":"{\"gx\": 2, \"gy\": 4, \"k\": 32, \"m\": 128, \"n\": 64, \"sub\": 32}"}}
{"op_code":5,"worker_id":"a9a919f8-fdbd-4401-9bce-e556fa4aa967-139275528476480","trial_id":186,"param_name":"m","param_value_internal":3,"distribution":"{\"name\": \"CategoricalDistribution\", \"attributes\": {\"choices\": [16, 32, 64, 128, 256]}}"}
{"op_code":5,"worker_id":"a9a919f8-fdbd-4401-9bce-e556fa4aa967-139275528476480","trial_id":186,"param_name":"n","param_value_internal":2,"distribution":"{\"name\": \"CategoricalDistribution\", \"attributes\": {\"choices\": [16, 32, 64, 128, 256]}}"}
{"op_code":5,"worker_id":"a9a919f8-fdbd-4401-9bce-e556fa4aa967-139275528476480","trial_id":186,"param_name":"k","param_value_internal":1,"distribution":"{\"name\": \"CategoricalDistribution\", \"attributes\": {\"choices\": [16, 32, 64, 128]}}"}
{"op_code":5,"worker_id":"a9a919f8-fdbd-4401-9bce-e556fa4aa967-139275528476480","trial_id":186,"param_name":"gx","param_value_internal":1,"distribution":"{\"name\": \"CategoricalDistribution\", \"attributes\": {\"choices\": [1, 2, 4, 8]}}"}
{"op_code":5,"worker_id":"a9a919f8-fdbd-4401-9bce-e556fa4aa967-139275528476480","trial_id":186,"param_name":"gy","param_value_internal":2,"distribution":"{\"name\": \"CategoricalDistribution\", \"attributes\": {\"choices\": [1, 2, 4, 8]}}"}
{"op_code":5,"worker_id":"a9a919f8-fdbd-4401-9bce-e556fa4aa967-139275528476480","trial_id":186,"param_name":"sub","param_value_internal":0,"distribution":"{\"name\": \"CategoricalDistribution\", \"attributes\": {\"choices\": [32, 64]}}"}
{"op_code":8,"worker_id":"a9a919f8-fdbd-4401-9bce-e556fa4aa967-139275528476480","trial_id":186,"user_attr":{"token":"tsweep_dbuf4_t128x64k32g24s32"}}
{"op_code":4,"worker_id":"a9a919f8-fdbd-4401-9bce-e556fa4aa967-139275528476480","study_id":0,"datetime_start":"2026-08-07T13:19:19.503196"}
{"op_code":9,"worker_id":"a9a919f8-fdbd-4401-9bce-e556fa4aa967-139275528476480","trial_id":187,"system_attr":{"tpe:relative_params:0":"{\"gx\": 2, \"gy\": 2, \"k\": 32, \"m\": 32, \"n\": 64, \"sub\": 32}"}}
{"op_code":5,"worker_id":"a9a919f8-fdbd-4401-9bce-e556fa4aa967-139275528476480","trial_id":187,"param_name":"m","param_value_internal":1,"distribution":"{\"name\": \"CategoricalDistribution\", \"attributes\": {\"choices\": [16, 32, 64, 128, 256]}}"}
{"op_code":5,"worker_id":"a9a919f8-fdbd-4401-9bce-e556fa4aa967-139275528476480","trial_id":187,"param_name":"n","param_value_internal":2,"distribution":"{\"name\": \"CategoricalDistribution\", \"attributes\": {\"choices\": [16, 32, 64, 128, 256]}}"}
{"op_code":5,"worker_id":"a9a919f8-fdbd-4401-9bce-e556fa4aa967-139275528476480","trial_id":187,"param_name":"k","param_value_internal":1,"distribution":"{\"name\": \"CategoricalDistribution\", \"attributes\": {\"choices\": [16, 32, 64, 128]}}"}
{"op_code":5,"worker_id":"a9a919f8-fdbd-4401-9bce-e556fa4aa967-139275528476480","trial_id":187,"param_name":"gx","param_value_internal":1,"distribution":"{\"name\": \"CategoricalDistribution\", \"attributes\": {\"choices\": [1, 2, 4, 8]}}"}
{"op_code":5,"worker_id":"a9a919f8-fdbd-4401-9bce-e556fa4aa967-139275528476480","trial_id":187,"param_name":"gy","param_value_internal":1,"distribution":"{\"name\": \"CategoricalDistribution\", \"attributes\": {\"choices\": [1, 2, 4, 8]}}"}
{"op_code":5,"worker_id":"a9a919f8-fdbd-4401-9bce-e556fa4aa967-139275528476480","trial_id":187,"param_name":"sub","param_value_internal":0,"distribution":"{\"name\": \"CategoricalDistribution\", \"attributes\": {\"choices\": [32, 64]}}"}
{"op_code":8,"worker_id":"a9a919f8-fdbd-4401-9bce-e556fa4aa967-139275528476480","trial_id":187,"user_attr":{"token":"tsweep_dbuf4_t32x64k32g22s32"}}
{"op_code":4,"worker_id":"a9a919f8-fdbd-4401-9bce-e556fa4aa967-139275528476480","study_id":0,"datetime_start":"2026-08-07T13:19:19.526542"}
{"op_code":9,"worker_id":"a9a919f8-fdbd-4401-9bce-e556fa4aa967-139275528476480","trial_id":188,"system_attr":{"tpe:relative_params:0":"{\"gx\": 1, \"gy\": 8, \"k\": 64, \"m\": 64, \"n\": 128, \"sub\": 32}"}}
{"op_code":5,"worker_id":"a9a919f8-fdbd-4401-9bce-e556fa4aa967-139275528476480","trial_id":188,"param_name":"m","param_value_internal":2,"distribution":"{\"name\": \"CategoricalDistribution\", \"attributes\": {\"choices\": [16, 32, 64, 128, 256]}}"}
{"op_code":5,"worker_id":"a9a919f8-fdbd-4401-9bce-e556fa4aa967-139275528476480","trial_id":188,"param_name":"n","param_value_internal":3,"distribution":"{\"name\": \"CategoricalDistribution\", \"attributes\": {\"choices\": [16, 32, 64, 128, 256]}}"}
{"op_code":5,"worker_id":"a9a919f8-fdbd-4401-9bce-e556fa4aa967-139275528476480","trial_id":188,"param_name":"k","param_value_internal":2,"distribution":"{\"name\": \"CategoricalDistribution\", \"attributes\": {\"choices\": [16, 32, 64, 128]}}"}
{"op_code":5,"worker_id":"a9a919f8-fdbd-4401-9bce-e556fa4aa967-139275528476480","trial_id":188,"param_name":"gx","param_value_internal":0,"distribution":"{\"name\": \"CategoricalDistribution\", \"attributes\": {\"choices\": [1, 2, 4, 8]}}"}
{"op_code":5,"worker_id":"a9a919f8-fdbd-4401-9bce-e556fa4aa967-139275528476480","trial_id":188,"param_name":"gy","param_value_internal":3,"distribution":"{\"name\": \"CategoricalDistribution\", \"attributes\": {\"choices\": [1, 2, 4, 8]}}"}
{"op_code":5,"worker_id":"a9a919f8-fdbd-4401-9bce-e556fa4aa967-139275528476480","trial_id":188,"param_name":"sub","param_value_internal":0,"distribution":"{\"name\": \"CategoricalDistribution\", \"attributes\": {\"choices\": [32, 64]}}"}
{"op_code":6,"worker_id":"a9a919f8-fdbd-4401-9bce-e556fa4aa967-139275528476480","trial_id":188,"state":2,"values":null,"datetime_complete":"2026-08-07T13:19:19.552713"}
{"op_code":4,"worker_id":"a9a919f8-fdbd-4401-9bce-e556fa4aa967-139275528476480","study_id":0,"datetime_start":"2026-08-07T13:19:19.554740"}
{"op_code":9,"worker_id":"a9a919f8-fdbd-4401-9bce-e556fa4aa967-139275528476480","trial_id":189,"system_attr":{"tpe:relative_params:0":"{\"gx\": 2, \"gy\": 8, \"k\": 16, \"m\": 128, \"n\": 256, \"sub\": 32}"}}
{"op_code":5,"worker_id":"a9a919f8-fdbd-4401-9bce-e556fa4aa967-139275528476480","trial_id":189,"param_name":"m","param_value_internal":3,"distribution":"{\"name\": \"CategoricalDistribution\", \"attributes\": {\"choices\": [16, 32, 64, 128, 256]}}"}
{"op_code":5,"worker_id":"a9a919f8-fdbd-4401-9bce-e556fa4aa967-139275528476480","trial_id":189,"param_name":"n","param_value_internal":4,"distribution":"{\"name\": \"CategoricalDistribution\", \"attributes\": {\"choices\": [16, 32, 64, 128, 256]}}"}
{"op_code":5,"worker_id":"a9a919f8-fdbd-4401-9bce-e556fa4aa967-139275528476480","trial_id":189,"param_name":"k","param_value_internal":0,"distribution":"{\"name\": \"CategoricalDistribution\", \"attributes\": {\"choices\": [16, 32, 64, 128]}}"}
{"op_code":5,"worker_id":"a9a919f8-fdbd-4401-9bce-e556fa4aa967-139275528476480","trial_id":189,"param_name":"gx","param_value_internal":1,"distribution":"{\"name\": \"CategoricalDistribution\", \"attributes\": {\"choices\": [1, 2, 4, 8]}}"}
{"op_code":5,"worker_id":"a9a919f8-fdbd-4401-9bce-e556fa4aa967-139275528476480","trial_id":189,"param_name":"gy","param_value_internal":3,"distribution":"{\"name\": \"CategoricalDistribution\", \"attributes\": {\"choices\": [1, 2, 4, 8]}}"}
{"op_code":5,"worker_id":"a9a919f8-fdbd-4401-9bce-e556fa4aa967-139275528476480","trial_id":189,"param_name":"sub","param_value_internal":0,"distribution":"{\"name\": \"CategoricalDistribution\", \"attributes\": {\"choices\": [32, 64]}}"}
{"op_code":6,"worker_id":"a9a919f8-fdbd-4401-9bce-e556fa4aa967-139275528476480","trial_id":189,"state":2,"values":null,"datetime_complete":"2026-08-07T13:19:19.576664"}
{"op_code":4,"worker_id":"a9a919f8-fdbd-4401-9bce-e556fa4aa967-139275528476480","study_id":0,"datetime_start":"2026-08-07T13:19:19.578744"}
{"op_code":9,"worker_id":"a9a919f8-fdbd-4401-9bce-e556fa4aa967-139275528476480","trial_id":190,"system_attr":{"tpe:relative_params:0":"{\"gx\": 2, \"gy\": 1, \"k\": 32, \"m\": 32, \"n\": 256, \"sub\": 32}"}}
{"op_code":5,"worker_id":"a9a919f8-fdbd-4401-9bce-e556fa4aa967-139275528476480","trial_id":190,"param_name":"m","param_value_internal":1,"distribution":"{\"name\": \"CategoricalDistribution\", \"attributes\": {\"choices\": [16, 32, 64, 128, 256]}}"}
{"op_code":5,"worker_id":"a9a919f8-fdbd-4401-9bce-e556fa4aa967-139275528476480","trial_id":190,"param_name":"n","param_value_internal":4,"distribution":"{\"name\": \"CategoricalDistribution\", \"attributes\": {\"choices\": [16, 32, 64, 128, 256]}}"}
{"op_code":5,"worker_id":"a9a919f8-fdbd-4401-9bce-e556fa4aa967-139275528476480","trial_id":190,"param_name":"k","param_value_internal":1,"distribution":"{\"name\": \"CategoricalDistribution\", \"attributes\": {\"choices\": [16, 32, 64, 128]}}"}
{"op_code":5,"worker_id":"a9a919f8-fdbd-4401-9bce-e556fa4aa967-139275528476480","trial_id":190,"param_name":"gx","param_value_internal":1,"distribution":"{\"name\": \"CategoricalDistribution\", \"attributes\": {\"choices\": [1, 2, 4, 8]}}"}
{"op_code":5,"worker_id":"a9a919f8-fdbd-4401-9bce-e556fa4aa967-139275528476480","trial_id":190,"param_name":"gy","param_value_internal":0,"distribution":"{\"name\": \"CategoricalDistribution\", \"attributes\": {\"choices\": [1, 2, 4, 8]}}"}
{"op_code":5,"worker_id":"a9a919f8-fdbd-4401-9bce-e556fa4aa967-139275528476480","trial_id":190,"param_name":"sub","param_value_internal":0,"distribution":"{\"name\": \"CategoricalDistribution\", \"attributes\": {\"choices\": [32, 64]}}"}
{"op_code":8,"worker_id":"a9a919f8-fdbd-4401-9bce-e556fa4aa967-139275528476480","trial_id":190,"user_attr":{"token":"tsweep_dbuf4_t32x256k32g21s32"}}
{"op_code":4,"worker_id":"a9a919f8-fdbd-4401-9bce-e556fa4aa967-139275528476480","study_id":0,"datetime_start":"2026-08-07T13:19:19.604523"}
{"op_code":9,"worker_id":"a9a919f8-fdbd-4401-9bce-e556fa4aa967-139275528476480","trial_id":191,"system_attr":{"tpe:relative_params:0":"{\"gx\": 4, \"gy\": 1, \"k\": 64, \"m\": 64, \"n\": 128, \"sub\": 32}"}}
{"op_code":5,"worker_id":"a9a919f8-fdbd-4401-9bce-e556fa4aa967-139275528476480","trial_id":191,"param_name":"m","param_value_internal":2,"distribution":"{\"name\": \"CategoricalDistribution\", \"attributes\": {\"choices\": [16, 32, 64, 128, 256]}}"}
{"op_code":5,"worker_id":"a9a919f8-fdbd-4401-9bce-e556fa4aa967-139275528476480","trial_id":191,"param_name":"n","param_value_internal":3,"distribution":"{\"name\": \"CategoricalDistribution\", \"attributes\": {\"choices\": [16, 32, 64, 128, 256]}}"}
{"op_code":5,"worker_id":"a9a919f8-fdbd-4401-9bce-e556fa4aa967-139275528476480","trial_id":191,"param_name":"k","param_value_internal":2,"distribution":"{\"name\": \"CategoricalDistribution\", \"attributes\": {\"choices\": [16, 32, 64, 128]}}"}
{"op_code":5,"worker_id":"a9a919f8-fdbd-4401-9bce-e556fa4aa967-139275528476480","trial_id":191,"param_name":"gx","param_value_internal":2,"distribution":"{\"name\": \"CategoricalDistribution\", \"attributes\": {\"choices\": [1, 2, 4, 8]}}"}
{"op_code":5,"worker_id":"a9a919f8-fdbd-4401-9bce-e556fa4aa967-139275528476480","trial_id":191,"param_name":"gy","param_value_internal":0,"distribution":"{\"name\": \"CategoricalDistribution\", \"attributes\": {\"choices\": [1, 2, 4, 8]}}"}
{"op_code":5,"worker_id":"a9a919f8-fdbd-4401-9bce-e556fa4aa967-139275528476480","trial_id":191,"param_name":"sub","param_value_internal":0,"distribution":"{\"name\": \"CategoricalDistribution\", \"attributes\": {\"choices\": [32, 64]}}"}
{"op_code":8,"worker_id":"a9a919f8-fdbd-4401-9bce-e556fa4aa967-139275528476480","trial_id":191,"user_attr":{"token":"tsweep_dbuf4_t64x128k64g41s32"}}
{"op_code":4,"worker_id":"a9a919f8-fdbd-4401-9bce-e556fa4aa967-139275528476480","study_id":0,"datetime_start":"2026-08-07T13:19:19.634850"}
{"op_code":9,"worker_id":"a9a919f8-fdbd-4401-9bce-e556fa4aa967-139275528476480","trial_id":192,"system_attr":{"tpe:relative_params:0":"{\"gx\": 2, \"gy\": 1, \"k\": 64, \"m\": 16, \"n\": 256, \"sub\": 64}"}}
{"op_code":5,"worker_id":"a9a919f8-fdbd-4401-9bce-e556fa4aa967-139275528476480","trial_id":192,"param_name":"m","param_value_internal":0,"distribution":"{\"name\": \"CategoricalDistribution\", \"attributes\": {\"choices\": [16, 32, 64, 128, 256]}}"}
{"op_code":5,"worker_id":"a9a919f8-fdbd-4401-9bce-e556fa4aa967-139275528476480","trial_id":192,"param_name":"n","param_value_internal":4,"distribution":"{\"name\": \"CategoricalDistribution\", \"attributes\": {\"choices\": [16, 32, 64, 128, 256]}}"}
{"op_code":5,"worker_id":"a9a919f8-fdbd-4401-9bce-e556fa4aa967-139275528476480","trial_id":192,"param_name":"k","param_value_internal":2,"distribution":"{\"name\": \"CategoricalDistribution\", \"attributes\": {\"choices\": [16, 32, 64, 128]}}"}
{"op_code":5,"worker_id":"a9a919f8-fdbd-4401-9bce-e556fa4aa967-139275528476480","trial_id":192,"param_name":"gx","param_value_internal":1,"distribution":"{\"name\": \"CategoricalDistribution\", \"attributes\": {\"choices\": [1, 2, 4, 8]}}"}
{"op_code":5,"worker_id":"a9a919f8-fdbd-4401-9bce-e556fa4aa967-139275528476480","trial_id":192,"param_name":"gy","param_value_internal":0,"distribution":"{\"name\": \"CategoricalDistribution\", \"attributes\": {\"choices\": [1, 2, 4, 8]}}"}
{"op_code":5,"worker_id":"a9a919f8-fdbd-4401-9bce-e556fa4aa967-139275528476480","trial_id":192,"param_name":"sub","param_value_internal":1,"distribution":"{\"name\": \"CategoricalDistribution\", \"attributes\": {\"choices\": [32, 64]}}"}
{"op_code":6,"worker_id":"a9a919f8-fdbd-4401-9bce-e556fa4aa967-139275528476480","trial_id":192,"state":2,"values":null,"datetime_complete":"2026-08-07T13:19:19.659614"}
{"op_code":4,"worker_id":"a9a919f8-fdbd-4401-9bce-e556fa4aa967-139275528476480","study_id":0,"datetime_start":"2026-08-07T13:19:19.661681"}
{"op_code":9,"worker_id":"a9a919f8-fdbd-4401-9bce-e556fa4aa967-139275528476480","trial_id":193,"system_attr":{"tpe:relative_params:0":"{\"gx\": 2, \"gy\": 2, \"k\": 64, \"m\": 128, \"n\": 32, \"sub\": 32}"}}
{"op_code":5,"worker_id":"a9a919f8-fdbd-4401-9bce-e556fa4aa967-139275528476480","trial_id":193,"param_name":"m","param_value_internal":3,"distribution":"{\"name\": \"CategoricalDistribution\", \"attributes\": {\"choices\": [16, 32, 64, 128, 256]}}"}
{"op_code":5,"worker_id":"a9a919f8-fdbd-4401-9bce-e556fa4aa967-139275528476480","trial_id":193,"param_name":"n","param_value_internal":1,"distribution":"{\"name\": \"CategoricalDistribution\", \"attributes\": {\"choices\": [16, 32, 64, 128, 256]}}"}
{"op_code":5,"worker_id":"a9a919f8-fdbd-4401-9bce-e556fa4aa967-139275528476480","trial_id":193,"param_name":"k","param_value_internal":2,"distribution":"{\"name\": \"CategoricalDistribution\", \"attributes\": {\"choices\": [16, 32, 64, 128]}}"}
{"op_code":5,"worker_id":"a9a919f8-fdbd-4401-9bce-e556fa4aa967-139275528476480","trial_id":193,"param_name":"gx","param_value_internal":1,"distribution":"{\"name\": \"CategoricalDistribution\", \"attributes\": {\"choices\": [1, 2, 4, 8]}}"}
{"op_code":5,"worker_id":"a9a919f8-fdbd-4401-9bce-e556fa4aa967-139275528476480","trial_id":193,"param_name":"gy","param_value_internal":1,"distribution":"{\"name\": \"CategoricalDistribution\", \"attributes\": {\"choices\": [1, 2, 4, 8]}}"}
{"op_code":5,"worker_id":"a9a919f8-fdbd-4401-9bce-e556fa4aa967-139275528476480","trial_id":193,"param_name":"sub","param_value_internal":0,"distribution":"{\"name\": \"CategoricalDistribution\", \"attributes\": {\"choices\": [32, 64]}}"}
{"op_code":8,"worker_id":"a9a919f8-fdbd-4401-9bce-e556fa4aa967-139275528476480","trial_id":193,"user_attr":{"token":"tsweep_dbuf4_t128x32k64g22s32"}}
{"op_code":4,"worker_id":"a9a919f8-fdbd-4401-9bce-e556fa4aa967-139275528476480","study_id":0,"datetime_start":"2026-08-07T13:19:19.684922"}
{"op_code":9,"worker_id":"a9a919f8-fdbd-4401-9bce-e556fa4aa967-139275528476480","trial_id":194,"system_attr":{"tpe:relative_params:0":"{\"gx\": 2, \"gy\": 4, \"k\": 64, \"m\": 16, \"n\": 64, \"sub\": 64}"}}
{"op_code":5,"worker_id":"a9a919f8-fdbd-4401-9bce-e556fa4aa967-139275528476480","trial_id":194,"param_name":"m","param_value_internal":0,"distribution":"{\"name\": \"CategoricalDistribution\", \"attributes\": {\"choices\": [16, 32, 64, 128, 256]}}"}
{"op_code":5,"worker_id":"a9a919f8-fdbd-4401-9bce-e556fa4aa967-139275528476480","trial_id":194,"param_name":"n","param_value_internal":2,"distribution":"{\"name\": \"CategoricalDistribution\", \"attributes\": {\"choices\": [16, 32, 64, 128, 256]}}"}
{"op_code":5,"worker_id":"a9a919f8-fdbd-4401-9bce-e556fa4aa967-139275528476480","trial_id":194,"param_name":"k","param_value_internal":2,"distribution":"{\"name\": \"CategoricalDistribution\", \"attributes\": {\"choices\": [16, 32, 64, 128]}}"}
{"op_code":5,"worker_id":"a9a919f8-fdbd-4401-9bce-e556fa4aa967-139275528476480","trial_id":194,"param_name":"gx","param_value_internal":1,"distribution":"{\"name\": \"CategoricalDistribution\", \"attributes\": {\"choices\": [1, 2, 4, 8]}}"}
{"op_code":5,"worker_id":"a9a919f8-fdbd-4401-9bce-e556fa4aa967-139275528476480","trial_id":194,"param_name":"gy","param_value_internal":2,"distribution":"{\"name\": \"CategoricalDistribution\", \"attributes\": {\"choices\": [1, 2, 4, 8]}}"}
{"op_code":5,"worker_id":"a9a919f8-fdbd-4401-9bce-e556fa4aa967-139275528476480","trial_id":194,"param_name":"sub","param_value_internal":1,"distribution":"{\"name\": \"CategoricalDistribution\", \"attributes\": {\"choices\": [32, 64]}}"}
{"op_code":6,"worker_id":"a9a919f8-fdbd-4401-9bce-e556fa4aa967-139275528476480","trial_id":194,"state":2,"values":null,"datetime_complete":"2026-08-07T13:19:19.705298"}
{"op_code":4,"worker_id":"a9a919f8-fdbd-4401-9bce-e556fa4aa967-139275528476480","study_id":0,"datetime_start":"2026-08-07T13:19:19.707367"}
{"op_code":9,"worker_id":"a9a919f8-fdbd-4401-9bce-e556fa4aa967-139275528476480","trial_id":195,"system_attr":{"tpe:relative_params:0":"{\"gx\": 2, \"gy\": 1, \"k\": 128, \"m\": 16, \"n\": 64, \"sub\": 32}"}}
{"op_code":5,"worker_id":"a9a919f8-fdbd-4401-9bce-e556fa4aa967-139275528476480","trial_id":195,"param_name":"m","param_value_internal":0,"distribution":"{\"name\": \"CategoricalDistribution\", \"attributes\": {\"choices\": [16, 32, 64, 128, 256]}}"}
{"op_code":5,"worker_id":"a9a919f8-fdbd-4401-9bce-e556fa4aa967-139275528476480","trial_id":195,"param_name":"n","param_value_internal":2,"distribution":"{\"name\": \"CategoricalDistribution\", \"attributes\": {\"choices\": [16, 32, 64, 128, 256]}}"}
{"op_code":5,"worker_id":"a9a919f8-fdbd-4401-9bce-e556fa4aa967-139275528476480","trial_id":195,"param_name":"k","param_value_internal":3,"distribution":"{\"name\": \"CategoricalDistribution\", \"attributes\": {\"choices\": [16, 32, 64, 128]}}"}
{"op_code":5,"worker_id":"a9a919f8-fdbd-4401-9bce-e556fa4aa967-139275528476480","trial_id":195,"param_name":"gx","param_value_internal":1,"distribution":"{\"name\": \"CategoricalDistribution\", \"attributes\": {\"choices\": [1, 2, 4, 8]}}"}
{"op_code":5,"worker_id":"a9a919f8-fdbd-4401-9bce-e556fa4aa967-139275528476480","trial_id":195,"param_name":"gy","param_value_internal":0,"distribution":"{\"name\": \"CategoricalDistribution\", \"attributes\": {\"choices\": [1, 2, 4, 8]}}"}
{"op_code":5,"worker_id":"a9a919f8-fdbd-4401-9bce-e556fa4aa967-139275528476480","trial_id":195,"param_name":"sub","param_value_internal":0,"distribution":"{\"name\": \"CategoricalDistribution\", \"attributes\": {\"choices\": [32, 64]}}"}
{"op_code":8,"worker_id":"a9a919f8-fdbd-4401-9bce-e556fa4aa967-139275528476480","trial_id":195,"user_attr":{"token":"tsweep_dbuf4_t16x64k128g21s32"}}
{"op_code":4,"worker_id":"a9a919f8-fdbd-4401-9bce-e556fa4aa967-139275528476480","study_id":0,"datetime_start":"2026-08-07T13:19:19.731201"}
{"op_code":9,"worker_id":"a9a919f8-fdbd-4401-9bce-e556fa4aa967-139275528476480","trial_id":196,"system_attr":{"tpe:relative_params:0":"{\"gx\": 4, \"gy\": 2, \"k\": 64, \"m\": 128, \"n\": 64, \"sub\": 32}"}}
{"op_code":5,"worker_id":"a9a919f8-fdbd-4401-9bce-e556fa4aa967-139275528476480","trial_id":196,"param_name":"m","param_value_internal":3,"distribution":"{\"name\": \"CategoricalDistribution\", \"attributes\": {\"choices\": [16, 32, 64, 128, 256]}}"}
{"op_code":5,"worker_id":"a9a919f8-fdbd-4401-9bce-e556fa4aa967-139275528476480","trial_id":196,"param_name":"n","param_value_internal":2,"distribution":"{\"name\": \"CategoricalDistribution\", \"attributes\": {\"choices\": [16, 32, 64, 128, 256]}}"}
{"op_code":5,"worker_id":"a9a919f8-fdbd-4401-9bce-e556fa4aa967-139275528476480","trial_id":196,"param_name":"k","param_value_internal":2,"distribution":"{\"name\": \"CategoricalDistribution\", \"attributes\": {\"choices\": [16, 32, 64, 128]}}"}
{"op_code":5,"worker_id":"a9a919f8-fdbd-4401-9bce-e556fa4aa967-139275528476480","trial_id":196,"param_name":"gx","param_value_internal":2,"distribution":"{\"name\": \"CategoricalDistribution\", \"attributes\": {\"choices\": [1, 2, 4, 8]}}"}
{"op_code":5,"worker_id":"a9a919f8-fdbd-4401-9bce-e556fa4aa967-139275528476480","trial_id":196,"param_name":"gy","param_value_internal":1,"distribution":"{\"name\": \"CategoricalDistribution\", \"attributes\": {\"choices\": [1, 2, 4, 8]}}"}
{"op_code":5,"worker_id":"a9a919f8-fdbd-4401-9bce-e556fa4aa967-139275528476480","trial_id":196,"param_name":"sub","param_value_internal":0,"distribution":"{\"name\": \"CategoricalDistribution\", \"attributes\": {\"choices\": [32, 64]}}"}
{"op_code":8,"worker_id":"a9a919f8-fdbd-4401-9bce-e556fa4aa967-139275528476480","trial_id":196,"user_attr":{"token":"tsweep_dbuf4_t128x64k64g42s32"}}
{"op_code":4,"worker_id":"a9a919f8-fdbd-4401-9bce-e556fa4aa967-139275528476480","study_id":0,"datetime_start":"2026-08-07T13:19:19.753474"}
{"op_code":9,"worker_id":"a9a919f8-fdbd-4401-9bce-e556fa4aa967-139275528476480","trial_id":197,"system_attr":{"tpe:relative_params:0":"{\"gx\": 4, \"gy\": 2, \"k\": 32, \"m\": 128, \"n\": 128, \"sub\": 32}"}}
{"op_code":5,"worker_id":"a9a919f8-fdbd-4401-9bce-e556fa4aa967-139275528476480","trial_id":197,"param_name":"m","param_value_internal":3,"distribution":"{\"name\": \"CategoricalDistribution\", \"attributes\": {\"choices\": [16, 32, 64, 128, 256]}}"}
{"op_code":5,"worker_id":"a9a919f8-fdbd-4401-9bce-e556fa4aa967-139275528476480","trial_id":197,"param_name":"n","param_value_internal":3,"distribution":"{\"name\": \"CategoricalDistribution\", \"attributes\": {\"choices\": [16, 32, 64, 128, 256]}}"}
{"op_code":5,"worker_id":"a9a919f8-fdbd-4401-9bce-e556fa4aa967-139275528476480","trial_id":197,"param_name":"k","param_value_internal":1,"distribution":"{\"name\": \"CategoricalDistribution\", \"attributes\": {\"choices\": [16, 32, 64, 128]}}"}
{"op_code":5,"worker_id":"a9a919f8-fdbd-4401-9bce-e556fa4aa967-139275528476480","trial_id":197,"param_name":"gx","param_value_internal":2,"distribution":"{\"name\": \"CategoricalDistribution\", \"attributes\": {\"choices\": [1, 2, 4, 8]}}"}
{"op_code":5,"worker_id":"a9a919f8-fdbd-4401-9bce-e556fa4aa967-139275528476480","trial_id":197,"param_name":"gy","param_value_internal":1,"distribution":"{\"name\": \"CategoricalDistribution\", \"attributes\": {\"choices\": [1, 2, 4, 8]}}"}
{"op_code":5,"worker_id":"a9a919f8-fdbd-4401-9bce-e556fa4aa967-139275528476480","trial_id":197,"param_name":"sub","param_value_internal":0,"distribution":"{\"name\": \"CategoricalDistribution\", \"attributes\": {\"choices\": [32, 64]}}"}
{"op_code":8,"worker_id":"a9a919f8-fdbd-4401-9bce-e556fa4aa967-139275528476480","trial_id":197,"user_attr":{"token":"tsweep_dbuf4_t128x128k32g42s32"}}
{"op_code":4,"worker_id":"a9a919f8-fdbd-4401-9bce-e556fa4aa967-139275528476480","study_id":0,"datetime_start":"2026-08-07T13:19:19.775355"}
{"op_code":9,"worker_id":"a9a919f8-fdbd-4401-9bce-e556fa4aa967-139275528476480","trial_id":198,"system_attr":{"tpe:relative_params:0":"{\"gx\": 1, \"gy\": 1, \"k\": 64, \"m\": 64, \"n\": 64, \"sub\": 64}"}}
{"op_code":5,"worker_id":"a9a919f8-fdbd-4401-9bce-e556fa4aa967-139275528476480","trial_id":198,"param_name":"m","param_value_internal":2,"distribution":"{\"name\": \"CategoricalDistribution\", \"attributes\": {\"choices\": [16, 32, 64, 128, 256]}}"}
{"op_code":5,"worker_id":"a9a919f8-fdbd-4401-9bce-e556fa4aa967-139275528476480","trial_id":198,"param_name":"n","param_value_internal":2,"distribution":"{\"name\": \"CategoricalDistribution\", \"attributes\": {\"choices\": [16, 32, 64, 128, 256]}}"}
{"op_code":5,"worker_id":"a9a919f8-fdbd-4401-9bce-e556fa4aa967-139275528476480","trial_id":198,"param_name":"k","param_value_internal":2,"distribution":"{\"name\": \"CategoricalDistribution\", \"attributes\": {\"choices\": [16, 32, 64, 128]}}"}
{"op_code":5,"worker_id":"a9a919f8-fdbd-4401-9bce-e556fa4aa967-139275528476480","trial_id":198,"param_name":"gx","param_value_internal":0,"distribution":"{\"name\": \"CategoricalDistribution\", \"attributes\": {\"choices\": [1, 2, 4, 8]}}"}
{"op_code":5,"worker_id":"a9a919f8-fdbd-4401-9bce-e556fa4aa967-139275528476480","trial_id":198,"param_name":"gy","param_value_internal":0,"distribution":"{\"name\": \"CategoricalDistribution\", \"attributes\": {\"choices\": [1, 2, 4, 8]}}"}
{"op_code":5,"worker_id":"a9a919f8-fdbd-4401-9bce-e556fa4aa967-139275528476480","trial_id":198,"param_name":"sub","param_value_internal":1,"distribution":"{\"name\": \"CategoricalDistribution\", \"attributes\": {\"choices\": [32, 64]}}"}
{"op_code":8,"worker_id":"a9a919f8-fdbd-4401-9bce-e556fa4aa967-139275528476480","trial_id":198,"user_attr":{"token":"tsweep_dbuf4_t64x64k64g11s64"}}
{"op_code":6,"worker_id":"a9a919f8-fdbd-4401-9bce-e556fa4aa967-139275528476480","trial_id":164,"state":1,"values":[1010.875],"datetime_complete":"2026-08-07T13:20:24.852323"}
{"op_code":6,"worker_id":"a9a919f8-fdbd-4401-9bce-e556fa4aa967-139275528476480","trial_id":168,"state":1,"values":[905.842],"datetime_complete":"2026-08-07T13:20:50.435688"}
{"op_code":6,"worker_id":"a9a919f8-fdbd-4401-9bce-e556fa4aa967-139275528476480","trial_id":170,"state":1,"values":[1130.9865],"datetime_complete":"2026-08-07T13:21:14.441511"}
{"op_code":6,"worker_id":"a9a919f8-fdbd-4401-9bce-e556fa4aa967-139275528476480","trial_id":176,"state":1,"values":[846.8119999999999],"datetime_complete":"2026-08-07T13:21:39.507534"}
{"op_code":6,"worker_id":"a9a919f8-fdbd-4401-9bce-e556fa4aa967-139275528476480","trial_id":183,"state":1,"values":[1255.325],"datetime_complete":"2026-08-07T13:22:02.554463"}
{"op_code":6,"worker_id":"a9a919f8-fdbd-4401-9bce-e556fa4aa967-139275528476480","trial_id":184,"state":1,"values":[1196.43],"datetime_complete":"2026-08-07T13:22:26.165553"}
{"op_code":6,"worker_id":"a9a919f8-fdbd-4401-9bce-e556fa4aa967-139275528476480","trial_id":185,"state":1,"values":[1354.5549999999998],"datetime_complete":"2026-08-07T13:22:48.851781"}
{"op_code":6,"worker_id":"a9a919f8-fdbd-4401-9bce-e556fa4aa967-139275528476480","trial_id":186,"state":1,"values":[1166.734],"datetime_complete":"2026-08-07T13:23:11.882640"}
{"op_code":6,"worker_id":"a9a919f8-fdbd-4401-9bce-e556fa4aa967-139275528476480","trial_id":187,"state":1,"values":[1043.723],"datetime_complete":"2026-08-07T13:27:45.990879"}
{"op_code":6,"worker_id":"a9a919f8-fdbd-4401-9bce-e556fa4aa967-139275528476480","trial_id":190,"state":2,"values":null,"datetime_complete":"2026-08-07T13:27:56.521993"}
{"op_code":6,"worker_id":"a9a919f8-fdbd-4401-9bce-e556fa4aa967-139275528476480","trial_id":191,"state":1,"values":[1154.7],"datetime_complete":"2026-08-07T13:28:19.869871"}
{"op_code":6,"worker_id":"a9a919f8-fdbd-4401-9bce-e556fa4aa967-139275528476480","trial_id":193,"state":1,"values":[977.3325],"datetime_complete":"2026-08-07T13:28:43.225176"}
{"op_code":6,"worker_id":"a9a919f8-fdbd-4401-9bce-e556fa4aa967-139275528476480","trial_id":195,"state":2,"values":null,"datetime_complete":"2026-08-07T13:28:51.923474"}
{"op_code":6,"worker_id":"a9a919f8-fdbd-4401-9bce-e556fa4aa967-139275528476480","trial_id":196,"state":1,"values":[1215.955],"datetime_complete":"2026-08-07T13:29:14.383165"}
{"op_code":6,"worker_id":"a9a919f8-fdbd-4401-9bce-e556fa4aa967-139275528476480","trial_id":197,"state":1,"values":[1111.3200000000002],"datetime_complete":"2026-08-07T13:29:38.082175"}
{"op_code":6,"worker_id":"a9a919f8-fdbd-4401-9bce-e556fa4aa967-139275528476480","trial_id":198,"state":1,"values":[718.0085],"datetime_complete":"2026-08-07T13:30:04.381185"}
