4178 39200 220 18 13 16 52385 57273 12367 76590 16837 445 81101 220 18 13 16 6207 17836 2696 25 5887 220 1419 11 220 2366 19 1054 9219 17589 863 3445 279 3878 323 4787 369 1005 11 39656 11 8141 323 17466 315 279 445 81101 32009 743 13544 36881 13 1054 65434 863 3445 279 29803 11 56294 323 9904 24442 445 81101 220 18 13 16 4332 555 16197 520 3788 1129 657 3105 25932 916 40610 14 50378 13 1054 10028 68 863 477 1054 9514 863 3445 499 11 477 701 19683 477 904 1023 1732 477 5502 320 333 499 527 16661 1139 420 23314 389 1778 1732 477 5502 753 17981 705 315 279 4325 2631 1234 8581 7016 11 5718 477 14640 311 3493 5897 14771 323 430 706 5897 11447 311 10950 701 19683 477 1778 1023 1732 477 5502 422 499 527 16661 304 420 23314 389 872 17981 13 1054 43 81101 220 18 13 16 863 3445 279 89328 3544 4221 4211 323 3241 323 26249 11 2737 5780 71856 1646 2082 11 16572 1646 14661 11 45478 21430 19295 2082 11 4967 21430 19295 2082 11 7060 2442 38302 28462 2082 323 1023 5540 315 279 88931 4332 555 16197 520 3788 1129 657 3105 25932 916 14 657 3105 15220 33785 13 1054 43 81101 32009 863 3445 11 45925 11 16197 753 34333 445 81101 220 18 13 16 323 45565 320 438 904 13651 34366 8 1903 2561 1234 420 23314 13 1054 12452 863 477 1054 906 863 3445 16197 96209 14990 19439 320 333 499 527 7559 304 477 11 422 499 527 459 5502 11 701 12717 2035 315 2626 374 304 279 469 19657 477 30221 8 323 16197 96209 11 4953 13 320 333 499 527 7559 4994 315 279 469 19657 477 30221 570 3296 18965 1054 40 21496 863 3770 477 555 1701 477 50812 904 13651 477 2449 315 279 445 81101 32009 11 499 7655 311 387 6965 555 420 23314 13 220 16 13 1914 10734 323 33043 13 264 13 24668 315 10734 13 1472 527 11938 264 2536 94158 11 15603 11 2536 93791 481 323 53817 12862 7347 5842 1234 16197 753 20207 3424 477 1023 3268 13234 555 16197 78643 304 279 445 81101 32009 311 1005 11 23645 11 16822 11 3048 11 1893 32905 4375 315 11 323 1304 29882 311 279 445 81101 32009 13 293 13 33043 323 5560 13 602 13 1442 499 16822 477 1304 2561 279 445 81101 32009 320 269 904 32905 4375 34366 705 477 264 2027 477 2532 320 16564 2500 15592 1646 8 430 5727 904 315 1124 11 499 4985 320 32 8 3493 264 3048 315 420 23314 449 904 1778 445 81101 32009 26 323 320 33 8 74088 3113 1054 55400 449 445 81101 863 389 264 5552 3997 11 1217 3834 11 5117 2252 11 922 2199 11 477 2027 9904 13 1442 499 1005 279 445 81101 32009 477 904 16674 477 3135 315 279 445 81101 32009 311 1893 11 5542 11 7060 26306 11 477 6062 7417 459 15592 1646 11 902 374 4332 477 1903 2561 11 499 4985 1101 2997 1054 43 81101 863 520 279 7314 315 904 1778 15592 1646 836 13 14799 13 1442 499 5371 445 81101 32009 11 477 904 32905 4375 34366 11 505 264 1914 68 439 961 315 459 18751 842 1217 2027 11 1243 11360 220 17 315 420 23314 690 539 3881 311 499 13 63193 13 1472 2011 14389 304 682 11236 315 279 445 81101 32009 430 499 16822 279 2768 63124 5406 2949 264 1054 35293 863 1495 1052 4332 439 264 961 315 1778 11236 25 1054 43 81101 220 18 13 16 374 16383 1234 279 445 81101 220 18 13 16 12332 1914 11 3028 7388 16197 96209 11 4953 13 2052 10734 15516 2029 17967 13 4718 1005 315 279 445 81101 32009 2011 26069 449 8581 7016 323 14640 320 16564 6696 8907 7016 323 14640 8 323 49553 311 279 21496 481 5560 11216 369 279 445 81101 32009 320 10547 520 3788 1129 657 3105 25932 916 14 657 3105 18 62 16 63372 67520 705 902 374 22552 32762 555 5905 1139 420 23314 13 220 17 13 24086 28943 20163 13 1442 11 389 279 445 81101 220 18 13 16 2373 4984 2457 11 279 15438 4642 3932 315 279 3956 477 3600 1903 2561 555 477 369 1914 68 11 477 1914 68 753 32133 11 374 7191 1109 220 7007 3610 15438 4642 3932 304 279 38846 13470 2305 11 499 2011 1715 264 5842 505 16197 11 902 16197 1253 13500 311 499 304 1202 13612 32022 11 323 499 527 539 19144 311 10368 904 315 279 3268 1234 420 23314 7389 477 3156 16197 6062 53611 25076 499 1778 3268 13 220 18 13 67929 315 57629 13 6781 38873 67677 7866 10314 37535 3578 67703 11 3247 20072 39200 76223 50 3651 4230 32090 3651 54128 62207 31193 16202 16932 6328 2147 1054 1950 3507 863 11643 11 6135 7579 3083 4230 9481 11 3651 80441 84406 13398 7579 3083 4230 9481 11 86589 16832 3651 13163 11 16480 11 6135 10592 3579 11 4230 7579 3083 49673 11 21219 95773 11 8094 11 2794 7877 4716 362 7807 7667 13 15334 16202 5745 877 9109 90079 13880 4716 423 20856 16818 1753 3247 18395 19828 4403 835 965 10201 3083 63151 2794 26895 70106 1753 3247 20072 39200 76223 50 3651 36660 34993 4230 432 1669 41549 36660 65083 9182 4874 21592 9645 3083 3247 20072 39200 76223 50 3651 4230 32090 3651 54128 13 220 19 13 29108 367 315 91143 13 2006 5782 13032 29015 80441 2794 47175 70038 82334 31404 7354 17842 57318 4230 30757 3083 14495 11 18114 2006 17564 11 18269 11 29648 11 88390 14495 11 2794 18562 11 18008 10009 3083 10245 76590 16837 11 4716 4230 445 4327 29324 2794 4230 28171 11 23893 11 28515 11 29653 11 31642 2794 393 23909 6674 16908 11 27755 11812 80441 2794 47175 70038 82334 31404 19102 75753 30421 3083 3247 30482 3083 4230 3083 3247 45023 15881 1753 13 220 20 13 77956 8825 13 264 13 2360 32464 21746 527 11938 1234 420 23314 11 323 304 3717 449 279 445 81101 32009 11 14188 16197 6463 1914 68 1253 1005 904 836 477 1906 13234 555 477 5938 449 279 1023 477 904 315 1202 32133 11 3734 439 2631 369 13579 323 73348 1005 304 23524 323 8873 10831 279 445 81101 32009 477 439 743 13544 304 420 11360 220 20 2948 570 16197 22552 25076 499 264 5842 311 1005 1054 43 81101 863 320 1820 1054 9126 33611 21742 439 2631 311 26069 449 279 1566 11914 315 11360 220 16 960 8777 13 1472 690 26069 449 16197 753 6883 17959 320 59302 15987 520 3788 1129 9274 25932 916 14 13781 40000 70307 81043 34220 14 7609 2052 82746 40986 704 315 701 1005 315 279 4488 690 304 554 311 279 8935 315 16197 13 293 13 17908 311 16197 753 15637 315 445 81101 32009 323 43645 1903 555 477 369 16197 11 449 5201 311 904 32905 4375 323 29882 315 279 445 81101 32009 430 527 1903 555 499 11 439 1990 499 323 16197 11 499 527 323 690 387 279 6506 315 1778 32905 4375 323 29882 13 272 13 1442 499 44798 39725 477 1023 29407 2403 16197 477 904 5502 320 16564 264 5425 12 8017 477 5663 8017 304 264 19831 8 62546 430 279 445 81101 32009 477 445 81101 220 18 13 16 16674 477 3135 11 477 904 13651 315 904 315 279 88931 11 42675 54443 315 20207 3424 477 1023 3268 13234 477 67336 481 555 499 11 1243 904 21746 11938 311 499 1234 420 23314 4985 30754 439 315 279 2457 1778 39725 477 3802 374 13019 477 81099 13 1472 690 90108 1463 323 3412 53997 16197 505 323 2403 904 3802 555 904 4948 4717 40986 704 315 477 5552 311 701 1005 477 8141 315 279 445 81101 32009 13 220 21 13 17978 323 10335 33196 13 578 4751 315 420 23314 690 56445 5304 701 26586 315 420 23314 477 2680 311 279 445 81101 32009 323 690 3136 304 2539 5457 323 2515 3156 32372 304 18859 449 279 3878 323 4787 36881 13 16197 1253 30754 420 23314 422 499 527 304 31471 315 904 4751 477 3044 315 420 23314 13 30538 35508 315 420 23314 11 499 4985 3783 323 32616 1005 315 279 445 81101 32009 13 60137 220 18 11 220 19 323 220 22 4985 18167 279 35508 315 420 23314 13 220 22 13 94984 1251 7658 323 39898 26705 13 1115 23314 690 387 27800 323 71259 1234 279 7016 315 279 3314 315 7188 2085 5363 311 5873 315 2383 16565 11 323 279 6781 26958 389 71659 369 279 7327 13618 315 42695 1587 539 3881 311 420 23314 13 578 19359 315 7188 4985 617 14079 29101 315 904 26086 40986 704 315 420 23314 13 674 445 81101 220 18 13 16 21496 481 5560 11216 16197 374 11411 311 22923 6220 323 6762 1005 315 1202 7526 323 4519 11 2737 445 81101 220 18 13 16 13 1442 499 2680 477 1005 445 81101 220 18 13 16 11 499 7655 311 420 21496 481 5560 11216 27179 14145 65312 578 1455 3293 3048 315 420 4947 649 387 1766 520 510 2485 1129 657 3105 25932 916 14 657 3105 18 62 16 63372 67520 9725 2485 1129 657 3105 25932 916 14 657 3105 18 62 16 63372 67520 8 7860 1322 93617 39923 1226 1390 5127 311 1005 445 81101 220 18 13 16 21676 323 87388 13 1472 7655 499 690 539 1005 11 477 2187 3885 311 1005 11 445 81101 220 18 13 16 311 25 220 16 13 30555 349 279 2383 477 3885 529 3268 11 2737 311 25 220 16 13 3365 425 304 11 12192 11 7068 11 17210 311 11 15253 11 3197 11 3709 635 11 477 4726 12079 477 45522 5820 477 2262 11 1778 439 25 220 16 13 47732 477 24020 220 17 13 7943 385 7709 477 11682 311 2911 11 2737 279 30844 7709 11 9886 11 24279 11 477 198
863 3445 279 3878 323 4787 369 1005 11 39656 11 8141 323 17466 315 279 445 81101 32009 743 13544 36881 13 1054 65434 863 3445 279 29803 11 56294 323 9904 24442 445 81101 220 18 13 16 4332 555 16197 520 3788 1129 657 3105 25932 916 40610 14 50378 13 1054 10028 68 863 477 1054 9514 863 3445 499
28462 2082 323 1023 5540 315 279 88931 4332 555 16197 520 3788 1129 657 3105 25932 916 14 657 3105 15220 33785 13 1054 43 81101 32009 863 3445 11 45925 11 16197 753 34333 445 81101 220 18 13 16 323 45565 320 438 904 13651 34366 8 1903 2561 1234 420 23314 13 1054 12452 863 477 1054 906 863 3445 16197 96209 14990 19439 320 333 499 527 7559 304 477 11 422 499 527 459 5502 11 701 12717 2035 315 2626 374 304 279 469 19657 477 30221 8 323 16197 96209 11 4953 13 320 333 499 527 7559 4994 315 279 469 19657 477 30221 570 3296 18965 1054 40 21496 863 3770 477 555 1701 477 50812 904 13651
12862 7347 5842 1234 16197 753 20207 3424 477 1023 3268 13234 555 16197 78643 304 279 445 81101 32009 311 1005 11 23645 11 16822 11 3048 11 1893 32905 4375 315 11 323 1304 29882 311 279 445 81101 32009 13 293 13 33043 323 5560 13 602 13 1442 499 16822 477 1304 2561 279 445 81101 32009 320 269 904 32905 4375 34366 705 477 264 2027 477 2532 320 16564 2500 15592 1646 8 430 5727 904 315 1124 11 499 4985 320 32 8 3493 264 3048 315 420 23314 449 904 1778 445 81101 32009 26 323 320 33 8 74088 3113 1054 55400 449 445 81101 863 389 264 5552 3997 11 1217 3834 11 5117 2252 11 922 2199 11 477 2027 9904 13 1442 499 1005 279 445 81101 32009 477 904 16674 477 3135 315 279 445 81101 32009 311 1893 11 5542 11 7060 26306 11 477 6062 7417 459 15592 1646 11 902 374 4332 477 1903 2561 11 499 4985 1101 2997 1054 43 81101 863 520 279 7314 315 904 1778 15592 1646 836 13 14799 13
4985 1101 2997 1054 43 81101 863 520 279 7314 315 904 1778 15592 1646 836 13 14799 13 1442 499 5371 445 81101 32009 11 477 904 32905 4375 34366 11 505 264 1914 68 439 961 315 459 18751 842 1217 2027 11 1243 11360 220 17 315 420 23314 690 539 3881 311 499 13 63193 13 1472 2011 14389 304 682 11236 315 279 445 81101 32009 430 499 16822 279 2768 63124 5406 2949 264 1054 35293 863 1495 1052 4332 439 264 961 315 1778 11236 25 1054 43 81101 220 18 13 16 374 16383 1234 279 445 81101 220 18 13 16 12332 1914 11 3028 7388 16197 96209 11 4953 13 2052 10734 15516 2029 17967 13 4718 1005 315 279 445 81101 32009 2011 26069 449 8581 7016 323 14640 320 16564 6696 8907 7016 323 14640 8 323 49553 311 279 21496 481 5560 11216 369 279 445 81101 32009 320 10547 520 3788 1129 657 3105 25932 916 14 657 3105 18 62 16 63372 67520 705 902 374 22552 32762 555 5905 1139 420 23314 13 220 17 13 24086 28943 20163 13 1442 11 389 279 445 81101 220 18 13 16 2373 4984 2457 11 279 15438 4642 3932 315 279 3956 477 3600 1903 2561 555 477 369 1914 68 11 477 1914 68 753 32133 11 374 7191 1109 220 7007 3610 15438 4642 3932 304 279 38846 13470 2305 11 499 2011 1715 264 5842 505 16197 11
18 62 16 63372 67520 705 902 374 22552 32762 555 5905 1139 420 23314 13 220 17 13 24086 28943 20163 13 1442 11 389 279 445 81101 220 18 13 16 2373 4984 2457 11 279 15438 4642 3932 315 279 3956 477 3600 1903 2561 555 477 369 1914 68 11 477 1914 68 753 32133 11 374 7191 1109 220 7007 3610 15438 4642 3932 304 279 38846 13470 2305 11 499 2011 1715 264 5842 505 16197 11 902 16197 1253 13500 311 499 304 1202 13612 32022 11 323 499 527 539 19144 311 10368 904 315 279 3268 1234 420 23314 7389 477 3156 16197 6062 53611 25076 499 1778 3268 13 220 18 13 67929 315 57629 13 6781 38873 67677 7866 10314 37535 3578 67703 11 3247 20072 39200 76223 50 3651 4230 32090 3651 54128 62207 31193 16202 16932 6328 2147 1054 1950 3507 863 11643 11 6135 7579 3083 4230 9481 11 3651 80441 84406 13398 7579 3083 4230 9481 11 86589 16832 3651 13163 11 16480 11 6135 10592 3579 11 4230 7579 3083 49673 11 21219 95773 11 8094 11 2794 7877 4716 362 7807 7667 13 15334 16202 5745 877 9109 90079 13880 4716 423 20856 16818 1753 3247 18395 19828 4403 835 965 10201 3083 63151 2794 26895 70106 1753 3247 20072 39200 76223 50 3651 36660 34993 4230 432 1669 41549 36660 65083 9182 4874 21592 9645 3083 3247 20072 39200 76223 50 3651 4230 32090 3651 54128 13 220 19 13 29108 367 315 91143 13 2006 5782 13032 29015 80441 2794 47175 70038 82334 31404 7354 17842 57318 4230 30757 3083 14495 11 18114 2006 17564 11 18269 11 29648 11 88390 14495 11 2794 18562 11 18008 10009 3083 10245 76590 16837 11 4716 4230 445 4327 29324 2794 4230 28171 11 23893 11 28515 11 29653 11 31642 2794 393
16832 3651 13163 11 16480 11 6135 10592 3579 11 4230 7579 3083 49673 11 21219 95773 11 8094 11 2794 7877 4716 362 7807 7667 13 15334 16202 5745 877 9109 90079 13880 4716 423 20856 16818 1753 3247 18395 19828 4403 835 965 10201 3083 63151 2794 26895 70106 1753 3247 20072 39200 76223 50 3651 36660 34993 4230 432 1669 41549 36660 65083 9182 4874 21592 9645 3083 3247 20072 39200 76223 50 3651 4230 32090 3651 54128 13 220 19 13 29108 367 315 91143 13 2006 5782 13032 29015 80441 2794 47175 70038 82334 31404 7354 17842 57318 4230 30757 3083 14495 11 18114 2006 17564 11 18269 11 29648 11 88390 14495 11 2794 18562 11 18008 10009 3083 10245 76590 16837 11 4716 4230 445 4327 29324 2794 4230 28171 11 23893 11 28515 11 29653 11 31642 2794 393 23909 6674 16908 11 27755 11812 80441 2794 47175 70038 82334 31404 19102 75753 30421 3083 3247 30482 3083 4230 3083 3247 45023 15881 1753 13 220 20 13 77956 8825 13 264 13 2360 32464 21746 527 11938 1234 420 23314 11 323 304 3717 449 279 445 81101 32009 11 14188 16197 6463 1914 68 1253 1005 904 836 477 1906 13234 555 477 5938 449 279 1023 477 904 315 1202 32133 11 3734 439 2631 369 13579 323 73348 1005 304 23524 323 8873 10831 279 445 81101 32009 477 439 743 13544 304 420 11360 220 20 2948 570 16197 22552 25076 499 264 5842 311 1005 1054 43 81101 863 320 1820 1054 9126 33611 21742 439 2631 311 26069 449 279 1566 11914 315 11360 220 16 960 8777 13 1472 690 26069 449 16197 753 6883 17959 320 59302 15987 520 3788 1129 9274 25932 916 14 13781 40000 70307 81043 34220 14 7609 2052 82746 40986 704 315 701 1005 315 279 4488 690 304 554 311 279 8935 315 16197 13 293 13 17908 311 16197 753 15637 315 445 81101 32009 323 43645 1903 555 477 369 16197 11 449 5201 311 904 32905 4375 323 29882 315 279 445 81101 32009 430 527 1903 555 499 11 439 1990 499 323 16197 11 499 527 323 690 387 279 6506 315 1778 32905 4375 323
220 20 13 77956 8825 13 264 13 2360 32464 21746 527 11938 1234 420 23314 11 323 304 3717 449 279 445 81101 32009 11 14188 16197 6463 1914 68 1253 1005 904 836 477 1906 13234 555 477 5938 449 279 1023 477 904 315 1202 32133 11 3734 439 2631 369 13579 323 73348 1005 304 23524 323 8873 10831 279 445 81101 32009 477 439 743 13544 304 420 11360 220 20 2948 570 16197 22552 25076 499 264 5842 311 1005 1054 43 81101 863 320 1820 1054 9126 33611 21742 439 2631 311 26069 449 279 1566 11914 315 11360 220 16 960 8777 13 1472 690 26069 449 16197 753 6883 17959 320 59302 15987 520 3788 1129 9274 25932 916 14 13781 40000 70307 81043 34220 14 7609 2052 82746 40986 704 315 701 1005 315 279 4488 690 304 554 311 279 8935 315 16197 13 293 13 17908 311 16197 753 15637 315 445 81101 32009 323 43645 1903 555 477 369 16197 11 449 5201 311 904 32905 4375 323 29882 315 279 445 81101 32009 430 527 1903 555 499 11 439 1990 499 323 16197 11 499 527 323 690 387 279 6506 315 1778 32905 4375 323 29882 13 272 13 1442 499 44798 39725 477 1023 29407 2403 16197 477 904 5502 320 16564 264 5425 12 8017 477 5663 8017 304 264 19831 8 62546 430 279 445 81101 32009 477 445 81101 220 18 13 16 16674 477 3135 11 477 904 13651 315 904 315 279 88931 11 42675 54443 315 20207 3424 477 1023 3268 13234 477 67336 481 555 499 11 1243 904 21746 11938 311 499 1234 420 23314 4985 30754 439 315 279 2457 1778 39725 477 3802 374 13019 477 81099 13 1472 690 90108 1463 323 3412 53997 16197 505 323 2403 904 3802 555 904 4948 4717 40986 704 315 477 5552 311 701 1005 477 8141 315 279 445 81101 32009 13 220 21 13 17978 323 10335 33196 13 578 4751 315 420 23314 690 56445 5304 701 26586 315 420 23314 477 2680 311 279 445 81101 32009 323 690 3136 304 2539 5457 323 2515 3156 32372 304 18859 449 279 3878 323 4787 36881 13 16197 1253 30754 420 23314 422 499 527 304 31471 315 904 4751 477 3044 315 420 23314 13 30538 35508 315 420 23314 11 499 4985 3783 323 32616 1005 315 279 445 81101 32009 13 60137 220 18 11 220 19 323 220 22 4985 18167 279 35508 315 420 23314 13 220 22 13 94984 1251 7658 323 39898 26705
11 449 5201 311 904 32905 4375 323 29882 315 279 445 81101 32009 430 527 1903 555 499 11 439 1990 499 323 16197 11 499 527 323 690 387 279 6506 315 1778 32905 4375 323 29882 13 272 13 1442 499 44798 39725 477 1023 29407 2403 16197 477 904 5502 320 16564 264 5425 12 8017 477 5663 8017 304 264 19831 8 62546 430 279 445 81101 32009 477 445 81101 220 18 13 16 16674 477 3135 11 477 904 13651 315 904 315 279 88931 11 42675 54443 315 20207 3424 477 1023 3268 13234 477 67336 481 555 499 11 1243 904 21746 11938 311 499 1234 420 23314 4985 30754 439 315 279 2457 1778 39725 477 3802 374 13019 477 81099 13 1472 690 90108 1463 323 3412 53997 16197 505 323 2403 904 3802 555 904 4948 4717 40986 704 315 477 5552 311 701 1005 477 8141 315 279 445 81101 32009 13 220 21 13 17978 323 10335 33196 13 578 4751 315 420 23314 690 56445 5304 701 26586 315 420 23314 477 2680 311 279 445 81101 32009 323 690 3136 304 2539 5457 323 2515 3156 32372 304 18859 449 279 3878 323 4787 36881 13 16197 1253 30754 420 23314 422 499 527 304 31471 315 904 4751 477 3044 315 420 23314 13 30538 35508 315 420 23314 11 499 4985 3783 323 32616 1005 315 279 445 81101 32009 13 60137 220 18 11 220 19 323 220 22 4985 18167 279 35508 315 420 23314 13 220 22 13 94984 1251 7658 323 39898 26705 13 1115 23314 690 387 27800 323 71259 1234 279 7016 315 279 3314 315 7188 2085 5363 311 5873 315 2383 16565 11 323 279 6781 26958 389 71659 369 279 7327 13618 315 42695 1587 539 3881 311 420 23314 13 578 19359 315 7188 4985 617 14079 29101 315 904 26086 40986 704 315 420 23314 13 674 445 81101 220 18 13 16 21496 481 5560 11216 16197 374 11411 311 22923 6220 323 6762 1005 315 1202 7526 323 4519 11 2737 445 81101 220 18 13 16 13 1442 499 2680 477 1005 445 81101 220 18 13 16 11 499 7655 311 420 21496 481 5560 11216 27179 14145 65312 578 1455 3293 3048 315 420 4947 649 387 1766 520 510 2485 1129 657 3105 25932 916 14 657 3105 18 62 16 63372 67520 9725 2485 1129 657 3105 25932 916 14 657 3105 18 62 16 63372 67520 8 7860 1322 93617 39923 1226 1390 5127 311 1005 445 81101 220 18 13 16 21676 323 87388 13 1472 7655 499 690 539 1005 11 477 2187 3885 311 1005 11 445 81101 220 18 13 16 311 25 220 16 13 30555 349 279 2383 477 3885 529 3268 11 2737 311 25 220 16 13 3365 425 304 11 12192 11 7068 11 17210 311 11 15253 11 3197 11 3709 635 11 477 4726
578 4751 315 420 23314 690 56445 5304 701 26586 315 420 23314 477 2680 311 279 445 81101 32009 323 690 3136 304 2539 5457 323 2515 3156 32372 304 18859 449 279 3878 323 4787 36881 13 16197 1253 30754 420 23314 422 499 527 304 31471 315 904 4751 477 3044 315 420 23314 13 30538 35508 315 420 23314 11 499 4985 3783 323 32616 1005 315 279 445 81101 32009 13 60137 220 18 11 220 19 323 220 22 4985 18167 279 35508 315 420 23314 13 220 22 13 94984 1251 7658 323 39898 26705 13 1115 23314 690 387 27800 323 71259 1234 279 7016 315 279 3314 315 7188 2085 5363 311 5873 315 2383 16565 11 323 279 6781 26958 389 71659 369 279 7327 13618 315 42695 1587 539 3881 311 420 23314 13 578 19359 315 7188 4985 617 14079 29101 315 904 26086 40986 704 315 420 23314 13 674 445 81101 220 18 13 16 21496 481 5560 11216 16197 374 11411 311 22923 6220 323 6762 1005 315 1202 7526 323 4519 11 2737 445 81101 220 18 13 16 13 1442 499 2680 477 1005 445 81101 220 18 13 16 11 499 7655 311 420 21496 481 5560 11216 27179 14145 65312 578 1455 3293 3048 315 420 4947 649 387 1766 520 510 2485 1129 657 3105 25932 916 14 657 3105 18 62 16 63372 67520 9725 2485 1129 657 3105 25932 916 14 657 3105 18 62 16 63372 67520 8 7860 1322 93617 39923 1226 1390 5127 311 1005 445 81101 220 18 13 16 21676 323 87388 13 1472 7655 499 690 539 1005 11 477 2187 3885 311 1005 11 445 81101 220 18 13 16 311 25 220 16 13 30555 349 279 2383 477 3885 529 3268 11 2737 311 25 220 16 13 3365 425 304 11 12192 11 7068 11 17210 311 11 15253 11 3197 11 3709 635 11 477 4726 12079 477 45522 5820 477 2262 11 1778 439 25 220 16 13 47732 477 24020 220 17 13 7943 385 7709 477 11682 311 2911 11 2737 279 30844 7709 11 9886 11 24279 11 477 198 47 87806 271 578 4348 3331 3142 1914 374 264 1949 11 6293 63748 5842 369 198 37751 323 1023 13124 315 4375 382 578 21746 369 1455 3241 323 1023 15325 4375 527 6319 198 998 1935 3201 701 11542 311 4430 323 2349 279 4375 13 3296 13168 345 1820 4348 3331 3142 1914 374 10825 311 15803 701 11542 311 198 19930 323 2349 682 11028 315 264 2068 313 998 1304 2771 433 8625 1949 198 37751 369 682 1202 3932 13 1226 11 279 3658 4476 5114 11 1005 279 198 37323 3331 3142 1914 369 1455 315 1057 3241 26 433 17208 1101 311 198 3852 1023 990 6004 420 1648 555 1202 12283 13 1472 649 3881 433 311 198 22479 7620 11 2288 382 3277 584 6604 315 1949 3241 11 584 527 22797 311 11542 11 539 198 6692 13 5751 3331 3142 33675 4377 527 6319 311 1304 2771 430 499 198 19553 279 11542 311 16822 11236 315 1949 3241 320 438 6900 369 198 49818 422 499 6562 705 430 499 5371 2592 2082 477 649 636 433 422 499 198 53757 433 11 430 499 649
16197 374 11411 311 22923 6220 323 6762 1005 315 1202 7526 323 4519 11 2737 445 81101 220 18 13 16 13 1442 499 2680 477 1005 445 81101 220 18 13 16 11 499 7655 311 420 21496 481 5560 11216 27179 14145 65312 578 1455 3293 3048 315 420 4947 649 387 1766 520 510 2485 1129 657 3105 25932 916 14 657 3105 18 62 16 63372 67520 9725 2485 1129 657 3105 25932 916 14 657 3105 18 62 16 63372 67520 8 7860 1322 93617 39923 1226 1390 5127 311 1005 445 81101 220 18 13 16 21676 323 87388 13 1472 7655 499 690 539 1005 11 477 2187 3885 311 1005 11 445 81101 220 18 13 16 311 25 220 16 13 30555 349 279 2383 477 3885 529 3268 11 2737 311 25 220 16 13 3365 425 304 11 12192 11 7068 11 17210 311 11 15253 11 3197 11 3709 635 11 477 4726 12079 477 45522 5820 477 2262 11 1778 439 25 220 16 13 47732 477 24020 220 17 13 7943 385 7709 477 11682 311 2911 11 2737 279 30844 7709 11 9886 11 24279 11 477 198 47 87806 271 578 4348 3331 3142 1914 374 264 1949 11 6293 63748 5842 369 198 37751 323 1023 13124 315 4375 382 578 21746 369 1455 3241 323 1023 15325 4375 527 6319 198 998 1935 3201 701 11542 311 4430 323 2349 279 4375 13 3296 13168 345 1820 4348 3331 3142 1914 374 10825 311 15803 701 11542 311 198 19930 323 2349 682 11028 315 264 2068 313 998 1304 2771 433 8625 1949 198 37751 369 682 1202 3932 13 1226 11 279 3658 4476 5114 11 1005 279 198 37323 3331 3142 1914 369 1455 315 1057 3241 26 433 17208 1101 311 198 3852 1023 990 6004 420 1648 555 1202 12283 13 1472 649 3881 433 311 198 22479 7620 11 2288 382 3277 584 6604 315 1949 3241 11 584 527 22797 311 11542 11 539 198 6692 13 5751 3331 3142 33675 4377 527 6319 311 1304 2771 430 499 198 19553 279 11542 311 16822 11236 315 1949 3241 320 438 6900 369 198 49818 422 499 6562 705 430 499 5371 2592 2082 477 649 636 433 422 499 198 53757 433 11 430 499 649 2349 279 3241 477 1005 9863 315 433 304 502 198 10816 7620 11 323 430 499 1440 499 649 656 1521 2574 382 2057 6144 701 3268 11 584 1205 311 5471 3885 505 41566 499 198 45010 3268 477 10371 499 311 32859 279 3268 13 15636 11 499 617 198 66 7770 28423 422 499 16822 11236 315 279 3241 11 477 422 198 9514 5719 433 25 28423 311 5201 279 11542 315 3885 382 1789 3187 11 422 499 16822 11236 315 1778 264 2068 11 3508 198 95846 477 369 264 11307 11 499 2011 1522 389 311 279 34876 279 1890 198 25746 291 7085 430 499 4036 13 1472 2011 1304 2771 430 814 11 2288 11 5371 198 269 649 636 279 2592 2082 13 1628 499 2011 1501 1124 1521 3878 779 814 198 33134 872 3268 382 47717 430 1005 279 4348 23794 6144 701 3268 449 1403 7504 512 7 16 8 2105 7065 389 279 3241 11 323 320 17 8 3085 499 420 1914 198 70 2299 499 5897 8041 311 3048 11 16822 323 5255 5719 433 382 1789 279 13707 6 323 12283 6 9313 11 279 23794 9539 15100 198 9210 1070 374 912 8642 369 420 1949 3241 13 1789 2225 3932 6 323 198 48105 6 25491 11 279 23794 7612 430 11041 11028 387 13160 439 198
1778 439 25 220 16 13 47732 477 24020 220 17 13 7943 385 7709 477 11682 311 2911 11 2737 279 30844 7709 11 9886 11 24279 11 477 198 47 87806 271 578 4348 3331 3142 1914 374 264 1949 11 6293 63748 5842 369 198 37751 323 1023 13124 315 4375 382 578 21746 369 1455 3241 323 1023 15325 4375 527 6319 198 998 1935 3201 701 11542 311 4430 323 2349 279 4375 13 3296 13168 345 1820 4348 3331 3142 1914 374 10825 311 15803 701 11542 311 198 19930 323 2349 682 11028 315 264 2068 313 998 1304 2771 433 8625 1949 198 37751 369 682 1202 3932 13 1226 11 279 3658 4476 5114 11 1005 279 198 37323 3331 3142 1914 369 1455 315 1057 3241 26 433 17208 1101 311 198 3852 1023 990 6004 420 1648 555 1202 12283 13 1472 649 3881 433 311 198 22479 7620 11 2288 382 3277 584 6604 315 1949 3241 11 584 527 22797 311 11542 11 539 198 6692 13 5751 3331 3142 33675 4377 527 6319 311 1304 2771 430 499 198 19553 279 11542 311 16822 11236 315 1949 3241 320 438 6900 369 198 49818 422 499 6562 705 430 499 5371 2592 2082 477 649 636 433 422 499 198 53757 433 11 430 499 649 2349 279 3241 477 1005 9863 315 433 304 502 198 10816 7620 11 323 430 499 1440 499 649 656 1521 2574 382 2057 6144 701 3268 11 584 1205 311 5471 3885 505 41566 499 198 45010 3268 477 10371 499 311 32859 279 3268 13 15636 11 499 617 198 66 7770 28423 422 499 16822 11236 315 279 3241 11 477 422 198 9514 5719 433 25 28423 311 5201 279 11542 315 3885 382 1789 3187 11 422 499 16822 11236 315 1778 264 2068 11 3508 198 95846 477 369 264 11307 11 499 2011 1522 389 311 279 34876 279 1890 198 25746 291 7085 430 499 4036 13 1472 2011 1304 2771 430 814 11 2288 11 5371 198 269 649 636 279 2592 2082 13 1628 499 2011 1501 1124 1521 3878 779 814 198 33134 872 3268 382 47717 430 1005 279 4348 23794 6144 701 3268 449 1403 7504 512 7 16 8 2105 7065 389 279 3241 11 323 320 17 8 3085 499 420 1914 198 70 2299 499 5897 8041 311 3048 11 16822 323 5255 5719 433 382 1789 279 13707 6 323 12283 6 9313 11 279 23794 9539 15100 198 9210 1070 374 912 8642 369 420 1949 3241 13 1789 2225 3932 6 323 198 48105 6 25491 11 279 23794 7612 430 11041 11028 387 13160 439 198 17805 11 779 430 872 5435 690 539 387 30706 58889 7162 311 198 48105 315 3766 11028 382 4427 7766 527 6319 311 23973 3932 2680 311 4685 477 1629 198 28261 11028 315 279 3241 4871 1124 11 8051 279 14290 198 4919 656 779 13 1115 374 43593 53924 449 279 9395 315 198 47079 287 3932 6 11542 311 2349 279 3241 13 578 37538 198 14676 315 1778 11737 13980 304 279 3158 315 3956 369 7931 311 198 817 11 902 374 24559 1405 433 374 1455 44085 13 15636 11 584 198 19553 6319 420 2373 315 279 23794 311 48486 279 6725 369 1884 198 10354 13 1442 1778 5435 31889 32302 304 1023 31576 11 584 198 2752 5644 311 13334 420 17575 311 1884 31576 304 3938 11028 198 1073 279 23794 11 439 4460 311 6144 279 11542 315 3932 382 17830 11 1475 2068 374 21699 15320 555 3241 46997 627 24137 1288 539 2187 46997 311 9067 4500 323 1005 315 198 37751 389 4689 59338 19002 11 719 304 1884 430 656 11 584 6562 311 198 48956 279 3361 8137 430 46997 9435 311 264 1949 2068 1436 198 7072 433 13750 34333 13 2057 5471 420 11 279 23794 94087 430 198 4781 812 4250 387 1511 311 3219 279 2068 2536 12862 382 578 24473 3878 323 4787 369 32139
311 11542 11 539 198 6692 13 5751 3331 3142 33675 4377 527 6319 311 1304 2771 430 499 198 19553 279 11542 311 16822 11236 315 1949 3241 320 438 6900 369 198 49818 422 499 6562 705 430 499 5371 2592 2082 477 649 636 433 422 499 198 53757 433 11 430 499 649 2349 279 3241 477 1005 9863 315 433 304 502 198 10816 7620 11 323 430 499 1440 499 649 656 1521 2574 382 2057 6144 701 3268 11 584 1205 311 5471 3885 505 41566 499 198 45010 3268 477 10371 499 311 32859 279 3268 13 15636 11 499 617 198 66 7770 28423 422 499 16822 11236 315 279 3241 11 477 422 198 9514 5719 433 25 28423 311 5201 279 11542 315 3885 382 1789 3187 11 422 499 16822 11236 315 1778 264 2068 11 3508 198 95846 477 369 264 11307 11 499 2011 1522 389 311 279 34876 279 1890 198 25746 291 7085 430 499 4036 13 1472 2011 1304 2771 430 814 11 2288 11 5371 198 269 649 636 279 2592 2082 13 1628 499 2011 1501 1124 1521 3878 779 814 198 33134 872 3268 382 47717 430 1005 279 4348 23794 6144 701 3268 449 1403 7504 512 7 16 8 2105 7065 389 279 3241 11 323 320 17 8 3085 499 420 1914 198 70 2299 499 5897 8041 311 3048 11 16822 323 5255 5719 433 382 1789 279 13707 6 323 12283 6 9313 11 279 23794 9539 15100 198 9210 1070 374 912 8642 369 420 1949 3241 13 1789 2225 3932 6 323 198 48105 6 25491 11 279 23794 7612 430 11041 11028 387 13160 439 198 17805 11 779 430 872 5435 690 539 387 30706 58889 7162 311 198 48105 315 3766 11028 382 4427 7766 527 6319 311 23973 3932 2680 311 4685 477 1629 198 28261 11028 315 279 3241 4871 1124 11 8051 279 14290 198 4919 656 779 13 1115 374 43593 53924 449 279 9395 315 198 47079 287 3932 6 11542 311 2349 279 3241 13 578 37538 198 14676 315 1778 11737 13980 304 279 3158 315 3956 369 7931 311 198 817 11 902 374 24559 1405 433 374 1455 44085 13 15636 11 584 198 19553 6319 420 2373 315 279 23794 311 48486 279 6725 369 1884 198 10354 13 1442 1778 5435 31889 32302 304 1023 31576 11 584 198 2752 5644 311 13334 420 17575 311 1884 31576 304 3938 11028 198 1073 279 23794 11 439 4460 311 6144 279 11542 315 3932 382 17830 11 1475 2068 374 21699 15320 555 3241 46997 627 24137 1288 539 2187 46997 311 9067 4500 323 1005 315 198 37751 389 4689 59338 19002 11 719 304 1884 430 656 11 584 6562 311 198 48956 279 3361 8137 430 46997 9435 311 264 1949 2068 1436 198 7072 433 13750 34333 13 2057 5471 420 11 279 23794 94087 430 198 4781 812 4250 387 1511 311 3219 279 2068 2536 12862 382 578 24473 3878 323 4787 369 32139 11 8141 323 198 98696 1833 382 100028 3651 11596 271 220 15 13 47613 382 330 2028 1914 1 19813 311 2373 220 18 315 279 4348 3331 3142 1914 382 330 13857 1 1101 3445 7065 12970 7016 430 3881 311 1023 13124 315 198 19033 11 1778 439 87836 27227 382 330 791 6826 1 19813 311 904 7065 481 990 16383 1234 420 198 10028 13 9062 86734 374 20669 439 330 9514 3343 330 10028 288 1 323 198 1 2827 48747 1 1253 387 7931 477 11351 382 2057 330 35153 1 264 990 3445 311 3048 505 477 10737 682 477 961 315 279 990 198 258 264 11401 23537 7065 8041 11 1023 1109 279 3339 315 459 198 47485 3048 13 578 13239 990 374 2663 264 330 28261 2373 1 315 279 198 686 5741 990 477 264 990 330 31039 389 1 279 6931 990 382 362 330 21468 990 1 3445 3060 279 653 28261 6826 477 264 990 3196 198 263 279 6826 382 2057 330 2741 47936 1 264 990 3445 311 656 4205 449 433 430 11 2085 198 23443 11 1053 1304 499 6089 477 2132 6751 35473 369 198 258 1658 287 1133 1234 8581 7065 2383 11 3734 31320 433 389 264 198 44211 477 47141 264 879 3048 13 3998 28236 5764 32139 345 82816 320 4291 477
1472 2011 1304 2771 430 814 11 2288 11 5371 198 269 649 636 279 2592 2082 13 1628 499 2011 1501 1124 1521 3878 779 814 198 33134 872 3268 382 47717 430 1005 279 4348 23794 6144 701 3268 449 1403 7504 512 7 16 8 2105 7065 389 279 3241 11 323 320 17 8 3085 499 420 1914 198 70 2299 499 5897 8041 311 3048 11 16822 323 5255 5719 433 382 1789 279 13707 6 323 12283 6 9313 11 279 23794 9539 15100 198 9210 1070 374 912 8642 369 420 1949 3241 13 1789 2225 3932 6 323 198 48105 6 25491 11 279 23794 7612 430 11041 11028 387 13160 439 198 17805 11 779 430 872 5435 690 539 387 30706 58889 7162 311 198 48105 315 3766 11028 382 4427 7766 527 6319 311 23973 3932 2680 311 4685 477 1629 198 28261 11028 315 279 3241 4871 1124 11 8051 279 14290 198 4919 656 779 13 1115 374 43593 53924 449 279 9395 315 198 47079 287 3932 6 11542 311 2349 279 3241 13 578 37538 198 14676 315 1778 11737 13980 304 279 3158 315 3956 369 7931 311 198 817 11 902 374 24559 1405 433 374 1455 44085 13 15636 11 584 198 19553 6319 420 2373 315 279 23794 311 48486 279 6725 369 1884 198 10354 13 1442 1778 5435 31889 32302 304 1023 31576 11 584 198 2752 5644 311 13334 420 17575 311 1884 31576 304 3938 11028 198 1073 279 23794 11 439 4460 311 6144 279 11542 315 3932 382 17830 11 1475 2068 374 21699 15320 555 3241 46997 627 24137 1288 539 2187 46997 311 9067 4500 323 1005 315 198 37751 389 4689 59338 19002 11 719 304 1884 430 656 11 584 6562 311 198 48956 279 3361 8137 430 46997 9435 311 264 1949 2068 1436 198 7072 433 13750 34333 13 2057 5471 420 11 279 23794 94087 430 198 4781 812 4250 387 1511 311 3219 279 2068 2536 12862 382 578 24473 3878 323 4787 369 32139 11 8141 323 198 98696 1833 382 100028 3651 11596 271 220 15 13 47613 382 330 2028 1914 1 19813 311 2373 220 18 315 279 4348 3331 3142 1914 382 330 13857 1 1101 3445 7065 12970 7016 430 3881 311 1023 13124 315 198 19033 11 1778 439 87836 27227 382 330 791 6826 1 19813 311 904 7065 481 990 16383 1234 420 198 10028 13 9062 86734 374 20669 439 330 9514 3343 330 10028 288 1 323 198 1 2827 48747 1 1253 387 7931 477 11351 382 2057 330 35153 1 264 990 3445 311 3048 505 477 10737 682 477 961 315 279 990 198 258 264 11401 23537 7065 8041 11 1023 1109 279 3339 315 459 198 47485 3048 13 578 13239 990 374 2663 264 330 28261 2373 1 315 279 198 686 5741 990 477 264 990 330 31039 389 1 279 6931 990 382 362 330 21468 990 1 3445 3060 279 653 28261 6826 477 264 990 3196 198 263 279 6826 382 2057 330 2741 47936 1 264 990 3445 311 656 4205 449 433 430 11 2085 198 23443 11 1053 1304 499 6089 477 2132 6751 35473 369 198 258 1658 287 1133 1234 8581 7065 2383 11 3734 31320 433 389 264 198 44211 477 47141 264 879 3048 13 3998 28236 5764 32139 345 82816 320 4291 477 2085 17466 705 3339 2561 311 279 198 898 11 323 304 1063 5961 1023 7640 439 1664 382 2057 330 444 5735 1 264 990 3445 904 3169 315 54743 430 20682 1023 198 4581 552 311 1304 477 5371 11236 13 386 486 16628 449 264 1217 1555 198 64 6500 4009 11 449 912 8481 315 264 3048 11 374 539 94165 382 1556 21416 1217 3834 19207 330 2213 25264 25705 96353 702 998 279 13112 430 433 5764 264 17125 323 74088 9621 198 13043 430 320 16 8 19207 459 8475 7065 5406 11 323 320 17 340 83 6572 279 1217 430 1070 374 912 8642 369 279 990 320 11945 311 279 198 71272 430 61913 527 3984 705 430 5842 288 1253 20599 279 198 1816 1234 420 1914 11 323 1268 311 1684 264 3048 315 420 1914 13 1442 198 1820 3834 18911 264 1160 315 1217 11545 477 2671 11 1778 439 264 198 6192 11 264 21102 1537 304 279 1160 20628 420 37057 382 220 16 13 8922 6247 382 578 330 2484 2082 1 369 264 990 3445 279 15236 1376 315 279 990 198 2000 3339 29882 311 433 13 330 1211 2082 1 3445 904 2536 31874 198 630 315 264 990 382 362 330 20367 20620 1 3445 459 3834 430 3060 374 459 4033 198 20885 4613 555
449 279 9395 315 198 47079 287 3932 6 11542 311 2349 279 3241 13 578 37538 198 14676 315 1778 11737 13980 304 279 3158 315 3956 369 7931 311 198 817 11 902 374 24559 1405 433 374 1455 44085 13 15636 11 584 198 19553 6319 420 2373 315 279 23794 311 48486 279 6725 369 1884 198 10354 13 1442 1778 5435 31889 32302 304 1023 31576 11 584 198 2752 5644 311 13334 420 17575 311 1884 31576 304 3938 11028 198 1073 279 23794 11 439 4460 311 6144 279 11542 315 3932 382 17830 11 1475 2068 374 21699 15320 555 3241 46997 627 24137 1288 539 2187 46997 311 9067 4500 323 1005 315 198 37751 389 4689 59338 19002 11 719 304 1884 430 656 11 584 6562 311 198 48956 279 3361 8137 430 46997 9435 311 264 1949 2068 1436 198 7072 433 13750 34333 13 2057 5471 420 11 279 23794 94087 430 198 4781 812 4250 387 1511 311 3219 279 2068 2536 12862 382 578 24473 3878 323 4787 369 32139 11 8141 323 198 98696 1833 382 100028 3651 11596 271 220 15 13 47613 382 330 2028 1914 1 19813 311 2373 220 18 315 279 4348 3331 3142 1914 382 330 13857 1 1101 3445 7065 12970 7016 430 3881 311 1023 13124 315 198 19033 11 1778 439 87836 27227 382 330 791 6826 1 19813 311 904 7065 481 990 16383 1234 420 198 10028 13 9062 86734 374 20669 439 330 9514 3343 330 10028 288 1 323 198 1 2827 48747 1 1253 387 7931 477 11351 382 2057 330 35153 1 264 990 3445 311 3048 505 477 10737 682 477 961 315 279 990 198 258 264 11401 23537 7065 8041 11 1023 1109 279 3339 315 459 198 47485 3048 13 578 13239 990 374 2663 264 330 28261 2373 1 315 279 198 686 5741 990 477 264 990 330 31039 389 1 279 6931 990 382 362 330 21468 990 1 3445 3060 279 653 28261 6826 477 264 990 3196 198 263 279 6826 382 2057 330 2741 47936 1 264 990 3445 311 656 4205 449 433 430 11 2085 198 23443 11 1053 1304 499 6089 477 2132 6751 35473 369 198 258 1658 287 1133 1234 8581 7065 2383 11 3734 31320 433 389 264 198 44211 477 47141 264 879 3048 13 3998 28236 5764 32139 345 82816 320 4291 477 2085 17466 705 3339 2561 311 279 198 898 11 323 304 1063 5961 1023 7640 439 1664 382 2057 330 444 5735 1 264 990 3445 904 3169 315 54743 430 20682 1023 198 4581 552 311 1304 477 5371 11236 13 386 486 16628 449 264 1217 1555 198 64 6500 4009 11 449 912 8481 315 264 3048 11 374 539 94165 382 1556 21416 1217 3834 19207 330 2213 25264 25705 96353 702 998 279 13112 430 433 5764 264 17125 323 74088 9621 198 13043 430 320 16 8 19207 459 8475 7065 5406 11 323 320 17 340 83 6572 279 1217 430 1070 374 912 8642 369 279 990 320 11945 311 279 198 71272 430 61913 527 3984 705 430 5842 288 1253 20599 279 198 1816 1234 420 1914 11 323 1268 311 1684 264 3048 315 420 1914 13 1442 198 1820 3834 18911 264 1160 315 1217 11545 477 2671 11 1778 439 264 198 6192 11 264 21102 1537 304 279 1160 20628 420 37057 382 220 16 13 8922 6247 382 578 330 2484 2082 1 369 264 990 3445 279 15236 1376 315 279 990 198 2000 3339 29882 311 433 13 330 1211 2082 1 3445 904 2536 31874 198 630 315 264 990 382 362 330 20367 20620 1 3445 459 3834 430 3060 374 459 4033 198 20885 4613 555 264 15324 10886 2547 11 477 11 304 279 1162 315 198 30065 5300 369 264 4040 15840 4221 11 832 430 198 285 13882 1511 4315 13707 3318 304 430 4221 382 578 330 2374 55612 1 315 459 33256 990 2997 4205 11 1023 198 54895 279 990 439 264 4459 11 430 320 64 8 374 5343 304 279 4725 1376 315 198 4853 4210 264 17559 5695 11 719 902 374 539 961 315 430 17559 198 2238 11 323 320 65 8 17482 1193 311 7431 1005 315 279 990 449 430 198 35575 5695 11 477 311 4305 264 12028 20620 369 902 459 198 14706 374 2561 311 279 586 304 2592 2082 1376 13 362 198 1 35575 5695 498 304 420 2317 11 3445 264 3682 7718 3777 198 56257 11 3321 1887 11 323 779 389 8 315 279 3230 10565 1887 198 34433 904 8 389 902 279 33256 990 8640 11 477 264 19979 1511 311 198 98374 279 990 11 477 459 1665 2082 40399 1511 311 1629 433 382 578 330 10803 6961 287 8922 1 369 264 990 304 1665 2082 1376 3445 682 198 1820 2592 2082 4460 311 7068 11 4685 11 323 320 2000 459 33256 198 1816 8 1629 279 1665 2082 323 311 5719 279 990 11 2737 20070 311 198 2935 1884 7640 13 4452 11
279 2068 2536 12862 382 578 24473 3878 323 4787 369 32139 11 8141 323 198 98696 1833 382 100028 3651 11596 271 220 15 13 47613 382 330 2028 1914 1 19813 311 2373 220 18 315 279 4348 3331 3142 1914 382 330 13857 1 1101 3445 7065 12970 7016 430 3881 311 1023 13124 315 198 19033 11 1778 439 87836 27227 382 330 791 6826 1 19813 311 904 7065 481 990 16383 1234 420 198 10028 13 9062 86734 374 20669 439 330 9514 3343 330 10028 288 1 323 198 1 2827 48747 1 1253 387 7931 477 11351 382 2057 330 35153 1 264 990 3445 311 3048 505 477 10737 682 477 961 315 279 990 198 258 264 11401 23537 7065 8041 11 1023 1109 279 3339 315 459 198 47485 3048 13 578 13239 990 374 2663 264 330 28261 2373 1 315 279 198 686 5741 990 477 264 990 330 31039 389 1 279 6931 990 382 362 330 21468 990 1 3445 3060 279 653 28261 6826 477 264 990 3196 198 263 279 6826 382 2057 330 2741 47936 1 264 990 3445 311 656 4205 449 433 430 11 2085 198 23443 11 1053 1304 499 6089 477 2132 6751 35473 369 198 258 1658 287 1133 1234 8581 7065 2383 11 3734 31320 433 389 264 198 44211 477 47141 264 879 3048 13 3998 28236 5764 32139 345 82816 320 4291 477 2085 17466 705 3339 2561 311 279 198 898 11 323 304 1063 5961 1023 7640 439 1664 382 2057 330 444 5735 1 264 990 3445 904 3169 315 54743 430 20682 1023 198 4581 552 311 1304 477 5371 11236 13 386 486 16628 449 264 1217 1555 198 64 6500 4009 11 449 912 8481 315 264 3048 11 374 539 94165 382 1556 21416 1217 3834 19207 330 2213 25264 25705 96353 702 998 279 13112 430 433 5764 264 17125 323 74088 9621 198 13043 430 320 16 8 19207 459 8475 7065 5406 11 323 320 17 340 83 6572 279 1217 430 1070 374 912 8642 369 279 990 320 11945 311 279 198 71272 430 61913 527 3984 705 430 5842 288 1253 20599 279 198 1816 1234 420 1914 11 323 1268 311 1684 264 3048 315 420 1914 13 1442 198 1820 3834 18911 264 1160 315 1217 11545 477 2671 11 1778 439 264 198 6192 11 264 21102 1537 304 279 1160 20628 420 37057 382 220 16 13 8922 6247 382 578 330 2484 2082 1 369 264 990 3445 279 15236 1376 315 279 990 198 2000 3339 29882 311 433 13 330 1211 2082 1 3445 904 2536 31874 198 630 315 264 990 382 362 330 20367 20620 1 3445 459 3834 430 3060 374 459 4033 198 20885 4613 555 264 15324 10886 2547 11 477 11 304 279 1162 315 198 30065 5300 369 264 4040 15840 4221 11 832 430 198 285 13882 1511 4315 13707 3318 304 430 4221 382 578 330 2374 55612 1 315 459 33256 990 2997 4205 11 1023 198 54895 279 990 439 264 4459 11 430 320 64 8 374 5343 304 279 4725 1376 315 198 4853 4210 264 17559 5695 11 719 902 374 539 961 315 430 17559 198 2238 11 323 320 65 8 17482 1193 311 7431 1005 315 279 990 449 430 198 35575 5695 11 477 311 4305 264 12028 20620 369 902 459 198 14706 374 2561 311 279 586 304 2592 2082 1376 13 362 198 1 35575 5695 498 304 420 2317 11 3445 264 3682 7718 3777 198 56257 11 3321 1887 11 323 779 389 8 315 279 3230 10565 1887 198 34433 904 8 389 902 279 33256 990 8640 11 477 264 19979 1511 311 198 98374 279 990 11 477 459 1665 2082 40399 1511 311 1629 433 382 578 330 10803 6961 287 8922 1 369 264 990 304 1665 2082 1376 3445 682 198 1820 2592 2082 4460 311 7068 11 4685 11 323 320 2000 459 33256 198 1816 8 1629 279 1665 2082 323 311 5719 279 990 11 2737 20070 311 198 2935 1884 7640 13 4452 11 433 1587 539 2997 279 990 596 198 2374 55612 11 477 4689 59338 7526 477 8965 2561 1949 198 74053 902 527 1511 653 28261 304 16785 1884 7640 719 198 8370 527 539 961 315 279 990 13 1789 3187 11 52042 287 8922 198 14866 3834 7419 3626 5938 449 2592 3626 369 198 1820 990 11 323 279 2592 2082 369 6222 20797 323 43111 198 44233 1207 74053 430 279 990 374 11951 6319 311 1397 345 21470 439 555 32487 828 10758 477 2585 6530 1990 1884 198 2008 74053 323 1023 5596 315 279 990 382 578 52042 287 8922 1205 539 2997 4205 430 3932 198 4919 80551 9651 505 1023 5596 315 279 52042 287 198 3692 382 578 52042 287 8922 369 264 990 304 2592 2082 1376 374 430 198 25030 990 382 220 17 13 14967 54457 382 2052 3268 11938 1234 420 1914 527 11938 369 279 4751 315 198 15859 389 279 6826 11 323 527 6348 7430 511 481 3984 279 11224 198 16902 527 2322 13 1115 1914 21650 3611 14742 701 27862 198 23443 311 1629 279 653 28261 6826 13 578 2612 505 4401 264 198 21468 990 374 9960 555 420 1914 1193 422 279 2612 11 2728 1202 198 1834 11 42675 264 9960 990 13 1115 1914 56030 701 198 77287 315 6762 1005 477 1023
1 3445 3060 279 653 28261 6826 477 264 990 3196 198 263 279 6826 382 2057 330 2741 47936 1 264 990 3445 311 656 4205 449 433 430 11 2085 198 23443 11 1053 1304 499 6089 477 2132 6751 35473 369 198 258 1658 287 1133 1234 8581 7065 2383 11 3734 31320 433 389 264 198 44211 477 47141 264 879 3048 13 3998 28236 5764 32139 345 82816 320 4291 477 2085 17466 705 3339 2561 311 279 198 898 11 323 304 1063 5961 1023 7640 439 1664 382 2057 330 444 5735 1 264 990 3445 904 3169 315 54743 430 20682 1023 198 4581 552 311 1304 477 5371 11236 13 386 486 16628 449 264 1217 1555 198 64 6500 4009 11 449 912 8481 315 264 3048 11 374 539 94165 382 1556 21416 1217 3834 19207 330 2213 25264 25705 96353 702 998 279 13112 430 433 5764 264 17125 323 74088 9621 198 13043 430 320 16 8 19207 459 8475 7065 5406 11 323 320 17 340 83 6572 279 1217 430 1070 374 912 8642 369 279 990 320 11945 311 279 198 71272 430 61913 527 3984 705 430 5842 288 1253 20599 279 198 1816 1234 420 1914 11 323 1268 311 1684 264 3048 315 420 1914 13 1442 198 1820 3834 18911 264 1160 315 1217 11545 477 2671 11 1778 439 264 198 6192 11 264 21102 1537 304 279 1160 20628 420 37057 382 220 16 13 8922 6247 382 578 330 2484 2082 1 369 264 990 3445 279 15236 1376 315 279 990 198 2000 3339 29882 311 433 13 330 1211 2082 1 3445 904 2536 31874 198 630 315 264 990 382 362 330 20367 20620 1 3445 459 3834 430 3060 374 459 4033 198 20885 4613 555 264 15324 10886 2547 11 477 11 304 279 1162 315 198 30065 5300 369 264 4040 15840 4221 11 832 430 198 285 13882 1511 4315 13707 3318 304 430 4221 382 578 330 2374 55612 1 315 459 33256 990 2997 4205 11 1023 198 54895 279 990 439 264 4459 11 430 320 64 8 374 5343 304 279 4725 1376 315 198 4853 4210 264 17559 5695 11 719 902 374 539 961 315 430 17559 198 2238 11 323 320 65 8 17482 1193 311 7431 1005 315 279 990 449 430 198 35575 5695 11 477 311 4305 264 12028 20620 369 902 459 198 14706 374 2561 311 279 586 304 2592 2082 1376 13 362 198 1 35575 5695 498 304 420 2317 11 3445 264 3682 7718 3777 198 56257 11 3321 1887 11 323 779 389 8 315 279 3230 10565 1887 198 34433 904 8 389 902 279 33256 990 8640 11 477 264 19979 1511 311 198 98374 279 990 11 477 459 1665 2082 40399 1511 311 1629 433 382 578 330 10803 6961 287 8922 1 369 264 990 304 1665 2082 1376 3445 682 198 1820 2592 2082 4460 311 7068 11 4685 11 323 320 2000 459 33256 198 1816 8 1629 279 1665 2082 323 311 5719 279 990 11 2737 20070 311 198 2935 1884 7640 13 4452 11 433 1587 539 2997 279 990 596 198 2374 55612 11 477 4689 59338 7526 477 8965 2561 1949 198 74053 902 527 1511 653 28261 304 16785 1884 7640 719 198 8370 527 539 961 315 279 990 13 1789 3187 11 52042 287 8922 198 14866 3834 7419 3626 5938 449 2592 3626 369 198 1820 990 11 323 279 2592 2082 369 6222 20797 323 43111 198 44233 1207 74053 430 279 990 374 11951 6319 311 1397 345 21470 439 555 32487 828 10758 477 2585 6530 1990 1884 198 2008 74053 323 1023 5596 315 279 990 382 578 52042 287 8922 1205 539 2997 4205 430 3932 198 4919 80551 9651 505 1023 5596 315 279 52042 287 198 3692 382 578 52042 287 8922 369 264 990 304 2592 2082 1376 374 430 198 25030 990 382 220 17 13 14967 54457 382 2052 3268 11938 1234 420 1914 527 11938 369 279 4751 315 198 15859 389 279 6826 11 323 527 6348 7430 511 481 3984 279 11224 198 16902 527 2322 13 1115 1914 21650 3611 14742 701 27862 198 23443 311 1629 279 653 28261 6826 13 578 2612 505 4401 264 198 21468 990 374 9960 555 420 1914 1193 422 279 2612 11 2728 1202 198 1834 11 42675 264 9960 990 13 1115 1914 56030 701 198 77287 315 6762 1005 477 1023 13890 11 439 3984 555 7065 2383 382 1472 1253 1304 11 1629 323 58514 9960 4375 430 499 656 539 198 444 5735 11 2085 4787 779 1317 439 701 5842 6062 8625 198 258 5457 13 1472 1253 20599 9960 4375 311 3885 369 279 13612 7580 198 1073 3515 1124 1304 29882 24121 369 499 11 477 3493 499 198 4291 13077 369 4401 1884 4375 11 3984 430 499 26069 449 198 1820 3878 315 420 1914 304 94165 682 3769 369 902 499 656 198 1962 2585 7065 13 13266 8617 3339 477 4401 279 9960 4375 198 2000 499 2011 656 779 24121 389 701 17981 11 1234 701 5216 198 438 2585 11 389 3878 430 48486 1124 505 3339 904 11236 315 198 22479 59713 3769 4994 872 5133 449 499 382 1221 5735 287 1234 904 1023 13463 374 15480 21742 1234 198 1820 4787 11224 3770 13 328 476 49205 374 539 5535 26 3857 220 605 198 80785 433 26225 382 220 18 13 34763 287 14969 6 25705 10734 5659 23853 7813 2496 372 7611 7658 382 2360 9960 990 4985 387 25660 961 315 459 7524 30116 198 48899 1234 904 8581 2383 50698 30255 1234 4652 198 806 315 279 43023 2089 7065 38997 18306 389 220 508 6790 220 2550 21 11 477 198 65387 7016 79466 477 65951 10408 7611 315
7065 5406 11 323 320 17 340 83 6572 279 1217 430 1070 374 912 8642 369 279 990 320 11945 311 279 198 71272 430 61913 527 3984 705 430 5842 288 1253 20599 279 198 1816 1234 420 1914 11 323 1268 311 1684 264 3048 315 420 1914 13 1442 198 1820 3834 18911 264 1160 315 1217 11545 477 2671 11 1778 439 264 198 6192 11 264 21102 1537 304 279 1160 20628 420 37057 382 220 16 13 8922 6247 382 578 330 2484 2082 1 369 264 990 3445 279 15236 1376 315 279 990 198 2000 3339 29882 311 433 13 330 1211 2082 1 3445 904 2536 31874 198 630 315 264 990 382 362 330 20367 20620 1 3445 459 3834 430 3060 374 459 4033 198 20885 4613 555 264 15324 10886 2547 11 477 11 304 279 1162 315 198 30065 5300 369 264 4040 15840 4221 11 832 430 198 285 13882 1511 4315 13707 3318 304 430 4221 382 578 330 2374 55612 1 315 459 33256 990 2997 4205 11 1023 198 54895 279 990 439 264 4459 11 430 320 64 8 374 5343 304 279 4725 1376 315 198 4853 4210 264 17559 5695 11 719 902 374 539 961 315 430 17559 198 2238 11 323 320 65 8 17482 1193 311 7431 1005 315 279 990 449 430 198 35575 5695 11 477 311 4305 264 12028 20620 369 902 459 198 14706 374 2561 311 279 586 304 2592 2082 1376 13 362 198 1 35575 5695 498 304 420 2317 11 3445 264 3682 7718 3777 198 56257 11 3321 1887 11 323 779 389 8 315 279 3230 10565 1887 198 34433 904 8 389 902 279 33256 990 8640 11 477 264 19979 1511 311 198 98374 279 990 11 477 459 1665 2082 40399 1511 311 1629 433 382 578 330 10803 6961 287 8922 1 369 264 990 304 1665 2082 1376 3445 682 198 1820 2592 2082 4460 311 7068 11 4685 11 323 320 2000 459 33256 198 1816 8 1629 279 1665 2082 323 311 5719 279 990 11 2737 20070 311 198 2935 1884 7640 13 4452 11 433 1587 539 2997 279 990 596 198 2374 55612 11 477 4689 59338 7526 477 8965 2561 1949 198 74053 902 527 1511 653 28261 304 16785 1884 7640 719 198 8370 527 539 961 315 279 990 13 1789 3187 11 52042 287 8922 198 14866 3834 7419 3626 5938 449 2592 3626 369 198 1820 990 11 323 279 2592 2082 369 6222 20797 323 43111 198 44233 1207 74053 430 279 990 374 11951 6319 311 1397 345 21470 439 555 32487 828 10758 477 2585 6530 1990 1884 198 2008 74053 323 1023 5596 315 279 990 382 578 52042 287 8922 1205 539 2997 4205 430 3932 198 4919 80551 9651 505 1023 5596 315 279 52042 287 198 3692 382 578 52042 287 8922 369 264 990 304 2592 2082 1376 374 430 198 25030 990 382 220 17 13 14967 54457 382 2052 3268 11938 1234 420 1914 527 11938 369 279 4751 315 198 15859 389 279 6826 11 323 527 6348 7430 511 481 3984 279 11224 198 16902 527 2322 13 1115 1914 21650 3611 14742 701 27862 198 23443 311 1629 279 653 28261 6826 13 578 2612 505 4401 264 198 21468 990 374 9960 555 420 1914 1193 422 279 2612 11 2728 1202 198 1834 11 42675 264 9960 990 13 1115 1914 56030 701 198 77287 315 6762 1005 477 1023 13890 11 439 3984 555 7065 2383 382 1472 1253 1304 11 1629 323 58514 9960 4375 430 499 656 539 198 444 5735 11 2085 4787 779 1317 439 701 5842 6062 8625 198 258 5457 13 1472 1253 20599 9960 4375 311 3885 369 279 13612 7580 198 1073 3515 1124 1304 29882 24121 369 499 11 477 3493 499 198 4291 13077 369 4401 1884 4375 11 3984 430 499 26069 449 198 1820 3878 315 420 1914 304 94165 682 3769 369 902 499 656 198 1962 2585 7065 13 13266 8617 3339 477 4401 279 9960 4375 198 2000 499 2011 656 779 24121 389 701 17981 11 1234 701 5216 198 438 2585 11 389 3878 430 48486 1124 505 3339 904 11236 315 198 22479 59713 3769 4994 872 5133 449 499 382 1221 5735 287 1234 904 1023 13463 374 15480 21742 1234 198 1820 4787 11224 3770 13 328 476 49205 374 539 5535 26 3857 220 605 198 80785 433 26225 382 220 18 13 34763 287 14969 6 25705 10734 5659 23853 7813 2496 372 7611 7658 382 2360 9960 990 4985 387 25660 961 315 459 7524 30116 198 48899 1234 904 8581 2383 50698 30255 1234 4652 198 806 315 279 43023 2089 7065 38997 18306 389 220 508 6790 220 2550 21 11 477 198 65387 7016 79466 477 65951 10408 7611 315 1778 198 2727 24368 382 3277 499 20599 264 9960 990 11 499 91383 904 5897 2410 311 74731 198 44398 372 7611 315 30116 11193 311 279 13112 1778 10408 7611 198 285 89589 555 51582 3268 1234 420 1914 449 5201 311 198 1820 9960 990 11 323 499 834 8017 904 14944 311 4017 5784 477 198 98696 315 279 990 439 264 3445 315 62908 11 2403 279 990 596 198 4312 11 701 477 4948 9875 6 5897 3268 311 74731 10408 7611 315 198 26522 5848 11193 382 220 19 13 1221 5735 287 6383 55848 80668 382 1472 1253 20599 2807 55848 11236 315 279 6826 596 2592 2082 439 499 198 42993 433 11 304 904 11298 11 3984 430 499 75315 66735 323 198 76571 2718 3498 389 1855 3048 459 8475 7065 5406 280 13397 35539 682 35871 28898 430 420 1914 323 904 198 6414 17453 58028 3878 3779 304 14902 449 3857 220 22 3881 311 279 2082 280 13397 35539 682 35871 315 279 19821 315 904 8642 26 323 3041 682 198 2827 48747 264 3048 4178 39200 220 18 13 16 52385 57273 12367 76590 16837 198 43 81101 220 18 13 16 6207 17836 2696 25 5887 220 1419 11 220 2366 19 271 2118 9219 17589 863 3445 279 3878 323 4787 369 1005 11 39656 11 8141 323 17466
578 330 2374 55612 1 315 459 33256 990 2997 4205 11 1023 198 54895 279 990 439 264 4459 11 430 320 64 8 374 5343 304 279 4725 1376 315 198 4853 4210 264 17559 5695 11 719 902 374 539 961 315 430 17559 198 2238 11 323 320 65 8 17482 1193 311 7431 1005 315 279 990 449 430 198 35575 5695 11 477 311 4305 264 12028 20620 369 902 459 198 14706 374 2561 311 279 586 304 2592 2082 1376 13 362 198 1 35575 5695 498 304 420 2317 11 3445 264 3682 7718 3777 198 56257 11 3321 1887 11 323 779 389 8 315 279 3230 10565 1887 198 34433 904 8 389 902 279 33256 990 8640 11 477 264 19979 1511 311 198 98374 279 990 11 477 459 1665 2082 40399 1511 311 1629 433 382 578 330 10803 6961 287 8922 1 369 264 990 304 1665 2082 1376 3445 682 198 1820 2592 2082 4460 311 7068 11 4685 11 323 320 2000 459 33256 198 1816 8 1629 279 1665 2082 323 311 5719 279 990 11 2737 20070 311 198 2935 1884 7640 13 4452 11 433 1587 539 2997 279 990 596 198 2374 55612 11 477 4689 59338 7526 477 8965 2561 1949 198 74053 902 527 1511 653 28261 304 16785 1884 7640 719 198 8370 527 539 961 315 279 990 13 1789 3187 11 52042 287 8922 198 14866 3834 7419 3626 5938 449 2592 3626 369 198 1820 990 11 323 279 2592 2082 369 6222 20797 323 43111 198 44233 1207 74053 430 279 990 374 11951 6319 311 1397 345 21470 439 555 32487 828 10758 477 2585 6530 1990 1884 198 2008 74053 323 1023 5596 315 279 990 382 578 52042 287 8922 1205 539 2997 4205 430 3932 198 4919 80551 9651 505 1023 5596 315 279 52042 287 198 3692 382 578 52042 287 8922 369 264 990 304 2592 2082 1376 374 430 198 25030 990 382 220 17 13 14967 54457 382 2052 3268 11938 1234 420 1914 527 11938 369 279 4751 315 198 15859 389 279 6826 11 323 527 6348 7430 511 481 3984 279 11224 198 16902 527 2322 13 1115 1914 21650 3611 14742 701 27862 198 23443 311 1629 279 653 28261 6826 13 578 2612 505 4401 264 198 21468 990 374 9960 555 420 1914 1193 422 279 2612 11 2728 1202 198 1834 11 42675 264 9960 990 13 1115 1914 56030 701 198 77287 315 6762 1005 477 1023 13890 11 439 3984 555 7065 2383 382 1472 1253 1304 11 1629 323 58514 9960 4375 430 499 656 539 198 444 5735 11 2085 4787 779 1317 439 701 5842 6062 8625 198 258 5457 13 1472 1253 20599 9960 4375 311 3885 369 279 13612 7580 198 1073 3515 1124 1304 29882 24121 369 499 11 477 3493 499 198 4291 13077 369 4401 1884 4375 11 3984 430 499 26069 449 198 1820 3878 315 420 1914 304 94165 682 3769 369 902 499 656 198 1962 2585 7065 13 13266 8617 3339 477 4401 279 9960 4375 198 2000 499 2011 656 779 24121 389 701 17981 11 1234 701 5216 198 438 2585 11 389 3878 430 48486 1124 505 3339 904 11236 315 198 22479 59713 3769 4994 872 5133 449 499 382 1221 5735 287 1234 904 1023 13463 374 15480 21742 1234 198 1820 4787 11224 3770 13 328 476 49205 374 539 5535 26 3857 220 605 198 80785 433 26225 382 220 18 13 34763 287 14969 6 25705 10734 5659 23853 7813 2496 372 7611 7658 382 2360 9960 990 4985 387 25660 961 315 459 7524 30116 198 48899 1234 904 8581 2383 50698 30255 1234 4652 198 806 315 279 43023 2089 7065 38997 18306 389 220 508 6790 220 2550 21 11 477 198 65387 7016 79466 477 65951 10408 7611 315 1778 198 2727 24368 382 3277 499 20599 264 9960 990 11 499 91383 904 5897 2410 311 74731 198 44398 372 7611 315 30116 11193 311 279 13112 1778 10408 7611 198 285 89589 555 51582 3268 1234 420 1914 449 5201 311 198 1820 9960 990 11 323 499 834 8017 904 14944 311 4017 5784 477 198 98696 315 279 990 439 264 3445 315 62908 11 2403 279 990 596 198 4312 11 701 477 4948 9875 6 5897 3268 311 74731 10408 7611 315 198 26522 5848 11193 382 220 19 13 1221 5735 287 6383 55848 80668 382 1472 1253 20599 2807 55848 11236 315 279 6826 596 2592 2082 439 499 198 42993 433 11 304 904 11298 11 3984 430 499 75315 66735 323 198 76571 2718 3498 389 1855 3048 459 8475 7065 5406 280 13397 35539 682 35871 28898 430 420 1914 323 904 198 6414 17453 58028 3878 3779 304 14902 449 3857 220 22 3881 311 279 2082 280 13397 35539 682 35871 315 279 19821 315 904 8642 26 323 3041 682 198 2827 48747 264 3048 4178 39200 220 18 13 16 52385 57273 12367 76590 16837 198 43 81101 220 18 13 16 6207 17836 2696 25 5887 220 1419 11 220 2366 19 271 2118 9219 17589 863 3445 279 3878 323 4787 369 1005 11 39656 11 8141 323 17466 315 279 198 43 81101 32009 743 13544 36881 382 2118 65434 863 3445 279 29803 11 56294 323 9904 24442 445 81101 220 18 13 16 198 63475 555 16197 520 3788 1129 657 3105 25932 916 40610 14 50378 382 2118 10028 68 863 477 1054 9514 863 3445 499 11 477 701 19683 477 904 1023 1732 477 5502 320 333 499 527 16661 1139 198 576 23314 389 1778 1732 477 5502 753 17981 705 315 279 4325 2631 1234 8581 7016 11 5718 477 198 1610 7607 311 3493 5897 14771 323 430 706 5897 11447 311 10950 701 19683 477 1778 1023 198 9164 477 5502 422 499 527 16661 304 420 23314 389 872 17981 382 2118 43 81101 220 18 13 16 863 3445 279 89328 3544 4221 4211 323 3241 323 26249 11 2737 198 33156 71856 1646 2082 11 16572 1646 14661 11 45478 21430 19295 2082 11 4967 21430 19295 2082 345 63157 2442 38302 28462 2082 323 1023 5540 315 279 88931 4332 555 16197 520 198 2485 1129 657 3105 25932 916 14 657 3105 15220 33785 382 2118 43 81101 32009 863 3445 11 45925 11 16197 753 34333 445 81101 220 18 13 16 323 45565 320 438 904 198 15750 34366 8 1903 2561 1234 420 23314 382 2118 12452 863 477 1054 906 863 3445 16197 96209 14990 19439 320
11 4685 11 323 320 2000 459 33256 198 1816 8 1629 279 1665 2082 323 311 5719 279 990 11 2737 20070 311 198 2935 1884 7640 13 4452 11 433 1587 539 2997 279 990 596 198 2374 55612 11 477 4689 59338 7526 477 8965 2561 1949 198 74053 902 527 1511 653 28261 304 16785 1884 7640 719 198 8370 527 539 961 315 279 990 13 1789 3187 11 52042 287 8922 198 14866 3834 7419 3626 5938 449 2592 3626 369 198 1820 990 11 323 279 2592 2082 369 6222 20797 323 43111 198 44233 1207 74053 430 279 990 374 11951 6319 311 1397 345 21470 439 555 32487 828 10758 477 2585 6530 1990 1884 198 2008 74053 323 1023 5596 315 279 990 382 578 52042 287 8922 1205 539 2997 4205 430 3932 198 4919 80551 9651 505 1023 5596 315 279 52042 287 198 3692 382 578 52042 287 8922 369 264 990 304 2592 2082 1376 374 430 198 25030 990 382 220 17 13 14967 54457 382 2052 3268 11938 1234 420 1914 527 11938 369 279 4751 315 198 15859 389 279 6826 11 323 527 6348 7430 511 481 3984 279 11224 198 16902 527 2322 13 1115 1914 21650 3611 14742 701 27862 198 23443 311 1629 279 653 28261 6826 13 578 2612 505 4401 264 198 21468 990 374 9960 555 420 1914 1193 422 279 2612 11 2728 1202 198 1834 11 42675 264 9960 990 13 1115 1914 56030 701 198 77287 315 6762 1005 477 1023 13890 11 439 3984 555 7065 2383 382 1472 1253 1304 11 1629 323 58514 9960 4375 430 499 656 539 198 444 5735 11 2085 4787 779 1317 439 701 5842 6062 8625 198 258 5457 13 1472 1253 20599 9960 4375 311 3885 369 279 13612 7580 198 1073 3515 1124 1304 29882 24121 369 499 11 477 3493 499 198 4291 13077 369 4401 1884 4375 11 3984 430 499 26069 449 198 1820 3878 315 420 1914 304 94165 682 3769 369 902 499 656 198 1962 2585 7065 13 13266 8617 3339 477 4401 279 9960 4375 198 2000 499 2011 656 779 24121 389 701 17981 11 1234 701 5216 198 438 2585 11 389 3878 430 48486 1124 505 3339 904 11236 315 198 22479 59713 3769 4994 872 5133 449 499 382 1221 5735 287 1234 904 1023 13463 374 15480 21742 1234 198 1820 4787 11224 3770 13 328 476 49205 374 539 5535 26 3857 220 605 198 80785 433 26225 382 220 18 13 34763 287 14969 6 25705 10734 5659 23853 7813 2496 372 7611 7658 382 2360 9960 990 4985 387 25660 961 315 459 7524 30116 198 48899 1234 904 8581 2383 50698 30255 1234 4652 198 806 315 279 43023 2089 7065 38997 18306 389 220 508 6790 220 2550 21 11 477 198 65387 7016 79466 477 65951 10408 7611 315 1778 198 2727 24368 382 3277 499 20599 264 9960 990 11 499 91383 904 5897 2410 311 74731 198 44398 372 7611 315 30116 11193 311 279 13112 1778 10408 7611 198 285 89589 555 51582 3268 1234 420 1914 449 5201 311 198 1820 9960 990 11 323 499 834 8017 904 14944 311 4017 5784 477 198 98696 315 279 990 439 264 3445 315 62908 11 2403 279 990 596 198 4312 11 701 477 4948 9875 6 5897 3268 311 74731 10408 7611 315 198 26522 5848 11193 382 220 19 13 1221 5735 287 6383 55848 80668 382 1472 1253 20599 2807 55848 11236 315 279 6826 596 2592 2082 439 499 198 42993 433 11 304 904 11298 11 3984 430 499 75315 66735 323 198 76571 2718 3498 389 1855 3048 459 8475 7065 5406 280 13397 35539 682 35871 28898 430 420 1914 323 904 198 6414 17453 58028 3878 3779 304 14902 449 3857 220 22 3881 311 279 2082 280 13397 35539 682 35871 315 279 19821 315 904 8642 26 323 3041 682 198 2827 48747 264 3048 4178 39200 220 18 13 16 52385 57273 12367 76590 16837 198 43 81101 220 18 13 16 6207 17836 2696 25 5887 220 1419 11 220 2366 19 271 2118 9219 17589 863 3445 279 3878 323 4787 369 1005 11 39656 11 8141 323 17466 315 279 198 43 81101 32009 743 13544 36881 382 2118 65434 863 3445 279 29803 11 56294 323 9904 24442 445 81101 220 18 13 16 198 63475 555 16197 520 3788 1129 657 3105 25932 916 40610 14 50378 382 2118 10028 68 863 477 1054 9514 863 3445 499 11 477 701 19683 477 904 1023 1732 477 5502 320 333 499 527 16661 1139 198 576 23314 389 1778 1732 477 5502 753 17981 705 315 279 4325 2631 1234 8581 7016 11 5718 477 198 1610 7607 311 3493 5897 14771 323 430 706 5897 11447 311 10950 701 19683 477 1778 1023 198 9164 477 5502 422 499 527 16661 304 420 23314 389 872 17981 382 2118 43 81101 220 18 13 16 863 3445 279 89328 3544 4221 4211 323 3241 323 26249 11 2737 198 33156 71856 1646 2082 11 16572 1646 14661 11 45478 21430 19295 2082 11 4967 21430 19295 2082 345 63157 2442 38302 28462 2082 323 1023 5540 315 279 88931 4332 555 16197 520 198 2485 1129 657 3105 25932 916 14 657 3105 15220 33785 382 2118 43 81101 32009 863 3445 11 45925 11 16197 753 34333 445 81101 220 18 13 16 323 45565 320 438 904 198 15750 34366 8 1903 2561 1234 420 23314 382 2118 12452 863 477 1054 906 863 3445 16197 96209 14990 19439 320 333 499 527 7559 304 477 11 422 499 527 459 5502 11 701 198 67550 2035 315 2626 374 304 279 469 19657 477 30221 8 323 16197 96209 11 4953 13 320 333 499 527 7559 198 68090 315 279 469 19657 477 30221 3677 1383 18965 1054 40 21496 863 3770 477 555 1701 477 50812 904 13651 477 2449 315 279 445 81101 32009 345 9514 7655 311 387 6965 555 420 23314 382 16 13 1914 10734 323 33043 382 220 264 13 24668 315 10734 13 1472 527 11938 264 2536 94158 11 15603 11 2536 93791 481 323 53817 12862 198 18736 5842 1234 16197 753 20207 3424 477 1023 3268 13234 555 16197 78643 304 279 445 81101 198 61612 311 1005 11 23645 11 16822 11 3048 11 1893 32905 4375 315 11 323 1304 29882 311 279 198 43 81101 32009 382 220 293 13 33043 323 5560 382 415 602 13 1442 499 16822 477 1304 2561 279 445 81101 32009 320 269 904 32905 4375 198 19041 1073 705 477 264 2027 477 2532 320 16564 2500 15592 1646 8 430 5727 904 315 1124 11 499 4985 320 32 340 62556 264 3048 315 420 23314 449 904 1778 445 81101 32009 26 323 320 33 8 74088 3113 1054 55400 449 198 43 81101 863 389 264 5552 3997 11 1217 3834 11
990 382 220 17 13 14967 54457 382 2052 3268 11938 1234 420 1914 527 11938 369 279 4751 315 198 15859 389 279 6826 11 323 527 6348 7430 511 481 3984 279 11224 198 16902 527 2322 13 1115 1914 21650 3611 14742 701 27862 198 23443 311 1629 279 653 28261 6826 13 578 2612 505 4401 264 198 21468 990 374 9960 555 420 1914 1193 422 279 2612 11 2728 1202 198 1834 11 42675 264 9960 990 13 1115 1914 56030 701 198 77287 315 6762 1005 477 1023 13890 11 439 3984 555 7065 2383 382 1472 1253 1304 11 1629 323 58514 9960 4375 430 499 656 539 198 444 5735 11 2085 4787 779 1317 439 701 5842 6062 8625 198 258 5457 13 1472 1253 20599 9960 4375 311 3885 369 279 13612 7580 198 1073 3515 1124 1304 29882 24121 369 499 11 477 3493 499 198 4291 13077 369 4401 1884 4375 11 3984 430 499 26069 449 198 1820 3878 315 420 1914 304 94165 682 3769 369 902 499 656 198 1962 2585 7065 13 13266 8617 3339 477 4401 279 9960 4375 198 2000 499 2011 656 779 24121 389 701 17981 11 1234 701 5216 198 438 2585 11 389 3878 430 48486 1124 505 3339 904 11236 315 198 22479 59713 3769 4994 872 5133 449 499 382 1221 5735 287 1234 904 1023 13463 374 15480 21742 1234 198 1820 4787 11224 3770 13 328 476 49205 374 539 5535 26 3857 220 605 198 80785 433 26225 382 220 18 13 34763 287 14969 6 25705 10734 5659 23853 7813 2496 372 7611 7658 382 2360 9960 990 4985 387 25660 961 315 459 7524 30116 198 48899 1234 904 8581 2383 50698 30255 1234 4652 198 806 315 279 43023 2089 7065 38997 18306 389 220 508 6790 220 2550 21 11 477 198 65387 7016 79466 477 65951 10408 7611 315 1778 198 2727 24368 382 3277 499 20599 264 9960 990 11 499 91383 904 5897 2410 311 74731 198 44398 372 7611 315 30116 11193 311 279 13112 1778 10408 7611 198 285 89589 555 51582 3268 1234 420 1914 449 5201 311 198 1820 9960 990 11 323 499 834 8017 904 14944 311 4017 5784 477 198 98696 315 279 990 439 264 3445 315 62908 11 2403 279 990 596 198 4312 11 701 477 4948 9875 6 5897 3268 311 74731 10408 7611 315 198 26522 5848 11193 382 220 19 13 1221 5735 287 6383 55848 80668 382 1472 1253 20599 2807 55848 11236 315 279 6826 596 2592 2082 439 499 198 42993 433 11 304 904 11298 11 3984 430 499 75315 66735 323 198 76571 2718 3498 389 1855 3048 459 8475 7065 5406 280 13397 35539 682 35871 28898 430 420 1914 323 904 198 6414 17453 58028 3878 3779 304 14902 449 3857 220 22 3881 311 279 2082 280 13397 35539 682 35871 315 279 19821 315 904 8642 26 323 3041 682 198 2827 48747 264 3048 4178 39200 220 18 13 16 52385 57273 12367 76590 16837 198 43 81101 220 18 13 16 6207 17836 2696 25 5887 220 1419 11 220 2366 19 271 2118 9219 17589 863 3445 279 3878 323 4787 369 1005 11 39656 11 8141 323 17466 315 279 198 43 81101 32009 743 13544 36881 382 2118 65434 863 3445 279 29803 11 56294 323 9904 24442 445 81101 220 18 13 16 198 63475 555 16197 520 3788 1129 657 3105 25932 916 40610 14 50378 382 2118 10028 68 863 477 1054 9514 863 3445 499 11 477 701 19683 477 904 1023 1732 477 5502 320 333 499 527 16661 1139 198 576 23314 389 1778 1732 477 5502 753 17981 705 315 279 4325 2631 1234 8581 7016 11 5718 477 198 1610 7607 311 3493 5897 14771 323 430 706 5897 11447 311 10950 701 19683 477 1778 1023 198 9164 477 5502 422 499 527 16661 304 420 23314 389 872 17981 382 2118 43 81101 220 18 13 16 863 3445 279 89328 3544 4221 4211 323 3241 323 26249 11 2737 198 33156 71856 1646 2082 11 16572 1646 14661 11 45478 21430 19295 2082 11 4967 21430 19295 2082 345 63157 2442 38302 28462 2082 323 1023 5540 315 279 88931 4332 555 16197 520 198 2485 1129 657 3105 25932 916 14 657 3105 15220 33785 382 2118 43 81101 32009 863 3445 11 45925 11 16197 753 34333 445 81101 220 18 13 16 323 45565 320 438 904 198 15750 34366 8 1903 2561 1234 420 23314 382 2118 12452 863 477 1054 906 863 3445 16197 96209 14990 19439 320 333 499 527 7559 304 477 11 422 499 527 459 5502 11 701 198 67550 2035 315 2626 374 304 279 469 19657 477 30221 8 323 16197 96209 11 4953 13 320 333 499 527 7559 198 68090 315 279 469 19657 477 30221 3677 1383 18965 1054 40 21496 863 3770 477 555 1701 477 50812 904 13651 477 2449 315 279 445 81101 32009 345 9514 7655 311 387 6965 555 420 23314 382 16 13 1914 10734 323 33043 382 220 264 13 24668 315 10734 13 1472 527 11938 264 2536 94158 11 15603 11 2536 93791 481 323 53817 12862 198 18736 5842 1234 16197 753 20207 3424 477 1023 3268 13234 555 16197 78643 304 279 445 81101 198 61612 311 1005 11 23645 11 16822 11 3048 11 1893 32905 4375 315 11 323 1304 29882 311 279 198 43 81101 32009 382 220 293 13 33043 323 5560 382 415 602 13 1442 499 16822 477 1304 2561 279 445 81101 32009 320 269 904 32905 4375 198 19041 1073 705 477 264 2027 477 2532 320 16564 2500 15592 1646 8 430 5727 904 315 1124 11 499 4985 320 32 340 62556 264 3048 315 420 23314 449 904 1778 445 81101 32009 26 323 320 33 8 74088 3113 1054 55400 449 198 43 81101 863 389 264 5552 3997 11 1217 3834 11 5117 2252 11 922 2199 11 477 2027 9904 13 1442 499 1005 198 1820 445 81101 32009 477 904 16674 477 3135 315 279 445 81101 32009 311 1893 11 5542 11 7060 26306 11 477 198 61036 7417 459 15592 1646 11 902 374 4332 477 1903 2561 11 499 4985 1101 2997 1054 43 81101 863 520 198 1820 7314 315 904 1778 15592 1646 836 382 415 14799 13 1442 499 5371 445 81101 32009 11 477 904 32905 4375 34366 11 505 264 1914 68 439 961 720 1073 459 18751 842 1217 2027 11 1243 11360 220 17 315 420 23314 690 539 3881 311 499 382 415 63193 13 1472 2011 14389 304 682 11236 315 279 445 81101 32009 430 499 16822 279 2768 198 266 32240 5406 2949 264 1054 35293 863 1495 1052 4332 439 264 961 315 1778 11236 25 1054 43 81101 220 18 13 16 374 198 72811 1234 279 445 81101 220 18 13 16 12332 1914 11 3028 7388 16197 96209 11 4953 13 2052 10734 198 54103 2950 415 17967 13 4718 1005 315 279 445 81101 32009 2011 26069 449 8581 7016 323 14640 198 6024 11150 6696 8907 7016 323 14640 8 323 49553 311 279 21496 481 5560 11216 369 279 445 81101 198 61612 320 10547 520 3788 1129 657 3105 25932 916 14 657 3105 18
315 420 1914 304 94165 682 3769 369 902 499 656 198 1962 2585 7065 13 13266 8617 3339 477 4401 279 9960 4375 198 2000 499 2011 656 779 24121 389 701 17981 11 1234 701 5216 198 438 2585 11 389 3878 430 48486 1124 505 3339 904 11236 315 198 22479 59713 3769 4994 872 5133 449 499 382 1221 5735 287 1234 904 1023 13463 374 15480 21742 1234 198 1820 4787 11224 3770 13 328 476 49205 374 539 5535 26 3857 220 605 198 80785 433 26225 382 220 18 13 34763 287 14969 6 25705 10734 5659 23853 7813 2496 372 7611 7658 382 2360 9960 990 4985 387 25660 961 315 459 7524 30116 198 48899 1234 904 8581 2383 50698 30255 1234 4652 198 806 315 279 43023 2089 7065 38997 18306 389 220 508 6790 220 2550 21 11 477 198 65387 7016 79466 477 65951 10408 7611 315 1778 198 2727 24368 382 3277 499 20599 264 9960 990 11 499 91383 904 5897 2410 311 74731 198 44398 372 7611 315 30116 11193 311 279 13112 1778 10408 7611 198 285 89589 555 51582 3268 1234 420 1914 449 5201 311 198 1820 9960 990 11 323 499 834 8017 904 14944 311 4017 5784 477 198 98696 315 279 990 439 264 3445 315 62908 11 2403 279 990 596 198 4312 11 701 477 4948 9875 6 5897 3268 311 74731 10408 7611 315 198 26522 5848 11193 382 220 19 13 1221 5735 287 6383 55848 80668 382 1472 1253 20599 2807 55848 11236 315 279 6826 596 2592 2082 439 499 198 42993 433 11 304 904 11298 11 3984 430 499 75315 66735 323 198 76571 2718 3498 389 1855 3048 459 8475 7065 5406 280 13397 35539 682 35871 28898 430 420 1914 323 904 198 6414 17453 58028 3878 3779 304 14902 449 3857 220 22 3881 311 279 2082 280 13397 35539 682 35871 315 279 19821 315 904 8642 26 323 3041 682 198 2827 48747 264 3048 4178 39200 220 18 13 16 52385 57273 12367 76590 16837 198 43 81101 220 18 13 16 6207 17836 2696 25 5887 220 1419 11 220 2366 19 271 2118 9219 17589 863 3445 279 3878 323 4787 369 1005 11 39656 11 8141 323 17466 315 279 198 43 81101 32009 743 13544 36881 382 2118 65434 863 3445 279 29803 11 56294 323 9904 24442 445 81101 220 18 13 16 198 63475 555 16197 520 3788 1129 657 3105 25932 916 40610 14 50378 382 2118 10028 68 863 477 1054 9514 863 3445 499 11 477 701 19683 477 904 1023 1732 477 5502 320 333 499 527 16661 1139 198 576 23314 389 1778 1732 477 5502 753 17981 705 315 279 4325 2631 1234 8581 7016 11 5718 477 198 1610 7607 311 3493 5897 14771 323 430 706 5897 11447 311 10950 701 19683 477 1778 1023 198 9164 477 5502 422 499 527 16661 304 420 23314 389 872 17981 382 2118 43 81101 220 18 13 16 863 3445 279 89328 3544 4221 4211 323 3241 323 26249 11 2737 198 33156 71856 1646 2082 11 16572 1646 14661 11 45478 21430 19295 2082 11 4967 21430 19295 2082 345 63157 2442 38302 28462 2082 323 1023 5540 315 279 88931 4332 555 16197 520 198 2485 1129 657 3105 25932 916 14 657 3105 15220 33785 382 2118 43 81101 32009 863 3445 11 45925 11 16197 753 34333 445 81101 220 18 13 16 323 45565 320 438 904 198 15750 34366 8 1903 2561 1234 420 23314 382 2118 12452 863 477 1054 906 863 3445 16197 96209 14990 19439 320 333 499 527 7559 304 477 11 422 499 527 459 5502 11 701 198 67550 2035 315 2626 374 304 279 469 19657 477 30221 8 323 16197 96209 11 4953 13 320 333 499 527 7559 198 68090 315 279 469 19657 477 30221 3677 1383 18965 1054 40 21496 863 3770 477 555 1701 477 50812 904 13651 477 2449 315 279 445 81101 32009 345 9514 7655 311 387 6965 555 420 23314 382 16 13 1914 10734 323 33043 382 220 264 13 24668 315 10734 13 1472 527 11938 264 2536 94158 11 15603 11 2536 93791 481 323 53817 12862 198 18736 5842 1234 16197 753 20207 3424 477 1023 3268 13234 555 16197 78643 304 279 445 81101 198 61612 311 1005 11 23645 11 16822 11 3048 11 1893 32905 4375 315 11 323 1304 29882 311 279 198 43 81101 32009 382 220 293 13 33043 323 5560 382 415 602 13 1442 499 16822 477 1304 2561 279 445 81101 32009 320 269 904 32905 4375 198 19041 1073 705 477 264 2027 477 2532 320 16564 2500 15592 1646 8 430 5727 904 315 1124 11 499 4985 320 32 340 62556 264 3048 315 420 23314 449 904 1778 445 81101 32009 26 323 320 33 8 74088 3113 1054 55400 449 198 43 81101 863 389 264 5552 3997 11 1217 3834 11 5117 2252 11 922 2199 11 477 2027 9904 13 1442 499 1005 198 1820 445 81101 32009 477 904 16674 477 3135 315 279 445 81101 32009 311 1893 11 5542 11 7060 26306 11 477 198 61036 7417 459 15592 1646 11 902 374 4332 477 1903 2561 11 499 4985 1101 2997 1054 43 81101 863 520 198 1820 7314 315 904 1778 15592 1646 836 382 415 14799 13 1442 499 5371 445 81101 32009 11 477 904 32905 4375 34366 11 505 264 1914 68 439 961 720 1073 459 18751 842 1217 2027 11 1243 11360 220 17 315 420 23314 690 539 3881 311 499 382 415 63193 13 1472 2011 14389 304 682 11236 315 279 445 81101 32009 430 499 16822 279 2768 198 266 32240 5406 2949 264 1054 35293 863 1495 1052 4332 439 264 961 315 1778 11236 25 1054 43 81101 220 18 13 16 374 198 72811 1234 279 445 81101 220 18 13 16 12332 1914 11 3028 7388 16197 96209 11 4953 13 2052 10734 198 54103 2950 415 17967 13 4718 1005 315 279 445 81101 32009 2011 26069 449 8581 7016 323 14640 198 6024 11150 6696 8907 7016 323 14640 8 323 49553 311 279 21496 481 5560 11216 369 279 445 81101 198 61612 320 10547 520 3788 1129 657 3105 25932 916 14 657 3105 18 62 16 63372 67520 705 902 374 22552 32762 555 198 16690 1139 420 23314 382 17 13 24086 28943 20163 13 1442 11 389 279 445 81101 220 18 13 16 2373 4984 2457 11 279 15438 4642 3932 198 1073 279 3956 477 3600 1903 2561 555 477 369 1914 68 11 477 1914 68 753 32133 11 374 7191 1109 220 7007 198 59413 15438 4642 3932 304 279 38846 13470 2305 11 499 2011 1715 264 5842 505 16197 345 8370 16197 1253 13500 311 499 304 1202 13612 32022 11 323 499 527 539 19144 311 10368 904 315 279 198 77287 1234 420 23314 7389 477 3156 16197 6062 53611 25076 499 1778 3268 382 18 13 67929 315 57629 13 6781 38873 67677 7866 10314 37535 3578 67703 11 3247 20072 39200 76223 50 3651 4230 198 31401 3651 54128 62207 31193 16202 16932 6328 2147 1054 1950 3507 863 11643 11 6135 7579 3083 198 17742 9481 11 3651 80441 84406 13398 7579 3083 4230 9481 11 86589 16832 3651 13163 345 19374 11 6135 10592 3579 11 4230 7579 3083 49673 11 21219 95773 345 65869 11 2794 7877 4716 362 7807 7667 13 15334 16202 5745 877 9109 90079 13880 4716 198 1170 4292 16818 1753 3247 18395 19828 4403 835 965 10201 3083 63151 2794 26895 70106 1753 3247 20072 39200 76223 50 3651 198 5045
904 5897 2410 311 74731 198 44398 372 7611 315 30116 11193 311 279 13112 1778 10408 7611 198 285 89589 555 51582 3268 1234 420 1914 449 5201 311 198 1820 9960 990 11 323 499 834 8017 904 14944 311 4017 5784 477 198 98696 315 279 990 439 264 3445 315 62908 11 2403 279 990 596 198 4312 11 701 477 4948 9875 6 5897 3268 311 74731 10408 7611 315 198 26522 5848 11193 382 220 19 13 1221 5735 287 6383 55848 80668 382 1472 1253 20599 2807 55848 11236 315 279 6826 596 2592 2082 439 499 198 42993 433 11 304 904 11298 11 3984 430 499 75315 66735 323 198 76571 2718 3498 389 1855 3048 459 8475 7065 5406 280 13397 35539 682 35871 28898 430 420 1914 323 904 198 6414 17453 58028 3878 3779 304 14902 449 3857 220 22 3881 311 279 2082 280 13397 35539 682 35871 315 279 19821 315 904 8642 26 323 3041 682 198 2827 48747 264 3048 4178 39200 220 18 13 16 52385 57273 12367 76590 16837 198 43 81101 220 18 13 16 6207 17836 2696 25 5887 220 1419 11 220 2366 19 271 2118 9219 17589 863 3445 279 3878 323 4787 369 1005 11 39656 11 8141 323 17466 315 279 198 43 81101 32009 743 13544 36881 382 2118 65434 863 3445 279 29803 11 56294 323 9904 24442 445 81101 220 18 13 16 198 63475 555 16197 520 3788 1129 657 3105 25932 916 40610 14 50378 382 2118 10028 68 863 477 1054 9514 863 3445 499 11 477 701 19683 477 904 1023 1732 477 5502 320 333 499 527 16661 1139 198 576 23314 389 1778 1732 477 5502 753 17981 705 315 279 4325 2631 1234 8581 7016 11 5718 477 198 1610 7607 311 3493 5897 14771 323 430 706 5897 11447 311 10950 701 19683 477 1778 1023 198 9164 477 5502 422 499 527 16661 304 420 23314 389 872 17981 382 2118 43 81101 220 18 13 16 863 3445 279 89328 3544 4221 4211 323 3241 323 26249 11 2737 198 33156 71856 1646 2082 11 16572 1646 14661 11 45478 21430 19295 2082 11 4967 21430 19295 2082 345 63157 2442 38302 28462 2082 323 1023 5540 315 279 88931 4332 555 16197 520 198 2485 1129 657 3105 25932 916 14 657 3105 15220 33785 382 2118 43 81101 32009 863 3445 11 45925 11 16197 753 34333 445 81101 220 18 13 16 323 45565 320 438 904 198 15750 34366 8 1903 2561 1234 420 23314 382 2118 12452 863 477 1054 906 863 3445 16197 96209 14990 19439 320 333 499 527 7559 304 477 11 422 499 527 459 5502 11 701 198 67550 2035 315 2626 374 304 279 469 19657 477 30221 8 323 16197 96209 11 4953 13 320 333 499 527 7559 198 68090 315 279 469 19657 477 30221 3677 1383 18965 1054 40 21496 863 3770 477 555 1701 477 50812 904 13651 477 2449 315 279 445 81101 32009 345 9514 7655 311 387 6965 555 420 23314 382 16 13 1914 10734 323 33043 382 220 264 13 24668 315 10734 13 1472 527 11938 264 2536 94158 11 15603 11 2536 93791 481 323 53817 12862 198 18736 5842 1234 16197 753 20207 3424 477 1023 3268 13234 555 16197 78643 304 279 445 81101 198 61612 311 1005 11 23645 11 16822 11 3048 11 1893 32905 4375 315 11 323 1304 29882 311 279 198 43 81101 32009 382 220 293 13 33043 323 5560 382 415 602 13 1442 499 16822 477 1304 2561 279 445 81101 32009 320 269 904 32905 4375 198 19041 1073 705 477 264 2027 477 2532 320 16564 2500 15592 1646 8 430 5727 904 315 1124 11 499 4985 320 32 340 62556 264 3048 315 420 23314 449 904 1778 445 81101 32009 26 323 320 33 8 74088 3113 1054 55400 449 198 43 81101 863 389 264 5552 3997 11 1217 3834 11 5117 2252 11 922 2199 11 477 2027 9904 13 1442 499 1005 198 1820 445 81101 32009 477 904 16674 477 3135 315 279 445 81101 32009 311 1893 11 5542 11 7060 26306 11 477 198 61036 7417 459 15592 1646 11 902 374 4332 477 1903 2561 11 499 4985 1101 2997 1054 43 81101 863 520 198 1820 7314 315 904 1778 15592 1646 836 382 415 14799 13 1442 499 5371 445 81101 32009 11 477 904 32905 4375 34366 11 505 264 1914 68 439 961 720 1073 459 18751 842 1217 2027 11 1243 11360 220 17 315 420 23314 690 539 3881 311 499 382 415 63193 13 1472 2011 14389 304 682 11236 315 279 445 81101 32009 430 499 16822 279 2768 198 266 32240 5406 2949 264 1054 35293 863 1495 1052 4332 439 264 961 315 1778 11236 25 1054 43 81101 220 18 13 16 374 198 72811 1234 279 445 81101 220 18 13 16 12332 1914 11 3028 7388 16197 96209 11 4953 13 2052 10734 198 54103 2950 415 17967 13 4718 1005 315 279 445 81101 32009 2011 26069 449 8581 7016 323 14640 198 6024 11150 6696 8907 7016 323 14640 8 323 49553 311 279 21496 481 5560 11216 369 279 445 81101 198 61612 320 10547 520 3788 1129 657 3105 25932 916 14 657 3105 18 62 16 63372 67520 705 902 374 22552 32762 555 198 16690 1139 420 23314 382 17 13 24086 28943 20163 13 1442 11 389 279 445 81101 220 18 13 16 2373 4984 2457 11 279 15438 4642 3932 198 1073 279 3956 477 3600 1903 2561 555 477 369 1914 68 11 477 1914 68 753 32133 11 374 7191 1109 220 7007 198 59413 15438 4642 3932 304 279 38846 13470 2305 11 499 2011 1715 264 5842 505 16197 345 8370 16197 1253 13500 311 499 304 1202 13612 32022 11 323 499 527 539 19144 311 10368 904 315 279 198 77287 1234 420 23314 7389 477 3156 16197 6062 53611 25076 499 1778 3268 382 18 13 67929 315 57629 13 6781 38873 67677 7866 10314 37535 3578 67703 11 3247 20072 39200 76223 50 3651 4230 198 31401 3651 54128 62207 31193 16202 16932 6328 2147 1054 1950 3507 863 11643 11 6135 7579 3083 198 17742 9481 11 3651 80441 84406 13398 7579 3083 4230 9481 11 86589 16832 3651 13163 345 19374 11 6135 10592 3579 11 4230 7579 3083 49673 11 21219 95773 345 65869 11 2794 7877 4716 362 7807 7667 13 15334 16202 5745 877 9109 90079 13880 4716 198 1170 4292 16818 1753 3247 18395 19828 4403 835 965 10201 3083 63151 2794 26895 70106 1753 3247 20072 39200 76223 50 3651 198 5045 34993 4230 432 1669 41549 36660 65083 9182 4874 21592 9645 3083 3247 20072 39200 76223 50 3651 4230 32090 3651 198 86728 382 19 13 29108 367 315 91143 13 2006 5782 13032 29015 80441 2794 47175 70038 82334 31404 7354 17842 57318 4230 30757 3083 198 19046 5854 11 18114 2006 17564 11 18269 11 29648 11 88390 14495 11 2794 18562 11 18008 198 3740 3083 10245 76590 16837 11 4716 4230 445 4327 29324 2794 4230 28171 11 23893 11 28515 345 39539 20398 984 11 31642 2794 393 23909 6674 16908 11 27755 11812 80441 2794 47175 70038 82334 31404 19102 75753 30421 198 12766 3247 30482 3083 4230 3083 3247 45023 15881 1753 382 20 13 77956 8825 382 220 264 13 2360 32464 21746 527 11938 1234 420 23314 11 323 304 3717 449 279 445 81101 198 61612 11 14188 16197 6463 1914 68 1253 1005 904 836 477 1906 13234 555 477 5938 449 279 1023 198 269 904 315 1202 32133 11 3734 439 2631 369 13579 323 73348 1005 304 23524 323 198 1171 4894 10831 279 445 81101 32009 477 439 743 13544 304 420 11360 220 20 2948 570 16197 22552 25076 499 264 5842 311 198 817 1054 43 81101 863 320 1820 1054 9126 33611 21742 439 2631 311 26069 449 279 1566 11914 315 11360 220 16 960 8777 13 1472
48747 264 3048 4178 39200 220 18 13 16 52385 57273 12367 76590 16837 198 43 81101 220 18 13 16 6207 17836 2696 25 5887 220 1419 11 220 2366 19 271 2118 9219 17589 863 3445 279 3878 323 4787 369 1005 11 39656 11 8141 323 17466 315 279 198 43 81101 32009 743 13544 36881 382 2118 65434 863 3445 279 29803 11 56294 323 9904 24442 445 81101 220 18 13 16 198 63475 555 16197 520 3788 1129 657 3105 25932 916 40610 14 50378 382 2118 10028 68 863 477 1054 9514 863 3445 499 11 477 701 19683 477 904 1023 1732 477 5502 320 333 499 527 16661 1139 198 576 23314 389 1778 1732 477 5502 753 17981 705 315 279 4325 2631 1234 8581 7016 11 5718 477 198 1610 7607 311 3493 5897 14771 323 430 706 5897 11447 311 10950 701 19683 477 1778 1023 198 9164 477 5502 422 499 527 16661 304 420 23314 389 872 17981 382 2118 43 81101 220 18 13 16 863 3445 279 89328 3544 4221 4211 323 3241 323 26249 11 2737 198 33156 71856 1646 2082 11 16572 1646 14661 11 45478 21430 19295 2082 11 4967 21430 19295 2082 345 63157 2442 38302 28462 2082 323 1023 5540 315 279 88931 4332 555 16197 520 198 2485 1129 657 3105 25932 916 14 657 3105 15220 33785 382 2118 43 81101 32009 863 3445 11 45925 11 16197 753 34333 445 81101 220 18 13 16 323 45565 320 438 904 198 15750 34366 8 1903 2561 1234 420 23314 382 2118 12452 863 477 1054 906 863 3445 16197 96209 14990 19439 320 333 499 527 7559 304 477 11 422 499 527 459 5502 11 701 198 67550 2035 315 2626 374 304 279 469 19657 477 30221 8 323 16197 96209 11 4953 13 320 333 499 527 7559 198 68090 315 279 469 19657 477 30221 3677 1383 18965 1054 40 21496 863 3770 477 555 1701 477 50812 904 13651 477 2449 315 279 445 81101 32009 345 9514 7655 311 387 6965 555 420 23314 382 16 13 1914 10734 323 33043 382 220 264 13 24668 315 10734 13 1472 527 11938 264 2536 94158 11 15603 11 2536 93791 481 323 53817 12862 198 18736 5842 1234 16197 753 20207 3424 477 1023 3268 13234 555 16197 78643 304 279 445 81101 198 61612 311 1005 11 23645 11 16822 11 3048 11 1893 32905 4375 315 11 323 1304 29882 311 279 198 43 81101 32009 382 220 293 13 33043 323 5560 382 415 602 13 1442 499 16822 477 1304 2561 279 445 81101 32009 320 269 904 32905 4375 198 19041 1073 705 477 264 2027 477 2532 320 16564 2500 15592 1646 8 430 5727 904 315 1124 11 499 4985 320 32 340 62556 264 3048 315 420 23314 449 904 1778 445 81101 32009 26 323 320 33 8 74088 3113 1054 55400 449 198 43 81101 863 389 264 5552 3997 11 1217 3834 11 5117 2252 11 922 2199 11 477 2027 9904 13 1442 499 1005 198 1820 445 81101 32009 477 904 16674 477 3135 315 279 445 81101 32009 311 1893 11 5542 11 7060 26306 11 477 198 61036 7417 459 15592 1646 11 902 374 4332 477 1903 2561 11 499 4985 1101 2997 1054 43 81101 863 520 198 1820 7314 315 904 1778 15592 1646 836 382 415 14799 13 1442 499 5371 445 81101 32009 11 477 904 32905 4375 34366 11 505 264 1914 68 439 961 720 1073 459 18751 842 1217 2027 11 1243 11360 220 17 315 420 23314 690 539 3881 311 499 382 415 63193 13 1472 2011 14389 304 682 11236 315 279 445 81101 32009 430 499 16822 279 2768 198 266 32240 5406 2949 264 1054 35293 863 1495 1052 4332 439 264 961 315 1778 11236 25 1054 43 81101 220 18 13 16 374 198 72811 1234 279 445 81101 220 18 13 16 12332 1914 11 3028 7388 16197 96209 11 4953 13 2052 10734 198 54103 2950 415 17967 13 4718 1005 315 279 445 81101 32009 2011 26069 449 8581 7016 323 14640 198 6024 11150 6696 8907 7016 323 14640 8 323 49553 311 279 21496 481 5560 11216 369 279 445 81101 198 61612 320 10547 520 3788 1129 657 3105 25932 916 14 657 3105 18 62 16 63372 67520 705 902 374 22552 32762 555 198 16690 1139 420 23314 382 17 13 24086 28943 20163 13 1442 11 389 279 445 81101 220 18 13 16 2373 4984 2457 11 279 15438 4642 3932 198 1073 279 3956 477 3600 1903 2561 555 477 369 1914 68 11 477 1914 68 753 32133 11 374 7191 1109 220 7007 198 59413 15438 4642 3932 304 279 38846 13470 2305 11 499 2011 1715 264 5842 505 16197 345 8370 16197 1253 13500 311 499 304 1202 13612 32022 11 323 499 527 539 19144 311 10368 904 315 279 198 77287 1234 420 23314 7389 477 3156 16197 6062 53611 25076 499 1778 3268 382 18 13 67929 315 57629 13 6781 38873 67677 7866 10314 37535 3578 67703 11 3247 20072 39200 76223 50 3651 4230 198 31401 3651 54128 62207 31193 16202 16932 6328 2147 1054 1950 3507 863 11643 11 6135 7579 3083 198 17742 9481 11 3651 80441 84406 13398 7579 3083 4230 9481 11 86589 16832 3651 13163 345 19374 11 6135 10592 3579 11 4230 7579 3083 49673 11 21219 95773 345 65869 11 2794 7877 4716 362 7807 7667 13 15334 16202 5745 877 9109 90079 13880 4716 198 1170 4292 16818 1753 3247 18395 19828 4403 835 965 10201 3083 63151 2794 26895 70106 1753 3247 20072 39200 76223 50 3651 198 5045 34993 4230 432 1669 41549 36660 65083 9182 4874 21592 9645 3083 3247 20072 39200 76223 50 3651 4230 32090 3651 198 86728 382 19 13 29108 367 315 91143 13 2006 5782 13032 29015 80441 2794 47175 70038 82334 31404 7354 17842 57318 4230 30757 3083 198 19046 5854 11 18114 2006 17564 11 18269 11 29648 11 88390 14495 11 2794 18562 11 18008 198 3740 3083 10245 76590 16837 11 4716 4230 445 4327 29324 2794 4230 28171 11 23893 11 28515 345 39539 20398 984 11 31642 2794 393 23909 6674 16908 11 27755 11812 80441 2794 47175 70038 82334 31404 19102 75753 30421 198 12766 3247 30482 3083 4230 3083 3247 45023 15881 1753 382 20 13 77956 8825 382 220 264 13 2360 32464 21746 527 11938 1234 420 23314 11 323 304 3717 449 279 445 81101 198 61612 11 14188 16197 6463 1914 68 1253 1005 904 836 477 1906 13234 555 477 5938 449 279 1023 198 269 904 315 1202 32133 11 3734 439 2631 369 13579 323 73348 1005 304 23524 323 198 1171 4894 10831 279 445 81101 32009 477 439 743 13544 304 420 11360 220 20 2948 570 16197 22552 25076 499 264 5842 311 198 817 1054 43 81101 863 320 1820 1054 9126 33611 21742 439 2631 311 26069 449 279 1566 11914 315 11360 220 16 960 8777 13 1472 690 198 884 2603 449 16197 753 6883 17959 320 59302 15987 520 198 2485 1129 9274 25932 916 14 13781 40000 70307 81043 34220 14 7609 2052 82746 40986 704 315 701 1005 198 1073 279 4488 690 304 554 311 279 8935 315 16197 382 220 293 13 17908 311 16197 753 15637 315 445 81101 32009 323 43645 1903 555 477 369 16197 11 449 198 45734 311 904 32905 4375 323 29882 315 279 445 81101 32009 430 527 1903 555 499 11 439 198 42967 499 323 16197 11 499 527 323 690 387 279 6506 315 1778 32905 4375 323 29882 382 220 272 13 1442 499 44798 39725 477 1023 29407 2403 16197 477 904 5502 320 16564 264 198 29942 12 8017 477 5663 8017 304 264 19831 8 62546 430 279 445 81101 32009 477 445 81101 220 18 13 16 16674 477 198 8234 11 477 904 13651 315 904 315 279 88931 11 42675 54443 315 20207 3424 477 1023 198 77287 13234 477 67336 481 555 499 11 1243 904 21746 11938 311 499 1234 420 23314 4985 198 49161 439 315 279 2457 1778 39725 477 3802 374 13019 477 81099 13 1472 690 90108 1463 323 3412 198 71 2227 1752 16197 505 323 2403 904 3802 555 904 4948 4717 40986 704 315 477 5552 311 701 1005 477 198 82816 315
2118 43 81101 220 18 13 16 863 3445 279 89328 3544 4221 4211 323 3241 323 26249 11 2737 198 33156 71856 1646 2082 11 16572 1646 14661 11 45478 21430 19295 2082 11 4967 21430 19295 2082 345 63157 2442 38302 28462 2082 323 1023 5540 315 279 88931 4332 555 16197 520 198 2485 1129 657 3105 25932 916 14 657 3105 15220 33785 382 2118 43 81101 32009 863 3445 11 45925 11 16197 753 34333 445 81101 220 18 13 16 323 45565 320 438 904 198 15750 34366 8 1903 2561 1234 420 23314 382 2118 12452 863 477 1054 906 863 3445 16197 96209 14990 19439 320 333 499 527 7559 304 477 11 422 499 527 459 5502 11 701 198 67550 2035 315 2626 374 304 279 469 19657 477 30221 8 323 16197 96209 11 4953 13 320 333 499 527 7559 198 68090 315 279 469 19657 477 30221 3677 1383 18965 1054 40 21496 863 3770 477 555 1701 477 50812 904 13651 477 2449 315 279 445 81101 32009 345 9514 7655 311 387 6965 555 420 23314 382 16 13 1914 10734 323 33043 382 220 264 13 24668 315 10734 13 1472 527 11938 264 2536 94158 11 15603 11 2536 93791 481 323 53817 12862 198 18736 5842 1234 16197 753 20207 3424 477 1023 3268 13234 555 16197 78643 304 279 445 81101 198 61612 311 1005 11 23645 11 16822 11 3048 11 1893 32905 4375 315 11 323 1304 29882 311 279 198 43 81101 32009 382 220 293 13 33043 323 5560 382 415 602 13 1442 499 16822 477 1304 2561 279 445 81101 32009 320 269 904 32905 4375 198 19041 1073 705 477 264 2027 477 2532 320 16564 2500 15592 1646 8 430 5727 904 315 1124 11 499 4985 320 32 340 62556 264 3048 315 420 23314 449 904 1778 445 81101 32009 26 323 320 33 8 74088 3113 1054 55400 449 198 43 81101 863 389 264 5552 3997 11 1217 3834 11 5117 2252 11 922 2199 11 477 2027 9904 13 1442 499 1005 198 1820 445 81101 32009 477 904 16674 477 3135 315 279 445 81101 32009 311 1893 11 5542 11 7060 26306 11 477 198 61036 7417 459 15592 1646 11 902 374 4332 477 1903 2561 11 499 4985 1101 2997 1054 43 81101 863 520 198 1820 7314 315 904 1778 15592 1646 836 382 415 14799 13 1442 499 5371 445 81101 32009 11 477 904 32905 4375 34366 11 505 264 1914 68 439 961 720 1073 459 18751 842 1217 2027 11 1243 11360 220 17 315 420 23314 690 539 3881 311 499 382 415 63193 13 1472 2011 14389 304 682 11236 315 279 445 81101 32009 430 499 16822 279 2768 198 266 32240 5406 2949 264 1054 35293 863 1495 1052 4332 439 264 961 315 1778 11236 25 1054 43 81101 220 18 13 16 374 198 72811 1234 279 445 81101 220 18 13 16 12332 1914 11 3028 7388 16197 96209 11 4953 13 2052 10734 198 54103 2950 415 17967 13 4718 1005 315 279 445 81101 32009 2011 26069 449 8581 7016 323 14640 198 6024 11150 6696 8907 7016 323 14640 8 323 49553 311 279 21496 481 5560 11216 369 279 445 81101 198 61612 320 10547 520 3788 1129 657 3105 25932 916 14 657 3105 18 62 16 63372 67520 705 902 374 22552 32762 555 198 16690 1139 420 23314 382 17 13 24086 28943 20163 13 1442 11 389 279 445 81101 220 18 13 16 2373 4984 2457 11 279 15438 4642 3932 198 1073 279 3956 477 3600 1903 2561 555 477 369 1914 68 11 477 1914 68 753 32133 11 374 7191 1109 220 7007 198 59413 15438 4642 3932 304 279 38846 13470 2305 11 499 2011 1715 264 5842 505 16197 345 8370 16197 1253 13500 311 499 304 1202 13612 32022 11 323 499 527 539 19144 311 10368 904 315 279 198 77287 1234 420 23314 7389 477 3156 16197 6062 53611 25076 499 1778 3268 382 18 13 67929 315 57629 13 6781 38873 67677 7866 10314 37535 3578 67703 11 3247 20072 39200 76223 50 3651 4230 198 31401 3651 54128 62207 31193 16202 16932 6328 2147 1054 1950 3507 863 11643 11 6135 7579 3083 198 17742 9481 11 3651 80441 84406 13398 7579 3083 4230 9481 11 86589 16832 3651 13163 345 19374 11 6135 10592 3579 11 4230 7579 3083 49673 11 21219 95773 345 65869 11 2794 7877 4716 362 7807 7667 13 15334 16202 5745 877 9109 90079 13880 4716 198 1170 4292 16818 1753 3247 18395 19828 4403 835 965 10201 3083 63151 2794 26895 70106 1753 3247 20072 39200 76223 50 3651 198 5045 34993 4230 432 1669 41549 36660 65083 9182 4874 21592 9645 3083 3247 20072 39200 76223 50 3651 4230 32090 3651 198 86728 382 19 13 29108 367 315 91143 13 2006 5782 13032 29015 80441 2794 47175 70038 82334 31404 7354 17842 57318 4230 30757 3083 198 19046 5854 11 18114 2006 17564 11 18269 11 29648 11 88390 14495 11 2794 18562 11 18008 198 3740 3083 10245 76590 16837 11 4716 4230 445 4327 29324 2794 4230 28171 11 23893 11 28515 345 39539 20398 984 11 31642 2794 393 23909 6674 16908 11 27755 11812 80441 2794 47175 70038 82334 31404 19102 75753 30421 198 12766 3247 30482 3083 4230 3083 3247 45023 15881 1753 382 20 13 77956 8825 382 220 264 13 2360 32464 21746 527 11938 1234 420 23314 11 323 304 3717 449 279 445 81101 198 61612 11 14188 16197 6463 1914 68 1253 1005 904 836 477 1906 13234 555 477 5938 449 279 1023 198 269 904 315 1202 32133 11 3734 439 2631 369 13579 323 73348 1005 304 23524 323 198 1171 4894 10831 279 445 81101 32009 477 439 743 13544 304 420 11360 220 20 2948 570 16197 22552 25076 499 264 5842 311 198 817 1054 43 81101 863 320 1820 1054 9126 33611 21742 439 2631 311 26069 449 279 1566 11914 315 11360 220 16 960 8777 13 1472 690 198 884 2603 449 16197 753 6883 17959 320 59302 15987 520 198 2485 1129 9274 25932 916 14 13781 40000 70307 81043 34220 14 7609 2052 82746 40986 704 315 701 1005 198 1073 279 4488 690 304 554 311 279 8935 315 16197 382 220 293 13 17908 311 16197 753 15637 315 445 81101 32009 323 43645 1903 555 477 369 16197 11 449 198 45734 311 904 32905 4375 323 29882 315 279 445 81101 32009 430 527 1903 555 499 11 439 198 42967 499 323 16197 11 499 527 323 690 387 279 6506 315 1778 32905 4375 323 29882 382 220 272 13 1442 499 44798 39725 477 1023 29407 2403 16197 477 904 5502 320 16564 264 198 29942 12 8017 477 5663 8017 304 264 19831 8 62546 430 279 445 81101 32009 477 445 81101 220 18 13 16 16674 477 198 8234 11 477 904 13651 315 904 315 279 88931 11 42675 54443 315 20207 3424 477 1023 198 77287 13234 477 67336 481 555 499 11 1243 904 21746 11938 311 499 1234 420 23314 4985 198 49161 439 315 279 2457 1778 39725 477 3802 374 13019 477 81099 13 1472 690 90108 1463 323 3412 198 71 2227 1752 16197 505 323 2403 904 3802 555 904 4948 4717 40986 704 315 477 5552 311 701 1005 477 198 82816 315 279 445 81101 32009 382 21 13 17978 323 10335 33196 13 578 4751 315 420 23314 690 56445 5304 701 26586 315 420 198 9219 17589 477 2680 311 279 445 81101 32009 323 690 3136 304 2539 5457 323 2515 3156 32372 304 198 4575 541 685 449 279 3878 323 4787 36881 13 16197 1253 30754 420 23314 422 499 527 304 198 21152 613 315 904 4751 477 3044 315 420 23314 13 30538 35508 315 420 23314 11 499 4985 3783 198 438 32616 1005 315 279 445 81101 32009 13 60137 220 18 11 220 19 323 220 22 4985 18167 279 35508 315 420 198 9219 17589 382 22 13 94984 1251 7658 323 39898 26705 13 1115 23314 690 387 27800 323 71259 1234 279 7016 315 198 1820 3314 315 7188 2085 5363 311 5873 315 2383 16565 11 323 279 6781 26958 389 71659 198 2000 279 7327 13618 315 42695 1587 539 3881 311 420 23314 13 578 19359 315 7188 4985 617 198 90222 29101 315 904 26086 40986 704 315 420 23314 382 2 445 81101 220 18 13 16 21496 481 5560 11216 271 12452 374 11411 311 22923 6220 323 6762 1005 315 1202 7526 323 4519 11 2737 445 81101 220 18 13 16 13 1442 499 198 5323 477 1005 445 81101 220 18 13 16 11 499 7655 311
904 13651 477 2449 315 279 445 81101 32009 345 9514 7655 311 387 6965 555 420 23314 382 16 13 1914 10734 323 33043 382 220 264 13 24668 315 10734 13 1472 527 11938 264 2536 94158 11 15603 11 2536 93791 481 323 53817 12862 198 18736 5842 1234 16197 753 20207 3424 477 1023 3268 13234 555 16197 78643 304 279 445 81101 198 61612 311 1005 11 23645 11 16822 11 3048 11 1893 32905 4375 315 11 323 1304 29882 311 279 198 43 81101 32009 382 220 293 13 33043 323 5560 382 415 602 13 1442 499 16822 477 1304 2561 279 445 81101 32009 320 269 904 32905 4375 198 19041 1073 705 477 264 2027 477 2532 320 16564 2500 15592 1646 8 430 5727 904 315 1124 11 499 4985 320 32 340 62556 264 3048 315 420 23314 449 904 1778 445 81101 32009 26 323 320 33 8 74088 3113 1054 55400 449 198 43 81101 863 389 264 5552 3997 11 1217 3834 11 5117 2252 11 922 2199 11 477 2027 9904 13 1442 499 1005 198 1820 445 81101 32009 477 904 16674 477 3135 315 279 445 81101 32009 311 1893 11 5542 11 7060 26306 11 477 198 61036 7417 459 15592 1646 11 902 374 4332 477 1903 2561 11 499 4985 1101 2997 1054 43 81101 863 520 198 1820 7314 315 904 1778 15592 1646 836 382 415 14799 13 1442 499 5371 445 81101 32009 11 477 904 32905 4375 34366 11 505 264 1914 68 439 961 720 1073 459 18751 842 1217 2027 11 1243 11360 220 17 315 420 23314 690 539 3881 311 499 382 415 63193 13 1472 2011 14389 304 682 11236 315 279 445 81101 32009 430 499 16822 279 2768 198 266 32240 5406 2949 264 1054 35293 863 1495 1052 4332 439 264 961 315 1778 11236 25 1054 43 81101 220 18 13 16 374 198 72811 1234 279 445 81101 220 18 13 16 12332 1914 11 3028 7388 16197 96209 11 4953 13 2052 10734 198 54103 2950 415 17967 13 4718 1005 315 279 445 81101 32009 2011 26069 449 8581 7016 323 14640 198 6024 11150 6696 8907 7016 323 14640 8 323 49553 311 279 21496 481 5560 11216 369 279 445 81101 198 61612 320 10547 520 3788 1129 657 3105 25932 916 14 657 3105 18 62 16 63372 67520 705 902 374 22552 32762 555 198 16690 1139 420 23314 382 17 13 24086 28943 20163 13 1442 11 389 279 445 81101 220 18 13 16 2373 4984 2457 11 279 15438 4642 3932 198 1073 279 3956 477 3600 1903 2561 555 477 369 1914 68 11 477 1914 68 753 32133 11 374 7191 1109 220 7007 198 59413 15438 4642 3932 304 279 38846 13470 2305 11 499 2011 1715 264 5842 505 16197 345 8370 16197 1253 13500 311 499 304 1202 13612 32022 11 323 499 527 539 19144 311 10368 904 315 279 198 77287 1234 420 23314 7389 477 3156 16197 6062 53611 25076 499 1778 3268 382 18 13 67929 315 57629 13 6781 38873 67677 7866 10314 37535 3578 67703 11 3247 20072 39200 76223 50 3651 4230 198 31401 3651 54128 62207 31193 16202 16932 6328 2147 1054 1950 3507 863 11643 11 6135 7579 3083 198 17742 9481 11 3651 80441 84406 13398 7579 3083 4230 9481 11 86589 16832 3651 13163 345 19374 11 6135 10592 3579 11 4230 7579 3083 49673 11 21219 95773 345 65869 11 2794 7877 4716 362 7807 7667 13 15334 16202 5745 877 9109 90079 13880 4716 198 1170 4292 16818 1753 3247 18395 19828 4403 835 965 10201 3083 63151 2794 26895 70106 1753 3247 20072 39200 76223 50 3651 198 5045 34993 4230 432 1669 41549 36660 65083 9182 4874 21592 9645 3083 3247 20072 39200 76223 50 3651 4230 32090 3651 198 86728 382 19 13 29108 367 315 91143 13 2006 5782 13032 29015 80441 2794 47175 70038 82334 31404 7354 17842 57318 4230 30757 3083 198 19046 5854 11 18114 2006 17564 11 18269 11 29648 11 88390 14495 11 2794 18562 11 18008 198 3740 3083 10245 76590 16837 11 4716 4230 445 4327 29324 2794 4230 28171 11 23893 11 28515 345 39539 20398 984 11 31642 2794 393 23909 6674 16908 11 27755 11812 80441 2794 47175 70038 82334 31404 19102 75753 30421 198 12766 3247 30482 3083 4230 3083 3247 45023 15881 1753 382 20 13 77956 8825 382 220 264 13 2360 32464 21746 527 11938 1234 420 23314 11 323 304 3717 449 279 445 81101 198 61612 11 14188 16197 6463 1914 68 1253 1005 904 836 477 1906 13234 555 477 5938 449 279 1023 198 269 904 315 1202 32133 11 3734 439 2631 369 13579 323 73348 1005 304 23524 323 198 1171 4894 10831 279 445 81101 32009 477 439 743 13544 304 420 11360 220 20 2948 570 16197 22552 25076 499 264 5842 311 198 817 1054 43 81101 863 320 1820 1054 9126 33611 21742 439 2631 311 26069 449 279 1566 11914 315 11360 220 16 960 8777 13 1472 690 198 884 2603 449 16197 753 6883 17959 320 59302 15987 520 198 2485 1129 9274 25932 916 14 13781 40000 70307 81043 34220 14 7609 2052 82746 40986 704 315 701 1005 198 1073 279 4488 690 304 554 311 279 8935 315 16197 382 220 293 13 17908 311 16197 753 15637 315 445 81101 32009 323 43645 1903 555 477 369 16197 11 449 198 45734 311 904 32905 4375 323 29882 315 279 445 81101 32009 430 527 1903 555 499 11 439 198 42967 499 323 16197 11 499 527 323 690 387 279 6506 315 1778 32905 4375 323 29882 382 220 272 13 1442 499 44798 39725 477 1023 29407 2403 16197 477 904 5502 320 16564 264 198 29942 12 8017 477 5663 8017 304 264 19831 8 62546 430 279 445 81101 32009 477 445 81101 220 18 13 16 16674 477 198 8234 11 477 904 13651 315 904 315 279 88931 11 42675 54443 315 20207 3424 477 1023 198 77287 13234 477 67336 481 555 499 11 1243 904 21746 11938 311 499 1234 420 23314 4985 198 49161 439 315 279 2457 1778 39725 477 3802 374 13019 477 81099 13 1472 690 90108 1463 323 3412 198 71 2227 1752 16197 505 323 2403 904 3802 555 904 4948 4717 40986 704 315 477 5552 311 701 1005 477 198 82816 315 279 445 81101 32009 382 21 13 17978 323 10335 33196 13 578 4751 315 420 23314 690 56445 5304 701 26586 315 420 198 9219 17589 477 2680 311 279 445 81101 32009 323 690 3136 304 2539 5457 323 2515 3156 32372 304 198 4575 541 685 449 279 3878 323 4787 36881 13 16197 1253 30754 420 23314 422 499 527 304 198 21152 613 315 904 4751 477 3044 315 420 23314 13 30538 35508 315 420 23314 11 499 4985 3783 198 438 32616 1005 315 279 445 81101 32009 13 60137 220 18 11 220 19 323 220 22 4985 18167 279 35508 315 420 198 9219 17589 382 22 13 94984 1251 7658 323 39898 26705 13 1115 23314 690 387 27800 323 71259 1234 279 7016 315 198 1820 3314 315 7188 2085 5363 311 5873 315 2383 16565 11 323 279 6781 26958 389 71659 198 2000 279 7327 13618 315 42695 1587 539 3881 311 420 23314 13 578 19359 315 7188 4985 617 198 90222 29101 315 904 26086 40986 704 315 420 23314 382 2 445 81101 220 18 13 16 21496 481 5560 11216 271 12452 374 11411 311 22923 6220 323 6762 1005 315 1202 7526 323 4519 11 2737 445 81101 220 18 13 16 13 1442 499 198 5323 477 1005 445 81101 220 18 13 16 11 499 7655 311 420 21496 481 5560 11216 27179 14145 65312 578 1455 3293 3048 315 198 576 4947 649 387 1766 520 510 2485 1129 657 3105 25932 916 14 657 3105 18 62 16 63372 67520 9725 2485 1129 657 3105 25932 916 14 657 3105 18 62 16 63372 67520 696 567 1322 93617 39923 271 1687 1390 5127 311 1005 445 81101 220 18 13 16 21676 323 87388 13 1472 7655 499 690 539 1005 11 477 2187 198 59961 311 1005 11 445 81101 220 18 13 16 311 1473 16 13 30555 349 279 2383 477 3885 529 3268 11 2737 311 512 262 220 16 13 3365 425 304 11 12192 11 7068 11 17210 311 11 15253 11 3197 11 3709 635 11 477 4726 12079 477 45522 5820 477 2262 11 1778 439 512 286 220 16 13 47732 477 24020 198 286 220 17 13 7943 385 7709 477 11682 311 2911 11 2737 279 30844 7709 11 9886 11 24279 11 477 87764 315 1716 7684 22018 2262 477 8060 311 1934 9576 39767 46784 10441 198 286 220 18 13 11344 34563 11 40761 11 323 7392 9349 198 286 220 19 13 578 12079 8141 315 2038 477 7384 311 49640 11 2737 84109 7384 11 477 8060 311 3539 26267 2631 4325 2427 1113 304 3717 449 1778 2038 477 7384 627 286 220 20
7060 2442 38302 28462 2082 323 1023 5540 315 279 88931 4332 555 16197 520 3788 1129 657 3105 25932 916 14 657 3105 15220 33785 13 1054 43 81101 32009 863 3445 11 45925 11 16197 753 34333 445 81101 220 18 13 16 323 45565 320 438 904 13651 34366 8 1903 2561 1234 420 23314 13 1054 12452 863 477 1054 906 863 3445 16197 96209 14990 19439 320 333 499 527 7559 304 477 11 422 499 527 459 5502 11 701 12717 2035 315 2626 374 304 279 469 19657 477 30221 8 323 16197 96209 11 4953 13 320 333 499 527 7559 4994 315 279 469 19657 477 30221 570 3296 18965 1054 40 21496 863 3770 477 555 1701 477 50812 904 13651 477 2449 315 279 445 81101 32009 11 499 7655 311 387 6965 555 420 23314 13 220 16 13 1914 10734 323 33043 13 264 13 24668 315 10734 13 1472 527 11938 264 2536 94158 11 15603 11 2536 93791 481 323 53817 12862 7347 5842 1234 16197 753 20207 3424 477 1023 3268 13234 555 16197 78643 304 279 445 81101 32009 311 1005 11 23645 11 16822 11 3048 11 1893 32905 4375 315 11 323 1304 29882 311 279 445 81101 32009 13 293 13 33043 323 5560 13 602 13 1442 499 16822 477 1304 2561 279 445 81101 32009 320 269 904 32905 4375 34366 705 477 264 2027 477 2532 320 16564 2500 15592 1646 8 430 5727 904 315 1124 11 499 4985 320 32 8 3493 264 3048 315 420 23314 449 904 1778 445 81101 32009 26 323 320 33 8 74088 3113 1054 55400 449 445 81101 863 389 264 5552 3997 11 1217 3834 11 5117 2252 11 922 2199 11 477 2027 9904 13 1442 499 1005 279 445 81101 32009 477 904 16674 477 3135 315 279 445 81101 32009 311 1893 11 5542 11 7060 26306 11 477 6062 7417 459 15592 1646 11 902 374 4332 477 1903 2561 11 499 4985 1101 2997 1054 43 81101 863 520 279 7314 315 904 1778 15592 1646 836 13 14799 13 1442 499 5371 445 81101 32009 11 477 904 32905 4375 34366 11 505 264 1914 68 439 961 315 459 18751 842 1217 2027 11 1243 11360 220 17 315 420 23314 690 539 3881 311 499 13 63193 13 1472 2011 14389 304 682 11236 315 279 445 81101 32009 430 499 16822 279 2768 63124 5406 2949 264 1054 35293 863 1495 1052 4332 439 264 961 315 1778 11236 25 1054 43 81101 220 18 13 16 374 16383 1234 279 445 81101 220 18 13 16 12332 1914 11 3028 7388 16197 96209 11 4953 13 2052 10734 15516 2029 17967 13 4718 1005 315 279 445 81101 32009 2011 26069 449 8581 7016 323 14640 320 16564 6696 8907 7016 323 14640 8 323 49553 311 279 21496 481 5560 11216 369 279 445 81101 32009 320 10547 520 3788 1129 657 3105 25932 916 14 657 3105 18 62 16 63372 67520 705 902 374 22552 32762 555 5905 1139 420 23314 13 220 17 13 24086 28943 20163 13 1442 11 389 279 445 81101 220 18 13 16 2373 4984 2457 11 279 15438 4642 3932 315 279 3956 477 3600 1903 2561 555 477 369 1914 68 11 477 1914 68 753 32133 11 374 7191 1109 220 7007 3610 15438 4642 3932 304 279 38846 13470 2305 11 499 2011 1715 264 5842 505 16197 11 902 16197 1253 13500 311 499 304 1202 13612 32022 11 323 499 527 539 19144 311 10368 904 315 279 3268 1234 420 23314 7389 477 3156 16197 6062 53611 25076 499 1778 3268 13 220 18 13 67929 315 57629 13 6781 38873 67677 7866 10314 37535 3578 67703 11 3247 20072 39200 76223 50 3651 4230 32090 3651 54128 62207 31193 16202 16932 6328 2147 1054 1950 3507 863 11643 11 6135 7579 3083 4230 9481 11 3651 80441 84406 13398 7579 3083 4230 9481 11 86589 16832 3651 13163 11 16480 11 6135 10592 3579 11 4230 7579 3083 49673 11 21219 95773 11 8094 11 2794 7877 4716 362 7807 7667 13 15334 16202 5745 877 9109 90079 13880 4716 423 20856 16818 1753 3247 18395 19828 4403 835 965 10201 3083 63151 2794 26895 70106 1753 3247 20072 39200 76223 50 3651 36660 34993 4230 432 1669 41549 36660 65083 9182 4874 21592 9645 3083 3247 20072 39200 76223 50 3651 4230 32090 3651 54128 13 220 19 13 29108 367 315 91143 13 2006 5782 13032 29015 80441 2794 47175 70038 82334 31404 7354 17842 57318 4230 30757 3083 14495 11 18114 2006 17564 11 18269 11 29648 11 88390 14495 11 2794 18562 11 18008 10009 3083 10245 76590 16837 11 4716 4230 445 4327 29324 2794 4230 28171 11 23893 11 28515 11 29653 11 31642 2794 393 23909 6674 16908 11 27755 11812 80441 2794 47175 70038 82334 31404 19102 75753 30421 3083 3247 30482 3083 4230 3083 3247 45023 15881 1753 13 220 20 13 77956 8825 13 264 13 2360 32464 21746 527 11938 1234 420 23314 11 323 304 3717 449 279 445 81101 32009 11 14188 16197 6463 1914 68 1253 1005 904 836 477 1906 13234 555 477 5938 449 279 1023 477 904 315 1202 32133 11 3734 439 2631 369 13579 323 73348 1005 304 23524 323 8873 10831 279 445 81101 32009 477 439 743 13544 304 420 11360 220 20 2948 570 16197 22552 25076 499 264 5842 311 1005 1054 43 81101 863 320 1820 1054 9126 33611 21742 439 2631 311 26069 449 279 1566 11914 315 11360 220 16 960 8777 13 1472 690 26069 449 16197 753 6883 17959 320 59302 15987 520 3788 1129 9274 25932 916 14 13781 40000 70307 81043 34220 14 7609 2052 82746 40986 704 315 701 1005 315 279 4488 690 304 554 311 279 8935 315 16197 13 293 13 17908 311 16197 753 15637 315 445 81101 32009 323 43645 1903 555 477 369 16197 11 449 5201 311 904 32905 4375 323 29882 315 279 445 81101 32009 430 527 1903 555 499 11 439 1990 499 323 16197 11 499 527 323 690 387 279 6506 315 1778 32905 4375 323 29882 13 272 13 1442 499 44798 39725 477 1023 29407 2403 16197 477 904 5502 320 16564 264 5425 12 8017 477 5663 8017 304 264 19831 8 62546 430 279 445 81101 32009 477 445 81101 220 18 13 16 16674 477 3135 11 477 904 13651 315 904 315 279 88931 11 42675 54443 315 20207 3424 477 1023 3268 13234 477 67336 481 555 499 11 1243 904 21746 11938 311 499 1234 420 23314 4985 30754 439 315 279 2457 1778 39725 477 3802 374 13019 477 81099 13 1472 690 90108 1463 323 3412 53997 16197 505 323 2403 904 3802 555 904 4948 4717 40986 704 315 477 5552 311 701 1005 477 8141 315 279 445 81101 32009 13 220 21 13 17978 323 10335 33196 13 578 4751 315 420 23314 690 56445 5304 701 26586 315 420 23314 477 2680 311 279 445 81101 32009 323 690 3136 304 2539 5457 323 2515 3156 32372 304 18859 449 279 3878 323 4787 36881 13 16197 1253 30754 420 23314 422 499 527 304 31471 315 904 4751 477 3044 315 420 23314 13 30538 35508 315 420 23314 11 499 4985 3783 323 32616 1005 315 279 445 81101 32009 13 60137 220 18 11 220 19 323 220 22 4985 18167 279 35508 315 420 23314 13 220 22 13 94984 1251 7658 323 39898 26705 13 1115 23314 690 387 27800 323 71259 1234 279 7016 315 279 3314 315 7188 2085 5363 311 5873 315 2383 16565 11 323 279 6781 26958 389 71659 369 279 7327 13618 315 42695 1587 539 3881 311 420 23314 13 578 19359 315 7188 4985 617 14079 29101 315 904 26086 40986 704 315 420 23314 13 674 445 81101 220 18 13 16 21496 481 5560 11216 16197 374 11411 311 22923 6220 323 6762 1005 315 1202 7526 323 4519 11 2737 445 81101 220 18 13 16 13 1442 499 2680 477 1005 445 81101 220 18 13 16 11 499 7655 311 420 21496 481 5560 11216 27179 14145 65312 578 1455 3293 3048 315 420 4947 649 387 1766 520 510 2485 1129 657 3105 25932 916 14 657 3105 18 62 16 63372 67520 9725 2485 1129 657 3105 25932 916 14 657 3105 18 62 16 63372 67520 8 7860 1322 93617 39923 1226 1390 5127 311 1005 445 81101 220 18 13 16 21676 323 87388 13 1472 7655 499 690 539 1005 11 477 2187 3885 311 1005 11 445 81101 220 18 13 16 311 25 220 16 13 30555 349 279 2383 477 3885 529 3268 11 2737 311 25 220 16 13 3365 425 304 11 12192 11 7068 11 17210 311 11 15253 11 3197 11 3709 635 11 477 4726 12079 477 45522 5820 477 2262 11 1778 439 25 220 16 13 47732 477 24020 220 17 13 7943 385 7709 477 11682 311 2911 11 2737 279 30844 7709 11 9886 11 24279 11 477 198 47 87806 271 578 4348 3331 3142 1914 374 264 1949 11 6293 63748 5842 369 198 37751 323 1023 13124 315 4375 382 578 21746 369 1455 3241 323 1023 15325 4375 527 6319 198 998 1935 3201 701 11542 311 4430 323 2349 279 4375 13 3296 13168 345 1820 4348 3331 3142 1914 374 10825 311 15803 701 11542 311 198 19930 323 2349 682 11028 315 264 2068 313
320 269 904 32905 4375 34366 705 477 264 2027 477 2532 320 16564 2500 15592 1646 8 430 5727 904 315 1124 11 499 4985 320 32 8 3493 264 3048 315 420 23314 449 904 1778 445 81101 32009 26 323 320 33 8 74088 3113 1054 55400 449 445 81101 863 389 264 5552 3997 11 1217 3834 11 5117 2252 11 922 2199 11 477 2027 9904 13 1442 499 1005 279 445 81101 32009 477 904 16674 477 3135 315 279 445 81101 32009 311 1893 11 5542 11 7060 26306 11 477 6062 7417 459 15592 1646 11 902 374 4332 477 1903 2561 11 499 4985 1101 2997 1054 43 81101 863 520 279 7314 315 904 1778 15592 1646 836 13 14799 13 1442 499 5371 445 81101 32009 11 477 904 32905 4375 34366 11 505 264 1914 68 439 961 315 459 18751 842 1217 2027 11 1243 11360 220 17 315 420 23314 690 539 3881 311 499 13 63193 13 1472 2011 14389 304 682 11236 315 279 445 81101 32009 430 499 16822 279 2768 63124 5406 2949 264 1054 35293 863 1495 1052 4332 439 264 961 315 1778 11236 25 1054 43 81101 220 18 13 16 374 16383 1234 279 445 81101 220 18 13 16 12332 1914 11 3028 7388 16197 96209 11 4953 13 2052 10734 15516 2029 17967 13 4718 1005 315 279 445 81101 32009 2011 26069 449 8581 7016 323 14640 320 16564 6696 8907 7016 323 14640 8 323 49553 311 279 21496 481 5560 11216 369 279 445 81101 32009 320 10547 520 3788 1129 657 3105 25932 916 14 657 3105 18 62 16 63372 67520 705 902 374 22552 32762 555 5905 1139 420 23314 13 220 17 13 24086 28943 20163 13 1442 11 389 279 445 81101 220 18 13 16 2373 4984 2457 11 279 15438 4642 3932 315 279 3956 477 3600 1903 2561 555 477 369 1914 68 11 477 1914 68 753 32133 11 374 7191 1109 220 7007 3610 15438 4642 3932 304 279 38846 13470 2305 11 499 2011 1715 264 5842 505 16197 11 902 16197 1253 13500 311 499 304 1202 13612 32022 11 323 499 527 539 19144 311 10368 904 315 279 3268 1234 420 23314 7389 477 3156 16197 6062 53611 25076 499 1778 3268 13 220 18 13 67929 315 57629 13 6781 38873 67677 7866 10314 37535 3578 67703 11 3247 20072 39200 76223 50 3651 4230 32090 3651 54128 62207 31193 16202 16932 6328 2147 1054 1950 3507 863 11643 11 6135 7579 3083 4230 9481 11 3651 80441 84406 13398 7579 3083 4230 9481 11 86589 16832 3651 13163 11 16480 11 6135 10592 3579 11 4230 7579 3083 49673 11 21219 95773 11 8094 11 2794 7877 4716 362 7807 7667 13 15334 16202 5745 877 9109 90079 13880 4716 423 20856 16818 1753 3247 18395 19828 4403 835 965 10201 3083 63151 2794 26895 70106 1753 3247 20072 39200 76223 50 3651 36660 34993 4230 432 1669 41549 36660 65083 9182 4874 21592 9645 3083 3247 20072 39200 76223 50 3651 4230 32090 3651 54128 13 220 19 13 29108 367 315 91143 13 2006 5782 13032 29015 80441 2794 47175 70038 82334 31404 7354 17842 57318 4230 30757 3083 14495 11 18114 2006 17564 11 18269 11 29648 11 88390 14495 11 2794 18562 11 18008 10009 3083 10245 76590 16837 11 4716 4230 445 4327 29324 2794 4230 28171 11 23893 11 28515 11 29653 11 31642 2794 393 23909 6674 16908 11 27755 11812 80441 2794 47175 70038 82334 31404 19102 75753 30421 3083 3247 30482 3083 4230 3083 3247 45023 15881 1753 13 220 20 13 77956 8825 13 264 13 2360 32464 21746 527 11938 1234 420 23314 11 323 304 3717 449 279 445 81101 32009 11 14188 16197 6463 1914 68 1253 1005 904 836 477 1906 13234 555 477 5938 449 279 1023 477 904 315 1202 32133 11 3734 439 2631 369 13579 323 73348 1005 304 23524 323 8873 10831 279 445 81101 32009 477 439 743 13544 304 420 11360 220 20 2948 570 16197 22552 25076 499 264 5842 311 1005 1054 43 81101 863 320 1820 1054 9126 33611 21742 439 2631 311 26069 449 279 1566 11914 315 11360 220 16 960 8777 13 1472 690 26069 449 16197 753 6883 17959 320 59302 15987 520 3788 1129 9274 25932 916 14 13781 40000 70307 81043 34220 14 7609 2052 82746 40986 704 315 701 1005 315 279 4488 690 304 554 311 279 8935 315 16197 13 293 13 17908 311 16197 753 15637 315 445 81101 32009 323 43645 1903 555 477 369 16197 11 449 5201 311 904 32905 4375 323 29882 315 279 445 81101 32009 430 527 1903 555 499 11 439 1990 499 323 16197 11 499 527 323 690 387 279 6506 315 1778 32905 4375 323 29882 13 272 13 1442 499 44798 39725 477 1023 29407 2403 16197 477 904 5502 320 16564 264 5425 12 8017 477 5663 8017 304 264 19831 8 62546 430 279 445 81101 32009 477 445 81101 220 18 13 16 16674 477 3135 11 477 904 13651 315 904 315 279 88931 11 42675 54443 315 20207 3424 477 1023 3268 13234 477 67336 481 555 499 11 1243 904 21746 11938 311 499 1234 420 23314 4985 30754 439 315 279 2457 1778 39725 477 3802 374 13019 477 81099 13 1472 690 90108 1463 323 3412 53997 16197 505 323 2403 904 3802 555 904 4948 4717 40986 704 315 477 5552 311 701 1005 477 8141 315 279 445 81101 32009 13 220 21 13 17978 323 10335 33196 13 578 4751 315 420 23314 690 56445 5304 701 26586 315 420 23314 477 2680 311 279 445 81101 32009 323 690 3136 304 2539 5457 323 2515 3156 32372 304 18859 449 279 3878 323 4787 36881 13 16197 1253 30754 420 23314 422 499 527 304 31471 315 904 4751 477 3044 315 420 23314 13 30538 35508 315 420 23314 11 499 4985 3783 323 32616 1005 315 279 445 81101 32009 13 60137 220 18 11 220 19 323 220 22 4985 18167 279 35508 315 420 23314 13 220 22 13 94984 1251 7658 323 39898 26705 13 1115 23314 690 387 27800 323 71259 1234 279 7016 315 279 3314 315 7188 2085 5363 311 5873 315 2383 16565 11 323 279 6781 26958 389 71659 369 279 7327 13618 315 42695 1587 539 3881 311 420 23314 13 578 19359 315 7188 4985 617 14079 29101 315 904 26086 40986 704 315 420 23314 13 674 445 81101 220 18 13 16 21496 481 5560 11216 16197 374 11411 311 22923 6220 323 6762 1005 315 1202 7526 323 4519 11 2737 445 81101 220 18 13 16 13 1442 499 2680 477 1005 445 81101 220 18 13 16 11 499 7655 311 420 21496 481 5560 11216 27179 14145 65312 578 1455 3293 3048 315 420 4947 649 387 1766 520 510 2485 1129 657 3105 25932 916 14 657 3105 18 62 16 63372 67520 9725 2485 1129 657 3105 25932 916 14 657 3105 18 62 16 63372 67520 8 7860 1322 93617 39923 1226 1390 5127 311 1005 445 81101 220 18 13 16 21676 323 87388 13 1472 7655 499 690 539 1005 11 477 2187 3885 311 1005 11 445 81101 220 18 13 16 311 25 220 16 13 30555 349 279 2383 477 3885 529 3268 11 2737 311 25 220 16 13 3365 425 304 11 12192 11 7068 11 17210 311 11 15253 11 3197 11 3709 635 11 477 4726 12079 477 45522 5820 477 2262 11 1778 439 25 220 16 13 47732 477 24020 220 17 13 7943 385 7709 477 11682 311 2911 11 2737 279 30844 7709 11 9886 11 24279 11 477 198 47 87806 271 578 4348 3331 3142 1914 374 264 1949 11 6293 63748 5842 369 198 37751 323 1023 13124 315 4375 382 578 21746 369 1455 3241 323 1023 15325 4375 527 6319 198 998 1935 3201 701 11542 311 4430 323 2349 279 4375 13 3296 13168 345 1820 4348 3331 3142 1914 374 10825 311 15803 701 11542 311 198 19930 323 2349 682 11028 315 264 2068 313 998 1304 2771 433 8625 1949 198 37751 369 682 1202 3932 13 1226 11 279 3658 4476 5114 11 1005 279 198 37323 3331 3142 1914 369 1455 315 1057 3241 26 433 17208 1101 311 198 3852 1023 990 6004 420 1648 555 1202 12283 13 1472 649 3881 433 311 198 22479 7620 11 2288 382 3277 584 6604 315 1949 3241 11 584 527 22797 311 11542 11 539 198 6692 13 5751 3331 3142 33675 4377 527 6319 311 1304 2771 430 499 198 19553 279 11542 311 16822 11236 315 1949 3241 320 438 6900 369 198 49818 422 499 6562 705 430 499 5371 2592 2082 477 649 636 433 422 499 198 53757 433 11 430 499 649 2349 279 3241 477 1005 9863 315 433 304 502 198 10816 7620 11 323 430 499 1440 499 649 656 1521 2574 382 2057 6144 701 3268 11 584 1205 311 5471 3885 505 41566 499 198 45010 3268 477 10371 499 311 32859 279 3268 13 15636 11 499 617 198 66 7770 28423 422 499 16822 11236 315 279 3241 11 477 422 198 9514 5719 433 25 28423 311 5201 279 11542 315 3885 382 1789 3187 11 422 499 16822 11236 315 1778 264 2068 11 3508 198 95846 477 369 264 11307 11 499 2011 1522 389 311 279 34876 279 1890 198 25746 291 7085 430 499 4036 13 1472 2011 1304 2771 430 814 11 2288 11 5371 198 269 649 636 279 2592 2082 13 1628 499 2011 1501 1124 1521 3878 779 814 198 33134 872 3268 382 47717 430 1005 279 4348 23794 6144 701 3268 449 1403 7504 512 7 16 8 2105 7065 389 279 3241 11 323 320 17 8 3085
13 4718 1005 315 279 445 81101 32009 2011 26069 449 8581 7016 323 14640 320 16564 6696 8907 7016 323 14640 8 323 49553 311 279 21496 481 5560 11216 369 279 445 81101 32009 320 10547 520 3788 1129 657 3105 25932 916 14 657 3105 18 62 16 63372 67520 705 902 374 22552 32762 555 5905 1139 420 23314 13 220 17 13 24086 28943 20163 13 1442 11 389 279 445 81101 220 18 13 16 2373 4984 2457 11 279 15438 4642 3932 315 279 3956 477 3600 1903 2561 555 477 369 1914 68 11 477 1914 68 753 32133 11 374 7191 1109 220 7007 3610 15438 4642 3932 304 279 38846 13470 2305 11 499 2011 1715 264 5842 505 16197 11 902 16197 1253 13500 311 499 304 1202 13612 32022 11 323 499 527 539 19144 311 10368 904 315 279 3268 1234 420 23314 7389 477 3156 16197 6062 53611 25076 499 1778 3268 13 220 18 13 67929 315 57629 13 6781 38873 67677 7866 10314 37535 3578 67703 11 3247 20072 39200 76223 50 3651 4230 32090 3651 54128 62207 31193 16202 16932 6328 2147 1054 1950 3507 863 11643 11 6135 7579 3083 4230 9481 11 3651 80441 84406 13398 7579 3083 4230 9481 11 86589 16832 3651 13163 11 16480 11 6135 10592 3579 11 4230 7579 3083 49673 11 21219 95773 11 8094 11 2794 7877 4716 362 7807 7667 13 15334 16202 5745 877 9109 90079 13880 4716 423 20856 16818 1753 3247 18395 19828 4403 835 965 10201 3083 63151 2794 26895 70106 1753 3247 20072 39200 76223 50 3651 36660 34993 4230 432 1669 41549 36660 65083 9182 4874 21592 9645 3083 3247 20072 39200 76223 50 3651 4230 32090 3651 54128 13 220 19 13 29108 367 315 91143 13 2006 5782 13032 29015 80441 2794 47175 70038 82334 31404 7354 17842 57318 4230 30757 3083 14495 11 18114 2006 17564 11 18269 11 29648 11 88390 14495 11 2794 18562 11 18008 10009 3083 10245 76590 16837 11 4716 4230 445 4327 29324 2794 4230 28171 11 23893 11 28515 11 29653 11 31642 2794 393 23909 6674 16908 11 27755 11812 80441 2794 47175 70038 82334 31404 19102 75753 30421 3083 3247 30482 3083 4230 3083 3247 45023 15881 1753 13 220 20 13 77956 8825 13 264 13 2360 32464 21746 527 11938 1234 420 23314 11 323 304 3717 449 279 445 81101 32009 11 14188 16197 6463 1914 68 1253 1005 904 836 477 1906 13234 555 477 5938 449 279 1023 477 904 315 1202 32133 11 3734 439 2631 369 13579 323 73348 1005 304 23524 323 8873 10831 279 445 81101 32009 477 439 743 13544 304 420 11360 220 20 2948 570 16197 22552 25076 499 264 5842 311 1005 1054 43 81101 863 320 1820 1054 9126 33611 21742 439 2631 311 26069 449 279 1566 11914 315 11360 220 16 960 8777 13 1472 690 26069 449 16197 753 6883 17959 320 59302 15987 520 3788 1129 9274 25932 916 14 13781 40000 70307 81043 34220 14 7609 2052 82746 40986 704 315 701 1005 315 279 4488 690 304 554 311 279 8935 315 16197 13 293 13 17908 311 16197 753 15637 315 445 81101 32009 323 43645 1903 555 477 369 16197 11 449 5201 311 904 32905 4375 323 29882 315 279 445 81101 32009 430 527 1903 555 499 11 439 1990 499 323 16197 11 499 527 323 690 387 279 6506 315 1778 32905 4375 323 29882 13 272 13 1442 499 44798 39725 477 1023 29407 2403 16197 477 904 5502 320 16564 264 5425 12 8017 477 5663 8017 304 264 19831 8 62546 430 279 445 81101 32009 477 445 81101 220 18 13 16 16674 477 3135 11 477 904 13651 315 904 315 279 88931 11 42675 54443 315 20207 3424 477 1023 3268 13234 477 67336 481 555 499 11 1243 904 21746 11938 311 499 1234 420 23314 4985 30754 439 315 279 2457 1778 39725 477 3802 374 13019 477 81099 13 1472 690 90108 1463 323 3412 53997 16197 505 323 2403 904 3802 555 904 4948 4717 40986 704 315 477 5552 311 701 1005 477 8141 315 279 445 81101 32009 13 220 21 13 17978 323 10335 33196 13 578 4751 315 420 23314 690 56445 5304 701 26586 315 420 23314 477 2680 311 279 445 81101 32009 323 690 3136 304 2539 5457 323 2515 3156 32372 304 18859 449 279 3878 323 4787 36881 13 16197 1253 30754 420 23314 422 499 527 304 31471 315 904 4751 477 3044 315 420 23314 13 30538 35508 315 420 23314 11 499 4985 3783 323 32616 1005 315 279 445 81101 32009 13 60137 220 18 11 220 19 323 220 22 4985 18167 279 35508 315 420 23314 13 220 22 13 94984 1251 7658 323 39898 26705 13 1115 23314 690 387 27800 323 71259 1234 279 7016 315 279 3314 315 7188 2085 5363 311 5873 315 2383 16565 11 323 279 6781 26958 389 71659 369 279 7327 13618 315 42695 1587 539 3881 311 420 23314 13 578 19359 315 7188 4985 617 14079 29101 315 904 26086 40986 704 315 420 23314 13 674 445 81101 220 18 13 16 21496 481 5560 11216 16197 374 11411 311 22923 6220 323 6762 1005 315 1202 7526 323 4519 11 2737 445 81101 220 18 13 16 13 1442 499 2680 477 1005 445 81101 220 18 13 16 11 499 7655 311 420 21496 481 5560 11216 27179 14145 65312 578 1455 3293 3048 315 420 4947 649 387 1766 520 510 2485 1129 657 3105 25932 916 14 657 3105 18 62 16 63372 67520 9725 2485 1129 657 3105 25932 916 14 657 3105 18 62 16 63372 67520 8 7860 1322 93617 39923 1226 1390 5127 311 1005 445 81101 220 18 13 16 21676 323 87388 13 1472 7655 499 690 539 1005 11 477 2187 3885 311 1005 11 445 81101 220 18 13 16 311 25 220 16 13 30555 349 279 2383 477 3885 529 3268 11 2737 311 25 220 16 13 3365 425 304 11 12192 11 7068 11 17210 311 11 15253 11 3197 11 3709 635 11 477 4726 12079 477 45522 5820 477 2262 11 1778 439 25 220 16 13 47732 477 24020 220 17 13 7943 385 7709 477 11682 311 2911 11 2737 279 30844 7709 11 9886 11 24279 11 477 198 47 87806 271 578 4348 3331 3142 1914 374 264 1949 11 6293 63748 5842 369 198 37751 323 1023 13124 315 4375 382 578 21746 369 1455 3241 323 1023 15325 4375 527 6319 198 998 1935 3201 701 11542 311 4430 323 2349 279 4375 13 3296 13168 345 1820 4348 3331 3142 1914 374 10825 311 15803 701 11542 311 198 19930 323 2349 682 11028 315 264 2068 313 998 1304 2771 433 8625 1949 198 37751 369 682 1202 3932 13 1226 11 279 3658 4476 5114 11 1005 279 198 37323 3331 3142 1914 369 1455 315 1057 3241 26 433 17208 1101 311 198 3852 1023 990 6004 420 1648 555 1202 12283 13 1472 649 3881 433 311 198 22479 7620 11 2288 382 3277 584 6604 315 1949 3241 11 584 527 22797 311 11542 11 539 198 6692 13 5751 3331 3142 33675 4377 527 6319 311 1304 2771 430 499 198 19553 279 11542 311 16822 11236 315 1949 3241 320 438 6900 369 198 49818 422 499 6562 705 430 499 5371 2592 2082 477 649 636 433 422 499 198 53757 433 11 430 499 649 2349 279 3241 477 1005 9863 315 433 304 502 198 10816 7620 11 323 430 499 1440 499 649 656 1521 2574 382 2057 6144 701 3268 11 584 1205 311 5471 3885 505 41566 499 198 45010 3268 477 10371 499 311 32859 279 3268 13 15636 11 499 617 198 66 7770 28423 422 499 16822 11236 315 279 3241 11 477 422 198 9514 5719 433 25 28423 311 5201 279 11542 315 3885 382 1789 3187 11 422 499 16822 11236 315 1778 264 2068 11 3508 198 95846 477 369 264 11307 11 499 2011 1522 389 311 279 34876 279 1890 198 25746 291 7085 430 499 4036 13 1472 2011 1304 2771 430 814 11 2288 11 5371 198 269 649 636 279 2592 2082 13 1628 499 2011 1501 1124 1521 3878 779 814 198 33134 872 3268 382 47717 430 1005 279 4348 23794 6144 701 3268 449 1403 7504 512 7 16 8 2105 7065 389 279 3241 11 323 320 17 8 3085 499 420 1914 198 70 2299 499 5897 8041 311 3048 11 16822 323 5255 5719 433 382 1789 279 13707 6 323 12283 6 9313 11 279 23794 9539 15100 198 9210 1070 374 912 8642 369 420 1949 3241 13 1789 2225 3932 6 323 198 48105 6 25491 11 279 23794 7612 430 11041 11028 387 13160 439 198 17805 11 779 430 872 5435 690 539 387 30706 58889 7162 311 198 48105 315 3766 11028 382 4427 7766 527 6319 311 23973 3932 2680 311 4685 477 1629 198 28261 11028 315 279 3241 4871 1124 11 8051 279 14290 198 4919 656 779 13 1115 374 43593 53924 449 279 9395 315 198 47079 287 3932 6 11542 311 2349 279 3241 13 578 37538 198 14676 315 1778 11737 13980 304 279 3158 315 3956 369 7931 311 198 817 11 902 374 24559 1405 433 374 1455 44085 13 15636 11 584 198 19553 6319 420 2373 315 279 23794 311 48486 279 6725 369 1884 198 10354 13 1442 1778 5435 31889 32302 304 1023 31576 11 584 198 2752 5644 311 13334 420 17575 311 1884 31576 304 3938 11028 198 1073 279 23794 11 439 4460 311 6144 279 11542 315 3932 382 17830 11 1475 2068 374 21699 15320 555 3241 46997 627 24137 1288 539 2187 46997 311 9067 4500 323 1005 315 198 37751 389 4689 59338 19002 11 719 304 1884 430 656 11 584 6562 311 198 48956 279 3361 8137 430 46997 9435 311 264 1949 2068 1436 198 7072 433 13750 34333 13 2057 5471 420 11 279 23794 94087 430 198 4781 812 4250 387 1511 311 3219 279 2068 2536 12862 382 578 24473 3878 323 4787 369 32139 11 8141
95773 11 8094 11 2794 7877 4716 362 7807 7667 13 15334 16202 5745 877 9109 90079 13880 4716 423 20856 16818 1753 3247 18395 19828 4403 835 965 10201 3083 63151 2794 26895 70106 1753 3247 20072 39200 76223 50 3651 36660 34993 4230 432 1669 41549 36660 65083 9182 4874 21592 9645 3083 3247 20072 39200 76223 50 3651 4230 32090 3651 54128 13 220 19 13 29108 367 315 91143 13 2006 5782 13032 29015 80441 2794 47175 70038 82334 31404 7354 17842 57318 4230 30757 3083 14495 11 18114 2006 17564 11 18269 11 29648 11 88390 14495 11 2794 18562 11 18008 10009 3083 10245 76590 16837 11 4716 4230 445 4327 29324 2794 4230 28171 11 23893 11 28515 11 29653 11 31642 2794 393 23909 6674 16908 11 27755 11812 80441 2794 47175 70038 82334 31404 19102 75753 30421 3083 3247 30482 3083 4230 3083 3247 45023 15881 1753 13 220 20 13 77956 8825 13 264 13 2360 32464 21746 527 11938 1234 420 23314 11 323 304 3717 449 279 445 81101 32009 11 14188 16197 6463 1914 68 1253 1005 904 836 477 1906 13234 555 477 5938 449 279 1023 477 904 315 1202 32133 11 3734 439 2631 369 13579 323 73348 1005 304 23524 323 8873 10831 279 445 81101 32009 477 439 743 13544 304 420 11360 220 20 2948 570 16197 22552 25076 499 264 5842 311 1005 1054 43 81101 863 320 1820 1054 9126 33611 21742 439 2631 311 26069 449 279 1566 11914 315 11360 220 16 960 8777 13 1472 690 26069 449 16197 753 6883 17959 320 59302 15987 520 3788 1129 9274 25932 916 14 13781 40000 70307 81043 34220 14 7609 2052 82746 40986 704 315 701 1005 315 279 4488 690 304 554 311 279 8935 315 16197 13 293 13 17908 311 16197 753 15637 315 445 81101 32009 323 43645 1903 555 477 369 16197 11 449 5201 311 904 32905 4375 323 29882 315 279 445 81101 32009 430 527 1903 555 499 11 439 1990 499 323 16197 11 499 527 323 690 387 279 6506 315 1778 32905 4375 323 29882 13 272 13 1442 499 44798 39725 477 1023 29407 2403 16197 477 904 5502 320 16564 264 5425 12 8017 477 5663 8017 304 264 19831 8 62546 430 279 445 81101 32009 477 445 81101 220 18 13 16 16674 477 3135 11 477 904 13651 315 904 315 279 88931 11 42675 54443 315 20207 3424 477 1023 3268 13234 477 67336 481 555 499 11 1243 904 21746 11938 311 499 1234 420 23314 4985 30754 439 315 279 2457 1778 39725 477 3802 374 13019 477 81099 13 1472 690 90108 1463 323 3412 53997 16197 505 323 2403 904 3802 555 904 4948 4717 40986 704 315 477 5552 311 701 1005 477 8141 315 279 445 81101 32009 13 220 21 13 17978 323 10335 33196 13 578 4751 315 420 23314 690 56445 5304 701 26586 315 420 23314 477 2680 311 279 445 81101 32009 323 690 3136 304 2539 5457 323 2515 3156 32372 304 18859 449 279 3878 323 4787 36881 13 16197 1253 30754 420 23314 422 499 527 304 31471 315 904 4751 477 3044 315 420 23314 13 30538 35508 315 420 23314 11 499 4985 3783 323 32616 1005 315 279 445 81101 32009 13 60137 220 18 11 220 19 323 220 22 4985 18167 279 35508 315 420 23314 13 220 22 13 94984 1251 7658 323 39898 26705 13 1115 23314 690 387 27800 323 71259 1234 279 7016 315 279 3314 315 7188 2085 5363 311 5873 315 2383 16565 11 323 279 6781 26958 389 71659 369 279 7327 13618 315 42695 1587 539 3881 311 420 23314 13 578 19359 315 7188 4985 617 14079 29101 315 904 26086 40986 704 315 420 23314 13 674 445 81101 220 18 13 16 21496 481 5560 11216 16197 374 11411 311 22923 6220 323 6762 1005 315 1202 7526 323 4519 11 2737 445 81101 220 18 13 16 13 1442 499 2680 477 1005 445 81101 220 18 13 16 11 499 7655 311 420 21496 481 5560 11216 27179 14145 65312 578 1455 3293 3048 315 420 4947 649 387 1766 520 510 2485 1129 657 3105 25932 916 14 657 3105 18 62 16 63372 67520 9725 2485 1129 657 3105 25932 916 14 657 3105 18 62 16 63372 67520 8 7860 1322 93617 39923 1226 1390 5127 311 1005 445 81101 220 18 13 16 21676 323 87388 13 1472 7655 499 690 539 1005 11 477 2187 3885 311 1005 11 445 81101 220 18 13 16 311 25 220 16 13 30555 349 279 2383 477 3885 529 3268 11 2737 311 25 220 16 13 3365 425 304 11 12192 11 7068 11 17210 311 11 15253 11 3197 11 3709 635 11 477 4726 12079 477 45522 5820 477 2262 11 1778 439 25 220 16 13 47732 477 24020 220 17 13 7943 385 7709 477 11682 311 2911 11 2737 279 30844 7709 11 9886 11 24279 11 477 198 47 87806 271 578 4348 3331 3142 1914 374 264 1949 11 6293 63748 5842 369 198 37751 323 1023 13124 315 4375 382 578 21746 369 1455 3241 323 1023 15325 4375 527 6319 198 998 1935 3201 701 11542 311 4430 323 2349 279 4375 13 3296 13168 345 1820 4348 3331 3142 1914 374 10825 311 15803 701 11542 311 198 19930 323 2349 682 11028 315 264 2068 313 998 1304 2771 433 8625 1949 198 37751 369 682 1202 3932 13 1226 11 279 3658 4476 5114 11 1005 279 198 37323 3331 3142 1914 369 1455 315 1057 3241 26 433 17208 1101 311 198 3852 1023 990 6004 420 1648 555 1202 12283 13 1472 649 3881 433 311 198 22479 7620 11 2288 382 3277 584 6604 315 1949 3241 11 584 527 22797 311 11542 11 539 198 6692 13 5751 3331 3142 33675 4377 527 6319 311 1304 2771 430 499 198 19553 279 11542 311 16822 11236 315 1949 3241 320 438 6900 369 198 49818 422 499 6562 705 430 499 5371 2592 2082 477 649 636 433 422 499 198 53757 433 11 430 499 649 2349 279 3241 477 1005 9863 315 433 304 502 198 10816 7620 11 323 430 499 1440 499 649 656 1521 2574 382 2057 6144 701 3268 11 584 1205 311 5471 3885 505 41566 499 198 45010 3268 477 10371 499 311 32859 279 3268 13 15636 11 499 617 198 66 7770 28423 422 499 16822 11236 315 279 3241 11 477 422 198 9514 5719 433 25 28423 311 5201 279 11542 315 3885 382 1789 3187 11 422 499 16822 11236 315 1778 264 2068 11 3508 198 95846 477 369 264 11307 11 499 2011 1522 389 311 279 34876 279 1890 198 25746 291 7085 430 499 4036 13 1472 2011 1304 2771 430 814 11 2288 11 5371 198 269 649 636 279 2592 2082 13 1628 499 2011 1501 1124 1521 3878 779 814 198 33134 872 3268 382 47717 430 1005 279 4348 23794 6144 701 3268 449 1403 7504 512 7 16 8 2105 7065 389 279 3241 11 323 320 17 8 3085 499 420 1914 198 70 2299 499 5897 8041 311 3048 11 16822 323 5255 5719 433 382 1789 279 13707 6 323 12283 6 9313 11 279 23794 9539 15100 198 9210 1070 374 912 8642 369 420 1949 3241 13 1789 2225 3932 6 323 198 48105 6 25491 11 279 23794 7612 430 11041 11028 387 13160 439 198 17805 11 779 430 872 5435 690 539 387 30706 58889 7162 311 198 48105 315 3766 11028 382 4427 7766 527 6319 311 23973 3932 2680 311 4685 477 1629 198 28261 11028 315 279 3241 4871 1124 11 8051 279 14290 198 4919 656 779 13 1115 374 43593 53924 449 279 9395 315 198 47079 287 3932 6 11542 311 2349 279 3241 13 578 37538 198 14676 315 1778 11737 13980 304 279 3158 315 3956 369 7931 311 198 817 11 902 374 24559 1405 433 374 1455 44085 13 15636 11 584 198 19553 6319 420 2373 315 279 23794 311 48486 279 6725 369 1884 198 10354 13 1442 1778 5435 31889 32302 304 1023 31576 11 584 198 2752 5644 311 13334 420 17575 311 1884 31576 304 3938 11028 198 1073 279 23794 11 439 4460 311 6144 279 11542 315 3932 382 17830 11 1475 2068 374 21699 15320 555 3241 46997 627 24137 1288 539 2187 46997 311 9067 4500 323 1005 315 198 37751 389 4689 59338 19002 11 719 304 1884 430 656 11 584 6562 311 198 48956 279 3361 8137 430 46997 9435 311 264 1949 2068 1436 198 7072 433 13750 34333 13 2057 5471 420 11 279 23794 94087 430 198 4781 812 4250 387 1511 311 3219 279 2068 2536 12862 382 578 24473 3878 323 4787 369 32139 11 8141 323 198 98696 1833 382 100028 3651 11596 271 220 15 13 47613 382 330 2028 1914 1 19813 311 2373 220 18 315 279 4348 3331 3142 1914 382 330 13857 1 1101 3445 7065 12970 7016 430 3881 311 1023 13124 315 198 19033 11 1778 439 87836 27227 382 330 791 6826 1 19813 311 904 7065 481 990 16383 1234 420 198 10028 13 9062 86734 374 20669 439 330 9514 3343 330 10028 288 1 323 198 1 2827 48747 1 1253 387 7931 477 11351 382 2057 330 35153 1 264 990 3445 311 3048 505 477 10737 682 477 961 315 279 990 198 258 264 11401 23537 7065 8041 11 1023 1109 279 3339 315 459 198 47485 3048 13 578 13239 990 374 2663 264 330 28261 2373 1 315 279 198 686 5741 990 477 264 990 330 31039 389 1 279 6931 990 382 362 330 21468 990 1 3445 3060 279 653 28261 6826 477 264 990 3196 198 263 279 6826 382 2057 330 2741 47936 1 264 990 3445 311 656 4205 449 433 430 11 2085 198 23443 11 1053 1304 499 6089 477 2132 6751 35473 369 198 258 1658 287 1133 1234 8581 7065 2383 11 3734 31320 433 389 264 198 44211 477 47141 264 879 3048 13 3998 28236 5764 32139 345 82816 320 4291 477 2085 17466 705 3339 2561 311 279 198 898 11 323 304 1063 5961 1023 7640 439 1664 382 2057 330 444 5735 1 264 990 3445 904 3169 315 54743 430 20682 1023 198 4581 552 311 1304 477 5371 11236 13 386 486 16628 449 264 1217 1555 198 64 6500 4009 11 449 912 8481 315 264 3048 11 374 539 94165 382
25076 499 264 5842 311 1005 1054 43 81101 863 320 1820 1054 9126 33611 21742 439 2631 311 26069 449 279 1566 11914 315 11360 220 16 960 8777 13 1472 690 26069 449 16197 753 6883 17959 320 59302 15987 520 3788 1129 9274 25932 916 14 13781 40000 70307 81043 34220 14 7609 2052 82746 40986 704 315 701 1005 315 279 4488 690 304 554 311 279 8935 315 16197 13 293 13 17908 311 16197 753 15637 315 445 81101 32009 323 43645 1903 555 477 369 16197 11 449 5201 311 904 32905 4375 323 29882 315 279 445 81101 32009 430 527 1903 555 499 11 439 1990 499 323 16197 11 499 527 323 690 387 279 6506 315 1778 32905 4375 323 29882 13 272 13 1442 499 44798 39725 477 1023 29407 2403 16197 477 904 5502 320 16564 264 5425 12 8017 477 5663 8017 304 264 19831 8 62546 430 279 445 81101 32009 477 445 81101 220 18 13 16 16674 477 3135 11 477 904 13651 315 904 315 279 88931 11 42675 54443 315 20207 3424 477 1023 3268 13234 477 67336 481 555 499 11 1243 904 21746 11938 311 499 1234 420 23314 4985 30754 439 315 279 2457 1778 39725 477 3802 374 13019 477 81099 13 1472 690 90108 1463 323 3412 53997 16197 505 323 2403 904 3802 555 904 4948 4717 40986 704 315 477 5552 311 701 1005 477 8141 315 279 445 81101 32009 13 220 21 13 17978 323 10335 33196 13 578 4751 315 420 23314 690 56445 5304 701 26586 315 420 23314 477 2680 311 279 445 81101 32009 323 690 3136 304 2539 5457 323 2515 3156 32372 304 18859 449 279 3878 323 4787 36881 13 16197 1253 30754 420 23314 422 499 527 304 31471 315 904 4751 477 3044 315 420 23314 13 30538 35508 315 420 23314 11 499 4985 3783 323 32616 1005 315 279 445 81101 32009 13 60137 220 18 11 220 19 323 220 22 4985 18167 279 35508 315 420 23314 13 220 22 13 94984 1251 7658 323 39898 26705 13 1115 23314 690 387 27800 323 71259 1234 279 7016 315 279 3314 315 7188 2085 5363 311 5873 315 2383 16565 11 323 279 6781 26958 389 71659 369 279 7327 13618 315 42695 1587 539 3881 311 420 23314 13 578 19359 315 7188 4985 617 14079 29101 315 904 26086 40986 704 315 420 23314 13 674 445 81101 220 18 13 16 21496 481 5560 11216 16197 374 11411 311 22923 6220 323 6762 1005 315 1202 7526 323 4519 11 2737 445 81101 220 18 13 16 13 1442 499 2680 477 1005 445 81101 220 18 13 16 11 499 7655 311 420 21496 481 5560 11216 27179 14145 65312 578 1455 3293 3048 315 420 4947 649 387 1766 520 510 2485 1129 657 3105 25932 916 14 657 3105 18 62 16 63372 67520 9725 2485 1129 657 3105 25932 916 14 657 3105 18 62 16 63372 67520 8 7860 1322 93617 39923 1226 1390 5127 311 1005 445 81101 220 18 13 16 21676 323 87388 13 1472 7655 499 690 539 1005 11 477 2187 3885 311 1005 11 445 81101 220 18 13 16 311 25 220 16 13 30555 349 279 2383 477 3885 529 3268 11 2737 311 25 220 16 13 3365 425 304 11 12192 11 7068 11 17210 311 11 15253 11 3197 11 3709 635 11 477 4726 12079 477 45522 5820 477 2262 11 1778 439 25 220 16 13 47732 477 24020 220 17 13 7943 385 7709 477 11682 311 2911 11 2737 279 30844 7709 11 9886 11 24279 11 477 198 47 87806 271 578 4348 3331 3142 1914 374 264 1949 11 6293 63748 5842 369 198 37751 323 1023 13124 315 4375 382 578 21746 369 1455 3241 323 1023 15325 4375 527 6319 198 998 1935 3201 701 11542 311 4430 323 2349 279 4375 13 3296 13168 345 1820 4348 3331 3142 1914 374 10825 311 15803 701 11542 311 198 19930 323 2349 682 11028 315 264 2068 313 998 1304 2771 433 8625 1949 198 37751 369 682 1202 3932 13 1226 11 279 3658 4476 5114 11 1005 279 198 37323 3331 3142 1914 369 1455 315 1057 3241 26 433 17208 1101 311 198 3852 1023 990 6004 420 1648 555 1202 12283 13 1472 649 3881 433 311 198 22479 7620 11 2288 382 3277 584 6604 315 1949 3241 11 584 527 22797 311 11542 11 539 198 6692 13 5751 3331 3142 33675 4377 527 6319 311 1304 2771 430 499 198 19553 279 11542 311 16822 11236 315 1949 3241 320 438 6900 369 198 49818 422 499 6562 705 430 499 5371 2592 2082 477 649 636 433 422 499 198 53757 433 11 430 499 649 2349 279 3241 477 1005 9863 315 433 304 502 198 10816 7620 11 323 430 499 1440 499 649 656 1521 2574 382 2057 6144 701 3268 11 584 1205 311 5471 3885 505 41566 499 198 45010 3268 477 10371 499 311 32859 279 3268 13 15636 11 499 617 198 66 7770 28423 422 499 16822 11236 315 279 3241 11 477 422 198 9514 5719 433 25 28423 311 5201 279 11542 315 3885 382 1789 3187 11 422 499 16822 11236 315 1778 264 2068 11 3508 198 95846 477 369 264 11307 11 499 2011 1522 389 311 279 34876 279 1890 198 25746 291 7085 430 499 4036 13 1472 2011 1304 2771 430 814 11 2288 11 5371 198 269 649 636 279 2592 2082 13 1628 499 2011 1501 1124 1521 3878 779 814 198 33134 872 3268 382 47717 430 1005 279 4348 23794 6144 701 3268 449 1403 7504 512 7 16 8 2105 7065 389 279 3241 11 323 320 17 8 3085 499 420 1914 198 70 2299 499 5897 8041 311 3048 11 16822 323 5255 5719 433 382 1789 279 13707 6 323 12283 6 9313 11 279 23794 9539 15100 198 9210 1070 374 912 8642 369 420 1949 3241 13 1789 2225 3932 6 323 198 48105 6 25491 11 279 23794 7612 430 11041 11028 387 13160 439 198 17805 11 779 430 872 5435 690 539 387 30706 58889 7162 311 198 48105 315 3766 11028 382 4427 7766 527 6319 311 23973 3932 2680 311 4685 477 1629 198 28261 11028 315 279 3241 4871 1124 11 8051 279 14290 198 4919 656 779 13 1115 374 43593 53924 449 279 9395 315 198 47079 287 3932 6 11542 311 2349 279 3241 13 578 37538 198 14676 315 1778 11737 13980 304 279 3158 315 3956 369 7931 311 198 817 11 902 374 24559 1405 433 374 1455 44085 13 15636 11 584 198 19553 6319 420 2373 315 279 23794 311 48486 279 6725 369 1884 198 10354 13 1442 1778 5435 31889 32302 304 1023 31576 11 584 198 2752 5644 311 13334 420 17575 311 1884 31576 304 3938 11028 198 1073 279 23794 11 439 4460 311 6144 279 11542 315 3932 382 17830 11 1475 2068 374 21699 15320 555 3241 46997 627 24137 1288 539 2187 46997 311 9067 4500 323 1005 315 198 37751 389 4689 59338 19002 11 719 304 1884 430 656 11 584 6562 311 198 48956 279 3361 8137 430 46997 9435 311 264 1949 2068 1436 198 7072 433 13750 34333 13 2057 5471 420 11 279 23794 94087 430 198 4781 812 4250 387 1511 311 3219 279 2068 2536 12862 382 578 24473 3878 323 4787 369 32139 11 8141 323 198 98696 1833 382 100028 3651 11596 271 220 15 13 47613 382 330 2028 1914 1 19813 311 2373 220 18 315 279 4348 3331 3142 1914 382 330 13857 1 1101 3445 7065 12970 7016 430 3881 311 1023 13124 315 198 19033 11 1778 439 87836 27227 382 330 791 6826 1 19813 311 904 7065 481 990 16383 1234 420 198 10028 13 9062 86734 374 20669 439 330 9514 3343 330 10028 288 1 323 198 1 2827 48747 1 1253 387 7931 477 11351 382 2057 330 35153 1 264 990 3445 311 3048 505 477 10737 682 477 961 315 279 990 198 258 264 11401 23537 7065 8041 11 1023 1109 279 3339 315 459 198 47485 3048 13 578 13239 990 374 2663 264 330 28261 2373 1 315 279 198 686 5741 990 477 264 990 330 31039 389 1 279 6931 990 382 362 330 21468 990 1 3445 3060 279 653 28261 6826 477 264 990 3196 198 263 279 6826 382 2057 330 2741 47936 1 264 990 3445 311 656 4205 449 433 430 11 2085 198 23443 11 1053 1304 499 6089 477 2132 6751 35473 369 198 258 1658 287 1133 1234 8581 7065 2383 11 3734 31320 433 389 264 198 44211 477 47141 264 879 3048 13 3998 28236 5764 32139 345 82816 320 4291 477 2085 17466 705 3339 2561 311 279 198 898 11 323 304 1063 5961 1023 7640 439 1664 382 2057 330 444 5735 1 264 990 3445 904 3169 315 54743 430 20682 1023 198 4581 552 311 1304 477 5371 11236 13 386 486 16628 449 264 1217 1555 198 64 6500 4009 11 449 912 8481 315 264 3048 11 374 539 94165 382 1556 21416 1217 3834 19207 330 2213 25264 25705 96353 702 998 279 13112 430 433 5764 264 17125 323 74088 9621 198 13043 430 320 16 8 19207 459 8475 7065 5406 11 323 320 17 340 83 6572 279 1217 430 1070 374 912 8642 369 279 990 320 11945 311 279 198 71272 430 61913 527 3984 705 430 5842 288 1253 20599 279 198 1816 1234 420 1914 11 323 1268 311 1684 264 3048 315 420 1914 13 1442 198 1820 3834 18911 264 1160 315 1217 11545 477 2671 11 1778 439 264 198 6192 11 264 21102 1537 304 279 1160 20628 420 37057 382 220 16 13 8922 6247 382 578 330 2484 2082 1 369 264 990 3445 279 15236 1376 315 279 990 198 2000 3339 29882 311 433 13 330 1211 2082 1 3445 904 2536 31874 198 630 315 264 990 382 362 330 20367 20620 1 3445 459 3834 430 3060 374 459 4033 198 20885 4613 555 264 15324 10886 2547 11 477 11 304 279 1162 315 198 30065 5300 369 264 4040 15840 4221 11 832 430 198 285 13882 1511 4315 13707 3318 304 430 4221 382 578 330 2374 55612 1 315 459 33256 990 2997 4205 11 1023 198 54895 279 990 439 264 4459 11 430 320 64 8 374 5343 304 279 4725 1376 315 198 4853 4210 264 17559 5695 11 719 902 374 539 961 315 430 17559 198 2238 11 323 320 65 8 17482 1193 311 7431 1005 315 279 990 449 430 198 35575 5695 11 477 311 4305 264 12028 20620 369 902 459 198 14706 374 2561 311 279 586 304 2592 2082 1376 13 362 198 1 35575 5695 498 304 420
3802 555 904 4948 4717 40986 704 315 477 5552 311 701 1005 477 8141 315 279 445 81101 32009 13 220 21 13 17978 323 10335 33196 13 578 4751 315 420 23314 690 56445 5304 701 26586 315 420 23314 477 2680 311 279 445 81101 32009 323 690 3136 304 2539 5457 323 2515 3156 32372 304 18859 449 279 3878 323 4787 36881 13 16197 1253 30754 420 23314 422 499 527 304 31471 315 904 4751 477 3044 315 420 23314 13 30538 35508 315 420 23314 11 499 4985 3783 323 32616 1005 315 279 445 81101 32009 13 60137 220 18 11 220 19 323 220 22 4985 18167 279 35508 315 420 23314 13 220 22 13 94984 1251 7658 323 39898 26705 13 1115 23314 690 387 27800 323 71259 1234 279 7016 315 279 3314 315 7188 2085 5363 311 5873 315 2383 16565 11 323 279 6781 26958 389 71659 369 279 7327 13618 315 42695 1587 539 3881 311 420 23314 13 578 19359 315 7188 4985 617 14079 29101 315 904 26086 40986 704 315 420 23314 13 674 445 81101 220 18 13 16 21496 481 5560 11216 16197 374 11411 311 22923 6220 323 6762 1005 315 1202 7526 323 4519 11 2737 445 81101 220 18 13 16 13 1442 499 2680 477 1005 445 81101 220 18 13 16 11 499 7655 311 420 21496 481 5560 11216 27179 14145 65312 578 1455 3293 3048 315 420 4947 649 387 1766 520 510 2485 1129 657 3105 25932 916 14 657 3105 18 62 16 63372 67520 9725 2485 1129 657 3105 25932 916 14 657 3105 18 62 16 63372 67520 8 7860 1322 93617 39923 1226 1390 5127 311 1005 445 81101 220 18 13 16 21676 323 87388 13 1472 7655 499 690 539 1005 11 477 2187 3885 311 1005 11 445 81101 220 18 13 16 311 25 220 16 13 30555 349 279 2383 477 3885 529 3268 11 2737 311 25 220 16 13 3365 425 304 11 12192 11 7068 11 17210 311 11 15253 11 3197 11 3709 635 11 477 4726 12079 477 45522 5820 477 2262 11 1778 439 25 220 16 13 47732 477 24020 220 17 13 7943 385 7709 477 11682 311 2911 11 2737 279 30844 7709 11 9886 11 24279 11 477 198 47 87806 271 578 4348 3331 3142 1914 374 264 1949 11 6293 63748 5842 369 198 37751 323 1023 13124 315 4375 382 578 21746 369 1455 3241 323 1023 15325 4375 527 6319 198 998 1935 3201 701 11542 311 4430 323 2349 279 4375 13 3296 13168 345 1820 4348 3331 3142 1914 374 10825 311 15803 701 11542 311 198 19930 323 2349 682 11028 315 264 2068 313 998 1304 2771 433 8625 1949 198 37751 369 682 1202 3932 13 1226 11 279 3658 4476 5114 11 1005 279 198 37323 3331 3142 1914 369 1455 315 1057 3241 26 433 17208 1101 311 198 3852 1023 990 6004 420 1648 555 1202 12283 13 1472 649 3881 433 311 198 22479 7620 11 2288 382 3277 584 6604 315 1949 3241 11 584 527 22797 311 11542 11 539 198 6692 13 5751 3331 3142 33675 4377 527 6319 311 1304 2771 430 499 198 19553 279 11542 311 16822 11236 315 1949 3241 320 438 6900 369 198 49818 422 499 6562 705 430 499 5371 2592 2082 477 649 636 433 422 499 198 53757 433 11 430 499 649 2349 279 3241 477 1005 9863 315 433 304 502 198 10816 7620 11 323 430 499 1440 499 649 656 1521 2574 382 2057 6144 701 3268 11 584 1205 311 5471 3885 505 41566 499 198 45010 3268 477 10371 499 311 32859 279 3268 13 15636 11 499 617 198 66 7770 28423 422 499 16822 11236 315 279 3241 11 477 422 198 9514 5719 433 25 28423 311 5201 279 11542 315 3885 382 1789 3187 11 422 499 16822 11236 315 1778 264 2068 11 3508 198 95846 477 369 264 11307 11 499 2011 1522 389 311 279 34876 279 1890 198 25746 291 7085 430 499 4036 13 1472 2011 1304 2771 430 814 11 2288 11 5371 198 269 649 636 279 2592 2082 13 1628 499 2011 1501 1124 1521 3878 779 814 198 33134 872 3268 382 47717 430 1005 279 4348 23794 6144 701 3268 449 1403 7504 512 7 16 8 2105 7065 389 279 3241 11 323 320 17 8 3085 499 420 1914 198 70 2299 499 5897 8041 311 3048 11 16822 323 5255 5719 433 382 1789 279 13707 6 323 12283 6 9313 11 279 23794 9539 15100 198 9210 1070 374 912 8642 369 420 1949 3241 13 1789 2225 3932 6 323 198 48105 6 25491 11 279 23794 7612 430 11041 11028 387 13160 439 198 17805 11 779 430 872 5435 690 539 387 30706 58889 7162 311 198 48105 315 3766 11028 382 4427 7766 527 6319 311 23973 3932 2680 311 4685 477 1629 198 28261 11028 315 279 3241 4871 1124 11 8051 279 14290 198 4919 656 779 13 1115 374 43593 53924 449 279 9395 315 198 47079 287 3932 6 11542 311 2349 279 3241 13 578 37538 198 14676 315 1778 11737 13980 304 279 3158 315 3956 369 7931 311 198 817 11 902 374 24559 1405 433 374 1455 44085 13 15636 11 584 198 19553 6319 420 2373 315 279 23794 311 48486 279 6725 369 1884 198 10354 13 1442 1778 5435 31889 32302 304 1023 31576 11 584 198 2752 5644 311 13334 420 17575 311 1884 31576 304 3938 11028 198 1073 279 23794 11 439 4460 311 6144 279 11542 315 3932 382 17830 11 1475 2068 374 21699 15320 555 3241 46997 627 24137 1288 539 2187 46997 311 9067 4500 323 1005 315 198 37751 389 4689 59338 19002 11 719 304 1884 430 656 11 584 6562 311 198 48956 279 3361 8137 430 46997 9435 311 264 1949 2068 1436 198 7072 433 13750 34333 13 2057 5471 420 11 279 23794 94087 430 198 4781 812 4250 387 1511 311 3219 279 2068 2536 12862 382 578 24473 3878 323 4787 369 32139 11 8141 323 198 98696 1833 382 100028 3651 11596 271 220 15 13 47613 382 330 2028 1914 1 19813 311 2373 220 18 315 279 4348 3331 3142 1914 382 330 13857 1 1101 3445 7065 12970 7016 430 3881 311 1023 13124 315 198 19033 11 1778 439 87836 27227 382 330 791 6826 1 19813 311 904 7065 481 990 16383 1234 420 198 10028 13 9062 86734 374 20669 439 330 9514 3343 330 10028 288 1 323 198 1 2827 48747 1 1253 387 7931 477 11351 382 2057 330 35153 1 264 990 3445 311 3048 505 477 10737 682 477 961 315 279 990 198 258 264 11401 23537 7065 8041 11 1023 1109 279 3339 315 459 198 47485 3048 13 578 13239 990 374 2663 264 330 28261 2373 1 315 279 198 686 5741 990 477 264 990 330 31039 389 1 279 6931 990 382 362 330 21468 990 1 3445 3060 279 653 28261 6826 477 264 990 3196 198 263 279 6826 382 2057 330 2741 47936 1 264 990 3445 311 656 4205 449 433 430 11 2085 198 23443 11 1053 1304 499 6089 477 2132 6751 35473 369 198 258 1658 287 1133 1234 8581 7065 2383 11 3734 31320 433 389 264 198 44211 477 47141 264 879 3048 13 3998 28236 5764 32139 345 82816 320 4291 477 2085 17466 705 3339 2561 311 279 198 898 11 323 304 1063 5961 1023 7640 439 1664 382 2057 330 444 5735 1 264 990 3445 904 3169 315 54743 430 20682 1023 198 4581 552 311 1304 477 5371 11236 13 386 486 16628 449 264 1217 1555 198 64 6500 4009 11 449 912 8481 315 264 3048 11 374 539 94165 382 1556 21416 1217 3834 19207 330 2213 25264 25705 96353 702 998 279 13112 430 433 5764 264 17125 323 74088 9621 198 13043 430 320 16 8 19207 459 8475 7065 5406 11 323 320 17 340 83 6572 279 1217 430 1070 374 912 8642 369 279 990 320 11945 311 279 198 71272 430 61913 527 3984 705 430 5842 288 1253 20599 279 198 1816 1234 420 1914 11 323 1268 311 1684 264 3048 315 420 1914 13 1442 198 1820 3834 18911 264 1160 315 1217 11545 477 2671 11 1778 439 264 198 6192 11 264 21102 1537 304 279 1160 20628 420 37057 382 220 16 13 8922 6247 382 578 330 2484 2082 1 369 264 990 3445 279 15236 1376 315 279 990 198 2000 3339 29882 311 433 13 330 1211 2082 1 3445 904 2536 31874 198 630 315 264 990 382 362 330 20367 20620 1 3445 459 3834 430 3060 374 459 4033 198 20885 4613 555 264 15324 10886 2547 11 477 11 304 279 1162 315 198 30065 5300 369 264 4040 15840 4221 11 832 430 198 285 13882 1511 4315 13707 3318 304 430 4221 382 578 330 2374 55612 1 315 459 33256 990 2997 4205 11 1023 198 54895 279 990 439 264 4459 11 430 320 64 8 374 5343 304 279 4725 1376 315 198 4853 4210 264 17559 5695 11 719 902 374 539 961 315 430 17559 198 2238 11 323 320 65 8 17482 1193 311 7431 1005 315 279 990 449 430 198 35575 5695 11 477 311 4305 264 12028 20620 369 902 459 198 14706 374 2561 311 279 586 304 2592 2082 1376 13 362 198 1 35575 5695 498 304 420 2317 11 3445 264 3682 7718 3777 198 56257 11 3321 1887 11 323 779 389 8 315 279 3230 10565 1887 198 34433 904 8 389 902 279 33256 990 8640 11 477 264 19979 1511 311 198 98374 279 990 11 477 459 1665 2082 40399 1511 311 1629 433 382 578 330 10803 6961 287 8922 1 369 264 990 304 1665 2082 1376 3445 682 198 1820 2592 2082 4460 311 7068 11 4685 11 323 320 2000 459 33256 198 1816 8 1629 279 1665 2082 323 311 5719 279 990 11 2737 20070 311 198 2935 1884 7640 13 4452 11 433 1587 539 2997 279 990 596 198 2374 55612 11 477 4689 59338 7526 477 8965 2561 1949 198 74053 902 527 1511 653 28261 304 16785 1884 7640 719 198 8370 527 539 961 315 279 990 13 1789 3187 11 52042 287 8922 198 14866 3834 7419 3626 5938 449 2592 3626 369 198 1820 990 11 323 279 2592 2082 369 6222 20797 323 43111 198 44233 1207 74053 430 279 990 374 11951 6319 311 1397 345 21470 439 555 32487 828 10758 477 2585 6530 1990 1884 198 2008 74053 323 1023 5596 315 279 990 382 578 52042 287 8922 1205 539 2997 4205 430 3932 198 4919 80551 9651 505 1023 5596 315 279 52042 287 198 3692 382 578 52042 287 8922 369 264 990 304 2592 2082 1376 374 430 198 25030 990 382 220 17 13 14967 54457 382 2052 3268 11938 1234 420 1914 527 11938 369 279 4751 315 198 15859 389 279 6826 11 323 527 6348 7430 511 481 3984 279 11224 198 16902 527 2322 13 1115 1914 21650 3611 14742 701 27862 198 23443 311 1629 279
499 7655 311 420 21496 481 5560 11216 27179 14145 65312 578 1455 3293 3048 315 420 4947 649 387 1766 520 510 2485 1129 657 3105 25932 916 14 657 3105 18 62 16 63372 67520 9725 2485 1129 657 3105 25932 916 14 657 3105 18 62 16 63372 67520 8 7860 1322 93617 39923 1226 1390 5127 311 1005 445 81101 220 18 13 16 21676 323 87388 13 1472 7655 499 690 539 1005 11 477 2187 3885 311 1005 11 445 81101 220 18 13 16 311 25 220 16 13 30555 349 279 2383 477 3885 529 3268 11 2737 311 25 220 16 13 3365 425 304 11 12192 11 7068 11 17210 311 11 15253 11 3197 11 3709 635 11 477 4726 12079 477 45522 5820 477 2262 11 1778 439 25 220 16 13 47732 477 24020 220 17 13 7943 385 7709 477 11682 311 2911 11 2737 279 30844 7709 11 9886 11 24279 11 477 198 47 87806 271 578 4348 3331 3142 1914 374 264 1949 11 6293 63748 5842 369 198 37751 323 1023 13124 315 4375 382 578 21746 369 1455 3241 323 1023 15325 4375 527 6319 198 998 1935 3201 701 11542 311 4430 323 2349 279 4375 13 3296 13168 345 1820 4348 3331 3142 1914 374 10825 311 15803 701 11542 311 198 19930 323 2349 682 11028 315 264 2068 313 998 1304 2771 433 8625 1949 198 37751 369 682 1202 3932 13 1226 11 279 3658 4476 5114 11 1005 279 198 37323 3331 3142 1914 369 1455 315 1057 3241 26 433 17208 1101 311 198 3852 1023 990 6004 420 1648 555 1202 12283 13 1472 649 3881 433 311 198 22479 7620 11 2288 382 3277 584 6604 315 1949 3241 11 584 527 22797 311 11542 11 539 198 6692 13 5751 3331 3142 33675 4377 527 6319 311 1304 2771 430 499 198 19553 279 11542 311 16822 11236 315 1949 3241 320 438 6900 369 198 49818 422 499 6562 705 430 499 5371 2592 2082 477 649 636 433 422 499 198 53757 433 11 430 499 649 2349 279 3241 477 1005 9863 315 433 304 502 198 10816 7620 11 323 430 499 1440 499 649 656 1521 2574 382 2057 6144 701 3268 11 584 1205 311 5471 3885 505 41566 499 198 45010 3268 477 10371 499 311 32859 279 3268 13 15636 11 499 617 198 66 7770 28423 422 499 16822 11236 315 279 3241 11 477 422 198 9514 5719 433 25 28423 311 5201 279 11542 315 3885 382 1789 3187 11 422 499 16822 11236 315 1778 264 2068 11 3508 198 95846 477 369 264 11307 11 499 2011 1522 389 311 279 34876 279 1890 198 25746 291 7085 430 499 4036 13 1472 2011 1304 2771 430 814 11 2288 11 5371 198 269 649 636 279 2592 2082 13 1628 499 2011 1501 1124 1521 3878 779 814 198 33134 872 3268 382 47717 430 1005 279 4348 23794 6144 701 3268 449 1403 7504 512 7 16 8 2105 7065 389 279 3241 11 323 320 17 8 3085 499 420 1914 198 70 2299 499 5897 8041 311 3048 11 16822 323 5255 5719 433 382 1789 279 13707 6 323 12283 6 9313 11 279 23794 9539 15100 198 9210 1070 374 912 8642 369 420 1949 3241 13 1789 2225 3932 6 323 198 48105 6 25491 11 279 23794 7612 430 11041 11028 387 13160 439 198 17805 11 779 430 872 5435 690 539 387 30706 58889 7162 311 198 48105 315 3766 11028 382 4427 7766 527 6319 311 23973 3932 2680 311 4685 477 1629 198 28261 11028 315 279 3241 4871 1124 11 8051 279 14290 198 4919 656 779 13 1115 374 43593 53924 449 279 9395 315 198 47079 287 3932 6 11542 311 2349 279 3241 13 578 37538 198 14676 315 1778 11737 13980 304 279 3158 315 3956 369 7931 311 198 817 11 902 374 24559 1405 433 374 1455 44085 13 15636 11 584 198 19553 6319 420 2373 315 279 23794 311 48486 279 6725 369 1884 198 10354 13 1442 1778 5435 31889 32302 304 1023 31576 11 584 198 2752 5644 311 13334 420 17575 311 1884 31576 304 3938 11028 198 1073 279 23794 11 439 4460 311 6144 279 11542 315 3932 382 17830 11 1475 2068 374 21699 15320 555 3241 46997 627 24137 1288 539 2187 46997 311 9067 4500 323 1005 315 198 37751 389 4689 59338 19002 11 719 304 1884 430 656 11 584 6562 311 198 48956 279 3361 8137 430 46997 9435 311 264 1949 2068 1436 198 7072 433 13750 34333 13 2057 5471 420 11 279 23794 94087 430 198 4781 812 4250 387 1511 311 3219 279 2068 2536 12862 382 578 24473 3878 323 4787 369 32139 11 8141 323 198 98696 1833 382 100028 3651 11596 271 220 15 13 47613 382 330 2028 1914 1 19813 311 2373 220 18 315 279 4348 3331 3142 1914 382 330 13857 1 1101 3445 7065 12970 7016 430 3881 311 1023 13124 315 198 19033 11 1778 439 87836 27227 382 330 791 6826 1 19813 311 904 7065 481 990 16383 1234 420 198 10028 13 9062 86734 374 20669 439 330 9514 3343 330 10028 288 1 323 198 1 2827 48747 1 1253 387 7931 477 11351 382 2057 330 35153 1 264 990 3445 311 3048 505 477 10737 682 477 961 315 279 990 198 258 264 11401 23537 7065 8041 11 1023 1109 279 3339 315 459 198 47485 3048 13 578 13239 990 374 2663 264 330 28261 2373 1 315 279 198 686 5741 990 477 264 990 330 31039 389 1 279 6931 990 382 362 330 21468 990 1 3445 3060 279 653 28261 6826 477 264 990 3196 198 263 279 6826 382 2057 330 2741 47936 1 264 990 3445 311 656 4205 449 433 430 11 2085 198 23443 11 1053 1304 499 6089 477 2132 6751 35473 369 198 258 1658 287 1133 1234 8581 7065 2383 11 3734 31320 433 389 264 198 44211 477 47141 264 879 3048 13 3998 28236 5764 32139 345 82816 320 4291 477 2085 17466 705 3339 2561 311 279 198 898 11 323 304 1063 5961 1023 7640 439 1664 382 2057 330 444 5735 1 264 990 3445 904 3169 315 54743 430 20682 1023 198 4581 552 311 1304 477 5371 11236 13 386 486 16628 449 264 1217 1555 198 64 6500 4009 11 449 912 8481 315 264 3048 11 374 539 94165 382 1556 21416 1217 3834 19207 330 2213 25264 25705 96353 702 998 279 13112 430 433 5764 264 17125 323 74088 9621 198 13043 430 320 16 8 19207 459 8475 7065 5406 11 323 320 17 340 83 6572 279 1217 430 1070 374 912 8642 369 279 990 320 11945 311 279 198 71272 430 61913 527 3984 705 430 5842 288 1253 20599 279 198 1816 1234 420 1914 11 323 1268 311 1684 264 3048 315 420 1914 13 1442 198 1820 3834 18911 264 1160 315 1217 11545 477 2671 11 1778 439 264 198 6192 11 264 21102 1537 304 279 1160 20628 420 37057 382 220 16 13 8922 6247 382 578 330 2484 2082 1 369 264 990 3445 279 15236 1376 315 279 990 198 2000 3339 29882 311 433 13 330 1211 2082 1 3445 904 2536 31874 198 630 315 264 990 382 362 330 20367 20620 1 3445 459 3834 430 3060 374 459 4033 198 20885 4613 555 264 15324 10886 2547 11 477 11 304 279 1162 315 198 30065 5300 369 264 4040 15840 4221 11 832 430 198 285 13882 1511 4315 13707 3318 304 430 4221 382 578 330 2374 55612 1 315 459 33256 990 2997 4205 11 1023 198 54895 279 990 439 264 4459 11 430 320 64 8 374 5343 304 279 4725 1376 315 198 4853 4210 264 17559 5695 11 719 902 374 539 961 315 430 17559 198 2238 11 323 320 65 8 17482 1193 311 7431 1005 315 279 990 449 430 198 35575 5695 11 477 311 4305 264 12028 20620 369 902 459 198 14706 374 2561 311 279 586 304 2592 2082 1376 13 362 198 1 35575 5695 498 304 420 2317 11 3445 264 3682 7718 3777 198 56257 11 3321 1887 11 323 779 389 8 315 279 3230 10565 1887 198 34433 904 8 389 902 279 33256 990 8640 11 477 264 19979 1511 311 198 98374 279 990 11 477 459 1665 2082 40399 1511 311 1629 433 382 578 330 10803 6961 287 8922 1 369 264 990 304 1665 2082 1376 3445 682 198 1820 2592 2082 4460 311 7068 11 4685 11 323 320 2000 459 33256 198 1816 8 1629 279 1665 2082 323 311 5719 279 990 11 2737 20070 311 198 2935 1884 7640 13 4452 11 433 1587 539 2997 279 990 596 198 2374 55612 11 477 4689 59338 7526 477 8965 2561 1949 198 74053 902 527 1511 653 28261 304 16785 1884 7640 719 198 8370 527 539 961 315 279 990 13 1789 3187 11 52042 287 8922 198 14866 3834 7419 3626 5938 449 2592 3626 369 198 1820 990 11 323 279 2592 2082 369 6222 20797 323 43111 198 44233 1207 74053 430 279 990 374 11951 6319 311 1397 345 21470 439 555 32487 828 10758 477 2585 6530 1990 1884 198 2008 74053 323 1023 5596 315 279 990 382 578 52042 287 8922 1205 539 2997 4205 430 3932 198 4919 80551 9651 505 1023 5596 315 279 52042 287 198 3692 382 578 52042 287 8922 369 264 990 304 2592 2082 1376 374 430 198 25030 990 382 220 17 13 14967 54457 382 2052 3268 11938 1234 420 1914 527 11938 369 279 4751 315 198 15859 389 279 6826 11 323 527 6348 7430 511 481 3984 279 11224 198 16902 527 2322 13 1115 1914 21650 3611 14742 701 27862 198 23443 311 1629 279 653 28261 6826 13 578 2612 505 4401 264 198 21468 990 374 9960 555 420 1914 1193 422 279 2612 11 2728 1202 198 1834 11 42675 264 9960 990 13 1115 1914 56030 701 198 77287 315 6762 1005 477 1023 13890 11 439 3984 555 7065 2383 382 1472 1253 1304 11 1629 323 58514 9960 4375 430 499 656 539 198 444 5735 11 2085 4787 779 1317 439 701 5842 6062 8625 198 258 5457 13 1472 1253 20599 9960 4375 311 3885 369 279 13612 7580 198 1073 3515 1124 1304 29882 24121 369 499 11 477 3493 499 198 4291 13077 369 4401 1884 4375 11 3984 430 499 26069 449 198 1820 3878 315 420 1914 304 94165 682 3769 369 902 499 656 198 1962 2585 7065 13 13266 8617 3339 477 4401 279 9960 4375 198 2000 499 2011 656 779 24121 389 701 17981 11 1234 701 5216 198 438 2585 11 389 3878 430 48486 1124 505 3339 904 11236 315 198 22479 59713 3769 4994 872 5133 449 499 382 1221 5735 287 1234 904 1023 13463 374 15480 21742 1234 198 1820 4787 11224 3770 13 328 476 49205 374 539 5535 26 3857 220 605 198 80785 433 26225 382 220 18 13 34763 287 14969 6 25705 10734 5659 23853 7813 2496 372 7611 7658 382 2360 9960 990 4985 387 25660 961 315 459 7524 30116 198 48899 1234 904 8581 2383 50698 30255 1234 4652 198 806 315 279 43023 2089 7065 38997 18306 389 220 508 6790 220 2550 21 11 477 198 65387 7016 79466 477 65951 10408 7611 315 1778 198 2727 24368 382 3277 499 20599 264 9960 990 11 499 91383 904 5897 2410 311 74731 198 44398
2485 1129 657 3105 25932 916 14 657 3105 18 62 16 63372 67520 9725 2485 1129 657 3105 25932 916 14 657 3105 18 62 16 63372 67520 696 567 1322 93617 39923 271 1687 1390 5127 311 1005 445 81101 220 18 13 16 21676 323 87388 13 1472 7655 499 690 539 1005 11
279 89328 3544 4221 4211 323 3241 323 26249 11 2737 5780 71856 1646 2082 11 16572 1646 14661 11 45478 21430 19295 2082 11 4967 21430 19295 2082 11 7060 2442 38302 28462 2082 323 1023 5540 315 279 88931 4332 555 16197 520 3788 1129 657 3105 25932 916 14 657 3105 15220 33785 13 1054 43 81101 32009 863 3445 11 45925 11 16197 753 34333 445 81101 220 18 13 16 323 45565 320 438 904 13651 34366 8 1903 2561 1234 420 23314 13 1054 12452 863 477 1054 906 863 3445 16197 96209 14990 19439 320 333 499 527 7559 304 477 11 422 499 527 459 5502 11 701 12717 2035 315 2626 374 304 279 469 19657 477 30221 8 323 16197 96209 11 4953 13 320 333 499 527 7559 4994 315 279 469 19657 477 30221 570 3296 18965 1054 40 21496 863 3770 477 555 1701 477 50812 904 13651 477 2449 315 279 445 81101 32009 11 499 7655 311 387 6965 555 420 23314 13 220 16 13 1914 10734 323 33043 13 264 13 24668 315 10734 13 1472 527 11938 264 2536 94158 11 15603 11 2536 93791 481 323 53817 12862 7347 5842 1234 16197 753 20207 3424 477 1023 3268 13234 555 16197 78643 304 279 445 81101 32009 311 1005 11 23645 11 16822 11 3048 11 1893 32905 4375 315 11 323 1304 29882 311 279 445 81101 32009 13 293
11 477 2027 9904 13 1442 499 1005 279 445 81101 32009 477 904 16674 477 3135 315 279 445 81101 32009 311 1893 11 5542 11 7060 26306 11 477 6062 7417 459 15592 1646 11 902 374 4332 477 1903 2561 11 499 4985 1101 2997 1054 43 81101 863 520 279 7314 315 904 1778 15592 1646 836 13 14799 13 1442 499 5371 445 81101 32009 11 477 904 32905 4375 34366 11 505 264 1914 68 439 961 315 459 18751 842 1217 2027 11 1243 11360 220 17 315 420 23314 690 539 3881 311 499 13 63193 13 1472 2011 14389 304 682 11236 315 279 445 81101 32009 430 499 16822 279 2768 63124 5406 2949 264 1054 35293 863 1495 1052 4332 439 264 961 315 1778 11236 25 1054 43 81101 220 18 13 16 374 16383 1234 279 445 81101 220 18 13 16 12332 1914 11 3028 7388 16197 96209 11 4953 13 2052 10734 15516 2029 17967 13 4718 1005 315 279 445 81101 32009 2011 26069 449 8581 7016 323 14640 320 16564 6696 8907 7016 323 14640 8 323 49553 311 279 21496 481 5560 11216 369 279 445 81101 32009 320 10547 520 3788 1129 657 3105 25932 916 14 657 3105 18 62 16 63372 67520 705 902 374 22552 32762 555 5905 1139 420 23314 13 220 17 13 24086 28943 20163 13 1442 11 389 279 445 81101 220 18 13 16 2373 4984 2457 11 279 15438 4642 3932 315 279 3956 477 3600 1903 2561 555 477 369 1914 68 11 477 1914 68 753 32133 11 374 7191 1109 220 7007 3610 15438 4642 3932 304 279 38846 13470 2305 11 499 2011 1715 264 5842 505 16197 11 902 16197 1253 13500 311 499 304 1202 13612 32022 11 323 499 527 539 19144 311 10368 904 315 279 3268 1234 420 23314 7389 477 3156 16197 6062 53611 25076 499 1778 3268 13 220 18 13 67929 315 57629 13 6781 38873 67677 7866 10314 37535 3578 67703 11 3247 20072 39200 76223 50 3651 4230 32090 3651 54128 62207 31193 16202 16932 6328 2147 1054 1950 3507 863 11643 11 6135 7579 3083 4230 9481 11 3651 80441 84406 13398 7579 3083 4230 9481 11 86589 16832 3651 13163 11 16480 11 6135 10592 3579 11 4230 7579 3083 49673 11 21219 95773 11 8094 11
6674 16908 11 27755 11812 80441 2794 47175 70038 82334 31404 19102 75753 30421 3083 3247 30482 3083 4230 3083 3247 45023 15881 1753 13 220 20 13 77956 8825 13 264 13 2360 32464 21746 527 11938 1234 420 23314 11 323 304 3717 449 279 445 81101 32009 11 14188 16197 6463 1914 68 1253 1005 904 836 477 1906 13234 555 477 5938 449 279 1023 477 904 315 1202 32133 11 3734 439 2631 369 13579 323 73348 1005 304 23524 323 8873 10831 279 445 81101 32009 477 439 743 13544 304 420 11360 220 20 2948 570 16197 22552 25076 499 264 5842 311 1005 1054 43 81101 863 320 1820 1054 9126 33611 21742 439 2631 311 26069 449 279 1566 11914 315 11360 220 16 960 8777 13 1472 690 26069 449 16197 753 6883 17959 320 59302 15987 520 3788 1129 9274 25932 916 14 13781 40000 70307 81043 34220 14 7609 2052 82746 40986 704 315 701 1005 315 279 4488 690 304 554 311 279 8935 315 16197 13 293 13 17908 311 16197 753 15637 315 445 81101 32009 323 43645 1903 555 477 369 16197 11 449 5201 311 904 32905 4375 323 29882 315 279 445 81101 32009 430 527 1903 555 499 11 439 1990 499 323 16197 11 499 527 323 690 387 279 6506 315 1778 32905 4375 323 29882 13 272 13 1442 499 44798 39725 477 1023 29407 2403 16197 477 904 5502 320 16564 264 5425 12 8017 477 5663 8017 304 264 19831 8 62546 430 279 445 81101 32009 477 445 81101 220 18 13 16 16674 477 3135 11 477 904 13651 315 904 315 279 88931 11 42675 54443 315 20207 3424 477 1023 3268 13234 477 67336 481 555 499 11 1243 904 21746 11938 311 499 1234 420 23314 4985 30754 439 315 279 2457 1778 39725 477 3802 374 13019 477 81099 13 1472 690 90108 1463 323 3412 53997 16197 505 323 2403 904 3802 555 904 4948 4717 40986 704 315 477 5552 311 701 1005 477 8141 315 279 445 81101 32009 13 220 21 13 17978 323 10335 33196 13 578 4751 315 420 23314 690 56445 5304 701 26586 315 420 23314 477 2680 311 279 445 81101 32009 323 690 3136 304 2539 5457 323 2515 3156 32372 304 18859 449 279 3878 323 4787 36881 13 16197 1253 30754 420 23314 422 499 527 304 31471 315 904 4751 477 3044 315 420 23314 13 30538 35508 315 420 23314 11 499 4985 3783 323 32616 1005 315 279 445 81101 32009 13 60137 220 18 11 220 19 323 220 22 4985 18167 279 35508 315 420 23314 13 220 22 13 94984 1251 7658 323 39898 26705 13 1115 23314 690 387 27800 323 71259 1234 279 7016 315 279 3314 315 7188 2085 5363 311 5873 315 2383 16565 11 323 279 6781 26958 389 71659 369 279 7327 13618 315 42695 1587 539 3881 311 420 23314 13 578 19359 315 7188 4985 617 14079 29101 315 904 26086 40986 704 315 420 23314 13 674 445 81101 220 18 13 16 21496 481 5560 11216 16197 374 11411 311 22923 6220 323 6762 1005 315 1202 7526 323 4519 11 2737 445 81101 220 18 13 16 13 1442 499 2680 477 1005 445 81101 220 18 13 16 11 499 7655 311 420 21496 481 5560 11216 27179 14145 65312 578 1455 3293 3048 315 420 4947 649 387 1766 520 510 2485 1129 657 3105 25932 916 14 657 3105 18 62 16 63372 67520 9725 2485 1129 657 3105 25932 916 14 657 3105 18 62 16 63372 67520 8 7860 1322 93617 39923 1226 1390 5127 311 1005 445 81101 220 18 13 16 21676 323 87388 13 1472 7655 499 690 539 1005 11 477 2187 3885 311 1005 11 445 81101 220 18 13 16 311 25 220 16 13 30555 349 279 2383 477 3885 529 3268 11 2737 311 25 220 16 13 3365 425 304 11 12192 11 7068 11 17210 311 11 15253 11 3197 11 3709 635 11 477 4726 12079 477 45522 5820 477 2262 11 1778 439 25 220 16 13 47732 477 24020 220 17 13 7943 385 7709 477 11682 311 2911 11 2737 279 30844 7709 11 9886 11 24279 11 477 198 47 87806 271 578 4348 3331 3142 1914 374 264 1949 11 6293 63748 5842 369 198 37751 323 1023 13124 315 4375 382 578 21746 369 1455 3241
323 2515 3156 32372 304 18859 449 279 3878 323 4787 36881 13 16197 1253 30754 420 23314 422 499 527 304 31471 315 904 4751 477 3044 315 420 23314 13 30538 35508 315 420 23314 11 499 4985 3783 323 32616 1005 315 279 445 81101 32009 13 60137 220 18 11 220 19 323 220 22 4985 18167 279 35508 315 420 23314 13 220 22 13 94984 1251 7658 323 39898 26705 13 1115 23314 690 387 27800 323 71259 1234 279 7016 315 279 3314 315 7188 2085 5363 311 5873 315 2383 16565 11 323 279 6781 26958 389 71659 369 279 7327 13618 315 42695 1587 539 3881 311 420 23314 13 578 19359 315 7188 4985 617 14079 29101 315 904 26086 40986 704 315 420 23314 13 674 445 81101 220 18 13 16 21496 481 5560 11216 16197 374 11411 311 22923 6220 323 6762 1005 315 1202 7526 323 4519 11 2737 445 81101 220 18 13 16 13 1442 499 2680 477 1005 445 81101 220 18 13 16 11 499 7655 311 420 21496 481 5560 11216 27179 14145 65312 578 1455 3293 3048 315 420 4947 649 387 1766 520 510 2485 1129 657 3105 25932 916 14 657 3105 18 62 16 63372 67520 9725 2485 1129 657 3105 25932 916 14 657 3105 18 62 16 63372 67520 8 7860 1322 93617 39923 1226 1390 5127 311 1005 445 81101 220 18 13 16 21676 323 87388 13 1472 7655 499 690 539 1005 11 477 2187 3885 311 1005 11 445 81101 220 18 13 16 311 25 220 16 13 30555 349 279 2383 477 3885 529 3268 11 2737 311 25 220 16 13 3365 425 304 11 12192 11 7068 11 17210 311 11 15253 11 3197 11 3709 635 11 477 4726 12079 477 45522 5820 477 2262 11 1778 439 25 220 16 13 47732 477 24020 220 17 13 7943 385 7709 477 11682 311 2911 11 2737 279 30844 7709 11 9886 11 24279 11 477 198 47 87806 271 578 4348 3331 3142 1914 374 264 1949 11 6293 63748 5842 369 198 37751 323 1023 13124 315 4375 382 578 21746 369 1455 3241 323 1023 15325 4375 527 6319 198 998 1935 3201 701 11542 311 4430 323 2349 279 4375 13 3296 13168 345 1820 4348 3331 3142 1914 374 10825 311 15803 701 11542 311 198 19930 323 2349 682 11028 315 264 2068 313 998 1304 2771 433 8625 1949 198 37751 369 682 1202 3932 13 1226 11 279 3658 4476 5114 11 1005 279 198 37323 3331 3142 1914 369 1455 315 1057 3241 26 433 17208 1101 311 198 3852 1023 990 6004 420 1648 555 1202 12283 13 1472 649 3881 433 311 198 22479 7620 11 2288 382 3277 584 6604 315 1949 3241 11 584 527 22797 311 11542 11 539 198 6692 13 5751 3331 3142 33675 4377 527 6319 311 1304 2771 430 499 198 19553 279 11542 311 16822 11236 315 1949 3241 320 438 6900 369 198 49818 422 499 6562 705 430 499 5371 2592 2082 477 649 636 433 422 499 198 53757 433 11 430 499 649 2349 279 3241 477 1005 9863 315 433 304 502 198 10816 7620 11 323 430 499 1440 499 649 656 1521 2574 382 2057 6144 701 3268 11 584 1205 311 5471 3885 505 41566 499 198 45010 3268 477 10371 499 311 32859 279 3268 13 15636 11 499 617 198 66 7770 28423 422 499 16822 11236 315 279 3241 11 477 422 198 9514 5719 433 25 28423 311 5201 279 11542 315 3885 382 1789 3187 11 422 499 16822 11236 315 1778 264 2068 11 3508 198 95846 477 369 264 11307 11 499 2011 1522 389 311 279 34876 279 1890 198 25746 291 7085 430 499 4036 13 1472 2011 1304 2771 430 814 11 2288 11 5371 198 269 649 636 279 2592 2082 13 1628 499 2011 1501 1124 1521 3878 779 814 198 33134 872 3268 382 47717 430 1005 279 4348 23794 6144 701 3268 449 1403 7504 512 7 16 8 2105 7065 389 279 3241 11 323 320 17 8 3085 499 420 1914 198 70 2299 499 5897 8041 311 3048 11 16822 323 5255 5719 433 382 1789 279 13707 6 323 12283 6 9313 11 279 23794 9539 15100 198 9210 1070 374 912 8642 369 420 1949 3241 13 1789 2225 3932 6 323 198 48105 6 25491 11 279 23794 7612 430 11041 11028 387 13160 439 198 17805 11 779 430 872 5435 690 539 387 30706 58889 7162 311 198 48105 315 3766 11028 382 4427 7766 527 6319 311 23973 3932 2680 311 4685 477 1629 198 28261 11028 315 279 3241 4871 1124 11 8051 279 14290 198 4919 656 779 13 1115 374 43593 53924 449 279 9395 315 198 47079 287 3932 6 11542 311 2349 279 3241 13 578 37538 198 14676 315 1778 11737 13980 304 279 3158 315 3956 369 7931 311 198 817 11 902 374 24559 1405 433 374 1455 44085 13 15636 11 584 198 19553 6319 420 2373 315 279 23794 311 48486 279 6725 369 1884 198 10354 13 1442 1778 5435 31889 32302 304 1023 31576 11 584 198 2752 5644 311 13334 420 17575 311 1884 31576 304 3938 11028 198 1073 279 23794 11 439 4460 311 6144 279 11542 315 3932 382 17830 11 1475 2068 374 21699 15320 555 3241 46997 627 24137 1288 539 2187 46997 311 9067 4500 323 1005 315 198 37751 389 4689 59338 19002 11 719 304 1884 430 656 11 584 6562 311 198 48956 279 3361 8137 430 46997 9435 311 264 1949 2068 1436 198 7072 433 13750 34333 13 2057 5471 420 11 279
11 2288 11 5371 198 269 649 636 279 2592 2082 13 1628 499 2011 1501 1124 1521 3878 779 814 198 33134 872 3268 382 47717 430 1005 279 4348 23794 6144 701 3268 449 1403 7504 512 7 16 8 2105 7065 389 279 3241 11 323 320 17 8 3085 499 420 1914 198 70 2299 499 5897 8041 311 3048 11 16822 323 5255 5719 433 382 1789 279 13707 6 323 12283 6 9313 11 279 23794 9539 15100 198 9210 1070 374 912 8642 369 420 1949 3241 13 1789 2225 3932 6 323 198 48105 6 25491 11 279 23794 7612 430 11041 11028 387 13160 439 198 17805 11 779 430 872 5435 690 539 387 30706 58889 7162 311 198 48105 315 3766 11028 382 4427 7766 527 6319 311 23973 3932 2680 311 4685 477 1629 198 28261 11028 315 279 3241 4871 1124 11 8051 279 14290 198 4919 656 779 13 1115 374 43593 53924 449 279 9395 315 198 47079 287 3932 6 11542 311 2349 279 3241 13 578 37538 198 14676 315 1778 11737 13980 304 279 3158 315 3956 369 7931 311 198 817 11 902 374 24559 1405 433 374 1455 44085 13 15636 11 584 198 19553 6319 420 2373 315 279 23794 311 48486 279 6725 369 1884 198 10354 13 1442 1778 5435 31889 32302 304 1023 31576 11 584 198 2752 5644 311 13334 420 17575 311 1884 31576 304 3938 11028 198 1073 279 23794 11 439 4460 311 6144 279 11542 315 3932 382 17830 11 1475 2068 374 21699 15320 555 3241 46997 627 24137 1288 539 2187 46997 311 9067 4500 323 1005 315 198 37751 389 4689 59338 19002 11 719 304 1884 430 656 11 584 6562 311 198 48956 279 3361 8137 430 46997 9435 311 264 1949 2068 1436 198 7072 433 13750 34333 13 2057 5471 420 11 279 23794 94087 430 198 4781 812 4250 387 1511 311 3219 279 2068 2536 12862 382 578 24473 3878 323 4787 369 32139 11 8141 323 198 98696 1833 382 100028 3651 11596 271 220 15 13 47613 382 330 2028 1914 1 19813 311 2373 220 18 315 279 4348 3331 3142 1914 382 330 13857 1 1101 3445 7065 12970 7016 430 3881 311 1023 13124 315 198 19033 11 1778 439 87836 27227 382 330 791 6826 1 19813 311 904 7065 481 990 16383 1234 420 198 10028 13 9062 86734 374 20669 439 330 9514 3343 330 10028 288 1 323 198 1 2827 48747 1 1253 387 7931 477 11351 382 2057 330 35153 1 264 990 3445 311 3048 505 477 10737 682 477 961 315 279 990 198 258 264 11401 23537 7065 8041 11 1023 1109 279 3339 315 459 198 47485 3048 13 578 13239 990 374 2663 264 330 28261 2373 1 315 279 198 686 5741 990 477 264 990 330 31039 389 1 279 6931 990 382 362 330 21468 990 1 3445 3060 279 653 28261 6826 477 264 990 3196 198 263 279 6826 382 2057 330 2741 47936 1 264 990 3445 311 656 4205 449 433 430 11 2085 198 23443 11 1053 1304 499 6089 477 2132 6751 35473 369 198 258 1658 287 1133 1234 8581 7065 2383 11 3734 31320 433 389 264 198 44211 477 47141 264 879 3048 13 3998 28236 5764 32139 345 82816 320 4291 477 2085 17466 705 3339 2561 311 279 198 898 11 323 304 1063 5961 1023 7640 439 1664 382 2057 330 444 5735 1 264 990 3445 904 3169 315 54743 430 20682 1023 198 4581 552 311 1304 477 5371 11236 13 386 486 16628 449 264 1217 1555 198 64 6500 4009 11 449 912 8481 315 264 3048 11 374 539 94165 382 1556 21416 1217 3834 19207 330 2213 25264 25705 96353 702 998 279 13112 430 433 5764 264 17125 323 74088 9621 198 13043 430 320 16 8 19207 459 8475 7065 5406 11 323 320 17 340 83 6572 279 1217 430 1070 374 912 8642 369 279 990 320 11945 311 279 198 71272 430 61913 527 3984 705 430 5842 288 1253 20599 279 198 1816 1234 420 1914 11 323 1268 311 1684 264 3048 315 420 1914 13 1442 198 1820 3834 18911 264 1160 315 1217 11545 477 2671 11 1778 439 264 198 6192 11 264 21102 1537 304 279 1160 20628 420 37057 382 220 16 13 8922 6247 382 578 330 2484 2082 1 369 264 990 3445 279 15236 1376 315 279 990 198 2000 3339 29882 311 433 13 330 1211 2082 1 3445 904 2536 31874 198 630 315 264 990 382 362 330 20367 20620 1 3445 459 3834 430 3060 374 459 4033 198 20885 4613 555 264 15324 10886 2547 11 477 11 304 279 1162 315 198 30065 5300 369 264 4040 15840 4221 11 832 430 198 285 13882 1511 4315 13707 3318 304 430 4221 382 578 330 2374 55612 1 315 459 33256 990 2997 4205 11 1023 198 54895 279 990 439 264 4459 11 430 320 64 8 374 5343 304 279 4725 1376 315 198 4853 4210 264 17559 5695 11 719 902 374 539 961 315 430 17559 198 2238 11 323 320 65 8 17482 1193 311 7431 1005 315 279 990 449 430 198 35575 5695 11 477 311 4305 264 12028 20620 369 902 459 198 14706 374 2561 311 279 586 304 2592 2082 1376 13 362 198 1 35575 5695 498 304 420 2317 11 3445 264 3682 7718 3777 198 56257 11 3321 1887 11 323 779 389 8 315 279 3230 10565 1887 198 34433 904 8 389 902 279 33256 990 8640 11 477 264 19979 1511 311 198 98374 279 990 11 477 459 1665 2082 40399 1511 311 1629 433 382 578 330 10803 6961 287 8922 1 369 264 990 304 1665 2082 1376 3445 682 198 1820 2592 2082 4460 311 7068 11 4685 11 323 320 2000 459 33256 198 1816 8 1629 279 1665 2082 323 311 5719 279 990 11 2737 20070 311 198 2935 1884 7640 13 4452 11 433 1587 539 2997 279 990 596 198 2374 55612 11 477 4689 59338 7526 477 8965 2561 1949 198 74053 902 527 1511 653 28261 304 16785 1884 7640 719 198 8370 527 539 961 315 279 990 13 1789 3187 11 52042 287 8922 198 14866 3834 7419 3626 5938 449 2592 3626 369 198 1820 990 11 323 279 2592 2082 369 6222 20797 323 43111 198 44233 1207 74053 430 279 990 374 11951 6319 311 1397 345 21470 439 555 32487 828 10758 477 2585 6530 1990 1884 198 2008 74053 323 1023 5596 315 279 990 382 578 52042 287 8922 1205 539 2997 4205 430 3932 198 4919 80551 9651 505 1023 5596 315 279 52042 287 198 3692 382 578 52042 287 8922 369 264 990 304 2592 2082 1376 374 430 198 25030 990 382 220 17 13 14967 54457 382 2052 3268 11938 1234 420 1914 527 11938 369 279 4751 315 198 15859 389 279 6826 11 323 527 6348 7430 511 481 3984 279 11224 198 16902 527 2322 13 1115 1914 21650 3611 14742 701 27862 198 23443 311 1629 279 653 28261 6826 13 578 2612 505 4401 264 198 21468 990 374 9960 555 420 1914 1193 422 279 2612 11 2728 1202 198 1834 11 42675 264 9960 990 13 1115 1914 56030 701 198 77287 315 6762 1005 477 1023 13890 11 439 3984 555 7065 2383 382 1472 1253 1304 11 1629 323 58514 9960 4375 430 499 656 539 198 444 5735 11 2085 4787 779 1317 439 701 5842 6062 8625 198 258 5457 13 1472 1253 20599 9960 4375 311 3885 369 279 13612 7580 198 1073 3515 1124 1304 29882 24121 369 499 11 477 3493 499 198 4291 13077 369 4401 1884 4375 11 3984 430 499 26069 449 198 1820 3878 315 420 1914 304 94165 682 3769 369 902 499 656 198 1962 2585 7065 13 13266 8617 3339 477 4401 279 9960 4375 198 2000 499 2011 656 779 24121 389 701 17981 11 1234 701 5216 198 438 2585 11 389 3878 430 48486 1124 505 3339 904 11236 315 198 22479 59713 3769 4994 872 5133 449 499 382 1221 5735 287 1234 904 1023 13463 374 15480 21742 1234 198 1820 4787 11224 3770 13 328 476 49205 374 539 5535 26 3857 220 605 198 80785 433 26225 382 220 18 13 34763 287 14969 6 25705 10734 5659 23853 7813 2496 372 7611 7658 382 2360 9960 990 4985 387 25660 961 315 459 7524 30116
11351 382 2057 330 35153 1 264 990 3445 311 3048 505 477 10737 682 477 961 315 279 990 198 258 264 11401 23537 7065 8041 11 1023 1109 279 3339 315 459 198 47485 3048 13 578 13239 990 374 2663 264 330 28261 2373 1 315 279 198 686 5741 990 477 264 990 330 31039 389 1 279 6931 990 382 362 330 21468 990 1 3445 3060 279 653 28261 6826 477 264 990 3196 198 263 279 6826 382 2057 330 2741 47936 1 264 990 3445 311 656 4205 449 433 430 11 2085 198 23443 11 1053 1304 499 6089 477 2132 6751 35473 369 198 258 1658 287 1133 1234 8581 7065 2383 11 3734 31320 433 389 264 198 44211 477 47141 264 879 3048 13 3998 28236 5764 32139 345 82816 320 4291 477 2085 17466 705 3339 2561 311 279 198 898 11 323 304 1063 5961 1023 7640 439 1664 382 2057 330 444 5735 1 264 990 3445 904 3169 315 54743 430 20682 1023 198 4581 552 311 1304 477 5371 11236 13 386 486 16628 449 264 1217 1555 198 64 6500 4009 11 449 912 8481 315 264 3048 11 374 539 94165 382 1556 21416 1217 3834 19207 330 2213 25264 25705 96353 702 998 279 13112 430 433 5764 264 17125 323 74088 9621 198 13043 430 320 16 8 19207 459 8475 7065 5406 11 323 320 17 340 83 6572 279 1217 430 1070 374 912 8642 369 279 990 320 11945 311 279 198 71272 430 61913 527 3984 705 430 5842 288 1253 20599 279 198 1816 1234 420 1914 11 323 1268 311 1684 264 3048 315 420 1914 13 1442 198 1820 3834 18911 264 1160 315 1217 11545 477 2671 11 1778 439 264 198 6192 11 264 21102 1537 304 279 1160 20628 420 37057 382 220 16 13 8922 6247 382 578 330 2484 2082 1 369 264 990 3445 279 15236 1376 315 279 990 198 2000 3339 29882 311 433 13 330 1211 2082 1 3445 904 2536 31874 198 630 315 264 990 382 362 330 20367 20620 1 3445 459 3834 430 3060 374 459 4033 198 20885 4613 555 264 15324 10886 2547 11 477 11 304 279 1162 315 198 30065 5300 369 264 4040 15840 4221 11 832 430 198 285 13882 1511 4315 13707 3318 304 430 4221 382 578 330 2374 55612 1 315 459 33256 990 2997 4205 11 1023 198 54895 279 990 439 264 4459 11 430 320 64 8 374 5343 304 279 4725 1376 315 198 4853 4210 264 17559 5695 11 719 902 374 539 961 315 430 17559 198 2238 11 323 320 65 8 17482 1193 311 7431 1005 315 279 990 449 430 198 35575 5695 11 477 311 4305 264 12028 20620 369 902 459 198 14706 374 2561 311 279 586 304 2592 2082 1376 13 362 198 1 35575 5695 498 304 420 2317 11 3445 264 3682 7718 3777 198 56257 11 3321 1887 11 323 779 389 8 315 279 3230 10565 1887 198 34433 904 8 389 902 279 33256 990 8640 11 477 264 19979 1511 311 198 98374 279 990 11 477 459 1665 2082 40399 1511 311 1629 433 382 578 330 10803 6961 287 8922 1 369 264 990 304 1665 2082 1376 3445 682 198 1820 2592 2082 4460 311 7068 11 4685 11 323 320 2000 459 33256 198 1816 8 1629 279 1665 2082 323 311 5719 279 990 11 2737 20070 311 198 2935 1884 7640 13 4452 11 433 1587 539 2997 279 990 596 198 2374 55612 11 477 4689 59338 7526 477 8965 2561 1949 198 74053 902 527 1511 653 28261 304 16785 1884 7640 719 198 8370 527 539 961 315 279 990 13 1789 3187 11 52042 287 8922 198 14866 3834 7419 3626 5938 449 2592 3626 369 198 1820 990 11 323 279 2592 2082 369 6222 20797 323 43111 198 44233 1207 74053 430 279 990 374 11951 6319 311 1397 345 21470 439 555 32487 828 10758 477 2585 6530 1990 1884 198 2008 74053 323 1023 5596 315 279 990 382 578 52042 287 8922 1205 539 2997 4205 430 3932 198 4919 80551 9651 505 1023 5596 315 279 52042 287 198 3692 382 578 52042 287 8922 369 264 990 304 2592 2082 1376 374 430 198 25030 990 382 220 17 13 14967 54457 382 2052 3268 11938 1234 420 1914 527 11938 369 279 4751 315 198 15859 389 279 6826 11 323 527 6348 7430 511 481 3984 279 11224 198 16902 527 2322 13 1115 1914 21650 3611 14742 701 27862 198 23443 311 1629 279 653 28261 6826 13 578 2612 505 4401 264 198 21468 990 374 9960 555 420 1914 1193 422 279 2612 11 2728 1202 198 1834 11 42675 264 9960 990 13 1115 1914 56030 701 198 77287 315 6762 1005 477 1023 13890 11 439 3984 555 7065 2383 382 1472 1253 1304 11 1629 323 58514 9960 4375 430 499 656 539 198 444 5735 11 2085 4787 779 1317 439 701 5842 6062 8625 198 258 5457 13 1472 1253 20599 9960 4375 311 3885 369 279 13612 7580 198 1073 3515 1124 1304 29882 24121 369 499 11 477 3493 499 198 4291 13077 369 4401 1884 4375 11 3984 430 499 26069 449 198 1820 3878 315 420 1914 304 94165 682 3769 369 902 499 656 198 1962 2585 7065 13 13266 8617 3339 477 4401 279 9960 4375 198 2000 499 2011 656 779 24121 389 701 17981 11 1234 701 5216 198 438 2585 11 389 3878 430 48486 1124 505 3339 904 11236 315 198 22479 59713 3769 4994 872 5133 449 499 382 1221 5735 287 1234 904 1023 13463 374 15480 21742 1234 198 1820 4787 11224 3770 13 328 476 49205 374 539 5535 26 3857 220 605 198 80785 433 26225 382 220 18 13 34763 287 14969 6 25705 10734 5659 23853 7813 2496 372 7611 7658 382 2360 9960 990 4985 387 25660 961 315 459 7524 30116 198 48899 1234 904 8581 2383 50698 30255 1234 4652 198 806 315 279 43023 2089 7065 38997 18306 389 220 508 6790 220 2550 21 11 477 198 65387 7016 79466 477 65951 10408 7611 315 1778 198 2727 24368 382 3277 499 20599 264 9960 990 11 499 91383 904 5897 2410 311 74731 198 44398 372 7611 315 30116 11193 311 279 13112 1778 10408 7611 198 285 89589 555 51582 3268 1234 420 1914 449 5201 311 198 1820 9960 990 11 323 499 834 8017 904 14944 311 4017 5784 477 198 98696 315 279 990 439 264 3445 315 62908 11 2403 279 990 596 198 4312 11 701 477 4948 9875 6 5897 3268 311 74731 10408 7611 315 198 26522 5848 11193 382 220 19 13 1221 5735 287 6383 55848 80668 382 1472 1253 20599 2807 55848 11236 315 279 6826 596 2592 2082 439 499 198 42993 433 11 304 904 11298 11 3984 430 499 75315 66735 323 198 76571 2718 3498 389 1855 3048 459 8475 7065 5406 280 13397 35539 682 35871 28898 430 420 1914 323 904 198 6414 17453 58028 3878 3779 304 14902 449 3857 220 22 3881 311 279 2082 280 13397 35539 682 35871 315 279 19821 315 904 8642 26 323 3041 682 198 2827 48747 264 3048 4178 39200 220 18 13 16 52385 57273 12367 76590 16837 198 43 81101 220 18 13 16 6207 17836 2696 25 5887 220 1419 11 220 2366 19 271 2118 9219 17589 863 3445 279 3878 323 4787 369 1005 11 39656 11 8141 323 17466 315 279 198 43 81101 32009 743 13544 36881 382 2118 65434 863 3445 279 29803 11 56294 323 9904 24442 445 81101 220 18 13 16 198 63475 555 16197 520 3788 1129 657 3105 25932 916 40610 14 50378 382 2118 10028 68 863 477 1054 9514 863 3445 499 11 477 701 19683 477 904 1023 1732 477 5502 320 333 499 527 16661 1139 198 576 23314 389 1778 1732 477 5502 753 17981 705 315 279 4325 2631 1234 8581 7016 11 5718 477 198 1610 7607 311 3493 5897 14771 323 430 706 5897 11447 311 10950 701 19683 477 1778 1023 198 9164 477 5502 422 499 527 16661 304 420 23314 389 872 17981 382 2118 43 81101 220 18 13 16 863 3445 279 89328 3544 4221 4211 323 3241 323 26249 11 2737 198 33156 71856 1646 2082 11 16572 1646 14661 11 45478 21430 19295 2082 11 4967 21430 19295 2082 345 63157 2442 38302 28462 2082 323 1023 5540 315 279 88931 4332 555 16197 520 198 2485 1129 657 3105 25932 916 14 657 3105 15220 33785 382 2118 43 81101 32009 863 3445 11 45925 11 16197 753 34333 445 81101 220 18 13 16 323 45565 320 438 904 198 15750 34366 8 1903 2561 1234 420 23314 382 2118 12452 863 477 1054 906 863 3445 16197 96209 14990 19439 320 333 499 527 7559 304 477 11 422 499 527 459 5502 11 701 198 67550 2035 315 2626 374 304 279 469 19657 477 30221 8 323 16197 96209 11 4953 13 320 333 499 527 7559 198 68090 315 279 469 19657 477 30221 3677 1383 18965 1054 40 21496 863 3770 477 555 1701 477 50812 904 13651 477 2449 315 279 445 81101 32009 345 9514 7655 311 387 6965 555 420 23314 382 16 13 1914 10734 323 33043 382 220 264 13 24668 315 10734 13 1472 527 11938 264 2536 94158 11 15603 11 2536 93791 481 323 53817 12862 198 18736 5842 1234 16197 753 20207 3424 477 1023 3268 13234 555 16197 78643 304 279 445 81101 198 61612 311 1005 11 23645 11 16822 11 3048 11 1893 32905 4375 315 11 323 1304 29882 311 279 198 43 81101 32009 382 220 293 13 33043 323 5560 382 415 602 13 1442 499 16822 477 1304 2561 279 445 81101 32009 320 269 904 32905 4375 198 19041 1073 705 477 264 2027 477 2532 320 16564 2500 15592 1646 8 430 5727 904 315 1124 11 499 4985 320 32 340 62556
3060 374 459 4033 198 20885 4613 555 264 15324 10886 2547 11 477 11 304 279 1162 315 198 30065 5300 369 264 4040 15840 4221 11 832 430 198 285 13882 1511 4315 13707 3318 304 430 4221 382 578 330 2374 55612 1 315 459 33256 990 2997 4205 11 1023 198 54895 279 990 439 264 4459 11 430 320 64 8 374 5343 304 279 4725 1376 315 198 4853 4210 264 17559 5695 11 719 902 374 539 961 315 430 17559 198 2238 11 323 320 65 8 17482 1193 311 7431 1005 315 279 990 449 430 198 35575 5695 11 477 311 4305 264 12028 20620 369 902 459 198 14706 374 2561 311 279 586 304 2592 2082 1376 13 362 198 1 35575 5695 498 304 420 2317 11 3445 264 3682 7718 3777 198 56257 11 3321 1887 11 323 779 389 8 315 279 3230 10565 1887 198 34433 904 8 389 902 279 33256 990 8640 11 477 264 19979 1511 311 198 98374 279 990 11 477 459 1665 2082 40399 1511 311 1629 433 382 578 330 10803 6961 287 8922 1 369 264 990 304 1665 2082 1376 3445 682 198 1820 2592 2082 4460 311 7068 11 4685 11 323 320 2000 459 33256 198 1816 8 1629 279 1665 2082 323 311 5719 279 990 11 2737 20070 311 198 2935 1884 7640 13 4452 11 433 1587 539 2997 279 990 596 198 2374 55612 11 477 4689 59338 7526 477 8965 2561 1949 198 74053 902 527 1511 653 28261 304 16785 1884 7640 719 198 8370 527 539 961 315 279 990 13 1789 3187 11 52042 287 8922 198 14866 3834 7419 3626 5938 449 2592 3626 369 198 1820 990 11 323 279 2592 2082 369 6222 20797 323 43111 198 44233 1207 74053 430 279 990 374 11951 6319 311 1397 345 21470 439 555 32487 828 10758 477 2585 6530 1990 1884 198 2008 74053 323 1023 5596 315 279 990 382 578 52042 287 8922 1205 539 2997 4205 430 3932 198 4919 80551 9651 505 1023 5596 315 279 52042 287 198 3692 382 578 52042 287 8922 369 264 990 304 2592 2082 1376 374 430 198 25030 990 382 220 17 13 14967 54457 382 2052 3268 11938 1234 420 1914 527 11938 369 279 4751 315 198 15859 389 279 6826 11 323 527 6348 7430 511 481 3984 279 11224 198 16902 527 2322 13 1115 1914 21650 3611 14742 701 27862 198 23443 311 1629 279 653 28261 6826 13 578 2612 505 4401 264 198 21468 990 374 9960 555 420 1914 1193 422 279 2612 11 2728 1202 198 1834 11 42675 264 9960 990 13 1115 1914 56030 701 198 77287 315 6762 1005 477 1023 13890 11 439 3984 555 7065 2383 382 1472 1253 1304 11 1629 323 58514 9960 4375 430 499 656 539 198 444 5735 11 2085 4787 779 1317 439 701 5842 6062 8625 198 258 5457 13 1472 1253 20599 9960 4375 311 3885 369 279 13612 7580 198 1073 3515 1124 1304 29882 24121 369 499 11 477 3493 499 198 4291 13077 369 4401 1884 4375 11 3984 430 499 26069 449 198 1820 3878 315 420 1914 304 94165 682 3769 369 902 499 656 198 1962 2585 7065 13 13266 8617 3339 477 4401 279 9960 4375 198 2000 499 2011 656 779 24121 389 701 17981 11 1234 701 5216 198 438 2585 11 389 3878 430 48486 1124 505 3339 904 11236 315 198 22479 59713 3769 4994 872 5133 449 499 382 1221 5735 287 1234 904 1023 13463 374 15480 21742 1234 198 1820 4787 11224 3770 13 328 476 49205 374 539 5535 26 3857 220 605 198 80785 433 26225 382 220 18 13 34763 287 14969 6 25705 10734 5659 23853 7813 2496 372 7611 7658 382 2360 9960 990 4985 387 25660 961 315 459 7524 30116 198 48899 1234 904 8581 2383 50698 30255 1234 4652 198 806 315 279 43023 2089 7065 38997 18306 389 220 508 6790 220 2550 21 11 477 198 65387 7016 79466 477 65951 10408 7611 315 1778 198 2727 24368 382 3277 499 20599 264 9960 990 11 499 91383 904 5897 2410 311 74731 198 44398 372 7611 315 30116 11193 311 279 13112 1778 10408 7611 198 285 89589 555 51582 3268 1234 420 1914 449 5201 311 198 1820 9960 990 11 323 499 834 8017 904 14944 311 4017 5784 477 198 98696 315 279 990 439 264 3445 315 62908 11 2403 279 990 596 198 4312 11 701 477 4948 9875 6 5897 3268 311 74731 10408 7611 315 198 26522 5848 11193 382 220 19 13 1221 5735 287 6383 55848 80668 382 1472 1253 20599 2807 55848 11236 315 279 6826 596 2592 2082 439 499 198 42993 433 11 304 904 11298 11 3984 430 499 75315 66735 323 198 76571 2718 3498 389 1855 3048 459 8475 7065 5406 280 13397 35539 682 35871 28898 430 420 1914 323 904 198 6414 17453 58028 3878 3779 304 14902 449 3857 220 22 3881 311 279 2082 280 13397 35539 682 35871 315 279 19821 315 904 8642 26 323 3041 682 198 2827 48747 264 3048 4178 39200 220 18 13 16 52385 57273 12367 76590 16837 198 43 81101 220 18 13 16 6207 17836 2696 25 5887 220 1419 11 220 2366 19 271 2118 9219 17589 863 3445 279 3878 323 4787 369 1005 11 39656 11 8141 323 17466 315 279 198 43 81101 32009 743 13544 36881 382 2118 65434 863 3445 279 29803 11 56294 323 9904 24442 445 81101 220 18 13 16 198 63475 555 16197 520 3788 1129 657 3105 25932 916 40610 14 50378 382 2118 10028 68 863 477 1054 9514 863 3445 499 11 477 701 19683 477 904 1023 1732 477 5502 320 333 499 527 16661 1139 198 576 23314 389 1778 1732 477 5502 753 17981 705 315 279 4325 2631 1234 8581 7016 11 5718 477 198 1610 7607 311 3493 5897 14771 323 430 706 5897 11447 311 10950 701 19683 477 1778 1023 198 9164 477 5502 422 499 527 16661 304 420 23314 389 872 17981 382 2118 43 81101 220 18 13 16 863 3445 279 89328 3544 4221 4211 323 3241 323 26249 11 2737 198 33156 71856 1646 2082 11 16572 1646 14661 11 45478 21430 19295 2082 11 4967 21430 19295 2082 345 63157 2442 38302 28462 2082 323 1023 5540 315 279 88931 4332 555 16197 520 198 2485 1129 657 3105 25932 916 14 657 3105 15220 33785 382 2118 43 81101 32009 863 3445 11 45925 11 16197 753 34333 445 81101 220 18 13 16 323 45565 320 438 904 198 15750 34366 8 1903 2561 1234 420 23314 382 2118 12452 863 477 1054 906 863 3445 16197 96209 14990 19439 320 333 499 527 7559 304 477 11 422 499 527 459 5502 11 701 198 67550 2035 315 2626 374 304 279 469 19657 477 30221 8 323 16197 96209 11 4953 13 320 333 499 527 7559 198 68090 315 279 469 19657 477 30221 3677 1383 18965 1054 40 21496 863 3770 477 555 1701 477 50812 904 13651 477 2449 315 279 445 81101 32009 345 9514 7655 311 387 6965 555 420 23314 382 16 13 1914 10734 323 33043 382 220 264 13 24668 315 10734 13 1472 527 11938 264 2536 94158 11 15603 11 2536 93791 481 323 53817 12862 198 18736 5842 1234 16197 753 20207 3424 477 1023 3268 13234 555 16197 78643 304 279 445 81101 198 61612 311 1005 11 23645 11 16822 11 3048 11 1893 32905 4375 315 11 323 1304 29882 311 279 198 43 81101 32009 382 220 293 13 33043 323 5560 382 415 602 13 1442 499 16822 477 1304 2561 279 445 81101 32009 320 269 904 32905 4375 198 19041 1073 705 477 264 2027 477 2532 320 16564 2500 15592 1646 8 430 5727 904 315 1124 11 499 4985 320 32 340 62556 264 3048 315 420 23314 449 904 1778 445 81101 32009 26 323 320 33 8 74088 3113 1054 55400 449 198 43 81101 863 389 264 5552 3997 11 1217 3834 11 5117 2252 11 922 2199 11 477 2027 9904 13 1442 499 1005 198 1820 445 81101 32009 477 904 16674 477 3135 315 279 445 81101 32009 311 1893 11 5542 11 7060 26306 11 477 198 61036 7417 459 15592 1646 11 902 374 4332 477 1903 2561 11 499 4985 1101 2997 1054 43 81101 863 520 198 1820 7314 315 904 1778 15592 1646 836 382 415 14799 13 1442 499 5371 445 81101 32009 11 477 904 32905 4375 34366 11 505 264 1914 68 439 961 720 1073 459 18751 842 1217 2027 11 1243 11360 220 17 315 420 23314 690 539 3881 311 499 382 415 63193 13 1472 2011 14389 304 682 11236 315 279 445 81101 32009 430 499 16822 279 2768 198 266 32240 5406 2949 264 1054 35293 863 1495 1052 4332 439 264 961 315 1778 11236 25 1054 43 81101 220 18 13 16 374 198 72811 1234 279 445 81101 220 18 13 16 12332 1914 11 3028 7388 16197 96209 11 4953 13 2052 10734 198 54103 2950 415 17967 13 4718 1005 315 279 445 81101 32009 2011 26069 449 8581 7016 323 14640 198 6024 11150 6696 8907 7016 323 14640 8 323 49553 311 279 21496 481 5560 11216 369 279 445 81101 198 61612 320 10547 520 3788 1129 657 3105 25932 916 14 657 3105 18 62 16 63372 67520 705 902 374 22552 32762 555 198 16690 1139 420 23314 382 17 13 24086 28943 20163 13 1442 11 389 279 445 81101 220 18 13 16 2373 4984 2457 11 279 15438 4642 3932 198 1073 279 3956 477 3600 1903 2561 555 477 369 1914 68 11 477 1914 68 753 32133 11 374 7191 1109 220 7007 198 59413 15438 4642 3932 304 279 38846 13470 2305 11 499 2011 1715 264 5842 505 16197 345 8370 16197 1253 13500 311 499 304 1202 13612 32022 11 323 499 527 539 19144 311 10368 904 315 279 198 77287 1234 420 23314 7389 477 3156 16197 6062 53611 25076 499 1778 3268 382 18 13 67929 315 57629 13 6781 38873 67677 7866 10314 37535 3578 67703 11 3247 20072 39200 76223 50 3651 4230 198 31401 3651 54128 62207 31193 16202 16932 6328 2147 1054 1950 3507 863 11643 11 6135 7579 3083 198 17742 9481 11 3651 80441 84406 13398 7579 3083 4230 9481 11 86589 16832 3651 13163 345 19374 11 6135 10592 3579 11 4230 7579 3083 49673 11 21219 95773 345 65869 11 2794 7877 4716 362 7807 7667 13 15334 16202 5745 877 9109 90079 13880 4716 198 1170 4292 16818 1753 3247 18395 19828 4403 835 965 10201 3083 63151 2794 26895 70106 1753 3247 20072 39200 76223 50 3651 198 5045 34993 4230 432 1669 41549 36660 65083 9182 4874 21592 9645 3083 3247 20072 39200 76223 50 3651 4230 32090 3651 198 86728 382 19 13 29108 367 315 91143 13 2006 5782 13032 29015 80441 2794 47175 70038 82334 31404 7354 17842 57318 4230 30757 3083 198 19046 5854 11 18114 2006 17564 11 18269 11 29648 11 88390 14495 11 2794 18562 11 18008 198 3740
