gpu,model,scheme,build,kernel,M,N,K,ms,tflops
b580,1b,4w,cand,sarc_linear_q4gsw_coopmat_t128x128k16g44s16m8fli_texture3d_texture2d_half,2048,2048,2048,0.3919,43.835
b580,1b,4w,cand,sarc_linear_q4gsw_coopmat_t128x128k16g44s16m8fli_texture3d_texture2d_half,2048,512,2048,0.1412,30.411
b580,1b,4w,cand,sarc_linear_q4gsw_coopmat_t128x128k16g44s16m8fli_texture3d_texture2d_half,2048,512,2048,0.1296,33.144
b580,1b,4w,cand,sarc_linear_q4gsw_coopmat_t128x128k16g44s16m8fli_texture3d_texture2d_half,2048,2048,2048,0.3896,44.098
b580,1b,4w,cand,sarc_linear_q4gsw_coopmat_t128x128k16g44s16m8fli_texture3d_texture2d_half,2048,8192,2048,1.4341,47.92
b580,1b,4w,cand,sarc_linear_q4gsw_coopmat_t128x128k16g44s16m8fli_texture3d_texture2d_half,2048,8192,2048,1.7401,39.492
b580,1b,4w,cand,sarc_linear_q4gsw_coopmat_t128x128k16g44s16m8fli_texture3d_texture2d_half,2048,2048,8192,1.8755,36.64
b580,1b,4w,cand,sarc_linear_q4gsw_coopmat_t128x128k16g44s16m8fli_texture3d_texture2d_half,2048,2048,2048,0.3924,43.782
b580,1b,4w,cand,sarc_linear_q4gsw_coopmat_t128x128k16g44s16m8fli_texture3d_texture2d_half,2048,512,2048,0.1388,30.935
b580,1b,4w,cand,sarc_linear_q4gsw_coopmat_t128x128k16g44s16m8fli_texture3d_texture2d_half,2048,512,2048,0.129,33.291
b580,1b,4w,cand,sarc_linear_q4gsw_coopmat_t128x128k16g44s16m8fli_texture3d_texture2d_half,2048,2048,2048,0.3874,44.347
b580,1b,4w,cand,sarc_linear_q4gsw_coopmat_t128x128k16g44s16m8fli_texture3d_texture2d_half,2048,8192,2048,1.5055,45.645
b580,1b,4w,cand,sarc_linear_q4gsw_coopmat_t128x128k16g44s16m8fli_texture3d_texture2d_half,2048,8192,2048,1.4448,47.564
b580,1b,4w,cand,sarc_linear_q4gsw_coopmat_t128x128k16g44s16m8fli_texture3d_texture2d_half,2048,2048,8192,1.5562,44.158
b580,1b,4w,cand,sarc_linear_q4gsw_coopmat_t128x128k16g44s16m8fli_texture3d_texture2d_half,2048,2048,2048,0.39,44.051
b580,1b,4w,cand,sarc_linear_q4gsw_coopmat_t128x128k16g44s16m8fli_texture3d_texture2d_half,2048,512,2048,0.1412,30.411
b580,1b,4w,cand,sarc_linear_q4gsw_coopmat_t128x128k16g44s16m8fli_texture3d_texture2d_half,2048,512,2048,0.129,33.291
b580,1b,4w,cand,sarc_linear_q4gsw_coopmat_t128x128k16g44s16m8fli_texture3d_texture2d_half,2048,2048,2048,0.3906,43.981
b580,1b,4w,cand,sarc_linear_q4gsw_coopmat_t128x128k16g44s16m8fli_texture3d_texture2d_half,2048,8192,2048,1.948,35.277
b580,1b,4w,cand,sarc_linear_q4gsw_coopmat_t128x128k16g44s16m8fli_texture3d_texture2d_half,2048,8192,2048,1.4828,46.343
b580,1b,4w,cand,sarc_linear_q4gsw_coopmat_t128x128k16g44s16m8fli_texture3d_texture2d_half,2048,2048,8192,1.5636,43.95
b580,1b,4w,cand,sarc_linear_q4gsw_coopmat_t128x128k16g44s16m8fli_texture3d_texture2d_half,2048,2048,2048,0.3921,43.811
b580,1b,4w,cand,sarc_linear_q4gsw_coopmat_t128x128k16g44s16m8fli_texture3d_texture2d_half,2048,512,2048,0.1399,30.693
b580,1b,4w,cand,sarc_linear_q4gsw_coopmat_t128x128k16g44s16m8fli_texture3d_texture2d_half,2048,512,2048,0.1294,33.198
b580,1b,4w,cand,sarc_linear_q4gsw_coopmat_t128x128k16g44s16m8fli_texture3d_texture2d_half,2048,2048,2048,0.4363,39.373
b580,1b,4w,cand,sarc_linear_q4gsw_coopmat_t128x128k16g44s16m8fli_texture3d_texture2d_half,2048,8192,2048,1.4424,47.642
b580,1b,4w,cand,sarc_linear_q4gsw_coopmat_t128x128k16g44s16m8fli_texture3d_texture2d_half,2048,8192,2048,1.4386,47.767
b580,1b,4w,cand,sarc_linear_q4gsw_coopmat_t128x128k16g44s16m8fli_texture3d_texture2d_half,2048,2048,8192,1.5653,43.902
b580,1b,4w,cand,sarc_linear_q4gsw_coopmat_t128x128k16g44s16m8fli_texture3d_texture2d_half,2048,2048,2048,0.3898,44.069
b580,1b,4w,cand,sarc_linear_q4gsw_coopmat_t128x128k16g44s16m8fli_texture3d_texture2d_half,2048,512,2048,0.1383,31.063
b580,1b,4w,cand,sarc_linear_q4gsw_coopmat_t128x128k16g44s16m8fli_texture3d_texture2d_half,2048,512,2048,0.1286,33.385
b580,1b,4w,cand,sarc_linear_q4gsw_coopmat_t128x128k16g44s16m8fli_texture3d_texture2d_half,2048,2048,2048,0.4083,42.082
b580,1b,4w,cand,sarc_linear_q4gsw_coopmat_t128x128k16g44s16m8fli_texture3d_texture2d_half,2048,8192,2048,1.4388,47.762
b580,1b,4w,cand,sarc_linear_q4gsw_coopmat_t128x128k16g44s16m8fli_texture3d_texture2d_half,2048,8192,2048,1.4358,47.862
b580,1b,4w,cand,sarc_linear_q4gsw_coopmat_t128x128k16g44s16m8fli_texture3d_texture2d_half,2048,2048,8192,1.5856,43.339
b580,1b,4w,cand,sarc_linear_q4gsw_coopmat_t128x128k16g44s16m8fli_texture3d_texture2d_half,2048,2048,2048,0.3932,43.69
b580,1b,4w,cand,sarc_linear_q4gsw_coopmat_t128x128k16g44s16m8fli_texture3d_texture2d_half,2048,512,2048,0.1413,30.4
b580,1b,4w,cand,sarc_linear_q4gsw_coopmat_t128x128k16g44s16m8fli_texture3d_texture2d_half,2048,512,2048,0.1298,33.078
b580,1b,4w,cand,sarc_linear_q4gsw_coopmat_t128x128k16g44s16m8fli_texture3d_texture2d_half,2048,2048,2048,0.3901,44.045
b580,1b,4w,cand,sarc_linear_q4gsw_coopmat_t128x128k16g44s16m8fli_texture3d_texture2d_half,2048,8192,2048,1.4449,47.561
b580,1b,4w,cand,sarc_linear_q4gsw_coopmat_t128x128k16g44s16m8fli_texture3d_texture2d_half,2048,8192,2048,1.4585,47.117
b580,1b,4w,cand,sarc_linear_q4gsw_coopmat_t128x128k16g44s16m8fli_texture3d_texture2d_half,2048,2048,8192,1.5814,43.456
b580,1b,4w,cand,sarc_linear_q4gsw_coopmat_t128x128k16g44s16m8fli_texture3d_texture2d_half,2048,2048,2048,0.3906,43.986
b580,1b,4w,cand,sarc_linear_q4gsw_coopmat_t128x128k16g44s16m8fli_texture3d_texture2d_half,2048,512,2048,0.1394,30.808
b580,1b,4w,cand,sarc_linear_q4gsw_coopmat_t128x128k16g44s16m8fli_texture3d_texture2d_half,2048,512,2048,0.1304,32.933
b580,1b,4w,cand,sarc_linear_q4gsw_coopmat_t128x128k16g44s16m8fli_texture3d_texture2d_half,2048,2048,2048,0.3901,44.039
b580,1b,4w,cand,sarc_linear_q4gsw_coopmat_t128x128k16g44s16m8fli_texture3d_texture2d_half,2048,8192,2048,1.4461,47.52
b580,1b,4w,cand,sarc_linear_q4gsw_coopmat_t128x128k16g44s16m8fli_texture3d_texture2d_half,2048,8192,2048,1.4373,47.812
b580,1b,4w,cand,sarc_linear_q4gsw_coopmat_t128x128k16g44s16m8fli_texture3d_texture2d_half,2048,2048,8192,2.2173,30.992
b580,1b,4w,cand,sarc_linear_q4gsw_coopmat_t128x128k16g44s16m8fli_texture3d_texture2d_half,2048,2048,2048,0.4114,41.757
b580,1b,4w,cand,sarc_linear_q4gsw_coopmat_t128x128k16g44s16m8fli_texture3d_texture2d_half,2048,512,2048,0.1413,30.388
b580,1b,4w,cand,sarc_linear_q4gsw_coopmat_t128x128k16g44s16m8fli_texture3d_texture2d_half,2048,512,2048,0.1293,33.224
b580,1b,4w,cand,sarc_linear_q4gsw_coopmat_t128x128k16g44s16m8fli_texture3d_texture2d_half,2048,2048,2048,0.3896,44.092
b580,1b,4w,cand,sarc_linear_q4gsw_coopmat_t128x128k16g44s16m8fli_texture3d_texture2d_half,2048,8192,2048,1.4946,45.979
b580,1b,4w,cand,sarc_linear_q4gsw_coopmat_t128x128k16g44s16m8fli_texture3d_texture2d_half,2048,8192,2048,1.4554,47.216
b580,1b,4w,cand,sarc_linear_q4gsw_coopmat_t128x128k16g44s16m8fli_texture3d_texture2d_half,2048,2048,8192,1.5875,43.288
b580,1b,4w,cand,sarc_linear_q4gsw_coopmat_t128x128k16g44s16m8fli_texture3d_texture2d_half,2048,2048,2048,0.392,43.829
b580,1b,4w,cand,sarc_linear_q4gsw_coopmat_t128x128k16g44s16m8fli_texture3d_texture2d_half,2048,512,2048,0.14,30.682
b580,1b,4w,cand,sarc_linear_q4gsw_coopmat_t128x128k16g44s16m8fli_texture3d_texture2d_half,2048,512,2048,0.1304,32.946
b580,1b,4w,cand,sarc_linear_q4gsw_coopmat_t128x128k16g44s16m8fli_texture3d_texture2d_half,2048,2048,2048,0.3919,43.835
b580,1b,4w,cand,sarc_linear_q4gsw_coopmat_t128x128k16g44s16m8fli_texture3d_texture2d_half,2048,8192,2048,1.4612,47.029
b580,1b,4w,cand,sarc_linear_q4gsw_coopmat_t128x128k16g44s16m8fli_texture3d_texture2d_half,2048,8192,2048,1.434,47.921
b580,1b,4w,cand,sarc_linear_q4gsw_coopmat_t128x128k16g44s16m8fli_texture3d_texture2d_half,2048,2048,8192,1.5897,43.227
b580,1b,4w,cand,sarc_linear_q4gsw_coopmat_t128x128k16g44s16m8fli_texture3d_texture2d_half,2048,2048,2048,0.3914,43.899
b580,1b,4w,cand,sarc_linear_q4gsw_coopmat_t128x128k16g44s16m8fli_texture3d_texture2d_half,2048,512,2048,0.1372,31.31
b580,1b,4w,cand,sarc_linear_q4gsw_coopmat_t128x128k16g44s16m8fli_texture3d_texture2d_half,2048,512,2048,0.1292,33.251
b580,1b,4w,cand,sarc_linear_q4gsw_coopmat_t128x128k16g44s16m8fli_texture3d_texture2d_half,2048,2048,2048,0.3905,43.998
b580,1b,4w,cand,sarc_linear_q4gsw_coopmat_t128x128k16g44s16m8fli_texture3d_texture2d_half,2048,8192,2048,1.4614,47.023
b580,1b,4w,cand,sarc_linear_q4gsw_coopmat_t128x128k16g44s16m8fli_texture3d_texture2d_half,2048,8192,2048,1.4596,47.081
b580,1b,4w,cand,sarc_linear_q4gsw_coopmat_t128x128k16g44s16m8fli_texture3d_texture2d_half,2048,2048,8192,1.8442,37.263
b580,1b,4w,cand,sarc_linear_q4gsw_coopmat_t128x128k16g44s16m8fli_texture3d_texture2d_half,2048,2048,2048,0.3956,43.426
b580,1b,4w,cand,sarc_linear_q4gsw_coopmat_t128x128k16g44s16m8fli_texture3d_texture2d_half,2048,512,2048,0.1408,30.512
b580,1b,4w,cand,sarc_linear_q4gsw_coopmat_t128x128k16g44s16m8fli_texture3d_texture2d_half,2048,512,2048,0.1296,33.131
b580,1b,4w,cand,sarc_linear_q4gsw_coopmat_t128x128k16g44s16m8fli_texture3d_texture2d_half,2048,2048,2048,0.3933,43.678
b580,1b,4w,cand,sarc_linear_q4gsw_coopmat_t128x128k16g44s16m8fli_texture3d_texture2d_half,2048,8192,2048,1.5009,45.786
b580,1b,4w,cand,sarc_linear_q4gsw_coopmat_t128x128k16g44s16m8fli_texture3d_texture2d_half,2048,8192,2048,1.4981,45.872
b580,1b,4w,cand,sarc_linear_q4gsw_coopmat_t128x128k16g44s16m8fli_texture3d_texture2d_half,2048,2048,8192,1.5934,43.128
b580,1b,4w,cand,sarc_linear_q4gsw_coopmat_t128x128k16g44s16m8fli_texture3d_texture2d_half,2048,2048,2048,0.3906,43.986
b580,1b,4w,cand,sarc_linear_q4gsw_coopmat_t128x128k16g44s16m8fli_texture3d_texture2d_half,2048,512,2048,0.1409,30.478
b580,1b,4w,cand,sarc_linear_q4gsw_coopmat_t128x128k16g44s16m8fli_texture3d_texture2d_half,2048,512,2048,0.1299,33.051
b580,1b,4w,cand,sarc_linear_q4gsw_coopmat_t128x128k16g44s16m8fli_texture3d_texture2d_half,2048,2048,2048,0.3918,43.846
b580,1b,4w,cand,sarc_linear_q4gsw_coopmat_t128x128k16g44s16m8fli_texture3d_texture2d_half,2048,8192,2048,1.4486,47.438
b580,1b,4w,cand,sarc_linear_q4gsw_coopmat_t128x128k16g44s16m8fli_texture3d_texture2d_half,2048,8192,2048,1.4572,47.157
b580,1b,4w,cand,sarc_linear_q4gsw_coopmat_t128x128k16g44s16m8fli_texture3d_texture2d_half,2048,2048,8192,1.5947,43.093
b580,1b,4w,cand,sarc_linear_q4gsw_coopmat_t128x128k16g44s16m8fli_texture3d_texture2d_half,2048,2048,2048,0.3919,43.841
b580,1b,4w,cand,sarc_linear_q4gsw_coopmat_t128x128k16g44s16m8fli_texture3d_texture2d_half,2048,512,2048,0.1577,27.241
b580,1b,4w,cand,sarc_linear_q4gsw_coopmat_t128x128k16g44s16m8fli_texture3d_texture2d_half,2048,512,2048,0.1296,33.144
b580,1b,4w,cand,sarc_linear_q4gsw_coopmat_t128x128k16g44s16m8fli_texture3d_texture2d_half,2048,2048,2048,0.3934,43.672
b580,1b,4w,cand,sarc_linear_q4gsw_coopmat_t128x128k16g44s16m8fli_texture3d_texture2d_half,2048,8192,2048,1.4426,47.635
b580,1b,4w,cand,sarc_linear_q4gsw_coopmat_t128x128k16g44s16m8fli_texture3d_texture2d_half,2048,8192,2048,1.4405,47.707
b580,1b,4w,cand,sarc_linear_q4gsw_coopmat_t128x128k16g44s16m8fli_texture3d_texture2d_half,2048,2048,8192,1.5933,43.131
b580,1b,4w,cand,sarc_linear_q4gsw_coopmat_t128x128k16g44s16m8fli_texture3d_texture2d_half,2048,2048,2048,0.4127,41.631
b580,1b,4w,cand,sarc_linear_q4gsw_coopmat_t128x128k16g44s16m8fli_texture3d_texture2d_half,2048,512,2048,0.1421,30.233
b580,1b,4w,cand,sarc_linear_q4gsw_coopmat_t128x128k16g44s16m8fli_texture3d_texture2d_half,2048,512,2048,0.1299,33.051
b580,1b,4w,cand,sarc_linear_q4gsw_coopmat_t128x128k16g44s16m8fli_texture3d_texture2d_half,2048,2048,2048,0.4097,41.932
b580,1b,4w,cand,sarc_linear_q4gsw_coopmat_t128x128k16g44s16m8fli_texture3d_texture2d_half,2048,8192,2048,1.452,47.328
b580,1b,4w,cand,sarc_linear_q4gsw_coopmat_t128x128k16g44s16m8fli_texture3d_texture2d_half,2048,8192,2048,1.4456,47.537
b580,1b,4w,cand,sarc_linear_q4gsw_coopmat_t128x128k16g44s16m8fli_texture3d_texture2d_half,2048,2048,8192,1.5987,42.984
b580,1b,4w,cand,sarc_linear_q4gsw_coopmat_t128x128k16g44s16m8fli_texture3d_texture2d_half,2048,2048,2048,0.3913,43.905
b580,1b,4w,cand,sarc_linear_q4gsw_coopmat_t128x128k16g44s16m8fli_texture3d_texture2d_half,2048,512,2048,0.1407,30.523
b580,1b,4w,cand,sarc_linear_q4gsw_coopmat_t128x128k16g44s16m8fli_texture3d_texture2d_half,2048,512,2048,0.1298,33.091
b580,1b,4w,cand,sarc_linear_q4gsw_coopmat_t128x128k16g44s16m8fli_texture3d_texture2d_half,2048,2048,2048,0.395,43.488
b580,1b,4w,cand,sarc_linear_q4gsw_coopmat_t128x128k16g44s16m8fli_texture3d_texture2d_half,2048,8192,2048,2.3483,29.263
b580,1b,4w,cand,sarc_linear_q4gsw_coopmat_t128x128k16g44s16m8fli_texture3d_texture2d_half,2048,8192,2048,2.2898,30.012
b580,1b,4w,cand,sarc_linear_q4gsw_coopmat_t128x128k16g44s16m8fli_texture3d_texture2d_half,2048,2048,8192,1.9401,35.42
b580,1b,4w,cand,sarc_linear_q4gsw_coopmat_t128x128k16g44s16m8fli_texture3d_texture2d_half,2048,2048,2048,0.3956,43.431
b580,1b,4w,cand,sarc_linear_q4gsw_coopmat_t128x128k16g44s16m8fli_texture3d_texture2d_half,2048,512,2048,0.1607,26.721
b580,1b,4w,cand,sarc_linear_q4gsw_coopmat_t128x128k16g44s16m8fli_texture3d_texture2d_half,2048,512,2048,0.1308,32.828
b580,1b,4w,cand,sarc_linear_q4gsw_coopmat_t128x128k16g44s16m8fli_texture3d_texture2d_half,2048,2048,2048,0.3931,43.701
b580,1b,4w,cand,sarc_linear_q4gsw_coopmat_t128x128k16g44s16m8fli_texture3d_texture2d_half,2048,8192,2048,1.9866,34.591
b580,1b,4w,cand,sarc_linear_q4gsw_coopmat_t128x128k16g44s16m8fli_texture3d_texture2d_half,2048,8192,2048,1.54,44.622
b580,1b,4w,cand,sarc_linear_q4gsw_coopmat_t128x128k16g44s16m8fli_texture3d_texture2d_half,2048,2048,8192,1.5845,43.369
b580,1b,4w,parent,sarc_linear_q4gsw_coopmat_t128x128k16g44s16m8fli_texture3d_texture2d_half,2048,2048,2048,0.4101,41.889
b580,1b,4w,parent,sarc_linear_q4gsw_coopmat_t128x128k16g44s16m8fli_texture3d_texture2d_half,2048,512,2048,0.1398,30.728
b580,1b,4w,parent,sarc_linear_q4gsw_coopmat_t128x128k16g44s16m8fli_texture3d_texture2d_half,2048,512,2048,0.129,33.305
b580,1b,4w,parent,sarc_linear_q4gsw_coopmat_t128x128k16g44s16m8fli_texture3d_texture2d_half,2048,2048,2048,0.3931,43.701
b580,1b,4w,parent,sarc_linear_q4gsw_coopmat_t128x128k16g44s16m8fli_texture3d_texture2d_half,2048,8192,2048,1.4381,47.786
b580,1b,4w,parent,sarc_linear_q4gsw_coopmat_t128x128k16g44s16m8fli_texture3d_texture2d_half,2048,8192,2048,1.4419,47.66
b580,1b,4w,parent,sarc_linear_q4gsw_coopmat_t128x128k16g44s16m8fli_texture3d_texture2d_half,2048,2048,8192,1.5761,43.6
b580,1b,4w,parent,sarc_linear_q4gsw_coopmat_t128x128k16g44s16m8fli_texture3d_texture2d_half,2048,2048,2048,0.3921,43.811
b580,1b,4w,parent,sarc_linear_q4gsw_coopmat_t128x128k16g44s16m8fli_texture3d_texture2d_half,2048,512,2048,0.1403,30.602
b580,1b,4w,parent,sarc_linear_q4gsw_coopmat_t128x128k16g44s16m8fli_texture3d_texture2d_half,2048,512,2048,0.1292,33.238
b580,1b,4w,parent,sarc_linear_q4gsw_coopmat_t128x128k16g44s16m8fli_texture3d_texture2d_half,2048,2048,2048,0.4365,39.359
b580,1b,4w,parent,sarc_linear_q4gsw_coopmat_t128x128k16g44s16m8fli_texture3d_texture2d_half,2048,8192,2048,1.4399,47.726
b580,1b,4w,parent,sarc_linear_q4gsw_coopmat_t128x128k16g44s16m8fli_texture3d_texture2d_half,2048,8192,2048,1.4545,47.245
b580,1b,4w,parent,sarc_linear_q4gsw_coopmat_t128x128k16g44s16m8fli_texture3d_texture2d_half,2048,2048,8192,1.5608,44.029
b580,1b,4w,parent,sarc_linear_q4gsw_coopmat_t128x128k16g44s16m8fli_texture3d_texture2d_half,2048,2048,2048,0.3901,44.039
b580,1b,4w,parent,sarc_linear_q4gsw_coopmat_t128x128k16g44s16m8fli_texture3d_texture2d_half,2048,512,2048,0.1403,30.614
b580,1b,4w,parent,sarc_linear_q4gsw_coopmat_t128x128k16g44s16m8fli_texture3d_texture2d_half,2048,512,2048,0.1293,33.211
b580,1b,4w,parent,sarc_linear_q4gsw_coopmat_t128x128k16g44s16m8fli_texture3d_texture2d_half,2048,2048,2048,0.3915,43.887
b580,1b,4w,parent,sarc_linear_q4gsw_coopmat_t128x128k16g44s16m8fli_texture3d_texture2d_half,2048,8192,2048,1.8253,37.649
b580,1b,4w,parent,sarc_linear_q4gsw_coopmat_t128x128k16g44s16m8fli_texture3d_texture2d_half,2048,8192,2048,2.4869,27.633
b580,1b,4w,parent,sarc_linear_q4gsw_coopmat_t128x128k16g44s16m8fli_texture3d_texture2d_half,2048,2048,8192,1.5983,42.995
b580,1b,4w,parent,sarc_linear_q4gsw_coopmat_t128x128k16g44s16m8fli_texture3d_texture2d_half,2048,2048,2048,0.434,39.586
b580,1b,4w,parent,sarc_linear_q4gsw_coopmat_t128x128k16g44s16m8fli_texture3d_texture2d_half,2048,512,2048,0.1388,30.935
b580,1b,4w,parent,sarc_linear_q4gsw_coopmat_t128x128k16g44s16m8fli_texture3d_texture2d_half,2048,512,2048,0.1297,33.118
b580,1b,4w,parent,sarc_linear_q4gsw_coopmat_t128x128k16g44s16m8fli_texture3d_texture2d_half,2048,2048,2048,0.392,43.823
b580,1b,4w,parent,sarc_linear_q4gsw_coopmat_t128x128k16g44s16m8fli_texture3d_texture2d_half,2048,8192,2048,1.4976,45.886
b580,1b,4w,parent,sarc_linear_q4gsw_coopmat_t128x128k16g44s16m8fli_texture3d_texture2d_half,2048,8192,2048,1.4473,47.482
b580,1b,4w,parent,sarc_linear_q4gsw_coopmat_t128x128k16g44s16m8fli_texture3d_texture2d_half,2048,2048,8192,1.5683,43.817
b580,1b,4w,parent,sarc_linear_q4gsw_coopmat_t128x128k16g44s16m8fli_texture3d_texture2d_half,2048,2048,2048,0.3896,44.098
b580,1b,4w,parent,sarc_linear_q4gsw_coopmat_t128x128k16g44s16m8fli_texture3d_texture2d_half,2048,512,2048,0.1691,25.398
b580,1b,4w,parent,sarc_linear_q4gsw_coopmat_t128x128k16g44s16m8fli_texture3d_texture2d_half,2048,512,2048,0.1307,32.867
b580,1b,4w,parent,sarc_linear_q4gsw_coopmat_t128x128k16g44s16m8fli_texture3d_texture2d_half,2048,2048,2048,0.3911,43.922
b580,1b,4w,parent,sarc_linear_q4gsw_coopmat_t128x128k16g44s16m8fli_texture3d_texture2d_half,2048,8192,2048,1.4386,47.767
b580,1b,4w,parent,sarc_linear_q4gsw_coopmat_t128x128k16g44s16m8fli_texture3d_texture2d_half,2048,8192,2048,1.4304,48.043
b580,1b,4w,parent,sarc_linear_q4gsw_coopmat_t128x128k16g44s16m8fli_texture3d_texture2d_half,2048,2048,8192,1.5815,43.451
b580,1b,4w,parent,sarc_linear_q4gsw_coopmat_t128x128k16g44s16m8fli_texture3d_texture2d_half,2048,2048,2048,0.3921,43.817
b580,1b,4w,parent,sarc_linear_q4gsw_coopmat_t128x128k16g44s16m8fli_texture3d_texture2d_half,2048,512,2048,0.1405,30.58
b580,1b,4w,parent,sarc_linear_q4gsw_coopmat_t128x128k16g44s16m8fli_texture3d_texture2d_half,2048,512,2048,0.1303,32.959
b580,1b,4w,parent,sarc_linear_q4gsw_coopmat_t128x128k16g44s16m8fli_texture3d_texture2d_half,2048,2048,2048,0.3929,43.73
b580,1b,4w,parent,sarc_linear_q4gsw_coopmat_t128x128k16g44s16m8fli_texture3d_texture2d_half,2048,8192,2048,1.4649,46.909
b580,1b,4w,parent,sarc_linear_q4gsw_coopmat_t128x128k16g44s16m8fli_texture3d_texture2d_half,2048,8192,2048,1.4356,47.868
b580,1b,4w,parent,sarc_linear_q4gsw_coopmat_t128x128k16g44s16m8fli_texture3d_texture2d_half,2048,2048,8192,1.5867,43.309
b580,1b,4w,parent,sarc_linear_q4gsw_coopmat_t128x128k16g44s16m8fli_texture3d_texture2d_half,2048,2048,2048,0.4118,41.72
b580,1b,4w,parent,sarc_linear_q4gsw_coopmat_t128x128k16g44s16m8fli_texture3d_texture2d_half,2048,512,2048,0.1395,30.796
b580,1b,4w,parent,sarc_linear_q4gsw_coopmat_t128x128k16g44s16m8fli_texture3d_texture2d_half,2048,512,2048,0.1286,33.399
b580,1b,4w,parent,sarc_linear_q4gsw_coopmat_t128x128k16g44s16m8fli_texture3d_texture2d_half,2048,2048,2048,0.4105,41.852
b580,1b,4w,parent,sarc_linear_q4gsw_coopmat_t128x128k16g44s16m8fli_texture3d_texture2d_half,2048,8192,2048,1.4578,47.14
b580,1b,4w,parent,sarc_linear_q4gsw_coopmat_t128x128k16g44s16m8fli_texture3d_texture2d_half,2048,8192,2048,1.4897,46.128
b580,1b,4w,parent,sarc_linear_q4gsw_coopmat_t128x128k16g44s16m8fli_texture3d_texture2d_half,2048,2048,8192,1.6049,42.818
b580,1b,4w,parent,sarc_linear_q4gsw_coopmat_t128x128k16g44s16m8fli_texture3d_texture2d_half,2048,2048,2048,0.3921,43.811
b580,1b,4w,parent,sarc_linear_q4gsw_coopmat_t128x128k16g44s16m8fli_texture3d_texture2d_half,2048,512,2048,0.1405,30.58
b580,1b,4w,parent,sarc_linear_q4gsw_coopmat_t128x128k16g44s16m8fli_texture3d_texture2d_half,2048,512,2048,0.1293,33.224
b580,1b,4w,parent,sarc_linear_q4gsw_coopmat_t128x128k16g44s16m8fli_texture3d_texture2d_half,2048,2048,2048,0.3897,44.08
b580,1b,4w,parent,sarc_linear_q4gsw_coopmat_t128x128k16g44s16m8fli_texture3d_texture2d_half,2048,8192,2048,1.4613,47.026
b580,1b,4w,parent,sarc_linear_q4gsw_coopmat_t128x128k16g44s16m8fli_texture3d_texture2d_half,2048,8192,2048,1.436,47.854
b580,1b,4w,parent,sarc_linear_q4gsw_coopmat_t128x128k16g44s16m8fli_texture3d_texture2d_half,2048,2048,8192,1.5736,43.67
b580,1b,4w,parent,sarc_linear_q4gsw_coopmat_t128x128k16g44s16m8fli_texture3d_texture2d_half,2048,2048,2048,0.3943,43.575
b580,1b,4w,parent,sarc_linear_q4gsw_coopmat_t128x128k16g44s16m8fli_texture3d_texture2d_half,2048,512,2048,0.1405,30.58
b580,1b,4w,parent,sarc_linear_q4gsw_coopmat_t128x128k16g44s16m8fli_texture3d_texture2d_half,2048,512,2048,0.1305,32.907
b580,1b,4w,parent,sarc_linear_q4gsw_coopmat_t128x128k16g44s16m8fli_texture3d_texture2d_half,2048,2048,2048,0.3912,43.91
b580,1b,4w,parent,sarc_linear_q4gsw_coopmat_t128x128k16g44s16m8fli_texture3d_texture2d_half,2048,8192,2048,1.4478,47.465
b580,1b,4w,parent,sarc_linear_q4gsw_coopmat_t128x128k16g44s16m8fli_texture3d_texture2d_half,2048,8192,2048,1.4411,47.685
b580,1b,4w,parent,sarc_linear_q4gsw_coopmat_t128x128k16g44s16m8fli_texture3d_texture2d_half,2048,2048,8192,1.5989,42.978
b580,1b,4w,parent,sarc_linear_q4gsw_coopmat_t128x128k16g44s16m8fli_texture3d_texture2d_half,2048,2048,2048,0.3918,43.852
b580,1b,4w,parent,sarc_linear_q4gsw_coopmat_t128x128k16g44s16m8fli_texture3d_texture2d_half,2048,512,2048,0.1386,30.981
b580,1b,4w,parent,sarc_linear_q4gsw_coopmat_t128x128k16g44s16m8fli_texture3d_texture2d_half,2048,512,2048,0.1309,32.815
b580,1b,4w,parent,sarc_linear_q4gsw_coopmat_t128x128k16g44s16m8fli_texture3d_texture2d_half,2048,2048,2048,0.3938,43.626
b580,1b,4w,parent,sarc_linear_q4gsw_coopmat_t128x128k16g44s16m8fli_texture3d_texture2d_half,2048,8192,2048,1.4409,47.693
b580,1b,4w,parent,sarc_linear_q4gsw_coopmat_t128x128k16g44s16m8fli_texture3d_texture2d_half,2048,8192,2048,1.4375,47.805
b580,1b,4w,parent,sarc_linear_q4gsw_coopmat_t128x128k16g44s16m8fli_texture3d_texture2d_half,2048,2048,8192,1.5724,43.703
b580,1b,4w,parent,sarc_linear_q4gsw_coopmat_t128x128k16g44s16m8fli_texture3d_texture2d_half,2048,2048,2048,0.5115,33.586
b580,1b,4w,parent,sarc_linear_q4gsw_coopmat_t128x128k16g44s16m8fli_texture3d_texture2d_half,2048,512,2048,0.1406,30.557
b580,1b,4w,parent,sarc_linear_q4gsw_coopmat_t128x128k16g44s16m8fli_texture3d_texture2d_half,2048,512,2048,0.1291,33.264
b580,1b,4w,parent,sarc_linear_q4gsw_coopmat_t128x128k16g44s16m8fli_texture3d_texture2d_half,2048,2048,2048,0.3936,43.649
b580,1b,4w,parent,sarc_linear_q4gsw_coopmat_t128x128k16g44s16m8fli_texture3d_texture2d_half,2048,8192,2048,1.5084,45.559
b580,1b,4w,parent,sarc_linear_q4gsw_coopmat_t128x128k16g44s16m8fli_texture3d_texture2d_half,2048,8192,2048,1.5062,45.623
b580,1b,4w,parent,sarc_linear_q4gsw_coopmat_t128x128k16g44s16m8fli_texture3d_texture2d_half,2048,2048,8192,1.5985,42.989
b580,1b,4w,parent,sarc_linear_q4gsw_coopmat_t128x128k16g44s16m8fli_texture3d_texture2d_half,2048,2048,2048,0.3928,43.742
b580,1b,4w,parent,sarc_linear_q4gsw_coopmat_t128x128k16g44s16m8fli_texture3d_texture2d_half,2048,512,2048,0.1876,22.899
b580,1b,4w,parent,sarc_linear_q4gsw_coopmat_t128x128k16g44s16m8fli_texture3d_texture2d_half,2048,512,2048,0.1356,31.67
b580,1b,4w,parent,sarc_linear_q4gsw_coopmat_t128x128k16g44s16m8fli_texture3d_texture2d_half,2048,2048,2048,0.3917,43.858
b580,1b,4w,parent,sarc_linear_q4gsw_coopmat_t128x128k16g44s16m8fli_texture3d_texture2d_half,2048,8192,2048,1.4632,46.966
b580,1b,4w,parent,sarc_linear_q4gsw_coopmat_t128x128k16g44s16m8fli_texture3d_texture2d_half,2048,8192,2048,1.4402,47.714
b580,1b,4w,parent,sarc_linear_q4gsw_coopmat_t128x128k16g44s16m8fli_texture3d_texture2d_half,2048,2048,8192,1.5693,43.79
b580,1b,4w,parent,sarc_linear_q4gsw_coopmat_t128x128k16g44s16m8fli_texture3d_texture2d_half,2048,2048,2048,0.4119,41.704
b580,1b,4w,parent,sarc_linear_q4gsw_coopmat_t128x128k16g44s16m8fli_texture3d_texture2d_half,2048,512,2048,0.1392,30.865
b580,1b,4w,parent,sarc_linear_q4gsw_coopmat_t128x128k16g44s16m8fli_texture3d_texture2d_half,2048,512,2048,0.1302,32.999
b580,1b,4w,parent,sarc_linear_q4gsw_coopmat_t128x128k16g44s16m8fli_texture3d_texture2d_half,2048,2048,2048,0.6458,26.601
b580,1b,4w,parent,sarc_linear_q4gsw_coopmat_t128x128k16g44s16m8fli_texture3d_texture2d_half,2048,8192,2048,1.6169,42.501
b580,1b,4w,parent,sarc_linear_q4gsw_coopmat_t128x128k16g44s16m8fli_texture3d_texture2d_half,2048,8192,2048,1.9567,35.121
b580,1b,4w,parent,sarc_linear_q4gsw_coopmat_t128x128k16g44s16m8fli_texture3d_texture2d_half,2048,2048,8192,1.6067,42.771
b580,1b,4w,parent,sarc_linear_q4gsw_coopmat_t128x128k16g44s16m8fli_texture3d_texture2d_half,2048,2048,2048,0.3946,43.534
b580,1b,4w,parent,sarc_linear_q4gsw_coopmat_t128x128k16g44s16m8fli_texture3d_texture2d_half,2048,512,2048,0.1574,27.286
b580,1b,4w,parent,sarc_linear_q4gsw_coopmat_t128x128k16g44s16m8fli_texture3d_texture2d_half,2048,512,2048,0.1299,33.065
b580,1b,4w,parent,sarc_linear_q4gsw_coopmat_t128x128k16g44s16m8fli_texture3d_texture2d_half,2048,2048,2048,0.3941,43.598
b580,1b,4w,parent,sarc_linear_q4gsw_coopmat_t128x128k16g44s16m8fli_texture3d_texture2d_half,2048,8192,2048,1.4573,47.155
b580,1b,4w,parent,sarc_linear_q4gsw_coopmat_t128x128k16g44s16m8fli_texture3d_texture2d_half,2048,8192,2048,1.4401,47.717
b580,1b,4w,parent,sarc_linear_q4gsw_coopmat_t128x128k16g44s16m8fli_texture3d_texture2d_half,2048,2048,8192,1.5725,43.7
b580,1b,4w,parent,sarc_linear_q4gsw_coopmat_t128x128k16g44s16m8fli_texture3d_texture2d_half,2048,2048,2048,0.4126,41.641
b580,1b,4w,parent,sarc_linear_q4gsw_coopmat_t128x128k16g44s16m8fli_texture3d_texture2d_half,2048,512,2048,0.1406,30.546
b580,1b,4w,parent,sarc_linear_q4gsw_coopmat_t128x128k16g44s16m8fli_texture3d_texture2d_half,2048,512,2048,0.1302,32.999
b580,1b,4w,parent,sarc_linear_q4gsw_coopmat_t128x128k16g44s16m8fli_texture3d_texture2d_half,2048,2048,2048,0.4128,41.615
b580,1b,4w,parent,sarc_linear_q4gsw_coopmat_t128x128k16g44s16m8fli_texture3d_texture2d_half,2048,8192,2048,1.5979,43.007
b580,1b,4w,parent,sarc_linear_q4gsw_coopmat_t128x128k16g44s16m8fli_texture3d_texture2d_half,2048,8192,2048,2.2495,30.549
b580,1b,4w,parent,sarc_linear_q4gsw_coopmat_t128x128k16g44s16m8fli_texture3d_texture2d_half,2048,2048,8192,1.8457,37.231
b580,1b,4w,parent,sarc_linear_q4gsw_coopmat_t128x128k16g44s16m8fli_texture3d_texture2d_half,2048,2048,2048,0.8642,19.88
b580,1b,4w,parent,sarc_linear_q4gsw_coopmat_t128x128k16g44s16m8fli_texture3d_texture2d_half,2048,512,2048,0.1389,30.923
b580,1b,4w,parent,sarc_linear_q4gsw_coopmat_t128x128k16g44s16m8fli_texture3d_texture2d_half,2048,512,2048,0.1295,33.171
b580,1b,4w,parent,sarc_linear_q4gsw_coopmat_t128x128k16g44s16m8fli_texture3d_texture2d_half,2048,2048,2048,0.393,43.713
b580,1b,4w,parent,sarc_linear_q4gsw_coopmat_t128x128k16g44s16m8fli_texture3d_texture2d_half,2048,8192,2048,1.5154,45.348
b580,1b,4w,parent,sarc_linear_q4gsw_coopmat_t128x128k16g44s16m8fli_texture3d_texture2d_half,2048,8192,2048,1.4628,46.979
b580,1b,4w,parent,sarc_linear_q4gsw_coopmat_t128x128k16g44s16m8fli_texture3d_texture2d_half,2048,2048,8192,1.6049,42.819
b580,1b,8da4w,cand,sarc_dev_linear_dq8ca_coopmat_zpg_xe2bt_t128x128k64g84s16m8_texture3d_texture2d_half,2048,2048,2048,0.2464,69.73
b580,1b,8da4w,cand,sarc_dev_linear_dq8ca_coopmat_zpg_xe2bt_t128x128k64g84s16m8_texture3d_texture2d_half,2048,512,2048,0.0804,53.391
b580,1b,8da4w,cand,sarc_dev_linear_dq8ca_coopmat_zpg_xe2bt_t128x128k64g84s16m8_texture3d_texture2d_half,2048,512,2048,0.08,53.668
b580,1b,8da4w,cand,sarc_dev_linear_dq8ca_coopmat_zpg_xe2bt_t128x128k64g84s16m8_texture3d_texture2d_half,2048,2048,2048,0.2442,70.354
b580,1b,8da4w,cand,sarc_dev_linear_dq8ca_coopmat_zpg_xe2bt_t128x128k64g84s16m8_texture3d_texture2d_half,2048,8192,2048,1.4415,47.672
b580,1b,8da4w,cand,sarc_dev_linear_dq8ca_coopmat_zpg_xe2bt_t128x128k64g84s16m8_texture3d_texture2d_half,2048,8192,2048,0.9632,71.341
b580,1b,8da4w,cand,sarc_dev_linear_dq8ca_coopmat_zpg_xe2bt_t128x128k64g84s16m8_texture3d_texture2d_half,2048,2048,8192,1.6025,42.883
b580,1b,8da4w,cand,sarc_dev_linear_dq8ca_coopmat_zpg_xe2bt_t128x128k64g84s16m8_texture3d_texture2d_half,2048,2048,2048,0.2503,68.629
b580,1b,8da4w,cand,sarc_dev_linear_dq8ca_coopmat_zpg_xe2bt_t128x128k64g84s16m8_texture3d_texture2d_half,2048,512,2048,0.0814,52.777
b580,1b,8da4w,cand,sarc_dev_linear_dq8ca_coopmat_zpg_xe2bt_t128x128k64g84s16m8_texture3d_texture2d_half,2048,512,2048,0.0801,53.599
b580,1b,8da4w,cand,sarc_dev_linear_dq8ca_coopmat_zpg_xe2bt_t128x128k64g84s16m8_texture3d_texture2d_half,2048,2048,2048,0.2397,71.682
b580,1b,8da4w,cand,sarc_dev_linear_dq8ca_coopmat_zpg_xe2bt_t128x128k64g84s16m8_texture3d_texture2d_half,2048,8192,2048,1.3116,52.392
b580,1b,8da4w,cand,sarc_dev_linear_dq8ca_coopmat_zpg_xe2bt_t128x128k64g84s16m8_texture3d_texture2d_half,2048,8192,2048,1.2789,53.734
b580,1b,8da4w,cand,sarc_dev_linear_dq8ca_coopmat_zpg_xe2bt_t128x128k64g84s16m8_texture3d_texture2d_half,2048,2048,8192,1.2702,54.103
b580,1b,8da4w,cand,sarc_dev_linear_dq8ca_coopmat_zpg_xe2bt_t128x128k64g84s16m8_texture3d_texture2d_half,2048,2048,2048,0.2543,67.549
b580,1b,8da4w,cand,sarc_dev_linear_dq8ca_coopmat_zpg_xe2bt_t128x128k64g84s16m8_texture3d_texture2d_half,2048,512,2048,0.0775,55.396
b580,1b,8da4w,cand,sarc_dev_linear_dq8ca_coopmat_zpg_xe2bt_t128x128k64g84s16m8_texture3d_texture2d_half,2048,512,2048,0.0814,52.777
b580,1b,8da4w,cand,sarc_dev_linear_dq8ca_coopmat_zpg_xe2bt_t128x128k64g84s16m8_texture3d_texture2d_half,2048,2048,2048,0.245,70.115
b580,1b,8da4w,cand,sarc_dev_linear_dq8ca_coopmat_zpg_xe2bt_t128x128k64g84s16m8_texture3d_texture2d_half,2048,8192,2048,1.3964,49.212
b580,1b,8da4w,cand,sarc_dev_linear_dq8ca_coopmat_zpg_xe2bt_t128x128k64g84s16m8_texture3d_texture2d_half,2048,8192,2048,1.0868,63.231
b580,1b,8da4w,cand,sarc_dev_linear_dq8ca_coopmat_zpg_xe2bt_t128x128k64g84s16m8_texture3d_texture2d_half,2048,2048,8192,1.6884,40.7
b580,1b,8da4w,cand,sarc_dev_linear_dq8ca_coopmat_zpg_xe2bt_t128x128k64g84s16m8_texture3d_texture2d_half,2048,2048,2048,0.2451,70.1
b580,1b,8da4w,cand,sarc_dev_linear_dq8ca_coopmat_zpg_xe2bt_t128x128k64g84s16m8_texture3d_texture2d_half,2048,512,2048,0.0813,52.844
b580,1b,8da4w,cand,sarc_dev_linear_dq8ca_coopmat_zpg_xe2bt_t128x128k64g84s16m8_texture3d_texture2d_half,2048,512,2048,0.0812,52.878
b580,1b,8da4w,cand,sarc_dev_linear_dq8ca_coopmat_zpg_xe2bt_t128x128k64g84s16m8_texture3d_texture2d_half,2048,2048,2048,0.2416,71.096
b580,1b,8da4w,cand,sarc_dev_linear_dq8ca_coopmat_zpg_xe2bt_t128x128k64g84s16m8_texture3d_texture2d_half,2048,8192,2048,1.0431,65.879
b580,1b,8da4w,cand,sarc_dev_linear_dq8ca_coopmat_zpg_xe2bt_t128x128k64g84s16m8_texture3d_texture2d_half,2048,8192,2048,0.9286,74.002
b580,1b,8da4w,cand,sarc_dev_linear_dq8ca_coopmat_zpg_xe2bt_t128x128k64g84s16m8_texture3d_texture2d_half,2048,2048,8192,1.2358,55.608
b580,1b,8da4w,cand,sarc_dev_linear_dq8ca_coopmat_zpg_xe2bt_t128x128k64g84s16m8_texture3d_texture2d_half,2048,2048,2048,0.2437,70.489
b580,1b,8da4w,cand,sarc_dev_linear_dq8ca_coopmat_zpg_xe2bt_t128x128k64g84s16m8_texture3d_texture2d_half,2048,512,2048,0.0984,43.632
b580,1b,8da4w,cand,sarc_dev_linear_dq8ca_coopmat_zpg_xe2bt_t128x128k64g84s16m8_texture3d_texture2d_half,2048,512,2048,0.0816,52.609
b580,1b,8da4w,cand,sarc_dev_linear_dq8ca_coopmat_zpg_xe2bt_t128x128k64g84s16m8_texture3d_texture2d_half,2048,2048,2048,0.7593,22.627
b580,1b,8da4w,cand,sarc_dev_linear_dq8ca_coopmat_zpg_xe2bt_t128x128k64g84s16m8_texture3d_texture2d_half,2048,8192,2048,1.0224,67.216
b580,1b,8da4w,cand,sarc_dev_linear_dq8ca_coopmat_zpg_xe2bt_t128x128k64g84s16m8_texture3d_texture2d_half,2048,8192,2048,0.9531,72.1
b580,1b,8da4w,cand,sarc_dev_linear_dq8ca_coopmat_zpg_xe2bt_t128x128k64g84s16m8_texture3d_texture2d_half,2048,2048,8192,1.0713,64.146
b580,1b,8da4w,cand,sarc_dev_linear_dq8ca_coopmat_zpg_xe2bt_t128x128k64g84s16m8_texture3d_texture2d_half,2048,2048,2048,0.244,70.399
b580,1b,8da4w,cand,sarc_dev_linear_dq8ca_coopmat_zpg_xe2bt_t128x128k64g84s16m8_texture3d_texture2d_half,2048,512,2048,0.0873,49.223
b580,1b,8da4w,cand,sarc_dev_linear_dq8ca_coopmat_zpg_xe2bt_t128x128k64g84s16m8_texture3d_texture2d_half,2048,512,2048,0.081,53.014
b580,1b,8da4w,cand,sarc_dev_linear_dq8ca_coopmat_zpg_xe2bt_t128x128k64g84s16m8_texture3d_texture2d_half,2048,2048,2048,0.2549,67.411
b580,1b,8da4w,cand,sarc_dev_linear_dq8ca_coopmat_zpg_xe2bt_t128x128k64g84s16m8_texture3d_texture2d_half,2048,8192,2048,1.0266,66.94
b580,1b,8da4w,cand,sarc_dev_linear_dq8ca_coopmat_zpg_xe2bt_t128x128k64g84s16m8_texture3d_texture2d_half,2048,8192,2048,0.9246,74.327
b580,1b,8da4w,cand,sarc_dev_linear_dq8ca_coopmat_zpg_xe2bt_t128x128k64g84s16m8_texture3d_texture2d_half,2048,2048,8192,1.0616,64.73
b580,1b,8da4w,cand,sarc_dev_linear_dq8ca_coopmat_zpg_xe2bt_t128x128k64g84s16m8_texture3d_texture2d_half,2048,2048,2048,0.2489,69.017
b580,1b,8da4w,cand,sarc_dev_linear_dq8ca_coopmat_zpg_xe2bt_t128x128k64g84s16m8_texture3d_texture2d_half,2048,512,2048,0.082,52.375
b580,1b,8da4w,cand,sarc_dev_linear_dq8ca_coopmat_zpg_xe2bt_t128x128k64g84s16m8_texture3d_texture2d_half,2048,512,2048,0.1042,41.236
b580,1b,8da4w,cand,sarc_dev_linear_dq8ca_coopmat_zpg_xe2bt_t128x128k64g84s16m8_texture3d_texture2d_half,2048,2048,2048,0.2462,69.789
b580,1b,8da4w,cand,sarc_dev_linear_dq8ca_coopmat_zpg_xe2bt_t128x128k64g84s16m8_texture3d_texture2d_half,2048,8192,2048,0.9578,71.748
b580,1b,8da4w,cand,sarc_dev_linear_dq8ca_coopmat_zpg_xe2bt_t128x128k64g84s16m8_texture3d_texture2d_half,2048,8192,2048,1.1324,60.687
b580,1b,8da4w,cand,sarc_dev_linear_dq8ca_coopmat_zpg_xe2bt_t128x128k64g84s16m8_texture3d_texture2d_half,2048,2048,8192,1.6537,41.555
b580,1b,8da4w,cand,sarc_dev_linear_dq8ca_coopmat_zpg_xe2bt_t128x128k64g84s16m8_texture3d_texture2d_half,2048,2048,2048,0.2504,68.601
b580,1b,8da4w,cand,sarc_dev_linear_dq8ca_coopmat_zpg_xe2bt_t128x128k64g84s16m8_texture3d_texture2d_half,2048,512,2048,0.0807,53.253
b580,1b,8da4w,cand,sarc_dev_linear_dq8ca_coopmat_zpg_xe2bt_t128x128k64g84s16m8_texture3d_texture2d_half,2048,512,2048,0.0807,53.253
b580,1b,8da4w,cand,sarc_dev_linear_dq8ca_coopmat_zpg_xe2bt_t128x128k64g84s16m8_texture3d_texture2d_half,2048,2048,2048,0.2458,69.907
b580,1b,8da4w,cand,sarc_dev_linear_dq8ca_coopmat_zpg_xe2bt_t128x128k64g84s16m8_texture3d_texture2d_half,2048,8192,2048,0.9375,73.3
b580,1b,8da4w,cand,sarc_dev_linear_dq8ca_coopmat_zpg_xe2bt_t128x128k64g84s16m8_texture3d_texture2d_half,2048,8192,2048,0.9386,73.215
b580,1b,8da4w,cand,sarc_dev_linear_dq8ca_coopmat_zpg_xe2bt_t128x128k64g84s16m8_texture3d_texture2d_half,2048,2048,8192,1.1021,62.351
b580,1b,8da4w,cand,sarc_dev_linear_dq8ca_coopmat_zpg_xe2bt_t128x128k64g84s16m8_texture3d_texture2d_half,2048,2048,2048,0.2476,69.379
b580,1b,8da4w,cand,sarc_dev_linear_dq8ca_coopmat_zpg_xe2bt_t128x128k64g84s16m8_texture3d_texture2d_half,2048,512,2048,0.0801,53.599
b580,1b,8da4w,cand,sarc_dev_linear_dq8ca_coopmat_zpg_xe2bt_t128x128k64g84s16m8_texture3d_texture2d_half,2048,512,2048,0.0809,53.116
b580,1b,8da4w,cand,sarc_dev_linear_dq8ca_coopmat_zpg_xe2bt_t128x128k64g84s16m8_texture3d_texture2d_half,2048,2048,2048,0.2451,70.085
b580,1b,8da4w,cand,sarc_dev_linear_dq8ca_coopmat_zpg_xe2bt_t128x128k64g84s16m8_texture3d_texture2d_half,2048,8192,2048,0.937,73.337
b580,1b,8da4w,cand,sarc_dev_linear_dq8ca_coopmat_zpg_xe2bt_t128x128k64g84s16m8_texture3d_texture2d_half,2048,8192,2048,1.2257,56.063
b580,1b,8da4w,cand,sarc_dev_linear_dq8ca_coopmat_zpg_xe2bt_t128x128k64g84s16m8_texture3d_texture2d_half,2048,2048,8192,1.3185,52.119
b580,1b,8da4w,cand,sarc_dev_linear_dq8ca_coopmat_zpg_xe2bt_t128x128k64g84s16m8_texture3d_texture2d_half,2048,2048,2048,0.2454,70.011
b580,1b,8da4w,cand,sarc_dev_linear_dq8ca_coopmat_zpg_xe2bt_t128x128k64g84s16m8_texture3d_texture2d_half,2048,512,2048,0.0814,52.777
b580,1b,8da4w,cand,sarc_dev_linear_dq8ca_coopmat_zpg_xe2bt_t128x128k64g84s16m8_texture3d_texture2d_half,2048,512,2048,0.0804,53.425
b580,1b,8da4w,cand,sarc_dev_linear_dq8ca_coopmat_zpg_xe2bt_t128x128k64g84s16m8_texture3d_texture2d_half,2048,2048,2048,0.2376,72.309
b580,1b,8da4w,cand,sarc_dev_linear_dq8ca_coopmat_zpg_xe2bt_t128x128k64g84s16m8_texture3d_texture2d_half,2048,8192,2048,0.9712,70.757
b580,1b,8da4w,cand,sarc_dev_linear_dq8ca_coopmat_zpg_xe2bt_t128x128k64g84s16m8_texture3d_texture2d_half,2048,8192,2048,0.9346,73.524
b580,1b,8da4w,cand,sarc_dev_linear_dq8ca_coopmat_zpg_xe2bt_t128x128k64g84s16m8_texture3d_texture2d_half,2048,2048,8192,1.1061,62.128
b580,1b,8da4w,cand,sarc_dev_linear_dq8ca_coopmat_zpg_xe2bt_t128x128k64g84s16m8_texture3d_texture2d_half,2048,2048,2048,0.2507,68.516
b580,1b,8da4w,cand,sarc_dev_linear_dq8ca_coopmat_zpg_xe2bt_t128x128k64g84s16m8_texture3d_texture2d_half,2048,512,2048,0.0803,53.46
b580,1b,8da4w,cand,sarc_dev_linear_dq8ca_coopmat_zpg_xe2bt_t128x128k64g84s16m8_texture3d_texture2d_half,2048,512,2048,0.0809,53.116
b580,1b,8da4w,cand,sarc_dev_linear_dq8ca_coopmat_zpg_xe2bt_t128x128k64g84s16m8_texture3d_texture2d_half,2048,2048,2048,0.2457,69.922
b580,1b,8da4w,cand,sarc_dev_linear_dq8ca_coopmat_zpg_xe2bt_t128x128k64g84s16m8_texture3d_texture2d_half,2048,8192,2048,0.9493,72.389
b580,1b,8da4w,cand,sarc_dev_linear_dq8ca_coopmat_zpg_xe2bt_t128x128k64g84s16m8_texture3d_texture2d_half,2048,8192,2048,0.9392,73.166
b580,1b,8da4w,cand,sarc_dev_linear_dq8ca_coopmat_zpg_xe2bt_t128x128k64g84s16m8_texture3d_texture2d_half,2048,2048,8192,1.0822,63.498
b580,1b,8da4w,cand,sarc_dev_linear_dq8ca_coopmat_zpg_xe2bt_t128x128k64g84s16m8_texture3d_texture2d_half,2048,2048,2048,0.2445,70.264
b580,1b,8da4w,cand,sarc_dev_linear_dq8ca_coopmat_zpg_xe2bt_t128x128k64g84s16m8_texture3d_texture2d_half,2048,512,2048,0.0783,54.844
b580,1b,8da4w,cand,sarc_dev_linear_dq8ca_coopmat_zpg_xe2bt_t128x128k64g84s16m8_texture3d_texture2d_half,2048,512,2048,0.0802,53.564
b580,1b,8da4w,cand,sarc_dev_linear_dq8ca_coopmat_zpg_xe2bt_t128x128k64g84s16m8_texture3d_texture2d_half,2048,2048,2048,0.2438,70.459
b580,1b,8da4w,cand,sarc_dev_linear_dq8ca_coopmat_zpg_xe2bt_t128x128k64g84s16m8_texture3d_texture2d_half,2048,8192,2048,0.9377,73.288
b580,1b,8da4w,cand,sarc_dev_linear_dq8ca_coopmat_zpg_xe2bt_t128x128k64g84s16m8_texture3d_texture2d_half,2048,8192,2048,1.1625,59.113
b580,1b,8da4w,cand,sarc_dev_linear_dq8ca_coopmat_zpg_xe2bt_t128x128k64g84s16m8_texture3d_texture2d_half,2048,2048,8192,1.0714,64.143
b580,1b,8da4w,cand,sarc_dev_linear_dq8ca_coopmat_zpg_xe2bt_t128x128k64g84s16m8_texture3d_texture2d_half,2048,2048,2048,0.2435,70.564
b580,1b,8da4w,cand,sarc_dev_linear_dq8ca_coopmat_zpg_xe2bt_t128x128k64g84s16m8_texture3d_texture2d_half,2048,512,2048,0.0815,52.709
b580,1b,8da4w,cand,sarc_dev_linear_dq8ca_coopmat_zpg_xe2bt_t128x128k64g84s16m8_texture3d_texture2d_half,2048,512,2048,0.0801,53.633
b580,1b,8da4w,cand,sarc_dev_linear_dq8ca_coopmat_zpg_xe2bt_t128x128k64g84s16m8_texture3d_texture2d_half,2048,2048,2048,0.2452,70.056
b580,1b,8da4w,cand,sarc_dev_linear_dq8ca_coopmat_zpg_xe2bt_t128x128k64g84s16m8_texture3d_texture2d_half,2048,8192,2048,0.9402,73.093
b580,1b,8da4w,cand,sarc_dev_linear_dq8ca_coopmat_zpg_xe2bt_t128x128k64g84s16m8_texture3d_texture2d_half,2048,8192,2048,1.3637,50.392
b580,1b,8da4w,cand,sarc_dev_linear_dq8ca_coopmat_zpg_xe2bt_t128x128k64g84s16m8_texture3d_texture2d_half,2048,2048,8192,1.0627,64.667
b580,1b,8da4w,cand,sarc_dev_linear_dq8ca_coopmat_zpg_xe2bt_t128x128k64g84s16m8_texture3d_texture2d_half,2048,2048,2048,0.2816,61.012
b580,1b,8da4w,cand,sarc_dev_linear_dq8ca_coopmat_zpg_xe2bt_t128x128k64g84s16m8_texture3d_texture2d_half,2048,512,2048,0.0786,54.627
b580,1b,8da4w,cand,sarc_dev_linear_dq8ca_coopmat_zpg_xe2bt_t128x128k64g84s16m8_texture3d_texture2d_half,2048,512,2048,0.0806,53.287
b580,1b,8da4w,cand,sarc_dev_linear_dq8ca_coopmat_zpg_xe2bt_t128x128k64g84s16m8_texture3d_texture2d_half,2048,2048,2048,0.2476,69.393
b580,1b,8da4w,cand,sarc_dev_linear_dq8ca_coopmat_zpg_xe2bt_t128x128k64g84s16m8_texture3d_texture2d_half,2048,8192,2048,0.9394,73.15
b580,1b,8da4w,cand,sarc_dev_linear_dq8ca_coopmat_zpg_xe2bt_t128x128k64g84s16m8_texture3d_texture2d_half,2048,8192,2048,0.9294,73.94
b580,1b,8da4w,cand,sarc_dev_linear_dq8ca_coopmat_zpg_xe2bt_t128x128k64g84s16m8_texture3d_texture2d_half,2048,2048,8192,1.08,63.627
b580,1b,8da4w,cand,sarc_dev_linear_dq8ca_coopmat_zpg_xe2bt_t128x128k64g84s16m8_texture3d_texture2d_half,2048,2048,2048,0.2465,69.701
b580,1b,8da4w,cand,sarc_dev_linear_dq8ca_coopmat_zpg_xe2bt_t128x128k64g84s16m8_texture3d_texture2d_half,2048,512,2048,0.0814,52.777
b580,1b,8da4w,cand,sarc_dev_linear_dq8ca_coopmat_zpg_xe2bt_t128x128k64g84s16m8_texture3d_texture2d_half,2048,512,2048,0.081,53.048
b580,1b,8da4w,cand,sarc_dev_linear_dq8ca_coopmat_zpg_xe2bt_t128x128k64g84s16m8_texture3d_texture2d_half,2048,2048,2048,0.2415,71.126
b580,1b,8da4w,cand,sarc_dev_linear_dq8ca_coopmat_zpg_xe2bt_t128x128k64g84s16m8_texture3d_texture2d_half,2048,8192,2048,0.9395,73.146
b580,1b,8da4w,cand,sarc_dev_linear_dq8ca_coopmat_zpg_xe2bt_t128x128k64g84s16m8_texture3d_texture2d_half,2048,8192,2048,0.9272,74.118
b580,1b,8da4w,cand,sarc_dev_linear_dq8ca_coopmat_zpg_xe2bt_t128x128k64g84s16m8_texture3d_texture2d_half,2048,2048,8192,1.0616,64.733
b580,1b,8da4w,cand,sarc_dev_linear_dq8ca_coopmat_zpg_xe2bt_t128x128k64g84s16m8_texture3d_texture2d_half,2048,2048,2048,0.245,70.13
b580,1b,8da4w,cand,sarc_dev_linear_dq8ca_coopmat_zpg_xe2bt_t128x128k64g84s16m8_texture3d_texture2d_half,2048,512,2048,0.0813,52.81
b580,1b,8da4w,cand,sarc_dev_linear_dq8ca_coopmat_zpg_xe2bt_t128x128k64g84s16m8_texture3d_texture2d_half,2048,512,2048,0.0827,51.914
b580,1b,8da4w,cand,sarc_dev_linear_dq8ca_coopmat_zpg_xe2bt_t128x128k64g84s16m8_texture3d_texture2d_half,2048,2048,2048,0.2489,69.017
b580,1b,8da4w,cand,sarc_dev_linear_dq8ca_coopmat_zpg_xe2bt_t128x128k64g84s16m8_texture3d_texture2d_half,2048,8192,2048,0.9382,73.247
b580,1b,8da4w,cand,sarc_dev_linear_dq8ca_coopmat_zpg_xe2bt_t128x128k64g84s16m8_texture3d_texture2d_half,2048,8192,2048,0.938,73.26
b580,1b,8da4w,cand,sarc_dev_linear_dq8ca_coopmat_zpg_xe2bt_t128x128k64g84s16m8_texture3d_texture2d_half,2048,2048,8192,1.0741,63.978
b580,1b,8da4w,parent,sarc_dev_linear_dq8ca_coopmat_zpg_xe2bt_t128x128k64g84s16m8_texture3d_texture2d_half,2048,2048,2048,0.2798,61.409
b580,1b,8da4w,parent,sarc_dev_linear_dq8ca_coopmat_zpg_xe2bt_t128x128k64g84s16m8_texture3d_texture2d_half,2048,512,2048,0.0858,50.058
b580,1b,8da4w,parent,sarc_dev_linear_dq8ca_coopmat_zpg_xe2bt_t128x128k64g84s16m8_texture3d_texture2d_half,2048,512,2048,0.0877,48.989
b580,1b,8da4w,parent,sarc_dev_linear_dq8ca_coopmat_zpg_xe2bt_t128x128k64g84s16m8_texture3d_texture2d_half,2048,2048,2048,0.2787,61.638
b580,1b,8da4w,parent,sarc_dev_linear_dq8ca_coopmat_zpg_xe2bt_t128x128k64g84s16m8_texture3d_texture2d_half,2048,8192,2048,0.9431,72.868
b580,1b,8da4w,parent,sarc_dev_linear_dq8ca_coopmat_zpg_xe2bt_t128x128k64g84s16m8_texture3d_texture2d_half,2048,8192,2048,0.9517,72.207
b580,1b,8da4w,parent,sarc_dev_linear_dq8ca_coopmat_zpg_xe2bt_t128x128k64g84s16m8_texture3d_texture2d_half,2048,2048,8192,1.0698,64.236
b580,1b,8da4w,parent,sarc_dev_linear_dq8ca_coopmat_zpg_xe2bt_t128x128k64g84s16m8_texture3d_texture2d_half,2048,2048,2048,0.2397,71.682
b580,1b,8da4w,parent,sarc_dev_linear_dq8ca_coopmat_zpg_xe2bt_t128x128k64g84s16m8_texture3d_texture2d_half,2048,512,2048,0.0828,51.882
b580,1b,8da4w,parent,sarc_dev_linear_dq8ca_coopmat_zpg_xe2bt_t128x128k64g84s16m8_texture3d_texture2d_half,2048,512,2048,0.0791,54.303
b580,1b,8da4w,parent,sarc_dev_linear_dq8ca_coopmat_zpg_xe2bt_t128x128k64g84s16m8_texture3d_texture2d_half,2048,2048,2048,0.2453,70.026
b580,1b,8da4w,parent,sarc_dev_linear_dq8ca_coopmat_zpg_xe2bt_t128x128k64g84s16m8_texture3d_texture2d_half,2048,8192,2048,0.9388,73.199
b580,1b,8da4w,parent,sarc_dev_linear_dq8ca_coopmat_zpg_xe2bt_t128x128k64g84s16m8_texture3d_texture2d_half,2048,8192,2048,1.062,64.705
b580,1b,8da4w,parent,sarc_dev_linear_dq8ca_coopmat_zpg_xe2bt_t128x128k64g84s16m8_texture3d_texture2d_half,2048,2048,8192,1.1445,60.045
b580,1b,8da4w,parent,sarc_dev_linear_dq8ca_coopmat_zpg_xe2bt_t128x128k64g84s16m8_texture3d_texture2d_half,2048,2048,2048,0.2466,69.657
b580,1b,8da4w,parent,sarc_dev_linear_dq8ca_coopmat_zpg_xe2bt_t128x128k64g84s16m8_texture3d_texture2d_half,2048,512,2048,0.0805,53.356
b580,1b,8da4w,parent,sarc_dev_linear_dq8ca_coopmat_zpg_xe2bt_t128x128k64g84s16m8_texture3d_texture2d_half,2048,512,2048,0.1132,37.958
b580,1b,8da4w,parent,sarc_dev_linear_dq8ca_coopmat_zpg_xe2bt_t128x128k64g84s16m8_texture3d_texture2d_half,2048,2048,2048,0.2441,70.384
b580,1b,8da4w,parent,sarc_dev_linear_dq8ca_coopmat_zpg_xe2bt_t128x128k64g84s16m8_texture3d_texture2d_half,2048,8192,2048,0.9332,73.639
b580,1b,8da4w,parent,sarc_dev_linear_dq8ca_coopmat_zpg_xe2bt_t128x128k64g84s16m8_texture3d_texture2d_half,2048,8192,2048,0.9722,70.681
b580,1b,8da4w,parent,sarc_dev_linear_dq8ca_coopmat_zpg_xe2bt_t128x128k64g84s16m8_texture3d_texture2d_half,2048,2048,8192,1.0748,63.935
b580,1b,8da4w,parent,sarc_dev_linear_dq8ca_coopmat_zpg_xe2bt_t128x128k64g84s16m8_texture3d_texture2d_half,2048,2048,2048,0.2454,69.996
b580,1b,8da4w,parent,sarc_dev_linear_dq8ca_coopmat_zpg_xe2bt_t128x128k64g84s16m8_texture3d_texture2d_half,2048,512,2048,0.0814,52.777
b580,1b,8da4w,parent,sarc_dev_linear_dq8ca_coopmat_zpg_xe2bt_t128x128k64g84s16m8_texture3d_texture2d_half,2048,512,2048,0.0815,52.676
b580,1b,8da4w,parent,sarc_dev_linear_dq8ca_coopmat_zpg_xe2bt_t128x128k64g84s16m8_texture3d_texture2d_half,2048,2048,2048,0.2466,69.671
b580,1b,8da4w,parent,sarc_dev_linear_dq8ca_coopmat_zpg_xe2bt_t128x128k64g84s16m8_texture3d_texture2d_half,2048,8192,2048,0.9463,72.615
b580,1b,8da4w,parent,sarc_dev_linear_dq8ca_coopmat_zpg_xe2bt_t128x128k64g84s16m8_texture3d_texture2d_half,2048,8192,2048,0.9439,72.803
b580,1b,8da4w,parent,sarc_dev_linear_dq8ca_coopmat_zpg_xe2bt_t128x128k64g84s16m8_texture3d_texture2d_half,2048,2048,8192,1.071,64.164
b580,1b,8da4w,parent,sarc_dev_linear_dq8ca_coopmat_zpg_xe2bt_t128x128k64g84s16m8_texture3d_texture2d_half,2048,2048,2048,0.2429,70.73
b580,1b,8da4w,parent,sarc_dev_linear_dq8ca_coopmat_zpg_xe2bt_t128x128k64g84s16m8_texture3d_texture2d_half,2048,512,2048,0.0822,52.276
b580,1b,8da4w,parent,sarc_dev_linear_dq8ca_coopmat_zpg_xe2bt_t128x128k64g84s16m8_texture3d_texture2d_half,2048,512,2048,0.078,55.064
b580,1b,8da4w,parent,sarc_dev_linear_dq8ca_coopmat_zpg_xe2bt_t128x128k64g84s16m8_texture3d_texture2d_half,2048,2048,2048,0.2458,69.907
b580,1b,8da4w,parent,sarc_dev_linear_dq8ca_coopmat_zpg_xe2bt_t128x128k64g84s16m8_texture3d_texture2d_half,2048,8192,2048,0.9393,73.162
b580,1b,8da4w,parent,sarc_dev_linear_dq8ca_coopmat_zpg_xe2bt_t128x128k64g84s16m8_texture3d_texture2d_half,2048,8192,2048,0.926,74.21
b580,1b,8da4w,parent,sarc_dev_linear_dq8ca_coopmat_zpg_xe2bt_t128x128k64g84s16m8_texture3d_texture2d_half,2048,2048,8192,1.0691,64.28
b580,1b,8da4w,parent,sarc_dev_linear_dq8ca_coopmat_zpg_xe2bt_t128x128k64g84s16m8_texture3d_texture2d_half,2048,2048,2048,0.2419,71.035
b580,1b,8da4w,parent,sarc_dev_linear_dq8ca_coopmat_zpg_xe2bt_t128x128k64g84s16m8_texture3d_texture2d_half,2048,512,2048,0.0808,53.184
b580,1b,8da4w,parent,sarc_dev_linear_dq8ca_coopmat_zpg_xe2bt_t128x128k64g84s16m8_texture3d_texture2d_half,2048,512,2048,0.0807,53.253
b580,1b,8da4w,parent,sarc_dev_linear_dq8ca_coopmat_zpg_xe2bt_t128x128k64g84s16m8_texture3d_texture2d_half,2048,2048,2048,0.2489,69.031
b580,1b,8da4w,parent,sarc_dev_linear_dq8ca_coopmat_zpg_xe2bt_t128x128k64g84s16m8_texture3d_texture2d_half,2048,8192,2048,0.9475,72.528
b580,1b,8da4w,parent,sarc_dev_linear_dq8ca_coopmat_zpg_xe2bt_t128x128k64g84s16m8_texture3d_texture2d_half,2048,8192,2048,0.9335,73.619
b580,1b,8da4w,parent,sarc_dev_linear_dq8ca_coopmat_zpg_xe2bt_t128x128k64g84s16m8_texture3d_texture2d_half,2048,2048,8192,1.0555,65.103
b580,1b,8da4w,parent,sarc_dev_linear_dq8ca_coopmat_zpg_xe2bt_t128x128k64g84s16m8_texture3d_texture2d_half,2048,2048,2048,0.2473,69.481
b580,1b,8da4w,parent,sarc_dev_linear_dq8ca_coopmat_zpg_xe2bt_t128x128k64g84s16m8_texture3d_texture2d_half,2048,512,2048,0.0842,50.985
b580,1b,8da4w,parent,sarc_dev_linear_dq8ca_coopmat_zpg_xe2bt_t128x128k64g84s16m8_texture3d_texture2d_half,2048,512,2048,0.0813,52.844
b580,1b,8da4w,parent,sarc_dev_linear_dq8ca_coopmat_zpg_xe2bt_t128x128k64g84s16m8_texture3d_texture2d_half,2048,2048,2048,0.2429,70.73
b580,1b,8da4w,parent,sarc_dev_linear_dq8ca_coopmat_zpg_xe2bt_t128x128k64g84s16m8_texture3d_texture2d_half,2048,8192,2048,0.9378,73.276
b580,1b,8da4w,parent,sarc_dev_linear_dq8ca_coopmat_zpg_xe2bt_t128x128k64g84s16m8_texture3d_texture2d_half,2048,8192,2048,0.9313,73.791
b580,1b,8da4w,parent,sarc_dev_linear_dq8ca_coopmat_zpg_xe2bt_t128x128k64g84s16m8_texture3d_texture2d_half,2048,2048,8192,1.2793,53.718
b580,1b,8da4w,parent,sarc_dev_linear_dq8ca_coopmat_zpg_xe2bt_t128x128k64g84s16m8_texture3d_texture2d_half,2048,2048,2048,0.2765,62.137
b580,1b,8da4w,parent,sarc_dev_linear_dq8ca_coopmat_zpg_xe2bt_t128x128k64g84s16m8_texture3d_texture2d_half,2048,512,2048,0.0837,51.302
b580,1b,8da4w,parent,sarc_dev_linear_dq8ca_coopmat_zpg_xe2bt_t128x128k64g84s16m8_texture3d_texture2d_half,2048,512,2048,0.0808,53.184
b580,1b,8da4w,parent,sarc_dev_linear_dq8ca_coopmat_zpg_xe2bt_t128x128k64g84s16m8_texture3d_texture2d_half,2048,2048,2048,0.2485,69.147
b580,1b,8da4w,parent,sarc_dev_linear_dq8ca_coopmat_zpg_xe2bt_t128x128k64g84s16m8_texture3d_texture2d_half,2048,8192,2048,0.9413,73.009
b580,1b,8da4w,parent,sarc_dev_linear_dq8ca_coopmat_zpg_xe2bt_t128x128k64g84s16m8_texture3d_texture2d_half,2048,8192,2048,0.943,72.872
b580,1b,8da4w,parent,sarc_dev_linear_dq8ca_coopmat_zpg_xe2bt_t128x128k64g84s16m8_texture3d_texture2d_half,2048,2048,8192,1.0792,63.679
b580,1b,8da4w,parent,sarc_dev_linear_dq8ca_coopmat_zpg_xe2bt_t128x128k64g84s16m8_texture3d_texture2d_half,2048,2048,2048,0.2426,70.821
b580,1b,8da4w,parent,sarc_dev_linear_dq8ca_coopmat_zpg_xe2bt_t128x128k64g84s16m8_texture3d_texture2d_half,2048,512,2048,0.0799,53.773
b580,1b,8da4w,parent,sarc_dev_linear_dq8ca_coopmat_zpg_xe2bt_t128x128k64g84s16m8_texture3d_texture2d_half,2048,512,2048,0.0799,53.773
b580,1b,8da4w,parent,sarc_dev_linear_dq8ca_coopmat_zpg_xe2bt_t128x128k64g84s16m8_texture3d_texture2d_half,2048,2048,2048,0.2432,70.655
b580,1b,8da4w,parent,sarc_dev_linear_dq8ca_coopmat_zpg_xe2bt_t128x128k64g84s16m8_texture3d_texture2d_half,2048,8192,2048,0.938,73.264
b580,1b,8da4w,parent,sarc_dev_linear_dq8ca_coopmat_zpg_xe2bt_t128x128k64g84s16m8_texture3d_texture2d_half,2048,8192,2048,0.9406,73.061
b580,1b,8da4w,parent,sarc_dev_linear_dq8ca_coopmat_zpg_xe2bt_t128x128k64g84s16m8_texture3d_texture2d_half,2048,2048,8192,1.0733,64.024
b580,1b,8da4w,parent,sarc_dev_linear_dq8ca_coopmat_zpg_xe2bt_t128x128k64g84s16m8_texture3d_texture2d_half,2048,2048,2048,0.241,71.28
b580,1b,8da4w,parent,sarc_dev_linear_dq8ca_coopmat_zpg_xe2bt_t128x128k64g84s16m8_texture3d_texture2d_half,2048,512,2048,0.0822,52.276
b580,1b,8da4w,parent,sarc_dev_linear_dq8ca_coopmat_zpg_xe2bt_t128x128k64g84s16m8_texture3d_texture2d_half,2048,512,2048,0.0802,53.564
b580,1b,8da4w,parent,sarc_dev_linear_dq8ca_coopmat_zpg_xe2bt_t128x128k64g84s16m8_texture3d_texture2d_half,2048,2048,2048,0.246,69.848
b580,1b,8da4w,parent,sarc_dev_linear_dq8ca_coopmat_zpg_xe2bt_t128x128k64g84s16m8_texture3d_texture2d_half,2048,8192,2048,1.086,63.279
b580,1b,8da4w,parent,sarc_dev_linear_dq8ca_coopmat_zpg_xe2bt_t128x128k64g84s16m8_texture3d_texture2d_half,2048,8192,2048,1.389,49.475
b580,1b,8da4w,parent,sarc_dev_linear_dq8ca_coopmat_zpg_xe2bt_t128x128k64g84s16m8_texture3d_texture2d_half,2048,2048,8192,1.6004,42.939
b580,1b,8da4w,parent,sarc_dev_linear_dq8ca_coopmat_zpg_xe2bt_t128x128k64g84s16m8_texture3d_texture2d_half,2048,2048,2048,0.2443,70.324
b580,1b,8da4w,parent,sarc_dev_linear_dq8ca_coopmat_zpg_xe2bt_t128x128k64g84s16m8_texture3d_texture2d_half,2048,512,2048,0.0816,52.642
b580,1b,8da4w,parent,sarc_dev_linear_dq8ca_coopmat_zpg_xe2bt_t128x128k64g84s16m8_texture3d_texture2d_half,2048,512,2048,0.081,53.048
b580,1b,8da4w,parent,sarc_dev_linear_dq8ca_coopmat_zpg_xe2bt_t128x128k64g84s16m8_texture3d_texture2d_half,2048,2048,2048,0.2443,70.309
b580,1b,8da4w,parent,sarc_dev_linear_dq8ca_coopmat_zpg_xe2bt_t128x128k64g84s16m8_texture3d_texture2d_half,2048,8192,2048,0.9472,72.552
b580,1b,8da4w,parent,sarc_dev_linear_dq8ca_coopmat_zpg_xe2bt_t128x128k64g84s16m8_texture3d_texture2d_half,2048,8192,2048,1.4166,48.511
b580,1b,8da4w,parent,sarc_dev_linear_dq8ca_coopmat_zpg_xe2bt_t128x128k64g84s16m8_texture3d_texture2d_half,2048,2048,8192,1.075,63.922
b580,1b,8da4w,parent,sarc_dev_linear_dq8ca_coopmat_zpg_xe2bt_t128x128k64g84s16m8_texture3d_texture2d_half,2048,2048,2048,0.2462,69.789
b580,1b,8da4w,parent,sarc_dev_linear_dq8ca_coopmat_zpg_xe2bt_t128x128k64g84s16m8_texture3d_texture2d_half,2048,512,2048,0.0799,53.773
b580,1b,8da4w,parent,sarc_dev_linear_dq8ca_coopmat_zpg_xe2bt_t128x128k64g84s16m8_texture3d_texture2d_half,2048,512,2048,0.0787,54.591
b580,1b,8da4w,parent,sarc_dev_linear_dq8ca_coopmat_zpg_xe2bt_t128x128k64g84s16m8_texture3d_texture2d_half,2048,2048,2048,0.2476,69.379
b580,1b,8da4w,parent,sarc_dev_linear_dq8ca_coopmat_zpg_xe2bt_t128x128k64g84s16m8_texture3d_texture2d_half,2048,8192,2048,0.9918,69.288
b580,1b,8da4w,parent,sarc_dev_linear_dq8ca_coopmat_zpg_xe2bt_t128x128k64g84s16m8_texture3d_texture2d_half,2048,8192,2048,0.9355,73.459
b580,1b,8da4w,parent,sarc_dev_linear_dq8ca_coopmat_zpg_xe2bt_t128x128k64g84s16m8_texture3d_texture2d_half,2048,2048,8192,1.0686,64.308
b580,1b,8da4w,parent,sarc_dev_linear_dq8ca_coopmat_zpg_xe2bt_t128x128k64g84s16m8_texture3d_texture2d_half,2048,2048,2048,0.2467,69.627
b580,1b,8da4w,parent,sarc_dev_linear_dq8ca_coopmat_zpg_xe2bt_t128x128k64g84s16m8_texture3d_texture2d_half,2048,512,2048,0.0812,52.912
b580,1b,8da4w,parent,sarc_dev_linear_dq8ca_coopmat_zpg_xe2bt_t128x128k64g84s16m8_texture3d_texture2d_half,2048,512,2048,0.0798,53.843
b580,1b,8da4w,parent,sarc_dev_linear_dq8ca_coopmat_zpg_xe2bt_t128x128k64g84s16m8_texture3d_texture2d_half,2048,2048,2048,0.2484,69.175
b580,1b,8da4w,parent,sarc_dev_linear_dq8ca_coopmat_zpg_xe2bt_t128x128k64g84s16m8_texture3d_texture2d_half,2048,8192,2048,0.9325,73.693
b580,1b,8da4w,parent,sarc_dev_linear_dq8ca_coopmat_zpg_xe2bt_t128x128k64g84s16m8_texture3d_texture2d_half,2048,8192,2048,0.9311,73.808
b580,1b,8da4w,parent,sarc_dev_linear_dq8ca_coopmat_zpg_xe2bt_t128x128k64g84s16m8_texture3d_texture2d_half,2048,2048,8192,1.0755,63.894
b580,1b,8da4w,parent,sarc_dev_linear_dq8ca_coopmat_zpg_xe2bt_t128x128k64g84s16m8_texture3d_texture2d_half,2048,2048,2048,0.245,70.13
b580,1b,8da4w,parent,sarc_dev_linear_dq8ca_coopmat_zpg_xe2bt_t128x128k64g84s16m8_texture3d_texture2d_half,2048,512,2048,0.0798,53.843
b580,1b,8da4w,parent,sarc_dev_linear_dq8ca_coopmat_zpg_xe2bt_t128x128k64g84s16m8_texture3d_texture2d_half,2048,512,2048,0.0811,52.946
b580,1b,8da4w,parent,sarc_dev_linear_dq8ca_coopmat_zpg_xe2bt_t128x128k64g84s16m8_texture3d_texture2d_half,2048,2048,2048,0.2518,68.218
b580,1b,8da4w,parent,sarc_dev_linear_dq8ca_coopmat_zpg_xe2bt_t128x128k64g84s16m8_texture3d_texture2d_half,2048,8192,2048,0.9365,73.382
b580,1b,8da4w,parent,sarc_dev_linear_dq8ca_coopmat_zpg_xe2bt_t128x128k64g84s16m8_texture3d_texture2d_half,2048,8192,2048,0.9406,73.057
b580,1b,8da4w,parent,sarc_dev_linear_dq8ca_coopmat_zpg_xe2bt_t128x128k64g84s16m8_texture3d_texture2d_half,2048,2048,8192,1.0688,64.299
b580,1b,8da4w,parent,sarc_dev_linear_dq8ca_coopmat_zpg_xe2bt_t128x128k64g84s16m8_texture3d_texture2d_half,2048,2048,2048,0.2412,71.218
b580,1b,8da4w,parent,sarc_dev_linear_dq8ca_coopmat_zpg_xe2bt_t128x128k64g84s16m8_texture3d_texture2d_half,2048,512,2048,0.0816,52.642
b580,1b,8da4w,parent,sarc_dev_linear_dq8ca_coopmat_zpg_xe2bt_t128x128k64g84s16m8_texture3d_texture2d_half,2048,512,2048,0.0817,52.575
b580,1b,8da4w,parent,sarc_dev_linear_dq8ca_coopmat_zpg_xe2bt_t128x128k64g84s16m8_texture3d_texture2d_half,2048,2048,2048,0.2479,69.292
b580,1b,8da4w,parent,sarc_dev_linear_dq8ca_coopmat_zpg_xe2bt_t128x128k64g84s16m8_texture3d_texture2d_half,2048,8192,2048,0.9446,72.751
b580,1b,8da4w,parent,sarc_dev_linear_dq8ca_coopmat_zpg_xe2bt_t128x128k64g84s16m8_texture3d_texture2d_half,2048,8192,2048,0.9297,73.919
b580,1b,8da4w,parent,sarc_dev_linear_dq8ca_coopmat_zpg_xe2bt_t128x128k64g84s16m8_texture3d_texture2d_half,2048,2048,8192,1.052,65.325
b580,1b,8da4w,parent,sarc_dev_linear_dq8ca_coopmat_zpg_xe2bt_t128x128k64g84s16m8_texture3d_texture2d_half,2048,2048,2048,0.2494,68.873
b580,1b,8da4w,parent,sarc_dev_linear_dq8ca_coopmat_zpg_xe2bt_t128x128k64g84s16m8_texture3d_texture2d_half,2048,512,2048,0.0816,52.642
b580,1b,8da4w,parent,sarc_dev_linear_dq8ca_coopmat_zpg_xe2bt_t128x128k64g84s16m8_texture3d_texture2d_half,2048,512,2048,0.08,53.703
b580,1b,8da4w,parent,sarc_dev_linear_dq8ca_coopmat_zpg_xe2bt_t128x128k64g84s16m8_texture3d_texture2d_half,2048,2048,2048,0.2466,69.657
b580,1b,8da4w,parent,sarc_dev_linear_dq8ca_coopmat_zpg_xe2bt_t128x128k64g84s16m8_texture3d_texture2d_half,2048,8192,2048,1.0761,63.857
b580,1b,8da4w,parent,sarc_dev_linear_dq8ca_coopmat_zpg_xe2bt_t128x128k64g84s16m8_texture3d_texture2d_half,2048,8192,2048,0.9351,73.488
b580,1b,8da4w,parent,sarc_dev_linear_dq8ca_coopmat_zpg_xe2bt_t128x128k64g84s16m8_texture3d_texture2d_half,2048,2048,8192,1.1361,60.485
b580,3b,4w,cand,sarc_linear_q4gsw_coopmat_t128x128k16g44s16m8fli_texture3d_texture2d_half,2048,3072,3072,0.9936,38.903
b580,3b,4w,cand,sarc_linear_q4gsw_coopmat_t128x128k16g44s16m8fli_texture3d_texture2d_half,2048,1024,3072,0.3235,39.824
b580,3b,4w,cand,sarc_linear_q4gsw_coopmat_t128x128k16g44s16m8fli_texture3d_texture2d_half,2048,1024,3072,0.784,16.435
b580,3b,4w,cand,sarc_linear_q4gsw_coopmat_t128x128k16g44s16m8fli_texture3d_texture2d_half,2048,3072,3072,0.8542,45.252
b580,3b,4w,cand,sarc_linear_q4gsw_coopmat_t128x128k16g44s16m8fli_texture3d_texture2d_half,2048,8192,3072,2.2629,45.552
b580,3b,4w,cand,sarc_linear_q4gsw_coopmat_t128x128k16g44s16m8fli_texture3d_texture2d_half,2048,8192,3072,2.2838,45.135
b580,3b,4w,cand,sarc_linear_q4gsw_coopmat_t128x128k16g44s16m8fli_texture3d_texture2d_half,2048,3072,8192,2.3456,43.945
b580,3b,4w,cand,sarc_linear_q4gsw_coopmat_t128x128k16g44s16m8fli_texture3d_texture2d_half,2048,3072,3072,0.8541,45.258
b580,3b,4w,cand,sarc_linear_q4gsw_coopmat_t128x128k16g44s16m8fli_texture3d_texture2d_half,2048,1024,3072,0.3272,39.381
b580,3b,4w,cand,sarc_linear_q4gsw_coopmat_t128x128k16g44s16m8fli_texture3d_texture2d_half,2048,1024,3072,0.321,40.134
b580,3b,4w,cand,sarc_linear_q4gsw_coopmat_t128x128k16g44s16m8fli_texture3d_texture2d_half,2048,3072,3072,0.8644,44.719
b580,3b,4w,cand,sarc_linear_q4gsw_coopmat_t128x128k16g44s16m8fli_texture3d_texture2d_half,2048,8192,3072,2.2665,45.48
b580,3b,4w,cand,sarc_linear_q4gsw_coopmat_t128x128k16g44s16m8fli_texture3d_texture2d_half,2048,8192,3072,2.2263,46.3
b580,3b,4w,cand,sarc_linear_q4gsw_coopmat_t128x128k16g44s16m8fli_texture3d_texture2d_half,2048,3072,8192,2.3461,43.937
b580,3b,4w,cand,sarc_linear_q4gsw_coopmat_t128x128k16g44s16m8fli_texture3d_texture2d_half,2048,3072,3072,0.8655,44.66
b580,3b,4w,cand,sarc_linear_q4gsw_coopmat_t128x128k16g44s16m8fli_texture3d_texture2d_half,2048,1024,3072,0.3237,39.805
b580,3b,4w,cand,sarc_linear_q4gsw_coopmat_t128x128k16g44s16m8fli_texture3d_texture2d_half,2048,1024,3072,0.3259,39.538
b580,3b,4w,cand,sarc_linear_q4gsw_coopmat_t128x128k16g44s16m8fli_texture3d_texture2d_half,2048,3072,3072,0.8545,45.239
b580,3b,4w,cand,sarc_linear_q4gsw_coopmat_t128x128k16g44s16m8fli_texture3d_texture2d_half,2048,8192,3072,2.2454,45.908
b580,3b,4w,cand,sarc_linear_q4gsw_coopmat_t128x128k16g44s16m8fli_texture3d_texture2d_half,2048,8192,3072,2.902,35.521
b580,3b,4w,cand,sarc_linear_q4gsw_coopmat_t128x128k16g44s16m8fli_texture3d_texture2d_half,2048,3072,8192,2.3245,44.346
b580,3b,4w,cand,sarc_linear_q4gsw_coopmat_t128x128k16g44s16m8fli_texture3d_texture2d_half,2048,3072,3072,0.8636,44.759
b580,3b,4w,cand,sarc_linear_q4gsw_coopmat_t128x128k16g44s16m8fli_texture3d_texture2d_half,2048,1024,3072,0.3711,34.719
b580,3b,4w,cand,sarc_linear_q4gsw_coopmat_t128x128k16g44s16m8fli_texture3d_texture2d_half,2048,1024,3072,0.322,40.017
b580,3b,4w,cand,sarc_linear_q4gsw_coopmat_t128x128k16g44s16m8fli_texture3d_texture2d_half,2048,3072,3072,0.8496,45.499
b580,3b,4w,cand,sarc_linear_q4gsw_coopmat_t128x128k16g44s16m8fli_texture3d_texture2d_half,2048,8192,3072,2.2407,46.002
b580,3b,4w,cand,sarc_linear_q4gsw_coopmat_t128x128k16g44s16m8fli_texture3d_texture2d_half,2048,8192,3072,2.2273,46.281
b580,3b,4w,cand,sarc_linear_q4gsw_coopmat_t128x128k16g44s16m8fli_texture3d_texture2d_half,2048,3072,8192,2.3614,43.652
b580,3b,4w,cand,sarc_linear_q4gsw_coopmat_t128x128k16g44s16m8fli_texture3d_texture2d_half,2048,3072,3072,0.8508,45.435
b580,3b,4w,cand,sarc_linear_q4gsw_coopmat_t128x128k16g44s16m8fli_texture3d_texture2d_half,2048,1024,3072,0.3267,39.438
b580,3b,4w,cand,sarc_linear_q4gsw_coopmat_t128x128k16g44s16m8fli_texture3d_texture2d_half,2048,1024,3072,0.3209,40.153
b580,3b,4w,cand,sarc_linear_q4gsw_coopmat_t128x128k16g44s16m8fli_texture3d_texture2d_half,2048,3072,3072,0.8546,45.23
b580,3b,4w,cand,sarc_linear_q4gsw_coopmat_t128x128k16g44s16m8fli_texture3d_texture2d_half,2048,8192,3072,2.2812,45.187
b580,3b,4w,cand,sarc_linear_q4gsw_coopmat_t128x128k16g44s16m8fli_texture3d_texture2d_half,2048,8192,3072,2.2653,45.504
b580,3b,4w,cand,sarc_linear_q4gsw_coopmat_t128x128k16g44s16m8fli_texture3d_texture2d_half,2048,3072,8192,2.8939,35.619
b580,3b,4w,cand,sarc_linear_q4gsw_coopmat_t128x128k16g44s16m8fli_texture3d_texture2d_half,2048,3072,3072,1.3693,28.23
b580,3b,4w,cand,sarc_linear_q4gsw_coopmat_t128x128k16g44s16m8fli_texture3d_texture2d_half,2048,1024,3072,0.348,37.022
b580,3b,4w,cand,sarc_linear_q4gsw_coopmat_t128x128k16g44s16m8fli_texture3d_texture2d_half,2048,1024,3072,0.3362,38.321
b580,3b,4w,cand,sarc_linear_q4gsw_coopmat_t128x128k16g44s16m8fli_texture3d_texture2d_half,2048,3072,3072,0.8495,45.502
b580,3b,4w,cand,sarc_linear_q4gsw_coopmat_t128x128k16g44s16m8fli_texture3d_texture2d_half,2048,8192,3072,2.3053,44.714
b580,3b,4w,cand,sarc_linear_q4gsw_coopmat_t128x128k16g44s16m8fli_texture3d_texture2d_half,2048,8192,3072,2.261,45.591
b580,3b,4w,cand,sarc_linear_q4gsw_coopmat_t128x128k16g44s16m8fli_texture3d_texture2d_half,2048,3072,8192,2.5712,40.089
b580,3b,4w,cand,sarc_linear_q4gsw_coopmat_t128x128k16g44s16m8fli_texture3d_texture2d_half,2048,3072,3072,1.0289,37.568
b580,3b,4w,cand,sarc_linear_q4gsw_coopmat_t128x128k16g44s16m8fli_texture3d_texture2d_half,2048,1024,3072,0.3294,39.12
b580,3b,4w,cand,sarc_linear_q4gsw_coopmat_t128x128k16g44s16m8fli_texture3d_texture2d_half,2048,1024,3072,0.4235,30.422
b580,3b,4w,cand,sarc_linear_q4gsw_coopmat_t128x128k16g44s16m8fli_texture3d_texture2d_half,2048,3072,3072,1.0303,37.519
b580,3b,4w,cand,sarc_linear_q4gsw_coopmat_t128x128k16g44s16m8fli_texture3d_texture2d_half,2048,8192,3072,2.7931,36.905
b580,3b,4w,cand,sarc_linear_q4gsw_coopmat_t128x128k16g44s16m8fli_texture3d_texture2d_half,2048,8192,3072,2.718,37.924
b580,3b,4w,cand,sarc_linear_q4gsw_coopmat_t128x128k16g44s16m8fli_texture3d_texture2d_half,2048,3072,8192,2.3784,43.339
b580,3b,4w,cand,sarc_linear_q4gsw_coopmat_t128x128k16g44s16m8fli_texture3d_texture2d_half,2048,3072,3072,0.8768,44.085
b580,3b,4w,cand,sarc_linear_q4gsw_coopmat_t128x128k16g44s16m8fli_texture3d_texture2d_half,2048,1024,3072,0.3254,39.595
b580,3b,4w,cand,sarc_linear_q4gsw_coopmat_t128x128k16g44s16m8fli_texture3d_texture2d_half,2048,1024,3072,0.43,29.962
b580,3b,4w,cand,sarc_linear_q4gsw_coopmat_t128x128k16g44s16m8fli_texture3d_texture2d_half,2048,3072,3072,1.3545,28.537
b580,3b,4w,cand,sarc_linear_q4gsw_coopmat_t128x128k16g44s16m8fli_texture3d_texture2d_half,2048,8192,3072,2.2838,45.135
b580,3b,4w,cand,sarc_linear_q4gsw_coopmat_t128x128k16g44s16m8fli_texture3d_texture2d_half,2048,8192,3072,2.3316,44.21
b580,3b,4w,cand,sarc_linear_q4gsw_coopmat_t128x128k16g44s16m8fli_texture3d_texture2d_half,2048,3072,8192,2.3521,43.825
b580,3b,4w,cand,sarc_linear_q4gsw_coopmat_t128x128k16g44s16m8fli_texture3d_texture2d_half,2048,3072,3072,0.8508,45.432
b580,3b,4w,cand,sarc_linear_q4gsw_coopmat_t128x128k16g44s16m8fli_texture3d_texture2d_half,2048,1024,3072,0.3262,39.494
b580,3b,4w,cand,sarc_linear_q4gsw_coopmat_t128x128k16g44s16m8fli_texture3d_texture2d_half,2048,1024,3072,0.322,40.017
b580,3b,4w,cand,sarc_linear_q4gsw_coopmat_t128x128k16g44s16m8fli_texture3d_texture2d_half,2048,3072,3072,0.8618,44.851
b580,3b,4w,cand,sarc_linear_q4gsw_coopmat_t128x128k16g44s16m8fli_texture3d_texture2d_half,2048,8192,3072,2.242,45.977
b580,3b,4w,cand,sarc_linear_q4gsw_coopmat_t128x128k16g44s16m8fli_texture3d_texture2d_half,2048,8192,3072,2.2415,45.986
b580,3b,4w,cand,sarc_linear_q4gsw_coopmat_t128x128k16g44s16m8fli_texture3d_texture2d_half,2048,3072,8192,2.3326,44.19
b580,3b,4w,cand,sarc_linear_q4gsw_coopmat_t128x128k16g44s16m8fli_texture3d_texture2d_half,2048,3072,3072,0.8578,45.063
b580,3b,4w,cand,sarc_linear_q4gsw_coopmat_t128x128k16g44s16m8fli_texture3d_texture2d_half,2048,1024,3072,0.3256,39.576
b580,3b,4w,cand,sarc_linear_q4gsw_coopmat_t128x128k16g44s16m8fli_texture3d_texture2d_half,2048,1024,3072,0.3235,39.831
b580,3b,4w,cand,sarc_linear_q4gsw_coopmat_t128x128k16g44s16m8fli_texture3d_texture2d_half,2048,3072,3072,0.8526,45.338
b580,3b,4w,cand,sarc_linear_q4gsw_coopmat_t128x128k16g44s16m8fli_texture3d_texture2d_half,2048,8192,3072,2.2606,45.598
b580,3b,4w,cand,sarc_linear_q4gsw_coopmat_t128x128k16g44s16m8fli_texture3d_texture2d_half,2048,8192,3072,2.8579,36.068
b580,3b,4w,cand,sarc_linear_q4gsw_coopmat_t128x128k16g44s16m8fli_texture3d_texture2d_half,2048,3072,8192,2.3721,43.454
b580,3b,4w,cand,sarc_linear_q4gsw_coopmat_t128x128k16g44s16m8fli_texture3d_texture2d_half,2048,3072,3072,1.3447,28.746
b580,3b,4w,cand,sarc_linear_q4gsw_coopmat_t128x128k16g44s16m8fli_texture3d_texture2d_half,2048,1024,3072,0.3287,39.201
b580,3b,4w,cand,sarc_linear_q4gsw_coopmat_t128x128k16g44s16m8fli_texture3d_texture2d_half,2048,1024,3072,0.3223,39.978
b580,3b,4w,cand,sarc_linear_q4gsw_coopmat_t128x128k16g44s16m8fli_texture3d_texture2d_half,2048,3072,3072,0.8556,45.181
b580,3b,4w,cand,sarc_linear_q4gsw_coopmat_t128x128k16g44s16m8fli_texture3d_texture2d_half,2048,8192,3072,2.6904,38.314
b580,3b,4w,cand,sarc_linear_q4gsw_coopmat_t128x128k16g44s16m8fli_texture3d_texture2d_half,2048,8192,3072,2.247,45.875
b580,3b,4w,cand,sarc_linear_q4gsw_coopmat_t128x128k16g44s16m8fli_texture3d_texture2d_half,2048,3072,8192,2.8854,35.724
b580,3b,4w,cand,sarc_linear_q4gsw_coopmat_t128x128k16g44s16m8fli_texture3d_texture2d_half,2048,3072,3072,0.8563,45.14
b580,3b,4w,cand,sarc_linear_q4gsw_coopmat_t128x128k16g44s16m8fli_texture3d_texture2d_half,2048,1024,3072,0.345,37.351
b580,3b,4w,cand,sarc_linear_q4gsw_coopmat_t128x128k16g44s16m8fli_texture3d_texture2d_half,2048,1024,3072,0.3209,40.147
b580,3b,4w,cand,sarc_linear_q4gsw_coopmat_t128x128k16g44s16m8fli_texture3d_texture2d_half,2048,3072,3072,0.8907,43.4
b580,3b,4w,cand,sarc_linear_q4gsw_coopmat_t128x128k16g44s16m8fli_texture3d_texture2d_half,2048,8192,3072,2.2349,46.123
b580,3b,4w,cand,sarc_linear_q4gsw_coopmat_t128x128k16g44s16m8fli_texture3d_texture2d_half,2048,8192,3072,2.2546,45.719
b580,3b,4w,cand,sarc_linear_q4gsw_coopmat_t128x128k16g44s16m8fli_texture3d_texture2d_half,2048,3072,8192,2.5448,40.505
b580,3b,4w,cand,sarc_linear_q4gsw_coopmat_t128x128k16g44s16m8fli_texture3d_texture2d_half,2048,3072,3072,1.4559,26.55
b580,3b,4w,cand,sarc_linear_q4gsw_coopmat_t128x128k16g44s16m8fli_texture3d_texture2d_half,2048,1024,3072,0.3249,39.652
b580,3b,4w,cand,sarc_linear_q4gsw_coopmat_t128x128k16g44s16m8fli_texture3d_texture2d_half,2048,1024,3072,0.3227,39.927
b580,3b,4w,cand,sarc_linear_q4gsw_coopmat_t128x128k16g44s16m8fli_texture3d_texture2d_half,2048,3072,3072,0.8564,45.134
b580,3b,4w,cand,sarc_linear_q4gsw_coopmat_t128x128k16g44s16m8fli_texture3d_texture2d_half,2048,8192,3072,2.3105,44.614
b580,3b,4w,cand,sarc_linear_q4gsw_coopmat_t128x128k16g44s16m8fli_texture3d_texture2d_half,2048,8192,3072,2.2611,45.588
b580,3b,4w,cand,sarc_linear_q4gsw_coopmat_t128x128k16g44s16m8fli_texture3d_texture2d_half,2048,3072,8192,2.3575,43.724
b580,3b,4w,cand,sarc_linear_q4gsw_coopmat_t128x128k16g44s16m8fli_texture3d_texture2d_half,2048,3072,3072,0.8549,45.214
b580,3b,4w,cand,sarc_linear_q4gsw_coopmat_t128x128k16g44s16m8fli_texture3d_texture2d_half,2048,1024,3072,0.3261,39.507
b580,3b,4w,cand,sarc_linear_q4gsw_coopmat_t128x128k16g44s16m8fli_texture3d_texture2d_half,2048,1024,3072,0.3227,39.927
b580,3b,4w,cand,sarc_linear_q4gsw_coopmat_t128x128k16g44s16m8fli_texture3d_texture2d_half,2048,3072,3072,1.0076,38.363
b580,3b,4w,cand,sarc_linear_q4gsw_coopmat_t128x128k16g44s16m8fli_texture3d_texture2d_half,2048,8192,3072,2.8469,36.207
b580,3b,4w,cand,sarc_linear_q4gsw_coopmat_t128x128k16g44s16m8fli_texture3d_texture2d_half,2048,8192,3072,2.2753,45.303
b580,3b,4w,cand,sarc_linear_q4gsw_coopmat_t128x128k16g44s16m8fli_texture3d_texture2d_half,2048,3072,8192,2.3644,43.596
b580,3b,4w,cand,sarc_linear_q4gsw_coopmat_t128x128k16g44s16m8fli_texture3d_texture2d_half,2048,3072,3072,0.8552,45.197
b580,3b,4w,cand,sarc_linear_q4gsw_coopmat_t128x128k16g44s16m8fli_texture3d_texture2d_half,2048,1024,3072,0.3265,39.463
b580,3b,4w,cand,sarc_linear_q4gsw_coopmat_t128x128k16g44s16m8fli_texture3d_texture2d_half,2048,1024,3072,0.3219,40.024
b580,3b,4w,cand,sarc_linear_q4gsw_coopmat_t128x128k16g44s16m8fli_texture3d_texture2d_half,2048,3072,3072,0.8555,45.184
b580,3b,4w,cand,sarc_linear_q4gsw_coopmat_t128x128k16g44s16m8fli_texture3d_texture2d_half,2048,8192,3072,2.4134,42.711
b580,3b,4w,cand,sarc_linear_q4gsw_coopmat_t128x128k16g44s16m8fli_texture3d_texture2d_half,2048,8192,3072,3.2945,31.288
b580,3b,4w,cand,sarc_linear_q4gsw_coopmat_t128x128k16g44s16m8fli_texture3d_texture2d_half,2048,3072,8192,2.3718,43.46
b580,3b,4w,cand,sarc_linear_q4gsw_coopmat_t128x128k16g44s16m8fli_texture3d_texture2d_half,2048,3072,3072,0.8873,43.566
b580,3b,4w,cand,sarc_linear_q4gsw_coopmat_t128x128k16g44s16m8fli_texture3d_texture2d_half,2048,1024,3072,0.3246,39.69
b580,3b,4w,cand,sarc_linear_q4gsw_coopmat_t128x128k16g44s16m8fli_texture3d_texture2d_half,2048,1024,3072,0.3252,39.62
b580,3b,4w,cand,sarc_linear_q4gsw_coopmat_t128x128k16g44s16m8fli_texture3d_texture2d_half,2048,3072,3072,0.8713,44.366
b580,3b,4w,cand,sarc_linear_q4gsw_coopmat_t128x128k16g44s16m8fli_texture3d_texture2d_half,2048,8192,3072,2.2551,45.71
b580,3b,4w,cand,sarc_linear_q4gsw_coopmat_t128x128k16g44s16m8fli_texture3d_texture2d_half,2048,8192,3072,2.2426,45.964
b580,3b,4w,cand,sarc_linear_q4gsw_coopmat_t128x128k16g44s16m8fli_texture3d_texture2d_half,2048,3072,8192,2.3719,43.458
b580,3b,4w,cand,sarc_linear_q4gsw_coopmat_t128x128k16g44s16m8fli_texture3d_texture2d_half,2048,3072,3072,0.867,44.582
b580,3b,4w,cand,sarc_linear_q4gsw_coopmat_t128x128k16g44s16m8fli_texture3d_texture2d_half,2048,1024,3072,0.3267,39.444
b580,3b,4w,cand,sarc_linear_q4gsw_coopmat_t128x128k16g44s16m8fli_texture3d_texture2d_half,2048,1024,3072,0.3233,39.856
b580,3b,4w,cand,sarc_linear_q4gsw_coopmat_t128x128k16g44s16m8fli_texture3d_texture2d_half,2048,3072,3072,0.8577,45.068
b580,3b,4w,cand,sarc_linear_q4gsw_coopmat_t128x128k16g44s16m8fli_texture3d_texture2d_half,2048,8192,3072,2.2613,45.585
b580,3b,4w,cand,sarc_linear_q4gsw_coopmat_t128x128k16g44s16m8fli_texture3d_texture2d_half,2048,8192,3072,2.2468,45.879
b580,3b,4w,cand,sarc_linear_q4gsw_coopmat_t128x128k16g44s16m8fli_texture3d_texture2d_half,2048,3072,8192,2.5163,40.965
b580,3b,4w,cand,sarc_linear_q4gsw_coopmat_t128x128k16g44s16m8fli_texture3d_texture2d_half,2048,3072,3072,1.3577,28.471
b580,3b,4w,cand,sarc_linear_q4gsw_coopmat_t128x128k16g44s16m8fli_texture3d_texture2d_half,2048,1024,3072,0.6363,20.251
b580,3b,4w,cand,sarc_linear_q4gsw_coopmat_t128x128k16g44s16m8fli_texture3d_texture2d_half,2048,1024,3072,0.3264,39.482
b580,3b,4w,cand,sarc_linear_q4gsw_coopmat_t128x128k16g44s16m8fli_texture3d_texture2d_half,2048,3072,3072,0.8751,44.174
b580,3b,4w,cand,sarc_linear_q4gsw_coopmat_t128x128k16g44s16m8fli_texture3d_texture2d_half,2048,8192,3072,2.2702,45.406
b580,3b,4w,cand,sarc_linear_q4gsw_coopmat_t128x128k16g44s16m8fli_texture3d_texture2d_half,2048,8192,3072,2.2703,45.403
b580,3b,4w,cand,sarc_linear_q4gsw_coopmat_t128x128k16g44s16m8fli_texture3d_texture2d_half,2048,3072,8192,2.9358,35.111
b580,3b,4w,cand,sarc_linear_q4gsw_coopmat_t128x128k16g44s16m8fli_texture3d_texture2d_half,2048,3072,3072,0.8609,44.9
b580,3b,4w,cand,sarc_linear_q4gsw_coopmat_t128x128k16g44s16m8fli_texture3d_texture2d_half,2048,1024,3072,0.3271,39.387
b580,3b,4w,cand,sarc_linear_q4gsw_coopmat_t128x128k16g44s16m8fli_texture3d_texture2d_half,2048,1024,3072,0.3237,39.805
b580,3b,4w,cand,sarc_linear_q4gsw_coopmat_t128x128k16g44s16m8fli_texture3d_texture2d_half,2048,3072,3072,0.8928,43.297
b580,3b,4w,cand,sarc_linear_q4gsw_coopmat_t128x128k16g44s16m8fli_texture3d_texture2d_half,2048,8192,3072,2.1991,46.874
b580,3b,4w,cand,sarc_linear_q4gsw_coopmat_t128x128k16g44s16m8fli_texture3d_texture2d_half,2048,8192,3072,2.2761,45.288
b580,3b,4w,cand,sarc_linear_q4gsw_coopmat_t128x128k16g44s16m8fli_texture3d_texture2d_half,2048,3072,8192,2.3763,43.377
b580,3b,4w,cand,sarc_linear_q4gsw_coopmat_t128x128k16g44s16m8fli_texture3d_texture2d_half,2048,3072,3072,0.9657,40.028
b580,3b,4w,cand,sarc_linear_q4gsw_coopmat_t128x128k16g44s16m8fli_texture3d_texture2d_half,2048,1024,3072,0.3336,38.626
b580,3b,4w,cand,sarc_linear_q4gsw_coopmat_t128x128k16g44s16m8fli_texture3d_texture2d_half,2048,1024,3072,0.3253,39.608
b580,3b,4w,cand,sarc_linear_q4gsw_coopmat_t128x128k16g44s16m8fli_texture3d_texture2d_half,2048,3072,3072,0.8582,45.044
b580,3b,4w,cand,sarc_linear_q4gsw_coopmat_t128x128k16g44s16m8fli_texture3d_texture2d_half,2048,8192,3072,2.3405,44.041
b580,3b,4w,cand,sarc_linear_q4gsw_coopmat_t128x128k16g44s16m8fli_texture3d_texture2d_half,2048,8192,3072,2.2824,45.163
b580,3b,4w,cand,sarc_linear_q4gsw_coopmat_t128x128k16g44s16m8fli_texture3d_texture2d_half,2048,3072,8192,2.4002,42.946
b580,3b,4w,cand,sarc_linear_q4gsw_coopmat_t128x128k16g44s16m8fli_texture3d_texture2d_half,2048,3072,3072,0.9159,42.205
b580,3b,4w,cand,sarc_linear_q4gsw_coopmat_t128x128k16g44s16m8fli_texture3d_texture2d_half,2048,1024,3072,0.3284,39.238
b580,3b,4w,cand,sarc_linear_q4gsw_coopmat_t128x128k16g44s16m8fli_texture3d_texture2d_half,2048,1024,3072,0.3511,36.704
b580,3b,4w,cand,sarc_linear_q4gsw_coopmat_t128x128k16g44s16m8fli_texture3d_texture2d_half,2048,3072,3072,0.9006,42.922
b580,3b,4w,cand,sarc_linear_q4gsw_coopmat_t128x128k16g44s16m8fli_texture3d_texture2d_half,2048,8192,3072,2.9316,35.161
b580,3b,4w,cand,sarc_linear_q4gsw_coopmat_t128x128k16g44s16m8fli_texture3d_texture2d_half,2048,8192,3072,2.274,45.329
b580,3b,4w,cand,sarc_linear_q4gsw_coopmat_t128x128k16g44s16m8fli_texture3d_texture2d_half,2048,3072,8192,2.4032,42.893
b580,3b,4w,cand,sarc_linear_q4gsw_coopmat_t128x128k16g44s16m8fli_texture3d_texture2d_half,2048,3072,3072,0.8608,44.905
b580,3b,4w,cand,sarc_linear_q4gsw_coopmat_t128x128k16g44s16m8fli_texture3d_texture2d_half,2048,1024,3072,0.3268,39.431
b580,3b,4w,cand,sarc_linear_q4gsw_coopmat_t128x128k16g44s16m8fli_texture3d_texture2d_half,2048,1024,3072,0.3464,37.2
b580,3b,4w,cand,sarc_linear_q4gsw_coopmat_t128x128k16g44s16m8fli_texture3d_texture2d_half,2048,3072,3072,1.314,29.418
b580,3b,4w,cand,sarc_linear_q4gsw_coopmat_t128x128k16g44s16m8fli_texture3d_texture2d_half,2048,8192,3072,2.3408,44.035
b580,3b,4w,cand,sarc_linear_q4gsw_coopmat_t128x128k16g44s16m8fli_texture3d_texture2d_half,2048,8192,3072,2.2757,45.296
b580,3b,4w,cand,sarc_linear_q4gsw_coopmat_t128x128k16g44s16m8fli_texture3d_texture2d_half,2048,3072,8192,2.3959,43.023
b580,3b,4w,cand,sarc_linear_q4gsw_coopmat_t128x128k16g44s16m8fli_texture3d_texture2d_half,2048,3072,3072,0.8582,45.044
b580,3b,4w,cand,sarc_linear_q4gsw_coopmat_t128x128k16g44s16m8fli_texture3d_texture2d_half,2048,1024,3072,0.3647,35.327
b580,3b,4w,cand,sarc_linear_q4gsw_coopmat_t128x128k16g44s16m8fli_texture3d_texture2d_half,2048,1024,3072,0.3261,39.507
b580,3b,4w,cand,sarc_linear_q4gsw_coopmat_t128x128k16g44s16m8fli_texture3d_texture2d_half,2048,3072,3072,0.8967,43.106
b580,3b,4w,cand,sarc_linear_q4gsw_coopmat_t128x128k16g44s16m8fli_texture3d_texture2d_half,2048,8192,3072,2.2933,44.948
b580,3b,4w,cand,sarc_linear_q4gsw_coopmat_t128x128k16g44s16m8fli_texture3d_texture2d_half,2048,8192,3072,2.8442,36.241
b580,3b,4w,cand,sarc_linear_q4gsw_coopmat_t128x128k16g44s16m8fli_texture3d_texture2d_half,2048,3072,8192,2.4225,42.551
b580,3b,4w,cand,sarc_linear_q4gsw_coopmat_t128x128k16g44s16m8fli_texture3d_texture2d_half,2048,3072,3072,0.8616,44.862
b580,3b,4w,cand,sarc_linear_q4gsw_coopmat_t128x128k16g44s16m8fli_texture3d_texture2d_half,2048,1024,3072,0.331,38.923
b580,3b,4w,cand,sarc_linear_q4gsw_coopmat_t128x128k16g44s16m8fli_texture3d_texture2d_half,2048,1024,3072,0.3259,39.538
b580,3b,4w,cand,sarc_linear_q4gsw_coopmat_t128x128k16g44s16m8fli_texture3d_texture2d_half,2048,3072,3072,0.8604,44.927
b580,3b,4w,cand,sarc_linear_q4gsw_coopmat_t128x128k16g44s16m8fli_texture3d_texture2d_half,2048,8192,3072,2.2967,44.882
b580,3b,4w,cand,sarc_linear_q4gsw_coopmat_t128x128k16g44s16m8fli_texture3d_texture2d_half,2048,8192,3072,2.5455,40.495
b580,3b,4w,cand,sarc_linear_q4gsw_coopmat_t128x128k16g44s16m8fli_texture3d_texture2d_half,2048,3072,8192,2.9637,34.781
b580,3b,4w,cand,sarc_linear_q4gsw_coopmat_t128x128k16g44s16m8fli_texture3d_texture2d_half,2048,3072,3072,1.3713,28.189
b580,3b,4w,cand,sarc_linear_q4gsw_coopmat_t128x128k16g44s16m8fli_texture3d_texture2d_half,2048,1024,3072,0.3319,38.82
b580,3b,4w,cand,sarc_linear_q4gsw_coopmat_t128x128k16g44s16m8fli_texture3d_texture2d_half,2048,1024,3072,0.328,39.288
b580,3b,4w,cand,sarc_linear_q4gsw_coopmat_t128x128k16g44s16m8fli_texture3d_texture2d_half,2048,3072,3072,0.9313,41.508
b580,3b,4w,cand,sarc_linear_q4gsw_coopmat_t128x128k16g44s16m8fli_texture3d_texture2d_half,2048,8192,3072,2.2876,45.06
b580,3b,4w,cand,sarc_linear_q4gsw_coopmat_t128x128k16g44s16m8fli_texture3d_texture2d_half,2048,8192,3072,2.2721,45.368
b580,3b,4w,cand,sarc_linear_q4gsw_coopmat_t128x128k16g44s16m8fli_texture3d_texture2d_half,2048,3072,8192,2.3672,43.544
b580,3b,4w,cand,sarc_linear_q4gsw_coopmat_t128x128k16g44s16m8fli_texture3d_texture2d_half,2048,3072,3072,0.8625,44.816
b580,3b,4w,cand,sarc_linear_q4gsw_coopmat_t128x128k16g44s16m8fli_texture3d_texture2d_half,2048,1024,3072,0.347,37.127
b580,3b,4w,cand,sarc_linear_q4gsw_coopmat_t128x128k16g44s16m8fli_texture3d_texture2d_half,2048,1024,3072,0.3283,39.25
b580,3b,4w,cand,sarc_linear_q4gsw_coopmat_t128x128k16g44s16m8fli_texture3d_texture2d_half,2048,3072,3072,0.8945,43.214
b580,3b,4w,cand,sarc_linear_q4gsw_coopmat_t128x128k16g44s16m8fli_texture3d_texture2d_half,2048,8192,3072,2.3158,44.512
b580,3b,4w,cand,sarc_linear_q4gsw_coopmat_t128x128k16g44s16m8fli_texture3d_texture2d_half,2048,8192,3072,3.3459,30.807
b580,3b,4w,cand,sarc_linear_q4gsw_coopmat_t128x128k16g44s16m8fli_texture3d_texture2d_half,2048,3072,8192,2.3677,43.535
b580,3b,4w,cand,sarc_linear_q4gsw_coopmat_t128x128k16g44s16m8fli_texture3d_texture2d_half,2048,3072,3072,0.9197,42.029
b580,3b,4w,cand,sarc_linear_q4gsw_coopmat_t128x128k16g44s16m8fli_texture3d_texture2d_half,2048,1024,3072,0.3294,39.12
b580,3b,4w,cand,sarc_linear_q4gsw_coopmat_t128x128k16g44s16m8fli_texture3d_texture2d_half,2048,1024,3072,0.3502,36.796
b580,3b,4w,cand,sarc_linear_q4gsw_coopmat_t128x128k16g44s16m8fli_texture3d_texture2d_half,2048,3072,3072,0.8644,44.716
b580,3b,4w,cand,sarc_linear_q4gsw_coopmat_t128x128k16g44s16m8fli_texture3d_texture2d_half,2048,8192,3072,2.2599,45.612
b580,3b,4w,cand,sarc_linear_q4gsw_coopmat_t128x128k16g44s16m8fli_texture3d_texture2d_half,2048,8192,3072,2.2583,45.644
b580,3b,4w,cand,sarc_linear_q4gsw_coopmat_t128x128k16g44s16m8fli_texture3d_texture2d_half,2048,3072,8192,2.3742,43.417
b580,3b,4w,cand,sarc_linear_q4gsw_coopmat_t128x128k16g44s16m8fli_texture3d_texture2d_half,2048,3072,3072,0.862,44.846
b580,3b,4w,cand,sarc_linear_q4gsw_coopmat_t128x128k16g44s16m8fli_texture3d_texture2d_half,2048,1024,3072,0.3485,36.978
b580,3b,4w,cand,sarc_linear_q4gsw_coopmat_t128x128k16g44s16m8fli_texture3d_texture2d_half,2048,1024,3072,0.3257,39.564
b580,3b,4w,cand,sarc_linear_q4gsw_coopmat_t128x128k16g44s16m8fli_texture3d_texture2d_half,2048,3072,3072,0.8648,44.7
b580,3b,4w,cand,sarc_linear_q4gsw_coopmat_t128x128k16g44s16m8fli_texture3d_texture2d_half,2048,8192,3072,2.2631,45.548
b580,3b,4w,cand,sarc_linear_q4gsw_coopmat_t128x128k16g44s16m8fli_texture3d_texture2d_half,2048,8192,3072,2.2462,45.89
b580,3b,4w,cand,sarc_linear_q4gsw_coopmat_t128x128k16g44s16m8fli_texture3d_texture2d_half,2048,3072,8192,3.1242,32.994
b580,3b,4w,parent,sarc_linear_q4gsw_coopmat_t128x128k16g44s16m8fli_texture3d_texture2d_half,2048,3072,3072,0.8595,44.973
b580,3b,4w,parent,sarc_linear_q4gsw_coopmat_t128x128k16g44s16m8fli_texture3d_texture2d_half,2048,1024,3072,0.3273,39.362
b580,3b,4w,parent,sarc_linear_q4gsw_coopmat_t128x128k16g44s16m8fli_texture3d_texture2d_half,2048,1024,3072,0.3433,37.538
b580,3b,4w,parent,sarc_linear_q4gsw_coopmat_t128x128k16g44s16m8fli_texture3d_texture2d_half,2048,3072,3072,0.8739,44.232
b580,3b,4w,parent,sarc_linear_q4gsw_coopmat_t128x128k16g44s16m8fli_texture3d_texture2d_half,2048,8192,3072,2.2623,45.564
b580,3b,4w,parent,sarc_linear_q4gsw_coopmat_t128x128k16g44s16m8fli_texture3d_texture2d_half,2048,8192,3072,2.2724,45.361
b580,3b,4w,parent,sarc_linear_q4gsw_coopmat_t128x128k16g44s16m8fli_texture3d_texture2d_half,2048,3072,8192,2.3221,44.39
b580,3b,4w,parent,sarc_linear_q4gsw_coopmat_t128x128k16g44s16m8fli_texture3d_texture2d_half,2048,3072,3072,0.9972,38.765
b580,3b,4w,parent,sarc_linear_q4gsw_coopmat_t128x128k16g44s16m8fli_texture3d_texture2d_half,2048,1024,3072,0.3257,39.557
b580,3b,4w,parent,sarc_linear_q4gsw_coopmat_t128x128k16g44s16m8fli_texture3d_texture2d_half,2048,1024,3072,1.1802,10.917
b580,3b,4w,parent,sarc_linear_q4gsw_coopmat_t128x128k16g44s16m8fli_texture3d_texture2d_half,2048,3072,3072,0.8701,44.425
b580,3b,4w,parent,sarc_linear_q4gsw_coopmat_t128x128k16g44s16m8fli_texture3d_texture2d_half,2048,8192,3072,2.2398,46.022
b580,3b,4w,parent,sarc_linear_q4gsw_coopmat_t128x128k16g44s16m8fli_texture3d_texture2d_half,2048,8192,3072,2.3037,44.745
b580,3b,4w,parent,sarc_linear_q4gsw_coopmat_t128x128k16g44s16m8fli_texture3d_texture2d_half,2048,3072,8192,2.3559,43.754
b580,3b,4w,parent,sarc_linear_q4gsw_coopmat_t128x128k16g44s16m8fli_texture3d_texture2d_half,2048,3072,3072,0.8509,45.429
b580,3b,4w,parent,sarc_linear_q4gsw_coopmat_t128x128k16g44s16m8fli_texture3d_texture2d_half,2048,1024,3072,0.3246,39.69
b580,3b,4w,parent,sarc_linear_q4gsw_coopmat_t128x128k16g44s16m8fli_texture3d_texture2d_half,2048,1024,3072,0.3216,40.069
b580,3b,4w,parent,sarc_linear_q4gsw_coopmat_t128x128k16g44s16m8fli_texture3d_texture2d_half,2048,3072,3072,0.8486,45.549
b580,3b,4w,parent,sarc_linear_q4gsw_coopmat_t128x128k16g44s16m8fli_texture3d_texture2d_half,2048,8192,3072,2.2423,45.97
b580,3b,4w,parent,sarc_linear_q4gsw_coopmat_t128x128k16g44s16m8fli_texture3d_texture2d_half,2048,8192,3072,2.2489,45.835
b580,3b,4w,parent,sarc_linear_q4gsw_coopmat_t128x128k16g44s16m8fli_texture3d_texture2d_half,2048,3072,8192,2.3505,43.855
b580,3b,4w,parent,sarc_linear_q4gsw_coopmat_t128x128k16g44s16m8fli_texture3d_texture2d_half,2048,3072,3072,0.8533,45.302
b580,3b,4w,parent,sarc_linear_q4gsw_coopmat_t128x128k16g44s16m8fli_texture3d_texture2d_half,2048,1024,3072,0.3244,39.716
b580,3b,4w,parent,sarc_linear_q4gsw_coopmat_t128x128k16g44s16m8fli_texture3d_texture2d_half,2048,1024,3072,0.341,37.784
b580,3b,4w,parent,sarc_linear_q4gsw_coopmat_t128x128k16g44s16m8fli_texture3d_texture2d_half,2048,3072,3072,0.852,45.368
b580,3b,4w,parent,sarc_linear_q4gsw_coopmat_t128x128k16g44s16m8fli_texture3d_texture2d_half,2048,8192,3072,2.2518,45.777
b580,3b,4w,parent,sarc_linear_q4gsw_coopmat_t128x128k16g44s16m8fli_texture3d_texture2d_half,2048,8192,3072,2.9722,34.681
b580,3b,4w,parent,sarc_linear_q4gsw_coopmat_t128x128k16g44s16m8fli_texture3d_texture2d_half,2048,3072,8192,2.3602,43.674
b580,3b,4w,parent,sarc_linear_q4gsw_coopmat_t128x128k16g44s16m8fli_texture3d_texture2d_half,2048,3072,3072,0.8895,43.456
b580,3b,4w,parent,sarc_linear_q4gsw_coopmat_t128x128k16g44s16m8fli_texture3d_texture2d_half,2048,1024,3072,0.3256,39.576
b580,3b,4w,parent,sarc_linear_q4gsw_coopmat_t128x128k16g44s16m8fli_texture3d_texture2d_half,2048,1024,3072,0.3401,37.888
b580,3b,4w,parent,sarc_linear_q4gsw_coopmat_t128x128k16g44s16m8fli_texture3d_texture2d_half,2048,3072,3072,0.8501,45.471
b580,3b,4w,parent,sarc_linear_q4gsw_coopmat_t128x128k16g44s16m8fli_texture3d_texture2d_half,2048,8192,3072,2.2481,45.852
b580,3b,4w,parent,sarc_linear_q4gsw_coopmat_t128x128k16g44s16m8fli_texture3d_texture2d_half,2048,8192,3072,2.2735,45.339
b580,3b,4w,parent,sarc_linear_q4gsw_coopmat_t128x128k16g44s16m8fli_texture3d_texture2d_half,2048,3072,8192,2.3631,43.62
b580,3b,4w,parent,sarc_linear_q4gsw_coopmat_t128x128k16g44s16m8fli_texture3d_texture2d_half,2048,3072,3072,0.8699,44.438
b580,3b,4w,parent,sarc_linear_q4gsw_coopmat_t128x128k16g44s16m8fli_texture3d_texture2d_half,2048,1024,3072,0.3236,39.818
b580,3b,4w,parent,sarc_linear_q4gsw_coopmat_t128x128k16g44s16m8fli_texture3d_texture2d_half,2048,1024,3072,0.3222,39.985
b580,3b,4w,parent,sarc_linear_q4gsw_coopmat_t128x128k16g44s16m8fli_texture3d_texture2d_half,2048,3072,3072,0.8496,45.499
b580,3b,4w,parent,sarc_linear_q4gsw_coopmat_t128x128k16g44s16m8fli_texture3d_texture2d_half,2048,8192,3072,2.2644,45.521
b580,3b,4w,parent,sarc_linear_q4gsw_coopmat_t128x128k16g44s16m8fli_texture3d_texture2d_half,2048,8192,3072,2.2472,45.87
b580,3b,4w,parent,sarc_linear_q4gsw_coopmat_t128x128k16g44s16m8fli_texture3d_texture2d_half,2048,3072,8192,2.3787,43.334
b580,3b,4w,parent,sarc_linear_q4gsw_coopmat_t128x128k16g44s16m8fli_texture3d_texture2d_half,2048,3072,3072,0.852,45.371
b580,3b,4w,parent,sarc_linear_q4gsw_coopmat_t128x128k16g44s16m8fli_texture3d_texture2d_half,2048,1024,3072,0.3454,37.306
b580,3b,4w,parent,sarc_linear_q4gsw_coopmat_t128x128k16g44s16m8fli_texture3d_texture2d_half,2048,1024,3072,0.323,39.888
b580,3b,4w,parent,sarc_linear_q4gsw_coopmat_t128x128k16g44s16m8fli_texture3d_texture2d_half,2048,3072,3072,0.8719,44.335
b580,3b,4w,parent,sarc_linear_q4gsw_coopmat_t128x128k16g44s16m8fli_texture3d_texture2d_half,2048,8192,3072,2.32,44.43
b580,3b,4w,parent,sarc_linear_q4gsw_coopmat_t128x128k16g44s16m8fli_texture3d_texture2d_half,2048,8192,3072,2.7101,38.035
b580,3b,4w,parent,sarc_linear_q4gsw_coopmat_t128x128k16g44s16m8fli_texture3d_texture2d_half,2048,3072,8192,2.8612,36.026
b580,3b,4w,parent,sarc_linear_q4gsw_coopmat_t128x128k16g44s16m8fli_texture3d_texture2d_half,2048,3072,3072,0.8506,45.446
b580,3b,4w,parent,sarc_linear_q4gsw_coopmat_t128x128k16g44s16m8fli_texture3d_texture2d_half,2048,1024,3072,0.3243,39.728
b580,3b,4w,parent,sarc_linear_q4gsw_coopmat_t128x128k16g44s16m8fli_texture3d_texture2d_half,2048,1024,3072,0.3222,39.991
b580,3b,4w,parent,sarc_linear_q4gsw_coopmat_t128x128k16g44s16m8fli_texture3d_texture2d_half,2048,3072,3072,0.8539,45.269
b580,3b,4w,parent,sarc_linear_q4gsw_coopmat_t128x128k16g44s16m8fli_texture3d_texture2d_half,2048,8192,3072,2.2307,46.208
b580,3b,4w,parent,sarc_linear_q4gsw_coopmat_t128x128k16g44s16m8fli_texture3d_texture2d_half,2048,8192,3072,2.2793,45.224
b580,3b,4w,parent,sarc_linear_q4gsw_coopmat_t128x128k16g44s16m8fli_texture3d_texture2d_half,2048,3072,8192,2.3616,43.648
b580,3b,4w,parent,sarc_linear_q4gsw_coopmat_t128x128k16g44s16m8fli_texture3d_texture2d_half,2048,3072,3072,0.8532,45.307
b580,3b,4w,parent,sarc_linear_q4gsw_coopmat_t128x128k16g44s16m8fli_texture3d_texture2d_half,2048,1024,3072,0.326,39.526
b580,3b,4w,parent,sarc_linear_q4gsw_coopmat_t128x128k16g44s16m8fli_texture3d_texture2d_half,2048,1024,3072,0.3219,40.03
b580,3b,4w,parent,sarc_linear_q4gsw_coopmat_t128x128k16g44s16m8fli_texture3d_texture2d_half,2048,3072,3072,0.8529,45.324
b580,3b,4w,parent,sarc_linear_q4gsw_coopmat_t128x128k16g44s16m8fli_texture3d_texture2d_half,2048,8192,3072,2.2559,45.694
b580,3b,4w,parent,sarc_linear_q4gsw_coopmat_t128x128k16g44s16m8fli_texture3d_texture2d_half,2048,8192,3072,2.2975,44.867
b580,3b,4w,parent,sarc_linear_q4gsw_coopmat_t128x128k16g44s16m8fli_texture3d_texture2d_half,2048,3072,8192,3.4086,30.241
b580,3b,4w,parent,sarc_linear_q4gsw_coopmat_t128x128k16g44s16m8fli_texture3d_texture2d_half,2048,3072,3072,0.8566,45.126
b580,3b,4w,parent,sarc_linear_q4gsw_coopmat_t128x128k16g44s16m8fli_texture3d_texture2d_half,2048,1024,3072,0.3281,39.269
b580,3b,4w,parent,sarc_linear_q4gsw_coopmat_t128x128k16g44s16m8fli_texture3d_texture2d_half,2048,1024,3072,0.3495,36.868
b580,3b,4w,parent,sarc_linear_q4gsw_coopmat_t128x128k16g44s16m8fli_texture3d_texture2d_half,2048,3072,3072,0.8486,45.549
b580,3b,4w,parent,sarc_linear_q4gsw_coopmat_t128x128k16g44s16m8fli_texture3d_texture2d_half,2048,8192,3072,2.2876,45.06
b580,3b,4w,parent,sarc_linear_q4gsw_coopmat_t128x128k16g44s16m8fli_texture3d_texture2d_half,2048,8192,3072,2.263,45.55
b580,3b,4w,parent,sarc_linear_q4gsw_coopmat_t128x128k16g44s16m8fli_texture3d_texture2d_half,2048,3072,8192,2.3661,43.565
b580,3b,4w,parent,sarc_linear_q4gsw_coopmat_t128x128k16g44s16m8fli_texture3d_texture2d_half,2048,3072,3072,0.8561,45.151
b580,3b,4w,parent,sarc_linear_q4gsw_coopmat_t128x128k16g44s16m8fli_texture3d_texture2d_half,2048,1024,3072,0.3457,37.267
b580,3b,4w,parent,sarc_linear_q4gsw_coopmat_t128x128k16g44s16m8fli_texture3d_texture2d_half,2048,1024,3072,0.3238,39.792
b580,3b,4w,parent,sarc_linear_q4gsw_coopmat_t128x128k16g44s16m8fli_texture3d_texture2d_half,2048,3072,3072,0.8565,45.129
b580,3b,4w,parent,sarc_linear_q4gsw_coopmat_t128x128k16g44s16m8fli_texture3d_texture2d_half,2048,8192,3072,2.2664,45.481
b580,3b,4w,parent,sarc_linear_q4gsw_coopmat_t128x128k16g44s16m8fli_texture3d_texture2d_half,2048,8192,3072,2.4672,41.78
b580,3b,4w,parent,sarc_linear_q4gsw_coopmat_t128x128k16g44s16m8fli_texture3d_texture2d_half,2048,3072,8192,2.9056,35.477
b580,3b,4w,parent,sarc_linear_q4gsw_coopmat_t128x128k16g44s16m8fli_texture3d_texture2d_half,2048,3072,3072,0.8549,45.217
b580,3b,4w,parent,sarc_linear_q4gsw_coopmat_t128x128k16g44s16m8fli_texture3d_texture2d_half,2048,1024,3072,0.3446,37.396
b580,3b,4w,parent,sarc_linear_q4gsw_coopmat_t128x128k16g44s16m8fli_texture3d_texture2d_half,2048,1024,3072,0.3222,39.985
b580,3b,4w,parent,sarc_linear_q4gsw_coopmat_t128x128k16g44s16m8fli_texture3d_texture2d_half,2048,3072,3072,0.8684,44.513
b580,3b,4w,parent,sarc_linear_q4gsw_coopmat_t128x128k16g44s16m8fli_texture3d_texture2d_half,2048,8192,3072,2.2628,45.553
b580,3b,4w,parent,sarc_linear_q4gsw_coopmat_t128x128k16g44s16m8fli_texture3d_texture2d_half,2048,8192,3072,2.2707,45.396
b580,3b,4w,parent,sarc_linear_q4gsw_coopmat_t128x128k16g44s16m8fli_texture3d_texture2d_half,2048,3072,8192,2.373,43.438
b580,3b,4w,parent,sarc_linear_q4gsw_coopmat_t128x128k16g44s16m8fli_texture3d_texture2d_half,2048,3072,3072,0.8549,45.214
b580,3b,4w,parent,sarc_linear_q4gsw_coopmat_t128x128k16g44s16m8fli_texture3d_texture2d_half,2048,1024,3072,0.3267,39.438
b580,3b,4w,parent,sarc_linear_q4gsw_coopmat_t128x128k16g44s16m8fli_texture3d_texture2d_half,2048,1024,3072,0.3233,39.856
b580,3b,4w,parent,sarc_linear_q4gsw_coopmat_t128x128k16g44s16m8fli_texture3d_texture2d_half,2048,3072,3072,0.8572,45.093
b580,3b,4w,parent,sarc_linear_q4gsw_coopmat_t128x128k16g44s16m8fli_texture3d_texture2d_half,2048,8192,3072,2.2686,45.437
b580,3b,4w,parent,sarc_linear_q4gsw_coopmat_t128x128k16g44s16m8fli_texture3d_texture2d_half,2048,8192,3072,2.259,45.63
b580,3b,4w,parent,sarc_linear_q4gsw_coopmat_t128x128k16g44s16m8fli_texture3d_texture2d_half,2048,3072,8192,2.5784,39.978
b580,3b,4w,parent,sarc_linear_q4gsw_coopmat_t128x128k16g44s16m8fli_texture3d_texture2d_half,2048,3072,3072,1.0669,36.23
b580,3b,4w,parent,sarc_linear_q4gsw_coopmat_t128x128k16g44s16m8fli_texture3d_texture2d_half,2048,1024,3072,0.3259,39.532
b580,3b,4w,parent,sarc_linear_q4gsw_coopmat_t128x128k16g44s16m8fli_texture3d_texture2d_half,2048,1024,3072,0.326,39.526
b580,3b,4w,parent,sarc_linear_q4gsw_coopmat_t128x128k16g44s16m8fli_texture3d_texture2d_half,2048,3072,3072,0.9125,42.362
b580,3b,4w,parent,sarc_linear_q4gsw_coopmat_t128x128k16g44s16m8fli_texture3d_texture2d_half,2048,8192,3072,2.4406,42.235
b580,3b,4w,parent,sarc_linear_q4gsw_coopmat_t128x128k16g44s16m8fli_texture3d_texture2d_half,2048,8192,3072,2.2785,45.24
b580,3b,4w,parent,sarc_linear_q4gsw_coopmat_t128x128k16g44s16m8fli_texture3d_texture2d_half,2048,3072,8192,2.3774,43.358
b580,3b,4w,parent,sarc_linear_q4gsw_coopmat_t128x128k16g44s16m8fli_texture3d_texture2d_half,2048,3072,3072,0.8558,45.167
b580,3b,4w,parent,sarc_linear_q4gsw_coopmat_t128x128k16g44s16m8fli_texture3d_texture2d_half,2048,1024,3072,0.3456,37.284
b580,3b,4w,parent,sarc_linear_q4gsw_coopmat_t128x128k16g44s16m8fli_texture3d_texture2d_half,2048,1024,3072,0.3443,37.424
b580,3b,4w,parent,sarc_linear_q4gsw_coopmat_t128x128k16g44s16m8fli_texture3d_texture2d_half,2048,3072,3072,0.8681,44.529
b580,3b,4w,parent,sarc_linear_q4gsw_coopmat_t128x128k16g44s16m8fli_texture3d_texture2d_half,2048,8192,3072,2.5299,40.745
b580,3b,4w,parent,sarc_linear_q4gsw_coopmat_t128x128k16g44s16m8fli_texture3d_texture2d_half,2048,8192,3072,3.3458,30.808
b580,3b,4w,parent,sarc_linear_q4gsw_coopmat_t128x128k16g44s16m8fli_texture3d_texture2d_half,2048,3072,8192,2.4029,42.897
b580,3b,4w,parent,sarc_linear_q4gsw_coopmat_t128x128k16g44s16m8fli_texture3d_texture2d_half,2048,3072,3072,0.8873,43.563
b580,3b,4w,parent,sarc_linear_q4gsw_coopmat_t128x128k16g44s16m8fli_texture3d_texture2d_half,2048,1024,3072,0.328,39.281
b580,3b,4w,parent,sarc_linear_q4gsw_coopmat_t128x128k16g44s16m8fli_texture3d_texture2d_half,2048,1024,3072,0.3231,39.876
b580,3b,4w,parent,sarc_linear_q4gsw_coopmat_t128x128k16g44s16m8fli_texture3d_texture2d_half,2048,3072,3072,0.8568,45.118
b580,3b,4w,parent,sarc_linear_q4gsw_coopmat_t128x128k16g44s16m8fli_texture3d_texture2d_half,2048,8192,3072,2.2657,45.496
b580,3b,4w,parent,sarc_linear_q4gsw_coopmat_t128x128k16g44s16m8fli_texture3d_texture2d_half,2048,8192,3072,2.9306,35.174
b580,3b,4w,parent,sarc_linear_q4gsw_coopmat_t128x128k16g44s16m8fli_texture3d_texture2d_half,2048,3072,8192,2.3682,43.527
b580,3b,4w,parent,sarc_linear_q4gsw_coopmat_t128x128k16g44s16m8fli_texture3d_texture2d_half,2048,3072,3072,0.8583,45.036
b580,3b,4w,parent,sarc_linear_q4gsw_coopmat_t128x128k16g44s16m8fli_texture3d_texture2d_half,2048,1024,3072,0.3412,37.761
b580,3b,4w,parent,sarc_linear_q4gsw_coopmat_t128x128k16g44s16m8fli_texture3d_texture2d_half,2048,1024,3072,0.3272,39.375
b580,3b,4w,parent,sarc_linear_q4gsw_coopmat_t128x128k16g44s16m8fli_texture3d_texture2d_half,2048,3072,3072,0.8589,45.003
b580,3b,4w,parent,sarc_linear_q4gsw_coopmat_t128x128k16g44s16m8fli_texture3d_texture2d_half,2048,8192,3072,2.2593,45.624
b580,3b,4w,parent,sarc_linear_q4gsw_coopmat_t128x128k16g44s16m8fli_texture3d_texture2d_half,2048,8192,3072,2.2813,45.184
b580,3b,4w,parent,sarc_linear_q4gsw_coopmat_t128x128k16g44s16m8fli_texture3d_texture2d_half,2048,3072,8192,2.3956,43.028
b580,3b,4w,parent,sarc_linear_q4gsw_coopmat_t128x128k16g44s16m8fli_texture3d_texture2d_half,2048,3072,3072,0.8595,44.976
b580,3b,4w,parent,sarc_linear_q4gsw_coopmat_t128x128k16g44s16m8fli_texture3d_texture2d_half,2048,1024,3072,0.3286,39.207
b580,3b,4w,parent,sarc_linear_q4gsw_coopmat_t128x128k16g44s16m8fli_texture3d_texture2d_half,2048,1024,3072,0.3428,37.583
b580,3b,4w,parent,sarc_linear_q4gsw_coopmat_t128x128k16g44s16m8fli_texture3d_texture2d_half,2048,3072,3072,0.8843,43.712
b580,3b,4w,parent,sarc_linear_q4gsw_coopmat_t128x128k16g44s16m8fli_texture3d_texture2d_half,2048,8192,3072,2.2762,45.285
b580,3b,4w,parent,sarc_linear_q4gsw_coopmat_t128x128k16g44s16m8fli_texture3d_texture2d_half,2048,8192,3072,2.2683,45.444
b580,3b,4w,parent,sarc_linear_q4gsw_coopmat_t128x128k16g44s16m8fli_texture3d_texture2d_half,2048,3072,8192,2.3666,43.555
b580,3b,4w,parent,sarc_linear_q4gsw_coopmat_t128x128k16g44s16m8fli_texture3d_texture2d_half,2048,3072,3072,0.8849,43.681
b580,3b,4w,parent,sarc_linear_q4gsw_coopmat_t128x128k16g44s16m8fli_texture3d_texture2d_half,2048,1024,3072,0.3318,38.832
b580,3b,4w,parent,sarc_linear_q4gsw_coopmat_t128x128k16g44s16m8fli_texture3d_texture2d_half,2048,1024,3072,0.4324,29.796
b580,3b,4w,parent,sarc_linear_q4gsw_coopmat_t128x128k16g44s16m8fli_texture3d_texture2d_half,2048,3072,3072,0.9214,41.953
b580,3b,4w,parent,sarc_linear_q4gsw_coopmat_t128x128k16g44s16m8fli_texture3d_texture2d_half,2048,8192,3072,2.3046,44.728
b580,3b,4w,parent,sarc_linear_q4gsw_coopmat_t128x128k16g44s16m8fli_texture3d_texture2d_half,2048,8192,3072,2.2821,45.169
b580,3b,4w,parent,sarc_linear_q4gsw_coopmat_t128x128k16g44s16m8fli_texture3d_texture2d_half,2048,3072,8192,2.3948,43.044
b580,3b,4w,parent,sarc_linear_q4gsw_coopmat_t128x128k16g44s16m8fli_texture3d_texture2d_half,2048,3072,3072,0.8576,45.074
b580,3b,4w,parent,sarc_linear_q4gsw_coopmat_t128x128k16g44s16m8fli_texture3d_texture2d_half,2048,1024,3072,0.3312,38.899
b580,3b,4w,parent,sarc_linear_q4gsw_coopmat_t128x128k16g44s16m8fli_texture3d_texture2d_half,2048,1024,3072,0.3264,39.482
b580,3b,4w,parent,sarc_linear_q4gsw_coopmat_t128x128k16g44s16m8fli_texture3d_texture2d_half,2048,3072,3072,0.8623,44.829
b580,3b,4w,parent,sarc_linear_q4gsw_coopmat_t128x128k16g44s16m8fli_texture3d_texture2d_half,2048,8192,3072,2.2659,45.492
b580,3b,4w,parent,sarc_linear_q4gsw_coopmat_t128x128k16g44s16m8fli_texture3d_texture2d_half,2048,8192,3072,2.265,45.509
b580,3b,4w,parent,sarc_linear_q4gsw_coopmat_t128x128k16g44s16m8fli_texture3d_texture2d_half,2048,3072,8192,2.3937,43.062
b580,3b,4w,parent,sarc_linear_q4gsw_coopmat_t128x128k16g44s16m8fli_texture3d_texture2d_half,2048,3072,3072,0.8777,44.041
b580,3b,4w,parent,sarc_linear_q4gsw_coopmat_t128x128k16g44s16m8fli_texture3d_texture2d_half,2048,1024,3072,0.3321,38.802
b580,3b,4w,parent,sarc_linear_q4gsw_coopmat_t128x128k16g44s16m8fli_texture3d_texture2d_half,2048,1024,3072,0.3264,39.482
b580,3b,4w,parent,sarc_linear_q4gsw_coopmat_t128x128k16g44s16m8fli_texture3d_texture2d_half,2048,3072,3072,0.8649,44.692
b580,3b,4w,parent,sarc_linear_q4gsw_coopmat_t128x128k16g44s16m8fli_texture3d_texture2d_half,2048,8192,3072,2.2552,45.707
b580,3b,4w,parent,sarc_linear_q4gsw_coopmat_t128x128k16g44s16m8fli_texture3d_texture2d_half,2048,8192,3072,2.4204,42.587
b580,3b,4w,parent,sarc_linear_q4gsw_coopmat_t128x128k16g44s16m8fli_texture3d_texture2d_half,2048,3072,8192,2.6131,39.448
b580,3b,4w,parent,sarc_linear_q4gsw_coopmat_t128x128k16g44s16m8fli_texture3d_texture2d_half,2048,3072,3072,1.3761,28.089
b580,3b,4w,parent,sarc_linear_q4gsw_coopmat_t128x128k16g44s16m8fli_texture3d_texture2d_half,2048,1024,3072,0.3298,39.065
b580,3b,4w,parent,sarc_linear_q4gsw_coopmat_t128x128k16g44s16m8fli_texture3d_texture2d_half,2048,1024,3072,0.3256,39.57
b580,3b,4w,parent,sarc_linear_q4gsw_coopmat_t128x128k16g44s16m8fli_texture3d_texture2d_half,2048,3072,3072,0.8622,44.835
b580,3b,4w,parent,sarc_linear_q4gsw_coopmat_t128x128k16g44s16m8fli_texture3d_texture2d_half,2048,8192,3072,2.3196,44.438
b580,3b,4w,parent,sarc_linear_q4gsw_coopmat_t128x128k16g44s16m8fli_texture3d_texture2d_half,2048,8192,3072,2.3308,44.225
b580,3b,4w,parent,sarc_linear_q4gsw_coopmat_t128x128k16g44s16m8fli_texture3d_texture2d_half,2048,3072,8192,2.3749,43.404
b580,3b,4w,parent,sarc_linear_q4gsw_coopmat_t128x128k16g44s16m8fli_texture3d_texture2d_half,2048,3072,3072,0.8972,43.083
b580,3b,4w,parent,sarc_linear_q4gsw_coopmat_t128x128k16g44s16m8fli_texture3d_texture2d_half,2048,1024,3072,0.3323,38.771
b580,3b,4w,parent,sarc_linear_q4gsw_coopmat_t128x128k16g44s16m8fli_texture3d_texture2d_half,2048,1024,3072,0.3268,39.425
b580,3b,4w,parent,sarc_linear_q4gsw_coopmat_t128x128k16g44s16m8fli_texture3d_texture2d_half,2048,3072,3072,0.8614,44.873
b580,3b,4w,parent,sarc_linear_q4gsw_coopmat_t128x128k16g44s16m8fli_texture3d_texture2d_half,2048,8192,3072,2.2895,45.022
b580,3b,4w,parent,sarc_linear_q4gsw_coopmat_t128x128k16g44s16m8fli_texture3d_texture2d_half,2048,8192,3072,2.285,45.111
b580,3b,4w,parent,sarc_linear_q4gsw_coopmat_t128x128k16g44s16m8fli_texture3d_texture2d_half,2048,3072,8192,3.0007,34.352
b580,3b,4w,parent,sarc_linear_q4gsw_coopmat_t128x128k16g44s16m8fli_texture3d_texture2d_half,2048,3072,3072,0.8602,44.938
b580,3b,4w,parent,sarc_linear_q4gsw_coopmat_t128x128k16g44s16m8fli_texture3d_texture2d_half,2048,1024,3072,0.3306,38.979
b580,3b,4w,parent,sarc_linear_q4gsw_coopmat_t128x128k16g44s16m8fli_texture3d_texture2d_half,2048,1024,3072,0.3265,39.463
b580,3b,4w,parent,sarc_linear_q4gsw_coopmat_t128x128k16g44s16m8fli_texture3d_texture2d_half,2048,3072,3072,0.8592,44.987
b580,3b,4w,parent,sarc_linear_q4gsw_coopmat_t128x128k16g44s16m8fli_texture3d_texture2d_half,2048,8192,3072,2.2765,45.28
b580,3b,4w,parent,sarc_linear_q4gsw_coopmat_t128x128k16g44s16m8fli_texture3d_texture2d_half,2048,8192,3072,2.2639,45.532
b580,3b,4w,parent,sarc_linear_q4gsw_coopmat_t128x128k16g44s16m8fli_texture3d_texture2d_half,2048,3072,8192,2.3836,43.245
b580,3b,4w,parent,sarc_linear_q4gsw_coopmat_t128x128k16g44s16m8fli_texture3d_texture2d_half,2048,3072,3072,0.8779,44.033
b580,3b,4w,parent,sarc_linear_q4gsw_coopmat_t128x128k16g44s16m8fli_texture3d_texture2d_half,2048,1024,3072,0.3308,38.948
b580,3b,4w,parent,sarc_linear_q4gsw_coopmat_t128x128k16g44s16m8fli_texture3d_texture2d_half,2048,1024,3072,0.3258,39.545
b580,3b,4w,parent,sarc_linear_q4gsw_coopmat_t128x128k16g44s16m8fli_texture3d_texture2d_half,2048,3072,3072,0.8671,44.579
b580,3b,4w,parent,sarc_linear_q4gsw_coopmat_t128x128k16g44s16m8fli_texture3d_texture2d_half,2048,8192,3072,2.2449,45.916
b580,3b,4w,parent,sarc_linear_q4gsw_coopmat_t128x128k16g44s16m8fli_texture3d_texture2d_half,2048,8192,3072,2.2627,45.555
b580,3b,4w,parent,sarc_linear_q4gsw_coopmat_t128x128k16g44s16m8fli_texture3d_texture2d_half,2048,3072,8192,2.42,42.594
b580,3b,4w,parent,sarc_linear_q4gsw_coopmat_t128x128k16g44s16m8fli_texture3d_texture2d_half,2048,3072,3072,0.8628,44.8
b580,3b,4w,parent,sarc_linear_q4gsw_coopmat_t128x128k16g44s16m8fli_texture3d_texture2d_half,2048,1024,3072,0.3315,38.868
b580,3b,4w,parent,sarc_linear_q4gsw_coopmat_t128x128k16g44s16m8fli_texture3d_texture2d_half,2048,1024,3072,0.3478,37.044
b580,3b,4w,parent,sarc_linear_q4gsw_coopmat_t128x128k16g44s16m8fli_texture3d_texture2d_half,2048,3072,3072,0.861,44.894
b580,3b,4w,parent,sarc_linear_q4gsw_coopmat_t128x128k16g44s16m8fli_texture3d_texture2d_half,2048,8192,3072,3.1922,32.291
b580,3b,4w,parent,sarc_linear_q4gsw_coopmat_t128x128k16g44s16m8fli_texture3d_texture2d_half,2048,8192,3072,2.3354,44.137
b580,3b,4w,parent,sarc_linear_q4gsw_coopmat_t128x128k16g44s16m8fli_texture3d_texture2d_half,2048,3072,8192,2.4093,42.784
b580,3b,4w,parent,sarc_linear_q4gsw_coopmat_t128x128k16g44s16m8fli_texture3d_texture2d_half,2048,3072,3072,0.8634,44.77
b580,3b,4w,parent,sarc_linear_q4gsw_coopmat_t128x128k16g44s16m8fli_texture3d_texture2d_half,2048,1024,3072,0.3497,36.846
b580,3b,4w,parent,sarc_linear_q4gsw_coopmat_t128x128k16g44s16m8fli_texture3d_texture2d_half,2048,1024,3072,0.3278,39.306
b580,3b,4w,parent,sarc_linear_q4gsw_coopmat_t128x128k16g44s16m8fli_texture3d_texture2d_half,2048,3072,3072,0.862,44.843
b580,3b,4w,parent,sarc_linear_q4gsw_coopmat_t128x128k16g44s16m8fli_texture3d_texture2d_half,2048,8192,3072,2.3205,44.421
b580,3b,4w,parent,sarc_linear_q4gsw_coopmat_t128x128k16g44s16m8fli_texture3d_texture2d_half,2048,8192,3072,2.2645,45.52
b580,3b,4w,parent,sarc_linear_q4gsw_coopmat_t128x128k16g44s16m8fli_texture3d_texture2d_half,2048,3072,8192,2.3571,43.732
b580,3b,4w,parent,sarc_linear_q4gsw_coopmat_t128x128k16g44s16m8fli_texture3d_texture2d_half,2048,3072,3072,0.8783,44.012
b580,3b,4w,parent,sarc_linear_q4gsw_coopmat_t128x128k16g44s16m8fli_texture3d_texture2d_half,2048,1024,3072,0.3322,38.789
b580,3b,4w,parent,sarc_linear_q4gsw_coopmat_t128x128k16g44s16m8fli_texture3d_texture2d_half,2048,1024,3072,0.3253,39.614
b580,3b,4w,parent,sarc_linear_q4gsw_coopmat_t128x128k16g44s16m8fli_texture3d_texture2d_half,2048,3072,3072,0.8791,43.973
b580,3b,4w,parent,sarc_linear_q4gsw_coopmat_t128x128k16g44s16m8fli_texture3d_texture2d_half,2048,8192,3072,2.9972,34.392
b580,3b,4w,parent,sarc_linear_q4gsw_coopmat_t128x128k16g44s16m8fli_texture3d_texture2d_half,2048,8192,3072,2.2656,45.498
b580,3b,4w,parent,sarc_linear_q4gsw_coopmat_t128x128k16g44s16m8fli_texture3d_texture2d_half,2048,3072,8192,2.4164,42.657
b580,3b,8da4w,cand,sarc_dev_linear_dq8ca_coopmat_zpg_xe2bt_t128x128k64g84s16m8_texture3d_texture2d_half,2048,3072,3072,0.5305,72.871
b580,3b,8da4w,cand,sarc_dev_linear_dq8ca_coopmat_zpg_xe2bt_t128x128k64g84s16m8_texture3d_texture2d_half,2048,1024,3072,0.2467,52.232
b580,3b,8da4w,cand,sarc_dev_linear_dq8ca_coopmat_zpg_xe2bt_t128x128k64g84s16m8_texture3d_texture2d_half,2048,1024,3072,0.2104,61.242
b580,3b,8da4w,cand,sarc_dev_linear_dq8ca_coopmat_zpg_xe2bt_t128x128k64g84s16m8_texture3d_texture2d_half,2048,3072,3072,0.5282,73.18
b580,3b,8da4w,cand,sarc_dev_linear_dq8ca_coopmat_zpg_xe2bt_t128x128k64g84s16m8_texture3d_texture2d_half,2048,8192,3072,1.4894,69.207
b580,3b,8da4w,cand,sarc_dev_linear_dq8ca_coopmat_zpg_xe2bt_t128x128k64g84s16m8_texture3d_texture2d_half,2048,8192,3072,1.4571,70.743
b580,3b,8da4w,cand,sarc_dev_linear_dq8ca_coopmat_zpg_xe2bt_t128x128k64g84s16m8_texture3d_texture2d_half,2048,3072,8192,1.5746,65.463
b580,3b,8da4w,cand,sarc_dev_linear_dq8ca_coopmat_zpg_xe2bt_t128x128k64g84s16m8_texture3d_texture2d_half,2048,3072,3072,0.5293,73.036
b580,3b,8da4w,cand,sarc_dev_linear_dq8ca_coopmat_zpg_xe2bt_t128x128k64g84s16m8_texture3d_texture2d_half,2048,1024,3072,0.2057,62.636
b580,3b,8da4w,cand,sarc_dev_linear_dq8ca_coopmat_zpg_xe2bt_t128x128k64g84s16m8_texture3d_texture2d_half,2048,1024,3072,0.2003,64.343
b580,3b,8da4w,cand,sarc_dev_linear_dq8ca_coopmat_zpg_xe2bt_t128x128k64g84s16m8_texture3d_texture2d_half,2048,3072,3072,0.5213,74.151
b580,3b,8da4w,cand,sarc_dev_linear_dq8ca_coopmat_zpg_xe2bt_t128x128k64g84s16m8_texture3d_texture2d_half,2048,8192,3072,1.4875,69.296
b580,3b,8da4w,cand,sarc_dev_linear_dq8ca_coopmat_zpg_xe2bt_t128x128k64g84s16m8_texture3d_texture2d_half,2048,8192,3072,1.4668,70.277
b580,3b,8da4w,cand,sarc_dev_linear_dq8ca_coopmat_zpg_xe2bt_t128x128k64g84s16m8_texture3d_texture2d_half,2048,3072,8192,1.5911,64.783
b580,3b,8da4w,cand,sarc_dev_linear_dq8ca_coopmat_zpg_xe2bt_t128x128k64g84s16m8_texture3d_texture2d_half,2048,3072,3072,0.5225,73.974
b580,3b,8da4w,cand,sarc_dev_linear_dq8ca_coopmat_zpg_xe2bt_t128x128k64g84s16m8_texture3d_texture2d_half,2048,1024,3072,0.2072,62.18
b580,3b,8da4w,cand,sarc_dev_linear_dq8ca_coopmat_zpg_xe2bt_t128x128k64g84s16m8_texture3d_texture2d_half,2048,1024,3072,0.2023,63.682
b580,3b,8da4w,cand,sarc_dev_linear_dq8ca_coopmat_zpg_xe2bt_t128x128k64g84s16m8_texture3d_texture2d_half,2048,3072,3072,0.5328,72.551
b580,3b,8da4w,cand,sarc_dev_linear_dq8ca_coopmat_zpg_xe2bt_t128x128k64g84s16m8_texture3d_texture2d_half,2048,8192,3072,1.4894,69.207
b580,3b,8da4w,cand,sarc_dev_linear_dq8ca_coopmat_zpg_xe2bt_t128x128k64g84s16m8_texture3d_texture2d_half,2048,8192,3072,1.4614,70.534
b580,3b,8da4w,cand,sarc_dev_linear_dq8ca_coopmat_zpg_xe2bt_t128x128k64g84s16m8_texture3d_texture2d_half,2048,3072,8192,1.5988,64.473
b580,3b,8da4w,cand,sarc_dev_linear_dq8ca_coopmat_zpg_xe2bt_t128x128k64g84s16m8_texture3d_texture2d_half,2048,3072,3072,0.5227,73.959
b580,3b,8da4w,cand,sarc_dev_linear_dq8ca_coopmat_zpg_xe2bt_t128x128k64g84s16m8_texture3d_texture2d_half,2048,1024,3072,0.2123,60.687
b580,3b,8da4w,cand,sarc_dev_linear_dq8ca_coopmat_zpg_xe2bt_t128x128k64g84s16m8_texture3d_texture2d_half,2048,1024,3072,0.2042,63.114
b580,3b,8da4w,cand,sarc_dev_linear_dq8ca_coopmat_zpg_xe2bt_t128x128k64g84s16m8_texture3d_texture2d_half,2048,3072,3072,0.5338,72.41
b580,3b,8da4w,cand,sarc_dev_linear_dq8ca_coopmat_zpg_xe2bt_t128x128k64g84s16m8_texture3d_texture2d_half,2048,8192,3072,1.9975,51.603
b580,3b,8da4w,cand,sarc_dev_linear_dq8ca_coopmat_zpg_xe2bt_t128x128k64g84s16m8_texture3d_texture2d_half,2048,8192,3072,1.4879,69.277
b580,3b,8da4w,cand,sarc_dev_linear_dq8ca_coopmat_zpg_xe2bt_t128x128k64g84s16m8_texture3d_texture2d_half,2048,3072,8192,1.6185,63.688
b580,3b,8da4w,cand,sarc_dev_linear_dq8ca_coopmat_zpg_xe2bt_t128x128k64g84s16m8_texture3d_texture2d_half,2048,3072,3072,0.522,74.055
b580,3b,8da4w,cand,sarc_dev_linear_dq8ca_coopmat_zpg_xe2bt_t128x128k64g84s16m8_texture3d_texture2d_half,2048,1024,3072,0.2384,54.055
b580,3b,8da4w,cand,sarc_dev_linear_dq8ca_coopmat_zpg_xe2bt_t128x128k64g84s16m8_texture3d_texture2d_half,2048,1024,3072,0.2035,63.308
b580,3b,8da4w,cand,sarc_dev_linear_dq8ca_coopmat_zpg_xe2bt_t128x128k64g84s16m8_texture3d_texture2d_half,2048,3072,3072,0.5253,73.585
b580,3b,8da4w,cand,sarc_dev_linear_dq8ca_coopmat_zpg_xe2bt_t128x128k64g84s16m8_texture3d_texture2d_half,2048,8192,3072,1.491,69.132
b580,3b,8da4w,cand,sarc_dev_linear_dq8ca_coopmat_zpg_xe2bt_t128x128k64g84s16m8_texture3d_texture2d_half,2048,8192,3072,1.4576,70.718
b580,3b,8da4w,cand,sarc_dev_linear_dq8ca_coopmat_zpg_xe2bt_t128x128k64g84s16m8_texture3d_texture2d_half,2048,3072,8192,2.202,46.812
b580,3b,8da4w,cand,sarc_dev_linear_dq8ca_coopmat_zpg_xe2bt_t128x128k64g84s16m8_texture3d_texture2d_half,2048,3072,3072,0.6787,56.958
b580,3b,8da4w,cand,sarc_dev_linear_dq8ca_coopmat_zpg_xe2bt_t128x128k64g84s16m8_texture3d_texture2d_half,2048,1024,3072,0.2115,60.926
b580,3b,8da4w,cand,sarc_dev_linear_dq8ca_coopmat_zpg_xe2bt_t128x128k64g84s16m8_texture3d_texture2d_half,2048,1024,3072,0.1961,65.708
b580,3b,8da4w,cand,sarc_dev_linear_dq8ca_coopmat_zpg_xe2bt_t128x128k64g84s16m8_texture3d_texture2d_half,2048,3072,3072,0.589,65.633
b580,3b,8da4w,cand,sarc_dev_linear_dq8ca_coopmat_zpg_xe2bt_t128x128k64g84s16m8_texture3d_texture2d_half,2048,8192,3072,1.5179,67.91
b580,3b,8da4w,cand,sarc_dev_linear_dq8ca_coopmat_zpg_xe2bt_t128x128k64g84s16m8_texture3d_texture2d_half,2048,8192,3072,1.5988,64.471
b580,3b,8da4w,cand,sarc_dev_linear_dq8ca_coopmat_zpg_xe2bt_t128x128k64g84s16m8_texture3d_texture2d_half,2048,3072,8192,1.5697,65.667
b580,3b,8da4w,cand,sarc_dev_linear_dq8ca_coopmat_zpg_xe2bt_t128x128k64g84s16m8_texture3d_texture2d_half,2048,3072,3072,0.5221,74.032
b580,3b,8da4w,cand,sarc_dev_linear_dq8ca_coopmat_zpg_xe2bt_t128x128k64g84s16m8_texture3d_texture2d_half,2048,1024,3072,0.2069,62.274
b580,3b,8da4w,cand,sarc_dev_linear_dq8ca_coopmat_zpg_xe2bt_t128x128k64g84s16m8_texture3d_texture2d_half,2048,1024,3072,0.1995,64.595
b580,3b,8da4w,cand,sarc_dev_linear_dq8ca_coopmat_zpg_xe2bt_t128x128k64g84s16m8_texture3d_texture2d_half,2048,3072,3072,0.5129,75.361
b580,3b,8da4w,cand,sarc_dev_linear_dq8ca_coopmat_zpg_xe2bt_t128x128k64g84s16m8_texture3d_texture2d_half,2048,8192,3072,1.4673,70.252
b580,3b,8da4w,cand,sarc_dev_linear_dq8ca_coopmat_zpg_xe2bt_t128x128k64g84s16m8_texture3d_texture2d_half,2048,8192,3072,1.7124,60.195
b580,3b,8da4w,cand,sarc_dev_linear_dq8ca_coopmat_zpg_xe2bt_t128x128k64g84s16m8_texture3d_texture2d_half,2048,3072,8192,1.604,64.264
b580,3b,8da4w,cand,sarc_dev_linear_dq8ca_coopmat_zpg_xe2bt_t128x128k64g84s16m8_texture3d_texture2d_half,2048,3072,3072,0.5236,73.819
b580,3b,8da4w,cand,sarc_dev_linear_dq8ca_coopmat_zpg_xe2bt_t128x128k64g84s16m8_texture3d_texture2d_half,2048,1024,3072,0.2058,62.604
b580,3b,8da4w,cand,sarc_dev_linear_dq8ca_coopmat_zpg_xe2bt_t128x128k64g84s16m8_texture3d_texture2d_half,2048,1024,3072,0.2034,63.34
b580,3b,8da4w,cand,sarc_dev_linear_dq8ca_coopmat_zpg_xe2bt_t128x128k64g84s16m8_texture3d_texture2d_half,2048,3072,3072,0.5251,73.615
b580,3b,8da4w,cand,sarc_dev_linear_dq8ca_coopmat_zpg_xe2bt_t128x128k64g84s16m8_texture3d_texture2d_half,2048,8192,3072,1.5803,65.228
b580,3b,8da4w,cand,sarc_dev_linear_dq8ca_coopmat_zpg_xe2bt_t128x128k64g84s16m8_texture3d_texture2d_half,2048,8192,3072,1.4725,70.004
b580,3b,8da4w,cand,sarc_dev_linear_dq8ca_coopmat_zpg_xe2bt_t128x128k64g84s16m8_texture3d_texture2d_half,2048,3072,8192,1.5775,65.345
b580,3b,8da4w,cand,sarc_dev_linear_dq8ca_coopmat_zpg_xe2bt_t128x128k64g84s16m8_texture3d_texture2d_half,2048,3072,3072,0.5205,74.269
b580,3b,8da4w,cand,sarc_dev_linear_dq8ca_coopmat_zpg_xe2bt_t128x128k64g84s16m8_texture3d_texture2d_half,2048,1024,3072,0.2061,62.509
b580,3b,8da4w,cand,sarc_dev_linear_dq8ca_coopmat_zpg_xe2bt_t128x128k64g84s16m8_texture3d_texture2d_half,2048,1024,3072,0.1994,64.612
b580,3b,8da4w,cand,sarc_dev_linear_dq8ca_coopmat_zpg_xe2bt_t128x128k64g84s16m8_texture3d_texture2d_half,2048,3072,3072,0.5249,73.636
b580,3b,8da4w,cand,sarc_dev_linear_dq8ca_coopmat_zpg_xe2bt_t128x128k64g84s16m8_texture3d_texture2d_half,2048,8192,3072,1.489,69.226
b580,3b,8da4w,cand,sarc_dev_linear_dq8ca_coopmat_zpg_xe2bt_t128x128k64g84s16m8_texture3d_texture2d_half,2048,8192,3072,1.6074,64.127
b580,3b,8da4w,cand,sarc_dev_linear_dq8ca_coopmat_zpg_xe2bt_t128x128k64g84s16m8_texture3d_texture2d_half,2048,3072,8192,2.2107,46.628
b580,3b,8da4w,cand,sarc_dev_linear_dq8ca_coopmat_zpg_xe2bt_t128x128k64g84s16m8_texture3d_texture2d_half,2048,3072,3072,0.5645,68.475
b580,3b,8da4w,cand,sarc_dev_linear_dq8ca_coopmat_zpg_xe2bt_t128x128k64g84s16m8_texture3d_texture2d_half,2048,1024,3072,0.2077,62.04
b580,3b,8da4w,cand,sarc_dev_linear_dq8ca_coopmat_zpg_xe2bt_t128x128k64g84s16m8_texture3d_texture2d_half,2048,1024,3072,0.2009,64.144
b580,3b,8da4w,cand,sarc_dev_linear_dq8ca_coopmat_zpg_xe2bt_t128x128k64g84s16m8_texture3d_texture2d_half,2048,3072,3072,0.5175,74.702
b580,3b,8da4w,cand,sarc_dev_linear_dq8ca_coopmat_zpg_xe2bt_t128x128k64g84s16m8_texture3d_texture2d_half,2048,8192,3072,1.5145,68.062
b580,3b,8da4w,cand,sarc_dev_linear_dq8ca_coopmat_zpg_xe2bt_t128x128k64g84s16m8_texture3d_texture2d_half,2048,8192,3072,1.4646,70.381
b580,3b,8da4w,cand,sarc_dev_linear_dq8ca_coopmat_zpg_xe2bt_t128x128k64g84s16m8_texture3d_texture2d_half,2048,3072,8192,1.567,65.78
b580,3b,8da4w,cand,sarc_dev_linear_dq8ca_coopmat_zpg_xe2bt_t128x128k64g84s16m8_texture3d_texture2d_half,2048,3072,3072,0.7571,51.055
b580,3b,8da4w,cand,sarc_dev_linear_dq8ca_coopmat_zpg_xe2bt_t128x128k64g84s16m8_texture3d_texture2d_half,2048,1024,3072,0.3234,39.837
b580,3b,8da4w,cand,sarc_dev_linear_dq8ca_coopmat_zpg_xe2bt_t128x128k64g84s16m8_texture3d_texture2d_half,2048,1024,3072,0.2066,62.368
b580,3b,8da4w,cand,sarc_dev_linear_dq8ca_coopmat_zpg_xe2bt_t128x128k64g84s16m8_texture3d_texture2d_half,2048,3072,3072,0.5279,73.223
b580,3b,8da4w,cand,sarc_dev_linear_dq8ca_coopmat_zpg_xe2bt_t128x128k64g84s16m8_texture3d_texture2d_half,2048,8192,3072,1.5084,68.338
b580,3b,8da4w,cand,sarc_dev_linear_dq8ca_coopmat_zpg_xe2bt_t128x128k64g84s16m8_texture3d_texture2d_half,2048,8192,3072,1.5658,65.833
b580,3b,8da4w,cand,sarc_dev_linear_dq8ca_coopmat_zpg_xe2bt_t128x128k64g84s16m8_texture3d_texture2d_half,2048,3072,8192,1.5463,66.661
b580,3b,8da4w,cand,sarc_dev_linear_dq8ca_coopmat_zpg_xe2bt_t128x128k64g84s16m8_texture3d_texture2d_half,2048,3072,3072,0.5235,73.834
b580,3b,8da4w,cand,sarc_dev_linear_dq8ca_coopmat_zpg_xe2bt_t128x128k64g84s16m8_texture3d_texture2d_half,2048,1024,3072,0.2037,63.243
b580,3b,8da4w,cand,sarc_dev_linear_dq8ca_coopmat_zpg_xe2bt_t128x128k64g84s16m8_texture3d_texture2d_half,2048,1024,3072,0.2061,62.525
b580,3b,8da4w,cand,sarc_dev_linear_dq8ca_coopmat_zpg_xe2bt_t128x128k64g84s16m8_texture3d_texture2d_half,2048,3072,3072,0.5234,73.849
b580,3b,8da4w,cand,sarc_dev_linear_dq8ca_coopmat_zpg_xe2bt_t128x128k64g84s16m8_texture3d_texture2d_half,2048,8192,3072,1.9441,53.021
b580,3b,8da4w,cand,sarc_dev_linear_dq8ca_coopmat_zpg_xe2bt_t128x128k64g84s16m8_texture3d_texture2d_half,2048,8192,3072,2.0125,51.221
b580,3b,8da4w,cand,sarc_dev_linear_dq8ca_coopmat_zpg_xe2bt_t128x128k64g84s16m8_texture3d_texture2d_half,2048,3072,8192,1.9797,52.068
b580,3b,8da4w,cand,sarc_dev_linear_dq8ca_coopmat_zpg_xe2bt_t128x128k64g84s16m8_texture3d_texture2d_half,2048,3072,3072,0.5279,73.23
b580,3b,8da4w,cand,sarc_dev_linear_dq8ca_coopmat_zpg_xe2bt_t128x128k64g84s16m8_texture3d_texture2d_half,2048,1024,3072,0.2079,61.962
b580,3b,8da4w,cand,sarc_dev_linear_dq8ca_coopmat_zpg_xe2bt_t128x128k64g84s16m8_texture3d_texture2d_half,2048,1024,3072,0.1982,65.002
b580,3b,8da4w,cand,sarc_dev_linear_dq8ca_coopmat_zpg_xe2bt_t128x128k64g84s16m8_texture3d_texture2d_half,2048,3072,3072,0.5259,73.505
b580,3b,8da4w,cand,sarc_dev_linear_dq8ca_coopmat_zpg_xe2bt_t128x128k64g84s16m8_texture3d_texture2d_half,2048,8192,3072,1.5102,68.254
b580,3b,8da4w,cand,sarc_dev_linear_dq8ca_coopmat_zpg_xe2bt_t128x128k64g84s16m8_texture3d_texture2d_half,2048,8192,3072,1.9339,53.302
b580,3b,8da4w,cand,sarc_dev_linear_dq8ca_coopmat_zpg_xe2bt_t128x128k64g84s16m8_texture3d_texture2d_half,2048,3072,8192,2.3642,43.6
b580,3b,8da4w,cand,sarc_dev_linear_dq8ca_coopmat_zpg_xe2bt_t128x128k64g84s16m8_texture3d_texture2d_half,2048,3072,3072,0.5291,73.057
b580,3b,8da4w,cand,sarc_dev_linear_dq8ca_coopmat_zpg_xe2bt_t128x128k64g84s16m8_texture3d_texture2d_half,2048,1024,3072,0.1989,64.781
b580,3b,8da4w,cand,sarc_dev_linear_dq8ca_coopmat_zpg_xe2bt_t128x128k64g84s16m8_texture3d_texture2d_half,2048,1024,3072,0.194,66.431
b580,3b,8da4w,cand,sarc_dev_linear_dq8ca_coopmat_zpg_xe2bt_t128x128k64g84s16m8_texture3d_texture2d_half,2048,3072,3072,0.5305,72.864
b580,3b,8da4w,cand,sarc_dev_linear_dq8ca_coopmat_zpg_xe2bt_t128x128k64g84s16m8_texture3d_texture2d_half,2048,8192,3072,1.9655,52.443
b580,3b,8da4w,cand,sarc_dev_linear_dq8ca_coopmat_zpg_xe2bt_t128x128k64g84s16m8_texture3d_texture2d_half,2048,8192,3072,2.2855,45.101
b580,3b,8da4w,cand,sarc_dev_linear_dq8ca_coopmat_zpg_xe2bt_t128x128k64g84s16m8_texture3d_texture2d_half,2048,3072,8192,1.5956,64.601
b580,3b,8da4w,cand,sarc_dev_linear_dq8ca_coopmat_zpg_xe2bt_t128x128k64g84s16m8_texture3d_texture2d_half,2048,3072,3072,0.5635,68.601
b580,3b,8da4w,cand,sarc_dev_linear_dq8ca_coopmat_zpg_xe2bt_t128x128k64g84s16m8_texture3d_texture2d_half,2048,1024,3072,0.2102,61.303
b580,3b,8da4w,cand,sarc_dev_linear_dq8ca_coopmat_zpg_xe2bt_t128x128k64g84s16m8_texture3d_texture2d_half,2048,1024,3072,0.2034,63.34
b580,3b,8da4w,cand,sarc_dev_linear_dq8ca_coopmat_zpg_xe2bt_t128x128k64g84s16m8_texture3d_texture2d_half,2048,3072,3072,0.953,40.561
b580,3b,8da4w,cand,sarc_dev_linear_dq8ca_coopmat_zpg_xe2bt_t128x128k64g84s16m8_texture3d_texture2d_half,2048,8192,3072,2.2008,46.837
b580,3b,8da4w,cand,sarc_dev_linear_dq8ca_coopmat_zpg_xe2bt_t128x128k64g84s16m8_texture3d_texture2d_half,2048,8192,3072,1.682,61.282
b580,3b,8da4w,cand,sarc_dev_linear_dq8ca_coopmat_zpg_xe2bt_t128x128k64g84s16m8_texture3d_texture2d_half,2048,3072,8192,1.5469,66.634
b580,3b,8da4w,cand,sarc_dev_linear_dq8ca_coopmat_zpg_xe2bt_t128x128k64g84s16m8_texture3d_texture2d_half,2048,3072,3072,0.5048,76.58
b580,3b,8da4w,cand,sarc_dev_linear_dq8ca_coopmat_zpg_xe2bt_t128x128k64g84s16m8_texture3d_texture2d_half,2048,1024,3072,0.21,61.364
b580,3b,8da4w,cand,sarc_dev_linear_dq8ca_coopmat_zpg_xe2bt_t128x128k64g84s16m8_texture3d_texture2d_half,2048,1024,3072,0.1999,64.444
b580,3b,8da4w,cand,sarc_dev_linear_dq8ca_coopmat_zpg_xe2bt_t128x128k64g84s16m8_texture3d_texture2d_half,2048,3072,3072,0.5249,73.636
b580,3b,8da4w,cand,sarc_dev_linear_dq8ca_coopmat_zpg_xe2bt_t128x128k64g84s16m8_texture3d_texture2d_half,2048,8192,3072,1.538,67.021
b580,3b,8da4w,cand,sarc_dev_linear_dq8ca_coopmat_zpg_xe2bt_t128x128k64g84s16m8_texture3d_texture2d_half,2048,8192,3072,1.9695,52.338
b580,3b,8da4w,cand,sarc_dev_linear_dq8ca_coopmat_zpg_xe2bt_t128x128k64g84s16m8_texture3d_texture2d_half,2048,3072,8192,2.1943,46.975
b580,3b,8da4w,cand,sarc_dev_linear_dq8ca_coopmat_zpg_xe2bt_t128x128k64g84s16m8_texture3d_texture2d_half,2048,3072,3072,0.569,67.936
b580,3b,8da4w,cand,sarc_dev_linear_dq8ca_coopmat_zpg_xe2bt_t128x128k64g84s16m8_texture3d_texture2d_half,2048,1024,3072,0.2063,62.462
b580,3b,8da4w,cand,sarc_dev_linear_dq8ca_coopmat_zpg_xe2bt_t128x128k64g84s16m8_texture3d_texture2d_half,2048,1024,3072,0.1965,65.587
b580,3b,8da4w,cand,sarc_dev_linear_dq8ca_coopmat_zpg_xe2bt_t128x128k64g84s16m8_texture3d_texture2d_half,2048,3072,3072,0.5292,73.043
b580,3b,8da4w,cand,sarc_dev_linear_dq8ca_coopmat_zpg_xe2bt_t128x128k64g84s16m8_texture3d_texture2d_half,2048,8192,3072,1.9667,52.412
b580,3b,8da4w,cand,sarc_dev_linear_dq8ca_coopmat_zpg_xe2bt_t128x128k64g84s16m8_texture3d_texture2d_half,2048,8192,3072,1.4626,70.479
b580,3b,8da4w,cand,sarc_dev_linear_dq8ca_coopmat_zpg_xe2bt_t128x128k64g84s16m8_texture3d_texture2d_half,2048,3072,8192,2.2085,46.673
b580,3b,8da4w,cand,sarc_dev_linear_dq8ca_coopmat_zpg_xe2bt_t128x128k64g84s16m8_texture3d_texture2d_half,2048,3072,3072,0.5728,67.48
b580,3b,8da4w,cand,sarc_dev_linear_dq8ca_coopmat_zpg_xe2bt_t128x128k64g84s16m8_texture3d_texture2d_half,2048,1024,3072,0.2073,62.149
b580,3b,8da4w,cand,sarc_dev_linear_dq8ca_coopmat_zpg_xe2bt_t128x128k64g84s16m8_texture3d_texture2d_half,2048,1024,3072,0.207,62.258
b580,3b,8da4w,cand,sarc_dev_linear_dq8ca_coopmat_zpg_xe2bt_t128x128k64g84s16m8_texture3d_texture2d_half,2048,3072,3072,0.5292,73.043
b580,3b,8da4w,cand,sarc_dev_linear_dq8ca_coopmat_zpg_xe2bt_t128x128k64g84s16m8_texture3d_texture2d_half,2048,8192,3072,1.4913,69.12
b580,3b,8da4w,cand,sarc_dev_linear_dq8ca_coopmat_zpg_xe2bt_t128x128k64g84s16m8_texture3d_texture2d_half,2048,8192,3072,1.4705,70.098
b580,3b,8da4w,cand,sarc_dev_linear_dq8ca_coopmat_zpg_xe2bt_t128x128k64g84s16m8_texture3d_texture2d_half,2048,3072,8192,1.5127,68.141
b580,3b,8da4w,cand,sarc_dev_linear_dq8ca_coopmat_zpg_xe2bt_t128x128k64g84s16m8_texture3d_texture2d_half,2048,3072,3072,0.8551,45.206
b580,3b,8da4w,cand,sarc_dev_linear_dq8ca_coopmat_zpg_xe2bt_t128x128k64g84s16m8_texture3d_texture2d_half,2048,1024,3072,0.2077,62.04
b580,3b,8da4w,cand,sarc_dev_linear_dq8ca_coopmat_zpg_xe2bt_t128x128k64g84s16m8_texture3d_texture2d_half,2048,1024,3072,0.2044,63.05
b580,3b,8da4w,cand,sarc_dev_linear_dq8ca_coopmat_zpg_xe2bt_t128x128k64g84s16m8_texture3d_texture2d_half,2048,3072,3072,0.5767,67.024
b580,3b,8da4w,cand,sarc_dev_linear_dq8ca_coopmat_zpg_xe2bt_t128x128k64g84s16m8_texture3d_texture2d_half,2048,8192,3072,1.4826,69.527
b580,3b,8da4w,cand,sarc_dev_linear_dq8ca_coopmat_zpg_xe2bt_t128x128k64g84s16m8_texture3d_texture2d_half,2048,8192,3072,1.5,68.72
b580,3b,8da4w,cand,sarc_dev_linear_dq8ca_coopmat_zpg_xe2bt_t128x128k64g84s16m8_texture3d_texture2d_half,2048,3072,8192,2.0141,51.18
b580,3b,8da4w,cand,sarc_dev_linear_dq8ca_coopmat_zpg_xe2bt_t128x128k64g84s16m8_texture3d_texture2d_half,2048,3072,3072,0.5247,73.673
b580,3b,8da4w,cand,sarc_dev_linear_dq8ca_coopmat_zpg_xe2bt_t128x128k64g84s16m8_texture3d_texture2d_half,2048,1024,3072,0.2076,62.071
b580,3b,8da4w,cand,sarc_dev_linear_dq8ca_coopmat_zpg_xe2bt_t128x128k64g84s16m8_texture3d_texture2d_half,2048,1024,3072,0.2011,64.077
b580,3b,8da4w,cand,sarc_dev_linear_dq8ca_coopmat_zpg_xe2bt_t128x128k64g84s16m8_texture3d_texture2d_half,2048,3072,3072,0.5136,75.269
b580,3b,8da4w,cand,sarc_dev_linear_dq8ca_coopmat_zpg_xe2bt_t128x128k64g84s16m8_texture3d_texture2d_half,2048,8192,3072,1.5031,68.58
b580,3b,8da4w,cand,sarc_dev_linear_dq8ca_coopmat_zpg_xe2bt_t128x128k64g84s16m8_texture3d_texture2d_half,2048,8192,3072,1.5214,67.754
b580,3b,8da4w,cand,sarc_dev_linear_dq8ca_coopmat_zpg_xe2bt_t128x128k64g84s16m8_texture3d_texture2d_half,2048,3072,8192,2.192,47.026
b580,3b,8da4w,cand,sarc_dev_linear_dq8ca_coopmat_zpg_xe2bt_t128x128k64g84s16m8_texture3d_texture2d_half,2048,3072,3072,0.5222,74.018
b580,3b,8da4w,cand,sarc_dev_linear_dq8ca_coopmat_zpg_xe2bt_t128x128k64g84s16m8_texture3d_texture2d_half,2048,1024,3072,0.2082,61.885
b580,3b,8da4w,cand,sarc_dev_linear_dq8ca_coopmat_zpg_xe2bt_t128x128k64g84s16m8_texture3d_texture2d_half,2048,1024,3072,0.1995,64.595
b580,3b,8da4w,cand,sarc_dev_linear_dq8ca_coopmat_zpg_xe2bt_t128x128k64g84s16m8_texture3d_texture2d_half,2048,3072,3072,0.5088,75.977
b580,3b,8da4w,cand,sarc_dev_linear_dq8ca_coopmat_zpg_xe2bt_t128x128k64g84s16m8_texture3d_texture2d_half,2048,8192,3072,1.497,68.858
b580,3b,8da4w,cand,sarc_dev_linear_dq8ca_coopmat_zpg_xe2bt_t128x128k64g84s16m8_texture3d_texture2d_half,2048,8192,3072,1.5201,67.81
b580,3b,8da4w,cand,sarc_dev_linear_dq8ca_coopmat_zpg_xe2bt_t128x128k64g84s16m8_texture3d_texture2d_half,2048,3072,8192,2.174,47.415
b580,3b,8da4w,cand,sarc_dev_linear_dq8ca_coopmat_zpg_xe2bt_t128x128k64g84s16m8_texture3d_texture2d_half,2048,3072,3072,0.5209,74.202
b580,3b,8da4w,cand,sarc_dev_linear_dq8ca_coopmat_zpg_xe2bt_t128x128k64g84s16m8_texture3d_texture2d_half,2048,1024,3072,0.2066,62.352
b580,3b,8da4w,cand,sarc_dev_linear_dq8ca_coopmat_zpg_xe2bt_t128x128k64g84s16m8_texture3d_texture2d_half,2048,1024,3072,0.2334,55.211
b580,3b,8da4w,cand,sarc_dev_linear_dq8ca_coopmat_zpg_xe2bt_t128x128k64g84s16m8_texture3d_texture2d_half,2048,3072,3072,0.5112,75.614
b580,3b,8da4w,cand,sarc_dev_linear_dq8ca_coopmat_zpg_xe2bt_t128x128k64g84s16m8_texture3d_texture2d_half,2048,8192,3072,1.5105,68.24
b580,3b,8da4w,cand,sarc_dev_linear_dq8ca_coopmat_zpg_xe2bt_t128x128k64g84s16m8_texture3d_texture2d_half,2048,8192,3072,1.6363,62.996
b580,3b,8da4w,cand,sarc_dev_linear_dq8ca_coopmat_zpg_xe2bt_t128x128k64g84s16m8_texture3d_texture2d_half,2048,3072,8192,2.1343,48.296
b580,3b,8da4w,cand,sarc_dev_linear_dq8ca_coopmat_zpg_xe2bt_t128x128k64g84s16m8_texture3d_texture2d_half,2048,3072,3072,0.5311,72.786
b580,3b,8da4w,cand,sarc_dev_linear_dq8ca_coopmat_zpg_xe2bt_t128x128k64g84s16m8_texture3d_texture2d_half,2048,1024,3072,0.2065,62.383
b580,3b,8da4w,cand,sarc_dev_linear_dq8ca_coopmat_zpg_xe2bt_t128x128k64g84s16m8_texture3d_texture2d_half,2048,1024,3072,0.2427,53.082
b580,3b,8da4w,cand,sarc_dev_linear_dq8ca_coopmat_zpg_xe2bt_t128x128k64g84s16m8_texture3d_texture2d_half,2048,3072,3072,0.5262,73.455
b580,3b,8da4w,cand,sarc_dev_linear_dq8ca_coopmat_zpg_xe2bt_t128x128k64g84s16m8_texture3d_texture2d_half,2048,8192,3072,1.5481,66.585
b580,3b,8da4w,cand,sarc_dev_linear_dq8ca_coopmat_zpg_xe2bt_t128x128k64g84s16m8_texture3d_texture2d_half,2048,8192,3072,1.9067,54.061
b580,3b,8da4w,cand,sarc_dev_linear_dq8ca_coopmat_zpg_xe2bt_t128x128k64g84s16m8_texture3d_texture2d_half,2048,3072,8192,2.4631,41.849
b580,3b,8da4w,cand,sarc_dev_linear_dq8ca_coopmat_zpg_xe2bt_t128x128k64g84s16m8_texture3d_texture2d_half,2048,3072,3072,0.5528,69.93
b580,3b,8da4w,cand,sarc_dev_linear_dq8ca_coopmat_zpg_xe2bt_t128x128k64g84s16m8_texture3d_texture2d_half,2048,1024,3072,0.2069,62.274
b580,3b,8da4w,cand,sarc_dev_linear_dq8ca_coopmat_zpg_xe2bt_t128x128k64g84s16m8_texture3d_texture2d_half,2048,1024,3072,0.2018,63.863
b580,3b,8da4w,cand,sarc_dev_linear_dq8ca_coopmat_zpg_xe2bt_t128x128k64g84s16m8_texture3d_texture2d_half,2048,3072,3072,0.5257,73.534
b580,3b,8da4w,cand,sarc_dev_linear_dq8ca_coopmat_zpg_xe2bt_t128x128k64g84s16m8_texture3d_texture2d_half,2048,8192,3072,1.9295,53.422
b580,3b,8da4w,cand,sarc_dev_linear_dq8ca_coopmat_zpg_xe2bt_t128x128k64g84s16m8_texture3d_texture2d_half,2048,8192,3072,1.5026,68.599
b580,3b,8da4w,cand,sarc_dev_linear_dq8ca_coopmat_zpg_xe2bt_t128x128k64g84s16m8_texture3d_texture2d_half,2048,3072,8192,2.1342,48.298
b580,3b,8da4w,cand,sarc_dev_linear_dq8ca_coopmat_zpg_xe2bt_t128x128k64g84s16m8_texture3d_texture2d_half,2048,3072,3072,0.5678,68.073
b580,3b,8da4w,cand,sarc_dev_linear_dq8ca_coopmat_zpg_xe2bt_t128x128k64g84s16m8_texture3d_texture2d_half,2048,1024,3072,0.2088,61.7
b580,3b,8da4w,cand,sarc_dev_linear_dq8ca_coopmat_zpg_xe2bt_t128x128k64g84s16m8_texture3d_texture2d_half,2048,1024,3072,0.2011,64.061
b580,3b,8da4w,cand,sarc_dev_linear_dq8ca_coopmat_zpg_xe2bt_t128x128k64g84s16m8_texture3d_texture2d_half,2048,3072,3072,0.521,74.188
b580,3b,8da4w,cand,sarc_dev_linear_dq8ca_coopmat_zpg_xe2bt_t128x128k64g84s16m8_texture3d_texture2d_half,2048,8192,3072,1.8897,54.549
b580,3b,8da4w,cand,sarc_dev_linear_dq8ca_coopmat_zpg_xe2bt_t128x128k64g84s16m8_texture3d_texture2d_half,2048,8192,3072,1.4938,69.007
b580,3b,8da4w,cand,sarc_dev_linear_dq8ca_coopmat_zpg_xe2bt_t128x128k64g84s16m8_texture3d_texture2d_half,2048,3072,8192,2.0794,49.571
b580,3b,8da4w,cand,sarc_dev_linear_dq8ca_coopmat_zpg_xe2bt_t128x128k64g84s16m8_texture3d_texture2d_half,2048,3072,3072,0.5216,74.106
b580,3b,8da4w,cand,sarc_dev_linear_dq8ca_coopmat_zpg_xe2bt_t128x128k64g84s16m8_texture3d_texture2d_half,2048,1024,3072,0.2108,61.137
b580,3b,8da4w,cand,sarc_dev_linear_dq8ca_coopmat_zpg_xe2bt_t128x128k64g84s16m8_texture3d_texture2d_half,2048,1024,3072,0.2087,61.731
b580,3b,8da4w,cand,sarc_dev_linear_dq8ca_coopmat_zpg_xe2bt_t128x128k64g84s16m8_texture3d_texture2d_half,2048,3072,3072,0.5365,72.045
b580,3b,8da4w,cand,sarc_dev_linear_dq8ca_coopmat_zpg_xe2bt_t128x128k64g84s16m8_texture3d_texture2d_half,2048,8192,3072,1.8957,54.375
b580,3b,8da4w,cand,sarc_dev_linear_dq8ca_coopmat_zpg_xe2bt_t128x128k64g84s16m8_texture3d_texture2d_half,2048,8192,3072,1.4667,70.282
b580,3b,8da4w,cand,sarc_dev_linear_dq8ca_coopmat_zpg_xe2bt_t128x128k64g84s16m8_texture3d_texture2d_half,2048,3072,8192,2.1267,48.469
b580,3b,8da4w,cand,sarc_dev_linear_dq8ca_coopmat_zpg_xe2bt_t128x128k64g84s16m8_texture3d_texture2d_half,2048,3072,3072,0.5275,73.274
b580,3b,8da4w,cand,sarc_dev_linear_dq8ca_coopmat_zpg_xe2bt_t128x128k64g84s16m8_texture3d_texture2d_half,2048,1024,3072,0.2164,59.535
b580,3b,8da4w,cand,sarc_dev_linear_dq8ca_coopmat_zpg_xe2bt_t128x128k64g84s16m8_texture3d_texture2d_half,2048,1024,3072,0.2024,63.666
b580,3b,8da4w,cand,sarc_dev_linear_dq8ca_coopmat_zpg_xe2bt_t128x128k64g84s16m8_texture3d_texture2d_half,2048,3072,3072,0.525,73.622
b580,3b,8da4w,cand,sarc_dev_linear_dq8ca_coopmat_zpg_xe2bt_t128x128k64g84s16m8_texture3d_texture2d_half,2048,8192,3072,1.9415,53.092
b580,3b,8da4w,cand,sarc_dev_linear_dq8ca_coopmat_zpg_xe2bt_t128x128k64g84s16m8_texture3d_texture2d_half,2048,8192,3072,1.6932,60.879
b580,3b,8da4w,cand,sarc_dev_linear_dq8ca_coopmat_zpg_xe2bt_t128x128k64g84s16m8_texture3d_texture2d_half,2048,3072,8192,2.108,48.898
b580,3b,8da4w,cand,sarc_dev_linear_dq8ca_coopmat_zpg_xe2bt_t128x128k64g84s16m8_texture3d_texture2d_half,2048,3072,3072,0.5609,68.919
b580,3b,8da4w,cand,sarc_dev_linear_dq8ca_coopmat_zpg_xe2bt_t128x128k64g84s16m8_texture3d_texture2d_half,2048,1024,3072,0.2079,61.978
b580,3b,8da4w,cand,sarc_dev_linear_dq8ca_coopmat_zpg_xe2bt_t128x128k64g84s16m8_texture3d_texture2d_half,2048,1024,3072,0.2046,62.986
b580,3b,8da4w,cand,sarc_dev_linear_dq8ca_coopmat_zpg_xe2bt_t128x128k64g84s16m8_texture3d_texture2d_half,2048,3072,3072,0.5575,69.33
b580,3b,8da4w,cand,sarc_dev_linear_dq8ca_coopmat_zpg_xe2bt_t128x128k64g84s16m8_texture3d_texture2d_half,2048,8192,3072,1.9544,52.743
b580,3b,8da4w,cand,sarc_dev_linear_dq8ca_coopmat_zpg_xe2bt_t128x128k64g84s16m8_texture3d_texture2d_half,2048,8192,3072,1.4781,69.738
b580,3b,8da4w,cand,sarc_dev_linear_dq8ca_coopmat_zpg_xe2bt_t128x128k64g84s16m8_texture3d_texture2d_half,2048,3072,8192,1.5948,64.633
b580,3b,8da4w,parent,sarc_dev_linear_dq8ca_coopmat_zpg_xe2bt_t128x128k64g84s16m8_texture3d_texture2d_half,2048,3072,3072,0.5386,71.774
b580,3b,8da4w,parent,sarc_dev_linear_dq8ca_coopmat_zpg_xe2bt_t128x128k64g84s16m8_texture3d_texture2d_half,2048,1024,3072,0.2015,63.945
b580,3b,8da4w,parent,sarc_dev_linear_dq8ca_coopmat_zpg_xe2bt_t128x128k64g84s16m8_texture3d_texture2d_half,2048,1024,3072,0.2009,64.144
b580,3b,8da4w,parent,sarc_dev_linear_dq8ca_coopmat_zpg_xe2bt_t128x128k64g84s16m8_texture3d_texture2d_half,2048,3072,3072,0.629,61.455
b580,3b,8da4w,parent,sarc_dev_linear_dq8ca_coopmat_zpg_xe2bt_t128x128k64g84s16m8_texture3d_texture2d_half,2048,8192,3072,1.45,71.091
b580,3b,8da4w,parent,sarc_dev_linear_dq8ca_coopmat_zpg_xe2bt_t128x128k64g84s16m8_texture3d_texture2d_half,2048,8192,3072,1.6047,64.235
b580,3b,8da4w,parent,sarc_dev_linear_dq8ca_coopmat_zpg_xe2bt_t128x128k64g84s16m8_texture3d_texture2d_half,2048,3072,8192,2.0923,49.265
b580,3b,8da4w,parent,sarc_dev_linear_dq8ca_coopmat_zpg_xe2bt_t128x128k64g84s16m8_texture3d_texture2d_half,2048,3072,3072,0.6179,62.557
b580,3b,8da4w,parent,sarc_dev_linear_dq8ca_coopmat_zpg_xe2bt_t128x128k64g84s16m8_texture3d_texture2d_half,2048,1024,3072,0.1983,64.985
b580,3b,8da4w,parent,sarc_dev_linear_dq8ca_coopmat_zpg_xe2bt_t128x128k64g84s16m8_texture3d_texture2d_half,2048,1024,3072,0.1969,65.431
b580,3b,8da4w,parent,sarc_dev_linear_dq8ca_coopmat_zpg_xe2bt_t128x128k64g84s16m8_texture3d_texture2d_half,2048,3072,3072,0.6293,61.425
b580,3b,8da4w,parent,sarc_dev_linear_dq8ca_coopmat_zpg_xe2bt_t128x128k64g84s16m8_texture3d_texture2d_half,2048,8192,3072,1.4876,69.294
b580,3b,8da4w,parent,sarc_dev_linear_dq8ca_coopmat_zpg_xe2bt_t128x128k64g84s16m8_texture3d_texture2d_half,2048,8192,3072,1.6142,63.856
b580,3b,8da4w,parent,sarc_dev_linear_dq8ca_coopmat_zpg_xe2bt_t128x128k64g84s16m8_texture3d_texture2d_half,2048,3072,8192,2.1916,47.033
b580,3b,8da4w,parent,sarc_dev_linear_dq8ca_coopmat_zpg_xe2bt_t128x128k64g84s16m8_texture3d_texture2d_half,2048,3072,3072,0.5846,66.118
b580,3b,8da4w,parent,sarc_dev_linear_dq8ca_coopmat_zpg_xe2bt_t128x128k64g84s16m8_texture3d_texture2d_half,2048,1024,3072,0.3832,33.626
b580,3b,8da4w,parent,sarc_dev_linear_dq8ca_coopmat_zpg_xe2bt_t128x128k64g84s16m8_texture3d_texture2d_half,2048,1024,3072,0.2076,62.071
b580,3b,8da4w,parent,sarc_dev_linear_dq8ca_coopmat_zpg_xe2bt_t128x128k64g84s16m8_texture3d_texture2d_half,2048,3072,3072,0.5316,72.714
b580,3b,8da4w,parent,sarc_dev_linear_dq8ca_coopmat_zpg_xe2bt_t128x128k64g84s16m8_texture3d_texture2d_half,2048,8192,3072,1.941,53.106
b580,3b,8da4w,parent,sarc_dev_linear_dq8ca_coopmat_zpg_xe2bt_t128x128k64g84s16m8_texture3d_texture2d_half,2048,8192,3072,1.5007,68.687
b580,3b,8da4w,parent,sarc_dev_linear_dq8ca_coopmat_zpg_xe2bt_t128x128k64g84s16m8_texture3d_texture2d_half,2048,3072,8192,2.1821,47.239
b580,3b,8da4w,parent,sarc_dev_linear_dq8ca_coopmat_zpg_xe2bt_t128x128k64g84s16m8_texture3d_texture2d_half,2048,3072,3072,0.5472,70.641
b580,3b,8da4w,parent,sarc_dev_linear_dq8ca_coopmat_zpg_xe2bt_t128x128k64g84s16m8_texture3d_texture2d_half,2048,1024,3072,0.2043,63.082
b580,3b,8da4w,parent,sarc_dev_linear_dq8ca_coopmat_zpg_xe2bt_t128x128k64g84s16m8_texture3d_texture2d_half,2048,1024,3072,0.1991,64.713
b580,3b,8da4w,parent,sarc_dev_linear_dq8ca_coopmat_zpg_xe2bt_t128x128k64g84s16m8_texture3d_texture2d_half,2048,3072,3072,0.5407,71.484
b580,3b,8da4w,parent,sarc_dev_linear_dq8ca_coopmat_zpg_xe2bt_t128x128k64g84s16m8_texture3d_texture2d_half,2048,8192,3072,2.0061,51.383
b580,3b,8da4w,parent,sarc_dev_linear_dq8ca_coopmat_zpg_xe2bt_t128x128k64g84s16m8_texture3d_texture2d_half,2048,8192,3072,1.4586,70.67
b580,3b,8da4w,parent,sarc_dev_linear_dq8ca_coopmat_zpg_xe2bt_t128x128k64g84s16m8_texture3d_texture2d_half,2048,3072,8192,1.7867,57.692
b580,3b,8da4w,parent,sarc_dev_linear_dq8ca_coopmat_zpg_xe2bt_t128x128k64g84s16m8_texture3d_texture2d_half,2048,3072,3072,0.5309,72.807
b580,3b,8da4w,parent,sarc_dev_linear_dq8ca_coopmat_zpg_xe2bt_t128x128k64g84s16m8_texture3d_texture2d_half,2048,1024,3072,0.2124,60.658
b580,3b,8da4w,parent,sarc_dev_linear_dq8ca_coopmat_zpg_xe2bt_t128x128k64g84s16m8_texture3d_texture2d_half,2048,1024,3072,0.671,19.202
b580,3b,8da4w,parent,sarc_dev_linear_dq8ca_coopmat_zpg_xe2bt_t128x128k64g84s16m8_texture3d_texture2d_half,2048,3072,3072,0.5329,72.53
b580,3b,8da4w,parent,sarc_dev_linear_dq8ca_coopmat_zpg_xe2bt_t128x128k64g84s16m8_texture3d_texture2d_half,2048,8192,3072,1.9755,52.179
b580,3b,8da4w,parent,sarc_dev_linear_dq8ca_coopmat_zpg_xe2bt_t128x128k64g84s16m8_texture3d_texture2d_half,2048,8192,3072,2.1545,47.844
b580,3b,8da4w,parent,sarc_dev_linear_dq8ca_coopmat_zpg_xe2bt_t128x128k64g84s16m8_texture3d_texture2d_half,2048,3072,8192,1.6132,63.898
b580,3b,8da4w,parent,sarc_dev_linear_dq8ca_coopmat_zpg_xe2bt_t128x128k64g84s16m8_texture3d_texture2d_half,2048,3072,3072,0.5644,68.487
b580,3b,8da4w,parent,sarc_dev_linear_dq8ca_coopmat_zpg_xe2bt_t128x128k64g84s16m8_texture3d_texture2d_half,2048,1024,3072,0.1984,64.951
b580,3b,8da4w,parent,sarc_dev_linear_dq8ca_coopmat_zpg_xe2bt_t128x128k64g84s16m8_texture3d_texture2d_half,2048,1024,3072,0.2037,63.243
b580,3b,8da4w,parent,sarc_dev_linear_dq8ca_coopmat_zpg_xe2bt_t128x128k64g84s16m8_texture3d_texture2d_half,2048,3072,3072,0.5682,68.036
b580,3b,8da4w,parent,sarc_dev_linear_dq8ca_coopmat_zpg_xe2bt_t128x128k64g84s16m8_texture3d_texture2d_half,2048,8192,3072,1.4518,70.999
b580,3b,8da4w,parent,sarc_dev_linear_dq8ca_coopmat_zpg_xe2bt_t128x128k64g84s16m8_texture3d_texture2d_half,2048,8192,3072,1.9124,53.902
b580,3b,8da4w,parent,sarc_dev_linear_dq8ca_coopmat_zpg_xe2bt_t128x128k64g84s16m8_texture3d_texture2d_half,2048,3072,8192,1.8329,56.237
b580,3b,8da4w,parent,sarc_dev_linear_dq8ca_coopmat_zpg_xe2bt_t128x128k64g84s16m8_texture3d_texture2d_half,2048,3072,3072,0.5621,68.766
b580,3b,8da4w,parent,sarc_dev_linear_dq8ca_coopmat_zpg_xe2bt_t128x128k64g84s16m8_texture3d_texture2d_half,2048,1024,3072,0.1997,64.528
b580,3b,8da4w,parent,sarc_dev_linear_dq8ca_coopmat_zpg_xe2bt_t128x128k64g84s16m8_texture3d_texture2d_half,2048,1024,3072,0.2051,62.826
b580,3b,8da4w,parent,sarc_dev_linear_dq8ca_coopmat_zpg_xe2bt_t128x128k64g84s16m8_texture3d_texture2d_half,2048,3072,3072,0.5644,68.493
b580,3b,8da4w,parent,sarc_dev_linear_dq8ca_coopmat_zpg_xe2bt_t128x128k64g84s16m8_texture3d_texture2d_half,2048,8192,3072,1.4869,69.325
b580,3b,8da4w,parent,sarc_dev_linear_dq8ca_coopmat_zpg_xe2bt_t128x128k64g84s16m8_texture3d_texture2d_half,2048,8192,3072,1.4819,69.557
b580,3b,8da4w,parent,sarc_dev_linear_dq8ca_coopmat_zpg_xe2bt_t128x128k64g84s16m8_texture3d_texture2d_half,2048,3072,8192,1.5776,65.34
b580,3b,8da4w,parent,sarc_dev_linear_dq8ca_coopmat_zpg_xe2bt_t128x128k64g84s16m8_texture3d_texture2d_half,2048,3072,3072,0.535,72.255
b580,3b,8da4w,parent,sarc_dev_linear_dq8ca_coopmat_zpg_xe2bt_t128x128k64g84s16m8_texture3d_texture2d_half,2048,1024,3072,0.2075,62.086
b580,3b,8da4w,parent,sarc_dev_linear_dq8ca_coopmat_zpg_xe2bt_t128x128k64g84s16m8_texture3d_texture2d_half,2048,1024,3072,0.203,63.47
b580,3b,8da4w,parent,sarc_dev_linear_dq8ca_coopmat_zpg_xe2bt_t128x128k64g84s16m8_texture3d_texture2d_half,2048,3072,3072,0.6945,55.662
b580,3b,8da4w,parent,sarc_dev_linear_dq8ca_coopmat_zpg_xe2bt_t128x128k64g84s16m8_texture3d_texture2d_half,2048,8192,3072,2.1302,48.389
b580,3b,8da4w,parent,sarc_dev_linear_dq8ca_coopmat_zpg_xe2bt_t128x128k64g84s16m8_texture3d_texture2d_half,2048,8192,3072,1.9571,52.669
b580,3b,8da4w,parent,sarc_dev_linear_dq8ca_coopmat_zpg_xe2bt_t128x128k64g84s16m8_texture3d_texture2d_half,2048,3072,8192,1.5827,65.128
b580,3b,8da4w,parent,sarc_dev_linear_dq8ca_coopmat_zpg_xe2bt_t128x128k64g84s16m8_texture3d_texture2d_half,2048,3072,3072,0.5276,73.259
b580,3b,8da4w,parent,sarc_dev_linear_dq8ca_coopmat_zpg_xe2bt_t128x128k64g84s16m8_texture3d_texture2d_half,2048,1024,3072,0.2038,63.227
b580,3b,8da4w,parent,sarc_dev_linear_dq8ca_coopmat_zpg_xe2bt_t128x128k64g84s16m8_texture3d_texture2d_half,2048,1024,3072,0.207,62.258
b580,3b,8da4w,parent,sarc_dev_linear_dq8ca_coopmat_zpg_xe2bt_t128x128k64g84s16m8_texture3d_texture2d_half,2048,3072,3072,0.5871,65.842
b580,3b,8da4w,parent,sarc_dev_linear_dq8ca_coopmat_zpg_xe2bt_t128x128k64g84s16m8_texture3d_texture2d_half,2048,8192,3072,1.5513,66.446
b580,3b,8da4w,parent,sarc_dev_linear_dq8ca_coopmat_zpg_xe2bt_t128x128k64g84s16m8_texture3d_texture2d_half,2048,8192,3072,1.5958,64.595
b580,3b,8da4w,parent,sarc_dev_linear_dq8ca_coopmat_zpg_xe2bt_t128x128k64g84s16m8_texture3d_texture2d_half,2048,3072,8192,1.6044,64.248
b580,3b,8da4w,parent,sarc_dev_linear_dq8ca_coopmat_zpg_xe2bt_t128x128k64g84s16m8_texture3d_texture2d_half,2048,3072,3072,0.5409,71.463
b580,3b,8da4w,parent,sarc_dev_linear_dq8ca_coopmat_zpg_xe2bt_t128x128k64g84s16m8_texture3d_texture2d_half,2048,1024,3072,0.2058,62.604
b580,3b,8da4w,parent,sarc_dev_linear_dq8ca_coopmat_zpg_xe2bt_t128x128k64g84s16m8_texture3d_texture2d_half,2048,1024,3072,0.204,63.146
b580,3b,8da4w,parent,sarc_dev_linear_dq8ca_coopmat_zpg_xe2bt_t128x128k64g84s16m8_texture3d_texture2d_half,2048,3072,3072,0.5331,72.516
b580,3b,8da4w,parent,sarc_dev_linear_dq8ca_coopmat_zpg_xe2bt_t128x128k64g84s16m8_texture3d_texture2d_half,2048,8192,3072,1.5228,67.69
b580,3b,8da4w,parent,sarc_dev_linear_dq8ca_coopmat_zpg_xe2bt_t128x128k64g84s16m8_texture3d_texture2d_half,2048,8192,3072,1.4951,68.945
b580,3b,8da4w,parent,sarc_dev_linear_dq8ca_coopmat_zpg_xe2bt_t128x128k64g84s16m8_texture3d_texture2d_half,2048,3072,8192,1.5515,66.44
b580,3b,8da4w,parent,sarc_dev_linear_dq8ca_coopmat_zpg_xe2bt_t128x128k64g84s16m8_texture3d_texture2d_half,2048,3072,3072,0.5353,72.206
b580,3b,8da4w,parent,sarc_dev_linear_dq8ca_coopmat_zpg_xe2bt_t128x128k64g84s16m8_texture3d_texture2d_half,2048,1024,3072,0.2022,63.715
b580,3b,8da4w,parent,sarc_dev_linear_dq8ca_coopmat_zpg_xe2bt_t128x128k64g84s16m8_texture3d_texture2d_half,2048,1024,3072,0.2044,63.05
b580,3b,8da4w,parent,sarc_dev_linear_dq8ca_coopmat_zpg_xe2bt_t128x128k64g84s16m8_texture3d_texture2d_half,2048,3072,3072,0.5312,72.771
b580,3b,8da4w,parent,sarc_dev_linear_dq8ca_coopmat_zpg_xe2bt_t128x128k64g84s16m8_texture3d_texture2d_half,2048,8192,3072,1.4977,68.825
b580,3b,8da4w,parent,sarc_dev_linear_dq8ca_coopmat_zpg_xe2bt_t128x128k64g84s16m8_texture3d_texture2d_half,2048,8192,3072,1.4553,70.832
b580,3b,8da4w,parent,sarc_dev_linear_dq8ca_coopmat_zpg_xe2bt_t128x128k64g84s16m8_texture3d_texture2d_half,2048,3072,8192,1.5632,65.942
b580,3b,8da4w,parent,sarc_dev_linear_dq8ca_coopmat_zpg_xe2bt_t128x128k64g84s16m8_texture3d_texture2d_half,2048,3072,3072,0.5306,72.85
b580,3b,8da4w,parent,sarc_dev_linear_dq8ca_coopmat_zpg_xe2bt_t128x128k64g84s16m8_texture3d_texture2d_half,2048,1024,3072,0.2045,63.002
b580,3b,8da4w,parent,sarc_dev_linear_dq8ca_coopmat_zpg_xe2bt_t128x128k64g84s16m8_texture3d_texture2d_half,2048,1024,3072,0.2023,63.698
b580,3b,8da4w,parent,sarc_dev_linear_dq8ca_coopmat_zpg_xe2bt_t128x128k64g84s16m8_texture3d_texture2d_half,2048,3072,3072,0.5228,73.944
b580,3b,8da4w,parent,sarc_dev_linear_dq8ca_coopmat_zpg_xe2bt_t128x128k64g84s16m8_texture3d_texture2d_half,2048,8192,3072,1.4979,68.815
b580,3b,8da4w,parent,sarc_dev_linear_dq8ca_coopmat_zpg_xe2bt_t128x128k64g84s16m8_texture3d_texture2d_half,2048,8192,3072,2.0567,50.12
b580,3b,8da4w,parent,sarc_dev_linear_dq8ca_coopmat_zpg_xe2bt_t128x128k64g84s16m8_texture3d_texture2d_half,2048,3072,8192,2.1528,47.881
b580,3b,8da4w,parent,sarc_dev_linear_dq8ca_coopmat_zpg_xe2bt_t128x128k64g84s16m8_texture3d_texture2d_half,2048,3072,3072,0.5566,69.447
b580,3b,8da4w,parent,sarc_dev_linear_dq8ca_coopmat_zpg_xe2bt_t128x128k64g84s16m8_texture3d_texture2d_half,2048,1024,3072,0.2055,62.715
b580,3b,8da4w,parent,sarc_dev_linear_dq8ca_coopmat_zpg_xe2bt_t128x128k64g84s16m8_texture3d_texture2d_half,2048,1024,3072,0.2037,63.243
b580,3b,8da4w,parent,sarc_dev_linear_dq8ca_coopmat_zpg_xe2bt_t128x128k64g84s16m8_texture3d_texture2d_half,2048,3072,3072,0.5204,74.284
b580,3b,8da4w,parent,sarc_dev_linear_dq8ca_coopmat_zpg_xe2bt_t128x128k64g84s16m8_texture3d_texture2d_half,2048,8192,3072,1.5067,68.414
b580,3b,8da4w,parent,sarc_dev_linear_dq8ca_coopmat_zpg_xe2bt_t128x128k64g84s16m8_texture3d_texture2d_half,2048,8192,3072,1.4547,70.859
b580,3b,8da4w,parent,sarc_dev_linear_dq8ca_coopmat_zpg_xe2bt_t128x128k64g84s16m8_texture3d_texture2d_half,2048,3072,8192,1.5736,65.504
b580,3b,8da4w,parent,sarc_dev_linear_dq8ca_coopmat_zpg_xe2bt_t128x128k64g84s16m8_texture3d_texture2d_half,2048,3072,3072,0.5357,72.157
b580,3b,8da4w,parent,sarc_dev_linear_dq8ca_coopmat_zpg_xe2bt_t128x128k64g84s16m8_texture3d_texture2d_half,2048,1024,3072,0.207,62.258
b580,3b,8da4w,parent,sarc_dev_linear_dq8ca_coopmat_zpg_xe2bt_t128x128k64g84s16m8_texture3d_texture2d_half,2048,1024,3072,0.2022,63.731
b580,3b,8da4w,parent,sarc_dev_linear_dq8ca_coopmat_zpg_xe2bt_t128x128k64g84s16m8_texture3d_texture2d_half,2048,3072,3072,0.5264,73.425
b580,3b,8da4w,parent,sarc_dev_linear_dq8ca_coopmat_zpg_xe2bt_t128x128k64g84s16m8_texture3d_texture2d_half,2048,8192,3072,1.5264,67.531
b580,3b,8da4w,parent,sarc_dev_linear_dq8ca_coopmat_zpg_xe2bt_t128x128k64g84s16m8_texture3d_texture2d_half,2048,8192,3072,1.4588,70.66
b580,3b,8da4w,parent,sarc_dev_linear_dq8ca_coopmat_zpg_xe2bt_t128x128k64g84s16m8_texture3d_texture2d_half,2048,3072,8192,1.5638,65.914
b580,3b,8da4w,parent,sarc_dev_linear_dq8ca_coopmat_zpg_xe2bt_t128x128k64g84s16m8_texture3d_texture2d_half,2048,3072,3072,0.5358,72.143
b580,3b,8da4w,parent,sarc_dev_linear_dq8ca_coopmat_zpg_xe2bt_t128x128k64g84s16m8_texture3d_texture2d_half,2048,1024,3072,0.2102,61.303
b580,3b,8da4w,parent,sarc_dev_linear_dq8ca_coopmat_zpg_xe2bt_t128x128k64g84s16m8_texture3d_texture2d_half,2048,1024,3072,0.2034,63.356
b580,3b,8da4w,parent,sarc_dev_linear_dq8ca_coopmat_zpg_xe2bt_t128x128k64g84s16m8_texture3d_texture2d_half,2048,3072,3072,0.527,73.353
b580,3b,8da4w,parent,sarc_dev_linear_dq8ca_coopmat_zpg_xe2bt_t128x128k64g84s16m8_texture3d_texture2d_half,2048,8192,3072,1.4974,68.839
b580,3b,8da4w,parent,sarc_dev_linear_dq8ca_coopmat_zpg_xe2bt_t128x128k64g84s16m8_texture3d_texture2d_half,2048,8192,3072,1.6012,64.377
b580,3b,8da4w,parent,sarc_dev_linear_dq8ca_coopmat_zpg_xe2bt_t128x128k64g84s16m8_texture3d_texture2d_half,2048,3072,8192,1.5677,65.752
b580,3b,8da4w,parent,sarc_dev_linear_dq8ca_coopmat_zpg_xe2bt_t128x128k64g84s16m8_texture3d_texture2d_half,2048,3072,3072,0.5277,73.252
b580,3b,8da4w,parent,sarc_dev_linear_dq8ca_coopmat_zpg_xe2bt_t128x128k64g84s16m8_texture3d_texture2d_half,2048,1024,3072,0.2039,63.179
b580,3b,8da4w,parent,sarc_dev_linear_dq8ca_coopmat_zpg_xe2bt_t128x128k64g84s16m8_texture3d_texture2d_half,2048,1024,3072,0.2434,52.946
b580,3b,8da4w,parent,sarc_dev_linear_dq8ca_coopmat_zpg_xe2bt_t128x128k64g84s16m8_texture3d_texture2d_half,2048,3072,3072,0.7053,54.804
b580,3b,8da4w,parent,sarc_dev_linear_dq8ca_coopmat_zpg_xe2bt_t128x128k64g84s16m8_texture3d_texture2d_half,2048,8192,3072,2.0177,51.089
b580,3b,8da4w,parent,sarc_dev_linear_dq8ca_coopmat_zpg_xe2bt_t128x128k64g84s16m8_texture3d_texture2d_half,2048,8192,3072,1.63,63.239
b580,3b,8da4w,parent,sarc_dev_linear_dq8ca_coopmat_zpg_xe2bt_t128x128k64g84s16m8_texture3d_texture2d_half,2048,3072,8192,1.6214,63.574
b580,3b,8da4w,parent,sarc_dev_linear_dq8ca_coopmat_zpg_xe2bt_t128x128k64g84s16m8_texture3d_texture2d_half,2048,3072,3072,0.5418,71.34
b580,3b,8da4w,parent,sarc_dev_linear_dq8ca_coopmat_zpg_xe2bt_t128x128k64g84s16m8_texture3d_texture2d_half,2048,1024,3072,0.2603,49.508
b580,3b,8da4w,parent,sarc_dev_linear_dq8ca_coopmat_zpg_xe2bt_t128x128k64g84s16m8_texture3d_texture2d_half,2048,1024,3072,0.2088,61.7
b580,3b,8da4w,parent,sarc_dev_linear_dq8ca_coopmat_zpg_xe2bt_t128x128k64g84s16m8_texture3d_texture2d_half,2048,3072,3072,0.5283,73.173
b580,3b,8da4w,parent,sarc_dev_linear_dq8ca_coopmat_zpg_xe2bt_t128x128k64g84s16m8_texture3d_texture2d_half,2048,8192,3072,1.5126,68.146
b580,3b,8da4w,parent,sarc_dev_linear_dq8ca_coopmat_zpg_xe2bt_t128x128k64g84s16m8_texture3d_texture2d_half,2048,8192,3072,1.5204,67.799
b580,3b,8da4w,parent,sarc_dev_linear_dq8ca_coopmat_zpg_xe2bt_t128x128k64g84s16m8_texture3d_texture2d_half,2048,3072,8192,1.538,67.021
b580,3b,8da4w,parent,sarc_dev_linear_dq8ca_coopmat_zpg_xe2bt_t128x128k64g84s16m8_texture3d_texture2d_half,2048,3072,3072,0.5296,72.986
b580,3b,8da4w,parent,sarc_dev_linear_dq8ca_coopmat_zpg_xe2bt_t128x128k64g84s16m8_texture3d_texture2d_half,2048,1024,3072,0.2079,61.962
b580,3b,8da4w,parent,sarc_dev_linear_dq8ca_coopmat_zpg_xe2bt_t128x128k64g84s16m8_texture3d_texture2d_half,2048,1024,3072,0.2057,62.651
b580,3b,8da4w,parent,sarc_dev_linear_dq8ca_coopmat_zpg_xe2bt_t128x128k64g84s16m8_texture3d_texture2d_half,2048,3072,3072,0.5227,73.951
b580,3b,8da4w,parent,sarc_dev_linear_dq8ca_coopmat_zpg_xe2bt_t128x128k64g84s16m8_texture3d_texture2d_half,2048,8192,3072,1.6273,63.342
b580,3b,8da4w,parent,sarc_dev_linear_dq8ca_coopmat_zpg_xe2bt_t128x128k64g84s16m8_texture3d_texture2d_half,2048,8192,3072,2.4831,41.513
b580,3b,8da4w,parent,sarc_dev_linear_dq8ca_coopmat_zpg_xe2bt_t128x128k64g84s16m8_texture3d_texture2d_half,2048,3072,8192,1.5845,65.055
b580,3b,8da4w,parent,sarc_dev_linear_dq8ca_coopmat_zpg_xe2bt_t128x128k64g84s16m8_texture3d_texture2d_half,2048,3072,3072,0.5365,72.052
b580,3b,8da4w,parent,sarc_dev_linear_dq8ca_coopmat_zpg_xe2bt_t128x128k64g84s16m8_texture3d_texture2d_half,2048,1024,3072,0.1999,64.444
b580,3b,8da4w,parent,sarc_dev_linear_dq8ca_coopmat_zpg_xe2bt_t128x128k64g84s16m8_texture3d_texture2d_half,2048,1024,3072,0.2028,63.535
b580,3b,8da4w,parent,sarc_dev_linear_dq8ca_coopmat_zpg_xe2bt_t128x128k64g84s16m8_texture3d_texture2d_half,2048,3072,3072,0.5349,72.269
b580,3b,8da4w,parent,sarc_dev_linear_dq8ca_coopmat_zpg_xe2bt_t128x128k64g84s16m8_texture3d_texture2d_half,2048,8192,3072,1.5078,68.364
b580,3b,8da4w,parent,sarc_dev_linear_dq8ca_coopmat_zpg_xe2bt_t128x128k64g84s16m8_texture3d_texture2d_half,2048,8192,3072,1.4411,71.529
b580,3b,8da4w,parent,sarc_dev_linear_dq8ca_coopmat_zpg_xe2bt_t128x128k64g84s16m8_texture3d_texture2d_half,2048,3072,8192,1.5421,66.845
b580,3b,8da4w,parent,sarc_dev_linear_dq8ca_coopmat_zpg_xe2bt_t128x128k64g84s16m8_texture3d_texture2d_half,2048,3072,3072,0.5254,73.571
b580,3b,8da4w,parent,sarc_dev_linear_dq8ca_coopmat_zpg_xe2bt_t128x128k64g84s16m8_texture3d_texture2d_half,2048,1024,3072,0.2081,61.916
b580,3b,8da4w,parent,sarc_dev_linear_dq8ca_coopmat_zpg_xe2bt_t128x128k64g84s16m8_texture3d_texture2d_half,2048,1024,3072,0.2011,64.061
b580,3b,8da4w,parent,sarc_dev_linear_dq8ca_coopmat_zpg_xe2bt_t128x128k64g84s16m8_texture3d_texture2d_half,2048,3072,3072,0.5637,68.569
b580,3b,8da4w,parent,sarc_dev_linear_dq8ca_coopmat_zpg_xe2bt_t128x128k64g84s16m8_texture3d_texture2d_half,2048,8192,3072,1.48,69.649
b580,3b,8da4w,parent,sarc_dev_linear_dq8ca_coopmat_zpg_xe2bt_t128x128k64g84s16m8_texture3d_texture2d_half,2048,8192,3072,1.4365,71.757
b580,3b,8da4w,parent,sarc_dev_linear_dq8ca_coopmat_zpg_xe2bt_t128x128k64g84s16m8_texture3d_texture2d_half,2048,3072,8192,1.5373,67.053
b580,3b,8da4w,parent,sarc_dev_linear_dq8ca_coopmat_zpg_xe2bt_t128x128k64g84s16m8_texture3d_texture2d_half,2048,3072,3072,0.5439,71.067
b580,3b,8da4w,parent,sarc_dev_linear_dq8ca_coopmat_zpg_xe2bt_t128x128k64g84s16m8_texture3d_texture2d_half,2048,1024,3072,0.2056,62.667
b580,3b,8da4w,parent,sarc_dev_linear_dq8ca_coopmat_zpg_xe2bt_t128x128k64g84s16m8_texture3d_texture2d_half,2048,1024,3072,0.2112,61.001
b580,3b,8da4w,parent,sarc_dev_linear_dq8ca_coopmat_zpg_xe2bt_t128x128k64g84s16m8_texture3d_texture2d_half,2048,3072,3072,0.5261,73.476
b580,3b,8da4w,parent,sarc_dev_linear_dq8ca_coopmat_zpg_xe2bt_t128x128k64g84s16m8_texture3d_texture2d_half,2048,8192,3072,1.5025,68.606
b580,3b,8da4w,parent,sarc_dev_linear_dq8ca_coopmat_zpg_xe2bt_t128x128k64g84s16m8_texture3d_texture2d_half,2048,8192,3072,1.4799,69.654
b580,3b,8da4w,parent,sarc_dev_linear_dq8ca_coopmat_zpg_xe2bt_t128x128k64g84s16m8_texture3d_texture2d_half,2048,3072,8192,1.5686,65.715
b580,3b,8da4w,parent,sarc_dev_linear_dq8ca_coopmat_zpg_xe2bt_t128x128k64g84s16m8_texture3d_texture2d_half,2048,3072,3072,0.5334,72.473
b580,3b,8da4w,parent,sarc_dev_linear_dq8ca_coopmat_zpg_xe2bt_t128x128k64g84s16m8_texture3d_texture2d_half,2048,1024,3072,0.2058,62.62
b580,3b,8da4w,parent,sarc_dev_linear_dq8ca_coopmat_zpg_xe2bt_t128x128k64g84s16m8_texture3d_texture2d_half,2048,1024,3072,0.4406,29.244
b580,3b,8da4w,parent,sarc_dev_linear_dq8ca_coopmat_zpg_xe2bt_t128x128k64g84s16m8_texture3d_texture2d_half,2048,3072,3072,0.7575,51.027
b580,3b,8da4w,parent,sarc_dev_linear_dq8ca_coopmat_zpg_xe2bt_t128x128k64g84s16m8_texture3d_texture2d_half,2048,8192,3072,2.7433,37.575
b580,3b,8da4w,parent,sarc_dev_linear_dq8ca_coopmat_zpg_xe2bt_t128x128k64g84s16m8_texture3d_texture2d_half,2048,8192,3072,1.6351,63.04
b580,3b,8da4w,parent,sarc_dev_linear_dq8ca_coopmat_zpg_xe2bt_t128x128k64g84s16m8_texture3d_texture2d_half,2048,3072,8192,2.2047,46.753
b580,3b,8da4w,parent,sarc_dev_linear_dq8ca_coopmat_zpg_xe2bt_t128x128k64g84s16m8_texture3d_texture2d_half,2048,3072,3072,0.5831,66.294
b580,3b,8da4w,parent,sarc_dev_linear_dq8ca_coopmat_zpg_xe2bt_t128x128k64g84s16m8_texture3d_texture2d_half,2048,1024,3072,0.2052,62.778
b580,3b,8da4w,parent,sarc_dev_linear_dq8ca_coopmat_zpg_xe2bt_t128x128k64g84s16m8_texture3d_texture2d_half,2048,1024,3072,0.205,62.842
b580,3b,8da4w,parent,sarc_dev_linear_dq8ca_coopmat_zpg_xe2bt_t128x128k64g84s16m8_texture3d_texture2d_half,2048,3072,3072,0.5403,71.539
b580,3b,8da4w,parent,sarc_dev_linear_dq8ca_coopmat_zpg_xe2bt_t128x128k64g84s16m8_texture3d_texture2d_half,2048,8192,3072,1.4216,72.508
b580,3b,8da4w,parent,sarc_dev_linear_dq8ca_coopmat_zpg_xe2bt_t128x128k64g84s16m8_texture3d_texture2d_half,2048,8192,3072,1.4377,71.695
b580,3b,8da4w,parent,sarc_dev_linear_dq8ca_coopmat_zpg_xe2bt_t128x128k64g84s16m8_texture3d_texture2d_half,2048,3072,8192,1.6176,63.725
b580,3b,8da4w,parent,sarc_dev_linear_dq8ca_coopmat_zpg_xe2bt_t128x128k64g84s16m8_texture3d_texture2d_half,2048,3072,3072,0.6708,57.625
b580,3b,8da4w,parent,sarc_dev_linear_dq8ca_coopmat_zpg_xe2bt_t128x128k64g84s16m8_texture3d_texture2d_half,2048,1024,3072,0.2001,64.394
b580,3b,8da4w,parent,sarc_dev_linear_dq8ca_coopmat_zpg_xe2bt_t128x128k64g84s16m8_texture3d_texture2d_half,2048,1024,3072,0.6999,18.409
b580,3b,8da4w,parent,sarc_dev_linear_dq8ca_coopmat_zpg_xe2bt_t128x128k64g84s16m8_texture3d_texture2d_half,2048,3072,3072,0.5305,72.871
b580,3b,8da4w,parent,sarc_dev_linear_dq8ca_coopmat_zpg_xe2bt_t128x128k64g84s16m8_texture3d_texture2d_half,2048,8192,3072,1.528,67.462
b580,3b,8da4w,parent,sarc_dev_linear_dq8ca_coopmat_zpg_xe2bt_t128x128k64g84s16m8_texture3d_texture2d_half,2048,8192,3072,1.459,70.652
b580,3b,8da4w,parent,sarc_dev_linear_dq8ca_coopmat_zpg_xe2bt_t128x128k64g84s16m8_texture3d_texture2d_half,2048,3072,8192,2.1569,47.79
b580,3b,8da4w,parent,sarc_dev_linear_dq8ca_coopmat_zpg_xe2bt_t128x128k64g84s16m8_texture3d_texture2d_half,2048,3072,3072,0.6936,55.732
b580,3b,8da4w,parent,sarc_dev_linear_dq8ca_coopmat_zpg_xe2bt_t128x128k64g84s16m8_texture3d_texture2d_half,2048,1024,3072,0.2019,63.83
b580,3b,8da4w,parent,sarc_dev_linear_dq8ca_coopmat_zpg_xe2bt_t128x128k64g84s16m8_texture3d_texture2d_half,2048,1024,3072,0.6933,18.586
b580,3b,8da4w,parent,sarc_dev_linear_dq8ca_coopmat_zpg_xe2bt_t128x128k64g84s16m8_texture3d_texture2d_half,2048,3072,3072,0.5267,73.396
b580,3b,8da4w,parent,sarc_dev_linear_dq8ca_coopmat_zpg_xe2bt_t128x128k64g84s16m8_texture3d_texture2d_half,2048,8192,3072,1.5424,66.832
b580,3b,8da4w,parent,sarc_dev_linear_dq8ca_coopmat_zpg_xe2bt_t128x128k64g84s16m8_texture3d_texture2d_half,2048,8192,3072,1.4675,70.242
b580,3b,8da4w,parent,sarc_dev_linear_dq8ca_coopmat_zpg_xe2bt_t128x128k64g84s16m8_texture3d_texture2d_half,2048,3072,8192,1.598,64.505
b580,3b,8da4w,parent,sarc_dev_linear_dq8ca_coopmat_zpg_xe2bt_t128x128k64g84s16m8_texture3d_texture2d_half,2048,3072,3072,0.5157,74.951
b580,3b,8da4w,parent,sarc_dev_linear_dq8ca_coopmat_zpg_xe2bt_t128x128k64g84s16m8_texture3d_texture2d_half,2048,1024,3072,0.2041,63.13
b580,3b,8da4w,parent,sarc_dev_linear_dq8ca_coopmat_zpg_xe2bt_t128x128k64g84s16m8_texture3d_texture2d_half,2048,1024,3072,0.2044,63.034
b580,3b,8da4w,parent,sarc_dev_linear_dq8ca_coopmat_zpg_xe2bt_t128x128k64g84s16m8_texture3d_texture2d_half,2048,3072,3072,0.5276,73.266
b580,3b,8da4w,parent,sarc_dev_linear_dq8ca_coopmat_zpg_xe2bt_t128x128k64g84s16m8_texture3d_texture2d_half,2048,8192,3072,1.4697,70.137
b580,3b,8da4w,parent,sarc_dev_linear_dq8ca_coopmat_zpg_xe2bt_t128x128k64g84s16m8_texture3d_texture2d_half,2048,8192,3072,1.4492,71.129
b580,3b,8da4w,parent,sarc_dev_linear_dq8ca_coopmat_zpg_xe2bt_t128x128k64g84s16m8_texture3d_texture2d_half,2048,3072,8192,1.55,66.502
b580,3b,8da4w,parent,sarc_dev_linear_dq8ca_coopmat_zpg_xe2bt_t128x128k64g84s16m8_texture3d_texture2d_half,2048,3072,3072,0.521,74.195
b580,3b,8da4w,parent,sarc_dev_linear_dq8ca_coopmat_zpg_xe2bt_t128x128k64g84s16m8_texture3d_texture2d_half,2048,1024,3072,0.206,62.541
b580,3b,8da4w,parent,sarc_dev_linear_dq8ca_coopmat_zpg_xe2bt_t128x128k64g84s16m8_texture3d_texture2d_half,2048,1024,3072,0.2045,63.018
b580,3b,8da4w,parent,sarc_dev_linear_dq8ca_coopmat_zpg_xe2bt_t128x128k64g84s16m8_texture3d_texture2d_half,2048,3072,3072,0.523,73.907
b580,3b,8da4w,parent,sarc_dev_linear_dq8ca_coopmat_zpg_xe2bt_t128x128k64g84s16m8_texture3d_texture2d_half,2048,8192,3072,1.6171,63.743
b580,3b,8da4w,parent,sarc_dev_linear_dq8ca_coopmat_zpg_xe2bt_t128x128k64g84s16m8_texture3d_texture2d_half,2048,8192,3072,1.4958,68.911
b580,3b,8da4w,parent,sarc_dev_linear_dq8ca_coopmat_zpg_xe2bt_t128x128k64g84s16m8_texture3d_texture2d_half,2048,3072,8192,1.5664,65.804
b580,3b,8da4w,parent,sarc_dev_linear_dq8ca_coopmat_zpg_xe2bt_t128x128k64g84s16m8_texture3d_texture2d_half,2048,3072,3072,0.5368,72.003
b580,3b,8da4w,parent,sarc_dev_linear_dq8ca_coopmat_zpg_xe2bt_t128x128k64g84s16m8_texture3d_texture2d_half,2048,1024,3072,0.2,64.427
b580,3b,8da4w,parent,sarc_dev_linear_dq8ca_coopmat_zpg_xe2bt_t128x128k64g84s16m8_texture3d_texture2d_half,2048,1024,3072,0.1975,65.241
b580,3b,8da4w,parent,sarc_dev_linear_dq8ca_coopmat_zpg_xe2bt_t128x128k64g84s16m8_texture3d_texture2d_half,2048,3072,3072,0.5392,71.684
b580,3b,8da4w,parent,sarc_dev_linear_dq8ca_coopmat_zpg_xe2bt_t128x128k64g84s16m8_texture3d_texture2d_half,2048,8192,3072,1.474,69.93
b580,3b,8da4w,parent,sarc_dev_linear_dq8ca_coopmat_zpg_xe2bt_t128x128k64g84s16m8_texture3d_texture2d_half,2048,8192,3072,1.4792,69.686
b580,3b,8da4w,parent,sarc_dev_linear_dq8ca_coopmat_zpg_xe2bt_t128x128k64g84s16m8_texture3d_texture2d_half,2048,3072,8192,1.54,66.935
b580,8b,4w,cand,sarc_linear_q4gsw_coopmat_t128x128k16g44s16m8fli_texture3d_texture2d_half,2048,4096,4096,1.4742,46.615
b580,8b,4w,cand,sarc_linear_q4gsw_coopmat_t128x128k16g44s16m8fli_texture3d_texture2d_half,2048,1024,4096,0.8907,19.289
b580,8b,4w,cand,sarc_linear_q4gsw_coopmat_t128x128k16g44s16m8fli_texture3d_texture2d_half,2048,1024,4096,0.4507,38.12
b580,8b,4w,cand,sarc_linear_q4gsw_coopmat_t128x128k16g44s16m8fli_texture3d_texture2d_half,2048,4096,4096,2.0974,32.764
b580,8b,4w,cand,sarc_linear_q4gsw_coopmat_t128x128k16g44s16m8fli_texture3d_texture2d_half,2048,14336,4096,6.486,37.083
b580,8b,4w,cand,sarc_linear_q4gsw_coopmat_t128x128k16g44s16m8fli_texture3d_texture2d_half,2048,14336,4096,6.183,38.9
b580,8b,4w,cand,sarc_linear_q4gsw_coopmat_t128x128k16g44s16m8fli_texture3d_texture2d_half,2048,4096,14336,6.6541,36.146
b580,8b,4w,cand,sarc_linear_q4gsw_coopmat_t128x128k16g44s16m8fli_texture3d_texture2d_half,2048,4096,4096,2.2699,30.274
b580,8b,4w,cand,sarc_linear_q4gsw_coopmat_t128x128k16g44s16m8fli_texture3d_texture2d_half,2048,1024,4096,0.5456,31.489
b580,8b,4w,cand,sarc_linear_q4gsw_coopmat_t128x128k16g44s16m8fli_texture3d_texture2d_half,2048,1024,4096,0.4505,38.137
b580,8b,4w,cand,sarc_linear_q4gsw_coopmat_t128x128k16g44s16m8fli_texture3d_texture2d_half,2048,4096,4096,1.4778,46.5
b580,8b,4w,cand,sarc_linear_q4gsw_coopmat_t128x128k16g44s16m8fli_texture3d_texture2d_half,2048,14336,4096,6.1904,38.853
b580,8b,4w,cand,sarc_linear_q4gsw_coopmat_t128x128k16g44s16m8fli_texture3d_texture2d_half,2048,14336,4096,7.1549,33.616
b580,8b,4w,cand,sarc_linear_q4gsw_coopmat_t128x128k16g44s16m8fli_texture3d_texture2d_half,2048,4096,14336,6.5643,36.64
b580,8b,4w,cand,sarc_linear_q4gsw_coopmat_t128x128k16g44s16m8fli_texture3d_texture2d_half,2048,4096,4096,1.7065,40.268
b580,8b,4w,cand,sarc_linear_q4gsw_coopmat_t128x128k16g44s16m8fli_texture3d_texture2d_half,2048,1024,4096,0.9061,18.96
b580,8b,4w,cand,sarc_linear_q4gsw_coopmat_t128x128k16g44s16m8fli_texture3d_texture2d_half,2048,1024,4096,0.4242,40.498
b580,8b,4w,cand,sarc_linear_q4gsw_coopmat_t128x128k16g44s16m8fli_texture3d_texture2d_half,2048,4096,4096,1.8518,37.109
b580,8b,4w,cand,sarc_linear_q4gsw_coopmat_t128x128k16g44s16m8fli_texture3d_texture2d_half,2048,14336,4096,6.0406,39.817
b580,8b,4w,cand,sarc_linear_q4gsw_coopmat_t128x128k16g44s16m8fli_texture3d_texture2d_half,2048,14336,4096,5.4579,44.068
b580,8b,4w,cand,sarc_linear_q4gsw_coopmat_t128x128k16g44s16m8fli_texture3d_texture2d_half,2048,4096,14336,6.9977,34.371
b580,8b,4w,cand,sarc_linear_q4gsw_coopmat_t128x128k16g44s16m8fli_texture3d_texture2d_half,2048,4096,4096,1.7555,39.145
b580,8b,4w,cand,sarc_linear_q4gsw_coopmat_t128x128k16g44s16m8fli_texture3d_texture2d_half,2048,1024,4096,0.4281,40.134
b580,8b,4w,cand,sarc_linear_q4gsw_coopmat_t128x128k16g44s16m8fli_texture3d_texture2d_half,2048,1024,4096,0.4432,38.759
b580,8b,4w,cand,sarc_linear_q4gsw_coopmat_t128x128k16g44s16m8fli_texture3d_texture2d_half,2048,4096,4096,1.7851,38.497
b580,8b,4w,cand,sarc_linear_q4gsw_coopmat_t128x128k16g44s16m8fli_texture3d_texture2d_half,2048,14336,4096,7.3161,32.875
b580,8b,4w,cand,sarc_linear_q4gsw_coopmat_t128x128k16g44s16m8fli_texture3d_texture2d_half,2048,14336,4096,5.9647,40.324
b580,8b,4w,cand,sarc_linear_q4gsw_coopmat_t128x128k16g44s16m8fli_texture3d_texture2d_half,2048,4096,14336,6.1791,38.925
b580,8b,4w,cand,sarc_linear_q4gsw_coopmat_t128x128k16g44s16m8fli_texture3d_texture2d_half,2048,4096,4096,1.763,38.979
b580,8b,4w,cand,sarc_linear_q4gsw_coopmat_t128x128k16g44s16m8fli_texture3d_texture2d_half,2048,1024,4096,0.8363,20.542
b580,8b,4w,cand,sarc_linear_q4gsw_coopmat_t128x128k16g44s16m8fli_texture3d_texture2d_half,2048,1024,4096,0.4433,38.754
b580,8b,4w,cand,sarc_linear_q4gsw_coopmat_t128x128k16g44s16m8fli_texture3d_texture2d_half,2048,4096,4096,1.4964,45.925
b580,8b,4w,cand,sarc_linear_q4gsw_coopmat_t128x128k16g44s16m8fli_texture3d_texture2d_half,2048,14336,4096,6.3385,37.945
b580,8b,4w,cand,sarc_linear_q4gsw_coopmat_t128x128k16g44s16m8fli_texture3d_texture2d_half,2048,14336,4096,7.1278,33.743
b580,8b,4w,cand,sarc_linear_q4gsw_coopmat_t128x128k16g44s16m8fli_texture3d_texture2d_half,2048,4096,14336,6.4149,37.494
b580,8b,4w,cand,sarc_linear_q4gsw_coopmat_t128x128k16g44s16m8fli_texture3d_texture2d_half,2048,4096,4096,1.675,41.026
b580,8b,4w,cand,sarc_linear_q4gsw_coopmat_t128x128k16g44s16m8fli_texture3d_texture2d_half,2048,1024,4096,0.4276,40.173
b580,8b,4w,cand,sarc_linear_q4gsw_coopmat_t128x128k16g44s16m8fli_texture3d_texture2d_half,2048,1024,4096,0.4249,40.429
b580,8b,4w,cand,sarc_linear_q4gsw_coopmat_t128x128k16g44s16m8fli_texture3d_texture2d_half,2048,4096,4096,1.6295,42.173
b580,8b,4w,cand,sarc_linear_q4gsw_coopmat_t128x128k16g44s16m8fli_texture3d_texture2d_half,2048,14336,4096,6.2827,38.283
b580,8b,4w,cand,sarc_linear_q4gsw_coopmat_t128x128k16g44s16m8fli_texture3d_texture2d_half,2048,14336,4096,6.4728,37.159
b580,8b,4w,cand,sarc_linear_q4gsw_coopmat_t128x128k16g44s16m8fli_texture3d_texture2d_half,2048,4096,14336,5.5613,43.249
b580,8b,4w,cand,sarc_linear_q4gsw_coopmat_t128x128k16g44s16m8fli_texture3d_texture2d_half,2048,4096,4096,1.4875,46.198
b580,8b,4w,cand,sarc_linear_q4gsw_coopmat_t128x128k16g44s16m8fli_texture3d_texture2d_half,2048,1024,4096,0.4455,38.56
b580,8b,4w,cand,sarc_linear_q4gsw_coopmat_t128x128k16g44s16m8fli_texture3d_texture2d_half,2048,1024,4096,0.424,40.518
b580,8b,4w,cand,sarc_linear_q4gsw_coopmat_t128x128k16g44s16m8fli_texture3d_texture2d_half,2048,4096,4096,2.2854,30.069
b580,8b,4w,cand,sarc_linear_q4gsw_coopmat_t128x128k16g44s16m8fli_texture3d_texture2d_half,2048,14336,4096,7.1035,33.859
b580,8b,4w,cand,sarc_linear_q4gsw_coopmat_t128x128k16g44s16m8fli_texture3d_texture2d_half,2048,14336,4096,5.9795,40.224
b580,8b,4w,cand,sarc_linear_q4gsw_coopmat_t128x128k16g44s16m8fli_texture3d_texture2d_half,2048,4096,14336,5.6222,42.78
b580,8b,4w,cand,sarc_linear_q4gsw_coopmat_t128x128k16g44s16m8fli_texture3d_texture2d_half,2048,4096,4096,1.4857,46.254
b580,8b,4w,cand,sarc_linear_q4gsw_coopmat_t128x128k16g44s16m8fli_texture3d_texture2d_half,2048,1024,4096,0.4273,40.202
b580,8b,4w,cand,sarc_linear_q4gsw_coopmat_t128x128k16g44s16m8fli_texture3d_texture2d_half,2048,1024,4096,0.4247,40.448
b580,8b,4w,cand,sarc_linear_q4gsw_coopmat_t128x128k16g44s16m8fli_texture3d_texture2d_half,2048,4096,4096,1.4634,46.959
b580,8b,4w,cand,sarc_linear_q4gsw_coopmat_t128x128k16g44s16m8fli_texture3d_texture2d_half,2048,14336,4096,6.5042,36.979
b580,8b,4w,cand,sarc_linear_q4gsw_coopmat_t128x128k16g44s16m8fli_texture3d_texture2d_half,2048,14336,4096,5.4607,44.045
b580,8b,4w,cand,sarc_linear_q4gsw_coopmat_t128x128k16g44s16m8fli_texture3d_texture2d_half,2048,4096,14336,5.5651,43.219
b580,8b,4w,cand,sarc_linear_q4gsw_coopmat_t128x128k16g44s16m8fli_texture3d_texture2d_half,2048,4096,4096,1.5172,45.295
b580,8b,4w,cand,sarc_linear_q4gsw_coopmat_t128x128k16g44s16m8fli_texture3d_texture2d_half,2048,1024,4096,0.4676,36.742
b580,8b,4w,cand,sarc_linear_q4gsw_coopmat_t128x128k16g44s16m8fli_texture3d_texture2d_half,2048,1024,4096,0.4266,40.271
b580,8b,4w,cand,sarc_linear_q4gsw_coopmat_t128x128k16g44s16m8fli_texture3d_texture2d_half,2048,4096,4096,1.4668,46.849
b580,8b,4w,cand,sarc_linear_q4gsw_coopmat_t128x128k16g44s16m8fli_texture3d_texture2d_half,2048,14336,4096,5.5396,43.418
b580,8b,4w,cand,sarc_linear_q4gsw_coopmat_t128x128k16g44s16m8fli_texture3d_texture2d_half,2048,14336,4096,5.922,40.614
b580,8b,4w,cand,sarc_linear_q4gsw_coopmat_t128x128k16g44s16m8fli_texture3d_texture2d_half,2048,4096,14336,5.6502,42.568
b580,8b,4w,cand,sarc_linear_q4gsw_coopmat_t128x128k16g44s16m8fli_texture3d_texture2d_half,2048,4096,4096,1.5233,45.113
b580,8b,4w,cand,sarc_linear_q4gsw_coopmat_t128x128k16g44s16m8fli_texture3d_texture2d_half,2048,1024,4096,0.4352,39.477
b580,8b,4w,cand,sarc_linear_q4gsw_coopmat_t128x128k16g44s16m8fli_texture3d_texture2d_half,2048,1024,4096,0.4314,39.824
b580,8b,4w,cand,sarc_linear_q4gsw_coopmat_t128x128k16g44s16m8fli_texture3d_texture2d_half,2048,4096,4096,1.4918,46.064
b580,8b,4w,cand,sarc_linear_q4gsw_coopmat_t128x128k16g44s16m8fli_texture3d_texture2d_half,2048,14336,4096,6.096,39.455
b580,8b,4w,cand,sarc_linear_q4gsw_coopmat_t128x128k16g44s16m8fli_texture3d_texture2d_half,2048,14336,4096,6.0211,39.946
b580,8b,4w,cand,sarc_linear_q4gsw_coopmat_t128x128k16g44s16m8fli_texture3d_texture2d_half,2048,4096,14336,6.5558,36.688
b580,8b,4w,cand,sarc_linear_q4gsw_coopmat_t128x128k16g44s16m8fli_texture3d_texture2d_half,2048,4096,4096,1.4848,46.283
b580,8b,4w,cand,sarc_linear_q4gsw_coopmat_t128x128k16g44s16m8fli_texture3d_texture2d_half,2048,1024,4096,0.4372,39.294
b580,8b,4w,cand,sarc_linear_q4gsw_coopmat_t128x128k16g44s16m8fli_texture3d_texture2d_half,2048,1024,4096,0.4299,39.964
b580,8b,4w,cand,sarc_linear_q4gsw_coopmat_t128x128k16g44s16m8fli_texture3d_texture2d_half,2048,4096,4096,2.0546,33.446
b580,8b,4w,cand,sarc_linear_q4gsw_coopmat_t128x128k16g44s16m8fli_texture3d_texture2d_half,2048,14336,4096,5.9655,40.318
b580,8b,4w,cand,sarc_linear_q4gsw_coopmat_t128x128k16g44s16m8fli_texture3d_texture2d_half,2048,14336,4096,5.4897,43.813
b580,8b,4w,cand,sarc_linear_q4gsw_coopmat_t128x128k16g44s16m8fli_texture3d_texture2d_half,2048,4096,14336,6.5224,36.876
b580,8b,4w,cand,sarc_linear_q4gsw_coopmat_t128x128k16g44s16m8fli_texture3d_texture2d_half,2048,4096,4096,2.0508,33.509
b580,8b,4w,cand,sarc_linear_q4gsw_coopmat_t128x128k16g44s16m8fli_texture3d_texture2d_half,2048,1024,4096,0.437,39.317
b580,8b,4w,cand,sarc_linear_q4gsw_coopmat_t128x128k16g44s16m8fli_texture3d_texture2d_half,2048,1024,4096,0.4322,39.748
b580,8b,4w,cand,sarc_linear_q4gsw_coopmat_t128x128k16g44s16m8fli_texture3d_texture2d_half,2048,4096,4096,1.5224,45.139
b580,8b,4w,cand,sarc_linear_q4gsw_coopmat_t128x128k16g44s16m8fli_texture3d_texture2d_half,2048,14336,4096,5.4759,43.923
b580,8b,4w,cand,sarc_linear_q4gsw_coopmat_t128x128k16g44s16m8fli_texture3d_texture2d_half,2048,14336,4096,5.4818,43.875
b580,8b,4w,cand,sarc_linear_q4gsw_coopmat_t128x128k16g44s16m8fli_texture3d_texture2d_half,2048,4096,14336,5.6189,42.806
b580,8b,4w,cand,sarc_linear_q4gsw_coopmat_t128x128k16g44s16m8fli_texture3d_texture2d_half,2048,4096,4096,1.5017,45.761
b580,8b,4w,cand,sarc_linear_q4gsw_coopmat_t128x128k16g44s16m8fli_texture3d_texture2d_half,2048,1024,4096,0.5189,33.111
b580,8b,4w,cand,sarc_linear_q4gsw_coopmat_t128x128k16g44s16m8fli_texture3d_texture2d_half,2048,1024,4096,0.4359,39.411
b580,8b,4w,cand,sarc_linear_q4gsw_coopmat_t128x128k16g44s16m8fli_texture3d_texture2d_half,2048,4096,4096,1.5483,44.384
b580,8b,4w,cand,sarc_linear_q4gsw_coopmat_t128x128k16g44s16m8fli_texture3d_texture2d_half,2048,14336,4096,5.4781,43.905
b580,8b,4w,cand,sarc_linear_q4gsw_coopmat_t128x128k16g44s16m8fli_texture3d_texture2d_half,2048,14336,4096,5.4957,43.765
b580,8b,4w,cand,sarc_linear_q4gsw_coopmat_t128x128k16g44s16m8fli_texture3d_texture2d_half,2048,4096,14336,5.6216,42.785
b580,8b,4w,cand,sarc_linear_q4gsw_coopmat_t128x128k16g44s16m8fli_texture3d_texture2d_half,2048,4096,4096,1.5057,45.639
b580,8b,4w,cand,sarc_linear_q4gsw_coopmat_t128x128k16g44s16m8fli_texture3d_texture2d_half,2048,1024,4096,0.4373,39.284
b580,8b,4w,cand,sarc_linear_q4gsw_coopmat_t128x128k16g44s16m8fli_texture3d_texture2d_half,2048,1024,4096,0.4323,39.743
b580,8b,4w,cand,sarc_linear_q4gsw_coopmat_t128x128k16g44s16m8fli_texture3d_texture2d_half,2048,4096,4096,1.5218,45.157
b580,8b,4w,cand,sarc_linear_q4gsw_coopmat_t128x128k16g44s16m8fli_texture3d_texture2d_half,2048,14336,4096,6.4126,37.507
b580,8b,4w,cand,sarc_linear_q4gsw_coopmat_t128x128k16g44s16m8fli_texture3d_texture2d_half,2048,14336,4096,5.5063,43.68
b580,8b,4w,cand,sarc_linear_q4gsw_coopmat_t128x128k16g44s16m8fli_texture3d_texture2d_half,2048,4096,14336,5.7543,41.798
b580,8b,4w,cand,sarc_linear_q4gsw_coopmat_t128x128k16g44s16m8fli_texture3d_texture2d_half,2048,4096,4096,1.5417,44.574
b580,8b,4w,cand,sarc_linear_q4gsw_coopmat_t128x128k16g44s16m8fli_texture3d_texture2d_half,2048,1024,4096,0.7172,23.953
b580,8b,4w,cand,sarc_linear_q4gsw_coopmat_t128x128k16g44s16m8fli_texture3d_texture2d_half,2048,1024,4096,0.4391,39.126
b580,8b,4w,cand,sarc_linear_q4gsw_coopmat_t128x128k16g44s16m8fli_texture3d_texture2d_half,2048,4096,4096,1.5295,44.93
b580,8b,4w,cand,sarc_linear_q4gsw_coopmat_t128x128k16g44s16m8fli_texture3d_texture2d_half,2048,14336,4096,6.8613,35.054
b580,8b,4w,cand,sarc_linear_q4gsw_coopmat_t128x128k16g44s16m8fli_texture3d_texture2d_half,2048,14336,4096,7.0426,34.152
b580,8b,4w,cand,sarc_linear_q4gsw_coopmat_t128x128k16g44s16m8fli_texture3d_texture2d_half,2048,4096,14336,6.2484,38.493
b580,8b,4w,cand,sarc_linear_q4gsw_coopmat_t128x128k16g44s16m8fli_texture3d_texture2d_half,2048,4096,4096,1.7623,38.995
b580,8b,4w,cand,sarc_linear_q4gsw_coopmat_t128x128k16g44s16m8fli_texture3d_texture2d_half,2048,1024,4096,1.1076,15.511
b580,8b,4w,cand,sarc_linear_q4gsw_coopmat_t128x128k16g44s16m8fli_texture3d_texture2d_half,2048,1024,4096,0.4362,39.383
b580,8b,4w,cand,sarc_linear_q4gsw_coopmat_t128x128k16g44s16m8fli_texture3d_texture2d_half,2048,4096,4096,1.749,39.29
b580,8b,4w,cand,sarc_linear_q4gsw_coopmat_t128x128k16g44s16m8fli_texture3d_texture2d_half,2048,14336,4096,6.8784,34.967
b580,8b,4w,cand,sarc_linear_q4gsw_coopmat_t128x128k16g44s16m8fli_texture3d_texture2d_half,2048,14336,4096,6.2579,38.434
b580,8b,4w,cand,sarc_linear_q4gsw_coopmat_t128x128k16g44s16m8fli_texture3d_texture2d_half,2048,4096,14336,7.2377,33.231
b580,8b,4w,cand,sarc_linear_q4gsw_coopmat_t128x128k16g44s16m8fli_texture3d_texture2d_half,2048,4096,4096,1.8491,37.163
b580,8b,4w,cand,sarc_linear_q4gsw_coopmat_t128x128k16g44s16m8fli_texture3d_texture2d_half,2048,1024,4096,0.4695,36.591
b580,8b,4w,cand,sarc_linear_q4gsw_coopmat_t128x128k16g44s16m8fli_texture3d_texture2d_half,2048,1024,4096,0.6369,26.972
b580,8b,4w,cand,sarc_linear_q4gsw_coopmat_t128x128k16g44s16m8fli_texture3d_texture2d_half,2048,4096,4096,2.0103,34.184
b580,8b,4w,cand,sarc_linear_q4gsw_coopmat_t128x128k16g44s16m8fli_texture3d_texture2d_half,2048,14336,4096,5.66,42.494
b580,8b,4w,cand,sarc_linear_q4gsw_coopmat_t128x128k16g44s16m8fli_texture3d_texture2d_half,2048,14336,4096,6.508,36.957
b580,8b,4w,cand,sarc_linear_q4gsw_coopmat_t128x128k16g44s16m8fli_texture3d_texture2d_half,2048,4096,14336,7.146,33.658
b580,8b,4w,cand,sarc_linear_q4gsw_coopmat_t128x128k16g44s16m8fli_texture3d_texture2d_half,2048,4096,4096,2.1737,31.615
b580,8b,4w,cand,sarc_linear_q4gsw_coopmat_t128x128k16g44s16m8fli_texture3d_texture2d_half,2048,1024,4096,0.4349,39.5
b580,8b,4w,cand,sarc_linear_q4gsw_coopmat_t128x128k16g44s16m8fli_texture3d_texture2d_half,2048,1024,4096,0.6262,27.436
b580,8b,4w,cand,sarc_linear_q4gsw_coopmat_t128x128k16g44s16m8fli_texture3d_texture2d_half,2048,4096,4096,1.7426,39.434
b580,8b,4w,cand,sarc_linear_q4gsw_coopmat_t128x128k16g44s16m8fli_texture3d_texture2d_half,2048,14336,4096,6.7277,35.75
b580,8b,4w,cand,sarc_linear_q4gsw_coopmat_t128x128k16g44s16m8fli_texture3d_texture2d_half,2048,14336,4096,7.085,33.948
b580,8b,4w,cand,sarc_linear_q4gsw_coopmat_t128x128k16g44s16m8fli_texture3d_texture2d_half,2048,4096,14336,6.3822,37.686
b580,8b,4w,cand,sarc_linear_q4gsw_coopmat_t128x128k16g44s16m8fli_texture3d_texture2d_half,2048,4096,4096,1.4792,46.457
b580,8b,4w,cand,sarc_linear_q4gsw_coopmat_t128x128k16g44s16m8fli_texture3d_texture2d_half,2048,1024,4096,0.4505,38.137
b580,8b,4w,cand,sarc_linear_q4gsw_coopmat_t128x128k16g44s16m8fli_texture3d_texture2d_half,2048,1024,4096,0.9129,18.82
b580,8b,4w,cand,sarc_linear_q4gsw_coopmat_t128x128k16g44s16m8fli_texture3d_texture2d_half,2048,4096,4096,2.075,33.119
b580,8b,4w,cand,sarc_linear_q4gsw_coopmat_t128x128k16g44s16m8fli_texture3d_texture2d_half,2048,14336,4096,6.687,35.968
b580,8b,4w,cand,sarc_linear_q4gsw_coopmat_t128x128k16g44s16m8fli_texture3d_texture2d_half,2048,14336,4096,6.1145,39.336
b580,8b,4w,cand,sarc_linear_q4gsw_coopmat_t128x128k16g44s16m8fli_texture3d_texture2d_half,2048,4096,14336,6.7053,35.87
b580,8b,4w,cand,sarc_linear_q4gsw_coopmat_t128x128k16g44s16m8fli_texture3d_texture2d_half,2048,4096,4096,1.7395,39.505
b580,8b,4w,cand,sarc_linear_q4gsw_coopmat_t128x128k16g44s16m8fli_texture3d_texture2d_half,2048,1024,4096,0.4358,39.42
b580,8b,4w,cand,sarc_linear_q4gsw_coopmat_t128x128k16g44s16m8fli_texture3d_texture2d_half,2048,1024,4096,0.5282,32.528
b580,8b,4w,cand,sarc_linear_q4gsw_coopmat_t128x128k16g44s16m8fli_texture3d_texture2d_half,2048,4096,4096,1.5098,45.517
b580,8b,4w,cand,sarc_linear_q4gsw_coopmat_t128x128k16g44s16m8fli_texture3d_texture2d_half,2048,14336,4096,6.9328,34.693
b580,8b,4w,cand,sarc_linear_q4gsw_coopmat_t128x128k16g44s16m8fli_texture3d_texture2d_half,2048,14336,4096,6.7824,35.462
b580,8b,4w,cand,sarc_linear_q4gsw_coopmat_t128x128k16g44s16m8fli_texture3d_texture2d_half,2048,4096,14336,6.9411,34.651
b580,8b,4w,cand,sarc_linear_q4gsw_coopmat_t128x128k16g44s16m8fli_texture3d_texture2d_half,2048,4096,4096,2.0626,33.316
b580,8b,4w,cand,sarc_linear_q4gsw_coopmat_t128x128k16g44s16m8fli_texture3d_texture2d_half,2048,1024,4096,0.4295,40.003
b580,8b,4w,cand,sarc_linear_q4gsw_coopmat_t128x128k16g44s16m8fli_texture3d_texture2d_half,2048,1024,4096,0.6019,28.543
b580,8b,4w,cand,sarc_linear_q4gsw_coopmat_t128x128k16g44s16m8fli_texture3d_texture2d_half,2048,4096,4096,1.8208,37.741
b580,8b,4w,cand,sarc_linear_q4gsw_coopmat_t128x128k16g44s16m8fli_texture3d_texture2d_half,2048,14336,4096,6.8775,34.972
b580,8b,4w,cand,sarc_linear_q4gsw_coopmat_t128x128k16g44s16m8fli_texture3d_texture2d_half,2048,14336,4096,6.4689,37.181
b580,8b,4w,cand,sarc_linear_q4gsw_coopmat_t128x128k16g44s16m8fli_texture3d_texture2d_half,2048,4096,14336,6.6005,36.439
b580,8b,4w,cand,sarc_linear_q4gsw_coopmat_t128x128k16g44s16m8fli_texture3d_texture2d_half,2048,4096,4096,1.7245,39.849
b580,8b,4w,cand,sarc_linear_q4gsw_coopmat_t128x128k16g44s16m8fli_texture3d_texture2d_half,2048,1024,4096,0.5614,30.602
b580,8b,4w,cand,sarc_linear_q4gsw_coopmat_t128x128k16g44s16m8fli_texture3d_texture2d_half,2048,1024,4096,0.4284,40.105
b580,8b,4w,cand,sarc_linear_q4gsw_coopmat_t128x128k16g44s16m8fli_texture3d_texture2d_half,2048,4096,4096,2.0633,33.305
b580,8b,4w,cand,sarc_linear_q4gsw_coopmat_t128x128k16g44s16m8fli_texture3d_texture2d_half,2048,14336,4096,7.3347,32.792
b580,8b,4w,cand,sarc_linear_q4gsw_coopmat_t128x128k16g44s16m8fli_texture3d_texture2d_half,2048,14336,4096,5.4255,44.331
b580,8b,4w,cand,sarc_linear_q4gsw_coopmat_t128x128k16g44s16m8fli_texture3d_texture2d_half,2048,4096,14336,6.9673,34.521
b580,8b,4w,cand,sarc_linear_q4gsw_coopmat_t128x128k16g44s16m8fli_texture3d_texture2d_half,2048,4096,4096,1.9966,34.418
b580,8b,4w,cand,sarc_linear_q4gsw_coopmat_t128x128k16g44s16m8fli_texture3d_texture2d_half,2048,1024,4096,0.6186,27.77
b580,8b,4w,cand,sarc_linear_q4gsw_coopmat_t128x128k16g44s16m8fli_texture3d_texture2d_half,2048,1024,4096,0.4279,40.153
b580,8b,4w,cand,sarc_linear_q4gsw_coopmat_t128x128k16g44s16m8fli_texture3d_texture2d_half,2048,4096,4096,1.7105,40.174
b580,8b,4w,cand,sarc_linear_q4gsw_coopmat_t128x128k16g44s16m8fli_texture3d_texture2d_half,2048,14336,4096,7.338,32.777
b580,8b,4w,cand,sarc_linear_q4gsw_coopmat_t128x128k16g44s16m8fli_texture3d_texture2d_half,2048,14336,4096,6.0481,39.767
b580,8b,4w,cand,sarc_linear_q4gsw_coopmat_t128x128k16g44s16m8fli_texture3d_texture2d_half,2048,4096,14336,6.8232,35.25
b580,8b,4w,cand,sarc_linear_q4gsw_coopmat_t128x128k16g44s16m8fli_texture3d_texture2d_half,2048,4096,4096,1.7754,38.707
b580,8b,4w,cand,sarc_linear_q4gsw_coopmat_t128x128k16g44s16m8fli_texture3d_texture2d_half,2048,1024,4096,0.4352,39.477
b580,8b,4w,cand,sarc_linear_q4gsw_coopmat_t128x128k16g44s16m8fli_texture3d_texture2d_half,2048,1024,4096,0.4259,40.34
b580,8b,4w,cand,sarc_linear_q4gsw_coopmat_t128x128k16g44s16m8fli_texture3d_texture2d_half,2048,4096,4096,1.5487,44.372
b580,8b,4w,cand,sarc_linear_q4gsw_coopmat_t128x128k16g44s16m8fli_texture3d_texture2d_half,2048,14336,4096,6.1448,39.141
b580,8b,4w,cand,sarc_linear_q4gsw_coopmat_t128x128k16g44s16m8fli_texture3d_texture2d_half,2048,14336,4096,6.7634,35.562
b580,8b,4w,cand,sarc_linear_q4gsw_coopmat_t128x128k16g44s16m8fli_texture3d_texture2d_half,2048,4096,14336,6.8675,35.023
b580,8b,4w,cand,sarc_linear_q4gsw_coopmat_t128x128k16g44s16m8fli_texture3d_texture2d_half,2048,4096,4096,1.8506,37.133
b580,8b,4w,cand,sarc_linear_q4gsw_coopmat_t128x128k16g44s16m8fli_texture3d_texture2d_half,2048,1024,4096,0.5394,31.847
b580,8b,4w,cand,sarc_linear_q4gsw_coopmat_t128x128k16g44s16m8fli_texture3d_texture2d_half,2048,1024,4096,0.4293,40.017
b580,8b,4w,cand,sarc_linear_q4gsw_coopmat_t128x128k16g44s16m8fli_texture3d_texture2d_half,2048,4096,4096,1.8847,36.461
b580,8b,4w,cand,sarc_linear_q4gsw_coopmat_t128x128k16g44s16m8fli_texture3d_texture2d_half,2048,14336,4096,5.9159,40.656
b580,8b,4w,cand,sarc_linear_q4gsw_coopmat_t128x128k16g44s16m8fli_texture3d_texture2d_half,2048,14336,4096,6.851,35.107
b580,8b,4w,cand,sarc_linear_q4gsw_coopmat_t128x128k16g44s16m8fli_texture3d_texture2d_half,2048,4096,14336,7.2314,33.26
b580,8b,4w,cand,sarc_linear_q4gsw_coopmat_t128x128k16g44s16m8fli_texture3d_texture2d_half,2048,4096,4096,1.7283,39.762
b580,8b,4w,cand,sarc_linear_q4gsw_coopmat_t128x128k16g44s16m8fli_texture3d_texture2d_half,2048,1024,4096,0.4467,38.461
b580,8b,4w,cand,sarc_linear_q4gsw_coopmat_t128x128k16g44s16m8fli_texture3d_texture2d_half,2048,1024,4096,0.4293,40.017
b580,8b,4w,cand,sarc_linear_q4gsw_coopmat_t128x128k16g44s16m8fli_texture3d_texture2d_half,2048,4096,4096,2.4383,28.183
b580,8b,4w,cand,sarc_linear_q4gsw_coopmat_t128x128k16g44s16m8fli_texture3d_texture2d_half,2048,14336,4096,7.0156,34.283
b580,8b,4w,cand,sarc_linear_q4gsw_coopmat_t128x128k16g44s16m8fli_texture3d_texture2d_half,2048,14336,4096,6.2177,38.683
b580,8b,4w,cand,sarc_linear_q4gsw_coopmat_t128x128k16g44s16m8fli_texture3d_texture2d_half,2048,4096,14336,7.3854,32.567
b580,8b,4w,cand,sarc_linear_q4gsw_coopmat_t128x128k16g44s16m8fli_texture3d_texture2d_half,2048,4096,4096,1.7323,39.67
b580,8b,4w,cand,sarc_linear_q4gsw_coopmat_t128x128k16g44s16m8fli_texture3d_texture2d_half,2048,1024,4096,0.427,40.232
b580,8b,4w,cand,sarc_linear_q4gsw_coopmat_t128x128k16g44s16m8fli_texture3d_texture2d_half,2048,1024,4096,0.4739,36.254
b580,8b,4w,cand,sarc_linear_q4gsw_coopmat_t128x128k16g44s16m8fli_texture3d_texture2d_half,2048,4096,4096,1.9464,35.306
b580,8b,4w,cand,sarc_linear_q4gsw_coopmat_t128x128k16g44s16m8fli_texture3d_texture2d_half,2048,14336,4096,5.9515,40.413
b580,8b,4w,cand,sarc_linear_q4gsw_coopmat_t128x128k16g44s16m8fli_texture3d_texture2d_half,2048,14336,4096,6.5557,36.688
b580,8b,4w,cand,sarc_linear_q4gsw_coopmat_t128x128k16g44s16m8fli_texture3d_texture2d_half,2048,4096,14336,6.8725,34.997
b580,8b,4w,cand,sarc_linear_q4gsw_coopmat_t128x128k16g44s16m8fli_texture3d_texture2d_half,2048,4096,4096,1.7938,38.31
b580,8b,4w,cand,sarc_linear_q4gsw_coopmat_t128x128k16g44s16m8fli_texture3d_texture2d_half,2048,1024,4096,0.5643,30.447
b580,8b,4w,cand,sarc_linear_q4gsw_coopmat_t128x128k16g44s16m8fli_texture3d_texture2d_half,2048,1024,4096,0.426,40.325
b580,8b,4w,cand,sarc_linear_q4gsw_coopmat_t128x128k16g44s16m8fli_texture3d_texture2d_half,2048,4096,4096,1.4919,46.062
b580,8b,4w,cand,sarc_linear_q4gsw_coopmat_t128x128k16g44s16m8fli_texture3d_texture2d_half,2048,14336,4096,6.5979,36.454
b580,8b,4w,cand,sarc_linear_q4gsw_coopmat_t128x128k16g44s16m8fli_texture3d_texture2d_half,2048,14336,4096,6.6058,36.41
b580,8b,4w,cand,sarc_linear_q4gsw_coopmat_t128x128k16g44s16m8fli_texture3d_texture2d_half,2048,4096,14336,6.854,35.092
b580,8b,4w,cand,sarc_linear_q4gsw_coopmat_t128x128k16g44s16m8fli_texture3d_texture2d_half,2048,4096,4096,2.3576,29.148
b580,8b,4w,cand,sarc_linear_q4gsw_coopmat_t128x128k16g44s16m8fli_texture3d_texture2d_half,2048,1024,4096,0.4312,39.843
b580,8b,4w,cand,sarc_linear_q4gsw_coopmat_t128x128k16g44s16m8fli_texture3d_texture2d_half,2048,1024,4096,0.5987,28.696
b580,8b,4w,cand,sarc_linear_q4gsw_coopmat_t128x128k16g44s16m8fli_texture3d_texture2d_half,2048,4096,4096,1.4958,45.941
b580,8b,4w,cand,sarc_linear_q4gsw_coopmat_t128x128k16g44s16m8fli_texture3d_texture2d_half,2048,14336,4096,6.7117,35.836
b580,8b,4w,cand,sarc_linear_q4gsw_coopmat_t128x128k16g44s16m8fli_texture3d_texture2d_half,2048,14336,4096,6.4858,37.084
b580,8b,4w,cand,sarc_linear_q4gsw_coopmat_t128x128k16g44s16m8fli_texture3d_texture2d_half,2048,4096,14336,7.2134,33.343
b580,8b,4w,cand,sarc_linear_q4gsw_coopmat_t128x128k16g44s16m8fli_texture3d_texture2d_half,2048,4096,4096,1.9741,34.811
b580,8b,4w,cand,sarc_linear_q4gsw_coopmat_t128x128k16g44s16m8fli_texture3d_texture2d_half,2048,1024,4096,0.678,25.338
b580,8b,4w,cand,sarc_linear_q4gsw_coopmat_t128x128k16g44s16m8fli_texture3d_texture2d_half,2048,1024,4096,0.4293,40.022
b580,8b,4w,cand,sarc_linear_q4gsw_coopmat_t128x128k16g44s16m8fli_texture3d_texture2d_half,2048,4096,4096,1.4504,47.38
b580,8b,4w,cand,sarc_linear_q4gsw_coopmat_t128x128k16g44s16m8fli_texture3d_texture2d_half,2048,14336,4096,6.9876,34.421
b580,8b,4w,cand,sarc_linear_q4gsw_coopmat_t128x128k16g44s16m8fli_texture3d_texture2d_half,2048,14336,4096,6.9941,34.389
b580,8b,4w,cand,sarc_linear_q4gsw_coopmat_t128x128k16g44s16m8fli_texture3d_texture2d_half,2048,4096,14336,7.2314,33.26
b580,8b,4w,cand,sarc_linear_q4gsw_coopmat_t128x128k16g44s16m8fli_texture3d_texture2d_half,2048,4096,4096,1.4844,46.295
b580,8b,4w,cand,sarc_linear_q4gsw_coopmat_t128x128k16g44s16m8fli_texture3d_texture2d_half,2048,1024,4096,0.8958,19.178
b580,8b,4w,cand,sarc_linear_q4gsw_coopmat_t128x128k16g44s16m8fli_texture3d_texture2d_half,2048,1024,4096,0.4242,40.498
b580,8b,4w,cand,sarc_linear_q4gsw_coopmat_t128x128k16g44s16m8fli_texture3d_texture2d_half,2048,4096,4096,2.0432,33.634
b580,8b,4w,cand,sarc_linear_q4gsw_coopmat_t128x128k16g44s16m8fli_texture3d_texture2d_half,2048,14336,4096,7.0253,34.236
b580,8b,4w,cand,sarc_linear_q4gsw_coopmat_t128x128k16g44s16m8fli_texture3d_texture2d_half,2048,14336,4096,6.5745,36.584
b580,8b,4w,cand,sarc_linear_q4gsw_coopmat_t128x128k16g44s16m8fli_texture3d_texture2d_half,2048,4096,14336,6.3452,37.906
b580,8b,4w,cand,sarc_linear_q4gsw_coopmat_t128x128k16g44s16m8fli_texture3d_texture2d_half,2048,4096,4096,1.4783,46.487
b580,8b,4w,cand,sarc_linear_q4gsw_coopmat_t128x128k16g44s16m8fli_texture3d_texture2d_half,2048,1024,4096,0.4497,38.199
b580,8b,4w,cand,sarc_linear_q4gsw_coopmat_t128x128k16g44s16m8fli_texture3d_texture2d_half,2048,1024,4096,0.4258,40.345
b580,8b,4w,cand,sarc_linear_q4gsw_coopmat_t128x128k16g44s16m8fli_texture3d_texture2d_half,2048,4096,4096,1.9763,34.772
b580,8b,4w,cand,sarc_linear_q4gsw_coopmat_t128x128k16g44s16m8fli_texture3d_texture2d_half,2048,14336,4096,6.6231,36.315
b580,8b,4w,cand,sarc_linear_q4gsw_coopmat_t128x128k16g44s16m8fli_texture3d_texture2d_half,2048,14336,4096,6.1298,39.237
b580,8b,4w,cand,sarc_linear_q4gsw_coopmat_t128x128k16g44s16m8fli_texture3d_texture2d_half,2048,4096,14336,6.0664,39.647
b580,8b,4w,parent,sarc_linear_q4gsw_coopmat_t128x128k16g44s16m8fli_texture3d_texture2d_half,2048,4096,4096,1.8128,37.907
b580,8b,4w,parent,sarc_linear_q4gsw_coopmat_t128x128k16g44s16m8fli_texture3d_texture2d_half,2048,1024,4096,0.4369,39.322
b580,8b,4w,parent,sarc_linear_q4gsw_coopmat_t128x128k16g44s16m8fli_texture3d_texture2d_half,2048,1024,4096,0.5714,30.068
b580,8b,4w,parent,sarc_linear_q4gsw_coopmat_t128x128k16g44s16m8fli_texture3d_texture2d_half,2048,4096,4096,1.496,45.934
b580,8b,4w,parent,sarc_linear_q4gsw_coopmat_t128x128k16g44s16m8fli_texture3d_texture2d_half,2048,14336,4096,6.0514,39.746
b580,8b,4w,parent,sarc_linear_q4gsw_coopmat_t128x128k16g44s16m8fli_texture3d_texture2d_half,2048,14336,4096,5.5117,43.637
b580,8b,4w,parent,sarc_linear_q4gsw_coopmat_t128x128k16g44s16m8fli_texture3d_texture2d_half,2048,4096,14336,5.6997,42.199
b580,8b,4w,parent,sarc_linear_q4gsw_coopmat_t128x128k16g44s16m8fli_texture3d_texture2d_half,2048,4096,4096,2.0421,33.651
b580,8b,4w,parent,sarc_linear_q4gsw_coopmat_t128x128k16g44s16m8fli_texture3d_texture2d_half,2048,1024,4096,0.4643,37.005
b580,8b,4w,parent,sarc_linear_q4gsw_coopmat_t128x128k16g44s16m8fli_texture3d_texture2d_half,2048,1024,4096,0.4363,39.373
b580,8b,4w,parent,sarc_linear_q4gsw_coopmat_t128x128k16g44s16m8fli_texture3d_texture2d_half,2048,4096,4096,1.5019,45.755
b580,8b,4w,parent,sarc_linear_q4gsw_coopmat_t128x128k16g44s16m8fli_texture3d_texture2d_half,2048,14336,4096,5.4263,44.325
b580,8b,4w,parent,sarc_linear_q4gsw_coopmat_t128x128k16g44s16m8fli_texture3d_texture2d_half,2048,14336,4096,5.4198,44.378
b580,8b,4w,parent,sarc_linear_q4gsw_coopmat_t128x128k16g44s16m8fli_texture3d_texture2d_half,2048,4096,14336,5.6233,42.771
b580,8b,4w,parent,sarc_linear_q4gsw_coopmat_t128x128k16g44s16m8fli_texture3d_texture2d_half,2048,4096,4096,1.5011,45.78
b580,8b,4w,parent,sarc_linear_q4gsw_coopmat_t128x128k16g44s16m8fli_texture3d_texture2d_half,2048,1024,4096,0.4338,39.605
b580,8b,4w,parent,sarc_linear_q4gsw_coopmat_t128x128k16g44s16m8fli_texture3d_texture2d_half,2048,1024,4096,0.4361,39.392
b580,8b,4w,parent,sarc_linear_q4gsw_coopmat_t128x128k16g44s16m8fli_texture3d_texture2d_half,2048,4096,4096,1.5012,45.777
b580,8b,4w,parent,sarc_linear_q4gsw_coopmat_t128x128k16g44s16m8fli_texture3d_texture2d_half,2048,14336,4096,6.7554,35.604
b580,8b,4w,parent,sarc_linear_q4gsw_coopmat_t128x128k16g44s16m8fli_texture3d_texture2d_half,2048,14336,4096,5.5316,43.481
b580,8b,4w,parent,sarc_linear_q4gsw_coopmat_t128x128k16g44s16m8fli_texture3d_texture2d_half,2048,4096,14336,5.6244,42.764
b580,8b,4w,parent,sarc_linear_q4gsw_coopmat_t128x128k16g44s16m8fli_texture3d_texture2d_half,2048,4096,4096,1.4961,45.933
b580,8b,4w,parent,sarc_linear_q4gsw_coopmat_t128x128k16g44s16m8fli_texture3d_texture2d_half,2048,1024,4096,0.4597,37.374
b580,8b,4w,parent,sarc_linear_q4gsw_coopmat_t128x128k16g44s16m8fli_texture3d_texture2d_half,2048,1024,4096,0.4325,39.719
b580,8b,4w,parent,sarc_linear_q4gsw_coopmat_t128x128k16g44s16m8fli_texture3d_texture2d_half,2048,4096,4096,1.4839,46.311
b580,8b,4w,parent,sarc_linear_q4gsw_coopmat_t128x128k16g44s16m8fli_texture3d_texture2d_half,2048,14336,4096,7.0228,34.248
b580,8b,4w,parent,sarc_linear_q4gsw_coopmat_t128x128k16g44s16m8fli_texture3d_texture2d_half,2048,14336,4096,6.4568,37.25
b580,8b,4w,parent,sarc_linear_q4gsw_coopmat_t128x128k16g44s16m8fli_texture3d_texture2d_half,2048,4096,14336,6.4642,37.208
b580,8b,4w,parent,sarc_linear_q4gsw_coopmat_t128x128k16g44s16m8fli_texture3d_texture2d_half,2048,4096,4096,1.5027,45.731
b580,8b,4w,parent,sarc_linear_q4gsw_coopmat_t128x128k16g44s16m8fli_texture3d_texture2d_half,2048,1024,4096,0.4354,39.458
b580,8b,4w,parent,sarc_linear_q4gsw_coopmat_t128x128k16g44s16m8fli_texture3d_texture2d_half,2048,1024,4096,0.4321,39.762
b580,8b,4w,parent,sarc_linear_q4gsw_coopmat_t128x128k16g44s16m8fli_texture3d_texture2d_half,2048,4096,4096,1.5544,44.209
b580,8b,4w,parent,sarc_linear_q4gsw_coopmat_t128x128k16g44s16m8fli_texture3d_texture2d_half,2048,14336,4096,5.4632,44.025
b580,8b,4w,parent,sarc_linear_q4gsw_coopmat_t128x128k16g44s16m8fli_texture3d_texture2d_half,2048,14336,4096,6.6161,36.353
b580,8b,4w,parent,sarc_linear_q4gsw_coopmat_t128x128k16g44s16m8fli_texture3d_texture2d_half,2048,4096,14336,5.6875,42.289
b580,8b,4w,parent,sarc_linear_q4gsw_coopmat_t128x128k16g44s16m8fli_texture3d_texture2d_half,2048,4096,4096,1.5083,45.562
b580,8b,4w,parent,sarc_linear_q4gsw_coopmat_t128x128k16g44s16m8fli_texture3d_texture2d_half,2048,1024,4096,0.4398,39.066
b580,8b,4w,parent,sarc_linear_q4gsw_coopmat_t128x128k16g44s16m8fli_texture3d_texture2d_half,2048,1024,4096,0.4337,39.614
b580,8b,4w,parent,sarc_linear_q4gsw_coopmat_t128x128k16g44s16m8fli_texture3d_texture2d_half,2048,4096,4096,1.4823,46.36
b580,8b,4w,parent,sarc_linear_q4gsw_coopmat_t128x128k16g44s16m8fli_texture3d_texture2d_half,2048,14336,4096,5.4573,44.073
b580,8b,4w,parent,sarc_linear_q4gsw_coopmat_t128x128k16g44s16m8fli_texture3d_texture2d_half,2048,14336,4096,5.5011,43.722
b580,8b,4w,parent,sarc_linear_q4gsw_coopmat_t128x128k16g44s16m8fli_texture3d_texture2d_half,2048,4096,14336,5.6412,42.636
b580,8b,4w,parent,sarc_linear_q4gsw_coopmat_t128x128k16g44s16m8fli_texture3d_texture2d_half,2048,4096,4096,1.5064,45.617
b580,8b,4w,parent,sarc_linear_q4gsw_coopmat_t128x128k16g44s16m8fli_texture3d_texture2d_half,2048,1024,4096,0.4371,39.308
b580,8b,4w,parent,sarc_linear_q4gsw_coopmat_t128x128k16g44s16m8fli_texture3d_texture2d_half,2048,1024,4096,0.5536,31.031
b580,8b,4w,parent,sarc_linear_q4gsw_coopmat_t128x128k16g44s16m8fli_texture3d_texture2d_half,2048,4096,4096,1.5377,44.69
b580,8b,4w,parent,sarc_linear_q4gsw_coopmat_t128x128k16g44s16m8fli_texture3d_texture2d_half,2048,14336,4096,5.5059,43.684
b580,8b,4w,parent,sarc_linear_q4gsw_coopmat_t128x128k16g44s16m8fli_texture3d_texture2d_half,2048,14336,4096,5.464,44.019
b580,8b,4w,parent,sarc_linear_q4gsw_coopmat_t128x128k16g44s16m8fli_texture3d_texture2d_half,2048,4096,14336,5.7113,42.113
b580,8b,4w,parent,sarc_linear_q4gsw_coopmat_t128x128k16g44s16m8fli_texture3d_texture2d_half,2048,4096,4096,1.5071,45.598
b580,8b,4w,parent,sarc_linear_q4gsw_coopmat_t128x128k16g44s16m8fli_texture3d_texture2d_half,2048,1024,4096,0.4624,37.151
b580,8b,4w,parent,sarc_linear_q4gsw_coopmat_t128x128k16g44s16m8fli_texture3d_texture2d_half,2048,1024,4096,0.435,39.496
b580,8b,4w,parent,sarc_linear_q4gsw_coopmat_t128x128k16g44s16m8fli_texture3d_texture2d_half,2048,4096,4096,2.4797,27.713
b580,8b,4w,parent,sarc_linear_q4gsw_coopmat_t128x128k16g44s16m8fli_texture3d_texture2d_half,2048,14336,4096,6.8528,35.098
b580,8b,4w,parent,sarc_linear_q4gsw_coopmat_t128x128k16g44s16m8fli_texture3d_texture2d_half,2048,14336,4096,5.4999,43.731
b580,8b,4w,parent,sarc_linear_q4gsw_coopmat_t128x128k16g44s16m8fli_texture3d_texture2d_half,2048,4096,14336,5.6683,42.432
b580,8b,4w,parent,sarc_linear_q4gsw_coopmat_t128x128k16g44s16m8fli_texture3d_texture2d_half,2048,4096,4096,1.5156,45.342
b580,8b,4w,parent,sarc_linear_q4gsw_coopmat_t128x128k16g44s16m8fli_texture3d_texture2d_half,2048,1024,4096,0.4439,38.7
b580,8b,4w,parent,sarc_linear_q4gsw_coopmat_t128x128k16g44s16m8fli_texture3d_texture2d_half,2048,1024,4096,0.4362,39.387
b580,8b,4w,parent,sarc_linear_q4gsw_coopmat_t128x128k16g44s16m8fli_texture3d_texture2d_half,2048,4096,4096,1.492,46.059
b580,8b,4w,parent,sarc_linear_q4gsw_coopmat_t128x128k16g44s16m8fli_texture3d_texture2d_half,2048,14336,4096,6.1362,39.197
b580,8b,4w,parent,sarc_linear_q4gsw_coopmat_t128x128k16g44s16m8fli_texture3d_texture2d_half,2048,14336,4096,5.5612,43.249
b580,8b,4w,parent,sarc_linear_q4gsw_coopmat_t128x128k16g44s16m8fli_texture3d_texture2d_half,2048,4096,14336,5.6671,42.441
b580,8b,4w,parent,sarc_linear_q4gsw_coopmat_t128x128k16g44s16m8fli_texture3d_texture2d_half,2048,4096,4096,1.5187,45.249
b580,8b,4w,parent,sarc_linear_q4gsw_coopmat_t128x128k16g44s16m8fli_texture3d_texture2d_half,2048,1024,4096,0.4412,38.942
b580,8b,4w,parent,sarc_linear_q4gsw_coopmat_t128x128k16g44s16m8fli_texture3d_texture2d_half,2048,1024,4096,0.4375,39.266
b580,8b,4w,parent,sarc_linear_q4gsw_coopmat_t128x128k16g44s16m8fli_texture3d_texture2d_half,2048,4096,4096,1.5152,45.354
b580,8b,4w,parent,sarc_linear_q4gsw_coopmat_t128x128k16g44s16m8fli_texture3d_texture2d_half,2048,14336,4096,6.2435,38.523
b580,8b,4w,parent,sarc_linear_q4gsw_coopmat_t128x128k16g44s16m8fli_texture3d_texture2d_half,2048,14336,4096,6.8769,34.975
b580,8b,4w,parent,sarc_linear_q4gsw_coopmat_t128x128k16g44s16m8fli_texture3d_texture2d_half,2048,4096,14336,5.7445,41.869
b580,8b,4w,parent,sarc_linear_q4gsw_coopmat_t128x128k16g44s16m8fli_texture3d_texture2d_half,2048,4096,4096,1.5426,44.548
b580,8b,4w,parent,sarc_linear_q4gsw_coopmat_t128x128k16g44s16m8fli_texture3d_texture2d_half,2048,1024,4096,0.4556,37.706
b580,8b,4w,parent,sarc_linear_q4gsw_coopmat_t128x128k16g44s16m8fli_texture3d_texture2d_half,2048,1024,4096,0.4364,39.364
b580,8b,4w,parent,sarc_linear_q4gsw_coopmat_t128x128k16g44s16m8fli_texture3d_texture2d_half,2048,4096,4096,1.5292,44.939
b580,8b,4w,parent,sarc_linear_q4gsw_coopmat_t128x128k16g44s16m8fli_texture3d_texture2d_half,2048,14336,4096,5.7927,41.521
b580,8b,4w,parent,sarc_linear_q4gsw_coopmat_t128x128k16g44s16m8fli_texture3d_texture2d_half,2048,14336,4096,6.2942,38.213
b580,8b,4w,parent,sarc_linear_q4gsw_coopmat_t128x128k16g44s16m8fli_texture3d_texture2d_half,2048,4096,14336,6.6395,36.225
b580,8b,4w,parent,sarc_linear_q4gsw_coopmat_t128x128k16g44s16m8fli_texture3d_texture2d_half,2048,4096,4096,1.5,45.813
b580,8b,4w,parent,sarc_linear_q4gsw_coopmat_t128x128k16g44s16m8fli_texture3d_texture2d_half,2048,1024,4096,0.4402,39.029
b580,8b,4w,parent,sarc_linear_q4gsw_coopmat_t128x128k16g44s16m8fli_texture3d_texture2d_half,2048,1024,4096,0.4413,38.928
b580,8b,4w,parent,sarc_linear_q4gsw_coopmat_t128x128k16g44s16m8fli_texture3d_texture2d_half,2048,4096,4096,1.5284,44.962
b580,8b,4w,parent,sarc_linear_q4gsw_coopmat_t128x128k16g44s16m8fli_texture3d_texture2d_half,2048,14336,4096,5.5177,43.591
b580,8b,4w,parent,sarc_linear_q4gsw_coopmat_t128x128k16g44s16m8fli_texture3d_texture2d_half,2048,14336,4096,5.5207,43.567
b580,8b,4w,parent,sarc_linear_q4gsw_coopmat_t128x128k16g44s16m8fli_texture3d_texture2d_half,2048,4096,14336,6.6627,36.099
b580,8b,4w,parent,sarc_linear_q4gsw_coopmat_t128x128k16g44s16m8fli_texture3d_texture2d_half,2048,4096,4096,2.2563,30.457
b580,8b,4w,parent,sarc_linear_q4gsw_coopmat_t128x128k16g44s16m8fli_texture3d_texture2d_half,2048,1024,4096,0.4384,39.187
b580,8b,4w,parent,sarc_linear_q4gsw_coopmat_t128x128k16g44s16m8fli_texture3d_texture2d_half,2048,1024,4096,0.9567,17.957
b580,8b,4w,parent,sarc_linear_q4gsw_coopmat_t128x128k16g44s16m8fli_texture3d_texture2d_half,2048,4096,4096,1.5284,44.962
b580,8b,4w,parent,sarc_linear_q4gsw_coopmat_t128x128k16g44s16m8fli_texture3d_texture2d_half,2048,14336,4096,5.5996,42.953
b580,8b,4w,parent,sarc_linear_q4gsw_coopmat_t128x128k16g44s16m8fli_texture3d_texture2d_half,2048,14336,4096,5.5623,43.24
b580,8b,4w,parent,sarc_linear_q4gsw_coopmat_t128x128k16g44s16m8fli_texture3d_texture2d_half,2048,4096,14336,5.7057,42.154
b580,8b,4w,parent,sarc_linear_q4gsw_coopmat_t128x128k16g44s16m8fli_texture3d_texture2d_half,2048,4096,4096,1.5009,45.785
b580,8b,4w,parent,sarc_linear_q4gsw_coopmat_t128x128k16g44s16m8fli_texture3d_texture2d_half,2048,1024,4096,0.4625,37.142
b580,8b,4w,parent,sarc_linear_q4gsw_coopmat_t128x128k16g44s16m8fli_texture3d_texture2d_half,2048,1024,4096,0.4374,39.28
b580,8b,4w,parent,sarc_linear_q4gsw_coopmat_t128x128k16g44s16m8fli_texture3d_texture2d_half,2048,4096,4096,1.5211,45.177
b580,8b,4w,parent,sarc_linear_q4gsw_coopmat_t128x128k16g44s16m8fli_texture3d_texture2d_half,2048,14336,4096,6.134,39.211
b580,8b,4w,parent,sarc_linear_q4gsw_coopmat_t128x128k16g44s16m8fli_texture3d_texture2d_half,2048,14336,4096,5.552,43.321
b580,8b,4w,parent,sarc_linear_q4gsw_coopmat_t128x128k16g44s16m8fli_texture3d_texture2d_half,2048,4096,14336,5.6965,42.222
b580,8b,4w,parent,sarc_linear_q4gsw_coopmat_t128x128k16g44s16m8fli_texture3d_texture2d_half,2048,4096,4096,1.5463,44.442
b580,8b,4w,parent,sarc_linear_q4gsw_coopmat_t128x128k16g44s16m8fli_texture3d_texture2d_half,2048,1024,4096,0.4438,38.714
b580,8b,4w,parent,sarc_linear_q4gsw_coopmat_t128x128k16g44s16m8fli_texture3d_texture2d_half,2048,1024,4096,0.4377,39.252
b580,8b,4w,parent,sarc_linear_q4gsw_coopmat_t128x128k16g44s16m8fli_texture3d_texture2d_half,2048,4096,4096,1.4975,45.89
b580,8b,4w,parent,sarc_linear_q4gsw_coopmat_t128x128k16g44s16m8fli_texture3d_texture2d_half,2048,14336,4096,5.505,43.691
b580,8b,4w,parent,sarc_linear_q4gsw_coopmat_t128x128k16g44s16m8fli_texture3d_texture2d_half,2048,14336,4096,6.7093,35.848
b580,8b,4w,parent,sarc_linear_q4gsw_coopmat_t128x128k16g44s16m8fli_texture3d_texture2d_half,2048,4096,14336,5.7641,41.727
b580,8b,4w,parent,sarc_linear_q4gsw_coopmat_t128x128k16g44s16m8fli_texture3d_texture2d_half,2048,4096,4096,1.5306,44.898
b580,8b,4w,parent,sarc_linear_q4gsw_coopmat_t128x128k16g44s16m8fli_texture3d_texture2d_half,2048,1024,4096,0.4432,38.759
b580,8b,4w,parent,sarc_linear_q4gsw_coopmat_t128x128k16g44s16m8fli_texture3d_texture2d_half,2048,1024,4096,0.4392,39.117
b580,8b,4w,parent,sarc_linear_q4gsw_coopmat_t128x128k16g44s16m8fli_texture3d_texture2d_half,2048,4096,4096,1.5068,45.606
b580,8b,4w,parent,sarc_linear_q4gsw_coopmat_t128x128k16g44s16m8fli_texture3d_texture2d_half,2048,14336,4096,5.5764,43.132
b580,8b,4w,parent,sarc_linear_q4gsw_coopmat_t128x128k16g44s16m8fli_texture3d_texture2d_half,2048,14336,4096,6.2759,38.324
b580,8b,4w,parent,sarc_linear_q4gsw_coopmat_t128x128k16g44s16m8fli_texture3d_texture2d_half,2048,4096,14336,7.0996,33.878
b580,8b,4w,parent,sarc_linear_q4gsw_coopmat_t128x128k16g44s16m8fli_texture3d_texture2d_half,2048,4096,4096,1.5126,45.431
b580,8b,4w,parent,sarc_linear_q4gsw_coopmat_t128x128k16g44s16m8fli_texture3d_texture2d_half,2048,1024,4096,0.4422,38.85
b580,8b,4w,parent,sarc_linear_q4gsw_coopmat_t128x128k16g44s16m8fli_texture3d_texture2d_half,2048,1024,4096,0.4583,37.484
b580,8b,4w,parent,sarc_linear_q4gsw_coopmat_t128x128k16g44s16m8fli_texture3d_texture2d_half,2048,4096,4096,1.5511,44.305
b580,8b,4w,parent,sarc_linear_q4gsw_coopmat_t128x128k16g44s16m8fli_texture3d_texture2d_half,2048,14336,4096,5.5505,43.332
b580,8b,4w,parent,sarc_linear_q4gsw_coopmat_t128x128k16g44s16m8fli_texture3d_texture2d_half,2048,14336,4096,5.5703,43.178
b580,8b,4w,parent,sarc_linear_q4gsw_coopmat_t128x128k16g44s16m8fli_texture3d_texture2d_half,2048,4096,14336,6.891,34.903
b580,8b,4w,parent,sarc_linear_q4gsw_coopmat_t128x128k16g44s16m8fli_texture3d_texture2d_half,2048,4096,4096,1.522,45.151
b580,8b,4w,parent,sarc_linear_q4gsw_coopmat_t128x128k16g44s16m8fli_texture3d_texture2d_half,2048,1024,4096,0.4506,38.124
b580,8b,4w,parent,sarc_linear_q4gsw_coopmat_t128x128k16g44s16m8fli_texture3d_texture2d_half,2048,1024,4096,0.439,39.136
b580,8b,4w,parent,sarc_linear_q4gsw_coopmat_t128x128k16g44s16m8fli_texture3d_texture2d_half,2048,4096,4096,1.5218,45.156
b580,8b,4w,parent,sarc_linear_q4gsw_coopmat_t128x128k16g44s16m8fli_texture3d_texture2d_half,2048,14336,4096,5.4989,43.739
b580,8b,4w,parent,sarc_linear_q4gsw_coopmat_t128x128k16g44s16m8fli_texture3d_texture2d_half,2048,14336,4096,7.2999,32.948
b580,8b,4w,parent,sarc_linear_q4gsw_coopmat_t128x128k16g44s16m8fli_texture3d_texture2d_half,2048,4096,14336,5.764,41.728
b580,8b,4w,parent,sarc_linear_q4gsw_coopmat_t128x128k16g44s16m8fli_texture3d_texture2d_half,2048,4096,4096,1.5249,45.065
b580,8b,4w,parent,sarc_linear_q4gsw_coopmat_t128x128k16g44s16m8fli_texture3d_texture2d_half,2048,1024,4096,0.4419,38.878
b580,8b,4w,parent,sarc_linear_q4gsw_coopmat_t128x128k16g44s16m8fli_texture3d_texture2d_half,2048,1024,4096,0.4384,39.187
b580,8b,4w,parent,sarc_linear_q4gsw_coopmat_t128x128k16g44s16m8fli_texture3d_texture2d_half,2048,4096,4096,1.5656,43.894
b580,8b,4w,parent,sarc_linear_q4gsw_coopmat_t128x128k16g44s16m8fli_texture3d_texture2d_half,2048,14336,4096,5.5801,43.103
b580,8b,4w,parent,sarc_linear_q4gsw_coopmat_t128x128k16g44s16m8fli_texture3d_texture2d_half,2048,14336,4096,5.5414,43.404
b580,8b,4w,parent,sarc_linear_q4gsw_coopmat_t128x128k16g44s16m8fli_texture3d_texture2d_half,2048,4096,14336,5.7147,42.088
b580,8b,4w,parent,sarc_linear_q4gsw_coopmat_t128x128k16g44s16m8fli_texture3d_texture2d_half,2048,4096,4096,1.5113,45.471
b580,8b,4w,parent,sarc_linear_q4gsw_coopmat_t128x128k16g44s16m8fli_texture3d_texture2d_half,2048,1024,4096,0.4599,37.352
b580,8b,4w,parent,sarc_linear_q4gsw_coopmat_t128x128k16g44s16m8fli_texture3d_texture2d_half,2048,1024,4096,0.4399,39.052
b580,8b,4w,parent,sarc_linear_q4gsw_coopmat_t128x128k16g44s16m8fli_texture3d_texture2d_half,2048,4096,4096,1.5213,45.171
b580,8b,4w,parent,sarc_linear_q4gsw_coopmat_t128x128k16g44s16m8fli_texture3d_texture2d_half,2048,14336,4096,6.7267,35.756
b580,8b,4w,parent,sarc_linear_q4gsw_coopmat_t128x128k16g44s16m8fli_texture3d_texture2d_half,2048,14336,4096,6.4554,37.259
b580,8b,4w,parent,sarc_linear_q4gsw_coopmat_t128x128k16g44s16m8fli_texture3d_texture2d_half,2048,4096,14336,5.7285,41.986
b580,8b,4w,parent,sarc_linear_q4gsw_coopmat_t128x128k16g44s16m8fli_texture3d_texture2d_half,2048,4096,4096,1.5229,45.125
b580,8b,4w,parent,sarc_linear_q4gsw_coopmat_t128x128k16g44s16m8fli_texture3d_texture2d_half,2048,1024,4096,0.4408,38.979
b580,8b,4w,parent,sarc_linear_q4gsw_coopmat_t128x128k16g44s16m8fli_texture3d_texture2d_half,2048,1024,4096,0.4372,39.298
b580,8b,4w,parent,sarc_linear_q4gsw_coopmat_t128x128k16g44s16m8fli_texture3d_texture2d_half,2048,4096,4096,1.504,45.691
b580,8b,4w,parent,sarc_linear_q4gsw_coopmat_t128x128k16g44s16m8fli_texture3d_texture2d_half,2048,14336,4096,5.5287,43.503
b580,8b,4w,parent,sarc_linear_q4gsw_coopmat_t128x128k16g44s16m8fli_texture3d_texture2d_half,2048,14336,4096,6.6371,36.239
b580,8b,4w,parent,sarc_linear_q4gsw_coopmat_t128x128k16g44s16m8fli_texture3d_texture2d_half,2048,4096,14336,5.7866,41.565
b580,8b,4w,parent,sarc_linear_q4gsw_coopmat_t128x128k16g44s16m8fli_texture3d_texture2d_half,2048,4096,4096,1.5125,45.434
b580,8b,4w,parent,sarc_linear_q4gsw_coopmat_t128x128k16g44s16m8fli_texture3d_texture2d_half,2048,1024,4096,0.4634,37.076
b580,8b,4w,parent,sarc_linear_q4gsw_coopmat_t128x128k16g44s16m8fli_texture3d_texture2d_half,2048,1024,4096,0.4386,39.173
b580,8b,4w,parent,sarc_linear_q4gsw_coopmat_t128x128k16g44s16m8fli_texture3d_texture2d_half,2048,4096,4096,1.5284,44.962
b580,8b,4w,parent,sarc_linear_q4gsw_coopmat_t128x128k16g44s16m8fli_texture3d_texture2d_half,2048,14336,4096,5.5405,43.411
b580,8b,4w,parent,sarc_linear_q4gsw_coopmat_t128x128k16g44s16m8fli_texture3d_texture2d_half,2048,14336,4096,5.7073,42.142
b580,8b,4w,parent,sarc_linear_q4gsw_coopmat_t128x128k16g44s16m8fli_texture3d_texture2d_half,2048,4096,14336,5.7267,41.999
b580,8b,4w,parent,sarc_linear_q4gsw_coopmat_t128x128k16g44s16m8fli_texture3d_texture2d_half,2048,4096,4096,1.5345,44.782
b580,8b,4w,parent,sarc_linear_q4gsw_coopmat_t128x128k16g44s16m8fli_texture3d_texture2d_half,2048,1024,4096,0.4396,39.08
b580,8b,4w,parent,sarc_linear_q4gsw_coopmat_t128x128k16g44s16m8fli_texture3d_texture2d_half,2048,1024,4096,0.4386,39.173
b580,8b,4w,parent,sarc_linear_q4gsw_coopmat_t128x128k16g44s16m8fli_texture3d_texture2d_half,2048,4096,4096,2.5307,27.155
b580,8b,4w,parent,sarc_linear_q4gsw_coopmat_t128x128k16g44s16m8fli_texture3d_texture2d_half,2048,14336,4096,5.5948,42.989
b580,8b,4w,parent,sarc_linear_q4gsw_coopmat_t128x128k16g44s16m8fli_texture3d_texture2d_half,2048,14336,4096,5.5405,43.411
b580,8b,4w,parent,sarc_linear_q4gsw_coopmat_t128x128k16g44s16m8fli_texture3d_texture2d_half,2048,4096,14336,5.7199,42.049
b580,8b,4w,parent,sarc_linear_q4gsw_coopmat_t128x128k16g44s16m8fli_texture3d_texture2d_half,2048,4096,4096,1.5616,44.005
b580,8b,4w,parent,sarc_linear_q4gsw_coopmat_t128x128k16g44s16m8fli_texture3d_texture2d_half,2048,1024,4096,0.4449,38.614
b580,8b,4w,parent,sarc_linear_q4gsw_coopmat_t128x128k16g44s16m8fli_texture3d_texture2d_half,2048,1024,4096,0.4405,38.997
b580,8b,4w,parent,sarc_linear_q4gsw_coopmat_t128x128k16g44s16m8fli_texture3d_texture2d_half,2048,4096,4096,1.5237,45.102
b580,8b,4w,parent,sarc_linear_q4gsw_coopmat_t128x128k16g44s16m8fli_texture3d_texture2d_half,2048,14336,4096,5.5409,43.408
b580,8b,4w,parent,sarc_linear_q4gsw_coopmat_t128x128k16g44s16m8fli_texture3d_texture2d_half,2048,14336,4096,5.522,43.556
b580,8b,4w,parent,sarc_linear_q4gsw_coopmat_t128x128k16g44s16m8fli_texture3d_texture2d_half,2048,4096,14336,8.096,29.708
b580,8b,4w,parent,sarc_linear_q4gsw_coopmat_t128x128k16g44s16m8fli_texture3d_texture2d_half,2048,4096,4096,1.5442,44.502
b580,8b,4w,parent,sarc_linear_q4gsw_coopmat_t128x128k16g44s16m8fli_texture3d_texture2d_half,2048,1024,4096,0.4482,38.327
b580,8b,4w,parent,sarc_linear_q4gsw_coopmat_t128x128k16g44s16m8fli_texture3d_texture2d_half,2048,1024,4096,0.4381,39.214
b580,8b,4w,parent,sarc_linear_q4gsw_coopmat_t128x128k16g44s16m8fli_texture3d_texture2d_half,2048,4096,4096,2.1815,31.501
b580,8b,4w,parent,sarc_linear_q4gsw_coopmat_t128x128k16g44s16m8fli_texture3d_texture2d_half,2048,14336,4096,5.6305,42.717
b580,8b,4w,parent,sarc_linear_q4gsw_coopmat_t128x128k16g44s16m8fli_texture3d_texture2d_half,2048,14336,4096,6.8699,35.011
b580,8b,4w,parent,sarc_linear_q4gsw_coopmat_t128x128k16g44s16m8fli_texture3d_texture2d_half,2048,4096,14336,5.7275,41.993
b580,8b,4w,parent,sarc_linear_q4gsw_coopmat_t128x128k16g44s16m8fli_texture3d_texture2d_half,2048,4096,4096,1.936,35.495
b580,8b,4w,parent,sarc_linear_q4gsw_coopmat_t128x128k16g44s16m8fli_texture3d_texture2d_half,2048,1024,4096,0.4635,37.067
b580,8b,4w,parent,sarc_linear_q4gsw_coopmat_t128x128k16g44s16m8fli_texture3d_texture2d_half,2048,1024,4096,0.5918,29.029
b580,8b,4w,parent,sarc_linear_q4gsw_coopmat_t128x128k16g44s16m8fli_texture3d_texture2d_half,2048,4096,4096,1.5248,45.068
b580,8b,4w,parent,sarc_linear_q4gsw_coopmat_t128x128k16g44s16m8fli_texture3d_texture2d_half,2048,14336,4096,5.5782,43.118
b580,8b,4w,parent,sarc_linear_q4gsw_coopmat_t128x128k16g44s16m8fli_texture3d_texture2d_half,2048,14336,4096,6.7604,35.578
b580,8b,4w,parent,sarc_linear_q4gsw_coopmat_t128x128k16g44s16m8fli_texture3d_texture2d_half,2048,4096,14336,5.7032,42.172
b580,8b,4w,parent,sarc_linear_q4gsw_coopmat_t128x128k16g44s16m8fli_texture3d_texture2d_half,2048,4096,4096,1.549,44.363
b580,8b,4w,parent,sarc_linear_q4gsw_coopmat_t128x128k16g44s16m8fli_texture3d_texture2d_half,2048,1024,4096,0.4428,38.795
b580,8b,4w,parent,sarc_linear_q4gsw_coopmat_t128x128k16g44s16m8fli_texture3d_texture2d_half,2048,1024,4096,0.4402,39.029
b580,8b,4w,parent,sarc_linear_q4gsw_coopmat_t128x128k16g44s16m8fli_texture3d_texture2d_half,2048,4096,4096,1.524,45.091
b580,8b,4w,parent,sarc_linear_q4gsw_coopmat_t128x128k16g44s16m8fli_texture3d_texture2d_half,2048,14336,4096,5.5326,43.473
b580,8b,4w,parent,sarc_linear_q4gsw_coopmat_t128x128k16g44s16m8fli_texture3d_texture2d_half,2048,14336,4096,5.5188,43.582
b580,8b,4w,parent,sarc_linear_q4gsw_coopmat_t128x128k16g44s16m8fli_texture3d_texture2d_half,2048,4096,14336,5.7368,41.925
b580,8b,4w,parent,sarc_linear_q4gsw_coopmat_t128x128k16g44s16m8fli_texture3d_texture2d_half,2048,4096,4096,1.5298,44.919
b580,8b,4w,parent,sarc_linear_q4gsw_coopmat_t128x128k16g44s16m8fli_texture3d_texture2d_half,2048,1024,4096,0.445,38.61
b580,8b,4w,parent,sarc_linear_q4gsw_coopmat_t128x128k16g44s16m8fli_texture3d_texture2d_half,2048,1024,4096,0.4398,39.066
b580,8b,4w,parent,sarc_linear_q4gsw_coopmat_t128x128k16g44s16m8fli_texture3d_texture2d_half,2048,4096,4096,1.6207,42.402
b580,8b,4w,parent,sarc_linear_q4gsw_coopmat_t128x128k16g44s16m8fli_texture3d_texture2d_half,2048,14336,4096,6.1343,39.209
b580,8b,4w,parent,sarc_linear_q4gsw_coopmat_t128x128k16g44s16m8fli_texture3d_texture2d_half,2048,14336,4096,6.3216,38.047
b580,8b,4w,parent,sarc_linear_q4gsw_coopmat_t128x128k16g44s16m8fli_texture3d_texture2d_half,2048,4096,14336,6.5285,36.841
b580,8b,4w,parent,sarc_linear_q4gsw_coopmat_t128x128k16g44s16m8fli_texture3d_texture2d_half,2048,4096,4096,2.0168,34.073
b580,8b,4w,parent,sarc_linear_q4gsw_coopmat_t128x128k16g44s16m8fli_texture3d_texture2d_half,2048,1024,4096,0.4612,37.251
b580,8b,4w,parent,sarc_linear_q4gsw_coopmat_t128x128k16g44s16m8fli_texture3d_texture2d_half,2048,1024,4096,0.4584,37.475
b580,8b,4w,parent,sarc_linear_q4gsw_coopmat_t128x128k16g44s16m8fli_texture3d_texture2d_half,2048,4096,4096,1.5321,44.854
b580,8b,4w,parent,sarc_linear_q4gsw_coopmat_t128x128k16g44s16m8fli_texture3d_texture2d_half,2048,14336,4096,5.5813,43.094
b580,8b,4w,parent,sarc_linear_q4gsw_coopmat_t128x128k16g44s16m8fli_texture3d_texture2d_half,2048,14336,4096,5.5553,43.295
b580,8b,4w,parent,sarc_linear_q4gsw_coopmat_t128x128k16g44s16m8fli_texture3d_texture2d_half,2048,4096,14336,5.7054,42.156
b580,8b,4w,parent,sarc_linear_q4gsw_coopmat_t128x128k16g44s16m8fli_texture3d_texture2d_half,2048,4096,4096,1.5216,45.163
b580,8b,4w,parent,sarc_linear_q4gsw_coopmat_t128x128k16g44s16m8fli_texture3d_texture2d_half,2048,1024,4096,0.4414,38.923
b580,8b,4w,parent,sarc_linear_q4gsw_coopmat_t128x128k16g44s16m8fli_texture3d_texture2d_half,2048,1024,4096,0.4404,39.006
b580,8b,4w,parent,sarc_linear_q4gsw_coopmat_t128x128k16g44s16m8fli_texture3d_texture2d_half,2048,4096,4096,2.076,33.102
b580,8b,4w,parent,sarc_linear_q4gsw_coopmat_t128x128k16g44s16m8fli_texture3d_texture2d_half,2048,14336,4096,5.601,42.942
b580,8b,4w,parent,sarc_linear_q4gsw_coopmat_t128x128k16g44s16m8fli_texture3d_texture2d_half,2048,14336,4096,5.5678,43.198
b580,8b,4w,parent,sarc_linear_q4gsw_coopmat_t128x128k16g44s16m8fli_texture3d_texture2d_half,2048,4096,14336,5.7323,41.958
b580,8b,4w,parent,sarc_linear_q4gsw_coopmat_t128x128k16g44s16m8fli_texture3d_texture2d_half,2048,4096,4096,1.5036,45.702
b580,8b,4w,parent,sarc_linear_q4gsw_coopmat_t128x128k16g44s16m8fli_texture3d_texture2d_half,2048,1024,4096,0.4595,37.39
b580,8b,4w,parent,sarc_linear_q4gsw_coopmat_t128x128k16g44s16m8fli_texture3d_texture2d_half,2048,1024,4096,0.4399,39.057
b580,8b,4w,parent,sarc_linear_q4gsw_coopmat_t128x128k16g44s16m8fli_texture3d_texture2d_half,2048,4096,4096,1.5321,44.852
b580,8b,4w,parent,sarc_linear_q4gsw_coopmat_t128x128k16g44s16m8fli_texture3d_texture2d_half,2048,14336,4096,5.5485,43.348
b580,8b,4w,parent,sarc_linear_q4gsw_coopmat_t128x128k16g44s16m8fli_texture3d_texture2d_half,2048,14336,4096,6.2477,38.497
b580,8b,4w,parent,sarc_linear_q4gsw_coopmat_t128x128k16g44s16m8fli_texture3d_texture2d_half,2048,4096,14336,5.7496,41.832
b580,8b,4w,parent,sarc_linear_q4gsw_coopmat_t128x128k16g44s16m8fli_texture3d_texture2d_half,2048,4096,4096,1.5305,44.9
b580,8b,4w,parent,sarc_linear_q4gsw_coopmat_t128x128k16g44s16m8fli_texture3d_texture2d_half,2048,1024,4096,0.4448,38.623
b580,8b,4w,parent,sarc_linear_q4gsw_coopmat_t128x128k16g44s16m8fli_texture3d_texture2d_half,2048,1024,4096,0.4437,38.723
b580,8b,4w,parent,sarc_linear_q4gsw_coopmat_t128x128k16g44s16m8fli_texture3d_texture2d_half,2048,4096,4096,1.5072,45.594
b580,8b,4w,parent,sarc_linear_q4gsw_coopmat_t128x128k16g44s16m8fli_texture3d_texture2d_half,2048,14336,4096,6.2391,38.55
b580,8b,4w,parent,sarc_linear_q4gsw_coopmat_t128x128k16g44s16m8fli_texture3d_texture2d_half,2048,14336,4096,6.289,38.244
b580,8b,4w,parent,sarc_linear_q4gsw_coopmat_t128x128k16g44s16m8fli_texture3d_texture2d_half,2048,4096,14336,5.7638,41.729
b580,8b,8da4w,cand,sarc_dev_linear_dq8ca_coopmat_zpg_xe2bt_t128x128k64g84s16m8_texture3d_texture2d_half,2048,4096,4096,0.9323,73.713
b580,8b,8da4w,cand,sarc_dev_linear_dq8ca_coopmat_zpg_xe2bt_t128x128k64g84s16m8_texture3d_texture2d_half,2048,1024,4096,0.2833,60.632
b580,8b,8da4w,cand,sarc_dev_linear_dq8ca_coopmat_zpg_xe2bt_t128x128k64g84s16m8_texture3d_texture2d_half,2048,1024,4096,0.2882,59.603
b580,8b,8da4w,cand,sarc_dev_linear_dq8ca_coopmat_zpg_xe2bt_t128x128k64g84s16m8_texture3d_texture2d_half,2048,4096,4096,0.9325,73.693
b580,8b,8da4w,cand,sarc_dev_linear_dq8ca_coopmat_zpg_xe2bt_t128x128k64g84s16m8_texture3d_texture2d_half,2048,14336,4096,3.5684,67.401
b580,8b,8da4w,cand,sarc_dev_linear_dq8ca_coopmat_zpg_xe2bt_t128x128k64g84s16m8_texture3d_texture2d_half,2048,14336,4096,4.2184,57.016
b580,8b,8da4w,cand,sarc_dev_linear_dq8ca_coopmat_zpg_xe2bt_t128x128k64g84s16m8_texture3d_texture2d_half,2048,4096,14336,4.0789,58.967
b580,8b,8da4w,cand,sarc_dev_linear_dq8ca_coopmat_zpg_xe2bt_t128x128k64g84s16m8_texture3d_texture2d_half,2048,4096,4096,0.9263,74.189
b580,8b,8da4w,cand,sarc_dev_linear_dq8ca_coopmat_zpg_xe2bt_t128x128k64g84s16m8_texture3d_texture2d_half,2048,1024,4096,0.3387,50.727
b580,8b,8da4w,cand,sarc_dev_linear_dq8ca_coopmat_zpg_xe2bt_t128x128k64g84s16m8_texture3d_texture2d_half,2048,1024,4096,0.289,59.443
b580,8b,8da4w,cand,sarc_dev_linear_dq8ca_coopmat_zpg_xe2bt_t128x128k64g84s16m8_texture3d_texture2d_half,2048,4096,4096,0.9187,74.802
b580,8b,8da4w,cand,sarc_dev_linear_dq8ca_coopmat_zpg_xe2bt_t128x128k64g84s16m8_texture3d_texture2d_half,2048,14336,4096,3.5392,67.958
b580,8b,8da4w,cand,sarc_dev_linear_dq8ca_coopmat_zpg_xe2bt_t128x128k64g84s16m8_texture3d_texture2d_half,2048,14336,4096,3.5353,68.033
b580,8b,8da4w,cand,sarc_dev_linear_dq8ca_coopmat_zpg_xe2bt_t128x128k64g84s16m8_texture3d_texture2d_half,2048,4096,14336,4.0157,59.894
b580,8b,8da4w,cand,sarc_dev_linear_dq8ca_coopmat_zpg_xe2bt_t128x128k64g84s16m8_texture3d_texture2d_half,2048,4096,4096,0.9345,73.537
b580,8b,8da4w,cand,sarc_dev_linear_dq8ca_coopmat_zpg_xe2bt_t128x128k64g84s16m8_texture3d_texture2d_half,2048,1024,4096,0.2816,61.001
b580,8b,8da4w,cand,sarc_dev_linear_dq8ca_coopmat_zpg_xe2bt_t128x128k64g84s16m8_texture3d_texture2d_half,2048,1024,4096,0.2779,61.823
b580,8b,8da4w,cand,sarc_dev_linear_dq8ca_coopmat_zpg_xe2bt_t128x128k64g84s16m8_texture3d_texture2d_half,2048,4096,4096,0.9265,74.172
b580,8b,8da4w,cand,sarc_dev_linear_dq8ca_coopmat_zpg_xe2bt_t128x128k64g84s16m8_texture3d_texture2d_half,2048,14336,4096,3.5762,67.254
b580,8b,8da4w,cand,sarc_dev_linear_dq8ca_coopmat_zpg_xe2bt_t128x128k64g84s16m8_texture3d_texture2d_half,2048,14336,4096,3.5229,68.272
b580,8b,8da4w,cand,sarc_dev_linear_dq8ca_coopmat_zpg_xe2bt_t128x128k64g84s16m8_texture3d_texture2d_half,2048,4096,14336,4.0087,59.999
b580,8b,8da4w,cand,sarc_dev_linear_dq8ca_coopmat_zpg_xe2bt_t128x128k64g84s16m8_texture3d_texture2d_half,2048,4096,4096,0.9244,74.343
b580,8b,8da4w,cand,sarc_dev_linear_dq8ca_coopmat_zpg_xe2bt_t128x128k64g84s16m8_texture3d_texture2d_half,2048,1024,4096,0.2869,59.874
b580,8b,8da4w,cand,sarc_dev_linear_dq8ca_coopmat_zpg_xe2bt_t128x128k64g84s16m8_texture3d_texture2d_half,2048,1024,4096,0.284,60.487
b580,8b,8da4w,cand,sarc_dev_linear_dq8ca_coopmat_zpg_xe2bt_t128x128k64g84s16m8_texture3d_texture2d_half,2048,4096,4096,0.9204,74.663
b580,8b,8da4w,cand,sarc_dev_linear_dq8ca_coopmat_zpg_xe2bt_t128x128k64g84s16m8_texture3d_texture2d_half,2048,14336,4096,3.5219,68.293
b580,8b,8da4w,cand,sarc_dev_linear_dq8ca_coopmat_zpg_xe2bt_t128x128k64g84s16m8_texture3d_texture2d_half,2048,14336,4096,3.5218,68.294
b580,8b,8da4w,cand,sarc_dev_linear_dq8ca_coopmat_zpg_xe2bt_t128x128k64g84s16m8_texture3d_texture2d_half,2048,4096,14336,5.6051,42.91
b580,8b,8da4w,cand,sarc_dev_linear_dq8ca_coopmat_zpg_xe2bt_t128x128k64g84s16m8_texture3d_texture2d_half,2048,4096,4096,0.9051,75.924
b580,8b,8da4w,cand,sarc_dev_linear_dq8ca_coopmat_zpg_xe2bt_t128x128k64g84s16m8_texture3d_texture2d_half,2048,1024,4096,0.2784,61.708
b580,8b,8da4w,cand,sarc_dev_linear_dq8ca_coopmat_zpg_xe2bt_t128x128k64g84s16m8_texture3d_texture2d_half,2048,1024,4096,0.2841,60.465
b580,8b,8da4w,cand,sarc_dev_linear_dq8ca_coopmat_zpg_xe2bt_t128x128k64g84s16m8_texture3d_texture2d_half,2048,4096,4096,0.9386,73.215
b580,8b,8da4w,cand,sarc_dev_linear_dq8ca_coopmat_zpg_xe2bt_t128x128k64g84s16m8_texture3d_texture2d_half,2048,14336,4096,3.5536,67.682
b580,8b,8da4w,cand,sarc_dev_linear_dq8ca_coopmat_zpg_xe2bt_t128x128k64g84s16m8_texture3d_texture2d_half,2048,14336,4096,3.5708,67.356
b580,8b,8da4w,cand,sarc_dev_linear_dq8ca_coopmat_zpg_xe2bt_t128x128k64g84s16m8_texture3d_texture2d_half,2048,4096,14336,4.0631,59.195
b580,8b,8da4w,cand,sarc_dev_linear_dq8ca_coopmat_zpg_xe2bt_t128x128k64g84s16m8_texture3d_texture2d_half,2048,4096,4096,0.9232,74.436
b580,8b,8da4w,cand,sarc_dev_linear_dq8ca_coopmat_zpg_xe2bt_t128x128k64g84s16m8_texture3d_texture2d_half,2048,1024,4096,0.2806,61.227
b580,8b,8da4w,cand,sarc_dev_linear_dq8ca_coopmat_zpg_xe2bt_t128x128k64g84s16m8_texture3d_texture2d_half,2048,1024,4096,0.2886,59.528
b580,8b,8da4w,cand,sarc_dev_linear_dq8ca_coopmat_zpg_xe2bt_t128x128k64g84s16m8_texture3d_texture2d_half,2048,4096,4096,0.9249,74.297
b580,8b,8da4w,cand,sarc_dev_linear_dq8ca_coopmat_zpg_xe2bt_t128x128k64g84s16m8_texture3d_texture2d_half,2048,14336,4096,4.591,52.389
b580,8b,8da4w,cand,sarc_dev_linear_dq8ca_coopmat_zpg_xe2bt_t128x128k64g84s16m8_texture3d_texture2d_half,2048,14336,4096,3.5829,67.129
b580,8b,8da4w,cand,sarc_dev_linear_dq8ca_coopmat_zpg_xe2bt_t128x128k64g84s16m8_texture3d_texture2d_half,2048,4096,14336,4.0264,59.736
b580,8b,8da4w,cand,sarc_dev_linear_dq8ca_coopmat_zpg_xe2bt_t128x128k64g84s16m8_texture3d_texture2d_half,2048,4096,4096,0.9232,74.436
b580,8b,8da4w,cand,sarc_dev_linear_dq8ca_coopmat_zpg_xe2bt_t128x128k64g84s16m8_texture3d_texture2d_half,2048,1024,4096,0.2885,59.55
b580,8b,8da4w,cand,sarc_dev_linear_dq8ca_coopmat_zpg_xe2bt_t128x128k64g84s16m8_texture3d_texture2d_half,2048,1024,4096,0.2899,59.261
b580,8b,8da4w,cand,sarc_dev_linear_dq8ca_coopmat_zpg_xe2bt_t128x128k64g84s16m8_texture3d_texture2d_half,2048,4096,4096,0.9135,75.228
b580,8b,8da4w,cand,sarc_dev_linear_dq8ca_coopmat_zpg_xe2bt_t128x128k64g84s16m8_texture3d_texture2d_half,2048,14336,4096,3.5297,68.141
b580,8b,8da4w,cand,sarc_dev_linear_dq8ca_coopmat_zpg_xe2bt_t128x128k64g84s16m8_texture3d_texture2d_half,2048,14336,4096,3.5251,68.231
b580,8b,8da4w,cand,sarc_dev_linear_dq8ca_coopmat_zpg_xe2bt_t128x128k64g84s16m8_texture3d_texture2d_half,2048,4096,14336,5.3959,44.574
b580,8b,8da4w,cand,sarc_dev_linear_dq8ca_coopmat_zpg_xe2bt_t128x128k64g84s16m8_texture3d_texture2d_half,2048,4096,4096,1.4297,48.066
b580,8b,8da4w,cand,sarc_dev_linear_dq8ca_coopmat_zpg_xe2bt_t128x128k64g84s16m8_texture3d_texture2d_half,2048,1024,4096,0.2858,60.102
b580,8b,8da4w,cand,sarc_dev_linear_dq8ca_coopmat_zpg_xe2bt_t128x128k64g84s16m8_texture3d_texture2d_half,2048,1024,4096,0.2841,60.476
b580,8b,8da4w,cand,sarc_dev_linear_dq8ca_coopmat_zpg_xe2bt_t128x128k64g84s16m8_texture3d_texture2d_half,2048,4096,4096,0.9121,75.344
b580,8b,8da4w,cand,sarc_dev_linear_dq8ca_coopmat_zpg_xe2bt_t128x128k64g84s16m8_texture3d_texture2d_half,2048,14336,4096,3.5766,67.248
b580,8b,8da4w,cand,sarc_dev_linear_dq8ca_coopmat_zpg_xe2bt_t128x128k64g84s16m8_texture3d_texture2d_half,2048,14336,4096,3.5541,67.674
b580,8b,8da4w,cand,sarc_dev_linear_dq8ca_coopmat_zpg_xe2bt_t128x128k64g84s16m8_texture3d_texture2d_half,2048,4096,14336,5.2185,46.09
b580,8b,8da4w,cand,sarc_dev_linear_dq8ca_coopmat_zpg_xe2bt_t128x128k64g84s16m8_texture3d_texture2d_half,2048,4096,4096,1.4704,46.735
b580,8b,8da4w,cand,sarc_dev_linear_dq8ca_coopmat_zpg_xe2bt_t128x128k64g84s16m8_texture3d_texture2d_half,2048,1024,4096,0.2829,60.721
b580,8b,8da4w,cand,sarc_dev_linear_dq8ca_coopmat_zpg_xe2bt_t128x128k64g84s16m8_texture3d_texture2d_half,2048,1024,4096,0.2862,60.037
b580,8b,8da4w,cand,sarc_dev_linear_dq8ca_coopmat_zpg_xe2bt_t128x128k64g84s16m8_texture3d_texture2d_half,2048,4096,4096,0.9307,73.833
b580,8b,8da4w,cand,sarc_dev_linear_dq8ca_coopmat_zpg_xe2bt_t128x128k64g84s16m8_texture3d_texture2d_half,2048,14336,4096,3.53,68.136
b580,8b,8da4w,cand,sarc_dev_linear_dq8ca_coopmat_zpg_xe2bt_t128x128k64g84s16m8_texture3d_texture2d_half,2048,14336,4096,4.6462,51.767
b580,8b,8da4w,cand,sarc_dev_linear_dq8ca_coopmat_zpg_xe2bt_t128x128k64g84s16m8_texture3d_texture2d_half,2048,4096,14336,4.1189,58.394
b580,8b,8da4w,cand,sarc_dev_linear_dq8ca_coopmat_zpg_xe2bt_t128x128k64g84s16m8_texture3d_texture2d_half,2048,4096,4096,0.9392,73.166
b580,8b,8da4w,cand,sarc_dev_linear_dq8ca_coopmat_zpg_xe2bt_t128x128k64g84s16m8_texture3d_texture2d_half,2048,1024,4096,0.2761,62.219
b580,8b,8da4w,cand,sarc_dev_linear_dq8ca_coopmat_zpg_xe2bt_t128x128k64g84s16m8_texture3d_texture2d_half,2048,1024,4096,0.2779,61.811
b580,8b,8da4w,cand,sarc_dev_linear_dq8ca_coopmat_zpg_xe2bt_t128x128k64g84s16m8_texture3d_texture2d_half,2048,4096,4096,0.9202,74.679
b580,8b,8da4w,cand,sarc_dev_linear_dq8ca_coopmat_zpg_xe2bt_t128x128k64g84s16m8_texture3d_texture2d_half,2048,14336,4096,3.5242,68.247
b580,8b,8da4w,cand,sarc_dev_linear_dq8ca_coopmat_zpg_xe2bt_t128x128k64g84s16m8_texture3d_texture2d_half,2048,14336,4096,3.5541,67.673
b580,8b,8da4w,cand,sarc_dev_linear_dq8ca_coopmat_zpg_xe2bt_t128x128k64g84s16m8_texture3d_texture2d_half,2048,4096,14336,4.78,50.317
b580,8b,8da4w,cand,sarc_dev_linear_dq8ca_coopmat_zpg_xe2bt_t128x128k64g84s16m8_texture3d_texture2d_half,2048,4096,4096,0.9274,74.102
b580,8b,8da4w,cand,sarc_dev_linear_dq8ca_coopmat_zpg_xe2bt_t128x128k64g84s16m8_texture3d_texture2d_half,2048,1024,4096,0.2809,61.159
b580,8b,8da4w,cand,sarc_dev_linear_dq8ca_coopmat_zpg_xe2bt_t128x128k64g84s16m8_texture3d_texture2d_half,2048,1024,4096,0.288,59.647
b580,8b,8da4w,cand,sarc_dev_linear_dq8ca_coopmat_zpg_xe2bt_t128x128k64g84s16m8_texture3d_texture2d_half,2048,4096,4096,0.9471,72.556
b580,8b,8da4w,cand,sarc_dev_linear_dq8ca_coopmat_zpg_xe2bt_t128x128k64g84s16m8_texture3d_texture2d_half,2048,14336,4096,3.6024,66.766
b580,8b,8da4w,cand,sarc_dev_linear_dq8ca_coopmat_zpg_xe2bt_t128x128k64g84s16m8_texture3d_texture2d_half,2048,14336,4096,3.5322,68.093
b580,8b,8da4w,cand,sarc_dev_linear_dq8ca_coopmat_zpg_xe2bt_t128x128k64g84s16m8_texture3d_texture2d_half,2048,4096,14336,4.0153,59.9
b580,8b,8da4w,cand,sarc_dev_linear_dq8ca_coopmat_zpg_xe2bt_t128x128k64g84s16m8_texture3d_texture2d_half,2048,4096,4096,0.9193,74.756
b580,8b,8da4w,cand,sarc_dev_linear_dq8ca_coopmat_zpg_xe2bt_t128x128k64g84s16m8_texture3d_texture2d_half,2048,1024,4096,0.2806,61.216
b580,8b,8da4w,cand,sarc_dev_linear_dq8ca_coopmat_zpg_xe2bt_t128x128k64g84s16m8_texture3d_texture2d_half,2048,1024,4096,0.281,61.137
b580,8b,8da4w,cand,sarc_dev_linear_dq8ca_coopmat_zpg_xe2bt_t128x128k64g84s16m8_texture3d_texture2d_half,2048,4096,4096,0.9245,74.335
b580,8b,8da4w,cand,sarc_dev_linear_dq8ca_coopmat_zpg_xe2bt_t128x128k64g84s16m8_texture3d_texture2d_half,2048,14336,4096,3.5647,67.472
b580,8b,8da4w,cand,sarc_dev_linear_dq8ca_coopmat_zpg_xe2bt_t128x128k64g84s16m8_texture3d_texture2d_half,2048,14336,4096,3.5262,68.208
b580,8b,8da4w,cand,sarc_dev_linear_dq8ca_coopmat_zpg_xe2bt_t128x128k64g84s16m8_texture3d_texture2d_half,2048,4096,14336,5.9424,40.475
b580,8b,8da4w,cand,sarc_dev_linear_dq8ca_coopmat_zpg_xe2bt_t128x128k64g84s16m8_texture3d_texture2d_half,2048,4096,4096,1.0618,64.721
b580,8b,8da4w,cand,sarc_dev_linear_dq8ca_coopmat_zpg_xe2bt_t128x128k64g84s16m8_texture3d_texture2d_half,2048,1024,4096,0.2771,61.997
b580,8b,8da4w,cand,sarc_dev_linear_dq8ca_coopmat_zpg_xe2bt_t128x128k64g84s16m8_texture3d_texture2d_half,2048,1024,4096,0.3236,53.09
b580,8b,8da4w,cand,sarc_dev_linear_dq8ca_coopmat_zpg_xe2bt_t128x128k64g84s16m8_texture3d_texture2d_half,2048,4096,4096,0.9632,71.345
b580,8b,8da4w,cand,sarc_dev_linear_dq8ca_coopmat_zpg_xe2bt_t128x128k64g84s16m8_texture3d_texture2d_half,2048,14336,4096,3.5648,67.471
b580,8b,8da4w,cand,sarc_dev_linear_dq8ca_coopmat_zpg_xe2bt_t128x128k64g84s16m8_texture3d_texture2d_half,2048,14336,4096,3.5447,67.852
b580,8b,8da4w,cand,sarc_dev_linear_dq8ca_coopmat_zpg_xe2bt_t128x128k64g84s16m8_texture3d_texture2d_half,2048,4096,14336,4.0206,59.821
b580,8b,8da4w,cand,sarc_dev_linear_dq8ca_coopmat_zpg_xe2bt_t128x128k64g84s16m8_texture3d_texture2d_half,2048,4096,4096,0.9365,73.382
b580,8b,8da4w,cand,sarc_dev_linear_dq8ca_coopmat_zpg_xe2bt_t128x128k64g84s16m8_texture3d_texture2d_half,2048,1024,4096,0.292,58.839
b580,8b,8da4w,cand,sarc_dev_linear_dq8ca_coopmat_zpg_xe2bt_t128x128k64g84s16m8_texture3d_texture2d_half,2048,1024,4096,0.2794,61.478
b580,8b,8da4w,cand,sarc_dev_linear_dq8ca_coopmat_zpg_xe2bt_t128x128k64g84s16m8_texture3d_texture2d_half,2048,4096,4096,0.9188,74.789
b580,8b,8da4w,cand,sarc_dev_linear_dq8ca_coopmat_zpg_xe2bt_t128x128k64g84s16m8_texture3d_texture2d_half,2048,14336,4096,4.5184,53.231
b580,8b,8da4w,cand,sarc_dev_linear_dq8ca_coopmat_zpg_xe2bt_t128x128k64g84s16m8_texture3d_texture2d_half,2048,14336,4096,3.8597,62.315
b580,8b,8da4w,cand,sarc_dev_linear_dq8ca_coopmat_zpg_xe2bt_t128x128k64g84s16m8_texture3d_texture2d_half,2048,4096,14336,4.3822,54.885
b580,8b,8da4w,cand,sarc_dev_linear_dq8ca_coopmat_zpg_xe2bt_t128x128k64g84s16m8_texture3d_texture2d_half,2048,4096,4096,0.9435,72.832
b580,8b,8da4w,cand,sarc_dev_linear_dq8ca_coopmat_zpg_xe2bt_t128x128k64g84s16m8_texture3d_texture2d_half,2048,1024,4096,0.2842,60.454
b580,8b,8da4w,cand,sarc_dev_linear_dq8ca_coopmat_zpg_xe2bt_t128x128k64g84s16m8_texture3d_texture2d_half,2048,1024,4096,0.2825,60.81
b580,8b,8da4w,cand,sarc_dev_linear_dq8ca_coopmat_zpg_xe2bt_t128x128k64g84s16m8_texture3d_texture2d_half,2048,4096,4096,0.911,75.434
b580,8b,8da4w,cand,sarc_dev_linear_dq8ca_coopmat_zpg_xe2bt_t128x128k64g84s16m8_texture3d_texture2d_half,2048,14336,4096,3.5499,67.754
b580,8b,8da4w,cand,sarc_dev_linear_dq8ca_coopmat_zpg_xe2bt_t128x128k64g84s16m8_texture3d_texture2d_half,2048,14336,4096,3.5567,67.624
b580,8b,8da4w,cand,sarc_dev_linear_dq8ca_coopmat_zpg_xe2bt_t128x128k64g84s16m8_texture3d_texture2d_half,2048,4096,14336,5.4092,44.464
b580,8b,8da4w,cand,sarc_dev_linear_dq8ca_coopmat_zpg_xe2bt_t128x128k64g84s16m8_texture3d_texture2d_half,2048,4096,4096,0.9222,74.519
b580,8b,8da4w,cand,sarc_dev_linear_dq8ca_coopmat_zpg_xe2bt_t128x128k64g84s16m8_texture3d_texture2d_half,2048,1024,4096,0.315,54.546
b580,8b,8da4w,cand,sarc_dev_linear_dq8ca_coopmat_zpg_xe2bt_t128x128k64g84s16m8_texture3d_texture2d_half,2048,1024,4096,0.2871,59.841
b580,8b,8da4w,cand,sarc_dev_linear_dq8ca_coopmat_zpg_xe2bt_t128x128k64g84s16m8_texture3d_texture2d_half,2048,4096,4096,0.9065,75.81
b580,8b,8da4w,cand,sarc_dev_linear_dq8ca_coopmat_zpg_xe2bt_t128x128k64g84s16m8_texture3d_texture2d_half,2048,14336,4096,3.5551,67.654
b580,8b,8da4w,cand,sarc_dev_linear_dq8ca_coopmat_zpg_xe2bt_t128x128k64g84s16m8_texture3d_texture2d_half,2048,14336,4096,4.4263,54.338
b580,8b,8da4w,cand,sarc_dev_linear_dq8ca_coopmat_zpg_xe2bt_t128x128k64g84s16m8_texture3d_texture2d_half,2048,4096,14336,4.0349,59.609
b580,8b,8da4w,cand,sarc_dev_linear_dq8ca_coopmat_zpg_xe2bt_t128x128k64g84s16m8_texture3d_texture2d_half,2048,4096,4096,0.9162,75.002
b580,8b,8da4w,cand,sarc_dev_linear_dq8ca_coopmat_zpg_xe2bt_t128x128k64g84s16m8_texture3d_texture2d_half,2048,1024,4096,0.2844,60.399
b580,8b,8da4w,cand,sarc_dev_linear_dq8ca_coopmat_zpg_xe2bt_t128x128k64g84s16m8_texture3d_texture2d_half,2048,1024,4096,0.2792,61.535
b580,8b,8da4w,cand,sarc_dev_linear_dq8ca_coopmat_zpg_xe2bt_t128x128k64g84s16m8_texture3d_texture2d_half,2048,4096,4096,0.9185,74.819
b580,8b,8da4w,cand,sarc_dev_linear_dq8ca_coopmat_zpg_xe2bt_t128x128k64g84s16m8_texture3d_texture2d_half,2048,14336,4096,4.1133,58.473
b580,8b,8da4w,cand,sarc_dev_linear_dq8ca_coopmat_zpg_xe2bt_t128x128k64g84s16m8_texture3d_texture2d_half,2048,14336,4096,3.5613,67.536
b580,8b,8da4w,cand,sarc_dev_linear_dq8ca_coopmat_zpg_xe2bt_t128x128k64g84s16m8_texture3d_texture2d_half,2048,4096,14336,4.0533,59.339
b580,8b,8da4w,cand,sarc_dev_linear_dq8ca_coopmat_zpg_xe2bt_t128x128k64g84s16m8_texture3d_texture2d_half,2048,4096,4096,0.9115,75.395
b580,8b,8da4w,cand,sarc_dev_linear_dq8ca_coopmat_zpg_xe2bt_t128x128k64g84s16m8_texture3d_texture2d_half,2048,1024,4096,0.2822,60.889
b580,8b,8da4w,cand,sarc_dev_linear_dq8ca_coopmat_zpg_xe2bt_t128x128k64g84s16m8_texture3d_texture2d_half,2048,1024,4096,0.291,59.028
b580,8b,8da4w,cand,sarc_dev_linear_dq8ca_coopmat_zpg_xe2bt_t128x128k64g84s16m8_texture3d_texture2d_half,2048,4096,4096,0.9201,74.688
b580,8b,8da4w,cand,sarc_dev_linear_dq8ca_coopmat_zpg_xe2bt_t128x128k64g84s16m8_texture3d_texture2d_half,2048,14336,4096,3.5503,67.746
b580,8b,8da4w,cand,sarc_dev_linear_dq8ca_coopmat_zpg_xe2bt_t128x128k64g84s16m8_texture3d_texture2d_half,2048,14336,4096,3.5348,68.044
b580,8b,8da4w,cand,sarc_dev_linear_dq8ca_coopmat_zpg_xe2bt_t128x128k64g84s16m8_texture3d_texture2d_half,2048,4096,14336,4.0097,59.984
b580,8b,8da4w,cand,sarc_dev_linear_dq8ca_coopmat_zpg_xe2bt_t128x128k64g84s16m8_texture3d_texture2d_half,2048,4096,4096,0.9195,74.734
b580,8b,8da4w,cand,sarc_dev_linear_dq8ca_coopmat_zpg_xe2bt_t128x128k64g84s16m8_texture3d_texture2d_half,2048,1024,4096,0.2828,60.743
b580,8b,8da4w,cand,sarc_dev_linear_dq8ca_coopmat_zpg_xe2bt_t128x128k64g84s16m8_texture3d_texture2d_half,2048,1024,4096,0.2857,60.124
b580,8b,8da4w,cand,sarc_dev_linear_dq8ca_coopmat_zpg_xe2bt_t128x128k64g84s16m8_texture3d_texture2d_half,2048,4096,4096,1.4284,48.108
b580,8b,8da4w,cand,sarc_dev_linear_dq8ca_coopmat_zpg_xe2bt_t128x128k64g84s16m8_texture3d_texture2d_half,2048,14336,4096,3.5794,67.196
b580,8b,8da4w,cand,sarc_dev_linear_dq8ca_coopmat_zpg_xe2bt_t128x128k64g84s16m8_texture3d_texture2d_half,2048,14336,4096,3.5689,67.392
b580,8b,8da4w,cand,sarc_dev_linear_dq8ca_coopmat_zpg_xe2bt_t128x128k64g84s16m8_texture3d_texture2d_half,2048,4096,14336,4.8531,49.56
b580,8b,8da4w,cand,sarc_dev_linear_dq8ca_coopmat_zpg_xe2bt_t128x128k64g84s16m8_texture3d_texture2d_half,2048,4096,4096,0.9665,71.1
b580,8b,8da4w,cand,sarc_dev_linear_dq8ca_coopmat_zpg_xe2bt_t128x128k64g84s16m8_texture3d_texture2d_half,2048,1024,4096,0.793,21.664
b580,8b,8da4w,cand,sarc_dev_linear_dq8ca_coopmat_zpg_xe2bt_t128x128k64g84s16m8_texture3d_texture2d_half,2048,1024,4096,0.2848,60.333
b580,8b,8da4w,cand,sarc_dev_linear_dq8ca_coopmat_zpg_xe2bt_t128x128k64g84s16m8_texture3d_texture2d_half,2048,4096,4096,0.9233,74.427
b580,8b,8da4w,cand,sarc_dev_linear_dq8ca_coopmat_zpg_xe2bt_t128x128k64g84s16m8_texture3d_texture2d_half,2048,14336,4096,3.5544,67.668
b580,8b,8da4w,cand,sarc_dev_linear_dq8ca_coopmat_zpg_xe2bt_t128x128k64g84s16m8_texture3d_texture2d_half,2048,14336,4096,3.9734,60.532
b580,8b,8da4w,cand,sarc_dev_linear_dq8ca_coopmat_zpg_xe2bt_t128x128k64g84s16m8_texture3d_texture2d_half,2048,4096,14336,4.2839,56.145
b580,8b,8da4w,cand,sarc_dev_linear_dq8ca_coopmat_zpg_xe2bt_t128x128k64g84s16m8_texture3d_texture2d_half,2048,4096,4096,0.925,74.293
b580,8b,8da4w,cand,sarc_dev_linear_dq8ca_coopmat_zpg_xe2bt_t128x128k64g84s16m8_texture3d_texture2d_half,2048,1024,4096,0.2859,60.091
b580,8b,8da4w,cand,sarc_dev_linear_dq8ca_coopmat_zpg_xe2bt_t128x128k64g84s16m8_texture3d_texture2d_half,2048,1024,4096,0.2882,59.603
b580,8b,8da4w,cand,sarc_dev_linear_dq8ca_coopmat_zpg_xe2bt_t128x128k64g84s16m8_texture3d_texture2d_half,2048,4096,4096,0.9077,75.706
b580,8b,8da4w,cand,sarc_dev_linear_dq8ca_coopmat_zpg_xe2bt_t128x128k64g84s16m8_texture3d_texture2d_half,2048,14336,4096,3.5545,67.667
b580,8b,8da4w,cand,sarc_dev_linear_dq8ca_coopmat_zpg_xe2bt_t128x128k64g84s16m8_texture3d_texture2d_half,2048,14336,4096,3.5604,67.554
b580,8b,8da4w,cand,sarc_dev_linear_dq8ca_coopmat_zpg_xe2bt_t128x128k64g84s16m8_texture3d_texture2d_half,2048,4096,14336,4.3823,54.884
b580,8b,8da4w,cand,sarc_dev_linear_dq8ca_coopmat_zpg_xe2bt_t128x128k64g84s16m8_texture3d_texture2d_half,2048,4096,4096,1.8753,36.645
b580,8b,8da4w,cand,sarc_dev_linear_dq8ca_coopmat_zpg_xe2bt_t128x128k64g84s16m8_texture3d_texture2d_half,2048,1024,4096,0.2862,60.037
b580,8b,8da4w,cand,sarc_dev_linear_dq8ca_coopmat_zpg_xe2bt_t128x128k64g84s16m8_texture3d_texture2d_half,2048,1024,4096,0.2872,59.819
b580,8b,8da4w,cand,sarc_dev_linear_dq8ca_coopmat_zpg_xe2bt_t128x128k64g84s16m8_texture3d_texture2d_half,2048,4096,4096,0.9479,72.5
b580,8b,8da4w,cand,sarc_dev_linear_dq8ca_coopmat_zpg_xe2bt_t128x128k64g84s16m8_texture3d_texture2d_half,2048,14336,4096,3.8737,62.089
b580,8b,8da4w,cand,sarc_dev_linear_dq8ca_coopmat_zpg_xe2bt_t128x128k64g84s16m8_texture3d_texture2d_half,2048,14336,4096,4.5645,52.693
b580,8b,8da4w,cand,sarc_dev_linear_dq8ca_coopmat_zpg_xe2bt_t128x128k64g84s16m8_texture3d_texture2d_half,2048,4096,14336,5.6705,42.415
b580,8b,8da4w,cand,sarc_dev_linear_dq8ca_coopmat_zpg_xe2bt_t128x128k64g84s16m8_texture3d_texture2d_half,2048,4096,4096,0.9237,74.394
b580,8b,8da4w,cand,sarc_dev_linear_dq8ca_coopmat_zpg_xe2bt_t128x128k64g84s16m8_texture3d_texture2d_half,2048,1024,4096,0.2836,60.587
b580,8b,8da4w,cand,sarc_dev_linear_dq8ca_coopmat_zpg_xe2bt_t128x128k64g84s16m8_texture3d_texture2d_half,2048,1024,4096,0.3049,56.341
b580,8b,8da4w,cand,sarc_dev_linear_dq8ca_coopmat_zpg_xe2bt_t128x128k64g84s16m8_texture3d_texture2d_half,2048,4096,4096,0.923,74.452
b580,8b,8da4w,cand,sarc_dev_linear_dq8ca_coopmat_zpg_xe2bt_t128x128k64g84s16m8_texture3d_texture2d_half,2048,14336,4096,3.569,67.392
b580,8b,8da4w,cand,sarc_dev_linear_dq8ca_coopmat_zpg_xe2bt_t128x128k64g84s16m8_texture3d_texture2d_half,2048,14336,4096,4.0914,58.786
b580,8b,8da4w,cand,sarc_dev_linear_dq8ca_coopmat_zpg_xe2bt_t128x128k64g84s16m8_texture3d_texture2d_half,2048,4096,14336,4.0518,59.361
b580,8b,8da4w,cand,sarc_dev_linear_dq8ca_coopmat_zpg_xe2bt_t128x128k64g84s16m8_texture3d_texture2d_half,2048,4096,4096,0.9293,73.944
b580,8b,8da4w,cand,sarc_dev_linear_dq8ca_coopmat_zpg_xe2bt_t128x128k64g84s16m8_texture3d_texture2d_half,2048,1024,4096,0.31,55.424
b580,8b,8da4w,cand,sarc_dev_linear_dq8ca_coopmat_zpg_xe2bt_t128x128k64g84s16m8_texture3d_texture2d_half,2048,1024,4096,0.283,60.71
b580,8b,8da4w,cand,sarc_dev_linear_dq8ca_coopmat_zpg_xe2bt_t128x128k64g84s16m8_texture3d_texture2d_half,2048,4096,4096,0.925,74.293
b580,8b,8da4w,cand,sarc_dev_linear_dq8ca_coopmat_zpg_xe2bt_t128x128k64g84s16m8_texture3d_texture2d_half,2048,14336,4096,3.5366,68.009
b580,8b,8da4w,cand,sarc_dev_linear_dq8ca_coopmat_zpg_xe2bt_t128x128k64g84s16m8_texture3d_texture2d_half,2048,14336,4096,3.5486,67.779
b580,8b,8da4w,cand,sarc_dev_linear_dq8ca_coopmat_zpg_xe2bt_t128x128k64g84s16m8_texture3d_texture2d_half,2048,4096,14336,4.5177,53.24
b580,8b,8da4w,cand,sarc_dev_linear_dq8ca_coopmat_zpg_xe2bt_t128x128k64g84s16m8_texture3d_texture2d_half,2048,4096,4096,1.0663,64.446
b580,8b,8da4w,cand,sarc_dev_linear_dq8ca_coopmat_zpg_xe2bt_t128x128k64g84s16m8_texture3d_texture2d_half,2048,1024,4096,0.2898,59.272
b580,8b,8da4w,cand,sarc_dev_linear_dq8ca_coopmat_zpg_xe2bt_t128x128k64g84s16m8_texture3d_texture2d_half,2048,1024,4096,0.2797,61.432
b580,8b,8da4w,cand,sarc_dev_linear_dq8ca_coopmat_zpg_xe2bt_t128x128k64g84s16m8_texture3d_texture2d_half,2048,4096,4096,1.0693,64.264
b580,8b,8da4w,cand,sarc_dev_linear_dq8ca_coopmat_zpg_xe2bt_t128x128k64g84s16m8_texture3d_texture2d_half,2048,14336,4096,4.0321,59.65
b580,8b,8da4w,cand,sarc_dev_linear_dq8ca_coopmat_zpg_xe2bt_t128x128k64g84s16m8_texture3d_texture2d_half,2048,14336,4096,3.5614,67.534
b580,8b,8da4w,cand,sarc_dev_linear_dq8ca_coopmat_zpg_xe2bt_t128x128k64g84s16m8_texture3d_texture2d_half,2048,4096,14336,3.9947,60.209
b580,8b,8da4w,cand,sarc_dev_linear_dq8ca_coopmat_zpg_xe2bt_t128x128k64g84s16m8_texture3d_texture2d_half,2048,4096,4096,0.915,75.104
b580,8b,8da4w,cand,sarc_dev_linear_dq8ca_coopmat_zpg_xe2bt_t128x128k64g84s16m8_texture3d_texture2d_half,2048,1024,4096,0.2805,61.25
b580,8b,8da4w,cand,sarc_dev_linear_dq8ca_coopmat_zpg_xe2bt_t128x128k64g84s16m8_texture3d_texture2d_half,2048,1024,4096,0.2883,59.593
b580,8b,8da4w,cand,sarc_dev_linear_dq8ca_coopmat_zpg_xe2bt_t128x128k64g84s16m8_texture3d_texture2d_half,2048,4096,4096,0.9095,75.559
b580,8b,8da4w,cand,sarc_dev_linear_dq8ca_coopmat_zpg_xe2bt_t128x128k64g84s16m8_texture3d_texture2d_half,2048,14336,4096,3.5417,67.911
b580,8b,8da4w,cand,sarc_dev_linear_dq8ca_coopmat_zpg_xe2bt_t128x128k64g84s16m8_texture3d_texture2d_half,2048,14336,4096,4.7947,50.163
b580,8b,8da4w,cand,sarc_dev_linear_dq8ca_coopmat_zpg_xe2bt_t128x128k64g84s16m8_texture3d_texture2d_half,2048,4096,14336,4.0924,58.772
b580,8b,8da4w,cand,sarc_dev_linear_dq8ca_coopmat_zpg_xe2bt_t128x128k64g84s16m8_texture3d_texture2d_half,2048,4096,4096,0.9441,72.787
b580,8b,8da4w,cand,sarc_dev_linear_dq8ca_coopmat_zpg_xe2bt_t128x128k64g84s16m8_texture3d_texture2d_half,2048,1024,4096,0.3227,53.244
b580,8b,8da4w,cand,sarc_dev_linear_dq8ca_coopmat_zpg_xe2bt_t128x128k64g84s16m8_texture3d_texture2d_half,2048,1024,4096,0.284,60.498
b580,8b,8da4w,cand,sarc_dev_linear_dq8ca_coopmat_zpg_xe2bt_t128x128k64g84s16m8_texture3d_texture2d_half,2048,4096,4096,0.9159,75.031
b580,8b,8da4w,cand,sarc_dev_linear_dq8ca_coopmat_zpg_xe2bt_t128x128k64g84s16m8_texture3d_texture2d_half,2048,14336,4096,3.5521,67.712
b580,8b,8da4w,cand,sarc_dev_linear_dq8ca_coopmat_zpg_xe2bt_t128x128k64g84s16m8_texture3d_texture2d_half,2048,14336,4096,3.5449,67.849
b580,8b,8da4w,cand,sarc_dev_linear_dq8ca_coopmat_zpg_xe2bt_t128x128k64g84s16m8_texture3d_texture2d_half,2048,4096,14336,3.9808,60.419
b580,8b,8da4w,cand,sarc_dev_linear_dq8ca_coopmat_zpg_xe2bt_t128x128k64g84s16m8_texture3d_texture2d_half,2048,4096,4096,1.0737,64.003
b580,8b,8da4w,cand,sarc_dev_linear_dq8ca_coopmat_zpg_xe2bt_t128x128k64g84s16m8_texture3d_texture2d_half,2048,1024,4096,0.2904,59.166
b580,8b,8da4w,cand,sarc_dev_linear_dq8ca_coopmat_zpg_xe2bt_t128x128k64g84s16m8_texture3d_texture2d_half,2048,1024,4096,0.2883,59.582
b580,8b,8da4w,cand,sarc_dev_linear_dq8ca_coopmat_zpg_xe2bt_t128x128k64g84s16m8_texture3d_texture2d_half,2048,4096,4096,0.9457,72.663
b580,8b,8da4w,cand,sarc_dev_linear_dq8ca_coopmat_zpg_xe2bt_t128x128k64g84s16m8_texture3d_texture2d_half,2048,14336,4096,3.5562,67.634
b580,8b,8da4w,cand,sarc_dev_linear_dq8ca_coopmat_zpg_xe2bt_t128x128k64g84s16m8_texture3d_texture2d_half,2048,14336,4096,3.533,68.078
b580,8b,8da4w,cand,sarc_dev_linear_dq8ca_coopmat_zpg_xe2bt_t128x128k64g84s16m8_texture3d_texture2d_half,2048,4096,14336,5.7154,42.082
b580,8b,8da4w,cand,sarc_dev_linear_dq8ca_coopmat_zpg_xe2bt_t128x128k64g84s16m8_texture3d_texture2d_half,2048,4096,4096,0.9727,70.647
b580,8b,8da4w,cand,sarc_dev_linear_dq8ca_coopmat_zpg_xe2bt_t128x128k64g84s16m8_texture3d_texture2d_half,2048,1024,4096,0.285,60.278
b580,8b,8da4w,cand,sarc_dev_linear_dq8ca_coopmat_zpg_xe2bt_t128x128k64g84s16m8_texture3d_texture2d_half,2048,1024,4096,0.2862,60.026
b580,8b,8da4w,cand,sarc_dev_linear_dq8ca_coopmat_zpg_xe2bt_t128x128k64g84s16m8_texture3d_texture2d_half,2048,4096,4096,0.9511,72.254
b580,8b,8da4w,cand,sarc_dev_linear_dq8ca_coopmat_zpg_xe2bt_t128x128k64g84s16m8_texture3d_texture2d_half,2048,14336,4096,3.5447,67.852
b580,8b,8da4w,cand,sarc_dev_linear_dq8ca_coopmat_zpg_xe2bt_t128x128k64g84s16m8_texture3d_texture2d_half,2048,14336,4096,3.5171,68.386
b580,8b,8da4w,cand,sarc_dev_linear_dq8ca_coopmat_zpg_xe2bt_t128x128k64g84s16m8_texture3d_texture2d_half,2048,4096,14336,5.1844,46.393
b580,8b,8da4w,cand,sarc_dev_linear_dq8ca_coopmat_zpg_xe2bt_t128x128k64g84s16m8_texture3d_texture2d_half,2048,4096,4096,1.4266,48.171
b580,8b,8da4w,cand,sarc_dev_linear_dq8ca_coopmat_zpg_xe2bt_t128x128k64g84s16m8_texture3d_texture2d_half,2048,1024,4096,0.2815,61.035
b580,8b,8da4w,cand,sarc_dev_linear_dq8ca_coopmat_zpg_xe2bt_t128x128k64g84s16m8_texture3d_texture2d_half,2048,1024,4096,0.2825,60.821
b580,8b,8da4w,cand,sarc_dev_linear_dq8ca_coopmat_zpg_xe2bt_t128x128k64g84s16m8_texture3d_texture2d_half,2048,4096,4096,0.9239,74.381
b580,8b,8da4w,cand,sarc_dev_linear_dq8ca_coopmat_zpg_xe2bt_t128x128k64g84s16m8_texture3d_texture2d_half,2048,14336,4096,3.5402,67.939
b580,8b,8da4w,cand,sarc_dev_linear_dq8ca_coopmat_zpg_xe2bt_t128x128k64g84s16m8_texture3d_texture2d_half,2048,14336,4096,4.6715,51.487
b580,8b,8da4w,cand,sarc_dev_linear_dq8ca_coopmat_zpg_xe2bt_t128x128k64g84s16m8_texture3d_texture2d_half,2048,4096,14336,5.2635,45.695
b580,8b,8da4w,cand,sarc_dev_linear_dq8ca_coopmat_zpg_xe2bt_t128x128k64g84s16m8_texture3d_texture2d_half,2048,4096,4096,0.952,72.187
b580,8b,8da4w,cand,sarc_dev_linear_dq8ca_coopmat_zpg_xe2bt_t128x128k64g84s16m8_texture3d_texture2d_half,2048,1024,4096,0.2908,59.081
b580,8b,8da4w,cand,sarc_dev_linear_dq8ca_coopmat_zpg_xe2bt_t128x128k64g84s16m8_texture3d_texture2d_half,2048,1024,4096,0.2918,58.881
b580,8b,8da4w,cand,sarc_dev_linear_dq8ca_coopmat_zpg_xe2bt_t128x128k64g84s16m8_texture3d_texture2d_half,2048,4096,4096,0.9283,74.027
b580,8b,8da4w,cand,sarc_dev_linear_dq8ca_coopmat_zpg_xe2bt_t128x128k64g84s16m8_texture3d_texture2d_half,2048,14336,4096,3.5519,67.715
b580,8b,8da4w,cand,sarc_dev_linear_dq8ca_coopmat_zpg_xe2bt_t128x128k64g84s16m8_texture3d_texture2d_half,2048,14336,4096,3.5207,68.315
b580,8b,8da4w,cand,sarc_dev_linear_dq8ca_coopmat_zpg_xe2bt_t128x128k64g84s16m8_texture3d_texture2d_half,2048,4096,14336,4.9624,48.469
b580,8b,8da4w,cand,sarc_dev_linear_dq8ca_coopmat_zpg_xe2bt_t128x128k64g84s16m8_texture3d_texture2d_half,2048,4096,4096,1.0784,63.725
b580,8b,8da4w,cand,sarc_dev_linear_dq8ca_coopmat_zpg_xe2bt_t128x128k64g84s16m8_texture3d_texture2d_half,2048,1024,4096,1.1828,14.525
b580,8b,8da4w,cand,sarc_dev_linear_dq8ca_coopmat_zpg_xe2bt_t128x128k64g84s16m8_texture3d_texture2d_half,2048,1024,4096,0.2905,59.134
b580,8b,8da4w,cand,sarc_dev_linear_dq8ca_coopmat_zpg_xe2bt_t128x128k64g84s16m8_texture3d_texture2d_half,2048,4096,4096,0.9079,75.693
b580,8b,8da4w,cand,sarc_dev_linear_dq8ca_coopmat_zpg_xe2bt_t128x128k64g84s16m8_texture3d_texture2d_half,2048,14336,4096,3.5611,67.541
b580,8b,8da4w,cand,sarc_dev_linear_dq8ca_coopmat_zpg_xe2bt_t128x128k64g84s16m8_texture3d_texture2d_half,2048,14336,4096,3.5713,67.347
b580,8b,8da4w,cand,sarc_dev_linear_dq8ca_coopmat_zpg_xe2bt_t128x128k64g84s16m8_texture3d_texture2d_half,2048,4096,14336,4.0374,59.573
b580,8b,8da4w,parent,sarc_dev_linear_dq8ca_coopmat_zpg_xe2bt_t128x128k64g84s16m8_texture3d_texture2d_half,2048,4096,4096,0.9426,72.908
b580,8b,8da4w,parent,sarc_dev_linear_dq8ca_coopmat_zpg_xe2bt_t128x128k64g84s16m8_texture3d_texture2d_half,2048,1024,4096,0.2838,60.532
b580,8b,8da4w,parent,sarc_dev_linear_dq8ca_coopmat_zpg_xe2bt_t128x128k64g84s16m8_texture3d_texture2d_half,2048,1024,4096,0.2852,60.234
b580,8b,8da4w,parent,sarc_dev_linear_dq8ca_coopmat_zpg_xe2bt_t128x128k64g84s16m8_texture3d_texture2d_half,2048,4096,4096,0.9435,72.832
b580,8b,8da4w,parent,sarc_dev_linear_dq8ca_coopmat_zpg_xe2bt_t128x128k64g84s16m8_texture3d_texture2d_half,2048,14336,4096,3.5651,67.465
b580,8b,8da4w,parent,sarc_dev_linear_dq8ca_coopmat_zpg_xe2bt_t128x128k64g84s16m8_texture3d_texture2d_half,2048,14336,4096,3.5081,68.56
b580,8b,8da4w,parent,sarc_dev_linear_dq8ca_coopmat_zpg_xe2bt_t128x128k64g84s16m8_texture3d_texture2d_half,2048,4096,14336,5.0368,47.752
b580,8b,8da4w,parent,sarc_dev_linear_dq8ca_coopmat_zpg_xe2bt_t128x128k64g84s16m8_texture3d_texture2d_half,2048,4096,4096,0.9203,74.667
b580,8b,8da4w,parent,sarc_dev_linear_dq8ca_coopmat_zpg_xe2bt_t128x128k64g84s16m8_texture3d_texture2d_half,2048,1024,4096,0.3349,51.294
b580,8b,8da4w,parent,sarc_dev_linear_dq8ca_coopmat_zpg_xe2bt_t128x128k64g84s16m8_texture3d_texture2d_half,2048,1024,4096,0.2902,59.198
b580,8b,8da4w,parent,sarc_dev_linear_dq8ca_coopmat_zpg_xe2bt_t128x128k64g84s16m8_texture3d_texture2d_half,2048,4096,4096,0.9504,72.309
b580,8b,8da4w,parent,sarc_dev_linear_dq8ca_coopmat_zpg_xe2bt_t128x128k64g84s16m8_texture3d_texture2d_half,2048,14336,4096,3.5648,67.47
b580,8b,8da4w,parent,sarc_dev_linear_dq8ca_coopmat_zpg_xe2bt_t128x128k64g84s16m8_texture3d_texture2d_half,2048,14336,4096,3.8287,62.821
b580,8b,8da4w,parent,sarc_dev_linear_dq8ca_coopmat_zpg_xe2bt_t128x128k64g84s16m8_texture3d_texture2d_half,2048,4096,14336,5.0993,47.167
b580,8b,8da4w,parent,sarc_dev_linear_dq8ca_coopmat_zpg_xe2bt_t128x128k64g84s16m8_texture3d_texture2d_half,2048,4096,4096,0.9838,69.852
b580,8b,8da4w,parent,sarc_dev_linear_dq8ca_coopmat_zpg_xe2bt_t128x128k64g84s16m8_texture3d_texture2d_half,2048,1024,4096,0.3228,53.227
b580,8b,8da4w,parent,sarc_dev_linear_dq8ca_coopmat_zpg_xe2bt_t128x128k64g84s16m8_texture3d_texture2d_half,2048,1024,4096,0.2838,60.543
b580,8b,8da4w,parent,sarc_dev_linear_dq8ca_coopmat_zpg_xe2bt_t128x128k64g84s16m8_texture3d_texture2d_half,2048,4096,4096,0.9342,73.557
b580,8b,8da4w,parent,sarc_dev_linear_dq8ca_coopmat_zpg_xe2bt_t128x128k64g84s16m8_texture3d_texture2d_half,2048,14336,4096,3.7035,64.944
b580,8b,8da4w,parent,sarc_dev_linear_dq8ca_coopmat_zpg_xe2bt_t128x128k64g84s16m8_texture3d_texture2d_half,2048,14336,4096,4.3171,55.712
b580,8b,8da4w,parent,sarc_dev_linear_dq8ca_coopmat_zpg_xe2bt_t128x128k64g84s16m8_texture3d_texture2d_half,2048,4096,14336,4.7517,50.618
b580,8b,8da4w,parent,sarc_dev_linear_dq8ca_coopmat_zpg_xe2bt_t128x128k64g84s16m8_texture3d_texture2d_half,2048,4096,4096,0.9279,74.06
b580,8b,8da4w,parent,sarc_dev_linear_dq8ca_coopmat_zpg_xe2bt_t128x128k64g84s16m8_texture3d_texture2d_half,2048,1024,4096,0.2888,59.496
b580,8b,8da4w,parent,sarc_dev_linear_dq8ca_coopmat_zpg_xe2bt_t128x128k64g84s16m8_texture3d_texture2d_half,2048,1024,4096,0.2784,61.708
b580,8b,8da4w,parent,sarc_dev_linear_dq8ca_coopmat_zpg_xe2bt_t128x128k64g84s16m8_texture3d_texture2d_half,2048,4096,4096,0.9614,71.476
b580,8b,8da4w,parent,sarc_dev_linear_dq8ca_coopmat_zpg_xe2bt_t128x128k64g84s16m8_texture3d_texture2d_half,2048,14336,4096,3.5476,67.797
b580,8b,8da4w,parent,sarc_dev_linear_dq8ca_coopmat_zpg_xe2bt_t128x128k64g84s16m8_texture3d_texture2d_half,2048,14336,4096,3.5536,67.683
b580,8b,8da4w,parent,sarc_dev_linear_dq8ca_coopmat_zpg_xe2bt_t128x128k64g84s16m8_texture3d_texture2d_half,2048,4096,14336,4.1325,58.202
b580,8b,8da4w,parent,sarc_dev_linear_dq8ca_coopmat_zpg_xe2bt_t128x128k64g84s16m8_texture3d_texture2d_half,2048,4096,4096,1.4795,46.448
b580,8b,8da4w,parent,sarc_dev_linear_dq8ca_coopmat_zpg_xe2bt_t128x128k64g84s16m8_texture3d_texture2d_half,2048,1024,4096,0.2851,60.256
b580,8b,8da4w,parent,sarc_dev_linear_dq8ca_coopmat_zpg_xe2bt_t128x128k64g84s16m8_texture3d_texture2d_half,2048,1024,4096,0.349,49.223
b580,8b,8da4w,parent,sarc_dev_linear_dq8ca_coopmat_zpg_xe2bt_t128x128k64g84s16m8_texture3d_texture2d_half,2048,4096,4096,0.9177,74.883
b580,8b,8da4w,parent,sarc_dev_linear_dq8ca_coopmat_zpg_xe2bt_t128x128k64g84s16m8_texture3d_texture2d_half,2048,14336,4096,3.5471,67.807
b580,8b,8da4w,parent,sarc_dev_linear_dq8ca_coopmat_zpg_xe2bt_t128x128k64g84s16m8_texture3d_texture2d_half,2048,14336,4096,3.5206,68.317
b580,8b,8da4w,parent,sarc_dev_linear_dq8ca_coopmat_zpg_xe2bt_t128x128k64g84s16m8_texture3d_texture2d_half,2048,4096,14336,4.045,59.46
b580,8b,8da4w,parent,sarc_dev_linear_dq8ca_coopmat_zpg_xe2bt_t128x128k64g84s16m8_texture3d_texture2d_half,2048,4096,4096,0.9285,74.014
b580,8b,8da4w,parent,sarc_dev_linear_dq8ca_coopmat_zpg_xe2bt_t128x128k64g84s16m8_texture3d_texture2d_half,2048,1024,4096,0.285,60.278
b580,8b,8da4w,parent,sarc_dev_linear_dq8ca_coopmat_zpg_xe2bt_t128x128k64g84s16m8_texture3d_texture2d_half,2048,1024,4096,0.2822,60.889
b580,8b,8da4w,parent,sarc_dev_linear_dq8ca_coopmat_zpg_xe2bt_t128x128k64g84s16m8_texture3d_texture2d_half,2048,4096,4096,0.9547,71.979
b580,8b,8da4w,parent,sarc_dev_linear_dq8ca_coopmat_zpg_xe2bt_t128x128k64g84s16m8_texture3d_texture2d_half,2048,14336,4096,3.5393,67.956
b580,8b,8da4w,parent,sarc_dev_linear_dq8ca_coopmat_zpg_xe2bt_t128x128k64g84s16m8_texture3d_texture2d_half,2048,14336,4096,3.6832,65.302
b580,8b,8da4w,parent,sarc_dev_linear_dq8ca_coopmat_zpg_xe2bt_t128x128k64g84s16m8_texture3d_texture2d_half,2048,4096,14336,4.7621,50.507
b580,8b,8da4w,parent,sarc_dev_linear_dq8ca_coopmat_zpg_xe2bt_t128x128k64g84s16m8_texture3d_texture2d_half,2048,4096,4096,0.924,74.373
b580,8b,8da4w,parent,sarc_dev_linear_dq8ca_coopmat_zpg_xe2bt_t128x128k64g84s16m8_texture3d_texture2d_half,2048,1024,4096,0.2868,59.906
b580,8b,8da4w,parent,sarc_dev_linear_dq8ca_coopmat_zpg_xe2bt_t128x128k64g84s16m8_texture3d_texture2d_half,2048,1024,4096,0.2822,60.877
b580,8b,8da4w,parent,sarc_dev_linear_dq8ca_coopmat_zpg_xe2bt_t128x128k64g84s16m8_texture3d_texture2d_half,2048,4096,4096,0.923,74.452
b580,8b,8da4w,parent,sarc_dev_linear_dq8ca_coopmat_zpg_xe2bt_t128x128k64g84s16m8_texture3d_texture2d_half,2048,14336,4096,3.5528,67.698
b580,8b,8da4w,parent,sarc_dev_linear_dq8ca_coopmat_zpg_xe2bt_t128x128k64g84s16m8_texture3d_texture2d_half,2048,14336,4096,4.1969,57.308
b580,8b,8da4w,parent,sarc_dev_linear_dq8ca_coopmat_zpg_xe2bt_t128x128k64g84s16m8_texture3d_texture2d_half,2048,4096,14336,4.0703,59.091
b580,8b,8da4w,parent,sarc_dev_linear_dq8ca_coopmat_zpg_xe2bt_t128x128k64g84s16m8_texture3d_texture2d_half,2048,4096,4096,0.9401,73.097
b580,8b,8da4w,parent,sarc_dev_linear_dq8ca_coopmat_zpg_xe2bt_t128x128k64g84s16m8_texture3d_texture2d_half,2048,1024,4096,0.2879,59.679
b580,8b,8da4w,parent,sarc_dev_linear_dq8ca_coopmat_zpg_xe2bt_t128x128k64g84s16m8_texture3d_texture2d_half,2048,1024,4096,0.2829,60.721
b580,8b,8da4w,parent,sarc_dev_linear_dq8ca_coopmat_zpg_xe2bt_t128x128k64g84s16m8_texture3d_texture2d_half,2048,4096,4096,1.4465,47.508
b580,8b,8da4w,parent,sarc_dev_linear_dq8ca_coopmat_zpg_xe2bt_t128x128k64g84s16m8_texture3d_texture2d_half,2048,14336,4096,3.8195,62.971
b580,8b,8da4w,parent,sarc_dev_linear_dq8ca_coopmat_zpg_xe2bt_t128x128k64g84s16m8_texture3d_texture2d_half,2048,14336,4096,5.1004,47.157
b580,8b,8da4w,parent,sarc_dev_linear_dq8ca_coopmat_zpg_xe2bt_t128x128k64g84s16m8_texture3d_texture2d_half,2048,4096,14336,4.4621,53.902
b580,8b,8da4w,parent,sarc_dev_linear_dq8ca_coopmat_zpg_xe2bt_t128x128k64g84s16m8_texture3d_texture2d_half,2048,4096,4096,1.1231,61.188
b580,8b,8da4w,parent,sarc_dev_linear_dq8ca_coopmat_zpg_xe2bt_t128x128k64g84s16m8_texture3d_texture2d_half,2048,1024,4096,0.284,60.498
b580,8b,8da4w,parent,sarc_dev_linear_dq8ca_coopmat_zpg_xe2bt_t128x128k64g84s16m8_texture3d_texture2d_half,2048,1024,4096,0.2829,60.732
b580,8b,8da4w,parent,sarc_dev_linear_dq8ca_coopmat_zpg_xe2bt_t128x128k64g84s16m8_texture3d_texture2d_half,2048,4096,4096,0.9647,71.234
b580,8b,8da4w,parent,sarc_dev_linear_dq8ca_coopmat_zpg_xe2bt_t128x128k64g84s16m8_texture3d_texture2d_half,2048,14336,4096,4.2152,57.059
b580,8b,8da4w,parent,sarc_dev_linear_dq8ca_coopmat_zpg_xe2bt_t128x128k64g84s16m8_texture3d_texture2d_half,2048,14336,4096,4.1309,58.224
b580,8b,8da4w,parent,sarc_dev_linear_dq8ca_coopmat_zpg_xe2bt_t128x128k64g84s16m8_texture3d_texture2d_half,2048,4096,14336,5.3247,45.17
b580,8b,8da4w,parent,sarc_dev_linear_dq8ca_coopmat_zpg_xe2bt_t128x128k64g84s16m8_texture3d_texture2d_half,2048,4096,4096,1.443,47.623
b580,8b,8da4w,parent,sarc_dev_linear_dq8ca_coopmat_zpg_xe2bt_t128x128k64g84s16m8_texture3d_texture2d_half,2048,1024,4096,0.2727,63.002
b580,8b,8da4w,parent,sarc_dev_linear_dq8ca_coopmat_zpg_xe2bt_t128x128k64g84s16m8_texture3d_texture2d_half,2048,1024,4096,0.285,60.278
b580,8b,8da4w,parent,sarc_dev_linear_dq8ca_coopmat_zpg_xe2bt_t128x128k64g84s16m8_texture3d_texture2d_half,2048,4096,4096,0.9406,73.057
b580,8b,8da4w,parent,sarc_dev_linear_dq8ca_coopmat_zpg_xe2bt_t128x128k64g84s16m8_texture3d_texture2d_half,2048,14336,4096,4.3058,55.859
b580,8b,8da4w,parent,sarc_dev_linear_dq8ca_coopmat_zpg_xe2bt_t128x128k64g84s16m8_texture3d_texture2d_half,2048,14336,4096,4.2822,56.167
b580,8b,8da4w,parent,sarc_dev_linear_dq8ca_coopmat_zpg_xe2bt_t128x128k64g84s16m8_texture3d_texture2d_half,2048,4096,14336,5.3363,45.072
b580,8b,8da4w,parent,sarc_dev_linear_dq8ca_coopmat_zpg_xe2bt_t128x128k64g84s16m8_texture3d_texture2d_half,2048,4096,4096,0.922,74.536
b580,8b,8da4w,parent,sarc_dev_linear_dq8ca_coopmat_zpg_xe2bt_t128x128k64g84s16m8_texture3d_texture2d_half,2048,1024,4096,0.2871,59.83
b580,8b,8da4w,parent,sarc_dev_linear_dq8ca_coopmat_zpg_xe2bt_t128x128k64g84s16m8_texture3d_texture2d_half,2048,1024,4096,0.2836,60.587
b580,8b,8da4w,parent,sarc_dev_linear_dq8ca_coopmat_zpg_xe2bt_t128x128k64g84s16m8_texture3d_texture2d_half,2048,4096,4096,0.9624,71.403
b580,8b,8da4w,parent,sarc_dev_linear_dq8ca_coopmat_zpg_xe2bt_t128x128k64g84s16m8_texture3d_texture2d_half,2048,14336,4096,4.3137,55.757
b580,8b,8da4w,parent,sarc_dev_linear_dq8ca_coopmat_zpg_xe2bt_t128x128k64g84s16m8_texture3d_texture2d_half,2048,14336,4096,4.3777,54.941
b580,8b,8da4w,parent,sarc_dev_linear_dq8ca_coopmat_zpg_xe2bt_t128x128k64g84s16m8_texture3d_texture2d_half,2048,4096,14336,5.3179,45.228
b580,8b,8da4w,parent,sarc_dev_linear_dq8ca_coopmat_zpg_xe2bt_t128x128k64g84s16m8_texture3d_texture2d_half,2048,4096,4096,1.1434,60.1
b580,8b,8da4w,parent,sarc_dev_linear_dq8ca_coopmat_zpg_xe2bt_t128x128k64g84s16m8_texture3d_texture2d_half,2048,1024,4096,0.2903,59.176
b580,8b,8da4w,parent,sarc_dev_linear_dq8ca_coopmat_zpg_xe2bt_t128x128k64g84s16m8_texture3d_texture2d_half,2048,1024,4096,0.2798,61.409
b580,8b,8da4w,parent,sarc_dev_linear_dq8ca_coopmat_zpg_xe2bt_t128x128k64g84s16m8_texture3d_texture2d_half,2048,4096,4096,0.989,69.481
b580,8b,8da4w,parent,sarc_dev_linear_dq8ca_coopmat_zpg_xe2bt_t128x128k64g84s16m8_texture3d_texture2d_half,2048,14336,4096,4.4562,53.973
b580,8b,8da4w,parent,sarc_dev_linear_dq8ca_coopmat_zpg_xe2bt_t128x128k64g84s16m8_texture3d_texture2d_half,2048,14336,4096,4.4009,54.652
b580,8b,8da4w,parent,sarc_dev_linear_dq8ca_coopmat_zpg_xe2bt_t128x128k64g84s16m8_texture3d_texture2d_half,2048,4096,14336,5.6851,42.307
b580,8b,8da4w,parent,sarc_dev_linear_dq8ca_coopmat_zpg_xe2bt_t128x128k64g84s16m8_texture3d_texture2d_half,2048,4096,4096,1.4207,48.369
b580,8b,8da4w,parent,sarc_dev_linear_dq8ca_coopmat_zpg_xe2bt_t128x128k64g84s16m8_texture3d_texture2d_half,2048,1024,4096,0.4682,36.697
b580,8b,8da4w,parent,sarc_dev_linear_dq8ca_coopmat_zpg_xe2bt_t128x128k64g84s16m8_texture3d_texture2d_half,2048,1024,4096,0.281,61.137
b580,8b,8da4w,parent,sarc_dev_linear_dq8ca_coopmat_zpg_xe2bt_t128x128k64g84s16m8_texture3d_texture2d_half,2048,4096,4096,0.9458,72.655
b580,8b,8da4w,parent,sarc_dev_linear_dq8ca_coopmat_zpg_xe2bt_t128x128k64g84s16m8_texture3d_texture2d_half,2048,14336,4096,4.7479,50.658
b580,8b,8da4w,parent,sarc_dev_linear_dq8ca_coopmat_zpg_xe2bt_t128x128k64g84s16m8_texture3d_texture2d_half,2048,14336,4096,4.3129,55.767
b580,8b,8da4w,parent,sarc_dev_linear_dq8ca_coopmat_zpg_xe2bt_t128x128k64g84s16m8_texture3d_texture2d_half,2048,4096,14336,5.8308,41.25
b580,8b,8da4w,parent,sarc_dev_linear_dq8ca_coopmat_zpg_xe2bt_t128x128k64g84s16m8_texture3d_texture2d_half,2048,4096,4096,1.2036,57.095
b580,8b,8da4w,parent,sarc_dev_linear_dq8ca_coopmat_zpg_xe2bt_t128x128k64g84s16m8_texture3d_texture2d_half,2048,1024,4096,0.2914,58.955
b580,8b,8da4w,parent,sarc_dev_linear_dq8ca_coopmat_zpg_xe2bt_t128x128k64g84s16m8_texture3d_texture2d_half,2048,1024,4096,0.2804,61.261
b580,8b,8da4w,parent,sarc_dev_linear_dq8ca_coopmat_zpg_xe2bt_t128x128k64g84s16m8_texture3d_texture2d_half,2048,4096,4096,0.9404,73.073
b580,8b,8da4w,parent,sarc_dev_linear_dq8ca_coopmat_zpg_xe2bt_t128x128k64g84s16m8_texture3d_texture2d_half,2048,14336,4096,4.1499,57.958
b580,8b,8da4w,parent,sarc_dev_linear_dq8ca_coopmat_zpg_xe2bt_t128x128k64g84s16m8_texture3d_texture2d_half,2048,14336,4096,4.1563,57.868
b580,8b,8da4w,parent,sarc_dev_linear_dq8ca_coopmat_zpg_xe2bt_t128x128k64g84s16m8_texture3d_texture2d_half,2048,4096,14336,5.5322,43.476
b580,8b,8da4w,parent,sarc_dev_linear_dq8ca_coopmat_zpg_xe2bt_t128x128k64g84s16m8_texture3d_texture2d_half,2048,4096,4096,1.316,52.218
b580,8b,8da4w,parent,sarc_dev_linear_dq8ca_coopmat_zpg_xe2bt_t128x128k64g84s16m8_texture3d_texture2d_half,2048,1024,4096,0.3058,56.178
b580,8b,8da4w,parent,sarc_dev_linear_dq8ca_coopmat_zpg_xe2bt_t128x128k64g84s16m8_texture3d_texture2d_half,2048,1024,4096,0.287,59.863
b580,8b,8da4w,parent,sarc_dev_linear_dq8ca_coopmat_zpg_xe2bt_t128x128k64g84s16m8_texture3d_texture2d_half,2048,4096,4096,0.9475,72.528
b580,8b,8da4w,parent,sarc_dev_linear_dq8ca_coopmat_zpg_xe2bt_t128x128k64g84s16m8_texture3d_texture2d_half,2048,14336,4096,4.2615,56.44
b580,8b,8da4w,parent,sarc_dev_linear_dq8ca_coopmat_zpg_xe2bt_t128x128k64g84s16m8_texture3d_texture2d_half,2048,14336,4096,4.2871,56.103
b580,8b,8da4w,parent,sarc_dev_linear_dq8ca_coopmat_zpg_xe2bt_t128x128k64g84s16m8_texture3d_texture2d_half,2048,4096,14336,5.344,45.007
b580,8b,8da4w,parent,sarc_dev_linear_dq8ca_coopmat_zpg_xe2bt_t128x128k64g84s16m8_texture3d_texture2d_half,2048,4096,4096,1.4164,48.516
b580,8b,8da4w,parent,sarc_dev_linear_dq8ca_coopmat_zpg_xe2bt_t128x128k64g84s16m8_texture3d_texture2d_half,2048,1024,4096,0.2828,60.743
b580,8b,8da4w,parent,sarc_dev_linear_dq8ca_coopmat_zpg_xe2bt_t128x128k64g84s16m8_texture3d_texture2d_half,2048,1024,4096,0.2812,61.103
b580,8b,8da4w,parent,sarc_dev_linear_dq8ca_coopmat_zpg_xe2bt_t128x128k64g84s16m8_texture3d_texture2d_half,2048,4096,4096,0.9275,74.089
b580,8b,8da4w,parent,sarc_dev_linear_dq8ca_coopmat_zpg_xe2bt_t128x128k64g84s16m8_texture3d_texture2d_half,2048,14336,4096,4.3129,55.767
b580,8b,8da4w,parent,sarc_dev_linear_dq8ca_coopmat_zpg_xe2bt_t128x128k64g84s16m8_texture3d_texture2d_half,2048,14336,4096,4.2561,56.511
b580,8b,8da4w,parent,sarc_dev_linear_dq8ca_coopmat_zpg_xe2bt_t128x128k64g84s16m8_texture3d_texture2d_half,2048,4096,14336,5.3192,45.217
b580,8b,8da4w,parent,sarc_dev_linear_dq8ca_coopmat_zpg_xe2bt_t128x128k64g84s16m8_texture3d_texture2d_half,2048,4096,4096,1.1429,60.13
b580,8b,8da4w,parent,sarc_dev_linear_dq8ca_coopmat_zpg_xe2bt_t128x128k64g84s16m8_texture3d_texture2d_half,2048,1024,4096,0.2866,59.95
b580,8b,8da4w,parent,sarc_dev_linear_dq8ca_coopmat_zpg_xe2bt_t128x128k64g84s16m8_texture3d_texture2d_half,2048,1024,4096,0.7334,23.425
b580,8b,8da4w,parent,sarc_dev_linear_dq8ca_coopmat_zpg_xe2bt_t128x128k64g84s16m8_texture3d_texture2d_half,2048,4096,4096,1.3569,50.645
b580,8b,8da4w,parent,sarc_dev_linear_dq8ca_coopmat_zpg_xe2bt_t128x128k64g84s16m8_texture3d_texture2d_half,2048,14336,4096,4.1916,57.381
b580,8b,8da4w,parent,sarc_dev_linear_dq8ca_coopmat_zpg_xe2bt_t128x128k64g84s16m8_texture3d_texture2d_half,2048,14336,4096,4.2525,56.56
b580,8b,8da4w,parent,sarc_dev_linear_dq8ca_coopmat_zpg_xe2bt_t128x128k64g84s16m8_texture3d_texture2d_half,2048,4096,14336,5.1229,46.949
b580,8b,8da4w,parent,sarc_dev_linear_dq8ca_coopmat_zpg_xe2bt_t128x128k64g84s16m8_texture3d_texture2d_half,2048,4096,4096,0.9447,72.739
b580,8b,8da4w,parent,sarc_dev_linear_dq8ca_coopmat_zpg_xe2bt_t128x128k64g84s16m8_texture3d_texture2d_half,2048,1024,4096,0.2862,60.037
b580,8b,8da4w,parent,sarc_dev_linear_dq8ca_coopmat_zpg_xe2bt_t128x128k64g84s16m8_texture3d_texture2d_half,2048,1024,4096,0.2794,61.489
b580,8b,8da4w,parent,sarc_dev_linear_dq8ca_coopmat_zpg_xe2bt_t128x128k64g84s16m8_texture3d_texture2d_half,2048,4096,4096,1.4167,48.507
b580,8b,8da4w,parent,sarc_dev_linear_dq8ca_coopmat_zpg_xe2bt_t128x128k64g84s16m8_texture3d_texture2d_half,2048,14336,4096,4.2315,56.84
b580,8b,8da4w,parent,sarc_dev_linear_dq8ca_coopmat_zpg_xe2bt_t128x128k64g84s16m8_texture3d_texture2d_half,2048,14336,4096,4.4409,54.16
b580,8b,8da4w,parent,sarc_dev_linear_dq8ca_coopmat_zpg_xe2bt_t128x128k64g84s16m8_texture3d_texture2d_half,2048,4096,14336,5.4725,43.95
b580,8b,8da4w,parent,sarc_dev_linear_dq8ca_coopmat_zpg_xe2bt_t128x128k64g84s16m8_texture3d_texture2d_half,2048,4096,4096,0.948,72.492
b580,8b,8da4w,parent,sarc_dev_linear_dq8ca_coopmat_zpg_xe2bt_t128x128k64g84s16m8_texture3d_texture2d_half,2048,1024,4096,0.7315,23.486
b580,8b,8da4w,parent,sarc_dev_linear_dq8ca_coopmat_zpg_xe2bt_t128x128k64g84s16m8_texture3d_texture2d_half,2048,1024,4096,0.2783,61.731
b580,8b,8da4w,parent,sarc_dev_linear_dq8ca_coopmat_zpg_xe2bt_t128x128k64g84s16m8_texture3d_texture2d_half,2048,4096,4096,1.433,47.954
b580,8b,8da4w,parent,sarc_dev_linear_dq8ca_coopmat_zpg_xe2bt_t128x128k64g84s16m8_texture3d_texture2d_half,2048,14336,4096,4.2395,56.733
b580,8b,8da4w,parent,sarc_dev_linear_dq8ca_coopmat_zpg_xe2bt_t128x128k64g84s16m8_texture3d_texture2d_half,2048,14336,4096,4.2117,57.107
b580,8b,8da4w,parent,sarc_dev_linear_dq8ca_coopmat_zpg_xe2bt_t128x128k64g84s16m8_texture3d_texture2d_half,2048,4096,14336,4.6653,51.555
b580,8b,8da4w,parent,sarc_dev_linear_dq8ca_coopmat_zpg_xe2bt_t128x128k64g84s16m8_texture3d_texture2d_half,2048,4096,4096,0.9825,69.944
b580,8b,8da4w,parent,sarc_dev_linear_dq8ca_coopmat_zpg_xe2bt_t128x128k64g84s16m8_texture3d_texture2d_half,2048,1024,4096,0.2818,60.967
b580,8b,8da4w,parent,sarc_dev_linear_dq8ca_coopmat_zpg_xe2bt_t128x128k64g84s16m8_texture3d_texture2d_half,2048,1024,4096,0.6419,26.762
b580,8b,8da4w,parent,sarc_dev_linear_dq8ca_coopmat_zpg_xe2bt_t128x128k64g84s16m8_texture3d_texture2d_half,2048,4096,4096,1.5088,45.545
b580,8b,8da4w,parent,sarc_dev_linear_dq8ca_coopmat_zpg_xe2bt_t128x128k64g84s16m8_texture3d_texture2d_half,2048,14336,4096,4.4497,54.053
b580,8b,8da4w,parent,sarc_dev_linear_dq8ca_coopmat_zpg_xe2bt_t128x128k64g84s16m8_texture3d_texture2d_half,2048,14336,4096,4.286,56.117
b580,8b,8da4w,parent,sarc_dev_linear_dq8ca_coopmat_zpg_xe2bt_t128x128k64g84s16m8_texture3d_texture2d_half,2048,4096,14336,5.0709,47.431
b580,8b,8da4w,parent,sarc_dev_linear_dq8ca_coopmat_zpg_xe2bt_t128x128k64g84s16m8_texture3d_texture2d_half,2048,4096,4096,0.9823,69.955
b580,8b,8da4w,parent,sarc_dev_linear_dq8ca_coopmat_zpg_xe2bt_t128x128k64g84s16m8_texture3d_texture2d_half,2048,1024,4096,0.3369,51.001
b580,8b,8da4w,parent,sarc_dev_linear_dq8ca_coopmat_zpg_xe2bt_t128x128k64g84s16m8_texture3d_texture2d_half,2048,1024,4096,0.2875,59.754
b580,8b,8da4w,parent,sarc_dev_linear_dq8ca_coopmat_zpg_xe2bt_t128x128k64g84s16m8_texture3d_texture2d_half,2048,4096,4096,1.2851,53.475
b580,8b,8da4w,parent,sarc_dev_linear_dq8ca_coopmat_zpg_xe2bt_t128x128k64g84s16m8_texture3d_texture2d_half,2048,14336,4096,3.9783,60.458
b580,8b,8da4w,parent,sarc_dev_linear_dq8ca_coopmat_zpg_xe2bt_t128x128k64g84s16m8_texture3d_texture2d_half,2048,14336,4096,4.3032,55.893
b580,8b,8da4w,parent,sarc_dev_linear_dq8ca_coopmat_zpg_xe2bt_t128x128k64g84s16m8_texture3d_texture2d_half,2048,4096,14336,5.062,47.515
b580,8b,8da4w,parent,sarc_dev_linear_dq8ca_coopmat_zpg_xe2bt_t128x128k64g84s16m8_texture3d_texture2d_half,2048,4096,4096,0.9661,71.13
b580,8b,8da4w,parent,sarc_dev_linear_dq8ca_coopmat_zpg_xe2bt_t128x128k64g84s16m8_texture3d_texture2d_half,2048,1024,4096,0.2822,60.889
b580,8b,8da4w,parent,sarc_dev_linear_dq8ca_coopmat_zpg_xe2bt_t128x128k64g84s16m8_texture3d_texture2d_half,2048,1024,4096,0.2885,59.55
b580,8b,8da4w,parent,sarc_dev_linear_dq8ca_coopmat_zpg_xe2bt_t128x128k64g84s16m8_texture3d_texture2d_half,2048,4096,4096,0.9489,72.416
b580,8b,8da4w,parent,sarc_dev_linear_dq8ca_coopmat_zpg_xe2bt_t128x128k64g84s16m8_texture3d_texture2d_half,2048,14336,4096,4.2143,57.072
b580,8b,8da4w,parent,sarc_dev_linear_dq8ca_coopmat_zpg_xe2bt_t128x128k64g84s16m8_texture3d_texture2d_half,2048,14336,4096,4.216,57.05
b580,8b,8da4w,parent,sarc_dev_linear_dq8ca_coopmat_zpg_xe2bt_t128x128k64g84s16m8_texture3d_texture2d_half,2048,4096,14336,4.9648,48.445
b580,8b,8da4w,parent,sarc_dev_linear_dq8ca_coopmat_zpg_xe2bt_t128x128k64g84s16m8_texture3d_texture2d_half,2048,4096,4096,1.0462,65.686
b580,8b,8da4w,parent,sarc_dev_linear_dq8ca_coopmat_zpg_xe2bt_t128x128k64g84s16m8_texture3d_texture2d_half,2048,1024,4096,0.3141,54.699
b580,8b,8da4w,parent,sarc_dev_linear_dq8ca_coopmat_zpg_xe2bt_t128x128k64g84s16m8_texture3d_texture2d_half,2048,1024,4096,0.2814,61.046
b580,8b,8da4w,parent,sarc_dev_linear_dq8ca_coopmat_zpg_xe2bt_t128x128k64g84s16m8_texture3d_texture2d_half,2048,4096,4096,0.9625,71.399
b580,8b,8da4w,parent,sarc_dev_linear_dq8ca_coopmat_zpg_xe2bt_t128x128k64g84s16m8_texture3d_texture2d_half,2048,14336,4096,4.2536,56.545
b580,8b,8da4w,parent,sarc_dev_linear_dq8ca_coopmat_zpg_xe2bt_t128x128k64g84s16m8_texture3d_texture2d_half,2048,14336,4096,4.1285,58.257
b580,8b,8da4w,parent,sarc_dev_linear_dq8ca_coopmat_zpg_xe2bt_t128x128k64g84s16m8_texture3d_texture2d_half,2048,4096,14336,5.0359,47.761
b580,8b,8da4w,parent,sarc_dev_linear_dq8ca_coopmat_zpg_xe2bt_t128x128k64g84s16m8_texture3d_texture2d_half,2048,4096,4096,0.9286,74.002
b580,8b,8da4w,parent,sarc_dev_linear_dq8ca_coopmat_zpg_xe2bt_t128x128k64g84s16m8_texture3d_texture2d_half,2048,1024,4096,0.2843,60.432
b580,8b,8da4w,parent,sarc_dev_linear_dq8ca_coopmat_zpg_xe2bt_t128x128k64g84s16m8_texture3d_texture2d_half,2048,1024,4096,0.4768,36.033
b580,8b,8da4w,parent,sarc_dev_linear_dq8ca_coopmat_zpg_xe2bt_t128x128k64g84s16m8_texture3d_texture2d_half,2048,4096,4096,0.9538,72.049
b580,8b,8da4w,parent,sarc_dev_linear_dq8ca_coopmat_zpg_xe2bt_t128x128k64g84s16m8_texture3d_texture2d_half,2048,14336,4096,4.1701,57.677
b580,8b,8da4w,parent,sarc_dev_linear_dq8ca_coopmat_zpg_xe2bt_t128x128k64g84s16m8_texture3d_texture2d_half,2048,14336,4096,4.0952,58.732
b580,8b,8da4w,parent,sarc_dev_linear_dq8ca_coopmat_zpg_xe2bt_t128x128k64g84s16m8_texture3d_texture2d_half,2048,4096,14336,4.7699,50.425
b580,8b,8da4w,parent,sarc_dev_linear_dq8ca_coopmat_zpg_xe2bt_t128x128k64g84s16m8_texture3d_texture2d_half,2048,4096,4096,1.4129,48.636
b580,8b,8da4w,parent,sarc_dev_linear_dq8ca_coopmat_zpg_xe2bt_t128x128k64g84s16m8_texture3d_texture2d_half,2048,1024,4096,0.2869,59.874
b580,8b,8da4w,parent,sarc_dev_linear_dq8ca_coopmat_zpg_xe2bt_t128x128k64g84s16m8_texture3d_texture2d_half,2048,1024,4096,0.2801,61.341
b580,8b,8da4w,parent,sarc_dev_linear_dq8ca_coopmat_zpg_xe2bt_t128x128k64g84s16m8_texture3d_texture2d_half,2048,4096,4096,1.0328,66.536
b580,8b,8da4w,parent,sarc_dev_linear_dq8ca_coopmat_zpg_xe2bt_t128x128k64g84s16m8_texture3d_texture2d_half,2048,14336,4096,4.1792,57.551
b580,8b,8da4w,parent,sarc_dev_linear_dq8ca_coopmat_zpg_xe2bt_t128x128k64g84s16m8_texture3d_texture2d_half,2048,14336,4096,4.053,59.343
b580,8b,8da4w,parent,sarc_dev_linear_dq8ca_coopmat_zpg_xe2bt_t128x128k64g84s16m8_texture3d_texture2d_half,2048,4096,14336,4.6714,51.487
b580,8b,8da4w,parent,sarc_dev_linear_dq8ca_coopmat_zpg_xe2bt_t128x128k64g84s16m8_texture3d_texture2d_half,2048,4096,4096,0.9467,72.588
b580,8b,8da4w,parent,sarc_dev_linear_dq8ca_coopmat_zpg_xe2bt_t128x128k64g84s16m8_texture3d_texture2d_half,2048,1024,4096,0.6636,25.888
b580,8b,8da4w,parent,sarc_dev_linear_dq8ca_coopmat_zpg_xe2bt_t128x128k64g84s16m8_texture3d_texture2d_half,2048,1024,4096,0.2881,59.625
b580,8b,8da4w,parent,sarc_dev_linear_dq8ca_coopmat_zpg_xe2bt_t128x128k64g84s16m8_texture3d_texture2d_half,2048,4096,4096,1.3465,51.036
b580,8b,8da4w,parent,sarc_dev_linear_dq8ca_coopmat_zpg_xe2bt_t128x128k64g84s16m8_texture3d_texture2d_half,2048,14336,4096,4.3643,55.11
b580,8b,8da4w,parent,sarc_dev_linear_dq8ca_coopmat_zpg_xe2bt_t128x128k64g84s16m8_texture3d_texture2d_half,2048,14336,4096,4.1874,57.438
b580,8b,8da4w,parent,sarc_dev_linear_dq8ca_coopmat_zpg_xe2bt_t128x128k64g84s16m8_texture3d_texture2d_half,2048,4096,14336,5.0593,47.54
b580,8b,8da4w,parent,sarc_dev_linear_dq8ca_coopmat_zpg_xe2bt_t128x128k64g84s16m8_texture3d_texture2d_half,2048,4096,4096,0.9414,72.996
b580,8b,8da4w,parent,sarc_dev_linear_dq8ca_coopmat_zpg_xe2bt_t128x128k64g84s16m8_texture3d_texture2d_half,2048,1024,4096,0.6615,25.969
b580,8b,8da4w,parent,sarc_dev_linear_dq8ca_coopmat_zpg_xe2bt_t128x128k64g84s16m8_texture3d_texture2d_half,2048,1024,4096,0.2845,60.388
b580,8b,8da4w,parent,sarc_dev_linear_dq8ca_coopmat_zpg_xe2bt_t128x128k64g84s16m8_texture3d_texture2d_half,2048,4096,4096,1.2696,54.126
b580,8b,8da4w,parent,sarc_dev_linear_dq8ca_coopmat_zpg_xe2bt_t128x128k64g84s16m8_texture3d_texture2d_half,2048,14336,4096,3.9986,60.151
b580,8b,8da4w,parent,sarc_dev_linear_dq8ca_coopmat_zpg_xe2bt_t128x128k64g84s16m8_texture3d_texture2d_half,2048,14336,4096,4.3736,54.994
b580,8b,8da4w,parent,sarc_dev_linear_dq8ca_coopmat_zpg_xe2bt_t128x128k64g84s16m8_texture3d_texture2d_half,2048,4096,14336,5.0675,47.463
b580,8b,8da4w,parent,sarc_dev_linear_dq8ca_coopmat_zpg_xe2bt_t128x128k64g84s16m8_texture3d_texture2d_half,2048,4096,4096,0.9602,71.565
b580,8b,8da4w,parent,sarc_dev_linear_dq8ca_coopmat_zpg_xe2bt_t128x128k64g84s16m8_texture3d_texture2d_half,2048,1024,4096,0.3205,53.599
b580,8b,8da4w,parent,sarc_dev_linear_dq8ca_coopmat_zpg_xe2bt_t128x128k64g84s16m8_texture3d_texture2d_half,2048,1024,4096,0.7215,23.811
b580,8b,8da4w,parent,sarc_dev_linear_dq8ca_coopmat_zpg_xe2bt_t128x128k64g84s16m8_texture3d_texture2d_half,2048,4096,4096,0.9353,73.475
b580,8b,8da4w,parent,sarc_dev_linear_dq8ca_coopmat_zpg_xe2bt_t128x128k64g84s16m8_texture3d_texture2d_half,2048,14336,4096,3.571,67.353
b580,8b,8da4w,parent,sarc_dev_linear_dq8ca_coopmat_zpg_xe2bt_t128x128k64g84s16m8_texture3d_texture2d_half,2048,14336,4096,3.5461,67.825
b580,8b,8da4w,parent,sarc_dev_linear_dq8ca_coopmat_zpg_xe2bt_t128x128k64g84s16m8_texture3d_texture2d_half,2048,4096,14336,5.4728,43.948
b580,8b,8da4w,parent,sarc_dev_linear_dq8ca_coopmat_zpg_xe2bt_t128x128k64g84s16m8_texture3d_texture2d_half,2048,4096,4096,0.9379,73.272
b580,8b,8da4w,parent,sarc_dev_linear_dq8ca_coopmat_zpg_xe2bt_t128x128k64g84s16m8_texture3d_texture2d_half,2048,1024,4096,0.2913,58.976
b580,8b,8da4w,parent,sarc_dev_linear_dq8ca_coopmat_zpg_xe2bt_t128x128k64g84s16m8_texture3d_texture2d_half,2048,1024,4096,0.2796,61.455
b580,8b,8da4w,parent,sarc_dev_linear_dq8ca_coopmat_zpg_xe2bt_t128x128k64g84s16m8_texture3d_texture2d_half,2048,4096,4096,0.9156,75.053
b580,8b,8da4w,parent,sarc_dev_linear_dq8ca_coopmat_zpg_xe2bt_t128x128k64g84s16m8_texture3d_texture2d_half,2048,14336,4096,3.6035,66.746
b580,8b,8da4w,parent,sarc_dev_linear_dq8ca_coopmat_zpg_xe2bt_t128x128k64g84s16m8_texture3d_texture2d_half,2048,14336,4096,4.0505,59.379
b580,8b,8da4w,parent,sarc_dev_linear_dq8ca_coopmat_zpg_xe2bt_t128x128k64g84s16m8_texture3d_texture2d_half,2048,4096,14336,4.9988,48.115
b580,8b,8da4w,parent,sarc_dev_linear_dq8ca_coopmat_zpg_xe2bt_t128x128k64g84s16m8_texture3d_texture2d_half,2048,4096,4096,1.3548,50.723
b580,8b,8da4w,parent,sarc_dev_linear_dq8ca_coopmat_zpg_xe2bt_t128x128k64g84s16m8_texture3d_texture2d_half,2048,1024,4096,0.2898,59.283
b580,8b,8da4w,parent,sarc_dev_linear_dq8ca_coopmat_zpg_xe2bt_t128x128k64g84s16m8_texture3d_texture2d_half,2048,1024,4096,0.2825,60.821
b580,8b,8da4w,parent,sarc_dev_linear_dq8ca_coopmat_zpg_xe2bt_t128x128k64g84s16m8_texture3d_texture2d_half,2048,4096,4096,0.9619,71.442
b580,8b,8da4w,parent,sarc_dev_linear_dq8ca_coopmat_zpg_xe2bt_t128x128k64g84s16m8_texture3d_texture2d_half,2048,14336,4096,3.5733,67.309
b580,8b,8da4w,parent,sarc_dev_linear_dq8ca_coopmat_zpg_xe2bt_t128x128k64g84s16m8_texture3d_texture2d_half,2048,14336,4096,3.525,68.233
b580,8b,8da4w,parent,sarc_dev_linear_dq8ca_coopmat_zpg_xe2bt_t128x128k64g84s16m8_texture3d_texture2d_half,2048,4096,14336,5.2079,46.184
b580,8b,8da4w,parent,sarc_dev_linear_dq8ca_coopmat_zpg_xe2bt_t128x128k64g84s16m8_texture3d_texture2d_half,2048,4096,4096,1.4351,47.885
b580,8b,8da4w,parent,sarc_dev_linear_dq8ca_coopmat_zpg_xe2bt_t128x128k64g84s16m8_texture3d_texture2d_half,2048,1024,4096,0.2881,59.636
b580,8b,8da4w,parent,sarc_dev_linear_dq8ca_coopmat_zpg_xe2bt_t128x128k64g84s16m8_texture3d_texture2d_half,2048,1024,4096,0.2786,61.661
b580,8b,8da4w,parent,sarc_dev_linear_dq8ca_coopmat_zpg_xe2bt_t128x128k64g84s16m8_texture3d_texture2d_half,2048,4096,4096,0.9257,74.239
b580,8b,8da4w,parent,sarc_dev_linear_dq8ca_coopmat_zpg_xe2bt_t128x128k64g84s16m8_texture3d_texture2d_half,2048,14336,4096,4.0746,59.029
b580,8b,8da4w,parent,sarc_dev_linear_dq8ca_coopmat_zpg_xe2bt_t128x128k64g84s16m8_texture3d_texture2d_half,2048,14336,4096,3.5668,67.432
b580,8b,8da4w,parent,sarc_dev_linear_dq8ca_coopmat_zpg_xe2bt_t128x128k64g84s16m8_texture3d_texture2d_half,2048,4096,14336,4.0519,59.359
b580,8b,8da4w,parent,sarc_dev_linear_dq8ca_coopmat_zpg_xe2bt_t128x128k64g84s16m8_texture3d_texture2d_half,2048,4096,4096,0.9303,73.866
b580,8b,8da4w,parent,sarc_dev_linear_dq8ca_coopmat_zpg_xe2bt_t128x128k64g84s16m8_texture3d_texture2d_half,2048,1024,4096,0.289,59.443
b580,8b,8da4w,parent,sarc_dev_linear_dq8ca_coopmat_zpg_xe2bt_t128x128k64g84s16m8_texture3d_texture2d_half,2048,1024,4096,0.2843,60.421
b580,8b,8da4w,parent,sarc_dev_linear_dq8ca_coopmat_zpg_xe2bt_t128x128k64g84s16m8_texture3d_texture2d_half,2048,4096,4096,0.9181,74.849
b580,8b,8da4w,parent,sarc_dev_linear_dq8ca_coopmat_zpg_xe2bt_t128x128k64g84s16m8_texture3d_texture2d_half,2048,14336,4096,3.5602,67.557
b580,8b,8da4w,parent,sarc_dev_linear_dq8ca_coopmat_zpg_xe2bt_t128x128k64g84s16m8_texture3d_texture2d_half,2048,14336,4096,3.5533,67.688
b580,8b,8da4w,parent,sarc_dev_linear_dq8ca_coopmat_zpg_xe2bt_t128x128k64g84s16m8_texture3d_texture2d_half,2048,4096,14336,5.864,41.016
