gpu,model,scheme,build,kernel,M,N,K,ms,tflops
4070ti,1b,4w,cand,sarc_linear_q4gsw_coopmat_t256x128k16g42s32ga_texture3d_texture2d_half,2048,2048,2048,0.1504,114.235
4070ti,1b,4w,cand,sarc_linear_q4gsw_coopmat_t128x128k16g24s32ga_texture3d_texture2d_half,2048,512,2048,0.0461,93.08
4070ti,1b,4w,cand,sarc_linear_q4gsw_coopmat_t128x128k16g24s32ga_texture3d_texture2d_half,2048,512,2048,0.0461,93.08
4070ti,1b,4w,cand,sarc_linear_q4gsw_coopmat_t256x128k16g42s32ga_texture3d_texture2d_half,2048,2048,2048,0.1516,113.315
4070ti,1b,4w,cand,sarc_linear_q4gsw_coopmat_t256x128k16g42s32ga_texture3d_texture2d_half,2048,8192,2048,0.5859,117.281
4070ti,1b,4w,cand,sarc_linear_q4gsw_coopmat_t256x128k16g42s32ga_texture3d_texture2d_half,2048,8192,2048,0.594,115.69
4070ti,1b,4w,cand,sarc_linear_q4gsw_coopmat_t256x128k16g42s32ga_texture3d_texture2d_half,2048,2048,8192,0.5725,120.032
4070ti,1b,4w,cand,sarc_linear_q4gsw_coopmat_t256x128k16g42s32ga_texture3d_texture2d_half,2048,2048,2048,0.1484,115.738
4070ti,1b,4w,cand,sarc_linear_q4gsw_coopmat_t128x128k16g24s32ga_texture3d_texture2d_half,2048,512,2048,0.0459,93.575
4070ti,1b,4w,cand,sarc_linear_q4gsw_coopmat_t128x128k16g24s32ga_texture3d_texture2d_half,2048,512,2048,0.0461,93.08
4070ti,1b,4w,cand,sarc_linear_q4gsw_coopmat_t256x128k16g42s32ga_texture3d_texture2d_half,2048,2048,2048,0.1558,110.296
4070ti,1b,4w,cand,sarc_linear_q4gsw_coopmat_t256x128k16g42s32ga_texture3d_texture2d_half,2048,8192,2048,0.5857,117.33
4070ti,1b,4w,cand,sarc_linear_q4gsw_coopmat_t256x128k16g42s32ga_texture3d_texture2d_half,2048,8192,2048,0.5981,114.888
4070ti,1b,4w,cand,sarc_linear_q4gsw_coopmat_t256x128k16g42s32ga_texture3d_texture2d_half,2048,2048,8192,0.5715,120.237
4070ti,1b,4w,cand,sarc_linear_q4gsw_coopmat_t256x128k16g42s32ga_texture3d_texture2d_half,2048,2048,2048,0.1484,115.738
4070ti,1b,4w,cand,sarc_linear_q4gsw_coopmat_t128x128k16g24s32ga_texture3d_texture2d_half,2048,512,2048,0.0461,93.08
4070ti,1b,4w,cand,sarc_linear_q4gsw_coopmat_t128x128k16g24s32ga_texture3d_texture2d_half,2048,512,2048,0.0459,93.575
4070ti,1b,4w,cand,sarc_linear_q4gsw_coopmat_t256x128k16g42s32ga_texture3d_texture2d_half,2048,2048,2048,0.1558,110.296
4070ti,1b,4w,cand,sarc_linear_q4gsw_coopmat_t256x128k16g42s32ga_texture3d_texture2d_half,2048,8192,2048,0.5879,116.892
4070ti,1b,4w,cand,sarc_linear_q4gsw_coopmat_t256x128k16g42s32ga_texture3d_texture2d_half,2048,8192,2048,0.595,115.501
4070ti,1b,4w,cand,sarc_linear_q4gsw_coopmat_t256x128k16g42s32ga_texture3d_texture2d_half,2048,2048,8192,0.5735,119.828
4070ti,1b,4w,cand,sarc_linear_q4gsw_coopmat_t256x128k16g42s32ga_texture3d_texture2d_half,2048,2048,2048,0.1497,114.794
4070ti,1b,4w,cand,sarc_linear_q4gsw_coopmat_t128x128k16g24s32ga_texture3d_texture2d_half,2048,512,2048,0.0461,93.08
4070ti,1b,4w,cand,sarc_linear_q4gsw_coopmat_t128x128k16g24s32ga_texture3d_texture2d_half,2048,512,2048,0.0461,93.08
4070ti,1b,4w,cand,sarc_linear_q4gsw_coopmat_t256x128k16g42s32ga_texture3d_texture2d_half,2048,2048,2048,0.1536,111.874
4070ti,1b,4w,cand,sarc_linear_q4gsw_coopmat_t256x128k16g42s32ga_texture3d_texture2d_half,2048,8192,2048,0.5879,116.892
4070ti,1b,4w,cand,sarc_linear_q4gsw_coopmat_t256x128k16g42s32ga_texture3d_texture2d_half,2048,8192,2048,0.595,115.501
4070ti,1b,4w,cand,sarc_linear_q4gsw_coopmat_t256x128k16g42s32ga_texture3d_texture2d_half,2048,2048,8192,0.5713,120.288
4070ti,1b,4w,cand,sarc_linear_q4gsw_coopmat_t256x128k16g42s32ga_texture3d_texture2d_half,2048,2048,2048,0.1484,115.738
4070ti,1b,4w,cand,sarc_linear_q4gsw_coopmat_t128x128k16g24s32ga_texture3d_texture2d_half,2048,512,2048,0.0461,93.08
4070ti,1b,4w,cand,sarc_linear_q4gsw_coopmat_t128x128k16g24s32ga_texture3d_texture2d_half,2048,512,2048,0.0459,93.575
4070ti,1b,4w,cand,sarc_linear_q4gsw_coopmat_t256x128k16g42s32ga_texture3d_texture2d_half,2048,2048,2048,0.1506,114.05
4070ti,1b,4w,cand,sarc_linear_q4gsw_coopmat_t256x128k16g42s32ga_texture3d_texture2d_half,2048,8192,2048,0.5857,117.33
4070ti,1b,4w,cand,sarc_linear_q4gsw_coopmat_t256x128k16g42s32ga_texture3d_texture2d_half,2048,8192,2048,0.5962,115.264
4070ti,1b,4w,cand,sarc_linear_q4gsw_coopmat_t256x128k16g42s32ga_texture3d_texture2d_half,2048,2048,8192,0.5713,120.288
4070ti,1b,4w,cand,sarc_linear_q4gsw_coopmat_t256x128k16g42s32ga_texture3d_texture2d_half,2048,2048,2048,0.1484,115.738
4070ti,1b,4w,cand,sarc_linear_q4gsw_coopmat_t128x128k16g24s32ga_texture3d_texture2d_half,2048,512,2048,0.0471,91.151
4070ti,1b,4w,cand,sarc_linear_q4gsw_coopmat_t128x128k16g24s32ga_texture3d_texture2d_half,2048,512,2048,0.0461,93.08
4070ti,1b,4w,cand,sarc_linear_q4gsw_coopmat_t256x128k16g42s32ga_texture3d_texture2d_half,2048,2048,2048,0.1516,113.315
4070ti,1b,4w,cand,sarc_linear_q4gsw_coopmat_t256x128k16g42s32ga_texture3d_texture2d_half,2048,8192,2048,0.5879,116.892
4070ti,1b,4w,cand,sarc_linear_q4gsw_coopmat_t256x128k16g42s32ga_texture3d_texture2d_half,2048,8192,2048,0.595,115.501
4070ti,1b,4w,cand,sarc_linear_q4gsw_coopmat_t256x128k16g42s32ga_texture3d_texture2d_half,2048,2048,8192,0.5725,120.032
4070ti,1b,4w,cand,sarc_linear_q4gsw_coopmat_t256x128k16g42s32ga_texture3d_texture2d_half,2048,2048,2048,0.1487,115.548
4070ti,1b,4w,cand,sarc_linear_q4gsw_coopmat_t128x128k16g24s32ga_texture3d_texture2d_half,2048,512,2048,0.0461,93.08
4070ti,1b,4w,cand,sarc_linear_q4gsw_coopmat_t128x128k16g24s32ga_texture3d_texture2d_half,2048,512,2048,0.0461,93.08
4070ti,1b,4w,cand,sarc_linear_q4gsw_coopmat_t256x128k16g42s32ga_texture3d_texture2d_half,2048,2048,2048,0.1516,113.315
4070ti,1b,4w,cand,sarc_linear_q4gsw_coopmat_t256x128k16g42s32ga_texture3d_texture2d_half,2048,8192,2048,0.5825,117.969
4070ti,1b,4w,cand,sarc_linear_q4gsw_coopmat_t256x128k16g42s32ga_texture3d_texture2d_half,2048,8192,2048,0.593,115.881
4070ti,1b,4w,cand,sarc_linear_q4gsw_coopmat_t256x128k16g42s32ga_texture3d_texture2d_half,2048,2048,8192,0.5693,120.701
4070ti,1b,4w,cand,sarc_linear_q4gsw_coopmat_t256x128k16g42s32ga_texture3d_texture2d_half,2048,2048,2048,0.1475,116.505
4070ti,1b,4w,cand,sarc_linear_q4gsw_coopmat_t128x128k16g24s32ga_texture3d_texture2d_half,2048,512,2048,0.0459,93.575
4070ti,1b,4w,cand,sarc_linear_q4gsw_coopmat_t128x128k16g24s32ga_texture3d_texture2d_half,2048,512,2048,0.0459,93.575
4070ti,1b,4w,cand,sarc_linear_q4gsw_coopmat_t256x128k16g42s32ga_texture3d_texture2d_half,2048,2048,2048,0.1526,112.59
4070ti,1b,4w,cand,sarc_linear_q4gsw_coopmat_t256x128k16g42s32ga_texture3d_texture2d_half,2048,8192,2048,0.5835,117.772
4070ti,1b,4w,cand,sarc_linear_q4gsw_coopmat_t256x128k16g42s32ga_texture3d_texture2d_half,2048,8192,2048,0.5908,116.312
4070ti,1b,4w,cand,sarc_linear_q4gsw_coopmat_t256x128k16g42s32ga_texture3d_texture2d_half,2048,2048,8192,0.5684,120.908
4070ti,1b,4w,cand,sarc_linear_q4gsw_coopmat_t256x128k16g42s32ga_texture3d_texture2d_half,2048,2048,2048,0.1484,115.738
4070ti,1b,4w,cand,sarc_linear_q4gsw_coopmat_t128x128k16g24s32ga_texture3d_texture2d_half,2048,512,2048,0.0459,93.575
4070ti,1b,4w,cand,sarc_linear_q4gsw_coopmat_t128x128k16g24s32ga_texture3d_texture2d_half,2048,512,2048,0.0461,93.08
4070ti,1b,4w,cand,sarc_linear_q4gsw_coopmat_t256x128k16g42s32ga_texture3d_texture2d_half,2048,2048,2048,0.1516,113.315
4070ti,1b,4w,cand,sarc_linear_q4gsw_coopmat_t256x128k16g42s32ga_texture3d_texture2d_half,2048,8192,2048,0.5828,117.92
4070ti,1b,4w,cand,sarc_linear_q4gsw_coopmat_t256x128k16g42s32ga_texture3d_texture2d_half,2048,8192,2048,0.593,115.881
4070ti,1b,4w,cand,sarc_linear_q4gsw_coopmat_t256x128k16g42s32ga_texture3d_texture2d_half,2048,2048,8192,0.5693,120.701
4070ti,1b,4w,cand,sarc_linear_q4gsw_coopmat_t256x128k16g42s32ga_texture3d_texture2d_half,2048,2048,2048,0.1475,116.505
4070ti,1b,4w,cand,sarc_linear_q4gsw_coopmat_t128x128k16g24s32ga_texture3d_texture2d_half,2048,512,2048,0.0461,93.08
4070ti,1b,4w,cand,sarc_linear_q4gsw_coopmat_t128x128k16g24s32ga_texture3d_texture2d_half,2048,512,2048,0.0461,93.08
4070ti,1b,4w,cand,sarc_linear_q4gsw_coopmat_t256x128k16g42s32ga_texture3d_texture2d_half,2048,2048,2048,0.1526,112.59
4070ti,1b,4w,cand,sarc_linear_q4gsw_coopmat_t256x128k16g42s32ga_texture3d_texture2d_half,2048,8192,2048,0.5828,117.92
4070ti,1b,4w,cand,sarc_linear_q4gsw_coopmat_t256x128k16g42s32ga_texture3d_texture2d_half,2048,8192,2048,0.5918,116.12
4070ti,1b,4w,cand,sarc_linear_q4gsw_coopmat_t256x128k16g42s32ga_texture3d_texture2d_half,2048,2048,8192,0.5693,120.701
4070ti,1b,4w,cand,sarc_linear_q4gsw_coopmat_t256x128k16g42s32ga_texture3d_texture2d_half,2048,2048,2048,0.1475,116.505
4070ti,1b,4w,cand,sarc_linear_q4gsw_coopmat_t128x128k16g24s32ga_texture3d_texture2d_half,2048,512,2048,0.0461,93.08
4070ti,1b,4w,cand,sarc_linear_q4gsw_coopmat_t128x128k16g24s32ga_texture3d_texture2d_half,2048,512,2048,0.0461,93.08
4070ti,1b,4w,cand,sarc_linear_q4gsw_coopmat_t256x128k16g42s32ga_texture3d_texture2d_half,2048,2048,2048,0.1514,113.498
4070ti,1b,4w,cand,sarc_linear_q4gsw_coopmat_t256x128k16g42s32ga_texture3d_texture2d_half,2048,8192,2048,0.5825,117.969
4070ti,1b,4w,cand,sarc_linear_q4gsw_coopmat_t256x128k16g42s32ga_texture3d_texture2d_half,2048,8192,2048,0.5908,116.312
4070ti,1b,4w,cand,sarc_linear_q4gsw_coopmat_t256x128k16g42s32ga_texture3d_texture2d_half,2048,2048,8192,0.5681,120.96
4070ti,1b,4w,cand,sarc_linear_q4gsw_coopmat_t256x128k16g42s32ga_texture3d_texture2d_half,2048,2048,2048,0.1475,116.505
4070ti,1b,4w,cand,sarc_linear_q4gsw_coopmat_t128x128k16g24s32ga_texture3d_texture2d_half,2048,512,2048,0.0452,95.093
4070ti,1b,4w,cand,sarc_linear_q4gsw_coopmat_t128x128k16g24s32ga_texture3d_texture2d_half,2048,512,2048,0.0459,93.575
4070ti,1b,4w,cand,sarc_linear_q4gsw_coopmat_t256x128k16g42s32ga_texture3d_texture2d_half,2048,2048,2048,0.1516,113.315
4070ti,1b,4w,cand,sarc_linear_q4gsw_coopmat_t256x128k16g42s32ga_texture3d_texture2d_half,2048,8192,2048,0.5828,117.92
4070ti,1b,4w,cand,sarc_linear_q4gsw_coopmat_t256x128k16g42s32ga_texture3d_texture2d_half,2048,8192,2048,0.5898,116.505
4070ti,1b,4w,cand,sarc_linear_q4gsw_coopmat_t256x128k16g42s32ga_texture3d_texture2d_half,2048,2048,8192,0.5662,121.378
4070ti,1b,4w,cand,sarc_linear_q4gsw_coopmat_t256x128k16g42s32ga_texture3d_texture2d_half,2048,2048,2048,0.1475,116.505
4070ti,1b,4w,cand,sarc_linear_q4gsw_coopmat_t128x128k16g24s32ga_texture3d_texture2d_half,2048,512,2048,0.0461,93.08
4070ti,1b,4w,cand,sarc_linear_q4gsw_coopmat_t128x128k16g24s32ga_texture3d_texture2d_half,2048,512,2048,0.0459,93.575
4070ti,1b,4w,cand,sarc_linear_q4gsw_coopmat_t256x128k16g42s32ga_texture3d_texture2d_half,2048,2048,2048,0.1516,113.315
4070ti,1b,4w,cand,sarc_linear_q4gsw_coopmat_t256x128k16g42s32ga_texture3d_texture2d_half,2048,8192,2048,0.5828,117.92
4070ti,1b,4w,cand,sarc_linear_q4gsw_coopmat_t256x128k16g42s32ga_texture3d_texture2d_half,2048,8192,2048,0.593,115.881
4070ti,1b,4w,cand,sarc_linear_q4gsw_coopmat_t256x128k16g42s32ga_texture3d_texture2d_half,2048,2048,8192,0.5671,121.169
4070ti,1b,4w,cand,sarc_linear_q4gsw_coopmat_t256x128k16g42s32ga_texture3d_texture2d_half,2048,2048,2048,0.1487,115.548
4070ti,1b,4w,cand,sarc_linear_q4gsw_coopmat_t128x128k16g24s32ga_texture3d_texture2d_half,2048,512,2048,0.0471,91.151
4070ti,1b,4w,cand,sarc_linear_q4gsw_coopmat_t128x128k16g24s32ga_texture3d_texture2d_half,2048,512,2048,0.0459,93.575
4070ti,1b,4w,cand,sarc_linear_q4gsw_coopmat_t256x128k16g42s32ga_texture3d_texture2d_half,2048,2048,2048,0.1494,114.982
4070ti,1b,4w,cand,sarc_linear_q4gsw_coopmat_t256x128k16g42s32ga_texture3d_texture2d_half,2048,8192,2048,0.5818,118.118
4070ti,1b,4w,cand,sarc_linear_q4gsw_coopmat_t256x128k16g42s32ga_texture3d_texture2d_half,2048,8192,2048,0.5918,116.12
4070ti,1b,4w,cand,sarc_linear_q4gsw_coopmat_t256x128k16g42s32ga_texture3d_texture2d_half,2048,2048,8192,0.5671,121.169
4070ti,1b,4w,cand,sarc_linear_q4gsw_coopmat_t256x128k16g42s32ga_texture3d_texture2d_half,2048,2048,2048,0.1484,115.738
4070ti,1b,4w,cand,sarc_linear_q4gsw_coopmat_t128x128k16g24s32ga_texture3d_texture2d_half,2048,512,2048,0.0471,91.151
4070ti,1b,4w,cand,sarc_linear_q4gsw_coopmat_t128x128k16g24s32ga_texture3d_texture2d_half,2048,512,2048,0.0452,95.093
4070ti,1b,4w,cand,sarc_linear_q4gsw_coopmat_t256x128k16g42s32ga_texture3d_texture2d_half,2048,2048,2048,0.1506,114.05
4070ti,1b,4w,cand,sarc_linear_q4gsw_coopmat_t256x128k16g42s32ga_texture3d_texture2d_half,2048,8192,2048,0.5857,117.33
4070ti,1b,4w,cand,sarc_linear_q4gsw_coopmat_t256x128k16g42s32ga_texture3d_texture2d_half,2048,8192,2048,0.5918,116.12
4070ti,1b,4w,cand,sarc_linear_q4gsw_coopmat_t256x128k16g42s32ga_texture3d_texture2d_half,2048,2048,8192,0.5674,121.117
4070ti,1b,4w,cand,sarc_linear_q4gsw_coopmat_t256x128k16g42s32ga_texture3d_texture2d_half,2048,2048,2048,0.1475,116.505
4070ti,1b,4w,cand,sarc_linear_q4gsw_coopmat_t128x128k16g24s32ga_texture3d_texture2d_half,2048,512,2048,0.0471,91.151
4070ti,1b,4w,cand,sarc_linear_q4gsw_coopmat_t128x128k16g24s32ga_texture3d_texture2d_half,2048,512,2048,0.0459,93.575
4070ti,1b,4w,cand,sarc_linear_q4gsw_coopmat_t256x128k16g42s32ga_texture3d_texture2d_half,2048,2048,2048,0.1504,114.235
4070ti,1b,4w,cand,sarc_linear_q4gsw_coopmat_t256x128k16g42s32ga_texture3d_texture2d_half,2048,8192,2048,0.5825,117.969
4070ti,1b,4w,cand,sarc_linear_q4gsw_coopmat_t256x128k16g42s32ga_texture3d_texture2d_half,2048,8192,2048,0.5918,116.12
4070ti,1b,4w,cand,sarc_linear_q4gsw_coopmat_t256x128k16g42s32ga_texture3d_texture2d_half,2048,2048,8192,0.5681,120.96
4070ti,1b,4w,parent,sarc_linear_q4gsw_coopmat_t256x128k16g42s32ga_texture3d_texture2d_half,2048,2048,2048,0.1494,114.982
4070ti,1b,4w,parent,sarc_linear_q4gsw_coopmat_t128x128k16g24s32ga_texture3d_texture2d_half,2048,512,2048,0.0461,93.08
4070ti,1b,4w,parent,sarc_linear_q4gsw_coopmat_t128x128k16g24s32ga_texture3d_texture2d_half,2048,512,2048,0.0461,93.08
4070ti,1b,4w,parent,sarc_linear_q4gsw_coopmat_t256x128k16g42s32ga_texture3d_texture2d_half,2048,2048,2048,0.1526,112.59
4070ti,1b,4w,parent,sarc_linear_q4gsw_coopmat_t256x128k16g42s32ga_texture3d_texture2d_half,2048,8192,2048,0.5828,117.92
4070ti,1b,4w,parent,sarc_linear_q4gsw_coopmat_t256x128k16g42s32ga_texture3d_texture2d_half,2048,8192,2048,0.5928,115.929
4070ti,1b,4w,parent,sarc_linear_q4gsw_coopmat_t256x128k16g42s32ga_texture3d_texture2d_half,2048,2048,8192,0.5693,120.701
4070ti,1b,4w,parent,sarc_linear_q4gsw_coopmat_t256x128k16g42s32ga_texture3d_texture2d_half,2048,2048,2048,0.1475,116.505
4070ti,1b,4w,parent,sarc_linear_q4gsw_coopmat_t128x128k16g24s32ga_texture3d_texture2d_half,2048,512,2048,0.0461,93.08
4070ti,1b,4w,parent,sarc_linear_q4gsw_coopmat_t128x128k16g24s32ga_texture3d_texture2d_half,2048,512,2048,0.0449,95.61
4070ti,1b,4w,parent,sarc_linear_q4gsw_coopmat_t256x128k16g42s32ga_texture3d_texture2d_half,2048,2048,2048,0.1526,112.59
4070ti,1b,4w,parent,sarc_linear_q4gsw_coopmat_t256x128k16g42s32ga_texture3d_texture2d_half,2048,8192,2048,0.5908,116.312
4070ti,1b,4w,parent,sarc_linear_q4gsw_coopmat_t256x128k16g42s32ga_texture3d_texture2d_half,2048,8192,2048,0.5928,115.929
4070ti,1b,4w,parent,sarc_linear_q4gsw_coopmat_t256x128k16g42s32ga_texture3d_texture2d_half,2048,2048,8192,0.5715,120.237
4070ti,1b,4w,parent,sarc_linear_q4gsw_coopmat_t256x128k16g42s32ga_texture3d_texture2d_half,2048,2048,2048,0.1487,115.548
4070ti,1b,4w,parent,sarc_linear_q4gsw_coopmat_t128x128k16g24s32ga_texture3d_texture2d_half,2048,512,2048,0.0471,91.151
4070ti,1b,4w,parent,sarc_linear_q4gsw_coopmat_t128x128k16g24s32ga_texture3d_texture2d_half,2048,512,2048,0.0459,93.575
4070ti,1b,4w,parent,sarc_linear_q4gsw_coopmat_t256x128k16g42s32ga_texture3d_texture2d_half,2048,2048,2048,0.1526,112.59
4070ti,1b,4w,parent,sarc_linear_q4gsw_coopmat_t256x128k16g42s32ga_texture3d_texture2d_half,2048,8192,2048,0.5869,117.086
4070ti,1b,4w,parent,sarc_linear_q4gsw_coopmat_t256x128k16g42s32ga_texture3d_texture2d_half,2048,8192,2048,0.5938,115.738
4070ti,1b,4w,parent,sarc_linear_q4gsw_coopmat_t256x128k16g42s32ga_texture3d_texture2d_half,2048,2048,8192,0.5725,120.032
4070ti,1b,4w,parent,sarc_linear_q4gsw_coopmat_t256x128k16g42s32ga_texture3d_texture2d_half,2048,2048,2048,0.1484,115.738
4070ti,1b,4w,parent,sarc_linear_q4gsw_coopmat_t128x128k16g24s32ga_texture3d_texture2d_half,2048,512,2048,0.0459,93.575
4070ti,1b,4w,parent,sarc_linear_q4gsw_coopmat_t128x128k16g24s32ga_texture3d_texture2d_half,2048,512,2048,0.0461,93.08
4070ti,1b,4w,parent,sarc_linear_q4gsw_coopmat_t256x128k16g42s32ga_texture3d_texture2d_half,2048,2048,2048,0.1516,113.315
4070ti,1b,4w,parent,sarc_linear_q4gsw_coopmat_t256x128k16g42s32ga_texture3d_texture2d_half,2048,8192,2048,0.5876,116.94
4070ti,1b,4w,parent,sarc_linear_q4gsw_coopmat_t256x128k16g42s32ga_texture3d_texture2d_half,2048,8192,2048,0.5959,115.311
4070ti,1b,4w,parent,sarc_linear_q4gsw_coopmat_t256x128k16g42s32ga_texture3d_texture2d_half,2048,2048,8192,0.5725,120.032
4070ti,1b,4w,parent,sarc_linear_q4gsw_coopmat_t256x128k16g42s32ga_texture3d_texture2d_half,2048,2048,2048,0.1487,115.548
4070ti,1b,4w,parent,sarc_linear_q4gsw_coopmat_t128x128k16g24s32ga_texture3d_texture2d_half,2048,512,2048,0.0461,93.08
4070ti,1b,4w,parent,sarc_linear_q4gsw_coopmat_t128x128k16g24s32ga_texture3d_texture2d_half,2048,512,2048,0.0449,95.61
4070ti,1b,4w,parent,sarc_linear_q4gsw_coopmat_t256x128k16g42s32ga_texture3d_texture2d_half,2048,2048,2048,0.1523,112.77
4070ti,1b,4w,parent,sarc_linear_q4gsw_coopmat_t256x128k16g42s32ga_texture3d_texture2d_half,2048,8192,2048,0.5879,116.892
4070ti,1b,4w,parent,sarc_linear_q4gsw_coopmat_t256x128k16g42s32ga_texture3d_texture2d_half,2048,8192,2048,0.5959,115.311
4070ti,1b,4w,parent,sarc_linear_q4gsw_coopmat_t256x128k16g42s32ga_texture3d_texture2d_half,2048,2048,8192,0.5713,120.288
4070ti,1b,4w,parent,sarc_linear_q4gsw_coopmat_t256x128k16g42s32ga_texture3d_texture2d_half,2048,2048,2048,0.1494,114.982
4070ti,1b,4w,parent,sarc_linear_q4gsw_coopmat_t128x128k16g24s32ga_texture3d_texture2d_half,2048,512,2048,0.0471,91.151
4070ti,1b,4w,parent,sarc_linear_q4gsw_coopmat_t128x128k16g24s32ga_texture3d_texture2d_half,2048,512,2048,0.0461,93.08
4070ti,1b,4w,parent,sarc_linear_q4gsw_coopmat_t256x128k16g42s32ga_texture3d_texture2d_half,2048,2048,2048,0.1548,110.992
4070ti,1b,4w,parent,sarc_linear_q4gsw_coopmat_t256x128k16g42s32ga_texture3d_texture2d_half,2048,8192,2048,0.593,115.881
4070ti,1b,4w,parent,sarc_linear_q4gsw_coopmat_t256x128k16g42s32ga_texture3d_texture2d_half,2048,8192,2048,0.594,115.69
4070ti,1b,4w,parent,sarc_linear_q4gsw_coopmat_t256x128k16g42s32ga_texture3d_texture2d_half,2048,2048,8192,0.5725,120.032
4070ti,1b,4w,parent,sarc_linear_q4gsw_coopmat_t256x128k16g42s32ga_texture3d_texture2d_half,2048,2048,2048,0.1497,114.794
4070ti,1b,4w,parent,sarc_linear_q4gsw_coopmat_t128x128k16g24s32ga_texture3d_texture2d_half,2048,512,2048,0.0459,93.575
4070ti,1b,4w,parent,sarc_linear_q4gsw_coopmat_t128x128k16g24s32ga_texture3d_texture2d_half,2048,512,2048,0.0459,93.575
4070ti,1b,4w,parent,sarc_linear_q4gsw_coopmat_t256x128k16g42s32ga_texture3d_texture2d_half,2048,2048,2048,0.1516,113.315
4070ti,1b,4w,parent,sarc_linear_q4gsw_coopmat_t256x128k16g42s32ga_texture3d_texture2d_half,2048,8192,2048,0.5867,117.135
4070ti,1b,4w,parent,sarc_linear_q4gsw_coopmat_t256x128k16g42s32ga_texture3d_texture2d_half,2048,8192,2048,0.5947,115.548
4070ti,1b,4w,parent,sarc_linear_q4gsw_coopmat_t256x128k16g42s32ga_texture3d_texture2d_half,2048,2048,8192,0.5715,120.237
4070ti,1b,4w,parent,sarc_linear_q4gsw_coopmat_t256x128k16g42s32ga_texture3d_texture2d_half,2048,2048,2048,0.1494,114.982
4070ti,1b,4w,parent,sarc_linear_q4gsw_coopmat_t128x128k16g24s32ga_texture3d_texture2d_half,2048,512,2048,0.0471,91.151
4070ti,1b,4w,parent,sarc_linear_q4gsw_coopmat_t128x128k16g24s32ga_texture3d_texture2d_half,2048,512,2048,0.0461,93.08
4070ti,1b,4w,parent,sarc_linear_q4gsw_coopmat_t256x128k16g42s32ga_texture3d_texture2d_half,2048,2048,2048,0.1516,113.315
4070ti,1b,4w,parent,sarc_linear_q4gsw_coopmat_t256x128k16g42s32ga_texture3d_texture2d_half,2048,8192,2048,0.5859,117.281
4070ti,1b,4w,parent,sarc_linear_q4gsw_coopmat_t256x128k16g42s32ga_texture3d_texture2d_half,2048,8192,2048,0.5918,116.12
4070ti,1b,4w,parent,sarc_linear_q4gsw_coopmat_t256x128k16g42s32ga_texture3d_texture2d_half,2048,2048,8192,0.5693,120.701
4070ti,1b,4w,parent,sarc_linear_q4gsw_coopmat_t256x128k16g42s32ga_texture3d_texture2d_half,2048,2048,2048,0.1475,116.505
4070ti,1b,4w,parent,sarc_linear_q4gsw_coopmat_t128x128k16g24s32ga_texture3d_texture2d_half,2048,512,2048,0.0461,93.08
4070ti,1b,4w,parent,sarc_linear_q4gsw_coopmat_t128x128k16g24s32ga_texture3d_texture2d_half,2048,512,2048,0.0461,93.08
4070ti,1b,4w,parent,sarc_linear_q4gsw_coopmat_t256x128k16g42s32ga_texture3d_texture2d_half,2048,2048,2048,0.1506,114.05
4070ti,1b,4w,parent,sarc_linear_q4gsw_coopmat_t256x128k16g42s32ga_texture3d_texture2d_half,2048,8192,2048,0.5845,117.575
4070ti,1b,4w,parent,sarc_linear_q4gsw_coopmat_t256x128k16g42s32ga_texture3d_texture2d_half,2048,8192,2048,0.592,116.072
4070ti,1b,4w,parent,sarc_linear_q4gsw_coopmat_t256x128k16g42s32ga_texture3d_texture2d_half,2048,2048,8192,0.5671,121.169
4070ti,1b,4w,parent,sarc_linear_q4gsw_coopmat_t256x128k16g42s32ga_texture3d_texture2d_half,2048,2048,2048,0.1475,116.505
4070ti,1b,4w,parent,sarc_linear_q4gsw_coopmat_t128x128k16g24s32ga_texture3d_texture2d_half,2048,512,2048,0.0471,91.151
4070ti,1b,4w,parent,sarc_linear_q4gsw_coopmat_t128x128k16g24s32ga_texture3d_texture2d_half,2048,512,2048,0.0461,93.08
4070ti,1b,4w,parent,sarc_linear_q4gsw_coopmat_t256x128k16g42s32ga_texture3d_texture2d_half,2048,2048,2048,0.1526,112.59
4070ti,1b,4w,parent,sarc_linear_q4gsw_coopmat_t256x128k16g42s32ga_texture3d_texture2d_half,2048,8192,2048,0.5908,116.312
4070ti,1b,4w,parent,sarc_linear_q4gsw_coopmat_t256x128k16g42s32ga_texture3d_texture2d_half,2048,8192,2048,0.5908,116.312
4070ti,1b,4w,parent,sarc_linear_q4gsw_coopmat_t256x128k16g42s32ga_texture3d_texture2d_half,2048,2048,8192,0.5671,121.169
4070ti,1b,4w,parent,sarc_linear_q4gsw_coopmat_t256x128k16g42s32ga_texture3d_texture2d_half,2048,2048,2048,0.1475,116.505
4070ti,1b,4w,parent,sarc_linear_q4gsw_coopmat_t128x128k16g24s32ga_texture3d_texture2d_half,2048,512,2048,0.0461,93.08
4070ti,1b,4w,parent,sarc_linear_q4gsw_coopmat_t128x128k16g24s32ga_texture3d_texture2d_half,2048,512,2048,0.0459,93.575
4070ti,1b,4w,parent,sarc_linear_q4gsw_coopmat_t256x128k16g42s32ga_texture3d_texture2d_half,2048,2048,2048,0.1516,113.315
4070ti,1b,4w,parent,sarc_linear_q4gsw_coopmat_t256x128k16g42s32ga_texture3d_texture2d_half,2048,8192,2048,0.5825,117.969
4070ti,1b,4w,parent,sarc_linear_q4gsw_coopmat_t256x128k16g42s32ga_texture3d_texture2d_half,2048,8192,2048,0.5918,116.12
4070ti,1b,4w,parent,sarc_linear_q4gsw_coopmat_t256x128k16g42s32ga_texture3d_texture2d_half,2048,2048,8192,0.5674,121.117
4070ti,1b,4w,parent,sarc_linear_q4gsw_coopmat_t256x128k16g42s32ga_texture3d_texture2d_half,2048,2048,2048,0.1475,116.505
4070ti,1b,4w,parent,sarc_linear_q4gsw_coopmat_t128x128k16g24s32ga_texture3d_texture2d_half,2048,512,2048,0.0461,93.08
4070ti,1b,4w,parent,sarc_linear_q4gsw_coopmat_t128x128k16g24s32ga_texture3d_texture2d_half,2048,512,2048,0.0452,95.093
4070ti,1b,4w,parent,sarc_linear_q4gsw_coopmat_t256x128k16g42s32ga_texture3d_texture2d_half,2048,2048,2048,0.1526,112.59
4070ti,1b,4w,parent,sarc_linear_q4gsw_coopmat_t256x128k16g42s32ga_texture3d_texture2d_half,2048,8192,2048,0.5847,117.526
4070ti,1b,4w,parent,sarc_linear_q4gsw_coopmat_t256x128k16g42s32ga_texture3d_texture2d_half,2048,8192,2048,0.5928,115.929
4070ti,1b,4w,parent,sarc_linear_q4gsw_coopmat_t256x128k16g42s32ga_texture3d_texture2d_half,2048,2048,8192,0.5671,121.169
4070ti,1b,4w,parent,sarc_linear_q4gsw_coopmat_t256x128k16g42s32ga_texture3d_texture2d_half,2048,2048,2048,0.1475,116.505
4070ti,1b,4w,parent,sarc_linear_q4gsw_coopmat_t128x128k16g24s32ga_texture3d_texture2d_half,2048,512,2048,0.0461,93.08
4070ti,1b,4w,parent,sarc_linear_q4gsw_coopmat_t128x128k16g24s32ga_texture3d_texture2d_half,2048,512,2048,0.0461,93.08
4070ti,1b,4w,parent,sarc_linear_q4gsw_coopmat_t256x128k16g42s32ga_texture3d_texture2d_half,2048,2048,2048,0.1526,112.59
4070ti,1b,4w,parent,sarc_linear_q4gsw_coopmat_t256x128k16g42s32ga_texture3d_texture2d_half,2048,8192,2048,0.5835,117.772
4070ti,1b,4w,parent,sarc_linear_q4gsw_coopmat_t256x128k16g42s32ga_texture3d_texture2d_half,2048,8192,2048,0.593,115.881
4070ti,1b,4w,parent,sarc_linear_q4gsw_coopmat_t256x128k16g42s32ga_texture3d_texture2d_half,2048,2048,8192,0.5684,120.908
4070ti,1b,4w,parent,sarc_linear_q4gsw_coopmat_t256x128k16g42s32ga_texture3d_texture2d_half,2048,2048,2048,0.1475,116.505
4070ti,1b,4w,parent,sarc_linear_q4gsw_coopmat_t128x128k16g24s32ga_texture3d_texture2d_half,2048,512,2048,0.0471,91.151
4070ti,1b,4w,parent,sarc_linear_q4gsw_coopmat_t128x128k16g24s32ga_texture3d_texture2d_half,2048,512,2048,0.0471,91.151
4070ti,1b,4w,parent,sarc_linear_q4gsw_coopmat_t256x128k16g42s32ga_texture3d_texture2d_half,2048,2048,2048,0.1526,112.59
4070ti,1b,4w,parent,sarc_linear_q4gsw_coopmat_t256x128k16g42s32ga_texture3d_texture2d_half,2048,8192,2048,0.5908,116.312
4070ti,1b,4w,parent,sarc_linear_q4gsw_coopmat_t256x128k16g42s32ga_texture3d_texture2d_half,2048,8192,2048,0.593,115.881
4070ti,1b,4w,parent,sarc_linear_q4gsw_coopmat_t256x128k16g42s32ga_texture3d_texture2d_half,2048,2048,8192,0.5693,120.701
4070ti,1b,4w,parent,sarc_linear_q4gsw_coopmat_t256x128k16g42s32ga_texture3d_texture2d_half,2048,2048,2048,0.1484,115.738
4070ti,1b,4w,parent,sarc_linear_q4gsw_coopmat_t128x128k16g24s32ga_texture3d_texture2d_half,2048,512,2048,0.0461,93.08
4070ti,1b,4w,parent,sarc_linear_q4gsw_coopmat_t128x128k16g24s32ga_texture3d_texture2d_half,2048,512,2048,0.0461,93.08
4070ti,1b,4w,parent,sarc_linear_q4gsw_coopmat_t256x128k16g42s32ga_texture3d_texture2d_half,2048,2048,2048,0.1514,113.498
4070ti,1b,4w,parent,sarc_linear_q4gsw_coopmat_t256x128k16g42s32ga_texture3d_texture2d_half,2048,8192,2048,0.5847,117.526
4070ti,1b,4w,parent,sarc_linear_q4gsw_coopmat_t256x128k16g42s32ga_texture3d_texture2d_half,2048,8192,2048,0.5928,115.929
4070ti,1b,4w,parent,sarc_linear_q4gsw_coopmat_t256x128k16g42s32ga_texture3d_texture2d_half,2048,2048,8192,0.5684,120.908
4070ti,1b,4w,parent,sarc_linear_q4gsw_coopmat_t256x128k16g42s32ga_texture3d_texture2d_half,2048,2048,2048,0.1475,116.505
4070ti,1b,4w,parent,sarc_linear_q4gsw_coopmat_t128x128k16g24s32ga_texture3d_texture2d_half,2048,512,2048,0.0459,93.575
4070ti,1b,4w,parent,sarc_linear_q4gsw_coopmat_t128x128k16g24s32ga_texture3d_texture2d_half,2048,512,2048,0.0461,93.08
4070ti,1b,4w,parent,sarc_linear_q4gsw_coopmat_t256x128k16g42s32ga_texture3d_texture2d_half,2048,2048,2048,0.1516,113.315
4070ti,1b,4w,parent,sarc_linear_q4gsw_coopmat_t256x128k16g42s32ga_texture3d_texture2d_half,2048,8192,2048,0.5847,117.526
4070ti,1b,4w,parent,sarc_linear_q4gsw_coopmat_t256x128k16g42s32ga_texture3d_texture2d_half,2048,8192,2048,0.5908,116.312
4070ti,1b,4w,parent,sarc_linear_q4gsw_coopmat_t256x128k16g42s32ga_texture3d_texture2d_half,2048,2048,8192,0.5684,120.908
4070ti,1b,8da4w,cand,sarc_linear_dq8ca_coopmat_zpgtr_t128x128k64g44s32mk32ra_texture3d_texture2d_half,2048,2048,2048,0.1218,141.02
4070ti,1b,8da4w,cand,sarc_linear_dq8ca_coopmat_zpgtr_t128x128k64g44s32mk32ra_texture3d_texture2d_half,2048,512,2048,0.0317,135.325
4070ti,1b,8da4w,cand,sarc_linear_dq8ca_coopmat_zpgtr_t128x128k64g44s32mk32ra_texture3d_texture2d_half,2048,512,2048,0.0317,135.325
4070ti,1b,8da4w,cand,sarc_linear_dq8ca_coopmat_zpgtr_t128x128k64g44s32mk32ra_texture3d_texture2d_half,2048,2048,2048,0.1228,139.898
4070ti,1b,8da4w,cand,sarc_linear_dq8ca_coopmat_zpgtr_t128x128k64g44s32mk32ra_texture3d_texture2d_half,2048,8192,2048,0.4822,142.519
4070ti,1b,8da4w,cand,sarc_linear_dq8ca_coopmat_zpgtr_t128x128k64g44s32mk32ra_texture3d_texture2d_half,2048,8192,2048,0.4812,142.808
4070ti,1b,8da4w,cand,sarc_linear_dq8ca_coopmat_zpgtr_t128x128k64g44s32mk32ra_texture3d_texture2d_half,2048,2048,8192,0.4536,151.494
4070ti,1b,8da4w,cand,sarc_linear_dq8ca_coopmat_zpgtr_t128x128k64g44s32mk32ra_texture3d_texture2d_half,2048,2048,2048,0.123,139.621
4070ti,1b,8da4w,cand,sarc_linear_dq8ca_coopmat_zpgtr_t128x128k64g44s32mk32ra_texture3d_texture2d_half,2048,512,2048,0.0317,135.325
4070ti,1b,8da4w,cand,sarc_linear_dq8ca_coopmat_zpgtr_t128x128k64g44s32mk32ra_texture3d_texture2d_half,2048,512,2048,0.0317,135.325
4070ti,1b,8da4w,cand,sarc_linear_dq8ca_coopmat_zpgtr_t128x128k64g44s32mk32ra_texture3d_texture2d_half,2048,2048,2048,0.1218,141.02
4070ti,1b,8da4w,cand,sarc_linear_dq8ca_coopmat_zpgtr_t128x128k64g44s32mk32ra_texture3d_texture2d_half,2048,8192,2048,0.4812,142.808
4070ti,1b,8da4w,cand,sarc_linear_dq8ca_coopmat_zpgtr_t128x128k64g44s32mk32ra_texture3d_texture2d_half,2048,8192,2048,0.4854,141.587
4070ti,1b,8da4w,cand,sarc_linear_dq8ca_coopmat_zpgtr_t128x128k64g44s32mk32ra_texture3d_texture2d_half,2048,2048,8192,0.4536,151.494
4070ti,1b,8da4w,cand,sarc_linear_dq8ca_coopmat_zpgtr_t128x128k64g44s32mk32ra_texture3d_texture2d_half,2048,2048,2048,0.1228,139.898
4070ti,1b,8da4w,cand,sarc_linear_dq8ca_coopmat_zpgtr_t128x128k64g44s32mk32ra_texture3d_texture2d_half,2048,512,2048,0.0327,131.285
4070ti,1b,8da4w,cand,sarc_linear_dq8ca_coopmat_zpgtr_t128x128k64g44s32mk32ra_texture3d_texture2d_half,2048,512,2048,0.0317,135.325
4070ti,1b,8da4w,cand,sarc_linear_dq8ca_coopmat_zpgtr_t128x128k64g44s32mk32ra_texture3d_texture2d_half,2048,2048,2048,0.123,139.621
4070ti,1b,8da4w,cand,sarc_linear_dq8ca_coopmat_zpgtr_t128x128k64g44s32mk32ra_texture3d_texture2d_half,2048,8192,2048,0.4805,143.026
4070ti,1b,8da4w,cand,sarc_linear_dq8ca_coopmat_zpgtr_t128x128k64g44s32mk32ra_texture3d_texture2d_half,2048,8192,2048,0.4814,142.736
4070ti,1b,8da4w,cand,sarc_linear_dq8ca_coopmat_zpgtr_t128x128k64g44s32mk32ra_texture3d_texture2d_half,2048,2048,8192,0.4556,150.844
4070ti,1b,8da4w,cand,sarc_linear_dq8ca_coopmat_zpgtr_t128x128k64g44s32mk32ra_texture3d_texture2d_half,2048,2048,2048,0.1208,142.159
4070ti,1b,8da4w,cand,sarc_linear_dq8ca_coopmat_zpgtr_t128x128k64g44s32mk32ra_texture3d_texture2d_half,2048,512,2048,0.0317,135.325
4070ti,1b,8da4w,cand,sarc_linear_dq8ca_coopmat_zpgtr_t128x128k64g44s32mk32ra_texture3d_texture2d_half,2048,512,2048,0.0317,135.325
4070ti,1b,8da4w,cand,sarc_linear_dq8ca_coopmat_zpgtr_t128x128k64g44s32mk32ra_texture3d_texture2d_half,2048,2048,2048,0.1228,139.898
4070ti,1b,8da4w,cand,sarc_linear_dq8ca_coopmat_zpgtr_t128x128k64g44s32mk32ra_texture3d_texture2d_half,2048,8192,2048,0.4812,142.808
4070ti,1b,8da4w,cand,sarc_linear_dq8ca_coopmat_zpgtr_t128x128k64g44s32mk32ra_texture3d_texture2d_half,2048,8192,2048,0.4834,142.159
4070ti,1b,8da4w,cand,sarc_linear_dq8ca_coopmat_zpgtr_t128x128k64g44s32mk32ra_texture3d_texture2d_half,2048,2048,8192,0.5745,119.624
4070ti,1b,8da4w,cand,sarc_linear_dq8ca_coopmat_zpgtr_t128x128k64g44s32mk32ra_texture3d_texture2d_half,2048,2048,2048,0.1208,142.159
4070ti,1b,8da4w,cand,sarc_linear_dq8ca_coopmat_zpgtr_t128x128k64g44s32mk32ra_texture3d_texture2d_half,2048,512,2048,0.0317,135.325
4070ti,1b,8da4w,cand,sarc_linear_dq8ca_coopmat_zpgtr_t128x128k64g44s32mk32ra_texture3d_texture2d_half,2048,512,2048,0.0317,135.325
4070ti,1b,8da4w,cand,sarc_linear_dq8ca_coopmat_zpgtr_t128x128k64g44s32mk32ra_texture3d_texture2d_half,2048,2048,2048,0.1218,141.02
4070ti,1b,8da4w,cand,sarc_linear_dq8ca_coopmat_zpgtr_t128x128k64g44s32mk32ra_texture3d_texture2d_half,2048,8192,2048,0.4824,142.447
4070ti,1b,8da4w,cand,sarc_linear_dq8ca_coopmat_zpgtr_t128x128k64g44s32mk32ra_texture3d_texture2d_half,2048,8192,2048,0.4832,142.231
4070ti,1b,8da4w,cand,sarc_linear_dq8ca_coopmat_zpgtr_t128x128k64g44s32mk32ra_texture3d_texture2d_half,2048,2048,8192,0.4548,151.087
4070ti,1b,8da4w,cand,sarc_linear_dq8ca_coopmat_zpgtr_t128x128k64g44s32mk32ra_texture3d_texture2d_half,2048,2048,2048,0.1218,141.02
4070ti,1b,8da4w,cand,sarc_linear_dq8ca_coopmat_zpgtr_t128x128k64g44s32mk32ra_texture3d_texture2d_half,2048,512,2048,0.0317,135.325
4070ti,1b,8da4w,cand,sarc_linear_dq8ca_coopmat_zpgtr_t128x128k64g44s32mk32ra_texture3d_texture2d_half,2048,512,2048,0.0317,135.325
4070ti,1b,8da4w,cand,sarc_linear_dq8ca_coopmat_zpgtr_t128x128k64g44s32mk32ra_texture3d_texture2d_half,2048,2048,2048,0.1221,140.737
4070ti,1b,8da4w,cand,sarc_linear_dq8ca_coopmat_zpgtr_t128x128k64g44s32mk32ra_texture3d_texture2d_half,2048,8192,2048,0.4812,142.808
4070ti,1b,8da4w,cand,sarc_linear_dq8ca_coopmat_zpgtr_t128x128k64g44s32mk32ra_texture3d_texture2d_half,2048,8192,2048,0.4844,141.872
4070ti,1b,8da4w,cand,sarc_linear_dq8ca_coopmat_zpgtr_t128x128k64g44s32mk32ra_texture3d_texture2d_half,2048,2048,8192,0.4558,150.763
4070ti,1b,8da4w,cand,sarc_linear_dq8ca_coopmat_zpgtr_t128x128k64g44s32mk32ra_texture3d_texture2d_half,2048,2048,2048,0.1218,141.02
4070ti,1b,8da4w,cand,sarc_linear_dq8ca_coopmat_zpgtr_t128x128k64g44s32mk32ra_texture3d_texture2d_half,2048,512,2048,0.0317,135.325
4070ti,1b,8da4w,cand,sarc_linear_dq8ca_coopmat_zpgtr_t128x128k64g44s32mk32ra_texture3d_texture2d_half,2048,512,2048,0.0317,135.325
4070ti,1b,8da4w,cand,sarc_linear_dq8ca_coopmat_zpgtr_t128x128k64g44s32mk32ra_texture3d_texture2d_half,2048,2048,2048,0.1218,141.02
4070ti,1b,8da4w,cand,sarc_linear_dq8ca_coopmat_zpgtr_t128x128k64g44s32mk32ra_texture3d_texture2d_half,2048,8192,2048,0.4822,142.519
4070ti,1b,8da4w,cand,sarc_linear_dq8ca_coopmat_zpgtr_t128x128k64g44s32mk32ra_texture3d_texture2d_half,2048,8192,2048,0.4854,141.587
4070ti,1b,8da4w,cand,sarc_linear_dq8ca_coopmat_zpgtr_t128x128k64g44s32mk32ra_texture3d_texture2d_half,2048,2048,8192,0.4565,150.521
4070ti,1b,8da4w,cand,sarc_linear_dq8ca_coopmat_zpgtr_t128x128k64g44s32mk32ra_texture3d_texture2d_half,2048,2048,2048,0.1218,141.02
4070ti,1b,8da4w,cand,sarc_linear_dq8ca_coopmat_zpgtr_t128x128k64g44s32mk32ra_texture3d_texture2d_half,2048,512,2048,0.0327,131.285
4070ti,1b,8da4w,cand,sarc_linear_dq8ca_coopmat_zpgtr_t128x128k64g44s32mk32ra_texture3d_texture2d_half,2048,512,2048,0.0317,135.325
4070ti,1b,8da4w,cand,sarc_linear_dq8ca_coopmat_zpgtr_t128x128k64g44s32mk32ra_texture3d_texture2d_half,2048,2048,2048,0.1228,139.898
4070ti,1b,8da4w,cand,sarc_linear_dq8ca_coopmat_zpgtr_t128x128k64g44s32mk32ra_texture3d_texture2d_half,2048,8192,2048,0.4814,142.736
4070ti,1b,8da4w,cand,sarc_linear_dq8ca_coopmat_zpgtr_t128x128k64g44s32mk32ra_texture3d_texture2d_half,2048,8192,2048,0.4814,142.736
4070ti,1b,8da4w,cand,sarc_linear_dq8ca_coopmat_zpgtr_t128x128k64g44s32mk32ra_texture3d_texture2d_half,2048,2048,8192,0.4565,150.521
4070ti,1b,8da4w,cand,sarc_linear_dq8ca_coopmat_zpgtr_t128x128k64g44s32mk32ra_texture3d_texture2d_half,2048,2048,2048,0.1218,141.02
4070ti,1b,8da4w,cand,sarc_linear_dq8ca_coopmat_zpgtr_t128x128k64g44s32mk32ra_texture3d_texture2d_half,2048,512,2048,0.0317,135.325
4070ti,1b,8da4w,cand,sarc_linear_dq8ca_coopmat_zpgtr_t128x128k64g44s32mk32ra_texture3d_texture2d_half,2048,512,2048,0.0327,131.285
4070ti,1b,8da4w,cand,sarc_linear_dq8ca_coopmat_zpgtr_t128x128k64g44s32mk32ra_texture3d_texture2d_half,2048,2048,2048,0.1221,140.737
4070ti,1b,8da4w,cand,sarc_linear_dq8ca_coopmat_zpgtr_t128x128k64g44s32mk32ra_texture3d_texture2d_half,2048,8192,2048,0.4812,142.808
4070ti,1b,8da4w,cand,sarc_linear_dq8ca_coopmat_zpgtr_t128x128k64g44s32mk32ra_texture3d_texture2d_half,2048,8192,2048,0.4856,141.516
4070ti,1b,8da4w,cand,sarc_linear_dq8ca_coopmat_zpgtr_t128x128k64g44s32mk32ra_texture3d_texture2d_half,2048,2048,8192,0.4556,150.844
4070ti,1b,8da4w,cand,sarc_linear_dq8ca_coopmat_zpgtr_t128x128k64g44s32mk32ra_texture3d_texture2d_half,2048,2048,2048,0.1218,141.02
4070ti,1b,8da4w,cand,sarc_linear_dq8ca_coopmat_zpgtr_t128x128k64g44s32mk32ra_texture3d_texture2d_half,2048,512,2048,0.0317,135.325
4070ti,1b,8da4w,cand,sarc_linear_dq8ca_coopmat_zpgtr_t128x128k64g44s32mk32ra_texture3d_texture2d_half,2048,512,2048,0.0317,135.325
4070ti,1b,8da4w,cand,sarc_linear_dq8ca_coopmat_zpgtr_t128x128k64g44s32mk32ra_texture3d_texture2d_half,2048,2048,2048,0.1228,139.898
4070ti,1b,8da4w,cand,sarc_linear_dq8ca_coopmat_zpgtr_t128x128k64g44s32mk32ra_texture3d_texture2d_half,2048,8192,2048,0.4822,142.519
4070ti,1b,8da4w,cand,sarc_linear_dq8ca_coopmat_zpgtr_t128x128k64g44s32mk32ra_texture3d_texture2d_half,2048,8192,2048,0.4812,142.808
4070ti,1b,8da4w,cand,sarc_linear_dq8ca_coopmat_zpgtr_t128x128k64g44s32mk32ra_texture3d_texture2d_half,2048,2048,8192,0.4546,151.168
4070ti,1b,8da4w,cand,sarc_linear_dq8ca_coopmat_zpgtr_t128x128k64g44s32mk32ra_texture3d_texture2d_half,2048,2048,2048,0.1218,141.02
4070ti,1b,8da4w,cand,sarc_linear_dq8ca_coopmat_zpgtr_t128x128k64g44s32mk32ra_texture3d_texture2d_half,2048,512,2048,0.0327,131.285
4070ti,1b,8da4w,cand,sarc_linear_dq8ca_coopmat_zpgtr_t128x128k64g44s32mk32ra_texture3d_texture2d_half,2048,512,2048,0.0317,135.325
4070ti,1b,8da4w,cand,sarc_linear_dq8ca_coopmat_zpgtr_t128x128k64g44s32mk32ra_texture3d_texture2d_half,2048,2048,2048,0.1228,139.898
4070ti,1b,8da4w,cand,sarc_linear_dq8ca_coopmat_zpgtr_t128x128k64g44s32mk32ra_texture3d_texture2d_half,2048,8192,2048,0.4812,142.808
4070ti,1b,8da4w,cand,sarc_linear_dq8ca_coopmat_zpgtr_t128x128k64g44s32mk32ra_texture3d_texture2d_half,2048,8192,2048,0.4812,142.808
4070ti,1b,8da4w,cand,sarc_linear_dq8ca_coopmat_zpgtr_t128x128k64g44s32mk32ra_texture3d_texture2d_half,2048,2048,8192,0.4556,150.844
4070ti,1b,8da4w,cand,sarc_linear_dq8ca_coopmat_zpgtr_t128x128k64g44s32mk32ra_texture3d_texture2d_half,2048,2048,2048,0.123,139.621
4070ti,1b,8da4w,cand,sarc_linear_dq8ca_coopmat_zpgtr_t128x128k64g44s32mk32ra_texture3d_texture2d_half,2048,512,2048,0.0327,131.285
4070ti,1b,8da4w,cand,sarc_linear_dq8ca_coopmat_zpgtr_t128x128k64g44s32mk32ra_texture3d_texture2d_half,2048,512,2048,0.0317,135.325
4070ti,1b,8da4w,cand,sarc_linear_dq8ca_coopmat_zpgtr_t128x128k64g44s32mk32ra_texture3d_texture2d_half,2048,2048,2048,0.1221,140.737
4070ti,1b,8da4w,cand,sarc_linear_dq8ca_coopmat_zpgtr_t128x128k64g44s32mk32ra_texture3d_texture2d_half,2048,8192,2048,0.4802,143.099
4070ti,1b,8da4w,cand,sarc_linear_dq8ca_coopmat_zpgtr_t128x128k64g44s32mk32ra_texture3d_texture2d_half,2048,8192,2048,0.4822,142.519
4070ti,1b,8da4w,cand,sarc_linear_dq8ca_coopmat_zpgtr_t128x128k64g44s32mk32ra_texture3d_texture2d_half,2048,2048,8192,0.4546,151.168
4070ti,1b,8da4w,cand,sarc_linear_dq8ca_coopmat_zpgtr_t128x128k64g44s32mk32ra_texture3d_texture2d_half,2048,2048,2048,0.1208,142.159
4070ti,1b,8da4w,cand,sarc_linear_dq8ca_coopmat_zpgtr_t128x128k64g44s32mk32ra_texture3d_texture2d_half,2048,512,2048,0.0317,135.325
4070ti,1b,8da4w,cand,sarc_linear_dq8ca_coopmat_zpgtr_t128x128k64g44s32mk32ra_texture3d_texture2d_half,2048,512,2048,0.0317,135.325
4070ti,1b,8da4w,cand,sarc_linear_dq8ca_coopmat_zpgtr_t128x128k64g44s32mk32ra_texture3d_texture2d_half,2048,2048,2048,0.1228,139.898
4070ti,1b,8da4w,cand,sarc_linear_dq8ca_coopmat_zpgtr_t128x128k64g44s32mk32ra_texture3d_texture2d_half,2048,8192,2048,0.4802,143.099
4070ti,1b,8da4w,cand,sarc_linear_dq8ca_coopmat_zpgtr_t128x128k64g44s32mk32ra_texture3d_texture2d_half,2048,8192,2048,0.4812,142.808
4070ti,1b,8da4w,cand,sarc_linear_dq8ca_coopmat_zpgtr_t128x128k64g44s32mk32ra_texture3d_texture2d_half,2048,2048,8192,0.4556,150.844
4070ti,1b,8da4w,cand,sarc_linear_dq8ca_coopmat_zpgtr_t128x128k64g44s32mk32ra_texture3d_texture2d_half,2048,2048,2048,0.1221,140.737
4070ti,1b,8da4w,cand,sarc_linear_dq8ca_coopmat_zpgtr_t128x128k64g44s32mk32ra_texture3d_texture2d_half,2048,512,2048,0.0317,135.325
4070ti,1b,8da4w,cand,sarc_linear_dq8ca_coopmat_zpgtr_t128x128k64g44s32mk32ra_texture3d_texture2d_half,2048,512,2048,0.0317,135.325
4070ti,1b,8da4w,cand,sarc_linear_dq8ca_coopmat_zpgtr_t128x128k64g44s32mk32ra_texture3d_texture2d_half,2048,2048,2048,0.1218,141.02
4070ti,1b,8da4w,cand,sarc_linear_dq8ca_coopmat_zpgtr_t128x128k64g44s32mk32ra_texture3d_texture2d_half,2048,8192,2048,0.4814,142.736
4070ti,1b,8da4w,cand,sarc_linear_dq8ca_coopmat_zpgtr_t128x128k64g44s32mk32ra_texture3d_texture2d_half,2048,8192,2048,0.4824,142.447
4070ti,1b,8da4w,cand,sarc_linear_dq8ca_coopmat_zpgtr_t128x128k64g44s32mk32ra_texture3d_texture2d_half,2048,2048,8192,0.4558,150.763
4070ti,1b,8da4w,cand,sarc_linear_dq8ca_coopmat_zpgtr_t128x128k64g44s32mk32ra_texture3d_texture2d_half,2048,2048,2048,0.1228,139.898
4070ti,1b,8da4w,cand,sarc_linear_dq8ca_coopmat_zpgtr_t128x128k64g44s32mk32ra_texture3d_texture2d_half,2048,512,2048,0.0327,131.285
4070ti,1b,8da4w,cand,sarc_linear_dq8ca_coopmat_zpgtr_t128x128k64g44s32mk32ra_texture3d_texture2d_half,2048,512,2048,0.0317,135.325
4070ti,1b,8da4w,cand,sarc_linear_dq8ca_coopmat_zpgtr_t128x128k64g44s32mk32ra_texture3d_texture2d_half,2048,2048,2048,0.1228,139.898
4070ti,1b,8da4w,cand,sarc_linear_dq8ca_coopmat_zpgtr_t128x128k64g44s32mk32ra_texture3d_texture2d_half,2048,8192,2048,0.4814,142.736
4070ti,1b,8da4w,cand,sarc_linear_dq8ca_coopmat_zpgtr_t128x128k64g44s32mk32ra_texture3d_texture2d_half,2048,8192,2048,0.4834,142.159
4070ti,1b,8da4w,cand,sarc_linear_dq8ca_coopmat_zpgtr_t128x128k64g44s32mk32ra_texture3d_texture2d_half,2048,2048,8192,0.4556,150.844
4070ti,1b,8da4w,cand,sarc_linear_dq8ca_coopmat_zpgtr_t128x128k64g44s32mk32ra_texture3d_texture2d_half,2048,2048,2048,0.1218,141.02
4070ti,1b,8da4w,cand,sarc_linear_dq8ca_coopmat_zpgtr_t128x128k64g44s32mk32ra_texture3d_texture2d_half,2048,512,2048,0.0327,131.285
4070ti,1b,8da4w,cand,sarc_linear_dq8ca_coopmat_zpgtr_t128x128k64g44s32mk32ra_texture3d_texture2d_half,2048,512,2048,0.0317,135.325
4070ti,1b,8da4w,cand,sarc_linear_dq8ca_coopmat_zpgtr_t128x128k64g44s32mk32ra_texture3d_texture2d_half,2048,2048,2048,0.1228,139.898
4070ti,1b,8da4w,cand,sarc_linear_dq8ca_coopmat_zpgtr_t128x128k64g44s32mk32ra_texture3d_texture2d_half,2048,8192,2048,0.4814,142.736
4070ti,1b,8da4w,cand,sarc_linear_dq8ca_coopmat_zpgtr_t128x128k64g44s32mk32ra_texture3d_texture2d_half,2048,8192,2048,0.4814,142.736
4070ti,1b,8da4w,cand,sarc_linear_dq8ca_coopmat_zpgtr_t128x128k64g44s32mk32ra_texture3d_texture2d_half,2048,2048,8192,0.4536,151.494
4070ti,1b,8da4w,parent,sarc_linear_dq8ca_coopmat_zpgtr_t128x128k64g44s32mk32ra_texture3d_texture2d_half,2048,2048,2048,0.1228,139.898
4070ti,1b,8da4w,parent,sarc_linear_dq8ca_coopmat_zpgtr_t128x128k64g44s32mk32ra_texture3d_texture2d_half,2048,512,2048,0.0317,135.325
4070ti,1b,8da4w,parent,sarc_linear_dq8ca_coopmat_zpgtr_t128x128k64g44s32mk32ra_texture3d_texture2d_half,2048,512,2048,0.0317,135.325
4070ti,1b,8da4w,parent,sarc_linear_dq8ca_coopmat_zpgtr_t128x128k64g44s32mk32ra_texture3d_texture2d_half,2048,2048,2048,0.1228,139.898
4070ti,1b,8da4w,parent,sarc_linear_dq8ca_coopmat_zpgtr_t128x128k64g44s32mk32ra_texture3d_texture2d_half,2048,8192,2048,0.4822,142.519
4070ti,1b,8da4w,parent,sarc_linear_dq8ca_coopmat_zpgtr_t128x128k64g44s32mk32ra_texture3d_texture2d_half,2048,8192,2048,0.4844,141.872
4070ti,1b,8da4w,parent,sarc_linear_dq8ca_coopmat_zpgtr_t128x128k64g44s32mk32ra_texture3d_texture2d_half,2048,2048,8192,0.4556,150.844
4070ti,1b,8da4w,parent,sarc_linear_dq8ca_coopmat_zpgtr_t128x128k64g44s32mk32ra_texture3d_texture2d_half,2048,2048,2048,0.1218,141.02
4070ti,1b,8da4w,parent,sarc_linear_dq8ca_coopmat_zpgtr_t128x128k64g44s32mk32ra_texture3d_texture2d_half,2048,512,2048,0.033,130.312
4070ti,1b,8da4w,parent,sarc_linear_dq8ca_coopmat_zpgtr_t128x128k64g44s32mk32ra_texture3d_texture2d_half,2048,512,2048,0.0317,135.325
4070ti,1b,8da4w,parent,sarc_linear_dq8ca_coopmat_zpgtr_t128x128k64g44s32mk32ra_texture3d_texture2d_half,2048,2048,2048,0.123,139.621
4070ti,1b,8da4w,parent,sarc_linear_dq8ca_coopmat_zpgtr_t128x128k64g44s32mk32ra_texture3d_texture2d_half,2048,8192,2048,0.4822,142.519
4070ti,1b,8da4w,parent,sarc_linear_dq8ca_coopmat_zpgtr_t128x128k64g44s32mk32ra_texture3d_texture2d_half,2048,8192,2048,0.4832,142.231
4070ti,1b,8da4w,parent,sarc_linear_dq8ca_coopmat_zpgtr_t128x128k64g44s32mk32ra_texture3d_texture2d_half,2048,2048,8192,0.4539,151.412
4070ti,1b,8da4w,parent,sarc_linear_dq8ca_coopmat_zpgtr_t128x128k64g44s32mk32ra_texture3d_texture2d_half,2048,2048,2048,0.1218,141.02
4070ti,1b,8da4w,parent,sarc_linear_dq8ca_coopmat_zpgtr_t128x128k64g44s32mk32ra_texture3d_texture2d_half,2048,512,2048,0.0317,135.325
4070ti,1b,8da4w,parent,sarc_linear_dq8ca_coopmat_zpgtr_t128x128k64g44s32mk32ra_texture3d_texture2d_half,2048,512,2048,0.0317,135.325
4070ti,1b,8da4w,parent,sarc_linear_dq8ca_coopmat_zpgtr_t128x128k64g44s32mk32ra_texture3d_texture2d_half,2048,2048,2048,0.1228,139.898
4070ti,1b,8da4w,parent,sarc_linear_dq8ca_coopmat_zpgtr_t128x128k64g44s32mk32ra_texture3d_texture2d_half,2048,8192,2048,0.4802,143.099
4070ti,1b,8da4w,parent,sarc_linear_dq8ca_coopmat_zpgtr_t128x128k64g44s32mk32ra_texture3d_texture2d_half,2048,8192,2048,0.4822,142.519
4070ti,1b,8da4w,parent,sarc_linear_dq8ca_coopmat_zpgtr_t128x128k64g44s32mk32ra_texture3d_texture2d_half,2048,2048,8192,0.4546,151.168
4070ti,1b,8da4w,parent,sarc_linear_dq8ca_coopmat_zpgtr_t128x128k64g44s32mk32ra_texture3d_texture2d_half,2048,2048,2048,0.1218,141.02
4070ti,1b,8da4w,parent,sarc_linear_dq8ca_coopmat_zpgtr_t128x128k64g44s32mk32ra_texture3d_texture2d_half,2048,512,2048,0.0317,135.325
4070ti,1b,8da4w,parent,sarc_linear_dq8ca_coopmat_zpgtr_t128x128k64g44s32mk32ra_texture3d_texture2d_half,2048,512,2048,0.0317,135.325
4070ti,1b,8da4w,parent,sarc_linear_dq8ca_coopmat_zpgtr_t128x128k64g44s32mk32ra_texture3d_texture2d_half,2048,2048,2048,0.1228,139.898
4070ti,1b,8da4w,parent,sarc_linear_dq8ca_coopmat_zpgtr_t128x128k64g44s32mk32ra_texture3d_texture2d_half,2048,8192,2048,0.4812,142.808
4070ti,1b,8da4w,parent,sarc_linear_dq8ca_coopmat_zpgtr_t128x128k64g44s32mk32ra_texture3d_texture2d_half,2048,8192,2048,0.4832,142.231
4070ti,1b,8da4w,parent,sarc_linear_dq8ca_coopmat_zpgtr_t128x128k64g44s32mk32ra_texture3d_texture2d_half,2048,2048,8192,0.4558,150.763
4070ti,1b,8da4w,parent,sarc_linear_dq8ca_coopmat_zpgtr_t128x128k64g44s32mk32ra_texture3d_texture2d_half,2048,2048,2048,0.1218,141.02
4070ti,1b,8da4w,parent,sarc_linear_dq8ca_coopmat_zpgtr_t128x128k64g44s32mk32ra_texture3d_texture2d_half,2048,512,2048,0.0317,135.325
4070ti,1b,8da4w,parent,sarc_linear_dq8ca_coopmat_zpgtr_t128x128k64g44s32mk32ra_texture3d_texture2d_half,2048,512,2048,0.0337,127.48
4070ti,1b,8da4w,parent,sarc_linear_dq8ca_coopmat_zpgtr_t128x128k64g44s32mk32ra_texture3d_texture2d_half,2048,2048,2048,0.1218,141.02
4070ti,1b,8da4w,parent,sarc_linear_dq8ca_coopmat_zpgtr_t128x128k64g44s32mk32ra_texture3d_texture2d_half,2048,8192,2048,0.4812,142.808
4070ti,1b,8da4w,parent,sarc_linear_dq8ca_coopmat_zpgtr_t128x128k64g44s32mk32ra_texture3d_texture2d_half,2048,8192,2048,0.4824,142.447
4070ti,1b,8da4w,parent,sarc_linear_dq8ca_coopmat_zpgtr_t128x128k64g44s32mk32ra_texture3d_texture2d_half,2048,2048,8192,0.4558,150.763
4070ti,1b,8da4w,parent,sarc_linear_dq8ca_coopmat_zpgtr_t128x128k64g44s32mk32ra_texture3d_texture2d_half,2048,2048,2048,0.1218,141.02
4070ti,1b,8da4w,parent,sarc_linear_dq8ca_coopmat_zpgtr_t128x128k64g44s32mk32ra_texture3d_texture2d_half,2048,512,2048,0.0317,135.325
4070ti,1b,8da4w,parent,sarc_linear_dq8ca_coopmat_zpgtr_t128x128k64g44s32mk32ra_texture3d_texture2d_half,2048,512,2048,0.0317,135.325
4070ti,1b,8da4w,parent,sarc_linear_dq8ca_coopmat_zpgtr_t128x128k64g44s32mk32ra_texture3d_texture2d_half,2048,2048,2048,0.123,139.621
4070ti,1b,8da4w,parent,sarc_linear_dq8ca_coopmat_zpgtr_t128x128k64g44s32mk32ra_texture3d_texture2d_half,2048,8192,2048,0.4814,142.736
4070ti,1b,8da4w,parent,sarc_linear_dq8ca_coopmat_zpgtr_t128x128k64g44s32mk32ra_texture3d_texture2d_half,2048,8192,2048,0.4863,141.303
4070ti,1b,8da4w,parent,sarc_linear_dq8ca_coopmat_zpgtr_t128x128k64g44s32mk32ra_texture3d_texture2d_half,2048,2048,8192,0.4548,151.087
4070ti,1b,8da4w,parent,sarc_linear_dq8ca_coopmat_zpgtr_t128x128k64g44s32mk32ra_texture3d_texture2d_half,2048,2048,2048,0.1218,141.02
4070ti,1b,8da4w,parent,sarc_linear_dq8ca_coopmat_zpgtr_t128x128k64g44s32mk32ra_texture3d_texture2d_half,2048,512,2048,0.0317,135.325
4070ti,1b,8da4w,parent,sarc_linear_dq8ca_coopmat_zpgtr_t128x128k64g44s32mk32ra_texture3d_texture2d_half,2048,512,2048,0.0317,135.325
4070ti,1b,8da4w,parent,sarc_linear_dq8ca_coopmat_zpgtr_t128x128k64g44s32mk32ra_texture3d_texture2d_half,2048,2048,2048,0.123,139.621
4070ti,1b,8da4w,parent,sarc_linear_dq8ca_coopmat_zpgtr_t128x128k64g44s32mk32ra_texture3d_texture2d_half,2048,8192,2048,0.4812,142.808
4070ti,1b,8da4w,parent,sarc_linear_dq8ca_coopmat_zpgtr_t128x128k64g44s32mk32ra_texture3d_texture2d_half,2048,8192,2048,0.4824,142.447
4070ti,1b,8da4w,parent,sarc_linear_dq8ca_coopmat_zpgtr_t128x128k64g44s32mk32ra_texture3d_texture2d_half,2048,2048,8192,0.4565,150.521
4070ti,1b,8da4w,parent,sarc_linear_dq8ca_coopmat_zpgtr_t128x128k64g44s32mk32ra_texture3d_texture2d_half,2048,2048,2048,0.1218,141.02
4070ti,1b,8da4w,parent,sarc_linear_dq8ca_coopmat_zpgtr_t128x128k64g44s32mk32ra_texture3d_texture2d_half,2048,512,2048,0.0327,131.285
4070ti,1b,8da4w,parent,sarc_linear_dq8ca_coopmat_zpgtr_t128x128k64g44s32mk32ra_texture3d_texture2d_half,2048,512,2048,0.0317,135.325
4070ti,1b,8da4w,parent,sarc_linear_dq8ca_coopmat_zpgtr_t128x128k64g44s32mk32ra_texture3d_texture2d_half,2048,2048,2048,0.1218,141.02
4070ti,1b,8da4w,parent,sarc_linear_dq8ca_coopmat_zpgtr_t128x128k64g44s32mk32ra_texture3d_texture2d_half,2048,8192,2048,0.4802,143.099
4070ti,1b,8da4w,parent,sarc_linear_dq8ca_coopmat_zpgtr_t128x128k64g44s32mk32ra_texture3d_texture2d_half,2048,8192,2048,0.4844,141.872
4070ti,1b,8da4w,parent,sarc_linear_dq8ca_coopmat_zpgtr_t128x128k64g44s32mk32ra_texture3d_texture2d_half,2048,2048,8192,0.4565,150.521
4070ti,1b,8da4w,parent,sarc_linear_dq8ca_coopmat_zpgtr_t128x128k64g44s32mk32ra_texture3d_texture2d_half,2048,2048,2048,0.1218,141.02
4070ti,1b,8da4w,parent,sarc_linear_dq8ca_coopmat_zpgtr_t128x128k64g44s32mk32ra_texture3d_texture2d_half,2048,512,2048,0.0317,135.325
4070ti,1b,8da4w,parent,sarc_linear_dq8ca_coopmat_zpgtr_t128x128k64g44s32mk32ra_texture3d_texture2d_half,2048,512,2048,0.0317,135.325
4070ti,1b,8da4w,parent,sarc_linear_dq8ca_coopmat_zpgtr_t128x128k64g44s32mk32ra_texture3d_texture2d_half,2048,2048,2048,0.1228,139.898
4070ti,1b,8da4w,parent,sarc_linear_dq8ca_coopmat_zpgtr_t128x128k64g44s32mk32ra_texture3d_texture2d_half,2048,8192,2048,0.4802,143.099
4070ti,1b,8da4w,parent,sarc_linear_dq8ca_coopmat_zpgtr_t128x128k64g44s32mk32ra_texture3d_texture2d_half,2048,8192,2048,0.4854,141.587
4070ti,1b,8da4w,parent,sarc_linear_dq8ca_coopmat_zpgtr_t128x128k64g44s32mk32ra_texture3d_texture2d_half,2048,2048,8192,0.4565,150.521
4070ti,1b,8da4w,parent,sarc_linear_dq8ca_coopmat_zpgtr_t128x128k64g44s32mk32ra_texture3d_texture2d_half,2048,2048,2048,0.1208,142.159
4070ti,1b,8da4w,parent,sarc_linear_dq8ca_coopmat_zpgtr_t128x128k64g44s32mk32ra_texture3d_texture2d_half,2048,512,2048,0.0317,135.325
4070ti,1b,8da4w,parent,sarc_linear_dq8ca_coopmat_zpgtr_t128x128k64g44s32mk32ra_texture3d_texture2d_half,2048,512,2048,0.0327,131.285
4070ti,1b,8da4w,parent,sarc_linear_dq8ca_coopmat_zpgtr_t128x128k64g44s32mk32ra_texture3d_texture2d_half,2048,2048,2048,0.1228,139.898
4070ti,1b,8da4w,parent,sarc_linear_dq8ca_coopmat_zpgtr_t128x128k64g44s32mk32ra_texture3d_texture2d_half,2048,8192,2048,0.4814,142.736
4070ti,1b,8da4w,parent,sarc_linear_dq8ca_coopmat_zpgtr_t128x128k64g44s32mk32ra_texture3d_texture2d_half,2048,8192,2048,0.4822,142.519
4070ti,1b,8da4w,parent,sarc_linear_dq8ca_coopmat_zpgtr_t128x128k64g44s32mk32ra_texture3d_texture2d_half,2048,2048,8192,0.4546,151.168
4070ti,1b,8da4w,parent,sarc_linear_dq8ca_coopmat_zpgtr_t128x128k64g44s32mk32ra_texture3d_texture2d_half,2048,2048,2048,0.1228,139.898
4070ti,1b,8da4w,parent,sarc_linear_dq8ca_coopmat_zpgtr_t128x128k64g44s32mk32ra_texture3d_texture2d_half,2048,512,2048,0.0317,135.325
4070ti,1b,8da4w,parent,sarc_linear_dq8ca_coopmat_zpgtr_t128x128k64g44s32mk32ra_texture3d_texture2d_half,2048,512,2048,0.0317,135.325
4070ti,1b,8da4w,parent,sarc_linear_dq8ca_coopmat_zpgtr_t128x128k64g44s32mk32ra_texture3d_texture2d_half,2048,2048,2048,0.1218,141.02
4070ti,1b,8da4w,parent,sarc_linear_dq8ca_coopmat_zpgtr_t128x128k64g44s32mk32ra_texture3d_texture2d_half,2048,8192,2048,0.4822,142.519
4070ti,1b,8da4w,parent,sarc_linear_dq8ca_coopmat_zpgtr_t128x128k64g44s32mk32ra_texture3d_texture2d_half,2048,8192,2048,0.4814,142.736
4070ti,1b,8da4w,parent,sarc_linear_dq8ca_coopmat_zpgtr_t128x128k64g44s32mk32ra_texture3d_texture2d_half,2048,2048,8192,0.4558,150.763
4070ti,1b,8da4w,parent,sarc_linear_dq8ca_coopmat_zpgtr_t128x128k64g44s32mk32ra_texture3d_texture2d_half,2048,2048,2048,0.1218,141.02
4070ti,1b,8da4w,parent,sarc_linear_dq8ca_coopmat_zpgtr_t128x128k64g44s32mk32ra_texture3d_texture2d_half,2048,512,2048,0.0317,135.325
4070ti,1b,8da4w,parent,sarc_linear_dq8ca_coopmat_zpgtr_t128x128k64g44s32mk32ra_texture3d_texture2d_half,2048,512,2048,0.0317,135.325
4070ti,1b,8da4w,parent,sarc_linear_dq8ca_coopmat_zpgtr_t128x128k64g44s32mk32ra_texture3d_texture2d_half,2048,2048,2048,0.1221,140.737
4070ti,1b,8da4w,parent,sarc_linear_dq8ca_coopmat_zpgtr_t128x128k64g44s32mk32ra_texture3d_texture2d_half,2048,8192,2048,0.4814,142.736
4070ti,1b,8da4w,parent,sarc_linear_dq8ca_coopmat_zpgtr_t128x128k64g44s32mk32ra_texture3d_texture2d_half,2048,8192,2048,0.4802,143.099
4070ti,1b,8da4w,parent,sarc_linear_dq8ca_coopmat_zpgtr_t128x128k64g44s32mk32ra_texture3d_texture2d_half,2048,2048,8192,0.4568,150.441
4070ti,1b,8da4w,parent,sarc_linear_dq8ca_coopmat_zpgtr_t128x128k64g44s32mk32ra_texture3d_texture2d_half,2048,2048,2048,0.1218,141.02
4070ti,1b,8da4w,parent,sarc_linear_dq8ca_coopmat_zpgtr_t128x128k64g44s32mk32ra_texture3d_texture2d_half,2048,512,2048,0.0317,135.325
4070ti,1b,8da4w,parent,sarc_linear_dq8ca_coopmat_zpgtr_t128x128k64g44s32mk32ra_texture3d_texture2d_half,2048,512,2048,0.0317,135.325
4070ti,1b,8da4w,parent,sarc_linear_dq8ca_coopmat_zpgtr_t128x128k64g44s32mk32ra_texture3d_texture2d_half,2048,2048,2048,0.1218,141.02
4070ti,1b,8da4w,parent,sarc_linear_dq8ca_coopmat_zpgtr_t128x128k64g44s32mk32ra_texture3d_texture2d_half,2048,8192,2048,0.4812,142.808
4070ti,1b,8da4w,parent,sarc_linear_dq8ca_coopmat_zpgtr_t128x128k64g44s32mk32ra_texture3d_texture2d_half,2048,8192,2048,0.4812,142.808
4070ti,1b,8da4w,parent,sarc_linear_dq8ca_coopmat_zpgtr_t128x128k64g44s32mk32ra_texture3d_texture2d_half,2048,2048,8192,0.4556,150.844
4070ti,1b,8da4w,parent,sarc_linear_dq8ca_coopmat_zpgtr_t128x128k64g44s32mk32ra_texture3d_texture2d_half,2048,2048,2048,0.1218,141.02
4070ti,1b,8da4w,parent,sarc_linear_dq8ca_coopmat_zpgtr_t128x128k64g44s32mk32ra_texture3d_texture2d_half,2048,512,2048,0.0339,126.562
4070ti,1b,8da4w,parent,sarc_linear_dq8ca_coopmat_zpgtr_t128x128k64g44s32mk32ra_texture3d_texture2d_half,2048,512,2048,0.0308,139.621
4070ti,1b,8da4w,parent,sarc_linear_dq8ca_coopmat_zpgtr_t128x128k64g44s32mk32ra_texture3d_texture2d_half,2048,2048,2048,0.1228,139.898
4070ti,1b,8da4w,parent,sarc_linear_dq8ca_coopmat_zpgtr_t128x128k64g44s32mk32ra_texture3d_texture2d_half,2048,8192,2048,0.4812,142.808
4070ti,1b,8da4w,parent,sarc_linear_dq8ca_coopmat_zpgtr_t128x128k64g44s32mk32ra_texture3d_texture2d_half,2048,8192,2048,0.4812,142.808
4070ti,1b,8da4w,parent,sarc_linear_dq8ca_coopmat_zpgtr_t128x128k64g44s32mk32ra_texture3d_texture2d_half,2048,2048,8192,0.4558,150.763
4070ti,1b,8da4w,parent,sarc_linear_dq8ca_coopmat_zpgtr_t128x128k64g44s32mk32ra_texture3d_texture2d_half,2048,2048,2048,0.1221,140.737
4070ti,1b,8da4w,parent,sarc_linear_dq8ca_coopmat_zpgtr_t128x128k64g44s32mk32ra_texture3d_texture2d_half,2048,512,2048,0.0317,135.325
4070ti,1b,8da4w,parent,sarc_linear_dq8ca_coopmat_zpgtr_t128x128k64g44s32mk32ra_texture3d_texture2d_half,2048,512,2048,0.0317,135.325
4070ti,1b,8da4w,parent,sarc_linear_dq8ca_coopmat_zpgtr_t128x128k64g44s32mk32ra_texture3d_texture2d_half,2048,2048,2048,0.1228,139.898
4070ti,1b,8da4w,parent,sarc_linear_dq8ca_coopmat_zpgtr_t128x128k64g44s32mk32ra_texture3d_texture2d_half,2048,8192,2048,0.4812,142.808
4070ti,1b,8da4w,parent,sarc_linear_dq8ca_coopmat_zpgtr_t128x128k64g44s32mk32ra_texture3d_texture2d_half,2048,8192,2048,0.4834,142.159
4070ti,1b,8da4w,parent,sarc_linear_dq8ca_coopmat_zpgtr_t128x128k64g44s32mk32ra_texture3d_texture2d_half,2048,2048,8192,0.4558,150.763
4070ti,1b,8da4w,parent,sarc_linear_dq8ca_coopmat_zpgtr_t128x128k64g44s32mk32ra_texture3d_texture2d_half,2048,2048,2048,0.1228,139.898
4070ti,1b,8da4w,parent,sarc_linear_dq8ca_coopmat_zpgtr_t128x128k64g44s32mk32ra_texture3d_texture2d_half,2048,512,2048,0.0317,135.325
4070ti,1b,8da4w,parent,sarc_linear_dq8ca_coopmat_zpgtr_t128x128k64g44s32mk32ra_texture3d_texture2d_half,2048,512,2048,0.0327,131.285
4070ti,1b,8da4w,parent,sarc_linear_dq8ca_coopmat_zpgtr_t128x128k64g44s32mk32ra_texture3d_texture2d_half,2048,2048,2048,0.1228,139.898
4070ti,1b,8da4w,parent,sarc_linear_dq8ca_coopmat_zpgtr_t128x128k64g44s32mk32ra_texture3d_texture2d_half,2048,8192,2048,0.4824,142.447
4070ti,1b,8da4w,parent,sarc_linear_dq8ca_coopmat_zpgtr_t128x128k64g44s32mk32ra_texture3d_texture2d_half,2048,8192,2048,0.4824,142.447
4070ti,1b,8da4w,parent,sarc_linear_dq8ca_coopmat_zpgtr_t128x128k64g44s32mk32ra_texture3d_texture2d_half,2048,2048,8192,0.4558,150.763
4070ti,3b,4w,cand,sarc_linear_q4gsw_coopmat_t256x128k16g42s32ga_texture3d_texture2d_half,2048,3072,3072,0.3267,118.333
4070ti,3b,4w,cand,sarc_linear_q4gsw_coopmat_t256x128k16g42s32ga_texture3d_texture2d_half,2048,1024,3072,0.1096,117.542
4070ti,3b,4w,cand,sarc_linear_q4gsw_coopmat_t256x128k16g42s32ga_texture3d_texture2d_half,2048,1024,3072,0.1106,116.505
4070ti,3b,4w,cand,sarc_linear_q4gsw_coopmat_t256x128k16g42s32ga_texture3d_texture2d_half,2048,3072,3072,0.3254,118.777
4070ti,3b,4w,cand,sarc_linear_q4gsw_coopmat_t256x128k16g42s32ga_texture3d_texture2d_half,2048,8192,3072,0.8623,119.539
4070ti,3b,4w,cand,sarc_linear_q4gsw_coopmat_t256x128k16g42s32ga_texture3d_texture2d_half,2048,8192,3072,0.8723,118.167
4070ti,3b,4w,cand,sarc_linear_q4gsw_coopmat_t256x128k16g42s32ga_texture3d_texture2d_half,2048,3072,8192,0.853,120.839
4070ti,3b,4w,cand,sarc_linear_q4gsw_coopmat_t256x128k16g42s32ga_texture3d_texture2d_half,2048,3072,3072,0.3254,118.777
4070ti,3b,4w,cand,sarc_linear_q4gsw_coopmat_t256x128k16g42s32ga_texture3d_texture2d_half,2048,1024,3072,0.1096,117.542
4070ti,3b,4w,cand,sarc_linear_q4gsw_coopmat_t256x128k16g42s32ga_texture3d_texture2d_half,2048,1024,3072,0.1096,117.542
4070ti,3b,4w,cand,sarc_linear_q4gsw_coopmat_t256x128k16g42s32ga_texture3d_texture2d_half,2048,3072,3072,0.3276,117.98
4070ti,3b,4w,cand,sarc_linear_q4gsw_coopmat_t256x128k16g42s32ga_texture3d_texture2d_half,2048,8192,3072,0.8633,119.404
4070ti,3b,4w,cand,sarc_linear_q4gsw_coopmat_t256x128k16g42s32ga_texture3d_texture2d_half,2048,8192,3072,0.8704,118.433
4070ti,3b,4w,cand,sarc_linear_q4gsw_coopmat_t256x128k16g42s32ga_texture3d_texture2d_half,2048,3072,8192,0.8518,121.012
4070ti,3b,4w,cand,sarc_linear_q4gsw_coopmat_t256x128k16g42s32ga_texture3d_texture2d_half,2048,3072,3072,0.3247,119.045
4070ti,3b,4w,cand,sarc_linear_q4gsw_coopmat_t256x128k16g42s32ga_texture3d_texture2d_half,2048,1024,3072,0.1096,117.542
4070ti,3b,4w,cand,sarc_linear_q4gsw_coopmat_t256x128k16g42s32ga_texture3d_texture2d_half,2048,1024,3072,0.1096,117.542
4070ti,3b,4w,cand,sarc_linear_q4gsw_coopmat_t256x128k16g42s32ga_texture3d_texture2d_half,2048,3072,3072,0.3257,118.688
4070ti,3b,4w,cand,sarc_linear_q4gsw_coopmat_t256x128k16g42s32ga_texture3d_texture2d_half,2048,8192,3072,0.8623,119.539
4070ti,3b,4w,cand,sarc_linear_q4gsw_coopmat_t256x128k16g42s32ga_texture3d_texture2d_half,2048,8192,3072,0.8601,119.845
4070ti,3b,4w,cand,sarc_linear_q4gsw_coopmat_t256x128k16g42s32ga_texture3d_texture2d_half,2048,3072,8192,0.8376,123.058
4070ti,3b,4w,cand,sarc_linear_q4gsw_coopmat_t256x128k16g42s32ga_texture3d_texture2d_half,2048,3072,3072,0.3196,120.955
4070ti,3b,4w,cand,sarc_linear_q4gsw_coopmat_t256x128k16g42s32ga_texture3d_texture2d_half,2048,1024,3072,0.1074,119.947
4070ti,3b,4w,cand,sarc_linear_q4gsw_coopmat_t256x128k16g42s32ga_texture3d_texture2d_half,2048,1024,3072,0.1064,121.047
4070ti,3b,4w,cand,sarc_linear_q4gsw_coopmat_t256x128k16g42s32ga_texture3d_texture2d_half,2048,3072,3072,0.3203,120.678
4070ti,3b,4w,cand,sarc_linear_q4gsw_coopmat_t256x128k16g42s32ga_texture3d_texture2d_half,2048,8192,3072,0.8457,121.886
4070ti,3b,4w,cand,sarc_linear_q4gsw_coopmat_t256x128k16g42s32ga_texture3d_texture2d_half,2048,8192,3072,0.854,120.701
4070ti,3b,4w,cand,sarc_linear_q4gsw_coopmat_t256x128k16g42s32ga_texture3d_texture2d_half,2048,3072,8192,0.8376,123.058
4070ti,3b,4w,cand,sarc_linear_q4gsw_coopmat_t256x128k16g42s32ga_texture3d_texture2d_half,2048,3072,3072,0.3184,121.418
4070ti,3b,4w,cand,sarc_linear_q4gsw_coopmat_t256x128k16g42s32ga_texture3d_texture2d_half,2048,1024,3072,0.1074,119.947
4070ti,3b,4w,cand,sarc_linear_q4gsw_coopmat_t256x128k16g42s32ga_texture3d_texture2d_half,2048,1024,3072,0.1074,119.947
4070ti,3b,4w,cand,sarc_linear_q4gsw_coopmat_t256x128k16g42s32ga_texture3d_texture2d_half,2048,3072,3072,0.3206,120.586
4070ti,3b,4w,cand,sarc_linear_q4gsw_coopmat_t256x128k16g42s32ga_texture3d_texture2d_half,2048,8192,3072,0.844,122.133
4070ti,3b,4w,cand,sarc_linear_q4gsw_coopmat_t256x128k16g42s32ga_texture3d_texture2d_half,2048,8192,3072,0.855,120.563
4070ti,3b,4w,cand,sarc_linear_q4gsw_coopmat_t256x128k16g42s32ga_texture3d_texture2d_half,2048,3072,8192,0.8367,123.202
4070ti,3b,4w,cand,sarc_linear_q4gsw_coopmat_t256x128k16g42s32ga_texture3d_texture2d_half,2048,3072,3072,0.3184,121.418
4070ti,3b,4w,cand,sarc_linear_q4gsw_coopmat_t256x128k16g42s32ga_texture3d_texture2d_half,2048,1024,3072,0.1077,119.675
4070ti,3b,4w,cand,sarc_linear_q4gsw_coopmat_t256x128k16g42s32ga_texture3d_texture2d_half,2048,1024,3072,0.1074,119.947
4070ti,3b,4w,cand,sarc_linear_q4gsw_coopmat_t256x128k16g42s32ga_texture3d_texture2d_half,2048,3072,3072,0.3206,120.586
4070ti,3b,4w,cand,sarc_linear_q4gsw_coopmat_t256x128k16g42s32ga_texture3d_texture2d_half,2048,8192,3072,0.8459,121.851
4070ti,3b,4w,cand,sarc_linear_q4gsw_coopmat_t256x128k16g42s32ga_texture3d_texture2d_half,2048,8192,3072,0.8572,120.254
4070ti,3b,4w,cand,sarc_linear_q4gsw_coopmat_t256x128k16g42s32ga_texture3d_texture2d_half,2048,3072,8192,0.8367,123.202
4070ti,3b,4w,cand,sarc_linear_q4gsw_coopmat_t256x128k16g42s32ga_texture3d_texture2d_half,2048,3072,3072,0.3186,121.325
4070ti,3b,4w,cand,sarc_linear_q4gsw_coopmat_t256x128k16g42s32ga_texture3d_texture2d_half,2048,1024,3072,0.1074,119.947
4070ti,3b,4w,cand,sarc_linear_q4gsw_coopmat_t256x128k16g42s32ga_texture3d_texture2d_half,2048,1024,3072,0.1064,121.047
4070ti,3b,4w,cand,sarc_linear_q4gsw_coopmat_t256x128k16g42s32ga_texture3d_texture2d_half,2048,3072,3072,0.3193,121.047
4070ti,3b,4w,cand,sarc_linear_q4gsw_coopmat_t256x128k16g42s32ga_texture3d_texture2d_half,2048,8192,3072,0.845,121.991
4070ti,3b,4w,cand,sarc_linear_q4gsw_coopmat_t256x128k16g42s32ga_texture3d_texture2d_half,2048,8192,3072,0.8735,118.002
4070ti,3b,4w,cand,sarc_linear_q4gsw_coopmat_t256x128k16g42s32ga_texture3d_texture2d_half,2048,3072,8192,0.8508,121.151
4070ti,3b,4w,cand,sarc_linear_q4gsw_coopmat_t256x128k16g42s32ga_texture3d_texture2d_half,2048,3072,3072,0.3257,118.688
4070ti,3b,4w,cand,sarc_linear_q4gsw_coopmat_t256x128k16g42s32ga_texture3d_texture2d_half,2048,1024,3072,0.1106,116.505
4070ti,3b,4w,cand,sarc_linear_q4gsw_coopmat_t256x128k16g42s32ga_texture3d_texture2d_half,2048,1024,3072,0.1096,117.542
4070ti,3b,4w,cand,sarc_linear_q4gsw_coopmat_t256x128k16g42s32ga_texture3d_texture2d_half,2048,3072,3072,0.3257,118.688
4070ti,3b,4w,cand,sarc_linear_q4gsw_coopmat_t256x128k16g42s32ga_texture3d_texture2d_half,2048,8192,3072,0.8623,119.539
4070ti,3b,4w,cand,sarc_linear_q4gsw_coopmat_t256x128k16g42s32ga_texture3d_texture2d_half,2048,8192,3072,0.8723,118.167
4070ti,3b,4w,cand,sarc_linear_q4gsw_coopmat_t256x128k16g42s32ga_texture3d_texture2d_half,2048,3072,8192,0.8528,120.874
4070ti,3b,4w,cand,sarc_linear_q4gsw_coopmat_t256x128k16g42s32ga_texture3d_texture2d_half,2048,3072,3072,0.3247,119.045
4070ti,3b,4w,cand,sarc_linear_q4gsw_coopmat_t256x128k16g42s32ga_texture3d_texture2d_half,2048,1024,3072,0.1106,116.505
4070ti,3b,4w,cand,sarc_linear_q4gsw_coopmat_t256x128k16g42s32ga_texture3d_texture2d_half,2048,1024,3072,0.1096,117.542
4070ti,3b,4w,cand,sarc_linear_q4gsw_coopmat_t256x128k16g42s32ga_texture3d_texture2d_half,2048,3072,3072,0.3257,118.688
4070ti,3b,4w,cand,sarc_linear_q4gsw_coopmat_t256x128k16g42s32ga_texture3d_texture2d_half,2048,8192,3072,0.8623,119.539
4070ti,3b,4w,cand,sarc_linear_q4gsw_coopmat_t256x128k16g42s32ga_texture3d_texture2d_half,2048,8192,3072,0.8713,118.3
4070ti,3b,4w,cand,sarc_linear_q4gsw_coopmat_t256x128k16g42s32ga_texture3d_texture2d_half,2048,3072,8192,0.8521,120.978
4070ti,3b,4w,cand,sarc_linear_q4gsw_coopmat_t256x128k16g42s32ga_texture3d_texture2d_half,2048,3072,3072,0.3257,118.688
4070ti,3b,4w,cand,sarc_linear_q4gsw_coopmat_t256x128k16g42s32ga_texture3d_texture2d_half,2048,1024,3072,0.1096,117.542
4070ti,3b,4w,cand,sarc_linear_q4gsw_coopmat_t256x128k16g42s32ga_texture3d_texture2d_half,2048,1024,3072,0.1096,117.542
4070ti,3b,4w,cand,sarc_linear_q4gsw_coopmat_t256x128k16g42s32ga_texture3d_texture2d_half,2048,3072,3072,0.3254,118.777
4070ti,3b,4w,cand,sarc_linear_q4gsw_coopmat_t256x128k16g42s32ga_texture3d_texture2d_half,2048,8192,3072,0.8633,119.404
4070ti,3b,4w,cand,sarc_linear_q4gsw_coopmat_t256x128k16g42s32ga_texture3d_texture2d_half,2048,8192,3072,0.8726,118.134
4070ti,3b,4w,cand,sarc_linear_q4gsw_coopmat_t256x128k16g42s32ga_texture3d_texture2d_half,2048,3072,8192,0.853,120.839
4070ti,3b,4w,cand,sarc_linear_q4gsw_coopmat_t256x128k16g42s32ga_texture3d_texture2d_half,2048,3072,3072,0.3257,118.688
4070ti,3b,4w,cand,sarc_linear_q4gsw_coopmat_t256x128k16g42s32ga_texture3d_texture2d_half,2048,1024,3072,0.1106,116.505
4070ti,3b,4w,cand,sarc_linear_q4gsw_coopmat_t256x128k16g42s32ga_texture3d_texture2d_half,2048,1024,3072,0.1096,117.542
4070ti,3b,4w,cand,sarc_linear_q4gsw_coopmat_t256x128k16g42s32ga_texture3d_texture2d_half,2048,3072,3072,0.3254,118.777
4070ti,3b,4w,cand,sarc_linear_q4gsw_coopmat_t256x128k16g42s32ga_texture3d_texture2d_half,2048,8192,3072,0.8633,119.404
4070ti,3b,4w,cand,sarc_linear_q4gsw_coopmat_t256x128k16g42s32ga_texture3d_texture2d_half,2048,8192,3072,0.8735,118.002
4070ti,3b,4w,cand,sarc_linear_q4gsw_coopmat_t256x128k16g42s32ga_texture3d_texture2d_half,2048,3072,8192,0.853,120.839
4070ti,3b,4w,cand,sarc_linear_q4gsw_coopmat_t256x128k16g42s32ga_texture3d_texture2d_half,2048,3072,3072,0.3235,119.494
4070ti,3b,4w,cand,sarc_linear_q4gsw_coopmat_t256x128k16g42s32ga_texture3d_texture2d_half,2048,1024,3072,0.1096,117.542
4070ti,3b,4w,cand,sarc_linear_q4gsw_coopmat_t256x128k16g42s32ga_texture3d_texture2d_half,2048,1024,3072,0.1096,117.542
4070ti,3b,4w,cand,sarc_linear_q4gsw_coopmat_t256x128k16g42s32ga_texture3d_texture2d_half,2048,3072,3072,0.3254,118.777
4070ti,3b,4w,cand,sarc_linear_q4gsw_coopmat_t256x128k16g42s32ga_texture3d_texture2d_half,2048,8192,3072,0.8621,119.573
4070ti,3b,4w,cand,sarc_linear_q4gsw_coopmat_t256x128k16g42s32ga_texture3d_texture2d_half,2048,8192,3072,0.8723,118.167
4070ti,3b,4w,cand,sarc_linear_q4gsw_coopmat_t256x128k16g42s32ga_texture3d_texture2d_half,2048,3072,8192,0.853,120.839
4070ti,3b,4w,cand,sarc_linear_q4gsw_coopmat_t256x128k16g42s32ga_texture3d_texture2d_half,2048,3072,3072,0.3254,118.777
4070ti,3b,4w,cand,sarc_linear_q4gsw_coopmat_t256x128k16g42s32ga_texture3d_texture2d_half,2048,1024,3072,0.1106,116.505
4070ti,3b,4w,cand,sarc_linear_q4gsw_coopmat_t256x128k16g42s32ga_texture3d_texture2d_half,2048,1024,3072,0.1106,116.505
4070ti,3b,4w,cand,sarc_linear_q4gsw_coopmat_t256x128k16g42s32ga_texture3d_texture2d_half,2048,3072,3072,0.3267,118.333
4070ti,3b,4w,cand,sarc_linear_q4gsw_coopmat_t256x128k16g42s32ga_texture3d_texture2d_half,2048,8192,3072,0.8665,118.967
4070ti,3b,4w,cand,sarc_linear_q4gsw_coopmat_t256x128k16g42s32ga_texture3d_texture2d_half,2048,8192,3072,0.8723,118.167
4070ti,3b,4w,cand,sarc_linear_q4gsw_coopmat_t256x128k16g42s32ga_texture3d_texture2d_half,2048,3072,8192,0.853,120.839
4070ti,3b,4w,cand,sarc_linear_q4gsw_coopmat_t256x128k16g42s32ga_texture3d_texture2d_half,2048,3072,3072,0.3257,118.688
4070ti,3b,4w,cand,sarc_linear_q4gsw_coopmat_t256x128k16g42s32ga_texture3d_texture2d_half,2048,1024,3072,0.1094,117.805
4070ti,3b,4w,cand,sarc_linear_q4gsw_coopmat_t256x128k16g42s32ga_texture3d_texture2d_half,2048,1024,3072,0.1096,117.542
4070ti,3b,4w,cand,sarc_linear_q4gsw_coopmat_t256x128k16g42s32ga_texture3d_texture2d_half,2048,3072,3072,0.3254,118.777
4070ti,3b,4w,cand,sarc_linear_q4gsw_coopmat_t256x128k16g42s32ga_texture3d_texture2d_half,2048,8192,3072,0.8643,119.269
4070ti,3b,4w,cand,sarc_linear_q4gsw_coopmat_t256x128k16g42s32ga_texture3d_texture2d_half,2048,8192,3072,0.8726,118.134
4070ti,3b,4w,cand,sarc_linear_q4gsw_coopmat_t256x128k16g42s32ga_texture3d_texture2d_half,2048,3072,8192,0.854,120.701
4070ti,3b,4w,cand,sarc_linear_q4gsw_coopmat_t256x128k16g42s32ga_texture3d_texture2d_half,2048,3072,3072,0.3245,119.134
4070ti,3b,4w,cand,sarc_linear_q4gsw_coopmat_t256x128k16g42s32ga_texture3d_texture2d_half,2048,1024,3072,0.1106,116.505
4070ti,3b,4w,cand,sarc_linear_q4gsw_coopmat_t256x128k16g42s32ga_texture3d_texture2d_half,2048,1024,3072,0.1096,117.542
4070ti,3b,4w,cand,sarc_linear_q4gsw_coopmat_t256x128k16g42s32ga_texture3d_texture2d_half,2048,3072,3072,0.3254,118.777
4070ti,3b,4w,cand,sarc_linear_q4gsw_coopmat_t256x128k16g42s32ga_texture3d_texture2d_half,2048,8192,3072,0.8633,119.404
4070ti,3b,4w,cand,sarc_linear_q4gsw_coopmat_t256x128k16g42s32ga_texture3d_texture2d_half,2048,8192,3072,0.8713,118.3
4070ti,3b,4w,cand,sarc_linear_q4gsw_coopmat_t256x128k16g42s32ga_texture3d_texture2d_half,2048,3072,8192,0.8528,120.874
4070ti,3b,4w,cand,sarc_linear_q4gsw_coopmat_t256x128k16g42s32ga_texture3d_texture2d_half,2048,3072,3072,0.3257,118.688
4070ti,3b,4w,cand,sarc_linear_q4gsw_coopmat_t256x128k16g42s32ga_texture3d_texture2d_half,2048,1024,3072,0.1106,116.505
4070ti,3b,4w,cand,sarc_linear_q4gsw_coopmat_t256x128k16g42s32ga_texture3d_texture2d_half,2048,1024,3072,0.1096,117.542
4070ti,3b,4w,cand,sarc_linear_q4gsw_coopmat_t256x128k16g42s32ga_texture3d_texture2d_half,2048,3072,3072,0.3254,118.777
4070ti,3b,4w,cand,sarc_linear_q4gsw_coopmat_t256x128k16g42s32ga_texture3d_texture2d_half,2048,8192,3072,0.8633,119.404
4070ti,3b,4w,cand,sarc_linear_q4gsw_coopmat_t256x128k16g42s32ga_texture3d_texture2d_half,2048,8192,3072,0.8723,118.167
4070ti,3b,4w,cand,sarc_linear_q4gsw_coopmat_t256x128k16g42s32ga_texture3d_texture2d_half,2048,3072,8192,0.8511,121.117
4070ti,3b,4w,cand,sarc_linear_q4gsw_coopmat_t256x128k16g42s32ga_texture3d_texture2d_half,2048,3072,3072,0.3247,119.045
4070ti,3b,4w,cand,sarc_linear_q4gsw_coopmat_t256x128k16g42s32ga_texture3d_texture2d_half,2048,1024,3072,0.1096,117.542
4070ti,3b,4w,cand,sarc_linear_q4gsw_coopmat_t256x128k16g42s32ga_texture3d_texture2d_half,2048,1024,3072,0.1096,117.542
4070ti,3b,4w,cand,sarc_linear_q4gsw_coopmat_t256x128k16g42s32ga_texture3d_texture2d_half,2048,3072,3072,0.3267,118.333
4070ti,3b,4w,cand,sarc_linear_q4gsw_coopmat_t256x128k16g42s32ga_texture3d_texture2d_half,2048,8192,3072,0.8623,119.539
4070ti,3b,4w,cand,sarc_linear_q4gsw_coopmat_t256x128k16g42s32ga_texture3d_texture2d_half,2048,8192,3072,0.8745,117.871
4070ti,3b,4w,cand,sarc_linear_q4gsw_coopmat_t256x128k16g42s32ga_texture3d_texture2d_half,2048,3072,8192,0.853,120.839
4070ti,3b,4w,cand,sarc_linear_q4gsw_coopmat_t256x128k16g42s32ga_texture3d_texture2d_half,2048,3072,3072,0.3257,118.688
4070ti,3b,4w,cand,sarc_linear_q4gsw_coopmat_t256x128k16g42s32ga_texture3d_texture2d_half,2048,1024,3072,0.1106,116.505
4070ti,3b,4w,cand,sarc_linear_q4gsw_coopmat_t256x128k16g42s32ga_texture3d_texture2d_half,2048,1024,3072,0.1096,117.542
4070ti,3b,4w,cand,sarc_linear_q4gsw_coopmat_t256x128k16g42s32ga_texture3d_texture2d_half,2048,3072,3072,0.3257,118.688
4070ti,3b,4w,cand,sarc_linear_q4gsw_coopmat_t256x128k16g42s32ga_texture3d_texture2d_half,2048,8192,3072,0.8633,119.404
4070ti,3b,4w,cand,sarc_linear_q4gsw_coopmat_t256x128k16g42s32ga_texture3d_texture2d_half,2048,8192,3072,0.8726,118.134
4070ti,3b,4w,cand,sarc_linear_q4gsw_coopmat_t256x128k16g42s32ga_texture3d_texture2d_half,2048,3072,8192,0.8521,120.978
4070ti,3b,4w,cand,sarc_linear_q4gsw_coopmat_t256x128k16g42s32ga_texture3d_texture2d_half,2048,3072,3072,0.3247,119.045
4070ti,3b,4w,cand,sarc_linear_q4gsw_coopmat_t256x128k16g42s32ga_texture3d_texture2d_half,2048,1024,3072,0.1096,117.542
4070ti,3b,4w,cand,sarc_linear_q4gsw_coopmat_t256x128k16g42s32ga_texture3d_texture2d_half,2048,1024,3072,0.1096,117.542
4070ti,3b,4w,cand,sarc_linear_q4gsw_coopmat_t256x128k16g42s32ga_texture3d_texture2d_half,2048,3072,3072,0.3257,118.688
4070ti,3b,4w,cand,sarc_linear_q4gsw_coopmat_t256x128k16g42s32ga_texture3d_texture2d_half,2048,8192,3072,0.8621,119.573
4070ti,3b,4w,cand,sarc_linear_q4gsw_coopmat_t256x128k16g42s32ga_texture3d_texture2d_half,2048,8192,3072,0.8723,118.167
4070ti,3b,4w,cand,sarc_linear_q4gsw_coopmat_t256x128k16g42s32ga_texture3d_texture2d_half,2048,3072,8192,0.8528,120.874
4070ti,3b,4w,cand,sarc_linear_q4gsw_coopmat_t256x128k16g42s32ga_texture3d_texture2d_half,2048,3072,3072,0.3247,119.045
4070ti,3b,4w,cand,sarc_linear_q4gsw_coopmat_t256x128k16g42s32ga_texture3d_texture2d_half,2048,1024,3072,0.1096,117.542
4070ti,3b,4w,cand,sarc_linear_q4gsw_coopmat_t256x128k16g42s32ga_texture3d_texture2d_half,2048,1024,3072,0.1096,117.542
4070ti,3b,4w,cand,sarc_linear_q4gsw_coopmat_t256x128k16g42s32ga_texture3d_texture2d_half,2048,3072,3072,0.3247,119.045
4070ti,3b,4w,cand,sarc_linear_q4gsw_coopmat_t256x128k16g42s32ga_texture3d_texture2d_half,2048,8192,3072,0.8633,119.404
4070ti,3b,4w,cand,sarc_linear_q4gsw_coopmat_t256x128k16g42s32ga_texture3d_texture2d_half,2048,8192,3072,0.8726,118.134
4070ti,3b,4w,cand,sarc_linear_q4gsw_coopmat_t256x128k16g42s32ga_texture3d_texture2d_half,2048,3072,8192,0.8528,120.874
4070ti,3b,4w,cand,sarc_linear_q4gsw_coopmat_t256x128k16g42s32ga_texture3d_texture2d_half,2048,3072,3072,0.3267,118.333
4070ti,3b,4w,cand,sarc_linear_q4gsw_coopmat_t256x128k16g42s32ga_texture3d_texture2d_half,2048,1024,3072,0.1096,117.542
4070ti,3b,4w,cand,sarc_linear_q4gsw_coopmat_t256x128k16g42s32ga_texture3d_texture2d_half,2048,1024,3072,0.1094,117.805
4070ti,3b,4w,cand,sarc_linear_q4gsw_coopmat_t256x128k16g42s32ga_texture3d_texture2d_half,2048,3072,3072,0.3247,119.045
4070ti,3b,4w,cand,sarc_linear_q4gsw_coopmat_t256x128k16g42s32ga_texture3d_texture2d_half,2048,8192,3072,0.863,119.438
4070ti,3b,4w,cand,sarc_linear_q4gsw_coopmat_t256x128k16g42s32ga_texture3d_texture2d_half,2048,8192,3072,0.8723,118.167
4070ti,3b,4w,cand,sarc_linear_q4gsw_coopmat_t256x128k16g42s32ga_texture3d_texture2d_half,2048,3072,8192,0.853,120.839
4070ti,3b,4w,cand,sarc_linear_q4gsw_coopmat_t256x128k16g42s32ga_texture3d_texture2d_half,2048,3072,3072,0.3257,118.688
4070ti,3b,4w,cand,sarc_linear_q4gsw_coopmat_t256x128k16g42s32ga_texture3d_texture2d_half,2048,1024,3072,0.1096,117.542
4070ti,3b,4w,cand,sarc_linear_q4gsw_coopmat_t256x128k16g42s32ga_texture3d_texture2d_half,2048,1024,3072,0.1094,117.805
4070ti,3b,4w,cand,sarc_linear_q4gsw_coopmat_t256x128k16g42s32ga_texture3d_texture2d_half,2048,3072,3072,0.3254,118.777
4070ti,3b,4w,cand,sarc_linear_q4gsw_coopmat_t256x128k16g42s32ga_texture3d_texture2d_half,2048,8192,3072,0.8623,119.539
4070ti,3b,4w,cand,sarc_linear_q4gsw_coopmat_t256x128k16g42s32ga_texture3d_texture2d_half,2048,8192,3072,0.8723,118.167
4070ti,3b,4w,cand,sarc_linear_q4gsw_coopmat_t256x128k16g42s32ga_texture3d_texture2d_half,2048,3072,8192,0.8521,120.978
4070ti,3b,4w,cand,sarc_linear_q4gsw_coopmat_t256x128k16g42s32ga_texture3d_texture2d_half,2048,3072,3072,0.3257,118.688
4070ti,3b,4w,cand,sarc_linear_q4gsw_coopmat_t256x128k16g42s32ga_texture3d_texture2d_half,2048,1024,3072,0.1096,117.542
4070ti,3b,4w,cand,sarc_linear_q4gsw_coopmat_t256x128k16g42s32ga_texture3d_texture2d_half,2048,1024,3072,0.1094,117.805
4070ti,3b,4w,cand,sarc_linear_q4gsw_coopmat_t256x128k16g42s32ga_texture3d_texture2d_half,2048,3072,3072,0.3245,119.134
4070ti,3b,4w,cand,sarc_linear_q4gsw_coopmat_t256x128k16g42s32ga_texture3d_texture2d_half,2048,8192,3072,0.8633,119.404
4070ti,3b,4w,cand,sarc_linear_q4gsw_coopmat_t256x128k16g42s32ga_texture3d_texture2d_half,2048,8192,3072,0.8723,118.167
4070ti,3b,4w,cand,sarc_linear_q4gsw_coopmat_t256x128k16g42s32ga_texture3d_texture2d_half,2048,3072,8192,0.853,120.839
4070ti,3b,4w,cand,sarc_linear_q4gsw_coopmat_t256x128k16g42s32ga_texture3d_texture2d_half,2048,3072,3072,0.3245,119.134
4070ti,3b,4w,cand,sarc_linear_q4gsw_coopmat_t256x128k16g42s32ga_texture3d_texture2d_half,2048,1024,3072,0.1094,117.805
4070ti,3b,4w,cand,sarc_linear_q4gsw_coopmat_t256x128k16g42s32ga_texture3d_texture2d_half,2048,1024,3072,0.1096,117.542
4070ti,3b,4w,cand,sarc_linear_q4gsw_coopmat_t256x128k16g42s32ga_texture3d_texture2d_half,2048,3072,3072,0.3247,119.045
4070ti,3b,4w,cand,sarc_linear_q4gsw_coopmat_t256x128k16g42s32ga_texture3d_texture2d_half,2048,8192,3072,0.8623,119.539
4070ti,3b,4w,cand,sarc_linear_q4gsw_coopmat_t256x128k16g42s32ga_texture3d_texture2d_half,2048,8192,3072,0.8735,118.002
4070ti,3b,4w,cand,sarc_linear_q4gsw_coopmat_t256x128k16g42s32ga_texture3d_texture2d_half,2048,3072,8192,0.854,120.701
4070ti,3b,4w,cand,sarc_linear_q4gsw_coopmat_t256x128k16g42s32ga_texture3d_texture2d_half,2048,3072,3072,0.3247,119.045
4070ti,3b,4w,cand,sarc_linear_q4gsw_coopmat_t256x128k16g42s32ga_texture3d_texture2d_half,2048,1024,3072,0.1106,116.505
4070ti,3b,4w,cand,sarc_linear_q4gsw_coopmat_t256x128k16g42s32ga_texture3d_texture2d_half,2048,1024,3072,0.1096,117.542
4070ti,3b,4w,cand,sarc_linear_q4gsw_coopmat_t256x128k16g42s32ga_texture3d_texture2d_half,2048,3072,3072,0.3267,118.333
4070ti,3b,4w,cand,sarc_linear_q4gsw_coopmat_t256x128k16g42s32ga_texture3d_texture2d_half,2048,8192,3072,0.8621,119.573
4070ti,3b,4w,cand,sarc_linear_q4gsw_coopmat_t256x128k16g42s32ga_texture3d_texture2d_half,2048,8192,3072,0.8733,118.035
4070ti,3b,4w,cand,sarc_linear_q4gsw_coopmat_t256x128k16g42s32ga_texture3d_texture2d_half,2048,3072,8192,0.853,120.839
4070ti,3b,4w,cand,sarc_linear_q4gsw_coopmat_t256x128k16g42s32ga_texture3d_texture2d_half,2048,3072,3072,0.3247,119.045
4070ti,3b,4w,cand,sarc_linear_q4gsw_coopmat_t256x128k16g42s32ga_texture3d_texture2d_half,2048,1024,3072,0.1096,117.542
4070ti,3b,4w,cand,sarc_linear_q4gsw_coopmat_t256x128k16g42s32ga_texture3d_texture2d_half,2048,1024,3072,0.1106,116.505
4070ti,3b,4w,cand,sarc_linear_q4gsw_coopmat_t256x128k16g42s32ga_texture3d_texture2d_half,2048,3072,3072,0.3257,118.688
4070ti,3b,4w,cand,sarc_linear_q4gsw_coopmat_t256x128k16g42s32ga_texture3d_texture2d_half,2048,8192,3072,0.8662,119.0
4070ti,3b,4w,cand,sarc_linear_q4gsw_coopmat_t256x128k16g42s32ga_texture3d_texture2d_half,2048,8192,3072,0.8745,117.871
4070ti,3b,4w,cand,sarc_linear_q4gsw_coopmat_t256x128k16g42s32ga_texture3d_texture2d_half,2048,3072,8192,0.8518,121.012
4070ti,3b,4w,cand,sarc_linear_q4gsw_coopmat_t256x128k16g42s32ga_texture3d_texture2d_half,2048,3072,3072,0.3257,118.688
4070ti,3b,4w,cand,sarc_linear_q4gsw_coopmat_t256x128k16g42s32ga_texture3d_texture2d_half,2048,1024,3072,0.1096,117.542
4070ti,3b,4w,cand,sarc_linear_q4gsw_coopmat_t256x128k16g42s32ga_texture3d_texture2d_half,2048,1024,3072,0.1084,118.866
4070ti,3b,4w,cand,sarc_linear_q4gsw_coopmat_t256x128k16g42s32ga_texture3d_texture2d_half,2048,3072,3072,0.3257,118.688
4070ti,3b,4w,cand,sarc_linear_q4gsw_coopmat_t256x128k16g42s32ga_texture3d_texture2d_half,2048,8192,3072,0.8613,119.675
4070ti,3b,4w,cand,sarc_linear_q4gsw_coopmat_t256x128k16g42s32ga_texture3d_texture2d_half,2048,8192,3072,0.8723,118.167
4070ti,3b,4w,cand,sarc_linear_q4gsw_coopmat_t256x128k16g42s32ga_texture3d_texture2d_half,2048,3072,8192,0.854,120.701
4070ti,3b,4w,cand,sarc_linear_q4gsw_coopmat_t256x128k16g42s32ga_texture3d_texture2d_half,2048,3072,3072,0.3267,118.333
4070ti,3b,4w,cand,sarc_linear_q4gsw_coopmat_t256x128k16g42s32ga_texture3d_texture2d_half,2048,1024,3072,0.1106,116.505
4070ti,3b,4w,cand,sarc_linear_q4gsw_coopmat_t256x128k16g42s32ga_texture3d_texture2d_half,2048,1024,3072,0.1106,116.505
4070ti,3b,4w,cand,sarc_linear_q4gsw_coopmat_t256x128k16g42s32ga_texture3d_texture2d_half,2048,3072,3072,0.3267,118.333
4070ti,3b,4w,cand,sarc_linear_q4gsw_coopmat_t256x128k16g42s32ga_texture3d_texture2d_half,2048,8192,3072,0.8643,119.269
4070ti,3b,4w,cand,sarc_linear_q4gsw_coopmat_t256x128k16g42s32ga_texture3d_texture2d_half,2048,8192,3072,0.8735,118.002
4070ti,3b,4w,cand,sarc_linear_q4gsw_coopmat_t256x128k16g42s32ga_texture3d_texture2d_half,2048,3072,8192,0.853,120.839
4070ti,3b,4w,parent,sarc_linear_q4gsw_coopmat_t256x128k16g42s32ga_texture3d_texture2d_half,2048,3072,3072,0.3257,118.688
4070ti,3b,4w,parent,sarc_linear_q4gsw_coopmat_t256x128k16g42s32ga_texture3d_texture2d_half,2048,1024,3072,0.1106,116.505
4070ti,3b,4w,parent,sarc_linear_q4gsw_coopmat_t256x128k16g42s32ga_texture3d_texture2d_half,2048,1024,3072,0.1106,116.505
4070ti,3b,4w,parent,sarc_linear_q4gsw_coopmat_t256x128k16g42s32ga_texture3d_texture2d_half,2048,3072,3072,0.3257,118.688
4070ti,3b,4w,parent,sarc_linear_q4gsw_coopmat_t256x128k16g42s32ga_texture3d_texture2d_half,2048,8192,3072,0.8643,119.269
4070ti,3b,4w,parent,sarc_linear_q4gsw_coopmat_t256x128k16g42s32ga_texture3d_texture2d_half,2048,8192,3072,0.8713,118.3
4070ti,3b,4w,parent,sarc_linear_q4gsw_coopmat_t256x128k16g42s32ga_texture3d_texture2d_half,2048,3072,8192,0.853,120.839
4070ti,3b,4w,parent,sarc_linear_q4gsw_coopmat_t256x128k16g42s32ga_texture3d_texture2d_half,2048,3072,3072,0.3245,119.134
4070ti,3b,4w,parent,sarc_linear_q4gsw_coopmat_t256x128k16g42s32ga_texture3d_texture2d_half,2048,1024,3072,0.1096,117.542
4070ti,3b,4w,parent,sarc_linear_q4gsw_coopmat_t256x128k16g42s32ga_texture3d_texture2d_half,2048,1024,3072,0.1094,117.805
4070ti,3b,4w,parent,sarc_linear_q4gsw_coopmat_t256x128k16g42s32ga_texture3d_texture2d_half,2048,3072,3072,0.3254,118.777
4070ti,3b,4w,parent,sarc_linear_q4gsw_coopmat_t256x128k16g42s32ga_texture3d_texture2d_half,2048,8192,3072,0.8704,118.433
4070ti,3b,4w,parent,sarc_linear_q4gsw_coopmat_t256x128k16g42s32ga_texture3d_texture2d_half,2048,8192,3072,0.8757,117.706
4070ti,3b,4w,parent,sarc_linear_q4gsw_coopmat_t256x128k16g42s32ga_texture3d_texture2d_half,2048,3072,8192,0.853,120.839
4070ti,3b,4w,parent,sarc_linear_q4gsw_coopmat_t256x128k16g42s32ga_texture3d_texture2d_half,2048,3072,3072,0.3257,118.688
4070ti,3b,4w,parent,sarc_linear_q4gsw_coopmat_t256x128k16g42s32ga_texture3d_texture2d_half,2048,1024,3072,0.1096,117.542
4070ti,3b,4w,parent,sarc_linear_q4gsw_coopmat_t256x128k16g42s32ga_texture3d_texture2d_half,2048,1024,3072,0.1096,117.542
4070ti,3b,4w,parent,sarc_linear_q4gsw_coopmat_t256x128k16g42s32ga_texture3d_texture2d_half,2048,3072,3072,0.3257,118.688
4070ti,3b,4w,parent,sarc_linear_q4gsw_coopmat_t256x128k16g42s32ga_texture3d_texture2d_half,2048,8192,3072,0.8633,119.404
4070ti,3b,4w,parent,sarc_linear_q4gsw_coopmat_t256x128k16g42s32ga_texture3d_texture2d_half,2048,8192,3072,0.8755,117.739
4070ti,3b,4w,parent,sarc_linear_q4gsw_coopmat_t256x128k16g42s32ga_texture3d_texture2d_half,2048,3072,8192,0.8542,120.667
4070ti,3b,4w,parent,sarc_linear_q4gsw_coopmat_t256x128k16g42s32ga_texture3d_texture2d_half,2048,3072,3072,0.3254,118.777
4070ti,3b,4w,parent,sarc_linear_q4gsw_coopmat_t256x128k16g42s32ga_texture3d_texture2d_half,2048,1024,3072,0.1096,117.542
4070ti,3b,4w,parent,sarc_linear_q4gsw_coopmat_t256x128k16g42s32ga_texture3d_texture2d_half,2048,1024,3072,0.1096,117.542
4070ti,3b,4w,parent,sarc_linear_q4gsw_coopmat_t256x128k16g42s32ga_texture3d_texture2d_half,2048,3072,3072,0.3254,118.777
4070ti,3b,4w,parent,sarc_linear_q4gsw_coopmat_t256x128k16g42s32ga_texture3d_texture2d_half,2048,8192,3072,0.8643,119.269
4070ti,3b,4w,parent,sarc_linear_q4gsw_coopmat_t256x128k16g42s32ga_texture3d_texture2d_half,2048,8192,3072,0.8726,118.134
4070ti,3b,4w,parent,sarc_linear_q4gsw_coopmat_t256x128k16g42s32ga_texture3d_texture2d_half,2048,3072,8192,0.8499,121.291
4070ti,3b,4w,parent,sarc_linear_q4gsw_coopmat_t256x128k16g42s32ga_texture3d_texture2d_half,2048,3072,3072,0.3228,119.765
4070ti,3b,4w,parent,sarc_linear_q4gsw_coopmat_t256x128k16g42s32ga_texture3d_texture2d_half,2048,1024,3072,0.1084,118.866
4070ti,3b,4w,parent,sarc_linear_q4gsw_coopmat_t256x128k16g42s32ga_texture3d_texture2d_half,2048,1024,3072,0.1084,118.866
4070ti,3b,4w,parent,sarc_linear_q4gsw_coopmat_t256x128k16g42s32ga_texture3d_texture2d_half,2048,3072,3072,0.3247,119.045
4070ti,3b,4w,parent,sarc_linear_q4gsw_coopmat_t256x128k16g42s32ga_texture3d_texture2d_half,2048,8192,3072,0.8569,120.288
4070ti,3b,4w,parent,sarc_linear_q4gsw_coopmat_t256x128k16g42s32ga_texture3d_texture2d_half,2048,8192,3072,0.8691,118.599
4070ti,3b,4w,parent,sarc_linear_q4gsw_coopmat_t256x128k16g42s32ga_texture3d_texture2d_half,2048,3072,8192,0.8499,121.291
4070ti,3b,4w,parent,sarc_linear_q4gsw_coopmat_t256x128k16g42s32ga_texture3d_texture2d_half,2048,3072,3072,0.3225,119.856
4070ti,3b,4w,parent,sarc_linear_q4gsw_coopmat_t256x128k16g42s32ga_texture3d_texture2d_half,2048,1024,3072,0.1096,117.542
4070ti,3b,4w,parent,sarc_linear_q4gsw_coopmat_t256x128k16g42s32ga_texture3d_texture2d_half,2048,1024,3072,0.1084,118.866
4070ti,3b,4w,parent,sarc_linear_q4gsw_coopmat_t256x128k16g42s32ga_texture3d_texture2d_half,2048,3072,3072,0.3237,119.404
4070ti,3b,4w,parent,sarc_linear_q4gsw_coopmat_t256x128k16g42s32ga_texture3d_texture2d_half,2048,8192,3072,0.8633,119.404
4070ti,3b,4w,parent,sarc_linear_q4gsw_coopmat_t256x128k16g42s32ga_texture3d_texture2d_half,2048,8192,3072,0.8672,118.866
4070ti,3b,4w,parent,sarc_linear_q4gsw_coopmat_t256x128k16g42s32ga_texture3d_texture2d_half,2048,3072,8192,0.8469,121.71
4070ti,3b,4w,parent,sarc_linear_q4gsw_coopmat_t256x128k16g42s32ga_texture3d_texture2d_half,2048,3072,3072,0.3228,119.765
4070ti,3b,4w,parent,sarc_linear_q4gsw_coopmat_t256x128k16g42s32ga_texture3d_texture2d_half,2048,1024,3072,0.1096,117.542
4070ti,3b,4w,parent,sarc_linear_q4gsw_coopmat_t256x128k16g42s32ga_texture3d_texture2d_half,2048,1024,3072,0.1096,117.542
4070ti,3b,4w,parent,sarc_linear_q4gsw_coopmat_t256x128k16g42s32ga_texture3d_texture2d_half,2048,3072,3072,0.3237,119.404
4070ti,3b,4w,parent,sarc_linear_q4gsw_coopmat_t256x128k16g42s32ga_texture3d_texture2d_half,2048,8192,3072,0.8604,119.811
4070ti,3b,4w,parent,sarc_linear_q4gsw_coopmat_t256x128k16g42s32ga_texture3d_texture2d_half,2048,8192,3072,0.8684,118.699
4070ti,3b,4w,parent,sarc_linear_q4gsw_coopmat_t256x128k16g42s32ga_texture3d_texture2d_half,2048,3072,8192,0.8459,121.851
4070ti,3b,4w,parent,sarc_linear_q4gsw_coopmat_t256x128k16g42s32ga_texture3d_texture2d_half,2048,3072,3072,0.3235,119.494
4070ti,3b,4w,parent,sarc_linear_q4gsw_coopmat_t256x128k16g42s32ga_texture3d_texture2d_half,2048,1024,3072,0.1096,117.542
4070ti,3b,4w,parent,sarc_linear_q4gsw_coopmat_t256x128k16g42s32ga_texture3d_texture2d_half,2048,1024,3072,0.1096,117.542
4070ti,3b,4w,parent,sarc_linear_q4gsw_coopmat_t256x128k16g42s32ga_texture3d_texture2d_half,2048,3072,3072,0.3235,119.494
4070ti,3b,4w,parent,sarc_linear_q4gsw_coopmat_t256x128k16g42s32ga_texture3d_texture2d_half,2048,8192,3072,0.8569,120.288
4070ti,3b,4w,parent,sarc_linear_q4gsw_coopmat_t256x128k16g42s32ga_texture3d_texture2d_half,2048,8192,3072,0.8684,118.699
4070ti,3b,4w,parent,sarc_linear_q4gsw_coopmat_t256x128k16g42s32ga_texture3d_texture2d_half,2048,3072,8192,0.854,120.701
4070ti,3b,4w,parent,sarc_linear_q4gsw_coopmat_t256x128k16g42s32ga_texture3d_texture2d_half,2048,3072,3072,0.3254,118.777
4070ti,3b,4w,parent,sarc_linear_q4gsw_coopmat_t256x128k16g42s32ga_texture3d_texture2d_half,2048,1024,3072,0.1096,117.542
4070ti,3b,4w,parent,sarc_linear_q4gsw_coopmat_t256x128k16g42s32ga_texture3d_texture2d_half,2048,1024,3072,0.1096,117.542
4070ti,3b,4w,parent,sarc_linear_q4gsw_coopmat_t256x128k16g42s32ga_texture3d_texture2d_half,2048,3072,3072,0.3257,118.688
4070ti,3b,4w,parent,sarc_linear_q4gsw_coopmat_t256x128k16g42s32ga_texture3d_texture2d_half,2048,8192,3072,0.8643,119.269
4070ti,3b,4w,parent,sarc_linear_q4gsw_coopmat_t256x128k16g42s32ga_texture3d_texture2d_half,2048,8192,3072,0.8745,117.871
4070ti,3b,4w,parent,sarc_linear_q4gsw_coopmat_t256x128k16g42s32ga_texture3d_texture2d_half,2048,3072,8192,0.854,120.701
4070ti,3b,4w,parent,sarc_linear_q4gsw_coopmat_t256x128k16g42s32ga_texture3d_texture2d_half,2048,3072,3072,0.3257,118.688
4070ti,3b,4w,parent,sarc_linear_q4gsw_coopmat_t256x128k16g42s32ga_texture3d_texture2d_half,2048,1024,3072,0.1096,117.542
4070ti,3b,4w,parent,sarc_linear_q4gsw_coopmat_t256x128k16g42s32ga_texture3d_texture2d_half,2048,1024,3072,0.1106,116.505
4070ti,3b,4w,parent,sarc_linear_q4gsw_coopmat_t256x128k16g42s32ga_texture3d_texture2d_half,2048,3072,3072,0.3247,119.045
4070ti,3b,4w,parent,sarc_linear_q4gsw_coopmat_t256x128k16g42s32ga_texture3d_texture2d_half,2048,8192,3072,0.8682,118.732
4070ti,3b,4w,parent,sarc_linear_q4gsw_coopmat_t256x128k16g42s32ga_texture3d_texture2d_half,2048,8192,3072,0.8743,117.904
4070ti,3b,4w,parent,sarc_linear_q4gsw_coopmat_t256x128k16g42s32ga_texture3d_texture2d_half,2048,3072,8192,0.8528,120.874
4070ti,3b,4w,parent,sarc_linear_q4gsw_coopmat_t256x128k16g42s32ga_texture3d_texture2d_half,2048,3072,3072,0.3257,118.688
4070ti,3b,4w,parent,sarc_linear_q4gsw_coopmat_t256x128k16g42s32ga_texture3d_texture2d_half,2048,1024,3072,0.1106,116.505
4070ti,3b,4w,parent,sarc_linear_q4gsw_coopmat_t256x128k16g42s32ga_texture3d_texture2d_half,2048,1024,3072,0.1106,116.505
4070ti,3b,4w,parent,sarc_linear_q4gsw_coopmat_t256x128k16g42s32ga_texture3d_texture2d_half,2048,3072,3072,0.3257,118.688
4070ti,3b,4w,parent,sarc_linear_q4gsw_coopmat_t256x128k16g42s32ga_texture3d_texture2d_half,2048,8192,3072,0.8665,118.967
4070ti,3b,4w,parent,sarc_linear_q4gsw_coopmat_t256x128k16g42s32ga_texture3d_texture2d_half,2048,8192,3072,0.8726,118.134
4070ti,3b,4w,parent,sarc_linear_q4gsw_coopmat_t256x128k16g42s32ga_texture3d_texture2d_half,2048,3072,8192,0.854,120.701
4070ti,3b,4w,parent,sarc_linear_q4gsw_coopmat_t256x128k16g42s32ga_texture3d_texture2d_half,2048,3072,3072,0.3257,118.688
4070ti,3b,4w,parent,sarc_linear_q4gsw_coopmat_t256x128k16g42s32ga_texture3d_texture2d_half,2048,1024,3072,0.1096,117.542
4070ti,3b,4w,parent,sarc_linear_q4gsw_coopmat_t256x128k16g42s32ga_texture3d_texture2d_half,2048,1024,3072,0.1096,117.542
4070ti,3b,4w,parent,sarc_linear_q4gsw_coopmat_t256x128k16g42s32ga_texture3d_texture2d_half,2048,3072,3072,0.3245,119.134
4070ti,3b,4w,parent,sarc_linear_q4gsw_coopmat_t256x128k16g42s32ga_texture3d_texture2d_half,2048,8192,3072,0.8633,119.404
4070ti,3b,4w,parent,sarc_linear_q4gsw_coopmat_t256x128k16g42s32ga_texture3d_texture2d_half,2048,8192,3072,0.8745,117.871
4070ti,3b,4w,parent,sarc_linear_q4gsw_coopmat_t256x128k16g42s32ga_texture3d_texture2d_half,2048,3072,8192,0.853,120.839
4070ti,3b,4w,parent,sarc_linear_q4gsw_coopmat_t256x128k16g42s32ga_texture3d_texture2d_half,2048,3072,3072,0.3257,118.688
4070ti,3b,4w,parent,sarc_linear_q4gsw_coopmat_t256x128k16g42s32ga_texture3d_texture2d_half,2048,1024,3072,0.1086,118.599
4070ti,3b,4w,parent,sarc_linear_q4gsw_coopmat_t256x128k16g42s32ga_texture3d_texture2d_half,2048,1024,3072,0.1096,117.542
4070ti,3b,4w,parent,sarc_linear_q4gsw_coopmat_t256x128k16g42s32ga_texture3d_texture2d_half,2048,3072,3072,0.3254,118.777
4070ti,3b,4w,parent,sarc_linear_q4gsw_coopmat_t256x128k16g42s32ga_texture3d_texture2d_half,2048,8192,3072,0.8643,119.269
4070ti,3b,4w,parent,sarc_linear_q4gsw_coopmat_t256x128k16g42s32ga_texture3d_texture2d_half,2048,8192,3072,0.8735,118.002
4070ti,3b,4w,parent,sarc_linear_q4gsw_coopmat_t256x128k16g42s32ga_texture3d_texture2d_half,2048,3072,8192,0.854,120.701
4070ti,3b,4w,parent,sarc_linear_q4gsw_coopmat_t256x128k16g42s32ga_texture3d_texture2d_half,2048,3072,3072,0.3257,118.688
4070ti,3b,4w,parent,sarc_linear_q4gsw_coopmat_t256x128k16g42s32ga_texture3d_texture2d_half,2048,1024,3072,0.1106,116.505
4070ti,3b,4w,parent,sarc_linear_q4gsw_coopmat_t256x128k16g42s32ga_texture3d_texture2d_half,2048,1024,3072,0.1096,117.542
4070ti,3b,4w,parent,sarc_linear_q4gsw_coopmat_t256x128k16g42s32ga_texture3d_texture2d_half,2048,3072,3072,0.3254,118.777
4070ti,3b,4w,parent,sarc_linear_q4gsw_coopmat_t256x128k16g42s32ga_texture3d_texture2d_half,2048,8192,3072,0.8694,118.566
4070ti,3b,4w,parent,sarc_linear_q4gsw_coopmat_t256x128k16g42s32ga_texture3d_texture2d_half,2048,8192,3072,0.8745,117.871
4070ti,3b,4w,parent,sarc_linear_q4gsw_coopmat_t256x128k16g42s32ga_texture3d_texture2d_half,2048,3072,8192,0.854,120.701
4070ti,3b,4w,parent,sarc_linear_q4gsw_coopmat_t256x128k16g42s32ga_texture3d_texture2d_half,2048,3072,3072,0.3254,118.777
4070ti,3b,4w,parent,sarc_linear_q4gsw_coopmat_t256x128k16g42s32ga_texture3d_texture2d_half,2048,1024,3072,0.1106,116.505
4070ti,3b,4w,parent,sarc_linear_q4gsw_coopmat_t256x128k16g42s32ga_texture3d_texture2d_half,2048,1024,3072,0.1106,116.505
4070ti,3b,4w,parent,sarc_linear_q4gsw_coopmat_t256x128k16g42s32ga_texture3d_texture2d_half,2048,3072,3072,0.3247,119.045
4070ti,3b,4w,parent,sarc_linear_q4gsw_coopmat_t256x128k16g42s32ga_texture3d_texture2d_half,2048,8192,3072,0.8652,119.134
4070ti,3b,4w,parent,sarc_linear_q4gsw_coopmat_t256x128k16g42s32ga_texture3d_texture2d_half,2048,8192,3072,0.8745,117.871
4070ti,3b,4w,parent,sarc_linear_q4gsw_coopmat_t256x128k16g42s32ga_texture3d_texture2d_half,2048,3072,8192,0.8521,120.978
4070ti,3b,4w,parent,sarc_linear_q4gsw_coopmat_t256x128k16g42s32ga_texture3d_texture2d_half,2048,3072,3072,0.3267,118.333
4070ti,3b,4w,parent,sarc_linear_q4gsw_coopmat_t256x128k16g42s32ga_texture3d_texture2d_half,2048,1024,3072,0.1106,116.505
4070ti,3b,4w,parent,sarc_linear_q4gsw_coopmat_t256x128k16g42s32ga_texture3d_texture2d_half,2048,1024,3072,0.1094,117.805
4070ti,3b,4w,parent,sarc_linear_q4gsw_coopmat_t256x128k16g42s32ga_texture3d_texture2d_half,2048,3072,3072,0.3257,118.688
4070ti,3b,4w,parent,sarc_linear_q4gsw_coopmat_t256x128k16g42s32ga_texture3d_texture2d_half,2048,8192,3072,0.8655,119.101
4070ti,3b,4w,parent,sarc_linear_q4gsw_coopmat_t256x128k16g42s32ga_texture3d_texture2d_half,2048,8192,3072,0.8745,117.871
4070ti,3b,4w,parent,sarc_linear_q4gsw_coopmat_t256x128k16g42s32ga_texture3d_texture2d_half,2048,3072,8192,0.853,120.839
4070ti,3b,4w,parent,sarc_linear_q4gsw_coopmat_t256x128k16g42s32ga_texture3d_texture2d_half,2048,3072,3072,0.3257,118.688
4070ti,3b,4w,parent,sarc_linear_q4gsw_coopmat_t256x128k16g42s32ga_texture3d_texture2d_half,2048,1024,3072,0.1106,116.505
4070ti,3b,4w,parent,sarc_linear_q4gsw_coopmat_t256x128k16g42s32ga_texture3d_texture2d_half,2048,1024,3072,0.1084,118.866
4070ti,3b,4w,parent,sarc_linear_q4gsw_coopmat_t256x128k16g42s32ga_texture3d_texture2d_half,2048,3072,3072,0.3257,118.688
4070ti,3b,4w,parent,sarc_linear_q4gsw_coopmat_t256x128k16g42s32ga_texture3d_texture2d_half,2048,8192,3072,0.8633,119.404
4070ti,3b,4w,parent,sarc_linear_q4gsw_coopmat_t256x128k16g42s32ga_texture3d_texture2d_half,2048,8192,3072,0.8755,117.739
4070ti,3b,4w,parent,sarc_linear_q4gsw_coopmat_t256x128k16g42s32ga_texture3d_texture2d_half,2048,3072,8192,0.8521,120.978
4070ti,3b,4w,parent,sarc_linear_q4gsw_coopmat_t256x128k16g42s32ga_texture3d_texture2d_half,2048,3072,3072,0.3257,118.688
4070ti,3b,4w,parent,sarc_linear_q4gsw_coopmat_t256x128k16g42s32ga_texture3d_texture2d_half,2048,1024,3072,0.1106,116.505
4070ti,3b,4w,parent,sarc_linear_q4gsw_coopmat_t256x128k16g42s32ga_texture3d_texture2d_half,2048,1024,3072,0.1106,116.505
4070ti,3b,4w,parent,sarc_linear_q4gsw_coopmat_t256x128k16g42s32ga_texture3d_texture2d_half,2048,3072,3072,0.3257,118.688
4070ti,3b,4w,parent,sarc_linear_q4gsw_coopmat_t256x128k16g42s32ga_texture3d_texture2d_half,2048,8192,3072,0.8684,118.699
4070ti,3b,4w,parent,sarc_linear_q4gsw_coopmat_t256x128k16g42s32ga_texture3d_texture2d_half,2048,8192,3072,0.8735,118.002
4070ti,3b,4w,parent,sarc_linear_q4gsw_coopmat_t256x128k16g42s32ga_texture3d_texture2d_half,2048,3072,8192,0.854,120.701
4070ti,3b,4w,parent,sarc_linear_q4gsw_coopmat_t256x128k16g42s32ga_texture3d_texture2d_half,2048,3072,3072,0.3289,117.542
4070ti,3b,4w,parent,sarc_linear_q4gsw_coopmat_t256x128k16g42s32ga_texture3d_texture2d_half,2048,1024,3072,0.1106,116.505
4070ti,3b,4w,parent,sarc_linear_q4gsw_coopmat_t256x128k16g42s32ga_texture3d_texture2d_half,2048,1024,3072,0.1096,117.542
4070ti,3b,4w,parent,sarc_linear_q4gsw_coopmat_t256x128k16g42s32ga_texture3d_texture2d_half,2048,3072,3072,0.3257,118.688
4070ti,3b,4w,parent,sarc_linear_q4gsw_coopmat_t256x128k16g42s32ga_texture3d_texture2d_half,2048,8192,3072,0.863,119.438
4070ti,3b,4w,parent,sarc_linear_q4gsw_coopmat_t256x128k16g42s32ga_texture3d_texture2d_half,2048,8192,3072,0.8765,117.608
4070ti,3b,4w,parent,sarc_linear_q4gsw_coopmat_t256x128k16g42s32ga_texture3d_texture2d_half,2048,3072,8192,0.853,120.839
4070ti,3b,4w,parent,sarc_linear_q4gsw_coopmat_t256x128k16g42s32ga_texture3d_texture2d_half,2048,3072,3072,0.3257,118.688
4070ti,3b,4w,parent,sarc_linear_q4gsw_coopmat_t256x128k16g42s32ga_texture3d_texture2d_half,2048,1024,3072,0.1106,116.505
4070ti,3b,4w,parent,sarc_linear_q4gsw_coopmat_t256x128k16g42s32ga_texture3d_texture2d_half,2048,1024,3072,0.1096,117.542
4070ti,3b,4w,parent,sarc_linear_q4gsw_coopmat_t256x128k16g42s32ga_texture3d_texture2d_half,2048,3072,3072,0.3247,119.045
4070ti,3b,4w,parent,sarc_linear_q4gsw_coopmat_t256x128k16g42s32ga_texture3d_texture2d_half,2048,8192,3072,0.8633,119.404
4070ti,3b,4w,parent,sarc_linear_q4gsw_coopmat_t256x128k16g42s32ga_texture3d_texture2d_half,2048,8192,3072,0.8745,117.871
4070ti,3b,4w,parent,sarc_linear_q4gsw_coopmat_t256x128k16g42s32ga_texture3d_texture2d_half,2048,3072,8192,0.853,120.839
4070ti,3b,4w,parent,sarc_linear_q4gsw_coopmat_t256x128k16g42s32ga_texture3d_texture2d_half,2048,3072,3072,0.3257,118.688
4070ti,3b,4w,parent,sarc_linear_q4gsw_coopmat_t256x128k16g42s32ga_texture3d_texture2d_half,2048,1024,3072,0.1086,118.599
4070ti,3b,4w,parent,sarc_linear_q4gsw_coopmat_t256x128k16g42s32ga_texture3d_texture2d_half,2048,1024,3072,0.1096,117.542
4070ti,3b,4w,parent,sarc_linear_q4gsw_coopmat_t256x128k16g42s32ga_texture3d_texture2d_half,2048,3072,3072,0.3254,118.777
4070ti,3b,4w,parent,sarc_linear_q4gsw_coopmat_t256x128k16g42s32ga_texture3d_texture2d_half,2048,8192,3072,0.8623,119.539
4070ti,3b,4w,parent,sarc_linear_q4gsw_coopmat_t256x128k16g42s32ga_texture3d_texture2d_half,2048,8192,3072,0.8735,118.002
4070ti,3b,4w,parent,sarc_linear_q4gsw_coopmat_t256x128k16g42s32ga_texture3d_texture2d_half,2048,3072,8192,0.853,120.839
4070ti,3b,4w,parent,sarc_linear_q4gsw_coopmat_t256x128k16g42s32ga_texture3d_texture2d_half,2048,3072,3072,0.3257,118.688
4070ti,3b,4w,parent,sarc_linear_q4gsw_coopmat_t256x128k16g42s32ga_texture3d_texture2d_half,2048,1024,3072,0.1116,115.485
4070ti,3b,4w,parent,sarc_linear_q4gsw_coopmat_t256x128k16g42s32ga_texture3d_texture2d_half,2048,1024,3072,0.1096,117.542
4070ti,3b,4w,parent,sarc_linear_q4gsw_coopmat_t256x128k16g42s32ga_texture3d_texture2d_half,2048,3072,3072,0.3257,118.688
4070ti,3b,4w,parent,sarc_linear_q4gsw_coopmat_t256x128k16g42s32ga_texture3d_texture2d_half,2048,8192,3072,0.8694,118.566
4070ti,3b,4w,parent,sarc_linear_q4gsw_coopmat_t256x128k16g42s32ga_texture3d_texture2d_half,2048,8192,3072,0.8745,117.871
4070ti,3b,4w,parent,sarc_linear_q4gsw_coopmat_t256x128k16g42s32ga_texture3d_texture2d_half,2048,3072,8192,0.854,120.701
4070ti,3b,4w,parent,sarc_linear_q4gsw_coopmat_t256x128k16g42s32ga_texture3d_texture2d_half,2048,3072,3072,0.3257,118.688
4070ti,3b,4w,parent,sarc_linear_q4gsw_coopmat_t256x128k16g42s32ga_texture3d_texture2d_half,2048,1024,3072,0.1094,117.805
4070ti,3b,4w,parent,sarc_linear_q4gsw_coopmat_t256x128k16g42s32ga_texture3d_texture2d_half,2048,1024,3072,0.1096,117.542
4070ti,3b,4w,parent,sarc_linear_q4gsw_coopmat_t256x128k16g42s32ga_texture3d_texture2d_half,2048,3072,3072,0.3247,119.045
4070ti,3b,4w,parent,sarc_linear_q4gsw_coopmat_t256x128k16g42s32ga_texture3d_texture2d_half,2048,8192,3072,0.8643,119.269
4070ti,3b,4w,parent,sarc_linear_q4gsw_coopmat_t256x128k16g42s32ga_texture3d_texture2d_half,2048,8192,3072,0.8755,117.739
4070ti,3b,4w,parent,sarc_linear_q4gsw_coopmat_t256x128k16g42s32ga_texture3d_texture2d_half,2048,3072,8192,0.853,120.839
4070ti,3b,4w,parent,sarc_linear_q4gsw_coopmat_t256x128k16g42s32ga_texture3d_texture2d_half,2048,3072,3072,0.3257,118.688
4070ti,3b,4w,parent,sarc_linear_q4gsw_coopmat_t256x128k16g42s32ga_texture3d_texture2d_half,2048,1024,3072,0.1106,116.505
4070ti,3b,4w,parent,sarc_linear_q4gsw_coopmat_t256x128k16g42s32ga_texture3d_texture2d_half,2048,1024,3072,0.1096,117.542
4070ti,3b,4w,parent,sarc_linear_q4gsw_coopmat_t256x128k16g42s32ga_texture3d_texture2d_half,2048,3072,3072,0.3254,118.777
4070ti,3b,4w,parent,sarc_linear_q4gsw_coopmat_t256x128k16g42s32ga_texture3d_texture2d_half,2048,8192,3072,0.8633,119.404
4070ti,3b,4w,parent,sarc_linear_q4gsw_coopmat_t256x128k16g42s32ga_texture3d_texture2d_half,2048,8192,3072,0.8735,118.002
4070ti,3b,4w,parent,sarc_linear_q4gsw_coopmat_t256x128k16g42s32ga_texture3d_texture2d_half,2048,3072,8192,0.854,120.701
4070ti,3b,4w,parent,sarc_linear_q4gsw_coopmat_t256x128k16g42s32ga_texture3d_texture2d_half,2048,3072,3072,0.3257,118.688
4070ti,3b,4w,parent,sarc_linear_q4gsw_coopmat_t256x128k16g42s32ga_texture3d_texture2d_half,2048,1024,3072,0.1096,117.542
4070ti,3b,4w,parent,sarc_linear_q4gsw_coopmat_t256x128k16g42s32ga_texture3d_texture2d_half,2048,1024,3072,0.1096,117.542
4070ti,3b,4w,parent,sarc_linear_q4gsw_coopmat_t256x128k16g42s32ga_texture3d_texture2d_half,2048,3072,3072,0.3267,118.333
4070ti,3b,4w,parent,sarc_linear_q4gsw_coopmat_t256x128k16g42s32ga_texture3d_texture2d_half,2048,8192,3072,0.8623,119.539
4070ti,3b,4w,parent,sarc_linear_q4gsw_coopmat_t256x128k16g42s32ga_texture3d_texture2d_half,2048,8192,3072,0.8745,117.871
4070ti,3b,4w,parent,sarc_linear_q4gsw_coopmat_t256x128k16g42s32ga_texture3d_texture2d_half,2048,3072,8192,0.856,120.426
4070ti,3b,4w,parent,sarc_linear_q4gsw_coopmat_t256x128k16g42s32ga_texture3d_texture2d_half,2048,3072,3072,0.3254,118.777
4070ti,3b,4w,parent,sarc_linear_q4gsw_coopmat_t256x128k16g42s32ga_texture3d_texture2d_half,2048,1024,3072,0.1094,117.805
4070ti,3b,4w,parent,sarc_linear_q4gsw_coopmat_t256x128k16g42s32ga_texture3d_texture2d_half,2048,1024,3072,0.1106,116.505
4070ti,3b,4w,parent,sarc_linear_q4gsw_coopmat_t256x128k16g42s32ga_texture3d_texture2d_half,2048,3072,3072,0.3257,118.688
4070ti,3b,4w,parent,sarc_linear_q4gsw_coopmat_t256x128k16g42s32ga_texture3d_texture2d_half,2048,8192,3072,0.8694,118.566
4070ti,3b,4w,parent,sarc_linear_q4gsw_coopmat_t256x128k16g42s32ga_texture3d_texture2d_half,2048,8192,3072,0.8723,118.167
4070ti,3b,4w,parent,sarc_linear_q4gsw_coopmat_t256x128k16g42s32ga_texture3d_texture2d_half,2048,3072,8192,0.853,120.839
4070ti,3b,4w,parent,sarc_linear_q4gsw_coopmat_t256x128k16g42s32ga_texture3d_texture2d_half,2048,3072,3072,0.3254,118.777
4070ti,3b,4w,parent,sarc_linear_q4gsw_coopmat_t256x128k16g42s32ga_texture3d_texture2d_half,2048,1024,3072,0.1096,117.542
4070ti,3b,4w,parent,sarc_linear_q4gsw_coopmat_t256x128k16g42s32ga_texture3d_texture2d_half,2048,1024,3072,0.1096,117.542
4070ti,3b,4w,parent,sarc_linear_q4gsw_coopmat_t256x128k16g42s32ga_texture3d_texture2d_half,2048,3072,3072,0.3257,118.688
4070ti,3b,4w,parent,sarc_linear_q4gsw_coopmat_t256x128k16g42s32ga_texture3d_texture2d_half,2048,8192,3072,0.8652,119.134
4070ti,3b,4w,parent,sarc_linear_q4gsw_coopmat_t256x128k16g42s32ga_texture3d_texture2d_half,2048,8192,3072,0.8765,117.608
4070ti,3b,4w,parent,sarc_linear_q4gsw_coopmat_t256x128k16g42s32ga_texture3d_texture2d_half,2048,3072,8192,0.853,120.839
4070ti,3b,4w,parent,sarc_linear_q4gsw_coopmat_t256x128k16g42s32ga_texture3d_texture2d_half,2048,3072,3072,0.3257,118.688
4070ti,3b,4w,parent,sarc_linear_q4gsw_coopmat_t256x128k16g42s32ga_texture3d_texture2d_half,2048,1024,3072,0.1106,116.505
4070ti,3b,4w,parent,sarc_linear_q4gsw_coopmat_t256x128k16g42s32ga_texture3d_texture2d_half,2048,1024,3072,0.1106,116.505
4070ti,3b,4w,parent,sarc_linear_q4gsw_coopmat_t256x128k16g42s32ga_texture3d_texture2d_half,2048,3072,3072,0.3257,118.688
4070ti,3b,4w,parent,sarc_linear_q4gsw_coopmat_t256x128k16g42s32ga_texture3d_texture2d_half,2048,8192,3072,0.8633,119.404
4070ti,3b,4w,parent,sarc_linear_q4gsw_coopmat_t256x128k16g42s32ga_texture3d_texture2d_half,2048,8192,3072,0.8755,117.739
4070ti,3b,4w,parent,sarc_linear_q4gsw_coopmat_t256x128k16g42s32ga_texture3d_texture2d_half,2048,3072,8192,0.854,120.701
4070ti,3b,8da4w,cand,sarc_linear_dq8ca_coopmat_zpgtr_t128x128k64g44s32mk32ra_texture3d_texture2d_half,2048,3072,3072,0.2549,151.657
4070ti,3b,8da4w,cand,sarc_linear_dq8ca_coopmat_zpgtr_t128x128k64g44s32mk32ra_texture3d_texture2d_half,2048,1024,3072,0.0869,148.249
4070ti,3b,8da4w,cand,sarc_linear_dq8ca_coopmat_zpgtr_t128x128k64g44s32mk32ra_texture3d_texture2d_half,2048,1024,3072,0.0869,148.249
4070ti,3b,8da4w,cand,sarc_linear_dq8ca_coopmat_zpgtr_t128x128k64g44s32mk32ra_texture3d_texture2d_half,2048,3072,3072,0.2539,152.24
4070ti,3b,8da4w,cand,sarc_linear_dq8ca_coopmat_zpgtr_t128x128k64g44s32mk32ra_texture3d_texture2d_half,2048,8192,3072,0.6768,152.313
4070ti,3b,8da4w,cand,sarc_linear_dq8ca_coopmat_zpgtr_t128x128k64g44s32mk32ra_texture3d_texture2d_half,2048,8192,3072,0.679,151.82
4070ti,3b,8da4w,cand,sarc_linear_dq8ca_coopmat_zpgtr_t128x128k64g44s32mk32ra_texture3d_texture2d_half,2048,3072,8192,0.679,151.82
4070ti,3b,8da4w,cand,sarc_linear_dq8ca_coopmat_zpgtr_t128x128k64g44s32mk32ra_texture3d_texture2d_half,2048,3072,3072,0.2549,151.657
4070ti,3b,8da4w,cand,sarc_linear_dq8ca_coopmat_zpgtr_t128x128k64g44s32mk32ra_texture3d_texture2d_half,2048,1024,3072,0.0869,148.249
4070ti,3b,8da4w,cand,sarc_linear_dq8ca_coopmat_zpgtr_t128x128k64g44s32mk32ra_texture3d_texture2d_half,2048,1024,3072,0.0872,147.833
4070ti,3b,8da4w,cand,sarc_linear_dq8ca_coopmat_zpgtr_t128x128k64g44s32mk32ra_texture3d_texture2d_half,2048,3072,3072,0.2551,151.512
4070ti,3b,8da4w,cand,sarc_linear_dq8ca_coopmat_zpgtr_t128x128k64g44s32mk32ra_texture3d_texture2d_half,2048,8192,3072,0.6748,152.754
4070ti,3b,8da4w,cand,sarc_linear_dq8ca_coopmat_zpgtr_t128x128k64g44s32mk32ra_texture3d_texture2d_half,2048,8192,3072,0.6809,151.385
4070ti,3b,8da4w,cand,sarc_linear_dq8ca_coopmat_zpgtr_t128x128k64g44s32mk32ra_texture3d_texture2d_half,2048,3072,8192,0.679,151.82
4070ti,3b,8da4w,cand,sarc_linear_dq8ca_coopmat_zpgtr_t128x128k64g44s32mk32ra_texture3d_texture2d_half,2048,3072,3072,0.2549,151.657
4070ti,3b,8da4w,cand,sarc_linear_dq8ca_coopmat_zpgtr_t128x128k64g44s32mk32ra_texture3d_texture2d_half,2048,1024,3072,0.0859,149.933
4070ti,3b,8da4w,cand,sarc_linear_dq8ca_coopmat_zpgtr_t128x128k64g44s32mk32ra_texture3d_texture2d_half,2048,1024,3072,0.0859,149.933
4070ti,3b,8da4w,cand,sarc_linear_dq8ca_coopmat_zpgtr_t128x128k64g44s32mk32ra_texture3d_texture2d_half,2048,3072,3072,0.2539,152.24
4070ti,3b,8da4w,cand,sarc_linear_dq8ca_coopmat_zpgtr_t128x128k64g44s32mk32ra_texture3d_texture2d_half,2048,8192,3072,0.6748,152.754
4070ti,3b,8da4w,cand,sarc_linear_dq8ca_coopmat_zpgtr_t128x128k64g44s32mk32ra_texture3d_texture2d_half,2048,8192,3072,0.678,152.039
4070ti,3b,8da4w,cand,sarc_linear_dq8ca_coopmat_zpgtr_t128x128k64g44s32mk32ra_texture3d_texture2d_half,2048,3072,8192,0.6799,151.602
4070ti,3b,8da4w,cand,sarc_linear_dq8ca_coopmat_zpgtr_t128x128k64g44s32mk32ra_texture3d_texture2d_half,2048,3072,3072,0.2542,152.094
4070ti,3b,8da4w,cand,sarc_linear_dq8ca_coopmat_zpgtr_t128x128k64g44s32mk32ra_texture3d_texture2d_half,2048,1024,3072,0.0869,148.249
4070ti,3b,8da4w,cand,sarc_linear_dq8ca_coopmat_zpgtr_t128x128k64g44s32mk32ra_texture3d_texture2d_half,2048,1024,3072,0.0872,147.833
4070ti,3b,8da4w,cand,sarc_linear_dq8ca_coopmat_zpgtr_t128x128k64g44s32mk32ra_texture3d_texture2d_half,2048,3072,3072,0.2539,152.24
4070ti,3b,8da4w,cand,sarc_linear_dq8ca_coopmat_zpgtr_t128x128k64g44s32mk32ra_texture3d_texture2d_half,2048,8192,3072,0.6758,152.533
4070ti,3b,8da4w,cand,sarc_linear_dq8ca_coopmat_zpgtr_t128x128k64g44s32mk32ra_texture3d_texture2d_half,2048,8192,3072,0.6819,151.168
4070ti,3b,8da4w,cand,sarc_linear_dq8ca_coopmat_zpgtr_t128x128k64g44s32mk32ra_texture3d_texture2d_half,2048,3072,8192,0.679,151.82
4070ti,3b,8da4w,cand,sarc_linear_dq8ca_coopmat_zpgtr_t128x128k64g44s32mk32ra_texture3d_texture2d_half,2048,3072,3072,0.2539,152.24
4070ti,3b,8da4w,cand,sarc_linear_dq8ca_coopmat_zpgtr_t128x128k64g44s32mk32ra_texture3d_texture2d_half,2048,1024,3072,0.0859,149.933
4070ti,3b,8da4w,cand,sarc_linear_dq8ca_coopmat_zpgtr_t128x128k64g44s32mk32ra_texture3d_texture2d_half,2048,1024,3072,0.0862,149.509
4070ti,3b,8da4w,cand,sarc_linear_dq8ca_coopmat_zpgtr_t128x128k64g44s32mk32ra_texture3d_texture2d_half,2048,3072,3072,0.2551,151.512
4070ti,3b,8da4w,cand,sarc_linear_dq8ca_coopmat_zpgtr_t128x128k64g44s32mk32ra_texture3d_texture2d_half,2048,8192,3072,0.6758,152.533
4070ti,3b,8da4w,cand,sarc_linear_dq8ca_coopmat_zpgtr_t128x128k64g44s32mk32ra_texture3d_texture2d_half,2048,8192,3072,0.679,151.82
4070ti,3b,8da4w,cand,sarc_linear_dq8ca_coopmat_zpgtr_t128x128k64g44s32mk32ra_texture3d_texture2d_half,2048,3072,8192,0.6809,151.385
4070ti,3b,8da4w,cand,sarc_linear_dq8ca_coopmat_zpgtr_t128x128k64g44s32mk32ra_texture3d_texture2d_half,2048,3072,3072,0.2549,151.657
4070ti,3b,8da4w,cand,sarc_linear_dq8ca_coopmat_zpgtr_t128x128k64g44s32mk32ra_texture3d_texture2d_half,2048,1024,3072,0.0869,148.249
4070ti,3b,8da4w,cand,sarc_linear_dq8ca_coopmat_zpgtr_t128x128k64g44s32mk32ra_texture3d_texture2d_half,2048,1024,3072,0.0859,149.933
4070ti,3b,8da4w,cand,sarc_linear_dq8ca_coopmat_zpgtr_t128x128k64g44s32mk32ra_texture3d_texture2d_half,2048,3072,3072,0.2551,151.512
4070ti,3b,8da4w,cand,sarc_linear_dq8ca_coopmat_zpgtr_t128x128k64g44s32mk32ra_texture3d_texture2d_half,2048,8192,3072,0.6748,152.754
4070ti,3b,8da4w,cand,sarc_linear_dq8ca_coopmat_zpgtr_t128x128k64g44s32mk32ra_texture3d_texture2d_half,2048,8192,3072,0.6799,151.602
4070ti,3b,8da4w,cand,sarc_linear_dq8ca_coopmat_zpgtr_t128x128k64g44s32mk32ra_texture3d_texture2d_half,2048,3072,8192,0.6819,151.168
4070ti,3b,8da4w,cand,sarc_linear_dq8ca_coopmat_zpgtr_t128x128k64g44s32mk32ra_texture3d_texture2d_half,2048,3072,3072,0.2539,152.24
4070ti,3b,8da4w,cand,sarc_linear_dq8ca_coopmat_zpgtr_t128x128k64g44s32mk32ra_texture3d_texture2d_half,2048,1024,3072,0.0859,149.933
4070ti,3b,8da4w,cand,sarc_linear_dq8ca_coopmat_zpgtr_t128x128k64g44s32mk32ra_texture3d_texture2d_half,2048,1024,3072,0.0862,149.509
4070ti,3b,8da4w,cand,sarc_linear_dq8ca_coopmat_zpgtr_t128x128k64g44s32mk32ra_texture3d_texture2d_half,2048,3072,3072,0.2539,152.24
4070ti,3b,8da4w,cand,sarc_linear_dq8ca_coopmat_zpgtr_t128x128k64g44s32mk32ra_texture3d_texture2d_half,2048,8192,3072,0.677,152.258
4070ti,3b,8da4w,cand,sarc_linear_dq8ca_coopmat_zpgtr_t128x128k64g44s32mk32ra_texture3d_texture2d_half,2048,8192,3072,0.679,151.82
4070ti,3b,8da4w,cand,sarc_linear_dq8ca_coopmat_zpgtr_t128x128k64g44s32mk32ra_texture3d_texture2d_half,2048,3072,8192,0.6799,151.602
4070ti,3b,8da4w,cand,sarc_linear_dq8ca_coopmat_zpgtr_t128x128k64g44s32mk32ra_texture3d_texture2d_half,2048,3072,3072,0.2539,152.24
4070ti,3b,8da4w,cand,sarc_linear_dq8ca_coopmat_zpgtr_t128x128k64g44s32mk32ra_texture3d_texture2d_half,2048,1024,3072,0.0862,149.509
4070ti,3b,8da4w,cand,sarc_linear_dq8ca_coopmat_zpgtr_t128x128k64g44s32mk32ra_texture3d_texture2d_half,2048,1024,3072,0.0872,147.833
4070ti,3b,8da4w,cand,sarc_linear_dq8ca_coopmat_zpgtr_t128x128k64g44s32mk32ra_texture3d_texture2d_half,2048,3072,3072,0.2539,152.24
4070ti,3b,8da4w,cand,sarc_linear_dq8ca_coopmat_zpgtr_t128x128k64g44s32mk32ra_texture3d_texture2d_half,2048,8192,3072,0.6748,152.754
4070ti,3b,8da4w,cand,sarc_linear_dq8ca_coopmat_zpgtr_t128x128k64g44s32mk32ra_texture3d_texture2d_half,2048,8192,3072,0.677,152.258
4070ti,3b,8da4w,cand,sarc_linear_dq8ca_coopmat_zpgtr_t128x128k64g44s32mk32ra_texture3d_texture2d_half,2048,3072,8192,0.6809,151.385
4070ti,3b,8da4w,cand,sarc_linear_dq8ca_coopmat_zpgtr_t128x128k64g44s32mk32ra_texture3d_texture2d_half,2048,3072,3072,0.2539,152.24
4070ti,3b,8da4w,cand,sarc_linear_dq8ca_coopmat_zpgtr_t128x128k64g44s32mk32ra_texture3d_texture2d_half,2048,1024,3072,0.0859,149.933
4070ti,3b,8da4w,cand,sarc_linear_dq8ca_coopmat_zpgtr_t128x128k64g44s32mk32ra_texture3d_texture2d_half,2048,1024,3072,0.0872,147.833
4070ti,3b,8da4w,cand,sarc_linear_dq8ca_coopmat_zpgtr_t128x128k64g44s32mk32ra_texture3d_texture2d_half,2048,3072,3072,0.2549,151.657
4070ti,3b,8da4w,cand,sarc_linear_dq8ca_coopmat_zpgtr_t128x128k64g44s32mk32ra_texture3d_texture2d_half,2048,8192,3072,0.6748,152.754
4070ti,3b,8da4w,cand,sarc_linear_dq8ca_coopmat_zpgtr_t128x128k64g44s32mk32ra_texture3d_texture2d_half,2048,8192,3072,0.679,151.82
4070ti,3b,8da4w,cand,sarc_linear_dq8ca_coopmat_zpgtr_t128x128k64g44s32mk32ra_texture3d_texture2d_half,2048,3072,8192,0.6819,151.168
4070ti,3b,8da4w,cand,sarc_linear_dq8ca_coopmat_zpgtr_t128x128k64g44s32mk32ra_texture3d_texture2d_half,2048,3072,3072,0.2551,151.512
4070ti,3b,8da4w,cand,sarc_linear_dq8ca_coopmat_zpgtr_t128x128k64g44s32mk32ra_texture3d_texture2d_half,2048,1024,3072,0.0862,149.509
4070ti,3b,8da4w,cand,sarc_linear_dq8ca_coopmat_zpgtr_t128x128k64g44s32mk32ra_texture3d_texture2d_half,2048,1024,3072,0.085,151.657
4070ti,3b,8da4w,cand,sarc_linear_dq8ca_coopmat_zpgtr_t128x128k64g44s32mk32ra_texture3d_texture2d_half,2048,3072,3072,0.2551,151.512
4070ti,3b,8da4w,cand,sarc_linear_dq8ca_coopmat_zpgtr_t128x128k64g44s32mk32ra_texture3d_texture2d_half,2048,8192,3072,0.6768,152.313
4070ti,3b,8da4w,cand,sarc_linear_dq8ca_coopmat_zpgtr_t128x128k64g44s32mk32ra_texture3d_texture2d_half,2048,8192,3072,0.678,152.039
4070ti,3b,8da4w,cand,sarc_linear_dq8ca_coopmat_zpgtr_t128x128k64g44s32mk32ra_texture3d_texture2d_half,2048,3072,8192,0.6799,151.602
4070ti,3b,8da4w,cand,sarc_linear_dq8ca_coopmat_zpgtr_t128x128k64g44s32mk32ra_texture3d_texture2d_half,2048,3072,3072,0.2539,152.24
4070ti,3b,8da4w,cand,sarc_linear_dq8ca_coopmat_zpgtr_t128x128k64g44s32mk32ra_texture3d_texture2d_half,2048,1024,3072,0.0869,148.249
4070ti,3b,8da4w,cand,sarc_linear_dq8ca_coopmat_zpgtr_t128x128k64g44s32mk32ra_texture3d_texture2d_half,2048,1024,3072,0.0859,149.933
4070ti,3b,8da4w,cand,sarc_linear_dq8ca_coopmat_zpgtr_t128x128k64g44s32mk32ra_texture3d_texture2d_half,2048,3072,3072,0.2539,152.24
4070ti,3b,8da4w,cand,sarc_linear_dq8ca_coopmat_zpgtr_t128x128k64g44s32mk32ra_texture3d_texture2d_half,2048,8192,3072,0.676,152.478
4070ti,3b,8da4w,cand,sarc_linear_dq8ca_coopmat_zpgtr_t128x128k64g44s32mk32ra_texture3d_texture2d_half,2048,8192,3072,0.679,151.82
4070ti,3b,8da4w,cand,sarc_linear_dq8ca_coopmat_zpgtr_t128x128k64g44s32mk32ra_texture3d_texture2d_half,2048,3072,8192,0.6799,151.602
4070ti,3b,8da4w,cand,sarc_linear_dq8ca_coopmat_zpgtr_t128x128k64g44s32mk32ra_texture3d_texture2d_half,2048,3072,3072,0.2549,151.657
4070ti,3b,8da4w,cand,sarc_linear_dq8ca_coopmat_zpgtr_t128x128k64g44s32mk32ra_texture3d_texture2d_half,2048,1024,3072,0.0872,147.833
4070ti,3b,8da4w,cand,sarc_linear_dq8ca_coopmat_zpgtr_t128x128k64g44s32mk32ra_texture3d_texture2d_half,2048,1024,3072,0.0859,149.933
4070ti,3b,8da4w,cand,sarc_linear_dq8ca_coopmat_zpgtr_t128x128k64g44s32mk32ra_texture3d_texture2d_half,2048,3072,3072,0.2529,152.828
4070ti,3b,8da4w,cand,sarc_linear_dq8ca_coopmat_zpgtr_t128x128k64g44s32mk32ra_texture3d_texture2d_half,2048,8192,3072,0.6748,152.754
4070ti,3b,8da4w,cand,sarc_linear_dq8ca_coopmat_zpgtr_t128x128k64g44s32mk32ra_texture3d_texture2d_half,2048,8192,3072,0.678,152.039
4070ti,3b,8da4w,cand,sarc_linear_dq8ca_coopmat_zpgtr_t128x128k64g44s32mk32ra_texture3d_texture2d_half,2048,3072,8192,0.6831,150.898
4070ti,3b,8da4w,cand,sarc_linear_dq8ca_coopmat_zpgtr_t128x128k64g44s32mk32ra_texture3d_texture2d_half,2048,3072,3072,0.2551,151.512
4070ti,3b,8da4w,cand,sarc_linear_dq8ca_coopmat_zpgtr_t128x128k64g44s32mk32ra_texture3d_texture2d_half,2048,1024,3072,0.0869,148.249
4070ti,3b,8da4w,cand,sarc_linear_dq8ca_coopmat_zpgtr_t128x128k64g44s32mk32ra_texture3d_texture2d_half,2048,1024,3072,0.0869,148.249
4070ti,3b,8da4w,cand,sarc_linear_dq8ca_coopmat_zpgtr_t128x128k64g44s32mk32ra_texture3d_texture2d_half,2048,3072,3072,0.2561,150.934
4070ti,3b,8da4w,cand,sarc_linear_dq8ca_coopmat_zpgtr_t128x128k64g44s32mk32ra_texture3d_texture2d_half,2048,8192,3072,0.6812,151.331
4070ti,3b,8da4w,cand,sarc_linear_dq8ca_coopmat_zpgtr_t128x128k64g44s32mk32ra_texture3d_texture2d_half,2048,8192,3072,0.6841,150.683
4070ti,3b,8da4w,cand,sarc_linear_dq8ca_coopmat_zpgtr_t128x128k64g44s32mk32ra_texture3d_texture2d_half,2048,3072,8192,0.6851,150.468
4070ti,3b,8da4w,cand,sarc_linear_dq8ca_coopmat_zpgtr_t128x128k64g44s32mk32ra_texture3d_texture2d_half,2048,3072,3072,0.2549,151.657
4070ti,3b,8da4w,cand,sarc_linear_dq8ca_coopmat_zpgtr_t128x128k64g44s32mk32ra_texture3d_texture2d_half,2048,1024,3072,0.0872,147.833
4070ti,3b,8da4w,cand,sarc_linear_dq8ca_coopmat_zpgtr_t128x128k64g44s32mk32ra_texture3d_texture2d_half,2048,1024,3072,0.0869,148.249
4070ti,3b,8da4w,cand,sarc_linear_dq8ca_coopmat_zpgtr_t128x128k64g44s32mk32ra_texture3d_texture2d_half,2048,3072,3072,0.2561,150.934
4070ti,3b,8da4w,cand,sarc_linear_dq8ca_coopmat_zpgtr_t128x128k64g44s32mk32ra_texture3d_texture2d_half,2048,8192,3072,0.6799,151.602
4070ti,3b,8da4w,cand,sarc_linear_dq8ca_coopmat_zpgtr_t128x128k64g44s32mk32ra_texture3d_texture2d_half,2048,8192,3072,0.6809,151.385
4070ti,3b,8da4w,cand,sarc_linear_dq8ca_coopmat_zpgtr_t128x128k64g44s32mk32ra_texture3d_texture2d_half,2048,3072,8192,0.6841,150.683
4070ti,3b,8da4w,cand,sarc_linear_dq8ca_coopmat_zpgtr_t128x128k64g44s32mk32ra_texture3d_texture2d_half,2048,3072,3072,0.2561,150.934
4070ti,3b,8da4w,cand,sarc_linear_dq8ca_coopmat_zpgtr_t128x128k64g44s32mk32ra_texture3d_texture2d_half,2048,1024,3072,0.0879,146.602
4070ti,3b,8da4w,cand,sarc_linear_dq8ca_coopmat_zpgtr_t128x128k64g44s32mk32ra_texture3d_texture2d_half,2048,1024,3072,0.0872,147.833
4070ti,3b,8da4w,cand,sarc_linear_dq8ca_coopmat_zpgtr_t128x128k64g44s32mk32ra_texture3d_texture2d_half,2048,3072,3072,0.2559,151.078
4070ti,3b,8da4w,cand,sarc_linear_dq8ca_coopmat_zpgtr_t128x128k64g44s32mk32ra_texture3d_texture2d_half,2048,8192,3072,0.6799,151.602
4070ti,3b,8da4w,cand,sarc_linear_dq8ca_coopmat_zpgtr_t128x128k64g44s32mk32ra_texture3d_texture2d_half,2048,8192,3072,0.6831,150.898
4070ti,3b,8da4w,cand,sarc_linear_dq8ca_coopmat_zpgtr_t128x128k64g44s32mk32ra_texture3d_texture2d_half,2048,3072,8192,0.6841,150.683
4070ti,3b,8da4w,cand,sarc_linear_dq8ca_coopmat_zpgtr_t128x128k64g44s32mk32ra_texture3d_texture2d_half,2048,3072,3072,0.2561,150.934
4070ti,3b,8da4w,cand,sarc_linear_dq8ca_coopmat_zpgtr_t128x128k64g44s32mk32ra_texture3d_texture2d_half,2048,1024,3072,0.0869,148.249
4070ti,3b,8da4w,cand,sarc_linear_dq8ca_coopmat_zpgtr_t128x128k64g44s32mk32ra_texture3d_texture2d_half,2048,1024,3072,0.0872,147.833
4070ti,3b,8da4w,cand,sarc_linear_dq8ca_coopmat_zpgtr_t128x128k64g44s32mk32ra_texture3d_texture2d_half,2048,3072,3072,0.2549,151.657
4070ti,3b,8da4w,cand,sarc_linear_dq8ca_coopmat_zpgtr_t128x128k64g44s32mk32ra_texture3d_texture2d_half,2048,8192,3072,0.6748,152.754
4070ti,3b,8da4w,cand,sarc_linear_dq8ca_coopmat_zpgtr_t128x128k64g44s32mk32ra_texture3d_texture2d_half,2048,8192,3072,0.677,152.258
4070ti,3b,8da4w,cand,sarc_linear_dq8ca_coopmat_zpgtr_t128x128k64g44s32mk32ra_texture3d_texture2d_half,2048,3072,8192,0.6799,151.602
4070ti,3b,8da4w,cand,sarc_linear_dq8ca_coopmat_zpgtr_t128x128k64g44s32mk32ra_texture3d_texture2d_half,2048,3072,3072,0.2542,152.094
4070ti,3b,8da4w,cand,sarc_linear_dq8ca_coopmat_zpgtr_t128x128k64g44s32mk32ra_texture3d_texture2d_half,2048,1024,3072,0.0859,149.933
4070ti,3b,8da4w,cand,sarc_linear_dq8ca_coopmat_zpgtr_t128x128k64g44s32mk32ra_texture3d_texture2d_half,2048,1024,3072,0.0872,147.833
4070ti,3b,8da4w,cand,sarc_linear_dq8ca_coopmat_zpgtr_t128x128k64g44s32mk32ra_texture3d_texture2d_half,2048,3072,3072,0.2539,152.24
4070ti,3b,8da4w,cand,sarc_linear_dq8ca_coopmat_zpgtr_t128x128k64g44s32mk32ra_texture3d_texture2d_half,2048,8192,3072,0.6758,152.533
4070ti,3b,8da4w,cand,sarc_linear_dq8ca_coopmat_zpgtr_t128x128k64g44s32mk32ra_texture3d_texture2d_half,2048,8192,3072,0.677,152.258
4070ti,3b,8da4w,cand,sarc_linear_dq8ca_coopmat_zpgtr_t128x128k64g44s32mk32ra_texture3d_texture2d_half,2048,3072,8192,0.6729,153.198
4070ti,3b,8da4w,cand,sarc_linear_dq8ca_coopmat_zpgtr_t128x128k64g44s32mk32ra_texture3d_texture2d_half,2048,3072,3072,0.2449,157.856
4070ti,3b,8da4w,cand,sarc_linear_dq8ca_coopmat_zpgtr_t128x128k64g44s32mk32ra_texture3d_texture2d_half,2048,1024,3072,0.084,153.42
4070ti,3b,8da4w,cand,sarc_linear_dq8ca_coopmat_zpgtr_t128x128k64g44s32mk32ra_texture3d_texture2d_half,2048,1024,3072,0.084,153.42
4070ti,3b,8da4w,cand,sarc_linear_dq8ca_coopmat_zpgtr_t128x128k64g44s32mk32ra_texture3d_texture2d_half,2048,3072,3072,0.2458,157.229
4070ti,3b,8da4w,cand,sarc_linear_dq8ca_coopmat_zpgtr_t128x128k64g44s32mk32ra_texture3d_texture2d_half,2048,8192,3072,0.6501,158.548
4070ti,3b,8da4w,cand,sarc_linear_dq8ca_coopmat_zpgtr_t128x128k64g44s32mk32ra_texture3d_texture2d_half,2048,8192,3072,0.6523,158.014
4070ti,3b,8da4w,cand,sarc_linear_dq8ca_coopmat_zpgtr_t128x128k64g44s32mk32ra_texture3d_texture2d_half,2048,3072,8192,0.6562,157.073
4070ti,3b,8da4w,cand,sarc_linear_dq8ca_coopmat_zpgtr_t128x128k64g44s32mk32ra_texture3d_texture2d_half,2048,3072,3072,0.2446,158.014
4070ti,3b,8da4w,cand,sarc_linear_dq8ca_coopmat_zpgtr_t128x128k64g44s32mk32ra_texture3d_texture2d_half,2048,1024,3072,0.084,153.42
4070ti,3b,8da4w,cand,sarc_linear_dq8ca_coopmat_zpgtr_t128x128k64g44s32mk32ra_texture3d_texture2d_half,2048,1024,3072,0.0828,155.683
4070ti,3b,8da4w,cand,sarc_linear_dq8ca_coopmat_zpgtr_t128x128k64g44s32mk32ra_texture3d_texture2d_half,2048,3072,3072,0.2456,157.385
4070ti,3b,8da4w,cand,sarc_linear_dq8ca_coopmat_zpgtr_t128x128k64g44s32mk32ra_texture3d_texture2d_half,2048,8192,3072,0.6504,158.488
4070ti,3b,8da4w,cand,sarc_linear_dq8ca_coopmat_zpgtr_t128x128k64g44s32mk32ra_texture3d_texture2d_half,2048,8192,3072,0.6523,158.014
4070ti,3b,8da4w,cand,sarc_linear_dq8ca_coopmat_zpgtr_t128x128k64g44s32mk32ra_texture3d_texture2d_half,2048,3072,8192,0.6565,157.015
4070ti,3b,8da4w,cand,sarc_linear_dq8ca_coopmat_zpgtr_t128x128k64g44s32mk32ra_texture3d_texture2d_half,2048,3072,3072,0.2449,157.856
4070ti,3b,8da4w,cand,sarc_linear_dq8ca_coopmat_zpgtr_t128x128k64g44s32mk32ra_texture3d_texture2d_half,2048,1024,3072,0.085,151.657
4070ti,3b,8da4w,cand,sarc_linear_dq8ca_coopmat_zpgtr_t128x128k64g44s32mk32ra_texture3d_texture2d_half,2048,1024,3072,0.083,155.225
4070ti,3b,8da4w,cand,sarc_linear_dq8ca_coopmat_zpgtr_t128x128k64g44s32mk32ra_texture3d_texture2d_half,2048,3072,3072,0.2446,158.014
4070ti,3b,8da4w,cand,sarc_linear_dq8ca_coopmat_zpgtr_t128x128k64g44s32mk32ra_texture3d_texture2d_half,2048,8192,3072,0.6501,158.548
4070ti,3b,8da4w,cand,sarc_linear_dq8ca_coopmat_zpgtr_t128x128k64g44s32mk32ra_texture3d_texture2d_half,2048,8192,3072,0.6511,158.31
4070ti,3b,8da4w,cand,sarc_linear_dq8ca_coopmat_zpgtr_t128x128k64g44s32mk32ra_texture3d_texture2d_half,2048,3072,8192,0.6562,157.073
4070ti,3b,8da4w,cand,sarc_linear_dq8ca_coopmat_zpgtr_t128x128k64g44s32mk32ra_texture3d_texture2d_half,2048,3072,3072,0.2446,158.014
4070ti,3b,8da4w,cand,sarc_linear_dq8ca_coopmat_zpgtr_t128x128k64g44s32mk32ra_texture3d_texture2d_half,2048,1024,3072,0.083,155.225
4070ti,3b,8da4w,cand,sarc_linear_dq8ca_coopmat_zpgtr_t128x128k64g44s32mk32ra_texture3d_texture2d_half,2048,1024,3072,0.083,155.225
4070ti,3b,8da4w,cand,sarc_linear_dq8ca_coopmat_zpgtr_t128x128k64g44s32mk32ra_texture3d_texture2d_half,2048,3072,3072,0.2449,157.856
4070ti,3b,8da4w,cand,sarc_linear_dq8ca_coopmat_zpgtr_t128x128k64g44s32mk32ra_texture3d_texture2d_half,2048,8192,3072,0.6501,158.548
4070ti,3b,8da4w,cand,sarc_linear_dq8ca_coopmat_zpgtr_t128x128k64g44s32mk32ra_texture3d_texture2d_half,2048,8192,3072,0.6521,158.073
4070ti,3b,8da4w,cand,sarc_linear_dq8ca_coopmat_zpgtr_t128x128k64g44s32mk32ra_texture3d_texture2d_half,2048,3072,8192,0.6565,157.015
4070ti,3b,8da4w,cand,sarc_linear_dq8ca_coopmat_zpgtr_t128x128k64g44s32mk32ra_texture3d_texture2d_half,2048,3072,3072,0.2449,157.856
4070ti,3b,8da4w,cand,sarc_linear_dq8ca_coopmat_zpgtr_t128x128k64g44s32mk32ra_texture3d_texture2d_half,2048,1024,3072,0.085,151.657
4070ti,3b,8da4w,cand,sarc_linear_dq8ca_coopmat_zpgtr_t128x128k64g44s32mk32ra_texture3d_texture2d_half,2048,1024,3072,0.0828,155.683
4070ti,3b,8da4w,cand,sarc_linear_dq8ca_coopmat_zpgtr_t128x128k64g44s32mk32ra_texture3d_texture2d_half,2048,3072,3072,0.2456,157.385
4070ti,3b,8da4w,cand,sarc_linear_dq8ca_coopmat_zpgtr_t128x128k64g44s32mk32ra_texture3d_texture2d_half,2048,8192,3072,0.6501,158.548
4070ti,3b,8da4w,cand,sarc_linear_dq8ca_coopmat_zpgtr_t128x128k64g44s32mk32ra_texture3d_texture2d_half,2048,8192,3072,0.6514,158.251
4070ti,3b,8da4w,cand,sarc_linear_dq8ca_coopmat_zpgtr_t128x128k64g44s32mk32ra_texture3d_texture2d_half,2048,3072,8192,0.6575,156.781
4070ti,3b,8da4w,cand,sarc_linear_dq8ca_coopmat_zpgtr_t128x128k64g44s32mk32ra_texture3d_texture2d_half,2048,3072,3072,0.2437,158.647
4070ti,3b,8da4w,cand,sarc_linear_dq8ca_coopmat_zpgtr_t128x128k64g44s32mk32ra_texture3d_texture2d_half,2048,1024,3072,0.084,153.42
4070ti,3b,8da4w,cand,sarc_linear_dq8ca_coopmat_zpgtr_t128x128k64g44s32mk32ra_texture3d_texture2d_half,2048,1024,3072,0.082,157.073
4070ti,3b,8da4w,cand,sarc_linear_dq8ca_coopmat_zpgtr_t128x128k64g44s32mk32ra_texture3d_texture2d_half,2048,3072,3072,0.2458,157.229
4070ti,3b,8da4w,cand,sarc_linear_dq8ca_coopmat_zpgtr_t128x128k64g44s32mk32ra_texture3d_texture2d_half,2048,8192,3072,0.6504,158.488
4070ti,3b,8da4w,cand,sarc_linear_dq8ca_coopmat_zpgtr_t128x128k64g44s32mk32ra_texture3d_texture2d_half,2048,8192,3072,0.6533,157.777
4070ti,3b,8da4w,cand,sarc_linear_dq8ca_coopmat_zpgtr_t128x128k64g44s32mk32ra_texture3d_texture2d_half,2048,3072,8192,0.6575,156.781
4070ti,3b,8da4w,cand,sarc_linear_dq8ca_coopmat_zpgtr_t128x128k64g44s32mk32ra_texture3d_texture2d_half,2048,3072,3072,0.2449,157.856
4070ti,3b,8da4w,cand,sarc_linear_dq8ca_coopmat_zpgtr_t128x128k64g44s32mk32ra_texture3d_texture2d_half,2048,1024,3072,0.084,153.42
4070ti,3b,8da4w,cand,sarc_linear_dq8ca_coopmat_zpgtr_t128x128k64g44s32mk32ra_texture3d_texture2d_half,2048,1024,3072,0.084,153.42
4070ti,3b,8da4w,cand,sarc_linear_dq8ca_coopmat_zpgtr_t128x128k64g44s32mk32ra_texture3d_texture2d_half,2048,3072,3072,0.2449,157.856
4070ti,3b,8da4w,cand,sarc_linear_dq8ca_coopmat_zpgtr_t128x128k64g44s32mk32ra_texture3d_texture2d_half,2048,8192,3072,0.6504,158.488
4070ti,3b,8da4w,cand,sarc_linear_dq8ca_coopmat_zpgtr_t128x128k64g44s32mk32ra_texture3d_texture2d_half,2048,8192,3072,0.6533,157.777
4070ti,3b,8da4w,cand,sarc_linear_dq8ca_coopmat_zpgtr_t128x128k64g44s32mk32ra_texture3d_texture2d_half,2048,3072,8192,0.6565,157.015
4070ti,3b,8da4w,cand,sarc_linear_dq8ca_coopmat_zpgtr_t128x128k64g44s32mk32ra_texture3d_texture2d_half,2048,3072,3072,0.2456,157.385
4070ti,3b,8da4w,cand,sarc_linear_dq8ca_coopmat_zpgtr_t128x128k64g44s32mk32ra_texture3d_texture2d_half,2048,1024,3072,0.0837,153.868
4070ti,3b,8da4w,cand,sarc_linear_dq8ca_coopmat_zpgtr_t128x128k64g44s32mk32ra_texture3d_texture2d_half,2048,1024,3072,0.084,153.42
4070ti,3b,8da4w,cand,sarc_linear_dq8ca_coopmat_zpgtr_t128x128k64g44s32mk32ra_texture3d_texture2d_half,2048,3072,3072,0.2456,157.385
4070ti,3b,8da4w,cand,sarc_linear_dq8ca_coopmat_zpgtr_t128x128k64g44s32mk32ra_texture3d_texture2d_half,2048,8192,3072,0.6501,158.548
4070ti,3b,8da4w,cand,sarc_linear_dq8ca_coopmat_zpgtr_t128x128k64g44s32mk32ra_texture3d_texture2d_half,2048,8192,3072,0.6543,157.542
4070ti,3b,8da4w,cand,sarc_linear_dq8ca_coopmat_zpgtr_t128x128k64g44s32mk32ra_texture3d_texture2d_half,2048,3072,8192,0.6543,157.542
4070ti,3b,8da4w,cand,sarc_linear_dq8ca_coopmat_zpgtr_t128x128k64g44s32mk32ra_texture3d_texture2d_half,2048,3072,3072,0.2449,157.856
4070ti,3b,8da4w,cand,sarc_linear_dq8ca_coopmat_zpgtr_t128x128k64g44s32mk32ra_texture3d_texture2d_half,2048,1024,3072,0.084,153.42
4070ti,3b,8da4w,cand,sarc_linear_dq8ca_coopmat_zpgtr_t128x128k64g44s32mk32ra_texture3d_texture2d_half,2048,1024,3072,0.083,155.225
4070ti,3b,8da4w,cand,sarc_linear_dq8ca_coopmat_zpgtr_t128x128k64g44s32mk32ra_texture3d_texture2d_half,2048,3072,3072,0.2446,158.014
4070ti,3b,8da4w,cand,sarc_linear_dq8ca_coopmat_zpgtr_t128x128k64g44s32mk32ra_texture3d_texture2d_half,2048,8192,3072,0.6492,158.786
4070ti,3b,8da4w,cand,sarc_linear_dq8ca_coopmat_zpgtr_t128x128k64g44s32mk32ra_texture3d_texture2d_half,2048,8192,3072,0.6514,158.251
4070ti,3b,8da4w,cand,sarc_linear_dq8ca_coopmat_zpgtr_t128x128k64g44s32mk32ra_texture3d_texture2d_half,2048,3072,8192,0.6533,157.777
4070ti,3b,8da4w,cand,sarc_linear_dq8ca_coopmat_zpgtr_t128x128k64g44s32mk32ra_texture3d_texture2d_half,2048,3072,3072,0.2446,158.014
4070ti,3b,8da4w,cand,sarc_linear_dq8ca_coopmat_zpgtr_t128x128k64g44s32mk32ra_texture3d_texture2d_half,2048,1024,3072,0.083,155.225
4070ti,3b,8da4w,cand,sarc_linear_dq8ca_coopmat_zpgtr_t128x128k64g44s32mk32ra_texture3d_texture2d_half,2048,1024,3072,0.083,155.225
4070ti,3b,8da4w,cand,sarc_linear_dq8ca_coopmat_zpgtr_t128x128k64g44s32mk32ra_texture3d_texture2d_half,2048,3072,3072,0.2449,157.856
4070ti,3b,8da4w,cand,sarc_linear_dq8ca_coopmat_zpgtr_t128x128k64g44s32mk32ra_texture3d_texture2d_half,2048,8192,3072,0.6514,158.251
4070ti,3b,8da4w,cand,sarc_linear_dq8ca_coopmat_zpgtr_t128x128k64g44s32mk32ra_texture3d_texture2d_half,2048,8192,3072,0.6543,157.542
4070ti,3b,8da4w,cand,sarc_linear_dq8ca_coopmat_zpgtr_t128x128k64g44s32mk32ra_texture3d_texture2d_half,2048,3072,8192,0.6555,157.249
4070ti,3b,8da4w,cand,sarc_linear_dq8ca_coopmat_zpgtr_t128x128k64g44s32mk32ra_texture3d_texture2d_half,2048,3072,3072,0.2449,157.856
4070ti,3b,8da4w,cand,sarc_linear_dq8ca_coopmat_zpgtr_t128x128k64g44s32mk32ra_texture3d_texture2d_half,2048,1024,3072,0.084,153.42
4070ti,3b,8da4w,cand,sarc_linear_dq8ca_coopmat_zpgtr_t128x128k64g44s32mk32ra_texture3d_texture2d_half,2048,1024,3072,0.083,155.225
4070ti,3b,8da4w,cand,sarc_linear_dq8ca_coopmat_zpgtr_t128x128k64g44s32mk32ra_texture3d_texture2d_half,2048,3072,3072,0.2458,157.229
4070ti,3b,8da4w,cand,sarc_linear_dq8ca_coopmat_zpgtr_t128x128k64g44s32mk32ra_texture3d_texture2d_half,2048,8192,3072,0.6501,158.548
4070ti,3b,8da4w,cand,sarc_linear_dq8ca_coopmat_zpgtr_t128x128k64g44s32mk32ra_texture3d_texture2d_half,2048,8192,3072,0.6514,158.251
4070ti,3b,8da4w,cand,sarc_linear_dq8ca_coopmat_zpgtr_t128x128k64g44s32mk32ra_texture3d_texture2d_half,2048,3072,8192,0.6584,156.549
4070ti,3b,8da4w,parent,sarc_linear_dq8ca_coopmat_zpgtr_t128x128k64g44s32mk32ra_texture3d_texture2d_half,2048,3072,3072,0.2468,156.607
4070ti,3b,8da4w,parent,sarc_linear_dq8ca_coopmat_zpgtr_t128x128k64g44s32mk32ra_texture3d_texture2d_half,2048,1024,3072,0.083,155.225
4070ti,3b,8da4w,parent,sarc_linear_dq8ca_coopmat_zpgtr_t128x128k64g44s32mk32ra_texture3d_texture2d_half,2048,1024,3072,0.085,151.657
4070ti,3b,8da4w,parent,sarc_linear_dq8ca_coopmat_zpgtr_t128x128k64g44s32mk32ra_texture3d_texture2d_half,2048,3072,3072,0.2466,156.762
4070ti,3b,8da4w,parent,sarc_linear_dq8ca_coopmat_zpgtr_t128x128k64g44s32mk32ra_texture3d_texture2d_half,2048,8192,3072,0.6504,158.488
4070ti,3b,8da4w,parent,sarc_linear_dq8ca_coopmat_zpgtr_t128x128k64g44s32mk32ra_texture3d_texture2d_half,2048,8192,3072,0.6533,157.777
4070ti,3b,8da4w,parent,sarc_linear_dq8ca_coopmat_zpgtr_t128x128k64g44s32mk32ra_texture3d_texture2d_half,2048,3072,8192,0.6543,157.542
4070ti,3b,8da4w,parent,sarc_linear_dq8ca_coopmat_zpgtr_t128x128k64g44s32mk32ra_texture3d_texture2d_half,2048,3072,3072,0.2449,157.856
4070ti,3b,8da4w,parent,sarc_linear_dq8ca_coopmat_zpgtr_t128x128k64g44s32mk32ra_texture3d_texture2d_half,2048,1024,3072,0.084,153.42
4070ti,3b,8da4w,parent,sarc_linear_dq8ca_coopmat_zpgtr_t128x128k64g44s32mk32ra_texture3d_texture2d_half,2048,1024,3072,0.082,157.073
4070ti,3b,8da4w,parent,sarc_linear_dq8ca_coopmat_zpgtr_t128x128k64g44s32mk32ra_texture3d_texture2d_half,2048,3072,3072,0.2437,158.647
4070ti,3b,8da4w,parent,sarc_linear_dq8ca_coopmat_zpgtr_t128x128k64g44s32mk32ra_texture3d_texture2d_half,2048,8192,3072,0.644,160.05
4070ti,3b,8da4w,parent,sarc_linear_dq8ca_coopmat_zpgtr_t128x128k64g44s32mk32ra_texture3d_texture2d_half,2048,8192,3072,0.647,159.325
4070ti,3b,8da4w,parent,sarc_linear_dq8ca_coopmat_zpgtr_t128x128k64g44s32mk32ra_texture3d_texture2d_half,2048,3072,8192,0.6482,159.025
4070ti,3b,8da4w,parent,sarc_linear_dq8ca_coopmat_zpgtr_t128x128k64g44s32mk32ra_texture3d_texture2d_half,2048,3072,3072,0.2427,159.285
4070ti,3b,8da4w,parent,sarc_linear_dq8ca_coopmat_zpgtr_t128x128k64g44s32mk32ra_texture3d_texture2d_half,2048,1024,3072,0.083,155.225
4070ti,3b,8da4w,parent,sarc_linear_dq8ca_coopmat_zpgtr_t128x128k64g44s32mk32ra_texture3d_texture2d_half,2048,1024,3072,0.082,157.073
4070ti,3b,8da4w,parent,sarc_linear_dq8ca_coopmat_zpgtr_t128x128k64g44s32mk32ra_texture3d_texture2d_half,2048,3072,3072,0.2427,159.285
4070ti,3b,8da4w,parent,sarc_linear_dq8ca_coopmat_zpgtr_t128x128k64g44s32mk32ra_texture3d_texture2d_half,2048,8192,3072,0.6431,160.293
4070ti,3b,8da4w,parent,sarc_linear_dq8ca_coopmat_zpgtr_t128x128k64g44s32mk32ra_texture3d_texture2d_half,2048,8192,3072,0.646,159.566
4070ti,3b,8da4w,parent,sarc_linear_dq8ca_coopmat_zpgtr_t128x128k64g44s32mk32ra_texture3d_texture2d_half,2048,3072,8192,0.6482,159.025
4070ti,3b,8da4w,parent,sarc_linear_dq8ca_coopmat_zpgtr_t128x128k64g44s32mk32ra_texture3d_texture2d_half,2048,3072,3072,0.2427,159.285
4070ti,3b,8da4w,parent,sarc_linear_dq8ca_coopmat_zpgtr_t128x128k64g44s32mk32ra_texture3d_texture2d_half,2048,1024,3072,0.083,155.225
4070ti,3b,8da4w,parent,sarc_linear_dq8ca_coopmat_zpgtr_t128x128k64g44s32mk32ra_texture3d_texture2d_half,2048,1024,3072,0.083,155.225
4070ti,3b,8da4w,parent,sarc_linear_dq8ca_coopmat_zpgtr_t128x128k64g44s32mk32ra_texture3d_texture2d_half,2048,3072,3072,0.2437,158.647
4070ti,3b,8da4w,parent,sarc_linear_dq8ca_coopmat_zpgtr_t128x128k64g44s32mk32ra_texture3d_texture2d_half,2048,8192,3072,0.645,159.808
4070ti,3b,8da4w,parent,sarc_linear_dq8ca_coopmat_zpgtr_t128x128k64g44s32mk32ra_texture3d_texture2d_half,2048,8192,3072,0.6472,159.265
4070ti,3b,8da4w,parent,sarc_linear_dq8ca_coopmat_zpgtr_t128x128k64g44s32mk32ra_texture3d_texture2d_half,2048,3072,8192,0.6482,159.025
4070ti,3b,8da4w,parent,sarc_linear_dq8ca_coopmat_zpgtr_t128x128k64g44s32mk32ra_texture3d_texture2d_half,2048,3072,3072,0.2427,159.285
4070ti,3b,8da4w,parent,sarc_linear_dq8ca_coopmat_zpgtr_t128x128k64g44s32mk32ra_texture3d_texture2d_half,2048,1024,3072,0.083,155.225
4070ti,3b,8da4w,parent,sarc_linear_dq8ca_coopmat_zpgtr_t128x128k64g44s32mk32ra_texture3d_texture2d_half,2048,1024,3072,0.084,153.42
4070ti,3b,8da4w,parent,sarc_linear_dq8ca_coopmat_zpgtr_t128x128k64g44s32mk32ra_texture3d_texture2d_half,2048,3072,3072,0.2439,158.488
4070ti,3b,8da4w,parent,sarc_linear_dq8ca_coopmat_zpgtr_t128x128k64g44s32mk32ra_texture3d_texture2d_half,2048,8192,3072,0.644,160.05
4070ti,3b,8da4w,parent,sarc_linear_dq8ca_coopmat_zpgtr_t128x128k64g44s32mk32ra_texture3d_texture2d_half,2048,8192,3072,0.6472,159.265
4070ti,3b,8da4w,parent,sarc_linear_dq8ca_coopmat_zpgtr_t128x128k64g44s32mk32ra_texture3d_texture2d_half,2048,3072,8192,0.6501,158.548
4070ti,3b,8da4w,parent,sarc_linear_dq8ca_coopmat_zpgtr_t128x128k64g44s32mk32ra_texture3d_texture2d_half,2048,3072,3072,0.2427,159.285
4070ti,3b,8da4w,parent,sarc_linear_dq8ca_coopmat_zpgtr_t128x128k64g44s32mk32ra_texture3d_texture2d_half,2048,1024,3072,0.084,153.42
4070ti,3b,8da4w,parent,sarc_linear_dq8ca_coopmat_zpgtr_t128x128k64g44s32mk32ra_texture3d_texture2d_half,2048,1024,3072,0.082,157.073
4070ti,3b,8da4w,parent,sarc_linear_dq8ca_coopmat_zpgtr_t128x128k64g44s32mk32ra_texture3d_texture2d_half,2048,3072,3072,0.2439,158.488
4070ti,3b,8da4w,parent,sarc_linear_dq8ca_coopmat_zpgtr_t128x128k64g44s32mk32ra_texture3d_texture2d_half,2048,8192,3072,0.644,160.05
4070ti,3b,8da4w,parent,sarc_linear_dq8ca_coopmat_zpgtr_t128x128k64g44s32mk32ra_texture3d_texture2d_half,2048,8192,3072,0.6472,159.265
4070ti,3b,8da4w,parent,sarc_linear_dq8ca_coopmat_zpgtr_t128x128k64g44s32mk32ra_texture3d_texture2d_half,2048,3072,8192,0.6511,158.31
4070ti,3b,8da4w,parent,sarc_linear_dq8ca_coopmat_zpgtr_t128x128k64g44s32mk32ra_texture3d_texture2d_half,2048,3072,3072,0.2427,159.285
4070ti,3b,8da4w,parent,sarc_linear_dq8ca_coopmat_zpgtr_t128x128k64g44s32mk32ra_texture3d_texture2d_half,2048,1024,3072,0.083,155.225
4070ti,3b,8da4w,parent,sarc_linear_dq8ca_coopmat_zpgtr_t128x128k64g44s32mk32ra_texture3d_texture2d_half,2048,1024,3072,0.082,157.073
4070ti,3b,8da4w,parent,sarc_linear_dq8ca_coopmat_zpgtr_t128x128k64g44s32mk32ra_texture3d_texture2d_half,2048,3072,3072,0.2437,158.647
4070ti,3b,8da4w,parent,sarc_linear_dq8ca_coopmat_zpgtr_t128x128k64g44s32mk32ra_texture3d_texture2d_half,2048,8192,3072,0.644,160.05
4070ti,3b,8da4w,parent,sarc_linear_dq8ca_coopmat_zpgtr_t128x128k64g44s32mk32ra_texture3d_texture2d_half,2048,8192,3072,0.645,159.808
4070ti,3b,8da4w,parent,sarc_linear_dq8ca_coopmat_zpgtr_t128x128k64g44s32mk32ra_texture3d_texture2d_half,2048,3072,8192,0.6492,158.786
4070ti,3b,8da4w,parent,sarc_linear_dq8ca_coopmat_zpgtr_t128x128k64g44s32mk32ra_texture3d_texture2d_half,2048,3072,3072,0.2427,159.285
4070ti,3b,8da4w,parent,sarc_linear_dq8ca_coopmat_zpgtr_t128x128k64g44s32mk32ra_texture3d_texture2d_half,2048,1024,3072,0.083,155.225
4070ti,3b,8da4w,parent,sarc_linear_dq8ca_coopmat_zpgtr_t128x128k64g44s32mk32ra_texture3d_texture2d_half,2048,1024,3072,0.083,155.225
4070ti,3b,8da4w,parent,sarc_linear_dq8ca_coopmat_zpgtr_t128x128k64g44s32mk32ra_texture3d_texture2d_half,2048,3072,3072,0.2437,158.647
4070ti,3b,8da4w,parent,sarc_linear_dq8ca_coopmat_zpgtr_t128x128k64g44s32mk32ra_texture3d_texture2d_half,2048,8192,3072,0.644,160.05
4070ti,3b,8da4w,parent,sarc_linear_dq8ca_coopmat_zpgtr_t128x128k64g44s32mk32ra_texture3d_texture2d_half,2048,8192,3072,0.6472,159.265
4070ti,3b,8da4w,parent,sarc_linear_dq8ca_coopmat_zpgtr_t128x128k64g44s32mk32ra_texture3d_texture2d_half,2048,3072,8192,0.6492,158.786
4070ti,3b,8da4w,parent,sarc_linear_dq8ca_coopmat_zpgtr_t128x128k64g44s32mk32ra_texture3d_texture2d_half,2048,3072,3072,0.2427,159.285
4070ti,3b,8da4w,parent,sarc_linear_dq8ca_coopmat_zpgtr_t128x128k64g44s32mk32ra_texture3d_texture2d_half,2048,1024,3072,0.0828,155.683
4070ti,3b,8da4w,parent,sarc_linear_dq8ca_coopmat_zpgtr_t128x128k64g44s32mk32ra_texture3d_texture2d_half,2048,1024,3072,0.083,155.225
4070ti,3b,8da4w,parent,sarc_linear_dq8ca_coopmat_zpgtr_t128x128k64g44s32mk32ra_texture3d_texture2d_half,2048,3072,3072,0.2437,158.647
4070ti,3b,8da4w,parent,sarc_linear_dq8ca_coopmat_zpgtr_t128x128k64g44s32mk32ra_texture3d_texture2d_half,2048,8192,3072,0.645,159.808
4070ti,3b,8da4w,parent,sarc_linear_dq8ca_coopmat_zpgtr_t128x128k64g44s32mk32ra_texture3d_texture2d_half,2048,8192,3072,0.6462,159.506
4070ti,3b,8da4w,parent,sarc_linear_dq8ca_coopmat_zpgtr_t128x128k64g44s32mk32ra_texture3d_texture2d_half,2048,3072,8192,0.6514,158.251
4070ti,3b,8da4w,parent,sarc_linear_dq8ca_coopmat_zpgtr_t128x128k64g44s32mk32ra_texture3d_texture2d_half,2048,3072,3072,0.2427,159.285
4070ti,3b,8da4w,parent,sarc_linear_dq8ca_coopmat_zpgtr_t128x128k64g44s32mk32ra_texture3d_texture2d_half,2048,1024,3072,0.084,153.42
4070ti,3b,8da4w,parent,sarc_linear_dq8ca_coopmat_zpgtr_t128x128k64g44s32mk32ra_texture3d_texture2d_half,2048,1024,3072,0.0818,157.542
4070ti,3b,8da4w,parent,sarc_linear_dq8ca_coopmat_zpgtr_t128x128k64g44s32mk32ra_texture3d_texture2d_half,2048,3072,3072,0.2427,159.285
4070ti,3b,8da4w,parent,sarc_linear_dq8ca_coopmat_zpgtr_t128x128k64g44s32mk32ra_texture3d_texture2d_half,2048,8192,3072,0.644,160.05
4070ti,3b,8da4w,parent,sarc_linear_dq8ca_coopmat_zpgtr_t128x128k64g44s32mk32ra_texture3d_texture2d_half,2048,8192,3072,0.6482,159.025
4070ti,3b,8da4w,parent,sarc_linear_dq8ca_coopmat_zpgtr_t128x128k64g44s32mk32ra_texture3d_texture2d_half,2048,3072,8192,0.6523,158.014
4070ti,3b,8da4w,parent,sarc_linear_dq8ca_coopmat_zpgtr_t128x128k64g44s32mk32ra_texture3d_texture2d_half,2048,3072,3072,0.2427,159.285
4070ti,3b,8da4w,parent,sarc_linear_dq8ca_coopmat_zpgtr_t128x128k64g44s32mk32ra_texture3d_texture2d_half,2048,1024,3072,0.084,153.42
4070ti,3b,8da4w,parent,sarc_linear_dq8ca_coopmat_zpgtr_t128x128k64g44s32mk32ra_texture3d_texture2d_half,2048,1024,3072,0.083,155.225
4070ti,3b,8da4w,parent,sarc_linear_dq8ca_coopmat_zpgtr_t128x128k64g44s32mk32ra_texture3d_texture2d_half,2048,3072,3072,0.2437,158.647
4070ti,3b,8da4w,parent,sarc_linear_dq8ca_coopmat_zpgtr_t128x128k64g44s32mk32ra_texture3d_texture2d_half,2048,8192,3072,0.645,159.808
4070ti,3b,8da4w,parent,sarc_linear_dq8ca_coopmat_zpgtr_t128x128k64g44s32mk32ra_texture3d_texture2d_half,2048,8192,3072,0.6501,158.548
4070ti,3b,8da4w,parent,sarc_linear_dq8ca_coopmat_zpgtr_t128x128k64g44s32mk32ra_texture3d_texture2d_half,2048,3072,8192,0.6523,158.014
4070ti,3b,8da4w,parent,sarc_linear_dq8ca_coopmat_zpgtr_t128x128k64g44s32mk32ra_texture3d_texture2d_half,2048,3072,3072,0.2437,158.647
4070ti,3b,8da4w,parent,sarc_linear_dq8ca_coopmat_zpgtr_t128x128k64g44s32mk32ra_texture3d_texture2d_half,2048,1024,3072,0.084,153.42
4070ti,3b,8da4w,parent,sarc_linear_dq8ca_coopmat_zpgtr_t128x128k64g44s32mk32ra_texture3d_texture2d_half,2048,1024,3072,0.083,155.225
4070ti,3b,8da4w,parent,sarc_linear_dq8ca_coopmat_zpgtr_t128x128k64g44s32mk32ra_texture3d_texture2d_half,2048,3072,3072,0.2437,158.647
4070ti,3b,8da4w,parent,sarc_linear_dq8ca_coopmat_zpgtr_t128x128k64g44s32mk32ra_texture3d_texture2d_half,2048,8192,3072,0.6482,159.025
4070ti,3b,8da4w,parent,sarc_linear_dq8ca_coopmat_zpgtr_t128x128k64g44s32mk32ra_texture3d_texture2d_half,2048,8192,3072,0.6504,158.488
4070ti,3b,8da4w,parent,sarc_linear_dq8ca_coopmat_zpgtr_t128x128k64g44s32mk32ra_texture3d_texture2d_half,2048,3072,8192,0.6523,158.014
4070ti,3b,8da4w,parent,sarc_linear_dq8ca_coopmat_zpgtr_t128x128k64g44s32mk32ra_texture3d_texture2d_half,2048,3072,3072,0.2437,158.647
4070ti,3b,8da4w,parent,sarc_linear_dq8ca_coopmat_zpgtr_t128x128k64g44s32mk32ra_texture3d_texture2d_half,2048,1024,3072,0.084,153.42
4070ti,3b,8da4w,parent,sarc_linear_dq8ca_coopmat_zpgtr_t128x128k64g44s32mk32ra_texture3d_texture2d_half,2048,1024,3072,0.083,155.225
4070ti,3b,8da4w,parent,sarc_linear_dq8ca_coopmat_zpgtr_t128x128k64g44s32mk32ra_texture3d_texture2d_half,2048,3072,3072,0.2437,158.647
4070ti,3b,8da4w,parent,sarc_linear_dq8ca_coopmat_zpgtr_t128x128k64g44s32mk32ra_texture3d_texture2d_half,2048,8192,3072,0.6482,159.025
4070ti,3b,8da4w,parent,sarc_linear_dq8ca_coopmat_zpgtr_t128x128k64g44s32mk32ra_texture3d_texture2d_half,2048,8192,3072,0.6492,158.786
4070ti,3b,8da4w,parent,sarc_linear_dq8ca_coopmat_zpgtr_t128x128k64g44s32mk32ra_texture3d_texture2d_half,2048,3072,8192,0.6533,157.777
4070ti,3b,8da4w,parent,sarc_linear_dq8ca_coopmat_zpgtr_t128x128k64g44s32mk32ra_texture3d_texture2d_half,2048,3072,3072,0.2446,158.014
4070ti,3b,8da4w,parent,sarc_linear_dq8ca_coopmat_zpgtr_t128x128k64g44s32mk32ra_texture3d_texture2d_half,2048,1024,3072,0.085,151.657
4070ti,3b,8da4w,parent,sarc_linear_dq8ca_coopmat_zpgtr_t128x128k64g44s32mk32ra_texture3d_texture2d_half,2048,1024,3072,0.082,157.073
4070ti,3b,8da4w,parent,sarc_linear_dq8ca_coopmat_zpgtr_t128x128k64g44s32mk32ra_texture3d_texture2d_half,2048,3072,3072,0.2439,158.488
4070ti,3b,8da4w,parent,sarc_linear_dq8ca_coopmat_zpgtr_t128x128k64g44s32mk32ra_texture3d_texture2d_half,2048,8192,3072,0.6462,159.506
4070ti,3b,8da4w,parent,sarc_linear_dq8ca_coopmat_zpgtr_t128x128k64g44s32mk32ra_texture3d_texture2d_half,2048,8192,3072,0.6492,158.786
4070ti,3b,8da4w,parent,sarc_linear_dq8ca_coopmat_zpgtr_t128x128k64g44s32mk32ra_texture3d_texture2d_half,2048,3072,8192,0.6511,158.31
4070ti,3b,8da4w,parent,sarc_linear_dq8ca_coopmat_zpgtr_t128x128k64g44s32mk32ra_texture3d_texture2d_half,2048,3072,3072,0.2427,159.285
4070ti,3b,8da4w,parent,sarc_linear_dq8ca_coopmat_zpgtr_t128x128k64g44s32mk32ra_texture3d_texture2d_half,2048,1024,3072,0.084,153.42
4070ti,3b,8da4w,parent,sarc_linear_dq8ca_coopmat_zpgtr_t128x128k64g44s32mk32ra_texture3d_texture2d_half,2048,1024,3072,0.083,155.225
4070ti,3b,8da4w,parent,sarc_linear_dq8ca_coopmat_zpgtr_t128x128k64g44s32mk32ra_texture3d_texture2d_half,2048,3072,3072,0.2437,158.647
4070ti,3b,8da4w,parent,sarc_linear_dq8ca_coopmat_zpgtr_t128x128k64g44s32mk32ra_texture3d_texture2d_half,2048,8192,3072,0.6472,159.265
4070ti,3b,8da4w,parent,sarc_linear_dq8ca_coopmat_zpgtr_t128x128k64g44s32mk32ra_texture3d_texture2d_half,2048,8192,3072,0.6494,158.726
4070ti,3b,8da4w,parent,sarc_linear_dq8ca_coopmat_zpgtr_t128x128k64g44s32mk32ra_texture3d_texture2d_half,2048,3072,8192,0.6523,158.014
4070ti,3b,8da4w,parent,sarc_linear_dq8ca_coopmat_zpgtr_t128x128k64g44s32mk32ra_texture3d_texture2d_half,2048,3072,3072,0.2427,159.285
4070ti,3b,8da4w,parent,sarc_linear_dq8ca_coopmat_zpgtr_t128x128k64g44s32mk32ra_texture3d_texture2d_half,2048,1024,3072,0.084,153.42
4070ti,3b,8da4w,parent,sarc_linear_dq8ca_coopmat_zpgtr_t128x128k64g44s32mk32ra_texture3d_texture2d_half,2048,1024,3072,0.0818,157.542
4070ti,3b,8da4w,parent,sarc_linear_dq8ca_coopmat_zpgtr_t128x128k64g44s32mk32ra_texture3d_texture2d_half,2048,3072,3072,0.2458,157.229
4070ti,3b,8da4w,parent,sarc_linear_dq8ca_coopmat_zpgtr_t128x128k64g44s32mk32ra_texture3d_texture2d_half,2048,8192,3072,0.6462,159.506
4070ti,3b,8da4w,parent,sarc_linear_dq8ca_coopmat_zpgtr_t128x128k64g44s32mk32ra_texture3d_texture2d_half,2048,8192,3072,0.647,159.325
4070ti,3b,8da4w,parent,sarc_linear_dq8ca_coopmat_zpgtr_t128x128k64g44s32mk32ra_texture3d_texture2d_half,2048,3072,8192,0.6514,158.251
4070ti,3b,8da4w,parent,sarc_linear_dq8ca_coopmat_zpgtr_t128x128k64g44s32mk32ra_texture3d_texture2d_half,2048,3072,3072,0.2427,159.285
4070ti,3b,8da4w,parent,sarc_linear_dq8ca_coopmat_zpgtr_t128x128k64g44s32mk32ra_texture3d_texture2d_half,2048,1024,3072,0.084,153.42
4070ti,3b,8da4w,parent,sarc_linear_dq8ca_coopmat_zpgtr_t128x128k64g44s32mk32ra_texture3d_texture2d_half,2048,1024,3072,0.0818,157.542
4070ti,3b,8da4w,parent,sarc_linear_dq8ca_coopmat_zpgtr_t128x128k64g44s32mk32ra_texture3d_texture2d_half,2048,3072,3072,0.2446,158.014
4070ti,3b,8da4w,parent,sarc_linear_dq8ca_coopmat_zpgtr_t128x128k64g44s32mk32ra_texture3d_texture2d_half,2048,8192,3072,0.6453,159.747
4070ti,3b,8da4w,parent,sarc_linear_dq8ca_coopmat_zpgtr_t128x128k64g44s32mk32ra_texture3d_texture2d_half,2048,8192,3072,0.6658,154.827
4070ti,3b,8da4w,parent,sarc_linear_dq8ca_coopmat_zpgtr_t128x128k64g44s32mk32ra_texture3d_texture2d_half,2048,3072,8192,0.6658,154.827
4070ti,3b,8da4w,parent,sarc_linear_dq8ca_coopmat_zpgtr_t128x128k64g44s32mk32ra_texture3d_texture2d_half,2048,3072,3072,0.2478,155.99
4070ti,3b,8da4w,parent,sarc_linear_dq8ca_coopmat_zpgtr_t128x128k64g44s32mk32ra_texture3d_texture2d_half,2048,1024,3072,0.085,151.657
4070ti,3b,8da4w,parent,sarc_linear_dq8ca_coopmat_zpgtr_t128x128k64g44s32mk32ra_texture3d_texture2d_half,2048,1024,3072,0.084,153.42
4070ti,3b,8da4w,parent,sarc_linear_dq8ca_coopmat_zpgtr_t128x128k64g44s32mk32ra_texture3d_texture2d_half,2048,3072,3072,0.2478,155.99
4070ti,3b,8da4w,parent,sarc_linear_dq8ca_coopmat_zpgtr_t128x128k64g44s32mk32ra_texture3d_texture2d_half,2048,8192,3072,0.6614,155.855
4070ti,3b,8da4w,parent,sarc_linear_dq8ca_coopmat_zpgtr_t128x128k64g44s32mk32ra_texture3d_texture2d_half,2048,8192,3072,0.6658,154.827
4070ti,3b,8da4w,parent,sarc_linear_dq8ca_coopmat_zpgtr_t128x128k64g44s32mk32ra_texture3d_texture2d_half,2048,3072,8192,0.6665,154.657
4070ti,3b,8da4w,parent,sarc_linear_dq8ca_coopmat_zpgtr_t128x128k64g44s32mk32ra_texture3d_texture2d_half,2048,3072,3072,0.2488,155.378
4070ti,3b,8da4w,parent,sarc_linear_dq8ca_coopmat_zpgtr_t128x128k64g44s32mk32ra_texture3d_texture2d_half,2048,1024,3072,0.084,153.42
4070ti,3b,8da4w,parent,sarc_linear_dq8ca_coopmat_zpgtr_t128x128k64g44s32mk32ra_texture3d_texture2d_half,2048,1024,3072,0.085,151.657
4070ti,3b,8da4w,parent,sarc_linear_dq8ca_coopmat_zpgtr_t128x128k64g44s32mk32ra_texture3d_texture2d_half,2048,3072,3072,0.2488,155.378
4070ti,3b,8da4w,parent,sarc_linear_dq8ca_coopmat_zpgtr_t128x128k64g44s32mk32ra_texture3d_texture2d_half,2048,8192,3072,0.6594,156.317
4070ti,3b,8da4w,parent,sarc_linear_dq8ca_coopmat_zpgtr_t128x128k64g44s32mk32ra_texture3d_texture2d_half,2048,8192,3072,0.6614,155.855
4070ti,3b,8da4w,parent,sarc_linear_dq8ca_coopmat_zpgtr_t128x128k64g44s32mk32ra_texture3d_texture2d_half,2048,3072,8192,0.6667,154.6
4070ti,3b,8da4w,parent,sarc_linear_dq8ca_coopmat_zpgtr_t128x128k64g44s32mk32ra_texture3d_texture2d_half,2048,3072,3072,0.249,155.225
4070ti,3b,8da4w,parent,sarc_linear_dq8ca_coopmat_zpgtr_t128x128k64g44s32mk32ra_texture3d_texture2d_half,2048,1024,3072,0.0859,149.933
4070ti,3b,8da4w,parent,sarc_linear_dq8ca_coopmat_zpgtr_t128x128k64g44s32mk32ra_texture3d_texture2d_half,2048,1024,3072,0.084,153.42
4070ti,3b,8da4w,parent,sarc_linear_dq8ca_coopmat_zpgtr_t128x128k64g44s32mk32ra_texture3d_texture2d_half,2048,3072,3072,0.2478,155.99
4070ti,3b,8da4w,parent,sarc_linear_dq8ca_coopmat_zpgtr_t128x128k64g44s32mk32ra_texture3d_texture2d_half,2048,8192,3072,0.6584,156.549
4070ti,3b,8da4w,parent,sarc_linear_dq8ca_coopmat_zpgtr_t128x128k64g44s32mk32ra_texture3d_texture2d_half,2048,8192,3072,0.6597,156.259
4070ti,3b,8da4w,parent,sarc_linear_dq8ca_coopmat_zpgtr_t128x128k64g44s32mk32ra_texture3d_texture2d_half,2048,3072,8192,0.6636,155.339
4070ti,3b,8da4w,parent,sarc_linear_dq8ca_coopmat_zpgtr_t128x128k64g44s32mk32ra_texture3d_texture2d_half,2048,3072,3072,0.2478,155.99
4070ti,3b,8da4w,parent,sarc_linear_dq8ca_coopmat_zpgtr_t128x128k64g44s32mk32ra_texture3d_texture2d_half,2048,1024,3072,0.084,153.42
4070ti,3b,8da4w,parent,sarc_linear_dq8ca_coopmat_zpgtr_t128x128k64g44s32mk32ra_texture3d_texture2d_half,2048,1024,3072,0.084,153.42
4070ti,3b,8da4w,parent,sarc_linear_dq8ca_coopmat_zpgtr_t128x128k64g44s32mk32ra_texture3d_texture2d_half,2048,3072,3072,0.2478,155.99
4070ti,3b,8da4w,parent,sarc_linear_dq8ca_coopmat_zpgtr_t128x128k64g44s32mk32ra_texture3d_texture2d_half,2048,8192,3072,0.6575,156.781
4070ti,3b,8da4w,parent,sarc_linear_dq8ca_coopmat_zpgtr_t128x128k64g44s32mk32ra_texture3d_texture2d_half,2048,8192,3072,0.6594,156.317
4070ti,3b,8da4w,parent,sarc_linear_dq8ca_coopmat_zpgtr_t128x128k64g44s32mk32ra_texture3d_texture2d_half,2048,3072,8192,0.6624,155.626
4070ti,3b,8da4w,parent,sarc_linear_dq8ca_coopmat_zpgtr_t128x128k64g44s32mk32ra_texture3d_texture2d_half,2048,3072,3072,0.2478,155.99
4070ti,3b,8da4w,parent,sarc_linear_dq8ca_coopmat_zpgtr_t128x128k64g44s32mk32ra_texture3d_texture2d_half,2048,1024,3072,0.085,151.657
4070ti,3b,8da4w,parent,sarc_linear_dq8ca_coopmat_zpgtr_t128x128k64g44s32mk32ra_texture3d_texture2d_half,2048,1024,3072,0.084,153.42
4070ti,3b,8da4w,parent,sarc_linear_dq8ca_coopmat_zpgtr_t128x128k64g44s32mk32ra_texture3d_texture2d_half,2048,3072,3072,0.2478,155.99
4070ti,3b,8da4w,parent,sarc_linear_dq8ca_coopmat_zpgtr_t128x128k64g44s32mk32ra_texture3d_texture2d_half,2048,8192,3072,0.6575,156.781
4070ti,3b,8da4w,parent,sarc_linear_dq8ca_coopmat_zpgtr_t128x128k64g44s32mk32ra_texture3d_texture2d_half,2048,8192,3072,0.6594,156.317
4070ti,3b,8da4w,parent,sarc_linear_dq8ca_coopmat_zpgtr_t128x128k64g44s32mk32ra_texture3d_texture2d_half,2048,3072,8192,0.6636,155.339
4070ti,3b,8da4w,parent,sarc_linear_dq8ca_coopmat_zpgtr_t128x128k64g44s32mk32ra_texture3d_texture2d_half,2048,3072,3072,0.2468,156.607
4070ti,3b,8da4w,parent,sarc_linear_dq8ca_coopmat_zpgtr_t128x128k64g44s32mk32ra_texture3d_texture2d_half,2048,1024,3072,0.085,151.657
4070ti,3b,8da4w,parent,sarc_linear_dq8ca_coopmat_zpgtr_t128x128k64g44s32mk32ra_texture3d_texture2d_half,2048,1024,3072,0.084,153.42
4070ti,3b,8da4w,parent,sarc_linear_dq8ca_coopmat_zpgtr_t128x128k64g44s32mk32ra_texture3d_texture2d_half,2048,3072,3072,0.2458,157.229
4070ti,3b,8da4w,parent,sarc_linear_dq8ca_coopmat_zpgtr_t128x128k64g44s32mk32ra_texture3d_texture2d_half,2048,8192,3072,0.6533,157.777
4070ti,3b,8da4w,parent,sarc_linear_dq8ca_coopmat_zpgtr_t128x128k64g44s32mk32ra_texture3d_texture2d_half,2048,8192,3072,0.6562,157.073
4070ti,3b,8da4w,parent,sarc_linear_dq8ca_coopmat_zpgtr_t128x128k64g44s32mk32ra_texture3d_texture2d_half,2048,3072,8192,0.6604,156.086
4070ti,3b,8da4w,parent,sarc_linear_dq8ca_coopmat_zpgtr_t128x128k64g44s32mk32ra_texture3d_texture2d_half,2048,3072,3072,0.2458,157.229
4070ti,3b,8da4w,parent,sarc_linear_dq8ca_coopmat_zpgtr_t128x128k64g44s32mk32ra_texture3d_texture2d_half,2048,1024,3072,0.083,155.225
4070ti,3b,8da4w,parent,sarc_linear_dq8ca_coopmat_zpgtr_t128x128k64g44s32mk32ra_texture3d_texture2d_half,2048,1024,3072,0.0837,153.868
4070ti,3b,8da4w,parent,sarc_linear_dq8ca_coopmat_zpgtr_t128x128k64g44s32mk32ra_texture3d_texture2d_half,2048,3072,3072,0.2468,156.607
4070ti,3b,8da4w,parent,sarc_linear_dq8ca_coopmat_zpgtr_t128x128k64g44s32mk32ra_texture3d_texture2d_half,2048,8192,3072,0.6533,157.777
4070ti,3b,8da4w,parent,sarc_linear_dq8ca_coopmat_zpgtr_t128x128k64g44s32mk32ra_texture3d_texture2d_half,2048,8192,3072,0.6562,157.073
4070ti,3b,8da4w,parent,sarc_linear_dq8ca_coopmat_zpgtr_t128x128k64g44s32mk32ra_texture3d_texture2d_half,2048,3072,8192,0.6584,156.549
4070ti,3b,8da4w,parent,sarc_linear_dq8ca_coopmat_zpgtr_t128x128k64g44s32mk32ra_texture3d_texture2d_half,2048,3072,3072,0.2458,157.229
4070ti,3b,8da4w,parent,sarc_linear_dq8ca_coopmat_zpgtr_t128x128k64g44s32mk32ra_texture3d_texture2d_half,2048,1024,3072,0.084,153.42
4070ti,3b,8da4w,parent,sarc_linear_dq8ca_coopmat_zpgtr_t128x128k64g44s32mk32ra_texture3d_texture2d_half,2048,1024,3072,0.084,153.42
4070ti,3b,8da4w,parent,sarc_linear_dq8ca_coopmat_zpgtr_t128x128k64g44s32mk32ra_texture3d_texture2d_half,2048,3072,3072,0.2468,156.607
4070ti,3b,8da4w,parent,sarc_linear_dq8ca_coopmat_zpgtr_t128x128k64g44s32mk32ra_texture3d_texture2d_half,2048,8192,3072,0.6533,157.777
4070ti,3b,8da4w,parent,sarc_linear_dq8ca_coopmat_zpgtr_t128x128k64g44s32mk32ra_texture3d_texture2d_half,2048,8192,3072,0.6575,156.781
4070ti,3b,8da4w,parent,sarc_linear_dq8ca_coopmat_zpgtr_t128x128k64g44s32mk32ra_texture3d_texture2d_half,2048,3072,8192,0.6606,156.028
4070ti,3b,8da4w,parent,sarc_linear_dq8ca_coopmat_zpgtr_t128x128k64g44s32mk32ra_texture3d_texture2d_half,2048,3072,3072,0.2468,156.607
4070ti,3b,8da4w,parent,sarc_linear_dq8ca_coopmat_zpgtr_t128x128k64g44s32mk32ra_texture3d_texture2d_half,2048,1024,3072,0.084,153.42
4070ti,3b,8da4w,parent,sarc_linear_dq8ca_coopmat_zpgtr_t128x128k64g44s32mk32ra_texture3d_texture2d_half,2048,1024,3072,0.084,153.42
4070ti,3b,8da4w,parent,sarc_linear_dq8ca_coopmat_zpgtr_t128x128k64g44s32mk32ra_texture3d_texture2d_half,2048,3072,3072,0.2458,157.229
4070ti,3b,8da4w,parent,sarc_linear_dq8ca_coopmat_zpgtr_t128x128k64g44s32mk32ra_texture3d_texture2d_half,2048,8192,3072,0.6533,157.777
4070ti,3b,8da4w,parent,sarc_linear_dq8ca_coopmat_zpgtr_t128x128k64g44s32mk32ra_texture3d_texture2d_half,2048,8192,3072,0.6553,157.307
4070ti,3b,8da4w,parent,sarc_linear_dq8ca_coopmat_zpgtr_t128x128k64g44s32mk32ra_texture3d_texture2d_half,2048,3072,8192,0.6584,156.549
4070ti,3b,8da4w,parent,sarc_linear_dq8ca_coopmat_zpgtr_t128x128k64g44s32mk32ra_texture3d_texture2d_half,2048,3072,3072,0.2446,158.014
4070ti,3b,8da4w,parent,sarc_linear_dq8ca_coopmat_zpgtr_t128x128k64g44s32mk32ra_texture3d_texture2d_half,2048,1024,3072,0.084,153.42
4070ti,3b,8da4w,parent,sarc_linear_dq8ca_coopmat_zpgtr_t128x128k64g44s32mk32ra_texture3d_texture2d_half,2048,1024,3072,0.084,153.42
4070ti,3b,8da4w,parent,sarc_linear_dq8ca_coopmat_zpgtr_t128x128k64g44s32mk32ra_texture3d_texture2d_half,2048,3072,3072,0.2458,157.229
4070ti,3b,8da4w,parent,sarc_linear_dq8ca_coopmat_zpgtr_t128x128k64g44s32mk32ra_texture3d_texture2d_half,2048,8192,3072,0.6533,157.777
4070ti,3b,8da4w,parent,sarc_linear_dq8ca_coopmat_zpgtr_t128x128k64g44s32mk32ra_texture3d_texture2d_half,2048,8192,3072,0.6565,157.015
4070ti,3b,8da4w,parent,sarc_linear_dq8ca_coopmat_zpgtr_t128x128k64g44s32mk32ra_texture3d_texture2d_half,2048,3072,8192,0.6584,156.549
4070ti,3b,8da4w,parent,sarc_linear_dq8ca_coopmat_zpgtr_t128x128k64g44s32mk32ra_texture3d_texture2d_half,2048,3072,3072,0.2466,156.762
4070ti,3b,8da4w,parent,sarc_linear_dq8ca_coopmat_zpgtr_t128x128k64g44s32mk32ra_texture3d_texture2d_half,2048,1024,3072,0.084,153.42
4070ti,3b,8da4w,parent,sarc_linear_dq8ca_coopmat_zpgtr_t128x128k64g44s32mk32ra_texture3d_texture2d_half,2048,1024,3072,0.083,155.225
4070ti,3b,8da4w,parent,sarc_linear_dq8ca_coopmat_zpgtr_t128x128k64g44s32mk32ra_texture3d_texture2d_half,2048,3072,3072,0.2468,156.607
4070ti,3b,8da4w,parent,sarc_linear_dq8ca_coopmat_zpgtr_t128x128k64g44s32mk32ra_texture3d_texture2d_half,2048,8192,3072,0.6533,157.777
4070ti,3b,8da4w,parent,sarc_linear_dq8ca_coopmat_zpgtr_t128x128k64g44s32mk32ra_texture3d_texture2d_half,2048,8192,3072,0.6562,157.073
4070ti,3b,8da4w,parent,sarc_linear_dq8ca_coopmat_zpgtr_t128x128k64g44s32mk32ra_texture3d_texture2d_half,2048,3072,8192,0.6584,156.549
4070ti,8b,4w,cand,sarc_linear_q4gsw_coopmat_t256x128k16g42s32ga_texture3d_texture2d_half,2048,4096,4096,0.5745,119.624
4070ti,8b,4w,cand,sarc_linear_q4gsw_coopmat_t256x128k16g42s32ga_texture3d_texture2d_half,2048,1024,4096,0.1455,118.068
4070ti,8b,4w,cand,sarc_linear_q4gsw_coopmat_t256x128k16g42s32ga_texture3d_texture2d_half,2048,1024,4096,0.1443,119.067
4070ti,8b,4w,cand,sarc_linear_q4gsw_coopmat_t256x128k16g42s32ga_texture3d_texture2d_half,2048,4096,4096,0.5764,119.219
4070ti,8b,4w,cand,sarc_linear_q4gsw_coopmat_t256x128k16g42s32ga_texture3d_texture2d_half,2048,14336,4096,2.0029,120.083
4070ti,8b,4w,cand,sarc_linear_q4gsw_coopmat_t256x128k16g42s32ga_texture3d_texture2d_half,2048,14336,4096,2.0183,119.168
4070ti,8b,4w,cand,sarc_linear_q4gsw_coopmat_t256x128k16g42s32ga_texture3d_texture2d_half,2048,4096,14336,1.9783,121.58
4070ti,8b,4w,cand,sarc_linear_q4gsw_coopmat_t256x128k16g42s32ga_texture3d_texture2d_half,2048,4096,4096,0.5735,119.828
4070ti,8b,4w,cand,sarc_linear_q4gsw_coopmat_t256x128k16g42s32ga_texture3d_texture2d_half,2048,1024,4096,0.1445,118.866
4070ti,8b,4w,cand,sarc_linear_q4gsw_coopmat_t256x128k16g42s32ga_texture3d_texture2d_half,2048,1024,4096,0.1443,119.067
4070ti,8b,4w,cand,sarc_linear_q4gsw_coopmat_t256x128k16g42s32ga_texture3d_texture2d_half,2048,4096,4096,0.5796,118.566
4070ti,8b,4w,cand,sarc_linear_q4gsw_coopmat_t256x128k16g42s32ga_texture3d_texture2d_half,2048,14336,4096,2.0051,119.952
4070ti,8b,4w,cand,sarc_linear_q4gsw_coopmat_t256x128k16g42s32ga_texture3d_texture2d_half,2048,14336,4096,2.0183,119.168
4070ti,8b,4w,cand,sarc_linear_q4gsw_coopmat_t256x128k16g42s32ga_texture3d_texture2d_half,2048,4096,14336,1.9846,121.191
4070ti,8b,4w,cand,sarc_linear_q4gsw_coopmat_t256x128k16g42s32ga_texture3d_texture2d_half,2048,4096,4096,0.5757,119.37
4070ti,8b,4w,cand,sarc_linear_q4gsw_coopmat_t256x128k16g42s32ga_texture3d_texture2d_half,2048,1024,4096,0.1475,116.505
4070ti,8b,4w,cand,sarc_linear_q4gsw_coopmat_t256x128k16g42s32ga_texture3d_texture2d_half,2048,1024,4096,0.1475,116.505
4070ti,8b,4w,cand,sarc_linear_q4gsw_coopmat_t256x128k16g42s32ga_texture3d_texture2d_half,2048,4096,4096,0.5784,118.816
4070ti,8b,4w,cand,sarc_linear_q4gsw_coopmat_t256x128k16g42s32ga_texture3d_texture2d_half,2048,14336,4096,2.0051,119.952
4070ti,8b,4w,cand,sarc_linear_q4gsw_coopmat_t256x128k16g42s32ga_texture3d_texture2d_half,2048,14336,4096,2.0132,119.472
4070ti,8b,4w,cand,sarc_linear_q4gsw_coopmat_t256x128k16g42s32ga_texture3d_texture2d_half,2048,4096,14336,1.9619,122.594
4070ti,8b,4w,cand,sarc_linear_q4gsw_coopmat_t256x128k16g42s32ga_texture3d_texture2d_half,2048,4096,4096,0.5693,120.701
4070ti,8b,4w,cand,sarc_linear_q4gsw_coopmat_t256x128k16g42s32ga_texture3d_texture2d_half,2048,1024,4096,0.1465,117.281
4070ti,8b,4w,cand,sarc_linear_q4gsw_coopmat_t256x128k16g42s32ga_texture3d_texture2d_half,2048,1024,4096,0.1453,118.267
4070ti,8b,4w,cand,sarc_linear_q4gsw_coopmat_t256x128k16g42s32ga_texture3d_texture2d_half,2048,4096,4096,0.5715,120.237
4070ti,8b,4w,cand,sarc_linear_q4gsw_coopmat_t256x128k16g42s32ga_texture3d_texture2d_half,2048,14336,4096,1.9824,121.325
4070ti,8b,4w,cand,sarc_linear_q4gsw_coopmat_t256x128k16g42s32ga_texture3d_texture2d_half,2048,14336,4096,2.0,120.259
4070ti,8b,4w,cand,sarc_linear_q4gsw_coopmat_t256x128k16g42s32ga_texture3d_texture2d_half,2048,4096,14336,1.96,122.716
4070ti,8b,4w,cand,sarc_linear_q4gsw_coopmat_t256x128k16g42s32ga_texture3d_texture2d_half,2048,4096,4096,0.5693,120.701
4070ti,8b,4w,cand,sarc_linear_q4gsw_coopmat_t256x128k16g42s32ga_texture3d_texture2d_half,2048,1024,4096,0.1465,117.281
4070ti,8b,4w,cand,sarc_linear_q4gsw_coopmat_t256x128k16g42s32ga_texture3d_texture2d_half,2048,1024,4096,0.1455,118.068
4070ti,8b,4w,cand,sarc_linear_q4gsw_coopmat_t256x128k16g42s32ga_texture3d_texture2d_half,2048,4096,4096,0.5725,120.032
4070ti,8b,4w,cand,sarc_linear_q4gsw_coopmat_t256x128k16g42s32ga_texture3d_texture2d_half,2048,14336,4096,1.9836,121.251
4070ti,8b,4w,cand,sarc_linear_q4gsw_coopmat_t256x128k16g42s32ga_texture3d_texture2d_half,2048,14336,4096,2.002,120.142
4070ti,8b,4w,cand,sarc_linear_q4gsw_coopmat_t256x128k16g42s32ga_texture3d_texture2d_half,2048,4096,14336,1.9814,121.385
4070ti,8b,4w,cand,sarc_linear_q4gsw_coopmat_t256x128k16g42s32ga_texture3d_texture2d_half,2048,4096,4096,0.5754,119.421
4070ti,8b,4w,cand,sarc_linear_q4gsw_coopmat_t256x128k16g42s32ga_texture3d_texture2d_half,2048,1024,4096,0.1484,115.738
4070ti,8b,4w,cand,sarc_linear_q4gsw_coopmat_t256x128k16g42s32ga_texture3d_texture2d_half,2048,1024,4096,0.1465,117.281
4070ti,8b,4w,cand,sarc_linear_q4gsw_coopmat_t256x128k16g42s32ga_texture3d_texture2d_half,2048,4096,4096,0.5774,119.017
4070ti,8b,4w,cand,sarc_linear_q4gsw_coopmat_t256x128k16g42s32ga_texture3d_texture2d_half,2048,14336,4096,2.0068,119.849
4070ti,8b,4w,cand,sarc_linear_q4gsw_coopmat_t256x128k16g42s32ga_texture3d_texture2d_half,2048,14336,4096,2.0161,119.298
4070ti,8b,4w,cand,sarc_linear_q4gsw_coopmat_t256x128k16g42s32ga_texture3d_texture2d_half,2048,4096,14336,1.9805,121.445
4070ti,8b,4w,cand,sarc_linear_q4gsw_coopmat_t256x128k16g42s32ga_texture3d_texture2d_half,2048,4096,4096,0.5754,119.421
4070ti,8b,4w,cand,sarc_linear_q4gsw_coopmat_t256x128k16g42s32ga_texture3d_texture2d_half,2048,1024,4096,0.1475,116.505
4070ti,8b,4w,cand,sarc_linear_q4gsw_coopmat_t256x128k16g42s32ga_texture3d_texture2d_half,2048,1024,4096,0.1475,116.505
4070ti,8b,4w,cand,sarc_linear_q4gsw_coopmat_t256x128k16g42s32ga_texture3d_texture2d_half,2048,4096,4096,0.5786,118.766
4070ti,8b,4w,cand,sarc_linear_q4gsw_coopmat_t256x128k16g42s32ga_texture3d_texture2d_half,2048,14336,4096,2.0051,119.952
4070ti,8b,4w,cand,sarc_linear_q4gsw_coopmat_t256x128k16g42s32ga_texture3d_texture2d_half,2048,14336,4096,2.0173,119.226
4070ti,8b,4w,cand,sarc_linear_q4gsw_coopmat_t256x128k16g42s32ga_texture3d_texture2d_half,2048,4096,14336,1.9795,121.505
4070ti,8b,4w,cand,sarc_linear_q4gsw_coopmat_t256x128k16g42s32ga_texture3d_texture2d_half,2048,4096,4096,0.5754,119.421
4070ti,8b,4w,cand,sarc_linear_q4gsw_coopmat_t256x128k16g42s32ga_texture3d_texture2d_half,2048,1024,4096,0.1475,116.505
4070ti,8b,4w,cand,sarc_linear_q4gsw_coopmat_t256x128k16g42s32ga_texture3d_texture2d_half,2048,1024,4096,0.1475,116.505
4070ti,8b,4w,cand,sarc_linear_q4gsw_coopmat_t256x128k16g42s32ga_texture3d_texture2d_half,2048,4096,4096,0.5786,118.766
4070ti,8b,4w,cand,sarc_linear_q4gsw_coopmat_t256x128k16g42s32ga_texture3d_texture2d_half,2048,14336,4096,2.0051,119.952
4070ti,8b,4w,cand,sarc_linear_q4gsw_coopmat_t256x128k16g42s32ga_texture3d_texture2d_half,2048,14336,4096,2.0205,119.038
4070ti,8b,4w,cand,sarc_linear_q4gsw_coopmat_t256x128k16g42s32ga_texture3d_texture2d_half,2048,4096,14336,1.9814,121.385
4070ti,8b,4w,cand,sarc_linear_q4gsw_coopmat_t256x128k16g42s32ga_texture3d_texture2d_half,2048,4096,4096,0.5745,119.624
4070ti,8b,4w,cand,sarc_linear_q4gsw_coopmat_t256x128k16g42s32ga_texture3d_texture2d_half,2048,1024,4096,0.1475,116.505
4070ti,8b,4w,cand,sarc_linear_q4gsw_coopmat_t256x128k16g42s32ga_texture3d_texture2d_half,2048,1024,4096,0.1465,117.281
4070ti,8b,4w,cand,sarc_linear_q4gsw_coopmat_t256x128k16g42s32ga_texture3d_texture2d_half,2048,4096,4096,0.5776,118.967
4070ti,8b,4w,cand,sarc_linear_q4gsw_coopmat_t256x128k16g42s32ga_texture3d_texture2d_half,2048,14336,4096,2.0061,119.893
4070ti,8b,4w,cand,sarc_linear_q4gsw_coopmat_t256x128k16g42s32ga_texture3d_texture2d_half,2048,14336,4096,2.0173,119.226
4070ti,8b,4w,cand,sarc_linear_q4gsw_coopmat_t256x128k16g42s32ga_texture3d_texture2d_half,2048,4096,14336,1.9834,121.266
4070ti,8b,4w,cand,sarc_linear_q4gsw_coopmat_t256x128k16g42s32ga_texture3d_texture2d_half,2048,4096,4096,0.5754,119.421
4070ti,8b,4w,cand,sarc_linear_q4gsw_coopmat_t256x128k16g42s32ga_texture3d_texture2d_half,2048,1024,4096,0.1475,116.505
4070ti,8b,4w,cand,sarc_linear_q4gsw_coopmat_t256x128k16g42s32ga_texture3d_texture2d_half,2048,1024,4096,0.1475,116.505
4070ti,8b,4w,cand,sarc_linear_q4gsw_coopmat_t256x128k16g42s32ga_texture3d_texture2d_half,2048,4096,4096,0.5776,118.967
4070ti,8b,4w,cand,sarc_linear_q4gsw_coopmat_t256x128k16g42s32ga_texture3d_texture2d_half,2048,14336,4096,2.0051,119.952
4070ti,8b,4w,cand,sarc_linear_q4gsw_coopmat_t256x128k16g42s32ga_texture3d_texture2d_half,2048,14336,4096,2.0183,119.168
4070ti,8b,4w,cand,sarc_linear_q4gsw_coopmat_t256x128k16g42s32ga_texture3d_texture2d_half,2048,4096,14336,1.9836,121.251
4070ti,8b,4w,cand,sarc_linear_q4gsw_coopmat_t256x128k16g42s32ga_texture3d_texture2d_half,2048,4096,4096,0.5754,119.421
4070ti,8b,4w,cand,sarc_linear_q4gsw_coopmat_t256x128k16g42s32ga_texture3d_texture2d_half,2048,1024,4096,0.1475,116.505
4070ti,8b,4w,cand,sarc_linear_q4gsw_coopmat_t256x128k16g42s32ga_texture3d_texture2d_half,2048,1024,4096,0.1475,116.505
4070ti,8b,4w,cand,sarc_linear_q4gsw_coopmat_t256x128k16g42s32ga_texture3d_texture2d_half,2048,4096,4096,0.5776,118.967
4070ti,8b,4w,cand,sarc_linear_q4gsw_coopmat_t256x128k16g42s32ga_texture3d_texture2d_half,2048,14336,4096,2.0051,119.952
4070ti,8b,4w,cand,sarc_linear_q4gsw_coopmat_t256x128k16g42s32ga_texture3d_texture2d_half,2048,14336,4096,2.0183,119.168
4070ti,8b,4w,cand,sarc_linear_q4gsw_coopmat_t256x128k16g42s32ga_texture3d_texture2d_half,2048,4096,14336,1.9814,121.385
4070ti,8b,4w,cand,sarc_linear_q4gsw_coopmat_t256x128k16g42s32ga_texture3d_texture2d_half,2048,4096,4096,0.5754,119.421
4070ti,8b,4w,cand,sarc_linear_q4gsw_coopmat_t256x128k16g42s32ga_texture3d_texture2d_half,2048,1024,4096,0.1475,116.505
4070ti,8b,4w,cand,sarc_linear_q4gsw_coopmat_t256x128k16g42s32ga_texture3d_texture2d_half,2048,1024,4096,0.1475,116.505
4070ti,8b,4w,cand,sarc_linear_q4gsw_coopmat_t256x128k16g42s32ga_texture3d_texture2d_half,2048,4096,4096,0.5764,119.219
4070ti,8b,4w,cand,sarc_linear_q4gsw_coopmat_t256x128k16g42s32ga_texture3d_texture2d_half,2048,14336,4096,2.0051,119.952
4070ti,8b,4w,cand,sarc_linear_q4gsw_coopmat_t256x128k16g42s32ga_texture3d_texture2d_half,2048,14336,4096,2.0183,119.168
4070ti,8b,4w,cand,sarc_linear_q4gsw_coopmat_t256x128k16g42s32ga_texture3d_texture2d_half,2048,4096,14336,1.9814,121.385
4070ti,8b,4w,cand,sarc_linear_q4gsw_coopmat_t256x128k16g42s32ga_texture3d_texture2d_half,2048,4096,4096,0.5745,119.624
4070ti,8b,4w,cand,sarc_linear_q4gsw_coopmat_t256x128k16g42s32ga_texture3d_texture2d_half,2048,1024,4096,0.1475,116.505
4070ti,8b,4w,cand,sarc_linear_q4gsw_coopmat_t256x128k16g42s32ga_texture3d_texture2d_half,2048,1024,4096,0.1475,116.505
4070ti,8b,4w,cand,sarc_linear_q4gsw_coopmat_t256x128k16g42s32ga_texture3d_texture2d_half,2048,4096,4096,0.5786,118.766
4070ti,8b,4w,cand,sarc_linear_q4gsw_coopmat_t256x128k16g42s32ga_texture3d_texture2d_half,2048,14336,4096,2.0042,120.01
4070ti,8b,4w,cand,sarc_linear_q4gsw_coopmat_t256x128k16g42s32ga_texture3d_texture2d_half,2048,14336,4096,2.0203,119.053
4070ti,8b,4w,cand,sarc_linear_q4gsw_coopmat_t256x128k16g42s32ga_texture3d_texture2d_half,2048,4096,14336,1.9927,120.701
4070ti,8b,4w,cand,sarc_linear_q4gsw_coopmat_t256x128k16g42s32ga_texture3d_texture2d_half,2048,4096,4096,0.5786,118.766
4070ti,8b,4w,cand,sarc_linear_q4gsw_coopmat_t256x128k16g42s32ga_texture3d_texture2d_half,2048,1024,4096,0.1487,115.548
4070ti,8b,4w,cand,sarc_linear_q4gsw_coopmat_t256x128k16g42s32ga_texture3d_texture2d_half,2048,1024,4096,0.1484,115.738
4070ti,8b,4w,cand,sarc_linear_q4gsw_coopmat_t256x128k16g42s32ga_texture3d_texture2d_half,2048,4096,4096,0.5806,118.366
4070ti,8b,4w,cand,sarc_linear_q4gsw_coopmat_t256x128k16g42s32ga_texture3d_texture2d_half,2048,14336,4096,2.0154,119.341
4070ti,8b,4w,cand,sarc_linear_q4gsw_coopmat_t256x128k16g42s32ga_texture3d_texture2d_half,2048,14336,4096,2.0286,118.566
4070ti,8b,4w,cand,sarc_linear_q4gsw_coopmat_t256x128k16g42s32ga_texture3d_texture2d_half,2048,4096,14336,1.9927,120.701
4070ti,8b,4w,cand,sarc_linear_q4gsw_coopmat_t256x128k16g42s32ga_texture3d_texture2d_half,2048,4096,4096,0.5784,118.816
4070ti,8b,4w,cand,sarc_linear_q4gsw_coopmat_t256x128k16g42s32ga_texture3d_texture2d_half,2048,1024,4096,0.1484,115.738
4070ti,8b,4w,cand,sarc_linear_q4gsw_coopmat_t256x128k16g42s32ga_texture3d_texture2d_half,2048,1024,4096,0.1555,110.469
4070ti,8b,4w,cand,sarc_linear_q4gsw_coopmat_t256x128k16g42s32ga_texture3d_texture2d_half,2048,4096,4096,0.5806,118.366
4070ti,8b,4w,cand,sarc_linear_q4gsw_coopmat_t256x128k16g42s32ga_texture3d_texture2d_half,2048,14336,4096,2.0173,119.226
4070ti,8b,4w,cand,sarc_linear_q4gsw_coopmat_t256x128k16g42s32ga_texture3d_texture2d_half,2048,14336,4096,2.0283,118.58
4070ti,8b,4w,cand,sarc_linear_q4gsw_coopmat_t256x128k16g42s32ga_texture3d_texture2d_half,2048,4096,14336,1.9917,120.76
4070ti,8b,4w,cand,sarc_linear_q4gsw_coopmat_t256x128k16g42s32ga_texture3d_texture2d_half,2048,4096,4096,0.5784,118.816
4070ti,8b,4w,cand,sarc_linear_q4gsw_coopmat_t256x128k16g42s32ga_texture3d_texture2d_half,2048,1024,4096,0.1484,115.738
4070ti,8b,4w,cand,sarc_linear_q4gsw_coopmat_t256x128k16g42s32ga_texture3d_texture2d_half,2048,1024,4096,0.1475,116.505
4070ti,8b,4w,cand,sarc_linear_q4gsw_coopmat_t256x128k16g42s32ga_texture3d_texture2d_half,2048,4096,4096,0.5796,118.566
4070ti,8b,4w,cand,sarc_linear_q4gsw_coopmat_t256x128k16g42s32ga_texture3d_texture2d_half,2048,14336,4096,2.0173,119.226
4070ti,8b,4w,cand,sarc_linear_q4gsw_coopmat_t256x128k16g42s32ga_texture3d_texture2d_half,2048,14336,4096,2.0264,118.694
4070ti,8b,4w,cand,sarc_linear_q4gsw_coopmat_t256x128k16g42s32ga_texture3d_texture2d_half,2048,4096,14336,1.9949,120.568
4070ti,8b,4w,cand,sarc_linear_q4gsw_coopmat_t256x128k16g42s32ga_texture3d_texture2d_half,2048,4096,4096,0.5776,118.967
4070ti,8b,4w,cand,sarc_linear_q4gsw_coopmat_t256x128k16g42s32ga_texture3d_texture2d_half,2048,1024,4096,0.1484,115.738
4070ti,8b,4w,cand,sarc_linear_q4gsw_coopmat_t256x128k16g42s32ga_texture3d_texture2d_half,2048,1024,4096,0.1475,116.505
4070ti,8b,4w,cand,sarc_linear_q4gsw_coopmat_t256x128k16g42s32ga_texture3d_texture2d_half,2048,4096,4096,0.5815,118.167
4070ti,8b,4w,cand,sarc_linear_q4gsw_coopmat_t256x128k16g42s32ga_texture3d_texture2d_half,2048,14336,4096,2.0161,119.298
4070ti,8b,4w,cand,sarc_linear_q4gsw_coopmat_t256x128k16g42s32ga_texture3d_texture2d_half,2048,14336,4096,2.0273,118.637
4070ti,8b,4w,cand,sarc_linear_q4gsw_coopmat_t256x128k16g42s32ga_texture3d_texture2d_half,2048,4096,14336,1.9946,120.583
4070ti,8b,4w,cand,sarc_linear_q4gsw_coopmat_t256x128k16g42s32ga_texture3d_texture2d_half,2048,4096,4096,0.5796,118.566
4070ti,8b,4w,cand,sarc_linear_q4gsw_coopmat_t256x128k16g42s32ga_texture3d_texture2d_half,2048,1024,4096,0.1484,115.738
4070ti,8b,4w,cand,sarc_linear_q4gsw_coopmat_t256x128k16g42s32ga_texture3d_texture2d_half,2048,1024,4096,0.1484,115.738
4070ti,8b,4w,cand,sarc_linear_q4gsw_coopmat_t256x128k16g42s32ga_texture3d_texture2d_half,2048,4096,4096,0.5796,118.566
4070ti,8b,4w,cand,sarc_linear_q4gsw_coopmat_t256x128k16g42s32ga_texture3d_texture2d_half,2048,14336,4096,2.0151,119.356
4070ti,8b,4w,cand,sarc_linear_q4gsw_coopmat_t256x128k16g42s32ga_texture3d_texture2d_half,2048,14336,4096,2.0286,118.566
4070ti,8b,4w,cand,sarc_linear_q4gsw_coopmat_t256x128k16g42s32ga_texture3d_texture2d_half,2048,4096,14336,1.9968,120.45
4070ti,8b,4w,cand,sarc_linear_q4gsw_coopmat_t256x128k16g42s32ga_texture3d_texture2d_half,2048,4096,4096,0.5786,118.766
4070ti,8b,4w,cand,sarc_linear_q4gsw_coopmat_t256x128k16g42s32ga_texture3d_texture2d_half,2048,1024,4096,0.1487,115.548
4070ti,8b,4w,cand,sarc_linear_q4gsw_coopmat_t256x128k16g42s32ga_texture3d_texture2d_half,2048,1024,4096,0.1475,116.505
4070ti,8b,4w,cand,sarc_linear_q4gsw_coopmat_t256x128k16g42s32ga_texture3d_texture2d_half,2048,4096,4096,0.5815,118.167
4070ti,8b,4w,cand,sarc_linear_q4gsw_coopmat_t256x128k16g42s32ga_texture3d_texture2d_half,2048,14336,4096,2.0161,119.298
4070ti,8b,4w,cand,sarc_linear_q4gsw_coopmat_t256x128k16g42s32ga_texture3d_texture2d_half,2048,14336,4096,2.0295,118.509
4070ti,8b,4w,cand,sarc_linear_q4gsw_coopmat_t256x128k16g42s32ga_texture3d_texture2d_half,2048,4096,14336,1.9917,120.76
4070ti,8b,4w,cand,sarc_linear_q4gsw_coopmat_t256x128k16g42s32ga_texture3d_texture2d_half,2048,4096,4096,0.5784,118.816
4070ti,8b,4w,cand,sarc_linear_q4gsw_coopmat_t256x128k16g42s32ga_texture3d_texture2d_half,2048,1024,4096,0.1484,115.738
4070ti,8b,4w,cand,sarc_linear_q4gsw_coopmat_t256x128k16g42s32ga_texture3d_texture2d_half,2048,1024,4096,0.1475,116.505
4070ti,8b,4w,cand,sarc_linear_q4gsw_coopmat_t256x128k16g42s32ga_texture3d_texture2d_half,2048,4096,4096,0.5796,118.566
4070ti,8b,4w,cand,sarc_linear_q4gsw_coopmat_t256x128k16g42s32ga_texture3d_texture2d_half,2048,14336,4096,2.0164,119.283
4070ti,8b,4w,cand,sarc_linear_q4gsw_coopmat_t256x128k16g42s32ga_texture3d_texture2d_half,2048,14336,4096,2.0286,118.566
4070ti,8b,4w,cand,sarc_linear_q4gsw_coopmat_t256x128k16g42s32ga_texture3d_texture2d_half,2048,4096,14336,1.9929,120.686
4070ti,8b,4w,cand,sarc_linear_q4gsw_coopmat_t256x128k16g42s32ga_texture3d_texture2d_half,2048,4096,4096,0.5774,119.017
4070ti,8b,4w,cand,sarc_linear_q4gsw_coopmat_t256x128k16g42s32ga_texture3d_texture2d_half,2048,1024,4096,0.1475,116.505
4070ti,8b,4w,cand,sarc_linear_q4gsw_coopmat_t256x128k16g42s32ga_texture3d_texture2d_half,2048,1024,4096,0.1475,116.505
4070ti,8b,4w,cand,sarc_linear_q4gsw_coopmat_t256x128k16g42s32ga_texture3d_texture2d_half,2048,4096,4096,0.5796,118.566
4070ti,8b,4w,cand,sarc_linear_q4gsw_coopmat_t256x128k16g42s32ga_texture3d_texture2d_half,2048,14336,4096,2.0161,119.298
4070ti,8b,4w,cand,sarc_linear_q4gsw_coopmat_t256x128k16g42s32ga_texture3d_texture2d_half,2048,14336,4096,2.0276,118.623
4070ti,8b,4w,cand,sarc_linear_q4gsw_coopmat_t256x128k16g42s32ga_texture3d_texture2d_half,2048,4096,14336,1.9937,120.642
4070ti,8b,4w,cand,sarc_linear_q4gsw_coopmat_t256x128k16g42s32ga_texture3d_texture2d_half,2048,4096,4096,0.5796,118.566
4070ti,8b,4w,cand,sarc_linear_q4gsw_coopmat_t256x128k16g42s32ga_texture3d_texture2d_half,2048,1024,4096,0.1487,115.548
4070ti,8b,4w,cand,sarc_linear_q4gsw_coopmat_t256x128k16g42s32ga_texture3d_texture2d_half,2048,1024,4096,0.1475,116.505
4070ti,8b,4w,cand,sarc_linear_q4gsw_coopmat_t256x128k16g42s32ga_texture3d_texture2d_half,2048,4096,4096,0.5806,118.366
4070ti,8b,4w,cand,sarc_linear_q4gsw_coopmat_t256x128k16g42s32ga_texture3d_texture2d_half,2048,14336,4096,2.0161,119.298
4070ti,8b,4w,cand,sarc_linear_q4gsw_coopmat_t256x128k16g42s32ga_texture3d_texture2d_half,2048,14336,4096,2.0286,118.566
4070ti,8b,4w,cand,sarc_linear_q4gsw_coopmat_t256x128k16g42s32ga_texture3d_texture2d_half,2048,4096,14336,1.9915,120.775
4070ti,8b,4w,cand,sarc_linear_q4gsw_coopmat_t256x128k16g42s32ga_texture3d_texture2d_half,2048,4096,4096,0.5786,118.766
4070ti,8b,4w,cand,sarc_linear_q4gsw_coopmat_t256x128k16g42s32ga_texture3d_texture2d_half,2048,1024,4096,0.1484,115.738
4070ti,8b,4w,cand,sarc_linear_q4gsw_coopmat_t256x128k16g42s32ga_texture3d_texture2d_half,2048,1024,4096,0.1475,116.505
4070ti,8b,4w,cand,sarc_linear_q4gsw_coopmat_t256x128k16g42s32ga_texture3d_texture2d_half,2048,4096,4096,0.5808,118.317
4070ti,8b,4w,cand,sarc_linear_q4gsw_coopmat_t256x128k16g42s32ga_texture3d_texture2d_half,2048,14336,4096,2.0164,119.283
4070ti,8b,4w,cand,sarc_linear_q4gsw_coopmat_t256x128k16g42s32ga_texture3d_texture2d_half,2048,14336,4096,2.0315,118.395
4070ti,8b,4w,cand,sarc_linear_q4gsw_coopmat_t256x128k16g42s32ga_texture3d_texture2d_half,2048,4096,14336,1.9917,120.76
4070ti,8b,4w,cand,sarc_linear_q4gsw_coopmat_t256x128k16g42s32ga_texture3d_texture2d_half,2048,4096,4096,0.5786,118.766
4070ti,8b,4w,cand,sarc_linear_q4gsw_coopmat_t256x128k16g42s32ga_texture3d_texture2d_half,2048,1024,4096,0.1484,115.738
4070ti,8b,4w,cand,sarc_linear_q4gsw_coopmat_t256x128k16g42s32ga_texture3d_texture2d_half,2048,1024,4096,0.1484,115.738
4070ti,8b,4w,cand,sarc_linear_q4gsw_coopmat_t256x128k16g42s32ga_texture3d_texture2d_half,2048,4096,4096,0.5806,118.366
4070ti,8b,4w,cand,sarc_linear_q4gsw_coopmat_t256x128k16g42s32ga_texture3d_texture2d_half,2048,14336,4096,2.0161,119.298
4070ti,8b,4w,cand,sarc_linear_q4gsw_coopmat_t256x128k16g42s32ga_texture3d_texture2d_half,2048,14336,4096,2.0286,118.566
4070ti,8b,4w,cand,sarc_linear_q4gsw_coopmat_t256x128k16g42s32ga_texture3d_texture2d_half,2048,4096,14336,1.9927,120.701
4070ti,8b,4w,cand,sarc_linear_q4gsw_coopmat_t256x128k16g42s32ga_texture3d_texture2d_half,2048,4096,4096,0.5786,118.766
4070ti,8b,4w,cand,sarc_linear_q4gsw_coopmat_t256x128k16g42s32ga_texture3d_texture2d_half,2048,1024,4096,0.1497,114.794
4070ti,8b,4w,cand,sarc_linear_q4gsw_coopmat_t256x128k16g42s32ga_texture3d_texture2d_half,2048,1024,4096,0.1487,115.548
4070ti,8b,4w,cand,sarc_linear_q4gsw_coopmat_t256x128k16g42s32ga_texture3d_texture2d_half,2048,4096,4096,0.5815,118.167
4070ti,8b,4w,cand,sarc_linear_q4gsw_coopmat_t256x128k16g42s32ga_texture3d_texture2d_half,2048,14336,4096,2.0173,119.226
4070ti,8b,4w,cand,sarc_linear_q4gsw_coopmat_t256x128k16g42s32ga_texture3d_texture2d_half,2048,14336,4096,2.0317,118.38
4070ti,8b,4w,cand,sarc_linear_q4gsw_coopmat_t256x128k16g42s32ga_texture3d_texture2d_half,2048,4096,14336,1.9907,120.82
4070ti,8b,4w,cand,sarc_linear_q4gsw_coopmat_t256x128k16g42s32ga_texture3d_texture2d_half,2048,4096,4096,0.5774,119.017
4070ti,8b,4w,cand,sarc_linear_q4gsw_coopmat_t256x128k16g42s32ga_texture3d_texture2d_half,2048,1024,4096,0.1484,115.738
4070ti,8b,4w,cand,sarc_linear_q4gsw_coopmat_t256x128k16g42s32ga_texture3d_texture2d_half,2048,1024,4096,0.1484,115.738
4070ti,8b,4w,cand,sarc_linear_q4gsw_coopmat_t256x128k16g42s32ga_texture3d_texture2d_half,2048,4096,4096,0.5808,118.317
4070ti,8b,4w,cand,sarc_linear_q4gsw_coopmat_t256x128k16g42s32ga_texture3d_texture2d_half,2048,14336,4096,2.0164,119.283
4070ti,8b,4w,cand,sarc_linear_q4gsw_coopmat_t256x128k16g42s32ga_texture3d_texture2d_half,2048,14336,4096,2.0266,118.68
4070ti,8b,4w,cand,sarc_linear_q4gsw_coopmat_t256x128k16g42s32ga_texture3d_texture2d_half,2048,4096,14336,1.9907,120.82
4070ti,8b,4w,cand,sarc_linear_q4gsw_coopmat_t256x128k16g42s32ga_texture3d_texture2d_half,2048,4096,4096,0.5786,118.766
4070ti,8b,4w,cand,sarc_linear_q4gsw_coopmat_t256x128k16g42s32ga_texture3d_texture2d_half,2048,1024,4096,0.1472,116.698
4070ti,8b,4w,cand,sarc_linear_q4gsw_coopmat_t256x128k16g42s32ga_texture3d_texture2d_half,2048,1024,4096,0.1484,115.738
4070ti,8b,4w,cand,sarc_linear_q4gsw_coopmat_t256x128k16g42s32ga_texture3d_texture2d_half,2048,4096,4096,0.5796,118.566
4070ti,8b,4w,cand,sarc_linear_q4gsw_coopmat_t256x128k16g42s32ga_texture3d_texture2d_half,2048,14336,4096,2.0154,119.341
4070ti,8b,4w,cand,sarc_linear_q4gsw_coopmat_t256x128k16g42s32ga_texture3d_texture2d_half,2048,14336,4096,2.0266,118.68
4070ti,8b,4w,cand,sarc_linear_q4gsw_coopmat_t256x128k16g42s32ga_texture3d_texture2d_half,2048,4096,14336,1.9939,120.627
4070ti,8b,4w,cand,sarc_linear_q4gsw_coopmat_t256x128k16g42s32ga_texture3d_texture2d_half,2048,4096,4096,0.5786,118.766
4070ti,8b,4w,cand,sarc_linear_q4gsw_coopmat_t256x128k16g42s32ga_texture3d_texture2d_half,2048,1024,4096,0.1484,115.738
4070ti,8b,4w,cand,sarc_linear_q4gsw_coopmat_t256x128k16g42s32ga_texture3d_texture2d_half,2048,1024,4096,0.1484,115.738
4070ti,8b,4w,cand,sarc_linear_q4gsw_coopmat_t256x128k16g42s32ga_texture3d_texture2d_half,2048,4096,4096,0.5815,118.167
4070ti,8b,4w,cand,sarc_linear_q4gsw_coopmat_t256x128k16g42s32ga_texture3d_texture2d_half,2048,14336,4096,2.0164,119.283
4070ti,8b,4w,cand,sarc_linear_q4gsw_coopmat_t256x128k16g42s32ga_texture3d_texture2d_half,2048,14336,4096,2.0286,118.566
4070ti,8b,4w,cand,sarc_linear_q4gsw_coopmat_t256x128k16g42s32ga_texture3d_texture2d_half,2048,4096,14336,1.9907,120.82
4070ti,8b,4w,cand,sarc_linear_q4gsw_coopmat_t256x128k16g42s32ga_texture3d_texture2d_half,2048,4096,4096,0.5776,118.967
4070ti,8b,4w,cand,sarc_linear_q4gsw_coopmat_t256x128k16g42s32ga_texture3d_texture2d_half,2048,1024,4096,0.1484,115.738
4070ti,8b,4w,cand,sarc_linear_q4gsw_coopmat_t256x128k16g42s32ga_texture3d_texture2d_half,2048,1024,4096,0.1475,116.505
4070ti,8b,4w,cand,sarc_linear_q4gsw_coopmat_t256x128k16g42s32ga_texture3d_texture2d_half,2048,4096,4096,0.5818,118.118
4070ti,8b,4w,cand,sarc_linear_q4gsw_coopmat_t256x128k16g42s32ga_texture3d_texture2d_half,2048,14336,4096,2.0173,119.226
4070ti,8b,4w,cand,sarc_linear_q4gsw_coopmat_t256x128k16g42s32ga_texture3d_texture2d_half,2048,14336,4096,2.0295,118.509
4070ti,8b,4w,cand,sarc_linear_q4gsw_coopmat_t256x128k16g42s32ga_texture3d_texture2d_half,2048,4096,14336,1.9927,120.701
4070ti,8b,4w,cand,sarc_linear_q4gsw_coopmat_t256x128k16g42s32ga_texture3d_texture2d_half,2048,4096,4096,0.5786,118.766
4070ti,8b,4w,cand,sarc_linear_q4gsw_coopmat_t256x128k16g42s32ga_texture3d_texture2d_half,2048,1024,4096,0.1484,115.738
4070ti,8b,4w,cand,sarc_linear_q4gsw_coopmat_t256x128k16g42s32ga_texture3d_texture2d_half,2048,1024,4096,0.1487,115.548
4070ti,8b,4w,cand,sarc_linear_q4gsw_coopmat_t256x128k16g42s32ga_texture3d_texture2d_half,2048,4096,4096,0.5796,118.566
4070ti,8b,4w,cand,sarc_linear_q4gsw_coopmat_t256x128k16g42s32ga_texture3d_texture2d_half,2048,14336,4096,2.0164,119.283
4070ti,8b,4w,cand,sarc_linear_q4gsw_coopmat_t256x128k16g42s32ga_texture3d_texture2d_half,2048,14336,4096,2.0276,118.623
4070ti,8b,4w,cand,sarc_linear_q4gsw_coopmat_t256x128k16g42s32ga_texture3d_texture2d_half,2048,4096,14336,1.9946,120.583
4070ti,8b,4w,cand,sarc_linear_q4gsw_coopmat_t256x128k16g42s32ga_texture3d_texture2d_half,2048,4096,4096,0.5818,118.118
4070ti,8b,4w,cand,sarc_linear_q4gsw_coopmat_t256x128k16g42s32ga_texture3d_texture2d_half,2048,1024,4096,0.1475,116.505
4070ti,8b,4w,cand,sarc_linear_q4gsw_coopmat_t256x128k16g42s32ga_texture3d_texture2d_half,2048,1024,4096,0.1484,115.738
4070ti,8b,4w,cand,sarc_linear_q4gsw_coopmat_t256x128k16g42s32ga_texture3d_texture2d_half,2048,4096,4096,0.5825,117.969
4070ti,8b,4w,cand,sarc_linear_q4gsw_coopmat_t256x128k16g42s32ga_texture3d_texture2d_half,2048,14336,4096,2.0195,119.096
4070ti,8b,4w,cand,sarc_linear_q4gsw_coopmat_t256x128k16g42s32ga_texture3d_texture2d_half,2048,14336,4096,2.0305,118.452
4070ti,8b,4w,cand,sarc_linear_q4gsw_coopmat_t256x128k16g42s32ga_texture3d_texture2d_half,2048,4096,14336,1.9968,120.45
4070ti,8b,4w,cand,sarc_linear_q4gsw_coopmat_t256x128k16g42s32ga_texture3d_texture2d_half,2048,4096,4096,0.5806,118.366
4070ti,8b,4w,cand,sarc_linear_q4gsw_coopmat_t256x128k16g42s32ga_texture3d_texture2d_half,2048,1024,4096,0.1475,116.505
4070ti,8b,4w,cand,sarc_linear_q4gsw_coopmat_t256x128k16g42s32ga_texture3d_texture2d_half,2048,1024,4096,0.1484,115.738
4070ti,8b,4w,cand,sarc_linear_q4gsw_coopmat_t256x128k16g42s32ga_texture3d_texture2d_half,2048,4096,4096,0.5818,118.118
4070ti,8b,4w,cand,sarc_linear_q4gsw_coopmat_t256x128k16g42s32ga_texture3d_texture2d_half,2048,14336,4096,2.0276,118.623
4070ti,8b,4w,cand,sarc_linear_q4gsw_coopmat_t256x128k16g42s32ga_texture3d_texture2d_half,2048,14336,4096,2.0308,118.437
4070ti,8b,4w,cand,sarc_linear_q4gsw_coopmat_t256x128k16g42s32ga_texture3d_texture2d_half,2048,4096,14336,1.9958,120.509
4070ti,8b,4w,parent,sarc_linear_q4gsw_coopmat_t256x128k16g42s32ga_texture3d_texture2d_half,2048,4096,4096,0.5754,119.421
4070ti,8b,4w,parent,sarc_linear_q4gsw_coopmat_t256x128k16g42s32ga_texture3d_texture2d_half,2048,1024,4096,0.1455,118.068
4070ti,8b,4w,parent,sarc_linear_q4gsw_coopmat_t256x128k16g42s32ga_texture3d_texture2d_half,2048,1024,4096,0.1455,118.068
4070ti,8b,4w,parent,sarc_linear_q4gsw_coopmat_t256x128k16g42s32ga_texture3d_texture2d_half,2048,4096,4096,0.5764,119.219
4070ti,8b,4w,parent,sarc_linear_q4gsw_coopmat_t256x128k16g42s32ga_texture3d_texture2d_half,2048,14336,4096,2.0029,120.083
4070ti,8b,4w,parent,sarc_linear_q4gsw_coopmat_t256x128k16g42s32ga_texture3d_texture2d_half,2048,14336,4096,2.0183,119.168
4070ti,8b,4w,parent,sarc_linear_q4gsw_coopmat_t256x128k16g42s32ga_texture3d_texture2d_half,2048,4096,14336,1.9814,121.385
4070ti,8b,4w,parent,sarc_linear_q4gsw_coopmat_t256x128k16g42s32ga_texture3d_texture2d_half,2048,4096,4096,0.5735,119.828
4070ti,8b,4w,parent,sarc_linear_q4gsw_coopmat_t256x128k16g42s32ga_texture3d_texture2d_half,2048,1024,4096,0.1455,118.068
4070ti,8b,4w,parent,sarc_linear_q4gsw_coopmat_t256x128k16g42s32ga_texture3d_texture2d_half,2048,1024,4096,0.1455,118.068
4070ti,8b,4w,parent,sarc_linear_q4gsw_coopmat_t256x128k16g42s32ga_texture3d_texture2d_half,2048,4096,4096,0.5723,120.083
4070ti,8b,4w,parent,sarc_linear_q4gsw_coopmat_t256x128k16g42s32ga_texture3d_texture2d_half,2048,14336,4096,1.9619,122.594
4070ti,8b,4w,parent,sarc_linear_q4gsw_coopmat_t256x128k16g42s32ga_texture3d_texture2d_half,2048,14336,4096,1.968,122.213
4070ti,8b,4w,parent,sarc_linear_q4gsw_coopmat_t256x128k16g42s32ga_texture3d_texture2d_half,2048,4096,14336,1.9385,124.076
4070ti,8b,4w,parent,sarc_linear_q4gsw_coopmat_t256x128k16g42s32ga_texture3d_texture2d_half,2048,4096,4096,0.5601,122.701
4070ti,8b,4w,parent,sarc_linear_q4gsw_coopmat_t256x128k16g42s32ga_texture3d_texture2d_half,2048,1024,4096,0.1465,117.281
4070ti,8b,4w,parent,sarc_linear_q4gsw_coopmat_t256x128k16g42s32ga_texture3d_texture2d_half,2048,1024,4096,0.1436,119.675
4070ti,8b,4w,parent,sarc_linear_q4gsw_coopmat_t256x128k16g42s32ga_texture3d_texture2d_half,2048,4096,4096,0.5632,122.009
4070ti,8b,4w,parent,sarc_linear_q4gsw_coopmat_t256x128k16g42s32ga_texture3d_texture2d_half,2048,14336,4096,1.9539,123.099
4070ti,8b,4w,parent,sarc_linear_q4gsw_coopmat_t256x128k16g42s32ga_texture3d_texture2d_half,2048,14336,4096,1.9712,122.017
4070ti,8b,4w,parent,sarc_linear_q4gsw_coopmat_t256x128k16g42s32ga_texture3d_texture2d_half,2048,4096,14336,1.9363,124.217
4070ti,8b,4w,parent,sarc_linear_q4gsw_coopmat_t256x128k16g42s32ga_texture3d_texture2d_half,2048,4096,4096,0.5632,122.009
4070ti,8b,4w,parent,sarc_linear_q4gsw_coopmat_t256x128k16g42s32ga_texture3d_texture2d_half,2048,1024,4096,0.1455,118.068
4070ti,8b,4w,parent,sarc_linear_q4gsw_coopmat_t256x128k16g42s32ga_texture3d_texture2d_half,2048,1024,4096,0.1433,119.879
4070ti,8b,4w,parent,sarc_linear_q4gsw_coopmat_t256x128k16g42s32ga_texture3d_texture2d_half,2048,4096,4096,0.5776,118.967
4070ti,8b,4w,parent,sarc_linear_q4gsw_coopmat_t256x128k16g42s32ga_texture3d_texture2d_half,2048,14336,4096,2.0051,119.952
4070ti,8b,4w,parent,sarc_linear_q4gsw_coopmat_t256x128k16g42s32ga_texture3d_texture2d_half,2048,14336,4096,2.0215,118.981
4070ti,8b,4w,parent,sarc_linear_q4gsw_coopmat_t256x128k16g42s32ga_texture3d_texture2d_half,2048,4096,14336,1.9814,121.385
4070ti,8b,4w,parent,sarc_linear_q4gsw_coopmat_t256x128k16g42s32ga_texture3d_texture2d_half,2048,4096,4096,0.5767,119.168
4070ti,8b,4w,parent,sarc_linear_q4gsw_coopmat_t256x128k16g42s32ga_texture3d_texture2d_half,2048,1024,4096,0.1475,116.505
4070ti,8b,4w,parent,sarc_linear_q4gsw_coopmat_t256x128k16g42s32ga_texture3d_texture2d_half,2048,1024,4096,0.1484,115.738
4070ti,8b,4w,parent,sarc_linear_q4gsw_coopmat_t256x128k16g42s32ga_texture3d_texture2d_half,2048,4096,4096,0.5776,118.967
4070ti,8b,4w,parent,sarc_linear_q4gsw_coopmat_t256x128k16g42s32ga_texture3d_texture2d_half,2048,14336,4096,2.0059,119.908
4070ti,8b,4w,parent,sarc_linear_q4gsw_coopmat_t256x128k16g42s32ga_texture3d_texture2d_half,2048,14336,4096,2.0183,119.168
4070ti,8b,4w,parent,sarc_linear_q4gsw_coopmat_t256x128k16g42s32ga_texture3d_texture2d_half,2048,4096,14336,1.9834,121.266
4070ti,8b,4w,parent,sarc_linear_q4gsw_coopmat_t256x128k16g42s32ga_texture3d_texture2d_half,2048,4096,4096,0.5764,119.219
4070ti,8b,4w,parent,sarc_linear_q4gsw_coopmat_t256x128k16g42s32ga_texture3d_texture2d_half,2048,1024,4096,0.1475,116.505
4070ti,8b,4w,parent,sarc_linear_q4gsw_coopmat_t256x128k16g42s32ga_texture3d_texture2d_half,2048,1024,4096,0.1475,116.505
4070ti,8b,4w,parent,sarc_linear_q4gsw_coopmat_t256x128k16g42s32ga_texture3d_texture2d_half,2048,4096,4096,0.5776,118.967
4070ti,8b,4w,parent,sarc_linear_q4gsw_coopmat_t256x128k16g42s32ga_texture3d_texture2d_half,2048,14336,4096,2.0234,118.866
4070ti,8b,4w,parent,sarc_linear_q4gsw_coopmat_t256x128k16g42s32ga_texture3d_texture2d_half,2048,14336,4096,2.0295,118.509
4070ti,8b,4w,parent,sarc_linear_q4gsw_coopmat_t256x128k16g42s32ga_texture3d_texture2d_half,2048,4096,14336,1.9937,120.642
4070ti,8b,4w,parent,sarc_linear_q4gsw_coopmat_t256x128k16g42s32ga_texture3d_texture2d_half,2048,4096,4096,0.5796,118.566
4070ti,8b,4w,parent,sarc_linear_q4gsw_coopmat_t256x128k16g42s32ga_texture3d_texture2d_half,2048,1024,4096,0.1484,115.738
4070ti,8b,4w,parent,sarc_linear_q4gsw_coopmat_t256x128k16g42s32ga_texture3d_texture2d_half,2048,1024,4096,0.1484,115.738
4070ti,8b,4w,parent,sarc_linear_q4gsw_coopmat_t256x128k16g42s32ga_texture3d_texture2d_half,2048,4096,4096,0.5796,118.566
4070ti,8b,4w,parent,sarc_linear_q4gsw_coopmat_t256x128k16g42s32ga_texture3d_texture2d_half,2048,14336,4096,2.0171,119.24
4070ti,8b,4w,parent,sarc_linear_q4gsw_coopmat_t256x128k16g42s32ga_texture3d_texture2d_half,2048,14336,4096,2.0305,118.452
4070ti,8b,4w,parent,sarc_linear_q4gsw_coopmat_t256x128k16g42s32ga_texture3d_texture2d_half,2048,4096,14336,1.9927,120.701
4070ti,8b,4w,parent,sarc_linear_q4gsw_coopmat_t256x128k16g42s32ga_texture3d_texture2d_half,2048,4096,4096,0.5786,118.766
4070ti,8b,4w,parent,sarc_linear_q4gsw_coopmat_t256x128k16g42s32ga_texture3d_texture2d_half,2048,1024,4096,0.1487,115.548
4070ti,8b,4w,parent,sarc_linear_q4gsw_coopmat_t256x128k16g42s32ga_texture3d_texture2d_half,2048,1024,4096,0.1475,116.505
4070ti,8b,4w,parent,sarc_linear_q4gsw_coopmat_t256x128k16g42s32ga_texture3d_texture2d_half,2048,4096,4096,0.5786,118.766
4070ti,8b,4w,parent,sarc_linear_q4gsw_coopmat_t256x128k16g42s32ga_texture3d_texture2d_half,2048,14336,4096,2.0161,119.298
4070ti,8b,4w,parent,sarc_linear_q4gsw_coopmat_t256x128k16g42s32ga_texture3d_texture2d_half,2048,14336,4096,2.0298,118.494
4070ti,8b,4w,parent,sarc_linear_q4gsw_coopmat_t256x128k16g42s32ga_texture3d_texture2d_half,2048,4096,14336,1.9937,120.642
4070ti,8b,4w,parent,sarc_linear_q4gsw_coopmat_t256x128k16g42s32ga_texture3d_texture2d_half,2048,4096,4096,0.5784,118.816
4070ti,8b,4w,parent,sarc_linear_q4gsw_coopmat_t256x128k16g42s32ga_texture3d_texture2d_half,2048,1024,4096,0.1494,114.982
4070ti,8b,4w,parent,sarc_linear_q4gsw_coopmat_t256x128k16g42s32ga_texture3d_texture2d_half,2048,1024,4096,0.1475,116.505
4070ti,8b,4w,parent,sarc_linear_q4gsw_coopmat_t256x128k16g42s32ga_texture3d_texture2d_half,2048,4096,4096,0.5786,118.766
4070ti,8b,4w,parent,sarc_linear_q4gsw_coopmat_t256x128k16g42s32ga_texture3d_texture2d_half,2048,14336,4096,2.0173,119.226
4070ti,8b,4w,parent,sarc_linear_q4gsw_coopmat_t256x128k16g42s32ga_texture3d_texture2d_half,2048,14336,4096,2.0298,118.494
4070ti,8b,4w,parent,sarc_linear_q4gsw_coopmat_t256x128k16g42s32ga_texture3d_texture2d_half,2048,4096,14336,1.9937,120.642
4070ti,8b,4w,parent,sarc_linear_q4gsw_coopmat_t256x128k16g42s32ga_texture3d_texture2d_half,2048,4096,4096,0.5784,118.816
4070ti,8b,4w,parent,sarc_linear_q4gsw_coopmat_t256x128k16g42s32ga_texture3d_texture2d_half,2048,1024,4096,0.1484,115.738
4070ti,8b,4w,parent,sarc_linear_q4gsw_coopmat_t256x128k16g42s32ga_texture3d_texture2d_half,2048,1024,4096,0.1484,115.738
4070ti,8b,4w,parent,sarc_linear_q4gsw_coopmat_t256x128k16g42s32ga_texture3d_texture2d_half,2048,4096,4096,0.5796,118.566
4070ti,8b,4w,parent,sarc_linear_q4gsw_coopmat_t256x128k16g42s32ga_texture3d_texture2d_half,2048,14336,4096,2.0215,118.981
4070ti,8b,4w,parent,sarc_linear_q4gsw_coopmat_t256x128k16g42s32ga_texture3d_texture2d_half,2048,14336,4096,2.0295,118.509
4070ti,8b,4w,parent,sarc_linear_q4gsw_coopmat_t256x128k16g42s32ga_texture3d_texture2d_half,2048,4096,14336,1.9939,120.627
4070ti,8b,4w,parent,sarc_linear_q4gsw_coopmat_t256x128k16g42s32ga_texture3d_texture2d_half,2048,4096,4096,0.5786,118.766
4070ti,8b,4w,parent,sarc_linear_q4gsw_coopmat_t256x128k16g42s32ga_texture3d_texture2d_half,2048,1024,4096,0.1484,115.738
4070ti,8b,4w,parent,sarc_linear_q4gsw_coopmat_t256x128k16g42s32ga_texture3d_texture2d_half,2048,1024,4096,0.1484,115.738
4070ti,8b,4w,parent,sarc_linear_q4gsw_coopmat_t256x128k16g42s32ga_texture3d_texture2d_half,2048,4096,4096,0.5806,118.366
4070ti,8b,4w,parent,sarc_linear_q4gsw_coopmat_t256x128k16g42s32ga_texture3d_texture2d_half,2048,14336,4096,2.0173,119.226
4070ti,8b,4w,parent,sarc_linear_q4gsw_coopmat_t256x128k16g42s32ga_texture3d_texture2d_half,2048,14336,4096,2.0286,118.566
4070ti,8b,4w,parent,sarc_linear_q4gsw_coopmat_t256x128k16g42s32ga_texture3d_texture2d_half,2048,4096,14336,1.9958,120.509
4070ti,8b,4w,parent,sarc_linear_q4gsw_coopmat_t256x128k16g42s32ga_texture3d_texture2d_half,2048,4096,4096,0.5786,118.766
4070ti,8b,4w,parent,sarc_linear_q4gsw_coopmat_t256x128k16g42s32ga_texture3d_texture2d_half,2048,1024,4096,0.1484,115.738
4070ti,8b,4w,parent,sarc_linear_q4gsw_coopmat_t256x128k16g42s32ga_texture3d_texture2d_half,2048,1024,4096,0.1484,115.738
4070ti,8b,4w,parent,sarc_linear_q4gsw_coopmat_t256x128k16g42s32ga_texture3d_texture2d_half,2048,4096,4096,0.5806,118.366
4070ti,8b,4w,parent,sarc_linear_q4gsw_coopmat_t256x128k16g42s32ga_texture3d_texture2d_half,2048,14336,4096,2.0171,119.24
4070ti,8b,4w,parent,sarc_linear_q4gsw_coopmat_t256x128k16g42s32ga_texture3d_texture2d_half,2048,14336,4096,2.0298,118.494
4070ti,8b,4w,parent,sarc_linear_q4gsw_coopmat_t256x128k16g42s32ga_texture3d_texture2d_half,2048,4096,14336,1.9917,120.76
4070ti,8b,4w,parent,sarc_linear_q4gsw_coopmat_t256x128k16g42s32ga_texture3d_texture2d_half,2048,4096,4096,0.5784,118.816
4070ti,8b,4w,parent,sarc_linear_q4gsw_coopmat_t256x128k16g42s32ga_texture3d_texture2d_half,2048,1024,4096,0.1484,115.738
4070ti,8b,4w,parent,sarc_linear_q4gsw_coopmat_t256x128k16g42s32ga_texture3d_texture2d_half,2048,1024,4096,0.1484,115.738
4070ti,8b,4w,parent,sarc_linear_q4gsw_coopmat_t256x128k16g42s32ga_texture3d_texture2d_half,2048,4096,4096,0.5796,118.566
4070ti,8b,4w,parent,sarc_linear_q4gsw_coopmat_t256x128k16g42s32ga_texture3d_texture2d_half,2048,14336,4096,2.0173,119.226
4070ti,8b,4w,parent,sarc_linear_q4gsw_coopmat_t256x128k16g42s32ga_texture3d_texture2d_half,2048,14336,4096,2.0295,118.509
4070ti,8b,4w,parent,sarc_linear_q4gsw_coopmat_t256x128k16g42s32ga_texture3d_texture2d_half,2048,4096,14336,1.9939,120.627
4070ti,8b,4w,parent,sarc_linear_q4gsw_coopmat_t256x128k16g42s32ga_texture3d_texture2d_half,2048,4096,4096,0.5786,118.766
4070ti,8b,4w,parent,sarc_linear_q4gsw_coopmat_t256x128k16g42s32ga_texture3d_texture2d_half,2048,1024,4096,0.1484,115.738
4070ti,8b,4w,parent,sarc_linear_q4gsw_coopmat_t256x128k16g42s32ga_texture3d_texture2d_half,2048,1024,4096,0.1484,115.738
4070ti,8b,4w,parent,sarc_linear_q4gsw_coopmat_t256x128k16g42s32ga_texture3d_texture2d_half,2048,4096,4096,0.5796,118.566
4070ti,8b,4w,parent,sarc_linear_q4gsw_coopmat_t256x128k16g42s32ga_texture3d_texture2d_half,2048,14336,4096,2.0203,119.053
4070ti,8b,4w,parent,sarc_linear_q4gsw_coopmat_t256x128k16g42s32ga_texture3d_texture2d_half,2048,14336,4096,2.0286,118.566
4070ti,8b,4w,parent,sarc_linear_q4gsw_coopmat_t256x128k16g42s32ga_texture3d_texture2d_half,2048,4096,14336,1.9917,120.76
4070ti,8b,4w,parent,sarc_linear_q4gsw_coopmat_t256x128k16g42s32ga_texture3d_texture2d_half,2048,4096,4096,0.5786,118.766
4070ti,8b,4w,parent,sarc_linear_q4gsw_coopmat_t256x128k16g42s32ga_texture3d_texture2d_half,2048,1024,4096,0.1475,116.505
4070ti,8b,4w,parent,sarc_linear_q4gsw_coopmat_t256x128k16g42s32ga_texture3d_texture2d_half,2048,1024,4096,0.1484,115.738
4070ti,8b,4w,parent,sarc_linear_q4gsw_coopmat_t256x128k16g42s32ga_texture3d_texture2d_half,2048,4096,4096,0.5796,118.566
4070ti,8b,4w,parent,sarc_linear_q4gsw_coopmat_t256x128k16g42s32ga_texture3d_texture2d_half,2048,14336,4096,2.0173,119.226
4070ti,8b,4w,parent,sarc_linear_q4gsw_coopmat_t256x128k16g42s32ga_texture3d_texture2d_half,2048,14336,4096,2.0286,118.566
4070ti,8b,4w,parent,sarc_linear_q4gsw_coopmat_t256x128k16g42s32ga_texture3d_texture2d_half,2048,4096,14336,1.9917,120.76
4070ti,8b,4w,parent,sarc_linear_q4gsw_coopmat_t256x128k16g42s32ga_texture3d_texture2d_half,2048,4096,4096,0.5786,118.766
4070ti,8b,4w,parent,sarc_linear_q4gsw_coopmat_t256x128k16g42s32ga_texture3d_texture2d_half,2048,1024,4096,0.1487,115.548
4070ti,8b,4w,parent,sarc_linear_q4gsw_coopmat_t256x128k16g42s32ga_texture3d_texture2d_half,2048,1024,4096,0.1475,116.505
4070ti,8b,4w,parent,sarc_linear_q4gsw_coopmat_t256x128k16g42s32ga_texture3d_texture2d_half,2048,4096,4096,0.5796,118.566
4070ti,8b,4w,parent,sarc_linear_q4gsw_coopmat_t256x128k16g42s32ga_texture3d_texture2d_half,2048,14336,4096,2.0164,119.283
4070ti,8b,4w,parent,sarc_linear_q4gsw_coopmat_t256x128k16g42s32ga_texture3d_texture2d_half,2048,14336,4096,2.0305,118.452
4070ti,8b,4w,parent,sarc_linear_q4gsw_coopmat_t256x128k16g42s32ga_texture3d_texture2d_half,2048,4096,14336,1.9968,120.45
4070ti,8b,4w,parent,sarc_linear_q4gsw_coopmat_t256x128k16g42s32ga_texture3d_texture2d_half,2048,4096,4096,0.5796,118.566
4070ti,8b,4w,parent,sarc_linear_q4gsw_coopmat_t256x128k16g42s32ga_texture3d_texture2d_half,2048,1024,4096,0.1487,115.548
4070ti,8b,4w,parent,sarc_linear_q4gsw_coopmat_t256x128k16g42s32ga_texture3d_texture2d_half,2048,1024,4096,0.1484,115.738
4070ti,8b,4w,parent,sarc_linear_q4gsw_coopmat_t256x128k16g42s32ga_texture3d_texture2d_half,2048,4096,4096,0.5806,118.366
4070ti,8b,4w,parent,sarc_linear_q4gsw_coopmat_t256x128k16g42s32ga_texture3d_texture2d_half,2048,14336,4096,2.0183,119.168
4070ti,8b,4w,parent,sarc_linear_q4gsw_coopmat_t256x128k16g42s32ga_texture3d_texture2d_half,2048,14336,4096,2.0295,118.509
4070ti,8b,4w,parent,sarc_linear_q4gsw_coopmat_t256x128k16g42s32ga_texture3d_texture2d_half,2048,4096,14336,1.9958,120.509
4070ti,8b,4w,parent,sarc_linear_q4gsw_coopmat_t256x128k16g42s32ga_texture3d_texture2d_half,2048,4096,4096,0.5796,118.566
4070ti,8b,4w,parent,sarc_linear_q4gsw_coopmat_t256x128k16g42s32ga_texture3d_texture2d_half,2048,1024,4096,0.1475,116.505
4070ti,8b,4w,parent,sarc_linear_q4gsw_coopmat_t256x128k16g42s32ga_texture3d_texture2d_half,2048,1024,4096,0.1484,115.738
4070ti,8b,4w,parent,sarc_linear_q4gsw_coopmat_t256x128k16g42s32ga_texture3d_texture2d_half,2048,4096,4096,0.5808,118.317
4070ti,8b,4w,parent,sarc_linear_q4gsw_coopmat_t256x128k16g42s32ga_texture3d_texture2d_half,2048,14336,4096,2.0225,118.924
4070ti,8b,4w,parent,sarc_linear_q4gsw_coopmat_t256x128k16g42s32ga_texture3d_texture2d_half,2048,14336,4096,2.0305,118.452
4070ti,8b,4w,parent,sarc_linear_q4gsw_coopmat_t256x128k16g42s32ga_texture3d_texture2d_half,2048,4096,14336,1.9956,120.524
4070ti,8b,4w,parent,sarc_linear_q4gsw_coopmat_t256x128k16g42s32ga_texture3d_texture2d_half,2048,4096,4096,0.5806,118.366
4070ti,8b,4w,parent,sarc_linear_q4gsw_coopmat_t256x128k16g42s32ga_texture3d_texture2d_half,2048,1024,4096,0.1487,115.548
4070ti,8b,4w,parent,sarc_linear_q4gsw_coopmat_t256x128k16g42s32ga_texture3d_texture2d_half,2048,1024,4096,0.1475,116.505
4070ti,8b,4w,parent,sarc_linear_q4gsw_coopmat_t256x128k16g42s32ga_texture3d_texture2d_half,2048,4096,4096,0.5808,118.317
4070ti,8b,4w,parent,sarc_linear_q4gsw_coopmat_t256x128k16g42s32ga_texture3d_texture2d_half,2048,14336,4096,2.0173,119.226
4070ti,8b,4w,parent,sarc_linear_q4gsw_coopmat_t256x128k16g42s32ga_texture3d_texture2d_half,2048,14336,4096,2.0286,118.566
4070ti,8b,4w,parent,sarc_linear_q4gsw_coopmat_t256x128k16g42s32ga_texture3d_texture2d_half,2048,4096,14336,1.9946,120.583
4070ti,8b,4w,parent,sarc_linear_q4gsw_coopmat_t256x128k16g42s32ga_texture3d_texture2d_half,2048,4096,4096,0.5796,118.566
4070ti,8b,4w,parent,sarc_linear_q4gsw_coopmat_t256x128k16g42s32ga_texture3d_texture2d_half,2048,1024,4096,0.1484,115.738
4070ti,8b,4w,parent,sarc_linear_q4gsw_coopmat_t256x128k16g42s32ga_texture3d_texture2d_half,2048,1024,4096,0.1475,116.505
4070ti,8b,4w,parent,sarc_linear_q4gsw_coopmat_t256x128k16g42s32ga_texture3d_texture2d_half,2048,4096,4096,0.5806,118.366
4070ti,8b,4w,parent,sarc_linear_q4gsw_coopmat_t256x128k16g42s32ga_texture3d_texture2d_half,2048,14336,4096,2.0173,119.226
4070ti,8b,4w,parent,sarc_linear_q4gsw_coopmat_t256x128k16g42s32ga_texture3d_texture2d_half,2048,14336,4096,2.0305,118.452
4070ti,8b,4w,parent,sarc_linear_q4gsw_coopmat_t256x128k16g42s32ga_texture3d_texture2d_half,2048,4096,14336,1.9937,120.642
4070ti,8b,4w,parent,sarc_linear_q4gsw_coopmat_t256x128k16g42s32ga_texture3d_texture2d_half,2048,4096,4096,0.5786,118.766
4070ti,8b,4w,parent,sarc_linear_q4gsw_coopmat_t256x128k16g42s32ga_texture3d_texture2d_half,2048,1024,4096,0.1475,116.505
4070ti,8b,4w,parent,sarc_linear_q4gsw_coopmat_t256x128k16g42s32ga_texture3d_texture2d_half,2048,1024,4096,0.1484,115.738
4070ti,8b,4w,parent,sarc_linear_q4gsw_coopmat_t256x128k16g42s32ga_texture3d_texture2d_half,2048,4096,4096,0.5806,118.366
4070ti,8b,4w,parent,sarc_linear_q4gsw_coopmat_t256x128k16g42s32ga_texture3d_texture2d_half,2048,14336,4096,2.0173,119.226
4070ti,8b,4w,parent,sarc_linear_q4gsw_coopmat_t256x128k16g42s32ga_texture3d_texture2d_half,2048,14336,4096,2.0315,118.395
4070ti,8b,4w,parent,sarc_linear_q4gsw_coopmat_t256x128k16g42s32ga_texture3d_texture2d_half,2048,4096,14336,1.9958,120.509
4070ti,8b,4w,parent,sarc_linear_q4gsw_coopmat_t256x128k16g42s32ga_texture3d_texture2d_half,2048,4096,4096,0.5796,118.566
4070ti,8b,4w,parent,sarc_linear_q4gsw_coopmat_t256x128k16g42s32ga_texture3d_texture2d_half,2048,1024,4096,0.1484,115.738
4070ti,8b,4w,parent,sarc_linear_q4gsw_coopmat_t256x128k16g42s32ga_texture3d_texture2d_half,2048,1024,4096,0.1475,116.505
4070ti,8b,4w,parent,sarc_linear_q4gsw_coopmat_t256x128k16g42s32ga_texture3d_texture2d_half,2048,4096,4096,0.5806,118.366
4070ti,8b,4w,parent,sarc_linear_q4gsw_coopmat_t256x128k16g42s32ga_texture3d_texture2d_half,2048,14336,4096,2.0225,118.924
4070ti,8b,4w,parent,sarc_linear_q4gsw_coopmat_t256x128k16g42s32ga_texture3d_texture2d_half,2048,14336,4096,2.0295,118.509
4070ti,8b,4w,parent,sarc_linear_q4gsw_coopmat_t256x128k16g42s32ga_texture3d_texture2d_half,2048,4096,14336,1.9946,120.583
4070ti,8b,4w,parent,sarc_linear_q4gsw_coopmat_t256x128k16g42s32ga_texture3d_texture2d_half,2048,4096,4096,0.5786,118.766
4070ti,8b,4w,parent,sarc_linear_q4gsw_coopmat_t256x128k16g42s32ga_texture3d_texture2d_half,2048,1024,4096,0.1484,115.738
4070ti,8b,4w,parent,sarc_linear_q4gsw_coopmat_t256x128k16g42s32ga_texture3d_texture2d_half,2048,1024,4096,0.1484,115.738
4070ti,8b,4w,parent,sarc_linear_q4gsw_coopmat_t256x128k16g42s32ga_texture3d_texture2d_half,2048,4096,4096,0.5796,118.566
4070ti,8b,4w,parent,sarc_linear_q4gsw_coopmat_t256x128k16g42s32ga_texture3d_texture2d_half,2048,14336,4096,2.0203,119.053
4070ti,8b,4w,parent,sarc_linear_q4gsw_coopmat_t256x128k16g42s32ga_texture3d_texture2d_half,2048,14336,4096,2.0327,118.324
4070ti,8b,4w,parent,sarc_linear_q4gsw_coopmat_t256x128k16g42s32ga_texture3d_texture2d_half,2048,4096,14336,1.9927,120.701
4070ti,8b,4w,parent,sarc_linear_q4gsw_coopmat_t256x128k16g42s32ga_texture3d_texture2d_half,2048,4096,4096,0.5796,118.566
4070ti,8b,4w,parent,sarc_linear_q4gsw_coopmat_t256x128k16g42s32ga_texture3d_texture2d_half,2048,1024,4096,0.1484,115.738
4070ti,8b,4w,parent,sarc_linear_q4gsw_coopmat_t256x128k16g42s32ga_texture3d_texture2d_half,2048,1024,4096,0.1484,115.738
4070ti,8b,4w,parent,sarc_linear_q4gsw_coopmat_t256x128k16g42s32ga_texture3d_texture2d_half,2048,4096,4096,0.5796,118.566
4070ti,8b,4w,parent,sarc_linear_q4gsw_coopmat_t256x128k16g42s32ga_texture3d_texture2d_half,2048,14336,4096,2.0173,119.226
4070ti,8b,4w,parent,sarc_linear_q4gsw_coopmat_t256x128k16g42s32ga_texture3d_texture2d_half,2048,14336,4096,2.0308,118.437
4070ti,8b,4w,parent,sarc_linear_q4gsw_coopmat_t256x128k16g42s32ga_texture3d_texture2d_half,2048,4096,14336,1.9958,120.509
4070ti,8b,4w,parent,sarc_linear_q4gsw_coopmat_t256x128k16g42s32ga_texture3d_texture2d_half,2048,4096,4096,0.5796,118.566
4070ti,8b,4w,parent,sarc_linear_q4gsw_coopmat_t256x128k16g42s32ga_texture3d_texture2d_half,2048,1024,4096,0.1494,114.982
4070ti,8b,4w,parent,sarc_linear_q4gsw_coopmat_t256x128k16g42s32ga_texture3d_texture2d_half,2048,1024,4096,0.1484,115.738
4070ti,8b,4w,parent,sarc_linear_q4gsw_coopmat_t256x128k16g42s32ga_texture3d_texture2d_half,2048,4096,4096,0.5806,118.366
4070ti,8b,4w,parent,sarc_linear_q4gsw_coopmat_t256x128k16g42s32ga_texture3d_texture2d_half,2048,14336,4096,2.0183,119.168
4070ti,8b,4w,parent,sarc_linear_q4gsw_coopmat_t256x128k16g42s32ga_texture3d_texture2d_half,2048,14336,4096,2.0337,118.267
4070ti,8b,4w,parent,sarc_linear_q4gsw_coopmat_t256x128k16g42s32ga_texture3d_texture2d_half,2048,4096,14336,1.9946,120.583
4070ti,8b,4w,parent,sarc_linear_q4gsw_coopmat_t256x128k16g42s32ga_texture3d_texture2d_half,2048,4096,4096,0.5796,118.566
4070ti,8b,4w,parent,sarc_linear_q4gsw_coopmat_t256x128k16g42s32ga_texture3d_texture2d_half,2048,1024,4096,0.1484,115.738
4070ti,8b,4w,parent,sarc_linear_q4gsw_coopmat_t256x128k16g42s32ga_texture3d_texture2d_half,2048,1024,4096,0.1484,115.738
4070ti,8b,4w,parent,sarc_linear_q4gsw_coopmat_t256x128k16g42s32ga_texture3d_texture2d_half,2048,4096,4096,0.5793,118.616
4070ti,8b,4w,parent,sarc_linear_q4gsw_coopmat_t256x128k16g42s32ga_texture3d_texture2d_half,2048,14336,4096,2.0244,118.809
4070ti,8b,4w,parent,sarc_linear_q4gsw_coopmat_t256x128k16g42s32ga_texture3d_texture2d_half,2048,14336,4096,2.0305,118.452
4070ti,8b,4w,parent,sarc_linear_q4gsw_coopmat_t256x128k16g42s32ga_texture3d_texture2d_half,2048,4096,14336,1.9958,120.509
4070ti,8b,4w,parent,sarc_linear_q4gsw_coopmat_t256x128k16g42s32ga_texture3d_texture2d_half,2048,4096,4096,0.5786,118.766
4070ti,8b,4w,parent,sarc_linear_q4gsw_coopmat_t256x128k16g42s32ga_texture3d_texture2d_half,2048,1024,4096,0.1484,115.738
4070ti,8b,4w,parent,sarc_linear_q4gsw_coopmat_t256x128k16g42s32ga_texture3d_texture2d_half,2048,1024,4096,0.1475,116.505
4070ti,8b,4w,parent,sarc_linear_q4gsw_coopmat_t256x128k16g42s32ga_texture3d_texture2d_half,2048,4096,4096,0.5806,118.366
4070ti,8b,4w,parent,sarc_linear_q4gsw_coopmat_t256x128k16g42s32ga_texture3d_texture2d_half,2048,14336,4096,2.0193,119.11
4070ti,8b,4w,parent,sarc_linear_q4gsw_coopmat_t256x128k16g42s32ga_texture3d_texture2d_half,2048,14336,4096,2.0295,118.509
4070ti,8b,4w,parent,sarc_linear_q4gsw_coopmat_t256x128k16g42s32ga_texture3d_texture2d_half,2048,4096,14336,1.999,120.318
4070ti,8b,4w,parent,sarc_linear_q4gsw_coopmat_t256x128k16g42s32ga_texture3d_texture2d_half,2048,4096,4096,0.5786,118.766
4070ti,8b,4w,parent,sarc_linear_q4gsw_coopmat_t256x128k16g42s32ga_texture3d_texture2d_half,2048,1024,4096,0.1497,114.794
4070ti,8b,4w,parent,sarc_linear_q4gsw_coopmat_t256x128k16g42s32ga_texture3d_texture2d_half,2048,1024,4096,0.1484,115.738
4070ti,8b,4w,parent,sarc_linear_q4gsw_coopmat_t256x128k16g42s32ga_texture3d_texture2d_half,2048,4096,4096,0.5818,118.118
4070ti,8b,4w,parent,sarc_linear_q4gsw_coopmat_t256x128k16g42s32ga_texture3d_texture2d_half,2048,14336,4096,2.0193,119.11
4070ti,8b,4w,parent,sarc_linear_q4gsw_coopmat_t256x128k16g42s32ga_texture3d_texture2d_half,2048,14336,4096,2.0295,118.509
4070ti,8b,4w,parent,sarc_linear_q4gsw_coopmat_t256x128k16g42s32ga_texture3d_texture2d_half,2048,4096,14336,1.9949,120.568
4070ti,8b,4w,parent,sarc_linear_q4gsw_coopmat_t256x128k16g42s32ga_texture3d_texture2d_half,2048,4096,4096,0.5796,118.566
4070ti,8b,4w,parent,sarc_linear_q4gsw_coopmat_t256x128k16g42s32ga_texture3d_texture2d_half,2048,1024,4096,0.1484,115.738
4070ti,8b,4w,parent,sarc_linear_q4gsw_coopmat_t256x128k16g42s32ga_texture3d_texture2d_half,2048,1024,4096,0.1475,116.505
4070ti,8b,4w,parent,sarc_linear_q4gsw_coopmat_t256x128k16g42s32ga_texture3d_texture2d_half,2048,4096,4096,0.5796,118.566
4070ti,8b,4w,parent,sarc_linear_q4gsw_coopmat_t256x128k16g42s32ga_texture3d_texture2d_half,2048,14336,4096,2.0173,119.226
4070ti,8b,4w,parent,sarc_linear_q4gsw_coopmat_t256x128k16g42s32ga_texture3d_texture2d_half,2048,14336,4096,2.0308,118.437
4070ti,8b,4w,parent,sarc_linear_q4gsw_coopmat_t256x128k16g42s32ga_texture3d_texture2d_half,2048,4096,14336,1.9978,120.391
4070ti,8b,4w,parent,sarc_linear_q4gsw_coopmat_t256x128k16g42s32ga_texture3d_texture2d_half,2048,4096,4096,0.5796,118.566
4070ti,8b,4w,parent,sarc_linear_q4gsw_coopmat_t256x128k16g42s32ga_texture3d_texture2d_half,2048,1024,4096,0.1484,115.738
4070ti,8b,4w,parent,sarc_linear_q4gsw_coopmat_t256x128k16g42s32ga_texture3d_texture2d_half,2048,1024,4096,0.1475,116.505
4070ti,8b,4w,parent,sarc_linear_q4gsw_coopmat_t256x128k16g42s32ga_texture3d_texture2d_half,2048,4096,4096,0.5808,118.317
4070ti,8b,4w,parent,sarc_linear_q4gsw_coopmat_t256x128k16g42s32ga_texture3d_texture2d_half,2048,14336,4096,2.0234,118.866
4070ti,8b,4w,parent,sarc_linear_q4gsw_coopmat_t256x128k16g42s32ga_texture3d_texture2d_half,2048,14336,4096,2.0315,118.395
4070ti,8b,4w,parent,sarc_linear_q4gsw_coopmat_t256x128k16g42s32ga_texture3d_texture2d_half,2048,4096,14336,1.9968,120.45
4070ti,8b,4w,parent,sarc_linear_q4gsw_coopmat_t256x128k16g42s32ga_texture3d_texture2d_half,2048,4096,4096,0.5786,118.766
4070ti,8b,4w,parent,sarc_linear_q4gsw_coopmat_t256x128k16g42s32ga_texture3d_texture2d_half,2048,1024,4096,0.1484,115.738
4070ti,8b,4w,parent,sarc_linear_q4gsw_coopmat_t256x128k16g42s32ga_texture3d_texture2d_half,2048,1024,4096,0.1487,115.548
4070ti,8b,4w,parent,sarc_linear_q4gsw_coopmat_t256x128k16g42s32ga_texture3d_texture2d_half,2048,4096,4096,0.5796,118.566
4070ti,8b,4w,parent,sarc_linear_q4gsw_coopmat_t256x128k16g42s32ga_texture3d_texture2d_half,2048,14336,4096,2.0193,119.11
4070ti,8b,4w,parent,sarc_linear_q4gsw_coopmat_t256x128k16g42s32ga_texture3d_texture2d_half,2048,14336,4096,2.0298,118.494
4070ti,8b,4w,parent,sarc_linear_q4gsw_coopmat_t256x128k16g42s32ga_texture3d_texture2d_half,2048,4096,14336,1.9937,120.642
4070ti,8b,4w,parent,sarc_linear_q4gsw_coopmat_t256x128k16g42s32ga_texture3d_texture2d_half,2048,4096,4096,0.5808,118.317
4070ti,8b,4w,parent,sarc_linear_q4gsw_coopmat_t256x128k16g42s32ga_texture3d_texture2d_half,2048,1024,4096,0.1484,115.738
4070ti,8b,4w,parent,sarc_linear_q4gsw_coopmat_t256x128k16g42s32ga_texture3d_texture2d_half,2048,1024,4096,0.1484,115.738
4070ti,8b,4w,parent,sarc_linear_q4gsw_coopmat_t256x128k16g42s32ga_texture3d_texture2d_half,2048,4096,4096,0.5806,118.366
4070ti,8b,4w,parent,sarc_linear_q4gsw_coopmat_t256x128k16g42s32ga_texture3d_texture2d_half,2048,14336,4096,2.0173,119.226
4070ti,8b,4w,parent,sarc_linear_q4gsw_coopmat_t256x128k16g42s32ga_texture3d_texture2d_half,2048,14336,4096,2.0308,118.437
4070ti,8b,4w,parent,sarc_linear_q4gsw_coopmat_t256x128k16g42s32ga_texture3d_texture2d_half,2048,4096,14336,1.9946,120.583
4070ti,8b,8da4w,cand,sarc_linear_dq8ca_coopmat_zpgtr_t128x128k64g44s32mk32ra_texture3d_texture2d_half,2048,4096,4096,0.4353,157.866
4070ti,8b,8da4w,cand,sarc_linear_dq8ca_coopmat_zpgtr_t128x128k64g44s32mk32ra_texture3d_texture2d_half,2048,1024,4096,0.1104,155.683
4070ti,8b,8da4w,cand,sarc_linear_dq8ca_coopmat_zpgtr_t128x128k64g44s32mk32ra_texture3d_texture2d_half,2048,1024,4096,0.1106,155.339
4070ti,8b,8da4w,cand,sarc_linear_dq8ca_coopmat_zpgtr_t128x128k64g44s32mk32ra_texture3d_texture2d_half,2048,4096,4096,0.436,157.601
4070ti,8b,8da4w,cand,sarc_linear_dq8ca_coopmat_zpgtr_t128x128k64g44s32mk32ra_texture3d_texture2d_half,2048,14336,4096,1.5205,158.183
4070ti,8b,8da4w,cand,sarc_linear_dq8ca_coopmat_zpgtr_t128x128k64g44s32mk32ra_texture3d_texture2d_half,2048,14336,4096,1.5198,158.259
4070ti,8b,8da4w,cand,sarc_linear_dq8ca_coopmat_zpgtr_t128x128k64g44s32mk32ra_texture3d_texture2d_half,2048,4096,14336,1.4971,160.659
4070ti,8b,8da4w,cand,sarc_linear_dq8ca_coopmat_zpgtr_t128x128k64g44s32mk32ra_texture3d_texture2d_half,2048,4096,4096,0.436,157.601
4070ti,8b,8da4w,cand,sarc_linear_dq8ca_coopmat_zpgtr_t128x128k64g44s32mk32ra_texture3d_texture2d_half,2048,1024,4096,0.1116,153.98
4070ti,8b,8da4w,cand,sarc_linear_dq8ca_coopmat_zpgtr_t128x128k64g44s32mk32ra_texture3d_texture2d_half,2048,1024,4096,0.1116,153.98
4070ti,8b,8da4w,cand,sarc_linear_dq8ca_coopmat_zpgtr_t128x128k64g44s32mk32ra_texture3d_texture2d_half,2048,4096,4096,0.436,157.601
4070ti,8b,8da4w,cand,sarc_linear_dq8ca_coopmat_zpgtr_t128x128k64g44s32mk32ra_texture3d_texture2d_half,2048,14336,4096,1.5166,158.59
4070ti,8b,8da4w,cand,sarc_linear_dq8ca_coopmat_zpgtr_t128x128k64g44s32mk32ra_texture3d_texture2d_half,2048,14336,4096,1.5176,158.488
4070ti,8b,8da4w,cand,sarc_linear_dq8ca_coopmat_zpgtr_t128x128k64g44s32mk32ra_texture3d_texture2d_half,2048,4096,14336,1.498,160.555
4070ti,8b,8da4w,cand,sarc_linear_dq8ca_coopmat_zpgtr_t128x128k64g44s32mk32ra_texture3d_texture2d_half,2048,4096,4096,0.4341,158.31
4070ti,8b,8da4w,cand,sarc_linear_dq8ca_coopmat_zpgtr_t128x128k64g44s32mk32ra_texture3d_texture2d_half,2048,1024,4096,0.1116,153.98
4070ti,8b,8da4w,cand,sarc_linear_dq8ca_coopmat_zpgtr_t128x128k64g44s32mk32ra_texture3d_texture2d_half,2048,1024,4096,0.1106,155.339
4070ti,8b,8da4w,cand,sarc_linear_dq8ca_coopmat_zpgtr_t128x128k64g44s32mk32ra_texture3d_texture2d_half,2048,4096,4096,0.4363,157.513
4070ti,8b,8da4w,cand,sarc_linear_dq8ca_coopmat_zpgtr_t128x128k64g44s32mk32ra_texture3d_texture2d_half,2048,14336,4096,1.5186,158.386
4070ti,8b,8da4w,cand,sarc_linear_dq8ca_coopmat_zpgtr_t128x128k64g44s32mk32ra_texture3d_texture2d_half,2048,14336,4096,1.5166,158.59
4070ti,8b,8da4w,cand,sarc_linear_dq8ca_coopmat_zpgtr_t128x128k64g44s32mk32ra_texture3d_texture2d_half,2048,4096,14336,1.498,160.555
4070ti,8b,8da4w,cand,sarc_linear_dq8ca_coopmat_zpgtr_t128x128k64g44s32mk32ra_texture3d_texture2d_half,2048,4096,4096,0.4353,157.866
4070ti,8b,8da4w,cand,sarc_linear_dq8ca_coopmat_zpgtr_t128x128k64g44s32mk32ra_texture3d_texture2d_half,2048,1024,4096,0.1116,153.98
4070ti,8b,8da4w,cand,sarc_linear_dq8ca_coopmat_zpgtr_t128x128k64g44s32mk32ra_texture3d_texture2d_half,2048,1024,4096,0.1106,155.339
4070ti,8b,8da4w,cand,sarc_linear_dq8ca_coopmat_zpgtr_t128x128k64g44s32mk32ra_texture3d_texture2d_half,2048,4096,4096,0.436,157.601
4070ti,8b,8da4w,cand,sarc_linear_dq8ca_coopmat_zpgtr_t128x128k64g44s32mk32ra_texture3d_texture2d_half,2048,14336,4096,1.5208,158.157
4070ti,8b,8da4w,cand,sarc_linear_dq8ca_coopmat_zpgtr_t128x128k64g44s32mk32ra_texture3d_texture2d_half,2048,14336,4096,1.5205,158.183
4070ti,8b,8da4w,cand,sarc_linear_dq8ca_coopmat_zpgtr_t128x128k64g44s32mk32ra_texture3d_texture2d_half,2048,4096,14336,1.4993,160.424
4070ti,8b,8da4w,cand,sarc_linear_dq8ca_coopmat_zpgtr_t128x128k64g44s32mk32ra_texture3d_texture2d_half,2048,4096,4096,0.4363,157.513
4070ti,8b,8da4w,cand,sarc_linear_dq8ca_coopmat_zpgtr_t128x128k64g44s32mk32ra_texture3d_texture2d_half,2048,1024,4096,0.1125,152.644
4070ti,8b,8da4w,cand,sarc_linear_dq8ca_coopmat_zpgtr_t128x128k64g44s32mk32ra_texture3d_texture2d_half,2048,1024,4096,0.1106,155.339
4070ti,8b,8da4w,cand,sarc_linear_dq8ca_coopmat_zpgtr_t128x128k64g44s32mk32ra_texture3d_texture2d_half,2048,4096,4096,0.4353,157.866
4070ti,8b,8da4w,cand,sarc_linear_dq8ca_coopmat_zpgtr_t128x128k64g44s32mk32ra_texture3d_texture2d_half,2048,14336,4096,1.5154,158.718
4070ti,8b,8da4w,cand,sarc_linear_dq8ca_coopmat_zpgtr_t128x128k64g44s32mk32ra_texture3d_texture2d_half,2048,14336,4096,1.5164,158.616
4070ti,8b,8da4w,cand,sarc_linear_dq8ca_coopmat_zpgtr_t128x128k64g44s32mk32ra_texture3d_texture2d_half,2048,4096,14336,1.499,160.45
4070ti,8b,8da4w,cand,sarc_linear_dq8ca_coopmat_zpgtr_t128x128k64g44s32mk32ra_texture3d_texture2d_half,2048,4096,4096,0.4363,157.513
4070ti,8b,8da4w,cand,sarc_linear_dq8ca_coopmat_zpgtr_t128x128k64g44s32mk32ra_texture3d_texture2d_half,2048,1024,4096,0.1118,153.644
4070ti,8b,8da4w,cand,sarc_linear_dq8ca_coopmat_zpgtr_t128x128k64g44s32mk32ra_texture3d_texture2d_half,2048,1024,4096,0.1106,155.339
4070ti,8b,8da4w,cand,sarc_linear_dq8ca_coopmat_zpgtr_t128x128k64g44s32mk32ra_texture3d_texture2d_half,2048,4096,4096,0.436,157.601
4070ti,8b,8da4w,cand,sarc_linear_dq8ca_coopmat_zpgtr_t128x128k64g44s32mk32ra_texture3d_texture2d_half,2048,14336,4096,1.5205,158.183
4070ti,8b,8da4w,cand,sarc_linear_dq8ca_coopmat_zpgtr_t128x128k64g44s32mk32ra_texture3d_texture2d_half,2048,14336,4096,1.5195,158.284
4070ti,8b,8da4w,cand,sarc_linear_dq8ca_coopmat_zpgtr_t128x128k64g44s32mk32ra_texture3d_texture2d_half,2048,4096,14336,1.4993,160.424
4070ti,8b,8da4w,cand,sarc_linear_dq8ca_coopmat_zpgtr_t128x128k64g44s32mk32ra_texture3d_texture2d_half,2048,4096,4096,0.4351,157.955
4070ti,8b,8da4w,cand,sarc_linear_dq8ca_coopmat_zpgtr_t128x128k64g44s32mk32ra_texture3d_texture2d_half,2048,1024,4096,0.1116,153.98
4070ti,8b,8da4w,cand,sarc_linear_dq8ca_coopmat_zpgtr_t128x128k64g44s32mk32ra_texture3d_texture2d_half,2048,1024,4096,0.1096,156.723
4070ti,8b,8da4w,cand,sarc_linear_dq8ca_coopmat_zpgtr_t128x128k64g44s32mk32ra_texture3d_texture2d_half,2048,4096,4096,0.436,157.601
4070ti,8b,8da4w,cand,sarc_linear_dq8ca_coopmat_zpgtr_t128x128k64g44s32mk32ra_texture3d_texture2d_half,2048,14336,4096,1.5156,158.692
4070ti,8b,8da4w,cand,sarc_linear_dq8ca_coopmat_zpgtr_t128x128k64g44s32mk32ra_texture3d_texture2d_half,2048,14336,4096,1.5176,158.488
4070ti,8b,8da4w,cand,sarc_linear_dq8ca_coopmat_zpgtr_t128x128k64g44s32mk32ra_texture3d_texture2d_half,2048,4096,14336,1.4993,160.424
4070ti,8b,8da4w,cand,sarc_linear_dq8ca_coopmat_zpgtr_t128x128k64g44s32mk32ra_texture3d_texture2d_half,2048,4096,4096,0.4351,157.955
4070ti,8b,8da4w,cand,sarc_linear_dq8ca_coopmat_zpgtr_t128x128k64g44s32mk32ra_texture3d_texture2d_half,2048,1024,4096,0.1116,153.98
4070ti,8b,8da4w,cand,sarc_linear_dq8ca_coopmat_zpgtr_t128x128k64g44s32mk32ra_texture3d_texture2d_half,2048,1024,4096,0.1096,156.723
4070ti,8b,8da4w,cand,sarc_linear_dq8ca_coopmat_zpgtr_t128x128k64g44s32mk32ra_texture3d_texture2d_half,2048,4096,4096,0.4373,157.161
4070ti,8b,8da4w,cand,sarc_linear_dq8ca_coopmat_zpgtr_t128x128k64g44s32mk32ra_texture3d_texture2d_half,2048,14336,4096,1.5278,157.424
4070ti,8b,8da4w,cand,sarc_linear_dq8ca_coopmat_zpgtr_t128x128k64g44s32mk32ra_texture3d_texture2d_half,2048,14336,4096,1.5237,157.853
4070ti,8b,8da4w,cand,sarc_linear_dq8ca_coopmat_zpgtr_t128x128k64g44s32mk32ra_texture3d_texture2d_half,2048,4096,14336,1.5103,159.257
4070ti,8b,8da4w,cand,sarc_linear_dq8ca_coopmat_zpgtr_t128x128k64g44s32mk32ra_texture3d_texture2d_half,2048,4096,4096,0.4373,157.161
4070ti,8b,8da4w,cand,sarc_linear_dq8ca_coopmat_zpgtr_t128x128k64g44s32mk32ra_texture3d_texture2d_half,2048,1024,4096,0.1125,152.644
4070ti,8b,8da4w,cand,sarc_linear_dq8ca_coopmat_zpgtr_t128x128k64g44s32mk32ra_texture3d_texture2d_half,2048,1024,4096,0.1118,153.644
4070ti,8b,8da4w,cand,sarc_linear_dq8ca_coopmat_zpgtr_t128x128k64g44s32mk32ra_texture3d_texture2d_half,2048,4096,4096,0.4392,156.462
4070ti,8b,8da4w,cand,sarc_linear_dq8ca_coopmat_zpgtr_t128x128k64g44s32mk32ra_texture3d_texture2d_half,2048,14336,4096,1.5227,157.955
4070ti,8b,8da4w,cand,sarc_linear_dq8ca_coopmat_zpgtr_t128x128k64g44s32mk32ra_texture3d_texture2d_half,2048,14336,4096,1.5266,157.55
4070ti,8b,8da4w,cand,sarc_linear_dq8ca_coopmat_zpgtr_t128x128k64g44s32mk32ra_texture3d_texture2d_half,2048,4096,14336,1.5073,159.566
4070ti,8b,8da4w,cand,sarc_linear_dq8ca_coopmat_zpgtr_t128x128k64g44s32mk32ra_texture3d_texture2d_half,2048,4096,4096,0.4373,157.161
4070ti,8b,8da4w,cand,sarc_linear_dq8ca_coopmat_zpgtr_t128x128k64g44s32mk32ra_texture3d_texture2d_half,2048,1024,4096,0.1116,153.98
4070ti,8b,8da4w,cand,sarc_linear_dq8ca_coopmat_zpgtr_t128x128k64g44s32mk32ra_texture3d_texture2d_half,2048,1024,4096,0.1106,155.339
4070ti,8b,8da4w,cand,sarc_linear_dq8ca_coopmat_zpgtr_t128x128k64g44s32mk32ra_texture3d_texture2d_half,2048,4096,4096,0.4382,156.811
4070ti,8b,8da4w,cand,sarc_linear_dq8ca_coopmat_zpgtr_t128x128k64g44s32mk32ra_texture3d_texture2d_half,2048,14336,4096,1.5259,157.626
4070ti,8b,8da4w,cand,sarc_linear_dq8ca_coopmat_zpgtr_t128x128k64g44s32mk32ra_texture3d_texture2d_half,2048,14336,4096,1.5269,157.525
4070ti,8b,8da4w,cand,sarc_linear_dq8ca_coopmat_zpgtr_t128x128k64g44s32mk32ra_texture3d_texture2d_half,2048,4096,14336,1.5063,159.67
4070ti,8b,8da4w,cand,sarc_linear_dq8ca_coopmat_zpgtr_t128x128k64g44s32mk32ra_texture3d_texture2d_half,2048,4096,4096,0.4373,157.161
4070ti,8b,8da4w,cand,sarc_linear_dq8ca_coopmat_zpgtr_t128x128k64g44s32mk32ra_texture3d_texture2d_half,2048,1024,4096,0.1128,152.313
4070ti,8b,8da4w,cand,sarc_linear_dq8ca_coopmat_zpgtr_t128x128k64g44s32mk32ra_texture3d_texture2d_half,2048,1024,4096,0.1106,155.339
4070ti,8b,8da4w,cand,sarc_linear_dq8ca_coopmat_zpgtr_t128x128k64g44s32mk32ra_texture3d_texture2d_half,2048,4096,4096,0.4395,156.375
4070ti,8b,8da4w,cand,sarc_linear_dq8ca_coopmat_zpgtr_t128x128k64g44s32mk32ra_texture3d_texture2d_half,2048,14336,4096,1.5269,157.525
4070ti,8b,8da4w,cand,sarc_linear_dq8ca_coopmat_zpgtr_t128x128k64g44s32mk32ra_texture3d_texture2d_half,2048,14336,4096,1.5227,157.955
4070ti,8b,8da4w,cand,sarc_linear_dq8ca_coopmat_zpgtr_t128x128k64g44s32mk32ra_texture3d_texture2d_half,2048,4096,14336,1.5054,159.773
4070ti,8b,8da4w,cand,sarc_linear_dq8ca_coopmat_zpgtr_t128x128k64g44s32mk32ra_texture3d_texture2d_half,2048,4096,4096,0.4382,156.811
4070ti,8b,8da4w,cand,sarc_linear_dq8ca_coopmat_zpgtr_t128x128k64g44s32mk32ra_texture3d_texture2d_half,2048,1024,4096,0.1118,153.644
4070ti,8b,8da4w,cand,sarc_linear_dq8ca_coopmat_zpgtr_t128x128k64g44s32mk32ra_texture3d_texture2d_half,2048,1024,4096,0.1116,153.98
4070ti,8b,8da4w,cand,sarc_linear_dq8ca_coopmat_zpgtr_t128x128k64g44s32mk32ra_texture3d_texture2d_half,2048,4096,4096,0.4373,157.161
4070ti,8b,8da4w,cand,sarc_linear_dq8ca_coopmat_zpgtr_t128x128k64g44s32mk32ra_texture3d_texture2d_half,2048,14336,4096,1.5266,157.55
4070ti,8b,8da4w,cand,sarc_linear_dq8ca_coopmat_zpgtr_t128x128k64g44s32mk32ra_texture3d_texture2d_half,2048,14336,4096,1.5237,157.853
4070ti,8b,8da4w,cand,sarc_linear_dq8ca_coopmat_zpgtr_t128x128k64g44s32mk32ra_texture3d_texture2d_half,2048,4096,14336,1.5061,159.696
4070ti,8b,8da4w,cand,sarc_linear_dq8ca_coopmat_zpgtr_t128x128k64g44s32mk32ra_texture3d_texture2d_half,2048,4096,4096,0.4395,156.375
4070ti,8b,8da4w,cand,sarc_linear_dq8ca_coopmat_zpgtr_t128x128k64g44s32mk32ra_texture3d_texture2d_half,2048,1024,4096,0.1125,152.644
4070ti,8b,8da4w,cand,sarc_linear_dq8ca_coopmat_zpgtr_t128x128k64g44s32mk32ra_texture3d_texture2d_half,2048,1024,4096,0.1116,153.98
4070ti,8b,8da4w,cand,sarc_linear_dq8ca_coopmat_zpgtr_t128x128k64g44s32mk32ra_texture3d_texture2d_half,2048,4096,4096,0.4414,155.683
4070ti,8b,8da4w,cand,sarc_linear_dq8ca_coopmat_zpgtr_t128x128k64g44s32mk32ra_texture3d_texture2d_half,2048,14336,4096,1.532,156.998
4070ti,8b,8da4w,cand,sarc_linear_dq8ca_coopmat_zpgtr_t128x128k64g44s32mk32ra_texture3d_texture2d_half,2048,14336,4096,1.5361,156.574
4070ti,8b,8da4w,cand,sarc_linear_dq8ca_coopmat_zpgtr_t128x128k64g44s32mk32ra_texture3d_texture2d_half,2048,4096,14336,1.5134,158.923
4070ti,8b,8da4w,cand,sarc_linear_dq8ca_coopmat_zpgtr_t128x128k64g44s32mk32ra_texture3d_texture2d_half,2048,4096,4096,0.4404,156.028
4070ti,8b,8da4w,cand,sarc_linear_dq8ca_coopmat_zpgtr_t128x128k64g44s32mk32ra_texture3d_texture2d_half,2048,1024,4096,0.1125,152.644
4070ti,8b,8da4w,cand,sarc_linear_dq8ca_coopmat_zpgtr_t128x128k64g44s32mk32ra_texture3d_texture2d_half,2048,1024,4096,0.1116,153.98
4070ti,8b,8da4w,cand,sarc_linear_dq8ca_coopmat_zpgtr_t128x128k64g44s32mk32ra_texture3d_texture2d_half,2048,4096,4096,0.4404,156.028
4070ti,8b,8da4w,cand,sarc_linear_dq8ca_coopmat_zpgtr_t128x128k64g44s32mk32ra_texture3d_texture2d_half,2048,14336,4096,1.5349,156.698
4070ti,8b,8da4w,cand,sarc_linear_dq8ca_coopmat_zpgtr_t128x128k64g44s32mk32ra_texture3d_texture2d_half,2048,14336,4096,1.5369,156.499
4070ti,8b,8da4w,cand,sarc_linear_dq8ca_coopmat_zpgtr_t128x128k64g44s32mk32ra_texture3d_texture2d_half,2048,4096,14336,1.5144,158.82
4070ti,8b,8da4w,cand,sarc_linear_dq8ca_coopmat_zpgtr_t128x128k64g44s32mk32ra_texture3d_texture2d_half,2048,4096,4096,0.4392,156.462
4070ti,8b,8da4w,cand,sarc_linear_dq8ca_coopmat_zpgtr_t128x128k64g44s32mk32ra_texture3d_texture2d_half,2048,1024,4096,0.1128,152.313
4070ti,8b,8da4w,cand,sarc_linear_dq8ca_coopmat_zpgtr_t128x128k64g44s32mk32ra_texture3d_texture2d_half,2048,1024,4096,0.1116,153.98
4070ti,8b,8da4w,cand,sarc_linear_dq8ca_coopmat_zpgtr_t128x128k64g44s32mk32ra_texture3d_texture2d_half,2048,4096,4096,0.4404,156.028
4070ti,8b,8da4w,cand,sarc_linear_dq8ca_coopmat_zpgtr_t128x128k64g44s32mk32ra_texture3d_texture2d_half,2048,14336,4096,1.5369,156.499
4070ti,8b,8da4w,cand,sarc_linear_dq8ca_coopmat_zpgtr_t128x128k64g44s32mk32ra_texture3d_texture2d_half,2048,14336,4096,1.5308,157.123
4070ti,8b,8da4w,cand,sarc_linear_dq8ca_coopmat_zpgtr_t128x128k64g44s32mk32ra_texture3d_texture2d_half,2048,4096,14336,1.5154,158.718
4070ti,8b,8da4w,cand,sarc_linear_dq8ca_coopmat_zpgtr_t128x128k64g44s32mk32ra_texture3d_texture2d_half,2048,4096,4096,0.4404,156.028
4070ti,8b,8da4w,cand,sarc_linear_dq8ca_coopmat_zpgtr_t128x128k64g44s32mk32ra_texture3d_texture2d_half,2048,1024,4096,0.1125,152.644
4070ti,8b,8da4w,cand,sarc_linear_dq8ca_coopmat_zpgtr_t128x128k64g44s32mk32ra_texture3d_texture2d_half,2048,1024,4096,0.1116,153.98
4070ti,8b,8da4w,cand,sarc_linear_dq8ca_coopmat_zpgtr_t128x128k64g44s32mk32ra_texture3d_texture2d_half,2048,4096,4096,0.4414,155.683
4070ti,8b,8da4w,cand,sarc_linear_dq8ca_coopmat_zpgtr_t128x128k64g44s32mk32ra_texture3d_texture2d_half,2048,14336,4096,1.5359,156.599
4070ti,8b,8da4w,cand,sarc_linear_dq8ca_coopmat_zpgtr_t128x128k64g44s32mk32ra_texture3d_texture2d_half,2048,14336,4096,1.53,157.198
4070ti,8b,8da4w,cand,sarc_linear_dq8ca_coopmat_zpgtr_t128x128k64g44s32mk32ra_texture3d_texture2d_half,2048,4096,14336,1.5156,158.692
4070ti,8b,8da4w,cand,sarc_linear_dq8ca_coopmat_zpgtr_t128x128k64g44s32mk32ra_texture3d_texture2d_half,2048,4096,4096,0.4402,156.115
4070ti,8b,8da4w,cand,sarc_linear_dq8ca_coopmat_zpgtr_t128x128k64g44s32mk32ra_texture3d_texture2d_half,2048,1024,4096,0.1128,152.313
4070ti,8b,8da4w,cand,sarc_linear_dq8ca_coopmat_zpgtr_t128x128k64g44s32mk32ra_texture3d_texture2d_half,2048,1024,4096,0.1116,153.98
4070ti,8b,8da4w,cand,sarc_linear_dq8ca_coopmat_zpgtr_t128x128k64g44s32mk32ra_texture3d_texture2d_half,2048,4096,4096,0.4414,155.683
4070ti,8b,8da4w,cand,sarc_linear_dq8ca_coopmat_zpgtr_t128x128k64g44s32mk32ra_texture3d_texture2d_half,2048,14336,4096,1.533,156.898
4070ti,8b,8da4w,cand,sarc_linear_dq8ca_coopmat_zpgtr_t128x128k64g44s32mk32ra_texture3d_texture2d_half,2048,14336,4096,1.533,156.898
4070ti,8b,8da4w,cand,sarc_linear_dq8ca_coopmat_zpgtr_t128x128k64g44s32mk32ra_texture3d_texture2d_half,2048,4096,14336,1.5146,158.795
4070ti,8b,8da4w,cand,sarc_linear_dq8ca_coopmat_zpgtr_t128x128k64g44s32mk32ra_texture3d_texture2d_half,2048,4096,4096,0.4402,156.115
4070ti,8b,8da4w,cand,sarc_linear_dq8ca_coopmat_zpgtr_t128x128k64g44s32mk32ra_texture3d_texture2d_half,2048,1024,4096,0.1138,151.006
4070ti,8b,8da4w,cand,sarc_linear_dq8ca_coopmat_zpgtr_t128x128k64g44s32mk32ra_texture3d_texture2d_half,2048,1024,4096,0.1116,153.98
4070ti,8b,8da4w,cand,sarc_linear_dq8ca_coopmat_zpgtr_t128x128k64g44s32mk32ra_texture3d_texture2d_half,2048,4096,4096,0.4392,156.462
4070ti,8b,8da4w,cand,sarc_linear_dq8ca_coopmat_zpgtr_t128x128k64g44s32mk32ra_texture3d_texture2d_half,2048,14336,4096,1.5227,157.955
4070ti,8b,8da4w,cand,sarc_linear_dq8ca_coopmat_zpgtr_t128x128k64g44s32mk32ra_texture3d_texture2d_half,2048,14336,4096,1.5256,157.651
4070ti,8b,8da4w,cand,sarc_linear_dq8ca_coopmat_zpgtr_t128x128k64g44s32mk32ra_texture3d_texture2d_half,2048,4096,14336,1.5063,159.67
4070ti,8b,8da4w,cand,sarc_linear_dq8ca_coopmat_zpgtr_t128x128k64g44s32mk32ra_texture3d_texture2d_half,2048,4096,4096,0.4373,157.161
4070ti,8b,8da4w,cand,sarc_linear_dq8ca_coopmat_zpgtr_t128x128k64g44s32mk32ra_texture3d_texture2d_half,2048,1024,4096,0.1125,152.644
4070ti,8b,8da4w,cand,sarc_linear_dq8ca_coopmat_zpgtr_t128x128k64g44s32mk32ra_texture3d_texture2d_half,2048,1024,4096,0.1106,155.339
4070ti,8b,8da4w,cand,sarc_linear_dq8ca_coopmat_zpgtr_t128x128k64g44s32mk32ra_texture3d_texture2d_half,2048,4096,4096,0.4382,156.811
4070ti,8b,8da4w,cand,sarc_linear_dq8ca_coopmat_zpgtr_t128x128k64g44s32mk32ra_texture3d_texture2d_half,2048,14336,4096,1.5217,158.056
4070ti,8b,8da4w,cand,sarc_linear_dq8ca_coopmat_zpgtr_t128x128k64g44s32mk32ra_texture3d_texture2d_half,2048,14336,4096,1.5256,157.651
4070ti,8b,8da4w,cand,sarc_linear_dq8ca_coopmat_zpgtr_t128x128k64g44s32mk32ra_texture3d_texture2d_half,2048,4096,14336,1.5073,159.566
4070ti,8b,8da4w,cand,sarc_linear_dq8ca_coopmat_zpgtr_t128x128k64g44s32mk32ra_texture3d_texture2d_half,2048,4096,4096,0.4382,156.811
4070ti,8b,8da4w,cand,sarc_linear_dq8ca_coopmat_zpgtr_t128x128k64g44s32mk32ra_texture3d_texture2d_half,2048,1024,4096,0.1128,152.313
4070ti,8b,8da4w,cand,sarc_linear_dq8ca_coopmat_zpgtr_t128x128k64g44s32mk32ra_texture3d_texture2d_half,2048,1024,4096,0.1106,155.339
4070ti,8b,8da4w,cand,sarc_linear_dq8ca_coopmat_zpgtr_t128x128k64g44s32mk32ra_texture3d_texture2d_half,2048,4096,4096,0.4395,156.375
4070ti,8b,8da4w,cand,sarc_linear_dq8ca_coopmat_zpgtr_t128x128k64g44s32mk32ra_texture3d_texture2d_half,2048,14336,4096,1.531,157.098
4070ti,8b,8da4w,cand,sarc_linear_dq8ca_coopmat_zpgtr_t128x128k64g44s32mk32ra_texture3d_texture2d_half,2048,14336,4096,1.5278,157.424
4070ti,8b,8da4w,cand,sarc_linear_dq8ca_coopmat_zpgtr_t128x128k64g44s32mk32ra_texture3d_texture2d_half,2048,4096,14336,1.5083,159.463
4070ti,8b,8da4w,cand,sarc_linear_dq8ca_coopmat_zpgtr_t128x128k64g44s32mk32ra_texture3d_texture2d_half,2048,4096,4096,0.4382,156.811
4070ti,8b,8da4w,cand,sarc_linear_dq8ca_coopmat_zpgtr_t128x128k64g44s32mk32ra_texture3d_texture2d_half,2048,1024,4096,0.1118,153.644
4070ti,8b,8da4w,cand,sarc_linear_dq8ca_coopmat_zpgtr_t128x128k64g44s32mk32ra_texture3d_texture2d_half,2048,1024,4096,0.1116,153.98
4070ti,8b,8da4w,cand,sarc_linear_dq8ca_coopmat_zpgtr_t128x128k64g44s32mk32ra_texture3d_texture2d_half,2048,4096,4096,0.4373,157.161
4070ti,8b,8da4w,cand,sarc_linear_dq8ca_coopmat_zpgtr_t128x128k64g44s32mk32ra_texture3d_texture2d_half,2048,14336,4096,1.5259,157.626
4070ti,8b,8da4w,cand,sarc_linear_dq8ca_coopmat_zpgtr_t128x128k64g44s32mk32ra_texture3d_texture2d_half,2048,14336,4096,1.5215,158.081
4070ti,8b,8da4w,cand,sarc_linear_dq8ca_coopmat_zpgtr_t128x128k64g44s32mk32ra_texture3d_texture2d_half,2048,4096,14336,1.5063,159.67
4070ti,8b,8da4w,cand,sarc_linear_dq8ca_coopmat_zpgtr_t128x128k64g44s32mk32ra_texture3d_texture2d_half,2048,4096,4096,0.4373,157.161
4070ti,8b,8da4w,cand,sarc_linear_dq8ca_coopmat_zpgtr_t128x128k64g44s32mk32ra_texture3d_texture2d_half,2048,1024,4096,0.1125,152.644
4070ti,8b,8da4w,cand,sarc_linear_dq8ca_coopmat_zpgtr_t128x128k64g44s32mk32ra_texture3d_texture2d_half,2048,1024,4096,0.1106,155.339
4070ti,8b,8da4w,cand,sarc_linear_dq8ca_coopmat_zpgtr_t128x128k64g44s32mk32ra_texture3d_texture2d_half,2048,4096,4096,0.4373,157.161
4070ti,8b,8da4w,cand,sarc_linear_dq8ca_coopmat_zpgtr_t128x128k64g44s32mk32ra_texture3d_texture2d_half,2048,14336,4096,1.5278,157.424
4070ti,8b,8da4w,cand,sarc_linear_dq8ca_coopmat_zpgtr_t128x128k64g44s32mk32ra_texture3d_texture2d_half,2048,14336,4096,1.5227,157.955
4070ti,8b,8da4w,cand,sarc_linear_dq8ca_coopmat_zpgtr_t128x128k64g44s32mk32ra_texture3d_texture2d_half,2048,4096,14336,1.5063,159.67
4070ti,8b,8da4w,cand,sarc_linear_dq8ca_coopmat_zpgtr_t128x128k64g44s32mk32ra_texture3d_texture2d_half,2048,4096,4096,0.4373,157.161
4070ti,8b,8da4w,cand,sarc_linear_dq8ca_coopmat_zpgtr_t128x128k64g44s32mk32ra_texture3d_texture2d_half,2048,1024,4096,0.1125,152.644
4070ti,8b,8da4w,cand,sarc_linear_dq8ca_coopmat_zpgtr_t128x128k64g44s32mk32ra_texture3d_texture2d_half,2048,1024,4096,0.1118,153.644
4070ti,8b,8da4w,cand,sarc_linear_dq8ca_coopmat_zpgtr_t128x128k64g44s32mk32ra_texture3d_texture2d_half,2048,4096,4096,0.4382,156.811
4070ti,8b,8da4w,cand,sarc_linear_dq8ca_coopmat_zpgtr_t128x128k64g44s32mk32ra_texture3d_texture2d_half,2048,14336,4096,1.5225,157.98
4070ti,8b,8da4w,cand,sarc_linear_dq8ca_coopmat_zpgtr_t128x128k64g44s32mk32ra_texture3d_texture2d_half,2048,14336,4096,1.5237,157.853
4070ti,8b,8da4w,cand,sarc_linear_dq8ca_coopmat_zpgtr_t128x128k64g44s32mk32ra_texture3d_texture2d_half,2048,4096,14336,1.5054,159.773
4070ti,8b,8da4w,cand,sarc_linear_dq8ca_coopmat_zpgtr_t128x128k64g44s32mk32ra_texture3d_texture2d_half,2048,4096,4096,0.4373,157.161
4070ti,8b,8da4w,cand,sarc_linear_dq8ca_coopmat_zpgtr_t128x128k64g44s32mk32ra_texture3d_texture2d_half,2048,1024,4096,0.1116,153.98
4070ti,8b,8da4w,cand,sarc_linear_dq8ca_coopmat_zpgtr_t128x128k64g44s32mk32ra_texture3d_texture2d_half,2048,1024,4096,0.1118,153.644
4070ti,8b,8da4w,cand,sarc_linear_dq8ca_coopmat_zpgtr_t128x128k64g44s32mk32ra_texture3d_texture2d_half,2048,4096,4096,0.437,157.249
4070ti,8b,8da4w,cand,sarc_linear_dq8ca_coopmat_zpgtr_t128x128k64g44s32mk32ra_texture3d_texture2d_half,2048,14336,4096,1.5256,157.651
4070ti,8b,8da4w,cand,sarc_linear_dq8ca_coopmat_zpgtr_t128x128k64g44s32mk32ra_texture3d_texture2d_half,2048,14336,4096,1.5217,158.056
4070ti,8b,8da4w,cand,sarc_linear_dq8ca_coopmat_zpgtr_t128x128k64g44s32mk32ra_texture3d_texture2d_half,2048,4096,14336,1.5085,159.437
4070ti,8b,8da4w,cand,sarc_linear_dq8ca_coopmat_zpgtr_t128x128k64g44s32mk32ra_texture3d_texture2d_half,2048,4096,4096,0.4382,156.811
4070ti,8b,8da4w,cand,sarc_linear_dq8ca_coopmat_zpgtr_t128x128k64g44s32mk32ra_texture3d_texture2d_half,2048,1024,4096,0.1125,152.644
4070ti,8b,8da4w,cand,sarc_linear_dq8ca_coopmat_zpgtr_t128x128k64g44s32mk32ra_texture3d_texture2d_half,2048,1024,4096,0.1106,155.339
4070ti,8b,8da4w,cand,sarc_linear_dq8ca_coopmat_zpgtr_t128x128k64g44s32mk32ra_texture3d_texture2d_half,2048,4096,4096,0.4382,156.811
4070ti,8b,8da4w,cand,sarc_linear_dq8ca_coopmat_zpgtr_t128x128k64g44s32mk32ra_texture3d_texture2d_half,2048,14336,4096,1.53,157.198
4070ti,8b,8da4w,cand,sarc_linear_dq8ca_coopmat_zpgtr_t128x128k64g44s32mk32ra_texture3d_texture2d_half,2048,14336,4096,1.5259,157.626
4070ti,8b,8da4w,cand,sarc_linear_dq8ca_coopmat_zpgtr_t128x128k64g44s32mk32ra_texture3d_texture2d_half,2048,4096,14336,1.5051,159.799
4070ti,8b,8da4w,cand,sarc_linear_dq8ca_coopmat_zpgtr_t128x128k64g44s32mk32ra_texture3d_texture2d_half,2048,4096,4096,0.4385,156.723
4070ti,8b,8da4w,cand,sarc_linear_dq8ca_coopmat_zpgtr_t128x128k64g44s32mk32ra_texture3d_texture2d_half,2048,1024,4096,0.1128,152.313
4070ti,8b,8da4w,cand,sarc_linear_dq8ca_coopmat_zpgtr_t128x128k64g44s32mk32ra_texture3d_texture2d_half,2048,1024,4096,0.1116,153.98
4070ti,8b,8da4w,cand,sarc_linear_dq8ca_coopmat_zpgtr_t128x128k64g44s32mk32ra_texture3d_texture2d_half,2048,4096,4096,0.4392,156.462
4070ti,8b,8da4w,cand,sarc_linear_dq8ca_coopmat_zpgtr_t128x128k64g44s32mk32ra_texture3d_texture2d_half,2048,14336,4096,1.5259,157.626
4070ti,8b,8da4w,cand,sarc_linear_dq8ca_coopmat_zpgtr_t128x128k64g44s32mk32ra_texture3d_texture2d_half,2048,14336,4096,1.5208,158.157
4070ti,8b,8da4w,cand,sarc_linear_dq8ca_coopmat_zpgtr_t128x128k64g44s32mk32ra_texture3d_texture2d_half,2048,4096,14336,1.5063,159.67
4070ti,8b,8da4w,cand,sarc_linear_dq8ca_coopmat_zpgtr_t128x128k64g44s32mk32ra_texture3d_texture2d_half,2048,4096,4096,0.4382,156.811
4070ti,8b,8da4w,cand,sarc_linear_dq8ca_coopmat_zpgtr_t128x128k64g44s32mk32ra_texture3d_texture2d_half,2048,1024,4096,0.1125,152.644
4070ti,8b,8da4w,cand,sarc_linear_dq8ca_coopmat_zpgtr_t128x128k64g44s32mk32ra_texture3d_texture2d_half,2048,1024,4096,0.1106,155.339
4070ti,8b,8da4w,cand,sarc_linear_dq8ca_coopmat_zpgtr_t128x128k64g44s32mk32ra_texture3d_texture2d_half,2048,4096,4096,0.4382,156.811
4070ti,8b,8da4w,cand,sarc_linear_dq8ca_coopmat_zpgtr_t128x128k64g44s32mk32ra_texture3d_texture2d_half,2048,14336,4096,1.5266,157.55
4070ti,8b,8da4w,cand,sarc_linear_dq8ca_coopmat_zpgtr_t128x128k64g44s32mk32ra_texture3d_texture2d_half,2048,14336,4096,1.5247,157.752
4070ti,8b,8da4w,cand,sarc_linear_dq8ca_coopmat_zpgtr_t128x128k64g44s32mk32ra_texture3d_texture2d_half,2048,4096,14336,1.5061,159.696
4070ti,8b,8da4w,cand,sarc_linear_dq8ca_coopmat_zpgtr_t128x128k64g44s32mk32ra_texture3d_texture2d_half,2048,4096,4096,0.4382,156.811
4070ti,8b,8da4w,cand,sarc_linear_dq8ca_coopmat_zpgtr_t128x128k64g44s32mk32ra_texture3d_texture2d_half,2048,1024,4096,0.1128,152.313
4070ti,8b,8da4w,cand,sarc_linear_dq8ca_coopmat_zpgtr_t128x128k64g44s32mk32ra_texture3d_texture2d_half,2048,1024,4096,0.1106,155.339
4070ti,8b,8da4w,cand,sarc_linear_dq8ca_coopmat_zpgtr_t128x128k64g44s32mk32ra_texture3d_texture2d_half,2048,4096,4096,0.4392,156.462
4070ti,8b,8da4w,cand,sarc_linear_dq8ca_coopmat_zpgtr_t128x128k64g44s32mk32ra_texture3d_texture2d_half,2048,14336,4096,1.5237,157.853
4070ti,8b,8da4w,cand,sarc_linear_dq8ca_coopmat_zpgtr_t128x128k64g44s32mk32ra_texture3d_texture2d_half,2048,14336,4096,1.5259,157.626
4070ti,8b,8da4w,cand,sarc_linear_dq8ca_coopmat_zpgtr_t128x128k64g44s32mk32ra_texture3d_texture2d_half,2048,4096,14336,1.5063,159.67
4070ti,8b,8da4w,cand,sarc_linear_dq8ca_coopmat_zpgtr_t128x128k64g44s32mk32ra_texture3d_texture2d_half,2048,4096,4096,0.4382,156.811
4070ti,8b,8da4w,cand,sarc_linear_dq8ca_coopmat_zpgtr_t128x128k64g44s32mk32ra_texture3d_texture2d_half,2048,1024,4096,0.1116,153.98
4070ti,8b,8da4w,cand,sarc_linear_dq8ca_coopmat_zpgtr_t128x128k64g44s32mk32ra_texture3d_texture2d_half,2048,1024,4096,0.1116,153.98
4070ti,8b,8da4w,cand,sarc_linear_dq8ca_coopmat_zpgtr_t128x128k64g44s32mk32ra_texture3d_texture2d_half,2048,4096,4096,0.4382,156.811
4070ti,8b,8da4w,cand,sarc_linear_dq8ca_coopmat_zpgtr_t128x128k64g44s32mk32ra_texture3d_texture2d_half,2048,14336,4096,1.5269,157.525
4070ti,8b,8da4w,cand,sarc_linear_dq8ca_coopmat_zpgtr_t128x128k64g44s32mk32ra_texture3d_texture2d_half,2048,14336,4096,1.5256,157.651
4070ti,8b,8da4w,cand,sarc_linear_dq8ca_coopmat_zpgtr_t128x128k64g44s32mk32ra_texture3d_texture2d_half,2048,4096,14336,1.5051,159.799
4070ti,8b,8da4w,cand,sarc_linear_dq8ca_coopmat_zpgtr_t128x128k64g44s32mk32ra_texture3d_texture2d_half,2048,4096,4096,0.4373,157.161
4070ti,8b,8da4w,cand,sarc_linear_dq8ca_coopmat_zpgtr_t128x128k64g44s32mk32ra_texture3d_texture2d_half,2048,1024,4096,0.1128,152.313
4070ti,8b,8da4w,cand,sarc_linear_dq8ca_coopmat_zpgtr_t128x128k64g44s32mk32ra_texture3d_texture2d_half,2048,1024,4096,0.1106,155.339
4070ti,8b,8da4w,cand,sarc_linear_dq8ca_coopmat_zpgtr_t128x128k64g44s32mk32ra_texture3d_texture2d_half,2048,4096,4096,0.4373,157.161
4070ti,8b,8da4w,cand,sarc_linear_dq8ca_coopmat_zpgtr_t128x128k64g44s32mk32ra_texture3d_texture2d_half,2048,14336,4096,1.5249,157.727
4070ti,8b,8da4w,cand,sarc_linear_dq8ca_coopmat_zpgtr_t128x128k64g44s32mk32ra_texture3d_texture2d_half,2048,14336,4096,1.5227,157.955
4070ti,8b,8da4w,cand,sarc_linear_dq8ca_coopmat_zpgtr_t128x128k64g44s32mk32ra_texture3d_texture2d_half,2048,4096,14336,1.5051,159.799
4070ti,8b,8da4w,cand,sarc_linear_dq8ca_coopmat_zpgtr_t128x128k64g44s32mk32ra_texture3d_texture2d_half,2048,4096,4096,0.4382,156.811
4070ti,8b,8da4w,cand,sarc_linear_dq8ca_coopmat_zpgtr_t128x128k64g44s32mk32ra_texture3d_texture2d_half,2048,1024,4096,0.1116,153.98
4070ti,8b,8da4w,cand,sarc_linear_dq8ca_coopmat_zpgtr_t128x128k64g44s32mk32ra_texture3d_texture2d_half,2048,1024,4096,0.1116,153.98
4070ti,8b,8da4w,cand,sarc_linear_dq8ca_coopmat_zpgtr_t128x128k64g44s32mk32ra_texture3d_texture2d_half,2048,4096,4096,0.4373,157.161
4070ti,8b,8da4w,cand,sarc_linear_dq8ca_coopmat_zpgtr_t128x128k64g44s32mk32ra_texture3d_texture2d_half,2048,14336,4096,1.5249,157.727
4070ti,8b,8da4w,cand,sarc_linear_dq8ca_coopmat_zpgtr_t128x128k64g44s32mk32ra_texture3d_texture2d_half,2048,14336,4096,1.5247,157.752
4070ti,8b,8da4w,cand,sarc_linear_dq8ca_coopmat_zpgtr_t128x128k64g44s32mk32ra_texture3d_texture2d_half,2048,4096,14336,1.5054,159.773
4070ti,8b,8da4w,cand,sarc_linear_dq8ca_coopmat_zpgtr_t128x128k64g44s32mk32ra_texture3d_texture2d_half,2048,4096,4096,0.4373,157.161
4070ti,8b,8da4w,cand,sarc_linear_dq8ca_coopmat_zpgtr_t128x128k64g44s32mk32ra_texture3d_texture2d_half,2048,1024,4096,0.1116,153.98
4070ti,8b,8da4w,cand,sarc_linear_dq8ca_coopmat_zpgtr_t128x128k64g44s32mk32ra_texture3d_texture2d_half,2048,1024,4096,0.1106,155.339
4070ti,8b,8da4w,cand,sarc_linear_dq8ca_coopmat_zpgtr_t128x128k64g44s32mk32ra_texture3d_texture2d_half,2048,4096,4096,0.4373,157.161
4070ti,8b,8da4w,cand,sarc_linear_dq8ca_coopmat_zpgtr_t128x128k64g44s32mk32ra_texture3d_texture2d_half,2048,14336,4096,1.5237,157.853
4070ti,8b,8da4w,cand,sarc_linear_dq8ca_coopmat_zpgtr_t128x128k64g44s32mk32ra_texture3d_texture2d_half,2048,14336,4096,1.5227,157.955
4070ti,8b,8da4w,cand,sarc_linear_dq8ca_coopmat_zpgtr_t128x128k64g44s32mk32ra_texture3d_texture2d_half,2048,4096,14336,1.5044,159.877
4070ti,8b,8da4w,parent,sarc_linear_dq8ca_coopmat_zpgtr_t128x128k64g44s32mk32ra_texture3d_texture2d_half,2048,4096,4096,0.4382,156.811
4070ti,8b,8da4w,parent,sarc_linear_dq8ca_coopmat_zpgtr_t128x128k64g44s32mk32ra_texture3d_texture2d_half,2048,1024,4096,0.1116,153.98
4070ti,8b,8da4w,parent,sarc_linear_dq8ca_coopmat_zpgtr_t128x128k64g44s32mk32ra_texture3d_texture2d_half,2048,1024,4096,0.1116,153.98
4070ti,8b,8da4w,parent,sarc_linear_dq8ca_coopmat_zpgtr_t128x128k64g44s32mk32ra_texture3d_texture2d_half,2048,4096,4096,0.4373,157.161
4070ti,8b,8da4w,parent,sarc_linear_dq8ca_coopmat_zpgtr_t128x128k64g44s32mk32ra_texture3d_texture2d_half,2048,14336,4096,1.5237,157.853
4070ti,8b,8da4w,parent,sarc_linear_dq8ca_coopmat_zpgtr_t128x128k64g44s32mk32ra_texture3d_texture2d_half,2048,14336,4096,1.5256,157.651
4070ti,8b,8da4w,parent,sarc_linear_dq8ca_coopmat_zpgtr_t128x128k64g44s32mk32ra_texture3d_texture2d_half,2048,4096,14336,1.5034,159.981
4070ti,8b,8da4w,parent,sarc_linear_dq8ca_coopmat_zpgtr_t128x128k64g44s32mk32ra_texture3d_texture2d_half,2048,4096,4096,0.4382,156.811
4070ti,8b,8da4w,parent,sarc_linear_dq8ca_coopmat_zpgtr_t128x128k64g44s32mk32ra_texture3d_texture2d_half,2048,1024,4096,0.1125,152.644
4070ti,8b,8da4w,parent,sarc_linear_dq8ca_coopmat_zpgtr_t128x128k64g44s32mk32ra_texture3d_texture2d_half,2048,1024,4096,0.1106,155.339
4070ti,8b,8da4w,parent,sarc_linear_dq8ca_coopmat_zpgtr_t128x128k64g44s32mk32ra_texture3d_texture2d_half,2048,4096,4096,0.4382,156.811
4070ti,8b,8da4w,parent,sarc_linear_dq8ca_coopmat_zpgtr_t128x128k64g44s32mk32ra_texture3d_texture2d_half,2048,14336,4096,1.5154,158.718
4070ti,8b,8da4w,parent,sarc_linear_dq8ca_coopmat_zpgtr_t128x128k64g44s32mk32ra_texture3d_texture2d_half,2048,14336,4096,1.5044,159.877
4070ti,8b,8da4w,parent,sarc_linear_dq8ca_coopmat_zpgtr_t128x128k64g44s32mk32ra_texture3d_texture2d_half,2048,4096,14336,1.4868,161.767
4070ti,8b,8da4w,parent,sarc_linear_dq8ca_coopmat_zpgtr_t128x128k64g44s32mk32ra_texture3d_texture2d_half,2048,4096,4096,0.4321,159.025
4070ti,8b,8da4w,parent,sarc_linear_dq8ca_coopmat_zpgtr_t128x128k64g44s32mk32ra_texture3d_texture2d_half,2048,1024,4096,0.1116,153.98
4070ti,8b,8da4w,parent,sarc_linear_dq8ca_coopmat_zpgtr_t128x128k64g44s32mk32ra_texture3d_texture2d_half,2048,1024,4096,0.1096,156.723
4070ti,8b,8da4w,parent,sarc_linear_dq8ca_coopmat_zpgtr_t128x128k64g44s32mk32ra_texture3d_texture2d_half,2048,4096,4096,0.4331,158.667
4070ti,8b,8da4w,parent,sarc_linear_dq8ca_coopmat_zpgtr_t128x128k64g44s32mk32ra_texture3d_texture2d_half,2048,14336,4096,1.5002,160.319
4070ti,8b,8da4w,parent,sarc_linear_dq8ca_coopmat_zpgtr_t128x128k64g44s32mk32ra_texture3d_texture2d_half,2048,14336,4096,1.5022,160.111
4070ti,8b,8da4w,parent,sarc_linear_dq8ca_coopmat_zpgtr_t128x128k64g44s32mk32ra_texture3d_texture2d_half,2048,4096,14336,1.4868,161.767
4070ti,8b,8da4w,parent,sarc_linear_dq8ca_coopmat_zpgtr_t128x128k64g44s32mk32ra_texture3d_texture2d_half,2048,4096,4096,0.4321,159.025
4070ti,8b,8da4w,parent,sarc_linear_dq8ca_coopmat_zpgtr_t128x128k64g44s32mk32ra_texture3d_texture2d_half,2048,1024,4096,0.1118,153.644
4070ti,8b,8da4w,parent,sarc_linear_dq8ca_coopmat_zpgtr_t128x128k64g44s32mk32ra_texture3d_texture2d_half,2048,1024,4096,0.1094,157.073
4070ti,8b,8da4w,parent,sarc_linear_dq8ca_coopmat_zpgtr_t128x128k64g44s32mk32ra_texture3d_texture2d_half,2048,4096,4096,0.4321,159.025
4070ti,8b,8da4w,parent,sarc_linear_dq8ca_coopmat_zpgtr_t128x128k64g44s32mk32ra_texture3d_texture2d_half,2048,14336,4096,1.5095,159.334
4070ti,8b,8da4w,parent,sarc_linear_dq8ca_coopmat_zpgtr_t128x128k64g44s32mk32ra_texture3d_texture2d_half,2048,14336,4096,1.5032,160.007
4070ti,8b,8da4w,parent,sarc_linear_dq8ca_coopmat_zpgtr_t128x128k64g44s32mk32ra_texture3d_texture2d_half,2048,4096,14336,1.5095,159.334
4070ti,8b,8da4w,parent,sarc_linear_dq8ca_coopmat_zpgtr_t128x128k64g44s32mk32ra_texture3d_texture2d_half,2048,4096,4096,0.4392,156.462
4070ti,8b,8da4w,parent,sarc_linear_dq8ca_coopmat_zpgtr_t128x128k64g44s32mk32ra_texture3d_texture2d_half,2048,1024,4096,0.1125,152.644
4070ti,8b,8da4w,parent,sarc_linear_dq8ca_coopmat_zpgtr_t128x128k64g44s32mk32ra_texture3d_texture2d_half,2048,1024,4096,0.1125,152.644
4070ti,8b,8da4w,parent,sarc_linear_dq8ca_coopmat_zpgtr_t128x128k64g44s32mk32ra_texture3d_texture2d_half,2048,4096,4096,0.4392,156.462
4070ti,8b,8da4w,parent,sarc_linear_dq8ca_coopmat_zpgtr_t128x128k64g44s32mk32ra_texture3d_texture2d_half,2048,14336,4096,1.5298,157.223
4070ti,8b,8da4w,parent,sarc_linear_dq8ca_coopmat_zpgtr_t128x128k64g44s32mk32ra_texture3d_texture2d_half,2048,14336,4096,1.5278,157.424
4070ti,8b,8da4w,parent,sarc_linear_dq8ca_coopmat_zpgtr_t128x128k64g44s32mk32ra_texture3d_texture2d_half,2048,4096,14336,1.5083,159.463
4070ti,8b,8da4w,parent,sarc_linear_dq8ca_coopmat_zpgtr_t128x128k64g44s32mk32ra_texture3d_texture2d_half,2048,4096,4096,0.4382,156.811
4070ti,8b,8da4w,parent,sarc_linear_dq8ca_coopmat_zpgtr_t128x128k64g44s32mk32ra_texture3d_texture2d_half,2048,1024,4096,0.1128,152.313
4070ti,8b,8da4w,parent,sarc_linear_dq8ca_coopmat_zpgtr_t128x128k64g44s32mk32ra_texture3d_texture2d_half,2048,1024,4096,0.1116,153.98
4070ti,8b,8da4w,parent,sarc_linear_dq8ca_coopmat_zpgtr_t128x128k64g44s32mk32ra_texture3d_texture2d_half,2048,4096,4096,0.4373,157.161
4070ti,8b,8da4w,parent,sarc_linear_dq8ca_coopmat_zpgtr_t128x128k64g44s32mk32ra_texture3d_texture2d_half,2048,14336,4096,1.532,156.998
4070ti,8b,8da4w,parent,sarc_linear_dq8ca_coopmat_zpgtr_t128x128k64g44s32mk32ra_texture3d_texture2d_half,2048,14336,4096,1.5269,157.525
4070ti,8b,8da4w,parent,sarc_linear_dq8ca_coopmat_zpgtr_t128x128k64g44s32mk32ra_texture3d_texture2d_half,2048,4096,14336,1.5195,158.284
4070ti,8b,8da4w,parent,sarc_linear_dq8ca_coopmat_zpgtr_t128x128k64g44s32mk32ra_texture3d_texture2d_half,2048,4096,4096,0.4414,155.683
4070ti,8b,8da4w,parent,sarc_linear_dq8ca_coopmat_zpgtr_t128x128k64g44s32mk32ra_texture3d_texture2d_half,2048,1024,4096,0.1138,151.006
4070ti,8b,8da4w,parent,sarc_linear_dq8ca_coopmat_zpgtr_t128x128k64g44s32mk32ra_texture3d_texture2d_half,2048,1024,4096,0.1125,152.644
4070ti,8b,8da4w,parent,sarc_linear_dq8ca_coopmat_zpgtr_t128x128k64g44s32mk32ra_texture3d_texture2d_half,2048,4096,4096,0.4424,155.339
4070ti,8b,8da4w,parent,sarc_linear_dq8ca_coopmat_zpgtr_t128x128k64g44s32mk32ra_texture3d_texture2d_half,2048,14336,4096,1.5381,156.375
4070ti,8b,8da4w,parent,sarc_linear_dq8ca_coopmat_zpgtr_t128x128k64g44s32mk32ra_texture3d_texture2d_half,2048,14336,4096,1.5391,156.276
4070ti,8b,8da4w,parent,sarc_linear_dq8ca_coopmat_zpgtr_t128x128k64g44s32mk32ra_texture3d_texture2d_half,2048,4096,14336,1.5154,158.718
4070ti,8b,8da4w,parent,sarc_linear_dq8ca_coopmat_zpgtr_t128x128k64g44s32mk32ra_texture3d_texture2d_half,2048,4096,4096,0.4402,156.115
4070ti,8b,8da4w,parent,sarc_linear_dq8ca_coopmat_zpgtr_t128x128k64g44s32mk32ra_texture3d_texture2d_half,2048,1024,4096,0.1128,152.313
4070ti,8b,8da4w,parent,sarc_linear_dq8ca_coopmat_zpgtr_t128x128k64g44s32mk32ra_texture3d_texture2d_half,2048,1024,4096,0.1128,152.313
4070ti,8b,8da4w,parent,sarc_linear_dq8ca_coopmat_zpgtr_t128x128k64g44s32mk32ra_texture3d_texture2d_half,2048,4096,4096,0.4402,156.115
4070ti,8b,8da4w,parent,sarc_linear_dq8ca_coopmat_zpgtr_t128x128k64g44s32mk32ra_texture3d_texture2d_half,2048,14336,4096,1.5339,156.798
4070ti,8b,8da4w,parent,sarc_linear_dq8ca_coopmat_zpgtr_t128x128k64g44s32mk32ra_texture3d_texture2d_half,2048,14336,4096,1.531,157.098
4070ti,8b,8da4w,parent,sarc_linear_dq8ca_coopmat_zpgtr_t128x128k64g44s32mk32ra_texture3d_texture2d_half,2048,4096,14336,1.5156,158.692
4070ti,8b,8da4w,parent,sarc_linear_dq8ca_coopmat_zpgtr_t128x128k64g44s32mk32ra_texture3d_texture2d_half,2048,4096,4096,0.4392,156.462
4070ti,8b,8da4w,parent,sarc_linear_dq8ca_coopmat_zpgtr_t128x128k64g44s32mk32ra_texture3d_texture2d_half,2048,1024,4096,0.1125,152.644
4070ti,8b,8da4w,parent,sarc_linear_dq8ca_coopmat_zpgtr_t128x128k64g44s32mk32ra_texture3d_texture2d_half,2048,1024,4096,0.1118,153.644
4070ti,8b,8da4w,parent,sarc_linear_dq8ca_coopmat_zpgtr_t128x128k64g44s32mk32ra_texture3d_texture2d_half,2048,4096,4096,0.4392,156.462
4070ti,8b,8da4w,parent,sarc_linear_dq8ca_coopmat_zpgtr_t128x128k64g44s32mk32ra_texture3d_texture2d_half,2048,14336,4096,1.5349,156.698
4070ti,8b,8da4w,parent,sarc_linear_dq8ca_coopmat_zpgtr_t128x128k64g44s32mk32ra_texture3d_texture2d_half,2048,14336,4096,1.5352,156.673
4070ti,8b,8da4w,parent,sarc_linear_dq8ca_coopmat_zpgtr_t128x128k64g44s32mk32ra_texture3d_texture2d_half,2048,4096,14336,1.5144,158.82
4070ti,8b,8da4w,parent,sarc_linear_dq8ca_coopmat_zpgtr_t128x128k64g44s32mk32ra_texture3d_texture2d_half,2048,4096,4096,0.4404,156.028
4070ti,8b,8da4w,parent,sarc_linear_dq8ca_coopmat_zpgtr_t128x128k64g44s32mk32ra_texture3d_texture2d_half,2048,1024,4096,0.1128,152.313
4070ti,8b,8da4w,parent,sarc_linear_dq8ca_coopmat_zpgtr_t128x128k64g44s32mk32ra_texture3d_texture2d_half,2048,1024,4096,0.1125,152.644
4070ti,8b,8da4w,parent,sarc_linear_dq8ca_coopmat_zpgtr_t128x128k64g44s32mk32ra_texture3d_texture2d_half,2048,4096,4096,0.4402,156.115
4070ti,8b,8da4w,parent,sarc_linear_dq8ca_coopmat_zpgtr_t128x128k64g44s32mk32ra_texture3d_texture2d_half,2048,14336,4096,1.5298,157.223
4070ti,8b,8da4w,parent,sarc_linear_dq8ca_coopmat_zpgtr_t128x128k64g44s32mk32ra_texture3d_texture2d_half,2048,14336,4096,1.5317,157.023
4070ti,8b,8da4w,parent,sarc_linear_dq8ca_coopmat_zpgtr_t128x128k64g44s32mk32ra_texture3d_texture2d_half,2048,4096,14336,1.5125,159.025
4070ti,8b,8da4w,parent,sarc_linear_dq8ca_coopmat_zpgtr_t128x128k64g44s32mk32ra_texture3d_texture2d_half,2048,4096,4096,0.4402,156.115
4070ti,8b,8da4w,parent,sarc_linear_dq8ca_coopmat_zpgtr_t128x128k64g44s32mk32ra_texture3d_texture2d_half,2048,1024,4096,0.1128,152.313
4070ti,8b,8da4w,parent,sarc_linear_dq8ca_coopmat_zpgtr_t128x128k64g44s32mk32ra_texture3d_texture2d_half,2048,1024,4096,0.1116,153.98
4070ti,8b,8da4w,parent,sarc_linear_dq8ca_coopmat_zpgtr_t128x128k64g44s32mk32ra_texture3d_texture2d_half,2048,4096,4096,0.4414,155.683
4070ti,8b,8da4w,parent,sarc_linear_dq8ca_coopmat_zpgtr_t128x128k64g44s32mk32ra_texture3d_texture2d_half,2048,14336,4096,1.5327,156.923
4070ti,8b,8da4w,parent,sarc_linear_dq8ca_coopmat_zpgtr_t128x128k64g44s32mk32ra_texture3d_texture2d_half,2048,14336,4096,1.5381,156.375
4070ti,8b,8da4w,parent,sarc_linear_dq8ca_coopmat_zpgtr_t128x128k64g44s32mk32ra_texture3d_texture2d_half,2048,4096,14336,1.5166,158.59
4070ti,8b,8da4w,parent,sarc_linear_dq8ca_coopmat_zpgtr_t128x128k64g44s32mk32ra_texture3d_texture2d_half,2048,4096,4096,0.4414,155.683
4070ti,8b,8da4w,parent,sarc_linear_dq8ca_coopmat_zpgtr_t128x128k64g44s32mk32ra_texture3d_texture2d_half,2048,1024,4096,0.1116,153.98
4070ti,8b,8da4w,parent,sarc_linear_dq8ca_coopmat_zpgtr_t128x128k64g44s32mk32ra_texture3d_texture2d_half,2048,1024,4096,0.1125,152.644
4070ti,8b,8da4w,parent,sarc_linear_dq8ca_coopmat_zpgtr_t128x128k64g44s32mk32ra_texture3d_texture2d_half,2048,4096,4096,0.4402,156.115
4070ti,8b,8da4w,parent,sarc_linear_dq8ca_coopmat_zpgtr_t128x128k64g44s32mk32ra_texture3d_texture2d_half,2048,14336,4096,1.5371,156.474
4070ti,8b,8da4w,parent,sarc_linear_dq8ca_coopmat_zpgtr_t128x128k64g44s32mk32ra_texture3d_texture2d_half,2048,14336,4096,1.5339,156.798
4070ti,8b,8da4w,parent,sarc_linear_dq8ca_coopmat_zpgtr_t128x128k64g44s32mk32ra_texture3d_texture2d_half,2048,4096,14336,1.5176,158.488
4070ti,8b,8da4w,parent,sarc_linear_dq8ca_coopmat_zpgtr_t128x128k64g44s32mk32ra_texture3d_texture2d_half,2048,4096,4096,0.4402,156.115
4070ti,8b,8da4w,parent,sarc_linear_dq8ca_coopmat_zpgtr_t128x128k64g44s32mk32ra_texture3d_texture2d_half,2048,1024,4096,0.1138,151.006
4070ti,8b,8da4w,parent,sarc_linear_dq8ca_coopmat_zpgtr_t128x128k64g44s32mk32ra_texture3d_texture2d_half,2048,1024,4096,0.1116,153.98
4070ti,8b,8da4w,parent,sarc_linear_dq8ca_coopmat_zpgtr_t128x128k64g44s32mk32ra_texture3d_texture2d_half,2048,4096,4096,0.4414,155.683
4070ti,8b,8da4w,parent,sarc_linear_dq8ca_coopmat_zpgtr_t128x128k64g44s32mk32ra_texture3d_texture2d_half,2048,14336,4096,1.5359,156.599
4070ti,8b,8da4w,parent,sarc_linear_dq8ca_coopmat_zpgtr_t128x128k64g44s32mk32ra_texture3d_texture2d_half,2048,14336,4096,1.5349,156.698
4070ti,8b,8da4w,parent,sarc_linear_dq8ca_coopmat_zpgtr_t128x128k64g44s32mk32ra_texture3d_texture2d_half,2048,4096,14336,1.5125,159.025
4070ti,8b,8da4w,parent,sarc_linear_dq8ca_coopmat_zpgtr_t128x128k64g44s32mk32ra_texture3d_texture2d_half,2048,4096,4096,0.4402,156.115
4070ti,8b,8da4w,parent,sarc_linear_dq8ca_coopmat_zpgtr_t128x128k64g44s32mk32ra_texture3d_texture2d_half,2048,1024,4096,0.1138,151.006
4070ti,8b,8da4w,parent,sarc_linear_dq8ca_coopmat_zpgtr_t128x128k64g44s32mk32ra_texture3d_texture2d_half,2048,1024,4096,0.1116,153.98
4070ti,8b,8da4w,parent,sarc_linear_dq8ca_coopmat_zpgtr_t128x128k64g44s32mk32ra_texture3d_texture2d_half,2048,4096,4096,0.4404,156.028
4070ti,8b,8da4w,parent,sarc_linear_dq8ca_coopmat_zpgtr_t128x128k64g44s32mk32ra_texture3d_texture2d_half,2048,14336,4096,1.5349,156.698
4070ti,8b,8da4w,parent,sarc_linear_dq8ca_coopmat_zpgtr_t128x128k64g44s32mk32ra_texture3d_texture2d_half,2048,14336,4096,1.532,156.998
4070ti,8b,8da4w,parent,sarc_linear_dq8ca_coopmat_zpgtr_t128x128k64g44s32mk32ra_texture3d_texture2d_half,2048,4096,14336,1.5156,158.692
4070ti,8b,8da4w,parent,sarc_linear_dq8ca_coopmat_zpgtr_t128x128k64g44s32mk32ra_texture3d_texture2d_half,2048,4096,4096,0.4404,156.028
4070ti,8b,8da4w,parent,sarc_linear_dq8ca_coopmat_zpgtr_t128x128k64g44s32mk32ra_texture3d_texture2d_half,2048,1024,4096,0.1128,152.313
4070ti,8b,8da4w,parent,sarc_linear_dq8ca_coopmat_zpgtr_t128x128k64g44s32mk32ra_texture3d_texture2d_half,2048,1024,4096,0.1116,153.98
4070ti,8b,8da4w,parent,sarc_linear_dq8ca_coopmat_zpgtr_t128x128k64g44s32mk32ra_texture3d_texture2d_half,2048,4096,4096,0.4404,156.028
4070ti,8b,8da4w,parent,sarc_linear_dq8ca_coopmat_zpgtr_t128x128k64g44s32mk32ra_texture3d_texture2d_half,2048,14336,4096,1.5308,157.123
4070ti,8b,8da4w,parent,sarc_linear_dq8ca_coopmat_zpgtr_t128x128k64g44s32mk32ra_texture3d_texture2d_half,2048,14336,4096,1.5227,157.955
4070ti,8b,8da4w,parent,sarc_linear_dq8ca_coopmat_zpgtr_t128x128k64g44s32mk32ra_texture3d_texture2d_half,2048,4096,14336,1.5093,159.36
4070ti,8b,8da4w,parent,sarc_linear_dq8ca_coopmat_zpgtr_t128x128k64g44s32mk32ra_texture3d_texture2d_half,2048,4096,4096,0.4382,156.811
4070ti,8b,8da4w,parent,sarc_linear_dq8ca_coopmat_zpgtr_t128x128k64g44s32mk32ra_texture3d_texture2d_half,2048,1024,4096,0.1116,153.98
4070ti,8b,8da4w,parent,sarc_linear_dq8ca_coopmat_zpgtr_t128x128k64g44s32mk32ra_texture3d_texture2d_half,2048,1024,4096,0.1118,153.644
4070ti,8b,8da4w,parent,sarc_linear_dq8ca_coopmat_zpgtr_t128x128k64g44s32mk32ra_texture3d_texture2d_half,2048,4096,4096,0.4382,156.811
4070ti,8b,8da4w,parent,sarc_linear_dq8ca_coopmat_zpgtr_t128x128k64g44s32mk32ra_texture3d_texture2d_half,2048,14336,4096,1.5237,157.853
4070ti,8b,8da4w,parent,sarc_linear_dq8ca_coopmat_zpgtr_t128x128k64g44s32mk32ra_texture3d_texture2d_half,2048,14336,4096,1.5259,157.626
4070ti,8b,8da4w,parent,sarc_linear_dq8ca_coopmat_zpgtr_t128x128k64g44s32mk32ra_texture3d_texture2d_half,2048,4096,14336,1.5061,159.696
4070ti,8b,8da4w,parent,sarc_linear_dq8ca_coopmat_zpgtr_t128x128k64g44s32mk32ra_texture3d_texture2d_half,2048,4096,4096,0.4385,156.723
4070ti,8b,8da4w,parent,sarc_linear_dq8ca_coopmat_zpgtr_t128x128k64g44s32mk32ra_texture3d_texture2d_half,2048,1024,4096,0.1128,152.313
4070ti,8b,8da4w,parent,sarc_linear_dq8ca_coopmat_zpgtr_t128x128k64g44s32mk32ra_texture3d_texture2d_half,2048,1024,4096,0.1106,155.339
4070ti,8b,8da4w,parent,sarc_linear_dq8ca_coopmat_zpgtr_t128x128k64g44s32mk32ra_texture3d_texture2d_half,2048,4096,4096,0.4373,157.161
4070ti,8b,8da4w,parent,sarc_linear_dq8ca_coopmat_zpgtr_t128x128k64g44s32mk32ra_texture3d_texture2d_half,2048,14336,4096,1.5237,157.853
4070ti,8b,8da4w,parent,sarc_linear_dq8ca_coopmat_zpgtr_t128x128k64g44s32mk32ra_texture3d_texture2d_half,2048,14336,4096,1.5278,157.424
4070ti,8b,8da4w,parent,sarc_linear_dq8ca_coopmat_zpgtr_t128x128k64g44s32mk32ra_texture3d_texture2d_half,2048,4096,14336,1.5085,159.437
4070ti,8b,8da4w,parent,sarc_linear_dq8ca_coopmat_zpgtr_t128x128k64g44s32mk32ra_texture3d_texture2d_half,2048,4096,4096,0.4382,156.811
4070ti,8b,8da4w,parent,sarc_linear_dq8ca_coopmat_zpgtr_t128x128k64g44s32mk32ra_texture3d_texture2d_half,2048,1024,4096,0.1116,153.98
4070ti,8b,8da4w,parent,sarc_linear_dq8ca_coopmat_zpgtr_t128x128k64g44s32mk32ra_texture3d_texture2d_half,2048,1024,4096,0.1116,153.98
4070ti,8b,8da4w,parent,sarc_linear_dq8ca_coopmat_zpgtr_t128x128k64g44s32mk32ra_texture3d_texture2d_half,2048,4096,4096,0.4373,157.161
4070ti,8b,8da4w,parent,sarc_linear_dq8ca_coopmat_zpgtr_t128x128k64g44s32mk32ra_texture3d_texture2d_half,2048,14336,4096,1.5237,157.853
4070ti,8b,8da4w,parent,sarc_linear_dq8ca_coopmat_zpgtr_t128x128k64g44s32mk32ra_texture3d_texture2d_half,2048,14336,4096,1.5237,157.853
4070ti,8b,8da4w,parent,sarc_linear_dq8ca_coopmat_zpgtr_t128x128k64g44s32mk32ra_texture3d_texture2d_half,2048,4096,14336,1.5073,159.566
4070ti,8b,8da4w,parent,sarc_linear_dq8ca_coopmat_zpgtr_t128x128k64g44s32mk32ra_texture3d_texture2d_half,2048,4096,4096,0.4385,156.723
4070ti,8b,8da4w,parent,sarc_linear_dq8ca_coopmat_zpgtr_t128x128k64g44s32mk32ra_texture3d_texture2d_half,2048,1024,4096,0.1125,152.644
4070ti,8b,8da4w,parent,sarc_linear_dq8ca_coopmat_zpgtr_t128x128k64g44s32mk32ra_texture3d_texture2d_half,2048,1024,4096,0.1106,155.339
4070ti,8b,8da4w,parent,sarc_linear_dq8ca_coopmat_zpgtr_t128x128k64g44s32mk32ra_texture3d_texture2d_half,2048,4096,4096,0.4382,156.811
4070ti,8b,8da4w,parent,sarc_linear_dq8ca_coopmat_zpgtr_t128x128k64g44s32mk32ra_texture3d_texture2d_half,2048,14336,4096,1.5247,157.752
4070ti,8b,8da4w,parent,sarc_linear_dq8ca_coopmat_zpgtr_t128x128k64g44s32mk32ra_texture3d_texture2d_half,2048,14336,4096,1.5237,157.853
4070ti,8b,8da4w,parent,sarc_linear_dq8ca_coopmat_zpgtr_t128x128k64g44s32mk32ra_texture3d_texture2d_half,2048,4096,14336,1.5054,159.773
4070ti,8b,8da4w,parent,sarc_linear_dq8ca_coopmat_zpgtr_t128x128k64g44s32mk32ra_texture3d_texture2d_half,2048,4096,4096,0.4373,157.161
4070ti,8b,8da4w,parent,sarc_linear_dq8ca_coopmat_zpgtr_t128x128k64g44s32mk32ra_texture3d_texture2d_half,2048,1024,4096,0.1125,152.644
4070ti,8b,8da4w,parent,sarc_linear_dq8ca_coopmat_zpgtr_t128x128k64g44s32mk32ra_texture3d_texture2d_half,2048,1024,4096,0.1116,153.98
4070ti,8b,8da4w,parent,sarc_linear_dq8ca_coopmat_zpgtr_t128x128k64g44s32mk32ra_texture3d_texture2d_half,2048,4096,4096,0.4382,156.811
4070ti,8b,8da4w,parent,sarc_linear_dq8ca_coopmat_zpgtr_t128x128k64g44s32mk32ra_texture3d_texture2d_half,2048,14336,4096,1.5266,157.55
4070ti,8b,8da4w,parent,sarc_linear_dq8ca_coopmat_zpgtr_t128x128k64g44s32mk32ra_texture3d_texture2d_half,2048,14336,4096,1.5227,157.955
4070ti,8b,8da4w,parent,sarc_linear_dq8ca_coopmat_zpgtr_t128x128k64g44s32mk32ra_texture3d_texture2d_half,2048,4096,14336,1.5083,159.463
4070ti,8b,8da4w,parent,sarc_linear_dq8ca_coopmat_zpgtr_t128x128k64g44s32mk32ra_texture3d_texture2d_half,2048,4096,4096,0.4373,157.161
4070ti,8b,8da4w,parent,sarc_linear_dq8ca_coopmat_zpgtr_t128x128k64g44s32mk32ra_texture3d_texture2d_half,2048,1024,4096,0.1128,152.313
4070ti,8b,8da4w,parent,sarc_linear_dq8ca_coopmat_zpgtr_t128x128k64g44s32mk32ra_texture3d_texture2d_half,2048,1024,4096,0.1116,153.98
4070ti,8b,8da4w,parent,sarc_linear_dq8ca_coopmat_zpgtr_t128x128k64g44s32mk32ra_texture3d_texture2d_half,2048,4096,4096,0.4382,156.811
4070ti,8b,8da4w,parent,sarc_linear_dq8ca_coopmat_zpgtr_t128x128k64g44s32mk32ra_texture3d_texture2d_half,2048,14336,4096,1.5239,157.828
4070ti,8b,8da4w,parent,sarc_linear_dq8ca_coopmat_zpgtr_t128x128k64g44s32mk32ra_texture3d_texture2d_half,2048,14336,4096,1.5217,158.056
4070ti,8b,8da4w,parent,sarc_linear_dq8ca_coopmat_zpgtr_t128x128k64g44s32mk32ra_texture3d_texture2d_half,2048,4096,14336,1.5054,159.773
4070ti,8b,8da4w,parent,sarc_linear_dq8ca_coopmat_zpgtr_t128x128k64g44s32mk32ra_texture3d_texture2d_half,2048,4096,4096,0.4373,157.161
4070ti,8b,8da4w,parent,sarc_linear_dq8ca_coopmat_zpgtr_t128x128k64g44s32mk32ra_texture3d_texture2d_half,2048,1024,4096,0.1128,152.313
4070ti,8b,8da4w,parent,sarc_linear_dq8ca_coopmat_zpgtr_t128x128k64g44s32mk32ra_texture3d_texture2d_half,2048,1024,4096,0.1106,155.339
4070ti,8b,8da4w,parent,sarc_linear_dq8ca_coopmat_zpgtr_t128x128k64g44s32mk32ra_texture3d_texture2d_half,2048,4096,4096,0.4385,156.723
4070ti,8b,8da4w,parent,sarc_linear_dq8ca_coopmat_zpgtr_t128x128k64g44s32mk32ra_texture3d_texture2d_half,2048,14336,4096,1.5237,157.853
4070ti,8b,8da4w,parent,sarc_linear_dq8ca_coopmat_zpgtr_t128x128k64g44s32mk32ra_texture3d_texture2d_half,2048,14336,4096,1.5217,158.056
4070ti,8b,8da4w,parent,sarc_linear_dq8ca_coopmat_zpgtr_t128x128k64g44s32mk32ra_texture3d_texture2d_half,2048,4096,14336,1.5054,159.773
4070ti,8b,8da4w,parent,sarc_linear_dq8ca_coopmat_zpgtr_t128x128k64g44s32mk32ra_texture3d_texture2d_half,2048,4096,4096,0.4382,156.811
4070ti,8b,8da4w,parent,sarc_linear_dq8ca_coopmat_zpgtr_t128x128k64g44s32mk32ra_texture3d_texture2d_half,2048,1024,4096,0.1128,152.313
4070ti,8b,8da4w,parent,sarc_linear_dq8ca_coopmat_zpgtr_t128x128k64g44s32mk32ra_texture3d_texture2d_half,2048,1024,4096,0.1106,155.339
4070ti,8b,8da4w,parent,sarc_linear_dq8ca_coopmat_zpgtr_t128x128k64g44s32mk32ra_texture3d_texture2d_half,2048,4096,4096,0.4382,156.811
4070ti,8b,8da4w,parent,sarc_linear_dq8ca_coopmat_zpgtr_t128x128k64g44s32mk32ra_texture3d_texture2d_half,2048,14336,4096,1.5237,157.853
4070ti,8b,8da4w,parent,sarc_linear_dq8ca_coopmat_zpgtr_t128x128k64g44s32mk32ra_texture3d_texture2d_half,2048,14336,4096,1.5237,157.853
4070ti,8b,8da4w,parent,sarc_linear_dq8ca_coopmat_zpgtr_t128x128k64g44s32mk32ra_texture3d_texture2d_half,2048,4096,14336,1.5034,159.981
4070ti,8b,8da4w,parent,sarc_linear_dq8ca_coopmat_zpgtr_t128x128k64g44s32mk32ra_texture3d_texture2d_half,2048,4096,4096,0.4373,157.161
4070ti,8b,8da4w,parent,sarc_linear_dq8ca_coopmat_zpgtr_t128x128k64g44s32mk32ra_texture3d_texture2d_half,2048,1024,4096,0.1116,153.98
4070ti,8b,8da4w,parent,sarc_linear_dq8ca_coopmat_zpgtr_t128x128k64g44s32mk32ra_texture3d_texture2d_half,2048,1024,4096,0.1106,155.339
4070ti,8b,8da4w,parent,sarc_linear_dq8ca_coopmat_zpgtr_t128x128k64g44s32mk32ra_texture3d_texture2d_half,2048,4096,4096,0.4382,156.811
4070ti,8b,8da4w,parent,sarc_linear_dq8ca_coopmat_zpgtr_t128x128k64g44s32mk32ra_texture3d_texture2d_half,2048,14336,4096,1.5259,157.626
4070ti,8b,8da4w,parent,sarc_linear_dq8ca_coopmat_zpgtr_t128x128k64g44s32mk32ra_texture3d_texture2d_half,2048,14336,4096,1.5227,157.955
4070ti,8b,8da4w,parent,sarc_linear_dq8ca_coopmat_zpgtr_t128x128k64g44s32mk32ra_texture3d_texture2d_half,2048,4096,14336,1.5051,159.799
4070ti,8b,8da4w,parent,sarc_linear_dq8ca_coopmat_zpgtr_t128x128k64g44s32mk32ra_texture3d_texture2d_half,2048,4096,4096,0.4373,157.161
4070ti,8b,8da4w,parent,sarc_linear_dq8ca_coopmat_zpgtr_t128x128k64g44s32mk32ra_texture3d_texture2d_half,2048,1024,4096,0.1125,152.644
4070ti,8b,8da4w,parent,sarc_linear_dq8ca_coopmat_zpgtr_t128x128k64g44s32mk32ra_texture3d_texture2d_half,2048,1024,4096,0.1118,153.644
4070ti,8b,8da4w,parent,sarc_linear_dq8ca_coopmat_zpgtr_t128x128k64g44s32mk32ra_texture3d_texture2d_half,2048,4096,4096,0.4385,156.723
4070ti,8b,8da4w,parent,sarc_linear_dq8ca_coopmat_zpgtr_t128x128k64g44s32mk32ra_texture3d_texture2d_half,2048,14336,4096,1.5249,157.727
4070ti,8b,8da4w,parent,sarc_linear_dq8ca_coopmat_zpgtr_t128x128k64g44s32mk32ra_texture3d_texture2d_half,2048,14336,4096,1.5259,157.626
4070ti,8b,8da4w,parent,sarc_linear_dq8ca_coopmat_zpgtr_t128x128k64g44s32mk32ra_texture3d_texture2d_half,2048,4096,14336,1.5063,159.67
4070ti,8b,8da4w,parent,sarc_linear_dq8ca_coopmat_zpgtr_t128x128k64g44s32mk32ra_texture3d_texture2d_half,2048,4096,4096,0.4395,156.375
4070ti,8b,8da4w,parent,sarc_linear_dq8ca_coopmat_zpgtr_t128x128k64g44s32mk32ra_texture3d_texture2d_half,2048,1024,4096,0.1116,153.98
4070ti,8b,8da4w,parent,sarc_linear_dq8ca_coopmat_zpgtr_t128x128k64g44s32mk32ra_texture3d_texture2d_half,2048,1024,4096,0.1106,155.339
4070ti,8b,8da4w,parent,sarc_linear_dq8ca_coopmat_zpgtr_t128x128k64g44s32mk32ra_texture3d_texture2d_half,2048,4096,4096,0.4382,156.811
4070ti,8b,8da4w,parent,sarc_linear_dq8ca_coopmat_zpgtr_t128x128k64g44s32mk32ra_texture3d_texture2d_half,2048,14336,4096,1.5247,157.752
4070ti,8b,8da4w,parent,sarc_linear_dq8ca_coopmat_zpgtr_t128x128k64g44s32mk32ra_texture3d_texture2d_half,2048,14336,4096,1.5227,157.955
4070ti,8b,8da4w,parent,sarc_linear_dq8ca_coopmat_zpgtr_t128x128k64g44s32mk32ra_texture3d_texture2d_half,2048,4096,14336,1.5054,159.773
4070ti,8b,8da4w,parent,sarc_linear_dq8ca_coopmat_zpgtr_t128x128k64g44s32mk32ra_texture3d_texture2d_half,2048,4096,4096,0.4373,157.161
4070ti,8b,8da4w,parent,sarc_linear_dq8ca_coopmat_zpgtr_t128x128k64g44s32mk32ra_texture3d_texture2d_half,2048,1024,4096,0.1125,152.644
4070ti,8b,8da4w,parent,sarc_linear_dq8ca_coopmat_zpgtr_t128x128k64g44s32mk32ra_texture3d_texture2d_half,2048,1024,4096,0.1106,155.339
4070ti,8b,8da4w,parent,sarc_linear_dq8ca_coopmat_zpgtr_t128x128k64g44s32mk32ra_texture3d_texture2d_half,2048,4096,4096,0.4382,156.811
4070ti,8b,8da4w,parent,sarc_linear_dq8ca_coopmat_zpgtr_t128x128k64g44s32mk32ra_texture3d_texture2d_half,2048,14336,4096,1.5269,157.525
4070ti,8b,8da4w,parent,sarc_linear_dq8ca_coopmat_zpgtr_t128x128k64g44s32mk32ra_texture3d_texture2d_half,2048,14336,4096,1.5205,158.183
4070ti,8b,8da4w,parent,sarc_linear_dq8ca_coopmat_zpgtr_t128x128k64g44s32mk32ra_texture3d_texture2d_half,2048,4096,14336,1.5054,159.773
4070ti,8b,8da4w,parent,sarc_linear_dq8ca_coopmat_zpgtr_t128x128k64g44s32mk32ra_texture3d_texture2d_half,2048,4096,4096,0.4373,157.161
4070ti,8b,8da4w,parent,sarc_linear_dq8ca_coopmat_zpgtr_t128x128k64g44s32mk32ra_texture3d_texture2d_half,2048,1024,4096,0.1128,152.313
4070ti,8b,8da4w,parent,sarc_linear_dq8ca_coopmat_zpgtr_t128x128k64g44s32mk32ra_texture3d_texture2d_half,2048,1024,4096,0.1106,155.339
4070ti,8b,8da4w,parent,sarc_linear_dq8ca_coopmat_zpgtr_t128x128k64g44s32mk32ra_texture3d_texture2d_half,2048,4096,4096,0.4385,156.723
4070ti,8b,8da4w,parent,sarc_linear_dq8ca_coopmat_zpgtr_t128x128k64g44s32mk32ra_texture3d_texture2d_half,2048,14336,4096,1.5239,157.828
4070ti,8b,8da4w,parent,sarc_linear_dq8ca_coopmat_zpgtr_t128x128k64g44s32mk32ra_texture3d_texture2d_half,2048,14336,4096,1.5227,157.955
4070ti,8b,8da4w,parent,sarc_linear_dq8ca_coopmat_zpgtr_t128x128k64g44s32mk32ra_texture3d_texture2d_half,2048,4096,14336,1.5051,159.799
4070ti,8b,8da4w,parent,sarc_linear_dq8ca_coopmat_zpgtr_t128x128k64g44s32mk32ra_texture3d_texture2d_half,2048,4096,4096,0.4385,156.723
4070ti,8b,8da4w,parent,sarc_linear_dq8ca_coopmat_zpgtr_t128x128k64g44s32mk32ra_texture3d_texture2d_half,2048,1024,4096,0.1128,152.313
4070ti,8b,8da4w,parent,sarc_linear_dq8ca_coopmat_zpgtr_t128x128k64g44s32mk32ra_texture3d_texture2d_half,2048,1024,4096,0.1106,155.339
4070ti,8b,8da4w,parent,sarc_linear_dq8ca_coopmat_zpgtr_t128x128k64g44s32mk32ra_texture3d_texture2d_half,2048,4096,4096,0.4382,156.811
4070ti,8b,8da4w,parent,sarc_linear_dq8ca_coopmat_zpgtr_t128x128k64g44s32mk32ra_texture3d_texture2d_half,2048,14336,4096,1.5217,158.056
4070ti,8b,8da4w,parent,sarc_linear_dq8ca_coopmat_zpgtr_t128x128k64g44s32mk32ra_texture3d_texture2d_half,2048,14336,4096,1.5215,158.081
4070ti,8b,8da4w,parent,sarc_linear_dq8ca_coopmat_zpgtr_t128x128k64g44s32mk32ra_texture3d_texture2d_half,2048,4096,14336,1.5042,159.903
4070ti,8b,8da4w,parent,sarc_linear_dq8ca_coopmat_zpgtr_t128x128k64g44s32mk32ra_texture3d_texture2d_half,2048,4096,4096,0.4382,156.811
4070ti,8b,8da4w,parent,sarc_linear_dq8ca_coopmat_zpgtr_t128x128k64g44s32mk32ra_texture3d_texture2d_half,2048,1024,4096,0.1125,152.644
4070ti,8b,8da4w,parent,sarc_linear_dq8ca_coopmat_zpgtr_t128x128k64g44s32mk32ra_texture3d_texture2d_half,2048,1024,4096,0.1116,153.98
4070ti,8b,8da4w,parent,sarc_linear_dq8ca_coopmat_zpgtr_t128x128k64g44s32mk32ra_texture3d_texture2d_half,2048,4096,4096,0.4382,156.811
4070ti,8b,8da4w,parent,sarc_linear_dq8ca_coopmat_zpgtr_t128x128k64g44s32mk32ra_texture3d_texture2d_half,2048,14336,4096,1.5215,158.081
4070ti,8b,8da4w,parent,sarc_linear_dq8ca_coopmat_zpgtr_t128x128k64g44s32mk32ra_texture3d_texture2d_half,2048,14336,4096,1.5215,158.081
4070ti,8b,8da4w,parent,sarc_linear_dq8ca_coopmat_zpgtr_t128x128k64g44s32mk32ra_texture3d_texture2d_half,2048,4096,14336,1.5076,159.54
4070ti,8b,8da4w,parent,sarc_linear_dq8ca_coopmat_zpgtr_t128x128k64g44s32mk32ra_texture3d_texture2d_half,2048,4096,4096,0.4373,157.161
4070ti,8b,8da4w,parent,sarc_linear_dq8ca_coopmat_zpgtr_t128x128k64g44s32mk32ra_texture3d_texture2d_half,2048,1024,4096,0.1128,152.313
4070ti,8b,8da4w,parent,sarc_linear_dq8ca_coopmat_zpgtr_t128x128k64g44s32mk32ra_texture3d_texture2d_half,2048,1024,4096,0.1106,155.339
4070ti,8b,8da4w,parent,sarc_linear_dq8ca_coopmat_zpgtr_t128x128k64g44s32mk32ra_texture3d_texture2d_half,2048,4096,4096,0.4382,156.811
4070ti,8b,8da4w,parent,sarc_linear_dq8ca_coopmat_zpgtr_t128x128k64g44s32mk32ra_texture3d_texture2d_half,2048,14336,4096,1.5247,157.752
4070ti,8b,8da4w,parent,sarc_linear_dq8ca_coopmat_zpgtr_t128x128k64g44s32mk32ra_texture3d_texture2d_half,2048,14336,4096,1.533,156.898
4070ti,8b,8da4w,parent,sarc_linear_dq8ca_coopmat_zpgtr_t128x128k64g44s32mk32ra_texture3d_texture2d_half,2048,4096,14336,1.5137,158.897
4070ti,8b,8da4w,parent,sarc_linear_dq8ca_coopmat_zpgtr_t128x128k64g44s32mk32ra_texture3d_texture2d_half,2048,4096,4096,0.4404,156.028
4070ti,8b,8da4w,parent,sarc_linear_dq8ca_coopmat_zpgtr_t128x128k64g44s32mk32ra_texture3d_texture2d_half,2048,1024,4096,0.1135,151.331
4070ti,8b,8da4w,parent,sarc_linear_dq8ca_coopmat_zpgtr_t128x128k64g44s32mk32ra_texture3d_texture2d_half,2048,1024,4096,0.1116,153.98
4070ti,8b,8da4w,parent,sarc_linear_dq8ca_coopmat_zpgtr_t128x128k64g44s32mk32ra_texture3d_texture2d_half,2048,4096,4096,0.4392,156.462
4070ti,8b,8da4w,parent,sarc_linear_dq8ca_coopmat_zpgtr_t128x128k64g44s32mk32ra_texture3d_texture2d_half,2048,14336,4096,1.533,156.898
4070ti,8b,8da4w,parent,sarc_linear_dq8ca_coopmat_zpgtr_t128x128k64g44s32mk32ra_texture3d_texture2d_half,2048,14336,4096,1.531,157.098
4070ti,8b,8da4w,parent,sarc_linear_dq8ca_coopmat_zpgtr_t128x128k64g44s32mk32ra_texture3d_texture2d_half,2048,4096,14336,1.5134,158.923
