round,cand,model,op,M,N,K,kernel,dispatched,kernel_median_us,kernel_cov,utc
1,table,llama-3.1-8b,wq_wo,2048,4096,4096,sarc_linear_dq8ca_coopmat_zpg_t128x64k32g42s32_texture3d_texture2d_half,1,2752.76,0.0440126,2026-10-08T00:38:11Z
1,table,llama-3.1-8b,wk_wv,2048,1024,4096,sarc_linear_dq8ca_coopmat_zpg_t128x64k32g42s32_texture3d_texture2d_half,1,700,0.0378355,2026-10-08T00:38:11Z
1,table,llama-3.1-8b,w1_w3,2048,14336,4096,sarc_linear_dq8ca_coopmat_zpg_t128x64k32g42s32_texture3d_texture2d_half,1,9861.96,0.0250672,2026-10-08T00:38:11Z
1,table,llama-3.1-8b,w2,2048,4096,14336,sarc_linear_dq8ca_coopmat_zpg_t128x64k32g42s32_texture3d_texture2d_half,1,9743.24,0.0220591,2026-10-08T00:38:11Z
1,table,llama-3.2-3b,wq_wo,2048,3072,3072,sarc_linear_dq8ca_coopmat_zpg_t128x64k32g42s32_texture3d_texture2d_half,1,1578.28,0.0376943,2026-10-08T00:38:11Z
1,table,llama-3.2-3b,wk_wv,2048,1024,3072,sarc_linear_dq8ca_coopmat_zpg_t128x64k32g42s32_texture3d_texture2d_half,1,526.48,0.037002,2026-10-08T00:38:11Z
1,table,llama-3.2-3b,w1_w3,2048,8192,3072,sarc_linear_dq8ca_coopmat_zpg_t128x64k32g42s32_texture3d_texture2d_half,1,4174.14,0.0317311,2026-10-08T00:38:11Z
1,table,llama-3.2-3b,w2,2048,3072,8192,sarc_linear_dq8ca_coopmat_zpg_t128x64k32g42s32_texture3d_texture2d_half,1,4181.08,0.0311473,2026-10-08T00:38:11Z
1,table,llama-3.2-1b,wq_wo,2048,2048,2048,sarc_linear_dq8ca_coopmat_zpg_t128x64k32g42s32_texture3d_texture2d_half,1,704.96,0.040566,2026-10-08T00:38:11Z
1,table,llama-3.2-1b,wk_wv,2048,512,2048,sarc_linear_dq8ca_coopmat_zpg_t128x64k32g42s32_texture3d_texture2d_half,1,174.5,0.0431706,2026-10-08T00:38:11Z
1,table,llama-3.2-1b,w1_w3,2048,8192,2048,sarc_linear_dq8ca_coopmat_zpg_t128x64k32g42s32_texture3d_texture2d_half,1,2798.08,0.0360504,2026-10-08T00:38:11Z
1,table,llama-3.2-1b,w2,2048,2048,8192,sarc_linear_dq8ca_coopmat_zpg_t128x64k32g42s32_texture3d_texture2d_half,1,2798.44,0.0431966,2026-10-08T00:38:11Z
1,sarc_linear_dq8ca_coopmat_zpg_sweep_t128x128k32g22s32,llama-3.1-8b,wq_wo,2048,4096,4096,sarc_linear_dq8ca_coopmat_zpg_sweep_t128x128k32g22s32_texture3d_texture2d_half,1,3419.08,0.0378581,2026-10-08T00:38:54Z
1,sarc_linear_dq8ca_coopmat_zpg_sweep_t128x128k32g22s32,llama-3.1-8b,wk_wv,2048,1024,4096,sarc_linear_dq8ca_coopmat_zpg_sweep_t128x128k32g22s32_texture3d_texture2d_half,1,866.06,0.049142,2026-10-08T00:38:54Z
1,sarc_linear_dq8ca_coopmat_zpg_sweep_t128x128k32g22s32,llama-3.1-8b,w1_w3,2048,14336,4096,sarc_linear_dq8ca_coopmat_zpg_sweep_t128x128k32g22s32_texture3d_texture2d_half,1,12212,0.0318449,2026-10-08T00:38:54Z
1,sarc_linear_dq8ca_coopmat_zpg_sweep_t128x128k32g22s32,llama-3.1-8b,w2,2048,4096,14336,sarc_linear_dq8ca_coopmat_zpg_sweep_t128x128k32g22s32_texture3d_texture2d_half,1,12851.9,0.0138256,2026-10-08T00:38:54Z
1,sarc_linear_dq8ca_coopmat_zpg_sweep_t128x128k32g22s32,llama-3.2-3b,wq_wo,2048,3072,3072,sarc_linear_dq8ca_coopmat_zpg_sweep_t128x128k32g22s32_texture3d_texture2d_half,1,1946.36,0.04519,2026-10-08T00:38:54Z
1,sarc_linear_dq8ca_coopmat_zpg_sweep_t128x128k32g22s32,llama-3.2-3b,wk_wv,2048,1024,3072,sarc_linear_dq8ca_coopmat_zpg_sweep_t128x128k32g22s32_texture3d_texture2d_half,1,664.76,0.0444438,2026-10-08T00:38:54Z
1,sarc_linear_dq8ca_coopmat_zpg_sweep_t128x128k32g22s32,llama-3.2-3b,w1_w3,2048,8192,3072,sarc_linear_dq8ca_coopmat_zpg_sweep_t128x128k32g22s32_texture3d_texture2d_half,1,5230.68,0.0330913,2026-10-08T00:38:54Z
1,sarc_linear_dq8ca_coopmat_zpg_sweep_t128x128k32g22s32,llama-3.2-3b,w2,2048,3072,8192,sarc_linear_dq8ca_coopmat_zpg_sweep_t128x128k32g22s32_texture3d_texture2d_half,1,4829.36,0.0344791,2026-10-08T00:38:54Z
1,sarc_linear_dq8ca_coopmat_zpg_sweep_t128x128k32g22s32,llama-3.2-1b,wq_wo,2048,2048,2048,sarc_linear_dq8ca_coopmat_zpg_sweep_t128x128k32g22s32_texture3d_texture2d_half,1,877.58,0.0469816,2026-10-08T00:38:54Z
1,sarc_linear_dq8ca_coopmat_zpg_sweep_t128x128k32g22s32,llama-3.2-1b,wk_wv,2048,512,2048,sarc_linear_dq8ca_coopmat_zpg_sweep_t128x128k32g22s32_texture3d_texture2d_half,1,227.82,0.0457458,2026-10-08T00:38:54Z
1,sarc_linear_dq8ca_coopmat_zpg_sweep_t128x128k32g22s32,llama-3.2-1b,w1_w3,2048,8192,2048,sarc_linear_dq8ca_coopmat_zpg_sweep_t128x128k32g22s32_texture3d_texture2d_half,1,3409.84,0.0400682,2026-10-08T00:38:54Z
1,sarc_linear_dq8ca_coopmat_zpg_sweep_t128x128k32g22s32,llama-3.2-1b,w2,2048,2048,8192,sarc_linear_dq8ca_coopmat_zpg_sweep_t128x128k32g22s32_texture3d_texture2d_half,1,3302.14,0.0400837,2026-10-08T00:38:54Z
1,sarc_linear_dq8ca_coopmat_zpg_sweep_t128x128k32g24s32,llama-3.1-8b,wq_wo,2048,4096,4096,sarc_linear_dq8ca_coopmat_zpg_sweep_t128x128k32g24s32_texture3d_texture2d_half,1,3033.14,0.0385913,2026-10-08T00:39:36Z
1,sarc_linear_dq8ca_coopmat_zpg_sweep_t128x128k32g24s32,llama-3.1-8b,wk_wv,2048,1024,4096,sarc_linear_dq8ca_coopmat_zpg_sweep_t128x128k32g24s32_texture3d_texture2d_half,1,742.92,0.0352028,2026-10-08T00:39:36Z
1,sarc_linear_dq8ca_coopmat_zpg_sweep_t128x128k32g24s32,llama-3.1-8b,w1_w3,2048,14336,4096,sarc_linear_dq8ca_coopmat_zpg_sweep_t128x128k32g24s32_texture3d_texture2d_half,1,11096.9,0.0293748,2026-10-08T00:39:36Z
1,sarc_linear_dq8ca_coopmat_zpg_sweep_t128x128k32g24s32,llama-3.1-8b,w2,2048,4096,14336,sarc_linear_dq8ca_coopmat_zpg_sweep_t128x128k32g24s32_texture3d_texture2d_half,1,11016.8,0.0204428,2026-10-08T00:39:36Z
1,sarc_linear_dq8ca_coopmat_zpg_sweep_t128x128k32g24s32,llama-3.2-3b,wq_wo,2048,3072,3072,sarc_linear_dq8ca_coopmat_zpg_sweep_t128x128k32g24s32_texture3d_texture2d_half,1,1716.02,0.0352567,2026-10-08T00:39:36Z
1,sarc_linear_dq8ca_coopmat_zpg_sweep_t128x128k32g24s32,llama-3.2-3b,wk_wv,2048,1024,3072,sarc_linear_dq8ca_coopmat_zpg_sweep_t128x128k32g24s32_texture3d_texture2d_half,1,557.8,0.034682,2026-10-08T00:39:36Z
1,sarc_linear_dq8ca_coopmat_zpg_sweep_t128x128k32g24s32,llama-3.2-3b,w1_w3,2048,8192,3072,sarc_linear_dq8ca_coopmat_zpg_sweep_t128x128k32g24s32_texture3d_texture2d_half,1,4621.16,0.0278808,2026-10-08T00:39:36Z
1,sarc_linear_dq8ca_coopmat_zpg_sweep_t128x128k32g24s32,llama-3.2-3b,w2,2048,3072,8192,sarc_linear_dq8ca_coopmat_zpg_sweep_t128x128k32g24s32_texture3d_texture2d_half,1,4595.88,0.027883,2026-10-08T00:39:36Z
1,sarc_linear_dq8ca_coopmat_zpg_sweep_t128x128k32g24s32,llama-3.2-1b,wq_wo,2048,2048,2048,sarc_linear_dq8ca_coopmat_zpg_sweep_t128x128k32g24s32_texture3d_texture2d_half,1,754.48,0.0355493,2026-10-08T00:39:36Z
1,sarc_linear_dq8ca_coopmat_zpg_sweep_t128x128k32g24s32,llama-3.2-1b,wk_wv,2048,512,2048,sarc_linear_dq8ca_coopmat_zpg_sweep_t128x128k32g24s32_texture3d_texture2d_half,1,181.34,0.0405455,2026-10-08T00:39:36Z
1,sarc_linear_dq8ca_coopmat_zpg_sweep_t128x128k32g24s32,llama-3.2-1b,w1_w3,2048,8192,2048,sarc_linear_dq8ca_coopmat_zpg_sweep_t128x128k32g24s32_texture3d_texture2d_half,1,3094.48,0.0318456,2026-10-08T00:39:36Z
1,sarc_linear_dq8ca_coopmat_zpg_sweep_t128x128k32g24s32,llama-3.2-1b,w2,2048,2048,8192,sarc_linear_dq8ca_coopmat_zpg_sweep_t128x128k32g24s32_texture3d_texture2d_half,1,3046.82,0.0378882,2026-10-08T00:39:36Z
1,sarc_linear_dq8ca_coopmat_zpg_sweep_t128x128k32g42s32,llama-3.1-8b,wq_wo,2048,4096,4096,sarc_linear_dq8ca_coopmat_zpg_sweep_t128x128k32g42s32_texture3d_texture2d_half,1,3064.54,0.0362862,2026-10-08T00:40:19Z
1,sarc_linear_dq8ca_coopmat_zpg_sweep_t128x128k32g42s32,llama-3.1-8b,wk_wv,2048,1024,4096,sarc_linear_dq8ca_coopmat_zpg_sweep_t128x128k32g42s32_texture3d_texture2d_half,1,747.56,0.0380683,2026-10-08T00:40:19Z
1,sarc_linear_dq8ca_coopmat_zpg_sweep_t128x128k32g42s32,llama-3.1-8b,w1_w3,2048,14336,4096,sarc_linear_dq8ca_coopmat_zpg_sweep_t128x128k32g42s32_texture3d_texture2d_half,1,11163.4,0.0216661,2026-10-08T00:40:19Z
1,sarc_linear_dq8ca_coopmat_zpg_sweep_t128x128k32g42s32,llama-3.1-8b,w2,2048,4096,14336,sarc_linear_dq8ca_coopmat_zpg_sweep_t128x128k32g42s32_texture3d_texture2d_half,1,11073.5,0.0203353,2026-10-08T00:40:19Z
1,sarc_linear_dq8ca_coopmat_zpg_sweep_t128x128k32g42s32,llama-3.2-3b,wq_wo,2048,3072,3072,sarc_linear_dq8ca_coopmat_zpg_sweep_t128x128k32g42s32_texture3d_texture2d_half,1,1730.22,0.0351852,2026-10-08T00:40:19Z
1,sarc_linear_dq8ca_coopmat_zpg_sweep_t128x128k32g42s32,llama-3.2-3b,wk_wv,2048,1024,3072,sarc_linear_dq8ca_coopmat_zpg_sweep_t128x128k32g42s32_texture3d_texture2d_half,1,559.88,0.0374321,2026-10-08T00:40:19Z
1,sarc_linear_dq8ca_coopmat_zpg_sweep_t128x128k32g42s32,llama-3.2-3b,w1_w3,2048,8192,3072,sarc_linear_dq8ca_coopmat_zpg_sweep_t128x128k32g42s32_texture3d_texture2d_half,1,4641.44,0.0293664,2026-10-08T00:40:19Z
1,sarc_linear_dq8ca_coopmat_zpg_sweep_t128x128k32g42s32,llama-3.2-3b,w2,2048,3072,8192,sarc_linear_dq8ca_coopmat_zpg_sweep_t128x128k32g42s32_texture3d_texture2d_half,1,4623.52,0.0281562,2026-10-08T00:40:19Z
1,sarc_linear_dq8ca_coopmat_zpg_sweep_t128x128k32g42s32,llama-3.2-1b,wq_wo,2048,2048,2048,sarc_linear_dq8ca_coopmat_zpg_sweep_t128x128k32g42s32_texture3d_texture2d_half,1,757.76,0.0354237,2026-10-08T00:40:19Z
1,sarc_linear_dq8ca_coopmat_zpg_sweep_t128x128k32g42s32,llama-3.2-1b,wk_wv,2048,512,2048,sarc_linear_dq8ca_coopmat_zpg_sweep_t128x128k32g42s32_texture3d_texture2d_half,1,182.22,0.0412331,2026-10-08T00:40:19Z
1,sarc_linear_dq8ca_coopmat_zpg_sweep_t128x128k32g42s32,llama-3.2-1b,w1_w3,2048,8192,2048,sarc_linear_dq8ca_coopmat_zpg_sweep_t128x128k32g42s32_texture3d_texture2d_half,1,3112.5,0.0313994,2026-10-08T00:40:19Z
1,sarc_linear_dq8ca_coopmat_zpg_sweep_t128x128k32g42s32,llama-3.2-1b,w2,2048,2048,8192,sarc_linear_dq8ca_coopmat_zpg_sweep_t128x128k32g42s32_texture3d_texture2d_half,1,3080.26,0.0307983,2026-10-08T00:40:19Z
1,sarc_linear_dq8ca_coopmat_zpg_sweep_t128x32k32g22s32,llama-3.1-8b,wq_wo,2048,4096,4096,sarc_linear_dq8ca_coopmat_zpg_sweep_t128x32k32g22s32_texture3d_texture2d_half,1,2611.12,0.0444827,2026-10-08T00:41:02Z
1,sarc_linear_dq8ca_coopmat_zpg_sweep_t128x32k32g22s32,llama-3.1-8b,wk_wv,2048,1024,4096,sarc_linear_dq8ca_coopmat_zpg_sweep_t128x32k32g22s32_texture3d_texture2d_half,1,684.4,0.0442937,2026-10-08T00:41:02Z
1,sarc_linear_dq8ca_coopmat_zpg_sweep_t128x32k32g22s32,llama-3.1-8b,w1_w3,2048,14336,4096,sarc_linear_dq8ca_coopmat_zpg_sweep_t128x32k32g22s32_texture3d_texture2d_half,1,9553.2,0.0332694,2026-10-08T00:41:02Z
1,sarc_linear_dq8ca_coopmat_zpg_sweep_t128x32k32g22s32,llama-3.1-8b,w2,2048,4096,14336,sarc_linear_dq8ca_coopmat_zpg_sweep_t128x32k32g22s32_texture3d_texture2d_half,1,9392.58,0.0270112,2026-10-08T00:41:02Z
1,sarc_linear_dq8ca_coopmat_zpg_sweep_t128x32k32g22s32,llama-3.2-3b,wq_wo,2048,3072,3072,sarc_linear_dq8ca_coopmat_zpg_sweep_t128x32k32g22s32_texture3d_texture2d_half,1,1514.48,0.0438298,2026-10-08T00:41:02Z
1,sarc_linear_dq8ca_coopmat_zpg_sweep_t128x32k32g22s32,llama-3.2-3b,wk_wv,2048,1024,3072,sarc_linear_dq8ca_coopmat_zpg_sweep_t128x32k32g22s32_texture3d_texture2d_half,1,512.44,0.0412968,2026-10-08T00:41:02Z
1,sarc_linear_dq8ca_coopmat_zpg_sweep_t128x32k32g22s32,llama-3.2-3b,w1_w3,2048,8192,3072,sarc_linear_dq8ca_coopmat_zpg_sweep_t128x32k32g22s32_texture3d_texture2d_half,1,4011.4,0.0356054,2026-10-08T00:41:02Z
1,sarc_linear_dq8ca_coopmat_zpg_sweep_t128x32k32g22s32,llama-3.2-3b,w2,2048,3072,8192,sarc_linear_dq8ca_coopmat_zpg_sweep_t128x32k32g22s32_texture3d_texture2d_half,1,3998.96,0.0328234,2026-10-08T00:41:02Z
1,sarc_linear_dq8ca_coopmat_zpg_sweep_t128x32k32g22s32,llama-3.2-1b,wq_wo,2048,2048,2048,sarc_linear_dq8ca_coopmat_zpg_sweep_t128x32k32g22s32_texture3d_texture2d_half,1,678.28,0.043779,2026-10-08T00:41:02Z
1,sarc_linear_dq8ca_coopmat_zpg_sweep_t128x32k32g22s32,llama-3.2-1b,wk_wv,2048,512,2048,sarc_linear_dq8ca_coopmat_zpg_sweep_t128x32k32g22s32_texture3d_texture2d_half,1,167.54,0.046328,2026-10-08T00:41:02Z
1,sarc_linear_dq8ca_coopmat_zpg_sweep_t128x32k32g22s32,llama-3.2-1b,w1_w3,2048,8192,2048,sarc_linear_dq8ca_coopmat_zpg_sweep_t128x32k32g22s32_texture3d_texture2d_half,1,2689.68,0.040807,2026-10-08T00:41:02Z
1,sarc_linear_dq8ca_coopmat_zpg_sweep_t128x32k32g22s32,llama-3.2-1b,w2,2048,2048,8192,sarc_linear_dq8ca_coopmat_zpg_sweep_t128x32k32g22s32_texture3d_texture2d_half,1,2686.3,0.0403305,2026-10-08T00:41:02Z
1,sarc_linear_dq8ca_coopmat_zpg_sweep_t128x64k32g12s32,llama-3.1-8b,wq_wo,2048,4096,4096,sarc_linear_dq8ca_coopmat_zpg_sweep_t128x64k32g12s32_texture3d_texture2d_half,1,3526.04,0.0423798,2026-10-08T00:41:46Z
1,sarc_linear_dq8ca_coopmat_zpg_sweep_t128x64k32g12s32,llama-3.1-8b,wk_wv,2048,1024,4096,sarc_linear_dq8ca_coopmat_zpg_sweep_t128x64k32g12s32_texture3d_texture2d_half,1,916.42,0.0471727,2026-10-08T00:41:46Z
1,sarc_linear_dq8ca_coopmat_zpg_sweep_t128x64k32g12s32,llama-3.1-8b,w1_w3,2048,14336,4096,sarc_linear_dq8ca_coopmat_zpg_sweep_t128x64k32g12s32_texture3d_texture2d_half,1,13384.5,0.0304392,2026-10-08T00:41:46Z
1,sarc_linear_dq8ca_coopmat_zpg_sweep_t128x64k32g12s32,llama-3.1-8b,w2,2048,4096,14336,sarc_linear_dq8ca_coopmat_zpg_sweep_t128x64k32g12s32_texture3d_texture2d_half,1,12869.1,0.0113405,2026-10-08T00:41:46Z
1,sarc_linear_dq8ca_coopmat_zpg_sweep_t128x64k32g12s32,llama-3.2-3b,wq_wo,2048,3072,3072,sarc_linear_dq8ca_coopmat_zpg_sweep_t128x64k32g12s32_texture3d_texture2d_half,1,2005.42,0.0444451,2026-10-08T00:41:46Z
1,sarc_linear_dq8ca_coopmat_zpg_sweep_t128x64k32g12s32,llama-3.2-3b,wk_wv,2048,1024,3072,sarc_linear_dq8ca_coopmat_zpg_sweep_t128x64k32g12s32_texture3d_texture2d_half,1,684.36,0.0444055,2026-10-08T00:41:46Z
1,sarc_linear_dq8ca_coopmat_zpg_sweep_t128x64k32g12s32,llama-3.2-3b,w1_w3,2048,8192,3072,sarc_linear_dq8ca_coopmat_zpg_sweep_t128x64k32g12s32_texture3d_texture2d_half,1,5360.72,0.0343192,2026-10-08T00:41:46Z
1,sarc_linear_dq8ca_coopmat_zpg_sweep_t128x64k32g12s32,llama-3.2-3b,w2,2048,3072,8192,sarc_linear_dq8ca_coopmat_zpg_sweep_t128x64k32g12s32_texture3d_texture2d_half,1,5247.76,0.031668,2026-10-08T00:41:46Z
1,sarc_linear_dq8ca_coopmat_zpg_sweep_t128x64k32g12s32,llama-3.2-1b,wq_wo,2048,2048,2048,sarc_linear_dq8ca_coopmat_zpg_sweep_t128x64k32g12s32_texture3d_texture2d_half,1,902.32,0.044162,2026-10-08T00:41:46Z
1,sarc_linear_dq8ca_coopmat_zpg_sweep_t128x64k32g12s32,llama-3.2-1b,wk_wv,2048,512,2048,sarc_linear_dq8ca_coopmat_zpg_sweep_t128x64k32g12s32_texture3d_texture2d_half,1,255.2,0.0394406,2026-10-08T00:41:46Z
1,sarc_linear_dq8ca_coopmat_zpg_sweep_t128x64k32g12s32,llama-3.2-1b,w1_w3,2048,8192,2048,sarc_linear_dq8ca_coopmat_zpg_sweep_t128x64k32g12s32_texture3d_texture2d_half,1,3539.88,0.039285,2026-10-08T00:41:46Z
1,sarc_linear_dq8ca_coopmat_zpg_sweep_t128x64k32g12s32,llama-3.2-1b,w2,2048,2048,8192,sarc_linear_dq8ca_coopmat_zpg_sweep_t128x64k32g12s32_texture3d_texture2d_half,1,3611.72,0.0332875,2026-10-08T00:41:46Z
1,sarc_linear_dq8ca_coopmat_zpg_sweep_t128x64k32g21s32,llama-3.1-8b,wq_wo,2048,4096,4096,sarc_linear_dq8ca_coopmat_zpg_sweep_t128x64k32g21s32_texture3d_texture2d_half,1,3415.56,0.0451122,2026-10-08T00:42:34Z
1,sarc_linear_dq8ca_coopmat_zpg_sweep_t128x64k32g21s32,llama-3.1-8b,wk_wv,2048,1024,4096,sarc_linear_dq8ca_coopmat_zpg_sweep_t128x64k32g21s32_texture3d_texture2d_half,1,907.96,0.0518759,2026-10-08T00:42:34Z
1,sarc_linear_dq8ca_coopmat_zpg_sweep_t128x64k32g21s32,llama-3.1-8b,w1_w3,2048,14336,4096,sarc_linear_dq8ca_coopmat_zpg_sweep_t128x64k32g21s32_texture3d_texture2d_half,1,12745.7,0.0375595,2026-10-08T00:42:34Z
1,sarc_linear_dq8ca_coopmat_zpg_sweep_t128x64k32g21s32,llama-3.1-8b,w2,2048,4096,14336,sarc_linear_dq8ca_coopmat_zpg_sweep_t128x64k32g21s32_texture3d_texture2d_half,1,12694.5,0.0227846,2026-10-08T00:42:34Z
1,sarc_linear_dq8ca_coopmat_zpg_sweep_t128x64k32g21s32,llama-3.2-3b,wq_wo,2048,3072,3072,sarc_linear_dq8ca_coopmat_zpg_sweep_t128x64k32g21s32_texture3d_texture2d_half,1,1995.96,0.0501924,2026-10-08T00:42:34Z
1,sarc_linear_dq8ca_coopmat_zpg_sweep_t128x64k32g21s32,llama-3.2-3b,wk_wv,2048,1024,3072,sarc_linear_dq8ca_coopmat_zpg_sweep_t128x64k32g21s32_texture3d_texture2d_half,1,693.42,0.047048,2026-10-08T00:42:34Z
1,sarc_linear_dq8ca_coopmat_zpg_sweep_t128x64k32g21s32,llama-3.2-3b,w1_w3,2048,8192,3072,sarc_linear_dq8ca_coopmat_zpg_sweep_t128x64k32g21s32_texture3d_texture2d_half,1,5229.8,0.0383673,2026-10-08T00:42:34Z
1,sarc_linear_dq8ca_coopmat_zpg_sweep_t128x64k32g21s32,llama-3.2-3b,w2,2048,3072,8192,sarc_linear_dq8ca_coopmat_zpg_sweep_t128x64k32g21s32_texture3d_texture2d_half,1,4977.92,0.0366937,2026-10-08T00:42:34Z
1,sarc_linear_dq8ca_coopmat_zpg_sweep_t128x64k32g21s32,llama-3.2-1b,wq_wo,2048,2048,2048,sarc_linear_dq8ca_coopmat_zpg_sweep_t128x64k32g21s32_texture3d_texture2d_half,1,885.36,0.0520038,2026-10-08T00:42:34Z
1,sarc_linear_dq8ca_coopmat_zpg_sweep_t128x64k32g21s32,llama-3.2-1b,wk_wv,2048,512,2048,sarc_linear_dq8ca_coopmat_zpg_sweep_t128x64k32g21s32_texture3d_texture2d_half,1,234.52,0.0477222,2026-10-08T00:42:34Z
1,sarc_linear_dq8ca_coopmat_zpg_sweep_t128x64k32g21s32,llama-3.2-1b,w1_w3,2048,8192,2048,sarc_linear_dq8ca_coopmat_zpg_sweep_t128x64k32g21s32_texture3d_texture2d_half,1,3460.32,0.0449909,2026-10-08T00:42:34Z
1,sarc_linear_dq8ca_coopmat_zpg_sweep_t128x64k32g21s32,llama-3.2-1b,w2,2048,2048,8192,sarc_linear_dq8ca_coopmat_zpg_sweep_t128x64k32g21s32_texture3d_texture2d_half,1,3349.78,0.0433248,2026-10-08T00:42:34Z
1,sarc_linear_dq8ca_coopmat_zpg_sweep_t128x64k32g22s32,llama-3.1-8b,wq_wo,2048,4096,4096,sarc_linear_dq8ca_coopmat_zpg_sweep_t128x64k32g22s32_texture3d_texture2d_half,1,2757.04,0.0394817,2026-10-08T00:43:22Z
1,sarc_linear_dq8ca_coopmat_zpg_sweep_t128x64k32g22s32,llama-3.1-8b,wk_wv,2048,1024,4096,sarc_linear_dq8ca_coopmat_zpg_sweep_t128x64k32g22s32_texture3d_texture2d_half,1,698.08,0.0371961,2026-10-08T00:43:22Z
1,sarc_linear_dq8ca_coopmat_zpg_sweep_t128x64k32g22s32,llama-3.1-8b,w1_w3,2048,14336,4096,sarc_linear_dq8ca_coopmat_zpg_sweep_t128x64k32g22s32_texture3d_texture2d_half,1,9884.72,0.0289671,2026-10-08T00:43:22Z
1,sarc_linear_dq8ca_coopmat_zpg_sweep_t128x64k32g22s32,llama-3.1-8b,w2,2048,4096,14336,sarc_linear_dq8ca_coopmat_zpg_sweep_t128x64k32g22s32_texture3d_texture2d_half,1,10013.8,0.0199171,2026-10-08T00:43:22Z
1,sarc_linear_dq8ca_coopmat_zpg_sweep_t128x64k32g22s32,llama-3.2-3b,wq_wo,2048,3072,3072,sarc_linear_dq8ca_coopmat_zpg_sweep_t128x64k32g22s32_texture3d_texture2d_half,1,1568.08,0.0360018,2026-10-08T00:43:22Z
1,sarc_linear_dq8ca_coopmat_zpg_sweep_t128x64k32g22s32,llama-3.2-3b,wk_wv,2048,1024,3072,sarc_linear_dq8ca_coopmat_zpg_sweep_t128x64k32g22s32_texture3d_texture2d_half,1,523.68,0.0351015,2026-10-08T00:43:22Z
1,sarc_linear_dq8ca_coopmat_zpg_sweep_t128x64k32g22s32,llama-3.2-3b,w1_w3,2048,8192,3072,sarc_linear_dq8ca_coopmat_zpg_sweep_t128x64k32g22s32_texture3d_texture2d_half,1,4159.08,0.0289219,2026-10-08T00:43:22Z
1,sarc_linear_dq8ca_coopmat_zpg_sweep_t128x64k32g22s32,llama-3.2-3b,w2,2048,3072,8192,sarc_linear_dq8ca_coopmat_zpg_sweep_t128x64k32g22s32_texture3d_texture2d_half,1,4175.64,0.0255807,2026-10-08T00:43:22Z
1,sarc_linear_dq8ca_coopmat_zpg_sweep_t128x64k32g22s32,llama-3.2-1b,wq_wo,2048,2048,2048,sarc_linear_dq8ca_coopmat_zpg_sweep_t128x64k32g22s32_texture3d_texture2d_half,1,700.32,0.037261,2026-10-08T00:43:22Z
1,sarc_linear_dq8ca_coopmat_zpg_sweep_t128x64k32g22s32,llama-3.2-1b,wk_wv,2048,512,2048,sarc_linear_dq8ca_coopmat_zpg_sweep_t128x64k32g22s32_texture3d_texture2d_half,1,171.14,0.0429633,2026-10-08T00:43:22Z
1,sarc_linear_dq8ca_coopmat_zpg_sweep_t128x64k32g22s32,llama-3.2-1b,w1_w3,2048,8192,2048,sarc_linear_dq8ca_coopmat_zpg_sweep_t128x64k32g22s32_texture3d_texture2d_half,1,2781.08,0.0329499,2026-10-08T00:43:22Z
1,sarc_linear_dq8ca_coopmat_zpg_sweep_t128x64k32g22s32,llama-3.2-1b,w2,2048,2048,8192,sarc_linear_dq8ca_coopmat_zpg_sweep_t128x64k32g22s32_texture3d_texture2d_half,1,2826.3,0.0337424,2026-10-08T00:43:22Z
1,sarc_linear_dq8ca_coopmat_zpg_sweep_t128x64k32g24s32,llama-3.1-8b,wq_wo,2048,4096,4096,sarc_linear_dq8ca_coopmat_zpg_sweep_t128x64k32g24s32_texture3d_texture2d_half,1,2681.42,0.0390096,2026-10-08T00:44:05Z
1,sarc_linear_dq8ca_coopmat_zpg_sweep_t128x64k32g24s32,llama-3.1-8b,wk_wv,2048,1024,4096,sarc_linear_dq8ca_coopmat_zpg_sweep_t128x64k32g24s32_texture3d_texture2d_half,1,680.44,0.0439695,2026-10-08T00:44:05Z
1,sarc_linear_dq8ca_coopmat_zpg_sweep_t128x64k32g24s32,llama-3.1-8b,w1_w3,2048,14336,4096,sarc_linear_dq8ca_coopmat_zpg_sweep_t128x64k32g24s32_texture3d_texture2d_half,1,9551.56,0.0341155,2026-10-08T00:44:05Z
1,sarc_linear_dq8ca_coopmat_zpg_sweep_t128x64k32g24s32,llama-3.1-8b,w2,2048,4096,14336,sarc_linear_dq8ca_coopmat_zpg_sweep_t128x64k32g24s32_texture3d_texture2d_half,1,9456.44,0.0202111,2026-10-08T00:44:05Z
1,sarc_linear_dq8ca_coopmat_zpg_sweep_t128x64k32g24s32,llama-3.2-3b,wq_wo,2048,3072,3072,sarc_linear_dq8ca_coopmat_zpg_sweep_t128x64k32g24s32_texture3d_texture2d_half,1,1520.84,0.0384438,2026-10-08T00:44:05Z
1,sarc_linear_dq8ca_coopmat_zpg_sweep_t128x64k32g24s32,llama-3.2-3b,wk_wv,2048,1024,3072,sarc_linear_dq8ca_coopmat_zpg_sweep_t128x64k32g24s32_texture3d_texture2d_half,1,513.72,0.0371229,2026-10-08T00:44:05Z
1,sarc_linear_dq8ca_coopmat_zpg_sweep_t128x64k32g24s32,llama-3.2-3b,w1_w3,2048,8192,3072,sarc_linear_dq8ca_coopmat_zpg_sweep_t128x64k32g24s32_texture3d_texture2d_half,1,4032.84,0.029964,2026-10-08T00:44:05Z
1,sarc_linear_dq8ca_coopmat_zpg_sweep_t128x64k32g24s32,llama-3.2-3b,w2,2048,3072,8192,sarc_linear_dq8ca_coopmat_zpg_sweep_t128x64k32g24s32_texture3d_texture2d_half,1,4036.48,0.0278579,2026-10-08T00:44:05Z
1,sarc_linear_dq8ca_coopmat_zpg_sweep_t128x64k32g24s32,llama-3.2-1b,wq_wo,2048,2048,2048,sarc_linear_dq8ca_coopmat_zpg_sweep_t128x64k32g24s32_texture3d_texture2d_half,1,682.56,0.0405379,2026-10-08T00:44:05Z
1,sarc_linear_dq8ca_coopmat_zpg_sweep_t128x64k32g24s32,llama-3.2-1b,wk_wv,2048,512,2048,sarc_linear_dq8ca_coopmat_zpg_sweep_t128x64k32g24s32_texture3d_texture2d_half,1,170.28,0.0461462,2026-10-08T00:44:05Z
1,sarc_linear_dq8ca_coopmat_zpg_sweep_t128x64k32g24s32,llama-3.2-1b,w1_w3,2048,8192,2048,sarc_linear_dq8ca_coopmat_zpg_sweep_t128x64k32g24s32_texture3d_texture2d_half,1,2706.62,0.0347445,2026-10-08T00:44:05Z
1,sarc_linear_dq8ca_coopmat_zpg_sweep_t128x64k32g24s32,llama-3.2-1b,w2,2048,2048,8192,sarc_linear_dq8ca_coopmat_zpg_sweep_t128x64k32g24s32_texture3d_texture2d_half,1,2711.14,0.0387879,2026-10-08T00:44:05Z
1,sarc_linear_dq8ca_coopmat_zpg_sweep_t128x64k64g22s32,llama-3.1-8b,wq_wo,2048,4096,4096,sarc_linear_dq8ca_coopmat_zpg_sweep_t128x64k64g22s32_texture3d_texture2d_half,1,2600.24,0.0416002,2026-10-08T00:44:48Z
1,sarc_linear_dq8ca_coopmat_zpg_sweep_t128x64k64g22s32,llama-3.1-8b,wk_wv,2048,1024,4096,sarc_linear_dq8ca_coopmat_zpg_sweep_t128x64k64g22s32_texture3d_texture2d_half,1,664.98,0.0384518,2026-10-08T00:44:48Z
1,sarc_linear_dq8ca_coopmat_zpg_sweep_t128x64k64g22s32,llama-3.1-8b,w1_w3,2048,14336,4096,sarc_linear_dq8ca_coopmat_zpg_sweep_t128x64k64g22s32_texture3d_texture2d_half,1,9393.06,0.0290562,2026-10-08T00:44:48Z
1,sarc_linear_dq8ca_coopmat_zpg_sweep_t128x64k64g22s32,llama-3.1-8b,w2,2048,4096,14336,sarc_linear_dq8ca_coopmat_zpg_sweep_t128x64k64g22s32_texture3d_texture2d_half,1,9283.64,0.0227881,2026-10-08T00:44:48Z
1,sarc_linear_dq8ca_coopmat_zpg_sweep_t128x64k64g22s32,llama-3.2-3b,wq_wo,2048,3072,3072,sarc_linear_dq8ca_coopmat_zpg_sweep_t128x64k64g22s32_texture3d_texture2d_half,1,1485.6,0.0380426,2026-10-08T00:44:48Z
1,sarc_linear_dq8ca_coopmat_zpg_sweep_t128x64k64g22s32,llama-3.2-3b,wk_wv,2048,1024,3072,sarc_linear_dq8ca_coopmat_zpg_sweep_t128x64k64g22s32_texture3d_texture2d_half,1,500.92,0.0377208,2026-10-08T00:44:48Z
1,sarc_linear_dq8ca_coopmat_zpg_sweep_t128x64k64g22s32,llama-3.2-3b,w1_w3,2048,8192,3072,sarc_linear_dq8ca_coopmat_zpg_sweep_t128x64k64g22s32_texture3d_texture2d_half,1,3948.4,0.0304357,2026-10-08T00:44:48Z
1,sarc_linear_dq8ca_coopmat_zpg_sweep_t128x64k64g22s32,llama-3.2-3b,w2,2048,3072,8192,sarc_linear_dq8ca_coopmat_zpg_sweep_t128x64k64g22s32_texture3d_texture2d_half,1,3951.16,0.0256072,2026-10-08T00:44:48Z
1,sarc_linear_dq8ca_coopmat_zpg_sweep_t128x64k64g22s32,llama-3.2-1b,wq_wo,2048,2048,2048,sarc_linear_dq8ca_coopmat_zpg_sweep_t128x64k64g22s32_texture3d_texture2d_half,1,667.56,0.03885,2026-10-08T00:44:48Z
1,sarc_linear_dq8ca_coopmat_zpg_sweep_t128x64k64g22s32,llama-3.2-1b,wk_wv,2048,512,2048,sarc_linear_dq8ca_coopmat_zpg_sweep_t128x64k64g22s32_texture3d_texture2d_half,1,165.98,0.0436099,2026-10-08T00:44:48Z
1,sarc_linear_dq8ca_coopmat_zpg_sweep_t128x64k64g22s32,llama-3.2-1b,w1_w3,2048,8192,2048,sarc_linear_dq8ca_coopmat_zpg_sweep_t128x64k64g22s32_texture3d_texture2d_half,1,2646.82,0.0353643,2026-10-08T00:44:48Z
1,sarc_linear_dq8ca_coopmat_zpg_sweep_t128x64k64g22s32,llama-3.2-1b,w2,2048,2048,8192,sarc_linear_dq8ca_coopmat_zpg_sweep_t128x64k64g22s32_texture3d_texture2d_half,1,2695.68,0.0371689,2026-10-08T00:44:48Z
1,sarc_linear_dq8ca_coopmat_zpg_sweep_t128x64k64g42s32,llama-3.1-8b,wq_wo,2048,4096,4096,sarc_linear_dq8ca_coopmat_zpg_sweep_t128x64k64g42s32_texture3d_texture2d_half,1,3345.16,0.0357388,2026-10-08T00:45:31Z
1,sarc_linear_dq8ca_coopmat_zpg_sweep_t128x64k64g42s32,llama-3.1-8b,wk_wv,2048,1024,4096,sarc_linear_dq8ca_coopmat_zpg_sweep_t128x64k64g42s32_texture3d_texture2d_half,1,827.72,0.0361758,2026-10-08T00:45:31Z
1,sarc_linear_dq8ca_coopmat_zpg_sweep_t128x64k64g42s32,llama-3.1-8b,w1_w3,2048,14336,4096,sarc_linear_dq8ca_coopmat_zpg_sweep_t128x64k64g42s32_texture3d_texture2d_half,1,12295.9,0.031259,2026-10-08T00:45:31Z
1,sarc_linear_dq8ca_coopmat_zpg_sweep_t128x64k64g42s32,llama-3.1-8b,w2,2048,4096,14336,sarc_linear_dq8ca_coopmat_zpg_sweep_t128x64k64g42s32_texture3d_texture2d_half,1,12155,0.0196021,2026-10-08T00:45:31Z
1,sarc_linear_dq8ca_coopmat_zpg_sweep_t128x64k64g42s32,llama-3.2-3b,wq_wo,2048,3072,3072,sarc_linear_dq8ca_coopmat_zpg_sweep_t128x64k64g42s32_texture3d_texture2d_half,1,1911.04,0.0339617,2026-10-08T00:45:31Z
1,sarc_linear_dq8ca_coopmat_zpg_sweep_t128x64k64g42s32,llama-3.2-3b,wk_wv,2048,1024,3072,sarc_linear_dq8ca_coopmat_zpg_sweep_t128x64k64g42s32_texture3d_texture2d_half,1,619.88,0.0350804,2026-10-08T00:45:31Z
1,sarc_linear_dq8ca_coopmat_zpg_sweep_t128x64k64g42s32,llama-3.2-3b,w1_w3,2048,8192,3072,sarc_linear_dq8ca_coopmat_zpg_sweep_t128x64k64g42s32_texture3d_texture2d_half,1,5101.9,0.022037,2026-10-08T00:45:31Z
1,sarc_linear_dq8ca_coopmat_zpg_sweep_t128x64k64g42s32,llama-3.2-3b,w2,2048,3072,8192,sarc_linear_dq8ca_coopmat_zpg_sweep_t128x64k64g42s32_texture3d_texture2d_half,1,5120.68,0.0262687,2026-10-08T00:45:31Z
1,sarc_linear_dq8ca_coopmat_zpg_sweep_t128x64k64g42s32,llama-3.2-1b,wq_wo,2048,2048,2048,sarc_linear_dq8ca_coopmat_zpg_sweep_t128x64k64g42s32_texture3d_texture2d_half,1,846.64,0.0396561,2026-10-08T00:45:31Z
1,sarc_linear_dq8ca_coopmat_zpg_sweep_t128x64k64g42s32,llama-3.2-1b,wk_wv,2048,512,2048,sarc_linear_dq8ca_coopmat_zpg_sweep_t128x64k64g42s32_texture3d_texture2d_half,1,204.56,0.0399356,2026-10-08T00:45:31Z
1,sarc_linear_dq8ca_coopmat_zpg_sweep_t128x64k64g42s32,llama-3.2-1b,w1_w3,2048,8192,2048,sarc_linear_dq8ca_coopmat_zpg_sweep_t128x64k64g42s32_texture3d_texture2d_half,1,3405.58,0.0322664,2026-10-08T00:45:31Z
1,sarc_linear_dq8ca_coopmat_zpg_sweep_t128x64k64g42s32,llama-3.2-1b,w2,2048,2048,8192,sarc_linear_dq8ca_coopmat_zpg_sweep_t128x64k64g42s32_texture3d_texture2d_half,1,3487.48,0.0361459,2026-10-08T00:45:31Z
1,sarc_linear_dq8ca_coopmat_zpg_sweep_t256x32k32g14s32,llama-3.1-8b,wq_wo,2048,4096,4096,sarc_linear_dq8ca_coopmat_zpg_sweep_t256x32k32g14s32_texture3d_texture2d_half,1,2739.14,0.0392301,2026-10-08T00:46:13Z
1,sarc_linear_dq8ca_coopmat_zpg_sweep_t256x32k32g14s32,llama-3.1-8b,wk_wv,2048,1024,4096,sarc_linear_dq8ca_coopmat_zpg_sweep_t256x32k32g14s32_texture3d_texture2d_half,1,702.52,0.0366683,2026-10-08T00:46:13Z
1,sarc_linear_dq8ca_coopmat_zpg_sweep_t256x32k32g14s32,llama-3.1-8b,w1_w3,2048,14336,4096,sarc_linear_dq8ca_coopmat_zpg_sweep_t256x32k32g14s32_texture3d_texture2d_half,1,10018.7,0.0239348,2026-10-08T00:46:13Z
1,sarc_linear_dq8ca_coopmat_zpg_sweep_t256x32k32g14s32,llama-3.1-8b,w2,2048,4096,14336,sarc_linear_dq8ca_coopmat_zpg_sweep_t256x32k32g14s32_texture3d_texture2d_half,1,10194.4,0.0185225,2026-10-08T00:46:13Z
1,sarc_linear_dq8ca_coopmat_zpg_sweep_t256x32k32g14s32,llama-3.2-3b,wq_wo,2048,3072,3072,sarc_linear_dq8ca_coopmat_zpg_sweep_t256x32k32g14s32_texture3d_texture2d_half,1,1562.2,0.0346303,2026-10-08T00:46:13Z
1,sarc_linear_dq8ca_coopmat_zpg_sweep_t256x32k32g14s32,llama-3.2-3b,wk_wv,2048,1024,3072,sarc_linear_dq8ca_coopmat_zpg_sweep_t256x32k32g14s32_texture3d_texture2d_half,1,529,0.0354877,2026-10-08T00:46:13Z
1,sarc_linear_dq8ca_coopmat_zpg_sweep_t256x32k32g14s32,llama-3.2-3b,w1_w3,2048,8192,3072,sarc_linear_dq8ca_coopmat_zpg_sweep_t256x32k32g14s32_texture3d_texture2d_half,1,4168.52,0.028316,2026-10-08T00:46:13Z
1,sarc_linear_dq8ca_coopmat_zpg_sweep_t256x32k32g14s32,llama-3.2-3b,w2,2048,3072,8192,sarc_linear_dq8ca_coopmat_zpg_sweep_t256x32k32g14s32_texture3d_texture2d_half,1,4234.38,0.026928,2026-10-08T00:46:13Z
1,sarc_linear_dq8ca_coopmat_zpg_sweep_t256x32k32g14s32,llama-3.2-1b,wq_wo,2048,2048,2048,sarc_linear_dq8ca_coopmat_zpg_sweep_t256x32k32g14s32_texture3d_texture2d_half,1,696.76,0.0421766,2026-10-08T00:46:13Z
1,sarc_linear_dq8ca_coopmat_zpg_sweep_t256x32k32g14s32,llama-3.2-1b,wk_wv,2048,512,2048,sarc_linear_dq8ca_coopmat_zpg_sweep_t256x32k32g14s32_texture3d_texture2d_half,1,173.68,0.0422863,2026-10-08T00:46:13Z
1,sarc_linear_dq8ca_coopmat_zpg_sweep_t256x32k32g14s32,llama-3.2-1b,w1_w3,2048,8192,2048,sarc_linear_dq8ca_coopmat_zpg_sweep_t256x32k32g14s32_texture3d_texture2d_half,1,2770.84,0.0319516,2026-10-08T00:46:13Z
1,sarc_linear_dq8ca_coopmat_zpg_sweep_t256x32k32g14s32,llama-3.2-1b,w2,2048,2048,8192,sarc_linear_dq8ca_coopmat_zpg_sweep_t256x32k32g14s32_texture3d_texture2d_half,1,2851.9,0.0369182,2026-10-08T00:46:13Z
1,sarc_linear_dq8ca_coopmat_zpg_sweep_t256x64k32g24s32,llama-3.1-8b,wq_wo,2048,4096,4096,sarc_linear_dq8ca_coopmat_zpg_sweep_t256x64k32g24s32_texture3d_texture2d_half,1,2987.04,0.0343401,2026-10-08T00:46:55Z
1,sarc_linear_dq8ca_coopmat_zpg_sweep_t256x64k32g24s32,llama-3.1-8b,wk_wv,2048,1024,4096,sarc_linear_dq8ca_coopmat_zpg_sweep_t256x64k32g24s32_texture3d_texture2d_half,1,729.8,0.042823,2026-10-08T00:46:55Z
1,sarc_linear_dq8ca_coopmat_zpg_sweep_t256x64k32g24s32,llama-3.1-8b,w1_w3,2048,14336,4096,sarc_linear_dq8ca_coopmat_zpg_sweep_t256x64k32g24s32_texture3d_texture2d_half,1,11036,0.0235596,2026-10-08T00:46:55Z
1,sarc_linear_dq8ca_coopmat_zpg_sweep_t256x64k32g24s32,llama-3.1-8b,w2,2048,4096,14336,sarc_linear_dq8ca_coopmat_zpg_sweep_t256x64k32g24s32_texture3d_texture2d_half,1,11088.2,0.0199439,2026-10-08T00:46:55Z
1,sarc_linear_dq8ca_coopmat_zpg_sweep_t256x64k32g24s32,llama-3.2-3b,wq_wo,2048,3072,3072,sarc_linear_dq8ca_coopmat_zpg_sweep_t256x64k32g24s32_texture3d_texture2d_half,1,1695.74,0.0341104,2026-10-08T00:46:55Z
1,sarc_linear_dq8ca_coopmat_zpg_sweep_t256x64k32g24s32,llama-3.2-3b,wk_wv,2048,1024,3072,sarc_linear_dq8ca_coopmat_zpg_sweep_t256x64k32g24s32_texture3d_texture2d_half,1,549,0.0396133,2026-10-08T00:46:55Z
1,sarc_linear_dq8ca_coopmat_zpg_sweep_t256x64k32g24s32,llama-3.2-3b,w1_w3,2048,8192,3072,sarc_linear_dq8ca_coopmat_zpg_sweep_t256x64k32g24s32_texture3d_texture2d_half,1,4526.56,0.0265003,2026-10-08T00:46:55Z
1,sarc_linear_dq8ca_coopmat_zpg_sweep_t256x64k32g24s32,llama-3.2-3b,w2,2048,3072,8192,sarc_linear_dq8ca_coopmat_zpg_sweep_t256x64k32g24s32_texture3d_texture2d_half,1,4564.88,0.024862,2026-10-08T00:46:55Z
1,sarc_linear_dq8ca_coopmat_zpg_sweep_t256x64k32g24s32,llama-3.2-1b,wq_wo,2048,2048,2048,sarc_linear_dq8ca_coopmat_zpg_sweep_t256x64k32g24s32_texture3d_texture2d_half,1,752,0.0397953,2026-10-08T00:46:55Z
1,sarc_linear_dq8ca_coopmat_zpg_sweep_t256x64k32g24s32,llama-3.2-1b,wk_wv,2048,512,2048,sarc_linear_dq8ca_coopmat_zpg_sweep_t256x64k32g24s32_texture3d_texture2d_half,1,178.26,0.041898,2026-10-08T00:46:55Z
1,sarc_linear_dq8ca_coopmat_zpg_sweep_t256x64k32g24s32,llama-3.2-1b,w1_w3,2048,8192,2048,sarc_linear_dq8ca_coopmat_zpg_sweep_t256x64k32g24s32_texture3d_texture2d_half,1,3015.44,0.0306884,2026-10-08T00:46:55Z
1,sarc_linear_dq8ca_coopmat_zpg_sweep_t256x64k32g24s32,llama-3.2-1b,w2,2048,2048,8192,sarc_linear_dq8ca_coopmat_zpg_sweep_t256x64k32g24s32_texture3d_texture2d_half,1,3073.34,0.0402989,2026-10-08T00:46:55Z
1,sarc_linear_dq8ca_coopmat_zpg_sweep_t256x64k32g42s32,llama-3.1-8b,wq_wo,2048,4096,4096,sarc_linear_dq8ca_coopmat_zpg_sweep_t256x64k32g42s32_texture3d_texture2d_half,1,3137.88,0.0344882,2026-10-08T00:47:38Z
1,sarc_linear_dq8ca_coopmat_zpg_sweep_t256x64k32g42s32,llama-3.1-8b,wk_wv,2048,1024,4096,sarc_linear_dq8ca_coopmat_zpg_sweep_t256x64k32g42s32_texture3d_texture2d_half,1,770.2,0.0362801,2026-10-08T00:47:38Z
1,sarc_linear_dq8ca_coopmat_zpg_sweep_t256x64k32g42s32,llama-3.1-8b,w1_w3,2048,14336,4096,sarc_linear_dq8ca_coopmat_zpg_sweep_t256x64k32g42s32_texture3d_texture2d_half,1,11526.9,0.0213217,2026-10-08T00:47:38Z
1,sarc_linear_dq8ca_coopmat_zpg_sweep_t256x64k32g42s32,llama-3.1-8b,w2,2048,4096,14336,sarc_linear_dq8ca_coopmat_zpg_sweep_t256x64k32g42s32_texture3d_texture2d_half,1,11531.6,0.020122,2026-10-08T00:47:38Z
1,sarc_linear_dq8ca_coopmat_zpg_sweep_t256x64k32g42s32,llama-3.2-3b,wq_wo,2048,3072,3072,sarc_linear_dq8ca_coopmat_zpg_sweep_t256x64k32g42s32_texture3d_texture2d_half,1,1780.16,0.0317481,2026-10-08T00:47:38Z
1,sarc_linear_dq8ca_coopmat_zpg_sweep_t256x64k32g42s32,llama-3.2-3b,wk_wv,2048,1024,3072,sarc_linear_dq8ca_coopmat_zpg_sweep_t256x64k32g42s32_texture3d_texture2d_half,1,577.84,0.0381579,2026-10-08T00:47:38Z
1,sarc_linear_dq8ca_coopmat_zpg_sweep_t256x64k32g42s32,llama-3.2-3b,w1_w3,2048,8192,3072,sarc_linear_dq8ca_coopmat_zpg_sweep_t256x64k32g42s32_texture3d_texture2d_half,1,4745.88,0.0267708,2026-10-08T00:47:38Z
1,sarc_linear_dq8ca_coopmat_zpg_sweep_t256x64k32g42s32,llama-3.2-3b,w2,2048,3072,8192,sarc_linear_dq8ca_coopmat_zpg_sweep_t256x64k32g42s32_texture3d_texture2d_half,1,4780.48,0.0263352,2026-10-08T00:47:38Z
1,sarc_linear_dq8ca_coopmat_zpg_sweep_t256x64k32g42s32,llama-3.2-1b,wq_wo,2048,2048,2048,sarc_linear_dq8ca_coopmat_zpg_sweep_t256x64k32g42s32_texture3d_texture2d_half,1,791.48,0.0390266,2026-10-08T00:47:38Z
1,sarc_linear_dq8ca_coopmat_zpg_sweep_t256x64k32g42s32,llama-3.2-1b,wk_wv,2048,512,2048,sarc_linear_dq8ca_coopmat_zpg_sweep_t256x64k32g42s32_texture3d_texture2d_half,1,187.76,0.0403253,2026-10-08T00:47:38Z
1,sarc_linear_dq8ca_coopmat_zpg_sweep_t256x64k32g42s32,llama-3.2-1b,w1_w3,2048,8192,2048,sarc_linear_dq8ca_coopmat_zpg_sweep_t256x64k32g42s32_texture3d_texture2d_half,1,3164.72,0.0302737,2026-10-08T00:47:38Z
1,sarc_linear_dq8ca_coopmat_zpg_sweep_t256x64k32g42s32,llama-3.2-1b,w2,2048,2048,8192,sarc_linear_dq8ca_coopmat_zpg_sweep_t256x64k32g42s32_texture3d_texture2d_half,1,3211.68,0.0338401,2026-10-08T00:47:38Z
1,sarc_linear_dq8ca_coopmat_zpg_sweep_t64x128k32g22s32,llama-3.1-8b,wq_wo,2048,4096,4096,sarc_linear_dq8ca_coopmat_zpg_sweep_t64x128k32g22s32_texture3d_texture2d_half,1,2887.3,0.0422622,2026-10-08T00:48:21Z
1,sarc_linear_dq8ca_coopmat_zpg_sweep_t64x128k32g22s32,llama-3.1-8b,wk_wv,2048,1024,4096,sarc_linear_dq8ca_coopmat_zpg_sweep_t64x128k32g22s32_texture3d_texture2d_half,1,733.16,0.0375136,2026-10-08T00:48:21Z
1,sarc_linear_dq8ca_coopmat_zpg_sweep_t64x128k32g22s32,llama-3.1-8b,w1_w3,2048,14336,4096,sarc_linear_dq8ca_coopmat_zpg_sweep_t64x128k32g22s32_texture3d_texture2d_half,1,10237.9,0.0271098,2026-10-08T00:48:21Z
1,sarc_linear_dq8ca_coopmat_zpg_sweep_t64x128k32g22s32,llama-3.1-8b,w2,2048,4096,14336,sarc_linear_dq8ca_coopmat_zpg_sweep_t64x128k32g22s32_texture3d_texture2d_half,1,10716.4,0.0226624,2026-10-08T00:48:21Z
1,sarc_linear_dq8ca_coopmat_zpg_sweep_t64x128k32g22s32,llama-3.2-3b,wq_wo,2048,3072,3072,sarc_linear_dq8ca_coopmat_zpg_sweep_t64x128k32g22s32_texture3d_texture2d_half,1,1641.2,0.0362492,2026-10-08T00:48:21Z
1,sarc_linear_dq8ca_coopmat_zpg_sweep_t64x128k32g22s32,llama-3.2-3b,wk_wv,2048,1024,3072,sarc_linear_dq8ca_coopmat_zpg_sweep_t64x128k32g22s32_texture3d_texture2d_half,1,548.92,0.0356842,2026-10-08T00:48:21Z
1,sarc_linear_dq8ca_coopmat_zpg_sweep_t64x128k32g22s32,llama-3.2-3b,w1_w3,2048,8192,3072,sarc_linear_dq8ca_coopmat_zpg_sweep_t64x128k32g22s32_texture3d_texture2d_half,1,4359.04,0.0327435,2026-10-08T00:48:21Z
1,sarc_linear_dq8ca_coopmat_zpg_sweep_t64x128k32g22s32,llama-3.2-3b,w2,2048,3072,8192,sarc_linear_dq8ca_coopmat_zpg_sweep_t64x128k32g22s32_texture3d_texture2d_half,1,4745.68,0.0272397,2026-10-08T00:48:21Z
1,sarc_linear_dq8ca_coopmat_zpg_sweep_t64x128k32g22s32,llama-3.2-1b,wq_wo,2048,2048,2048,sarc_linear_dq8ca_coopmat_zpg_sweep_t64x128k32g22s32_texture3d_texture2d_half,1,731.64,0.0365372,2026-10-08T00:48:21Z
1,sarc_linear_dq8ca_coopmat_zpg_sweep_t64x128k32g22s32,llama-3.2-1b,wk_wv,2048,512,2048,sarc_linear_dq8ca_coopmat_zpg_sweep_t64x128k32g22s32_texture3d_texture2d_half,1,180.26,0.0427825,2026-10-08T00:48:21Z
1,sarc_linear_dq8ca_coopmat_zpg_sweep_t64x128k32g22s32,llama-3.2-1b,w1_w3,2048,8192,2048,sarc_linear_dq8ca_coopmat_zpg_sweep_t64x128k32g22s32_texture3d_texture2d_half,1,2934.68,0.0349364,2026-10-08T00:48:21Z
1,sarc_linear_dq8ca_coopmat_zpg_sweep_t64x128k32g22s32,llama-3.2-1b,w2,2048,2048,8192,sarc_linear_dq8ca_coopmat_zpg_sweep_t64x128k32g22s32_texture3d_texture2d_half,1,3165.32,0.0347064,2026-10-08T00:48:21Z
1,sarc_linear_dq8ca_coopmat_zpg_sweep_t64x128k32g41s32,llama-3.1-8b,wq_wo,2048,4096,4096,sarc_linear_dq8ca_coopmat_zpg_sweep_t64x128k32g41s32_texture3d_texture2d_half,1,2894.18,0.0403283,2026-10-08T00:49:04Z
1,sarc_linear_dq8ca_coopmat_zpg_sweep_t64x128k32g41s32,llama-3.1-8b,wk_wv,2048,1024,4096,sarc_linear_dq8ca_coopmat_zpg_sweep_t64x128k32g41s32_texture3d_texture2d_half,1,734.04,0.0367248,2026-10-08T00:49:04Z
1,sarc_linear_dq8ca_coopmat_zpg_sweep_t64x128k32g41s32,llama-3.1-8b,w1_w3,2048,14336,4096,sarc_linear_dq8ca_coopmat_zpg_sweep_t64x128k32g41s32_texture3d_texture2d_half,1,10279.3,0.0311301,2026-10-08T00:49:04Z
1,sarc_linear_dq8ca_coopmat_zpg_sweep_t64x128k32g41s32,llama-3.1-8b,w2,2048,4096,14336,sarc_linear_dq8ca_coopmat_zpg_sweep_t64x128k32g41s32_texture3d_texture2d_half,1,10844.8,0.0231584,2026-10-08T00:49:04Z
1,sarc_linear_dq8ca_coopmat_zpg_sweep_t64x128k32g41s32,llama-3.2-3b,wq_wo,2048,3072,3072,sarc_linear_dq8ca_coopmat_zpg_sweep_t64x128k32g41s32_texture3d_texture2d_half,1,1632.76,0.038278,2026-10-08T00:49:04Z
1,sarc_linear_dq8ca_coopmat_zpg_sweep_t64x128k32g41s32,llama-3.2-3b,wk_wv,2048,1024,3072,sarc_linear_dq8ca_coopmat_zpg_sweep_t64x128k32g41s32_texture3d_texture2d_half,1,550.72,0.0351836,2026-10-08T00:49:04Z
1,sarc_linear_dq8ca_coopmat_zpg_sweep_t64x128k32g41s32,llama-3.2-3b,w1_w3,2048,8192,3072,sarc_linear_dq8ca_coopmat_zpg_sweep_t64x128k32g41s32_texture3d_texture2d_half,1,4325.08,0.030746,2026-10-08T00:49:04Z
1,sarc_linear_dq8ca_coopmat_zpg_sweep_t64x128k32g41s32,llama-3.2-3b,w2,2048,3072,8192,sarc_linear_dq8ca_coopmat_zpg_sweep_t64x128k32g41s32_texture3d_texture2d_half,1,4797.08,0.0273932,2026-10-08T00:49:04Z
1,sarc_linear_dq8ca_coopmat_zpg_sweep_t64x128k32g41s32,llama-3.2-1b,wq_wo,2048,2048,2048,sarc_linear_dq8ca_coopmat_zpg_sweep_t64x128k32g41s32_texture3d_texture2d_half,1,733,0.037069,2026-10-08T00:49:04Z
1,sarc_linear_dq8ca_coopmat_zpg_sweep_t64x128k32g41s32,llama-3.2-1b,wk_wv,2048,512,2048,sarc_linear_dq8ca_coopmat_zpg_sweep_t64x128k32g41s32_texture3d_texture2d_half,1,181.68,0.0432361,2026-10-08T00:49:04Z
1,sarc_linear_dq8ca_coopmat_zpg_sweep_t64x128k32g41s32,llama-3.2-1b,w1_w3,2048,8192,2048,sarc_linear_dq8ca_coopmat_zpg_sweep_t64x128k32g41s32_texture3d_texture2d_half,1,2913.2,0.0344925,2026-10-08T00:49:04Z
1,sarc_linear_dq8ca_coopmat_zpg_sweep_t64x128k32g41s32,llama-3.2-1b,w2,2048,2048,8192,sarc_linear_dq8ca_coopmat_zpg_sweep_t64x128k32g41s32_texture3d_texture2d_half,1,3214.6,0.0344172,2026-10-08T00:49:04Z
1,sarc_linear_dq8ca_coopmat_zpg_sweep_t64x64k32g21s32,llama-3.1-8b,wq_wo,2048,4096,4096,sarc_linear_dq8ca_coopmat_zpg_sweep_t64x64k32g21s32_texture3d_texture2d_half,1,2729.44,0.0446098,2026-10-08T00:49:47Z
1,sarc_linear_dq8ca_coopmat_zpg_sweep_t64x64k32g21s32,llama-3.1-8b,wk_wv,2048,1024,4096,sarc_linear_dq8ca_coopmat_zpg_sweep_t64x64k32g21s32_texture3d_texture2d_half,1,707.2,0.0401613,2026-10-08T00:49:47Z
1,sarc_linear_dq8ca_coopmat_zpg_sweep_t64x64k32g21s32,llama-3.1-8b,w1_w3,2048,14336,4096,sarc_linear_dq8ca_coopmat_zpg_sweep_t64x64k32g21s32_texture3d_texture2d_half,1,9771.24,0.0281877,2026-10-08T00:49:47Z
1,sarc_linear_dq8ca_coopmat_zpg_sweep_t64x64k32g21s32,llama-3.1-8b,w2,2048,4096,14336,sarc_linear_dq8ca_coopmat_zpg_sweep_t64x64k32g21s32_texture3d_texture2d_half,1,9686.48,0.0283265,2026-10-08T00:49:47Z
1,sarc_linear_dq8ca_coopmat_zpg_sweep_t64x64k32g21s32,llama-3.2-3b,wq_wo,2048,3072,3072,sarc_linear_dq8ca_coopmat_zpg_sweep_t64x64k32g21s32_texture3d_texture2d_half,1,1577.18,0.0394574,2026-10-08T00:49:47Z
1,sarc_linear_dq8ca_coopmat_zpg_sweep_t64x64k32g21s32,llama-3.2-3b,wk_wv,2048,1024,3072,sarc_linear_dq8ca_coopmat_zpg_sweep_t64x64k32g21s32_texture3d_texture2d_half,1,532.12,0.0376369,2026-10-08T00:49:47Z
1,sarc_linear_dq8ca_coopmat_zpg_sweep_t64x64k32g21s32,llama-3.2-3b,w1_w3,2048,8192,3072,sarc_linear_dq8ca_coopmat_zpg_sweep_t64x64k32g21s32_texture3d_texture2d_half,1,4179.76,0.0323622,2026-10-08T00:49:47Z
1,sarc_linear_dq8ca_coopmat_zpg_sweep_t64x64k32g21s32,llama-3.2-3b,w2,2048,3072,8192,sarc_linear_dq8ca_coopmat_zpg_sweep_t64x64k32g21s32_texture3d_texture2d_half,1,4437.72,0.0277607,2026-10-08T00:49:47Z
1,sarc_linear_dq8ca_coopmat_zpg_sweep_t64x64k32g21s32,llama-3.2-1b,wq_wo,2048,2048,2048,sarc_linear_dq8ca_coopmat_zpg_sweep_t64x64k32g21s32_texture3d_texture2d_half,1,705.04,0.0401095,2026-10-08T00:49:47Z
1,sarc_linear_dq8ca_coopmat_zpg_sweep_t64x64k32g21s32,llama-3.2-1b,wk_wv,2048,512,2048,sarc_linear_dq8ca_coopmat_zpg_sweep_t64x64k32g21s32_texture3d_texture2d_half,1,173.98,0.0442491,2026-10-08T00:49:47Z
1,sarc_linear_dq8ca_coopmat_zpg_sweep_t64x64k32g21s32,llama-3.2-1b,w1_w3,2048,8192,2048,sarc_linear_dq8ca_coopmat_zpg_sweep_t64x64k32g21s32_texture3d_texture2d_half,1,2795.6,0.0375506,2026-10-08T00:49:47Z
1,sarc_linear_dq8ca_coopmat_zpg_sweep_t64x64k32g21s32,llama-3.2-1b,w2,2048,2048,8192,sarc_linear_dq8ca_coopmat_zpg_sweep_t64x64k32g21s32_texture3d_texture2d_half,1,2970.56,0.0392821,2026-10-08T00:49:47Z
1,sarc_linear_dq8ca_coopmat_zpg_sweep_t64x64k32g22s32,llama-3.1-8b,wq_wo,2048,4096,4096,sarc_linear_dq8ca_coopmat_zpg_sweep_t64x64k32g22s32_texture3d_texture2d_half,1,2778.92,0.0452305,2026-10-08T00:50:31Z
1,sarc_linear_dq8ca_coopmat_zpg_sweep_t64x64k32g22s32,llama-3.1-8b,wk_wv,2048,1024,4096,sarc_linear_dq8ca_coopmat_zpg_sweep_t64x64k32g22s32_texture3d_texture2d_half,1,716.76,0.0429776,2026-10-08T00:50:31Z
1,sarc_linear_dq8ca_coopmat_zpg_sweep_t64x64k32g22s32,llama-3.1-8b,w1_w3,2048,14336,4096,sarc_linear_dq8ca_coopmat_zpg_sweep_t64x64k32g22s32_texture3d_texture2d_half,1,10050.8,0.0292353,2026-10-08T00:50:31Z
1,sarc_linear_dq8ca_coopmat_zpg_sweep_t64x64k32g22s32,llama-3.1-8b,w2,2048,4096,14336,sarc_linear_dq8ca_coopmat_zpg_sweep_t64x64k32g22s32_texture3d_texture2d_half,1,9925.92,0.0287725,2026-10-08T00:50:31Z
1,sarc_linear_dq8ca_coopmat_zpg_sweep_t64x64k32g22s32,llama-3.2-3b,wq_wo,2048,3072,3072,sarc_linear_dq8ca_coopmat_zpg_sweep_t64x64k32g22s32_texture3d_texture2d_half,1,1599.88,0.0426155,2026-10-08T00:50:31Z
1,sarc_linear_dq8ca_coopmat_zpg_sweep_t64x64k32g22s32,llama-3.2-3b,wk_wv,2048,1024,3072,sarc_linear_dq8ca_coopmat_zpg_sweep_t64x64k32g22s32_texture3d_texture2d_half,1,536,0.0395186,2026-10-08T00:50:31Z
1,sarc_linear_dq8ca_coopmat_zpg_sweep_t64x64k32g22s32,llama-3.2-3b,w1_w3,2048,8192,3072,sarc_linear_dq8ca_coopmat_zpg_sweep_t64x64k32g22s32_texture3d_texture2d_half,1,4229.64,0.0350321,2026-10-08T00:50:31Z
1,sarc_linear_dq8ca_coopmat_zpg_sweep_t64x64k32g22s32,llama-3.2-3b,w2,2048,3072,8192,sarc_linear_dq8ca_coopmat_zpg_sweep_t64x64k32g22s32_texture3d_texture2d_half,1,4238.44,0.0319961,2026-10-08T00:50:31Z
1,sarc_linear_dq8ca_coopmat_zpg_sweep_t64x64k32g22s32,llama-3.2-1b,wq_wo,2048,2048,2048,sarc_linear_dq8ca_coopmat_zpg_sweep_t64x64k32g22s32_texture3d_texture2d_half,1,716.2,0.0420117,2026-10-08T00:50:31Z
1,sarc_linear_dq8ca_coopmat_zpg_sweep_t64x64k32g22s32,llama-3.2-1b,wk_wv,2048,512,2048,sarc_linear_dq8ca_coopmat_zpg_sweep_t64x64k32g22s32_texture3d_texture2d_half,1,175.6,0.0453422,2026-10-08T00:50:31Z
1,sarc_linear_dq8ca_coopmat_zpg_sweep_t64x64k32g22s32,llama-3.2-1b,w1_w3,2048,8192,2048,sarc_linear_dq8ca_coopmat_zpg_sweep_t64x64k32g22s32_texture3d_texture2d_half,1,2838.8,0.0400882,2026-10-08T00:50:31Z
1,sarc_linear_dq8ca_coopmat_zpg_sweep_t64x64k32g22s32,llama-3.2-1b,w2,2048,2048,8192,sarc_linear_dq8ca_coopmat_zpg_sweep_t64x64k32g22s32_texture3d_texture2d_half,1,2823.66,0.0379725,2026-10-08T00:50:31Z
1,sarc_dev_linear_dq8ca_coopmat_zpg_bt_t128x128k32g42s32,llama-3.1-8b,wq_wo,2048,4096,4096,sarc_dev_linear_dq8ca_coopmat_zpg_bt_t128x128k32g42s32_texture3d_texture2d_half,1,2698.58,0.0385199,2026-10-08T00:51:19Z
1,sarc_dev_linear_dq8ca_coopmat_zpg_bt_t128x128k32g42s32,llama-3.1-8b,wk_wv,2048,1024,4096,sarc_dev_linear_dq8ca_coopmat_zpg_bt_t128x128k32g42s32_texture3d_texture2d_half,1,678.12,0.0356162,2026-10-08T00:51:19Z
1,sarc_dev_linear_dq8ca_coopmat_zpg_bt_t128x128k32g42s32,llama-3.1-8b,w1_w3,2048,14336,4096,sarc_dev_linear_dq8ca_coopmat_zpg_bt_t128x128k32g42s32_texture3d_texture2d_half,1,9471.82,0.032063,2026-10-08T00:51:19Z
1,sarc_dev_linear_dq8ca_coopmat_zpg_bt_t128x128k32g42s32,llama-3.1-8b,w2,2048,4096,14336,sarc_dev_linear_dq8ca_coopmat_zpg_bt_t128x128k32g42s32_texture3d_texture2d_half,1,9389.88,0.0272605,2026-10-08T00:51:19Z
1,sarc_dev_linear_dq8ca_coopmat_zpg_bt_t128x128k32g42s32,llama-3.2-3b,wq_wo,2048,3072,3072,sarc_dev_linear_dq8ca_coopmat_zpg_bt_t128x128k32g42s32_texture3d_texture2d_half,1,1530.26,0.03499,2026-10-08T00:51:19Z
1,sarc_dev_linear_dq8ca_coopmat_zpg_bt_t128x128k32g42s32,llama-3.2-3b,wk_wv,2048,1024,3072,sarc_dev_linear_dq8ca_coopmat_zpg_bt_t128x128k32g42s32_texture3d_texture2d_half,1,510.48,0.0350128,2026-10-08T00:51:19Z
1,sarc_dev_linear_dq8ca_coopmat_zpg_bt_t128x128k32g42s32,llama-3.2-3b,w1_w3,2048,8192,3072,sarc_dev_linear_dq8ca_coopmat_zpg_bt_t128x128k32g42s32_texture3d_texture2d_half,1,4064.22,0.029206,2026-10-08T00:51:19Z
1,sarc_dev_linear_dq8ca_coopmat_zpg_bt_t128x128k32g42s32,llama-3.2-3b,w2,2048,3072,8192,sarc_dev_linear_dq8ca_coopmat_zpg_bt_t128x128k32g42s32_texture3d_texture2d_half,1,4036.72,0.0290707,2026-10-08T00:51:19Z
1,sarc_dev_linear_dq8ca_coopmat_zpg_bt_t128x128k32g42s32,llama-3.2-1b,wq_wo,2048,2048,2048,sarc_dev_linear_dq8ca_coopmat_zpg_bt_t128x128k32g42s32_texture3d_texture2d_half,1,683.56,0.0353046,2026-10-08T00:51:19Z
1,sarc_dev_linear_dq8ca_coopmat_zpg_bt_t128x128k32g42s32,llama-3.2-1b,wk_wv,2048,512,2048,sarc_dev_linear_dq8ca_coopmat_zpg_bt_t128x128k32g42s32_texture3d_texture2d_half,1,165.8,0.0443553,2026-10-08T00:51:19Z
1,sarc_dev_linear_dq8ca_coopmat_zpg_bt_t128x128k32g42s32,llama-3.2-1b,w1_w3,2048,8192,2048,sarc_dev_linear_dq8ca_coopmat_zpg_bt_t128x128k32g42s32_texture3d_texture2d_half,1,2729.36,0.0334997,2026-10-08T00:51:19Z
1,sarc_dev_linear_dq8ca_coopmat_zpg_bt_t128x128k32g42s32,llama-3.2-1b,w2,2048,2048,8192,sarc_dev_linear_dq8ca_coopmat_zpg_bt_t128x128k32g42s32_texture3d_texture2d_half,1,2695.16,0.0336016,2026-10-08T00:51:19Z
1,sarc_dev_linear_dq8ca_coopmat_zpg_bt_t128x64k32g22s32,llama-3.1-8b,wq_wo,2048,4096,4096,sarc_dev_linear_dq8ca_coopmat_zpg_bt_t128x64k32g22s32_texture3d_texture2d_half,1,2651.68,0.0391253,2026-10-08T00:52:02Z
1,sarc_dev_linear_dq8ca_coopmat_zpg_bt_t128x64k32g22s32,llama-3.1-8b,wk_wv,2048,1024,4096,sarc_dev_linear_dq8ca_coopmat_zpg_bt_t128x64k32g22s32_texture3d_texture2d_half,1,674.8,0.0378525,2026-10-08T00:52:02Z
1,sarc_dev_linear_dq8ca_coopmat_zpg_bt_t128x64k32g22s32,llama-3.1-8b,w1_w3,2048,14336,4096,sarc_dev_linear_dq8ca_coopmat_zpg_bt_t128x64k32g22s32_texture3d_texture2d_half,1,9784.12,0.0310544,2026-10-08T00:52:02Z
1,sarc_dev_linear_dq8ca_coopmat_zpg_bt_t128x64k32g22s32,llama-3.1-8b,w2,2048,4096,14336,sarc_dev_linear_dq8ca_coopmat_zpg_bt_t128x64k32g22s32_texture3d_texture2d_half,1,9790.4,0.0227365,2026-10-08T00:52:02Z
1,sarc_dev_linear_dq8ca_coopmat_zpg_bt_t128x64k32g22s32,llama-3.2-3b,wq_wo,2048,3072,3072,sarc_dev_linear_dq8ca_coopmat_zpg_bt_t128x64k32g22s32_texture3d_texture2d_half,1,1515.72,0.0355177,2026-10-08T00:52:02Z
1,sarc_dev_linear_dq8ca_coopmat_zpg_bt_t128x64k32g22s32,llama-3.2-3b,wk_wv,2048,1024,3072,sarc_dev_linear_dq8ca_coopmat_zpg_bt_t128x64k32g22s32_texture3d_texture2d_half,1,507.6,0.0356824,2026-10-08T00:52:02Z
1,sarc_dev_linear_dq8ca_coopmat_zpg_bt_t128x64k32g22s32,llama-3.2-3b,w1_w3,2048,8192,3072,sarc_dev_linear_dq8ca_coopmat_zpg_bt_t128x64k32g22s32_texture3d_texture2d_half,1,4027.44,0.0285467,2026-10-08T00:52:02Z
1,sarc_dev_linear_dq8ca_coopmat_zpg_bt_t128x64k32g22s32,llama-3.2-3b,w2,2048,3072,8192,sarc_dev_linear_dq8ca_coopmat_zpg_bt_t128x64k32g22s32_texture3d_texture2d_half,1,4042.3,0.0243004,2026-10-08T00:52:02Z
1,sarc_dev_linear_dq8ca_coopmat_zpg_bt_t128x64k32g22s32,llama-3.2-1b,wq_wo,2048,2048,2048,sarc_dev_linear_dq8ca_coopmat_zpg_bt_t128x64k32g22s32_texture3d_texture2d_half,1,671.48,0.0445133,2026-10-08T00:52:02Z
1,sarc_dev_linear_dq8ca_coopmat_zpg_bt_t128x64k32g22s32,llama-3.2-1b,wk_wv,2048,512,2048,sarc_dev_linear_dq8ca_coopmat_zpg_bt_t128x64k32g22s32_texture3d_texture2d_half,1,166.5,0.0433369,2026-10-08T00:52:02Z
1,sarc_dev_linear_dq8ca_coopmat_zpg_bt_t128x64k32g22s32,llama-3.2-1b,w1_w3,2048,8192,2048,sarc_dev_linear_dq8ca_coopmat_zpg_bt_t128x64k32g22s32_texture3d_texture2d_half,1,2690.32,0.0326914,2026-10-08T00:52:02Z
1,sarc_dev_linear_dq8ca_coopmat_zpg_bt_t128x64k32g22s32,llama-3.2-1b,w2,2048,2048,8192,sarc_dev_linear_dq8ca_coopmat_zpg_bt_t128x64k32g22s32_texture3d_texture2d_half,1,2780.44,0.036831,2026-10-08T00:52:02Z
1,sarc_dev_linear_dq8ca_coopmat_zpg_bt_t128x64k64g22s32,llama-3.1-8b,wq_wo,2048,4096,4096,sarc_dev_linear_dq8ca_coopmat_zpg_bt_t128x64k64g22s32_texture3d_texture2d_half,1,2498.3,0.0419144,2026-10-08T00:52:45Z
1,sarc_dev_linear_dq8ca_coopmat_zpg_bt_t128x64k64g22s32,llama-3.1-8b,wk_wv,2048,1024,4096,sarc_dev_linear_dq8ca_coopmat_zpg_bt_t128x64k64g22s32_texture3d_texture2d_half,1,633.76,0.0374097,2026-10-08T00:52:45Z
1,sarc_dev_linear_dq8ca_coopmat_zpg_bt_t128x64k64g22s32,llama-3.1-8b,w1_w3,2048,14336,4096,sarc_dev_linear_dq8ca_coopmat_zpg_bt_t128x64k64g22s32_texture3d_texture2d_half,1,9043.22,0.029615,2026-10-08T00:52:45Z
1,sarc_dev_linear_dq8ca_coopmat_zpg_bt_t128x64k64g22s32,llama-3.1-8b,w2,2048,4096,14336,sarc_dev_linear_dq8ca_coopmat_zpg_bt_t128x64k64g22s32_texture3d_texture2d_half,1,8898.64,0.0241901,2026-10-08T00:52:45Z
1,sarc_dev_linear_dq8ca_coopmat_zpg_bt_t128x64k64g22s32,llama-3.2-3b,wq_wo,2048,3072,3072,sarc_dev_linear_dq8ca_coopmat_zpg_bt_t128x64k64g22s32_texture3d_texture2d_half,1,1423.04,0.0369158,2026-10-08T00:52:45Z
1,sarc_dev_linear_dq8ca_coopmat_zpg_bt_t128x64k64g22s32,llama-3.2-3b,wk_wv,2048,1024,3072,sarc_dev_linear_dq8ca_coopmat_zpg_bt_t128x64k64g22s32_texture3d_texture2d_half,1,476.84,0.0413179,2026-10-08T00:52:45Z
1,sarc_dev_linear_dq8ca_coopmat_zpg_bt_t128x64k64g22s32,llama-3.2-3b,w1_w3,2048,8192,3072,sarc_dev_linear_dq8ca_coopmat_zpg_bt_t128x64k64g22s32_texture3d_texture2d_half,1,3791.64,0.0302689,2026-10-08T00:52:45Z
1,sarc_dev_linear_dq8ca_coopmat_zpg_bt_t128x64k64g22s32,llama-3.2-3b,w2,2048,3072,8192,sarc_dev_linear_dq8ca_coopmat_zpg_bt_t128x64k64g22s32_texture3d_texture2d_half,1,3803.72,0.0295969,2026-10-08T00:52:45Z
1,sarc_dev_linear_dq8ca_coopmat_zpg_bt_t128x64k64g22s32,llama-3.2-1b,wq_wo,2048,2048,2048,sarc_dev_linear_dq8ca_coopmat_zpg_bt_t128x64k64g22s32_texture3d_texture2d_half,1,635.3,0.037605,2026-10-08T00:52:45Z
1,sarc_dev_linear_dq8ca_coopmat_zpg_bt_t128x64k64g22s32,llama-3.2-1b,wk_wv,2048,512,2048,sarc_dev_linear_dq8ca_coopmat_zpg_bt_t128x64k64g22s32_texture3d_texture2d_half,1,158.6,0.0437399,2026-10-08T00:52:45Z
1,sarc_dev_linear_dq8ca_coopmat_zpg_bt_t128x64k64g22s32,llama-3.2-1b,w1_w3,2048,8192,2048,sarc_dev_linear_dq8ca_coopmat_zpg_bt_t128x64k64g22s32_texture3d_texture2d_half,1,2526.02,0.0327446,2026-10-08T00:52:45Z
1,sarc_dev_linear_dq8ca_coopmat_zpg_bt_t128x64k64g22s32,llama-3.2-1b,w2,2048,2048,8192,sarc_dev_linear_dq8ca_coopmat_zpg_bt_t128x64k64g22s32_texture3d_texture2d_half,1,2578.78,0.0342255,2026-10-08T00:52:45Z
1,sarc_dev_linear_dq8ca_coopmat_zpg_bt_t128x64k64g42s32,llama-3.1-8b,wq_wo,2048,4096,4096,sarc_dev_linear_dq8ca_coopmat_zpg_bt_t128x64k64g42s32_texture3d_texture2d_half,1,2438.24,0.0441922,2026-10-08T00:53:28Z
1,sarc_dev_linear_dq8ca_coopmat_zpg_bt_t128x64k64g42s32,llama-3.1-8b,wk_wv,2048,1024,4096,sarc_dev_linear_dq8ca_coopmat_zpg_bt_t128x64k64g42s32_texture3d_texture2d_half,1,626.72,0.0422006,2026-10-08T00:53:28Z
1,sarc_dev_linear_dq8ca_coopmat_zpg_bt_t128x64k64g42s32,llama-3.1-8b,w1_w3,2048,14336,4096,sarc_dev_linear_dq8ca_coopmat_zpg_bt_t128x64k64g42s32_texture3d_texture2d_half,1,8899.28,0.0297541,2026-10-08T00:53:28Z
1,sarc_dev_linear_dq8ca_coopmat_zpg_bt_t128x64k64g42s32,llama-3.1-8b,w2,2048,4096,14336,sarc_dev_linear_dq8ca_coopmat_zpg_bt_t128x64k64g42s32_texture3d_texture2d_half,1,8719.04,0.023415,2026-10-08T00:53:28Z
1,sarc_dev_linear_dq8ca_coopmat_zpg_bt_t128x64k64g42s32,llama-3.2-3b,wq_wo,2048,3072,3072,sarc_dev_linear_dq8ca_coopmat_zpg_bt_t128x64k64g42s32_texture3d_texture2d_half,1,1405.36,0.040699,2026-10-08T00:53:28Z
1,sarc_dev_linear_dq8ca_coopmat_zpg_bt_t128x64k64g42s32,llama-3.2-3b,wk_wv,2048,1024,3072,sarc_dev_linear_dq8ca_coopmat_zpg_bt_t128x64k64g42s32_texture3d_texture2d_half,1,470.9,0.0434103,2026-10-08T00:53:28Z
1,sarc_dev_linear_dq8ca_coopmat_zpg_bt_t128x64k64g42s32,llama-3.2-3b,w1_w3,2048,8192,3072,sarc_dev_linear_dq8ca_coopmat_zpg_bt_t128x64k64g42s32_texture3d_texture2d_half,1,3727.68,0.0335506,2026-10-08T00:53:28Z
1,sarc_dev_linear_dq8ca_coopmat_zpg_bt_t128x64k64g42s32,llama-3.2-3b,w2,2048,3072,8192,sarc_dev_linear_dq8ca_coopmat_zpg_bt_t128x64k64g42s32_texture3d_texture2d_half,1,3710.26,0.0325778,2026-10-08T00:53:28Z
1,sarc_dev_linear_dq8ca_coopmat_zpg_bt_t128x64k64g42s32,llama-3.2-1b,wq_wo,2048,2048,2048,sarc_dev_linear_dq8ca_coopmat_zpg_bt_t128x64k64g42s32_texture3d_texture2d_half,1,630.6,0.0395875,2026-10-08T00:53:28Z
1,sarc_dev_linear_dq8ca_coopmat_zpg_bt_t128x64k64g42s32,llama-3.2-1b,wk_wv,2048,512,2048,sarc_dev_linear_dq8ca_coopmat_zpg_bt_t128x64k64g42s32_texture3d_texture2d_half,1,153.92,0.0486997,2026-10-08T00:53:28Z
1,sarc_dev_linear_dq8ca_coopmat_zpg_bt_t128x64k64g42s32,llama-3.2-1b,w1_w3,2048,8192,2048,sarc_dev_linear_dq8ca_coopmat_zpg_bt_t128x64k64g42s32_texture3d_texture2d_half,1,2498.72,0.0373964,2026-10-08T00:53:28Z
1,sarc_dev_linear_dq8ca_coopmat_zpg_bt_t128x64k64g42s32,llama-3.2-1b,w2,2048,2048,8192,sarc_dev_linear_dq8ca_coopmat_zpg_bt_t128x64k64g42s32_texture3d_texture2d_half,1,2480.28,0.0392781,2026-10-08T00:53:28Z
1,sarc_dev_780m_x_linear_dq8ca_coopmat_zpg_bt_t128x64k32g22s32afmb2,llama-3.1-8b,wq_wo,2048,4096,4096,sarc_dev_780m_x_linear_dq8ca_coopmat_zpg_bt_t128x64k32g22s32afmb2_texture3d_texture2d_half,1,2671.16,0.0375643,2026-10-08T00:54:11Z
1,sarc_dev_780m_x_linear_dq8ca_coopmat_zpg_bt_t128x64k32g22s32afmb2,llama-3.1-8b,wk_wv,2048,1024,4096,sarc_dev_780m_x_linear_dq8ca_coopmat_zpg_bt_t128x64k32g22s32afmb2_texture3d_texture2d_half,1,674.44,0.0374373,2026-10-08T00:54:11Z
1,sarc_dev_780m_x_linear_dq8ca_coopmat_zpg_bt_t128x64k32g22s32afmb2,llama-3.1-8b,w1_w3,2048,14336,4096,sarc_dev_780m_x_linear_dq8ca_coopmat_zpg_bt_t128x64k32g22s32afmb2_texture3d_texture2d_half,1,9780.96,0.0361461,2026-10-08T00:54:11Z
1,sarc_dev_780m_x_linear_dq8ca_coopmat_zpg_bt_t128x64k32g22s32afmb2,llama-3.1-8b,w2,2048,4096,14336,sarc_dev_780m_x_linear_dq8ca_coopmat_zpg_bt_t128x64k32g22s32afmb2_texture3d_texture2d_half,1,9802.44,0.0214812,2026-10-08T00:54:11Z
1,sarc_dev_780m_x_linear_dq8ca_coopmat_zpg_bt_t128x64k32g22s32afmb2,llama-3.2-3b,wq_wo,2048,3072,3072,sarc_dev_780m_x_linear_dq8ca_coopmat_zpg_bt_t128x64k32g22s32afmb2_texture3d_texture2d_half,1,1514.32,0.0350316,2026-10-08T00:54:11Z
1,sarc_dev_780m_x_linear_dq8ca_coopmat_zpg_bt_t128x64k32g22s32afmb2,llama-3.2-3b,wk_wv,2048,1024,3072,sarc_dev_780m_x_linear_dq8ca_coopmat_zpg_bt_t128x64k32g22s32afmb2_texture3d_texture2d_half,1,507.52,0.0358495,2026-10-08T00:54:11Z
1,sarc_dev_780m_x_linear_dq8ca_coopmat_zpg_bt_t128x64k32g22s32afmb2,llama-3.2-3b,w1_w3,2048,8192,3072,sarc_dev_780m_x_linear_dq8ca_coopmat_zpg_bt_t128x64k32g22s32afmb2_texture3d_texture2d_half,1,4026.42,0.0276105,2026-10-08T00:54:11Z
1,sarc_dev_780m_x_linear_dq8ca_coopmat_zpg_bt_t128x64k32g22s32afmb2,llama-3.2-3b,w2,2048,3072,8192,sarc_dev_780m_x_linear_dq8ca_coopmat_zpg_bt_t128x64k32g22s32afmb2_texture3d_texture2d_half,1,4042.2,0.0261405,2026-10-08T00:54:11Z
1,sarc_dev_780m_x_linear_dq8ca_coopmat_zpg_bt_t128x64k32g22s32afmb2,llama-3.2-1b,wq_wo,2048,2048,2048,sarc_dev_780m_x_linear_dq8ca_coopmat_zpg_bt_t128x64k32g22s32afmb2_texture3d_texture2d_half,1,679.84,0.0363378,2026-10-08T00:54:11Z
1,sarc_dev_780m_x_linear_dq8ca_coopmat_zpg_bt_t128x64k32g22s32afmb2,llama-3.2-1b,wk_wv,2048,512,2048,sarc_dev_780m_x_linear_dq8ca_coopmat_zpg_bt_t128x64k32g22s32afmb2_texture3d_texture2d_half,1,166.56,0.043885,2026-10-08T00:54:11Z
1,sarc_dev_780m_x_linear_dq8ca_coopmat_zpg_bt_t128x64k32g22s32afmb2,llama-3.2-1b,w1_w3,2048,8192,2048,sarc_dev_780m_x_linear_dq8ca_coopmat_zpg_bt_t128x64k32g22s32afmb2_texture3d_texture2d_half,1,2690.76,0.0319955,2026-10-08T00:54:11Z
1,sarc_dev_780m_x_linear_dq8ca_coopmat_zpg_bt_t128x64k32g22s32afmb2,llama-3.2-1b,w2,2048,2048,8192,sarc_dev_780m_x_linear_dq8ca_coopmat_zpg_bt_t128x64k32g22s32afmb2_texture3d_texture2d_half,1,2790.56,0.0370098,2026-10-08T00:54:11Z
1,sarc_dev_780m_x_linear_dq8ca_coopmat_zpg_t256x64k64g48s32afmb1,llama-3.1-8b,wq_wo,2048,4096,4096,sarc_dev_780m_x_linear_dq8ca_coopmat_zpg_t256x64k64g48s32afmb1_texture3d_texture2d_half,1,2451.52,0.0445827,2026-10-08T00:54:54Z
1,sarc_dev_780m_x_linear_dq8ca_coopmat_zpg_t256x64k64g48s32afmb1,llama-3.1-8b,wk_wv,2048,1024,4096,sarc_dev_780m_x_linear_dq8ca_coopmat_zpg_t256x64k64g48s32afmb1_texture3d_texture2d_half,1,624.56,0.0480186,2026-10-08T00:54:54Z
1,sarc_dev_780m_x_linear_dq8ca_coopmat_zpg_t256x64k64g48s32afmb1,llama-3.1-8b,w1_w3,2048,14336,4096,sarc_dev_780m_x_linear_dq8ca_coopmat_zpg_t256x64k64g48s32afmb1_texture3d_texture2d_half,1,8720.72,0.0254433,2026-10-08T00:54:54Z
1,sarc_dev_780m_x_linear_dq8ca_coopmat_zpg_t256x64k64g48s32afmb1,llama-3.1-8b,w2,2048,4096,14336,sarc_dev_780m_x_linear_dq8ca_coopmat_zpg_t256x64k64g48s32afmb1_texture3d_texture2d_half,1,8551.48,0.0258259,2026-10-08T00:54:54Z
1,sarc_dev_780m_x_linear_dq8ca_coopmat_zpg_t256x64k64g48s32afmb1,llama-3.2-3b,wq_wo,2048,3072,3072,sarc_dev_780m_x_linear_dq8ca_coopmat_zpg_t256x64k64g48s32afmb1_texture3d_texture2d_half,1,1411.48,0.0420163,2026-10-08T00:54:54Z
1,sarc_dev_780m_x_linear_dq8ca_coopmat_zpg_t256x64k64g48s32afmb1,llama-3.2-3b,wk_wv,2048,1024,3072,sarc_dev_780m_x_linear_dq8ca_coopmat_zpg_t256x64k64g48s32afmb1_texture3d_texture2d_half,1,472.86,0.0421867,2026-10-08T00:54:54Z
1,sarc_dev_780m_x_linear_dq8ca_coopmat_zpg_t256x64k64g48s32afmb1,llama-3.2-3b,w1_w3,2048,8192,3072,sarc_dev_780m_x_linear_dq8ca_coopmat_zpg_t256x64k64g48s32afmb1_texture3d_texture2d_half,1,3746.76,0.0354355,2026-10-08T00:54:54Z
1,sarc_dev_780m_x_linear_dq8ca_coopmat_zpg_t256x64k64g48s32afmb1,llama-3.2-3b,w2,2048,3072,8192,sarc_dev_780m_x_linear_dq8ca_coopmat_zpg_t256x64k64g48s32afmb1_texture3d_texture2d_half,1,3695.7,0.0336675,2026-10-08T00:54:54Z
1,sarc_dev_780m_x_linear_dq8ca_coopmat_zpg_t256x64k64g48s32afmb1,llama-3.2-1b,wq_wo,2048,2048,2048,sarc_dev_780m_x_linear_dq8ca_coopmat_zpg_t256x64k64g48s32afmb1_texture3d_texture2d_half,1,635.08,0.0412597,2026-10-08T00:54:54Z
1,sarc_dev_780m_x_linear_dq8ca_coopmat_zpg_t256x64k64g48s32afmb1,llama-3.2-1b,wk_wv,2048,512,2048,sarc_dev_780m_x_linear_dq8ca_coopmat_zpg_t256x64k64g48s32afmb1_texture3d_texture2d_half,1,152.32,0.0500373,2026-10-08T00:54:54Z
1,sarc_dev_780m_x_linear_dq8ca_coopmat_zpg_t256x64k64g48s32afmb1,llama-3.2-1b,w1_w3,2048,8192,2048,sarc_dev_780m_x_linear_dq8ca_coopmat_zpg_t256x64k64g48s32afmb1_texture3d_texture2d_half,1,2525.52,0.0387424,2026-10-08T00:54:54Z
1,sarc_dev_780m_x_linear_dq8ca_coopmat_zpg_t256x64k64g48s32afmb1,llama-3.2-1b,w2,2048,2048,8192,sarc_dev_780m_x_linear_dq8ca_coopmat_zpg_t256x64k64g48s32afmb1_texture3d_texture2d_half,1,2457,0.0390781,2026-10-08T00:54:54Z
2,sarc_linear_dq8ca_coopmat_zpg_sweep_t128x128k32g22s32,llama-3.1-8b,wq_wo,2048,4096,4096,sarc_linear_dq8ca_coopmat_zpg_sweep_t128x128k32g22s32_texture3d_texture2d_half,1,3429.48,0.0381119,2026-10-08T00:55:42Z
2,sarc_linear_dq8ca_coopmat_zpg_sweep_t128x128k32g22s32,llama-3.1-8b,wk_wv,2048,1024,4096,sarc_linear_dq8ca_coopmat_zpg_sweep_t128x128k32g22s32_texture3d_texture2d_half,1,866.92,0.0489367,2026-10-08T00:55:42Z
2,sarc_linear_dq8ca_coopmat_zpg_sweep_t128x128k32g22s32,llama-3.1-8b,w1_w3,2048,14336,4096,sarc_linear_dq8ca_coopmat_zpg_sweep_t128x128k32g22s32_texture3d_texture2d_half,1,12216,0.0372899,2026-10-08T00:55:42Z
2,sarc_linear_dq8ca_coopmat_zpg_sweep_t128x128k32g22s32,llama-3.1-8b,w2,2048,4096,14336,sarc_linear_dq8ca_coopmat_zpg_sweep_t128x128k32g22s32_texture3d_texture2d_half,1,12861.2,0.013775,2026-10-08T00:55:42Z
2,sarc_linear_dq8ca_coopmat_zpg_sweep_t128x128k32g22s32,llama-3.2-3b,wq_wo,2048,3072,3072,sarc_linear_dq8ca_coopmat_zpg_sweep_t128x128k32g22s32_texture3d_texture2d_half,1,1947.32,0.0442704,2026-10-08T00:55:42Z
2,sarc_linear_dq8ca_coopmat_zpg_sweep_t128x128k32g22s32,llama-3.2-3b,wk_wv,2048,1024,3072,sarc_linear_dq8ca_coopmat_zpg_sweep_t128x128k32g22s32_texture3d_texture2d_half,1,662.04,0.0458079,2026-10-08T00:55:42Z
2,sarc_linear_dq8ca_coopmat_zpg_sweep_t128x128k32g22s32,llama-3.2-3b,w1_w3,2048,8192,3072,sarc_linear_dq8ca_coopmat_zpg_sweep_t128x128k32g22s32_texture3d_texture2d_half,1,5233.24,0.0327883,2026-10-08T00:55:42Z
2,sarc_linear_dq8ca_coopmat_zpg_sweep_t128x128k32g22s32,llama-3.2-3b,w2,2048,3072,8192,sarc_linear_dq8ca_coopmat_zpg_sweep_t128x128k32g22s32_texture3d_texture2d_half,1,4811.26,0.0369577,2026-10-08T00:55:42Z
2,sarc_linear_dq8ca_coopmat_zpg_sweep_t128x128k32g22s32,llama-3.2-1b,wq_wo,2048,2048,2048,sarc_linear_dq8ca_coopmat_zpg_sweep_t128x128k32g22s32_texture3d_texture2d_half,1,877.5,0.0475716,2026-10-08T00:55:42Z
2,sarc_linear_dq8ca_coopmat_zpg_sweep_t128x128k32g22s32,llama-3.2-1b,wk_wv,2048,512,2048,sarc_linear_dq8ca_coopmat_zpg_sweep_t128x128k32g22s32_texture3d_texture2d_half,1,227.66,0.0456553,2026-10-08T00:55:42Z
2,sarc_linear_dq8ca_coopmat_zpg_sweep_t128x128k32g22s32,llama-3.2-1b,w1_w3,2048,8192,2048,sarc_linear_dq8ca_coopmat_zpg_sweep_t128x128k32g22s32_texture3d_texture2d_half,1,3465.48,0.0394543,2026-10-08T00:55:42Z
2,sarc_linear_dq8ca_coopmat_zpg_sweep_t128x128k32g22s32,llama-3.2-1b,w2,2048,2048,8192,sarc_linear_dq8ca_coopmat_zpg_sweep_t128x128k32g22s32_texture3d_texture2d_half,1,3304.76,0.0391427,2026-10-08T00:55:42Z
2,sarc_linear_dq8ca_coopmat_zpg_sweep_t128x128k32g24s32,llama-3.1-8b,wq_wo,2048,4096,4096,sarc_linear_dq8ca_coopmat_zpg_sweep_t128x128k32g24s32_texture3d_texture2d_half,1,3048.38,0.0367366,2026-10-08T00:56:30Z
2,sarc_linear_dq8ca_coopmat_zpg_sweep_t128x128k32g24s32,llama-3.1-8b,wk_wv,2048,1024,4096,sarc_linear_dq8ca_coopmat_zpg_sweep_t128x128k32g24s32_texture3d_texture2d_half,1,743.24,0.0359789,2026-10-08T00:56:30Z
2,sarc_linear_dq8ca_coopmat_zpg_sweep_t128x128k32g24s32,llama-3.1-8b,w1_w3,2048,14336,4096,sarc_linear_dq8ca_coopmat_zpg_sweep_t128x128k32g24s32_texture3d_texture2d_half,1,11081.3,0.027074,2026-10-08T00:56:30Z
2,sarc_linear_dq8ca_coopmat_zpg_sweep_t128x128k32g24s32,llama-3.1-8b,w2,2048,4096,14336,sarc_linear_dq8ca_coopmat_zpg_sweep_t128x128k32g24s32_texture3d_texture2d_half,1,11041.5,0.0211403,2026-10-08T00:56:30Z
2,sarc_linear_dq8ca_coopmat_zpg_sweep_t128x128k32g24s32,llama-3.2-3b,wq_wo,2048,3072,3072,sarc_linear_dq8ca_coopmat_zpg_sweep_t128x128k32g24s32_texture3d_texture2d_half,1,1636.94,0.0414538,2026-10-08T00:56:30Z
2,sarc_linear_dq8ca_coopmat_zpg_sweep_t128x128k32g24s32,llama-3.2-3b,wk_wv,2048,1024,3072,sarc_linear_dq8ca_coopmat_zpg_sweep_t128x128k32g24s32_texture3d_texture2d_half,1,557.84,0.0337407,2026-10-08T00:56:30Z
2,sarc_linear_dq8ca_coopmat_zpg_sweep_t128x128k32g24s32,llama-3.2-3b,w1_w3,2048,8192,3072,sarc_linear_dq8ca_coopmat_zpg_sweep_t128x128k32g24s32_texture3d_texture2d_half,1,4618.08,0.0295208,2026-10-08T00:56:30Z
2,sarc_linear_dq8ca_coopmat_zpg_sweep_t128x128k32g24s32,llama-3.2-3b,w2,2048,3072,8192,sarc_linear_dq8ca_coopmat_zpg_sweep_t128x128k32g24s32_texture3d_texture2d_half,1,4592.04,0.0288607,2026-10-08T00:56:30Z
2,sarc_linear_dq8ca_coopmat_zpg_sweep_t128x128k32g24s32,llama-3.2-1b,wq_wo,2048,2048,2048,sarc_linear_dq8ca_coopmat_zpg_sweep_t128x128k32g24s32_texture3d_texture2d_half,1,754.76,0.0348023,2026-10-08T00:56:30Z
2,sarc_linear_dq8ca_coopmat_zpg_sweep_t128x128k32g24s32,llama-3.2-1b,wk_wv,2048,512,2048,sarc_linear_dq8ca_coopmat_zpg_sweep_t128x128k32g24s32_texture3d_texture2d_half,1,181.36,0.0414473,2026-10-08T00:56:30Z
2,sarc_linear_dq8ca_coopmat_zpg_sweep_t128x128k32g24s32,llama-3.2-1b,w1_w3,2048,8192,2048,sarc_linear_dq8ca_coopmat_zpg_sweep_t128x128k32g24s32_texture3d_texture2d_half,1,3094.72,0.0322761,2026-10-08T00:56:30Z
2,sarc_linear_dq8ca_coopmat_zpg_sweep_t128x128k32g24s32,llama-3.2-1b,w2,2048,2048,8192,sarc_linear_dq8ca_coopmat_zpg_sweep_t128x128k32g24s32_texture3d_texture2d_half,1,3052.8,0.0340715,2026-10-08T00:56:30Z
2,sarc_linear_dq8ca_coopmat_zpg_sweep_t128x128k32g42s32,llama-3.1-8b,wq_wo,2048,4096,4096,sarc_linear_dq8ca_coopmat_zpg_sweep_t128x128k32g42s32_texture3d_texture2d_half,1,3040.08,0.0376957,2026-10-08T00:57:13Z
2,sarc_linear_dq8ca_coopmat_zpg_sweep_t128x128k32g42s32,llama-3.1-8b,wk_wv,2048,1024,4096,sarc_linear_dq8ca_coopmat_zpg_sweep_t128x128k32g42s32_texture3d_texture2d_half,1,747.92,0.036011,2026-10-08T00:57:13Z
2,sarc_linear_dq8ca_coopmat_zpg_sweep_t128x128k32g42s32,llama-3.1-8b,w1_w3,2048,14336,4096,sarc_linear_dq8ca_coopmat_zpg_sweep_t128x128k32g42s32_texture3d_texture2d_half,1,11164.3,0.0301581,2026-10-08T00:57:13Z
2,sarc_linear_dq8ca_coopmat_zpg_sweep_t128x128k32g42s32,llama-3.1-8b,w2,2048,4096,14336,sarc_linear_dq8ca_coopmat_zpg_sweep_t128x128k32g42s32_texture3d_texture2d_half,1,11115.7,0.0219297,2026-10-08T00:57:13Z
2,sarc_linear_dq8ca_coopmat_zpg_sweep_t128x128k32g42s32,llama-3.2-3b,wq_wo,2048,3072,3072,sarc_linear_dq8ca_coopmat_zpg_sweep_t128x128k32g42s32_texture3d_texture2d_half,1,1729.98,0.0352629,2026-10-08T00:57:13Z
2,sarc_linear_dq8ca_coopmat_zpg_sweep_t128x128k32g42s32,llama-3.2-3b,wk_wv,2048,1024,3072,sarc_linear_dq8ca_coopmat_zpg_sweep_t128x128k32g42s32_texture3d_texture2d_half,1,560.4,0.0346624,2026-10-08T00:57:13Z
2,sarc_linear_dq8ca_coopmat_zpg_sweep_t128x128k32g42s32,llama-3.2-3b,w1_w3,2048,8192,3072,sarc_linear_dq8ca_coopmat_zpg_sweep_t128x128k32g42s32_texture3d_texture2d_half,1,4648.92,0.0300015,2026-10-08T00:57:13Z
2,sarc_linear_dq8ca_coopmat_zpg_sweep_t128x128k32g42s32,llama-3.2-3b,w2,2048,3072,8192,sarc_linear_dq8ca_coopmat_zpg_sweep_t128x128k32g42s32_texture3d_texture2d_half,1,4635.64,0.0279179,2026-10-08T00:57:13Z
2,sarc_linear_dq8ca_coopmat_zpg_sweep_t128x128k32g42s32,llama-3.2-1b,wq_wo,2048,2048,2048,sarc_linear_dq8ca_coopmat_zpg_sweep_t128x128k32g42s32_texture3d_texture2d_half,1,757.96,0.0354994,2026-10-08T00:57:13Z
2,sarc_linear_dq8ca_coopmat_zpg_sweep_t128x128k32g42s32,llama-3.2-1b,wk_wv,2048,512,2048,sarc_linear_dq8ca_coopmat_zpg_sweep_t128x128k32g42s32_texture3d_texture2d_half,1,182,0.0412299,2026-10-08T00:57:13Z
2,sarc_linear_dq8ca_coopmat_zpg_sweep_t128x128k32g42s32,llama-3.2-1b,w1_w3,2048,8192,2048,sarc_linear_dq8ca_coopmat_zpg_sweep_t128x128k32g42s32_texture3d_texture2d_half,1,3112.18,0.031562,2026-10-08T00:57:13Z
2,sarc_linear_dq8ca_coopmat_zpg_sweep_t128x128k32g42s32,llama-3.2-1b,w2,2048,2048,8192,sarc_linear_dq8ca_coopmat_zpg_sweep_t128x128k32g42s32_texture3d_texture2d_half,1,3081.68,0.0315843,2026-10-08T00:57:13Z
2,sarc_linear_dq8ca_coopmat_zpg_sweep_t128x32k32g22s32,llama-3.1-8b,wq_wo,2048,4096,4096,sarc_linear_dq8ca_coopmat_zpg_sweep_t128x32k32g22s32_texture3d_texture2d_half,1,2608.96,0.044777,2026-10-08T00:57:56Z
2,sarc_linear_dq8ca_coopmat_zpg_sweep_t128x32k32g22s32,llama-3.1-8b,wk_wv,2048,1024,4096,sarc_linear_dq8ca_coopmat_zpg_sweep_t128x32k32g22s32_texture3d_texture2d_half,1,679.8,0.0492838,2026-10-08T00:57:56Z
2,sarc_linear_dq8ca_coopmat_zpg_sweep_t128x32k32g22s32,llama-3.1-8b,w1_w3,2048,14336,4096,sarc_linear_dq8ca_coopmat_zpg_sweep_t128x32k32g22s32_texture3d_texture2d_half,1,9593.9,0.0313366,2026-10-08T00:57:56Z
2,sarc_linear_dq8ca_coopmat_zpg_sweep_t128x32k32g22s32,llama-3.1-8b,w2,2048,4096,14336,sarc_linear_dq8ca_coopmat_zpg_sweep_t128x32k32g22s32_texture3d_texture2d_half,1,9464.8,0.0274322,2026-10-08T00:57:56Z
2,sarc_linear_dq8ca_coopmat_zpg_sweep_t128x32k32g22s32,llama-3.2-3b,wq_wo,2048,3072,3072,sarc_linear_dq8ca_coopmat_zpg_sweep_t128x32k32g22s32_texture3d_texture2d_half,1,1514.32,0.0434028,2026-10-08T00:57:56Z
2,sarc_linear_dq8ca_coopmat_zpg_sweep_t128x32k32g22s32,llama-3.2-3b,wk_wv,2048,1024,3072,sarc_linear_dq8ca_coopmat_zpg_sweep_t128x32k32g22s32_texture3d_texture2d_half,1,511.8,0.0415059,2026-10-08T00:57:56Z
2,sarc_linear_dq8ca_coopmat_zpg_sweep_t128x32k32g22s32,llama-3.2-3b,w1_w3,2048,8192,3072,sarc_linear_dq8ca_coopmat_zpg_sweep_t128x32k32g22s32_texture3d_texture2d_half,1,4006.64,0.0355675,2026-10-08T00:57:56Z
2,sarc_linear_dq8ca_coopmat_zpg_sweep_t128x32k32g22s32,llama-3.2-3b,w2,2048,3072,8192,sarc_linear_dq8ca_coopmat_zpg_sweep_t128x32k32g22s32_texture3d_texture2d_half,1,3999.12,0.030373,2026-10-08T00:57:56Z
2,sarc_linear_dq8ca_coopmat_zpg_sweep_t128x32k32g22s32,llama-3.2-1b,wq_wo,2048,2048,2048,sarc_linear_dq8ca_coopmat_zpg_sweep_t128x32k32g22s32_texture3d_texture2d_half,1,680.24,0.0419496,2026-10-08T00:57:56Z
2,sarc_linear_dq8ca_coopmat_zpg_sweep_t128x32k32g22s32,llama-3.2-1b,wk_wv,2048,512,2048,sarc_linear_dq8ca_coopmat_zpg_sweep_t128x32k32g22s32_texture3d_texture2d_half,1,167.52,0.0459792,2026-10-08T00:57:56Z
2,sarc_linear_dq8ca_coopmat_zpg_sweep_t128x32k32g22s32,llama-3.2-1b,w1_w3,2048,8192,2048,sarc_linear_dq8ca_coopmat_zpg_sweep_t128x32k32g22s32_texture3d_texture2d_half,1,2681.08,0.0401516,2026-10-08T00:57:56Z
2,sarc_linear_dq8ca_coopmat_zpg_sweep_t128x32k32g22s32,llama-3.2-1b,w2,2048,2048,8192,sarc_linear_dq8ca_coopmat_zpg_sweep_t128x32k32g22s32_texture3d_texture2d_half,1,2681.4,0.0368227,2026-10-08T00:57:56Z
2,sarc_linear_dq8ca_coopmat_zpg_sweep_t128x64k32g12s32,llama-3.1-8b,wq_wo,2048,4096,4096,sarc_linear_dq8ca_coopmat_zpg_sweep_t128x64k32g12s32_texture3d_texture2d_half,1,3516.86,0.0417333,2026-10-08T00:58:44Z
2,sarc_linear_dq8ca_coopmat_zpg_sweep_t128x64k32g12s32,llama-3.1-8b,wk_wv,2048,1024,4096,sarc_linear_dq8ca_coopmat_zpg_sweep_t128x64k32g12s32_texture3d_texture2d_half,1,915.48,0.0474272,2026-10-08T00:58:44Z
2,sarc_linear_dq8ca_coopmat_zpg_sweep_t128x64k32g12s32,llama-3.1-8b,w1_w3,2048,14336,4096,sarc_linear_dq8ca_coopmat_zpg_sweep_t128x64k32g12s32_texture3d_texture2d_half,1,13394.1,0.0275789,2026-10-08T00:58:44Z
2,sarc_linear_dq8ca_coopmat_zpg_sweep_t128x64k32g12s32,llama-3.1-8b,w2,2048,4096,14336,sarc_linear_dq8ca_coopmat_zpg_sweep_t128x64k32g12s32_texture3d_texture2d_half,1,12859.2,0.0108868,2026-10-08T00:58:44Z
2,sarc_linear_dq8ca_coopmat_zpg_sweep_t128x64k32g12s32,llama-3.2-3b,wq_wo,2048,3072,3072,sarc_linear_dq8ca_coopmat_zpg_sweep_t128x64k32g12s32_texture3d_texture2d_half,1,2012.56,0.0465266,2026-10-08T00:58:44Z
2,sarc_linear_dq8ca_coopmat_zpg_sweep_t128x64k32g12s32,llama-3.2-3b,wk_wv,2048,1024,3072,sarc_linear_dq8ca_coopmat_zpg_sweep_t128x64k32g12s32_texture3d_texture2d_half,1,684.54,0.0442009,2026-10-08T00:58:44Z
2,sarc_linear_dq8ca_coopmat_zpg_sweep_t128x64k32g12s32,llama-3.2-3b,w1_w3,2048,8192,3072,sarc_linear_dq8ca_coopmat_zpg_sweep_t128x64k32g12s32_texture3d_texture2d_half,1,5319.14,0.0347064,2026-10-08T00:58:44Z
2,sarc_linear_dq8ca_coopmat_zpg_sweep_t128x64k32g12s32,llama-3.2-3b,w2,2048,3072,8192,sarc_linear_dq8ca_coopmat_zpg_sweep_t128x64k32g12s32_texture3d_texture2d_half,1,5261.92,0.0309815,2026-10-08T00:58:44Z
2,sarc_linear_dq8ca_coopmat_zpg_sweep_t128x64k32g12s32,llama-3.2-1b,wq_wo,2048,2048,2048,sarc_linear_dq8ca_coopmat_zpg_sweep_t128x64k32g12s32_texture3d_texture2d_half,1,902.56,0.0451009,2026-10-08T00:58:44Z
2,sarc_linear_dq8ca_coopmat_zpg_sweep_t128x64k32g12s32,llama-3.2-1b,wk_wv,2048,512,2048,sarc_linear_dq8ca_coopmat_zpg_sweep_t128x64k32g12s32_texture3d_texture2d_half,1,255.06,0.0404911,2026-10-08T00:58:44Z
2,sarc_linear_dq8ca_coopmat_zpg_sweep_t128x64k32g12s32,llama-3.2-1b,w1_w3,2048,8192,2048,sarc_linear_dq8ca_coopmat_zpg_sweep_t128x64k32g12s32_texture3d_texture2d_half,1,3539.52,0.0402533,2026-10-08T00:58:44Z
2,sarc_linear_dq8ca_coopmat_zpg_sweep_t128x64k32g12s32,llama-3.2-1b,w2,2048,2048,8192,sarc_linear_dq8ca_coopmat_zpg_sweep_t128x64k32g12s32_texture3d_texture2d_half,1,3572.8,0.0324654,2026-10-08T00:58:44Z
2,sarc_linear_dq8ca_coopmat_zpg_sweep_t128x64k32g21s32,llama-3.1-8b,wq_wo,2048,4096,4096,sarc_linear_dq8ca_coopmat_zpg_sweep_t128x64k32g21s32_texture3d_texture2d_half,1,3405.44,0.0453936,2026-10-08T00:59:32Z
2,sarc_linear_dq8ca_coopmat_zpg_sweep_t128x64k32g21s32,llama-3.1-8b,wk_wv,2048,1024,4096,sarc_linear_dq8ca_coopmat_zpg_sweep_t128x64k32g21s32_texture3d_texture2d_half,1,905.88,0.0528872,2026-10-08T00:59:32Z
2,sarc_linear_dq8ca_coopmat_zpg_sweep_t128x64k32g21s32,llama-3.1-8b,w1_w3,2048,14336,4096,sarc_linear_dq8ca_coopmat_zpg_sweep_t128x64k32g21s32_texture3d_texture2d_half,1,12727.5,0.0332696,2026-10-08T00:59:32Z
2,sarc_linear_dq8ca_coopmat_zpg_sweep_t128x64k32g21s32,llama-3.1-8b,w2,2048,4096,14336,sarc_linear_dq8ca_coopmat_zpg_sweep_t128x64k32g21s32_texture3d_texture2d_half,1,12686.9,0.0226651,2026-10-08T00:59:32Z
2,sarc_linear_dq8ca_coopmat_zpg_sweep_t128x64k32g21s32,llama-3.2-3b,wq_wo,2048,3072,3072,sarc_linear_dq8ca_coopmat_zpg_sweep_t128x64k32g21s32_texture3d_texture2d_half,1,1996.64,0.04997,2026-10-08T00:59:32Z
2,sarc_linear_dq8ca_coopmat_zpg_sweep_t128x64k32g21s32,llama-3.2-3b,wk_wv,2048,1024,3072,sarc_linear_dq8ca_coopmat_zpg_sweep_t128x64k32g21s32_texture3d_texture2d_half,1,692.82,0.0467786,2026-10-08T00:59:32Z
2,sarc_linear_dq8ca_coopmat_zpg_sweep_t128x64k32g21s32,llama-3.2-3b,w1_w3,2048,8192,3072,sarc_linear_dq8ca_coopmat_zpg_sweep_t128x64k32g21s32_texture3d_texture2d_half,1,5228.32,0.0401749,2026-10-08T00:59:32Z
2,sarc_linear_dq8ca_coopmat_zpg_sweep_t128x64k32g21s32,llama-3.2-3b,w2,2048,3072,8192,sarc_linear_dq8ca_coopmat_zpg_sweep_t128x64k32g21s32_texture3d_texture2d_half,1,4986.38,0.0372012,2026-10-08T00:59:32Z
2,sarc_linear_dq8ca_coopmat_zpg_sweep_t128x64k32g21s32,llama-3.2-1b,wq_wo,2048,2048,2048,sarc_linear_dq8ca_coopmat_zpg_sweep_t128x64k32g21s32_texture3d_texture2d_half,1,896.92,0.0498745,2026-10-08T00:59:32Z
2,sarc_linear_dq8ca_coopmat_zpg_sweep_t128x64k32g21s32,llama-3.2-1b,wk_wv,2048,512,2048,sarc_linear_dq8ca_coopmat_zpg_sweep_t128x64k32g21s32_texture3d_texture2d_half,1,233.64,0.0505298,2026-10-08T00:59:32Z
2,sarc_linear_dq8ca_coopmat_zpg_sweep_t128x64k32g21s32,llama-3.2-1b,w1_w3,2048,8192,2048,sarc_linear_dq8ca_coopmat_zpg_sweep_t128x64k32g21s32_texture3d_texture2d_half,1,3456.12,0.0449254,2026-10-08T00:59:32Z
2,sarc_linear_dq8ca_coopmat_zpg_sweep_t128x64k32g21s32,llama-3.2-1b,w2,2048,2048,8192,sarc_linear_dq8ca_coopmat_zpg_sweep_t128x64k32g21s32_texture3d_texture2d_half,1,3366,0.0393677,2026-10-08T00:59:32Z
2,sarc_linear_dq8ca_coopmat_zpg_sweep_t128x64k32g22s32,llama-3.1-8b,wq_wo,2048,4096,4096,sarc_linear_dq8ca_coopmat_zpg_sweep_t128x64k32g22s32_texture3d_texture2d_half,1,2723.3,0.0409006,2026-10-08T01:00:20Z
2,sarc_linear_dq8ca_coopmat_zpg_sweep_t128x64k32g22s32,llama-3.1-8b,wk_wv,2048,1024,4096,sarc_linear_dq8ca_coopmat_zpg_sweep_t128x64k32g22s32_texture3d_texture2d_half,1,697.92,0.0374882,2026-10-08T01:00:20Z
2,sarc_linear_dq8ca_coopmat_zpg_sweep_t128x64k32g22s32,llama-3.1-8b,w1_w3,2048,14336,4096,sarc_linear_dq8ca_coopmat_zpg_sweep_t128x64k32g22s32_texture3d_texture2d_half,1,9891.68,0.0371943,2026-10-08T01:00:20Z
2,sarc_linear_dq8ca_coopmat_zpg_sweep_t128x64k32g22s32,llama-3.1-8b,w2,2048,4096,14336,sarc_linear_dq8ca_coopmat_zpg_sweep_t128x64k32g22s32_texture3d_texture2d_half,1,10020,0.0196367,2026-10-08T01:00:20Z
2,sarc_linear_dq8ca_coopmat_zpg_sweep_t128x64k32g22s32,llama-3.2-3b,wq_wo,2048,3072,3072,sarc_linear_dq8ca_coopmat_zpg_sweep_t128x64k32g22s32_texture3d_texture2d_half,1,1568.2,0.0359234,2026-10-08T01:00:20Z
2,sarc_linear_dq8ca_coopmat_zpg_sweep_t128x64k32g22s32,llama-3.2-3b,wk_wv,2048,1024,3072,sarc_linear_dq8ca_coopmat_zpg_sweep_t128x64k32g22s32_texture3d_texture2d_half,1,523.72,0.0362067,2026-10-08T01:00:20Z
2,sarc_linear_dq8ca_coopmat_zpg_sweep_t128x64k32g22s32,llama-3.2-3b,w1_w3,2048,8192,3072,sarc_linear_dq8ca_coopmat_zpg_sweep_t128x64k32g22s32_texture3d_texture2d_half,1,4164.12,0.029007,2026-10-08T01:00:20Z
2,sarc_linear_dq8ca_coopmat_zpg_sweep_t128x64k32g22s32,llama-3.2-3b,w2,2048,3072,8192,sarc_linear_dq8ca_coopmat_zpg_sweep_t128x64k32g22s32_texture3d_texture2d_half,1,4175.04,0.0243092,2026-10-08T01:00:20Z
2,sarc_linear_dq8ca_coopmat_zpg_sweep_t128x64k32g22s32,llama-3.2-1b,wq_wo,2048,2048,2048,sarc_linear_dq8ca_coopmat_zpg_sweep_t128x64k32g22s32_texture3d_texture2d_half,1,699.72,0.0395147,2026-10-08T01:00:20Z
2,sarc_linear_dq8ca_coopmat_zpg_sweep_t128x64k32g22s32,llama-3.2-1b,wk_wv,2048,512,2048,sarc_linear_dq8ca_coopmat_zpg_sweep_t128x64k32g22s32_texture3d_texture2d_half,1,171.12,0.0431732,2026-10-08T01:00:20Z
2,sarc_linear_dq8ca_coopmat_zpg_sweep_t128x64k32g22s32,llama-3.2-1b,w1_w3,2048,8192,2048,sarc_linear_dq8ca_coopmat_zpg_sweep_t128x64k32g22s32_texture3d_texture2d_half,1,2780.96,0.0331539,2026-10-08T01:00:20Z
2,sarc_linear_dq8ca_coopmat_zpg_sweep_t128x64k32g22s32,llama-3.2-1b,w2,2048,2048,8192,sarc_linear_dq8ca_coopmat_zpg_sweep_t128x64k32g22s32_texture3d_texture2d_half,1,2818.76,0.0365334,2026-10-08T01:00:20Z
2,sarc_linear_dq8ca_coopmat_zpg_sweep_t128x64k32g24s32,llama-3.1-8b,wq_wo,2048,4096,4096,sarc_linear_dq8ca_coopmat_zpg_sweep_t128x64k32g24s32_texture3d_texture2d_half,1,2665.98,0.041048,2026-10-08T01:01:03Z
2,sarc_linear_dq8ca_coopmat_zpg_sweep_t128x64k32g24s32,llama-3.1-8b,wk_wv,2048,1024,4096,sarc_linear_dq8ca_coopmat_zpg_sweep_t128x64k32g24s32_texture3d_texture2d_half,1,680.52,0.0379323,2026-10-08T01:01:03Z
2,sarc_linear_dq8ca_coopmat_zpg_sweep_t128x64k32g24s32,llama-3.1-8b,w1_w3,2048,14336,4096,sarc_linear_dq8ca_coopmat_zpg_sweep_t128x64k32g24s32_texture3d_texture2d_half,1,9525.52,0.0403688,2026-10-08T01:01:03Z
2,sarc_linear_dq8ca_coopmat_zpg_sweep_t128x64k32g24s32,llama-3.1-8b,w2,2048,4096,14336,sarc_linear_dq8ca_coopmat_zpg_sweep_t128x64k32g24s32_texture3d_texture2d_half,1,9482.76,0.0207701,2026-10-08T01:01:03Z
2,sarc_linear_dq8ca_coopmat_zpg_sweep_t128x64k32g24s32,llama-3.2-3b,wq_wo,2048,3072,3072,sarc_linear_dq8ca_coopmat_zpg_sweep_t128x64k32g24s32_texture3d_texture2d_half,1,1520.66,0.0369506,2026-10-08T01:01:03Z
2,sarc_linear_dq8ca_coopmat_zpg_sweep_t128x64k32g24s32,llama-3.2-3b,wk_wv,2048,1024,3072,sarc_linear_dq8ca_coopmat_zpg_sweep_t128x64k32g24s32_texture3d_texture2d_half,1,513.24,0.0376123,2026-10-08T01:01:03Z
2,sarc_linear_dq8ca_coopmat_zpg_sweep_t128x64k32g24s32,llama-3.2-3b,w1_w3,2048,8192,3072,sarc_linear_dq8ca_coopmat_zpg_sweep_t128x64k32g24s32_texture3d_texture2d_half,1,4028.88,0.029372,2026-10-08T01:01:03Z
2,sarc_linear_dq8ca_coopmat_zpg_sweep_t128x64k32g24s32,llama-3.2-3b,w2,2048,3072,8192,sarc_linear_dq8ca_coopmat_zpg_sweep_t128x64k32g24s32_texture3d_texture2d_half,1,4033.44,0.0275881,2026-10-08T01:01:03Z
2,sarc_linear_dq8ca_coopmat_zpg_sweep_t128x64k32g24s32,llama-3.2-1b,wq_wo,2048,2048,2048,sarc_linear_dq8ca_coopmat_zpg_sweep_t128x64k32g24s32_texture3d_texture2d_half,1,683,0.0384825,2026-10-08T01:01:03Z
2,sarc_linear_dq8ca_coopmat_zpg_sweep_t128x64k32g24s32,llama-3.2-1b,wk_wv,2048,512,2048,sarc_linear_dq8ca_coopmat_zpg_sweep_t128x64k32g24s32_texture3d_texture2d_half,1,170.38,0.045562,2026-10-08T01:01:03Z
2,sarc_linear_dq8ca_coopmat_zpg_sweep_t128x64k32g24s32,llama-3.2-1b,w1_w3,2048,8192,2048,sarc_linear_dq8ca_coopmat_zpg_sweep_t128x64k32g24s32_texture3d_texture2d_half,1,2708.02,0.0357559,2026-10-08T01:01:03Z
2,sarc_linear_dq8ca_coopmat_zpg_sweep_t128x64k32g24s32,llama-3.2-1b,w2,2048,2048,8192,sarc_linear_dq8ca_coopmat_zpg_sweep_t128x64k32g24s32_texture3d_texture2d_half,1,2705.58,0.0379868,2026-10-08T01:01:03Z
2,sarc_linear_dq8ca_coopmat_zpg_sweep_t128x64k64g22s32,llama-3.1-8b,wq_wo,2048,4096,4096,sarc_linear_dq8ca_coopmat_zpg_sweep_t128x64k64g22s32_texture3d_texture2d_half,1,2596.84,0.0417521,2026-10-08T01:01:46Z
2,sarc_linear_dq8ca_coopmat_zpg_sweep_t128x64k64g22s32,llama-3.1-8b,wk_wv,2048,1024,4096,sarc_linear_dq8ca_coopmat_zpg_sweep_t128x64k64g22s32_texture3d_texture2d_half,1,663.28,0.0379363,2026-10-08T01:01:46Z
2,sarc_linear_dq8ca_coopmat_zpg_sweep_t128x64k64g22s32,llama-3.1-8b,w1_w3,2048,14336,4096,sarc_linear_dq8ca_coopmat_zpg_sweep_t128x64k64g22s32_texture3d_texture2d_half,1,9353.36,0.0290311,2026-10-08T01:01:46Z
2,sarc_linear_dq8ca_coopmat_zpg_sweep_t128x64k64g22s32,llama-3.1-8b,w2,2048,4096,14336,sarc_linear_dq8ca_coopmat_zpg_sweep_t128x64k64g22s32_texture3d_texture2d_half,1,9271.24,0.0231929,2026-10-08T01:01:46Z
2,sarc_linear_dq8ca_coopmat_zpg_sweep_t128x64k64g22s32,llama-3.2-3b,wq_wo,2048,3072,3072,sarc_linear_dq8ca_coopmat_zpg_sweep_t128x64k64g22s32_texture3d_texture2d_half,1,1483.4,0.0375941,2026-10-08T01:01:46Z
2,sarc_linear_dq8ca_coopmat_zpg_sweep_t128x64k64g22s32,llama-3.2-3b,wk_wv,2048,1024,3072,sarc_linear_dq8ca_coopmat_zpg_sweep_t128x64k64g22s32_texture3d_texture2d_half,1,500.6,0.0379951,2026-10-08T01:01:46Z
2,sarc_linear_dq8ca_coopmat_zpg_sweep_t128x64k64g22s32,llama-3.2-3b,w1_w3,2048,8192,3072,sarc_linear_dq8ca_coopmat_zpg_sweep_t128x64k64g22s32_texture3d_texture2d_half,1,3946,0.0304634,2026-10-08T01:01:46Z
2,sarc_linear_dq8ca_coopmat_zpg_sweep_t128x64k64g22s32,llama-3.2-3b,w2,2048,3072,8192,sarc_linear_dq8ca_coopmat_zpg_sweep_t128x64k64g22s32_texture3d_texture2d_half,1,3950.64,0.0270342,2026-10-08T01:01:46Z
2,sarc_linear_dq8ca_coopmat_zpg_sweep_t128x64k64g22s32,llama-3.2-1b,wq_wo,2048,2048,2048,sarc_linear_dq8ca_coopmat_zpg_sweep_t128x64k64g22s32_texture3d_texture2d_half,1,667.04,0.0387719,2026-10-08T01:01:46Z
2,sarc_linear_dq8ca_coopmat_zpg_sweep_t128x64k64g22s32,llama-3.2-1b,wk_wv,2048,512,2048,sarc_linear_dq8ca_coopmat_zpg_sweep_t128x64k64g22s32_texture3d_texture2d_half,1,164.68,0.0452944,2026-10-08T01:01:46Z
2,sarc_linear_dq8ca_coopmat_zpg_sweep_t128x64k64g22s32,llama-3.2-1b,w1_w3,2048,8192,2048,sarc_linear_dq8ca_coopmat_zpg_sweep_t128x64k64g22s32_texture3d_texture2d_half,1,2646.3,0.0354149,2026-10-08T01:01:46Z
2,sarc_linear_dq8ca_coopmat_zpg_sweep_t128x64k64g22s32,llama-3.2-1b,w2,2048,2048,8192,sarc_linear_dq8ca_coopmat_zpg_sweep_t128x64k64g22s32_texture3d_texture2d_half,1,2696.84,0.0408977,2026-10-08T01:01:46Z
2,sarc_linear_dq8ca_coopmat_zpg_sweep_t128x64k64g42s32,llama-3.1-8b,wq_wo,2048,4096,4096,sarc_linear_dq8ca_coopmat_zpg_sweep_t128x64k64g42s32_texture3d_texture2d_half,1,3344.16,0.0355817,2026-10-08T01:02:28Z
2,sarc_linear_dq8ca_coopmat_zpg_sweep_t128x64k64g42s32,llama-3.1-8b,wk_wv,2048,1024,4096,sarc_linear_dq8ca_coopmat_zpg_sweep_t128x64k64g42s32_texture3d_texture2d_half,1,825.84,0.0399595,2026-10-08T01:02:28Z
2,sarc_linear_dq8ca_coopmat_zpg_sweep_t128x64k64g42s32,llama-3.1-8b,w1_w3,2048,14336,4096,sarc_linear_dq8ca_coopmat_zpg_sweep_t128x64k64g42s32_texture3d_texture2d_half,1,12285.5,0.0275363,2026-10-08T01:02:28Z
2,sarc_linear_dq8ca_coopmat_zpg_sweep_t128x64k64g42s32,llama-3.1-8b,w2,2048,4096,14336,sarc_linear_dq8ca_coopmat_zpg_sweep_t128x64k64g42s32_texture3d_texture2d_half,1,12177.3,0.0187847,2026-10-08T01:02:28Z
2,sarc_linear_dq8ca_coopmat_zpg_sweep_t128x64k64g42s32,llama-3.2-3b,wq_wo,2048,3072,3072,sarc_linear_dq8ca_coopmat_zpg_sweep_t128x64k64g42s32_texture3d_texture2d_half,1,1910.44,0.0337504,2026-10-08T01:02:28Z
2,sarc_linear_dq8ca_coopmat_zpg_sweep_t128x64k64g42s32,llama-3.2-3b,wk_wv,2048,1024,3072,sarc_linear_dq8ca_coopmat_zpg_sweep_t128x64k64g42s32_texture3d_texture2d_half,1,615.68,0.0408328,2026-10-08T01:02:28Z
2,sarc_linear_dq8ca_coopmat_zpg_sweep_t128x64k64g42s32,llama-3.2-3b,w1_w3,2048,8192,3072,sarc_linear_dq8ca_coopmat_zpg_sweep_t128x64k64g42s32_texture3d_texture2d_half,1,5105.36,0.0241246,2026-10-08T01:02:28Z
2,sarc_linear_dq8ca_coopmat_zpg_sweep_t128x64k64g42s32,llama-3.2-3b,w2,2048,3072,8192,sarc_linear_dq8ca_coopmat_zpg_sweep_t128x64k64g42s32_texture3d_texture2d_half,1,5113.82,0.0244359,2026-10-08T01:02:28Z
2,sarc_linear_dq8ca_coopmat_zpg_sweep_t128x64k64g42s32,llama-3.2-1b,wq_wo,2048,2048,2048,sarc_linear_dq8ca_coopmat_zpg_sweep_t128x64k64g42s32_texture3d_texture2d_half,1,845.74,0.0400061,2026-10-08T01:02:28Z
2,sarc_linear_dq8ca_coopmat_zpg_sweep_t128x64k64g42s32,llama-3.2-1b,wk_wv,2048,512,2048,sarc_linear_dq8ca_coopmat_zpg_sweep_t128x64k64g42s32_texture3d_texture2d_half,1,204.08,0.0409153,2026-10-08T01:02:28Z
2,sarc_linear_dq8ca_coopmat_zpg_sweep_t128x64k64g42s32,llama-3.2-1b,w1_w3,2048,8192,2048,sarc_linear_dq8ca_coopmat_zpg_sweep_t128x64k64g42s32_texture3d_texture2d_half,1,3407.04,0.0308867,2026-10-08T01:02:28Z
2,sarc_linear_dq8ca_coopmat_zpg_sweep_t128x64k64g42s32,llama-3.2-1b,w2,2048,2048,8192,sarc_linear_dq8ca_coopmat_zpg_sweep_t128x64k64g42s32_texture3d_texture2d_half,1,3511.48,0.0233142,2026-10-08T01:02:28Z
2,sarc_linear_dq8ca_coopmat_zpg_sweep_t256x32k32g14s32,llama-3.1-8b,wq_wo,2048,4096,4096,sarc_linear_dq8ca_coopmat_zpg_sweep_t256x32k32g14s32_texture3d_texture2d_half,1,2731.08,0.0397502,2026-10-08T01:03:10Z
2,sarc_linear_dq8ca_coopmat_zpg_sweep_t256x32k32g14s32,llama-3.1-8b,wk_wv,2048,1024,4096,sarc_linear_dq8ca_coopmat_zpg_sweep_t256x32k32g14s32_texture3d_texture2d_half,1,702.4,0.042459,2026-10-08T01:03:10Z
2,sarc_linear_dq8ca_coopmat_zpg_sweep_t256x32k32g14s32,llama-3.1-8b,w1_w3,2048,14336,4096,sarc_linear_dq8ca_coopmat_zpg_sweep_t256x32k32g14s32_texture3d_texture2d_half,1,10027.3,0.0231062,2026-10-08T01:03:10Z
2,sarc_linear_dq8ca_coopmat_zpg_sweep_t256x32k32g14s32,llama-3.1-8b,w2,2048,4096,14336,sarc_linear_dq8ca_coopmat_zpg_sweep_t256x32k32g14s32_texture3d_texture2d_half,1,10190.6,0.0177219,2026-10-08T01:03:10Z
2,sarc_linear_dq8ca_coopmat_zpg_sweep_t256x32k32g14s32,llama-3.2-3b,wq_wo,2048,3072,3072,sarc_linear_dq8ca_coopmat_zpg_sweep_t256x32k32g14s32_texture3d_texture2d_half,1,1562.84,0.0344134,2026-10-08T01:03:10Z
2,sarc_linear_dq8ca_coopmat_zpg_sweep_t256x32k32g14s32,llama-3.2-3b,wk_wv,2048,1024,3072,sarc_linear_dq8ca_coopmat_zpg_sweep_t256x32k32g14s32_texture3d_texture2d_half,1,526.96,0.0403703,2026-10-08T01:03:10Z
2,sarc_linear_dq8ca_coopmat_zpg_sweep_t256x32k32g14s32,llama-3.2-3b,w1_w3,2048,8192,3072,sarc_linear_dq8ca_coopmat_zpg_sweep_t256x32k32g14s32_texture3d_texture2d_half,1,4168.26,0.0288351,2026-10-08T01:03:10Z
2,sarc_linear_dq8ca_coopmat_zpg_sweep_t256x32k32g14s32,llama-3.2-3b,w2,2048,3072,8192,sarc_linear_dq8ca_coopmat_zpg_sweep_t256x32k32g14s32_texture3d_texture2d_half,1,4233.04,0.0261173,2026-10-08T01:03:10Z
2,sarc_linear_dq8ca_coopmat_zpg_sweep_t256x32k32g14s32,llama-3.2-1b,wq_wo,2048,2048,2048,sarc_linear_dq8ca_coopmat_zpg_sweep_t256x32k32g14s32_texture3d_texture2d_half,1,697.36,0.0419568,2026-10-08T01:03:10Z
2,sarc_linear_dq8ca_coopmat_zpg_sweep_t256x32k32g14s32,llama-3.2-1b,wk_wv,2048,512,2048,sarc_linear_dq8ca_coopmat_zpg_sweep_t256x32k32g14s32_texture3d_texture2d_half,1,173.94,0.0419388,2026-10-08T01:03:10Z
2,sarc_linear_dq8ca_coopmat_zpg_sweep_t256x32k32g14s32,llama-3.2-1b,w1_w3,2048,8192,2048,sarc_linear_dq8ca_coopmat_zpg_sweep_t256x32k32g14s32_texture3d_texture2d_half,1,2771.24,0.0325462,2026-10-08T01:03:10Z
2,sarc_linear_dq8ca_coopmat_zpg_sweep_t256x32k32g14s32,llama-3.2-1b,w2,2048,2048,8192,sarc_linear_dq8ca_coopmat_zpg_sweep_t256x32k32g14s32_texture3d_texture2d_half,1,2871.88,0.0419882,2026-10-08T01:03:10Z
2,sarc_linear_dq8ca_coopmat_zpg_sweep_t256x64k32g24s32,llama-3.1-8b,wq_wo,2048,4096,4096,sarc_linear_dq8ca_coopmat_zpg_sweep_t256x64k32g24s32_texture3d_texture2d_half,1,2963.52,0.0362738,2026-10-08T01:03:53Z
2,sarc_linear_dq8ca_coopmat_zpg_sweep_t256x64k32g24s32,llama-3.1-8b,wk_wv,2048,1024,4096,sarc_linear_dq8ca_coopmat_zpg_sweep_t256x64k32g24s32_texture3d_texture2d_half,1,732.12,0.0395376,2026-10-08T01:03:53Z
2,sarc_linear_dq8ca_coopmat_zpg_sweep_t256x64k32g24s32,llama-3.1-8b,w1_w3,2048,14336,4096,sarc_linear_dq8ca_coopmat_zpg_sweep_t256x64k32g24s32_texture3d_texture2d_half,1,11043.8,0.0256868,2026-10-08T01:03:53Z
2,sarc_linear_dq8ca_coopmat_zpg_sweep_t256x64k32g24s32,llama-3.1-8b,w2,2048,4096,14336,sarc_linear_dq8ca_coopmat_zpg_sweep_t256x64k32g24s32_texture3d_texture2d_half,1,11058,0.0208185,2026-10-08T01:03:53Z
2,sarc_linear_dq8ca_coopmat_zpg_sweep_t256x64k32g24s32,llama-3.2-3b,wq_wo,2048,3072,3072,sarc_linear_dq8ca_coopmat_zpg_sweep_t256x64k32g24s32_texture3d_texture2d_half,1,1693.64,0.0336265,2026-10-08T01:03:53Z
2,sarc_linear_dq8ca_coopmat_zpg_sweep_t256x64k32g24s32,llama-3.2-3b,wk_wv,2048,1024,3072,sarc_linear_dq8ca_coopmat_zpg_sweep_t256x64k32g24s32_texture3d_texture2d_half,1,550.6,0.0348343,2026-10-08T01:03:53Z
2,sarc_linear_dq8ca_coopmat_zpg_sweep_t256x64k32g24s32,llama-3.2-3b,w1_w3,2048,8192,3072,sarc_linear_dq8ca_coopmat_zpg_sweep_t256x64k32g24s32_texture3d_texture2d_half,1,4526.8,0.0278635,2026-10-08T01:03:53Z
2,sarc_linear_dq8ca_coopmat_zpg_sweep_t256x64k32g24s32,llama-3.2-3b,w2,2048,3072,8192,sarc_linear_dq8ca_coopmat_zpg_sweep_t256x64k32g24s32_texture3d_texture2d_half,1,4566.5,0.0247331,2026-10-08T01:03:53Z
2,sarc_linear_dq8ca_coopmat_zpg_sweep_t256x64k32g24s32,llama-3.2-1b,wq_wo,2048,2048,2048,sarc_linear_dq8ca_coopmat_zpg_sweep_t256x64k32g24s32_texture3d_texture2d_half,1,752.78,0.0396109,2026-10-08T01:03:53Z
2,sarc_linear_dq8ca_coopmat_zpg_sweep_t256x64k32g24s32,llama-3.2-1b,wk_wv,2048,512,2048,sarc_linear_dq8ca_coopmat_zpg_sweep_t256x64k32g24s32_texture3d_texture2d_half,1,178.22,0.0410926,2026-10-08T01:03:53Z
2,sarc_linear_dq8ca_coopmat_zpg_sweep_t256x64k32g24s32,llama-3.2-1b,w1_w3,2048,8192,2048,sarc_linear_dq8ca_coopmat_zpg_sweep_t256x64k32g24s32_texture3d_texture2d_half,1,3014.4,0.0307699,2026-10-08T01:03:53Z
2,sarc_linear_dq8ca_coopmat_zpg_sweep_t256x64k32g24s32,llama-3.2-1b,w2,2048,2048,8192,sarc_linear_dq8ca_coopmat_zpg_sweep_t256x64k32g24s32_texture3d_texture2d_half,1,3085.32,0.0364136,2026-10-08T01:03:53Z
2,sarc_linear_dq8ca_coopmat_zpg_sweep_t256x64k32g42s32,llama-3.1-8b,wq_wo,2048,4096,4096,sarc_linear_dq8ca_coopmat_zpg_sweep_t256x64k32g42s32_texture3d_texture2d_half,1,3134.68,0.0358057,2026-10-08T01:04:35Z
2,sarc_linear_dq8ca_coopmat_zpg_sweep_t256x64k32g42s32,llama-3.1-8b,wk_wv,2048,1024,4096,sarc_linear_dq8ca_coopmat_zpg_sweep_t256x64k32g42s32_texture3d_texture2d_half,1,770.38,0.0354222,2026-10-08T01:04:35Z
2,sarc_linear_dq8ca_coopmat_zpg_sweep_t256x64k32g42s32,llama-3.1-8b,w1_w3,2048,14336,4096,sarc_linear_dq8ca_coopmat_zpg_sweep_t256x64k32g42s32_texture3d_texture2d_half,1,11515.5,0.020909,2026-10-08T01:04:35Z
2,sarc_linear_dq8ca_coopmat_zpg_sweep_t256x64k32g42s32,llama-3.1-8b,w2,2048,4096,14336,sarc_linear_dq8ca_coopmat_zpg_sweep_t256x64k32g42s32_texture3d_texture2d_half,1,11528.5,0.0196882,2026-10-08T01:04:35Z
2,sarc_linear_dq8ca_coopmat_zpg_sweep_t256x64k32g42s32,llama-3.2-3b,wq_wo,2048,3072,3072,sarc_linear_dq8ca_coopmat_zpg_sweep_t256x64k32g42s32_texture3d_texture2d_half,1,1778.66,0.0332005,2026-10-08T01:04:35Z
2,sarc_linear_dq8ca_coopmat_zpg_sweep_t256x64k32g42s32,llama-3.2-3b,wk_wv,2048,1024,3072,sarc_linear_dq8ca_coopmat_zpg_sweep_t256x64k32g42s32_texture3d_texture2d_half,1,578.68,0.0347622,2026-10-08T01:04:35Z
2,sarc_linear_dq8ca_coopmat_zpg_sweep_t256x64k32g42s32,llama-3.2-3b,w1_w3,2048,8192,3072,sarc_linear_dq8ca_coopmat_zpg_sweep_t256x64k32g42s32_texture3d_texture2d_half,1,4739.06,0.027611,2026-10-08T01:04:35Z
2,sarc_linear_dq8ca_coopmat_zpg_sweep_t256x64k32g42s32,llama-3.2-3b,w2,2048,3072,8192,sarc_linear_dq8ca_coopmat_zpg_sweep_t256x64k32g42s32_texture3d_texture2d_half,1,4752.5,0.0276885,2026-10-08T01:04:35Z
2,sarc_linear_dq8ca_coopmat_zpg_sweep_t256x64k32g42s32,llama-3.2-1b,wq_wo,2048,2048,2048,sarc_linear_dq8ca_coopmat_zpg_sweep_t256x64k32g42s32_texture3d_texture2d_half,1,791.38,0.038725,2026-10-08T01:04:35Z
2,sarc_linear_dq8ca_coopmat_zpg_sweep_t256x64k32g42s32,llama-3.2-1b,wk_wv,2048,512,2048,sarc_linear_dq8ca_coopmat_zpg_sweep_t256x64k32g42s32_texture3d_texture2d_half,1,188.62,0.0404079,2026-10-08T01:04:35Z
2,sarc_linear_dq8ca_coopmat_zpg_sweep_t256x64k32g42s32,llama-3.2-1b,w1_w3,2048,8192,2048,sarc_linear_dq8ca_coopmat_zpg_sweep_t256x64k32g42s32_texture3d_texture2d_half,1,3165.68,0.0305603,2026-10-08T01:04:35Z
2,sarc_linear_dq8ca_coopmat_zpg_sweep_t256x64k32g42s32,llama-3.2-1b,w2,2048,2048,8192,sarc_linear_dq8ca_coopmat_zpg_sweep_t256x64k32g42s32_texture3d_texture2d_half,1,3218.86,0.0282224,2026-10-08T01:04:35Z
2,sarc_linear_dq8ca_coopmat_zpg_sweep_t64x128k32g22s32,llama-3.1-8b,wq_wo,2048,4096,4096,sarc_linear_dq8ca_coopmat_zpg_sweep_t64x128k32g22s32_texture3d_texture2d_half,1,2881.8,0.0428697,2026-10-08T01:05:23Z
2,sarc_linear_dq8ca_coopmat_zpg_sweep_t64x128k32g22s32,llama-3.1-8b,wk_wv,2048,1024,4096,sarc_linear_dq8ca_coopmat_zpg_sweep_t64x128k32g22s32_texture3d_texture2d_half,1,733.16,0.0372608,2026-10-08T01:05:23Z
2,sarc_linear_dq8ca_coopmat_zpg_sweep_t64x128k32g22s32,llama-3.1-8b,w1_w3,2048,14336,4096,sarc_linear_dq8ca_coopmat_zpg_sweep_t64x128k32g22s32_texture3d_texture2d_half,1,10250.1,0.0291999,2026-10-08T01:05:23Z
2,sarc_linear_dq8ca_coopmat_zpg_sweep_t64x128k32g22s32,llama-3.1-8b,w2,2048,4096,14336,sarc_linear_dq8ca_coopmat_zpg_sweep_t64x128k32g22s32_texture3d_texture2d_half,1,10723.2,0.0221763,2026-10-08T01:05:23Z
2,sarc_linear_dq8ca_coopmat_zpg_sweep_t64x128k32g22s32,llama-3.2-3b,wq_wo,2048,3072,3072,sarc_linear_dq8ca_coopmat_zpg_sweep_t64x128k32g22s32_texture3d_texture2d_half,1,1640.24,0.0385786,2026-10-08T01:05:23Z
2,sarc_linear_dq8ca_coopmat_zpg_sweep_t64x128k32g22s32,llama-3.2-3b,wk_wv,2048,1024,3072,sarc_linear_dq8ca_coopmat_zpg_sweep_t64x128k32g22s32_texture3d_texture2d_half,1,548.96,0.0351191,2026-10-08T01:05:23Z
2,sarc_linear_dq8ca_coopmat_zpg_sweep_t64x128k32g22s32,llama-3.2-3b,w1_w3,2048,8192,3072,sarc_linear_dq8ca_coopmat_zpg_sweep_t64x128k32g22s32_texture3d_texture2d_half,1,4363.86,0.0314472,2026-10-08T01:05:23Z
2,sarc_linear_dq8ca_coopmat_zpg_sweep_t64x128k32g22s32,llama-3.2-3b,w2,2048,3072,8192,sarc_linear_dq8ca_coopmat_zpg_sweep_t64x128k32g22s32_texture3d_texture2d_half,1,4744.36,0.0259001,2026-10-08T01:05:23Z
2,sarc_linear_dq8ca_coopmat_zpg_sweep_t64x128k32g22s32,llama-3.2-1b,wq_wo,2048,2048,2048,sarc_linear_dq8ca_coopmat_zpg_sweep_t64x128k32g22s32_texture3d_texture2d_half,1,731.36,0.0367379,2026-10-08T01:05:23Z
2,sarc_linear_dq8ca_coopmat_zpg_sweep_t64x128k32g22s32,llama-3.2-1b,wk_wv,2048,512,2048,sarc_linear_dq8ca_coopmat_zpg_sweep_t64x128k32g22s32_texture3d_texture2d_half,1,180.54,0.0427016,2026-10-08T01:05:23Z
2,sarc_linear_dq8ca_coopmat_zpg_sweep_t64x128k32g22s32,llama-3.2-1b,w1_w3,2048,8192,2048,sarc_linear_dq8ca_coopmat_zpg_sweep_t64x128k32g22s32_texture3d_texture2d_half,1,2931.48,0.0348319,2026-10-08T01:05:23Z
2,sarc_linear_dq8ca_coopmat_zpg_sweep_t64x128k32g22s32,llama-3.2-1b,w2,2048,2048,8192,sarc_linear_dq8ca_coopmat_zpg_sweep_t64x128k32g22s32_texture3d_texture2d_half,1,3164.96,0.0343318,2026-10-08T01:05:23Z
2,sarc_linear_dq8ca_coopmat_zpg_sweep_t64x128k32g41s32,llama-3.1-8b,wq_wo,2048,4096,4096,sarc_linear_dq8ca_coopmat_zpg_sweep_t64x128k32g41s32_texture3d_texture2d_half,1,2867.04,0.0424034,2026-10-08T01:06:06Z
2,sarc_linear_dq8ca_coopmat_zpg_sweep_t64x128k32g41s32,llama-3.1-8b,wk_wv,2048,1024,4096,sarc_linear_dq8ca_coopmat_zpg_sweep_t64x128k32g41s32_texture3d_texture2d_half,1,733.8,0.0420663,2026-10-08T01:06:06Z
2,sarc_linear_dq8ca_coopmat_zpg_sweep_t64x128k32g41s32,llama-3.1-8b,w1_w3,2048,14336,4096,sarc_linear_dq8ca_coopmat_zpg_sweep_t64x128k32g41s32_texture3d_texture2d_half,1,10256.8,0.0254759,2026-10-08T01:06:06Z
2,sarc_linear_dq8ca_coopmat_zpg_sweep_t64x128k32g41s32,llama-3.1-8b,w2,2048,4096,14336,sarc_linear_dq8ca_coopmat_zpg_sweep_t64x128k32g41s32_texture3d_texture2d_half,1,10846.8,0.0225236,2026-10-08T01:06:06Z
2,sarc_linear_dq8ca_coopmat_zpg_sweep_t64x128k32g41s32,llama-3.2-3b,wq_wo,2048,3072,3072,sarc_linear_dq8ca_coopmat_zpg_sweep_t64x128k32g41s32_texture3d_texture2d_half,1,1631.24,0.0388925,2026-10-08T01:06:06Z
2,sarc_linear_dq8ca_coopmat_zpg_sweep_t64x128k32g41s32,llama-3.2-3b,wk_wv,2048,1024,3072,sarc_linear_dq8ca_coopmat_zpg_sweep_t64x128k32g41s32_texture3d_texture2d_half,1,550.6,0.0354823,2026-10-08T01:06:06Z
2,sarc_linear_dq8ca_coopmat_zpg_sweep_t64x128k32g41s32,llama-3.2-3b,w1_w3,2048,8192,3072,sarc_linear_dq8ca_coopmat_zpg_sweep_t64x128k32g41s32_texture3d_texture2d_half,1,4322.88,0.0322441,2026-10-08T01:06:06Z
2,sarc_linear_dq8ca_coopmat_zpg_sweep_t64x128k32g41s32,llama-3.2-3b,w2,2048,3072,8192,sarc_linear_dq8ca_coopmat_zpg_sweep_t64x128k32g41s32_texture3d_texture2d_half,1,4793.92,0.026287,2026-10-08T01:06:06Z
2,sarc_linear_dq8ca_coopmat_zpg_sweep_t64x128k32g41s32,llama-3.2-1b,wq_wo,2048,2048,2048,sarc_linear_dq8ca_coopmat_zpg_sweep_t64x128k32g41s32_texture3d_texture2d_half,1,733.16,0.0368063,2026-10-08T01:06:06Z
2,sarc_linear_dq8ca_coopmat_zpg_sweep_t64x128k32g41s32,llama-3.2-1b,wk_wv,2048,512,2048,sarc_linear_dq8ca_coopmat_zpg_sweep_t64x128k32g41s32_texture3d_texture2d_half,1,181.56,0.0429949,2026-10-08T01:06:06Z
2,sarc_linear_dq8ca_coopmat_zpg_sweep_t64x128k32g41s32,llama-3.2-1b,w1_w3,2048,8192,2048,sarc_linear_dq8ca_coopmat_zpg_sweep_t64x128k32g41s32_texture3d_texture2d_half,1,2913.38,0.0347162,2026-10-08T01:06:06Z
2,sarc_linear_dq8ca_coopmat_zpg_sweep_t64x128k32g41s32,llama-3.2-1b,w2,2048,2048,8192,sarc_linear_dq8ca_coopmat_zpg_sweep_t64x128k32g41s32_texture3d_texture2d_half,1,3219.78,0.0328293,2026-10-08T01:06:06Z
2,sarc_linear_dq8ca_coopmat_zpg_sweep_t64x64k32g21s32,llama-3.1-8b,wq_wo,2048,4096,4096,sarc_linear_dq8ca_coopmat_zpg_sweep_t64x64k32g21s32_texture3d_texture2d_half,1,2727.72,0.0446434,2026-10-08T01:06:49Z
2,sarc_linear_dq8ca_coopmat_zpg_sweep_t64x64k32g21s32,llama-3.1-8b,wk_wv,2048,1024,4096,sarc_linear_dq8ca_coopmat_zpg_sweep_t64x64k32g21s32_texture3d_texture2d_half,1,707.66,0.0397925,2026-10-08T01:06:49Z
2,sarc_linear_dq8ca_coopmat_zpg_sweep_t64x64k32g21s32,llama-3.1-8b,w1_w3,2048,14336,4096,sarc_linear_dq8ca_coopmat_zpg_sweep_t64x64k32g21s32_texture3d_texture2d_half,1,9745.28,0.0269668,2026-10-08T01:06:49Z
2,sarc_linear_dq8ca_coopmat_zpg_sweep_t64x64k32g21s32,llama-3.1-8b,w2,2048,4096,14336,sarc_linear_dq8ca_coopmat_zpg_sweep_t64x64k32g21s32_texture3d_texture2d_half,1,9689.88,0.0290054,2026-10-08T01:06:49Z
2,sarc_linear_dq8ca_coopmat_zpg_sweep_t64x64k32g21s32,llama-3.2-3b,wq_wo,2048,3072,3072,sarc_linear_dq8ca_coopmat_zpg_sweep_t64x64k32g21s32_texture3d_texture2d_half,1,1577.04,0.0416124,2026-10-08T01:06:49Z
2,sarc_linear_dq8ca_coopmat_zpg_sweep_t64x64k32g21s32,llama-3.2-3b,wk_wv,2048,1024,3072,sarc_linear_dq8ca_coopmat_zpg_sweep_t64x64k32g21s32_texture3d_texture2d_half,1,532.46,0.037588,2026-10-08T01:06:49Z
2,sarc_linear_dq8ca_coopmat_zpg_sweep_t64x64k32g21s32,llama-3.2-3b,w1_w3,2048,8192,3072,sarc_linear_dq8ca_coopmat_zpg_sweep_t64x64k32g21s32_texture3d_texture2d_half,1,4154.36,0.0344436,2026-10-08T01:06:49Z
2,sarc_linear_dq8ca_coopmat_zpg_sweep_t64x64k32g21s32,llama-3.2-3b,w2,2048,3072,8192,sarc_linear_dq8ca_coopmat_zpg_sweep_t64x64k32g21s32_texture3d_texture2d_half,1,4430.36,0.0297324,2026-10-08T01:06:49Z
2,sarc_linear_dq8ca_coopmat_zpg_sweep_t64x64k32g21s32,llama-3.2-1b,wq_wo,2048,2048,2048,sarc_linear_dq8ca_coopmat_zpg_sweep_t64x64k32g21s32_texture3d_texture2d_half,1,705.24,0.0394574,2026-10-08T01:06:49Z
2,sarc_linear_dq8ca_coopmat_zpg_sweep_t64x64k32g21s32,llama-3.2-1b,wk_wv,2048,512,2048,sarc_linear_dq8ca_coopmat_zpg_sweep_t64x64k32g21s32_texture3d_texture2d_half,1,175.58,0.0438252,2026-10-08T01:06:49Z
2,sarc_linear_dq8ca_coopmat_zpg_sweep_t64x64k32g21s32,llama-3.2-1b,w1_w3,2048,8192,2048,sarc_linear_dq8ca_coopmat_zpg_sweep_t64x64k32g21s32_texture3d_texture2d_half,1,2795.02,0.0376839,2026-10-08T01:06:49Z
2,sarc_linear_dq8ca_coopmat_zpg_sweep_t64x64k32g21s32,llama-3.2-1b,w2,2048,2048,8192,sarc_linear_dq8ca_coopmat_zpg_sweep_t64x64k32g21s32_texture3d_texture2d_half,1,2968.54,0.0341484,2026-10-08T01:06:49Z
2,sarc_linear_dq8ca_coopmat_zpg_sweep_t64x64k32g22s32,llama-3.1-8b,wq_wo,2048,4096,4096,sarc_linear_dq8ca_coopmat_zpg_sweep_t64x64k32g22s32_texture3d_texture2d_half,1,2756.24,0.0467688,2026-10-08T01:07:32Z
2,sarc_linear_dq8ca_coopmat_zpg_sweep_t64x64k32g22s32,llama-3.1-8b,wk_wv,2048,1024,4096,sarc_linear_dq8ca_coopmat_zpg_sweep_t64x64k32g22s32_texture3d_texture2d_half,1,716.76,0.0449338,2026-10-08T01:07:32Z
2,sarc_linear_dq8ca_coopmat_zpg_sweep_t64x64k32g22s32,llama-3.1-8b,w1_w3,2048,14336,4096,sarc_linear_dq8ca_coopmat_zpg_sweep_t64x64k32g22s32_texture3d_texture2d_half,1,10044,0.0259826,2026-10-08T01:07:32Z
2,sarc_linear_dq8ca_coopmat_zpg_sweep_t64x64k32g22s32,llama-3.1-8b,w2,2048,4096,14336,sarc_linear_dq8ca_coopmat_zpg_sweep_t64x64k32g22s32_texture3d_texture2d_half,1,9828.4,0.0289074,2026-10-08T01:07:32Z
2,sarc_linear_dq8ca_coopmat_zpg_sweep_t64x64k32g22s32,llama-3.2-3b,wq_wo,2048,3072,3072,sarc_linear_dq8ca_coopmat_zpg_sweep_t64x64k32g22s32_texture3d_texture2d_half,1,1602.06,0.0416731,2026-10-08T01:07:32Z
2,sarc_linear_dq8ca_coopmat_zpg_sweep_t64x64k32g22s32,llama-3.2-3b,wk_wv,2048,1024,3072,sarc_linear_dq8ca_coopmat_zpg_sweep_t64x64k32g22s32_texture3d_texture2d_half,1,535.2,0.0410882,2026-10-08T01:07:32Z
2,sarc_linear_dq8ca_coopmat_zpg_sweep_t64x64k32g22s32,llama-3.2-3b,w1_w3,2048,8192,3072,sarc_linear_dq8ca_coopmat_zpg_sweep_t64x64k32g22s32_texture3d_texture2d_half,1,4227.94,0.034274,2026-10-08T01:07:32Z
2,sarc_linear_dq8ca_coopmat_zpg_sweep_t64x64k32g22s32,llama-3.2-3b,w2,2048,3072,8192,sarc_linear_dq8ca_coopmat_zpg_sweep_t64x64k32g22s32_texture3d_texture2d_half,1,4236.88,0.0329453,2026-10-08T01:07:32Z
2,sarc_linear_dq8ca_coopmat_zpg_sweep_t64x64k32g22s32,llama-3.2-1b,wq_wo,2048,2048,2048,sarc_linear_dq8ca_coopmat_zpg_sweep_t64x64k32g22s32_texture3d_texture2d_half,1,716.2,0.042083,2026-10-08T01:07:32Z
2,sarc_linear_dq8ca_coopmat_zpg_sweep_t64x64k32g22s32,llama-3.2-1b,wk_wv,2048,512,2048,sarc_linear_dq8ca_coopmat_zpg_sweep_t64x64k32g22s32_texture3d_texture2d_half,1,175.44,0.0454306,2026-10-08T01:07:32Z
2,sarc_linear_dq8ca_coopmat_zpg_sweep_t64x64k32g22s32,llama-3.2-1b,w1_w3,2048,8192,2048,sarc_linear_dq8ca_coopmat_zpg_sweep_t64x64k32g22s32_texture3d_texture2d_half,1,2833.04,0.0410616,2026-10-08T01:07:32Z
2,sarc_linear_dq8ca_coopmat_zpg_sweep_t64x64k32g22s32,llama-3.2-1b,w2,2048,2048,8192,sarc_linear_dq8ca_coopmat_zpg_sweep_t64x64k32g22s32_texture3d_texture2d_half,1,2824.08,0.0395799,2026-10-08T01:07:32Z
2,sarc_dev_linear_dq8ca_coopmat_zpg_bt_t128x128k32g42s32,llama-3.1-8b,wq_wo,2048,4096,4096,sarc_dev_linear_dq8ca_coopmat_zpg_bt_t128x128k32g42s32_texture3d_texture2d_half,1,2661.6,0.0406602,2026-10-08T01:08:15Z
2,sarc_dev_linear_dq8ca_coopmat_zpg_bt_t128x128k32g42s32,llama-3.1-8b,wk_wv,2048,1024,4096,sarc_dev_linear_dq8ca_coopmat_zpg_bt_t128x128k32g42s32_texture3d_texture2d_half,1,678.32,0.035665,2026-10-08T01:08:15Z
2,sarc_dev_linear_dq8ca_coopmat_zpg_bt_t128x128k32g42s32,llama-3.1-8b,w1_w3,2048,14336,4096,sarc_dev_linear_dq8ca_coopmat_zpg_bt_t128x128k32g42s32_texture3d_texture2d_half,1,9475.04,0.0337044,2026-10-08T01:08:15Z
2,sarc_dev_linear_dq8ca_coopmat_zpg_bt_t128x128k32g42s32,llama-3.1-8b,w2,2048,4096,14336,sarc_dev_linear_dq8ca_coopmat_zpg_bt_t128x128k32g42s32_texture3d_texture2d_half,1,9376.02,0.0284819,2026-10-08T01:08:15Z
2,sarc_dev_linear_dq8ca_coopmat_zpg_bt_t128x128k32g42s32,llama-3.2-3b,wq_wo,2048,3072,3072,sarc_dev_linear_dq8ca_coopmat_zpg_bt_t128x128k32g42s32_texture3d_texture2d_half,1,1530.38,0.0366343,2026-10-08T01:08:15Z
2,sarc_dev_linear_dq8ca_coopmat_zpg_bt_t128x128k32g42s32,llama-3.2-3b,wk_wv,2048,1024,3072,sarc_dev_linear_dq8ca_coopmat_zpg_bt_t128x128k32g42s32_texture3d_texture2d_half,1,510.52,0.0350688,2026-10-08T01:08:15Z
2,sarc_dev_linear_dq8ca_coopmat_zpg_bt_t128x128k32g42s32,llama-3.2-3b,w1_w3,2048,8192,3072,sarc_dev_linear_dq8ca_coopmat_zpg_bt_t128x128k32g42s32_texture3d_texture2d_half,1,4066.2,0.0321312,2026-10-08T01:08:15Z
2,sarc_dev_linear_dq8ca_coopmat_zpg_bt_t128x128k32g42s32,llama-3.2-3b,w2,2048,3072,8192,sarc_dev_linear_dq8ca_coopmat_zpg_bt_t128x128k32g42s32_texture3d_texture2d_half,1,4036.12,0.0293664,2026-10-08T01:08:15Z
2,sarc_dev_linear_dq8ca_coopmat_zpg_bt_t128x128k32g42s32,llama-3.2-1b,wq_wo,2048,2048,2048,sarc_dev_linear_dq8ca_coopmat_zpg_bt_t128x128k32g42s32_texture3d_texture2d_half,1,683.32,0.0349358,2026-10-08T01:08:15Z
2,sarc_dev_linear_dq8ca_coopmat_zpg_bt_t128x128k32g42s32,llama-3.2-1b,wk_wv,2048,512,2048,sarc_dev_linear_dq8ca_coopmat_zpg_bt_t128x128k32g42s32_texture3d_texture2d_half,1,165.72,0.0449221,2026-10-08T01:08:15Z
2,sarc_dev_linear_dq8ca_coopmat_zpg_bt_t128x128k32g42s32,llama-3.2-1b,w1_w3,2048,8192,2048,sarc_dev_linear_dq8ca_coopmat_zpg_bt_t128x128k32g42s32_texture3d_texture2d_half,1,2727.2,0.0322851,2026-10-08T01:08:15Z
2,sarc_dev_linear_dq8ca_coopmat_zpg_bt_t128x128k32g42s32,llama-3.2-1b,w2,2048,2048,8192,sarc_dev_linear_dq8ca_coopmat_zpg_bt_t128x128k32g42s32_texture3d_texture2d_half,1,2694.84,0.034709,2026-10-08T01:08:15Z
2,sarc_dev_linear_dq8ca_coopmat_zpg_bt_t128x64k32g22s32,llama-3.1-8b,wq_wo,2048,4096,4096,sarc_dev_linear_dq8ca_coopmat_zpg_bt_t128x64k32g22s32_texture3d_texture2d_half,1,2640.04,0.0394339,2026-10-08T01:08:58Z
2,sarc_dev_linear_dq8ca_coopmat_zpg_bt_t128x64k32g22s32,llama-3.1-8b,wk_wv,2048,1024,4096,sarc_dev_linear_dq8ca_coopmat_zpg_bt_t128x64k32g22s32_texture3d_texture2d_half,1,672.44,0.0433214,2026-10-08T01:08:58Z
2,sarc_dev_linear_dq8ca_coopmat_zpg_bt_t128x64k32g22s32,llama-3.1-8b,w1_w3,2048,14336,4096,sarc_dev_linear_dq8ca_coopmat_zpg_bt_t128x64k32g22s32_texture3d_texture2d_half,1,9788.22,0.0306724,2026-10-08T01:08:58Z
2,sarc_dev_linear_dq8ca_coopmat_zpg_bt_t128x64k32g22s32,llama-3.1-8b,w2,2048,4096,14336,sarc_dev_linear_dq8ca_coopmat_zpg_bt_t128x64k32g22s32_texture3d_texture2d_half,1,9789.54,0.0228293,2026-10-08T01:08:58Z
2,sarc_dev_linear_dq8ca_coopmat_zpg_bt_t128x64k32g22s32,llama-3.2-3b,wq_wo,2048,3072,3072,sarc_dev_linear_dq8ca_coopmat_zpg_bt_t128x64k32g22s32_texture3d_texture2d_half,1,1516.4,0.0344998,2026-10-08T01:08:58Z
2,sarc_dev_linear_dq8ca_coopmat_zpg_bt_t128x64k32g22s32,llama-3.2-3b,wk_wv,2048,1024,3072,sarc_dev_linear_dq8ca_coopmat_zpg_bt_t128x64k32g22s32_texture3d_texture2d_half,1,507.68,0.0355351,2026-10-08T01:08:58Z
2,sarc_dev_linear_dq8ca_coopmat_zpg_bt_t128x64k32g22s32,llama-3.2-3b,w1_w3,2048,8192,3072,sarc_dev_linear_dq8ca_coopmat_zpg_bt_t128x64k32g22s32_texture3d_texture2d_half,1,4026.2,0.0273029,2026-10-08T01:08:58Z
2,sarc_dev_linear_dq8ca_coopmat_zpg_bt_t128x64k32g22s32,llama-3.2-3b,w2,2048,3072,8192,sarc_dev_linear_dq8ca_coopmat_zpg_bt_t128x64k32g22s32_texture3d_texture2d_half,1,4041.06,0.028823,2026-10-08T01:08:58Z
2,sarc_dev_linear_dq8ca_coopmat_zpg_bt_t128x64k32g22s32,llama-3.2-1b,wq_wo,2048,2048,2048,sarc_dev_linear_dq8ca_coopmat_zpg_bt_t128x64k32g22s32_texture3d_texture2d_half,1,679.64,0.0383779,2026-10-08T01:08:58Z
2,sarc_dev_linear_dq8ca_coopmat_zpg_bt_t128x64k32g22s32,llama-3.2-1b,wk_wv,2048,512,2048,sarc_dev_linear_dq8ca_coopmat_zpg_bt_t128x64k32g22s32_texture3d_texture2d_half,1,167.98,0.0427708,2026-10-08T01:08:58Z
2,sarc_dev_linear_dq8ca_coopmat_zpg_bt_t128x64k32g22s32,llama-3.2-1b,w1_w3,2048,8192,2048,sarc_dev_linear_dq8ca_coopmat_zpg_bt_t128x64k32g22s32_texture3d_texture2d_half,1,2689.32,0.0318156,2026-10-08T01:08:58Z
2,sarc_dev_linear_dq8ca_coopmat_zpg_bt_t128x64k32g22s32,llama-3.2-1b,w2,2048,2048,8192,sarc_dev_linear_dq8ca_coopmat_zpg_bt_t128x64k32g22s32_texture3d_texture2d_half,1,2791.4,0.0344066,2026-10-08T01:08:58Z
2,sarc_dev_linear_dq8ca_coopmat_zpg_bt_t128x64k64g22s32,llama-3.1-8b,wq_wo,2048,4096,4096,sarc_dev_linear_dq8ca_coopmat_zpg_bt_t128x64k64g22s32_texture3d_texture2d_half,1,2518.06,0.040353,2026-10-08T01:09:41Z
2,sarc_dev_linear_dq8ca_coopmat_zpg_bt_t128x64k64g22s32,llama-3.1-8b,wk_wv,2048,1024,4096,sarc_dev_linear_dq8ca_coopmat_zpg_bt_t128x64k64g22s32_texture3d_texture2d_half,1,633.34,0.0380481,2026-10-08T01:09:41Z
2,sarc_dev_linear_dq8ca_coopmat_zpg_bt_t128x64k64g22s32,llama-3.1-8b,w1_w3,2048,14336,4096,sarc_dev_linear_dq8ca_coopmat_zpg_bt_t128x64k64g22s32_texture3d_texture2d_half,1,9051.26,0.0304008,2026-10-08T01:09:41Z
2,sarc_dev_linear_dq8ca_coopmat_zpg_bt_t128x64k64g22s32,llama-3.1-8b,w2,2048,4096,14336,sarc_dev_linear_dq8ca_coopmat_zpg_bt_t128x64k64g22s32_texture3d_texture2d_half,1,8922.64,0.0242961,2026-10-08T01:09:41Z
2,sarc_dev_linear_dq8ca_coopmat_zpg_bt_t128x64k64g22s32,llama-3.2-3b,wq_wo,2048,3072,3072,sarc_dev_linear_dq8ca_coopmat_zpg_bt_t128x64k64g22s32_texture3d_texture2d_half,1,1423.76,0.0350753,2026-10-08T01:09:41Z
2,sarc_dev_linear_dq8ca_coopmat_zpg_bt_t128x64k64g22s32,llama-3.2-3b,wk_wv,2048,1024,3072,sarc_dev_linear_dq8ca_coopmat_zpg_bt_t128x64k64g22s32_texture3d_texture2d_half,1,476.88,0.0410973,2026-10-08T01:09:41Z
2,sarc_dev_linear_dq8ca_coopmat_zpg_bt_t128x64k64g22s32,llama-3.2-3b,w1_w3,2048,8192,3072,sarc_dev_linear_dq8ca_coopmat_zpg_bt_t128x64k64g22s32_texture3d_texture2d_half,1,3789.64,0.030595,2026-10-08T01:09:41Z
2,sarc_dev_linear_dq8ca_coopmat_zpg_bt_t128x64k64g22s32,llama-3.2-3b,w2,2048,3072,8192,sarc_dev_linear_dq8ca_coopmat_zpg_bt_t128x64k64g22s32_texture3d_texture2d_half,1,3802.82,0.0271674,2026-10-08T01:09:41Z
2,sarc_dev_linear_dq8ca_coopmat_zpg_bt_t128x64k64g22s32,llama-3.2-1b,wq_wo,2048,2048,2048,sarc_dev_linear_dq8ca_coopmat_zpg_bt_t128x64k64g22s32_texture3d_texture2d_half,1,635.48,0.0410875,2026-10-08T01:09:41Z
2,sarc_dev_linear_dq8ca_coopmat_zpg_bt_t128x64k64g22s32,llama-3.2-1b,wk_wv,2048,512,2048,sarc_dev_linear_dq8ca_coopmat_zpg_bt_t128x64k64g22s32_texture3d_texture2d_half,1,158.26,0.0463232,2026-10-08T01:09:41Z
2,sarc_dev_linear_dq8ca_coopmat_zpg_bt_t128x64k64g22s32,llama-3.2-1b,w1_w3,2048,8192,2048,sarc_dev_linear_dq8ca_coopmat_zpg_bt_t128x64k64g22s32_texture3d_texture2d_half,1,2527.04,0.0333254,2026-10-08T01:09:41Z
2,sarc_dev_linear_dq8ca_coopmat_zpg_bt_t128x64k64g22s32,llama-3.2-1b,w2,2048,2048,8192,sarc_dev_linear_dq8ca_coopmat_zpg_bt_t128x64k64g22s32_texture3d_texture2d_half,1,2593.64,0.0318706,2026-10-08T01:09:41Z
2,sarc_dev_linear_dq8ca_coopmat_zpg_bt_t128x64k64g42s32,llama-3.1-8b,wq_wo,2048,4096,4096,sarc_dev_linear_dq8ca_coopmat_zpg_bt_t128x64k64g42s32_texture3d_texture2d_half,1,2432.32,0.0443175,2026-10-08T01:10:24Z
2,sarc_dev_linear_dq8ca_coopmat_zpg_bt_t128x64k64g42s32,llama-3.1-8b,wk_wv,2048,1024,4096,sarc_dev_linear_dq8ca_coopmat_zpg_bt_t128x64k64g42s32_texture3d_texture2d_half,1,626.56,0.0412534,2026-10-08T01:10:24Z
2,sarc_dev_linear_dq8ca_coopmat_zpg_bt_t128x64k64g42s32,llama-3.1-8b,w1_w3,2048,14336,4096,sarc_dev_linear_dq8ca_coopmat_zpg_bt_t128x64k64g42s32_texture3d_texture2d_half,1,8904.48,0.0363734,2026-10-08T01:10:24Z
2,sarc_dev_linear_dq8ca_coopmat_zpg_bt_t128x64k64g42s32,llama-3.1-8b,w2,2048,4096,14336,sarc_dev_linear_dq8ca_coopmat_zpg_bt_t128x64k64g42s32_texture3d_texture2d_half,1,8745.64,0.023057,2026-10-08T01:10:24Z
2,sarc_dev_linear_dq8ca_coopmat_zpg_bt_t128x64k64g42s32,llama-3.2-3b,wq_wo,2048,3072,3072,sarc_dev_linear_dq8ca_coopmat_zpg_bt_t128x64k64g42s32_texture3d_texture2d_half,1,1405.76,0.0400778,2026-10-08T01:10:24Z
2,sarc_dev_linear_dq8ca_coopmat_zpg_bt_t128x64k64g42s32,llama-3.2-3b,wk_wv,2048,1024,3072,sarc_dev_linear_dq8ca_coopmat_zpg_bt_t128x64k64g42s32_texture3d_texture2d_half,1,471.64,0.0402306,2026-10-08T01:10:24Z
2,sarc_dev_linear_dq8ca_coopmat_zpg_bt_t128x64k64g42s32,llama-3.2-3b,w1_w3,2048,8192,3072,sarc_dev_linear_dq8ca_coopmat_zpg_bt_t128x64k64g42s32_texture3d_texture2d_half,1,3732.08,0.0329994,2026-10-08T01:10:24Z
2,sarc_dev_linear_dq8ca_coopmat_zpg_bt_t128x64k64g42s32,llama-3.2-3b,w2,2048,3072,8192,sarc_dev_linear_dq8ca_coopmat_zpg_bt_t128x64k64g42s32_texture3d_texture2d_half,1,3720.56,0.0324818,2026-10-08T01:10:24Z
2,sarc_dev_linear_dq8ca_coopmat_zpg_bt_t128x64k64g42s32,llama-3.2-1b,wq_wo,2048,2048,2048,sarc_dev_linear_dq8ca_coopmat_zpg_bt_t128x64k64g42s32_texture3d_texture2d_half,1,630.12,0.0396763,2026-10-08T01:10:24Z
2,sarc_dev_linear_dq8ca_coopmat_zpg_bt_t128x64k64g42s32,llama-3.2-1b,wk_wv,2048,512,2048,sarc_dev_linear_dq8ca_coopmat_zpg_bt_t128x64k64g42s32_texture3d_texture2d_half,1,154.4,0.0463372,2026-10-08T01:10:24Z
2,sarc_dev_linear_dq8ca_coopmat_zpg_bt_t128x64k64g42s32,llama-3.2-1b,w1_w3,2048,8192,2048,sarc_dev_linear_dq8ca_coopmat_zpg_bt_t128x64k64g42s32_texture3d_texture2d_half,1,2499.12,0.0370011,2026-10-08T01:10:24Z
2,sarc_dev_linear_dq8ca_coopmat_zpg_bt_t128x64k64g42s32,llama-3.2-1b,w2,2048,2048,8192,sarc_dev_linear_dq8ca_coopmat_zpg_bt_t128x64k64g42s32_texture3d_texture2d_half,1,2485.6,0.0353435,2026-10-08T01:10:24Z
2,sarc_dev_780m_x_linear_dq8ca_coopmat_zpg_bt_t128x64k32g22s32afmb2,llama-3.1-8b,wq_wo,2048,4096,4096,sarc_dev_780m_x_linear_dq8ca_coopmat_zpg_bt_t128x64k32g22s32afmb2_texture3d_texture2d_half,1,2642.32,0.0391727,2026-10-08T01:11:08Z
2,sarc_dev_780m_x_linear_dq8ca_coopmat_zpg_bt_t128x64k32g22s32afmb2,llama-3.1-8b,wk_wv,2048,1024,4096,sarc_dev_780m_x_linear_dq8ca_coopmat_zpg_bt_t128x64k32g22s32afmb2_texture3d_texture2d_half,1,674.24,0.0362921,2026-10-08T01:11:08Z
2,sarc_dev_780m_x_linear_dq8ca_coopmat_zpg_bt_t128x64k32g22s32afmb2,llama-3.1-8b,w1_w3,2048,14336,4096,sarc_dev_780m_x_linear_dq8ca_coopmat_zpg_bt_t128x64k32g22s32afmb2_texture3d_texture2d_half,1,9783.92,0.0340096,2026-10-08T01:11:08Z
2,sarc_dev_780m_x_linear_dq8ca_coopmat_zpg_bt_t128x64k32g22s32afmb2,llama-3.1-8b,w2,2048,4096,14336,sarc_dev_780m_x_linear_dq8ca_coopmat_zpg_bt_t128x64k32g22s32afmb2_texture3d_texture2d_half,1,9791.54,0.0224689,2026-10-08T01:11:08Z
2,sarc_dev_780m_x_linear_dq8ca_coopmat_zpg_bt_t128x64k32g22s32afmb2,llama-3.2-3b,wq_wo,2048,3072,3072,sarc_dev_780m_x_linear_dq8ca_coopmat_zpg_bt_t128x64k32g22s32afmb2_texture3d_texture2d_half,1,1515.34,0.034286,2026-10-08T01:11:08Z
2,sarc_dev_780m_x_linear_dq8ca_coopmat_zpg_bt_t128x64k32g22s32afmb2,llama-3.2-3b,wk_wv,2048,1024,3072,sarc_dev_780m_x_linear_dq8ca_coopmat_zpg_bt_t128x64k32g22s32afmb2_texture3d_texture2d_half,1,507.48,0.0352605,2026-10-08T01:11:08Z
2,sarc_dev_780m_x_linear_dq8ca_coopmat_zpg_bt_t128x64k32g22s32afmb2,llama-3.2-3b,w1_w3,2048,8192,3072,sarc_dev_780m_x_linear_dq8ca_coopmat_zpg_bt_t128x64k32g22s32afmb2_texture3d_texture2d_half,1,4026.56,0.0281593,2026-10-08T01:11:08Z
2,sarc_dev_780m_x_linear_dq8ca_coopmat_zpg_bt_t128x64k32g22s32afmb2,llama-3.2-3b,w2,2048,3072,8192,sarc_dev_780m_x_linear_dq8ca_coopmat_zpg_bt_t128x64k32g22s32afmb2_texture3d_texture2d_half,1,4043.36,0.0280205,2026-10-08T01:11:08Z
2,sarc_dev_780m_x_linear_dq8ca_coopmat_zpg_bt_t128x64k32g22s32afmb2,llama-3.2-1b,wq_wo,2048,2048,2048,sarc_dev_780m_x_linear_dq8ca_coopmat_zpg_bt_t128x64k32g22s32afmb2_texture3d_texture2d_half,1,680.28,0.0364122,2026-10-08T01:11:08Z
2,sarc_dev_780m_x_linear_dq8ca_coopmat_zpg_bt_t128x64k32g22s32afmb2,llama-3.2-1b,wk_wv,2048,512,2048,sarc_dev_780m_x_linear_dq8ca_coopmat_zpg_bt_t128x64k32g22s32afmb2_texture3d_texture2d_half,1,166.76,0.0437074,2026-10-08T01:11:08Z
2,sarc_dev_780m_x_linear_dq8ca_coopmat_zpg_bt_t128x64k32g22s32afmb2,llama-3.2-1b,w1_w3,2048,8192,2048,sarc_dev_780m_x_linear_dq8ca_coopmat_zpg_bt_t128x64k32g22s32afmb2_texture3d_texture2d_half,1,2695.08,0.0331157,2026-10-08T01:11:08Z
2,sarc_dev_780m_x_linear_dq8ca_coopmat_zpg_bt_t128x64k32g22s32afmb2,llama-3.2-1b,w2,2048,2048,8192,sarc_dev_780m_x_linear_dq8ca_coopmat_zpg_bt_t128x64k32g22s32afmb2_texture3d_texture2d_half,1,2792.48,0.0353169,2026-10-08T01:11:08Z
2,sarc_dev_780m_x_linear_dq8ca_coopmat_zpg_t256x64k64g48s32afmb1,llama-3.1-8b,wq_wo,2048,4096,4096,sarc_dev_780m_x_linear_dq8ca_coopmat_zpg_t256x64k64g48s32afmb1_texture3d_texture2d_half,1,2447.56,0.0449687,2026-10-08T01:11:50Z
2,sarc_dev_780m_x_linear_dq8ca_coopmat_zpg_t256x64k64g48s32afmb1,llama-3.1-8b,wk_wv,2048,1024,4096,sarc_dev_780m_x_linear_dq8ca_coopmat_zpg_t256x64k64g48s32afmb1_texture3d_texture2d_half,1,628.48,0.0430049,2026-10-08T01:11:50Z
2,sarc_dev_780m_x_linear_dq8ca_coopmat_zpg_t256x64k64g48s32afmb1,llama-3.1-8b,w1_w3,2048,14336,4096,sarc_dev_780m_x_linear_dq8ca_coopmat_zpg_t256x64k64g48s32afmb1_texture3d_texture2d_half,1,8720.78,0.0301417,2026-10-08T01:11:50Z
2,sarc_dev_780m_x_linear_dq8ca_coopmat_zpg_t256x64k64g48s32afmb1,llama-3.1-8b,w2,2048,4096,14336,sarc_dev_780m_x_linear_dq8ca_coopmat_zpg_t256x64k64g48s32afmb1_texture3d_texture2d_half,1,8550.44,0.0271609,2026-10-08T01:11:50Z
2,sarc_dev_780m_x_linear_dq8ca_coopmat_zpg_t256x64k64g48s32afmb1,llama-3.2-3b,wq_wo,2048,3072,3072,sarc_dev_780m_x_linear_dq8ca_coopmat_zpg_t256x64k64g48s32afmb1_texture3d_texture2d_half,1,1400.82,0.0462798,2026-10-08T01:11:50Z
2,sarc_dev_780m_x_linear_dq8ca_coopmat_zpg_t256x64k64g48s32afmb1,llama-3.2-3b,wk_wv,2048,1024,3072,sarc_dev_780m_x_linear_dq8ca_coopmat_zpg_t256x64k64g48s32afmb1_texture3d_texture2d_half,1,472.8,0.0418903,2026-10-08T01:11:50Z
2,sarc_dev_780m_x_linear_dq8ca_coopmat_zpg_t256x64k64g48s32afmb1,llama-3.2-3b,w1_w3,2048,8192,3072,sarc_dev_780m_x_linear_dq8ca_coopmat_zpg_t256x64k64g48s32afmb1_texture3d_texture2d_half,1,3745.88,0.0361672,2026-10-08T01:11:50Z
2,sarc_dev_780m_x_linear_dq8ca_coopmat_zpg_t256x64k64g48s32afmb1,llama-3.2-3b,w2,2048,3072,8192,sarc_dev_780m_x_linear_dq8ca_coopmat_zpg_t256x64k64g48s32afmb1_texture3d_texture2d_half,1,3696.78,0.0334325,2026-10-08T01:11:50Z
2,sarc_dev_780m_x_linear_dq8ca_coopmat_zpg_t256x64k64g48s32afmb1,llama-3.2-1b,wq_wo,2048,2048,2048,sarc_dev_780m_x_linear_dq8ca_coopmat_zpg_t256x64k64g48s32afmb1_texture3d_texture2d_half,1,620.6,0.0482963,2026-10-08T01:11:50Z
2,sarc_dev_780m_x_linear_dq8ca_coopmat_zpg_t256x64k64g48s32afmb1,llama-3.2-1b,wk_wv,2048,512,2048,sarc_dev_780m_x_linear_dq8ca_coopmat_zpg_t256x64k64g48s32afmb1_texture3d_texture2d_half,1,152.72,0.0506243,2026-10-08T01:11:50Z
2,sarc_dev_780m_x_linear_dq8ca_coopmat_zpg_t256x64k64g48s32afmb1,llama-3.2-1b,w1_w3,2048,8192,2048,sarc_dev_780m_x_linear_dq8ca_coopmat_zpg_t256x64k64g48s32afmb1_texture3d_texture2d_half,1,2526.12,0.0389834,2026-10-08T01:11:50Z
2,sarc_dev_780m_x_linear_dq8ca_coopmat_zpg_t256x64k64g48s32afmb1,llama-3.2-1b,w2,2048,2048,8192,sarc_dev_780m_x_linear_dq8ca_coopmat_zpg_t256x64k64g48s32afmb1_texture3d_texture2d_half,1,2452.96,0.0425348,2026-10-08T01:11:50Z
2,table,llama-3.1-8b,wq_wo,2048,4096,4096,sarc_linear_dq8ca_coopmat_zpg_t128x64k32g42s32_texture3d_texture2d_half,1,2767,0.0438542,2026-10-08T01:12:38Z
2,table,llama-3.1-8b,wk_wv,2048,1024,4096,sarc_linear_dq8ca_coopmat_zpg_t128x64k32g42s32_texture3d_texture2d_half,1,699.72,0.0376904,2026-10-08T01:12:38Z
2,table,llama-3.1-8b,w1_w3,2048,14336,4096,sarc_linear_dq8ca_coopmat_zpg_t128x64k32g42s32_texture3d_texture2d_half,1,9901.24,0.0269685,2026-10-08T01:12:38Z
2,table,llama-3.1-8b,w2,2048,4096,14336,sarc_linear_dq8ca_coopmat_zpg_t128x64k32g42s32_texture3d_texture2d_half,1,9755.7,0.0234345,2026-10-08T01:12:38Z
2,table,llama-3.2-3b,wq_wo,2048,3072,3072,sarc_linear_dq8ca_coopmat_zpg_t128x64k32g42s32_texture3d_texture2d_half,1,1578.48,0.0410716,2026-10-08T01:12:38Z
2,table,llama-3.2-3b,wk_wv,2048,1024,3072,sarc_linear_dq8ca_coopmat_zpg_t128x64k32g42s32_texture3d_texture2d_half,1,525.64,0.0404315,2026-10-08T01:12:38Z
2,table,llama-3.2-3b,w1_w3,2048,8192,3072,sarc_linear_dq8ca_coopmat_zpg_t128x64k32g42s32_texture3d_texture2d_half,1,4170.6,0.0309913,2026-10-08T01:12:38Z
2,table,llama-3.2-3b,w2,2048,3072,8192,sarc_linear_dq8ca_coopmat_zpg_t128x64k32g42s32_texture3d_texture2d_half,1,4184.32,0.02936,2026-10-08T01:12:38Z
2,table,llama-3.2-1b,wq_wo,2048,2048,2048,sarc_linear_dq8ca_coopmat_zpg_t128x64k32g42s32_texture3d_texture2d_half,1,703.92,0.0407091,2026-10-08T01:12:38Z
2,table,llama-3.2-1b,wk_wv,2048,512,2048,sarc_linear_dq8ca_coopmat_zpg_t128x64k32g42s32_texture3d_texture2d_half,1,174.42,0.0449627,2026-10-08T01:12:38Z
2,table,llama-3.2-1b,w1_w3,2048,8192,2048,sarc_linear_dq8ca_coopmat_zpg_t128x64k32g42s32_texture3d_texture2d_half,1,2794.12,0.0358762,2026-10-08T01:12:38Z
2,table,llama-3.2-1b,w2,2048,2048,8192,sarc_linear_dq8ca_coopmat_zpg_t128x64k32g42s32_texture3d_texture2d_half,1,2792.24,0.0425231,2026-10-08T01:12:38Z
3,sarc_linear_dq8ca_coopmat_zpg_sweep_t128x128k32g24s32,llama-3.1-8b,wq_wo,2048,4096,4096,sarc_linear_dq8ca_coopmat_zpg_sweep_t128x128k32g24s32_texture3d_texture2d_half,1,3036.92,0.0378526,2026-10-08T01:13:21Z
3,sarc_linear_dq8ca_coopmat_zpg_sweep_t128x128k32g24s32,llama-3.1-8b,wk_wv,2048,1024,4096,sarc_linear_dq8ca_coopmat_zpg_sweep_t128x128k32g24s32_texture3d_texture2d_half,1,742.56,0.0359882,2026-10-08T01:13:21Z
3,sarc_linear_dq8ca_coopmat_zpg_sweep_t128x128k32g24s32,llama-3.1-8b,w1_w3,2048,14336,4096,sarc_linear_dq8ca_coopmat_zpg_sweep_t128x128k32g24s32_texture3d_texture2d_half,1,11073.8,0.0220164,2026-10-08T01:13:21Z
3,sarc_linear_dq8ca_coopmat_zpg_sweep_t128x128k32g24s32,llama-3.1-8b,w2,2048,4096,14336,sarc_linear_dq8ca_coopmat_zpg_sweep_t128x128k32g24s32_texture3d_texture2d_half,1,11041.9,0.0211458,2026-10-08T01:13:21Z
3,sarc_linear_dq8ca_coopmat_zpg_sweep_t128x128k32g24s32,llama-3.2-3b,wq_wo,2048,3072,3072,sarc_linear_dq8ca_coopmat_zpg_sweep_t128x128k32g24s32_texture3d_texture2d_half,1,1716.44,0.034272,2026-10-08T01:13:21Z
3,sarc_linear_dq8ca_coopmat_zpg_sweep_t128x128k32g24s32,llama-3.2-3b,wk_wv,2048,1024,3072,sarc_linear_dq8ca_coopmat_zpg_sweep_t128x128k32g24s32_texture3d_texture2d_half,1,557.24,0.0363687,2026-10-08T01:13:21Z
3,sarc_linear_dq8ca_coopmat_zpg_sweep_t128x128k32g24s32,llama-3.2-3b,w1_w3,2048,8192,3072,sarc_linear_dq8ca_coopmat_zpg_sweep_t128x128k32g24s32_texture3d_texture2d_half,1,4624.36,0.0282538,2026-10-08T01:13:21Z
3,sarc_linear_dq8ca_coopmat_zpg_sweep_t128x128k32g24s32,llama-3.2-3b,w2,2048,3072,8192,sarc_linear_dq8ca_coopmat_zpg_sweep_t128x128k32g24s32_texture3d_texture2d_half,1,4591.16,0.0284694,2026-10-08T01:13:21Z
3,sarc_linear_dq8ca_coopmat_zpg_sweep_t128x128k32g24s32,llama-3.2-1b,wq_wo,2048,2048,2048,sarc_linear_dq8ca_coopmat_zpg_sweep_t128x128k32g24s32_texture3d_texture2d_half,1,753.96,0.0350204,2026-10-08T01:13:21Z
3,sarc_linear_dq8ca_coopmat_zpg_sweep_t128x128k32g24s32,llama-3.2-1b,wk_wv,2048,512,2048,sarc_linear_dq8ca_coopmat_zpg_sweep_t128x128k32g24s32_texture3d_texture2d_half,1,181.44,0.0417165,2026-10-08T01:13:21Z
3,sarc_linear_dq8ca_coopmat_zpg_sweep_t128x128k32g24s32,llama-3.2-1b,w1_w3,2048,8192,2048,sarc_linear_dq8ca_coopmat_zpg_sweep_t128x128k32g24s32_texture3d_texture2d_half,1,3094.98,0.0316913,2026-10-08T01:13:21Z
3,sarc_linear_dq8ca_coopmat_zpg_sweep_t128x128k32g24s32,llama-3.2-1b,w2,2048,2048,8192,sarc_linear_dq8ca_coopmat_zpg_sweep_t128x128k32g24s32_texture3d_texture2d_half,1,3042.4,0.0339417,2026-10-08T01:13:21Z
3,sarc_linear_dq8ca_coopmat_zpg_sweep_t128x128k32g42s32,llama-3.1-8b,wq_wo,2048,4096,4096,sarc_linear_dq8ca_coopmat_zpg_sweep_t128x128k32g42s32_texture3d_texture2d_half,1,3052.56,0.0367371,2026-10-08T01:14:03Z
3,sarc_linear_dq8ca_coopmat_zpg_sweep_t128x128k32g42s32,llama-3.1-8b,wk_wv,2048,1024,4096,sarc_linear_dq8ca_coopmat_zpg_sweep_t128x128k32g42s32_texture3d_texture2d_half,1,745.46,0.0411602,2026-10-08T01:14:03Z
3,sarc_linear_dq8ca_coopmat_zpg_sweep_t128x128k32g42s32,llama-3.1-8b,w1_w3,2048,14336,4096,sarc_linear_dq8ca_coopmat_zpg_sweep_t128x128k32g42s32_texture3d_texture2d_half,1,11156.3,0.0285874,2026-10-08T01:14:03Z
3,sarc_linear_dq8ca_coopmat_zpg_sweep_t128x128k32g42s32,llama-3.1-8b,w2,2048,4096,14336,sarc_linear_dq8ca_coopmat_zpg_sweep_t128x128k32g42s32_texture3d_texture2d_half,1,11074.2,0.0210815,2026-10-08T01:14:03Z
3,sarc_linear_dq8ca_coopmat_zpg_sweep_t128x128k32g42s32,llama-3.2-3b,wq_wo,2048,3072,3072,sarc_linear_dq8ca_coopmat_zpg_sweep_t128x128k32g42s32_texture3d_texture2d_half,1,1729.32,0.0340625,2026-10-08T01:14:03Z
3,sarc_linear_dq8ca_coopmat_zpg_sweep_t128x128k32g42s32,llama-3.2-3b,wk_wv,2048,1024,3072,sarc_linear_dq8ca_coopmat_zpg_sweep_t128x128k32g42s32_texture3d_texture2d_half,1,560.08,0.036925,2026-10-08T01:14:03Z
3,sarc_linear_dq8ca_coopmat_zpg_sweep_t128x128k32g42s32,llama-3.2-3b,w1_w3,2048,8192,3072,sarc_linear_dq8ca_coopmat_zpg_sweep_t128x128k32g42s32_texture3d_texture2d_half,1,4646.4,0.029418,2026-10-08T01:14:03Z
3,sarc_linear_dq8ca_coopmat_zpg_sweep_t128x128k32g42s32,llama-3.2-3b,w2,2048,3072,8192,sarc_linear_dq8ca_coopmat_zpg_sweep_t128x128k32g42s32_texture3d_texture2d_half,1,4614.48,0.0299739,2026-10-08T01:14:03Z
3,sarc_linear_dq8ca_coopmat_zpg_sweep_t128x128k32g42s32,llama-3.2-1b,wq_wo,2048,2048,2048,sarc_linear_dq8ca_coopmat_zpg_sweep_t128x128k32g42s32_texture3d_texture2d_half,1,757.52,0.0357476,2026-10-08T01:14:03Z
3,sarc_linear_dq8ca_coopmat_zpg_sweep_t128x128k32g42s32,llama-3.2-1b,wk_wv,2048,512,2048,sarc_linear_dq8ca_coopmat_zpg_sweep_t128x128k32g42s32_texture3d_texture2d_half,1,181.86,0.0409936,2026-10-08T01:14:03Z
3,sarc_linear_dq8ca_coopmat_zpg_sweep_t128x128k32g42s32,llama-3.2-1b,w1_w3,2048,8192,2048,sarc_linear_dq8ca_coopmat_zpg_sweep_t128x128k32g42s32_texture3d_texture2d_half,1,3111.2,0.0312806,2026-10-08T01:14:03Z
3,sarc_linear_dq8ca_coopmat_zpg_sweep_t128x128k32g42s32,llama-3.2-1b,w2,2048,2048,8192,sarc_linear_dq8ca_coopmat_zpg_sweep_t128x128k32g42s32_texture3d_texture2d_half,1,3067.28,0.0397215,2026-10-08T01:14:03Z
3,sarc_linear_dq8ca_coopmat_zpg_sweep_t128x32k32g22s32,llama-3.1-8b,wq_wo,2048,4096,4096,sarc_linear_dq8ca_coopmat_zpg_sweep_t128x32k32g22s32_texture3d_texture2d_half,1,2601.88,0.0453815,2026-10-08T01:14:47Z
3,sarc_linear_dq8ca_coopmat_zpg_sweep_t128x32k32g22s32,llama-3.1-8b,wk_wv,2048,1024,4096,sarc_linear_dq8ca_coopmat_zpg_sweep_t128x32k32g22s32_texture3d_texture2d_half,1,683.82,0.0439504,2026-10-08T01:14:47Z
3,sarc_linear_dq8ca_coopmat_zpg_sweep_t128x32k32g22s32,llama-3.1-8b,w1_w3,2048,14336,4096,sarc_linear_dq8ca_coopmat_zpg_sweep_t128x32k32g22s32_texture3d_texture2d_half,1,9556.08,0.0290449,2026-10-08T01:14:47Z
3,sarc_linear_dq8ca_coopmat_zpg_sweep_t128x32k32g22s32,llama-3.1-8b,w2,2048,4096,14336,sarc_linear_dq8ca_coopmat_zpg_sweep_t128x32k32g22s32_texture3d_texture2d_half,1,9464.52,0.0271112,2026-10-08T01:14:47Z
3,sarc_linear_dq8ca_coopmat_zpg_sweep_t128x32k32g22s32,llama-3.2-3b,wq_wo,2048,3072,3072,sarc_linear_dq8ca_coopmat_zpg_sweep_t128x32k32g22s32_texture3d_texture2d_half,1,1514.12,0.0433268,2026-10-08T01:14:47Z
3,sarc_linear_dq8ca_coopmat_zpg_sweep_t128x32k32g22s32,llama-3.2-3b,wk_wv,2048,1024,3072,sarc_linear_dq8ca_coopmat_zpg_sweep_t128x32k32g22s32_texture3d_texture2d_half,1,512.08,0.0415107,2026-10-08T01:14:47Z
3,sarc_linear_dq8ca_coopmat_zpg_sweep_t128x32k32g22s32,llama-3.2-3b,w1_w3,2048,8192,3072,sarc_linear_dq8ca_coopmat_zpg_sweep_t128x32k32g22s32_texture3d_texture2d_half,1,4000.32,0.0349978,2026-10-08T01:14:47Z
3,sarc_linear_dq8ca_coopmat_zpg_sweep_t128x32k32g22s32,llama-3.2-3b,w2,2048,3072,8192,sarc_linear_dq8ca_coopmat_zpg_sweep_t128x32k32g22s32_texture3d_texture2d_half,1,4000.8,0.0309092,2026-10-08T01:14:47Z
3,sarc_linear_dq8ca_coopmat_zpg_sweep_t128x32k32g22s32,llama-3.2-1b,wq_wo,2048,2048,2048,sarc_linear_dq8ca_coopmat_zpg_sweep_t128x32k32g22s32_texture3d_texture2d_half,1,680.86,0.0420684,2026-10-08T01:14:47Z
3,sarc_linear_dq8ca_coopmat_zpg_sweep_t128x32k32g22s32,llama-3.2-1b,wk_wv,2048,512,2048,sarc_linear_dq8ca_coopmat_zpg_sweep_t128x32k32g22s32_texture3d_texture2d_half,1,167.6,0.0472277,2026-10-08T01:14:47Z
3,sarc_linear_dq8ca_coopmat_zpg_sweep_t128x32k32g22s32,llama-3.2-1b,w1_w3,2048,8192,2048,sarc_linear_dq8ca_coopmat_zpg_sweep_t128x32k32g22s32_texture3d_texture2d_half,1,2688.56,0.0404236,2026-10-08T01:14:47Z
3,sarc_linear_dq8ca_coopmat_zpg_sweep_t128x32k32g22s32,llama-3.2-1b,w2,2048,2048,8192,sarc_linear_dq8ca_coopmat_zpg_sweep_t128x32k32g22s32_texture3d_texture2d_half,1,2685.72,0.0399157,2026-10-08T01:14:47Z
3,sarc_linear_dq8ca_coopmat_zpg_sweep_t128x64k32g12s32,llama-3.1-8b,wq_wo,2048,4096,4096,sarc_linear_dq8ca_coopmat_zpg_sweep_t128x64k32g12s32_texture3d_texture2d_half,1,3547.28,0.041572,2026-10-08T01:15:35Z
3,sarc_linear_dq8ca_coopmat_zpg_sweep_t128x64k32g12s32,llama-3.1-8b,wk_wv,2048,1024,4096,sarc_linear_dq8ca_coopmat_zpg_sweep_t128x64k32g12s32_texture3d_texture2d_half,1,911.96,0.0494291,2026-10-08T01:15:35Z
3,sarc_linear_dq8ca_coopmat_zpg_sweep_t128x64k32g12s32,llama-3.1-8b,w1_w3,2048,14336,4096,sarc_linear_dq8ca_coopmat_zpg_sweep_t128x64k32g12s32_texture3d_texture2d_half,1,13382.2,0.0279178,2026-10-08T01:15:35Z
3,sarc_linear_dq8ca_coopmat_zpg_sweep_t128x64k32g12s32,llama-3.1-8b,w2,2048,4096,14336,sarc_linear_dq8ca_coopmat_zpg_sweep_t128x64k32g12s32_texture3d_texture2d_half,1,12892.3,0.0120246,2026-10-08T01:15:35Z
3,sarc_linear_dq8ca_coopmat_zpg_sweep_t128x64k32g12s32,llama-3.2-3b,wq_wo,2048,3072,3072,sarc_linear_dq8ca_coopmat_zpg_sweep_t128x64k32g12s32_texture3d_texture2d_half,1,2008.9,0.0453784,2026-10-08T01:15:35Z
3,sarc_linear_dq8ca_coopmat_zpg_sweep_t128x64k32g12s32,llama-3.2-3b,wk_wv,2048,1024,3072,sarc_linear_dq8ca_coopmat_zpg_sweep_t128x64k32g12s32_texture3d_texture2d_half,1,683.56,0.0450418,2026-10-08T01:15:35Z
3,sarc_linear_dq8ca_coopmat_zpg_sweep_t128x64k32g12s32,llama-3.2-3b,w1_w3,2048,8192,3072,sarc_linear_dq8ca_coopmat_zpg_sweep_t128x64k32g12s32_texture3d_texture2d_half,1,5320.32,0.0347539,2026-10-08T01:15:35Z
3,sarc_linear_dq8ca_coopmat_zpg_sweep_t128x64k32g12s32,llama-3.2-3b,w2,2048,3072,8192,sarc_linear_dq8ca_coopmat_zpg_sweep_t128x64k32g12s32_texture3d_texture2d_half,1,5232.2,0.0313618,2026-10-08T01:15:35Z
3,sarc_linear_dq8ca_coopmat_zpg_sweep_t128x64k32g12s32,llama-3.2-1b,wq_wo,2048,2048,2048,sarc_linear_dq8ca_coopmat_zpg_sweep_t128x64k32g12s32_texture3d_texture2d_half,1,898.48,0.0450702,2026-10-08T01:15:35Z
3,sarc_linear_dq8ca_coopmat_zpg_sweep_t128x64k32g12s32,llama-3.2-1b,wk_wv,2048,512,2048,sarc_linear_dq8ca_coopmat_zpg_sweep_t128x64k32g12s32_texture3d_texture2d_half,1,255.2,0.039593,2026-10-08T01:15:35Z
3,sarc_linear_dq8ca_coopmat_zpg_sweep_t128x64k32g12s32,llama-3.2-1b,w1_w3,2048,8192,2048,sarc_linear_dq8ca_coopmat_zpg_sweep_t128x64k32g12s32_texture3d_texture2d_half,1,3542.4,0.0403225,2026-10-08T01:15:35Z
3,sarc_linear_dq8ca_coopmat_zpg_sweep_t128x64k32g12s32,llama-3.2-1b,w2,2048,2048,8192,sarc_linear_dq8ca_coopmat_zpg_sweep_t128x64k32g12s32_texture3d_texture2d_half,1,3584.44,0.0346854,2026-10-08T01:15:35Z
3,sarc_linear_dq8ca_coopmat_zpg_sweep_t128x64k32g21s32,llama-3.1-8b,wq_wo,2048,4096,4096,sarc_linear_dq8ca_coopmat_zpg_sweep_t128x64k32g21s32_texture3d_texture2d_half,1,3414.24,0.0453618,2026-10-08T01:16:23Z
3,sarc_linear_dq8ca_coopmat_zpg_sweep_t128x64k32g21s32,llama-3.1-8b,wk_wv,2048,1024,4096,sarc_linear_dq8ca_coopmat_zpg_sweep_t128x64k32g21s32_texture3d_texture2d_half,1,910,0.0507327,2026-10-08T01:16:23Z
3,sarc_linear_dq8ca_coopmat_zpg_sweep_t128x64k32g21s32,llama-3.1-8b,w1_w3,2048,14336,4096,sarc_linear_dq8ca_coopmat_zpg_sweep_t128x64k32g21s32_texture3d_texture2d_half,1,12742.1,0.0320401,2026-10-08T01:16:23Z
3,sarc_linear_dq8ca_coopmat_zpg_sweep_t128x64k32g21s32,llama-3.1-8b,w2,2048,4096,14336,sarc_linear_dq8ca_coopmat_zpg_sweep_t128x64k32g21s32_texture3d_texture2d_half,1,12761.5,0.024849,2026-10-08T01:16:23Z
3,sarc_linear_dq8ca_coopmat_zpg_sweep_t128x64k32g21s32,llama-3.2-3b,wq_wo,2048,3072,3072,sarc_linear_dq8ca_coopmat_zpg_sweep_t128x64k32g21s32_texture3d_texture2d_half,1,2000.6,0.0513347,2026-10-08T01:16:23Z
3,sarc_linear_dq8ca_coopmat_zpg_sweep_t128x64k32g21s32,llama-3.2-3b,wk_wv,2048,1024,3072,sarc_linear_dq8ca_coopmat_zpg_sweep_t128x64k32g21s32_texture3d_texture2d_half,1,688.6,0.0483252,2026-10-08T01:16:23Z
3,sarc_linear_dq8ca_coopmat_zpg_sweep_t128x64k32g21s32,llama-3.2-3b,w1_w3,2048,8192,3072,sarc_linear_dq8ca_coopmat_zpg_sweep_t128x64k32g21s32_texture3d_texture2d_half,1,5218.78,0.0397351,2026-10-08T01:16:23Z
3,sarc_linear_dq8ca_coopmat_zpg_sweep_t128x64k32g21s32,llama-3.2-3b,w2,2048,3072,8192,sarc_linear_dq8ca_coopmat_zpg_sweep_t128x64k32g21s32_texture3d_texture2d_half,1,5005.4,0.0372755,2026-10-08T01:16:23Z
3,sarc_linear_dq8ca_coopmat_zpg_sweep_t128x64k32g21s32,llama-3.2-1b,wq_wo,2048,2048,2048,sarc_linear_dq8ca_coopmat_zpg_sweep_t128x64k32g21s32_texture3d_texture2d_half,1,897.16,0.0493167,2026-10-08T01:16:23Z
3,sarc_linear_dq8ca_coopmat_zpg_sweep_t128x64k32g21s32,llama-3.2-1b,wk_wv,2048,512,2048,sarc_linear_dq8ca_coopmat_zpg_sweep_t128x64k32g21s32_texture3d_texture2d_half,1,234.42,0.0495979,2026-10-08T01:16:23Z
3,sarc_linear_dq8ca_coopmat_zpg_sweep_t128x64k32g21s32,llama-3.2-1b,w1_w3,2048,8192,2048,sarc_linear_dq8ca_coopmat_zpg_sweep_t128x64k32g21s32_texture3d_texture2d_half,1,3461.36,0.0449631,2026-10-08T01:16:23Z
3,sarc_linear_dq8ca_coopmat_zpg_sweep_t128x64k32g21s32,llama-3.2-1b,w2,2048,2048,8192,sarc_linear_dq8ca_coopmat_zpg_sweep_t128x64k32g21s32_texture3d_texture2d_half,1,3333.68,0.044975,2026-10-08T01:16:23Z
3,sarc_linear_dq8ca_coopmat_zpg_sweep_t128x64k32g22s32,llama-3.1-8b,wq_wo,2048,4096,4096,sarc_linear_dq8ca_coopmat_zpg_sweep_t128x64k32g22s32_texture3d_texture2d_half,1,2746.16,0.0405853,2026-10-08T01:17:07Z
3,sarc_linear_dq8ca_coopmat_zpg_sweep_t128x64k32g22s32,llama-3.1-8b,wk_wv,2048,1024,4096,sarc_linear_dq8ca_coopmat_zpg_sweep_t128x64k32g22s32_texture3d_texture2d_half,1,697.4,0.0359133,2026-10-08T01:17:07Z
3,sarc_linear_dq8ca_coopmat_zpg_sweep_t128x64k32g22s32,llama-3.1-8b,w1_w3,2048,14336,4096,sarc_linear_dq8ca_coopmat_zpg_sweep_t128x64k32g22s32_texture3d_texture2d_half,1,9882.08,0.0385774,2026-10-08T01:17:07Z
3,sarc_linear_dq8ca_coopmat_zpg_sweep_t128x64k32g22s32,llama-3.1-8b,w2,2048,4096,14336,sarc_linear_dq8ca_coopmat_zpg_sweep_t128x64k32g22s32_texture3d_texture2d_half,1,10008.8,0.0206673,2026-10-08T01:17:07Z
3,sarc_linear_dq8ca_coopmat_zpg_sweep_t128x64k32g22s32,llama-3.2-3b,wq_wo,2048,3072,3072,sarc_linear_dq8ca_coopmat_zpg_sweep_t128x64k32g22s32_texture3d_texture2d_half,1,1564.96,0.0342209,2026-10-08T01:17:07Z
3,sarc_linear_dq8ca_coopmat_zpg_sweep_t128x64k32g22s32,llama-3.2-3b,wk_wv,2048,1024,3072,sarc_linear_dq8ca_coopmat_zpg_sweep_t128x64k32g22s32_texture3d_texture2d_half,1,523.6,0.0358611,2026-10-08T01:17:07Z
3,sarc_linear_dq8ca_coopmat_zpg_sweep_t128x64k32g22s32,llama-3.2-3b,w1_w3,2048,8192,3072,sarc_linear_dq8ca_coopmat_zpg_sweep_t128x64k32g22s32_texture3d_texture2d_half,1,4160.74,0.0292549,2026-10-08T01:17:07Z
3,sarc_linear_dq8ca_coopmat_zpg_sweep_t128x64k32g22s32,llama-3.2-3b,w2,2048,3072,8192,sarc_linear_dq8ca_coopmat_zpg_sweep_t128x64k32g22s32_texture3d_texture2d_half,1,4176.38,0.0250919,2026-10-08T01:17:07Z
3,sarc_linear_dq8ca_coopmat_zpg_sweep_t128x64k32g22s32,llama-3.2-1b,wq_wo,2048,2048,2048,sarc_linear_dq8ca_coopmat_zpg_sweep_t128x64k32g22s32_texture3d_texture2d_half,1,700.4,0.0369342,2026-10-08T01:17:07Z
3,sarc_linear_dq8ca_coopmat_zpg_sweep_t128x64k32g22s32,llama-3.2-1b,wk_wv,2048,512,2048,sarc_linear_dq8ca_coopmat_zpg_sweep_t128x64k32g22s32_texture3d_texture2d_half,1,172.46,0.0420298,2026-10-08T01:17:07Z
3,sarc_linear_dq8ca_coopmat_zpg_sweep_t128x64k32g22s32,llama-3.2-1b,w1_w3,2048,8192,2048,sarc_linear_dq8ca_coopmat_zpg_sweep_t128x64k32g22s32_texture3d_texture2d_half,1,2779.94,0.0326969,2026-10-08T01:17:07Z
3,sarc_linear_dq8ca_coopmat_zpg_sweep_t128x64k32g22s32,llama-3.2-1b,w2,2048,2048,8192,sarc_linear_dq8ca_coopmat_zpg_sweep_t128x64k32g22s32_texture3d_texture2d_half,1,2816.64,0.0399951,2026-10-08T01:17:07Z
3,sarc_linear_dq8ca_coopmat_zpg_sweep_t128x64k32g24s32,llama-3.1-8b,wq_wo,2048,4096,4096,sarc_linear_dq8ca_coopmat_zpg_sweep_t128x64k32g24s32_texture3d_texture2d_half,1,2653.18,0.0418406,2026-10-08T01:17:50Z
3,sarc_linear_dq8ca_coopmat_zpg_sweep_t128x64k32g24s32,llama-3.1-8b,wk_wv,2048,1024,4096,sarc_linear_dq8ca_coopmat_zpg_sweep_t128x64k32g24s32_texture3d_texture2d_half,1,680.8,0.0382528,2026-10-08T01:17:50Z
3,sarc_linear_dq8ca_coopmat_zpg_sweep_t128x64k32g24s32,llama-3.1-8b,w1_w3,2048,14336,4096,sarc_linear_dq8ca_coopmat_zpg_sweep_t128x64k32g24s32_texture3d_texture2d_half,1,9548.82,0.0323532,2026-10-08T01:17:50Z
3,sarc_linear_dq8ca_coopmat_zpg_sweep_t128x64k32g24s32,llama-3.1-8b,w2,2048,4096,14336,sarc_linear_dq8ca_coopmat_zpg_sweep_t128x64k32g24s32_texture3d_texture2d_half,1,9472.8,0.0205488,2026-10-08T01:17:50Z
3,sarc_linear_dq8ca_coopmat_zpg_sweep_t128x64k32g24s32,llama-3.2-3b,wq_wo,2048,3072,3072,sarc_linear_dq8ca_coopmat_zpg_sweep_t128x64k32g24s32_texture3d_texture2d_half,1,1519.06,0.0358365,2026-10-08T01:17:50Z
3,sarc_linear_dq8ca_coopmat_zpg_sweep_t128x64k32g24s32,llama-3.2-3b,wk_wv,2048,1024,3072,sarc_linear_dq8ca_coopmat_zpg_sweep_t128x64k32g24s32_texture3d_texture2d_half,1,513.16,0.0372288,2026-10-08T01:17:50Z
3,sarc_linear_dq8ca_coopmat_zpg_sweep_t128x64k32g24s32,llama-3.2-3b,w1_w3,2048,8192,3072,sarc_linear_dq8ca_coopmat_zpg_sweep_t128x64k32g24s32_texture3d_texture2d_half,1,4030.08,0.0293416,2026-10-08T01:17:50Z
3,sarc_linear_dq8ca_coopmat_zpg_sweep_t128x64k32g24s32,llama-3.2-3b,w2,2048,3072,8192,sarc_linear_dq8ca_coopmat_zpg_sweep_t128x64k32g24s32_texture3d_texture2d_half,1,4033.68,0.0271647,2026-10-08T01:17:50Z
3,sarc_linear_dq8ca_coopmat_zpg_sweep_t128x64k32g24s32,llama-3.2-1b,wq_wo,2048,2048,2048,sarc_linear_dq8ca_coopmat_zpg_sweep_t128x64k32g24s32_texture3d_texture2d_half,1,682.8,0.0387889,2026-10-08T01:17:50Z
3,sarc_linear_dq8ca_coopmat_zpg_sweep_t128x64k32g24s32,llama-3.2-1b,wk_wv,2048,512,2048,sarc_linear_dq8ca_coopmat_zpg_sweep_t128x64k32g24s32_texture3d_texture2d_half,1,170.16,0.0447231,2026-10-08T01:17:50Z
3,sarc_linear_dq8ca_coopmat_zpg_sweep_t128x64k32g24s32,llama-3.2-1b,w1_w3,2048,8192,2048,sarc_linear_dq8ca_coopmat_zpg_sweep_t128x64k32g24s32_texture3d_texture2d_half,1,2706.72,0.0349611,2026-10-08T01:17:50Z
3,sarc_linear_dq8ca_coopmat_zpg_sweep_t128x64k32g24s32,llama-3.2-1b,w2,2048,2048,8192,sarc_linear_dq8ca_coopmat_zpg_sweep_t128x64k32g24s32_texture3d_texture2d_half,1,2692.82,0.0383185,2026-10-08T01:17:50Z
3,sarc_linear_dq8ca_coopmat_zpg_sweep_t128x64k64g22s32,llama-3.1-8b,wq_wo,2048,4096,4096,sarc_linear_dq8ca_coopmat_zpg_sweep_t128x64k64g22s32_texture3d_texture2d_half,1,2596.68,0.0418196,2026-10-08T01:18:33Z
3,sarc_linear_dq8ca_coopmat_zpg_sweep_t128x64k64g22s32,llama-3.1-8b,wk_wv,2048,1024,4096,sarc_linear_dq8ca_coopmat_zpg_sweep_t128x64k64g22s32_texture3d_texture2d_half,1,663.6,0.0388079,2026-10-08T01:18:33Z
3,sarc_linear_dq8ca_coopmat_zpg_sweep_t128x64k64g22s32,llama-3.1-8b,w1_w3,2048,14336,4096,sarc_linear_dq8ca_coopmat_zpg_sweep_t128x64k64g22s32_texture3d_texture2d_half,1,9391.12,0.0313303,2026-10-08T01:18:33Z
3,sarc_linear_dq8ca_coopmat_zpg_sweep_t128x64k64g22s32,llama-3.1-8b,w2,2048,4096,14336,sarc_linear_dq8ca_coopmat_zpg_sweep_t128x64k64g22s32_texture3d_texture2d_half,1,9275.84,0.0226987,2026-10-08T01:18:33Z
3,sarc_linear_dq8ca_coopmat_zpg_sweep_t128x64k64g22s32,llama-3.2-3b,wq_wo,2048,3072,3072,sarc_linear_dq8ca_coopmat_zpg_sweep_t128x64k64g22s32_texture3d_texture2d_half,1,1486.04,0.0378492,2026-10-08T01:18:33Z
3,sarc_linear_dq8ca_coopmat_zpg_sweep_t128x64k64g22s32,llama-3.2-3b,wk_wv,2048,1024,3072,sarc_linear_dq8ca_coopmat_zpg_sweep_t128x64k64g22s32_texture3d_texture2d_half,1,501.32,0.0378466,2026-10-08T01:18:33Z
3,sarc_linear_dq8ca_coopmat_zpg_sweep_t128x64k64g22s32,llama-3.2-3b,w1_w3,2048,8192,3072,sarc_linear_dq8ca_coopmat_zpg_sweep_t128x64k64g22s32_texture3d_texture2d_half,1,3951.1,0.0301077,2026-10-08T01:18:33Z
3,sarc_linear_dq8ca_coopmat_zpg_sweep_t128x64k64g22s32,llama-3.2-3b,w2,2048,3072,8192,sarc_linear_dq8ca_coopmat_zpg_sweep_t128x64k64g22s32_texture3d_texture2d_half,1,3953.36,0.0289174,2026-10-08T01:18:33Z
3,sarc_linear_dq8ca_coopmat_zpg_sweep_t128x64k64g22s32,llama-3.2-1b,wq_wo,2048,2048,2048,sarc_linear_dq8ca_coopmat_zpg_sweep_t128x64k64g22s32_texture3d_texture2d_half,1,666.96,0.0380409,2026-10-08T01:18:33Z
3,sarc_linear_dq8ca_coopmat_zpg_sweep_t128x64k64g22s32,llama-3.2-1b,wk_wv,2048,512,2048,sarc_linear_dq8ca_coopmat_zpg_sweep_t128x64k64g22s32_texture3d_texture2d_half,1,164.54,0.0445007,2026-10-08T01:18:33Z
3,sarc_linear_dq8ca_coopmat_zpg_sweep_t128x64k64g22s32,llama-3.2-1b,w1_w3,2048,8192,2048,sarc_linear_dq8ca_coopmat_zpg_sweep_t128x64k64g22s32_texture3d_texture2d_half,1,2646.32,0.0351192,2026-10-08T01:18:33Z
3,sarc_linear_dq8ca_coopmat_zpg_sweep_t128x64k64g22s32,llama-3.2-1b,w2,2048,2048,8192,sarc_linear_dq8ca_coopmat_zpg_sweep_t128x64k64g22s32_texture3d_texture2d_half,1,2697.68,0.0345005,2026-10-08T01:18:33Z
3,sarc_linear_dq8ca_coopmat_zpg_sweep_t128x64k64g42s32,llama-3.1-8b,wq_wo,2048,4096,4096,sarc_linear_dq8ca_coopmat_zpg_sweep_t128x64k64g42s32_texture3d_texture2d_half,1,3323.34,0.0354369,2026-10-08T01:19:21Z
3,sarc_linear_dq8ca_coopmat_zpg_sweep_t128x64k64g42s32,llama-3.1-8b,wk_wv,2048,1024,4096,sarc_linear_dq8ca_coopmat_zpg_sweep_t128x64k64g42s32_texture3d_texture2d_half,1,828.22,0.0356748,2026-10-08T01:19:21Z
3,sarc_linear_dq8ca_coopmat_zpg_sweep_t128x64k64g42s32,llama-3.1-8b,w1_w3,2048,14336,4096,sarc_linear_dq8ca_coopmat_zpg_sweep_t128x64k64g42s32_texture3d_texture2d_half,1,12280.7,0.0282571,2026-10-08T01:19:21Z
3,sarc_linear_dq8ca_coopmat_zpg_sweep_t128x64k64g42s32,llama-3.1-8b,w2,2048,4096,14336,sarc_linear_dq8ca_coopmat_zpg_sweep_t128x64k64g42s32_texture3d_texture2d_half,1,12139.6,0.0195927,2026-10-08T01:19:21Z
3,sarc_linear_dq8ca_coopmat_zpg_sweep_t128x64k64g42s32,llama-3.2-3b,wq_wo,2048,3072,3072,sarc_linear_dq8ca_coopmat_zpg_sweep_t128x64k64g42s32_texture3d_texture2d_half,1,1910.2,0.0328972,2026-10-08T01:19:21Z
3,sarc_linear_dq8ca_coopmat_zpg_sweep_t128x64k64g42s32,llama-3.2-3b,wk_wv,2048,1024,3072,sarc_linear_dq8ca_coopmat_zpg_sweep_t128x64k64g42s32_texture3d_texture2d_half,1,619.88,0.0346446,2026-10-08T01:19:21Z
3,sarc_linear_dq8ca_coopmat_zpg_sweep_t128x64k64g42s32,llama-3.2-3b,w1_w3,2048,8192,3072,sarc_linear_dq8ca_coopmat_zpg_sweep_t128x64k64g42s32_texture3d_texture2d_half,1,5111.64,0.022778,2026-10-08T01:19:21Z
3,sarc_linear_dq8ca_coopmat_zpg_sweep_t128x64k64g42s32,llama-3.2-3b,w2,2048,3072,8192,sarc_linear_dq8ca_coopmat_zpg_sweep_t128x64k64g42s32_texture3d_texture2d_half,1,5120.86,0.025076,2026-10-08T01:19:21Z
3,sarc_linear_dq8ca_coopmat_zpg_sweep_t128x64k64g42s32,llama-3.2-1b,wq_wo,2048,2048,2048,sarc_linear_dq8ca_coopmat_zpg_sweep_t128x64k64g42s32_texture3d_texture2d_half,1,846.08,0.0406799,2026-10-08T01:19:21Z
3,sarc_linear_dq8ca_coopmat_zpg_sweep_t128x64k64g42s32,llama-3.2-1b,wk_wv,2048,512,2048,sarc_linear_dq8ca_coopmat_zpg_sweep_t128x64k64g42s32_texture3d_texture2d_half,1,204.36,0.0406347,2026-10-08T01:19:21Z
3,sarc_linear_dq8ca_coopmat_zpg_sweep_t128x64k64g42s32,llama-3.2-1b,w1_w3,2048,8192,2048,sarc_linear_dq8ca_coopmat_zpg_sweep_t128x64k64g42s32_texture3d_texture2d_half,1,3407.28,0.0314665,2026-10-08T01:19:21Z
3,sarc_linear_dq8ca_coopmat_zpg_sweep_t128x64k64g42s32,llama-3.2-1b,w2,2048,2048,8192,sarc_linear_dq8ca_coopmat_zpg_sweep_t128x64k64g42s32_texture3d_texture2d_half,1,3494.84,0.0404917,2026-10-08T01:19:21Z
3,sarc_linear_dq8ca_coopmat_zpg_sweep_t256x32k32g14s32,llama-3.1-8b,wq_wo,2048,4096,4096,sarc_linear_dq8ca_coopmat_zpg_sweep_t256x32k32g14s32_texture3d_texture2d_half,1,2759.88,0.0376731,2026-10-08T01:20:04Z
3,sarc_linear_dq8ca_coopmat_zpg_sweep_t256x32k32g14s32,llama-3.1-8b,wk_wv,2048,1024,4096,sarc_linear_dq8ca_coopmat_zpg_sweep_t256x32k32g14s32_texture3d_texture2d_half,1,702.36,0.03712,2026-10-08T01:20:04Z
3,sarc_linear_dq8ca_coopmat_zpg_sweep_t256x32k32g14s32,llama-3.1-8b,w1_w3,2048,14336,4096,sarc_linear_dq8ca_coopmat_zpg_sweep_t256x32k32g14s32_texture3d_texture2d_half,1,10024.2,0.021755,2026-10-08T01:20:04Z
3,sarc_linear_dq8ca_coopmat_zpg_sweep_t256x32k32g14s32,llama-3.1-8b,w2,2048,4096,14336,sarc_linear_dq8ca_coopmat_zpg_sweep_t256x32k32g14s32_texture3d_texture2d_half,1,10186.6,0.0184373,2026-10-08T01:20:04Z
3,sarc_linear_dq8ca_coopmat_zpg_sweep_t256x32k32g14s32,llama-3.2-3b,wq_wo,2048,3072,3072,sarc_linear_dq8ca_coopmat_zpg_sweep_t256x32k32g14s32_texture3d_texture2d_half,1,1563.16,0.0358658,2026-10-08T01:20:04Z
3,sarc_linear_dq8ca_coopmat_zpg_sweep_t256x32k32g14s32,llama-3.2-3b,wk_wv,2048,1024,3072,sarc_linear_dq8ca_coopmat_zpg_sweep_t256x32k32g14s32_texture3d_texture2d_half,1,528.96,0.0359307,2026-10-08T01:20:04Z
3,sarc_linear_dq8ca_coopmat_zpg_sweep_t256x32k32g14s32,llama-3.2-3b,w1_w3,2048,8192,3072,sarc_linear_dq8ca_coopmat_zpg_sweep_t256x32k32g14s32_texture3d_texture2d_half,1,4169.16,0.0295952,2026-10-08T01:20:04Z
3,sarc_linear_dq8ca_coopmat_zpg_sweep_t256x32k32g14s32,llama-3.2-3b,w2,2048,3072,8192,sarc_linear_dq8ca_coopmat_zpg_sweep_t256x32k32g14s32_texture3d_texture2d_half,1,4233.44,0.0281057,2026-10-08T01:20:04Z
3,sarc_linear_dq8ca_coopmat_zpg_sweep_t256x32k32g14s32,llama-3.2-1b,wq_wo,2048,2048,2048,sarc_linear_dq8ca_coopmat_zpg_sweep_t256x32k32g14s32_texture3d_texture2d_half,1,700.96,0.0361181,2026-10-08T01:20:04Z
3,sarc_linear_dq8ca_coopmat_zpg_sweep_t256x32k32g14s32,llama-3.2-1b,wk_wv,2048,512,2048,sarc_linear_dq8ca_coopmat_zpg_sweep_t256x32k32g14s32_texture3d_texture2d_half,1,173.82,0.0419222,2026-10-08T01:20:04Z
3,sarc_linear_dq8ca_coopmat_zpg_sweep_t256x32k32g14s32,llama-3.2-1b,w1_w3,2048,8192,2048,sarc_linear_dq8ca_coopmat_zpg_sweep_t256x32k32g14s32_texture3d_texture2d_half,1,2769.6,0.032773,2026-10-08T01:20:04Z
3,sarc_linear_dq8ca_coopmat_zpg_sweep_t256x32k32g14s32,llama-3.2-1b,w2,2048,2048,8192,sarc_linear_dq8ca_coopmat_zpg_sweep_t256x32k32g14s32_texture3d_texture2d_half,1,2863.08,0.0414603,2026-10-08T01:20:04Z
3,sarc_linear_dq8ca_coopmat_zpg_sweep_t256x64k32g24s32,llama-3.1-8b,wq_wo,2048,4096,4096,sarc_linear_dq8ca_coopmat_zpg_sweep_t256x64k32g24s32_texture3d_texture2d_half,1,2983.14,0.0355233,2026-10-08T01:20:46Z
3,sarc_linear_dq8ca_coopmat_zpg_sweep_t256x64k32g24s32,llama-3.1-8b,wk_wv,2048,1024,4096,sarc_linear_dq8ca_coopmat_zpg_sweep_t256x64k32g24s32_texture3d_texture2d_half,1,734.08,0.0363363,2026-10-08T01:20:46Z
3,sarc_linear_dq8ca_coopmat_zpg_sweep_t256x64k32g24s32,llama-3.1-8b,w1_w3,2048,14336,4096,sarc_linear_dq8ca_coopmat_zpg_sweep_t256x64k32g24s32_texture3d_texture2d_half,1,11060,0.0218237,2026-10-08T01:20:46Z
3,sarc_linear_dq8ca_coopmat_zpg_sweep_t256x64k32g24s32,llama-3.1-8b,w2,2048,4096,14336,sarc_linear_dq8ca_coopmat_zpg_sweep_t256x64k32g24s32_texture3d_texture2d_half,1,11079.5,0.0201835,2026-10-08T01:20:46Z
3,sarc_linear_dq8ca_coopmat_zpg_sweep_t256x64k32g24s32,llama-3.2-3b,wq_wo,2048,3072,3072,sarc_linear_dq8ca_coopmat_zpg_sweep_t256x64k32g24s32_texture3d_texture2d_half,1,1694.02,0.0341528,2026-10-08T01:20:46Z
3,sarc_linear_dq8ca_coopmat_zpg_sweep_t256x64k32g24s32,llama-3.2-3b,wk_wv,2048,1024,3072,sarc_linear_dq8ca_coopmat_zpg_sweep_t256x64k32g24s32_texture3d_texture2d_half,1,549.96,0.0390678,2026-10-08T01:20:46Z
3,sarc_linear_dq8ca_coopmat_zpg_sweep_t256x64k32g24s32,llama-3.2-3b,w1_w3,2048,8192,3072,sarc_linear_dq8ca_coopmat_zpg_sweep_t256x64k32g24s32_texture3d_texture2d_half,1,4515.8,0.029439,2026-10-08T01:20:46Z
3,sarc_linear_dq8ca_coopmat_zpg_sweep_t256x64k32g24s32,llama-3.2-3b,w2,2048,3072,8192,sarc_linear_dq8ca_coopmat_zpg_sweep_t256x64k32g24s32_texture3d_texture2d_half,1,4566.52,0.0247844,2026-10-08T01:20:46Z
3,sarc_linear_dq8ca_coopmat_zpg_sweep_t256x64k32g24s32,llama-3.2-1b,wq_wo,2048,2048,2048,sarc_linear_dq8ca_coopmat_zpg_sweep_t256x64k32g24s32_texture3d_texture2d_half,1,753.44,0.0391514,2026-10-08T01:20:46Z
3,sarc_linear_dq8ca_coopmat_zpg_sweep_t256x64k32g24s32,llama-3.2-1b,wk_wv,2048,512,2048,sarc_linear_dq8ca_coopmat_zpg_sweep_t256x64k32g24s32_texture3d_texture2d_half,1,178.42,0.0418194,2026-10-08T01:20:46Z
3,sarc_linear_dq8ca_coopmat_zpg_sweep_t256x64k32g24s32,llama-3.2-1b,w1_w3,2048,8192,2048,sarc_linear_dq8ca_coopmat_zpg_sweep_t256x64k32g24s32_texture3d_texture2d_half,1,3014.92,0.0308712,2026-10-08T01:20:46Z
3,sarc_linear_dq8ca_coopmat_zpg_sweep_t256x64k32g24s32,llama-3.2-1b,w2,2048,2048,8192,sarc_linear_dq8ca_coopmat_zpg_sweep_t256x64k32g24s32_texture3d_texture2d_half,1,3067.32,0.0331007,2026-10-08T01:20:46Z
3,sarc_linear_dq8ca_coopmat_zpg_sweep_t256x64k32g42s32,llama-3.1-8b,wq_wo,2048,4096,4096,sarc_linear_dq8ca_coopmat_zpg_sweep_t256x64k32g42s32_texture3d_texture2d_half,1,3112.48,0.035866,2026-10-08T01:21:28Z
3,sarc_linear_dq8ca_coopmat_zpg_sweep_t256x64k32g42s32,llama-3.1-8b,wk_wv,2048,1024,4096,sarc_linear_dq8ca_coopmat_zpg_sweep_t256x64k32g42s32_texture3d_texture2d_half,1,770.32,0.0356508,2026-10-08T01:21:28Z
3,sarc_linear_dq8ca_coopmat_zpg_sweep_t256x64k32g42s32,llama-3.1-8b,w1_w3,2048,14336,4096,sarc_linear_dq8ca_coopmat_zpg_sweep_t256x64k32g42s32_texture3d_texture2d_half,1,11530.5,0.0233432,2026-10-08T01:21:28Z
3,sarc_linear_dq8ca_coopmat_zpg_sweep_t256x64k32g42s32,llama-3.1-8b,w2,2048,4096,14336,sarc_linear_dq8ca_coopmat_zpg_sweep_t256x64k32g42s32_texture3d_texture2d_half,1,11530.6,0.0205307,2026-10-08T01:21:28Z
3,sarc_linear_dq8ca_coopmat_zpg_sweep_t256x64k32g42s32,llama-3.2-3b,wq_wo,2048,3072,3072,sarc_linear_dq8ca_coopmat_zpg_sweep_t256x64k32g42s32_texture3d_texture2d_half,1,1778.56,0.0329292,2026-10-08T01:21:28Z
3,sarc_linear_dq8ca_coopmat_zpg_sweep_t256x64k32g42s32,llama-3.2-3b,wk_wv,2048,1024,3072,sarc_linear_dq8ca_coopmat_zpg_sweep_t256x64k32g42s32_texture3d_texture2d_half,1,577.36,0.0391756,2026-10-08T01:21:28Z
3,sarc_linear_dq8ca_coopmat_zpg_sweep_t256x64k32g42s32,llama-3.2-3b,w1_w3,2048,8192,3072,sarc_linear_dq8ca_coopmat_zpg_sweep_t256x64k32g42s32_texture3d_texture2d_half,1,4746.06,0.0287343,2026-10-08T01:21:28Z
3,sarc_linear_dq8ca_coopmat_zpg_sweep_t256x64k32g42s32,llama-3.2-3b,w2,2048,3072,8192,sarc_linear_dq8ca_coopmat_zpg_sweep_t256x64k32g42s32_texture3d_texture2d_half,1,4750.46,0.0256704,2026-10-08T01:21:28Z
3,sarc_linear_dq8ca_coopmat_zpg_sweep_t256x64k32g42s32,llama-3.2-1b,wq_wo,2048,2048,2048,sarc_linear_dq8ca_coopmat_zpg_sweep_t256x64k32g42s32_texture3d_texture2d_half,1,791.6,0.0387656,2026-10-08T01:21:28Z
3,sarc_linear_dq8ca_coopmat_zpg_sweep_t256x64k32g42s32,llama-3.2-1b,wk_wv,2048,512,2048,sarc_linear_dq8ca_coopmat_zpg_sweep_t256x64k32g42s32_texture3d_texture2d_half,1,187.8,0.0408409,2026-10-08T01:21:28Z
3,sarc_linear_dq8ca_coopmat_zpg_sweep_t256x64k32g42s32,llama-3.2-1b,w1_w3,2048,8192,2048,sarc_linear_dq8ca_coopmat_zpg_sweep_t256x64k32g42s32_texture3d_texture2d_half,1,3164.84,0.0306915,2026-10-08T01:21:28Z
3,sarc_linear_dq8ca_coopmat_zpg_sweep_t256x64k32g42s32,llama-3.2-1b,w2,2048,2048,8192,sarc_linear_dq8ca_coopmat_zpg_sweep_t256x64k32g42s32_texture3d_texture2d_half,1,3231.76,0.0301479,2026-10-08T01:21:28Z
3,sarc_linear_dq8ca_coopmat_zpg_sweep_t64x128k32g22s32,llama-3.1-8b,wq_wo,2048,4096,4096,sarc_linear_dq8ca_coopmat_zpg_sweep_t64x128k32g22s32_texture3d_texture2d_half,1,2898.52,0.0412156,2026-10-08T01:22:12Z
3,sarc_linear_dq8ca_coopmat_zpg_sweep_t64x128k32g22s32,llama-3.1-8b,wk_wv,2048,1024,4096,sarc_linear_dq8ca_coopmat_zpg_sweep_t64x128k32g22s32_texture3d_texture2d_half,1,733.44,0.0367271,2026-10-08T01:22:12Z
3,sarc_linear_dq8ca_coopmat_zpg_sweep_t64x128k32g22s32,llama-3.1-8b,w1_w3,2048,14336,4096,sarc_linear_dq8ca_coopmat_zpg_sweep_t64x128k32g22s32_texture3d_texture2d_half,1,10252.2,0.0262629,2026-10-08T01:22:12Z
3,sarc_linear_dq8ca_coopmat_zpg_sweep_t64x128k32g22s32,llama-3.1-8b,w2,2048,4096,14336,sarc_linear_dq8ca_coopmat_zpg_sweep_t64x128k32g22s32_texture3d_texture2d_half,1,10714.2,0.022802,2026-10-08T01:22:12Z
3,sarc_linear_dq8ca_coopmat_zpg_sweep_t64x128k32g22s32,llama-3.2-3b,wq_wo,2048,3072,3072,sarc_linear_dq8ca_coopmat_zpg_sweep_t64x128k32g22s32_texture3d_texture2d_half,1,1640.76,0.0344064,2026-10-08T01:22:12Z
3,sarc_linear_dq8ca_coopmat_zpg_sweep_t64x128k32g22s32,llama-3.2-3b,wk_wv,2048,1024,3072,sarc_linear_dq8ca_coopmat_zpg_sweep_t64x128k32g22s32_texture3d_texture2d_half,1,548.8,0.0357179,2026-10-08T01:22:12Z
3,sarc_linear_dq8ca_coopmat_zpg_sweep_t64x128k32g22s32,llama-3.2-3b,w1_w3,2048,8192,3072,sarc_linear_dq8ca_coopmat_zpg_sweep_t64x128k32g22s32_texture3d_texture2d_half,1,4358.76,0.0299383,2026-10-08T01:22:12Z
3,sarc_linear_dq8ca_coopmat_zpg_sweep_t64x128k32g22s32,llama-3.2-3b,w2,2048,3072,8192,sarc_linear_dq8ca_coopmat_zpg_sweep_t64x128k32g22s32_texture3d_texture2d_half,1,4747.28,0.0266572,2026-10-08T01:22:12Z
3,sarc_linear_dq8ca_coopmat_zpg_sweep_t64x128k32g22s32,llama-3.2-1b,wq_wo,2048,2048,2048,sarc_linear_dq8ca_coopmat_zpg_sweep_t64x128k32g22s32_texture3d_texture2d_half,1,731.04,0.0365655,2026-10-08T01:22:12Z
3,sarc_linear_dq8ca_coopmat_zpg_sweep_t64x128k32g22s32,llama-3.2-1b,wk_wv,2048,512,2048,sarc_linear_dq8ca_coopmat_zpg_sweep_t64x128k32g22s32_texture3d_texture2d_half,1,180.4,0.0427555,2026-10-08T01:22:12Z
3,sarc_linear_dq8ca_coopmat_zpg_sweep_t64x128k32g22s32,llama-3.2-1b,w1_w3,2048,8192,2048,sarc_linear_dq8ca_coopmat_zpg_sweep_t64x128k32g22s32_texture3d_texture2d_half,1,2931.48,0.035299,2026-10-08T01:22:12Z
3,sarc_linear_dq8ca_coopmat_zpg_sweep_t64x128k32g22s32,llama-3.2-1b,w2,2048,2048,8192,sarc_linear_dq8ca_coopmat_zpg_sweep_t64x128k32g22s32_texture3d_texture2d_half,1,3162.04,0.0378127,2026-10-08T01:22:12Z
3,sarc_linear_dq8ca_coopmat_zpg_sweep_t64x128k32g41s32,llama-3.1-8b,wq_wo,2048,4096,4096,sarc_linear_dq8ca_coopmat_zpg_sweep_t64x128k32g41s32_texture3d_texture2d_half,1,2875.24,0.0423691,2026-10-08T01:22:55Z
3,sarc_linear_dq8ca_coopmat_zpg_sweep_t64x128k32g41s32,llama-3.1-8b,wk_wv,2048,1024,4096,sarc_linear_dq8ca_coopmat_zpg_sweep_t64x128k32g41s32_texture3d_texture2d_half,1,734.04,0.0373805,2026-10-08T01:22:55Z
3,sarc_linear_dq8ca_coopmat_zpg_sweep_t64x128k32g41s32,llama-3.1-8b,w1_w3,2048,14336,4096,sarc_linear_dq8ca_coopmat_zpg_sweep_t64x128k32g41s32_texture3d_texture2d_half,1,10258.5,0.0264895,2026-10-08T01:22:55Z
3,sarc_linear_dq8ca_coopmat_zpg_sweep_t64x128k32g41s32,llama-3.1-8b,w2,2048,4096,14336,sarc_linear_dq8ca_coopmat_zpg_sweep_t64x128k32g41s32_texture3d_texture2d_half,1,10831.1,0.022678,2026-10-08T01:22:55Z
3,sarc_linear_dq8ca_coopmat_zpg_sweep_t64x128k32g41s32,llama-3.2-3b,wq_wo,2048,3072,3072,sarc_linear_dq8ca_coopmat_zpg_sweep_t64x128k32g41s32_texture3d_texture2d_half,1,1631.56,0.0348981,2026-10-08T01:22:55Z
3,sarc_linear_dq8ca_coopmat_zpg_sweep_t64x128k32g41s32,llama-3.2-3b,wk_wv,2048,1024,3072,sarc_linear_dq8ca_coopmat_zpg_sweep_t64x128k32g41s32_texture3d_texture2d_half,1,550.6,0.0357209,2026-10-08T01:22:55Z
3,sarc_linear_dq8ca_coopmat_zpg_sweep_t64x128k32g41s32,llama-3.2-3b,w1_w3,2048,8192,3072,sarc_linear_dq8ca_coopmat_zpg_sweep_t64x128k32g41s32_texture3d_texture2d_half,1,4325.3,0.0319267,2026-10-08T01:22:55Z
3,sarc_linear_dq8ca_coopmat_zpg_sweep_t64x128k32g41s32,llama-3.2-3b,w2,2048,3072,8192,sarc_linear_dq8ca_coopmat_zpg_sweep_t64x128k32g41s32_texture3d_texture2d_half,1,4789.06,0.0272476,2026-10-08T01:22:55Z
3,sarc_linear_dq8ca_coopmat_zpg_sweep_t64x128k32g41s32,llama-3.2-1b,wq_wo,2048,2048,2048,sarc_linear_dq8ca_coopmat_zpg_sweep_t64x128k32g41s32_texture3d_texture2d_half,1,733.08,0.0361261,2026-10-08T01:22:55Z
3,sarc_linear_dq8ca_coopmat_zpg_sweep_t64x128k32g41s32,llama-3.2-1b,wk_wv,2048,512,2048,sarc_linear_dq8ca_coopmat_zpg_sweep_t64x128k32g41s32_texture3d_texture2d_half,1,181.8,0.0424006,2026-10-08T01:22:55Z
3,sarc_linear_dq8ca_coopmat_zpg_sweep_t64x128k32g41s32,llama-3.2-1b,w1_w3,2048,8192,2048,sarc_linear_dq8ca_coopmat_zpg_sweep_t64x128k32g41s32_texture3d_texture2d_half,1,2915,0.0350486,2026-10-08T01:22:55Z
3,sarc_linear_dq8ca_coopmat_zpg_sweep_t64x128k32g41s32,llama-3.2-1b,w2,2048,2048,8192,sarc_linear_dq8ca_coopmat_zpg_sweep_t64x128k32g41s32_texture3d_texture2d_half,1,3219.26,0.0345683,2026-10-08T01:22:55Z
3,sarc_linear_dq8ca_coopmat_zpg_sweep_t64x64k32g21s32,llama-3.1-8b,wq_wo,2048,4096,4096,sarc_linear_dq8ca_coopmat_zpg_sweep_t64x64k32g21s32_texture3d_texture2d_half,1,2735.12,0.0448064,2026-10-08T01:23:38Z
3,sarc_linear_dq8ca_coopmat_zpg_sweep_t64x64k32g21s32,llama-3.1-8b,wk_wv,2048,1024,4096,sarc_linear_dq8ca_coopmat_zpg_sweep_t64x64k32g21s32_texture3d_texture2d_half,1,707.32,0.0401501,2026-10-08T01:23:38Z
3,sarc_linear_dq8ca_coopmat_zpg_sweep_t64x64k32g21s32,llama-3.1-8b,w1_w3,2048,14336,4096,sarc_linear_dq8ca_coopmat_zpg_sweep_t64x64k32g21s32_texture3d_texture2d_half,1,9745.44,0.0263567,2026-10-08T01:23:38Z
3,sarc_linear_dq8ca_coopmat_zpg_sweep_t64x64k32g21s32,llama-3.1-8b,w2,2048,4096,14336,sarc_linear_dq8ca_coopmat_zpg_sweep_t64x64k32g21s32_texture3d_texture2d_half,1,9687.12,0.0282051,2026-10-08T01:23:38Z
3,sarc_linear_dq8ca_coopmat_zpg_sweep_t64x64k32g21s32,llama-3.2-3b,wq_wo,2048,3072,3072,sarc_linear_dq8ca_coopmat_zpg_sweep_t64x64k32g21s32_texture3d_texture2d_half,1,1577.08,0.0390028,2026-10-08T01:23:38Z
3,sarc_linear_dq8ca_coopmat_zpg_sweep_t64x64k32g21s32,llama-3.2-3b,wk_wv,2048,1024,3072,sarc_linear_dq8ca_coopmat_zpg_sweep_t64x64k32g21s32_texture3d_texture2d_half,1,532,0.0381668,2026-10-08T01:23:38Z
3,sarc_linear_dq8ca_coopmat_zpg_sweep_t64x64k32g21s32,llama-3.2-3b,w1_w3,2048,8192,3072,sarc_linear_dq8ca_coopmat_zpg_sweep_t64x64k32g21s32_texture3d_texture2d_half,1,4174.36,0.0334345,2026-10-08T01:23:38Z
3,sarc_linear_dq8ca_coopmat_zpg_sweep_t64x64k32g21s32,llama-3.2-3b,w2,2048,3072,8192,sarc_linear_dq8ca_coopmat_zpg_sweep_t64x64k32g21s32_texture3d_texture2d_half,1,4436.6,0.0292171,2026-10-08T01:23:38Z
3,sarc_linear_dq8ca_coopmat_zpg_sweep_t64x64k32g21s32,llama-3.2-1b,wq_wo,2048,2048,2048,sarc_linear_dq8ca_coopmat_zpg_sweep_t64x64k32g21s32_texture3d_texture2d_half,1,705.08,0.0392291,2026-10-08T01:23:38Z
3,sarc_linear_dq8ca_coopmat_zpg_sweep_t64x64k32g21s32,llama-3.2-1b,wk_wv,2048,512,2048,sarc_linear_dq8ca_coopmat_zpg_sweep_t64x64k32g21s32_texture3d_texture2d_half,1,174.12,0.0443284,2026-10-08T01:23:38Z
3,sarc_linear_dq8ca_coopmat_zpg_sweep_t64x64k32g21s32,llama-3.2-1b,w1_w3,2048,8192,2048,sarc_linear_dq8ca_coopmat_zpg_sweep_t64x64k32g21s32_texture3d_texture2d_half,1,2793.12,0.0379472,2026-10-08T01:23:38Z
3,sarc_linear_dq8ca_coopmat_zpg_sweep_t64x64k32g21s32,llama-3.2-1b,w2,2048,2048,8192,sarc_linear_dq8ca_coopmat_zpg_sweep_t64x64k32g21s32_texture3d_texture2d_half,1,2971.88,0.0341644,2026-10-08T01:23:38Z
3,sarc_linear_dq8ca_coopmat_zpg_sweep_t64x64k32g22s32,llama-3.1-8b,wq_wo,2048,4096,4096,sarc_linear_dq8ca_coopmat_zpg_sweep_t64x64k32g22s32_texture3d_texture2d_half,1,2786.6,0.0453947,2026-10-08T01:24:22Z
3,sarc_linear_dq8ca_coopmat_zpg_sweep_t64x64k32g22s32,llama-3.1-8b,wk_wv,2048,1024,4096,sarc_linear_dq8ca_coopmat_zpg_sweep_t64x64k32g22s32_texture3d_texture2d_half,1,716.28,0.0443247,2026-10-08T01:24:22Z
3,sarc_linear_dq8ca_coopmat_zpg_sweep_t64x64k32g22s32,llama-3.1-8b,w1_w3,2048,14336,4096,sarc_linear_dq8ca_coopmat_zpg_sweep_t64x64k32g22s32_texture3d_texture2d_half,1,10047.4,0.0293077,2026-10-08T01:24:22Z
3,sarc_linear_dq8ca_coopmat_zpg_sweep_t64x64k32g22s32,llama-3.1-8b,w2,2048,4096,14336,sarc_linear_dq8ca_coopmat_zpg_sweep_t64x64k32g22s32_texture3d_texture2d_half,1,9882.8,0.029351,2026-10-08T01:24:22Z
3,sarc_linear_dq8ca_coopmat_zpg_sweep_t64x64k32g22s32,llama-3.2-3b,wq_wo,2048,3072,3072,sarc_linear_dq8ca_coopmat_zpg_sweep_t64x64k32g22s32_texture3d_texture2d_half,1,1603.22,0.0414704,2026-10-08T01:24:22Z
3,sarc_linear_dq8ca_coopmat_zpg_sweep_t64x64k32g22s32,llama-3.2-3b,wk_wv,2048,1024,3072,sarc_linear_dq8ca_coopmat_zpg_sweep_t64x64k32g22s32_texture3d_texture2d_half,1,535.92,0.0397569,2026-10-08T01:24:22Z
3,sarc_linear_dq8ca_coopmat_zpg_sweep_t64x64k32g22s32,llama-3.2-3b,w1_w3,2048,8192,3072,sarc_linear_dq8ca_coopmat_zpg_sweep_t64x64k32g22s32_texture3d_texture2d_half,1,4226.88,0.0356337,2026-10-08T01:24:22Z
3,sarc_linear_dq8ca_coopmat_zpg_sweep_t64x64k32g22s32,llama-3.2-3b,w2,2048,3072,8192,sarc_linear_dq8ca_coopmat_zpg_sweep_t64x64k32g22s32_texture3d_texture2d_half,1,4224.7,0.0319613,2026-10-08T01:24:22Z
3,sarc_linear_dq8ca_coopmat_zpg_sweep_t64x64k32g22s32,llama-3.2-1b,wq_wo,2048,2048,2048,sarc_linear_dq8ca_coopmat_zpg_sweep_t64x64k32g22s32_texture3d_texture2d_half,1,713.94,0.043748,2026-10-08T01:24:22Z
3,sarc_linear_dq8ca_coopmat_zpg_sweep_t64x64k32g22s32,llama-3.2-1b,wk_wv,2048,512,2048,sarc_linear_dq8ca_coopmat_zpg_sweep_t64x64k32g22s32_texture3d_texture2d_half,1,175.54,0.0450507,2026-10-08T01:24:22Z
3,sarc_linear_dq8ca_coopmat_zpg_sweep_t64x64k32g22s32,llama-3.2-1b,w1_w3,2048,8192,2048,sarc_linear_dq8ca_coopmat_zpg_sweep_t64x64k32g22s32_texture3d_texture2d_half,1,2838.24,0.0403778,2026-10-08T01:24:22Z
3,sarc_linear_dq8ca_coopmat_zpg_sweep_t64x64k32g22s32,llama-3.2-1b,w2,2048,2048,8192,sarc_linear_dq8ca_coopmat_zpg_sweep_t64x64k32g22s32_texture3d_texture2d_half,1,2825.48,0.0403511,2026-10-08T01:24:22Z
3,sarc_dev_linear_dq8ca_coopmat_zpg_bt_t128x128k32g42s32,llama-3.1-8b,wq_wo,2048,4096,4096,sarc_dev_linear_dq8ca_coopmat_zpg_bt_t128x128k32g42s32_texture3d_texture2d_half,1,2690.16,0.0388375,2026-10-08T01:25:05Z
3,sarc_dev_linear_dq8ca_coopmat_zpg_bt_t128x128k32g42s32,llama-3.1-8b,wk_wv,2048,1024,4096,sarc_dev_linear_dq8ca_coopmat_zpg_bt_t128x128k32g42s32_texture3d_texture2d_half,1,678.16,0.0358088,2026-10-08T01:25:05Z
3,sarc_dev_linear_dq8ca_coopmat_zpg_bt_t128x128k32g42s32,llama-3.1-8b,w1_w3,2048,14336,4096,sarc_dev_linear_dq8ca_coopmat_zpg_bt_t128x128k32g42s32_texture3d_texture2d_half,1,9471.7,0.0311605,2026-10-08T01:25:05Z
3,sarc_dev_linear_dq8ca_coopmat_zpg_bt_t128x128k32g42s32,llama-3.1-8b,w2,2048,4096,14336,sarc_dev_linear_dq8ca_coopmat_zpg_bt_t128x128k32g42s32_texture3d_texture2d_half,1,9376.52,0.0279864,2026-10-08T01:25:05Z
3,sarc_dev_linear_dq8ca_coopmat_zpg_bt_t128x128k32g42s32,llama-3.2-3b,wq_wo,2048,3072,3072,sarc_dev_linear_dq8ca_coopmat_zpg_bt_t128x128k32g42s32_texture3d_texture2d_half,1,1530.2,0.0360375,2026-10-08T01:25:05Z
3,sarc_dev_linear_dq8ca_coopmat_zpg_bt_t128x128k32g42s32,llama-3.2-3b,wk_wv,2048,1024,3072,sarc_dev_linear_dq8ca_coopmat_zpg_bt_t128x128k32g42s32_texture3d_texture2d_half,1,510.68,0.0343957,2026-10-08T01:25:05Z
3,sarc_dev_linear_dq8ca_coopmat_zpg_bt_t128x128k32g42s32,llama-3.2-3b,w1_w3,2048,8192,3072,sarc_dev_linear_dq8ca_coopmat_zpg_bt_t128x128k32g42s32_texture3d_texture2d_half,1,4061.4,0.0332655,2026-10-08T01:25:05Z
3,sarc_dev_linear_dq8ca_coopmat_zpg_bt_t128x128k32g42s32,llama-3.2-3b,w2,2048,3072,8192,sarc_dev_linear_dq8ca_coopmat_zpg_bt_t128x128k32g42s32_texture3d_texture2d_half,1,4036.92,0.0297145,2026-10-08T01:25:05Z
3,sarc_dev_linear_dq8ca_coopmat_zpg_bt_t128x128k32g42s32,llama-3.2-1b,wq_wo,2048,2048,2048,sarc_dev_linear_dq8ca_coopmat_zpg_bt_t128x128k32g42s32_texture3d_texture2d_half,1,683.36,0.0352388,2026-10-08T01:25:05Z
3,sarc_dev_linear_dq8ca_coopmat_zpg_bt_t128x128k32g42s32,llama-3.2-1b,wk_wv,2048,512,2048,sarc_dev_linear_dq8ca_coopmat_zpg_bt_t128x128k32g42s32_texture3d_texture2d_half,1,165.54,0.0435061,2026-10-08T01:25:05Z
3,sarc_dev_linear_dq8ca_coopmat_zpg_bt_t128x128k32g42s32,llama-3.2-1b,w1_w3,2048,8192,2048,sarc_dev_linear_dq8ca_coopmat_zpg_bt_t128x128k32g42s32_texture3d_texture2d_half,1,2728.84,0.032561,2026-10-08T01:25:05Z
3,sarc_dev_linear_dq8ca_coopmat_zpg_bt_t128x128k32g42s32,llama-3.2-1b,w2,2048,2048,8192,sarc_dev_linear_dq8ca_coopmat_zpg_bt_t128x128k32g42s32_texture3d_texture2d_half,1,2695.4,0.0371833,2026-10-08T01:25:05Z
3,sarc_dev_linear_dq8ca_coopmat_zpg_bt_t128x64k32g22s32,llama-3.1-8b,wq_wo,2048,4096,4096,sarc_dev_linear_dq8ca_coopmat_zpg_bt_t128x64k32g22s32_texture3d_texture2d_half,1,2668.36,0.0378535,2026-10-08T01:25:53Z
3,sarc_dev_linear_dq8ca_coopmat_zpg_bt_t128x64k32g22s32,llama-3.1-8b,wk_wv,2048,1024,4096,sarc_dev_linear_dq8ca_coopmat_zpg_bt_t128x64k32g22s32_texture3d_texture2d_half,1,672.92,0.0434202,2026-10-08T01:25:53Z
3,sarc_dev_linear_dq8ca_coopmat_zpg_bt_t128x64k32g22s32,llama-3.1-8b,w1_w3,2048,14336,4096,sarc_dev_linear_dq8ca_coopmat_zpg_bt_t128x64k32g22s32_texture3d_texture2d_half,1,9773.52,0.0331366,2026-10-08T01:25:53Z
3,sarc_dev_linear_dq8ca_coopmat_zpg_bt_t128x64k32g22s32,llama-3.1-8b,w2,2048,4096,14336,sarc_dev_linear_dq8ca_coopmat_zpg_bt_t128x64k32g22s32_texture3d_texture2d_half,1,9800.12,0.0220046,2026-10-08T01:25:53Z
3,sarc_dev_linear_dq8ca_coopmat_zpg_bt_t128x64k32g22s32,llama-3.2-3b,wq_wo,2048,3072,3072,sarc_dev_linear_dq8ca_coopmat_zpg_bt_t128x64k32g22s32_texture3d_texture2d_half,1,1513.84,0.0345602,2026-10-08T01:25:53Z
3,sarc_dev_linear_dq8ca_coopmat_zpg_bt_t128x64k32g22s32,llama-3.2-3b,wk_wv,2048,1024,3072,sarc_dev_linear_dq8ca_coopmat_zpg_bt_t128x64k32g22s32_texture3d_texture2d_half,1,507.32,0.0358512,2026-10-08T01:25:53Z
3,sarc_dev_linear_dq8ca_coopmat_zpg_bt_t128x64k32g22s32,llama-3.2-3b,w1_w3,2048,8192,3072,sarc_dev_linear_dq8ca_coopmat_zpg_bt_t128x64k32g22s32_texture3d_texture2d_half,1,4019.92,0.0275695,2026-10-08T01:25:53Z
3,sarc_dev_linear_dq8ca_coopmat_zpg_bt_t128x64k32g22s32,llama-3.2-3b,w2,2048,3072,8192,sarc_dev_linear_dq8ca_coopmat_zpg_bt_t128x64k32g22s32_texture3d_texture2d_half,1,4043.66,0.0254342,2026-10-08T01:25:53Z
3,sarc_dev_linear_dq8ca_coopmat_zpg_bt_t128x64k32g22s32,llama-3.2-1b,wq_wo,2048,2048,2048,sarc_dev_linear_dq8ca_coopmat_zpg_bt_t128x64k32g22s32_texture3d_texture2d_half,1,678.92,0.0359236,2026-10-08T01:25:53Z
3,sarc_dev_linear_dq8ca_coopmat_zpg_bt_t128x64k32g22s32,llama-3.2-1b,wk_wv,2048,512,2048,sarc_dev_linear_dq8ca_coopmat_zpg_bt_t128x64k32g22s32_texture3d_texture2d_half,1,166.48,0.0426771,2026-10-08T01:25:53Z
3,sarc_dev_linear_dq8ca_coopmat_zpg_bt_t128x64k32g22s32,llama-3.2-1b,w1_w3,2048,8192,2048,sarc_dev_linear_dq8ca_coopmat_zpg_bt_t128x64k32g22s32_texture3d_texture2d_half,1,2690.04,0.032093,2026-10-08T01:25:53Z
3,sarc_dev_linear_dq8ca_coopmat_zpg_bt_t128x64k32g22s32,llama-3.2-1b,w2,2048,2048,8192,sarc_dev_linear_dq8ca_coopmat_zpg_bt_t128x64k32g22s32_texture3d_texture2d_half,1,2773.24,0.0340087,2026-10-08T01:25:53Z
3,sarc_dev_linear_dq8ca_coopmat_zpg_bt_t128x64k64g22s32,llama-3.1-8b,wq_wo,2048,4096,4096,sarc_dev_linear_dq8ca_coopmat_zpg_bt_t128x64k64g22s32_texture3d_texture2d_half,1,2515.26,0.0405297,2026-10-08T01:26:36Z
3,sarc_dev_linear_dq8ca_coopmat_zpg_bt_t128x64k64g22s32,llama-3.1-8b,wk_wv,2048,1024,4096,sarc_dev_linear_dq8ca_coopmat_zpg_bt_t128x64k64g22s32_texture3d_texture2d_half,1,633.08,0.0442926,2026-10-08T01:26:36Z
3,sarc_dev_linear_dq8ca_coopmat_zpg_bt_t128x64k64g22s32,llama-3.1-8b,w1_w3,2048,14336,4096,sarc_dev_linear_dq8ca_coopmat_zpg_bt_t128x64k64g22s32_texture3d_texture2d_half,1,9038.06,0.0352068,2026-10-08T01:26:36Z
3,sarc_dev_linear_dq8ca_coopmat_zpg_bt_t128x64k64g22s32,llama-3.1-8b,w2,2048,4096,14336,sarc_dev_linear_dq8ca_coopmat_zpg_bt_t128x64k64g22s32_texture3d_texture2d_half,1,8904.08,0.0240749,2026-10-08T01:26:36Z
3,sarc_dev_linear_dq8ca_coopmat_zpg_bt_t128x64k64g22s32,llama-3.2-3b,wq_wo,2048,3072,3072,sarc_dev_linear_dq8ca_coopmat_zpg_bt_t128x64k64g22s32_texture3d_texture2d_half,1,1423.32,0.0362941,2026-10-08T01:26:36Z
3,sarc_dev_linear_dq8ca_coopmat_zpg_bt_t128x64k64g22s32,llama-3.2-3b,wk_wv,2048,1024,3072,sarc_dev_linear_dq8ca_coopmat_zpg_bt_t128x64k64g22s32_texture3d_texture2d_half,1,477.12,0.0412218,2026-10-08T01:26:36Z
3,sarc_dev_linear_dq8ca_coopmat_zpg_bt_t128x64k64g22s32,llama-3.2-3b,w1_w3,2048,8192,3072,sarc_dev_linear_dq8ca_coopmat_zpg_bt_t128x64k64g22s32_texture3d_texture2d_half,1,3791.02,0.0304662,2026-10-08T01:26:36Z
3,sarc_dev_linear_dq8ca_coopmat_zpg_bt_t128x64k64g22s32,llama-3.2-3b,w2,2048,3072,8192,sarc_dev_linear_dq8ca_coopmat_zpg_bt_t128x64k64g22s32_texture3d_texture2d_half,1,3803.64,0.0285592,2026-10-08T01:26:36Z
3,sarc_dev_linear_dq8ca_coopmat_zpg_bt_t128x64k64g22s32,llama-3.2-1b,wq_wo,2048,2048,2048,sarc_dev_linear_dq8ca_coopmat_zpg_bt_t128x64k64g22s32_texture3d_texture2d_half,1,635.2,0.0376312,2026-10-08T01:26:36Z
3,sarc_dev_linear_dq8ca_coopmat_zpg_bt_t128x64k64g22s32,llama-3.2-1b,wk_wv,2048,512,2048,sarc_dev_linear_dq8ca_coopmat_zpg_bt_t128x64k64g22s32_texture3d_texture2d_half,1,158.16,0.0459803,2026-10-08T01:26:36Z
3,sarc_dev_linear_dq8ca_coopmat_zpg_bt_t128x64k64g22s32,llama-3.2-1b,w1_w3,2048,8192,2048,sarc_dev_linear_dq8ca_coopmat_zpg_bt_t128x64k64g22s32_texture3d_texture2d_half,1,2526.68,0.0331804,2026-10-08T01:26:36Z
3,sarc_dev_linear_dq8ca_coopmat_zpg_bt_t128x64k64g22s32,llama-3.2-1b,w2,2048,2048,8192,sarc_dev_linear_dq8ca_coopmat_zpg_bt_t128x64k64g22s32_texture3d_texture2d_half,1,2583.56,0.0317559,2026-10-08T01:26:36Z
3,sarc_dev_linear_dq8ca_coopmat_zpg_bt_t128x64k64g42s32,llama-3.1-8b,wq_wo,2048,4096,4096,sarc_dev_linear_dq8ca_coopmat_zpg_bt_t128x64k64g42s32_texture3d_texture2d_half,1,2452.2,0.0433732,2026-10-08T01:27:19Z
3,sarc_dev_linear_dq8ca_coopmat_zpg_bt_t128x64k64g42s32,llama-3.1-8b,wk_wv,2048,1024,4096,sarc_dev_linear_dq8ca_coopmat_zpg_bt_t128x64k64g42s32_texture3d_texture2d_half,1,626.54,0.0411155,2026-10-08T01:27:19Z
3,sarc_dev_linear_dq8ca_coopmat_zpg_bt_t128x64k64g42s32,llama-3.1-8b,w1_w3,2048,14336,4096,sarc_dev_linear_dq8ca_coopmat_zpg_bt_t128x64k64g42s32_texture3d_texture2d_half,1,8911.84,0.031991,2026-10-08T01:27:19Z
3,sarc_dev_linear_dq8ca_coopmat_zpg_bt_t128x64k64g42s32,llama-3.1-8b,w2,2048,4096,14336,sarc_dev_linear_dq8ca_coopmat_zpg_bt_t128x64k64g42s32_texture3d_texture2d_half,1,8754.5,0.0233422,2026-10-08T01:27:19Z
3,sarc_dev_linear_dq8ca_coopmat_zpg_bt_t128x64k64g42s32,llama-3.2-3b,wq_wo,2048,3072,3072,sarc_dev_linear_dq8ca_coopmat_zpg_bt_t128x64k64g42s32_texture3d_texture2d_half,1,1405.52,0.0384447,2026-10-08T01:27:19Z
3,sarc_dev_linear_dq8ca_coopmat_zpg_bt_t128x64k64g42s32,llama-3.2-3b,wk_wv,2048,1024,3072,sarc_dev_linear_dq8ca_coopmat_zpg_bt_t128x64k64g42s32_texture3d_texture2d_half,1,471.36,0.0404851,2026-10-08T01:27:19Z
3,sarc_dev_linear_dq8ca_coopmat_zpg_bt_t128x64k64g42s32,llama-3.2-3b,w1_w3,2048,8192,3072,sarc_dev_linear_dq8ca_coopmat_zpg_bt_t128x64k64g42s32_texture3d_texture2d_half,1,3728.72,0.0337208,2026-10-08T01:27:19Z
3,sarc_dev_linear_dq8ca_coopmat_zpg_bt_t128x64k64g42s32,llama-3.2-3b,w2,2048,3072,8192,sarc_dev_linear_dq8ca_coopmat_zpg_bt_t128x64k64g42s32_texture3d_texture2d_half,1,3717.04,0.0326425,2026-10-08T01:27:19Z
3,sarc_dev_linear_dq8ca_coopmat_zpg_bt_t128x64k64g42s32,llama-3.2-1b,wq_wo,2048,2048,2048,sarc_dev_linear_dq8ca_coopmat_zpg_bt_t128x64k64g42s32_texture3d_texture2d_half,1,629.8,0.0398086,2026-10-08T01:27:19Z
3,sarc_dev_linear_dq8ca_coopmat_zpg_bt_t128x64k64g42s32,llama-3.2-1b,wk_wv,2048,512,2048,sarc_dev_linear_dq8ca_coopmat_zpg_bt_t128x64k64g42s32_texture3d_texture2d_half,1,154.02,0.0468418,2026-10-08T01:27:19Z
3,sarc_dev_linear_dq8ca_coopmat_zpg_bt_t128x64k64g42s32,llama-3.2-1b,w1_w3,2048,8192,2048,sarc_dev_linear_dq8ca_coopmat_zpg_bt_t128x64k64g42s32_texture3d_texture2d_half,1,2498.92,0.0369064,2026-10-08T01:27:19Z
3,sarc_dev_linear_dq8ca_coopmat_zpg_bt_t128x64k64g42s32,llama-3.2-1b,w2,2048,2048,8192,sarc_dev_linear_dq8ca_coopmat_zpg_bt_t128x64k64g42s32_texture3d_texture2d_half,1,2481.42,0.0355586,2026-10-08T01:27:19Z
3,sarc_dev_780m_x_linear_dq8ca_coopmat_zpg_bt_t128x64k32g22s32afmb2,llama-3.1-8b,wq_wo,2048,4096,4096,sarc_dev_780m_x_linear_dq8ca_coopmat_zpg_bt_t128x64k32g22s32afmb2_texture3d_texture2d_half,1,2634,0.0396192,2026-10-08T01:28:02Z
3,sarc_dev_780m_x_linear_dq8ca_coopmat_zpg_bt_t128x64k32g22s32afmb2,llama-3.1-8b,wk_wv,2048,1024,4096,sarc_dev_780m_x_linear_dq8ca_coopmat_zpg_bt_t128x64k32g22s32afmb2_texture3d_texture2d_half,1,670.06,0.045766,2026-10-08T01:28:02Z
3,sarc_dev_780m_x_linear_dq8ca_coopmat_zpg_bt_t128x64k32g22s32afmb2,llama-3.1-8b,w1_w3,2048,14336,4096,sarc_dev_780m_x_linear_dq8ca_coopmat_zpg_bt_t128x64k32g22s32afmb2_texture3d_texture2d_half,1,9784.32,0.0271312,2026-10-08T01:28:02Z
3,sarc_dev_780m_x_linear_dq8ca_coopmat_zpg_bt_t128x64k32g22s32afmb2,llama-3.1-8b,w2,2048,4096,14336,sarc_dev_780m_x_linear_dq8ca_coopmat_zpg_bt_t128x64k32g22s32afmb2_texture3d_texture2d_half,1,9791.4,0.0227148,2026-10-08T01:28:02Z
3,sarc_dev_780m_x_linear_dq8ca_coopmat_zpg_bt_t128x64k32g22s32afmb2,llama-3.2-3b,wq_wo,2048,3072,3072,sarc_dev_780m_x_linear_dq8ca_coopmat_zpg_bt_t128x64k32g22s32afmb2_texture3d_texture2d_half,1,1514.04,0.0344198,2026-10-08T01:28:02Z
3,sarc_dev_780m_x_linear_dq8ca_coopmat_zpg_bt_t128x64k32g22s32afmb2,llama-3.2-3b,wk_wv,2048,1024,3072,sarc_dev_780m_x_linear_dq8ca_coopmat_zpg_bt_t128x64k32g22s32afmb2_texture3d_texture2d_half,1,507.52,0.0352616,2026-10-08T01:28:02Z
3,sarc_dev_780m_x_linear_dq8ca_coopmat_zpg_bt_t128x64k32g22s32afmb2,llama-3.2-3b,w1_w3,2048,8192,3072,sarc_dev_780m_x_linear_dq8ca_coopmat_zpg_bt_t128x64k32g22s32afmb2_texture3d_texture2d_half,1,4024.34,0.0280926,2026-10-08T01:28:02Z
3,sarc_dev_780m_x_linear_dq8ca_coopmat_zpg_bt_t128x64k32g22s32afmb2,llama-3.2-3b,w2,2048,3072,8192,sarc_dev_780m_x_linear_dq8ca_coopmat_zpg_bt_t128x64k32g22s32afmb2_texture3d_texture2d_half,1,4042.86,0.0264704,2026-10-08T01:28:02Z
3,sarc_dev_780m_x_linear_dq8ca_coopmat_zpg_bt_t128x64k32g22s32afmb2,llama-3.2-1b,wq_wo,2048,2048,2048,sarc_dev_780m_x_linear_dq8ca_coopmat_zpg_bt_t128x64k32g22s32afmb2_texture3d_texture2d_half,1,679.88,0.0375695,2026-10-08T01:28:02Z
3,sarc_dev_780m_x_linear_dq8ca_coopmat_zpg_bt_t128x64k32g22s32afmb2,llama-3.2-1b,wk_wv,2048,512,2048,sarc_dev_780m_x_linear_dq8ca_coopmat_zpg_bt_t128x64k32g22s32afmb2_texture3d_texture2d_half,1,166.68,0.0429825,2026-10-08T01:28:02Z
3,sarc_dev_780m_x_linear_dq8ca_coopmat_zpg_bt_t128x64k32g22s32afmb2,llama-3.2-1b,w1_w3,2048,8192,2048,sarc_dev_780m_x_linear_dq8ca_coopmat_zpg_bt_t128x64k32g22s32afmb2_texture3d_texture2d_half,1,2688.48,0.0324569,2026-10-08T01:28:02Z
3,sarc_dev_780m_x_linear_dq8ca_coopmat_zpg_bt_t128x64k32g22s32afmb2,llama-3.2-1b,w2,2048,2048,8192,sarc_dev_780m_x_linear_dq8ca_coopmat_zpg_bt_t128x64k32g22s32afmb2_texture3d_texture2d_half,1,2790.08,0.0323393,2026-10-08T01:28:02Z
3,sarc_dev_780m_x_linear_dq8ca_coopmat_zpg_t256x64k64g48s32afmb1,llama-3.1-8b,wq_wo,2048,4096,4096,sarc_dev_780m_x_linear_dq8ca_coopmat_zpg_t256x64k64g48s32afmb1_texture3d_texture2d_half,1,2473.76,0.0442004,2026-10-08T01:28:45Z
3,sarc_dev_780m_x_linear_dq8ca_coopmat_zpg_t256x64k64g48s32afmb1,llama-3.1-8b,wk_wv,2048,1024,4096,sarc_dev_780m_x_linear_dq8ca_coopmat_zpg_t256x64k64g48s32afmb1_texture3d_texture2d_half,1,628.16,0.0427089,2026-10-08T01:28:45Z
3,sarc_dev_780m_x_linear_dq8ca_coopmat_zpg_t256x64k64g48s32afmb1,llama-3.1-8b,w1_w3,2048,14336,4096,sarc_dev_780m_x_linear_dq8ca_coopmat_zpg_t256x64k64g48s32afmb1_texture3d_texture2d_half,1,8709,0.026233,2026-10-08T01:28:45Z
3,sarc_dev_780m_x_linear_dq8ca_coopmat_zpg_t256x64k64g48s32afmb1,llama-3.1-8b,w2,2048,4096,14336,sarc_dev_780m_x_linear_dq8ca_coopmat_zpg_t256x64k64g48s32afmb1_texture3d_texture2d_half,1,8564.22,0.0266394,2026-10-08T01:28:45Z
3,sarc_dev_780m_x_linear_dq8ca_coopmat_zpg_t256x64k64g48s32afmb1,llama-3.2-3b,wq_wo,2048,3072,3072,sarc_dev_780m_x_linear_dq8ca_coopmat_zpg_t256x64k64g48s32afmb1_texture3d_texture2d_half,1,1412.48,0.0407897,2026-10-08T01:28:45Z
3,sarc_dev_780m_x_linear_dq8ca_coopmat_zpg_t256x64k64g48s32afmb1,llama-3.2-3b,wk_wv,2048,1024,3072,sarc_dev_780m_x_linear_dq8ca_coopmat_zpg_t256x64k64g48s32afmb1_texture3d_texture2d_half,1,472.54,0.0414953,2026-10-08T01:28:45Z
3,sarc_dev_780m_x_linear_dq8ca_coopmat_zpg_t256x64k64g48s32afmb1,llama-3.2-3b,w1_w3,2048,8192,3072,sarc_dev_780m_x_linear_dq8ca_coopmat_zpg_t256x64k64g48s32afmb1_texture3d_texture2d_half,1,3747,0.0347665,2026-10-08T01:28:45Z
3,sarc_dev_780m_x_linear_dq8ca_coopmat_zpg_t256x64k64g48s32afmb1,llama-3.2-3b,w2,2048,3072,8192,sarc_dev_780m_x_linear_dq8ca_coopmat_zpg_t256x64k64g48s32afmb1_texture3d_texture2d_half,1,3702.08,0.0332916,2026-10-08T01:28:45Z
3,sarc_dev_780m_x_linear_dq8ca_coopmat_zpg_t256x64k64g48s32afmb1,llama-3.2-1b,wq_wo,2048,2048,2048,sarc_dev_780m_x_linear_dq8ca_coopmat_zpg_t256x64k64g48s32afmb1_texture3d_texture2d_half,1,625.3,0.0467613,2026-10-08T01:28:45Z
3,sarc_dev_780m_x_linear_dq8ca_coopmat_zpg_t256x64k64g48s32afmb1,llama-3.2-1b,wk_wv,2048,512,2048,sarc_dev_780m_x_linear_dq8ca_coopmat_zpg_t256x64k64g48s32afmb1_texture3d_texture2d_half,1,152.52,0.0509326,2026-10-08T01:28:45Z
3,sarc_dev_780m_x_linear_dq8ca_coopmat_zpg_t256x64k64g48s32afmb1,llama-3.2-1b,w1_w3,2048,8192,2048,sarc_dev_780m_x_linear_dq8ca_coopmat_zpg_t256x64k64g48s32afmb1_texture3d_texture2d_half,1,2525.36,0.0393323,2026-10-08T01:28:45Z
3,sarc_dev_780m_x_linear_dq8ca_coopmat_zpg_t256x64k64g48s32afmb1,llama-3.2-1b,w2,2048,2048,8192,sarc_dev_780m_x_linear_dq8ca_coopmat_zpg_t256x64k64g48s32afmb1_texture3d_texture2d_half,1,2451.96,0.0384766,2026-10-08T01:28:45Z
3,table,llama-3.1-8b,wq_wo,2048,4096,4096,sarc_linear_dq8ca_coopmat_zpg_t128x64k32g42s32_texture3d_texture2d_half,1,2763.6,0.0443496,2026-10-08T01:29:29Z
3,table,llama-3.1-8b,wk_wv,2048,1024,4096,sarc_linear_dq8ca_coopmat_zpg_t128x64k32g42s32_texture3d_texture2d_half,1,700.68,0.0380553,2026-10-08T01:29:29Z
3,table,llama-3.1-8b,w1_w3,2048,14336,4096,sarc_linear_dq8ca_coopmat_zpg_t128x64k32g42s32_texture3d_texture2d_half,1,9864.48,0.0230812,2026-10-08T01:29:29Z
3,table,llama-3.1-8b,w2,2048,4096,14336,sarc_linear_dq8ca_coopmat_zpg_t128x64k32g42s32_texture3d_texture2d_half,1,9760,0.0227683,2026-10-08T01:29:29Z
3,table,llama-3.2-3b,wq_wo,2048,3072,3072,sarc_linear_dq8ca_coopmat_zpg_t128x64k32g42s32_texture3d_texture2d_half,1,1580.5,0.0378268,2026-10-08T01:29:29Z
3,table,llama-3.2-3b,wk_wv,2048,1024,3072,sarc_linear_dq8ca_coopmat_zpg_t128x64k32g42s32_texture3d_texture2d_half,1,526.44,0.0372965,2026-10-08T01:29:29Z
3,table,llama-3.2-3b,w1_w3,2048,8192,3072,sarc_linear_dq8ca_coopmat_zpg_t128x64k32g42s32_texture3d_texture2d_half,1,4176.32,0.0324297,2026-10-08T01:29:29Z
3,table,llama-3.2-3b,w2,2048,3072,8192,sarc_linear_dq8ca_coopmat_zpg_t128x64k32g42s32_texture3d_texture2d_half,1,4173.6,0.0296556,2026-10-08T01:29:29Z
3,table,llama-3.2-1b,wq_wo,2048,2048,2048,sarc_linear_dq8ca_coopmat_zpg_t128x64k32g42s32_texture3d_texture2d_half,1,704.52,0.0391335,2026-10-08T01:29:29Z
3,table,llama-3.2-1b,wk_wv,2048,512,2048,sarc_linear_dq8ca_coopmat_zpg_t128x64k32g42s32_texture3d_texture2d_half,1,174.6,0.0439652,2026-10-08T01:29:29Z
3,table,llama-3.2-1b,w1_w3,2048,8192,2048,sarc_linear_dq8ca_coopmat_zpg_t128x64k32g42s32_texture3d_texture2d_half,1,2799.58,0.0355572,2026-10-08T01:29:29Z
3,table,llama-3.2-1b,w2,2048,2048,8192,sarc_linear_dq8ca_coopmat_zpg_t128x64k32g42s32_texture3d_texture2d_half,1,2797.4,0.0363975,2026-10-08T01:29:29Z
3,sarc_linear_dq8ca_coopmat_zpg_sweep_t128x128k32g22s32,llama-3.1-8b,wq_wo,2048,4096,4096,sarc_linear_dq8ca_coopmat_zpg_sweep_t128x128k32g22s32_texture3d_texture2d_half,1,3429.08,0.0382905,2026-10-08T01:30:12Z
3,sarc_linear_dq8ca_coopmat_zpg_sweep_t128x128k32g22s32,llama-3.1-8b,wk_wv,2048,1024,4096,sarc_linear_dq8ca_coopmat_zpg_sweep_t128x128k32g22s32_texture3d_texture2d_half,1,866.6,0.0492052,2026-10-08T01:30:12Z
3,sarc_linear_dq8ca_coopmat_zpg_sweep_t128x128k32g22s32,llama-3.1-8b,w1_w3,2048,14336,4096,sarc_linear_dq8ca_coopmat_zpg_sweep_t128x128k32g22s32_texture3d_texture2d_half,1,12194.8,0.0362485,2026-10-08T01:30:12Z
3,sarc_linear_dq8ca_coopmat_zpg_sweep_t128x128k32g22s32,llama-3.1-8b,w2,2048,4096,14336,sarc_linear_dq8ca_coopmat_zpg_sweep_t128x128k32g22s32_texture3d_texture2d_half,1,12957.5,0.0157864,2026-10-08T01:30:12Z
3,sarc_linear_dq8ca_coopmat_zpg_sweep_t128x128k32g22s32,llama-3.2-3b,wq_wo,2048,3072,3072,sarc_linear_dq8ca_coopmat_zpg_sweep_t128x128k32g22s32_texture3d_texture2d_half,1,1941.98,0.045992,2026-10-08T01:30:12Z
3,sarc_linear_dq8ca_coopmat_zpg_sweep_t128x128k32g22s32,llama-3.2-3b,wk_wv,2048,1024,3072,sarc_linear_dq8ca_coopmat_zpg_sweep_t128x128k32g22s32_texture3d_texture2d_half,1,661.44,0.0463322,2026-10-08T01:30:12Z
3,sarc_linear_dq8ca_coopmat_zpg_sweep_t128x128k32g22s32,llama-3.2-3b,w1_w3,2048,8192,3072,sarc_linear_dq8ca_coopmat_zpg_sweep_t128x128k32g22s32_texture3d_texture2d_half,1,5224.9,0.0324599,2026-10-08T01:30:12Z
3,sarc_linear_dq8ca_coopmat_zpg_sweep_t128x128k32g22s32,llama-3.2-3b,w2,2048,3072,8192,sarc_linear_dq8ca_coopmat_zpg_sweep_t128x128k32g22s32_texture3d_texture2d_half,1,4804.8,0.0334521,2026-10-08T01:30:12Z
3,sarc_linear_dq8ca_coopmat_zpg_sweep_t128x128k32g22s32,llama-3.2-1b,wq_wo,2048,2048,2048,sarc_linear_dq8ca_coopmat_zpg_sweep_t128x128k32g22s32_texture3d_texture2d_half,1,882.2,0.0438795,2026-10-08T01:30:12Z
3,sarc_linear_dq8ca_coopmat_zpg_sweep_t128x128k32g22s32,llama-3.2-1b,wk_wv,2048,512,2048,sarc_linear_dq8ca_coopmat_zpg_sweep_t128x128k32g22s32_texture3d_texture2d_half,1,227,0.0462078,2026-10-08T01:30:12Z
3,sarc_linear_dq8ca_coopmat_zpg_sweep_t128x128k32g22s32,llama-3.2-1b,w1_w3,2048,8192,2048,sarc_linear_dq8ca_coopmat_zpg_sweep_t128x128k32g22s32_texture3d_texture2d_half,1,3474.26,0.038972,2026-10-08T01:30:12Z
3,sarc_linear_dq8ca_coopmat_zpg_sweep_t128x128k32g22s32,llama-3.2-1b,w2,2048,2048,8192,sarc_linear_dq8ca_coopmat_zpg_sweep_t128x128k32g22s32_texture3d_texture2d_half,1,3305.48,0.0399068,2026-10-08T01:30:12Z
