gpu,model,scheme,build,kernel,M,N,K,ms,tflops
780m,1b,4w,cand,sarc_linear_q4gsw_coopmat_sweep_t128x256k32g42s32f32c_texture3d_texture2d_half,2048,2048,2048,1.6264,10.563
780m,1b,4w,cand,sarc_linear_q4gsw_coopmat_t128x128k32g42s32f32c_texture3d_texture2d_half,2048,512,2048,0.4468,9.612
780m,1b,4w,cand,sarc_linear_q4gsw_coopmat_t128x128k32g42s32f32c_texture3d_texture2d_half,2048,512,2048,0.4486,9.574
780m,1b,4w,cand,sarc_linear_q4gsw_coopmat_sweep_t128x256k32g42s32f32c_texture3d_texture2d_half,2048,2048,2048,1.6304,10.537
780m,1b,4w,cand,sarc_linear_q4gsw_coopmat_sweep_t128x256k32g42s32f32c_texture3d_texture2d_half,2048,8192,2048,6.2332,11.025
780m,1b,4w,cand,sarc_linear_q4gsw_coopmat_sweep_t128x256k32g42s32f32c_texture3d_texture2d_half,2048,8192,2048,6.2554,10.986
780m,1b,4w,cand,sarc_linear_q4gsw_coopmat_sweep_t128x256k32g42s32f32c_texture3d_texture2d_half,2048,2048,8192,6.334,10.849
780m,1b,4w,cand,sarc_linear_q4gsw_coopmat_sweep_t128x256k32g42s32f32c_texture3d_texture2d_half,2048,2048,2048,1.6641,10.324
780m,1b,4w,cand,sarc_linear_q4gsw_coopmat_t128x128k32g42s32f32c_texture3d_texture2d_half,2048,512,2048,0.4486,9.575
780m,1b,4w,cand,sarc_linear_q4gsw_coopmat_t128x128k32g42s32f32c_texture3d_texture2d_half,2048,512,2048,0.454,9.459
780m,1b,4w,cand,sarc_linear_q4gsw_coopmat_sweep_t128x256k32g42s32f32c_texture3d_texture2d_half,2048,2048,2048,1.6375,10.491
780m,1b,4w,cand,sarc_linear_q4gsw_coopmat_sweep_t128x256k32g42s32f32c_texture3d_texture2d_half,2048,8192,2048,6.245,11.004
780m,1b,4w,cand,sarc_linear_q4gsw_coopmat_sweep_t128x256k32g42s32f32c_texture3d_texture2d_half,2048,8192,2048,6.2828,10.938
780m,1b,4w,cand,sarc_linear_q4gsw_coopmat_sweep_t128x256k32g42s32f32c_texture3d_texture2d_half,2048,2048,8192,6.3204,10.873
780m,1b,4w,cand,sarc_linear_q4gsw_coopmat_sweep_t128x256k32g42s32f32c_texture3d_texture2d_half,2048,2048,2048,1.634,10.514
780m,1b,4w,cand,sarc_linear_q4gsw_coopmat_t128x128k32g42s32f32c_texture3d_texture2d_half,2048,512,2048,0.448,9.586
780m,1b,4w,cand,sarc_linear_q4gsw_coopmat_t128x128k32g42s32f32c_texture3d_texture2d_half,2048,512,2048,0.4546,9.449
780m,1b,4w,cand,sarc_linear_q4gsw_coopmat_sweep_t128x256k32g42s32f32c_texture3d_texture2d_half,2048,2048,2048,1.6479,10.425
780m,1b,4w,cand,sarc_linear_q4gsw_coopmat_sweep_t128x256k32g42s32f32c_texture3d_texture2d_half,2048,8192,2048,6.3023,10.904
780m,1b,4w,cand,sarc_linear_q4gsw_coopmat_sweep_t128x256k32g42s32f32c_texture3d_texture2d_half,2048,8192,2048,6.2127,11.061
780m,1b,4w,cand,sarc_linear_q4gsw_coopmat_sweep_t128x256k32g42s32f32c_texture3d_texture2d_half,2048,2048,8192,6.3397,10.84
780m,1b,4w,cand,sarc_linear_q4gsw_coopmat_sweep_t128x256k32g42s32f32c_texture3d_texture2d_half,2048,2048,2048,1.6361,10.5
780m,1b,4w,cand,sarc_linear_q4gsw_coopmat_t128x128k32g42s32f32c_texture3d_texture2d_half,2048,512,2048,0.4525,9.492
780m,1b,4w,cand,sarc_linear_q4gsw_coopmat_t128x128k32g42s32f32c_texture3d_texture2d_half,2048,512,2048,0.4583,9.372
780m,1b,4w,cand,sarc_linear_q4gsw_coopmat_sweep_t128x256k32g42s32f32c_texture3d_texture2d_half,2048,2048,2048,1.642,10.463
780m,1b,4w,cand,sarc_linear_q4gsw_coopmat_sweep_t128x256k32g42s32f32c_texture3d_texture2d_half,2048,8192,2048,6.2291,11.032
780m,1b,4w,cand,sarc_linear_q4gsw_coopmat_sweep_t128x256k32g42s32f32c_texture3d_texture2d_half,2048,8192,2048,6.2714,10.958
780m,1b,4w,cand,sarc_linear_q4gsw_coopmat_sweep_t128x256k32g42s32f32c_texture3d_texture2d_half,2048,2048,8192,6.3508,10.821
780m,1b,4w,cand,sarc_linear_q4gsw_coopmat_sweep_t128x256k32g42s32f32c_texture3d_texture2d_half,2048,2048,2048,1.6708,10.282
780m,1b,4w,cand,sarc_linear_q4gsw_coopmat_t128x128k32g42s32f32c_texture3d_texture2d_half,2048,512,2048,0.4522,9.499
780m,1b,4w,cand,sarc_linear_q4gsw_coopmat_t128x128k32g42s32f32c_texture3d_texture2d_half,2048,512,2048,0.4542,9.456
780m,1b,4w,cand,sarc_linear_q4gsw_coopmat_sweep_t128x256k32g42s32f32c_texture3d_texture2d_half,2048,2048,2048,1.6544,10.385
780m,1b,4w,cand,sarc_linear_q4gsw_coopmat_sweep_t128x256k32g42s32f32c_texture3d_texture2d_half,2048,8192,2048,6.253,10.99
780m,1b,4w,cand,sarc_linear_q4gsw_coopmat_sweep_t128x256k32g42s32f32c_texture3d_texture2d_half,2048,8192,2048,6.2803,10.942
780m,1b,4w,cand,sarc_linear_q4gsw_coopmat_sweep_t128x256k32g42s32f32c_texture3d_texture2d_half,2048,2048,8192,6.3419,10.836
780m,1b,4w,cand,sarc_linear_q4gsw_coopmat_sweep_t128x256k32g42s32f32c_texture3d_texture2d_half,2048,2048,2048,1.6503,10.41
780m,1b,4w,cand,sarc_linear_q4gsw_coopmat_t128x128k32g42s32f32c_texture3d_texture2d_half,2048,512,2048,0.457,9.398
780m,1b,4w,cand,sarc_linear_q4gsw_coopmat_t128x128k32g42s32f32c_texture3d_texture2d_half,2048,512,2048,0.4555,9.43
780m,1b,4w,cand,sarc_linear_q4gsw_coopmat_sweep_t128x256k32g42s32f32c_texture3d_texture2d_half,2048,2048,2048,1.6152,10.636
780m,1b,4w,cand,sarc_linear_q4gsw_coopmat_sweep_t128x256k32g42s32f32c_texture3d_texture2d_half,2048,8192,2048,6.2906,10.924
780m,1b,4w,cand,sarc_linear_q4gsw_coopmat_sweep_t128x256k32g42s32f32c_texture3d_texture2d_half,2048,8192,2048,6.2068,11.072
780m,1b,4w,cand,sarc_linear_q4gsw_coopmat_sweep_t128x256k32g42s32f32c_texture3d_texture2d_half,2048,2048,8192,6.3067,10.896
780m,1b,4w,cand,sarc_linear_q4gsw_coopmat_sweep_t128x256k32g42s32f32c_texture3d_texture2d_half,2048,2048,2048,1.6478,10.426
780m,1b,4w,cand,sarc_linear_q4gsw_coopmat_t128x128k32g42s32f32c_texture3d_texture2d_half,2048,512,2048,0.4531,9.479
780m,1b,4w,cand,sarc_linear_q4gsw_coopmat_t128x128k32g42s32f32c_texture3d_texture2d_half,2048,512,2048,0.4609,9.319
780m,1b,4w,cand,sarc_linear_q4gsw_coopmat_sweep_t128x256k32g42s32f32c_texture3d_texture2d_half,2048,2048,2048,1.6388,10.483
780m,1b,4w,cand,sarc_linear_q4gsw_coopmat_sweep_t128x256k32g42s32f32c_texture3d_texture2d_half,2048,8192,2048,6.2344,11.023
780m,1b,4w,cand,sarc_linear_q4gsw_coopmat_sweep_t128x256k32g42s32f32c_texture3d_texture2d_half,2048,8192,2048,6.2279,11.034
780m,1b,4w,cand,sarc_linear_q4gsw_coopmat_sweep_t128x256k32g42s32f32c_texture3d_texture2d_half,2048,2048,8192,6.3524,10.818
780m,1b,4w,cand,sarc_linear_q4gsw_coopmat_sweep_t128x256k32g42s32f32c_texture3d_texture2d_half,2048,2048,2048,1.6335,10.517
780m,1b,4w,cand,sarc_linear_q4gsw_coopmat_t128x128k32g42s32f32c_texture3d_texture2d_half,2048,512,2048,0.4545,9.449
780m,1b,4w,cand,sarc_linear_q4gsw_coopmat_t128x128k32g42s32f32c_texture3d_texture2d_half,2048,512,2048,0.448,9.588
780m,1b,4w,cand,sarc_linear_q4gsw_coopmat_sweep_t128x256k32g42s32f32c_texture3d_texture2d_half,2048,2048,2048,1.6252,10.571
780m,1b,4w,cand,sarc_linear_q4gsw_coopmat_sweep_t128x256k32g42s32f32c_texture3d_texture2d_half,2048,8192,2048,6.3288,10.858
780m,1b,4w,cand,sarc_linear_q4gsw_coopmat_sweep_t128x256k32g42s32f32c_texture3d_texture2d_half,2048,8192,2048,6.2022,11.08
780m,1b,4w,cand,sarc_linear_q4gsw_coopmat_sweep_t128x256k32g42s32f32c_texture3d_texture2d_half,2048,2048,8192,6.3307,10.855
780m,1b,4w,cand,sarc_linear_q4gsw_coopmat_sweep_t128x256k32g42s32f32c_texture3d_texture2d_half,2048,2048,2048,1.6357,10.503
780m,1b,4w,cand,sarc_linear_q4gsw_coopmat_t128x128k32g42s32f32c_texture3d_texture2d_half,2048,512,2048,0.4496,9.553
780m,1b,4w,cand,sarc_linear_q4gsw_coopmat_t128x128k32g42s32f32c_texture3d_texture2d_half,2048,512,2048,0.4583,9.371
780m,1b,4w,cand,sarc_linear_q4gsw_coopmat_sweep_t128x256k32g42s32f32c_texture3d_texture2d_half,2048,2048,2048,1.6381,10.488
780m,1b,4w,cand,sarc_linear_q4gsw_coopmat_sweep_t128x256k32g42s32f32c_texture3d_texture2d_half,2048,8192,2048,6.2577,10.982
780m,1b,4w,cand,sarc_linear_q4gsw_coopmat_sweep_t128x256k32g42s32f32c_texture3d_texture2d_half,2048,8192,2048,6.2086,11.068
780m,1b,4w,cand,sarc_linear_q4gsw_coopmat_sweep_t128x256k32g42s32f32c_texture3d_texture2d_half,2048,2048,8192,6.346,10.829
780m,1b,4w,cand,sarc_linear_q4gsw_coopmat_sweep_t128x256k32g42s32f32c_texture3d_texture2d_half,2048,2048,2048,1.6448,10.445
780m,1b,4w,cand,sarc_linear_q4gsw_coopmat_t128x128k32g42s32f32c_texture3d_texture2d_half,2048,512,2048,0.4528,9.486
780m,1b,4w,cand,sarc_linear_q4gsw_coopmat_t128x128k32g42s32f32c_texture3d_texture2d_half,2048,512,2048,0.4536,9.469
780m,1b,4w,cand,sarc_linear_q4gsw_coopmat_sweep_t128x256k32g42s32f32c_texture3d_texture2d_half,2048,2048,2048,1.614,10.644
780m,1b,4w,cand,sarc_linear_q4gsw_coopmat_sweep_t128x256k32g42s32f32c_texture3d_texture2d_half,2048,8192,2048,6.2382,11.016
780m,1b,4w,cand,sarc_linear_q4gsw_coopmat_sweep_t128x256k32g42s32f32c_texture3d_texture2d_half,2048,8192,2048,6.2316,11.028
780m,1b,4w,cand,sarc_linear_q4gsw_coopmat_sweep_t128x256k32g42s32f32c_texture3d_texture2d_half,2048,2048,8192,6.3104,10.89
780m,1b,4w,cand,sarc_linear_q4gsw_coopmat_sweep_t128x256k32g42s32f32c_texture3d_texture2d_half,2048,2048,2048,1.6327,10.522
780m,1b,4w,cand,sarc_linear_q4gsw_coopmat_t128x128k32g42s32f32c_texture3d_texture2d_half,2048,512,2048,0.4509,9.525
780m,1b,4w,cand,sarc_linear_q4gsw_coopmat_t128x128k32g42s32f32c_texture3d_texture2d_half,2048,512,2048,0.4578,9.382
780m,1b,4w,cand,sarc_linear_q4gsw_coopmat_sweep_t128x256k32g42s32f32c_texture3d_texture2d_half,2048,2048,2048,1.6527,10.395
780m,1b,4w,cand,sarc_linear_q4gsw_coopmat_sweep_t128x256k32g42s32f32c_texture3d_texture2d_half,2048,8192,2048,6.2388,11.015
780m,1b,4w,cand,sarc_linear_q4gsw_coopmat_sweep_t128x256k32g42s32f32c_texture3d_texture2d_half,2048,8192,2048,6.234,11.023
780m,1b,4w,cand,sarc_linear_q4gsw_coopmat_sweep_t128x256k32g42s32f32c_texture3d_texture2d_half,2048,2048,8192,6.3362,10.845
780m,1b,4w,cand,sarc_linear_q4gsw_coopmat_sweep_t128x256k32g42s32f32c_texture3d_texture2d_half,2048,2048,2048,1.6878,10.179
780m,1b,4w,cand,sarc_linear_q4gsw_coopmat_t128x128k32g42s32f32c_texture3d_texture2d_half,2048,512,2048,0.4568,9.403
780m,1b,4w,cand,sarc_linear_q4gsw_coopmat_t128x128k32g42s32f32c_texture3d_texture2d_half,2048,512,2048,0.4608,9.32
780m,1b,4w,cand,sarc_linear_q4gsw_coopmat_sweep_t128x256k32g42s32f32c_texture3d_texture2d_half,2048,2048,2048,1.6267,10.561
780m,1b,4w,cand,sarc_linear_q4gsw_coopmat_sweep_t128x256k32g42s32f32c_texture3d_texture2d_half,2048,8192,2048,6.2807,10.941
780m,1b,4w,cand,sarc_linear_q4gsw_coopmat_sweep_t128x256k32g42s32f32c_texture3d_texture2d_half,2048,8192,2048,6.2188,11.05
780m,1b,4w,cand,sarc_linear_q4gsw_coopmat_sweep_t128x256k32g42s32f32c_texture3d_texture2d_half,2048,2048,8192,6.3289,10.858
780m,1b,4w,cand,sarc_linear_q4gsw_coopmat_sweep_t128x256k32g42s32f32c_texture3d_texture2d_half,2048,2048,2048,1.6596,10.352
780m,1b,4w,cand,sarc_linear_q4gsw_coopmat_t128x128k32g42s32f32c_texture3d_texture2d_half,2048,512,2048,0.458,9.378
780m,1b,4w,cand,sarc_linear_q4gsw_coopmat_t128x128k32g42s32f32c_texture3d_texture2d_half,2048,512,2048,0.4571,9.397
780m,1b,4w,cand,sarc_linear_q4gsw_coopmat_sweep_t128x256k32g42s32f32c_texture3d_texture2d_half,2048,2048,2048,1.6246,10.575
780m,1b,4w,cand,sarc_linear_q4gsw_coopmat_sweep_t128x256k32g42s32f32c_texture3d_texture2d_half,2048,8192,2048,6.2634,10.972
780m,1b,4w,cand,sarc_linear_q4gsw_coopmat_sweep_t128x256k32g42s32f32c_texture3d_texture2d_half,2048,8192,2048,6.22,11.048
780m,1b,4w,cand,sarc_linear_q4gsw_coopmat_sweep_t128x256k32g42s32f32c_texture3d_texture2d_half,2048,2048,8192,6.3494,10.823
780m,1b,4w,cand,sarc_linear_q4gsw_coopmat_sweep_t128x256k32g42s32f32c_texture3d_texture2d_half,2048,2048,2048,1.6608,10.345
780m,1b,4w,cand,sarc_linear_q4gsw_coopmat_t128x128k32g42s32f32c_texture3d_texture2d_half,2048,512,2048,0.4583,9.371
780m,1b,4w,cand,sarc_linear_q4gsw_coopmat_t128x128k32g42s32f32c_texture3d_texture2d_half,2048,512,2048,0.4642,9.252
780m,1b,4w,cand,sarc_linear_q4gsw_coopmat_sweep_t128x256k32g42s32f32c_texture3d_texture2d_half,2048,2048,2048,1.6282,10.552
780m,1b,4w,cand,sarc_linear_q4gsw_coopmat_sweep_t128x256k32g42s32f32c_texture3d_texture2d_half,2048,8192,2048,6.2472,11.0
780m,1b,4w,cand,sarc_linear_q4gsw_coopmat_sweep_t128x256k32g42s32f32c_texture3d_texture2d_half,2048,8192,2048,6.245,11.004
780m,1b,4w,cand,sarc_linear_q4gsw_coopmat_sweep_t128x256k32g42s32f32c_texture3d_texture2d_half,2048,2048,8192,6.2958,10.915
780m,1b,4w,cand,sarc_linear_q4gsw_coopmat_sweep_t128x256k32g42s32f32c_texture3d_texture2d_half,2048,2048,2048,1.6518,10.401
780m,1b,4w,cand,sarc_linear_q4gsw_coopmat_t128x128k32g42s32f32c_texture3d_texture2d_half,2048,512,2048,0.4498,9.549
780m,1b,4w,cand,sarc_linear_q4gsw_coopmat_t128x128k32g42s32f32c_texture3d_texture2d_half,2048,512,2048,0.4488,9.57
780m,1b,4w,cand,sarc_linear_q4gsw_coopmat_sweep_t128x256k32g42s32f32c_texture3d_texture2d_half,2048,2048,2048,1.6611,10.343
780m,1b,4w,cand,sarc_linear_q4gsw_coopmat_sweep_t128x256k32g42s32f32c_texture3d_texture2d_half,2048,8192,2048,6.2468,11.001
780m,1b,4w,cand,sarc_linear_q4gsw_coopmat_sweep_t128x256k32g42s32f32c_texture3d_texture2d_half,2048,8192,2048,6.2182,11.051
780m,1b,4w,cand,sarc_linear_q4gsw_coopmat_sweep_t128x256k32g42s32f32c_texture3d_texture2d_half,2048,2048,8192,6.2942,10.918
780m,1b,4w,cand,sarc_linear_q4gsw_coopmat_sweep_t128x256k32g42s32f32c_texture3d_texture2d_half,2048,2048,2048,1.6754,10.254
780m,1b,4w,cand,sarc_linear_q4gsw_coopmat_t128x128k32g42s32f32c_texture3d_texture2d_half,2048,512,2048,0.4557,9.425
780m,1b,4w,cand,sarc_linear_q4gsw_coopmat_t128x128k32g42s32f32c_texture3d_texture2d_half,2048,512,2048,0.4565,9.409
780m,1b,4w,cand,sarc_linear_q4gsw_coopmat_sweep_t128x256k32g42s32f32c_texture3d_texture2d_half,2048,2048,2048,1.6423,10.461
780m,1b,4w,cand,sarc_linear_q4gsw_coopmat_sweep_t128x256k32g42s32f32c_texture3d_texture2d_half,2048,8192,2048,6.2469,11.001
780m,1b,4w,cand,sarc_linear_q4gsw_coopmat_sweep_t128x256k32g42s32f32c_texture3d_texture2d_half,2048,8192,2048,6.2091,11.068
780m,1b,4w,cand,sarc_linear_q4gsw_coopmat_sweep_t128x256k32g42s32f32c_texture3d_texture2d_half,2048,2048,8192,6.3523,10.818
780m,1b,4w,parent,sarc_linear_q4gsw_coopmat_t128x128k32g42s32f32c_texture3d_texture2d_half,2048,2048,2048,1.6502,10.411
780m,1b,4w,parent,sarc_linear_q4gsw_coopmat_t128x128k32g42s32f32c_texture3d_texture2d_half,2048,512,2048,0.4532,9.478
780m,1b,4w,parent,sarc_linear_q4gsw_coopmat_t128x128k32g42s32f32c_texture3d_texture2d_half,2048,512,2048,0.4502,9.541
780m,1b,4w,parent,sarc_linear_q4gsw_coopmat_t128x128k32g42s32f32c_texture3d_texture2d_half,2048,2048,2048,1.625,10.572
780m,1b,4w,parent,sarc_linear_q4gsw_coopmat_t128x128k32g42s32f32c_texture3d_texture2d_half,2048,8192,2048,6.3329,10.851
780m,1b,4w,parent,sarc_linear_q4gsw_coopmat_t128x128k32g42s32f32c_texture3d_texture2d_half,2048,8192,2048,6.3272,10.861
780m,1b,4w,parent,sarc_linear_q4gsw_coopmat_t128x128k32g42s32f32c_texture3d_texture2d_half,2048,2048,8192,6.485,10.597
780m,1b,4w,parent,sarc_linear_q4gsw_coopmat_t128x128k32g42s32f32c_texture3d_texture2d_half,2048,2048,2048,1.6262,10.565
780m,1b,4w,parent,sarc_linear_q4gsw_coopmat_t128x128k32g42s32f32c_texture3d_texture2d_half,2048,512,2048,0.4481,9.585
780m,1b,4w,parent,sarc_linear_q4gsw_coopmat_t128x128k32g42s32f32c_texture3d_texture2d_half,2048,512,2048,0.4488,9.571
780m,1b,4w,parent,sarc_linear_q4gsw_coopmat_t128x128k32g42s32f32c_texture3d_texture2d_half,2048,2048,2048,1.627,10.559
780m,1b,4w,parent,sarc_linear_q4gsw_coopmat_t128x128k32g42s32f32c_texture3d_texture2d_half,2048,8192,2048,6.372,10.785
780m,1b,4w,parent,sarc_linear_q4gsw_coopmat_t128x128k32g42s32f32c_texture3d_texture2d_half,2048,8192,2048,6.3578,10.809
780m,1b,4w,parent,sarc_linear_q4gsw_coopmat_t128x128k32g42s32f32c_texture3d_texture2d_half,2048,2048,8192,6.4868,10.594
780m,1b,4w,parent,sarc_linear_q4gsw_coopmat_t128x128k32g42s32f32c_texture3d_texture2d_half,2048,2048,2048,1.6269,10.56
780m,1b,4w,parent,sarc_linear_q4gsw_coopmat_t128x128k32g42s32f32c_texture3d_texture2d_half,2048,512,2048,0.4476,9.596
780m,1b,4w,parent,sarc_linear_q4gsw_coopmat_t128x128k32g42s32f32c_texture3d_texture2d_half,2048,512,2048,0.4563,9.412
780m,1b,4w,parent,sarc_linear_q4gsw_coopmat_t128x128k32g42s32f32c_texture3d_texture2d_half,2048,2048,2048,1.628,10.553
780m,1b,4w,parent,sarc_linear_q4gsw_coopmat_t128x128k32g42s32f32c_texture3d_texture2d_half,2048,8192,2048,6.3757,10.778
780m,1b,4w,parent,sarc_linear_q4gsw_coopmat_t128x128k32g42s32f32c_texture3d_texture2d_half,2048,8192,2048,6.3388,10.841
780m,1b,4w,parent,sarc_linear_q4gsw_coopmat_t128x128k32g42s32f32c_texture3d_texture2d_half,2048,2048,8192,6.4706,10.62
780m,1b,4w,parent,sarc_linear_q4gsw_coopmat_t128x128k32g42s32f32c_texture3d_texture2d_half,2048,2048,2048,1.6184,10.616
780m,1b,4w,parent,sarc_linear_q4gsw_coopmat_t128x128k32g42s32f32c_texture3d_texture2d_half,2048,512,2048,0.4546,9.448
780m,1b,4w,parent,sarc_linear_q4gsw_coopmat_t128x128k32g42s32f32c_texture3d_texture2d_half,2048,512,2048,0.4536,9.468
780m,1b,4w,parent,sarc_linear_q4gsw_coopmat_t128x128k32g42s32f32c_texture3d_texture2d_half,2048,2048,2048,1.6211,10.598
780m,1b,4w,parent,sarc_linear_q4gsw_coopmat_t128x128k32g42s32f32c_texture3d_texture2d_half,2048,8192,2048,6.3607,10.804
780m,1b,4w,parent,sarc_linear_q4gsw_coopmat_t128x128k32g42s32f32c_texture3d_texture2d_half,2048,8192,2048,6.3272,10.861
780m,1b,4w,parent,sarc_linear_q4gsw_coopmat_t128x128k32g42s32f32c_texture3d_texture2d_half,2048,2048,8192,6.4936,10.583
780m,1b,4w,parent,sarc_linear_q4gsw_coopmat_t128x128k32g42s32f32c_texture3d_texture2d_half,2048,2048,2048,1.6239,10.579
780m,1b,4w,parent,sarc_linear_q4gsw_coopmat_t128x128k32g42s32f32c_texture3d_texture2d_half,2048,512,2048,0.454,9.46
780m,1b,4w,parent,sarc_linear_q4gsw_coopmat_t128x128k32g42s32f32c_texture3d_texture2d_half,2048,512,2048,0.4454,9.644
780m,1b,4w,parent,sarc_linear_q4gsw_coopmat_t128x128k32g42s32f32c_texture3d_texture2d_half,2048,2048,2048,1.6225,10.588
780m,1b,4w,parent,sarc_linear_q4gsw_coopmat_t128x128k32g42s32f32c_texture3d_texture2d_half,2048,8192,2048,6.3666,10.794
780m,1b,4w,parent,sarc_linear_q4gsw_coopmat_t128x128k32g42s32f32c_texture3d_texture2d_half,2048,8192,2048,6.3375,10.843
780m,1b,4w,parent,sarc_linear_q4gsw_coopmat_t128x128k32g42s32f32c_texture3d_texture2d_half,2048,2048,8192,6.475,10.613
780m,1b,4w,parent,sarc_linear_q4gsw_coopmat_t128x128k32g42s32f32c_texture3d_texture2d_half,2048,2048,2048,1.6365,10.498
780m,1b,4w,parent,sarc_linear_q4gsw_coopmat_t128x128k32g42s32f32c_texture3d_texture2d_half,2048,512,2048,0.4468,9.614
780m,1b,4w,parent,sarc_linear_q4gsw_coopmat_t128x128k32g42s32f32c_texture3d_texture2d_half,2048,512,2048,0.4557,9.425
780m,1b,4w,parent,sarc_linear_q4gsw_coopmat_t128x128k32g42s32f32c_texture3d_texture2d_half,2048,2048,2048,1.622,10.592
780m,1b,4w,parent,sarc_linear_q4gsw_coopmat_t128x128k32g42s32f32c_texture3d_texture2d_half,2048,8192,2048,6.369,10.79
780m,1b,4w,parent,sarc_linear_q4gsw_coopmat_t128x128k32g42s32f32c_texture3d_texture2d_half,2048,8192,2048,6.3483,10.825
780m,1b,4w,parent,sarc_linear_q4gsw_coopmat_t128x128k32g42s32f32c_texture3d_texture2d_half,2048,2048,8192,6.505,10.564
780m,1b,4w,parent,sarc_linear_q4gsw_coopmat_t128x128k32g42s32f32c_texture3d_texture2d_half,2048,2048,2048,1.6235,10.582
780m,1b,4w,parent,sarc_linear_q4gsw_coopmat_t128x128k32g42s32f32c_texture3d_texture2d_half,2048,512,2048,0.4478,9.592
780m,1b,4w,parent,sarc_linear_q4gsw_coopmat_t128x128k32g42s32f32c_texture3d_texture2d_half,2048,512,2048,0.4526,9.49
780m,1b,4w,parent,sarc_linear_q4gsw_coopmat_t128x128k32g42s32f32c_texture3d_texture2d_half,2048,2048,2048,1.6287,10.548
780m,1b,4w,parent,sarc_linear_q4gsw_coopmat_t128x128k32g42s32f32c_texture3d_texture2d_half,2048,8192,2048,6.3746,10.78
780m,1b,4w,parent,sarc_linear_q4gsw_coopmat_t128x128k32g42s32f32c_texture3d_texture2d_half,2048,8192,2048,6.3392,10.84
780m,1b,4w,parent,sarc_linear_q4gsw_coopmat_t128x128k32g42s32f32c_texture3d_texture2d_half,2048,2048,8192,6.5165,10.545
780m,1b,4w,parent,sarc_linear_q4gsw_coopmat_t128x128k32g42s32f32c_texture3d_texture2d_half,2048,2048,2048,1.625,10.572
780m,1b,4w,parent,sarc_linear_q4gsw_coopmat_t128x128k32g42s32f32c_texture3d_texture2d_half,2048,512,2048,0.4492,9.562
780m,1b,4w,parent,sarc_linear_q4gsw_coopmat_t128x128k32g42s32f32c_texture3d_texture2d_half,2048,512,2048,0.4538,9.464
780m,1b,4w,parent,sarc_linear_q4gsw_coopmat_t128x128k32g42s32f32c_texture3d_texture2d_half,2048,2048,2048,1.621,10.598
780m,1b,4w,parent,sarc_linear_q4gsw_coopmat_t128x128k32g42s32f32c_texture3d_texture2d_half,2048,8192,2048,6.3654,10.796
780m,1b,4w,parent,sarc_linear_q4gsw_coopmat_t128x128k32g42s32f32c_texture3d_texture2d_half,2048,8192,2048,6.3495,10.823
780m,1b,4w,parent,sarc_linear_q4gsw_coopmat_t128x128k32g42s32f32c_texture3d_texture2d_half,2048,2048,8192,6.4952,10.58
780m,1b,4w,parent,sarc_linear_q4gsw_coopmat_t128x128k32g42s32f32c_texture3d_texture2d_half,2048,2048,2048,1.6184,10.616
780m,1b,4w,parent,sarc_linear_q4gsw_coopmat_t128x128k32g42s32f32c_texture3d_texture2d_half,2048,512,2048,0.4492,9.562
780m,1b,4w,parent,sarc_linear_q4gsw_coopmat_t128x128k32g42s32f32c_texture3d_texture2d_half,2048,512,2048,0.4472,9.605
780m,1b,4w,parent,sarc_linear_q4gsw_coopmat_t128x128k32g42s32f32c_texture3d_texture2d_half,2048,2048,2048,1.6251,10.571
780m,1b,4w,parent,sarc_linear_q4gsw_coopmat_t128x128k32g42s32f32c_texture3d_texture2d_half,2048,8192,2048,6.3629,10.8
780m,1b,4w,parent,sarc_linear_q4gsw_coopmat_t128x128k32g42s32f32c_texture3d_texture2d_half,2048,8192,2048,6.3487,10.824
780m,1b,4w,parent,sarc_linear_q4gsw_coopmat_t128x128k32g42s32f32c_texture3d_texture2d_half,2048,2048,8192,6.517,10.545
780m,1b,4w,parent,sarc_linear_q4gsw_coopmat_t128x128k32g42s32f32c_texture3d_texture2d_half,2048,2048,2048,1.6271,10.558
780m,1b,4w,parent,sarc_linear_q4gsw_coopmat_t128x128k32g42s32f32c_texture3d_texture2d_half,2048,512,2048,0.449,9.565
780m,1b,4w,parent,sarc_linear_q4gsw_coopmat_t128x128k32g42s32f32c_texture3d_texture2d_half,2048,512,2048,0.451,9.524
780m,1b,4w,parent,sarc_linear_q4gsw_coopmat_t128x128k32g42s32f32c_texture3d_texture2d_half,2048,2048,2048,1.6409,10.47
780m,1b,4w,parent,sarc_linear_q4gsw_coopmat_t128x128k32g42s32f32c_texture3d_texture2d_half,2048,8192,2048,6.3916,10.752
780m,1b,4w,parent,sarc_linear_q4gsw_coopmat_t128x128k32g42s32f32c_texture3d_texture2d_half,2048,8192,2048,6.3162,10.88
780m,1b,4w,parent,sarc_linear_q4gsw_coopmat_t128x128k32g42s32f32c_texture3d_texture2d_half,2048,2048,8192,6.4926,10.584
780m,1b,4w,parent,sarc_linear_q4gsw_coopmat_t128x128k32g42s32f32c_texture3d_texture2d_half,2048,2048,2048,1.6145,10.641
780m,1b,4w,parent,sarc_linear_q4gsw_coopmat_t128x128k32g42s32f32c_texture3d_texture2d_half,2048,512,2048,0.4424,9.709
780m,1b,4w,parent,sarc_linear_q4gsw_coopmat_t128x128k32g42s32f32c_texture3d_texture2d_half,2048,512,2048,0.4544,9.453
780m,1b,4w,parent,sarc_linear_q4gsw_coopmat_t128x128k32g42s32f32c_texture3d_texture2d_half,2048,2048,2048,1.6206,10.601
780m,1b,4w,parent,sarc_linear_q4gsw_coopmat_t128x128k32g42s32f32c_texture3d_texture2d_half,2048,8192,2048,6.371,10.786
780m,1b,4w,parent,sarc_linear_q4gsw_coopmat_t128x128k32g42s32f32c_texture3d_texture2d_half,2048,8192,2048,6.355,10.814
780m,1b,4w,parent,sarc_linear_q4gsw_coopmat_t128x128k32g42s32f32c_texture3d_texture2d_half,2048,2048,8192,6.4532,10.649
780m,1b,4w,parent,sarc_linear_q4gsw_coopmat_t128x128k32g42s32f32c_texture3d_texture2d_half,2048,2048,2048,1.625,10.572
780m,1b,4w,parent,sarc_linear_q4gsw_coopmat_t128x128k32g42s32f32c_texture3d_texture2d_half,2048,512,2048,0.4504,9.536
780m,1b,4w,parent,sarc_linear_q4gsw_coopmat_t128x128k32g42s32f32c_texture3d_texture2d_half,2048,512,2048,0.4525,9.492
780m,1b,4w,parent,sarc_linear_q4gsw_coopmat_t128x128k32g42s32f32c_texture3d_texture2d_half,2048,2048,2048,1.6206,10.601
780m,1b,4w,parent,sarc_linear_q4gsw_coopmat_t128x128k32g42s32f32c_texture3d_texture2d_half,2048,8192,2048,6.3779,10.775
780m,1b,4w,parent,sarc_linear_q4gsw_coopmat_t128x128k32g42s32f32c_texture3d_texture2d_half,2048,8192,2048,6.3516,10.819
780m,1b,4w,parent,sarc_linear_q4gsw_coopmat_t128x128k32g42s32f32c_texture3d_texture2d_half,2048,2048,8192,6.4716,10.619
780m,1b,4w,parent,sarc_linear_q4gsw_coopmat_t128x128k32g42s32f32c_texture3d_texture2d_half,2048,2048,2048,1.6328,10.522
780m,1b,4w,parent,sarc_linear_q4gsw_coopmat_t128x128k32g42s32f32c_texture3d_texture2d_half,2048,512,2048,0.4445,9.663
780m,1b,4w,parent,sarc_linear_q4gsw_coopmat_t128x128k32g42s32f32c_texture3d_texture2d_half,2048,512,2048,0.4491,9.563
780m,1b,4w,parent,sarc_linear_q4gsw_coopmat_t128x128k32g42s32f32c_texture3d_texture2d_half,2048,2048,2048,1.6243,10.577
780m,1b,4w,parent,sarc_linear_q4gsw_coopmat_t128x128k32g42s32f32c_texture3d_texture2d_half,2048,8192,2048,6.3632,10.8
780m,1b,4w,parent,sarc_linear_q4gsw_coopmat_t128x128k32g42s32f32c_texture3d_texture2d_half,2048,8192,2048,6.3447,10.831
780m,1b,4w,parent,sarc_linear_q4gsw_coopmat_t128x128k32g42s32f32c_texture3d_texture2d_half,2048,2048,8192,6.4949,10.581
780m,1b,4w,parent,sarc_linear_q4gsw_coopmat_t128x128k32g42s32f32c_texture3d_texture2d_half,2048,2048,2048,1.6242,10.578
780m,1b,4w,parent,sarc_linear_q4gsw_coopmat_t128x128k32g42s32f32c_texture3d_texture2d_half,2048,512,2048,0.4534,9.472
780m,1b,4w,parent,sarc_linear_q4gsw_coopmat_t128x128k32g42s32f32c_texture3d_texture2d_half,2048,512,2048,0.446,9.631
780m,1b,4w,parent,sarc_linear_q4gsw_coopmat_t128x128k32g42s32f32c_texture3d_texture2d_half,2048,2048,2048,1.6251,10.571
780m,1b,4w,parent,sarc_linear_q4gsw_coopmat_t128x128k32g42s32f32c_texture3d_texture2d_half,2048,8192,2048,6.3684,10.791
780m,1b,4w,parent,sarc_linear_q4gsw_coopmat_t128x128k32g42s32f32c_texture3d_texture2d_half,2048,8192,2048,6.3647,10.797
780m,1b,4w,parent,sarc_linear_q4gsw_coopmat_t128x128k32g42s32f32c_texture3d_texture2d_half,2048,2048,8192,6.4662,10.627
780m,1b,4w,parent,sarc_linear_q4gsw_coopmat_t128x128k32g42s32f32c_texture3d_texture2d_half,2048,2048,2048,1.6352,10.506
780m,1b,4w,parent,sarc_linear_q4gsw_coopmat_t128x128k32g42s32f32c_texture3d_texture2d_half,2048,512,2048,0.453,9.482
780m,1b,4w,parent,sarc_linear_q4gsw_coopmat_t128x128k32g42s32f32c_texture3d_texture2d_half,2048,512,2048,0.4545,9.449
780m,1b,4w,parent,sarc_linear_q4gsw_coopmat_t128x128k32g42s32f32c_texture3d_texture2d_half,2048,2048,2048,1.6296,10.542
780m,1b,4w,parent,sarc_linear_q4gsw_coopmat_t128x128k32g42s32f32c_texture3d_texture2d_half,2048,8192,2048,6.3844,10.764
780m,1b,4w,parent,sarc_linear_q4gsw_coopmat_t128x128k32g42s32f32c_texture3d_texture2d_half,2048,8192,2048,6.3437,10.833
780m,1b,4w,parent,sarc_linear_q4gsw_coopmat_t128x128k32g42s32f32c_texture3d_texture2d_half,2048,2048,8192,6.4914,10.586
780m,1b,4w,parent,sarc_linear_q4gsw_coopmat_t128x128k32g42s32f32c_texture3d_texture2d_half,2048,2048,2048,1.6214,10.596
780m,1b,4w,parent,sarc_linear_q4gsw_coopmat_t128x128k32g42s32f32c_texture3d_texture2d_half,2048,512,2048,0.4505,9.533
780m,1b,4w,parent,sarc_linear_q4gsw_coopmat_t128x128k32g42s32f32c_texture3d_texture2d_half,2048,512,2048,0.4528,9.485
780m,1b,4w,parent,sarc_linear_q4gsw_coopmat_t128x128k32g42s32f32c_texture3d_texture2d_half,2048,2048,2048,1.6186,10.614
780m,1b,4w,parent,sarc_linear_q4gsw_coopmat_t128x128k32g42s32f32c_texture3d_texture2d_half,2048,8192,2048,6.3704,10.787
780m,1b,4w,parent,sarc_linear_q4gsw_coopmat_t128x128k32g42s32f32c_texture3d_texture2d_half,2048,8192,2048,6.3207,10.872
780m,1b,4w,parent,sarc_linear_q4gsw_coopmat_t128x128k32g42s32f32c_texture3d_texture2d_half,2048,2048,8192,6.4745,10.614
780m,1b,8da4w,cand,sarc_linear_dq8ca_coopmat_zpg_sweep_t128x64k32g22s32_texture3d_texture2d_half,2048,2048,2048,1.6576,10.364
780m,1b,8da4w,cand,sarc_linear_dq8ca_coopmat_zpg_sweep_t128x64k32g22s32_texture3d_texture2d_half,2048,512,2048,0.436,9.852
780m,1b,8da4w,cand,sarc_linear_dq8ca_coopmat_zpg_sweep_t128x64k32g22s32_texture3d_texture2d_half,2048,512,2048,0.4352,9.869
780m,1b,8da4w,cand,sarc_linear_dq8ca_coopmat_zpg_sweep_t128x64k32g22s32_texture3d_texture2d_half,2048,2048,2048,1.6414,10.467
780m,1b,8da4w,cand,sarc_linear_dq8ca_coopmat_zpg_sweep_t128x64k32g22s32_texture3d_texture2d_half,2048,8192,2048,6.4497,10.655
780m,1b,8da4w,cand,sarc_linear_dq8ca_coopmat_zpg_sweep_t128x64k32g22s32_texture3d_texture2d_half,2048,8192,2048,6.45,10.654
780m,1b,8da4w,cand,sarc_linear_dq8ca_coopmat_zpg_sweep_t128x64k32g22s32_texture3d_texture2d_half,2048,2048,8192,6.4329,10.683
780m,1b,8da4w,cand,sarc_linear_dq8ca_coopmat_zpg_sweep_t128x64k32g22s32_texture3d_texture2d_half,2048,2048,2048,1.6414,10.467
780m,1b,8da4w,cand,sarc_linear_dq8ca_coopmat_zpg_sweep_t128x64k32g22s32_texture3d_texture2d_half,2048,512,2048,0.4323,9.935
780m,1b,8da4w,cand,sarc_linear_dq8ca_coopmat_zpg_sweep_t128x64k32g22s32_texture3d_texture2d_half,2048,512,2048,0.4332,9.915
780m,1b,8da4w,cand,sarc_linear_dq8ca_coopmat_zpg_sweep_t128x64k32g22s32_texture3d_texture2d_half,2048,2048,2048,1.6467,10.433
780m,1b,8da4w,cand,sarc_linear_dq8ca_coopmat_zpg_sweep_t128x64k32g22s32_texture3d_texture2d_half,2048,8192,2048,6.4461,10.661
780m,1b,8da4w,cand,sarc_linear_dq8ca_coopmat_zpg_sweep_t128x64k32g22s32_texture3d_texture2d_half,2048,8192,2048,6.4452,10.662
780m,1b,8da4w,cand,sarc_linear_dq8ca_coopmat_zpg_sweep_t128x64k32g22s32_texture3d_texture2d_half,2048,2048,8192,6.4236,10.698
780m,1b,8da4w,cand,sarc_linear_dq8ca_coopmat_zpg_sweep_t128x64k32g22s32_texture3d_texture2d_half,2048,2048,2048,1.6436,10.453
780m,1b,8da4w,cand,sarc_linear_dq8ca_coopmat_zpg_sweep_t128x64k32g22s32_texture3d_texture2d_half,2048,512,2048,0.4326,9.927
780m,1b,8da4w,cand,sarc_linear_dq8ca_coopmat_zpg_sweep_t128x64k32g22s32_texture3d_texture2d_half,2048,512,2048,0.4336,9.905
780m,1b,8da4w,cand,sarc_linear_dq8ca_coopmat_zpg_sweep_t128x64k32g22s32_texture3d_texture2d_half,2048,2048,2048,1.6455,10.44
780m,1b,8da4w,cand,sarc_linear_dq8ca_coopmat_zpg_sweep_t128x64k32g22s32_texture3d_texture2d_half,2048,8192,2048,6.4433,10.665
780m,1b,8da4w,cand,sarc_linear_dq8ca_coopmat_zpg_sweep_t128x64k32g22s32_texture3d_texture2d_half,2048,8192,2048,6.4451,10.662
780m,1b,8da4w,cand,sarc_linear_dq8ca_coopmat_zpg_sweep_t128x64k32g22s32_texture3d_texture2d_half,2048,2048,8192,6.4302,10.687
780m,1b,8da4w,cand,sarc_linear_dq8ca_coopmat_zpg_sweep_t128x64k32g22s32_texture3d_texture2d_half,2048,2048,2048,1.6448,10.445
780m,1b,8da4w,cand,sarc_linear_dq8ca_coopmat_zpg_sweep_t128x64k32g22s32_texture3d_texture2d_half,2048,512,2048,0.4333,9.912
780m,1b,8da4w,cand,sarc_linear_dq8ca_coopmat_zpg_sweep_t128x64k32g22s32_texture3d_texture2d_half,2048,512,2048,0.4335,9.908
780m,1b,8da4w,cand,sarc_linear_dq8ca_coopmat_zpg_sweep_t128x64k32g22s32_texture3d_texture2d_half,2048,2048,2048,1.6432,10.455
780m,1b,8da4w,cand,sarc_linear_dq8ca_coopmat_zpg_sweep_t128x64k32g22s32_texture3d_texture2d_half,2048,8192,2048,6.4428,10.666
780m,1b,8da4w,cand,sarc_linear_dq8ca_coopmat_zpg_sweep_t128x64k32g22s32_texture3d_texture2d_half,2048,8192,2048,6.4428,10.666
780m,1b,8da4w,cand,sarc_linear_dq8ca_coopmat_zpg_sweep_t128x64k32g22s32_texture3d_texture2d_half,2048,2048,8192,6.4394,10.672
780m,1b,8da4w,cand,sarc_linear_dq8ca_coopmat_zpg_sweep_t128x64k32g22s32_texture3d_texture2d_half,2048,2048,2048,1.6444,10.448
780m,1b,8da4w,cand,sarc_linear_dq8ca_coopmat_zpg_sweep_t128x64k32g22s32_texture3d_texture2d_half,2048,512,2048,0.4338,9.902
780m,1b,8da4w,cand,sarc_linear_dq8ca_coopmat_zpg_sweep_t128x64k32g22s32_texture3d_texture2d_half,2048,512,2048,0.4277,10.042
780m,1b,8da4w,cand,sarc_linear_dq8ca_coopmat_zpg_sweep_t128x64k32g22s32_texture3d_texture2d_half,2048,2048,2048,1.642,10.463
780m,1b,8da4w,cand,sarc_linear_dq8ca_coopmat_zpg_sweep_t128x64k32g22s32_texture3d_texture2d_half,2048,8192,2048,6.4386,10.673
780m,1b,8da4w,cand,sarc_linear_dq8ca_coopmat_zpg_sweep_t128x64k32g22s32_texture3d_texture2d_half,2048,8192,2048,6.4479,10.658
780m,1b,8da4w,cand,sarc_linear_dq8ca_coopmat_zpg_sweep_t128x64k32g22s32_texture3d_texture2d_half,2048,2048,8192,6.4374,10.675
780m,1b,8da4w,cand,sarc_linear_dq8ca_coopmat_zpg_sweep_t128x64k32g22s32_texture3d_texture2d_half,2048,2048,2048,1.6482,10.423
780m,1b,8da4w,cand,sarc_linear_dq8ca_coopmat_zpg_sweep_t128x64k32g22s32_texture3d_texture2d_half,2048,512,2048,0.4342,9.891
780m,1b,8da4w,cand,sarc_linear_dq8ca_coopmat_zpg_sweep_t128x64k32g22s32_texture3d_texture2d_half,2048,512,2048,0.4355,9.862
780m,1b,8da4w,cand,sarc_linear_dq8ca_coopmat_zpg_sweep_t128x64k32g22s32_texture3d_texture2d_half,2048,2048,2048,1.6444,10.447
780m,1b,8da4w,cand,sarc_linear_dq8ca_coopmat_zpg_sweep_t128x64k32g22s32_texture3d_texture2d_half,2048,8192,2048,6.4357,10.678
780m,1b,8da4w,cand,sarc_linear_dq8ca_coopmat_zpg_sweep_t128x64k32g22s32_texture3d_texture2d_half,2048,8192,2048,6.4423,10.667
780m,1b,8da4w,cand,sarc_linear_dq8ca_coopmat_zpg_sweep_t128x64k32g22s32_texture3d_texture2d_half,2048,2048,8192,6.4322,10.684
780m,1b,8da4w,cand,sarc_linear_dq8ca_coopmat_zpg_sweep_t128x64k32g22s32_texture3d_texture2d_half,2048,2048,2048,1.6436,10.453
780m,1b,8da4w,cand,sarc_linear_dq8ca_coopmat_zpg_sweep_t128x64k32g22s32_texture3d_texture2d_half,2048,512,2048,0.4334,9.909
780m,1b,8da4w,cand,sarc_linear_dq8ca_coopmat_zpg_sweep_t128x64k32g22s32_texture3d_texture2d_half,2048,512,2048,0.433,9.918
780m,1b,8da4w,cand,sarc_linear_dq8ca_coopmat_zpg_sweep_t128x64k32g22s32_texture3d_texture2d_half,2048,2048,2048,1.6426,10.459
780m,1b,8da4w,cand,sarc_linear_dq8ca_coopmat_zpg_sweep_t128x64k32g22s32_texture3d_texture2d_half,2048,8192,2048,6.4354,10.678
780m,1b,8da4w,cand,sarc_linear_dq8ca_coopmat_zpg_sweep_t128x64k32g22s32_texture3d_texture2d_half,2048,8192,2048,6.4308,10.686
780m,1b,8da4w,cand,sarc_linear_dq8ca_coopmat_zpg_sweep_t128x64k32g22s32_texture3d_texture2d_half,2048,2048,8192,6.4423,10.667
780m,1b,8da4w,cand,sarc_linear_dq8ca_coopmat_zpg_sweep_t128x64k32g22s32_texture3d_texture2d_half,2048,2048,2048,1.6398,10.477
780m,1b,8da4w,cand,sarc_linear_dq8ca_coopmat_zpg_sweep_t128x64k32g22s32_texture3d_texture2d_half,2048,512,2048,0.4334,9.911
780m,1b,8da4w,cand,sarc_linear_dq8ca_coopmat_zpg_sweep_t128x64k32g22s32_texture3d_texture2d_half,2048,512,2048,0.4324,9.934
780m,1b,8da4w,cand,sarc_linear_dq8ca_coopmat_zpg_sweep_t128x64k32g22s32_texture3d_texture2d_half,2048,2048,2048,1.6432,10.455
780m,1b,8da4w,cand,sarc_linear_dq8ca_coopmat_zpg_sweep_t128x64k32g22s32_texture3d_texture2d_half,2048,8192,2048,6.4344,10.68
780m,1b,8da4w,cand,sarc_linear_dq8ca_coopmat_zpg_sweep_t128x64k32g22s32_texture3d_texture2d_half,2048,8192,2048,6.4448,10.663
780m,1b,8da4w,cand,sarc_linear_dq8ca_coopmat_zpg_sweep_t128x64k32g22s32_texture3d_texture2d_half,2048,2048,8192,6.4419,10.668
780m,1b,8da4w,cand,sarc_linear_dq8ca_coopmat_zpg_sweep_t128x64k32g22s32_texture3d_texture2d_half,2048,2048,2048,1.6414,10.467
780m,1b,8da4w,cand,sarc_linear_dq8ca_coopmat_zpg_sweep_t128x64k32g22s32_texture3d_texture2d_half,2048,512,2048,0.4321,9.939
780m,1b,8da4w,cand,sarc_linear_dq8ca_coopmat_zpg_sweep_t128x64k32g22s32_texture3d_texture2d_half,2048,512,2048,0.4346,9.882
780m,1b,8da4w,cand,sarc_linear_dq8ca_coopmat_zpg_sweep_t128x64k32g22s32_texture3d_texture2d_half,2048,2048,2048,1.6414,10.467
780m,1b,8da4w,cand,sarc_linear_dq8ca_coopmat_zpg_sweep_t128x64k32g22s32_texture3d_texture2d_half,2048,8192,2048,6.4296,10.688
780m,1b,8da4w,cand,sarc_linear_dq8ca_coopmat_zpg_sweep_t128x64k32g22s32_texture3d_texture2d_half,2048,8192,2048,6.4463,10.66
780m,1b,8da4w,cand,sarc_linear_dq8ca_coopmat_zpg_sweep_t128x64k32g22s32_texture3d_texture2d_half,2048,2048,8192,6.437,10.676
780m,1b,8da4w,cand,sarc_linear_dq8ca_coopmat_zpg_sweep_t128x64k32g22s32_texture3d_texture2d_half,2048,2048,2048,1.6402,10.475
780m,1b,8da4w,cand,sarc_linear_dq8ca_coopmat_zpg_sweep_t128x64k32g22s32_texture3d_texture2d_half,2048,512,2048,0.4333,9.913
780m,1b,8da4w,cand,sarc_linear_dq8ca_coopmat_zpg_sweep_t128x64k32g22s32_texture3d_texture2d_half,2048,512,2048,0.4345,9.885
780m,1b,8da4w,cand,sarc_linear_dq8ca_coopmat_zpg_sweep_t128x64k32g22s32_texture3d_texture2d_half,2048,2048,2048,1.6448,10.445
780m,1b,8da4w,cand,sarc_linear_dq8ca_coopmat_zpg_sweep_t128x64k32g22s32_texture3d_texture2d_half,2048,8192,2048,6.4393,10.672
780m,1b,8da4w,cand,sarc_linear_dq8ca_coopmat_zpg_sweep_t128x64k32g22s32_texture3d_texture2d_half,2048,8192,2048,6.4364,10.677
780m,1b,8da4w,cand,sarc_linear_dq8ca_coopmat_zpg_sweep_t128x64k32g22s32_texture3d_texture2d_half,2048,2048,8192,6.4512,10.652
780m,1b,8da4w,cand,sarc_linear_dq8ca_coopmat_zpg_sweep_t128x64k32g22s32_texture3d_texture2d_half,2048,2048,2048,1.639,10.482
780m,1b,8da4w,cand,sarc_linear_dq8ca_coopmat_zpg_sweep_t128x64k32g22s32_texture3d_texture2d_half,2048,512,2048,0.4336,9.904
780m,1b,8da4w,cand,sarc_linear_dq8ca_coopmat_zpg_sweep_t128x64k32g22s32_texture3d_texture2d_half,2048,512,2048,0.4344,9.887
780m,1b,8da4w,cand,sarc_linear_dq8ca_coopmat_zpg_sweep_t128x64k32g22s32_texture3d_texture2d_half,2048,2048,2048,1.6458,10.438
780m,1b,8da4w,cand,sarc_linear_dq8ca_coopmat_zpg_sweep_t128x64k32g22s32_texture3d_texture2d_half,2048,8192,2048,6.4383,10.674
780m,1b,8da4w,cand,sarc_linear_dq8ca_coopmat_zpg_sweep_t128x64k32g22s32_texture3d_texture2d_half,2048,8192,2048,6.4322,10.684
780m,1b,8da4w,cand,sarc_linear_dq8ca_coopmat_zpg_sweep_t128x64k32g22s32_texture3d_texture2d_half,2048,2048,8192,6.4396,10.671
780m,1b,8da4w,cand,sarc_linear_dq8ca_coopmat_zpg_sweep_t128x64k32g22s32_texture3d_texture2d_half,2048,2048,2048,1.6422,10.461
780m,1b,8da4w,cand,sarc_linear_dq8ca_coopmat_zpg_sweep_t128x64k32g22s32_texture3d_texture2d_half,2048,512,2048,0.4332,9.915
780m,1b,8da4w,cand,sarc_linear_dq8ca_coopmat_zpg_sweep_t128x64k32g22s32_texture3d_texture2d_half,2048,512,2048,0.4333,9.913
780m,1b,8da4w,cand,sarc_linear_dq8ca_coopmat_zpg_sweep_t128x64k32g22s32_texture3d_texture2d_half,2048,2048,2048,1.6444,10.448
780m,1b,8da4w,cand,sarc_linear_dq8ca_coopmat_zpg_sweep_t128x64k32g22s32_texture3d_texture2d_half,2048,8192,2048,6.4442,10.664
780m,1b,8da4w,cand,sarc_linear_dq8ca_coopmat_zpg_sweep_t128x64k32g22s32_texture3d_texture2d_half,2048,8192,2048,6.4528,10.65
780m,1b,8da4w,cand,sarc_linear_dq8ca_coopmat_zpg_sweep_t128x64k32g22s32_texture3d_texture2d_half,2048,2048,8192,6.4435,10.665
780m,1b,8da4w,cand,sarc_linear_dq8ca_coopmat_zpg_sweep_t128x64k32g22s32_texture3d_texture2d_half,2048,2048,2048,1.6425,10.459
780m,1b,8da4w,cand,sarc_linear_dq8ca_coopmat_zpg_sweep_t128x64k32g22s32_texture3d_texture2d_half,2048,512,2048,0.4337,9.904
780m,1b,8da4w,cand,sarc_linear_dq8ca_coopmat_zpg_sweep_t128x64k32g22s32_texture3d_texture2d_half,2048,512,2048,0.434,9.897
780m,1b,8da4w,cand,sarc_linear_dq8ca_coopmat_zpg_sweep_t128x64k32g22s32_texture3d_texture2d_half,2048,2048,2048,1.6444,10.447
780m,1b,8da4w,cand,sarc_linear_dq8ca_coopmat_zpg_sweep_t128x64k32g22s32_texture3d_texture2d_half,2048,8192,2048,6.4516,10.652
780m,1b,8da4w,cand,sarc_linear_dq8ca_coopmat_zpg_sweep_t128x64k32g22s32_texture3d_texture2d_half,2048,8192,2048,6.4502,10.654
780m,1b,8da4w,cand,sarc_linear_dq8ca_coopmat_zpg_sweep_t128x64k32g22s32_texture3d_texture2d_half,2048,2048,8192,6.4285,10.69
780m,1b,8da4w,cand,sarc_linear_dq8ca_coopmat_zpg_sweep_t128x64k32g22s32_texture3d_texture2d_half,2048,2048,2048,1.644,10.45
780m,1b,8da4w,cand,sarc_linear_dq8ca_coopmat_zpg_sweep_t128x64k32g22s32_texture3d_texture2d_half,2048,512,2048,0.4279,10.038
780m,1b,8da4w,cand,sarc_linear_dq8ca_coopmat_zpg_sweep_t128x64k32g22s32_texture3d_texture2d_half,2048,512,2048,0.4329,9.921
780m,1b,8da4w,cand,sarc_linear_dq8ca_coopmat_zpg_sweep_t128x64k32g22s32_texture3d_texture2d_half,2048,2048,2048,1.6437,10.452
780m,1b,8da4w,cand,sarc_linear_dq8ca_coopmat_zpg_sweep_t128x64k32g22s32_texture3d_texture2d_half,2048,8192,2048,6.4385,10.673
780m,1b,8da4w,cand,sarc_linear_dq8ca_coopmat_zpg_sweep_t128x64k32g22s32_texture3d_texture2d_half,2048,8192,2048,6.4378,10.674
780m,1b,8da4w,cand,sarc_linear_dq8ca_coopmat_zpg_sweep_t128x64k32g22s32_texture3d_texture2d_half,2048,2048,8192,6.4351,10.679
780m,1b,8da4w,cand,sarc_linear_dq8ca_coopmat_zpg_sweep_t128x64k32g22s32_texture3d_texture2d_half,2048,2048,2048,1.6424,10.46
780m,1b,8da4w,cand,sarc_linear_dq8ca_coopmat_zpg_sweep_t128x64k32g22s32_texture3d_texture2d_half,2048,512,2048,0.4325,9.931
780m,1b,8da4w,cand,sarc_linear_dq8ca_coopmat_zpg_sweep_t128x64k32g22s32_texture3d_texture2d_half,2048,512,2048,0.4333,9.912
780m,1b,8da4w,cand,sarc_linear_dq8ca_coopmat_zpg_sweep_t128x64k32g22s32_texture3d_texture2d_half,2048,2048,2048,1.6425,10.459
780m,1b,8da4w,cand,sarc_linear_dq8ca_coopmat_zpg_sweep_t128x64k32g22s32_texture3d_texture2d_half,2048,8192,2048,6.4472,10.659
780m,1b,8da4w,cand,sarc_linear_dq8ca_coopmat_zpg_sweep_t128x64k32g22s32_texture3d_texture2d_half,2048,8192,2048,6.4351,10.679
780m,1b,8da4w,cand,sarc_linear_dq8ca_coopmat_zpg_sweep_t128x64k32g22s32_texture3d_texture2d_half,2048,2048,8192,6.4297,10.688
780m,1b,8da4w,cand,sarc_linear_dq8ca_coopmat_zpg_sweep_t128x64k32g22s32_texture3d_texture2d_half,2048,2048,2048,1.646,10.438
780m,1b,8da4w,cand,sarc_linear_dq8ca_coopmat_zpg_sweep_t128x64k32g22s32_texture3d_texture2d_half,2048,512,2048,0.4331,9.916
780m,1b,8da4w,cand,sarc_linear_dq8ca_coopmat_zpg_sweep_t128x64k32g22s32_texture3d_texture2d_half,2048,512,2048,0.4332,9.915
780m,1b,8da4w,cand,sarc_linear_dq8ca_coopmat_zpg_sweep_t128x64k32g22s32_texture3d_texture2d_half,2048,2048,2048,1.644,10.45
780m,1b,8da4w,cand,sarc_linear_dq8ca_coopmat_zpg_sweep_t128x64k32g22s32_texture3d_texture2d_half,2048,8192,2048,6.4398,10.671
780m,1b,8da4w,cand,sarc_linear_dq8ca_coopmat_zpg_sweep_t128x64k32g22s32_texture3d_texture2d_half,2048,8192,2048,6.429,10.689
780m,1b,8da4w,cand,sarc_linear_dq8ca_coopmat_zpg_sweep_t128x64k32g22s32_texture3d_texture2d_half,2048,2048,8192,6.4345,10.68
780m,1b,8da4w,parent,sarc_linear_dq8ca_coopmat_zpg_t128x64k32g42s32_texture3d_texture2d_half,2048,2048,2048,1.7623,9.748
780m,1b,8da4w,parent,sarc_linear_dq8ca_coopmat_zpg_t128x64k32g42s32_texture3d_texture2d_half,2048,512,2048,0.4561,9.416
780m,1b,8da4w,parent,sarc_linear_dq8ca_coopmat_zpg_t128x64k32g42s32_texture3d_texture2d_half,2048,512,2048,0.4584,9.37
780m,1b,8da4w,parent,sarc_linear_dq8ca_coopmat_zpg_t128x64k32g42s32_texture3d_texture2d_half,2048,2048,2048,1.7474,9.832
780m,1b,8da4w,parent,sarc_linear_dq8ca_coopmat_zpg_t128x64k32g42s32_texture3d_texture2d_half,2048,8192,2048,6.8756,9.995
780m,1b,8da4w,parent,sarc_linear_dq8ca_coopmat_zpg_t128x64k32g42s32_texture3d_texture2d_half,2048,8192,2048,6.8779,9.991
780m,1b,8da4w,parent,sarc_linear_dq8ca_coopmat_zpg_t128x64k32g42s32_texture3d_texture2d_half,2048,2048,8192,6.8573,10.021
780m,1b,8da4w,parent,sarc_linear_dq8ca_coopmat_zpg_t128x64k32g42s32_texture3d_texture2d_half,2048,2048,2048,1.7565,9.781
780m,1b,8da4w,parent,sarc_linear_dq8ca_coopmat_zpg_t128x64k32g42s32_texture3d_texture2d_half,2048,512,2048,0.4562,9.414
780m,1b,8da4w,parent,sarc_linear_dq8ca_coopmat_zpg_t128x64k32g42s32_texture3d_texture2d_half,2048,512,2048,0.4555,9.429
780m,1b,8da4w,parent,sarc_linear_dq8ca_coopmat_zpg_t128x64k32g42s32_texture3d_texture2d_half,2048,2048,2048,1.7562,9.783
780m,1b,8da4w,parent,sarc_linear_dq8ca_coopmat_zpg_t128x64k32g42s32_texture3d_texture2d_half,2048,8192,2048,6.892,9.971
780m,1b,8da4w,parent,sarc_linear_dq8ca_coopmat_zpg_t128x64k32g42s32_texture3d_texture2d_half,2048,8192,2048,6.8802,9.988
780m,1b,8da4w,parent,sarc_linear_dq8ca_coopmat_zpg_t128x64k32g42s32_texture3d_texture2d_half,2048,2048,8192,6.862,10.014
780m,1b,8da4w,parent,sarc_linear_dq8ca_coopmat_zpg_t128x64k32g42s32_texture3d_texture2d_half,2048,2048,2048,1.745,9.845
780m,1b,8da4w,parent,sarc_linear_dq8ca_coopmat_zpg_t128x64k32g42s32_texture3d_texture2d_half,2048,512,2048,0.4548,9.444
780m,1b,8da4w,parent,sarc_linear_dq8ca_coopmat_zpg_t128x64k32g42s32_texture3d_texture2d_half,2048,512,2048,0.4549,9.441
780m,1b,8da4w,parent,sarc_linear_dq8ca_coopmat_zpg_t128x64k32g42s32_texture3d_texture2d_half,2048,2048,2048,1.7504,9.815
780m,1b,8da4w,parent,sarc_linear_dq8ca_coopmat_zpg_t128x64k32g42s32_texture3d_texture2d_half,2048,8192,2048,6.8789,9.99
780m,1b,8da4w,parent,sarc_linear_dq8ca_coopmat_zpg_t128x64k32g42s32_texture3d_texture2d_half,2048,8192,2048,6.8845,9.982
780m,1b,8da4w,parent,sarc_linear_dq8ca_coopmat_zpg_t128x64k32g42s32_texture3d_texture2d_half,2048,2048,8192,6.8713,10.001
780m,1b,8da4w,parent,sarc_linear_dq8ca_coopmat_zpg_t128x64k32g42s32_texture3d_texture2d_half,2048,2048,2048,1.7451,9.845
780m,1b,8da4w,parent,sarc_linear_dq8ca_coopmat_zpg_t128x64k32g42s32_texture3d_texture2d_half,2048,512,2048,0.4541,9.458
780m,1b,8da4w,parent,sarc_linear_dq8ca_coopmat_zpg_t128x64k32g42s32_texture3d_texture2d_half,2048,512,2048,0.4539,9.462
780m,1b,8da4w,parent,sarc_linear_dq8ca_coopmat_zpg_t128x64k32g42s32_texture3d_texture2d_half,2048,2048,2048,1.7427,9.858
780m,1b,8da4w,parent,sarc_linear_dq8ca_coopmat_zpg_t128x64k32g42s32_texture3d_texture2d_half,2048,8192,2048,6.8899,9.974
780m,1b,8da4w,parent,sarc_linear_dq8ca_coopmat_zpg_t128x64k32g42s32_texture3d_texture2d_half,2048,8192,2048,6.881,9.987
780m,1b,8da4w,parent,sarc_linear_dq8ca_coopmat_zpg_t128x64k32g42s32_texture3d_texture2d_half,2048,2048,8192,6.8692,10.004
780m,1b,8da4w,parent,sarc_linear_dq8ca_coopmat_zpg_t128x64k32g42s32_texture3d_texture2d_half,2048,2048,2048,1.7492,9.822
780m,1b,8da4w,parent,sarc_linear_dq8ca_coopmat_zpg_t128x64k32g42s32_texture3d_texture2d_half,2048,512,2048,0.456,9.419
780m,1b,8da4w,parent,sarc_linear_dq8ca_coopmat_zpg_t128x64k32g42s32_texture3d_texture2d_half,2048,512,2048,0.4505,9.533
780m,1b,8da4w,parent,sarc_linear_dq8ca_coopmat_zpg_t128x64k32g42s32_texture3d_texture2d_half,2048,2048,2048,1.7482,9.827
780m,1b,8da4w,parent,sarc_linear_dq8ca_coopmat_zpg_t128x64k32g42s32_texture3d_texture2d_half,2048,8192,2048,6.8833,9.984
780m,1b,8da4w,parent,sarc_linear_dq8ca_coopmat_zpg_t128x64k32g42s32_texture3d_texture2d_half,2048,8192,2048,6.8839,9.983
780m,1b,8da4w,parent,sarc_linear_dq8ca_coopmat_zpg_t128x64k32g42s32_texture3d_texture2d_half,2048,2048,8192,6.877,9.993
780m,1b,8da4w,parent,sarc_linear_dq8ca_coopmat_zpg_t128x64k32g42s32_texture3d_texture2d_half,2048,2048,2048,1.7471,9.833
780m,1b,8da4w,parent,sarc_linear_dq8ca_coopmat_zpg_t128x64k32g42s32_texture3d_texture2d_half,2048,512,2048,0.455,9.439
780m,1b,8da4w,parent,sarc_linear_dq8ca_coopmat_zpg_t128x64k32g42s32_texture3d_texture2d_half,2048,512,2048,0.4546,9.447
780m,1b,8da4w,parent,sarc_linear_dq8ca_coopmat_zpg_t128x64k32g42s32_texture3d_texture2d_half,2048,2048,2048,1.7481,9.828
780m,1b,8da4w,parent,sarc_linear_dq8ca_coopmat_zpg_t128x64k32g42s32_texture3d_texture2d_half,2048,8192,2048,6.8755,9.995
780m,1b,8da4w,parent,sarc_linear_dq8ca_coopmat_zpg_t128x64k32g42s32_texture3d_texture2d_half,2048,8192,2048,6.8761,9.994
780m,1b,8da4w,parent,sarc_linear_dq8ca_coopmat_zpg_t128x64k32g42s32_texture3d_texture2d_half,2048,2048,8192,6.8754,9.995
780m,1b,8da4w,parent,sarc_linear_dq8ca_coopmat_zpg_t128x64k32g42s32_texture3d_texture2d_half,2048,2048,2048,1.746,9.84
780m,1b,8da4w,parent,sarc_linear_dq8ca_coopmat_zpg_t128x64k32g42s32_texture3d_texture2d_half,2048,512,2048,0.4543,9.454
780m,1b,8da4w,parent,sarc_linear_dq8ca_coopmat_zpg_t128x64k32g42s32_texture3d_texture2d_half,2048,512,2048,0.4544,9.453
780m,1b,8da4w,parent,sarc_linear_dq8ca_coopmat_zpg_t128x64k32g42s32_texture3d_texture2d_half,2048,2048,2048,1.7545,9.792
780m,1b,8da4w,parent,sarc_linear_dq8ca_coopmat_zpg_t128x64k32g42s32_texture3d_texture2d_half,2048,8192,2048,6.8877,9.977
780m,1b,8da4w,parent,sarc_linear_dq8ca_coopmat_zpg_t128x64k32g42s32_texture3d_texture2d_half,2048,8192,2048,6.881,9.987
780m,1b,8da4w,parent,sarc_linear_dq8ca_coopmat_zpg_t128x64k32g42s32_texture3d_texture2d_half,2048,2048,8192,6.8667,10.008
780m,1b,8da4w,parent,sarc_linear_dq8ca_coopmat_zpg_t128x64k32g42s32_texture3d_texture2d_half,2048,2048,2048,1.7435,9.854
780m,1b,8da4w,parent,sarc_linear_dq8ca_coopmat_zpg_t128x64k32g42s32_texture3d_texture2d_half,2048,512,2048,0.4576,9.387
780m,1b,8da4w,parent,sarc_linear_dq8ca_coopmat_zpg_t128x64k32g42s32_texture3d_texture2d_half,2048,512,2048,0.4553,9.433
780m,1b,8da4w,parent,sarc_linear_dq8ca_coopmat_zpg_t128x64k32g42s32_texture3d_texture2d_half,2048,2048,2048,1.7541,9.794
780m,1b,8da4w,parent,sarc_linear_dq8ca_coopmat_zpg_t128x64k32g42s32_texture3d_texture2d_half,2048,8192,2048,6.8742,9.997
780m,1b,8da4w,parent,sarc_linear_dq8ca_coopmat_zpg_t128x64k32g42s32_texture3d_texture2d_half,2048,8192,2048,6.8807,9.987
780m,1b,8da4w,parent,sarc_linear_dq8ca_coopmat_zpg_t128x64k32g42s32_texture3d_texture2d_half,2048,2048,8192,6.8776,9.992
780m,1b,8da4w,parent,sarc_linear_dq8ca_coopmat_zpg_t128x64k32g42s32_texture3d_texture2d_half,2048,2048,2048,1.75,9.817
780m,1b,8da4w,parent,sarc_linear_dq8ca_coopmat_zpg_t128x64k32g42s32_texture3d_texture2d_half,2048,512,2048,0.4532,9.478
780m,1b,8da4w,parent,sarc_linear_dq8ca_coopmat_zpg_t128x64k32g42s32_texture3d_texture2d_half,2048,512,2048,0.4547,9.445
780m,1b,8da4w,parent,sarc_linear_dq8ca_coopmat_zpg_t128x64k32g42s32_texture3d_texture2d_half,2048,2048,2048,1.754,9.794
780m,1b,8da4w,parent,sarc_linear_dq8ca_coopmat_zpg_t128x64k32g42s32_texture3d_texture2d_half,2048,8192,2048,6.878,9.991
780m,1b,8da4w,parent,sarc_linear_dq8ca_coopmat_zpg_t128x64k32g42s32_texture3d_texture2d_half,2048,8192,2048,6.8738,9.997
780m,1b,8da4w,parent,sarc_linear_dq8ca_coopmat_zpg_t128x64k32g42s32_texture3d_texture2d_half,2048,2048,8192,6.871,10.001
780m,1b,8da4w,parent,sarc_linear_dq8ca_coopmat_zpg_t128x64k32g42s32_texture3d_texture2d_half,2048,2048,2048,1.7432,9.856
780m,1b,8da4w,parent,sarc_linear_dq8ca_coopmat_zpg_t128x64k32g42s32_texture3d_texture2d_half,2048,512,2048,0.4547,9.445
780m,1b,8da4w,parent,sarc_linear_dq8ca_coopmat_zpg_t128x64k32g42s32_texture3d_texture2d_half,2048,512,2048,0.4546,9.447
780m,1b,8da4w,parent,sarc_linear_dq8ca_coopmat_zpg_t128x64k32g42s32_texture3d_texture2d_half,2048,2048,2048,1.7477,9.83
780m,1b,8da4w,parent,sarc_linear_dq8ca_coopmat_zpg_t128x64k32g42s32_texture3d_texture2d_half,2048,8192,2048,6.8889,9.975
780m,1b,8da4w,parent,sarc_linear_dq8ca_coopmat_zpg_t128x64k32g42s32_texture3d_texture2d_half,2048,8192,2048,6.8828,9.984
780m,1b,8da4w,parent,sarc_linear_dq8ca_coopmat_zpg_t128x64k32g42s32_texture3d_texture2d_half,2048,2048,8192,6.8758,9.994
780m,1b,8da4w,parent,sarc_linear_dq8ca_coopmat_zpg_t128x64k32g42s32_texture3d_texture2d_half,2048,2048,2048,1.7467,9.836
780m,1b,8da4w,parent,sarc_linear_dq8ca_coopmat_zpg_t128x64k32g42s32_texture3d_texture2d_half,2048,512,2048,0.455,9.439
780m,1b,8da4w,parent,sarc_linear_dq8ca_coopmat_zpg_t128x64k32g42s32_texture3d_texture2d_half,2048,512,2048,0.4543,9.454
780m,1b,8da4w,parent,sarc_linear_dq8ca_coopmat_zpg_t128x64k32g42s32_texture3d_texture2d_half,2048,2048,2048,1.7532,9.799
780m,1b,8da4w,parent,sarc_linear_dq8ca_coopmat_zpg_t128x64k32g42s32_texture3d_texture2d_half,2048,8192,2048,6.8702,10.003
780m,1b,8da4w,parent,sarc_linear_dq8ca_coopmat_zpg_t128x64k32g42s32_texture3d_texture2d_half,2048,8192,2048,6.8756,9.995
780m,1b,8da4w,parent,sarc_linear_dq8ca_coopmat_zpg_t128x64k32g42s32_texture3d_texture2d_half,2048,2048,8192,6.8656,10.009
780m,1b,8da4w,parent,sarc_linear_dq8ca_coopmat_zpg_t128x64k32g42s32_texture3d_texture2d_half,2048,2048,2048,1.7497,9.819
780m,1b,8da4w,parent,sarc_linear_dq8ca_coopmat_zpg_t128x64k32g42s32_texture3d_texture2d_half,2048,512,2048,0.4562,9.415
780m,1b,8da4w,parent,sarc_linear_dq8ca_coopmat_zpg_t128x64k32g42s32_texture3d_texture2d_half,2048,512,2048,0.4559,9.421
780m,1b,8da4w,parent,sarc_linear_dq8ca_coopmat_zpg_t128x64k32g42s32_texture3d_texture2d_half,2048,2048,2048,1.7516,9.808
780m,1b,8da4w,parent,sarc_linear_dq8ca_coopmat_zpg_t128x64k32g42s32_texture3d_texture2d_half,2048,8192,2048,6.8848,9.981
780m,1b,8da4w,parent,sarc_linear_dq8ca_coopmat_zpg_t128x64k32g42s32_texture3d_texture2d_half,2048,8192,2048,6.8817,9.986
780m,1b,8da4w,parent,sarc_linear_dq8ca_coopmat_zpg_t128x64k32g42s32_texture3d_texture2d_half,2048,2048,8192,6.8663,10.008
780m,1b,8da4w,parent,sarc_linear_dq8ca_coopmat_zpg_t128x64k32g42s32_texture3d_texture2d_half,2048,2048,2048,1.7538,9.796
780m,1b,8da4w,parent,sarc_linear_dq8ca_coopmat_zpg_t128x64k32g42s32_texture3d_texture2d_half,2048,512,2048,0.4562,9.415
780m,1b,8da4w,parent,sarc_linear_dq8ca_coopmat_zpg_t128x64k32g42s32_texture3d_texture2d_half,2048,512,2048,0.4579,9.38
780m,1b,8da4w,parent,sarc_linear_dq8ca_coopmat_zpg_t128x64k32g42s32_texture3d_texture2d_half,2048,2048,2048,1.7501,9.817
780m,1b,8da4w,parent,sarc_linear_dq8ca_coopmat_zpg_t128x64k32g42s32_texture3d_texture2d_half,2048,8192,2048,6.888,9.977
780m,1b,8da4w,parent,sarc_linear_dq8ca_coopmat_zpg_t128x64k32g42s32_texture3d_texture2d_half,2048,8192,2048,6.8823,9.985
780m,1b,8da4w,parent,sarc_linear_dq8ca_coopmat_zpg_t128x64k32g42s32_texture3d_texture2d_half,2048,2048,8192,6.8782,9.991
780m,1b,8da4w,parent,sarc_linear_dq8ca_coopmat_zpg_t128x64k32g42s32_texture3d_texture2d_half,2048,2048,2048,1.7509,9.812
780m,1b,8da4w,parent,sarc_linear_dq8ca_coopmat_zpg_t128x64k32g42s32_texture3d_texture2d_half,2048,512,2048,0.4507,9.53
780m,1b,8da4w,parent,sarc_linear_dq8ca_coopmat_zpg_t128x64k32g42s32_texture3d_texture2d_half,2048,512,2048,0.4557,9.425
780m,1b,8da4w,parent,sarc_linear_dq8ca_coopmat_zpg_t128x64k32g42s32_texture3d_texture2d_half,2048,2048,2048,1.7496,9.819
780m,1b,8da4w,parent,sarc_linear_dq8ca_coopmat_zpg_t128x64k32g42s32_texture3d_texture2d_half,2048,8192,2048,6.8892,9.975
780m,1b,8da4w,parent,sarc_linear_dq8ca_coopmat_zpg_t128x64k32g42s32_texture3d_texture2d_half,2048,8192,2048,6.8799,9.988
780m,1b,8da4w,parent,sarc_linear_dq8ca_coopmat_zpg_t128x64k32g42s32_texture3d_texture2d_half,2048,2048,8192,6.8553,10.024
780m,1b,8da4w,parent,sarc_linear_dq8ca_coopmat_zpg_t128x64k32g42s32_texture3d_texture2d_half,2048,2048,2048,1.7437,9.853
780m,1b,8da4w,parent,sarc_linear_dq8ca_coopmat_zpg_t128x64k32g42s32_texture3d_texture2d_half,2048,512,2048,0.4552,9.435
780m,1b,8da4w,parent,sarc_linear_dq8ca_coopmat_zpg_t128x64k32g42s32_texture3d_texture2d_half,2048,512,2048,0.4562,9.415
780m,1b,8da4w,parent,sarc_linear_dq8ca_coopmat_zpg_t128x64k32g42s32_texture3d_texture2d_half,2048,2048,2048,1.7478,9.83
780m,1b,8da4w,parent,sarc_linear_dq8ca_coopmat_zpg_t128x64k32g42s32_texture3d_texture2d_half,2048,8192,2048,6.8684,10.005
780m,1b,8da4w,parent,sarc_linear_dq8ca_coopmat_zpg_t128x64k32g42s32_texture3d_texture2d_half,2048,8192,2048,6.879,9.99
780m,1b,8da4w,parent,sarc_linear_dq8ca_coopmat_zpg_t128x64k32g42s32_texture3d_texture2d_half,2048,2048,8192,6.8646,10.011
780m,1b,8da4w,parent,sarc_linear_dq8ca_coopmat_zpg_t128x64k32g42s32_texture3d_texture2d_half,2048,2048,2048,1.7457,9.841
780m,1b,8da4w,parent,sarc_linear_dq8ca_coopmat_zpg_t128x64k32g42s32_texture3d_texture2d_half,2048,512,2048,0.454,9.459
780m,1b,8da4w,parent,sarc_linear_dq8ca_coopmat_zpg_t128x64k32g42s32_texture3d_texture2d_half,2048,512,2048,0.4568,9.403
780m,1b,8da4w,parent,sarc_linear_dq8ca_coopmat_zpg_t128x64k32g42s32_texture3d_texture2d_half,2048,2048,2048,1.75,9.817
780m,1b,8da4w,parent,sarc_linear_dq8ca_coopmat_zpg_t128x64k32g42s32_texture3d_texture2d_half,2048,8192,2048,6.8788,9.99
780m,1b,8da4w,parent,sarc_linear_dq8ca_coopmat_zpg_t128x64k32g42s32_texture3d_texture2d_half,2048,8192,2048,6.8785,9.99
780m,1b,8da4w,parent,sarc_linear_dq8ca_coopmat_zpg_t128x64k32g42s32_texture3d_texture2d_half,2048,2048,8192,6.8604,10.017
780m,3b,4w,cand,sarc_linear_q4gsw_coopmat_sweep_t128x256k32g42s32f32c_texture3d_texture2d_half,2048,3072,3072,3.56,10.858
780m,3b,4w,cand,sarc_linear_q4gsw_coopmat_sweep_t128x256k32g42s32f32c_texture3d_texture2d_half,2048,1024,3072,1.2252,10.517
780m,3b,4w,cand,sarc_linear_q4gsw_coopmat_sweep_t128x256k32g42s32f32c_texture3d_texture2d_half,2048,1024,3072,1.2323,10.456
780m,3b,4w,cand,sarc_linear_q4gsw_coopmat_sweep_t128x256k32g42s32f32c_texture3d_texture2d_half,2048,3072,3072,3.5138,11.001
780m,3b,4w,cand,sarc_linear_q4gsw_coopmat_sweep_t128x256k32g42s32f32c_texture3d_texture2d_half,2048,8192,3072,9.3888,10.979
780m,3b,4w,cand,sarc_linear_q4gsw_coopmat_sweep_t128x256k32g42s32f32c_texture3d_texture2d_half,2048,8192,3072,9.2989,11.085
780m,3b,4w,cand,sarc_linear_q4gsw_coopmat_sweep_t128x256k32g42s32f32c_texture3d_texture2d_half,2048,3072,8192,9.2963,11.088
780m,3b,4w,cand,sarc_linear_q4gsw_coopmat_sweep_t128x256k32g42s32f32c_texture3d_texture2d_half,2048,3072,3072,3.6522,10.584
780m,3b,4w,cand,sarc_linear_q4gsw_coopmat_sweep_t128x256k32g42s32f32c_texture3d_texture2d_half,2048,1024,3072,1.2726,10.125
780m,3b,4w,cand,sarc_linear_q4gsw_coopmat_sweep_t128x256k32g42s32f32c_texture3d_texture2d_half,2048,1024,3072,1.2753,10.104
780m,3b,4w,cand,sarc_linear_q4gsw_coopmat_sweep_t128x256k32g42s32f32c_texture3d_texture2d_half,2048,3072,3072,3.5203,10.98
780m,3b,4w,cand,sarc_linear_q4gsw_coopmat_sweep_t128x256k32g42s32f32c_texture3d_texture2d_half,2048,8192,3072,9.5118,10.837
780m,3b,4w,cand,sarc_linear_q4gsw_coopmat_sweep_t128x256k32g42s32f32c_texture3d_texture2d_half,2048,8192,3072,9.3704,11.001
780m,3b,4w,cand,sarc_linear_q4gsw_coopmat_sweep_t128x256k32g42s32f32c_texture3d_texture2d_half,2048,3072,8192,9.4241,10.938
780m,3b,4w,cand,sarc_linear_q4gsw_coopmat_sweep_t128x256k32g42s32f32c_texture3d_texture2d_half,2048,3072,3072,3.6481,10.596
780m,3b,4w,cand,sarc_linear_q4gsw_coopmat_sweep_t128x256k32g42s32f32c_texture3d_texture2d_half,2048,1024,3072,1.2763,10.096
780m,3b,4w,cand,sarc_linear_q4gsw_coopmat_sweep_t128x256k32g42s32f32c_texture3d_texture2d_half,2048,1024,3072,1.2818,10.053
780m,3b,4w,cand,sarc_linear_q4gsw_coopmat_sweep_t128x256k32g42s32f32c_texture3d_texture2d_half,2048,3072,3072,3.5469,10.898
780m,3b,4w,cand,sarc_linear_q4gsw_coopmat_sweep_t128x256k32g42s32f32c_texture3d_texture2d_half,2048,8192,3072,9.4587,10.898
780m,3b,4w,cand,sarc_linear_q4gsw_coopmat_sweep_t128x256k32g42s32f32c_texture3d_texture2d_half,2048,8192,3072,9.3373,11.039
780m,3b,4w,cand,sarc_linear_q4gsw_coopmat_sweep_t128x256k32g42s32f32c_texture3d_texture2d_half,2048,3072,8192,9.3208,11.059
780m,3b,4w,cand,sarc_linear_q4gsw_coopmat_sweep_t128x256k32g42s32f32c_texture3d_texture2d_half,2048,3072,3072,3.6236,10.667
780m,3b,4w,cand,sarc_linear_q4gsw_coopmat_sweep_t128x256k32g42s32f32c_texture3d_texture2d_half,2048,1024,3072,1.2772,10.088
780m,3b,4w,cand,sarc_linear_q4gsw_coopmat_sweep_t128x256k32g42s32f32c_texture3d_texture2d_half,2048,1024,3072,1.2834,10.039
780m,3b,4w,cand,sarc_linear_q4gsw_coopmat_sweep_t128x256k32g42s32f32c_texture3d_texture2d_half,2048,3072,3072,3.525,10.966
780m,3b,4w,cand,sarc_linear_q4gsw_coopmat_sweep_t128x256k32g42s32f32c_texture3d_texture2d_half,2048,8192,3072,9.5095,10.84
780m,3b,4w,cand,sarc_linear_q4gsw_coopmat_sweep_t128x256k32g42s32f32c_texture3d_texture2d_half,2048,8192,3072,9.3812,10.988
780m,3b,4w,cand,sarc_linear_q4gsw_coopmat_sweep_t128x256k32g42s32f32c_texture3d_texture2d_half,2048,3072,8192,9.3598,11.013
780m,3b,4w,cand,sarc_linear_q4gsw_coopmat_sweep_t128x256k32g42s32f32c_texture3d_texture2d_half,2048,3072,3072,3.6277,10.655
780m,3b,4w,cand,sarc_linear_q4gsw_coopmat_sweep_t128x256k32g42s32f32c_texture3d_texture2d_half,2048,1024,3072,1.2616,10.213
780m,3b,4w,cand,sarc_linear_q4gsw_coopmat_sweep_t128x256k32g42s32f32c_texture3d_texture2d_half,2048,1024,3072,1.2796,10.07
780m,3b,4w,cand,sarc_linear_q4gsw_coopmat_sweep_t128x256k32g42s32f32c_texture3d_texture2d_half,2048,3072,3072,3.5233,10.971
780m,3b,4w,cand,sarc_linear_q4gsw_coopmat_sweep_t128x256k32g42s32f32c_texture3d_texture2d_half,2048,8192,3072,9.436,10.924
780m,3b,4w,cand,sarc_linear_q4gsw_coopmat_sweep_t128x256k32g42s32f32c_texture3d_texture2d_half,2048,8192,3072,9.3883,10.98
780m,3b,4w,cand,sarc_linear_q4gsw_coopmat_sweep_t128x256k32g42s32f32c_texture3d_texture2d_half,2048,3072,8192,9.333,11.045
780m,3b,4w,cand,sarc_linear_q4gsw_coopmat_sweep_t128x256k32g42s32f32c_texture3d_texture2d_half,2048,3072,3072,3.6182,10.683
780m,3b,4w,cand,sarc_linear_q4gsw_coopmat_sweep_t128x256k32g42s32f32c_texture3d_texture2d_half,2048,1024,3072,1.2577,10.245
780m,3b,4w,cand,sarc_linear_q4gsw_coopmat_sweep_t128x256k32g42s32f32c_texture3d_texture2d_half,2048,1024,3072,1.2748,10.107
780m,3b,4w,cand,sarc_linear_q4gsw_coopmat_sweep_t128x256k32g42s32f32c_texture3d_texture2d_half,2048,3072,3072,3.5471,10.897
780m,3b,4w,cand,sarc_linear_q4gsw_coopmat_sweep_t128x256k32g42s32f32c_texture3d_texture2d_half,2048,8192,3072,9.4517,10.906
780m,3b,4w,cand,sarc_linear_q4gsw_coopmat_sweep_t128x256k32g42s32f32c_texture3d_texture2d_half,2048,8192,3072,9.3991,10.967
780m,3b,4w,cand,sarc_linear_q4gsw_coopmat_sweep_t128x256k32g42s32f32c_texture3d_texture2d_half,2048,3072,8192,9.3396,11.037
780m,3b,4w,cand,sarc_linear_q4gsw_coopmat_sweep_t128x256k32g42s32f32c_texture3d_texture2d_half,2048,3072,3072,3.662,10.556
780m,3b,4w,cand,sarc_linear_q4gsw_coopmat_sweep_t128x256k32g42s32f32c_texture3d_texture2d_half,2048,1024,3072,1.2817,10.053
780m,3b,4w,cand,sarc_linear_q4gsw_coopmat_sweep_t128x256k32g42s32f32c_texture3d_texture2d_half,2048,1024,3072,1.2814,10.055
780m,3b,4w,cand,sarc_linear_q4gsw_coopmat_sweep_t128x256k32g42s32f32c_texture3d_texture2d_half,2048,3072,3072,3.5384,10.924
780m,3b,4w,cand,sarc_linear_q4gsw_coopmat_sweep_t128x256k32g42s32f32c_texture3d_texture2d_half,2048,8192,3072,9.4086,10.956
780m,3b,4w,cand,sarc_linear_q4gsw_coopmat_sweep_t128x256k32g42s32f32c_texture3d_texture2d_half,2048,8192,3072,9.3767,10.993
780m,3b,4w,cand,sarc_linear_q4gsw_coopmat_sweep_t128x256k32g42s32f32c_texture3d_texture2d_half,2048,3072,8192,9.3146,11.066
780m,3b,4w,cand,sarc_linear_q4gsw_coopmat_sweep_t128x256k32g42s32f32c_texture3d_texture2d_half,2048,3072,3072,3.6527,10.582
780m,3b,4w,cand,sarc_linear_q4gsw_coopmat_sweep_t128x256k32g42s32f32c_texture3d_texture2d_half,2048,1024,3072,1.2758,10.1
780m,3b,4w,cand,sarc_linear_q4gsw_coopmat_sweep_t128x256k32g42s32f32c_texture3d_texture2d_half,2048,1024,3072,1.2746,10.109
780m,3b,4w,cand,sarc_linear_q4gsw_coopmat_sweep_t128x256k32g42s32f32c_texture3d_texture2d_half,2048,3072,3072,3.5118,11.007
780m,3b,4w,cand,sarc_linear_q4gsw_coopmat_sweep_t128x256k32g42s32f32c_texture3d_texture2d_half,2048,8192,3072,9.4178,10.945
780m,3b,4w,cand,sarc_linear_q4gsw_coopmat_sweep_t128x256k32g42s32f32c_texture3d_texture2d_half,2048,8192,3072,9.4654,10.89
780m,3b,4w,cand,sarc_linear_q4gsw_coopmat_sweep_t128x256k32g42s32f32c_texture3d_texture2d_half,2048,3072,8192,9.3354,11.042
780m,3b,4w,cand,sarc_linear_q4gsw_coopmat_sweep_t128x256k32g42s32f32c_texture3d_texture2d_half,2048,3072,3072,3.6346,10.635
780m,3b,4w,cand,sarc_linear_q4gsw_coopmat_sweep_t128x256k32g42s32f32c_texture3d_texture2d_half,2048,1024,3072,1.2752,10.105
780m,3b,4w,cand,sarc_linear_q4gsw_coopmat_sweep_t128x256k32g42s32f32c_texture3d_texture2d_half,2048,1024,3072,1.284,10.035
780m,3b,4w,cand,sarc_linear_q4gsw_coopmat_sweep_t128x256k32g42s32f32c_texture3d_texture2d_half,2048,3072,3072,3.5076,11.02
780m,3b,4w,cand,sarc_linear_q4gsw_coopmat_sweep_t128x256k32g42s32f32c_texture3d_texture2d_half,2048,8192,3072,9.4182,10.945
780m,3b,4w,cand,sarc_linear_q4gsw_coopmat_sweep_t128x256k32g42s32f32c_texture3d_texture2d_half,2048,8192,3072,9.3901,10.977
780m,3b,4w,cand,sarc_linear_q4gsw_coopmat_sweep_t128x256k32g42s32f32c_texture3d_texture2d_half,2048,3072,8192,9.3906,10.977
780m,3b,4w,cand,sarc_linear_q4gsw_coopmat_sweep_t128x256k32g42s32f32c_texture3d_texture2d_half,2048,3072,3072,3.6534,10.58
780m,3b,4w,cand,sarc_linear_q4gsw_coopmat_sweep_t128x256k32g42s32f32c_texture3d_texture2d_half,2048,1024,3072,1.2642,10.192
780m,3b,4w,cand,sarc_linear_q4gsw_coopmat_sweep_t128x256k32g42s32f32c_texture3d_texture2d_half,2048,1024,3072,1.2753,10.104
780m,3b,4w,cand,sarc_linear_q4gsw_coopmat_sweep_t128x256k32g42s32f32c_texture3d_texture2d_half,2048,3072,3072,3.5401,10.919
780m,3b,4w,cand,sarc_linear_q4gsw_coopmat_sweep_t128x256k32g42s32f32c_texture3d_texture2d_half,2048,8192,3072,9.4155,10.948
780m,3b,4w,cand,sarc_linear_q4gsw_coopmat_sweep_t128x256k32g42s32f32c_texture3d_texture2d_half,2048,8192,3072,9.3676,11.004
780m,3b,4w,cand,sarc_linear_q4gsw_coopmat_sweep_t128x256k32g42s32f32c_texture3d_texture2d_half,2048,3072,8192,9.3726,10.998
780m,3b,4w,cand,sarc_linear_q4gsw_coopmat_sweep_t128x256k32g42s32f32c_texture3d_texture2d_half,2048,3072,3072,3.6451,10.605
780m,3b,4w,cand,sarc_linear_q4gsw_coopmat_sweep_t128x256k32g42s32f32c_texture3d_texture2d_half,2048,1024,3072,1.2787,10.077
780m,3b,4w,cand,sarc_linear_q4gsw_coopmat_sweep_t128x256k32g42s32f32c_texture3d_texture2d_half,2048,1024,3072,1.2604,10.223
780m,3b,4w,cand,sarc_linear_q4gsw_coopmat_sweep_t128x256k32g42s32f32c_texture3d_texture2d_half,2048,3072,3072,3.5622,10.851
780m,3b,4w,cand,sarc_linear_q4gsw_coopmat_sweep_t128x256k32g42s32f32c_texture3d_texture2d_half,2048,8192,3072,9.4956,10.856
780m,3b,4w,cand,sarc_linear_q4gsw_coopmat_sweep_t128x256k32g42s32f32c_texture3d_texture2d_half,2048,8192,3072,9.3982,10.968
780m,3b,4w,cand,sarc_linear_q4gsw_coopmat_sweep_t128x256k32g42s32f32c_texture3d_texture2d_half,2048,3072,8192,9.3794,10.99
780m,3b,4w,cand,sarc_linear_q4gsw_coopmat_sweep_t128x256k32g42s32f32c_texture3d_texture2d_half,2048,3072,3072,3.6321,10.642
780m,3b,4w,cand,sarc_linear_q4gsw_coopmat_sweep_t128x256k32g42s32f32c_texture3d_texture2d_half,2048,1024,3072,1.265,10.186
780m,3b,4w,cand,sarc_linear_q4gsw_coopmat_sweep_t128x256k32g42s32f32c_texture3d_texture2d_half,2048,1024,3072,1.2887,9.999
780m,3b,4w,cand,sarc_linear_q4gsw_coopmat_sweep_t128x256k32g42s32f32c_texture3d_texture2d_half,2048,3072,3072,3.5532,10.879
780m,3b,4w,cand,sarc_linear_q4gsw_coopmat_sweep_t128x256k32g42s32f32c_texture3d_texture2d_half,2048,8192,3072,9.4031,10.962
780m,3b,4w,cand,sarc_linear_q4gsw_coopmat_sweep_t128x256k32g42s32f32c_texture3d_texture2d_half,2048,8192,3072,9.455,10.902
780m,3b,4w,cand,sarc_linear_q4gsw_coopmat_sweep_t128x256k32g42s32f32c_texture3d_texture2d_half,2048,3072,8192,9.3733,10.997
780m,3b,4w,cand,sarc_linear_q4gsw_coopmat_sweep_t128x256k32g42s32f32c_texture3d_texture2d_half,2048,3072,3072,3.6505,10.589
780m,3b,4w,cand,sarc_linear_q4gsw_coopmat_sweep_t128x256k32g42s32f32c_texture3d_texture2d_half,2048,1024,3072,1.2664,10.174
780m,3b,4w,cand,sarc_linear_q4gsw_coopmat_sweep_t128x256k32g42s32f32c_texture3d_texture2d_half,2048,1024,3072,1.269,10.153
780m,3b,4w,cand,sarc_linear_q4gsw_coopmat_sweep_t128x256k32g42s32f32c_texture3d_texture2d_half,2048,3072,3072,3.541,10.916
780m,3b,4w,cand,sarc_linear_q4gsw_coopmat_sweep_t128x256k32g42s32f32c_texture3d_texture2d_half,2048,8192,3072,9.4131,10.951
780m,3b,4w,cand,sarc_linear_q4gsw_coopmat_sweep_t128x256k32g42s32f32c_texture3d_texture2d_half,2048,8192,3072,9.3981,10.968
780m,3b,4w,cand,sarc_linear_q4gsw_coopmat_sweep_t128x256k32g42s32f32c_texture3d_texture2d_half,2048,3072,8192,9.3598,11.013
780m,3b,4w,cand,sarc_linear_q4gsw_coopmat_sweep_t128x256k32g42s32f32c_texture3d_texture2d_half,2048,3072,3072,3.669,10.536
780m,3b,4w,cand,sarc_linear_q4gsw_coopmat_sweep_t128x256k32g42s32f32c_texture3d_texture2d_half,2048,1024,3072,1.2791,10.074
780m,3b,4w,cand,sarc_linear_q4gsw_coopmat_sweep_t128x256k32g42s32f32c_texture3d_texture2d_half,2048,1024,3072,1.2854,10.024
780m,3b,4w,cand,sarc_linear_q4gsw_coopmat_sweep_t128x256k32g42s32f32c_texture3d_texture2d_half,2048,3072,3072,3.5049,11.029
780m,3b,4w,cand,sarc_linear_q4gsw_coopmat_sweep_t128x256k32g42s32f32c_texture3d_texture2d_half,2048,8192,3072,9.4194,10.943
780m,3b,4w,cand,sarc_linear_q4gsw_coopmat_sweep_t128x256k32g42s32f32c_texture3d_texture2d_half,2048,8192,3072,9.3866,10.982
780m,3b,4w,cand,sarc_linear_q4gsw_coopmat_sweep_t128x256k32g42s32f32c_texture3d_texture2d_half,2048,3072,8192,9.375,10.995
780m,3b,4w,cand,sarc_linear_q4gsw_coopmat_sweep_t128x256k32g42s32f32c_texture3d_texture2d_half,2048,3072,3072,3.6172,10.686
780m,3b,4w,cand,sarc_linear_q4gsw_coopmat_sweep_t128x256k32g42s32f32c_texture3d_texture2d_half,2048,1024,3072,1.2733,10.119
780m,3b,4w,cand,sarc_linear_q4gsw_coopmat_sweep_t128x256k32g42s32f32c_texture3d_texture2d_half,2048,1024,3072,1.2728,10.123
780m,3b,4w,cand,sarc_linear_q4gsw_coopmat_sweep_t128x256k32g42s32f32c_texture3d_texture2d_half,2048,3072,3072,3.5268,10.96
780m,3b,4w,cand,sarc_linear_q4gsw_coopmat_sweep_t128x256k32g42s32f32c_texture3d_texture2d_half,2048,8192,3072,9.4558,10.901
780m,3b,4w,cand,sarc_linear_q4gsw_coopmat_sweep_t128x256k32g42s32f32c_texture3d_texture2d_half,2048,8192,3072,9.4384,10.921
780m,3b,4w,cand,sarc_linear_q4gsw_coopmat_sweep_t128x256k32g42s32f32c_texture3d_texture2d_half,2048,3072,8192,9.3522,11.022
780m,3b,4w,cand,sarc_linear_q4gsw_coopmat_sweep_t128x256k32g42s32f32c_texture3d_texture2d_half,2048,3072,3072,3.6534,10.58
780m,3b,4w,cand,sarc_linear_q4gsw_coopmat_sweep_t128x256k32g42s32f32c_texture3d_texture2d_half,2048,1024,3072,1.2706,10.141
780m,3b,4w,cand,sarc_linear_q4gsw_coopmat_sweep_t128x256k32g42s32f32c_texture3d_texture2d_half,2048,1024,3072,1.2793,10.072
780m,3b,4w,cand,sarc_linear_q4gsw_coopmat_sweep_t128x256k32g42s32f32c_texture3d_texture2d_half,2048,3072,3072,3.5552,10.873
780m,3b,4w,cand,sarc_linear_q4gsw_coopmat_sweep_t128x256k32g42s32f32c_texture3d_texture2d_half,2048,8192,3072,9.4284,10.933
780m,3b,4w,cand,sarc_linear_q4gsw_coopmat_sweep_t128x256k32g42s32f32c_texture3d_texture2d_half,2048,8192,3072,9.4434,10.915
780m,3b,4w,cand,sarc_linear_q4gsw_coopmat_sweep_t128x256k32g42s32f32c_texture3d_texture2d_half,2048,3072,8192,9.3576,11.016
780m,3b,4w,cand,sarc_linear_q4gsw_coopmat_sweep_t128x256k32g42s32f32c_texture3d_texture2d_half,2048,3072,3072,3.6642,10.549
780m,3b,4w,cand,sarc_linear_q4gsw_coopmat_sweep_t128x256k32g42s32f32c_texture3d_texture2d_half,2048,1024,3072,1.2778,10.084
780m,3b,4w,cand,sarc_linear_q4gsw_coopmat_sweep_t128x256k32g42s32f32c_texture3d_texture2d_half,2048,1024,3072,1.2884,10.001
780m,3b,4w,cand,sarc_linear_q4gsw_coopmat_sweep_t128x256k32g42s32f32c_texture3d_texture2d_half,2048,3072,3072,3.544,10.907
780m,3b,4w,cand,sarc_linear_q4gsw_coopmat_sweep_t128x256k32g42s32f32c_texture3d_texture2d_half,2048,8192,3072,9.4381,10.922
780m,3b,4w,cand,sarc_linear_q4gsw_coopmat_sweep_t128x256k32g42s32f32c_texture3d_texture2d_half,2048,8192,3072,9.3948,10.972
780m,3b,4w,cand,sarc_linear_q4gsw_coopmat_sweep_t128x256k32g42s32f32c_texture3d_texture2d_half,2048,3072,8192,9.405,10.96
780m,3b,4w,cand,sarc_linear_q4gsw_coopmat_sweep_t128x256k32g42s32f32c_texture3d_texture2d_half,2048,3072,3072,3.6551,10.575
780m,3b,4w,cand,sarc_linear_q4gsw_coopmat_sweep_t128x256k32g42s32f32c_texture3d_texture2d_half,2048,1024,3072,1.2827,10.045
780m,3b,4w,cand,sarc_linear_q4gsw_coopmat_sweep_t128x256k32g42s32f32c_texture3d_texture2d_half,2048,1024,3072,1.2828,10.045
780m,3b,4w,cand,sarc_linear_q4gsw_coopmat_sweep_t128x256k32g42s32f32c_texture3d_texture2d_half,2048,3072,3072,3.5286,10.955
780m,3b,4w,cand,sarc_linear_q4gsw_coopmat_sweep_t128x256k32g42s32f32c_texture3d_texture2d_half,2048,8192,3072,9.3896,10.978
780m,3b,4w,cand,sarc_linear_q4gsw_coopmat_sweep_t128x256k32g42s32f32c_texture3d_texture2d_half,2048,8192,3072,9.4812,10.872
780m,3b,4w,cand,sarc_linear_q4gsw_coopmat_sweep_t128x256k32g42s32f32c_texture3d_texture2d_half,2048,3072,8192,9.3664,11.005
780m,3b,4w,cand,sarc_linear_q4gsw_coopmat_sweep_t128x256k32g42s32f32c_texture3d_texture2d_half,2048,3072,3072,3.6424,10.612
780m,3b,4w,cand,sarc_linear_q4gsw_coopmat_sweep_t128x256k32g42s32f32c_texture3d_texture2d_half,2048,1024,3072,1.2634,10.199
780m,3b,4w,cand,sarc_linear_q4gsw_coopmat_sweep_t128x256k32g42s32f32c_texture3d_texture2d_half,2048,1024,3072,1.2766,10.093
780m,3b,4w,cand,sarc_linear_q4gsw_coopmat_sweep_t128x256k32g42s32f32c_texture3d_texture2d_half,2048,3072,3072,3.5626,10.85
780m,3b,4w,cand,sarc_linear_q4gsw_coopmat_sweep_t128x256k32g42s32f32c_texture3d_texture2d_half,2048,8192,3072,9.3984,10.968
780m,3b,4w,cand,sarc_linear_q4gsw_coopmat_sweep_t128x256k32g42s32f32c_texture3d_texture2d_half,2048,8192,3072,9.415,10.948
780m,3b,4w,cand,sarc_linear_q4gsw_coopmat_sweep_t128x256k32g42s32f32c_texture3d_texture2d_half,2048,3072,8192,9.4232,10.939
780m,3b,4w,cand,sarc_linear_q4gsw_coopmat_sweep_t128x256k32g42s32f32c_texture3d_texture2d_half,2048,3072,3072,3.6676,10.54
780m,3b,4w,cand,sarc_linear_q4gsw_coopmat_sweep_t128x256k32g42s32f32c_texture3d_texture2d_half,2048,1024,3072,1.2689,10.154
780m,3b,4w,cand,sarc_linear_q4gsw_coopmat_sweep_t128x256k32g42s32f32c_texture3d_texture2d_half,2048,1024,3072,1.2683,10.159
780m,3b,4w,cand,sarc_linear_q4gsw_coopmat_sweep_t128x256k32g42s32f32c_texture3d_texture2d_half,2048,3072,3072,3.5376,10.927
780m,3b,4w,cand,sarc_linear_q4gsw_coopmat_sweep_t128x256k32g42s32f32c_texture3d_texture2d_half,2048,8192,3072,9.4926,10.859
780m,3b,4w,cand,sarc_linear_q4gsw_coopmat_sweep_t128x256k32g42s32f32c_texture3d_texture2d_half,2048,8192,3072,9.4066,10.958
780m,3b,4w,cand,sarc_linear_q4gsw_coopmat_sweep_t128x256k32g42s32f32c_texture3d_texture2d_half,2048,3072,8192,9.3688,11.002
780m,3b,4w,cand,sarc_linear_q4gsw_coopmat_sweep_t128x256k32g42s32f32c_texture3d_texture2d_half,2048,3072,3072,3.6496,10.591
780m,3b,4w,cand,sarc_linear_q4gsw_coopmat_sweep_t128x256k32g42s32f32c_texture3d_texture2d_half,2048,1024,3072,1.2852,10.025
780m,3b,4w,cand,sarc_linear_q4gsw_coopmat_sweep_t128x256k32g42s32f32c_texture3d_texture2d_half,2048,1024,3072,1.2874,10.009
780m,3b,4w,cand,sarc_linear_q4gsw_coopmat_sweep_t128x256k32g42s32f32c_texture3d_texture2d_half,2048,3072,3072,3.554,10.877
780m,3b,4w,cand,sarc_linear_q4gsw_coopmat_sweep_t128x256k32g42s32f32c_texture3d_texture2d_half,2048,8192,3072,9.4354,10.925
780m,3b,4w,cand,sarc_linear_q4gsw_coopmat_sweep_t128x256k32g42s32f32c_texture3d_texture2d_half,2048,8192,3072,9.461,10.895
780m,3b,4w,cand,sarc_linear_q4gsw_coopmat_sweep_t128x256k32g42s32f32c_texture3d_texture2d_half,2048,3072,8192,9.4205,10.942
780m,3b,4w,cand,sarc_linear_q4gsw_coopmat_sweep_t128x256k32g42s32f32c_texture3d_texture2d_half,2048,3072,3072,3.6516,10.586
780m,3b,4w,cand,sarc_linear_q4gsw_coopmat_sweep_t128x256k32g42s32f32c_texture3d_texture2d_half,2048,1024,3072,1.2752,10.104
780m,3b,4w,cand,sarc_linear_q4gsw_coopmat_sweep_t128x256k32g42s32f32c_texture3d_texture2d_half,2048,1024,3072,1.2818,10.053
780m,3b,4w,cand,sarc_linear_q4gsw_coopmat_sweep_t128x256k32g42s32f32c_texture3d_texture2d_half,2048,3072,3072,3.5297,10.951
780m,3b,4w,cand,sarc_linear_q4gsw_coopmat_sweep_t128x256k32g42s32f32c_texture3d_texture2d_half,2048,8192,3072,9.4257,10.936
780m,3b,4w,cand,sarc_linear_q4gsw_coopmat_sweep_t128x256k32g42s32f32c_texture3d_texture2d_half,2048,8192,3072,9.4085,10.956
780m,3b,4w,cand,sarc_linear_q4gsw_coopmat_sweep_t128x256k32g42s32f32c_texture3d_texture2d_half,2048,3072,8192,9.386,10.982
780m,3b,4w,cand,sarc_linear_q4gsw_coopmat_sweep_t128x256k32g42s32f32c_texture3d_texture2d_half,2048,3072,3072,3.6489,10.593
780m,3b,4w,cand,sarc_linear_q4gsw_coopmat_sweep_t128x256k32g42s32f32c_texture3d_texture2d_half,2048,1024,3072,1.2682,10.16
780m,3b,4w,cand,sarc_linear_q4gsw_coopmat_sweep_t128x256k32g42s32f32c_texture3d_texture2d_half,2048,1024,3072,1.285,10.027
780m,3b,4w,cand,sarc_linear_q4gsw_coopmat_sweep_t128x256k32g42s32f32c_texture3d_texture2d_half,2048,3072,3072,3.4958,11.057
780m,3b,4w,cand,sarc_linear_q4gsw_coopmat_sweep_t128x256k32g42s32f32c_texture3d_texture2d_half,2048,8192,3072,9.4296,10.931
780m,3b,4w,cand,sarc_linear_q4gsw_coopmat_sweep_t128x256k32g42s32f32c_texture3d_texture2d_half,2048,8192,3072,9.3997,10.966
780m,3b,4w,cand,sarc_linear_q4gsw_coopmat_sweep_t128x256k32g42s32f32c_texture3d_texture2d_half,2048,3072,8192,9.3833,10.985
780m,3b,4w,cand,sarc_linear_q4gsw_coopmat_sweep_t128x256k32g42s32f32c_texture3d_texture2d_half,2048,3072,3072,3.6267,10.658
780m,3b,4w,cand,sarc_linear_q4gsw_coopmat_sweep_t128x256k32g42s32f32c_texture3d_texture2d_half,2048,1024,3072,1.2651,10.185
780m,3b,4w,cand,sarc_linear_q4gsw_coopmat_sweep_t128x256k32g42s32f32c_texture3d_texture2d_half,2048,1024,3072,1.2824,10.048
780m,3b,4w,cand,sarc_linear_q4gsw_coopmat_sweep_t128x256k32g42s32f32c_texture3d_texture2d_half,2048,3072,3072,3.536,10.932
780m,3b,4w,cand,sarc_linear_q4gsw_coopmat_sweep_t128x256k32g42s32f32c_texture3d_texture2d_half,2048,8192,3072,9.371,11.0
780m,3b,4w,cand,sarc_linear_q4gsw_coopmat_sweep_t128x256k32g42s32f32c_texture3d_texture2d_half,2048,8192,3072,9.4554,10.902
780m,3b,4w,cand,sarc_linear_q4gsw_coopmat_sweep_t128x256k32g42s32f32c_texture3d_texture2d_half,2048,3072,8192,9.3896,10.978
780m,3b,4w,cand,sarc_linear_q4gsw_coopmat_sweep_t128x256k32g42s32f32c_texture3d_texture2d_half,2048,3072,3072,3.6595,10.563
780m,3b,4w,cand,sarc_linear_q4gsw_coopmat_sweep_t128x256k32g42s32f32c_texture3d_texture2d_half,2048,1024,3072,1.2786,10.077
780m,3b,4w,cand,sarc_linear_q4gsw_coopmat_sweep_t128x256k32g42s32f32c_texture3d_texture2d_half,2048,1024,3072,1.285,10.027
780m,3b,4w,cand,sarc_linear_q4gsw_coopmat_sweep_t128x256k32g42s32f32c_texture3d_texture2d_half,2048,3072,3072,3.538,10.925
780m,3b,4w,cand,sarc_linear_q4gsw_coopmat_sweep_t128x256k32g42s32f32c_texture3d_texture2d_half,2048,8192,3072,9.4905,10.861
780m,3b,4w,cand,sarc_linear_q4gsw_coopmat_sweep_t128x256k32g42s32f32c_texture3d_texture2d_half,2048,8192,3072,9.468,10.887
780m,3b,4w,cand,sarc_linear_q4gsw_coopmat_sweep_t128x256k32g42s32f32c_texture3d_texture2d_half,2048,3072,8192,9.4142,10.949
780m,3b,4w,cand,sarc_linear_q4gsw_coopmat_sweep_t128x256k32g42s32f32c_texture3d_texture2d_half,2048,3072,3072,3.6151,10.693
780m,3b,4w,cand,sarc_linear_q4gsw_coopmat_sweep_t128x256k32g42s32f32c_texture3d_texture2d_half,2048,1024,3072,1.2537,10.277
780m,3b,4w,cand,sarc_linear_q4gsw_coopmat_sweep_t128x256k32g42s32f32c_texture3d_texture2d_half,2048,1024,3072,1.278,10.082
780m,3b,4w,cand,sarc_linear_q4gsw_coopmat_sweep_t128x256k32g42s32f32c_texture3d_texture2d_half,2048,3072,3072,3.4937,11.064
780m,3b,4w,cand,sarc_linear_q4gsw_coopmat_sweep_t128x256k32g42s32f32c_texture3d_texture2d_half,2048,8192,3072,9.5128,10.836
780m,3b,4w,cand,sarc_linear_q4gsw_coopmat_sweep_t128x256k32g42s32f32c_texture3d_texture2d_half,2048,8192,3072,9.4003,10.966
780m,3b,4w,cand,sarc_linear_q4gsw_coopmat_sweep_t128x256k32g42s32f32c_texture3d_texture2d_half,2048,3072,8192,9.3936,10.973
780m,3b,4w,cand,sarc_linear_q4gsw_coopmat_sweep_t128x256k32g42s32f32c_texture3d_texture2d_half,2048,3072,3072,3.6388,10.623
780m,3b,4w,cand,sarc_linear_q4gsw_coopmat_sweep_t128x256k32g42s32f32c_texture3d_texture2d_half,2048,1024,3072,1.2784,10.079
780m,3b,4w,cand,sarc_linear_q4gsw_coopmat_sweep_t128x256k32g42s32f32c_texture3d_texture2d_half,2048,1024,3072,1.279,10.074
780m,3b,4w,cand,sarc_linear_q4gsw_coopmat_sweep_t128x256k32g42s32f32c_texture3d_texture2d_half,2048,3072,3072,3.5519,10.883
780m,3b,4w,cand,sarc_linear_q4gsw_coopmat_sweep_t128x256k32g42s32f32c_texture3d_texture2d_half,2048,8192,3072,9.3634,11.009
780m,3b,4w,cand,sarc_linear_q4gsw_coopmat_sweep_t128x256k32g42s32f32c_texture3d_texture2d_half,2048,8192,3072,9.4156,10.948
780m,3b,4w,cand,sarc_linear_q4gsw_coopmat_sweep_t128x256k32g42s32f32c_texture3d_texture2d_half,2048,3072,8192,9.4087,10.956
780m,3b,4w,cand,sarc_linear_q4gsw_coopmat_sweep_t128x256k32g42s32f32c_texture3d_texture2d_half,2048,3072,3072,3.6368,10.629
780m,3b,4w,cand,sarc_linear_q4gsw_coopmat_sweep_t128x256k32g42s32f32c_texture3d_texture2d_half,2048,1024,3072,1.2948,9.952
780m,3b,4w,cand,sarc_linear_q4gsw_coopmat_sweep_t128x256k32g42s32f32c_texture3d_texture2d_half,2048,1024,3072,1.2812,10.057
780m,3b,4w,cand,sarc_linear_q4gsw_coopmat_sweep_t128x256k32g42s32f32c_texture3d_texture2d_half,2048,3072,3072,3.5437,10.908
780m,3b,4w,cand,sarc_linear_q4gsw_coopmat_sweep_t128x256k32g42s32f32c_texture3d_texture2d_half,2048,8192,3072,9.4625,10.893
780m,3b,4w,cand,sarc_linear_q4gsw_coopmat_sweep_t128x256k32g42s32f32c_texture3d_texture2d_half,2048,8192,3072,9.469,10.886
780m,3b,4w,cand,sarc_linear_q4gsw_coopmat_sweep_t128x256k32g42s32f32c_texture3d_texture2d_half,2048,3072,8192,9.451,10.907
780m,3b,4w,parent,sarc_linear_q4gsw_coopmat_t128x128k32g42s32f32c_texture3d_texture2d_half,2048,3072,3072,3.5847,10.783
780m,3b,4w,parent,sarc_linear_q4gsw_coopmat_t128x128k32g42s32f32c_texture3d_texture2d_half,2048,1024,3072,1.2484,10.321
780m,3b,4w,parent,sarc_linear_q4gsw_coopmat_t128x128k32g42s32f32c_texture3d_texture2d_half,2048,1024,3072,1.2555,10.263
780m,3b,4w,parent,sarc_linear_q4gsw_coopmat_t128x128k32g42s32f32c_texture3d_texture2d_half,2048,3072,3072,3.5806,10.796
780m,3b,4w,parent,sarc_linear_q4gsw_coopmat_t128x128k32g42s32f32c_texture3d_texture2d_half,2048,8192,3072,9.565,10.777
780m,3b,4w,parent,sarc_linear_q4gsw_coopmat_t128x128k32g42s32f32c_texture3d_texture2d_half,2048,8192,3072,9.4817,10.871
780m,3b,4w,parent,sarc_linear_q4gsw_coopmat_t128x128k32g42s32f32c_texture3d_texture2d_half,2048,3072,8192,9.5952,10.743
780m,3b,4w,parent,sarc_linear_q4gsw_coopmat_t128x128k32g42s32f32c_texture3d_texture2d_half,2048,3072,3072,3.593,10.758
780m,3b,4w,parent,sarc_linear_q4gsw_coopmat_t128x128k32g42s32f32c_texture3d_texture2d_half,2048,1024,3072,1.285,10.027
780m,3b,4w,parent,sarc_linear_q4gsw_coopmat_t128x128k32g42s32f32c_texture3d_texture2d_half,2048,1024,3072,1.273,10.122
780m,3b,4w,parent,sarc_linear_q4gsw_coopmat_t128x128k32g42s32f32c_texture3d_texture2d_half,2048,3072,3072,3.576,10.809
780m,3b,4w,parent,sarc_linear_q4gsw_coopmat_t128x128k32g42s32f32c_texture3d_texture2d_half,2048,8192,3072,9.6211,10.714
780m,3b,4w,parent,sarc_linear_q4gsw_coopmat_t128x128k32g42s32f32c_texture3d_texture2d_half,2048,8192,3072,9.5269,10.82
780m,3b,4w,parent,sarc_linear_q4gsw_coopmat_t128x128k32g42s32f32c_texture3d_texture2d_half,2048,3072,8192,9.623,10.712
780m,3b,4w,parent,sarc_linear_q4gsw_coopmat_t128x128k32g42s32f32c_texture3d_texture2d_half,2048,3072,3072,3.5956,10.751
780m,3b,4w,parent,sarc_linear_q4gsw_coopmat_t128x128k32g42s32f32c_texture3d_texture2d_half,2048,1024,3072,1.2747,10.108
780m,3b,4w,parent,sarc_linear_q4gsw_coopmat_t128x128k32g42s32f32c_texture3d_texture2d_half,2048,1024,3072,1.2528,10.285
780m,3b,4w,parent,sarc_linear_q4gsw_coopmat_t128x128k32g42s32f32c_texture3d_texture2d_half,2048,3072,3072,3.5734,10.817
780m,3b,4w,parent,sarc_linear_q4gsw_coopmat_t128x128k32g42s32f32c_texture3d_texture2d_half,2048,8192,3072,9.5906,10.748
780m,3b,4w,parent,sarc_linear_q4gsw_coopmat_t128x128k32g42s32f32c_texture3d_texture2d_half,2048,8192,3072,9.511,10.838
780m,3b,4w,parent,sarc_linear_q4gsw_coopmat_t128x128k32g42s32f32c_texture3d_texture2d_half,2048,3072,8192,9.589,10.75
780m,3b,4w,parent,sarc_linear_q4gsw_coopmat_t128x128k32g42s32f32c_texture3d_texture2d_half,2048,3072,3072,3.5893,10.769
780m,3b,4w,parent,sarc_linear_q4gsw_coopmat_t128x128k32g42s32f32c_texture3d_texture2d_half,2048,1024,3072,1.2788,10.076
780m,3b,4w,parent,sarc_linear_q4gsw_coopmat_t128x128k32g42s32f32c_texture3d_texture2d_half,2048,1024,3072,1.2723,10.127
780m,3b,4w,parent,sarc_linear_q4gsw_coopmat_t128x128k32g42s32f32c_texture3d_texture2d_half,2048,3072,3072,3.5731,10.818
780m,3b,4w,parent,sarc_linear_q4gsw_coopmat_t128x128k32g42s32f32c_texture3d_texture2d_half,2048,8192,3072,9.5951,10.743
780m,3b,4w,parent,sarc_linear_q4gsw_coopmat_t128x128k32g42s32f32c_texture3d_texture2d_half,2048,8192,3072,9.5128,10.836
780m,3b,4w,parent,sarc_linear_q4gsw_coopmat_t128x128k32g42s32f32c_texture3d_texture2d_half,2048,3072,8192,9.5395,10.805
780m,3b,4w,parent,sarc_linear_q4gsw_coopmat_t128x128k32g42s32f32c_texture3d_texture2d_half,2048,3072,3072,3.6012,10.734
780m,3b,4w,parent,sarc_linear_q4gsw_coopmat_t128x128k32g42s32f32c_texture3d_texture2d_half,2048,1024,3072,1.2858,10.021
780m,3b,4w,parent,sarc_linear_q4gsw_coopmat_t128x128k32g42s32f32c_texture3d_texture2d_half,2048,1024,3072,1.2973,9.932
780m,3b,4w,parent,sarc_linear_q4gsw_coopmat_t128x128k32g42s32f32c_texture3d_texture2d_half,2048,3072,3072,3.5838,10.786
780m,3b,4w,parent,sarc_linear_q4gsw_coopmat_t128x128k32g42s32f32c_texture3d_texture2d_half,2048,8192,3072,9.6159,10.72
780m,3b,4w,parent,sarc_linear_q4gsw_coopmat_t128x128k32g42s32f32c_texture3d_texture2d_half,2048,8192,3072,9.5226,10.825
780m,3b,4w,parent,sarc_linear_q4gsw_coopmat_t128x128k32g42s32f32c_texture3d_texture2d_half,2048,3072,8192,9.7396,10.584
780m,3b,4w,parent,sarc_linear_q4gsw_coopmat_t128x128k32g42s32f32c_texture3d_texture2d_half,2048,3072,3072,3.5864,10.778
780m,3b,4w,parent,sarc_linear_q4gsw_coopmat_t128x128k32g42s32f32c_texture3d_texture2d_half,2048,1024,3072,1.278,10.082
780m,3b,4w,parent,sarc_linear_q4gsw_coopmat_t128x128k32g42s32f32c_texture3d_texture2d_half,2048,1024,3072,1.2658,10.179
780m,3b,4w,parent,sarc_linear_q4gsw_coopmat_t128x128k32g42s32f32c_texture3d_texture2d_half,2048,3072,3072,3.5681,10.833
780m,3b,4w,parent,sarc_linear_q4gsw_coopmat_t128x128k32g42s32f32c_texture3d_texture2d_half,2048,8192,3072,9.5993,10.738
780m,3b,4w,parent,sarc_linear_q4gsw_coopmat_t128x128k32g42s32f32c_texture3d_texture2d_half,2048,8192,3072,9.5304,10.816
780m,3b,4w,parent,sarc_linear_q4gsw_coopmat_t128x128k32g42s32f32c_texture3d_texture2d_half,2048,3072,8192,9.578,10.762
780m,3b,4w,parent,sarc_linear_q4gsw_coopmat_t128x128k32g42s32f32c_texture3d_texture2d_half,2048,3072,3072,3.5827,10.789
780m,3b,4w,parent,sarc_linear_q4gsw_coopmat_t128x128k32g42s32f32c_texture3d_texture2d_half,2048,1024,3072,1.2816,10.054
780m,3b,4w,parent,sarc_linear_q4gsw_coopmat_t128x128k32g42s32f32c_texture3d_texture2d_half,2048,1024,3072,1.268,10.162
780m,3b,4w,parent,sarc_linear_q4gsw_coopmat_t128x128k32g42s32f32c_texture3d_texture2d_half,2048,3072,3072,3.5805,10.796
780m,3b,4w,parent,sarc_linear_q4gsw_coopmat_t128x128k32g42s32f32c_texture3d_texture2d_half,2048,8192,3072,9.5957,10.742
780m,3b,4w,parent,sarc_linear_q4gsw_coopmat_t128x128k32g42s32f32c_texture3d_texture2d_half,2048,8192,3072,9.5702,10.771
780m,3b,4w,parent,sarc_linear_q4gsw_coopmat_t128x128k32g42s32f32c_texture3d_texture2d_half,2048,3072,8192,9.7012,10.625
780m,3b,4w,parent,sarc_linear_q4gsw_coopmat_t128x128k32g42s32f32c_texture3d_texture2d_half,2048,3072,3072,3.587,10.776
780m,3b,4w,parent,sarc_linear_q4gsw_coopmat_t128x128k32g42s32f32c_texture3d_texture2d_half,2048,1024,3072,1.292,9.973
780m,3b,4w,parent,sarc_linear_q4gsw_coopmat_t128x128k32g42s32f32c_texture3d_texture2d_half,2048,1024,3072,1.2862,10.018
780m,3b,4w,parent,sarc_linear_q4gsw_coopmat_t128x128k32g42s32f32c_texture3d_texture2d_half,2048,3072,3072,3.5752,10.812
780m,3b,4w,parent,sarc_linear_q4gsw_coopmat_t128x128k32g42s32f32c_texture3d_texture2d_half,2048,8192,3072,9.5975,10.74
780m,3b,4w,parent,sarc_linear_q4gsw_coopmat_t128x128k32g42s32f32c_texture3d_texture2d_half,2048,8192,3072,9.5236,10.824
780m,3b,4w,parent,sarc_linear_q4gsw_coopmat_t128x128k32g42s32f32c_texture3d_texture2d_half,2048,3072,8192,9.5897,10.749
780m,3b,4w,parent,sarc_linear_q4gsw_coopmat_t128x128k32g42s32f32c_texture3d_texture2d_half,2048,3072,3072,3.5912,10.764
780m,3b,4w,parent,sarc_linear_q4gsw_coopmat_t128x128k32g42s32f32c_texture3d_texture2d_half,2048,1024,3072,1.2693,10.151
780m,3b,4w,parent,sarc_linear_q4gsw_coopmat_t128x128k32g42s32f32c_texture3d_texture2d_half,2048,1024,3072,1.283,10.042
780m,3b,4w,parent,sarc_linear_q4gsw_coopmat_t128x128k32g42s32f32c_texture3d_texture2d_half,2048,3072,3072,3.5752,10.812
780m,3b,4w,parent,sarc_linear_q4gsw_coopmat_t128x128k32g42s32f32c_texture3d_texture2d_half,2048,8192,3072,9.5888,10.75
780m,3b,4w,parent,sarc_linear_q4gsw_coopmat_t128x128k32g42s32f32c_texture3d_texture2d_half,2048,8192,3072,9.4802,10.873
780m,3b,4w,parent,sarc_linear_q4gsw_coopmat_t128x128k32g42s32f32c_texture3d_texture2d_half,2048,3072,8192,9.5683,10.773
780m,3b,4w,parent,sarc_linear_q4gsw_coopmat_t128x128k32g42s32f32c_texture3d_texture2d_half,2048,3072,3072,3.5803,10.796
780m,3b,4w,parent,sarc_linear_q4gsw_coopmat_t128x128k32g42s32f32c_texture3d_texture2d_half,2048,1024,3072,1.2665,10.174
780m,3b,4w,parent,sarc_linear_q4gsw_coopmat_t128x128k32g42s32f32c_texture3d_texture2d_half,2048,1024,3072,1.2836,10.038
780m,3b,4w,parent,sarc_linear_q4gsw_coopmat_t128x128k32g42s32f32c_texture3d_texture2d_half,2048,3072,3072,3.5745,10.814
780m,3b,4w,parent,sarc_linear_q4gsw_coopmat_t128x128k32g42s32f32c_texture3d_texture2d_half,2048,8192,3072,9.5893,10.749
780m,3b,4w,parent,sarc_linear_q4gsw_coopmat_t128x128k32g42s32f32c_texture3d_texture2d_half,2048,8192,3072,9.5149,10.833
780m,3b,4w,parent,sarc_linear_q4gsw_coopmat_t128x128k32g42s32f32c_texture3d_texture2d_half,2048,3072,8192,9.5433,10.801
780m,3b,4w,parent,sarc_linear_q4gsw_coopmat_t128x128k32g42s32f32c_texture3d_texture2d_half,2048,3072,3072,3.5896,10.769
780m,3b,4w,parent,sarc_linear_q4gsw_coopmat_t128x128k32g42s32f32c_texture3d_texture2d_half,2048,1024,3072,1.2804,10.063
780m,3b,4w,parent,sarc_linear_q4gsw_coopmat_t128x128k32g42s32f32c_texture3d_texture2d_half,2048,1024,3072,1.2582,10.241
780m,3b,4w,parent,sarc_linear_q4gsw_coopmat_t128x128k32g42s32f32c_texture3d_texture2d_half,2048,3072,3072,3.5799,10.798
780m,3b,4w,parent,sarc_linear_q4gsw_coopmat_t128x128k32g42s32f32c_texture3d_texture2d_half,2048,8192,3072,9.629,10.705
780m,3b,4w,parent,sarc_linear_q4gsw_coopmat_t128x128k32g42s32f32c_texture3d_texture2d_half,2048,8192,3072,9.5396,10.805
780m,3b,4w,parent,sarc_linear_q4gsw_coopmat_t128x128k32g42s32f32c_texture3d_texture2d_half,2048,3072,8192,9.5769,10.763
780m,3b,4w,parent,sarc_linear_q4gsw_coopmat_t128x128k32g42s32f32c_texture3d_texture2d_half,2048,3072,3072,3.5864,10.778
780m,3b,4w,parent,sarc_linear_q4gsw_coopmat_t128x128k32g42s32f32c_texture3d_texture2d_half,2048,1024,3072,1.2659,10.179
780m,3b,4w,parent,sarc_linear_q4gsw_coopmat_t128x128k32g42s32f32c_texture3d_texture2d_half,2048,1024,3072,1.2659,10.178
780m,3b,4w,parent,sarc_linear_q4gsw_coopmat_t128x128k32g42s32f32c_texture3d_texture2d_half,2048,3072,3072,3.573,10.819
780m,3b,4w,parent,sarc_linear_q4gsw_coopmat_t128x128k32g42s32f32c_texture3d_texture2d_half,2048,8192,3072,9.6146,10.721
780m,3b,4w,parent,sarc_linear_q4gsw_coopmat_t128x128k32g42s32f32c_texture3d_texture2d_half,2048,8192,3072,9.5258,10.821
780m,3b,4w,parent,sarc_linear_q4gsw_coopmat_t128x128k32g42s32f32c_texture3d_texture2d_half,2048,3072,8192,9.58,10.76
780m,3b,4w,parent,sarc_linear_q4gsw_coopmat_t128x128k32g42s32f32c_texture3d_texture2d_half,2048,3072,3072,3.588,10.773
780m,3b,4w,parent,sarc_linear_q4gsw_coopmat_t128x128k32g42s32f32c_texture3d_texture2d_half,2048,1024,3072,1.2745,10.11
780m,3b,4w,parent,sarc_linear_q4gsw_coopmat_t128x128k32g42s32f32c_texture3d_texture2d_half,2048,1024,3072,1.2823,10.048
780m,3b,4w,parent,sarc_linear_q4gsw_coopmat_t128x128k32g42s32f32c_texture3d_texture2d_half,2048,3072,3072,3.598,10.744
780m,3b,4w,parent,sarc_linear_q4gsw_coopmat_t128x128k32g42s32f32c_texture3d_texture2d_half,2048,8192,3072,9.6284,10.706
780m,3b,4w,parent,sarc_linear_q4gsw_coopmat_t128x128k32g42s32f32c_texture3d_texture2d_half,2048,8192,3072,9.5106,10.838
780m,3b,4w,parent,sarc_linear_q4gsw_coopmat_t128x128k32g42s32f32c_texture3d_texture2d_half,2048,3072,8192,9.6884,10.639
780m,3b,4w,parent,sarc_linear_q4gsw_coopmat_t128x128k32g42s32f32c_texture3d_texture2d_half,2048,3072,3072,3.5884,10.772
780m,3b,4w,parent,sarc_linear_q4gsw_coopmat_t128x128k32g42s32f32c_texture3d_texture2d_half,2048,1024,3072,1.2848,10.029
780m,3b,4w,parent,sarc_linear_q4gsw_coopmat_t128x128k32g42s32f32c_texture3d_texture2d_half,2048,1024,3072,1.2665,10.174
780m,3b,4w,parent,sarc_linear_q4gsw_coopmat_t128x128k32g42s32f32c_texture3d_texture2d_half,2048,3072,3072,3.5746,10.814
780m,3b,4w,parent,sarc_linear_q4gsw_coopmat_t128x128k32g42s32f32c_texture3d_texture2d_half,2048,8192,3072,9.6219,10.713
780m,3b,4w,parent,sarc_linear_q4gsw_coopmat_t128x128k32g42s32f32c_texture3d_texture2d_half,2048,8192,3072,9.5328,10.813
780m,3b,4w,parent,sarc_linear_q4gsw_coopmat_t128x128k32g42s32f32c_texture3d_texture2d_half,2048,3072,8192,9.5456,10.799
780m,3b,4w,parent,sarc_linear_q4gsw_coopmat_t128x128k32g42s32f32c_texture3d_texture2d_half,2048,3072,3072,3.5948,10.753
780m,3b,4w,parent,sarc_linear_q4gsw_coopmat_t128x128k32g42s32f32c_texture3d_texture2d_half,2048,1024,3072,1.273,10.121
780m,3b,4w,parent,sarc_linear_q4gsw_coopmat_t128x128k32g42s32f32c_texture3d_texture2d_half,2048,1024,3072,1.2831,10.042
780m,3b,4w,parent,sarc_linear_q4gsw_coopmat_t128x128k32g42s32f32c_texture3d_texture2d_half,2048,3072,3072,3.5844,10.784
780m,3b,4w,parent,sarc_linear_q4gsw_coopmat_t128x128k32g42s32f32c_texture3d_texture2d_half,2048,8192,3072,9.5745,10.766
780m,3b,4w,parent,sarc_linear_q4gsw_coopmat_t128x128k32g42s32f32c_texture3d_texture2d_half,2048,8192,3072,9.5449,10.799
780m,3b,4w,parent,sarc_linear_q4gsw_coopmat_t128x128k32g42s32f32c_texture3d_texture2d_half,2048,3072,8192,9.5816,10.758
780m,3b,4w,parent,sarc_linear_q4gsw_coopmat_t128x128k32g42s32f32c_texture3d_texture2d_half,2048,3072,3072,3.5948,10.753
780m,3b,4w,parent,sarc_linear_q4gsw_coopmat_t128x128k32g42s32f32c_texture3d_texture2d_half,2048,1024,3072,1.2843,10.032
780m,3b,4w,parent,sarc_linear_q4gsw_coopmat_t128x128k32g42s32f32c_texture3d_texture2d_half,2048,1024,3072,1.2994,9.916
780m,3b,4w,parent,sarc_linear_q4gsw_coopmat_t128x128k32g42s32f32c_texture3d_texture2d_half,2048,3072,3072,3.5758,10.81
780m,3b,4w,parent,sarc_linear_q4gsw_coopmat_t128x128k32g42s32f32c_texture3d_texture2d_half,2048,8192,3072,9.6199,10.715
780m,3b,4w,parent,sarc_linear_q4gsw_coopmat_t128x128k32g42s32f32c_texture3d_texture2d_half,2048,8192,3072,9.5371,10.808
780m,3b,4w,parent,sarc_linear_q4gsw_coopmat_t128x128k32g42s32f32c_texture3d_texture2d_half,2048,3072,8192,9.5537,10.789
780m,3b,4w,parent,sarc_linear_q4gsw_coopmat_t128x128k32g42s32f32c_texture3d_texture2d_half,2048,3072,3072,3.5931,10.758
780m,3b,4w,parent,sarc_linear_q4gsw_coopmat_t128x128k32g42s32f32c_texture3d_texture2d_half,2048,1024,3072,1.2766,10.093
780m,3b,4w,parent,sarc_linear_q4gsw_coopmat_t128x128k32g42s32f32c_texture3d_texture2d_half,2048,1024,3072,1.2806,10.062
780m,3b,4w,parent,sarc_linear_q4gsw_coopmat_t128x128k32g42s32f32c_texture3d_texture2d_half,2048,3072,3072,3.5771,10.806
780m,3b,4w,parent,sarc_linear_q4gsw_coopmat_t128x128k32g42s32f32c_texture3d_texture2d_half,2048,8192,3072,9.6161,10.719
780m,3b,4w,parent,sarc_linear_q4gsw_coopmat_t128x128k32g42s32f32c_texture3d_texture2d_half,2048,8192,3072,9.5297,10.817
780m,3b,4w,parent,sarc_linear_q4gsw_coopmat_t128x128k32g42s32f32c_texture3d_texture2d_half,2048,3072,8192,9.5953,10.743
780m,3b,4w,parent,sarc_linear_q4gsw_coopmat_t128x128k32g42s32f32c_texture3d_texture2d_half,2048,3072,3072,3.6006,10.736
780m,3b,4w,parent,sarc_linear_q4gsw_coopmat_t128x128k32g42s32f32c_texture3d_texture2d_half,2048,1024,3072,1.2702,10.144
780m,3b,4w,parent,sarc_linear_q4gsw_coopmat_t128x128k32g42s32f32c_texture3d_texture2d_half,2048,1024,3072,1.2726,10.125
780m,3b,4w,parent,sarc_linear_q4gsw_coopmat_t128x128k32g42s32f32c_texture3d_texture2d_half,2048,3072,3072,3.5787,10.801
780m,3b,4w,parent,sarc_linear_q4gsw_coopmat_t128x128k32g42s32f32c_texture3d_texture2d_half,2048,8192,3072,9.6235,10.711
780m,3b,4w,parent,sarc_linear_q4gsw_coopmat_t128x128k32g42s32f32c_texture3d_texture2d_half,2048,8192,3072,9.5755,10.765
780m,3b,4w,parent,sarc_linear_q4gsw_coopmat_t128x128k32g42s32f32c_texture3d_texture2d_half,2048,3072,8192,9.6034,10.734
780m,3b,4w,parent,sarc_linear_q4gsw_coopmat_t128x128k32g42s32f32c_texture3d_texture2d_half,2048,3072,3072,3.5971,10.746
780m,3b,4w,parent,sarc_linear_q4gsw_coopmat_t128x128k32g42s32f32c_texture3d_texture2d_half,2048,1024,3072,1.2803,10.064
780m,3b,4w,parent,sarc_linear_q4gsw_coopmat_t128x128k32g42s32f32c_texture3d_texture2d_half,2048,1024,3072,1.2875,10.008
780m,3b,4w,parent,sarc_linear_q4gsw_coopmat_t128x128k32g42s32f32c_texture3d_texture2d_half,2048,3072,3072,3.5767,10.807
780m,3b,4w,parent,sarc_linear_q4gsw_coopmat_t128x128k32g42s32f32c_texture3d_texture2d_half,2048,8192,3072,9.5815,10.758
780m,3b,4w,parent,sarc_linear_q4gsw_coopmat_t128x128k32g42s32f32c_texture3d_texture2d_half,2048,8192,3072,9.53,10.816
780m,3b,4w,parent,sarc_linear_q4gsw_coopmat_t128x128k32g42s32f32c_texture3d_texture2d_half,2048,3072,8192,9.601,10.736
780m,3b,4w,parent,sarc_linear_q4gsw_coopmat_t128x128k32g42s32f32c_texture3d_texture2d_half,2048,3072,3072,3.5955,10.751
780m,3b,4w,parent,sarc_linear_q4gsw_coopmat_t128x128k32g42s32f32c_texture3d_texture2d_half,2048,1024,3072,1.2854,10.024
780m,3b,4w,parent,sarc_linear_q4gsw_coopmat_t128x128k32g42s32f32c_texture3d_texture2d_half,2048,1024,3072,1.2802,10.065
780m,3b,4w,parent,sarc_linear_q4gsw_coopmat_t128x128k32g42s32f32c_texture3d_texture2d_half,2048,3072,3072,3.5732,10.818
780m,3b,4w,parent,sarc_linear_q4gsw_coopmat_t128x128k32g42s32f32c_texture3d_texture2d_half,2048,8192,3072,9.6097,10.727
780m,3b,4w,parent,sarc_linear_q4gsw_coopmat_t128x128k32g42s32f32c_texture3d_texture2d_half,2048,8192,3072,9.5732,10.767
780m,3b,4w,parent,sarc_linear_q4gsw_coopmat_t128x128k32g42s32f32c_texture3d_texture2d_half,2048,3072,8192,9.6234,10.711
780m,3b,4w,parent,sarc_linear_q4gsw_coopmat_t128x128k32g42s32f32c_texture3d_texture2d_half,2048,3072,3072,3.6054,10.721
780m,3b,4w,parent,sarc_linear_q4gsw_coopmat_t128x128k32g42s32f32c_texture3d_texture2d_half,2048,1024,3072,1.2896,9.992
780m,3b,4w,parent,sarc_linear_q4gsw_coopmat_t128x128k32g42s32f32c_texture3d_texture2d_half,2048,1024,3072,1.2841,10.034
780m,3b,4w,parent,sarc_linear_q4gsw_coopmat_t128x128k32g42s32f32c_texture3d_texture2d_half,2048,3072,3072,3.579,10.8
780m,3b,4w,parent,sarc_linear_q4gsw_coopmat_t128x128k32g42s32f32c_texture3d_texture2d_half,2048,8192,3072,9.6176,10.718
780m,3b,4w,parent,sarc_linear_q4gsw_coopmat_t128x128k32g42s32f32c_texture3d_texture2d_half,2048,8192,3072,9.5453,10.799
780m,3b,4w,parent,sarc_linear_q4gsw_coopmat_t128x128k32g42s32f32c_texture3d_texture2d_half,2048,3072,8192,9.5904,10.748
780m,3b,4w,parent,sarc_linear_q4gsw_coopmat_t128x128k32g42s32f32c_texture3d_texture2d_half,2048,3072,3072,3.5956,10.751
780m,3b,4w,parent,sarc_linear_q4gsw_coopmat_t128x128k32g42s32f32c_texture3d_texture2d_half,2048,1024,3072,1.2822,10.049
780m,3b,4w,parent,sarc_linear_q4gsw_coopmat_t128x128k32g42s32f32c_texture3d_texture2d_half,2048,1024,3072,1.2665,10.174
780m,3b,4w,parent,sarc_linear_q4gsw_coopmat_t128x128k32g42s32f32c_texture3d_texture2d_half,2048,3072,3072,3.5813,10.794
780m,3b,4w,parent,sarc_linear_q4gsw_coopmat_t128x128k32g42s32f32c_texture3d_texture2d_half,2048,8192,3072,9.614,10.722
780m,3b,4w,parent,sarc_linear_q4gsw_coopmat_t128x128k32g42s32f32c_texture3d_texture2d_half,2048,8192,3072,9.5459,10.798
780m,3b,4w,parent,sarc_linear_q4gsw_coopmat_t128x128k32g42s32f32c_texture3d_texture2d_half,2048,3072,8192,9.5857,10.753
780m,3b,4w,parent,sarc_linear_q4gsw_coopmat_t128x128k32g42s32f32c_texture3d_texture2d_half,2048,3072,3072,3.5978,10.744
780m,3b,4w,parent,sarc_linear_q4gsw_coopmat_t128x128k32g42s32f32c_texture3d_texture2d_half,2048,1024,3072,1.2782,10.081
780m,3b,4w,parent,sarc_linear_q4gsw_coopmat_t128x128k32g42s32f32c_texture3d_texture2d_half,2048,1024,3072,1.2911,9.98
780m,3b,4w,parent,sarc_linear_q4gsw_coopmat_t128x128k32g42s32f32c_texture3d_texture2d_half,2048,3072,3072,3.5784,10.802
780m,3b,4w,parent,sarc_linear_q4gsw_coopmat_t128x128k32g42s32f32c_texture3d_texture2d_half,2048,8192,3072,9.6322,10.701
780m,3b,4w,parent,sarc_linear_q4gsw_coopmat_t128x128k32g42s32f32c_texture3d_texture2d_half,2048,8192,3072,9.5374,10.808
780m,3b,4w,parent,sarc_linear_q4gsw_coopmat_t128x128k32g42s32f32c_texture3d_texture2d_half,2048,3072,8192,9.5865,10.753
780m,3b,4w,parent,sarc_linear_q4gsw_coopmat_t128x128k32g42s32f32c_texture3d_texture2d_half,2048,3072,3072,3.5958,10.75
780m,3b,4w,parent,sarc_linear_q4gsw_coopmat_t128x128k32g42s32f32c_texture3d_texture2d_half,2048,1024,3072,1.2923,9.97
780m,3b,4w,parent,sarc_linear_q4gsw_coopmat_t128x128k32g42s32f32c_texture3d_texture2d_half,2048,1024,3072,1.2758,10.099
780m,3b,4w,parent,sarc_linear_q4gsw_coopmat_t128x128k32g42s32f32c_texture3d_texture2d_half,2048,3072,3072,3.5751,10.812
780m,3b,4w,parent,sarc_linear_q4gsw_coopmat_t128x128k32g42s32f32c_texture3d_texture2d_half,2048,8192,3072,9.5958,10.742
780m,3b,4w,parent,sarc_linear_q4gsw_coopmat_t128x128k32g42s32f32c_texture3d_texture2d_half,2048,8192,3072,9.5346,10.811
780m,3b,4w,parent,sarc_linear_q4gsw_coopmat_t128x128k32g42s32f32c_texture3d_texture2d_half,2048,3072,8192,9.5927,10.746
780m,3b,4w,parent,sarc_linear_q4gsw_coopmat_t128x128k32g42s32f32c_texture3d_texture2d_half,2048,3072,3072,3.6017,10.732
780m,3b,4w,parent,sarc_linear_q4gsw_coopmat_t128x128k32g42s32f32c_texture3d_texture2d_half,2048,1024,3072,1.2817,10.053
780m,3b,4w,parent,sarc_linear_q4gsw_coopmat_t128x128k32g42s32f32c_texture3d_texture2d_half,2048,1024,3072,1.2876,10.007
780m,3b,4w,parent,sarc_linear_q4gsw_coopmat_t128x128k32g42s32f32c_texture3d_texture2d_half,2048,3072,3072,3.5736,10.817
780m,3b,4w,parent,sarc_linear_q4gsw_coopmat_t128x128k32g42s32f32c_texture3d_texture2d_half,2048,8192,3072,9.5628,10.779
780m,3b,4w,parent,sarc_linear_q4gsw_coopmat_t128x128k32g42s32f32c_texture3d_texture2d_half,2048,8192,3072,9.5346,10.811
780m,3b,4w,parent,sarc_linear_q4gsw_coopmat_t128x128k32g42s32f32c_texture3d_texture2d_half,2048,3072,8192,9.5725,10.768
780m,3b,4w,parent,sarc_linear_q4gsw_coopmat_t128x128k32g42s32f32c_texture3d_texture2d_half,2048,3072,3072,3.6009,10.735
780m,3b,4w,parent,sarc_linear_q4gsw_coopmat_t128x128k32g42s32f32c_texture3d_texture2d_half,2048,1024,3072,1.2637,10.196
780m,3b,4w,parent,sarc_linear_q4gsw_coopmat_t128x128k32g42s32f32c_texture3d_texture2d_half,2048,1024,3072,1.2778,10.084
780m,3b,4w,parent,sarc_linear_q4gsw_coopmat_t128x128k32g42s32f32c_texture3d_texture2d_half,2048,3072,3072,3.5755,10.811
780m,3b,4w,parent,sarc_linear_q4gsw_coopmat_t128x128k32g42s32f32c_texture3d_texture2d_half,2048,8192,3072,9.6246,10.71
780m,3b,4w,parent,sarc_linear_q4gsw_coopmat_t128x128k32g42s32f32c_texture3d_texture2d_half,2048,8192,3072,9.5505,10.793
780m,3b,4w,parent,sarc_linear_q4gsw_coopmat_t128x128k32g42s32f32c_texture3d_texture2d_half,2048,3072,8192,9.5699,10.771
780m,3b,4w,parent,sarc_linear_q4gsw_coopmat_t128x128k32g42s32f32c_texture3d_texture2d_half,2048,3072,3072,3.6031,10.728
780m,3b,4w,parent,sarc_linear_q4gsw_coopmat_t128x128k32g42s32f32c_texture3d_texture2d_half,2048,1024,3072,1.261,10.218
780m,3b,4w,parent,sarc_linear_q4gsw_coopmat_t128x128k32g42s32f32c_texture3d_texture2d_half,2048,1024,3072,1.2669,10.171
780m,3b,4w,parent,sarc_linear_q4gsw_coopmat_t128x128k32g42s32f32c_texture3d_texture2d_half,2048,3072,3072,3.5774,10.805
780m,3b,4w,parent,sarc_linear_q4gsw_coopmat_t128x128k32g42s32f32c_texture3d_texture2d_half,2048,8192,3072,9.5916,10.747
780m,3b,4w,parent,sarc_linear_q4gsw_coopmat_t128x128k32g42s32f32c_texture3d_texture2d_half,2048,8192,3072,9.5635,10.778
780m,3b,4w,parent,sarc_linear_q4gsw_coopmat_t128x128k32g42s32f32c_texture3d_texture2d_half,2048,3072,8192,9.6126,10.723
780m,3b,4w,parent,sarc_linear_q4gsw_coopmat_t128x128k32g42s32f32c_texture3d_texture2d_half,2048,3072,3072,3.6056,10.721
780m,3b,4w,parent,sarc_linear_q4gsw_coopmat_t128x128k32g42s32f32c_texture3d_texture2d_half,2048,1024,3072,1.2743,10.112
780m,3b,4w,parent,sarc_linear_q4gsw_coopmat_t128x128k32g42s32f32c_texture3d_texture2d_half,2048,1024,3072,1.2839,10.036
780m,3b,4w,parent,sarc_linear_q4gsw_coopmat_t128x128k32g42s32f32c_texture3d_texture2d_half,2048,3072,3072,3.5828,10.789
780m,3b,4w,parent,sarc_linear_q4gsw_coopmat_t128x128k32g42s32f32c_texture3d_texture2d_half,2048,8192,3072,9.6401,10.693
780m,3b,4w,parent,sarc_linear_q4gsw_coopmat_t128x128k32g42s32f32c_texture3d_texture2d_half,2048,8192,3072,9.5599,10.782
780m,3b,4w,parent,sarc_linear_q4gsw_coopmat_t128x128k32g42s32f32c_texture3d_texture2d_half,2048,3072,8192,9.5922,10.746
780m,3b,8da4w,cand,sarc_linear_dq8ca_coopmat_zpg_sweep_t128x64k32g22s32_texture3d_texture2d_half,2048,3072,3072,3.8274,10.099
780m,3b,8da4w,cand,sarc_linear_dq8ca_coopmat_zpg_sweep_t128x64k32g22s32_texture3d_texture2d_half,2048,1024,3072,1.2256,10.513
780m,3b,8da4w,cand,sarc_linear_dq8ca_coopmat_zpg_sweep_t128x64k32g22s32_texture3d_texture2d_half,2048,1024,3072,1.227,10.501
780m,3b,8da4w,cand,sarc_linear_dq8ca_coopmat_zpg_sweep_t128x64k32g22s32_texture3d_texture2d_half,2048,3072,3072,3.6073,10.716
780m,3b,8da4w,cand,sarc_linear_dq8ca_coopmat_zpg_sweep_t128x64k32g22s32_texture3d_texture2d_half,2048,8192,3072,9.5633,10.779
780m,3b,8da4w,cand,sarc_linear_dq8ca_coopmat_zpg_sweep_t128x64k32g22s32_texture3d_texture2d_half,2048,8192,3072,10.0196,10.288
780m,3b,8da4w,cand,sarc_linear_dq8ca_coopmat_zpg_sweep_t128x64k32g22s32_texture3d_texture2d_half,2048,3072,8192,9.6409,10.692
780m,3b,8da4w,cand,sarc_linear_dq8ca_coopmat_zpg_sweep_t128x64k32g22s32_texture3d_texture2d_half,2048,3072,3072,3.6953,10.461
780m,3b,8da4w,cand,sarc_linear_dq8ca_coopmat_zpg_sweep_t128x64k32g22s32_texture3d_texture2d_half,2048,1024,3072,1.2253,10.516
780m,3b,8da4w,cand,sarc_linear_dq8ca_coopmat_zpg_sweep_t128x64k32g22s32_texture3d_texture2d_half,2048,1024,3072,1.2276,10.496
780m,3b,8da4w,cand,sarc_linear_dq8ca_coopmat_zpg_sweep_t128x64k32g22s32_texture3d_texture2d_half,2048,3072,3072,3.6068,10.717
780m,3b,8da4w,cand,sarc_linear_dq8ca_coopmat_zpg_sweep_t128x64k32g22s32_texture3d_texture2d_half,2048,8192,3072,9.572,10.769
780m,3b,8da4w,cand,sarc_linear_dq8ca_coopmat_zpg_sweep_t128x64k32g22s32_texture3d_texture2d_half,2048,8192,3072,10.0093,10.298
780m,3b,8da4w,cand,sarc_linear_dq8ca_coopmat_zpg_sweep_t128x64k32g22s32_texture3d_texture2d_half,2048,3072,8192,9.6334,10.7
780m,3b,8da4w,cand,sarc_linear_dq8ca_coopmat_zpg_sweep_t128x64k32g22s32_texture3d_texture2d_half,2048,3072,3072,3.689,10.478
780m,3b,8da4w,cand,sarc_linear_dq8ca_coopmat_zpg_sweep_t128x64k32g22s32_texture3d_texture2d_half,2048,1024,3072,1.2262,10.508
780m,3b,8da4w,cand,sarc_linear_dq8ca_coopmat_zpg_sweep_t128x64k32g22s32_texture3d_texture2d_half,2048,1024,3072,1.2266,10.504
780m,3b,8da4w,cand,sarc_linear_dq8ca_coopmat_zpg_sweep_t128x64k32g22s32_texture3d_texture2d_half,2048,3072,3072,3.5997,10.738
780m,3b,8da4w,cand,sarc_linear_dq8ca_coopmat_zpg_sweep_t128x64k32g22s32_texture3d_texture2d_half,2048,8192,3072,9.5542,10.789
780m,3b,8da4w,cand,sarc_linear_dq8ca_coopmat_zpg_sweep_t128x64k32g22s32_texture3d_texture2d_half,2048,8192,3072,10.0522,10.254
780m,3b,8da4w,cand,sarc_linear_dq8ca_coopmat_zpg_sweep_t128x64k32g22s32_texture3d_texture2d_half,2048,3072,8192,9.6422,10.69
780m,3b,8da4w,cand,sarc_linear_dq8ca_coopmat_zpg_sweep_t128x64k32g22s32_texture3d_texture2d_half,2048,3072,3072,3.6851,10.49
780m,3b,8da4w,cand,sarc_linear_dq8ca_coopmat_zpg_sweep_t128x64k32g22s32_texture3d_texture2d_half,2048,1024,3072,1.2253,10.516
780m,3b,8da4w,cand,sarc_linear_dq8ca_coopmat_zpg_sweep_t128x64k32g22s32_texture3d_texture2d_half,2048,1024,3072,1.2257,10.512
780m,3b,8da4w,cand,sarc_linear_dq8ca_coopmat_zpg_sweep_t128x64k32g22s32_texture3d_texture2d_half,2048,3072,3072,3.6028,10.729
780m,3b,8da4w,cand,sarc_linear_dq8ca_coopmat_zpg_sweep_t128x64k32g22s32_texture3d_texture2d_half,2048,8192,3072,9.5509,10.793
780m,3b,8da4w,cand,sarc_linear_dq8ca_coopmat_zpg_sweep_t128x64k32g22s32_texture3d_texture2d_half,2048,8192,3072,10.0339,10.273
780m,3b,8da4w,cand,sarc_linear_dq8ca_coopmat_zpg_sweep_t128x64k32g22s32_texture3d_texture2d_half,2048,3072,8192,9.634,10.7
780m,3b,8da4w,cand,sarc_linear_dq8ca_coopmat_zpg_sweep_t128x64k32g22s32_texture3d_texture2d_half,2048,3072,3072,3.6867,10.485
780m,3b,8da4w,cand,sarc_linear_dq8ca_coopmat_zpg_sweep_t128x64k32g22s32_texture3d_texture2d_half,2048,1024,3072,1.2266,10.505
780m,3b,8da4w,cand,sarc_linear_dq8ca_coopmat_zpg_sweep_t128x64k32g22s32_texture3d_texture2d_half,2048,1024,3072,1.2331,10.449
780m,3b,8da4w,cand,sarc_linear_dq8ca_coopmat_zpg_sweep_t128x64k32g22s32_texture3d_texture2d_half,2048,3072,3072,3.6074,10.716
780m,3b,8da4w,cand,sarc_linear_dq8ca_coopmat_zpg_sweep_t128x64k32g22s32_texture3d_texture2d_half,2048,8192,3072,9.5574,10.785
780m,3b,8da4w,cand,sarc_linear_dq8ca_coopmat_zpg_sweep_t128x64k32g22s32_texture3d_texture2d_half,2048,8192,3072,9.9949,10.313
780m,3b,8da4w,cand,sarc_linear_dq8ca_coopmat_zpg_sweep_t128x64k32g22s32_texture3d_texture2d_half,2048,3072,8192,9.661,10.67
780m,3b,8da4w,cand,sarc_linear_dq8ca_coopmat_zpg_sweep_t128x64k32g22s32_texture3d_texture2d_half,2048,3072,3072,3.6964,10.457
780m,3b,8da4w,cand,sarc_linear_dq8ca_coopmat_zpg_sweep_t128x64k32g22s32_texture3d_texture2d_half,2048,1024,3072,1.2268,10.503
780m,3b,8da4w,cand,sarc_linear_dq8ca_coopmat_zpg_sweep_t128x64k32g22s32_texture3d_texture2d_half,2048,1024,3072,1.2287,10.487
780m,3b,8da4w,cand,sarc_linear_dq8ca_coopmat_zpg_sweep_t128x64k32g22s32_texture3d_texture2d_half,2048,3072,3072,3.6127,10.7
780m,3b,8da4w,cand,sarc_linear_dq8ca_coopmat_zpg_sweep_t128x64k32g22s32_texture3d_texture2d_half,2048,8192,3072,9.5418,10.803
780m,3b,8da4w,cand,sarc_linear_dq8ca_coopmat_zpg_sweep_t128x64k32g22s32_texture3d_texture2d_half,2048,8192,3072,9.9853,10.323
780m,3b,8da4w,cand,sarc_linear_dq8ca_coopmat_zpg_sweep_t128x64k32g22s32_texture3d_texture2d_half,2048,3072,8192,9.6242,10.71
780m,3b,8da4w,cand,sarc_linear_dq8ca_coopmat_zpg_sweep_t128x64k32g22s32_texture3d_texture2d_half,2048,3072,3072,3.6868,10.485
780m,3b,8da4w,cand,sarc_linear_dq8ca_coopmat_zpg_sweep_t128x64k32g22s32_texture3d_texture2d_half,2048,1024,3072,1.227,10.501
780m,3b,8da4w,cand,sarc_linear_dq8ca_coopmat_zpg_sweep_t128x64k32g22s32_texture3d_texture2d_half,2048,1024,3072,1.2238,10.529
780m,3b,8da4w,cand,sarc_linear_dq8ca_coopmat_zpg_sweep_t128x64k32g22s32_texture3d_texture2d_half,2048,3072,3072,3.6057,10.72
780m,3b,8da4w,cand,sarc_linear_dq8ca_coopmat_zpg_sweep_t128x64k32g22s32_texture3d_texture2d_half,2048,8192,3072,9.5546,10.788
780m,3b,8da4w,cand,sarc_linear_dq8ca_coopmat_zpg_sweep_t128x64k32g22s32_texture3d_texture2d_half,2048,8192,3072,9.9867,10.322
780m,3b,8da4w,cand,sarc_linear_dq8ca_coopmat_zpg_sweep_t128x64k32g22s32_texture3d_texture2d_half,2048,3072,8192,9.6165,10.719
780m,3b,8da4w,cand,sarc_linear_dq8ca_coopmat_zpg_sweep_t128x64k32g22s32_texture3d_texture2d_half,2048,3072,3072,3.696,10.459
780m,3b,8da4w,cand,sarc_linear_dq8ca_coopmat_zpg_sweep_t128x64k32g22s32_texture3d_texture2d_half,2048,1024,3072,1.2252,10.517
780m,3b,8da4w,cand,sarc_linear_dq8ca_coopmat_zpg_sweep_t128x64k32g22s32_texture3d_texture2d_half,2048,1024,3072,1.2392,10.398
780m,3b,8da4w,cand,sarc_linear_dq8ca_coopmat_zpg_sweep_t128x64k32g22s32_texture3d_texture2d_half,2048,3072,3072,3.6041,10.725
780m,3b,8da4w,cand,sarc_linear_dq8ca_coopmat_zpg_sweep_t128x64k32g22s32_texture3d_texture2d_half,2048,8192,3072,9.556,10.787
780m,3b,8da4w,cand,sarc_linear_dq8ca_coopmat_zpg_sweep_t128x64k32g22s32_texture3d_texture2d_half,2048,8192,3072,10.0086,10.299
780m,3b,8da4w,cand,sarc_linear_dq8ca_coopmat_zpg_sweep_t128x64k32g22s32_texture3d_texture2d_half,2048,3072,8192,9.6331,10.701
780m,3b,8da4w,cand,sarc_linear_dq8ca_coopmat_zpg_sweep_t128x64k32g22s32_texture3d_texture2d_half,2048,3072,3072,3.6894,10.477
780m,3b,8da4w,cand,sarc_linear_dq8ca_coopmat_zpg_sweep_t128x64k32g22s32_texture3d_texture2d_half,2048,1024,3072,1.2242,10.526
780m,3b,8da4w,cand,sarc_linear_dq8ca_coopmat_zpg_sweep_t128x64k32g22s32_texture3d_texture2d_half,2048,1024,3072,1.2377,10.411
780m,3b,8da4w,cand,sarc_linear_dq8ca_coopmat_zpg_sweep_t128x64k32g22s32_texture3d_texture2d_half,2048,3072,3072,3.601,10.735
780m,3b,8da4w,cand,sarc_linear_dq8ca_coopmat_zpg_sweep_t128x64k32g22s32_texture3d_texture2d_half,2048,8192,3072,9.5568,10.786
780m,3b,8da4w,cand,sarc_linear_dq8ca_coopmat_zpg_sweep_t128x64k32g22s32_texture3d_texture2d_half,2048,8192,3072,10.0937,10.212
780m,3b,8da4w,cand,sarc_linear_dq8ca_coopmat_zpg_sweep_t128x64k32g22s32_texture3d_texture2d_half,2048,3072,8192,9.6426,10.69
780m,3b,8da4w,cand,sarc_linear_dq8ca_coopmat_zpg_sweep_t128x64k32g22s32_texture3d_texture2d_half,2048,3072,3072,3.6843,10.492
780m,3b,8da4w,cand,sarc_linear_dq8ca_coopmat_zpg_sweep_t128x64k32g22s32_texture3d_texture2d_half,2048,1024,3072,1.2282,10.491
780m,3b,8da4w,cand,sarc_linear_dq8ca_coopmat_zpg_sweep_t128x64k32g22s32_texture3d_texture2d_half,2048,1024,3072,1.2258,10.511
780m,3b,8da4w,cand,sarc_linear_dq8ca_coopmat_zpg_sweep_t128x64k32g22s32_texture3d_texture2d_half,2048,3072,3072,3.6009,10.735
780m,3b,8da4w,cand,sarc_linear_dq8ca_coopmat_zpg_sweep_t128x64k32g22s32_texture3d_texture2d_half,2048,8192,3072,9.5477,10.796
780m,3b,8da4w,cand,sarc_linear_dq8ca_coopmat_zpg_sweep_t128x64k32g22s32_texture3d_texture2d_half,2048,8192,3072,10.0481,10.259
780m,3b,8da4w,cand,sarc_linear_dq8ca_coopmat_zpg_sweep_t128x64k32g22s32_texture3d_texture2d_half,2048,3072,8192,9.6274,10.707
780m,3b,8da4w,cand,sarc_linear_dq8ca_coopmat_zpg_sweep_t128x64k32g22s32_texture3d_texture2d_half,2048,3072,3072,3.6824,10.497
780m,3b,8da4w,cand,sarc_linear_dq8ca_coopmat_zpg_sweep_t128x64k32g22s32_texture3d_texture2d_half,2048,1024,3072,1.2252,10.517
780m,3b,8da4w,cand,sarc_linear_dq8ca_coopmat_zpg_sweep_t128x64k32g22s32_texture3d_texture2d_half,2048,1024,3072,1.2259,10.51
780m,3b,8da4w,cand,sarc_linear_dq8ca_coopmat_zpg_sweep_t128x64k32g22s32_texture3d_texture2d_half,2048,3072,3072,3.6035,10.727
780m,3b,8da4w,cand,sarc_linear_dq8ca_coopmat_zpg_sweep_t128x64k32g22s32_texture3d_texture2d_half,2048,8192,3072,9.5603,10.782
780m,3b,8da4w,cand,sarc_linear_dq8ca_coopmat_zpg_sweep_t128x64k32g22s32_texture3d_texture2d_half,2048,8192,3072,10.0238,10.283
780m,3b,8da4w,cand,sarc_linear_dq8ca_coopmat_zpg_sweep_t128x64k32g22s32_texture3d_texture2d_half,2048,3072,8192,9.6409,10.692
780m,3b,8da4w,cand,sarc_linear_dq8ca_coopmat_zpg_sweep_t128x64k32g22s32_texture3d_texture2d_half,2048,3072,3072,3.6816,10.499
780m,3b,8da4w,cand,sarc_linear_dq8ca_coopmat_zpg_sweep_t128x64k32g22s32_texture3d_texture2d_half,2048,1024,3072,1.227,10.501
780m,3b,8da4w,cand,sarc_linear_dq8ca_coopmat_zpg_sweep_t128x64k32g22s32_texture3d_texture2d_half,2048,1024,3072,1.226,10.509
780m,3b,8da4w,cand,sarc_linear_dq8ca_coopmat_zpg_sweep_t128x64k32g22s32_texture3d_texture2d_half,2048,3072,3072,3.6034,10.727
780m,3b,8da4w,cand,sarc_linear_dq8ca_coopmat_zpg_sweep_t128x64k32g22s32_texture3d_texture2d_half,2048,8192,3072,9.5545,10.789
780m,3b,8da4w,cand,sarc_linear_dq8ca_coopmat_zpg_sweep_t128x64k32g22s32_texture3d_texture2d_half,2048,8192,3072,10.0258,10.281
780m,3b,8da4w,cand,sarc_linear_dq8ca_coopmat_zpg_sweep_t128x64k32g22s32_texture3d_texture2d_half,2048,3072,8192,9.6058,10.731
780m,3b,8da4w,cand,sarc_linear_dq8ca_coopmat_zpg_sweep_t128x64k32g22s32_texture3d_texture2d_half,2048,3072,3072,3.6862,10.486
780m,3b,8da4w,cand,sarc_linear_dq8ca_coopmat_zpg_sweep_t128x64k32g22s32_texture3d_texture2d_half,2048,1024,3072,1.2257,10.512
780m,3b,8da4w,cand,sarc_linear_dq8ca_coopmat_zpg_sweep_t128x64k32g22s32_texture3d_texture2d_half,2048,1024,3072,1.2285,10.488
780m,3b,8da4w,cand,sarc_linear_dq8ca_coopmat_zpg_sweep_t128x64k32g22s32_texture3d_texture2d_half,2048,3072,3072,3.6113,10.704
780m,3b,8da4w,cand,sarc_linear_dq8ca_coopmat_zpg_sweep_t128x64k32g22s32_texture3d_texture2d_half,2048,8192,3072,9.559,10.783
780m,3b,8da4w,cand,sarc_linear_dq8ca_coopmat_zpg_sweep_t128x64k32g22s32_texture3d_texture2d_half,2048,8192,3072,9.9723,10.337
780m,3b,8da4w,cand,sarc_linear_dq8ca_coopmat_zpg_sweep_t128x64k32g22s32_texture3d_texture2d_half,2048,3072,8192,9.6355,10.698
780m,3b,8da4w,cand,sarc_linear_dq8ca_coopmat_zpg_sweep_t128x64k32g22s32_texture3d_texture2d_half,2048,3072,3072,3.6855,10.488
780m,3b,8da4w,cand,sarc_linear_dq8ca_coopmat_zpg_sweep_t128x64k32g22s32_texture3d_texture2d_half,2048,1024,3072,1.2218,10.546
780m,3b,8da4w,cand,sarc_linear_dq8ca_coopmat_zpg_sweep_t128x64k32g22s32_texture3d_texture2d_half,2048,1024,3072,1.2244,10.524
780m,3b,8da4w,cand,sarc_linear_dq8ca_coopmat_zpg_sweep_t128x64k32g22s32_texture3d_texture2d_half,2048,3072,3072,3.5978,10.744
780m,3b,8da4w,cand,sarc_linear_dq8ca_coopmat_zpg_sweep_t128x64k32g22s32_texture3d_texture2d_half,2048,8192,3072,9.5638,10.778
780m,3b,8da4w,cand,sarc_linear_dq8ca_coopmat_zpg_sweep_t128x64k32g22s32_texture3d_texture2d_half,2048,8192,3072,10.085,10.221
780m,3b,8da4w,cand,sarc_linear_dq8ca_coopmat_zpg_sweep_t128x64k32g22s32_texture3d_texture2d_half,2048,3072,8192,9.6432,10.689
780m,3b,8da4w,cand,sarc_linear_dq8ca_coopmat_zpg_sweep_t128x64k32g22s32_texture3d_texture2d_half,2048,3072,3072,3.6932,10.466
780m,3b,8da4w,cand,sarc_linear_dq8ca_coopmat_zpg_sweep_t128x64k32g22s32_texture3d_texture2d_half,2048,1024,3072,1.2246,10.521
780m,3b,8da4w,cand,sarc_linear_dq8ca_coopmat_zpg_sweep_t128x64k32g22s32_texture3d_texture2d_half,2048,1024,3072,1.2263,10.507
780m,3b,8da4w,cand,sarc_linear_dq8ca_coopmat_zpg_sweep_t128x64k32g22s32_texture3d_texture2d_half,2048,3072,3072,3.6106,10.706
780m,3b,8da4w,cand,sarc_linear_dq8ca_coopmat_zpg_sweep_t128x64k32g22s32_texture3d_texture2d_half,2048,8192,3072,9.565,10.777
780m,3b,8da4w,cand,sarc_linear_dq8ca_coopmat_zpg_sweep_t128x64k32g22s32_texture3d_texture2d_half,2048,8192,3072,10.0288,10.278
780m,3b,8da4w,cand,sarc_linear_dq8ca_coopmat_zpg_sweep_t128x64k32g22s32_texture3d_texture2d_half,2048,3072,8192,9.6406,10.692
780m,3b,8da4w,cand,sarc_linear_dq8ca_coopmat_zpg_sweep_t128x64k32g22s32_texture3d_texture2d_half,2048,3072,3072,3.7248,10.378
780m,3b,8da4w,cand,sarc_linear_dq8ca_coopmat_zpg_sweep_t128x64k32g22s32_texture3d_texture2d_half,2048,1024,3072,1.2293,10.481
780m,3b,8da4w,cand,sarc_linear_dq8ca_coopmat_zpg_sweep_t128x64k32g22s32_texture3d_texture2d_half,2048,1024,3072,1.228,10.492
780m,3b,8da4w,cand,sarc_linear_dq8ca_coopmat_zpg_sweep_t128x64k32g22s32_texture3d_texture2d_half,2048,3072,3072,3.6023,10.731
780m,3b,8da4w,cand,sarc_linear_dq8ca_coopmat_zpg_sweep_t128x64k32g22s32_texture3d_texture2d_half,2048,8192,3072,9.5509,10.793
780m,3b,8da4w,cand,sarc_linear_dq8ca_coopmat_zpg_sweep_t128x64k32g22s32_texture3d_texture2d_half,2048,8192,3072,10.0189,10.288
780m,3b,8da4w,cand,sarc_linear_dq8ca_coopmat_zpg_sweep_t128x64k32g22s32_texture3d_texture2d_half,2048,3072,8192,9.6205,10.715
780m,3b,8da4w,cand,sarc_linear_dq8ca_coopmat_zpg_sweep_t128x64k32g22s32_texture3d_texture2d_half,2048,3072,3072,3.6958,10.459
780m,3b,8da4w,cand,sarc_linear_dq8ca_coopmat_zpg_sweep_t128x64k32g22s32_texture3d_texture2d_half,2048,1024,3072,1.2273,10.499
780m,3b,8da4w,cand,sarc_linear_dq8ca_coopmat_zpg_sweep_t128x64k32g22s32_texture3d_texture2d_half,2048,1024,3072,1.226,10.51
780m,3b,8da4w,cand,sarc_linear_dq8ca_coopmat_zpg_sweep_t128x64k32g22s32_texture3d_texture2d_half,2048,3072,3072,3.6055,10.721
780m,3b,8da4w,cand,sarc_linear_dq8ca_coopmat_zpg_sweep_t128x64k32g22s32_texture3d_texture2d_half,2048,8192,3072,9.5619,10.78
780m,3b,8da4w,cand,sarc_linear_dq8ca_coopmat_zpg_sweep_t128x64k32g22s32_texture3d_texture2d_half,2048,8192,3072,9.9851,10.323
780m,3b,8da4w,cand,sarc_linear_dq8ca_coopmat_zpg_sweep_t128x64k32g22s32_texture3d_texture2d_half,2048,3072,8192,9.6218,10.713
780m,3b,8da4w,cand,sarc_linear_dq8ca_coopmat_zpg_sweep_t128x64k32g22s32_texture3d_texture2d_half,2048,3072,3072,3.6907,10.474
780m,3b,8da4w,cand,sarc_linear_dq8ca_coopmat_zpg_sweep_t128x64k32g22s32_texture3d_texture2d_half,2048,1024,3072,1.2279,10.493
780m,3b,8da4w,cand,sarc_linear_dq8ca_coopmat_zpg_sweep_t128x64k32g22s32_texture3d_texture2d_half,2048,1024,3072,1.2241,10.526
780m,3b,8da4w,cand,sarc_linear_dq8ca_coopmat_zpg_sweep_t128x64k32g22s32_texture3d_texture2d_half,2048,3072,3072,3.6099,10.708
780m,3b,8da4w,cand,sarc_linear_dq8ca_coopmat_zpg_sweep_t128x64k32g22s32_texture3d_texture2d_half,2048,8192,3072,9.5524,10.791
780m,3b,8da4w,cand,sarc_linear_dq8ca_coopmat_zpg_sweep_t128x64k32g22s32_texture3d_texture2d_half,2048,8192,3072,9.9892,10.319
780m,3b,8da4w,cand,sarc_linear_dq8ca_coopmat_zpg_sweep_t128x64k32g22s32_texture3d_texture2d_half,2048,3072,8192,9.6218,10.713
780m,3b,8da4w,cand,sarc_linear_dq8ca_coopmat_zpg_sweep_t128x64k32g22s32_texture3d_texture2d_half,2048,3072,3072,3.6771,10.512
780m,3b,8da4w,cand,sarc_linear_dq8ca_coopmat_zpg_sweep_t128x64k32g22s32_texture3d_texture2d_half,2048,1024,3072,1.2254,10.515
780m,3b,8da4w,cand,sarc_linear_dq8ca_coopmat_zpg_sweep_t128x64k32g22s32_texture3d_texture2d_half,2048,1024,3072,1.2256,10.513
780m,3b,8da4w,cand,sarc_linear_dq8ca_coopmat_zpg_sweep_t128x64k32g22s32_texture3d_texture2d_half,2048,3072,3072,3.6041,10.725
780m,3b,8da4w,cand,sarc_linear_dq8ca_coopmat_zpg_sweep_t128x64k32g22s32_texture3d_texture2d_half,2048,8192,3072,9.5622,10.78
780m,3b,8da4w,cand,sarc_linear_dq8ca_coopmat_zpg_sweep_t128x64k32g22s32_texture3d_texture2d_half,2048,8192,3072,9.9981,10.31
780m,3b,8da4w,cand,sarc_linear_dq8ca_coopmat_zpg_sweep_t128x64k32g22s32_texture3d_texture2d_half,2048,3072,8192,9.6334,10.7
780m,3b,8da4w,cand,sarc_linear_dq8ca_coopmat_zpg_sweep_t128x64k32g22s32_texture3d_texture2d_half,2048,3072,3072,3.6902,10.475
780m,3b,8da4w,cand,sarc_linear_dq8ca_coopmat_zpg_sweep_t128x64k32g22s32_texture3d_texture2d_half,2048,1024,3072,1.2308,10.469
780m,3b,8da4w,cand,sarc_linear_dq8ca_coopmat_zpg_sweep_t128x64k32g22s32_texture3d_texture2d_half,2048,1024,3072,1.225,10.518
780m,3b,8da4w,cand,sarc_linear_dq8ca_coopmat_zpg_sweep_t128x64k32g22s32_texture3d_texture2d_half,2048,3072,3072,3.6143,10.695
780m,3b,8da4w,cand,sarc_linear_dq8ca_coopmat_zpg_sweep_t128x64k32g22s32_texture3d_texture2d_half,2048,8192,3072,9.574,10.767
780m,3b,8da4w,cand,sarc_linear_dq8ca_coopmat_zpg_sweep_t128x64k32g22s32_texture3d_texture2d_half,2048,8192,3072,10.0139,10.294
780m,3b,8da4w,cand,sarc_linear_dq8ca_coopmat_zpg_sweep_t128x64k32g22s32_texture3d_texture2d_half,2048,3072,8192,9.6458,10.686
780m,3b,8da4w,cand,sarc_linear_dq8ca_coopmat_zpg_sweep_t128x64k32g22s32_texture3d_texture2d_half,2048,3072,3072,3.6826,10.496
780m,3b,8da4w,cand,sarc_linear_dq8ca_coopmat_zpg_sweep_t128x64k32g22s32_texture3d_texture2d_half,2048,1024,3072,1.2237,10.529
780m,3b,8da4w,cand,sarc_linear_dq8ca_coopmat_zpg_sweep_t128x64k32g22s32_texture3d_texture2d_half,2048,1024,3072,1.2252,10.517
780m,3b,8da4w,cand,sarc_linear_dq8ca_coopmat_zpg_sweep_t128x64k32g22s32_texture3d_texture2d_half,2048,3072,3072,3.6125,10.7
780m,3b,8da4w,cand,sarc_linear_dq8ca_coopmat_zpg_sweep_t128x64k32g22s32_texture3d_texture2d_half,2048,8192,3072,9.5536,10.79
780m,3b,8da4w,cand,sarc_linear_dq8ca_coopmat_zpg_sweep_t128x64k32g22s32_texture3d_texture2d_half,2048,8192,3072,10.023,10.284
780m,3b,8da4w,cand,sarc_linear_dq8ca_coopmat_zpg_sweep_t128x64k32g22s32_texture3d_texture2d_half,2048,3072,8192,9.6276,10.707
780m,3b,8da4w,cand,sarc_linear_dq8ca_coopmat_zpg_sweep_t128x64k32g22s32_texture3d_texture2d_half,2048,3072,3072,3.6886,10.479
780m,3b,8da4w,cand,sarc_linear_dq8ca_coopmat_zpg_sweep_t128x64k32g22s32_texture3d_texture2d_half,2048,1024,3072,1.2275,10.497
780m,3b,8da4w,cand,sarc_linear_dq8ca_coopmat_zpg_sweep_t128x64k32g22s32_texture3d_texture2d_half,2048,1024,3072,1.226,10.51
780m,3b,8da4w,cand,sarc_linear_dq8ca_coopmat_zpg_sweep_t128x64k32g22s32_texture3d_texture2d_half,2048,3072,3072,3.6,10.737
780m,3b,8da4w,cand,sarc_linear_dq8ca_coopmat_zpg_sweep_t128x64k32g22s32_texture3d_texture2d_half,2048,8192,3072,9.5589,10.784
780m,3b,8da4w,cand,sarc_linear_dq8ca_coopmat_zpg_sweep_t128x64k32g22s32_texture3d_texture2d_half,2048,8192,3072,10.0222,10.285
780m,3b,8da4w,cand,sarc_linear_dq8ca_coopmat_zpg_sweep_t128x64k32g22s32_texture3d_texture2d_half,2048,3072,8192,9.6226,10.712
780m,3b,8da4w,cand,sarc_linear_dq8ca_coopmat_zpg_sweep_t128x64k32g22s32_texture3d_texture2d_half,2048,3072,3072,3.6909,10.473
780m,3b,8da4w,cand,sarc_linear_dq8ca_coopmat_zpg_sweep_t128x64k32g22s32_texture3d_texture2d_half,2048,1024,3072,1.228,10.492
780m,3b,8da4w,cand,sarc_linear_dq8ca_coopmat_zpg_sweep_t128x64k32g22s32_texture3d_texture2d_half,2048,1024,3072,1.2367,10.419
780m,3b,8da4w,cand,sarc_linear_dq8ca_coopmat_zpg_sweep_t128x64k32g22s32_texture3d_texture2d_half,2048,3072,3072,3.6135,10.697
780m,3b,8da4w,cand,sarc_linear_dq8ca_coopmat_zpg_sweep_t128x64k32g22s32_texture3d_texture2d_half,2048,8192,3072,9.5589,10.784
780m,3b,8da4w,cand,sarc_linear_dq8ca_coopmat_zpg_sweep_t128x64k32g22s32_texture3d_texture2d_half,2048,8192,3072,10.0428,10.264
780m,3b,8da4w,cand,sarc_linear_dq8ca_coopmat_zpg_sweep_t128x64k32g22s32_texture3d_texture2d_half,2048,3072,8192,9.6356,10.698
780m,3b,8da4w,cand,sarc_linear_dq8ca_coopmat_zpg_sweep_t128x64k32g22s32_texture3d_texture2d_half,2048,3072,3072,3.6956,10.46
780m,3b,8da4w,cand,sarc_linear_dq8ca_coopmat_zpg_sweep_t128x64k32g22s32_texture3d_texture2d_half,2048,1024,3072,1.2287,10.486
780m,3b,8da4w,cand,sarc_linear_dq8ca_coopmat_zpg_sweep_t128x64k32g22s32_texture3d_texture2d_half,2048,1024,3072,1.228,10.493
780m,3b,8da4w,cand,sarc_linear_dq8ca_coopmat_zpg_sweep_t128x64k32g22s32_texture3d_texture2d_half,2048,3072,3072,3.6005,10.736
780m,3b,8da4w,cand,sarc_linear_dq8ca_coopmat_zpg_sweep_t128x64k32g22s32_texture3d_texture2d_half,2048,8192,3072,9.5428,10.802
780m,3b,8da4w,cand,sarc_linear_dq8ca_coopmat_zpg_sweep_t128x64k32g22s32_texture3d_texture2d_half,2048,8192,3072,9.9998,10.308
780m,3b,8da4w,cand,sarc_linear_dq8ca_coopmat_zpg_sweep_t128x64k32g22s32_texture3d_texture2d_half,2048,3072,8192,9.6406,10.692
780m,3b,8da4w,cand,sarc_linear_dq8ca_coopmat_zpg_sweep_t128x64k32g22s32_texture3d_texture2d_half,2048,3072,3072,3.694,10.464
780m,3b,8da4w,cand,sarc_linear_dq8ca_coopmat_zpg_sweep_t128x64k32g22s32_texture3d_texture2d_half,2048,1024,3072,1.2246,10.521
780m,3b,8da4w,cand,sarc_linear_dq8ca_coopmat_zpg_sweep_t128x64k32g22s32_texture3d_texture2d_half,2048,1024,3072,1.2283,10.49
780m,3b,8da4w,cand,sarc_linear_dq8ca_coopmat_zpg_sweep_t128x64k32g22s32_texture3d_texture2d_half,2048,3072,3072,3.607,10.717
780m,3b,8da4w,cand,sarc_linear_dq8ca_coopmat_zpg_sweep_t128x64k32g22s32_texture3d_texture2d_half,2048,8192,3072,9.5576,10.785
780m,3b,8da4w,cand,sarc_linear_dq8ca_coopmat_zpg_sweep_t128x64k32g22s32_texture3d_texture2d_half,2048,8192,3072,10.0322,10.275
780m,3b,8da4w,cand,sarc_linear_dq8ca_coopmat_zpg_sweep_t128x64k32g22s32_texture3d_texture2d_half,2048,3072,8192,9.6598,10.671
780m,3b,8da4w,cand,sarc_linear_dq8ca_coopmat_zpg_sweep_t128x64k32g22s32_texture3d_texture2d_half,2048,3072,3072,3.6738,10.522
780m,3b,8da4w,cand,sarc_linear_dq8ca_coopmat_zpg_sweep_t128x64k32g22s32_texture3d_texture2d_half,2048,1024,3072,1.2258,10.512
780m,3b,8da4w,cand,sarc_linear_dq8ca_coopmat_zpg_sweep_t128x64k32g22s32_texture3d_texture2d_half,2048,1024,3072,1.2256,10.513
780m,3b,8da4w,cand,sarc_linear_dq8ca_coopmat_zpg_sweep_t128x64k32g22s32_texture3d_texture2d_half,2048,3072,3072,3.6064,10.718
780m,3b,8da4w,cand,sarc_linear_dq8ca_coopmat_zpg_sweep_t128x64k32g22s32_texture3d_texture2d_half,2048,8192,3072,9.5504,10.793
780m,3b,8da4w,cand,sarc_linear_dq8ca_coopmat_zpg_sweep_t128x64k32g22s32_texture3d_texture2d_half,2048,8192,3072,9.9631,10.346
780m,3b,8da4w,cand,sarc_linear_dq8ca_coopmat_zpg_sweep_t128x64k32g22s32_texture3d_texture2d_half,2048,3072,8192,9.6396,10.693
780m,3b,8da4w,cand,sarc_linear_dq8ca_coopmat_zpg_sweep_t128x64k32g22s32_texture3d_texture2d_half,2048,3072,3072,3.6846,10.491
780m,3b,8da4w,cand,sarc_linear_dq8ca_coopmat_zpg_sweep_t128x64k32g22s32_texture3d_texture2d_half,2048,1024,3072,1.225,10.518
780m,3b,8da4w,cand,sarc_linear_dq8ca_coopmat_zpg_sweep_t128x64k32g22s32_texture3d_texture2d_half,2048,1024,3072,1.2256,10.513
780m,3b,8da4w,cand,sarc_linear_dq8ca_coopmat_zpg_sweep_t128x64k32g22s32_texture3d_texture2d_half,2048,3072,3072,3.6125,10.7
780m,3b,8da4w,cand,sarc_linear_dq8ca_coopmat_zpg_sweep_t128x64k32g22s32_texture3d_texture2d_half,2048,8192,3072,9.5702,10.771
780m,3b,8da4w,cand,sarc_linear_dq8ca_coopmat_zpg_sweep_t128x64k32g22s32_texture3d_texture2d_half,2048,8192,3072,10.0151,10.292
780m,3b,8da4w,cand,sarc_linear_dq8ca_coopmat_zpg_sweep_t128x64k32g22s32_texture3d_texture2d_half,2048,3072,8192,9.6277,10.707
780m,3b,8da4w,cand,sarc_linear_dq8ca_coopmat_zpg_sweep_t128x64k32g22s32_texture3d_texture2d_half,2048,3072,3072,3.698,10.453
780m,3b,8da4w,cand,sarc_linear_dq8ca_coopmat_zpg_sweep_t128x64k32g22s32_texture3d_texture2d_half,2048,1024,3072,1.2258,10.511
780m,3b,8da4w,cand,sarc_linear_dq8ca_coopmat_zpg_sweep_t128x64k32g22s32_texture3d_texture2d_half,2048,1024,3072,1.2262,10.508
780m,3b,8da4w,cand,sarc_linear_dq8ca_coopmat_zpg_sweep_t128x64k32g22s32_texture3d_texture2d_half,2048,3072,3072,3.6008,10.735
780m,3b,8da4w,cand,sarc_linear_dq8ca_coopmat_zpg_sweep_t128x64k32g22s32_texture3d_texture2d_half,2048,8192,3072,9.5458,10.798
780m,3b,8da4w,cand,sarc_linear_dq8ca_coopmat_zpg_sweep_t128x64k32g22s32_texture3d_texture2d_half,2048,8192,3072,10.0284,10.279
780m,3b,8da4w,cand,sarc_linear_dq8ca_coopmat_zpg_sweep_t128x64k32g22s32_texture3d_texture2d_half,2048,3072,8192,9.651,10.681
780m,3b,8da4w,parent,sarc_linear_dq8ca_coopmat_zpg_t128x64k32g42s32_texture3d_texture2d_half,2048,3072,3072,4.1242,9.373
780m,3b,8da4w,parent,sarc_linear_dq8ca_coopmat_zpg_t128x64k32g42s32_texture3d_texture2d_half,2048,1024,3072,1.3183,9.774
780m,3b,8da4w,parent,sarc_linear_dq8ca_coopmat_zpg_t128x64k32g42s32_texture3d_texture2d_half,2048,1024,3072,1.3173,9.781
780m,3b,8da4w,parent,sarc_linear_dq8ca_coopmat_zpg_t128x64k32g42s32_texture3d_texture2d_half,2048,3072,3072,3.8456,10.052
780m,3b,8da4w,parent,sarc_linear_dq8ca_coopmat_zpg_t128x64k32g42s32_texture3d_texture2d_half,2048,8192,3072,10.2216,10.084
780m,3b,8da4w,parent,sarc_linear_dq8ca_coopmat_zpg_t128x64k32g42s32_texture3d_texture2d_half,2048,8192,3072,10.5156,9.802
780m,3b,8da4w,parent,sarc_linear_dq8ca_coopmat_zpg_t128x64k32g42s32_texture3d_texture2d_half,2048,3072,8192,10.2775,10.03
780m,3b,8da4w,parent,sarc_linear_dq8ca_coopmat_zpg_t128x64k32g42s32_texture3d_texture2d_half,2048,3072,3072,3.9426,9.804
780m,3b,8da4w,parent,sarc_linear_dq8ca_coopmat_zpg_t128x64k32g42s32_texture3d_texture2d_half,2048,1024,3072,1.3108,9.83
780m,3b,8da4w,parent,sarc_linear_dq8ca_coopmat_zpg_t128x64k32g42s32_texture3d_texture2d_half,2048,1024,3072,1.3095,9.84
780m,3b,8da4w,parent,sarc_linear_dq8ca_coopmat_zpg_t128x64k32g42s32_texture3d_texture2d_half,2048,3072,3072,3.8486,10.044
780m,3b,8da4w,parent,sarc_linear_dq8ca_coopmat_zpg_t128x64k32g42s32_texture3d_texture2d_half,2048,8192,3072,10.2175,10.088
780m,3b,8da4w,parent,sarc_linear_dq8ca_coopmat_zpg_t128x64k32g42s32_texture3d_texture2d_half,2048,8192,3072,10.6089,9.716
780m,3b,8da4w,parent,sarc_linear_dq8ca_coopmat_zpg_t128x64k32g42s32_texture3d_texture2d_half,2048,3072,8192,10.2455,10.061
780m,3b,8da4w,parent,sarc_linear_dq8ca_coopmat_zpg_t128x64k32g42s32_texture3d_texture2d_half,2048,3072,3072,3.9282,9.84
780m,3b,8da4w,parent,sarc_linear_dq8ca_coopmat_zpg_t128x64k32g42s32_texture3d_texture2d_half,2048,1024,3072,1.3079,9.852
780m,3b,8da4w,parent,sarc_linear_dq8ca_coopmat_zpg_t128x64k32g42s32_texture3d_texture2d_half,2048,1024,3072,1.3055,9.87
780m,3b,8da4w,parent,sarc_linear_dq8ca_coopmat_zpg_t128x64k32g42s32_texture3d_texture2d_half,2048,3072,3072,3.8494,10.042
780m,3b,8da4w,parent,sarc_linear_dq8ca_coopmat_zpg_t128x64k32g42s32_texture3d_texture2d_half,2048,8192,3072,10.2144,10.092
780m,3b,8da4w,parent,sarc_linear_dq8ca_coopmat_zpg_t128x64k32g42s32_texture3d_texture2d_half,2048,8192,3072,10.5274,9.792
780m,3b,8da4w,parent,sarc_linear_dq8ca_coopmat_zpg_t128x64k32g42s32_texture3d_texture2d_half,2048,3072,8192,10.2388,10.068
780m,3b,8da4w,parent,sarc_linear_dq8ca_coopmat_zpg_t128x64k32g42s32_texture3d_texture2d_half,2048,3072,3072,3.9308,9.834
780m,3b,8da4w,parent,sarc_linear_dq8ca_coopmat_zpg_t128x64k32g42s32_texture3d_texture2d_half,2048,1024,3072,1.3078,9.852
780m,3b,8da4w,parent,sarc_linear_dq8ca_coopmat_zpg_t128x64k32g42s32_texture3d_texture2d_half,2048,1024,3072,1.303,9.888
780m,3b,8da4w,parent,sarc_linear_dq8ca_coopmat_zpg_t128x64k32g42s32_texture3d_texture2d_half,2048,3072,3072,3.8492,10.042
780m,3b,8da4w,parent,sarc_linear_dq8ca_coopmat_zpg_t128x64k32g42s32_texture3d_texture2d_half,2048,8192,3072,10.208,10.098
780m,3b,8da4w,parent,sarc_linear_dq8ca_coopmat_zpg_t128x64k32g42s32_texture3d_texture2d_half,2048,8192,3072,10.5404,9.779
780m,3b,8da4w,parent,sarc_linear_dq8ca_coopmat_zpg_t128x64k32g42s32_texture3d_texture2d_half,2048,3072,8192,10.2795,10.028
780m,3b,8da4w,parent,sarc_linear_dq8ca_coopmat_zpg_t128x64k32g42s32_texture3d_texture2d_half,2048,3072,3072,3.9294,9.837
780m,3b,8da4w,parent,sarc_linear_dq8ca_coopmat_zpg_t128x64k32g42s32_texture3d_texture2d_half,2048,1024,3072,1.3076,9.854
780m,3b,8da4w,parent,sarc_linear_dq8ca_coopmat_zpg_t128x64k32g42s32_texture3d_texture2d_half,2048,1024,3072,1.3041,9.88
780m,3b,8da4w,parent,sarc_linear_dq8ca_coopmat_zpg_t128x64k32g42s32_texture3d_texture2d_half,2048,3072,3072,3.8477,10.046
780m,3b,8da4w,parent,sarc_linear_dq8ca_coopmat_zpg_t128x64k32g42s32_texture3d_texture2d_half,2048,8192,3072,10.2164,10.09
780m,3b,8da4w,parent,sarc_linear_dq8ca_coopmat_zpg_t128x64k32g42s32_texture3d_texture2d_half,2048,8192,3072,10.5547,9.766
780m,3b,8da4w,parent,sarc_linear_dq8ca_coopmat_zpg_t128x64k32g42s32_texture3d_texture2d_half,2048,3072,8192,10.2721,10.035
780m,3b,8da4w,parent,sarc_linear_dq8ca_coopmat_zpg_t128x64k32g42s32_texture3d_texture2d_half,2048,3072,3072,3.9268,9.844
780m,3b,8da4w,parent,sarc_linear_dq8ca_coopmat_zpg_t128x64k32g42s32_texture3d_texture2d_half,2048,1024,3072,1.3082,9.849
780m,3b,8da4w,parent,sarc_linear_dq8ca_coopmat_zpg_t128x64k32g42s32_texture3d_texture2d_half,2048,1024,3072,1.3092,9.842
780m,3b,8da4w,parent,sarc_linear_dq8ca_coopmat_zpg_t128x64k32g42s32_texture3d_texture2d_half,2048,3072,3072,3.8537,10.03
780m,3b,8da4w,parent,sarc_linear_dq8ca_coopmat_zpg_t128x64k32g42s32_texture3d_texture2d_half,2048,8192,3072,10.2159,10.09
780m,3b,8da4w,parent,sarc_linear_dq8ca_coopmat_zpg_t128x64k32g42s32_texture3d_texture2d_half,2048,8192,3072,10.5189,9.799
780m,3b,8da4w,parent,sarc_linear_dq8ca_coopmat_zpg_t128x64k32g42s32_texture3d_texture2d_half,2048,3072,8192,10.2437,10.063
780m,3b,8da4w,parent,sarc_linear_dq8ca_coopmat_zpg_t128x64k32g42s32_texture3d_texture2d_half,2048,3072,3072,3.9329,9.829
780m,3b,8da4w,parent,sarc_linear_dq8ca_coopmat_zpg_t128x64k32g42s32_texture3d_texture2d_half,2048,1024,3072,1.3074,9.855
780m,3b,8da4w,parent,sarc_linear_dq8ca_coopmat_zpg_t128x64k32g42s32_texture3d_texture2d_half,2048,1024,3072,1.308,9.851
780m,3b,8da4w,parent,sarc_linear_dq8ca_coopmat_zpg_t128x64k32g42s32_texture3d_texture2d_half,2048,3072,3072,3.852,10.035
780m,3b,8da4w,parent,sarc_linear_dq8ca_coopmat_zpg_t128x64k32g42s32_texture3d_texture2d_half,2048,8192,3072,10.2033,10.103
780m,3b,8da4w,parent,sarc_linear_dq8ca_coopmat_zpg_t128x64k32g42s32_texture3d_texture2d_half,2048,8192,3072,10.5485,9.772
780m,3b,8da4w,parent,sarc_linear_dq8ca_coopmat_zpg_t128x64k32g42s32_texture3d_texture2d_half,2048,3072,8192,10.2591,10.048
780m,3b,8da4w,parent,sarc_linear_dq8ca_coopmat_zpg_t128x64k32g42s32_texture3d_texture2d_half,2048,3072,3072,3.925,9.848
780m,3b,8da4w,parent,sarc_linear_dq8ca_coopmat_zpg_t128x64k32g42s32_texture3d_texture2d_half,2048,1024,3072,1.305,9.874
780m,3b,8da4w,parent,sarc_linear_dq8ca_coopmat_zpg_t128x64k32g42s32_texture3d_texture2d_half,2048,1024,3072,1.3072,9.857
780m,3b,8da4w,parent,sarc_linear_dq8ca_coopmat_zpg_t128x64k32g42s32_texture3d_texture2d_half,2048,3072,3072,3.8376,10.073
780m,3b,8da4w,parent,sarc_linear_dq8ca_coopmat_zpg_t128x64k32g42s32_texture3d_texture2d_half,2048,8192,3072,10.213,10.093
780m,3b,8da4w,parent,sarc_linear_dq8ca_coopmat_zpg_t128x64k32g42s32_texture3d_texture2d_half,2048,8192,3072,10.5621,9.759
780m,3b,8da4w,parent,sarc_linear_dq8ca_coopmat_zpg_t128x64k32g42s32_texture3d_texture2d_half,2048,3072,8192,10.3156,9.993
780m,3b,8da4w,parent,sarc_linear_dq8ca_coopmat_zpg_t128x64k32g42s32_texture3d_texture2d_half,2048,3072,3072,3.9342,9.825
780m,3b,8da4w,parent,sarc_linear_dq8ca_coopmat_zpg_t128x64k32g42s32_texture3d_texture2d_half,2048,1024,3072,1.3089,9.844
780m,3b,8da4w,parent,sarc_linear_dq8ca_coopmat_zpg_t128x64k32g42s32_texture3d_texture2d_half,2048,1024,3072,1.3087,9.845
780m,3b,8da4w,parent,sarc_linear_dq8ca_coopmat_zpg_t128x64k32g42s32_texture3d_texture2d_half,2048,3072,3072,3.8554,10.026
780m,3b,8da4w,parent,sarc_linear_dq8ca_coopmat_zpg_t128x64k32g42s32_texture3d_texture2d_half,2048,8192,3072,10.2192,10.087
780m,3b,8da4w,parent,sarc_linear_dq8ca_coopmat_zpg_t128x64k32g42s32_texture3d_texture2d_half,2048,8192,3072,10.5121,9.806
780m,3b,8da4w,parent,sarc_linear_dq8ca_coopmat_zpg_t128x64k32g42s32_texture3d_texture2d_half,2048,3072,8192,10.2647,10.042
780m,3b,8da4w,parent,sarc_linear_dq8ca_coopmat_zpg_t128x64k32g42s32_texture3d_texture2d_half,2048,3072,3072,3.9282,9.84
780m,3b,8da4w,parent,sarc_linear_dq8ca_coopmat_zpg_t128x64k32g42s32_texture3d_texture2d_half,2048,1024,3072,1.3078,9.852
780m,3b,8da4w,parent,sarc_linear_dq8ca_coopmat_zpg_t128x64k32g42s32_texture3d_texture2d_half,2048,1024,3072,1.3091,9.843
780m,3b,8da4w,parent,sarc_linear_dq8ca_coopmat_zpg_t128x64k32g42s32_texture3d_texture2d_half,2048,3072,3072,3.8492,10.042
780m,3b,8da4w,parent,sarc_linear_dq8ca_coopmat_zpg_t128x64k32g42s32_texture3d_texture2d_half,2048,8192,3072,10.2104,10.096
780m,3b,8da4w,parent,sarc_linear_dq8ca_coopmat_zpg_t128x64k32g42s32_texture3d_texture2d_half,2048,8192,3072,10.5479,9.773
780m,3b,8da4w,parent,sarc_linear_dq8ca_coopmat_zpg_t128x64k32g42s32_texture3d_texture2d_half,2048,3072,8192,10.279,10.028
780m,3b,8da4w,parent,sarc_linear_dq8ca_coopmat_zpg_t128x64k32g42s32_texture3d_texture2d_half,2048,3072,3072,3.9245,9.85
780m,3b,8da4w,parent,sarc_linear_dq8ca_coopmat_zpg_t128x64k32g42s32_texture3d_texture2d_half,2048,1024,3072,1.3094,9.841
780m,3b,8da4w,parent,sarc_linear_dq8ca_coopmat_zpg_t128x64k32g42s32_texture3d_texture2d_half,2048,1024,3072,1.3089,9.844
780m,3b,8da4w,parent,sarc_linear_dq8ca_coopmat_zpg_t128x64k32g42s32_texture3d_texture2d_half,2048,3072,3072,3.8365,10.075
780m,3b,8da4w,parent,sarc_linear_dq8ca_coopmat_zpg_t128x64k32g42s32_texture3d_texture2d_half,2048,8192,3072,10.1954,10.11
780m,3b,8da4w,parent,sarc_linear_dq8ca_coopmat_zpg_t128x64k32g42s32_texture3d_texture2d_half,2048,8192,3072,10.5554,9.766
780m,3b,8da4w,parent,sarc_linear_dq8ca_coopmat_zpg_t128x64k32g42s32_texture3d_texture2d_half,2048,3072,8192,10.2616,10.045
780m,3b,8da4w,parent,sarc_linear_dq8ca_coopmat_zpg_t128x64k32g42s32_texture3d_texture2d_half,2048,3072,3072,3.9388,9.814
780m,3b,8da4w,parent,sarc_linear_dq8ca_coopmat_zpg_t128x64k32g42s32_texture3d_texture2d_half,2048,1024,3072,1.3092,9.842
780m,3b,8da4w,parent,sarc_linear_dq8ca_coopmat_zpg_t128x64k32g42s32_texture3d_texture2d_half,2048,1024,3072,1.3064,9.863
780m,3b,8da4w,parent,sarc_linear_dq8ca_coopmat_zpg_t128x64k32g42s32_texture3d_texture2d_half,2048,3072,3072,3.8525,10.034
780m,3b,8da4w,parent,sarc_linear_dq8ca_coopmat_zpg_t128x64k32g42s32_texture3d_texture2d_half,2048,8192,3072,10.2156,10.09
780m,3b,8da4w,parent,sarc_linear_dq8ca_coopmat_zpg_t128x64k32g42s32_texture3d_texture2d_half,2048,8192,3072,10.5693,9.753
780m,3b,8da4w,parent,sarc_linear_dq8ca_coopmat_zpg_t128x64k32g42s32_texture3d_texture2d_half,2048,3072,8192,10.2838,10.023
780m,3b,8da4w,parent,sarc_linear_dq8ca_coopmat_zpg_t128x64k32g42s32_texture3d_texture2d_half,2048,3072,3072,3.9339,9.826
780m,3b,8da4w,parent,sarc_linear_dq8ca_coopmat_zpg_t128x64k32g42s32_texture3d_texture2d_half,2048,1024,3072,1.3045,9.877
780m,3b,8da4w,parent,sarc_linear_dq8ca_coopmat_zpg_t128x64k32g42s32_texture3d_texture2d_half,2048,1024,3072,1.3079,9.851
780m,3b,8da4w,parent,sarc_linear_dq8ca_coopmat_zpg_t128x64k32g42s32_texture3d_texture2d_half,2048,3072,3072,3.8386,10.07
780m,3b,8da4w,parent,sarc_linear_dq8ca_coopmat_zpg_t128x64k32g42s32_texture3d_texture2d_half,2048,8192,3072,10.2303,10.076
780m,3b,8da4w,parent,sarc_linear_dq8ca_coopmat_zpg_t128x64k32g42s32_texture3d_texture2d_half,2048,8192,3072,10.5767,9.746
780m,3b,8da4w,parent,sarc_linear_dq8ca_coopmat_zpg_t128x64k32g42s32_texture3d_texture2d_half,2048,3072,8192,10.2712,10.036
780m,3b,8da4w,parent,sarc_linear_dq8ca_coopmat_zpg_t128x64k32g42s32_texture3d_texture2d_half,2048,3072,3072,3.929,9.838
780m,3b,8da4w,parent,sarc_linear_dq8ca_coopmat_zpg_t128x64k32g42s32_texture3d_texture2d_half,2048,1024,3072,1.3027,9.891
780m,3b,8da4w,parent,sarc_linear_dq8ca_coopmat_zpg_t128x64k32g42s32_texture3d_texture2d_half,2048,1024,3072,1.3074,9.856
780m,3b,8da4w,parent,sarc_linear_dq8ca_coopmat_zpg_t128x64k32g42s32_texture3d_texture2d_half,2048,3072,3072,3.835,10.079
780m,3b,8da4w,parent,sarc_linear_dq8ca_coopmat_zpg_t128x64k32g42s32_texture3d_texture2d_half,2048,8192,3072,10.209,10.097
780m,3b,8da4w,parent,sarc_linear_dq8ca_coopmat_zpg_t128x64k32g42s32_texture3d_texture2d_half,2048,8192,3072,10.5588,9.762
780m,3b,8da4w,parent,sarc_linear_dq8ca_coopmat_zpg_t128x64k32g42s32_texture3d_texture2d_half,2048,3072,8192,10.2492,10.057
780m,3b,8da4w,parent,sarc_linear_dq8ca_coopmat_zpg_t128x64k32g42s32_texture3d_texture2d_half,2048,3072,3072,3.9396,9.812
780m,3b,8da4w,parent,sarc_linear_dq8ca_coopmat_zpg_t128x64k32g42s32_texture3d_texture2d_half,2048,1024,3072,1.3073,9.856
780m,3b,8da4w,parent,sarc_linear_dq8ca_coopmat_zpg_t128x64k32g42s32_texture3d_texture2d_half,2048,1024,3072,1.3086,9.846
780m,3b,8da4w,parent,sarc_linear_dq8ca_coopmat_zpg_t128x64k32g42s32_texture3d_texture2d_half,2048,3072,3072,3.8488,10.043
780m,3b,8da4w,parent,sarc_linear_dq8ca_coopmat_zpg_t128x64k32g42s32_texture3d_texture2d_half,2048,8192,3072,10.2168,10.089
780m,3b,8da4w,parent,sarc_linear_dq8ca_coopmat_zpg_t128x64k32g42s32_texture3d_texture2d_half,2048,8192,3072,10.5639,9.758
780m,3b,8da4w,parent,sarc_linear_dq8ca_coopmat_zpg_t128x64k32g42s32_texture3d_texture2d_half,2048,3072,8192,10.2716,10.035
780m,3b,8da4w,parent,sarc_linear_dq8ca_coopmat_zpg_t128x64k32g42s32_texture3d_texture2d_half,2048,3072,3072,3.9327,9.829
780m,3b,8da4w,parent,sarc_linear_dq8ca_coopmat_zpg_t128x64k32g42s32_texture3d_texture2d_half,2048,1024,3072,1.3035,9.885
780m,3b,8da4w,parent,sarc_linear_dq8ca_coopmat_zpg_t128x64k32g42s32_texture3d_texture2d_half,2048,1024,3072,1.3055,9.87
780m,3b,8da4w,parent,sarc_linear_dq8ca_coopmat_zpg_t128x64k32g42s32_texture3d_texture2d_half,2048,3072,3072,3.8372,10.074
780m,3b,8da4w,parent,sarc_linear_dq8ca_coopmat_zpg_t128x64k32g42s32_texture3d_texture2d_half,2048,8192,3072,10.2124,10.094
780m,3b,8da4w,parent,sarc_linear_dq8ca_coopmat_zpg_t128x64k32g42s32_texture3d_texture2d_half,2048,8192,3072,10.5042,9.813
780m,3b,8da4w,parent,sarc_linear_dq8ca_coopmat_zpg_t128x64k32g42s32_texture3d_texture2d_half,2048,3072,8192,10.2715,10.035
780m,3b,8da4w,parent,sarc_linear_dq8ca_coopmat_zpg_t128x64k32g42s32_texture3d_texture2d_half,2048,3072,3072,3.9292,9.838
780m,3b,8da4w,parent,sarc_linear_dq8ca_coopmat_zpg_t128x64k32g42s32_texture3d_texture2d_half,2048,1024,3072,1.3074,9.855
780m,3b,8da4w,parent,sarc_linear_dq8ca_coopmat_zpg_t128x64k32g42s32_texture3d_texture2d_half,2048,1024,3072,1.3089,9.844
780m,3b,8da4w,parent,sarc_linear_dq8ca_coopmat_zpg_t128x64k32g42s32_texture3d_texture2d_half,2048,3072,3072,3.8545,10.028
780m,3b,8da4w,parent,sarc_linear_dq8ca_coopmat_zpg_t128x64k32g42s32_texture3d_texture2d_half,2048,8192,3072,10.228,10.078
780m,3b,8da4w,parent,sarc_linear_dq8ca_coopmat_zpg_t128x64k32g42s32_texture3d_texture2d_half,2048,8192,3072,10.5626,9.759
780m,3b,8da4w,parent,sarc_linear_dq8ca_coopmat_zpg_t128x64k32g42s32_texture3d_texture2d_half,2048,3072,8192,10.2631,10.044
780m,3b,8da4w,parent,sarc_linear_dq8ca_coopmat_zpg_t128x64k32g42s32_texture3d_texture2d_half,2048,3072,3072,3.925,9.848
780m,3b,8da4w,parent,sarc_linear_dq8ca_coopmat_zpg_t128x64k32g42s32_texture3d_texture2d_half,2048,1024,3072,1.3054,9.871
780m,3b,8da4w,parent,sarc_linear_dq8ca_coopmat_zpg_t128x64k32g42s32_texture3d_texture2d_half,2048,1024,3072,1.308,9.851
780m,3b,8da4w,parent,sarc_linear_dq8ca_coopmat_zpg_t128x64k32g42s32_texture3d_texture2d_half,2048,3072,3072,3.845,10.053
780m,3b,8da4w,parent,sarc_linear_dq8ca_coopmat_zpg_t128x64k32g42s32_texture3d_texture2d_half,2048,8192,3072,10.2182,10.088
780m,3b,8da4w,parent,sarc_linear_dq8ca_coopmat_zpg_t128x64k32g42s32_texture3d_texture2d_half,2048,8192,3072,10.5623,9.759
780m,3b,8da4w,parent,sarc_linear_dq8ca_coopmat_zpg_t128x64k32g42s32_texture3d_texture2d_half,2048,3072,8192,10.2864,10.021
780m,3b,8da4w,parent,sarc_linear_dq8ca_coopmat_zpg_t128x64k32g42s32_texture3d_texture2d_half,2048,3072,3072,3.9289,9.839
780m,3b,8da4w,parent,sarc_linear_dq8ca_coopmat_zpg_t128x64k32g42s32_texture3d_texture2d_half,2048,1024,3072,1.3058,9.867
780m,3b,8da4w,parent,sarc_linear_dq8ca_coopmat_zpg_t128x64k32g42s32_texture3d_texture2d_half,2048,1024,3072,1.3058,9.868
780m,3b,8da4w,parent,sarc_linear_dq8ca_coopmat_zpg_t128x64k32g42s32_texture3d_texture2d_half,2048,3072,3072,3.844,10.056
780m,3b,8da4w,parent,sarc_linear_dq8ca_coopmat_zpg_t128x64k32g42s32_texture3d_texture2d_half,2048,8192,3072,10.1999,10.106
780m,3b,8da4w,parent,sarc_linear_dq8ca_coopmat_zpg_t128x64k32g42s32_texture3d_texture2d_half,2048,8192,3072,10.4926,9.824
780m,3b,8da4w,parent,sarc_linear_dq8ca_coopmat_zpg_t128x64k32g42s32_texture3d_texture2d_half,2048,3072,8192,10.2822,10.025
780m,3b,8da4w,parent,sarc_linear_dq8ca_coopmat_zpg_t128x64k32g42s32_texture3d_texture2d_half,2048,3072,3072,3.9358,9.821
780m,3b,8da4w,parent,sarc_linear_dq8ca_coopmat_zpg_t128x64k32g42s32_texture3d_texture2d_half,2048,1024,3072,1.3061,9.865
780m,3b,8da4w,parent,sarc_linear_dq8ca_coopmat_zpg_t128x64k32g42s32_texture3d_texture2d_half,2048,1024,3072,1.3048,9.875
780m,3b,8da4w,parent,sarc_linear_dq8ca_coopmat_zpg_t128x64k32g42s32_texture3d_texture2d_half,2048,3072,3072,3.8475,10.047
780m,3b,8da4w,parent,sarc_linear_dq8ca_coopmat_zpg_t128x64k32g42s32_texture3d_texture2d_half,2048,8192,3072,10.213,10.093
780m,3b,8da4w,parent,sarc_linear_dq8ca_coopmat_zpg_t128x64k32g42s32_texture3d_texture2d_half,2048,8192,3072,10.5534,9.767
780m,3b,8da4w,parent,sarc_linear_dq8ca_coopmat_zpg_t128x64k32g42s32_texture3d_texture2d_half,2048,3072,8192,10.2658,10.041
780m,3b,8da4w,parent,sarc_linear_dq8ca_coopmat_zpg_t128x64k32g42s32_texture3d_texture2d_half,2048,3072,3072,3.9381,9.816
780m,3b,8da4w,parent,sarc_linear_dq8ca_coopmat_zpg_t128x64k32g42s32_texture3d_texture2d_half,2048,1024,3072,1.308,9.851
780m,3b,8da4w,parent,sarc_linear_dq8ca_coopmat_zpg_t128x64k32g42s32_texture3d_texture2d_half,2048,1024,3072,1.3082,9.85
780m,3b,8da4w,parent,sarc_linear_dq8ca_coopmat_zpg_t128x64k32g42s32_texture3d_texture2d_half,2048,3072,3072,3.8442,10.055
780m,3b,8da4w,parent,sarc_linear_dq8ca_coopmat_zpg_t128x64k32g42s32_texture3d_texture2d_half,2048,8192,3072,10.2189,10.087
780m,3b,8da4w,parent,sarc_linear_dq8ca_coopmat_zpg_t128x64k32g42s32_texture3d_texture2d_half,2048,8192,3072,10.5681,9.754
780m,3b,8da4w,parent,sarc_linear_dq8ca_coopmat_zpg_t128x64k32g42s32_texture3d_texture2d_half,2048,3072,8192,10.2812,10.026
780m,3b,8da4w,parent,sarc_linear_dq8ca_coopmat_zpg_t128x64k32g42s32_texture3d_texture2d_half,2048,3072,3072,3.9415,9.807
780m,3b,8da4w,parent,sarc_linear_dq8ca_coopmat_zpg_t128x64k32g42s32_texture3d_texture2d_half,2048,1024,3072,1.3106,9.831
780m,3b,8da4w,parent,sarc_linear_dq8ca_coopmat_zpg_t128x64k32g42s32_texture3d_texture2d_half,2048,1024,3072,1.3122,9.819
780m,3b,8da4w,parent,sarc_linear_dq8ca_coopmat_zpg_t128x64k32g42s32_texture3d_texture2d_half,2048,3072,3072,3.8454,10.052
780m,3b,8da4w,parent,sarc_linear_dq8ca_coopmat_zpg_t128x64k32g42s32_texture3d_texture2d_half,2048,8192,3072,10.2126,10.093
780m,3b,8da4w,parent,sarc_linear_dq8ca_coopmat_zpg_t128x64k32g42s32_texture3d_texture2d_half,2048,8192,3072,10.5532,9.768
780m,3b,8da4w,parent,sarc_linear_dq8ca_coopmat_zpg_t128x64k32g42s32_texture3d_texture2d_half,2048,3072,8192,10.2536,10.053
780m,3b,8da4w,parent,sarc_linear_dq8ca_coopmat_zpg_t128x64k32g42s32_texture3d_texture2d_half,2048,3072,3072,3.9375,9.817
780m,3b,8da4w,parent,sarc_linear_dq8ca_coopmat_zpg_t128x64k32g42s32_texture3d_texture2d_half,2048,1024,3072,1.3058,9.867
780m,3b,8da4w,parent,sarc_linear_dq8ca_coopmat_zpg_t128x64k32g42s32_texture3d_texture2d_half,2048,1024,3072,1.3076,9.854
780m,3b,8da4w,parent,sarc_linear_dq8ca_coopmat_zpg_t128x64k32g42s32_texture3d_texture2d_half,2048,3072,3072,3.8462,10.05
780m,3b,8da4w,parent,sarc_linear_dq8ca_coopmat_zpg_t128x64k32g42s32_texture3d_texture2d_half,2048,8192,3072,10.2222,10.084
780m,3b,8da4w,parent,sarc_linear_dq8ca_coopmat_zpg_t128x64k32g42s32_texture3d_texture2d_half,2048,8192,3072,10.5352,9.784
780m,3b,8da4w,parent,sarc_linear_dq8ca_coopmat_zpg_t128x64k32g42s32_texture3d_texture2d_half,2048,3072,8192,10.2774,10.03
780m,3b,8da4w,parent,sarc_linear_dq8ca_coopmat_zpg_t128x64k32g42s32_texture3d_texture2d_half,2048,3072,3072,3.9302,9.835
780m,3b,8da4w,parent,sarc_linear_dq8ca_coopmat_zpg_t128x64k32g42s32_texture3d_texture2d_half,2048,1024,3072,1.3052,9.872
780m,3b,8da4w,parent,sarc_linear_dq8ca_coopmat_zpg_t128x64k32g42s32_texture3d_texture2d_half,2048,1024,3072,1.31,9.836
780m,3b,8da4w,parent,sarc_linear_dq8ca_coopmat_zpg_t128x64k32g42s32_texture3d_texture2d_half,2048,3072,3072,3.8432,10.058
780m,3b,8da4w,parent,sarc_linear_dq8ca_coopmat_zpg_t128x64k32g42s32_texture3d_texture2d_half,2048,8192,3072,10.2124,10.094
780m,3b,8da4w,parent,sarc_linear_dq8ca_coopmat_zpg_t128x64k32g42s32_texture3d_texture2d_half,2048,8192,3072,10.5203,9.798
780m,3b,8da4w,parent,sarc_linear_dq8ca_coopmat_zpg_t128x64k32g42s32_texture3d_texture2d_half,2048,3072,8192,10.258,10.049
780m,3b,8da4w,parent,sarc_linear_dq8ca_coopmat_zpg_t128x64k32g42s32_texture3d_texture2d_half,2048,3072,3072,3.9391,9.813
780m,3b,8da4w,parent,sarc_linear_dq8ca_coopmat_zpg_t128x64k32g42s32_texture3d_texture2d_half,2048,1024,3072,1.3073,9.856
780m,3b,8da4w,parent,sarc_linear_dq8ca_coopmat_zpg_t128x64k32g42s32_texture3d_texture2d_half,2048,1024,3072,1.3072,9.857
780m,3b,8da4w,parent,sarc_linear_dq8ca_coopmat_zpg_t128x64k32g42s32_texture3d_texture2d_half,2048,3072,3072,3.8364,10.076
780m,3b,8da4w,parent,sarc_linear_dq8ca_coopmat_zpg_t128x64k32g42s32_texture3d_texture2d_half,2048,8192,3072,10.2108,10.095
780m,3b,8da4w,parent,sarc_linear_dq8ca_coopmat_zpg_t128x64k32g42s32_texture3d_texture2d_half,2048,8192,3072,10.5315,9.788
780m,3b,8da4w,parent,sarc_linear_dq8ca_coopmat_zpg_t128x64k32g42s32_texture3d_texture2d_half,2048,3072,8192,10.2514,10.055
780m,3b,8da4w,parent,sarc_linear_dq8ca_coopmat_zpg_t128x64k32g42s32_texture3d_texture2d_half,2048,3072,3072,3.9146,9.874
780m,3b,8da4w,parent,sarc_linear_dq8ca_coopmat_zpg_t128x64k32g42s32_texture3d_texture2d_half,2048,1024,3072,1.3098,9.838
780m,3b,8da4w,parent,sarc_linear_dq8ca_coopmat_zpg_t128x64k32g42s32_texture3d_texture2d_half,2048,1024,3072,1.3064,9.863
780m,3b,8da4w,parent,sarc_linear_dq8ca_coopmat_zpg_t128x64k32g42s32_texture3d_texture2d_half,2048,3072,3072,3.8452,10.053
780m,3b,8da4w,parent,sarc_linear_dq8ca_coopmat_zpg_t128x64k32g42s32_texture3d_texture2d_half,2048,8192,3072,10.208,10.098
780m,3b,8da4w,parent,sarc_linear_dq8ca_coopmat_zpg_t128x64k32g42s32_texture3d_texture2d_half,2048,8192,3072,10.5402,9.78
780m,3b,8da4w,parent,sarc_linear_dq8ca_coopmat_zpg_t128x64k32g42s32_texture3d_texture2d_half,2048,3072,8192,10.2919,10.016
780m,3b,8da4w,parent,sarc_linear_dq8ca_coopmat_zpg_t128x64k32g42s32_texture3d_texture2d_half,2048,3072,3072,3.9336,9.827
780m,3b,8da4w,parent,sarc_linear_dq8ca_coopmat_zpg_t128x64k32g42s32_texture3d_texture2d_half,2048,1024,3072,1.3057,9.868
780m,3b,8da4w,parent,sarc_linear_dq8ca_coopmat_zpg_t128x64k32g42s32_texture3d_texture2d_half,2048,1024,3072,1.307,9.859
780m,3b,8da4w,parent,sarc_linear_dq8ca_coopmat_zpg_t128x64k32g42s32_texture3d_texture2d_half,2048,3072,3072,3.8495,10.042
780m,3b,8da4w,parent,sarc_linear_dq8ca_coopmat_zpg_t128x64k32g42s32_texture3d_texture2d_half,2048,8192,3072,10.2076,10.098
780m,3b,8da4w,parent,sarc_linear_dq8ca_coopmat_zpg_t128x64k32g42s32_texture3d_texture2d_half,2048,8192,3072,10.5432,9.777
780m,3b,8da4w,parent,sarc_linear_dq8ca_coopmat_zpg_t128x64k32g42s32_texture3d_texture2d_half,2048,3072,8192,10.2679,10.039
780m,3b,8da4w,parent,sarc_linear_dq8ca_coopmat_zpg_t128x64k32g42s32_texture3d_texture2d_half,2048,3072,3072,3.938,9.816
780m,3b,8da4w,parent,sarc_linear_dq8ca_coopmat_zpg_t128x64k32g42s32_texture3d_texture2d_half,2048,1024,3072,1.304,9.881
780m,3b,8da4w,parent,sarc_linear_dq8ca_coopmat_zpg_t128x64k32g42s32_texture3d_texture2d_half,2048,1024,3072,1.3082,9.849
780m,3b,8da4w,parent,sarc_linear_dq8ca_coopmat_zpg_t128x64k32g42s32_texture3d_texture2d_half,2048,3072,3072,3.8466,10.049
780m,3b,8da4w,parent,sarc_linear_dq8ca_coopmat_zpg_t128x64k32g42s32_texture3d_texture2d_half,2048,8192,3072,10.2228,10.083
780m,3b,8da4w,parent,sarc_linear_dq8ca_coopmat_zpg_t128x64k32g42s32_texture3d_texture2d_half,2048,8192,3072,10.5259,9.793
780m,3b,8da4w,parent,sarc_linear_dq8ca_coopmat_zpg_t128x64k32g42s32_texture3d_texture2d_half,2048,3072,8192,10.2583,10.048
780m,8b,4w,cand,sarc_linear_q4gsw_coopmat_sweep_t128x256k32g42s32f32c_texture3d_texture2d_half,2048,4096,4096,6.4536,10.648
780m,8b,4w,cand,sarc_linear_q4gsw_coopmat_sweep_t128x256k32g42s32f32c_texture3d_texture2d_half,2048,1024,4096,1.7619,9.751
780m,8b,4w,cand,sarc_linear_q4gsw_coopmat_sweep_t128x256k32g42s32f32c_texture3d_texture2d_half,2048,1024,4096,1.6898,10.167
780m,8b,4w,cand,sarc_linear_q4gsw_coopmat_sweep_t128x256k32g42s32f32c_texture3d_texture2d_half,2048,4096,4096,6.4244,10.697
780m,8b,4w,cand,sarc_linear_q4gsw_coopmat_sweep_t128x256k32g42s32f32c_texture3d_texture2d_half,2048,14336,4096,22.9359,10.487
780m,8b,4w,cand,sarc_linear_q4gsw_coopmat_sweep_t128x256k32g42s32f32c_texture3d_texture2d_half,2048,14336,4096,23.1701,10.381
780m,8b,4w,cand,sarc_linear_q4gsw_coopmat_sweep_t128x256k32g42s32f32c_texture3d_texture2d_half,2048,4096,14336,23.3462,10.302
780m,8b,4w,cand,sarc_linear_q4gsw_coopmat_sweep_t128x256k32g42s32f32c_texture3d_texture2d_half,2048,4096,4096,6.8089,10.093
780m,8b,4w,cand,sarc_linear_q4gsw_coopmat_sweep_t128x256k32g42s32f32c_texture3d_texture2d_half,2048,1024,4096,1.8206,9.436
780m,8b,4w,cand,sarc_linear_q4gsw_coopmat_sweep_t128x256k32g42s32f32c_texture3d_texture2d_half,2048,1024,4096,1.7426,9.859
780m,8b,4w,cand,sarc_linear_q4gsw_coopmat_sweep_t128x256k32g42s32f32c_texture3d_texture2d_half,2048,4096,4096,6.3643,10.798
780m,8b,4w,cand,sarc_linear_q4gsw_coopmat_sweep_t128x256k32g42s32f32c_texture3d_texture2d_half,2048,14336,4096,23.1272,10.4
780m,8b,4w,cand,sarc_linear_q4gsw_coopmat_sweep_t128x256k32g42s32f32c_texture3d_texture2d_half,2048,14336,4096,23.2422,10.348
780m,8b,4w,cand,sarc_linear_q4gsw_coopmat_sweep_t128x256k32g42s32f32c_texture3d_texture2d_half,2048,4096,14336,23.2099,10.363
780m,8b,4w,cand,sarc_linear_q4gsw_coopmat_sweep_t128x256k32g42s32f32c_texture3d_texture2d_half,2048,4096,4096,6.8266,10.066
780m,8b,4w,cand,sarc_linear_q4gsw_coopmat_sweep_t128x256k32g42s32f32c_texture3d_texture2d_half,2048,1024,4096,1.8296,9.39
780m,8b,4w,cand,sarc_linear_q4gsw_coopmat_sweep_t128x256k32g42s32f32c_texture3d_texture2d_half,2048,1024,4096,1.7548,9.79
780m,8b,4w,cand,sarc_linear_q4gsw_coopmat_sweep_t128x256k32g42s32f32c_texture3d_texture2d_half,2048,4096,4096,6.4097,10.721
780m,8b,4w,cand,sarc_linear_q4gsw_coopmat_sweep_t128x256k32g42s32f32c_texture3d_texture2d_half,2048,14336,4096,23.0346,10.442
780m,8b,4w,cand,sarc_linear_q4gsw_coopmat_sweep_t128x256k32g42s32f32c_texture3d_texture2d_half,2048,14336,4096,22.7317,10.581
780m,8b,4w,cand,sarc_linear_q4gsw_coopmat_sweep_t128x256k32g42s32f32c_texture3d_texture2d_half,2048,4096,14336,23.2806,10.331
780m,8b,4w,cand,sarc_linear_q4gsw_coopmat_sweep_t128x256k32g42s32f32c_texture3d_texture2d_half,2048,4096,4096,6.7405,10.195
780m,8b,4w,cand,sarc_linear_q4gsw_coopmat_sweep_t128x256k32g42s32f32c_texture3d_texture2d_half,2048,1024,4096,1.8063,9.511
780m,8b,4w,cand,sarc_linear_q4gsw_coopmat_sweep_t128x256k32g42s32f32c_texture3d_texture2d_half,2048,1024,4096,1.7129,10.03
780m,8b,4w,cand,sarc_linear_q4gsw_coopmat_sweep_t128x256k32g42s32f32c_texture3d_texture2d_half,2048,4096,4096,6.3852,10.762
780m,8b,4w,cand,sarc_linear_q4gsw_coopmat_sweep_t128x256k32g42s32f32c_texture3d_texture2d_half,2048,14336,4096,23.1088,10.408
780m,8b,4w,cand,sarc_linear_q4gsw_coopmat_sweep_t128x256k32g42s32f32c_texture3d_texture2d_half,2048,14336,4096,23.228,10.355
780m,8b,4w,cand,sarc_linear_q4gsw_coopmat_sweep_t128x256k32g42s32f32c_texture3d_texture2d_half,2048,4096,14336,23.1445,10.392
780m,8b,4w,cand,sarc_linear_q4gsw_coopmat_sweep_t128x256k32g42s32f32c_texture3d_texture2d_half,2048,4096,4096,6.6886,10.274
780m,8b,4w,cand,sarc_linear_q4gsw_coopmat_sweep_t128x256k32g42s32f32c_texture3d_texture2d_half,2048,1024,4096,1.7999,9.545
780m,8b,4w,cand,sarc_linear_q4gsw_coopmat_sweep_t128x256k32g42s32f32c_texture3d_texture2d_half,2048,1024,4096,1.7283,9.94
780m,8b,4w,cand,sarc_linear_q4gsw_coopmat_sweep_t128x256k32g42s32f32c_texture3d_texture2d_half,2048,4096,4096,6.3667,10.794
780m,8b,4w,cand,sarc_linear_q4gsw_coopmat_sweep_t128x256k32g42s32f32c_texture3d_texture2d_half,2048,14336,4096,22.6206,10.633
780m,8b,4w,cand,sarc_linear_q4gsw_coopmat_sweep_t128x256k32g42s32f32c_texture3d_texture2d_half,2048,14336,4096,23.1683,10.381
780m,8b,4w,cand,sarc_linear_q4gsw_coopmat_sweep_t128x256k32g42s32f32c_texture3d_texture2d_half,2048,4096,14336,23.125,10.401
780m,8b,4w,cand,sarc_linear_q4gsw_coopmat_sweep_t128x256k32g42s32f32c_texture3d_texture2d_half,2048,4096,4096,6.7347,10.204
780m,8b,4w,cand,sarc_linear_q4gsw_coopmat_sweep_t128x256k32g42s32f32c_texture3d_texture2d_half,2048,1024,4096,1.8212,9.433
780m,8b,4w,cand,sarc_linear_q4gsw_coopmat_sweep_t128x256k32g42s32f32c_texture3d_texture2d_half,2048,1024,4096,1.752,9.806
780m,8b,4w,cand,sarc_linear_q4gsw_coopmat_sweep_t128x256k32g42s32f32c_texture3d_texture2d_half,2048,4096,4096,6.4347,10.679
780m,8b,4w,cand,sarc_linear_q4gsw_coopmat_sweep_t128x256k32g42s32f32c_texture3d_texture2d_half,2048,14336,4096,22.9808,10.466
780m,8b,4w,cand,sarc_linear_q4gsw_coopmat_sweep_t128x256k32g42s32f32c_texture3d_texture2d_half,2048,14336,4096,23.2192,10.359
780m,8b,4w,cand,sarc_linear_q4gsw_coopmat_sweep_t128x256k32g42s32f32c_texture3d_texture2d_half,2048,4096,14336,23.0448,10.437
780m,8b,4w,cand,sarc_linear_q4gsw_coopmat_sweep_t128x256k32g42s32f32c_texture3d_texture2d_half,2048,4096,4096,6.8134,10.086
780m,8b,4w,cand,sarc_linear_q4gsw_coopmat_sweep_t128x256k32g42s32f32c_texture3d_texture2d_half,2048,1024,4096,1.8342,9.366
780m,8b,4w,cand,sarc_linear_q4gsw_coopmat_sweep_t128x256k32g42s32f32c_texture3d_texture2d_half,2048,1024,4096,1.7364,9.894
780m,8b,4w,cand,sarc_linear_q4gsw_coopmat_sweep_t128x256k32g42s32f32c_texture3d_texture2d_half,2048,4096,4096,6.3951,10.746
780m,8b,4w,cand,sarc_linear_q4gsw_coopmat_sweep_t128x256k32g42s32f32c_texture3d_texture2d_half,2048,14336,4096,23.1209,10.403
780m,8b,4w,cand,sarc_linear_q4gsw_coopmat_sweep_t128x256k32g42s32f32c_texture3d_texture2d_half,2048,14336,4096,23.1344,10.397
780m,8b,4w,cand,sarc_linear_q4gsw_coopmat_sweep_t128x256k32g42s32f32c_texture3d_texture2d_half,2048,4096,14336,23.1542,10.388
780m,8b,4w,cand,sarc_linear_q4gsw_coopmat_sweep_t128x256k32g42s32f32c_texture3d_texture2d_half,2048,4096,4096,6.7876,10.124
780m,8b,4w,cand,sarc_linear_q4gsw_coopmat_sweep_t128x256k32g42s32f32c_texture3d_texture2d_half,2048,1024,4096,1.8514,9.28
780m,8b,4w,cand,sarc_linear_q4gsw_coopmat_sweep_t128x256k32g42s32f32c_texture3d_texture2d_half,2048,1024,4096,1.7621,9.75
780m,8b,4w,cand,sarc_linear_q4gsw_coopmat_sweep_t128x256k32g42s32f32c_texture3d_texture2d_half,2048,4096,4096,6.4207,10.703
780m,8b,4w,cand,sarc_linear_q4gsw_coopmat_sweep_t128x256k32g42s32f32c_texture3d_texture2d_half,2048,14336,4096,22.8547,10.524
780m,8b,4w,cand,sarc_linear_q4gsw_coopmat_sweep_t128x256k32g42s32f32c_texture3d_texture2d_half,2048,14336,4096,22.8896,10.508
780m,8b,4w,cand,sarc_linear_q4gsw_coopmat_sweep_t128x256k32g42s32f32c_texture3d_texture2d_half,2048,4096,14336,23.2179,10.359
780m,8b,4w,cand,sarc_linear_q4gsw_coopmat_sweep_t128x256k32g42s32f32c_texture3d_texture2d_half,2048,4096,4096,6.7935,10.116
780m,8b,4w,cand,sarc_linear_q4gsw_coopmat_sweep_t128x256k32g42s32f32c_texture3d_texture2d_half,2048,1024,4096,1.8454,9.31
780m,8b,4w,cand,sarc_linear_q4gsw_coopmat_sweep_t128x256k32g42s32f32c_texture3d_texture2d_half,2048,1024,4096,1.7296,9.933
780m,8b,4w,cand,sarc_linear_q4gsw_coopmat_sweep_t128x256k32g42s32f32c_texture3d_texture2d_half,2048,4096,4096,6.3361,10.846
780m,8b,4w,cand,sarc_linear_q4gsw_coopmat_sweep_t128x256k32g42s32f32c_texture3d_texture2d_half,2048,14336,4096,23.1524,10.388
780m,8b,4w,cand,sarc_linear_q4gsw_coopmat_sweep_t128x256k32g42s32f32c_texture3d_texture2d_half,2048,14336,4096,23.2741,10.334
780m,8b,4w,cand,sarc_linear_q4gsw_coopmat_sweep_t128x256k32g42s32f32c_texture3d_texture2d_half,2048,4096,14336,23.1856,10.374
780m,8b,4w,cand,sarc_linear_q4gsw_coopmat_sweep_t128x256k32g42s32f32c_texture3d_texture2d_half,2048,4096,4096,6.6593,10.319
780m,8b,4w,cand,sarc_linear_q4gsw_coopmat_sweep_t128x256k32g42s32f32c_texture3d_texture2d_half,2048,1024,4096,1.8242,9.418
780m,8b,4w,cand,sarc_linear_q4gsw_coopmat_sweep_t128x256k32g42s32f32c_texture3d_texture2d_half,2048,1024,4096,1.7688,9.713
780m,8b,4w,cand,sarc_linear_q4gsw_coopmat_sweep_t128x256k32g42s32f32c_texture3d_texture2d_half,2048,4096,4096,6.3914,10.752
780m,8b,4w,cand,sarc_linear_q4gsw_coopmat_sweep_t128x256k32g42s32f32c_texture3d_texture2d_half,2048,14336,4096,22.7954,10.551
780m,8b,4w,cand,sarc_linear_q4gsw_coopmat_sweep_t128x256k32g42s32f32c_texture3d_texture2d_half,2048,14336,4096,23.2687,10.337
780m,8b,4w,cand,sarc_linear_q4gsw_coopmat_sweep_t128x256k32g42s32f32c_texture3d_texture2d_half,2048,4096,14336,23.1702,10.38
780m,8b,4w,cand,sarc_linear_q4gsw_coopmat_sweep_t128x256k32g42s32f32c_texture3d_texture2d_half,2048,4096,4096,6.717,10.231
780m,8b,4w,cand,sarc_linear_q4gsw_coopmat_sweep_t128x256k32g42s32f32c_texture3d_texture2d_half,2048,1024,4096,1.8447,9.313
780m,8b,4w,cand,sarc_linear_q4gsw_coopmat_sweep_t128x256k32g42s32f32c_texture3d_texture2d_half,2048,1024,4096,1.7244,9.963
780m,8b,4w,cand,sarc_linear_q4gsw_coopmat_sweep_t128x256k32g42s32f32c_texture3d_texture2d_half,2048,4096,4096,6.3597,10.805
780m,8b,4w,cand,sarc_linear_q4gsw_coopmat_sweep_t128x256k32g42s32f32c_texture3d_texture2d_half,2048,14336,4096,23.1247,10.401
780m,8b,4w,cand,sarc_linear_q4gsw_coopmat_sweep_t128x256k32g42s32f32c_texture3d_texture2d_half,2048,14336,4096,22.9696,10.471
780m,8b,4w,cand,sarc_linear_q4gsw_coopmat_sweep_t128x256k32g42s32f32c_texture3d_texture2d_half,2048,4096,14336,23.2132,10.361
780m,8b,4w,cand,sarc_linear_q4gsw_coopmat_sweep_t128x256k32g42s32f32c_texture3d_texture2d_half,2048,4096,4096,6.7635,10.16
780m,8b,4w,cand,sarc_linear_q4gsw_coopmat_sweep_t128x256k32g42s32f32c_texture3d_texture2d_half,2048,1024,4096,1.8134,9.474
780m,8b,4w,cand,sarc_linear_q4gsw_coopmat_sweep_t128x256k32g42s32f32c_texture3d_texture2d_half,2048,1024,4096,1.7146,10.02
780m,8b,4w,cand,sarc_linear_q4gsw_coopmat_sweep_t128x256k32g42s32f32c_texture3d_texture2d_half,2048,4096,4096,6.3662,10.794
780m,8b,4w,cand,sarc_linear_q4gsw_coopmat_sweep_t128x256k32g42s32f32c_texture3d_texture2d_half,2048,14336,4096,22.7224,10.585
780m,8b,4w,cand,sarc_linear_q4gsw_coopmat_sweep_t128x256k32g42s32f32c_texture3d_texture2d_half,2048,14336,4096,23.1534,10.388
780m,8b,4w,cand,sarc_linear_q4gsw_coopmat_sweep_t128x256k32g42s32f32c_texture3d_texture2d_half,2048,4096,14336,23.1492,10.39
780m,8b,4w,cand,sarc_linear_q4gsw_coopmat_sweep_t128x256k32g42s32f32c_texture3d_texture2d_half,2048,4096,4096,6.6404,10.349
780m,8b,4w,cand,sarc_linear_q4gsw_coopmat_sweep_t128x256k32g42s32f32c_texture3d_texture2d_half,2048,1024,4096,1.8278,9.399
780m,8b,4w,cand,sarc_linear_q4gsw_coopmat_sweep_t128x256k32g42s32f32c_texture3d_texture2d_half,2048,1024,4096,1.7574,9.776
780m,8b,4w,cand,sarc_linear_q4gsw_coopmat_sweep_t128x256k32g42s32f32c_texture3d_texture2d_half,2048,4096,4096,6.3546,10.814
780m,8b,4w,cand,sarc_linear_q4gsw_coopmat_sweep_t128x256k32g42s32f32c_texture3d_texture2d_half,2048,14336,4096,23.1832,10.375
780m,8b,4w,cand,sarc_linear_q4gsw_coopmat_sweep_t128x256k32g42s32f32c_texture3d_texture2d_half,2048,14336,4096,23.1662,10.382
780m,8b,4w,cand,sarc_linear_q4gsw_coopmat_sweep_t128x256k32g42s32f32c_texture3d_texture2d_half,2048,4096,14336,23.1914,10.371
780m,8b,4w,cand,sarc_linear_q4gsw_coopmat_sweep_t128x256k32g42s32f32c_texture3d_texture2d_half,2048,4096,4096,6.8032,10.101
780m,8b,4w,cand,sarc_linear_q4gsw_coopmat_sweep_t128x256k32g42s32f32c_texture3d_texture2d_half,2048,1024,4096,1.8284,9.396
780m,8b,4w,cand,sarc_linear_q4gsw_coopmat_sweep_t128x256k32g42s32f32c_texture3d_texture2d_half,2048,1024,4096,1.7706,9.703
780m,8b,4w,cand,sarc_linear_q4gsw_coopmat_sweep_t128x256k32g42s32f32c_texture3d_texture2d_half,2048,4096,4096,6.4165,10.71
780m,8b,4w,cand,sarc_linear_q4gsw_coopmat_sweep_t128x256k32g42s32f32c_texture3d_texture2d_half,2048,14336,4096,22.8092,10.545
780m,8b,4w,cand,sarc_linear_q4gsw_coopmat_sweep_t128x256k32g42s32f32c_texture3d_texture2d_half,2048,14336,4096,23.2622,10.339
780m,8b,4w,cand,sarc_linear_q4gsw_coopmat_sweep_t128x256k32g42s32f32c_texture3d_texture2d_half,2048,4096,14336,23.1602,10.385
780m,8b,4w,cand,sarc_linear_q4gsw_coopmat_sweep_t128x256k32g42s32f32c_texture3d_texture2d_half,2048,4096,4096,6.6906,10.271
780m,8b,4w,cand,sarc_linear_q4gsw_coopmat_sweep_t128x256k32g42s32f32c_texture3d_texture2d_half,2048,1024,4096,1.8286,9.395
780m,8b,4w,cand,sarc_linear_q4gsw_coopmat_sweep_t128x256k32g42s32f32c_texture3d_texture2d_half,2048,1024,4096,1.7313,9.923
780m,8b,4w,cand,sarc_linear_q4gsw_coopmat_sweep_t128x256k32g42s32f32c_texture3d_texture2d_half,2048,4096,4096,6.3907,10.753
780m,8b,4w,cand,sarc_linear_q4gsw_coopmat_sweep_t128x256k32g42s32f32c_texture3d_texture2d_half,2048,14336,4096,23.0868,10.418
780m,8b,4w,cand,sarc_linear_q4gsw_coopmat_sweep_t128x256k32g42s32f32c_texture3d_texture2d_half,2048,14336,4096,22.9244,10.492
780m,8b,4w,cand,sarc_linear_q4gsw_coopmat_sweep_t128x256k32g42s32f32c_texture3d_texture2d_half,2048,4096,14336,23.1053,10.41
780m,8b,4w,cand,sarc_linear_q4gsw_coopmat_sweep_t128x256k32g42s32f32c_texture3d_texture2d_half,2048,4096,4096,6.7674,10.154
780m,8b,4w,cand,sarc_linear_q4gsw_coopmat_sweep_t128x256k32g42s32f32c_texture3d_texture2d_half,2048,1024,4096,1.8555,9.259
780m,8b,4w,cand,sarc_linear_q4gsw_coopmat_sweep_t128x256k32g42s32f32c_texture3d_texture2d_half,2048,1024,4096,1.743,9.857
780m,8b,4w,cand,sarc_linear_q4gsw_coopmat_sweep_t128x256k32g42s32f32c_texture3d_texture2d_half,2048,4096,4096,6.3839,10.764
780m,8b,4w,cand,sarc_linear_q4gsw_coopmat_sweep_t128x256k32g42s32f32c_texture3d_texture2d_half,2048,14336,4096,23.2132,10.361
780m,8b,4w,cand,sarc_linear_q4gsw_coopmat_sweep_t128x256k32g42s32f32c_texture3d_texture2d_half,2048,14336,4096,23.3488,10.301
780m,8b,4w,cand,sarc_linear_q4gsw_coopmat_sweep_t128x256k32g42s32f32c_texture3d_texture2d_half,2048,4096,14336,23.2273,10.355
780m,8b,4w,cand,sarc_linear_q4gsw_coopmat_sweep_t128x256k32g42s32f32c_texture3d_texture2d_half,2048,4096,4096,6.8711,10.001
780m,8b,4w,cand,sarc_linear_q4gsw_coopmat_sweep_t128x256k32g42s32f32c_texture3d_texture2d_half,2048,1024,4096,1.8281,9.398
780m,8b,4w,cand,sarc_linear_q4gsw_coopmat_sweep_t128x256k32g42s32f32c_texture3d_texture2d_half,2048,1024,4096,1.728,9.942
780m,8b,4w,cand,sarc_linear_q4gsw_coopmat_sweep_t128x256k32g42s32f32c_texture3d_texture2d_half,2048,4096,4096,6.54,10.508
780m,8b,4w,cand,sarc_linear_q4gsw_coopmat_sweep_t128x256k32g42s32f32c_texture3d_texture2d_half,2048,14336,4096,23.2839,10.33
780m,8b,4w,cand,sarc_linear_q4gsw_coopmat_sweep_t128x256k32g42s32f32c_texture3d_texture2d_half,2048,14336,4096,23.2823,10.331
780m,8b,4w,cand,sarc_linear_q4gsw_coopmat_sweep_t128x256k32g42s32f32c_texture3d_texture2d_half,2048,4096,14336,23.2132,10.361
780m,8b,4w,cand,sarc_linear_q4gsw_coopmat_sweep_t128x256k32g42s32f32c_texture3d_texture2d_half,2048,4096,4096,6.7343,10.204
780m,8b,4w,cand,sarc_linear_q4gsw_coopmat_sweep_t128x256k32g42s32f32c_texture3d_texture2d_half,2048,1024,4096,1.8314,9.381
780m,8b,4w,cand,sarc_linear_q4gsw_coopmat_sweep_t128x256k32g42s32f32c_texture3d_texture2d_half,2048,1024,4096,1.7341,9.907
780m,8b,4w,cand,sarc_linear_q4gsw_coopmat_sweep_t128x256k32g42s32f32c_texture3d_texture2d_half,2048,4096,4096,6.4272,10.692
780m,8b,4w,cand,sarc_linear_q4gsw_coopmat_sweep_t128x256k32g42s32f32c_texture3d_texture2d_half,2048,14336,4096,23.299,10.323
780m,8b,4w,cand,sarc_linear_q4gsw_coopmat_sweep_t128x256k32g42s32f32c_texture3d_texture2d_half,2048,14336,4096,22.9247,10.492
780m,8b,4w,cand,sarc_linear_q4gsw_coopmat_sweep_t128x256k32g42s32f32c_texture3d_texture2d_half,2048,4096,14336,22.9846,10.464
780m,8b,4w,cand,sarc_linear_q4gsw_coopmat_sweep_t128x256k32g42s32f32c_texture3d_texture2d_half,2048,4096,4096,6.8939,9.968
780m,8b,4w,cand,sarc_linear_q4gsw_coopmat_sweep_t128x256k32g42s32f32c_texture3d_texture2d_half,2048,1024,4096,1.8276,9.4
780m,8b,4w,cand,sarc_linear_q4gsw_coopmat_sweep_t128x256k32g42s32f32c_texture3d_texture2d_half,2048,1024,4096,1.8005,9.542
780m,8b,4w,cand,sarc_linear_q4gsw_coopmat_sweep_t128x256k32g42s32f32c_texture3d_texture2d_half,2048,4096,4096,6.4952,10.58
780m,8b,4w,cand,sarc_linear_q4gsw_coopmat_sweep_t128x256k32g42s32f32c_texture3d_texture2d_half,2048,14336,4096,23.1876,10.373
780m,8b,4w,cand,sarc_linear_q4gsw_coopmat_sweep_t128x256k32g42s32f32c_texture3d_texture2d_half,2048,14336,4096,22.8778,10.513
780m,8b,4w,cand,sarc_linear_q4gsw_coopmat_sweep_t128x256k32g42s32f32c_texture3d_texture2d_half,2048,4096,14336,23.1598,10.385
780m,8b,4w,cand,sarc_linear_q4gsw_coopmat_sweep_t128x256k32g42s32f32c_texture3d_texture2d_half,2048,4096,4096,6.8124,10.087
780m,8b,4w,cand,sarc_linear_q4gsw_coopmat_sweep_t128x256k32g42s32f32c_texture3d_texture2d_half,2048,1024,4096,1.8514,9.279
780m,8b,4w,cand,sarc_linear_q4gsw_coopmat_sweep_t128x256k32g42s32f32c_texture3d_texture2d_half,2048,1024,4096,1.7516,9.808
780m,8b,4w,cand,sarc_linear_q4gsw_coopmat_sweep_t128x256k32g42s32f32c_texture3d_texture2d_half,2048,4096,4096,6.5174,10.544
780m,8b,4w,cand,sarc_linear_q4gsw_coopmat_sweep_t128x256k32g42s32f32c_texture3d_texture2d_half,2048,14336,4096,23.2664,10.338
780m,8b,4w,cand,sarc_linear_q4gsw_coopmat_sweep_t128x256k32g42s32f32c_texture3d_texture2d_half,2048,14336,4096,22.94,10.485
780m,8b,4w,cand,sarc_linear_q4gsw_coopmat_sweep_t128x256k32g42s32f32c_texture3d_texture2d_half,2048,4096,14336,23.019,10.449
780m,8b,4w,cand,sarc_linear_q4gsw_coopmat_sweep_t128x256k32g42s32f32c_texture3d_texture2d_half,2048,4096,4096,6.7294,10.212
780m,8b,4w,cand,sarc_linear_q4gsw_coopmat_sweep_t128x256k32g42s32f32c_texture3d_texture2d_half,2048,1024,4096,1.8072,9.506
780m,8b,4w,cand,sarc_linear_q4gsw_coopmat_sweep_t128x256k32g42s32f32c_texture3d_texture2d_half,2048,1024,4096,1.7533,9.798
780m,8b,4w,cand,sarc_linear_q4gsw_coopmat_sweep_t128x256k32g42s32f32c_texture3d_texture2d_half,2048,4096,4096,6.3138,10.884
780m,8b,4w,cand,sarc_linear_q4gsw_coopmat_sweep_t128x256k32g42s32f32c_texture3d_texture2d_half,2048,14336,4096,23.0043,10.455
780m,8b,4w,cand,sarc_linear_q4gsw_coopmat_sweep_t128x256k32g42s32f32c_texture3d_texture2d_half,2048,14336,4096,23.1316,10.398
780m,8b,4w,cand,sarc_linear_q4gsw_coopmat_sweep_t128x256k32g42s32f32c_texture3d_texture2d_half,2048,4096,14336,22.8996,10.503
780m,8b,4w,cand,sarc_linear_q4gsw_coopmat_sweep_t128x256k32g42s32f32c_texture3d_texture2d_half,2048,4096,4096,6.8332,10.057
780m,8b,4w,cand,sarc_linear_q4gsw_coopmat_sweep_t128x256k32g42s32f32c_texture3d_texture2d_half,2048,1024,4096,1.831,9.383
780m,8b,4w,cand,sarc_linear_q4gsw_coopmat_sweep_t128x256k32g42s32f32c_texture3d_texture2d_half,2048,1024,4096,1.7719,9.696
780m,8b,4w,cand,sarc_linear_q4gsw_coopmat_sweep_t128x256k32g42s32f32c_texture3d_texture2d_half,2048,4096,4096,6.3384,10.842
780m,8b,4w,cand,sarc_linear_q4gsw_coopmat_sweep_t128x256k32g42s32f32c_texture3d_texture2d_half,2048,14336,4096,23.0985,10.413
780m,8b,4w,cand,sarc_linear_q4gsw_coopmat_sweep_t128x256k32g42s32f32c_texture3d_texture2d_half,2048,14336,4096,23.1211,10.403
780m,8b,4w,cand,sarc_linear_q4gsw_coopmat_sweep_t128x256k32g42s32f32c_texture3d_texture2d_half,2048,4096,14336,22.9975,10.458
780m,8b,4w,cand,sarc_linear_q4gsw_coopmat_sweep_t128x256k32g42s32f32c_texture3d_texture2d_half,2048,4096,4096,6.8455,10.039
780m,8b,4w,cand,sarc_linear_q4gsw_coopmat_sweep_t128x256k32g42s32f32c_texture3d_texture2d_half,2048,1024,4096,1.7756,9.675
780m,8b,4w,cand,sarc_linear_q4gsw_coopmat_sweep_t128x256k32g42s32f32c_texture3d_texture2d_half,2048,1024,4096,1.8287,9.395
780m,8b,4w,cand,sarc_linear_q4gsw_coopmat_sweep_t128x256k32g42s32f32c_texture3d_texture2d_half,2048,4096,4096,6.4658,10.628
780m,8b,4w,cand,sarc_linear_q4gsw_coopmat_sweep_t128x256k32g42s32f32c_texture3d_texture2d_half,2048,14336,4096,23.0348,10.441
780m,8b,4w,cand,sarc_linear_q4gsw_coopmat_sweep_t128x256k32g42s32f32c_texture3d_texture2d_half,2048,14336,4096,23.2807,10.331
780m,8b,4w,cand,sarc_linear_q4gsw_coopmat_sweep_t128x256k32g42s32f32c_texture3d_texture2d_half,2048,4096,14336,23.1712,10.38
780m,8b,4w,cand,sarc_linear_q4gsw_coopmat_sweep_t128x256k32g42s32f32c_texture3d_texture2d_half,2048,4096,4096,6.7518,10.178
780m,8b,4w,cand,sarc_linear_q4gsw_coopmat_sweep_t128x256k32g42s32f32c_texture3d_texture2d_half,2048,1024,4096,1.8225,9.426
780m,8b,4w,cand,sarc_linear_q4gsw_coopmat_sweep_t128x256k32g42s32f32c_texture3d_texture2d_half,2048,1024,4096,1.7482,9.827
780m,8b,4w,cand,sarc_linear_q4gsw_coopmat_sweep_t128x256k32g42s32f32c_texture3d_texture2d_half,2048,4096,4096,6.3837,10.765
780m,8b,4w,cand,sarc_linear_q4gsw_coopmat_sweep_t128x256k32g42s32f32c_texture3d_texture2d_half,2048,14336,4096,23.2111,10.362
780m,8b,4w,cand,sarc_linear_q4gsw_coopmat_sweep_t128x256k32g42s32f32c_texture3d_texture2d_half,2048,14336,4096,22.0683,10.899
780m,8b,4w,cand,sarc_linear_q4gsw_coopmat_sweep_t128x256k32g42s32f32c_texture3d_texture2d_half,2048,4096,14336,23.2405,10.349
780m,8b,4w,cand,sarc_linear_q4gsw_coopmat_sweep_t128x256k32g42s32f32c_texture3d_texture2d_half,2048,4096,4096,6.7548,10.173
780m,8b,4w,cand,sarc_linear_q4gsw_coopmat_sweep_t128x256k32g42s32f32c_texture3d_texture2d_half,2048,1024,4096,1.8136,9.473
780m,8b,4w,cand,sarc_linear_q4gsw_coopmat_sweep_t128x256k32g42s32f32c_texture3d_texture2d_half,2048,1024,4096,1.739,9.879
780m,8b,4w,cand,sarc_linear_q4gsw_coopmat_sweep_t128x256k32g42s32f32c_texture3d_texture2d_half,2048,4096,4096,6.5176,10.544
780m,8b,4w,cand,sarc_linear_q4gsw_coopmat_sweep_t128x256k32g42s32f32c_texture3d_texture2d_half,2048,14336,4096,22.0,10.933
780m,8b,4w,cand,sarc_linear_q4gsw_coopmat_sweep_t128x256k32g42s32f32c_texture3d_texture2d_half,2048,14336,4096,22.217,10.826
780m,8b,4w,cand,sarc_linear_q4gsw_coopmat_sweep_t128x256k32g42s32f32c_texture3d_texture2d_half,2048,4096,14336,23.1618,10.384
780m,8b,4w,cand,sarc_linear_q4gsw_coopmat_sweep_t128x256k32g42s32f32c_texture3d_texture2d_half,2048,4096,4096,6.766,10.157
780m,8b,4w,cand,sarc_linear_q4gsw_coopmat_sweep_t128x256k32g42s32f32c_texture3d_texture2d_half,2048,1024,4096,1.8109,9.487
780m,8b,4w,cand,sarc_linear_q4gsw_coopmat_sweep_t128x256k32g42s32f32c_texture3d_texture2d_half,2048,1024,4096,1.7774,9.666
780m,8b,4w,cand,sarc_linear_q4gsw_coopmat_sweep_t128x256k32g42s32f32c_texture3d_texture2d_half,2048,4096,4096,6.4522,10.65
780m,8b,4w,cand,sarc_linear_q4gsw_coopmat_sweep_t128x256k32g42s32f32c_texture3d_texture2d_half,2048,14336,4096,23.0657,10.428
780m,8b,4w,cand,sarc_linear_q4gsw_coopmat_sweep_t128x256k32g42s32f32c_texture3d_texture2d_half,2048,14336,4096,23.091,10.416
780m,8b,4w,cand,sarc_linear_q4gsw_coopmat_sweep_t128x256k32g42s32f32c_texture3d_texture2d_half,2048,4096,14336,22.2249,10.822
780m,8b,4w,cand,sarc_linear_q4gsw_coopmat_sweep_t128x256k32g42s32f32c_texture3d_texture2d_half,2048,4096,4096,6.8707,10.002
780m,8b,4w,cand,sarc_linear_q4gsw_coopmat_sweep_t128x256k32g42s32f32c_texture3d_texture2d_half,2048,1024,4096,1.8222,9.428
780m,8b,4w,cand,sarc_linear_q4gsw_coopmat_sweep_t128x256k32g42s32f32c_texture3d_texture2d_half,2048,1024,4096,1.7377,9.887
780m,8b,4w,cand,sarc_linear_q4gsw_coopmat_sweep_t128x256k32g42s32f32c_texture3d_texture2d_half,2048,4096,4096,6.4442,10.664
780m,8b,4w,cand,sarc_linear_q4gsw_coopmat_sweep_t128x256k32g42s32f32c_texture3d_texture2d_half,2048,14336,4096,21.9762,10.944
780m,8b,4w,cand,sarc_linear_q4gsw_coopmat_sweep_t128x256k32g42s32f32c_texture3d_texture2d_half,2048,14336,4096,22.1917,10.838
780m,8b,4w,cand,sarc_linear_q4gsw_coopmat_sweep_t128x256k32g42s32f32c_texture3d_texture2d_half,2048,4096,14336,22.3481,10.762
780m,8b,4w,cand,sarc_linear_q4gsw_coopmat_sweep_t128x256k32g42s32f32c_texture3d_texture2d_half,2048,4096,4096,6.8001,10.106
780m,8b,4w,cand,sarc_linear_q4gsw_coopmat_sweep_t128x256k32g42s32f32c_texture3d_texture2d_half,2048,1024,4096,1.8167,9.457
780m,8b,4w,cand,sarc_linear_q4gsw_coopmat_sweep_t128x256k32g42s32f32c_texture3d_texture2d_half,2048,1024,4096,1.7737,9.686
780m,8b,4w,cand,sarc_linear_q4gsw_coopmat_sweep_t128x256k32g42s32f32c_texture3d_texture2d_half,2048,4096,4096,6.3826,10.767
780m,8b,4w,cand,sarc_linear_q4gsw_coopmat_sweep_t128x256k32g42s32f32c_texture3d_texture2d_half,2048,14336,4096,22.8338,10.533
780m,8b,4w,cand,sarc_linear_q4gsw_coopmat_sweep_t128x256k32g42s32f32c_texture3d_texture2d_half,2048,14336,4096,22.1035,10.881
780m,8b,4w,cand,sarc_linear_q4gsw_coopmat_sweep_t128x256k32g42s32f32c_texture3d_texture2d_half,2048,4096,14336,22.2449,10.812
780m,8b,4w,cand,sarc_linear_q4gsw_coopmat_sweep_t128x256k32g42s32f32c_texture3d_texture2d_half,2048,4096,4096,6.8527,10.028
780m,8b,4w,cand,sarc_linear_q4gsw_coopmat_sweep_t128x256k32g42s32f32c_texture3d_texture2d_half,2048,1024,4096,1.8127,9.478
780m,8b,4w,cand,sarc_linear_q4gsw_coopmat_sweep_t128x256k32g42s32f32c_texture3d_texture2d_half,2048,1024,4096,1.756,9.783
780m,8b,4w,cand,sarc_linear_q4gsw_coopmat_sweep_t128x256k32g42s32f32c_texture3d_texture2d_half,2048,4096,4096,6.3589,10.807
780m,8b,4w,cand,sarc_linear_q4gsw_coopmat_sweep_t128x256k32g42s32f32c_texture3d_texture2d_half,2048,14336,4096,22.1076,10.879
780m,8b,4w,cand,sarc_linear_q4gsw_coopmat_sweep_t128x256k32g42s32f32c_texture3d_texture2d_half,2048,14336,4096,23.0034,10.456
780m,8b,4w,cand,sarc_linear_q4gsw_coopmat_sweep_t128x256k32g42s32f32c_texture3d_texture2d_half,2048,4096,14336,23.0686,10.426
780m,8b,4w,cand,sarc_linear_q4gsw_coopmat_sweep_t128x256k32g42s32f32c_texture3d_texture2d_half,2048,4096,4096,6.7978,10.109
780m,8b,4w,cand,sarc_linear_q4gsw_coopmat_sweep_t128x256k32g42s32f32c_texture3d_texture2d_half,2048,1024,4096,1.8004,9.542
780m,8b,4w,cand,sarc_linear_q4gsw_coopmat_sweep_t128x256k32g42s32f32c_texture3d_texture2d_half,2048,1024,4096,1.7499,9.818
780m,8b,4w,cand,sarc_linear_q4gsw_coopmat_sweep_t128x256k32g42s32f32c_texture3d_texture2d_half,2048,4096,4096,6.4305,10.687
780m,8b,4w,cand,sarc_linear_q4gsw_coopmat_sweep_t128x256k32g42s32f32c_texture3d_texture2d_half,2048,14336,4096,23.218,10.359
780m,8b,4w,cand,sarc_linear_q4gsw_coopmat_sweep_t128x256k32g42s32f32c_texture3d_texture2d_half,2048,14336,4096,23.1297,10.399
780m,8b,4w,cand,sarc_linear_q4gsw_coopmat_sweep_t128x256k32g42s32f32c_texture3d_texture2d_half,2048,4096,14336,23.2111,10.362
780m,8b,4w,cand,sarc_linear_q4gsw_coopmat_sweep_t128x256k32g42s32f32c_texture3d_texture2d_half,2048,4096,4096,6.809,10.092
780m,8b,4w,cand,sarc_linear_q4gsw_coopmat_sweep_t128x256k32g42s32f32c_texture3d_texture2d_half,2048,1024,4096,1.8313,9.381
780m,8b,4w,cand,sarc_linear_q4gsw_coopmat_sweep_t128x256k32g42s32f32c_texture3d_texture2d_half,2048,1024,4096,1.7901,9.597
780m,8b,4w,cand,sarc_linear_q4gsw_coopmat_sweep_t128x256k32g42s32f32c_texture3d_texture2d_half,2048,4096,4096,6.3759,10.778
780m,8b,4w,cand,sarc_linear_q4gsw_coopmat_sweep_t128x256k32g42s32f32c_texture3d_texture2d_half,2048,14336,4096,23.204,10.365
780m,8b,4w,cand,sarc_linear_q4gsw_coopmat_sweep_t128x256k32g42s32f32c_texture3d_texture2d_half,2048,14336,4096,22.0335,10.916
780m,8b,4w,cand,sarc_linear_q4gsw_coopmat_sweep_t128x256k32g42s32f32c_texture3d_texture2d_half,2048,4096,14336,22.277,10.797
780m,8b,4w,cand,sarc_linear_q4gsw_coopmat_sweep_t128x256k32g42s32f32c_texture3d_texture2d_half,2048,4096,4096,6.7879,10.124
780m,8b,4w,cand,sarc_linear_q4gsw_coopmat_sweep_t128x256k32g42s32f32c_texture3d_texture2d_half,2048,1024,4096,1.8166,9.457
780m,8b,4w,cand,sarc_linear_q4gsw_coopmat_sweep_t128x256k32g42s32f32c_texture3d_texture2d_half,2048,1024,4096,1.764,9.739
780m,8b,4w,cand,sarc_linear_q4gsw_coopmat_sweep_t128x256k32g42s32f32c_texture3d_texture2d_half,2048,4096,4096,6.3518,10.819
780m,8b,4w,cand,sarc_linear_q4gsw_coopmat_sweep_t128x256k32g42s32f32c_texture3d_texture2d_half,2048,14336,4096,23.2682,10.337
780m,8b,4w,cand,sarc_linear_q4gsw_coopmat_sweep_t128x256k32g42s32f32c_texture3d_texture2d_half,2048,14336,4096,23.3124,10.317
780m,8b,4w,cand,sarc_linear_q4gsw_coopmat_sweep_t128x256k32g42s32f32c_texture3d_texture2d_half,2048,4096,14336,23.1146,10.405
780m,8b,4w,parent,sarc_linear_q4gsw_coopmat_t128x128k32g42s32f32c_texture3d_texture2d_half,2048,4096,4096,6.8166,10.081
780m,8b,4w,parent,sarc_linear_q4gsw_coopmat_t128x128k32g42s32f32c_texture3d_texture2d_half,2048,1024,4096,1.8045,9.52
780m,8b,4w,parent,sarc_linear_q4gsw_coopmat_t128x128k32g42s32f32c_texture3d_texture2d_half,2048,1024,4096,1.7193,9.992
780m,8b,4w,parent,sarc_linear_q4gsw_coopmat_t128x128k32g42s32f32c_texture3d_texture2d_half,2048,4096,4096,6.5994,10.413
780m,8b,4w,parent,sarc_linear_q4gsw_coopmat_t128x128k32g42s32f32c_texture3d_texture2d_half,2048,14336,4096,23.1929,10.37
780m,8b,4w,parent,sarc_linear_q4gsw_coopmat_t128x128k32g42s32f32c_texture3d_texture2d_half,2048,14336,4096,23.2749,10.334
780m,8b,4w,parent,sarc_linear_q4gsw_coopmat_t128x128k32g42s32f32c_texture3d_texture2d_half,2048,4096,14336,24.0155,10.015
780m,8b,4w,parent,sarc_linear_q4gsw_coopmat_t128x128k32g42s32f32c_texture3d_texture2d_half,2048,4096,4096,6.8952,9.966
780m,8b,4w,parent,sarc_linear_q4gsw_coopmat_t128x128k32g42s32f32c_texture3d_texture2d_half,2048,1024,4096,1.8741,9.167
780m,8b,4w,parent,sarc_linear_q4gsw_coopmat_t128x128k32g42s32f32c_texture3d_texture2d_half,2048,1024,4096,1.7388,9.881
780m,8b,4w,parent,sarc_linear_q4gsw_coopmat_t128x128k32g42s32f32c_texture3d_texture2d_half,2048,4096,4096,6.6633,10.313
780m,8b,4w,parent,sarc_linear_q4gsw_coopmat_t128x128k32g42s32f32c_texture3d_texture2d_half,2048,14336,4096,23.262,10.34
780m,8b,4w,parent,sarc_linear_q4gsw_coopmat_t128x128k32g42s32f32c_texture3d_texture2d_half,2048,14336,4096,23.2962,10.324
780m,8b,4w,parent,sarc_linear_q4gsw_coopmat_t128x128k32g42s32f32c_texture3d_texture2d_half,2048,4096,14336,23.8534,10.083
780m,8b,4w,parent,sarc_linear_q4gsw_coopmat_t128x128k32g42s32f32c_texture3d_texture2d_half,2048,4096,4096,6.8865,9.979
780m,8b,4w,parent,sarc_linear_q4gsw_coopmat_t128x128k32g42s32f32c_texture3d_texture2d_half,2048,1024,4096,1.8738,9.168
780m,8b,4w,parent,sarc_linear_q4gsw_coopmat_t128x128k32g42s32f32c_texture3d_texture2d_half,2048,1024,4096,1.7722,9.694
780m,8b,4w,parent,sarc_linear_q4gsw_coopmat_t128x128k32g42s32f32c_texture3d_texture2d_half,2048,4096,4096,6.6028,10.408
780m,8b,4w,parent,sarc_linear_q4gsw_coopmat_t128x128k32g42s32f32c_texture3d_texture2d_half,2048,14336,4096,23.5524,10.212
780m,8b,4w,parent,sarc_linear_q4gsw_coopmat_t128x128k32g42s32f32c_texture3d_texture2d_half,2048,14336,4096,23.1612,10.385
780m,8b,4w,parent,sarc_linear_q4gsw_coopmat_t128x128k32g42s32f32c_texture3d_texture2d_half,2048,4096,14336,23.6399,10.174
780m,8b,4w,parent,sarc_linear_q4gsw_coopmat_t128x128k32g42s32f32c_texture3d_texture2d_half,2048,4096,4096,6.8599,10.018
780m,8b,4w,parent,sarc_linear_q4gsw_coopmat_t128x128k32g42s32f32c_texture3d_texture2d_half,2048,1024,4096,1.8542,9.265
780m,8b,4w,parent,sarc_linear_q4gsw_coopmat_t128x128k32g42s32f32c_texture3d_texture2d_half,2048,1024,4096,1.7596,9.763
780m,8b,4w,parent,sarc_linear_q4gsw_coopmat_t128x128k32g42s32f32c_texture3d_texture2d_half,2048,4096,4096,6.754,10.175
780m,8b,4w,parent,sarc_linear_q4gsw_coopmat_t128x128k32g42s32f32c_texture3d_texture2d_half,2048,14336,4096,23.6301,10.178
780m,8b,4w,parent,sarc_linear_q4gsw_coopmat_t128x128k32g42s32f32c_texture3d_texture2d_half,2048,14336,4096,23.3105,10.318
780m,8b,4w,parent,sarc_linear_q4gsw_coopmat_t128x128k32g42s32f32c_texture3d_texture2d_half,2048,4096,14336,23.7357,10.133
780m,8b,4w,parent,sarc_linear_q4gsw_coopmat_t128x128k32g42s32f32c_texture3d_texture2d_half,2048,4096,4096,6.8507,10.031
780m,8b,4w,parent,sarc_linear_q4gsw_coopmat_t128x128k32g42s32f32c_texture3d_texture2d_half,2048,1024,4096,1.836,9.357
780m,8b,4w,parent,sarc_linear_q4gsw_coopmat_t128x128k32g42s32f32c_texture3d_texture2d_half,2048,1024,4096,1.7359,9.897
780m,8b,4w,parent,sarc_linear_q4gsw_coopmat_t128x128k32g42s32f32c_texture3d_texture2d_half,2048,4096,4096,6.6345,10.358
780m,8b,4w,parent,sarc_linear_q4gsw_coopmat_t128x128k32g42s32f32c_texture3d_texture2d_half,2048,14336,4096,23.3869,10.284
780m,8b,4w,parent,sarc_linear_q4gsw_coopmat_t128x128k32g42s32f32c_texture3d_texture2d_half,2048,14336,4096,23.212,10.362
780m,8b,4w,parent,sarc_linear_q4gsw_coopmat_t128x128k32g42s32f32c_texture3d_texture2d_half,2048,4096,14336,23.7188,10.14
780m,8b,4w,parent,sarc_linear_q4gsw_coopmat_t128x128k32g42s32f32c_texture3d_texture2d_half,2048,4096,4096,6.7642,10.159
780m,8b,4w,parent,sarc_linear_q4gsw_coopmat_t128x128k32g42s32f32c_texture3d_texture2d_half,2048,1024,4096,1.8517,9.278
780m,8b,4w,parent,sarc_linear_q4gsw_coopmat_t128x128k32g42s32f32c_texture3d_texture2d_half,2048,1024,4096,1.7378,9.886
780m,8b,4w,parent,sarc_linear_q4gsw_coopmat_t128x128k32g42s32f32c_texture3d_texture2d_half,2048,4096,4096,6.692,10.269
780m,8b,4w,parent,sarc_linear_q4gsw_coopmat_t128x128k32g42s32f32c_texture3d_texture2d_half,2048,14336,4096,23.387,10.284
780m,8b,4w,parent,sarc_linear_q4gsw_coopmat_t128x128k32g42s32f32c_texture3d_texture2d_half,2048,14336,4096,23.4812,10.243
780m,8b,4w,parent,sarc_linear_q4gsw_coopmat_t128x128k32g42s32f32c_texture3d_texture2d_half,2048,4096,14336,23.7876,10.111
780m,8b,4w,parent,sarc_linear_q4gsw_coopmat_t128x128k32g42s32f32c_texture3d_texture2d_half,2048,4096,4096,6.8319,10.059
780m,8b,4w,parent,sarc_linear_q4gsw_coopmat_t128x128k32g42s32f32c_texture3d_texture2d_half,2048,1024,4096,1.828,9.398
780m,8b,4w,parent,sarc_linear_q4gsw_coopmat_t128x128k32g42s32f32c_texture3d_texture2d_half,2048,1024,4096,1.7596,9.764
780m,8b,4w,parent,sarc_linear_q4gsw_coopmat_t128x128k32g42s32f32c_texture3d_texture2d_half,2048,4096,4096,6.6144,10.389
780m,8b,4w,parent,sarc_linear_q4gsw_coopmat_t128x128k32g42s32f32c_texture3d_texture2d_half,2048,14336,4096,23.2748,10.334
780m,8b,4w,parent,sarc_linear_q4gsw_coopmat_t128x128k32g42s32f32c_texture3d_texture2d_half,2048,14336,4096,23.2621,10.339
780m,8b,4w,parent,sarc_linear_q4gsw_coopmat_t128x128k32g42s32f32c_texture3d_texture2d_half,2048,4096,14336,23.7911,10.11
780m,8b,4w,parent,sarc_linear_q4gsw_coopmat_t128x128k32g42s32f32c_texture3d_texture2d_half,2048,4096,4096,6.836,10.053
780m,8b,4w,parent,sarc_linear_q4gsw_coopmat_t128x128k32g42s32f32c_texture3d_texture2d_half,2048,1024,4096,1.8394,9.34
780m,8b,4w,parent,sarc_linear_q4gsw_coopmat_t128x128k32g42s32f32c_texture3d_texture2d_half,2048,1024,4096,1.7441,9.85
780m,8b,4w,parent,sarc_linear_q4gsw_coopmat_t128x128k32g42s32f32c_texture3d_texture2d_half,2048,4096,4096,6.6444,10.342
780m,8b,4w,parent,sarc_linear_q4gsw_coopmat_t128x128k32g42s32f32c_texture3d_texture2d_half,2048,14336,4096,23.5416,10.217
780m,8b,4w,parent,sarc_linear_q4gsw_coopmat_t128x128k32g42s32f32c_texture3d_texture2d_half,2048,14336,4096,23.3289,10.31
780m,8b,4w,parent,sarc_linear_q4gsw_coopmat_t128x128k32g42s32f32c_texture3d_texture2d_half,2048,4096,14336,23.8243,10.096
780m,8b,4w,parent,sarc_linear_q4gsw_coopmat_t128x128k32g42s32f32c_texture3d_texture2d_half,2048,4096,4096,6.8349,10.054
780m,8b,4w,parent,sarc_linear_q4gsw_coopmat_t128x128k32g42s32f32c_texture3d_texture2d_half,2048,1024,4096,1.813,9.476
780m,8b,4w,parent,sarc_linear_q4gsw_coopmat_t128x128k32g42s32f32c_texture3d_texture2d_half,2048,1024,4096,1.7474,9.832
780m,8b,4w,parent,sarc_linear_q4gsw_coopmat_t128x128k32g42s32f32c_texture3d_texture2d_half,2048,4096,4096,6.713,10.237
780m,8b,4w,parent,sarc_linear_q4gsw_coopmat_t128x128k32g42s32f32c_texture3d_texture2d_half,2048,14336,4096,23.5451,10.215
780m,8b,4w,parent,sarc_linear_q4gsw_coopmat_t128x128k32g42s32f32c_texture3d_texture2d_half,2048,14336,4096,23.3244,10.312
780m,8b,4w,parent,sarc_linear_q4gsw_coopmat_t128x128k32g42s32f32c_texture3d_texture2d_half,2048,4096,14336,23.8284,10.094
780m,8b,4w,parent,sarc_linear_q4gsw_coopmat_t128x128k32g42s32f32c_texture3d_texture2d_half,2048,4096,4096,6.8293,10.062
780m,8b,4w,parent,sarc_linear_q4gsw_coopmat_t128x128k32g42s32f32c_texture3d_texture2d_half,2048,1024,4096,1.8836,9.121
780m,8b,4w,parent,sarc_linear_q4gsw_coopmat_t128x128k32g42s32f32c_texture3d_texture2d_half,2048,1024,4096,1.7482,9.827
780m,8b,4w,parent,sarc_linear_q4gsw_coopmat_t128x128k32g42s32f32c_texture3d_texture2d_half,2048,4096,4096,6.7551,10.173
780m,8b,4w,parent,sarc_linear_q4gsw_coopmat_t128x128k32g42s32f32c_texture3d_texture2d_half,2048,14336,4096,23.2453,10.347
780m,8b,4w,parent,sarc_linear_q4gsw_coopmat_t128x128k32g42s32f32c_texture3d_texture2d_half,2048,14336,4096,23.3332,10.308
780m,8b,4w,parent,sarc_linear_q4gsw_coopmat_t128x128k32g42s32f32c_texture3d_texture2d_half,2048,4096,14336,23.8308,10.093
780m,8b,4w,parent,sarc_linear_q4gsw_coopmat_t128x128k32g42s32f32c_texture3d_texture2d_half,2048,4096,4096,6.8324,10.058
780m,8b,4w,parent,sarc_linear_q4gsw_coopmat_t128x128k32g42s32f32c_texture3d_texture2d_half,2048,1024,4096,1.8516,9.279
780m,8b,4w,parent,sarc_linear_q4gsw_coopmat_t128x128k32g42s32f32c_texture3d_texture2d_half,2048,1024,4096,1.7743,9.683
780m,8b,4w,parent,sarc_linear_q4gsw_coopmat_t128x128k32g42s32f32c_texture3d_texture2d_half,2048,4096,4096,6.7002,10.256
780m,8b,4w,parent,sarc_linear_q4gsw_coopmat_t128x128k32g42s32f32c_texture3d_texture2d_half,2048,14336,4096,23.3596,10.296
780m,8b,4w,parent,sarc_linear_q4gsw_coopmat_t128x128k32g42s32f32c_texture3d_texture2d_half,2048,14336,4096,23.3089,10.319
780m,8b,4w,parent,sarc_linear_q4gsw_coopmat_t128x128k32g42s32f32c_texture3d_texture2d_half,2048,4096,14336,23.8115,10.101
780m,8b,4w,parent,sarc_linear_q4gsw_coopmat_t128x128k32g42s32f32c_texture3d_texture2d_half,2048,4096,4096,6.838,10.05
780m,8b,4w,parent,sarc_linear_q4gsw_coopmat_t128x128k32g42s32f32c_texture3d_texture2d_half,2048,1024,4096,1.8413,9.33
780m,8b,4w,parent,sarc_linear_q4gsw_coopmat_t128x128k32g42s32f32c_texture3d_texture2d_half,2048,1024,4096,1.7487,9.824
780m,8b,4w,parent,sarc_linear_q4gsw_coopmat_t128x128k32g42s32f32c_texture3d_texture2d_half,2048,4096,4096,6.624,10.374
780m,8b,4w,parent,sarc_linear_q4gsw_coopmat_t128x128k32g42s32f32c_texture3d_texture2d_half,2048,14336,4096,23.3943,10.281
780m,8b,4w,parent,sarc_linear_q4gsw_coopmat_t128x128k32g42s32f32c_texture3d_texture2d_half,2048,14336,4096,23.5352,10.219
780m,8b,4w,parent,sarc_linear_q4gsw_coopmat_t128x128k32g42s32f32c_texture3d_texture2d_half,2048,4096,14336,23.956,10.04
780m,8b,4w,parent,sarc_linear_q4gsw_coopmat_t128x128k32g42s32f32c_texture3d_texture2d_half,2048,4096,4096,6.8399,10.047
780m,8b,4w,parent,sarc_linear_q4gsw_coopmat_t128x128k32g42s32f32c_texture3d_texture2d_half,2048,1024,4096,1.8557,9.258
780m,8b,4w,parent,sarc_linear_q4gsw_coopmat_t128x128k32g42s32f32c_texture3d_texture2d_half,2048,1024,4096,1.7626,9.747
780m,8b,4w,parent,sarc_linear_q4gsw_coopmat_t128x128k32g42s32f32c_texture3d_texture2d_half,2048,4096,4096,6.6692,10.304
780m,8b,4w,parent,sarc_linear_q4gsw_coopmat_t128x128k32g42s32f32c_texture3d_texture2d_half,2048,14336,4096,23.4478,10.258
780m,8b,4w,parent,sarc_linear_q4gsw_coopmat_t128x128k32g42s32f32c_texture3d_texture2d_half,2048,14336,4096,23.2385,10.35
780m,8b,4w,parent,sarc_linear_q4gsw_coopmat_t128x128k32g42s32f32c_texture3d_texture2d_half,2048,4096,14336,23.8196,10.097
780m,8b,4w,parent,sarc_linear_q4gsw_coopmat_t128x128k32g42s32f32c_texture3d_texture2d_half,2048,4096,4096,6.8034,10.101
780m,8b,4w,parent,sarc_linear_q4gsw_coopmat_t128x128k32g42s32f32c_texture3d_texture2d_half,2048,1024,4096,1.8616,9.229
780m,8b,4w,parent,sarc_linear_q4gsw_coopmat_t128x128k32g42s32f32c_texture3d_texture2d_half,2048,1024,4096,1.7729,9.69
780m,8b,4w,parent,sarc_linear_q4gsw_coopmat_t128x128k32g42s32f32c_texture3d_texture2d_half,2048,4096,4096,6.8356,10.053
780m,8b,4w,parent,sarc_linear_q4gsw_coopmat_t128x128k32g42s32f32c_texture3d_texture2d_half,2048,14336,4096,23.3369,10.306
780m,8b,4w,parent,sarc_linear_q4gsw_coopmat_t128x128k32g42s32f32c_texture3d_texture2d_half,2048,14336,4096,23.246,10.347
780m,8b,4w,parent,sarc_linear_q4gsw_coopmat_t128x128k32g42s32f32c_texture3d_texture2d_half,2048,4096,14336,23.9022,10.063
780m,8b,4w,parent,sarc_linear_q4gsw_coopmat_t128x128k32g42s32f32c_texture3d_texture2d_half,2048,4096,4096,6.8615,10.015
780m,8b,4w,parent,sarc_linear_q4gsw_coopmat_t128x128k32g42s32f32c_texture3d_texture2d_half,2048,1024,4096,1.8293,9.392
780m,8b,4w,parent,sarc_linear_q4gsw_coopmat_t128x128k32g42s32f32c_texture3d_texture2d_half,2048,1024,4096,1.7482,9.827
780m,8b,4w,parent,sarc_linear_q4gsw_coopmat_t128x128k32g42s32f32c_texture3d_texture2d_half,2048,4096,4096,6.7545,10.174
780m,8b,4w,parent,sarc_linear_q4gsw_coopmat_t128x128k32g42s32f32c_texture3d_texture2d_half,2048,14336,4096,23.3189,10.314
780m,8b,4w,parent,sarc_linear_q4gsw_coopmat_t128x128k32g42s32f32c_texture3d_texture2d_half,2048,14336,4096,23.2944,10.325
780m,8b,4w,parent,sarc_linear_q4gsw_coopmat_t128x128k32g42s32f32c_texture3d_texture2d_half,2048,4096,14336,23.8407,10.089
780m,8b,4w,parent,sarc_linear_q4gsw_coopmat_t128x128k32g42s32f32c_texture3d_texture2d_half,2048,4096,4096,6.8308,10.06
780m,8b,4w,parent,sarc_linear_q4gsw_coopmat_t128x128k32g42s32f32c_texture3d_texture2d_half,2048,1024,4096,1.861,9.232
780m,8b,4w,parent,sarc_linear_q4gsw_coopmat_t128x128k32g42s32f32c_texture3d_texture2d_half,2048,1024,4096,1.7474,9.831
780m,8b,4w,parent,sarc_linear_q4gsw_coopmat_t128x128k32g42s32f32c_texture3d_texture2d_half,2048,4096,4096,6.6302,10.365
780m,8b,4w,parent,sarc_linear_q4gsw_coopmat_t128x128k32g42s32f32c_texture3d_texture2d_half,2048,14336,4096,23.5071,10.232
780m,8b,4w,parent,sarc_linear_q4gsw_coopmat_t128x128k32g42s32f32c_texture3d_texture2d_half,2048,14336,4096,23.7204,10.14
780m,8b,4w,parent,sarc_linear_q4gsw_coopmat_t128x128k32g42s32f32c_texture3d_texture2d_half,2048,4096,14336,23.868,10.077
780m,8b,4w,parent,sarc_linear_q4gsw_coopmat_t128x128k32g42s32f32c_texture3d_texture2d_half,2048,4096,4096,6.8448,10.04
780m,8b,4w,parent,sarc_linear_q4gsw_coopmat_t128x128k32g42s32f32c_texture3d_texture2d_half,2048,1024,4096,1.8567,9.253
780m,8b,4w,parent,sarc_linear_q4gsw_coopmat_t128x128k32g42s32f32c_texture3d_texture2d_half,2048,1024,4096,1.7322,9.918
780m,8b,4w,parent,sarc_linear_q4gsw_coopmat_t128x128k32g42s32f32c_texture3d_texture2d_half,2048,4096,4096,6.9128,9.941
780m,8b,4w,parent,sarc_linear_q4gsw_coopmat_t128x128k32g42s32f32c_texture3d_texture2d_half,2048,14336,4096,23.9906,10.026
780m,8b,4w,parent,sarc_linear_q4gsw_coopmat_t128x128k32g42s32f32c_texture3d_texture2d_half,2048,14336,4096,23.7268,10.137
780m,8b,4w,parent,sarc_linear_q4gsw_coopmat_t128x128k32g42s32f32c_texture3d_texture2d_half,2048,4096,14336,23.9592,10.039
780m,8b,4w,parent,sarc_linear_q4gsw_coopmat_t128x128k32g42s32f32c_texture3d_texture2d_half,2048,4096,4096,6.8173,10.08
780m,8b,4w,parent,sarc_linear_q4gsw_coopmat_t128x128k32g42s32f32c_texture3d_texture2d_half,2048,1024,4096,1.8702,9.186
780m,8b,4w,parent,sarc_linear_q4gsw_coopmat_t128x128k32g42s32f32c_texture3d_texture2d_half,2048,1024,4096,1.793,9.581
780m,8b,4w,parent,sarc_linear_q4gsw_coopmat_t128x128k32g42s32f32c_texture3d_texture2d_half,2048,4096,4096,6.6791,10.289
780m,8b,4w,parent,sarc_linear_q4gsw_coopmat_t128x128k32g42s32f32c_texture3d_texture2d_half,2048,14336,4096,23.942,10.046
780m,8b,4w,parent,sarc_linear_q4gsw_coopmat_t128x128k32g42s32f32c_texture3d_texture2d_half,2048,14336,4096,22.5258,10.677
780m,8b,4w,parent,sarc_linear_q4gsw_coopmat_t128x128k32g42s32f32c_texture3d_texture2d_half,2048,4096,14336,23.8156,10.099
780m,8b,4w,parent,sarc_linear_q4gsw_coopmat_t128x128k32g42s32f32c_texture3d_texture2d_half,2048,4096,4096,6.916,9.936
780m,8b,4w,parent,sarc_linear_q4gsw_coopmat_t128x128k32g42s32f32c_texture3d_texture2d_half,2048,1024,4096,1.8403,9.335
780m,8b,4w,parent,sarc_linear_q4gsw_coopmat_t128x128k32g42s32f32c_texture3d_texture2d_half,2048,1024,4096,1.7796,9.654
780m,8b,4w,parent,sarc_linear_q4gsw_coopmat_t128x128k32g42s32f32c_texture3d_texture2d_half,2048,4096,4096,6.7604,10.165
780m,8b,4w,parent,sarc_linear_q4gsw_coopmat_t128x128k32g42s32f32c_texture3d_texture2d_half,2048,14336,4096,23.0678,10.427
780m,8b,4w,parent,sarc_linear_q4gsw_coopmat_t128x128k32g42s32f32c_texture3d_texture2d_half,2048,14336,4096,22.4436,10.717
780m,8b,4w,parent,sarc_linear_q4gsw_coopmat_t128x128k32g42s32f32c_texture3d_texture2d_half,2048,4096,14336,23.7898,10.11
780m,8b,4w,parent,sarc_linear_q4gsw_coopmat_t128x128k32g42s32f32c_texture3d_texture2d_half,2048,4096,4096,6.9013,9.957
780m,8b,4w,parent,sarc_linear_q4gsw_coopmat_t128x128k32g42s32f32c_texture3d_texture2d_half,2048,1024,4096,1.8596,9.238
780m,8b,4w,parent,sarc_linear_q4gsw_coopmat_t128x128k32g42s32f32c_texture3d_texture2d_half,2048,1024,4096,1.7335,9.91
780m,8b,4w,parent,sarc_linear_q4gsw_coopmat_t128x128k32g42s32f32c_texture3d_texture2d_half,2048,4096,4096,6.6595,10.319
780m,8b,4w,parent,sarc_linear_q4gsw_coopmat_t128x128k32g42s32f32c_texture3d_texture2d_half,2048,14336,4096,22.7099,10.591
780m,8b,4w,parent,sarc_linear_q4gsw_coopmat_t128x128k32g42s32f32c_texture3d_texture2d_half,2048,14336,4096,22.5609,10.661
780m,8b,4w,parent,sarc_linear_q4gsw_coopmat_t128x128k32g42s32f32c_texture3d_texture2d_half,2048,4096,14336,23.643,10.173
780m,8b,4w,parent,sarc_linear_q4gsw_coopmat_t128x128k32g42s32f32c_texture3d_texture2d_half,2048,4096,4096,6.9055,9.951
780m,8b,4w,parent,sarc_linear_q4gsw_coopmat_t128x128k32g42s32f32c_texture3d_texture2d_half,2048,1024,4096,1.8258,9.41
780m,8b,4w,parent,sarc_linear_q4gsw_coopmat_t128x128k32g42s32f32c_texture3d_texture2d_half,2048,1024,4096,1.7618,9.752
780m,8b,4w,parent,sarc_linear_q4gsw_coopmat_t128x128k32g42s32f32c_texture3d_texture2d_half,2048,4096,4096,6.7031,10.252
780m,8b,4w,parent,sarc_linear_q4gsw_coopmat_t128x128k32g42s32f32c_texture3d_texture2d_half,2048,14336,4096,22.7765,10.56
780m,8b,4w,parent,sarc_linear_q4gsw_coopmat_t128x128k32g42s32f32c_texture3d_texture2d_half,2048,14336,4096,23.1072,10.409
780m,8b,4w,parent,sarc_linear_q4gsw_coopmat_t128x128k32g42s32f32c_texture3d_texture2d_half,2048,4096,14336,24.0696,9.993
780m,8b,4w,parent,sarc_linear_q4gsw_coopmat_t128x128k32g42s32f32c_texture3d_texture2d_half,2048,4096,4096,6.7926,10.117
780m,8b,4w,parent,sarc_linear_q4gsw_coopmat_t128x128k32g42s32f32c_texture3d_texture2d_half,2048,1024,4096,1.821,9.435
780m,8b,4w,parent,sarc_linear_q4gsw_coopmat_t128x128k32g42s32f32c_texture3d_texture2d_half,2048,1024,4096,1.7573,9.776
780m,8b,4w,parent,sarc_linear_q4gsw_coopmat_t128x128k32g42s32f32c_texture3d_texture2d_half,2048,4096,4096,6.6635,10.313
780m,8b,4w,parent,sarc_linear_q4gsw_coopmat_t128x128k32g42s32f32c_texture3d_texture2d_half,2048,14336,4096,23.7411,10.131
780m,8b,4w,parent,sarc_linear_q4gsw_coopmat_t128x128k32g42s32f32c_texture3d_texture2d_half,2048,14336,4096,22.5288,10.676
780m,8b,4w,parent,sarc_linear_q4gsw_coopmat_t128x128k32g42s32f32c_texture3d_texture2d_half,2048,4096,14336,23.045,10.437
780m,8b,4w,parent,sarc_linear_q4gsw_coopmat_t128x128k32g42s32f32c_texture3d_texture2d_half,2048,4096,4096,6.8684,10.005
780m,8b,4w,parent,sarc_linear_q4gsw_coopmat_t128x128k32g42s32f32c_texture3d_texture2d_half,2048,1024,4096,1.8368,9.353
780m,8b,4w,parent,sarc_linear_q4gsw_coopmat_t128x128k32g42s32f32c_texture3d_texture2d_half,2048,1024,4096,1.753,9.8
780m,8b,4w,parent,sarc_linear_q4gsw_coopmat_t128x128k32g42s32f32c_texture3d_texture2d_half,2048,4096,4096,6.6756,10.294
780m,8b,4w,parent,sarc_linear_q4gsw_coopmat_t128x128k32g42s32f32c_texture3d_texture2d_half,2048,14336,4096,22.7413,10.576
780m,8b,4w,parent,sarc_linear_q4gsw_coopmat_t128x128k32g42s32f32c_texture3d_texture2d_half,2048,14336,4096,22.5054,10.687
780m,8b,4w,parent,sarc_linear_q4gsw_coopmat_t128x128k32g42s32f32c_texture3d_texture2d_half,2048,4096,14336,23.7581,10.124
780m,8b,4w,parent,sarc_linear_q4gsw_coopmat_t128x128k32g42s32f32c_texture3d_texture2d_half,2048,4096,4096,6.8605,10.017
780m,8b,4w,parent,sarc_linear_q4gsw_coopmat_t128x128k32g42s32f32c_texture3d_texture2d_half,2048,1024,4096,1.819,9.445
780m,8b,4w,parent,sarc_linear_q4gsw_coopmat_t128x128k32g42s32f32c_texture3d_texture2d_half,2048,1024,4096,1.7563,9.782
780m,8b,4w,parent,sarc_linear_q4gsw_coopmat_t128x128k32g42s32f32c_texture3d_texture2d_half,2048,4096,4096,6.6746,10.296
780m,8b,4w,parent,sarc_linear_q4gsw_coopmat_t128x128k32g42s32f32c_texture3d_texture2d_half,2048,14336,4096,22.6389,10.624
780m,8b,4w,parent,sarc_linear_q4gsw_coopmat_t128x128k32g42s32f32c_texture3d_texture2d_half,2048,14336,4096,23.6251,10.181
780m,8b,4w,parent,sarc_linear_q4gsw_coopmat_t128x128k32g42s32f32c_texture3d_texture2d_half,2048,4096,14336,23.6757,10.159
780m,8b,4w,parent,sarc_linear_q4gsw_coopmat_t128x128k32g42s32f32c_texture3d_texture2d_half,2048,4096,4096,7.0148,9.796
780m,8b,4w,parent,sarc_linear_q4gsw_coopmat_t128x128k32g42s32f32c_texture3d_texture2d_half,2048,1024,4096,1.8414,9.33
780m,8b,4w,parent,sarc_linear_q4gsw_coopmat_t128x128k32g42s32f32c_texture3d_texture2d_half,2048,1024,4096,1.7566,9.78
780m,8b,4w,parent,sarc_linear_q4gsw_coopmat_t128x128k32g42s32f32c_texture3d_texture2d_half,2048,4096,4096,6.6616,10.316
780m,8b,4w,parent,sarc_linear_q4gsw_coopmat_t128x128k32g42s32f32c_texture3d_texture2d_half,2048,14336,4096,23.9931,10.024
780m,8b,4w,parent,sarc_linear_q4gsw_coopmat_t128x128k32g42s32f32c_texture3d_texture2d_half,2048,14336,4096,22.5147,10.683
780m,8b,4w,parent,sarc_linear_q4gsw_coopmat_t128x128k32g42s32f32c_texture3d_texture2d_half,2048,4096,14336,23.7841,10.113
780m,8b,4w,parent,sarc_linear_q4gsw_coopmat_t128x128k32g42s32f32c_texture3d_texture2d_half,2048,4096,4096,6.8937,9.968
780m,8b,4w,parent,sarc_linear_q4gsw_coopmat_t128x128k32g42s32f32c_texture3d_texture2d_half,2048,1024,4096,1.8728,9.173
780m,8b,4w,parent,sarc_linear_q4gsw_coopmat_t128x128k32g42s32f32c_texture3d_texture2d_half,2048,1024,4096,1.7513,9.81
780m,8b,4w,parent,sarc_linear_q4gsw_coopmat_t128x128k32g42s32f32c_texture3d_texture2d_half,2048,4096,4096,6.6831,10.283
780m,8b,4w,parent,sarc_linear_q4gsw_coopmat_t128x128k32g42s32f32c_texture3d_texture2d_half,2048,14336,4096,23.7276,10.137
780m,8b,4w,parent,sarc_linear_q4gsw_coopmat_t128x128k32g42s32f32c_texture3d_texture2d_half,2048,14336,4096,22.5753,10.654
780m,8b,4w,parent,sarc_linear_q4gsw_coopmat_t128x128k32g42s32f32c_texture3d_texture2d_half,2048,4096,14336,23.9898,10.026
780m,8b,4w,parent,sarc_linear_q4gsw_coopmat_t128x128k32g42s32f32c_texture3d_texture2d_half,2048,4096,4096,6.8764,9.993
780m,8b,4w,parent,sarc_linear_q4gsw_coopmat_t128x128k32g42s32f32c_texture3d_texture2d_half,2048,1024,4096,1.845,9.312
780m,8b,4w,parent,sarc_linear_q4gsw_coopmat_t128x128k32g42s32f32c_texture3d_texture2d_half,2048,1024,4096,1.7609,9.756
780m,8b,4w,parent,sarc_linear_q4gsw_coopmat_t128x128k32g42s32f32c_texture3d_texture2d_half,2048,4096,4096,6.7112,10.239
780m,8b,4w,parent,sarc_linear_q4gsw_coopmat_t128x128k32g42s32f32c_texture3d_texture2d_half,2048,14336,4096,22.6524,10.618
780m,8b,4w,parent,sarc_linear_q4gsw_coopmat_t128x128k32g42s32f32c_texture3d_texture2d_half,2048,14336,4096,23.6731,10.16
780m,8b,4w,parent,sarc_linear_q4gsw_coopmat_t128x128k32g42s32f32c_texture3d_texture2d_half,2048,4096,14336,23.8181,10.098
780m,8b,4w,parent,sarc_linear_q4gsw_coopmat_t128x128k32g42s32f32c_texture3d_texture2d_half,2048,4096,4096,6.9096,9.945
780m,8b,4w,parent,sarc_linear_q4gsw_coopmat_t128x128k32g42s32f32c_texture3d_texture2d_half,2048,1024,4096,1.872,9.177
780m,8b,4w,parent,sarc_linear_q4gsw_coopmat_t128x128k32g42s32f32c_texture3d_texture2d_half,2048,1024,4096,1.7521,9.805
780m,8b,4w,parent,sarc_linear_q4gsw_coopmat_t128x128k32g42s32f32c_texture3d_texture2d_half,2048,4096,4096,6.6436,10.344
780m,8b,4w,parent,sarc_linear_q4gsw_coopmat_t128x128k32g42s32f32c_texture3d_texture2d_half,2048,14336,4096,22.7977,10.55
780m,8b,4w,parent,sarc_linear_q4gsw_coopmat_t128x128k32g42s32f32c_texture3d_texture2d_half,2048,14336,4096,22.556,10.663
780m,8b,4w,parent,sarc_linear_q4gsw_coopmat_t128x128k32g42s32f32c_texture3d_texture2d_half,2048,4096,14336,23.8258,10.095
780m,8b,4w,parent,sarc_linear_q4gsw_coopmat_t128x128k32g42s32f32c_texture3d_texture2d_half,2048,4096,4096,6.9165,9.936
780m,8b,4w,parent,sarc_linear_q4gsw_coopmat_t128x128k32g42s32f32c_texture3d_texture2d_half,2048,1024,4096,1.8612,9.23
780m,8b,4w,parent,sarc_linear_q4gsw_coopmat_t128x128k32g42s32f32c_texture3d_texture2d_half,2048,1024,4096,1.7994,9.548
780m,8b,4w,parent,sarc_linear_q4gsw_coopmat_t128x128k32g42s32f32c_texture3d_texture2d_half,2048,4096,4096,6.7519,10.178
780m,8b,4w,parent,sarc_linear_q4gsw_coopmat_t128x128k32g42s32f32c_texture3d_texture2d_half,2048,14336,4096,22.9673,10.472
780m,8b,4w,parent,sarc_linear_q4gsw_coopmat_t128x128k32g42s32f32c_texture3d_texture2d_half,2048,14336,4096,23.4398,10.261
780m,8b,4w,parent,sarc_linear_q4gsw_coopmat_t128x128k32g42s32f32c_texture3d_texture2d_half,2048,4096,14336,22.996,10.459
780m,8b,4w,parent,sarc_linear_q4gsw_coopmat_t128x128k32g42s32f32c_texture3d_texture2d_half,2048,4096,4096,6.9646,9.867
780m,8b,4w,parent,sarc_linear_q4gsw_coopmat_t128x128k32g42s32f32c_texture3d_texture2d_half,2048,1024,4096,1.8932,9.075
780m,8b,4w,parent,sarc_linear_q4gsw_coopmat_t128x128k32g42s32f32c_texture3d_texture2d_half,2048,1024,4096,1.836,9.357
780m,8b,4w,parent,sarc_linear_q4gsw_coopmat_t128x128k32g42s32f32c_texture3d_texture2d_half,2048,4096,4096,6.6641,10.312
780m,8b,4w,parent,sarc_linear_q4gsw_coopmat_t128x128k32g42s32f32c_texture3d_texture2d_half,2048,14336,4096,23.6882,10.154
780m,8b,4w,parent,sarc_linear_q4gsw_coopmat_t128x128k32g42s32f32c_texture3d_texture2d_half,2048,14336,4096,22.5172,10.682
780m,8b,4w,parent,sarc_linear_q4gsw_coopmat_t128x128k32g42s32f32c_texture3d_texture2d_half,2048,4096,14336,23.1054,10.41
780m,8b,4w,parent,sarc_linear_q4gsw_coopmat_t128x128k32g42s32f32c_texture3d_texture2d_half,2048,4096,4096,6.9538,9.882
780m,8b,4w,parent,sarc_linear_q4gsw_coopmat_t128x128k32g42s32f32c_texture3d_texture2d_half,2048,1024,4096,1.8651,9.211
780m,8b,4w,parent,sarc_linear_q4gsw_coopmat_t128x128k32g42s32f32c_texture3d_texture2d_half,2048,1024,4096,1.7799,9.652
780m,8b,4w,parent,sarc_linear_q4gsw_coopmat_t128x128k32g42s32f32c_texture3d_texture2d_half,2048,4096,4096,6.8008,10.105
780m,8b,4w,parent,sarc_linear_q4gsw_coopmat_t128x128k32g42s32f32c_texture3d_texture2d_half,2048,14336,4096,22.7106,10.591
780m,8b,4w,parent,sarc_linear_q4gsw_coopmat_t128x128k32g42s32f32c_texture3d_texture2d_half,2048,14336,4096,22.4934,10.693
780m,8b,4w,parent,sarc_linear_q4gsw_coopmat_t128x128k32g42s32f32c_texture3d_texture2d_half,2048,4096,14336,23.8017,10.105
780m,8b,4w,parent,sarc_linear_q4gsw_coopmat_t128x128k32g42s32f32c_texture3d_texture2d_half,2048,4096,4096,6.9736,9.854
780m,8b,4w,parent,sarc_linear_q4gsw_coopmat_t128x128k32g42s32f32c_texture3d_texture2d_half,2048,1024,4096,1.851,9.282
780m,8b,4w,parent,sarc_linear_q4gsw_coopmat_t128x128k32g42s32f32c_texture3d_texture2d_half,2048,1024,4096,1.77,9.706
780m,8b,4w,parent,sarc_linear_q4gsw_coopmat_t128x128k32g42s32f32c_texture3d_texture2d_half,2048,4096,4096,6.6799,10.288
780m,8b,4w,parent,sarc_linear_q4gsw_coopmat_t128x128k32g42s32f32c_texture3d_texture2d_half,2048,14336,4096,23.8066,10.103
780m,8b,4w,parent,sarc_linear_q4gsw_coopmat_t128x128k32g42s32f32c_texture3d_texture2d_half,2048,14336,4096,22.5418,10.67
780m,8b,4w,parent,sarc_linear_q4gsw_coopmat_t128x128k32g42s32f32c_texture3d_texture2d_half,2048,4096,14336,23.0946,10.414
780m,8b,8da4w,cand,sarc_linear_dq8ca_coopmat_zpg_sweep_t128x64k32g22s32_texture3d_texture2d_half,2048,4096,4096,6.7315,10.209
780m,8b,8da4w,cand,sarc_linear_dq8ca_coopmat_zpg_sweep_t128x64k32g22s32_texture3d_texture2d_half,2048,1024,4096,1.7206,9.985
780m,8b,8da4w,cand,sarc_linear_dq8ca_coopmat_zpg_sweep_t128x64k32g22s32_texture3d_texture2d_half,2048,1024,4096,1.7465,9.837
780m,8b,8da4w,cand,sarc_linear_dq8ca_coopmat_zpg_sweep_t128x64k32g22s32_texture3d_texture2d_half,2048,4096,4096,6.3693,10.789
780m,8b,8da4w,cand,sarc_linear_dq8ca_coopmat_zpg_sweep_t128x64k32g22s32_texture3d_texture2d_half,2048,14336,4096,23.263,10.339
780m,8b,8da4w,cand,sarc_linear_dq8ca_coopmat_zpg_sweep_t128x64k32g22s32_texture3d_texture2d_half,2048,14336,4096,23.2386,10.35
780m,8b,8da4w,cand,sarc_linear_dq8ca_coopmat_zpg_sweep_t128x64k32g22s32_texture3d_texture2d_half,2048,4096,14336,23.0561,10.432
780m,8b,8da4w,cand,sarc_linear_dq8ca_coopmat_zpg_sweep_t128x64k32g22s32_texture3d_texture2d_half,2048,4096,4096,6.5206,10.539
780m,8b,8da4w,cand,sarc_linear_dq8ca_coopmat_zpg_sweep_t128x64k32g22s32_texture3d_texture2d_half,2048,1024,4096,1.7345,9.905
780m,8b,8da4w,cand,sarc_linear_dq8ca_coopmat_zpg_sweep_t128x64k32g22s32_texture3d_texture2d_half,2048,1024,4096,1.7631,9.744
780m,8b,8da4w,cand,sarc_linear_dq8ca_coopmat_zpg_sweep_t128x64k32g22s32_texture3d_texture2d_half,2048,4096,4096,6.3761,10.778
780m,8b,8da4w,cand,sarc_linear_dq8ca_coopmat_zpg_sweep_t128x64k32g22s32_texture3d_texture2d_half,2048,14336,4096,23.2935,10.326
780m,8b,8da4w,cand,sarc_linear_dq8ca_coopmat_zpg_sweep_t128x64k32g22s32_texture3d_texture2d_half,2048,14336,4096,23.3043,10.321
780m,8b,8da4w,cand,sarc_linear_dq8ca_coopmat_zpg_sweep_t128x64k32g22s32_texture3d_texture2d_half,2048,4096,14336,23.1996,10.367
780m,8b,8da4w,cand,sarc_linear_dq8ca_coopmat_zpg_sweep_t128x64k32g22s32_texture3d_texture2d_half,2048,4096,4096,6.563,10.471
780m,8b,8da4w,cand,sarc_linear_dq8ca_coopmat_zpg_sweep_t128x64k32g22s32_texture3d_texture2d_half,2048,1024,4096,1.7446,9.847
780m,8b,8da4w,cand,sarc_linear_dq8ca_coopmat_zpg_sweep_t128x64k32g22s32_texture3d_texture2d_half,2048,1024,4096,1.7546,9.791
780m,8b,8da4w,cand,sarc_linear_dq8ca_coopmat_zpg_sweep_t128x64k32g22s32_texture3d_texture2d_half,2048,4096,4096,6.3924,10.75
780m,8b,8da4w,cand,sarc_linear_dq8ca_coopmat_zpg_sweep_t128x64k32g22s32_texture3d_texture2d_half,2048,14336,4096,23.2441,10.348
780m,8b,8da4w,cand,sarc_linear_dq8ca_coopmat_zpg_sweep_t128x64k32g22s32_texture3d_texture2d_half,2048,14336,4096,23.2214,10.358
780m,8b,8da4w,cand,sarc_linear_dq8ca_coopmat_zpg_sweep_t128x64k32g22s32_texture3d_texture2d_half,2048,4096,14336,23.1924,10.371
780m,8b,8da4w,cand,sarc_linear_dq8ca_coopmat_zpg_sweep_t128x64k32g22s32_texture3d_texture2d_half,2048,4096,4096,6.5522,10.488
780m,8b,8da4w,cand,sarc_linear_dq8ca_coopmat_zpg_sweep_t128x64k32g22s32_texture3d_texture2d_half,2048,1024,4096,1.7284,9.94
780m,8b,8da4w,cand,sarc_linear_dq8ca_coopmat_zpg_sweep_t128x64k32g22s32_texture3d_texture2d_half,2048,1024,4096,1.7773,9.666
780m,8b,8da4w,cand,sarc_linear_dq8ca_coopmat_zpg_sweep_t128x64k32g22s32_texture3d_texture2d_half,2048,4096,4096,6.3762,10.777
780m,8b,8da4w,cand,sarc_linear_dq8ca_coopmat_zpg_sweep_t128x64k32g22s32_texture3d_texture2d_half,2048,14336,4096,23.1433,10.393
780m,8b,8da4w,cand,sarc_linear_dq8ca_coopmat_zpg_sweep_t128x64k32g22s32_texture3d_texture2d_half,2048,14336,4096,23.252,10.344
780m,8b,8da4w,cand,sarc_linear_dq8ca_coopmat_zpg_sweep_t128x64k32g22s32_texture3d_texture2d_half,2048,4096,14336,23.1401,10.394
780m,8b,8da4w,cand,sarc_linear_dq8ca_coopmat_zpg_sweep_t128x64k32g22s32_texture3d_texture2d_half,2048,4096,4096,6.5378,10.511
780m,8b,8da4w,cand,sarc_linear_dq8ca_coopmat_zpg_sweep_t128x64k32g22s32_texture3d_texture2d_half,2048,1024,4096,1.7396,9.876
780m,8b,8da4w,cand,sarc_linear_dq8ca_coopmat_zpg_sweep_t128x64k32g22s32_texture3d_texture2d_half,2048,1024,4096,1.7421,9.862
780m,8b,8da4w,cand,sarc_linear_dq8ca_coopmat_zpg_sweep_t128x64k32g22s32_texture3d_texture2d_half,2048,4096,4096,6.383,10.766
780m,8b,8da4w,cand,sarc_linear_dq8ca_coopmat_zpg_sweep_t128x64k32g22s32_texture3d_texture2d_half,2048,14336,4096,23.1443,10.392
780m,8b,8da4w,cand,sarc_linear_dq8ca_coopmat_zpg_sweep_t128x64k32g22s32_texture3d_texture2d_half,2048,14336,4096,23.1615,10.384
780m,8b,8da4w,cand,sarc_linear_dq8ca_coopmat_zpg_sweep_t128x64k32g22s32_texture3d_texture2d_half,2048,4096,14336,23.174,10.379
780m,8b,8da4w,cand,sarc_linear_dq8ca_coopmat_zpg_sweep_t128x64k32g22s32_texture3d_texture2d_half,2048,4096,4096,6.5503,10.491
780m,8b,8da4w,cand,sarc_linear_dq8ca_coopmat_zpg_sweep_t128x64k32g22s32_texture3d_texture2d_half,2048,1024,4096,1.7128,10.03
780m,8b,8da4w,cand,sarc_linear_dq8ca_coopmat_zpg_sweep_t128x64k32g22s32_texture3d_texture2d_half,2048,1024,4096,1.7542,9.794
780m,8b,8da4w,cand,sarc_linear_dq8ca_coopmat_zpg_sweep_t128x64k32g22s32_texture3d_texture2d_half,2048,4096,4096,6.3673,10.793
780m,8b,8da4w,cand,sarc_linear_dq8ca_coopmat_zpg_sweep_t128x64k32g22s32_texture3d_texture2d_half,2048,14336,4096,23.1835,10.375
780m,8b,8da4w,cand,sarc_linear_dq8ca_coopmat_zpg_sweep_t128x64k32g22s32_texture3d_texture2d_half,2048,14336,4096,23.1636,10.383
780m,8b,8da4w,cand,sarc_linear_dq8ca_coopmat_zpg_sweep_t128x64k32g22s32_texture3d_texture2d_half,2048,4096,14336,23.18,10.376
780m,8b,8da4w,cand,sarc_linear_dq8ca_coopmat_zpg_sweep_t128x64k32g22s32_texture3d_texture2d_half,2048,4096,4096,6.5666,10.465
780m,8b,8da4w,cand,sarc_linear_dq8ca_coopmat_zpg_sweep_t128x64k32g22s32_texture3d_texture2d_half,2048,1024,4096,1.7458,9.84
780m,8b,8da4w,cand,sarc_linear_dq8ca_coopmat_zpg_sweep_t128x64k32g22s32_texture3d_texture2d_half,2048,1024,4096,1.7626,9.747
780m,8b,8da4w,cand,sarc_linear_dq8ca_coopmat_zpg_sweep_t128x64k32g22s32_texture3d_texture2d_half,2048,4096,4096,6.3756,10.779
780m,8b,8da4w,cand,sarc_linear_dq8ca_coopmat_zpg_sweep_t128x64k32g22s32_texture3d_texture2d_half,2048,14336,4096,23.188,10.373
780m,8b,8da4w,cand,sarc_linear_dq8ca_coopmat_zpg_sweep_t128x64k32g22s32_texture3d_texture2d_half,2048,14336,4096,23.253,10.344
780m,8b,8da4w,cand,sarc_linear_dq8ca_coopmat_zpg_sweep_t128x64k32g22s32_texture3d_texture2d_half,2048,4096,14336,23.2272,10.355
780m,8b,8da4w,cand,sarc_linear_dq8ca_coopmat_zpg_sweep_t128x64k32g22s32_texture3d_texture2d_half,2048,4096,4096,6.5343,10.517
780m,8b,8da4w,cand,sarc_linear_dq8ca_coopmat_zpg_sweep_t128x64k32g22s32_texture3d_texture2d_half,2048,1024,4096,1.7362,9.895
780m,8b,8da4w,cand,sarc_linear_dq8ca_coopmat_zpg_sweep_t128x64k32g22s32_texture3d_texture2d_half,2048,1024,4096,1.7627,9.746
780m,8b,8da4w,cand,sarc_linear_dq8ca_coopmat_zpg_sweep_t128x64k32g22s32_texture3d_texture2d_half,2048,4096,4096,6.3758,10.778
780m,8b,8da4w,cand,sarc_linear_dq8ca_coopmat_zpg_sweep_t128x64k32g22s32_texture3d_texture2d_half,2048,14336,4096,23.138,10.395
780m,8b,8da4w,cand,sarc_linear_dq8ca_coopmat_zpg_sweep_t128x64k32g22s32_texture3d_texture2d_half,2048,14336,4096,23.1934,10.37
780m,8b,8da4w,cand,sarc_linear_dq8ca_coopmat_zpg_sweep_t128x64k32g22s32_texture3d_texture2d_half,2048,4096,14336,23.2425,10.348
780m,8b,8da4w,cand,sarc_linear_dq8ca_coopmat_zpg_sweep_t128x64k32g22s32_texture3d_texture2d_half,2048,4096,4096,6.63,10.365
780m,8b,8da4w,cand,sarc_linear_dq8ca_coopmat_zpg_sweep_t128x64k32g22s32_texture3d_texture2d_half,2048,1024,4096,1.7383,9.883
780m,8b,8da4w,cand,sarc_linear_dq8ca_coopmat_zpg_sweep_t128x64k32g22s32_texture3d_texture2d_half,2048,1024,4096,1.7559,9.784
780m,8b,8da4w,cand,sarc_linear_dq8ca_coopmat_zpg_sweep_t128x64k32g22s32_texture3d_texture2d_half,2048,4096,4096,6.3789,10.773
780m,8b,8da4w,cand,sarc_linear_dq8ca_coopmat_zpg_sweep_t128x64k32g22s32_texture3d_texture2d_half,2048,14336,4096,23.1944,10.37
780m,8b,8da4w,cand,sarc_linear_dq8ca_coopmat_zpg_sweep_t128x64k32g22s32_texture3d_texture2d_half,2048,14336,4096,23.1318,10.398
780m,8b,8da4w,cand,sarc_linear_dq8ca_coopmat_zpg_sweep_t128x64k32g22s32_texture3d_texture2d_half,2048,4096,14336,23.1609,10.385
780m,8b,8da4w,cand,sarc_linear_dq8ca_coopmat_zpg_sweep_t128x64k32g22s32_texture3d_texture2d_half,2048,4096,4096,6.5714,10.457
780m,8b,8da4w,cand,sarc_linear_dq8ca_coopmat_zpg_sweep_t128x64k32g22s32_texture3d_texture2d_half,2048,1024,4096,1.7347,9.904
780m,8b,8da4w,cand,sarc_linear_dq8ca_coopmat_zpg_sweep_t128x64k32g22s32_texture3d_texture2d_half,2048,1024,4096,1.7521,9.805
780m,8b,8da4w,cand,sarc_linear_dq8ca_coopmat_zpg_sweep_t128x64k32g22s32_texture3d_texture2d_half,2048,4096,4096,6.3733,10.782
780m,8b,8da4w,cand,sarc_linear_dq8ca_coopmat_zpg_sweep_t128x64k32g22s32_texture3d_texture2d_half,2048,14336,4096,23.1822,10.375
780m,8b,8da4w,cand,sarc_linear_dq8ca_coopmat_zpg_sweep_t128x64k32g22s32_texture3d_texture2d_half,2048,14336,4096,23.2252,10.356
780m,8b,8da4w,cand,sarc_linear_dq8ca_coopmat_zpg_sweep_t128x64k32g22s32_texture3d_texture2d_half,2048,4096,14336,23.1542,10.388
780m,8b,8da4w,cand,sarc_linear_dq8ca_coopmat_zpg_sweep_t128x64k32g22s32_texture3d_texture2d_half,2048,4096,4096,6.5556,10.483
780m,8b,8da4w,cand,sarc_linear_dq8ca_coopmat_zpg_sweep_t128x64k32g22s32_texture3d_texture2d_half,2048,1024,4096,1.7505,9.814
780m,8b,8da4w,cand,sarc_linear_dq8ca_coopmat_zpg_sweep_t128x64k32g22s32_texture3d_texture2d_half,2048,1024,4096,1.7582,9.771
780m,8b,8da4w,cand,sarc_linear_dq8ca_coopmat_zpg_sweep_t128x64k32g22s32_texture3d_texture2d_half,2048,4096,4096,6.3733,10.782
780m,8b,8da4w,cand,sarc_linear_dq8ca_coopmat_zpg_sweep_t128x64k32g22s32_texture3d_texture2d_half,2048,14336,4096,23.1956,10.369
780m,8b,8da4w,cand,sarc_linear_dq8ca_coopmat_zpg_sweep_t128x64k32g22s32_texture3d_texture2d_half,2048,14336,4096,23.171,10.38
780m,8b,8da4w,cand,sarc_linear_dq8ca_coopmat_zpg_sweep_t128x64k32g22s32_texture3d_texture2d_half,2048,4096,14336,23.2121,10.362
780m,8b,8da4w,cand,sarc_linear_dq8ca_coopmat_zpg_sweep_t128x64k32g22s32_texture3d_texture2d_half,2048,4096,4096,6.5762,10.45
780m,8b,8da4w,cand,sarc_linear_dq8ca_coopmat_zpg_sweep_t128x64k32g22s32_texture3d_texture2d_half,2048,1024,4096,1.7406,9.87
780m,8b,8da4w,cand,sarc_linear_dq8ca_coopmat_zpg_sweep_t128x64k32g22s32_texture3d_texture2d_half,2048,1024,4096,1.7502,9.816
780m,8b,8da4w,cand,sarc_linear_dq8ca_coopmat_zpg_sweep_t128x64k32g22s32_texture3d_texture2d_half,2048,4096,4096,6.3765,10.777
780m,8b,8da4w,cand,sarc_linear_dq8ca_coopmat_zpg_sweep_t128x64k32g22s32_texture3d_texture2d_half,2048,14336,4096,23.2098,10.363
780m,8b,8da4w,cand,sarc_linear_dq8ca_coopmat_zpg_sweep_t128x64k32g22s32_texture3d_texture2d_half,2048,14336,4096,23.2466,10.346
780m,8b,8da4w,cand,sarc_linear_dq8ca_coopmat_zpg_sweep_t128x64k32g22s32_texture3d_texture2d_half,2048,4096,14336,23.2136,10.361
780m,8b,8da4w,cand,sarc_linear_dq8ca_coopmat_zpg_sweep_t128x64k32g22s32_texture3d_texture2d_half,2048,4096,4096,6.5649,10.468
780m,8b,8da4w,cand,sarc_linear_dq8ca_coopmat_zpg_sweep_t128x64k32g22s32_texture3d_texture2d_half,2048,1024,4096,1.7493,9.821
780m,8b,8da4w,cand,sarc_linear_dq8ca_coopmat_zpg_sweep_t128x64k32g22s32_texture3d_texture2d_half,2048,1024,4096,1.7536,9.797
780m,8b,8da4w,cand,sarc_linear_dq8ca_coopmat_zpg_sweep_t128x64k32g22s32_texture3d_texture2d_half,2048,4096,4096,6.3768,10.776
780m,8b,8da4w,cand,sarc_linear_dq8ca_coopmat_zpg_sweep_t128x64k32g22s32_texture3d_texture2d_half,2048,14336,4096,23.2023,10.366
780m,8b,8da4w,cand,sarc_linear_dq8ca_coopmat_zpg_sweep_t128x64k32g22s32_texture3d_texture2d_half,2048,14336,4096,23.2114,10.362
780m,8b,8da4w,cand,sarc_linear_dq8ca_coopmat_zpg_sweep_t128x64k32g22s32_texture3d_texture2d_half,2048,4096,14336,23.2723,10.335
780m,8b,8da4w,cand,sarc_linear_dq8ca_coopmat_zpg_sweep_t128x64k32g22s32_texture3d_texture2d_half,2048,4096,4096,6.573,10.455
780m,8b,8da4w,cand,sarc_linear_dq8ca_coopmat_zpg_sweep_t128x64k32g22s32_texture3d_texture2d_half,2048,1024,4096,1.7308,9.926
780m,8b,8da4w,cand,sarc_linear_dq8ca_coopmat_zpg_sweep_t128x64k32g22s32_texture3d_texture2d_half,2048,1024,4096,1.7614,9.754
780m,8b,8da4w,cand,sarc_linear_dq8ca_coopmat_zpg_sweep_t128x64k32g22s32_texture3d_texture2d_half,2048,4096,4096,6.3756,10.778
780m,8b,8da4w,cand,sarc_linear_dq8ca_coopmat_zpg_sweep_t128x64k32g22s32_texture3d_texture2d_half,2048,14336,4096,23.1816,10.375
780m,8b,8da4w,cand,sarc_linear_dq8ca_coopmat_zpg_sweep_t128x64k32g22s32_texture3d_texture2d_half,2048,14336,4096,23.1277,10.4
780m,8b,8da4w,cand,sarc_linear_dq8ca_coopmat_zpg_sweep_t128x64k32g22s32_texture3d_texture2d_half,2048,4096,14336,23.132,10.398
780m,8b,8da4w,cand,sarc_linear_dq8ca_coopmat_zpg_sweep_t128x64k32g22s32_texture3d_texture2d_half,2048,4096,4096,6.5721,10.456
780m,8b,8da4w,cand,sarc_linear_dq8ca_coopmat_zpg_sweep_t128x64k32g22s32_texture3d_texture2d_half,2048,1024,4096,1.7391,9.879
780m,8b,8da4w,cand,sarc_linear_dq8ca_coopmat_zpg_sweep_t128x64k32g22s32_texture3d_texture2d_half,2048,1024,4096,1.7524,9.803
780m,8b,8da4w,cand,sarc_linear_dq8ca_coopmat_zpg_sweep_t128x64k32g22s32_texture3d_texture2d_half,2048,4096,4096,6.3793,10.772
780m,8b,8da4w,cand,sarc_linear_dq8ca_coopmat_zpg_sweep_t128x64k32g22s32_texture3d_texture2d_half,2048,14336,4096,23.206,10.364
780m,8b,8da4w,cand,sarc_linear_dq8ca_coopmat_zpg_sweep_t128x64k32g22s32_texture3d_texture2d_half,2048,14336,4096,23.2516,10.344
780m,8b,8da4w,cand,sarc_linear_dq8ca_coopmat_zpg_sweep_t128x64k32g22s32_texture3d_texture2d_half,2048,4096,14336,22.7676,10.564
780m,8b,8da4w,cand,sarc_linear_dq8ca_coopmat_zpg_sweep_t128x64k32g22s32_texture3d_texture2d_half,2048,4096,4096,6.7036,10.251
780m,8b,8da4w,cand,sarc_linear_dq8ca_coopmat_zpg_sweep_t128x64k32g22s32_texture3d_texture2d_half,2048,1024,4096,1.7324,9.917
780m,8b,8da4w,cand,sarc_linear_dq8ca_coopmat_zpg_sweep_t128x64k32g22s32_texture3d_texture2d_half,2048,1024,4096,1.7602,9.76
780m,8b,8da4w,cand,sarc_linear_dq8ca_coopmat_zpg_sweep_t128x64k32g22s32_texture3d_texture2d_half,2048,4096,4096,6.5756,10.451
780m,8b,8da4w,cand,sarc_linear_dq8ca_coopmat_zpg_sweep_t128x64k32g22s32_texture3d_texture2d_half,2048,14336,4096,22.9084,10.499
780m,8b,8da4w,cand,sarc_linear_dq8ca_coopmat_zpg_sweep_t128x64k32g22s32_texture3d_texture2d_half,2048,14336,4096,23.4522,10.256
780m,8b,8da4w,cand,sarc_linear_dq8ca_coopmat_zpg_sweep_t128x64k32g22s32_texture3d_texture2d_half,2048,4096,14336,22.7571,10.569
780m,8b,8da4w,cand,sarc_linear_dq8ca_coopmat_zpg_sweep_t128x64k32g22s32_texture3d_texture2d_half,2048,4096,4096,6.7129,10.237
780m,8b,8da4w,cand,sarc_linear_dq8ca_coopmat_zpg_sweep_t128x64k32g22s32_texture3d_texture2d_half,2048,1024,4096,1.7475,9.831
780m,8b,8da4w,cand,sarc_linear_dq8ca_coopmat_zpg_sweep_t128x64k32g22s32_texture3d_texture2d_half,2048,1024,4096,1.7498,9.818
780m,8b,8da4w,cand,sarc_linear_dq8ca_coopmat_zpg_sweep_t128x64k32g22s32_texture3d_texture2d_half,2048,4096,4096,6.5944,10.421
780m,8b,8da4w,cand,sarc_linear_dq8ca_coopmat_zpg_sweep_t128x64k32g22s32_texture3d_texture2d_half,2048,14336,4096,23.5012,10.234
780m,8b,8da4w,cand,sarc_linear_dq8ca_coopmat_zpg_sweep_t128x64k32g22s32_texture3d_texture2d_half,2048,14336,4096,22.9838,10.465
780m,8b,8da4w,cand,sarc_linear_dq8ca_coopmat_zpg_sweep_t128x64k32g22s32_texture3d_texture2d_half,2048,4096,14336,22.9404,10.484
780m,8b,8da4w,cand,sarc_linear_dq8ca_coopmat_zpg_sweep_t128x64k32g22s32_texture3d_texture2d_half,2048,4096,4096,6.6144,10.389
780m,8b,8da4w,cand,sarc_linear_dq8ca_coopmat_zpg_sweep_t128x64k32g22s32_texture3d_texture2d_half,2048,1024,4096,1.7584,9.77
780m,8b,8da4w,cand,sarc_linear_dq8ca_coopmat_zpg_sweep_t128x64k32g22s32_texture3d_texture2d_half,2048,1024,4096,1.7704,9.704
780m,8b,8da4w,cand,sarc_linear_dq8ca_coopmat_zpg_sweep_t128x64k32g22s32_texture3d_texture2d_half,2048,4096,4096,6.6009,10.411
780m,8b,8da4w,cand,sarc_linear_dq8ca_coopmat_zpg_sweep_t128x64k32g22s32_texture3d_texture2d_half,2048,14336,4096,22.939,10.485
780m,8b,8da4w,cand,sarc_linear_dq8ca_coopmat_zpg_sweep_t128x64k32g22s32_texture3d_texture2d_half,2048,14336,4096,22.9835,10.465
780m,8b,8da4w,cand,sarc_linear_dq8ca_coopmat_zpg_sweep_t128x64k32g22s32_texture3d_texture2d_half,2048,4096,14336,22.6662,10.611
780m,8b,8da4w,cand,sarc_linear_dq8ca_coopmat_zpg_sweep_t128x64k32g22s32_texture3d_texture2d_half,2048,4096,4096,6.6853,10.279
780m,8b,8da4w,cand,sarc_linear_dq8ca_coopmat_zpg_sweep_t128x64k32g22s32_texture3d_texture2d_half,2048,1024,4096,1.7416,9.864
780m,8b,8da4w,cand,sarc_linear_dq8ca_coopmat_zpg_sweep_t128x64k32g22s32_texture3d_texture2d_half,2048,1024,4096,1.7654,9.731
780m,8b,8da4w,cand,sarc_linear_dq8ca_coopmat_zpg_sweep_t128x64k32g22s32_texture3d_texture2d_half,2048,4096,4096,6.4465,10.66
780m,8b,8da4w,cand,sarc_linear_dq8ca_coopmat_zpg_sweep_t128x64k32g22s32_texture3d_texture2d_half,2048,14336,4096,22.7491,10.573
780m,8b,8da4w,cand,sarc_linear_dq8ca_coopmat_zpg_sweep_t128x64k32g22s32_texture3d_texture2d_half,2048,14336,4096,23.2082,10.364
780m,8b,8da4w,cand,sarc_linear_dq8ca_coopmat_zpg_sweep_t128x64k32g22s32_texture3d_texture2d_half,2048,4096,14336,23.1474,10.391
780m,8b,8da4w,cand,sarc_linear_dq8ca_coopmat_zpg_sweep_t128x64k32g22s32_texture3d_texture2d_half,2048,4096,4096,6.7142,10.235
780m,8b,8da4w,cand,sarc_linear_dq8ca_coopmat_zpg_sweep_t128x64k32g22s32_texture3d_texture2d_half,2048,1024,4096,1.7314,9.923
780m,8b,8da4w,cand,sarc_linear_dq8ca_coopmat_zpg_sweep_t128x64k32g22s32_texture3d_texture2d_half,2048,1024,4096,1.7572,9.777
780m,8b,8da4w,cand,sarc_linear_dq8ca_coopmat_zpg_sweep_t128x64k32g22s32_texture3d_texture2d_half,2048,4096,4096,6.5478,10.495
780m,8b,8da4w,cand,sarc_linear_dq8ca_coopmat_zpg_sweep_t128x64k32g22s32_texture3d_texture2d_half,2048,14336,4096,23.04,10.439
780m,8b,8da4w,cand,sarc_linear_dq8ca_coopmat_zpg_sweep_t128x64k32g22s32_texture3d_texture2d_half,2048,14336,4096,23.1594,10.385
780m,8b,8da4w,cand,sarc_linear_dq8ca_coopmat_zpg_sweep_t128x64k32g22s32_texture3d_texture2d_half,2048,4096,14336,22.7269,10.583
780m,8b,8da4w,cand,sarc_linear_dq8ca_coopmat_zpg_sweep_t128x64k32g22s32_texture3d_texture2d_half,2048,4096,4096,6.6448,10.342
780m,8b,8da4w,cand,sarc_linear_dq8ca_coopmat_zpg_sweep_t128x64k32g22s32_texture3d_texture2d_half,2048,1024,4096,1.752,9.806
780m,8b,8da4w,cand,sarc_linear_dq8ca_coopmat_zpg_sweep_t128x64k32g22s32_texture3d_texture2d_half,2048,1024,4096,1.7746,9.681
780m,8b,8da4w,cand,sarc_linear_dq8ca_coopmat_zpg_sweep_t128x64k32g22s32_texture3d_texture2d_half,2048,4096,4096,6.4788,10.607
780m,8b,8da4w,cand,sarc_linear_dq8ca_coopmat_zpg_sweep_t128x64k32g22s32_texture3d_texture2d_half,2048,14336,4096,23.3376,10.306
780m,8b,8da4w,cand,sarc_linear_dq8ca_coopmat_zpg_sweep_t128x64k32g22s32_texture3d_texture2d_half,2048,14336,4096,23.2718,10.335
780m,8b,8da4w,cand,sarc_linear_dq8ca_coopmat_zpg_sweep_t128x64k32g22s32_texture3d_texture2d_half,2048,4096,14336,22.816,10.542
780m,8b,8da4w,cand,sarc_linear_dq8ca_coopmat_zpg_sweep_t128x64k32g22s32_texture3d_texture2d_half,2048,4096,4096,6.7624,10.162
780m,8b,8da4w,cand,sarc_linear_dq8ca_coopmat_zpg_sweep_t128x64k32g22s32_texture3d_texture2d_half,2048,1024,4096,1.7579,9.773
780m,8b,8da4w,cand,sarc_linear_dq8ca_coopmat_zpg_sweep_t128x64k32g22s32_texture3d_texture2d_half,2048,1024,4096,1.7505,9.814
780m,8b,8da4w,cand,sarc_linear_dq8ca_coopmat_zpg_sweep_t128x64k32g22s32_texture3d_texture2d_half,2048,4096,4096,6.3936,10.748
780m,8b,8da4w,cand,sarc_linear_dq8ca_coopmat_zpg_sweep_t128x64k32g22s32_texture3d_texture2d_half,2048,14336,4096,23.0977,10.413
780m,8b,8da4w,cand,sarc_linear_dq8ca_coopmat_zpg_sweep_t128x64k32g22s32_texture3d_texture2d_half,2048,14336,4096,22.8338,10.533
780m,8b,8da4w,cand,sarc_linear_dq8ca_coopmat_zpg_sweep_t128x64k32g22s32_texture3d_texture2d_half,2048,4096,14336,22.8138,10.543
780m,8b,8da4w,cand,sarc_linear_dq8ca_coopmat_zpg_sweep_t128x64k32g22s32_texture3d_texture2d_half,2048,4096,4096,6.6351,10.357
780m,8b,8da4w,cand,sarc_linear_dq8ca_coopmat_zpg_sweep_t128x64k32g22s32_texture3d_texture2d_half,2048,1024,4096,1.7556,9.786
780m,8b,8da4w,cand,sarc_linear_dq8ca_coopmat_zpg_sweep_t128x64k32g22s32_texture3d_texture2d_half,2048,1024,4096,1.7774,9.666
780m,8b,8da4w,cand,sarc_linear_dq8ca_coopmat_zpg_sweep_t128x64k32g22s32_texture3d_texture2d_half,2048,4096,4096,6.4402,10.67
780m,8b,8da4w,cand,sarc_linear_dq8ca_coopmat_zpg_sweep_t128x64k32g22s32_texture3d_texture2d_half,2048,14336,4096,23.2364,10.351
780m,8b,8da4w,cand,sarc_linear_dq8ca_coopmat_zpg_sweep_t128x64k32g22s32_texture3d_texture2d_half,2048,14336,4096,22.8831,10.511
780m,8b,8da4w,cand,sarc_linear_dq8ca_coopmat_zpg_sweep_t128x64k32g22s32_texture3d_texture2d_half,2048,4096,14336,23.2226,10.357
780m,8b,8da4w,cand,sarc_linear_dq8ca_coopmat_zpg_sweep_t128x64k32g22s32_texture3d_texture2d_half,2048,4096,4096,6.6318,10.362
780m,8b,8da4w,cand,sarc_linear_dq8ca_coopmat_zpg_sweep_t128x64k32g22s32_texture3d_texture2d_half,2048,1024,4096,1.7534,9.798
780m,8b,8da4w,cand,sarc_linear_dq8ca_coopmat_zpg_sweep_t128x64k32g22s32_texture3d_texture2d_half,2048,1024,4096,1.7739,9.685
780m,8b,8da4w,cand,sarc_linear_dq8ca_coopmat_zpg_sweep_t128x64k32g22s32_texture3d_texture2d_half,2048,4096,4096,6.5931,10.423
780m,8b,8da4w,cand,sarc_linear_dq8ca_coopmat_zpg_sweep_t128x64k32g22s32_texture3d_texture2d_half,2048,14336,4096,22.9645,10.473
780m,8b,8da4w,cand,sarc_linear_dq8ca_coopmat_zpg_sweep_t128x64k32g22s32_texture3d_texture2d_half,2048,14336,4096,23.6393,10.175
780m,8b,8da4w,cand,sarc_linear_dq8ca_coopmat_zpg_sweep_t128x64k32g22s32_texture3d_texture2d_half,2048,4096,14336,22.7235,10.585
780m,8b,8da4w,cand,sarc_linear_dq8ca_coopmat_zpg_sweep_t128x64k32g22s32_texture3d_texture2d_half,2048,4096,4096,6.8449,10.039
780m,8b,8da4w,cand,sarc_linear_dq8ca_coopmat_zpg_sweep_t128x64k32g22s32_texture3d_texture2d_half,2048,1024,4096,1.7589,9.768
780m,8b,8da4w,cand,sarc_linear_dq8ca_coopmat_zpg_sweep_t128x64k32g22s32_texture3d_texture2d_half,2048,1024,4096,1.7628,9.746
780m,8b,8da4w,cand,sarc_linear_dq8ca_coopmat_zpg_sweep_t128x64k32g22s32_texture3d_texture2d_half,2048,4096,4096,6.4064,10.727
780m,8b,8da4w,cand,sarc_linear_dq8ca_coopmat_zpg_sweep_t128x64k32g22s32_texture3d_texture2d_half,2048,14336,4096,22.6464,10.621
780m,8b,8da4w,cand,sarc_linear_dq8ca_coopmat_zpg_sweep_t128x64k32g22s32_texture3d_texture2d_half,2048,14336,4096,22.9268,10.491
780m,8b,8da4w,cand,sarc_linear_dq8ca_coopmat_zpg_sweep_t128x64k32g22s32_texture3d_texture2d_half,2048,4096,14336,22.8021,10.548
780m,8b,8da4w,cand,sarc_linear_dq8ca_coopmat_zpg_sweep_t128x64k32g22s32_texture3d_texture2d_half,2048,4096,4096,6.6436,10.344
780m,8b,8da4w,cand,sarc_linear_dq8ca_coopmat_zpg_sweep_t128x64k32g22s32_texture3d_texture2d_half,2048,1024,4096,1.726,9.953
780m,8b,8da4w,cand,sarc_linear_dq8ca_coopmat_zpg_sweep_t128x64k32g22s32_texture3d_texture2d_half,2048,1024,4096,1.7566,9.78
780m,8b,8da4w,cand,sarc_linear_dq8ca_coopmat_zpg_sweep_t128x64k32g22s32_texture3d_texture2d_half,2048,4096,4096,6.4022,10.734
780m,8b,8da4w,cand,sarc_linear_dq8ca_coopmat_zpg_sweep_t128x64k32g22s32_texture3d_texture2d_half,2048,14336,4096,22.3556,10.759
780m,8b,8da4w,cand,sarc_linear_dq8ca_coopmat_zpg_sweep_t128x64k32g22s32_texture3d_texture2d_half,2048,14336,4096,23.1111,10.407
780m,8b,8da4w,cand,sarc_linear_dq8ca_coopmat_zpg_sweep_t128x64k32g22s32_texture3d_texture2d_half,2048,4096,14336,23.0742,10.424
780m,8b,8da4w,cand,sarc_linear_dq8ca_coopmat_zpg_sweep_t128x64k32g22s32_texture3d_texture2d_half,2048,4096,4096,6.8011,10.104
780m,8b,8da4w,cand,sarc_linear_dq8ca_coopmat_zpg_sweep_t128x64k32g22s32_texture3d_texture2d_half,2048,1024,4096,1.7671,9.722
780m,8b,8da4w,cand,sarc_linear_dq8ca_coopmat_zpg_sweep_t128x64k32g22s32_texture3d_texture2d_half,2048,1024,4096,1.7844,9.628
780m,8b,8da4w,cand,sarc_linear_dq8ca_coopmat_zpg_sweep_t128x64k32g22s32_texture3d_texture2d_half,2048,4096,4096,6.4307,10.686
780m,8b,8da4w,cand,sarc_linear_dq8ca_coopmat_zpg_sweep_t128x64k32g22s32_texture3d_texture2d_half,2048,14336,4096,22.9888,10.462
780m,8b,8da4w,cand,sarc_linear_dq8ca_coopmat_zpg_sweep_t128x64k32g22s32_texture3d_texture2d_half,2048,14336,4096,23.1887,10.372
780m,8b,8da4w,cand,sarc_linear_dq8ca_coopmat_zpg_sweep_t128x64k32g22s32_texture3d_texture2d_half,2048,4096,14336,22.951,10.48
780m,8b,8da4w,cand,sarc_linear_dq8ca_coopmat_zpg_sweep_t128x64k32g22s32_texture3d_texture2d_half,2048,4096,4096,6.6504,10.333
780m,8b,8da4w,cand,sarc_linear_dq8ca_coopmat_zpg_sweep_t128x64k32g22s32_texture3d_texture2d_half,2048,1024,4096,1.7349,9.902
780m,8b,8da4w,cand,sarc_linear_dq8ca_coopmat_zpg_sweep_t128x64k32g22s32_texture3d_texture2d_half,2048,1024,4096,1.7817,9.642
780m,8b,8da4w,cand,sarc_linear_dq8ca_coopmat_zpg_sweep_t128x64k32g22s32_texture3d_texture2d_half,2048,4096,4096,6.5704,10.459
780m,8b,8da4w,cand,sarc_linear_dq8ca_coopmat_zpg_sweep_t128x64k32g22s32_texture3d_texture2d_half,2048,14336,4096,23.3756,10.289
780m,8b,8da4w,cand,sarc_linear_dq8ca_coopmat_zpg_sweep_t128x64k32g22s32_texture3d_texture2d_half,2048,14336,4096,23.1524,10.388
780m,8b,8da4w,cand,sarc_linear_dq8ca_coopmat_zpg_sweep_t128x64k32g22s32_texture3d_texture2d_half,2048,4096,14336,22.6482,10.62
780m,8b,8da4w,cand,sarc_linear_dq8ca_coopmat_zpg_sweep_t128x64k32g22s32_texture3d_texture2d_half,2048,4096,4096,6.6639,10.312
780m,8b,8da4w,cand,sarc_linear_dq8ca_coopmat_zpg_sweep_t128x64k32g22s32_texture3d_texture2d_half,2048,1024,4096,1.744,9.851
780m,8b,8da4w,cand,sarc_linear_dq8ca_coopmat_zpg_sweep_t128x64k32g22s32_texture3d_texture2d_half,2048,1024,4096,1.7902,9.596
780m,8b,8da4w,cand,sarc_linear_dq8ca_coopmat_zpg_sweep_t128x64k32g22s32_texture3d_texture2d_half,2048,4096,4096,6.6304,10.364
780m,8b,8da4w,cand,sarc_linear_dq8ca_coopmat_zpg_sweep_t128x64k32g22s32_texture3d_texture2d_half,2048,14336,4096,22.8643,10.519
780m,8b,8da4w,cand,sarc_linear_dq8ca_coopmat_zpg_sweep_t128x64k32g22s32_texture3d_texture2d_half,2048,14336,4096,22.8118,10.544
780m,8b,8da4w,cand,sarc_linear_dq8ca_coopmat_zpg_sweep_t128x64k32g22s32_texture3d_texture2d_half,2048,4096,14336,23.2669,10.337
780m,8b,8da4w,cand,sarc_linear_dq8ca_coopmat_zpg_sweep_t128x64k32g22s32_texture3d_texture2d_half,2048,4096,4096,6.7942,10.114
780m,8b,8da4w,cand,sarc_linear_dq8ca_coopmat_zpg_sweep_t128x64k32g22s32_texture3d_texture2d_half,2048,1024,4096,1.7686,9.714
780m,8b,8da4w,cand,sarc_linear_dq8ca_coopmat_zpg_sweep_t128x64k32g22s32_texture3d_texture2d_half,2048,1024,4096,1.7905,9.595
780m,8b,8da4w,cand,sarc_linear_dq8ca_coopmat_zpg_sweep_t128x64k32g22s32_texture3d_texture2d_half,2048,4096,4096,6.4496,10.655
780m,8b,8da4w,cand,sarc_linear_dq8ca_coopmat_zpg_sweep_t128x64k32g22s32_texture3d_texture2d_half,2048,14336,4096,22.5987,10.643
780m,8b,8da4w,cand,sarc_linear_dq8ca_coopmat_zpg_sweep_t128x64k32g22s32_texture3d_texture2d_half,2048,14336,4096,23.3878,10.284
780m,8b,8da4w,cand,sarc_linear_dq8ca_coopmat_zpg_sweep_t128x64k32g22s32_texture3d_texture2d_half,2048,4096,14336,23.3695,10.292
780m,8b,8da4w,cand,sarc_linear_dq8ca_coopmat_zpg_sweep_t128x64k32g22s32_texture3d_texture2d_half,2048,4096,4096,6.7871,10.125
780m,8b,8da4w,cand,sarc_linear_dq8ca_coopmat_zpg_sweep_t128x64k32g22s32_texture3d_texture2d_half,2048,1024,4096,1.7612,9.755
780m,8b,8da4w,cand,sarc_linear_dq8ca_coopmat_zpg_sweep_t128x64k32g22s32_texture3d_texture2d_half,2048,1024,4096,1.781,9.646
780m,8b,8da4w,cand,sarc_linear_dq8ca_coopmat_zpg_sweep_t128x64k32g22s32_texture3d_texture2d_half,2048,4096,4096,6.5421,10.504
780m,8b,8da4w,cand,sarc_linear_dq8ca_coopmat_zpg_sweep_t128x64k32g22s32_texture3d_texture2d_half,2048,14336,4096,22.9346,10.487
780m,8b,8da4w,cand,sarc_linear_dq8ca_coopmat_zpg_sweep_t128x64k32g22s32_texture3d_texture2d_half,2048,14336,4096,22.9084,10.499
780m,8b,8da4w,cand,sarc_linear_dq8ca_coopmat_zpg_sweep_t128x64k32g22s32_texture3d_texture2d_half,2048,4096,14336,23.0677,10.427
780m,8b,8da4w,cand,sarc_linear_dq8ca_coopmat_zpg_sweep_t128x64k32g22s32_texture3d_texture2d_half,2048,4096,4096,6.8205,10.075
780m,8b,8da4w,cand,sarc_linear_dq8ca_coopmat_zpg_sweep_t128x64k32g22s32_texture3d_texture2d_half,2048,1024,4096,1.7727,9.691
780m,8b,8da4w,cand,sarc_linear_dq8ca_coopmat_zpg_sweep_t128x64k32g22s32_texture3d_texture2d_half,2048,1024,4096,1.792,9.587
780m,8b,8da4w,cand,sarc_linear_dq8ca_coopmat_zpg_sweep_t128x64k32g22s32_texture3d_texture2d_half,2048,4096,4096,6.4508,10.653
780m,8b,8da4w,cand,sarc_linear_dq8ca_coopmat_zpg_sweep_t128x64k32g22s32_texture3d_texture2d_half,2048,14336,4096,22.7763,10.56
780m,8b,8da4w,cand,sarc_linear_dq8ca_coopmat_zpg_sweep_t128x64k32g22s32_texture3d_texture2d_half,2048,14336,4096,23.2745,10.334
780m,8b,8da4w,cand,sarc_linear_dq8ca_coopmat_zpg_sweep_t128x64k32g22s32_texture3d_texture2d_half,2048,4096,14336,22.9596,10.476
780m,8b,8da4w,parent,sarc_linear_dq8ca_coopmat_zpg_t128x64k32g42s32_texture3d_texture2d_half,2048,4096,4096,7.2932,9.422
780m,8b,8da4w,parent,sarc_linear_dq8ca_coopmat_zpg_t128x64k32g42s32_texture3d_texture2d_half,2048,1024,4096,1.8404,9.335
780m,8b,8da4w,parent,sarc_linear_dq8ca_coopmat_zpg_t128x64k32g42s32_texture3d_texture2d_half,2048,1024,4096,1.8628,9.223
780m,8b,8da4w,parent,sarc_linear_dq8ca_coopmat_zpg_t128x64k32g42s32_texture3d_texture2d_half,2048,4096,4096,7.075,9.713
780m,8b,8da4w,parent,sarc_linear_dq8ca_coopmat_zpg_t128x64k32g42s32_texture3d_texture2d_half,2048,14336,4096,24.8077,9.695
780m,8b,8da4w,parent,sarc_linear_dq8ca_coopmat_zpg_t128x64k32g42s32_texture3d_texture2d_half,2048,14336,4096,24.8011,9.698
780m,8b,8da4w,parent,sarc_linear_dq8ca_coopmat_zpg_t128x64k32g42s32_texture3d_texture2d_half,2048,4096,14336,24.5166,9.81
780m,8b,8da4w,parent,sarc_linear_dq8ca_coopmat_zpg_t128x64k32g42s32_texture3d_texture2d_half,2048,4096,4096,7.2912,9.425
780m,8b,8da4w,parent,sarc_linear_dq8ca_coopmat_zpg_t128x64k32g42s32_texture3d_texture2d_half,2048,1024,4096,1.854,9.267
780m,8b,8da4w,parent,sarc_linear_dq8ca_coopmat_zpg_t128x64k32g42s32_texture3d_texture2d_half,2048,1024,4096,1.8812,9.133
780m,8b,8da4w,parent,sarc_linear_dq8ca_coopmat_zpg_t128x64k32g42s32_texture3d_texture2d_half,2048,4096,4096,7.1123,9.662
780m,8b,8da4w,parent,sarc_linear_dq8ca_coopmat_zpg_t128x64k32g42s32_texture3d_texture2d_half,2048,14336,4096,24.7812,9.706
780m,8b,8da4w,parent,sarc_linear_dq8ca_coopmat_zpg_t128x64k32g42s32_texture3d_texture2d_half,2048,14336,4096,24.8024,9.697
780m,8b,8da4w,parent,sarc_linear_dq8ca_coopmat_zpg_t128x64k32g42s32_texture3d_texture2d_half,2048,4096,14336,24.5876,9.782
780m,8b,8da4w,parent,sarc_linear_dq8ca_coopmat_zpg_t128x64k32g42s32_texture3d_texture2d_half,2048,4096,4096,7.2292,9.506
780m,8b,8da4w,parent,sarc_linear_dq8ca_coopmat_zpg_t128x64k32g42s32_texture3d_texture2d_half,2048,1024,4096,1.8649,9.212
780m,8b,8da4w,parent,sarc_linear_dq8ca_coopmat_zpg_t128x64k32g42s32_texture3d_texture2d_half,2048,1024,4096,1.8618,9.228
780m,8b,8da4w,parent,sarc_linear_dq8ca_coopmat_zpg_t128x64k32g42s32_texture3d_texture2d_half,2048,4096,4096,7.1264,9.643
780m,8b,8da4w,parent,sarc_linear_dq8ca_coopmat_zpg_t128x64k32g42s32_texture3d_texture2d_half,2048,14336,4096,24.8099,9.694
780m,8b,8da4w,parent,sarc_linear_dq8ca_coopmat_zpg_t128x64k32g42s32_texture3d_texture2d_half,2048,14336,4096,24.8308,9.686
780m,8b,8da4w,parent,sarc_linear_dq8ca_coopmat_zpg_t128x64k32g42s32_texture3d_texture2d_half,2048,4096,14336,24.5985,9.778
780m,8b,8da4w,parent,sarc_linear_dq8ca_coopmat_zpg_t128x64k32g42s32_texture3d_texture2d_half,2048,4096,4096,7.1543,9.605
780m,8b,8da4w,parent,sarc_linear_dq8ca_coopmat_zpg_t128x64k32g42s32_texture3d_texture2d_half,2048,1024,4096,1.8519,9.277
780m,8b,8da4w,parent,sarc_linear_dq8ca_coopmat_zpg_t128x64k32g42s32_texture3d_texture2d_half,2048,1024,4096,1.8899,9.09
780m,8b,8da4w,parent,sarc_linear_dq8ca_coopmat_zpg_t128x64k32g42s32_texture3d_texture2d_half,2048,4096,4096,7.0669,9.724
780m,8b,8da4w,parent,sarc_linear_dq8ca_coopmat_zpg_t128x64k32g42s32_texture3d_texture2d_half,2048,14336,4096,24.8328,9.686
780m,8b,8da4w,parent,sarc_linear_dq8ca_coopmat_zpg_t128x64k32g42s32_texture3d_texture2d_half,2048,14336,4096,24.7835,9.705
780m,8b,8da4w,parent,sarc_linear_dq8ca_coopmat_zpg_t128x64k32g42s32_texture3d_texture2d_half,2048,4096,14336,24.549,9.797
780m,8b,8da4w,parent,sarc_linear_dq8ca_coopmat_zpg_t128x64k32g42s32_texture3d_texture2d_half,2048,4096,4096,7.2324,9.502
780m,8b,8da4w,parent,sarc_linear_dq8ca_coopmat_zpg_t128x64k32g42s32_texture3d_texture2d_half,2048,1024,4096,1.8442,9.315
780m,8b,8da4w,parent,sarc_linear_dq8ca_coopmat_zpg_t128x64k32g42s32_texture3d_texture2d_half,2048,1024,4096,1.8848,9.115
780m,8b,8da4w,parent,sarc_linear_dq8ca_coopmat_zpg_t128x64k32g42s32_texture3d_texture2d_half,2048,4096,4096,7.0802,9.706
780m,8b,8da4w,parent,sarc_linear_dq8ca_coopmat_zpg_t128x64k32g42s32_texture3d_texture2d_half,2048,14336,4096,24.8022,9.697
780m,8b,8da4w,parent,sarc_linear_dq8ca_coopmat_zpg_t128x64k32g42s32_texture3d_texture2d_half,2048,14336,4096,24.7482,9.719
780m,8b,8da4w,parent,sarc_linear_dq8ca_coopmat_zpg_t128x64k32g42s32_texture3d_texture2d_half,2048,4096,14336,24.6777,9.746
780m,8b,8da4w,parent,sarc_linear_dq8ca_coopmat_zpg_t128x64k32g42s32_texture3d_texture2d_half,2048,4096,4096,7.1963,9.549
780m,8b,8da4w,parent,sarc_linear_dq8ca_coopmat_zpg_t128x64k32g42s32_texture3d_texture2d_half,2048,1024,4096,1.8572,9.25
780m,8b,8da4w,parent,sarc_linear_dq8ca_coopmat_zpg_t128x64k32g42s32_texture3d_texture2d_half,2048,1024,4096,1.8913,9.084
780m,8b,8da4w,parent,sarc_linear_dq8ca_coopmat_zpg_t128x64k32g42s32_texture3d_texture2d_half,2048,4096,4096,7.0786,9.708
780m,8b,8da4w,parent,sarc_linear_dq8ca_coopmat_zpg_t128x64k32g42s32_texture3d_texture2d_half,2048,14336,4096,24.8123,9.693
780m,8b,8da4w,parent,sarc_linear_dq8ca_coopmat_zpg_t128x64k32g42s32_texture3d_texture2d_half,2048,14336,4096,24.83,9.687
780m,8b,8da4w,parent,sarc_linear_dq8ca_coopmat_zpg_t128x64k32g42s32_texture3d_texture2d_half,2048,4096,14336,24.5979,9.778
780m,8b,8da4w,parent,sarc_linear_dq8ca_coopmat_zpg_t128x64k32g42s32_texture3d_texture2d_half,2048,4096,4096,7.2836,9.435
780m,8b,8da4w,parent,sarc_linear_dq8ca_coopmat_zpg_t128x64k32g42s32_texture3d_texture2d_half,2048,1024,4096,1.8652,9.211
780m,8b,8da4w,parent,sarc_linear_dq8ca_coopmat_zpg_t128x64k32g42s32_texture3d_texture2d_half,2048,1024,4096,1.8818,9.129
780m,8b,8da4w,parent,sarc_linear_dq8ca_coopmat_zpg_t128x64k32g42s32_texture3d_texture2d_half,2048,4096,4096,7.0778,9.709
780m,8b,8da4w,parent,sarc_linear_dq8ca_coopmat_zpg_t128x64k32g42s32_texture3d_texture2d_half,2048,14336,4096,24.8445,9.681
780m,8b,8da4w,parent,sarc_linear_dq8ca_coopmat_zpg_t128x64k32g42s32_texture3d_texture2d_half,2048,14336,4096,24.809,9.695
780m,8b,8da4w,parent,sarc_linear_dq8ca_coopmat_zpg_t128x64k32g42s32_texture3d_texture2d_half,2048,4096,14336,24.5972,9.778
780m,8b,8da4w,parent,sarc_linear_dq8ca_coopmat_zpg_t128x64k32g42s32_texture3d_texture2d_half,2048,4096,4096,7.1842,9.565
780m,8b,8da4w,parent,sarc_linear_dq8ca_coopmat_zpg_t128x64k32g42s32_texture3d_texture2d_half,2048,1024,4096,1.8599,9.237
780m,8b,8da4w,parent,sarc_linear_dq8ca_coopmat_zpg_t128x64k32g42s32_texture3d_texture2d_half,2048,1024,4096,1.8762,9.157
780m,8b,8da4w,parent,sarc_linear_dq8ca_coopmat_zpg_t128x64k32g42s32_texture3d_texture2d_half,2048,4096,4096,7.0952,9.685
780m,8b,8da4w,parent,sarc_linear_dq8ca_coopmat_zpg_t128x64k32g42s32_texture3d_texture2d_half,2048,14336,4096,24.8607,9.675
780m,8b,8da4w,parent,sarc_linear_dq8ca_coopmat_zpg_t128x64k32g42s32_texture3d_texture2d_half,2048,14336,4096,24.8196,9.691
780m,8b,8da4w,parent,sarc_linear_dq8ca_coopmat_zpg_t128x64k32g42s32_texture3d_texture2d_half,2048,4096,14336,24.634,9.764
780m,8b,8da4w,parent,sarc_linear_dq8ca_coopmat_zpg_t128x64k32g42s32_texture3d_texture2d_half,2048,4096,4096,7.2902,9.426
780m,8b,8da4w,parent,sarc_linear_dq8ca_coopmat_zpg_t128x64k32g42s32_texture3d_texture2d_half,2048,1024,4096,1.8476,9.299
780m,8b,8da4w,parent,sarc_linear_dq8ca_coopmat_zpg_t128x64k32g42s32_texture3d_texture2d_half,2048,1024,4096,1.8612,9.231
780m,8b,8da4w,parent,sarc_linear_dq8ca_coopmat_zpg_t128x64k32g42s32_texture3d_texture2d_half,2048,4096,4096,7.0814,9.704
780m,8b,8da4w,parent,sarc_linear_dq8ca_coopmat_zpg_t128x64k32g42s32_texture3d_texture2d_half,2048,14336,4096,24.7977,9.699
780m,8b,8da4w,parent,sarc_linear_dq8ca_coopmat_zpg_t128x64k32g42s32_texture3d_texture2d_half,2048,14336,4096,24.7544,9.716
780m,8b,8da4w,parent,sarc_linear_dq8ca_coopmat_zpg_t128x64k32g42s32_texture3d_texture2d_half,2048,4096,14336,24.709,9.734
780m,8b,8da4w,parent,sarc_linear_dq8ca_coopmat_zpg_t128x64k32g42s32_texture3d_texture2d_half,2048,4096,4096,7.2316,9.503
780m,8b,8da4w,parent,sarc_linear_dq8ca_coopmat_zpg_t128x64k32g42s32_texture3d_texture2d_half,2048,1024,4096,1.8555,9.259
780m,8b,8da4w,parent,sarc_linear_dq8ca_coopmat_zpg_t128x64k32g42s32_texture3d_texture2d_half,2048,1024,4096,1.8814,9.131
780m,8b,8da4w,parent,sarc_linear_dq8ca_coopmat_zpg_t128x64k32g42s32_texture3d_texture2d_half,2048,4096,4096,7.0898,9.693
780m,8b,8da4w,parent,sarc_linear_dq8ca_coopmat_zpg_t128x64k32g42s32_texture3d_texture2d_half,2048,14336,4096,24.893,9.662
780m,8b,8da4w,parent,sarc_linear_dq8ca_coopmat_zpg_t128x64k32g42s32_texture3d_texture2d_half,2048,14336,4096,24.7634,9.713
780m,8b,8da4w,parent,sarc_linear_dq8ca_coopmat_zpg_t128x64k32g42s32_texture3d_texture2d_half,2048,4096,14336,24.6467,9.759
780m,8b,8da4w,parent,sarc_linear_dq8ca_coopmat_zpg_t128x64k32g42s32_texture3d_texture2d_half,2048,4096,4096,7.2144,9.525
780m,8b,8da4w,parent,sarc_linear_dq8ca_coopmat_zpg_t128x64k32g42s32_texture3d_texture2d_half,2048,1024,4096,1.8423,9.325
780m,8b,8da4w,parent,sarc_linear_dq8ca_coopmat_zpg_t128x64k32g42s32_texture3d_texture2d_half,2048,1024,4096,1.8673,9.2
780m,8b,8da4w,parent,sarc_linear_dq8ca_coopmat_zpg_t128x64k32g42s32_texture3d_texture2d_half,2048,4096,4096,7.064,9.728
780m,8b,8da4w,parent,sarc_linear_dq8ca_coopmat_zpg_t128x64k32g42s32_texture3d_texture2d_half,2048,14336,4096,24.8902,9.663
780m,8b,8da4w,parent,sarc_linear_dq8ca_coopmat_zpg_t128x64k32g42s32_texture3d_texture2d_half,2048,14336,4096,24.7725,9.709
780m,8b,8da4w,parent,sarc_linear_dq8ca_coopmat_zpg_t128x64k32g42s32_texture3d_texture2d_half,2048,4096,14336,24.5344,9.803
780m,8b,8da4w,parent,sarc_linear_dq8ca_coopmat_zpg_t128x64k32g42s32_texture3d_texture2d_half,2048,4096,4096,7.257,9.469
780m,8b,8da4w,parent,sarc_linear_dq8ca_coopmat_zpg_t128x64k32g42s32_texture3d_texture2d_half,2048,1024,4096,1.8162,9.459
780m,8b,8da4w,parent,sarc_linear_dq8ca_coopmat_zpg_t128x64k32g42s32_texture3d_texture2d_half,2048,1024,4096,1.8638,9.218
780m,8b,8da4w,parent,sarc_linear_dq8ca_coopmat_zpg_t128x64k32g42s32_texture3d_texture2d_half,2048,4096,4096,7.1032,9.674
780m,8b,8da4w,parent,sarc_linear_dq8ca_coopmat_zpg_t128x64k32g42s32_texture3d_texture2d_half,2048,14336,4096,24.8822,9.666
780m,8b,8da4w,parent,sarc_linear_dq8ca_coopmat_zpg_t128x64k32g42s32_texture3d_texture2d_half,2048,14336,4096,24.7204,9.73
780m,8b,8da4w,parent,sarc_linear_dq8ca_coopmat_zpg_t128x64k32g42s32_texture3d_texture2d_half,2048,4096,14336,24.5917,9.78
780m,8b,8da4w,parent,sarc_linear_dq8ca_coopmat_zpg_t128x64k32g42s32_texture3d_texture2d_half,2048,4096,4096,7.2282,9.507
780m,8b,8da4w,parent,sarc_linear_dq8ca_coopmat_zpg_t128x64k32g42s32_texture3d_texture2d_half,2048,1024,4096,1.8536,9.268
780m,8b,8da4w,parent,sarc_linear_dq8ca_coopmat_zpg_t128x64k32g42s32_texture3d_texture2d_half,2048,1024,4096,1.8932,9.075
780m,8b,8da4w,parent,sarc_linear_dq8ca_coopmat_zpg_t128x64k32g42s32_texture3d_texture2d_half,2048,4096,4096,7.0622,9.731
780m,8b,8da4w,parent,sarc_linear_dq8ca_coopmat_zpg_t128x64k32g42s32_texture3d_texture2d_half,2048,14336,4096,24.8898,9.663
780m,8b,8da4w,parent,sarc_linear_dq8ca_coopmat_zpg_t128x64k32g42s32_texture3d_texture2d_half,2048,14336,4096,24.8293,9.687
780m,8b,8da4w,parent,sarc_linear_dq8ca_coopmat_zpg_t128x64k32g42s32_texture3d_texture2d_half,2048,4096,14336,24.5784,9.786
780m,8b,8da4w,parent,sarc_linear_dq8ca_coopmat_zpg_t128x64k32g42s32_texture3d_texture2d_half,2048,4096,4096,7.1496,9.612
780m,8b,8da4w,parent,sarc_linear_dq8ca_coopmat_zpg_t128x64k32g42s32_texture3d_texture2d_half,2048,1024,4096,1.8204,9.437
780m,8b,8da4w,parent,sarc_linear_dq8ca_coopmat_zpg_t128x64k32g42s32_texture3d_texture2d_half,2048,1024,4096,1.91,8.995
780m,8b,8da4w,parent,sarc_linear_dq8ca_coopmat_zpg_t128x64k32g42s32_texture3d_texture2d_half,2048,4096,4096,7.0761,9.712
780m,8b,8da4w,parent,sarc_linear_dq8ca_coopmat_zpg_t128x64k32g42s32_texture3d_texture2d_half,2048,14336,4096,24.9038,9.658
780m,8b,8da4w,parent,sarc_linear_dq8ca_coopmat_zpg_t128x64k32g42s32_texture3d_texture2d_half,2048,14336,4096,24.688,9.742
780m,8b,8da4w,parent,sarc_linear_dq8ca_coopmat_zpg_t128x64k32g42s32_texture3d_texture2d_half,2048,4096,14336,24.6077,9.774
780m,8b,8da4w,parent,sarc_linear_dq8ca_coopmat_zpg_t128x64k32g42s32_texture3d_texture2d_half,2048,4096,4096,7.1876,9.561
780m,8b,8da4w,parent,sarc_linear_dq8ca_coopmat_zpg_t128x64k32g42s32_texture3d_texture2d_half,2048,1024,4096,1.8512,9.281
780m,8b,8da4w,parent,sarc_linear_dq8ca_coopmat_zpg_t128x64k32g42s32_texture3d_texture2d_half,2048,1024,4096,1.8644,9.215
780m,8b,8da4w,parent,sarc_linear_dq8ca_coopmat_zpg_t128x64k32g42s32_texture3d_texture2d_half,2048,4096,4096,7.0998,9.679
780m,8b,8da4w,parent,sarc_linear_dq8ca_coopmat_zpg_t128x64k32g42s32_texture3d_texture2d_half,2048,14336,4096,24.8945,9.662
780m,8b,8da4w,parent,sarc_linear_dq8ca_coopmat_zpg_t128x64k32g42s32_texture3d_texture2d_half,2048,14336,4096,24.7549,9.716
780m,8b,8da4w,parent,sarc_linear_dq8ca_coopmat_zpg_t128x64k32g42s32_texture3d_texture2d_half,2048,4096,14336,24.5412,9.801
780m,8b,8da4w,parent,sarc_linear_dq8ca_coopmat_zpg_t128x64k32g42s32_texture3d_texture2d_half,2048,4096,4096,7.1393,9.625
780m,8b,8da4w,parent,sarc_linear_dq8ca_coopmat_zpg_t128x64k32g42s32_texture3d_texture2d_half,2048,1024,4096,1.8686,9.194
780m,8b,8da4w,parent,sarc_linear_dq8ca_coopmat_zpg_t128x64k32g42s32_texture3d_texture2d_half,2048,1024,4096,1.8857,9.111
780m,8b,8da4w,parent,sarc_linear_dq8ca_coopmat_zpg_t128x64k32g42s32_texture3d_texture2d_half,2048,4096,4096,7.038,9.764
780m,8b,8da4w,parent,sarc_linear_dq8ca_coopmat_zpg_t128x64k32g42s32_texture3d_texture2d_half,2048,14336,4096,25.9308,9.275
780m,8b,8da4w,parent,sarc_linear_dq8ca_coopmat_zpg_t128x64k32g42s32_texture3d_texture2d_half,2048,14336,4096,24.9423,9.643
780m,8b,8da4w,parent,sarc_linear_dq8ca_coopmat_zpg_t128x64k32g42s32_texture3d_texture2d_half,2048,4096,14336,24.717,9.731
780m,8b,8da4w,parent,sarc_linear_dq8ca_coopmat_zpg_t128x64k32g42s32_texture3d_texture2d_half,2048,4096,4096,7.2598,9.466
780m,8b,8da4w,parent,sarc_linear_dq8ca_coopmat_zpg_t128x64k32g42s32_texture3d_texture2d_half,2048,1024,4096,1.854,9.267
780m,8b,8da4w,parent,sarc_linear_dq8ca_coopmat_zpg_t128x64k32g42s32_texture3d_texture2d_half,2048,1024,4096,1.8807,9.135
780m,8b,8da4w,parent,sarc_linear_dq8ca_coopmat_zpg_t128x64k32g42s32_texture3d_texture2d_half,2048,4096,4096,7.1147,9.659
780m,8b,8da4w,parent,sarc_linear_dq8ca_coopmat_zpg_t128x64k32g42s32_texture3d_texture2d_half,2048,14336,4096,25.1374,9.568
780m,8b,8da4w,parent,sarc_linear_dq8ca_coopmat_zpg_t128x64k32g42s32_texture3d_texture2d_half,2048,14336,4096,25.5228,9.424
780m,8b,8da4w,parent,sarc_linear_dq8ca_coopmat_zpg_t128x64k32g42s32_texture3d_texture2d_half,2048,4096,14336,24.5582,9.794
780m,8b,8da4w,parent,sarc_linear_dq8ca_coopmat_zpg_t128x64k32g42s32_texture3d_texture2d_half,2048,4096,4096,7.2352,9.498
780m,8b,8da4w,parent,sarc_linear_dq8ca_coopmat_zpg_t128x64k32g42s32_texture3d_texture2d_half,2048,1024,4096,1.8538,9.268
780m,8b,8da4w,parent,sarc_linear_dq8ca_coopmat_zpg_t128x64k32g42s32_texture3d_texture2d_half,2048,1024,4096,1.8716,9.179
780m,8b,8da4w,parent,sarc_linear_dq8ca_coopmat_zpg_t128x64k32g42s32_texture3d_texture2d_half,2048,4096,4096,7.0933,9.688
780m,8b,8da4w,parent,sarc_linear_dq8ca_coopmat_zpg_t128x64k32g42s32_texture3d_texture2d_half,2048,14336,4096,25.211,9.54
780m,8b,8da4w,parent,sarc_linear_dq8ca_coopmat_zpg_t128x64k32g42s32_texture3d_texture2d_half,2048,14336,4096,24.9806,9.628
780m,8b,8da4w,parent,sarc_linear_dq8ca_coopmat_zpg_t128x64k32g42s32_texture3d_texture2d_half,2048,4096,14336,24.5815,9.785
780m,8b,8da4w,parent,sarc_linear_dq8ca_coopmat_zpg_t128x64k32g42s32_texture3d_texture2d_half,2048,4096,4096,7.2891,9.428
780m,8b,8da4w,parent,sarc_linear_dq8ca_coopmat_zpg_t128x64k32g42s32_texture3d_texture2d_half,2048,1024,4096,1.8596,9.239
780m,8b,8da4w,parent,sarc_linear_dq8ca_coopmat_zpg_t128x64k32g42s32_texture3d_texture2d_half,2048,1024,4096,1.8789,9.144
780m,8b,8da4w,parent,sarc_linear_dq8ca_coopmat_zpg_t128x64k32g42s32_texture3d_texture2d_half,2048,4096,4096,7.1359,9.63
780m,8b,8da4w,parent,sarc_linear_dq8ca_coopmat_zpg_t128x64k32g42s32_texture3d_texture2d_half,2048,14336,4096,25.7613,9.336
780m,8b,8da4w,parent,sarc_linear_dq8ca_coopmat_zpg_t128x64k32g42s32_texture3d_texture2d_half,2048,14336,4096,25.2742,9.516
780m,8b,8da4w,parent,sarc_linear_dq8ca_coopmat_zpg_t128x64k32g42s32_texture3d_texture2d_half,2048,4096,14336,24.6577,9.754
780m,8b,8da4w,parent,sarc_linear_dq8ca_coopmat_zpg_t128x64k32g42s32_texture3d_texture2d_half,2048,4096,4096,7.2472,9.482
780m,8b,8da4w,parent,sarc_linear_dq8ca_coopmat_zpg_t128x64k32g42s32_texture3d_texture2d_half,2048,1024,4096,1.8566,9.253
780m,8b,8da4w,parent,sarc_linear_dq8ca_coopmat_zpg_t128x64k32g42s32_texture3d_texture2d_half,2048,1024,4096,1.8694,9.19
780m,8b,8da4w,parent,sarc_linear_dq8ca_coopmat_zpg_t128x64k32g42s32_texture3d_texture2d_half,2048,4096,4096,7.0609,9.732
780m,8b,8da4w,parent,sarc_linear_dq8ca_coopmat_zpg_t128x64k32g42s32_texture3d_texture2d_half,2048,14336,4096,25.8031,9.321
780m,8b,8da4w,parent,sarc_linear_dq8ca_coopmat_zpg_t128x64k32g42s32_texture3d_texture2d_half,2048,14336,4096,24.913,9.654
780m,8b,8da4w,parent,sarc_linear_dq8ca_coopmat_zpg_t128x64k32g42s32_texture3d_texture2d_half,2048,4096,14336,24.7496,9.718
780m,8b,8da4w,parent,sarc_linear_dq8ca_coopmat_zpg_t128x64k32g42s32_texture3d_texture2d_half,2048,4096,4096,7.1863,9.563
780m,8b,8da4w,parent,sarc_linear_dq8ca_coopmat_zpg_t128x64k32g42s32_texture3d_texture2d_half,2048,1024,4096,1.8555,9.259
780m,8b,8da4w,parent,sarc_linear_dq8ca_coopmat_zpg_t128x64k32g42s32_texture3d_texture2d_half,2048,1024,4096,1.8668,9.203
780m,8b,8da4w,parent,sarc_linear_dq8ca_coopmat_zpg_t128x64k32g42s32_texture3d_texture2d_half,2048,4096,4096,7.1407,9.624
780m,8b,8da4w,parent,sarc_linear_dq8ca_coopmat_zpg_t128x64k32g42s32_texture3d_texture2d_half,2048,14336,4096,25.2225,9.536
780m,8b,8da4w,parent,sarc_linear_dq8ca_coopmat_zpg_t128x64k32g42s32_texture3d_texture2d_half,2048,14336,4096,25.4315,9.457
780m,8b,8da4w,parent,sarc_linear_dq8ca_coopmat_zpg_t128x64k32g42s32_texture3d_texture2d_half,2048,4096,14336,24.8278,9.687
780m,8b,8da4w,parent,sarc_linear_dq8ca_coopmat_zpg_t128x64k32g42s32_texture3d_texture2d_half,2048,4096,4096,7.1934,9.553
780m,8b,8da4w,parent,sarc_linear_dq8ca_coopmat_zpg_t128x64k32g42s32_texture3d_texture2d_half,2048,1024,4096,1.8651,9.211
780m,8b,8da4w,parent,sarc_linear_dq8ca_coopmat_zpg_t128x64k32g42s32_texture3d_texture2d_half,2048,1024,4096,1.8568,9.252
780m,8b,8da4w,parent,sarc_linear_dq8ca_coopmat_zpg_t128x64k32g42s32_texture3d_texture2d_half,2048,4096,4096,7.2049,9.538
780m,8b,8da4w,parent,sarc_linear_dq8ca_coopmat_zpg_t128x64k32g42s32_texture3d_texture2d_half,2048,14336,4096,25.9699,9.261
780m,8b,8da4w,parent,sarc_linear_dq8ca_coopmat_zpg_t128x64k32g42s32_texture3d_texture2d_half,2048,14336,4096,26.2529,9.162
780m,8b,8da4w,parent,sarc_linear_dq8ca_coopmat_zpg_t128x64k32g42s32_texture3d_texture2d_half,2048,4096,14336,24.492,9.82
780m,8b,8da4w,parent,sarc_linear_dq8ca_coopmat_zpg_t128x64k32g42s32_texture3d_texture2d_half,2048,4096,4096,7.2202,9.518
780m,8b,8da4w,parent,sarc_linear_dq8ca_coopmat_zpg_t128x64k32g42s32_texture3d_texture2d_half,2048,1024,4096,1.8386,9.344
780m,8b,8da4w,parent,sarc_linear_dq8ca_coopmat_zpg_t128x64k32g42s32_texture3d_texture2d_half,2048,1024,4096,1.86,9.236
780m,8b,8da4w,parent,sarc_linear_dq8ca_coopmat_zpg_t128x64k32g42s32_texture3d_texture2d_half,2048,4096,4096,7.1625,9.594
780m,8b,8da4w,parent,sarc_linear_dq8ca_coopmat_zpg_t128x64k32g42s32_texture3d_texture2d_half,2048,14336,4096,25.4375,9.455
780m,8b,8da4w,parent,sarc_linear_dq8ca_coopmat_zpg_t128x64k32g42s32_texture3d_texture2d_half,2048,14336,4096,25.8232,9.314
780m,8b,8da4w,parent,sarc_linear_dq8ca_coopmat_zpg_t128x64k32g42s32_texture3d_texture2d_half,2048,4096,14336,24.945,9.642
780m,8b,8da4w,parent,sarc_linear_dq8ca_coopmat_zpg_t128x64k32g42s32_texture3d_texture2d_half,2048,4096,4096,7.3011,9.412
780m,8b,8da4w,parent,sarc_linear_dq8ca_coopmat_zpg_t128x64k32g42s32_texture3d_texture2d_half,2048,1024,4096,1.8658,9.208
780m,8b,8da4w,parent,sarc_linear_dq8ca_coopmat_zpg_t128x64k32g42s32_texture3d_texture2d_half,2048,1024,4096,1.8706,9.184
780m,8b,8da4w,parent,sarc_linear_dq8ca_coopmat_zpg_t128x64k32g42s32_texture3d_texture2d_half,2048,4096,4096,7.0759,9.712
780m,8b,8da4w,parent,sarc_linear_dq8ca_coopmat_zpg_t128x64k32g42s32_texture3d_texture2d_half,2048,14336,4096,25.5003,9.432
780m,8b,8da4w,parent,sarc_linear_dq8ca_coopmat_zpg_t128x64k32g42s32_texture3d_texture2d_half,2048,14336,4096,24.8354,9.684
780m,8b,8da4w,parent,sarc_linear_dq8ca_coopmat_zpg_t128x64k32g42s32_texture3d_texture2d_half,2048,4096,14336,24.3934,9.86
780m,8b,8da4w,parent,sarc_linear_dq8ca_coopmat_zpg_t128x64k32g42s32_texture3d_texture2d_half,2048,4096,4096,7.2527,9.475
780m,8b,8da4w,parent,sarc_linear_dq8ca_coopmat_zpg_t128x64k32g42s32_texture3d_texture2d_half,2048,1024,4096,1.8649,9.212
780m,8b,8da4w,parent,sarc_linear_dq8ca_coopmat_zpg_t128x64k32g42s32_texture3d_texture2d_half,2048,1024,4096,1.8906,9.087
780m,8b,8da4w,parent,sarc_linear_dq8ca_coopmat_zpg_t128x64k32g42s32_texture3d_texture2d_half,2048,4096,4096,7.1519,9.609
780m,8b,8da4w,parent,sarc_linear_dq8ca_coopmat_zpg_t128x64k32g42s32_texture3d_texture2d_half,2048,14336,4096,25.4892,9.436
780m,8b,8da4w,parent,sarc_linear_dq8ca_coopmat_zpg_t128x64k32g42s32_texture3d_texture2d_half,2048,14336,4096,24.8706,9.671
780m,8b,8da4w,parent,sarc_linear_dq8ca_coopmat_zpg_t128x64k32g42s32_texture3d_texture2d_half,2048,4096,14336,25.0798,9.59
780m,8b,8da4w,parent,sarc_linear_dq8ca_coopmat_zpg_t128x64k32g42s32_texture3d_texture2d_half,2048,4096,4096,7.1745,9.578
780m,8b,8da4w,parent,sarc_linear_dq8ca_coopmat_zpg_t128x64k32g42s32_texture3d_texture2d_half,2048,1024,4096,1.8443,9.315
780m,8b,8da4w,parent,sarc_linear_dq8ca_coopmat_zpg_t128x64k32g42s32_texture3d_texture2d_half,2048,1024,4096,1.8882,9.099
780m,8b,8da4w,parent,sarc_linear_dq8ca_coopmat_zpg_t128x64k32g42s32_texture3d_texture2d_half,2048,4096,4096,7.0668,9.724
780m,8b,8da4w,parent,sarc_linear_dq8ca_coopmat_zpg_t128x64k32g42s32_texture3d_texture2d_half,2048,14336,4096,24.8958,9.661
780m,8b,8da4w,parent,sarc_linear_dq8ca_coopmat_zpg_t128x64k32g42s32_texture3d_texture2d_half,2048,14336,4096,25.2361,9.531
780m,8b,8da4w,parent,sarc_linear_dq8ca_coopmat_zpg_t128x64k32g42s32_texture3d_texture2d_half,2048,4096,14336,24.8974,9.66
780m,8b,8da4w,parent,sarc_linear_dq8ca_coopmat_zpg_t128x64k32g42s32_texture3d_texture2d_half,2048,4096,4096,7.3579,9.34
780m,8b,8da4w,parent,sarc_linear_dq8ca_coopmat_zpg_t128x64k32g42s32_texture3d_texture2d_half,2048,1024,4096,1.8675,9.199
780m,8b,8da4w,parent,sarc_linear_dq8ca_coopmat_zpg_t128x64k32g42s32_texture3d_texture2d_half,2048,1024,4096,1.8512,9.281
780m,8b,8da4w,parent,sarc_linear_dq8ca_coopmat_zpg_t128x64k32g42s32_texture3d_texture2d_half,2048,4096,4096,7.1317,9.636
780m,8b,8da4w,parent,sarc_linear_dq8ca_coopmat_zpg_t128x64k32g42s32_texture3d_texture2d_half,2048,14336,4096,24.2861,9.904
780m,8b,8da4w,parent,sarc_linear_dq8ca_coopmat_zpg_t128x64k32g42s32_texture3d_texture2d_half,2048,14336,4096,25.9256,9.277
780m,8b,8da4w,parent,sarc_linear_dq8ca_coopmat_zpg_t128x64k32g42s32_texture3d_texture2d_half,2048,4096,14336,24.7872,9.703
780m,8b,8da4w,parent,sarc_linear_dq8ca_coopmat_zpg_t128x64k32g42s32_texture3d_texture2d_half,2048,4096,4096,7.1776,9.574
780m,8b,8da4w,parent,sarc_linear_dq8ca_coopmat_zpg_t128x64k32g42s32_texture3d_texture2d_half,2048,1024,4096,1.8561,9.256
780m,8b,8da4w,parent,sarc_linear_dq8ca_coopmat_zpg_t128x64k32g42s32_texture3d_texture2d_half,2048,1024,4096,1.9002,9.041
780m,8b,8da4w,parent,sarc_linear_dq8ca_coopmat_zpg_t128x64k32g42s32_texture3d_texture2d_half,2048,4096,4096,7.0846,9.7
780m,8b,8da4w,parent,sarc_linear_dq8ca_coopmat_zpg_t128x64k32g42s32_texture3d_texture2d_half,2048,14336,4096,25.3303,9.495
780m,8b,8da4w,parent,sarc_linear_dq8ca_coopmat_zpg_t128x64k32g42s32_texture3d_texture2d_half,2048,14336,4096,24.7838,9.705
780m,8b,8da4w,parent,sarc_linear_dq8ca_coopmat_zpg_t128x64k32g42s32_texture3d_texture2d_half,2048,4096,14336,24.3682,9.87
780m,8b,8da4w,parent,sarc_linear_dq8ca_coopmat_zpg_t128x64k32g42s32_texture3d_texture2d_half,2048,4096,4096,7.2663,9.457
780m,8b,8da4w,parent,sarc_linear_dq8ca_coopmat_zpg_t128x64k32g42s32_texture3d_texture2d_half,2048,1024,4096,1.8547,9.263
780m,8b,8da4w,parent,sarc_linear_dq8ca_coopmat_zpg_t128x64k32g42s32_texture3d_texture2d_half,2048,1024,4096,1.8475,9.299
780m,8b,8da4w,parent,sarc_linear_dq8ca_coopmat_zpg_t128x64k32g42s32_texture3d_texture2d_half,2048,4096,4096,7.0771,9.71
780m,8b,8da4w,parent,sarc_linear_dq8ca_coopmat_zpg_t128x64k32g42s32_texture3d_texture2d_half,2048,14336,4096,25.5985,9.396
780m,8b,8da4w,parent,sarc_linear_dq8ca_coopmat_zpg_t128x64k32g42s32_texture3d_texture2d_half,2048,14336,4096,24.984,9.627
780m,8b,8da4w,parent,sarc_linear_dq8ca_coopmat_zpg_t128x64k32g42s32_texture3d_texture2d_half,2048,4096,14336,24.6467,9.759
780m,8b,8da4w,parent,sarc_linear_dq8ca_coopmat_zpg_t128x64k32g42s32_texture3d_texture2d_half,2048,4096,4096,7.236,9.497
780m,8b,8da4w,parent,sarc_linear_dq8ca_coopmat_zpg_t128x64k32g42s32_texture3d_texture2d_half,2048,1024,4096,1.8716,9.179
780m,8b,8da4w,parent,sarc_linear_dq8ca_coopmat_zpg_t128x64k32g42s32_texture3d_texture2d_half,2048,1024,4096,1.871,9.182
780m,8b,8da4w,parent,sarc_linear_dq8ca_coopmat_zpg_t128x64k32g42s32_texture3d_texture2d_half,2048,4096,4096,7.0957,9.685
780m,8b,8da4w,parent,sarc_linear_dq8ca_coopmat_zpg_t128x64k32g42s32_texture3d_texture2d_half,2048,14336,4096,24.987,9.626
780m,8b,8da4w,parent,sarc_linear_dq8ca_coopmat_zpg_t128x64k32g42s32_texture3d_texture2d_half,2048,14336,4096,25.0448,9.604
780m,8b,8da4w,parent,sarc_linear_dq8ca_coopmat_zpg_t128x64k32g42s32_texture3d_texture2d_half,2048,4096,14336,24.8672,9.672
780m,8b,8da4w,parent,sarc_linear_dq8ca_coopmat_zpg_t128x64k32g42s32_texture3d_texture2d_half,2048,4096,4096,7.3236,9.383
780m,8b,8da4w,parent,sarc_linear_dq8ca_coopmat_zpg_t128x64k32g42s32_texture3d_texture2d_half,2048,1024,4096,1.8458,9.307
780m,8b,8da4w,parent,sarc_linear_dq8ca_coopmat_zpg_t128x64k32g42s32_texture3d_texture2d_half,2048,1024,4096,1.8924,9.079
780m,8b,8da4w,parent,sarc_linear_dq8ca_coopmat_zpg_t128x64k32g42s32_texture3d_texture2d_half,2048,4096,4096,7.1884,9.56
780m,8b,8da4w,parent,sarc_linear_dq8ca_coopmat_zpg_t128x64k32g42s32_texture3d_texture2d_half,2048,14336,4096,24.9654,9.634
780m,8b,8da4w,parent,sarc_linear_dq8ca_coopmat_zpg_t128x64k32g42s32_texture3d_texture2d_half,2048,14336,4096,24.9372,9.645
780m,8b,8da4w,parent,sarc_linear_dq8ca_coopmat_zpg_t128x64k32g42s32_texture3d_texture2d_half,2048,4096,14336,24.6484,9.758
780m,8b,8da4w,parent,sarc_linear_dq8ca_coopmat_zpg_t128x64k32g42s32_texture3d_texture2d_half,2048,4096,4096,7.4204,9.261
780m,8b,8da4w,parent,sarc_linear_dq8ca_coopmat_zpg_t128x64k32g42s32_texture3d_texture2d_half,2048,1024,4096,1.8516,9.279
780m,8b,8da4w,parent,sarc_linear_dq8ca_coopmat_zpg_t128x64k32g42s32_texture3d_texture2d_half,2048,1024,4096,1.8692,9.191
780m,8b,8da4w,parent,sarc_linear_dq8ca_coopmat_zpg_t128x64k32g42s32_texture3d_texture2d_half,2048,4096,4096,7.1054,9.671
780m,8b,8da4w,parent,sarc_linear_dq8ca_coopmat_zpg_t128x64k32g42s32_texture3d_texture2d_half,2048,14336,4096,25.1259,9.573
780m,8b,8da4w,parent,sarc_linear_dq8ca_coopmat_zpg_t128x64k32g42s32_texture3d_texture2d_half,2048,14336,4096,26.2538,9.161
780m,8b,8da4w,parent,sarc_linear_dq8ca_coopmat_zpg_t128x64k32g42s32_texture3d_texture2d_half,2048,4096,14336,24.7112,9.733
